Z_m / R_m,  0.35000000E+01,  0.35671875E+01,  0.36343751E+01,  0.37015624E+01,  0.37687500E+01,  0.38359375E+01,  0.39031250E+01,  0.39703126E+01,  0.40374999E+01,  0.41046877E+01,  0.41718750E+01,  0.42390623E+01,  0.43062501E+01,  0.43734374E+01,  0.44406252E+01,  0.45078125E+01,  0.45749998E+01,  0.46421876E+01,  0.47093749E+01,  0.47765627E+01,  0.48437500E+01,  0.49109373E+01,  0.49781251E+01,  0.50453124E+01,  0.51125002E+01,  0.51796875E+01,  0.52468748E+01,  0.53140626E+01,  0.53812499E+01,  0.54484377E+01,  0.55156250E+01,  0.55828123E+01,  0.56500001E+01,  0.57171874E+01,  0.57843752E+01,  0.58515625E+01,  0.59187498E+01,  0.59859376E+01,  0.60531249E+01,  0.61203127E+01,  0.61875000E+01,  0.62546873E+01,  0.63218751E+01,  0.63890624E+01,  0.64562502E+01,  0.65234375E+01,  0.65906248E+01,  0.66578126E+01,  0.67249999E+01,  0.67921877E+01,  0.68593750E+01,  0.69265623E+01,  0.69937501E+01,  0.70609374E+01,  0.71281252E+01,  0.71953125E+01,  0.72624998E+01,  0.73296876E+01,  0.73968749E+01,  0.74640627E+01,  0.75312500E+01,  0.75984373E+01,  0.76656251E+01,  0.77328124E+01,  0.78000002E+01,  0.78671875E+01,  0.79343748E+01,  0.80015621E+01,  0.80687504E+01,  0.81359377E+01,  0.82031250E+01,  0.82703123E+01,  0.83374996E+01,  0.84046879E+01,  0.84718752E+01,  0.85390625E+01,  0.86062498E+01,  0.86734371E+01,  0.87406254E+01,  0.88078127E+01,  0.88750000E+01,  0.89421873E+01,  0.90093746E+01,  0.90765629E+01,  0.91437502E+01,  0.92109375E+01,  0.92781248E+01,  0.93453121E+01,  0.94125004E+01,  0.94796877E+01,  0.95468750E+01,  0.96140623E+01,  0.96812496E+01,  0.97484379E+01,  0.98156252E+01,  0.98828125E+01,  0.99499998E+01,  0.10017187E+02,  0.10084375E+02,  0.10151563E+02,  0.10218750E+02,  0.10285937E+02,  0.10353125E+02,  0.10420313E+02,  0.10487500E+02,  0.10554688E+02,  0.10621875E+02,  0.10689062E+02,  0.10756250E+02,  0.10823438E+02,  0.10890625E+02,  0.10957812E+02,  0.11025000E+02,  0.11092188E+02,  0.11159375E+02,  0.11226562E+02,  0.11293750E+02,  0.11360937E+02,  0.11428125E+02,  0.11495313E+02,  0.11562500E+02,  0.11629687E+02,  0.11696875E+02,  0.11764063E+02,  0.11831250E+02,  0.11898438E+02,  0.11965625E+02,  0.12032812E+02,  0.12100000E+02
 -0.80000000E+01,  0.53147049E+02,  0.55450047E+02,  0.57896111E+02,  0.60457188E+02,  0.63103069E+02,  0.65801323E+02,  0.68517471E+02,  0.71215210E+02,  0.73856918E+02,  0.76404259E+02,  0.78818878E+02,  0.81063309E+02,  0.83101753E+02,  0.84900978E+02,  0.86431084E+02,  0.87666229E+02,  0.88585251E+02,  0.89172104E+02,  0.89416298E+02,  0.89313004E+02,  0.88863220E+02,  0.88073616E+02,  0.86956223E+02,  0.85528038E+02,  0.83810333E+02,  0.81827896E+02,  0.79608116E+02,  0.77180069E+02,  0.74573578E+02,  0.71818291E+02,  0.68943054E+02,  0.65975204E+02,  0.62940197E+02,  0.59861351E+02,  0.56759712E+02,  0.53654060E+02,  0.50561054E+02,  0.47495331E+02,  0.44469776E+02,  0.41495682E+02,  0.38583012E+02,  0.35740574E+02,  0.32976177E+02,  0.30296799E+02,  0.27708719E+02,  0.25217533E+02,  0.22828255E+02,  0.20545322E+02,  0.18372585E+02,  0.16313313E+02,  0.14370144E+02,  0.12545060E+02,  0.10839367E+02,  0.92536306E+01,  0.77876921E+01,  0.64406047E+01,  0.52107158E+01,  0.40955939E+01,  0.30921128E+01,  0.21964908E+01,  0.14043617E+01,  0.71082002E+00,  0.11054863E+00, -0.40210578E+00, -0.83302748E+00, -0.11882316E+01, -0.14737645E+01, -0.16956093E+01, -0.18596116E+01, -0.19713989E+01, -0.20363300E+01, -0.20594454E+01, -0.20454378E+01, -0.19986329E+01, -0.19229783E+01, -0.18220481E+01, -0.16990452E+01, -0.15568217E+01, -0.13978950E+01, -0.12244675E+01, -0.10384555E+01, -0.84150732E+00, -0.63503355E+00, -0.42022708E+00, -0.19808768E+00,  0.30556960E-01,  0.26503125E+00,  0.50479370E+00,  0.74941874E+00,  0.99858606E+00,  0.12520585E+01,  0.15096812E+01,  0.17713618E+01,  0.20370662E+01,  0.23068116E+01,  0.25806520E+01,  0.28586819E+01,  0.31410258E+01,  0.34278326E+01,  0.37192757E+01,  0.40155482E+01,  0.43168602E+01,  0.46234379E+01,  0.49355192E+01,  0.52533560E+01,  0.55772119E+01,  0.59073601E+01,  0.62440872E+01,  0.65876875E+01,  0.69384623E+01,  0.72967429E+01,  0.76628432E+01,  0.80371227E+01,  0.84199228E+01,  0.88116207E+01,  0.92126064E+01,  0.96232910E+01,  0.10044092E+02,  0.10475469E+02,  0.10917884E+02,  0.11371853E+02,  0.11837892E+02,  0.12316585E+02,  0.12808520E+02,  0.13314361E+02,  0.13834782E+02,  0.14370531E+02,  0.14922407E+02,  0.15491280E+02
 -0.78750000E+01,  0.48735703E+02,  0.50969837E+02,  0.53324486E+02,  0.55773521E+02,  0.58289200E+02,  0.60842148E+02,  0.63401501E+02,  0.65935143E+02,  0.68410103E+02,  0.70793015E+02,  0.73050751E+02,  0.75151047E+02,  0.77063187E+02,  0.78758690E+02,  0.80211929E+02,  0.81400749E+02,  0.82306923E+02,  0.82916573E+02,  0.83220459E+02,  0.83214142E+02,  0.82898033E+02,  0.82277298E+02,  0.81361641E+02,  0.80164886E+02,  0.78704514E+02,  0.77001007E+02,  0.75077187E+02,  0.72957420E+02,  0.70666962E+02,  0.68231186E+02,  0.65675018E+02,  0.63022438E+02,  0.60296108E+02,  0.57517075E+02,  0.54704678E+02,  0.51876488E+02,  0.49048325E+02,  0.46234371E+02,  0.43447277E+02,  0.40698318E+02,  0.37997555E+02,  0.35353958E+02,  0.32775562E+02,  0.30269556E+02,  0.27842392E+02,  0.25499844E+02,  0.23247061E+02,  0.21088579E+02,  0.19028345E+02,  0.17069704E+02,  0.15215384E+02,  0.13467491E+02,  0.11827468E+02,  0.10296098E+02,  0.88734703E+01,  0.75590081E+01,  0.63514466E+01,  0.52488623E+01,  0.42487020E+01,  0.33478372E+01,  0.25425975E+01,  0.18288543E+01,  0.12020880E+01,  0.65747005E+00,  0.18994626E+00, -0.20567714E+00, -0.53465199E+00, -0.80221039E+00, -0.10134929E+01, -0.11734887E+01, -0.12869822E+01, -0.13585112E+01, -0.13923367E+01, -0.13924223E+01, -0.13624215E+01, -0.13056735E+01, -0.12252049E+01, -0.11237413E+01, -0.10037150E+01, -0.86728537E+00, -0.71635193E+00, -0.55257732E+00, -0.37740374E+00, -0.19207406E+00,  0.23499203E-02,  0.20496912E+00,  0.41503009E+00,  0.63190883E+00,  0.85509658E+00,  0.10841858E+01,  0.13188580E+01,  0.15588737E+01,  0.18040615E+01,  0.20543089E+01,  0.23095579E+01,  0.25697930E+01,  0.28350401E+01,  0.31053588E+01,  0.33808393E+01,  0.36615977E+01,  0.39477725E+01,  0.42395239E+01,  0.45370293E+01,  0.48404837E+01,  0.51500959E+01,  0.54660897E+01,  0.57887020E+01,  0.61181817E+01,  0.64547935E+01,  0.67988062E+01,  0.71505170E+01,  0.75102186E+01,  0.78782330E+01,  0.82548847E+01,  0.86405230E+01,  0.90355139E+01,  0.94402399E+01,  0.98551035E+01,  0.10280531E+02,  0.10716977E+02,  0.11164927E+02,  0.11624881E+02,  0.12097392E+02,  0.12583047E+02,  0.13082468E+02,  0.13596322E+02,  0.14125346E+02,  0.14670312E+02,  0.15232073E+02
 -0.77500000E+01,  0.40896564E+02,  0.43066677E+02,  0.45319954E+02,  0.47633762E+02,  0.49984573E+02,  0.52348026E+02,  0.54699047E+02,  0.57012039E+02,  0.59261166E+02,  0.61420650E+02,  0.63465195E+02,  0.65370354E+02,  0.67113007E+02,  0.68671799E+02,  0.70027527E+02,  0.71163551E+02,  0.72066132E+02,  0.72724693E+02,  0.73131996E+02,  0.73284302E+02,  0.73181328E+02,  0.72826241E+02,  0.72225456E+02,  0.71388420E+02,  0.70327240E+02,  0.69056335E+02,  0.67591995E+02,  0.65951881E+02,  0.64154602E+02,  0.62219246E+02,  0.60164959E+02,  0.58010605E+02,  0.55774460E+02,  0.53473969E+02,  0.51125614E+02,  0.48744774E+02,  0.46345695E+02,  0.43941502E+02,  0.41544174E+02,  0.39164654E+02,  0.36812862E+02,  0.34497822E+02,  0.32227673E+02,  0.30009777E+02,  0.27850771E+02,  0.25756605E+02,  0.23732571E+02,  0.21783354E+02,  0.19913031E+02,  0.18125093E+02,  0.16422434E+02,  0.14807364E+02,  0.13281608E+02,  0.11846296E+02,  0.10501971E+02,  0.92486172E+01,  0.80856180E+01,  0.70118475E+01,  0.60256553E+01,  0.51248970E+01,  0.43070059E+01,  0.35690250E+01,  0.29076600E+01,  0.23193433E+01,  0.18002915E+01,  0.13465703E+01,  0.95414919E+00,  0.61896509E+00,  0.33697113E+00,  0.10418693E+00, -0.83258376E-01, -0.22909297E+00, -0.33687201E+00, -0.40995431E+00, -0.45149076E+00, -0.46440828E+00, -0.45141137E+00, -0.41497874E+00, -0.35736704E+00, -0.28061840E+00, -0.18656892E+00, -0.76861054E-01,  0.47047675E-01,  0.18386887E+00,  0.33247197E+00,  0.49187100E+00,  0.66121250E+00,  0.83976138E+00,  0.10268939E+01,  0.12220811E+01,  0.14248837E+01,  0.16349410E+01,  0.18519605E+01,  0.20757143E+01,  0.23060281E+01,  0.25427799E+01,  0.27858875E+01,  0.30353115E+01,  0.32910447E+01,  0.35531125E+01,  0.38215668E+01,  0.40964851E+01,  0.43779669E+01,  0.46661329E+01,  0.49611225E+01,  0.52630925E+01,  0.55722165E+01,  0.58886824E+01,  0.62126970E+01,  0.65444832E+01,  0.68842673E+01,  0.72323122E+01,  0.75888705E+01,  0.79542327E+01,  0.83287029E+01,  0.87125883E+01,  0.91062384E+01,  0.95100079E+01,  0.99242821E+01,  0.10349474E+02,  0.10786016E+02,  0.11234382E+02,  0.11695068E+02,  0.12168620E+02,  0.12655618E+02,  0.13156692E+02,  0.13672521E+02,  0.14203850E+02,  0.14751479E+02
 -0.76250000E+01,  0.33657284E+02,  0.35865093E+02,  0.38125237E+02,  0.40418297E+02,  0.42724335E+02,  0.45022961E+02,  0.47293442E+02,  0.49514858E+02,  0.51666286E+02,  0.53727055E+02,  0.55677010E+02,  0.57496819E+02,  0.59168266E+02,  0.60674599E+02,  0.62000786E+02,  0.63133820E+02,  0.64062943E+02,  0.64779846E+02,  0.65278809E+02,  0.65556763E+02,  0.65613350E+02,  0.65450821E+02,  0.65073975E+02,  0.64489937E+02,  0.63707973E+02,  0.62739193E+02,  0.61596245E+02,  0.60292984E+02,  0.58844154E+02,  0.57265053E+02,  0.55571217E+02,  0.53778168E+02,  0.51901157E+02,  0.49954998E+02,  0.47953892E+02,  0.45911316E+02,  0.43839981E+02,  0.41751766E+02,  0.39657726E+02,  0.37568069E+02,  0.35492226E+02,  0.33438839E+02,  0.31415810E+02,  0.29430357E+02,  0.27489023E+02,  0.25597721E+02,  0.23761744E+02,  0.21985823E+02,  0.20274101E+02,  0.18630161E+02,  0.17057049E+02,  0.15557245E+02,  0.14132716E+02,  0.12784885E+02,  0.11514656E+02,  0.10322406E+02,  0.92080517E+01,  0.81710072E+01,  0.72102489E+01,  0.63243361E+01,  0.55114417E+01,  0.47693987E+01,  0.40957403E+01,  0.34877477E+01,  0.29424961E+01,  0.24569032E+01,  0.20277774E+01,  0.16518641E+01,  0.13258878E+01,  0.10465928E+01,  0.81077713E+00,  0.61532289E+00,  0.45722497E+00,  0.33360901E+00,  0.24174966E+00,  0.17907965E+00,  0.14319958E+00,  0.13188259E+00,  0.14307064E+00,  0.17487848E+00,  0.22558397E+00,  0.29362628E+00,  0.37759563E+00,  0.47622699E+00,  0.58839059E+00,  0.71308267E+00,  0.84941673E+00,  0.99661398E+00,  0.11539954E+01,  0.13209711E+01,  0.14970355E+01,  0.16817560E+01,  0.18747687E+01,  0.20757720E+01,  0.22845178E+01,  0.25008094E+01,  0.27244942E+01,  0.29554603E+01,  0.31936316E+01,  0.34389658E+01,  0.36914506E+01,  0.39510996E+01,  0.42179523E+01,  0.44920702E+01,  0.47735357E+01,  0.50624514E+01,  0.53589377E+01,  0.56631308E+01,  0.59751916E+01,  0.62952852E+01,  0.66235986E+01,  0.69603386E+01,  0.73057256E+01,  0.76599946E+01,  0.80234032E+01,  0.83962250E+01,  0.87787476E+01,  0.91712933E+01,  0.95741940E+01,  0.99878101E+01,  0.10412529E+02,  0.10848776E+02,  0.11297000E+02,  0.11757675E+02,  0.12231343E+02,  0.12718567E+02,  0.13219966E+02,  0.13736221E+02,  0.14268064E+02
 -0.75000000E+01,  0.26095781E+02,  0.28401749E+02,  0.30728542E+02,  0.33059998E+02,  0.35379704E+02,  0.37671108E+02,  0.39917542E+02,  0.42102367E+02,  0.44209114E+02,  0.46221649E+02,  0.48124340E+02,  0.49902306E+02,  0.51541607E+02,  0.53029461E+02,  0.54354462E+02,  0.55506752E+02,  0.56478222E+02,  0.57262608E+02,  0.57855614E+02,  0.58254967E+02,  0.58460426E+02,  0.58473759E+02,  0.58298645E+02,  0.57940586E+02,  0.57406734E+02,  0.56705708E+02,  0.55847370E+02,  0.54842640E+02,  0.53703209E+02,  0.52441341E+02,  0.51069645E+02,  0.49600872E+02,  0.48047729E+02,  0.46422707E+02,  0.44737972E+02,  0.43005260E+02,  0.41235775E+02,  0.39440151E+02,  0.37628422E+02,  0.35809982E+02,  0.33993614E+02,  0.32187439E+02,  0.30399004E+02,  0.28635225E+02,  0.26902441E+02,  0.25206423E+02,  0.23552393E+02,  0.21945028E+02,  0.20388491E+02,  0.18886419E+02,  0.17441944E+02,  0.16057722E+02,  0.14735900E+02,  0.13478154E+02,  0.12285705E+02,  0.11159311E+02,  0.10099309E+02,  0.91056089E+01,  0.81777267E+01,  0.73148284E+01,  0.65157247E+01,  0.57789330E+01,  0.51026969E+01,  0.44850278E+01,  0.39237406E+01,  0.34164925E+01,  0.29608209E+01,  0.25541790E+01,  0.21939712E+01,  0.18775847E+01,  0.16024193E+01,  0.13659146E+01,  0.11655711E+01,  0.99897063E+00,  0.86379248E+00,  0.75782424E+00,  0.67897278E+00,  0.62526971E+00,  0.59487498E+00,  0.58607835E+00,  0.59729910E+00,  0.62708312E+00,  0.67409980E+00,  0.73713738E+00,  0.81509739E+00,  0.90698868E+00,  0.10119210E+01,  0.11290994E+01,  0.12578160E+01,  0.13974450E+01,  0.15474364E+01,  0.17073091E+01,  0.18766466E+01,  0.20550902E+01,  0.22423337E+01,  0.24381201E+01,  0.26422381E+01,  0.28545146E+01,  0.30748150E+01,  0.33030376E+01,  0.35391116E+01,  0.37829940E+01,  0.40346680E+01,  0.42941408E+01,  0.45614409E+01,  0.48366179E+01,  0.51197395E+01,  0.54109011E+01,  0.57101932E+01,  0.60177460E+01,  0.63337030E+01,  0.66582098E+01,  0.69914432E+01,  0.73335905E+01,  0.76848559E+01,  0.80454674E+01,  0.84156590E+01,  0.87957010E+01,  0.91858664E+01,  0.95864658E+01,  0.99978342E+01,  0.10420316E+02,  0.10854304E+02,  0.11300221E+02,  0.11758514E+02,  0.12229685E+02,  0.12714265E+02,  0.13212847E+02,  0.13726073E+02
 -0.73750000E+01,  0.18618578E+02,  0.21078438E+02,  0.23527901E+02,  0.25953959E+02,  0.28343575E+02,  0.30683708E+02,  0.32961369E+02,  0.35163689E+02,  0.37278027E+02,  0.39292068E+02,  0.41193993E+02,  0.42972565E+02,  0.44617359E+02,  0.46118847E+02,  0.47468578E+02,  0.48659313E+02,  0.49685131E+02,  0.50541553E+02,  0.51225574E+02,  0.51735760E+02,  0.52072197E+02,  0.52236538E+02,  0.52231895E+02,  0.52062798E+02,  0.51735069E+02,  0.51255699E+02,  0.50632694E+02,  0.49874928E+02,  0.48991951E+02,  0.47993858E+02,  0.46891098E+02,  0.45694313E+02,  0.44414223E+02,  0.43061474E+02,  0.41646553E+02,  0.40179668E+02,  0.38670677E+02,  0.37129063E+02,  0.35563850E+02,  0.33983593E+02,  0.32396351E+02,  0.30809683E+02,  0.29230640E+02,  0.27665770E+02,  0.26121105E+02,  0.24602203E+02,  0.23114122E+02,  0.21661430E+02,  0.20248238E+02,  0.18878191E+02,  0.17554472E+02,  0.16279821E+02,  0.15056549E+02,  0.13886522E+02,  0.12771213E+02,  0.11711680E+02,  0.10708586E+02,  0.97622509E+01,  0.88726263E+01,  0.80393400E+01,  0.72617278E+01,  0.65388427E+01,  0.58694944E+01,  0.52522755E+01,  0.46855903E+01,  0.41676908E+01,  0.36967008E+01,  0.32706492E+01,  0.28874972E+01,  0.25451658E+01,  0.22415602E+01,  0.19745924E+01,  0.17422012E+01,  0.15423683E+01,  0.13731359E+01,  0.12326176E+01,  0.11190071E+01,  0.10305868E+01,  0.96573430E+00,  0.92292249E+00,  0.90072364E+00,  0.89781028E+00,  0.91295177E+00,  0.94501388E+00,  0.99295527E+00,  0.10558242E+01,  0.11327543E+01,  0.12229604E+01,  0.13257337E+01,  0.14404376E+01,  0.15665025E+01,  0.17034218E+01,  0.18507466E+01,  0.20080824E+01,  0.21750841E+01,  0.23514531E+01,  0.25369320E+01,  0.27313039E+01,  0.29343870E+01,  0.31460319E+01,  0.33661206E+01,  0.35945623E+01,  0.38312924E+01,  0.40762706E+01,  0.43294773E+01,  0.45909162E+01,  0.48606095E+01,  0.51385989E+01,  0.54249330E+01,  0.57196970E+01,  0.60229774E+01,  0.63348870E+01,  0.66555386E+01,  0.69850798E+01,  0.73236580E+01,  0.76714444E+01,  0.80286360E+01,  0.83954220E+01,  0.87720375E+01,  0.91587219E+01,  0.95557423E+01,  0.99633856E+01,  0.10381956E+02,  0.10811806E+02,  0.11253292E+02,  0.11706830E+02,  0.12172850E+02,  0.12651839E+02,  0.13144330E+02
 -0.72500000E+01,  0.11280576E+02,  0.13935390E+02,  0.16547951E+02,  0.19108425E+02,  0.21607079E+02,  0.24034264E+02,  0.26380453E+02,  0.28636265E+02,  0.30792530E+02,  0.32840385E+02,  0.34771339E+02,  0.36577400E+02,  0.38251171E+02,  0.39785950E+02,  0.41175865E+02,  0.42415958E+02,  0.43502251E+02,  0.44431847E+02,  0.45203007E+02,  0.45815109E+02,  0.46268742E+02,  0.46565639E+02,  0.46708691E+02,  0.46701851E+02,  0.46550079E+02,  0.46259274E+02,  0.45836143E+02,  0.45288086E+02,  0.44623100E+02,  0.43849644E+02,  0.42976513E+02,  0.42012726E+02,  0.40967419E+02,  0.39849747E+02,  0.38668781E+02,  0.37433449E+02,  0.36152439E+02,  0.34834175E+02,  0.33486763E+02,  0.32117931E+02,  0.30735058E+02,  0.29345095E+02,  0.27954588E+02,  0.26569658E+02,  0.25196005E+02,  0.23838898E+02,  0.22503185E+02,  0.21193296E+02,  0.19913233E+02,  0.18666595E+02,  0.17456573E+02,  0.16285961E+02,  0.15157148E+02,  0.14072169E+02,  0.13032666E+02,  0.12039928E+02,  0.11094911E+02,  0.10198227E+02,  0.93501902E+01,  0.85508146E+01,  0.77998438E+01,  0.70967741E+01,  0.64408760E+01,  0.58312149E+01,  0.52666841E+01,  0.47460194E+01,  0.42678337E+01,  0.38306351E+01,  0.34328530E+01,  0.30728595E+01,  0.27489917E+01,  0.24595680E+01,  0.22029092E+01,  0.19773531E+01,  0.17812661E+01,  0.16130567E+01,  0.14711863E+01,  0.13541740E+01,  0.12606063E+01,  0.11891383E+01,  0.11384999E+01,  0.11074957E+01,  0.10950061E+01,  0.10999877E+01,  0.11214716E+01,  0.11585621E+01,  0.12104340E+01,  0.12763302E+01,  0.13555590E+01,  0.14474912E+01,  0.15515547E+01,  0.16672337E+01,  0.17940646E+01,  0.19316318E+01,  0.20795650E+01,  0.22375381E+01,  0.24052613E+01,  0.25824835E+01,  0.27689869E+01,  0.29645846E+01,  0.31691198E+01,  0.33824618E+01,  0.36045051E+01,  0.38351674E+01,  0.40743890E+01,  0.43221297E+01,  0.45783677E+01,  0.48430963E+01,  0.51163411E+01,  0.53981209E+01,  0.56884770E+01,  0.59874749E+01,  0.62951951E+01,  0.66117182E+01,  0.69371419E+01,  0.72715936E+01,  0.76151991E+01,  0.79681020E+01,  0.83304663E+01,  0.87024660E+01,  0.90842896E+01,  0.94761591E+01,  0.98783016E+01,  0.10290957E+02,  0.10714416E+02,  0.11148966E+02,  0.11594941E+02,  0.12052696E+02,  0.12522629E+02
 -0.71250000E+01,  0.42367172E+01,  0.71151843E+01,  0.99187670E+01,  0.12640926E+02,  0.15275253E+02,  0.17815451E+02,  0.20255320E+02,  0.22588770E+02,  0.24809858E+02,  0.26912865E+02,  0.28892307E+02,  0.30743074E+02,  0.32460449E+02,  0.34040241E+02,  0.35478832E+02,  0.36773270E+02,  0.37921333E+02,  0.38921585E+02,  0.39773407E+02,  0.40477066E+02,  0.41033699E+02,  0.41445293E+02,  0.41714729E+02,  0.41845684E+02,  0.41842625E+02,  0.41710720E+02,  0.41455795E+02,  0.41084236E+02,  0.40602898E+02,  0.40019035E+02,  0.39340210E+02,  0.38574188E+02,  0.37728863E+02,  0.36812191E+02,  0.35832088E+02,  0.34796398E+02,  0.33712818E+02,  0.32588856E+02,  0.31431765E+02,  0.30248549E+02,  0.29045900E+02,  0.27830196E+02,  0.26607481E+02,  0.25383442E+02,  0.24163416E+02,  0.22952375E+02,  0.21754917E+02,  0.20575291E+02,  0.19417362E+02,  0.18284643E+02,  0.17180283E+02,  0.16107088E+02,  0.15067507E+02,  0.14063647E+02,  0.13097298E+02,  0.12169922E+02,  0.11282673E+02,  0.10436413E+02,  0.96317272E+01,  0.88689375E+01,  0.81481152E+01,  0.74691105E+01,  0.68315611E+01,  0.62349195E+01,  0.56784687E+01,  0.51613460E+01,  0.46825619E+01,  0.42410221E+01,  0.38355432E+01,  0.34648762E+01,  0.31277223E+01,  0.28227482E+01,  0.25486042E+01,  0.23039362E+01,  0.20873981E+01,  0.18976637E+01,  0.17334346E+01,  0.15934507E+01,  0.14764923E+01,  0.13813915E+01,  0.13070306E+01,  0.12523474E+01,  0.12163379E+01,  0.11980559E+01,  0.11966137E+01,  0.12111820E+01,  0.12409889E+01,  0.12853183E+01,  0.13435082E+01,  0.14149499E+01,  0.14990830E+01,  0.15953972E+01,  0.17034256E+01,  0.18227454E+01,  0.19529734E+01,  0.20937648E+01,  0.22448118E+01,  0.24058371E+01,  0.25765970E+01,  0.27568769E+01,  0.29464884E+01,  0.31452680E+01,  0.33530772E+01,  0.35697994E+01,  0.37953360E+01,  0.40296106E+01,  0.42725616E+01,  0.45241480E+01,  0.47843385E+01,  0.50531244E+01,  0.53305101E+01,  0.56165004E+01,  0.59111238E+01,  0.62144241E+01,  0.65264525E+01,  0.68472652E+01,  0.71769357E+01,  0.75155525E+01,  0.78632121E+01,  0.82200146E+01,  0.85860863E+01,  0.89615488E+01,  0.93465481E+01,  0.97412481E+01,  0.10145808E+02,  0.10560423E+02,  0.10985297E+02,  0.11420644E+02,  0.11866716E+02
 -0.70000000E+01, -0.23783195E+01,  0.73865217E+00,  0.37473466E+01,  0.66447306E+01,  0.94278603E+01,  0.12093805E+02,  0.14639640E+02,  0.17062460E+02,  0.19359390E+02,  0.21527597E+02,  0.23564413E+02,  0.25467304E+02,  0.27234018E+02,  0.28862583E+02,  0.30351416E+02,  0.31699373E+02,  0.32905796E+02,  0.33970592E+02,  0.34894230E+02,  0.35677807E+02,  0.36323040E+02,  0.36832294E+02,  0.37208569E+02,  0.37455452E+02,  0.37577137E+02,  0.37578350E+02,  0.37464314E+02,  0.37240685E+02,  0.36913521E+02,  0.36489166E+02,  0.35974247E+02,  0.35375549E+02,  0.34700005E+02,  0.33954590E+02,  0.33146297E+02,  0.32282063E+02,  0.31368734E+02,  0.30413015E+02,  0.29421436E+02,  0.28400320E+02,  0.27355757E+02,  0.26293581E+02,  0.25219337E+02,  0.24138313E+02,  0.23055460E+02,  0.21975449E+02,  0.20902618E+02,  0.19841009E+02,  0.18794327E+02,  0.17765970E+02,  0.16759024E+02,  0.15776248E+02,  0.14820111E+02,  0.13892771E+02,  0.12996096E+02,  0.12131673E+02,  0.11300808E+02,  0.10504543E+02,  0.97436781E+01,  0.90187683E+01,  0.83301468E+01,  0.76779413E+01,  0.70620861E+01,  0.64823413E+01,  0.59383092E+01,  0.54294515E+01,  0.49551053E+01,  0.45145016E+01,  0.41067824E+01,  0.37310135E+01,  0.33862028E+01,  0.30713139E+01,  0.27852793E+01,  0.25270107E+01,  0.22954144E+01,  0.20893981E+01,  0.19078799E+01,  0.17497971E+01,  0.16141130E+01,  0.14998205E+01,  0.14059488E+01,  0.13315650E+01,  0.12757789E+01,  0.12377429E+01,  0.12166541E+01,  0.12117549E+01,  0.12223334E+01,  0.12477224E+01,  0.12872992E+01,  0.13404832E+01,  0.14067379E+01,  0.14855646E+01,  0.15765061E+01,  0.16791403E+01,  0.17930825E+01,  0.19179780E+01,  0.20535078E+01,  0.21993799E+01,  0.23553329E+01,  0.25211294E+01,  0.26965573E+01,  0.28814292E+01,  0.30755775E+01,  0.32788556E+01,  0.34911356E+01,  0.37123065E+01,  0.39422777E+01,  0.41809616E+01,  0.44283013E+01,  0.46842360E+01,  0.49487376E+01,  0.52217679E+01,  0.55033116E+01,  0.57933531E+01,  0.60919075E+01,  0.63989706E+01,  0.67145605E+01,  0.70387049E+01,  0.73714280E+01,  0.77127733E+01,  0.80627737E+01,  0.84214840E+01,  0.87889576E+01,  0.91652489E+01,  0.95504236E+01,  0.99445467E+01,  0.10347699E+02,  0.10759960E+02,  0.11181409E+02
 -0.68750000E+01, -0.84183836E+01, -0.50629377E+01, -0.18494614E+01,  0.12228096E+01,  0.41545296E+01,  0.69462094E+01,  0.95981817E+01,  0.12110621E+02,  0.14483552E+02,  0.16716913E+02,  0.18810574E+02,  0.20764400E+02,  0.22578341E+02,  0.24252445E+02,  0.25786955E+02,  0.27182344E+02,  0.28439379E+02,  0.29559156E+02,  0.30543169E+02,  0.31393305E+02,  0.32111874E+02,  0.32701637E+02,  0.33165787E+02,  0.33507977E+02,  0.33732246E+02,  0.33843071E+02,  0.33845257E+02,  0.33743969E+02,  0.33544659E+02,  0.33253014E+02,  0.32874920E+02,  0.32416431E+02,  0.31883690E+02,  0.31282909E+02,  0.30620300E+02,  0.29902058E+02,  0.29134314E+02,  0.28323082E+02,  0.27474255E+02,  0.26593554E+02,  0.25686520E+02,  0.24758484E+02,  0.23814550E+02,  0.22859579E+02,  0.21898190E+02,  0.20934732E+02,  0.19973297E+02,  0.19017691E+02,  0.18071447E+02,  0.17137833E+02,  0.16219830E+02,  0.15320148E+02,  0.14441221E+02,  0.13585228E+02,  0.12754077E+02,  0.11949427E+02,  0.11172692E+02,  0.10425046E+02,  0.97074432E+01,  0.90206175E+01,  0.83651047E+01,  0.77412467E+01,  0.71492133E+01,  0.65890083E+01,  0.60604897E+01,  0.55633802E+01,  0.50972829E+01,  0.46616964E+01,  0.42560277E+01,  0.38796065E+01,  0.35316966E+01,  0.32115119E+01,  0.29182231E+01,  0.26509736E+01,  0.24088862E+01,  0.21910722E+01,  0.19966425E+01,  0.18247110E+01,  0.16744044E+01,  0.15448656E+01,  0.14352589E+01,  0.13447738E+01,  0.12726285E+01,  0.12180723E+01,  0.11803867E+01,  0.11588876E+01,  0.11529256E+01,  0.11618870E+01,  0.11851927E+01,  0.12222991E+01,  0.12726955E+01,  0.13359070E+01,  0.14114902E+01,  0.14990318E+01,  0.15981501E+01,  0.17084938E+01,  0.18297360E+01,  0.19615782E+01,  0.21037455E+01,  0.22559874E+01,  0.24180748E+01,  0.25897994E+01,  0.27709720E+01,  0.29614217E+01,  0.31609950E+01,  0.33695524E+01,  0.35869701E+01,  0.38131378E+01,  0.40479536E+01,  0.42913361E+01,  0.45431967E+01,  0.48034739E+01,  0.50721097E+01,  0.53490453E+01,  0.56342311E+01,  0.59276261E+01,  0.62291923E+01,  0.65388961E+01,  0.68566933E+01,  0.71825662E+01,  0.75164704E+01,  0.78583755E+01,  0.82082491E+01,  0.85660467E+01,  0.89317293E+01,  0.93052473E+01,  0.96865387E+01,  0.10075541E+02,  0.10472183E+02
 -0.67500000E+01, -0.13736860E+02, -0.10159378E+02, -0.67568746E+01, -0.35245452E+01, -0.45800841E+00,  0.24466929E+01,  0.51930971E+01,  0.77843294E+01,  0.10223171E+02,  0.12512109E+02,  0.14653355E+02,  0.16648962E+02,  0.18500841E+02,  0.20210861E+02,  0.21780869E+02,  0.23212782E+02,  0.24508635E+02,  0.25670595E+02,  0.26701063E+02,  0.27602644E+02,  0.28378216E+02,  0.29030939E+02,  0.29564245E+02,  0.29981865E+02,  0.30287832E+02,  0.30486429E+02,  0.30582216E+02,  0.30579988E+02,  0.30484739E+02,  0.30301662E+02,  0.30036091E+02,  0.29693466E+02,  0.29279318E+02,  0.28799227E+02,  0.28258776E+02,  0.27663532E+02,  0.27019003E+02,  0.26330633E+02,  0.25603743E+02,  0.24843536E+02,  0.24055050E+02,  0.23243160E+02,  0.22412561E+02,  0.21567734E+02,  0.20712961E+02,  0.19852287E+02,  0.18989546E+02,  0.18128313E+02,  0.17271957E+02,  0.16423574E+02,  0.15586037E+02,  0.14761969E+02,  0.13953766E+02,  0.13163584E+02,  0.12393334E+02,  0.11644716E+02,  0.10919205E+02,  0.10218068E+02,  0.95423651E+01,  0.88929634E+01,  0.82705460E+01,  0.76756234E+01,  0.71085420E+01,  0.65694995E+01,  0.60585542E+01,  0.55756369E+01,  0.51205664E+01,  0.46930556E+01,  0.42927303E+01,  0.39191351E+01,  0.35717483E+01,  0.32499907E+01,  0.29532368E+01,  0.26808231E+01,  0.24320602E+01,  0.22062366E+01,  0.20026281E+01,  0.18205088E+01,  0.16591479E+01,  0.15178238E+01,  0.13958247E+01,  0.12924526E+01,  0.12070277E+01,  0.11388906E+01,  0.10874048E+01,  0.10519581E+01,  0.10319644E+01,  0.10268638E+01,  0.10361238E+01,  0.10592401E+01,  0.10957353E+01,  0.11451588E+01,  0.12070864E+01,  0.12811216E+01,  0.13668920E+01,  0.14640491E+01,  0.15722698E+01,  0.16912514E+01,  0.18207139E+01,  0.19603974E+01,  0.21100602E+01,  0.22694802E+01,  0.24384511E+01,  0.26167829E+01,  0.28042998E+01,  0.30008388E+01,  0.32062526E+01,  0.34203978E+01,  0.36431530E+01,  0.38743930E+01,  0.41140037E+01,  0.43618884E+01,  0.46179366E+01,  0.48820648E+01,  0.51541719E+01,  0.54341674E+01,  0.57219615E+01,  0.60174623E+01,  0.63205824E+01,  0.66312141E+01,  0.69492593E+01,  0.72746034E+01,  0.76071291E+01,  0.79467039E+01,  0.82931728E+01,  0.86463852E+01,  0.90061493E+01,  0.93722658E+01,  0.97444973E+01
 -0.66250000E+01, -0.18188988E+02, -0.14423600E+02, -0.10863955E+02, -0.75011344E+01, -0.43270483E+01, -0.13344021E+01,  0.14833704E+01,  0.41321692E+01,  0.66172996E+01,  0.89435320E+01,  0.11115206E+02,  0.13136281E+02,  0.15010411E+02,  0.16741016E+02,  0.18331366E+02,  0.19784615E+02,  0.21103874E+02,  0.22292263E+02,  0.23352942E+02,  0.24289162E+02,  0.25104301E+02,  0.25801855E+02,  0.26385517E+02,  0.26859116E+02,  0.27226673E+02,  0.27492380E+02,  0.27660606E+02,  0.27735865E+02,  0.27722816E+02,  0.27626247E+02,  0.27451036E+02,  0.27202160E+02,  0.26884638E+02,  0.26503511E+02,  0.26063845E+02,  0.25570667E+02,  0.25028975E+02,  0.24443695E+02,  0.23819658E+02,  0.23161602E+02,  0.22474127E+02,  0.21761694E+02,  0.21028610E+02,  0.20279013E+02,  0.19516855E+02,  0.18745907E+02,  0.17969734E+02,  0.17191710E+02,  0.16414993E+02,  0.15642533E+02,  0.14877073E+02,  0.14121141E+02,  0.13377051E+02,  0.12646914E+02,  0.11932627E+02,  0.11235900E+02,  0.10558235E+02,  0.99009485E+01,  0.92651739E+01,  0.86518669E+01,  0.80618172E+01,  0.74956570E+01,  0.69538679E+01,  0.64367943E+01,  0.59446492E+01,  0.54775281E+01,  0.50354171E+01,  0.46182036E+01,  0.42256870E+01,  0.38575892E+01,  0.35135620E+01,  0.31931989E+01,  0.28960431E+01,  0.26215951E+01,  0.23693225E+01,  0.21386659E+01,  0.19290470E+01,  0.17398717E+01,  0.15705416E+01,  0.14204518E+01,  0.12890027E+01,  0.11755974E+01,  0.10796504E+01,  0.10005870E+01,  0.93784755E+00,  0.89088857E+00,  0.85918510E+00,  0.84223115E+00,  0.83954108E+00,  0.85065031E+00,  0.87511605E+00,  0.91251618E+00,  0.96244991E+00,  0.10245382E+01,  0.10984228E+01,  0.11837643E+01,  0.12802442E+01,  0.13875630E+01,  0.15054386E+01,  0.16336057E+01,  0.17718170E+01,  0.19198388E+01,  0.20774534E+01,  0.22444544E+01,  0.24206502E+01,  0.26058590E+01,  0.27999094E+01,  0.30026402E+01,  0.32139001E+01,  0.34335334E+01,  0.36614075E+01,  0.38973775E+01,  0.41413164E+01,  0.43930845E+01,  0.46525517E+01,  0.49195905E+01,  0.51940546E+01,  0.54758034E+01,  0.57646899E+01,  0.60605569E+01,  0.63632374E+01,  0.66725440E+01,  0.69882827E+01,  0.73102312E+01,  0.76381536E+01,  0.79717760E+01,  0.83108025E+01,  0.86549044E+01,  0.90037050E+01
 -0.65000000E+01, -0.21639715E+02, -0.17738764E+02, -0.14070043E+02, -0.10620724E+02, -0.73793015E+01, -0.43354316E+01, -0.14798433E+01,  0.11958116E+01,  0.36990180E+01,  0.60365386E+01,  0.82145061E+01,  0.10238484E+02,  0.12113594E+02,  0.13844560E+02,  0.15435805E+02,  0.16891516E+02,  0.18215687E+02,  0.19412197E+02,  0.20484844E+02,  0.21437410E+02,  0.22273651E+02,  0.22997381E+02,  0.23612448E+02,  0.24122803E+02,  0.24532448E+02,  0.24845499E+02,  0.25066158E+02,  0.25198715E+02,  0.25247553E+02,  0.25217117E+02,  0.25111921E+02,  0.24936531E+02,  0.24695534E+02,  0.24393534E+02,  0.24035135E+02,  0.23624916E+02,  0.23167414E+02,  0.22667107E+02,  0.22128403E+02,  0.21555616E+02,  0.20952955E+02,  0.20324501E+02,  0.19674215E+02,  0.19005901E+02,  0.18323223E+02,  0.17629677E+02,  0.16928583E+02,  0.16223093E+02,  0.15516177E+02,  0.14810626E+02,  0.14109036E+02,  0.13413832E+02,  0.12727235E+02,  0.12051287E+02,  0.11387860E+02,  0.10738633E+02,  0.10105110E+02,  0.94886303E+01,  0.88903618E+01,  0.83113194E+01,  0.77523613E+01,  0.72142053E+01,  0.66974301E+01,  0.62024856E+01,  0.57297034E+01,  0.52793021E+01,  0.48513989E+01,  0.44460168E+01,  0.40630932E+01,  0.37024913E+01,  0.33640037E+01,  0.30473633E+01,  0.27522528E+01,  0.24783094E+01,  0.22251310E+01,  0.19922869E+01,  0.17793208E+01,  0.15857567E+01,  0.14111054E+01,  0.12548686E+01,  0.11165425E+01,  0.99562311E+00,  0.89160788E+00,  0.80400002E+00,  0.73231035E+00,  0.67605990E+00,  0.63478076E+00,  0.60801911E+00,  0.59533554E+00,  0.59630430E+00,  0.61051691E+00,  0.63758200E+00,  0.67712313E+00,  0.72878093E+00,  0.79221314E+00,  0.86709446E+00,  0.95311344E+00,  0.10499759E+01,  0.11574016E+01,  0.12751248E+01,  0.14028946E+01,  0.15404711E+01,  0.16876273E+01,  0.18441480E+01,  0.20098262E+01,  0.21844659E+01,  0.23678777E+01,  0.25598872E+01,  0.27603049E+01,  0.29689755E+01,  0.31857285E+01,  0.34103940E+01,  0.36428096E+01,  0.38828149E+01,  0.41302352E+01,  0.43848996E+01,  0.46466403E+01,  0.49152651E+01,  0.51905780E+01,  0.54723635E+01,  0.57604051E+01,  0.60544558E+01,  0.63542461E+01,  0.66594839E+01,  0.69698524E+01,  0.72849851E+01,  0.76044888E+01,  0.79279203E+01,  0.82547789E+01
 -0.63750000E+01, -0.23973051E+02, -0.20006199E+02, -0.16291492E+02, -0.12812843E+02, -0.95558825E+01, -0.65077839E+01, -0.36570616E+01, -0.99342990E+00,  0.14923680E+01,  0.38086500E+01,  0.59629545E+01,  0.79621105E+01,  0.98123627E+01,  0.11519450E+02,  0.13088680E+02,  0.14525004E+02,  0.15833099E+02,  0.17017416E+02,  0.18082214E+02,  0.19031645E+02,  0.19869766E+02,  0.20600578E+02,  0.21228060E+02,  0.21756182E+02,  0.22188932E+02,  0.22530323E+02,  0.22784393E+02,  0.22955238E+02,  0.23046967E+02,  0.23063736E+02,  0.23009733E+02,  0.22889160E+02,  0.22706226E+02,  0.22465151E+02,  0.22170139E+02,  0.21825357E+02,  0.21434948E+02,  0.21002993E+02,  0.20533510E+02,  0.20030437E+02,  0.19497625E+02,  0.18938818E+02,  0.18357649E+02,  0.17757629E+02,  0.17142138E+02,  0.16514406E+02,  0.15877523E+02,  0.15234443E+02,  0.14587928E+02,  0.13940615E+02,  0.13294957E+02,  0.12653244E+02,  0.12017614E+02,  0.11390029E+02,  0.10772290E+02,  0.10166039E+02,  0.95727606E+01,  0.89937859E+01,  0.84302969E+01,  0.78833327E+01,  0.73537927E+01,  0.68424444E+01,  0.63499322E+01,  0.58767805E+01,  0.54234033E+01,  0.49901109E+01,  0.45771174E+01,  0.41845493E+01,  0.38124518E+01,  0.34607942E+01,  0.31294835E+01,  0.28183641E+01,  0.25272298E+01,  0.22558289E+01,  0.20038691E+01,  0.17710242E+01,  0.15569415E+01,  0.13612447E+01,  0.11835381E+01,  0.10234138E+01,  0.88045329E+00,  0.75423259E+00,  0.64432359E+00,  0.55029893E+00,  0.47173339E+00,  0.40820643E+00,  0.35930407E+00,  0.32461992E+00,  0.30375758E+00,  0.29633111E+00,  0.30196580E+00,  0.32029799E+00,  0.35097820E+00,  0.39366850E+00,  0.44804356E+00,  0.51379138E+00,  0.59061217E+00,  0.67821956E+00,  0.77633798E+00,  0.88470447E+00,  0.10030659E+01,  0.11311811E+01,  0.12688169E+01,  0.14157513E+01,  0.15717689E+01,  0.17366626E+01,  0.19102316E+01,  0.20922720E+01,  0.22826059E+01,  0.24810317E+01,  0.26873682E+01,  0.29014294E+01,  0.31230273E+01,  0.33519626E+01,  0.35880539E+01,  0.38310854E+01,  0.40808525E+01,  0.43371310E+01,  0.45996919E+01,  0.48682733E+01,  0.51426077E+01,  0.54223981E+01,  0.57073283E+01,  0.59970422E+01,  0.62911444E+01,  0.65892148E+01,  0.68907714E+01,  0.71952777E+01,  0.75021396E+01
 -0.62500000E+01, -0.25102747E+02, -0.21154154E+02, -0.17468983E+02, -0.14028883E+02, -0.10817525E+02, -0.78203721E+01, -0.50244193E+01, -0.24180400E+01,  0.92040580E-02,  0.22667243E+01,  0.43629918E+01,  0.63057032E+01,  0.81018581E+01,  0.97578583E+01,  0.11279605E+02,  0.12672565E+02,  0.13941836E+02,  0.15092224E+02,  0.16128286E+02,  0.17054386E+02,  0.17874727E+02,  0.18593391E+02,  0.19214394E+02,  0.19741663E+02,  0.20179104E+02,  0.20530602E+02,  0.20800011E+02,  0.20991203E+02,  0.21108036E+02,  0.21154392E+02,  0.21134132E+02,  0.21051136E+02,  0.20909269E+02,  0.20712391E+02,  0.20464340E+02,  0.20168921E+02,  0.19829910E+02,  0.19451035E+02,  0.19035957E+02,  0.18588270E+02,  0.18111506E+02,  0.17609089E+02,  0.17084354E+02,  0.16540539E+02,  0.15980750E+02,  0.15407984E+02,  0.14825109E+02,  0.14234859E+02,  0.13639834E+02,  0.13042488E+02,  0.12445135E+02,  0.11849936E+02,  0.11258917E+02,  0.10673952E+02,  0.10096766E+02,  0.95289440E+01,  0.89719286E+01,  0.84270239E+01,  0.78953996E+01,  0.73780942E+01,  0.68760214E+01,  0.63899751E+01,  0.59206338E+01,  0.54685693E+01,  0.50342479E+01,  0.46180439E+01,  0.42202387E+01,  0.38410342E+01,  0.34805524E+01,  0.31388478E+01,  0.28159113E+01,  0.25116754E+01,  0.22260213E+01,  0.19587857E+01,  0.17097642E+01,  0.14787178E+01,  0.12653774E+01,  0.10694494E+01,  0.89061815E+00,  0.72855192E+00,  0.58290499E+00,  0.45332205E+00,  0.33944064E+00,  0.24089427E+00,  0.15731467E+00,  0.88333823E-01,  0.33585865E-01, -0.72899838E-02, -0.34651689E-01, -0.48847929E-01, -0.50222419E-01, -0.39108247E-01, -0.15831828E-01,  0.19291328E-01,  0.65953717E-01,  0.12385853E+00,  0.19271880E+00,  0.27225676E+00,  0.36220381E+00,  0.46230128E+00,  0.57229877E+00,  0.69195390E+00,  0.82103354E+00,  0.95930856E+00,  0.11065598E+01,  0.12625737E+01,  0.14271308E+01,  0.16000381E+01,  0.17810805E+01,  0.19700592E+01,  0.21667683E+01,  0.23710051E+01,  0.25825694E+01,  0.28012424E+01,  0.30268078E+01,  0.32590477E+01,  0.34977136E+01,  0.37425652E+01,  0.39933300E+01,  0.42497306E+01,  0.45114560E+01,  0.47781773E+01,  0.50495257E+01,  0.53251104E+01,  0.56044917E+01,  0.58871832E+01,  0.61726527E+01,  0.64602971E+01,  0.67494631E+01
 -0.61250000E+01, -0.24982149E+02, -0.21145779E+02, -0.17574001E+02, -0.14247491E+02, -0.11149078E+02, -0.82634363E+01, -0.55768900E+01, -0.30771689E+01, -0.75326103E+00,  0.14047409E+01,  0.34057796E+01,  0.52579618E+01,  0.69686465E+01,  0.85445566E+01,  0.99918585E+01,  0.11316240E+02,  0.12522982E+02,  0.13617022E+02,  0.14603005E+02,  0.15485338E+02,  0.16268219E+02,  0.16955709E+02,  0.17551718E+02,  0.18060074E+02,  0.18484526E+02,  0.18828751E+02,  0.19096409E+02,  0.19291103E+02,  0.19416449E+02,  0.19476006E+02,  0.19473354E+02,  0.19412031E+02,  0.19295589E+02,  0.19127535E+02,  0.18911373E+02,  0.18650576E+02,  0.18348576E+02,  0.18008755E+02,  0.17634468E+02,  0.17228996E+02,  0.16795553E+02,  0.16337282E+02,  0.15857251E+02,  0.15358414E+02,  0.14843649E+02,  0.14315723E+02,  0.13777287E+02,  0.13230883E+02,  0.12678929E+02,  0.12123715E+02,  0.11567404E+02,  0.11012034E+02,  0.10459510E+02,  0.99116030E+01,  0.93699541E+01,  0.88360758E+01,  0.83113527E+01,  0.77970433E+01,  0.72942839E+01,  0.68040929E+01,  0.63273749E+01,  0.58649249E+01,  0.54174333E+01,  0.49854918E+01,  0.45695972E+01,  0.41701584E+01,  0.37875025E+01,  0.34218791E+01,  0.30734656E+01,  0.27423766E+01,  0.24286630E+01,  0.21323245E+01,  0.18533088E+01,  0.15915203E+01,  0.13468244E+01,  0.11190505E+01,  0.90799832E+00,  0.71344036E+00,  0.53512824E+00,  0.37279239E+00,  0.22614910E+00,  0.94901510E-01, -0.21256426E-01, -0.12263858E+00, -0.20956342E+00, -0.28235254E+00, -0.34132802E+00, -0.38681248E+00, -0.41912520E+00, -0.43858323E+00, -0.44549823E+00, -0.44017836E+00, -0.42292586E+00, -0.39403471E+00, -0.35379374E+00, -0.30248478E+00, -0.24038212E+00, -0.16775319E+00, -0.84857024E-01,  0.80523565E-02,  0.11072918E+00,  0.22293364E+00,  0.34443185E+00,  0.47499481E+00,  0.61439967E+00,  0.76242524E+00,  0.91885740E+00,  0.10834820E+01,  0.12560848E+01,  0.14364576E+01,  0.16243823E+01,  0.18196509E+01,  0.20220296E+01,  0.22313118E+01,  0.24472466E+01,  0.26696093E+01,  0.28981378E+01,  0.31325667E+01,  0.33726046E+01,  0.36179614E+01,  0.38682961E+01,  0.41232605E+01,  0.43824582E+01,  0.46454711E+01,  0.49118309E+01,  0.51810241E+01,  0.54524760E+01,  0.57255640E+01,  0.59995761E+01
 -0.60000000E+01, -0.23611101E+02, -0.19984598E+02, -0.16613253E+02, -0.13478180E+02, -0.10562503E+02, -0.78511271E+01, -0.53305159E+01, -0.29885192E+01, -0.81420529E+00,  0.12022710E+01,  0.30698085E+01,  0.47964783E+01,  0.63895907E+01,  0.78558311E+01,  0.92013149E+01,  0.10431654E+02,  0.11552067E+02,  0.12567384E+02,  0.13482140E+02,  0.14300606E+02,  0.15026841E+02,  0.15664714E+02,  0.16217953E+02,  0.16690166E+02,  0.17084860E+02,  0.17405468E+02,  0.17655380E+02,  0.17837914E+02,  0.17956371E+02,  0.18014021E+02,  0.18014111E+02,  0.17959869E+02,  0.17854511E+02,  0.17701220E+02,  0.17503164E+02,  0.17263496E+02,  0.16985327E+02,  0.16671734E+02,  0.16325766E+02,  0.15950400E+02,  0.15548585E+02,  0.15123184E+02,  0.14677003E+02,  0.14212773E+02,  0.13733128E+02,  0.13240620E+02,  0.12737706E+02,  0.12226743E+02,  0.11709960E+02,  0.11189499E+02,  0.10667377E+02,  0.10145497E+02,  0.96256380E+01,  0.91094656E+01,  0.85985260E+01,  0.80942450E+01,  0.75979352E+01,  0.71107931E+01,  0.66339064E+01,  0.61682529E+01,  0.57147088E+01,  0.52740483E+01,  0.48469524E+01,  0.44340115E+01,  0.40357289E+01,  0.36525288E+01,  0.32847593E+01,  0.29326968E+01,  0.25965538E+01,  0.22764812E+01,  0.19725728E+01,  0.16848736E+01,  0.14133810E+01,  0.11580490E+01,  0.91879487E+00,  0.69550228E+00,  0.48802420E+00,  0.29618675E+00,  0.11979390E+00, -0.41371845E-01, -0.18754250E+00, -0.31896690E+00, -0.43590343E+00, -0.53862089E+00, -0.62739497E+00, -0.70250660E+00, -0.76424032E+00, -0.81288284E+00, -0.84872121E+00, -0.87204170E+00, -0.88312954E+00, -0.88226801E+00, -0.86973441E+00, -0.84580588E+00, -0.81075233E+00, -0.76484025E+00, -0.70833051E+00, -0.64148015E+00, -0.56453907E+00, -0.47775269E+00, -0.38136223E+00, -0.27560315E+00, -0.16070773E+00, -0.36901582E-01,  0.95589779E-01,  0.23654535E+00,  0.38575172E+00,  0.54298240E+00,  0.70802820E+00,  0.88066888E+00,  0.10606860E+01,  0.12478625E+01,  0.14419616E+01,  0.16427619E+01,  0.18500198E+01,  0.20634804E+01,  0.22828884E+01,  0.25079606E+01,  0.27384169E+01,  0.29739308E+01,  0.32141712E+01,  0.34587655E+01,  0.37073281E+01,  0.39594202E+01,  0.42145643E+01,  0.44722414E+01,  0.47318726E+01,  0.49928126E+01,  0.52543564E+01
 -0.58750000E+01, -0.21038183E+02, -0.17716349E+02, -0.14630264E+02, -0.11762677E+02, -0.90980749E+01, -0.66224790E+01, -0.43232999E+01, -0.21891959E+01, -0.20992632E+00,  0.16237600E+01,  0.33202393E+01,  0.48870893E+01,  0.63312144E+01,  0.76588998E+01,  0.88758898E+01,  0.99874802E+01,  0.10998536E+02,  0.11913583E+02,  0.12736849E+02,  0.13472294E+02,  0.14123667E+02,  0.14694529E+02,  0.15188306E+02,  0.15608278E+02,  0.15957640E+02,  0.16239510E+02,  0.16456930E+02,  0.16612907E+02,  0.16710394E+02,  0.16752337E+02,  0.16741632E+02,  0.16681181E+02,  0.16573862E+02,  0.16422539E+02,  0.16230055E+02,  0.15999240E+02,  0.15732901E+02,  0.15433830E+02,  0.15104771E+02,  0.14748445E+02,  0.14367523E+02,  0.13964629E+02,  0.13542327E+02,  0.13103118E+02,  0.12649435E+02,  0.12183624E+02,  0.11707953E+02,  0.11224588E+02,  0.10735621E+02,  0.10243017E+02,  0.97486582E+01,  0.92543049E+01,  0.87616177E+01,  0.82721462E+01,  0.77873311E+01,  0.73085046E+01,  0.68368921E+01,  0.63736157E+01,  0.59196954E+01,  0.54760537E+01,  0.50435181E+01,  0.46228261E+01,  0.42146277E+01,  0.38194926E+01,  0.34379115E+01,  0.30703034E+01,  0.27170172E+01,  0.23783386E+01,  0.20544941E+01,  0.17456537E+01,  0.14519372E+01,  0.11734172E+01,  0.91012299E+00,  0.66204470E+00,  0.42913693E+00,  0.21132234E+00,  0.84936433E-02, -0.17948031E+00, -0.35275528E+00, -0.51150519E+00, -0.65592360E+00, -0.78621674E+00, -0.90260518E+00, -0.10053194E+01, -0.10945988E+01, -0.11706896E+01, -0.12338442E+01, -0.12843171E+01, -0.13223672E+01, -0.13482546E+01, -0.13622392E+01, -0.13645813E+01, -0.13555386E+01, -0.13353688E+01, -0.13043257E+01, -0.12626605E+01, -0.12106220E+01, -0.11484542E+01, -0.10763986E+01, -0.99469334E+00, -0.90357202E+00, -0.80326462E+00, -0.69399840E+00, -0.57599753E+00, -0.44948384E+00, -0.31467450E+00, -0.17179407E+00, -0.21054067E-01,  0.13732995E+00,  0.30313519E+00,  0.47614133E+00,  0.65612811E+00,  0.84287357E+00,  0.10361285E+01,  0.12356701E+01,  0.14412346E+01,  0.16525682E+01,  0.18693933E+01,  0.20914195E+01,  0.23183272E+01,  0.25497906E+01,  0.27854486E+01,  0.30249152E+01,  0.32677562E+01,  0.35135140E+01,  0.37616744E+01,  0.40116868E+01,  0.42629251E+01,  0.45147009E+01
 -0.57500000E+01, -0.17357828E+02, -0.14426903E+02, -0.11703767E+02, -0.91737385E+01, -0.68234472E+01, -0.46407747E+01, -0.26147244E+01, -0.73533523E+00,  0.10064207E+01,  0.26187193E+01,  0.41089792E+01,  0.54839239E+01,  0.67496839E+01,  0.79118338E+01,  0.89754810E+01,  0.99453125E+01,  0.10825639E+02,  0.11620470E+02,  0.12333531E+02,  0.12968308E+02,  0.13528111E+02,  0.14016057E+02,  0.14435145E+02,  0.14788254E+02,  0.15078175E+02,  0.15307625E+02,  0.15479256E+02,  0.15595704E+02,  0.15659553E+02,  0.15673361E+02,  0.15639694E+02,  0.15561085E+02,  0.15440072E+02,  0.15279191E+02,  0.15080964E+02,  0.14847911E+02,  0.14582545E+02,  0.14287370E+02,  0.13964856E+02,  0.13617475E+02,  0.13247643E+02,  0.12857761E+02,  0.12450181E+02,  0.12027183E+02,  0.11591010E+02,  0.11143834E+02,  0.10687735E+02,  0.10224728E+02,  0.97567339E+01,  0.92855825E+01,  0.88130026E+01,  0.83406305E+01,  0.78699956E+01,  0.74025273E+01,  0.69395542E+01,  0.64823017E+01,  0.60318995E+01,  0.55893793E+01,  0.51556792E+01,  0.47316494E+01,  0.43180523E+01,  0.39155700E+01,  0.35248048E+01,  0.31462870E+01,  0.27804766E+01,  0.24277685E+01,  0.20884967E+01,  0.17629384E+01,  0.14513172E+01,  0.11538072E+01,  0.87053728E+00,  0.60159308E+00,  0.34702250E+00,  0.10683748E+00, -0.11898264E+00, -0.33048880E+00, -0.52775770E+00, -0.71089154E+00, -0.88001245E+00, -0.10352640E+01, -0.11768057E+01, -0.13048121E+01, -0.14194716E+01, -0.15209835E+01, -0.16095567E+01, -0.16854085E+01, -0.17487622E+01, -0.17998482E+01, -0.18388983E+01, -0.18661501E+01, -0.18818413E+01, -0.18862109E+01, -0.18795009E+01, -0.18619487E+01, -0.18337946E+01, -0.17952762E+01, -0.17466289E+01, -0.16880862E+01, -0.16198803E+01, -0.15422397E+01, -0.14553909E+01, -0.13595588E+01, -0.12549634E+01, -0.11418262E+01, -0.10203627E+01, -0.89079082E+00, -0.75332123E+00, -0.60817528E+00, -0.45556325E+00, -0.29570082E+00, -0.12880027E+00,  0.44909663E-01,  0.22521137E+00,  0.41187558E+00,  0.60466498E+00,  0.80333555E+00,  0.10076361E+01,  0.12172998E+01,  0.14320357E+01,  0.16515630E+01,  0.18755565E+01,  0.21036761E+01,  0.23355432E+01,  0.25707712E+01,  0.28089228E+01,  0.30495286E+01,  0.32920520E+01,  0.35359323E+01,  0.37805433E+01
 -0.56250000E+01, -0.12703350E+02, -0.10236776E+02, -0.79434409E+01, -0.58117342E+01, -0.38309624E+01, -0.19913509E+01, -0.28395149E+00,  0.12993721E+01,  0.27660105E+01,  0.41227026E+01,  0.53755493E+01,  0.65301023E+01,  0.75914111E+01,  0.85640821E+01,  0.94523306E+01,  0.10260016E+02,  0.10990696E+02,  0.11647662E+02,  0.12233991E+02,  0.12752554E+02,  0.13206065E+02,  0.13597107E+02,  0.13928132E+02,  0.14201538E+02,  0.14419624E+02,  0.14584648E+02,  0.14698835E+02,  0.14764367E+02,  0.14783423E+02,  0.14758179E+02,  0.14690806E+02,  0.14583479E+02,  0.14438374E+02,  0.14257689E+02,  0.14043631E+02,  0.13798415E+02,  0.13524261E+02,  0.13223398E+02,  0.12898052E+02,  0.12550444E+02,  0.12182776E+02,  0.11797237E+02,  0.11395967E+02,  0.10981091E+02,  0.10554655E+02,  0.10118676E+02,  0.96750851E+01,  0.92257385E+01,  0.87724123E+01,  0.83167982E+01,  0.78604903E+01,  0.74049878E+01,  0.69516926E+01,  0.65019093E+01,  0.60568433E+01,  0.56176071E+01,  0.51852174E+01,  0.47606025E+01,  0.43446050E+01,  0.39379842E+01,  0.35414217E+01,  0.31555250E+01,  0.27808337E+01,  0.24178209E+01,  0.20668995E+01,  0.17284240E+01,  0.14026983E+01,  0.10899749E+01,  0.79045951E+00,  0.50431740E+00,  0.23167229E+00, -0.27388586E-01, -0.27281168E+00, -0.50457436E+00, -0.72268444E+00, -0.92717451E+00, -0.11181026E+01, -0.12955481E+01, -0.14596123E+01, -0.16104118E+01, -0.17480819E+01, -0.18727721E+01, -0.19846447E+01, -0.20838735E+01, -0.21706431E+01, -0.22451456E+01, -0.23075817E+01, -0.23581581E+01, -0.23970869E+01, -0.24245837E+01, -0.24408684E+01, -0.24461627E+01, -0.24406900E+01, -0.24246755E+01, -0.23983436E+01, -0.23619192E+01, -0.23156264E+01, -0.22596893E+01, -0.21943297E+01, -0.21197679E+01, -0.20362225E+01, -0.19439108E+01, -0.18430482E+01, -0.17338485E+01, -0.16165237E+01, -0.14912847E+01, -0.13583426E+01, -0.12178972E+01, -0.10701733E+01, -0.91536760E+00, -0.75369221E+00, -0.58536923E+00, -0.41060305E+00, -0.22961463E+00, -0.42634416E-01,  0.15011473E+00,  0.34838343E+00,  0.55193287E+00,  0.76049900E+00,  0.97380477E+00,  0.11915629E+01,  0.14134576E+01,  0.16391574E+01,  0.18683071E+01,  0.21005187E+01,  0.23353636E+01,  0.25723886E+01,  0.28110847E+01,  0.30509038E+01
 -0.55000000E+01, -0.72377911E+01, -0.52938766E+01, -0.34840422E+01, -0.17999104E+01, -0.23373096E+00,  0.12216796E+01,  0.25729005E+01,  0.38259513E+01,  0.49863191E+01,  0.60589862E+01,  0.70484838E+01,  0.79589400E+01,  0.87940922E+01,  0.95573559E+01,  0.10251842E+02,  0.10880403E+02,  0.11445676E+02,  0.11950096E+02,  0.12395928E+02,  0.12785312E+02,  0.13120253E+02,  0.13402695E+02,  0.13634486E+02,  0.13817427E+02,  0.13953274E+02,  0.14043773E+02,  0.14090642E+02,  0.14095604E+02,  0.14060393E+02,  0.13986753E+02,  0.13876441E+02,  0.13731263E+02,  0.13553024E+02,  0.13343585E+02,  0.13104827E+02,  0.12838659E+02,  0.12547036E+02,  0.12231916E+02,  0.11895291E+02,  0.11539165E+02,  0.11165534E+02,  0.10776409E+02,  0.10373766E+02,  0.99595623E+01,  0.95357189E+01,  0.91040945E+01,  0.86664953E+01,  0.82246456E+01,  0.77801952E+01,  0.73347011E+01,  0.68896279E+01,  0.64463434E+01,  0.60061169E+01,  0.55701213E+01,  0.51394305E+01,  0.47150273E+01,  0.42978053E+01,  0.38885708E+01,  0.34880528E+01,  0.30969033E+01,  0.27157054E+01,  0.23449755E+01,  0.19851716E+01,  0.16366943E+01,  0.12998925E+01,  0.97506815E+00,  0.66247696E+00,  0.36233541E+00,  0.74819878E-01, -0.19992682E+00, -0.46179718E+00, -0.71071166E+00, -0.94662172E+00, -0.11695045E+01, -0.13793610E+01, -0.15762165E+01, -0.17601167E+01, -0.19311268E+01, -0.20893314E+01, -0.22348297E+01, -0.23677382E+01, -0.24881866E+01, -0.25963163E+01, -0.26922812E+01, -0.27762454E+01, -0.28483815E+01, -0.29088705E+01, -0.29579005E+01, -0.29956651E+01, -0.30223632E+01, -0.30381985E+01, -0.30433772E+01, -0.30381081E+01, -0.30226040E+01, -0.29970770E+01, -0.29617405E+01, -0.29168086E+01, -0.28624949E+01, -0.27990127E+01, -0.27265742E+01, -0.26453907E+01, -0.25556724E+01, -0.24576283E+01, -0.23514643E+01, -0.22373872E+01, -0.21155992E+01, -0.19863100E+01, -0.18497126E+01, -0.17060093E+01, -0.15554039E+01, -0.13981031E+01, -0.12343013E+01, -0.10642000E+01, -0.88801277E+00, -0.70593792E+00, -0.51819706E+00, -0.32500434E+00, -0.12658525E+00,  0.76824069E-01,  0.28498390E+00,  0.49763453E+00,  0.71450937E+00,  0.93532211E+00,  0.11597693E+01,  0.13875183E+01,  0.16182178E+01,  0.18514894E+01,  0.20869150E+01,  0.23240385E+01
 -0.53750000E+01, -0.11446983E+01,  0.23412171E+00,  0.15209728E+01,  0.27209806E+01,  0.38389404E+01,  0.48792901E+01,  0.58460927E+01,  0.67430677E+01,  0.75736012E+01,  0.83407450E+01,  0.90472651E+01,  0.96956644E+01,  0.10288201E+02,  0.10826932E+02,  0.11313717E+02,  0.11750257E+02,  0.12138135E+02,  0.12478798E+02,  0.12773608E+02,  0.13023863E+02,  0.13230797E+02,  0.13395606E+02,  0.13519462E+02,  0.13603515E+02,  0.13648933E+02,  0.13656882E+02,  0.13628551E+02,  0.13565156E+02,  0.13467957E+02,  0.13338236E+02,  0.13177338E+02,  0.12986656E+02,  0.12767639E+02,  0.12521790E+02,  0.12250666E+02,  0.11955895E+02,  0.11639146E+02,  0.11302142E+02,  0.10946664E+02,  0.10574514E+02,  0.10187532E+02,  0.97875643E+01,  0.93764706E+01,  0.89560862E+01,  0.85282192E+01,  0.80946274E+01,  0.76570115E+01,  0.72169957E+01,  0.67761154E+01,  0.63358126E+01,  0.58974271E+01,  0.54621944E+01,  0.50312467E+01,  0.46056118E+01,  0.41862211E+01,  0.37739103E+01,  0.33694286E+01,  0.29734437E+01,  0.25865488E+01,  0.22092700E+01,  0.18420702E+01,  0.14853586E+01,  0.11394924E+01,  0.80478430E+00,  0.48150450E+00,  0.16988692E+00, -0.12987040E+00, -0.41760144E+00, -0.69316697E+00, -0.95645887E+00, -0.12073915E+01, -0.14459044E+01, -0.16719604E+01, -0.18855417E+01, -0.20866525E+01, -0.22753139E+01, -0.24515667E+01, -0.26154675E+01, -0.27670889E+01, -0.29065199E+01, -0.30338597E+01, -0.31492238E+01, -0.32527390E+01, -0.33445420E+01, -0.34247808E+01, -0.34936121E+01, -0.35512002E+01, -0.35977185E+01, -0.36333454E+01, -0.36582658E+01, -0.36726692E+01, -0.36767495E+01, -0.36707051E+01, -0.36547341E+01, -0.36290405E+01, -0.35938280E+01, -0.35493007E+01, -0.34956646E+01, -0.34331245E+01, -0.33618855E+01, -0.32821524E+01, -0.31941276E+01, -0.30980141E+01, -0.29940112E+01, -0.28823178E+01, -0.27631335E+01, -0.26366463E+01, -0.25030580E+01, -0.23625567E+01, -0.22153368E+01, -0.20615814E+01, -0.19014815E+01, -0.17352332E+01, -0.15630127E+01, -0.13850181E+01, -0.12014369E+01, -0.10124596E+01, -0.81828797E+00, -0.61911553E+00, -0.41515413E+00, -0.20661570E+00,  0.62835505E-02,  0.22331598E+00,  0.44422629E+00,  0.66877311E+00,  0.89667749E+00,  0.11276460E+01,  0.13613715E+01,  0.15975119E+01
 -0.52500000E+01,  0.53796268E+01,  0.61665850E+01,  0.69053488E+01,  0.75979047E+01,  0.82460957E+01,  0.88515692E+01,  0.94158192E+01,  0.99401608E+01,  0.10425740E+02,  0.10873567E+02,  0.11284525E+02,  0.11659364E+02,  0.11998747E+02,  0.12303246E+02,  0.12573376E+02,  0.12809594E+02,  0.13012314E+02,  0.13181929E+02,  0.13318819E+02,  0.13423368E+02,  0.13495969E+02,  0.13537016E+02,  0.13546954E+02,  0.13526260E+02,  0.13475439E+02,  0.13395065E+02,  0.13285753E+02,  0.13148194E+02,  0.12983133E+02,  0.12791392E+02,  0.12573883E+02,  0.12331573E+02,  0.12065537E+02,  0.11776921E+02,  0.11466970E+02,  0.11137015E+02,  0.10788469E+02,  0.10422847E+02,  0.10041718E+02,  0.96467400E+01,  0.92396250E+01,  0.88221140E+01,  0.83959866E+01,  0.79630160E+01,  0.75249486E+01,  0.70834932E+01,  0.66402884E+01,  0.61968851E+01,  0.57547359E+01,  0.53151784E+01,  0.48794341E+01,  0.44486051E+01,  0.40236721E+01,  0.36055055E+01,  0.31948674E+01,  0.27924252E+01,  0.23987572E+01,  0.20143659E+01,  0.16396837E+01,  0.12750854E+01,  0.92089403E+00,  0.57738888E+00,  0.24481004E+00, -0.76635122E-01, -0.38676780E+00, -0.68543494E+00, -0.97250700E+00, -0.12478751E+01, -0.15114495E+01, -0.17631595E+01, -0.20029504E+01, -0.22307851E+01, -0.24466414E+01, -0.26505136E+01, -0.28424110E+01, -0.30223570E+01, -0.31903896E+01, -0.33465614E+01, -0.34909372E+01, -0.36235955E+01, -0.37446272E+01, -0.38541350E+01, -0.39522326E+01, -0.40390449E+01, -0.41147060E+01, -0.41793594E+01, -0.42331581E+01, -0.42762609E+01, -0.43088350E+01, -0.43310547E+01, -0.43430972E+01, -0.43451467E+01, -0.43373904E+01, -0.43200212E+01, -0.42932305E+01, -0.42572150E+01, -0.42121725E+01, -0.41583009E+01, -0.40957994E+01, -0.40248671E+01, -0.39457009E+01, -0.38584986E+01, -0.37634552E+01, -0.36607659E+01, -0.35506215E+01, -0.34332130E+01, -0.33087244E+01, -0.31773472E+01, -0.30392587E+01, -0.28946390E+01, -0.27436652E+01, -0.25865092E+01, -0.24233465E+01, -0.22543437E+01, -0.20796723E+01, -0.18994919E+01, -0.17139708E+01, -0.15232693E+01, -0.13275524E+01, -0.11269852E+01, -0.92172664E+00, -0.71194226E+00, -0.49780738E+00, -0.27949032E+00, -0.57170417E-01,  0.16897491E+00,  0.39874953E+00,  0.63195974E+00,  0.86839473E+00
 -0.51250000E+01,  0.12131813E+02,  0.12315271E+02,  0.12495081E+02,  0.12670166E+02,  0.12839408E+02,  0.13001674E+02,  0.13155817E+02,  0.13300696E+02,  0.13435173E+02,  0.13558141E+02,  0.13668498E+02,  0.13765211E+02,  0.13847263E+02,  0.13913692E+02,  0.13963591E+02,  0.13996119E+02,  0.14010475E+02,  0.14005957E+02,  0.13981911E+02,  0.13937771E+02,  0.13873039E+02,  0.13787307E+02,  0.13680246E+02,  0.13551622E+02,  0.13401278E+02,  0.13229154E+02,  0.13035283E+02,  0.12819804E+02,  0.12582943E+02,  0.12325054E+02,  0.12046564E+02,  0.11748042E+02,  0.11430165E+02,  0.11093729E+02,  0.10739651E+02,  0.10368976E+02,  0.99828882E+01,  0.95826826E+01,  0.91697855E+01,  0.87457323E+01,  0.83121605E+01,  0.78707867E+01,  0.74233704E+01,  0.69716978E+01,  0.65175390E+01,  0.60626159E+01,  0.56085668E+01,  0.51569209E+01,  0.47090831E+01,  0.42663045E+01,  0.38296881E+01,  0.34001856E+01,  0.29786072E+01,  0.25656335E+01,  0.21618268E+01,  0.17676468E+01,  0.13834654E+01,  0.10095824E+01,  0.64623863E+00,  0.29362780E+00, -0.48093520E-01, -0.37879851E+00, -0.69838238E+00, -0.10067565E+01, -0.13038480E+01, -0.15895938E+01, -0.18639406E+01, -0.21268435E+01, -0.23782654E+01, -0.26181772E+01, -0.28465581E+01, -0.30633962E+01, -0.32686875E+01, -0.34624393E+01, -0.36446671E+01, -0.38153989E+01, -0.39746716E+01, -0.41225343E+01, -0.42590470E+01, -0.43842812E+01, -0.44983182E+01, -0.46012526E+01, -0.46931872E+01, -0.47742367E+01, -0.48445244E+01, -0.49041834E+01, -0.49533563E+01, -0.49921923E+01, -0.50208488E+01, -0.50394907E+01, -0.50482879E+01, -0.50474153E+01, -0.50370541E+01, -0.50173874E+01, -0.49886041E+01, -0.49508920E+01, -0.49044452E+01, -0.48494558E+01, -0.47861176E+01, -0.47146239E+01, -0.46351686E+01, -0.45479436E+01, -0.44531393E+01, -0.43509445E+01, -0.42415447E+01, -0.41251221E+01, -0.40018592E+01, -0.38719296E+01, -0.37355094E+01, -0.35927567E+01, -0.34438488E+01, -0.32889338E+01, -0.31281693E+01, -0.29617059E+01, -0.27896872E+01, -0.26122525E+01, -0.24295316E+01, -0.22416625E+01, -0.20487566E+01, -0.18509378E+01, -0.16483225E+01, -0.14410131E+01, -0.12291206E+01, -0.10127273E+01, -0.79194474E+00, -0.56685531E+00, -0.33754197E+00, -0.10408393E+00,  0.13343734E+00
 -0.50000000E+01,  0.18905293E+02,  0.18488405E+02,  0.18112535E+02,  0.17773478E+02,  0.17467133E+02,  0.17189528E+02,  0.16936857E+02,  0.16705475E+02,  0.16491949E+02,  0.16293009E+02,  0.16105587E+02,  0.15926801E+02,  0.15753959E+02,  0.15584542E+02,  0.15416217E+02,  0.15246813E+02,  0.15074338E+02,  0.14896951E+02,  0.14712975E+02,  0.14520878E+02,  0.14319279E+02,  0.14106949E+02,  0.13882782E+02,  0.13645821E+02,  0.13395247E+02,  0.13130361E+02,  0.12850616E+02,  0.12555576E+02,  0.12244956E+02,  0.11918595E+02,  0.11576479E+02,  0.11218729E+02,  0.10845624E+02,  0.10457594E+02,  0.10055229E+02,  0.96392975E+01,  0.92107372E+01,  0.87706642E+01,  0.83203897E+01,  0.78613825E+01,  0.73952751E+01,  0.69238343E+01,  0.64489217E+01,  0.59724555E+01,  0.54963479E+01,  0.50224490E+01,  0.45524931E+01,  0.40880618E+01,  0.36305106E+01,  0.31810322E+01,  0.27406039E+01,  0.23100047E+01,  0.18898389E+01,  0.14805400E+01,  0.10824076E+01,  0.69563860E+00,  0.32034564E+00, -0.43421041E-01, -0.39565548E+00, -0.73638165E+00, -0.10656389E+01, -0.13834754E+01, -0.16899395E+01, -0.19850770E+01, -0.22689276E+01, -0.25415254E+01, -0.28028960E+01, -0.30530605E+01, -0.32920356E+01, -0.35198321E+01, -0.37364619E+01, -0.39419367E+01, -0.41362700E+01, -0.43194785E+01, -0.44915853E+01, -0.46526194E+01, -0.48026171E+01, -0.49416246E+01, -0.50696959E+01, -0.51868958E+01, -0.52932992E+01, -0.53889899E+01, -0.54740639E+01, -0.55486264E+01, -0.56127920E+01, -0.56666861E+01, -0.57104421E+01, -0.57442021E+01, -0.57681170E+01, -0.57823434E+01, -0.57870455E+01, -0.57823939E+01, -0.57685642E+01, -0.57457347E+01, -0.57140899E+01, -0.56738153E+01, -0.56250997E+01, -0.55681329E+01, -0.55031052E+01, -0.54302077E+01, -0.53496308E+01, -0.52615619E+01, -0.51661892E+01, -0.50636959E+01, -0.49542642E+01, -0.48380709E+01, -0.47152882E+01, -0.45860877E+01, -0.44506249E+01, -0.43090687E+01, -0.41615558E+01, -0.40082455E+01, -0.38492632E+01, -0.36847456E+01, -0.35148077E+01, -0.33395617E+01, -0.31591179E+01, -0.29735644E+01, -0.27829838E+01, -0.25874553E+01, -0.23870323E+01, -0.21817725E+01, -0.19717052E+01, -0.17568611E+01, -0.15372475E+01, -0.13128558E+01, -0.10836701E+01, -0.84964770E+00, -0.61073416E+00
 -0.48750000E+01,  0.25493130E+02,  0.24494040E+02,  0.23580055E+02,  0.22743698E+02,  0.21977777E+02,  0.21275434E+02,  0.20630173E+02,  0.20035860E+02,  0.19486748E+02,  0.18977444E+02,  0.18502934E+02,  0.18058525E+02,  0.17639874E+02,  0.17242947E+02,  0.16864008E+02,  0.16499609E+02,  0.16146568E+02,  0.15801957E+02,  0.15463092E+02,  0.15127505E+02,  0.14792957E+02,  0.14457403E+02,  0.14119001E+02,  0.13776083E+02,  0.13427170E+02,  0.13070949E+02,  0.12706274E+02,  0.12332165E+02,  0.11947802E+02,  0.11552522E+02,  0.11145842E+02,  0.10727439E+02,  0.10297163E+02,  0.98550634E+01,  0.94013882E+01,  0.89366007E+01,  0.84613981E+01,  0.79767270E+01,  0.74837894E+01,  0.69840550E+01,  0.64792485E+01,  0.59713221E+01,  0.54624128E+01,  0.49547429E+01,  0.44505382E+01,  0.39519446E+01,  0.34609222E+01,  0.29791672E+01,  0.25082061E+01,  0.20491111E+01,  0.16026788E+01,  0.11694387E+01,  0.74965924E+00,  0.34345853E+00, -0.49188953E-01, -0.42844415E+00, -0.79453468E+00, -0.11477302E+01, -0.14883119E+01, -0.18165603E+01, -0.21327426E+01, -0.24371042E+01, -0.27298620E+01, -0.30112038E+01, -0.32812867E+01, -0.35402393E+01, -0.37881670E+01, -0.40251498E+01, -0.42512507E+01, -0.44665184E+01, -0.46709886E+01, -0.48646894E+01, -0.50476470E+01, -0.52198839E+01, -0.53814235E+01, -0.55322943E+01, -0.56725283E+01, -0.58021650E+01, -0.59212532E+01, -0.60298491E+01, -0.61280179E+01, -0.62158384E+01, -0.62933960E+01, -0.63607883E+01, -0.64181237E+01, -0.64655199E+01, -0.65031047E+01, -0.65310140E+01, -0.65493932E+01, -0.65583968E+01, -0.65581837E+01, -0.65489221E+01, -0.65307837E+01, -0.65039477E+01, -0.64685931E+01, -0.64249082E+01, -0.63730774E+01, -0.63132920E+01, -0.62457409E+01, -0.61706133E+01, -0.60880995E+01, -0.59983859E+01, -0.59016576E+01, -0.57980967E+01, -0.56878815E+01, -0.55711851E+01, -0.54481773E+01, -0.53190145E+01, -0.51838603E+01, -0.50428586E+01, -0.48961449E+01, -0.47438560E+01, -0.45861135E+01, -0.44230204E+01, -0.42546830E+01, -0.40811906E+01, -0.39026065E+01, -0.37189977E+01, -0.35304193E+01, -0.33368847E+01, -0.31384099E+01, -0.29349928E+01, -0.27266011E+01, -0.25131972E+01, -0.22946990E+01, -0.20710144E+01, -0.18420181E+01, -0.16075605E+01, -0.13674457E+01
 -0.47500000E+01,  0.31690960E+02,  0.30143494E+02,  0.28723696E+02,  0.27420624E+02,  0.26223898E+02,  0.25123753E+02,  0.24111000E+02,  0.23177078E+02,  0.22313984E+02,  0.21514292E+02,  0.20771101E+02,  0.20078022E+02,  0.19429134E+02,  0.18818975E+02,  0.18242496E+02,  0.17695038E+02,  0.17172308E+02,  0.16670359E+02,  0.16185556E+02,  0.15714568E+02,  0.15254336E+02,  0.14802064E+02,  0.14355196E+02,  0.13911407E+02,  0.13468585E+02,  0.13024826E+02,  0.12578416E+02,  0.12127831E+02,  0.11671732E+02,  0.11208961E+02,  0.10738537E+02,  0.10259674E+02,  0.97717838E+01,  0.92744865E+01,  0.87676401E+01,  0.82513609E+01,  0.77260585E+01,  0.71924701E+01,  0.66517019E+01,  0.61052518E+01,  0.55550294E+01,  0.50033312E+01,  0.44527745E+01,  0.39062555E+01,  0.33667541E+01,  0.28370697E+01,  0.23196828E+01,  0.18166591E+01,  0.13290892E+01,  0.85810214E+00,  0.40428382E+00, -0.32184236E-01, -0.45135072E+00, -0.85365516E+00, -0.12397174E+01, -0.16101460E+01, -0.19656016E+01, -0.23067372E+01, -0.26341949E+01, -0.29485652E+01, -0.32503688E+01, -0.35400622E+01, -0.38180368E+01, -0.40846205E+01, -0.43400822E+01, -0.45846372E+01, -0.48184528E+01, -0.50416594E+01, -0.52543516E+01, -0.54566002E+01, -0.56484537E+01, -0.58299479E+01, -0.60011072E+01, -0.61619515E+01, -0.63124981E+01, -0.64527669E+01, -0.65827813E+01, -0.67025704E+01, -0.68121719E+01, -0.69116325E+01, -0.70010095E+01, -0.70803695E+01, -0.71497922E+01, -0.72093682E+01, -0.72591982E+01, -0.72993951E+01, -0.73300819E+01, -0.73513923E+01, -0.73634677E+01, -0.73664613E+01, -0.73605304E+01, -0.73458438E+01, -0.73225732E+01, -0.72908978E+01, -0.72509999E+01, -0.72030663E+01, -0.71472864E+01, -0.70838509E+01, -0.70129509E+01, -0.69347787E+01, -0.68495245E+01, -0.67573767E+01, -0.66585212E+01, -0.65531402E+01, -0.64414110E+01, -0.63235044E+01, -0.61995869E+01, -0.60698156E+01, -0.59343405E+01, -0.57933011E+01, -0.56468363E+01, -0.54950542E+01, -0.53380656E+01, -0.51759701E+01, -0.50088444E+01, -0.48367510E+01, -0.46597452E+01, -0.44778500E+01, -0.42910767E+01, -0.40994143E+01, -0.39028370E+01, -0.37012792E+01, -0.34946594E+01, -0.32828579E+01, -0.30657263E+01, -0.28430994E+01, -0.26147413E+01, -0.23804021E+01, -0.21397741E+01
 -0.46250000E+01,  0.37301159E+02,  0.35255714E+02,  0.33377586E+02,  0.31652273E+02,  0.30066214E+02,  0.28606770E+02,  0.27262205E+02,  0.26021626E+02,  0.24874947E+02,  0.23812843E+02,  0.22826706E+02,  0.21908583E+02,  0.21051140E+02,  0.20247614E+02,  0.19491776E+02,  0.18777882E+02,  0.18100651E+02,  0.17455214E+02,  0.16837097E+02,  0.16242178E+02,  0.15666676E+02,  0.15107108E+02,  0.14560283E+02,  0.14023269E+02,  0.13493382E+02,  0.12968165E+02,  0.12445377E+02,  0.11922978E+02,  0.11399125E+02,  0.10872157E+02,  0.10340607E+02,  0.98031931E+01,  0.92588377E+01,  0.87066774E+01,  0.81460962E+01,  0.75767651E+01,  0.69986901E+01,  0.64122896E+01,  0.58184729E+01,  0.52187390E+01,  0.46152697E+01,  0.40110059E+01,  0.34096482E+01,  0.28151884E+01,  0.22316709E+01,  0.16629878E+01,  0.11123568E+01,  0.58194381E+00,  0.74728414E-01, -0.40910557E+00, -0.86967403E+00, -0.13075693E+01, -0.17240833E+01, -0.21201758E+01, -0.24968424E+01, -0.28554714E+01, -0.31973503E+01, -0.35236871E+01, -0.38355021E+01, -0.41336927E+01, -0.44190617E+01, -0.46922860E+01, -0.49539185E+01, -0.52044058E+01, -0.54441056E+01, -0.56732950E+01, -0.58921814E+01, -0.61009154E+01, -0.62996025E+01, -0.64883132E+01, -0.66670899E+01, -0.68359556E+01, -0.69949198E+01, -0.71439867E+01, -0.72831564E+01, -0.74124303E+01, -0.75318160E+01, -0.76413264E+01, -0.77409849E+01, -0.78308244E+01, -0.79108915E+01, -0.79812417E+01, -0.80419474E+01, -0.80930910E+01, -0.81347685E+01, -0.81670895E+01, -0.81901731E+01, -0.82041531E+01, -0.82091713E+01, -0.82053776E+01, -0.81929379E+01, -0.81720181E+01, -0.81427975E+01, -0.81054544E+01, -0.80601807E+01, -0.80071640E+01, -0.79465990E+01, -0.78786831E+01, -0.78036118E+01, -0.77215815E+01, -0.76327872E+01, -0.75374222E+01, -0.74356742E+01, -0.73277297E+01, -0.72137661E+01, -0.70939589E+01, -0.69684701E+01, -0.68374624E+01, -0.67010760E+01, -0.65594530E+01, -0.64127169E+01, -0.62609758E+01, -0.61043315E+01, -0.59428687E+01, -0.57766395E+01, -0.56057005E+01, -0.54300823E+01, -0.52497787E+01, -0.50647759E+01, -0.48750310E+01, -0.46804657E+01, -0.44809833E+01, -0.42764430E+01, -0.40666685E+01, -0.38514605E+01, -0.36305461E+01, -0.34036372E+01, -0.31703756E+01, -0.29303479E+01
 -0.45000000E+01,  0.42139027E+02,  0.39663071E+02,  0.37389328E+02,  0.35299873E+02,  0.33378155E+02,  0.31608913E+02,  0.29978086E+02,  0.28472731E+02,  0.27080929E+02,  0.25791714E+02,  0.24594995E+02,  0.23481491E+02,  0.22442661E+02,  0.21470646E+02,  0.20558216E+02,  0.19698719E+02,  0.18886030E+02,  0.18114513E+02,  0.17378979E+02,  0.16674646E+02,  0.15997110E+02,  0.15342315E+02,  0.14706517E+02,  0.14086267E+02,  0.13478375E+02,  0.12879903E+02,  0.12288131E+02,  0.11700549E+02,  0.11114839E+02,  0.10528860E+02,  0.99406471E+01,  0.93484058E+01,  0.87505150E+01,  0.81455441E+01,  0.75322776E+01,  0.69097643E+01,  0.62773848E+01,  0.56349592E+01,  0.49828954E+01,  0.43223853E+01,  0.36556401E+01,  0.29860728E+01,  0.23183813E+01,  0.16595095E+01,  0.10174088E+01,  0.39906225E+00, -0.19000736E+00, -0.74581271E+00, -0.12729073E+01, -0.17694566E+01, -0.22357774E+01, -0.26731176E+01, -0.30821433E+01, -0.34659340E+01, -0.38278947E+01, -0.41698956E+01, -0.44937844E+01, -0.48011222E+01, -0.50935025E+01, -0.53722725E+01, -0.56384459E+01, -0.58928437E+01, -0.61361532E+01, -0.63689132E+01, -0.65915174E+01, -0.68042550E+01, -0.70073314E+01, -0.72008820E+01, -0.73849854E+01, -0.75596805E+01, -0.77249756E+01, -0.78808575E+01, -0.80273027E+01, -0.81642818E+01, -0.82917633E+01, -0.84097214E+01, -0.85181360E+01, -0.86170006E+01, -0.87063150E+01, -0.87860994E+01, -0.88563824E+01, -0.89172125E+01, -0.89686508E+01, -0.90107746E+01, -0.90436754E+01, -0.90674601E+01, -0.90822487E+01, -0.90881748E+01, -0.90853853E+01, -0.90740337E+01, -0.90542898E+01, -0.90263271E+01, -0.89903288E+01, -0.89464855E+01, -0.88949919E+01, -0.88360481E+01, -0.87698565E+01, -0.86966200E+01, -0.86165457E+01, -0.85298357E+01, -0.84366961E+01, -0.83373241E+01, -0.82319164E+01, -0.81206656E+01, -0.80037546E+01, -0.78813615E+01, -0.77536564E+01, -0.76207943E+01, -0.74829302E+01, -0.73401961E+01, -0.71927118E+01, -0.70405884E+01, -0.68839235E+01, -0.67227769E+01, -0.65572104E+01, -0.63872652E+01, -0.62129335E+01, -0.60342145E+01, -0.58510613E+01, -0.56634026E+01, -0.54711351E+01, -0.52741141E+01, -0.50721664E+01, -0.48650761E+01, -0.46525693E+01, -0.44343333E+01, -0.42099919E+01, -0.39791176E+01, -0.37412133E+01
 -0.43750000E+01,  0.46041229E+02,  0.43218708E+02,  0.40626415E+02,  0.38243477E+02,  0.36050838E+02,  0.34031075E+02,  0.32168255E+02,  0.30447784E+02,  0.28856295E+02,  0.27381536E+02,  0.26012270E+02,  0.24738178E+02,  0.23549789E+02,  0.22438406E+02,  0.21396029E+02,  0.20415302E+02,  0.19489460E+02,  0.18612274E+02,  0.17778000E+02,  0.16981346E+02,  0.16217430E+02,  0.15481736E+02,  0.14770089E+02,  0.14078621E+02,  0.13403739E+02,  0.12742102E+02,  0.12090590E+02,  0.11446286E+02,  0.10806450E+02,  0.10168499E+02,  0.95299892E+01,  0.88886061E+01,  0.82421474E+01,  0.75885301E+01,  0.69257922E+01,  0.62521286E+01,  0.55659456E+01,  0.48659711E+01,  0.41514506E+01,  0.34225016E+01,  0.26807594E+01,  0.19306223E+01,  0.11809645E+01,  0.44213882E+00, -0.27512899E+00, -0.95988208E+00, -0.16052046E+01, -0.22117975E+01, -0.27617290E+01, -0.32641034E+01, -0.37232721E+01, -0.41440701E+01, -0.45364785E+01, -0.49022369E+01, -0.52413883E+01, -0.55585265E+01, -0.58569212E+01, -0.61395202E+01, -0.64078321E+01, -0.66630650E+01, -0.69065561E+01, -0.71393638E+01, -0.73621640E+01, -0.75754418E+01, -0.77795734E+01, -0.79748092E+01, -0.81612816E+01, -0.83390484E+01, -0.85081177E+01, -0.86684570E+01, -0.88200045E+01, -0.89626856E+01, -0.90964184E+01, -0.92211208E+01, -0.93367157E+01, -0.94431362E+01, -0.95403299E+01, -0.96282568E+01, -0.97068977E+01, -0.97762470E+01, -0.98363228E+01, -0.98871603E+01, -0.99288111E+01, -0.99613485E+01, -0.99848623E+01, -0.99994593E+01, -0.10005263E+02, -0.10002413E+02, -0.99910574E+01, -0.99713650E+01, -0.99435091E+01, -0.99076748E+01, -0.98640575E+01, -0.98128586E+01, -0.97542839E+01, -0.96885471E+01, -0.96158628E+01, -0.95364456E+01, -0.94505157E+01, -0.93582888E+01, -0.92599773E+01, -0.91557961E+01, -0.90459480E+01, -0.89306374E+01, -0.88100557E+01, -0.86843910E+01, -0.85538158E+01, -0.84185009E+01, -0.82785921E+01, -0.81342363E+01, -0.79855528E+01, -0.78326554E+01, -0.76756229E+01, -0.75145388E+01, -0.73494506E+01, -0.71803789E+01, -0.70073256E+01, -0.68302660E+01, -0.66491342E+01, -0.64638495E+01, -0.62742820E+01, -0.60802679E+01, -0.58815989E+01, -0.56780167E+01, -0.54692178E+01, -0.52548409E+01, -0.50344639E+01, -0.48075900E+01, -0.45736656E+01
 -0.42500000E+01,  0.48875801E+02,  0.45804890E+02,  0.42983204E+02,  0.40387844E+02,  0.37998035E+02,  0.35794914E+02,  0.33761295E+02,  0.31881508E+02,  0.30141241E+02,  0.28527407E+02,  0.27028023E+02,  0.25632111E+02,  0.24329599E+02,  0.23111246E+02,  0.21968559E+02,  0.20893728E+02,  0.19879566E+02,  0.18919456E+02,  0.18007294E+02,  0.17137444E+02,  0.16304699E+02,  0.15504234E+02,  0.14731576E+02,  0.13982562E+02,  0.13253308E+02,  0.12540181E+02,  0.11839758E+02,  0.11148805E+02,  0.10464242E+02,  0.97831154E+01,  0.91025629E+01,  0.84197893E+01,  0.77320266E+01,  0.70365105E+01,  0.63304448E+01,  0.56109743E+01,  0.48751640E+01,  0.41199899E+01,  0.33423452E+01,  0.25390699E+01,  0.17069902E+01,  0.84290725E+00, -0.53721111E-01, -0.95081544E+00, -0.18046232E+01, -0.25826833E+01, -0.32603219E+01, -0.38195133E+01, -0.43669257E+01, -0.48754392E+01, -0.53368897E+01, -0.57522554E+01, -0.61114745E+01, -0.64321060E+01, -0.67347698E+01, -0.70191441E+01, -0.72866092E+01, -0.75373187E+01, -0.77747769E+01, -0.80018339E+01, -0.82192936E+01, -0.84276457E+01, -0.86276588E+01, -0.88198595E+01, -0.90044146E+01, -0.91813602E+01, -0.93506994E+01, -0.95123653E+01, -0.96662273E+01, -0.98121281E+01, -0.99499035E+01, -0.10079385E+02, -0.10200406E+02, -0.10312817E+02, -0.10416478E+02, -0.10511272E+02, -0.10597105E+02, -0.10673901E+02, -0.10741611E+02, -0.10800213E+02, -0.10849705E+02, -0.10890111E+02, -0.10921479E+02, -0.10943879E+02, -0.10957401E+02, -0.10962158E+02, -0.10958278E+02, -0.10945910E+02, -0.10925215E+02, -0.10896370E+02, -0.10859567E+02, -0.10815003E+02, -0.10762892E+02, -0.10703448E+02, -0.10636897E+02, -0.10563466E+02, -0.10483388E+02, -0.10396897E+02, -0.10304227E+02, -0.10205609E+02, -0.10101274E+02, -0.99914503E+01, -0.98763580E+01, -0.97562113E+01, -0.96312180E+01, -0.95015764E+01, -0.93674736E+01, -0.92290831E+01, -0.90865736E+01, -0.89400854E+01, -0.87897558E+01, -0.86356926E+01, -0.84779930E+01, -0.83167353E+01, -0.81519680E+01, -0.79837022E+01, -0.78119526E+01, -0.76366844E+01, -0.74578309E+01, -0.72752891E+01, -0.70889273E+01, -0.68985648E+01, -0.67039723E+01, -0.65048752E+01, -0.63009524E+01, -0.60918040E+01, -0.58769774E+01, -0.56559486E+01, -0.54281077E+01
 -0.41250000E+01,  0.50552101E+02,  0.47340927E+02,  0.44387360E+02,  0.41667709E+02,  0.39160557E+02,  0.36846489E+02,  0.34707863E+02,  0.32728603E+02,  0.30894054E+02,  0.29190817E+02,  0.27606634E+02,  0.26130278E+02,  0.24751448E+02,  0.23460688E+02,  0.22249311E+02,  0.21109327E+02,  0.20033371E+02,  0.19014662E+02,  0.18046934E+02,  0.17124397E+02,  0.16241695E+02,  0.15393851E+02,  0.14576241E+02,  0.13784548E+02,  0.13014730E+02,  0.12262982E+02,  0.11525706E+02,  0.10799468E+02,  0.10080964E+02,  0.93669844E+01,  0.86543655E+01,  0.79399457E+01,  0.72205076E+01,  0.64927149E+01,  0.57530327E+01,  0.49976339E+01,  0.42222781E+01,  0.34221609E+01,  0.25917206E+01,  0.17243894E+01,  0.81227690E+00, -0.15427315E+00, -0.11984936E+01, -0.22471991E+01, -0.32552998E+01, -0.41918569E+01, -0.50343318E+01, -0.57654905E+01, -0.63727541E+01, -0.68501787E+01, -0.72053909E+01, -0.74731965E+01, -0.77722225E+01, -0.80721798E+01, -0.83271379E+01, -0.85577536E+01, -0.87729387E+01, -0.89841986E+01, -0.91883183E+01, -0.93823624E+01, -0.95690336E+01, -0.97504969E+01, -0.99264975E+01, -0.10096594E+02, -0.10260873E+02, -0.10419305E+02, -0.10571568E+02, -0.10717303E+02, -0.10856210E+02, -0.10987983E+02, -0.11112309E+02, -0.11228892E+02, -0.11337466E+02, -0.11437793E+02, -0.11529663E+02, -0.11612901E+02, -0.11687361E+02, -0.11752934E+02, -0.11809544E+02, -0.11857143E+02, -0.11895719E+02, -0.11925286E+02, -0.11945889E+02, -0.11957603E+02, -0.11960521E+02, -0.11954764E+02, -0.11940475E+02, -0.11917817E+02, -0.11886969E+02, -0.11848124E+02, -0.11801492E+02, -0.11747295E+02, -0.11685763E+02, -0.11617137E+02, -0.11541660E+02, -0.11459586E+02, -0.11371166E+02, -0.11276656E+02, -0.11176312E+02, -0.11070387E+02, -0.10959132E+02, -0.10842793E+02, -0.10721610E+02, -0.10595818E+02, -0.10465639E+02, -0.10331288E+02, -0.10192970E+02, -0.10050874E+02, -0.99051762E+01, -0.97560377E+01, -0.96035986E+01, -0.94479904E+01, -0.92893152E+01, -0.91276493E+01, -0.89630508E+01, -0.87955580E+01, -0.86251726E+01, -0.84518614E+01, -0.82755651E+01, -0.80961895E+01, -0.79135933E+01, -0.77275882E+01, -0.75379596E+01, -0.73444209E+01, -0.71466312E+01, -0.69441972E+01, -0.67366505E+01, -0.65234518E+01, -0.63039718E+01
 -0.40000000E+01,  0.51028500E+02,  0.47789219E+02,  0.44804615E+02,  0.42051617E+02,  0.39509338E+02,  0.37158813E+02,  0.34982780E+02,  0.32965504E+02,  0.31092611E+02,  0.29350950E+02,  0.27728476E+02,  0.26214140E+02,  0.24797802E+02,  0.23470139E+02,  0.22222576E+02,  0.21047216E+02,  0.19936779E+02,  0.18884541E+02,  0.17884293E+02,  0.16930281E+02,  0.16017174E+02,  0.15140015E+02,  0.14294182E+02,  0.13475354E+02,  0.12679476E+02,  0.11902711E+02,  0.11141420E+02,  0.10392113E+02,  0.96514111E+01,  0.89160051E+01,  0.81826019E+01,  0.74478688E+01,  0.67083626E+01,  0.59604440E+01,  0.52001667E+01,  0.44231348E+01,  0.36243141E+01,  0.27977688E+01,  0.19363128E+01,  0.10310302E+01,  0.70636794E-01, -0.95914227E+00, -0.20341072E+01, -0.31041498E+01, -0.41551290E+01, -0.51788745E+01, -0.61701646E+01, -0.71253104E+01, -0.79219871E+01, -0.85756865E+01, -0.90863752E+01, -0.94484587E+01, -0.96601982E+01, -0.97361670E+01, -0.99141750E+01, -0.10117555E+02, -0.10315630E+02, -0.10479259E+02, -0.10630672E+02, -0.10788284E+02, -0.10946546E+02, -0.11099764E+02, -0.11249711E+02, -0.11397808E+02, -0.11542795E+02, -0.11683420E+02, -0.11819270E+02, -0.11949948E+02, -0.12074821E+02, -0.12193302E+02, -0.12304928E+02, -0.12409287E+02, -0.12505993E+02, -0.12594704E+02, -0.12675138E+02, -0.12747059E+02, -0.12810276E+02, -0.12864642E+02, -0.12910054E+02, -0.12946451E+02, -0.12973809E+02, -0.12992143E+02, -0.13001499E+02, -0.13001958E+02, -0.12993630E+02, -0.12976653E+02, -0.12951186E+02, -0.12917414E+02, -0.12875539E+02, -0.12825782E+02, -0.12768377E+02, -0.12703575E+02, -0.12631631E+02, -0.12552814E+02, -0.12467398E+02, -0.12375660E+02, -0.12277882E+02, -0.12174346E+02, -0.12065333E+02, -0.11951123E+02, -0.11831992E+02, -0.11708210E+02, -0.11580041E+02, -0.11447742E+02, -0.11311557E+02, -0.11171722E+02, -0.11028462E+02, -0.10881987E+02, -0.10732489E+02, -0.10580149E+02, -0.10425123E+02, -0.10267558E+02, -0.10107573E+02, -0.99452553E+01, -0.97806835E+01, -0.96139078E+01, -0.94449358E+01, -0.92737513E+01, -0.91003141E+01, -0.89245319E+01, -0.87462721E+01, -0.85653782E+01, -0.83816147E+01, -0.81947298E+01, -0.80043859E+01, -0.78102026E+01, -0.76117182E+01, -0.74084024E+01, -0.71996398E+01
 -0.38750000E+01,  0.50315720E+02,  0.47157803E+02,  0.44240761E+02,  0.41543468E+02,  0.39046680E+02,  0.36732830E+02,  0.34585854E+02,  0.32591045E+02,  0.30734930E+02,  0.29005131E+02,  0.27390291E+02,  0.25879963E+02,  0.24464533E+02,  0.23135147E+02,  0.21883644E+02,  0.20702492E+02,  0.19584736E+02,  0.18523943E+02,  0.17514160E+02,  0.16549864E+02,  0.15625924E+02,  0.14737565E+02,  0.13880328E+02,  0.13050036E+02,  0.12242761E+02,  0.11454786E+02,  0.10682574E+02,  0.99227324E+01,  0.91719685E+01,  0.84270544E+01,  0.76847730E+01,  0.69418659E+01,  0.61949611E+01,  0.54404917E+01,  0.46745868E+01,  0.38929267E+01,  0.30905495E+01,  0.22615750E+01,  0.13988039E+01,  0.49310946E+00, -0.46751088E+00, -0.15001374E+01, -0.25232551E+01, -0.35269957E+01, -0.45033832E+01, -0.54474854E+01, -0.63605103E+01, -0.72465239E+01, -0.81319675E+01, -0.90102682E+01, -0.98620529E+01, -0.10636657E+02, -0.11199862E+02, -0.11577198E+02, -0.11783417E+02, -0.11849234E+02, -0.11849119E+02, -0.11958553E+02, -0.12102364E+02, -0.12219442E+02, -0.12331147E+02, -0.12457356E+02, -0.12588742E+02, -0.12716726E+02, -0.12842524E+02, -0.12967313E+02, -0.13089260E+02, -0.13206666E+02, -0.13318932E+02, -0.13425552E+02, -0.13525804E+02, -0.13619034E+02, -0.13704767E+02, -0.13782602E+02, -0.13852177E+02, -0.13913193E+02, -0.13965419E+02, -0.14008683E+02, -0.14042865E+02, -0.14067892E+02, -0.14083742E+02, -0.14090435E+02, -0.14088033E+02, -0.14076632E+02, -0.14056364E+02, -0.14027391E+02, -0.13989905E+02, -0.13944117E+02, -0.13890263E+02, -0.13828596E+02, -0.13759386E+02, -0.13682916E+02, -0.13599480E+02, -0.13509377E+02, -0.13412916E+02, -0.13310410E+02, -0.13202174E+02, -0.13088521E+02, -0.12969766E+02, -0.12846217E+02, -0.12718181E+02, -0.12585958E+02, -0.12449839E+02, -0.12310107E+02, -0.12167037E+02, -0.12020886E+02, -0.11871905E+02, -0.11720326E+02, -0.11566368E+02, -0.11410227E+02, -0.11252094E+02, -0.11092123E+02, -0.10930455E+02, -0.10767214E+02, -0.10602487E+02, -0.10436338E+02, -0.10268809E+02, -0.10099901E+02, -0.99295864E+01, -0.97577982E+01, -0.95844402E+01, -0.94093571E+01, -0.92323627E+01, -0.90532074E+01, -0.88715963E+01, -0.86871719E+01, -0.84995070E+01, -0.83081064E+01, -0.81123991E+01
 -0.37500000E+01,  0.48474812E+02,  0.45498711E+02,  0.42740284E+02,  0.40181389E+02,  0.37805305E+02,  0.35596642E+02,  0.33541195E+02,  0.31625893E+02,  0.29838673E+02,  0.28168411E+02,  0.26604847E+02,  0.25138506E+02,  0.23760637E+02,  0.22463160E+02,  0.21238596E+02,  0.20080032E+02,  0.18981064E+02,  0.17935759E+02,  0.16938606E+02,  0.15984491E+02,  0.15068651E+02,  0.14186647E+02,  0.13334329E+02,  0.12507804E+02,  0.11703412E+02,  0.10917689E+02,  0.10147345E+02,  0.93892241E+01,  0.86402817E+01,  0.78975444E+01,  0.71580729E+01,  0.64189177E+01,  0.56770711E+01,  0.49294105E+01,  0.41726227E+01,  0.34031260E+01,  0.26169591E+01,  0.18096490E+01,  0.97603005E+00,  0.10997494E+00, -0.79605198E+00, -0.17493594E+01, -0.26651642E+01, -0.35342059E+01, -0.43499103E+01, -0.51140857E+01, -0.58463092E+01, -0.65785522E+01, -0.73382101E+01, -0.81551809E+01, -0.90458651E+01, -0.10009110E+02, -0.11035336E+02, -0.12056754E+02, -0.12785212E+02, -0.13261359E+02, -0.13506037E+02, -0.13558073E+02, -0.13499182E+02, -0.13588514E+02, -0.13725820E+02, -0.13829438E+02, -0.13925191E+02, -0.14037575E+02, -0.14155252E+02, -0.14267799E+02, -0.14376692E+02, -0.14483504E+02, -0.14586266E+02, -0.14683135E+02, -0.14773566E+02, -0.14857147E+02, -0.14933208E+02, -0.15001164E+02, -0.15060626E+02, -0.15111286E+02, -0.15152879E+02, -0.15185208E+02, -0.15208150E+02, -0.15221641E+02, -0.15225669E+02, -0.15220273E+02, -0.15205539E+02, -0.15181594E+02, -0.15148604E+02, -0.15106769E+02, -0.15056316E+02, -0.14997501E+02, -0.14930602E+02, -0.14855915E+02, -0.14773752E+02, -0.14684441E+02, -0.14588314E+02, -0.14485719E+02, -0.14377002E+02, -0.14262518E+02, -0.14142620E+02, -0.14017661E+02, -0.13887990E+02, -0.13753957E+02, -0.13615899E+02, -0.13474151E+02, -0.13329037E+02, -0.13180872E+02, -0.13029960E+02, -0.12876590E+02, -0.12721039E+02, -0.12563568E+02, -0.12404426E+02, -0.12243834E+02, -0.12082006E+02, -0.11919122E+02, -0.11755360E+02, -0.11590856E+02, -0.11425730E+02, -0.11260079E+02, -0.11093959E+02, -0.10927408E+02, -0.10760428E+02, -0.10592988E+02, -0.10425014E+02, -0.10256393E+02, -0.10086980E+02, -0.99165602E+01, -0.97448826E+01, -0.95716372E+01, -0.93964586E+01, -0.92188997E+01, -0.90384598E+01
 -0.36250000E+01,  0.45610172E+02,  0.42902447E+02,  0.40381962E+02,  0.38034164E+02,  0.35845432E+02,  0.33803055E+02,  0.31895189E+02,  0.30110817E+02,  0.28439695E+02,  0.26872314E+02,  0.25399841E+02,  0.24014080E+02,  0.22707424E+02,  0.21472811E+02,  0.20303686E+02,  0.19193962E+02,  0.18137985E+02,  0.17130495E+02,  0.16166603E+02,  0.15241751E+02,  0.14351690E+02,  0.13492454E+02,  0.12660327E+02,  0.11851832E+02,  0.11063692E+02,  0.10292817E+02,  0.95362816E+01,  0.87912941E+01,  0.80551853E+01,  0.73253751E+01,  0.65993571E+01,  0.58746686E+01,  0.51488690E+01,  0.44195166E+01,  0.36841505E+01,  0.29402785E+01,  0.21853967E+01,  0.14170516E+01,  0.63300616E+00, -0.16837019E+00, -0.98723835E+00, -0.18297302E+01, -0.26019921E+01, -0.32979851E+01, -0.39089401E+01, -0.44496012E+01, -0.49541273E+01, -0.54661956E+01, -0.60301967E+01, -0.66769533E+01, -0.74285169E+01, -0.83010454E+01, -0.92977800E+01, -0.10410104E+02, -0.11638124E+02, -0.12874937E+02, -0.13965143E+02, -0.14663596E+02, -0.15023421E+02, -0.15109436E+02, -0.15029510E+02, -0.15125532E+02, -0.15275462E+02, -0.15378809E+02, -0.15467612E+02, -0.15572599E+02, -0.15681123E+02, -0.15781193E+02, -0.15874874E+02, -0.15964471E+02, -0.16048092E+02, -0.16123907E+02, -0.16191544E+02, -0.16250786E+02, -0.16301104E+02, -0.16342052E+02, -0.16373390E+02, -0.16394960E+02, -0.16406641E+02, -0.16408381E+02, -0.16400198E+02, -0.16382172E+02, -0.16354427E+02, -0.16317137E+02, -0.16270514E+02, -0.16214809E+02, -0.16150303E+02, -0.16077307E+02, -0.15996152E+02, -0.15907187E+02, -0.15810779E+02, -0.15707307E+02, -0.15597157E+02, -0.15480725E+02, -0.15358409E+02, -0.15230608E+02, -0.15097721E+02, -0.14960147E+02, -0.14818278E+02, -0.14672503E+02, -0.14523202E+02, -0.14370747E+02, -0.14215497E+02, -0.14057805E+02, -0.13898008E+02, -0.13736430E+02, -0.13573380E+02, -0.13409152E+02, -0.13244020E+02, -0.13078247E+02, -0.12912065E+02, -0.12745698E+02, -0.12579345E+02, -0.12413171E+02, -0.12247338E+02, -0.12081964E+02, -0.11917148E+02, -0.11752960E+02, -0.11589441E+02, -0.11426595E+02, -0.11264393E+02, -0.11102776E+02, -0.10941632E+02, -0.10780819E+02, -0.10620134E+02, -0.10459336E+02, -0.10298129E+02, -0.10136150E+02, -0.99729671E+01
 -0.35000000E+01,  0.41859417E+02,  0.39489868E+02,  0.37272266E+02,  0.35195835E+02,  0.33250290E+02,  0.31425871E+02,  0.29713346E+02,  0.28104029E+02,  0.26589754E+02,  0.25162868E+02,  0.23816210E+02,  0.22543079E+02,  0.21337221E+02,  0.20192793E+02,  0.19104340E+02,  0.18066772E+02,  0.17075342E+02,  0.16125610E+02,  0.15213441E+02,  0.14334963E+02,  0.13486558E+02,  0.12664844E+02,  0.11866651E+02,  0.11089006E+02,  0.10329121E+02,  0.95843697E+01,  0.88522797E+01,  0.81305170E+01,  0.74168744E+01,  0.67092590E+01,  0.60056839E+01,  0.53042636E+01,  0.46032090E+01,  0.39008288E+01,  0.31955431E+01,  0.24859068E+01,  0.17706525E+01,  0.10487700E+01,  0.31963420E+00, -0.41678119E+00, -0.11596302E+01, -0.18646930E+01, -0.24866204E+01, -0.30131602E+01, -0.34469826E+01, -0.38196363E+01, -0.41820474E+01, -0.45835333E+01, -0.50447521E+01, -0.55712605E+01, -0.61684775E+01, -0.68482556E+01, -0.76319742E+01, -0.85467281E+01, -0.96095905E+01, -0.10841739E+02, -0.12230407E+02, -0.13720379E+02, -0.15113846E+02, -0.16031523E+02, -0.16512981E+02, -0.16635351E+02, -0.16536125E+02, -0.16641680E+02, -0.16807291E+02, -0.16911610E+02, -0.16993095E+02, -0.17089680E+02, -0.17187700E+02, -0.17273478E+02, -0.17349726E+02, -0.17419590E+02, -0.17481340E+02, -0.17533218E+02, -0.17575087E+02, -0.17606955E+02, -0.17628487E+02, -0.17639421E+02, -0.17639708E+02, -0.17629370E+02, -0.17608467E+02, -0.17577120E+02, -0.17535522E+02, -0.17483908E+02, -0.17422560E+02, -0.17351793E+02, -0.17271961E+02, -0.17183441E+02, -0.17086630E+02, -0.16981949E+02, -0.16869825E+02, -0.16750702E+02, -0.16625027E+02, -0.16493254E+02, -0.16355837E+02, -0.16213230E+02, -0.16065886E+02, -0.15914252E+02, -0.15758771E+02, -0.15599874E+02, -0.15437988E+02, -0.15273528E+02, -0.15106894E+02, -0.14938477E+02, -0.14768652E+02, -0.14597782E+02, -0.14426210E+02, -0.14254267E+02, -0.14082260E+02, -0.13910485E+02, -0.13739209E+02, -0.13568697E+02, -0.13399163E+02, -0.13230832E+02, -0.13063879E+02, -0.12898472E+02, -0.12734750E+02, -0.12572822E+02, -0.12412768E+02, -0.12254644E+02, -0.12098472E+02, -0.11944242E+02, -0.11791909E+02, -0.11641390E+02, -0.11492564E+02, -0.11345260E+02, -0.11199266E+02, -0.11054320E+02, -0.10910104E+02
 -0.33750000E+01,  0.37382359E+02,  0.35403133E+02,  0.33537861E+02,  0.31779427E+02,  0.30120863E+02,  0.28555391E+02,  0.27076487E+02,  0.25677896E+02,  0.24353664E+02,  0.23098139E+02,  0.21905962E+02,  0.20772078E+02,  0.19691717E+02,  0.18660391E+02,  0.17673870E+02,  0.16728184E+02,  0.15819603E+02,  0.14944621E+02,  0.14099949E+02,  0.13282499E+02,  0.12489376E+02,  0.11717860E+02,  0.10965403E+02,  0.10229615E+02,  0.95082560E+01,  0.87992306E+01,  0.81005793E+01,  0.74104743E+01,  0.67272201E+01,  0.60492492E+01,  0.53751292E+01,  0.47035661E+01,  0.40334196E+01,  0.33637216E+01,  0.26936975E+01,  0.20227993E+01,  0.13507411E+01,  0.67752075E+00,  0.34106197E-02, -0.67117631E+00, -0.13458699E+01, -0.19289421E+01, -0.24242439E+01, -0.28214800E+01, -0.31426542E+01, -0.34398940E+01, -0.37764950E+01, -0.41711063E+01, -0.46162238E+01, -0.51072917E+01, -0.56437335E+01, -0.62261310E+01, -0.68563714E+01, -0.75421853E+01, -0.83071518E+01, -0.91909380E+01, -0.10246978E+02, -0.11512630E+02, -0.12993459E+02, -0.14658662E+02, -0.16305765E+02, -0.17432529E+02, -0.18038528E+02, -0.18191845E+02, -0.18062885E+02, -0.18170795E+02, -0.18347851E+02, -0.18448761E+02, -0.18517786E+02, -0.18600935E+02, -0.18683645E+02, -0.18750418E+02, -0.18804565E+02, -0.18850061E+02, -0.18885349E+02, -0.18908794E+02, -0.18920517E+02, -0.18920782E+02, -0.18909472E+02, -0.18886547E+02, -0.18852180E+02, -0.18806606E+02, -0.18750084E+02, -0.18682932E+02, -0.18605522E+02, -0.18518261E+02, -0.18421587E+02, -0.18315964E+02, -0.18201872E+02, -0.18079809E+02, -0.17950285E+02, -0.17813812E+02, -0.17670912E+02, -0.17522104E+02, -0.17367908E+02, -0.17208838E+02, -0.17045404E+02, -0.16878113E+02, -0.16707457E+02, -0.16533918E+02, -0.16357975E+02, -0.16180084E+02, -0.16000694E+02, -0.15820240E+02, -0.15639135E+02, -0.15457783E+02, -0.15276565E+02, -0.15095848E+02, -0.14915979E+02, -0.14737288E+02, -0.14560085E+02, -0.14384654E+02, -0.14211267E+02, -0.14040174E+02, -0.13871594E+02, -0.13705738E+02, -0.13542775E+02, -0.13382869E+02, -0.13226151E+02, -0.13072727E+02, -0.12922676E+02, -0.12776045E+02, -0.12632858E+02, -0.12493111E+02, -0.12356760E+02, -0.12223728E+02, -0.12093897E+02, -0.11967119E+02, -0.11843195E+02
 -0.32500000E+01,  0.32351070E+02,  0.30797222E+02,  0.29318350E+02,  0.27910721E+02,  0.26570484E+02,  0.25293753E+02,  0.24076649E+02,  0.22915365E+02,  0.21806173E+02,  0.20745462E+02,  0.19729746E+02,  0.18755676E+02,  0.17820044E+02,  0.16919779E+02,  0.16051958E+02,  0.15213804E+02,  0.14402669E+02,  0.13616050E+02,  0.12851569E+02,  0.12106983E+02,  0.11380170E+02,  0.10669129E+02,  0.99719820E+01,  0.92869616E+01,  0.86124172E+01,  0.79468141E+01,  0.72887321E+01,  0.66368685E+01,  0.59900489E+01,  0.53472290E+01,  0.47075124E+01,  0.40701661E+01,  0.34346449E+01,  0.28006244E+01,  0.21680388E+01,  0.15371329E+01,  0.90852213E+00,  0.28327310E+00, -0.33698776E+00, -0.94984412E+00, -0.15525259E+01, -0.20553813E+01, -0.24618905E+01, -0.27781727E+01, -0.30492783E+01, -0.33500848E+01, -0.37135475E+01, -0.41254506E+01, -0.45811257E+01, -0.50777173E+01, -0.56096640E+01, -0.61722426E+01, -0.67633114E+01, -0.73834181E+01, -0.80349312E+01, -0.87233553E+01, -0.94596500E+01, -0.10277562E+02, -0.11252378E+02, -0.12465430E+02, -0.13963604E+02, -0.15735742E+02, -0.17572145E+02, -0.18886623E+02, -0.19618818E+02, -0.19797958E+02, -0.19625257E+02, -0.19723858E+02, -0.19904770E+02, -0.19995192E+02, -0.20044525E+02, -0.20107201E+02, -0.20167814E+02, -0.20209108E+02, -0.20234961E+02, -0.20250071E+02, -0.20253057E+02, -0.20242483E+02, -0.20218781E+02, -0.20182480E+02, -0.20133701E+02, -0.20072678E+02, -0.19999830E+02, -0.19915611E+02, -0.19820492E+02, -0.19714991E+02, -0.19599659E+02, -0.19475063E+02, -0.19341784E+02, -0.19200415E+02, -0.19051554E+02, -0.18895796E+02, -0.18733746E+02, -0.18565996E+02, -0.18393139E+02, -0.18215754E+02, -0.18034418E+02, -0.17849697E+02, -0.17662140E+02, -0.17472288E+02, -0.17280668E+02, -0.17087788E+02, -0.16894144E+02, -0.16700214E+02, -0.16506458E+02, -0.16313316E+02, -0.16121218E+02, -0.15930564E+02, -0.15741742E+02, -0.15555118E+02, -0.15371038E+02, -0.15189831E+02, -0.15011800E+02, -0.14837234E+02, -0.14666401E+02, -0.14499541E+02, -0.14336881E+02, -0.14178630E+02, -0.14024964E+02, -0.13876049E+02, -0.13732020E+02, -0.13592999E+02, -0.13459079E+02, -0.13330326E+02, -0.13206788E+02, -0.13088491E+02, -0.12975427E+02, -0.12867561E+02, -0.12764834E+02
 -0.31250000E+01,  0.26942108E+02,  0.25832954E+02,  0.24760031E+02,  0.23722649E+02,  0.22719845E+02,  0.21750444E+02,  0.20813112E+02,  0.19906393E+02,  0.19028748E+02,  0.18178587E+02,  0.17354286E+02,  0.16554205E+02,  0.15776711E+02,  0.15020179E+02,  0.14283013E+02,  0.13563647E+02,  0.12860557E+02,  0.12172259E+02,  0.11497322E+02,  0.10834368E+02,  0.10182075E+02,  0.95391846E+01,  0.89045000E+01,  0.82768974E+01,  0.76553268E+01,  0.70388155E+01,  0.64264812E+01,  0.58175364E+01,  0.52113028E+01,  0.46072249E+01,  0.40048885E+01,  0.34040487E+01,  0.28046548E+01,  0.22068985E+01,  0.16112601E+01,  0.10185773E+01,  0.43011695E+00, -0.15236194E+00, -0.72660804E+00, -0.12901596E+01, -0.18376050E+01, -0.22776222E+01, -0.26193602E+01, -0.28906982E+01, -0.31624079E+01, -0.35050850E+01, -0.39058685E+01, -0.43595977E+01, -0.48608022E+01, -0.53993134E+01, -0.59665952E+01, -0.65541506E+01, -0.71546230E+01, -0.77635436E+01, -0.83797178E+01, -0.90048695E+01, -0.96441574E+01, -0.10305107E+02, -0.10996614E+02, -0.11739543E+02, -0.12594833E+02, -0.13686377E+02, -0.15128337E+02, -0.16948828E+02, -0.18920746E+02, -0.20392237E+02, -0.21250011E+02, -0.21452620E+02, -0.21222244E+02, -0.21298882E+02, -0.21473997E+02, -0.21545387E+02, -0.21566957E+02, -0.21601053E+02, -0.21631485E+02, -0.21639576E+02, -0.21629856E+02, -0.21607615E+02, -0.21571638E+02, -0.21520817E+02, -0.21455971E+02, -0.21377890E+02, -0.21286961E+02, -0.21183716E+02, -0.21068832E+02, -0.20942968E+02, -0.20806795E+02, -0.20661009E+02, -0.20506311E+02, -0.20343399E+02, -0.20172974E+02, -0.19995728E+02, -0.19812347E+02, -0.19623510E+02, -0.19429884E+02, -0.19232126E+02, -0.19030880E+02, -0.18826771E+02, -0.18620417E+02, -0.18412415E+02, -0.18203344E+02, -0.17993769E+02, -0.17784231E+02, -0.17575258E+02, -0.17367353E+02, -0.17161005E+02, -0.16956675E+02, -0.16754810E+02, -0.16555834E+02, -0.16360153E+02, -0.16168148E+02, -0.15980189E+02, -0.15796615E+02, -0.15617756E+02, -0.15443917E+02, -0.15275384E+02, -0.15112430E+02, -0.14955305E+02, -0.14804250E+02, -0.14659473E+02, -0.14521182E+02, -0.14389559E+02, -0.14264770E+02, -0.14146968E+02, -0.14036293E+02, -0.13932864E+02, -0.13836791E+02, -0.13748158E+02, -0.13667049E+02
 -0.30000000E+01,  0.21331177E+02,  0.20671791E+02,  0.20010916E+02,  0.19350630E+02,  0.18692638E+02,  0.18038303E+02,  0.17388678E+02,  0.16744556E+02,  0.16106497E+02,  0.15474854E+02,  0.14849811E+02,  0.14231394E+02,  0.13619511E+02,  0.13013955E+02,  0.12414438E+02,  0.11820595E+02,  0.11232004E+02,  0.10648202E+02,  0.10068690E+02,  0.94929533E+01,  0.89204636E+01,  0.83506956E+01,  0.77831316E+01,  0.72172775E+01,  0.66526661E+01,  0.60888734E+01,  0.55255270E+01,  0.49623208E+01,  0.43990293E+01,  0.38355265E+01,  0.32718043E+01,  0.27080004E+01,  0.21444311E+01,  0.15816339E+01,  0.10204271E+01,  0.46199927E+00, -0.91939189E-01, -0.63890153E+00, -0.11751422E+01, -0.16945953E+01, -0.22008348E+01, -0.25926995E+01, -0.28877704E+01, -0.31425936E+01, -0.34564421E+01, -0.38467741E+01, -0.43011813E+01, -0.48125315E+01, -0.53672347E+01, -0.59522233E+01, -0.65535698E+01, -0.71630268E+01, -0.77769094E+01, -0.83936157E+01, -0.90124102E+01, -0.96327839E+01, -0.10254345E+02, -0.10877813E+02, -0.11506665E+02, -0.12146367E+02, -0.12803158E+02, -0.13486186E+02, -0.14228720E+02, -0.15156020E+02, -0.16477568E+02, -0.18287928E+02, -0.20353062E+02, -0.21938419E+02, -0.22917801E+02, -0.23141514E+02, -0.22843567E+02, -0.22886620E+02, -0.23044418E+02, -0.23086744E+02, -0.23071678E+02, -0.23068226E+02, -0.23059221E+02, -0.23025311E+02, -0.22971989E+02, -0.22904894E+02, -0.22822937E+02, -0.22725565E+02, -0.22614038E+02, -0.22489361E+02, -0.22352163E+02, -0.22203310E+02, -0.22043671E+02, -0.21874071E+02, -0.21695341E+02, -0.21508307E+02, -0.21313772E+02, -0.21112532E+02, -0.20905365E+02, -0.20693039E+02, -0.20476301E+02, -0.20255884E+02, -0.20032505E+02, -0.19806858E+02, -0.19579624E+02, -0.19351461E+02, -0.19123007E+02, -0.18894876E+02, -0.18667667E+02, -0.18441952E+02, -0.18218277E+02, -0.17997177E+02, -0.17779154E+02, -0.17564693E+02, -0.17354259E+02, -0.17148291E+02, -0.16947208E+02, -0.16751413E+02, -0.16561295E+02, -0.16377201E+02, -0.16199488E+02, -0.16028484E+02, -0.15864503E+02, -0.15707838E+02, -0.15558777E+02, -0.15417591E+02, -0.15284544E+02, -0.15159886E+02, -0.15043853E+02, -0.14936682E+02, -0.14838602E+02, -0.14749830E+02, -0.14670585E+02, -0.14601080E+02, -0.14541531E+02
 -0.28750000E+01,  0.15689675E+02,  0.15472111E+02,  0.15216915E+02,  0.14928767E+02,  0.14611866E+02,  0.14269953E+02,  0.13906336E+02,  0.13523921E+02,  0.13125243E+02,  0.12712500E+02,  0.12287580E+02,  0.11852102E+02,  0.11407431E+02,  0.10954718E+02,  0.10494919E+02,  0.10028819E+02,  0.95570545E+01,  0.90801363E+01,  0.85984650E+01,  0.81123495E+01,  0.76220241E+01,  0.71276627E+01,  0.66293969E+01,  0.61273274E+01,  0.56215386E+01,  0.51121154E+01,  0.45991554E+01,  0.40827856E+01,  0.35631778E+01,  0.30405662E+01,  0.25152669E+01,  0.19876959E+01,  0.14583933E+01,  0.92804301E+00,  0.39749947E+00, -0.13218695E+00, -0.65973878E+00, -0.11835877E+01, -0.17016996E+01, -0.22115693E+01, -0.26571858E+01, -0.29941218E+01, -0.32527485E+01, -0.35223713E+01, -0.38904107E+01, -0.43347611E+01, -0.48477335E+01, -0.54110970E+01, -0.60049086E+01, -0.66110311E+01, -0.72210464E+01, -0.78326912E+01, -0.84466982E+01, -0.90639105E+01, -0.96846848E+01, -0.10309179E+02, -0.10937682E+02, -0.11570262E+02, -0.12205834E+02, -0.12841815E+02, -0.13475806E+02, -0.14110188E+02, -0.14750943E+02, -0.15399119E+02, -0.16065109E+02, -0.16835966E+02, -0.17993952E+02, -0.19747240E+02, -0.21861067E+02, -0.23518658E+02, -0.24605713E+02, -0.24843801E+02, -0.24473145E+02, -0.24472296E+02, -0.24598995E+02, -0.24599829E+02, -0.24538170E+02, -0.24487379E+02, -0.24428621E+02, -0.24343206E+02, -0.24238111E+02, -0.24118793E+02, -0.23984272E+02, -0.23834782E+02, -0.23672087E+02, -0.23497149E+02, -0.23310892E+02, -0.23114391E+02, -0.22908611E+02, -0.22694492E+02, -0.22472961E+02, -0.22244909E+02, -0.22011211E+02, -0.21772722E+02, -0.21530275E+02, -0.21284681E+02, -0.21036728E+02, -0.20787188E+02, -0.20536800E+02, -0.20286289E+02, -0.20036350E+02, -0.19787657E+02, -0.19540852E+02, -0.19296558E+02, -0.19055370E+02, -0.18817860E+02, -0.18584570E+02, -0.18356026E+02, -0.18132725E+02, -0.17915140E+02, -0.17703730E+02, -0.17498926E+02, -0.17301144E+02, -0.17110779E+02, -0.16928215E+02, -0.16753817E+02, -0.16587938E+02, -0.16430916E+02, -0.16283089E+02, -0.16144773E+02, -0.16016285E+02, -0.15897941E+02, -0.15790051E+02, -0.15692922E+02, -0.15606858E+02, -0.15532187E+02, -0.15469223E+02, -0.15418305E+02, -0.15379773E+02
 -0.27500000E+01,  0.10182340E+02,  0.10386369E+02,  0.10518734E+02,  0.10586618E+02,  0.10596601E+02,  0.10554666E+02,  0.10466225E+02,  0.10336152E+02,  0.10168818E+02,  0.99681215E+01,  0.97375364E+01,  0.94801416E+01,  0.91986589E+01,  0.88954878E+01,  0.85727377E+01,  0.82322569E+01,  0.78756633E+01,  0.75043683E+01,  0.71196036E+01,  0.67224426E+01,  0.63138237E+01,  0.58945675E+01,  0.54654012E+01,  0.50269699E+01,  0.45798607E+01,  0.41246157E+01,  0.36617508E+01,  0.31917715E+01,  0.27151897E+01,  0.22325387E+01,  0.17443916E+01,  0.12513739E+01,  0.75417447E+00,  0.25354883E+00, -0.24969761E+00, -0.75476336E+00, -0.12609997E+01, -0.17682564E+01, -0.22777700E+01, -0.27923892E+01, -0.31707001E+01, -0.34502692E+01, -0.36872616E+01, -0.40096321E+01, -0.44294801E+01, -0.49314456E+01, -0.54927874E+01, -0.60862207E+01, -0.66894178E+01, -0.72952375E+01, -0.79053202E+01, -0.85203638E+01, -0.91395683E+01, -0.97623529E+01, -0.10388345E+02, -0.11017226E+02, -0.11648580E+02, -0.12282057E+02, -0.12917533E+02, -0.13555300E+02, -0.14195988E+02, -0.14839771E+02, -0.15485746E+02, -0.16130741E+02, -0.16771690E+02, -0.17407068E+02, -0.18020052E+02, -0.18666506E+02, -0.19652576E+02, -0.21317122E+02, -0.23441628E+02, -0.25135698E+02, -0.26300627E+02, -0.26534595E+02, -0.26087645E+02, -0.26033781E+02, -0.26112511E+02, -0.26056353E+02, -0.25937504E+02, -0.25829353E+02, -0.25710066E+02, -0.25564051E+02, -0.25400105E+02, -0.25222672E+02, -0.25030537E+02, -0.24825377E+02, -0.24608839E+02, -0.24381855E+02, -0.24145546E+02, -0.23901009E+02, -0.23649242E+02, -0.23391243E+02, -0.23127975E+02, -0.22860376E+02, -0.22589367E+02, -0.22315832E+02, -0.22040644E+02, -0.21764639E+02, -0.21488632E+02, -0.21213408E+02, -0.20939720E+02, -0.20668295E+02, -0.20399834E+02, -0.20134998E+02, -0.19874432E+02, -0.19618744E+02, -0.19368515E+02, -0.19124302E+02, -0.18886635E+02, -0.18656021E+02, -0.18432943E+02, -0.18217863E+02, -0.18011223E+02, -0.17813452E+02, -0.17624964E+02, -0.17446146E+02, -0.17277390E+02, -0.17119074E+02, -0.16971567E+02, -0.16835236E+02, -0.16710457E+02, -0.16597576E+02, -0.16496975E+02, -0.16409033E+02, -0.16334135E+02, -0.16272682E+02, -0.16225090E+02, -0.16191803E+02, -0.16173286E+02
 -0.26250000E+01,  0.49649587E+01,  0.55584188E+01,  0.60489640E+01,  0.64462156E+01,  0.67590108E+01,  0.69954262E+01,  0.71628127E+01,  0.72678366E+01,  0.73165255E+01,  0.73143125E+01,  0.72660871E+01,  0.71762347E+01,  0.70486865E+01,  0.68869543E+01,  0.66941752E+01,  0.64731455E+01,  0.62263541E+01,  0.59560165E+01,  0.56641049E+01,  0.53523722E+01,  0.50223818E+01,  0.46755290E+01,  0.43130651E+01,  0.39361181E+01,  0.35457125E+01,  0.31427879E+01,  0.27282190E+01,  0.23028319E+01,  0.18674212E+01,  0.14227664E+01,  0.96964920E+00,  0.50886667E+00,  0.41250318E-01, -0.43231809E+00, -0.91088527E+00, -0.13933965E+01, -0.18786560E+01, -0.23652639E+01, -0.28511844E+01, -0.33395932E+01, -0.36815512E+01, -0.39281566E+01, -0.41867981E+01, -0.45702839E+01, -0.50484147E+01, -0.55984640E+01, -0.61862512E+01, -0.67842622E+01, -0.73871107E+01, -0.79971204E+01, -0.86129980E+01, -0.92340317E+01, -0.98598719E+01, -0.10490052E+02, -0.11124034E+02, -0.11761239E+02, -0.12401059E+02, -0.13042796E+02, -0.13685690E+02, -0.14328918E+02, -0.14971690E+02, -0.15613503E+02, -0.16254166E+02, -0.16894073E+02, -0.17534481E+02, -0.18177591E+02, -0.18825485E+02, -0.19461119E+02, -0.20044403E+02, -0.20591537E+02, -0.21410337E+02, -0.22977003E+02, -0.25085350E+02, -0.26784048E+02, -0.27985588E+02, -0.28177763E+02, -0.27651955E+02, -0.27538477E+02, -0.27548531E+02, -0.27417353E+02, -0.27231932E+02, -0.27057281E+02, -0.26867714E+02, -0.26653891E+02, -0.26427382E+02, -0.26188501E+02, -0.25937204E+02, -0.25675692E+02, -0.25405096E+02, -0.25126442E+02, -0.24840897E+02, -0.24549517E+02, -0.24253353E+02, -0.23953426E+02, -0.23650740E+02, -0.23346264E+02, -0.23040945E+02, -0.22735699E+02, -0.22431408E+02, -0.22128922E+02, -0.21829054E+02, -0.21532587E+02, -0.21240269E+02, -0.20952812E+02, -0.20670893E+02, -0.20395161E+02, -0.20126228E+02, -0.19864683E+02, -0.19611082E+02, -0.19365952E+02, -0.19129803E+02, -0.18903116E+02, -0.18686357E+02, -0.18479979E+02, -0.18284399E+02, -0.18100058E+02, -0.17927353E+02, -0.17766699E+02, -0.17618486E+02, -0.17483135E+02, -0.17361029E+02, -0.17252594E+02, -0.17158245E+02, -0.17078417E+02, -0.17013569E+02, -0.16964161E+02, -0.16930706E+02, -0.16913731E+02, -0.16913805E+02
 -0.25000000E+01,  0.18136068E+00,  0.11203945E+01,  0.19289600E+01,  0.26189814E+01,  0.32013726E+01,  0.36860940E+01,  0.40822101E+01,  0.43979540E+01,  0.46407876E+01,  0.48174610E+01,  0.49340739E+01,  0.49961262E+01,  0.50085735E+01,  0.49758754E+01,  0.49020395E+01,  0.47906637E+01,  0.46449795E+01,  0.44678822E+01,  0.42619710E+01,  0.40295768E+01,  0.37727902E+01,  0.34934933E+01,  0.31933794E+01,  0.28739805E+01,  0.25366857E+01,  0.21827655E+01,  0.18133880E+01,  0.14296372E+01,  0.10325314E+01,  0.62303901E+00,  0.20209295E+00, -0.22939138E+00, -0.67050034E+00, -0.11202991E+01, -0.15777845E+01, -0.20417957E+01, -0.25107646E+01, -0.29821150E+01, -0.34521303E+01, -0.38906188E+01, -0.41895571E+01, -0.44192109E+01, -0.47480097E+01, -0.51900487E+01, -0.57200627E+01, -0.62983403E+01, -0.68900123E+01, -0.74891629E+01, -0.80974712E+01, -0.87134027E+01, -0.93367043E+01, -0.99668427E+01, -0.10603241E+02, -0.11245253E+02, -0.11892076E+02, -0.12542734E+02, -0.13196099E+02, -0.13850964E+02, -0.14506083E+02, -0.15160243E+02, -0.15812336E+02, -0.16461330E+02, -0.17106293E+02, -0.17746443E+02, -0.18381212E+02, -0.19010111E+02, -0.19632450E+02, -0.20253662E+02, -0.20887453E+02, -0.21523542E+02, -0.22090664E+02, -0.22552839E+02, -0.23217194E+02, -0.24694866E+02, -0.26765415E+02, -0.28440958E+02, -0.29629400E+02, -0.29716845E+02, -0.29116127E+02, -0.28941467E+02, -0.28857843E+02, -0.28634972E+02, -0.28378637E+02, -0.28133961E+02, -0.27867224E+02, -0.27585308E+02, -0.27295223E+02, -0.26994831E+02, -0.26685530E+02, -0.26368870E+02, -0.26045713E+02, -0.25717249E+02, -0.25384592E+02, -0.25048849E+02, -0.24711113E+02, -0.24372442E+02, -0.24033869E+02, -0.23696384E+02, -0.23360949E+02, -0.23028473E+02, -0.22699837E+02, -0.22375874E+02, -0.22057377E+02, -0.21745104E+02, -0.21439768E+02, -0.21142046E+02, -0.20852579E+02, -0.20571978E+02, -0.20300816E+02, -0.20039640E+02, -0.19788973E+02, -0.19549309E+02, -0.19321127E+02, -0.19104889E+02, -0.18901031E+02, -0.18709995E+02, -0.18532209E+02, -0.18368090E+02, -0.18218069E+02, -0.18082563E+02, -0.17962008E+02, -0.17856852E+02, -0.17767553E+02, -0.17694582E+02, -0.17638443E+02, -0.17599676E+02, -0.17578836E+02, -0.17576538E+02, -0.17593426E+02
 -0.23750000E+01, -0.40408072E+01, -0.28111928E+01, -0.17347583E+01, -0.79757434E+00,  0.13037116E-01,  0.70860308E+00,  0.12995927E+01,  0.17955071E+01,  0.22049570E+01,  0.25357437E+01,  0.27949250E+01,  0.29888854E+01,  0.31233900E+01,  0.32036450E+01,  0.32343469E+01,  0.32197297E+01,  0.31636090E+01,  0.30694227E+01,  0.29402642E+01,  0.27789228E+01,  0.25879097E+01,  0.23694887E+01,  0.21257050E+01,  0.18584059E+01,  0.15692683E+01,  0.12598166E+01,  0.93144339E+00,  0.58542764E+00,  0.22295007E+00, -0.15488994E+00, -0.54706359E+00, -0.95260251E+00, -0.13705958E+01, -0.18001995E+01, -0.22406888E+01, -0.26916044E+01, -0.31531782E+01, -0.36273379E+01, -0.41147590E+01, -0.44691286E+01, -0.47105904E+01, -0.49593248E+01, -0.53535357E+01, -0.58521585E+01, -0.64157991E+01, -0.69994540E+01, -0.75929022E+01, -0.81978750E+01, -0.88130875E+01, -0.94382668E+01, -0.10072844E+02, -0.10716321E+02, -0.11368016E+02, -0.12026905E+02, -0.12691684E+02, -0.13360823E+02, -0.14032759E+02, -0.14705902E+02, -0.15378776E+02, -0.16049866E+02, -0.16717546E+02, -0.17380194E+02, -0.18036282E+02, -0.18684441E+02, -0.19323565E+02, -0.19952885E+02, -0.20571999E+02, -0.21179461E+02, -0.21772449E+02, -0.22354538E+02, -0.22947557E+02, -0.23563828E+02, -0.24109976E+02, -0.24491133E+02, -0.25019516E+02, -0.26425724E+02, -0.28441702E+02, -0.30070948E+02, -0.31179195E+02, -0.31070612E+02, -0.30416695E+02, -0.30182066E+02, -0.29975031E+02, -0.29644337E+02, -0.29329920E+02, -0.29014780E+02, -0.28678848E+02, -0.28335445E+02, -0.27984560E+02, -0.27625696E+02, -0.27261017E+02, -0.26891527E+02, -0.26518486E+02, -0.26143150E+02, -0.25766706E+02, -0.25390324E+02, -0.25015121E+02, -0.24642183E+02, -0.24272539E+02, -0.23907173E+02, -0.23547026E+02, -0.23192978E+02, -0.22845873E+02, -0.22506500E+02, -0.22175606E+02, -0.21853891E+02, -0.21542019E+02, -0.21240604E+02, -0.20950239E+02, -0.20671473E+02, -0.20404831E+02, -0.20150814E+02, -0.19909895E+02, -0.19682537E+02, -0.19469191E+02, -0.19270283E+02, -0.19086246E+02, -0.18917517E+02, -0.18764517E+02, -0.18627682E+02, -0.18507467E+02, -0.18404327E+02, -0.18318747E+02, -0.18251236E+02, -0.18202326E+02, -0.18172586E+02, -0.18162638E+02, -0.18173128E+02, -0.18204771E+02
 -0.22500000E+01, -0.75954485E+01, -0.61400394E+01, -0.48544612E+01, -0.37233009E+01, -0.27326021E+01, -0.18697186E+01, -0.11231894E+01, -0.48262775E+00,  0.61382193E-01,  0.51736933E+00,  0.89306134E+00,  0.11954540E+01,  0.14308810E+01,  0.16050712E+01,  0.17232046E+01,  0.17899647E+01,  0.18095814E+01,  0.17858751E+01,  0.17222964E+01,  0.16219578E+01,  0.14876721E+01,  0.13219771E+01,  0.11271658E+01,  0.90531212E+00,  0.65829360E+00,  0.38781250E+00,  0.95414110E-01, -0.21749166E+00, -0.54961848E+00, -0.89978617E+00, -0.12669086E+01, -0.16499792E+01, -0.20480516E+01, -0.24602110E+01, -0.28855119E+01, -0.33228266E+01, -0.37703898E+01, -0.42251716E+01, -0.47022171E+01, -0.49955964E+01, -0.52064710E+01, -0.55348287E+01, -0.59893050E+01, -0.65313554E+01, -0.71047139E+01, -0.76899176E+01, -0.82895679E+01, -0.89023371E+01, -0.95278893E+01, -0.10165798E+02, -0.10815633E+02, -0.11476528E+02, -0.12147105E+02, -0.12825665E+02, -0.13510418E+02, -0.14199761E+02, -0.14892168E+02, -0.15586602E+02, -0.16281307E+02, -0.16974119E+02, -0.17663063E+02, -0.18346231E+02, -0.19021679E+02, -0.19687357E+02, -0.20341190E+02, -0.20981081E+02, -0.21605202E+02, -0.22212875E+02, -0.22804359E+02, -0.23378103E+02, -0.23929373E+02, -0.24456678E+02, -0.24986732E+02, -0.25551725E+02, -0.26059708E+02, -0.26353558E+02, -0.26768112E+02, -0.28136923E+02, -0.30076036E+02, -0.31630587E+02, -0.32546696E+02, -0.32151112E+02, -0.31498821E+02, -0.31237543E+02, -0.30871906E+02, -0.30464653E+02, -0.30089832E+02, -0.29699976E+02, -0.29299263E+02, -0.28894684E+02, -0.28483864E+02, -0.28068995E+02, -0.27651386E+02, -0.27232315E+02, -0.26813187E+02, -0.26395271E+02, -0.25979807E+02, -0.25567963E+02, -0.25160849E+02, -0.24759520E+02, -0.24364971E+02, -0.23978140E+02, -0.23599901E+02, -0.23231081E+02, -0.22872446E+02, -0.22524712E+02, -0.22188545E+02, -0.21864573E+02, -0.21553373E+02, -0.21255495E+02, -0.20971453E+02, -0.20701735E+02, -0.20446804E+02, -0.20207109E+02, -0.19983080E+02, -0.19775143E+02, -0.19583715E+02, -0.19409220E+02, -0.19252075E+02, -0.19112720E+02, -0.18991598E+02, -0.18889174E+02, -0.18805933E+02, -0.18742401E+02, -0.18699127E+02, -0.18676695E+02, -0.18675749E+02, -0.18696980E+02, -0.18741123E+02
 -0.21250000E+01, -0.10403824E+02, -0.87947655E+01, -0.73650908E+01, -0.60986481E+01, -0.49808497E+01, -0.39985013E+01, -0.31396556E+01, -0.23934860E+01, -0.17501794E+01, -0.12008358E+01, -0.73738557E+00, -0.35251153E+00, -0.39581198E-01,  0.20741670E+00,  0.39392856E+00,  0.52488577E+00,  0.60475242E+00,  0.63756746E+00,  0.62698400E+00,  0.57630605E+00,  0.48851743E+00,  0.36631748E+00,  0.21214338E+00,  0.28199490E-01, -0.18352433E+00, -0.42122644E+00, -0.68327737E+00, -0.96820396E+00, -0.12746719E+01, -0.16014740E+01, -0.19475220E+01, -0.23118362E+01, -0.26935439E+01, -0.30918794E+01, -0.35061815E+01, -0.39358778E+01, -0.43807573E+01, -0.48396034E+01, -0.52285719E+01, -0.54767213E+01, -0.57221079E+01, -0.61258631E+01, -0.66369452E+01, -0.71968489E+01, -0.77714338E+01, -0.83635378E+01, -0.89715567E+01, -0.95952559E+01, -0.10234371E+02, -0.10888465E+02, -0.11556410E+02, -0.12236505E+02, -0.12926895E+02, -0.13626036E+02, -0.14333350E+02, -0.15046746E+02, -0.15764299E+02, -0.16484282E+02, -0.17204794E+02, -0.17923794E+02, -0.18638990E+02, -0.19347889E+02, -0.20047873E+02, -0.20736366E+02, -0.21410921E+02, -0.22069330E+02, -0.22709675E+02, -0.23329975E+02, -0.23927860E+02, -0.24501097E+02, -0.25049095E+02, -0.25572119E+02, -0.26065723E+02, -0.26523329E+02, -0.26973015E+02, -0.27462971E+02, -0.27905090E+02, -0.28093809E+02, -0.28429815E+02, -0.29815485E+02, -0.31632402E+02, -0.33042477E+02, -0.33499870E+02, -0.32633732E+02, -0.32231667E+02, -0.31954159E+02, -0.31505966E+02, -0.31067440E+02, -0.30629238E+02, -0.30171932E+02, -0.29711327E+02, -0.29246336E+02, -0.28779118E+02, -0.28311752E+02, -0.27845535E+02, -0.27381948E+02, -0.26922302E+02, -0.26467865E+02, -0.26019821E+02, -0.25579290E+02, -0.25147327E+02, -0.24724913E+02, -0.24312956E+02, -0.23912302E+02, -0.23523733E+02, -0.23147964E+02, -0.22785658E+02, -0.22437424E+02, -0.22103827E+02, -0.21785391E+02, -0.21482601E+02, -0.21195921E+02, -0.20925785E+02, -0.20672609E+02, -0.20436796E+02, -0.20218744E+02, -0.20018847E+02, -0.19837492E+02, -0.19675087E+02, -0.19532047E+02, -0.19408798E+02, -0.19305794E+02, -0.19223511E+02, -0.19162458E+02, -0.19123182E+02, -0.19106281E+02, -0.19112383E+02, -0.19142199E+02, -0.19196482E+02
 -0.20000000E+01, -0.12419555E+02, -0.10732835E+02, -0.92273827E+01, -0.78871889E+01, -0.66977835E+01, -0.56460667E+01, -0.47201614E+01, -0.39092901E+01, -0.32036693E+01, -0.25944109E+01, -0.20734432E+01, -0.16334335E+01, -0.12677218E+01, -0.97026318E+00, -0.73556918E+00, -0.55866301E+00, -0.43503055E+00, -0.36058214E+00, -0.33161342E+00, -0.34477106E+00, -0.39702290E+00, -0.48562577E+00, -0.60810298E+00, -0.76221752E+00, -0.94594926E+00, -0.11574779E+01, -0.13951612E+01, -0.16575207E+01, -0.19432272E+01, -0.22510908E+01, -0.25800493E+01, -0.29291723E+01, -0.32976687E+01, -0.36849318E+01, -0.40906644E+01, -0.45152378E+01, -0.49593678E+01, -0.54307199E+01, -0.57275977E+01, -0.59290209E+01, -0.62623739E+01, -0.67259607E+01, -0.72666764E+01, -0.78290892E+01, -0.84113083E+01, -0.90119143E+01, -0.96310005E+01, -0.10268451E+02, -0.10923859E+02, -0.11595922E+02, -0.12282841E+02, -0.12983040E+02, -0.13696307E+02, -0.14420609E+02, -0.15154580E+02, -0.15897198E+02, -0.16646935E+02, -0.17400654E+02, -0.18155457E+02, -0.18908819E+02, -0.19657963E+02, -0.20399902E+02, -0.21131626E+02, -0.21850113E+02, -0.22552357E+02, -0.23235416E+02, -0.23896292E+02, -0.24531879E+02, -0.25139685E+02, -0.25718555E+02, -0.26266619E+02, -0.26782778E+02, -0.27268057E+02, -0.27722740E+02, -0.28139828E+02, -0.28511707E+02, -0.28867180E+02, -0.29268488E+02, -0.29616247E+02, -0.29684376E+02, -0.30030628E+02, -0.31508656E+02, -0.33200623E+02, -0.34460808E+02, -0.34332657E+02, -0.33421593E+02, -0.33016800E+02, -0.32515499E+02, -0.31970123E+02, -0.31461834E+02, -0.30940250E+02, -0.30418400E+02, -0.29896862E+02, -0.29375851E+02, -0.28857841E+02, -0.28344103E+02, -0.27836107E+02, -0.27335165E+02, -0.26842545E+02, -0.26359428E+02, -0.25886925E+02, -0.25426058E+02, -0.24977766E+02, -0.24542904E+02, -0.24122248E+02, -0.23716499E+02, -0.23326296E+02, -0.22952211E+02, -0.22594774E+02, -0.22254463E+02, -0.21931721E+02, -0.21626957E+02, -0.21340563E+02, -0.21072903E+02, -0.20824337E+02, -0.20595211E+02, -0.20385881E+02, -0.20196693E+02, -0.20028015E+02, -0.19880220E+02, -0.19753704E+02, -0.19648884E+02, -0.19566216E+02, -0.19506187E+02, -0.19469316E+02, -0.19456177E+02, -0.19467396E+02, -0.19503641E+02, -0.19565666E+02
 -0.18750000E+01, -0.13631449E+02, -0.11942693E+02, -0.10429503E+02, -0.90768995E+01, -0.78712754E+01, -0.68002591E+01, -0.58525953E+01, -0.50180354E+01, -0.42872434E+01, -0.36517189E+01, -0.31037183E+01, -0.26361897E+01, -0.22427151E+01, -0.19174529E+01, -0.16550937E+01, -0.14508096E+01, -0.13002176E+01, -0.11993387E+01, -0.11445658E+01, -0.11326324E+01, -0.11605796E+01, -0.12257346E+01, -0.13256826E+01, -0.14582462E+01, -0.16214619E+01, -0.18135645E+01, -0.20329678E+01, -0.22782474E+01, -0.25481277E+01, -0.28414679E+01, -0.31572475E+01, -0.34945509E+01, -0.38525317E+01, -0.42303081E+01, -0.46266489E+01, -0.50390992E+01, -0.54665141E+01, -0.58886886E+01, -0.61381774E+01, -0.63827496E+01, -0.67933640E+01, -0.73079810E+01, -0.78569784E+01, -0.84260197E+01, -0.90159998E+01, -0.96271801E+01, -0.10259509E+02, -0.10912699E+02, -0.11585443E+02, -0.12276134E+02, -0.12984072E+02, -0.13708442E+02, -0.14448025E+02, -0.15202471E+02, -0.15969631E+02, -0.16747259E+02, -0.17532757E+02, -0.18323311E+02, -0.19115866E+02, -0.19907217E+02, -0.20694237E+02, -0.21473810E+02, -0.22242720E+02, -0.22997595E+02, -0.23734879E+02, -0.24450853E+02, -0.25141745E+02, -0.25803911E+02, -0.26434078E+02, -0.27029388E+02, -0.27587820E+02, -0.28107552E+02, -0.28585855E+02, -0.29022934E+02, -0.29420704E+02, -0.29783125E+02, -0.30105036E+02, -0.30374516E+02, -0.30629225E+02, -0.30940073E+02, -0.31173494E+02, -0.31144751E+02, -0.31735081E+02, -0.33444344E+02, -0.34722816E+02, -0.35373100E+02, -0.34330574E+02, -0.33757442E+02, -0.33334442E+02, -0.32738525E+02, -0.32166542E+02, -0.31583178E+02, -0.30997595E+02, -0.30418034E+02, -0.29842909E+02, -0.29274427E+02, -0.28713696E+02, -0.28162149E+02, -0.27621122E+02, -0.27091892E+02, -0.26575634E+02, -0.26073414E+02, -0.25586187E+02, -0.25114803E+02, -0.24660013E+02, -0.24222477E+02, -0.23802780E+02, -0.23401442E+02, -0.23018917E+02, -0.22655621E+02, -0.22311924E+02, -0.21988165E+02, -0.21684666E+02, -0.21401722E+02, -0.21139626E+02, -0.20898663E+02, -0.20679115E+02, -0.20481281E+02, -0.20305466E+02, -0.20151993E+02, -0.20021208E+02, -0.19913479E+02, -0.19829210E+02, -0.19768847E+02, -0.19732874E+02, -0.19721825E+02, -0.19736279E+02, -0.19776882E+02, -0.19844339E+02
 -0.17500000E+01, -0.14063186E+02, -0.12443432E+02, -0.10986730E+02, -0.96798592E+01, -0.85107136E+01, -0.74682016E+01, -0.65421662E+01, -0.57233109E+01, -0.50031261E+01, -0.43738294E+01, -0.38283067E+01, -0.33600576E+01, -0.29631481E+01, -0.26321645E+01, -0.23621724E+01, -0.21486776E+01, -0.19875923E+01, -0.18752017E+01, -0.18081338E+01, -0.17833325E+01, -0.17980306E+01, -0.18497289E+01, -0.19361715E+01, -0.20553279E+01, -0.22053735E+01, -0.23846714E+01, -0.25917573E+01, -0.28253233E+01, -0.30842030E+01, -0.33673596E+01, -0.36738815E+01, -0.40029974E+01, -0.43541555E+01, -0.47272873E+01, -0.51235805E+01, -0.55472631E+01, -0.59911156E+01, -0.63036528E+01, -0.65080428E+01, -0.68505716E+01, -0.73198676E+01, -0.78503070E+01, -0.84018841E+01, -0.89777164E+01, -0.95773344E+01, -0.10200673E+02, -0.10847618E+02, -0.11517004E+02, -0.12207481E+02, -0.12919316E+02, -0.13651238E+02, -0.14403191E+02, -0.15173919E+02, -0.15961684E+02, -0.16763884E+02, -0.17577377E+02, -0.18399048E+02, -0.19226372E+02, -0.20056908E+02, -0.20887806E+02, -0.21715788E+02, -0.22537277E+02, -0.23348459E+02, -0.24145344E+02, -0.24923824E+02, -0.25679735E+02, -0.26408895E+02, -0.27107187E+02, -0.27770611E+02, -0.28395370E+02, -0.28977713E+02, -0.29513885E+02, -0.30000656E+02, -0.30436716E+02, -0.30822542E+02, -0.31157795E+02, -0.31446896E+02, -0.31696218E+02, -0.31901522E+02, -0.32052345E+02, -0.32197060E+02, -0.32398033E+02, -0.32427937E+02, -0.32240093E+02, -0.33201839E+02, -0.34770535E+02, -0.35939198E+02, -0.35757259E+02, -0.34669651E+02, -0.34091927E+02, -0.33384068E+02, -0.32717579E+02, -0.32073444E+02, -0.31427904E+02, -0.30792341E+02, -0.30164429E+02, -0.29546541E+02, -0.28940039E+02, -0.28346540E+02, -0.27767490E+02, -0.27204170E+02, -0.26657694E+02, -0.26129015E+02, -0.25618944E+02, -0.25128170E+02, -0.24657276E+02, -0.24206755E+02, -0.23777031E+02, -0.23368464E+02, -0.22981361E+02, -0.22616001E+02, -0.22272623E+02, -0.21951452E+02, -0.21652697E+02, -0.21376556E+02, -0.21123232E+02, -0.20892931E+02, -0.20685871E+02, -0.20502279E+02, -0.20342411E+02, -0.20206539E+02, -0.20094980E+02, -0.20008076E+02, -0.19946196E+02, -0.19909779E+02, -0.19899290E+02, -0.19915260E+02, -0.19958279E+02, -0.20028997E+02
 -0.16250000E+01, -0.13769758E+02, -0.12281940E+02, -0.10939118E+02, -0.97303324E+01, -0.86454182E+01, -0.76749659E+01, -0.68102851E+01, -0.60433602E+01, -0.53668079E+01, -0.47738395E+01, -0.42582173E+01, -0.38142214E+01, -0.34366090E+01, -0.31205835E+01, -0.28617611E+01, -0.26561401E+01, -0.25000739E+01, -0.23902454E+01, -0.23236396E+01, -0.22975237E+01, -0.23094256E+01, -0.23571134E+01, -0.24385774E+01, -0.25520146E+01, -0.26958120E+01, -0.28685312E+01, -0.30688958E+01, -0.32957730E+01, -0.35481570E+01, -0.38251426E+01, -0.41258759E+01, -0.44494634E+01, -0.47947636E+01, -0.51599021E+01, -0.55410547E+01, -0.59308949E+01, -0.63874340E+01, -0.66346283E+01, -0.68775797E+01, -0.72896781E+01, -0.77973647E+01, -0.83316221E+01, -0.88913937E+01, -0.94762287E+01, -0.10086672E+02, -0.10723094E+02, -0.11384679E+02, -0.12070412E+02, -0.12781016E+02, -0.13515547E+02, -0.14274295E+02, -0.15056085E+02, -0.15858698E+02, -0.16679033E+02, -0.17514418E+02, -0.18363247E+02, -0.19223501E+02, -0.20092518E+02, -0.20967125E+02, -0.21843832E+02, -0.22719023E+02, -0.23588806E+02, -0.24448910E+02, -0.25294720E+02, -0.26121368E+02, -0.26923851E+02, -0.27697149E+02, -0.28436323E+02, -0.29136593E+02, -0.29793505E+02, -0.30403023E+02, -0.30961676E+02, -0.31466507E+02, -0.31914896E+02, -0.32304287E+02, -0.32632675E+02, -0.32899361E+02, -0.33108360E+02, -0.33265617E+02, -0.33381779E+02, -0.33450924E+02, -0.33469891E+02, -0.33515846E+02, -0.33621849E+02, -0.33436195E+02, -0.33472031E+02, -0.34995502E+02, -0.36062126E+02, -0.36514828E+02, -0.35231060E+02, -0.34568882E+02, -0.33848053E+02, -0.33101555E+02, -0.32399864E+02, -0.31696970E+02, -0.31005932E+02, -0.30325500E+02, -0.29659016E+02, -0.29008448E+02, -0.28375568E+02, -0.27761789E+02, -0.27168230E+02, -0.26595778E+02, -0.26045135E+02, -0.25516867E+02, -0.25011415E+02, -0.24529131E+02, -0.24070292E+02, -0.23635118E+02, -0.23223787E+02, -0.22836437E+02, -0.22473186E+02, -0.22134138E+02, -0.21819386E+02, -0.21529018E+02, -0.21263134E+02, -0.21021837E+02, -0.20805252E+02, -0.20613518E+02, -0.20446800E+02, -0.20305294E+02, -0.20189224E+02, -0.20098858E+02, -0.20034510E+02, -0.19996515E+02, -0.19985283E+02, -0.20001272E+02, -0.20044989E+02, -0.20117012E+02
 -0.15000000E+01, -0.12831497E+02, -0.11528095E+02, -0.10347610E+02, -0.92815647E+01, -0.83219738E+01, -0.74613461E+01, -0.66926851E+01, -0.60094795E+01, -0.54056835E+01, -0.48757014E+01, -0.44143629E+01, -0.40169001E+01, -0.36789279E+01, -0.33964181E+01, -0.31656790E+01, -0.29833322E+01, -0.28462932E+01, -0.27517521E+01, -0.26971564E+01, -0.26801898E+01, -0.26987622E+01, -0.27509892E+01, -0.28351810E+01, -0.29498315E+01, -0.30936022E+01, -0.32653174E+01, -0.34639502E+01, -0.36886194E+01, -0.39385796E+01, -0.42132215E+01, -0.45120778E+01, -0.48348441E+01, -0.51814508E+01, -0.55522604E+01, -0.59487123E+01, -0.63694978E+01, -0.66931343E+01, -0.69000440E+01, -0.72438407E+01, -0.77071500E+01, -0.82187376E+01, -0.87565823E+01, -0.93217592E+01, -0.99146700E+01, -0.10535762E+02, -0.11184524E+02, -0.11860232E+02, -0.12563906E+02, -0.13295109E+02, -0.14054050E+02, -0.14839905E+02, -0.15650035E+02, -0.16481750E+02, -0.17334068E+02, -0.18205650E+02, -0.19094395E+02, -0.19997681E+02, -0.20912828E+02, -0.21836931E+02, -0.22766508E+02, -0.23697496E+02, -0.24625277E+02, -0.25544666E+02, -0.26450092E+02, -0.27335646E+02, -0.28195053E+02, -0.29021950E+02, -0.29810122E+02, -0.30553774E+02, -0.31247614E+02, -0.31886927E+02, -0.32467621E+02, -0.32986385E+02, -0.33440796E+02, -0.33829369E+02, -0.34151466E+02, -0.34407291E+02, -0.34596485E+02, -0.34717747E+02, -0.34774246E+02, -0.34778442E+02, -0.34742435E+02, -0.34654804E+02, -0.34524479E+02, -0.34464336E+02, -0.34355900E+02, -0.33871323E+02, -0.34484535E+02, -0.35793678E+02, -0.36616661E+02, -0.35465134E+02, -0.34716358E+02, -0.34095776E+02, -0.33314812E+02, -0.32556637E+02, -0.31791376E+02, -0.31041124E+02, -0.30307550E+02, -0.29594311E+02, -0.28903263E+02, -0.28235699E+02, -0.27592539E+02, -0.26974438E+02, -0.26381863E+02, -0.25815142E+02, -0.25274494E+02, -0.24760063E+02, -0.24271927E+02, -0.23810120E+02, -0.23374638E+02, -0.22965462E+02, -0.22582550E+02, -0.22225861E+02, -0.21895346E+02, -0.21590967E+02, -0.21312698E+02, -0.21060530E+02, -0.20834469E+02, -0.20634550E+02, -0.20460840E+02, -0.20313440E+02, -0.20192480E+02, -0.20098127E+02, -0.20030611E+02, -0.19990183E+02, -0.19977171E+02, -0.19991934E+02, -0.20034904E+02, -0.20106558E+02
 -0.13750000E+01, -0.11347023E+02, -0.10269003E+02, -0.92892666E+01, -0.84018202E+01, -0.76009040E+01, -0.68810325E+01, -0.62370095E+01, -0.56639452E+01, -0.51572580E+01, -0.47126703E+01, -0.43262029E+01, -0.39941649E+01, -0.37131436E+01, -0.34799912E+01, -0.32918122E+01, -0.31459503E+01, -0.30399776E+01, -0.29716778E+01, -0.29390380E+01, -0.29402363E+01, -0.29736302E+01, -0.30377469E+01, -0.31312749E+01, -0.32530546E+01, -0.34020722E+01, -0.35774539E+01, -0.37784595E+01, -0.40044851E+01, -0.42550635E+01, -0.45298729E+01, -0.48287568E+01, -0.51517677E+01, -0.54992461E+01, -0.58720016E+01, -0.62713213E+01, -0.67196088E+01, -0.69434309E+01, -0.71691427E+01, -0.75686436E+01, -0.80562735E+01, -0.85695868E+01, -0.91118536E+01, -0.96832094E+01, -0.10284246E+02, -0.10914921E+02, -0.11574829E+02, -0.12265266E+02, -0.12986192E+02, -0.13738089E+02, -0.14520217E+02, -0.15329926E+02, -0.16166006E+02, -0.17028105E+02, -0.17915068E+02, -0.18825190E+02, -0.19756804E+02, -0.20708099E+02, -0.21676653E+02, -0.22659452E+02, -0.23652754E+02, -0.24651747E+02, -0.25650808E+02, -0.26643667E+02, -0.27623190E+02, -0.28581608E+02, -0.29511158E+02, -0.30404099E+02, -0.31252680E+02, -0.32049244E+02, -0.32786690E+02, -0.33458958E+02, -0.34061329E+02, -0.34590508E+02, -0.35044628E+02, -0.35423180E+02, -0.35726448E+02, -0.35955090E+02, -0.36110668E+02, -0.36195789E+02, -0.36213207E+02, -0.36163174E+02, -0.36047180E+02, -0.35883934E+02, -0.35685875E+02, -0.35434105E+02, -0.35183048E+02, -0.35042648E+02, -0.34641216E+02, -0.34438824E+02, -0.35794155E+02, -0.36715988E+02, -0.36368137E+02, -0.35111084E+02, -0.34298344E+02, -0.33375858E+02, -0.32519047E+02, -0.31679173E+02, -0.30869204E+02, -0.30087255E+02, -0.29334118E+02, -0.28610233E+02, -0.27915863E+02, -0.27251160E+02, -0.26616180E+02, -0.26010899E+02, -0.25435225E+02, -0.24889021E+02, -0.24372114E+02, -0.23884308E+02, -0.23425386E+02, -0.22995134E+02, -0.22593327E+02, -0.22219751E+02, -0.21874203E+02, -0.21556496E+02, -0.21266460E+02, -0.21003954E+02, -0.20768862E+02, -0.20561104E+02, -0.20380621E+02, -0.20227411E+02, -0.20101496E+02, -0.20002954E+02, -0.19931896E+02, -0.19888498E+02, -0.19872976E+02, -0.19885593E+02, -0.19926676E+02, -0.19996620E+02
 -0.12500000E+01, -0.94264812E+01, -0.86032982E+01, -0.78524342E+01, -0.71702385E+01, -0.65531082E+01, -0.59975348E+01, -0.55001373E+01, -0.50576830E+01, -0.46671038E+01, -0.43255038E+01, -0.40301628E+01, -0.37785382E+01, -0.35682619E+01, -0.33971374E+01, -0.32631359E+01, -0.31643894E+01, -0.30991883E+01, -0.30659719E+01, -0.30633233E+01, -0.30899663E+01, -0.31447551E+01, -0.32266741E+01, -0.33348284E+01, -0.34684417E+01, -0.36268544E+01, -0.38095155E+01, -0.40159874E+01, -0.42459412E+01, -0.44991636E+01, -0.47755575E+01, -0.50751495E+01, -0.53980670E+01, -0.57444329E+01, -0.61139750E+01, -0.65062780E+01, -0.68440194E+01, -0.70566926E+01, -0.73941369E+01, -0.78415942E+01, -0.83291330E+01, -0.88462086E+01, -0.93926420E+01, -0.99693260E+01, -0.10576878E+02, -0.11215274E+02, -0.11885890E+02, -0.12589181E+02, -0.13326061E+02, -0.14096051E+02, -0.14896846E+02, -0.15728476E+02, -0.16590963E+02, -0.17483730E+02, -0.18406000E+02, -0.19357298E+02, -0.20336733E+02, -0.21342968E+02, -0.22373690E+02, -0.23425459E+02, -0.24494036E+02, -0.25574463E+02, -0.26660454E+02, -0.27744110E+02, -0.28817123E+02, -0.29870569E+02, -0.30893591E+02, -0.31874006E+02, -0.32800209E+02, -0.33662392E+02, -0.34452541E+02, -0.35163990E+02, -0.35791359E+02, -0.36330620E+02, -0.36779152E+02, -0.37135933E+02, -0.37401913E+02, -0.37580505E+02, -0.37677616E+02, -0.37699490E+02, -0.37650658E+02, -0.37535339E+02, -0.37357967E+02, -0.37119583E+02, -0.36822456E+02, -0.36491737E+02, -0.36132515E+02, -0.35734165E+02, -0.35431904E+02, -0.35139889E+02, -0.34577698E+02, -0.35756252E+02, -0.36505783E+02, -0.36493912E+02, -0.35022266E+02, -0.34121822E+02, -0.33123329E+02, -0.32203850E+02, -0.31314293E+02, -0.30462530E+02, -0.29646820E+02, -0.28866480E+02, -0.28121143E+02, -0.27410416E+02, -0.26733877E+02, -0.26091089E+02, -0.25481600E+02, -0.24904945E+02, -0.24360662E+02, -0.23848289E+02, -0.23367376E+02, -0.22917479E+02, -0.22498175E+02, -0.22109064E+02, -0.21749765E+02, -0.21419930E+02, -0.21119234E+02, -0.20847393E+02, -0.20604153E+02, -0.20389299E+02, -0.20202665E+02, -0.20044117E+02, -0.19913565E+02, -0.19810986E+02, -0.19736376E+02, -0.19689804E+02, -0.19671383E+02, -0.19681274E+02, -0.19719700E+02, -0.19786942E+02
 -0.11250000E+01, -0.71859770E+01, -0.66362181E+01, -0.61323895E+01, -0.56729918E+01, -0.52564507E+01, -0.48811555E+01, -0.45454912E+01, -0.42478638E+01, -0.39867170E+01, -0.37605491E+01, -0.35679202E+01, -0.34074633E+01, -0.32778871E+01, -0.31779811E+01, -0.31066189E+01, -0.30627577E+01, -0.30454400E+01, -0.30537939E+01, -0.30870347E+01, -0.31444585E+01, -0.32254484E+01, -0.33294690E+01, -0.34560690E+01, -0.36048758E+01, -0.37755990E+01, -0.39680271E+01, -0.41820264E+01, -0.44175429E+01, -0.46746044E+01, -0.49533358E+01, -0.52540131E+01, -0.55772243E+01, -0.59243388E+01, -0.62987332E+01, -0.67032690E+01, -0.69598308E+01, -0.71857314E+01, -0.75740275E+01, -0.80388126E+01, -0.85277910E+01, -0.90458832E+01, -0.95942392E+01, -0.10173985E+02, -0.10785487E+02, -0.11429768E+02, -0.12108081E+02, -0.12821685E+02, -0.13570701E+02, -0.14353259E+02, -0.15170216E+02, -0.16022076E+02, -0.16909071E+02, -0.17831549E+02, -0.18790190E+02, -0.19785435E+02, -0.20816999E+02, -0.21883587E+02, -0.22983322E+02, -0.24113791E+02, -0.25270983E+02, -0.26448725E+02, -0.27640142E+02, -0.28836779E+02, -0.30025078E+02, -0.31188995E+02, -0.32316116E+02, -0.33397247E+02, -0.34421612E+02, -0.35374680E+02, -0.36240761E+02, -0.37006454E+02, -0.37662567E+02, -0.38204758E+02, -0.38633591E+02, -0.38953514E+02, -0.39170933E+02, -0.39292000E+02, -0.39319874E+02, -0.39256859E+02, -0.39110897E+02, -0.38895344E+02, -0.38620956E+02, -0.38293041E+02, -0.37915627E+02, -0.37489052E+02, -0.37020000E+02, -0.36535130E+02, -0.36020142E+02, -0.35525482E+02, -0.35157120E+02, -0.34390396E+02, -0.34663074E+02, -0.35707737E+02, -0.36050060E+02, -0.34531097E+02, -0.33598831E+02, -0.32568699E+02, -0.31612440E+02, -0.30694796E+02, -0.29818748E+02, -0.28984215E+02, -0.28190187E+02, -0.27435759E+02, -0.26720036E+02, -0.26042152E+02, -0.25401264E+02, -0.24796566E+02, -0.24227280E+02, -0.23692665E+02, -0.23192019E+02, -0.22724661E+02, -0.22289959E+02, -0.21887310E+02, -0.21516148E+02, -0.21175949E+02, -0.20866230E+02, -0.20586552E+02, -0.20336517E+02, -0.20115776E+02, -0.19924030E+02, -0.19761019E+02, -0.19626551E+02, -0.19520456E+02, -0.19442652E+02, -0.19393076E+02, -0.19371733E+02, -0.19378691E+02, -0.19414051E+02, -0.19477982E+02
 -0.10000000E+01, -0.47435317E+01, -0.44757814E+01, -0.42277646E+01, -0.39999659E+01, -0.37927094E+01, -0.36061859E+01, -0.34404759E+01, -0.32955723E+01, -0.31713958E+01, -0.30678136E+01, -0.29846537E+01, -0.29217157E+01, -0.28787842E+01, -0.28556364E+01, -0.28520525E+01, -0.28678212E+01, -0.29027481E+01, -0.29566586E+01, -0.30294056E+01, -0.31208732E+01, -0.32309799E+01, -0.33596821E+01, -0.35069785E+01, -0.36729114E+01, -0.38575680E+01, -0.40610819E+01, -0.42836308E+01, -0.45254240E+01, -0.47866831E+01, -0.50675812E+01, -0.53680973E+01, -0.56876578E+01, -0.60242448E+01, -0.63726397E+01, -0.67423673E+01, -0.69574680E+01, -0.72780595E+01, -0.77011576E+01, -0.81596985E+01, -0.86473827E+01, -0.91643591E+01, -0.97120457E+01, -0.10291440E+02, -0.10903468E+02, -0.11549968E+02, -0.12232384E+02, -0.12951674E+02, -0.13706343E+02, -0.14497742E+02, -0.15326960E+02, -0.16195032E+02, -0.17103354E+02, -0.18053785E+02, -0.19048046E+02, -0.20087008E+02, -0.21171169E+02, -0.22300953E+02, -0.23475763E+02, -0.24693014E+02, -0.25948895E+02, -0.27238451E+02, -0.28551380E+02, -0.29874851E+02, -0.31205452E+02, -0.32539677E+02, -0.33853195E+02, -0.35105717E+02, -0.36262360E+02, -0.37306690E+02, -0.38235142E+02, -0.39047134E+02, -0.39740204E+02, -0.40308868E+02, -0.40744801E+02, -0.41038601E+02, -0.41183838E+02, -0.41182934E+02, -0.41059246E+02, -0.40850323E+02, -0.40578316E+02, -0.40243973E+02, -0.39843285E+02, -0.39388817E+02, -0.38895046E+02, -0.38365154E+02, -0.37800903E+02, -0.37200291E+02, -0.36581028E+02, -0.35954769E+02, -0.35311066E+02, -0.34821777E+02, -0.34131504E+02, -0.33825161E+02, -0.34888008E+02, -0.35319809E+02, -0.33765690E+02, -0.32785706E+02, -0.31739990E+02, -0.30758677E+02, -0.29827656E+02, -0.28943241E+02, -0.28104675E+02, -0.27310619E+02, -0.26559685E+02, -0.25850546E+02, -0.25181959E+02, -0.24552769E+02, -0.23961887E+02, -0.23408298E+02, -0.22891039E+02, -0.22409203E+02, -0.21961931E+02, -0.21548420E+02, -0.21167915E+02, -0.20819714E+02, -0.20503164E+02, -0.20217669E+02, -0.19962685E+02, -0.19737724E+02, -0.19542351E+02, -0.19376186E+02, -0.19238907E+02, -0.19130238E+02, -0.19049971E+02, -0.18997942E+02, -0.18974043E+02, -0.18978228E+02, -0.19010496E+02, -0.19070908E+02
 -0.87500000E+00, -0.22163877E+01, -0.22299802E+01, -0.22377343E+01, -0.22420077E+01, -0.22449260E+01, -0.22483962E+01, -0.22541184E+01, -0.22636056E+01, -0.22781987E+01, -0.22990847E+01, -0.23273151E+01, -0.23638220E+01, -0.24094326E+01, -0.24648869E+01, -0.25308471E+01, -0.26079154E+01, -0.26966407E+01, -0.27975345E+01, -0.29110754E+01, -0.30377216E+01, -0.31779203E+01, -0.33321121E+01, -0.35007405E+01, -0.36842582E+01, -0.38831341E+01, -0.40978580E+01, -0.43289504E+01, -0.45769711E+01, -0.48425369E+01, -0.51263642E+01, -0.54293623E+01, -0.57528663E+01, -0.60991745E+01, -0.64710011E+01, -0.67468934E+01, -0.69590139E+01, -0.73199139E+01, -0.77518907E+01, -0.82062874E+01, -0.86884489E+01, -0.92000084E+01, -0.97424030E+01, -0.10316685E+02, -0.10925193E+02, -0.11569252E+02, -0.12250620E+02, -0.12968095E+02, -0.13723225E+02, -0.14517651E+02, -0.15353063E+02, -0.16231659E+02, -0.17156324E+02, -0.18129778E+02, -0.19154268E+02, -0.20232187E+02, -0.21366121E+02, -0.22557249E+02, -0.23805717E+02, -0.25110931E+02, -0.26470839E+02, -0.27879654E+02, -0.29340528E+02, -0.30853956E+02, -0.32367897E+02, -0.33811680E+02, -0.35179367E+02, -0.36514744E+02, -0.37836094E+02, -0.39101452E+02, -0.40237190E+02, -0.41177872E+02, -0.41887775E+02, -0.42367008E+02, -0.42650280E+02, -0.42796337E+02, -0.42862396E+02, -0.42867195E+02, -0.42769821E+02, -0.42509476E+02, -0.42083973E+02, -0.41551502E+02, -0.40983543E+02, -0.40388435E+02, -0.39751919E+02, -0.39087387E+02, -0.38405167E+02, -0.37704102E+02, -0.36982658E+02, -0.36239239E+02, -0.35501682E+02, -0.34745655E+02, -0.34099140E+02, -0.33438454E+02, -0.32808781E+02, -0.33865887E+02, -0.34245373E+02, -0.32717476E+02, -0.31677774E+02, -0.30640387E+02, -0.29653477E+02, -0.28723902E+02, -0.27846651E+02, -0.27018881E+02, -0.26238388E+02, -0.25503307E+02, -0.24812010E+02, -0.24163019E+02, -0.23554979E+02, -0.22986618E+02, -0.22456734E+02, -0.21964193E+02, -0.21507927E+02, -0.21086927E+02, -0.20700249E+02, -0.20347008E+02, -0.20026386E+02, -0.19737629E+02, -0.19480043E+02, -0.19253002E+02, -0.19055939E+02, -0.18888348E+02, -0.18749781E+02, -0.18639864E+02, -0.18558258E+02, -0.18504702E+02, -0.18478987E+02, -0.18480942E+02, -0.18510473E+02, -0.18567520E+02
 -0.75000000E+00,  0.28083748E+00, -0.46469821E-02, -0.25972503E+00, -0.48858038E+00, -0.69507849E+00, -0.88276821E+00, -0.10548958E+01, -0.12144160E+01, -0.13640141E+01, -0.15061270E+01, -0.16429619E+01, -0.17765186E+01, -0.19086119E+01, -0.20408876E+01, -0.21748457E+01, -0.23118556E+01, -0.24531708E+01, -0.25999496E+01, -0.27532654E+01, -0.29141212E+01, -0.30834637E+01, -0.32621925E+01, -0.34511728E+01, -0.36512470E+01, -0.38632414E+01, -0.40879803E+01, -0.43262925E+01, -0.45790243E+01, -0.48470540E+01, -0.51313200E+01, -0.54328804E+01, -0.57530613E+01, -0.60939569E+01, -0.64667201E+01, -0.66669941E+01, -0.69390278E+01, -0.73169179E+01, -0.77323489E+01, -0.81764965E+01, -0.86489134E+01, -0.91508350E+01, -0.96833677E+01, -0.10248112E+02, -0.10847239E+02, -0.11483068E+02, -0.12154902E+02, -0.12863968E+02, -0.13612267E+02, -0.14401955E+02, -0.15235629E+02, -0.16116875E+02, -0.17049126E+02, -0.18035738E+02, -0.19080530E+02, -0.20187674E+02, -0.21360205E+02, -0.22600859E+02, -0.23912813E+02, -0.25298706E+02, -0.26762188E+02, -0.28314329E+02, -0.29919792E+02, -0.31540453E+02, -0.33293682E+02, -0.35311527E+02, -0.37440544E+02, -0.39333603E+02, -0.40777210E+02, -0.41820110E+02, -0.42644882E+02, -0.43419533E+02, -0.44233215E+02, -0.45080791E+02, -0.45856415E+02, -0.46356579E+02, -0.46341408E+02, -0.45721096E+02, -0.44746601E+02, -0.43855640E+02, -0.43234200E+02, -0.42694736E+02, -0.42016499E+02, -0.41227562E+02, -0.40430737E+02, -0.39625519E+02, -0.38803047E+02, -0.37980377E+02, -0.37155174E+02, -0.36325928E+02, -0.35484589E+02, -0.34655411E+02, -0.33829742E+02, -0.33069653E+02, -0.32396820E+02, -0.31603811E+02, -0.32618309E+02, -0.32754734E+02, -0.31371927E+02, -0.30271965E+02, -0.29262566E+02, -0.28303175E+02, -0.27398088E+02, -0.26545450E+02, -0.25742992E+02, -0.24988718E+02, -0.24280857E+02, -0.23617781E+02, -0.22997948E+02, -0.22419889E+02, -0.21882193E+02, -0.21383511E+02, -0.20922562E+02, -0.20498137E+02, -0.20109098E+02, -0.19754389E+02, -0.19433020E+02, -0.19144081E+02, -0.18886736E+02, -0.18660221E+02, -0.18463840E+02, -0.18296970E+02, -0.18159052E+02, -0.18049587E+02, -0.17968151E+02, -0.17914366E+02, -0.17887915E+02, -0.17888546E+02, -0.17916048E+02, -0.17970266E+02
 -0.62500000E+00,  0.26377861E+01,  0.20984759E+01,  0.16126772E+01,  0.11743971E+01,  0.77808374E+00,  0.41861913E+00,  0.91302261E-01, -0.20817049E+00, -0.48373181E+00, -0.73897082E+00, -0.97715741E+00, -0.12012714E+01, -0.14140291E+01, -0.16179078E+01, -0.18151690E+01, -0.20078824E+01, -0.21979468E+01, -0.23871090E+01, -0.25769846E+01, -0.27690732E+01, -0.29647751E+01, -0.31654079E+01, -0.33722200E+01, -0.35864053E+01, -0.38091145E+01, -0.40414677E+01, -0.42845645E+01, -0.45394855E+01, -0.48072767E+01, -0.50888877E+01, -0.53849754E+01, -0.56954350E+01, -0.60177751E+01, -0.63171344E+01, -0.65176487E+01, -0.68387575E+01, -0.72285542E+01, -0.76363854E+01, -0.80688238E+01, -0.85279274E+01, -0.90154419E+01, -0.95330305E+01, -0.10082967E+02, -0.10666889E+02, -0.11286101E+02, -0.11940901E+02, -0.12633515E+02, -0.13366270E+02, -0.14141785E+02, -0.14963911E+02, -0.15836460E+02, -0.16763332E+02, -0.17749041E+02, -0.18798635E+02, -0.19916285E+02, -0.21106464E+02, -0.22375494E+02, -0.23729942E+02, -0.25180906E+02, -0.26733212E+02, -0.28358692E+02, -0.30155174E+02, -0.32198654E+02, -0.34003799E+02, -0.34944519E+02, -0.35031322E+02, -0.34735874E+02, -0.34481274E+02, -0.34463428E+02, -0.34737293E+02, -0.35310638E+02, -0.36170612E+02, -0.37282757E+02, -0.38593655E+02, -0.40051365E+02, -0.41632015E+02, -0.43301357E+02, -0.44813900E+02, -0.45544346E+02, -0.44996216E+02, -0.43690411E+02, -0.42605740E+02, -0.41786377E+02, -0.40866802E+02, -0.39895699E+02, -0.38946579E+02, -0.37995354E+02, -0.37057919E+02, -0.36135044E+02, -0.35223240E+02, -0.34313480E+02, -0.33417496E+02, -0.32548981E+02, -0.31728893E+02, -0.31050220E+02, -0.30255138E+02, -0.31223948E+02, -0.30847647E+02, -0.29760099E+02, -0.28662317E+02, -0.27672230E+02, -0.26748146E+02, -0.25879751E+02, -0.25063456E+02, -0.24297277E+02, -0.23579597E+02, -0.22908821E+02, -0.22283306E+02, -0.21701403E+02, -0.21161486E+02, -0.20661982E+02, -0.20201387E+02, -0.19778286E+02, -0.19391348E+02, -0.19039333E+02, -0.18721092E+02, -0.18435566E+02, -0.18181780E+02, -0.17958841E+02, -0.17765938E+02, -0.17602333E+02, -0.17467361E+02, -0.17360428E+02, -0.17281008E+02, -0.17228624E+02, -0.17202883E+02, -0.17203423E+02, -0.17229952E+02, -0.17282217E+02
 -0.50000000E+00,  0.47503877E+01,  0.39839020E+01,  0.32919443E+01,  0.26667595E+01,  0.21011932E+01,  0.15886664E+01,  0.11231467E+01,  0.69910896E+00,  0.31150246E+00, -0.44285234E-01, -0.37246507E+00, -0.67688036E+00, -0.96103871E+00, -0.12281446E+01, -0.14811276E+01, -0.17226683E+01, -0.19552277E+01, -0.21810677E+01, -0.24022734E+01, -0.26207767E+01, -0.28383718E+01, -0.30567377E+01, -0.32774541E+01, -0.35020156E+01, -0.37318537E+01, -0.39683518E+01, -0.42128677E+01, -0.44667659E+01, -0.47314773E+01, -0.50086207E+01, -0.53002720E+01, -0.56093512E+01, -0.59418263E+01, -0.61725683E+01, -0.63898430E+01, -0.67167554E+01, -0.70825214E+01, -0.74727407E+01, -0.78872914E+01, -0.83276281E+01, -0.87951908E+01, -0.92919693E+01, -0.98201647E+01, -0.10381883E+02, -0.10976521E+02, -0.11606361E+02, -0.12273664E+02, -0.12980910E+02, -0.13731732E+02, -0.14530011E+02, -0.15379611E+02, -0.16285030E+02, -0.17251427E+02, -0.18283117E+02, -0.19385044E+02, -0.20564445E+02, -0.21829323E+02, -0.23192352E+02, -0.24653540E+02, -0.26216303E+02, -0.27969908E+02, -0.29497782E+02, -0.29872345E+02, -0.28972441E+02, -0.27498913E+02, -0.26106817E+02, -0.25159256E+02, -0.24801216E+02, -0.24967968E+02, -0.25485474E+02, -0.26190742E+02, -0.26991043E+02, -0.27877426E+02, -0.28929911E+02, -0.30310484E+02, -0.32196262E+02, -0.34599731E+02, -0.37218571E+02, -0.39660393E+02, -0.41810699E+02, -0.43366665E+02, -0.43331848E+02, -0.41988556E+02, -0.40823929E+02, -0.39826778E+02, -0.38738789E+02, -0.37684723E+02, -0.36642574E+02, -0.35626942E+02, -0.34640495E+02, -0.33678699E+02, -0.32733898E+02, -0.31808466E+02, -0.30932043E+02, -0.30108807E+02, -0.29456455E+02, -0.28892155E+02, -0.29822145E+02, -0.28533169E+02, -0.27716518E+02, -0.26794949E+02, -0.25885096E+02, -0.25014807E+02, -0.24192793E+02, -0.23421513E+02, -0.22700712E+02, -0.22029009E+02, -0.21404579E+02, -0.20825470E+02, -0.20289742E+02, -0.19795528E+02, -0.19341072E+02, -0.18924732E+02, -0.18544977E+02, -0.18200396E+02, -0.17889685E+02, -0.17611647E+02, -0.17365179E+02, -0.17149279E+02, -0.16963028E+02, -0.16805590E+02, -0.16676210E+02, -0.16574205E+02, -0.16498960E+02, -0.16449932E+02, -0.16426624E+02, -0.16428617E+02, -0.16455521E+02, -0.16507023E+02
 -0.37500000E+00,  0.65236993E+01,  0.55651073E+01,  0.46991639E+01,  0.39164937E+01,  0.32085052E+01,  0.25673366E+01,  0.19858013E+01,  0.14573333E+01,  0.97593760E+00,  0.53614241E+00,  0.13295254E+00, -0.23819247E+00, -0.58145523E+00, -0.90064061E+00, -0.11992279E+01, -0.14804037E+01, -0.17470877E+01, -0.20019650E+01, -0.22475064E+01, -0.24859962E+01, -0.27195499E+01, -0.29501379E+01, -0.31796031E+01, -0.34096799E+01, -0.36420100E+01, -0.38781598E+01, -0.41196299E+01, -0.43678665E+01, -0.46242681E+01, -0.48901997E+01, -0.51670613E+01, -0.54573655E+01, -0.57624083E+01, -0.59368362E+01, -0.61942048E+01, -0.65242558E+01, -0.68724504E+01, -0.72419305E+01, -0.76340327E+01, -0.80502720E+01, -0.84924192E+01, -0.89625998E+01, -0.94627762E+01, -0.99934778E+01, -0.10555928E+02, -0.11152203E+02, -0.11784612E+02, -0.12456124E+02, -0.13170465E+02, -0.13931082E+02, -0.14741976E+02, -0.15607774E+02, -0.16532314E+02, -0.17519743E+02, -0.18576336E+02, -0.19709093E+02, -0.20928230E+02, -0.22231899E+02, -0.23628141E+02, -0.25078136E+02, -0.25749119E+02, -0.24768167E+02, -0.22757591E+02, -0.21055517E+02, -0.20393028E+02, -0.20677528E+02, -0.21418716E+02, -0.22215252E+02, -0.22940704E+02, -0.23631973E+02, -0.24352652E+02, -0.25131367E+02, -0.25967247E+02, -0.26838083E+02, -0.27696709E+02, -0.28474546E+02, -0.29151421E+02, -0.29943310E+02, -0.31402855E+02, -0.33878620E+02, -0.36783581E+02, -0.39299274E+02, -0.40952236E+02, -0.40558193E+02, -0.39183525E+02, -0.38106651E+02, -0.36953812E+02, -0.35842316E+02, -0.34752346E+02, -0.33699207E+02, -0.32686630E+02, -0.31709194E+02, -0.30760256E+02, -0.29839119E+02, -0.28983366E+02, -0.28192165E+02, -0.27546860E+02, -0.27507029E+02, -0.28353933E+02, -0.26923212E+02, -0.25841702E+02, -0.24865318E+02, -0.23963770E+02, -0.23128759E+02, -0.22354477E+02, -0.21636549E+02, -0.20971388E+02, -0.20355900E+02, -0.19787340E+02, -0.19263235E+02, -0.18781338E+02, -0.18339600E+02, -0.17936150E+02, -0.17569273E+02, -0.17237402E+02, -0.16939100E+02, -0.16673052E+02, -0.16438055E+02, -0.16233009E+02, -0.16056913E+02, -0.15908854E+02, -0.15787999E+02, -0.15693597E+02, -0.15624964E+02, -0.15581487E+02, -0.15562613E+02, -0.15567843E+02, -0.15596742E+02, -0.15648909E+02
 -0.25000000E+00,  0.78756614E+01,  0.67678275E+01,  0.57669473E+01,  0.48623171E+01,  0.40441961E+01,  0.33037105E+01,  0.26327755E+01,  0.20240233E+01,  0.14707367E+01,  0.96679020E+00,  0.50659460E+00,  0.85049756E-01, -0.30250293E+00, -0.66031951E+00, -0.99229306E+00, -0.13019892E+01, -0.15926747E+01, -0.18673508E+01, -0.21287782E+01, -0.23795011E+01, -0.26218750E+01, -0.28580828E+01, -0.30901589E+01, -0.33200102E+01, -0.35494308E+01, -0.37801197E+01, -0.40136857E+01, -0.42516270E+01, -0.44952469E+01, -0.47454271E+01, -0.50021038E+01, -0.52600451E+01, -0.55182586E+01, -0.56904917E+01, -0.59620810E+01, -0.62751946E+01, -0.66027532E+01, -0.69479880E+01, -0.73131561E+01, -0.77002859E+01, -0.81112137E+01, -0.85482244E+01, -0.90132217E+01, -0.95059175E+01, -0.10028340E+02, -0.10582513E+02, -0.11170652E+02, -0.11796099E+02, -0.12461788E+02, -0.13170991E+02, -0.13927400E+02, -0.14734289E+02, -0.15594371E+02, -0.16512165E+02, -0.17492647E+02, -0.18542456E+02, -0.19658922E+02, -0.20838152E+02, -0.21962587E+02, -0.22023836E+02, -0.20319235E+02, -0.18229773E+02, -0.17325787E+02, -0.17561527E+02, -0.18126921E+02, -0.18591352E+02, -0.19001421E+02, -0.19494192E+02, -0.20101627E+02, -0.20794291E+02, -0.21542400E+02, -0.22323771E+02, -0.23123903E+02, -0.23935802E+02, -0.24762491E+02, -0.25619320E+02, -0.26524004E+02, -0.27454866E+02, -0.28302734E+02, -0.28975243E+02, -0.29876608E+02, -0.31970524E+02, -0.34887451E+02, -0.37331562E+02, -0.38083981E+02, -0.36865677E+02, -0.35746967E+02, -0.34575047E+02, -0.33452148E+02, -0.32357887E+02, -0.31307451E+02, -0.30304882E+02, -0.29343483E+02, -0.28415251E+02, -0.27520367E+02, -0.26693531E+02, -0.25937740E+02, -0.25167507E+02, -0.25949486E+02, -0.25604362E+02, -0.24555553E+02, -0.23564007E+02, -0.22662933E+02, -0.21836567E+02, -0.21075844E+02, -0.20374508E+02, -0.19727814E+02, -0.19131912E+02, -0.18583532E+02, -0.18079832E+02, -0.17618286E+02, -0.17196638E+02, -0.16812853E+02, -0.16465084E+02, -0.16151653E+02, -0.15871033E+02, -0.15621824E+02, -0.15402757E+02, -0.15212664E+02, -0.15050485E+02, -0.14915252E+02, -0.14806081E+02, -0.14722170E+02, -0.14662790E+02, -0.14627274E+02, -0.14615028E+02, -0.14625502E+02, -0.14658203E+02, -0.14712685E+02
 -0.12500000E+00,  0.87414322E+01,  0.75336518E+01,  0.64424424E+01,  0.54562426E+01,  0.45645690E+01,  0.37579086E+01,  0.30276086E+01,  0.23657973E+01,  0.17653028E+01,  0.12195888E+01,  0.72269368E+00,  0.26917589E+00, -0.14593567E+00, -0.52718478E+00, -0.87872726E+00, -0.12043693E+01, -0.15076004E+01, -0.17916230E+01, -0.20593810E+01, -0.23135848E+01, -0.25567355E+01, -0.27911477E+01, -0.30189672E+01, -0.32421997E+01, -0.34627306E+01, -0.36823671E+01, -0.39028883E+01, -0.41261244E+01, -0.43540616E+01, -0.45888853E+01, -0.48326435E+01, -0.50972266E+01, -0.52874513E+01, -0.54615321E+01, -0.57135110E+01, -0.59913664E+01, -0.62864451E+01, -0.65991926E+01, -0.69307489E+01, -0.72824798E+01, -0.76567597E+01, -0.80547810E+01, -0.84772472E+01, -0.89251728E+01, -0.94002323E+01, -0.99042482E+01, -0.10439640E+02, -0.11009064E+02, -0.11615026E+02, -0.12260260E+02, -0.12947561E+02, -0.13678335E+02, -0.14455266E+02, -0.15281337E+02, -0.16159885E+02, -0.17089233E+02, -0.18056601E+02, -0.18962881E+02, -0.18843054E+02, -0.16994537E+02, -0.15173304E+02, -0.14775772E+02, -0.15113029E+02, -0.15436352E+02, -0.15746888E+02, -0.16175142E+02, -0.16733257E+02, -0.17373550E+02, -0.18068434E+02, -0.18798479E+02, -0.19547264E+02, -0.20311941E+02, -0.21091665E+02, -0.21879786E+02, -0.22659552E+02, -0.23403055E+02, -0.24081348E+02, -0.24703096E+02, -0.25341690E+02, -0.26083506E+02, -0.26896307E+02, -0.27577806E+02, -0.28453121E+02, -0.30741358E+02, -0.33488403E+02, -0.34882603E+02, -0.33905586E+02, -0.32815105E+02, -0.31668402E+02, -0.30572672E+02, -0.29513655E+02, -0.28503895E+02, -0.27545450E+02, -0.26630676E+02, -0.25750978E+02, -0.24916506E+02, -0.24157818E+02, -0.23535061E+02, -0.22686493E+02, -0.24048170E+02, -0.22845015E+02, -0.21932890E+02, -0.21084120E+02, -0.20299446E+02, -0.19575453E+02, -0.18908487E+02, -0.18294836E+02, -0.17730982E+02, -0.17213713E+02, -0.16740149E+02, -0.16307709E+02, -0.15914083E+02, -0.15557179E+02, -0.15235110E+02, -0.14946156E+02, -0.14688747E+02, -0.14461457E+02, -0.14262979E+02, -0.14092117E+02, -0.13947783E+02, -0.13828980E+02, -0.13734800E+02, -0.13664414E+02, -0.13617064E+02, -0.13592063E+02, -0.13588771E+02, -0.13606628E+02, -0.13645102E+02, -0.13703712E+02
  0.00000000E+00,  0.90775299E+01,  0.78233414E+01,  0.66900392E+01,  0.56657987E+01,  0.47399135E+01,  0.39026639E+01,  0.31452200E+01,  0.24595425E+01,  0.18383070E+01,  0.12748344E+01,  0.76302922E+00,  0.29732296E+00, -0.12737344E+00, -0.51571465E+00, -0.87196195E+00, -0.12000182E+01, -0.15034641E+01, -0.17855835E+01, -0.20493970E+01, -0.22976809E+01, -0.25329919E+01, -0.27576852E+01, -0.29739316E+01, -0.31837296E+01, -0.33889270E+01, -0.35912447E+01, -0.37923532E+01, -0.39940693E+01, -0.41988964E+01, -0.44114509E+01, -0.46422744E+01, -0.48734279E+01, -0.49958749E+01, -0.51734228E+01, -0.54104004E+01, -0.56581683E+01, -0.59204493E+01, -0.61978250E+01, -0.64915752E+01, -0.68034248E+01, -0.71350064E+01, -0.74881043E+01, -0.78623376E+01, -0.82592525E+01, -0.86803532E+01, -0.91271954E+01, -0.96021709E+01, -0.10107147E+02, -0.10644109E+02, -0.11215166E+02, -0.11821315E+02, -0.12463538E+02, -0.13143311E+02, -0.13861868E+02, -0.14619230E+02, -0.15401361E+02, -0.16164492E+02, -0.16203436E+02, -0.14573529E+02, -0.12874804E+02, -0.12553803E+02, -0.12784592E+02, -0.13008478E+02, -0.13302563E+02, -0.13697495E+02, -0.14174863E+02, -0.14708034E+02, -0.15265471E+02, -0.15840559E+02, -0.16443117E+02, -0.17073465E+02, -0.17729322E+02, -0.18413132E+02, -0.19126104E+02, -0.19867001E+02, -0.20630730E+02, -0.21405247E+02, -0.22161732E+02, -0.22843710E+02, -0.23383507E+02, -0.23826260E+02, -0.24382118E+02, -0.25091507E+02, -0.25717617E+02, -0.27137875E+02, -0.29819895E+02, -0.31320522E+02, -0.30425783E+02, -0.29388582E+02, -0.28311911E+02, -0.27279533E+02, -0.26291002E+02, -0.25356337E+02, -0.24473448E+02, -0.23633074E+02, -0.22829300E+02, -0.22085154E+02, -0.21404709E+02, -0.20950850E+02, -0.20796438E+02, -0.20860550E+02, -0.20044889E+02, -0.19265108E+02, -0.18535454E+02, -0.17862253E+02, -0.17243820E+02, -0.16676613E+02, -0.16157045E+02, -0.15681908E+02, -0.15248383E+02, -0.14853975E+02, -0.14496449E+02, -0.14173777E+02, -0.13884113E+02, -0.13625770E+02, -0.13397198E+02, -0.13196983E+02, -0.13023828E+02, -0.12876543E+02, -0.12754045E+02, -0.12655339E+02, -0.12579517E+02, -0.12525748E+02, -0.12493274E+02, -0.12481395E+02, -0.12489479E+02, -0.12516935E+02, -0.12563232E+02, -0.12627862E+02
  0.12500000E+00,  0.88648119E+01,  0.76191540E+01,  0.64932046E+01,  0.54755225E+01,  0.45557170E+01,  0.37243352E+01,  0.29727666E+01,  0.22931569E+01,  0.16783379E+01,  0.11217610E+01,  0.61743903E+00,  0.15989634E+00, -0.25587875E+00, -0.63447475E+00, -0.98009849E+00, -0.12966063E+01, -0.15875369E+01, -0.18561423E+01, -0.21054101E+01, -0.23380904E+01, -0.25567138E+01, -0.27636051E+01, -0.29608941E+01, -0.31505077E+01, -0.33341386E+01, -0.35131650E+01, -0.36884606E+01, -0.38599827E+01, -0.40258522E+01, -0.41803269E+01, -0.43089700E+01, -0.45426364E+01, -0.46667504E+01, -0.48553915E+01, -0.50683846E+01, -0.52862206E+01, -0.55126987E+01, -0.57506428E+01, -0.60022950E+01, -0.62694535E+01, -0.65534496E+01, -0.68558011E+01, -0.71766634E+01, -0.75172381E+01, -0.78787732E+01, -0.82628069E+01, -0.86710682E+01, -0.91049805E+01, -0.95659685E+01, -0.10055231E+02, -0.10572536E+02, -0.11118449E+02, -0.11693178E+02, -0.12296489E+02, -0.12919846E+02, -0.13546155E+02, -0.13849582E+02, -0.12731575E+02, -0.11032726E+02, -0.10538210E+02, -0.10671898E+02, -0.10843140E+02, -0.11074099E+02, -0.11369717E+02, -0.11740449E+02, -0.12150126E+02, -0.12568979E+02, -0.13006236E+02, -0.13463106E+02, -0.13934073E+02, -0.14424530E+02, -0.14942356E+02, -0.15497228E+02, -0.16097383E+02, -0.16746204E+02, -0.17440611E+02, -0.18170732E+02, -0.18919945E+02, -0.19664396E+02, -0.20371803E+02, -0.20980577E+02, -0.21402456E+02, -0.21724989E+02, -0.22264679E+02, -0.22938316E+02, -0.23892487E+02, -0.26380367E+02, -0.27421759E+02, -0.26543030E+02, -0.25558430E+02, -0.24588821E+02, -0.23658617E+02, -0.22775341E+02, -0.21944994E+02, -0.21162178E+02, -0.20414280E+02, -0.19695089E+02, -0.19033394E+02, -0.18390240E+02, -0.17729580E+02, -0.19085669E+02, -0.18080692E+02, -0.17255634E+02, -0.16560398E+02, -0.15945169E+02, -0.15388790E+02, -0.14881594E+02, -0.14418498E+02, -0.13996246E+02, -0.13612325E+02, -0.13264558E+02, -0.12950954E+02, -0.12669664E+02, -0.12418964E+02, -0.12197255E+02, -0.12003057E+02, -0.11835004E+02, -0.11691845E+02, -0.11572433E+02, -0.11475714E+02, -0.11400730E+02, -0.11346600E+02, -0.11312516E+02, -0.11297742E+02, -0.11301598E+02, -0.11323463E+02, -0.11362755E+02, -0.11418944E+02, -0.11491533E+02
  0.25000000E+00,  0.81094236E+01,  0.69255576E+01,  0.58550344E+01,  0.48873806E+01,  0.40130205E+01,  0.32231963E+01,  0.25098906E+01,  0.18657631E+01,  0.12840906E+01,  0.75871259E+00,  0.28398225E+00, -0.14527677E+00, -0.53381103E+00, -0.88597667E+00, -0.12057704E+01, -0.14968631E+01, -0.17626278E+01, -0.20061684E+01, -0.22303424E+01, -0.24377851E+01, -0.26309314E+01, -0.28120372E+01, -0.29831953E+01, -0.31463523E+01, -0.33033164E+01, -0.34557509E+01, -0.36051390E+01, -0.37526772E+01, -0.38990264E+01, -0.40437298E+01, -0.41847367E+01, -0.43283844E+01, -0.44144788E+01, -0.45583076E+01, -0.47219477E+01, -0.48932471E+01, -0.50739422E+01, -0.52653990E+01, -0.54689617E+01, -0.56863933E+01, -0.59188623E+01, -0.61661706E+01, -0.64292140E+01, -0.67089944E+01, -0.70064645E+01, -0.73231049E+01, -0.76600227E+01, -0.80182247E+01, -0.83986492E+01, -0.88013153E+01, -0.92258968E+01, -0.96721392E+01, -0.10139287E+02, -0.10624883E+02, -0.11115336E+02, -0.11538570E+02, -0.11126625E+02, -0.95938368E+01, -0.87486553E+01, -0.87587566E+01, -0.88742390E+01, -0.90280380E+01, -0.92267294E+01, -0.94956598E+01, -0.97883015E+01, -0.10083775E+02, -0.10388909E+02, -0.10700001E+02, -0.11013109E+02, -0.11335464E+02, -0.11680155E+02, -0.12062654E+02, -0.12490499E+02, -0.12969265E+02, -0.13504908E+02, -0.14100696E+02, -0.14750850E+02, -0.15442084E+02, -0.16162460E+02, -0.16888527E+02, -0.17568287E+02, -0.18154324E+02, -0.18583170E+02, -0.18812683E+02, -0.19186743E+02, -0.19851494E+02, -0.20707767E+02, -0.23049692E+02, -0.23130981E+02, -0.22330826E+02, -0.21449247E+02, -0.20611439E+02, -0.19814127E+02, -0.19066168E+02, -0.18365576E+02, -0.17704817E+02, -0.17080038E+02, -0.16511675E+02, -0.16032860E+02, -0.15735526E+02, -0.15806264E+02, -0.15226671E+02, -0.14779726E+02, -0.14293795E+02, -0.13811399E+02, -0.13351801E+02, -0.12923307E+02, -0.12528950E+02, -0.12169194E+02, -0.11843268E+02, -0.11549827E+02, -0.11287296E+02, -0.11054055E+02, -0.10848518E+02, -0.10669186E+02, -0.10514659E+02, -0.10383650E+02, -0.10274978E+02, -0.10187562E+02, -0.10120416E+02, -0.10072637E+02, -0.10043402E+02, -0.10031957E+02, -0.10037608E+02, -0.10059718E+02, -0.10097703E+02, -0.10151006E+02, -0.10219124E+02, -0.10301584E+02
  0.37500000E+00,  0.68413854E+01,  0.57681065E+01,  0.47973466E+01,  0.39200375E+01,  0.31278076E+01,  0.24129343E+01,  0.17683034E+01,  0.11873620E+01,  0.66407931E+00,  0.19290707E+00, -0.23125891E+00, -0.61311120E+00, -0.95696539E+00, -0.12667894E+01, -0.15462319E+01, -0.17986497E+01, -0.20271344E+01, -0.22345312E+01, -0.24234674E+01, -0.25963721E+01, -0.27554996E+01, -0.29029586E+01, -0.30407424E+01, -0.31707773E+01, -0.32949967E+01, -0.34154670E+01, -0.35346253E+01, -0.36557610E+01, -0.37840421E+01, -0.39288561E+01, -0.41061935E+01, -0.41216278E+01, -0.41534786E+01, -0.42456613E+01, -0.43537169E+01, -0.44739871E+01, -0.46048226E+01, -0.47459588E+01, -0.48979340E+01, -0.50619245E+01, -0.52384109E+01, -0.54271183E+01, -0.56288500E+01, -0.58443680E+01, -0.60744457E+01, -0.63202662E+01, -0.65825787E+01, -0.68620558E+01, -0.71592441E+01, -0.74734325E+01, -0.78042712E+01, -0.81510515E+01, -0.85124674E+01, -0.88823042E+01, -0.92473612E+01, -0.93733673E+01, -0.84364452E+01, -0.72655988E+01, -0.70197673E+01, -0.70763183E+01, -0.71623616E+01, -0.72790565E+01, -0.74473987E+01, -0.76426997E+01, -0.78368435E+01, -0.80332041E+01, -0.82273159E+01, -0.84152851E+01, -0.86009779E+01, -0.87953997E+01, -0.90043802E+01, -0.92294312E+01, -0.94750271E+01, -0.97639132E+01, -0.10134061E+02, -0.10615840E+02, -0.11209792E+02, -0.11879248E+02, -0.12571457E+02, -0.13251506E+02, -0.13921021E+02, -0.14547297E+02, -0.15051113E+02, -0.15409413E+02, -0.15584313E+02, -0.15907566E+02, -0.16463104E+02, -0.17506163E+02, -0.19134745E+02, -0.18603460E+02, -0.17882917E+02, -0.17170288E+02, -0.16493420E+02, -0.15855389E+02, -0.15261099E+02, -0.14705450E+02, -0.14176116E+02, -0.13665339E+02, -0.13177547E+02, -0.12691205E+02, -0.12106011E+02, -0.12821403E+02, -0.12428288E+02, -0.12004148E+02, -0.11588268E+02, -0.11197367E+02, -0.10837856E+02, -0.10511429E+02, -0.10217636E+02, -0.99551144E+01, -0.97221594E+01, -0.95169992E+01, -0.93379230E+01, -0.91833344E+01, -0.90517693E+01, -0.89418955E+01, -0.88525114E+01, -0.87825260E+01, -0.87309561E+01, -0.86969090E+01, -0.86795750E+01, -0.86782150E+01, -0.86921530E+01, -0.87207689E+01, -0.87634907E+01, -0.88197775E+01, -0.88891468E+01, -0.89711208E+01, -0.90652628E+01
  0.50000000E+00,  0.51111569E+01,  0.41907158E+01,  0.33584921E+01,  0.26070766E+01,  0.19295431E+01,  0.13194400E+01,  0.77077156E+00,  0.27797806E+00, -0.16408782E+00, -0.56018591E+00, -0.91471207E+00, -0.12317241E+01, -0.15149646E+01, -0.17678837E+01, -0.19936624E+01, -0.21952322E+01, -0.23752947E+01, -0.25363426E+01, -0.26806741E+01, -0.28104141E+01, -0.29275329E+01, -0.30338635E+01, -0.31311288E+01, -0.32209775E+01, -0.33050251E+01, -0.33849242E+01, -0.34624310E+01, -0.35394223E+01, -0.36176023E+01, -0.36971152E+01, -0.37836289E+01, -0.37907956E+01, -0.38165278E+01, -0.38798590E+01, -0.39476078E+01, -0.40226398E+01, -0.41049299E+01, -0.41950173E+01, -0.42938218E+01, -0.44013891E+01, -0.45190616E+01, -0.46464491E+01, -0.47841482E+01, -0.49327521E+01, -0.50929637E+01, -0.52656131E+01, -0.54512277E+01, -0.56502700E+01, -0.58629179E+01, -0.60884542E+01, -0.63264456E+01, -0.65760784E+01, -0.68359418E+01, -0.70980530E+01, -0.73394246E+01, -0.71590590E+01, -0.61438880E+01, -0.54771986E+01, -0.54270530E+01, -0.54582319E+01, -0.55084782E+01, -0.55872326E+01, -0.57038250E+01, -0.58181701E+01, -0.59313350E+01, -0.60389347E+01, -0.61382537E+01, -0.62258043E+01, -0.63060389E+01, -0.63775201E+01, -0.64320078E+01, -0.64567370E+01, -0.64654441E+01, -0.65091658E+01, -0.66603317E+01, -0.69840994E+01, -0.75056686E+01, -0.81867638E+01, -0.89284010E+01, -0.96303825E+01, -0.10252777E+02, -0.10822382E+02, -0.11341093E+02, -0.11711719E+02, -0.11957752E+02, -0.12071195E+02, -0.12435213E+02, -0.12838357E+02, -0.14420852E+02, -0.14452350E+02, -0.13946841E+02, -0.13382768E+02, -0.12850730E+02, -0.12351632E+02, -0.11891894E+02, -0.11467665E+02, -0.11071296E+02, -0.10700875E+02, -0.10373064E+02, -0.10089394E+02, -0.98791027E+01, -0.10825096E+02, -0.10175066E+02, -0.96765337E+01, -0.92697325E+01, -0.89260082E+01, -0.86303892E+01, -0.83741961E+01, -0.81518221E+01, -0.79592977E+01, -0.77936049E+01, -0.76523366E+01, -0.75335102E+01, -0.74354558E+01, -0.73567467E+01, -0.72961464E+01, -0.72525759E+01, -0.72250814E+01, -0.72128181E+01, -0.72150269E+01, -0.72310247E+01, -0.72601919E+01, -0.73019590E+01, -0.73558044E+01, -0.74212422E+01, -0.74978189E+01, -0.75851068E+01, -0.76826949E+01, -0.77901964E+01
  0.62500000E+00,  0.29850395E+01,  0.22519546E+01,  0.15903342E+01,  0.99450809E+00,  0.45910457E+00, -0.20936415E-01, -0.45036063E+00, -0.83360219E+00, -0.11747946E+01, -0.14777814E+01, -0.17461288E+01, -0.19831424E+01, -0.21918826E+01, -0.23751802E+01, -0.25356505E+01, -0.26757088E+01, -0.27975843E+01, -0.29033334E+01, -0.29948514E+01, -0.30738802E+01, -0.31420209E+01, -0.32007358E+01, -0.32513535E+01, -0.32950723E+01, -0.33329697E+01, -0.33660359E+01, -0.33953044E+01, -0.34222331E+01, -0.34498346E+01, -0.34858088E+01, -0.35063331E+01, -0.34614677E+01, -0.34679935E+01, -0.34932637E+01, -0.35197809E+01, -0.35486212E+01, -0.35810807E+01, -0.36183748E+01, -0.36614599E+01, -0.37111297E+01, -0.37679019E+01, -0.38318145E+01, -0.39033904E+01, -0.39830942E+01, -0.40715971E+01, -0.41694326E+01, -0.42770262E+01, -0.43947225E+01, -0.45224557E+01, -0.46597915E+01, -0.48063850E+01, -0.49615736E+01, -0.51239357E+01, -0.52869225E+01, -0.54071612E+01, -0.50537906E+01, -0.42487793E+01, -0.39145095E+01, -0.38877535E+01, -0.38869607E+01, -0.39018564E+01, -0.39390152E+01, -0.39914238E+01, -0.40421166E+01, -0.40882993E+01, -0.41276965E+01, -0.41555543E+01, -0.41722698E+01, -0.41733398E+01, -0.41509771E+01, -0.40841622E+01, -0.39645536E+01, -0.38209178E+01, -0.37108383E+01, -0.37056775E+01, -0.38677235E+01, -0.42323446E+01, -0.47903266E+01, -0.54664373E+01, -0.61357994E+01, -0.67064772E+01, -0.71760936E+01, -0.75874562E+01, -0.79332910E+01, -0.81462021E+01, -0.82756939E+01, -0.84652567E+01, -0.88296671E+01, -0.94458771E+01, -0.10009265E+02, -0.96885920E+01, -0.92997179E+01, -0.89363041E+01, -0.85994949E+01, -0.82937431E+01, -0.80192966E+01, -0.77752099E+01, -0.75632510E+01, -0.74040303E+01, -0.73130159E+01, -0.73392005E+01, -0.78272572E+01, -0.73845572E+01, -0.70213041E+01, -0.67245455E+01, -0.64810944E+01, -0.62804174E+01, -0.61146898E+01, -0.59782000E+01, -0.58667555E+01, -0.57772279E+01, -0.57072315E+01, -0.56549048E+01, -0.56187601E+01, -0.55975847E+01, -0.55903683E+01, -0.55962543E+01, -0.56145053E+01, -0.56444740E+01, -0.56855903E+01, -0.57373381E+01, -0.57992506E+01, -0.58708978E+01, -0.59518814E+01, -0.60418248E+01, -0.61403718E+01, -0.62471809E+01, -0.63619208E+01, -0.64842672E+01
  0.75000000E+00,  0.54041249E+00,  0.21096732E-01, -0.44505870E+00, -0.86202019E+00, -0.12335974E+01, -0.15634202E+01, -0.18549261E+01, -0.21113546E+01, -0.23357460E+01, -0.25309451E+01, -0.26996083E+01, -0.28442078E+01, -0.29670448E+01, -0.30702529E+01, -0.31558130E+01, -0.32255583E+01, -0.32811842E+01, -0.33242574E+01, -0.33562193E+01, -0.33783917E+01, -0.33919735E+01, -0.33980329E+01, -0.33974857E+01, -0.33910410E+01, -0.33791032E+01, -0.33615658E+01, -0.33373985E+01, -0.33037970E+01, -0.32543745E+01, -0.31752186E+01, -0.32030425E+01, -0.31473770E+01, -0.31244845E+01, -0.31064653E+01, -0.30849075E+01, -0.30626824E+01, -0.30416737E+01, -0.30232811E+01, -0.30083394E+01, -0.29979250E+01, -0.29918978E+01, -0.29906008E+01, -0.29944236E+01, -0.30037317E+01, -0.30190902E+01, -0.30408823E+01, -0.30694594E+01, -0.31051323E+01, -0.31478238E+01, -0.31974547E+01, -0.32539201E+01, -0.33169637E+01, -0.33854158E+01, -0.34551992E+01, -0.34736001E+01, -0.31219931E+01, -0.25993843E+01, -0.24231641E+01, -0.23788998E+01, -0.23462324E+01, -0.23245296E+01, -0.23180265E+01, -0.23152878E+01, -0.23121448E+01, -0.23069756E+01, -0.22978537E+01, -0.22811794E+01, -0.22562108E+01, -0.22195730E+01, -0.21611352E+01, -0.20662515E+01, -0.19363447E+01, -0.17944627E+01, -0.16801307E+01, -0.16354405E+01, -0.16908356E+01, -0.18666271E+01, -0.21697314E+01, -0.25754604E+01, -0.30051320E+01, -0.33798947E+01, -0.36735456E+01, -0.39197147E+01, -0.41358008E+01, -0.42827191E+01, -0.43809237E+01, -0.44463105E+01, -0.46059580E+01, -0.48107381E+01, -0.53316317E+01, -0.51838031E+01, -0.49937444E+01, -0.48168168E+01, -0.46559329E+01, -0.45136018E+01, -0.43922992E+01, -0.42937393E+01, -0.42205582E+01, -0.41829395E+01, -0.41965990E+01, -0.42902226E+01, -0.45429010E+01, -0.43100066E+01, -0.41285448E+01, -0.39888549E+01, -0.38832278E+01, -0.38054609E+01, -0.37506926E+01, -0.37152040E+01, -0.36961887E+01, -0.36915393E+01, -0.36996639E+01, -0.37193472E+01, -0.37496436E+01, -0.37898028E+01, -0.38392162E+01, -0.38973756E+01, -0.39638500E+01, -0.40382638E+01, -0.41202812E+01, -0.42095990E+01, -0.43059359E+01, -0.44090266E+01, -0.45186181E+01, -0.46344633E+01, -0.47563200E+01, -0.48839459E+01, -0.50170965E+01, -0.51555223E+01
  0.87500000E+00, -0.21384015E+01, -0.24254661E+01, -0.26785316E+01, -0.28999484E+01, -0.30920064E+01, -0.32569170E+01, -0.33967986E+01, -0.35136669E+01, -0.36094329E+01, -0.36858997E+01, -0.37447646E+01, -0.37876182E+01, -0.38159509E+01, -0.38311536E+01, -0.38345249E+01, -0.38272736E+01, -0.38105233E+01, -0.37853179E+01, -0.37526240E+01, -0.37133360E+01, -0.36682751E+01, -0.36181860E+01, -0.35637338E+01, -0.35054779E+01, -0.34438369E+01, -0.33790026E+01, -0.33107753E+01, -0.32382202E+01, -0.31589272E+01, -0.30674338E+01, -0.30045943E+01, -0.28951151E+01, -0.28097646E+01, -0.27306557E+01, -0.26507478E+01, -0.25711246E+01, -0.24924419E+01, -0.24153042E+01, -0.23403921E+01, -0.22678840E+01, -0.21975675E+01, -0.21297190E+01, -0.20645523E+01, -0.20023248E+01, -0.19434237E+01, -0.18881490E+01, -0.18367991E+01, -0.17896973E+01, -0.17469485E+01, -0.17087920E+01, -0.16755080E+01, -0.16473677E+01, -0.16240934E+01, -0.16043230E+01, -0.15548989E+01, -0.13305184E+01, -0.10675173E+01, -0.95458323E+00, -0.88426369E+00, -0.81926858E+00, -0.75981039E+00, -0.70720983E+00, -0.65714520E+00, -0.60905701E+00, -0.56274176E+00, -0.51806110E+00, -0.47456557E+00, -0.43230692E+00, -0.39098188E+00, -0.34898618E+00, -0.30455393E+00, -0.25906822E+00, -0.21647604E+00, -0.18225075E+00, -0.15982254E+00, -0.15056358E+00, -0.15478821E+00, -0.17208126E+00, -0.20047660E+00, -0.23405308E+00, -0.26503921E+00, -0.29107147E+00, -0.31521836E+00, -0.33929357E+00, -0.36054876E+00, -0.38004971E+00, -0.39898813E+00, -0.42981905E+00, -0.46638268E+00, -0.54717672E+00, -0.55779332E+00, -0.56647426E+00, -0.57973045E+00, -0.59776783E+00, -0.62081367E+00, -0.64942533E+00, -0.68420404E+00, -0.72613823E+00, -0.77739793E+00, -0.84171826E+00, -0.92464298E+00, -0.10262861E+01, -0.10527743E+01, -0.10876112E+01, -0.11325412E+01, -0.11869042E+01, -0.12494425E+01, -0.13189774E+01, -0.13945935E+01, -0.14756383E+01, -0.15616657E+01, -0.16523774E+01, -0.17475737E+01, -0.18471191E+01, -0.19509170E+01, -0.20588942E+01, -0.21709893E+01, -0.22871470E+01, -0.24073122E+01, -0.25314243E+01, -0.26594191E+01, -0.27912238E+01, -0.29267554E+01, -0.30659208E+01, -0.32086155E+01, -0.33547218E+01, -0.35041027E+01, -0.36566148E+01, -0.38120866E+01
  0.10000000E+01, -0.49632630E+01, -0.50071177E+01, -0.50365057E+01, -0.50522413E+01, -0.50551453E+01, -0.50460382E+01, -0.50257287E+01, -0.49950085E+01, -0.49546494E+01, -0.49053960E+01, -0.48479662E+01, -0.47830462E+01, -0.47112918E+01, -0.46333270E+01, -0.45497417E+01, -0.44610968E+01, -0.43679209E+01, -0.42707148E+01, -0.41699553E+01, -0.40660977E+01, -0.39595873E+01, -0.38508723E+01, -0.37404239E+01, -0.36287885E+01, -0.35166705E+01, -0.34051239E+01, -0.32959495E+01, -0.31925862E+01, -0.31021426E+01, -0.30399230E+01, -0.28416960E+01, -0.26519113E+01, -0.24976411E+01, -0.23527746E+01, -0.22117171E+01, -0.20727065E+01, -0.19348540E+01, -0.17977970E+01, -0.16617314E+01, -0.15261805E+01, -0.13908072E+01, -0.12556385E+01, -0.11207284E+01, -0.98617387E+00, -0.85218412E+00, -0.71895409E+00, -0.58673459E+00, -0.45585129E+00, -0.32665455E+00, -0.19967054E+00, -0.75570345E-01,  0.44799544E-01,  0.16037957E+00,  0.26968342E+00,  0.36492717E+00,  0.40816912E+00,  0.43291819E+00,  0.51346380E+00,  0.61208165E+00,  0.70998150E+00,  0.80787873E+00,  0.90764588E+00,  0.10042965E+01,  0.10962639E+01,  0.11822585E+01,  0.12607961E+01,  0.13292079E+01,  0.13857982E+01,  0.14274719E+01,  0.14458392E+01,  0.14297311E+01,  0.13800261E+01,  0.13137696E+01,  0.12628546E+01,  0.12609563E+01,  0.13341602E+01,  0.15017576E+01,  0.17726537E+01,  0.21300843E+01,  0.25086725E+01,  0.28368442E+01,  0.30890903E+01,  0.32940340E+01,  0.34663613E+01,  0.35742855E+01,  0.36329482E+01,  0.36530139E+01,  0.37447147E+01,  0.38631008E+01,  0.42581439E+01,  0.40926743E+01,  0.38846509E+01,  0.36805699E+01,  0.34835334E+01,  0.32956934E+01,  0.31192818E+01,  0.29553719E+01,  0.28052452E+01,  0.26737266E+01,  0.25688825E+01,  0.25034227E+01,  0.24899879E+01,  0.22326672E+01,  0.19873711E+01,  0.17553258E+01,  0.15364326E+01,  0.13293515E+01,  0.11322134E+01,  0.94311893E+00,  0.76037049E+00,  0.58254164E+00,  0.40846679E+00,  0.23720652E+00,  0.68001792E-01, -0.99761970E-01, -0.26658598E+00, -0.43288058E+00, -0.59898311E+00, -0.76516914E+00, -0.93166488E+00, -0.10986509E+01, -0.12662671E+01, -0.14346193E+01, -0.16037785E+01, -0.17737837E+01, -0.19446430E+01, -0.21163404E+01, -0.22888222E+01, -0.24620152E+01
  0.11250000E+01, -0.78443580E+01, -0.76412020E+01, -0.74431357E+01, -0.72494764E+01, -0.70596066E+01, -0.68729753E+01, -0.66891003E+01, -0.65075612E+01, -0.63279967E+01, -0.61500993E+01, -0.59736094E+01, -0.57983088E+01, -0.56240187E+01, -0.54505882E+01, -0.52778978E+01, -0.51058497E+01, -0.49343681E+01, -0.47633963E+01, -0.45928993E+01, -0.44228678E+01, -0.42533188E+01, -0.40843186E+01, -0.39159939E+01, -0.37485683E+01, -0.35824027E+01, -0.34180455E+01, -0.32562644E+01, -0.30979602E+01, -0.29436650E+01, -0.27924752E+01, -0.25743010E+01, -0.23516347E+01, -0.21526470E+01, -0.19551651E+01, -0.17594873E+01, -0.15644463E+01, -0.13691994E+01, -0.11732219E+01, -0.97630137E+00, -0.77784324E+00, -0.57741803E+00, -0.37482220E+00, -0.16994296E+00,  0.37307668E-01,  0.24691629E+00,  0.45883244E+00,  0.67289466E+00,  0.88884395E+00,  0.11061212E+01,  0.13240085E+01,  0.15415353E+01,  0.17573820E+01,  0.19692664E+01,  0.21729803E+01,  0.23232830E+01,  0.21974137E+01,  0.19686600E+01,  0.20004697E+01,  0.21269364E+01,  0.22586291E+01,  0.23961253E+01,  0.25444603E+01,  0.26923406E+01,  0.28344655E+01,  0.29684610E+01,  0.30915000E+01,  0.31987283E+01,  0.32899084E+01,  0.33602593E+01,  0.33993607E+01,  0.33867130E+01,  0.33179245E+01,  0.32219365E+01,  0.31529472E+01,  0.31780581E+01,  0.33548074E+01,  0.37182050E+01,  0.42652397E+01,  0.49287839E+01,  0.55875826E+01,  0.61459155E+01,  0.65945492E+01,  0.69761739E+01,  0.72965913E+01,  0.74854751E+01,  0.75924263E+01,  0.77244525E+01,  0.80111341E+01,  0.84529200E+01,  0.90126667E+01,  0.86714172E+01,  0.82610188E+01,  0.78672180E+01,  0.74925141E+01,  0.71414957E+01,  0.68160014E+01,  0.65172257E+01,  0.62479815E+01,  0.60246015E+01,  0.58616080E+01,  0.57897511E+01,  0.59520073E+01,  0.54708452E+01,  0.50111666E+01,  0.45926723E+01,  0.42141967E+01,  0.38693082E+01,  0.35513659E+01,  0.32548521E+01,  0.29754848E+01,  0.27100022E+01,  0.24559133E+01,  0.22112896E+01,  0.19746124E+01,  0.17446635E+01,  0.15204502E+01,  0.13011522E+01,  0.10860852E+01,  0.87467307E+00,  0.66643083E+00,  0.46095186E+00,  0.25789261E+00,  0.56972045E-01, -0.14203902E+00, -0.33931959E+00, -0.53500366E+00, -0.72917974E+00, -0.92189813E+00, -0.11131700E+01
  0.12500000E+01, -0.10691684E+02, -0.10244712E+02, -0.98221064E+01, -0.94216728E+01, -0.90413561E+01, -0.86792517E+01, -0.83335991E+01, -0.80027914E+01, -0.76853571E+01, -0.73799605E+01, -0.70853882E+01, -0.68005404E+01, -0.65244198E+01, -0.62561245E+01, -0.59948339E+01, -0.57398057E+01, -0.54903641E+01, -0.52458954E+01, -0.50058422E+01, -0.47697039E+01, -0.45370340E+01, -0.43074431E+01, -0.40806131E+01, -0.38563006E+01, -0.36343563E+01, -0.34147279E+01, -0.31974516E+01, -0.29826148E+01, -0.27703521E+01, -0.25585060E+01, -0.22910676E+01, -0.20315111E+01, -0.17883807E+01, -0.15431471E+01, -0.12968864E+01, -0.10488664E+01, -0.79850644E+00, -0.54528129E+00, -0.28876075E+00, -0.28360205E-01,  0.23639837E+00,  0.50587362E+00,  0.78037727E+00,  0.10601672E+01,  0.13455060E+01,  0.16365341E+01,  0.19332737E+01,  0.22356086E+01,  0.25429590E+01,  0.28545604E+01,  0.31693263E+01,  0.34857211E+01,  0.38009205E+01,  0.41083760E+01,  0.43520012E+01,  0.41437263E+01,  0.36205013E+01,  0.35282271E+01,  0.36764574E+01,  0.38421113E+01,  0.40188746E+01,  0.42142453E+01,  0.44244885E+01,  0.46290803E+01,  0.48255367E+01,  0.50117507E+01,  0.51836448E+01,  0.53402610E+01,  0.54815769E+01,  0.56047182E+01,  0.56961017E+01,  0.57434502E+01,  0.57673569E+01,  0.58241377E+01,  0.59892149E+01,  0.63288884E+01,  0.68704085E+01,  0.75784302E+01,  0.83519049E+01,  0.90785818E+01,  0.97090778E+01,  0.10268316E+02,  0.10775281E+02,  0.11137522E+02,  0.11364668E+02,  0.11449010E+02,  0.11733476E+02,  0.12105042E+02,  0.13456524E+02,  0.13580575E+02,  0.13055492E+02,  0.12456961E+02,  0.11885402E+02,  0.11341972E+02,  0.10833216E+02,  0.10357584E+02,  0.99119549E+01,  0.95007315E+01,  0.91537933E+01,  0.88980894E+01,  0.88183870E+01,  0.96230354E+01,  0.86240988E+01,  0.78826132E+01,  0.72826681E+01,  0.67677417E+01,  0.63087440E+01,  0.58896689E+01,  0.55010176E+01,  0.51366925E+01,  0.47924862E+01,  0.44653144E+01,  0.41528015E+01,  0.38530524E+01,  0.35645144E+01,  0.32858906E+01,  0.30160818E+01,  0.27541499E+01,  0.24992871E+01,  0.22507980E+01,  0.20080836E+01,  0.17706293E+01,  0.15379962E+01,  0.13098147E+01,  0.10857767E+01,  0.86563599E+00,  0.64919561E+00,  0.43631908E+00,  0.22691786E+00
  0.13750000E+01, -0.13416358E+02, -0.12735843E+02, -0.12098311E+02, -0.11500021E+02, -0.10937470E+02, -0.10407412E+02, -0.99068403E+01, -0.94329958E+01, -0.89833450E+01, -0.85555696E+01, -0.81475477E+01, -0.77573457E+01, -0.73831916E+01, -0.70234699E+01, -0.66766996E+01, -0.63415232E+01, -0.60166931E+01, -0.57010593E+01, -0.53935561E+01, -0.50931935E+01, -0.47990499E+01, -0.45102625E+01, -0.42260256E+01, -0.39455945E+01, -0.36682861E+01, -0.33934929E+01, -0.31206481E+01, -0.28490396E+01, -0.25770662E+01, -0.23098614E+01, -0.19974602E+01, -0.17023759E+01, -0.14156384E+01, -0.11247544E+01, -0.83015782E+00, -0.53136110E+00, -0.22789466E+00,  0.80752380E-01,  0.39519471E+00,  0.71604347E+00,  0.10437769E+01,  0.13789433E+01,  0.17220531E+01,  0.20735850E+01,  0.24341309E+01,  0.28040988E+01,  0.31838186E+01,  0.35734706E+01,  0.39727061E+01,  0.43808827E+01,  0.47971044E+01,  0.52199659E+01,  0.56469874E+01,  0.60696955E+01,  0.64487238E+01,  0.63302684E+01,  0.55209355E+01,  0.51393609E+01,  0.52764964E+01,  0.54764943E+01,  0.56913362E+01,  0.59320002E+01,  0.62112246E+01,  0.64882874E+01,  0.67641025E+01,  0.70340424E+01,  0.72961392E+01,  0.75466223E+01,  0.77913885E+01,  0.80371685E+01,  0.82864418E+01,  0.85373373E+01,  0.87965860E+01,  0.90955772E+01,  0.94803600E+01,  0.99876652E+01,  0.10618865E+02,  0.11330566E+02,  0.12059738E+02,  0.12761395E+02,  0.13435324E+02,  0.14068659E+02,  0.14578443E+02,  0.14931446E+02,  0.15100700E+02,  0.15344058E+02,  0.15886364E+02,  0.16649012E+02,  0.18392559E+02,  0.17886292E+02,  0.17140970E+02,  0.16383636E+02,  0.15657665E+02,  0.14964868E+02,  0.14311430E+02,  0.13691961E+02,  0.13094051E+02,  0.12508452E+02,  0.11939672E+02,  0.11363936E+02,  0.10743061E+02,  0.11517224E+02,  0.10866678E+02,  0.10249177E+02,  0.96660318E+01,  0.91169758E+01,  0.86003838E+01,  0.81138868E+01,  0.76548495E+01,  0.72206559E+01,  0.68088512E+01,  0.64171963E+01,  0.60436850E+01,  0.56865315E+01,  0.53441534E+01,  0.50151515E+01,  0.46982880E+01,  0.43924708E+01,  0.40967331E+01,  0.38102252E+01,  0.35321984E+01,  0.32619979E+01,  0.29990542E+01,  0.27428761E+01,  0.24930456E+01,  0.22492113E+01,  0.20110931E+01,  0.17784637E+01,  0.15511608E+01
  0.15000000E+01, -0.15932259E+02, -0.15035770E+02, -0.14199697E+02, -0.13418724E+02, -0.12687921E+02, -0.12002737E+02, -0.11358987E+02, -0.10752825E+02, -0.10180728E+02, -0.96394711E+01, -0.91261024E+01, -0.86379204E+01, -0.81724548E+01, -0.77274370E+01, -0.73007884E+01, -0.68905940E+01, -0.64950862E+01, -0.61126251E+01, -0.57416801E+01, -0.53808103E+01, -0.50286441E+01, -0.46838613E+01, -0.43451695E+01, -0.40113001E+01, -0.36810277E+01, -0.33532882E+01, -0.30275540E+01, -0.27048843E+01, -0.23907187E+01, -0.20641100E+01, -0.17065238E+01, -0.13731827E+01, -0.10430827E+01, -0.70742375E+00, -0.36586758E+00, -0.17974479E-01,  0.33673665E+00,  0.69886398E+00,  0.10692432E+01,  0.14485395E+01,  0.18372725E+01,  0.22362077E+01,  0.26461139E+01,  0.30677423E+01,  0.35020523E+01,  0.39498363E+01,  0.44118319E+01,  0.48886867E+01,  0.53806548E+01,  0.58873467E+01,  0.64084139E+01,  0.69430151E+01,  0.74895725E+01,  0.80395937E+01,  0.85743885E+01,  0.87477427E+01,  0.78611012E+01,  0.69714761E+01,  0.69494867E+01,  0.71774855E+01,  0.74305153E+01,  0.77100148E+01,  0.80386810E+01,  0.84067488E+01,  0.87721577E+01,  0.91418886E+01,  0.95129166E+01,  0.98816500E+01,  0.10248800E+02,  0.10622440E+02,  0.11017589E+02,  0.11443830E+02,  0.11907570E+02,  0.12416506E+02,  0.12981691E+02,  0.13609336E+02,  0.14292402E+02,  0.15012716E+02,  0.15753180E+02,  0.16499191E+02,  0.17200500E+02,  0.17804754E+02,  0.18252733E+02,  0.18485323E+02,  0.18786146E+02,  0.19426838E+02,  0.20065138E+02,  0.22293262E+02,  0.22636581E+02,  0.21807175E+02,  0.20875748E+02,  0.19983990E+02,  0.19128155E+02,  0.18315552E+02,  0.17545414E+02,  0.16810635E+02,  0.16102303E+02,  0.15425829E+02,  0.14789647E+02,  0.14192215E+02,  0.13487081E+02,  0.13283203E+02,  0.12980640E+02,  0.12483436E+02,  0.11918847E+02,  0.11342107E+02,  0.10776883E+02,  0.10232777E+02,  0.97130375E+01,  0.92180452E+01,  0.87468987E+01,  0.82981682E+01,  0.78702531E+01,  0.74615445E+01,  0.70705090E+01,  0.66957192E+01,  0.63358655E+01,  0.59897590E+01,  0.56563263E+01,  0.53346033E+01,  0.50237298E+01,  0.47229381E+01,  0.44315548E+01,  0.41489882E+01,  0.38747270E+01,  0.36083317E+01,  0.33494437E+01,  0.30977592E+01,  0.28530517E+01
  0.16250000E+01, -0.18158407E+02, -0.17070957E+02, -0.16059452E+02, -0.15117058E+02, -0.14237504E+02, -0.13415043E+02, -0.12644413E+02, -0.11920806E+02, -0.11239822E+02, -0.10597443E+02, -0.99899921E+01, -0.94141064E+01, -0.88667068E+01, -0.83449707E+01, -0.78463016E+01, -0.73683090E+01, -0.69087844E+01, -0.64656734E+01, -0.60370555E+01, -0.56211152E+01, -0.52161107E+01, -0.48203321E+01, -0.44320397E+01, -0.40493650E+01, -0.36701398E+01, -0.32915661E+01, -0.29095685E+01, -0.25174344E+01, -0.21028712E+01, -0.17833271E+01, -0.14107989E+01, -0.10461305E+01, -0.67587405E+00, -0.29683408E+00,  0.90371355E-01,  0.48577353E+00,  0.88978302E+00,  0.13031304E+01,  0.17270006E+01,  0.21621172E+01,  0.26091361E+01,  0.30690765E+01,  0.35429974E+01,  0.40319834E+01,  0.45373659E+01,  0.50604696E+01,  0.56025214E+01,  0.61647768E+01,  0.67483773E+01,  0.73534145E+01,  0.79804292E+01,  0.86296034E+01,  0.93006382E+01,  0.99892273E+01,  0.10683062E+02,  0.11236313E+02,  0.10764827E+02,  0.93700256E+01,  0.87808437E+01,  0.89665308E+01,  0.92482882E+01,  0.95657425E+01,  0.99234028E+01,  0.10349217E+02,  0.10820767E+02,  0.11297691E+02,  0.11784913E+02,  0.12285479E+02,  0.12794909E+02,  0.13313544E+02,  0.13848258E+02,  0.14408680E+02,  0.15005741E+02,  0.15647519E+02,  0.16336405E+02,  0.17069328E+02,  0.17836901E+02,  0.18622257E+02,  0.19401699E+02,  0.20142170E+02,  0.20791378E+02,  0.21254038E+02,  0.21558165E+02,  0.22032722E+02,  0.22696024E+02,  0.23415939E+02,  0.25730934E+02,  0.27120871E+02,  0.26259964E+02,  0.25236235E+02,  0.24204067E+02,  0.23209347E+02,  0.22256788E+02,  0.21354279E+02,  0.20497402E+02,  0.19675669E+02,  0.18887169E+02,  0.18163891E+02,  0.17514904E+02,  0.17086742E+02,  0.17986286E+02,  0.16741137E+02,  0.15759343E+02,  0.14939083E+02,  0.14201074E+02,  0.13514802E+02,  0.12868150E+02,  0.12255752E+02,  0.11674613E+02,  0.11122528E+02,  0.10597542E+02,  0.10097802E+02,  0.96215258E+01,  0.91670141E+01,  0.87326679E+01,  0.83169918E+01,  0.79186058E+01,  0.75362411E+01,  0.71687403E+01,  0.68150525E+01,  0.64742279E+01,  0.61454158E+01,  0.58278556E+01,  0.55208755E+01,  0.52238865E+01,  0.49363794E+01,  0.46579170E+01,  0.43881440E+01,  0.41267710E+01
  0.17500000E+01, -0.20022255E+02, -0.18776070E+02, -0.17618599E+02, -0.16541685E+02, -0.15537909E+02, -0.14600516E+02, -0.13723359E+02, -0.12900835E+02, -0.12127837E+02, -0.11399704E+02, -0.10712177E+02, -0.10061366E+02, -0.94437065E+01, -0.88559284E+01, -0.82950296E+01, -0.77582455E+01, -0.72430205E+01, -0.67469869E+01, -0.62679362E+01, -0.58038006E+01, -0.53526168E+01, -0.49125037E+01, -0.44816151E+01, -0.40580778E+01, -0.36398919E+01, -0.32247400E+01, -0.28096194E+01, -0.23900664E+01, -0.19584817E+01, -0.15739205E+01, -0.11538206E+01, -0.74121350E+00, -0.32391489E+00,  0.10100620E+00,  0.53391898E+00,  0.97548014E+00,  0.14265975E+01,  0.18884099E+01,  0.23625352E+01,  0.28499978E+01,  0.33516958E+01,  0.38688641E+01,  0.44028778E+01,  0.49551888E+01,  0.55274477E+01,  0.61215987E+01,  0.67394762E+01,  0.73829942E+01,  0.80541964E+01,  0.87542219E+01,  0.94845285E+01,  0.10246720E+02,  0.11042271E+02,  0.11871977E+02,  0.12725880E+02,  0.13577256E+02,  0.13925774E+02,  0.12764875E+02,  0.11226668E+02,  0.10889510E+02,  0.11187302E+02,  0.11517496E+02,  0.11897674E+02,  0.12345583E+02,  0.12869354E+02,  0.13449009E+02,  0.14054318E+02,  0.14671536E+02,  0.15309583E+02,  0.15971157E+02,  0.16652617E+02,  0.17356693E+02,  0.18086937E+02,  0.18845432E+02,  0.19631207E+02,  0.20438831E+02,  0.21256866E+02,  0.22060497E+02,  0.22795931E+02,  0.23389101E+02,  0.23839474E+02,  0.24359156E+02,  0.25045816E+02,  0.25666679E+02,  0.26801594E+02,  0.29387379E+02,  0.31195169E+02,  0.30418669E+02,  0.29329645E+02,  0.28185766E+02,  0.27087656E+02,  0.26027876E+02,  0.25016560E+02,  0.24052517E+02,  0.23126717E+02,  0.22232582E+02,  0.21382238E+02,  0.20601757E+02,  0.19952972E+02,  0.19132301E+02,  0.19946678E+02,  0.18898972E+02,  0.17958689E+02,  0.17092651E+02,  0.16288435E+02,  0.15535679E+02,  0.14827077E+02,  0.14157549E+02,  0.13523381E+02,  0.12921645E+02,  0.12349873E+02,  0.11805873E+02,  0.11287655E+02,  0.10793383E+02,  0.10321356E+02,  0.98700018E+01,  0.94378681E+01,  0.90236168E+01,  0.86260233E+01,  0.82439680E+01,  0.78764353E+01,  0.75225053E+01,  0.71813512E+01,  0.68522372E+01,  0.65345106E+01,  0.62276030E+01,  0.59310241E+01,  0.56443586E+01,  0.53672705E+01
  0.18750000E+01, -0.21463686E+02, -0.20097342E+02, -0.18828848E+02, -0.17649082E+02, -0.16549799E+02, -0.15523530E+02, -0.14563502E+02, -0.13663558E+02, -0.12818091E+02, -0.12021994E+02, -0.11270601E+02, -0.10559648E+02, -0.98852291E+01, -0.92437649E+01, -0.86319628E+01, -0.80467958E+01, -0.74854670E+01, -0.69453950E+01, -0.64241853E+01, -0.59196191E+01, -0.54296355E+01, -0.49523311E+01, -0.44859715E+01, -0.40290370E+01, -0.35803399E+01, -0.31393085E+01, -0.27066405E+01, -0.22858338E+01, -0.18867941E+01, -0.13988268E+01, -0.91416836E+00, -0.44696558E+00,  0.18764872E-01,  0.48857588E+00,  0.96492624E+00,  0.14496362E+01,  0.19443797E+01,  0.24508524E+01,  0.29708223E+01,  0.35060594E+01,  0.40577869E+01,  0.46272416E+01,  0.52161417E+01,  0.58262787E+01,  0.64595847E+01,  0.71186128E+01,  0.78057475E+01,  0.85235643E+01,  0.92749052E+01,  0.10062498E+02,  0.10888378E+02,  0.11755725E+02,  0.12667927E+02,  0.13628744E+02,  0.14638070E+02,  0.15685857E+02,  0.16683893E+02,  0.16775312E+02,  0.15202405E+02,  0.13555926E+02,  0.13242762E+02,  0.13638895E+02,  0.14044712E+02,  0.14449051E+02,  0.14947597E+02,  0.15558276E+02,  0.16243038E+02,  0.16978310E+02,  0.17745321E+02,  0.18527412E+02,  0.19325003E+02,  0.20141911E+02,  0.20977262E+02,  0.21823328E+02,  0.22664268E+02,  0.23472034E+02,  0.24209234E+02,  0.24863461E+02,  0.25503422E+02,  0.26228106E+02,  0.27038134E+02,  0.27728886E+02,  0.28475218E+02,  0.30526579E+02,  0.33296692E+02,  0.34994942E+02,  0.34179321E+02,  0.33017391E+02,  0.31811161E+02,  0.30651993E+02,  0.29523020E+02,  0.28437416E+02,  0.27398407E+02,  0.26398205E+02,  0.25427357E+02,  0.24481400E+02,  0.23598629E+02,  0.22752674E+02,  0.21886410E+02,  0.22719742E+02,  0.21583597E+02,  0.20759872E+02,  0.19880758E+02,  0.19013609E+02,  0.18180412E+02,  0.17387632E+02,  0.16635675E+02,  0.15922779E+02,  0.15246535E+02,  0.14604456E+02,  0.13994164E+02,  0.13413442E+02,  0.12860232E+02,  0.12332632E+02,  0.11828881E+02,  0.11347349E+02,  0.10886532E+02,  0.10445044E+02,  0.10021607E+02,  0.96150570E+01,  0.92243261E+01,  0.88484440E+01,  0.84865360E+01,  0.81378145E+01,  0.78015785E+01,  0.74772153E+01,  0.71641784E+01,  0.68620152E+01,  0.65703421E+01
  0.20000000E+01, -0.22439157E+02, -0.20995905E+02, -0.19655302E+02, -0.18407774E+02, -0.17244680E+02, -0.16158218E+02, -0.15141310E+02, -0.14187530E+02, -0.13291026E+02, -0.12446463E+02, -0.11648968E+02, -0.10894079E+02, -0.10177709E+02, -0.94961042E+01, -0.88458157E+01, -0.82236633E+01, -0.76267142E+01, -0.70522618E+01, -0.64978032E+01, -0.59610243E+01, -0.54397936E+01, -0.49321570E+01, -0.44363451E+01, -0.39507968E+01, -0.34741876E+01, -0.30054674E+01, -0.25438313E+01, -0.20884459E+01, -0.16373217E+01, -0.11405100E+01, -0.63444442E+00, -0.13492438E+00,  0.36647663E+00,  0.87273508E+00,  0.13860117E+01,  0.19082310E+01,  0.24413202E+01,  0.29872642E+01,  0.35478549E+01,  0.41250749E+01,  0.47210045E+01,  0.53366714E+01,  0.59740062E+01,  0.66350794E+01,  0.73220973E+01,  0.80379219E+01,  0.87854729E+01,  0.95678864E+01,  0.10388630E+02,  0.11251633E+02,  0.12160069E+02,  0.13117880E+02,  0.14130104E+02,  0.15202536E+02,  0.16342299E+02,  0.17548248E+02,  0.18817333E+02,  0.20001940E+02,  0.20109116E+02,  0.18495996E+02,  0.16587767E+02,  0.15898335E+02,  0.16261034E+02,  0.16876236E+02,  0.17392912E+02,  0.17874613E+02,  0.18441792E+02,  0.19120947E+02,  0.19880520E+02,  0.20691778E+02,  0.21533310E+02,  0.22389606E+02,  0.23249737E+02,  0.24108582E+02,  0.24970339E+02,  0.25851915E+02,  0.26776297E+02,  0.27733370E+02,  0.28621483E+02,  0.29315844E+02,  0.30116915E+02,  0.32017250E+02,  0.34898262E+02,  0.37422386E+02,  0.38512371E+02,  0.37390919E+02,  0.36198776E+02,  0.34983948E+02,  0.33804249E+02,  0.32646763E+02,  0.31526814E+02,  0.30449436E+02,  0.29408575E+02,  0.28397062E+02,  0.27407604E+02,  0.26484200E+02,  0.25598621E+02,  0.24904728E+02,  0.24668575E+02,  0.25231607E+02,  0.23929789E+02,  0.22767162E+02,  0.21741806E+02,  0.20798077E+02,  0.19914471E+02,  0.19081264E+02,  0.18293041E+02,  0.17546038E+02,  0.16837189E+02,  0.16163794E+02,  0.15523400E+02,  0.14913757E+02,  0.14332778E+02,  0.13778536E+02,  0.13249245E+02,  0.12743249E+02,  0.12259021E+02,  0.11795145E+02,  0.11350320E+02,  0.10923347E+02,  0.10513129E+02,  0.10118663E+02,  0.97390375E+01,  0.93734303E+01,  0.90211058E+01,  0.86814013E+01,  0.83537521E+01,  0.80376577E+01,  0.77326975E+01
  0.21250000E+01, -0.22925062E+02, -0.21450426E+02, -0.20078562E+02, -0.18800026E+02, -0.17606283E+02, -0.16489611E+02, -0.15442989E+02, -0.14460029E+02, -0.13534903E+02, -0.12662283E+02, -0.11837294E+02, -0.11055461E+02, -0.10312676E+02, -0.96051598E+01, -0.89294281E+01, -0.82822666E+01, -0.76607060E+01, -0.70619974E+01, -0.64835958E+01, -0.59231443E+01, -0.53784609E+01, -0.48475285E+01, -0.43284879E+01, -0.38196349E+01, -0.33194094E+01, -0.28263803E+01, -0.23392107E+01, -0.18566067E+01, -0.13773280E+01, -0.85920107E+00, -0.33445331E+00,  0.18937214E+00,  0.71823847E+00,  0.12533317E+01,  0.17965783E+01,  0.23498161E+01,  0.29149711E+01,  0.34941249E+01,  0.40893807E+01,  0.47023320E+01,  0.53357854E+01,  0.59906368E+01,  0.66689801E+01,  0.73730173E+01,  0.81051407E+01,  0.88681040E+01,  0.96654224E+01,  0.10500496E+02,  0.11377172E+02,  0.12299810E+02,  0.13273111E+02,  0.14301108E+02,  0.15389524E+02,  0.16545282E+02,  0.17776527E+02,  0.19093693E+02,  0.20496346E+02,  0.21995367E+02,  0.23484005E+02,  0.24071535E+02,  0.22993752E+02,  0.21014769E+02,  0.19525797E+02,  0.19147467E+02,  0.19638895E+02,  0.20474379E+02,  0.21302790E+02,  0.22048512E+02,  0.22769333E+02,  0.23529284E+02,  0.24350630E+02,  0.25230984E+02,  0.26159498E+02,  0.27116035E+02,  0.28057455E+02,  0.28911339E+02,  0.29630207E+02,  0.30384035E+02,  0.31721085E+02,  0.34096886E+02,  0.37018524E+02,  0.39593239E+02,  0.41431133E+02,  0.41328335E+02,  0.39922291E+02,  0.38798702E+02,  0.37618023E+02,  0.36460892E+02,  0.35319630E+02,  0.34207550E+02,  0.33129513E+02,  0.32080681E+02,  0.31054157E+02,  0.30042723E+02,  0.29084373E+02,  0.28159132E+02,  0.27463413E+02,  0.26643805E+02,  0.27641033E+02,  0.26258980E+02,  0.25280359E+02,  0.24281574E+02,  0.23298208E+02,  0.22354042E+02,  0.21455063E+02,  0.20601326E+02,  0.19790932E+02,  0.19021406E+02,  0.18290186E+02,  0.17594790E+02,  0.16932869E+02,  0.16302227E+02,  0.15700817E+02,  0.15126731E+02,  0.14578196E+02,  0.14053566E+02,  0.13551313E+02,  0.13070024E+02,  0.12608388E+02,  0.12165196E+02,  0.11739340E+02,  0.11329796E+02,  0.10935635E+02,  0.10556009E+02,  0.10190156E+02,  0.98373938E+01,  0.94971151E+01,  0.91687927E+01,  0.88519764E+01
  0.22500000E+01, -0.22919416E+02, -0.21458395E+02, -0.20095711E+02, -0.18822622E+02, -0.17631184E+02, -0.16514153E+02, -0.15464914E+02, -0.14477418E+02, -0.13546117E+02, -0.12665920E+02, -0.11832148E+02, -0.11040491E+02, -0.10286975E+02, -0.95679331E+01, -0.88799734E+01, -0.82199564E+01, -0.75849681E+01, -0.69723063E+01, -0.63794551E+01, -0.58040729E+01, -0.52439742E+01, -0.46971145E+01, -0.41615777E+01, -0.36355522E+01, -0.31173112E+01, -0.26051733E+01, -0.20974481E+01, -0.15923470E+01, -0.10878428E+01, -0.55750537E+00, -0.20511411E-01,  0.52080464E+00,  0.10704374E+01,  0.16276124E+01,  0.21942096E+01,  0.27719166E+01,  0.33625772E+01,  0.39681859E+01,  0.45909023E+01,  0.52331524E+01,  0.58970098E+01,  0.65837607E+01,  0.72951775E+01,  0.80335312E+01,  0.88012781E+01,  0.96010456E+01,  0.10436324E+02,  0.11310784E+02,  0.12228280E+02,  0.13193181E+02,  0.14210504E+02,  0.15285223E+02,  0.16422117E+02,  0.17627806E+02,  0.18910284E+02,  0.20278782E+02,  0.21745892E+02,  0.23310854E+02,  0.24991287E+02,  0.26820782E+02,  0.28251678E+02,  0.28418287E+02,  0.27353060E+02,  0.25822283E+02,  0.24506521E+02,  0.23761497E+02,  0.23665157E+02,  0.24081478E+02,  0.24801811E+02,  0.25652847E+02,  0.26532711E+02,  0.27404585E+02,  0.28292782E+02,  0.29296814E+02,  0.30603189E+02,  0.32430565E+02,  0.34842274E+02,  0.37540310E+02,  0.40072063E+02,  0.42287121E+02,  0.44008194E+02,  0.44241241E+02,  0.42976345E+02,  0.41747868E+02,  0.40753250E+02,  0.39649002E+02,  0.38563057E+02,  0.37483624E+02,  0.36422112E+02,  0.35383499E+02,  0.34363327E+02,  0.33353638E+02,  0.32351727E+02,  0.31384218E+02,  0.30438612E+02,  0.29691357E+02,  0.28601351E+02,  0.29556532E+02,  0.29173195E+02,  0.27987972E+02,  0.26808393E+02,  0.25718336E+02,  0.24697277E+02,  0.23733038E+02,  0.22819618E+02,  0.21953037E+02,  0.21130075E+02,  0.20347866E+02,  0.19603769E+02,  0.18895334E+02,  0.18220274E+02,  0.17576456E+02,  0.16961891E+02,  0.16374725E+02,  0.15813233E+02,  0.15275803E+02,  0.14760937E+02,  0.14267241E+02,  0.13793421E+02,  0.13338278E+02,  0.12900703E+02,  0.12479673E+02,  0.12074251E+02,  0.11683577E+02,  0.11306869E+02,  0.10943431E+02,  0.10592628E+02,  0.10253910E+02,  0.99267921E+01
  0.23750000E+01, -0.22441332E+02, -0.21035675E+02, -0.19719938E+02, -0.18486547E+02, -0.17328529E+02, -0.16239462E+02, -0.15213433E+02, -0.14244981E+02, -0.13329066E+02, -0.12461035E+02, -0.11636577E+02, -0.10851705E+02, -0.10102723E+02, -0.93861990E+01, -0.86989489E+01, -0.80380068E+01, -0.74006100E+01, -0.67841816E+01, -0.61863103E+01, -0.56047378E+01, -0.50373416E+01, -0.44821157E+01, -0.39371598E+01, -0.34006531E+01, -0.28708317E+01, -0.23459620E+01, -0.18243023E+01, -0.13040693E+01, -0.78341186E+00, -0.24428226E+00,  0.30042791E+00,  0.85391730E+00,  0.14188435E+01,  0.19920706E+01,  0.25758679E+01,  0.31718414E+01,  0.37817888E+01,  0.44075937E+01,  0.50513468E+01,  0.57156096E+01,  0.64019613E+01,  0.71128235E+01,  0.78489494E+01,  0.86126394E+01,  0.94062386E+01,  0.10232266E+02,  0.11093578E+02,  0.11993964E+02,  0.12937051E+02,  0.13926815E+02,  0.14967699E+02,  0.16064814E+02,  0.17222845E+02,  0.18446423E+02,  0.19741451E+02,  0.21115141E+02,  0.22574965E+02,  0.24132769E+02,  0.25786703E+02,  0.27525124E+02,  0.29458445E+02,  0.31547112E+02,  0.33204906E+02,  0.33910076E+02,  0.33816490E+02,  0.33424782E+02,  0.33116287E+02,  0.33050861E+02,  0.33277203E+02,  0.33812931E+02,  0.34659607E+02,  0.35796307E+02,  0.37172798E+02,  0.38713306E+02,  0.40345081E+02,  0.42041306E+02,  0.43805183E+02,  0.45468384E+02,  0.46430508E+02,  0.46092251E+02,  0.44844818E+02,  0.43730682E+02,  0.42919491E+02,  0.42023529E+02,  0.41044434E+02,  0.40079285E+02,  0.39104668E+02,  0.38134838E+02,  0.37173851E+02,  0.36217434E+02,  0.35258034E+02,  0.34305389E+02,  0.33369320E+02,  0.32467209E+02,  0.31736649E+02,  0.30649466E+02,  0.31640005E+02,  0.31898964E+02,  0.30334553E+02,  0.29100918E+02,  0.27965868E+02,  0.26892906E+02,  0.25877377E+02,  0.24915190E+02,  0.24002310E+02,  0.23135159E+02,  0.22310595E+02,  0.21525803E+02,  0.20778223E+02,  0.20065504E+02,  0.19385468E+02,  0.18736082E+02,  0.18115459E+02,  0.17521832E+02,  0.16953545E+02,  0.16409052E+02,  0.15886911E+02,  0.15385771E+02,  0.14904371E+02,  0.14441539E+02,  0.13996182E+02,  0.13567291E+02,  0.13153929E+02,  0.12755234E+02,  0.12370424E+02,  0.11998772E+02,  0.11639647E+02,  0.11292460E+02,  0.10956716E+02
  0.25000000E+01, -0.21528328E+02, -0.20214361E+02, -0.18978821E+02, -0.17815577E+02, -0.16718889E+02, -0.15683393E+02, -0.14704079E+02, -0.13776269E+02, -0.12895603E+02, -0.12058015E+02, -0.11259710E+02, -0.10497149E+02, -0.97670288E+01, -0.90662642E+01, -0.83919668E+01, -0.77414384E+01, -0.71121469E+01, -0.65017166E+01, -0.59079118E+01, -0.53286271E+01, -0.47618670E+01, -0.42057405E+01, -0.36584382E+01, -0.31182199E+01, -0.25833952E+01, -0.20522993E+01, -0.15232695E+01, -0.99461532E+00, -0.46458322E+00,  0.77434063E-01,  0.62406397E+00,  0.11842871E+01,  0.17593493E+01,  0.23431127E+01,  0.29383864E+01,  0.35468159E+01,  0.41700425E+01,  0.48098631E+01,  0.54683013E+01,  0.61472812E+01,  0.68488340E+01,  0.75756631E+01,  0.83284578E+01,  0.91088057E+01,  0.99188290E+01,  0.10760836E+02,  0.11637199E+02,  0.12550870E+02,  0.13505460E+02,  0.14504290E+02,  0.15550961E+02,  0.16649389E+02,  0.17803991E+02,  0.19018482E+02,  0.20296209E+02,  0.21640612E+02,  0.23055910E+02,  0.24544979E+02,  0.26113455E+02,  0.27765619E+02,  0.29459776E+02,  0.31190866E+02,  0.33099873E+02,  0.35247238E+02,  0.37376316E+02,  0.39128098E+02,  0.40367455E+02,  0.41223232E+02,  0.41914650E+02,  0.42621113E+02,  0.43443275E+02,  0.44406895E+02,  0.45466476E+02,  0.46491905E+02,  0.47253242E+02,  0.47468796E+02,  0.46995232E+02,  0.46065823E+02,  0.45166229E+02,  0.44544476E+02,  0.44036297E+02,  0.43396263E+02,  0.42623119E+02,  0.41825500E+02,  0.41016064E+02,  0.40180271E+02,  0.39336506E+02,  0.38483990E+02,  0.37619869E+02,  0.36741108E+02,  0.35869293E+02,  0.34989861E+02,  0.34181660E+02,  0.33472980E+02,  0.32488613E+02,  0.33526791E+02,  0.34038933E+02,  0.32311264E+02,  0.31156950E+02,  0.29998074E+02,  0.28892656E+02,  0.27844936E+02,  0.26850620E+02,  0.25905764E+02,  0.25006977E+02,  0.24151241E+02,  0.23335836E+02,  0.22558264E+02,  0.21816229E+02,  0.21107595E+02,  0.20430368E+02,  0.19782686E+02,  0.19162796E+02,  0.18569052E+02,  0.17999905E+02,  0.17453903E+02,  0.16929672E+02,  0.16425928E+02,  0.15941463E+02,  0.15475141E+02,  0.15025902E+02,  0.14592756E+02,  0.14174783E+02,  0.13771130E+02,  0.13380999E+02,  0.13003678E+02,  0.12638496E+02,  0.12284864E+02,  0.11942251E+02
  0.26250000E+01, -0.20232122E+02, -0.19039421E+02, -0.17911596E+02, -0.16844067E+02, -0.15832436E+02, -0.14872511E+02, -0.13960301E+02, -0.13092030E+02, -0.12264123E+02, -0.11473207E+02, -0.10716103E+02, -0.99898109E+01, -0.92915077E+01, -0.86185322E+01, -0.79683752E+01, -0.73386722E+01, -0.67271881E+01, -0.61318126E+01, -0.55505466E+01, -0.49814935E+01, -0.44228487E+01, -0.38728921E+01, -0.33299747E+01, -0.27925100E+01, -0.22589619E+01, -0.17278286E+01, -0.11976300E+01, -0.66688538E+00, -0.13408467E+00,  0.40481982E+00,  0.94668722E+00,  0.15079486E+01,  0.20877633E+01,  0.26772671E+01,  0.32788913E+01,  0.38944178E+01,  0.45252228E+01,  0.51729898E+01,  0.58395042E+01,  0.65267997E+01,  0.72372198E+01,  0.79721589E+01,  0.87339401E+01,  0.95227480E+01,  0.10340524E+02,  0.11189135E+02,  0.12070627E+02,  0.12987024E+02,  0.13941023E+02,  0.14935697E+02,  0.15973734E+02,  0.17057842E+02,  0.18190821E+02,  0.19375650E+02,  0.20614513E+02,  0.21908615E+02,  0.23258350E+02,  0.24663563E+02,  0.26122183E+02,  0.27629925E+02,  0.29191326E+02,  0.30795906E+02,  0.32380360E+02,  0.33890793E+02,  0.35350235E+02,  0.36815109E+02,  0.38293816E+02,  0.39728165E+02,  0.41033829E+02,  0.42139732E+02,  0.43004459E+02,  0.43617558E+02,  0.43999683E+02,  0.44202747E+02,  0.44298462E+02,  0.44348660E+02,  0.44368698E+02,  0.44307911E+02,  0.44090836E+02,  0.43701115E+02,  0.43189518E+02,  0.42632187E+02,  0.42044456E+02,  0.41410038E+02,  0.40739044E+02,  0.40043583E+02,  0.39321140E+02,  0.38570957E+02,  0.37799637E+02,  0.37021557E+02,  0.36221485E+02,  0.35554165E+02,  0.34833256E+02,  0.34084290E+02,  0.35140171E+02,  0.35710464E+02,  0.33983253E+02,  0.32909760E+02,  0.31743856E+02,  0.30643370E+02,  0.29592735E+02,  0.28589067E+02,  0.27630894E+02,  0.26716303E+02,  0.25843166E+02,  0.25009329E+02,  0.24212681E+02,  0.23451197E+02,  0.22722944E+02,  0.22026085E+02,  0.21358871E+02,  0.20719646E+02,  0.20106834E+02,  0.19518944E+02,  0.18954552E+02,  0.18412313E+02,  0.17890953E+02,  0.17389261E+02,  0.16906092E+02,  0.16440363E+02,  0.15991059E+02,  0.15557217E+02,  0.15137937E+02,  0.14732371E+02,  0.14339740E+02,  0.13959318E+02,  0.13590420E+02,  0.13232448E+02,  0.12884830E+02
  0.27500000E+01, -0.18613894E+02, -0.17564808E+02, -0.16565968E+02, -0.15614292E+02, -0.14706714E+02, -0.13840221E+02, -0.13011884E+02, -0.12218861E+02, -0.11458415E+02, -0.10727926E+02, -0.10024879E+02, -0.93468752E+01, -0.86916256E+01, -0.80569477E+01, -0.74407640E+01, -0.68410931E+01, -0.62560492E+01, -0.56838307E+01, -0.51227212E+01, -0.45710773E+01, -0.40273294E+01, -0.34899714E+01, -0.29575593E+01, -0.24287088E+01, -0.19020879E+01, -0.13764219E+01, -0.85048622E+00, -0.32310528E+00,  0.20685342E+00,  0.73670852E+00,  0.12666478E+01,  0.18226572E+01,  0.24010732E+01,  0.29921086E+01,  0.35956702E+01,  0.42133446E+01,  0.48464437E+01,  0.54966350E+01,  0.61656055E+01,  0.68551521E+01,  0.75672574E+01,  0.83037033E+01,  0.90667334E+01,  0.98569946E+01,  0.10674807E+02,  0.11521947E+02,  0.12399931E+02,  0.13310372E+02,  0.14254764E+02,  0.15235145E+02,  0.16253769E+02,  0.17312485E+02,  0.18412743E+02,  0.19555780E+02,  0.20742672E+02,  0.21973915E+02,  0.23248383E+02,  0.24563705E+02,  0.25916336E+02,  0.27300869E+02,  0.28706764E+02,  0.30123877E+02,  0.31551422E+02,  0.32982132E+02,  0.34385479E+02,  0.35719334E+02,  0.36954296E+02,  0.38081257E+02,  0.39100986E+02,  0.40014431E+02,  0.40819862E+02,  0.41513596E+02,  0.42090000E+02,  0.42540424E+02,  0.42854134E+02,  0.43022358E+02,  0.43043381E+02,  0.42938076E+02,  0.42744686E+02,  0.42487263E+02,  0.42166954E+02,  0.41777107E+02,  0.41327583E+02,  0.40832199E+02,  0.40293579E+02,  0.39710495E+02,  0.39088078E+02,  0.38444668E+02,  0.37768150E+02,  0.37103046E+02,  0.36593697E+02,  0.35801693E+02,  0.35538864E+02,  0.36559803E+02,  0.37090382E+02,  0.35392921E+02,  0.34363365E+02,  0.33211483E+02,  0.32138390E+02,  0.31102423E+02,  0.30107538E+02,  0.29153536E+02,  0.28239277E+02,  0.27363400E+02,  0.26524408E+02,  0.25720726E+02,  0.24950756E+02,  0.24212900E+02,  0.23505594E+02,  0.22827305E+02,  0.22176550E+02,  0.21551897E+02,  0.20951963E+02,  0.20375420E+02,  0.19820992E+02,  0.19287453E+02,  0.18773632E+02,  0.18278406E+02,  0.17800703E+02,  0.17339502E+02,  0.16893829E+02,  0.16462761E+02,  0.16045422E+02,  0.15640982E+02,  0.15248669E+02,  0.14867741E+02,  0.14497524E+02,  0.14137378E+02,  0.13786727E+02
  0.28750000E+01, -0.16739815E+02, -0.15849713E+02, -0.14994935E+02, -0.14173753E+02, -0.13384336E+02, -0.12624802E+02, -0.11893236E+02, -0.11187728E+02, -0.10506382E+02, -0.98473320E+01, -0.92087536E+01, -0.85888700E+01, -0.79859519E+01, -0.73983274E+01, -0.68243775E+01, -0.62625370E+01, -0.57112956E+01, -0.51691947E+01, -0.46348257E+01, -0.41068282E+01, -0.35838888E+01, -0.30647399E+01, -0.25481610E+01, -0.20329819E+01, -0.15180911E+01, -0.10024472E+01, -0.48509881E+00,  0.34795471E-01,  0.55795127E+00,  0.10740166E+01,  0.15860195E+01,  0.21300633E+01,  0.27002583E+01,  0.32881126E+01,  0.38886580E+01,  0.45032349E+01,  0.51333623E+01,  0.57806726E+01,  0.64467463E+01,  0.71331034E+01,  0.78413329E+01,  0.85735197E+01,  0.93306179E+01,  0.10115112E+02,  0.10926685E+02,  0.11765533E+02,  0.12633077E+02,  0.13530337E+02,  0.14458346E+02,  0.15417913E+02,  0.16410183E+02,  0.17436327E+02,  0.18497265E+02,  0.19593214E+02,  0.20723789E+02,  0.21888071E+02,  0.23084667E+02,  0.24311033E+02,  0.25562759E+02,  0.26834019E+02,  0.28118315E+02,  0.29406721E+02,  0.30685287E+02,  0.31939602E+02,  0.33159882E+02,  0.34338543E+02,  0.35464642E+02,  0.36522858E+02,  0.37497036E+02,  0.38373512E+02,  0.39142551E+02,  0.39798615E+02,  0.40340477E+02,  0.40771072E+02,  0.41096317E+02,  0.41323017E+02,  0.41456989E+02,  0.41500237E+02,  0.41453136E+02,  0.41321594E+02,  0.41117249E+02,  0.40850014E+02,  0.40524307E+02,  0.40139843E+02,  0.39700317E+02,  0.39222504E+02,  0.38702774E+02,  0.38139626E+02,  0.37667686E+02,  0.37196159E+02,  0.36323261E+02,  0.36840046E+02,  0.37805035E+02,  0.38165028E+02,  0.36520844E+02,  0.35528824E+02,  0.34409573E+02,  0.33372929E+02,  0.32363953E+02,  0.31393076E+02,  0.30458488E+02,  0.29559309E+02,  0.28694698E+02,  0.27863691E+02,  0.27065210E+02,  0.26298101E+02,  0.25561159E+02,  0.24853149E+02,  0.24172823E+02,  0.23518940E+02,  0.22890266E+02,  0.22285591E+02,  0.21703722E+02,  0.21143501E+02,  0.20603794E+02,  0.20083504E+02,  0.19581566E+02,  0.19096949E+02,  0.18628656E+02,  0.18175730E+02,  0.17737246E+02,  0.17312321E+02,  0.16900103E+02,  0.16499786E+02,  0.16110586E+02,  0.15731783E+02,  0.15362682E+02,  0.15002622E+02,  0.14650994E+02
  0.30000000E+01, -0.14677500E+02, -0.13955418E+02, -0.13254011E+02, -0.12572728E+02, -0.11910844E+02, -0.11267498E+02, -0.10641730E+02, -0.10032504E+02, -0.94387312E+01, -0.88592844E+01, -0.82930136E+01, -0.77387590E+01, -0.71953573E+01, -0.66616483E+01, -0.61364837E+01, -0.56187253E+01, -0.51072536E+01, -0.46009636E+01, -0.40987701E+01, -0.35996070E+01, -0.31024253E+01, -0.26061974E+01, -0.21099186E+01, -0.16126131E+01, -0.11133500E+01, -0.61126679E+00, -0.10561670E+00,  0.40415406E+00,  0.91826797E+00,  0.14180783E+01,  0.19086181E+01,  0.24335301E+01,  0.29880037E+01,  0.35668738E+01,  0.41577616E+01,  0.47634444E+01,  0.53855972E+01,  0.60252380E+01,  0.66836295E+01,  0.73620358E+01,  0.80617962E+01,  0.87842226E+01,  0.95308371E+01,  0.10302564E+02,  0.11101538E+02,  0.11926981E+02,  0.12778542E+02,  0.13657212E+02,  0.14563501E+02,  0.15497766E+02,  0.16460087E+02,  0.17450583E+02,  0.18469357E+02,  0.19516161E+02,  0.20590305E+02,  0.21690237E+02,  0.22813538E+02,  0.23957056E+02,  0.25116913E+02,  0.26288301E+02,  0.27464754E+02,  0.28638634E+02,  0.29802219E+02,  0.30946672E+02,  0.32061077E+02,  0.33133492E+02,  0.34152985E+02,  0.35110504E+02,  0.35998417E+02,  0.36810135E+02,  0.37540100E+02,  0.38183964E+02,  0.38738655E+02,  0.39202301E+02,  0.39574413E+02,  0.39856102E+02,  0.40050533E+02,  0.40162712E+02,  0.40198029E+02,  0.40161396E+02,  0.40055981E+02,  0.39881725E+02,  0.39641754E+02,  0.39352303E+02,  0.39015072E+02,  0.38615601E+02,  0.38245529E+02,  0.37973736E+02,  0.37418980E+02,  0.37015907E+02,  0.38240738E+02,  0.38997246E+02,  0.38881325E+02,  0.37345078E+02,  0.36400608E+02,  0.35330700E+02,  0.34340759E+02,  0.33372440E+02,  0.32439121E+02,  0.31537086E+02,  0.30666052E+02,  0.29825483E+02,  0.29014765E+02,  0.28233212E+02,  0.27480064E+02,  0.26754490E+02,  0.26055599E+02,  0.25382462E+02,  0.24734104E+02,  0.24109535E+02,  0.23507753E+02,  0.22927748E+02,  0.22368511E+02,  0.21829041E+02,  0.21308346E+02,  0.20805450E+02,  0.20319393E+02,  0.19849236E+02,  0.19394054E+02,  0.18952955E+02,  0.18525063E+02,  0.18109529E+02,  0.17705534E+02,  0.17312279E+02,  0.16929005E+02,  0.16554968E+02,  0.16189463E+02,  0.15831820E+02,  0.15481387E+02
  0.31250000E+01, -0.12493492E+02, -0.11942936E+02, -0.11399043E+02, -0.10862268E+02, -0.10332854E+02, -0.98108578E+01, -0.92961798E+01, -0.87885904E+01, -0.82877512E+01, -0.77932281E+01, -0.73045168E+01, -0.68210473E+01, -0.63422022E+01, -0.58673244E+01, -0.53957248E+01, -0.49266906E+01, -0.44594884E+01, -0.39933724E+01, -0.35275826E+01, -0.30613477E+01, -0.25938861E+01, -0.21244032E+01, -0.16520901E+01, -0.11761217E+01, -0.69566005E+00, -0.20987087E+00,  0.28204986E+00,  0.78082937E+00,  0.12871391E+01,  0.17675562E+01,  0.22337995E+01,  0.27287912E+01,  0.32582278E+01,  0.38204069E+01,  0.43975840E+01,  0.49913340E+01,  0.56020617E+01,  0.62302489E+01,  0.68770127E+01,  0.75434074E+01,  0.82303448E+01,  0.89389172E+01,  0.96706219E+01,  0.10426200E+02,  0.11206400E+02,  0.12012896E+02,  0.12844777E+02,  0.13700982E+02,  0.14581782E+02,  0.15487352E+02,  0.16417423E+02,  0.17371416E+02,  0.18348433E+02,  0.19347622E+02,  0.20367762E+02,  0.21407112E+02,  0.22463388E+02,  0.23533642E+02,  0.24614000E+02,  0.25699741E+02,  0.26785507E+02,  0.27865215E+02,  0.28931875E+02,  0.29978071E+02,  0.30996353E+02,  0.31979252E+02,  0.32919125E+02,  0.33808327E+02,  0.34639725E+02,  0.35407124E+02,  0.36105530E+02,  0.36731228E+02,  0.37281757E+02,  0.37755775E+02,  0.38152603E+02,  0.38472672E+02,  0.38717434E+02,  0.38888821E+02,  0.38987110E+02,  0.39012421E+02,  0.38968147E+02,  0.38871941E+02,  0.38724674E+02,  0.38510933E+02,  0.38283604E+02,  0.38149700E+02,  0.37847702E+02,  0.37228035E+02,  0.37847782E+02,  0.39035347E+02,  0.39874180E+02,  0.39125294E+02,  0.37826321E+02,  0.36951698E+02,  0.35957058E+02,  0.35032398E+02,  0.34121685E+02,  0.33240074E+02,  0.32383678E+02,  0.31553270E+02,  0.30748665E+02,  0.29969664E+02,  0.29215994E+02,  0.28487284E+02,  0.27783072E+02,  0.27102812E+02,  0.26445887E+02,  0.25811617E+02,  0.25199274E+02,  0.24608084E+02,  0.24037245E+02,  0.23485928E+02,  0.22953291E+02,  0.22438477E+02,  0.21940624E+02,  0.21458870E+02,  0.20992350E+02,  0.20540211E+02,  0.20101601E+02,  0.19675682E+02,  0.19261625E+02,  0.18858620E+02,  0.18465864E+02,  0.18082582E+02,  0.17708008E+02,  0.17341398E+02,  0.16982035E+02,  0.16629219E+02,  0.16282265E+02
  0.32500000E+01, -0.10251696E+02, -0.98713894E+01, -0.94845867E+01, -0.90926180E+01, -0.86965704E+01, -0.82973156E+01, -0.78955245E+01, -0.74916973E+01, -0.70861754E+01, -0.66791644E+01, -0.62707520E+01, -0.58609200E+01, -0.54495635E+01, -0.50364981E+01, -0.46214733E+01, -0.42041831E+01, -0.37842722E+01, -0.33613412E+01, -0.29349551E+01, -0.25046411E+01, -0.20698888E+01, -0.16301458E+01, -0.11848025E+01, -0.73317546E+00, -0.27447551E+00,  0.19221221E+00,  0.66789365E+00,  0.11533949E+01,  0.16483305E+01,  0.21103122E+01,  0.25486512E+01,  0.30007885E+01,  0.34999561E+01,  0.40404992E+01,  0.46056933E+01,  0.51858864E+01,  0.57822213E+01,  0.63961687E+01,  0.70282874E+01,  0.76795340E+01,  0.83507423E+01,  0.90425348E+01,  0.97555723E+01,  0.10491385E+02,  0.11250118E+02,  0.12032485E+02,  0.12839514E+02,  0.13670447E+02,  0.14523867E+02,  0.15398709E+02,  0.16294777E+02,  0.17211472E+02,  0.18147747E+02,  0.19102087E+02,  0.20072628E+02,  0.21057404E+02,  0.22054106E+02,  0.23059826E+02,  0.24071159E+02,  0.25084108E+02,  0.26094126E+02,  0.27096157E+02,  0.28084764E+02,  0.29054140E+02,  0.29998148E+02,  0.30910517E+02,  0.31785135E+02,  0.32616215E+02,  0.33398380E+02,  0.34126740E+02,  0.34796963E+02,  0.35405468E+02,  0.35949478E+02,  0.36427151E+02,  0.36837570E+02,  0.37179195E+02,  0.37449703E+02,  0.37647549E+02,  0.37782146E+02,  0.37864151E+02,  0.37891777E+02,  0.37851231E+02,  0.37788883E+02,  0.37803944E+02,  0.37754818E+02,  0.37310143E+02,  0.37518642E+02,  0.38905266E+02,  0.39824192E+02,  0.40217644E+02,  0.38792614E+02,  0.37921051E+02,  0.37159447E+02,  0.36280357E+02,  0.35445126E+02,  0.34610378E+02,  0.33795029E+02,  0.32997181E+02,  0.32219147E+02,  0.31461470E+02,  0.30724621E+02,  0.30008833E+02,  0.29314175E+02,  0.28640566E+02,  0.27987814E+02,  0.27355625E+02,  0.26743612E+02,  0.26151316E+02,  0.25578205E+02,  0.25023701E+02,  0.24487171E+02,  0.23967947E+02,  0.23465326E+02,  0.22978584E+02,  0.22506971E+02,  0.22049726E+02,  0.21606077E+02,  0.21175238E+02,  0.20756424E+02,  0.20348850E+02,  0.19951729E+02,  0.19564276E+02,  0.19185711E+02,  0.18815260E+02,  0.18452169E+02,  0.18095675E+02,  0.17745050E+02,  0.17399553E+02,  0.17058481E+02
  0.33750000E+01, -0.80124474E+01, -0.77969170E+01, -0.75627337E+01, -0.73120050E+01, -0.70465703E+01, -0.67680197E+01, -0.64777098E+01, -0.61767859E+01, -0.58661981E+01, -0.55467243E+01, -0.52189837E+01, -0.48834586E+01, -0.45405073E+01, -0.41903782E+01, -0.38332260E+01, -0.34691210E+01, -0.30980616E+01, -0.27199831E+01, -0.23347640E+01, -0.19422354E+01, -0.15421772E+01, -0.11343199E+01, -0.71832532E+00, -0.29374209E+00,  0.14009418E+00,  0.58430493E+00,  0.10410293E+01,  0.15147434E+01,  0.20153944E+01,  0.24388833E+01,  0.28444297E+01,  0.32503009E+01,  0.37196634E+01,  0.42340884E+01,  0.47829471E+01,  0.53460617E+01,  0.59264350E+01,  0.65238667E+01,  0.71390476E+01,  0.77726912E+01,  0.84255867E+01,  0.90982990E+01,  0.97911816E+01,  0.10504494E+02,  0.11239491E+02,  0.11995923E+02,  0.12774530E+02,  0.13575294E+02,  0.14398031E+02,  0.15241443E+02,  0.16103731E+02,  0.16983305E+02,  0.17879139E+02,  0.18790010E+02,  0.19714224E+02,  0.20649611E+02,  0.21593586E+02,  0.22543240E+02,  0.23495413E+02,  0.24446646E+02,  0.25393068E+02,  0.26330444E+02,  0.27254213E+02,  0.28159571E+02,  0.29041609E+02,  0.29895363E+02,  0.30715923E+02,  0.31498463E+02,  0.32238441E+02,  0.32931744E+02,  0.33574806E+02,  0.34164291E+02,  0.34696667E+02,  0.35168037E+02,  0.35574951E+02,  0.35920654E+02,  0.36212116E+02,  0.36452480E+02,  0.36631237E+02,  0.36742245E+02,  0.36834526E+02,  0.36992897E+02,  0.37114021E+02,  0.36909813E+02,  0.37009106E+02,  0.38523499E+02,  0.39552616E+02,  0.40405716E+02,  0.39887772E+02,  0.38654408E+02,  0.37967678E+02,  0.37176979E+02,  0.36374950E+02,  0.35616566E+02,  0.34859070E+02,  0.34116211E+02,  0.33385143E+02,  0.32668243E+02,  0.31966354E+02,  0.31280430E+02,  0.30611130E+02,  0.29958925E+02,  0.29324114E+02,  0.28706842E+02,  0.28107130E+02,  0.27524883E+02,  0.26959904E+02,  0.26411909E+02,  0.25880543E+02,  0.25365374E+02,  0.24865919E+02,  0.24381641E+02,  0.23911963E+02,  0.23456266E+02,  0.23013903E+02,  0.22584196E+02,  0.22166447E+02,  0.21759939E+02,  0.21363939E+02,  0.20977703E+02,  0.20600477E+02,  0.20231497E+02,  0.19870005E+02,  0.19515228E+02,  0.19166401E+02,  0.18822756E+02,  0.18483530E+02,  0.18147961E+02,  0.17815302E+02
  0.35000000E+01, -0.58318858E+01, -0.57718635E+01, -0.56821876E+01, -0.55656676E+01, -0.54248133E+01, -0.52618465E+01, -0.50787230E+01, -0.48771486E+01, -0.46586022E+01, -0.44243574E+01, -0.41754980E+01, -0.39129398E+01, -0.36374471E+01, -0.33496504E+01, -0.30500607E+01, -0.27390850E+01, -0.24170392E+01, -0.20841622E+01, -0.17406274E+01, -0.13865565E+01, -0.10220354E+01, -0.64713097E+00, -0.26192173E+00,  0.13345814E+00,  0.53873223E+00,  0.95331603E+00,  0.13759819E+01,  0.18041732E+01,  0.22325644E+01,  0.27011335E+01,  0.31134760E+01,  0.34969144E+01,  0.39269733E+01,  0.44032750E+01,  0.49253941E+01,  0.54735088E+01,  0.60356407E+01,  0.66146941E+01,  0.72112231E+01,  0.78255324E+01,  0.84582472E+01,  0.91099691E+01,  0.97810030E+01,  0.10471409E+02,  0.11181113E+02,  0.11910727E+02,  0.12660097E+02,  0.13429112E+02,  0.14218095E+02,  0.15026144E+02,  0.15852393E+02,  0.16695236E+02,  0.17552843E+02,  0.18422989E+02,  0.19303547E+02,  0.20192566E+02,  0.21087879E+02,  0.21986963E+02,  0.22886915E+02,  0.23784523E+02,  0.24676313E+02,  0.25558548E+02,  0.26427341E+02,  0.27278677E+02,  0.28108429E+02,  0.28912434E+02,  0.29686487E+02,  0.30426460E+02,  0.31128275E+02,  0.31787781E+02,  0.32401272E+02,  0.32966507E+02,  0.33482994E+02,  0.33951069E+02,  0.34374447E+02,  0.34748901E+02,  0.35058792E+02,  0.35308456E+02,  0.35554550E+02,  0.35843628E+02,  0.36055103E+02,  0.35928291E+02,  0.35956486E+02,  0.37185661E+02,  0.38616119E+02,  0.39726334E+02,  0.39985733E+02,  0.38806248E+02,  0.38130760E+02,  0.37594364E+02,  0.36895035E+02,  0.36222275E+02,  0.35555840E+02,  0.34883423E+02,  0.34218662E+02,  0.33560028E+02,  0.32910305E+02,  0.32270641E+02,  0.31642319E+02,  0.31026314E+02,  0.30423422E+02,  0.29834255E+02,  0.29259264E+02,  0.28698750E+02,  0.28152884E+02,  0.27621719E+02,  0.27105207E+02,  0.26603205E+02,  0.26115484E+02,  0.25641743E+02,  0.25181616E+02,  0.24734673E+02,  0.24300434E+02,  0.23878376E+02,  0.23467928E+02,  0.23068485E+02,  0.22679413E+02,  0.22300045E+02,  0.21929689E+02,  0.21567640E+02,  0.21213161E+02,  0.20865513E+02,  0.20523933E+02,  0.20187653E+02,  0.19855892E+02,  0.19527870E+02,  0.19202787E+02,  0.18879856E+02,  0.18558273E+02
  0.36250000E+01, -0.37612717E+01, -0.38439958E+01, -0.38874173E+01, -0.38949759E+01, -0.38697612E+01, -0.38145375E+01, -0.37317619E+01, -0.36236107E+01, -0.34920037E+01, -0.33386219E+01, -0.31649361E+01, -0.29722216E+01, -0.27615807E+01, -0.25339630E+01, -0.22901769E+01, -0.20309131E+01, -0.17567550E+01, -0.14681953E+01, -0.11656536E+01, -0.84948879E+00, -0.52002317E+00, -0.17756523E+00,  0.17755263E+00,  0.54490006E+00,  0.92382365E+00,  0.13131692E+01,  0.17106857E+01,  0.21116683E+01,  0.25057938E+01,  0.29899015E+01,  0.34022307E+01,  0.37606506E+01,  0.41243477E+01,  0.45567269E+01,  0.50413604E+01,  0.55667114E+01,  0.61105690E+01,  0.66702175E+01,  0.72467031E+01,  0.78406086E+01,  0.84521122E+01,  0.90816107E+01,  0.97295456E+01,  0.10396006E+02,  0.11080788E+02,  0.11783525E+02,  0.12503823E+02,  0.13242246E+02,  0.13997680E+02,  0.14769695E+02,  0.15558247E+02,  0.16362000E+02,  0.17179026E+02,  0.18007843E+02,  0.18846392E+02,  0.19692387E+02,  0.20543428E+02,  0.21396852E+02,  0.22249836E+02,  0.23099386E+02,  0.23942348E+02,  0.24775431E+02,  0.25595190E+02,  0.26398148E+02,  0.27180820E+02,  0.27939915E+02,  0.28672272E+02,  0.29374727E+02,  0.30043837E+02,  0.30676567E+02,  0.31273262E+02,  0.31835310E+02,  0.32360462E+02,  0.32840748E+02,  0.33266293E+02,  0.33652397E+02,  0.34059410E+02,  0.34492035E+02,  0.34768242E+02,  0.34749168E+02,  0.34954071E+02,  0.36245731E+02,  0.37763302E+02,  0.38943600E+02,  0.39526146E+02,  0.38501358E+02,  0.37885399E+02,  0.37542526E+02,  0.37022881E+02,  0.36434982E+02,  0.35871693E+02,  0.35291264E+02,  0.34705124E+02,  0.34120731E+02,  0.33537579E+02,  0.32958633E+02,  0.32385303E+02,  0.31819115E+02,  0.31261278E+02,  0.30712831E+02,  0.30174627E+02,  0.29647350E+02,  0.29131540E+02,  0.28627596E+02,  0.28135790E+02,  0.27656282E+02,  0.27189127E+02,  0.26734283E+02,  0.26291626E+02,  0.25860949E+02,  0.25441975E+02,  0.25034361E+02,  0.24637707E+02,  0.24251556E+02,  0.23875406E+02,  0.23508705E+02,  0.23150867E+02,  0.22801266E+02,  0.22459242E+02,  0.22124105E+02,  0.21795145E+02,  0.21471619E+02,  0.21152773E+02,  0.20837820E+02,  0.20525969E+02,  0.20216402E+02,  0.19908304E+02,  0.19600836E+02,  0.19293154E+02
  0.37500000E+01, -0.18460670E+01, -0.20555899E+01, -0.22177715E+01, -0.23365753E+01, -0.24155612E+01, -0.24579194E+01, -0.24665008E+01, -0.24438441E+01, -0.23922048E+01, -0.23135810E+01, -0.22097378E+01, -0.20822284E+01, -0.19324179E+01, -0.17614995E+01, -0.15705172E+01, -0.13603792E+01, -0.11318763E+01, -0.88569820E+00, -0.62244642E+00, -0.34264904E+00, -0.46771694E-01,  0.26477361E+00,  0.59163064E+00,  0.93352729E+00,  0.12903619E+01,  0.16624451E+01,  0.20511210E+01,  0.24603291E+01,  0.29005339E+01,  0.33663528E+01,  0.37236977E+01,  0.40396376E+01,  0.43403707E+01,  0.47094946E+01,  0.51397662E+01,  0.56274319E+01,  0.61511745E+01,  0.66910391E+01,  0.72472954E+01,  0.78203235E+01,  0.84102583E+01,  0.90173473E+01,  0.96416683E+01,  0.10283502E+02,  0.10942846E+02,  0.11619326E+02,  0.12312348E+02,  0.13021147E+02,  0.13745192E+02,  0.14484414E+02,  0.15237247E+02,  0.16002758E+02,  0.16779890E+02,  0.17567617E+02,  0.18364525E+02,  0.19168344E+02,  0.19976410E+02,  0.20786123E+02,  0.21594938E+02,  0.22400227E+02,  0.23199219E+02,  0.23989033E+02,  0.24766752E+02,  0.25529497E+02,  0.26274553E+02,  0.26999050E+02,  0.27700336E+02,  0.28377047E+02,  0.29029476E+02,  0.29655905E+02,  0.30250999E+02,  0.30803707E+02,  0.31319155E+02,  0.31828049E+02,  0.32374157E+02,  0.32909370E+02,  0.33216648E+02,  0.33291729E+02,  0.33844074E+02,  0.35297421E+02,  0.36886322E+02,  0.38192410E+02,  0.39051277E+02,  0.38526428E+02,  0.37662750E+02,  0.37284836E+02,  0.36838062E+02,  0.36316334E+02,  0.35830616E+02,  0.35349960E+02,  0.34851406E+02,  0.34349342E+02,  0.33843994E+02,  0.33336349E+02,  0.32829170E+02,  0.32323956E+02,  0.31822321E+02,  0.31325602E+02,  0.30834972E+02,  0.30351442E+02,  0.29875864E+02,  0.29408951E+02,  0.28951279E+02,  0.28503298E+02,  0.28065344E+02,  0.27637642E+02,  0.27220318E+02,  0.26813404E+02,  0.26416843E+02,  0.26030500E+02,  0.25654167E+02,  0.25287565E+02,  0.24930349E+02,  0.24582119E+02,  0.24242414E+02,  0.23910732E+02,  0.23586514E+02,  0.23269159E+02,  0.22958036E+02,  0.22652466E+02,  0.22351738E+02,  0.22055111E+02,  0.21761810E+02,  0.21471050E+02,  0.21181999E+02,  0.20893820E+02,  0.20605654E+02,  0.20316614E+02,  0.20025801E+02
  0.38750000E+01, -0.12469431E+00, -0.44234854E+00, -0.70652026E+00, -0.92153585E+00, -0.10912741E+01, -0.12192085E+01, -0.13084476E+01, -0.13617700E+01, -0.13816528E+01, -0.13703028E+01, -0.13296820E+01, -0.12615317E+01, -0.11673943E+01, -0.10486323E+01, -0.90645081E+00, -0.74191093E+00, -0.55594933E+00, -0.34939283E+00, -0.12297246E+00,  0.12266168E+00,  0.38693139E+00,  0.66931725E+00,  0.96935236E+00,  0.12866222E+01,  0.16207577E+01,  0.19714223E+01,  0.23382168E+01,  0.27203240E+01,  0.31153092E+01,  0.35240557E+01,  0.39455934E+01,  0.42918191E+01,  0.45738559E+01,  0.48628383E+01,  0.52354898E+01,  0.56678705E+01,  0.61571493E+01,  0.66780987E+01,  0.72145724E+01,  0.77668056E+01,  0.83357639E+01,  0.89207449E+01,  0.95220804E+01,  0.10139688E+02,  0.10773596E+02,  0.11423720E+02,  0.12089675E+02,  0.12770812E+02,  0.13466238E+02,  0.14174929E+02,  0.14895796E+02,  0.15628284E+02,  0.16371296E+02,  0.17122913E+02,  0.17881601E+02,  0.18645748E+02,  0.19413570E+02,  0.20183136E+02,  0.20952349E+02,  0.21718996E+02,  0.22480730E+02,  0.23235058E+02,  0.23979395E+02,  0.24711555E+02,  0.25429710E+02,  0.26132362E+02,  0.26817167E+02,  0.27479343E+02,  0.28110394E+02,  0.28712412E+02,  0.29300407E+02,  0.29915819E+02,  0.30549437E+02,  0.31104303E+02,  0.31428478E+02,  0.31740700E+02,  0.32805759E+02,  0.34654140E+02,  0.36044067E+02,  0.37309246E+02,  0.38145809E+02,  0.37740444E+02,  0.36959675E+02,  0.36619259E+02,  0.36334549E+02,  0.35909252E+02,  0.35499374E+02,  0.35103985E+02,  0.34691116E+02,  0.34268333E+02,  0.33842426E+02,  0.33411041E+02,  0.32976032E+02,  0.32539165E+02,  0.32101696E+02,  0.31665089E+02,  0.31230637E+02,  0.30799534E+02,  0.30372849E+02,  0.29951521E+02,  0.29536371E+02,  0.29128098E+02,  0.28727280E+02,  0.28334391E+02,  0.27949795E+02,  0.27573753E+02,  0.27206436E+02,  0.26847923E+02,  0.26498203E+02,  0.26157194E+02,  0.25824728E+02,  0.25500574E+02,  0.25184429E+02,  0.24875929E+02,  0.24574646E+02,  0.24280102E+02,  0.23991762E+02,  0.23709049E+02,  0.23431320E+02,  0.23157911E+02,  0.22888109E+02,  0.22621157E+02,  0.22356260E+02,  0.22092602E+02,  0.21829334E+02,  0.21565569E+02,  0.21300394E+02,  0.21032892E+02,  0.20762096E+02
  0.40000000E+01,  0.13728555E+01,  0.96772623E+00,  0.62007433E+00,  0.32543144E+00,  0.79794325E-01, -0.12042243E+00, -0.27843046E+00, -0.39710504E+00, -0.47902131E+00, -0.52647978E+00, -0.54153556E+00, -0.52602297E+00, -0.48157325E+00, -0.40964115E+00, -0.31151673E+00, -0.18834731E+00, -0.41152045E-01,  0.12916337E+00,  0.32179230E+00,  0.53601199E+00,  0.77116704E+00,  0.10266606E+01,  0.13019309E+01,  0.15964309E+01,  0.19095898E+01,  0.22407384E+01,  0.25889637E+01,  0.29527979E+01,  0.33295856E+01,  0.37119370E+01,  0.42157555E+01,  0.45545096E+01,  0.48295670E+01,  0.50628114E+01,  0.53464503E+01,  0.57140684E+01,  0.61439457E+01,  0.66313186E+01,  0.71491685E+01,  0.76830111E+01,  0.82307625E+01,  0.87951794E+01,  0.93748617E+01,  0.99696379E+01,  0.10579501E+02,  0.11204290E+02,  0.11843796E+02,  0.12497622E+02,  0.13165134E+02,  0.13845496E+02,  0.14537682E+02,  0.15240452E+02,  0.15952616E+02,  0.16672842E+02,  0.17399523E+02,  0.18131178E+02,  0.18866306E+02,  0.19603182E+02,  0.20339907E+02,  0.21074547E+02,  0.21805412E+02,  0.22531149E+02,  0.23250698E+02,  0.23961176E+02,  0.24658108E+02,  0.25336100E+02,  0.25994291E+02,  0.26643568E+02,  0.27314255E+02,  0.28004015E+02,  0.28657173E+02,  0.29127876E+02,  0.29482176E+02,  0.30100138E+02,  0.31506086E+02,  0.33355209E+02,  0.34837440E+02,  0.36161182E+02,  0.36893539E+02,  0.36530212E+02,  0.35905552E+02,  0.35682266E+02,  0.35519444E+02,  0.35219982E+02,  0.34885757E+02,  0.34573463E+02,  0.34244759E+02,  0.33901604E+02,  0.33553570E+02,  0.33199566E+02,  0.32838909E+02,  0.32473610E+02,  0.32104721E+02,  0.31733395E+02,  0.31360924E+02,  0.30988489E+02,  0.30617233E+02,  0.30248209E+02,  0.29882381E+02,  0.29520620E+02,  0.29163692E+02,  0.28812265E+02,  0.28466908E+02,  0.28128084E+02,  0.27796173E+02,  0.27471455E+02,  0.27154118E+02,  0.26844269E+02,  0.26541931E+02,  0.26247049E+02,  0.25959488E+02,  0.25679043E+02,  0.25405437E+02,  0.25138332E+02,  0.24877321E+02,  0.24621937E+02,  0.24371656E+02,  0.24125896E+02,  0.23884031E+02,  0.23645378E+02,  0.23409199E+02,  0.23174726E+02,  0.22941145E+02,  0.22707598E+02,  0.22473185E+02,  0.22236984E+02,  0.21998035E+02,  0.21755342E+02,  0.21507895E+02
  0.41250000E+01,  0.26262650E+01,  0.21552808E+01,  0.17434988E+01,  0.13865639E+01,  0.10805706E+01,  0.82201433E+00,  0.60774583E+00,  0.43493864E+00,  0.30105388E+00,  0.20381099E+00,  0.14116737E+00,  0.11129289E+00,  0.11254858E+00,  0.14347199E+00,  0.20275588E+00,  0.28923619E+00,  0.40187484E+00,  0.53974700E+00,  0.70202535E+00,  0.88796866E+00,  0.10969069E+01,  0.13282266E+01,  0.15813558E+01,  0.18557503E+01,  0.21508846E+01,  0.24662666E+01,  0.28015258E+01,  0.31567013E+01,  0.35330915E+01,  0.39361951E+01,  0.43469281E+01,  0.47748613E+01,  0.50811443E+01,  0.53137231E+01,  0.55173960E+01,  0.57924318E+01,  0.61510806E+01,  0.65725522E+01,  0.70535183E+01,  0.75675640E+01,  0.80996246E+01,  0.86435299E+01,  0.92024899E+01,  0.97768936E+01,  0.10365477E+02,  0.10967751E+02,  0.11583416E+02,  0.12212129E+02,  0.12853482E+02,  0.13506911E+02,  0.14171639E+02,  0.14846720E+02,  0.15531021E+02,  0.16223282E+02,  0.16922209E+02,  0.17626402E+02,  0.18334545E+02,  0.19045317E+02,  0.19757217E+02,  0.20468704E+02,  0.21177610E+02,  0.21881058E+02,  0.22575357E+02,  0.23263712E+02,  0.23955822E+02,  0.24666813E+02,  0.25395473E+02,  0.26094746E+02,  0.26651655E+02,  0.27090256E+02,  0.27614588E+02,  0.28726185E+02,  0.30369802E+02,  0.32129478E+02,  0.33620392E+02,  0.34837074E+02,  0.35185795E+02,  0.34580849E+02,  0.34367764E+02,  0.34373550E+02,  0.34355991E+02,  0.34184208E+02,  0.33959366E+02,  0.33743008E+02,  0.33513111E+02,  0.33258610E+02,  0.32993042E+02,  0.32718353E+02,  0.32433926E+02,  0.32141708E+02,  0.31843420E+02,  0.31540030E+02,  0.31232752E+02,  0.30922764E+02,  0.30611170E+02,  0.30299053E+02,  0.29987434E+02,  0.29677267E+02,  0.29369436E+02,  0.29064739E+02,  0.28763895E+02,  0.28467533E+02,  0.28176199E+02,  0.27890350E+02,  0.27610355E+02,  0.27336500E+02,  0.27068985E+02,  0.26807930E+02,  0.26553373E+02,  0.26305275E+02,  0.26063520E+02,  0.25827921E+02,  0.25598215E+02,  0.25374075E+02,  0.25155100E+02,  0.24940836E+02,  0.24730749E+02,  0.24524254E+02,  0.24320713E+02,  0.24119421E+02,  0.23919624E+02,  0.23720520E+02,  0.23521254E+02,  0.23320923E+02,  0.23118586E+02,  0.22913258E+02,  0.22703924E+02,  0.22489513E+02,  0.22268948E+02
  0.42500000E+01,  0.36255651E+01,  0.31100857E+01,  0.26533198E+01,  0.22512846E+01,  0.19003931E+01,  0.15974078E+01,  0.13394073E+01,  0.11237531E+01,  0.94806433E+00,  0.81019664E+00,  0.70821530E+00,  0.64038157E+00,  0.60513377E+00,  0.60107082E+00,  0.62693965E+00,  0.68162090E+00,  0.76411682E+00,  0.87353885E+00,  0.10090964E+01,  0.11700839E+01,  0.13558712E+01,  0.15658857E+01,  0.17995983E+01,  0.20564992E+01,  0.23360610E+01,  0.26376765E+01,  0.29605203E+01,  0.33032384E+01,  0.36631675E+01,  0.40341406E+01,  0.44104538E+01,  0.48934541E+01,  0.53030849E+01,  0.55867062E+01,  0.57856774E+01,  0.59648786E+01,  0.62195797E+01,  0.65606623E+01,  0.69648390E+01,  0.74307480E+01,  0.79379621E+01,  0.84676285E+01,  0.90111418E+01,  0.95654736E+01,  0.10133357E+02,  0.10715582E+02,  0.11311172E+02,  0.11919266E+02,  0.12539236E+02,  0.13170464E+02,  0.13812305E+02,  0.14464025E+02,  0.15124807E+02,  0.15793778E+02,  0.16469961E+02,  0.17152399E+02,  0.17839447E+02,  0.18529148E+02,  0.19220188E+02,  0.19911818E+02,  0.20606800E+02,  0.21311687E+02,  0.22036062E+02,  0.22762814E+02,  0.23454283E+02,  0.24061361E+02,  0.24589602E+02,  0.25174189E+02,  0.26227774E+02,  0.27792328E+02,  0.29638348E+02,  0.31175755E+02,  0.32547180E+02,  0.33493328E+02,  0.33544899E+02,  0.33029812E+02,  0.32919369E+02,  0.33016312E+02,  0.33003551E+02,  0.32905571E+02,  0.32777451E+02,  0.32657139E+02,  0.32521465E+02,  0.32358067E+02,  0.32176510E+02,  0.31982943E+02,  0.31776482E+02,  0.31558949E+02,  0.31332531E+02,  0.31098503E+02,  0.30858040E+02,  0.30612423E+02,  0.30362795E+02,  0.30110245E+02,  0.29855827E+02,  0.29600540E+02,  0.29345322E+02,  0.29091055E+02,  0.28838554E+02,  0.28588566E+02,  0.28341759E+02,  0.28098732E+02,  0.27860003E+02,  0.27626011E+02,  0.27397120E+02,  0.27173607E+02,  0.26955679E+02,  0.26743458E+02,  0.26536989E+02,  0.26336245E+02,  0.26141117E+02,  0.25951424E+02,  0.25766911E+02,  0.25587252E+02,  0.25412046E+02,  0.25240829E+02,  0.25073069E+02,  0.24908171E+02,  0.24745451E+02,  0.24584190E+02,  0.24423613E+02,  0.24262859E+02,  0.24101034E+02,  0.23937185E+02,  0.23770304E+02,  0.23599352E+02,  0.23423216E+02,  0.23240780E+02,  0.23050861E+02
  0.43750000E+01,  0.43709326E+01,  0.38308144E+01,  0.33469622E+01,  0.29159904E+01,  0.25348144E+01,  0.22006240E+01,  0.19108621E+01,  0.16632015E+01,  0.14555292E+01,  0.12859262E+01,  0.11526550E+01,  0.10541451E+01,  0.98898000E+00,  0.95588571E+00,  0.95372158E+00,  0.98146725E+00,  0.10382166E+01,  0.11231670E+01,  0.12356136E+01,  0.13749371E+01,  0.15405998E+01,  0.17321349E+01,  0.19491391E+01,  0.21912639E+01,  0.24582055E+01,  0.27497005E+01,  0.30655406E+01,  0.34056394E+01,  0.37702947E+01,  0.41610384E+01,  0.45806012E+01,  0.50077534E+01,  0.54832296E+01,  0.58628936E+01,  0.61193147E+01,  0.62876511E+01,  0.64360428E+01,  0.66553168E+01,  0.69653230E+01,  0.73432775E+01,  0.77801328E+01,  0.82695398E+01,  0.87912893E+01,  0.93337708E+01,  0.98905821E+01,  0.10457870E+02,  0.11035246E+02,  0.11624046E+02,  0.12225014E+02,  0.12837907E+02,  0.13461902E+02,  0.14096128E+02,  0.14739741E+02,  0.15391962E+02,  0.16052275E+02,  0.16720034E+02,  0.17396879E+02,  0.18084400E+02,  0.18780420E+02,  0.19481520E+02,  0.20176060E+02,  0.20843212E+02,  0.21448124E+02,  0.22036823E+02,  0.22739632E+02,  0.23806082E+02,  0.25338585E+02,  0.27208664E+02,  0.28764555E+02,  0.30177444E+02,  0.31336393E+02,  0.31838730E+02,  0.31690283E+02,  0.31367231E+02,  0.31379665E+02,  0.31505447E+02,  0.31519119E+02,  0.31462015E+02,  0.31417879E+02,  0.31376020E+02,  0.31318756E+02,  0.31235510E+02,  0.31133533E+02,  0.31017927E+02,  0.30888208E+02,  0.30744854E+02,  0.30590151E+02,  0.30425537E+02,  0.30252213E+02,  0.30071497E+02,  0.29884628E+02,  0.29692730E+02,  0.29496887E+02,  0.29298134E+02,  0.29097448E+02,  0.28895760E+02,  0.28693947E+02,  0.28492828E+02,  0.28293165E+02,  0.28095659E+02,  0.27900942E+02,  0.27709579E+02,  0.27522066E+02,  0.27338827E+02,  0.27160210E+02,  0.26986492E+02,  0.26817873E+02,  0.26654480E+02,  0.26496359E+02,  0.26343483E+02,  0.26195751E+02,  0.26052982E+02,  0.25914921E+02,  0.25781239E+02,  0.25651535E+02,  0.25525318E+02,  0.25402054E+02,  0.25281103E+02,  0.25161791E+02,  0.25043337E+02,  0.24924923E+02,  0.24805647E+02,  0.24684553E+02,  0.24560631E+02,  0.24432795E+02,  0.24299925E+02,  0.24160835E+02,  0.24014309E+02,  0.23859081E+02
  0.45000000E+01,  0.48715281E+01,  0.43240714E+01,  0.38289008E+01,  0.33833694E+01,  0.29850233E+01,  0.26315935E+01,  0.23209863E+01,  0.20512767E+01,  0.18206972E+01,  0.16276294E+01,  0.14705982E+01,  0.13482608E+01,  0.12594011E+01,  0.12029229E+01,  0.11778419E+01,  0.11832821E+01,  0.12184676E+01,  0.12827203E+01,  0.13754541E+01,  0.14961722E+01,  0.16444640E+01,  0.18200033E+01,  0.20225501E+01,  0.22519500E+01,  0.25081413E+01,  0.27911668E+01,  0.31011915E+01,  0.34385271E+01,  0.38036482E+01,  0.41971054E+01,  0.46197224E+01,  0.50793738E+01,  0.55668836E+01,  0.60629973E+01,  0.64477291E+01,  0.67007155E+01,  0.68603196E+01,  0.69800057E+01,  0.71515994E+01,  0.74093900E+01,  0.77497191E+01,  0.81486397E+01,  0.85992327E+01,  0.90947781E+01,  0.96217880E+01,  0.10170494E+02,  0.10736070E+02,  0.11315616E+02,  0.11907317E+02,  0.12509680E+02,  0.13122212E+02,  0.13744590E+02,  0.14376471E+02,  0.15017482E+02,  0.15667143E+02,  0.16326982E+02,  0.16991150E+02,  0.17650581E+02,  0.18299137E+02,  0.18929947E+02,  0.19589937E+02,  0.20393637E+02,  0.21528811E+02,  0.22974588E+02,  0.24638067E+02,  0.26313425E+02,  0.27765240E+02,  0.28970434E+02,  0.29647720E+02,  0.29710897E+02,  0.29421133E+02,  0.29475590E+02,  0.29666298E+02,  0.29844130E+02,  0.29907803E+02,  0.29917654E+02,  0.29938787E+02,  0.29960789E+02,  0.29961163E+02,  0.29942137E+02,  0.29907928E+02,  0.29861412E+02,  0.29801256E+02,  0.29727148E+02,  0.29640549E+02,  0.29542812E+02,  0.29434864E+02,  0.29317860E+02,  0.29192984E+02,  0.29061337E+02,  0.28923988E+02,  0.28781981E+02,  0.28636311E+02,  0.28487930E+02,  0.28337753E+02,  0.28186649E+02,  0.28035437E+02,  0.27884886E+02,  0.27735714E+02,  0.27588583E+02,  0.27444096E+02,  0.27302790E+02,  0.27165144E+02,  0.27031569E+02,  0.26902403E+02,  0.26777918E+02,  0.26658312E+02,  0.26543711E+02,  0.26434164E+02,  0.26329647E+02,  0.26230057E+02,  0.26135210E+02,  0.26044859E+02,  0.25958658E+02,  0.25876196E+02,  0.25796980E+02,  0.25720432E+02,  0.25645901E+02,  0.25572664E+02,  0.25499914E+02,  0.25426769E+02,  0.25352270E+02,  0.25275406E+02,  0.25195072E+02,  0.25110119E+02,  0.25019321E+02,  0.24921404E+02,  0.24815039E+02,  0.24698849E+02
  0.46250000E+01,  0.51435590E+01,  0.46028156E+01,  0.41093512E+01,  0.36613142E+01,  0.32569396E+01,  0.28945537E+01,  0.25725839E+01,  0.22895558E+01,  0.20440972E+01,  0.18349371E+01,  0.16609039E+01,  0.15209234E+01,  0.14140171E+01,  0.13392994E+01,  0.12959766E+01,  0.12833427E+01,  0.13007801E+01,  0.13477560E+01,  0.14238247E+01,  0.15286272E+01,  0.16618912E+01,  0.18234391E+01,  0.20131903E+01,  0.22311711E+01,  0.24775321E+01,  0.27525620E+01,  0.30567186E+01,  0.33906667E+01,  0.37553267E+01,  0.41519623E+01,  0.45821643E+01,  0.50459981E+01,  0.55482812E+01,  0.60965672E+01,  0.66428161E+01,  0.70817204E+01,  0.73669524E+01,  0.75559731E+01,  0.76766148E+01,  0.78079748E+01,  0.79998021E+01,  0.82712507E+01,  0.86202230E+01,  0.90282192E+01,  0.94804974E+01,  0.99706106E+01,  0.10492577E+02,  0.11039856E+02,  0.11606962E+02,  0.12191837E+02,  0.12791926E+02,  0.13405453E+02,  0.14030407E+02,  0.14663946E+02,  0.15304433E+02,  0.15949389E+02,  0.16639338E+02,  0.17443481E+02,  0.18432114E+02,  0.19691290E+02,  0.21196350E+02,  0.22898979E+02,  0.24338892E+02,  0.25630613E+02,  0.26709932E+02,  0.27359615E+02,  0.27502178E+02,  0.27269056E+02,  0.27373137E+02,  0.27619062E+02,  0.27894575E+02,  0.28060041E+02,  0.28164930E+02,  0.28245644E+02,  0.28332848E+02,  0.28412712E+02,  0.28469795E+02,  0.28508106E+02,  0.28534378E+02,  0.28548412E+02,  0.28549429E+02,  0.28537123E+02,  0.28512518E+02,  0.28476568E+02,  0.28429922E+02,  0.28373371E+02,  0.28307901E+02,  0.28234470E+02,  0.28154041E+02,  0.28067589E+02,  0.27976070E+02,  0.27880424E+02,  0.27781563E+02,  0.27680368E+02,  0.27577690E+02,  0.27474339E+02,  0.27371090E+02,  0.27268669E+02,  0.27167759E+02,  0.27068993E+02,  0.26972948E+02,  0.26880148E+02,  0.26791058E+02,  0.26706076E+02,  0.26625542E+02,  0.26549723E+02,  0.26478819E+02,  0.26412960E+02,  0.26352198E+02,  0.26296511E+02,  0.26245800E+02,  0.26199884E+02,  0.26158503E+02,  0.26121313E+02,  0.26087889E+02,  0.26057718E+02,  0.26030201E+02,  0.26004658E+02,  0.25980310E+02,  0.25956318E+02,  0.25931740E+02,  0.25905544E+02,  0.25876642E+02,  0.25843842E+02,  0.25805901E+02,  0.25761482E+02,  0.25709200E+02,  0.25647596E+02,  0.25575171E+02
  0.47500000E+01,  0.52079520E+01,  0.46844440E+01,  0.42026858E+01,  0.37616005E+01,  0.33601010E+01,  0.29971142E+01,  0.26715937E+01,  0.23825321E+01,  0.21289690E+01,  0.19099982E+01,  0.17247720E+01,  0.15725043E+01,  0.14524729E+01,  0.13640215E+01,  0.13065617E+01,  0.12795732E+01,  0.12826071E+01,  0.13152870E+01,  0.13773108E+01,  0.14684565E+01,  0.15885872E+01,  0.17376550E+01,  0.19157149E+01,  0.21229351E+01,  0.23596132E+01,  0.26262004E+01,  0.29233270E+01,  0.32518384E+01,  0.36128356E+01,  0.40077214E+01,  0.44382811E+01,  0.49072852E+01,  0.54169636E+01,  0.59698534E+01,  0.65850258E+01,  0.72170606E+01,  0.77795758E+01,  0.81581430E+01,  0.84235430E+01,  0.86134901E+01,  0.87662134E+01,  0.89386921E+01,  0.91578445E+01,  0.94334507E+01,  0.97715988E+01,  0.10169296E+02,  0.10619165E+02,  0.11113370E+02,  0.11646556E+02,  0.12212083E+02,  0.12816378E+02,  0.13471848E+02,  0.14197305E+02,  0.15015834E+02,  0.15948128E+02,  0.17044783E+02,  0.18296911E+02,  0.19690388E+02,  0.21174059E+02,  0.22459896E+02,  0.23606401E+02,  0.24525677E+02,  0.25105909E+02,  0.25338926E+02,  0.25335682E+02,  0.25332130E+02,  0.25536716E+02,  0.25823532E+02,  0.26031179E+02,  0.26194248E+02,  0.26330896E+02,  0.26478621E+02,  0.26623133E+02,  0.26753992E+02,  0.26863422E+02,  0.26955940E+02,  0.27036589E+02,  0.27105108E+02,  0.27160391E+02,  0.27203093E+02,  0.27234011E+02,  0.27253859E+02,  0.27263077E+02,  0.27262224E+02,  0.27252039E+02,  0.27233301E+02,  0.27206800E+02,  0.27173372E+02,  0.27133879E+02,  0.27089184E+02,  0.27040150E+02,  0.26987633E+02,  0.26932476E+02,  0.26875496E+02,  0.26817493E+02,  0.26759232E+02,  0.26701448E+02,  0.26644836E+02,  0.26590057E+02,  0.26537720E+02,  0.26488390E+02,  0.26442583E+02,  0.26400753E+02,  0.26363306E+02,  0.26330580E+02,  0.26302851E+02,  0.26280323E+02,  0.26263134E+02,  0.26251350E+02,  0.26244953E+02,  0.26243853E+02,  0.26247868E+02,  0.26256746E+02,  0.26270134E+02,  0.26287596E+02,  0.26308598E+02,  0.26332525E+02,  0.26358658E+02,  0.26386190E+02,  0.26414202E+02,  0.26441698E+02,  0.26467588E+02,  0.26490671E+02,  0.26509670E+02,  0.26523222E+02,  0.26529867E+02,  0.26528097E+02,  0.26516294E+02,  0.26492807E+02
  0.48750000E+01,  0.50880399E+01,  0.45888538E+01,  0.41258039E+01,  0.36985052E+01,  0.33064930E+01,  0.29492514E+01,  0.26262336E+01,  0.23368800E+01,  0.20806310E+01,  0.18569407E+01,  0.16652831E+01,  0.15051601E+01,  0.13761090E+01,  0.12777059E+01,  0.12095702E+01,  0.11713698E+01,  0.11628240E+01,  0.11837091E+01,  0.12338614E+01,  0.13131847E+01,  0.14216557E+01,  0.15593338E+01,  0.17263709E+01,  0.19230235E+01,  0.21496718E+01,  0.24068387E+01,  0.26952159E+01,  0.30156968E+01,  0.33694179E+01,  0.37578154E+01,  0.41826897E+01,  0.46461725E+01,  0.51513147E+01,  0.57021570E+01,  0.62998443E+01,  0.69650965E+01,  0.76852894E+01,  0.83779478E+01,  0.89916849E+01,  0.94450169E+01,  0.98056889E+01,  0.10107224E+02,  0.10385618E+02,  0.10684150E+02,  0.11023589E+02,  0.11419100E+02,  0.11879269E+02,  0.12408993E+02,  0.13009914E+02,  0.13703688E+02,  0.14492198E+02,  0.15384860E+02,  0.16390617E+02,  0.17509018E+02,  0.18717255E+02,  0.19795376E+02,  0.20779335E+02,  0.21626829E+02,  0.22271856E+02,  0.22669090E+02,  0.22815834E+02,  0.22764023E+02,  0.22973272E+02,  0.23279568E+02,  0.23601246E+02,  0.23884268E+02,  0.24098068E+02,  0.24277447E+02,  0.24468784E+02,  0.24661011E+02,  0.24846607E+02,  0.25014091E+02,  0.25166389E+02,  0.25305830E+02,  0.25434464E+02,  0.25551342E+02,  0.25655554E+02,  0.25747688E+02,  0.25828600E+02,  0.25898691E+02,  0.25958355E+02,  0.26008057E+02,  0.26048388E+02,  0.26079973E+02,  0.26103455E+02,  0.26119520E+02,  0.26128904E+02,  0.26132364E+02,  0.26130678E+02,  0.26124638E+02,  0.26115038E+02,  0.26102674E+02,  0.26088333E+02,  0.26072786E+02,  0.26056795E+02,  0.26041092E+02,  0.26026386E+02,  0.26013353E+02,  0.26002638E+02,  0.25994843E+02,  0.25990528E+02,  0.25990211E+02,  0.25994356E+02,  0.26003372E+02,  0.26017612E+02,  0.26037365E+02,  0.26062855E+02,  0.26094238E+02,  0.26131592E+02,  0.26174921E+02,  0.26224142E+02,  0.26279100E+02,  0.26339531E+02,  0.26405096E+02,  0.26475348E+02,  0.26549746E+02,  0.26627645E+02,  0.26708303E+02,  0.26790857E+02,  0.26874350E+02,  0.26957701E+02,  0.27039742E+02,  0.27119171E+02,  0.27194613E+02,  0.27264555E+02,  0.27327417E+02,  0.27381508E+02,  0.27425070E+02,  0.27456240E+02
  0.50000000E+01,  0.48075914E+01,  0.43367372E+01,  0.38966508E+01,  0.34875276E+01,  0.31094360E+01,  0.27623477E+01,  0.24461617E+01,  0.21607239E+01,  0.19058462E+01,  0.16813167E+01,  0.14869124E+01,  0.13224117E+01,  0.11875982E+01,  0.10822719E+01,  0.10062523E+01,  0.95938653E+00,  0.94155401E+00,  0.95267177E+00,  0.99270105E+00,  0.10616522E+01,  0.11595939E+01,  0.12866607E+01,  0.14430603E+01,  0.16290897E+01,  0.18451444E+01,  0.20917368E+01,  0.23695159E+01,  0.26792886E+01,  0.30220473E+01,  0.33989964E+01,  0.38115931E+01,  0.42616081E+01,  0.47510314E+01,  0.52820878E+01,  0.58582292E+01,  0.64778123E+01,  0.71473265E+01,  0.79348612E+01,  0.87375975E+01,  0.95184822E+01,  0.10260029E+02,  0.10950059E+02,  0.11578959E+02,  0.12134138E+02,  0.12681783E+02,  0.13254925E+02,  0.13878031E+02,  0.14568115E+02,  0.15333426E+02,  0.16075029E+02,  0.16812243E+02,  0.17541975E+02,  0.18245419E+02,  0.18892065E+02,  0.19446424E+02,  0.19877865E+02,  0.20169525E+02,  0.20329731E+02,  0.20403032E+02,  0.20657618E+02,  0.20980677E+02,  0.21329693E+02,  0.21614861E+02,  0.21870117E+02,  0.22106421E+02,  0.22335806E+02,  0.22568859E+02,  0.22797668E+02,  0.23010696E+02,  0.23210842E+02,  0.23399570E+02,  0.23579401E+02,  0.23749134E+02,  0.23907911E+02,  0.24055157E+02,  0.24191275E+02,  0.24316797E+02,  0.24431959E+02,  0.24536995E+02,  0.24632324E+02,  0.24718420E+02,  0.24795788E+02,  0.24864958E+02,  0.24926498E+02,  0.24981026E+02,  0.25029192E+02,  0.25071676E+02,  0.25109190E+02,  0.25142456E+02,  0.25172216E+02,  0.25199223E+02,  0.25224228E+02,  0.25247984E+02,  0.25271233E+02,  0.25294710E+02,  0.25319130E+02,  0.25345186E+02,  0.25373552E+02,  0.25404869E+02,  0.25439743E+02,  0.25478746E+02,  0.25522404E+02,  0.25571201E+02,  0.25625570E+02,  0.25685884E+02,  0.25752464E+02,  0.25825558E+02,  0.25905354E+02,  0.25991959E+02,  0.26085400E+02,  0.26185635E+02,  0.26292515E+02,  0.26405798E+02,  0.26525160E+02,  0.26650160E+02,  0.26780247E+02,  0.26914768E+02,  0.27052940E+02,  0.27193872E+02,  0.27336546E+02,  0.27479824E+02,  0.27622417E+02,  0.27762953E+02,  0.27899906E+02,  0.28031635E+02,  0.28156391E+02,  0.28272291E+02,  0.28377375E+02,  0.28469576E+02
  0.51250000E+01,  0.43893347E+01,  0.39482458E+01,  0.35330236E+01,  0.31443193E+01,  0.27826326E+01,  0.24483407E+01,  0.21417201E+01,  0.18629696E+01,  0.16122246E+01,  0.13895724E+01,  0.11950650E+01,  0.10287299E+01,  0.89057869E+00,  0.78061652E+00,  0.69884789E+00,  0.64528447E+00,  0.61994958E+00,  0.62288606E+00,  0.65416247E+00,  0.71387583E+00,  0.80216283E+00,  0.91920251E+00,  0.10652267E+01,  0.12405281E+01,  0.14454684E+01,  0.16804901E+01,  0.19461263E+01,  0.22430143E+01,  0.25719061E+01,  0.29336820E+01,  0.33293581E+01,  0.37600863E+01,  0.42271895E+01,  0.47321558E+01,  0.52763691E+01,  0.58628221E+01,  0.64927607E+01,  0.71521540E+01,  0.78633046E+01,  0.86768723E+01,  0.95075045E+01,  0.10322190E+02,  0.11110577E+02,  0.11870346E+02,  0.12601028E+02,  0.13302988E+02,  0.13976341E+02,  0.14619330E+02,  0.15227000E+02,  0.15790566E+02,  0.16297604E+02,  0.16733772E+02,  0.17086128E+02,  0.17350340E+02,  0.17540974E+02,  0.17858335E+02,  0.18218290E+02,  0.18583183E+02,  0.18941013E+02,  0.19247770E+02,  0.19530518E+02,  0.19796919E+02,  0.20072828E+02,  0.20347801E+02,  0.20616581E+02,  0.20874624E+02,  0.21118864E+02,  0.21351538E+02,  0.21575880E+02,  0.21791113E+02,  0.21996729E+02,  0.22191896E+02,  0.22376825E+02,  0.22551710E+02,  0.22716774E+02,  0.22872078E+02,  0.23017757E+02,  0.23154099E+02,  0.23281473E+02,  0.23400263E+02,  0.23510893E+02,  0.23613838E+02,  0.23709616E+02,  0.23798782E+02,  0.23881927E+02,  0.23959673E+02,  0.24032669E+02,  0.24101593E+02,  0.24167139E+02,  0.24230022E+02,  0.24290962E+02,  0.24350691E+02,  0.24409941E+02,  0.24469440E+02,  0.24529913E+02,  0.24592072E+02,  0.24656610E+02,  0.24724209E+02,  0.24795521E+02,  0.24871172E+02,  0.24951752E+02,  0.25037817E+02,  0.25129883E+02,  0.25228416E+02,  0.25333832E+02,  0.25446487E+02,  0.25566681E+02,  0.25694637E+02,  0.25830515E+02,  0.25974392E+02,  0.26126245E+02,  0.26285978E+02,  0.26453392E+02,  0.26628174E+02,  0.26809900E+02,  0.26998039E+02,  0.27191925E+02,  0.27390760E+02,  0.27593628E+02,  0.27799448E+02,  0.28007008E+02,  0.28214958E+02,  0.28421783E+02,  0.28625828E+02,  0.28825294E+02,  0.29018234E+02,  0.29202581E+02,  0.29376116E+02,  0.29536516E+02
  0.52500000E+01,  0.38539894E+01,  0.34420693E+01,  0.30517011E+01,  0.26838732E+01,  0.23394184E+01,  0.20190351E+01,  0.17233075E+01,  0.14527261E+01,  0.12077000E+01,  0.98857331E+00,  0.79563832E+00,  0.62914026E+00,  0.48929387E+00,  0.37628606E+00,  0.29028717E+00,  0.23145272E+00,  0.19993545E+00,  0.19588518E+00,  0.21945836E+00,  0.27082223E+00,  0.35015741E+00,  0.45766768E+00,  0.59358209E+00,  0.75815994E+00,  0.95169836E+00,  0.11745347E+01,  0.14270507E+01,  0.17096760E+01,  0.20228875E+01,  0.23672078E+01,  0.27431912E+01,  0.31514173E+01,  0.35924425E+01,  0.40667596E+01,  0.45747871E+01,  0.51162863E+01,  0.56910534E+01,  0.63021250E+01,  0.69409342E+01,  0.75904331E+01,  0.82566996E+01,  0.89367847E+01,  0.96324682E+01,  0.10357568E+02,  0.11055490E+02,  0.11707019E+02,  0.12300960E+02,  0.12830107E+02,  0.13290621E+02,  0.13779221E+02,  0.14266877E+02,  0.14738952E+02,  0.15188997E+02,  0.15616988E+02,  0.16029444E+02,  0.16398357E+02,  0.16744884E+02,  0.17074608E+02,  0.17390484E+02,  0.17707945E+02,  0.18020981E+02,  0.18327757E+02,  0.18621559E+02,  0.18904928E+02,  0.19178724E+02,  0.19443705E+02,  0.19700443E+02,  0.19948254E+02,  0.20186249E+02,  0.20414639E+02,  0.20633558E+02,  0.20843239E+02,  0.21043665E+02,  0.21234877E+02,  0.21416973E+02,  0.21590157E+02,  0.21754694E+02,  0.21910866E+02,  0.22059004E+02,  0.22199493E+02,  0.22332764E+02,  0.22459282E+02,  0.22579556E+02,  0.22694126E+02,  0.22803572E+02,  0.22908499E+02,  0.23009541E+02,  0.23107359E+02,  0.23202635E+02,  0.23296066E+02,  0.23388363E+02,  0.23480249E+02,  0.23572453E+02,  0.23665701E+02,  0.23760725E+02,  0.23858244E+02,  0.23958973E+02,  0.24063608E+02,  0.24172829E+02,  0.24287292E+02,  0.24407629E+02,  0.24534437E+02,  0.24668278E+02,  0.24809666E+02,  0.24959078E+02,  0.25116926E+02,  0.25283571E+02,  0.25459307E+02,  0.25644344E+02,  0.25838835E+02,  0.26042812E+02,  0.26256245E+02,  0.26478979E+02,  0.26710747E+02,  0.26951180E+02,  0.27199760E+02,  0.27455839E+02,  0.27718622E+02,  0.27987160E+02,  0.28260347E+02,  0.28536900E+02,  0.28815382E+02,  0.29094164E+02,  0.29371447E+02,  0.29645250E+02,  0.29913422E+02,  0.30173649E+02,  0.30423445E+02,  0.30660181E+02
  0.53750000E+01,  0.32197528E+01,  0.28348856E+01,  0.24678812E+01,  0.21199687E+01,  0.17922223E+01,  0.14855862E+01,  0.12008851E+01,  0.93884230E+00,  0.70009297E+00,  0.48519522E+00,  0.29464078E+00,  0.12886603E+00, -0.11742037E-01, -0.12683670E+00, -0.21610723E+00, -0.27926892E+00, -0.31606191E+00, -0.32624319E+00, -0.30958563E+00, -0.26586908E+00, -0.19488201E+00, -0.96413657E-01,  0.29746419E-01,  0.18381126E+00,  0.36599752E+00,  0.57652724E+00,  0.81562513E+00,  0.10835152E+01,  0.13804139E+01,  0.17065170E+01,  0.20619843E+01,  0.24469082E+01,  0.28612812E+01,  0.33049369E+01,  0.37774599E+01,  0.42781997E+01,  0.48058996E+01,  0.53575606E+01,  0.59320807E+01,  0.65291243E+01,  0.71399841E+01,  0.77583489E+01,  0.83774738E+01,  0.89865150E+01,  0.95864182E+01,  0.10171171E+02,  0.10736550E+02,  0.11281600E+02,  0.11810130E+02,  0.12307943E+02,  0.12782633E+02,  0.13235124E+02,  0.13665035E+02,  0.14072880E+02,  0.14460535E+02,  0.14840961E+02,  0.15210996E+02,  0.15570086E+02,  0.15918346E+02,  0.16252838E+02,  0.16576063E+02,  0.16889071E+02,  0.17193983E+02,  0.17490238E+02,  0.17777576E+02,  0.18055729E+02,  0.18324493E+02,  0.18584045E+02,  0.18834650E+02,  0.19076305E+02,  0.19309048E+02,  0.19532917E+02,  0.19748051E+02,  0.19954611E+02,  0.20152798E+02,  0.20342831E+02,  0.20524969E+02,  0.20699526E+02,  0.20866852E+02,  0.21027340E+02,  0.21181419E+02,  0.21329563E+02,  0.21472273E+02,  0.21610092E+02,  0.21743591E+02,  0.21873375E+02,  0.22000071E+02,  0.22124338E+02,  0.22246851E+02,  0.22368311E+02,  0.22489431E+02,  0.22610935E+02,  0.22733564E+02,  0.22858059E+02,  0.22985167E+02,  0.23115633E+02,  0.23250196E+02,  0.23389593E+02,  0.23534542E+02,  0.23685747E+02,  0.23843891E+02,  0.24009628E+02,  0.24183584E+02,  0.24366346E+02,  0.24558464E+02,  0.24760429E+02,  0.24972683E+02,  0.25195604E+02,  0.25429501E+02,  0.25674589E+02,  0.25931021E+02,  0.26198826E+02,  0.26477938E+02,  0.26768173E+02,  0.27069212E+02,  0.27380598E+02,  0.27701725E+02,  0.28031820E+02,  0.28369938E+02,  0.28714947E+02,  0.29065529E+02,  0.29420143E+02,  0.29777073E+02,  0.30134361E+02,  0.30489840E+02,  0.30841131E+02,  0.31185638E+02,  0.31520565E+02,  0.31842920E+02
  0.55000000E+01,  0.25021138E+01,  0.21411021E+01,  0.17948810E+01,  0.14648368E+01,  0.11522170E+01,  0.85814214E+00,  0.58362079E+00,  0.32955900E+00,  0.96771672E-01, -0.11400861E+00, -0.30212364E+00, -0.46697792E+00, -0.60803896E+00, -0.72482371E+00, -0.81689817E+00, -0.88387084E+00, -0.92538810E+00, -0.94113195E+00, -0.93081439E+00, -0.89417756E+00, -0.83098763E+00, -0.74103659E+00, -0.62413925E+00, -0.48013428E+00, -0.30888262E+00, -0.11027352E+00,  0.11577506E+00,  0.36930609E+00,  0.65031648E+00,  0.95873946E+00,  0.12944282E+01,  0.16571277E+01,  0.20464377E+01,  0.24617729E+01,  0.29023066E+01,  0.33668754E+01,  0.38539634E+01,  0.43618836E+01,  0.48876834E+01,  0.54273829E+01,  0.59784508E+01,  0.65372472E+01,  0.70999408E+01,  0.76632934E+01,  0.82202053E+01,  0.87661695E+01,  0.92977962E+01,  0.98128452E+01,  0.10309931E+02,  0.10794034E+02,  0.11263362E+02,  0.11717312E+02,  0.12155795E+02,  0.12579201E+02,  0.12988383E+02,  0.13381664E+02,  0.13761384E+02,  0.14128810E+02,  0.14484829E+02,  0.14831037E+02,  0.15167425E+02,  0.15494217E+02,  0.15811207E+02,  0.16118784E+02,  0.16417177E+02,  0.16706562E+02,  0.16987080E+02,  0.17258774E+02,  0.17521675E+02,  0.17775902E+02,  0.18021585E+02,  0.18258884E+02,  0.18487959E+02,  0.18708998E+02,  0.18922224E+02,  0.19127899E+02,  0.19326319E+02,  0.19517813E+02,  0.19702749E+02,  0.19881533E+02,  0.20054604E+02,  0.20222441E+02,  0.20385557E+02,  0.20544497E+02,  0.20699835E+02,  0.20852180E+02,  0.21002167E+02,  0.21150459E+02,  0.21297739E+02,  0.21444717E+02,  0.21592119E+02,  0.21740688E+02,  0.21891184E+02,  0.22044373E+02,  0.22201031E+02,  0.22361940E+02,  0.22527885E+02,  0.22699646E+02,  0.22877998E+02,  0.23063707E+02,  0.23257521E+02,  0.23460175E+02,  0.23672371E+02,  0.23894791E+02,  0.24128071E+02,  0.24372816E+02,  0.24629568E+02,  0.24898808E+02,  0.25180969E+02,  0.25476393E+02,  0.25785328E+02,  0.26107939E+02,  0.26444269E+02,  0.26794241E+02,  0.27157639E+02,  0.27534100E+02,  0.27923084E+02,  0.28323889E+02,  0.28735594E+02,  0.29157087E+02,  0.29587015E+02,  0.30023806E+02,  0.30465611E+02,  0.30910343E+02,  0.31355648E+02,  0.31798895E+02,  0.32237190E+02,  0.32667370E+02,  0.33086033E+02
  0.56250000E+01,  0.17139047E+01,  0.13728225E+01,  0.10440297E+01,  0.72900999E+00,  0.42912602E+00,  0.14562619E+00, -0.12034452E+00, -0.36774048E+00, -0.59560436E+00, -0.80306321E+00, -0.98931950E+00, -0.11536493E+01, -0.12953925E+01, -0.14139537E+01, -0.15087934E+01, -0.15794282E+01, -0.16254256E+01, -0.16464021E+01, -0.16420221E+01, -0.16119951E+01, -0.15560741E+01, -0.14740566E+01, -0.13657838E+01, -0.12311412E+01, -0.10700623E+01, -0.88252997E+00, -0.66858488E+00, -0.42832845E+00, -0.16193642E+00,  0.13032947E+00,  0.44810459E+00,  0.79089999E+00,  0.11580775E+01,  0.15488200E+01,  0.19620941E+01,  0.23966248E+01,  0.28508410E+01,  0.33227766E+01,  0.38103316E+01,  0.43112073E+01,  0.48222876E+01,  0.53404279E+01,  0.58623133E+01,  0.63843408E+01,  0.69039865E+01,  0.74184456E+01,  0.79253540E+01,  0.84229603E+01,  0.89101944E+01,  0.93849535E+01,  0.98471966E+01,  0.10296710E+02,  0.10733365E+02,  0.11157223E+02,  0.11568535E+02,  0.11968436E+02,  0.12357024E+02,  0.12734635E+02,  0.13101643E+02,  0.13458161E+02,  0.13804664E+02,  0.14141479E+02,  0.14468978E+02,  0.14787309E+02,  0.15096612E+02,  0.15397013E+02,  0.15688624E+02,  0.15971588E+02,  0.16246054E+02,  0.16512159E+02,  0.16770063E+02,  0.17019938E+02,  0.17261988E+02,  0.17496441E+02,  0.17723553E+02,  0.17943609E+02,  0.18156929E+02,  0.18363863E+02,  0.18564796E+02,  0.18760155E+02,  0.18950386E+02,  0.19135984E+02,  0.19317472E+02,  0.19495403E+02,  0.19670364E+02,  0.19842978E+02,  0.20013885E+02,  0.20183765E+02,  0.20353321E+02,  0.20523275E+02,  0.20694380E+02,  0.20867401E+02,  0.21043131E+02,  0.21222370E+02,  0.21405939E+02,  0.21594664E+02,  0.21789385E+02,  0.21990940E+02,  0.22200176E+02,  0.22417934E+02,  0.22645046E+02,  0.22882339E+02,  0.23130621E+02,  0.23390676E+02,  0.23663263E+02,  0.23949100E+02,  0.24248878E+02,  0.24563225E+02,  0.24892694E+02,  0.25237791E+02,  0.25598934E+02,  0.25976419E+02,  0.26370466E+02,  0.26781137E+02,  0.27208378E+02,  0.27651953E+02,  0.28111460E+02,  0.28586288E+02,  0.29075609E+02,  0.29578365E+02,  0.30093220E+02,  0.30618580E+02,  0.31152529E+02,  0.31692858E+02,  0.32237019E+02,  0.32782143E+02,  0.33324986E+02,  0.33862015E+02,  0.34389328E+02
  0.57500000E+01,  0.86548847E+00,  0.53994721E+00,  0.22470009E+00, -0.78711353E-01, -0.36884931E+00, -0.64437377E+00, -0.90404105E+00, -0.11466949E+01, -0.13712660E+01, -0.15767658E+01, -0.17622834E+01, -0.19269835E+01, -0.20701008E+01, -0.21909406E+01, -0.22888741E+01, -0.23633368E+01, -0.24138286E+01, -0.24399109E+01, -0.24412053E+01, -0.24173942E+01, -0.23682210E+01, -0.22934890E+01, -0.21930625E+01, -0.20668697E+01, -0.19149032E+01, -0.17372249E+01, -0.15339713E+01, -0.13053577E+01, -0.10516888E+01, -0.77336639E+00, -0.47090369E+00, -0.14493848E+00,  0.20375147E+00,  0.57422757E+00,  0.96537483E+00,  0.13758811E+01,  0.18042276E+01,  0.22486975E+01,  0.27073078E+01,  0.31778374E+01,  0.36580369E+01,  0.41454787E+01,  0.46376729E+01,  0.51321988E+01,  0.56264596E+01,  0.61181955E+01,  0.66054249E+01,  0.70864778E+01,  0.75599828E+01,  0.80252657E+01,  0.84814186E+01,  0.89278412E+01,  0.93641453E+01,  0.97901173E+01,  0.10205695E+02,  0.10610731E+02,  0.11005448E+02,  0.11390051E+02,  0.11764743E+02,  0.12129797E+02,  0.12485371E+02,  0.12831634E+02,  0.13168719E+02,  0.13496798E+02,  0.13816019E+02,  0.14126529E+02,  0.14428471E+02,  0.14721985E+02,  0.15007219E+02,  0.15284342E+02,  0.15553536E+02,  0.15815006E+02,  0.16068979E+02,  0.16315704E+02,  0.16555462E+02,  0.16788561E+02,  0.17015337E+02,  0.17236166E+02,  0.17451448E+02,  0.17661621E+02,  0.17867155E+02,  0.18068552E+02,  0.18266354E+02,  0.18461124E+02,  0.18653469E+02,  0.18844023E+02,  0.19033449E+02,  0.19222441E+02,  0.19411726E+02,  0.19602053E+02,  0.19794201E+02,  0.19988974E+02,  0.20187199E+02,  0.20389721E+02,  0.20597410E+02,  0.20811153E+02,  0.21031851E+02,  0.21260416E+02,  0.21497776E+02,  0.21744860E+02,  0.22002604E+02,  0.22271938E+02,  0.22553793E+02,  0.22849087E+02,  0.23158710E+02,  0.23483547E+02,  0.23824438E+02,  0.24182178E+02,  0.24557528E+02,  0.24951162E+02,  0.25363691E+02,  0.25795641E+02,  0.26247412E+02,  0.26719299E+02,  0.27211439E+02,  0.27723793E+02,  0.28256161E+02,  0.28808098E+02,  0.29378931E+02,  0.29967712E+02,  0.30573206E+02,  0.31193832E+02,  0.31827675E+02,  0.32472439E+02,  0.33125408E+02,  0.33783478E+02,  0.34443081E+02,  0.35100227E+02,  0.35750492E+02
  0.58750000E+01, -0.34983072E-01, -0.34964812E+00, -0.65557724E+00, -0.95119745E+00, -0.12350197E+01, -0.15056388E+01, -0.17617320E+01, -0.20020564E+01, -0.22254486E+01, -0.24308236E+01, -0.26171734E+01, -0.27835653E+01, -0.29291418E+01, -0.30531204E+01, -0.31547916E+01, -0.32335200E+01, -0.32887437E+01, -0.33199735E+01, -0.33267949E+01, -0.33088655E+01, -0.32659192E+01, -0.31977639E+01, -0.31042840E+01, -0.29854424E+01, -0.28412819E+01, -0.26719289E+01, -0.24775956E+01, -0.22585855E+01, -0.20153000E+01, -0.17482425E+01, -0.14580278E+01, -0.11453888E+01, -0.81118768E+00, -0.45642328E+00, -0.82238704E-01,  0.31007209E+00,  0.71905947E+00,  0.11431174E+01,  0.15805091E+01,  0.20293801E+01,  0.24877360E+01,  0.29535284E+01,  0.34246790E+01,  0.38991144E+01,  0.43749027E+01,  0.48501949E+01,  0.53233085E+01,  0.57927542E+01,  0.62572637E+01,  0.67156672E+01,  0.71671157E+01,  0.76109123E+01,  0.80465117E+01,  0.84735107E+01,  0.88916273E+01,  0.93007412E+01,  0.97007322E+01,  0.10091564E+02,  0.10473248E+02,  0.10845816E+02,  0.11209343E+02,  0.11563920E+02,  0.11909652E+02,  0.12246636E+02,  0.12574986E+02,  0.12894819E+02,  0.13206264E+02,  0.13509466E+02,  0.13804584E+02,  0.14091795E+02,  0.14371295E+02,  0.14643303E+02,  0.14908062E+02,  0.15165841E+02,  0.15416936E+02,  0.15661674E+02,  0.15900411E+02,  0.16133535E+02,  0.16361465E+02,  0.16584654E+02,  0.16803589E+02,  0.17018787E+02,  0.17230804E+02,  0.17440224E+02,  0.17647667E+02,  0.17853788E+02,  0.18059269E+02,  0.18264833E+02,  0.18471230E+02,  0.18679237E+02,  0.18889671E+02,  0.19103373E+02,  0.19321215E+02,  0.19544092E+02,  0.19772936E+02,  0.20008692E+02,  0.20252337E+02,  0.20504868E+02,  0.20767302E+02,  0.21040670E+02,  0.21326023E+02,  0.21624418E+02,  0.21936922E+02,  0.22264597E+02,  0.22608509E+02,  0.22969717E+02,  0.23349247E+02,  0.23748108E+02,  0.24167274E+02,  0.24607670E+02,  0.25070135E+02,  0.25555460E+02,  0.26064320E+02,  0.26597273E+02,  0.27154732E+02,  0.27736959E+02,  0.28343998E+02,  0.28975679E+02,  0.29631569E+02,  0.30310930E+02,  0.31012703E+02,  0.31735435E+02,  0.32477280E+02,  0.33235920E+02,  0.34008560E+02,  0.34791870E+02,  0.35581978E+02,  0.36374435E+02,  0.37164230E+02
  0.60000000E+01, -0.98127681E+00, -0.12898843E+01, -0.15909495E+01, -0.18828796E+01, -0.21641474E+01, -0.24332941E+01, -0.26889300E+01, -0.29297366E+01, -0.31544685E+01, -0.33619521E+01, -0.35510907E+01, -0.37208631E+01, -0.38703260E+01, -0.39986136E+01, -0.41049423E+01, -0.41886091E+01, -0.42489939E+01, -0.42855611E+01, -0.42978592E+01, -0.42855239E+01, -0.42482781E+01, -0.41859341E+01, -0.40983930E+01, -0.39856472E+01, -0.38477826E+01, -0.36849787E+01, -0.34975126E+01, -0.32857597E+01, -0.30501959E+01, -0.27914052E+01, -0.25100768E+01, -0.22070136E+01, -0.18831335E+01, -0.15394706E+01, -0.11771791E+01, -0.79753256E+00, -0.40191942E+00,  0.81655979E-02,  0.43112302E+00,  0.86527050E+00,  0.13088728E+01,  0.17601533E+01,  0.22173281E+01,  0.26786411E+01,  0.31423738E+01,  0.36069067E+01,  0.40707345E+01,  0.45324864E+01,  0.49909368E+01,  0.54450374E+01,  0.58938565E+01,  0.63366079E+01,  0.67726421E+01,  0.72014332E+01,  0.76225624E+01,  0.80356951E+01,  0.84405994E+01,  0.88371077E+01,  0.92251081E+01,  0.96045399E+01,  0.99753714E+01,  0.10337606E+02,  0.10691273E+02,  0.11036423E+02,  0.11373132E+02,  0.11701492E+02,  0.12021621E+02,  0.12333652E+02,  0.12637741E+02,  0.12934067E+02,  0.13222833E+02,  0.13504265E+02,  0.13778619E+02,  0.14046175E+02,  0.14307244E+02,  0.14562167E+02,  0.14811313E+02,  0.15055085E+02,  0.15293918E+02,  0.15528277E+02,  0.15758666E+02,  0.15985620E+02,  0.16209705E+02,  0.16431530E+02,  0.16651730E+02,  0.16870977E+02,  0.17089987E+02,  0.17309498E+02,  0.17530293E+02,  0.17753183E+02,  0.17979019E+02,  0.18208689E+02,  0.18443108E+02,  0.18683233E+02,  0.18930050E+02,  0.19184582E+02,  0.19447884E+02,  0.19721039E+02,  0.20005165E+02,  0.20301411E+02,  0.20610947E+02,  0.20934971E+02,  0.21274702E+02,  0.21631378E+02,  0.22006254E+02,  0.22400574E+02,  0.22815607E+02,  0.23252600E+02,  0.23712780E+02,  0.24197348E+02,  0.24707470E+02,  0.25244230E+02,  0.25808645E+02,  0.26401632E+02,  0.27023962E+02,  0.27676270E+02,  0.28358976E+02,  0.29072287E+02,  0.29816130E+02,  0.30590107E+02,  0.31393461E+02,  0.32225002E+02,  0.33083076E+02,  0.33965477E+02,  0.34869411E+02,  0.35791447E+02,  0.36727436E+02,  0.37672512E+02,  0.38621044E+02
  0.61250000E+01, -0.19687917E+01, -0.22762465E+01, -0.25770586E+01, -0.28696146E+01, -0.31523511E+01, -0.34237566E+01, -0.36823781E+01, -0.39268219E+01, -0.41557612E+01, -0.43679380E+01, -0.45621662E+01, -0.47373352E+01, -0.48924170E+01, -0.50264640E+01, -0.51386175E+01, -0.52281070E+01, -0.52942529E+01, -0.53364735E+01, -0.53542805E+01, -0.53472877E+01, -0.53152065E+01, -0.52578506E+01, -0.51751390E+01, -0.50670905E+01, -0.49338303E+01, -0.47755880E+01, -0.45926991E+01, -0.43856025E+01, -0.41548457E+01, -0.39010787E+01, -0.36250606E+01, -0.33276536E+01, -0.30098240E+01, -0.26726418E+01, -0.23172760E+01, -0.19449908E+01, -0.15571388E+01, -0.11551539E+01, -0.74053562E+00, -0.31483990E+00,  0.12033816E+00,  0.56338596E+00,  0.10126928E+01,  0.14666740E+01,  0.19237949E+01,  0.23825877E+01,  0.28416688E+01,  0.32997582E+01,  0.37556849E+01,  0.42083874E+01,  0.46569309E+01,  0.51004958E+01,  0.55383735E+01,  0.59699593E+01,  0.63947473E+01,  0.68123245E+01,  0.72223525E+01,  0.76245646E+01,  0.80187569E+01,  0.84047766E+01,  0.87825251E+01,  0.91519394E+01,  0.95129986E+01,  0.98657093E+01,  0.10210114E+02,  0.10546281E+02,  0.10874305E+02,  0.11194311E+02,  0.11506450E+02,  0.11810898E+02,  0.12107861E+02,  0.12397571E+02,  0.12680287E+02,  0.12956304E+02,  0.13225940E+02,  0.13489545E+02,  0.13747503E+02,  0.14000229E+02,  0.14248170E+02,  0.14491807E+02,  0.14731655E+02,  0.14968266E+02,  0.15202222E+02,  0.15434146E+02,  0.15664696E+02,  0.15894565E+02,  0.16124487E+02,  0.16355230E+02,  0.16587606E+02,  0.16822462E+02,  0.17060684E+02,  0.17303204E+02,  0.17550987E+02,  0.17805046E+02,  0.18066433E+02,  0.18336245E+02,  0.18615616E+02,  0.18905727E+02,  0.19207804E+02,  0.19523108E+02,  0.19852947E+02,  0.20198673E+02,  0.20561663E+02,  0.20943350E+02,  0.21345186E+02,  0.21768652E+02,  0.22215261E+02,  0.22686539E+02,  0.23184013E+02,  0.23709215E+02,  0.24263659E+02,  0.24848824E+02,  0.25466131E+02,  0.26116938E+02,  0.26802488E+02,  0.27523882E+02,  0.28282070E+02,  0.29077747E+02,  0.29911369E+02,  0.30783045E+02,  0.31692499E+02,  0.32639000E+02,  0.33621254E+02,  0.34637371E+02,  0.35684750E+02,  0.36759979E+02,  0.37858810E+02,  0.38976017E+02,  0.40105396E+02
  0.62500000E+01, -0.29942813E+01, -0.33055522E+01, -0.36108503E+01, -0.39085345E+01, -0.41969957E+01, -0.44746633E+01, -0.47400098E+01, -0.49915638E+01, -0.52279072E+01, -0.54476895E+01, -0.56496291E+01, -0.58325219E+01, -0.59952459E+01, -0.61367664E+01, -0.62561445E+01, -0.63525352E+01, -0.64252005E+01, -0.64735041E+01, -0.64969234E+01, -0.64950442E+01, -0.64675698E+01, -0.64143157E+01, -0.63352156E+01, -0.62303200E+01, -0.60997934E+01, -0.59439187E+01, -0.57630901E+01, -0.55578151E+01, -0.53287115E+01, -0.50765028E+01, -0.48020182E+01, -0.45061860E+01, -0.41900320E+01, -0.38546720E+01, -0.35013072E+01, -0.31312165E+01, -0.27457485E+01, -0.23463113E+01, -0.19343619E+01, -0.15113914E+01, -0.10789126E+01, -0.63844448E+00, -0.19149278E+00,  0.26046216E+00,  0.71598333E+00,  0.11736919E+01,  0.16322823E+01,  0.20905294E+01,  0.25472999E+01,  0.30015588E+01,  0.34523652E+01,  0.38988793E+01,  0.43403583E+01,  0.47761517E+01,  0.52056994E+01,  0.56285229E+01,  0.60442209E+01,  0.64524646E+01,  0.68529873E+01,  0.72455821E+01,  0.76300936E+01,  0.80064144E+01,  0.83744812E+01,  0.87342691E+01,  0.90857925E+01,  0.94290991E+01,  0.97642708E+01,  0.10091421E+02,  0.10410694E+02,  0.10722264E+02,  0.11026339E+02,  0.11323153E+02,  0.11612973E+02,  0.11896096E+02,  0.12172852E+02,  0.12443600E+02,  0.12708732E+02,  0.12968675E+02,  0.13223886E+02,  0.13474861E+02,  0.13722125E+02,  0.13966243E+02,  0.14207813E+02,  0.14447474E+02,  0.14685902E+02,  0.14923807E+02,  0.15161946E+02,  0.15401114E+02,  0.15642146E+02,  0.15885924E+02,  0.16133373E+02,  0.16385462E+02,  0.16643209E+02,  0.16907681E+02,  0.17179995E+02,  0.17461315E+02,  0.17752867E+02,  0.18055920E+02,  0.18371809E+02,  0.18701920E+02,  0.19047697E+02,  0.19410643E+02,  0.19792324E+02,  0.20194353E+02,  0.20618406E+02,  0.21066229E+02,  0.21539581E+02,  0.22040318E+02,  0.22570293E+02,  0.23131418E+02,  0.23725613E+02,  0.24354803E+02,  0.25020914E+02,  0.25725822E+02,  0.26471354E+02,  0.27259228E+02,  0.28091024E+02,  0.28968149E+02,  0.29891748E+02,  0.30862665E+02,  0.31881336E+02,  0.32947739E+02,  0.34061230E+02,  0.35220516E+02,  0.36423447E+02,  0.37666954E+02,  0.38946884E+02,  0.40257889E+02,  0.41593281E+02
  0.63750000E+01, -0.40555944E+01, -0.43757277E+01, -0.46903920E+01, -0.49979005E+01, -0.52965813E+01, -0.55847878E+01, -0.58609056E+01, -0.61233630E+01, -0.63706403E+01, -0.66012759E+01, -0.68138785E+01, -0.70071344E+01, -0.71798158E+01, -0.73307886E+01, -0.74590201E+01, -0.75635858E+01, -0.76436758E+01, -0.76985993E+01, -0.77277899E+01, -0.77308083E+01, -0.77073436E+01, -0.76572199E+01, -0.75803885E+01, -0.74769349E+01, -0.73470731E+01, -0.71911440E+01, -0.70096121E+01, -0.68030643E+01, -0.65722003E+01, -0.63178320E+01, -0.60408721E+01, -0.57423344E+01, -0.54233217E+01, -0.50850182E+01, -0.47286830E+01, -0.43556409E+01, -0.39672697E+01, -0.35649917E+01, -0.31502640E+01, -0.27245619E+01, -0.22893691E+01, -0.18461637E+01, -0.13964059E+01, -0.94152439E+00, -0.48290291E+00, -0.21869889E-01,  0.44031027E+00,  0.90244824E+00,  0.13634342E+01,  0.18222419E+01,  0.22779353E+01,  0.27296646E+01,  0.31766679E+01,  0.36182702E+01,  0.40538783E+01,  0.44829779E+01,  0.49051294E+01,  0.53199635E+01,  0.57271738E+01,  0.61265168E+01,  0.65178013E+01,  0.69008918E+01,  0.72756958E+01,  0.76421685E+01,  0.80003042E+01,  0.83501387E+01,  0.86917419E+01,  0.90252218E+01,  0.93507195E+01,  0.96684084E+01,  0.99784956E+01,  0.10281221E+02,  0.10576857E+02,  0.10865705E+02,  0.11148101E+02,  0.11424415E+02,  0.11695046E+02,  0.11960430E+02,  0.12221035E+02,  0.12477364E+02,  0.12729955E+02,  0.12979383E+02,  0.13226259E+02,  0.13471236E+02,  0.13715001E+02,  0.13958287E+02,  0.14201866E+02,  0.14446553E+02,  0.14693213E+02,  0.14942750E+02,  0.15196125E+02,  0.15454347E+02,  0.15718475E+02,  0.15989629E+02,  0.16268984E+02,  0.16557775E+02,  0.16857302E+02,  0.17168932E+02,  0.17494097E+02,  0.17834303E+02,  0.18191139E+02,  0.18566254E+02,  0.18961395E+02,  0.19378374E+02,  0.19819103E+02,  0.20285572E+02,  0.20779858E+02,  0.21304106E+02,  0.21860567E+02,  0.22451551E+02,  0.23079443E+02,  0.23746689E+02,  0.24455763E+02,  0.25209179E+02,  0.26009451E+02,  0.26859049E+02,  0.27760376E+02,  0.28715712E+02,  0.29727139E+02,  0.30796488E+02,  0.31925230E+02,  0.33114365E+02,  0.34364315E+02,  0.35674744E+02,  0.37044434E+02,  0.38471058E+02,  0.39951000E+02,  0.41479160E+02,  0.43048733E+02
  0.65000000E+01, -0.51514382E+01, -0.54856019E+01, -0.58146935E+01, -0.61369557E+01, -0.64506307E+01, -0.67539687E+01, -0.70452433E+01, -0.73227592E+01, -0.75848656E+01, -0.78299699E+01, -0.80565453E+01, -0.82631445E+01, -0.84484138E+01, -0.86111002E+01, -0.87500591E+01, -0.88642721E+01, -0.89528456E+01, -0.90150232E+01, -0.90501919E+01, -0.90578804E+01, -0.90377693E+01, -0.89896908E+01, -0.89136229E+01, -0.88096952E+01, -0.86781826E+01, -0.85195017E+01, -0.83342056E+01, -0.81229763E+01, -0.78866210E+01, -0.76260586E+01, -0.73423162E+01, -0.70365152E+01, -0.67098646E+01, -0.63636489E+01, -0.59992175E+01, -0.56179733E+01, -0.52213626E+01, -0.48108616E+01, -0.43879662E+01, -0.39541795E+01, -0.35109992E+01, -0.30599072E+01, -0.26023588E+01, -0.21397691E+01, -0.16735064E+01, -0.12048815E+01, -0.73514032E+00, -0.26545703E+00,  0.20306985E+00,  0.66942412E+00,  0.11326686E+01,  0.15919524E+01,  0.20465052E+01,  0.24956396E+01,  0.29387462E+01,  0.33752937E+01,  0.38048215E+01,  0.42269387E+01,  0.46413207E+01,  0.50477018E+01,  0.54458761E+01,  0.58356876E+01,  0.62170334E+01,  0.65898561E+01,  0.69541430E+01,  0.73099213E+01,  0.76572599E+01,  0.79962626E+01,  0.83270721E+01,  0.86498642E+01,  0.89648504E+01,  0.92722740E+01,  0.95724125E+01,  0.98655748E+01,  0.10152103E+02,  0.10432375E+02,  0.10706796E+02,  0.10975810E+02,  0.11239892E+02,  0.11499553E+02,  0.11755341E+02,  0.12007837E+02,  0.12257666E+02,  0.12505484E+02,  0.12751994E+02,  0.12997940E+02,  0.13244106E+02,  0.13491329E+02,  0.13740487E+02,  0.13992512E+02,  0.14248388E+02,  0.14509154E+02,  0.14775911E+02,  0.15049819E+02,  0.15332104E+02,  0.15624062E+02,  0.15927062E+02,  0.16242554E+02,  0.16572063E+02,  0.16917212E+02,  0.17279707E+02,  0.17661352E+02,  0.18064068E+02,  0.18489859E+02,  0.18940865E+02,  0.19419327E+02,  0.19927626E+02,  0.20468245E+02,  0.21043812E+02,  0.21657087E+02,  0.22310936E+02,  0.23008375E+02,  0.23752518E+02,  0.24546585E+02,  0.25393879E+02,  0.26297773E+02,  0.27261654E+02,  0.28288887E+02,  0.29382755E+02,  0.30546379E+02,  0.31782623E+02,  0.33093964E+02,  0.34482353E+02,  0.35949009E+02,  0.37494240E+02,  0.39117142E+02,  0.40815350E+02,  0.42584702E+02,  0.44418900E+02
  0.66250000E+01, -0.62811537E+01, -0.66347070E+01, -0.69835396E+01, -0.73257914E+01, -0.76595836E+01, -0.79830317E+01, -0.82942600E+01, -0.85914164E+01, -0.88726845E+01, -0.91363029E+01, -0.93805771E+01, -0.96038952E+01, -0.98047466E+01, -0.99817276E+01, -0.10133563E+02, -0.10259114E+02, -0.10357390E+02, -0.10427556E+02, -0.10468940E+02, -0.10481042E+02, -0.10463532E+02, -0.10416255E+02, -0.10339230E+02, -0.10232643E+02, -0.10096852E+02, -0.99323711E+01, -0.97398663E+01, -0.95201464E+01, -0.92741556E+01, -0.90029545E+01, -0.87077169E+01, -0.83897114E+01, -0.80502892E+01, -0.76908722E+01, -0.73129387E+01, -0.69180102E+01, -0.65076399E+01, -0.60833974E+01, -0.56468573E+01, -0.51995893E+01, -0.47431426E+01, -0.42790399E+01, -0.38087633E+01, -0.33337486E+01, -0.28553736E+01, -0.23749557E+01, -0.18937404E+01, -0.14129008E+01, -0.93353087E+00, -0.45664528E+00,  0.16823392E-01,  0.48602450E+00,  0.95018941E+00,  0.14086283E+01,  0.18607303E+01,  0.23059599E+01,  0.27438524E+01,  0.31740131E+01,  0.35961118E+01,  0.40098786E+01,  0.44151039E+01,  0.48116302E+01,  0.51993532E+01,  0.55782137E+01,  0.59482017E+01,  0.63093462E+01,  0.66617179E+01,  0.70054288E+01,  0.73406243E+01,  0.76674867E+01,  0.79862332E+01,  0.82971153E+01,  0.86004162E+01,  0.88964529E+01,  0.91855745E+01,  0.94681635E+01,  0.97446346E+01,  0.10015434E+02,  0.10281047E+02,  0.10541987E+02,  0.10798808E+02,  0.11052097E+02,  0.11302483E+02,  0.11550629E+02,  0.11797244E+02,  0.12043077E+02,  0.12288924E+02,  0.12535627E+02,  0.12784080E+02,  0.13035226E+02,  0.13290070E+02,  0.13549670E+02,  0.13815155E+02,  0.14087716E+02,  0.14368619E+02,  0.14659205E+02,  0.14960903E+02,  0.15275225E+02,  0.15603783E+02,  0.15948283E+02,  0.16310553E+02,  0.16692530E+02,  0.17096273E+02,  0.17523987E+02,  0.17978008E+02,  0.18460831E+02,  0.18975111E+02,  0.19523682E+02,  0.20109543E+02,  0.20735888E+02,  0.21406116E+02,  0.22123812E+02,  0.22892769E+02,  0.23716988E+02,  0.24600660E+02,  0.25548157E+02,  0.26564011E+02,  0.27652885E+02,  0.28819523E+02,  0.30068670E+02,  0.31404999E+02,  0.32832962E+02,  0.34356651E+02,  0.35979595E+02,  0.37704460E+02,  0.39532768E+02,  0.41464489E+02,  0.43497551E+02,  0.45627327E+02
  0.67500000E+01, -0.74444880E+01, -0.78230834E+01, -0.81973238E+01, -0.85652075E+01, -0.89246941E+01, -0.92737207E+01, -0.96102180E+01, -0.99321280E+01, -0.10237425E+02, -0.10524130E+02, -0.10790338E+02, -0.11034226E+02, -0.11254085E+02, -0.11448326E+02, -0.11615508E+02, -0.11754344E+02, -0.11863721E+02, -0.11942708E+02, -0.11990569E+02, -0.12006765E+02, -0.11990961E+02, -0.11943026E+02, -0.11863030E+02, -0.11751247E+02, -0.11608138E+02, -0.11434347E+02, -0.11230691E+02, -0.10998148E+02, -0.10737837E+02, -0.10451010E+02, -0.10139030E+02, -0.98033581E+01, -0.94455385E+01, -0.90671730E+01, -0.86699162E+01, -0.82554522E+01, -0.78254833E+01, -0.73817124E+01, -0.69258351E+01, -0.64595199E+01, -0.59844055E+01, -0.55020833E+01, -0.50140929E+01, -0.45219135E+01, -0.40269556E+01, -0.35305569E+01, -0.30339785E+01, -0.25383983E+01, -0.20449135E+01, -0.15545355E+01, -0.10681918E+01, -0.58672529E+00, -0.11089656E+00,  0.35861486E+00,  0.82120734E+00,  0.12763549E+01,  0.17236044E+01,  0.21625698E+01,  0.25929310E+01,  0.30144303E+01,  0.34268658E+01,  0.38300920E+01,  0.42240143E+01,  0.46085854E+01,  0.49838042E+01,  0.53497133E+01,  0.57063937E+01,  0.60539670E+01,  0.63925905E+01,  0.67224569E+01,  0.70437937E+01,  0.73568602E+01,  0.76619511E+01,  0.79593897E+01,  0.82495337E+01,  0.85327702E+01,  0.88095207E+01,  0.90802383E+01,  0.93454075E+01,  0.96055479E+01,  0.98612137E+01,  0.10112994E+02,  0.10361519E+02,  0.10607452E+02,  0.10851502E+02,  0.11094419E+02,  0.11336997E+02,  0.11580083E+02,  0.11824572E+02,  0.12071411E+02,  0.12321611E+02,  0.12576242E+02,  0.12836442E+02,  0.13103422E+02,  0.13378469E+02,  0.13662956E+02,  0.13958345E+02,  0.14266198E+02,  0.14588183E+02,  0.14926076E+02,  0.15281796E+02,  0.15657377E+02,  0.16055010E+02,  0.16477053E+02,  0.16926016E+02,  0.17404617E+02,  0.17915758E+02,  0.18462582E+02,  0.19048441E+02,  0.19676958E+02,  0.20352020E+02,  0.21077793E+02,  0.21858757E+02,  0.22699705E+02,  0.23605753E+02,  0.24582365E+02,  0.25635336E+02,  0.26770779E+02,  0.27995127E+02,  0.29315065E+02,  0.30737484E+02,  0.32269360E+02,  0.33917629E+02,  0.35688980E+02,  0.37589573E+02,  0.39624683E+02,  0.41798168E+02,  0.44111912E+02,  0.46564983E+02
  0.68750000E+01, -0.86413879E+01, -0.90510912E+01, -0.94568892E+01, -0.98565912E+01, -0.10247945E+02, -0.10628654E+02, -0.10996395E+02, -0.11348850E+02, -0.11683720E+02, -0.11998752E+02, -0.12291762E+02, -0.12560667E+02, -0.12803500E+02, -0.13018440E+02, -0.13203831E+02, -0.13358202E+02, -0.13480288E+02, -0.13569040E+02, -0.13623642E+02, -0.13643514E+02, -0.13628319E+02, -0.13577964E+02, -0.13492599E+02, -0.13372603E+02, -0.13218588E+02, -0.13031372E+02, -0.12811972E+02, -0.12561582E+02, -0.12281561E+02, -0.11973404E+02, -0.11638727E+02, -0.11279243E+02, -0.10896740E+02, -0.10493063E+02, -0.10070093E+02, -0.96297264E+01, -0.91738615E+01, -0.87043810E+01, -0.82231340E+01, -0.77319298E+01, -0.72325225E+01, -0.67266026E+01, -0.62157893E+01, -0.57016239E+01, -0.51855636E+01, -0.46689796E+01, -0.41531520E+01, -0.36392708E+01, -0.31284347E+01, -0.26216493E+01, -0.21198313E+01, -0.16238075E+01, -0.11343205E+01, -0.65202755E+00, -0.17750731E+00,  0.28873786E+00,  0.74627876E+00,  0.11947548E+01,  0.16338708E+01,  0.20633926E+01,  0.24831429E+01,  0.28929996E+01,  0.32928898E+01,  0.36827891E+01,  0.40627165E+01,  0.44327345E+01,  0.47929444E+01,  0.51434836E+01,  0.54845271E+01,  0.58162837E+01,  0.61389942E+01,  0.64529300E+01,  0.67583976E+01,  0.70557299E+01,  0.73452916E+01,  0.76274776E+01,  0.79027133E+01,  0.81714544E+01,  0.84341879E+01,  0.86914339E+01,  0.89437428E+01,  0.91917038E+01,  0.94359388E+01,  0.96771078E+01,  0.99159136E+01,  0.10153098E+02,  0.10389449E+02,  0.10625803E+02,  0.10863046E+02,  0.11102120E+02,  0.11344028E+02,  0.11589833E+02,  0.11840672E+02,  0.12097753E+02,  0.12362367E+02,  0.12635892E+02,  0.12919806E+02,  0.13215689E+02,  0.13525236E+02,  0.13850277E+02,  0.14192760E+02,  0.14554796E+02,  0.14938672E+02,  0.15346838E+02,  0.15781950E+02,  0.16246887E+02,  0.16744762E+02,  0.17278946E+02,  0.17853117E+02,  0.18471249E+02,  0.19137663E+02,  0.19857071E+02,  0.20634577E+02,  0.21475733E+02,  0.22386574E+02,  0.23373636E+02,  0.24444008E+02,  0.25605352E+02,  0.26865910E+02,  0.28234537E+02,  0.29720661E+02,  0.31334274E+02,  0.33085827E+02,  0.34986107E+02,  0.37045986E+02,  0.39276119E+02,  0.41686420E+02,  0.44285336E+02,  0.47078865E+02
  0.70000000E+01, -0.98717279E+01, -0.10319165E+02, -0.10763312E+02, -0.11201732E+02, -0.11631896E+02, -0.12051206E+02, -0.12457019E+02, -0.12846676E+02, -0.13217527E+02, -0.13566966E+02, -0.13892460E+02, -0.14191580E+02, -0.14462035E+02, -0.14701703E+02, -0.14908656E+02, -0.15081189E+02, -0.15217843E+02, -0.15317424E+02, -0.15379016E+02, -0.15401995E+02, -0.15386030E+02, -0.15331089E+02, -0.15237425E+02, -0.15105577E+02, -0.14936349E+02, -0.14730794E+02, -0.14490198E+02, -0.14216046E+02, -0.13910006E+02, -0.13573892E+02, -0.13209650E+02, -0.12819317E+02, -0.12404999E+02, -0.11968849E+02, -0.11513038E+02, -0.11039732E+02, -0.10551078E+02, -0.10049179E+02, -0.95360842E+01, -0.90137739E+01, -0.84841471E+01, -0.79490161E+01, -0.74100957E+01, -0.68690033E+01, -0.63272510E+01, -0.57862468E+01, -0.52472930E+01, -0.47115874E+01, -0.41802235E+01, -0.36541948E+01, -0.31343951E+01, -0.26216254E+01, -0.21165938E+01, -0.16199236E+01, -0.11321545E+01, -0.65374953E+00, -0.18509750E+00,  0.27348226E+00,  0.72173309E+00,  0.11594604E+01,  0.15865252E+01,  0.20028412E+01,  0.24083714E+01,  0.28031228E+01,  0.31871471E+01,  0.35605354E+01,  0.39234152E+01,  0.42759504E+01,  0.46183381E+01,  0.49508061E+01,  0.52736154E+01,  0.55870533E+01,  0.58914375E+01,  0.61871138E+01,  0.64744554E+01,  0.67538633E+01,  0.70257664E+01,  0.72906222E+01,  0.75489163E+01,  0.78011656E+01,  0.80479174E+01,  0.82897482E+01,  0.85272741E+01,  0.87611418E+01,  0.89920397E+01,  0.92206936E+01,  0.94478741E+01,  0.96743975E+01,  0.99011316E+01,  0.10128996E+02,  0.10358971E+02,  0.10592098E+02,  0.10829491E+02,  0.11072336E+02,  0.11321904E+02,  0.11579556E+02,  0.11846751E+02,  0.12125060E+02,  0.12416169E+02,  0.12721910E+02,  0.13044241E+02,  0.13385302E+02,  0.13747393E+02,  0.14133024E+02,  0.14544928E+02,  0.14986073E+02,  0.15459703E+02,  0.15969360E+02,  0.16518929E+02,  0.17112644E+02,  0.17755184E+02,  0.18451664E+02,  0.19207722E+02,  0.20029552E+02,  0.20923985E+02,  0.21898537E+02,  0.22961500E+02,  0.24122002E+02,  0.25390089E+02,  0.26776804E+02,  0.28294273E+02,  0.29955744E+02,  0.31775652E+02,  0.33769600E+02,  0.35954323E+02,  0.38347500E+02,  0.40967453E+02,  0.43832546E+02,  0.46960247E+02
  0.71250000E+01, -0.11135163E+02, -0.11627718E+02, -0.12117858E+02, -0.12602831E+02, -0.13079759E+02, -0.13545660E+02, -0.13997480E+02, -0.14432125E+02, -0.14846497E+02, -0.15237533E+02, -0.15602243E+02, -0.15937762E+02, -0.16241377E+02, -0.16510572E+02, -0.16743074E+02, -0.16936874E+02, -0.17090271E+02, -0.17201881E+02, -0.17270676E+02, -0.17295975E+02, -0.17277472E+02, -0.17215212E+02, -0.17109610E+02, -0.16961414E+02, -0.16771696E+02, -0.16541830E+02, -0.16273453E+02, -0.15968434E+02, -0.15628853E+02, -0.15256948E+02, -0.14855081E+02, -0.14425711E+02, -0.13971354E+02, -0.13494544E+02, -0.12997823E+02, -0.12483689E+02, -0.11954596E+02, -0.11412915E+02, -0.10860935E+02, -0.10300838E+02, -0.97346916E+01, -0.91644468E+01, -0.85919275E+01, -0.80188293E+01, -0.74467206E+01, -0.68770437E+01, -0.63111143E+01, -0.57501268E+01, -0.51951590E+01, -0.46471758E+01, -0.41070328E+01, -0.35754864E+01, -0.30531952E+01, -0.25407274E+01, -0.20385671E+01, -0.15471184E+01, -0.10667117E+01, -0.59761035E+00, -0.14001255E+00,  0.30594051E+00,  0.74016333E+00,  0.11626194E+01,  0.15733184E+01,  0.19723142E+01,  0.23596988E+01,  0.27356012E+01,  0.31001847E+01,  0.34536459E+01,  0.37962101E+01,  0.41281314E+01,  0.44496913E+01,  0.47611985E+01,  0.50629854E+01,  0.53554101E+01,  0.56388555E+01,  0.59137282E+01,  0.61804609E+01,  0.64395099E+01,  0.66913581E+01,  0.69365149E+01,  0.71755171E+01,  0.74089313E+01,  0.76373544E+01,  0.78614159E+01,  0.80817804E+01,  0.82991505E+01,  0.85142689E+01,  0.87279205E+01,  0.89409389E+01,  0.91542082E+01,  0.93686705E+01,  0.95853262E+01,  0.98052454E+01,  0.10029571E+02,  0.10259525E+02,  0.10496425E+02,  0.10741677E+02,  0.10996812E+02,  0.11263465E+02,  0.11543418E+02,  0.11838593E+02,  0.12151095E+02,  0.12483192E+02,  0.12837378E+02,  0.13216374E+02,  0.13623154E+02,  0.14060996E+02,  0.14533502E+02,  0.15044625E+02,  0.15598769E+02,  0.16200764E+02,  0.16855999E+02,  0.17570435E+02,  0.18350729E+02,  0.19204273E+02,  0.20139341E+02,  0.21165161E+02,  0.22292082E+02,  0.23531691E+02,  0.24896978E+02,  0.26402533E+02,  0.28064732E+02,  0.29901964E+02,  0.31934843E+02,  0.34186447E+02,  0.36682533E+02,  0.39451653E+02,  0.42525173E+02,  0.45936993E+02
  0.72500000E+01, -0.12430351E+02, -0.12976332E+02, -0.13521149E+02, -0.14061662E+02, -0.14594554E+02, -0.15116359E+02, -0.15623498E+02, -0.16112322E+02, -0.16579159E+02, -0.17020353E+02, -0.17432339E+02, -0.17811666E+02, -0.18155083E+02, -0.18459570E+02, -0.18722395E+02, -0.18941164E+02, -0.19113853E+02, -0.19238857E+02, -0.19314987E+02, -0.19341518E+02, -0.19318174E+02, -0.19245134E+02, -0.19123028E+02, -0.18952892E+02, -0.18736168E+02, -0.18474659E+02, -0.18170469E+02, -0.17825993E+02, -0.17443838E+02, -0.17026796E+02, -0.16577778E+02, -0.16099777E+02, -0.15595828E+02, -0.15068949E+02, -0.14522132E+02, -0.13958290E+02, -0.13380234E+02, -0.12790662E+02, -0.12192137E+02, -0.11587070E+02, -0.10977715E+02, -0.10366172E+02, -0.97543716E+01, -0.91440868E+01, -0.85369310E+01, -0.79343653E+01, -0.73377018E+01, -0.67481136E+01, -0.61666393E+01, -0.55941916E+01, -0.50315671E+01, -0.44794531E+01, -0.39384339E+01, -0.34090011E+01, -0.28915594E+01, -0.23864334E+01, -0.18938751E+01, -0.14140708E+01, -0.94714391E+00, -0.49316394E+00, -0.52147426E-01,  0.37593284E+00,  0.79114825E+00,  0.11936086E+01,  0.15834577E+01,  0.19608730E+01,  0.23260622E+01,  0.26792593E+01,  0.30207255E+01,  0.33507464E+01,  0.36696284E+01,  0.39777019E+01,  0.42753191E+01,  0.45628510E+01,  0.48406906E+01,  0.51092496E+01,  0.53689628E+01,  0.56202846E+01,  0.58636909E+01,  0.60996814E+01,  0.63287787E+01,  0.65515308E+01,  0.67685132E+01,  0.69803286E+01,  0.71876116E+01,  0.73910303E+01,  0.75912881E+01,  0.77891288E+01,  0.79853377E+01,  0.81807489E+01,  0.83762474E+01,  0.85727749E+01,  0.87713356E+01,  0.89730034E+01,  0.91789293E+01,  0.93903494E+01,  0.96085939E+01,  0.98350964E+01,  0.10071412E+02,  0.10319220E+02,  0.10580354E+02,  0.10856809E+02,  0.11150766E+02,  0.11464609E+02,  0.11800960E+02,  0.12162703E+02,  0.12553027E+02,  0.12975443E+02,  0.13433865E+02,  0.13932633E+02,  0.14476588E+02,  0.15071128E+02,  0.15722320E+02,  0.16436947E+02,  0.17222679E+02,  0.18088139E+02,  0.19043098E+02,  0.20098629E+02,  0.21267313E+02,  0.22563513E+02,  0.24003603E+02,  0.25606377E+02,  0.27393396E+02,  0.29389526E+02,  0.31623474E+02,  0.34128529E+02,  0.36943371E+02,  0.40113110E+02,  0.43690441E+02
  0.73750000E+01, -0.13756317E+02, -0.14365352E+02, -0.14975021E+02, -0.15581707E+02, -0.16181545E+02, -0.16770460E+02, -0.17344212E+02, -0.17898438E+02, -0.18428720E+02, -0.18930649E+02, -0.19399881E+02, -0.19832232E+02, -0.20223721E+02, -0.20570663E+02, -0.20869743E+02, -0.21118042E+02, -0.21313135E+02, -0.21453106E+02, -0.21536592E+02, -0.21562807E+02, -0.21531538E+02, -0.21443167E+02, -0.21298605E+02, -0.21099314E+02, -0.20847248E+02, -0.20544771E+02, -0.20194653E+02, -0.19799967E+02, -0.19364038E+02, -0.18890375E+02, -0.18382605E+02, -0.17844410E+02, -0.17279478E+02, -0.16691435E+02, -0.16083822E+02, -0.15460047E+02, -0.14823349E+02, -0.14176800E+02, -0.13523262E+02, -0.12865402E+02, -0.12205664E+02, -0.11546288E+02, -0.10889303E+02, -0.10236538E+02, -0.95896282E+01, -0.89500246E+01, -0.83190050E+01, -0.76976871E+01, -0.70870390E+01, -0.64878898E+01, -0.59009418E+01, -0.53267822E+01, -0.47658911E+01, -0.42186546E+01, -0.36853702E+01, -0.31662579E+01, -0.26614685E+01, -0.21710873E+01, -0.16951437E+01, -0.12336162E+01, -0.78643769E+00, -0.35349956E+00,  0.65342903E-01,  0.47026816E+00,  0.86148363E+00,  0.12392238E+01,  0.16037480E+01,  0.19553365E+01,  0.22942905E+01,  0.26209314E+01,  0.29355960E+01,  0.32386401E+01,  0.35304341E+01,  0.38113656E+01,  0.40818362E+01,  0.43422647E+01,  0.45930843E+01,  0.48347459E+01,  0.50677161E+01,  0.52924814E+01,  0.55095444E+01,  0.57194309E+01,  0.59226871E+01,  0.61198821E+01,  0.63116136E+01,  0.64985042E+01,  0.66812086E+01,  0.68604164E+01,  0.70368528E+01,  0.72112846E+01,  0.73845234E+01,  0.75574336E+01,  0.77309318E+01,  0.79059997E+01,  0.80836859E+01,  0.82651167E+01,  0.84515076E+01,  0.86441631E+01,  0.88445005E+01,  0.90540648E+01,  0.92745228E+01,  0.95077105E+01,  0.97556248E+01,  0.10020469E+02,  0.10304664E+02,  0.10610888E+02,  0.10942096E+02,  0.11301592E+02,  0.11693043E+02,  0.12120546E+02,  0.12588702E+02,  0.13102673E+02,  0.13668290E+02,  0.14292140E+02,  0.14981696E+02,  0.15745466E+02,  0.16593170E+02,  0.17535915E+02,  0.18586493E+02,  0.19759645E+02,  0.21072437E+02,  0.22544708E+02,  0.24199604E+02,  0.26064278E+02,  0.28170765E+02,  0.30557060E+02,  0.33268604E+02,  0.36360233E+02,  0.39898876E+02
  0.75000000E+01, -0.15105396E+02, -0.15788136E+02, -0.16474033E+02, -0.17158890E+02, -0.17838179E+02, -0.18507069E+02, -0.19160486E+02, -0.19793171E+02, -0.20399754E+02, -0.20974838E+02, -0.21513098E+02, -0.22009359E+02, -0.22458710E+02, -0.22856606E+02, -0.23198927E+02, -0.23482111E+02, -0.23703188E+02, -0.23859854E+02, -0.23950531E+02, -0.23974358E+02, -0.23931244E+02, -0.23821825E+02, -0.23647455E+02, -0.23410158E+02, -0.23112572E+02, -0.22757858E+02, -0.22349651E+02, -0.21891933E+02, -0.21388977E+02, -0.20845226E+02, -0.20265230E+02, -0.19653551E+02, -0.19014673E+02, -0.18352993E+02, -0.17672697E+02, -0.16977776E+02, -0.16271975E+02, -0.15558766E+02, -0.14841342E+02, -0.14122611E+02, -0.13405216E+02, -0.12691506E+02, -0.11983580E+02, -0.11283284E+02, -0.10592232E+02, -0.99118233E+01, -0.92432556E+01, -0.85875454E+01, -0.79455442E+01, -0.73179545E+01, -0.67053442E+01, -0.61081595E+01, -0.55267429E+01, -0.49613380E+01, -0.44121070E+01, -0.38791354E+01, -0.33624454E+01, -0.28619995E+01, -0.23777120E+01, -0.19094509E+01, -0.14570478E+01, -0.10202985E+01, -0.59897095E+00, -0.19280729E+00,  0.19847468E+00,  0.57517427E+00,  0.93760931E+00,  0.12861140E+01,  0.16210350E+01,  0.19427319E+01,  0.22515764E+01,  0.25479503E+01,  0.28322458E+01,  0.31048651E+01,  0.33662212E+01,  0.36167359E+01,  0.38568423E+01,  0.40869837E+01,  0.43076162E+01,  0.45192056E+01,  0.47222357E+01,  0.49172006E+01,  0.51046124E+01,  0.52850027E+01,  0.54589195E+01,  0.56269350E+01,  0.57896457E+01,  0.59476738E+01,  0.61016722E+01,  0.62523265E+01,  0.64003625E+01,  0.65465436E+01,  0.66916828E+01,  0.68366442E+01,  0.69823503E+01,  0.71297898E+01,  0.72800212E+01,  0.74341960E+01,  0.75935516E+01,  0.77594318E+01,  0.79332938E+01,  0.81167412E+01,  0.83115215E+01,  0.85195713E+01,  0.87430067E+01,  0.89841824E+01,  0.92457142E+01,  0.95305138E+01,  0.98418255E+01,  0.10183311E+02,  0.10559075E+02,  0.10973759E+02,  0.11432614E+02,  0.11941633E+02,  0.12507622E+02,  0.13138405E+02,  0.13842951E+02,  0.14631634E+02,  0.15516440E+02,  0.16511320E+02,  0.17632568E+02,  0.18899267E+02,  0.20333931E+02,  0.21963190E+02,  0.23818764E+02,  0.25938662E+02,  0.28368793E+02,  0.31165077E+02,  0.34396423E+02
  0.76250000E+01, -0.16487080E+02, -0.17257626E+02, -0.18034988E+02, -0.18814285E+02, -0.19590170E+02, -0.20356859E+02, -0.21108210E+02, -0.21837778E+02, -0.22538935E+02, -0.23204960E+02, -0.23829178E+02, -0.24405085E+02, -0.24926489E+02, -0.25387636E+02, -0.25783344E+02, -0.26109138E+02, -0.26361313E+02, -0.26537050E+02, -0.26634466E+02, -0.26652658E+02, -0.26591702E+02, -0.26452646E+02, -0.26237482E+02, -0.25949051E+02, -0.25590971E+02, -0.25167553E+02, -0.24683634E+02, -0.24144493E+02, -0.23555687E+02, -0.22922949E+02, -0.22252045E+02, -0.21548670E+02, -0.20818377E+02, -0.20066456E+02, -0.19297918E+02, -0.18517426E+02, -0.17729269E+02, -0.16937349E+02, -0.16145189E+02, -0.15355920E+02, -0.14572313E+02, -0.13796795E+02, -0.13031452E+02, -0.12278084E+02, -0.11538209E+02, -0.10813096E+02, -0.10103792E+02, -0.94111452E+01, -0.87358217E+01, -0.80783358E+01, -0.74390626E+01, -0.68182583E+01, -0.62160745E+01, -0.56325727E+01, -0.50677376E+01, -0.45214882E+01, -0.39936838E+01, -0.34841392E+01, -0.29926262E+01, -0.25188828E+01, -0.20626175E+01, -0.16235174E+01, -0.12012461E+01, -0.79545432E+00, -0.40577745E+00, -0.31839203E-01,  0.32674378E+00,  0.67036414E+00,  0.99941921E+00,  0.13143111E+01,  0.16154484E+01,  0.19032410E+01,  0.21781039E+01,  0.24404557E+01,  0.26907172E+01,  0.29293139E+01,  0.31566756E+01,  0.33732367E+01,  0.35794370E+01,  0.37757227E+01,  0.39625471E+01,  0.41403728E+01,  0.43096709E+01,  0.44709244E+01,  0.46246290E+01,  0.47712955E+01,  0.49114509E+01,  0.50456409E+01,  0.51744332E+01,  0.52984200E+01,  0.54182205E+01,  0.55344853E+01,  0.56479015E+01,  0.57591925E+01,  0.58691316E+01,  0.59785376E+01,  0.60882926E+01,  0.61993384E+01,  0.63126965E+01,  0.64294548E+01,  0.65508323E+01,  0.66781101E+01,  0.68127327E+01,  0.69562631E+01,  0.71104331E+01,  0.72771516E+01,  0.74585567E+01,  0.76570158E+01,  0.78751912E+01,  0.81160612E+01,  0.83830023E+01,  0.86798296E+01,  0.90108738E+01,  0.93810816E+01,  0.97961273E+01,  0.10262518E+02,  0.10787772E+02,  0.11380610E+02,  0.12051171E+02,  0.12811303E+02,  0.13674895E+02,  0.14658305E+02,  0.15780885E+02,  0.17065588E+02,  0.18539772E+02,  0.20236177E+02,  0.22194098E+02,  0.24460880E+02,  0.27093742E+02
  0.77500000E+01, -0.17835678E+02, -0.18703903E+02, -0.19583660E+02, -0.20469315E+02, -0.21354584E+02, -0.22232588E+02, -0.23095907E+02, -0.23936686E+02, -0.24746754E+02, -0.25517778E+02, -0.26241423E+02, -0.26909527E+02, -0.27514301E+02, -0.28048492E+02, -0.28505606E+02, -0.28879992E+02, -0.29167063E+02, -0.29363354E+02, -0.29466631E+02, -0.29475937E+02, -0.29391603E+02, -0.29215223E+02, -0.28949604E+02, -0.28598656E+02, -0.28167286E+02, -0.27661226E+02, -0.27086882E+02, -0.26451138E+02, -0.25761168E+02, -0.25024279E+02, -0.24247725E+02, -0.23438580E+02, -0.22603613E+02, -0.21749182E+02, -0.20881191E+02, -0.20005026E+02, -0.19125547E+02, -0.18247078E+02, -0.17373419E+02, -0.16507889E+02, -0.15653310E+02, -0.14812095E+02, -0.13986258E+02, -0.13177461E+02, -0.12387044E+02, -0.11616077E+02, -0.10865380E+02, -0.10135562E+02, -0.94270477E+01, -0.87401066E+01, -0.80748730E+01, -0.74313650E+01, -0.68095083E+01, -0.62091470E+01, -0.56300592E+01, -0.50719695E+01, -0.45345573E+01, -0.40174656E+01, -0.35203104E+01, -0.30426865E+01, -0.25841699E+01, -0.21443255E+01, -0.17227100E+01, -0.13188727E+01, -0.93236160E+00, -0.56272286E+00, -0.20950191E+00,  0.12775196E+00,  0.44948959E+00,  0.75615728E+00,  0.10481986E+01,  0.13260530E+01,  0.15901572E+01,  0.18409431E+01,  0.20788407E+01,  0.23042769E+01,  0.25176764E+01,  0.27194619E+01,  0.29100561E+01,  0.30898814E+01,  0.32593603E+01,  0.34189174E+01,  0.35689821E+01,  0.37099848E+01,  0.38423650E+01,  0.39665668E+01,  0.40830431E+01,  0.41922584E+01,  0.42946887E+01,  0.43908257E+01,  0.44811749E+01,  0.45662665E+01,  0.46466484E+01,  0.47228975E+01,  0.47956185E+01,  0.48654509E+01,  0.49330778E+01,  0.49992180E+01,  0.50646386E+01,  0.51301832E+01,  0.51967449E+01,  0.52653017E+01,  0.53369064E+01,  0.54127226E+01,  0.54940338E+01,  0.55822349E+01,  0.56788883E+01,  0.57857375E+01,  0.59047265E+01,  0.60380282E+01,  0.61881022E+01,  0.63577404E+01,  0.65501099E+01,  0.67688246E+01,  0.70180402E+01,  0.73025298E+01,  0.76278310E+01,  0.80003529E+01,  0.84275856E+01,  0.89182873E+01,  0.94827499E+01,  0.10133101E+02,  0.10883670E+02,  0.11751433E+02,  0.12756531E+02,  0.13922843E+02,  0.15278619E+02,  0.16857105E+02,  0.18697039E+02
  0.78750000E+01, -0.19350435E+02, -0.20351925E+02, -0.21373110E+02, -0.22407417E+02, -0.23447311E+02, -0.24484322E+02, -0.25509123E+02, -0.26511652E+02, -0.27481272E+02, -0.28407005E+02, -0.29277761E+02, -0.30082619E+02, -0.30811102E+02, -0.31453474E+02, -0.32000969E+02, -0.32446060E+02, -0.32782642E+02, -0.33006218E+02, -0.33113987E+02, -0.33104939E+02, -0.32979893E+02, -0.32741417E+02, -0.32393791E+02, -0.31942833E+02, -0.31395706E+02, -0.30760679E+02, -0.30046862E+02, -0.29263899E+02, -0.28421692E+02, -0.27530119E+02, -0.26598799E+02, -0.25636890E+02, -0.24652929E+02, -0.23654747E+02, -0.22649370E+02, -0.21643034E+02, -0.20641172E+02, -0.19648455E+02, -0.18668833E+02, -0.17705591E+02, -0.16761433E+02, -0.15838521E+02, -0.14938563E+02, -0.14062855E+02, -0.13212345E+02, -0.12387695E+02, -0.11589307E+02, -0.10817374E+02, -0.10071921E+02, -0.93528242E+01, -0.86598454E+01, -0.79926515E+01, -0.73508377E+01, -0.67339377E+01, -0.61414442E+01, -0.55728135E+01, -0.50274839E+01, -0.45048733E+01, -0.40043950E+01, -0.35254562E+01, -0.30674672E+01, -0.26298413E+01, -0.22119992E+01, -0.18133703E+01, -0.14333950E+01, -0.10715252E+01, -0.72722590E+00, -0.39997342E+00, -0.89258805E-01,  0.20541476E+00,  0.48453084E+00,  0.74855971E+00,  0.99796069E+00,  0.12331806E+01,  0.14546552E+01,  0.16628097E+01,  0.18580596E+01,  0.20408111E+01,  0.22114627E+01,  0.23704040E+01,  0.25180199E+01,  0.26546869E+01,  0.27807794E+01,  0.28966656E+01,  0.30027108E+01,  0.30992804E+01,  0.31867354E+01,  0.32654397E+01,  0.33357570E+01,  0.33980539E+01,  0.34527016E+01,  0.35000749E+01,  0.35405574E+01,  0.35745406E+01,  0.36024270E+01,  0.36246328E+01,  0.36415839E+01,  0.36537359E+01,  0.36615520E+01,  0.36655328E+01,  0.36661940E+01,  0.36641030E+01,  0.36598487E+01,  0.36540723E+01,  0.36474648E+01,  0.36407866E+01,  0.36348600E+01,  0.36305876E+01,  0.36289732E+01,  0.36311367E+01,  0.36383228E+01,  0.36519270E+01,  0.36735408E+01,  0.37049520E+01,  0.37482150E+01,  0.38056862E+01,  0.38800776E+01,  0.39745317E+01,  0.40926971E+01,  0.42388415E+01,  0.44179726E+01,  0.46359711E+01,  0.48997612E+01,  0.52175221E+01,  0.55988946E+01,  0.60552025E+01,  0.65996633E+01,  0.72475271E+01,  0.80159931E+01
  0.80000000E+01, -0.20219915E+02, -0.21305231E+02, -0.22415892E+02, -0.23544765E+02, -0.24683540E+02, -0.25822723E+02, -0.26951742E+02, -0.28059061E+02, -0.29132385E+02, -0.30158936E+02, -0.31125731E+02, -0.32019970E+02, -0.32829346E+02, -0.33542397E+02, -0.34148811E+02, -0.34639774E+02, -0.35008160E+02, -0.35248745E+02, -0.35358364E+02, -0.35335983E+02, -0.35182747E+02, -0.34901939E+02, -0.34498840E+02, -0.33980621E+02, -0.33356014E+02, -0.32635075E+02, -0.31828770E+02, -0.30948668E+02, -0.30006540E+02, -0.29014023E+02, -0.27982304E+02, -0.26921907E+02, -0.25842529E+02, -0.24752890E+02, -0.23660717E+02, -0.22572725E+02, -0.21494629E+02, -0.20431255E+02, -0.19386570E+02, -0.18363762E+02, -0.17365379E+02, -0.16393387E+02, -0.15449223E+02, -0.14533905E+02, -0.13648103E+02, -0.12792176E+02, -0.11966234E+02, -0.11170193E+02, -0.10403797E+02, -0.96666698E+01, -0.89583244E+01, -0.82782030E+01, -0.76256862E+01, -0.70001125E+01, -0.64007916E+01, -0.58270168E+01, -0.52780728E+01, -0.47532420E+01, -0.42518110E+01, -0.37730751E+01, -0.33163431E+01, -0.28809376E+01, -0.24661977E+01, -0.20714822E+01, -0.16961678E+01, -0.13396513E+01, -0.10013490E+01, -0.68069619E+00, -0.37715054E+00, -0.90186752E-01,  0.18070203E+00,  0.43600449E+00,  0.67618996E+00,  0.90171432E+00,  0.11130153E+01,  0.13105164E+01,  0.14946265E+01,  0.16657413E+01,  0.18242437E+01,  0.19705040E+01,  0.21048810E+01,  0.22277279E+01,  0.23393803E+01,  0.24401715E+01,  0.25304229E+01,  0.26104500E+01,  0.26805632E+01,  0.27410624E+01,  0.27922475E+01,  0.28344095E+01,  0.28678379E+01,  0.28928177E+01,  0.29096334E+01,  0.29185665E+01,  0.29198990E+01,  0.29139156E+01,  0.29008861E+01,  0.28811102E+01,  0.28548768E+01,  0.28224633E+01,  0.27841847E+01,  0.27403381E+01,  0.26912546E+01,  0.26372476E+01,  0.25786569E+01,  0.25158565E+01,  0.24492273E+01,  0.23791621E+01,  0.23060942E+01,  0.22305038E+01,  0.21528850E+01,  0.20738060E+01,  0.19938666E+01,  0.19137483E+01,  0.18342110E+01,  0.17561195E+01,  0.16804330E+01,  0.16082567E+01,  0.15408803E+01,  0.14797511E+01,  0.14265804E+01,  0.13833508E+01,  0.13523766E+01,  0.13363756E+01,  0.13385204E+01,  0.13624829E+01,  0.14125122E+01,  0.14934158E+01,  0.16105057E+01
