Z_m / R_m,  0.35000000E+01,  0.35671875E+01,  0.36343751E+01,  0.37015624E+01,  0.37687500E+01,  0.38359375E+01,  0.39031250E+01,  0.39703126E+01,  0.40374999E+01,  0.41046877E+01,  0.41718750E+01,  0.42390623E+01,  0.43062501E+01,  0.43734374E+01,  0.44406252E+01,  0.45078125E+01,  0.45749998E+01,  0.46421876E+01,  0.47093749E+01,  0.47765627E+01,  0.48437500E+01,  0.49109373E+01,  0.49781251E+01,  0.50453124E+01,  0.51125002E+01,  0.51796875E+01,  0.52468748E+01,  0.53140626E+01,  0.53812499E+01,  0.54484377E+01,  0.55156250E+01,  0.55828123E+01,  0.56500001E+01,  0.57171874E+01,  0.57843752E+01,  0.58515625E+01,  0.59187498E+01,  0.59859376E+01,  0.60531249E+01,  0.61203127E+01,  0.61875000E+01,  0.62546873E+01,  0.63218751E+01,  0.63890624E+01,  0.64562502E+01,  0.65234375E+01,  0.65906248E+01,  0.66578126E+01,  0.67249999E+01,  0.67921877E+01,  0.68593750E+01,  0.69265623E+01,  0.69937501E+01,  0.70609374E+01,  0.71281252E+01,  0.71953125E+01,  0.72624998E+01,  0.73296876E+01,  0.73968749E+01,  0.74640627E+01,  0.75312500E+01,  0.75984373E+01,  0.76656251E+01,  0.77328124E+01,  0.78000002E+01,  0.78671875E+01,  0.79343748E+01,  0.80015621E+01,  0.80687504E+01,  0.81359377E+01,  0.82031250E+01,  0.82703123E+01,  0.83374996E+01,  0.84046879E+01,  0.84718752E+01,  0.85390625E+01,  0.86062498E+01,  0.86734371E+01,  0.87406254E+01,  0.88078127E+01,  0.88750000E+01,  0.89421873E+01,  0.90093746E+01,  0.90765629E+01,  0.91437502E+01,  0.92109375E+01,  0.92781248E+01,  0.93453121E+01,  0.94125004E+01,  0.94796877E+01,  0.95468750E+01,  0.96140623E+01,  0.96812496E+01,  0.97484379E+01,  0.98156252E+01,  0.98828125E+01,  0.99499998E+01,  0.10017187E+02,  0.10084375E+02,  0.10151563E+02,  0.10218750E+02,  0.10285937E+02,  0.10353125E+02,  0.10420313E+02,  0.10487500E+02,  0.10554688E+02,  0.10621875E+02,  0.10689062E+02,  0.10756250E+02,  0.10823438E+02,  0.10890625E+02,  0.10957812E+02,  0.11025000E+02,  0.11092188E+02,  0.11159375E+02,  0.11226562E+02,  0.11293750E+02,  0.11360937E+02,  0.11428125E+02,  0.11495313E+02,  0.11562500E+02,  0.11629687E+02,  0.11696875E+02,  0.11764063E+02,  0.11831250E+02,  0.11898438E+02,  0.11965625E+02,  0.12032812E+02,  0.12100000E+02
 -0.80000000E+01, -0.21174032E+02, -0.27405787E+02, -0.33507759E+02, -0.39467209E+02, -0.45269993E+02, -0.50900703E+02, -0.56342819E+02, -0.61578938E+02, -0.66591042E+02, -0.71360840E+02, -0.75870094E+02, -0.80101021E+02, -0.84036674E+02, -0.87661331E+02, -0.90960854E+02, -0.93923027E+02, -0.96537842E+02, -0.98797760E+02, -0.10069785E+03, -0.10223596E+03, -0.10341273E+03, -0.10423162E+03, -0.10469875E+03, -0.10482281E+03, -0.10461483E+03, -0.10408787E+03, -0.10325672E+03, -0.10213758E+03, -0.10074768E+03, -0.99104950E+02, -0.97227692E+02, -0.95134315E+02, -0.92843079E+02, -0.90371918E+02, -0.87738266E+02, -0.84958954E+02, -0.82050163E+02, -0.79027328E+02, -0.75905167E+02, -0.72697662E+02, -0.69418030E+02, -0.66078796E+02, -0.62691765E+02, -0.59268032E+02, -0.55818035E+02, -0.52351524E+02, -0.48877590E+02, -0.45404648E+02, -0.41940449E+02, -0.38492062E+02, -0.35065887E+02, -0.31667635E+02, -0.28302317E+02, -0.24974266E+02, -0.21687117E+02, -0.18443829E+02, -0.15246691E+02, -0.12097347E+02, -0.89968157E+01, -0.59455271E+01, -0.29433615E+01,  0.10310644E-01,  0.29165766E+01,  0.57769318E+01,  0.85932245E+01,  0.11367602E+02,  0.14102457E+02,  0.16800371E+02,  0.19464071E+02,  0.22096375E+02,  0.24700159E+02,  0.27278313E+02,  0.29833710E+02,  0.32369179E+02,  0.34887493E+02,  0.37391331E+02,  0.39883278E+02,  0.42365814E+02,  0.44841312E+02,  0.47312016E+02,  0.49780060E+02,  0.52247459E+02,  0.54716114E+02,  0.57187801E+02,  0.59664207E+02,  0.62146893E+02,  0.64637344E+02,  0.67136925E+02,  0.69646935E+02,  0.72168579E+02,  0.74702988E+02,  0.77251213E+02,  0.79814255E+02,  0.82393028E+02,  0.84988419E+02,  0.87601242E+02,  0.90232254E+02,  0.92882187E+02,  0.95551727E+02,  0.98241516E+02,  0.10095216E+03,  0.10368425E+03,  0.10643832E+03,  0.10921491E+03,  0.11201451E+03,  0.11483761E+03,  0.11768465E+03,  0.12055611E+03,  0.12345238E+03,  0.12637389E+03,  0.12932104E+03,  0.13229424E+03,  0.13529385E+03,  0.13832027E+03,  0.14137384E+03,  0.14445494E+03,  0.14756395E+03,  0.15070120E+03,  0.15386707E+03,  0.15706189E+03,  0.16028604E+03,  0.16353987E+03,  0.16682375E+03,  0.17013802E+03,  0.17348308E+03,  0.17685927E+03,  0.18026700E+03,  0.18370662E+03,  0.18717853E+03
 -0.78750000E+01, -0.14714457E+02, -0.20661207E+02, -0.26461231E+02, -0.32105213E+02, -0.37582687E+02, -0.42882172E+02, -0.47991302E+02, -0.52897038E+02, -0.57585880E+02, -0.62044109E+02, -0.66258072E+02, -0.70214447E+02, -0.73900558E+02, -0.77304634E+02, -0.80416100E+02, -0.83225807E+02, -0.85726288E+02, -0.87911896E+02, -0.89778976E+02, -0.91325958E+02, -0.92553383E+02, -0.93463928E+02, -0.94062325E+02, -0.94355270E+02, -0.94351280E+02, -0.94060501E+02, -0.93494499E+02, -0.92666016E+02, -0.91588760E+02, -0.90277122E+02, -0.88745979E+02, -0.87010445E+02, -0.85085724E+02, -0.82986931E+02, -0.80728928E+02, -0.78326263E+02, -0.75793060E+02, -0.73142952E+02, -0.70389053E+02, -0.67543922E+02, -0.64619553E+02, -0.61627338E+02, -0.58578102E+02, -0.55482067E+02, -0.52348877E+02, -0.49187572E+02, -0.46006607E+02, -0.42813847E+02, -0.39616550E+02, -0.36421383E+02, -0.33234402E+02, -0.30061068E+02, -0.26906225E+02, -0.23774126E+02, -0.20668415E+02, -0.17592152E+02, -0.14547821E+02, -0.11537345E+02, -0.85621099E+01, -0.56229930E+01, -0.27203898E+01,  0.14574791E+00,  0.29758761E+01,  0.57708173E+01,  0.85317202E+01,  0.11260013E+02,  0.13957366E+02,  0.16625645E+02,  0.19266874E+02,  0.21883196E+02,  0.24476841E+02,  0.27050087E+02,  0.29605242E+02,  0.32144611E+02,  0.34670479E+02,  0.37185089E+02,  0.39690639E+02,  0.42189259E+02,  0.44682999E+02,  0.47173840E+02,  0.49663677E+02,  0.52154312E+02,  0.54647469E+02,  0.57144779E+02,  0.59647797E+02,  0.62157982E+02,  0.64676720E+02,  0.67205322E+02,  0.69745010E+02,  0.72296967E+02,  0.74862274E+02,  0.77441971E+02,  0.80037033E+02,  0.82648384E+02,  0.85276886E+02,  0.87923370E+02,  0.90588608E+02,  0.93273331E+02,  0.95978249E+02,  0.98704025E+02,  0.10145129E+03,  0.10422063E+03,  0.10701266E+03,  0.10982789E+03,  0.11266688E+03,  0.11553013E+03,  0.11841814E+03,  0.12133137E+03,  0.12427030E+03,  0.12723538E+03,  0.13022705E+03,  0.13324574E+03,  0.13629187E+03,  0.13936588E+03,  0.14246815E+03,  0.14559914E+03,  0.14875923E+03,  0.15194884E+03,  0.15516837E+03,  0.15841824E+03,  0.16169890E+03,  0.16501073E+03,  0.16835419E+03,  0.17172969E+03,  0.17513771E+03,  0.17857869E+03,  0.18205309E+03,  0.18556142E+03,  0.18910414E+03
 -0.77500000E+01, -0.91329308E+01, -0.14805951E+02, -0.20319675E+02, -0.25667831E+02, -0.30843142E+02, -0.35837456E+02, -0.40641880E+02, -0.45246944E+02, -0.49642773E+02, -0.53819298E+02, -0.57766464E+02, -0.61474442E+02, -0.64933861E+02, -0.68136017E+02, -0.71073090E+02, -0.73738327E+02, -0.76126213E+02, -0.78232628E+02, -0.80054932E+02, -0.81592049E+02, -0.82844543E+02, -0.83814575E+02, -0.84505905E+02, -0.84923813E+02, -0.85075012E+02, -0.84967522E+02, -0.84610519E+02, -0.84014183E+02, -0.83189514E+02, -0.82148186E+02, -0.80902351E+02, -0.79464500E+02, -0.77847282E+02, -0.76063438E+02, -0.74125595E+02, -0.72046257E+02, -0.69837654E+02, -0.67511734E+02, -0.65080040E+02, -0.62553761E+02, -0.59943611E+02, -0.57259872E+02, -0.54512344E+02, -0.51710331E+02, -0.48862659E+02, -0.45977631E+02, -0.43063046E+02, -0.40126190E+02, -0.37173820E+02, -0.34212177E+02, -0.31246967E+02, -0.28283367E+02, -0.25326033E+02, -0.22379086E+02, -0.19446136E+02, -0.16530275E+02, -0.13634103E+02, -0.10759727E+02, -0.79087915E+01, -0.50824966E+01, -0.22816215E+01,  0.49344656E+00,  0.32426834E+01,  0.59663949E+01,  0.86651850E+01,  0.11339920E+02,  0.13991697E+02,  0.16621809E+02,  0.19231712E+02,  0.21822994E+02,  0.24397346E+02,  0.26956537E+02,  0.29502390E+02,  0.32036751E+02,  0.34561485E+02,  0.37078449E+02,  0.39589474E+02,  0.42096367E+02,  0.44600891E+02,  0.47104755E+02,  0.49609627E+02,  0.52117100E+02,  0.54628712E+02,  0.57145943E+02,  0.59670197E+02,  0.62202824E+02,  0.64745110E+02,  0.67298264E+02,  0.69863464E+02,  0.72441803E+02,  0.75034332E+02,  0.77642052E+02,  0.80265900E+02,  0.82906784E+02,  0.85565552E+02,  0.88243011E+02,  0.90939949E+02,  0.93657097E+02,  0.96395157E+02,  0.99154800E+02,  0.10193668E+03,  0.10474139E+03,  0.10756956E+03,  0.11042173E+03,  0.11329846E+03,  0.11620030E+03,  0.11912775E+03,  0.12208134E+03,  0.12506152E+03,  0.12806882E+03,  0.13110368E+03,  0.13416658E+03,  0.13725798E+03,  0.14037833E+03,  0.14352811E+03,  0.14670775E+03,  0.14991771E+03,  0.15315846E+03,  0.15643047E+03,  0.15973419E+03,  0.16307010E+03,  0.16643869E+03,  0.16984045E+03,  0.17327591E+03,  0.17674556E+03,  0.18024997E+03,  0.18378967E+03,  0.18736526E+03,  0.19097733E+03
 -0.76250000E+01, -0.44653211E+01, -0.98653049E+01, -0.15097500E+02, -0.20158260E+02, -0.25043030E+02, -0.29746454E+02, -0.34262505E+02, -0.38584614E+02, -0.42705833E+02, -0.46618999E+02, -0.50316883E+02, -0.53792397E+02, -0.57038746E+02, -0.60049614E+02, -0.62819313E+02, -0.65342941E+02, -0.67616516E+02, -0.69637093E+02, -0.71402840E+02, -0.72913116E+02, -0.74168526E+02, -0.75170883E+02, -0.75923264E+02, -0.76429916E+02, -0.76696220E+02, -0.76728600E+02, -0.76534439E+02, -0.76121941E+02, -0.75500031E+02, -0.74678238E+02, -0.73666557E+02, -0.72475319E+02, -0.71115097E+02, -0.69596596E+02, -0.67930550E+02, -0.66127640E+02, -0.64198433E+02, -0.62153278E+02, -0.60002316E+02, -0.57755383E+02, -0.55422001E+02, -0.53011333E+02, -0.50532181E+02, -0.47992943E+02, -0.45401604E+02, -0.42765739E+02, -0.40092480E+02, -0.37388519E+02, -0.34660110E+02, -0.31913040E+02, -0.29152645E+02, -0.26383810E+02, -0.23610950E+02, -0.20838036E+02, -0.18068581E+02, -0.15305657E+02, -0.12551906E+02, -0.98095427E+01, -0.70803781E+01, -0.43658361E+01, -0.16669705E+01,  0.10155126E+01,  0.36812289E+01,  0.63300920E+01,  0.89622869E+01,  0.11578242E+02,  0.14178604E+02,  0.16764208E+02,  0.19336052E+02,  0.21895273E+02,  0.24443123E+02,  0.26980938E+02,  0.29510134E+02,  0.32032166E+02,  0.34548534E+02,  0.37060745E+02,  0.39570320E+02,  0.42078766E+02,  0.44587578E+02,  0.47098221E+02,  0.49612133E+02,  0.52130711E+02,  0.54655319E+02,  0.57187263E+02,  0.59727821E+02,  0.62278214E+02,  0.64839607E+02,  0.67413132E+02,  0.69999878E+02,  0.72600861E+02,  0.75217087E+02,  0.77849487E+02,  0.80498978E+02,  0.83166420E+02,  0.85852646E+02,  0.88558441E+02,  0.91284569E+02,  0.94031754E+02,  0.96800697E+02,  0.99592064E+02,  0.10240652E+03,  0.10524466E+03,  0.10810711E+03,  0.11099444E+03,  0.11390722E+03,  0.11684600E+03,  0.11981132E+03,  0.12280370E+03,  0.12582367E+03,  0.12887172E+03,  0.13194835E+03,  0.13505406E+03,  0.13818935E+03,  0.14135471E+03,  0.14455061E+03,  0.14777756E+03,  0.15103606E+03,  0.15432660E+03,  0.15764970E+03,  0.16100586E+03,  0.16439563E+03,  0.16781952E+03,  0.17127812E+03,  0.17477199E+03,  0.17830171E+03,  0.18186792E+03,  0.18547124E+03,  0.18911234E+03,  0.19279190E+03
 -0.75000000E+01, -0.73203576E+00, -0.58505840E+01, -0.10796782E+02, -0.15569209E+02, -0.20165575E+02, -0.24582832E+02, -0.28817284E+02, -0.32864700E+02, -0.36720463E+02, -0.40379696E+02, -0.43837399E+02, -0.47088612E+02, -0.50128540E+02, -0.52952694E+02, -0.55557041E+02, -0.57938091E+02, -0.60093044E+02, -0.62019852E+02, -0.63717312E+02, -0.65185120E+02, -0.66423912E+02, -0.67435272E+02, -0.68221733E+02, -0.68786781E+02, -0.69134766E+02, -0.69270905E+02, -0.69201172E+02, -0.68932243E+02, -0.68471413E+02, -0.67826485E+02, -0.67005707E+02, -0.66017654E+02, -0.64871170E+02, -0.63575241E+02, -0.62138966E+02, -0.60571453E+02, -0.58881767E+02, -0.57078869E+02, -0.55171562E+02, -0.53168472E+02, -0.51077972E+02, -0.48908180E+02, -0.46666931E+02, -0.44361732E+02, -0.41999771E+02, -0.39587883E+02, -0.37132549E+02, -0.34639870E+02, -0.32115574E+02, -0.29565006E+02, -0.26993111E+02, -0.24404449E+02, -0.21803185E+02, -0.19193087E+02, -0.16577539E+02, -0.13959545E+02, -0.11341722E+02, -0.87263308E+01, -0.61152754E+01, -0.35101187E+01, -0.91210085E+00,  0.16778446E+01,  0.42590718E+01,  0.68312016E+01,  0.93941021E+01,  0.11947865E+02,  0.14492785E+02,  0.17029335E+02,  0.19558149E+02,  0.22080000E+02,  0.24595774E+02,  0.27106459E+02,  0.29613123E+02,  0.32116898E+02,  0.34618958E+02,  0.37120522E+02,  0.39622822E+02,  0.42127110E+02,  0.44634632E+02,  0.47146629E+02,  0.49664337E+02,  0.52188965E+02,  0.54721695E+02,  0.57263687E+02,  0.59816078E+02,  0.62379955E+02,  0.64956390E+02,  0.67546402E+02,  0.70150993E+02,  0.72771111E+02,  0.75407684E+02,  0.78061607E+02,  0.80733719E+02,  0.83424858E+02,  0.86135818E+02,  0.88867355E+02,  0.91620209E+02,  0.94395081E+02,  0.97192673E+02,  0.10001363E+03,  0.10285861E+03,  0.10572823E+03,  0.10862307E+03,  0.11154375E+03,  0.11449083E+03,  0.11746487E+03,  0.12046641E+03,  0.12349600E+03,  0.12655418E+03,  0.12964145E+03,  0.13275836E+03,  0.13590541E+03,  0.13908311E+03,  0.14229199E+03,  0.14553258E+03,  0.14880537E+03,  0.15211092E+03,  0.15544975E+03,  0.15882242E+03,  0.16222949E+03,  0.16567151E+03,  0.16914909E+03,  0.17266284E+03,  0.17621339E+03,  0.17980138E+03,  0.18342749E+03,  0.18709245E+03,  0.19079700E+03,  0.19454190E+03
 -0.73750000E+01,  0.20621367E+01, -0.27590330E+01, -0.74071951E+01, -0.11882750E+02, -0.16185249E+02, -0.20313492E+02, -0.24265631E+02, -0.28039280E+02, -0.31631636E+02, -0.35039593E+02, -0.38259869E+02, -0.41289120E+02, -0.44124077E+02, -0.46761642E+02, -0.49199013E+02, -0.51433769E+02, -0.53463978E+02, -0.55288265E+02, -0.56905888E+02, -0.58316769E+02, -0.59521553E+02, -0.60521618E+02, -0.61319080E+02, -0.61916790E+02, -0.62318306E+02, -0.62527863E+02, -0.62550335E+02, -0.62391167E+02, -0.62056328E+02, -0.61552231E+02, -0.60885685E+02, -0.60063820E+02, -0.59094002E+02, -0.57983791E+02, -0.56740871E+02, -0.55372974E+02, -0.53887856E+02, -0.52293217E+02, -0.50596680E+02, -0.48805733E+02, -0.46927708E+02, -0.44969738E+02, -0.42938744E+02, -0.40841400E+02, -0.38684109E+02, -0.36473003E+02, -0.34213921E+02, -0.31912380E+02, -0.29573597E+02, -0.27202456E+02, -0.24803509E+02, -0.22380978E+02, -0.19938747E+02, -0.17480368E+02, -0.15009052E+02, -0.12527685E+02, -0.10038828E+02, -0.75447216E+01, -0.50473037E+01, -0.25482118E+01, -0.48800934E-01,  0.24498448E+01,  0.49468966E+01,  0.74417644E+01,  0.99340811E+01,  0.12423682E+02,  0.14910594E+02,  0.17395010E+02,  0.19877272E+02,  0.22357861E+02,  0.24837374E+02,  0.27316504E+02,  0.29796038E+02,  0.32276829E+02,  0.34759785E+02,  0.37245872E+02,  0.39736076E+02,  0.42231415E+02,  0.44732925E+02,  0.47241642E+02,  0.49758610E+02,  0.52284870E+02,  0.54821442E+02,  0.57369339E+02,  0.59929562E+02,  0.62503082E+02,  0.65090851E+02,  0.67693802E+02,  0.70312836E+02,  0.72948830E+02,  0.75602638E+02,  0.78275085E+02,  0.80966988E+02,  0.83679100E+02,  0.86412186E+02,  0.89166969E+02,  0.91944168E+02,  0.94744453E+02,  0.97568497E+02,  0.10041695E+03,  0.10329043E+03,  0.10618956E+03,  0.10911494E+03,  0.11206714E+03,  0.11504675E+03,  0.11805433E+03,  0.12109042E+03,  0.12415559E+03,  0.12725037E+03,  0.13037529E+03,  0.13353090E+03,  0.13671773E+03,  0.13993631E+03,  0.14318718E+03,  0.14647089E+03,  0.14978796E+03,  0.15313898E+03,  0.15652451E+03,  0.15994510E+03,  0.16340138E+03,  0.16689394E+03,  0.17042342E+03,  0.17399046E+03,  0.17759575E+03,  0.18123999E+03,  0.18492392E+03,  0.18864832E+03,  0.19241397E+03,  0.19622176E+03
 -0.72500000E+01,  0.39284086E+01, -0.57346332E+00, -0.49056120E+01, -0.90698652E+01, -0.13067197E+02, -0.16897823E+02, -0.20561306E+02, -0.24056643E+02, -0.27382391E+02, -0.30536764E+02, -0.33517746E+02, -0.36323196E+02, -0.38950947E+02, -0.41398911E+02, -0.43665180E+02, -0.45748093E+02, -0.47646336E+02, -0.49358990E+02, -0.50885605E+02, -0.52226242E+02, -0.53381496E+02, -0.54352539E+02, -0.55141113E+02, -0.55749546E+02, -0.56180721E+02, -0.56438080E+02, -0.56525578E+02, -0.56447643E+02, -0.56209160E+02, -0.55815388E+02, -0.55271935E+02, -0.54584705E+02, -0.53759834E+02, -0.52803642E+02, -0.51722591E+02, -0.50523228E+02, -0.49212143E+02, -0.47795925E+02, -0.46281124E+02, -0.44674210E+02, -0.42981552E+02, -0.41209377E+02, -0.39363758E+02, -0.37450565E+02, -0.35475483E+02, -0.33443962E+02, -0.31361212E+02, -0.29232201E+02, -0.27061630E+02, -0.24853931E+02, -0.22613260E+02, -0.20343491E+02, -0.18048216E+02, -0.15730736E+02, -0.13394073E+02, -0.11040963E+02, -0.86738653E+01, -0.62949629E+01, -0.39061747E+01, -0.15091602E+01,  0.89466918E+00,  0.33041396E+01,  0.57183027E+01,  0.81364241E+01,  0.10557968E+02,  0.12982585E+02,  0.15410095E+02,  0.17840477E+02,  0.20273849E+02,  0.22710463E+02,  0.25150677E+02,  0.27594954E+02,  0.30043844E+02,  0.32497971E+02,  0.34958023E+02,  0.37424744E+02,  0.39898914E+02,  0.42381351E+02,  0.44872898E+02,  0.47374420E+02,  0.49886784E+02,  0.52410873E+02,  0.54947563E+02,  0.57497738E+02,  0.60062260E+02,  0.62641991E+02,  0.65237778E+02,  0.67850456E+02,  0.70480835E+02,  0.73129723E+02,  0.75797897E+02,  0.78486115E+02,  0.81195122E+02,  0.83925652E+02,  0.86678413E+02,  0.89454079E+02,  0.92253342E+02,  0.95076843E+02,  0.97925232E+02,  0.10079913E+03,  0.10369914E+03,  0.10662588E+03,  0.10957992E+03,  0.11256185E+03,  0.11557224E+03,  0.11861163E+03,  0.12168060E+03,  0.12477969E+03,  0.12790944E+03,  0.13107040E+03,  0.13426311E+03,  0.13748813E+03,  0.14074597E+03,  0.14403723E+03,  0.14736243E+03,  0.15072215E+03,  0.15411697E+03,  0.15754749E+03,  0.16101428E+03,  0.16451797E+03,  0.16805923E+03,  0.17163869E+03,  0.17525703E+03,  0.17891499E+03,  0.18261330E+03,  0.18635274E+03,  0.19013414E+03,  0.19395836E+03,  0.19782632E+03
 -0.71250000E+01,  0.48945365E+01,  0.73826641E+00, -0.32555923E+01, -0.70898919E+01, -0.10766618E+02, -0.14286983E+02, -0.17651525E+02, -0.20860216E+02, -0.23912552E+02, -0.26807657E+02, -0.29544382E+02, -0.32121403E+02, -0.34537308E+02, -0.36790691E+02, -0.38880226E+02, -0.40804752E+02, -0.42563335E+02, -0.44155327E+02, -0.45580429E+02, -0.46838718E+02, -0.47930683E+02, -0.48857269E+02, -0.49619854E+02, -0.50220295E+02, -0.50660885E+02, -0.50944386E+02, -0.51073959E+02, -0.51053188E+02, -0.50886024E+02, -0.50576752E+02, -0.50129963E+02, -0.49550510E+02, -0.48843472E+02, -0.48014099E+02, -0.47067799E+02, -0.46010067E+02, -0.44846470E+02, -0.43582607E+02, -0.42224068E+02, -0.40776405E+02, -0.39245102E+02, -0.37635563E+02, -0.35953060E+02, -0.34202740E+02, -0.32389587E+02, -0.30518415E+02, -0.28593845E+02, -0.26620302E+02, -0.24601992E+02, -0.22542904E+02, -0.20446798E+02, -0.18317196E+02, -0.16157387E+02, -0.13970416E+02, -0.11759087E+02, -0.95259638E+01, -0.72733736E+01, -0.50034060E+01, -0.27179239E+01, -0.41856450E+00,  0.18932499E+01,  0.42163053E+01,  0.65495863E+01,  0.88922663E+01,  0.11243697E+02,  0.13603395E+02,  0.15971036E+02,  0.18346436E+02,  0.20729540E+02,  0.23120422E+02,  0.25519258E+02,  0.27926321E+02,  0.30341972E+02,  0.32766651E+02,  0.35200851E+02,  0.37645142E+02,  0.40100124E+02,  0.42566444E+02,  0.45044785E+02,  0.47535843E+02,  0.50040352E+02,  0.52559040E+02,  0.55092663E+02,  0.57641964E+02,  0.60207706E+02,  0.62790634E+02,  0.65391495E+02,  0.68011032E+02,  0.70649979E+02,  0.73309052E+02,  0.75988960E+02,  0.78690414E+02,  0.81414085E+02,  0.84160652E+02,  0.86930779E+02,  0.89725113E+02,  0.92544281E+02,  0.95388916E+02,  0.98259621E+02,  0.10115700E+03,  0.10408164E+03,  0.10703413E+03,  0.11001504E+03,  0.11302493E+03,  0.11606435E+03,  0.11913387E+03,  0.12223403E+03,  0.12536539E+03,  0.12852847E+03,  0.13172385E+03,  0.13495204E+03,  0.13821362E+03,  0.14150912E+03,  0.14483911E+03,  0.14820416E+03,  0.15160484E+03,  0.15504175E+03,  0.15851547E+03,  0.16202664E+03,  0.16557590E+03,  0.16916389E+03,  0.17279132E+03,  0.17645886E+03,  0.18016730E+03,  0.18391736E+03,  0.18770988E+03,  0.19154573E+03,  0.19542578E+03,  0.19935100E+03
 -0.70000000E+01,  0.50054555E+01,  0.12238191E+01, -0.24068468E+01, -0.58899956E+01, -0.92281990E+01, -0.12423246E+02, -0.15476248E+02, -0.18387733E+02, -0.21157751E+02, -0.23785955E+02, -0.26271706E+02, -0.28614155E+02, -0.30812321E+02, -0.32865181E+02, -0.34771736E+02, -0.36531078E+02, -0.38142445E+02, -0.39605293E+02, -0.40919319E+02, -0.42084526E+02, -0.43101223E+02, -0.43970078E+02, -0.44692108E+02, -0.45268711E+02, -0.45701649E+02, -0.45993061E+02, -0.46145424E+02, -0.46161575E+02, -0.46044651E+02, -0.45798096E+02, -0.45425621E+02, -0.44931164E+02, -0.44318878E+02, -0.43593098E+02, -0.42758282E+02, -0.41819016E+02, -0.40779961E+02, -0.39645817E+02, -0.38421322E+02, -0.37111191E+02, -0.35720119E+02, -0.34252735E+02, -0.32713596E+02, -0.31107161E+02, -0.29437771E+02, -0.27709635E+02, -0.25926817E+02, -0.24093224E+02, -0.22212589E+02, -0.20288467E+02, -0.18324230E+02, -0.16323051E+02, -0.14287911E+02, -0.12221589E+02, -0.10126657E+02, -0.80054932E+01, -0.58602648E+01, -0.36929452E+01, -0.15053089E+01,  0.70106196E+00,  0.29247713E+01,  0.51646042E+01,  0.74195199E+01,  0.96886425E+01,  0.11971254E+02,  0.14266787E+02,  0.16574810E+02,  0.18895027E+02,  0.21227259E+02,  0.23571436E+02,  0.25927595E+02,  0.28295864E+02,  0.30676453E+02,  0.33069641E+02,  0.35475784E+02,  0.37895290E+02,  0.40328613E+02,  0.42776257E+02,  0.45238762E+02,  0.47716690E+02,  0.50210640E+02,  0.52721226E+02,  0.55249069E+02,  0.57794819E+02,  0.60359119E+02,  0.62942619E+02,  0.65545975E+02,  0.68169846E+02,  0.70814873E+02,  0.73481712E+02,  0.76171005E+02,  0.78883377E+02,  0.81619469E+02,  0.84379898E+02,  0.87165268E+02,  0.89976189E+02,  0.92813255E+02,  0.95677063E+02,  0.98568176E+02,  0.10148717E+03,  0.10443462E+03,  0.10741108E+03,  0.11041711E+03,  0.11345323E+03,  0.11652002E+03,  0.11961800E+03,  0.12274772E+03,  0.12590971E+03,  0.12910452E+03,  0.13233269E+03,  0.13559474E+03,  0.13889125E+03,  0.14222276E+03,  0.14558984E+03,  0.14899306E+03,  0.15243297E+03,  0.15591020E+03,  0.15942535E+03,  0.16297906E+03,  0.16657195E+03,  0.17020470E+03,  0.17387801E+03,  0.17759259E+03,  0.18134921E+03,  0.18514864E+03,  0.18899171E+03,  0.19287930E+03,  0.19681233E+03,  0.20079178E+03
 -0.68750000E+01,  0.43239136E+01,  0.94688541E+00, -0.22948134E+01, -0.54047813E+01, -0.83857336E+01, -0.11239613E+02, -0.13967690E+02, -0.16570665E+02, -0.19048761E+02, -0.21401815E+02, -0.23629360E+02, -0.25730707E+02, -0.27705021E+02, -0.29551397E+02, -0.31268915E+02, -0.32856705E+02, -0.34314003E+02, -0.35640198E+02, -0.36834866E+02, -0.37897816E+02, -0.38829113E+02, -0.39629097E+02, -0.40298405E+02, -0.40837982E+02, -0.41249077E+02, -0.41533253E+02, -0.41692364E+02, -0.41728565E+02, -0.41644287E+02, -0.41442223E+02, -0.41125290E+02, -0.40696644E+02, -0.40159611E+02, -0.39517704E+02, -0.38774563E+02, -0.37933952E+02, -0.36999718E+02, -0.35975777E+02, -0.34866077E+02, -0.33674599E+02, -0.32405293E+02, -0.31062103E+02, -0.29648918E+02, -0.28169561E+02, -0.26627777E+02, -0.25027210E+02, -0.23371401E+02, -0.21663759E+02, -0.19907570E+02, -0.18105972E+02, -0.16261955E+02, -0.14378353E+02, -0.12457838E+02, -0.10502917E+02, -0.85159302E+01, -0.64990458E+01, -0.44542656E+01, -0.23834214E+01, -0.28817862E+00,  0.18299617E+01,  0.39696584E+01,  0.61297269E+01,  0.83091335E+01,  0.10506988E+02,  0.12722539E+02,  0.14955168E+02,  0.17204380E+02,  0.19469799E+02,  0.21751154E+02,  0.24048279E+02,  0.26361101E+02,  0.28689634E+02,  0.31033970E+02,  0.33394272E+02,  0.35770767E+02,  0.38163738E+02,  0.40573524E+02,  0.43000504E+02,  0.45445091E+02,  0.47907742E+02,  0.50388939E+02,  0.52889183E+02,  0.55409000E+02,  0.57948929E+02,  0.60509521E+02,  0.63091347E+02,  0.65694962E+02,  0.68320953E+02,  0.70969887E+02,  0.73642349E+02,  0.76338913E+02,  0.79060143E+02,  0.81806625E+02,  0.84578918E+02,  0.87377594E+02,  0.90203201E+02,  0.93056305E+02,  0.95937454E+02,  0.98847191E+02,  0.10178606E+03,  0.10475459E+03,  0.10775333E+03,  0.11078280E+03,  0.11384353E+03,  0.11693605E+03,  0.12006089E+03,  0.12321856E+03,  0.12640961E+03,  0.12963454E+03,  0.13289391E+03,  0.13618825E+03,  0.13951808E+03,  0.14288397E+03,  0.14628648E+03,  0.14972617E+03,  0.15320363E+03,  0.15671942E+03,  0.16027419E+03,  0.16386855E+03,  0.16750314E+03,  0.17117863E+03,  0.17489572E+03,  0.17865515E+03,  0.18245764E+03,  0.18630400E+03,  0.19019505E+03,  0.19413167E+03,  0.19811478E+03,  0.20214534E+03
 -0.67500000E+01,  0.29309258E+01, -0.12534012E-01, -0.28404875E+01, -0.55561867E+01, -0.81620331E+01, -0.10659691E+02, -0.13050187E+02, -0.15334014E+02, -0.17511219E+02, -0.19581482E+02, -0.21544205E+02, -0.23398577E+02, -0.25143646E+02, -0.26778381E+02, -0.28301733E+02, -0.29712679E+02, -0.31010281E+02, -0.32193714E+02, -0.33262321E+02, -0.34215622E+02, -0.35053360E+02, -0.35775501E+02, -0.36382275E+02, -0.36874157E+02, -0.37251904E+02, -0.37516518E+02, -0.37669277E+02, -0.37711716E+02, -0.37645615E+02, -0.37472977E+02, -0.37196033E+02, -0.36817215E+02, -0.36339127E+02, -0.35764534E+02, -0.35096355E+02, -0.34337608E+02, -0.33491417E+02, -0.32560986E+02, -0.31549562E+02, -0.30460438E+02, -0.29296915E+02, -0.28062290E+02, -0.26759842E+02, -0.25392813E+02, -0.23964388E+02, -0.22477690E+02, -0.20935760E+02, -0.19341553E+02, -0.17697918E+02, -0.16007597E+02, -0.14273213E+02, -0.12497268E+02, -0.10682130E+02, -0.88300362E+01, -0.69430852E+01, -0.50232387E+01, -0.30723159E+01, -0.10919954E+01,  0.91618353E+00,  0.29508204E+01,  0.50106511E+01,  0.70945439E+01,  0.92014980E+01,  0.11330637E+02,  0.13481205E+02,  0.15652562E+02,  0.17844177E+02,  0.20055626E+02,  0.22286575E+02,  0.24536793E+02,  0.26806128E+02,  0.29094503E+02,  0.31401928E+02,  0.33728466E+02,  0.36074245E+02,  0.38439453E+02,  0.40824326E+02,  0.43229137E+02,  0.45654213E+02,  0.48099903E+02,  0.50566589E+02,  0.53054688E+02,  0.55564625E+02,  0.58096859E+02,  0.60651852E+02,  0.63230087E+02,  0.65832062E+02,  0.68458267E+02,  0.71109215E+02,  0.73785416E+02,  0.76487389E+02,  0.79215645E+02,  0.81970703E+02,  0.84753075E+02,  0.87563293E+02,  0.90401855E+02,  0.93269287E+02,  0.96166100E+02,  0.99092804E+02,  0.10204990E+03,  0.10503791E+03,  0.10805733E+03,  0.11110868E+03,  0.11419246E+03,  0.11730917E+03,  0.12045931E+03,  0.12364340E+03,  0.12686196E+03,  0.13011549E+03,  0.13340451E+03,  0.13672957E+03,  0.14009116E+03,  0.14348984E+03,  0.14692616E+03,  0.15040068E+03,  0.15391396E+03,  0.15746660E+03,  0.16105919E+03,  0.16469234E+03,  0.16836671E+03,  0.17208295E+03,  0.17584174E+03,  0.17964380E+03,  0.18348988E+03,  0.18738074E+03,  0.19131721E+03,  0.19530014E+03,  0.19933043E+03,  0.20340906E+03
 -0.66250000E+01,  0.92579657E+00, -0.15582833E+01, -0.39506848E+01, -0.62538023E+01, -0.84692564E+01, -0.10598004E+02, -0.12640442E+02, -0.14596495E+02, -0.16465698E+02, -0.18247280E+02, -0.19940228E+02, -0.21543352E+02, -0.23055349E+02, -0.24474859E+02, -0.25800507E+02, -0.27030951E+02, -0.28164930E+02, -0.29201290E+02, -0.30139019E+02, -0.30977274E+02, -0.31715403E+02, -0.32352962E+02, -0.32889729E+02, -0.33325710E+02, -0.33661152E+02, -0.33896538E+02, -0.34032581E+02, -0.34070240E+02, -0.34010689E+02, -0.33855309E+02, -0.33605694E+02, -0.33263622E+02, -0.32831047E+02, -0.32310066E+02, -0.31702930E+02, -0.31012001E+02, -0.30239748E+02, -0.29388721E+02, -0.28461542E+02, -0.27460876E+02, -0.26389425E+02, -0.25249903E+02, -0.24045027E+02, -0.22777496E+02, -0.21449989E+02, -0.20065136E+02, -0.18625517E+02, -0.17133648E+02, -0.15591976E+02, -0.14002862E+02, -0.12368579E+02, -0.10691305E+02, -0.89731159E+01, -0.72159810E+01, -0.54217615E+01, -0.35922043E+01, -0.17289426E+01,  0.16650648E+00,  0.20927413E+01,  0.40484757E+01,  0.60325379E+01,  0.80438690E+01,  0.10081518E+02,  0.12144646E+02,  0.14232512E+02,  0.16344479E+02,  0.18480003E+02,  0.20638638E+02,  0.22820013E+02,  0.25023851E+02,  0.27249945E+02,  0.29498163E+02,  0.31768438E+02,  0.34060768E+02,  0.36375202E+02,  0.38711853E+02,  0.41070866E+02,  0.43452446E+02,  0.45856823E+02,  0.48284267E+02,  0.50735085E+02,  0.53209606E+02,  0.55708183E+02,  0.58231186E+02,  0.60779018E+02,  0.63352077E+02,  0.65950798E+02,  0.68575600E+02,  0.71226944E+02,  0.73905266E+02,  0.76611023E+02,  0.79344688E+02,  0.82106720E+02,  0.84897591E+02,  0.87717766E+02,  0.90567719E+02,  0.93447937E+02,  0.96358879E+02,  0.99301025E+02,  0.10227486E+03,  0.10528085E+03,  0.10831948E+03,  0.11139123E+03,  0.11449657E+03,  0.11763600E+03,  0.12081001E+03,  0.12401906E+03,  0.12726366E+03,  0.13054431E+03,  0.13386151E+03,  0.13721576E+03,  0.14060759E+03,  0.14403752E+03,  0.14750609E+03,  0.15101381E+03,  0.15456128E+03,  0.15814905E+03,  0.16177771E+03,  0.16544788E+03,  0.16916014E+03,  0.17291516E+03,  0.17671362E+03,  0.18055618E+03,  0.18444360E+03,  0.18837660E+03,  0.19235599E+03,  0.19638258E+03,  0.20045726E+03,  0.20458092E+03
 -0.65000000E+01, -0.15745962E+01, -0.35788901E+01, -0.55189347E+01, -0.73957620E+01, -0.92097626E+01, -0.10960789E+02, -0.12648239E+02, -0.14271147E+02, -0.15828244E+02, -0.17318033E+02, -0.18738842E+02, -0.20088886E+02, -0.21366308E+02, -0.22569237E+02, -0.23695810E+02, -0.24744232E+02, -0.25712788E+02, -0.26599890E+02, -0.27404085E+02, -0.28124094E+02, -0.28758814E+02, -0.29307346E+02, -0.29768993E+02, -0.30143278E+02, -0.30429945E+02, -0.30628956E+02, -0.30740494E+02, -0.30764961E+02, -0.30702965E+02, -0.30555321E+02, -0.30323029E+02, -0.30007273E+02, -0.29609402E+02, -0.29130919E+02, -0.28573467E+02, -0.27938810E+02, -0.27228821E+02, -0.26445463E+02, -0.25590780E+02, -0.24666874E+02, -0.23675894E+02, -0.22620022E+02, -0.21501457E+02, -0.20322409E+02, -0.19085072E+02, -0.17791624E+02, -0.16444216E+02, -0.15044960E+02, -0.13595914E+02, -0.12099084E+02, -0.10556407E+02, -0.89697523E+01, -0.73409128E+01, -0.56715975E+01, -0.39634311E+01, -0.22179494E+01, -0.43659681E+00,  0.13792752E+01,  0.32284095E+01,  0.51096435E+01,  0.70219083E+01,  0.89642296E+01,  0.10935725E+02,  0.12935602E+02,  0.14963158E+02,  0.17017773E+02,  0.19098913E+02,  0.21206120E+02,  0.23339016E+02,  0.25497293E+02,  0.27680710E+02,  0.29889093E+02,  0.32122330E+02,  0.34380360E+02,  0.36663181E+02,  0.38970837E+02,  0.41303413E+02,  0.43661045E+02,  0.46043900E+02,  0.48452175E+02,  0.50886108E+02,  0.53345959E+02,  0.55832012E+02,  0.58344574E+02,  0.60883980E+02,  0.63450569E+02,  0.66044708E+02,  0.68666756E+02,  0.71317116E+02,  0.73996178E+02,  0.76704338E+02,  0.79442009E+02,  0.82209618E+02,  0.85007584E+02,  0.87836327E+02,  0.90696281E+02,  0.93587883E+02,  0.96511574E+02,  0.99467796E+02,  0.10245699E+03,  0.10547959E+03,  0.10853606E+03,  0.11162685E+03,  0.11475240E+03,  0.11791319E+03,  0.12110967E+03,  0.12434231E+03,  0.12761158E+03,  0.13091795E+03,  0.13426192E+03,  0.13764395E+03,  0.14106456E+03,  0.14452426E+03,  0.14802354E+03,  0.15156296E+03,  0.15514302E+03,  0.15876430E+03,  0.16242735E+03,  0.16613275E+03,  0.16988112E+03,  0.17367307E+03,  0.17750922E+03,  0.18139024E+03,  0.18531683E+03,  0.18928972E+03,  0.19330965E+03,  0.19737738E+03,  0.20149376E+03,  0.20565964E+03
 -0.63750000E+01, -0.44375739E+01, -0.59493189E+01, -0.74271688E+01, -0.88703384E+01, -0.10277596E+02, -0.11647334E+02, -0.12977654E+02, -0.14266412E+02, -0.15511292E+02, -0.16709848E+02, -0.17859552E+02, -0.18957838E+02, -0.20002136E+02, -0.20989914E+02, -0.21918703E+02, -0.22786131E+02, -0.23589941E+02, -0.24328020E+02, -0.24998413E+02, -0.25599339E+02, -0.26129208E+02, -0.26586630E+02, -0.26970419E+02, -0.27279604E+02, -0.27513426E+02, -0.27671339E+02, -0.27753014E+02, -0.27758326E+02, -0.27687355E+02, -0.27540373E+02, -0.27317842E+02, -0.27020397E+02, -0.26648838E+02, -0.26204117E+02, -0.25687325E+02, -0.25099680E+02, -0.24442514E+02, -0.23717258E+02, -0.22925426E+02, -0.22068605E+02, -0.21148443E+02, -0.20166630E+02, -0.19124895E+02, -0.18024986E+02, -0.16868660E+02, -0.15657677E+02, -0.14393784E+02, -0.13078710E+02, -0.11714158E+02, -0.10301793E+02, -0.88432379E+01, -0.73400669E+01, -0.57937989E+01, -0.42058940E+01, -0.25777466E+01, -0.91068482E+00,  0.79403394E+00,  0.25352254E+01,  0.43117795E+01,  0.61226621E+01,  0.79669151E+01,  0.98436575E+01,  0.11752082E+02,  0.13691459E+02,  0.15661131E+02,  0.17660513E+02,  0.19689093E+02,  0.21746420E+02,  0.23832117E+02,  0.25945866E+02,  0.28087406E+02,  0.30256538E+02,  0.32453117E+02,  0.34677044E+02,  0.36928276E+02,  0.39206802E+02,  0.41512669E+02,  0.43845951E+02,  0.46206760E+02,  0.48595242E+02,  0.51011570E+02,  0.53455952E+02,  0.55928616E+02,  0.58429806E+02,  0.60959801E+02,  0.63518887E+02,  0.66107361E+02,  0.68725555E+02,  0.71373802E+02,  0.74052437E+02,  0.76761826E+02,  0.79502319E+02,  0.82274300E+02,  0.85078140E+02,  0.87914238E+02,  0.90782967E+02,  0.93684738E+02,  0.96619949E+02,  0.99588997E+02,  0.10259231E+03,  0.10563029E+03,  0.10870335E+03,  0.11181193E+03,  0.11495644E+03,  0.11813733E+03,  0.12135502E+03,  0.12460996E+03,  0.12790260E+03,  0.13123338E+03,  0.13460278E+03,  0.13801126E+03,  0.14145927E+03,  0.14494734E+03,  0.14847592E+03,  0.15204555E+03,  0.15565671E+03,  0.15930995E+03,  0.16300580E+03,  0.16674481E+03,  0.17052757E+03,  0.17435464E+03,  0.17822665E+03,  0.18214421E+03,  0.18610799E+03,  0.19011864E+03,  0.19417686E+03,  0.19828340E+03,  0.20243900E+03,  0.20664447E+03
 -0.62500000E+01, -0.75177069E+01, -0.85337954E+01, -0.95483093E+01, -0.10558303E+02, -0.11560611E+02, -0.12551910E+02, -0.13528761E+02, -0.14487644E+02, -0.15425007E+02, -0.16337288E+02, -0.17220953E+02, -0.18072525E+02, -0.18888605E+02, -0.19665894E+02, -0.20401222E+02, -0.21091560E+02, -0.21734041E+02, -0.22325970E+02, -0.22864836E+02, -0.23348328E+02, -0.23774338E+02, -0.24140966E+02, -0.24446531E+02, -0.24689562E+02, -0.24868809E+02, -0.24983231E+02, -0.25032005E+02, -0.25014507E+02, -0.24930323E+02, -0.24779219E+02, -0.24561153E+02, -0.24276258E+02, -0.23924829E+02, -0.23507313E+02, -0.23024300E+02, -0.22476507E+02, -0.21864775E+02, -0.21190042E+02, -0.20453346E+02, -0.19655806E+02, -0.18798603E+02, -0.17882986E+02, -0.16910242E+02, -0.15881701E+02, -0.14798716E+02, -0.13662654E+02, -0.12474892E+02, -0.11236805E+02, -0.99497595E+01, -0.86151009E+01, -0.72341571E+01, -0.58082213E+01, -0.43385539E+01, -0.28263743E+01, -0.12728566E+01,  0.32087278E+00,  0.19537399E+01,  0.36247251E+01,  0.53328657E+01,  0.70772576E+01,  0.88570566E+01,  0.10671478E+02,  0.12519800E+02,  0.14401360E+02,  0.16315556E+02,  0.18261847E+02,  0.20239750E+02,  0.22248838E+02,  0.24288744E+02,  0.26359148E+02,  0.28459787E+02,  0.30590448E+02,  0.32750961E+02,  0.34941212E+02,  0.37161114E+02,  0.39410633E+02,  0.41689766E+02,  0.43998554E+02,  0.46337059E+02,  0.48705387E+02,  0.51103661E+02,  0.53532036E+02,  0.55990692E+02,  0.58479828E+02,  0.60999672E+02,  0.63550453E+02,  0.66132439E+02,  0.68745895E+02,  0.71391106E+02,  0.74068375E+02,  0.76778008E+02,  0.79520332E+02,  0.82295670E+02,  0.85104362E+02,  0.87946754E+02,  0.90823204E+02,  0.93734062E+02,  0.96679710E+02,  0.99660500E+02,  0.10267683E+03,  0.10572906E+03,  0.10881760E+03,  0.11194284E+03,  0.11510517E+03,  0.11830500E+03,  0.12154275E+03,  0.12481881E+03,  0.12813362E+03,  0.13148761E+03,  0.13488121E+03,  0.13831487E+03,  0.14178903E+03,  0.14530415E+03,  0.14886070E+03,  0.15245917E+03,  0.15610004E+03,  0.15978378E+03,  0.16351094E+03,  0.16728203E+03,  0.17109758E+03,  0.17495816E+03,  0.17886430E+03,  0.18281662E+03,  0.18681570E+03,  0.19086218E+03,  0.19495668E+03,  0.19909988E+03,  0.20329248E+03,  0.20753517E+03
 -0.61250000E+01, -0.10661165E+02, -0.11189677E+02, -0.11749728E+02, -0.12335999E+02, -0.12943223E+02, -0.13566197E+02, -0.14199804E+02, -0.14839026E+02, -0.15478962E+02, -0.16114838E+02, -0.16742023E+02, -0.17356050E+02, -0.17952618E+02, -0.18527603E+02, -0.19077080E+02, -0.19597319E+02, -0.20084799E+02, -0.20536215E+02, -0.20948481E+02, -0.21318733E+02, -0.21644339E+02, -0.21922886E+02, -0.22152197E+02, -0.22330317E+02, -0.22455515E+02, -0.22526278E+02, -0.22541313E+02, -0.22499529E+02, -0.22400040E+02, -0.22242151E+02, -0.22025358E+02, -0.21749325E+02, -0.21413883E+02, -0.21019022E+02, -0.20564871E+02, -0.20051697E+02, -0.19479883E+02, -0.18849930E+02, -0.18162434E+02, -0.17418083E+02, -0.16617643E+02, -0.15761945E+02, -0.14851883E+02, -0.13888395E+02, -0.12872461E+02, -0.11805091E+02, -0.10687315E+02, -0.95201788E+01, -0.83047333E+01, -0.70420308E+01, -0.57331171E+01, -0.43790245E+01, -0.29807661E+01, -0.15393339E+01, -0.55692080E-01,  0.14692272E+01,  0.30345268E+01,  0.46393471E+01,  0.62828703E+01,  0.79643207E+01,  0.96829672E+01,  0.11438127E+02,  0.13229161E+02,  0.15055482E+02,  0.16916548E+02,  0.18811865E+02,  0.20740992E+02,  0.22703527E+02,  0.24699123E+02,  0.26727472E+02,  0.28788315E+02,  0.30881430E+02,  0.33006641E+02,  0.35163815E+02,  0.37352848E+02,  0.39573677E+02,  0.41826271E+02,  0.44110638E+02,  0.46426807E+02,  0.48774841E+02,  0.51154831E+02,  0.53566887E+02,  0.56011150E+02,  0.58487778E+02,  0.60996944E+02,  0.63538853E+02,  0.66113708E+02,  0.68721748E+02,  0.71363220E+02,  0.74038368E+02,  0.76747475E+02,  0.79490807E+02,  0.82268661E+02,  0.85081345E+02,  0.87929153E+02,  0.90812416E+02,  0.93731453E+02,  0.96686592E+02,  0.99678177E+02,  0.10270656E+03,  0.10577207E+03,  0.10887510E+03,  0.11201598E+03,  0.11519511E+03,  0.11841284E+03,  0.12166958E+03,  0.12496569E+03,  0.12830159E+03,  0.13167767E+03,  0.13509435E+03,  0.13855203E+03,  0.14205116E+03,  0.14559215E+03,  0.14917543E+03,  0.15280148E+03,  0.15647075E+03,  0.16018369E+03,  0.16394080E+03,  0.16774255E+03,  0.17158945E+03,  0.17548201E+03,  0.17942075E+03,  0.18340620E+03,  0.18743893E+03,  0.19151950E+03,  0.19564848E+03,  0.19982648E+03,  0.20405408E+03,  0.20833194E+03
 -0.60000000E+01, -0.13711143E+02, -0.13772206E+02, -0.13897403E+02, -0.14079012E+02, -0.14309625E+02, -0.14582129E+02, -0.14889698E+02, -0.15225780E+02, -0.15584092E+02, -0.15958623E+02, -0.16343624E+02, -0.16733608E+02, -0.17123352E+02, -0.17507896E+02, -0.17882540E+02, -0.18242846E+02, -0.18584633E+02, -0.18903982E+02, -0.19197233E+02, -0.19460981E+02, -0.19692070E+02, -0.19887594E+02, -0.20044897E+02, -0.20161556E+02, -0.20235388E+02, -0.20264437E+02, -0.20246962E+02, -0.20181444E+02, -0.20066563E+02, -0.19901199E+02, -0.19684418E+02, -0.19415462E+02, -0.19093740E+02, -0.18718824E+02, -0.18290424E+02, -0.17808393E+02, -0.17272711E+02, -0.16683468E+02, -0.16040863E+02, -0.15345195E+02, -0.14596841E+02, -0.13796261E+02, -0.12943977E+02, -0.12040578E+02, -0.11086696E+02, -0.10083008E+02, -0.90302267E+01, -0.79290910E+01, -0.67803626E+01, -0.55848160E+01, -0.43432350E+01, -0.30564060E+01, -0.17251126E+01, -0.35013139E+00,  0.10677729E+01,  0.25278516E+01,  0.40293765E+01,  0.55716414E+01,  0.71539674E+01,  0.87757044E+01,  0.10436233E+02,  0.12134967E+02,  0.13871355E+02,  0.15644882E+02,  0.17455070E+02,  0.19301481E+02,  0.21183708E+02,  0.23101391E+02,  0.25054201E+02,  0.27041849E+02,  0.29064085E+02,  0.31120691E+02,  0.33211491E+02,  0.35336334E+02,  0.37495106E+02,  0.39687733E+02,  0.41914158E+02,  0.44174362E+02,  0.46468349E+02,  0.48796150E+02,  0.51157825E+02,  0.53553452E+02,  0.55983128E+02,  0.58446983E+02,  0.60945156E+02,  0.63477806E+02,  0.66045105E+02,  0.68647247E+02,  0.71284447E+02,  0.73956909E+02,  0.76664871E+02,  0.79408577E+02,  0.82188286E+02,  0.85004250E+02,  0.87856758E+02,  0.90746078E+02,  0.93672516E+02,  0.96636360E+02,  0.99637932E+02,  0.10267753E+03,  0.10575548E+03,  0.10887211E+03,  0.11202776E+03,  0.11522277E+03,  0.11845750E+03,  0.12173228E+03,  0.12504749E+03,  0.12840349E+03,  0.13180067E+03,  0.13523940E+03,  0.13872008E+03,  0.14224309E+03,  0.14580884E+03,  0.14941776E+03,  0.15307025E+03,  0.15676674E+03,  0.16050766E+03,  0.16429347E+03,  0.16812462E+03,  0.17200157E+03,  0.17592477E+03,  0.17989471E+03,  0.18391190E+03,  0.18797681E+03,  0.19208995E+03,  0.19625183E+03,  0.20046300E+03,  0.20472395E+03,  0.20903526E+03
 -0.58750000E+01, -0.16513863E+02, -0.16139698E+02, -0.15860448E+02, -0.15666120E+02, -0.15547272E+02, -0.15494965E+02, -0.15500731E+02, -0.15556545E+02, -0.15654796E+02, -0.15788271E+02, -0.15950137E+02, -0.16133926E+02, -0.16333525E+02, -0.16543154E+02, -0.16757372E+02, -0.16971054E+02, -0.17179392E+02, -0.17377876E+02, -0.17562296E+02, -0.17728731E+02, -0.17873535E+02, -0.17993340E+02, -0.18085037E+02, -0.18145775E+02, -0.18172947E+02, -0.18164190E+02, -0.18117361E+02, -0.18030542E+02, -0.17902025E+02, -0.17730301E+02, -0.17514050E+02, -0.17252129E+02, -0.16943571E+02, -0.16587566E+02, -0.16183451E+02, -0.15730704E+02, -0.15228933E+02, -0.14677866E+02, -0.14077338E+02, -0.13427290E+02, -0.12727750E+02, -0.11978834E+02, -0.11180733E+02, -0.10333702E+02, -0.94380617E+01, -0.84941816E+01, -0.75024786E+01, -0.64634099E+01, -0.53774667E+01, -0.42451673E+01, -0.30670519E+01, -0.18436773E+01, -0.57561266E+00,  0.73656654E+00,  0.20922825E+01,  0.34909589E+01,  0.49320264E+01,  0.64149237E+01,  0.79391036E+01,  0.95040359E+01,  0.11109206E+02,  0.12754125E+02,  0.14438322E+02,  0.16161358E+02,  0.17922815E+02,  0.19722307E+02,  0.21559473E+02,  0.23433987E+02,  0.25345547E+02,  0.27293886E+02,  0.29278769E+02,  0.31299982E+02,  0.33357349E+02,  0.35450722E+02,  0.37579979E+02,  0.39745026E+02,  0.41945797E+02,  0.44182251E+02,  0.46454372E+02,  0.48762165E+02,  0.51105667E+02,  0.53484921E+02,  0.55900005E+02,  0.58351009E+02,  0.60838039E+02,  0.63361221E+02,  0.65920708E+02,  0.68516640E+02,  0.71149200E+02,  0.73818581E+02,  0.76524963E+02,  0.79268562E+02,  0.82049606E+02,  0.84868317E+02,  0.87724945E+02,  0.90619728E+02,  0.93552940E+02,  0.96524834E+02,  0.99535706E+02,  0.10258582E+03,  0.10567548E+03,  0.10880499E+03,  0.11197463E+03,  0.11518475E+03,  0.11843565E+03,  0.12172765E+03,  0.12506111E+03,  0.12843636E+03,  0.13185374E+03,  0.13531361E+03,  0.13881635E+03,  0.14236229E+03,  0.14595184E+03,  0.14958537E+03,  0.15326328E+03,  0.15698595E+03,  0.16075378E+03,  0.16456720E+03,  0.16842662E+03,  0.17233244E+03,  0.17628513E+03,  0.18028506E+03,  0.18433273E+03,  0.18842856E+03,  0.19257298E+03,  0.19676646E+03,  0.20100946E+03,  0.20530240E+03,  0.20964577E+03
 -0.57500000E+01, -0.18924545E+02, -0.18158743E+02, -0.17515656E+02, -0.16983288E+02, -0.16550385E+02, -0.16206371E+02, -0.15941299E+02, -0.15745806E+02, -0.15611071E+02, -0.15528789E+02, -0.15491135E+02, -0.15490743E+02, -0.15520680E+02, -0.15574428E+02, -0.15645859E+02, -0.15729224E+02, -0.15819139E+02, -0.15910558E+02, -0.15998773E+02, -0.16079393E+02, -0.16148335E+02, -0.16201807E+02, -0.16236300E+02, -0.16248577E+02, -0.16235655E+02, -0.16194805E+02, -0.16123529E+02, -0.16019558E+02, -0.15880834E+02, -0.15705503E+02, -0.15491904E+02, -0.15238559E+02, -0.14944157E+02, -0.14607551E+02, -0.14227743E+02, -0.13803879E+02, -0.13335233E+02, -0.12821200E+02, -0.12261292E+02, -0.11655126E+02, -0.11002411E+02, -0.10302950E+02, -0.95566244E+01, -0.87633934E+01, -0.79232841E+01, -0.70363851E+01, -0.61028414E+01, -0.51228485E+01, -0.40966468E+01, -0.30245178E+01, -0.19067762E+01, -0.74376649E+00,  0.46414185E+00,  0.17165594E+01,  0.30130813E+01,  0.43532920E+01,  0.57367682E+01,  0.71630845E+01,  0.86318159E+01,  0.10142543E+02,  0.11694851E+02,  0.13288339E+02,  0.14922616E+02,  0.16597311E+02,  0.18312065E+02,  0.20066544E+02,  0.21860432E+02,  0.23693432E+02,  0.25565277E+02,  0.27475719E+02,  0.29424538E+02,  0.31411530E+02,  0.33436527E+02,  0.35499378E+02,  0.37599957E+02,  0.39738163E+02,  0.41913918E+02,  0.44127171E+02,  0.46377880E+02,  0.48666039E+02,  0.50991657E+02,  0.53354755E+02,  0.55755386E+02,  0.58193615E+02,  0.60669518E+02,  0.63183193E+02,  0.65734756E+02,  0.68324333E+02,  0.70952065E+02,  0.73618103E+02,  0.76322624E+02,  0.79065796E+02,  0.81847809E+02,  0.84668869E+02,  0.87529182E+02,  0.90428963E+02,  0.93368454E+02,  0.96347893E+02,  0.99367508E+02,  0.10242757E+03,  0.10552835E+03,  0.10867010E+03,  0.11185311E+03,  0.11507766E+03,  0.11834405E+03,  0.12165257E+03,  0.12500354E+03,  0.12839726E+03,  0.13183408E+03,  0.13531430E+03,  0.13883826E+03,  0.14240631E+03,  0.14601878E+03,  0.14967606E+03,  0.15337846E+03,  0.15712639E+03,  0.16092020E+03,  0.16476027E+03,  0.16864696E+03,  0.17258069E+03,  0.17656181E+03,  0.18059073E+03,  0.18466783E+03,  0.18879352E+03,  0.19296817E+03,  0.19719218E+03,  0.20146594E+03,  0.20578981E+03,  0.21016417E+03
 -0.56250000E+01, -0.20812731E+02, -0.19708897E+02, -0.18751648E+02, -0.17927343E+02, -0.17223223E+02, -0.16627337E+02, -0.16128489E+02, -0.15716177E+02, -0.15380555E+02, -0.15112382E+02, -0.14902983E+02, -0.14744224E+02, -0.14628468E+02, -0.14548557E+02, -0.14497783E+02, -0.14469857E+02, -0.14458900E+02, -0.14459413E+02, -0.14466256E+02, -0.14474644E+02, -0.14480112E+02, -0.14478513E+02, -0.14465995E+02, -0.14438990E+02, -0.14394199E+02, -0.14328579E+02, -0.14239327E+02, -0.14123872E+02, -0.13979858E+02, -0.13805136E+02, -0.13597748E+02, -0.13355921E+02, -0.13078050E+02, -0.12762691E+02, -0.12408553E+02, -0.12014483E+02, -0.11579461E+02, -0.11102587E+02, -0.10583077E+02, -0.10020257E+02, -0.94135466E+01, -0.87624636E+01, -0.80666075E+01, -0.73256636E+01, -0.65393891E+01, -0.57076130E+01, -0.48302293E+01, -0.39071915E+01, -0.29385097E+01, -0.19242446E+01, -0.86450338E+00,  0.24056500E+00,  0.13907746E+01,  0.25859067E+01,  0.38257153E+01,  0.51099305E+01,  0.64382639E+01,  0.78104124E+01,  0.92260628E+01,  0.10684896E+02,  0.12186587E+02,  0.13730817E+02,  0.15317267E+02,  0.16945627E+02,  0.18615595E+02,  0.20326881E+02,  0.22079210E+02,  0.23872322E+02,  0.25705973E+02,  0.27579937E+02,  0.29494007E+02,  0.31447998E+02,  0.33441742E+02,  0.35475090E+02,  0.37547916E+02,  0.39660118E+02,  0.41811604E+02,  0.44002308E+02,  0.46232185E+02,  0.48501209E+02,  0.50809364E+02,  0.53156662E+02,  0.55543125E+02,  0.57968792E+02,  0.60433727E+02,  0.62937996E+02,  0.65481682E+02,  0.68064896E+02,  0.70687744E+02,  0.73350349E+02,  0.76052856E+02,  0.78795410E+02,  0.81578178E+02,  0.84401321E+02,  0.87265030E+02,  0.90169495E+02,  0.93114906E+02,  0.96101486E+02,  0.99129440E+02,  0.10219901E+03,  0.10531042E+03,  0.10846392E+03,  0.11165976E+03,  0.11489820E+03,  0.11817950E+03,  0.12150394E+03,  0.12487180E+03,  0.12828337E+03,  0.13173894E+03,  0.13523882E+03,  0.13878331E+03,  0.14237273E+03,  0.14600739E+03,  0.14968762E+03,  0.15341376E+03,  0.15718614E+03,  0.16100510E+03,  0.16487097E+03,  0.16878412E+03,  0.17274489E+03,  0.17675360E+03,  0.18081064E+03,  0.18491634E+03,  0.18907103E+03,  0.19327505E+03,  0.19752876E+03,  0.20183247E+03,  0.20618648E+03,  0.21059109E+03
 -0.55000000E+01, -0.22066587E+02, -0.20686571E+02, -0.19472387E+02, -0.18409145E+02, -0.17482927E+02, -0.16680725E+02, -0.15990368E+02, -0.15400468E+02, -0.14900372E+02, -0.14480101E+02, -0.14130316E+02, -0.13842274E+02, -0.13607788E+02, -0.13419198E+02, -0.13269332E+02, -0.13151484E+02, -0.13059384E+02, -0.12987173E+02, -0.12929380E+02, -0.12880900E+02, -0.12836976E+02, -0.12793175E+02, -0.12745377E+02, -0.12689750E+02, -0.12622741E+02, -0.12541056E+02, -0.12441646E+02, -0.12321693E+02, -0.12178599E+02, -0.12009969E+02, -0.11813598E+02, -0.11587464E+02, -0.11329715E+02, -0.11038653E+02, -0.10712730E+02, -0.10350535E+02, -0.99507895E+01, -0.95123301E+01, -0.90341110E+01, -0.85151920E+01, -0.79547319E+01, -0.73519859E+01, -0.67062984E+01, -0.60170975E+01, -0.52838945E+01, -0.45062752E+01, -0.36839008E+01, -0.28165014E+01, -0.19038727E+01, -0.94587296E+00,  0.57581875E-01,  0.11065221E+01,  0.22009287E+01,  0.33407381E+01,  0.45258465E+01,  0.57561150E+01,  0.70313754E+01,  0.83514328E+01,  0.97160721E+01,  0.11125063E+02,  0.12578160E+02,  0.14075115E+02,  0.15615670E+02,  0.17199572E+02,  0.18826563E+02,  0.20496399E+02,  0.22208838E+02,  0.23963648E+02,  0.25760611E+02,  0.27599518E+02,  0.29480181E+02,  0.31402418E+02,  0.33366074E+02,  0.35371002E+02,  0.37417076E+02,  0.39504189E+02,  0.41632240E+02,  0.43801159E+02,  0.46010887E+02,  0.48261383E+02,  0.50552620E+02,  0.52884586E+02,  0.55257290E+02,  0.57670750E+02,  0.60125000E+02,  0.62620094E+02,  0.65156090E+02,  0.67733070E+02,  0.70351112E+02,  0.73010323E+02,  0.75710808E+02,  0.78452698E+02,  0.81236122E+02,  0.84061234E+02,  0.86928169E+02,  0.89837105E+02,  0.92788208E+02,  0.95781670E+02,  0.98817673E+02,  0.10189642E+03,  0.10501811E+03,  0.10818298E+03,  0.11139124E+03,  0.11464314E+03,  0.11793889E+03,  0.12127876E+03,  0.12466300E+03,  0.12809187E+03,  0.13156566E+03,  0.13508461E+03,  0.13864902E+03,  0.14225919E+03,  0.14591539E+03,  0.14961795E+03,  0.15336714E+03,  0.15716330E+03,  0.16100671E+03,  0.16489771E+03,  0.16883658E+03,  0.17282367E+03,  0.17685928E+03,  0.18094373E+03,  0.18507732E+03,  0.18926035E+03,  0.19349312E+03,  0.19777591E+03,  0.20210898E+03,  0.20649260E+03,  0.21092700E+03
 -0.53750000E+01, -0.22596031E+02, -0.21007986E+02, -0.19599924E+02, -0.18356110E+02, -0.17261845E+02, -0.16303392E+02, -0.15467915E+02, -0.14743417E+02, -0.14118685E+02, -0.13583241E+02, -0.13127285E+02, -0.12741660E+02, -0.12417802E+02, -0.12147706E+02, -0.11923890E+02, -0.11739362E+02, -0.11587586E+02, -0.11462461E+02, -0.11358285E+02, -0.11269741E+02, -0.11191867E+02, -0.11120034E+02, -0.11049931E+02, -0.10977542E+02, -0.10899130E+02, -0.10811219E+02, -0.10710579E+02, -0.10594208E+02, -0.10459318E+02, -0.10303327E+02, -0.10123836E+02, -0.99186211E+01, -0.96856289E+01, -0.94229488E+01, -0.91288204E+01, -0.88016109E+01, -0.84398127E+01, -0.80420361E+01, -0.76069994E+01, -0.71335230E+01, -0.66205287E+01, -0.60670280E+01, -0.54721279E+01, -0.48350205E+01, -0.41549830E+01, -0.34313765E+01, -0.26636429E+01, -0.18513035E+01, -0.99395525E+00, -0.91268986E-01,  0.85701448E+00,  0.18510882E+01,  0.28910832E+01,  0.39770737E+01,  0.51090813E+01,  0.62870817E+01,  0.75110083E+01,  0.87807598E+01,  0.10096203E+02,  0.11457182E+02,  0.12863517E+02,  0.14315017E+02,  0.15811477E+02,  0.17352684E+02,  0.18938427E+02,  0.20568489E+02,  0.22242659E+02,  0.23960728E+02,  0.25722496E+02,  0.27527777E+02,  0.29376387E+02,  0.31268158E+02,  0.33202938E+02,  0.35180584E+02,  0.37200966E+02,  0.39263977E+02,  0.41369514E+02,  0.43517494E+02,  0.45707851E+02,  0.47940533E+02,  0.50215492E+02,  0.52532715E+02,  0.54892181E+02,  0.57293896E+02,  0.59737877E+02,  0.62224152E+02,  0.64752754E+02,  0.67323753E+02,  0.69937195E+02,  0.72593170E+02,  0.75291763E+02,  0.78033066E+02,  0.80817184E+02,  0.83644249E+02,  0.86514374E+02,  0.89427711E+02,  0.92384399E+02,  0.95384590E+02,  0.98428459E+02,  0.10151618E+03,  0.10464793E+03,  0.10782389E+03,  0.11104428E+03,  0.11430930E+03,  0.11761916E+03,  0.12097408E+03,  0.12437430E+03,  0.12782005E+03,  0.13131158E+03,  0.13484914E+03,  0.13843298E+03,  0.14206339E+03,  0.14574062E+03,  0.14946494E+03,  0.15323662E+03,  0.15705597E+03,  0.16092326E+03,  0.16483878E+03,  0.16880281E+03,  0.17281566E+03,  0.17687758E+03,  0.18098888E+03,  0.18514983E+03,  0.18936067E+03,  0.19362170E+03,  0.19793314E+03,  0.20229523E+03,  0.20670815E+03,  0.21117212E+03
 -0.52500000E+01, -0.22334793E+02, -0.20611189E+02, -0.19076338E+02, -0.17714066E+02, -0.16509256E+02, -0.15447792E+02, -0.14516489E+02, -0.13703035E+02, -0.12995935E+02, -0.12384453E+02, -0.11858562E+02, -0.11408900E+02, -0.11026720E+02, -0.10703851E+02, -0.10432661E+02, -0.10206024E+02, -0.10017279E+02, -0.98602057E+01, -0.97289972E+01, -0.96182280E+01, -0.95228338E+01, -0.94380856E+01, -0.93595734E+01, -0.92831774E+01, -0.92050562E+01, -0.91216240E+01, -0.90295372E+01, -0.89256754E+01, -0.88071260E+01, -0.86711731E+01, -0.85152779E+01, -0.83370705E+01, -0.81343355E+01, -0.79050007E+01, -0.76471276E+01, -0.73589001E+01, -0.70386190E+01, -0.66846910E+01, -0.62956252E+01, -0.58700266E+01, -0.54065952E+01, -0.49041204E+01, -0.43614802E+01, -0.37776427E+01, -0.31516635E+01, -0.24826880E+01, -0.17699496E+01, -0.10127716E+01, -0.21056469E+00,  0.63717413E+00,  0.15308640E+01,  0.24708440E+01,  0.34573777E+01,  0.44906578E+01,  0.55708122E+01,  0.66979108E+01,  0.78719702E+01,  0.90929623E+01,  0.10360820E+02,  0.11675441E+02,  0.13036697E+02,  0.14444440E+02,  0.15898502E+02,  0.17398705E+02,  0.18944862E+02,  0.20536781E+02,  0.22174274E+02,  0.23857149E+02,  0.25585222E+02,  0.27358313E+02,  0.29176250E+02,  0.31038872E+02,  0.32946030E+02,  0.34897579E+02,  0.36893394E+02,  0.38933361E+02,  0.41017376E+02,  0.43145344E+02,  0.45317196E+02,  0.47532864E+02,  0.49792294E+02,  0.52095451E+02,  0.54442310E+02,  0.56832855E+02,  0.59267082E+02,  0.61745003E+02,  0.64266640E+02,  0.66832024E+02,  0.69441200E+02,  0.72094215E+02,  0.74791145E+02,  0.77532051E+02,  0.80317032E+02,  0.83146164E+02,  0.86019562E+02,  0.88937340E+02,  0.91899620E+02,  0.94906525E+02,  0.97958199E+02,  0.10105479E+03,  0.10419646E+03,  0.10738337E+03,  0.11061569E+03,  0.11389362E+03,  0.11721733E+03,  0.12058704E+03,  0.12400293E+03,  0.12746524E+03,  0.13097417E+03,  0.13452997E+03,  0.13813286E+03,  0.14178308E+03,  0.14548088E+03,  0.14922652E+03,  0.15302023E+03,  0.15686232E+03,  0.16075301E+03,  0.16469257E+03,  0.16868127E+03,  0.17271939E+03,  0.17680717E+03,  0.18094489E+03,  0.18513277E+03,  0.18937106E+03,  0.19366000E+03,  0.19799982E+03,  0.20239069E+03,  0.20683279E+03,  0.21132628E+03
 -0.51250000E+01, -0.21241631E+02, -0.19457331E+02, -0.17865030E+02, -0.16448494E+02, -0.15192565E+02, -0.14083091E+02, -0.13106866E+02, -0.12251566E+02, -0.11505696E+02, -0.10858525E+02, -0.10300041E+02, -0.98208961E+01, -0.94123669E+01, -0.90663052E+01, -0.87751064E+01, -0.85316639E+01, -0.83293419E+01, -0.81619406E+01, -0.80236683E+01, -0.79091120E+01, -0.78132124E+01, -0.77312431E+01, -0.76587834E+01, -0.75917010E+01, -0.75261316E+01, -0.74584575E+01, -0.73852940E+01, -0.73034687E+01, -0.72100086E+01, -0.71021242E+01, -0.69771924E+01, -0.68327470E+01, -0.66664639E+01, -0.64761491E+01, -0.62597284E+01, -0.60152383E+01, -0.57408166E+01, -0.54346943E+01, -0.50951943E+01, -0.47207227E+01, -0.43097706E+01, -0.38609111E+01, -0.33728037E+01, -0.28441937E+01, -0.22739184E+01, -0.16609092E+01, -0.10041958E+01, -0.30290934E+00,  0.44371736E+00,  0.12363490E+01,  0.20755501E+01,  0.29617882E+01,  0.38954391E+01,  0.48767934E+01,  0.59060612E+01,  0.69833841E+01,  0.81088390E+01,  0.92824469E+01,  0.10504183E+02,  0.11773983E+02,  0.13091748E+02,  0.14457355E+02,  0.15870658E+02,  0.17331497E+02,  0.18839701E+02,  0.20395096E+02,  0.21997498E+02,  0.23646729E+02,  0.25342611E+02,  0.27084974E+02,  0.28873648E+02,  0.30708473E+02,  0.32589306E+02,  0.34515999E+02,  0.36488426E+02,  0.38506470E+02,  0.40570023E+02,  0.42678986E+02,  0.44833275E+02,  0.47032814E+02,  0.49277550E+02,  0.51567421E+02,  0.53902393E+02,  0.56282440E+02,  0.58707539E+02,  0.61177681E+02,  0.63692875E+02,  0.66253128E+02,  0.68858467E+02,  0.71508926E+02,  0.74204536E+02,  0.76945366E+02,  0.79731461E+02,  0.82562904E+02,  0.85439774E+02,  0.88362144E+02,  0.91330132E+02,  0.94343834E+02,  0.97403358E+02,  0.10050885E+03,  0.10366042E+03,  0.10685822E+03,  0.11010241E+03,  0.11339313E+03,  0.11673055E+03,  0.12011486E+03,  0.12354623E+03,  0.12702486E+03,  0.13055095E+03,  0.13412469E+03,  0.13774632E+03,  0.14141603E+03,  0.14513408E+03,  0.14890068E+03,  0.15271606E+03,  0.15658049E+03,  0.16049419E+03,  0.16445741E+03,  0.16847040E+03,  0.17253340E+03,  0.17664667E+03,  0.18081044E+03,  0.18502495E+03,  0.18929041E+03,  0.19360704E+03,  0.19797504E+03,  0.20239459E+03,  0.20686586E+03,  0.21138898E+03
 -0.50000000E+01, -0.19300953E+02, -0.17531353E+02, -0.15951413E+02, -0.14545231E+02, -0.13297971E+02, -0.12195801E+02, -0.11225824E+02, -0.10376018E+02, -0.96351690E+01, -0.89928226E+01, -0.84392252E+01, -0.79652748E+01, -0.75624800E+01, -0.72229109E+01, -0.69391632E+01, -0.67043209E+01, -0.65119224E+01, -0.63559265E+01, -0.62306876E+01, -0.61309228E+01, -0.60516915E+01, -0.59883699E+01, -0.59366264E+01, -0.58924036E+01, -0.58518977E+01, -0.58115387E+01, -0.57679744E+01, -0.57180510E+01, -0.56587982E+01, -0.55874147E+01, -0.55012522E+01, -0.53978004E+01, -0.52746758E+01, -0.51296077E+01, -0.49604273E+01, -0.47650580E+01, -0.45415044E+01, -0.42878475E+01, -0.40022397E+01, -0.36828995E+01, -0.33281143E+01, -0.29362414E+01, -0.25057139E+01, -0.20350485E+01, -0.15228530E+01, -0.96783769E+00, -0.36882260E+00,  0.27525467E+00,  0.96533448E+00,  0.17022337E+01,  0.24866469E+01,  0.33191504E+01,  0.42002087E+01,  0.51301818E+01,  0.61093364E+01,  0.71378546E+01,  0.82158442E+01,  0.93433485E+01,  0.10520361E+02,  0.11746824E+02,  0.13022651E+02,  0.14347720E+02,  0.15721891E+02,  0.17145006E+02,  0.18616899E+02,  0.20137394E+02,  0.21706310E+02,  0.23323471E+02,  0.24988699E+02,  0.26701826E+02,  0.28462681E+02,  0.30271111E+02,  0.32126961E+02,  0.34030090E+02,  0.35980366E+02,  0.37977669E+02,  0.40021889E+02,  0.42112915E+02,  0.44250660E+02,  0.46435047E+02,  0.48665993E+02,  0.50943447E+02,  0.53267349E+02,  0.55637661E+02,  0.58054348E+02,  0.60517387E+02,  0.63026764E+02,  0.65582474E+02,  0.68184517E+02,  0.70832909E+02,  0.73527672E+02,  0.76268837E+02,  0.79056435E+02,  0.81890526E+02,  0.84771156E+02,  0.87698402E+02,  0.90672325E+02,  0.93693016E+02,  0.96760559E+02,  0.99875061E+02,  0.10303663E+03,  0.10624538E+03,  0.10950143E+03,  0.11280495E+03,  0.11615604E+03,  0.11955488E+03,  0.12300163E+03,  0.12649644E+03,  0.13003951E+03,  0.13363101E+03,  0.13727116E+03,  0.14096014E+03,  0.14469815E+03,  0.14848543E+03,  0.15232219E+03,  0.15620865E+03,  0.16014503E+03,  0.16413159E+03,  0.16816855E+03,  0.17225613E+03,  0.17639459E+03,  0.18058414E+03,  0.18482501E+03,  0.18911743E+03,  0.19346158E+03,  0.19785768E+03,  0.20230589E+03,  0.20680637E+03,  0.21135925E+03
 -0.48750000E+01, -0.16523043E+02, -0.14842209E+02, -0.13343143E+02, -0.12010671E+02, -0.10830661E+02, -0.97899570E+01, -0.88763065E+01, -0.80782976E+01, -0.73852916E+01, -0.67873750E+01, -0.62753000E+01, -0.58404403E+01, -0.54747424E+01, -0.51706886E+01, -0.49212537E+01, -0.47198730E+01, -0.45604086E+01, -0.44371195E+01, -0.43446312E+01, -0.42779121E+01, -0.42322493E+01, -0.42032218E+01, -0.41866846E+01, -0.41787434E+01, -0.41757383E+01, -0.41742263E+01, -0.41709595E+01, -0.41628737E+01, -0.41470685E+01, -0.41207924E+01, -0.40814290E+01, -0.40264802E+01, -0.39535544E+01, -0.38603504E+01, -0.37446470E+01, -0.36042898E+01, -0.34371817E+01, -0.32412746E+01, -0.30145636E+01, -0.27550845E+01, -0.24609158E+01, -0.21301844E+01, -0.17610757E+01, -0.13518494E+01, -0.90085715E+00, -0.40656099E+00,  0.13244842E+00,  0.71743798E+00,  0.13495228E+01,  0.20296633E+01,  0.27586660E+01,  0.35371900E+01,  0.43657570E+01,  0.52447619E+01,  0.61744890E+01,  0.71551242E+01,  0.81867685E+01,  0.92694540E+01,  0.10403154E+02,  0.11587797E+02,  0.12823274E+02,  0.14109447E+02,  0.15446157E+02,  0.16833235E+02,  0.18270500E+02,  0.19757765E+02,  0.21294844E+02,  0.22881554E+02,  0.24517710E+02,  0.26203138E+02,  0.27937672E+02,  0.29721148E+02,  0.31553411E+02,  0.33434322E+02,  0.35363743E+02,  0.37341545E+02,  0.39367619E+02,  0.41441853E+02,  0.43564144E+02,  0.45734409E+02,  0.47952568E+02,  0.50218544E+02,  0.52532276E+02,  0.54893711E+02,  0.57302795E+02,  0.59759495E+02,  0.62263783E+02,  0.64815628E+02,  0.67415024E+02,  0.70061951E+02,  0.72756424E+02,  0.75498451E+02,  0.78288040E+02,  0.81125229E+02,  0.84010040E+02,  0.86942520E+02,  0.89922714E+02,  0.92950691E+02,  0.96026520E+02,  0.99150261E+02,  0.10232201E+03,  0.10554186E+03,  0.10880992E+03,  0.11212630E+03,  0.11549112E+03,  0.11890450E+03,  0.12236660E+03,  0.12587756E+03,  0.12943755E+03,  0.13304671E+03,  0.13670523E+03,  0.14041330E+03,  0.14417111E+03,  0.14797885E+03,  0.15183675E+03,  0.15574500E+03,  0.15970383E+03,  0.16371346E+03,  0.16777409E+03,  0.17188600E+03,  0.17604939E+03,  0.18026448E+03,  0.18453151E+03,  0.18885068E+03,  0.19322223E+03,  0.19764632E+03,  0.20212317E+03,  0.20665294E+03,  0.21123576E+03
 -0.47500000E+01, -0.12943921E+02, -0.11422683E+02, -0.10069894E+02, -0.88715267E+01, -0.78145480E+01, -0.68868413E+01, -0.60771346E+01, -0.53749347E+01, -0.47704644E+01, -0.42546110E+01, -0.38188739E+01, -0.34553196E+01, -0.31565385E+01, -0.29156063E+01, -0.27260489E+01, -0.25818093E+01, -0.24772174E+01, -0.24069626E+01, -0.23660669E+01, -0.23498616E+01, -0.23539648E+01, -0.23742602E+01, -0.24068770E+01, -0.24481719E+01, -0.24947097E+01, -0.25432479E+01, -0.25907190E+01, -0.26342146E+01, -0.26709695E+01, -0.26983461E+01, -0.27138193E+01, -0.27149606E+01, -0.26994233E+01, -0.26649272E+01, -0.26092432E+01, -0.25301802E+01, -0.24255714E+01, -0.22932625E+01, -0.21311042E+01, -0.19369471E+01, -0.17086434E+01, -0.14440558E+01, -0.11410745E+01, -0.79764497E+00, -0.41180071E+00,  0.18299714E-01,  0.49433845E+00,  0.10178126E+01,  0.15900187E+01,  0.22120495E+01,  0.28847971E+01,  0.36089661E+01,  0.43850889E+01,  0.52135453E+01,  0.60945840E+01,  0.70283427E+01,  0.80148687E+01,  0.90541372E+01,  0.10146065E+02,  0.11290525E+02,  0.12487360E+02,  0.13736388E+02,  0.15037416E+02,  0.16390236E+02,  0.17794643E+02,  0.19250429E+02,  0.20757393E+02,  0.22315332E+02,  0.23924059E+02,  0.25583387E+02,  0.27293146E+02,  0.29053167E+02,  0.30863295E+02,  0.32723381E+02,  0.34633293E+02,  0.36592896E+02,  0.38602074E+02,  0.40660713E+02,  0.42768707E+02,  0.44925964E+02,  0.47132397E+02,  0.49387917E+02,  0.51692455E+02,  0.54045948E+02,  0.56448330E+02,  0.58899548E+02,  0.61399559E+02,  0.63948322E+02,  0.66545799E+02,  0.69191978E+02,  0.71886826E+02,  0.74630341E+02,  0.77422508E+02,  0.80263344E+02,  0.83152847E+02,  0.86091049E+02,  0.89077965E+02,  0.92113632E+02,  0.95198097E+02,  0.98331413E+02,  0.10151364E+03,  0.10474486E+03,  0.10802513E+03,  0.11135456E+03,  0.11473324E+03,  0.11816129E+03,  0.12163881E+03,  0.12516594E+03,  0.12874283E+03,  0.13236961E+03,  0.13604645E+03,  0.13977353E+03,  0.14355099E+03,  0.14737907E+03,  0.15125792E+03,  0.15518777E+03,  0.15916882E+03,  0.16320128E+03,  0.16728540E+03,  0.17142137E+03,  0.17560945E+03,  0.17984985E+03,  0.18414282E+03,  0.18848857E+03,  0.19288734E+03,  0.19733934E+03,  0.20184479E+03,  0.20640385E+03,  0.21101674E+03
 -0.46250000E+01, -0.86247873E+01, -0.73287196E+01, -0.61826258E+01, -0.51740685E+01, -0.42915111E+01, -0.35242395E+01, -0.28622906E+01, -0.22963889E+01, -0.18178902E+01, -0.14187309E+01, -0.10913817E+01, -0.82880729E+00, -0.62442803E+00, -0.47208580E+00, -0.36601326E+00, -0.30080467E+00, -0.27139005E+00, -0.27301088E+00, -0.30119723E+00, -0.35174754E+00, -0.42070839E+00, -0.50435656E+00, -0.59918159E+00, -0.70186907E+00, -0.80928463E+00, -0.91845882E+00, -0.10265716E+01, -0.11309377E+01, -0.12289913E+01, -0.13182708E+01, -0.13964040E+01, -0.14610916E+01, -0.15100904E+01, -0.15411968E+01, -0.15522285E+01, -0.15410062E+01, -0.15053350E+01, -0.14429872E+01, -0.13516856E+01, -0.12290927E+01, -0.10728061E+01, -0.88036549E+00, -0.64927739E+00, -0.37705973E+00, -0.61306108E-01,  0.30023950E+00,  0.70961553E+00,  0.11685941E+01,  0.16786599E+01,  0.22410140E+01,  0.28565884E+01,  0.35260706E+01,  0.42499309E+01,  0.50284562E+01,  0.58617849E+01,  0.67499366E+01,  0.76928396E+01,  0.86903553E+01,  0.97422962E+01,  0.10848443E+02,  0.12008554E+02,  0.13222378E+02,  0.14489660E+02,  0.15810148E+02,  0.17183596E+02,  0.18609762E+02,  0.20088421E+02,  0.21619356E+02,  0.23202366E+02,  0.24837254E+02,  0.26523844E+02,  0.28261963E+02,  0.30051455E+02,  0.31892168E+02,  0.33783970E+02,  0.35726723E+02,  0.37720306E+02,  0.39764610E+02,  0.41859524E+02,  0.44004944E+02,  0.46200779E+02,  0.48446938E+02,  0.50743340E+02,  0.53089905E+02,  0.55486557E+02,  0.57933239E+02,  0.60429882E+02,  0.62976429E+02,  0.65572838E+02,  0.68219055E+02,  0.70915039E+02,  0.73660774E+02,  0.76456215E+02,  0.79301353E+02,  0.82196175E+02,  0.85140671E+02,  0.88134850E+02,  0.91178719E+02,  0.94272301E+02,  0.97415619E+02,  0.10060872E+03,  0.10385165E+03,  0.10714445E+03,  0.11048721E+03,  0.11387998E+03,  0.11732288E+03,  0.12081598E+03,  0.12435941E+03,  0.12795328E+03,  0.13159772E+03,  0.13529288E+03,  0.13903893E+03,  0.14283600E+03,  0.14668428E+03,  0.15058397E+03,  0.15453525E+03,  0.15853835E+03,  0.16259344E+03,  0.16670079E+03,  0.17086061E+03,  0.17507312E+03,  0.17933861E+03,  0.18365727E+03,  0.18802937E+03,  0.19245517E+03,  0.19693491E+03,  0.20146881E+03,  0.20605713E+03,  0.21070006E+03
 -0.45000000E+01, -0.36508119E+01, -0.26381235E+01, -0.17522535E+01, -0.98279393E+00, -0.32009348E+00,  0.24481483E+00,  0.72027802E+00,  0.11140783E+01,  0.14334816E+01,  0.16852801E+01,  0.18758312E+01,  0.20110905E+01,  0.20966427E+01,  0.21377301E+01,  0.21392765E+01,  0.21059110E+01,  0.20419884E+01,  0.19516095E+01,  0.18386382E+01,  0.17067188E+01,  0.15592914E+01,  0.13996069E+01,  0.12307414E+01,  0.10556093E+01,  0.87697732E+00,  0.69747663E+00,  0.51961654E+00,  0.34579769E+00,  0.17832503E+00,  0.19422520E-01, -0.12875220E+00, -0.26409176E+00, -0.38452139E+00, -0.48797962E+00, -0.57239717E+00, -0.63567257E+00, -0.67564619E+00, -0.69007134E+00, -0.67658383E+00, -0.63267243E+00, -0.55565393E+00, -0.44266289E+00, -0.29066831E+00, -0.96540011E-01,  0.14281787E+00,  0.43030319E+00,  0.76846772E+00,  0.11594218E+01,  0.16048144E+01,  0.21058919E+01,  0.26635392E+01,  0.32783170E+01,  0.39505126E+01,  0.46801996E+01,  0.54672928E+01,  0.63115954E+01,  0.72128363E+01,  0.81706953E+01,  0.91848269E+01,  0.10254875E+02,  0.11380483E+02,  0.12561303E+02,  0.13797004E+02,  0.15087271E+02,  0.16431808E+02,  0.17830343E+02,  0.19282621E+02,  0.20788406E+02,  0.22347486E+02,  0.23959658E+02,  0.25624737E+02,  0.27342556E+02,  0.29112957E+02,  0.30935791E+02,  0.32810925E+02,  0.34738220E+02,  0.36717567E+02,  0.38748844E+02,  0.40831940E+02,  0.42966755E+02,  0.45153187E+02,  0.47391144E+02,  0.49680531E+02,  0.52021259E+02,  0.54413246E+02,  0.56856415E+02,  0.59350681E+02,  0.61895981E+02,  0.64492241E+02,  0.67139397E+02,  0.69837387E+02,  0.72586159E+02,  0.75385674E+02,  0.78235878E+02,  0.81136734E+02,  0.84088219E+02,  0.87090317E+02,  0.90142998E+02,  0.93246269E+02,  0.96400124E+02,  0.99604584E+02,  0.10285967E+03,  0.10616542E+03,  0.10952187E+03,  0.11292906E+03,  0.11638708E+03,  0.11989601E+03,  0.12345592E+03,  0.12706693E+03,  0.13072914E+03,  0.13444269E+03,  0.13820770E+03,  0.14202437E+03,  0.14589281E+03,  0.14981323E+03,  0.15378581E+03,  0.15781078E+03,  0.16188832E+03,  0.16601868E+03,  0.17020209E+03,  0.17443878E+03,  0.17872905E+03,  0.18307312E+03,  0.18747130E+03,  0.19192384E+03,  0.19643103E+03,  0.20099315E+03,  0.20561049E+03,  0.21028331E+03
 -0.43750000E+01,  0.18709831E+01,  0.25515599E+01,  0.31324289E+01,  0.36215665E+01,  0.40263920E+01,  0.43538227E+01,  0.46103263E+01,  0.48019586E+01,  0.49343996E+01,  0.50129876E+01,  0.50427418E+01,  0.50283895E+01,  0.49743876E+01,  0.48849392E+01,  0.47640147E+01,  0.46153646E+01,  0.44425364E+01,  0.42488866E+01,  0.40375948E+01,  0.38116736E+01,  0.35739810E+01,  0.33272312E+01,  0.30740035E+01,  0.28167541E+01,  0.25578246E+01,  0.22994528E+01,  0.20437822E+01,  0.17928731E+01,  0.15487140E+01,  0.13132331E+01,  0.10883120E+01,  0.87580103E+00,  0.67753655E+00,  0.49536079E+00,  0.33114648E+00,  0.18682511E+00,  0.64422250E-01, -0.33899795E-01, -0.10578962E+00, -0.14864351E+00, -0.15953152E+00, -0.13511883E+00, -0.71605004E-01,  0.35247162E-01,  0.18978462E+00,  0.39604595E+00,  0.65741229E+00,  0.97638142E+00,  0.13545504E+01,  0.17930541E+01,  0.22925861E+01,  0.28533993E+01,  0.34753833E+01,  0.41582003E+01,  0.49013762E+01,  0.57043705E+01,  0.65666142E+01,  0.74875345E+01,  0.84665737E+01,  0.95031986E+01,  0.10596912E+02,  0.11747252E+02,  0.12953798E+02,  0.14216169E+02,  0.15534021E+02,  0.16907047E+02,  0.18334970E+02,  0.19817545E+02,  0.21354546E+02,  0.22945776E+02,  0.24591051E+02,  0.26290209E+02,  0.28043098E+02,  0.29849575E+02,  0.31709513E+02,  0.33622787E+02,  0.35589279E+02,  0.37608879E+02,  0.39681477E+02,  0.41806965E+02,  0.43985249E+02,  0.46216221E+02,  0.48499783E+02,  0.50835838E+02,  0.53224297E+02,  0.55665054E+02,  0.58158031E+02,  0.60703129E+02,  0.63300262E+02,  0.65949348E+02,  0.68650307E+02,  0.71403061E+02,  0.74207542E+02,  0.77063675E+02,  0.79971405E+02,  0.82930672E+02,  0.85941437E+02,  0.89003654E+02,  0.92117287E+02,  0.95282326E+02,  0.98498741E+02,  0.10176654E+03,  0.10508573E+03,  0.10845633E+03,  0.11187836E+03,  0.11535188E+03,  0.11887694E+03,  0.12245361E+03,  0.12608197E+03,  0.12976212E+03,  0.13349417E+03,  0.13727826E+03,  0.14111450E+03,  0.14500310E+03,  0.14894418E+03,  0.15293796E+03,  0.15698462E+03,  0.16108441E+03,  0.16523753E+03,  0.16944424E+03,  0.17370482E+03,  0.17801953E+03,  0.18238866E+03,  0.18681250E+03,  0.19129138E+03,  0.19582562E+03,  0.20041556E+03,  0.20506152E+03,  0.20976385E+03
 -0.42500000E+01,  0.78150105E+01,  0.81261597E+01,  0.83676710E+01,  0.85447741E+01,  0.86623878E+01,  0.87251539E+01,  0.87374611E+01,  0.87034693E+01,  0.86271210E+01,  0.85121660E+01,  0.83621683E+01,  0.81805201E+01,  0.79704518E+01,  0.77350430E+01,  0.74772301E+01,  0.71998134E+01,  0.69054651E+01,  0.65967374E+01,  0.62760663E+01,  0.59457803E+01,  0.56081052E+01,  0.52651691E+01,  0.49190102E+01,  0.45715809E+01,  0.42247539E+01,  0.38803303E+01,  0.35400436E+01,  0.32055683E+01,  0.28785284E+01,  0.25605047E+01,  0.22530465E+01,  0.19576839E+01,  0.16759424E+01,  0.14093609E+01,  0.11595150E+01,  0.92804635E+00,  0.71670097E+00,  0.52738005E+00,  0.36220962E+00,  0.22363849E+00,  0.11458224E+00,  0.38648311E-01,  0.51993359E-03,  0.66787116E-02,  0.64162441E-01,  0.17933863E+00,  0.35716993E+00,  0.60056698E+00,  0.90953326E+00,  0.12850041E+01,  0.17274660E+01,  0.22365813E+01,  0.28113654E+01,  0.34507418E+01,  0.41536169E+01,  0.49189644E+01,  0.57458329E+01,  0.66333404E+01,  0.75806766E+01,  0.85871096E+01,  0.96519842E+01,  0.10774722E+02,  0.11954818E+02,  0.13191832E+02,  0.14485383E+02,  0.15835141E+02,  0.17240822E+02,  0.18702181E+02,  0.20218998E+02,  0.21791088E+02,  0.23418283E+02,  0.25100433E+02,  0.26837400E+02,  0.28629059E+02,  0.30475294E+02,  0.32375992E+02,  0.34331043E+02,  0.36340347E+02,  0.38403793E+02,  0.40521286E+02,  0.42692715E+02,  0.44917980E+02,  0.47196972E+02,  0.49529591E+02,  0.51915726E+02,  0.54355270E+02,  0.56848118E+02,  0.59394157E+02,  0.61993286E+02,  0.64645401E+02,  0.67350388E+02,  0.70108162E+02,  0.72918610E+02,  0.75781654E+02,  0.78697197E+02,  0.81665154E+02,  0.84685455E+02,  0.87758026E+02,  0.90882812E+02,  0.94059769E+02,  0.97288841E+02,  0.10057001E+03,  0.10390324E+03,  0.10728855E+03,  0.11072593E+03,  0.11421540E+03,  0.11775699E+03,  0.12135076E+03,  0.12499677E+03,  0.12869508E+03,  0.13244583E+03,  0.13624908E+03,  0.14010501E+03,  0.14401373E+03,  0.14797543E+03,  0.15199030E+03,  0.15605852E+03,  0.16018033E+03,  0.16435594E+03,  0.16858566E+03,  0.17286974E+03,  0.17720847E+03,  0.18160219E+03,  0.18605121E+03,  0.19055591E+03,  0.19511664E+03,  0.19973378E+03,  0.20440776E+03,  0.20913898E+03
 -0.41250000E+01,  0.14041672E+02,  0.13959026E+02,  0.13838537E+02,  0.13682507E+02,  0.13493206E+02,  0.13272874E+02,  0.13023714E+02,  0.12747892E+02,  0.12447537E+02,  0.12124737E+02,  0.11781533E+02,  0.11419927E+02,  0.11041872E+02,  0.10649276E+02,  0.10243997E+02,  0.98278456E+01,  0.94025822E+01,  0.89699183E+01,  0.85315161E+01,  0.80889874E+01,  0.76438942E+01,  0.71977530E+01,  0.67520299E+01,  0.63081465E+01,  0.58674788E+01,  0.54313612E+01,  0.50010877E+01,  0.45779138E+01,  0.41630635E+01,  0.37577307E+01,  0.33630874E+01,  0.29802887E+01,  0.26104848E+01,  0.22548311E+01,  0.19145050E+01,  0.15907276E+01,  0.12847923E+01,  0.99810404E+00,  0.73223335E+00,  0.48898858E+00,  0.27051005E+00,  0.79380259E-01, -0.81288897E-01, -0.19843292E+00, -0.25808713E+00, -0.24905704E+00, -0.16262203E+00,  0.74088806E-02,  0.24612594E+00,  0.55905247E+00,  0.94774354E+00,  0.14106373E+01,  0.19439417E+01,  0.25455816E+01,  0.32135594E+01,  0.39463351E+01,  0.47426019E+01,  0.56011596E+01,  0.65209379E+01,  0.75010004E+01,  0.85405464E+01,  0.96388998E+01,  0.10795494E+02,  0.12009858E+02,  0.13281601E+02,  0.14610400E+02,  0.15995986E+02,  0.17438135E+02,  0.18936661E+02,  0.20491404E+02,  0.22102221E+02,  0.23768997E+02,  0.25491617E+02,  0.27269985E+02,  0.29104002E+02,  0.30993572E+02,  0.32938606E+02,  0.34939011E+02,  0.36994690E+02,  0.39105541E+02,  0.41271461E+02,  0.43492348E+02,  0.45768089E+02,  0.48098568E+02,  0.50483669E+02,  0.52923271E+02,  0.55417244E+02,  0.57965466E+02,  0.60567810E+02,  0.63224144E+02,  0.65934341E+02,  0.68698273E+02,  0.71515816E+02,  0.74386848E+02,  0.77311256E+02,  0.80288925E+02,  0.83319748E+02,  0.86403625E+02,  0.89540466E+02,  0.92730194E+02,  0.95972733E+02,  0.99268021E+02,  0.10261602E+03,  0.10601669E+03,  0.10947001E+03,  0.11297597E+03,  0.11653458E+03,  0.12014587E+03,  0.12380988E+03,  0.12752667E+03,  0.13129633E+03,  0.13511894E+03,  0.13899464E+03,  0.14292355E+03,  0.14690584E+03,  0.15094168E+03,  0.15503128E+03,  0.15917487E+03,  0.16337270E+03,  0.16762503E+03,  0.17193217E+03,  0.17629445E+03,  0.18071217E+03,  0.18518576E+03,  0.18971556E+03,  0.19430203E+03,  0.19894560E+03,  0.20364674E+03,  0.20840594E+03
 -0.40000000E+01,  0.20403040E+02,  0.19916069E+02,  0.19423389E+02,  0.18924370E+02,  0.18418621E+02,  0.17905973E+02,  0.17386442E+02,  0.16860195E+02,  0.16327541E+02,  0.15788900E+02,  0.15244795E+02,  0.14695827E+02,  0.14142668E+02,  0.13586049E+02,  0.13026746E+02,  0.12465573E+02,  0.11903375E+02,  0.11341014E+02,  0.10779371E+02,  0.10219336E+02,  0.96617985E+01,  0.91076546E+01,  0.85577898E+01,  0.80130854E+01,  0.74744081E+01,  0.69426146E+01,  0.64185438E+01,  0.59030180E+01,  0.53968410E+01,  0.49007988E+01,  0.44156561E+01,  0.39421606E+01,  0.34810433E+01,  0.30330198E+01,  0.25987959E+01,  0.21790731E+01,  0.17745589E+01,  0.13859801E+01,  0.10141071E+01,  0.65979087E+00,  0.32402954E+00,  0.80929939E-02, -0.28622183E+00, -0.53681135E+00, -0.72671050E+00, -0.84270239E+00, -0.87482232E+00, -0.81638241E+00, -0.66463053E+00, -0.41715589E+00, -0.74401833E-01,  0.35768554E+00,  0.85884207E+00,  0.14317003E+01,  0.20720546E+01,  0.27786431E+01,  0.35502498E+01,  0.43852830E+01,  0.52823968E+01,  0.62404609E+01,  0.72585683E+01,  0.83359976E+01,  0.94721775E+01,  0.10666663E+02,  0.11919104E+02,  0.13229224E+02,  0.14596813E+02,  0.16021700E+02,  0.17503754E+02,  0.19042866E+02,  0.20638947E+02,  0.22291922E+02,  0.24001722E+02,  0.25768280E+02,  0.27591532E+02,  0.29471411E+02,  0.31407843E+02,  0.33400749E+02,  0.35450050E+02,  0.37555649E+02,  0.39717449E+02,  0.41935337E+02,  0.44209202E+02,  0.46538914E+02,  0.48924347E+02,  0.51365360E+02,  0.53861809E+02,  0.56413551E+02,  0.59020428E+02,  0.61682289E+02,  0.64398979E+02,  0.67170341E+02,  0.69996216E+02,  0.72876450E+02,  0.75810905E+02,  0.78799423E+02,  0.81841873E+02,  0.84938118E+02,  0.88088036E+02,  0.91291504E+02,  0.94548431E+02,  0.97858727E+02,  0.10122230E+03,  0.10463908E+03,  0.10810904E+03,  0.11163213E+03,  0.11520834E+03,  0.11883765E+03,  0.12252011E+03,  0.12625574E+03,  0.13004460E+03,  0.13388680E+03,  0.13778239E+03,  0.14173155E+03,  0.14573441E+03,  0.14979114E+03,  0.15390195E+03,  0.15806708E+03,  0.16228676E+03,  0.16656131E+03,  0.17089101E+03,  0.17527621E+03,  0.17971730E+03,  0.18421466E+03,  0.18876874E+03,  0.19338002E+03,  0.19804898E+03,  0.20277617E+03,  0.20756216E+03
 -0.38750000E+01,  0.26749249E+02,  0.25861343E+02,  0.24998812E+02,  0.24158241E+02,  0.23336731E+02,  0.22531815E+02,  0.21741415E+02,  0.20963795E+02,  0.20197514E+02,  0.19441393E+02,  0.18694485E+02,  0.17956043E+02,  0.17225506E+02,  0.16502459E+02,  0.15786633E+02,  0.15077874E+02,  0.14376133E+02,  0.13681451E+02,  0.12993943E+02,  0.12313794E+02,  0.11641241E+02,  0.10976564E+02,  0.10320084E+02,  0.96721468E+01,  0.90331202E+01,  0.84033871E+01,  0.77833357E+01,  0.71733575E+01,  0.65738373E+01,  0.59851499E+01,  0.54076519E+01,  0.48416758E+01,  0.42875233E+01,  0.37454553E+01,  0.32156835E+01,  0.26983569E+01,  0.21935458E+01,  0.17012212E+01,  0.12212241E+01,  0.75322270E+00,  0.29664809E+00, -0.14941056E+00, -0.57537961E+00, -0.95638269E+00, -0.12738870E+01, -0.15138420E+01, -0.16657679E+01, -0.17223101E+01, -0.16785687E+01, -0.15310806E+01, -0.12777958E+01, -0.91868305E+00, -0.45659474E+00,  0.10416302E+00,  0.72325712E+00,  0.14097848E+01,  0.21640778E+01,  0.29820020E+01,  0.38620474E+01,  0.48028779E+01,  0.58036151E+01,  0.68636122E+01,  0.79824071E+01,  0.91596680E+01,  0.10395160E+02,  0.11688721E+02,  0.13040240E+02,  0.14449646E+02,  0.15916894E+02,  0.17441956E+02,  0.19024813E+02,  0.20665451E+02,  0.22363859E+02,  0.24120018E+02,  0.25933901E+02,  0.27805475E+02,  0.29734695E+02,  0.31721504E+02,  0.33765827E+02,  0.35867588E+02,  0.38026684E+02,  0.40243004E+02,  0.42516426E+02,  0.44846817E+02,  0.47234028E+02,  0.49677906E+02,  0.52178280E+02,  0.54734985E+02,  0.57347836E+02,  0.60016647E+02,  0.62741241E+02,  0.65521416E+02,  0.68356995E+02,  0.71247780E+02,  0.74193581E+02,  0.77194229E+02,  0.80249542E+02,  0.83359352E+02,  0.86523491E+02,  0.89741814E+02,  0.93014175E+02,  0.96340454E+02,  0.99720535E+02,  0.10315432E+03,  0.10664172E+03,  0.11018267E+03,  0.11377713E+03,  0.11742507E+03,  0.12112649E+03,  0.12488139E+03,  0.12868982E+03,  0.13255185E+03,  0.13646754E+03,  0.14043706E+03,  0.14446048E+03,  0.14853802E+03,  0.15266988E+03,  0.15685625E+03,  0.16109743E+03,  0.16539369E+03,  0.16974538E+03,  0.17415283E+03,  0.17861649E+03,  0.18313673E+03,  0.18771408E+03,  0.19234903E+03,  0.19704214E+03,  0.20179402E+03,  0.20660532E+03
 -0.37500000E+01,  0.32934963E+02,  0.31662701E+02,  0.30444555E+02,  0.29274656E+02,  0.28147844E+02,  0.27059589E+02,  0.26005917E+02,  0.24983345E+02,  0.23988832E+02,  0.23019730E+02,  0.22073732E+02,  0.21148848E+02,  0.20243359E+02,  0.19355795E+02,  0.18484901E+02,  0.17629625E+02,  0.16789074E+02,  0.15962517E+02,  0.15149352E+02,  0.14349094E+02,  0.13561362E+02,  0.12785860E+02,  0.12022367E+02,  0.11270723E+02,  0.10530822E+02,  0.98025961E+01,  0.90860043E+01,  0.83810291E+01,  0.76876564E+01,  0.70058722E+01,  0.63356462E+01,  0.56769209E+01,  0.50295963E+01,  0.43935122E+01,  0.37684264E+01,  0.31539886E+01,  0.25497036E+01,  0.19548850E+01,  0.13685887E+01,  0.78951770E+00,  0.21588542E+00, -0.35478413E+00, -0.90256733E+00, -0.14012421E+01, -0.18316510E+01, -0.21794899E+01, -0.24355938E+01, -0.25951307E+01, -0.26558001E+01, -0.26159868E+01, -0.24735873E+01, -0.22258227E+01, -0.18701155E+01, -0.14058710E+01, -0.83765584E+00, -0.17035054E+00,  0.58282733E+00,  0.13906354E+01,  0.22599254E+01,  0.31881874E+01,  0.41753621E+01,  0.52210546E+01,  0.63250999E+01,  0.74874015E+01,  0.87079306E+01,  0.99867048E+01,  0.11323771E+02,  0.12719195E+02,  0.14173053E+02,  0.15685422E+02,  0.17256376E+02,  0.18885983E+02,  0.20574295E+02,  0.22321352E+02,  0.24127180E+02,  0.25991781E+02,  0.27915140E+02,  0.29897226E+02,  0.31937981E+02,  0.34037331E+02,  0.36195179E+02,  0.38411415E+02,  0.40685902E+02,  0.43018494E+02,  0.45409027E+02,  0.47857319E+02,  0.50363178E+02,  0.52926411E+02,  0.55546795E+02,  0.58224121E+02,  0.60958157E+02,  0.63748684E+02,  0.66595467E+02,  0.69498283E+02,  0.72456902E+02,  0.75471100E+02,  0.78540657E+02,  0.81665359E+02,  0.84845016E+02,  0.88079422E+02,  0.91368408E+02,  0.94711800E+02,  0.98109444E+02,  0.10156121E+03,  0.10506697E+03,  0.10862663E+03,  0.11224012E+03,  0.11590736E+03,  0.11962834E+03,  0.12340304E+03,  0.12723146E+03,  0.13111366E+03,  0.13504970E+03,  0.13903967E+03,  0.14308372E+03,  0.14718201E+03,  0.15133470E+03,  0.15554204E+03,  0.15980431E+03,  0.16412178E+03,  0.16849480E+03,  0.17292374E+03,  0.17740904E+03,  0.18195116E+03,  0.18655060E+03,  0.19120792E+03,  0.19592372E+03,  0.20069868E+03,  0.20553351E+03
 -0.36250000E+01,  0.38825294E+02,  0.37196972E+02,  0.35648140E+02,  0.34170876E+02,  0.32758121E+02,  0.31403584E+02,  0.30101658E+02,  0.28847355E+02,  0.27636236E+02,  0.26464355E+02,  0.25328215E+02,  0.24224712E+02,  0.23151110E+02,  0.22104984E+02,  0.21084204E+02,  0.20086899E+02,  0.19111423E+02,  0.18156345E+02,  0.17220409E+02,  0.16302526E+02,  0.15401750E+02,  0.14517256E+02,  0.13648333E+02,  0.12794358E+02,  0.11954791E+02,  0.11129152E+02,  0.10317012E+02,  0.95179796E+01,  0.87316828E+01,  0.79577584E+01,  0.71958361E+01,  0.64455175E+01,  0.57063613E+01,  0.49778576E+01,  0.42594013E+01,  0.35502613E+01,  0.28495367E+01,  0.21561055E+01,  0.14685545E+01,  0.78508270E+00,  0.10335821E+00, -0.57971495E+00, -0.12331257E+01, -0.18297912E+01, -0.23493855E+01, -0.27785683E+01, -0.31115961E+01, -0.33484321E+01, -0.34916940E+01, -0.35439117E+01, -0.35058804E+01, -0.33759389E+01, -0.31498859E+01, -0.28214335E+01, -0.23835089E+01, -0.18306156E+01, -0.11625226E+01, -0.38693306E+00,  0.48194274E+00,  0.13994223E+01,  0.23759511E+01,  0.34094188E+01,  0.45005336E+01,  0.56494250E+01,  0.68563623E+01,  0.81215916E+01,  0.94453583E+01,  0.10827901E+02,  0.12269441E+02,  0.13770182E+02,  0.15330305E+02,  0.16949972E+02,  0.18629313E+02,  0.20368433E+02,  0.22167410E+02,  0.24026293E+02,  0.25945099E+02,  0.27923817E+02,  0.29962408E+02,  0.32060802E+02,  0.34218906E+02,  0.36436600E+02,  0.38713734E+02,  0.41050144E+02,  0.43445641E+02,  0.45900017E+02,  0.48413052E+02,  0.50984509E+02,  0.53614132E+02,  0.56301674E+02,  0.59046856E+02,  0.61849419E+02,  0.64709084E+02,  0.67625572E+02,  0.70598610E+02,  0.73627937E+02,  0.76713280E+02,  0.79854378E+02,  0.83050987E+02,  0.86302872E+02,  0.89609802E+02,  0.92971573E+02,  0.96387978E+02,  0.99858841E+02,  0.10338402E+03,  0.10696335E+03,  0.11059674E+03,  0.11428408E+03,  0.11802531E+03,  0.12182040E+03,  0.12566932E+03,  0.12957208E+03,  0.13352875E+03,  0.13753940E+03,  0.14160413E+03,  0.14572308E+03,  0.14989647E+03,  0.15412448E+03,  0.15840739E+03,  0.16274551E+03,  0.16713918E+03,  0.17158878E+03,  0.17609473E+03,  0.18065756E+03,  0.18527777E+03,  0.18995598E+03,  0.19469283E+03,  0.19948903E+03,  0.20434535E+03
 -0.35000000E+01,  0.44300587E+02,  0.42354298E+02,  0.40508739E+02,  0.38754402E+02,  0.37082733E+02,  0.35486034E+02,  0.33957386E+02,  0.32490562E+02,  0.31079966E+02,  0.29720585E+02,  0.28407917E+02,  0.27137926E+02,  0.25907007E+02,  0.24711927E+02,  0.23549805E+02,  0.22418068E+02,  0.21314423E+02,  0.20236824E+02,  0.19183455E+02,  0.18152697E+02,  0.17143110E+02,  0.16153414E+02,  0.15182462E+02,  0.14229229E+02,  0.13292793E+02,  0.12372317E+02,  0.11467036E+02,  0.10576234E+02,  0.96992359E+01,  0.88353853E+01,  0.79840288E+01,  0.71444983E+01,  0.63160863E+01,  0.54980249E+01,  0.46894584E+01,  0.38894112E+01,  0.30967534E+01,  0.23101611E+01,  0.15280758E+01,  0.74867237E+00, -0.30141069E-01, -0.81032467E+00, -0.15508903E+01, -0.22237132E+01, -0.28080115E+01, -0.32933285E+01, -0.36791298E+01, -0.39712503E+01, -0.41767898E+01, -0.43007474E+01, -0.43456044E+01, -0.43117204E+01, -0.41975498E+01, -0.39993668E+01, -0.37104599E+01, -0.33204691E+01, -0.28170483E+01, -0.21898994E+01, -0.14361875E+01, -0.56422031E+00,  0.41049355E+00,  0.14307661E+01,  0.25099683E+01,  0.36459641E+01,  0.48398895E+01,  0.60921297E+01,  0.74031763E+01,  0.87734470E+01,  0.10203325E+02,  0.11693151E+02,  0.13243223E+02,  0.14853801E+02,  0.16525097E+02,  0.18257288E+02,  0.20050508E+02,  0.21904844E+02,  0.23820353E+02,  0.25797039E+02,  0.27834881E+02,  0.29933809E+02,  0.32093723E+02,  0.34314495E+02,  0.36595951E+02,  0.38937908E+02,  0.41340141E+02,  0.43802410E+02,  0.46324451E+02,  0.48905987E+02,  0.51546719E+02,  0.54246346E+02,  0.57004547E+02,  0.59821003E+02,  0.62695389E+02,  0.65627373E+02,  0.68616631E+02,  0.71662842E+02,  0.74765678E+02,  0.77924843E+02,  0.81140022E+02,  0.84410934E+02,  0.87737297E+02,  0.91118858E+02,  0.94555367E+02,  0.98046600E+02,  0.10159236E+03,  0.10519247E+03,  0.10884676E+03,  0.11255510E+03,  0.11631739E+03,  0.12013356E+03,  0.12400356E+03,  0.12792738E+03,  0.13190503E+03,  0.13593657E+03,  0.14002209E+03,  0.14416173E+03,  0.14835564E+03,  0.15260403E+03,  0.15690718E+03,  0.16126535E+03,  0.16567892E+03,  0.17014825E+03,  0.17467381E+03,  0.17925610E+03,  0.18389568E+03,  0.18859315E+03,  0.19334921E+03,  0.19816460E+03,  0.20304015E+03
 -0.33750000E+01,  0.49259888E+02,  0.47041351E+02,  0.44940174E+02,  0.42945747E+02,  0.41048431E+02,  0.39239498E+02,  0.37511036E+02,  0.35855888E+02,  0.34267586E+02,  0.32740269E+02,  0.31268658E+02,  0.29847982E+02,  0.28473944E+02,  0.27142666E+02,  0.25850658E+02,  0.24594784E+02,  0.23372213E+02,  0.22180410E+02,  0.21017090E+02,  0.19880198E+02,  0.18767887E+02,  0.17678493E+02,  0.16610514E+02,  0.15562587E+02,  0.14533476E+02,  0.13522049E+02,  0.12527262E+02,  0.11548140E+02,  0.10583762E+02,  0.96332445E+01,  0.86957207E+01,  0.77703214E+01,  0.68561583E+01,  0.59522972E+01,  0.50577354E+01,  0.41713738E+01,  0.32919846E+01,  0.24181743E+01,  0.15483441E+01,  0.68063807E+00, -0.18712632E+00, -0.10471085E+01, -0.18569889E+01, -0.25869622E+01, -0.32176991E+01, -0.37439032E+01, -0.41723800E+01, -0.45139084E+01, -0.47760868E+01, -0.49634652E+01, -0.50786371E+01, -0.51226139E+01, -0.50949712E+01, -0.49939003E+01, -0.48161602E+01, -0.45569835E+01, -0.42097621E+01, -0.37643390E+01, -0.32044015E+01, -0.25128355E+01, -0.16818491E+01, -0.71972567E+00,  0.35642979E+00,  0.14770344E+01,  0.26580434E+01,  0.38970149E+01,  0.51953020E+01,  0.65533733E+01,  0.79717965E+01,  0.94510431E+01,  0.10991529E+02,  0.12593610E+02,  0.14257584E+02,  0.15983694E+02,  0.17772127E+02,  0.19623016E+02,  0.21536438E+02,  0.23512424E+02,  0.25550951E+02,  0.27651953E+02,  0.29815313E+02,  0.32040878E+02,  0.34328461E+02,  0.36677822E+02,  0.39088715E+02,  0.41560841E+02,  0.44093899E+02,  0.46687550E+02,  0.49341446E+02,  0.52055222E+02,  0.54828510E+02,  0.57660923E+02,  0.60552074E+02,  0.63501575E+02,  0.66509041E+02,  0.69574089E+02,  0.72696335E+02,  0.75875412E+02,  0.79110954E+02,  0.82402626E+02,  0.85750092E+02,  0.89153030E+02,  0.92611153E+02,  0.96124176E+02,  0.99691856E+02,  0.10331396E+03,  0.10699029E+03,  0.11072066E+03,  0.11450494E+03,  0.11834300E+03,  0.12223477E+03,  0.12618021E+03,  0.13017928E+03,  0.13423203E+03,  0.13833852E+03,  0.14249886E+03,  0.14671318E+03,  0.15098169E+03,  0.15530463E+03,  0.15968227E+03,  0.16411497E+03,  0.16860310E+03,  0.17314714E+03,  0.17774757E+03,  0.18240498E+03,  0.18711998E+03,  0.19189328E+03,  0.19672568E+03,  0.20161800E+03
 -0.32500000E+01,  0.53623081E+02,  0.51183449E+02,  0.48872990E+02,  0.46680412E+02,  0.44595409E+02,  0.42608585E+02,  0.40711384E+02,  0.38896019E+02,  0.37155407E+02,  0.35483124E+02,  0.33873325E+02,  0.32320721E+02,  0.30820513E+02,  0.29368349E+02,  0.27960297E+02,  0.26592791E+02,  0.25262606E+02,  0.23966829E+02,  0.22702822E+02,  0.21468195E+02,  0.20260788E+02,  0.19078640E+02,  0.17919971E+02,  0.16783163E+02,  0.15666733E+02,  0.14569322E+02,  0.13489675E+02,  0.12426620E+02,  0.11379061E+02,  0.10345947E+02,  0.93262672E+01,  0.83190269E+01,  0.73232336E+01,  0.63378725E+01,  0.53618908E+01,  0.43941712E+01,  0.34335093E+01,  0.24785831E+01,  0.15279211E+01,  0.57986695E+00, -0.36745921E+00, -0.12951515E+01, -0.21611190E+01, -0.29352653E+01, -0.36024649E+01, -0.41653824E+01, -0.46375289E+01, -0.50293088E+01, -0.53472385E+01, -0.55956702E+01, -0.57769828E+01, -0.58919296E+01, -0.59400821E+01, -0.59201536E+01, -0.58301735E+01, -0.56675043E+01, -0.54286304E+01, -0.51085854E+01, -0.47003565E+01, -0.41947036E+01, -0.35769918E+01, -0.28234510E+01, -0.19176313E+01, -0.86635584E+00,  0.31165391E+00,  0.15340984E+01,  0.28194363E+01,  0.41647563E+01,  0.55715079E+01,  0.70401340E+01,  0.85711889E+01,  0.10165114E+02,  0.11822289E+02,  0.13543015E+02,  0.15327531E+02,  0.17176004E+02,  0.19088535E+02,  0.21065163E+02,  0.23105865E+02,  0.25210556E+02,  0.27379103E+02,  0.29611319E+02,  0.31906965E+02,  0.34265774E+02,  0.36687428E+02,  0.39171581E+02,  0.41717869E+02,  0.44325886E+02,  0.46995224E+02,  0.49725445E+02,  0.52516109E+02,  0.55366764E+02,  0.58276955E+02,  0.61246220E+02,  0.64274109E+02,  0.67360161E+02,  0.70503937E+02,  0.73704994E+02,  0.76962906E+02,  0.80277275E+02,  0.83647690E+02,  0.87073784E+02,  0.90555206E+02,  0.94091614E+02,  0.97682709E+02,  0.10132821E+03,  0.10502785E+03,  0.10878143E+03,  0.11258873E+03,  0.11644962E+03,  0.12036395E+03,  0.12433167E+03,  0.12835269E+03,  0.13242705E+03,  0.13655473E+03,  0.14073586E+03,  0.14497054E+03,  0.14925893E+03,  0.15360126E+03,  0.15799779E+03,  0.16244887E+03,  0.16695486E+03,  0.17151622E+03,  0.17613344E+03,  0.18080708E+03,  0.18553780E+03,  0.19032628E+03,  0.19517334E+03,  0.20007983E+03
 -0.31250000E+01,  0.57331917E+02,  0.54725723E+02,  0.52255646E+02,  0.49910118E+02,  0.47678539E+02,  0.45551197E+02,  0.43519211E+02,  0.41574463E+02,  0.39709549E+02,  0.37917709E+02,  0.36192791E+02,  0.34529190E+02,  0.32921803E+02,  0.31365986E+02,  0.29857523E+02,  0.28392576E+02,  0.26967665E+02,  0.25579622E+02,  0.24225571E+02,  0.22902897E+02,  0.21609226E+02,  0.20342392E+02,  0.19100422E+02,  0.17881517E+02,  0.16684029E+02,  0.15506436E+02,  0.14347344E+02,  0.13205451E+02,  0.12079542E+02,  0.10968469E+02,  0.98711395E+01,  0.87865000E+01,  0.77135186E+01,  0.66511769E+01,  0.55984488E+01,  0.45542870E+01,  0.35176072E+01,  0.24872680E+01,  0.14620464E+01,  0.44060838E+00, -0.57852542E+00, -0.15649456E+01, -0.24774542E+01, -0.32879984E+01, -0.39886231E+01, -0.45916247E+01, -0.51114030E+01, -0.55569296E+01, -0.59344840E+01, -0.62475266E+01, -0.64973450E+01, -0.66838326E+01, -0.68059812E+01, -0.68622088E+01, -0.68506017E+01, -0.67690349E+01, -0.66151676E+01, -0.63863387E+01, -0.60793843E+01, -0.56903324E+01, -0.52133079E+01, -0.46389704E+01, -0.39542139E+01, -0.31349308E+01, -0.21527443E+01, -0.10094378E+01,  0.27451494E+00,  0.16035060E+01,  0.29985003E+01,  0.44560189E+01,  0.59775395E+01,  0.75634179E+01,  0.92141352E+01,  0.10930046E+02,  0.12711432E+02,  0.14558489E+02,  0.16471331E+02,  0.18449993E+02,  0.20494442E+02,  0.22604567E+02,  0.24780190E+02,  0.27021080E+02,  0.29326944E+02,  0.31697445E+02,  0.34132198E+02,  0.36630791E+02,  0.39192772E+02,  0.41817665E+02,  0.44504974E+02,  0.47254185E+02,  0.50064781E+02,  0.52936226E+02,  0.55867981E+02,  0.58859509E+02,  0.61910278E+02,  0.65019753E+02,  0.68187416E+02,  0.71412758E+02,  0.74695274E+02,  0.78034485E+02,  0.81429924E+02,  0.84881157E+02,  0.88387756E+02,  0.91949333E+02,  0.95565514E+02,  0.99235962E+02,  0.10296037E+03,  0.10673846E+03,  0.11056999E+03,  0.11445476E+03,  0.11839259E+03,  0.12238336E+03,  0.12642699E+03,  0.13052341E+03,  0.13467264E+03,  0.13887471E+03,  0.14312973E+03,  0.14743782E+03,  0.15179919E+03,  0.15621408E+03,  0.16068280E+03,  0.16520570E+03,  0.16978323E+03,  0.17441585E+03,  0.17910414E+03,  0.18384871E+03,  0.18865027E+03,  0.19350961E+03,  0.19842760E+03
 -0.30000000E+01,  0.60350193E+02,  0.57633484E+02,  0.55055046E+02,  0.52603409E+02,  0.50268013E+02,  0.48039162E+02,  0.45907959E+02,  0.43866245E+02,  0.41906559E+02,  0.40022068E+02,  0.38206520E+02,  0.36454216E+02,  0.34759945E+02,  0.33118950E+02,  0.31526899E+02,  0.29979832E+02,  0.28474144E+02,  0.27006550E+02,  0.25574053E+02,  0.24173920E+02,  0.22803659E+02,  0.21460997E+02,  0.20143852E+02,  0.18850323E+02,  0.17578667E+02,  0.16327278E+02,  0.15094682E+02,  0.13879510E+02,  0.12680490E+02,  0.11496432E+02,  0.10326220E+02,  0.91687927E+01,  0.80231380E+01,  0.68882833E+01,  0.57632866E+01,  0.46472311E+01,  0.35392196E+01,  0.24383714E+01,  0.13438144E+01,  0.25465536E+00, -0.83011675E+00, -0.18684253E+01, -0.28205817E+01, -0.36637471E+01, -0.44006042E+01, -0.50494328E+01, -0.56224542E+01, -0.61283245E+01, -0.65718870E+01, -0.69551363E+01, -0.72782164E+01, -0.75399246E+01, -0.77383618E+01, -0.78714542E+01, -0.79370990E+01, -0.79331551E+01, -0.78574061E+01, -0.77075772E+01, -0.74814191E+01, -0.71767859E+01, -0.67914124E+01, -0.63220940E+01, -0.57640567E+01, -0.51096039E+01, -0.43458200E+01, -0.34515195E+01, -0.23879957E+01, -0.11466087E+01,  0.25019354E+00,  0.16929578E+01,  0.32051857E+01,  0.47828078E+01,  0.64272857E+01,  0.81388454E+01,  0.99178400E+01,  0.11764479E+02,  0.13678881E+02,  0.15661070E+02,  0.17710976E+02,  0.19828447E+02,  0.22013248E+02,  0.24265076E+02,  0.26583561E+02,  0.28968281E+02,  0.31418760E+02,  0.33934494E+02,  0.36514931E+02,  0.39159504E+02,  0.41867622E+02,  0.44638680E+02,  0.47472057E+02,  0.50367126E+02,  0.53323265E+02,  0.56339844E+02,  0.59416233E+02,  0.62551819E+02,  0.65745995E+02,  0.68998169E+02,  0.72307762E+02,  0.75674210E+02,  0.79096977E+02,  0.82575546E+02,  0.86109428E+02,  0.89698151E+02,  0.93341286E+02,  0.97038437E+02,  0.10078922E+03,  0.10459332E+03,  0.10845042E+03,  0.11236028E+03,  0.11632267E+03,  0.12033742E+03,  0.12440438E+03,  0.12852348E+03,  0.13269467E+03,  0.13691795E+03,  0.14119341E+03,  0.14552110E+03,  0.14990121E+03,  0.15433397E+03,  0.15881964E+03,  0.16335857E+03,  0.16795113E+03,  0.17259781E+03,  0.17729913E+03,  0.18205571E+03,  0.18686823E+03,  0.19173746E+03,  0.19666423E+03
 -0.28750000E+01,  0.62663437E+02,  0.59892067E+02,  0.57256504E+02,  0.54745701E+02,  0.52349468E+02,  0.50058434E+02,  0.47863968E+02,  0.45758152E+02,  0.43733715E+02,  0.41783981E+02,  0.39902840E+02,  0.38084686E+02,  0.36324394E+02,  0.34617268E+02,  0.32959011E+02,  0.31345695E+02,  0.29773733E+02,  0.28239840E+02,  0.26741011E+02,  0.25274504E+02,  0.23837807E+02,  0.22428627E+02,  0.21044857E+02,  0.19684574E+02,  0.18346008E+02,  0.17027538E+02,  0.15727667E+02,  0.14445018E+02,  0.13178317E+02,  0.11926381E+02,  0.10688113E+02,  0.94624891E+01,  0.82485514E+01,  0.70454054E+01,  0.58522182E+01,  0.46682196E+01,  0.34927166E+01,  0.23251200E+01,  0.11650099E+01,  0.12270433E-01, -0.11326141E+01, -0.22167182E+01, -0.32034204E+01, -0.40789752E+01, -0.48585644E+01, -0.55594139E+01, -0.61929998E+01, -0.67661304E+01, -0.72817607E+01, -0.77399950E+01, -0.81390915E+01, -0.84771223E+01, -0.87521877E+01, -0.89622889E+01, -0.91053534E+01, -0.91792507E+01, -0.91818018E+01, -0.91107807E+01, -0.89639301E+01, -0.87389507E+01, -0.84334440E+01, -0.80448580E+01, -0.75706372E+01, -0.70087652E+01, -0.63567495E+01, -0.56086006E+01, -0.47528272E+01, -0.37695580E+01, -0.26162710E+01, -0.12682974E+01,  0.25029051E+00,  0.18160983E+01,  0.34550610E+01,  0.51625328E+01,  0.69398823E+01,  0.87871418E+01,  0.10704458E+02,  0.12691817E+02,  0.14749100E+02,  0.16876083E+02,  0.19072447E+02,  0.21337790E+02,  0.23671637E+02,  0.26073446E+02,  0.28542635E+02,  0.31078569E+02,  0.33680588E+02,  0.36348011E+02,  0.39080128E+02,  0.41876225E+02,  0.44735573E+02,  0.47657444E+02,  0.50641106E+02,  0.53685825E+02,  0.56790890E+02,  0.59955574E+02,  0.63179184E+02,  0.66461029E+02,  0.69800453E+02,  0.73196793E+02,  0.76649437E+02,  0.80157784E+02,  0.83721268E+02,  0.87339348E+02,  0.91011520E+02,  0.94737312E+02,  0.98516289E+02,  0.10234806E+03,  0.10623225E+03,  0.11016857E+03,  0.11415673E+03,  0.11819650E+03,  0.12228770E+03,  0.12643019E+03,  0.13062389E+03,  0.13486874E+03,  0.13916479E+03,  0.14351208E+03,  0.14791075E+03,  0.15236098E+03,  0.15686299E+03,  0.16141708E+03,  0.16602364E+03,  0.17068307E+03,  0.17539590E+03,  0.18016269E+03,  0.18498409E+03,  0.18986082E+03,  0.19479372E+03
 -0.27500000E+01,  0.64278206E+02,  0.61506260E+02,  0.58863270E+02,  0.56338924E+02,  0.53923710E+02,  0.51608860E+02,  0.49386303E+02,  0.47248596E+02,  0.45188904E+02,  0.43200939E+02,  0.41278923E+02,  0.39417549E+02,  0.37611942E+02,  0.35857632E+02,  0.34150517E+02,  0.32486835E+02,  0.30863138E+02,  0.29276262E+02,  0.27723309E+02,  0.26201620E+02,  0.24708759E+02,  0.23242493E+02,  0.21800774E+02,  0.20381721E+02,  0.18983610E+02,  0.17604860E+02,  0.16244011E+02,  0.14899728E+02,  0.13570778E+02,  0.12256029E+02,  0.10954439E+02,  0.96650486E+01,  0.83869781E+01,  0.71194229E+01,  0.58616505E+01,  0.46130013E+01,  0.33728907E+01,  0.21408086E+01,  0.91632640E+00, -0.30089721E+00, -0.14967949E+01, -0.26192360E+01, -0.36366661E+01, -0.45488181E+01, -0.53775864E+01, -0.61376519E+01, -0.68384914E+01, -0.74842887E+01, -0.80750656E+01, -0.86089525E+01, -0.90841780E+01, -0.94988480E+01, -0.98509979E+01, -0.10138604E+02, -0.10359578E+02, -0.10511768E+02, -0.10592975E+02, -0.10600949E+02, -0.10533400E+02, -0.10387991E+02, -0.10162344E+02, -0.98540401E+01, -0.94606504E+01, -0.89797392E+01, -0.84087238E+01, -0.77448053E+01, -0.69858675E+01, -0.61296873E+01, -0.51670833E+01, -0.40792618E+01, -0.28243163E+01, -0.13587557E+01,  0.29238483E+00,  0.19925736E+01,  0.37697022E+01,  0.56185899E+01,  0.75403638E+01,  0.95347700E+01,  0.11601644E+02,  0.13740652E+02,  0.15951355E+02,  0.18233210E+02,  0.20585594E+02,  0.23007814E+02,  0.25499134E+02,  0.28058773E+02,  0.30685926E+02,  0.33379776E+02,  0.36139484E+02,  0.38964211E+02,  0.41853104E+02,  0.44805321E+02,  0.47820007E+02,  0.50896328E+02,  0.54033451E+02,  0.57230553E+02,  0.60486828E+02,  0.63801495E+02,  0.67173790E+02,  0.70602959E+02,  0.74088310E+02,  0.77629135E+02,  0.81224800E+02,  0.84874687E+02,  0.88578194E+02,  0.92334793E+02,  0.96143974E+02,  0.10000527E+03,  0.10391827E+03,  0.10788258E+03,  0.11189787E+03,  0.11596387E+03,  0.12008034E+03,  0.12424708E+03,  0.12846396E+03,  0.13273088E+03,  0.13704784E+03,  0.14141483E+03,  0.14583194E+03,  0.15029932E+03,  0.15481714E+03,  0.15938568E+03,  0.16400525E+03,  0.16867625E+03,  0.17339912E+03,  0.17817441E+03,  0.18300270E+03,  0.18788469E+03,  0.19282115E+03
 -0.26250000E+01,  0.65221107E+02,  0.62499401E+02,  0.59895706E+02,  0.57400761E+02,  0.55006023E+02,  0.52703602E+02,  0.50486217E+02,  0.48347168E+02,  0.46280258E+02,  0.44279785E+02,  0.42340496E+02,  0.40457558E+02,  0.38626507E+02,  0.36843250E+02,  0.35104012E+02,  0.33405319E+02,  0.31743986E+02,  0.30117073E+02,  0.28521885E+02,  0.26955940E+02,  0.25416962E+02,  0.23902853E+02,  0.22411694E+02,  0.20941711E+02,  0.19491287E+02,  0.18058928E+02,  0.16643267E+02,  0.15243048E+02,  0.13857123E+02,  0.12484444E+02,  0.11124050E+02,  0.97750750E+01,  0.84367323E+01,  0.71083188E+01,  0.57892108E+01,  0.44788599E+01,  0.31767836E+01,  0.18825418E+01,  0.59567797E+00, -0.68442619E+00, -0.19251782E+01, -0.30801914E+01, -0.41279449E+01, -0.50844412E+01, -0.59692621E+01, -0.67952061E+01, -0.75682139E+01, -0.82886410E+01, -0.89546642E+01, -0.95645409E+01, -0.10116397E+02, -0.10608296E+02, -0.11038223E+02, -0.11404096E+02, -0.11703774E+02, -0.11935056E+02, -0.12095679E+02, -0.12183334E+02, -0.12195666E+02, -0.12130280E+02, -0.11984755E+02, -0.11756640E+02, -0.11443475E+02, -0.11042772E+02, -0.10552014E+02, -0.99686775E+01, -0.92903128E+01, -0.85143242E+01, -0.76377616E+01, -0.66590757E+01, -0.55739832E+01, -0.43657179E+01, -0.29933140E+01, -0.13955808E+01,  0.40091729E+00,  0.22491124E+01,  0.41777849E+01,  0.61813478E+01,  0.82604685E+01,  0.10414500E+02,  0.12642851E+02,  0.14944778E+02,  0.17319452E+02,  0.19765974E+02,  0.22283400E+02,  0.24870771E+02,  0.27527111E+02,  0.30251448E+02,  0.33042797E+02,  0.35900185E+02,  0.38822620E+02,  0.41809135E+02,  0.44858753E+02,  0.47970509E+02,  0.51143452E+02,  0.54376648E+02,  0.57669174E+02,  0.61020138E+02,  0.64428673E+02,  0.67893921E+02,  0.71415092E+02,  0.74991394E+02,  0.78622078E+02,  0.82306458E+02,  0.86043854E+02,  0.89833649E+02,  0.93675255E+02,  0.97568146E+02,  0.10151183E+03,  0.10550586E+03,  0.10954984E+03,  0.11364343E+03,  0.11778635E+03,  0.12197833E+03,  0.12621920E+03,  0.13050882E+03,  0.13484709E+03,  0.13923401E+03,  0.14366960E+03,  0.14815395E+03,  0.15268719E+03,  0.15726955E+03,  0.16190129E+03,  0.16658276E+03,  0.17131436E+03,  0.17609656E+03,  0.18092990E+03,  0.18581502E+03,  0.19075261E+03
 -0.25000000E+01,  0.65537514E+02,  0.62912113E+02,  0.60390083E+02,  0.57963524E+02,  0.55625126E+02,  0.53368130E+02,  0.51186291E+02,  0.49073822E+02,  0.47025394E+02,  0.45036060E+02,  0.43101254E+02,  0.41216766E+02,  0.39378689E+02,  0.37583431E+02,  0.35827663E+02,  0.34108315E+02,  0.32422558E+02,  0.30767776E+02,  0.29141560E+02,  0.27541683E+02,  0.25966099E+02,  0.24412916E+02,  0.22880400E+02,  0.21366947E+02,  0.19871086E+02,  0.18391466E+02,  0.16926846E+02,  0.15476092E+02,  0.14038170E+02,  0.12612140E+02,  0.11197151E+02,  0.97924423E+01,  0.83973398E+01,  0.70112553E+01,  0.56336908E+01,  0.42642455E+01,  0.29026246E+01,  0.15486659E+01,  0.20238316E+00, -0.11359547E+01, -0.24170642E+01, -0.36018236E+01, -0.46859355E+01, -0.56938524E+01, -0.66418862E+01, -0.75386372E+01, -0.83854837E+01, -0.91806402E+01, -0.99223709E+01, -0.10608832E+02, -0.11238095E+02, -0.11808153E+02, -0.12316927E+02, -0.12762263E+02, -0.13141934E+02, -0.13453640E+02, -0.13695013E+02, -0.13863625E+02, -0.13956999E+02, -0.13972625E+02, -0.13907973E+02, -0.13760504E+02, -0.13527679E+02, -0.13206967E+02, -0.12795841E+02, -0.12291786E+02, -0.11692303E+02, -0.10994881E+02, -0.10196985E+02, -0.92962122E+01, -0.82898846E+01, -0.71752787E+01, -0.59517493E+01, -0.46059952E+01, -0.30967734E+01, -0.13474845E+01,  0.60912514E+00,  0.26211410E+01,  0.47163210E+01,  0.68889761E+01,  0.91390362E+01,  0.11465370E+02,  0.13866860E+02,  0.16342308E+02,  0.18890497E+02,  0.21510244E+02,  0.24200390E+02,  0.26959799E+02,  0.29787340E+02,  0.32681892E+02,  0.35642334E+02,  0.38667545E+02,  0.41756424E+02,  0.44907875E+02,  0.48120808E+02,  0.51394165E+02,  0.54726902E+02,  0.58118004E+02,  0.61566486E+02,  0.65071396E+02,  0.68631813E+02,  0.72246864E+02,  0.75915710E+02,  0.79637543E+02,  0.83411621E+02,  0.87237236E+02,  0.91113724E+02,  0.95040482E+02,  0.99016945E+02,  0.10304260E+03,  0.10711700E+03,  0.11123972E+03,  0.11541043E+03,  0.11962881E+03,  0.12389464E+03,  0.12820770E+03,  0.13256787E+03,  0.13697508E+03,  0.14142929E+03,  0.14593054E+03,  0.15047894E+03,  0.15507465E+03,  0.15971786E+03,  0.16440886E+03,  0.16914801E+03,  0.17393570E+03,  0.17877243E+03,  0.18365872E+03,  0.18859523E+03
 -0.23750000E+01,  0.65289841E+02,  0.62800602E+02,  0.60396957E+02,  0.58072617E+02,  0.55821754E+02,  0.53638950E+02,  0.51519188E+02,  0.49457798E+02,  0.47450451E+02,  0.45493114E+02,  0.43582050E+02,  0.41713791E+02,  0.39885105E+02,  0.38093006E+02,  0.36334705E+02,  0.34607635E+02,  0.32909397E+02,  0.31237780E+02,  0.29590729E+02,  0.27966341E+02,  0.26362856E+02,  0.24778645E+02,  0.23212206E+02,  0.21662148E+02,  0.20127192E+02,  0.18606163E+02,  0.17097982E+02,  0.15601665E+02,  0.14116311E+02,  0.12641111E+02,  0.11175341E+02,  0.97183542E+01,  0.82695923E+01,  0.68285804E+01,  0.53949308E+01,  0.39683521E+01,  0.25486629E+01,  0.11358309E+01, -0.26992476E+00, -0.16582260E+01, -0.29731102E+01, -0.41870379E+01, -0.53167939E+01, -0.63837180E+01, -0.74002814E+01, -0.83698425E+01, -0.92906809E+01, -0.10161090E+02, -0.10979252E+02, -0.11743249E+02, -0.12451091E+02, -0.13100701E+02, -0.13689925E+02, -0.14216512E+02, -0.14678108E+02, -0.15072264E+02, -0.15396439E+02, -0.15648025E+02, -0.15824366E+02, -0.15922771E+02, -0.15940529E+02, -0.15874933E+02, -0.15723292E+02, -0.15482951E+02, -0.15151301E+02, -0.14725799E+02, -0.14203949E+02, -0.13583292E+02, -0.12861373E+02, -0.12035752E+02, -0.11104006E+02, -0.10063726E+02, -0.89126511E+01, -0.76478577E+01, -0.62685313E+01, -0.47661929E+01, -0.30976839E+01, -0.11718521E+01,  0.96079177E+00,  0.31539242E+01,  0.54311843E+01,  0.77873106E+01,  0.10221232E+02,  0.12731220E+02,  0.15315642E+02,  0.17973083E+02,  0.20702238E+02,  0.23501844E+02,  0.26370642E+02,  0.29307365E+02,  0.32310757E+02,  0.35379551E+02,  0.38512493E+02,  0.41708344E+02,  0.44965874E+02,  0.48283882E+02,  0.51661194E+02,  0.55096661E+02,  0.58589180E+02,  0.62137676E+02,  0.65741112E+02,  0.69398514E+02,  0.73108925E+02,  0.76871468E+02,  0.80685287E+02,  0.84549591E+02,  0.88463646E+02,  0.92426758E+02,  0.96438301E+02,  0.10049769E+03,  0.10460440E+03,  0.10875797E+03,  0.11295798E+03,  0.11720408E+03,  0.12149596E+03,  0.12583338E+03,  0.13021616E+03,  0.13464415E+03,  0.13911729E+03,  0.14363556E+03,  0.14819901E+03,  0.15280771E+03,  0.15746182E+03,  0.16216161E+03,  0.16690729E+03,  0.17169925E+03,  0.17653787E+03,  0.18142365E+03,  0.18635710E+03
 -0.22500000E+01,  0.64555130E+02,  0.62234428E+02,  0.59979061E+02,  0.57784584E+02,  0.55646832E+02,  0.53561913E+02,  0.51526180E+02,  0.49536213E+02,  0.47588810E+02,  0.45680965E+02,  0.43809872E+02,  0.41972897E+02,  0.40167564E+02,  0.38391579E+02,  0.36642773E+02,  0.34919128E+02,  0.33218765E+02,  0.31539921E+02,  0.29880947E+02,  0.28240316E+02,  0.26616602E+02,  0.25008476E+02,  0.23414707E+02,  0.21834152E+02,  0.20265755E+02,  0.18708542E+02,  0.17161619E+02,  0.15624169E+02,  0.14095449E+02,  0.12574794E+02,  0.11061606E+02,  0.95553684E+01,  0.80556345E+01,  0.65620341E+01,  0.50742722E+01,  0.35921187E+01,  0.21153800E+01,  0.64380598E+00, -0.82317448E+00, -0.22510684E+01, -0.35936639E+01, -0.48431296E+01, -0.60255795E+01, -0.71576037E+01, -0.82455521E+01, -0.92880564E+01, -0.10283449E+02, -0.11229932E+02, -0.12125609E+02, -0.12968511E+02, -0.13756583E+02, -0.14487680E+02, -0.15159528E+02, -0.15769703E+02, -0.16315653E+02, -0.16794714E+02, -0.17204151E+02, -0.17541174E+02, -0.17802937E+02, -0.17986534E+02, -0.18089039E+02, -0.18107517E+02, -0.18039059E+02, -0.17880783E+02, -0.17629869E+02, -0.17283567E+02, -0.16839205E+02, -0.16294230E+02, -0.15646218E+02, -0.14892870E+02, -0.14031980E+02, -0.13061313E+02, -0.11978576E+02, -0.10781459E+02, -0.94677391E+01, -0.80348768E+01, -0.64810548E+01, -0.48012571E+01, -0.29465518E+01, -0.81329477E+00,  0.15110651E+01,  0.39022727E+01,  0.63761277E+01,  0.89277716E+01,  0.11554713E+02,  0.14255699E+02,  0.17029539E+02,  0.19874941E+02,  0.22790548E+02,  0.25774961E+02,  0.28826763E+02,  0.31944532E+02,  0.35126846E+02,  0.38372299E+02,  0.41679512E+02,  0.45047123E+02,  0.48473808E+02,  0.51958290E+02,  0.55499321E+02,  0.59095703E+02,  0.62746281E+02,  0.66449951E+02,  0.70205673E+02,  0.74012451E+02,  0.77869347E+02,  0.81775475E+02,  0.85730011E+02,  0.89732193E+02,  0.93781311E+02,  0.97876724E+02,  0.10201784E+03,  0.10620412E+03,  0.11043512E+03,  0.11471040E+03,  0.11902960E+03,  0.12339244E+03,  0.12779867E+03,  0.13224811E+03,  0.13674062E+03,  0.14127614E+03,  0.14585464E+03,  0.15047618E+03,  0.15514084E+03,  0.15984879E+03,  0.16460022E+03,  0.16939542E+03,  0.17423471E+03,  0.17911847E+03,  0.18404716E+03
 -0.21250000E+01,  0.63422070E+02,  0.61293678E+02,  0.59208721E+02,  0.57164726E+02,  0.55159328E+02,  0.53190250E+02,  0.51255322E+02,  0.49352444E+02,  0.47479630E+02,  0.45634964E+02,  0.43816628E+02,  0.42022884E+02,  0.40252079E+02,  0.38502644E+02,  0.36773087E+02,  0.35061989E+02,  0.33368008E+02,  0.31689884E+02,  0.30026413E+02,  0.28376469E+02,  0.26738985E+02,  0.25112967E+02,  0.23497477E+02,  0.21891642E+02,  0.20294647E+02,  0.18705740E+02,  0.17124226E+02,  0.15549467E+02,  0.13980886E+02,  0.12417965E+02,  0.10860248E+02,  0.93073387E+01,  0.77589116E+01,  0.62147088E+01,  0.46745596E+01,  0.31384027E+01,  0.16063507E+01,  0.78846373E-01, -0.14429331E+01, -0.29052358E+01, -0.42755513E+01, -0.55713925E+01, -0.68146148E+01, -0.80159855E+01, -0.91755352E+01, -0.10291620E+02, -0.11362461E+02, -0.12386193E+02, -0.13360877E+02, -0.14284496E+02, -0.15154915E+02, -0.15969824E+02, -0.16726730E+02, -0.17422995E+02, -0.18055887E+02, -0.18622540E+02, -0.19120010E+02, -0.19545383E+02, -0.19895565E+02, -0.20167360E+02, -0.20357561E+02, -0.20462975E+02, -0.20480412E+02, -0.20406710E+02, -0.20238770E+02, -0.19973572E+02, -0.19608219E+02, -0.19139997E+02, -0.18566278E+02, -0.17884420E+02, -0.17092094E+02, -0.16187170E+02, -0.15167761E+02, -0.14032081E+02, -0.12778172E+02, -0.11403814E+02, -0.99068193E+01, -0.82848711E+01, -0.65355897E+01, -0.46547608E+01, -0.25786440E+01, -0.20556408E+00,  0.23266408E+01,  0.49300437E+01,  0.76052585E+01,  0.10355268E+02,  0.13179566E+02,  0.16076729E+02,  0.19045189E+02,  0.22083351E+02,  0.25189598E+02,  0.28362307E+02,  0.31599861E+02,  0.34900669E+02,  0.38263165E+02,  0.41685825E+02,  0.45167164E+02,  0.48705750E+02,  0.52300190E+02,  0.55949150E+02,  0.59651356E+02,  0.63405579E+02,  0.67210663E+02,  0.71065506E+02,  0.74969070E+02,  0.78920395E+02,  0.82918571E+02,  0.86962746E+02,  0.91052155E+02,  0.95186073E+02,  0.99363853E+02,  0.10358490E+03,  0.10784869E+03,  0.11215476E+03,  0.11650270E+03,  0.12089215E+03,  0.12532283E+03,  0.12979449E+03,  0.13430696E+03,  0.13886012E+03,  0.14345389E+03,  0.14808826E+03,  0.15276324E+03,  0.15747896E+03,  0.16223555E+03,  0.16703319E+03,  0.17187213E+03,  0.17675269E+03,  0.18167519E+03
 -0.20000000E+01,  0.61987202E+02,  0.60065598E+02,  0.58164803E+02,  0.56284370E+02,  0.54423756E+02,  0.52582340E+02,  0.50759430E+02,  0.48954304E+02,  0.47166183E+02,  0.45394283E+02,  0.43637794E+02,  0.41895893E+02,  0.40167767E+02,  0.38452599E+02,  0.36749577E+02,  0.35057915E+02,  0.33376831E+02,  0.31705568E+02,  0.30043390E+02,  0.28389584E+02,  0.26743465E+02,  0.25104378E+02,  0.23471691E+02,  0.21844814E+02,  0.20223183E+02,  0.18606268E+02,  0.16993584E+02,  0.15384676E+02,  0.13779136E+02,  0.12176595E+02,  0.10576730E+02,  0.89792643E+01,  0.73839717E+01,  0.57906733E+01,  0.41992345E+01,  0.26095531E+01,  0.10215139E+01, -0.56512338E+00, -0.21291788E+01, -0.36190476E+01, -0.50252171E+01, -0.63749728E+01, -0.76840696E+01, -0.89554310E+01, -0.10187292E+02, -0.11377890E+02, -0.12525399E+02, -0.13627924E+02, -0.14683494E+02, -0.15689993E+02, -0.16645088E+02, -0.17546246E+02, -0.18390820E+02, -0.19175970E+02, -0.19898920E+02, -0.20556545E+02, -0.21145664E+02, -0.21663023E+02, -0.22105267E+02, -0.22468956E+02, -0.22750580E+02, -0.22946589E+02, -0.23053425E+02, -0.23067572E+02, -0.22985588E+02, -0.22804142E+02, -0.22520046E+02, -0.22130257E+02, -0.21631865E+02, -0.21022081E+02, -0.20298328E+02, -0.19458309E+02, -0.18500145E+02, -0.17421783E+02, -0.16221556E+02, -0.14898091E+02, -0.13450041E+02, -0.11875451E+02, -0.10172033E+02, -0.83373327E+01, -0.63683906E+01, -0.42572970E+01, -0.19029939E+01,  0.75138509E+00,  0.34659121E+01,  0.62680793E+01,  0.91491013E+01,  0.12104723E+02,  0.15132783E+02,  0.18231451E+02,  0.21398870E+02,  0.24633167E+02,  0.27932482E+02,  0.31295000E+02,  0.34718960E+02,  0.38202656E+02,  0.41744431E+02,  0.45342682E+02,  0.48995876E+02,  0.52702530E+02,  0.56461227E+02,  0.60270626E+02,  0.64129448E+02,  0.68036484E+02,  0.71990608E+02,  0.75990761E+02,  0.80035950E+02,  0.84125252E+02,  0.88257835E+02,  0.92432915E+02,  0.96649773E+02,  0.10090778E+03,  0.10520634E+03,  0.10954496E+03,  0.11392316E+03,  0.11834055E+03,  0.12279679E+03,  0.12729161E+03,  0.13182477E+03,  0.13639609E+03,  0.14100545E+03,  0.14565279E+03,  0.15033809E+03,  0.15506136E+03,  0.15982268E+03,  0.16462218E+03,  0.16946002E+03,  0.17433641E+03,  0.17925163E+03
 -0.18750000E+01,  0.60350674E+02,  0.58640812E+02,  0.56929382E+02,  0.55217880E+02,  0.53507526E+02,  0.51799294E+02,  0.50093948E+02,  0.48392082E+02,  0.46694126E+02,  0.45000370E+02,  0.43311005E+02,  0.41626114E+02,  0.39945698E+02,  0.38269680E+02,  0.36597942E+02,  0.34930298E+02,  0.33266525E+02,  0.31606380E+02,  0.29949579E+02,  0.28295826E+02,  0.26644812E+02,  0.24996220E+02,  0.23349728E+02,  0.21705019E+02,  0.20061781E+02,  0.18419712E+02,  0.16778522E+02,  0.15137944E+02,  0.13497731E+02,  0.11857661E+02,  0.10217541E+02,  0.85772114E+01,  0.69365468E+01,  0.52954621E+01,  0.36539142E+01,  0.20119057E+01,  0.36948636E+00, -0.12732857E+01, -0.28711472E+01, -0.43875508E+01, -0.58407583E+01, -0.72521296E+01, -0.86296415E+01, -0.99717865E+01, -0.11276896E+02, -0.12543220E+02, -0.13768922E+02, -0.14952100E+02, -0.16090679E+02, -0.17182341E+02, -0.18224575E+02, -0.19214703E+02, -0.20150070E+02, -0.21027617E+02, -0.21844276E+02, -0.22596823E+02, -0.23281878E+02, -0.23895807E+02, -0.24434835E+02, -0.24895121E+02, -0.25272774E+02, -0.25563864E+02, -0.25764458E+02, -0.25870644E+02, -0.25878571E+02, -0.25784481E+02, -0.25584743E+02, -0.25275890E+02, -0.24854641E+02, -0.24317951E+02, -0.23663071E+02, -0.22887619E+02, -0.21989586E+02, -0.20966965E+02, -0.19817881E+02, -0.18541019E+02, -0.17135105E+02, -0.15599133E+02, -0.13932425E+02, -0.12133638E+02, -0.10200661E+02, -0.81314745E+01, -0.59249191E+01, -0.35666776E+01, -0.90662122E+00,  0.19797001E+01,  0.49335771E+01,  0.79564424E+01,  0.11051682E+02,  0.14218443E+02,  0.17454645E+02,  0.20758011E+02,  0.24126354E+02,  0.27557619E+02,  0.31049839E+02,  0.34601124E+02,  0.38209648E+02,  0.41873638E+02,  0.45591393E+02,  0.49361282E+02,  0.53181744E+02,  0.57051304E+02,  0.60968567E+02,  0.64932220E+02,  0.68941040E+02,  0.72993881E+02,  0.77089668E+02,  0.81227425E+02,  0.85406242E+02,  0.89625282E+02,  0.93883789E+02,  0.98181068E+02,  0.10251650E+03,  0.10688952E+03,  0.11129963E+03,  0.11574639E+03,  0.12022943E+03,  0.12474843E+03,  0.12930310E+03,  0.13389325E+03,  0.13851869E+03,  0.14317931E+03,  0.14787502E+03,  0.15260579E+03,  0.15737166E+03,  0.16217265E+03,  0.16700887E+03,  0.17188045E+03,  0.17678754E+03
 -0.17500000E+01,  0.58611843E+02,  0.57109470E+02,  0.55584297E+02,  0.54039593E+02,  0.52478191E+02,  0.50902534E+02,  0.49314735E+02,  0.47716606E+02,  0.46109695E+02,  0.44495319E+02,  0.42874599E+02,  0.41248466E+02,  0.39617695E+02,  0.37982922E+02,  0.36344658E+02,  0.34703308E+02,  0.33059185E+02,  0.31412521E+02,  0.29763474E+02,  0.28112141E+02,  0.26458574E+02,  0.24802782E+02,  0.23144733E+02,  0.21484375E+02,  0.19821632E+02,  0.18156418E+02,  0.16488634E+02,  0.14818183E+02,  0.13144972E+02,  0.11468915E+02,  0.97899408E+01,  0.81079988E+01,  0.64230571E+01,  0.47351127E+01,  0.30441997E+01,  0.13504324E+01, -0.34584185E+00, -0.20355036E+01, -0.36620266E+01, -0.52153225E+01, -0.67233710E+01, -0.82003145E+01, -0.96464224E+01, -0.11060051E+02, -0.12439486E+02, -0.13782944E+02, -0.15088593E+02, -0.16354435E+02, -0.17578207E+02, -0.18757484E+02, -0.19889687E+02, -0.20972080E+02, -0.22001749E+02, -0.22975645E+02, -0.23890461E+02, -0.24742529E+02, -0.25528038E+02, -0.26243034E+02, -0.26883427E+02, -0.27445017E+02, -0.27923525E+02, -0.28314606E+02, -0.28613882E+02, -0.28816982E+02, -0.28919575E+02, -0.28917416E+02, -0.28806387E+02, -0.28582537E+02, -0.28242140E+02, -0.27781725E+02, -0.27198145E+02, -0.26488596E+02, -0.25650652E+02, -0.24682249E+02, -0.23581772E+02, -0.22348175E+02, -0.20980633E+02, -0.19478065E+02, -0.17840145E+02, -0.16066374E+02, -0.14156794E+02, -0.12110868E+02, -0.99266977E+01, -0.76018767E+01, -0.51351609E+01, -0.24687765E+01,  0.55417198E+00,  0.36337838E+01,  0.68003855E+01,  0.10043623E+02,  0.13357601E+02,  0.16738640E+02,  0.20184120E+02,  0.23691839E+02,  0.27259720E+02,  0.30885729E+02,  0.34567871E+02,  0.38304192E+02,  0.42092812E+02,  0.45931927E+02,  0.49819828E+02,  0.53754902E+02,  0.57735634E+02,  0.61760609E+02,  0.65828506E+02,  0.69938110E+02,  0.74088272E+02,  0.78277962E+02,  0.82506210E+02,  0.86772148E+02,  0.91074966E+02,  0.95413933E+02,  0.99788399E+02,  0.10419777E+03,  0.10864152E+03,  0.11311917E+03,  0.11763033E+03,  0.12217462E+03,  0.12675175E+03,  0.13136148E+03,  0.13600357E+03,  0.14067789E+03,  0.14538428E+03,  0.15012270E+03,  0.15489307E+03,  0.15969539E+03,  0.16452969E+03,  0.16939603E+03,  0.17429446E+03
 -0.16250000E+01,  0.56865093E+02,  0.55557549E+02,  0.54207901E+02,  0.52820934E+02,  0.51400875E+02,  0.49951458E+02,  0.48475967E+02,  0.46977306E+02,  0.45458019E+02,  0.43920334E+02,  0.42366207E+02,  0.40797337E+02,  0.39215199E+02,  0.37621071E+02,  0.36016045E+02,  0.34401062E+02,  0.32776917E+02,  0.31144279E+02,  0.29503714E+02,  0.27855680E+02,  0.26200558E+02,  0.24538647E+02,  0.22870190E+02,  0.21195372E+02,  0.19514332E+02,  0.17827179E+02,  0.16133986E+02,  0.14434807E+02,  0.12729686E+02,  0.11018659E+02,  0.93017635E+01,  0.75790443E+01,  0.58505502E+01,  0.41163225E+01,  0.23763297E+01,  0.63027865E+00, -0.11229475E+01, -0.28456993E+01, -0.44981441E+01, -0.60989971E+01, -0.76686831E+01, -0.92121639E+01, -0.10727804E+02, -0.12214000E+02, -0.13669063E+02, -0.15091259E+02, -0.16478701E+02, -0.17829231E+02, -0.19140528E+02, -0.20410213E+02, -0.21635548E+02, -0.22813757E+02, -0.23941837E+02, -0.25016294E+02, -0.26033424E+02, -0.26989323E+02, -0.27879896E+02, -0.28700863E+02, -0.29447779E+02, -0.30116049E+02, -0.30700956E+02, -0.31197685E+02, -0.31601353E+02, -0.31907047E+02, -0.32109886E+02, -0.32205051E+02, -0.32187847E+02, -0.32053764E+02, -0.31798519E+02, -0.31418133E+02, -0.30908974E+02, -0.30267818E+02, -0.29491877E+02, -0.28578827E+02, -0.27526846E+02, -0.26334644E+02, -0.25001436E+02, -0.23526955E+02, -0.21911631E+02, -0.20155773E+02, -0.18259521E+02, -0.16223423E+02, -0.14048364E+02, -0.11734451E+02, -0.92802200E+01, -0.66839361E+01, -0.39448760E+01, -0.91224998E+00,  0.23630197E+01,  0.57043886E+01,  0.91099901E+01,  0.12578779E+02,  0.16109983E+02,  0.19702223E+02,  0.23353621E+02,  0.27062038E+02,  0.30825258E+02,  0.34641083E+02,  0.38507404E+02,  0.42422222E+02,  0.46383656E+02,  0.50389954E+02,  0.54439484E+02,  0.58530735E+02,  0.62662312E+02,  0.66832924E+02,  0.71041382E+02,  0.75286598E+02,  0.79567581E+02,  0.83883415E+02,  0.88233276E+02,  0.92616409E+02,  0.97032143E+02,  0.10147985E+03,  0.10595901E+03,  0.11046911E+03,  0.11500974E+03,  0.11958051E+03,  0.12418110E+03,  0.12881123E+03,  0.13347066E+03,  0.13815919E+03,  0.14287666E+03,  0.14762296E+03,  0.15239796E+03,  0.15720164E+03,  0.16203392E+03,  0.16689482E+03,  0.17178432E+03
 -0.15000000E+01,  0.55196274E+02,  0.54063667E+02,  0.52872181E+02,  0.51627811E+02,  0.50335926E+02,  0.49001308E+02,  0.47628235E+02,  0.46220512E+02,  0.44781525E+02,  0.43314285E+02,  0.41821453E+02,  0.40305389E+02,  0.38768173E+02,  0.37211632E+02,  0.35637371E+02,  0.34046783E+02,  0.32441093E+02,  0.30821358E+02,  0.29188478E+02,  0.27543240E+02,  0.25886305E+02,  0.24218233E+02,  0.22539497E+02,  0.20850491E+02,  0.19151541E+02,  0.17442913E+02,  0.15724831E+02,  0.13997474E+02,  0.12260996E+02,  0.10515533E+02,  0.87612133E+01,  0.69981780E+01,  0.52266130E+01,  0.34468145E+01,  0.16593449E+01, -0.13458174E+00, -0.19389246E+01, -0.36914291E+01, -0.53812852E+01, -0.70368404E+01, -0.86703739E+01, -0.10280871E+02, -0.11866807E+02, -0.13426605E+02, -0.14958643E+02, -0.16461176E+02, -0.17932201E+02, -0.19369541E+02, -0.20770985E+02, -0.22133965E+02, -0.23455866E+02, -0.24733644E+02, -0.25963852E+02, -0.27142805E+02, -0.28266594E+02, -0.29331060E+02, -0.30331820E+02, -0.31264254E+02, -0.32123524E+02, -0.32904587E+02, -0.33602249E+02, -0.34211178E+02, -0.34725914E+02, -0.35140911E+02, -0.35450615E+02, -0.35649506E+02, -0.35732197E+02, -0.35693478E+02, -0.35528419E+02, -0.35232433E+02, -0.34801342E+02, -0.34231438E+02, -0.33519527E+02, -0.32662960E+02, -0.31659649E+02, -0.30508173E+02, -0.29207785E+02, -0.27758322E+02, -0.26160217E+02, -0.24414446E+02, -0.22522593E+02, -0.20486702E+02, -0.18307787E+02, -0.15987375E+02, -0.13527285E+02, -0.10927716E+02, -0.81871834E+01, -0.53033123E+01, -0.22213912E+01,  0.12255888E+01,  0.47274036E+01,  0.82875500E+01,  0.11910144E+02,  0.15594248E+02,  0.19337349E+02,  0.23136581E+02,  0.26989134E+02,  0.30892374E+02,  0.34843868E+02,  0.38841385E+02,  0.42882870E+02,  0.46966438E+02,  0.51090359E+02,  0.55253052E+02,  0.59453060E+02,  0.63689049E+02,  0.67959801E+02,  0.72264206E+02,  0.76601250E+02,  0.80970016E+02,  0.85369667E+02,  0.89799438E+02,  0.94258659E+02,  0.98746704E+02,  0.10326303E+03,  0.10780715E+03,  0.11237862E+03,  0.11697707E+03,  0.12160213E+03,  0.12625354E+03,  0.13093103E+03,  0.13563437E+03,  0.14036339E+03,  0.14511790E+03,  0.14989781E+03,  0.15470299E+03,  0.15953334E+03,  0.16438881E+03,  0.16926932E+03
 -0.13750000E+01,  0.53679977E+02,  0.52696575E+02,  0.51640450E+02,  0.50518501E+02,  0.49336952E+02,  0.48101398E+02,  0.46816883E+02,  0.45487923E+02,  0.44118568E+02,  0.42712448E+02,  0.41272797E+02,  0.39802505E+02,  0.38304138E+02,  0.36779976E+02,  0.35232033E+02,  0.33662086E+02,  0.32071697E+02,  0.30462242E+02,  0.28834909E+02,  0.27190742E+02,  0.25530636E+02,  0.23855362E+02,  0.22165583E+02,  0.20461855E+02,  0.18744654E+02,  0.17014376E+02,  0.15271354E+02,  0.13515859E+02,  0.11748121E+02,  0.99683294E+01,  0.81766415E+01,  0.63731856E+01,  0.45580583E+01,  0.27312829E+01,  0.89269531E+00, -0.95840871E+00, -0.27939224E+01, -0.45708637E+01, -0.63073769E+01, -0.80229368E+01, -0.97204294E+01, -0.11398406E+02, -0.13055372E+02, -0.14689797E+02, -0.16300089E+02, -0.17884426E+02, -0.19440819E+02, -0.20967239E+02, -0.22461344E+02, -0.23920713E+02, -0.25342373E+02, -0.26723017E+02, -0.28059078E+02, -0.29346725E+02, -0.30581850E+02, -0.31760057E+02, -0.32876659E+02, -0.33926716E+02, -0.34905041E+02, -0.35806160E+02, -0.36624321E+02, -0.37353550E+02, -0.37987652E+02, -0.38520309E+02, -0.38945118E+02, -0.39255684E+02, -0.39445724E+02, -0.39509159E+02, -0.39440224E+02, -0.39233578E+02, -0.38884377E+02, -0.38388378E+02, -0.37741985E+02, -0.36942272E+02, -0.35987053E+02, -0.34874851E+02, -0.33604919E+02, -0.32177162E+02, -0.30592146E+02, -0.28851273E+02, -0.26956516E+02, -0.24910374E+02, -0.22715822E+02, -0.20376352E+02, -0.17893871E+02, -0.15270548E+02, -0.12508352E+02, -0.96056452E+01, -0.65589952E+01, -0.33577721E+01,  0.22893150E+00,  0.38670449E+01,  0.75851603E+01,  0.11370662E+02,  0.15216146E+02,  0.19116602E+02,  0.23068209E+02,  0.27067816E+02,  0.31112700E+02,  0.35200439E+02,  0.39328873E+02,  0.43496025E+02,  0.47700123E+02,  0.51939537E+02,  0.56212799E+02,  0.60518562E+02,  0.64855614E+02,  0.69222847E+02,  0.73619255E+02,  0.78043930E+02,  0.82496048E+02,  0.86974884E+02,  0.91479752E+02,  0.96010063E+02,  0.10056528E+03,  0.10514493E+03,  0.10974857E+03,  0.11437585E+03,  0.11902640E+03,  0.12369995E+03,  0.12839622E+03,  0.13311501E+03,  0.13785606E+03,  0.14261925E+03,  0.14740439E+03,  0.15221135E+03,  0.15703998E+03,  0.16189018E+03,  0.16676183E+03
 -0.12500000E+01,  0.52377686E+02,  0.51513359E+02,  0.50565636E+02,  0.49542019E+02,  0.48449314E+02,  0.47293682E+02,  0.46080700E+02,  0.44815388E+02,  0.43502285E+02,  0.42145454E+02,  0.40748566E+02,  0.39314884E+02,  0.37847351E+02,  0.36348568E+02,  0.34820866E+02,  0.33266304E+02,  0.31686703E+02,  0.30083672E+02,  0.28458620E+02,  0.26812778E+02,  0.25147219E+02,  0.23462872E+02,  0.21760534E+02,  0.20040888E+02,  0.18304510E+02,  0.16551886E+02,  0.14783422E+02,  0.12999453E+02,  0.11200247E+02,  0.93860216E+01,  0.75569530E+01,  0.57131791E+01,  0.38548269E+01,  0.19820546E+01,  0.95166825E-01, -0.18050798E+01, -0.36690724E+01, -0.54818773E+01, -0.72712855E+01, -0.90477314E+01, -0.10809678E+02, -0.12555732E+02, -0.14284471E+02, -0.15994460E+02, -0.17684090E+02, -0.19351582E+02, -0.20995136E+02, -0.22612654E+02, -0.24201963E+02, -0.25760288E+02, -0.27284536E+02, -0.28771355E+02, -0.30217098E+02, -0.31617821E+02, -0.32969250E+02, -0.34266827E+02, -0.35505695E+02, -0.36680634E+02, -0.37786034E+02, -0.38815903E+02, -0.39763874E+02, -0.40623219E+02, -0.41386890E+02, -0.42047577E+02, -0.42597809E+02, -0.43030060E+02, -0.43336876E+02, -0.43511021E+02, -0.43545635E+02, -0.43434387E+02, -0.43171623E+02, -0.42752449E+02, -0.42172821E+02, -0.41429565E+02, -0.40520401E+02, -0.39443970E+02, -0.38199791E+02, -0.36788189E+02, -0.35210232E+02, -0.33467686E+02, -0.31562864E+02, -0.29498749E+02, -0.27279041E+02, -0.24907810E+02, -0.22389471E+02, -0.19728575E+02, -0.16927855E+02, -0.13990033E+02, -0.10916760E+02, -0.77065358E+01, -0.43594856E+01, -0.74139613E+00,  0.31170592E+01,  0.70304794E+01,  0.10996438E+02,  0.15011961E+02,  0.19074064E+02,  0.23179930E+02,  0.27326956E+02,  0.31512777E+02,  0.35735237E+02,  0.39992390E+02,  0.44282463E+02,  0.48603867E+02,  0.52955151E+02,  0.57335007E+02,  0.61742256E+02,  0.66175827E+02,  0.70634766E+02,  0.75118202E+02,  0.79625351E+02,  0.84155518E+02,  0.88708076E+02,  0.93282455E+02,  0.97878166E+02,  0.10249474E+03,  0.10713180E+03,  0.11178898E+03,  0.11646596E+03,  0.12116246E+03,  0.12587823E+03,  0.13061304E+03,  0.13536668E+03,  0.14013896E+03,  0.14492973E+03,  0.14973880E+03,  0.15456602E+03,  0.15941125E+03,  0.16427432E+03
 -0.11250000E+01,  0.51336689E+02,  0.50558308E+02,  0.49689140E+02,  0.48737011E+02,  0.47709042E+02,  0.46611721E+02,  0.45450924E+02,  0.44231983E+02,  0.42959717E+02,  0.41638477E+02,  0.40272182E+02,  0.38864349E+02,  0.37418137E+02,  0.35936371E+02,  0.34421574E+02,  0.32875992E+02,  0.31301607E+02,  0.29700184E+02,  0.28073269E+02,  0.26422218E+02,  0.24748215E+02,  0.23052282E+02,  0.21335304E+02,  0.19598034E+02,  0.17841108E+02,  0.16065062E+02,  0.14270335E+02,  0.12457284E+02,  0.10626191E+02,  0.87772694E+01,  0.69106674E+01,  0.50264664E+01,  0.31246698E+01,  0.12051731E+01, -0.73229229E+00, -0.26690552E+01, -0.45587530E+01, -0.64175186E+01, -0.82646198E+01, -0.10102128E+02, -0.11928775E+02, -0.13743267E+02, -0.15544310E+02, -0.17330517E+02, -0.19100330E+02, -0.20852196E+02, -0.22584307E+02, -0.24294786E+02, -0.25981157E+02, -0.27640621E+02, -0.29270121E+02, -0.30866306E+02, -0.32425518E+02, -0.33943779E+02, -0.35416843E+02, -0.36840088E+02, -0.38208473E+02, -0.39516495E+02, -0.40758171E+02, -0.41926987E+02, -0.43015919E+02, -0.44017414E+02, -0.44923359E+02, -0.45725174E+02, -0.46413986E+02, -0.46980751E+02, -0.47416447E+02, -0.47712288E+02, -0.47859955E+02, -0.47851810E+02, -0.47681103E+02, -0.47342102E+02, -0.46830223E+02, -0.46142059E+02, -0.45275402E+02, -0.44229229E+02, -0.43003632E+02, -0.41599705E+02, -0.40019257E+02, -0.38264885E+02, -0.36339844E+02, -0.34247875E+02, -0.31993126E+02, -0.29580158E+02, -0.27014294E+02, -0.24301094E+02, -0.21446455E+02, -0.18455185E+02, -0.15330823E+02, -0.12077025E+02, -0.86932096E+01, -0.51768861E+01, -0.14479426E+01,  0.26024339E+01,  0.66997199E+01,  0.10841136E+02,  0.15023907E+02,  0.19245365E+02,  0.23503025E+02,  0.27794601E+02,  0.32118023E+02,  0.36471416E+02,  0.40853096E+02,  0.45261547E+02,  0.49695404E+02,  0.54153442E+02,  0.58634556E+02,  0.63137760E+02,  0.67662163E+02,  0.72206970E+02,  0.76771477E+02,  0.81355049E+02,  0.85957115E+02,  0.90577171E+02,  0.95214775E+02,  0.99869530E+02,  0.10454107E+03,  0.10922910E+03,  0.11393331E+03,  0.11865348E+03,  0.12338935E+03,  0.12814073E+03,  0.13290742E+03,  0.13768925E+03,  0.14248602E+03,  0.14729759E+03,  0.15212376E+03,  0.15696437E+03,  0.16181923E+03
 -0.10000000E+01,  0.50589607E+02,  0.49862358E+02,  0.49040226E+02,  0.48131092E+02,  0.47142162E+02,  0.46080002E+02,  0.44950592E+02,  0.43759361E+02,  0.42511227E+02,  0.41210644E+02,  0.39861626E+02,  0.38467800E+02,  0.37032410E+02,  0.35558372E+02,  0.34048298E+02,  0.32504501E+02,  0.30929050E+02,  0.29323763E+02,  0.27690250E+02,  0.26029917E+02,  0.24343988E+02,  0.22633530E+02,  0.20899448E+02,  0.19142519E+02,  0.17363392E+02,  0.15562607E+02,  0.13740601E+02,  0.11897722E+02,  0.10034235E+02,  0.81503353E+01,  0.62461486E+01,  0.43217363E+01,  0.23770757E+01,  0.41199011E+00, -0.15740715E+01, -0.35401134E+01, -0.54639759E+01, -0.73731856E+01, -0.92778082E+01, -0.11176385E+02, -0.13067765E+02, -0.14950800E+02, -0.16824333E+02, -0.18687056E+02, -0.20537601E+02, -0.22374523E+02, -0.24196287E+02, -0.26000788E+02, -0.27785582E+02, -0.29547983E+02, -0.31285028E+02, -0.32993462E+02, -0.34669754E+02, -0.36310104E+02, -0.37910332E+02, -0.39465820E+02, -0.40971458E+02, -0.42421581E+02, -0.43809933E+02, -0.45129520E+02, -0.46372532E+02, -0.47530403E+02, -0.48593811E+02, -0.49552696E+02, -0.50396400E+02, -0.51113861E+02, -0.51693909E+02, -0.52125565E+02, -0.52398460E+02, -0.52503170E+02, -0.52431496E+02, -0.52176693E+02, -0.51733593E+02, -0.51098660E+02, -0.50269924E+02, -0.49246868E+02, -0.48030266E+02, -0.46622204E+02, -0.45025951E+02, -0.43245708E+02, -0.41286224E+02, -0.39152294E+02, -0.36849064E+02, -0.34381977E+02, -0.31756683E+02, -0.28979134E+02, -0.26055977E+02, -0.22993929E+02, -0.19799952E+02, -0.16478086E+02, -0.13031969E+02, -0.94617958E+01, -0.57641912E+01, -0.18907924E+01,  0.23478532E+01,  0.66251140E+01,  0.10938050E+02,  0.15283928E+02,  0.19660275E+02,  0.24064882E+02,  0.28495798E+02,  0.32951283E+02,  0.37429794E+02,  0.41929962E+02,  0.46450558E+02,  0.50990479E+02,  0.55548756E+02,  0.60124512E+02,  0.64716965E+02,  0.69325432E+02,  0.73949295E+02,  0.78588020E+02,  0.83241127E+02,  0.87908195E+02,  0.92588852E+02,  0.97282776E+02,  0.10198966E+03,  0.10670927E+03,  0.11144137E+03,  0.11618575E+03,  0.12094221E+03,  0.12571059E+03,  0.13049072E+03,  0.13528242E+03,  0.14008557E+03,  0.14489996E+03,  0.14972543E+03,  0.15456181E+03,  0.15940891E+03
 -0.87500000E+00,  0.50154335E+02,  0.49442921E+02,  0.48635757E+02,  0.47740559E+02,  0.46764366E+02,  0.45713623E+02,  0.44594193E+02,  0.43411411E+02,  0.42170113E+02,  0.40874691E+02,  0.39529102E+02,  0.38136925E+02,  0.36701366E+02,  0.35225311E+02,  0.33711338E+02,  0.32161743E+02,  0.30578564E+02,  0.28963602E+02,  0.27318447E+02,  0.25644482E+02,  0.23942911E+02,  0.22214769E+02,  0.20460941E+02,  0.18682167E+02,  0.16879066E+02,  0.15052136E+02,  0.13201773E+02,  0.11328276E+02,  0.94318638E+01,  0.75126853E+01,  0.55708437E+01,  0.36064363E+01,  0.16196493E+01, -0.38900569E+00, -0.24164436E+01, -0.44085851E+01, -0.63761649E+01, -0.83396254E+01, -0.10301449E+02, -0.12260702E+02, -0.14216413E+02, -0.16167635E+02, -0.18113327E+02, -0.20052372E+02, -0.21983618E+02, -0.23905872E+02, -0.25817492E+02, -0.27716425E+02, -0.29600403E+02, -0.31466917E+02, -0.33313198E+02, -0.35136257E+02, -0.36932873E+02, -0.38699471E+02, -0.40432079E+02, -0.42126247E+02, -0.43777000E+02, -0.45378666E+02, -0.46924702E+02, -0.48407711E+02, -0.49819344E+02, -0.51150173E+02, -0.52389614E+02, -0.53525791E+02, -0.54545628E+02, -0.55435265E+02, -0.56180401E+02, -0.56766754E+02, -0.57180908E+02, -0.57410915E+02, -0.57446636E+02, -0.57280067E+02, -0.56905525E+02, -0.56319687E+02, -0.55521412E+02, -0.54511257E+02, -0.53290756E+02, -0.51863316E+02, -0.50234573E+02, -0.48411057E+02, -0.46399124E+02, -0.44205276E+02, -0.41836323E+02, -0.39298813E+02, -0.36599171E+02, -0.33743961E+02, -0.30739803E+02, -0.27593807E+02, -0.24313482E+02, -0.20906319E+02, -0.17377508E+02, -0.13730563E+02, -0.99665604E+01, -0.60813527E+01, -0.20367894E+01,  0.23866794E+01,  0.68393650E+01,  0.11318275E+02,  0.15820947E+02,  0.20345316E+02,  0.24889645E+02,  0.29452436E+02,  0.34032383E+02,  0.38628334E+02,  0.43239254E+02,  0.47864231E+02,  0.52502445E+02,  0.57153183E+02,  0.61815811E+02,  0.66489769E+02,  0.71174576E+02,  0.75869812E+02,  0.80575119E+02,  0.85290169E+02,  0.90014702E+02,  0.94748474E+02,  0.99491287E+02,  0.10424296E+03,  0.10900333E+03,  0.11377225E+03,  0.11854960E+03,  0.12333524E+03,  0.12812904E+03,  0.13293088E+03,  0.13774063E+03,  0.14255814E+03,  0.14738324E+03,  0.15221576E+03,  0.15705551E+03
 -0.75000000E+00,  0.50034264E+02,  0.49304012E+02,  0.48480293E+02,  0.47570404E+02,  0.46581017E+02,  0.45518230E+02,  0.44387600E+02,  0.43194176E+02,  0.41942551E+02,  0.40636879E+02,  0.39280922E+02,  0.37878067E+02,  0.36431362E+02,  0.34943539E+02,  0.33417034E+02,  0.31854031E+02,  0.30256447E+02,  0.28625982E+02,  0.26964127E+02,  0.25272171E+02,  0.23551233E+02,  0.21802265E+02,  0.20026068E+02,  0.18223303E+02,  0.16394503E+02,  0.14540086E+02,  0.12660362E+02,  0.10755542E+02,  0.88257399E+01,  0.68709869E+01,  0.48912144E+01,  0.28862288E+01,  0.85562146E+00, -0.12014834E+01, -0.32572773E+01, -0.52789698E+01, -0.72920856E+01, -0.93082304E+01, -0.11326198E+02, -0.13345139E+02, -0.15364233E+02, -0.17382677E+02, -0.19399595E+02, -0.21414202E+02, -0.23425520E+02, -0.25432430E+02, -0.27433289E+02, -0.29426268E+02, -0.31409344E+02, -0.33380268E+02, -0.35336636E+02, -0.37275871E+02, -0.39195110E+02, -0.41091171E+02, -0.42960476E+02, -0.44798981E+02, -0.46601906E+02, -0.48363724E+02, -0.50078075E+02, -0.51737621E+02, -0.53333839E+02, -0.54856789E+02, -0.56295109E+02, -0.57634811E+02, -0.58858814E+02, -0.59947662E+02, -0.60881336E+02, -0.61641563E+02, -0.62212318E+02, -0.62579369E+02, -0.62730587E+02, -0.62656883E+02, -0.62352665E+02, -0.61815422E+02, -0.61044113E+02, -0.60037483E+02, -0.58795799E+02, -0.57325748E+02, -0.55640278E+02, -0.53751892E+02, -0.51667255E+02, -0.49393707E+02, -0.46939487E+02, -0.44312538E+02, -0.41520859E+02, -0.38571827E+02, -0.35472523E+02, -0.32230045E+02, -0.28851521E+02, -0.25344852E+02, -0.21717794E+02, -0.17976704E+02, -0.14124551E+02, -0.10162457E+02, -0.60849452E+01, -0.18484482E+01,  0.27542856E+01,  0.73746352E+01,  0.12010599E+02,  0.16660543E+02,  0.21323214E+02,  0.25997559E+02,  0.30682646E+02,  0.35377621E+02,  0.40081703E+02,  0.44794193E+02,  0.49514481E+02,  0.54242020E+02,  0.58976353E+02,  0.63717091E+02,  0.68463905E+02,  0.73216515E+02,  0.77974701E+02,  0.82738281E+02,  0.87507095E+02,  0.92281036E+02,  0.97059990E+02,  0.10184387E+03,  0.10663262E+03,  0.11142616E+03,  0.11622443E+03,  0.12102737E+03,  0.12583492E+03,  0.13064696E+03,  0.13546344E+03,  0.14028421E+03,  0.14510916E+03,  0.14993814E+03,  0.15477094E+03
 -0.62500000E+00,  0.50218700E+02,  0.49436665E+02,  0.48566429E+02,  0.47614643E+02,  0.46587402E+02,  0.45490257E+02,  0.44328259E+02,  0.43106018E+02,  0.41827698E+02,  0.40497086E+02,  0.39117592E+02,  0.37692291E+02,  0.36223953E+02,  0.34715046E+02,  0.33167778E+02,  0.31584108E+02,  0.29965759E+02,  0.28314251E+02,  0.26630901E+02,  0.24916845E+02,  0.23173056E+02,  0.21400341E+02,  0.19599373E+02,  0.17770683E+02,  0.15914682E+02,  0.14031668E+02,  0.12121827E+02,  0.10185252E+02,  0.82219458E+01,  0.62318296E+01,  0.42147665E+01,  0.21705801E+01,  0.99116996E-01, -0.19996314E+01, -0.40802984E+01, -0.61399970E+01, -0.82018375E+01, -0.10269528E+02, -0.12342328E+02, -0.14419537E+02, -0.16500530E+02, -0.18584673E+02, -0.20671331E+02, -0.22759916E+02, -0.24849770E+02, -0.26939671E+02, -0.29028221E+02, -0.31113865E+02, -0.33194870E+02, -0.35269398E+02, -0.37335514E+02, -0.39391094E+02, -0.41433781E+02, -0.43460930E+02, -0.45469543E+02, -0.47455971E+02, -0.49416008E+02, -0.51344788E+02, -0.53236645E+02, -0.55084911E+02, -0.56881660E+02, -0.58615791E+02, -0.60273548E+02, -0.61840225E+02, -0.63295727E+02, -0.64600800E+02, -0.65704781E+02, -0.66576180E+02, -0.67216133E+02, -0.67642334E+02, -0.67870247E+02, -0.67904701E+02, -0.67737732E+02, -0.67347588E+02, -0.66699501E+02, -0.65755424E+02, -0.64501297E+02, -0.62970406E+02, -0.61212753E+02, -0.59245098E+02, -0.57066662E+02, -0.54690914E+02, -0.52131535E+02, -0.49396381E+02, -0.46494385E+02, -0.43434124E+02, -0.40224010E+02, -0.36871361E+02, -0.33383396E+02, -0.29767288E+02, -0.26030874E+02, -0.22182047E+02, -0.18227646E+02, -0.14169892E+02, -0.10008929E+02, -0.57372270E+01, -0.12839835E+01,  0.34843948E+01,  0.82589321E+01,  0.13038398E+02,  0.17822611E+02,  0.22611305E+02,  0.27404034E+02,  0.32200256E+02,  0.36999443E+02,  0.41801102E+02,  0.46604824E+02,  0.51410263E+02,  0.56217159E+02,  0.61025311E+02,  0.65834572E+02,  0.70644829E+02,  0.75456039E+02,  0.80268166E+02,  0.85081207E+02,  0.89895157E+02,  0.94710060E+02,  0.99525925E+02,  0.10434280E+03,  0.10916070E+03,  0.11397966E+03,  0.11879968E+03,  0.12362077E+03,  0.12844289E+03,  0.13326601E+03,  0.13809007E+03,  0.14291496E+03,  0.14774057E+03,  0.15256673E+03
 -0.50000000E+00,  0.50683529E+02,  0.49819561E+02,  0.48875416E+02,  0.47856892E+02,  0.46769287E+02,  0.45617413E+02,  0.44405659E+02,  0.43138008E+02,  0.41818073E+02,  0.40449120E+02,  0.39034088E+02,  0.37575630E+02,  0.36076122E+02,  0.34537678E+02,  0.32962173E+02,  0.31351278E+02,  0.29706438E+02,  0.28028921E+02,  0.26319815E+02,  0.24580038E+02,  0.22810362E+02,  0.21011410E+02,  0.19183672E+02,  0.17327515E+02,  0.15443188E+02,  0.13530828E+02,  0.11590470E+02,  0.96220522E+01,  0.76254220E+01,  0.56003418E+01,  0.35465038E+01,  0.14635557E+01, -0.64883202E+00, -0.27809761E+01, -0.48875871E+01, -0.69877539E+01, -0.90968208E+01, -0.11214506E+02, -0.13340326E+02, -0.15473816E+02, -0.17614557E+02, -0.19762154E+02, -0.21916267E+02, -0.24076563E+02, -0.26242353E+02, -0.28412632E+02, -0.30586275E+02, -0.32762028E+02, -0.34938545E+02, -0.37114487E+02, -0.39288399E+02, -0.41458683E+02, -0.43623585E+02, -0.45781097E+02, -0.47928719E+02, -0.50063587E+02, -0.52182415E+02, -0.54281429E+02, -0.56356239E+02, -0.58400593E+02, -0.60405464E+02, -0.62358387E+02, -0.64220413E+02, -0.65896530E+02, -0.67300003E+02, -0.68434021E+02, -0.69357849E+02, -0.70120872E+02, -0.70739059E+02, -0.71207680E+02, -0.71516121E+02, -0.71652992E+02, -0.71606384E+02, -0.71363800E+02, -0.70913803E+02, -0.70248558E+02, -0.69359398E+02, -0.68209946E+02, -0.66710838E+02, -0.64794800E+02, -0.62534882E+02, -0.60050846E+02, -0.57371220E+02, -0.54509281E+02, -0.51480656E+02, -0.48293835E+02, -0.44957794E+02, -0.41481274E+02, -0.37872063E+02, -0.34137272E+02, -0.30283962E+02, -0.26319773E+02, -0.22252636E+02, -0.18089308E+02, -0.13831342E+02, -0.94774199E+01, -0.50183258E+01, -0.31639218E+00,  0.46003690E+01,  0.95093622E+01,  0.14415420E+02,  0.19319403E+02,  0.24221010E+02,  0.29119719E+02,  0.34015064E+02,  0.38906696E+02,  0.43794392E+02,  0.48678032E+02,  0.53557564E+02,  0.58433014E+02,  0.63304447E+02,  0.68171967E+02,  0.73035698E+02,  0.77895805E+02,  0.82752426E+02,  0.87605736E+02,  0.92455902E+02,  0.97303078E+02,  0.10214742E+03,  0.10698905E+03,  0.11182811E+03,  0.11666468E+03,  0.12149885E+03,  0.12633067E+03,  0.13116016E+03,  0.13598729E+03,  0.14081204E+03,  0.14563432E+03,  0.15045401E+03
 -0.37500000E+00,  0.51392159E+02,  0.50419964E+02,  0.49378078E+02,  0.48271225E+02,  0.47103710E+02,  0.45879448E+02,  0.44601997E+02,  0.43274582E+02,  0.41900124E+02,  0.40481255E+02,  0.39020340E+02,  0.37519501E+02,  0.35980637E+02,  0.34405418E+02,  0.32795326E+02,  0.31151651E+02,  0.29475512E+02,  0.27767862E+02,  0.26029501E+02,  0.24261089E+02,  0.22463146E+02,  0.20636070E+02,  0.18780138E+02,  0.16895510E+02,  0.14982244E+02,  0.13040292E+02,  0.11069509E+02,  0.90696516E+01,  0.70403848E+01,  0.49812641E+01,  0.28917196E+01,  0.77098829E+00, -0.13820283E+01, -0.35389750E+01, -0.56749330E+01, -0.78162484E+01, -0.99697990E+01, -0.12134914E+02, -0.14311162E+02, -0.16498234E+02, -0.18695890E+02, -0.20903984E+02, -0.23122433E+02, -0.25351078E+02, -0.27589273E+02, -0.29836277E+02, -0.32091255E+02, -0.34353283E+02, -0.36621502E+02, -0.38895023E+02, -0.41172886E+02, -0.43454063E+02, -0.45737408E+02, -0.48021385E+02, -0.50304241E+02, -0.52584026E+02, -0.54858551E+02, -0.57125256E+02, -0.59379280E+02, -0.61613102E+02, -0.63797806E+02, -0.65820564E+02, -0.67542114E+02, -0.68963104E+02, -0.70184608E+02, -0.71273140E+02, -0.72237762E+02, -0.73072067E+02, -0.73769295E+02, -0.74321960E+02, -0.74721344E+02, -0.74957458E+02, -0.75019386E+02, -0.74895561E+02, -0.74574081E+02, -0.74042572E+02, -0.73286781E+02, -0.72288383E+02, -0.71028954E+02, -0.69500000E+02, -0.67647522E+02, -0.65325600E+02, -0.62577068E+02, -0.59593079E+02, -0.56427151E+02, -0.53101139E+02, -0.49627678E+02, -0.46015965E+02, -0.42274864E+02, -0.38412472E+02, -0.34435661E+02, -0.30351309E+02, -0.26166941E+02, -0.21890568E+02, -0.17528463E+02, -0.13081941E+02, -0.85481262E+01, -0.39174078E+01,  0.10819858E+01,  0.61029139E+01,  0.11127038E+02,  0.16146561E+02,  0.21158085E+02,  0.26160116E+02,  0.31152035E+02,  0.36133644E+02,  0.41104980E+02,  0.46066200E+02,  0.51017551E+02,  0.55959324E+02,  0.60891842E+02,  0.65815445E+02,  0.70730484E+02,  0.75637314E+02,  0.80536278E+02,  0.85427704E+02,  0.90311920E+02,  0.95189240E+02,  0.10005992E+03,  0.10492425E+03,  0.10978242E+03,  0.11463467E+03,  0.11948115E+03,  0.12432198E+03,  0.12915727E+03,  0.13398708E+03,  0.13881139E+03,  0.14363020E+03,  0.14844344E+03
 -0.25000000E+00,  0.52296898E+02,  0.51195068E+02,  0.50036064E+02,  0.48823353E+02,  0.47560093E+02,  0.46249149E+02,  0.44893124E+02,  0.43494362E+02,  0.42054989E+02,  0.40576912E+02,  0.39061836E+02,  0.37511272E+02,  0.35926563E+02,  0.34308884E+02,  0.32659245E+02,  0.30978516E+02,  0.29267427E+02,  0.27526577E+02,  0.25756435E+02,  0.23957361E+02,  0.22129593E+02,  0.20273268E+02,  0.18388420E+02,  0.16474983E+02,  0.14532799E+02,  0.12561615E+02,  0.10561092E+02,  0.85308084E+01,  0.64702640E+01,  0.43788896E+01,  0.22560611E+01,  0.10110330E+00, -0.20867369E+01, -0.42647429E+01, -0.64346180E+01, -0.86164608E+01, -0.10812449E+02, -0.13022359E+02, -0.15246017E+02, -0.17483356E+02, -0.19734394E+02, -0.21999262E+02, -0.24278122E+02, -0.26570801E+02, -0.28876877E+02, -0.31195869E+02, -0.33527222E+02, -0.35870426E+02, -0.38225021E+02, -0.40590542E+02, -0.42966518E+02, -0.45352448E+02, -0.47747543E+02, -0.50150856E+02, -0.52561348E+02, -0.54977890E+02, -0.57399128E+02, -0.59821350E+02, -0.62236599E+02, -0.64590286E+02, -0.66709030E+02, -0.68475060E+02, -0.69979935E+02, -0.71344704E+02, -0.72599915E+02, -0.73742699E+02, -0.74767662E+02, -0.75669060E+02, -0.76440407E+02, -0.77074669E+02, -0.77563774E+02, -0.77896339E+02, -0.78059311E+02, -0.78039551E+02, -0.77824631E+02, -0.77403297E+02, -0.76764786E+02, -0.75895226E+02, -0.74776443E+02, -0.73390648E+02, -0.71717285E+02, -0.69738327E+02, -0.67399757E+02, -0.64525459E+02, -0.61257526E+02, -0.57795128E+02, -0.54176414E+02, -0.50422394E+02, -0.46542416E+02, -0.42545406E+02, -0.38439491E+02, -0.34231255E+02, -0.29927343E+02, -0.25535299E+02, -0.21063118E+02, -0.16515697E+02, -0.11894048E+02, -0.71921325E+01, -0.23953972E+01,  0.28004572E+01,  0.79688654E+01,  0.13114803E+02,  0.18240475E+02,  0.23347036E+02,  0.28435261E+02,  0.33505802E+02,  0.38559296E+02,  0.43596359E+02,  0.48617634E+02,  0.53623741E+02,  0.58615314E+02,  0.63592960E+02,  0.68557274E+02,  0.73508835E+02,  0.78448189E+02,  0.83375862E+02,  0.88292336E+02,  0.93198074E+02,  0.98093506E+02,  0.10297900E+03,  0.10785493E+03,  0.11272159E+03,  0.11757924E+03,  0.12242810E+03,  0.12726836E+03,  0.13210013E+03,  0.13692348E+03,  0.14173846E+03,  0.14654504E+03
 -0.12500000E+00,  0.53340816E+02,  0.52093719E+02,  0.50803471E+02,  0.49472141E+02,  0.48101620E+02,  0.46693619E+02,  0.45249687E+02,  0.43771217E+02,  0.42259464E+02,  0.40715542E+02,  0.39140423E+02,  0.37534969E+02,  0.35899910E+02,  0.34235870E+02,  0.32543362E+02,  0.30822788E+02,  0.29074455E+02,  0.27298571E+02,  0.25495251E+02,  0.23664522E+02,  0.21806322E+02,  0.19920504E+02,  0.18006836E+02,  0.16065014E+02,  0.14094641E+02,  0.12095249E+02,  0.10066289E+02,  0.80071316E+01,  0.59170799E+01,  0.37953980E+01,  0.16413811E+01, -0.54546052E+00, -0.27621489E+01, -0.49623222E+01, -0.71647677E+01, -0.93835983E+01, -0.11618546E+02, -0.13869626E+02, -0.16136889E+02, -0.18420479E+02, -0.20720640E+02, -0.23037746E+02, -0.25372137E+02, -0.27723675E+02, -0.30092171E+02, -0.32477379E+02, -0.34879040E+02, -0.37297016E+02, -0.39731197E+02, -0.42181496E+02, -0.44647850E+02, -0.47130032E+02, -0.49627617E+02, -0.52140121E+02, -0.54667027E+02, -0.57207699E+02, -0.59759407E+02, -0.62314732E+02, -0.64809341E+02, -0.67036766E+02, -0.68889442E+02, -0.70506523E+02, -0.72007690E+02, -0.73410522E+02, -0.74711594E+02, -0.75907227E+02, -0.76994331E+02, -0.77970634E+02, -0.78828285E+02, -0.79555618E+02, -0.80140907E+02, -0.80571556E+02, -0.80834160E+02, -0.80914772E+02, -0.80799339E+02, -0.80474030E+02, -0.79925484E+02, -0.79141129E+02, -0.78110435E+02, -0.76827629E+02, -0.75280289E+02, -0.73440559E+02, -0.71283531E+02, -0.68785820E+02, -0.65802475E+02, -0.62286640E+02, -0.58537983E+02, -0.54639198E+02, -0.50617752E+02, -0.46483448E+02, -0.42245247E+02, -0.37910999E+02, -0.33486927E+02, -0.28979351E+02, -0.24395788E+02, -0.19743723E+02, -0.15025444E+02, -0.10238746E+02, -0.53696127E+01, -0.28828737E+00,  0.50058327E+01,  0.10269301E+02,  0.15503934E+02,  0.20711180E+02,  0.25892313E+02,  0.31048517E+02,  0.36180916E+02,  0.41290596E+02,  0.46378586E+02,  0.51445877E+02,  0.56493416E+02,  0.61522102E+02,  0.66532791E+02,  0.71526283E+02,  0.76503349E+02,  0.81464706E+02,  0.86411011E+02,  0.91342903E+02,  0.96260933E+02,  0.10116563E+03,  0.10605748E+03,  0.11093687E+03,  0.11580420E+03,  0.12065977E+03,  0.12550383E+03,  0.13033659E+03,  0.13515820E+03,  0.13996877E+03,  0.14476830E+03
  0.00000000E+00,  0.54460186E+02,  0.53058640E+02,  0.51628845E+02,  0.50171398E+02,  0.48686859E+02,  0.47175735E+02,  0.45638474E+02,  0.44075478E+02,  0.42487083E+02,  0.40873581E+02,  0.39235184E+02,  0.37572067E+02,  0.35884331E+02,  0.34172016E+02,  0.32435112E+02,  0.30673538E+02,  0.28887156E+02,  0.27075768E+02,  0.25239115E+02,  0.23376881E+02,  0.21488684E+02,  0.19574087E+02,  0.17632589E+02,  0.15663629E+02,  0.13666579E+02,  0.11640747E+02,  0.95853586E+01,  0.74995503E+01,  0.53823309E+01,  0.32325389E+01,  0.10487715E+01, -0.11706625E+01, -0.34060676E+01, -0.56276612E+01, -0.78607230E+01, -0.10112246E+02, -0.12381990E+02, -0.14669967E+02, -0.16976339E+02, -0.19301426E+02, -0.21645781E+02, -0.24009905E+02, -0.26394144E+02, -0.28798544E+02, -0.31223112E+02, -0.33667816E+02, -0.36132698E+02, -0.38617905E+02, -0.41123604E+02, -0.43650009E+02, -0.46197311E+02, -0.48765415E+02, -0.51354160E+02, -0.53963333E+02, -0.56592655E+02, -0.59240421E+02, -0.61901203E+02, -0.64525230E+02, -0.66899445E+02, -0.68876823E+02, -0.70607628E+02, -0.72229958E+02, -0.73762703E+02, -0.75203430E+02, -0.76550415E+02, -0.77803818E+02, -0.78961105E+02, -0.80012970E+02, -0.80949409E+02, -0.81759308E+02, -0.82430649E+02, -0.82950539E+02, -0.83305298E+02, -0.83480423E+02, -0.83460785E+02, -0.83230888E+02, -0.82775398E+02, -0.82079765E+02, -0.81131165E+02, -0.79919518E+02, -0.78437622E+02, -0.76682655E+02, -0.74641068E+02, -0.72276070E+02, -0.69556503E+02, -0.66387459E+02, -0.62621826E+02, -0.58599945E+02, -0.54438847E+02, -0.50168758E+02, -0.45799557E+02, -0.41340065E+02, -0.36797409E+02, -0.32177441E+02, -0.27486341E+02, -0.22731899E+02, -0.17921305E+02, -0.13055152E+02, -0.81306601E+01, -0.31409380E+01,  0.22690253E+01,  0.76422839E+01,  0.12979454E+02,  0.18281628E+02,  0.23550264E+02,  0.28786959E+02,  0.33993305E+02,  0.39170822E+02,  0.44320953E+02,  0.49445042E+02,  0.54544350E+02,  0.59620068E+02,  0.64673302E+02,  0.69705101E+02,  0.74716438E+02,  0.79708221E+02,  0.84681305E+02,  0.89636467E+02,  0.94574432E+02,  0.99495850E+02,  0.10440133E+03,  0.10929139E+03,  0.11416650E+03,  0.11902708E+03,  0.12387348E+03,  0.12870598E+03,  0.13352478E+03,  0.13833006E+03,  0.14312190E+03
  0.12500000E+00,  0.55587334E+02,  0.54028976E+02,  0.52457462E+02,  0.50871933E+02,  0.49271618E+02,  0.47655823E+02,  0.46023903E+02,  0.44375263E+02,  0.42709335E+02,  0.41025570E+02,  0.39323433E+02,  0.37602398E+02,  0.35861938E+02,  0.34101517E+02,  0.32320583E+02,  0.30518578E+02,  0.28694914E+02,  0.26848984E+02,  0.24980152E+02,  0.23087755E+02,  0.21171097E+02,  0.19229441E+02,  0.17262020E+02,  0.15268028E+02,  0.13246616E+02,  0.11196895E+02,  0.91179237E+01,  0.70086985E+01,  0.48681006E+01,  0.26947722E+01,  0.48676816E+00, -0.17593595E+01, -0.40095530E+01, -0.62544312E+01, -0.85157471E+01, -0.10796526E+02, -0.13096918E+02, -0.15417173E+02, -0.17757694E+02, -0.20119047E+02, -0.22501902E+02, -0.24907038E+02, -0.27334772E+02, -0.29785318E+02, -0.32258854E+02, -0.34755539E+02, -0.37275681E+02, -0.39819626E+02, -0.42387756E+02, -0.44980499E+02, -0.47598072E+02, -0.50240490E+02, -0.52907688E+02, -0.55599510E+02, -0.58315220E+02, -0.61051067E+02, -0.63782913E+02, -0.66335907E+02, -0.68483093E+02, -0.70329765E+02, -0.72058632E+02, -0.73704742E+02, -0.75266899E+02, -0.76744530E+02, -0.78139816E+02, -0.79449921E+02, -0.80666595E+02, -0.81780708E+02, -0.82782188E+02, -0.83659988E+02, -0.84401978E+02, -0.84995377E+02, -0.85427551E+02, -0.85684837E+02, -0.85752411E+02, -0.85614304E+02, -0.85253525E+02, -0.84652374E+02, -0.83792969E+02, -0.82660522E+02, -0.81246201E+02, -0.79545090E+02, -0.77556206E+02, -0.75280678E+02, -0.72676567E+02, -0.69705582E+02, -0.66269981E+02, -0.62220032E+02, -0.57941326E+02, -0.53540897E+02, -0.49046108E+02, -0.44466270E+02, -0.39809681E+02, -0.35082245E+02, -0.30289349E+02, -0.25437389E+02, -0.20533508E+02, -0.15579884E+02, -0.10572951E+02, -0.54951000E+01, -0.21803728E+00,  0.52612538E+01,  0.10695593E+02,  0.16086111E+02,  0.21435246E+02,  0.26745493E+02,  0.32019131E+02,  0.37258194E+02,  0.42464520E+02,  0.47639793E+02,  0.52785576E+02,  0.57903316E+02,  0.62994373E+02,  0.68060013E+02,  0.73101410E+02,  0.78119682E+02,  0.83115829E+02,  0.88090813E+02,  0.93045486E+02,  0.97980652E+02,  0.10289702E+03,  0.10779523E+03,  0.11267587E+03,  0.11753944E+03,  0.12238636E+03,  0.12721700E+03,  0.13203166E+03,  0.13683055E+03,  0.14161385E+03
  0.25000000E+00,  0.56653778E+02,  0.54943039E+02,  0.53233757E+02,  0.51523701E+02,  0.49810852E+02,  0.48093369E+02,  0.46369564E+02,  0.44637890E+02,  0.42896908E+02,  0.41145271E+02,  0.39381718E+02,  0.37605053E+02,  0.35814137E+02,  0.34007870E+02,  0.32185192E+02,  0.30345066E+02,  0.28486479E+02,  0.26608421E+02,  0.24709890E+02,  0.22789888E+02,  0.20847403E+02,  0.18881414E+02,  0.16890894E+02,  0.14874790E+02,  0.12832046E+02,  0.10761595E+02,  0.86623869E+01,  0.65334387E+01,  0.43739419E+01,  0.21835184E+01, -0.37182320E-01, -0.23111775E+01, -0.45759573E+01, -0.68423820E+01, -0.91276350E+01, -0.11432924E+02, -0.13758873E+02, -0.16106041E+02, -0.18475077E+02, -0.20866743E+02, -0.23281933E+02, -0.25721468E+02, -0.28185736E+02, -0.30675095E+02, -0.33189857E+02, -0.35730377E+02, -0.38297134E+02, -0.40890625E+02, -0.43511379E+02, -0.46159901E+02, -0.48836365E+02, -0.51540810E+02, -0.54273129E+02, -0.57033028E+02, -0.59818237E+02, -0.62620609E+02, -0.65346596E+02, -0.67722046E+02, -0.69709991E+02, -0.71534592E+02, -0.73279114E+02, -0.74946007E+02, -0.76534851E+02, -0.78048309E+02, -0.79485733E+02, -0.80839615E+02, -0.82101639E+02, -0.83262573E+02, -0.84312164E+02, -0.85239090E+02, -0.86032806E+02, -0.86682266E+02, -0.87175819E+02, -0.87500633E+02, -0.87642311E+02, -0.87584801E+02, -0.87310356E+02, -0.86799919E+02, -0.86033821E+02, -0.84992821E+02, -0.83659157E+02, -0.82022079E+02, -0.80081680E+02, -0.77842278E+02, -0.75309746E+02, -0.72439186E+02, -0.69186401E+02, -0.65398384E+02, -0.61051003E+02, -0.56538612E+02, -0.51928059E+02, -0.47237434E+02, -0.42475403E+02, -0.37649090E+02, -0.32763313E+02, -0.27823200E+02, -0.22835703E+02, -0.17807234E+02, -0.12736688E+02, -0.76180334E+01, -0.24397032E+01,  0.31591868E+01,  0.86849804E+01,  0.14153676E+02,  0.19573000E+02,  0.24947344E+02,  0.30279709E+02,  0.35572491E+02,  0.40827782E+02,  0.46047501E+02,  0.51233433E+02,  0.56387253E+02,  0.61510532E+02,  0.66604752E+02,  0.71671272E+02,  0.76711388E+02,  0.81726280E+02,  0.86717049E+02,  0.91684692E+02,  0.96630135E+02,  0.10155421E+03,  0.10645766E+03,  0.11134118E+03,  0.11620535E+03,  0.12105067E+03,  0.12587759E+03,  0.13068649E+03,  0.13547763E+03,  0.14025125E+03
  0.37500000E+00,  0.57593327E+02,  0.55741039E+02,  0.53903740E+02,  0.52077976E+02,  0.50260601E+02,  0.48448742E+02,  0.46639763E+02,  0.44831245E+02,  0.43020950E+02,  0.41206799E+02,  0.39386852E+02,  0.37559303E+02,  0.35722435E+02,  0.33874634E+02,  0.32014359E+02,  0.30140131E+02,  0.28250530E+02,  0.26344177E+02,  0.24419725E+02,  0.22475855E+02,  0.20511265E+02,  0.18524662E+02,  0.16514753E+02,  0.14480249E+02,  0.12419850E+02,  0.10332244E+02,  0.82161055E+01,  0.60700960E+01,  0.38928506E+01,  0.16829346E+01, -0.56131971E+00, -0.28417680E+01, -0.51128092E+01, -0.73933597E+01, -0.96953259E+01, -0.12018743E+02, -0.14364139E+02, -0.16732098E+02, -0.19123363E+02, -0.21538919E+02, -0.23979706E+02, -0.26446522E+02, -0.28939871E+02, -0.31460217E+02, -0.34007984E+02, -0.36583687E+02, -0.39187920E+02, -0.41821289E+02, -0.44484417E+02, -0.47177746E+02, -0.49901421E+02, -0.52655407E+02, -0.55439472E+02, -0.58252773E+02, -0.61091412E+02, -0.63929142E+02, -0.66565933E+02, -0.68768097E+02, -0.70693390E+02, -0.72523499E+02, -0.74280762E+02, -0.75964508E+02, -0.77576416E+02, -0.79119324E+02, -0.80586914E+02, -0.81971519E+02, -0.83264595E+02, -0.84456604E+02, -0.85537041E+02, -0.86496292E+02, -0.87324867E+02, -0.88012978E+02, -0.88549812E+02, -0.88923935E+02, -0.89123245E+02, -0.89133438E+02, -0.88936188E+02, -0.88509354E+02, -0.87829872E+02, -0.86876244E+02, -0.85628479E+02, -0.84068718E+02, -0.82185738E+02, -0.79985878E+02, -0.77479469E+02, -0.74672501E+02, -0.71506424E+02, -0.67933647E+02, -0.63699730E+02, -0.59102779E+02, -0.54390636E+02, -0.49602718E+02, -0.44748234E+02, -0.39834957E+02, -0.34867916E+02, -0.29851515E+02, -0.24791481E+02, -0.19694277E+02, -0.14560419E+02, -0.93852205E+01, -0.41520677E+01,  0.14358879E+01,  0.69954748E+01,  0.12513623E+02,  0.17986118E+02,  0.23412437E+02,  0.28793602E+02,  0.34131287E+02,  0.39427410E+02,  0.44683941E+02,  0.49902824E+02,  0.55085938E+02,  0.60235050E+02,  0.65351830E+02,  0.70437843E+02,  0.75494530E+02,  0.80523247E+02,  0.85525215E+02,  0.90501587E+02,  0.95453384E+02,  0.10038156E+03,  0.10528696E+03,  0.11017035E+03,  0.11503239E+03,  0.11987370E+03,  0.12469475E+03,  0.12949600E+03,  0.13427779E+03,  0.13904037E+03
  0.50000000E+00,  0.58344864E+02,  0.56367565E+02,  0.54417210E+02,  0.52489311E+02,  0.50579762E+02,  0.48684799E+02,  0.46800976E+02,  0.44925106E+02,  0.43054253E+02,  0.41185692E+02,  0.39316895E+02,  0.37445492E+02,  0.35569275E+02,  0.33686157E+02,  0.31794176E+02,  0.29891455E+02,  0.27976210E+02,  0.26046728E+02,  0.24101355E+02,  0.22138485E+02,  0.20156549E+02,  0.18154009E+02,  0.16129339E+02,  0.14081022E+02,  0.12007532E+02,  0.99073219E+01,  0.77788005E+01,  0.56203079E+01,  0.34300754E+01,  0.12061739E+01, -0.10535631E+01, -0.33364146E+01, -0.56111627E+01, -0.79015827E+01, -0.10214486E+02, -0.12550084E+02, -0.14908796E+02, -0.17291218E+02, -0.19698181E+02, -0.22130722E+02, -0.24589914E+02, -0.27076513E+02, -0.29591101E+02, -0.32134228E+02, -0.34706409E+02, -0.37308285E+02, -0.39940533E+02, -0.42603821E+02, -0.45298820E+02, -0.48025883E+02, -0.50785091E+02, -0.53576328E+02, -0.56399178E+02, -0.59251865E+02, -0.62128414E+02, -0.64961906E+02, -0.67472275E+02, -0.69560936E+02, -0.71470612E+02, -0.73306351E+02, -0.75072121E+02, -0.76768150E+02, -0.78398193E+02, -0.79960167E+02, -0.81446854E+02, -0.82850266E+02, -0.84161491E+02, -0.85370361E+02, -0.86467285E+02, -0.87443031E+02, -0.88288208E+02, -0.88992149E+02, -0.89544823E+02, -0.89939552E+02, -0.90171539E+02, -0.90232643E+02, -0.90106010E+02, -0.89764328E+02, -0.89174515E+02, -0.88306358E+02, -0.87138535E+02, -0.85653992E+02, -0.83837044E+02, -0.81682365E+02, -0.79204819E+02, -0.76420555E+02, -0.73311203E+02, -0.69811409E+02, -0.65804787E+02, -0.61171822E+02, -0.56383385E+02, -0.51515575E+02, -0.46585342E+02, -0.41600731E+02, -0.36567558E+02, -0.31489630E+02, -0.26371361E+02, -0.21218647E+02, -0.16033192E+02, -0.10809273E+02, -0.55275955E+01, -0.63203819E-01,  0.55738153E+01,  0.11154221E+02,  0.16679909E+02,  0.22152874E+02,  0.27575329E+02,  0.32949623E+02,  0.38278133E+02,  0.43563210E+02,  0.48807098E+02,  0.54011936E+02,  0.59179729E+02,  0.64312363E+02,  0.69411568E+02,  0.74478958E+02,  0.79516022E+02,  0.84524124E+02,  0.89504517E+02,  0.94458336E+02,  0.99386627E+02,  0.10429031E+03,  0.10917024E+03,  0.11402715E+03,  0.11886172E+03,  0.12367448E+03,  0.12846596E+03,  0.13323654E+03,  0.13798656E+03
  0.62500000E+00,  0.58854622E+02,  0.56773659E+02,  0.54729641E+02,  0.52717262E+02,  0.50731647E+02,  0.48768314E+02,  0.46823139E+02,  0.44892315E+02,  0.42972324E+02,  0.41059898E+02,  0.39152012E+02,  0.37245838E+02,  0.35338737E+02,  0.33428238E+02,  0.31512003E+02,  0.29587828E+02,  0.27653618E+02,  0.25707375E+02,  0.23747183E+02,  0.21771193E+02,  0.19777613E+02,  0.17764696E+02,  0.15730728E+02,  0.13674009E+02,  0.11592847E+02,  0.94855270E+01,  0.73502865E+01,  0.51852760E+01,  0.29885054E+01,  0.75780433E+00, -0.15091132E+01, -0.37895296E+01, -0.60664582E+01, -0.83624582E+01, -0.10681323E+02, -0.13023458E+02, -0.15389373E+02, -0.17779781E+02, -0.20195642E+02, -0.22638029E+02, -0.25108145E+02, -0.27606718E+02, -0.30134405E+02, -0.32691818E+02, -0.35279560E+02, -0.37898357E+02, -0.40548943E+02, -0.43232033E+02, -0.45948307E+02, -0.48698040E+02, -0.51481274E+02, -0.54297779E+02, -0.57146976E+02, -0.60026165E+02, -0.62925251E+02, -0.65723450E+02, -0.68118469E+02, -0.70146797E+02, -0.72052376E+02, -0.73890007E+02, -0.75659851E+02, -0.77363129E+02, -0.79003670E+02, -0.80575890E+02, -0.82072357E+02, -0.83484718E+02, -0.84803589E+02, -0.86018715E+02, -0.87120316E+02, -0.88098648E+02, -0.88942230E+02, -0.89638847E+02, -0.90181381E+02, -0.90570244E+02, -0.90809952E+02, -0.90900940E+02, -0.90830559E+02, -0.90568382E+02, -0.90069519E+02, -0.89289116E+02, -0.88196754E+02, -0.86777588E+02, -0.85019196E+02, -0.82910446E+02, -0.80461197E+02, -0.77692001E+02, -0.74617638E+02, -0.71170700E+02, -0.67294067E+02, -0.62703701E+02, -0.57863926E+02, -0.52936096E+02, -0.47949596E+02, -0.42912514E+02, -0.37831348E+02, -0.32709656E+02, -0.27551336E+02, -0.22362280E+02, -0.17146830E+02, -0.11900295E+02, -0.66088023E+01, -0.12286555E+01,  0.44740953E+01,  0.10108140E+02,  0.15678130E+02,  0.21188166E+02,  0.26641943E+02,  0.32042831E+02,  0.37393944E+02,  0.42698147E+02,  0.47958084E+02,  0.53176205E+02,  0.58354763E+02,  0.63495834E+02,  0.68601326E+02,  0.73672997E+02,  0.78712448E+02,  0.83721161E+02,  0.88700470E+02,  0.93651611E+02,  0.98575691E+02,  0.10347370E+03,  0.10834657E+03,  0.11319507E+03,  0.11801994E+03,  0.12282178E+03,  0.12760113E+03,  0.13235846E+03,  0.13709412E+03
  0.75000000E+00,  0.59077854E+02,  0.56918385E+02,  0.54803661E+02,  0.52727772E+02,  0.50685276E+02,  0.48671146E+02,  0.46680744E+02,  0.44709782E+02,  0.42754295E+02,  0.40810600E+02,  0.38875275E+02,  0.36945137E+02,  0.35017212E+02,  0.33088707E+02,  0.31157005E+02,  0.29219637E+02,  0.27274260E+02,  0.25318647E+02,  0.23350676E+02,  0.21368303E+02,  0.19369566E+02,  0.17352556E+02,  0.15315421E+02,  0.13256343E+02,  0.11173532E+02,  0.90652122E+01,  0.69295902E+01,  0.47648015E+01,  0.25687706E+01,  0.33885852E+00, -0.19290633E+01, -0.42024164E+01, -0.64783702E+01, -0.87748899E+01, -0.11094137E+02, -0.13436743E+02, -0.15803418E+02, -0.18195044E+02, -0.20612682E+02, -0.23057549E+02, -0.25530855E+02, -0.28033360E+02, -0.30565773E+02, -0.33128765E+02, -0.35723011E+02, -0.38349297E+02, -0.41008400E+02, -0.43701084E+02, -0.46428009E+02, -0.49189426E+02, -0.51985340E+02, -0.54815464E+02, -0.57679054E+02, -0.60572739E+02, -0.63480148E+02, -0.66232582E+02, -0.68544708E+02, -0.70542542E+02, -0.72443817E+02, -0.74279366E+02, -0.76048805E+02, -0.77754036E+02, -0.79397560E+02, -0.80972618E+02, -0.82471504E+02, -0.83885574E+02, -0.85204895E+02, -0.86419159E+02, -0.87518082E+02, -0.88490639E+02, -0.89322998E+02, -0.90002617E+02, -0.90525810E+02, -0.90899246E+02, -0.91134811E+02, -0.91238716E+02, -0.91201912E+02, -0.90994232E+02, -0.90564911E+02, -0.89855469E+02, -0.88824310E+02, -0.87454002E+02, -0.85737488E+02, -0.83664894E+02, -0.81239204E+02, -0.78485344E+02, -0.75425476E+02, -0.72009872E+02, -0.68180412E+02, -0.63664364E+02, -0.58795258E+02, -0.53831215E+02, -0.48810875E+02, -0.43742626E+02, -0.38633411E+02, -0.33487011E+02, -0.28307440E+02, -0.23100914E+02, -0.17873697E+02, -0.12623358E+02, -0.73411841E+01, -0.20080798E+01,  0.37395113E+01,  0.94087925E+01,  0.15006710E+02,  0.20538973E+02,  0.26010431E+02,  0.31425303E+02,  0.36787308E+02,  0.42099773E+02,  0.47365677E+02,  0.52587730E+02,  0.57768379E+02,  0.62909855E+02,  0.68014191E+02,  0.73083252E+02,  0.78118729E+02,  0.83122169E+02,  0.88094971E+02,  0.93038437E+02,  0.97953712E+02,  0.10284185E+03,  0.10770380E+03,  0.11254041E+03,  0.11735242E+03,  0.12214050E+03,  0.12690522E+03,  0.13164706E+03,  0.13636644E+03
  0.87500000E+00,  0.58979965E+02,  0.56769947E+02,  0.54610123E+02,  0.52494198E+02,  0.50416344E+02,  0.48371166E+02,  0.46353687E+02,  0.44359287E+02,  0.42383690E+02,  0.40422920E+02,  0.38473289E+02,  0.36531357E+02,  0.34593906E+02,  0.32657932E+02,  0.30720610E+02,  0.28779276E+02,  0.26831415E+02,  0.24874640E+02,  0.22906668E+02,  0.20925327E+02,  0.18928522E+02,  0.16914236E+02,  0.14880518E+02,  0.12825480E+02,  0.10747296E+02,  0.86442223E+01,  0.65146332E+01,  0.43571243E+01,  0.21707447E+01, -0.44450521E-01, -0.23142421E+01, -0.45789499E+01, -0.68487792E+01, -0.91395321E+01, -0.11452579E+02, -0.13788894E+02, -0.16149382E+02, -0.18535065E+02, -0.20947109E+02, -0.23386808E+02, -0.25855356E+02, -0.28353550E+02, -0.30882141E+02, -0.33441833E+02, -0.36033371E+02, -0.38657574E+02, -0.41315262E+02, -0.44007240E+02, -0.46734169E+02, -0.49496307E+02, -0.52293671E+02, -0.55125980E+02, -0.57992382E+02, -0.60889168E+02, -0.63794273E+02, -0.66509796E+02, -0.68773209E+02, -0.70753540E+02, -0.72647690E+02, -0.74477142E+02, -0.76241508E+02, -0.77943062E+02, -0.79583244E+02, -0.81155045E+02, -0.82650642E+02, -0.84061264E+02, -0.85376709E+02, -0.86586609E+02, -0.87680420E+02, -0.88646339E+02, -0.89469467E+02, -0.90137558E+02, -0.90648682E+02, -0.91012482E+02, -0.91243591E+02, -0.91350174E+02, -0.91324455E+02, -0.91136772E+02, -0.90734886E+02, -0.90055382E+02, -0.89050552E+02, -0.87700981E+02, -0.86001762E+02, -0.83944435E+02, -0.81529434E+02, -0.78782814E+02, -0.75728035E+02, -0.72324165E+02, -0.68508865E+02, -0.64032158E+02, -0.59154823E+02, -0.54179478E+02, -0.49148899E+02, -0.44071724E+02, -0.38955055E+02, -0.33802902E+02, -0.28619434E+02, -0.23411098E+02, -0.18184879E+02, -0.12939509E+02, -0.76681662E+01, -0.23547032E+01,  0.34042056E+01,  0.90821781E+01,  0.14685942E+02,  0.20221462E+02,  0.25693954E+02,  0.31107983E+02,  0.36467545E+02,  0.41776180E+02,  0.47037041E+02,  0.52252945E+02,  0.57426434E+02,  0.62559814E+02,  0.67655174E+02,  0.72714409E+02,  0.77739250E+02,  0.82731285E+02,  0.87691940E+02,  0.92622520E+02,  0.97524223E+02,  0.10239811E+03,  0.10724516E+03,  0.11206622E+03,  0.11686208E+03,  0.12163342E+03,  0.12638084E+03,  0.13110483E+03,  0.13580585E+03
  0.10000000E+01,  0.58537170E+02,  0.56306389E+02,  0.54128841E+02,  0.51998020E+02,  0.49907909E+02,  0.47852932E+02,  0.45827915E+02,  0.43828072E+02,  0.41848957E+02,  0.39886436E+02,  0.37936665E+02,  0.35996067E+02,  0.34061287E+02,  0.32129200E+02,  0.30196854E+02,  0.28261480E+02,  0.26320459E+02,  0.24371304E+02,  0.22411648E+02,  0.20439228E+02,  0.18451872E+02,  0.16447489E+02,  0.14424053E+02,  0.12379603E+02,  0.10312235E+02,  0.82200994E+01,  0.61014047E+01,  0.39544156E+01,  0.17774279E+01, -0.43134469E+00, -0.26816931E+01, -0.49265728E+01, -0.71809196E+01, -0.94574680E+01, -0.11756621E+02, -0.14079238E+02, -0.16426180E+02, -0.18798471E+02, -0.21197334E+02, -0.23624033E+02, -0.26079729E+02, -0.28565239E+02, -0.31081329E+02, -0.33628731E+02, -0.36208218E+02, -0.38820648E+02, -0.41466873E+02, -0.44147739E+02, -0.46863937E+02, -0.49615772E+02, -0.52403320E+02, -0.55226368E+02, -0.58084114E+02, -0.60972858E+02, -0.63868828E+02, -0.66567413E+02, -0.68812897E+02, -0.70781204E+02, -0.72664810E+02, -0.74484085E+02, -0.76238632E+02, -0.77930672E+02, -0.79561707E+02, -0.81124786E+02, -0.82612160E+02, -0.84015129E+02, -0.85323654E+02, -0.86527473E+02, -0.87616249E+02, -0.88578606E+02, -0.89400276E+02, -0.90068977E+02, -0.90581917E+02, -0.90947006E+02, -0.91177048E+02, -0.91278671E+02, -0.91242912E+02, -0.91039459E+02, -0.90616882E+02, -0.89915161E+02, -0.88891113E+02, -0.87526871E+02, -0.85816093E+02, -0.83749336E+02, -0.81328819E+02, -0.78579849E+02, -0.75525032E+02, -0.72117393E+02, -0.68297630E+02, -0.63800289E+02, -0.58933689E+02, -0.53971840E+02, -0.48954838E+02, -0.43891106E+02, -0.38787628E+02, -0.33648289E+02, -0.28477238E+02, -0.23280909E+02, -0.18066149E+02, -0.12831466E+02, -0.75697412E+01, -0.22646656E+01,  0.34774930E+01,  0.91383076E+01,  0.14724890E+02,  0.20243372E+02,  0.25699020E+02,  0.31096371E+02,  0.36439373E+02,  0.41731506E+02,  0.46975861E+02,  0.52175201E+02,  0.57332027E+02,  0.62448601E+02,  0.67526978E+02,  0.72569031E+02,  0.77576469E+02,  0.82550858E+02,  0.87493614E+02,  0.92406029E+02,  0.97289291E+02,  0.10214447E+03,  0.10697253E+03,  0.11177432E+03,  0.11655064E+03,  0.12130218E+03,  0.12602952E+03,  0.13073322E+03,  0.13541370E+03
  0.11250000E+01,  0.57736809E+02,  0.55515984E+02,  0.53348969E+02,  0.51229267E+02,  0.49150833E+02,  0.47108082E+02,  0.45095821E+02,  0.43109234E+02,  0.41143856E+02,  0.39195522E+02,  0.37260361E+02,  0.35334766E+02,  0.33415359E+02,  0.31498972E+02,  0.29582636E+02,  0.27663548E+02,  0.25739059E+02,  0.23806656E+02,  0.21863945E+02,  0.19908636E+02,  0.17938524E+02,  0.15951487E+02,  0.13945459E+02,  0.11918430E+02,  0.98684244E+01,  0.77934914E+01,  0.56916819E+01,  0.35610192E+01,  0.13994462E+01, -0.79526722E+00, -0.30203123E+01, -0.52395496E+01, -0.74718199E+01, -0.97269039E+01, -0.12004959E+02, -0.14306661E+02, -0.16632759E+02, -0.18984221E+02, -0.21362259E+02, -0.23768078E+02, -0.26202782E+02, -0.28667179E+02, -0.31162033E+02, -0.33688072E+02, -0.36246086E+02, -0.38836952E+02, -0.41461544E+02, -0.44120750E+02, -0.46815311E+02, -0.49545620E+02, -0.52311848E+02, -0.55113930E+02, -0.57951271E+02, -0.60820526E+02, -0.63701435E+02, -0.66405647E+02, -0.68663506E+02, -0.70624382E+02, -0.72493904E+02, -0.74298836E+02, -0.76038681E+02, -0.77715233E+02, -0.79331062E+02, -0.80879608E+02, -0.82353363E+02, -0.83743904E+02, -0.85041664E+02, -0.86236580E+02, -0.87318794E+02, -0.88278267E+02, -0.89102753E+02, -0.89780098E+02, -0.90304497E+02, -0.90678223E+02, -0.90907669E+02, -0.90994301E+02, -0.90925690E+02, -0.90670784E+02, -0.90182861E+02, -0.89414200E+02, -0.88332710E+02, -0.86923485E+02, -0.85175217E+02, -0.83076820E+02, -0.80636848E+02, -0.77876808E+02, -0.74813972E+02, -0.71384163E+02, -0.67532242E+02, -0.62969738E+02, -0.58134644E+02, -0.53211430E+02, -0.48231827E+02, -0.43203854E+02, -0.38134079E+02, -0.33026081E+02, -0.27883829E+02, -0.22713480E+02, -0.17520624E+02, -0.12302200E+02, -0.70482163E+01, -0.17344669E+01,  0.39604030E+01,  0.95768881E+01,  0.15122668E+02,  0.20603670E+02,  0.26024675E+02,  0.31389700E+02,  0.36702240E+02,  0.41965405E+02,  0.47181976E+02,  0.52354504E+02,  0.57485291E+02,  0.62576462E+02,  0.67629951E+02,  0.72647537E+02,  0.77630859E+02,  0.82581406E+02,  0.87500549E+02,  0.92389534E+02,  0.97249512E+02,  0.10208151E+03,  0.10688648E+03,  0.11166526E+03,  0.11641862E+03,  0.12114725E+03,  0.12585172E+03,  0.13053259E+03,  0.13519029E+03
  0.12500000E+01,  0.56577488E+02,  0.54397362E+02,  0.52269207E+02,  0.50186695E+02,  0.48143955E+02,  0.46135548E+02,  0.44156429E+02,  0.42201904E+02,  0.40267624E+02,  0.38349529E+02,  0.36443840E+02,  0.34547031E+02,  0.32655796E+02,  0.30767040E+02,  0.28877846E+02,  0.26985468E+02,  0.25087303E+02,  0.23180880E+02,  0.21263840E+02,  0.19333925E+02,  0.17388960E+02,  0.15426839E+02,  0.13445511E+02,  0.11442964E+02,  0.94172087E+01,  0.73662648E+01,  0.52881355E+01,  0.31807888E+01,  0.10421298E+01, -0.11300251E+01, -0.33246086E+01, -0.55136542E+01, -0.77182784E+01, -0.99456587E+01, -0.12196061E+02, -0.14470045E+02, -0.16768270E+02, -0.19091637E+02, -0.21441320E+02, -0.23818445E+02, -0.26224066E+02, -0.28658949E+02, -0.31123835E+02, -0.33619431E+02, -0.36146511E+02, -0.38705944E+02, -0.41298618E+02, -0.43925442E+02, -0.46587238E+02, -0.49284481E+02, -0.52017490E+02, -0.54786366E+02, -0.57590847E+02, -0.60428276E+02, -0.63285072E+02, -0.66011513E+02, -0.68315895E+02, -0.70279388E+02, -0.72131630E+02, -0.73917976E+02, -0.75638161E+02, -0.77293182E+02, -0.78886787E+02, -0.80413818E+02, -0.81867088E+02, -0.83238525E+02, -0.84519157E+02, -0.85698906E+02, -0.86768326E+02, -0.87718277E+02, -0.88538918E+02, -0.89219177E+02, -0.89749878E+02, -0.90126221E+02, -0.90345284E+02, -0.90400246E+02, -0.90274376E+02, -0.89938957E+02, -0.89358673E+02, -0.88501099E+02, -0.87344048E+02, -0.85871216E+02, -0.84067177E+02, -0.81924744E+02, -0.79458778E+02, -0.76686028E+02, -0.73596519E+02, -0.70121796E+02, -0.66167160E+02, -0.61554897E+02, -0.56773945E+02, -0.51914104E+02, -0.46995052E+02, -0.42024624E+02, -0.37008675E+02, -0.31950754E+02, -0.26854895E+02, -0.21726830E+02, -0.16569235E+02, -0.11376740E+02, -0.61330409E+01, -0.76795512E+00,  0.48416657E+01,  0.10384751E+02,  0.15866918E+02,  0.21291746E+02,  0.26662159E+02,  0.31980843E+02,  0.37250355E+02,  0.42473129E+02,  0.47651485E+02,  0.52787594E+02,  0.57883492E+02,  0.62941078E+02,  0.67962120E+02,  0.72948242E+02,  0.77900963E+02,  0.82821671E+02,  0.87711647E+02,  0.92572067E+02,  0.97404015E+02,  0.10220847E+03,  0.10698633E+03,  0.11173840E+03,  0.11646542E+03,  0.12116805E+03,  0.12584686E+03,  0.13050238E+03,  0.13513504E+03
  0.13750000E+01,  0.55068996E+02,  0.52959488E+02,  0.50897724E+02,  0.48877758E+02,  0.46894062E+02,  0.44941525E+02,  0.43015388E+02,  0.41111248E+02,  0.39224991E+02,  0.37352791E+02,  0.35491081E+02,  0.33636524E+02,  0.31785988E+02,  0.29936531E+02,  0.28085388E+02,  0.26229939E+02,  0.24367704E+02,  0.22496323E+02,  0.20613537E+02,  0.18717182E+02,  0.16805170E+02,  0.14875471E+02,  0.12926105E+02,  0.10955123E+02,  0.89605865E+01,  0.69405560E+01,  0.48930688E+01,  0.28161252E+01,  0.70769036E+00, -0.14342823E+01, -0.35926468E+01, -0.57470522E+01, -0.79185619E+01, -0.10112425E+02, -0.12329008E+02, -0.14568797E+02, -0.16832390E+02, -0.19120619E+02, -0.21434599E+02, -0.23775379E+02, -0.26143950E+02, -0.28541027E+02, -0.30967299E+02, -0.33423424E+02, -0.35910126E+02, -0.38428242E+02, -0.40978638E+02, -0.43562218E+02, -0.46179867E+02, -0.48832153E+02, -0.51519520E+02, -0.54242252E+02, -0.57000439E+02, -0.59792355E+02, -0.62610600E+02, -0.65359711E+02, -0.67748024E+02, -0.69738853E+02, -0.71572685E+02, -0.73336189E+02, -0.75031891E+02, -0.76659676E+02, -0.78222664E+02, -0.79719650E+02, -0.81143585E+02, -0.82486717E+02, -0.83740440E+02, -0.84895012E+02, -0.85940544E+02, -0.86867622E+02, -0.87667023E+02, -0.88328888E+02, -0.88842499E+02, -0.89197182E+02, -0.89382034E+02, -0.89383553E+02, -0.89183243E+02, -0.88757881E+02, -0.88083023E+02, -0.87136566E+02, -0.85898643E+02, -0.84351135E+02, -0.82481224E+02, -0.80294395E+02, -0.77801643E+02, -0.75012947E+02, -0.71874611E+02, -0.68339149E+02, -0.64170929E+02, -0.59585522E+02, -0.54883213E+02, -0.50108410E+02, -0.45270721E+02, -0.40377800E+02, -0.35434669E+02, -0.30445320E+02, -0.25414701E+02, -0.20348507E+02, -0.15246481E+02, -0.10101454E+02, -0.48896179E+01,  0.59725696E+00,  0.60784826E+01,  0.11526505E+02,  0.16930559E+02,  0.22287094E+02,  0.27595703E+02,  0.32857365E+02,  0.38073650E+02,  0.43246357E+02,  0.48377346E+02,  0.53468433E+02,  0.58521381E+02,  0.63537849E+02,  0.68519402E+02,  0.73467506E+02,  0.78383514E+02,  0.83268707E+02,  0.88124237E+02,  0.92951195E+02,  0.97750572E+02,  0.10252328E+03,  0.10727015E+03,  0.11199194E+03,  0.11668932E+03,  0.12136295E+03,  0.12601334E+03,  0.13064101E+03,  0.13524637E+03
  0.15000000E+01,  0.53232098E+02,  0.51221367E+02,  0.49251915E+02,  0.47318340E+02,  0.45415657E+02,  0.43539230E+02,  0.41684765E+02,  0.39848255E+02,  0.38025978E+02,  0.36214458E+02,  0.34410439E+02,  0.32610870E+02,  0.30812895E+02,  0.29013813E+02,  0.27211079E+02,  0.25402281E+02,  0.23585127E+02,  0.21757431E+02,  0.19917099E+02,  0.18062120E+02,  0.16190548E+02,  0.14300490E+02,  0.12390099E+02,  0.10457547E+02,  0.85010204E+01,  0.65186820E+01,  0.45086522E+01,  0.24689696E+01,  0.39757416E+00, -0.17076110E+01, -0.38240848E+01, -0.59392457E+01, -0.80721960E+01, -0.10226892E+02, -0.12403703E+02, -0.14603057E+02, -0.16825493E+02, -0.19071779E+02, -0.21342936E+02, -0.23639931E+02, -0.25963699E+02, -0.28314873E+02, -0.30694056E+02, -0.33101837E+02, -0.35538841E+02, -0.38005829E+02, -0.40503601E+02, -0.43033020E+02, -0.45594971E+02, -0.48190090E+02, -0.50818901E+02, -0.53481842E+02, -0.56179245E+02, -0.58910492E+02, -0.61671688E+02, -0.64419327E+02, -0.66917343E+02, -0.68985344E+02, -0.70809471E+02, -0.72546074E+02, -0.74212547E+02, -0.75807671E+02, -0.77332283E+02, -0.78789284E+02, -0.80173164E+02, -0.81476448E+02, -0.82690781E+02, -0.83806885E+02, -0.84814331E+02, -0.85702614E+02, -0.86461433E+02, -0.87080147E+02, -0.87547325E+02, -0.87850266E+02, -0.87974770E+02, -0.87904877E+02, -0.87622780E+02, -0.87109230E+02, -0.86344337E+02, -0.85308456E+02, -0.83983589E+02, -0.82356735E+02, -0.80427933E+02, -0.78201881E+02, -0.75685715E+02, -0.72842194E+02, -0.69623848E+02, -0.65913696E+02, -0.61597851E+02, -0.57099358E+02, -0.52503315E+02, -0.47831791E+02, -0.43093212E+02, -0.38294750E+02, -0.33440990E+02, -0.28536751E+02, -0.23588627E+02, -0.18603481E+02, -0.13581646E+02, -0.85206556E+01, -0.34131360E+01,  0.21060090E+01,  0.75529761E+01,  0.12941533E+02,  0.18277987E+02,  0.23565819E+02,  0.28807457E+02,  0.34004925E+02,  0.39160080E+02,  0.44274689E+02,  0.49350433E+02,  0.54388939E+02,  0.59391735E+02,  0.64360275E+02,  0.69295937E+02,  0.74200005E+02,  0.79073677E+02,  0.83918076E+02,  0.88734253E+02,  0.93523163E+02,  0.98285706E+02,  0.10302270E+03,  0.10773490E+03,  0.11242300E+03,  0.11708762E+03,  0.12172933E+03,  0.12634866E+03,  0.13094604E+03,  0.13552190E+03
  0.16250000E+01,  0.51098007E+02,  0.49211575E+02,  0.47357868E+02,  0.45532261E+02,  0.43730453E+02,  0.41948467E+02,  0.40182590E+02,  0.38429367E+02,  0.36685570E+02,  0.34948170E+02,  0.33214336E+02,  0.31481394E+02,  0.29746832E+02,  0.28008274E+02,  0.26263464E+02,  0.24510263E+02,  0.22746628E+02,  0.20970604E+02,  0.19180315E+02,  0.17373951E+02,  0.15549765E+02,  0.13706053E+02,  0.11841158E+02,  0.99534492E+01,  0.80413141E+01,  0.61031308E+01,  0.41372170E+01,  0.21417079E+01,  0.11423987E+00, -0.19488502E+01, -0.40190783E+01, -0.60904369E+01, -0.81795549E+01, -0.10289562E+02, -0.12420811E+02, -0.14573692E+02, -0.16748688E+02, -0.18946480E+02, -0.21167967E+02, -0.23414032E+02, -0.25685534E+02, -0.27982992E+02, -0.30306902E+02, -0.32657734E+02, -0.35035973E+02, -0.37442245E+02, -0.39877235E+02, -0.42341679E+02, -0.44836380E+02, -0.47362000E+02, -0.49919052E+02, -0.52508018E+02, -0.55129360E+02, -0.57783298E+02, -0.60467712E+02, -0.63169807E+02, -0.65759270E+02, -0.67972382E+02, -0.69828712E+02, -0.71538147E+02, -0.73170990E+02, -0.74728935E+02, -0.76210609E+02, -0.77616959E+02, -0.78948853E+02, -0.80199242E+02, -0.81359909E+02, -0.82421730E+02, -0.83374649E+02, -0.84207603E+02, -0.84908478E+02, -0.85465500E+02, -0.85866135E+02, -0.86096802E+02, -0.86142723E+02, -0.85987953E+02, -0.85615517E+02, -0.85007729E+02, -0.84146599E+02, -0.83015717E+02, -0.81605782E+02, -0.79911896E+02, -0.77933411E+02, -0.75673340E+02, -0.73095757E+02, -0.70160141E+02, -0.66796364E+02, -0.62799858E+02, -0.58537640E+02, -0.54154221E+02, -0.49681210E+02, -0.45128036E+02, -0.40502926E+02, -0.35811909E+02, -0.31060068E+02, -0.26253229E+02, -0.21398432E+02, -0.16499521E+02, -0.11554265E+02, -0.65506401E+01, -0.14447150E+01,  0.39885559E+01,  0.93513403E+01,  0.14656588E+02,  0.19911497E+02,  0.25120436E+02,  0.30286371E+02,  0.35411560E+02,  0.40497883E+02,  0.45546997E+02,  0.50560429E+02,  0.55539589E+02,  0.60485809E+02,  0.65400337E+02,  0.70284355E+02,  0.75138962E+02,  0.79965202E+02,  0.84764030E+02,  0.89536354E+02,  0.94283020E+02,  0.99004799E+02,  0.10370241E+03,  0.10837653E+03,  0.11302776E+03,  0.11765665E+03,  0.12226373E+03,  0.12684946E+03,  0.13141423E+03,  0.13595845E+03
  0.17500000E+01,  0.48707588E+02,  0.46967384E+02,  0.45249577E+02,  0.43550480E+02,  0.41866665E+02,  0.40194920E+02,  0.38532265E+02,  0.36875885E+02,  0.35223152E+02,  0.33571587E+02,  0.31918844E+02,  0.30262716E+02,  0.28601105E+02,  0.26932011E+02,  0.25253536E+02,  0.23563860E+02,  0.21861240E+02,  0.20144001E+02,  0.18410522E+02,  0.16659243E+02,  0.14888644E+02,  0.13097254E+02,  0.11283643E+02,  0.94464293E+01,  0.75842915E+01,  0.56960030E+01,  0.37805088E+01,  0.18371077E+01, -0.13412106E+00, -0.21564169E+01, -0.41783991E+01, -0.62017007E+01, -0.82417994E+01, -0.10301631E+02, -0.12381639E+02, -0.14482199E+02, -0.16603724E+02, -0.18746788E+02, -0.20912111E+02, -0.23100473E+02, -0.25312637E+02, -0.27548981E+02, -0.29809849E+02, -0.32095551E+02, -0.34406384E+02, -0.36742771E+02, -0.39105209E+02, -0.41494236E+02, -0.43910454E+02, -0.46354454E+02, -0.48826622E+02, -0.51327335E+02, -0.53856979E+02, -0.56415974E+02, -0.59003666E+02, -0.61616398E+02, -0.64215416E+02, -0.66601326E+02, -0.68588654E+02, -0.70298866E+02, -0.71895424E+02, -0.73412239E+02, -0.74847702E+02, -0.76199730E+02, -0.77467979E+02, -0.78652214E+02, -0.79744659E+02, -0.80736259E+02, -0.81616913E+02, -0.82375626E+02, -0.83000465E+02, -0.83478683E+02, -0.83796600E+02, -0.83939766E+02, -0.83893166E+02, -0.83641312E+02, -0.83168739E+02, -0.82460808E+02, -0.81504509E+02, -0.80289421E+02, -0.78808365E+02, -0.77057564E+02, -0.75030800E+02, -0.72690094E+02, -0.70003555E+02, -0.66905609E+02, -0.63199516E+02, -0.59197224E+02, -0.55055931E+02, -0.50810280E+02, -0.46470829E+02, -0.42046406E+02, -0.37544384E+02, -0.32970367E+02, -0.28330086E+02, -0.23630672E+02, -0.18878908E+02, -0.14075016E+02, -0.92148857E+01, -0.42843437E+01,  0.97765154E+00,  0.62371225E+01,  0.11468672E+02,  0.16663717E+02,  0.21820135E+02,  0.26938194E+02,  0.32018982E+02,  0.37063816E+02,  0.42074036E+02,  0.47050930E+02,  0.51995724E+02,  0.56909573E+02,  0.61793568E+02,  0.66648735E+02,  0.71476044E+02,  0.76276405E+02,  0.81050682E+02,  0.85799675E+02,  0.90524139E+02,  0.95224777E+02,  0.99902252E+02,  0.10455716E+03,  0.10919008E+03,  0.11380153E+03,  0.11839198E+03,  0.12296189E+03,  0.12751166E+03,  0.13204166E+03,  0.13655220E+03
  0.18750000E+01,  0.46110043E+02,  0.44533550E+02,  0.42967758E+02,  0.41410057E+02,  0.39857998E+02,  0.38309273E+02,  0.36761700E+02,  0.35213215E+02,  0.33661850E+02,  0.32105743E+02,  0.30543114E+02,  0.28972260E+02,  0.27391552E+02,  0.25799421E+02,  0.24194366E+02,  0.22574926E+02,  0.20939697E+02,  0.19287312E+02,  0.17616440E+02,  0.15925787E+02,  0.14214088E+02,  0.12480108E+02,  0.10722639E+02,  0.89405031E+01,  0.71325622E+01,  0.52977209E+01,  0.34349387E+01,  0.15432273E+01, -0.37840980E+00, -0.23437600E+01, -0.43082552E+01, -0.62761850E+01, -0.82609205E+01, -0.10264738E+02, -0.12287853E+02, -0.14330470E+02, -0.16392832E+02, -0.18475330E+02, -0.20578468E+02, -0.22702858E+02, -0.24849129E+02, -0.27017502E+02, -0.29208126E+02, -0.31421108E+02, -0.33656525E+02, -0.35914516E+02, -0.38195309E+02, -0.40499165E+02, -0.42826378E+02, -0.45177303E+02, -0.47552097E+02, -0.49950844E+02, -0.52373623E+02, -0.54820553E+02, -0.57291683E+02, -0.59785175E+02, -0.62294609E+02, -0.64755516E+02, -0.66958298E+02, -0.68784790E+02, -0.70369316E+02, -0.71842491E+02, -0.73228989E+02, -0.74526100E+02, -0.75730278E+02, -0.76838745E+02, -0.77849693E+02, -0.78757149E+02, -0.79550537E+02, -0.80219040E+02, -0.80750824E+02, -0.81133110E+02, -0.81352356E+02, -0.81394608E+02, -0.81245827E+02, -0.80892258E+02, -0.80320786E+02, -0.79519073E+02, -0.78476227E+02, -0.77185440E+02, -0.75639641E+02, -0.73811081E+02, -0.71674385E+02, -0.69205589E+02, -0.66295799E+02, -0.62828461E+02, -0.59100910E+02, -0.55224319E+02, -0.51229736E+02, -0.47127914E+02, -0.42927975E+02, -0.38638107E+02, -0.34264534E+02, -0.29813471E+02, -0.25292084E+02, -0.20707922E+02, -0.16064486E+02, -0.11361038E+02, -0.65870485E+01, -0.17033198E+01,  0.35284762E+01,  0.87009268E+01,  0.13829459E+02,  0.18920059E+02,  0.23975464E+02,  0.28997316E+02,  0.33986877E+02,  0.38945259E+02,  0.43873493E+02,  0.48772564E+02,  0.53643394E+02,  0.58486866E+02,  0.63303822E+02,  0.68095055E+02,  0.72861313E+02,  0.77603310E+02,  0.82321724E+02,  0.87017181E+02,  0.91690292E+02,  0.96341599E+02,  0.10097164E+03,  0.10558090E+03,  0.11016985E+03,  0.11473891E+03,  0.11928847E+03,  0.12381890E+03,  0.12833055E+03,  0.13282372E+03,  0.13729871E+03
  0.20000000E+01,  0.43361084E+02,  0.41960659E+02,  0.40558357E+02,  0.39152740E+02,  0.37742420E+02,  0.36326054E+02,  0.34902317E+02,  0.33469944E+02,  0.32027683E+02,  0.30574329E+02,  0.29108696E+02,  0.27629633E+02,  0.26136007E+02,  0.24626717E+02,  0.23100674E+02,  0.21556816E+02,  0.19994091E+02,  0.18411467E+02,  0.16807920E+02,  0.15182439E+02,  0.13534020E+02,  0.11861670E+02,  0.10164399E+02,  0.84412203E+01,  0.66911483E+01,  0.49131932E+01,  0.31063416E+01,  0.12695308E+01, -0.59841192E+00, -0.25026557E+01, -0.44052715E+01, -0.63127007E+01, -0.82368984E+01, -0.10179629E+02, -0.12140821E+02, -0.14120438E+02, -0.16118498E+02, -0.18135159E+02, -0.20170708E+02, -0.22225502E+02, -0.24299976E+02, -0.26394211E+02, -0.28508121E+02, -0.30641577E+02, -0.32794388E+02, -0.34966358E+02, -0.37157379E+02, -0.39367355E+02, -0.41596184E+02, -0.43843796E+02, -0.46110035E+02, -0.48394520E+02, -0.50696812E+02, -0.53016411E+02, -0.55352814E+02, -0.57705193E+02, -0.60070473E+02, -0.62440155E+02, -0.64749260E+02, -0.66815147E+02, -0.68531006E+02, -0.69996758E+02, -0.71333633E+02, -0.72573982E+02, -0.73715782E+02, -0.74754021E+02, -0.75683479E+02, -0.76498520E+02, -0.77193100E+02, -0.77760101E+02, -0.78188553E+02, -0.78465599E+02, -0.78578026E+02, -0.78512794E+02, -0.78257385E+02, -0.77800529E+02, -0.77132484E+02, -0.76242149E+02, -0.75111542E+02, -0.73722031E+02, -0.72053825E+02, -0.70087067E+02, -0.67787262E+02, -0.64973618E+02, -0.61732693E+02, -0.58290691E+02, -0.54694881E+02, -0.50969215E+02, -0.47123493E+02, -0.43166927E+02, -0.39108055E+02, -0.34953617E+02, -0.30710268E+02, -0.26385267E+02, -0.21986597E+02, -0.17520573E+02, -0.12988268E+02, -0.83868008E+01, -0.37079198E+01,  0.13507762E+01,  0.64031038E+01,  0.11433190E+02,  0.16436319E+02,  0.21411432E+02,  0.26358658E+02,  0.31278505E+02,  0.36171597E+02,  0.41038593E+02,  0.45880146E+02,  0.50696899E+02,  0.55489471E+02,  0.60258465E+02,  0.65004456E+02,  0.69728004E+02,  0.74429634E+02,  0.79109848E+02,  0.83769142E+02,  0.88407967E+02,  0.93026756E+02,  0.97625931E+02,  0.10220587E+03,  0.10676695E+03,  0.11130952E+03,  0.11583390E+03,  0.12034039E+03,  0.12482930E+03,  0.12930089E+03,  0.13375540E+03,  0.13819308E+03
  0.21250000E+01,  0.40520653E+02,  0.39303078E+02,  0.38070732E+02,  0.36823380E+02,  0.35560715E+02,  0.34282356E+02,  0.32987877E+02,  0.31676809E+02,  0.30348637E+02,  0.29002821E+02,  0.27638790E+02,  0.26255951E+02,  0.24853687E+02,  0.23431366E+02,  0.21988338E+02,  0.20523939E+02,  0.19037487E+02,  0.17528294E+02,  0.15995648E+02,  0.14438834E+02,  0.12857119E+02,  0.11249755E+02,  0.96159782E+01,  0.79550090E+01,  0.62660413E+01,  0.45482392E+01,  0.28007228E+01,  0.10225513E+01, -0.78730184E+00, -0.26279294E+01, -0.44660220E+01, -0.63094053E+01, -0.81691322E+01, -0.10046703E+02, -0.11941789E+02, -0.13854121E+02, -0.15783472E+02, -0.17729744E+02, -0.19692984E+02, -0.21673330E+02, -0.23670897E+02, -0.25685644E+02, -0.27717245E+02, -0.29765291E+02, -0.31829311E+02, -0.33908749E+02, -0.36003098E+02, -0.38111847E+02, -0.40234436E+02, -0.42370266E+02, -0.44518692E+02, -0.46678829E+02, -0.48849545E+02, -0.51029549E+02, -0.53217361E+02, -0.55411320E+02, -0.57609211E+02, -0.59806412E+02, -0.61994846E+02, -0.64134315E+02, -0.66094833E+02, -0.67748863E+02, -0.69120049E+02, -0.70313538E+02, -0.71390358E+02, -0.72358284E+02, -0.73211647E+02, -0.73944206E+02, -0.74549011E+02, -0.75018044E+02, -0.75342117E+02, -0.75510971E+02, -0.75513367E+02, -0.75337372E+02, -0.74970695E+02, -0.74400963E+02, -0.73614761E+02, -0.72594872E+02, -0.71321625E+02, -0.69785927E+02, -0.67951126E+02, -0.65669785E+02, -0.62945244E+02, -0.59974567E+02, -0.56826275E+02, -0.53521908E+02, -0.50076225E+02, -0.46498734E+02, -0.42798580E+02, -0.38984306E+02, -0.35062981E+02, -0.31041615E+02, -0.26927582E+02, -0.22728922E+02, -0.18452827E+02, -0.14100533E+02, -0.96704626E+01, -0.51520634E+01, -0.41197583E+00,  0.45427279E+01,  0.94694395E+01,  0.14372181E+02,  0.19252218E+02,  0.24110056E+02,  0.28946020E+02,  0.33760399E+02,  0.38553493E+02,  0.43325607E+02,  0.48077057E+02,  0.52808163E+02,  0.57519253E+02,  0.62210648E+02,  0.66882660E+02,  0.71535614E+02,  0.76169815E+02,  0.80785561E+02,  0.85383141E+02,  0.89962837E+02,  0.94524925E+02,  0.99069672E+02,  0.10359731E+03,  0.10810811E+03,  0.11260228E+03,  0.11708006E+03,  0.12154164E+03,  0.12598724E+03,  0.13041705E+03,  0.13483128E+03,  0.13923009E+03
  0.22500000E+01,  0.37650299E+02,  0.36616661E+02,  0.35555637E+02,  0.34468136E+02,  0.33354881E+02,  0.32216434E+02,  0.31053228E+02,  0.29865566E+02,  0.28653652E+02,  0.27417599E+02,  0.26157434E+02,  0.24873116E+02,  0.23564533E+02,  0.22231522E+02,  0.20873861E+02,  0.19491287E+02,  0.18083487E+02,  0.16650110E+02,  0.15190768E+02,  0.13705035E+02,  0.12192453E+02,  0.10652530E+02,  0.90847378E+01,  0.74885163E+01,  0.58632679E+01,  0.42083530E+01,  0.25230865E+01,  0.80672991E+00, -0.94151509E+00, -0.27166066E+01, -0.44883037E+01, -0.62650604E+01, -0.80573206E+01, -0.98665600E+01, -0.11692215E+02, -0.13533795E+02, -0.15390840E+02, -0.17262995E+02, -0.19150030E+02, -0.21051853E+02, -0.22968262E+02, -0.24899086E+02, -0.26843742E+02, -0.28801548E+02, -0.30771723E+02, -0.32753384E+02, -0.34745567E+02, -0.36747326E+02, -0.38757618E+02, -0.40775291E+02, -0.42799076E+02, -0.44827541E+02, -0.46858879E+02, -0.48890934E+02, -0.50921200E+02, -0.52946781E+02, -0.54964279E+02, -0.56969563E+02, -0.58956078E+02, -0.60915024E+02, -0.62830402E+02, -0.64647774E+02, -0.66262085E+02, -0.67603630E+02, -0.68696823E+02, -0.69606781E+02, -0.70378563E+02, -0.71023666E+02, -0.71536453E+02, -0.71907524E+02, -0.72127365E+02, -0.72185677E+02, -0.72070503E+02, -0.71768227E+02, -0.71265579E+02, -0.70553535E+02, -0.69626678E+02, -0.68458412E+02, -0.66962463E+02, -0.65055756E+02, -0.62795525E+02, -0.60310753E+02, -0.57637299E+02, -0.54786804E+02, -0.51776241E+02, -0.48614246E+02, -0.45310135E+02, -0.41872917E+02, -0.38310791E+02, -0.34631073E+02, -0.30841047E+02, -0.26948374E+02, -0.22961229E+02, -0.18887260E+02, -0.14728942E+02, -0.10486736E+02, -0.61526999E+01, -0.16769471E+01,  0.31423261E+01,  0.79447551E+01,  0.12730588E+02,  0.17500347E+02,  0.22254316E+02,  0.26992569E+02,  0.31715090E+02,  0.36421822E+02,  0.41112717E+02,  0.45787739E+02,  0.50446884E+02,  0.55090160E+02,  0.59717602E+02,  0.64329262E+02,  0.68925201E+02,  0.73505508E+02,  0.78070267E+02,  0.82619568E+02,  0.87153526E+02,  0.91672234E+02,  0.96175812E+02,  0.10066436E+03,  0.10513800E+03,  0.10959685E+03,  0.11404101E+03,  0.11847061E+03,  0.12288576E+03,  0.12728657E+03,  0.13167317E+03,  0.13604568E+03,  0.14040424E+03
  0.23750000E+01,  0.34810482E+02,  0.33956421E+02,  0.33063175E+02,  0.32132671E+02,  0.31166565E+02,  0.30166285E+02,  0.29133041E+02,  0.28067863E+02,  0.26971619E+02,  0.25845030E+02,  0.24688688E+02,  0.23503071E+02,  0.22288549E+02,  0.21045404E+02,  0.19773827E+02,  0.18473934E+02,  0.17145771E+02,  0.15789318E+02,  0.14404493E+02,  0.12991160E+02,  0.11549131E+02,  0.10078167E+02,  0.85779800E+01,  0.70482388E+01,  0.54885631E+01,  0.38985295E+01,  0.22776685E+01,  0.62546533E+00, -0.10586398E+01, -0.27668254E+01, -0.44708581E+01, -0.61791339E+01, -0.79016814E+01, -0.96402092E+01, -0.11393902E+02, -0.13162066E+02, -0.14944011E+02, -0.16739141E+02, -0.18546970E+02, -0.20367056E+02, -0.22198988E+02, -0.24042374E+02, -0.25896467E+02, -0.27760302E+02, -0.29632792E+02, -0.31512728E+02, -0.33398754E+02, -0.35289448E+02, -0.37183296E+02, -0.39078629E+02, -0.40973572E+02, -0.42866043E+02, -0.44753677E+02, -0.46633591E+02, -0.48502396E+02, -0.50356155E+02, -0.52190258E+02, -0.53999264E+02, -0.55776684E+02, -0.57514324E+02, -0.59200710E+02, -0.60822403E+02, -0.62364090E+02, -0.63799095E+02, -0.65078629E+02, -0.66152237E+02, -0.66999992E+02, -0.67634819E+02, -0.68080101E+02, -0.68353310E+02, -0.68461243E+02, -0.68400734E+02, -0.68159058E+02, -0.67711678E+02, -0.67020058E+02, -0.66039513E+02, -0.64747910E+02, -0.63177635E+02, -0.61386631E+02, -0.59396858E+02, -0.57205452E+02, -0.54824413E+02, -0.52267910E+02, -0.49543594E+02, -0.46660454E+02, -0.43627155E+02, -0.40452271E+02, -0.37143307E+02, -0.33707664E+02, -0.30152683E+02, -0.26486280E+02, -0.22716589E+02, -0.18851315E+02, -0.14893638E+02, -0.10845516E+02, -0.67016149E+01, -0.24409285E+01,  0.22133071E+01,  0.68658729E+01,  0.11514052E+02,  0.16156097E+02,  0.20790840E+02,  0.25417414E+02,  0.30035114E+02,  0.34643349E+02,  0.39241592E+02,  0.43829403E+02,  0.48406384E+02,  0.52972202E+02,  0.57526566E+02,  0.62069229E+02,  0.66599983E+02,  0.71118660E+02,  0.75625092E+02,  0.80119179E+02,  0.84600800E+02,  0.89069885E+02,  0.93526367E+02,  0.97970192E+02,  0.10240133E+03,  0.10681975E+03,  0.11122543E+03,  0.11561839E+03,  0.11999862E+03,  0.12436614E+03,  0.12872099E+03,  0.13306320E+03,  0.13739282E+03,  0.14170992E+03
  0.25000000E+01,  0.32058086E+02,  0.31374350E+02,  0.30640875E+02,  0.29860453E+02,  0.29035540E+02,  0.28168293E+02,  0.27260614E+02,  0.26314165E+02,  0.25330402E+02,  0.24310596E+02,  0.23255844E+02,  0.22167095E+02,  0.21045162E+02,  0.19890730E+02,  0.18704372E+02,  0.17486561E+02,  0.16237673E+02,  0.14957995E+02,  0.13647742E+02,  0.12307050E+02,  0.10935987E+02,  0.95345583E+01,  0.81027107E+01,  0.66403337E+01,  0.51472664E+01,  0.36232979E+01,  0.20681729E+01,  0.48159492E+00, -0.11367681E+01, -0.27773232E+01, -0.44130840E+01, -0.60516953E+01, -0.77029390E+01, -0.93691006E+01, -0.11049045E+02, -0.12741875E+02, -0.14446683E+02, -0.16162643E+02, -0.17889006E+02, -0.19625067E+02, -0.21370192E+02, -0.23123640E+02, -0.24884600E+02, -0.26651844E+02, -0.28424013E+02, -0.30199594E+02, -0.31976908E+02, -0.33754097E+02, -0.35529205E+02, -0.37300095E+02, -0.39064400E+02, -0.40819462E+02, -0.42562317E+02, -0.44289600E+02, -0.45997356E+02, -0.47680950E+02, -0.49335045E+02, -0.50953442E+02, -0.52528931E+02, -0.54053070E+02, -0.55516014E+02, -0.56906208E+02, -0.58209061E+02, -0.59407387E+02, -0.60482292E+02, -0.61415585E+02, -0.62191154E+02, -0.62794159E+02, -0.63210400E+02, -0.63427292E+02, -0.63435097E+02, -0.63227482E+02, -0.62801735E+02, -0.62158150E+02, -0.61297386E+02, -0.60217510E+02, -0.58915920E+02, -0.57396759E+02, -0.55672451E+02, -0.53755730E+02, -0.51652866E+02, -0.49370743E+02, -0.46917404E+02, -0.44300659E+02, -0.41528450E+02, -0.38608147E+02, -0.35546875E+02, -0.32351795E+02, -0.29030066E+02, -0.25589643E+02, -0.22038349E+02, -0.18383163E+02, -0.14627452E+02, -0.10773675E+02, -0.68175325E+01, -0.27444029E+01,  0.17306460E+01,  0.62173715E+01,  0.10711841E+02,  0.15210994E+02,  0.19712442E+02,  0.24214302E+02,  0.28715040E+02,  0.33213387E+02,  0.37708248E+02,  0.42198692E+02,  0.46683895E+02,  0.51163128E+02,  0.55635754E+02,  0.60101200E+02,  0.64558960E+02,  0.69008575E+02,  0.73449646E+02,  0.77881805E+02,  0.82304741E+02,  0.86718147E+02,  0.91121788E+02,  0.95515411E+02,  0.99898827E+02,  0.10427184E+03,  0.10863431E+03,  0.11298608E+03,  0.11732704E+03,  0.12165710E+03,  0.12597615E+03,  0.13028416E+03,  0.13458107E+03,  0.13886688E+03,  0.14314156E+03
  0.26250000E+01,  0.29444368E+02,  0.28917566E+02,  0.28332058E+02,  0.27691298E+02,  0.26998377E+02,  0.26256054E+02,  0.25466789E+02,  0.24632776E+02,  0.23755968E+02,  0.22838100E+02,  0.21880709E+02,  0.20885149E+02,  0.19852619E+02,  0.18784163E+02,  0.17680695E+02,  0.16542999E+02,  0.15371756E+02,  0.14167532E+02,  0.12930805E+02,  0.11661963E+02,  0.10361313E+02,  0.90290852E+01,  0.76654434E+01,  0.62704868E+01,  0.48442554E+01,  0.33867383E+01,  0.18978765E+01,  0.37757301E+00, -0.11742994E+01, -0.27472308E+01, -0.43148847E+01, -0.58833418E+01, -0.74623480E+01, -0.90551348E+01, -0.10660223E+02, -0.12276503E+02, -0.13902878E+02, -0.15538307E+02, -0.17181801E+02, -0.18832409E+02, -0.20489218E+02, -0.22151222E+02, -0.23817438E+02, -0.25486526E+02, -0.27156872E+02, -0.28826696E+02, -0.30494045E+02, -0.32156761E+02, -0.33812466E+02, -0.35458641E+02, -0.37092518E+02, -0.38711037E+02, -0.40310776E+02, -0.41887924E+02, -0.43438198E+02, -0.44956730E+02, -0.46437885E+02, -0.47875252E+02, -0.49261570E+02, -0.50588596E+02, -0.51847004E+02, -0.53026302E+02, -0.54114727E+02, -0.55099522E+02, -0.55967297E+02, -0.56704224E+02, -0.57296665E+02, -0.57731823E+02, -0.57998035E+02, -0.58085098E+02, -0.57984695E+02, -0.57690674E+02, -0.57199127E+02, -0.56508194E+02, -0.55617702E+02, -0.54528461E+02, -0.53241455E+02, -0.51759319E+02, -0.50087204E+02, -0.48231388E+02, -0.46197971E+02, -0.43993252E+02, -0.41623890E+02, -0.39096279E+02, -0.36416798E+02, -0.33591991E+02, -0.30628443E+02, -0.27533236E+02, -0.24313793E+02, -0.20977541E+02, -0.17529751E+02, -0.13974131E+02, -0.10312598E+02, -0.65418286E+01, -0.26442125E+01,  0.16511805E+01,  0.59665294E+01,  0.10298882E+02,  0.14645298E+02,  0.19003077E+02,  0.23369816E+02,  0.27743412E+02,  0.32122028E+02,  0.36504055E+02,  0.40888073E+02,  0.45272820E+02,  0.49657177E+02,  0.54040134E+02,  0.58420788E+02,  0.62798313E+02,  0.67171974E+02,  0.71541092E+02,  0.75905052E+02,  0.80263306E+02,  0.84615334E+02,  0.88960678E+02,  0.93298912E+02,  0.97629646E+02,  0.10195254E+03,  0.10626727E+03,  0.11057353E+03,  0.11487108E+03,  0.11915968E+03,  0.12343913E+03,  0.12770923E+03,  0.13196985E+03,  0.13622087E+03,  0.14046217E+03,  0.14469370E+03
  0.27500000E+01,  0.27013475E+02,  0.26626980E+02,  0.26174576E+02,  0.25660198E+02,  0.25087400E+02,  0.24459391E+02,  0.23779066E+02,  0.23049030E+02,  0.22271631E+02,  0.21448980E+02,  0.20582970E+02,  0.19675293E+02,  0.18727467E+02,  0.17740841E+02,  0.16716612E+02,  0.15655844E+02,  0.14559465E+02,  0.13428296E+02,  0.12263041E+02,  0.11064313E+02,  0.98326283E+01,  0.85684214E+01,  0.72720480E+01,  0.59437933E+01,  0.45838776E+01,  0.31924632E+01,  0.17696614E+01,  0.31554231E+00, -0.11698543E+01, -0.26759307E+01, -0.41765232E+01, -0.56750813E+01, -0.71816278E+01, -0.87005892E+01, -0.10230310E+02, -0.11769465E+02, -0.13316792E+02, -0.14871041E+02, -0.16431007E+02, -0.17995499E+02, -0.19563318E+02, -0.21133307E+02, -0.22704144E+02, -0.24274477E+02, -0.25842524E+02, -0.27406288E+02, -0.28963591E+02, -0.30512043E+02, -0.32049026E+02, -0.33571671E+02, -0.35076912E+02, -0.36561413E+02, -0.38021484E+02, -0.39453064E+02, -0.40851650E+02, -0.42212242E+02, -0.43529305E+02, -0.44796650E+02, -0.46007324E+02, -0.47153648E+02, -0.48227188E+02, -0.49218773E+02, -0.50118530E+02, -0.50916031E+02, -0.51600510E+02, -0.52161091E+02, -0.52587112E+02, -0.52868446E+02, -0.52995777E+02, -0.52960854E+02, -0.52756725E+02, -0.52377869E+02, -0.51820271E+02, -0.51081345E+02, -0.50159832E+02, -0.49055603E+02, -0.47769527E+02, -0.46303608E+02, -0.44661022E+02, -0.42845890E+02, -0.40862812E+02, -0.38716492E+02, -0.36412048E+02, -0.33954914E+02, -0.31350706E+02, -0.28605433E+02, -0.25725658E+02, -0.22717939E+02, -0.19588959E+02, -0.16342545E+02, -0.12982144E+02, -0.95078211E+01, -0.59168878E+01, -0.21749272E+01,  0.19382873E+01,  0.60789957E+01,  0.10244617E+02,  0.14432446E+02,  0.18639790E+02,  0.22864075E+02,  0.27102907E+02,  0.31354082E+02,  0.35615601E+02,  0.39885651E+02,  0.44162582E+02,  0.48444912E+02,  0.52731285E+02,  0.57020462E+02,  0.61311321E+02,  0.65602837E+02,  0.69894058E+02,  0.74184120E+02,  0.78472229E+02,  0.82757652E+02,  0.87039703E+02,  0.91317757E+02,  0.95591248E+02,  0.99859634E+02,  0.10412243E+03,  0.10837918E+03,  0.11262947E+03,  0.11687293E+03,  0.12110921E+03,  0.12533799E+03,  0.12955901E+03,  0.13377202E+03,  0.13797682E+03,  0.14217322E+03,  0.14636107E+03
  0.28750000E+01,  0.24801556E+02,  0.24536385E+02,  0.24199957E+02,  0.23796507E+02,  0.23329893E+02,  0.22803629E+02,  0.22220911E+02,  0.21584644E+02,  0.20897463E+02,  0.20161757E+02,  0.19379692E+02,  0.18553225E+02,  0.17684120E+02,  0.16773970E+02,  0.15824202E+02,  0.14836101E+02,  0.13810811E+02,  0.12749352E+02,  0.11652628E+02,  0.10521437E+02,  0.93564768E+01,  0.81583548E+01,  0.69275947E+01,  0.56646399E+01,  0.43698640E+01,  0.30435731E+01,  0.16860150E+01,  0.29738504E+00, -0.11221627E+01, -0.25628278E+01, -0.39982471E+01, -0.54279819E+01, -0.68626680E+01, -0.83078928E+01, -0.97622967E+01, -0.11224376E+02, -0.12692697E+02, -0.14165799E+02, -0.15642274E+02, -0.17120722E+02, -0.18599733E+02, -0.20077869E+02, -0.21553625E+02, -0.23025450E+02, -0.24491602E+02, -0.25949926E+02, -0.27398069E+02, -0.28833475E+02, -0.30253366E+02, -0.31654716E+02, -0.33034229E+02, -0.34388363E+02, -0.35713314E+02, -0.37004925E+02, -0.38258656E+02, -0.39469547E+02, -0.40632195E+02, -0.41740696E+02, -0.42788643E+02, -0.43769119E+02, -0.44674644E+02, -0.45497211E+02, -0.46228420E+02, -0.46859566E+02, -0.47381794E+02, -0.47786266E+02, -0.48064346E+02, -0.48207821E+02, -0.48209084E+02, -0.48061306E+02, -0.47758591E+02, -0.47296066E+02, -0.46669952E+02, -0.45877548E+02, -0.44917233E+02, -0.43788414E+02, -0.42491489E+02, -0.41027634E+02, -0.39398758E+02, -0.37607563E+02, -0.35657364E+02, -0.33551975E+02, -0.31295595E+02, -0.28893000E+02, -0.26349564E+02, -0.23670822E+02, -0.20862768E+02, -0.17929516E+02, -0.14874628E+02, -0.11701295E+02, -0.84081039E+01, -0.49907560E+01, -0.13628585E+01,  0.25618601E+01,  0.65233936E+01,  0.10518304E+02,  0.14543459E+02,  0.18595907E+02,  0.22672855E+02,  0.26771666E+02,  0.30889874E+02,  0.35025185E+02,  0.39175472E+02,  0.43338787E+02,  0.47513321E+02,  0.51697418E+02,  0.55889549E+02,  0.60088303E+02,  0.64292374E+02,  0.68500572E+02,  0.72711777E+02,  0.76924957E+02,  0.81139153E+02,  0.85353477E+02,  0.89567093E+02,  0.93779243E+02,  0.97989204E+02,  0.10219631E+03,  0.10639994E+03,  0.11059952E+03,  0.11479452E+03,  0.11898444E+03,  0.12316884E+03,  0.12734729E+03,  0.13151944E+03,  0.13568494E+03,  0.13984349E+03,  0.14399486E+03,  0.14813881E+03
  0.30000000E+01,  0.22836365E+02,  0.22672018E+02,  0.22432920E+02,  0.22123446E+02,  0.21747612E+02,  0.21309103E+02,  0.20811293E+02,  0.20257269E+02,  0.19649855E+02,  0.18991625E+02,  0.18284931E+02,  0.17531914E+02,  0.16734518E+02,  0.15894511E+02,  0.15013497E+02,  0.14092928E+02,  0.13134112E+02,  0.12138230E+02,  0.11106342E+02,  0.10039397E+02,  0.89382410E+01,  0.78036242E+01,  0.66362095E+01,  0.54365745E+01,  0.42052193E+01,  0.29425683E+01,  0.16489739E+01,  0.32471859E+00, -0.10299824E+01, -0.24071453E+01, -0.37798839E+01, -0.51427298E+01, -0.65070395E+01, -0.78792791E+01, -0.92591419E+01, -0.10644893E+02, -0.12034896E+02, -0.13427518E+02, -0.14821165E+02, -0.16214266E+02, -0.17605219E+02, -0.18992390E+02, -0.20374142E+02, -0.21748644E+02, -0.23114061E+02, -0.24468328E+02, -0.25808975E+02, -0.27133337E+02, -0.28438540E+02, -0.29721479E+02, -0.30978804E+02, -0.32206894E+02, -0.33401852E+02, -0.34559532E+02, -0.35675476E+02, -0.36744892E+02, -0.37762615E+02, -0.38723114E+02, -0.39620480E+02, -0.40448429E+02, -0.41200325E+02, -0.41869217E+02, -0.42447914E+02, -0.42929066E+02, -0.43305256E+02, -0.43569134E+02, -0.43713535E+02, -0.43731647E+02, -0.43617126E+02, -0.43364246E+02, -0.42967968E+02, -0.42424034E+02, -0.41728996E+02, -0.40880219E+02, -0.39875923E+02, -0.38715164E+02, -0.37397781E+02, -0.35924370E+02, -0.34296223E+02, -0.32515263E+02, -0.30583982E+02, -0.28505703E+02, -0.26284275E+02, -0.23923920E+02, -0.21429461E+02, -0.18804762E+02, -0.16052963E+02, -0.13177236E+02, -0.10178214E+02, -0.70548944E+01, -0.38101661E+01, -0.25119099E+00,  0.34847925E+01,  0.72652807E+01,  0.11087219E+02,  0.14947284E+02,  0.18842218E+02,  0.22768930E+02,  0.26724510E+02,  0.30706234E+02,  0.34711555E+02,  0.38738094E+02,  0.42783638E+02,  0.46846127E+02,  0.50923637E+02,  0.55014397E+02,  0.59116741E+02,  0.63229126E+02,  0.67350113E+02,  0.71478363E+02,  0.75612617E+02,  0.79751709E+02,  0.83894539E+02,  0.88040085E+02,  0.92187386E+02,  0.96335548E+02,  0.10048372E+03,  0.10463111E+03,  0.10877699E+03,  0.11292065E+03,  0.11706147E+03,  0.12119883E+03,  0.12533218E+03,  0.12946101E+03,  0.13358485E+03,  0.13770326E+03,  0.14181589E+03,  0.14592236E+03,  0.15002242E+03
  0.31250000E+01,  0.21137251E+02,  0.21052454E+02,  0.20891207E+02,  0.20657885E+02,  0.20356537E+02,  0.19990894E+02,  0.19564398E+02,  0.19080214E+02,  0.18541252E+02,  0.17950186E+02,  0.17309471E+02,  0.16621351E+02,  0.15887887E+02,  0.15110959E+02,  0.14292284E+02,  0.13433429E+02,  0.12535819E+02,  0.11600751E+02,  0.10629399E+02,  0.96228285E+01,  0.85819988E+01,  0.75077744E+01,  0.64009309E+01,  0.52621584E+01,  0.40920658E+01,  0.28911822E+01,  0.16599519E+01,  0.39872843E+00, -0.89223927E+00, -0.22080824E+01, -0.35209849E+01, -0.48199410E+01, -0.61163974E+01, -0.74172249E+01, -0.87240763E+01, -0.10034862E+02, -0.11347787E+02, -0.12661138E+02, -0.13973179E+02, -0.15282194E+02, -0.16586449E+02, -0.17884146E+02, -0.19173435E+02, -0.20452467E+02, -0.21719135E+02, -0.22971329E+02, -0.24206736E+02, -0.25422636E+02, -0.26616110E+02, -0.27784037E+02, -0.28923063E+02, -0.30029612E+02, -0.31099852E+02, -0.32129696E+02, -0.33114792E+02, -0.34050545E+02, -0.34932102E+02, -0.35754322E+02, -0.36511791E+02, -0.37198830E+02, -0.37809525E+02, -0.38337776E+02, -0.38777336E+02, -0.39121883E+02, -0.39365105E+02, -0.39500774E+02, -0.39522858E+02, -0.39425606E+02, -0.39203651E+02, -0.38852093E+02, -0.38366570E+02, -0.37743332E+02, -0.36979248E+02, -0.36071877E+02, -0.35019459E+02, -0.33820911E+02, -0.32475800E+02, -0.30984303E+02, -0.29347410E+02, -0.27566748E+02, -0.25644476E+02, -0.23583273E+02, -0.21386597E+02, -0.19057167E+02, -0.16597721E+02, -0.14011047E+02, -0.11298909E+02, -0.84602404E+01, -0.54916539E+01, -0.23556645E+01,  0.11402459E+01,  0.46740074E+01,  0.82686691E+01,  0.11915903E+02,  0.15610074E+02,  0.19346806E+02,  0.23122389E+02,  0.26933521E+02,  0.30777193E+02,  0.34650612E+02,  0.38551178E+02,  0.42476471E+02,  0.46424213E+02,  0.50392281E+02,  0.54378677E+02,  0.58381538E+02,  0.62399109E+02,  0.66429741E+02,  0.70471901E+02,  0.74524124E+02,  0.78585052E+02,  0.82653397E+02,  0.86727943E+02,  0.90807564E+02,  0.94891167E+02,  0.98977753E+02,  0.10306635E+03,  0.10715607E+03,  0.11124604E+03,  0.11533549E+03,  0.11942365E+03,  0.12350982E+03,  0.12759334E+03,  0.13167360E+03,  0.13575005E+03,  0.13982214E+03,  0.14388943E+03,  0.14795149E+03,  0.15200792E+03
  0.32500000E+01,  0.19715399E+02,  0.19688745E+02,  0.19585638E+02,  0.19410345E+02,  0.19166828E+02,  0.18858759E+02,  0.18489544E+02,  0.18062328E+02,  0.17580025E+02,  0.17045319E+02,  0.16460688E+02,  0.15828419E+02,  0.15150612E+02,  0.14429201E+02,  0.13665962E+02,  0.12862525E+02,  0.12020384E+02,  0.11140905E+02,  0.10225340E+02,  0.92748289E+01,  0.82904129E+01,  0.72730427E+01,  0.62235808E+01,  0.51428132E+01,  0.40314498E+01,  0.28901291E+01,  0.17194105E+01,  0.51975471E+00, -0.70851761E+00, -0.19655362E+01, -0.32218645E+01, -0.44615011E+01, -0.56936703E+01, -0.69255710E+01, -0.81610670E+01, -0.93984489E+01, -0.10635894E+02, -0.11871584E+02, -0.13103666E+02, -0.14330299E+02, -0.15549639E+02, -0.16759789E+02, -0.17958771E+02, -0.19144529E+02, -0.20315010E+02, -0.21467867E+02, -0.22600760E+02, -0.23711187E+02, -0.24796268E+02, -0.25852901E+02, -0.26877781E+02, -0.27867407E+02, -0.28818068E+02, -0.29725834E+02, -0.30586561E+02, -0.31395887E+02, -0.32149231E+02, -0.32841805E+02, -0.33468643E+02, -0.34024620E+02, -0.34504452E+02, -0.34902729E+02, -0.35213978E+02, -0.35432686E+02, -0.35553398E+02, -0.35570759E+02, -0.35479595E+02, -0.35274979E+02, -0.34952309E+02, -0.34507355E+02, -0.33936333E+02, -0.33235939E+02, -0.32403362E+02, -0.31436361E+02, -0.30333324E+02, -0.29093248E+02, -0.27715702E+02, -0.26200806E+02, -0.24549196E+02, -0.22762129E+02, -0.20841467E+02, -0.18788174E+02, -0.16603888E+02, -0.14290586E+02, -0.11850114E+02, -0.92829056E+01, -0.65881720E+01, -0.37692711E+01, -0.65178436E+00,  0.26690612E+01,  0.60452542E+01,  0.94746208E+01,  0.12957545E+02,  0.16491623E+02,  0.20073635E+02,  0.23700228E+02,  0.27368158E+02,  0.31074343E+02,  0.34815884E+02,  0.38590054E+02,  0.42394276E+02,  0.46226135E+02,  0.50083344E+02,  0.53963745E+02,  0.57865314E+02,  0.61786121E+02,  0.65724358E+02,  0.69678307E+02,  0.73646339E+02,  0.77626923E+02,  0.81618607E+02,  0.85620010E+02,  0.89629829E+02,  0.93646812E+02,  0.97669800E+02,  0.10169765E+03,  0.10572934E+03,  0.10976383E+03,  0.11380019E+03,  0.11783751E+03,  0.12187494E+03,  0.12591167E+03,  0.12994696E+03,  0.13398009E+03,  0.13801039E+03,  0.14203728E+03,  0.14606017E+03,  0.15007854E+03,  0.15409195E+03
  0.33750000E+01,  0.18574221E+02,  0.18584730E+02,  0.18520369E+02,  0.18385187E+02,  0.18182964E+02,  0.17917221E+02,  0.17591230E+02,  0.17208038E+02,  0.16770473E+02,  0.16281160E+02,  0.15742533E+02,  0.15156844E+02,  0.14526180E+02,  0.13852471E+02,  0.13137499E+02,  0.12382906E+02,  0.11590209E+02,  0.10760804E+02,  0.98959751E+01,  0.89969053E+01,  0.80646811E+01,  0.71003032E+01,  0.61046963E+01,  0.50787182E+01,  0.40231714E+01,  0.29388189E+01,  0.18263958E+01,  0.68660980E+00, -0.47991195E+00, -0.16810955E+01, -0.28846169E+01, -0.40706811E+01, -0.52423258E+01, -0.64082046E+01, -0.75739384E+01, -0.87398224E+01, -0.99037294E+01, -0.11063688E+02, -0.12217794E+02, -0.13364101E+02, -0.14500661E+02, -0.15625506E+02, -0.16736597E+02, -0.17831791E+02, -0.18908869E+02, -0.19965548E+02, -0.20999346E+02, -0.22007715E+02, -0.22987974E+02, -0.23937218E+02, -0.24852219E+02, -0.25729586E+02, -0.26565746E+02, -0.27356949E+02, -0.28099270E+02, -0.28788612E+02, -0.29420712E+02, -0.29991150E+02, -0.30495373E+02, -0.30928711E+02, -0.31286398E+02, -0.31563597E+02, -0.31755453E+02, -0.31857124E+02, -0.31863832E+02, -0.31770914E+02, -0.31573875E+02, -0.31268454E+02, -0.30850662E+02, -0.30316849E+02, -0.29663731E+02, -0.28888439E+02, -0.27988569E+02, -0.26962194E+02, -0.25807882E+02, -0.24524658E+02, -0.23112118E+02, -0.21570490E+02, -0.19899622E+02, -0.18099611E+02, -0.16170734E+02, -0.14113700E+02, -0.11928503E+02, -0.96139793E+01, -0.71680555E+01, -0.45979733E+01, -0.18207885E+01,  0.12587100E+01,  0.43846931E+01,  0.75843487E+01,  0.10849092E+02,  0.14173444E+02,  0.17553629E+02,  0.20986307E+02,  0.24468267E+02,  0.27996393E+02,  0.31567677E+02,  0.35179234E+02,  0.38828300E+02,  0.42512260E+02,  0.46228607E+02,  0.49974968E+02,  0.53749081E+02,  0.57548798E+02,  0.61372070E+02,  0.65216965E+02,  0.69081619E+02,  0.72964279E+02,  0.76863258E+02,  0.80776970E+02,  0.84703873E+02,  0.88642532E+02,  0.92591553E+02,  0.96549606E+02,  0.10051543E+03,  0.10448783E+03,  0.10846564E+03,  0.11244778E+03,  0.11643317E+03,  0.12042085E+03,  0.12440986E+03,  0.12839928E+03,  0.13238829E+03,  0.13637605E+03,  0.14036185E+03,  0.14434494E+03,  0.14832468E+03,  0.15230046E+03,  0.15627173E+03
  0.35000000E+01,  0.17709843E+02,  0.17737457E+02,  0.17693233E+02,  0.17580915E+02,  0.17404009E+02,  0.17165791E+02,  0.16869331E+02,  0.16517496E+02,  0.16112959E+02,  0.15658217E+02,  0.15155598E+02,  0.14607265E+02,  0.14015235E+02,  0.13381382E+02,  0.12707444E+02,  0.11995035E+02,  0.11245652E+02,  0.10460679E+02,  0.96413965E+01,  0.87889891E+01,  0.79045534E+01,  0.69891028E+01,  0.60435801E+01,  0.50688677E+01,  0.40658092E+01,  0.30352437E+01,  0.19780768E+01,  0.89544392E+00, -0.21091460E+00, -0.13585788E+01, -0.25118709E+01, -0.36490467E+01, -0.47642708E+01, -0.58680654E+01, -0.69667802E+01, -0.80632963E+01, -0.91557436E+01, -0.10242154E+02, -0.11320513E+02, -0.12388806E+02, -0.13445000E+02, -0.14487051E+02, -0.15512882E+02, -0.16520330E+02, -0.17507126E+02, -0.18470913E+02, -0.19409187E+02, -0.20319490E+02, -0.21199015E+02, -0.22044958E+02, -0.22854361E+02, -0.23624077E+02, -0.24350687E+02, -0.25030621E+02, -0.25660183E+02, -0.26235537E+02, -0.26752718E+02, -0.27207647E+02, -0.27596153E+02, -0.27913986E+02, -0.28156839E+02, -0.28320377E+02, -0.28400269E+02, -0.28392221E+02, -0.28292021E+02, -0.28095575E+02, -0.27798956E+02, -0.27398457E+02, -0.26890623E+02, -0.26272291E+02, -0.25540607E+02, -0.24693056E+02, -0.23727566E+02, -0.22642597E+02, -0.21436998E+02, -0.20109468E+02, -0.18659161E+02, -0.17085560E+02, -0.15388294E+02, -0.13567264E+02, -0.11621260E+02, -0.95485439E+01, -0.73454933E+01, -0.50143847E+01, -0.24998069E+01,  0.34753147E+00,  0.32332797E+01,  0.62029948E+01,  0.92443008E+01,  0.12353629E+02,  0.15526853E+02,  0.18760090E+02,  0.22049841E+02,  0.25392876E+02,  0.28786137E+02,  0.32226696E+02,  0.35711739E+02,  0.39238544E+02,  0.42804504E+02,  0.46407116E+02,  0.50043968E+02,  0.53712749E+02,  0.57411255E+02,  0.61137360E+02,  0.64889030E+02,  0.68664322E+02,  0.72461372E+02,  0.76278397E+02,  0.80113663E+02,  0.83965546E+02,  0.87832466E+02,  0.91712898E+02,  0.95605392E+02,  0.99508568E+02,  0.10342107E+03,  0.10734161E+03,  0.11126897E+03,  0.11520196E+03,  0.11913943E+03,  0.12308031E+03,  0.12702355E+03,  0.13096817E+03,  0.13491319E+03,  0.13885774E+03,  0.14280096E+03,  0.14674205E+03,  0.15068025E+03,  0.15461484E+03,  0.15854520E+03
  0.36250000E+01,  0.17111668E+02,  0.17137714E+02,  0.17096247E+02,  0.16990618E+02,  0.16823982E+02,  0.16599306E+02,  0.16319382E+02,  0.15986832E+02,  0.15604115E+02,  0.15173545E+02,  0.14697287E+02,  0.14177367E+02,  0.13615685E+02,  0.13014015E+02,  0.12374013E+02,  0.11697224E+02,  0.10985085E+02,  0.10238936E+02,  0.94600201E+01,  0.86494913E+01,  0.78084168E+01,  0.69377861E+01,  0.60385108E+01,  0.51114259E+01,  0.41572900E+01,  0.31767664E+01,  0.21703808E+01,  0.11384058E+01,  0.80564953E-01, -0.10047072E+01, -0.21054265E+01, -0.31957390E+01, -0.42609963E+01, -0.53080416E+01, -0.63436933E+01, -0.73728719E+01, -0.83962479E+01, -0.94114857E+01, -0.10416518E+02, -0.11409291E+02, -0.12387715E+02, -0.13349683E+02, -0.14293066E+02, -0.15215702E+02, -0.16115339E+02, -0.16989616E+02, -0.17836063E+02, -0.18652132E+02, -0.19435137E+02, -0.20182396E+02, -0.20890905E+02, -0.21557659E+02, -0.22179516E+02, -0.22753206E+02, -0.23275320E+02, -0.23742268E+02, -0.24150356E+02, -0.24495817E+02, -0.24774836E+02, -0.24983540E+02, -0.25118036E+02, -0.25174427E+02, -0.25148838E+02, -0.25037441E+02, -0.24836493E+02, -0.24542372E+02, -0.24151621E+02, -0.23660994E+02, -0.23067522E+02, -0.22368538E+02, -0.21561516E+02, -0.20644039E+02, -0.19614023E+02, -0.18469984E+02, -0.17210423E+02, -0.15834296E+02, -0.14341005E+02, -0.12729726E+02, -0.10998885E+02, -0.91468649E+01, -0.71703601E+01, -0.50740414E+01, -0.28158667E+01, -0.25581020E+00,  0.24569333E+01,  0.52324519E+01,  0.80700846E+01,  0.10974261E+02,  0.13944430E+02,  0.16978800E+02,  0.20074905E+02,  0.23230000E+02,  0.26441273E+02,  0.29705931E+02,  0.33021236E+02,  0.36384518E+02,  0.39793163E+02,  0.43244644E+02,  0.46736507E+02,  0.50266365E+02,  0.53831917E+02,  0.57430939E+02,  0.61061275E+02,  0.64720856E+02,  0.68407677E+02,  0.72119797E+02,  0.75855362E+02,  0.79612564E+02,  0.83389679E+02,  0.87185020E+02,  0.90996971E+02,  0.94823982E+02,  0.98664528E+02,  0.10251717E+03,  0.10638048E+03,  0.11025312E+03,  0.11413377E+03,  0.11802116E+03,  0.12191409E+03,  0.12581137E+03,  0.12971187E+03,  0.13361450E+03,  0.13751822E+03,  0.14142204E+03,  0.14532501E+03,  0.14922621E+03,  0.15312480E+03,  0.15701997E+03,  0.16091096E+03
  0.37500000E+01,  0.16763048E+02,  0.16770647E+02,  0.16716166E+02,  0.16602493E+02,  0.16432365E+02,  0.16208378E+02,  0.15932986E+02,  0.15608519E+02,  0.15237175E+02,  0.14821033E+02,  0.14362057E+02,  0.13862096E+02,  0.13322894E+02,  0.12746090E+02,  0.12133224E+02,  0.11485739E+02,  0.10804988E+02,  0.10092236E+02,  0.93486595E+01,  0.85753574E+01,  0.77733493E+01,  0.69435773E+01,  0.60869098E+01,  0.52041421E+01,  0.42959924E+01,  0.33630953E+01,  0.24059870E+01,  0.14250762E+01,  0.42059681E+00, -0.60744995E+00, -0.16599501E+01, -0.27082486E+01, -0.37324069E+01, -0.47289124E+01, -0.57071719E+01, -0.66729722E+01, -0.76295314E+01, -0.85760460E+01, -0.95102901E+01, -0.10430127E+02, -0.11333460E+02, -0.12218144E+02, -0.13082014E+02, -0.13922875E+02, -0.14738497E+02, -0.15526573E+02, -0.16284698E+02, -0.17010355E+02, -0.17700932E+02, -0.18353735E+02, -0.18965918E+02, -0.19534660E+02, -0.20056986E+02, -0.20529705E+02, -0.20949615E+02, -0.21313435E+02, -0.21617802E+02, -0.21859293E+02, -0.22034437E+02, -0.22139725E+02, -0.22171635E+02, -0.22126656E+02, -0.22001316E+02, -0.21792191E+02, -0.21495928E+02, -0.21109278E+02, -0.20629128E+02, -0.20052523E+02, -0.19376743E+02, -0.18599377E+02, -0.17717886E+02, -0.16730080E+02, -0.15634066E+02, -0.14428343E+02, -0.13111424E+02, -0.11681641E+02, -0.10137783E+02, -0.84785461E+01, -0.67019773E+01, -0.48115249E+01, -0.27563553E+01, -0.41922605E+00,  0.20737143E+01,  0.46308856E+01,  0.72661705E+01,  0.99732237E+01,  0.12748505E+02,  0.15590190E+02,  0.18496504E+02,  0.21465473E+02,  0.24494904E+02,  0.27582451E+02,  0.30725687E+02,  0.33922153E+02,  0.37169392E+02,  0.40464970E+02,  0.43806480E+02,  0.47191574E+02,  0.50617939E+02,  0.54083328E+02,  0.57585541E+02,  0.61122440E+02,  0.64691948E+02,  0.68292046E+02,  0.71920753E+02,  0.75576180E+02,  0.79256462E+02,  0.82959801E+02,  0.86684448E+02,  0.90428719E+02,  0.94190948E+02,  0.97969551E+02,  0.10176296E+03,  0.10556968E+03,  0.10938824E+03,  0.11321720E+03,  0.11705520E+03,  0.12090089E+03,  0.12475297E+03,  0.12861017E+03,  0.13247128E+03,  0.13633513E+03,  0.14020056E+03,  0.14406650E+03,  0.14793187E+03,  0.15179568E+03,  0.15565698E+03,  0.15951483E+03,  0.16336839E+03
  0.38750000E+01,  0.16642075E+02,  0.16616518E+02,  0.16535204E+02,  0.16400501E+02,  0.16214680E+02,  0.15979914E+02,  0.15698290E+02,  0.15371799E+02,  0.15002346E+02,  0.14591743E+02,  0.14141721E+02,  0.13653923E+02,  0.13129909E+02,  0.12571157E+02,  0.11979068E+02,  0.11354959E+02,  0.10700076E+02,  0.10015587E+02,  0.93025866E+01,  0.85620985E+01,  0.77950764E+01,  0.70024052E+01,  0.61849036E+01,  0.53433275E+01,  0.44783745E+01,  0.35906985E+01,  0.26809387E+01,  0.17497936E+01,  0.79819989E+00, -0.17223355E+00, -0.11786511E+01, -0.21869464E+01, -0.31751761E+01, -0.41306438E+01, -0.50588636E+01, -0.59668593E+01, -0.68598971E+01, -0.77401323E+01, -0.86060820E+01, -0.94555950E+01, -0.10286510E+02, -0.11096693E+02, -0.11883970E+02, -0.12646131E+02, -0.13380932E+02, -0.14086093E+02, -0.14759276E+02, -0.15398065E+02, -0.15999941E+02, -0.16562302E+02, -0.17082445E+02, -0.17557604E+02, -0.17984936E+02, -0.18361488E+02, -0.18684233E+02, -0.18950121E+02, -0.19156078E+02, -0.19298965E+02, -0.19375587E+02, -0.19382736E+02, -0.19317204E+02, -0.19175819E+02, -0.18955439E+02, -0.18652954E+02, -0.18265295E+02, -0.17789518E+02, -0.17222837E+02, -0.16562567E+02, -0.15806183E+02, -0.14951346E+02, -0.13995779E+02, -0.12937123E+02, -0.11772918E+02, -0.10500932E+02, -0.91191139E+01, -0.76246891E+01, -0.60188484E+01, -0.43000140E+01, -0.24076929E+01, -0.26152748E+00,  0.20231888E+01,  0.43741174E+01,  0.68061371E+01,  0.93137140E+01,  0.11894921E+02,  0.14547033E+02,  0.17267460E+02,  0.20053923E+02,  0.22904282E+02,  0.25816431E+02,  0.28788229E+02,  0.31817488E+02,  0.34901985E+02,  0.38039486E+02,  0.41227737E+02,  0.44464497E+02,  0.47747547E+02,  0.51074688E+02,  0.54443756E+02,  0.57852619E+02,  0.61299187E+02,  0.64781410E+02,  0.68297272E+02,  0.71844826E+02,  0.75422134E+02,  0.79027321E+02,  0.82658562E+02,  0.86314056E+02,  0.89992065E+02,  0.93690857E+02,  0.97408783E+02,  0.10114420E+03,  0.10489551E+03,  0.10866116E+03,  0.11243964E+03,  0.11622944E+03,  0.12002913E+03,  0.12383729E+03,  0.12765253E+03,  0.13147353E+03,  0.13529897E+03,  0.13912755E+03,  0.14295807E+03,  0.14678932E+03,  0.15062015E+03,  0.15444943E+03,  0.15827611E+03,  0.16209915E+03,  0.16591757E+03
  0.40000000E+01,  0.16722549E+02,  0.16651594E+02,  0.16531843E+02,  0.16365107E+02,  0.16153164E+02,  0.15897745E+02,  0.15600540E+02,  0.15263185E+02,  0.14887264E+02,  0.14474313E+02,  0.14025806E+02,  0.13543163E+02,  0.13027745E+02,  0.12480854E+02,  0.11903730E+02,  0.11297557E+02,  0.10663454E+02,  0.10002481E+02,  0.93156366E+01,  0.86038580E+01,  0.78680210E+01,  0.71089396E+01,  0.63273673E+01,  0.55239940E+01,  0.46994500E+01,  0.38542984E+01,  0.29890268E+01,  0.21040106E+01,  0.11994033E+01,  0.27482143E+00, -0.67154068E+00, -0.16348560E+01, -0.25880167E+01, -0.35112598E+01, -0.43976645E+01, -0.52557650E+01, -0.60910435E+01, -0.69079309E+01, -0.77080092E+01, -0.84896879E+01, -0.92507896E+01, -0.99891644E+01, -0.10702645E+02, -0.11389047E+02, -0.12046133E+02, -0.12671637E+02, -0.13263246E+02, -0.13818604E+02, -0.14335295E+02, -0.14810835E+02, -0.15242662E+02, -0.15628146E+02, -0.15964581E+02, -0.16249201E+02, -0.16479179E+02, -0.16651663E+02, -0.16763760E+02, -0.16812550E+02, -0.16795094E+02, -0.16708443E+02, -0.16549652E+02, -0.16315805E+02, -0.16004025E+02, -0.15611486E+02, -0.15135448E+02, -0.14573253E+02, -0.13922323E+02, -0.13180107E+02, -0.12344023E+02, -0.11411479E+02, -0.10379977E+02, -0.92469606E+01, -0.80091047E+01, -0.66639509E+01, -0.52116675E+01, -0.36304998E+01, -0.18345690E+01,  0.19101536E+00,  0.22527676E+01,  0.43995008E+01,  0.66342745E+01,  0.89489594E+01,  0.11340774E+02,  0.13806862E+02,  0.16344784E+02,  0.18952194E+02,  0.21626850E+02,  0.24366602E+02,  0.27169365E+02,  0.30033092E+02,  0.32955738E+02,  0.35935246E+02,  0.38969555E+02,  0.42056587E+02,  0.45194263E+02,  0.48380501E+02,  0.51613235E+02,  0.54890404E+02,  0.58209969E+02,  0.61569916E+02,  0.64968254E+02,  0.68403008E+02,  0.71872253E+02,  0.75374084E+02,  0.78906616E+02,  0.82468018E+02,  0.86056465E+02,  0.89670189E+02,  0.93307434E+02,  0.96966476E+02,  0.10064564E+03,  0.10434325E+03,  0.10805769E+03,  0.11178735E+03,  0.11553066E+03,  0.11928608E+03,  0.12305209E+03,  0.12682719E+03,  0.13060994E+03,  0.13439890E+03,  0.13819267E+03,  0.14198990E+03,  0.14578923E+03,  0.14958937E+03,  0.15338907E+03,  0.15718707E+03,  0.16098219E+03,  0.16477332E+03,  0.16855931E+03
  0.41250000E+01,  0.16975117E+02,  0.16849178E+02,  0.16681757E+02,  0.16474115E+02,  0.16227531E+02,  0.15943294E+02,  0.15622689E+02,  0.15266997E+02,  0.14877483E+02,  0.14455393E+02,  0.14001944E+02,  0.13518326E+02,  0.13005694E+02,  0.12465169E+02,  0.11897828E+02,  0.11304707E+02,  0.10686798E+02,  0.10045046E+02,  0.93803453E+01,  0.86935434E+01,  0.79854307E+01,  0.72567458E+01,  0.65081716E+01,  0.57403312E+01,  0.49537911E+01,  0.41490583E+01,  0.33265886E+01,  0.24868026E+01,  0.16301476E+01,  0.75726640E+00, -0.13050339E+00, -0.10500832E+01, -0.19679565E+01, -0.28628185E+01, -0.37197516E+01, -0.45370016E+01, -0.53230634E+01, -0.60828023E+01, -0.68200502E+01, -0.75361614E+01, -0.82299089E+01, -0.88989849E+01, -0.95413027E+01, -0.10154667E+02, -0.10736887E+02, -0.11285733E+02, -0.11798932E+02, -0.12274171E+02, -0.12709097E+02, -0.13101309E+02, -0.13448355E+02, -0.13747737E+02, -0.13996903E+02, -0.14193256E+02, -0.14334153E+02, -0.14416919E+02, -0.14438856E+02, -0.14397249E+02, -0.14289371E+02, -0.14112490E+02, -0.13863872E+02, -0.13540790E+02, -0.13140541E+02, -0.12660455E+02, -0.12097879E+02, -0.11450203E+02, -0.10714930E+02, -0.98897181E+01, -0.89720554E+01, -0.79589000E+01, -0.68481255E+01, -0.56390605E+01, -0.43209200E+01, -0.28495016E+01, -0.11577299E+01,  0.70858645E+00,  0.26203732E+01,  0.46116409E+01,  0.66750565E+01,  0.88136244E+01,  0.11028356E+02,  0.13318022E+02,  0.15681004E+02,  0.18115471E+02,  0.20619534E+02,  0.23191271E+02,  0.25828770E+02,  0.28530121E+02,  0.31293421E+02,  0.34116779E+02,  0.36998291E+02,  0.39936050E+02,  0.42928139E+02,  0.45972633E+02,  0.49067593E+02,  0.52211086E+02,  0.55401173E+02,  0.58635925E+02,  0.61913414E+02,  0.65231735E+02,  0.68588982E+02,  0.71983269E+02,  0.75412735E+02,  0.78875534E+02,  0.82369835E+02,  0.85893829E+02,  0.89445724E+02,  0.93023766E+02,  0.96626198E+02,  0.10025130E+03,  0.10389738E+03,  0.10756272E+03,  0.11124569E+03,  0.11494463E+03,  0.11865793E+03,  0.12238397E+03,  0.12612118E+03,  0.12986800E+03,  0.13362288E+03,  0.13738432E+03,  0.14115082E+03,  0.14492091E+03,  0.14869316E+03,  0.15246616E+03,  0.15623851E+03,  0.16000888E+03,  0.16377596E+03,  0.16753847E+03,  0.17129518E+03
  0.42500000E+01,  0.17368528E+02,  0.17180717E+02,  0.16958817E+02,  0.16703564E+02,  0.16415766E+02,  0.16096289E+02,  0.15746038E+02,  0.15365951E+02,  0.14956984E+02,  0.14520103E+02,  0.14056279E+02,  0.13566477E+02,  0.13051652E+02,  0.12512742E+02,  0.11950665E+02,  0.11366316E+02,  0.10760556E+02,  0.10134218E+02,  0.94880943E+01,  0.88229399E+01,  0.81394653E+01,  0.74383335E+01,  0.67201567E+01,  0.59854913E+01,  0.52348328E+01,  0.44686098E+01,  0.36871762E+01,  0.28907957E+01,  0.20796165E+01,  0.12536072E+01,  0.41237268E+00, -0.44538057E+00, -0.13189657E+01, -0.21819096E+01, -0.30142601E+01, -0.38037367E+01, -0.45507164E+01, -0.52628398E+01, -0.59443388E+01, -0.65986867E+01, -0.72271557E+01, -0.78292928E+01, -0.84028130E+01, -0.89456015E+01, -0.94555178E+01, -0.99303493E+01, -0.10367887E+02, -0.10765879E+02, -0.11122032E+02, -0.11434018E+02, -0.11699473E+02, -0.11916006E+02, -0.12081185E+02, -0.12192544E+02, -0.12247583E+02, -0.12243781E+02, -0.12178596E+02, -0.12049483E+02, -0.11853888E+02, -0.11589227E+02, -0.11252875E+02, -0.10842178E+02, -0.10354516E+02, -0.97873678E+01, -0.91381283E+01, -0.84038897E+01, -0.75820823E+01, -0.66719093E+01, -0.56711626E+01, -0.45715885E+01, -0.33485656E+01, -0.19466116E+01, -0.36291409E+00,  0.13406897E+01,  0.31021888E+01,  0.49417214E+01,  0.68529305E+01,  0.88368855E+01,  0.10893106E+02,  0.13021584E+02,  0.15222064E+02,  0.17493803E+02,  0.19835705E+02,  0.22246449E+02,  0.24724562E+02,  0.27268480E+02,  0.29876575E+02,  0.32547184E+02,  0.35278606E+02,  0.38069130E+02,  0.40917011E+02,  0.43820503E+02,  0.46777828E+02,  0.49787201E+02,  0.52846821E+02,  0.55954887E+02,  0.59109581E+02,  0.62309086E+02,  0.65551582E+02,  0.68835258E+02,  0.72158295E+02,  0.75518890E+02,  0.78915245E+02,  0.82345558E+02,  0.85808060E+02,  0.89300980E+02,  0.92822540E+02,  0.96371002E+02,  0.99944618E+02,  0.10354166E+03,  0.10716042E+03,  0.11079918E+03,  0.11445625E+03,  0.11812993E+03,  0.12181857E+03,  0.12552050E+03,  0.12923407E+03,  0.13295766E+03,  0.13668962E+03,  0.14042838E+03,  0.14417232E+03,  0.14791988E+03,  0.15166953E+03,  0.15541972E+03,  0.15916898E+03,  0.16291579E+03,  0.16665874E+03,  0.17039641E+03,  0.17412741E+03
  0.43750000E+01,  0.17870928E+02,  0.17616947E+02,  0.17336081E+02,  0.17028603E+02,  0.16694904E+02,  0.16335472E+02,  0.15950866E+02,  0.15541712E+02,  0.15108685E+02,  0.14652498E+02,  0.14173889E+02,  0.13673615E+02,  0.13152448E+02,  0.12611154E+02,  0.12050504E+02,  0.11471256E+02,  0.10874154E+02,  0.10259924E+02,  0.96292639E+01,  0.89828453E+01,  0.83213053E+01,  0.76452422E+01,  0.69552083E+01,  0.62517066E+01,  0.55351801E+01,  0.48060031E+01,  0.40644698E+01,  0.33107734E+01,  0.25449831E+01,  0.17670079E+01,  0.97655261E+00,  0.17310144E+00, -0.64392686E+00, -0.14660085E+01, -0.22706089E+01, -0.30395186E+01, -0.37620032E+01, -0.44381971E+01, -0.50751257E+01, -0.56764183E+01, -0.62452588E+01, -0.67830024E+01, -0.72897053E+01, -0.77641435E+01, -0.82039919E+01, -0.86070690E+01, -0.89712925E+01, -0.92944527E+01, -0.95742874E+01, -0.98085308E+01, -0.99949064E+01, -0.10131114E+02, -0.10214821E+02, -0.10243658E+02, -0.10215223E+02, -0.10127085E+02, -0.99768057E+01, -0.97619858E+01, -0.94802713E+01, -0.91292610E+01, -0.87063351E+01, -0.82086630E+01, -0.76335521E+01, -0.69791298E+01, -0.62431889E+01, -0.54202719E+01, -0.45027432E+01, -0.34730449E+01, -0.22917509E+01, -0.94069088E+00,  0.54788971E+00,  0.20804367E+01,  0.36894464E+01,  0.53784156E+01,  0.71414223E+01,  0.89778261E+01,  0.10886306E+02,  0.12866145E+02,  0.14916718E+02,  0.17037453E+02,  0.19227711E+02,  0.21486700E+02,  0.23813452E+02,  0.26206856E+02,  0.28665672E+02,  0.31188574E+02,  0.33774151E+02,  0.36420940E+02,  0.39127434E+02,  0.41892078E+02,  0.44713299E+02,  0.47589485E+02,  0.50519009E+02,  0.53500210E+02,  0.56531422E+02,  0.59610958E+02,  0.62737118E+02,  0.65908188E+02,  0.69122452E+02,  0.72378181E+02,  0.75673637E+02,  0.79007103E+02,  0.82376831E+02,  0.85781082E+02,  0.89218124E+02,  0.92686218E+02,  0.96183624E+02,  0.99708611E+02,  0.10325944E+03,  0.10683437E+03,  0.11043169E+03,  0.11404967E+03,  0.11768655E+03,  0.12134064E+03,  0.12501021E+03,  0.12869353E+03,  0.13238889E+03,  0.13609457E+03,  0.13980888E+03,  0.14353014E+03,  0.14725661E+03,  0.15098665E+03,  0.15471857E+03,  0.15845074E+03,  0.16218153E+03,  0.16590932E+03,  0.16963252E+03,  0.17334959E+03,  0.17705899E+03
  0.45000000E+01,  0.18451061E+02,  0.18128942E+02,  0.17786736E+02,  0.17424339E+02,  0.17041794E+02,  0.16639267E+02,  0.16217031E+02,  0.15775444E+02,  0.15314937E+02,  0.14836000E+02,  0.14339172E+02,  0.13825028E+02,  0.13294170E+02,  0.12747223E+02,  0.12184818E+02,  0.11607598E+02,  0.11016200E+02,  0.10411257E+02,  0.97933865E+01,  0.91631908E+01,  0.85212460E+01,  0.78681016E+01,  0.72042694E+01,  0.65302205E+01,  0.58463755E+01,  0.51530952E+01,  0.44506707E+01,  0.37393091E+01,  0.30191164E+01,  0.22900822E+01,  0.15520635E+01,  0.80477947E+00,  0.47821324E-01, -0.71935624E+00, -0.14846491E+01, -0.22280617E+01, -0.29330466E+01, -0.35894256E+01, -0.41952667E+01, -0.47564683E+01, -0.52768135E+01, -0.57586918E+01, -0.62038326E+01, -0.66124620E+01, -0.69839568E+01, -0.73171182E+01, -0.76100435E+01, -0.78604178E+01, -0.80659237E+01, -0.82243605E+01, -0.83335514E+01, -0.83912926E+01, -0.83953419E+01, -0.83434143E+01, -0.82331581E+01, -0.80621347E+01, -0.78278413E+01, -0.75279279E+01, -0.71605120E+01, -0.67239003E+01, -0.62153349E+01, -0.56305876E+01, -0.49646258E+01, -0.42088394E+01, -0.33443415E+01, -0.23372595E+01, -0.11775329E+01,  0.11889408E+00,  0.14510757E+01,  0.28539534E+01,  0.43349781E+01,  0.58869824E+01,  0.75110278E+01,  0.92076225E+01,  0.10975996E+02,  0.12815440E+02,  0.14725207E+02,  0.16704601E+02,  0.18752951E+02,  0.20869576E+02,  0.23053747E+02,  0.25304661E+02,  0.27621407E+02,  0.30002987E+02,  0.32448307E+02,  0.34956196E+02,  0.37525406E+02,  0.40154640E+02,  0.42842537E+02,  0.45587704E+02,  0.48388702E+02,  0.51244057E+02,  0.54152271E+02,  0.57111813E+02,  0.60121128E+02,  0.63178646E+02,  0.66282768E+02,  0.69431885E+02,  0.72624367E+02,  0.75858582E+02,  0.79132858E+02,  0.82445549E+02,  0.85794968E+02,  0.89179428E+02,  0.92597244E+02,  0.96046707E+02,  0.99526100E+02,  0.10303371E+03,  0.10656781E+03,  0.11012666E+03,  0.11370851E+03,  0.11731161E+03,  0.12093422E+03,  0.12457455E+03,  0.12823083E+03,  0.13190129E+03,  0.13558414E+03,  0.13927759E+03,  0.14297984E+03,  0.14668910E+03,  0.15040356E+03,  0.15412146E+03,  0.15784097E+03,  0.16156035E+03,  0.16527779E+03,  0.16899156E+03,  0.17269991E+03,  0.17640112E+03,  0.18009351E+03
  0.46250000E+01,  0.19079287E+02,  0.18689026E+02,  0.18284910E+02,  0.17866552E+02,  0.17433733E+02,  0.16986370E+02,  0.16524508E+02,  0.16048290E+02,  0.15557953E+02,  0.15053805E+02,  0.14536221E+02,  0.14005620E+02,  0.13462472E+02,  0.12907274E+02,  0.12340549E+02,  0.11762837E+02,  0.11174690E+02,  0.10576665E+02,  0.99693155E+01,  0.93531885E+01,  0.87288198E+01,  0.80967245E+01,  0.74573970E+01,  0.68112998E+01,  0.61588593E+01,  0.55004587E+01,  0.48364291E+01,  0.41670403E+01,  0.34924922E+01,  0.28129005E+01,  0.21282883E+01,  0.14385700E+01,  0.74353337E+00,  0.42801876E-01, -0.66423202E+00, -0.13656756E+01, -0.20434918E+01, -0.26827259E+01, -0.32731116E+01, -0.38102179E+01, -0.42961416E+01, -0.47356958E+01, -0.51310201E+01, -0.54832644E+01, -0.57932320E+01, -0.60607996E+01, -0.62849550E+01, -0.64641876E+01, -0.65967355E+01, -0.66806779E+01, -0.67139616E+01, -0.66944504E+01, -0.66199861E+01, -0.64884152E+01, -0.62975030E+01, -0.60446949E+01, -0.57267718E+01, -0.53398943E+01, -0.48798928E+01, -0.43420696E+01, -0.37174947E+01, -0.29871325E+01, -0.21376245E+01, -0.11638888E+01, -0.76445505E-01,  0.10972031E+01,  0.23264952E+01,  0.36252658E+01,  0.49886065E+01,  0.64193130E+01,  0.79193692E+01,  0.94888172E+01,  0.11127796E+02,  0.12836307E+02,  0.14614078E+02,  0.16460691E+02,  0.18375643E+02,  0.20358366E+02,  0.22408255E+02,  0.24524660E+02,  0.26706875E+02,  0.28954128E+02,  0.31265581E+02,  0.33640316E+02,  0.36077354E+02,  0.38575634E+02,  0.41134045E+02,  0.43751415E+02,  0.46426521E+02,  0.49158096E+02,  0.51944824E+02,  0.54785362E+02,  0.57678326E+02,  0.60622303E+02,  0.63615845E+02,  0.66657486E+02,  0.69745735E+02,  0.72879066E+02,  0.76055939E+02,  0.79274803E+02,  0.82534065E+02,  0.85832138E+02,  0.89167404E+02,  0.92538216E+02,  0.95942932E+02,  0.99379883E+02,  0.10284737E+03,  0.10634370E+03,  0.10986716E+03,  0.11341599E+03,  0.11698843E+03,  0.12058273E+03,  0.12419709E+03,  0.12782970E+03,  0.13147871E+03,  0.13514232E+03,  0.13881863E+03,  0.14250580E+03,  0.14620192E+03,  0.14990511E+03,  0.15361343E+03,  0.15732498E+03,  0.16103786E+03,  0.16475011E+03,  0.16845982E+03,  0.17216510E+03,  0.17586401E+03,  0.17955467E+03,  0.18323523E+03
  0.47500000E+01,  0.19728300E+02,  0.19271433E+02,  0.18806278E+02,  0.18332266E+02,  0.17848997E+02,  0.17356222E+02,  0.16853819E+02,  0.16341780E+02,  0.15820189E+02,  0.15289225E+02,  0.14749130E+02,  0.14200213E+02,  0.13642835E+02,  0.13077395E+02,  0.12504332E+02,  0.11924108E+02,  0.11337209E+02,  0.10744133E+02,  0.10145390E+02,  0.95414877E+01,  0.89329386E+01,  0.83202438E+01,  0.77038956E+01,  0.70843692E+01,  0.64621205E+01,  0.58375793E+01,  0.52111459E+01,  0.45831852E+01,  0.39540243E+01,  0.33239436E+01,  0.26931744E+01,  0.20618899E+01,  0.14301952E+01,  0.79810703E+00,  0.16551845E+00, -0.46786773E+00, -0.10952256E+01, -0.16993406E+01, -0.22668669E+01, -0.27875192E+01, -0.32553492E+01, -0.36681776E+01, -0.40272508E+01, -0.43357496E+01, -0.45958161E+01, -0.48078585E+01, -0.49714794E+01, -0.50859008E+01, -0.51500187E+01, -0.51623144E+01, -0.51207895E+01, -0.50230322E+01, -0.48663669E+01, -0.46480350E+01, -0.43651166E+01, -0.40134125E+01, -0.35842824E+01, -0.30648072E+01, -0.24437764E+01, -0.17174416E+01, -0.88276219E+00,  0.57546876E-01,  0.10349696E+01,  0.20759926E+01,  0.31895535E+01,  0.43745742E+01,  0.56270781E+01,  0.69468188E+01,  0.83332195E+01,  0.97865114E+01,  0.11307076E+02,  0.12895082E+02,  0.14550576E+02,  0.16273485E+02,  0.18063604E+02,  0.19920626E+02,  0.21844147E+02,  0.23833698E+02,  0.25888744E+02,  0.28008696E+02,  0.30192900E+02,  0.32440651E+02,  0.34751175E+02,  0.37123638E+02,  0.39557152E+02,  0.42050762E+02,  0.44603458E+02,  0.47214188E+02,  0.49881832E+02,  0.52605240E+02,  0.55383221E+02,  0.58214531E+02,  0.61097897E+02,  0.64032021E+02,  0.67015549E+02,  0.70047112E+02,  0.73125320E+02,  0.76248734E+02,  0.79415901E+02,  0.82625343E+02,  0.85875542E+02,  0.89164963E+02,  0.92492058E+02,  0.95855232E+02,  0.99252876E+02,  0.10268336E+03,  0.10614501E+03,  0.10963615E+03,  0.11315507E+03,  0.11670001E+03,  0.12026922E+03,  0.12386089E+03,  0.12747321E+03,  0.13110431E+03,  0.13475230E+03,  0.13841531E+03,  0.14209138E+03,  0.14577855E+03,  0.14947484E+03,  0.15317824E+03,  0.15688670E+03,  0.16059821E+03,  0.16431067E+03,  0.16802202E+03,  0.17173016E+03,  0.17543301E+03,  0.17912849E+03,  0.18281453E+03,  0.18648901E+03
  0.48750000E+01,  0.20373594E+02,  0.19852753E+02,  0.19328489E+02,  0.18800144E+02,  0.18267225E+02,  0.17729382E+02,  0.17186390E+02,  0.16638147E+02,  0.16084644E+02,  0.15525967E+02,  0.14962274E+02,  0.14393791E+02,  0.13820807E+02,  0.13243652E+02,  0.12662706E+02,  0.12078379E+02,  0.11491109E+02,  0.10901358E+02,  0.10309605E+02,  0.97163401E+01,  0.91220655E+01,  0.85272827E+01,  0.79324980E+01,  0.73382139E+01,  0.67449284E+01,  0.61531339E+01,  0.55633140E+01,  0.49759455E+01,  0.43914957E+01,  0.38104281E+01,  0.32332041E+01,  0.26602912E+01,  0.20921772E+01,  0.15293909E+01,  0.97254980E+00,  0.42245185E+00, -0.11971906E+00, -0.65912199E+00, -0.11746753E+01, -0.16557615E+01, -0.20932109E+01, -0.24801443E+01, -0.28128028E+01, -0.30896740E+01, -0.33102953E+01, -0.34746792E+01, -0.35829337E+01, -0.36349242E+01, -0.36299396E+01, -0.35663507E+01, -0.34410598E+01, -0.32495458E+01, -0.29862261E+01, -0.26452360E+01, -0.22219114E+01, -0.17145325E+01, -0.11181751E+01, -0.43023312E+00,  0.34511584E+00,  0.11662625E+01,  0.20507462E+01,  0.30031052E+01,  0.40180340E+01,  0.50971899E+01,  0.62424674E+01,  0.74543867E+01,  0.87326250E+01,  0.10076959E+02,  0.11487217E+02,  0.12963358E+02,  0.14505402E+02,  0.16113342E+02,  0.17787125E+02,  0.19526617E+02,  0.21331619E+02,  0.23201851E+02,  0.25136963E+02,  0.27136541E+02,  0.29200111E+02,  0.31327137E+02,  0.33517033E+02,  0.35769154E+02,  0.38082798E+02,  0.40457211E+02,  0.42891582E+02,  0.45385056E+02,  0.47936714E+02,  0.50545597E+02,  0.53210701E+02,  0.55930969E+02,  0.58705315E+02,  0.61532597E+02,  0.64411652E+02,  0.67341263E+02,  0.70320198E+02,  0.73347168E+02,  0.76420868E+02,  0.79539955E+02,  0.82703049E+02,  0.85908752E+02,  0.89155609E+02,  0.92442169E+02,  0.95766922E+02,  0.99128326E+02,  0.10252483E+03,  0.10595482E+03,  0.10941666E+03,  0.11290869E+03,  0.11642921E+03,  0.11997646E+03,  0.12354866E+03,  0.12714400E+03,  0.13076064E+03,  0.13439665E+03,  0.13805013E+03,  0.14171907E+03,  0.14540147E+03,  0.14909529E+03,  0.15279842E+03,  0.15650874E+03,  0.16022411E+03,  0.16394231E+03,  0.16766113E+03,  0.17137833E+03,  0.17509163E+03,  0.17879878E+03,  0.18249747E+03,  0.18618542E+03,  0.18986034E+03
  0.50000000E+01,  0.20993622E+02,  0.20412125E+02,  0.19831385E+02,  0.19250731E+02,  0.18669643E+02,  0.18087742E+02,  0.17504765E+02,  0.16920561E+02,  0.16335079E+02,  0.15748353E+02,  0.15160498E+02,  0.14571695E+02,  0.13982189E+02,  0.13392275E+02,  0.12802294E+02,  0.12212626E+02,  0.11623686E+02,  0.11035916E+02,  0.10449783E+02,  0.98657732E+01,  0.92843885E+01,  0.87061462E+01,  0.81315727E+01,  0.75612078E+01,  0.69955974E+01,  0.64352999E+01,  0.58808832E+01,  0.53329320E+01,  0.47920475E+01,  0.42588596E+01,  0.37340341E+01,  0.32182891E+01,  0.27124140E+01,  0.22172976E+01,  0.17339615E+01,  0.12636014E+01,  0.80761027E+00,  0.36752594E+00, -0.53205196E-01, -0.45785075E+00, -0.82830769E+00, -0.11549424E+01, -0.14322807E+01, -0.16564083E+01, -0.18229938E+01, -0.19286660E+01, -0.19708846E+01, -0.19476733E+01, -0.18575338E+01, -0.16997366E+01, -0.14708971E+01, -0.11666464E+01, -0.78281707E+00, -0.31703639E+00,  0.22919884E+00,  0.82426029E+00,  0.14817082E+01,  0.22071693E+01,  0.30005786E+01,  0.38573034E+01,  0.47776718E+01,  0.57621913E+01,  0.68105469E+01,  0.79229641E+01,  0.90998487E+01,  0.10341450E+02,  0.11647822E+02,  0.13018943E+02,  0.14454762E+02,  0.15955226E+02,  0.17520279E+02,  0.19149847E+02,  0.20843819E+02,  0.22602036E+02,  0.24424290E+02,  0.26310316E+02,  0.28259796E+02,  0.30272356E+02,  0.32347569E+02,  0.34484951E+02,  0.36683979E+02,  0.38944061E+02,  0.41264572E+02,  0.43644833E+02,  0.46084106E+02,  0.48581619E+02,  0.51136547E+02,  0.53748020E+02,  0.56415127E+02,  0.59136906E+02,  0.61912365E+02,  0.64740471E+02,  0.67620140E+02,  0.70550262E+02,  0.73529686E+02,  0.76557228E+02,  0.79631660E+02,  0.82751724E+02,  0.85916130E+02,  0.89123543E+02,  0.92372589E+02,  0.95661873E+02,  0.98989944E+02,  0.10235533E+03,  0.10575650E+03,  0.10919189E+03,  0.11265990E+03,  0.11615888E+03,  0.11968714E+03,  0.12324294E+03,  0.12682447E+03,  0.13042993E+03,  0.13405740E+03,  0.13770496E+03,  0.14137061E+03,  0.14505231E+03,  0.14874796E+03,  0.15245543E+03,  0.15617249E+03,  0.15989691E+03,  0.16362639E+03,  0.16735858E+03,  0.17109109E+03,  0.17482152E+03,  0.17854738E+03,  0.18226619E+03,  0.18597543E+03,  0.18967261E+03,  0.19335516E+03
  0.51250000E+01,  0.21569750E+02,  0.20931255E+02,  0.20297049E+02,  0.19666517E+02,  0.19039179E+02,  0.18414671E+02,  0.17792749E+02,  0.17173262E+02,  0.16556154E+02,  0.15941458E+02,  0.15329273E+02,  0.14719772E+02,  0.14113185E+02,  0.13509795E+02,  0.12909933E+02,  0.12313971E+02,  0.11722317E+02,  0.11135411E+02,  0.10553722E+02,  0.99777431E+01,  0.94079905E+01,  0.88449984E+01,  0.82893248E+01,  0.77415433E+01,  0.72022500E+01,  0.66720619E+01,  0.61516228E+01,  0.56416063E+01,  0.51427255E+01,  0.46557398E+01,  0.41814713E+01,  0.37208202E+01,  0.32747867E+01,  0.28445020E+01,  0.24312634E+01,  0.20365839E+01,  0.16622541E+01,  0.13104424E+01,  0.98388225E+00,  0.68573093E+00,  0.42151037E+00,  0.19609106E+00,  0.12698568E-01, -0.12754691E+00, -0.21230595E+00, -0.23543799E+00, -0.19261149E+00, -0.80724791E-01,  0.10216962E+00,  0.34174812E+00,  0.64388901E+00,  0.10123932E+01,  0.14495413E+01,  0.19559149E+01,  0.25299187E+01,  0.31673496E+01,  0.38683133E+01,  0.46334724E+01,  0.54628239E+01,  0.63557348E+01,  0.73119569E+01,  0.83314266E+01,  0.94140978E+01,  0.10560017E+02,  0.11769280E+02,  0.13041975E+02,  0.14378140E+02,  0.15777778E+02,  0.17240860E+02,  0.18767336E+02,  0.20357136E+02,  0.22010159E+02,  0.23726280E+02,  0.25505333E+02,  0.27347113E+02,  0.29251373E+02,  0.31217817E+02,  0.33246109E+02,  0.35335861E+02,  0.37486649E+02,  0.39697990E+02,  0.41969364E+02,  0.44300209E+02,  0.46689907E+02,  0.49137814E+02,  0.51643219E+02,  0.54205391E+02,  0.56823544E+02,  0.59496853E+02,  0.62224449E+02,  0.65005432E+02,  0.67838860E+02,  0.70723747E+02,  0.73659065E+02,  0.76643761E+02,  0.79676743E+02,  0.82756859E+02,  0.85882942E+02,  0.89053787E+02,  0.92268120E+02,  0.95524666E+02,  0.98822075E+02,  0.10215897E+03,  0.10553391E+03,  0.10894545E+03,  0.11239205E+03,  0.11587215E+03,  0.11938412E+03,  0.12292628E+03,  0.12649691E+03,  0.13009419E+03,  0.13371631E+03,  0.13736131E+03,  0.14102724E+03,  0.14471204E+03,  0.14841359E+03,  0.15212975E+03,  0.15585823E+03,  0.15959676E+03,  0.16334291E+03,  0.16709427E+03,  0.17084831E+03,  0.17460249E+03,  0.17835416E+03,  0.18210065E+03,  0.18583925E+03,  0.18956720E+03,  0.19328169E+03,  0.19697997E+03
  0.52500000E+01,  0.22086077E+02,  0.21394283E+02,  0.20709736E+02,  0.20031925E+02,  0.19360451E+02,  0.18695023E+02,  0.18035446E+02,  0.17381617E+02,  0.16733513E+02,  0.16091194E+02,  0.15454782E+02,  0.14824465E+02,  0.14200490E+02,  0.13583151E+02,  0.12972791E+02,  0.12369792E+02,  0.11774572E+02,  0.11187587E+02,  0.10609317E+02,  0.10040273E+02,  0.94809885E+01,  0.89320269E+01,  0.83939705E+01,  0.78674312E+01,  0.73530440E+01,  0.68514762E+01,  0.63634281E+01,  0.58896413E+01,  0.54309039E+01,  0.49880648E+01,  0.45620432E+01,  0.41538463E+01,  0.37645905E+01,  0.33955255E+01,  0.30480652E+01,  0.27238259E+01,  0.24246695E+01,  0.21527593E+01,  0.19106177E+01,  0.17011662E+01,  0.15278069E+01,  0.13940411E+01,  0.13032916E+01,  0.12591370E+01,  0.12662307E+01,  0.13285797E+01,  0.14492968E+01,  0.16304743E+01,  0.18729682E+01,  0.21759515E+01,  0.25403335E+01,  0.29673541E+01,  0.34579716E+01,  0.40125642E+01,  0.46308556E+01,  0.53121586E+01,  0.60561900E+01,  0.68628807E+01,  0.77321439E+01,  0.86638298E+01,  0.96578264E+01,  0.10714071E+02,  0.11832536E+02,  0.13013225E+02,  0.14256160E+02,  0.15561366E+02,  0.16928854E+02,  0.18358612E+02,  0.19850615E+02,  0.21404806E+02,  0.23021114E+02,  0.24699440E+02,  0.26439655E+02,  0.28241604E+02,  0.30105091E+02,  0.32029888E+02,  0.34015736E+02,  0.36062325E+02,  0.38169315E+02,  0.40336323E+02,  0.42562927E+02,  0.44848663E+02,  0.47193031E+02,  0.49595490E+02,  0.52055450E+02,  0.54572300E+02,  0.57145374E+02,  0.59773975E+02,  0.62457359E+02,  0.65194756E+02,  0.67985344E+02,  0.70828270E+02,  0.73722649E+02,  0.76667542E+02,  0.79661980E+02,  0.82704964E+02,  0.85795433E+02,  0.88932312E+02,  0.92114456E+02,  0.95340698E+02,  0.98609818E+02,  0.10192055E+03,  0.10527158E+03,  0.10866153E+03,  0.11208901E+03,  0.11555253E+03,  0.11905056E+03,  0.12258152E+03,  0.12614374E+03,  0.12973550E+03,  0.13335503E+03,  0.13700046E+03,  0.14066983E+03,  0.14436115E+03,  0.14807231E+03,  0.15180115E+03,  0.15554539E+03,  0.15930270E+03,  0.16307063E+03,  0.16684669E+03,  0.17062825E+03,  0.17441264E+03,  0.17819711E+03,  0.18197879E+03,  0.18575479E+03,  0.18952213E+03,  0.19327779E+03,  0.19701866E+03,  0.20074165E+03
  0.53750000E+01,  0.22529127E+02,  0.21787563E+02,  0.21055702E+02,  0.20333174E+02,  0.19619699E+02,  0.18915091E+02,  0.18219242E+02,  0.17532124E+02,  0.16853785E+02,  0.16184336E+02,  0.15523951E+02,  0.14872862E+02,  0.14231352E+02,  0.13599750E+02,  0.12978428E+02,  0.12367797E+02,  0.11768301E+02,  0.11180419E+02,  0.10604656E+02,  0.10041548E+02,  0.94916534E+01,  0.89555597E+01,  0.84338789E+01,  0.79272509E+01,  0.74363441E+01,  0.69618602E+01,  0.65045376E+01,  0.60651579E+01,  0.56445532E+01,  0.52436161E+01,  0.48633094E+01,  0.45046811E+01,  0.41688800E+01,  0.38571742E+01,  0.35709710E+01,  0.33118408E+01,  0.30815406E+01,  0.28820348E+01,  0.27155123E+01,  0.25843863E+01,  0.24912724E+01,  0.24389110E+01,  0.24301121E+01,  0.24677503E+01,  0.25547528E+01,  0.26938219E+01,  0.28872523E+01,  0.31368318E+01,  0.34438200E+01,  0.38090560E+01,  0.42333784E+01,  0.47175889E+01,  0.52623391E+01,  0.58680472E+01,  0.65348887E+01,  0.72628798E+01,  0.80520144E+01,  0.89022932E+01,  0.98137112E+01,  0.10786251E+02,  0.11819895E+02,  0.12914636E+02,  0.14070475E+02,  0.15287422E+02,  0.16565491E+02,  0.17904690E+02,  0.19305021E+02,  0.20766470E+02,  0.22289007E+02,  0.23872585E+02,  0.25517136E+02,  0.27222567E+02,  0.28988760E+02,  0.30815577E+02,  0.32702839E+02,  0.34650352E+02,  0.36657879E+02,  0.38725155E+02,  0.40851875E+02,  0.43037712E+02,  0.45282295E+02,  0.47585220E+02,  0.49946045E+02,  0.52364300E+02,  0.54839470E+02,  0.57371014E+02,  0.59958347E+02,  0.62600849E+02,  0.65297874E+02,  0.68048721E+02,  0.70852676E+02,  0.73708969E+02,  0.76616798E+02,  0.79575325E+02,  0.82583679E+02,  0.85640938E+02,  0.88746140E+02,  0.91898285E+02,  0.95096344E+02,  0.98339211E+02,  0.10162576E+03,  0.10495479E+03,  0.10832507E+03,  0.11173531E+03,  0.11518414E+03,  0.11867017E+03,  0.12219189E+03,  0.12574776E+03,  0.12933618E+03,  0.13295541E+03,  0.13660371E+03,  0.14027921E+03,  0.14397993E+03,  0.14770387E+03,  0.15144885E+03,  0.15521266E+03,  0.15899295E+03,  0.16278728E+03,  0.16659309E+03,  0.17040773E+03,  0.17422844E+03,  0.17805235E+03,  0.18187646E+03,  0.18569774E+03,  0.18951299E+03,  0.19331895E+03,  0.19711230E+03,  0.20088963E+03,  0.20464746E+03
  0.55000000E+01,  0.22887539E+02,  0.22099396E+02,  0.21322990E+02,  0.20558115E+02,  0.19804640E+02,  0.19062504E+02,  0.18331717E+02,  0.17612352E+02,  0.16904549E+02,  0.16208500E+02,  0.15524451E+02,  0.14852699E+02,  0.14193584E+02,  0.13547489E+02,  0.12914831E+02,  0.12296062E+02,  0.11691669E+02,  0.11102161E+02,  0.10528080E+02,  0.99699879E+01,  0.94284735E+01,  0.89041510E+01,  0.83976555E+01,  0.79096508E+01,  0.74408274E+01,  0.69919081E+01,  0.65636501E+01,  0.61568513E+01,  0.57723565E+01,  0.54110656E+01,  0.50739412E+01,  0.47620206E+01,  0.44764237E+01,  0.42183704E+01,  0.39891875E+01,  0.37903242E+01,  0.36233618E+01,  0.34900198E+01,  0.33921568E+01,  0.33317626E+01,  0.33109355E+01,  0.33318505E+01,  0.33967211E+01,  0.35077589E+01,  0.36671212E+01,  0.38768246E+01,  0.41386700E+01,  0.44541974E+01,  0.48246794E+01,  0.52511611E+01,  0.57345324E+01,  0.62755523E+01,  0.68748436E+01,  0.75328856E+01,  0.82500210E+01,  0.90264864E+01,  0.98624506E+01,  0.10758038E+02,  0.11713340E+02,  0.12728427E+02,  0.13803354E+02,  0.14938166E+02,  0.16132898E+02,  0.17387585E+02,  0.18702251E+02,  0.20076916E+02,  0.21511583E+02,  0.23006247E+02,  0.24560886E+02,  0.26175463E+02,  0.27849920E+02,  0.29584181E+02,  0.31378149E+02,  0.33231701E+02,  0.35144691E+02,  0.37116947E+02,  0.39148273E+02,  0.41238441E+02,  0.43387196E+02,  0.45594254E+02,  0.47859303E+02,  0.50181995E+02,  0.52561954E+02,  0.54998779E+02,  0.57492027E+02,  0.60041225E+02,  0.62645874E+02,  0.65305443E+02,  0.68019348E+02,  0.70787003E+02,  0.73607765E+02,  0.76480965E+02,  0.79405891E+02,  0.82381805E+02,  0.85407913E+02,  0.88483414E+02,  0.91607422E+02,  0.94779045E+02,  0.97997330E+02,  0.10126128E+03,  0.10456985E+03,  0.10792193E+03,  0.11131636E+03,  0.11475195E+03,  0.11822739E+03,  0.12174134E+03,  0.12529239E+03,  0.12887904E+03,  0.13249971E+03,  0.13615274E+03,  0.13983638E+03,  0.14354877E+03,  0.14728795E+03,  0.15105188E+03,  0.15483838E+03,  0.15864516E+03,  0.16246980E+03,  0.16630977E+03,  0.17016240E+03,  0.17402490E+03,  0.17789433E+03,  0.18176764E+03,  0.18564162E+03,  0.18951292E+03,  0.19337814E+03,  0.19723367E+03,  0.20107584E+03,  0.20490086E+03,  0.20870490E+03
  0.56250000E+01,  0.23151714E+02,  0.22319735E+02,  0.21501179E+02,  0.20696022E+02,  0.19904293E+02,  0.19126081E+02,  0.18361534E+02,  0.17610847E+02,  0.16874268E+02,  0.16152090E+02,  0.15444652E+02,  0.14752333E+02,  0.14075548E+02,  0.13414746E+02,  0.12770408E+02,  0.12143039E+02,  0.11533175E+02,  0.10941370E+02,  0.10368203E+02,  0.98142738E+01,  0.92801991E+01,  0.87666168E+01,  0.82741871E+01,  0.78035898E+01,  0.73555274E+01,  0.69307313E+01,  0.65299602E+01,  0.61540084E+01,  0.58037095E+01,  0.54799414E+01,  0.51836343E+01,  0.49157777E+01,  0.46774263E+01,  0.44697094E+01,  0.42938366E+01,  0.41511045E+01,  0.40428987E+01,  0.39706960E+01,  0.39360600E+01,  0.39406307E+01,  0.39861088E+01,  0.40742345E+01,  0.42067599E+01,  0.43854179E+01,  0.46118870E+01,  0.48877511E+01,  0.52144642E+01,  0.55933294E+01,  0.60254889E+01,  0.65119324E+01,  0.70535150E+01,  0.76509676E+01,  0.83049049E+01,  0.90158348E+01,  0.97841635E+01,  0.10610215E+02,  0.11494246E+02,  0.12436459E+02,  0.13437016E+02,  0.14496048E+02,  0.15613663E+02,  0.16789946E+02,  0.18024965E+02,  0.19318785E+02,  0.20671446E+02,  0.22082981E+02,  0.23553413E+02,  0.25082750E+02,  0.26670982E+02,  0.28318089E+02,  0.30024029E+02,  0.31788750E+02,  0.33612171E+02,  0.35494202E+02,  0.37434727E+02,  0.39433605E+02,  0.41490677E+02,  0.43605762E+02,  0.45778652E+02,  0.48009113E+02,  0.50296886E+02,  0.52641689E+02,  0.55043209E+02,  0.57501110E+02,  0.60015026E+02,  0.62584557E+02,  0.65209290E+02,  0.67888763E+02,  0.70622505E+02,  0.73409996E+02,  0.76250687E+02,  0.79144012E+02,  0.82089355E+02,  0.85086075E+02,  0.88133476E+02,  0.91230850E+02,  0.94377434E+02,  0.97572418E+02,  0.10081496E+03,  0.10410415E+03,  0.10743905E+03,  0.11081865E+03,  0.11424189E+03,  0.11770765E+03,  0.12121473E+03,  0.12476186E+03,  0.12834772E+03,  0.13197086E+03,  0.13562976E+03,  0.13932283E+03,  0.14304836E+03,  0.14680450E+03,  0.15058934E+03,  0.15440080E+03,  0.15823669E+03,  0.16209471E+03,  0.16597235E+03,  0.16986702E+03,  0.17377592E+03,  0.17769614E+03,  0.18162456E+03,  0.18555792E+03,  0.18949280E+03,  0.19342560E+03,  0.19735255E+03,  0.20126974E+03,  0.20517311E+03,  0.20905847E+03,  0.21292148E+03
  0.57500000E+01,  0.23313507E+02,  0.22439911E+02,  0.21581144E+02,  0.20737373E+02,  0.19908802E+02,  0.19095682E+02,  0.18298307E+02,  0.17517015E+02,  0.16752178E+02,  0.16004208E+02,  0.15273547E+02,  0.14560677E+02,  0.13866097E+02,  0.13190340E+02,  0.12533958E+02,  0.11897524E+02,  0.11281631E+02,  0.10686884E+02,  0.10113909E+02,  0.95633392E+01,  0.90358276E+01,  0.85320358E+01,  0.80526409E+01,  0.75983353E+01,  0.71698260E+01,  0.67678409E+01,  0.63931279E+01,  0.60464611E+01,  0.57286434E+01,  0.54405112E+01,  0.51829391E+01,  0.49568448E+01,  0.47631946E+01,  0.46030073E+01,  0.44773564E+01,  0.43873768E+01,  0.43342600E+01,  0.43192568E+01,  0.43436699E+01,  0.44088478E+01,  0.45161705E+01,  0.46670356E+01,  0.48628407E+01,  0.51049609E+01,  0.53947296E+01,  0.57334142E+01,  0.61221967E+01,  0.65621624E+01,  0.70542917E+01,  0.75994573E+01,  0.81984310E+01,  0.88518848E+01,  0.95604019E+01,  0.10324477E+02,  0.11144530E+02,  0.12020909E+02,  0.12953906E+02,  0.13943763E+02,  0.14990679E+02,  0.16094822E+02,  0.17256330E+02,  0.18475323E+02,  0.19751892E+02,  0.21086119E+02,  0.22478071E+02,  0.23927797E+02,  0.25435335E+02,  0.27000710E+02,  0.28623932E+02,  0.30305000E+02,  0.32043896E+02,  0.33840584E+02,  0.35695019E+02,  0.37607136E+02,  0.39576851E+02,  0.41604069E+02,  0.43688663E+02,  0.45830498E+02,  0.48029419E+02,  0.50285244E+02,  0.52597775E+02,  0.54966785E+02,  0.57392033E+02,  0.59873249E+02,  0.62410141E+02,  0.65002396E+02,  0.67649673E+02,  0.70351608E+02,  0.73107796E+02,  0.75917831E+02,  0.78781265E+02,  0.81697601E+02,  0.84666344E+02,  0.87686951E+02,  0.90758842E+02,  0.93881401E+02,  0.97053978E+02,  0.10027587E+03,  0.10354635E+03,  0.10686462E+03,  0.11022986E+03,  0.11364115E+03,  0.11709756E+03,  0.12059805E+03,  0.12414155E+03,  0.12772688E+03,  0.13135278E+03,  0.13501794E+03,  0.13872093E+03,  0.14246019E+03,  0.14623407E+03,  0.15004082E+03,  0.15387852E+03,  0.15774513E+03,  0.16163849E+03,  0.16555623E+03,  0.16949585E+03,  0.17345465E+03,  0.17742978E+03,  0.18141817E+03,  0.18541655E+03,  0.18942146E+03,  0.19342924E+03,  0.19743602E+03,  0.20143768E+03,  0.20542996E+03,  0.20940834E+03,  0.21336819E+03,  0.21730464E+03
  0.58750000E+01,  0.23365919E+02,  0.22452358E+02,  0.21554815E+02,  0.20673645E+02,  0.19809238E+02,  0.18962019E+02,  0.18132441E+02,  0.17320990E+02,  0.16528179E+02,  0.15754550E+02,  0.15000668E+02,  0.14267118E+02,  0.13554509E+02,  0.12863461E+02,  0.12194613E+02,  0.11548610E+02,  0.10926113E+02,  0.10327785E+02,  0.97543020E+01,  0.92063389E+01,  0.86845789E+01,  0.81897097E+01,  0.77224240E+01,  0.72834206E+01,  0.68734045E+01,  0.64930911E+01,  0.61432071E+01,  0.58244939E+01,  0.55377097E+01,  0.52836337E+01,  0.50630703E+01,  0.48768511E+01,  0.47258387E+01,  0.46109304E+01,  0.45330596E+01,  0.44931970E+01,  0.44923491E+01,  0.45315580E+01,  0.46118965E+01,  0.47344613E+01,  0.49003658E+01,  0.51107292E+01,  0.53666635E+01,  0.56692619E+01,  0.60195842E+01,  0.64186435E+01,  0.68673959E+01,  0.73667302E+01,  0.79174633E+01,  0.85203362E+01,  0.91760149E+01,  0.98850918E+01,  0.10648091E+02,  0.11465468E+02,  0.12337620E+02,  0.13264887E+02,  0.14247561E+02,  0.15285892E+02,  0.16380093E+02,  0.17530348E+02,  0.18736809E+02,  0.19999609E+02,  0.21318863E+02,  0.22694666E+02,  0.24127098E+02,  0.25616230E+02,  0.27162113E+02,  0.28764791E+02,  0.30424295E+02,  0.32140644E+02,  0.33913841E+02,  0.35743885E+02,  0.37630753E+02,  0.39574413E+02,  0.41574825E+02,  0.43631920E+02,  0.45745625E+02,  0.47915852E+02,  0.50142490E+02,  0.52425419E+02,  0.54764496E+02,  0.57159565E+02,  0.59610447E+02,  0.62116951E+02,  0.64678856E+02,  0.67295929E+02,  0.69967911E+02,  0.72694527E+02,  0.75475479E+02,  0.78310440E+02,  0.81199059E+02,  0.84140961E+02,  0.87135742E+02,  0.90182961E+02,  0.93282166E+02,  0.96432854E+02,  0.99634483E+02,  0.10288648E+03,  0.10618823E+03,  0.10953907E+03,  0.11293828E+03,  0.11638509E+03,  0.11987867E+03,  0.12341813E+03,  0.12700250E+03,  0.13063074E+03,  0.13430171E+03,  0.13801419E+03,  0.14176685E+03,  0.14555826E+03,  0.14938684E+03,  0.15325093E+03,  0.15714868E+03,  0.16107811E+03,  0.16503706E+03,  0.16902321E+03,  0.17303403E+03,  0.17706679E+03,  0.18111855E+03,  0.18518614E+03,  0.18926617E+03,  0.19335498E+03,  0.19744865E+03,  0.20154305E+03,  0.20563368E+03,  0.20971591E+03,  0.21378476E+03,  0.21783502E+03,  0.22186130E+03
  0.60000000E+01,  0.23302851E+02,  0.22350388E+02,  0.21414955E+02,  0.20497107E+02,  0.19597424E+02,  0.18716505E+02,  0.17854979E+02,  0.17013487E+02,  0.16192698E+02,  0.15393290E+02,  0.14615961E+02,  0.13861422E+02,  0.13130389E+02,  0.12423589E+02,  0.11741751E+02,  0.11085607E+02,  0.10455889E+02,  0.98533268E+01,  0.92786484E+01,  0.87325735E+01,  0.82158203E+01,  0.77290993E+01,  0.72731166E+01,  0.68485732E+01,  0.64561672E+01,  0.60965939E+01,  0.57705498E+01,  0.54787335E+01,  0.52218480E+01,  0.50006051E+01,  0.48157268E+01,  0.46679487E+01,  0.45580225E+01,  0.44867182E+01,  0.44548249E+01,  0.44631529E+01,  0.45125327E+01,  0.46038122E+01,  0.47378564E+01,  0.49155407E+01,  0.51377478E+01,  0.54053583E+01,  0.57192454E+01,  0.60802650E+01,  0.64892483E+01,  0.69469924E+01,  0.74542546E+01,  0.80117455E+01,  0.86201239E+01,  0.92799978E+01,  0.99919205E+01,  0.10756390E+02,  0.11573853E+02,  0.12444711E+02,  0.13369312E+02,  0.14347967E+02,  0.15380947E+02,  0.16468489E+02,  0.17610798E+02,  0.18808056E+02,  0.20060419E+02,  0.21368027E+02,  0.22730999E+02,  0.24149443E+02,  0.25623449E+02,  0.27153101E+02,  0.28738466E+02,  0.30379604E+02,  0.32076569E+02,  0.33829399E+02,  0.35638126E+02,  0.37502769E+02,  0.39423347E+02,  0.41399853E+02,  0.43432289E+02,  0.45520626E+02,  0.47664841E+02,  0.49864891E+02,  0.52120720E+02,  0.54432266E+02,  0.56799446E+02,  0.59222172E+02,  0.61700333E+02,  0.64233810E+02,  0.66822472E+02,  0.69466156E+02,  0.72164696E+02,  0.74917908E+02,  0.77725586E+02,  0.80587509E+02,  0.83503426E+02,  0.86473068E+02,  0.89496147E+02,  0.92572342E+02,  0.95701309E+02,  0.98882668E+02,  0.10211602E+03,  0.10540091E+03,  0.10873685E+03,  0.11212334E+03,  0.11555976E+03,  0.11904551E+03,  0.12257990E+03,  0.12616217E+03,  0.12979150E+03,  0.13346700E+03,  0.13718767E+03,  0.14095242E+03,  0.14476007E+03,  0.14860931E+03,  0.15249873E+03,  0.15642673E+03,  0.16039157E+03,  0.16439139E+03,  0.16842409E+03,  0.17248740E+03,  0.17657881E+03,  0.18069562E+03,  0.18483484E+03,  0.18899323E+03,  0.19316728E+03,  0.19735316E+03,  0.20154675E+03,  0.20574359E+03,  0.20993889E+03,  0.21412755E+03,  0.21830411E+03,  0.22246278E+03,  0.22659749E+03
  0.61250000E+01,  0.23118881E+02,  0.22127966E+02,  0.21154964E+02,  0.20200632E+02,  0.19265741E+02,  0.18351078E+02,  0.17457447E+02,  0.16585663E+02,  0.15736550E+02,  0.14910942E+02,  0.14109679E+02,  0.13333604E+02,  0.12583556E+02,  0.11860376E+02,  0.11164897E+02,  0.10497941E+02,  0.98603220E+01,  0.92528400E+01,  0.86762800E+01,  0.81314116E+01,  0.76189857E+01,  0.71397367E+01,  0.66943827E+01,  0.62836237E+01,  0.59081445E+01,  0.55686150E+01,  0.52656927E+01,  0.50000262E+01,  0.47722545E+01,  0.45830112E+01,  0.44329290E+01,  0.43226385E+01,  0.42527742E+01,  0.42239742E+01,  0.42368836E+01,  0.42921534E+01,  0.43904424E+01,  0.45324173E+01,  0.47187490E+01,  0.49501123E+01,  0.52271810E+01,  0.55506263E+01,  0.59211087E+01,  0.63392768E+01,  0.68057590E+01,  0.73211608E+01,  0.78860593E+01,  0.85009995E+01,  0.91664925E+01,  0.98830109E+01,  0.10650992E+02,  0.11470836E+02,  0.12342901E+02,  0.13267518E+02,  0.14244979E+02,  0.15275547E+02,  0.16359455E+02,  0.17496916E+02,  0.18688112E+02,  0.19933212E+02,  0.21232365E+02,  0.22585705E+02,  0.23993351E+02,  0.25455416E+02,  0.26972000E+02,  0.28543190E+02,  0.30169073E+02,  0.31849724E+02,  0.33585213E+02,  0.35375599E+02,  0.37220947E+02,  0.39121300E+02,  0.41076706E+02,  0.43087200E+02,  0.45152817E+02,  0.47273579E+02,  0.49449505E+02,  0.51680603E+02,  0.53966877E+02,  0.56308315E+02,  0.58704910E+02,  0.61156628E+02,  0.63663441E+02,  0.66225304E+02,  0.68842155E+02,  0.71513939E+02,  0.74240562E+02,  0.77021950E+02,  0.79857979E+02,  0.82748543E+02,  0.85693497E+02,  0.88692680E+02,  0.91745934E+02,  0.94853050E+02,  0.98013817E+02,  0.10122799E+03,  0.10449529E+03,  0.10781543E+03,  0.11118806E+03,  0.11461279E+03,  0.11808923E+03,  0.12161687E+03,  0.12519523E+03,  0.12882370E+03,  0.13250162E+03,  0.13622827E+03,  0.14000284E+03,  0.14382440E+03,  0.14769196E+03,  0.15160435E+03,  0.15556033E+03,  0.15955849E+03,  0.16359723E+03,  0.16767482E+03,  0.17178928E+03,  0.17593846E+03,  0.18011993E+03,  0.18433105E+03,  0.18856886E+03,  0.19283008E+03,  0.19711113E+03,  0.20140808E+03,  0.20571661E+03,  0.21003201E+03,  0.21434914E+03,  0.21866248E+03,  0.22296603E+03,  0.22725339E+03,  0.23151770E+03
  0.62500000E+01,  0.22809071E+02,  0.21779537E+02,  0.20768703E+02,  0.19777529E+02,  0.18806984E+02,  0.17858047E+02,  0.16931709E+02,  0.16028963E+02,  0.15150805E+02,  0.14298231E+02,  0.13472237E+02,  0.12673808E+02,  0.11903920E+02,  0.11163537E+02,  0.10453602E+02,  0.97750406E+01,  0.91287556E+01,  0.85156202E+01,  0.79364853E+01,  0.73921690E+01,  0.68834591E+01,  0.64111137E+01,  0.59758601E+01,  0.55783930E+01,  0.52193799E+01,  0.48994584E+01,  0.46192417E+01,  0.43793173E+01,  0.41802526E+01,  0.40225959E+01,  0.39068794E+01,  0.38336232E+01,  0.38033366E+01,  0.38165219E+01,  0.38736753E+01,  0.39752901E+01,  0.41218567E+01,  0.43138638E+01,  0.45517988E+01,  0.48361459E+01,  0.51673856E+01,  0.55459938E+01,  0.59724374E+01,  0.64471736E+01,  0.69706459E+01,  0.75432820E+01,  0.81654921E+01,  0.88376637E+01,  0.95601645E+01,  0.10333337E+02,  0.11157501E+02,  0.12032950E+02,  0.12959957E+02,  0.13938769E+02,  0.14969614E+02,  0.16052696E+02,  0.17188206E+02,  0.18376314E+02,  0.19617178E+02,  0.20910940E+02,  0.22257734E+02,  0.23657684E+02,  0.25110907E+02,  0.26617506E+02,  0.28177591E+02,  0.29791256E+02,  0.31458595E+02,  0.33179703E+02,  0.34954662E+02,  0.36783562E+02,  0.38666485E+02,  0.40603508E+02,  0.42594711E+02,  0.44640167E+02,  0.46739948E+02,  0.48894123E+02,  0.51102760E+02,  0.53365917E+02,  0.55683659E+02,  0.58056030E+02,  0.60483089E+02,  0.62964878E+02,  0.65501434E+02,  0.68092796E+02,  0.70738983E+02,  0.73440033E+02,  0.76195938E+02,  0.79006721E+02,  0.81872375E+02,  0.84792885E+02,  0.87768219E+02,  0.90798355E+02,  0.93883240E+02,  0.97022804E+02,  0.10021696E+03,  0.10346562E+03,  0.10676865E+03,  0.11012591E+03,  0.11353720E+03,  0.11700232E+03,  0.12052103E+03,  0.12409303E+03,  0.12771797E+03,  0.13139546E+03,  0.13512506E+03,  0.13890622E+03,  0.14273834E+03,  0.14662071E+03,  0.15055254E+03,  0.15453288E+03,  0.15856071E+03,  0.16263481E+03,  0.16675383E+03,  0.17091618E+03,  0.17512015E+03,  0.17936368E+03,  0.18364458E+03,  0.18796025E+03,  0.19230789E+03,  0.19668427E+03,  0.20108582E+03,  0.20550853E+03,  0.20994797E+03,  0.21439923E+03,  0.21885689E+03,  0.22331499E+03,  0.22776701E+03,  0.23220589E+03,  0.23662399E+03
  0.63750000E+01,  0.22368818E+02,  0.21299875E+02,  0.20250345E+02,  0.19221395E+02,  0.18214203E+02,  0.17229946E+02,  0.16269810E+02,  0.15334978E+02,  0.14426632E+02,  0.13545943E+02,  0.12694073E+02,  0.11872164E+02,  0.11081339E+02,  0.10322697E+02,  0.95973043E+01,  0.89061975E+01,  0.82503748E+01,  0.76307950E+01,  0.70483737E+01,  0.65039835E+01,  0.59984508E+01,  0.55325561E+01,  0.51070333E+01,  0.47225695E+01,  0.43798079E+01,  0.40793476E+01,  0.38217483E+01,  0.36075292E+01,  0.34371755E+01,  0.33111396E+01,  0.32298453E+01,  0.31936915E+01,  0.32030544E+01,  0.32582932E+01,  0.33597507E+01,  0.35077574E+01,  0.37026341E+01,  0.39446926E+01,  0.42342386E+01,  0.45715718E+01,  0.49569860E+01,  0.53907695E+01,  0.58732052E+01,  0.64045682E+01,  0.69851265E+01,  0.76151390E+01,  0.82948551E+01,  0.90245132E+01,  0.98043385E+01,  0.10634547E+02,  0.11515340E+02,  0.12446905E+02,  0.13429421E+02,  0.14463053E+02,  0.15547956E+02,  0.16684271E+02,  0.17872137E+02,  0.19111681E+02,  0.20403023E+02,  0.21746279E+02,  0.23141560E+02,  0.24588974E+02,  0.26088627E+02,  0.27640623E+02,  0.29245066E+02,  0.30902058E+02,  0.32611702E+02,  0.34374107E+02,  0.36189377E+02,  0.38057617E+02,  0.39978935E+02,  0.41953442E+02,  0.43981247E+02,  0.46062466E+02,  0.48197212E+02,  0.50385593E+02,  0.52627735E+02,  0.54923744E+02,  0.57273743E+02,  0.59677841E+02,  0.62136166E+02,  0.64648819E+02,  0.67215927E+02,  0.69837608E+02,  0.72513962E+02,  0.75245110E+02,  0.78031158E+02,  0.80872208E+02,  0.83768372E+02,  0.86719749E+02,  0.89726425E+02,  0.92788490E+02,  0.95906029E+02,  0.99079109E+02,  0.10230779E+03,  0.10559212E+03,  0.10893214E+03,  0.11232786E+03,  0.11577927E+03,  0.11928634E+03,  0.12284901E+03,  0.12646719E+03,  0.13014075E+03,  0.13386949E+03,  0.13765320E+03,  0.14149156E+03,  0.14538423E+03,  0.14933073E+03,  0.15333052E+03,  0.15738295E+03,  0.16148723E+03,  0.16564244E+03,  0.16984746E+03,  0.17410104E+03,  0.17840167E+03,  0.18274762E+03,  0.18713687E+03,  0.19156714E+03,  0.19603575E+03,  0.20053967E+03,  0.20507542E+03,  0.20963910E+03,  0.21422621E+03,  0.21883176E+03,  0.22345010E+03,  0.22807494E+03,  0.23269925E+03,  0.23731532E+03,  0.24191467E+03
  0.65000000E+01,  0.21793734E+02,  0.20683950E+02,  0.19594240E+02,  0.18525984E+02,  0.17480570E+02,  0.16459391E+02,  0.15463840E+02,  0.14495306E+02,  0.13555165E+02,  0.12644783E+02,  0.11765500E+02,  0.10918633E+02,  0.10105466E+02,  0.93272448E+01,  0.85851736E+01,  0.78804097E+01,  0.72140574E+01,  0.65871654E+01,  0.60007243E+01,  0.54556623E+01,  0.49528461E+01,  0.44930768E+01,  0.40770936E+01,  0.37055697E+01,  0.33791187E+01,  0.30982921E+01,  0.28635857E+01,  0.26754403E+01,  0.25342472E+01,  0.24403505E+01,  0.23940535E+01,  0.23956215E+01,  0.24452875E+01,  0.25432556E+01,  0.26897063E+01,  0.28848004E+01,  0.31286821E+01,  0.34214830E+01,  0.37633243E+01,  0.41543198E+01,  0.45945778E+01,  0.50842018E+01,  0.56232924E+01,  0.62119484E+01,  0.68502650E+01,  0.75383372E+01,  0.82762575E+01,  0.90641165E+01,  0.99020023E+01,  0.10790002E+02,  0.11728200E+02,  0.12716680E+02,  0.13755522E+02,  0.14844806E+02,  0.15984612E+02,  0.17175018E+02,  0.18416105E+02,  0.19707951E+02,  0.21050636E+02,  0.22444246E+02,  0.23888866E+02,  0.25384588E+02,  0.26931501E+02,  0.28529707E+02,  0.30179306E+02,  0.31880404E+02,  0.33633118E+02,  0.35437557E+02,  0.37293858E+02,  0.39202137E+02,  0.41162533E+02,  0.43175186E+02,  0.45240246E+02,  0.47357853E+02,  0.49528172E+02,  0.51751358E+02,  0.54027580E+02,  0.56357010E+02,  0.58739822E+02,  0.61176193E+02,  0.63666309E+02,  0.66210358E+02,  0.68808540E+02,  0.71461044E+02,  0.74168068E+02,  0.76929817E+02,  0.79746506E+02,  0.82618332E+02,  0.85545517E+02,  0.88528275E+02,  0.91566818E+02,  0.94661354E+02,  0.97812119E+02,  0.10101930E+03,  0.10428313E+03,  0.10760381E+03,  0.11098154E+03,  0.11441650E+03,  0.11790887E+03,  0.12145884E+03,  0.12506653E+03,  0.12873207E+03,  0.13245555E+03,  0.13623705E+03,  0.14007655E+03,  0.14397404E+03,  0.14792944E+03,  0.15194258E+03,  0.15601321E+03,  0.16014101E+03,  0.16432549E+03,  0.16856607E+03,  0.17286201E+03,  0.17721240E+03,  0.18161610E+03,  0.18607173E+03,  0.19057767E+03,  0.19513191E+03,  0.19973219E+03,  0.20437573E+03,  0.20905934E+03,  0.21377933E+03,  0.21853134E+03,  0.22331042E+03,  0.22811087E+03,  0.23292616E+03,  0.23774893E+03,  0.24257086E+03,  0.24738261E+03
  0.66250000E+01,  0.21079548E+02,  0.19926840E+02,  0.18794815E+02,  0.17685083E+02,  0.16599257E+02,  0.15538959E+02,  0.14505804E+02,  0.13501403E+02,  0.12527349E+02,  0.11585217E+02,  0.10676546E+02,  0.98028469E+01,  0.89655800E+01,  0.81661587E+01,  0.74059367E+01,  0.66862068E+01,  0.60081897E+01,  0.53730345E+01,  0.47818112E+01,  0.42355094E+01,  0.37350361E+01,  0.32812130E+01,  0.28747787E+01,  0.25163877E+01,  0.22066138E+01,  0.19459511E+01,  0.17348191E+01,  0.15735660E+01,  0.14624739E+01,  0.14017637E+01,  0.13916014E+01,  0.14321035E+01,  0.15233432E+01,  0.16653563E+01,  0.18581469E+01,  0.21016932E+01,  0.23959525E+01,  0.27408662E+01,  0.31363645E+01,  0.35823691E+01,  0.40787983E+01,  0.46255684E+01,  0.52225966E+01,  0.58698034E+01,  0.65671139E+01,  0.73144579E+01,  0.81117725E+01,  0.89590015E+01,  0.98560963E+01,  0.10803018E+02,  0.11799732E+02,  0.12846217E+02,  0.13942458E+02,  0.15088448E+02,  0.16284187E+02,  0.17529694E+02,  0.18824982E+02,  0.20170086E+02,  0.21565046E+02,  0.23009912E+02,  0.24504744E+02,  0.26049610E+02,  0.27644592E+02,  0.29289782E+02,  0.30985277E+02,  0.32731190E+02,  0.34527641E+02,  0.36374763E+02,  0.38272694E+02,  0.40221588E+02,  0.42221607E+02,  0.44272919E+02,  0.46375702E+02,  0.48530151E+02,  0.50736465E+02,  0.52994850E+02,  0.55305519E+02,  0.57668709E+02,  0.60084644E+02,  0.62553574E+02,  0.65075752E+02,  0.67651436E+02,  0.70280907E+02,  0.72964432E+02,  0.75702301E+02,  0.78494820E+02,  0.81342285E+02,  0.84245018E+02,  0.87203339E+02,  0.90217583E+02,  0.93288078E+02,  0.96415184E+02,  0.99599251E+02,  0.10284064E+03,  0.10613971E+03,  0.10949684E+03,  0.11291241E+03,  0.11638679E+03,  0.11992036E+03,  0.12351348E+03,  0.12716653E+03,  0.13087987E+03,  0.13465382E+03,  0.13848874E+03,  0.14238489E+03,  0.14634254E+03,  0.15036195E+03,  0.15444325E+03,  0.15858658E+03,  0.16279195E+03,  0.16705928E+03,  0.17138843E+03,  0.17577907E+03,  0.18023073E+03,  0.18474274E+03,  0.18931421E+03,  0.19394400E+03,  0.19863065E+03,  0.20337231E+03,  0.20816678E+03,  0.21301129E+03,  0.21790256E+03,  0.22283665E+03,  0.22780887E+03,  0.23281367E+03,  0.23784460E+03,  0.24289412E+03,  0.24795348E+03,  0.25301266E+03
  0.67500000E+01,  0.20222044E+02,  0.19023638E+02,  0.17846483E+02,  0.16692429E+02,  0.15563334E+02,  0.14461064E+02,  0.13387486E+02,  0.12344449E+02,  0.11333790E+02,  0.10357311E+02,  0.94167843E+01,  0.85139265E+01,  0.76504035E+01,  0.68278136E+01,  0.60476813E+01,  0.53114486E+01,  0.46204686E+01,  0.39760005E+01,  0.33792024E+01,  0.28311284E+01,  0.23327270E+01,  0.18848380E+01,  0.14881947E+01,  0.11434233E+01,  0.85104644E+00,  0.61148655E+00,  0.42507067E+00,  0.29203579E+00,  0.21253553E+00,  0.18664692E+00,  0.21437788E+00,  0.29567483E+00,  0.43043068E+00,  0.61849248E+00,  0.85966933E+00,  0.11537393E+01,  0.15004569E+01,  0.18995595E+01,  0.23507731E+01,  0.28538175E+01,  0.34084122E+01,  0.40142789E+01,  0.46711464E+01,  0.53787532E+01,  0.61368504E+01,  0.69452014E+01,  0.78035874E+01,  0.87118053E+01,  0.96696701E+01,  0.10677014E+02,  0.11733690E+02,  0.12839568E+02,  0.13994536E+02,  0.15198504E+02,  0.16451399E+02,  0.17753164E+02,  0.19103765E+02,  0.20503181E+02,  0.21951416E+02,  0.23448483E+02,  0.24994415E+02,  0.26589268E+02,  0.28233105E+02,  0.29926010E+02,  0.31668087E+02,  0.33459446E+02,  0.35300220E+02,  0.37190556E+02,  0.39130611E+02,  0.41120564E+02,  0.43160599E+02,  0.45250919E+02,  0.47391747E+02,  0.49583302E+02,  0.51825836E+02,  0.54119602E+02,  0.56464867E+02,  0.58861919E+02,  0.61311050E+02,  0.63812569E+02,  0.66366798E+02,  0.68974075E+02,  0.71634750E+02,  0.74349182E+02,  0.77117752E+02,  0.79940842E+02,  0.82818871E+02,  0.85752251E+02,  0.88741409E+02,  0.91786812E+02,  0.94888908E+02,  0.98048195E+02,  0.10126516E+03,  0.10454031E+03,  0.10787418E+03,  0.11126730E+03,  0.11472025E+03,  0.11823357E+03,  0.12180785E+03,  0.12544369E+03,  0.12914168E+03,  0.13290244E+03,  0.13672656E+03,  0.14061465E+03,  0.14456734E+03,  0.14858519E+03,  0.15266878E+03,  0.15681865E+03,  0.16103532E+03,  0.16531923E+03,  0.16967079E+03,  0.17409029E+03,  0.17857794E+03,  0.18313383E+03,  0.18775786E+03,  0.19244977E+03,  0.19720905E+03,  0.20203488E+03,  0.20692618E+03,  0.21188139E+03,  0.21689851E+03,  0.22197496E+03,  0.22710745E+03,  0.23229193E+03,  0.23752344E+03,  0.24279587E+03,  0.24810191E+03,  0.25343282E+03,  0.25877817E+03
  0.68750000E+01,  0.19217028E+02,  0.17969418E+02,  0.16743576E+02,  0.15541615E+02,  0.14365661E+02,  0.13217852E+02,  0.12100324E+02,  0.11015203E+02,  0.99645948E+01,  0.89505672E+01,  0.79751430E+01,  0.70402856E+01,  0.61478891E+01,  0.52997637E+01,  0.44976277E+01,  0.37430944E+01,  0.30376663E+01,  0.23827248E+01,  0.17795254E+01,  0.12291923E+01,  0.73271549E+00,  0.29094967E+00, -0.95385976E-01, -0.42570546E+00, -0.69955266E+00, -0.91659606E+00, -0.10766227E+01, -0.11795306E+01, -0.12253205E+01, -0.12140862E+01, -0.11460054E+01, -0.10213293E+01, -0.84037262E+00, -0.60350311E+00, -0.31113210E+00,  0.36295384E-01,  0.43830928E+00,  0.89442331E+00,  0.14041421E+01,  0.19669690E+01,  0.25824113E+01,  0.32499859E+01,  0.39692249E+01,  0.47396774E+01,  0.55609155E+01,  0.64325342E+01,  0.73541555E+01,  0.83254280E+01,  0.93460293E+01,  0.10415666E+02,  0.11534075E+02,  0.12701022E+02,  0.13916303E+02,  0.15179741E+02,  0.16491190E+02,  0.17850531E+02,  0.19257671E+02,  0.20712547E+02,  0.22215118E+02,  0.23765371E+02,  0.25363316E+02,  0.27008986E+02,  0.28702438E+02,  0.30443754E+02,  0.32233032E+02,  0.34070396E+02,  0.35955986E+02,  0.37889961E+02,  0.39872509E+02,  0.41903820E+02,  0.43984123E+02,  0.46113647E+02,  0.48292645E+02,  0.50521393E+02,  0.52800175E+02,  0.55129295E+02,  0.57509079E+02,  0.59939869E+02,  0.62422012E+02,  0.64955894E+02,  0.67541893E+02,  0.70180428E+02,  0.72871925E+02,  0.75616829E+02,  0.78415604E+02,  0.81268730E+02,  0.84176720E+02,  0.87140091E+02,  0.90159401E+02,  0.93235207E+02,  0.96368103E+02,  0.99558701E+02,  0.10280765E+03,  0.10611560E+03,  0.10948325E+03,  0.11291130E+03,  0.11640050E+03,  0.11995161E+03,  0.12356543E+03,  0.12724277E+03,  0.13098447E+03,  0.13479140E+03,  0.13866444E+03,  0.14260452E+03,  0.14661255E+03,  0.15068948E+03,  0.15483624E+03,  0.15905380E+03,  0.16334309E+03,  0.16770506E+03,  0.17214061E+03,  0.17665060E+03,  0.18123584E+03,  0.18589703E+03,  0.19063483E+03,  0.19544968E+03,  0.20034189E+03,  0.20531154E+03,  0.21035840E+03,  0.21548192E+03,  0.22068111E+03,  0.22595442E+03,  0.23129968E+03,  0.23671393E+03,  0.24219321E+03,  0.24773242E+03,  0.25332510E+03,  0.25896307E+03,  0.26463626E+03
  0.70000000E+01,  0.18060305E+02,  0.16759195E+02,  0.15480309E+02,  0.14226040E+02,  0.12998817E+02,  0.11801084E+02,  0.10635284E+02,  0.95038576E+01,  0.84092131E+01,  0.73537240E+01,  0.63397069E+01,  0.53694067E+01,  0.44449821E+01,  0.35684893E+01,  0.27418692E+01,  0.19669342E+01,  0.12453556E+01,  0.57865506E+00, -0.31804040E-01, -0.58482218E+00, -0.10793675E+01, -0.15145774E+01, -0.18897573E+01, -0.22043784E+01, -0.24580717E+01, -0.26506231E+01, -0.27819617E+01, -0.28521526E+01, -0.28613846E+01, -0.28099580E+01, -0.26982718E+01, -0.25268104E+01, -0.22961316E+01, -0.20068524E+01, -0.16596359E+01, -0.12551812E+01, -0.79421008E+00, -0.27745774E+00,  0.29433745E+00,  0.92044204E+00,  0.16001353E+01,  0.23327160E+01,  0.31175070E+01,  0.39538612E+01,  0.48411646E+01,  0.57788382E+01,  0.67663426E+01,  0.78031778E+01,  0.88888836E+01,  0.10023043E+02,  0.11205277E+02,  0.12435252E+02,  0.13712671E+02,  0.15037279E+02,  0.16408857E+02,  0.17827229E+02,  0.19292250E+02,  0.20803810E+02,  0.22361837E+02,  0.23966293E+02,  0.25617163E+02,  0.27314472E+02,  0.29058268E+02,  0.30848631E+02,  0.32685661E+02,  0.34569496E+02,  0.36500286E+02,  0.38478218E+02,  0.40503490E+02,  0.42576332E+02,  0.44696991E+02,  0.46865738E+02,  0.49082870E+02,  0.51348694E+02,  0.53663551E+02,  0.56027790E+02,  0.58441792E+02,  0.60905949E+02,  0.63420677E+02,  0.65986420E+02,  0.68603638E+02,  0.71272812E+02,  0.73994438E+02,  0.76769058E+02,  0.79597221E+02,  0.82479492E+02,  0.85416481E+02,  0.88408821E+02,  0.91457153E+02,  0.94562180E+02,  0.97724609E+02,  0.10094518E+03,  0.10422469E+03,  0.10756393E+03,  0.11096375E+03,  0.11442506E+03,  0.11794876E+03,  0.12153581E+03,  0.12518724E+03,  0.12890407E+03,  0.13268739E+03,  0.13653835E+03,  0.14045810E+03,  0.14444788E+03,  0.14850896E+03,  0.15264261E+03,  0.15685022E+03,  0.16113313E+03,  0.16549281E+03,  0.16993068E+03,  0.17444820E+03,  0.17904686E+03,  0.18372815E+03,  0.18849350E+03,  0.19334436E+03,  0.19828207E+03,  0.20330791E+03,  0.20842297E+03,  0.21362822E+03,  0.21892432E+03,  0.22431161E+03,  0.22979004E+03,  0.23535896E+03,  0.24101706E+03,  0.24676210E+03,  0.25259073E+03,  0.25849823E+03,  0.26447806E+03,  0.27052151E+03
  0.71250000E+01,  0.16747717E+02,  0.15387939E+02,  0.14050744E+02,  0.12738851E+02,  0.11455024E+02,  0.10202054E+02,  0.89827423E+01,  0.77998834E+01,  0.66562481E+01,  0.55545611E+01,  0.44974828E+01,  0.34875877E+01,  0.25273466E+01,  0.16191044E+01,  0.76506388E+00, -0.32731939E-01, -0.77241409E+00, -0.14523009E+01, -0.20709071E+01, -0.26269522E+01, -0.31193640E+01, -0.35472808E+01, -0.39100487E+01, -0.42072191E+01, -0.44385395E+01, -0.46039453E+01, -0.47035484E+01, -0.47376223E+01, -0.47065887E+01, -0.46109996E+01, -0.44515224E+01, -0.42289219E+01, -0.39440429E+01, -0.35977950E+01, -0.31911349E+01, -0.27250524E+01, -0.22005560E+01, -0.16186604E+01, -0.98037475E+00, -0.28669187E+00,  0.46141946E+00,  0.12630229E+01,  0.21172206E+01,  0.30231581E+01,  0.39800286E+01,  0.49870758E+01,  0.60435953E+01,  0.71489382E+01,  0.83025084E+01,  0.95037661E+01,  0.10752223E+02,  0.12047447E+02,  0.13389057E+02,  0.14776723E+02,  0.16210161E+02,  0.17689140E+02,  0.19213470E+02,  0.20783009E+02,  0.22397652E+02,  0.24057337E+02,  0.25762041E+02,  0.27511776E+02,  0.29306593E+02,  0.31146570E+02,  0.33031826E+02,  0.34962498E+02,  0.36938766E+02,  0.38960835E+02,  0.41028927E+02,  0.43143307E+02,  0.45304253E+02,  0.47512077E+02,  0.49767109E+02,  0.52069710E+02,  0.54420254E+02,  0.56819157E+02,  0.59266842E+02,  0.61763760E+02,  0.64310394E+02,  0.66907249E+02,  0.69554848E+02,  0.72253746E+02,  0.75004524E+02,  0.77807793E+02,  0.80664177E+02,  0.83574356E+02,  0.86539024E+02,  0.89558899E+02,  0.92634758E+02,  0.95767387E+02,  0.98957626E+02,  0.10220635E+03,  0.10551447E+03,  0.10888296E+03,  0.11231281E+03,  0.11580507E+03,  0.11936086E+03,  0.12298131E+03,  0.12666766E+03,  0.13042116E+03,  0.13424315E+03,  0.13813503E+03,  0.14209825E+03,  0.14613437E+03,  0.15024496E+03,  0.15443175E+03,  0.15869643E+03,  0.16304088E+03,  0.16746700E+03,  0.17197676E+03,  0.17657225E+03,  0.18125558E+03,  0.18602899E+03,  0.19089473E+03,  0.19585512E+03,  0.20091248E+03,  0.20606920E+03,  0.21132759E+03,  0.21668999E+03,  0.22215854E+03,  0.22773529E+03,  0.23342201E+03,  0.23922012E+03,  0.24513057E+03,  0.25115361E+03,  0.25728864E+03,  0.26353375E+03,  0.26988562E+03,  0.27633862E+03
  0.72500000E+01,  0.15275190E+02,  0.13850597E+02,  0.12448812E+02,  0.11072927E+02,  0.97260895E+01,  0.84114923E+01,  0.71323500E+01,  0.58918781E+01,  0.46932683E+01,  0.35396638E+01,  0.24341331E+01,  0.13796445E+01,  0.37903938E+00, -0.56499243E+00, -0.14499367E+01, -0.22734764E+01, -0.30335102E+01, -0.37281704E+01, -0.43558335E+01, -0.49151311E+01, -0.54049544E+01, -0.58244553E+01, -0.61730447E+01, -0.64503837E+01, -0.66563759E+01, -0.67911553E+01, -0.68550649E+01, -0.68486433E+01, -0.67726035E+01, -0.66278114E+01, -0.64152613E+01, -0.61360579E+01, -0.57913918E+01, -0.53825178E+01, -0.49107385E+01, -0.43773804E+01, -0.37837806E+01, -0.31312704E+01, -0.24211609E+01, -0.16547327E+01, -0.83322424E+00,  0.42175252E-01,  0.97033298E+00,  0.19501777E+01,  0.29807034E+01,  0.40609722E+01,  0.51901155E+01,  0.63673358E+01,  0.75919046E+01,  0.88631639E+01,  0.10180524E+02,  0.11543460E+02,  0.12951512E+02,  0.14404285E+02,  0.15901443E+02,  0.17442701E+02,  0.19027840E+02,  0.20656683E+02,  0.22329111E+02,  0.24045046E+02,  0.25804457E+02,  0.27607357E+02,  0.29453802E+02,  0.31343880E+02,  0.33277721E+02,  0.35255489E+02,  0.37277378E+02,  0.39343624E+02,  0.41454487E+02,  0.43610249E+02,  0.45811241E+02,  0.48057804E+02,  0.50350315E+02,  0.52689178E+02,  0.55074825E+02,  0.57507710E+02,  0.59988316E+02,  0.62517155E+02,  0.65094765E+02,  0.67721710E+02,  0.70398590E+02,  0.73126022E+02,  0.75904655E+02,  0.78735191E+02,  0.81618332E+02,  0.84554840E+02,  0.87545494E+02,  0.90591118E+02,  0.93692581E+02,  0.96850784E+02,  0.10006669E+03,  0.10334127E+03,  0.10667559E+03,  0.11007074E+03,  0.11352788E+03,  0.11704821E+03,  0.12063301E+03,  0.12428362E+03,  0.12800146E+03,  0.13178801E+03,  0.13564485E+03,  0.13957362E+03,  0.14357607E+03,  0.14765401E+03,  0.15180942E+03,  0.15604434E+03,  0.16036092E+03,  0.16476143E+03,  0.16924828E+03,  0.17382402E+03,  0.17849132E+03,  0.18325298E+03,  0.18811197E+03,  0.19307140E+03,  0.19813452E+03,  0.20330475E+03,  0.20858563E+03,  0.21398085E+03,  0.21949423E+03,  0.22512965E+03,  0.23089111E+03,  0.23678259E+03,  0.24280801E+03,  0.24897116E+03,  0.25527557E+03,  0.26172430E+03,  0.26831979E+03,  0.27506332E+03,  0.28195480E+03
  0.73750000E+01,  0.13638846E+02,  0.12142173E+02,  0.10668349E+02,  0.92208843E+01,  0.78033772E+01,  0.64194894E+01,  0.50729222E+01,  0.37673898E+01,  0.25065877E+01,  0.12941612E+01,  0.13367100E+00, -0.97143978E+00, -0.20178797E+01, -0.30025420E+01, -0.39225359E+01, -0.47752142E+01, -0.55581985E+01, -0.62694016E+01, -0.69070411E+01, -0.74696546E+01, -0.79561019E+01, -0.83655691E+01, -0.86975622E+01, -0.89518986E+01, -0.91286898E+01, -0.92283297E+01, -0.92514639E+01, -0.91989708E+01, -0.90719318E+01, -0.88716040E+01, -0.85993891E+01, -0.82568064E+01, -0.78454657E+01, -0.73670359E+01, -0.68232255E+01, -0.62157564E+01, -0.55463424E+01, -0.48166757E+01, -0.40284057E+01, -0.31831300E+01, -0.22823813E+01, -0.13276197E+01, -0.32022592E+00,  0.73850334E+00,  0.18473588E+01,  0.30052202E+01,  0.42110567E+01,  0.54639273E+01,  0.67629771E+01,  0.81074400E+01,  0.94966297E+01,  0.10929944E+02,  0.12406857E+02,  0.13926915E+02,  0.15489738E+02,  0.17095011E+02,  0.18742483E+02,  0.20431967E+02,  0.22163328E+02,  0.23936489E+02,  0.25751421E+02,  0.27608145E+02,  0.29506729E+02,  0.31447279E+02,  0.33429951E+02,  0.35454929E+02,  0.37522442E+02,  0.39632751E+02,  0.41786152E+02,  0.43982975E+02,  0.46223579E+02,  0.48508354E+02,  0.50837723E+02,  0.53212132E+02,  0.55632065E+02,  0.58098030E+02,  0.60610565E+02,  0.63170235E+02,  0.65777641E+02,  0.68433403E+02,  0.71138191E+02,  0.73892685E+02,  0.76697617E+02,  0.79553734E+02,  0.82461838E+02,  0.85422768E+02,  0.88437378E+02,  0.91506599E+02,  0.94631386E+02,  0.97812737E+02,  0.10105172E+03,  0.10434943E+03,  0.10770704E+03,  0.11112578E+03,  0.11460693E+03,  0.11815186E+03,  0.12176200E+03,  0.12543887E+03,  0.12918405E+03,  0.13299925E+03,  0.13688626E+03,  0.14084695E+03,  0.14488333E+03,  0.14899754E+03,  0.15319185E+03,  0.15746861E+03,  0.16183040E+03,  0.16627991E+03,  0.17082004E+03,  0.17545384E+03,  0.18018457E+03,  0.18501573E+03,  0.18995100E+03,  0.19499434E+03,  0.20014998E+03,  0.20542236E+03,  0.21081630E+03,  0.21633687E+03,  0.22198946E+03,  0.22777982E+03,  0.23371402E+03,  0.23979846E+03,  0.24603992E+03,  0.25244545E+03,  0.25902240E+03,  0.26577835E+03,  0.27272101E+03,  0.27985803E+03,  0.28719684E+03
  0.75000000E+01,  0.11835148E+02,  0.10257853E+02,  0.87031765E+01,  0.71751194E+01,  0.56778011E+01,  0.42154388E+01,  0.27923155E+01,  0.14127431E+01,  0.81027076E-01, -0.11985773E+01, -0.24219069E+01, -0.35849366E+01, -0.46838222E+01, -0.57149439E+01, -0.66749492E+01, -0.75607862E+01, -0.83697424E+01, -0.90994673E+01, -0.97479954E+01, -0.10313761E+02, -0.10795604E+02, -0.11192773E+02, -0.11504915E+02, -0.11732063E+02, -0.11874615E+02, -0.11933306E+02, -0.11909179E+02, -0.11803552E+02, -0.11617977E+02, -0.11354208E+02, -0.11014153E+02, -0.10599848E+02, -0.10113409E+02, -0.95570049E+01, -0.89328270E+01, -0.82430573E+01, -0.74898472E+01, -0.66752963E+01, -0.58014331E+01, -0.48702030E+01, -0.38834572E+01, -0.28429427E+01, -0.17502989E+01, -0.60705245E+00,  0.58538353E+00,  0.18257102E+01,  0.31127415E+01,  0.44454021E+01,  0.58227239E+01,  0.72438431E+01,  0.87079954E+01,  0.10214512E+02,  0.11762815E+02,  0.13352412E+02,  0.14982894E+02,  0.16653927E+02,  0.18365248E+02,  0.20116667E+02,  0.21908051E+02,  0.23739334E+02,  0.25610500E+02,  0.27521593E+02,  0.29472700E+02,  0.31463957E+02,  0.33495548E+02,  0.35567696E+02,  0.37680656E+02,  0.39834740E+02,  0.42030273E+02,  0.44267635E+02,  0.46547222E+02,  0.48869480E+02,  0.51234871E+02,  0.53643894E+02,  0.56097084E+02,  0.58595001E+02,  0.61138237E+02,  0.63727413E+02,  0.66363190E+02,  0.69046242E+02,  0.71777306E+02,  0.74557121E+02,  0.77386490E+02,  0.80266228E+02,  0.83197205E+02,  0.86180336E+02,  0.89216568E+02,  0.92306885E+02,  0.95452347E+02,  0.98654045E+02,  0.10191313E+03,  0.10523081E+03,  0.10860838E+03,  0.11204714E+03,  0.11554855E+03,  0.11911407E+03,  0.12274529E+03,  0.12644387E+03,  0.13021159E+03,  0.13405031E+03,  0.13796201E+03,  0.14194881E+03,  0.14601292E+03,  0.15015677E+03,  0.15438287E+03,  0.15869394E+03,  0.16309288E+03,  0.16758276E+03,  0.17216695E+03,  0.17684895E+03,  0.18163258E+03,  0.18652196E+03,  0.19152147E+03,  0.19663586E+03,  0.20187022E+03,  0.20723010E+03,  0.21272141E+03,  0.21835060E+03,  0.22412463E+03,  0.23005106E+03,  0.23613803E+03,  0.24239444E+03,  0.24882991E+03,  0.25545491E+03,  0.26228079E+03,  0.26931998E+03,  0.27658588E+03,  0.28409329E+03,  0.29185825E+03
  0.76250000E+01,  0.98611383E+01,  0.81931925E+01,  0.65472598E+01,  0.49279032E+01,  0.33398595E+01,  0.17880059E+01,  0.27732351E+00, -0.11871476E+01, -0.26003566E+01, -0.39572957E+01, -0.52530560E+01, -0.64828877E+01, -0.76422567E+01, -0.87269058E+01, -0.97329025E+01, -0.10656698E+02, -0.11495165E+02, -0.12245634E+02, -0.12905924E+02, -0.13474359E+02, -0.13949778E+02, -0.14331532E+02, -0.14619475E+02, -0.14813940E+02, -0.14915711E+02, -0.14925986E+02, -0.14846334E+02, -0.14678646E+02, -0.14425083E+02, -0.14088030E+02, -0.13670037E+02, -0.13173777E+02, -0.12601989E+02, -0.11957447E+02, -0.11242914E+02, -0.10461114E+02, -0.96146975E+01, -0.87062263E+01, -0.77381482E+01, -0.67127872E+01, -0.56323328E+01, -0.44988327E+01, -0.33141873E+01, -0.20801532E+01, -0.79833972E+00,  0.52978635E+00,  0.19028977E+01,  0.33198016E+01,  0.47794337E+01,  0.62808542E+01,  0.78232388E+01,  0.94058743E+01,  0.11028151E+02,  0.12689557E+02,  0.14389673E+02,  0.16128166E+02,  0.17904778E+02,  0.19719334E+02,  0.21571720E+02,  0.23461893E+02,  0.25389870E+02,  0.27355721E+02,  0.29359571E+02,  0.31401596E+02,  0.33482018E+02,  0.35601097E+02,  0.37759148E+02,  0.39956509E+02,  0.42193562E+02,  0.44470734E+02,  0.46788467E+02,  0.49147259E+02,  0.51547619E+02,  0.53990101E+02,  0.56475292E+02,  0.59003803E+02,  0.61576279E+02,  0.64193398E+02,  0.66855873E+02,  0.69564445E+02,  0.72319901E+02,  0.75123047E+02,  0.77974731E+02,  0.80875847E+02,  0.83827339E+02,  0.86830162E+02,  0.89885345E+02,  0.92993965E+02,  0.96157135E+02,  0.99376030E+02,  0.10265189E+03,  0.10598602E+03,  0.10937977E+03,  0.11283460E+03,  0.11635202E+03,  0.11993364E+03,  0.12358116E+03,  0.12729638E+03,  0.13108119E+03,  0.13493764E+03,  0.13886786E+03,  0.14287415E+03,  0.14695894E+03,  0.15112485E+03,  0.15537463E+03,  0.15971130E+03,  0.16413805E+03,  0.16865828E+03,  0.17327568E+03,  0.17799425E+03,  0.18281824E+03,  0.18775229E+03,  0.19280141E+03,  0.19797101E+03,  0.20326698E+03,  0.20869577E+03,  0.21426434E+03,  0.21998033E+03,  0.22585210E+03,  0.23188882E+03,  0.23810059E+03,  0.24449847E+03,  0.25109476E+03,  0.25790308E+03,  0.26493848E+03,  0.27221786E+03,  0.27976007E+03,  0.28758643E+03,  0.29572095E+03
  0.77500000E+01,  0.77147570E+01,  0.59444132E+01,  0.41949415E+01,  0.24715633E+01,  0.77974117E+00, -0.87485665E+00, -0.24864025E+01, -0.40489640E+01, -0.55565667E+01, -0.70032630E+01, -0.83832083E+01, -0.96907377E+01, -0.10920445E+02, -0.12067263E+02, -0.13126529E+02, -0.14094064E+02, -0.14966222E+02, -0.15739944E+02, -0.16412788E+02, -0.16982965E+02, -0.17449339E+02, -0.17811424E+02, -0.18069372E+02, -0.18223938E+02, -0.18276438E+02, -0.18228693E+02, -0.18082973E+02, -0.17841928E+02, -0.17508514E+02, -0.17085928E+02, -0.16577534E+02, -0.15986798E+02, -0.15317234E+02, -0.14572338E+02, -0.13755559E+02, -0.12870245E+02, -0.11919622E+02, -0.10906765E+02, -0.98345795E+01, -0.87057943E+01, -0.75229478E+01, -0.62883916E+01, -0.50042839E+01, -0.36725974E+01, -0.22951212E+01, -0.87346834E+00,  0.59091628E+00,  0.20967484E+01,  0.36428957E+01,  0.52283678E+01,  0.68523092E+01,  0.85139885E+01,  0.10212792E+02,  0.11948214E+02,  0.13719848E+02,  0.15527383E+02,  0.17370592E+02,  0.19249332E+02,  0.21163528E+02,  0.23113180E+02,  0.25098347E+02,  0.27119146E+02,  0.29175755E+02,  0.31268394E+02,  0.33397339E+02,  0.35562908E+02,  0.37765453E+02,  0.40005379E+02,  0.42283115E+02,  0.44599140E+02,  0.46953957E+02,  0.49348103E+02,  0.51782154E+02,  0.54256714E+02,  0.56772415E+02,  0.59329929E+02,  0.61929955E+02,  0.64573219E+02,  0.67260498E+02,  0.69992577E+02,  0.72770294E+02,  0.75594521E+02,  0.78466164E+02,  0.81386169E+02,  0.84355530E+02,  0.87375282E+02,  0.90446503E+02,  0.93570328E+02,  0.96747932E+02,  0.99980583E+02,  0.10326956E+03,  0.10661626E+03,  0.11002212E+03,  0.11348866E+03,  0.11701748E+03,  0.12061029E+03,  0.12426888E+03,  0.12799516E+03,  0.13179112E+03,  0.13565895E+03,  0.13960089E+03,  0.14361940E+03,  0.14771707E+03,  0.15189665E+03,  0.15616115E+03,  0.16051373E+03,  0.16495782E+03,  0.16949712E+03,  0.17413559E+03,  0.17887752E+03,  0.18372755E+03,  0.18869075E+03,  0.19377257E+03,  0.19897897E+03,  0.20431648E+03,  0.20979222E+03,  0.21541399E+03,  0.22119037E+03,  0.22713083E+03,  0.23324583E+03,  0.23954698E+03,  0.24604718E+03,  0.25276079E+03,  0.25970395E+03,  0.26689471E+03,  0.27435355E+03,  0.28210355E+03,  0.29017102E+03,  0.29858609E+03
  0.78750000E+01,  0.53952956E+01,  0.35088112E+01,  0.16413126E+01, -0.20121995E+00, -0.20124662E+01, -0.37858078E+01, -0.55143833E+01, -0.71911550E+01, -0.88089905E+01, -0.10360757E+02, -0.11839416E+02, -0.13238130E+02, -0.14550373E+02, -0.15770034E+02, -0.16891516E+02, -0.17909830E+02, -0.18820673E+02, -0.19620495E+02, -0.20306547E+02, -0.20876915E+02, -0.21330528E+02, -0.21667154E+02, -0.21887379E+02, -0.21992544E+02, -0.21984703E+02, -0.21866533E+02, -0.21641253E+02, -0.21312519E+02, -0.20884336E+02, -0.20360954E+02, -0.19746777E+02, -0.19046272E+02, -0.18263895E+02, -0.17404028E+02, -0.16470917E+02, -0.15468637E+02, -0.14401057E+02, -0.13271814E+02, -0.12084302E+02, -0.10841664E+02, -0.95467911E+01, -0.82023201E+01, -0.68106475E+01, -0.53739357E+01, -0.38941202E+01, -0.23729260E+01, -0.81187809E+00,  0.78768623E+00,  0.24246032E+01,  0.40978713E+01,  0.58066387E+01,  0.75501924E+01,  0.93279448E+01,  0.11139428E+02,  0.12984282E+02,  0.14862241E+02,  0.16773136E+02,  0.18716881E+02,  0.20693459E+02,  0.22702930E+02,  0.24745420E+02,  0.26821110E+02,  0.28930233E+02,  0.31073082E+02,  0.33249992E+02,  0.35461338E+02,  0.37707542E+02,  0.39989067E+02,  0.42306400E+02,  0.44660080E+02,  0.47050667E+02,  0.49478756E+02,  0.51944981E+02,  0.54449993E+02,  0.56994492E+02,  0.59579185E+02,  0.62204838E+02,  0.64872231E+02,  0.67582169E+02,  0.70335518E+02,  0.73133148E+02,  0.75975990E+02,  0.78864998E+02,  0.81801163E+02,  0.84785538E+02,  0.87819199E+02,  0.90903282E+02,  0.94038971E+02,  0.97227509E+02,  0.10047019E+03,  0.10376838E+03,  0.10712350E+03,  0.11053706E+03,  0.11401066E+03,  0.11754594E+03,  0.12114468E+03,  0.12480875E+03,  0.12854013E+03,  0.13234090E+03,  0.13621329E+03,  0.14015970E+03,  0.14418262E+03,  0.14828477E+03,  0.15246906E+03,  0.15673856E+03,  0.16109659E+03,  0.16554675E+03,  0.17009288E+03,  0.17473915E+03,  0.17949005E+03,  0.18435048E+03,  0.18932573E+03,  0.19442160E+03,  0.19964439E+03,  0.20500101E+03,  0.21049904E+03,  0.21614680E+03,  0.22195352E+03,  0.22792937E+03,  0.23408563E+03,  0.24043491E+03,  0.24699124E+03,  0.25377040E+03,  0.26079010E+03,  0.26807034E+03,  0.27563379E+03,  0.28350626E+03,  0.29171710E+03,  0.30030002E+03
  0.80000000E+01,  0.29040346E+01,  0.88537836E+00, -0.11172247E+01, -0.30969262E+01, -0.50463991E+01, -0.69578815E+01, -0.88232422E+01, -0.10634062E+02, -0.12381742E+02, -0.14057627E+02, -0.15653133E+02, -0.17159903E+02, -0.18569948E+02, -0.19875795E+02, -0.21070625E+02, -0.22148397E+02, -0.23103964E+02, -0.23933149E+02, -0.24632828E+02, -0.25200953E+02, -0.25636585E+02, -0.25939877E+02, -0.26112024E+02, -0.26155214E+02, -0.26072525E+02, -0.25867819E+02, -0.25545603E+02, -0.25110903E+02, -0.24569118E+02, -0.23925879E+02, -0.23186918E+02, -0.22357967E+02, -0.21444645E+02, -0.20452383E+02, -0.19386366E+02, -0.18251490E+02, -0.17052324E+02, -0.15793104E+02, -0.14477717E+02, -0.13109712E+02, -0.11692299E+02, -0.10228374E+02, -0.87205229E+01, -0.71710467E+01, -0.55819764E+01, -0.39550948E+01, -0.22919521E+01, -0.59388703E+00,  0.11379569E+01,  0.29026148E+01,  0.46992850E+01,  0.65273147E+01,  0.83861856E+01,  0.10275505E+02,  0.12194988E+02,  0.14144456E+02,  0.16123819E+02,  0.18133074E+02,  0.20172291E+02,  0.22241615E+02,  0.24341248E+02,  0.26471455E+02,  0.28632551E+02,  0.30824902E+02,  0.33048920E+02,  0.35305054E+02,  0.37593796E+02,  0.39915676E+02,  0.42271252E+02,  0.44661125E+02,  0.47085915E+02,  0.49546280E+02,  0.52042912E+02,  0.54576519E+02,  0.57147850E+02,  0.59757679E+02,  0.62406811E+02,  0.65096077E+02,  0.67826332E+02,  0.70598495E+02,  0.73413475E+02,  0.76272247E+02,  0.79175812E+02,  0.82125206E+02,  0.85121521E+02,  0.88165871E+02,  0.91259445E+02,  0.94403450E+02,  0.97599182E+02,  0.10084798E+03,  0.10415122E+03,  0.10751041E+03,  0.11092706E+03,  0.11440281E+03,  0.11793937E+03,  0.12153854E+03,  0.12520222E+03,  0.12893246E+03,  0.13273137E+03,  0.13660123E+03,  0.14054446E+03,  0.14456366E+03,  0.14866154E+03,  0.15284108E+03,  0.15710542E+03,  0.16145795E+03,  0.16590231E+03,  0.17044241E+03,  0.17508253E+03,  0.17982722E+03,  0.18468149E+03,  0.18965071E+03,  0.19474083E+03,  0.19995824E+03,  0.20531003E+03,  0.21080394E+03,  0.21644850E+03,  0.22225314E+03,  0.22822830E+03,  0.23438556E+03,  0.24073787E+03,  0.24729970E+03,  0.25408725E+03,  0.26111887E+03,  0.26841516E+03,  0.27599963E+03,  0.28389896E+03,  0.29214355E+03,  0.30076825E+03
