Z_m / R_m,  0.35000000E+01,  0.35671875E+01,  0.36343751E+01,  0.37015624E+01,  0.37687500E+01,  0.38359375E+01,  0.39031250E+01,  0.39703126E+01,  0.40374999E+01,  0.41046877E+01,  0.41718750E+01,  0.42390623E+01,  0.43062501E+01,  0.43734374E+01,  0.44406252E+01,  0.45078125E+01,  0.45749998E+01,  0.46421876E+01,  0.47093749E+01,  0.47765627E+01,  0.48437500E+01,  0.49109373E+01,  0.49781251E+01,  0.50453124E+01,  0.51125002E+01,  0.51796875E+01,  0.52468748E+01,  0.53140626E+01,  0.53812499E+01,  0.54484377E+01,  0.55156250E+01,  0.55828123E+01,  0.56500001E+01,  0.57171874E+01,  0.57843752E+01,  0.58515625E+01,  0.59187498E+01,  0.59859376E+01,  0.60531249E+01,  0.61203127E+01,  0.61875000E+01,  0.62546873E+01,  0.63218751E+01,  0.63890624E+01,  0.64562502E+01,  0.65234375E+01,  0.65906248E+01,  0.66578126E+01,  0.67249999E+01,  0.67921877E+01,  0.68593750E+01,  0.69265623E+01,  0.69937501E+01,  0.70609374E+01,  0.71281252E+01,  0.71953125E+01,  0.72624998E+01,  0.73296876E+01,  0.73968749E+01,  0.74640627E+01,  0.75312500E+01,  0.75984373E+01,  0.76656251E+01,  0.77328124E+01,  0.78000002E+01,  0.78671875E+01,  0.79343748E+01,  0.80015621E+01,  0.80687504E+01,  0.81359377E+01,  0.82031250E+01,  0.82703123E+01,  0.83374996E+01,  0.84046879E+01,  0.84718752E+01,  0.85390625E+01,  0.86062498E+01,  0.86734371E+01,  0.87406254E+01,  0.88078127E+01,  0.88750000E+01,  0.89421873E+01,  0.90093746E+01,  0.90765629E+01,  0.91437502E+01,  0.92109375E+01,  0.92781248E+01,  0.93453121E+01,  0.94125004E+01,  0.94796877E+01,  0.95468750E+01,  0.96140623E+01,  0.96812496E+01,  0.97484379E+01,  0.98156252E+01,  0.98828125E+01,  0.99499998E+01,  0.10017187E+02,  0.10084375E+02,  0.10151563E+02,  0.10218750E+02,  0.10285937E+02,  0.10353125E+02,  0.10420313E+02,  0.10487500E+02,  0.10554688E+02,  0.10621875E+02,  0.10689062E+02,  0.10756250E+02,  0.10823438E+02,  0.10890625E+02,  0.10957812E+02,  0.11025000E+02,  0.11092188E+02,  0.11159375E+02,  0.11226562E+02,  0.11293750E+02,  0.11360937E+02,  0.11428125E+02,  0.11495313E+02,  0.11562500E+02,  0.11629687E+02,  0.11696875E+02,  0.11764063E+02,  0.11831250E+02,  0.11898438E+02,  0.11965625E+02,  0.12032812E+02,  0.12100000E+02
 -0.80000000E+01, -0.93151642E+02, -0.91951843E+02, -0.89756310E+02, -0.87579391E+02, -0.85123550E+02, -0.82445297E+02, -0.79509773E+02, -0.76311081E+02, -0.72841011E+02, -0.69098228E+02, -0.65086426E+02, -0.60815224E+02, -0.56299950E+02, -0.51561581E+02, -0.46626331E+02, -0.41525074E+02, -0.36292625E+02, -0.30967016E+02, -0.25588524E+02, -0.20198709E+02, -0.14839451E+02, -0.95518150E+01, -0.43750319E+01,  0.65448421E+00,  0.55040569E+01,  0.10145429E+02,  0.14555331E+02,  0.18715656E+02,  0.22613506E+02,  0.26240953E+02,  0.29594494E+02,  0.32674603E+02,  0.35484985E+02,  0.38031879E+02,  0.40323475E+02,  0.42369312E+02,  0.44179775E+02,  0.45765732E+02,  0.47138233E+02,  0.48308296E+02,  0.49286789E+02,  0.50084373E+02,  0.50711491E+02,  0.51178356E+02,  0.51495041E+02,  0.51671535E+02,  0.51717754E+02,  0.51643642E+02,  0.51459202E+02,  0.51174515E+02,  0.50799751E+02,  0.50345146E+02,  0.49820992E+02,  0.49237576E+02,  0.48605106E+02,  0.47933620E+02,  0.47232918E+02,  0.46512486E+02,  0.45781349E+02,  0.45048012E+02,  0.44320366E+02,  0.43605618E+02,  0.42910221E+02,  0.42239841E+02,  0.41599339E+02,  0.40992744E+02,  0.40423306E+02,  0.39893486E+02,  0.39405045E+02,  0.38959076E+02,  0.38556091E+02,  0.38196075E+02,  0.37878578E+02,  0.37602791E+02,  0.37367592E+02,  0.37171642E+02,  0.37013412E+02,  0.36891273E+02,  0.36803501E+02,  0.36748344E+02,  0.36724041E+02,  0.36728840E+02,  0.36761040E+02,  0.36818989E+02,  0.36901096E+02,  0.37005840E+02,  0.37131794E+02,  0.37277596E+02,  0.37441963E+02,  0.37623714E+02,  0.37821728E+02,  0.38034966E+02,  0.38262474E+02,  0.38503353E+02,  0.38756790E+02,  0.39022022E+02,  0.39298355E+02,  0.39585148E+02,  0.39881809E+02,  0.40187813E+02,  0.40502659E+02,  0.40825901E+02,  0.41157139E+02,  0.41496002E+02,  0.41842155E+02,  0.42195301E+02,  0.42555172E+02,  0.42921520E+02,  0.43294144E+02,  0.43672844E+02,  0.44057457E+02,  0.44447845E+02,  0.44843891E+02,  0.45245487E+02,  0.45652546E+02,  0.46065018E+02,  0.46482845E+02,  0.46905998E+02,  0.47334469E+02,  0.47768238E+02,  0.48207336E+02,  0.48651806E+02,  0.49101578E+02,  0.49557102E+02,  0.50016964E+02,  0.50486740E+02,  0.50945957E+02,  0.51471401E+02,  0.51776886E+02
 -0.78750000E+01, -0.88965240E+02, -0.87598831E+02, -0.85146568E+02, -0.82803062E+02, -0.80227203E+02, -0.77491852E+02, -0.74562035E+02, -0.71435432E+02, -0.68105286E+02, -0.64570824E+02, -0.60834896E+02, -0.56904778E+02, -0.52791992E+02, -0.48512268E+02, -0.44085232E+02, -0.39534016E+02, -0.34884777E+02, -0.30166071E+02, -0.25408274E+02, -0.20642775E+02, -0.15901274E+02, -0.11215090E+02, -0.66143017E+01, -0.21271353E+01,  0.22206709E+01,  0.64063306E+01,  0.10410435E+02,  0.14217146E+02,  0.17814198E+02,  0.21192904E+02,  0.24347876E+02,  0.27276718E+02,  0.29979679E+02,  0.32459221E+02,  0.34719585E+02,  0.36766499E+02,  0.38606693E+02,  0.40247711E+02,  0.41697628E+02,  0.42964840E+02,  0.44057976E+02,  0.44985733E+02,  0.45756874E+02,  0.46380196E+02,  0.46864471E+02,  0.47218502E+02,  0.47451130E+02,  0.47571194E+02,  0.47587608E+02,  0.47509342E+02,  0.47345360E+02,  0.47104691E+02,  0.46796329E+02,  0.46429237E+02,  0.46012249E+02,  0.45554058E+02,  0.45063133E+02,  0.44547619E+02,  0.44015343E+02,  0.43473682E+02,  0.42929523E+02,  0.42389214E+02,  0.41858521E+02,  0.41342602E+02,  0.40845966E+02,  0.40372498E+02,  0.39925442E+02,  0.39507435E+02,  0.39120529E+02,  0.38766239E+02,  0.38445580E+02,  0.38159115E+02,  0.37907028E+02,  0.37689148E+02,  0.37505032E+02,  0.37353985E+02,  0.37235126E+02,  0.37147434E+02,  0.37089767E+02,  0.37060909E+02,  0.37059593E+02,  0.37084534E+02,  0.37134430E+02,  0.37208004E+02,  0.37304005E+02,  0.37421207E+02,  0.37558437E+02,  0.37714569E+02,  0.37888527E+02,  0.38079300E+02,  0.38285919E+02,  0.38507492E+02,  0.38743168E+02,  0.38992157E+02,  0.39253723E+02,  0.39527180E+02,  0.39811905E+02,  0.40107304E+02,  0.40412842E+02,  0.40728024E+02,  0.41052391E+02,  0.41385536E+02,  0.41727077E+02,  0.42076672E+02,  0.42434013E+02,  0.42798820E+02,  0.43170849E+02,  0.43549881E+02,  0.43935715E+02,  0.44328201E+02,  0.44727177E+02,  0.45132538E+02,  0.45544193E+02,  0.45962048E+02,  0.46386066E+02,  0.46816231E+02,  0.47252499E+02,  0.47694893E+02,  0.48143452E+02,  0.48598209E+02,  0.49059235E+02,  0.49526646E+02,  0.50000427E+02,  0.50481136E+02,  0.50967331E+02,  0.51465050E+02,  0.51952530E+02,  0.52511902E+02,  0.52837570E+02
 -0.77500000E+01, -0.84932648E+02, -0.83441650E+02, -0.80801971E+02, -0.78346069E+02, -0.75698723E+02, -0.72944611E+02, -0.70047913E+02, -0.67008263E+02, -0.63819313E+02, -0.60480141E+02, -0.56992409E+02, -0.53361252E+02, -0.49595070E+02, -0.45705429E+02, -0.41706886E+02, -0.37616695E+02, -0.33454426E+02, -0.29241558E+02, -0.25000999E+02, -0.20756535E+02, -0.16532328E+02, -0.12352356E+02, -0.82398605E+01, -0.42169094E+01, -0.30390507E+00,  0.34807608E+01,  0.71209702E+01,  0.10603106E+02,  0.13916084E+02,  0.17051369E+02,  0.20002901E+02,  0.22766926E+02,  0.25341742E+02,  0.27727499E+02,  0.29925978E+02,  0.31940252E+02,  0.33774479E+02,  0.35433716E+02,  0.36923695E+02,  0.38250660E+02,  0.39421268E+02,  0.40442459E+02,  0.41321400E+02,  0.42065414E+02,  0.42681957E+02,  0.43178608E+02,  0.43563023E+02,  0.43842903E+02,  0.44026058E+02,  0.44120327E+02,  0.44133575E+02,  0.44073658E+02,  0.43948433E+02,  0.43765678E+02,  0.43533077E+02,  0.43258171E+02,  0.42948273E+02,  0.42610485E+02,  0.42251595E+02,  0.41878048E+02,  0.41495888E+02,  0.41110744E+02,  0.40727776E+02,  0.40351662E+02,  0.39986576E+02,  0.39636185E+02,  0.39303658E+02,  0.38991665E+02,  0.38702408E+02,  0.38437626E+02,  0.38198662E+02,  0.37986465E+02,  0.37801636E+02,  0.37644474E+02,  0.37515015E+02,  0.37413063E+02,  0.37338219E+02,  0.37289944E+02,  0.37267555E+02,  0.37270279E+02,  0.37297260E+02,  0.37347603E+02,  0.37420364E+02,  0.37514599E+02,  0.37629345E+02,  0.37763660E+02,  0.37916607E+02,  0.38087288E+02,  0.38274818E+02,  0.38478363E+02,  0.38697113E+02,  0.38930309E+02,  0.39177227E+02,  0.39437180E+02,  0.39709530E+02,  0.39993679E+02,  0.40289062E+02,  0.40595165E+02,  0.40911503E+02,  0.41237633E+02,  0.41573147E+02,  0.41917671E+02,  0.42270859E+02,  0.42632408E+02,  0.43002041E+02,  0.43379501E+02,  0.43764576E+02,  0.44157070E+02,  0.44556816E+02,  0.44963680E+02,  0.45377537E+02,  0.45798298E+02,  0.46225906E+02,  0.46660301E+02,  0.47101482E+02,  0.47549450E+02,  0.48004223E+02,  0.48465843E+02,  0.48934410E+02,  0.49410011E+02,  0.49892757E+02,  0.50382820E+02,  0.50880276E+02,  0.51385765E+02,  0.51897808E+02,  0.52422947E+02,  0.52938126E+02,  0.53530697E+02,  0.53876118E+02
 -0.76250000E+01, -0.80897301E+02, -0.79320946E+02, -0.76558060E+02, -0.74039215E+02, -0.71364525E+02, -0.68626709E+02, -0.65788918E+02, -0.62851742E+02, -0.59808662E+02, -0.56658180E+02, -0.53400719E+02, -0.50039513E+02, -0.46580303E+02, -0.43031345E+02, -0.39403267E+02, -0.35708778E+02, -0.31962435E+02, -0.28180357E+02, -0.24379803E+02, -0.20578823E+02, -0.16795891E+02, -0.13049457E+02, -0.93575640E+01, -0.57375393E+01, -0.22056165E+01,  0.12233428E+01,  0.45360265E+01,  0.77208400E+01,  0.10768037E+02,  0.13669729E+02,  0.16419836E+02,  0.19014034E+02,  0.21449659E+02,  0.23725542E+02,  0.25841841E+02,  0.27799904E+02,  0.29602112E+02,  0.31251682E+02,  0.32752560E+02,  0.34109261E+02,  0.35326832E+02,  0.36410679E+02,  0.37366505E+02,  0.38200333E+02,  0.38918358E+02,  0.39526924E+02,  0.40032558E+02,  0.40441872E+02,  0.40761574E+02,  0.40998455E+02,  0.41159294E+02,  0.41250923E+02,  0.41280155E+02,  0.41253704E+02,  0.41178265E+02,  0.41060345E+02,  0.40906311E+02,  0.40722351E+02,  0.40514362E+02,  0.40287994E+02,  0.40048592E+02,  0.39801125E+02,  0.39550228E+02,  0.39300125E+02,  0.39054657E+02,  0.38817257E+02,  0.38590946E+02,  0.38378349E+02,  0.38181705E+02,  0.38002880E+02,  0.37843388E+02,  0.37704418E+02,  0.37586864E+02,  0.37491341E+02,  0.37418224E+02,  0.37367680E+02,  0.37339680E+02,  0.37334049E+02,  0.37350468E+02,  0.37388515E+02,  0.37447674E+02,  0.37527367E+02,  0.37626961E+02,  0.37745785E+02,  0.37883141E+02,  0.38038334E+02,  0.38210644E+02,  0.38399372E+02,  0.38603832E+02,  0.38823341E+02,  0.39057251E+02,  0.39304932E+02,  0.39565781E+02,  0.39839226E+02,  0.40124722E+02,  0.40421757E+02,  0.40729851E+02,  0.41048557E+02,  0.41377449E+02,  0.41716148E+02,  0.42064289E+02,  0.42421543E+02,  0.42787621E+02,  0.43162243E+02,  0.43545174E+02,  0.43936192E+02,  0.44335110E+02,  0.44741768E+02,  0.45156036E+02,  0.45577789E+02,  0.46006950E+02,  0.46443459E+02,  0.46887264E+02,  0.47338383E+02,  0.47796806E+02,  0.48262585E+02,  0.48735783E+02,  0.49216480E+02,  0.49704819E+02,  0.50200928E+02,  0.50704983E+02,  0.51217224E+02,  0.51737755E+02,  0.52267334E+02,  0.52804489E+02,  0.53356163E+02,  0.53898109E+02,  0.54522720E+02,  0.54887157E+02
 -0.75000000E+01, -0.76724312E+02, -0.75100502E+02, -0.72276321E+02, -0.69742096E+02, -0.67082748E+02, -0.64395706E+02, -0.61643253E+02, -0.58826279E+02, -0.55937824E+02, -0.52975662E+02, -0.49938984E+02, -0.46829342E+02, -0.43650322E+02, -0.40407524E+02, -0.37108475E+02, -0.33762363E+02, -0.30379940E+02, -0.26973186E+02, -0.23555103E+02, -0.20139393E+02, -0.16740170E+02, -0.13371685E+02, -0.10047998E+02, -0.67827582E+01, -0.35888934E+01, -0.47844446E+00,  0.25376062E+01,  0.54495225E+01,  0.82488480E+01,  0.10928478E+02,  0.13482699E+02,  0.15907106E+02,  0.18198601E+02,  0.20355270E+02,  0.22376331E+02,  0.24262005E+02,  0.26013395E+02,  0.27632433E+02,  0.29121708E+02,  0.30484421E+02,  0.31724277E+02,  0.32845394E+02,  0.33852283E+02,  0.34749744E+02,  0.35542831E+02,  0.36236794E+02,  0.36837105E+02,  0.37349346E+02,  0.37779202E+02,  0.38132462E+02,  0.38414959E+02,  0.38632549E+02,  0.38791103E+02,  0.38896427E+02,  0.38954254E+02,  0.38970276E+02,  0.38950005E+02,  0.38898777E+02,  0.38821796E+02,  0.38723988E+02,  0.38610050E+02,  0.38484406E+02,  0.38351189E+02,  0.38214222E+02,  0.38077007E+02,  0.37942715E+02,  0.37814201E+02,  0.37693989E+02,  0.37584278E+02,  0.37486969E+02,  0.37403660E+02,  0.37335682E+02,  0.37284100E+02,  0.37249748E+02,  0.37233234E+02,  0.37234978E+02,  0.37255234E+02,  0.37294090E+02,  0.37351509E+02,  0.37427345E+02,  0.37521358E+02,  0.37633224E+02,  0.37762558E+02,  0.37908932E+02,  0.38071873E+02,  0.38250893E+02,  0.38445469E+02,  0.38655083E+02,  0.38879215E+02,  0.39117340E+02,  0.39368942E+02,  0.39633530E+02,  0.39910610E+02,  0.40199718E+02,  0.40500412E+02,  0.40812260E+02,  0.41134865E+02,  0.41467846E+02,  0.41810852E+02,  0.42163555E+02,  0.42525646E+02,  0.42896851E+02,  0.43276917E+02,  0.43665611E+02,  0.44062733E+02,  0.44468105E+02,  0.44881565E+02,  0.45303001E+02,  0.45732292E+02,  0.46169357E+02,  0.46614151E+02,  0.47066639E+02,  0.47526814E+02,  0.47994698E+02,  0.48470352E+02,  0.48953823E+02,  0.49445236E+02,  0.49944714E+02,  0.50452412E+02,  0.50968536E+02,  0.51493298E+02,  0.52027004E+02,  0.52569798E+02,  0.53122543E+02,  0.53683743E+02,  0.54260757E+02,  0.54828194E+02,  0.55483196E+02,  0.55865662E+02
 -0.73750000E+01, -0.72301483E+02, -0.70667847E+02, -0.67843796E+02, -0.65341530E+02, -0.62740372E+02, -0.60139397E+02, -0.57500454E+02, -0.54824245E+02, -0.52103306E+02, -0.49334644E+02, -0.46516361E+02, -0.43648586E+02, -0.40733116E+02, -0.37773464E+02, -0.34774727E+02, -0.31743416E+02, -0.28687294E+02, -0.25615248E+02, -0.22537001E+02, -0.19462925E+02, -0.16403837E+02, -0.13370768E+02, -0.10374705E+02, -0.74264002E+01, -0.45362248E+01, -0.17139359E+01,  0.10314528E+01,  0.36917474E+01,  0.62596965E+01,  0.87290430E+01,  0.11094558E+02,  0.13352017E+02,  0.15498184E+02,  0.17530819E+02,  0.19448566E+02,  0.21250919E+02,  0.22938154E+02,  0.24511238E+02,  0.25971779E+02,  0.27321941E+02,  0.28564365E+02,  0.29702156E+02,  0.30738764E+02,  0.31677961E+02,  0.32523823E+02,  0.33280624E+02,  0.33952850E+02,  0.34545151E+02,  0.35062325E+02,  0.35509224E+02,  0.35890808E+02,  0.36212090E+02,  0.36478043E+02,  0.36693668E+02,  0.36863922E+02,  0.36993671E+02,  0.37087700E+02,  0.37150654E+02,  0.37187035E+02,  0.37201180E+02,  0.37197208E+02,  0.37179035E+02,  0.37150349E+02,  0.37114578E+02,  0.37074905E+02,  0.37034245E+02,  0.36995243E+02,  0.36960293E+02,  0.36931511E+02,  0.36910770E+02,  0.36899689E+02,  0.36899658E+02,  0.36911839E+02,  0.36937199E+02,  0.36976501E+02,  0.37030350E+02,  0.37099174E+02,  0.37183273E+02,  0.37282825E+02,  0.37397888E+02,  0.37528427E+02,  0.37674335E+02,  0.37835434E+02,  0.38011478E+02,  0.38202194E+02,  0.38407261E+02,  0.38626335E+02,  0.38859051E+02,  0.39105038E+02,  0.39363903E+02,  0.39635273E+02,  0.39918758E+02,  0.40213985E+02,  0.40520584E+02,  0.40838207E+02,  0.41166508E+02,  0.41505165E+02,  0.41853867E+02,  0.42212334E+02,  0.42580284E+02,  0.42957481E+02,  0.43343685E+02,  0.43738697E+02,  0.44142330E+02,  0.44554417E+02,  0.44974815E+02,  0.45403419E+02,  0.45840115E+02,  0.46284832E+02,  0.46737541E+02,  0.47198196E+02,  0.47666801E+02,  0.48143383E+02,  0.48628002E+02,  0.49120724E+02,  0.49621666E+02,  0.50130955E+02,  0.50648758E+02,  0.51175282E+02,  0.51710766E+02,  0.52255459E+02,  0.52809708E+02,  0.53373741E+02,  0.53948467E+02,  0.54532387E+02,  0.55133247E+02,  0.55724548E+02,  0.56407890E+02,  0.56807125E+02
 -0.72500000E+01, -0.67539772E+02, -0.65934273E+02, -0.63172440E+02, -0.60750179E+02, -0.58251083E+02, -0.55772961E+02, -0.53277729E+02, -0.50765686E+02, -0.48228909E+02, -0.45663681E+02, -0.43067192E+02, -0.40438416E+02, -0.37777767E+02, -0.35087132E+02, -0.32369724E+02, -0.29630007E+02, -0.26873508E+02, -0.24106709E+02, -0.21336876E+02, -0.18571884E+02, -0.15819996E+02, -0.13089771E+02, -0.10389853E+02, -0.77287579E+01, -0.51148081E+01, -0.25559413E+01, -0.59609905E-01,  0.23673253E+01,  0.47186871E+01,  0.69889846E+01,  0.91735058E+01,  0.11268339E+02,  0.13270304E+02,  0.15177013E+02,  0.16986830E+02,  0.18698763E+02,  0.20312513E+02,  0.21828417E+02,  0.23247316E+02,  0.24570583E+02,  0.25800051E+02,  0.26937954E+02,  0.27986902E+02,  0.28949791E+02,  0.29829830E+02,  0.30630468E+02,  0.31355322E+02,  0.32008221E+02,  0.32593128E+02,  0.33114113E+02,  0.33575321E+02,  0.33980980E+02,  0.34335327E+02,  0.34642620E+02,  0.34907078E+02,  0.35132877E+02,  0.35324158E+02,  0.35484924E+02,  0.35619080E+02,  0.35730412E+02,  0.35822533E+02,  0.35898891E+02,  0.35962761E+02,  0.36017208E+02,  0.36065098E+02,  0.36109093E+02,  0.36151623E+02,  0.36194920E+02,  0.36240993E+02,  0.36291634E+02,  0.36348442E+02,  0.36412807E+02,  0.36485943E+02,  0.36568871E+02,  0.36662460E+02,  0.36767418E+02,  0.36884315E+02,  0.37013588E+02,  0.37155563E+02,  0.37310455E+02,  0.37478401E+02,  0.37659451E+02,  0.37853577E+02,  0.38060703E+02,  0.38280704E+02,  0.38513412E+02,  0.38758617E+02,  0.39016102E+02,  0.39285606E+02,  0.39566875E+02,  0.39859638E+02,  0.40163616E+02,  0.40478535E+02,  0.40804115E+02,  0.41140091E+02,  0.41486202E+02,  0.41842194E+02,  0.42207832E+02,  0.42582882E+02,  0.42967140E+02,  0.43360409E+02,  0.43762505E+02,  0.44173271E+02,  0.44592560E+02,  0.45020252E+02,  0.45456242E+02,  0.45900448E+02,  0.46352795E+02,  0.46813251E+02,  0.47281799E+02,  0.47758442E+02,  0.48243210E+02,  0.48736149E+02,  0.49237343E+02,  0.49746891E+02,  0.50264954E+02,  0.50791664E+02,  0.51327229E+02,  0.51871895E+02,  0.52425919E+02,  0.52989609E+02,  0.53563343E+02,  0.54147369E+02,  0.54742687E+02,  0.55347767E+02,  0.55970692E+02,  0.56583984E+02,  0.57293224E+02,  0.57707737E+02
 -0.71250000E+01, -0.62373615E+02, -0.60835060E+02, -0.58198879E+02, -0.55905804E+02, -0.53553932E+02, -0.51236916E+02, -0.48917534E+02, -0.46595516E+02, -0.44262543E+02, -0.41914402E+02, -0.39547585E+02, -0.37160187E+02, -0.34751610E+02, -0.32322498E+02, -0.29874712E+02, -0.27411158E+02, -0.24935726E+02, -0.22453100E+02, -0.19968706E+02, -0.17488510E+02, -0.15018897E+02, -0.12566557E+02, -0.10138291E+02, -0.77409363E+01, -0.53812270E+01, -0.30656438E+01, -0.80035734E+00,  0.14088182E+01,  0.35566049E+01,  0.56382270E+01,  0.76494770E+01,  0.95867395E+01,  0.11446995E+02,  0.13227845E+02,  0.14927478E+02,  0.16544657E+02,  0.18078678E+02,  0.19529388E+02,  0.20897087E+02,  0.22182556E+02,  0.23386969E+02,  0.24511868E+02,  0.25559158E+02,  0.26531019E+02,  0.27429934E+02,  0.28258602E+02,  0.29019926E+02,  0.29716984E+02,  0.30353031E+02,  0.30931412E+02,  0.31455578E+02,  0.31929052E+02,  0.32355389E+02,  0.32738201E+02,  0.33081055E+02,  0.33387524E+02,  0.33661144E+02,  0.33905357E+02,  0.34123543E+02,  0.34318977E+02,  0.34494816E+02,  0.34654087E+02,  0.34799679E+02,  0.34934315E+02,  0.35060562E+02,  0.35180824E+02,  0.35297321E+02,  0.35412102E+02,  0.35527042E+02,  0.35643845E+02,  0.35764034E+02,  0.35888977E+02,  0.36019878E+02,  0.36157787E+02,  0.36303616E+02,  0.36458138E+02,  0.36622005E+02,  0.36795750E+02,  0.36979801E+02,  0.37174496E+02,  0.37380085E+02,  0.37596733E+02,  0.37824547E+02,  0.38063572E+02,  0.38313805E+02,  0.38575199E+02,  0.38847664E+02,  0.39131088E+02,  0.39425331E+02,  0.39730232E+02,  0.40045624E+02,  0.40371315E+02,  0.40707127E+02,  0.41052860E+02,  0.41408325E+02,  0.41773331E+02,  0.42147697E+02,  0.42531246E+02,  0.42923809E+02,  0.43325230E+02,  0.43735359E+02,  0.44154072E+02,  0.44581242E+02,  0.45016773E+02,  0.45460579E+02,  0.45912582E+02,  0.46372746E+02,  0.46841026E+02,  0.47317421E+02,  0.47801929E+02,  0.48294579E+02,  0.48795448E+02,  0.49304596E+02,  0.49822113E+02,  0.50348152E+02,  0.50882881E+02,  0.51426456E+02,  0.51979118E+02,  0.52541126E+02,  0.53112770E+02,  0.53694382E+02,  0.54286377E+02,  0.54889019E+02,  0.55503361E+02,  0.56127853E+02,  0.56770859E+02,  0.57404015E+02,  0.58136417E+02,  0.58564529E+02
 -0.70000000E+01, -0.56762089E+02, -0.55330280E+02, -0.52884705E+02, -0.50771011E+02, -0.48612545E+02, -0.46496037E+02, -0.44385963E+02, -0.42281422E+02, -0.40174042E+02, -0.38059242E+02, -0.35933086E+02, -0.33793137E+02, -0.31638103E+02, -0.29467813E+02, -0.27283163E+02, -0.25085978E+02, -0.22878946E+02, -0.20665510E+02, -0.18449745E+02, -0.16236208E+02, -0.14029915E+02, -0.11836133E+02, -0.96603327E+01, -0.75080495E+01, -0.53847775E+01, -0.32959151E+01, -0.12466365E+01,  0.75812495E+00,  0.27138186E+01,  0.46162548E+01,  0.64616609E+01,  0.82467318E+01,  0.99686279E+01,  0.11624984E+02,  0.13213929E+02,  0.14734035E+02,  0.16184355E+02,  0.17564390E+02,  0.18874018E+02,  0.20113548E+02,  0.21283640E+02,  0.22385300E+02,  0.23419849E+02,  0.24388851E+02,  0.25294184E+02,  0.26137911E+02,  0.26922300E+02,  0.27649820E+02,  0.28323059E+02,  0.28944742E+02,  0.29517704E+02,  0.30044861E+02,  0.30529156E+02,  0.30973606E+02,  0.31381235E+02,  0.31755035E+02,  0.32098022E+02,  0.32413139E+02,  0.32703281E+02,  0.32971275E+02,  0.33219856E+02,  0.33451664E+02,  0.33669231E+02,  0.33874966E+02,  0.34071148E+02,  0.34259926E+02,  0.34443306E+02,  0.34623161E+02,  0.34801216E+02,  0.34979053E+02,  0.35158115E+02,  0.35339706E+02,  0.35524998E+02,  0.35715027E+02,  0.35910721E+02,  0.36112877E+02,  0.36322189E+02,  0.36539253E+02,  0.36764568E+02,  0.36998539E+02,  0.37241501E+02,  0.37493717E+02,  0.37755386E+02,  0.38026646E+02,  0.38307587E+02,  0.38598255E+02,  0.38898666E+02,  0.39208794E+02,  0.39528587E+02,  0.39857979E+02,  0.40196877E+02,  0.40545177E+02,  0.40902771E+02,  0.41269539E+02,  0.41645355E+02,  0.42030094E+02,  0.42423637E+02,  0.42825863E+02,  0.43236652E+02,  0.43655907E+02,  0.44083523E+02,  0.44519409E+02,  0.44963493E+02,  0.45415707E+02,  0.45876003E+02,  0.46344341E+02,  0.46820705E+02,  0.47305088E+02,  0.47797504E+02,  0.48298000E+02,  0.48806614E+02,  0.49323418E+02,  0.49848530E+02,  0.50382069E+02,  0.50924171E+02,  0.51475025E+02,  0.52034828E+02,  0.52603832E+02,  0.53182301E+02,  0.53770542E+02,  0.54368919E+02,  0.54977837E+02,  0.55597607E+02,  0.56229298E+02,  0.56871304E+02,  0.57532265E+02,  0.58183006E+02,  0.58935623E+02,  0.59375534E+02
 -0.68750000E+01, -0.50690918E+02, -0.49406406E+02, -0.47217323E+02, -0.45333595E+02, -0.43414959E+02, -0.41538559E+02, -0.39671631E+02, -0.37812653E+02, -0.35953548E+02, -0.34089642E+02, -0.32216911E+02, -0.30332695E+02, -0.28435337E+02, -0.26524237E+02, -0.24599686E+02, -0.22662863E+02, -0.20715668E+02, -0.18760677E+02, -0.16801056E+02, -0.14840403E+02, -0.12882731E+02, -0.10932315E+02, -0.89936352E+01, -0.70712843E+01, -0.51698508E+01, -0.32938812E+01, -0.14478157E+01,  0.36411521E+00,  0.21379106E+01,  0.38698452E+01,  0.55565462E+01,  0.71949449E+01,  0.87823696E+01,  0.10316528E+02,  0.11795512E+02,  0.13217801E+02,  0.14582245E+02,  0.15888087E+02,  0.17134901E+02,  0.18322628E+02,  0.19451532E+02,  0.20522131E+02,  0.21535290E+02,  0.22492086E+02,  0.23393847E+02,  0.24242125E+02,  0.25038645E+02,  0.25785305E+02,  0.26484154E+02,  0.27137383E+02,  0.27747252E+02,  0.28316137E+02,  0.28846466E+02,  0.29340725E+02,  0.29801430E+02,  0.30231094E+02,  0.30632238E+02,  0.31007362E+02,  0.31358932E+02,  0.31689360E+02,  0.32001003E+02,  0.32296146E+02,  0.32576992E+02,  0.32845642E+02,  0.33104118E+02,  0.33354321E+02,  0.33598049E+02,  0.33836987E+02,  0.34072704E+02,  0.34306660E+02,  0.34540192E+02,  0.34774525E+02,  0.35010773E+02,  0.35249943E+02,  0.35492935E+02,  0.35740559E+02,  0.35993519E+02,  0.36252430E+02,  0.36517841E+02,  0.36790199E+02,  0.37069904E+02,  0.37357269E+02,  0.37652569E+02,  0.37956005E+02,  0.38267746E+02,  0.38587914E+02,  0.38916592E+02,  0.39253830E+02,  0.39599655E+02,  0.39954067E+02,  0.40317043E+02,  0.40688553E+02,  0.41068546E+02,  0.41456966E+02,  0.41853752E+02,  0.42258831E+02,  0.42672134E+02,  0.43093601E+02,  0.43523155E+02,  0.43960735E+02,  0.44406292E+02,  0.44859768E+02,  0.45321129E+02,  0.45790340E+02,  0.46267384E+02,  0.46752254E+02,  0.47244957E+02,  0.47745514E+02,  0.48253967E+02,  0.48770374E+02,  0.49294796E+02,  0.49827339E+02,  0.50368111E+02,  0.50917252E+02,  0.51474937E+02,  0.52041332E+02,  0.52616673E+02,  0.53201187E+02,  0.53795181E+02,  0.54398956E+02,  0.55012856E+02,  0.55637344E+02,  0.56272675E+02,  0.56919956E+02,  0.57577545E+02,  0.58254227E+02,  0.58920204E+02,  0.59690010E+02,  0.60139835E+02
 -0.67500000E+01, -0.44175220E+02, -0.43078461E+02, -0.41211246E+02, -0.39607086E+02, -0.37973621E+02, -0.36375820E+02, -0.34784843E+02, -0.33198795E+02, -0.31610214E+02, -0.30014696E+02, -0.28408499E+02, -0.26789026E+02, -0.25154642E+02, -0.23504633E+02, -0.21839092E+02, -0.20158836E+02, -0.18465380E+02, -0.16760803E+02, -0.15047671E+02, -0.13329014E+02, -0.11608162E+02, -0.98887348E+01, -0.81745291E+01, -0.64694633E+01, -0.47774920E+01, -0.31025584E+01, -0.14485552E+01,  0.18080087E+00,  0.17819369E+01,  0.33514838E+01,  0.48863473E+01,  0.63836732E+01,  0.78409424E+01,  0.92559071E+01,  0.10626641E+02,  0.11951567E+02,  0.13229379E+02,  0.14459135E+02,  0.15640158E+02,  0.16772089E+02,  0.17854851E+02,  0.18888628E+02,  0.19873863E+02,  0.20811213E+02,  0.21701582E+02,  0.22546057E+02,  0.23345892E+02,  0.24102509E+02,  0.24817493E+02,  0.25492533E+02,  0.26129425E+02,  0.26730062E+02,  0.27296406E+02,  0.27830482E+02,  0.28334341E+02,  0.28810064E+02,  0.29259756E+02,  0.29685501E+02,  0.30089375E+02,  0.30473425E+02,  0.30839657E+02,  0.31190029E+02,  0.31526436E+02,  0.31850712E+02,  0.32164616E+02,  0.32469814E+02,  0.32767914E+02,  0.33060406E+02,  0.33348709E+02,  0.33634144E+02,  0.33917934E+02,  0.34201218E+02,  0.34485035E+02,  0.34770340E+02,  0.35058002E+02,  0.35348797E+02,  0.35643429E+02,  0.35942524E+02,  0.36246632E+02,  0.36556236E+02,  0.36871765E+02,  0.37193577E+02,  0.37521984E+02,  0.37857246E+02,  0.38199577E+02,  0.38549160E+02,  0.38906128E+02,  0.39270596E+02,  0.39642647E+02,  0.40022335E+02,  0.40409698E+02,  0.40804760E+02,  0.41207523E+02,  0.41617989E+02,  0.42036140E+02,  0.42461960E+02,  0.42895424E+02,  0.43336506E+02,  0.43785183E+02,  0.44241432E+02,  0.44705235E+02,  0.45176575E+02,  0.45655445E+02,  0.46141846E+02,  0.46635780E+02,  0.47137280E+02,  0.47646370E+02,  0.48163082E+02,  0.48687500E+02,  0.49219677E+02,  0.49759701E+02,  0.50307690E+02,  0.50863770E+02,  0.51428085E+02,  0.52000797E+02,  0.52582111E+02,  0.53172249E+02,  0.53771442E+02,  0.54379993E+02,  0.54998203E+02,  0.55626404E+02,  0.56265045E+02,  0.56914391E+02,  0.57575516E+02,  0.58246735E+02,  0.58936951E+02,  0.59615788E+02,  0.60399754E+02,  0.60857655E+02
 -0.66250000E+01, -0.37262409E+02, -0.36392235E+02, -0.34909222E+02, -0.33631260E+02, -0.32325214E+02, -0.31041580E+02, -0.29756752E+02, -0.28468628E+02, -0.27170864E+02, -0.25859715E+02, -0.24532019E+02, -0.23185646E+02, -0.21819286E+02, -0.20432451E+02, -0.19025330E+02, -0.17598721E+02, -0.16154055E+02, -0.14693199E+02, -0.13218485E+02, -0.11732603E+02, -0.10238507E+02, -0.87394228E+01, -0.72387414E+01, -0.57399263E+01, -0.42465200E+01, -0.27620721E+01, -0.12900517E+01,  0.16612311E+00,  0.16031971E+01,  0.30180829E+01,  0.44078693E+01,  0.57698650E+01,  0.71016450E+01,  0.84010086E+01,  0.96660271E+01,  0.10895032E+02,  0.12086637E+02,  0.13239722E+02,  0.14353420E+02,  0.15427131E+02,  0.16460501E+02,  0.17453413E+02,  0.18405966E+02,  0.19318487E+02,  0.20191483E+02,  0.21025665E+02,  0.21821877E+02,  0.22581146E+02,  0.23304632E+02,  0.23993595E+02,  0.24649420E+02,  0.25273579E+02,  0.25867630E+02,  0.26433161E+02,  0.26971832E+02,  0.27485352E+02,  0.27975422E+02,  0.28443771E+02,  0.28892120E+02,  0.29322184E+02,  0.29735647E+02,  0.30134169E+02,  0.30519369E+02,  0.30892818E+02,  0.31256033E+02,  0.31610474E+02,  0.31957535E+02,  0.32298542E+02,  0.32634754E+02,  0.32967354E+02,  0.33297451E+02,  0.33626080E+02,  0.33954197E+02,  0.34282700E+02,  0.34612400E+02,  0.34944035E+02,  0.35278294E+02,  0.35615780E+02,  0.35957047E+02,  0.36302586E+02,  0.36652832E+02,  0.37008175E+02,  0.37368950E+02,  0.37735451E+02,  0.38107929E+02,  0.38486599E+02,  0.38871651E+02,  0.39263226E+02,  0.39661461E+02,  0.40066456E+02,  0.40478291E+02,  0.40897034E+02,  0.41322739E+02,  0.41755440E+02,  0.42195168E+02,  0.42641945E+02,  0.43095787E+02,  0.43556705E+02,  0.44024715E+02,  0.44499825E+02,  0.44982044E+02,  0.45471394E+02,  0.45967892E+02,  0.46471565E+02,  0.46982441E+02,  0.47500576E+02,  0.48026001E+02,  0.48558792E+02,  0.49099026E+02,  0.49646763E+02,  0.50202133E+02,  0.50765244E+02,  0.51336227E+02,  0.51915234E+02,  0.52502434E+02,  0.53098015E+02,  0.53702206E+02,  0.54315239E+02,  0.54937393E+02,  0.55568954E+02,  0.56210247E+02,  0.56861702E+02,  0.57523540E+02,  0.58196812E+02,  0.58879780E+02,  0.59581402E+02,  0.60270874E+02,  0.61066101E+02,  0.61530270E+02
 -0.65000000E+01, -0.30034210E+02, -0.29425629E+02, -0.28382582E+02, -0.27471809E+02, -0.26529934E+02, -0.25591034E+02, -0.24637922E+02, -0.23668631E+02, -0.22678444E+02, -0.21664577E+02, -0.20624840E+02, -0.19557884E+02, -0.18463066E+02, -0.17340378E+02, -0.16190382E+02, -0.15014174E+02, -0.13813327E+02, -0.12589794E+02, -0.11345881E+02, -0.10084189E+02, -0.88075800E+01, -0.75190649E+01, -0.62218041E+01, -0.49190803E+01, -0.36141574E+01, -0.23103347E+01, -0.10108753E+01,  0.28104565E+00,  0.15623709E+01,  0.28301568E+01,  0.40816445E+01,  0.53142595E+01,  0.65256028E+01,  0.77135062E+01,  0.88760252E+01,  0.10011436E+02,  0.11118252E+02,  0.12195219E+02,  0.13241299E+02,  0.14255699E+02,  0.15237827E+02,  0.16187311E+02,  0.17103985E+02,  0.17987850E+02,  0.18839119E+02,  0.19658157E+02,  0.20445463E+02,  0.21201714E+02,  0.21927696E+02,  0.22624311E+02,  0.23292587E+02,  0.23933605E+02,  0.24548548E+02,  0.25138668E+02,  0.25705263E+02,  0.26249678E+02,  0.26773279E+02,  0.27277468E+02,  0.27763645E+02,  0.28233221E+02,  0.28687597E+02,  0.29128155E+02,  0.29556255E+02,  0.29973230E+02,  0.30380373E+02,  0.30778938E+02,  0.31170134E+02,  0.31555113E+02,  0.31934982E+02,  0.32310791E+02,  0.32683529E+02,  0.33054127E+02,  0.33423454E+02,  0.33792332E+02,  0.34161514E+02,  0.34531693E+02,  0.34903511E+02,  0.35277557E+02,  0.35654369E+02,  0.36034428E+02,  0.36418171E+02,  0.36805988E+02,  0.37198235E+02,  0.37595222E+02,  0.37997223E+02,  0.38404480E+02,  0.38817207E+02,  0.39235584E+02,  0.39659775E+02,  0.40089916E+02,  0.40526127E+02,  0.40968502E+02,  0.41417133E+02,  0.41872093E+02,  0.42333443E+02,  0.42801243E+02,  0.43275536E+02,  0.43756367E+02,  0.44243782E+02,  0.44737816E+02,  0.45238510E+02,  0.45745903E+02,  0.46260044E+02,  0.46780979E+02,  0.47308758E+02,  0.47843441E+02,  0.48385105E+02,  0.48933811E+02,  0.49489651E+02,  0.50052723E+02,  0.50623131E+02,  0.51200996E+02,  0.51786465E+02,  0.52379673E+02,  0.52980793E+02,  0.53590015E+02,  0.54207535E+02,  0.54833584E+02,  0.55468422E+02,  0.56112328E+02,  0.56765572E+02,  0.57428551E+02,  0.58101467E+02,  0.58785332E+02,  0.59478313E+02,  0.60189388E+02,  0.60887402E+02,  0.61691238E+02,  0.62160088E+02
 -0.63750000E+01, -0.22606544E+02, -0.22288082E+02, -0.21730009E+02, -0.21218801E+02, -0.20669649E+02, -0.20098688E+02, -0.19496307E+02, -0.18860931E+02, -0.18189905E+02, -0.17481760E+02, -0.16735600E+02, -0.15951148E+02, -0.15128636E+02, -0.14268851E+02, -0.13372958E+02, -0.12442546E+02, -0.11479580E+02, -0.10486282E+02, -0.94651518E+01, -0.84189253E+01, -0.73504815E+01, -0.62628565E+01, -0.51591740E+01, -0.40425887E+01, -0.29163244E+01, -0.17835478E+01, -0.64739120E+00,  0.48907310E+00,  0.16228904E+01,  0.27512209E+01,  0.38713768E+01,  0.49808183E+01,  0.60771856E+01,  0.71583180E+01,  0.82222300E+01,  0.92671289E+01,  0.10291451E+02,  0.11293818E+02,  0.12273063E+02,  0.13228210E+02,  0.14158471E+02,  0.15063265E+02,  0.15942167E+02,  0.16794954E+02,  0.17621546E+02,  0.18422012E+02,  0.19196569E+02,  0.19945576E+02,  0.20669514E+02,  0.21368954E+02,  0.22044588E+02,  0.22697199E+02,  0.23327620E+02,  0.23936790E+02,  0.24525694E+02,  0.25095350E+02,  0.25646830E+02,  0.26181232E+02,  0.26699675E+02,  0.27203291E+02,  0.27693218E+02,  0.28170588E+02,  0.28636524E+02,  0.29092138E+02,  0.29538515E+02,  0.29976719E+02,  0.30407776E+02,  0.30832682E+02,  0.31252394E+02,  0.31667830E+02,  0.32079857E+02,  0.32489307E+02,  0.32896965E+02,  0.33303562E+02,  0.33709785E+02,  0.34116283E+02,  0.34523651E+02,  0.34932438E+02,  0.35343155E+02,  0.35756271E+02,  0.36172211E+02,  0.36591366E+02,  0.37014084E+02,  0.37440689E+02,  0.37871464E+02,  0.38306667E+02,  0.38746529E+02,  0.39191254E+02,  0.39641029E+02,  0.40096008E+02,  0.40556339E+02,  0.41022152E+02,  0.41493557E+02,  0.41970654E+02,  0.42453537E+02,  0.42942284E+02,  0.43436974E+02,  0.43937672E+02,  0.44444450E+02,  0.44957363E+02,  0.45476482E+02,  0.46001862E+02,  0.46533569E+02,  0.47071671E+02,  0.47616230E+02,  0.48167332E+02,  0.48725048E+02,  0.49289467E+02,  0.49860680E+02,  0.50438793E+02,  0.51023914E+02,  0.51616165E+02,  0.52215683E+02,  0.52822613E+02,  0.53437103E+02,  0.54059345E+02,  0.54689522E+02,  0.55327839E+02,  0.55974514E+02,  0.56629803E+02,  0.57293964E+02,  0.57967342E+02,  0.58650066E+02,  0.59343105E+02,  0.60044563E+02,  0.60763371E+02,  0.61468124E+02,  0.62278252E+02,  0.62750332E+02
 -0.62500000E+01, -0.15126188E+02, -0.15117126E+02, -0.15074065E+02, -0.14983235E+02, -0.14844588E+02, -0.14655337E+02, -0.14414248E+02, -0.14120434E+02, -0.13773600E+02, -0.13373899E+02, -0.12921940E+02, -0.12418736E+02, -0.11865647E+02, -0.11264382E+02, -0.10616938E+02, -0.99255686E+01, -0.91927509E+01, -0.84211960E+01, -0.76137428E+01, -0.67733536E+01, -0.59031534E+01, -0.50062814E+01, -0.40859380E+01, -0.31453700E+01, -0.21877487E+01, -0.12162772E+01, -0.23404744E+00,  0.75590956E+00,  0.17506588E+01,  0.27474089E+01,  0.37434828E+01,  0.47363615E+01,  0.57236757E+01,  0.67032528E+01,  0.76730528E+01,  0.86312313E+01,  0.95761528E+01,  0.10506325E+02,  0.11420438E+02,  0.12317389E+02,  0.13196225E+02,  0.14056166E+02,  0.14896603E+02,  0.15717072E+02,  0.16517258E+02,  0.17296984E+02,  0.18056231E+02,  0.18795057E+02,  0.19513668E+02,  0.20212387E+02,  0.20891579E+02,  0.21551750E+02,  0.22193460E+02,  0.22817347E+02,  0.23424103E+02,  0.24014479E+02,  0.24589268E+02,  0.25149300E+02,  0.25695435E+02,  0.26228554E+02,  0.26749556E+02,  0.27259344E+02,  0.27758825E+02,  0.28248907E+02,  0.28730482E+02,  0.29204432E+02,  0.29671621E+02,  0.30132893E+02,  0.30589062E+02,  0.31040918E+02,  0.31489218E+02,  0.31934689E+02,  0.32378021E+02,  0.32819870E+02,  0.33260853E+02,  0.33701561E+02,  0.34142540E+02,  0.34584293E+02,  0.35027306E+02,  0.35472019E+02,  0.35918839E+02,  0.36368141E+02,  0.36820274E+02,  0.37275551E+02,  0.37734264E+02,  0.38196682E+02,  0.38663033E+02,  0.39133545E+02,  0.39608406E+02,  0.40087803E+02,  0.40571892E+02,  0.41060825E+02,  0.41554729E+02,  0.42053726E+02,  0.42557934E+02,  0.43067451E+02,  0.43582375E+02,  0.44102791E+02,  0.44628788E+02,  0.45160450E+02,  0.45697853E+02,  0.46241074E+02,  0.46790199E+02,  0.47345306E+02,  0.47906471E+02,  0.48473793E+02,  0.49047337E+02,  0.49627224E+02,  0.50213535E+02,  0.50806377E+02,  0.51405865E+02,  0.52012127E+02,  0.52625278E+02,  0.53245457E+02,  0.53872822E+02,  0.54507511E+02,  0.55149712E+02,  0.55799603E+02,  0.56457371E+02,  0.57123234E+02,  0.57797401E+02,  0.58480167E+02,  0.59171631E+02,  0.59872665E+02,  0.60581299E+02,  0.61306419E+02,  0.62016388E+02,  0.62830910E+02,  0.63305111E+02
 -0.61250000E+01, -0.77634835E+01, -0.80717087E+01, -0.85552902E+01, -0.88917656E+01, -0.91685801E+01, -0.93636608E+01, -0.94845867E+01, -0.95313063E+01, -0.95060730E+01, -0.94108105E+01, -0.92478266E+01, -0.90195208E+01, -0.87285166E+01, -0.83776035E+01, -0.79696665E+01, -0.75077686E+01, -0.69950671E+01, -0.64347787E+01, -0.58302078E+01, -0.51847272E+01, -0.45017133E+01, -0.37845433E+01, -0.30366170E+01, -0.22612686E+01, -0.14617935E+01, -0.64145452E+00,  0.19662425E+00,  0.10493776E+01,  0.19138703E+01,  0.27872894E+01,  0.36669331E+01,  0.45502906E+01,  0.54349561E+01,  0.63187265E+01,  0.71995234E+01,  0.80754337E+01,  0.89447441E+01,  0.98058691E+01,  0.10657405E+02,  0.11498109E+02,  0.12326895E+02,  0.13142814E+02,  0.13945078E+02,  0.14733048E+02,  0.15506195E+02,  0.16264135E+02,  0.17006603E+02,  0.17733448E+02,  0.18444632E+02,  0.19140188E+02,  0.19820263E+02,  0.20485104E+02,  0.21135006E+02,  0.21770346E+02,  0.22391563E+02,  0.22999157E+02,  0.23593672E+02,  0.24175697E+02,  0.24745855E+02,  0.25304804E+02,  0.25853218E+02,  0.26391800E+02,  0.26921253E+02,  0.27442297E+02,  0.27955648E+02,  0.28462025E+02,  0.28962133E+02,  0.29456676E+02,  0.29946335E+02,  0.30431782E+02,  0.30913662E+02,  0.31392603E+02,  0.31869205E+02,  0.32344051E+02,  0.32817684E+02,  0.33290630E+02,  0.33763386E+02,  0.34236420E+02,  0.34710167E+02,  0.35185043E+02,  0.35661430E+02,  0.36139687E+02,  0.36620148E+02,  0.37103119E+02,  0.37588886E+02,  0.38077713E+02,  0.38569839E+02,  0.39065491E+02,  0.39564873E+02,  0.40068172E+02,  0.40575562E+02,  0.41087204E+02,  0.41603241E+02,  0.42123814E+02,  0.42649048E+02,  0.43179062E+02,  0.43713966E+02,  0.44253864E+02,  0.44798859E+02,  0.45349049E+02,  0.45904526E+02,  0.46465382E+02,  0.47031708E+02,  0.47603596E+02,  0.48181141E+02,  0.48764423E+02,  0.49353554E+02,  0.49948631E+02,  0.50549740E+02,  0.51157001E+02,  0.51770512E+02,  0.52390404E+02,  0.53016792E+02,  0.53649784E+02,  0.54289539E+02,  0.54936180E+02,  0.55589859E+02,  0.56250729E+02,  0.56918941E+02,  0.57594685E+02,  0.58278122E+02,  0.58969486E+02,  0.59668797E+02,  0.60376896E+02,  0.61091694E+02,  0.61822002E+02,  0.62536064E+02,  0.63353561E+02,  0.63828991E+02
 -0.60000000E+01, -0.70196193E+00, -0.13226442E+01, -0.23242147E+01, -0.30797439E+01, -0.37630105E+01, -0.43329854E+01, -0.48059859E+01, -0.51827970E+01, -0.54683151E+01, -0.56662664E+01, -0.57806134E+01, -0.58152628E+01, -0.57741342E+01, -0.56610980E+01, -0.54800668E+01, -0.52349167E+01, -0.49294877E+01, -0.45676627E+01, -0.41532426E+01, -0.36900082E+01, -0.31817005E+01, -0.26319931E+01, -0.20445023E+01, -0.14227464E+01, -0.77018923E+00, -0.90163246E-01,  0.61409438E+00,  0.13394787E+01,  0.20829897E+01,  0.28417776E+01,  0.36131284E+01,  0.43944745E+01,  0.51833982E+01,  0.59776340E+01,  0.67750840E+01,  0.75737786E+01,  0.83719110E+01,  0.91678476E+01,  0.99600868E+01,  0.10747262E+02,  0.11528172E+02,  0.12301755E+02,  0.13067059E+02,  0.13823261E+02,  0.14569694E+02,  0.15305756E+02,  0.16031012E+02,  0.16745083E+02,  0.17447704E+02,  0.18138714E+02,  0.18818022E+02,  0.19485641E+02,  0.20141630E+02,  0.20786142E+02,  0.21419382E+02,  0.22041620E+02,  0.22653177E+02,  0.23254421E+02,  0.23845764E+02,  0.24427654E+02,  0.25000572E+02,  0.25565023E+02,  0.26121538E+02,  0.26670658E+02,  0.27212942E+02,  0.27748951E+02,  0.28279257E+02,  0.28804420E+02,  0.29325008E+02,  0.29841578E+02,  0.30354668E+02,  0.30864815E+02,  0.31372534E+02,  0.31878328E+02,  0.32382679E+02,  0.32886047E+02,  0.33388882E+02,  0.33891598E+02,  0.34394596E+02,  0.34898258E+02,  0.35402935E+02,  0.35908970E+02,  0.36416672E+02,  0.36926342E+02,  0.37438248E+02,  0.37952652E+02,  0.38469795E+02,  0.38989895E+02,  0.39513161E+02,  0.40039787E+02,  0.40569954E+02,  0.41103821E+02,  0.41641556E+02,  0.42183300E+02,  0.42729187E+02,  0.43279350E+02,  0.43833912E+02,  0.44392990E+02,  0.44956692E+02,  0.45525131E+02,  0.46098412E+02,  0.46676628E+02,  0.47259892E+02,  0.47848293E+02,  0.48441936E+02,  0.49040920E+02,  0.49645340E+02,  0.50255302E+02,  0.50870911E+02,  0.51492252E+02,  0.52119465E+02,  0.52752625E+02,  0.53391861E+02,  0.54037285E+02,  0.54689007E+02,  0.55347160E+02,  0.56011845E+02,  0.56683193E+02,  0.57361351E+02,  0.58046436E+02,  0.58738552E+02,  0.59437897E+02,  0.60144440E+02,  0.60858921E+02,  0.61579182E+02,  0.62313938E+02,  0.63031307E+02,  0.63850868E+02,  0.64326996E+02
 -0.58750000E+01,  0.58741975E+01,  0.49584484E+01,  0.34677119E+01,  0.23165460E+01,  0.12498026E+01,  0.32652363E+00, -0.47782379E+00, -0.11648579E+01, -0.17418963E+01, -0.22143817E+01, -0.25879297E+01, -0.28678529E+01, -0.30593235E+01, -0.31673143E+01, -0.31966956E+01, -0.31521635E+01, -0.30383146E+01, -0.28596168E+01, -0.26203935E+01, -0.23248909E+01, -0.19772192E+01, -0.15813512E+01, -0.11411612E+01, -0.66038036E+00, -0.14262597E+00,  0.40864381E+00,  0.99009007E+00,  0.15984952E+01,  0.22308507E+01,  0.28842285E+01,  0.35558715E+01,  0.42432108E+01,  0.49437652E+01,  0.56552429E+01,  0.63755169E+01,  0.71025677E+01,  0.78345356E+01,  0.85697393E+01,  0.93065796E+01,  0.10043627E+02,  0.10779585E+02,  0.11513241E+02,  0.12243560E+02,  0.12969578E+02,  0.13690440E+02,  0.14405423E+02,  0.15113896E+02,  0.15815294E+02,  0.16509167E+02,  0.17195150E+02,  0.17872952E+02,  0.18542364E+02,  0.19203247E+02,  0.19855536E+02,  0.20499228E+02,  0.21134380E+02,  0.21761112E+02,  0.22379591E+02,  0.22990036E+02,  0.23592705E+02,  0.24187899E+02,  0.24775949E+02,  0.25357222E+02,  0.25932106E+02,  0.26501007E+02,  0.27064354E+02,  0.27622583E+02,  0.28176138E+02,  0.28725471E+02,  0.29271034E+02,  0.29813274E+02,  0.30352638E+02,  0.30889566E+02,  0.31424480E+02,  0.31957804E+02,  0.32489941E+02,  0.33021278E+02,  0.33552197E+02,  0.34083050E+02,  0.34614185E+02,  0.35145935E+02,  0.35678600E+02,  0.36212486E+02,  0.36747860E+02,  0.37284992E+02,  0.37824123E+02,  0.38365494E+02,  0.38909317E+02,  0.39455795E+02,  0.40005131E+02,  0.40557495E+02,  0.41113068E+02,  0.41672001E+02,  0.42234451E+02,  0.42800568E+02,  0.43370480E+02,  0.43944317E+02,  0.44522209E+02,  0.45104275E+02,  0.45690632E+02,  0.46281387E+02,  0.46876656E+02,  0.47476540E+02,  0.48081154E+02,  0.48690590E+02,  0.49304962E+02,  0.49924362E+02,  0.50548908E+02,  0.51178688E+02,  0.51813797E+02,  0.52454361E+02,  0.53100464E+02,  0.53752209E+02,  0.54409706E+02,  0.55073036E+02,  0.55742321E+02,  0.56417641E+02,  0.57099110E+02,  0.57786808E+02,  0.58480816E+02,  0.59181225E+02,  0.59888161E+02,  0.60601524E+02,  0.61321983E+02,  0.62047306E+02,  0.62786114E+02,  0.63506435E+02,  0.64327644E+02,  0.64804245E+02
 -0.57500000E+01,  0.11792029E+02,  0.10609871E+02,  0.86770058E+01,  0.71675458E+01,  0.57532692E+01,  0.45096011E+01,  0.34047101E+01,  0.24363506E+01,  0.15950030E+01,  0.87371892E+00,  0.26540110E+00, -0.23655574E+00, -0.63844365E+00, -0.94627929E+00, -0.11657832E+01, -0.13024522E+01, -0.13615426E+01, -0.13480948E+01, -0.12669624E+01, -0.11227838E+01, -0.92003906E+00, -0.66298938E+00, -0.35575283E+00, -0.22846302E-02,  0.39367592E+00,  0.82851285E+00,  0.12987989E+01,  0.18012666E+01,  0.23328023E+01,  0.28904717E+01,  0.34714787E+01,  0.40732212E+01,  0.46932211E+01,  0.53291512E+01,  0.59788556E+01,  0.66402950E+01,  0.73116078E+01,  0.79910288E+01,  0.86769304E+01,  0.93678255E+01,  0.10062314E+02,  0.10759151E+02,  0.11457143E+02,  0.12155231E+02,  0.12852454E+02,  0.13547907E+02,  0.14240814E+02,  0.14930468E+02,  0.15616224E+02,  0.16297531E+02,  0.16973921E+02,  0.17644983E+02,  0.18310389E+02,  0.18969872E+02,  0.19623238E+02,  0.20270350E+02,  0.20911142E+02,  0.21545593E+02,  0.22173744E+02,  0.22795687E+02,  0.23411556E+02,  0.24021526E+02,  0.24625814E+02,  0.25224667E+02,  0.25818363E+02,  0.26407198E+02,  0.26991495E+02,  0.27571594E+02,  0.28147840E+02,  0.28720592E+02,  0.29290213E+02,  0.29857069E+02,  0.30421524E+02,  0.30983938E+02,  0.31544672E+02,  0.32104073E+02,  0.32662483E+02,  0.33220234E+02,  0.33777649E+02,  0.34335033E+02,  0.34892685E+02,  0.35450893E+02,  0.36009926E+02,  0.36570042E+02,  0.37131493E+02,  0.37694508E+02,  0.38259312E+02,  0.38826115E+02,  0.39395119E+02,  0.39966511E+02,  0.40540470E+02,  0.41117172E+02,  0.41696777E+02,  0.42279438E+02,  0.42865303E+02,  0.43454514E+02,  0.44047203E+02,  0.44643505E+02,  0.45243542E+02,  0.45847439E+02,  0.46455311E+02,  0.47067272E+02,  0.47683441E+02,  0.48303921E+02,  0.48928825E+02,  0.49558254E+02,  0.50192303E+02,  0.50831104E+02,  0.51474743E+02,  0.52123295E+02,  0.52776897E+02,  0.53435627E+02,  0.54099564E+02,  0.54768814E+02,  0.55443462E+02,  0.56123581E+02,  0.56809254E+02,  0.57500538E+02,  0.58197510E+02,  0.58900215E+02,  0.59608685E+02,  0.60322998E+02,  0.61043003E+02,  0.61769299E+02,  0.62499588E+02,  0.63242401E+02,  0.63965672E+02,  0.64788643E+02,  0.65265793E+02
 -0.56250000E+01,  0.16899422E+02,  0.15488674E+02,  0.13175678E+02,  0.11357008E+02,  0.96422186E+01,  0.81209316E+01,  0.67552509E+01,  0.55424132E+01,  0.44711375E+01,  0.35331981E+01,  0.27202313E+01,  0.20245693E+01,  0.14389280E+01,  0.95643008E+00,  0.57059914E+00,  0.27524960E+00,  0.64539537E-01, -0.67046918E-01, -0.12482160E+00, -0.11377968E+00, -0.38703848E-01,  0.95859498E-01,  0.28560904E+00,  0.52642959E+00,  0.81442261E+00,  0.11458716E+01,  0.15172932E+01,  0.19253522E+01,  0.23668976E+01,  0.28389874E+01,  0.33388100E+01,  0.38637486E+01,  0.44113426E+01,  0.49792662E+01,  0.55653691E+01,  0.61676145E+01,  0.67841263E+01,  0.74131370E+01,  0.80529919E+01,  0.87021713E+01,  0.93592329E+01,  0.10022853E+02,  0.10691775E+02,  0.11364831E+02,  0.12040963E+02,  0.12719143E+02,  0.13398441E+02,  0.14078004E+02,  0.14757025E+02,  0.15434786E+02,  0.16110628E+02,  0.16783968E+02,  0.17454285E+02,  0.18121132E+02,  0.18784126E+02,  0.19442957E+02,  0.20097376E+02,  0.20747198E+02,  0.21392298E+02,  0.22032610E+02,  0.22668119E+02,  0.23298866E+02,  0.23924927E+02,  0.24546427E+02,  0.25163525E+02,  0.25776411E+02,  0.26385302E+02,  0.26990442E+02,  0.27592087E+02,  0.28190516E+02,  0.28786011E+02,  0.29378868E+02,  0.29969389E+02,  0.30557875E+02,  0.31144627E+02,  0.31729946E+02,  0.32314129E+02,  0.32897465E+02,  0.33480236E+02,  0.34062721E+02,  0.34645191E+02,  0.35227898E+02,  0.35811096E+02,  0.36395023E+02,  0.36979908E+02,  0.37565968E+02,  0.38153419E+02,  0.38742462E+02,  0.39333286E+02,  0.39926079E+02,  0.40521008E+02,  0.41118252E+02,  0.41717964E+02,  0.42320301E+02,  0.42925411E+02,  0.43533440E+02,  0.44144524E+02,  0.44758789E+02,  0.45376377E+02,  0.45997402E+02,  0.46621994E+02,  0.47250267E+02,  0.47882339E+02,  0.48518322E+02,  0.49158329E+02,  0.49802471E+02,  0.50450844E+02,  0.51103558E+02,  0.51760715E+02,  0.52422413E+02,  0.53088741E+02,  0.53759785E+02,  0.54435646E+02,  0.55116390E+02,  0.55802082E+02,  0.56492805E+02,  0.57188614E+02,  0.57889542E+02,  0.58595631E+02,  0.59306919E+02,  0.60023376E+02,  0.60745037E+02,  0.61471714E+02,  0.62203960E+02,  0.62939400E+02,  0.63686470E+02,  0.64413025E+02,  0.65238304E+02,  0.65716393E+02
 -0.55000000E+01,  0.21071396E+02,  0.19476509E+02,  0.16856571E+02,  0.14786925E+02,  0.12827433E+02,  0.11079310E+02,  0.94998913E+01,  0.80861063E+01,  0.68252873E+01,  0.57082424E+01,  0.47256341E+01,  0.38689322E+01,  0.31300871E+01,  0.25015438E+01,  0.19762071E+01,  0.15473673E+01,  0.12087287E+01,  0.95436502E+00,  0.77864677E+00,  0.67626834E+00,  0.64223903E+00,  0.67180806E+00,  0.76052123E+00,  0.90415359E+00,  0.10986973E+01,  0.13404216E+01,  0.16257569E+01,  0.19513624E+01,  0.23141115E+01,  0.27110548E+01,  0.31394131E+01,  0.35965879E+01,  0.40801539E+01,  0.45878496E+01,  0.51175423E+01,  0.56672277E+01,  0.62350764E+01,  0.68193302E+01,  0.74183583E+01,  0.80306234E+01,  0.86546755E+01,  0.92891502E+01,  0.99327402E+01,  0.10584211E+02,  0.11242398E+02,  0.11906178E+02,  0.12574474E+02,  0.13246293E+02,  0.13920676E+02,  0.14596731E+02,  0.15273625E+02,  0.15950592E+02,  0.16626932E+02,  0.17302015E+02,  0.17975283E+02,  0.18646250E+02,  0.19314503E+02,  0.19979696E+02,  0.20641558E+02,  0.21299877E+02,  0.21954506E+02,  0.22605360E+02,  0.23252401E+02,  0.23895643E+02,  0.24535143E+02,  0.25170996E+02,  0.25803337E+02,  0.26432320E+02,  0.27058132E+02,  0.27680979E+02,  0.28301079E+02,  0.28918667E+02,  0.29533987E+02,  0.30147289E+02,  0.30758829E+02,  0.31368858E+02,  0.31977638E+02,  0.32585415E+02,  0.33192448E+02,  0.33798973E+02,  0.34405235E+02,  0.35011463E+02,  0.35617889E+02,  0.36224731E+02,  0.36832199E+02,  0.37440498E+02,  0.38049828E+02,  0.38660370E+02,  0.39272316E+02,  0.39885841E+02,  0.40501110E+02,  0.41118286E+02,  0.41737534E+02,  0.42358994E+02,  0.42982826E+02,  0.43609165E+02,  0.44238148E+02,  0.44869915E+02,  0.45504593E+02,  0.46142315E+02,  0.46783199E+02,  0.47427372E+02,  0.48074951E+02,  0.48726048E+02,  0.49380787E+02,  0.50039261E+02,  0.50701599E+02,  0.51367897E+02,  0.52038250E+02,  0.52712761E+02,  0.53391510E+02,  0.54074604E+02,  0.54762112E+02,  0.55454098E+02,  0.56150646E+02,  0.56851784E+02,  0.57557579E+02,  0.58268051E+02,  0.58983208E+02,  0.59703064E+02,  0.60427567E+02,  0.61156715E+02,  0.61890285E+02,  0.62628784E+02,  0.63369759E+02,  0.64121651E+02,  0.64852150E+02,  0.65680664E+02,  0.66160255E+02
 -0.53750000E+01,  0.24212734E+02,  0.22482613E+02,  0.19636520E+02,  0.17380661E+02,  0.15238745E+02,  0.13320572E+02,  0.11580049E+02,  0.10013979E+02,  0.86087179E+01,  0.73543706E+01,  0.62409587E+01,  0.52593441E+01,  0.44009261E+01,  0.36576834E+01,  0.30220747E+01,  0.24870613E+01,  0.20460327E+01,  0.16927701E+01,  0.14214467E+01,  0.12265759E+01,  0.11030221E+01,  0.10459532E+01,  0.10507963E+01,  0.11132934E+01,  0.12294352E+01,  0.13954453E+01,  0.16077982E+01,  0.18631907E+01,  0.21585267E+01,  0.24908922E+01,  0.28576171E+01,  0.32561646E+01,  0.36841738E+01,  0.41394854E+01,  0.46200252E+01,  0.51239033E+01,  0.56493349E+01,  0.61946321E+01,  0.67582331E+01,  0.73386159E+01,  0.79343710E+01,  0.85441275E+01,  0.91665306E+01,  0.98003216E+01,  0.10444242E+02,  0.11097059E+02,  0.11757590E+02,  0.12424676E+02,  0.13097202E+02,  0.13774099E+02,  0.14454350E+02,  0.15137004E+02,  0.15821171E+02,  0.16506039E+02,  0.17190872E+02,  0.17875015E+02,  0.18557896E+02,  0.19239019E+02,  0.19917976E+02,  0.20594425E+02,  0.21268105E+02,  0.21938818E+02,  0.22606432E+02,  0.23270866E+02,  0.23932098E+02,  0.24590145E+02,  0.25245068E+02,  0.25896959E+02,  0.26545944E+02,  0.27192169E+02,  0.27835804E+02,  0.28477034E+02,  0.29116053E+02,  0.29753071E+02,  0.30388302E+02,  0.31021965E+02,  0.31654278E+02,  0.32285461E+02,  0.32915737E+02,  0.33545322E+02,  0.34174427E+02,  0.34803261E+02,  0.35432034E+02,  0.36060940E+02,  0.36690174E+02,  0.37319927E+02,  0.37950378E+02,  0.38581707E+02,  0.39214088E+02,  0.39847683E+02,  0.40482651E+02,  0.41119160E+02,  0.41757351E+02,  0.42397377E+02,  0.43039379E+02,  0.43683506E+02,  0.44329887E+02,  0.44978661E+02,  0.45629959E+02,  0.46283913E+02,  0.46940643E+02,  0.47600277E+02,  0.48262936E+02,  0.48928738E+02,  0.49597805E+02,  0.50270241E+02,  0.50946163E+02,  0.51625687E+02,  0.52308899E+02,  0.52995899E+02,  0.53686775E+02,  0.54381634E+02,  0.55080544E+02,  0.55783569E+02,  0.56490765E+02,  0.57202183E+02,  0.57917877E+02,  0.58637833E+02,  0.59362076E+02,  0.60090584E+02,  0.60823296E+02,  0.61560188E+02,  0.62301003E+02,  0.63046223E+02,  0.63793354E+02,  0.64550812E+02,  0.65286125E+02,  0.66119133E+02,  0.66601051E+02
 -0.52500000E+01,  0.26258255E+02,  0.24444469E+02,  0.21457695E+02,  0.19084652E+02,  0.16826899E+02,  0.14799522E+02,  0.12954399E+02,  0.11288282E+02,  0.97869520E+01,  0.84401445E+01,  0.72374859E+01,  0.61694927E+01,  0.52272940E+01,  0.44026079E+01,  0.36876633E+01,  0.30752568E+01,  0.25586274E+01,  0.21314256E+01,  0.17877672E+01,  0.15221064E+01,  0.13292642E+01,  0.12043897E+01,  0.11429441E+01,  0.11406919E+01,  0.11936680E+01,  0.12981772E+01,  0.14507458E+01,  0.16481754E+01,  0.18874594E+01,  0.21658108E+01,  0.24806638E+01,  0.28296092E+01,  0.32104301E+01,  0.36210768E+01,  0.40596490E+01,  0.45243521E+01,  0.50135455E+01,  0.55256824E+01,  0.60592790E+01,  0.66129227E+01,  0.71852469E+01,  0.77749276E+01,  0.83806381E+01,  0.90010557E+01,  0.96348619E+01,  0.10280732E+02,  0.10937342E+02,  0.11603372E+02,  0.12277524E+02,  0.12958530E+02,  0.13645170E+02,  0.14336283E+02,  0.15030776E+02,  0.15727642E+02,  0.16425964E+02,  0.17124914E+02,  0.17823763E+02,  0.18521881E+02,  0.19218729E+02,  0.19913857E+02,  0.20606901E+02,  0.21297579E+02,  0.21985680E+02,  0.22671051E+02,  0.23353609E+02,  0.24033318E+02,  0.24710182E+02,  0.25384249E+02,  0.26055601E+02,  0.26724340E+02,  0.27390602E+02,  0.28054529E+02,  0.28716288E+02,  0.29376049E+02,  0.30033997E+02,  0.30690319E+02,  0.31345203E+02,  0.31998846E+02,  0.32651436E+02,  0.33303169E+02,  0.33954235E+02,  0.34604816E+02,  0.35255104E+02,  0.35905270E+02,  0.36555496E+02,  0.37205952E+02,  0.37856804E+02,  0.38508221E+02,  0.39160358E+02,  0.39813374E+02,  0.40467419E+02,  0.41122643E+02,  0.41779194E+02,  0.42437214E+02,  0.43096840E+02,  0.43758217E+02,  0.44421474E+02,  0.45086746E+02,  0.45754169E+02,  0.46423870E+02,  0.47095978E+02,  0.47770615E+02,  0.48447910E+02,  0.49127987E+02,  0.49810963E+02,  0.50496952E+02,  0.51186077E+02,  0.51878445E+02,  0.52574150E+02,  0.53273312E+02,  0.53976017E+02,  0.54682350E+02,  0.55392410E+02,  0.56106247E+02,  0.56823933E+02,  0.57545509E+02,  0.58271011E+02,  0.59000462E+02,  0.59733845E+02,  0.60471146E+02,  0.61212296E+02,  0.61957279E+02,  0.62705784E+02,  0.63458298E+02,  0.64212318E+02,  0.64976257E+02,  0.65717445E+02,  0.66556412E+02,  0.67041565E+02
 -0.51250000E+01,  0.27171867E+02,  0.25327345E+02,  0.22287899E+02,  0.19869074E+02,  0.17564466E+02,  0.15491087E+02,  0.13600100E+02,  0.11888222E+02,  0.10341083E+02,  0.89483318E+01,  0.76994996E+01,  0.65850425E+01,  0.55960326E+01,  0.47241678E+01,  0.39617016E+01,  0.33014081E+01,  0.27365630E+01,  0.22608902E+01,  0.18685399E+01,  0.15540630E+01,  0.13123376E+01,  0.11386356E+01,  0.10285436E+01,  0.97790307E+00,  0.98290426E+00,  0.10399680E+01,  0.11457864E+01,  0.12973071E+01,  0.14916712E+01,  0.17262819E+01,  0.19987296E+01,  0.23068011E+01,  0.26484611E+01,  0.30218606E+01,  0.34252915E+01,  0.38571677E+01,  0.43160586E+01,  0.48005767E+01,  0.53094258E+01,  0.58413734E+01,  0.63951635E+01,  0.69695559E+01,  0.75632706E+01,  0.81749811E+01,  0.88033085E+01,  0.94468164E+01,  0.10104015E+02,  0.10773393E+02,  0.11453423E+02,  0.12142592E+02,  0.12839435E+02,  0.13542539E+02,  0.14250581E+02,  0.14962337E+02,  0.15676689E+02,  0.16392641E+02,  0.17109310E+02,  0.17825935E+02,  0.18541872E+02,  0.19256577E+02,  0.19969614E+02,  0.20680634E+02,  0.21389376E+02,  0.22095644E+02,  0.22799318E+02,  0.23500328E+02,  0.24198650E+02,  0.24894308E+02,  0.25587355E+02,  0.26277870E+02,  0.26965967E+02,  0.27651764E+02,  0.28335403E+02,  0.29017035E+02,  0.29696817E+02,  0.30374912E+02,  0.31051491E+02,  0.31726721E+02,  0.32400772E+02,  0.33073814E+02,  0.33746017E+02,  0.34417545E+02,  0.35088566E+02,  0.35759235E+02,  0.36429714E+02,  0.37100159E+02,  0.37770721E+02,  0.38441551E+02,  0.39112797E+02,  0.39784595E+02,  0.40457100E+02,  0.41130447E+02,  0.41804771E+02,  0.42480213E+02,  0.43156906E+02,  0.43834984E+02,  0.44514587E+02,  0.45195839E+02,  0.45878872E+02,  0.46563820E+02,  0.47250813E+02,  0.47939980E+02,  0.48631443E+02,  0.49325333E+02,  0.50021770E+02,  0.50720882E+02,  0.51422787E+02,  0.52127598E+02,  0.52835438E+02,  0.53546394E+02,  0.54260590E+02,  0.54978115E+02,  0.55699055E+02,  0.56423481E+02,  0.57151466E+02,  0.57883068E+02,  0.58618324E+02,  0.59357250E+02,  0.60099850E+02,  0.60846107E+02,  0.61595970E+02,  0.62349384E+02,  0.63106083E+02,  0.63866547E+02,  0.64628242E+02,  0.65399666E+02,  0.66147850E+02,  0.66994377E+02,  0.67483803E+02
 -0.50000000E+01,  0.26945522E+02,  0.25123713E+02,  0.22120499E+02,  0.19728092E+02,  0.17446432E+02,  0.15390965E+02,  0.13513445E+02,  0.11810667E+02,  0.10268481E+02,  0.88766937E+01,  0.76250606E+01,  0.65042644E+01,  0.55055661E+01,  0.46208868E+01,  0.38426924E+01,  0.31639726E+01,  0.25782201E+01,  0.20793648E+01,  0.16617788E+01,  0.13202103E+01,  0.10497600E+01,  0.84590292E+00,  0.70442462E+00,  0.62140232E+00,  0.59320343E+00,  0.61648220E+00,  0.68813837E+00,  0.80531853E+00,  0.96542287E+00,  0.11660491E+01,  0.14050138E+01,  0.16803797E+01,  0.19903517E+01,  0.23333313E+01,  0.27078834E+01,  0.31127155E+01,  0.35466607E+01,  0.40086312E+01,  0.44976068E+01,  0.50125837E+01,  0.55525422E+01,  0.61164007E+01,  0.67029819E+01,  0.73109851E+01,  0.79389663E+01,  0.85853491E+01,  0.92484341E+01,  0.99264317E+01,  0.10617505E+02,  0.11319821E+02,  0.12031581E+02,  0.12751066E+02,  0.13476670E+02,  0.14206912E+02,  0.14940464E+02,  0.15676148E+02,  0.16412943E+02,  0.17149975E+02,  0.17886513E+02,  0.18621958E+02,  0.19355825E+02,  0.20087742E+02,  0.20817427E+02,  0.21544676E+02,  0.22269358E+02,  0.22991404E+02,  0.23710785E+02,  0.24427521E+02,  0.25141665E+02,  0.25853292E+02,  0.26562502E+02,  0.27269409E+02,  0.27974142E+02,  0.28676838E+02,  0.29377638E+02,  0.30076693E+02,  0.30774153E+02,  0.31470163E+02,  0.32164883E+02,  0.32858456E+02,  0.33551033E+02,  0.34242764E+02,  0.34933788E+02,  0.35624249E+02,  0.36314289E+02,  0.37004047E+02,  0.37693661E+02,  0.38383259E+02,  0.39072979E+02,  0.39762955E+02,  0.40453316E+02,  0.41144192E+02,  0.41835712E+02,  0.42528008E+02,  0.43221210E+02,  0.43915447E+02,  0.44610847E+02,  0.45307545E+02,  0.46005665E+02,  0.46705345E+02,  0.47406712E+02,  0.48109898E+02,  0.48815033E+02,  0.49522255E+02,  0.50231686E+02,  0.50943455E+02,  0.51657696E+02,  0.52374523E+02,  0.53094074E+02,  0.53816452E+02,  0.54541771E+02,  0.55270145E+02,  0.56001671E+02,  0.56736431E+02,  0.57474510E+02,  0.58215984E+02,  0.58960880E+02,  0.59709267E+02,  0.60461143E+02,  0.61216488E+02,  0.61975288E+02,  0.62737507E+02,  0.63502899E+02,  0.64271942E+02,  0.65042099E+02,  0.65822006E+02,  0.66578362E+02,  0.67434036E+02,  0.67928734E+02
 -0.48750000E+01,  0.25599026E+02,  0.23853157E+02,  0.20974548E+02,  0.18680092E+02,  0.16490372E+02,  0.14515878E+02,  0.12710295E+02,  0.11070539E+02,  0.95830994E+01,  0.82382555E+01,  0.70262818E+01,  0.59383426E+01,  0.49661760E+01,  0.41021471E+01,  0.33391650E+01,  0.26706333E+01,  0.20904379E+01,  0.15928917E+01,  0.11727184E+01,  0.82501191E+00,  0.54522061E+00,  0.32912257E+00,  0.17280672E+00,  0.72654068E-01,  0.25323020E-01,  0.27742343E-01,  0.77089496E-01,  0.17079177E+00,  0.30651256E+00,  0.48214349E+00,  0.69579887E+00,  0.94580960E+00,  0.12307110E+01,  0.15492355E+01,  0.19002982E+01,  0.22829752E+01,  0.26964836E+01,  0.31401434E+01,  0.36133380E+01,  0.41154580E+01,  0.46458406E+01,  0.52036977E+01,  0.57880487E+01,  0.63976665E+01,  0.70310426E+01,  0.76863918E+01,  0.83616867E+01,  0.90547237E+01,  0.97632084E+01,  0.10484832E+02,  0.11217343E+02,  0.11958613E+02,  0.12706676E+02,  0.13459759E+02,  0.14216296E+02,  0.14974939E+02,  0.15734545E+02,  0.16494162E+02,  0.17253019E+02,  0.18010500E+02,  0.18766129E+02,  0.19519545E+02,  0.20270498E+02,  0.21018818E+02,  0.21764402E+02,  0.22507212E+02,  0.23247250E+02,  0.23984560E+02,  0.24719210E+02,  0.25451292E+02,  0.26180916E+02,  0.26908201E+02,  0.27633274E+02,  0.28356270E+02,  0.29077322E+02,  0.29796570E+02,  0.30514149E+02,  0.31230194E+02,  0.31944841E+02,  0.32658222E+02,  0.33370464E+02,  0.34081699E+02,  0.34792049E+02,  0.35501644E+02,  0.36210594E+02,  0.36919033E+02,  0.37627071E+02,  0.38334831E+02,  0.39042431E+02,  0.39749989E+02,  0.40457626E+02,  0.41165459E+02,  0.41873608E+02,  0.42582199E+02,  0.43291351E+02,  0.44001190E+02,  0.44711845E+02,  0.45423443E+02,  0.46136108E+02,  0.46849983E+02,  0.47565193E+02,  0.48281872E+02,  0.49000160E+02,  0.49720192E+02,  0.50442108E+02,  0.51166042E+02,  0.51892124E+02,  0.52620510E+02,  0.53351315E+02,  0.54084675E+02,  0.54820713E+02,  0.55559555E+02,  0.56301323E+02,  0.57046108E+02,  0.57794022E+02,  0.58545143E+02,  0.59299549E+02,  0.60057301E+02,  0.60818424E+02,  0.61582966E+02,  0.62350895E+02,  0.63122215E+02,  0.63896706E+02,  0.64674896E+02,  0.65454277E+02,  0.66243591E+02,  0.67009163E+02,  0.67875542E+02,  0.68376511E+02
 -0.47500000E+01,  0.23180979E+02,  0.21563103E+02,  0.18895254E+02,  0.16767967E+02,  0.14736711E+02,  0.12903706E+02,  0.11225987E+02,  0.97007313E+01,  0.83154488E+01,  0.70612416E+01,  0.59291973E+01,  0.49112444E+01,  0.39998684E+01,  0.31881146E+01,  0.24695380E+01,  0.18381600E+01,  0.12884341E+01,  0.81521291E+00,  0.41372126E+00,  0.79529077E-01, -0.19147007E+00, -0.40307805E+00, -0.55881226E+00, -0.66191280E+00, -0.71536350E+00, -0.72189415E+00, -0.68399119E+00, -0.60390717E+00, -0.48365435E+00, -0.32501999E+00, -0.12955980E+00,  0.10139958E+00,  0.36675555E+00,  0.66563255E+00,  0.99736667E+00,  0.13615050E+01,  0.17577739E+01,  0.21860521E+01,  0.26463180E+01,  0.31385736E+01,  0.36627522E+01,  0.42185907E+01,  0.48054967E+01,  0.54224157E+01,  0.60677633E+01,  0.67394099E+01,  0.74347658E+01,  0.81509371E+01,  0.88848858E+01,  0.96335840E+01,  0.10394132E+02,  0.11163838E+02,  0.11940284E+02,  0.12721353E+02,  0.13505248E+02,  0.14290475E+02,  0.15075822E+02,  0.15860327E+02,  0.16643244E+02,  0.17424017E+02,  0.18202244E+02,  0.18977652E+02,  0.19750072E+02,  0.20519421E+02,  0.21285675E+02,  0.22048866E+02,  0.22809061E+02,  0.23566353E+02,  0.24320856E+02,  0.25072697E+02,  0.25822008E+02,  0.26568928E+02,  0.27313589E+02,  0.28056135E+02,  0.28796696E+02,  0.29535402E+02,  0.30272383E+02,  0.31007757E+02,  0.31741644E+02,  0.32474159E+02,  0.33205414E+02,  0.33935516E+02,  0.34664570E+02,  0.35392677E+02,  0.36119942E+02,  0.36846470E+02,  0.37572353E+02,  0.38297703E+02,  0.39022614E+02,  0.39747196E+02,  0.40471550E+02,  0.41195786E+02,  0.41920013E+02,  0.42644344E+02,  0.43368896E+02,  0.44093784E+02,  0.44819141E+02,  0.45545082E+02,  0.46271740E+02,  0.46999249E+02,  0.47727745E+02,  0.48457363E+02,  0.49188251E+02,  0.49920547E+02,  0.50654400E+02,  0.51389950E+02,  0.52127361E+02,  0.52866768E+02,  0.53608318E+02,  0.54352177E+02,  0.55098465E+02,  0.55847328E+02,  0.56598923E+02,  0.57353355E+02,  0.58110752E+02,  0.58871250E+02,  0.59634926E+02,  0.60401863E+02,  0.61172157E+02,  0.61945869E+02,  0.62722992E+02,  0.63503609E+02,  0.64287514E+02,  0.65075310E+02,  0.65864479E+02,  0.66663994E+02,  0.67439735E+02,  0.68318130E+02,  0.68826225E+02
 -0.46250000E+01,  0.19770420E+02,  0.18330093E+02,  0.15954564E+02,  0.14059336E+02,  0.12248562E+02,  0.10613191E+02,  0.91150284E+01,  0.77516489E+01,  0.65120687E+01,  0.53885312E+01,  0.43732548E+01,  0.34592187E+01,  0.26398928E+01,  0.19092401E+01,  0.12616675E+01,  0.69199204E+00,  0.19540028E+00, -0.23256785E+00, -0.59605414E+00, -0.89889938E+00, -0.11446600E+01, -0.13366307E+01, -0.14778525E+01, -0.15711221E+01, -0.16190052E+01, -0.16238416E+01, -0.15877454E+01, -0.15126073E+01, -0.14000957E+01, -0.12516507E+01, -0.10684792E+01, -0.85154575E+00, -0.60156417E+00, -0.31898817E+00, -0.39991098E-02,  0.34349656E+00,  0.72386152E+00,  0.11377172E+01,  0.15858934E+01,  0.20693455E+01,  0.25890214E+01,  0.31456468E+01,  0.37394383E+01,  0.43697872E+01,  0.50350151E+01,  0.57323503E+01,  0.64581313E+01,  0.72081671E+01,  0.79781604E+01,  0.87639818E+01,  0.95617895E+01,  0.10368133E+02,  0.11180032E+02,  0.11995012E+02,  0.12811090E+02,  0.13626721E+02,  0.14440737E+02,  0.15252282E+02,  0.16060762E+02,  0.16865786E+02,  0.17667128E+02,  0.18464682E+02,  0.19258448E+02,  0.20048485E+02,  0.20834908E+02,  0.21617863E+02,  0.22397512E+02,  0.23174034E+02,  0.23947607E+02,  0.24718407E+02,  0.25486605E+02,  0.26252367E+02,  0.27015846E+02,  0.27777187E+02,  0.28536524E+02,  0.29293982E+02,  0.30049679E+02,  0.30803720E+02,  0.31556213E+02,  0.32307247E+02,  0.33056911E+02,  0.33805298E+02,  0.34552483E+02,  0.35298553E+02,  0.36043587E+02,  0.36787663E+02,  0.37530865E+02,  0.38273270E+02,  0.39014969E+02,  0.39756042E+02,  0.40496586E+02,  0.41236691E+02,  0.41976456E+02,  0.42715988E+02,  0.43455395E+02,  0.44194782E+02,  0.44934277E+02,  0.45674000E+02,  0.46414078E+02,  0.47154648E+02,  0.47895847E+02,  0.48637821E+02,  0.49380714E+02,  0.50124683E+02,  0.50869877E+02,  0.51616467E+02,  0.52364601E+02,  0.53114460E+02,  0.53866199E+02,  0.54619972E+02,  0.55375965E+02,  0.56134350E+02,  0.56895260E+02,  0.57658867E+02,  0.58425339E+02,  0.59194786E+02,  0.59967381E+02,  0.60743244E+02,  0.61522476E+02,  0.62305195E+02,  0.63091465E+02,  0.63881393E+02,  0.64674850E+02,  0.65472527E+02,  0.66271896E+02,  0.67082169E+02,  0.67868767E+02,  0.68760254E+02,  0.69276161E+02
 -0.45000000E+01,  0.15478483E+02,  0.14260754E+02,  0.12251341E+02,  0.10646272E+02,  0.91111879E+01,  0.77231345E+01,  0.64500723E+01,  0.52901998E+01,  0.42344942E+01,  0.32766504E+01,  0.24103317E+01,  0.16298317E+01,  0.92983705E+00,  0.30543447E+00, -0.24792902E+00, -0.73448467E+00, -0.11581613E+01, -0.15226096E+01, -0.18312232E+01, -0.20871532E+01, -0.22933252E+01, -0.24524474E+01, -0.25670226E+01, -0.26393526E+01, -0.26715446E+01, -0.26655138E+01, -0.26229761E+01, -0.25454550E+01, -0.24342666E+01, -0.22905090E+01, -0.21150532E+01, -0.19085205E+01, -0.16712562E+01, -0.14033080E+01, -0.11043839E+01, -0.77381736E+00, -0.41053495E+00, -0.13013120E-01,  0.42072073E+00,  0.89306104E+00,  0.14066954E+01,  0.19643023E+01,  0.25680113E+01,  0.32184422E+01,  0.39138820E+01,  0.46501908E+01,  0.54213486E+01,  0.62204084E+01,  0.70408707E+01,  0.78771062E+01,  0.87239933E+01,  0.95770540E+01,  0.10432652E+02,  0.11288033E+02,  0.12141216E+02,  0.12990833E+02,  0.13835993E+02,  0.14676158E+02,  0.15511061E+02,  0.16340637E+02,  0.17164963E+02,  0.17984221E+02,  0.18798656E+02,  0.19608553E+02,  0.20414217E+02,  0.21215954E+02,  0.22014055E+02,  0.22808809E+02,  0.23600475E+02,  0.24389290E+02,  0.25175476E+02,  0.25959223E+02,  0.26740705E+02,  0.27520073E+02,  0.28297462E+02,  0.29072990E+02,  0.29846760E+02,  0.30618860E+02,  0.31389372E+02,  0.32158367E+02,  0.32925915E+02,  0.33692066E+02,  0.34456886E+02,  0.35220425E+02,  0.35982742E+02,  0.36743889E+02,  0.37503925E+02,  0.38262909E+02,  0.39020905E+02,  0.39777985E+02,  0.40534218E+02,  0.41289688E+02,  0.42044479E+02,  0.42798687E+02,  0.43552406E+02,  0.44305744E+02,  0.45058819E+02,  0.45811745E+02,  0.46564655E+02,  0.47317688E+02,  0.48070980E+02,  0.48824684E+02,  0.49578957E+02,  0.50333958E+02,  0.51089859E+02,  0.51846828E+02,  0.52605049E+02,  0.53364700E+02,  0.54125969E+02,  0.54889038E+02,  0.55654118E+02,  0.56421375E+02,  0.57191002E+02,  0.57963223E+02,  0.58738194E+02,  0.59516094E+02,  0.60297134E+02,  0.61081463E+02,  0.61869251E+02,  0.62660667E+02,  0.63455822E+02,  0.64254906E+02,  0.65057854E+02,  0.65865395E+02,  0.66675117E+02,  0.67496452E+02,  0.68294319E+02,  0.69199593E+02,  0.69723770E+02
 -0.43750000E+01,  0.10448505E+02,  0.94915276E+01,  0.79103975E+01,  0.66439300E+01,  0.54303699E+01,  0.43306861E+01,  0.33202455E+01,  0.23981001E+01,  0.15576011E+01,  0.79418892E+00,  0.10323826E+00, -0.51941478E+00, -0.10776684E+01, -0.15751358E+01, -0.20151839E+01, -0.24009538E+01, -0.27353780E+01, -0.30211935E+01, -0.32609568E+01, -0.34570565E+01, -0.36117156E+01, -0.37270055E+01, -0.38048451E+01, -0.38470063E+01, -0.38551140E+01, -0.38306422E+01, -0.37749109E+01, -0.36890800E+01, -0.35741343E+01, -0.34308703E+01, -0.32598736E+01, -0.30614867E+01, -0.28357797E+01, -0.25824919E+01, -0.23009715E+01, -0.19900993E+01, -0.16481785E+01, -0.12728105E+01, -0.86073744E+00, -0.40768015E+00,  0.91819458E-01,  0.64429510E+00,  0.12570214E+01,  0.19346589E+01,  0.26756935E+01,  0.34726527E+01,  0.43138165E+01,  0.51847353E+01,  0.60752683E+01,  0.69795761E+01,  0.78908129E+01,  0.88028193E+01,  0.97111826E+01,  0.10613320E+02,  0.11507776E+02,  0.12393892E+02,  0.13271463E+02,  0.14140590E+02,  0.15001575E+02,  0.15854873E+02,  0.16701023E+02,  0.17540611E+02,  0.18374235E+02,  0.19202471E+02,  0.20025867E+02,  0.20844923E+02,  0.21660093E+02,  0.22471777E+02,  0.23280329E+02,  0.24086050E+02,  0.24889202E+02,  0.25690004E+02,  0.26488642E+02,  0.27285269E+02,  0.28080006E+02,  0.28872959E+02,  0.29664209E+02,  0.30453819E+02,  0.31241844E+02,  0.32028324E+02,  0.32813290E+02,  0.33596779E+02,  0.34378807E+02,  0.35159401E+02,  0.35938587E+02,  0.36716393E+02,  0.37492851E+02,  0.38267990E+02,  0.39041855E+02,  0.39814495E+02,  0.40585960E+02,  0.41356323E+02,  0.42125645E+02,  0.42894012E+02,  0.43661518E+02,  0.44428257E+02,  0.45194344E+02,  0.45959888E+02,  0.46725025E+02,  0.47489895E+02,  0.48254639E+02,  0.49019417E+02,  0.49784393E+02,  0.50549740E+02,  0.51315639E+02,  0.52082283E+02,  0.52849861E+02,  0.53618587E+02,  0.54388657E+02,  0.55160286E+02,  0.55933704E+02,  0.56709118E+02,  0.57486763E+02,  0.58266872E+02,  0.59049648E+02,  0.59835342E+02,  0.60624187E+02,  0.61416382E+02,  0.62212166E+02,  0.63011742E+02,  0.63815331E+02,  0.64623161E+02,  0.65435234E+02,  0.66252434E+02,  0.67072342E+02,  0.67904678E+02,  0.68713875E+02,  0.69633171E+02,  0.70165810E+02
 -0.42500000E+01,  0.48536096E+01,  0.41859531E+01,  0.30795112E+01,  0.21876016E+01,  0.13295059E+01,  0.54854345E+00, -0.17153773E+00, -0.83064044E+00, -0.14327193E+01, -0.19803616E+01, -0.24762771E+01, -0.29229233E+01, -0.33226333E+01, -0.36775997E+01, -0.39898930E+01, -0.42614727E+01, -0.44941916E+01, -0.46898060E+01, -0.48499756E+01, -0.49762712E+01, -0.50701790E+01, -0.51330953E+01, -0.51663308E+01, -0.51711111E+01, -0.51485691E+01, -0.50997443E+01, -0.50255709E+01, -0.49268742E+01, -0.48043532E+01, -0.46585631E+01, -0.44898896E+01, -0.42985196E+01, -0.40843959E+01, -0.38471582E+01, -0.35860598E+01, -0.32998595E+01, -0.29866631E+01, -0.26437037E+01, -0.22669733E+01, -0.18508167E+01, -0.13866098E+01, -0.86277026E+00, -0.25532374E+00,  0.45658538E+00,  0.12706943E+01,  0.21701038E+01,  0.31320157E+01,  0.41101675E+01,  0.50909772E+01,  0.60868397E+01,  0.70833130E+01,  0.80689383E+01,  0.90383072E+01,  0.99915085E+01,  0.10928757E+02,  0.11851322E+02,  0.12760244E+02,  0.13656566E+02,  0.14541400E+02,  0.15415907E+02,  0.16281250E+02,  0.17138538E+02,  0.17988808E+02,  0.18832987E+02,  0.19671898E+02,  0.20506258E+02,  0.21336678E+02,  0.22163670E+02,  0.22987667E+02,  0.23809023E+02,  0.24628027E+02,  0.25444910E+02,  0.26259848E+02,  0.27072983E+02,  0.27884415E+02,  0.28694216E+02,  0.29502434E+02,  0.30309097E+02,  0.31114222E+02,  0.31917805E+02,  0.32719845E+02,  0.33520325E+02,  0.34319237E+02,  0.35116566E+02,  0.35912300E+02,  0.36706432E+02,  0.37498966E+02,  0.38289906E+02,  0.39079266E+02,  0.39867073E+02,  0.40653358E+02,  0.41438168E+02,  0.42221558E+02,  0.43003601E+02,  0.43784370E+02,  0.44563965E+02,  0.45342487E+02,  0.46120052E+02,  0.46896793E+02,  0.47672844E+02,  0.48448364E+02,  0.49223515E+02,  0.49998470E+02,  0.50773418E+02,  0.51548553E+02,  0.52324085E+02,  0.53100224E+02,  0.53877205E+02,  0.54655247E+02,  0.55434597E+02,  0.56215519E+02,  0.56998253E+02,  0.57783054E+02,  0.58570198E+02,  0.59359962E+02,  0.60152615E+02,  0.60948429E+02,  0.61747700E+02,  0.62550697E+02,  0.63357708E+02,  0.64168991E+02,  0.64984886E+02,  0.65805504E+02,  0.66631760E+02,  0.67461349E+02,  0.68304260E+02,  0.69124443E+02,  0.70057495E+02,  0.70598480E+02
 -0.41250000E+01, -0.11095123E+01, -0.14712043E+01, -0.20758874E+01, -0.25721784E+01, -0.30548277E+01, -0.34990785E+01, -0.39122293E+01, -0.42930326E+01, -0.46425695E+01, -0.49613299E+01, -0.52499995E+01, -0.55092416E+01, -0.57397480E+01, -0.59422278E+01, -0.61174016E+01, -0.62659979E+01, -0.63887553E+01, -0.64864130E+01, -0.65597076E+01, -0.66093736E+01, -0.66361380E+01, -0.66407127E+01, -0.66237965E+01, -0.65860658E+01, -0.65281696E+01, -0.64507260E+01, -0.63543119E+01, -0.62394547E+01, -0.61066194E+01, -0.59561930E+01, -0.57884693E+01, -0.56036153E+01, -0.54016418E+01, -0.51823511E+01, -0.49452686E+01, -0.46895661E+01, -0.44138708E+01, -0.41162810E+01, -0.37934017E+01, -0.34427085E+01, -0.30522478E+01, -0.26377885E+01, -0.21048300E+01, -0.13475726E+01, -0.39912540E+00,  0.68364811E+00,  0.19271600E+01,  0.30592136E+01,  0.40870576E+01,  0.52240829E+01,  0.63446531E+01,  0.74215593E+01,  0.84505177E+01,  0.94529543E+01,  0.10427568E+02,  0.11382039E+02,  0.12317798E+02,  0.13236617E+02,  0.14140503E+02,  0.15031477E+02,  0.15911486E+02,  0.16782282E+02,  0.17645399E+02,  0.18502140E+02,  0.19353601E+02,  0.20200684E+02,  0.21044127E+02,  0.21884523E+02,  0.22722351E+02,  0.23557976E+02,  0.24391680E+02,  0.25223677E+02,  0.26054111E+02,  0.26883085E+02,  0.27710653E+02,  0.28536839E+02,  0.29361639E+02,  0.30185028E+02,  0.31006969E+02,  0.31827408E+02,  0.32646290E+02,  0.33463558E+02,  0.34279144E+02,  0.35092991E+02,  0.35905056E+02,  0.36715282E+02,  0.37523640E+02,  0.38330101E+02,  0.39134651E+02,  0.39937286E+02,  0.40738022E+02,  0.41536880E+02,  0.42333904E+02,  0.43129150E+02,  0.43922680E+02,  0.44714588E+02,  0.45504971E+02,  0.46293941E+02,  0.47081631E+02,  0.47868183E+02,  0.48653763E+02,  0.49438534E+02,  0.50222691E+02,  0.51006432E+02,  0.51789967E+02,  0.52573524E+02,  0.53357338E+02,  0.54141666E+02,  0.54926758E+02,  0.55712883E+02,  0.56500340E+02,  0.57289410E+02,  0.58080379E+02,  0.58873569E+02,  0.59669312E+02,  0.60467915E+02,  0.61269699E+02,  0.62075024E+02,  0.62884239E+02,  0.63697674E+02,  0.64515694E+02,  0.65338707E+02,  0.66166885E+02,  0.67001305E+02,  0.67839699E+02,  0.68692322E+02,  0.69522697E+02,  0.70468697E+02,  0.71017601E+02
 -0.40000000E+01, -0.72304535E+01, -0.72829304E+01, -0.73803306E+01, -0.74762774E+01, -0.75786800E+01, -0.76815443E+01, -0.77831492E+01, -0.78811002E+01, -0.79735980E+01, -0.80590410E+01, -0.81360922E+01, -0.82036190E+01, -0.82606840E+01, -0.83065119E+01, -0.83404789E+01, -0.83620949E+01, -0.83709831E+01, -0.83668737E+01, -0.83495884E+01, -0.83190327E+01, -0.82751799E+01, -0.82180719E+01, -0.81478033E+01, -0.80645161E+01, -0.79683957E+01, -0.78596587E+01, -0.77385507E+01, -0.76053381E+01, -0.74603000E+01, -0.73037210E+01, -0.71358814E+01, -0.69570498E+01, -0.67674603E+01, -0.65673056E+01, -0.63566918E+01, -0.61356378E+01, -0.59038973E+01, -0.56612997E+01, -0.54059606E+01, -0.51400533E+01, -0.48465934E+01, -0.45726409E+01, -0.41112752E+01, -0.33128710E+01, -0.23055725E+01, -0.11232297E+01,  0.18512569E+00,  0.15579432E+01,  0.29684114E+01,  0.43943410E+01,  0.58086200E+01,  0.69687486E+01,  0.79868112E+01,  0.90400171E+01,  0.10024474E+02,  0.11004650E+02,  0.11960058E+02,  0.12893452E+02,  0.13808500E+02,  0.14708398E+02,  0.15596277E+02,  0.16474621E+02,  0.17345472E+02,  0.18210443E+02,  0.19070822E+02,  0.19927608E+02,  0.20781584E+02,  0.21633341E+02,  0.22483332E+02,  0.23331879E+02,  0.24179207E+02,  0.25025467E+02,  0.25870731E+02,  0.26715031E+02,  0.27558348E+02,  0.28400631E+02,  0.29241802E+02,  0.30081768E+02,  0.30920420E+02,  0.31757637E+02,  0.32593300E+02,  0.33427292E+02,  0.34259491E+02,  0.35089787E+02,  0.35918079E+02,  0.36744278E+02,  0.37568306E+02,  0.38390099E+02,  0.39209610E+02,  0.40026806E+02,  0.40841679E+02,  0.41654232E+02,  0.42464485E+02,  0.43272480E+02,  0.44078278E+02,  0.44881954E+02,  0.45683609E+02,  0.46483353E+02,  0.47281319E+02,  0.48077656E+02,  0.48872532E+02,  0.49666126E+02,  0.50458645E+02,  0.51250301E+02,  0.52041325E+02,  0.52831963E+02,  0.53622475E+02,  0.54413139E+02,  0.55204235E+02,  0.55996075E+02,  0.56788979E+02,  0.57583256E+02,  0.58379261E+02,  0.59177353E+02,  0.59977882E+02,  0.60781219E+02,  0.61587772E+02,  0.62397938E+02,  0.63212116E+02,  0.64030739E+02,  0.64854225E+02,  0.65683075E+02,  0.66517555E+02,  0.67358856E+02,  0.68204765E+02,  0.69065819E+02,  0.69905144E+02,  0.70862694E+02,  0.71418694E+02
 -0.38750000E+01, -0.13297468E+02, -0.13051037E+02, -0.12657416E+02, -0.12364756E+02, -0.12097388E+02, -0.11867573E+02, -0.11665003E+02, -0.11486276E+02, -0.11326880E+02, -0.11183251E+02, -0.11052147E+02, -0.10930737E+02, -0.10816536E+02, -0.10707365E+02, -0.10601317E+02, -0.10496737E+02, -0.10392189E+02, -0.10286438E+02, -0.10178429E+02, -0.10067273E+02, -0.99522305E+01, -0.98326941E+01, -0.97081842E+01, -0.95783367E+01, -0.94428911E+01, -0.93016911E+01, -0.91546726E+01, -0.90018635E+01, -0.88433847E+01, -0.86794491E+01, -0.85103645E+01, -0.83365421E+01, -0.81585102E+01, -0.79769330E+01, -0.77926445E+01, -0.76066575E+01, -0.74203658E+01, -0.72351437E+01, -0.70543551E+01, -0.68766694E+01, -0.67223577E+01, -0.65375252E+01, -0.60645919E+01, -0.52363496E+01, -0.41791787E+01, -0.29381433E+01, -0.15661856E+01, -0.10545768E+00,  0.14164487E+01,  0.29782822E+01,  0.45653958E+01,  0.61043978E+01,  0.76845965E+01,  0.88284836E+01,  0.96832266E+01,  0.10736136E+02,  0.11706538E+02,  0.12639035E+02,  0.13553640E+02,  0.14450633E+02,  0.15337080E+02,  0.16215225E+02,  0.17087622E+02,  0.17955854E+02,  0.18821188E+02,  0.19684534E+02,  0.20546560E+02,  0.21407743E+02,  0.22268398E+02,  0.23128733E+02,  0.23988846E+02,  0.24848764E+02,  0.25708452E+02,  0.26567827E+02,  0.27426764E+02,  0.28285110E+02,  0.29142693E+02,  0.29999321E+02,  0.30854803E+02,  0.31708935E+02,  0.32561520E+02,  0.33412365E+02,  0.34261288E+02,  0.35108112E+02,  0.35952682E+02,  0.36794857E+02,  0.37634514E+02,  0.38471546E+02,  0.39305878E+02,  0.40137436E+02,  0.40966190E+02,  0.41792122E+02,  0.42615234E+02,  0.43435555E+02,  0.44253128E+02,  0.45068035E+02,  0.45880363E+02,  0.46690228E+02,  0.47497761E+02,  0.48303123E+02,  0.49106487E+02,  0.49908051E+02,  0.50708027E+02,  0.51506645E+02,  0.52304165E+02,  0.53100845E+02,  0.53896973E+02,  0.54692860E+02,  0.55488811E+02,  0.56285168E+02,  0.57082287E+02,  0.57880520E+02,  0.58680267E+02,  0.59481918E+02,  0.60285877E+02,  0.61092579E+02,  0.61902477E+02,  0.62716015E+02,  0.63533676E+02,  0.64355972E+02,  0.65183380E+02,  0.66016495E+02,  0.66855667E+02,  0.67702187E+02,  0.68553940E+02,  0.69421677E+02,  0.70268242E+02,  0.71235344E+02,  0.71797287E+02
 -0.37500000E+01, -0.19110264E+02, -0.18587580E+02, -0.17739136E+02, -0.17084822E+02, -0.16472353E+02, -0.15931069E+02, -0.15442959E+02, -0.15003838E+02, -0.14606812E+02, -0.14246598E+02, -0.13918254E+02, -0.13617444E+02, -0.13340285E+02, -0.13083329E+02, -0.12843512E+02, -0.12618114E+02, -0.12404731E+02, -0.12201244E+02, -0.12005795E+02, -0.11816762E+02, -0.11632741E+02, -0.11452528E+02, -0.11275111E+02, -0.11099649E+02, -0.10925469E+02, -0.10752061E+02, -0.10579065E+02, -0.10406282E+02, -0.10233674E+02, -0.10061369E+02, -0.98896809E+01, -0.97191248E+01, -0.95504599E+01, -0.93847265E+01, -0.92233419E+01, -0.90680885E+01, -0.89217043E+01, -0.87864580E+01, -0.86706142E+01, -0.85660954E+01, -0.85345497E+01, -0.83901148E+01, -0.78452077E+01, -0.69546208E+01, -0.58209758E+01, -0.45111465E+01, -0.31011891E+01, -0.16429397E+01, -0.15951370E+00,  0.13497485E+01,  0.28965254E+01,  0.44854321E+01,  0.61074662E+01,  0.76964931E+01,  0.92070866E+01,  0.10642591E+02,  0.11648778E+02,  0.12462135E+02,  0.13387065E+02,  0.14252390E+02,  0.15129848E+02,  0.15998097E+02,  0.16866062E+02,  0.17732677E+02,  0.18599390E+02,  0.19466572E+02,  0.20334633E+02,  0.21203766E+02,  0.22074053E+02,  0.22945486E+02,  0.23817974E+02,  0.24691364E+02,  0.25565466E+02,  0.26440041E+02,  0.27314827E+02,  0.28189543E+02,  0.29063894E+02,  0.29937576E+02,  0.30810289E+02,  0.31681736E+02,  0.32551624E+02,  0.33419678E+02,  0.34285633E+02,  0.35149254E+02,  0.36010311E+02,  0.36868614E+02,  0.37723984E+02,  0.38576275E+02,  0.39425369E+02,  0.40271172E+02,  0.41113613E+02,  0.41952652E+02,  0.42788284E+02,  0.43620518E+02,  0.44449394E+02,  0.45274979E+02,  0.46097363E+02,  0.46916668E+02,  0.47733028E+02,  0.48546608E+02,  0.49357601E+02,  0.50166206E+02,  0.50972664E+02,  0.51777218E+02,  0.52580147E+02,  0.53381737E+02,  0.54182304E+02,  0.54982178E+02,  0.55781708E+02,  0.56581264E+02,  0.57381229E+02,  0.58182022E+02,  0.58984039E+02,  0.59787754E+02,  0.60593613E+02,  0.61402081E+02,  0.62213680E+02,  0.63028931E+02,  0.63848362E+02,  0.64672531E+02,  0.65502037E+02,  0.66337517E+02,  0.67179428E+02,  0.68029167E+02,  0.68884682E+02,  0.69756935E+02,  0.70608559E+02,  0.71582642E+02,  0.72148987E+02
 -0.36250000E+01, -0.24490911E+02, -0.23724693E+02, -0.22474052E+02, -0.21497885E+02, -0.20577122E+02, -0.19756426E+02, -0.19011276E+02, -0.18336990E+02, -0.17724731E+02, -0.17167807E+02, -0.16659874E+02, -0.16195324E+02, -0.15769099E+02, -0.15376664E+02, -0.15013961E+02, -0.14677348E+02, -0.14363581E+02, -0.14069766E+02, -0.13793337E+02, -0.13532025E+02, -0.13283838E+02, -0.13047038E+02, -0.12820128E+02, -0.12601839E+02, -0.12391114E+02, -0.12187109E+02, -0.11989182E+02, -0.11796898E+02, -0.11610041E+02, -0.11428609E+02, -0.11252853E+02, -0.11083292E+02, -0.10920754E+02, -0.10766427E+02, -0.10621982E+02, -0.10489471E+02, -0.10372231E+02, -0.10272288E+02, -0.10201077E+02, -0.10141162E+02, -0.10191874E+02, -0.10031146E+02, -0.93591003E+01, -0.83498087E+01, -0.70839696E+01, -0.56783128E+01, -0.42363615E+01, -0.28213272E+01, -0.14501398E+01, -0.10649810E+00,  0.12426862E+01,  0.26359258E+01,  0.41091838E+01,  0.56866536E+01,  0.73638215E+01,  0.90992298E+01,  0.10757717E+02,  0.12332008E+02,  0.13341540E+02,  0.14064676E+02,  0.14969425E+02,  0.15806301E+02,  0.16670456E+02,  0.17530758E+02,  0.18397005E+02,  0.19266317E+02,  0.20139420E+02,  0.21015894E+02,  0.21895559E+02,  0.22778103E+02,  0.23663191E+02,  0.24550451E+02,  0.25439486E+02,  0.26329880E+02,  0.27221205E+02,  0.28113022E+02,  0.29004894E+02,  0.29896387E+02,  0.30787073E+02,  0.31676540E+02,  0.32564396E+02,  0.33450264E+02,  0.34333801E+02,  0.35214684E+02,  0.36092621E+02,  0.36967358E+02,  0.37838665E+02,  0.38706348E+02,  0.39570248E+02,  0.40430241E+02,  0.41286232E+02,  0.42138157E+02,  0.42985996E+02,  0.43829742E+02,  0.44669437E+02,  0.45505142E+02,  0.46336948E+02,  0.47164974E+02,  0.47989376E+02,  0.48810318E+02,  0.49628006E+02,  0.50442669E+02,  0.51254547E+02,  0.52063919E+02,  0.52871078E+02,  0.53676342E+02,  0.54480057E+02,  0.55282574E+02,  0.56084282E+02,  0.56885574E+02,  0.57686893E+02,  0.58488663E+02,  0.59291355E+02,  0.60095470E+02,  0.60901489E+02,  0.61709957E+02,  0.62521442E+02,  0.63336487E+02,  0.64155708E+02,  0.64979744E+02,  0.65809235E+02,  0.66644905E+02,  0.67487282E+02,  0.68337875E+02,  0.69194702E+02,  0.70068871E+02,  0.70922935E+02,  0.71900879E+02,  0.72469780E+02
 -0.35000000E+01, -0.29291269E+02, -0.28321465E+02, -0.26733313E+02, -0.25484911E+02, -0.24302149E+02, -0.23242771E+02, -0.22277107E+02, -0.21400274E+02, -0.20601971E+02, -0.19874458E+02, -0.19210320E+02, -0.18602959E+02, -0.18046387E+02, -0.17535208E+02, -0.17064554E+02, -0.16630045E+02, -0.16227741E+02, -0.15854110E+02, -0.15505995E+02, -0.15180582E+02, -0.14875381E+02, -0.14588196E+02, -0.14317111E+02, -0.14060475E+02, -0.13816891E+02, -0.13585199E+02, -0.13364488E+02, -0.13154078E+02, -0.12953539E+02, -0.12762696E+02, -0.12581645E+02, -0.12410777E+02, -0.12250824E+02, -0.12102875E+02, -0.11968504E+02, -0.11849586E+02, -0.11749287E+02, -0.11668623E+02, -0.11619506E+02, -0.11575642E+02, -0.11654122E+02, -0.11418902E+02, -0.10573493E+02, -0.93965654E+01, -0.79721689E+01, -0.64743280E+01, -0.50269656E+01, -0.36877983E+01, -0.24429247E+01, -0.12529310E+01, -0.83131105E-01,  0.10954919E+01,  0.23119650E+01,  0.36036029E+01,  0.50227666E+01,  0.66188993E+01,  0.83935032E+01,  0.10288338E+02,  0.12110186E+02,  0.13859386E+02,  0.14908727E+02,  0.15584170E+02,  0.16498577E+02,  0.17332693E+02,  0.18204342E+02,  0.19074066E+02,  0.19953121E+02,  0.20837387E+02,  0.21727247E+02,  0.22621805E+02,  0.23520523E+02,  0.24422762E+02,  0.25327906E+02,  0.26235332E+02,  0.27144428E+02,  0.28054583E+02,  0.28965191E+02,  0.29875673E+02,  0.30785460E+02,  0.31694014E+02,  0.32600822E+02,  0.33505402E+02,  0.34407318E+02,  0.35306160E+02,  0.36201565E+02,  0.37093208E+02,  0.37980812E+02,  0.38864132E+02,  0.39742977E+02,  0.40617184E+02,  0.41486641E+02,  0.42351261E+02,  0.43211010E+02,  0.44065880E+02,  0.44915901E+02,  0.45761143E+02,  0.46601696E+02,  0.47437687E+02,  0.48269283E+02,  0.49096668E+02,  0.49920055E+02,  0.50739693E+02,  0.51555851E+02,  0.52368828E+02,  0.53178940E+02,  0.53986538E+02,  0.54791985E+02,  0.55595676E+02,  0.56398029E+02,  0.57199482E+02,  0.58000492E+02,  0.58801537E+02,  0.59603134E+02,  0.60405807E+02,  0.61210102E+02,  0.62016602E+02,  0.62825912E+02,  0.63638664E+02,  0.64455505E+02,  0.65277130E+02,  0.66104240E+02,  0.66937637E+02,  0.67777931E+02,  0.68626686E+02,  0.69482025E+02,  0.70355141E+02,  0.71208633E+02,  0.72186798E+02,  0.72756104E+02
 -0.33750000E+01, -0.33396423E+02, -0.32267406E+02, -0.30414080E+02, -0.28949734E+02, -0.27557934E+02, -0.26306904E+02, -0.25163240E+02, -0.24122101E+02, -0.23172213E+02, -0.22305151E+02, -0.21512758E+02, -0.20787748E+02, -0.20123474E+02, -0.19513912E+02, -0.18953602E+02, -0.18437603E+02, -0.17961454E+02, -0.17521137E+02, -0.17113031E+02, -0.16733902E+02, -0.16380859E+02, -0.16051332E+02, -0.15743070E+02, -0.15454091E+02, -0.15182703E+02, -0.14927471E+02, -0.14687217E+02, -0.14461020E+02, -0.14248215E+02, -0.14048398E+02, -0.13861443E+02, -0.13687512E+02, -0.13527092E+02, -0.13381016E+02, -0.13250507E+02, -0.13137240E+02, -0.13043367E+02, -0.12971697E+02, -0.12925413E+02, -0.12909663E+02, -0.12926709E+02, -0.12529392E+02, -0.11517028E+02, -0.10158759E+02, -0.86052313E+01, -0.70790777E+01, -0.57060637E+01, -0.44783025E+01, -0.33369424E+01, -0.22471514E+01, -0.11836761E+01, -0.12432376E+00,  0.95163810E+00,  0.20649872E+01,  0.32376349E+01,  0.44933114E+01,  0.58655128E+01,  0.74371409E+01,  0.92764406E+01,  0.11338181E+02,  0.13354568E+02,  0.15307988E+02,  0.16425003E+02,  0.17079891E+02,  0.18025150E+02,  0.18874443E+02,  0.19768639E+02,  0.20660490E+02,  0.21563105E+02,  0.22471426E+02,  0.23385742E+02,  0.24304853E+02,  0.25228006E+02,  0.26154345E+02,  0.27083057E+02,  0.28013346E+02,  0.28944431E+02,  0.29875561E+02,  0.30806017E+02,  0.31735115E+02,  0.32662216E+02,  0.33586723E+02,  0.34508091E+02,  0.35425827E+02,  0.36339485E+02,  0.37248680E+02,  0.38153080E+02,  0.39052399E+02,  0.39946404E+02,  0.40834911E+02,  0.41717785E+02,  0.42594933E+02,  0.43466305E+02,  0.44331890E+02,  0.45191730E+02,  0.46045883E+02,  0.46894463E+02,  0.47737606E+02,  0.48575485E+02,  0.49408310E+02,  0.50236317E+02,  0.51059772E+02,  0.51878967E+02,  0.52694229E+02,  0.53505905E+02,  0.54314373E+02,  0.55120029E+02,  0.55923302E+02,  0.56724636E+02,  0.57524517E+02,  0.58323425E+02,  0.59121895E+02,  0.59920464E+02,  0.60719707E+02,  0.61520214E+02,  0.62322601E+02,  0.63127541E+02,  0.63935680E+02,  0.64747734E+02,  0.65564468E+02,  0.66386612E+02,  0.67215042E+02,  0.68050415E+02,  0.68894371E+02,  0.69745102E+02,  0.70613853E+02,  0.71463425E+02,  0.72437759E+02,  0.73005035E+02
 -0.32500000E+01, -0.36724747E+02, -0.35482948E+02, -0.33440628E+02, -0.31820436E+02, -0.30276590E+02, -0.28884962E+02, -0.27609774E+02, -0.26446413E+02, -0.25383085E+02, -0.24411016E+02, -0.23521641E+02, -0.22707279E+02, -0.21960882E+02, -0.21276041E+02, -0.20646923E+02, -0.20068230E+02, -0.19535152E+02, -0.19043339E+02, -0.18588860E+02, -0.18168175E+02, -0.17778105E+02, -0.17415813E+02, -0.17078777E+02, -0.16764772E+02, -0.16471861E+02, -0.16198364E+02, -0.15942877E+02, -0.15704236E+02, -0.15481538E+02, -0.15274124E+02, -0.15081594E+02, -0.14903814E+02, -0.14740920E+02, -0.14593366E+02, -0.14461863E+02, -0.14347714E+02, -0.14251752E+02, -0.14178514E+02, -0.14120916E+02, -0.14117702E+02, -0.14039209E+02, -0.13447214E+02, -0.12260930E+02, -0.10742061E+02, -0.91285925E+01, -0.76697311E+01, -0.64092965E+01, -0.52683992E+01, -0.42064686E+01, -0.31944051E+01, -0.22044854E+01, -0.12159946E+01, -0.21412072E+00,  0.81224006E+00,  0.18727082E+01,  0.29780166E+01,  0.41446004E+01,  0.53999591E+01,  0.67738318E+01,  0.83106003E+01,  0.10143312E+02,  0.12344173E+02,  0.14572369E+02,  0.16752934E+02,  0.17956078E+02,  0.18605829E+02,  0.19596004E+02,  0.20472082E+02,  0.21398874E+02,  0.22321384E+02,  0.23254826E+02,  0.24193335E+02,  0.25137207E+02,  0.26085020E+02,  0.27035860E+02,  0.27988697E+02,  0.28942570E+02,  0.29896538E+02,  0.30849712E+02,  0.31801252E+02,  0.32750374E+02,  0.33696354E+02,  0.34638538E+02,  0.35576340E+02,  0.36509243E+02,  0.37436798E+02,  0.38358620E+02,  0.39274384E+02,  0.40183838E+02,  0.41086769E+02,  0.41983040E+02,  0.42872543E+02,  0.43755234E+02,  0.44631107E+02,  0.45500202E+02,  0.46362598E+02,  0.47218418E+02,  0.48067818E+02,  0.48910995E+02,  0.49748177E+02,  0.50579620E+02,  0.51405621E+02,  0.52226505E+02,  0.53042622E+02,  0.53854355E+02,  0.54662106E+02,  0.55466316E+02,  0.56267445E+02,  0.57065971E+02,  0.57862404E+02,  0.58657288E+02,  0.59451172E+02,  0.60244640E+02,  0.61038303E+02,  0.61832794E+02,  0.62628777E+02,  0.63426945E+02,  0.64228012E+02,  0.65032722E+02,  0.65841858E+02,  0.66656258E+02,  0.67476799E+02,  0.68304199E+02,  0.69140152E+02,  0.69982910E+02,  0.70843719E+02,  0.71685722E+02,  0.72651817E+02,  0.73214432E+02
 -0.31250000E+01, -0.39225807E+02, -0.37917965E+02, -0.35763771E+02, -0.34049286E+02, -0.32412159E+02, -0.30932980E+02, -0.29574846E+02, -0.28333502E+02, -0.27197039E+02, -0.26156633E+02, -0.25203617E+02, -0.24330187E+02, -0.23529158E+02, -0.22793968E+02, -0.22118629E+02, -0.21497677E+02, -0.20926136E+02, -0.20399487E+02, -0.19913628E+02, -0.19464849E+02, -0.19049809E+02, -0.18665491E+02, -0.18309206E+02, -0.17978554E+02, -0.17671417E+02, -0.17385933E+02, -0.17120499E+02, -0.16873745E+02, -0.16644537E+02, -0.16431963E+02, -0.16235332E+02, -0.16054178E+02, -0.15888238E+02, -0.15737508E+02, -0.15602078E+02, -0.15482759E+02, -0.15378864E+02, -0.15296576E+02, -0.15218017E+02, -0.15217092E+02, -0.15027517E+02, -0.14223154E+02, -0.12869240E+02, -0.11236201E+02, -0.96614065E+01, -0.83266068E+01, -0.71655903E+01, -0.61130190E+01, -0.51338539E+01, -0.41875162E+01, -0.32484767E+01, -0.23001590E+01, -0.13318589E+01, -0.33709490E+00,  0.68787378E+00,  0.17459265E+01,  0.28408263E+01,  0.39786005E+01,  0.51681299E+01,  0.64263587E+01,  0.77977428E+01,  0.93272123E+01,  0.11113421E+02,  0.13376218E+02,  0.15819420E+02,  0.18251837E+02,  0.19553185E+02,  0.20206400E+02,  0.21250328E+02,  0.22160305E+02,  0.23126020E+02,  0.24084583E+02,  0.25053389E+02,  0.26025755E+02,  0.27001989E+02,  0.27980442E+02,  0.28960045E+02,  0.29939623E+02,  0.30918098E+02,  0.31894447E+02,  0.32867733E+02,  0.33837090E+02,  0.34801750E+02,  0.35761040E+02,  0.36714359E+02,  0.37661217E+02,  0.38601181E+02,  0.39533913E+02,  0.40459133E+02,  0.41376633E+02,  0.42286263E+02,  0.43187931E+02,  0.44081593E+02,  0.44967262E+02,  0.45844994E+02,  0.46714882E+02,  0.47577076E+02,  0.48431751E+02,  0.49279129E+02,  0.50119469E+02,  0.50953056E+02,  0.51780224E+02,  0.52601322E+02,  0.53416737E+02,  0.54226887E+02,  0.55032211E+02,  0.55833187E+02,  0.56630302E+02,  0.57424084E+02,  0.58215080E+02,  0.59003849E+02,  0.59791012E+02,  0.60577164E+02,  0.61362953E+02,  0.62149063E+02,  0.62936192E+02,  0.63725052E+02,  0.64516396E+02,  0.65311028E+02,  0.66109756E+02,  0.66913445E+02,  0.67723000E+02,  0.68539200E+02,  0.69363762E+02,  0.70195000E+02,  0.71044067E+02,  0.71874657E+02,  0.72827827E+02,  0.73382973E+02
 -0.30000000E+01, -0.40877419E+02, -0.39549416E+02, -0.37359375E+02, -0.35611790E+02, -0.33940117E+02, -0.32426685E+02, -0.31034660E+02, -0.29760199E+02, -0.28591637E+02, -0.27520374E+02, -0.26537916E+02, -0.25636591E+02, -0.24809319E+02, -0.24049614E+02, -0.23351532E+02, -0.22709637E+02, -0.22118961E+02, -0.21574980E+02, -0.21073566E+02, -0.20610975E+02, -0.20183805E+02, -0.19788990E+02, -0.19423754E+02, -0.19085608E+02, -0.18772329E+02, -0.18481937E+02, -0.18212685E+02, -0.17963039E+02, -0.17731670E+02, -0.17517447E+02, -0.17319408E+02, -0.17136761E+02, -0.16968855E+02, -0.16815210E+02, -0.16675272E+02, -0.16549269E+02, -0.16434828E+02, -0.16339575E+02, -0.16234278E+02, -0.16228783E+02, -0.15919147E+02, -0.14892648E+02, -0.13386833E+02, -0.11723227E+02, -0.10270120E+02, -0.90687637E+01, -0.80118256E+01, -0.70577154E+01, -0.61506128E+01, -0.52579455E+01, -0.43560295E+01, -0.34294004E+01, -0.24723918E+01, -0.14842218E+01, -0.46456602E+00,  0.58746988E+00,  0.16730620E+01,  0.27925873E+01,  0.39448481E+01,  0.51284800E+01,  0.63508391E+01,  0.76311393E+01,  0.89972200E+01,  0.10519077E+02,  0.12252404E+02,  0.14506708E+02,  0.17139885E+02,  0.19850698E+02,  0.21255541E+02,  0.21917078E+02,  0.23019979E+02,  0.23968395E+02,  0.24976957E+02,  0.25974770E+02,  0.26981264E+02,  0.27988907E+02,  0.28997963E+02,  0.30006565E+02,  0.31013525E+02,  0.32017578E+02,  0.33017612E+02,  0.34012615E+02,  0.35001701E+02,  0.35984104E+02,  0.36959171E+02,  0.37926369E+02,  0.38885258E+02,  0.39835484E+02,  0.40776783E+02,  0.41708954E+02,  0.42631866E+02,  0.43545437E+02,  0.44449654E+02,  0.45344547E+02,  0.46230194E+02,  0.47106728E+02,  0.47974308E+02,  0.48833157E+02,  0.49683525E+02,  0.50525703E+02,  0.51360016E+02,  0.52186825E+02,  0.53006527E+02,  0.53819546E+02,  0.54626331E+02,  0.55427376E+02,  0.56223179E+02,  0.57014282E+02,  0.57801247E+02,  0.58584652E+02,  0.59365108E+02,  0.60143253E+02,  0.60919735E+02,  0.61695229E+02,  0.62470455E+02,  0.63246132E+02,  0.64023026E+02,  0.64801903E+02,  0.65583595E+02,  0.66368942E+02,  0.67158821E+02,  0.67954193E+02,  0.68755844E+02,  0.69565475E+02,  0.70381500E+02,  0.71214905E+02,  0.72030083E+02,  0.72965523E+02,  0.73510330E+02
 -0.28750000E+01, -0.41682941E+02, -0.40379059E+02, -0.38226688E+02, -0.36505436E+02, -0.34856422E+02, -0.33360851E+02, -0.31983025E+02, -0.30719563E+02, -0.29559372E+02, -0.28494322E+02, -0.27516338E+02, -0.26618122E+02, -0.25792923E+02, -0.25034534E+02, -0.24337255E+02, -0.23695864E+02, -0.23105566E+02, -0.22561983E+02, -0.22061106E+02, -0.21599277E+02, -0.21173170E+02, -0.20779757E+02, -0.20416281E+02, -0.20080256E+02, -0.19769430E+02, -0.19481773E+02, -0.19215464E+02, -0.18968866E+02, -0.18740519E+02, -0.18529114E+02, -0.18333488E+02, -0.18152592E+02, -0.17985451E+02, -0.17831209E+02, -0.17688766E+02, -0.17557825E+02, -0.17434423E+02, -0.17326614E+02, -0.17193935E+02, -0.17169067E+02, -0.16721375E+02, -0.15472364E+02, -0.13853076E+02, -0.12267280E+02, -0.10981900E+02, -0.99084339E+01, -0.89684677E+01, -0.80989914E+01, -0.72500114E+01, -0.63851318E+01, -0.54902687E+01, -0.45673976E+01, -0.36156023E+01, -0.26334288E+01, -0.16199507E+01, -0.57438111E+00,  0.50397658E+00,  0.16157290E+01,  0.27613163E+01,  0.39416811E+01,  0.51587849E+01,  0.64152017E+01,  0.77057438E+01,  0.90245743E+01,  0.10397450E+02,  0.11904597E+02,  0.13601165E+02,  0.15806138E+02,  0.18573996E+02,  0.21582073E+02,  0.23093018E+02,  0.23767712E+02,  0.24932867E+02,  0.25923019E+02,  0.26976383E+02,  0.28014467E+02,  0.29058451E+02,  0.30100019E+02,  0.31139412E+02,  0.32174641E+02,  0.33204502E+02,  0.34227787E+02,  0.35243500E+02,  0.36250801E+02,  0.37249020E+02,  0.38237617E+02,  0.39216175E+02,  0.40184376E+02,  0.41141983E+02,  0.42088840E+02,  0.43024845E+02,  0.43949959E+02,  0.44864193E+02,  0.45767616E+02,  0.46660339E+02,  0.47542530E+02,  0.48414387E+02,  0.49276169E+02,  0.50128166E+02,  0.50970707E+02,  0.51804169E+02,  0.52628948E+02,  0.53445488E+02,  0.54254253E+02,  0.55055748E+02,  0.55850494E+02,  0.56639050E+02,  0.57421982E+02,  0.58199905E+02,  0.58973434E+02,  0.59743221E+02,  0.60509930E+02,  0.61274258E+02,  0.62036919E+02,  0.62798626E+02,  0.63560162E+02,  0.64322311E+02,  0.65085846E+02,  0.65851646E+02,  0.66620560E+02,  0.67393456E+02,  0.68171333E+02,  0.68954987E+02,  0.69746109E+02,  0.70543175E+02,  0.71356926E+02,  0.72152649E+02,  0.73065468E+02,  0.73597023E+02
 -0.27500000E+01, -0.41669399E+02, -0.40431713E+02, -0.38386868E+02, -0.36748432E+02, -0.35176483E+02, -0.33748363E+02, -0.32430576E+02, -0.31220236E+02, -0.30107126E+02, -0.29083809E+02, -0.28142866E+02, -0.27277599E+02, -0.26481783E+02, -0.25749691E+02, -0.25076054E+02, -0.24456018E+02, -0.23885130E+02, -0.23359293E+02, -0.22874758E+02, -0.22428078E+02, -0.22016104E+02, -0.21635958E+02, -0.21285000E+02, -0.20960829E+02, -0.20661249E+02, -0.20384258E+02, -0.20128031E+02, -0.19890900E+02, -0.19671339E+02, -0.19467949E+02, -0.19279438E+02, -0.19104597E+02, -0.18942289E+02, -0.18791409E+02, -0.18650913E+02, -0.18519567E+02, -0.18396828E+02, -0.18279408E+02, -0.18173994E+02, -0.18049622E+02, -0.17376196E+02, -0.15962115E+02, -0.14323074E+02, -0.12903687E+02, -0.11796293E+02, -0.10854408E+02, -0.10017195E+02, -0.92057104E+01, -0.83744421E+01, -0.75140681E+01, -0.66273208E+01, -0.57114992E+01, -0.47660894E+01, -0.37900395E+01, -0.27824347E+01, -0.17424297E+01, -0.66929758E+00,  0.43761200E+00,  0.15789549E+01,  0.27553852E+01,  0.39675591E+01,  0.52159004E+01,  0.65003018E+01,  0.78214693E+01,  0.91835613E+01,  0.10585511E+02,  0.12006577E+02,  0.13505071E+02,  0.15183970E+02,  0.17312937E+02,  0.20171553E+02,  0.23474609E+02,  0.25094336E+02,  0.25788799E+02,  0.27016729E+02,  0.28050135E+02,  0.29147160E+02,  0.30223230E+02,  0.31300800E+02,  0.32371098E+02,  0.33434456E+02,  0.34488991E+02,  0.35533730E+02,  0.36567772E+02,  0.37590485E+02,  0.38601410E+02,  0.39600224E+02,  0.40586697E+02,  0.41560677E+02,  0.42522068E+02,  0.43470825E+02,  0.44406956E+02,  0.45330521E+02,  0.46241619E+02,  0.47140419E+02,  0.48027119E+02,  0.48901970E+02,  0.49765274E+02,  0.50617367E+02,  0.51458633E+02,  0.52289486E+02,  0.53110390E+02,  0.53921825E+02,  0.54724316E+02,  0.55518406E+02,  0.56304680E+02,  0.57083729E+02,  0.57856186E+02,  0.58622688E+02,  0.59383911E+02,  0.60140533E+02,  0.60893265E+02,  0.61642830E+02,  0.62389969E+02,  0.63135445E+02,  0.63880043E+02,  0.64624573E+02,  0.65369843E+02,  0.66116707E+02,  0.66866058E+02,  0.67618759E+02,  0.68375816E+02,  0.69137993E+02,  0.69906998E+02,  0.70681351E+02,  0.71471458E+02,  0.72243729E+02,  0.73129097E+02,  0.73644539E+02
 -0.26250000E+01, -0.40886513E+02, -0.39754227E+02, -0.37881847E+02, -0.36378548E+02, -0.34933990E+02, -0.33619167E+02, -0.32403782E+02, -0.31285511E+02, -0.30255304E+02, -0.29306635E+02, -0.28432968E+02, -0.27628393E+02, -0.26887413E+02, -0.26204956E+02, -0.25576342E+02, -0.24997250E+02, -0.24463697E+02, -0.23972012E+02, -0.23518814E+02, -0.23100986E+02, -0.22715666E+02, -0.22360214E+02, -0.22032202E+02, -0.21729397E+02, -0.21449738E+02, -0.21191328E+02, -0.20952412E+02, -0.20731359E+02, -0.20526659E+02, -0.20336884E+02, -0.20160692E+02, -0.19996801E+02, -0.19843996E+02, -0.19700983E+02, -0.19566977E+02, -0.19439505E+02, -0.19322920E+02, -0.19197439E+02, -0.19136688E+02, -0.18873913E+02, -0.17926823E+02, -0.16392492E+02, -0.14859312E+02, -0.13662352E+02, -0.12708217E+02, -0.11892420E+02, -0.11117165E+02, -0.10322514E+02, -0.94994211E+01, -0.86502228E+01, -0.77723732E+01, -0.68651948E+01, -0.59274607E+01, -0.49583287E+01, -0.39568691E+01, -0.29221735E+01, -0.18534455E+01, -0.74998170E+00,  0.38884374E+00,  0.15635277E+01,  0.27744870E+01,  0.40219979E+01,  0.53063054E+01,  0.66278381E+01,  0.79870777E+01,  0.93834333E+01,  0.10815647E+02,  0.12292540E+02,  0.13802500E+02,  0.15336444E+02,  0.17001848E+02,  0.19057259E+02,  0.21998987E+02,  0.25566875E+02,  0.27289885E+02,  0.28013369E+02,  0.29298178E+02,  0.30372810E+02,  0.31507130E+02,  0.32613865E+02,  0.33715900E+02,  0.34804707E+02,  0.35880974E+02,  0.36943371E+02,  0.37991589E+02,  0.39025387E+02,  0.40044674E+02,  0.41049400E+02,  0.42039532E+02,  0.43015064E+02,  0.43976017E+02,  0.44922443E+02,  0.45854458E+02,  0.46772205E+02,  0.47675888E+02,  0.48565765E+02,  0.49442135E+02,  0.50305351E+02,  0.51155807E+02,  0.51993946E+02,  0.52820240E+02,  0.53635212E+02,  0.54439400E+02,  0.55233387E+02,  0.56017784E+02,  0.56793217E+02,  0.57560337E+02,  0.58319828E+02,  0.59072380E+02,  0.59818703E+02,  0.60559528E+02,  0.61295597E+02,  0.62027676E+02,  0.62756523E+02,  0.63482933E+02,  0.64207726E+02,  0.64931702E+02,  0.65655693E+02,  0.66380569E+02,  0.67107201E+02,  0.67836472E+02,  0.68569382E+02,  0.69306664E+02,  0.70049965E+02,  0.70797897E+02,  0.71560493E+02,  0.72305374E+02,  0.73158607E+02,  0.73655128E+02
 -0.25000000E+01, -0.39406311E+02, -0.38414814E+02, -0.36773338E+02, -0.35451958E+02, -0.34179691E+02, -0.33018974E+02, -0.31943680E+02, -0.30952116E+02, -0.30036697E+02, -0.29192005E+02, -0.28412592E+02, -0.27693521E+02, -0.27030188E+02, -0.26418333E+02, -0.25854010E+02, -0.25333561E+02, -0.24853601E+02, -0.24410997E+02, -0.24002846E+02, -0.23626457E+02, -0.23279343E+02, -0.22959196E+02, -0.22663876E+02, -0.22391397E+02, -0.22139908E+02, -0.21907686E+02, -0.21693113E+02, -0.21494669E+02, -0.21310913E+02, -0.21140471E+02, -0.20982014E+02, -0.20834232E+02, -0.20695883E+02, -0.20565485E+02, -0.20442310E+02, -0.20322454E+02, -0.20213169E+02, -0.20078661E+02, -0.20041107E+02, -0.19628340E+02, -0.18406906E+02, -0.16847952E+02, -0.15509019E+02, -0.14527485E+02, -0.13716530E+02, -0.12978177E+02, -0.12224399E+02, -0.11441571E+02, -0.10633145E+02, -0.97963047E+01, -0.89302483E+01, -0.80337620E+01, -0.71057935E+01, -0.61452065E+01, -0.51509185E+01, -0.41218886E+01, -0.30571322E+01, -0.19558502E+01, -0.81742728E+00,  0.35855153E+00,  0.15722806E+01,  0.28238018E+01,  0.41130619E+01,  0.54399786E+01,  0.68044314E+01,  0.82061968E+01,  0.96450853E+01,  0.11121794E+02,  0.12635413E+02,  0.14184080E+02,  0.15782500E+02,  0.17388081E+02,  0.19065639E+02,  0.21070847E+02,  0.24128973E+02,  0.27909555E+02,  0.29705488E+02,  0.30472237E+02,  0.31796631E+02,  0.32905041E+02,  0.34062603E+02,  0.35185875E+02,  0.36296722E+02,  0.37388130E+02,  0.38461983E+02,  0.39518322E+02,  0.40557640E+02,  0.41580097E+02,  0.42585800E+02,  0.43574802E+02,  0.44547165E+02,  0.45502968E+02,  0.46442348E+02,  0.47365505E+02,  0.48272675E+02,  0.49164173E+02,  0.50040359E+02,  0.50901649E+02,  0.51748505E+02,  0.52581436E+02,  0.53400982E+02,  0.54207737E+02,  0.55002308E+02,  0.55785351E+02,  0.56557529E+02,  0.57319550E+02,  0.58072121E+02,  0.58815975E+02,  0.59551861E+02,  0.60280540E+02,  0.61002789E+02,  0.61719387E+02,  0.62431126E+02,  0.63138817E+02,  0.63843262E+02,  0.64545280E+02,  0.65245720E+02,  0.65945419E+02,  0.66645210E+02,  0.67345993E+02,  0.68048637E+02,  0.68754082E+02,  0.69463097E+02,  0.70177223E+02,  0.70895164E+02,  0.71626488E+02,  0.72340225E+02,  0.73156891E+02,  0.73631874E+02
 -0.23750000E+01, -0.37322571E+02, -0.36502182E+02, -0.35141502E+02, -0.34041733E+02, -0.32979759E+02, -0.32007629E+02, -0.31104250E+02, -0.30268663E+02, -0.29495001E+02, -0.28779139E+02, -0.28116888E+02, -0.27504444E+02, -0.26938238E+02, -0.26414949E+02, -0.25931484E+02, -0.25484961E+02, -0.25072689E+02, -0.24692169E+02, -0.24341059E+02, -0.24017181E+02, -0.23718502E+02, -0.23443113E+02, -0.23189236E+02, -0.22955191E+02, -0.22739408E+02, -0.22540394E+02, -0.22356731E+02, -0.22187075E+02, -0.22030117E+02, -0.21884592E+02, -0.21749260E+02, -0.21622883E+02, -0.21504225E+02, -0.21391960E+02, -0.21284910E+02, -0.21180920E+02, -0.21080591E+02, -0.20972088E+02, -0.20884272E+02, -0.20248711E+02, -0.18821260E+02, -0.17380648E+02, -0.16304352E+02, -0.15486246E+02, -0.14780794E+02, -0.14073366E+02, -0.13334270E+02, -0.12570838E+02, -0.11779031E+02, -0.10958272E+02, -0.10107219E+02, -0.92246923E+01, -0.83094034E+01, -0.73598871E+01, -0.63745937E+01, -0.53520985E+01, -0.42912626E+01, -0.31912186E+01, -0.20513301E+01, -0.87119424E+00,  0.34929842E+00,  0.16100078E+01,  0.29105432E+01,  0.42502785E+01,  0.56283784E+01,  0.70439296E+01,  0.84962854E+01,  0.99851847E+01,  0.11510583E+02,  0.13071905E+02,  0.14670263E+02,  0.16300327E+02,  0.17974951E+02,  0.19671200E+02,  0.21403290E+02,  0.23385328E+02,  0.26637419E+02,  0.30556490E+02,  0.32352283E+02,  0.33185310E+02,  0.34514702E+02,  0.35641979E+02,  0.36798588E+02,  0.37915012E+02,  0.39012699E+02,  0.40089424E+02,  0.41147415E+02,  0.42186577E+02,  0.43207008E+02,  0.44208637E+02,  0.45191471E+02,  0.46155563E+02,  0.47101055E+02,  0.48028164E+02,  0.48937199E+02,  0.49828518E+02,  0.50702564E+02,  0.51559822E+02,  0.52400837E+02,  0.53226200E+02,  0.54036537E+02,  0.54832520E+02,  0.55614841E+02,  0.56384235E+02,  0.57141445E+02,  0.57887245E+02,  0.58622421E+02,  0.59347767E+02,  0.60064091E+02,  0.60772213E+02,  0.61472950E+02,  0.62167130E+02,  0.62855579E+02,  0.63539135E+02,  0.64218628E+02,  0.64894890E+02,  0.65568779E+02,  0.66241119E+02,  0.66912773E+02,  0.67584602E+02,  0.68257454E+02,  0.68932243E+02,  0.69609711E+02,  0.70291351E+02,  0.70975868E+02,  0.71672371E+02,  0.72351456E+02,  0.73127396E+02,  0.73578392E+02
 -0.22500000E+01, -0.34749180E+02, -0.34123684E+02, -0.33082848E+02, -0.32235657E+02, -0.31413616E+02, -0.30656971E+02, -0.29950380E+02, -0.29293703E+02, -0.28682991E+02, -0.28115568E+02, -0.27588633E+02, -0.27099628E+02, -0.26646128E+02, -0.26225847E+02, -0.25836630E+02, -0.25476450E+02, -0.25143391E+02, -0.24835648E+02, -0.24551517E+02, -0.24289389E+02, -0.24047735E+02, -0.23825115E+02, -0.23620155E+02, -0.23431545E+02, -0.23258036E+02, -0.23098421E+02, -0.22951540E+02, -0.22816257E+02, -0.22691463E+02, -0.22576057E+02, -0.22468939E+02, -0.22369028E+02, -0.22275101E+02, -0.22186428E+02, -0.22100464E+02, -0.22021885E+02, -0.21929972E+02, -0.21903830E+02, -0.21664589E+02, -0.20697325E+02, -0.19251684E+02, -0.18034477E+02, -0.17198261E+02, -0.16516451E+02, -0.15860291E+02, -0.15169582E+02, -0.14455884E+02, -0.13713857E+02, -0.12943256E+02, -0.12142678E+02, -0.11310922E+02, -0.10446339E+02, -0.95468130E+01, -0.86102009E+01, -0.76347079E+01, -0.66189375E+01, -0.55620246E+01, -0.44632154E+01, -0.33215630E+01, -0.21364176E+01, -0.90759617E+00,  0.36475456E+00,  0.16802531E+01,  0.30382154E+01,  0.44376631E+01,  0.58775263E+01,  0.73563309E+01,  0.88721762E+01,  0.10423169E+02,  0.12007480E+02,  0.13624584E+02,  0.15275347E+02,  0.16960878E+02,  0.18679291E+02,  0.20433714E+02,  0.22223934E+02,  0.24029484E+02,  0.26042995E+02,  0.29618210E+02,  0.33551331E+02,  0.35214249E+02,  0.36147240E+02,  0.37427502E+02,  0.38537128E+02,  0.39653854E+02,  0.40745605E+02,  0.41821011E+02,  0.42876030E+02,  0.43910629E+02,  0.44924202E+02,  0.45916615E+02,  0.46887840E+02,  0.47838017E+02,  0.48767418E+02,  0.49676414E+02,  0.50565468E+02,  0.51435101E+02,  0.52285908E+02,  0.53118523E+02,  0.53933640E+02,  0.54731987E+02,  0.55514328E+02,  0.56281464E+02,  0.57034210E+02,  0.57773415E+02,  0.58499928E+02,  0.59214619E+02,  0.59918358E+02,  0.60612022E+02,  0.61296482E+02,  0.61972622E+02,  0.62641300E+02,  0.63303391E+02,  0.63959751E+02,  0.64611244E+02,  0.65258713E+02,  0.65903000E+02,  0.66544968E+02,  0.67185440E+02,  0.67825264E+02,  0.68465263E+02,  0.69106323E+02,  0.69749130E+02,  0.70395081E+02,  0.71043007E+02,  0.71701385E+02,  0.72342552E+02,  0.73073997E+02,  0.73498802E+02
 -0.21250000E+01, -0.31816633E+02, -0.31401857E+02, -0.30706917E+02, -0.30133060E+02, -0.29570936E+02, -0.29048054E+02, -0.28555283E+02, -0.28093346E+02, -0.27660351E+02, -0.27255142E+02, -0.26876396E+02, -0.26522867E+02, -0.26193327E+02, -0.25886581E+02, -0.25601471E+02, -0.25336863E+02, -0.25091663E+02, -0.24864807E+02, -0.24655262E+02, -0.24462025E+02, -0.24284124E+02, -0.24120611E+02, -0.23970560E+02, -0.23833063E+02, -0.23707232E+02, -0.23592184E+02, -0.23487043E+02, -0.23390940E+02, -0.23302988E+02, -0.23222298E+02, -0.23147942E+02, -0.23079010E+02, -0.23014296E+02, -0.22953356E+02, -0.22892183E+02, -0.22838556E+02, -0.22752684E+02, -0.22763453E+02, -0.22347570E+02, -0.21089010E+02, -0.19776085E+02, -0.18853643E+02, -0.18181488E+02, -0.17574333E+02, -0.16939001E+02, -0.16279392E+02, -0.15592226E+02, -0.14876839E+02, -0.14132022E+02, -0.13356480E+02, -0.12547939E+02, -0.11703625E+02, -0.10820949E+02, -0.98983421E+01, -0.89341145E+01, -0.79262762E+01, -0.68750725E+01, -0.57794390E+01, -0.46366282E+01, -0.34460402E+01, -0.22078562E+01, -0.92212009E+00,  0.41093689E+00,  0.17906554E+01,  0.32160044E+01,  0.46855111E+01,  0.61967835E+01,  0.77473688E+01,  0.93376017E+01,  0.10965172E+02,  0.12625721E+02,  0.14316179E+02,  0.16033321E+02,  0.17777777E+02,  0.19553532E+02,  0.21363255E+02,  0.23202663E+02,  0.25090549E+02,  0.26964445E+02,  0.29140301E+02,  0.33156582E+02,  0.36895172E+02,  0.38289406E+02,  0.39258068E+02,  0.40374733E+02,  0.41485569E+02,  0.42582317E+02,  0.43655025E+02,  0.44704441E+02,  0.45729855E+02,  0.46731140E+02,  0.47708279E+02,  0.48661495E+02,  0.49591206E+02,  0.50497917E+02,  0.51382236E+02,  0.52244812E+02,  0.53086353E+02,  0.53907627E+02,  0.54709438E+02,  0.55492634E+02,  0.56258099E+02,  0.57006748E+02,  0.57739521E+02,  0.58457355E+02,  0.59161213E+02,  0.59852058E+02,  0.60530842E+02,  0.61198521E+02,  0.61856030E+02,  0.62504303E+02,  0.63144264E+02,  0.63776810E+02,  0.64402840E+02,  0.65023216E+02,  0.65638824E+02,  0.66250496E+02,  0.66859070E+02,  0.67465378E+02,  0.68070236E+02,  0.68674423E+02,  0.69278801E+02,  0.69884010E+02,  0.70491348E+02,  0.71099686E+02,  0.71716942E+02,  0.72317261E+02,  0.73000832E+02,  0.73397484E+02
 -0.20000000E+01, -0.28666346E+02, -0.28469141E+02, -0.28131588E+02, -0.27840631E+02, -0.27547909E+02, -0.27267765E+02, -0.26997442E+02, -0.26738512E+02, -0.26491167E+02, -0.26255775E+02, -0.26032501E+02, -0.25821421E+02, -0.25622520E+02, -0.25435699E+02, -0.25260799E+02, -0.25097605E+02, -0.24945843E+02, -0.24805210E+02, -0.24675358E+02, -0.24555910E+02, -0.24446459E+02, -0.24346567E+02, -0.24255777E+02, -0.24173607E+02, -0.24099543E+02, -0.24033051E+02, -0.23973568E+02, -0.23920504E+02, -0.23873240E+02, -0.23831116E+02, -0.23793467E+02, -0.23759535E+02, -0.23728739E+02, -0.23699820E+02, -0.23674210E+02, -0.23644053E+02, -0.23638504E+02, -0.23554932E+02, -0.22823866E+02, -0.21510880E+02, -0.20444088E+02, -0.19768032E+02, -0.19204643E+02, -0.18633835E+02, -0.18031803E+02, -0.17404554E+02, -0.16749207E+02, -0.16065271E+02, -0.15351131E+02, -0.14603987E+02, -0.13820381E+02, -0.12998361E+02, -0.12135091E+02, -0.11230339E+02, -0.10281980E+02, -0.92860384E+01, -0.82424450E+01, -0.71496725E+01, -0.60062656E+01, -0.48111043E+01, -0.35633066E+01, -0.22625232E+01, -0.90898800E+00,  0.49642736E+00,  0.19523093E+01,  0.34567671E+01,  0.50075831E+01,  0.66026406E+01,  0.82402248E+01,  0.99178381E+01,  0.11632344E+02,  0.13376954E+02,  0.15150770E+02,  0.16953279E+02,  0.18777786E+02,  0.20621344E+02,  0.22488230E+02,  0.24390129E+02,  0.26318104E+02,  0.28318575E+02,  0.30244656E+02,  0.32881115E+02,  0.37616032E+02,  0.40298233E+02,  0.40918930E+02,  0.42352848E+02,  0.43430660E+02,  0.44537437E+02,  0.45597969E+02,  0.46636215E+02,  0.47645275E+02,  0.48626797E+02,  0.49580864E+02,  0.50508339E+02,  0.51409977E+02,  0.52286591E+02,  0.53138985E+02,  0.53968002E+02,  0.54774540E+02,  0.55559532E+02,  0.56323975E+02,  0.57068893E+02,  0.57795345E+02,  0.58504398E+02,  0.59197136E+02,  0.59874630E+02,  0.60537952E+02,  0.61188152E+02,  0.61826275E+02,  0.62453323E+02,  0.63070301E+02,  0.63678173E+02,  0.64277885E+02,  0.64870354E+02,  0.65456482E+02,  0.66037132E+02,  0.66613152E+02,  0.67185387E+02,  0.67754616E+02,  0.68321648E+02,  0.68887222E+02,  0.69452141E+02,  0.70017006E+02,  0.70583000E+02,  0.71149078E+02,  0.71722511E+02,  0.72279388E+02,  0.72912170E+02,  0.73278969E+02
 -0.18750000E+01, -0.25443134E+02, -0.25461052E+02, -0.25477369E+02, -0.25467411E+02, -0.25442869E+02, -0.25404995E+02, -0.25357233E+02, -0.25301918E+02, -0.25241236E+02, -0.25177019E+02, -0.25110851E+02, -0.25044079E+02, -0.24977852E+02, -0.24913137E+02, -0.24850742E+02, -0.24791338E+02, -0.24735462E+02, -0.24683550E+02, -0.24635925E+02, -0.24592831E+02, -0.24554415E+02, -0.24520758E+02, -0.24491867E+02, -0.24467680E+02, -0.24448074E+02, -0.24432865E+02, -0.24421808E+02, -0.24414604E+02, -0.24410900E+02, -0.24410276E+02, -0.24412315E+02, -0.24416363E+02, -0.24422434E+02, -0.24427799E+02, -0.24439739E+02, -0.24427868E+02, -0.24502306E+02, -0.24250519E+02, -0.23193678E+02, -0.22030319E+02, -0.21281624E+02, -0.20749952E+02, -0.20245432E+02, -0.19704184E+02, -0.19140844E+02, -0.18549894E+02, -0.17931450E+02, -0.17283642E+02, -0.16603134E+02, -0.15886682E+02, -0.15131080E+02, -0.14336337E+02, -0.13499149E+02, -0.12615778E+02, -0.11685988E+02, -0.10707113E+02, -0.96761122E+01, -0.85896320E+01, -0.74463410E+01, -0.62455182E+01, -0.49864430E+01, -0.36687911E+01, -0.22926726E+01, -0.85867178E+00,  0.63203889E+00,  0.21778035E+01,  0.37764869E+01,  0.54254646E+01,  0.71216302E+01,  0.88610973E+01,  0.10638977E+02,  0.12448950E+02,  0.14288218E+02,  0.16157623E+02,  0.18050449E+02,  0.19961859E+02,  0.21891220E+02,  0.23831949E+02,  0.25784357E+02,  0.27768959E+02,  0.29767387E+02,  0.31862774E+02,  0.33698380E+02,  0.37167198E+02,  0.41705654E+02,  0.43662395E+02,  0.44416405E+02,  0.45540478E+02,  0.46602177E+02,  0.47656418E+02,  0.48671909E+02,  0.49655254E+02,  0.50606701E+02,  0.51528381E+02,  0.52421402E+02,  0.53286762E+02,  0.54125336E+02,  0.54938065E+02,  0.55725948E+02,  0.56490086E+02,  0.57231640E+02,  0.57951817E+02,  0.58651852E+02,  0.59332989E+02,  0.59996460E+02,  0.60643482E+02,  0.61275257E+02,  0.61892944E+02,  0.62497669E+02,  0.63090534E+02,  0.63672592E+02,  0.64244865E+02,  0.64808342E+02,  0.65363960E+02,  0.65912643E+02,  0.66455254E+02,  0.66992638E+02,  0.67525612E+02,  0.68054955E+02,  0.68581429E+02,  0.69105736E+02,  0.69628616E+02,  0.70150612E+02,  0.70672806E+02,  0.71194229E+02,  0.71721466E+02,  0.72232666E+02,  0.72812210E+02,  0.73147751E+02
 -0.17500000E+01, -0.22286980E+02, -0.22508806E+02, -0.22861294E+02, -0.23119549E+02, -0.23351778E+02, -0.23546688E+02, -0.23713444E+02, -0.23855005E+02, -0.23975355E+02, -0.24077644E+02, -0.24164749E+02, -0.24239180E+02, -0.24303156E+02, -0.24358629E+02, -0.24407305E+02, -0.24450682E+02, -0.24490057E+02, -0.24526556E+02, -0.24561148E+02, -0.24594654E+02, -0.24627762E+02, -0.24661043E+02, -0.24694954E+02, -0.24729843E+02, -0.24765961E+02, -0.24803471E+02, -0.24842436E+02, -0.24882845E+02, -0.24924597E+02, -0.24967512E+02, -0.25011374E+02, -0.25055792E+02, -0.25100740E+02, -0.25144529E+02, -0.25191069E+02, -0.25221111E+02, -0.25293779E+02, -0.24789753E+02, -0.23618719E+02, -0.22717972E+02, -0.22201977E+02, -0.21757473E+02, -0.21285780E+02, -0.20789965E+02, -0.20267847E+02, -0.19718990E+02, -0.19141960E+02, -0.18533203E+02, -0.17889366E+02, -0.17208288E+02, -0.16487734E+02, -0.15725066E+02, -0.14918053E+02, -0.14064209E+02, -0.13158255E+02, -0.12196248E+02, -0.11176532E+02, -0.10096890E+02, -0.89555264E+01, -0.77509880E+01, -0.64821796E+01, -0.51484013E+01, -0.37494223E+01, -0.22855756E+01, -0.75780869E+00,  0.83230633E+00,  0.24825788E+01,  0.41901016E+01,  0.59512997E+01,  0.77618613E+01,  0.96168003E+01,  0.11510660E+02,  0.13437960E+02,  0.15393008E+02,  0.17367855E+02,  0.19354710E+02,  0.21357204E+02,  0.23370140E+02,  0.25388712E+02,  0.27411018E+02,  0.29433117E+02,  0.31474506E+02,  0.33547569E+02,  0.35666912E+02,  0.37732449E+02,  0.42602177E+02,  0.45894169E+02,  0.46307560E+02,  0.47776299E+02,  0.48794029E+02,  0.49834869E+02,  0.50806717E+02,  0.51750278E+02,  0.52660622E+02,  0.53540955E+02,  0.54391144E+02,  0.55211929E+02,  0.56004135E+02,  0.56768890E+02,  0.57507500E+02,  0.58221371E+02,  0.58911961E+02,  0.59580750E+02,  0.60229191E+02,  0.60858719E+02,  0.61470718E+02,  0.62066521E+02,  0.62647419E+02,  0.63214638E+02,  0.63769356E+02,  0.64312691E+02,  0.64845726E+02,  0.65369461E+02,  0.65884880E+02,  0.66392906E+02,  0.66894402E+02,  0.67390205E+02,  0.67881119E+02,  0.68367874E+02,  0.68851196E+02,  0.69331749E+02,  0.69810204E+02,  0.70287071E+02,  0.70763283E+02,  0.71237946E+02,  0.71716995E+02,  0.72180634E+02,  0.72704926E+02,  0.73008110E+02
 -0.16250000E+01, -0.19325466E+02, -0.19732506E+02, -0.20391254E+02, -0.20895409E+02, -0.21363987E+02, -0.21774134E+02, -0.22140028E+02, -0.22465057E+02, -0.22754738E+02, -0.23013334E+02, -0.23244839E+02, -0.23452766E+02, -0.23640280E+02, -0.23810186E+02, -0.23965002E+02, -0.24106955E+02, -0.24238026E+02, -0.24359972E+02, -0.24474337E+02, -0.24582478E+02, -0.24685575E+02, -0.24784657E+02, -0.24880590E+02, -0.24974115E+02, -0.25065838E+02, -0.25156237E+02, -0.25245678E+02, -0.25334415E+02, -0.25422579E+02, -0.25510233E+02, -0.25597191E+02, -0.25683800E+02, -0.25768301E+02, -0.25857548E+02, -0.25929495E+02, -0.26080381E+02, -0.25995775E+02, -0.25142981E+02, -0.24138767E+02, -0.23565472E+02, -0.23167593E+02, -0.22770676E+02, -0.22343004E+02, -0.21892763E+02, -0.21416573E+02, -0.20913937E+02, -0.20381235E+02, -0.19814709E+02, -0.19213680E+02, -0.18574488E+02, -0.17893835E+02, -0.17171175E+02, -0.16399979E+02, -0.15574731E+02, -0.14692943E+02, -0.13751562E+02, -0.12747864E+02, -0.11679193E+02, -0.10543184E+02, -0.93378143E+01, -0.80614204E+01, -0.67127752E+01, -0.52911587E+01, -0.37964942E+01, -0.22294996E+01, -0.59161818E+00,  0.11149169E+01,  0.28870420E+01,  0.47208133E+01,  0.66113629E+01,  0.85530138E+01,  0.10539479E+02,  0.12564074E+02,  0.14619621E+02,  0.16698362E+02,  0.18792332E+02,  0.20894779E+02,  0.22995106E+02,  0.25088259E+02,  0.27179062E+02,  0.29266380E+02,  0.31339405E+02,  0.33409096E+02,  0.35462036E+02,  0.37645939E+02,  0.39465599E+02,  0.42720966E+02,  0.47363022E+02,  0.49481823E+02,  0.50150295E+02,  0.51177078E+02,  0.52090916E+02,  0.53017059E+02,  0.53910881E+02,  0.54776279E+02,  0.55608364E+02,  0.56407555E+02,  0.57174568E+02,  0.57910957E+02,  0.58618465E+02,  0.59298943E+02,  0.59954243E+02,  0.60586170E+02,  0.61196465E+02,  0.61786777E+02,  0.62358685E+02,  0.62913673E+02,  0.63453159E+02,  0.63978466E+02,  0.64490852E+02,  0.64991493E+02,  0.65481514E+02,  0.65961945E+02,  0.66433777E+02,  0.66897934E+02,  0.67355278E+02,  0.67806641E+02,  0.68252762E+02,  0.68694366E+02,  0.69132133E+02,  0.69566658E+02,  0.69998535E+02,  0.70428230E+02,  0.70856567E+02,  0.71282715E+02,  0.71711899E+02,  0.72126488E+02,  0.72594002E+02,  0.72863976E+02
 -0.15000000E+01, -0.16668129E+02, -0.17235945E+02, -0.18161537E+02, -0.18881607E+02, -0.19558741E+02, -0.20159866E+02, -0.20703314E+02, -0.21192705E+02, -0.21634771E+02, -0.22034660E+02, -0.22397261E+02, -0.22726915E+02, -0.23027559E+02, -0.23302725E+02, -0.23555599E+02, -0.23789040E+02, -0.24005608E+02, -0.24207602E+02, -0.24397070E+02, -0.24575836E+02, -0.24745518E+02, -0.24907539E+02, -0.25063150E+02, -0.25213436E+02, -0.25359322E+02, -0.25501595E+02, -0.25640892E+02, -0.25777725E+02, -0.25912422E+02, -0.26045267E+02, -0.26175882E+02, -0.26305201E+02, -0.26427338E+02, -0.26557966E+02, -0.26623472E+02, -0.26861662E+02, -0.26596796E+02, -0.25568527E+02, -0.24834503E+02, -0.24469965E+02, -0.24147264E+02, -0.23790745E+02, -0.23414202E+02, -0.23013096E+02, -0.22587488E+02, -0.22134079E+02, -0.21649000E+02, -0.21131777E+02, -0.20578894E+02, -0.19987408E+02, -0.19354593E+02, -0.18672951E+02, -0.17938049E+02, -0.17146694E+02, -0.16295288E+02, -0.15380286E+02, -0.14398275E+02, -0.13345892E+02, -0.12219838E+02, -0.11017530E+02, -0.97368908E+01, -0.83758240E+01, -0.69327250E+01, -0.54068794E+01, -0.37984588E+01, -0.21086695E+01, -0.33983639E+00,  0.15046312E+01,  0.34201307E+01,  0.54010158E+01,  0.74406962E+01,  0.95318174E+01,  0.11666483E+02,  0.13836580E+02,  0.16032972E+02,  0.18245333E+02,  0.20464338E+02,  0.22681339E+02,  0.24887730E+02,  0.27075724E+02,  0.29233509E+02,  0.31368557E+02,  0.33488304E+02,  0.35578403E+02,  0.37653049E+02,  0.39729080E+02,  0.41872337E+02,  0.43917751E+02,  0.48836220E+02,  0.52260380E+02,  0.52394032E+02,  0.53488262E+02,  0.54370621E+02,  0.55281841E+02,  0.56135418E+02,  0.56950478E+02,  0.57723747E+02,  0.58459625E+02,  0.59160732E+02,  0.59829994E+02,  0.60469990E+02,  0.61083122E+02,  0.61671608E+02,  0.62237484E+02,  0.62782654E+02,  0.63308868E+02,  0.63817772E+02,  0.64310875E+02,  0.64789604E+02,  0.65255272E+02,  0.65709106E+02,  0.66152245E+02,  0.66585747E+02,  0.67010605E+02,  0.67427727E+02,  0.67837967E+02,  0.68242104E+02,  0.68640877E+02,  0.69034927E+02,  0.69424889E+02,  0.69811310E+02,  0.70194725E+02,  0.70575500E+02,  0.70954361E+02,  0.71330544E+02,  0.71708557E+02,  0.72072952E+02,  0.72482620E+02,  0.72718834E+02
 -0.13750000E+01, -0.14403258E+02, -0.15103529E+02, -0.16249929E+02, -0.17150322E+02, -0.18002676E+02, -0.18765345E+02, -0.19459877E+02, -0.20089960E+02, -0.20663210E+02, -0.21185413E+02, -0.21662134E+02, -0.22098337E+02, -0.22498554E+02, -0.22866886E+02, -0.23207047E+02, -0.23522394E+02, -0.23815962E+02, -0.24090488E+02, -0.24348434E+02, -0.24592012E+02, -0.24823202E+02, -0.25043770E+02, -0.25255289E+02, -0.25459143E+02, -0.25656549E+02, -0.25848564E+02, -0.26036098E+02, -0.26219912E+02, -0.26400658E+02, -0.26578779E+02, -0.26754982E+02, -0.26928654E+02, -0.27104343E+02, -0.27269157E+02, -0.27481737E+02, -0.27552914E+02, -0.26918377E+02, -0.26073904E+02, -0.25665844E+02, -0.25401789E+02, -0.25123745E+02, -0.24821856E+02, -0.24497927E+02, -0.24150919E+02, -0.23778799E+02, -0.23377785E+02, -0.22947308E+02, -0.22484161E+02, -0.21985922E+02, -0.21448145E+02, -0.20862875E+02, -0.20226507E+02, -0.19535128E+02, -0.18784653E+02, -0.17970955E+02, -0.17089600E+02, -0.16136507E+02, -0.15108162E+02, -0.14000484E+02, -0.12809207E+02, -0.11530566E+02, -0.10161272E+02, -0.86986952E+01, -0.71412153E+01, -0.54883161E+01, -0.37408223E+01, -0.19010570E+01,  0.27096612E-01,  0.20381811E+01,  0.41252527E+01,  0.62800789E+01,  0.84934387E+01,  0.10755373E+02,  0.13055406E+02,  0.15382729E+02,  0.17726465E+02,  0.20076347E+02,  0.22423111E+02,  0.24755077E+02,  0.27061457E+02,  0.29334208E+02,  0.31567389E+02,  0.33748177E+02,  0.35889191E+02,  0.38000736E+02,  0.40088024E+02,  0.42116859E+02,  0.44389008E+02,  0.45972828E+02,  0.50694481E+02,  0.54338074E+02,  0.54549706E+02,  0.55927265E+02,  0.56786442E+02,  0.57659393E+02,  0.58441238E+02,  0.59179371E+02,  0.59872223E+02,  0.60527554E+02,  0.61148724E+02,  0.61739231E+02,  0.62301891E+02,  0.62839260E+02,  0.63353630E+02,  0.63847080E+02,  0.64321510E+02,  0.64778664E+02,  0.65220139E+02,  0.65647415E+02,  0.66061829E+02,  0.66464645E+02,  0.66857010E+02,  0.67239975E+02,  0.67614510E+02,  0.67981506E+02,  0.68341782E+02,  0.68696075E+02,  0.69045067E+02,  0.69389366E+02,  0.69729523E+02,  0.70066017E+02,  0.70399323E+02,  0.70729721E+02,  0.71057808E+02,  0.71382904E+02,  0.71708794E+02,  0.72022240E+02,  0.72373428E+02,  0.72575577E+02
 -0.12500000E+01, -0.12597042E+02, -0.13399206E+02, -0.14716393E+02, -0.15757860E+02, -0.16748346E+02, -0.17639477E+02, -0.18455105E+02, -0.19198833E+02, -0.19878860E+02, -0.20501375E+02, -0.21072388E+02, -0.21597290E+02, -0.22081028E+02, -0.22528097E+02, -0.22942596E+02, -0.23328247E+02, -0.23688435E+02, -0.24026222E+02, -0.24344391E+02, -0.24645451E+02, -0.24931664E+02, -0.25205069E+02, -0.25467493E+02, -0.25720572E+02, -0.25965759E+02, -0.26204344E+02, -0.26437464E+02, -0.26666096E+02, -0.26891151E+02, -0.27113173E+02, -0.27333450E+02, -0.27549740E+02, -0.27771824E+02, -0.27962013E+02, -0.28253319E+02, -0.28124660E+02, -0.27325701E+02, -0.26745817E+02, -0.26534039E+02, -0.26337561E+02, -0.26109043E+02, -0.25862564E+02, -0.25594223E+02, -0.25303785E+02, -0.24987589E+02, -0.24645218E+02, -0.24273670E+02, -0.23870808E+02, -0.23431665E+02, -0.22948046E+02, -0.22416609E+02, -0.21833107E+02, -0.21193203E+02, -0.20492088E+02, -0.19725176E+02, -0.18888376E+02, -0.17976662E+02, -0.16984320E+02, -0.15905700E+02, -0.14735065E+02, -0.13466923E+02, -0.12096124E+02, -0.10618242E+02, -0.90301170E+01, -0.73301344E+01, -0.55183463E+01, -0.35968027E+01, -0.15699610E+01,  0.55537814E+00,  0.27702231E+01,  0.50637836E+01,  0.74239664E+01,  0.98379717E+01,  0.12292588E+02,  0.14774229E+02,  0.17269491E+02,  0.19765728E+02,  0.22251427E+02,  0.24715796E+02,  0.27149719E+02,  0.29544622E+02,  0.31889372E+02,  0.34175533E+02,  0.36399242E+02,  0.38552471E+02,  0.40649746E+02,  0.42716114E+02,  0.44718369E+02,  0.46812737E+02,  0.48596153E+02,  0.51592587E+02,  0.56035080E+02,  0.58103519E+02,  0.58574123E+02,  0.59423389E+02,  0.60114777E+02,  0.60792953E+02,  0.61422668E+02,  0.62017593E+02,  0.62578316E+02,  0.63108700E+02,  0.63611431E+02,  0.64089180E+02,  0.64544319E+02,  0.64979004E+02,  0.65395195E+02,  0.65794685E+02,  0.66179100E+02,  0.66549927E+02,  0.66908516E+02,  0.67256111E+02,  0.67593834E+02,  0.67922714E+02,  0.68243683E+02,  0.68557602E+02,  0.68865211E+02,  0.69167221E+02,  0.69464233E+02,  0.69756798E+02,  0.70045380E+02,  0.70330399E+02,  0.70612228E+02,  0.70891090E+02,  0.71167450E+02,  0.71440659E+02,  0.71713837E+02,  0.71975945E+02,  0.72268440E+02,  0.72436455E+02
 -0.11250000E+01, -0.11294354E+02, -0.12166898E+02, -0.13602971E+02, -0.14744273E+02, -0.15833632E+02, -0.16817911E+02, -0.17722395E+02, -0.18550510E+02, -0.19310749E+02, -0.20009487E+02, -0.20652969E+02, -0.21246819E+02, -0.21796215E+02, -0.22305887E+02, -0.22780165E+02, -0.23223000E+02, -0.23637995E+02, -0.24028435E+02, -0.24397306E+02, -0.24747326E+02, -0.25080956E+02, -0.25400429E+02, -0.25707760E+02, -0.26004766E+02, -0.26293085E+02, -0.26574183E+02, -0.26849367E+02, -0.27119825E+02, -0.27386591E+02, -0.27650745E+02, -0.27912891E+02, -0.28175411E+02, -0.28434652E+02, -0.28711163E+02, -0.28938538E+02, -0.28523487E+02, -0.27823435E+02, -0.27556036E+02, -0.27423700E+02, -0.27271255E+02, -0.27100063E+02, -0.26909559E+02, -0.26699520E+02, -0.26467228E+02, -0.26212038E+02, -0.25931730E+02, -0.25624592E+02, -0.25285576E+02, -0.24906471E+02, -0.24483936E+02, -0.24013769E+02, -0.23491543E+02, -0.22912308E+02, -0.22271959E+02, -0.21565918E+02, -0.20787992E+02, -0.19931688E+02, -0.18989967E+02, -0.17955330E+02, -0.16819921E+02, -0.15576098E+02, -0.14215656E+02, -0.12730632E+02, -0.11115358E+02, -0.93663177E+01, -0.74823475E+01, -0.54653072E+01, -0.33203928E+01, -0.10562156E+01,  0.13154684E+01,  0.37803533E+01,  0.63221884E+01,  0.89236031E+01,  0.11566750E+02,  0.14233893E+02,  0.16907772E+02,  0.19572180E+02,  0.22214802E+02,  0.24824585E+02,  0.27390366E+02,  0.29903889E+02,  0.32358330E+02,  0.34748810E+02,  0.37065353E+02,  0.39300491E+02,  0.41449043E+02,  0.43513786E+02,  0.45522408E+02,  0.47466648E+02,  0.49403290E+02,  0.51297329E+02,  0.53506618E+02,  0.58185818E+02,  0.61105808E+02,  0.61193550E+02,  0.61987625E+02,  0.62540562E+02,  0.63108738E+02,  0.63626984E+02,  0.64116676E+02,  0.64576004E+02,  0.65009186E+02,  0.65418495E+02,  0.65806427E+02,  0.66175117E+02,  0.66526505E+02,  0.66862358E+02,  0.67184273E+02,  0.67493690E+02,  0.67791931E+02,  0.68080185E+02,  0.68359520E+02,  0.68630928E+02,  0.68895279E+02,  0.69153343E+02,  0.69405830E+02,  0.69653343E+02,  0.69896423E+02,  0.70135529E+02,  0.70371063E+02,  0.70603348E+02,  0.70832649E+02,  0.71059135E+02,  0.71283119E+02,  0.71504021E+02,  0.71724251E+02,  0.71934944E+02,  0.72168968E+02,  0.72303078E+02
 -0.10000000E+01, -0.10520360E+02, -0.11431701E+02, -0.12934422E+02, -0.14133655E+02, -0.15281766E+02, -0.16322878E+02, -0.17282887E+02, -0.18164988E+02, -0.18977699E+02, -0.19727404E+02, -0.20420374E+02, -0.21062283E+02, -0.21658369E+02, -0.22213442E+02, -0.22731911E+02, -0.23217815E+02, -0.23674860E+02, -0.24106426E+02, -0.24515612E+02, -0.24905235E+02, -0.25277878E+02, -0.25635881E+02, -0.25981379E+02, -0.26316303E+02, -0.26642408E+02, -0.26961275E+02, -0.27274313E+02, -0.27582844E+02, -0.27887850E+02, -0.28190926E+02, -0.28490927E+02, -0.28796764E+02, -0.29080631E+02, -0.29455429E+02, -0.29520966E+02, -0.28926729E+02, -0.28460861E+02, -0.28380953E+02, -0.28307388E+02, -0.28206749E+02, -0.28091608E+02, -0.27958866E+02, -0.27808039E+02, -0.27637148E+02, -0.27445171E+02, -0.27231853E+02, -0.26991926E+02, -0.26717392E+02, -0.26404718E+02, -0.26050112E+02, -0.25649216E+02, -0.25197693E+02, -0.24691832E+02, -0.24126858E+02, -0.23496454E+02, -0.22793797E+02, -0.22011099E+02, -0.21139921E+02, -0.20170473E+02, -0.19090820E+02, -0.17889219E+02, -0.16554523E+02, -0.15075397E+02, -0.13441668E+02, -0.11645669E+02, -0.96834831E+01, -0.75555801E+01, -0.52678742E+01, -0.28320363E+01, -0.26445410E+00,  0.24147689E+01,  0.51828918E+01,  0.80157843E+01,  0.10889402E+02,  0.13781141E+02,  0.16670769E+02,  0.19539108E+02,  0.22367086E+02,  0.25138735E+02,  0.27842384E+02,  0.30474848E+02,  0.33033924E+02,  0.35513821E+02,  0.37910980E+02,  0.40222984E+02,  0.42440315E+02,  0.44558926E+02,  0.46570362E+02,  0.48498470E+02,  0.50375664E+02,  0.52197151E+02,  0.54121315E+02,  0.55832329E+02,  0.60603466E+02,  0.63966030E+02,  0.63777538E+02,  0.64486107E+02,  0.64904129E+02,  0.65354813E+02,  0.65756493E+02,  0.66135620E+02,  0.66489113E+02,  0.66821320E+02,  0.67134109E+02,  0.67429680E+02,  0.67709824E+02,  0.67976219E+02,  0.68230354E+02,  0.68473587E+02,  0.68707161E+02,  0.68932175E+02,  0.69149628E+02,  0.69360413E+02,  0.69565323E+02,  0.69765045E+02,  0.69960205E+02,  0.70151306E+02,  0.70338806E+02,  0.70523064E+02,  0.70704384E+02,  0.70882996E+02,  0.71059067E+02,  0.71232674E+02,  0.71403976E+02,  0.71572495E+02,  0.71739899E+02,  0.71899467E+02,  0.72075638E+02,  0.72176239E+02
 -0.87500000E+00, -0.10282147E+02, -0.11201237E+02, -0.12719111E+02, -0.13934746E+02, -0.15101706E+02, -0.16163389E+02, -0.17145527E+02, -0.18051043E+02, -0.18888254E+02, -0.19663361E+02, -0.20382486E+02, -0.21051178E+02, -0.21674576E+02, -0.22257410E+02, -0.22804028E+02, -0.23318434E+02, -0.23804298E+02, -0.24265001E+02, -0.24703636E+02, -0.25123041E+02, -0.25525818E+02, -0.25914349E+02, -0.26290810E+02, -0.26657188E+02, -0.27015291E+02, -0.27366768E+02, -0.27713085E+02, -0.28055616E+02, -0.28395290E+02, -0.28733774E+02, -0.29068626E+02, -0.29410275E+02, -0.29715704E+02, -0.30128040E+02, -0.29988379E+02, -0.29397335E+02, -0.29228430E+02, -0.29214447E+02, -0.29182289E+02, -0.29137045E+02, -0.29077261E+02, -0.29002983E+02, -0.28912537E+02, -0.28804949E+02, -0.28680618E+02, -0.28535839E+02, -0.28362984E+02, -0.28157782E+02, -0.27917215E+02, -0.27637260E+02, -0.27314362E+02, -0.26945503E+02, -0.26526300E+02, -0.26051020E+02, -0.25513226E+02, -0.24905571E+02, -0.24219181E+02, -0.23442032E+02, -0.22561207E+02, -0.21563526E+02, -0.20433765E+02, -0.19155422E+02, -0.17710098E+02, -0.16078362E+02, -0.14245075E+02, -0.12201480E+02, -0.99434614E+01, -0.74772739E+01, -0.48212895E+01, -0.20001323E+01,  0.95673317E+00,  0.40157413E+01,  0.71415958E+01,  0.10299980E+02,  0.13460646E+02,  0.16605946E+02,  0.19717060E+02,  0.22759434E+02,  0.25707321E+02,  0.28558578E+02,  0.31315517E+02,  0.33972435E+02,  0.36529125E+02,  0.38990299E+02,  0.41354713E+02,  0.43621517E+02,  0.45786736E+02,  0.47843033E+02,  0.49783905E+02,  0.51625443E+02,  0.53413589E+02,  0.55126064E+02,  0.56989594E+02,  0.58461689E+02,  0.63237137E+02,  0.66697235E+02,  0.66304535E+02,  0.66890762E+02,  0.67170471E+02,  0.67495239E+02,  0.67776489E+02,  0.68042267E+02,  0.68288391E+02,  0.68518661E+02,  0.68734390E+02,  0.68937286E+02,  0.69128777E+02,  0.69310226E+02,  0.69482849E+02,  0.69647758E+02,  0.69805962E+02,  0.69958344E+02,  0.70105690E+02,  0.70248688E+02,  0.70387932E+02,  0.70523911E+02,  0.70657043E+02,  0.70787659E+02,  0.70916031E+02,  0.71042336E+02,  0.71166702E+02,  0.71289192E+02,  0.71409782E+02,  0.71528488E+02,  0.71644867E+02,  0.71759933E+02,  0.71869034E+02,  0.71988319E+02,  0.72056084E+02
 -0.75000000E+00, -0.10569934E+02, -0.11466701E+02, -0.12949839E+02, -0.14141595E+02, -0.15288661E+02, -0.16335655E+02, -0.17307394E+02, -0.18206495E+02, -0.19040850E+02, -0.19816307E+02, -0.20538671E+02, -0.21213200E+02, -0.21844778E+02, -0.22437912E+02, -0.22996758E+02, -0.23525150E+02, -0.24026621E+02, -0.24504431E+02, -0.24961578E+02, -0.25400826E+02, -0.25824720E+02, -0.26235603E+02, -0.26635630E+02, -0.27026779E+02, -0.27410875E+02, -0.27789585E+02, -0.28164469E+02, -0.28536863E+02, -0.28908419E+02, -0.29279327E+02, -0.29655434E+02, -0.30023031E+02, -0.30446352E+02, -0.30712660E+02, -0.30348713E+02, -0.29957001E+02, -0.29982164E+02, -0.30025501E+02, -0.30043633E+02, -0.30052618E+02, -0.30048876E+02, -0.30032635E+02, -0.30004185E+02, -0.29962893E+02, -0.29906511E+02, -0.29829657E+02, -0.29726313E+02, -0.29594584E+02, -0.29430910E+02, -0.29232487E+02, -0.28997234E+02, -0.28721733E+02, -0.28401320E+02, -0.28030670E+02, -0.27603888E+02, -0.27111814E+02, -0.26542997E+02, -0.25886093E+02, -0.25127623E+02, -0.24251842E+02, -0.23238586E+02, -0.22068314E+02, -0.20712234E+02, -0.19124598E+02, -0.17261860E+02, -0.15099483E+02, -0.12648170E+02, -0.99424229E+01, -0.70120425E+01, -0.38835189E+01, -0.59509104E+00,  0.28028030E+01,  0.62584648E+01,  0.97354164E+01,  0.13228204E+02,  0.16738815E+02,  0.20206312E+02,  0.23518045E+02,  0.26619228E+02,  0.29581940E+02,  0.32453125E+02,  0.35203514E+02,  0.37833202E+02,  0.40343880E+02,  0.42739262E+02,  0.45028511E+02,  0.47212021E+02,  0.49291252E+02,  0.51258408E+02,  0.53107021E+02,  0.54842651E+02,  0.56518780E+02,  0.58129398E+02,  0.59878853E+02,  0.61332905E+02,  0.66019684E+02,  0.69270317E+02,  0.68720444E+02,  0.69153076E+02,  0.69293884E+02,  0.69490433E+02,  0.69652939E+02,  0.69807365E+02,  0.69948235E+02,  0.70078491E+02,  0.70198837E+02,  0.70310638E+02,  0.70415009E+02,  0.70513046E+02,  0.70605751E+02,  0.70693993E+02,  0.70778542E+02,  0.70860062E+02,  0.70939102E+02,  0.71016121E+02,  0.71091499E+02,  0.71165512E+02,  0.71238373E+02,  0.71310219E+02,  0.71381119E+02,  0.71451065E+02,  0.71520012E+02,  0.71587830E+02,  0.71654381E+02,  0.71719276E+02,  0.71782837E+02,  0.71842461E+02,  0.71906242E+02,  0.71942032E+02
 -0.62500000E+00, -0.11357635E+02, -0.12203453E+02, -0.13604444E+02, -0.14734161E+02, -0.15824663E+02, -0.16823620E+02, -0.17754192E+02, -0.18618645E+02, -0.19424229E+02, -0.20176279E+02, -0.20880106E+02, -0.21540529E+02, -0.22162039E+02, -0.22748774E+02, -0.23304579E+02, -0.23833002E+02, -0.24337326E+02, -0.24820597E+02, -0.25285622E+02, -0.25735010E+02, -0.26171171E+02, -0.26596336E+02, -0.27012581E+02, -0.27421816E+02, -0.27825825E+02, -0.28226236E+02, -0.28624624E+02, -0.29022188E+02, -0.29420893E+02, -0.29819166E+02, -0.30227644E+02, -0.30609770E+02, -0.31101805E+02, -0.31187807E+02, -0.30762732E+02, -0.30633396E+02, -0.30735180E+02, -0.30814251E+02, -0.30885550E+02, -0.30946262E+02, -0.30997955E+02, -0.31040060E+02, -0.31072947E+02, -0.31097647E+02, -0.31108536E+02, -0.31099085E+02, -0.31067865E+02, -0.31012094E+02, -0.30929543E+02, -0.30819084E+02, -0.30678673E+02, -0.30504885E+02, -0.30294046E+02, -0.30041805E+02, -0.29740294E+02, -0.29380243E+02, -0.28952984E+02, -0.28447979E+02, -0.27851021E+02, -0.27148817E+02, -0.26307907E+02, -0.25277418E+02, -0.24034037E+02, -0.22561159E+02, -0.20665096E+02, -0.18041294E+02, -0.14736692E+02, -0.11214926E+02, -0.78872743E+01, -0.48409705E+01, -0.19559414E+01,  0.94963354E+00,  0.40744634E+01,  0.76283998E+01,  0.11770217E+02,  0.16382576E+02,  0.20851807E+02,  0.24564606E+02,  0.27726879E+02,  0.30867044E+02,  0.33932816E+02,  0.36751450E+02,  0.39420525E+02,  0.41973343E+02,  0.44391415E+02,  0.46682793E+02,  0.48856922E+02,  0.50924587E+02,  0.52886070E+02,  0.54736160E+02,  0.56468018E+02,  0.58081657E+02,  0.59628586E+02,  0.61155983E+02,  0.62722713E+02,  0.64481483E+02,  0.68930321E+02,  0.71553360E+02,  0.70958504E+02,  0.71209969E+02,  0.71230965E+02,  0.71307610E+02,  0.71360275E+02,  0.71409180E+02,  0.71449219E+02,  0.71482841E+02,  0.71510780E+02,  0.71534256E+02,  0.71554268E+02,  0.71571709E+02,  0.71587334E+02,  0.71601784E+02,  0.71615570E+02,  0.71629097E+02,  0.71642670E+02,  0.71656509E+02,  0.71670746E+02,  0.71685440E+02,  0.71700592E+02,  0.71716133E+02,  0.71731926E+02,  0.71747795E+02,  0.71763489E+02,  0.71778725E+02,  0.71793167E+02,  0.71806450E+02,  0.71817917E+02,  0.71827950E+02,  0.71832832E+02
 -0.50000000E+00, -0.12602956E+02, -0.13371281E+02, -0.14646294E+02, -0.15678902E+02, -0.16679220E+02, -0.17599630E+02, -0.18460915E+02, -0.19264929E+02, -0.20018057E+02, -0.20724964E+02, -0.21390312E+02, -0.22018335E+02, -0.22612989E+02, -0.23177940E+02, -0.23716589E+02, -0.24232103E+02, -0.24727419E+02, -0.25205271E+02, -0.25668201E+02, -0.26118582E+02, -0.26558620E+02, -0.26990379E+02, -0.27415783E+02, -0.27836637E+02, -0.28254631E+02, -0.28671349E+02, -0.29088297E+02, -0.29506821E+02, -0.29928431E+02, -0.30353527E+02, -0.30785904E+02, -0.31215158E+02, -0.31680080E+02, -0.31587803E+02, -0.31234039E+02, -0.31313547E+02, -0.31458971E+02, -0.31579996E+02, -0.31698479E+02, -0.31809195E+02, -0.31914160E+02, -0.32013447E+02, -0.32108402E+02, -0.32196316E+02, -0.32271118E+02, -0.32329784E+02, -0.32370869E+02, -0.32392315E+02, -0.32393822E+02, -0.32374786E+02, -0.32333023E+02, -0.32266418E+02, -0.32172379E+02, -0.32044922E+02, -0.31877268E+02, -0.31664152E+02, -0.31398504E+02, -0.31073467E+02, -0.30673714E+02, -0.30157133E+02, -0.29500422E+02, -0.28561153E+02, -0.26597019E+02, -0.23033152E+02, -0.18777458E+02, -0.15158930E+02, -0.12472160E+02, -0.10272349E+02, -0.81110201E+01, -0.58107381E+01, -0.33426781E+01, -0.70227522E+00,  0.21214316E+01,  0.51295781E+01,  0.82848053E+01,  0.11527948E+02,  0.15009494E+02,  0.19460310E+02,  0.25410406E+02,  0.31388456E+02,  0.35497047E+02,  0.38446320E+02,  0.41281147E+02,  0.43866402E+02,  0.46273849E+02,  0.48565247E+02,  0.50718552E+02,  0.52749306E+02,  0.54670296E+02,  0.56487701E+02,  0.58196438E+02,  0.59786964E+02,  0.61263794E+02,  0.62657639E+02,  0.64126228E+02,  0.65368279E+02,  0.67912056E+02,  0.72034042E+02,  0.73437668E+02,  0.72946671E+02,  0.73029106E+02,  0.72966568E+02,  0.72935616E+02,  0.72886528E+02,  0.72834145E+02,  0.72776802E+02,  0.72717117E+02,  0.72656174E+02,  0.72595108E+02,  0.72534721E+02,  0.72475624E+02,  0.72418297E+02,  0.72363052E+02,  0.72310112E+02,  0.72259590E+02,  0.72211525E+02,  0.72165878E+02,  0.72122536E+02,  0.72081345E+02,  0.72042076E+02,  0.72004448E+02,  0.71968155E+02,  0.71932823E+02,  0.71898010E+02,  0.71863388E+02,  0.71827988E+02,  0.71793007E+02,  0.71751381E+02,  0.71726631E+02
 -0.37500000E+00, -0.14247457E+02, -0.14914685E+02, -0.16024891E+02, -0.16929533E+02, -0.17810181E+02, -0.18625349E+02, -0.19392769E+02, -0.20113810E+02, -0.20793779E+02, -0.21436523E+02, -0.22045912E+02, -0.22625465E+02, -0.23178490E+02, -0.23708063E+02, -0.24217054E+02, -0.24708151E+02, -0.25183863E+02, -0.25646536E+02, -0.26098377E+02, -0.26541456E+02, -0.26977711E+02, -0.27408983E+02, -0.27837000E+02, -0.28263403E+02, -0.28689753E+02, -0.29117563E+02, -0.29548183E+02, -0.29983381E+02, -0.30423328E+02, -0.30874559E+02, -0.31321163E+02, -0.31834505E+02, -0.32168625E+02, -0.31935863E+02, -0.31771109E+02, -0.31964931E+02, -0.32139942E+02, -0.32308777E+02, -0.32471867E+02, -0.32631004E+02, -0.32787277E+02, -0.32941837E+02, -0.33095646E+02, -0.33243477E+02, -0.33380119E+02, -0.33505344E+02, -0.33617157E+02, -0.33715622E+02, -0.33801296E+02, -0.33873203E+02, -0.33930351E+02, -0.33971840E+02, -0.33993496E+02, -0.33990314E+02, -0.33959801E+02, -0.33897854E+02, -0.33803890E+02, -0.33657753E+02, -0.33420914E+02, -0.33046078E+02, -0.31687075E+02, -0.28073555E+02, -0.23206484E+02, -0.19418694E+02, -0.17109146E+02, -0.15290414E+02, -0.13404853E+02, -0.11414603E+02, -0.93215923E+01, -0.71082468E+01, -0.47553182E+01, -0.22460234E+01,  0.43144974E+00,  0.32840497E+01,  0.63156552E+01,  0.95400791E+01,  0.13003428E+02,  0.16772943E+02,  0.20719444E+02,  0.24853756E+02,  0.30850399E+02,  0.38136692E+02,  0.43004414E+02,  0.45809193E+02,  0.48359928E+02,  0.50623726E+02,  0.52749397E+02,  0.54739986E+02,  0.56602489E+02,  0.58354836E+02,  0.60007614E+02,  0.61555080E+02,  0.62980034E+02,  0.64306717E+02,  0.65511177E+02,  0.66963959E+02,  0.67615456E+02,  0.71781265E+02,  0.75255188E+02,  0.74616997E+02,  0.74800087E+02,  0.74643196E+02,  0.74525017E+02,  0.74373619E+02,  0.74221977E+02,  0.74068092E+02,  0.73916191E+02,  0.73767303E+02,  0.73622475E+02,  0.73482262E+02,  0.73347023E+02,  0.73216949E+02,  0.73092102E+02,  0.72972458E+02,  0.72857895E+02,  0.72748238E+02,  0.72643234E+02,  0.72542595E+02,  0.72445976E+02,  0.72352982E+02,  0.72263191E+02,  0.72176132E+02,  0.72091324E+02,  0.72008141E+02,  0.71926292E+02,  0.71844185E+02,  0.71764763E+02,  0.71673958E+02,  0.71621048E+02
 -0.25000000E+00, -0.16217157E+02, -0.16763693E+02, -0.17676954E+02, -0.18428234E+02, -0.19164978E+02, -0.19853001E+02, -0.20506390E+02, -0.21125950E+02, -0.21715731E+02, -0.22278629E+02, -0.22817604E+02, -0.23335358E+02, -0.23834448E+02, -0.24317276E+02, -0.24786106E+02, -0.25243067E+02, -0.25690176E+02, -0.26129335E+02, -0.26562347E+02, -0.26990929E+02, -0.27416706E+02, -0.27841242E+02, -0.28266022E+02, -0.28692488E+02, -0.29122009E+02, -0.29555969E+02, -0.29995459E+02, -0.30442387E+02, -0.30895229E+02, -0.31364693E+02, -0.31815052E+02, -0.32383232E+02, -0.32562992E+02, -0.32304905E+02, -0.32355328E+02, -0.32583054E+02, -0.32787720E+02, -0.32994526E+02, -0.33198132E+02, -0.33401730E+02, -0.33606232E+02, -0.33813717E+02, -0.34021587E+02, -0.34224453E+02, -0.34420418E+02, -0.34608589E+02, -0.34788563E+02, -0.34961460E+02, -0.35127659E+02, -0.35286713E+02, -0.35438988E+02, -0.35581951E+02, -0.35711521E+02, -0.35826473E+02, -0.35924442E+02, -0.36008350E+02, -0.36054768E+02, -0.36038788E+02, -0.35788776E+02, -0.33744743E+02, -0.28931528E+02, -0.23988714E+02, -0.21163353E+02, -0.19490612E+02, -0.17859333E+02, -0.16145584E+02, -0.14350827E+02, -0.12465232E+02, -0.10478244E+02, -0.83838339E+01, -0.61460309E+01, -0.37206354E+01, -0.10977132E+01,  0.17170454E+01,  0.47085238E+01,  0.78582082E+01,  0.11181739E+02,  0.14751946E+02,  0.18592299E+02,  0.22711107E+02,  0.27158428E+02,  0.31735746E+02,  0.38680943E+02,  0.46300961E+02,  0.50373165E+02,  0.52723549E+02,  0.54912411E+02,  0.56827988E+02,  0.58642551E+02,  0.60318462E+02,  0.61888683E+02,  0.63363327E+02,  0.64735306E+02,  0.65979958E+02,  0.67142807E+02,  0.68184517E+02,  0.69528748E+02,  0.70008499E+02,  0.74563065E+02,  0.77919998E+02,  0.76533325E+02,  0.76494240E+02,  0.76129059E+02,  0.75870628E+02,  0.75597443E+02,  0.75340393E+02,  0.75090866E+02,  0.74851196E+02,  0.74620811E+02,  0.74399818E+02,  0.74188034E+02,  0.73985252E+02,  0.73791176E+02,  0.73605469E+02,  0.73427742E+02,  0.73257561E+02,  0.73094460E+02,  0.72937920E+02,  0.72787415E+02,  0.72642380E+02,  0.72502220E+02,  0.72366318E+02,  0.72234039E+02,  0.72104630E+02,  0.71977768E+02,  0.71851303E+02,  0.71729836E+02,  0.71592674E+02,  0.71513290E+02
 -0.12500000E+00, -0.18424343E+02, -0.18835716E+02, -0.19528315E+02, -0.20107494E+02, -0.20682428E+02, -0.21227081E+02, -0.21751450E+02, -0.22255711E+02, -0.22742525E+02, -0.23213753E+02, -0.23671347E+02, -0.24117119E+02, -0.24552816E+02, -0.24980101E+02, -0.25400574E+02, -0.25815760E+02, -0.26227131E+02, -0.26636103E+02, -0.27044031E+02, -0.27452240E+02, -0.27862005E+02, -0.28274569E+02, -0.28691149E+02, -0.29112949E+02, -0.29541153E+02, -0.29976994E+02, -0.30421474E+02, -0.30876352E+02, -0.31340118E+02, -0.31821957E+02, -0.32286976E+02, -0.32854511E+02, -0.32917717E+02, -0.32692635E+02, -0.32893810E+02, -0.33147240E+02, -0.33383568E+02, -0.33624847E+02, -0.33866276E+02, -0.34110916E+02, -0.34359982E+02, -0.34615532E+02, -0.34872574E+02, -0.35126328E+02, -0.35377106E+02, -0.35623714E+02, -0.35867306E+02, -0.36109360E+02, -0.36349751E+02, -0.36589314E+02, -0.36827206E+02, -0.37059868E+02, -0.37285778E+02, -0.37503345E+02, -0.37716331E+02, -0.37904579E+02, -0.38045963E+02, -0.37946434E+02, -0.35653938E+02, -0.30282301E+02, -0.25398130E+02, -0.23053591E+02, -0.21620687E+02, -0.20130594E+02, -0.18589365E+02, -0.16992712E+02, -0.15366710E+02, -0.13674162E+02, -0.11824723E+02, -0.97981157E+01, -0.75929451E+01, -0.51931252E+01, -0.25890388E+01,  0.22437811E+00,  0.32460907E+01,  0.64709392E+01,  0.98889790E+01,  0.13488729E+02,  0.17200146E+02,  0.21011024E+02,  0.25125116E+02,  0.29725060E+02,  0.34434208E+02,  0.40377705E+02,  0.48790600E+02,  0.54655941E+02,  0.56953754E+02,  0.58996101E+02,  0.60709335E+02,  0.62330269E+02,  0.63811604E+02,  0.65193123E+02,  0.66485176E+02,  0.67674736E+02,  0.68745750E+02,  0.69723717E+02,  0.70756134E+02,  0.71660042E+02,  0.73747795E+02,  0.77648331E+02,  0.78934608E+02,  0.78021858E+02,  0.77730370E+02,  0.77298698E+02,  0.76928070E+02,  0.76563103E+02,  0.76217636E+02,  0.75887077E+02,  0.75571808E+02,  0.75270874E+02,  0.74983688E+02,  0.74709541E+02,  0.74447769E+02,  0.74197701E+02,  0.73958626E+02,  0.73729851E+02,  0.73510674E+02,  0.73300369E+02,  0.73098190E+02,  0.72903397E+02,  0.72715240E+02,  0.72532921E+02,  0.72355690E+02,  0.72182625E+02,  0.72013405E+02,  0.71845337E+02,  0.71684525E+02,  0.71504181E+02,  0.71400162E+02
  0.00000000E+00, -0.20770931E+02, -0.21038734E+02, -0.21496801E+02, -0.21892763E+02, -0.22295145E+02, -0.22686548E+02, -0.23072647E+02, -0.23452967E+02, -0.23828712E+02, -0.24200661E+02, -0.24569721E+02, -0.24936777E+02, -0.25302732E+02, -0.25668484E+02, -0.26034933E+02, -0.26402985E+02, -0.26773537E+02, -0.27147488E+02, -0.27525734E+02, -0.27909170E+02, -0.28298695E+02, -0.28695206E+02, -0.29099615E+02, -0.29512856E+02, -0.29935915E+02, -0.30369823E+02, -0.30816013E+02, -0.31275356E+02, -0.31752655E+02, -0.32241051E+02, -0.32781616E+02, -0.33240540E+02, -0.33169964E+02, -0.33089790E+02, -0.33376423E+02, -0.33646400E+02, -0.33917805E+02, -0.34189915E+02, -0.34465549E+02, -0.34747925E+02, -0.35038746E+02, -0.35336208E+02, -0.35636391E+02, -0.35936543E+02, -0.36236465E+02, -0.36536194E+02, -0.36837460E+02, -0.37141159E+02, -0.37447636E+02, -0.37757690E+02, -0.38068504E+02, -0.38377045E+02, -0.38682613E+02, -0.38985546E+02, -0.39280182E+02, -0.39521885E+02, -0.39665157E+02, -0.37790409E+02, -0.32350536E+02, -0.27111059E+02, -0.24779697E+02, -0.23491415E+02, -0.22132530E+02, -0.20747566E+02, -0.19351799E+02, -0.17955584E+02, -0.16465828E+02, -0.14822351E+02, -0.13024877E+02, -0.11054071E+02, -0.88979893E+01, -0.65440154E+01, -0.39801807E+01, -0.11951820E+01,  0.18184929E+01,  0.50631742E+01,  0.85320158E+01,  0.12207795E+02,  0.16053858E+02,  0.20034544E+02,  0.24077740E+02,  0.28184183E+02,  0.32705845E+02,  0.37751526E+02,  0.43319893E+02,  0.51902138E+02,  0.58712997E+02,  0.60967472E+02,  0.62796574E+02,  0.64308510E+02,  0.65723763E+02,  0.67007889E+02,  0.68201019E+02,  0.69309853E+02,  0.70309631E+02,  0.71206024E+02,  0.71956261E+02,  0.73046974E+02,  0.73019524E+02,  0.77556107E+02,  0.81114113E+02,  0.79470848E+02,  0.79235573E+02,  0.78645927E+02,  0.78179688E+02,  0.77710564E+02,  0.77271912E+02,  0.76853386E+02,  0.76456085E+02,  0.76078064E+02,  0.75718277E+02,  0.75375580E+02,  0.75048912E+02,  0.74737267E+02,  0.74439667E+02,  0.74155144E+02,  0.73882751E+02,  0.73621544E+02,  0.73370598E+02,  0.73128975E+02,  0.72895752E+02,  0.72669991E+02,  0.72450806E+02,  0.72237114E+02,  0.72028580E+02,  0.71822021E+02,  0.71624916E+02,  0.71404892E+02,  0.71278290E+02
  0.12500000E+00, -0.23153343E+02, -0.23275747E+02, -0.23496040E+02, -0.23705784E+02, -0.23932451E+02, -0.24167423E+02, -0.24412031E+02, -0.24665182E+02, -0.24926634E+02, -0.25196095E+02, -0.25473440E+02, -0.25758636E+02, -0.26051741E+02, -0.26352896E+02, -0.26662312E+02, -0.26980259E+02, -0.27307068E+02, -0.27643118E+02, -0.27988838E+02, -0.28344692E+02, -0.28711182E+02, -0.29088839E+02, -0.29478226E+02, -0.29879915E+02, -0.30294563E+02, -0.30722681E+02, -0.31165651E+02, -0.31622557E+02, -0.32103668E+02, -0.32584599E+02, -0.33189541E+02, -0.33539406E+02, -0.33418812E+02, -0.33495525E+02, -0.33805885E+02, -0.34090744E+02, -0.34385754E+02, -0.34683521E+02, -0.34989212E+02, -0.35303753E+02, -0.35630142E+02, -0.35965057E+02, -0.36302956E+02, -0.36643970E+02, -0.36987144E+02, -0.37333664E+02, -0.37685329E+02, -0.38042294E+02, -0.38405647E+02, -0.38774223E+02, -0.39144081E+02, -0.39514038E+02, -0.39880291E+02, -0.40251324E+02, -0.40567043E+02, -0.40898933E+02, -0.39975975E+02, -0.35171333E+02, -0.29207121E+02, -0.26330748E+02, -0.25121887E+02, -0.23878130E+02, -0.22618540E+02, -0.21377977E+02, -0.20148540E+02, -0.18826591E+02, -0.17368862E+02, -0.15770176E+02, -0.14014154E+02, -0.12085496E+02, -0.99691200E+01, -0.76644263E+01, -0.51662831E+01, -0.24558096E+01,  0.48391345E+00,  0.36695993E+01,  0.71136212E+01,  0.10827065E+02,  0.14793585E+02,  0.18937328E+02,  0.23173443E+02,  0.27476337E+02,  0.31683622E+02,  0.36200340E+02,  0.41396523E+02,  0.47147930E+02,  0.56073242E+02,  0.62797642E+02,  0.64620476E+02,  0.66253929E+02,  0.67545624E+02,  0.68756111E+02,  0.69847069E+02,  0.70863358E+02,  0.71793427E+02,  0.72616905E+02,  0.73348625E+02,  0.74137726E+02,  0.74850868E+02,  0.76756096E+02,  0.80483719E+02,  0.81592751E+02,  0.80451561E+02,  0.79943481E+02,  0.79312485E+02,  0.78760391E+02,  0.78228737E+02,  0.77728905E+02,  0.77254379E+02,  0.76804153E+02,  0.76376228E+02,  0.75969193E+02,  0.75581665E+02,  0.75212349E+02,  0.74860016E+02,  0.74523460E+02,  0.74201523E+02,  0.73893051E+02,  0.73596916E+02,  0.73312012E+02,  0.73037247E+02,  0.72771538E+02,  0.72513878E+02,  0.72263016E+02,  0.72018631E+02,  0.71777061E+02,  0.71547028E+02,  0.71291130E+02,  0.71144157E+02
  0.25000000E+00, -0.25468281E+02, -0.25449966E+02, -0.25439753E+02, -0.25468321E+02, -0.25523617E+02, -0.25605597E+02, -0.25711470E+02, -0.25839592E+02, -0.25988371E+02, -0.26156509E+02, -0.26342915E+02, -0.26546680E+02, -0.26767071E+02, -0.27003498E+02, -0.27255516E+02, -0.27522791E+02, -0.27805109E+02, -0.28102354E+02, -0.28414497E+02, -0.28741594E+02, -0.29083771E+02, -0.29441204E+02, -0.29814127E+02, -0.30202707E+02, -0.30607286E+02, -0.31027130E+02, -0.31464321E+02, -0.31907648E+02, -0.32389130E+02, -0.32764832E+02, -0.33513378E+02, -0.33875057E+02, -0.33647980E+02, -0.33856575E+02, -0.34163410E+02, -0.34462830E+02, -0.34775433E+02, -0.35095535E+02, -0.35426430E+02, -0.35769646E+02, -0.36126701E+02, -0.36492615E+02, -0.36863350E+02, -0.37239212E+02, -0.37619682E+02, -0.38006382E+02, -0.38400566E+02, -0.38802299E+02, -0.39212376E+02, -0.39627575E+02, -0.40044189E+02, -0.40459435E+02, -0.40875889E+02, -0.41270954E+02, -0.41635780E+02, -0.41677986E+02, -0.38500023E+02, -0.32106979E+02, -0.27902697E+02, -0.26516691E+02, -0.25395784E+02, -0.24223827E+02, -0.23081619E+02, -0.21971169E+02, -0.20793859E+02, -0.19488497E+02, -0.18055407E+02, -0.16477674E+02, -0.14736302E+02, -0.12831108E+02, -0.10767992E+02, -0.85363274E+01, -0.61238174E+01, -0.35092568E+01, -0.66842324E+00,  0.24245131E+01,  0.57925529E+01,  0.94513226E+01,  0.13401111E+02,  0.17633352E+02,  0.22096928E+02,  0.26625807E+02,  0.31138258E+02,  0.35454193E+02,  0.40117260E+02,  0.45331276E+02,  0.51972332E+02,  0.61159271E+02,  0.66645531E+02,  0.67857735E+02,  0.69273468E+02,  0.70356674E+02,  0.71371956E+02,  0.72286278E+02,  0.73138969E+02,  0.73895226E+02,  0.74559525E+02,  0.75091255E+02,  0.76008186E+02,  0.75835632E+02,  0.80421623E+02,  0.83693291E+02,  0.81535248E+02,  0.81082443E+02,  0.80297768E+02,  0.79676285E+02,  0.79064049E+02,  0.78492714E+02,  0.77948898E+02,  0.77433136E+02,  0.76942947E+02,  0.76476967E+02,  0.76033638E+02,  0.75611511E+02,  0.75209145E+02,  0.74825134E+02,  0.74458099E+02,  0.74106697E+02,  0.73769623E+02,  0.73445595E+02,  0.73133369E+02,  0.72831718E+02,  0.72539513E+02,  0.72255371E+02,  0.71978935E+02,  0.71706177E+02,  0.71446884E+02,  0.71159203E+02,  0.70994209E+02
  0.37500000E+00, -0.27618465E+02, -0.27469971E+02, -0.27246037E+02, -0.27105829E+02, -0.27001032E+02, -0.26939617E+02, -0.26915091E+02, -0.26925369E+02, -0.26967665E+02, -0.27039793E+02, -0.27139791E+02, -0.27265972E+02, -0.27416876E+02, -0.27591255E+02, -0.27788061E+02, -0.28006411E+02, -0.28245584E+02, -0.28505013E+02, -0.28784256E+02, -0.29082998E+02, -0.29401039E+02, -0.29738285E+02, -0.30094734E+02, -0.30470453E+02, -0.30865644E+02, -0.31280268E+02, -0.31715368E+02, -0.32168087E+02, -0.32650627E+02, -0.33121265E+02, -0.33748199E+02, -0.33919167E+02, -0.33804420E+02, -0.34097012E+02, -0.34422241E+02, -0.34742741E+02, -0.35074707E+02, -0.35415249E+02, -0.35769230E+02, -0.36137993E+02, -0.36520100E+02, -0.36911732E+02, -0.37310135E+02, -0.37715054E+02, -0.38126728E+02, -0.38546883E+02, -0.38975956E+02, -0.39414349E+02, -0.39861347E+02, -0.40312378E+02, -0.40764767E+02, -0.41212456E+02, -0.41665741E+02, -0.42053459E+02, -0.42486084E+02, -0.41458740E+02, -0.36122780E+02, -0.30114944E+02, -0.27713009E+02, -0.26716200E+02, -0.25602747E+02, -0.24517696E+02, -0.23481188E+02, -0.22424019E+02, -0.21245129E+02, -0.19949310E+02, -0.18518957E+02, -0.16936554E+02, -0.15202431E+02, -0.13328437E+02, -0.11312348E+02, -0.91436071E+01, -0.68081474E+01, -0.42993150E+01, -0.15990719E+01,  0.13410888E+01,  0.45868759E+01,  0.81773558E+01,  0.12101924E+02,  0.16335285E+02,  0.20851784E+02,  0.25616869E+02,  0.30403090E+02,  0.35074451E+02,  0.39439556E+02,  0.44415730E+02,  0.49600983E+02,  0.58078114E+02,  0.66664513E+02,  0.69572197E+02,  0.70708496E+02,  0.71782722E+02,  0.72705132E+02,  0.73538666E+02,  0.74307976E+02,  0.75001663E+02,  0.75609863E+02,  0.76091377E+02,  0.76853416E+02,  0.76806305E+02,  0.80666374E+02,  0.83703262E+02,  0.82271324E+02,  0.81845192E+02,  0.81092941E+02,  0.80427773E+02,  0.79762672E+02,  0.79130684E+02,  0.78526413E+02,  0.77951866E+02,  0.77405685E+02,  0.76886688E+02,  0.76393333E+02,  0.75924019E+02,  0.75477097E+02,  0.75050964E+02,  0.74644020E+02,  0.74254730E+02,  0.73881607E+02,  0.73523193E+02,  0.73178116E+02,  0.72845001E+02,  0.72522614E+02,  0.72209450E+02,  0.71905144E+02,  0.71605293E+02,  0.71320663E+02,  0.71005547E+02,  0.70825020E+02
  0.50000000E+00, -0.29517357E+02, -0.29253996E+02, -0.28840994E+02, -0.28550663E+02, -0.28302996E+02, -0.28113153E+02, -0.27971481E+02, -0.27875589E+02, -0.27821684E+02, -0.27806852E+02, -0.27828388E+02, -0.27883934E+02, -0.27971413E+02, -0.28089006E+02, -0.28235134E+02, -0.28408436E+02, -0.28607748E+02, -0.28832092E+02, -0.29080671E+02, -0.29352839E+02, -0.29648113E+02, -0.29966167E+02, -0.30306829E+02, -0.30670111E+02, -0.31056202E+02, -0.31465651E+02, -0.31898985E+02, -0.32358574E+02, -0.32842350E+02, -0.33368233E+02, -0.33884403E+02, -0.33926018E+02, -0.33913631E+02, -0.34259521E+02, -0.34592037E+02, -0.34933334E+02, -0.35281048E+02, -0.35639610E+02, -0.36012142E+02, -0.36401276E+02, -0.36804333E+02, -0.37216724E+02, -0.37637547E+02, -0.38065987E+02, -0.38502937E+02, -0.38949970E+02, -0.39406872E+02, -0.39874283E+02, -0.40349728E+02, -0.40828114E+02, -0.41306332E+02, -0.41780418E+02, -0.42247334E+02, -0.42649723E+02, -0.42970844E+02, -0.40426765E+02, -0.33931870E+02, -0.29197943E+02, -0.27806501E+02, -0.26812988E+02, -0.25753094E+02, -0.24748035E+02, -0.23767918E+02, -0.22707596E+02, -0.21528107E+02, -0.20226048E+02, -0.18779179E+02, -0.17182558E+02, -0.15447197E+02, -0.13575929E+02, -0.11555249E+02, -0.93727732E+01, -0.70630937E+01, -0.46775064E+01, -0.22104375E+01,  0.43231288E+00,  0.34071701E+01,  0.68498311E+01,  0.10785944E+02,  0.15106496E+02,  0.19696812E+02,  0.24537384E+02,  0.29569141E+02,  0.34523903E+02,  0.39169334E+02,  0.43744621E+02,  0.49008930E+02,  0.55325588E+02,  0.64859169E+02,  0.71005585E+02,  0.71795052E+02,  0.72976746E+02,  0.73791916E+02,  0.74564995E+02,  0.75253784E+02,  0.75892288E+02,  0.76449158E+02,  0.76922409E+02,  0.77472443E+02,  0.77978470E+02,  0.79700790E+02,  0.83042809E+02,  0.83818871E+02,  0.82552780E+02,  0.81869995E+02,  0.81069847E+02,  0.80343765E+02,  0.79642433E+02,  0.78979256E+02,  0.78349586E+02,  0.77752823E+02,  0.77186874E+02,  0.76649841E+02,  0.76139717E+02,  0.75654541E+02,  0.75192406E+02,  0.74751488E+02,  0.74330017E+02,  0.73926338E+02,  0.73538841E+02,  0.73166000E+02,  0.72806335E+02,  0.72458519E+02,  0.72120941E+02,  0.71793221E+02,  0.71470665E+02,  0.71164818E+02,  0.70826836E+02,  0.70633392E+02
  0.62500000E+00, -0.31092251E+02, -0.30732876E+02, -0.30161381E+02, -0.29744467E+02, -0.29375912E+02, -0.29076984E+02, -0.28835497E+02, -0.28648865E+02, -0.28512524E+02, -0.28422977E+02, -0.28376932E+02, -0.28371498E+02, -0.28404089E+02, -0.28472420E+02, -0.28574474E+02, -0.28708490E+02, -0.28872931E+02, -0.29066479E+02, -0.29288012E+02, -0.29536602E+02, -0.29811497E+02, -0.30112131E+02, -0.30438118E+02, -0.30789322E+02, -0.31165768E+02, -0.31568233E+02, -0.31996569E+02, -0.32456684E+02, -0.32935287E+02, -0.33493923E+02, -0.33912918E+02, -0.33898151E+02, -0.33985245E+02, -0.34347454E+02, -0.34684010E+02, -0.35035549E+02, -0.35393684E+02, -0.35765110E+02, -0.36151386E+02, -0.36555717E+02, -0.36974739E+02, -0.37403114E+02, -0.37841171E+02, -0.38287888E+02, -0.38744480E+02, -0.39212208E+02, -0.39690609E+02, -0.40180111E+02, -0.40676872E+02, -0.41176014E+02, -0.41672489E+02, -0.42168896E+02, -0.42632233E+02, -0.43081291E+02, -0.43049297E+02, -0.39111935E+02, -0.32385967E+02, -0.28851807E+02, -0.27860430E+02, -0.26845102E+02, -0.25837204E+02, -0.24885006E+02, -0.23928171E+02, -0.22855740E+02, -0.21669140E+02, -0.20350182E+02, -0.18882908E+02, -0.17264307E+02, -0.15504376E+02, -0.13589525E+02, -0.11488095E+02, -0.92297182E+01, -0.69226489E+01, -0.46677198E+01, -0.24729865E+01, -0.20609747E+00,  0.23774478E+01,  0.55451970E+01,  0.94228954E+01,  0.13884101E+02,  0.18661860E+02,  0.23610853E+02,  0.28776453E+02,  0.33956013E+02,  0.38919327E+02,  0.43376099E+02,  0.48497990E+02,  0.53815811E+02,  0.63244968E+02,  0.71265480E+02,  0.72759819E+02,  0.73830276E+02,  0.74605392E+02,  0.75312675E+02,  0.75935326E+02,  0.76515465E+02,  0.77017380E+02,  0.77437408E+02,  0.77806297E+02,  0.78477188E+02,  0.78820122E+02,  0.82743446E+02,  0.85070351E+02,  0.83176254E+02,  0.82497787E+02,  0.81568657E+02,  0.80774582E+02,  0.80006508E+02,  0.79288773E+02,  0.78610466E+02,  0.77970451E+02,  0.77365265E+02,  0.76792297E+02,  0.76248955E+02,  0.75732849E+02,  0.75241745E+02,  0.74773552E+02,  0.74326294E+02,  0.73898140E+02,  0.73487350E+02,  0.73092285E+02,  0.72711372E+02,  0.72343193E+02,  0.71986076E+02,  0.71639633E+02,  0.71298958E+02,  0.70976219E+02,  0.70620071E+02,  0.70416367E+02
  0.75000000E+00, -0.32285679E+02, -0.31851484E+02, -0.31156128E+02, -0.30639692E+02, -0.30175755E+02, -0.29790417E+02, -0.29469597E+02, -0.29210627E+02, -0.29008379E+02, -0.28858940E+02, -0.28758593E+02, -0.28704042E+02, -0.28692324E+02, -0.28720800E+02, -0.28787119E+02, -0.28889204E+02, -0.29025229E+02, -0.29193602E+02, -0.29392939E+02, -0.29622059E+02, -0.29879967E+02, -0.30165834E+02, -0.30478985E+02, -0.30818968E+02, -0.31185318E+02, -0.31578609E+02, -0.31997177E+02, -0.32451012E+02, -0.32914433E+02, -0.33514759E+02, -0.33860054E+02, -0.33818233E+02, -0.33998856E+02, -0.34352608E+02, -0.34690094E+02, -0.35044167E+02, -0.35408104E+02, -0.35787060E+02, -0.36182880E+02, -0.36597919E+02, -0.37027603E+02, -0.37467415E+02, -0.37917690E+02, -0.38377613E+02, -0.38848492E+02, -0.39331215E+02, -0.39825356E+02, -0.40330864E+02, -0.40843098E+02, -0.41357632E+02, -0.41867611E+02, -0.42381153E+02, -0.42838825E+02, -0.43332512E+02, -0.42856689E+02, -0.37959240E+02, -0.31444906E+02, -0.28705763E+02, -0.27831635E+02, -0.26821207E+02, -0.25850372E+02, -0.24925613E+02, -0.23973118E+02, -0.22895197E+02, -0.21701246E+02, -0.20366903E+02, -0.18880093E+02, -0.17239943E+02, -0.15446645E+02, -0.13467672E+02, -0.11274292E+02, -0.89466877E+01, -0.66459179E+01, -0.45050459E+01, -0.25265796E+01, -0.54660976E+00,  0.17167846E+01,  0.45959277E+01,  0.83422947E+01,  0.12882135E+02,  0.17849117E+02,  0.22949562E+02,  0.28182919E+02,  0.33507076E+02,  0.38642128E+02,  0.43197315E+02,  0.48158344E+02,  0.53306698E+02,  0.62115471E+02,  0.70867981E+02,  0.73470718E+02,  0.74310585E+02,  0.75101341E+02,  0.75751282E+02,  0.76329056E+02,  0.76857735E+02,  0.77306694E+02,  0.77666748E+02,  0.77904999E+02,  0.78548347E+02,  0.78190590E+02,  0.82673820E+02,  0.85880081E+02,  0.83582481E+02,  0.82883514E+02,  0.81858971E+02,  0.81009575E+02,  0.80190018E+02,  0.79430450E+02,  0.78715622E+02,  0.78043571E+02,  0.77409637E+02,  0.76810532E+02,  0.76243118E+02,  0.75704620E+02,  0.75192528E+02,  0.74704521E+02,  0.74238487E+02,  0.73792450E+02,  0.73364586E+02,  0.72953178E+02,  0.72556595E+02,  0.72173378E+02,  0.71801811E+02,  0.71441513E+02,  0.71087433E+02,  0.70752205E+02,  0.70382683E+02,  0.70171455E+02
  0.87500000E+00, -0.33055481E+02, -0.32569038E+02, -0.31786926E+02, -0.31200346E+02, -0.30668911E+02, -0.30222155E+02, -0.29844740E+02, -0.29533981E+02, -0.29284395E+02, -0.29091816E+02, -0.28952242E+02, -0.28862125E+02, -0.28818247E+02, -0.28817728E+02, -0.28857996E+02, -0.28936760E+02, -0.29051991E+02, -0.29201904E+02, -0.29384935E+02, -0.29599718E+02, -0.29845058E+02, -0.30119925E+02, -0.30423319E+02, -0.30754515E+02, -0.31111776E+02, -0.31496382E+02, -0.31896025E+02, -0.32343441E+02, -0.32689896E+02, -0.33432411E+02, -0.33840340E+02, -0.33676910E+02, -0.33924362E+02, -0.34260941E+02, -0.34596916E+02, -0.34950798E+02, -0.35317581E+02, -0.35700943E+02, -0.36102741E+02, -0.36524055E+02, -0.36959976E+02, -0.37406807E+02, -0.37864567E+02, -0.38332764E+02, -0.38812725E+02, -0.39305080E+02, -0.39809536E+02, -0.40325642E+02, -0.40848442E+02, -0.41373882E+02, -0.41894333E+02, -0.42420200E+02, -0.42878872E+02, -0.43397373E+02, -0.42592773E+02, -0.37199123E+02, -0.30926056E+02, -0.28584667E+02, -0.27735466E+02, -0.26736580E+02, -0.25786341E+02, -0.24875441E+02, -0.23924154E+02, -0.22846813E+02, -0.21651608E+02, -0.20312811E+02, -0.18819029E+02, -0.17170679E+02, -0.15361887E+02, -0.13350942E+02, -0.11117216E+02, -0.87648363E+01, -0.64768162E+01, -0.43942785E+01, -0.25093622E+01, -0.64662695E+00,  0.14850036E+01,  0.42351246E+01,  0.78996019E+01,  0.12451911E+02,  0.17500259E+02,  0.22673695E+02,  0.27937037E+02,  0.33312344E+02,  0.38508121E+02,  0.43127556E+02,  0.48020828E+02,  0.53175087E+02,  0.61623219E+02,  0.70579903E+02,  0.73725952E+02,  0.74450005E+02,  0.75250214E+02,  0.75872139E+02,  0.76428177E+02,  0.76929863E+02,  0.77349907E+02,  0.77676697E+02,  0.77858353E+02,  0.78458496E+02,  0.77891106E+02,  0.82600975E+02,  0.86099258E+02,  0.83672020E+02,  0.82955322E+02,  0.81888672E+02,  0.81010567E+02,  0.80164848E+02,  0.79383354E+02,  0.78649223E+02,  0.77959999E+02,  0.77310425E+02,  0.76696861E+02,  0.76115891E+02,  0.75564560E+02,  0.75040215E+02,  0.74540459E+02,  0.74063103E+02,  0.73606140E+02,  0.73167694E+02,  0.72746048E+02,  0.72339554E+02,  0.71946747E+02,  0.71565910E+02,  0.71196693E+02,  0.70833969E+02,  0.70490707E+02,  0.70112617E+02,  0.69896591E+02
  0.10000000E+01, -0.33374111E+02, -0.32858677E+02, -0.32028210E+02, -0.31402168E+02, -0.30832525E+02, -0.30350761E+02, -0.29940893E+02, -0.29600264E+02, -0.29323236E+02, -0.29105522E+02, -0.28942999E+02, -0.28831991E+02, -0.28769159E+02, -0.28751503E+02, -0.28776339E+02, -0.28841261E+02, -0.28944141E+02, -0.29083096E+02, -0.29256466E+02, -0.29462811E+02, -0.29700863E+02, -0.29969532E+02, -0.30267826E+02, -0.30594963E+02, -0.30949755E+02, -0.31332695E+02, -0.31737940E+02, -0.32183304E+02, -0.32599445E+02, -0.33248211E+02, -0.33512661E+02, -0.33418304E+02, -0.33709805E+02, -0.34052208E+02, -0.34391773E+02, -0.34748116E+02, -0.35117012E+02, -0.35503124E+02, -0.35908028E+02, -0.36331684E+02, -0.36769886E+02, -0.37219357E+02, -0.37679989E+02, -0.38151531E+02, -0.38635372E+02, -0.39132061E+02, -0.39641453E+02, -0.40162994E+02, -0.40691742E+02, -0.41223984E+02, -0.41752163E+02, -0.42287006E+02, -0.42753922E+02, -0.43284752E+02, -0.42401215E+02, -0.36913727E+02, -0.30702473E+02, -0.28427309E+02, -0.27580601E+02, -0.26588058E+02, -0.25642406E+02, -0.24736471E+02, -0.23791010E+02, -0.22720469E+02, -0.21533169E+02, -0.20204063E+02, -0.18721943E+02, -0.17087170E+02, -0.15296428E+02, -0.13312660E+02, -0.11111921E+02, -0.87862549E+01, -0.65046449E+01, -0.44002223E+01, -0.24679422E+01, -0.53742665E+00,  0.16767672E+01,  0.45115151E+01,  0.82301760E+01,  0.12768944E+02,  0.17751820E+02,  0.22863914E+02,  0.28095650E+02,  0.33424828E+02,  0.38567089E+02,  0.43130302E+02,  0.48057480E+02,  0.53196064E+02,  0.61870182E+02,  0.70691544E+02,  0.73474533E+02,  0.74261917E+02,  0.75044998E+02,  0.75674667E+02,  0.76234200E+02,  0.76742142E+02,  0.77168060E+02,  0.77501266E+02,  0.77694176E+02,  0.78301804E+02,  0.77775360E+02,  0.82416664E+02,  0.85829826E+02,  0.83420052E+02,  0.82699287E+02,  0.81636818E+02,  0.80761116E+02,  0.79917671E+02,  0.79137451E+02,  0.78403717E+02,  0.77714027E+02,  0.77063255E+02,  0.76447861E+02,  0.75864525E+02,  0.75310394E+02,  0.74782883E+02,  0.74279671E+02,  0.73798615E+02,  0.73337776E+02,  0.72895325E+02,  0.72469582E+02,  0.72058945E+02,  0.71662010E+02,  0.71277077E+02,  0.70903847E+02,  0.70537216E+02,  0.70190300E+02,  0.69808380E+02,  0.69590233E+02
  0.11250000E+01, -0.33227814E+02, -0.32706844E+02, -0.31866865E+02, -0.31232553E+02, -0.30654570E+02, -0.30164816E+02, -0.29747261E+02, -0.29399315E+02, -0.29115360E+02, -0.28891136E+02, -0.28722534E+02, -0.28605883E+02, -0.28537851E+02, -0.28515434E+02, -0.28535942E+02, -0.28596964E+02, -0.28696362E+02, -0.28832245E+02, -0.29002962E+02, -0.29207077E+02, -0.29443363E+02, -0.29710787E+02, -0.30008501E+02, -0.30335869E+02, -0.30692337E+02, -0.31078072E+02, -0.31491806E+02, -0.31939524E+02, -0.32403416E+02, -0.32960068E+02, -0.33103668E+02, -0.33067635E+02, -0.33390778E+02, -0.33734844E+02, -0.34079781E+02, -0.34437485E+02, -0.34806938E+02, -0.35193226E+02, -0.35597855E+02, -0.36020130E+02, -0.36456562E+02, -0.36904202E+02, -0.37362953E+02, -0.37832741E+02, -0.38315056E+02, -0.38810513E+02, -0.39319145E+02, -0.39840607E+02, -0.40370323E+02, -0.40904800E+02, -0.41437263E+02, -0.41977703E+02, -0.42458588E+02, -0.42994160E+02, -0.42316330E+02, -0.37122665E+02, -0.30755360E+02, -0.28227310E+02, -0.27366880E+02, -0.26373777E+02, -0.25416681E+02, -0.24505629E+02, -0.23569241E+02, -0.22510450E+02, -0.21338259E+02, -0.20030647E+02, -0.18575008E+02, -0.16970007E+02, -0.15221302E+02, -0.13308492E+02, -0.11200775E+02, -0.89470415E+01, -0.66701007E+01, -0.44749274E+01, -0.23627434E+01, -0.18729994E+00,  0.23073773E+01,  0.54033046E+01,  0.92476654E+01,  0.13713701E+02,  0.18508959E+02,  0.23463842E+02,  0.28621399E+02,  0.33808754E+02,  0.38786911E+02,  0.43230263E+02,  0.48290199E+02,  0.53513046E+02,  0.62795349E+02,  0.71019272E+02,  0.72741264E+02,  0.73735603E+02,  0.74488663E+02,  0.75159660E+02,  0.75748810E+02,  0.76294365E+02,  0.76759270E+02,  0.77138237E+02,  0.77416962E+02,  0.78069672E+02,  0.77909538E+02,  0.82153755E+02,  0.85023094E+02,  0.82819016E+02,  0.82108986E+02,  0.81103729E+02,  0.80263344E+02,  0.79451630E+02,  0.78695938E+02,  0.77982048E+02,  0.77308250E+02,  0.76670326E+02,  0.76065361E+02,  0.75490532E+02,  0.74943352E+02,  0.74421509E+02,  0.73922905E+02,  0.73445595E+02,  0.72987762E+02,  0.72547714E+02,  0.72123878E+02,  0.71714737E+02,  0.71318977E+02,  0.70934975E+02,  0.70562515E+02,  0.70196548E+02,  0.69850250E+02,  0.69469070E+02,  0.69251373E+02
  0.12500000E+01, -0.32616081E+02, -0.32112892E+02, -0.31301983E+02, -0.30690401E+02, -0.30133766E+02, -0.29662907E+02, -0.29262329E+02, -0.28929541E+02, -0.28659132E+02, -0.28447001E+02, -0.28289188E+02, -0.28182167E+02, -0.28122723E+02, -0.28107967E+02, -0.28135305E+02, -0.28202414E+02, -0.28307238E+02, -0.28447960E+02, -0.28623003E+02, -0.28831009E+02, -0.29070837E+02, -0.29341566E+02, -0.29642494E+02, -0.29973135E+02, -0.30333328E+02, -0.30722878E+02, -0.31143072E+02, -0.31591208E+02, -0.32081192E+02, -0.32566868E+02, -0.32631279E+02, -0.32642162E+02, -0.32982536E+02, -0.33321835E+02, -0.33668346E+02, -0.34023884E+02, -0.34390583E+02, -0.34773266E+02, -0.35173496E+02, -0.35590267E+02, -0.36020554E+02, -0.36461605E+02, -0.36913418E+02, -0.37375984E+02, -0.37850918E+02, -0.38339043E+02, -0.38840530E+02, -0.39355568E+02, -0.39880199E+02, -0.40411003E+02, -0.40942875E+02, -0.41482956E+02, -0.41982246E+02, -0.42505856E+02, -0.42248119E+02, -0.37799763E+02, -0.31184921E+02, -0.28026333E+02, -0.27086758E+02, -0.26093637E+02, -0.25109337E+02, -0.24175968E+02, -0.23241642E+02, -0.22197559E+02, -0.21042097E+02, -0.19760395E+02, -0.18334429E+02, -0.16760620E+02, -0.15050941E+02, -0.13202916E+02, -0.11196199E+02, -0.90292578E+01, -0.67577729E+01, -0.44403210E+01, -0.20664558E+01,  0.47067443E+00,  0.33500066E+01,  0.67262988E+01,  0.10632014E+02,  0.14947814E+02,  0.19532099E+02,  0.24350935E+02,  0.29380173E+02,  0.34343243E+02,  0.39016987E+02,  0.43503300E+02,  0.48726662E+02,  0.54690765E+02,  0.64239876E+02,  0.70871727E+02,  0.71691124E+02,  0.72836365E+02,  0.73602257E+02,  0.74331413E+02,  0.74975601E+02,  0.75576187E+02,  0.76097626E+02,  0.76543411E+02,  0.76995453E+02,  0.77618263E+02,  0.78519661E+02,  0.81997704E+02,  0.83522926E+02,  0.81891930E+02,  0.81199677E+02,  0.80319321E+02,  0.79543091E+02,  0.78788925E+02,  0.78076454E+02,  0.77398148E+02,  0.76753578E+02,  0.76140282E+02,  0.75556282E+02,  0.74999519E+02,  0.74468018E+02,  0.73959892E+02,  0.73473351E+02,  0.73006691E+02,  0.72558304E+02,  0.72126694E+02,  0.71710419E+02,  0.71308105E+02,  0.70918549E+02,  0.70540260E+02,  0.70173088E+02,  0.69812141E+02,  0.69470490E+02,  0.69094398E+02,  0.68879608E+02
  0.13750000E+01, -0.31551592E+02, -0.31088953E+02, -0.30344744E+02, -0.29785986E+02, -0.29279480E+02, -0.28853518E+02, -0.28493750E+02, -0.28197828E+02, -0.27960730E+02, -0.27778650E+02, -0.27647924E+02, -0.27565283E+02, -0.27527756E+02, -0.27532673E+02, -0.27577631E+02, -0.27660486E+02, -0.27779339E+02, -0.27932512E+02, -0.28118557E+02, -0.28336231E+02, -0.28584511E+02, -0.28862581E+02, -0.29169880E+02, -0.29506014E+02, -0.29871107E+02, -0.30264633E+02, -0.30689774E+02, -0.31136915E+02, -0.31644566E+02, -0.32070454E+02, -0.32088684E+02, -0.32144997E+02, -0.32488464E+02, -0.32820137E+02, -0.33162571E+02, -0.33511768E+02, -0.33871540E+02, -0.34246254E+02, -0.34637482E+02, -0.35044220E+02, -0.35463634E+02, -0.35893005E+02, -0.36332443E+02, -0.36781891E+02, -0.37243015E+02, -0.37716965E+02, -0.38204021E+02, -0.38705021E+02, -0.39216904E+02, -0.39736145E+02, -0.40260128E+02, -0.40790527E+02, -0.41307240E+02, -0.41798920E+02, -0.41997337E+02, -0.38800556E+02, -0.32192379E+02, -0.27963842E+02, -0.26727612E+02, -0.25750916E+02, -0.24726564E+02, -0.23740362E+02, -0.22783575E+02, -0.21756739E+02, -0.20611904E+02, -0.19348438E+02, -0.17946964E+02, -0.16396891E+02, -0.14702725E+02, -0.12871586E+02, -0.10900265E+02, -0.87745247E+01, -0.64878640E+01, -0.40442777E+01, -0.14260421E+01,  0.14267825E+01,  0.45951419E+01,  0.81293268E+01,  0.12013837E+02,  0.16209095E+02,  0.20684755E+02,  0.25424639E+02,  0.30208357E+02,  0.34879940E+02,  0.39220512E+02,  0.44060760E+02,  0.49185535E+02,  0.57190132E+02,  0.66032341E+02,  0.69540169E+02,  0.70514229E+02,  0.71567001E+02,  0.72426643E+02,  0.73209442E+02,  0.73926712E+02,  0.74580475E+02,  0.75154716E+02,  0.75635101E+02,  0.76327728E+02,  0.76596802E+02,  0.79731033E+02,  0.82188942E+02,  0.81251640E+02,  0.80808105E+02,  0.80073746E+02,  0.79369713E+02,  0.78658463E+02,  0.77971306E+02,  0.77308815E+02,  0.76674088E+02,  0.76066811E+02,  0.75486267E+02,  0.74931183E+02,  0.74400131E+02,  0.73891609E+02,  0.73404106E+02,  0.72936150E+02,  0.72486298E+02,  0.72053177E+02,  0.71635475E+02,  0.71231941E+02,  0.70841354E+02,  0.70462646E+02,  0.70094475E+02,  0.69736794E+02,  0.69384895E+02,  0.69051636E+02,  0.68684654E+02,  0.68475037E+02
  0.15000000E+01, -0.30060556E+02, -0.29660189E+02, -0.29018417E+02, -0.28540861E+02, -0.28111509E+02, -0.27754784E+02, -0.27458078E+02, -0.27219255E+02, -0.27033867E+02, -0.26898548E+02, -0.26810061E+02, -0.26765520E+02, -0.26762310E+02, -0.26798073E+02, -0.26870695E+02, -0.26978285E+02, -0.27119164E+02, -0.27291855E+02, -0.27495073E+02, -0.27727724E+02, -0.27988894E+02, -0.28277861E+02, -0.28594151E+02, -0.28937422E+02, -0.29308050E+02, -0.29705305E+02, -0.30134586E+02, -0.30580711E+02, -0.31106993E+02, -0.31480501E+02, -0.31472984E+02, -0.31574984E+02, -0.31910172E+02, -0.32232697E+02, -0.32565857E+02, -0.32904732E+02, -0.33253323E+02, -0.33615646E+02, -0.33993130E+02, -0.34385151E+02, -0.34788807E+02, -0.35201149E+02, -0.35622478E+02, -0.36052479E+02, -0.36492844E+02, -0.36945045E+02, -0.37409393E+02, -0.37887302E+02, -0.38376850E+02, -0.38874504E+02, -0.39379715E+02, -0.39889458E+02, -0.40408169E+02, -0.40873516E+02, -0.41341602E+02, -0.39735760E+02, -0.33939884E+02, -0.28382841E+02, -0.26316763E+02, -0.25340960E+02, -0.24270874E+02, -0.23209589E+02, -0.22190580E+02, -0.21160341E+02, -0.20016851E+02, -0.18757524E+02, -0.17367416E+02, -0.15829516E+02, -0.14133415E+02, -0.12283314E+02, -0.10278595E+02, -0.81108170E+01, -0.57643714E+01, -0.32182820E+01, -0.44833687E+00,  0.25732441E+01,  0.58721662E+01,  0.94644442E+01,  0.13354044E+02,  0.17526093E+02,  0.21951530E+02,  0.26465818E+02,  0.30949419E+02,  0.35255413E+02,  0.39774548E+02,  0.44962654E+02,  0.51044167E+02,  0.60226089E+02,  0.66421577E+02,  0.67658089E+02,  0.69027771E+02,  0.70038460E+02,  0.70990417E+02,  0.71839928E+02,  0.72632713E+02,  0.73335167E+02,  0.73946213E+02,  0.74412071E+02,  0.75228821E+02,  0.74882515E+02,  0.79276878E+02,  0.82502884E+02,  0.80361252E+02,  0.79870888E+02,  0.79039360E+02,  0.78358360E+02,  0.77680305E+02,  0.77038658E+02,  0.76421761E+02,  0.75831116E+02,  0.75264923E+02,  0.74722229E+02,  0.74201797E+02,  0.73702400E+02,  0.73222778E+02,  0.72761681E+02,  0.72317879E+02,  0.71890175E+02,  0.71477409E+02,  0.71078461E+02,  0.70692268E+02,  0.70317780E+02,  0.69954094E+02,  0.69600014E+02,  0.69255577E+02,  0.68916382E+02,  0.68594902E+02,  0.68240654E+02,  0.68038277E+02
  0.16250000E+01, -0.28183180E+02, -0.27865000E+02, -0.27358284E+02, -0.26987589E+02, -0.26659725E+02, -0.26394049E+02, -0.26180294E+02, -0.26016607E+02, -0.25899315E+02, -0.25825621E+02, -0.25792845E+02, -0.25798605E+02, -0.25840738E+02, -0.25917292E+02, -0.26026520E+02, -0.26166857E+02, -0.26336908E+02, -0.26535442E+02, -0.26761377E+02, -0.27013771E+02, -0.27291821E+02, -0.27594847E+02, -0.27922354E+02, -0.28273846E+02, -0.28649717E+02, -0.29048510E+02, -0.29478718E+02, -0.29918749E+02, -0.30476904E+02, -0.30821806E+02, -0.30793337E+02, -0.30931511E+02, -0.31250750E+02, -0.31561308E+02, -0.31881020E+02, -0.32206013E+02, -0.32539665E+02, -0.32885418E+02, -0.33244640E+02, -0.33617382E+02, -0.34000412E+02, -0.34390354E+02, -0.34787659E+02, -0.35191700E+02, -0.35603989E+02, -0.36026268E+02, -0.36458927E+02, -0.36903385E+02, -0.37359169E+02, -0.37823246E+02, -0.38295067E+02, -0.38772137E+02, -0.39262642E+02, -0.39724686E+02, -0.40202263E+02, -0.39980202E+02, -0.36151066E+02, -0.29855991E+02, -0.26130339E+02, -0.24838230E+02, -0.23753382E+02, -0.22620502E+02, -0.21487049E+02, -0.20385130E+02, -0.19238302E+02, -0.17963682E+02, -0.16563374E+02, -0.15019428E+02, -0.13319363E+02, -0.11444312E+02, -0.93907604E+01, -0.71591473E+01, -0.47331920E+01, -0.20964155E+01,  0.76908821E+00,  0.38801970E+01,  0.72502484E+01,  0.10886840E+02,  0.14791524E+02,  0.18892727E+02,  0.23087976E+02,  0.27344654E+02,  0.31508959E+02,  0.35876125E+02,  0.40993355E+02,  0.46320908E+02,  0.54998226E+02,  0.62331467E+02,  0.64437553E+02,  0.65956177E+02,  0.67187645E+02,  0.68322868E+02,  0.69341934E+02,  0.70285240E+02,  0.71151772E+02,  0.71913857E+02,  0.72596016E+02,  0.73216507E+02,  0.74091476E+02,  0.74646683E+02,  0.78724953E+02,  0.81040848E+02,  0.79168068E+02,  0.78626907E+02,  0.77847534E+02,  0.77205917E+02,  0.76579063E+02,  0.75988571E+02,  0.75422501E+02,  0.74880440E+02,  0.74360046E+02,  0.73860100E+02,  0.73379326E+02,  0.72916603E+02,  0.72470848E+02,  0.72041008E+02,  0.71626068E+02,  0.71225044E+02,  0.70836983E+02,  0.70460960E+02,  0.70096092E+02,  0.69741524E+02,  0.69396484E+02,  0.69059959E+02,  0.68732101E+02,  0.68408783E+02,  0.68102043E+02,  0.67763725E+02,  0.67570381E+02
  0.17500000E+01, -0.25973711E+02, -0.25754860E+02, -0.25411158E+02, -0.25169130E+02, -0.24963352E+02, -0.24807112E+02, -0.24693026E+02, -0.24619621E+02, -0.24584166E+02, -0.24584555E+02, -0.24618792E+02, -0.24685085E+02, -0.24781816E+02, -0.24907524E+02, -0.25060892E+02, -0.25240747E+02, -0.25446035E+02, -0.25675819E+02, -0.25929266E+02, -0.26205626E+02, -0.26504234E+02, -0.26824404E+02, -0.27165646E+02, -0.27526566E+02, -0.27908413E+02, -0.28300669E+02, -0.28732244E+02, -0.29074520E+02, -0.29762445E+02, -0.30191204E+02, -0.30054445E+02, -0.30217649E+02, -0.30510517E+02, -0.30806946E+02, -0.31110315E+02, -0.31418968E+02, -0.31734840E+02, -0.32060547E+02, -0.32397469E+02, -0.32746685E+02, -0.33104404E+02, -0.33466766E+02, -0.33834240E+02, -0.34205891E+02, -0.34582809E+02, -0.34966755E+02, -0.35358303E+02, -0.35758381E+02, -0.36167873E+02, -0.36584560E+02, -0.37006512E+02, -0.37434223E+02, -0.37867916E+02, -0.38307755E+02, -0.38706554E+02, -0.39070988E+02, -0.37720234E+02, -0.32630955E+02, -0.27026091E+02, -0.24364065E+02, -0.23168776E+02, -0.21976530E+02, -0.20747715E+02, -0.19497475E+02, -0.18260738E+02, -0.16965851E+02, -0.15532440E+02, -0.13959347E+02, -0.12228357E+02, -0.10326877E+02, -0.82415552E+01, -0.59596591E+01, -0.34679310E+01, -0.75655371E+00,  0.21823494E+01,  0.53533535E+01,  0.87505379E+01,  0.12355528E+02,  0.16137455E+02,  0.20049696E+02,  0.24049658E+02,  0.28057787E+02,  0.32391739E+02,  0.37387806E+02,  0.42529396E+02,  0.50778450E+02,  0.58165131E+02,  0.60749577E+02,  0.62456955E+02,  0.63909302E+02,  0.65240738E+02,  0.66444916E+02,  0.67555725E+02,  0.68587921E+02,  0.69521683E+02,  0.70353561E+02,  0.71070137E+02,  0.72037056E+02,  0.72291496E+02,  0.75961891E+02,  0.78969589E+02,  0.77955437E+02,  0.77644928E+02,  0.77024460E+02,  0.76462090E+02,  0.75894470E+02,  0.75350327E+02,  0.74824974E+02,  0.74319618E+02,  0.73832878E+02,  0.73363869E+02,  0.72911552E+02,  0.72474991E+02,  0.72053299E+02,  0.71645599E+02,  0.71251068E+02,  0.70868912E+02,  0.70498344E+02,  0.70138626E+02,  0.69789017E+02,  0.69448830E+02,  0.69117371E+02,  0.68794052E+02,  0.68478020E+02,  0.68169540E+02,  0.67864815E+02,  0.67575325E+02,  0.67255630E+02,  0.67072845E+02
  0.18750000E+01, -0.23499483E+02, -0.23393265E+02, -0.23234201E+02, -0.23137615E+02, -0.23069735E+02, -0.23037027E+02, -0.23035427E+02, -0.23063913E+02, -0.23120834E+02, -0.23204882E+02, -0.23314817E+02, -0.23449532E+02, -0.23608007E+02, -0.23789335E+02, -0.23992695E+02, -0.24217348E+02, -0.24462633E+02, -0.24727966E+02, -0.25012821E+02, -0.25316721E+02, -0.25639233E+02, -0.25979910E+02, -0.26338425E+02, -0.26713869E+02, -0.27107182E+02, -0.27511877E+02, -0.27948505E+02, -0.28336603E+02, -0.28975521E+02, -0.29319811E+02, -0.29217409E+02, -0.29397898E+02, -0.29682100E+02, -0.29967255E+02, -0.30256126E+02, -0.30547892E+02, -0.30844336E+02, -0.31147566E+02, -0.31458982E+02, -0.31780582E+02, -0.32108643E+02, -0.32438690E+02, -0.32770844E+02, -0.33104130E+02, -0.33438835E+02, -0.33776398E+02, -0.34117641E+02, -0.34462879E+02, -0.34813366E+02, -0.35167931E+02, -0.35523811E+02, -0.35881027E+02, -0.36238853E+02, -0.36601788E+02, -0.36951126E+02, -0.37269848E+02, -0.37355854E+02, -0.35238083E+02, -0.29930933E+02, -0.24950211E+02, -0.22574007E+02, -0.21283459E+02, -0.19980082E+02, -0.18622635E+02, -0.17214840E+02, -0.15780217E+02, -0.14298477E+02, -0.12684935E+02, -0.10906719E+02, -0.89630451E+01, -0.68351374E+01, -0.45107603E+01, -0.19809276E+01,  0.75816816E+00,  0.37050061E+01,  0.68523793E+01,  0.10189508E+02,  0.13703705E+02,  0.17357355E+02,  0.21066437E+02,  0.25033937E+02,  0.29466862E+02,  0.34151829E+02,  0.39566566E+02,  0.47742092E+02,  0.54211086E+02,  0.56673599E+02,  0.58628254E+02,  0.60270424E+02,  0.61803932E+02,  0.63197247E+02,  0.64486877E+02,  0.65687874E+02,  0.66791969E+02,  0.67774620E+02,  0.68682884E+02,  0.69516853E+02,  0.70598930E+02,  0.71265976E+02,  0.75565498E+02,  0.78141968E+02,  0.76428322E+02,  0.76095627E+02,  0.75485291E+02,  0.74994102E+02,  0.74499580E+02,  0.74028831E+02,  0.73572258E+02,  0.73131088E+02,  0.72703979E+02,  0.72290367E+02,  0.71889542E+02,  0.71500862E+02,  0.71123688E+02,  0.70757416E+02,  0.70401443E+02,  0.70055199E+02,  0.69718117E+02,  0.69389648E+02,  0.69069260E+02,  0.68756447E+02,  0.68450691E+02,  0.68151566E+02,  0.67858398E+02,  0.67571564E+02,  0.67287605E+02,  0.67017403E+02,  0.66718521E+02,  0.66547501E+02
  0.20000000E+01, -0.20838554E+02, -0.20853426E+02, -0.20892778E+02, -0.20952356E+02, -0.21032524E+02, -0.21132442E+02, -0.21251640E+02, -0.21389584E+02, -0.21545790E+02, -0.21719801E+02, -0.21911192E+02, -0.22119570E+02, -0.22344568E+02, -0.22585859E+02, -0.22843149E+02, -0.23116173E+02, -0.23404696E+02, -0.23708521E+02, -0.24027479E+02, -0.24361422E+02, -0.24710232E+02, -0.25073797E+02, -0.25452106E+02, -0.25844881E+02, -0.26253048E+02, -0.26673433E+02, -0.27119013E+02, -0.27544279E+02, -0.28125423E+02, -0.28386545E+02, -0.28309103E+02, -0.28499979E+02, -0.28777594E+02, -0.29052507E+02, -0.29327009E+02, -0.29601124E+02, -0.29876415E+02, -0.30155210E+02, -0.30438648E+02, -0.30728739E+02, -0.31023064E+02, -0.31316694E+02, -0.31608704E+02, -0.31898321E+02, -0.32184795E+02, -0.32469006E+02, -0.32751869E+02, -0.33033176E+02, -0.33313240E+02, -0.33592102E+02, -0.33866970E+02, -0.34135265E+02, -0.34396824E+02, -0.34650169E+02, -0.34898453E+02, -0.35115490E+02, -0.35288502E+02, -0.35152195E+02, -0.33016174E+02, -0.28131536E+02, -0.23316793E+02, -0.20664059E+02, -0.19167828E+02, -0.17740446E+02, -0.16236002E+02, -0.14656802E+02, -0.12996888E+02, -0.11249684E+02, -0.94106960E+01, -0.74386024E+01, -0.52829256E+01, -0.29310863E+01, -0.38310790E+00,  0.23562956E+01,  0.52747793E+01,  0.83481054E+01,  0.11560920E+02,  0.14991474E+02,  0.18710732E+02,  0.22692097E+02,  0.27051563E+02,  0.31406998E+02,  0.37827446E+02,  0.45604462E+02,  0.50098309E+02,  0.52402775E+02,  0.54537041E+02,  0.56361568E+02,  0.58087898E+02,  0.59668072E+02,  0.61138454E+02,  0.62511986E+02,  0.63784546E+02,  0.64936577E+02,  0.65991249E+02,  0.66917297E+02,  0.68125412E+02,  0.68414627E+02,  0.72594414E+02,  0.76001839E+02,  0.74867195E+02,  0.74720886E+02,  0.74244003E+02,  0.73843262E+02,  0.73426949E+02,  0.73025169E+02,  0.72631516E+02,  0.72248077E+02,  0.71874191E+02,  0.71509735E+02,  0.71154381E+02,  0.70807793E+02,  0.70469627E+02,  0.70139542E+02,  0.69817169E+02,  0.69502159E+02,  0.69194168E+02,  0.68892822E+02,  0.68597801E+02,  0.68308746E+02,  0.68025337E+02,  0.67747238E+02,  0.67474197E+02,  0.67205704E+02,  0.66942230E+02,  0.66680695E+02,  0.66431297E+02,  0.66154839E+02,  0.65996506E+02
  0.21250000E+01, -0.18075762E+02, -0.18214680E+02, -0.18457369E+02, -0.18677135E+02, -0.18909281E+02, -0.19145479E+02, -0.19388916E+02, -0.19639544E+02, -0.19898060E+02, -0.20164856E+02, -0.20440329E+02, -0.20724804E+02, -0.21018572E+02, -0.21321892E+02, -0.21635002E+02, -0.21958117E+02, -0.22291441E+02, -0.22635178E+02, -0.22989519E+02, -0.23354662E+02, -0.23730818E+02, -0.24118196E+02, -0.24517086E+02, -0.24927671E+02, -0.25350811E+02, -0.25785320E+02, -0.26238409E+02, -0.26687111E+02, -0.27222624E+02, -0.27420605E+02, -0.27354092E+02, -0.27545202E+02, -0.27813290E+02, -0.28076324E+02, -0.28334906E+02, -0.28589697E+02, -0.28841908E+02, -0.29093786E+02, -0.29347242E+02, -0.29602890E+02, -0.29859579E+02, -0.30113335E+02, -0.30361227E+02, -0.30602745E+02, -0.30836370E+02, -0.31061983E+02, -0.31280184E+02, -0.31490459E+02, -0.31692064E+02, -0.31884659E+02, -0.32066250E+02, -0.32232666E+02, -0.32380836E+02, -0.32508617E+02, -0.32612671E+02, -0.32691948E+02, -0.32720737E+02, -0.32671066E+02, -0.32418671E+02, -0.30900215E+02, -0.27049599E+02, -0.22295168E+02, -0.18849146E+02, -0.16824053E+02, -0.15226637E+02, -0.13569482E+02, -0.11818261E+02, -0.99709520E+01, -0.80126495E+01, -0.59264164E+01, -0.36950030E+01, -0.13032600E+01,  0.12616670E+01,  0.40079503E+01,  0.69374595E+01,  0.10053901E+02,  0.13391051E+02,  0.17026123E+02,  0.20895552E+02,  0.24814278E+02,  0.30344156E+02,  0.37599556E+02,  0.42776077E+02,  0.45594246E+02,  0.48065865E+02,  0.50261089E+02,  0.52287468E+02,  0.54181847E+02,  0.55940456E+02,  0.57584202E+02,  0.59126141E+02,  0.60561733E+02,  0.61882046E+02,  0.63081501E+02,  0.64199577E+02,  0.65387779E+02,  0.66392097E+02,  0.68603386E+02,  0.72596565E+02,  0.73894081E+02,  0.73043800E+02,  0.72827209E+02,  0.72459793E+02,  0.72141129E+02,  0.71815269E+02,  0.71496857E+02,  0.71182114E+02,  0.70872246E+02,  0.70567070E+02,  0.70266716E+02,  0.69971169E+02,  0.69680405E+02,  0.69394356E+02,  0.69112938E+02,  0.68836044E+02,  0.68563553E+02,  0.68295334E+02,  0.68031242E+02,  0.67771133E+02,  0.67514847E+02,  0.67262230E+02,  0.67013130E+02,  0.66767441E+02,  0.66524849E+02,  0.66285889E+02,  0.66047897E+02,  0.65820343E+02,  0.65567368E+02,  0.65422302E+02
  0.22500000E+01, -0.15297643E+02, -0.15557918E+02, -0.15999804E+02, -0.16376957E+02, -0.16758698E+02, -0.17129318E+02, -0.17495516E+02, -0.17857674E+02, -0.18217598E+02, -0.18576487E+02, -0.18935507E+02, -0.19295670E+02, -0.19657894E+02, -0.20022995E+02, -0.20391724E+02, -0.20764757E+02, -0.21142721E+02, -0.21526199E+02, -0.21915739E+02, -0.22311857E+02, -0.22715059E+02, -0.23125839E+02, -0.23544716E+02, -0.23972174E+02, -0.24408962E+02, -0.24855082E+02, -0.25313684E+02, -0.25776609E+02, -0.26278368E+02, -0.26430990E+02, -0.26365896E+02, -0.26548014E+02, -0.26802830E+02, -0.27051798E+02, -0.27292212E+02, -0.27525696E+02, -0.27752928E+02, -0.27975681E+02, -0.28196533E+02, -0.28415136E+02, -0.28631453E+02, -0.28842470E+02, -0.29043356E+02, -0.29233566E+02, -0.29411327E+02, -0.29575159E+02, -0.29724817E+02, -0.29859838E+02, -0.29978558E+02, -0.30079237E+02, -0.30160231E+02, -0.30217453E+02, -0.30244963E+02, -0.30237865E+02, -0.30190914E+02, -0.30096874E+02, -0.29949739E+02, -0.29725941E+02, -0.29384956E+02, -0.28903765E+02, -0.27992998E+02, -0.25795782E+02, -0.22052479E+02, -0.17976742E+02, -0.14754579E+02, -0.12448080E+02, -0.10544653E+02, -0.86387997E+01, -0.66012497E+01, -0.44216099E+01, -0.20973125E+01,  0.39106789E+00,  0.30719199E+01,  0.59608431E+01,  0.90254345E+01,  0.12174988E+02,  0.15453537E+02,  0.19560606E+02,  0.25264341E+02,  0.31314455E+02,  0.35536583E+02,  0.38409084E+02,  0.41147903E+02,  0.43650139E+02,  0.45954464E+02,  0.48143894E+02,  0.50189251E+02,  0.52107250E+02,  0.53910542E+02,  0.55607296E+02,  0.57192974E+02,  0.58662296E+02,  0.60000854E+02,  0.61272415E+02,  0.62490707E+02,  0.63857891E+02,  0.65016907E+02,  0.69441818E+02,  0.72249542E+02,  0.71180206E+02,  0.71156670E+02,  0.70861443E+02,  0.70643074E+02,  0.70404976E+02,  0.70171555E+02,  0.69935875E+02,  0.69699936E+02,  0.69463570E+02,  0.69227257E+02,  0.68991280E+02,  0.68755951E+02,  0.68521507E+02,  0.68288147E+02,  0.68056046E+02,  0.67825325E+02,  0.67596077E+02,  0.67368393E+02,  0.67142311E+02,  0.66917877E+02,  0.66695114E+02,  0.66474037E+02,  0.66254654E+02,  0.66037025E+02,  0.65820976E+02,  0.65607170E+02,  0.65393295E+02,  0.65188057E+02,  0.64959076E+02,  0.64827560E+02
  0.23750000E+01, -0.12587027E+02, -0.12960756E+02, -0.13589313E+02, -0.14114690E+02, -0.14637733E+02, -0.15135734E+02, -0.15618570E+02, -0.16086946E+02, -0.16543648E+02, -0.16990576E+02, -0.17429585E+02, -0.17862299E+02, -0.18290192E+02, -0.18714594E+02, -0.19136713E+02, -0.19557650E+02, -0.19978416E+02, -0.20399942E+02, -0.20823092E+02, -0.21248671E+02, -0.21677439E+02, -0.22110125E+02, -0.22547422E+02, -0.22990019E+02, -0.23438578E+02, -0.23893841E+02, -0.24356224E+02, -0.24827379E+02, -0.25304308E+02, -0.25425117E+02, -0.25354746E+02, -0.25519449E+02, -0.25757690E+02, -0.25990812E+02, -0.26210779E+02, -0.26421066E+02, -0.26621426E+02, -0.26813854E+02, -0.26999510E+02, -0.27178699E+02, -0.27352537E+02, -0.27518339E+02, -0.27670853E+02, -0.27808023E+02, -0.27928226E+02, -0.28029240E+02, -0.28109436E+02, -0.28167969E+02, -0.28202927E+02, -0.28211607E+02, -0.28190887E+02, -0.28137463E+02, -0.28045347E+02, -0.27906498E+02, -0.27713337E+02, -0.27456917E+02, -0.27126217E+02, -0.26707266E+02, -0.26182859E+02, -0.25512877E+02, -0.24652334E+02, -0.23587383E+02, -0.22246794E+02, -0.20338188E+02, -0.17607746E+02, -0.14301192E+02, -0.10978712E+02, -0.79832349E+01, -0.53164182E+01, -0.28324125E+01, -0.37227204E+00,  0.22039537E+01,  0.50493302E+01,  0.83658304E+01,  0.12345002E+02,  0.16918520E+02,  0.21435169E+02,  0.25126892E+02,  0.28142033E+02,  0.31121025E+02,  0.34068424E+02,  0.36770168E+02,  0.39317978E+02,  0.41752674E+02,  0.44050667E+02,  0.46220486E+02,  0.48270096E+02,  0.50210526E+02,  0.52042194E+02,  0.53760197E+02,  0.55360313E+02,  0.56828850E+02,  0.58234314E+02,  0.59537739E+02,  0.61082996E+02,  0.61913620E+02,  0.66537125E+02,  0.69999527E+02,  0.69024254E+02,  0.69192535E+02,  0.69024925E+02,  0.68927094E+02,  0.68795189E+02,  0.68659767E+02,  0.68514458E+02,  0.68362396E+02,  0.68203987E+02,  0.68040207E+02,  0.67871780E+02,  0.67699379E+02,  0.67523605E+02,  0.67344971E+02,  0.67163933E+02,  0.66980888E+02,  0.66796188E+02,  0.66610123E+02,  0.66422966E+02,  0.66234955E+02,  0.66046295E+02,  0.65857178E+02,  0.65667778E+02,  0.65478256E+02,  0.65288803E+02,  0.65099426E+02,  0.64910843E+02,  0.64721115E+02,  0.64538254E+02,  0.64333199E+02,  0.64215172E+02
  0.25000000E+01, -0.10018245E+02, -0.10493246E+02, -0.11288985E+02, -0.11948026E+02, -0.12599007E+02, -0.13212841E+02, -0.13802109E+02, -0.14367707E+02, -0.14913218E+02, -0.15441111E+02, -0.15953806E+02, -0.16453442E+02, -0.16941959E+02, -0.17421122E+02, -0.17892536E+02, -0.18357664E+02, -0.18817848E+02, -0.19274321E+02, -0.19728220E+02, -0.20180601E+02, -0.20632435E+02, -0.21084644E+02, -0.21538073E+02, -0.21993557E+02, -0.22451710E+02, -0.22913754E+02, -0.23378378E+02, -0.23853430E+02, -0.24312248E+02, -0.24412066E+02, -0.24330803E+02, -0.24469240E+02, -0.24688087E+02, -0.24904430E+02, -0.25101713E+02, -0.25286985E+02, -0.25458807E+02, -0.25619101E+02, -0.25768480E+02, -0.25908211E+02, -0.26037720E+02, -0.26156235E+02, -0.26259712E+02, -0.26343355E+02, -0.26405807E+02, -0.26444563E+02, -0.26456863E+02, -0.26440725E+02, -0.26394388E+02, -0.26314627E+02, -0.26197603E+02, -0.26038830E+02, -0.25833282E+02, -0.25573702E+02, -0.25250298E+02, -0.24852852E+02, -0.24369961E+02, -0.23787773E+02, -0.23089685E+02, -0.22255590E+02, -0.21264818E+02, -0.20080950E+02, -0.18658911E+02, -0.16964045E+02, -0.14987330E+02, -0.12755054E+02, -0.10295260E+02, -0.76188474E+01, -0.47397184E+01, -0.16922786E+01,  0.14757210E+01,  0.47110453E+01,  0.79604492E+01,  0.11194167E+02,  0.14433931E+02,  0.17721869E+02,  0.21013769E+02,  0.24172964E+02,  0.27119003E+02,  0.29927073E+02,  0.32651817E+02,  0.35260410E+02,  0.37750454E+02,  0.40123020E+02,  0.42380623E+02,  0.44531815E+02,  0.46576385E+02,  0.48516026E+02,  0.50342545E+02,  0.52051666E+02,  0.53639084E+02,  0.55169708E+02,  0.56587254E+02,  0.58253788E+02,  0.59119583E+02,  0.63784218E+02,  0.67429665E+02,  0.66650757E+02,  0.66988106E+02,  0.66972481E+02,  0.67009300E+02,  0.66998520E+02,  0.66973091E+02,  0.66928627E+02,  0.66869606E+02,  0.66797417E+02,  0.66713776E+02,  0.66619995E+02,  0.66517204E+02,  0.66406418E+02,  0.66288490E+02,  0.66164192E+02,  0.66034210E+02,  0.65899139E+02,  0.65759521E+02,  0.65615837E+02,  0.65468529E+02,  0.65317978E+02,  0.65164566E+02,  0.65008621E+02,  0.64850464E+02,  0.64690384E+02,  0.64528702E+02,  0.64365585E+02,  0.64201813E+02,  0.64035805E+02,  0.63874813E+02,  0.63693115E+02,  0.63588249E+02
  0.26250000E+01, -0.76537623E+01, -0.82147770E+01, -0.91531038E+01, -0.99271326E+01, -0.10688732E+02, -0.11403258E+02, -0.12085435E+02, -0.12736221E+02, -0.13359786E+02, -0.13959012E+02, -0.14536754E+02, -0.15095534E+02, -0.15637670E+02, -0.16165260E+02, -0.16680231E+02, -0.17184340E+02, -0.17679195E+02, -0.18166279E+02, -0.18646954E+02, -0.19122475E+02, -0.19593998E+02, -0.20062607E+02, -0.20529266E+02, -0.20994946E+02, -0.21460264E+02, -0.21926720E+02, -0.22392115E+02, -0.22867548E+02, -0.23313915E+02, -0.23402914E+02, -0.23305206E+02, -0.23407267E+02, -0.23603622E+02, -0.23802479E+02, -0.23975294E+02, -0.24134163E+02, -0.24276377E+02, -0.24403715E+02, -0.24516512E+02, -0.24615721E+02, -0.24700548E+02, -0.24770945E+02, -0.24824600E+02, -0.24855820E+02, -0.24861698E+02, -0.24839874E+02, -0.24787523E+02, -0.24701305E+02, -0.24578640E+02, -0.24416908E+02, -0.24211891E+02, -0.23958759E+02, -0.23651985E+02, -0.23285091E+02, -0.22850601E+02, -0.22338188E+02, -0.21736155E+02, -0.21032681E+02, -0.20214048E+02, -0.19264977E+02, -0.18168705E+02, -0.16906620E+02, -0.15461138E+02, -0.13820482E+02, -0.11976346E+02, -0.99259558E+01, -0.76777186E+01, -0.52467847E+01, -0.26521287E+01,  0.81261791E-01,  0.29227767E+01,  0.58390574E+01,  0.87975378E+01,  0.11769945E+02,  0.14734979E+02,  0.17687469E+02,  0.20617407E+02,  0.23488413E+02,  0.26269876E+02,  0.28958260E+02,  0.31555872E+02,  0.34055981E+02,  0.36458244E+02,  0.38766537E+02,  0.40978310E+02,  0.43093010E+02,  0.45106480E+02,  0.47011642E+02,  0.48803459E+02,  0.50493877E+02,  0.52136360E+02,  0.53671108E+02,  0.55433487E+02,  0.56455872E+02,  0.61145359E+02,  0.64790062E+02,  0.64174026E+02,  0.64643715E+02,  0.64768219E+02,  0.64935844E+02,  0.65048248E+02,  0.65137260E+02,  0.65199158E+02,  0.65239006E+02,  0.65258881E+02,  0.65261101E+02,  0.65247505E+02,  0.65219696E+02,  0.65179070E+02,  0.65126846E+02,  0.65064102E+02,  0.64991806E+02,  0.64910820E+02,  0.64821892E+02,  0.64725739E+02,  0.64622986E+02,  0.64514206E+02,  0.64399940E+02,  0.64280685E+02,  0.64156891E+02,  0.64029015E+02,  0.63897453E+02,  0.63762669E+02,  0.63624920E+02,  0.63485065E+02,  0.63341846E+02,  0.63201839E+02,  0.63042419E+02,  0.62950027E+02
  0.27500000E+01, -0.55425048E+01, -0.61724305E+01, -0.72255859E+01, -0.80931854E+01, -0.89453459E+01, -0.97428398E+01, -0.10501958E+02, -0.11223598E+02, -0.11912308E+02, -0.12571233E+02, -0.13203511E+02, -0.13811937E+02, -0.14399082E+02, -0.14967293E+02, -0.15518724E+02, -0.16055351E+02, -0.16578985E+02, -0.17091297E+02, -0.17593822E+02, -0.18087973E+02, -0.18575056E+02, -0.19056280E+02, -0.19532734E+02, -0.20005489E+02, -0.20475245E+02, -0.20943619E+02, -0.21408304E+02, -0.21881023E+02, -0.22320395E+02, -0.22410152E+02, -0.22290262E+02, -0.22344355E+02, -0.22513727E+02, -0.22693174E+02, -0.22840826E+02, -0.22972404E+02, -0.23084515E+02, -0.23178522E+02, -0.23254768E+02, -0.23313074E+02, -0.23354210E+02, -0.23376820E+02, -0.23379992E+02, -0.23360182E+02, -0.23311655E+02, -0.23232201E+02, -0.23118774E+02, -0.22968201E+02, -0.22776674E+02, -0.22541018E+02, -0.22257936E+02, -0.21922688E+02, -0.21529884E+02, -0.21073458E+02, -0.20546459E+02, -0.19941233E+02, -0.19249096E+02, -0.18459230E+02, -0.17560392E+02, -0.16541769E+02, -0.15392064E+02, -0.14100335E+02, -0.12657124E+02, -0.11055657E+02, -0.92924204E+01, -0.73680782E+01, -0.52882538E+01, -0.30630898E+01, -0.70662719E+00,  0.17634710E+01,  0.43266630E+01,  0.69608231E+01,  0.96438656E+01,  0.12355076E+02,  0.15076203E+02,  0.17791832E+02,  0.20486404E+02,  0.23142242E+02,  0.25742920E+02,  0.28277285E+02,  0.30742521E+02,  0.33135136E+02,  0.35448669E+02,  0.37680077E+02,  0.39825882E+02,  0.41876965E+02,  0.43831142E+02,  0.45681866E+02,  0.47452198E+02,  0.49178192E+02,  0.50836994E+02,  0.52652149E+02,  0.54026333E+02,  0.58664764E+02,  0.62057308E+02,  0.61653263E+02,  0.62216946E+02,  0.62470203E+02,  0.62756424E+02,  0.62986179E+02,  0.63186890E+02,  0.63354954E+02,  0.63495037E+02,  0.63609325E+02,  0.63700363E+02,  0.63770264E+02,  0.63820950E+02,  0.63854118E+02,  0.63871273E+02,  0.63873764E+02,  0.63862801E+02,  0.63839466E+02,  0.63804745E+02,  0.63759529E+02,  0.63704632E+02,  0.63640800E+02,  0.63568718E+02,  0.63489033E+02,  0.63402340E+02,  0.63309216E+02,  0.63210194E+02,  0.63105801E+02,  0.62996559E+02,  0.62882866E+02,  0.62765636E+02,  0.62643867E+02,  0.62523514E+02,  0.62384830E+02,  0.62304035E+02
  0.28750000E+01, -0.37197301E+01, -0.44007092E+01, -0.55394845E+01, -0.64777632E+01, -0.73988500E+01, -0.82599945E+01, -0.90785036E+01, -0.98551149E+01, -0.10594570E+02, -0.11300132E+02, -0.11975084E+02, -0.12622371E+02, -0.13244714E+02, -0.13844608E+02, -0.14424352E+02, -0.14986060E+02, -0.15531678E+02, -0.16063000E+02, -0.16581682E+02, -0.17089252E+02, -0.17587124E+02, -0.18076603E+02, -0.18558886E+02, -0.19035137E+02, -0.19506210E+02, -0.19973694E+02, -0.20435980E+02, -0.20902876E+02, -0.21340919E+02, -0.21445272E+02, -0.21298506E+02, -0.21293167E+02, -0.21428549E+02, -0.21583990E+02, -0.21707270E+02, -0.21811319E+02, -0.21893206E+02, -0.21953814E+02, -0.21993591E+02, -0.22012537E+02, -0.22010324E+02, -0.21986225E+02, -0.21939453E+02, -0.21868855E+02, -0.21769226E+02, -0.21635576E+02, -0.21465578E+02, -0.21255905E+02, -0.21003124E+02, -0.20703276E+02, -0.20352516E+02, -0.19947248E+02, -0.19482853E+02, -0.18953825E+02, -0.18354223E+02, -0.17677555E+02, -0.16916813E+02, -0.16064501E+02, -0.15113103E+02, -0.14054603E+02, -0.12880630E+02, -0.11584253E+02, -0.10160279E+02, -0.86052723E+01, -0.69181314E+01, -0.51004395E+01, -0.31568725E+01, -0.10950862E+01,  0.10745164E+01,  0.33391178E+01,  0.56840525E+01,  0.80934639E+01,  0.10551097E+02,  0.13040754E+02,  0.15546831E+02,  0.18054071E+02,  0.20549185E+02,  0.23021399E+02,  0.25459192E+02,  0.27851839E+02,  0.30191063E+02,  0.32470695E+02,  0.34684212E+02,  0.36821083E+02,  0.38877560E+02,  0.40844986E+02,  0.42734310E+02,  0.44573776E+02,  0.46347942E+02,  0.48131779E+02,  0.49862766E+02,  0.52050522E+02,  0.56513557E+02,  0.59128349E+02,  0.59103367E+02,  0.59722660E+02,  0.60111233E+02,  0.60506794E+02,  0.60848591E+02,  0.61155968E+02,  0.61426956E+02,  0.61665352E+02,  0.61873341E+02,  0.62053394E+02,  0.62207714E+02,  0.62338341E+02,  0.62447132E+02,  0.62535786E+02,  0.62605831E+02,  0.62658661E+02,  0.62695545E+02,  0.62717632E+02,  0.62725983E+02,  0.62721554E+02,  0.62705246E+02,  0.62677879E+02,  0.62640224E+02,  0.62592999E+02,  0.62536888E+02,  0.62472538E+02,  0.62400570E+02,  0.62321579E+02,  0.62236187E+02,  0.62144867E+02,  0.62048550E+02,  0.61946533E+02,  0.61844170E+02,  0.61724255E+02,  0.61653904E+02
  0.30000000E+01, -0.22080016E+01, -0.29222288E+01, -0.41173029E+01, -0.51029477E+01, -0.60707374E+01, -0.69754992E+01, -0.78350511E+01, -0.86499157E+01, -0.94248533E+01, -0.10163121E+02, -0.10868033E+02, -0.11542567E+02, -0.12189494E+02, -0.12811369E+02, -0.13410548E+02, -0.13989209E+02, -0.14549364E+02, -0.15092871E+02, -0.15621448E+02, -0.16136684E+02, -0.16640057E+02, -0.17132933E+02, -0.17616589E+02, -0.18092247E+02, -0.18560972E+02, -0.19024143E+02, -0.19481770E+02, -0.19938805E+02, -0.20381529E+02, -0.20515978E+02, -0.20340860E+02, -0.20267603E+02, -0.20359406E+02, -0.20484900E+02, -0.20585543E+02, -0.20660803E+02, -0.20711926E+02, -0.20738930E+02, -0.20742508E+02, -0.20722572E+02, -0.20678408E+02, -0.20610243E+02, -0.20516232E+02, -0.20394819E+02, -0.20245159E+02, -0.20061584E+02, -0.19839470E+02, -0.19576269E+02, -0.19268595E+02, -0.18912931E+02, -0.18505461E+02, -0.18041960E+02, -0.17518623E+02, -0.16931467E+02, -0.16275492E+02, -0.15545447E+02, -0.14735849E+02, -0.13841094E+02, -0.12855578E+02, -0.11773853E+02, -0.10590886E+02, -0.93024588E+01, -0.79055915E+01, -0.63986073E+01, -0.47813754E+01, -0.30557599E+01, -0.12257670E+01,  0.70244694E+00,  0.27207620E+01,  0.48194189E+01,  0.69873328E+01,  0.92127008E+01,  0.11483399E+02,  0.13786922E+02,  0.16110683E+02,  0.18442537E+02,  0.20771049E+02,  0.23085449E+02,  0.25375500E+02,  0.27633160E+02,  0.29847677E+02,  0.32007648E+02,  0.34108585E+02,  0.36139980E+02,  0.38104691E+02,  0.40017620E+02,  0.41891655E+02,  0.43691345E+02,  0.45657352E+02,  0.47048878E+02,  0.50487873E+02,  0.54792896E+02,  0.56068913E+02,  0.56550655E+02,  0.57185654E+02,  0.57717098E+02,  0.58215694E+02,  0.58665730E+02,  0.59074894E+02,  0.59444557E+02,  0.59777668E+02,  0.60076611E+02,  0.60343769E+02,  0.60581345E+02,  0.60791412E+02,  0.60975891E+02,  0.61136559E+02,  0.61275047E+02,  0.61392864E+02,  0.61491386E+02,  0.61571888E+02,  0.61635544E+02,  0.61683430E+02,  0.61716549E+02,  0.61735832E+02,  0.61742153E+02,  0.61736328E+02,  0.61719124E+02,  0.61691277E+02,  0.61653496E+02,  0.61606453E+02,  0.61550808E+02,  0.61487225E+02,  0.61416264E+02,  0.61338882E+02,  0.61254589E+02,  0.61168217E+02,  0.61064774E+02,  0.61003513E+02
  0.31250000E+01, -0.10186560E+01, -0.17489300E+01, -0.29718029E+01, -0.39818769E+01, -0.49743400E+01, -0.59026918E+01, -0.67848186E+01, -0.76209922E+01, -0.84158592E+01, -0.91725616E+01, -0.98943377E+01, -0.10584104E+02, -0.11244591E+02, -0.11878326E+02, -0.12487652E+02, -0.13074738E+02, -0.13641595E+02, -0.14190084E+02, -0.14721930E+02, -0.15238730E+02, -0.15741967E+02, -0.16233017E+02, -0.16713177E+02, -0.17183649E+02, -0.17645737E+02, -0.18100250E+02, -0.18549974E+02, -0.18990805E+02, -0.19445112E+02, -0.19625891E+02, -0.19427876E+02, -0.19285133E+02, -0.19319765E+02, -0.19407553E+02, -0.19485922E+02, -0.19529274E+02, -0.19548737E+02, -0.19542059E+02, -0.19509804E+02, -0.19451948E+02, -0.19367939E+02, -0.19256500E+02, -0.19117990E+02, -0.18950033E+02, -0.18750359E+02, -0.18518641E+02, -0.18249331E+02, -0.17937710E+02, -0.17581242E+02, -0.17176613E+02, -0.16720448E+02, -0.16209169E+02, -0.15639028E+02, -0.15005981E+02, -0.14306357E+02, -0.13536585E+02, -0.12692401E+02, -0.11769596E+02, -0.10764189E+02, -0.96724720E+01, -0.84912338E+01, -0.72179174E+01, -0.58509259E+01, -0.43896956E+01, -0.28349056E+01, -0.11886404E+01,  0.54557574E+00,  0.23627436E+01,  0.42565050E+01,  0.62193336E+01,  0.82426929E+01,  0.10317334E+02,  0.12433494E+02,  0.14580980E+02,  0.16749523E+02,  0.18929186E+02,  0.21111095E+02,  0.23284340E+02,  0.25437735E+02,  0.27562536E+02,  0.29652441E+02,  0.31694477E+02,  0.33688957E+02,  0.35645546E+02,  0.37557682E+02,  0.39438873E+02,  0.41284939E+02,  0.43271336E+02,  0.44930431E+02,  0.49583374E+02,  0.52858097E+02,  0.52867260E+02,  0.53965237E+02,  0.54630859E+02,  0.55313602E+02,  0.55913147E+02,  0.56467373E+02,  0.56973091E+02,  0.57436192E+02,  0.57859146E+02,  0.58244778E+02,  0.58595470E+02,  0.58913456E+02,  0.59200802E+02,  0.59459431E+02,  0.59691132E+02,  0.59897572E+02,  0.60080296E+02,  0.60240734E+02,  0.60380226E+02,  0.60500000E+02,  0.60601215E+02,  0.60684937E+02,  0.60752163E+02,  0.60803844E+02,  0.60840855E+02,  0.60864033E+02,  0.60874180E+02,  0.60872051E+02,  0.60858391E+02,  0.60833904E+02,  0.60799286E+02,  0.60755249E+02,  0.60702404E+02,  0.60641697E+02,  0.60572819E+02,  0.60500217E+02,  0.60410645E+02,  0.60356937E+02
  0.32500000E+01, -0.15335704E+00, -0.88339955E+00, -0.21069951E+01, -0.31195049E+01, -0.41153941E+01, -0.50478950E+01, -0.59345646E+01, -0.67754140E+01, -0.75748563E+01, -0.83358393E+01, -0.90614319E+01, -0.97544079E+01, -0.10417381E+02, -0.11052776E+02, -0.11662851E+02, -0.12249708E+02, -0.12815297E+02, -0.13361431E+02, -0.13889787E+02, -0.14401917E+02, -0.14899258E+02, -0.15383116E+02, -0.15854742E+02, -0.16315153E+02, -0.16765856E+02, -0.17206377E+02, -0.17643877E+02, -0.18058088E+02, -0.18533581E+02, -0.18778715E+02, -0.18575413E+02, -0.18367369E+02, -0.18324108E+02, -0.18359776E+02, -0.18408924E+02, -0.18421391E+02, -0.18409403E+02, -0.18369392E+02, -0.18301970E+02, -0.18207201E+02, -0.18084711E+02, -0.17933470E+02, -0.17751936E+02, -0.17540266E+02, -0.17295843E+02, -0.17016094E+02, -0.16701143E+02, -0.16346161E+02, -0.15946269E+02, -0.15498766E+02, -0.15000621E+02, -0.14448816E+02, -0.13840166E+02, -0.13171432E+02, -0.12439400E+02, -0.11640809E+02, -0.10772410E+02, -0.98313875E+01, -0.88152790E+01, -0.77216301E+01, -0.65482988E+01, -0.52938223E+01, -0.39574695E+01, -0.25393629E+01, -0.10406129E+01,  0.53666681E+00,  0.21893039E+01,  0.39130244E+01,  0.57025948E+01,  0.75519137E+01,  0.94541187E+01,  0.11401857E+02,  0.13387385E+02,  0.15401731E+02,  0.17435358E+02,  0.19479610E+02,  0.21526100E+02,  0.23566875E+02,  0.25594553E+02,  0.27595886E+02,  0.29576288E+02,  0.31540678E+02,  0.33473877E+02,  0.35386284E+02,  0.37242523E+02,  0.39242439E+02,  0.40739529E+02,  0.43989624E+02,  0.48368591E+02,  0.50015041E+02,  0.50601795E+02,  0.51453915E+02,  0.52224369E+02,  0.52965958E+02,  0.53653473E+02,  0.54292732E+02,  0.54884537E+02,  0.55431934E+02,  0.55937428E+02,  0.56403519E+02,  0.56832481E+02,  0.57226456E+02,  0.57587421E+02,  0.57917240E+02,  0.58217651E+02,  0.58490280E+02,  0.58736656E+02,  0.58958199E+02,  0.59156246E+02,  0.59332050E+02,  0.59486778E+02,  0.59621529E+02,  0.59737335E+02,  0.59835167E+02,  0.59915943E+02,  0.59980537E+02,  0.60029774E+02,  0.60064457E+02,  0.60085354E+02,  0.60093197E+02,  0.60088737E+02,  0.60072666E+02,  0.60045715E+02,  0.60008526E+02,  0.59962055E+02,  0.59906128E+02,  0.59844837E+02,  0.59766300E+02,  0.59718498E+02
  0.33750000E+01,  0.39462712E+00, -0.32003459E+00, -0.15190903E+01, -0.25134075E+01, -0.34927115E+01, -0.44109659E+01, -0.52850385E+01, -0.61146812E+01, -0.69039764E+01, -0.76556039E+01, -0.83723907E+01, -0.90568991E+01, -0.97115545E+01, -0.10338622E+02, -0.10940218E+02, -0.11518321E+02, -0.12074778E+02, -0.12611304E+02, -0.13129498E+02, -0.13630823E+02, -0.14116635E+02, -0.14588129E+02, -0.15046444E+02, -0.15492230E+02, -0.15927154E+02, -0.16348141E+02, -0.16768864E+02, -0.17140156E+02, -0.17649834E+02, -0.17981304E+02, -0.17797819E+02, -0.17525188E+02, -0.17375866E+02, -0.17344500E+02, -0.17355360E+02, -0.17343504E+02, -0.17298512E+02, -0.17225748E+02, -0.17124191E+02, -0.16993603E+02, -0.16834021E+02, -0.16644712E+02, -0.16424286E+02, -0.16171293E+02, -0.15885033E+02, -0.15563286E+02, -0.15203983E+02, -0.14805974E+02, -0.14366707E+02, -0.13881712E+02, -0.13347178E+02, -0.12760913E+02, -0.12120117E+02, -0.11422221E+02, -0.10664621E+02, -0.98447552E+01, -0.89602451E+01, -0.80089378E+01, -0.69889188E+01, -0.58986135E+01, -0.47367744E+01, -0.35027018E+01, -0.21963480E+01, -0.81826377E+00,  0.63019782E+00,  0.21469200E+01,  0.37289863E+01,  0.53725600E+01,  0.70730958E+01,  0.88253431E+01,  0.10623457E+02,  0.12460938E+02,  0.14330688E+02,  0.16225386E+02,  0.18137974E+02,  0.20061590E+02,  0.21984674E+02,  0.23906710E+02,  0.25830164E+02,  0.27751402E+02,  0.29663340E+02,  0.31570847E+02,  0.33473869E+02,  0.35451416E+02,  0.37279999E+02,  0.39399090E+02,  0.43885326E+02,  0.46567333E+02,  0.46927319E+02,  0.48170521E+02,  0.49033546E+02,  0.49906059E+02,  0.50707584E+02,  0.51465847E+02,  0.52175625E+02,  0.52840153E+02,  0.53460682E+02,  0.54039234E+02,  0.54577724E+02,  0.55078087E+02,  0.55542175E+02,  0.55971775E+02,  0.56368576E+02,  0.56734184E+02,  0.57070129E+02,  0.57377842E+02,  0.57658688E+02,  0.57913944E+02,  0.58144829E+02,  0.58352478E+02,  0.58537979E+02,  0.58702347E+02,  0.58846546E+02,  0.58971504E+02,  0.59078087E+02,  0.59167133E+02,  0.59239445E+02,  0.59295795E+02,  0.59336941E+02,  0.59363613E+02,  0.59376537E+02,  0.59376419E+02,  0.59363979E+02,  0.59339893E+02,  0.59305084E+02,  0.59259453E+02,  0.59206902E+02,  0.59136406E+02,  0.59092758E+02
  0.35000000E+01,  0.63949049E+00, -0.45931738E-01, -0.11973201E+01, -0.21545272E+01, -0.30988522E+01, -0.39858961E+01, -0.48315139E+01, -0.56351948E+01, -0.64006119E+01, -0.71301165E+01, -0.78262258E+01, -0.84912367E+01, -0.91273289E+01, -0.97365561E+01, -0.10320848E+02, -0.10882017E+02, -0.11421771E+02, -0.11941704E+02, -0.12443304E+02, -0.12927954E+02, -0.13396931E+02, -0.13851348E+02, -0.14292314E+02, -0.14720133E+02, -0.15136910E+02, -0.15535907E+02, -0.15939151E+02, -0.16252033E+02, -0.16793728E+02, -0.17217794E+02, -0.17075468E+02, -0.16752392E+02, -0.16487246E+02, -0.16380402E+02, -0.16335766E+02, -0.16296162E+02, -0.16219334E+02, -0.16115011E+02, -0.15980075E+02, -0.15815202E+02, -0.15619930E+02, -0.15394137E+02, -0.15136900E+02, -0.14846590E+02, -0.14522057E+02, -0.14160946E+02, -0.13763363E+02, -0.13326694E+02, -0.12847768E+02, -0.12326399E+02, -0.11759734E+02, -0.11144166E+02, -0.10476303E+02, -0.97544384E+01, -0.89765015E+01, -0.81404734E+01, -0.72445517E+01, -0.62871866E+01, -0.52670975E+01, -0.41832690E+01, -0.30350668E+01, -0.18222842E+01, -0.54523218E+00,  0.79524654E+00,  0.21976440E+01,  0.36598289E+01,  0.51789575E+01,  0.67514782E+01,  0.83732862E+01,  0.10039945E+02,  0.11746714E+02,  0.13487891E+02,  0.15256127E+02,  0.17043011E+02,  0.18848349E+02,  0.20670752E+02,  0.22502275E+02,  0.24341181E+02,  0.26181032E+02,  0.28030701E+02,  0.29898619E+02,  0.31815332E+02,  0.33758003E+02,  0.35608135E+02,  0.40174976E+02,  0.43107742E+02,  0.43383034E+02,  0.44813358E+02,  0.45762596E+02,  0.46769238E+02,  0.47683701E+02,  0.48551838E+02,  0.49367939E+02,  0.50138020E+02,  0.50863468E+02,  0.51546211E+02,  0.52187782E+02,  0.52789738E+02,  0.53353607E+02,  0.53880905E+02,  0.54373123E+02,  0.54831699E+02,  0.55258041E+02,  0.55653500E+02,  0.56019356E+02,  0.56356857E+02,  0.56667179E+02,  0.56951447E+02,  0.57210728E+02,  0.57446045E+02,  0.57658367E+02,  0.57848618E+02,  0.58017681E+02,  0.58166401E+02,  0.58295586E+02,  0.58406021E+02,  0.58498455E+02,  0.58573627E+02,  0.58632259E+02,  0.58675045E+02,  0.58702690E+02,  0.58715889E+02,  0.58715351E+02,  0.58701721E+02,  0.58675926E+02,  0.58637897E+02,  0.58591400E+02,  0.58525837E+02,  0.58484509E+02
  0.36250000E+01,  0.60226417E+00, -0.41549604E-01, -0.11246458E+01, -0.20278733E+01, -0.29207962E+01, -0.37614501E+01, -0.45643740E+01, -0.53288026E+01, -0.60579171E+01, -0.67536926E+01, -0.74182854E+01, -0.80536737E+01, -0.86617527E+01, -0.92443190E+01, -0.98030796E+01, -0.10339653E+02, -0.10855572E+02, -0.11352291E+02, -0.11831184E+02, -0.12293551E+02, -0.12740623E+02, -0.13173562E+02, -0.13593504E+02, -0.14001536E+02, -0.14399044E+02, -0.14787092E+02, -0.15170385E+02, -0.15546535E+02, -0.15956189E+02, -0.16321199E+02, -0.16366085E+02, -0.16046579E+02, -0.15696289E+02, -0.15485031E+02, -0.15358431E+02, -0.15278335E+02, -0.15177178E+02, -0.15039411E+02, -0.14872594E+02, -0.14674573E+02, -0.14445369E+02, -0.14184662E+02, -0.13892115E+02, -0.13566812E+02, -0.13207231E+02, -0.12811594E+02, -0.12378767E+02, -0.11906655E+02, -0.11395060E+02, -0.10841151E+02, -0.10242078E+02, -0.95976295E+01, -0.89053535E+01, -0.81635170E+01, -0.73695230E+01, -0.65211568E+01, -0.56172233E+01, -0.46568313E+01, -0.36391876E+01, -0.25637264E+01, -0.14302208E+01, -0.23879845E+00,  0.10100387E+01,  0.23152840E+01,  0.36754348E+01,  0.50883894E+01,  0.65513482E+01,  0.80607529E+01,  0.96118908E+01,  0.11201332E+02,  0.12827729E+02,  0.14488681E+02,  0.16175365E+02,  0.17883915E+02,  0.19612532E+02,  0.21352472E+02,  0.23100386E+02,  0.24868654E+02,  0.26654533E+02,  0.28492140E+02,  0.30325006E+02,  0.32064125E+02,  0.35851681E+02,  0.39668781E+02,  0.40909847E+02,  0.41749111E+02,  0.42727428E+02,  0.43719662E+02,  0.44690308E+02,  0.45628761E+02,  0.46527496E+02,  0.47384590E+02,  0.48199841E+02,  0.48973896E+02,  0.49707649E+02,  0.50402100E+02,  0.51058315E+02,  0.51677391E+02,  0.52260464E+02,  0.52808678E+02,  0.53323185E+02,  0.53805122E+02,  0.54255611E+02,  0.54675747E+02,  0.55066601E+02,  0.55429195E+02,  0.55764534E+02,  0.56073566E+02,  0.56357220E+02,  0.56616371E+02,  0.56851875E+02,  0.57064537E+02,  0.57255150E+02,  0.57424461E+02,  0.57573208E+02,  0.57702095E+02,  0.57811817E+02,  0.57903046E+02,  0.57976456E+02,  0.58032703E+02,  0.58072445E+02,  0.58096348E+02,  0.58105080E+02,  0.58099270E+02,  0.58079830E+02,  0.58046638E+02,  0.58003498E+02,  0.57939716E+02,  0.57898853E+02
  0.37500000E+01,  0.31029537E+00, -0.28130293E+00, -0.12784328E+01, -0.21132343E+01, -0.29406600E+01, -0.37218554E+01, -0.44697809E+01, -0.51834130E+01, -0.58653789E+01, -0.65172324E+01, -0.71407323E+01, -0.77374959E+01, -0.83091021E+01, -0.88570604E+01, -0.93828220E+01, -0.98877850E+01, -0.10373287E+02, -0.10840619E+02, -0.11291016E+02, -0.11725669E+02, -0.12145729E+02, -0.12552312E+02, -0.12946507E+02, -0.13329458E+02, -0.13702218E+02, -0.14066556E+02, -0.14422488E+02, -0.14778294E+02, -0.15114325E+02, -0.15519068E+02, -0.15708246E+02, -0.15451051E+02, -0.15025153E+02, -0.14673324E+02, -0.14457115E+02, -0.14302756E+02, -0.14167440E+02, -0.14001911E+02, -0.13802994E+02, -0.13573027E+02, -0.13311525E+02, -0.13017898E+02, -0.12691852E+02, -0.12332929E+02, -0.11940337E+02, -0.11512714E+02, -0.11048469E+02, -0.10545962E+02, -0.10004167E+02, -0.94208889E+01, -0.87953796E+01, -0.81272793E+01, -0.74129391E+01, -0.66508431E+01, -0.58406615E+01, -0.49809647E+01, -0.40707598E+01, -0.31092196E+01, -0.20956502E+01, -0.10297275E+01,  0.88576920E-01,  0.12589108E+01,  0.24806342E+01,  0.37528436E+01,  0.50742373E+01,  0.64430714E+01,  0.78571043E+01,  0.93138294E+01,  0.10807953E+02,  0.12339000E+02,  0.13906002E+02,  0.15503319E+02,  0.17125694E+02,  0.18769131E+02,  0.20436672E+02,  0.22127621E+02,  0.23829384E+02,  0.25576731E+02,  0.27276396E+02,  0.29054453E+02,  0.32682415E+02,  0.36337132E+02,  0.37637272E+02,  0.38607136E+02,  0.39783401E+02,  0.40800858E+02,  0.41805752E+02,  0.42780212E+02,  0.43728279E+02,  0.44644886E+02,  0.45527641E+02,  0.46374706E+02,  0.47185303E+02,  0.47959236E+02,  0.48696712E+02,  0.49398178E+02,  0.50064232E+02,  0.50695580E+02,  0.51292995E+02,  0.51857300E+02,  0.52389347E+02,  0.52889996E+02,  0.53360111E+02,  0.53800556E+02,  0.54212181E+02,  0.54595818E+02,  0.54952274E+02,  0.55282345E+02,  0.55586788E+02,  0.55866348E+02,  0.56121746E+02,  0.56353672E+02,  0.56562798E+02,  0.56749783E+02,  0.56915264E+02,  0.57059864E+02,  0.57184196E+02,  0.57288872E+02,  0.57374481E+02,  0.57441631E+02,  0.57490929E+02,  0.57522991E+02,  0.57538445E+02,  0.57537853E+02,  0.57522121E+02,  0.57491070E+02,  0.57448597E+02,  0.57383430E+02,  0.57341179E+02
  0.38750000E+01, -0.20342492E+00, -0.73430192E+00, -0.16312767E+01, -0.23860087E+01, -0.31365199E+01, -0.38476019E+01, -0.45304275E+01, -0.51837087E+01, -0.58094726E+01, -0.64088292E+01, -0.69831023E+01, -0.75335345E+01, -0.80613556E+01, -0.85677691E+01, -0.90539551E+01, -0.95210657E+01, -0.99702301E+01, -0.10402553E+02, -0.10819112E+02, -0.11220962E+02, -0.11609132E+02, -0.11984635E+02, -0.12348408E+02, -0.12701478E+02, -0.13044185E+02, -0.13378698E+02, -0.13698619E+02, -0.14025368E+02, -0.14266385E+02, -0.14729841E+02, -0.15082944E+02, -0.14897656E+02, -0.14473594E+02, -0.13996320E+02, -0.13649961E+02, -0.13392983E+02, -0.13196352E+02, -0.13000321E+02, -0.12771562E+02, -0.12510846E+02, -0.12218139E+02, -0.11893517E+02, -0.11536226E+02, -0.11145781E+02, -0.10721716E+02, -0.10263340E+02, -0.97696238E+01, -0.92392035E+01, -0.86706781E+01, -0.80626287E+01, -0.74138517E+01, -0.67234030E+01, -0.59898353E+01, -0.52116079E+01, -0.43881083E+01, -0.35191202E+01, -0.26039047E+01, -0.16415098E+01, -0.63137656E+00,  0.42656261E+00,  0.15320109E+01,  0.26844606E+01,  0.38834057E+01,  0.51284609E+01,  0.64184737E+01,  0.77510347E+01,  0.91243095E+01,  0.10536541E+02,  0.11984806E+02,  0.13467073E+02,  0.14983533E+02,  0.16536211E+02,  0.18124977E+02,  0.19742659E+02,  0.21399815E+02,  0.23085676E+02,  0.24687944E+02,  0.26613150E+02,  0.30101734E+02,  0.33303032E+02,  0.34530159E+02,  0.35563251E+02,  0.36781040E+02,  0.37871323E+02,  0.38953789E+02,  0.39987335E+02,  0.40986996E+02,  0.41953655E+02,  0.42889065E+02,  0.43792870E+02,  0.44664486E+02,  0.45503277E+02,  0.46308819E+02,  0.47080914E+02,  0.47819580E+02,  0.48525017E+02,  0.49197544E+02,  0.49837585E+02,  0.50445648E+02,  0.51022289E+02,  0.51568100E+02,  0.52083714E+02,  0.52569767E+02,  0.53026901E+02,  0.53455772E+02,  0.53857021E+02,  0.54231277E+02,  0.54579170E+02,  0.54901306E+02,  0.55198288E+02,  0.55470688E+02,  0.55719086E+02,  0.55944027E+02,  0.56146057E+02,  0.56325718E+02,  0.56483532E+02,  0.56620022E+02,  0.56735714E+02,  0.56831127E+02,  0.56906796E+02,  0.56963257E+02,  0.57001041E+02,  0.57020748E+02,  0.57022892E+02,  0.57008320E+02,  0.56976738E+02,  0.56932301E+02,  0.56862656E+02,  0.56817173E+02
  0.40000000E+01, -0.90136594E+00, -0.13654580E+01, -0.21520853E+01, -0.28182452E+01, -0.34834013E+01, -0.41163692E+01, -0.47263942E+01, -0.53119407E+01, -0.58744059E+01, -0.64144425E+01, -0.69329367E+01, -0.74307346E+01, -0.79087167E+01, -0.83677683E+01, -0.88087845E+01, -0.92326679E+01, -0.96403265E+01, -0.10032668E+02, -0.10410604E+02, -0.10775049E+02, -0.11126917E+02, -0.11467124E+02, -0.11796583E+02, -0.12116216E+02, -0.12426951E+02, -0.12729841E+02, -0.13026066E+02, -0.13318276E+02, -0.13609594E+02, -0.13918767E+02, -0.14255166E+02, -0.14329888E+02, -0.13998170E+02, -0.13461051E+02, -0.12960510E+02, -0.12591077E+02, -0.12286501E+02, -0.12034056E+02, -0.11776678E+02, -0.11486507E+02, -0.11164250E+02, -0.10809890E+02, -0.10423203E+02, -0.10003646E+02, -0.95505276E+01, -0.90633698E+01, -0.85414915E+01, -0.79841118E+01, -0.73902969E+01, -0.67589493E+01, -0.60889411E+01, -0.53792052E+01, -0.46287384E+01, -0.38366203E+01, -0.30022035E+01, -0.21250136E+01, -0.12045664E+01, -0.24049520E+00,  0.76743674E+00,  0.18192626E+01,  0.29147534E+01,  0.40534167E+01,  0.52345347E+01,  0.64571214E+01,  0.77199183E+01,  0.90215683E+01,  0.10361238E+02,  0.11739045E+02,  0.13155525E+02,  0.14610155E+02,  0.16100784E+02,  0.17634970E+02,  0.19221556E+02,  0.20813177E+02,  0.22434546E+02,  0.24895767E+02,  0.28773758E+02,  0.30644291E+02,  0.31153408E+02,  0.32655846E+02,  0.33862591E+02,  0.35032410E+02,  0.36158409E+02,  0.37244972E+02,  0.38296566E+02,  0.39313850E+02,  0.40298489E+02,  0.41251728E+02,  0.42174301E+02,  0.43066456E+02,  0.43928127E+02,  0.44759140E+02,  0.45559322E+02,  0.46328560E+02,  0.47066833E+02,  0.47774212E+02,  0.48450863E+02,  0.49097015E+02,  0.49712978E+02,  0.50299095E+02,  0.50855759E+02,  0.51383396E+02,  0.51882439E+02,  0.52353352E+02,  0.52796597E+02,  0.53212639E+02,  0.53601948E+02,  0.53964981E+02,  0.54302204E+02,  0.54614067E+02,  0.54901009E+02,  0.55163471E+02,  0.55401886E+02,  0.55616676E+02,  0.55808270E+02,  0.55977077E+02,  0.56123547E+02,  0.56248077E+02,  0.56351105E+02,  0.56433105E+02,  0.56494503E+02,  0.56535778E+02,  0.56557438E+02,  0.56559944E+02,  0.56544106E+02,  0.56509457E+02,  0.56460503E+02,  0.56383373E+02,  0.56332893E+02
  0.41250000E+01, -0.17431253E+01, -0.21370513E+01, -0.28074944E+01, -0.33799391E+01, -0.39544446E+01, -0.45040889E+01, -0.50361309E+01, -0.55488114E+01, -0.60429125E+01, -0.65186357E+01, -0.69764328E+01, -0.74167686E+01, -0.78401713E+01, -0.82472153E+01, -0.86385136E+01, -0.90147161E+01, -0.93765059E+01, -0.97245951E+01, -0.10059724E+02, -0.10382663E+02, -0.10694207E+02, -0.10995175E+02, -0.11286427E+02, -0.11568796E+02, -0.11843277E+02, -0.12110273E+02, -0.12372119E+02, -0.12622908E+02, -0.12884315E+02, -0.13065641E+02, -0.13468233E+02, -0.13761686E+02, -0.13529441E+02, -0.13061294E+02, -0.12445068E+02, -0.11912663E+02, -0.11494020E+02, -0.11133045E+02, -0.10816016E+02, -0.10497068E+02, -0.10147547E+02, -0.97643995E+01, -0.93501110E+01, -0.89028177E+01, -0.84228334E+01, -0.79092760E+01, -0.73616033E+01, -0.67792187E+01, -0.61614594E+01, -0.55075893E+01, -0.48168955E+01, -0.40886164E+01, -0.33219941E+01, -0.25163622E+01, -0.16711321E+01, -0.78590226E+00,  0.13963030E+00,  0.11056756E+01,  0.21123528E+01,  0.31597328E+01,  0.42477779E+01,  0.53762589E+01,  0.65447283E+01,  0.77527900E+01,  0.90001507E+01,  0.10285769E+02,  0.11607120E+02,  0.12963194E+02,  0.14361451E+02,  0.15804292E+02,  0.17257311E+02,  0.18749992E+02,  0.20585382E+02,  0.23465519E+02,  0.26792664E+02,  0.28236603E+02,  0.28957632E+02,  0.30208786E+02,  0.31253544E+02,  0.32400501E+02,  0.33524315E+02,  0.34628819E+02,  0.35706577E+02,  0.36756580E+02,  0.37778156E+02,  0.38771168E+02,  0.39735683E+02,  0.40671875E+02,  0.41579834E+02,  0.42459560E+02,  0.43310955E+02,  0.44133881E+02,  0.44928188E+02,  0.45693752E+02,  0.46430504E+02,  0.47138420E+02,  0.47817543E+02,  0.48467964E+02,  0.49089825E+02,  0.49683308E+02,  0.50248634E+02,  0.50786053E+02,  0.51295830E+02,  0.51778248E+02,  0.52233608E+02,  0.52662216E+02,  0.53064373E+02,  0.53440395E+02,  0.53790588E+02,  0.54115261E+02,  0.54414715E+02,  0.54689259E+02,  0.54939194E+02,  0.55164822E+02,  0.55366447E+02,  0.55544373E+02,  0.55698910E+02,  0.55830391E+02,  0.55939152E+02,  0.56025517E+02,  0.56089867E+02,  0.56132591E+02,  0.56154110E+02,  0.56154789E+02,  0.56135403E+02,  0.56095303E+02,  0.56039421E+02,  0.55951912E+02,  0.55894730E+02
  0.42500000E+01, -0.26876135E+01, -0.30107222E+01, -0.35635562E+01, -0.40405173E+01, -0.45222268E+01, -0.49861054E+01, -0.54374785E+01, -0.58744063E+01, -0.62970901E+01, -0.67053189E+01, -0.70991368E+01, -0.74786496E+01, -0.78440566E+01, -0.81956329E+01, -0.85337219E+01, -0.88587284E+01, -0.91711168E+01, -0.94714050E+01, -0.97601652E+01, -0.10038015E+02, -0.10305633E+02, -0.10563749E+02, -0.10813158E+02, -0.11054724E+02, -0.11289391E+02, -0.11518224E+02, -0.11742377E+02, -0.11963513E+02, -0.12182974E+02, -0.12406959E+02, -0.12633573E+02, -0.12920529E+02, -0.12990579E+02, -0.12655192E+02, -0.12085520E+02, -0.11419198E+02, -0.10842244E+02, -0.10362472E+02, -0.99347477E+01, -0.95456724E+01, -0.91618156E+01, -0.87550478E+01, -0.83124685E+01, -0.78395462E+01, -0.73338480E+01, -0.67952294E+01, -0.62235327E+01, -0.56179900E+01, -0.49780140E+01, -0.43031311E+01, -0.35928774E+01, -0.28467197E+01, -0.20641134E+01, -0.12445449E+01, -0.38758153E+00,  0.50708538E+00,  0.14396116E+01,  0.24100757E+01,  0.34187086E+01,  0.44660788E+01,  0.55528526E+01,  0.66791067E+01,  0.78435025E+01,  0.90453691E+01,  0.10288169E+02,  0.11575896E+02,  0.12887505E+02,  0.14209010E+02,  0.15601235E+02,  0.17167816E+02,  0.19434149E+02,  0.22303854E+02,  0.24663250E+02,  0.25824968E+02,  0.26757746E+02,  0.27934309E+02,  0.28979996E+02,  0.30069307E+02,  0.31141354E+02,  0.32216927E+02,  0.33283928E+02,  0.34337116E+02,  0.35372025E+02,  0.36385979E+02,  0.37377228E+02,  0.38344654E+02,  0.39287544E+02,  0.40205395E+02,  0.41097839E+02,  0.41964565E+02,  0.42805298E+02,  0.43619778E+02,  0.44407772E+02,  0.45169083E+02,  0.45903557E+02,  0.46611073E+02,  0.47291557E+02,  0.47944984E+02,  0.48571362E+02,  0.49170723E+02,  0.49743145E+02,  0.50288723E+02,  0.50807571E+02,  0.51299820E+02,  0.51765614E+02,  0.52205105E+02,  0.52618450E+02,  0.53005814E+02,  0.53367352E+02,  0.53703236E+02,  0.54013630E+02,  0.54298702E+02,  0.54558620E+02,  0.54793549E+02,  0.55003685E+02,  0.55189194E+02,  0.55350277E+02,  0.55487133E+02,  0.55599987E+02,  0.55689083E+02,  0.55754681E+02,  0.55797066E+02,  0.55816559E+02,  0.55813442E+02,  0.55788460E+02,  0.55740685E+02,  0.55675625E+02,  0.55575020E+02,  0.55509502E+02
  0.43750000E+01, -0.36954553E+01, -0.39496386E+01, -0.43875461E+01, -0.47703905E+01, -0.51600900E+01, -0.55383563E+01, -0.59087090E+01, -0.62691011E+01, -0.66192160E+01, -0.69584861E+01, -0.72865996E+01, -0.76033373E+01, -0.79086041E+01, -0.82024031E+01, -0.84848261E+01, -0.87560530E+01, -0.90163383E+01, -0.92660084E+01, -0.95054646E+01, -0.97351761E+01, -0.99556847E+01, -0.10167613E+02, -0.10371672E+02, -0.10568672E+02, -0.10759558E+02, -0.10945437E+02, -0.11127625E+02, -0.11307826E+02, -0.11487908E+02, -0.11671460E+02, -0.11858502E+02, -0.12064307E+02, -0.12240559E+02, -0.12161624E+02, -0.11746193E+02, -0.11112663E+02, -0.10395642E+02, -0.97573948E+01, -0.92072191E+01, -0.87017393E+01, -0.82336435E+01, -0.77739463E+01, -0.73063159E+01, -0.68098936E+01, -0.62780609E+01, -0.57154498E+01, -0.51210084E+01, -0.44930224E+01, -0.38313208E+01, -0.31358600E+01, -0.24063685E+01, -0.16424056E+01, -0.84345275E+00, -0.89942450E-02,  0.86147445E+00,  0.17682531E+01,  0.27111249E+01,  0.36893108E+01,  0.47024693E+01,  0.57527165E+01,  0.68438239E+01,  0.79777522E+01,  0.91461697E+01,  0.10337659E+02,  0.11584536E+02,  0.12929033E+02,  0.14412248E+02,  0.16367922E+02,  0.18839443E+02,  0.21346855E+02,  0.22566389E+02,  0.23284447E+02,  0.24569986E+02,  0.25694202E+02,  0.26787931E+02,  0.27871952E+02,  0.28937681E+02,  0.29995289E+02,  0.31043703E+02,  0.32083588E+02,  0.33112865E+02,  0.34129028E+02,  0.35129665E+02,  0.36112743E+02,  0.37076653E+02,  0.38020142E+02,  0.38942238E+02,  0.39842175E+02,  0.40719330E+02,  0.41573196E+02,  0.42403328E+02,  0.43209347E+02,  0.43990910E+02,  0.44747726E+02,  0.45479542E+02,  0.46186146E+02,  0.46867355E+02,  0.47523029E+02,  0.48153057E+02,  0.48757347E+02,  0.49335850E+02,  0.49888515E+02,  0.50415325E+02,  0.50916271E+02,  0.51391350E+02,  0.51840576E+02,  0.52263954E+02,  0.52661514E+02,  0.53033264E+02,  0.53379238E+02,  0.53699459E+02,  0.53993950E+02,  0.54262745E+02,  0.54505882E+02,  0.54723396E+02,  0.54915344E+02,  0.55081806E+02,  0.55222832E+02,  0.55338528E+02,  0.55429031E+02,  0.55494469E+02,  0.55535007E+02,  0.55550907E+02,  0.55542278E+02,  0.55509853E+02,  0.55452415E+02,  0.55376106E+02,  0.55259880E+02,  0.55184494E+02
  0.45000000E+01, -0.47312393E+01, -0.49205117E+01, -0.52496176E+01, -0.55423856E+01, -0.58433833E+01, -0.61384373E+01, -0.64294720E+01, -0.67144012E+01, -0.69924917E+01, -0.72628889E+01, -0.75249801E+01, -0.77782803E+01, -0.80224409E+01, -0.82572279E+01, -0.84825134E+01, -0.86982708E+01, -0.89045591E+01, -0.91015253E+01, -0.92893991E+01, -0.94684896E+01, -0.96391888E+01, -0.98019800E+01, -0.99574327E+01, -0.10106232E+02, -0.10249189E+02, -0.10387259E+02, -0.10521600E+02, -0.10653537E+02, -0.10784825E+02, -0.10916824E+02, -0.11053493E+02, -0.11189695E+02, -0.11353889E+02, -0.11449180E+02, -0.11275975E+02, -0.10812377E+02, -0.10147157E+02, -0.93854780E+01, -0.86705351E+01, -0.80421944E+01, -0.74529953E+01, -0.68962617E+01, -0.63544474E+01, -0.58077965E+01, -0.52478127E+01, -0.46646657E+01, -0.40490246E+01, -0.33981895E+01, -0.27138019E+01, -0.19970731E+01, -0.12478018E+01, -0.46544093E+00,  0.35056564E+00,  0.12010092E+01,  0.20870781E+01,  0.30101569E+01,  0.39701688E+01,  0.49621077E+01,  0.59784412E+01,  0.70249038E+01,  0.81251974E+01,  0.92919846E+01,  0.10552468E+02,  0.11980850E+02,  0.13871715E+02,  0.16100510E+02,  0.18476765E+02,  0.19662550E+02,  0.20243469E+02,  0.21487148E+02,  0.22577541E+02,  0.23630964E+02,  0.24712908E+02,  0.25787825E+02,  0.26850628E+02,  0.27902941E+02,  0.28944256E+02,  0.29975567E+02,  0.30996887E+02,  0.32007835E+02,  0.33007408E+02,  0.33994251E+02,  0.34966896E+02,  0.35923935E+02,  0.36864086E+02,  0.37786224E+02,  0.38689392E+02,  0.39572769E+02,  0.40435635E+02,  0.41277386E+02,  0.42097481E+02,  0.42895439E+02,  0.43670834E+02,  0.44423286E+02,  0.45152458E+02,  0.45858040E+02,  0.46539757E+02,  0.47197365E+02,  0.47830647E+02,  0.48439400E+02,  0.49023453E+02,  0.49582634E+02,  0.50116802E+02,  0.50625813E+02,  0.51109531E+02,  0.51567833E+02,  0.52000599E+02,  0.52407700E+02,  0.52789017E+02,  0.53144436E+02,  0.53473839E+02,  0.53777111E+02,  0.54054134E+02,  0.54304813E+02,  0.54529034E+02,  0.54726719E+02,  0.54897785E+02,  0.55042179E+02,  0.55159855E+02,  0.55250793E+02,  0.55315033E+02,  0.55352585E+02,  0.55363590E+02,  0.55348053E+02,  0.55306622E+02,  0.55237774E+02,  0.55148388E+02,  0.55014210E+02,  0.54927563E+02
  0.46250000E+01, -0.57652140E+01, -0.58951240E+01, -0.61241026E+01, -0.63328800E+01, -0.65504498E+01, -0.67664866E+01, -0.69815598E+01, -0.71936374E+01, -0.74016662E+01, -0.76045833E+01, -0.78015537E+01, -0.79918804E+01, -0.81750126E+01, -0.83505230E+01, -0.85180960E+01, -0.86775274E+01, -0.88287039E+01, -0.89716015E+01, -0.91062860E+01, -0.92329044E+01, -0.93516846E+01, -0.94629364E+01, -0.95670595E+01, -0.96645451E+01, -0.97559862E+01, -0.98420916E+01, -0.99236965E+01, -0.10001792E+02, -0.10077480E+02, -0.10152214E+02, -0.10226955E+02, -0.10305417E+02, -0.10382290E+02, -0.10488093E+02, -0.10523697E+02, -0.10307276E+02, -0.98327532E+01, -0.91695414E+01, -0.83930368E+01, -0.76021371E+01, -0.68779035E+01, -0.62099233E+01, -0.55606971E+01, -0.49270883E+01, -0.42994819E+01, -0.36626067E+01, -0.30060816E+01, -0.23248115E+01, -0.16160324E+01, -0.87760228E+00, -0.10783646E+00,  0.69400722E+00,  0.15279046E+01,  0.23940799E+01,  0.32950270E+01,  0.42384448E+01,  0.52350078E+01,  0.62916913E+01,  0.74123564E+01,  0.86129122E+01,  0.10038417E+02,  0.11732926E+02,  0.13572923E+02,  0.15385341E+02,  0.16919758E+02,  0.17896011E+02,  0.18790293E+02,  0.19823757E+02,  0.20781040E+02,  0.21809540E+02,  0.22842760E+02,  0.23876335E+02,  0.24911919E+02,  0.25945311E+02,  0.26973330E+02,  0.27994381E+02,  0.29007391E+02,  0.30011698E+02,  0.31006660E+02,  0.31991552E+02,  0.32965481E+02,  0.33927433E+02,  0.34876324E+02,  0.35811069E+02,  0.36730633E+02,  0.37634045E+02,  0.38520424E+02,  0.39388966E+02,  0.40238956E+02,  0.41069736E+02,  0.41880726E+02,  0.42671387E+02,  0.43441227E+02,  0.44189796E+02,  0.44916687E+02,  0.45621506E+02,  0.46303898E+02,  0.46963531E+02,  0.47600086E+02,  0.48213268E+02,  0.48802788E+02,  0.49368374E+02,  0.49909756E+02,  0.50426674E+02,  0.50918865E+02,  0.51386078E+02,  0.51828056E+02,  0.52244534E+02,  0.52635258E+02,  0.52999966E+02,  0.53338394E+02,  0.53650280E+02,  0.53935375E+02,  0.54193401E+02,  0.54424122E+02,  0.54627289E+02,  0.54802666E+02,  0.54950058E+02,  0.55069267E+02,  0.55160137E+02,  0.55222515E+02,  0.55256310E+02,  0.55261528E+02,  0.55237995E+02,  0.55186329E+02,  0.55104614E+02,  0.55000565E+02,  0.54846359E+02,  0.54747150E+02
  0.47500000E+01, -0.67742019E+01, -0.68512158E+01, -0.69903035E+01, -0.71225219E+01, -0.72632842E+01, -0.74057736E+01, -0.75494676E+01, -0.76924601E+01, -0.78334889E+01, -0.79713640E+01, -0.81050949E+01, -0.82338419E+01, -0.83569040E+01, -0.84737053E+01, -0.85837841E+01, -0.86867876E+01, -0.87824564E+01, -0.88706188E+01, -0.89511852E+01, -0.90241461E+01, -0.90895624E+01, -0.91475677E+01, -0.91983624E+01, -0.92422161E+01, -0.92794695E+01, -0.93105326E+01, -0.93358841E+01, -0.93560762E+01, -0.93717403E+01, -0.93835669E+01, -0.93924074E+01, -0.93989744E+01, -0.94051876E+01, -0.94096479E+01, -0.94255047E+01, -0.94155779E+01, -0.92058706E+01, -0.87476358E+01, -0.81187344E+01, -0.73658643E+01, -0.65546947E+01, -0.57377853E+01, -0.49604578E+01, -0.42282362E+01, -0.35137076E+01, -0.27971544E+01, -0.20714691E+01, -0.13318770E+01, -0.57302105E+00,  0.21200579E+00,  0.10301236E+01,  0.18865979E+01,  0.27837543E+01,  0.37224433E+01,  0.47078719E+01,  0.57827101E+01,  0.70264416E+01,  0.84678583E+01,  0.10027049E+02,  0.11585386E+02,  0.13332500E+02,  0.14339916E+02,  0.14936789E+02,  0.16038881E+02,  0.17112370E+02,  0.18145987E+02,  0.19141991E+02,  0.20139746E+02,  0.21131369E+02,  0.22130367E+02,  0.23133297E+02,  0.24137705E+02,  0.25141953E+02,  0.26144115E+02,  0.27142403E+02,  0.28135353E+02,  0.29121786E+02,  0.30100727E+02,  0.31071289E+02,  0.32032616E+02,  0.32983829E+02,  0.33924026E+02,  0.34852291E+02,  0.35767712E+02,  0.36669392E+02,  0.37556480E+02,  0.38428169E+02,  0.39283714E+02,  0.40122402E+02,  0.40943584E+02,  0.41746655E+02,  0.42531040E+02,  0.43296215E+02,  0.44041679E+02,  0.44766956E+02,  0.45471600E+02,  0.46155182E+02,  0.46817287E+02,  0.47457516E+02,  0.48075481E+02,  0.48670803E+02,  0.49243095E+02,  0.49791988E+02,  0.50317101E+02,  0.50818062E+02,  0.51294479E+02,  0.51745975E+02,  0.52172150E+02,  0.52572609E+02,  0.52946941E+02,  0.53294743E+02,  0.53615593E+02,  0.53909081E+02,  0.54174786E+02,  0.54412292E+02,  0.54621201E+02,  0.54801098E+02,  0.54951626E+02,  0.55072407E+02,  0.55163136E+02,  0.55223488E+02,  0.55253204E+02,  0.55252125E+02,  0.55219936E+02,  0.55157150E+02,  0.55061455E+02,  0.54941456E+02,  0.54765415E+02,  0.54652538E+02
  0.48750000E+01, -0.77417541E+01, -0.77726679E+01, -0.78327484E+01, -0.78965182E+01, -0.79678326E+01, -0.80430088E+01, -0.81206818E+01, -0.81991348E+01, -0.82769947E+01, -0.83530159E+01, -0.84261303E+01, -0.84954090E+01, -0.85600557E+01, -0.86193962E+01, -0.86728611E+01, -0.87199879E+01, -0.87603970E+01, -0.87937956E+01, -0.88199635E+01, -0.88387461E+01, -0.88500528E+01, -0.88538446E+01, -0.88501282E+01, -0.88389568E+01, -0.88204107E+01, -0.87945986E+01, -0.87616425E+01, -0.87216625E+01, -0.86747637E+01, -0.86209879E+01, -0.85603600E+01, -0.84925175E+01, -0.84177475E+01, -0.83325071E+01, -0.82448854E+01, -0.81140680E+01, -0.80699186E+01, -0.78997869E+01, -0.74359570E+01, -0.68574963E+01, -0.61477394E+01, -0.53611970E+01, -0.45380850E+01, -0.37026711E+01, -0.28648579E+01, -0.20288270E+01, -0.11934506E+01, -0.35249814E+00,  0.50457817E+00,  0.13960714E+01,  0.23448291E+01,  0.33703229E+01,  0.44827352E+01,  0.56818657E+01,  0.69173408E+01,  0.82057667E+01,  0.95427008E+01,  0.10968889E+02,  0.11919387E+02,  0.12638951E+02,  0.13683188E+02,  0.14645457E+02,  0.15576659E+02,  0.16551216E+02,  0.17542019E+02,  0.18532288E+02,  0.19517260E+02,  0.20499577E+02,  0.21480152E+02,  0.22460871E+02,  0.23441820E+02,  0.24422346E+02,  0.25401522E+02,  0.26378239E+02,  0.27351358E+02,  0.28319790E+02,  0.29282524E+02,  0.30238626E+02,  0.31187223E+02,  0.32127468E+02,  0.33058533E+02,  0.33979584E+02,  0.34889805E+02,  0.35788387E+02,  0.36674534E+02,  0.37547474E+02,  0.38406475E+02,  0.39250828E+02,  0.40079853E+02,  0.40892914E+02,  0.41689400E+02,  0.42468727E+02,  0.43230339E+02,  0.43973701E+02,  0.44698303E+02,  0.45403637E+02,  0.46089218E+02,  0.46754562E+02,  0.47399208E+02,  0.48022675E+02,  0.48624493E+02,  0.49204197E+02,  0.49761303E+02,  0.50295334E+02,  0.50805790E+02,  0.51292171E+02,  0.51753960E+02,  0.52190632E+02,  0.52601650E+02,  0.52986458E+02,  0.53344486E+02,  0.53675171E+02,  0.53977940E+02,  0.54252182E+02,  0.54497318E+02,  0.54712769E+02,  0.54897942E+02,  0.55052296E+02,  0.55175251E+02,  0.55266304E+02,  0.55324982E+02,  0.55350807E+02,  0.55343437E+02,  0.55302372E+02,  0.55228020E+02,  0.55117634E+02,  0.54980747E+02,  0.54781403E+02,  0.54653858E+02
  0.50000000E+01, -0.86576633E+01, -0.86491423E+01, -0.86409941E+01, -0.86445255E+01, -0.86539631E+01, -0.86683683E+01, -0.86857500E+01, -0.87046289E+01, -0.87236013E+01, -0.87414389E+01, -0.87570505E+01, -0.87694759E+01, -0.87778749E+01, -0.87815170E+01, -0.87797718E+01, -0.87720995E+01, -0.87580376E+01, -0.87372026E+01, -0.87092695E+01, -0.86739683E+01, -0.86310797E+01, -0.85804157E+01, -0.85218182E+01, -0.84551420E+01, -0.83802452E+01, -0.82969732E+01, -0.82051363E+01, -0.81044893E+01, -0.79946980E+01, -0.78752966E+01, -0.77456412E+01, -0.76048131E+01, -0.74516292E+01, -0.72841139E+01, -0.71009622E+01, -0.68956742E+01, -0.66789975E+01, -0.63991475E+01, -0.61608253E+01, -0.58115797E+01, -0.52020817E+01, -0.45060477E+01, -0.37418251E+01, -0.29176857E+01, -0.20332229E+01, -0.11060460E+01, -0.14609155E+00,  0.84171295E+00,  0.18404846E+01,  0.28670101E+01,  0.39552500E+01,  0.51150899E+01,  0.63079648E+01,  0.75891256E+01,  0.85232210E+01,  0.92782125E+01,  0.10289925E+02,  0.11310579E+02,  0.12287091E+02,  0.13221463E+02,  0.14176324E+02,  0.15128698E+02,  0.16079130E+02,  0.17035795E+02,  0.17997686E+02,  0.18961660E+02,  0.19925638E+02,  0.20888987E+02,  0.21851530E+02,  0.22813314E+02,  0.23774158E+02,  0.24733643E+02,  0.25691153E+02,  0.26645950E+02,  0.27597233E+02,  0.28544172E+02,  0.29485947E+02,  0.30421753E+02,  0.31350803E+02,  0.32272331E+02,  0.33185574E+02,  0.34089787E+02,  0.34984222E+02,  0.35868160E+02,  0.36740871E+02,  0.37601662E+02,  0.38449844E+02,  0.39284760E+02,  0.40105762E+02,  0.40912228E+02,  0.41703556E+02,  0.42479160E+02,  0.43238472E+02,  0.43980934E+02,  0.44705997E+02,  0.45413120E+02,  0.46101768E+02,  0.46771408E+02,  0.47421505E+02,  0.48051514E+02,  0.48660885E+02,  0.49249065E+02,  0.49815479E+02,  0.50359547E+02,  0.50880661E+02,  0.51378204E+02,  0.51851532E+02,  0.52299992E+02,  0.52722893E+02,  0.53119537E+02,  0.53489212E+02,  0.53831161E+02,  0.54144642E+02,  0.54428883E+02,  0.54683094E+02,  0.54906506E+02,  0.55098335E+02,  0.55257809E+02,  0.55384151E+02,  0.55476646E+02,  0.55534588E+02,  0.55557289E+02,  0.55544209E+02,  0.55494598E+02,  0.55408764E+02,  0.55283428E+02,  0.55129112E+02,  0.54905407E+02,  0.54762444E+02
  0.51250000E+01, -0.95171032E+01, -0.94753523E+01, -0.94090996E+01, -0.93602695E+01, -0.93151951E+01, -0.92752981E+01, -0.92381496E+01, -0.92025318E+01, -0.91670761E+01, -0.91306248E+01, -0.90921135E+01, -0.90506001E+01, -0.90052462E+01, -0.89553070E+01, -0.89001265E+01, -0.88391275E+01, -0.87718048E+01, -0.86977100E+01, -0.86164541E+01, -0.85276842E+01, -0.84310818E+01, -0.83263550E+01, -0.82132111E+01, -0.80913620E+01, -0.79604940E+01, -0.78202524E+01, -0.76702218E+01, -0.75098944E+01, -0.73386374E+01, -0.71556449E+01, -0.69598899E+01, -0.67500520E+01, -0.65244331E+01, -0.62808385E+01, -0.60165024E+01, -0.57276382E+01, -0.54101100E+01, -0.50549755E+01, -0.46600814E+01, -0.41987958E+01, -0.36552930E+01, -0.30430231E+01, -0.24265375E+01, -0.17016377E+01, -0.81362444E+00,  0.13867295E+00,  0.11383131E+01,  0.22161992E+01,  0.31592097E+01,  0.40108685E+01,  0.49857183E+01,  0.59913449E+01,  0.70222149E+01,  0.80491333E+01,  0.90213566E+01,  0.99574127E+01,  0.10909875E+02,  0.11867180E+02,  0.12818155E+02,  0.13761203E+02,  0.14702973E+02,  0.15643855E+02,  0.16584642E+02,  0.17526691E+02,  0.18470230E+02,  0.19414722E+02,  0.20359503E+02,  0.21304062E+02,  0.22248028E+02,  0.23191092E+02,  0.24132910E+02,  0.25073065E+02,  0.26011053E+02,  0.26946299E+02,  0.27878174E+02,  0.28806025E+02,  0.29729170E+02,  0.30646931E+02,  0.31558622E+02,  0.32463570E+02,  0.33361095E+02,  0.34250526E+02,  0.35131203E+02,  0.36002457E+02,  0.36863640E+02,  0.37714111E+02,  0.38553242E+02,  0.39380402E+02,  0.40194988E+02,  0.40996399E+02,  0.41784046E+02,  0.42557350E+02,  0.43315735E+02,  0.44058628E+02,  0.44785465E+02,  0.45495674E+02,  0.46188683E+02,  0.46863911E+02,  0.47520767E+02,  0.48158649E+02,  0.48776943E+02,  0.49375008E+02,  0.49952190E+02,  0.50507809E+02,  0.51041157E+02,  0.51551502E+02,  0.52038078E+02,  0.52500099E+02,  0.52936729E+02,  0.53347130E+02,  0.53730412E+02,  0.54085636E+02,  0.54411903E+02,  0.54708229E+02,  0.54973618E+02,  0.55207088E+02,  0.55407623E+02,  0.55574230E+02,  0.55705891E+02,  0.55801636E+02,  0.55860500E+02,  0.55881554E+02,  0.55864025E+02,  0.55806850E+02,  0.55710209E+02,  0.55570259E+02,  0.55398491E+02,  0.55149818E+02,  0.54990929E+02
  0.52500000E+01, -0.10319601E+02, -0.10250161E+02, -0.10134933E+02, -0.10040984E+02, -0.99482594E+01, -0.98601828E+01, -0.97740269E+01, -0.96888514E+01, -0.96033745E+01, -0.95165396E+01, -0.94273558E+01, -0.93349361E+01, -0.92384787E+01, -0.91372643E+01, -0.90306482E+01, -0.89180527E+01, -0.87989616E+01, -0.86729031E+01, -0.85394545E+01, -0.83982210E+01, -0.82488279E+01, -0.80909166E+01, -0.79241180E+01, -0.77480478E+01, -0.75622888E+01, -0.73663683E+01, -0.71597357E+01, -0.69417396E+01, -0.67115893E+01, -0.64683242E+01, -0.62107639E+01, -0.59374552E+01, -0.56466088E+01, -0.53360205E+01, -0.50029888E+01, -0.46441898E+01, -0.42555985E+01, -0.38322008E+01, -0.33686075E+01, -0.28575306E+01, -0.22942231E+01, -0.16790708E+01, -0.10143601E+01, -0.28710717E+00,  0.50797796E+00,  0.13558900E+01,  0.22425776E+01,  0.31537452E+01,  0.40598569E+01,  0.49630165E+01,  0.58867135E+01,  0.68271761E+01,  0.77781878E+01,  0.87299213E+01,  0.96727648E+01,  0.10607422E+02,  0.11540396E+02,  0.12472528E+02,  0.13402772E+02,  0.14330873E+02,  0.15257719E+02,  0.16183908E+02,  0.17109936E+02,  0.18036209E+02,  0.18962872E+02,  0.19889809E+02,  0.20816765E+02,  0.21743435E+02,  0.22669500E+02,  0.23594637E+02,  0.24518488E+02,  0.25440660E+02,  0.26360714E+02,  0.27278170E+02,  0.28192505E+02,  0.29103178E+02,  0.30009621E+02,  0.30911255E+02,  0.31807493E+02,  0.32697742E+02,  0.33581406E+02,  0.34457893E+02,  0.35326607E+02,  0.36186954E+02,  0.37038345E+02,  0.37880192E+02,  0.38711910E+02,  0.39532928E+02,  0.40342663E+02,  0.41140545E+02,  0.41926006E+02,  0.42698479E+02,  0.43457386E+02,  0.44202156E+02,  0.44932213E+02,  0.45646961E+02,  0.46345802E+02,  0.47028122E+02,  0.47693287E+02,  0.48340641E+02,  0.48969509E+02,  0.49579185E+02,  0.50168938E+02,  0.50737995E+02,  0.51285553E+02,  0.51810772E+02,  0.52312767E+02,  0.52790615E+02,  0.53243366E+02,  0.53669979E+02,  0.54069416E+02,  0.54440598E+02,  0.54782364E+02,  0.55093544E+02,  0.55372940E+02,  0.55619320E+02,  0.55831402E+02,  0.56007954E+02,  0.56147678E+02,  0.56249287E+02,  0.56311584E+02,  0.56333309E+02,  0.56313358E+02,  0.56250408E+02,  0.56144390E+02,  0.55990860E+02,  0.55802269E+02,  0.55528645E+02,  0.55353657E+02
  0.53750000E+01, -0.11068004E+02, -0.10975667E+02, -0.10819426E+02, -0.10686795E+02, -0.10552590E+02, -0.10421916E+02, -0.10291856E+02, -0.10161743E+02, -0.10030416E+02, -0.98969440E+01, -0.97604399E+01, -0.96201000E+01, -0.94751930E+01, -0.93250561E+01, -0.91690874E+01, -0.90067415E+01, -0.88375225E+01, -0.86609764E+01, -0.84766798E+01, -0.82842350E+01, -0.80832558E+01, -0.78733592E+01, -0.76541510E+01, -0.74252129E+01, -0.71860871E+01, -0.69362569E+01, -0.66751308E+01, -0.64020166E+01, -0.61160951E+01, -0.58163977E+01, -0.55017695E+01, -0.51708345E+01, -0.48219662E+01, -0.44532404E+01, -0.40624113E+01, -0.36468804E+01, -0.32037044E+01, -0.27296402E+01, -0.22213178E+01, -0.16754380E+01, -0.10895058E+01, -0.46218196E+00,  0.20735630E+00,  0.92046303E+00,  0.16761428E+01,  0.24693277E+01,  0.32930360E+01,  0.41394367E+01,  0.50006185E+01,  0.58736868E+01,  0.67593327E+01,  0.76560359E+01,  0.85608263E+01,  0.94699516E+01,  0.10380179E+02,  0.11290239E+02,  0.12200285E+02,  0.13110334E+02,  0.14020195E+02,  0.14929769E+02,  0.15839152E+02,  0.16748489E+02,  0.17657919E+02,  0.18567530E+02,  0.19477325E+02,  0.20387211E+02,  0.21297014E+02,  0.22206507E+02,  0.23115427E+02,  0.24023479E+02,  0.24930344E+02,  0.25835669E+02,  0.26739067E+02,  0.27640129E+02,  0.28538418E+02,  0.29433468E+02,  0.30324804E+02,  0.31211927E+02,  0.32094334E+02,  0.32971516E+02,  0.33842949E+02,  0.34708107E+02,  0.35566463E+02,  0.36417496E+02,  0.37260666E+02,  0.38095444E+02,  0.38921295E+02,  0.39737686E+02,  0.40544075E+02,  0.41339924E+02,  0.42124691E+02,  0.42897816E+02,  0.43658745E+02,  0.44406910E+02,  0.45141724E+02,  0.45862591E+02,  0.46568890E+02,  0.47259983E+02,  0.47935204E+02,  0.48593857E+02,  0.49235218E+02,  0.49858521E+02,  0.50462963E+02,  0.51047695E+02,  0.51611828E+02,  0.52154411E+02,  0.52674458E+02,  0.53170914E+02,  0.53642670E+02,  0.54088558E+02,  0.54507355E+02,  0.54897774E+02,  0.55258472E+02,  0.55588062E+02,  0.55885090E+02,  0.56148056E+02,  0.56375416E+02,  0.56565624E+02,  0.56717083E+02,  0.56828194E+02,  0.56897373E+02,  0.56923042E+02,  0.56903755E+02,  0.56837765E+02,  0.56724735E+02,  0.56559540E+02,  0.56355537E+02,  0.56057770E+02,  0.55866909E+02
  0.55000000E+01, -0.11767567E+02, -0.11656368E+02, -0.11465869E+02, -0.11300110E+02, -0.11129812E+02, -0.10961473E+02, -0.10792068E+02, -0.10621195E+02, -0.10447822E+02, -0.10271170E+02, -0.10090466E+02, -0.99050179E+01, -0.97141876E+01, -0.95173922E+01, -0.93141041E+01, -0.91038380E+01, -0.88861523E+01, -0.86606369E+01, -0.84269085E+01, -0.81846018E+01, -0.79333587E+01, -0.76728187E+01, -0.74026093E+01, -0.71223311E+01, -0.68315454E+01, -0.65297589E+01, -0.62164121E+01, -0.58908558E+01, -0.55523381E+01, -0.51999841E+01, -0.48327756E+01, -0.44495378E+01, -0.40489202E+01, -0.36293850E+01, -0.31892142E+01, -0.27265165E+01, -0.22392635E+01, -0.17253730E+01, -0.11828110E+01, -0.60975480E+00, -0.48032627E-02,  0.63289839E+00,  0.13036358E+01,  0.20070667E+01,  0.27417755E+01,  0.35050466E+01,  0.42932458E+01,  0.51023393E+01,  0.59285154E+01,  0.67689533E+01,  0.76216588E+01,  0.84846725E+01,  0.93558865E+01,  0.10233171E+02,  0.11114683E+02,  0.11999123E+02,  0.12885695E+02,  0.13773859E+02,  0.14663215E+02,  0.15553476E+02,  0.16444462E+02,  0.17336056E+02,  0.18228168E+02,  0.19120718E+02,  0.20013588E+02,  0.20906645E+02,  0.21799707E+02,  0.22692564E+02,  0.23584984E+02,  0.24476700E+02,  0.25367426E+02,  0.26256855E+02,  0.27144653E+02,  0.28030466E+02,  0.28913921E+02,  0.29794628E+02,  0.30672176E+02,  0.31546146E+02,  0.32416107E+02,  0.33281612E+02,  0.34142216E+02,  0.34997463E+02,  0.35846886E+02,  0.36690018E+02,  0.37526390E+02,  0.38355518E+02,  0.39176922E+02,  0.39990108E+02,  0.40794582E+02,  0.41589840E+02,  0.42375366E+02,  0.43150635E+02,  0.43915100E+02,  0.44668213E+02,  0.45409393E+02,  0.46138042E+02,  0.46853542E+02,  0.47555229E+02,  0.48242424E+02,  0.48914398E+02,  0.49570393E+02,  0.50209591E+02,  0.50831135E+02,  0.51434109E+02,  0.52017544E+02,  0.52580395E+02,  0.53121563E+02,  0.53639893E+02,  0.54134117E+02,  0.54602909E+02,  0.55044895E+02,  0.55458588E+02,  0.55842419E+02,  0.56194763E+02,  0.56513908E+02,  0.56798084E+02,  0.57045433E+02,  0.57254074E+02,  0.57422050E+02,  0.57547394E+02,  0.57628105E+02,  0.57662209E+02,  0.57647816E+02,  0.57582710E+02,  0.57466206E+02,  0.57292412E+02,  0.57075428E+02,  0.56755363E+02,  0.56549431E+02
  0.56250000E+01, -0.12425208E+02, -0.12298458E+02, -0.12079292E+02, -0.11885077E+02, -0.11683262E+02, -0.11481498E+02, -0.11276702E+02, -0.11068716E+02, -0.10856654E+02, -0.10639887E+02, -0.10417776E+02, -0.10189751E+02, -0.99552860E+01, -0.97138996E+01, -0.94651594E+01, -0.92086678E+01, -0.89440632E+01, -0.86710129E+01, -0.83892040E+01, -0.80983372E+01, -0.77981195E+01, -0.74882536E+01, -0.71684308E+01, -0.68383155E+01, -0.64975386E+01, -0.61456838E+01, -0.57822781E+01, -0.54067769E+01, -0.50185528E+01, -0.46168885E+01, -0.42009592E+01, -0.37698362E+01, -0.33224761E+01, -0.28577263E+01, -0.23743403E+01, -0.18709986E+01, -0.13463464E+01, -0.79905576E+00, -0.22789527E+00,  0.36817816E+00,  0.98991871E+00,  0.16377192E+01,  0.23115377E+01,  0.30108371E+01,  0.37345095E+01,  0.44808688E+01,  0.52477846E+01,  0.60328913E+01,  0.68338346E+01,  0.76484656E+01,  0.84748716E+01,  0.93112841E+01,  0.10156025E+02,  0.11007536E+02,  0.11864447E+02,  0.12725628E+02,  0.13590196E+02,  0.14457460E+02,  0.15326890E+02,  0.16198065E+02,  0.17070662E+02,  0.17944427E+02,  0.18819143E+02,  0.19694628E+02,  0.20570700E+02,  0.21447174E+02,  0.22323858E+02,  0.23200546E+02,  0.24077015E+02,  0.24953030E+02,  0.25828335E+02,  0.26702663E+02,  0.27575727E+02,  0.28447229E+02,  0.29316851E+02,  0.30184259E+02,  0.31049114E+02,  0.31911058E+02,  0.32769726E+02,  0.33624744E+02,  0.34475723E+02,  0.35322277E+02,  0.36163998E+02,  0.37000484E+02,  0.37831318E+02,  0.38656075E+02,  0.39474323E+02,  0.40285629E+02,  0.41089527E+02,  0.41885563E+02,  0.42673256E+02,  0.43452114E+02,  0.44221622E+02,  0.44981247E+02,  0.45730431E+02,  0.46468586E+02,  0.47195091E+02,  0.47909298E+02,  0.48610512E+02,  0.49297989E+02,  0.49970940E+02,  0.50628529E+02,  0.51269844E+02,  0.51893917E+02,  0.52499718E+02,  0.53086124E+02,  0.53651928E+02,  0.54195862E+02,  0.54716549E+02,  0.55212513E+02,  0.55682182E+02,  0.56123890E+02,  0.56535851E+02,  0.56916191E+02,  0.57262936E+02,  0.57573975E+02,  0.57847145E+02,  0.58080166E+02,  0.58270710E+02,  0.58416351E+02,  0.58514641E+02,  0.58563091E+02,  0.58559292E+02,  0.58500500E+02,  0.58385525E+02,  0.58207603E+02,  0.57981438E+02,  0.57642307E+02,  0.57422840E+02
  0.57500000E+01, -0.13048911E+02, -0.12909273E+02, -0.12665968E+02, -0.12447130E+02, -0.12217588E+02, -0.11985938E+02, -0.11749076E+02, -0.11507066E+02, -0.11259167E+02, -0.11004901E+02, -0.10743770E+02, -0.10475335E+02, -0.10199195E+02, -0.99149904E+01, -0.96223993E+01, -0.93211355E+01, -0.90109415E+01, -0.86915865E+01, -0.83628578E+01, -0.80245533E+01, -0.76764784E+01, -0.73184328E+01, -0.69502068E+01, -0.65715675E+01, -0.61822538E+01, -0.57819672E+01, -0.53703613E+01, -0.49470315E+01, -0.45115147E+01, -0.40632768E+01, -0.36017106E+01, -0.31261377E+01, -0.26358068E+01, -0.21299057E+01, -0.16075776E+01, -0.10679367E+01, -0.51010770E+00,  0.66737220E-01,  0.66333520E+00,  0.12802696E+01,  0.19179208E+01,  0.25764229E+01,  0.32556133E+01,  0.39550128E+01,  0.46738133E+01,  0.54108882E+01,  0.61648679E+01,  0.69342237E+01,  0.77173667E+01,  0.85127363E+01,  0.93188391E+01,  0.10134266E+02,  0.10957695E+02,  0.11787909E+02,  0.12623816E+02,  0.13464469E+02,  0.14309062E+02,  0.15156926E+02,  0.16007509E+02,  0.16860353E+02,  0.17715086E+02,  0.18571392E+02,  0.19429008E+02,  0.20287701E+02,  0.21147253E+02,  0.22007469E+02,  0.22868147E+02,  0.23729090E+02,  0.24590092E+02,  0.25450941E+02,  0.26311422E+02,  0.27171301E+02,  0.28030340E+02,  0.28888287E+02,  0.29744877E+02,  0.30599838E+02,  0.31452887E+02,  0.32303730E+02,  0.33152061E+02,  0.33997574E+02,  0.34839939E+02,  0.35678829E+02,  0.36513908E+02,  0.37344830E+02,  0.38171230E+02,  0.38992748E+02,  0.39809006E+02,  0.40619614E+02,  0.41424175E+02,  0.42222267E+02,  0.43013454E+02,  0.43797291E+02,  0.44573296E+02,  0.45340969E+02,  0.46099785E+02,  0.46849174E+02,  0.47588543E+02,  0.48317249E+02,  0.49034607E+02,  0.49739876E+02,  0.50432259E+02,  0.51110901E+02,  0.51774872E+02,  0.52423164E+02,  0.53054680E+02,  0.53668259E+02,  0.54262623E+02,  0.54836380E+02,  0.55388035E+02,  0.55916012E+02,  0.56418537E+02,  0.56893776E+02,  0.57339722E+02,  0.57754238E+02,  0.58135067E+02,  0.58479778E+02,  0.58785854E+02,  0.59050583E+02,  0.59271194E+02,  0.59444771E+02,  0.59568317E+02,  0.59638767E+02,  0.59653095E+02,  0.59607849E+02,  0.59501270E+02,  0.59325577E+02,  0.59095768E+02,  0.58742657E+02,  0.58512222E+02
  0.58750000E+01, -0.13647310E+02, -0.13496882E+02, -0.13233027E+02, -0.12992640E+02, -0.12738422E+02, -0.12479756E+02, -0.12213531E+02, -0.11940012E+02, -0.11658597E+02, -0.11368957E+02, -0.11070735E+02, -0.10763632E+02, -0.10447381E+02, -0.10121755E+02, -0.97865610E+01, -0.94416418E+01, -0.90868664E+01, -0.87221289E+01, -0.83473406E+01, -0.79624286E+01, -0.75673208E+01, -0.71619439E+01, -0.67462196E+01, -0.63200488E+01, -0.58833075E+01, -0.54358444E+01, -0.49774652E+01, -0.45079350E+01, -0.40269675E+01, -0.35342271E+01, -0.30293231E+01, -0.25118132E+01, -0.19812115E+01, -0.14369938E+01, -0.87861073E+00, -0.30550686E+00,  0.28285223E+00,  0.88696039E+00,  0.15072339E+01,  0.21439772E+01,  0.27973599E+01,  0.34673810E+01,  0.41538467E+01,  0.48563666E+01,  0.55743475E+01,  0.63070068E+01,  0.70534129E+01,  0.78125210E+01,  0.85832253E+01,  0.93644018E+01,  0.10154942E+02,  0.10953775E+02,  0.11759885E+02,  0.12572326E+02,  0.13390237E+02,  0.14212843E+02,  0.15039469E+02,  0.15869524E+02,  0.16702505E+02,  0.17537985E+02,  0.18375597E+02,  0.19215031E+02,  0.20056015E+02,  0.20898315E+02,  0.21741720E+02,  0.22586033E+02,  0.23431068E+02,  0.24276648E+02,  0.25122591E+02,  0.25968721E+02,  0.26814854E+02,  0.27660799E+02,  0.28506365E+02,  0.29351351E+02,  0.30195541E+02,  0.31038723E+02,  0.31880669E+02,  0.32721142E+02,  0.33559906E+02,  0.34396702E+02,  0.35231274E+02,  0.36063354E+02,  0.36892670E+02,  0.37718929E+02,  0.38541840E+02,  0.39361092E+02,  0.40176369E+02,  0.40987339E+02,  0.41793663E+02,  0.42594967E+02,  0.43390873E+02,  0.44180984E+02,  0.44964863E+02,  0.45742058E+02,  0.46512081E+02,  0.47274410E+02,  0.48028477E+02,  0.48773670E+02,  0.49509331E+02,  0.50234741E+02,  0.50949112E+02,  0.51651588E+02,  0.52341251E+02,  0.53017056E+02,  0.53677906E+02,  0.54322594E+02,  0.54949749E+02,  0.55557957E+02,  0.56145622E+02,  0.56710991E+02,  0.57252224E+02,  0.57767265E+02,  0.58253899E+02,  0.58709774E+02,  0.59132298E+02,  0.59518730E+02,  0.59866169E+02,  0.60171448E+02,  0.60431309E+02,  0.60642281E+02,  0.60800732E+02,  0.60902916E+02,  0.60945087E+02,  0.60922962E+02,  0.60833973E+02,  0.60669270E+02,  0.60443680E+02,  0.60084141E+02,  0.59846725E+02
  0.60000000E+01, -0.14229400E+02, -0.14069802E+02, -0.13788178E+02, -0.13528645E+02, -0.13252143E+02, -0.12968703E+02, -0.12675223E+02, -0.12372145E+02, -0.12058995E+02, -0.11735592E+02, -0.11401718E+02, -0.11057216E+02, -0.10701960E+02, -0.10335869E+02, -0.99588909E+01, -0.95710163E+01, -0.91722574E+01, -0.87626572E+01, -0.83422756E+01, -0.79111867E+01, -0.74694729E+01, -0.70172143E+01, -0.65544872E+01, -0.60813527E+01, -0.55978498E+01, -0.51039968E+01, -0.45997696E+01, -0.40851159E+01, -0.35599415E+01, -0.30241051E+01, -0.24774261E+01, -0.19196856E+01, -0.13506273E+01, -0.76996613E+00, -0.17740163E+00,  0.42736971E+00,  0.10446398E+01,  0.16746658E+01,  0.23176563E+01,  0.29737456E+01,  0.36429739E+01,  0.43252778E+01,  0.50204678E+01,  0.57282319E+01,  0.64481330E+01,  0.71796193E+01,  0.79220386E+01,  0.86746645E+01,  0.94367228E+01,  0.10207411E+02,  0.10985927E+02,  0.11771482E+02,  0.12563321E+02,  0.13360732E+02,  0.14163052E+02,  0.14969679E+02,  0.15780075E+02,  0.16593760E+02,  0.17410315E+02,  0.18229378E+02,  0.19050632E+02,  0.19873806E+02,  0.20698662E+02,  0.21524992E+02,  0.22352612E+02,  0.23181355E+02,  0.24011063E+02,  0.24841591E+02,  0.25672794E+02,  0.26504536E+02,  0.27336674E+02,  0.28169065E+02,  0.29001564E+02,  0.29834017E+02,  0.30666271E+02,  0.31498163E+02,  0.32329525E+02,  0.33160183E+02,  0.33989952E+02,  0.34818642E+02,  0.35646057E+02,  0.36471996E+02,  0.37296242E+02,  0.38118568E+02,  0.38938751E+02,  0.39756542E+02,  0.40571690E+02,  0.41383923E+02,  0.42192955E+02,  0.42998489E+02,  0.43800201E+02,  0.44597752E+02,  0.45390766E+02,  0.46178848E+02,  0.46961567E+02,  0.47738449E+02,  0.48508980E+02,  0.49272602E+02,  0.50028698E+02,  0.50776585E+02,  0.51515514E+02,  0.52244671E+02,  0.52963131E+02,  0.53669888E+02,  0.54363842E+02,  0.55043755E+02,  0.55708275E+02,  0.56355904E+02,  0.56984993E+02,  0.57593727E+02,  0.58180099E+02,  0.58741947E+02,  0.59276871E+02,  0.59782234E+02,  0.60255230E+02,  0.60692768E+02,  0.61091515E+02,  0.61447891E+02,  0.61758068E+02,  0.62017979E+02,  0.62223289E+02,  0.62369465E+02,  0.62451885E+02,  0.62465286E+02,  0.62406105E+02,  0.62264229E+02,  0.62053753E+02,  0.61698738E+02,  0.61460205E+02
  0.61250000E+01, -0.14804361E+02, -0.14636827E+02, -0.14339550E+02, -0.14062690E+02, -0.13765704E+02, -0.13459168E+02, -0.13139983E+02, -0.12808748E+02, -0.12465114E+02, -0.12109030E+02, -0.11740424E+02, -0.11359282E+02, -0.10965625E+02, -0.10559523E+02, -0.10141088E+02, -0.97104635E+01, -0.92678318E+01, -0.88134012E+01, -0.83474026E+01, -0.78700848E+01, -0.73817048E+01, -0.68825226E+01, -0.63727913E+01, -0.58527570E+01, -0.53226433E+01, -0.47826514E+01, -0.42329521E+01, -0.36736803E+01, -0.31049359E+01, -0.25267782E+01, -0.19392262E+01, -0.13422631E+01, -0.73583513E+00, -0.11986335E+00,  0.50575131E+00,  0.11411201E+01,  0.17863525E+01,  0.24415417E+01,  0.31067526E+01,  0.37820110E+01,  0.44672871E+01,  0.51624861E+01,  0.58674407E+01,  0.65819092E+01,  0.73055758E+01,  0.80380516E+01,  0.87788858E+01,  0.95275831E+01,  0.10283607E+02,  0.11046408E+02,  0.11815423E+02,  0.12590097E+02,  0.13369896E+02,  0.14154307E+02,  0.14942852E+02,  0.15735090E+02,  0.16530624E+02,  0.17329096E+02,  0.18130186E+02,  0.18933622E+02,  0.19739162E+02,  0.20546597E+02,  0.21355742E+02,  0.22166445E+02,  0.22978565E+02,  0.23791981E+02,  0.24606581E+02,  0.25422264E+02,  0.26238932E+02,  0.27056492E+02,  0.27874851E+02,  0.28693918E+02,  0.29513597E+02,  0.30333794E+02,  0.31154404E+02,  0.31975325E+02,  0.32796444E+02,  0.33617649E+02,  0.34438820E+02,  0.35259823E+02,  0.36080532E+02,  0.36900803E+02,  0.37720490E+02,  0.38539429E+02,  0.39357464E+02,  0.40174416E+02,  0.40990093E+02,  0.41804302E+02,  0.42616825E+02,  0.43427429E+02,  0.44235867E+02,  0.45041859E+02,  0.45845112E+02,  0.46645290E+02,  0.47442039E+02,  0.48234959E+02,  0.49023602E+02,  0.49807476E+02,  0.50586029E+02,  0.51358650E+02,  0.52124657E+02,  0.52883270E+02,  0.53633648E+02,  0.54374828E+02,  0.55105717E+02,  0.55825134E+02,  0.56531734E+02,  0.57224010E+02,  0.57900299E+02,  0.58558743E+02,  0.59197277E+02,  0.59813583E+02,  0.60405155E+02,  0.60969181E+02,  0.61502552E+02,  0.62001904E+02,  0.62463520E+02,  0.62883350E+02,  0.63257015E+02,  0.63579781E+02,  0.63846565E+02,  0.64051933E+02,  0.64190254E+02,  0.64255135E+02,  0.64241722E+02,  0.64138527E+02,  0.63958080E+02,  0.63623081E+02,  0.63391953E+02
  0.62500000E+01, -0.15381482E+02, -0.15206935E+02, -0.14895583E+02, -0.14602731E+02, -0.14286558E+02, -0.13958093E+02, -0.13614238E+02, -0.13255729E+02, -0.12882330E+02, -0.12494123E+02, -0.12091167E+02, -0.11673598E+02, -0.11241594E+02, -0.10795388E+02, -0.10335259E+02, -0.98615322E+01, -0.93745699E+01, -0.88747730E+01, -0.83625660E+01, -0.78383937E+01, -0.73027139E+01, -0.67559905E+01, -0.61986828E+01, -0.56312370E+01, -0.50540848E+01, -0.44676318E+01, -0.38722498E+01, -0.32682769E+01, -0.26560116E+01, -0.20357091E+01, -0.14075843E+01, -0.77180481E+00, -0.12850328E+00,  0.52222401E+00,  0.11803114E+01,  0.18457166E+01,  0.25184083E+01,  0.31983626E+01,  0.38855505E+01,  0.45799255E+01,  0.52814198E+01,  0.59899349E+01,  0.67053356E+01,  0.74274454E+01,  0.81560478E+01,  0.88908863E+01,  0.96316700E+01,  0.10378079E+02,  0.11129773E+02,  0.11886395E+02,  0.12647584E+02,  0.13412985E+02,  0.14182250E+02,  0.14955047E+02,  0.15731062E+02,  0.16510010E+02,  0.17291632E+02,  0.18075693E+02,  0.18861986E+02,  0.19650339E+02,  0.20440596E+02,  0.21232624E+02,  0.22026320E+02,  0.22821589E+02,  0.23618355E+02,  0.24416552E+02,  0.25216127E+02,  0.26017031E+02,  0.26819220E+02,  0.27622658E+02,  0.28427303E+02,  0.29233120E+02,  0.30040068E+02,  0.30848108E+02,  0.31657194E+02,  0.32467281E+02,  0.33278324E+02,  0.34090260E+02,  0.34903034E+02,  0.35716583E+02,  0.36530842E+02,  0.37345730E+02,  0.38161167E+02,  0.38977070E+02,  0.39793335E+02,  0.40609867E+02,  0.41426548E+02,  0.42243248E+02,  0.43059834E+02,  0.43876148E+02,  0.44692020E+02,  0.45507256E+02,  0.46321640E+02,  0.47134933E+02,  0.47946850E+02,  0.48757088E+02,  0.49565289E+02,  0.50371048E+02,  0.51173912E+02,  0.51973354E+02,  0.52768787E+02,  0.53559528E+02,  0.54344818E+02,  0.55123775E+02,  0.55895401E+02,  0.56658569E+02,  0.57412025E+02,  0.58154297E+02,  0.58883751E+02,  0.59598557E+02,  0.60296616E+02,  0.60975609E+02,  0.61632912E+02,  0.62265575E+02,  0.62870335E+02,  0.63443558E+02,  0.63981174E+02,  0.64478722E+02,  0.64931282E+02,  0.65333427E+02,  0.65679321E+02,  0.65962517E+02,  0.66176262E+02,  0.66312866E+02,  0.66365883E+02,  0.66322357E+02,  0.66192078E+02,  0.65898758E+02,  0.65687111E+02
  0.63750000E+01, -0.15970152E+02, -0.15789286E+02, -0.15465024E+02, -0.15157120E+02, -0.14822625E+02, -0.14472947E+02, -0.14104986E+02, -0.13719596E+02, -0.13316639E+02, -0.12896324E+02, -0.12458849E+02, -0.12004497E+02, -0.11533607E+02, -0.11046589E+02, -0.10543909E+02, -0.10026090E+02, -0.94936972E+01, -0.89473467E+01, -0.83876810E+01, -0.78153710E+01, -0.72311029E+01, -0.66355681E+01, -0.60294595E+01, -0.54134507E+01, -0.47882004E+01, -0.41543374E+01, -0.35124533E+01, -0.28630981E+01, -0.22067759E+01, -0.15439409E+01, -0.87499326E+00, -0.20028421E+00,  0.47988930E+00,  0.11652765E+01,  0.18556710E+01,  0.25509059E+01,  0.32508454E+01,  0.39553781E+01,  0.46644115E+01,  0.53778625E+01,  0.60956469E+01,  0.68176823E+01,  0.75438724E+01,  0.82741089E+01,  0.90082703E+01,  0.97462139E+01,  0.10487786E+02,  0.11232820E+02,  0.11981133E+02,  0.12732543E+02,  0.13486862E+02,  0.14243906E+02,  0.15003496E+02,  0.15765463E+02,  0.16529650E+02,  0.17295916E+02,  0.18064138E+02,  0.18834206E+02,  0.19606030E+02,  0.20379538E+02,  0.21154676E+02,  0.21931402E+02,  0.22709686E+02,  0.23489515E+02,  0.24270884E+02,  0.25053793E+02,  0.25838253E+02,  0.26624277E+02,  0.27411882E+02,  0.28201088E+02,  0.28991917E+02,  0.29784386E+02,  0.30578518E+02,  0.31374327E+02,  0.32171833E+02,  0.32971050E+02,  0.33771984E+02,  0.34574650E+02,  0.35379047E+02,  0.36185177E+02,  0.36993042E+02,  0.37802628E+02,  0.38613930E+02,  0.39426929E+02,  0.40241600E+02,  0.41057915E+02,  0.41875839E+02,  0.42695328E+02,  0.43516319E+02,  0.44338749E+02,  0.45162533E+02,  0.45987572E+02,  0.46813740E+02,  0.47640892E+02,  0.48468861E+02,  0.49297440E+02,  0.50126377E+02,  0.50955395E+02,  0.51784145E+02,  0.52612228E+02,  0.53439178E+02,  0.54264446E+02,  0.55087399E+02,  0.55907272E+02,  0.56723232E+02,  0.57534252E+02,  0.58339191E+02,  0.59136734E+02,  0.59925316E+02,  0.60703213E+02,  0.61468410E+02,  0.62218597E+02,  0.62951183E+02,  0.63663197E+02,  0.64351257E+02,  0.65011559E+02,  0.65639816E+02,  0.66231216E+02,  0.66780350E+02,  0.67281181E+02,  0.67727066E+02,  0.68110596E+02,  0.68423775E+02,  0.68657494E+02,  0.68803398E+02,  0.68847015E+02,  0.68793869E+02,  0.68572136E+02,  0.68396980E+02
  0.65000000E+01, -0.16579914E+02, -0.16393269E+02, -0.16056965E+02, -0.15734645E+02, -0.15382339E+02, -0.15011779E+02, -0.14619847E+02, -0.14207497E+02, -0.13774687E+02, -0.13321741E+02, -0.12848995E+02, -0.12356887E+02, -0.11845933E+02, -0.11316730E+02, -0.10769947E+02, -0.10206329E+02, -0.96266737E+01, -0.90318384E+01, -0.84227152E+01, -0.78002315E+01, -0.71653352E+01, -0.65189791E+01, -0.58621140E+01, -0.51956758E+01, -0.45205741E+01, -0.38376837E+01, -0.31478343E+01, -0.24518020E+01, -0.17503070E+01, -0.10440048E+01, -0.33348280E+00,  0.38073453E+00,  0.10981954E+01,  0.18185103E+01,  0.25413527E+01,  0.32664564E+01,  0.39936054E+01,  0.47226276E+01,  0.54533954E+01,  0.61858096E+01,  0.69197974E+01,  0.76553054E+01,  0.83922911E+01,  0.91307220E+01,  0.98705721E+01,  0.10611811E+02,  0.11354411E+02,  0.12098348E+02,  0.12843587E+02,  0.13590101E+02,  0.14337862E+02,  0.15086843E+02,  0.15837024E+02,  0.16588387E+02,  0.17340923E+02,  0.18094631E+02,  0.18849522E+02,  0.19605610E+02,  0.20362925E+02,  0.21121500E+02,  0.21881382E+02,  0.22642626E+02,  0.23405289E+02,  0.24169441E+02,  0.24935150E+02,  0.25702494E+02,  0.26471552E+02,  0.27242403E+02,  0.28015129E+02,  0.28789816E+02,  0.29566542E+02,  0.30345388E+02,  0.31126436E+02,  0.31909765E+02,  0.32695450E+02,  0.33483566E+02,  0.34274189E+02,  0.35067387E+02,  0.35863228E+02,  0.36661777E+02,  0.37463104E+02,  0.38267269E+02,  0.39074333E+02,  0.39884346E+02,  0.40697365E+02,  0.41513443E+02,  0.42332619E+02,  0.43154938E+02,  0.43980427E+02,  0.44809113E+02,  0.45641010E+02,  0.46476120E+02,  0.47314423E+02,  0.48155891E+02,  0.49000473E+02,  0.49848080E+02,  0.50698597E+02,  0.51551884E+02,  0.52407730E+02,  0.53265903E+02,  0.54126083E+02,  0.54987888E+02,  0.55850857E+02,  0.56714417E+02,  0.57577900E+02,  0.58440502E+02,  0.59301247E+02,  0.60159000E+02,  0.61012440E+02,  0.61859982E+02,  0.62699799E+02,  0.63529758E+02,  0.64347374E+02,  0.65149765E+02,  0.65933632E+02,  0.66695152E+02,  0.67429924E+02,  0.68132935E+02,  0.68798462E+02,  0.69419998E+02,  0.69990181E+02,  0.70500702E+02,  0.70942337E+02,  0.71304489E+02,  0.71576691E+02,  0.71742973E+02,  0.71802628E+02,  0.71693451E+02,  0.71578491E+02
  0.66250000E+01, -0.17220577E+02, -0.17028606E+02, -0.16680954E+02, -0.16344631E+02, -0.15974752E+02, -0.15583305E+02, -0.15167150E+02, -0.14727320E+02, -0.14263857E+02, -0.13777204E+02, -0.13267831E+02, -0.12736342E+02, -0.12183441E+02, -0.11609931E+02, -0.11016714E+02, -0.10404782E+02, -0.97751970E+01, -0.91290941E+01, -0.84676533E+01, -0.77920985E+01, -0.71036777E+01, -0.64036436E+01, -0.56932449E+01, -0.49737134E+01, -0.42462420E+01, -0.35119801E+01, -0.27720170E+01, -0.20273769E+01, -0.12790065E+01, -0.52777070E+00,  0.22555226E+00,  0.98027205E+00,  0.17357873E+01,  0.24915860E+01,  0.32472396E+01,  0.40024014E+01,  0.47567978E+01,  0.55102277E+01,  0.62625465E+01,  0.70136681E+01,  0.77635503E+01,  0.85121908E+01,  0.92596178E+01,  0.10005890E+02,  0.10751081E+02,  0.11495280E+02,  0.12238593E+02,  0.12981127E+02,  0.13723002E+02,  0.14464337E+02,  0.15205257E+02,  0.15945889E+02,  0.16686363E+02,  0.17426811E+02,  0.18167368E+02,  0.18908169E+02,  0.19649355E+02,  0.20391068E+02,  0.21133451E+02,  0.21876654E+02,  0.22620823E+02,  0.23366108E+02,  0.24112663E+02,  0.24860641E+02,  0.25610189E+02,  0.26361465E+02,  0.27114620E+02,  0.27869801E+02,  0.28627157E+02,  0.29386839E+02,  0.30148989E+02,  0.30913752E+02,  0.31681267E+02,  0.32451675E+02,  0.33225117E+02,  0.34001724E+02,  0.34781631E+02,  0.35564976E+02,  0.36351887E+02,  0.37142494E+02,  0.37936935E+02,  0.38735344E+02,  0.39537842E+02,  0.40344563E+02,  0.41155643E+02,  0.41971210E+02,  0.42791393E+02,  0.43616322E+02,  0.44446121E+02,  0.45280914E+02,  0.46120819E+02,  0.46965950E+02,  0.47816406E+02,  0.48672279E+02,  0.49533649E+02,  0.50400578E+02,  0.51273098E+02,  0.52151218E+02,  0.53034916E+02,  0.53924129E+02,  0.54818729E+02,  0.55718555E+02,  0.56623356E+02,  0.57532780E+02,  0.58446426E+02,  0.59363724E+02,  0.60283981E+02,  0.61206345E+02,  0.62129780E+02,  0.63052998E+02,  0.63974476E+02,  0.64892380E+02,  0.65804497E+02,  0.66708252E+02,  0.67600555E+02,  0.68477768E+02,  0.69335663E+02,  0.70169243E+02,  0.70972710E+02,  0.71739326E+02,  0.72461273E+02,  0.73129578E+02,  0.73733932E+02,  0.74262436E+02,  0.74702248E+02,  0.75036453E+02,  0.75255463E+02,  0.75314247E+02,  0.75292107E+02
  0.67500000E+01, -0.17902369E+02, -0.17705519E+02, -0.17347153E+02, -0.16997110E+02, -0.16609694E+02, -0.16197083E+02, -0.15756103E+02, -0.15287847E+02, -0.14792434E+02, -0.14270418E+02, -0.13722417E+02, -0.13149205E+02, -0.12551692E+02, -0.11930921E+02, -0.11288050E+02, -0.10624358E+02, -0.99412155E+01, -0.92400761E+01, -0.85224638E+01, -0.77899432E+01, -0.70441117E+01, -0.62865753E+01, -0.55189281E+01, -0.47427392E+01, -0.39595270E+01, -0.31707492E+01, -0.23777897E+01, -0.15819401E+01, -0.78439152E+00,  0.13770469E-01,  0.81157297E+00,  0.16081604E+01,  0.24027939E+01,  0.31948490E+01,  0.39838142E+01,  0.47692852E+01,  0.55509582E+01,  0.63286228E+01,  0.71021523E+01,  0.78714972E+01,  0.86366730E+01,  0.93977547E+01,  0.10154864E+02,  0.10908165E+02,  0.11657854E+02,  0.12404152E+02,  0.13147303E+02,  0.13887564E+02,  0.14625203E+02,  0.15360495E+02,  0.16093718E+02,  0.16825153E+02,  0.17555082E+02,  0.18283781E+02,  0.19011532E+02,  0.19738605E+02,  0.20465271E+02,  0.21191799E+02,  0.21918447E+02,  0.22645475E+02,  0.23373138E+02,  0.24101683E+02,  0.24831354E+02,  0.25562393E+02,  0.26295031E+02,  0.27029499E+02,  0.27766022E+02,  0.28504822E+02,  0.29246115E+02,  0.29990108E+02,  0.30737020E+02,  0.31487047E+02,  0.32240395E+02,  0.32997261E+02,  0.33757847E+02,  0.34522343E+02,  0.35290951E+02,  0.36063862E+02,  0.36841274E+02,  0.37623379E+02,  0.38410381E+02,  0.39202477E+02,  0.39999870E+02,  0.40802765E+02,  0.41611374E+02,  0.42425907E+02,  0.43246578E+02,  0.44073616E+02,  0.44907238E+02,  0.45747669E+02,  0.46595142E+02,  0.47449883E+02,  0.48312122E+02,  0.49182087E+02,  0.50059998E+02,  0.50946075E+02,  0.51840519E+02,  0.52743526E+02,  0.53655247E+02,  0.54575851E+02,  0.55505447E+02,  0.56444077E+02,  0.57391781E+02,  0.58348499E+02,  0.59314110E+02,  0.60288391E+02,  0.61271004E+02,  0.62261452E+02,  0.63259094E+02,  0.64263092E+02,  0.65272339E+02,  0.66285454E+02,  0.67300743E+02,  0.68316078E+02,  0.69328850E+02,  0.70335922E+02,  0.71333473E+02,  0.72316917E+02,  0.73280746E+02,  0.74218384E+02,  0.75122032E+02,  0.75982430E+02,  0.76788681E+02,  0.77527992E+02,  0.78185303E+02,  0.78743683E+02,  0.79181526E+02,  0.79482094E+02,  0.79597084E+02
  0.68750000E+01, -0.18636147E+02, -0.18434933E+02, -0.18066553E+02, -0.17703039E+02, -0.17297998E+02, -0.16863735E+02, -0.16397017E+02, -0.15898981E+02, -0.15369813E+02, -0.14810177E+02, -0.14220839E+02, -0.13602766E+02, -0.12957101E+02, -0.12285152E+02, -0.11588385E+02, -0.10868406E+02, -0.10126953E+02, -0.93658628E+01, -0.85870523E+01, -0.77925014E+01, -0.69842215E+01, -0.61642332E+01, -0.53345385E+01, -0.44970984E+01, -0.36538115E+01, -0.28064899E+01, -0.19568446E+01, -0.11064671E+01, -0.25681666E+00,  0.59078729E+00,  0.14351760E+01,  0.22753272E+01,  0.31103749E+01,  0.39396005E+01,  0.47624292E+01,  0.55784278E+01,  0.63872886E+01,  0.71888270E+01,  0.79829655E+01,  0.87697258E+01,  0.95492144E+01,  0.10321613E+02,  0.11087168E+02,  0.11846174E+02,  0.12598976E+02,  0.13345945E+02,  0.14087484E+02,  0.14824009E+02,  0.15555953E+02,  0.16283752E+02,  0.17007847E+02,  0.17728678E+02,  0.18446680E+02,  0.19162283E+02,  0.19875906E+02,  0.20587961E+02,  0.21298853E+02,  0.22008968E+02,  0.22718691E+02,  0.23428389E+02,  0.24138416E+02,  0.24849125E+02,  0.25560846E+02,  0.26273909E+02,  0.26988628E+02,  0.27705311E+02,  0.28424252E+02,  0.29145746E+02,  0.29870071E+02,  0.30597506E+02,  0.31328318E+02,  0.32062775E+02,  0.32801136E+02,  0.33543659E+02,  0.34290596E+02,  0.35042206E+02,  0.35798740E+02,  0.36560455E+02,  0.37327606E+02,  0.38100449E+02,  0.38879246E+02,  0.39664272E+02,  0.40455791E+02,  0.41254089E+02,  0.42059444E+02,  0.42872162E+02,  0.43692535E+02,  0.44520882E+02,  0.45357525E+02,  0.46202793E+02,  0.47057034E+02,  0.47920589E+02,  0.48793831E+02,  0.49677120E+02,  0.50570843E+02,  0.51475372E+02,  0.52391102E+02,  0.53318424E+02,  0.54257702E+02,  0.55209343E+02,  0.56173695E+02,  0.57151100E+02,  0.58141914E+02,  0.59146370E+02,  0.60164738E+02,  0.61197170E+02,  0.62243763E+02,  0.63304508E+02,  0.64379242E+02,  0.65467697E+02,  0.66569351E+02,  0.67683464E+02,  0.68809021E+02,  0.69944626E+02,  0.71088448E+02,  0.72238136E+02,  0.73390701E+02,  0.74542389E+02,  0.75688507E+02,  0.76823235E+02,  0.77939430E+02,  0.79028328E+02,  0.80079193E+02,  0.81079292E+02,  0.82011887E+02,  0.82861969E+02,  0.83592300E+02,  0.84230499E+02,  0.84541519E+02
  0.70000000E+01, -0.19433641E+02, -0.19228733E+02, -0.18851255E+02, -0.18474590E+02, -0.18051817E+02, -0.17595263E+02, -0.17101627E+02, -0.16572063E+02, -0.16006811E+02, -0.15406640E+02, -0.14772481E+02, -0.14105513E+02, -0.13407141E+02, -0.12678988E+02, -0.11922874E+02, -0.11140810E+02, -0.10334961E+02, -0.95076246E+01, -0.86612034E+01, -0.77981715E+01, -0.69210386E+01, -0.60323229E+01, -0.51345134E+01, -0.42300377E+01, -0.33212407E+01, -0.24103446E+01, -0.14994360E+01, -0.59044427E+00,  0.31487915E+00,  0.12149659E+01,  0.21084423E+01,  0.29941316E+01,  0.38710499E+01,  0.47384071E+01,  0.55955977E+01,  0.64421897E+01,  0.72779131E+01,  0.81026478E+01,  0.89164095E+01,  0.97193317E+01,  0.10511657E+02,  0.11293713E+02,  0.12065904E+02,  0.12828698E+02,  0.13582611E+02,  0.14328199E+02,  0.15066043E+02,  0.15796743E+02,  0.16520912E+02,  0.17239162E+02,  0.17952108E+02,  0.18660358E+02,  0.19364506E+02,  0.20065138E+02,  0.20762819E+02,  0.21458103E+02,  0.22151524E+02,  0.22843596E+02,  0.23534817E+02,  0.24225664E+02,  0.24916599E+02,  0.25608063E+02,  0.26300482E+02,  0.26994265E+02,  0.27689808E+02,  0.28387491E+02,  0.29087681E+02,  0.29790733E+02,  0.30496996E+02,  0.31206802E+02,  0.31920479E+02,  0.32638351E+02,  0.33360733E+02,  0.34087933E+02,  0.34820267E+02,  0.35558037E+02,  0.36301552E+02,  0.37051128E+02,  0.37807072E+02,  0.38569702E+02,  0.39339344E+02,  0.40116325E+02,  0.40900990E+02,  0.41693684E+02,  0.42494766E+02,  0.43304619E+02,  0.44123627E+02,  0.44952187E+02,  0.45790730E+02,  0.46639683E+02,  0.47499512E+02,  0.48370686E+02,  0.49253704E+02,  0.50149082E+02,  0.51057354E+02,  0.51979080E+02,  0.52914833E+02,  0.53865219E+02,  0.54830853E+02,  0.55812359E+02,  0.56810375E+02,  0.57825565E+02,  0.58858597E+02,  0.59910095E+02,  0.60980732E+02,  0.62071125E+02,  0.63181847E+02,  0.64313461E+02,  0.65466415E+02,  0.66641083E+02,  0.67837730E+02,  0.69056412E+02,  0.70296997E+02,  0.71559090E+02,  0.72841934E+02,  0.74144333E+02,  0.75464600E+02,  0.76800293E+02,  0.78148186E+02,  0.79503983E+02,  0.80862061E+02,  0.82215225E+02,  0.83554100E+02,  0.84867561E+02,  0.86138374E+02,  0.87356781E+02,  0.88466202E+02,  0.89561256E+02,  0.90143448E+02
  0.71250000E+01, -0.20307760E+02, -0.20100096E+02, -0.19714817E+02, -0.19325523E+02, -0.18884991E+02, -0.18405443E+02, -0.17883495E+02, -0.17320276E+02, -0.16716063E+02, -0.16071735E+02, -0.15388393E+02, -0.14667458E+02, -0.13910641E+02, -0.13119934E+02, -0.12297593E+02, -0.11446105E+02, -0.10568165E+02, -0.96666374E+01, -0.87445116E+01, -0.78048692E+01, -0.68508348E+01, -0.58855300E+01, -0.49120345E+01, -0.39333413E+01, -0.29523175E+01, -0.19716759E+01, -0.99393839E+00, -0.21411130E-01,  0.94382960E+00,  0.18999496E+01,  0.28453729E+01,  0.37787738E+01,  0.46990781E+01,  0.56054587E+01,  0.64973135E+01,  0.73742633E+01,  0.82361279E+01,  0.90829058E+01,  0.99147615E+01,  0.10731997E+02,  0.11535038E+02,  0.12324416E+02,  0.13100742E+02,  0.13864697E+02,  0.14617012E+02,  0.15358457E+02,  0.16089825E+02,  0.16811926E+02,  0.17525574E+02,  0.18231575E+02,  0.18930735E+02,  0.19623835E+02,  0.20311642E+02,  0.20994900E+02,  0.21674328E+02,  0.22350620E+02,  0.23024441E+02,  0.23696428E+02,  0.24367197E+02,  0.25037331E+02,  0.25707386E+02,  0.26377903E+02,  0.27049389E+02,  0.27722332E+02,  0.28397205E+02,  0.29074455E+02,  0.29754513E+02,  0.30437799E+02,  0.31124712E+02,  0.31815647E+02,  0.32510983E+02,  0.33211090E+02,  0.33916340E+02,  0.34627087E+02,  0.35343693E+02,  0.36066513E+02,  0.36795906E+02,  0.37532230E+02,  0.38275852E+02,  0.39027145E+02,  0.39786480E+02,  0.40554256E+02,  0.41330872E+02,  0.42116741E+02,  0.42912292E+02,  0.43717983E+02,  0.44534275E+02,  0.45361664E+02,  0.46200661E+02,  0.47051804E+02,  0.47915665E+02,  0.48792843E+02,  0.49683960E+02,  0.50589684E+02,  0.51510708E+02,  0.52447765E+02,  0.53401634E+02,  0.54373116E+02,  0.55363075E+02,  0.56372398E+02,  0.57402020E+02,  0.58452911E+02,  0.59526100E+02,  0.60622631E+02,  0.61743603E+02,  0.62890129E+02,  0.64063354E+02,  0.65264450E+02,  0.66494545E+02,  0.67754822E+02,  0.69046394E+02,  0.70370285E+02,  0.71727478E+02,  0.73118774E+02,  0.74544800E+02,  0.76005913E+02,  0.77502098E+02,  0.79032875E+02,  0.80597099E+02,  0.82192863E+02,  0.83817131E+02,  0.85465584E+02,  0.87131760E+02,  0.88808266E+02,  0.90479385E+02,  0.92145424E+02,  0.93727081E+02,  0.95416382E+02,  0.96358948E+02
  0.72500000E+01, -0.21272953E+02, -0.21063858E+02, -0.20672676E+02, -0.20271637E+02, -0.19813545E+02, -0.19310349E+02, -0.18758541E+02, -0.18159182E+02, -0.17512564E+02, -0.16819668E+02, -0.16081778E+02, -0.15300591E+02, -0.14478181E+02, -0.13616986E+02, -0.12719787E+02, -0.11789662E+02, -0.10829965E+02, -0.98442574E+01, -0.88362694E+01, -0.78098416E+01, -0.67688437E+01, -0.57171636E+01, -0.46586089E+01, -0.35968320E+01, -0.25353768E+01, -0.14775130E+01, -0.42625615E+00,  0.61563128E+00,  0.16457173E+01,  0.26619039E+01,  0.36624181E+01,  0.46457896E+01,  0.56109185E+01,  0.65569687E+01,  0.74834046E+01,  0.83899794E+01,  0.92766590E+01,  0.10143643E+02,  0.10991315E+02,  0.11820218E+02,  0.12631035E+02,  0.13424557E+02,  0.14201665E+02,  0.14963307E+02,  0.15710479E+02,  0.16444204E+02,  0.17165529E+02,  0.17875500E+02,  0.18575155E+02,  0.19265522E+02,  0.19947603E+02,  0.20622374E+02,  0.21290779E+02,  0.21953728E+02,  0.22612091E+02,  0.23266706E+02,  0.23918371E+02,  0.24567841E+02,  0.25215843E+02,  0.25863062E+02,  0.26510153E+02,  0.27157736E+02,  0.27806400E+02,  0.28456709E+02,  0.29109196E+02,  0.29764376E+02,  0.30422737E+02,  0.31084751E+02,  0.31750870E+02,  0.32421535E+02,  0.33097172E+02,  0.33778194E+02,  0.34465015E+02,  0.35158035E+02,  0.35857655E+02,  0.36564274E+02,  0.37278294E+02,  0.38000111E+02,  0.38730145E+02,  0.39468807E+02,  0.40216534E+02,  0.40973755E+02,  0.41740936E+02,  0.42518555E+02,  0.43307095E+02,  0.44107082E+02,  0.44919056E+02,  0.45743591E+02,  0.46581287E+02,  0.47432781E+02,  0.48298748E+02,  0.49179897E+02,  0.50076988E+02,  0.50990818E+02,  0.51922245E+02,  0.52872166E+02,  0.53841549E+02,  0.54831417E+02,  0.55842857E+02,  0.56877014E+02,  0.57935135E+02,  0.59018505E+02,  0.60128510E+02,  0.61266624E+02,  0.62434387E+02,  0.63633453E+02,  0.64865547E+02,  0.66132462E+02,  0.67436150E+02,  0.68778572E+02,  0.70161819E+02,  0.71588020E+02,  0.73059387E+02,  0.74578148E+02,  0.76146515E+02,  0.77766693E+02,  0.79440781E+02,  0.81170715E+02,  0.82958099E+02,  0.84804192E+02,  0.86709602E+02,  0.88674255E+02,  0.90696304E+02,  0.92774506E+02,  0.94897079E+02,  0.97080414E+02,  0.99220123E+02,  0.10164091E+03,  0.10303600E+03
  0.73750000E+01, -0.22345612E+02, -0.22136971E+02, -0.21742653E+02, -0.21331339E+02, -0.20856308E+02, -0.20328993E+02, -0.19745726E+02, -0.19107428E+02, -0.18414371E+02, -0.17667618E+02, -0.16868654E+02, -0.16019489E+02, -0.15122631E+02, -0.14181067E+02, -0.13198220E+02, -0.12177917E+02, -0.11124340E+02, -0.10041929E+02, -0.89353437E+01, -0.78093872E+01, -0.66688876E+01, -0.55186806E+01, -0.43634620E+01, -0.32077546E+01, -0.20558712E+01, -0.91176510E+00,  0.22092672E+00,  0.13389633E+01,  0.24395313E+01,  0.35202358E+01,  0.45791330E+01,  0.56146665E+01,  0.66257482E+01,  0.76116357E+01,  0.85719280E+01,  0.95066137E+01,  0.10415915E+02,  0.11300305E+02,  0.12160504E+02,  0.12997386E+02,  0.13811975E+02,  0.14605409E+02,  0.15378909E+02,  0.16133753E+02,  0.16871260E+02,  0.17592756E+02,  0.18299580E+02,  0.18993046E+02,  0.19674450E+02,  0.20345058E+02,  0.21006086E+02,  0.21658714E+02,  0.22304070E+02,  0.22943232E+02,  0.23577225E+02,  0.24207029E+02,  0.24833567E+02,  0.25457710E+02,  0.26080290E+02,  0.26702089E+02,  0.27323845E+02,  0.27946255E+02,  0.28569981E+02,  0.29195644E+02,  0.29823845E+02,  0.30455145E+02,  0.31090080E+02,  0.31729170E+02,  0.32372910E+02,  0.33021774E+02,  0.33676228E+02,  0.34336727E+02,  0.35003708E+02,  0.35677616E+02,  0.36358875E+02,  0.37047924E+02,  0.37745197E+02,  0.38451134E+02,  0.39166180E+02,  0.39890793E+02,  0.40625443E+02,  0.41370613E+02,  0.42126808E+02,  0.42894554E+02,  0.43674400E+02,  0.44466927E+02,  0.45272743E+02,  0.46092484E+02,  0.46926838E+02,  0.47776524E+02,  0.48642311E+02,  0.49525017E+02,  0.50425514E+02,  0.51344734E+02,  0.52283669E+02,  0.53243389E+02,  0.54225029E+02,  0.55229809E+02,  0.56259045E+02,  0.57314140E+02,  0.58396603E+02,  0.59508053E+02,  0.60650215E+02,  0.61824966E+02,  0.63034317E+02,  0.64280418E+02,  0.65565575E+02,  0.66892281E+02,  0.68263199E+02,  0.69681198E+02,  0.71149338E+02,  0.72670898E+02,  0.74249390E+02,  0.75888573E+02,  0.77592415E+02,  0.79365128E+02,  0.81211189E+02,  0.83135246E+02,  0.85142181E+02,  0.87236992E+02,  0.89424728E+02,  0.91710632E+02,  0.94098900E+02,  0.96596565E+02,  0.99198021E+02,  0.10194115E+03,  0.10469557E+03,  0.10794978E+03,  0.10986879E+03
  0.75000000E+01, -0.23544542E+02, -0.23339016E+02, -0.22945566E+02, -0.22526325E+02, -0.22035669E+02, -0.21484169E+02, -0.20867947E+02, -0.20187672E+02, -0.19443539E+02, -0.18636662E+02, -0.17768732E+02, -0.16842133E+02, -0.15859878E+02, -0.14825647E+02, -0.13743668E+02, -0.12618708E+02, -0.11456011E+02, -0.10261147E+02, -0.90399790E+01, -0.77985206E+01, -0.65428553E+01, -0.52789927E+01, -0.40127769E+01, -0.27498343E+01, -0.14953976E+01, -0.25427610E+00,  0.96918803E+00,  0.21711936E+01,  0.33485069E+01,  0.44984775E+01,  0.56190052E+01,  0.67085462E+01,  0.77661161E+01,  0.87911654E+01,  0.97835941E+01,  0.10743732E+02,  0.11672184E+02,  0.12569879E+02,  0.13437966E+02,  0.14277774E+02,  0.15090793E+02,  0.15878593E+02,  0.16642830E+02,  0.17385185E+02,  0.18107361E+02,  0.18811050E+02,  0.19497913E+02,  0.20169580E+02,  0.20827625E+02,  0.21473562E+02,  0.22108849E+02,  0.22734867E+02,  0.23352936E+02,  0.23964302E+02,  0.24570143E+02,  0.25171568E+02,  0.25769621E+02,  0.26365288E+02,  0.26959484E+02,  0.27553078E+02,  0.28146885E+02,  0.28741663E+02,  0.29338135E+02,  0.29936979E+02,  0.30538832E+02,  0.31144300E+02,  0.31753960E+02,  0.32368359E+02,  0.32988026E+02,  0.33613464E+02,  0.34245167E+02,  0.34883606E+02,  0.35529255E+02,  0.36182575E+02,  0.36844017E+02,  0.37514042E+02,  0.38193111E+02,  0.38881687E+02,  0.39580246E+02,  0.40289272E+02,  0.41009270E+02,  0.41740753E+02,  0.42484268E+02,  0.43240379E+02,  0.44009682E+02,  0.44792801E+02,  0.45590397E+02,  0.46403175E+02,  0.47231884E+02,  0.48077316E+02,  0.48940319E+02,  0.49821804E+02,  0.50722748E+02,  0.51644188E+02,  0.52587246E+02,  0.53553131E+02,  0.54543140E+02,  0.55558666E+02,  0.56601238E+02,  0.57672455E+02,  0.58774101E+02,  0.59908085E+02,  0.61076443E+02,  0.62281437E+02,  0.63525490E+02,  0.64811226E+02,  0.66141510E+02,  0.67519463E+02,  0.68948456E+02,  0.70432205E+02,  0.71974709E+02,  0.73580383E+02,  0.75254021E+02,  0.77000854E+02,  0.78826614E+02,  0.80737587E+02,  0.82740631E+02,  0.84843246E+02,  0.87053680E+02,  0.89380936E+02,  0.91834846E+02,  0.94426437E+02,  0.97166649E+02,  0.10007181E+03,  0.10314369E+03,  0.10644430E+03,  0.10981804E+03,  0.11392943E+03,  0.11639244E+03
  0.76250000E+01, -0.24891464E+02, -0.24692781E+02, -0.24305943E+02, -0.23882420E+02, -0.23378532E+02, -0.22803518E+02, -0.22153187E+02, -0.21427801E+02, -0.20627377E+02, -0.19753023E+02, -0.18806646E+02, -0.17791025E+02, -0.16709845E+02, -0.15567593E+02, -0.14369549E+02, -0.13121716E+02, -0.11830658E+02, -0.10503459E+02, -0.91475172E+01, -0.77704563E+01, -0.63799453E+01, -0.49835558E+01, -0.35886121E+01, -0.22020688E+01, -0.83038765E+00,  0.52060020E+00,  0.18457247E+01,  0.31405523E+01,  0.44014196E+01,  0.56254454E+01,  0.68104792E+01,  0.79551296E+01,  0.90586376E+01,  0.10120858E+02,  0.11142179E+02,  0.12123433E+02,  0.13065847E+02,  0.13970941E+02,  0.14840499E+02,  0.15676440E+02,  0.16480837E+02,  0.17255854E+02,  0.18003647E+02,  0.18726402E+02,  0.19426270E+02,  0.20105356E+02,  0.20765699E+02,  0.21409266E+02,  0.22037928E+02,  0.22653477E+02,  0.23257601E+02,  0.23851894E+02,  0.24437864E+02,  0.25016916E+02,  0.25590368E+02,  0.26159456E+02,  0.26725327E+02,  0.27289055E+02,  0.27851645E+02,  0.28414024E+02,  0.28977070E+02,  0.29541592E+02,  0.30108353E+02,  0.30678064E+02,  0.31251404E+02,  0.31828995E+02,  0.32411442E+02,  0.32999313E+02,  0.33593151E+02,  0.34193478E+02,  0.34800797E+02,  0.35415604E+02,  0.36038372E+02,  0.36669579E+02,  0.37309692E+02,  0.37959187E+02,  0.38618530E+02,  0.39288208E+02,  0.39968712E+02,  0.40660542E+02,  0.41364223E+02,  0.42080296E+02,  0.42809330E+02,  0.43551918E+02,  0.44308685E+02,  0.45080296E+02,  0.45867451E+02,  0.46670902E+02,  0.47491444E+02,  0.48329933E+02,  0.49187275E+02,  0.50064461E+02,  0.50962536E+02,  0.51882641E+02,  0.52825996E+02,  0.53793922E+02,  0.54787849E+02,  0.55809334E+02,  0.56860031E+02,  0.57941765E+02,  0.59056519E+02,  0.60206429E+02,  0.61393852E+02,  0.62621323E+02,  0.63891632E+02,  0.65207840E+02,  0.66573265E+02,  0.67991570E+02,  0.69466774E+02,  0.71003326E+02,  0.72606056E+02,  0.74280365E+02,  0.76032219E+02,  0.77868195E+02,  0.79795616E+02,  0.81822632E+02,  0.83958328E+02,  0.86212845E+02,  0.88597542E+02,  0.91125237E+02,  0.93810211E+02,  0.96669037E+02,  0.99719078E+02,  0.10298542E+03,  0.10647708E+03,  0.11027840E+03,  0.11421127E+03,  0.11910050E+03,  0.12205798E+03
  0.77500000E+01, -0.26411518E+02, -0.26224873E+02, -0.25852831E+02, -0.25430580E+02, -0.24917519E+02, -0.24320890E+02, -0.23636034E+02, -0.22862556E+02, -0.22000137E+02, -0.21049782E+02, -0.20013575E+02, -0.18894794E+02, -0.17697859E+02, -0.16428350E+02, -0.15092906E+02, -0.13699077E+02, -0.12255237E+02, -0.10770393E+02, -0.92540350E+01, -0.77158732E+01, -0.61656752E+01, -0.46130705E+01, -0.30672879E+01, -0.15370240E+01, -0.30275961E-01,  0.14458625E+01,  0.28852317E+01,  0.42827001E+01,  0.56342044E+01,  0.69367223E+01,  0.81882553E+01,  0.93876972E+01,  0.10534850E+02,  0.11630213E+02,  0.12674903E+02,  0.13670601E+02,  0.14619371E+02,  0.15523593E+02,  0.16385853E+02,  0.17208906E+02,  0.17995562E+02,  0.18748667E+02,  0.19471041E+02,  0.20165430E+02,  0.20834518E+02,  0.21480869E+02,  0.22106932E+02,  0.22715033E+02,  0.23307360E+02,  0.23885973E+02,  0.24452797E+02,  0.25009632E+02,  0.25558149E+02,  0.26099905E+02,  0.26636341E+02,  0.27168791E+02,  0.27698494E+02,  0.28226593E+02,  0.28754148E+02,  0.29282141E+02,  0.29811480E+02,  0.30343008E+02,  0.30877508E+02,  0.31415716E+02,  0.31958313E+02,  0.32505943E+02,  0.33059212E+02,  0.33618690E+02,  0.34184925E+02,  0.34758442E+02,  0.35339741E+02,  0.35929317E+02,  0.36527653E+02,  0.37135212E+02,  0.37752476E+02,  0.38379913E+02,  0.39017994E+02,  0.39667210E+02,  0.40328056E+02,  0.41001038E+02,  0.41686695E+02,  0.42385574E+02,  0.43098251E+02,  0.43825348E+02,  0.44567501E+02,  0.45325394E+02,  0.46099762E+02,  0.46891376E+02,  0.47701073E+02,  0.48529736E+02,  0.49378330E+02,  0.50247887E+02,  0.51139511E+02,  0.52054413E+02,  0.52993877E+02,  0.53959320E+02,  0.54952263E+02,  0.55974361E+02,  0.57027397E+02,  0.58113358E+02,  0.59234364E+02,  0.60392735E+02,  0.61591045E+02,  0.62832077E+02,  0.64118874E+02,  0.65454819E+02,  0.66843620E+02,  0.68289352E+02,  0.69796516E+02,  0.71370117E+02,  0.73015701E+02,  0.74739418E+02,  0.76548126E+02,  0.78449524E+02,  0.80452164E+02,  0.82565720E+02,  0.84801064E+02,  0.87170456E+02,  0.89687828E+02,  0.92369019E+02,  0.95231987E+02,  0.98297752E+02,  0.10158887E+03,  0.10513742E+03,  0.10895808E+03,  0.11315231E+03,  0.11752402E+03,  0.12301982E+03,  0.12636140E+03
  0.78750000E+01, -0.28133699E+02, -0.27966328E+02, -0.27620699E+02, -0.27208080E+02, -0.26692453E+02, -0.26078125E+02, -0.25359707E+02, -0.24535749E+02, -0.23605358E+02, -0.22569252E+02, -0.21429625E+02, -0.20190287E+02, -0.18856634E+02, -0.17435627E+02, -0.15935624E+02, -0.14366282E+02, -0.12738360E+02, -0.11063462E+02, -0.93537960E+01, -0.76219239E+01, -0.58804111E+01, -0.41415944E+01, -0.24172592E+01, -0.71837515E+00,  0.94510078E+00,  0.25644891E+01,  0.41324506E+01,  0.56431437E+01,  0.70921755E+01,  0.84765892E+01,  0.97947874E+01,  0.11046386E+02,  0.12232075E+02,  0.13353435E+02,  0.14412766E+02,  0.15412918E+02,  0.16357174E+02,  0.17249079E+02,  0.18092316E+02,  0.18890661E+02,  0.19647879E+02,  0.20367643E+02,  0.21053516E+02,  0.21708927E+02,  0.22337122E+02,  0.22941160E+02,  0.23523933E+02,  0.24088123E+02,  0.24636230E+02,  0.25170574E+02,  0.25693296E+02,  0.26206371E+02,  0.26711620E+02,  0.27210714E+02,  0.27705189E+02,  0.28196455E+02,  0.28685806E+02,  0.29174429E+02,  0.29663410E+02,  0.30153753E+02,  0.30646383E+02,  0.31142143E+02,  0.31641821E+02,  0.32146145E+02,  0.32655788E+02,  0.33171391E+02,  0.33693535E+02,  0.34222790E+02,  0.34759682E+02,  0.35304726E+02,  0.35858406E+02,  0.36421200E+02,  0.36993576E+02,  0.37575993E+02,  0.38168911E+02,  0.38772785E+02,  0.39388088E+02,  0.40015293E+02,  0.40654884E+02,  0.41307377E+02,  0.41973286E+02,  0.42653168E+02,  0.43347603E+02,  0.44057201E+02,  0.44782612E+02,  0.45524525E+02,  0.46283680E+02,  0.47060863E+02,  0.47856926E+02,  0.48672768E+02,  0.49509380E+02,  0.50367813E+02,  0.51249210E+02,  0.52154812E+02,  0.53085949E+02,  0.54044083E+02,  0.55030800E+02,  0.56047791E+02,  0.57096951E+02,  0.58180328E+02,  0.59300144E+02,  0.60458839E+02,  0.61659092E+02,  0.62903866E+02,  0.64196358E+02,  0.65540146E+02,  0.66939178E+02,  0.68397797E+02,  0.69920799E+02,  0.71513565E+02,  0.73182053E+02,  0.74932930E+02,  0.76773636E+02,  0.78712524E+02,  0.80759018E+02,  0.82923737E+02,  0.85218712E+02,  0.87657585E+02,  0.90255928E+02,  0.93031586E+02,  0.96004868E+02,  0.99199661E+02,  0.10264182E+03,  0.10636782E+03,  0.11039582E+03,  0.11483759E+03,  0.11948542E+03,  0.12535925E+03,  0.12893889E+03
  0.80000000E+01, -0.30091125E+02, -0.29953098E+02, -0.29650381E+02, -0.29259901E+02, -0.28752222E+02, -0.28127357E+02, -0.27378763E+02, -0.26503326E+02, -0.25499132E+02, -0.24366306E+02, -0.23107042E+02, -0.21725765E+02, -0.20229069E+02, -0.18625683E+02, -0.16926308E+02, -0.15143424E+02, -0.13290959E+02, -0.11384018E+02, -0.94385071E+01, -0.74707999E+01, -0.54972692E+01, -0.35339093E+01, -0.15959512E+01,  0.30259597E+00,  0.21491983E+01,  0.39331777E+01,  0.56458435E+01,  0.72805939E+01,  0.88329401E+01,  0.10300392E+02,  0.11682282E+02,  0.12979503E+02,  0.14194289E+02,  0.15329933E+02,  0.16390476E+02,  0.17380533E+02,  0.18305044E+02,  0.19169088E+02,  0.19977818E+02,  0.20736269E+02,  0.21449301E+02,  0.22121593E+02,  0.22757565E+02,  0.23361349E+02,  0.23936792E+02,  0.24487478E+02,  0.25016710E+02,  0.25527512E+02,  0.26022663E+02,  0.26504705E+02,  0.26975958E+02,  0.27438530E+02,  0.27894342E+02,  0.28345144E+02,  0.28792524E+02,  0.29237923E+02,  0.29682648E+02,  0.30127899E+02,  0.30574755E+02,  0.31024206E+02,  0.31477158E+02,  0.31934431E+02,  0.32396790E+02,  0.32864925E+02,  0.33339489E+02,  0.33821079E+02,  0.34310253E+02,  0.34807545E+02,  0.35313450E+02,  0.35828445E+02,  0.36352997E+02,  0.36887539E+02,  0.37432522E+02,  0.37988369E+02,  0.38555519E+02,  0.39134403E+02,  0.39725471E+02,  0.40329170E+02,  0.40945969E+02,  0.41576359E+02,  0.42220844E+02,  0.42879963E+02,  0.43554279E+02,  0.44244389E+02,  0.44950935E+02,  0.45674599E+02,  0.46416103E+02,  0.47176235E+02,  0.47955837E+02,  0.48755810E+02,  0.49577137E+02,  0.50420876E+02,  0.51288170E+02,  0.52180260E+02,  0.53098499E+02,  0.54044331E+02,  0.55019367E+02,  0.56025345E+02,  0.57064125E+02,  0.58137810E+02,  0.59248646E+02,  0.60399109E+02,  0.61591915E+02,  0.62830048E+02,  0.64116798E+02,  0.65455803E+02,  0.66851067E+02,  0.68306999E+02,  0.69828552E+02,  0.71421211E+02,  0.73091049E+02,  0.74844925E+02,  0.76690468E+02,  0.78636276E+02,  0.80692055E+02,  0.82868744E+02,  0.85178772E+02,  0.87636284E+02,  0.90257393E+02,  0.93060616E+02,  0.96067123E+02,  0.99301750E+02,  0.10279148E+03,  0.10657429E+03,  0.11066947E+03,  0.11519215E+03,  0.11993074E+03,  0.12592889E+03,  0.12958676E+03
