  EFITD    12/10/2013    #100000  5244msiter#701   0 129 129
 0.860000000E+01 0.160000000E+02 0.780000000E+01 0.350000000E+01 0.000000000E+00
 0.856092292E+01 0.888252359E+00-0.237307544E+02-0.919062376E+01 0.630000000E+01
 0.140000000E+08-0.237307544E+02 0.000000000E+00 0.856092292E+01 0.000000000E+00
 0.888252359E+00 0.000000000E+00-0.919062376E+01 0.000000000E+00 0.000000000E+00
 0.468966478E+02 0.470290126E+02 0.471386964E+02 0.472340191E+02 0.473209061E+02
 0.474023950E+02 0.474799801E+02 0.475544046E+02 0.476260840E+02 0.476952421E+02
 0.477617094E+02 0.478248519E+02 0.478841961E+02 0.479398723E+02 0.479922833E+02
 0.480417825E+02 0.480886662E+02 0.481331867E+02 0.481755721E+02 0.482161832E+02
 0.482559425E+02 0.482961608E+02 0.483375749E+02 0.483800912E+02 0.484233460E+02
 0.484670431E+02 0.485109652E+02 0.485548972E+02 0.485984048E+02 0.486403973E+02
 0.486786294E+02 0.487097857E+02 0.487305904E+02 0.487394938E+02 0.487378615E+02
 0.487295152E+02 0.487189821E+02 0.487100245E+02 0.487049930E+02 0.487047716E+02
 0.487090909E+02 0.487169481E+02 0.487270498E+02 0.487382049E+02 0.487495399E+02
 0.487605299E+02 0.487709241E+02 0.487806358E+02 0.487896562E+02 0.487980139E+02
 0.488057863E+02 0.488131173E+02 0.488201561E+02 0.488269824E+02 0.488336186E+02
 0.488400725E+02 0.488463511E+02 0.488524601E+02 0.488584048E+02 0.488641901E+02
 0.488698205E+02 0.488753006E+02 0.488806346E+02 0.488858267E+02 0.488908810E+02
 0.488958016E+02 0.489005926E+02 0.489052594E+02 0.489098094E+02 0.489142509E+02
 0.489185894E+02 0.489228279E+02 0.489269679E+02 0.489310111E+02 0.489349591E+02
 0.489388135E+02 0.489425759E+02 0.489462479E+02 0.489498311E+02 0.489533270E+02
 0.489567373E+02 0.489600633E+02 0.489633060E+02 0.489664645E+02 0.489695359E+02
 0.489725186E+02 0.489754134E+02 0.489782224E+02 0.489809477E+02 0.489835916E+02
 0.489861561E+02 0.489886432E+02 0.489910551E+02 0.489933937E+02 0.489956610E+02
 0.489978594E+02 0.489999966E+02 0.490020895E+02 0.490041562E+02 0.490062056E+02
 0.490082315E+02 0.490102338E+02 0.490122178E+02 0.490141848E+02 0.490161353E+02
 0.490180682E+02 0.490199900E+02 0.490219170E+02 0.490238739E+02 0.490258861E+02
 0.490279703E+02 0.490301325E+02 0.490323725E+02 0.490346895E+02 0.490370749E+02
 0.490395286E+02 0.490420672E+02 0.490446909E+02 0.490475053E+02 0.490508297E+02
 0.490551888E+02 0.490612437E+02 0.490696957E+02 0.490806978E+02 0.490935545E+02
 0.491068246E+02 0.491190958E+02 0.491297385E+02 0.491400000E+02
 0.229744058E+07 0.221932496E+07 0.214961943E+07 0.208604769E+07 0.202642551E+07
 0.196948264E+07 0.191448158E+07 0.186101442E+07 0.180887259E+07 0.175797439E+07
 0.170846886E+07 0.166079989E+07 0.161530998E+07 0.157194900E+07 0.153049898E+07
 0.149076741E+07 0.145259169E+07 0.141583196E+07 0.138035981E+07 0.134595362E+07
 0.131195127E+07 0.127734119E+07 0.124155711E+07 0.120468170E+07 0.116698396E+07
 0.112868726E+07 0.108995544E+07 0.105092033E+07 0.101172814E+07 0.972589125E+06
 0.933845116E+06 0.896030974E+06 0.859956917E+06 0.826610180E+06 0.796605251E+06
 0.769843405E+06 0.745840132E+06 0.724084957E+06 0.704142652E+06 0.685671324E+06
 0.668413410E+06 0.652181442E+06 0.636843834E+06 0.622311229E+06 0.608524592E+06
 0.595444759E+06 0.583043752E+06 0.571298730E+06 0.560187057E+06 0.549677813E+06
 0.539702634E+06 0.530134608E+06 0.520840609E+06 0.511747914E+06 0.502835178E+06
 0.494094903E+06 0.485521363E+06 0.477109860E+06 0.468856049E+06 0.460755913E+06
 0.452805647E+06 0.445001596E+06 0.437340202E+06 0.429817986E+06 0.422431516E+06
 0.415177321E+06 0.408051747E+06 0.401049731E+06 0.394163029E+06 0.387382200E+06
 0.380701106E+06 0.374117360E+06 0.367629843E+06 0.361237577E+06 0.354939610E+06
 0.348734979E+06 0.342622715E+06 0.336601841E+06 0.330671369E+06 0.324830315E+06
 0.319077703E+06 0.313412633E+06 0.307834811E+06 0.302346386E+06 0.296952063E+06
 0.291655140E+06 0.286455465E+06 0.281351371E+06 0.276341038E+06 0.271422637E+06
 0.266594374E+06 0.261854484E+06 0.257201229E+06 0.252632887E+06 0.248147686E+06
 0.243743363E+06 0.239411544E+06 0.235130051E+06 0.230873529E+06 0.226631134E+06
 0.222409505E+06 0.218213665E+06 0.214033795E+06 0.209865305E+06 0.205712889E+06
 0.201577448E+06 0.197452929E+06 0.193322643E+06 0.189160045E+06 0.184937339E+06
 0.180635667E+06 0.176247988E+06 0.171773882E+06 0.167213814E+06 0.162574593E+06
 0.157854915E+06 0.153038590E+06 0.148122918E+06 0.142992064E+06 0.137146557E+06
 0.129714191E+06 0.119658653E+06 0.105934358E+06 0.880549421E+05 0.671691173E+05
 0.460357050E+05 0.271956238E+05 0.120047258E+05 0.000000000E+00
 0.602495662E+02 0.491959938E+02 0.417296645E+02 0.374628553E+02 0.348608607E+02
 0.330903230E+02 0.317141853E+02 0.305500761E+02 0.295096766E+02 0.285233615E+02
 0.273309457E+02 0.258015693E+02 0.241987959E+02 0.227674173E+02 0.214943263E+02
 0.203528013E+02 0.193228073E+02 0.183888470E+02 0.175466871E+02 0.169141534E+02
 0.168521137E+02 0.173321991E+02 0.178982646E+02 0.183012980E+02 0.185596559E+02
 0.187116741E+02 0.187854473E+02 0.187541258E+02 0.184562935E+02 0.174898649E+02
 0.152643964E+02 0.114468940E+02 0.639911300E+01 0.124053234E+01-0.264130458E+01
-0.452002269E+01-0.451592769E+01-0.316686361E+01-0.114799475E+01 0.958105452E+00
 0.274595614E+01 0.399285224E+01 0.467259848E+01 0.489858785E+01 0.482915847E+01
 0.460471448E+01 0.431965650E+01 0.402042627E+01 0.372749256E+01 0.345254946E+01
 0.322571073E+01 0.307419221E+01 0.297560073E+01 0.289238537E+01 0.281287122E+01
 0.273653285E+01 0.266274884E+01 0.259136013E+01 0.252210336E+01 0.245483509E+01
 0.238947627E+01 0.232597457E+01 0.226428058E+01 0.220434334E+01 0.214614509E+01
 0.208968590E+01 0.203504628E+01 0.198306666E+01 0.193488846E+01 0.188996015E+01
 0.184661004E+01 0.180403065E+01 0.176214548E+01 0.172093759E+01 0.168041200E+01
 0.164056612E+01 0.160139655E+01 0.156290431E+01 0.152508581E+01 0.148793098E+01
 0.145143035E+01 0.141554264E+01 0.137983304E+01 0.134307833E+01 0.130497279E+01
 0.126672783E+01 0.122932912E+01 0.119286356E+01 0.115733966E+01 0.112272973E+01
 0.108900964E+01 0.105616550E+01 0.102418029E+01 0.993033980E+00 0.962755798E+00
 0.933682919E+00 0.910103419E+00 0.895489147E+00 0.887610436E+00 0.880668288E+00
 0.867338582E+00 0.860394019E+00 0.851652777E+00 0.845719203E+00 0.837569570E+00
 0.830513239E+00 0.828094225E+00 0.835071972E+00 0.854024111E+00 0.882824224E+00
 0.916235622E+00 0.950200716E+00 0.983515217E+00 0.101674704E+01 0.104266455E+01
 0.107591380E+01 0.111599940E+01 0.114946752E+01 0.128086411E+01 0.158997650E+01
 0.217483191E+01 0.305501062E+01 0.424635357E+01 0.525995706E+01 0.585143262E+01
 0.562025942E+01 0.499074723E+01 0.421414808E+01 0.466300152E+01
-0.728605911E+06-0.646732537E+06-0.580534000E+06-0.538738173E+06-0.510996471E+06
-0.491564952E+06-0.476808129E+06-0.464558489E+06-0.453473798E+06-0.442662432E+06
-0.428953988E+06-0.410327044E+06-0.390588583E+06-0.372843992E+06-0.356943617E+06
-0.342588064E+06-0.329550616E+06-0.317657447E+06-0.306881006E+06-0.298889723E+06
-0.299770672E+06-0.309589710E+06-0.320440755E+06-0.328804015E+06-0.334919304E+06
-0.339349321E+06-0.342580264E+06-0.344689238E+06-0.345345863E+06-0.343753074E+06
-0.338391167E+06-0.327381422E+06-0.307754454E+06-0.279363005E+06-0.248917108E+06
-0.222263846E+06-0.200348433E+06-0.182682841E+06-0.168430246E+06-0.156784169E+06
-0.147066322E+06-0.138720926E+06-0.131319812E+06-0.124547694E+06-0.118185961E+06
-0.112103391E+06-0.106234242E+06-0.100553839E+06-0.950832059E+05-0.899472035E+05
-0.856802345E+05-0.827786936E+05-0.808555819E+05-0.792344315E+05-0.776871622E+05
-0.761980082E+05-0.747515377E+05-0.733451224E+05-0.719751455E+05-0.706394554E+05
-0.693364578E+05-0.680651236E+05-0.668247845E+05-0.656146855E+05-0.644347941E+05
-0.632857917E+05-0.621702227E+05-0.611103806E+05-0.601399540E+05-0.592463300E+05
-0.583839778E+05-0.575323945E+05-0.566897130E+05-0.558553551E+05-0.550294436E+05
-0.542120537E+05-0.534031815E+05-0.526029981E+05-0.518115216E+05-0.510286749E+05
-0.502543680E+05-0.494873711E+05-0.487182349E+05-0.479134269E+05-0.470614187E+05
-0.461985579E+05-0.453492316E+05-0.445157138E+05-0.436984373E+05-0.428971100E+05
-0.421114344E+05-0.413411705E+05-0.405861036E+05-0.398461612E+05-0.391222816E+05
-0.384221846E+05-0.378457414E+05-0.375361388E+05-0.374060622E+05-0.372874375E+05
-0.370404374E+05-0.368333816E+05-0.367592658E+05-0.366330254E+05-0.364762632E+05
-0.363341472E+05-0.362839698E+05-0.364356762E+05-0.368528722E+05-0.374939708E+05
-0.382431681E+05-0.390082539E+05-0.397648443E+05-0.405217475E+05-0.411584425E+05
-0.419382900E+05-0.428600673E+05-0.436874442E+05-0.466486558E+05-0.562699345E+05
-0.745875944E+05-0.102454682E+06-0.139181359E+06-0.175611577E+06-0.192113533E+06
-0.179970713E+06-0.151736126E+06-0.115721574E+06-0.956389612E+05
-1.256057550e+01-1.355239020e+01-1.452354940e+01-1.547202500e+01-1.639556710e+01
-1.729172240e+01-1.815786190e+01-1.899121580e+01-1.978891740e+01-2.054805410e+01
-2.126572400e+01-2.193909680e+01-2.256547550e+01-2.314235740e+01-2.366749270e+01
-2.413893720e+01-2.455509880e+01-2.491477540e+01-2.521718470e+01-2.546198260e+01
-2.564927220e+01-2.577960100e+01-2.585394670e+01-2.587369230e+01-2.584059100e+01
-2.575672220e+01-2.562444140e+01-2.544632500e+01-2.522511560e+01-2.496366630e+01
-2.466489120e+01-2.433171990e+01-2.396705900e+01-2.357376140e+01-2.315460230e+01
-2.271226160e+01-2.224931230e+01-2.176821350e+01-2.127130680e+01-2.076081580e+01
-2.023884690e+01-1.970739140e+01-1.916832780e+01-1.862342410e+01-1.807434000e+01
-1.752262790e+01-1.696973390e+01-1.641699790e+01-1.586565320e+01-1.531682580e+01
-1.477153330e+01-1.423068430e+01-1.369507750e+01-1.316540160e+01-1.264223560e+01
-1.212605020e+01-1.161721000e+01-1.111597630e+01-1.062251140e+01-1.013688380e+01
-9.659074290e+00-9.188982770e+00-8.726436160e+00-8.271196520e+00-7.822969610e+00
-7.381413680e+00-6.946148070e+00-6.516761650e+00-6.092820720e+00-5.673876410e+00
-5.259471340e+00-4.849145520e+00-4.442441510e+00-4.038908680e+00-3.638106790e+00
-3.239608800e+00-2.843003060e+00-2.447894830e+00-2.053907350e+00-1.660682480e+00
-1.267880900e+00-8.751820600e-01-4.822838870e-01-8.890227920e-02 3.052295220e-01
 7.003616730e-01 1.096728530e+00 1.494549520e+00 1.894029960e+00 2.295361990e+00
 2.698725430e+00 3.104288550e+00 3.512209000e+00 3.922634510e+00 4.335703640e+00
 4.751546540e+00 5.170285580e+00 5.592035960e+00 6.016906350e+00 6.444999410e+00
 6.876412310e+00 7.311237210e+00 7.749561710e+00 8.191469290e+00 8.637039680e+00
 9.086349210e+00 9.539471180e+00 9.996476170e+00 1.045743230e+01 1.092240570e+01
 1.139146030e+01 1.186465870e+01 1.234206190e+01 1.282372990e+01 1.330972150e+01
 1.380009490e+01 1.429490760e+01 1.479421670e+01 1.529807910e+01 1.580655160e+01
 1.631969090e+01 1.683755430e+01 1.736019900e+01 1.788768300e+01 1.842006470e+01
 1.895740340e+01 1.949975900e+01 2.004719240e+01 2.059976530e+01-1.153250220e+01
-1.247895690e+01-1.340205940e+01-1.430032700e+01-1.517209440e+01-1.601553320e+01
-1.682867650e+01-1.760944870e+01-1.835570100e+01-1.906525040e+01-1.973592330e+01
-2.036560040e+01-2.095226310e+01-2.149403840e+01-2.198924300e+01-2.243642220e+01
-2.283438570e+01-2.318223600e+01-2.347939140e+01-2.372560120e+01-2.392095250e+01
-2.406587010e+01-2.416110780e+01-2.420773150e+01-2.420709640e+01-2.416081720e+01
-2.407073490e+01-2.393887860e+01-2.376742800e+01-2.355867450e+01-2.331498460e+01
-2.303876600e+01-2.273243770e+01-2.239840360e+01-2.203903160e+01-2.165663590e+01
-2.125346370e+01-2.083168590e+01-2.039338940e+01-1.994057310e+01-1.947514470e+01
-1.899891910e+01-1.851361800e+01-1.802086910e+01-1.752220610e+01-1.701906890e+01
-1.651280290e+01-1.600465910e+01-1.549579360e+01-1.498726680e+01-1.448004320e+01
-1.397499120e+01-1.347288260e+01-1.297439340e+01-1.248010410e+01-1.199050180e+01
-1.150598140e+01-1.102684920e+01-1.055332590e+01-1.008555090e+01-9.623587240e+00
-9.167427260e+00-8.716998370e+00-8.272169630e+00-7.832758360e+00-7.398537030e+00
-6.969240000e+00-6.544570190e+00-6.124205520e+00-5.707804840e+00-5.295013570e+00
-4.885468670e+00-4.478803190e+00-4.074650160e+00-3.672645920e+00-3.272432980e+00
-2.873662240e+00-2.475994860e+00-2.079103600e+00-1.682673850e+00-1.286404300e+00
-8.900072890e-01-4.932090170e-01-9.574944450e-02 3.026178860e-01 7.021261910e-01
 1.102995870e+00 1.505435030e+00 1.909639970e+00 2.315795880e+00 2.724077320e+00
 3.134648920e+00 3.547665970e+00 3.963275000e+00 4.381614410e+00 4.802814970e+00
 5.227000470e+00 5.654288160e+00 6.084789280e+00 6.518609560e+00 6.955849650e+00
 7.396605560e+00 7.840969070e+00 8.289028100e+00 8.740867110e+00 9.196567410e+00
 9.656207500e+00 1.011986340e+01 1.058760890e+01 1.105951590e+01 1.153565470e+01
 1.201609400e+01 1.250090170e+01 1.299014450e+01 1.348388850e+01 1.398219950e+01
 1.448514300e+01 1.499278430e+01 1.550518920e+01 1.602242370e+01 1.654455450e+01
 1.707164910e+01 1.760377610e+01 1.814100520e+01 1.868340770e+01 1.923105630e+01
 1.978402570e+01 2.034239250e+01 2.090623560e+01-1.064417480e+01-1.154706400e+01
-1.242460070e+01-1.327578600e+01-1.409946230e+01-1.489433210e+01-1.565898000e+01
-1.639189840e+01-1.709151640e+01-1.775623120e+01-1.838444210e+01-1.897458500e+01
-1.952516830e+01-2.003480720e+01-2.050225680e+01-2.092644260e+01-2.130648730e+01
-2.164173350e+01-2.193176160e+01-2.217640210e+01-2.237574230e+01-2.253012750e+01
-2.264015580e+01-2.270666800e+01-2.273073240e+01-2.271362490e+01-2.265680620e+01
-2.256189610e+01-2.243064640e+01-2.226491390e+01-2.206663320e+01-2.183779130e+01
-2.158040400e+01-2.129649540e+01-2.098807890e+01-2.065714170e+01-2.030563220e+01
-1.993544940e+01-1.954843430e+01-1.914636390e+01-1.873094600e+01-1.830381570e+01
-1.786653260e+01-1.742057880e+01-1.696735730e+01-1.650819080e+01-1.604432040e+01
-1.557690520e+01-1.510702130e+01-1.463566110e+01-1.416373310e+01-1.369206160e+01
-1.322138700e+01-1.275236590e+01-1.228557240e+01-1.182149890e+01-1.136055860e+01
-1.090308740e+01-1.044934700e+01-9.999528200e+00-9.553755110e+00-9.112089300e+00
-8.674534670e+00-8.241042510e+00-7.811516760e+00-7.385819420e+00-6.963775960e+00
-6.545180660e+00-6.129801780e+00-5.717386500e+00-5.307665560e+00-4.900357490e+00
-4.495172570e+00-4.091816270e+00-3.689992330e+00-3.289405400e+00-2.889763290e+00
-2.490778900e+00-2.092171660e+00-1.693668850e+00-1.295006420e+00-8.959297470e-01
-4.961940340e-01-9.556460080e-02 3.061830190e-01 7.092631060e-01 1.113879890e+00
 1.520227780e+00 1.928491640e+00 2.338847170e+00 2.751461250e+00 3.166492380e+00
 3.584091120e+00 4.004400470e+00 4.427556410e+00 4.853688230e+00 5.282919070e+00
 5.715366270e+00 6.151141840e+00 6.590352830e+00 7.033101710e+00 7.479486800e+00
 7.929602570e+00 8.383540040e+00 8.841387080e+00 9.303228740e+00 9.769147580e+00
 1.023922390e+01 1.071353620e+01 1.119216120e+01 1.167517440e+01 1.216265000e+01
 1.265466160e+01 1.315128200e+01 1.365258380e+01 1.415863950e+01 1.466952180e+01
 1.518530360e+01 1.570605870e+01 1.623186180e+01 1.676278870e+01 1.729891660e+01
 1.784032450e+01 1.838709350e+01 1.893930670e+01 1.949704980e+01 2.006041170e+01
 2.062948400e+01 2.120436210e+01-9.901301710e+00-1.076073580e+01-1.159346550e+01
-1.239891040e+01-1.317634560e+01-1.392491890e+01-1.464367060e+01-1.533155580e+01
-1.598746850e+01-1.661026770e+01-1.719880430e+01-1.775194950e+01-1.826862230e+01
-1.874781670e+01-1.918862780e+01-1.959027580e+01-1.995212680e+01-2.027371130e+01
-2.055473860e+01-2.079510710e+01-2.099491080e+01-2.115444160e+01-2.127418670e+01
-2.135482280e+01-2.139720630e+01-2.140236010e+01-2.137145780e+01-2.130580640e+01
-2.120682700e+01-2.107603500e+01-2.091502040e+01-2.072542880e+01-2.050894300e+01
-2.026726620e+01-2.000210680e+01-1.971516510e+01-1.940812120e+01-1.908262520e+01
-1.874028880e+01-1.838267830e+01-1.801130890e+01-1.762763960e+01-1.723307020e+01
-1.682893770e+01-1.641651360e+01-1.599700250e+01-1.557154010e+01-1.514119170e+01
-1.470695160e+01-1.426974170e+01-1.383041140e+01-1.338973740e+01-1.294842320e+01
-1.250710010e+01-1.206632770e+01-1.162659480e+01-1.118832160e+01-1.075186090e+01
-1.031750090e+01-9.885468200e+00-9.455930350e+00-9.028999910e+00-8.604737980e+00
-8.183158310e+00-7.764231490e+00-7.347889240e+00-6.934028810e+00-6.522517190e+00
-6.113195450e+00-5.705882700e+00-5.300380000e+00-4.896473970e+00-4.493940150e+00
-4.092546010e+00-3.692053770e+00-3.292222750e+00-2.892811570e+00-2.493579980e+00
-2.094290380e+00-1.694709150e+00-1.294607700e+00-8.937633140e-01-4.919597660e-01
-8.898782350e-02 3.153544480e-01 7.212614950e-01 1.128920200e+00 1.538509870e+00
 1.950202380e+00 2.364162280e+00 2.780547010e+00 3.199507170e+00 3.621186750e+00
 4.045723480e+00 4.473249120e+00 4.903889780e+00 5.337766240e+00 5.774994350e+00
 6.215685270e+00 6.659945870e+00 7.107879030e+00 7.559583960e+00 8.015156520e+00
 8.474689540e+00 8.938273100e+00 9.405994830e+00 9.877940210e+00 1.035419280e+01
 1.083483470e+01 1.131994660e+01 1.180960800e+01 1.230389790e+01 1.280289450e+01
 1.330667590e+01 1.381532030e+01 1.432890590e+01 1.484751190e+01 1.537121780e+01
 1.590010470e+01 1.643425490e+01 1.697375240e+01 1.751868340e+01 1.806913630e+01
 1.862520230e+01 1.918697580e+01 1.975455440e+01 2.032803980e+01 2.090753800e+01
 2.149315960e+01-9.307130870e+00-1.012177310e+01-1.090898510e+01-1.166854030e+01
-1.240007470e+01-1.310310310e+01-1.377703680e+01-1.442120320e+01-1.503486700e+01
-1.561725170e+01-1.616756250e+01-1.668500900e+01-1.716882840e+01-1.761830690e+01
-1.803280120e+01-1.841175750e+01-1.875472870e+01-1.906138970e+01-1.933154890e+01
-1.956515810e+01-1.976231770e+01-1.992328040e+01-2.004845020e+01-2.013837970e+01
-2.019376370e+01-2.021543070e+01-2.020433240e+01-2.016153150e+01-2.008818780e+01
-1.998554460e+01-1.985491350e+01-1.969766030e+01-1.951519080e+01-1.930893750e+01
-1.908034730e+01-1.883086990e+01-1.856194790e+01-1.827500760e+01-1.797145090e+01
-1.765264890e+01-1.731993540e+01-1.697460260e+01-1.661789630e+01-1.625101260e+01
-1.587509480e+01-1.549123110e+01-1.510045240e+01-1.470373030e+01-1.430197630e+01
-1.389604050e+01-1.348671070e+01-1.307471240e+01-1.266070820e+01-1.224529830e+01
-1.182902120e+01-1.141235430e+01-1.099571490e+01-1.057946250e+01-1.016390010e+01
-9.749276490e+00-9.335789120e+00-8.923586500e+00-8.512771450e+00-8.103404240e+00
-7.695505960e+00-7.289062000e+00-6.884025540e+00-6.480321040e+00-6.077847680e+00
-5.676482730e+00-5.276084780e+00-4.876496760e+00-4.477548820e+00-4.079060980e+00
-3.680845560e+00-3.282709390e+00-2.884455740e+00-2.485886070e+00-2.086801570e+00
-1.687004410e+00-1.286298880e+00-8.844922950e-01-4.813957410e-01-7.682467500e-02
 3.294006190e-01 7.374546880e-01 1.147506680e+00 1.559720200e+00 1.974253270e+00
 2.391258290e+00 2.810882160e+00 3.233266330e+00 3.658547000e+00 4.086855280e+00
 4.518317390e+00 4.953054880e+00 5.391184900e+00 5.832820410e+00 6.278070470e+00
 6.727040490e+00 7.179832490e+00 7.636545390e+00 8.097275250e+00 8.562115560e+00
 9.031157510e+00 9.504490220e+00 9.982201050e+00 1.046437580e+01 1.095109920e+01
 1.144245470e+01 1.193852520e+01 1.243939310e+01 1.294514070e+01 1.345585020e+01
 1.397160440e+01 1.449248660e+01 1.501858100e+01 1.554997320e+01 1.608675020e+01
 1.662900100e+01 1.717681680e+01 1.773029150e+01 1.828952190e+01 1.885460810e+01
 1.942565440e+01 2.000276890e+01 2.058606500e+01 2.117566120e+01 2.177168190e+01
-8.862424530e+00-9.629737480e+00-1.036951550e+01-1.108182210e+01-1.176658610e+01
-1.242361630e+01-1.305261870e+01-1.365321380e+01-1.422495500e+01-1.476734820e+01
-1.527987080e+01-1.576199140e+01-1.621318890e+01-1.663297050e+01-1.702088970e+01
-1.737656220e+01-1.769968010e+01-1.799002470e+01-1.824747710e+01-1.847202590e+01
-1.866377330e+01-1.882293840e+01-1.894985840e+01-1.904498670e+01-1.910888990e+01
-1.914224240e+01-1.914581900e+01-1.912048660e+01-1.906719480e+01-1.898696540e+01
-1.888088170e+01-1.875007740e+01-1.859572620e+01-1.841903100e+01-1.822121380e+01
-1.800350660e+01-1.776714250e+01-1.751334790e+01-1.724333540e+01-1.695829730e+01
-1.665940020e+01-1.634778000e+01-1.602453730e+01-1.569073430e+01-1.534739100e+01
-1.499548280e+01-1.463593820e+01-1.426963690e+01-1.389740800e+01-1.352002890e+01
-1.313822470e+01-1.275266700e+01-1.236397400e+01-1.197271070e+01-1.157938860e+01
-1.118446680e+01-1.078835280e+01-1.039140350e+01-9.993927080e+00-9.596184270e+00
-9.198390670e+00-8.800718840e+00-8.403300720e+00-8.006230170e+00-7.609565720e+00
-7.213333260e+00-6.817528970e+00-6.422122060e+00-6.027057680e+00-5.632259630e+00
-5.237633070e+00-4.843067050e+00-4.448437020e+00-4.053607030e+00-3.658431920e+00
-3.262759230e+00-2.866430990e+00-2.469285320e+00-2.071157840e+00-1.671882920e+00
-1.271294790e+00-8.692284590e-01-4.655205050e-01-6.000975050e-02 3.474622030e-01
 7.570505440e-01 1.168906920e+00 1.583179170e+00 2.000011200e+00 2.419542820e+00
 2.841909750e+00 3.267243610e+00 3.695671940e+00 4.127318340e+00 4.562302520e+00
 5.000740490e+00 5.442744700e+00 5.888424230e+00 6.337884960e+00 6.791229790e+00
 7.248558850e+00 7.709969720e+00 8.175557630e+00 8.645415740e+00 9.119635310e+00
 9.598305990e+00 1.008151600e+01 1.056935260e+01 1.106190170e+01 1.155924910e+01
 1.206147990e+01 1.256867910e+01 1.308093180e+01 1.359832360e+01 1.412094080e+01
 1.464887060e+01 1.518220160e+01 1.572102390e+01 1.626542960e+01 1.681551320e+01
 1.737137190e+01 1.793310580e+01 1.850081870e+01 1.907461850e+01 1.965461740e+01
 2.024093280e+01 2.083368750e+01 2.143301090e+01 2.203903910e+01-8.565398100e+00
-9.281893280e+00-9.971376160e+00-1.063413760e+01-1.127033270e+01-1.187999600e+01
-1.246305710e+01-1.301935730e+01-1.354866650e+01-1.405070080e+01-1.452513890e+01
-1.497163990e+01-1.538985930e+01-1.577946520e+01-1.614015290e+01-1.647165900e+01
-1.677377360e+01-1.704635110e+01-1.728931960e+01-1.750268830e+01-1.768655290e+01
-1.784109900e+01-1.796660460e+01-1.806343940e+01-1.813206330e+01-1.817302330e+01
-1.818694870e+01-1.817454550e+01-1.813658940e+01-1.807391850e+01-1.798742560e+01
-1.787804950e+01-1.774676690e+01-1.759458440e+01-1.742252990e+01-1.723164540e+01
-1.702297980e+01-1.679758170e+01-1.655649330e+01-1.630074510e+01-1.603135020e+01
-1.574930010e+01-1.545556020e+01-1.515106650e+01-1.483672240e+01-1.451339550e+01
-1.418191570e+01-1.384307310e+01-1.349761600e+01-1.314624980e+01-1.278963590e+01
-1.242839100e+01-1.206308640e+01-1.169424810e+01-1.132235660e+01-1.094784760e+01
-1.057111230e+01-1.019249820e+01-9.812310760e+00-9.430814060e+00-9.048232740e+00
-8.664753620e+00-8.280527580e+00-7.895671600e+00-7.510270920e+00-7.124381230e+00
-6.738031000e+00-6.351223760e+00-5.963940400e+00-5.576141460e+00-5.187769360e+00
-4.798750550e+00-4.408997570e+00-4.018411030e+00-3.626881410e+00-3.234290800e+00
-2.840514470e+00-2.445422310e+00-2.048880130e+00-1.650750860e+00-1.250895570e+00
-8.491743550e-01-4.454471950e-01-3.957458890e-02 3.685818480e-01 7.791589020e-01
 1.192291370e+00 1.608111730e+00 2.026749930e+00 2.448333150e+00 2.872985750e+00
 3.300829130e+00 3.731981740e+00 4.166559090e+00 4.604673770e+00 5.046435530e+00
 5.491951380e+00 5.941325710e+00 6.394660420e+00 6.852055040e+00 7.313606950e+00
 7.779411520e+00 8.249562280e+00 8.724151140e+00 9.203268590e+00 9.687003890e+00
 1.017544530e+01 1.066868030e+01 1.116679570e+01 1.166987820e+01 1.217801420e+01
 1.269129050e+01 1.320979410e+01 1.373361290e+01 1.426283560e+01 1.479755240e+01
 1.533785510e+01 1.588383710e+01 1.643559450e+01 1.699322590e+01 1.755683300e+01
 1.812652110e+01 1.870239920e+01 1.928458110e+01 1.987318550e+01 2.046833670e+01
 2.107016530e+01 2.167880900e+01 2.229441320e+01-8.411634090e+00-9.073125010e+00
-9.708767370e+00-1.031901510e+01-1.090418420e+01-1.146446760e+01-1.199995130e+01
-1.251063040e+01-1.299642470e+01-1.345719480e+01-1.389275820e+01-1.430290370e+01
-1.468740700e+01-1.504604390e+01-1.537860380e+01-1.568490160e+01-1.596478870e+01
-1.621816250e+01-1.644497440e+01-1.664523710e+01-1.681902920e+01-1.696649950e+01
-1.708786900e+01-1.718343170e+01-1.725355430e+01-1.729867430e+01-1.731929680e+01
-1.731599110e+01-1.728938600e+01-1.724016380e+01-1.716905520e+01-1.707683240e+01
-1.696430340e+01-1.683230490e+01-1.668169630e+01-1.651335310e+01-1.632816130e+01
-1.612701140e+01-1.591079300e+01-1.568039010e+01-1.543667590e+01-1.518050940e+01
-1.491273080e+01-1.463415870e+01-1.434558660e+01-1.404778030e+01-1.374147560e+01
-1.342737630e+01-1.310615240e+01-1.277843840e+01-1.244483270e+01-1.210589610e+01
-1.176215180e+01-1.141408450e+01-1.106214050e+01-1.070672800e+01-1.034821710e+01
-9.986940570e+00-9.623194770e+00-9.257240370e+00-8.889303690e+00-8.519577930e+00
-8.148224690e+00-7.775375560e+00-7.401133790e+00-7.025576090e+00-6.648754450e+00
-6.270697990e+00-5.891414880e+00-5.510894170e+00-5.129107640e+00-4.746011630e+00
-4.361548750e+00-3.975649510e+00-3.588233990e+00-3.199213250e+00-2.808490720e+00
-2.415963550e+00-2.021523700e+00-1.625059090e+00-1.226454520e+00-8.255925470e-01
-4.223542740e-01-1.661999730e-02 3.917301920e-01 8.028159090e-01 1.216756050e+00
 1.633668420e+00 2.053669480e+00 2.476874090e+00 2.903395310e+00 3.333344330e+00
 3.766830320e+00 4.203960430e+00 4.644839730e+00 5.089571300e+00 5.538256160e+00
 5.990993460e+00 6.447880470e+00 6.909012720e+00 7.374484150e+00 7.844387190e+00
 8.318812930e+00 8.797851290e+00 9.281591180e+00 9.770120690e+00 1.026352720e+01
 1.076189780e+01 1.126531920e+01 1.177387820e+01 1.228766160e+01 1.280675690e+01
 1.333125230e+01 1.386123680e+01 1.439680060e+01 1.493803580e+01 1.548503610e+01
 1.603789730e+01 1.659671800e+01 1.716159960e+01 1.773264690e+01 1.830996860e+01
 1.889367750e+01 1.948389130e+01 2.008073330e+01 2.068433260e+01 2.129482510e+01
 2.191235420e+01 2.253707180e+01-8.393980770e+00-8.995846890e+00-9.573685330e+00
-1.012804570e+01-1.065933720e+01-1.116784480e+01-1.165374510e+01-1.211712250e+01
-1.255798430e+01-1.297627600e+01-1.337189570e+01-1.374470780e+01-1.409455700e+01
-1.442128000e+01-1.472471760e+01-1.500472520e+01-1.526118240e+01-1.549400170e+01
-1.570313590e+01-1.588858410e+01-1.605039650e+01-1.618867870e+01-1.630359340e+01
-1.639536270e+01-1.646426730e+01-1.651064660e+01-1.653489630e+01-1.653746640e+01
-1.651885760e+01-1.647961730e+01-1.642033560e+01-1.634164040e+01-1.624419250e+01
-1.612868050e+01-1.599581570e+01-1.584632690e+01-1.568095580e+01-1.550045160e+01
-1.530556690e+01-1.509705330e+01-1.487565710e+01-1.464211580e+01-1.439715430e+01
-1.414148210e+01-1.387579040e+01-1.360074900e+01-1.331700490e+01-1.302517940e+01
-1.272586700e+01-1.241963360e+01-1.210701550e+01-1.178851810e+01-1.146461550e+01
-1.113575000e+01-1.080233140e+01-1.046473750e+01-1.012331390e+01-9.778374250e+00
-9.430201100e+00-9.079046280e+00-8.725131950e+00-8.368651440e+00-8.009770500e+00
-7.648628420e+00-7.285339440e+00-6.919994090e+00-6.552660670e+00-6.183386750e+00
-5.812200700e+00-5.439113180e+00-5.064118680e+00-4.687197030e+00-4.308314790e+00
-3.927426730e+00-3.544477130e+00-3.159401040e+00-2.772125560e+00-2.382570870e+00
-1.990651380e+00-1.596276600e+00-1.199352110e+00-7.997802850e-01-3.974610730e-01
 7.707386720e-03 4.158281880e-01 8.270051540e-01 1.241342410e+00 1.658944000e+00
 2.079913590e+00 2.504354190e+00 2.932367950e+00 3.364056000e+00 3.799518300e+00
 4.238853590e+00 4.682159290e+00 5.129531490e+00 5.581064990e+00 6.036853240e+00
 6.496988480e+00 6.961561740e+00 7.430662960e+00 7.904381060e+00 8.382804090e+00
 8.866019340e+00 9.354113450e+00 9.847172640e+00 1.034528280e+01 1.084852970e+01
 1.135699910e+01 1.187077720e+01 1.238995060e+01 1.291460640e+01 1.344483280e+01
 1.398071930e+01 1.452235670e+01 1.506983750e+01 1.562325640e+01 1.618271030e+01
 1.674829910e+01 1.732012550e+01 1.789829600e+01 1.848292100e+01 1.907411520e+01
 1.967199870e+01 2.027669680e+01 2.088834130e+01 2.150707100e+01 2.213303210e+01
 2.276637990e+01-8.502451510e+00-9.039922270e+00-9.555854670e+00-1.005082140e+01
-1.052525470e+01-1.097946360e+01-1.141365060e+01-1.182792710e+01-1.222232840e+01
-1.259682860e+01-1.295135320e+01-1.328579290e+01-1.360001490e+01-1.389387470e+01
-1.416722610e+01-1.441993080e+01-1.465186720e+01-1.486293750e+01-1.505307490e+01
-1.522224870e+01-1.537046900e+01-1.549779040e+01-1.560431420e+01-1.569019050e+01
-1.575561840e+01-1.580084600e+01-1.582616940e+01-1.583193130e+01-1.581851820e+01
-1.578635820e+01-1.573591720e+01-1.566769560e+01-1.558222460e+01-1.548006180e+01
-1.536178740e+01-1.522799980e+01-1.507931180e+01-1.491634630e+01-1.473973250e+01
-1.455010230e+01-1.434808630e+01-1.413431100e+01-1.390939560e+01-1.367394860e+01
-1.342856600e+01-1.317382800e+01-1.291029760e+01-1.263851810e+01-1.235901200e+01
-1.207227880e+01-1.177879440e+01-1.147900980e+01-1.117335030e+01-1.086221500e+01
-1.054597610e+01-1.022497900e+01-9.899542110e+00-9.569957050e+00-9.236488810e+00
-8.899376320e+00-8.558832990e+00-8.215047400e+00-7.868184150e+00-7.518384800e+00
-7.165768860e+00-6.810434870e+00-6.452461590e+00-6.091909130e+00-5.728820200e+00
-5.363221350e+00-4.995124180e+00-4.624526570e+00-4.251413900e+00-3.875760200e+00
-3.497529320e+00-3.116675970e+00-2.733146790e+00-2.346881350e+00-1.957812990e+00
-1.565869770e+00-1.170975200e+00-7.730489930e-01-3.720077150e-01 3.223459960e-02
 4.397659160e-01 8.506757200e-01 1.265054590e+00 1.682993820e+00 2.104585120e+00
 2.529920310e+00 2.959091120e+00 3.392188970e+00 3.829304870e+00 4.270529230e+00
 4.715951840e+00 5.165661760e+00 5.619747330e+00 6.078296150e+00 6.541395100e+00
 7.009130340e+00 7.481587420e+00 7.958851320e+00 8.441006520e+00 8.928137140e+00
 9.420327030e+00 9.917659900e+00 1.042021950e+01 1.092808960e+01 1.144135450e+01
 1.196009880e+01 1.248440800e+01 1.301436820e+01 1.355006700e+01 1.409159290e+01
 1.463903650e+01 1.519248990e+01 1.575204750e+01 1.631780620e+01 1.688986560e+01
 1.746832880e+01 1.805330200e+01 1.864489600e+01 1.924322570e+01 1.984841110e+01
 2.046057800e+01 2.107985820e+01 2.170639070e+01 2.234032200e+01 2.298180730e+01
-8.724152440e+00-9.192618610e+00-9.642701370e+00-1.007491830e+01-1.048965170e+01
-1.088716620e+01-1.126762550e+01-1.163110790e+01-1.197762070e+01-1.230711330e+01
-1.261949030e+01-1.291462280e+01-1.319235920e+01-1.345253550e+01-1.369498440e+01
-1.391954360e+01-1.412606320e+01-1.431441280e+01-1.448448670e+01-1.463620930e+01
-1.476953910e+01-1.488447170e+01-1.498104260e+01-1.505932840e+01-1.511944810e+01
-1.516156270e+01-1.518587540e+01-1.519263000e+01-1.518210930e+01-1.515463330e+01
-1.511055660e+01-1.505026550e+01-1.497417530e+01-1.488272640e+01-1.477638200e+01
-1.465562360e+01-1.452094840e+01-1.437286550e+01-1.421189260e+01-1.403855310e+01
-1.385337250e+01-1.365687590e+01-1.344958490e+01-1.323201530e+01-1.300467450e+01
-1.276805920e+01-1.252265360e+01-1.226892760e+01-1.200733500e+01-1.173831200e+01
-1.146227630e+01-1.117962570e+01-1.089073750e+01-1.059596760e+01-1.029565010e+01
-9.990097050e+00-9.679598010e+00-9.364420220e+00-9.044808620e+00-8.720986110e+00
-8.393153900e+00-8.061492010e+00-7.726159830e+00-7.387296840e+00-7.045023290e+00
-6.699441090e+00-6.350634670e+00-5.998671900e+00-5.643605060e+00-5.285471800e+00
-4.924296170e+00-4.560089580e+00-4.192851800e+00-3.822571950e+00-3.449229400e+00
-3.072794730e+00-2.693230610e+00-2.310492580e+00-1.924529940e+00-1.535286390e+00
-1.142700850e+00-7.467079950e-01-3.472389280e-01 5.577829880e-02 4.624181830e-01
 8.727573180e-01 1.286873990e+00 1.704847830e+00 2.126759480e+00 2.552690340e+00
 2.982722290e+00 3.416937560e+00 3.855418510e+00 4.298247490e+00 4.745506770e+00
 5.197278460e+00 5.653644430e+00 6.114686270e+00 6.580485330e+00 7.051122710e+00
 7.526679260e+00 8.007235650e+00 8.492872440e+00 8.983670160e+00 9.479709350e+00
 9.981070720e+00 1.048783530e+01 1.100008440e+01 1.151789990e+01 1.204136460e+01
 1.257056180e+01 1.310557610e+01 1.364649330e+01 1.419340070e+01 1.474638720e+01
 1.530554360e+01 1.587096310e+01 1.644274130e+01 1.702097650e+01 1.760577050e+01
 1.819722820e+01 1.879545880e+01 1.940057570e+01 2.001269730e+01 2.063194730e+01
 2.125845560e+01 2.189235860e+01 2.253380010e+01 2.318293240e+01-9.043278660e+00
-9.438632250e+00-9.819394790e+00-1.018594730e+01-1.053854780e+01-1.087734860e+01
-1.120241260e+01-1.151372800e+01-1.181122100e+01-1.209476850e+01-1.236420940e+01
-1.261935460e+01-1.285999670e+01-1.308591860e+01-1.329690190e+01-1.349273330e+01
-1.367321160e+01-1.383815340e+01-1.398739750e+01-1.412081000e+01-1.423828690e+01
-1.433975750e+01-1.442518640e+01-1.449457510e+01-1.454796230e+01-1.458542500e+01
-1.460707750e+01-1.461307110e+01-1.460359280e+01-1.457886350e+01-1.453913620e+01
-1.448469390e+01-1.441584700e+01-1.433293050e+01-1.423630170e+01-1.412633690e+01
-1.400342900e+01-1.386798400e+01-1.372041880e+01-1.356115790e+01-1.339063110e+01
-1.320927050e+01-1.301750850e+01-1.281577500e+01-1.260449560e+01-1.238408930e+01
-1.215496670e+01-1.191752860e+01-1.167216380e+01-1.141924840e+01-1.115914420e+01
-1.089219780e+01-1.061873950e+01-1.033908280e+01-1.005352390e+01-9.762340850e+00
-9.465793520e+00-9.164123430e+00-8.857553640e+00-8.546288840e+00-8.230515530e+00
-7.910402310e+00-7.586100260e+00-7.257743380e+00-6.925449170e+00-6.589319210e+00
-6.249439800e+00-5.905882710e+00-5.558705870e+00-5.207954190e+00-4.853660290e+00
-4.495845330e+00-4.134519810e+00-3.769684350e+00-3.401330440e+00-3.029441260e+00
-2.653992390e+00-2.274952480e+00-1.892284010e+00-1.505943870e+00-1.115883980e+00
-7.220518920e-01-3.243912760e-01 7.715755430e-02 4.826572030e-01 8.921727770e-01
 1.305771520e+00 1.723522450e+00 2.145496090e+00 2.571764200e+00 3.002399520e+00
 3.437475570e+00 3.877066510e+00 4.321246980e+00 4.770091980e+00 5.223676750e+00
 5.682076780e+00 6.145367670e+00 6.613625180e+00 7.086925160e+00 7.565343590e+00
 8.048956620e+00 8.537840560e+00 9.032072000e+00 9.531727830e+00 1.003688530e+01
 1.054762230e+01 1.106401700e+01 1.158614880e+01 1.211409740e+01 1.264794380e+01
 1.318777020e+01 1.373366000e+01 1.428569820e+01 1.484397150e+01 1.540856850e+01
 1.597958000e+01 1.655709930e+01 1.714122240e+01 1.773204840e+01 1.832967950e+01
 1.893422200e+01 1.954578620e+01 2.016448680e+01 2.079044370e+01 2.142378250e+01
 2.206463480e+01 2.271313920e+01 2.336944160e+01-9.441228520e+00-9.760221790e+00
-1.006898950e+01-1.036769580e+01-1.065640300e+01-1.093508740e+01-1.120365360e+01
-1.146194730e+01-1.170976700e+01-1.194687420e+01-1.217300310e+01-1.238786920e+01
-1.259117740e+01-1.278262920e+01-1.296192910e+01-1.312879050e+01-1.328294110e+01
-1.342412760e+01-1.355211940e+01-1.366671230e+01-1.376773120e+01-1.385503270e+01
-1.392850610e+01-1.398807550e+01-1.403369990e+01-1.406537340e+01-1.408312530e+01
-1.408701930e+01-1.407715250e+01-1.405365400e+01-1.401668360e+01-1.396642940e+01
-1.390310630e+01-1.382695350e+01-1.373823230e+01-1.363722350e+01-1.352422520e+01
-1.339955000e+01-1.326352290e+01-1.311647860e+01-1.295875920e+01-1.279071200e+01
-1.261268710e+01-1.242503550e+01-1.222810710e+01-1.202224860e+01-1.180780210e+01
-1.158510350e+01-1.135448070e+01-1.111625270e+01-1.087072810e+01-1.061820420e+01
-1.035896630e+01-1.009328650e+01-9.821423410e+00-9.543621360e+00-9.260110300e+00
-8.971105290e+00-8.676806430e+00-8.377398780e+00-8.073052350e+00-7.763922290e+00
-7.450149060e+00-7.131858710e+00-6.809163260e+00-6.482161090e+00-6.150937440e+00
-5.815564890e+00-5.476103950e+00-5.132603590e+00-4.785101910e+00-4.433626720e+00
-4.078196170e+00-3.718819420e+00-3.355497210e+00-2.988222530e+00-2.616981220e+00
-2.241752550e+00-1.862509780e+00-1.479220750e+00-1.091848340e+00-7.003510320e-01
-3.046833030e-01 9.520388780e-02 4.993627230e-01 9.078481470e-01 1.320717530e+00
 1.738030360e+00 2.159847950e+00 2.586233210e+00 3.017250400e+00 3.452964970e+00
 3.893443340e+00 4.338752790e+00 4.788961350e+00 5.244137660e+00 5.704350930e+00
 6.169670850e+00 6.640167570e+00 7.115911670e+00 7.596974170e+00 8.083426480e+00
 8.575340510e+00 9.072788630e+00 9.575843760e+00 1.008457940e+01 1.059906980e+01
 1.111938990e+01 1.164561550e+01 1.217782340e+01 1.271609150e+01 1.326049880e+01
 1.381112590e+01 1.436805480e+01 1.493136910e+01 1.550115450e+01 1.607749860e+01
 1.666049140e+01 1.725022540e+01 1.784679610e+01 1.845030190e+01 1.906084460e+01
 1.967852990e+01 2.030346750e+01 2.093577170e+01 2.157556170e+01 2.222296220e+01
 2.287810400e+01 2.354112450e+01-9.896885620e+00-1.013748730e+01-1.037269440e+01
-1.060238200e+01-1.082635390e+01-1.104435460e+01-1.125608140e+01-1.146119370e+01
-1.165932260e+01-1.185007880e+01-1.203305980e+01-1.220785730e+01-1.237406250e+01
-1.253127220e+01-1.267909380e+01-1.281714920e+01-1.294507960e+01-1.306254850e+01
-1.316924470e+01-1.326488500e+01-1.334921640e+01-1.342201730e+01-1.348309940e+01
-1.353230770e+01-1.356952150e+01-1.359465430e+01-1.360765320e+01-1.360849860e+01
-1.359720310e+01-1.357381030e+01-1.353839340e+01-1.349105350e+01-1.343191800e+01
-1.336113840e+01-1.327888840e+01-1.318536190e+01-1.308077080e+01-1.296534260e+01
-1.283931860e+01-1.270295130e+01-1.255650290e+01-1.240024270e+01-1.223444550e+01
-1.205938950e+01-1.187535450e+01-1.168262040e+01-1.148146550e+01-1.127216510e+01
-1.105498990e+01-1.083020500e+01-1.059806880e+01-1.035883170e+01-1.011273550e+01
-9.860012570e+00-9.600884870e+00-9.335563750e+00-9.064249330e+00-8.787130100e+00
-8.504382730e+00-8.216171810e+00-7.922649820e+00-7.623957080e+00-7.320221840e+00
-7.011560410e+00-6.698077330e+00-6.379865690e+00-6.057007350e+00-5.729573390e+00
-5.397624410e+00-5.061211020e+00-4.720374260e+00-4.375146090e+00-4.025549840e+00
-3.671600730e+00-3.313306380e+00-2.950667270e+00-2.583677260e+00-2.212324060e+00
-1.836589720e+00-1.456451060e+00-1.071880120e+00-6.828445860e-01-2.893081850e-01
 1.087689490e-01 5.114299130e-01 9.187207140e-01 1.330689960e+00 1.747388580e+00
 2.168869590e+00 2.595187820e+00 3.026399750e+00 3.462563310e+00 3.903737700e+00
 4.349983270e+00 4.801361410e+00 5.257934410e+00 5.719765400e+00 6.186918290e+00
 6.659457710e+00 7.137448960e+00 7.620958040e+00 8.110051590e+00 8.604796910e+00
 9.105262040e+00 9.611515680e+00 1.012362730e+01 1.064166730e+01 1.116570680e+01
 1.169581800e+01 1.223207410e+01 1.277454950e+01 1.332331970e+01 1.387846170e+01
 1.444005400e+01 1.500817660e+01 1.558291130e+01 1.616434210e+01 1.675255480e+01
 1.734763770e+01 1.794968140e+01 1.855877950e+01 1.917502850e+01 1.979852820e+01
 2.042938170e+01 2.106769630e+01 2.171358330e+01 2.236715870e+01 2.302854360e+01
 2.369786420e+01-1.038710400e+01-1.054881940e+01-1.071028440e+01-1.087102980e+01
-1.103055210e+01-1.118832240e+01-1.134379290e+01-1.149640400e+01-1.164558980e+01
-1.179078390e+01-1.193142370e+01-1.206695560e+01-1.219683850e+01-1.232054790e+01
-1.243757900e+01-1.254744990e+01-1.264970390e+01-1.274391210e+01-1.282967540e+01
-1.290662560e+01-1.297442710e+01-1.303277800e+01-1.308141000e+01-1.312008960e+01
-1.314861750e+01-1.316682840e+01-1.317459100e+01-1.317180630e+01-1.315840770e+01
-1.313435880e+01-1.309965280e+01-1.305431040e+01-1.299837870e+01-1.293192890e+01
-1.285505480e+01-1.276787100e+01-1.267051070e+01-1.256312370e+01-1.244587500e+01
-1.231894230e+01-1.218251440e+01-1.203678930e+01-1.188197250e+01-1.171827510e+01
-1.154591250e+01-1.136510260e+01-1.117606450e+01-1.097901680e+01-1.077417710e+01
-1.056175970e+01-1.034197560e+01-1.011503090e+01-9.881126070e+00-9.640455190e+00
-9.393205180e+00-9.139555270e+00-8.879676400e+00-8.613730840e+00-8.341871820e+00
-8.064243230e+00-7.780979470e+00-7.492205290e+00-7.198035740e+00-6.898576180e+00
-6.593922350e+00-6.284160480e+00-5.969367460e+00-5.649611060e+00-5.324950170e+00
-4.995435130e+00-4.661107950e+00-4.322002770e+00-3.978146110e+00-3.629557300e+00
-3.276248850e+00-2.918226840e+00-2.555491280e+00-2.188036530e+00-1.815851680e+00
-1.438920890e+00-1.057223780e+00-6.707357750e-01-2.794284450e-01 1.167301910e-01
 5.177753490e-01 9.237452020e-01 1.334680610e+00 1.750624880e+00 2.171623520e+00
 2.597724070e+00 3.028975860e+00 3.465429890e+00 3.907138650e+00 4.354155980e+00
 4.806536970e+00 5.264337860e+00 5.727615940e+00 6.196429510e+00 6.670837770e+00
 7.150900850e+00 7.636679730e+00 8.128236220e+00 8.625633000e+00 9.128933600e+00
 9.638202400e+00 1.015350470e+01 1.067490670e+01 1.120247550e+01 1.173627950e+01
 1.227638780e+01 1.282287100e+01 1.337580070e+01 1.393525010e+01 1.450129340e+01
 1.507400680e+01 1.565346770e+01 1.623975550e+01 1.683295140e+01 1.743313870e+01
 1.804040270e+01 1.865483120e+01 1.927651430e+01 1.990554510e+01 2.054201930e+01
 2.118603570e+01 2.183769670e+01 2.249710810e+01 2.316437950e+01 2.383962490e+01
-1.088740090e+01-1.097151620e+01-1.106065110e+01-1.115395910e+01-1.125060170e+01
-1.134975110e+01-1.145059280e+01-1.155232820e+01-1.165417710e+01-1.175537970e+01
-1.185519950e+01-1.195292500e+01-1.204787150e+01-1.213938340e+01-1.222683540e+01
-1.230963390e+01-1.238721880e+01-1.245906390e+01-1.252467800e+01-1.258360550e+01
-1.263542710e+01-1.267975940e+01-1.271625540e+01-1.274460410e+01-1.276452990e+01
-1.277579230e+01-1.277818510e+01-1.277153490e+01-1.275570080e+01-1.273057220e+01
-1.269606840e+01-1.265213630e+01-1.259874920e+01-1.253590510e+01-1.246362470e+01
-1.238195030e+01-1.229094340e+01-1.219068320e+01-1.208126490e+01-1.196279780e+01
-1.183540370e+01-1.169921520e+01-1.155437430e+01-1.140103050e+01-1.123933960e+01
-1.106946230e+01-1.089156270e+01-1.070580720e+01-1.051236310e+01-1.031139780e+01
-1.010307770e+01-9.887567120e+00-9.665027400e+00-9.435616370e+00-9.199487430e+00
-8.956788980e+00-8.707663820e+00-8.452248710e+00-8.190673890e+00-7.923062770e+00
-7.649531630e+00-7.370189370e+00-7.085137380e+00-6.794469430e+00-6.498271620e+00
-6.196622350e+00-5.889592430e+00-5.577245100e+00-5.259636230e+00-4.936814440e+00
-4.608821290e+00-4.275691560e+00-3.937453440e+00-3.594128800e+00-3.245733500e+00
-2.892277660e+00-2.533765940e+00-2.170197850e+00-1.801568080e+00-1.427866740e+00
-1.049079700e+00-6.651888500e-01-2.761724000e-01 1.179948790e-01 5.173413830e-01
 9.218984360e-01 1.331700060e+00 1.746782780e+00 2.167185370e+00 2.592948750e+00
 3.024115730e+00 3.460730950e+00 3.902840630e+00 4.350492560e+00 4.803735900e+00
 5.262621130e+00 5.727199960e+00 6.197525260e+00 6.673650990e+00 7.155632160e+00
 7.643524820e+00 8.137385990e+00 8.637273690e+00 9.143246890e+00 9.655365570e+00
 1.017369070e+01 1.069828410e+01 1.122920900e+01 1.176652930e+01 1.231031020e+01
 1.286061800e+01 1.341752020e+01 1.398108570e+01 1.455138450e+01 1.512848800e+01
 1.571246930e+01 1.630340270e+01 1.690136440e+01 1.750643200e+01 1.811868510e+01
 1.873820500e+01 1.936507520e+01 1.999938100e+01 2.064121000e+01 2.129065210e+01
 2.194779950e+01 2.261274710e+01 2.328559230e+01 2.396643530e+01-1.137281980e+01
-1.138253840e+01-1.140246410e+01-1.143136810e+01-1.146807130e+01-1.151144170e+01
-1.156039280e+01-1.161388180e+01-1.167090900e+01-1.173051750e+01-1.179179230e+01
-1.185386020e+01-1.191589000e+01-1.197709210e+01-1.203671840e+01-1.209406270e+01
-1.214845980e+01-1.219928590e+01-1.224595840e+01-1.228793500e+01-1.232471390e+01
-1.235583270e+01-1.238086820e+01-1.239943520e+01-1.241118590e+01-1.241580890e+01
-1.241302780e+01-1.240260030e+01-1.238431650e+01-1.235799810e+01-1.232349620e+01
-1.228069050e+01-1.222948700e+01-1.216981710e+01-1.210163520e+01-1.202491770e+01
-1.193966100e+01-1.184588010e+01-1.174360650e+01-1.163288730e+01-1.151378310e+01
-1.138636680e+01-1.125072180e+01-1.110694130e+01-1.095512620e+01-1.079538430e+01
-1.062782900e+01-1.045257780e+01-1.026975200e+01-1.007947480e+01-9.881871090e+00
-9.677065870e+00-9.465183950e+00-9.246348900e+00-9.020682430e+00-8.788303670e+00
-8.549328590e+00-8.303869490e+00-8.052034480e+00-7.793927060e+00-7.529645770e+00
-7.259283870e+00-6.982929080e+00-6.700663380e+00-6.412562870e+00-6.118697650e+00
-5.819131770e+00-5.513923200e+00-5.203123900e+00-4.886779820e+00-4.564931040e+00
-4.237611880e+00-3.904851030e+00-3.566671760e+00-3.223092050e+00-2.874124860e+00
-2.519778270e+00-2.160055780e+00-1.794956460e+00-1.424475260e+00-1.048603160e+00
-6.673274640e-01-2.806319780e-01 1.115027410e-01 5.090991900e-01 9.121827090e-01
 1.320781300e+00 1.734925420e+00 2.154647830e+00 2.579983450e+00 3.010969170e+00
 3.447643730e+00 3.890047600e+00 4.338222890e+00 4.792213200e+00 5.252063560e+00
 5.717820350e+00 6.189531230e+00 6.667245090e+00 7.151011980e+00 7.640883100e+00
 8.136910730e+00 8.639148260e+00 9.147650130e+00 9.662471860e+00 1.018367000e+01
 1.071130220e+01 1.124542710e+01 1.178610460e+01 1.233339550e+01 1.288736180e+01
 1.344806680e+01 1.401557460e+01 1.458995100e+01 1.517126250e+01 1.575957740e+01
 1.635496480e+01 1.695749540e+01 1.756724110e+01 1.818427550e+01 1.880867310e+01
 1.944051010e+01 2.007986410e+01 2.072681420e+01 2.138144070e+01 2.204382570e+01
 2.271405240e+01 2.339220560e+01 2.407837140e+01-1.181888660e+01-1.175933660e+01
-1.171489250e+01-1.168396420e+01-1.166504890e+01-1.165672400e+01-1.165764180e+01
-1.166652480e+01-1.168216190e+01-1.170340510e+01-1.172916700e+01-1.175841800e+01
-1.179018490e+01-1.182354850e+01-1.185764230e+01-1.189165100e+01-1.192480880e+01
-1.195639860e+01-1.198575010e+01-1.201223890e+01-1.203528530e+01-1.205435280e+01
-1.206894680e+01-1.207861350e+01-1.208293820e+01-1.208154430e+01-1.207409120e+01
-1.206027370e+01-1.203981970e+01-1.201248880e+01-1.197807120e+01-1.193638540e+01
-1.188727690e+01-1.183061690e+01-1.176630000e+01-1.169424310e+01-1.161438380e+01
-1.152667870e+01-1.143110170e+01-1.132764330e+01-1.121630810e+01-1.109711450e+01
-1.097009270e+01-1.083528360e+01-1.069273790e+01-1.054251470e+01-1.038468030e+01
-1.021930740e+01-1.004647420e+01-9.866263120e+00-9.678760210e+00-9.484054110e+00
-9.282235360e+00-9.073395550e+00-8.857626670e+00-8.635020380e+00-8.405667410e+00
-8.169656960e+00-7.927076140e+00-7.678009530e+00-7.422538700e+00-7.160741830e+00
-6.892693380e+00-6.618463760e+00-6.338119140e+00-6.051721210e+00-5.759327050e+00
-5.460989010e+00-5.156754660e+00-4.846666730e+00-4.530763140e+00-4.209077020e+00
-3.881636770e+00-3.548466180e+00-3.209584500e+00-2.865006580e+00-2.514743020e+00
-2.158800320e+00-1.797181050e+00-1.429884030e+00-1.056904450e+00-6.782341360e-01
-2.938616450e-01 9.622751330e-02 4.920507210e-01 8.936280850e-01 1.300982270e+00
 1.714138370e+00 2.133123710e+00 2.557967790e+00 2.988702060e+00 3.425359880e+00
 3.867976400e+00 4.316588400e+00 4.771234280e+00 5.231953920e+00 5.698788640e+00
 6.171781100e+00 6.650975310e+00 7.136416510e+00 7.628151170e+00 8.126226950e+00
 8.630692650e+00 9.141598250e+00 9.658994800e+00 1.018293450e+01 1.071347060e+01
 1.125065750e+01 1.179455070e+01 1.234520670e+01 1.290268310e+01 1.346703880e+01
 1.403833340e+01 1.461662800e+01 1.520198440e+01 1.579446570e+01 1.639413600e+01
 1.700106040e+01 1.761530520e+01 1.823693730e+01 1.886602480e+01 1.950263660e+01
 2.014684260e+01 2.079871310e+01 2.145831920e+01 2.212573250e+01 2.280102510e+01
 2.348426900e+01 2.417553640e+01-1.220255860e+01-1.208067750e+01-1.197832700e+01
-1.189359800e+01-1.182469940e+01-1.176994790e+01-1.172776040e+01-1.169664660e+01
-1.167520280e+01-1.166210720e+01-1.165611440e+01-1.165605210e+01-1.166081680e+01
-1.166937090e+01-1.168073950e+01-1.169400760e+01-1.170831780e+01-1.172286760e+01
-1.173690750e+01-1.174973870e+01-1.176071110e+01-1.176922150e+01-1.177471120e+01
-1.177666500e+01-1.177460860e+01-1.176810710e+01-1.175676330e+01-1.174021570e+01
-1.171813700e+01-1.169023220e+01-1.165623690e+01-1.161591570e+01-1.156906010e+01
-1.151548760e+01-1.145503940e+01-1.138757930e+01-1.131299190e+01-1.123118110e+01
-1.114206910e+01-1.104559460e+01-1.094171180e+01-1.083038910e+01-1.071160770e+01
-1.058536120e+01-1.045165360e+01-1.031049920e+01-1.016192110e+01-1.000595040e+01
-9.842625360e+00-9.671990730e+00-9.494096610e+00-9.308997870e+00-9.116753290e+00
-8.917424850e+00-8.711076960e+00-8.497775840e+00-8.277588750e+00-8.050583450e+00
-7.816827560e+00-7.576388000e+00-7.329330480e+00-7.075719050e+00-6.815615660e+00
-6.549079780e+00-6.276168070e+00-5.996934100e+00-5.711428140e+00-5.419696910e+00
-5.121783470e+00-4.817727110e+00-4.507563250e+00-4.191323420e+00-3.869035230e+00
-3.540722440e+00-3.206404920e+00-2.866098790e+00-2.519816460e+00-2.167566740e+00
-1.809354940e+00-1.445183020e+00-1.075049690e+00-6.989505290e-01-3.168781610e-01
 7.117764200e-02 4.652298110e-01 8.652938490e-01 1.271387700e+00 1.683531640e+00
 2.101748120e+00 2.526061690e+00 2.956498870e+00 3.393088040e+00 3.835859390e+00
 4.284844780e+00 4.740077690e+00 5.201593150e+00 5.669427650e+00 6.143619120e+00
 6.624206850e+00 7.111231430e+00 7.604734760e+00 8.104759970e+00 8.611351420e+00
 9.124554640e+00 9.644416340e+00 1.017098440e+01 1.070430770e+01 1.124443630e+01
 1.179142160e+01 1.234531560e+01 1.290617160e+01 1.347404410e+01 1.404898830e+01
 1.463106040e+01 1.522031780e+01 1.581681850e+01 1.642062150e+01 1.703178650e+01
 1.765037390e+01 1.827644480e+01 1.891006070e+01 1.955128350e+01 2.020017550e+01
 2.085679880e+01 2.152121550e+01 2.219348750e+01 2.287367600e+01 2.356184120e+01
 2.425804210e+01-1.250307280e+01-1.232739200e+01-1.217504110e+01-1.204384910e+01
-1.193178480e+01-1.183694660e+01-1.175755230e+01-1.169193100e+01-1.163851520e+01
-1.159583400e+01-1.156250720e+01-1.153723980e+01-1.151881670e+01-1.150609860e+01
-1.149801750e+01-1.149357300e+01-1.149182920e+01-1.149191070e+01-1.149300000e+01
-1.149433490e+01-1.149520510e+01-1.149495060e+01-1.149295830e+01-1.148866040e+01
-1.148153170e+01-1.147108790e+01-1.145688310e+01-1.143850780e+01-1.141558730e+01
-1.138777940e+01-1.135477260e+01-1.131628460e+01-1.127206000e+01-1.122186920e+01
-1.116550640e+01-1.110278820e+01-1.103355220e+01-1.095765530e+01-1.087497290e+01
-1.078539720e+01-1.068883630e+01-1.058521310e+01-1.047446420e+01-1.035653930e+01
-1.023139990e+01-1.009901860e+01-9.959378650e+00-9.812472620e+00-9.658302120e+00
-9.496876800e+00-9.328213750e+00-9.152336650e+00-8.969275110e+00-8.779063910e+00
-8.581742250e+00-8.377353050e+00-8.165942220e+00-7.947557990e+00-7.722250240e+00
-7.490069850e+00-7.251068150e+00-7.005296320e+00-6.752804930e+00-6.493643440e+00
-6.227859800e+00-5.955500100e+00-5.676608240e+00-5.391225650e+00-5.099391090e+00
-4.801140460e+00-4.496506640e+00-4.185519430e+00-3.868205410e+00-3.544587970e+00
-3.214687260e+00-2.878520210e+00-2.536100550e+00-2.187438890e+00-1.832542740e+00
-1.471416660e+00-1.104062250e+00-7.304783190e-01-3.506609680e-01 3.539632790e-02
 4.277025980e-01 8.262692770e-01 1.231110100e+00 1.642241000e+00 2.059680020e+00
 2.483447210e+00 2.913564530e+00 3.350055800e+00 3.792946570e+00 4.242264110e+00
 4.698037280e+00 5.160296500e+00 5.629073710e+00 6.104402270e+00 6.586316960e+00
 7.074853920e+00 7.570050610e+00 8.071945760e+00 8.580579400e+00 9.095992730e+00
 9.618228200e+00 1.014732940e+01 1.068334110e+01 1.122630910e+01 1.177628040e+01
 1.233330300e+01 1.289742600e+01 1.346869930e+01 1.404717390e+01 1.463290170e+01
 1.522593520e+01 1.582632780e+01 1.643413360e+01 1.704940720e+01 1.767220350e+01
 1.830257800e+01 1.894058610e+01 1.958628320e+01 2.023972440e+01 2.090096450e+01
 2.157005740e+01 2.224705600e+01 2.293201150e+01 2.362497350e+01 2.432598940e+01
-1.270263020e+01-1.248299390e+01-1.228975060e+01-1.212053030e+01-1.197311820e+01
-1.184544370e+01-1.173556980e+01-1.164168440e+01-1.156209150e+01-1.149520330e+01
-1.143953330e+01-1.139369000e+01-1.135637050e+01-1.132635540e+01-1.130250350e+01
-1.128374740e+01-1.126908930e+01-1.125759660e+01-1.124839850e+01-1.124068270e+01
-1.123369190e+01-1.122672080e+01-1.121911350e+01-1.121026020e+01-1.119959540e+01
-1.118659480e+01-1.117077310e+01-1.115168210e+01-1.112890800e+01-1.110206960e+01
-1.107081620e+01-1.103482600e+01-1.099380390e+01-1.094748000e+01-1.089560770e+01
-1.083796270e+01-1.077434110e+01-1.070455810e+01-1.062844720e+01-1.054585860e+01
-1.045665870e+01-1.036072870e+01-1.025796430e+01-1.014827460e+01-1.003158170e+01
-9.907819730e+00-9.776934780e+00-9.638883870e+00-9.493634510e+00-9.341164120e+00
-9.181459320e+00-9.014515300e+00-8.840335080e+00-8.658928800e+00-8.470312950e+00
-8.274509590e+00-8.071545610e+00-7.861451940e+00-7.644262800e+00-7.420015020e+00
-7.188747300e+00-6.950499620e+00-6.705312590e+00-6.453226960e+00-6.194283070e+00
-5.928520470e+00-5.655977450e+00-5.376690770e+00-5.090695370e+00-4.798024060e+00
-4.498707410e+00-4.192773540e+00-3.880248000e+00-3.561153720e+00-3.235510920e+00
-2.903337090e+00-2.564646990e+00-2.219452650e+00-1.867763430e+00-1.509586000e+00
-1.144924490e+00-7.737804560e-01-3.961530160e-01-1.203890140e-02 3.785674650e-01
 7.756738850e-01 1.179290310e+00 1.589428750e+00 2.006103220e+00 2.429329650e+00
 2.859125800e+00 3.295511210e+00 3.738507170e+00 4.188136570e+00 4.644423940e+00
 5.107395350e+00 5.577078370e+00 6.053502020e+00 6.536696750e+00 7.026694390e+00
 7.523528130e+00 8.027232450e+00 8.537843160e+00 9.055397280e+00 9.579933090e+00
 1.011149010e+01 1.065010880e+01 1.119583120e+01 1.174870000e+01 1.230875920e+01
 1.287605370e+01 1.345062930e+01 1.403253300e+01 1.462181220e+01 1.521851530e+01
 1.582269130e+01 1.643438950e+01 1.705366000e+01 1.768055270e+01 1.831511790e+01
 1.895740560e+01 1.960746530e+01 2.026534610e+01 2.093109610e+01 2.160476200e+01
 2.228638890e+01 2.297601990e+01 2.367369520e+01 2.437945210e+01-1.278689390e+01
-1.253414860e+01-1.231004850e+01-1.211208940e+01-1.193793180e+01-1.178538930e+01
-1.165241890e+01-1.153711140e+01-1.143768230e+01-1.135246360e+01-1.127989610e+01
-1.121852190e+01-1.116697830e+01-1.112399120e+01-1.108836980e+01-1.105900120e+01
-1.103484540e+01-1.101493100e+01-1.099835100e+01-1.098425880e+01-1.097186470e+01
-1.096043210e+01-1.094927480e+01-1.093775380e+01-1.092527420e+01-1.091128280e+01
-1.089526540e+01-1.087674430e+01-1.085527600e+01-1.083044910e+01-1.080188220e+01
-1.076922140e+01-1.073213940e+01-1.069033270e+01-1.064352060e+01-1.059144360e+01
-1.053386170e+01-1.047055360e+01-1.040131530e+01-1.032595920e+01-1.024431360e+01
-1.015622130e+01-1.006154000e+01-9.960141200e+00-9.851909850e+00-9.736744280e+00
-9.614555700e+00-9.485267850e+00-9.348816650e+00-9.205149670e+00-9.054225670e+00
-8.896013930e+00-8.730493570e+00-8.557652820e+00-8.377488190e+00-8.190003630e+00
-7.995209640e+00-7.793122460e+00-7.583763120e+00-7.367156690e+00-7.143331440e+00
-6.912318100e+00-6.674149150e+00-6.428858210e+00-6.176479450e+00-5.917047050e+00
-5.650594790e+00-5.377155590e+00-5.096761240e+00-4.809442040e+00-4.515226630e+00
-4.214141720e+00-3.906212000e+00-3.591459990e+00-3.269905940e+00-2.941567810e+00
-2.606461200e+00-2.264599350e+00-1.915993160e+00-1.560651190e+00-1.198579690e+00
-8.297826610e-01-4.542618740e-01-7.201694990e-02 3.169545960e-01 7.126572930e-01
 1.115097660e+00 1.524284120e+00 1.940226990e+00 2.362938390e+00 2.792432160e+00
 3.228723890e+00 3.671830800e+00 4.121771710e+00 4.578567010e+00 5.042238620e+00
 5.512809950e+00 5.990305860e+00 6.474752630e+00 6.966177950e+00 7.464610870e+00
 7.970081770e+00 8.482622350e+00 9.002265610e+00 9.529045790e+00 1.006299840e+01
 1.060416000e+01 1.115256860e+01 1.170826310e+01 1.227128350e+01 1.284167080e+01
 1.341946700e+01 1.400471510e+01 1.459745870e+01 1.519774220e+01 1.580561040e+01
 1.642110880e+01 1.704428310e+01 1.767517890e+01 1.831384210e+01 1.896031790e+01
 1.961465110e+01 2.027688550e+01 2.094706380e+01 2.162522690e+01 2.231141370e+01
 2.300566040e+01 2.370800010e+01 2.441846220e+01-1.274531660e+01-1.247099630e+01
-1.222671730e+01-1.200990490e+01-1.181815350e+01-1.164921620e+01-1.150099470e+01
-1.137152960e+01-1.125899110e+01-1.116167070e+01-1.107797260e+01-1.100640660e+01
-1.094558070e+01-1.089419450e+01-1.085103340e+01-1.081496300e+01-1.078492320e+01
-1.075992430e+01-1.073904180e+01-1.072141230e+01-1.070622980e+01-1.069274180e+01
-1.068024610e+01-1.066808730e+01-1.065565390e+01-1.064237530e+01-1.062771920e+01
-1.061118910e+01-1.059232140e+01-1.057068380e+01-1.054587230e+01-1.051750970e+01
-1.048524340e+01-1.044874370e+01-1.040770190e+01-1.036182910e+01-1.031085480e+01
-1.025452540e+01-1.019260360e+01-1.012486750e+01-1.005111010e+01-9.971138740e+00
-9.884774900e+00-9.791854260e+00-9.692226590e+00-9.585755810e+00-9.472319990e+00
-9.351811370e+00-9.224136170e+00-9.089214350e+00-8.946979190e+00-8.797376720e+00
-8.640365010e+00-8.475913390e+00-8.304001460e+00-8.124618170e+00-7.937760780e+00
-7.743433830e+00-7.541648100e+00-7.332419660e+00-7.115768920e+00-6.891719730e+00
-6.660298590e+00-6.421533930e+00-6.175455420e+00-5.922093390e+00-5.661478320e+00
-5.393640410e+00-5.118609140e+00-4.836413040e+00-4.547079330e+00-4.250633750e+00
-3.947100400e+00-3.636501550e+00-3.318857590e+00-2.994186900e+00-2.662505880e+00
-2.323828840e+00-1.978168050e+00-1.625533720e+00-1.265934000e+00-8.993750380e-01
-5.258610100e-01-1.453941290e-01 2.420252900e-01 6.363987940e-01 1.037729750e+00
 1.446023280e+00 1.861286270e+00 2.283527270e+00 2.712756490e+00 3.148985730e+00
 3.592228400e+00 4.042499440e+00 4.499815300e+00 4.964193920e+00 5.435654720e+00
 5.914218540e+00 6.399907650e+00 6.892745720e+00 7.392757800e+00 7.899970290e+00
 8.414410940e+00 8.936108830e+00 9.465094310e+00 1.000139900e+01 1.054505580e+01
 1.109609880e+01 1.165456320e+01 1.222048530e+01 1.279390260e+01 1.337485340e+01
 1.396337700e+01 1.455951360e+01 1.516330390e+01 1.577478940e+01 1.639401180e+01
 1.702101330e+01 1.765583600e+01 1.829852190e+01 1.894911260e+01 1.960764900e+01
 2.027417110e+01 2.094871710e+01 2.163132390e+01 2.232202570e+01 2.302085400e+01
 2.372783680e+01 2.444299790e+01-1.257133430e+01-1.228735410e+01-1.203393160e+01
-1.180848300e+01-1.160859560e+01-1.143201730e+01-1.127664620e+01-1.114052110e+01
-1.102181220e+01-1.091881180e+01-1.082992620e+01-1.075366790e+01-1.068864840e+01
-1.063357110e+01-1.058722530e+01-1.054848020e+01-1.051627970e+01-1.048963700e+01
-1.046763030e+01-1.044939800e+01-1.043413510e+01-1.042108930e+01-1.040955700e+01
-1.039888050e+01-1.038844480e+01-1.037767410e+01-1.036602980e+01-1.035300690e+01
-1.033813230e+01-1.032096190e+01-1.030107840e+01-1.027808920e+01-1.025162440e+01
-1.022133490e+01-1.018689050e+01-1.014797870e+01-1.010430310e+01-1.005558220e+01
-1.000154910e+01-9.941950120e+00-9.876545030e+00-9.805106870e+00-9.727422130e+00
-9.643291250e+00-9.552529110e+00-9.454965660e+00-9.350446490e+00-9.238833280e+00
-9.120003950e+00-8.993852710e+00-8.860289720e+00-8.719240530e+00-8.570645360e+00
-8.414458020e+00-8.250644900e+00-8.079183660e+00-7.900062020e+00-7.713276480e+00
-7.518831070e+00-7.316736140e+00-7.107007290e+00-6.889664280e+00-6.664730160e+00
-6.432230390e+00-6.192192120e+00-5.944643500e+00-5.689613210e+00-5.427129880e+00
-5.157221750e+00-4.879916340e+00-4.595240130e+00-4.303218360e+00-4.003874870e+00
-3.697231950e+00-3.383310230e+00-3.062128610e+00-2.733704230e+00-2.398052410e+00
-2.055186660e+00-1.705118670e+00-1.347858320e+00-9.834137120e-01-6.117911630e-01
-2.329952670e-01 1.529710970e-01 5.461067240e-01 9.464120600e-01 1.353889160e+00
 1.768541680e+00 2.190374810e+00 2.619395290e+00 3.055611380e+00 3.499032820e+00
 3.949670800e+00 4.407538010e+00 4.872648550e+00 5.345017960e+00 5.824663200e+00
 6.311602630e+00 6.805856020e+00 7.307444540e+00 7.816390710e+00 8.332718460e+00
 8.856453030e+00 9.387621050e+00 9.926250430e+00 1.047237040e+01 1.102601140e+01
 1.158720520e+01 1.215598470e+01 1.273238380e+01 1.331643770e+01 1.390818240e+01
 1.450765490e+01 1.511489280e+01 1.572993450e+01 1.635281890e+01 1.698358520e+01
 1.762227260e+01 1.826892040e+01 1.892356740e+01 1.958625190e+01 2.025701080e+01
 2.093588010e+01 2.162289360e+01 2.231808310e+01 2.302147710e+01 2.373310100e+01
 2.445297580e+01-1.226246590e+01-1.198082510e+01-1.172937000e+01-1.150556910e+01
-1.130706150e+01-1.113164570e+01-1.097726920e+01-1.084201830e+01-1.072410860e+01
-1.062187590e+01-1.053376810e+01-1.045833660e+01-1.039422980e+01-1.034018570e+01
-1.029502590e+01-1.025764960e+01-1.022702840e+01-1.020220090e+01-1.018226850e+01
-1.016639040e+01-1.015378040e+01-1.014370240e+01-1.013546720e+01-1.012842890e+01
-1.012198220e+01-1.011555890e+01-1.010862540e+01-1.010067980e+01-1.009124950e+01
-1.007988840e+01-1.006617520e+01-1.004971040e+01-1.003011450e+01-1.000702620e+01
-9.980100300e+00-9.949006270e+00-9.913426610e+00-9.873055910e+00-9.827599980e+00
-9.776775410e+00-9.720309590e+00-9.657941080e+00-9.589420530e+00-9.514511770e+00
-9.432993340e+00-9.344659910e+00-9.249323700e+00-9.146815620e+00-9.036986010e+00
-8.919704860e+00-8.794861610e+00-8.662364570e+00-8.522139810e+00-8.374129960e+00
-8.218292660e+00-8.054598940e+00-7.883031610e+00-7.703583590e+00-7.516256370e+00
-7.321058550e+00-7.118004510e+00-6.907113200e+00-6.688407070e+00-6.461911130e+00
-6.227652190e+00-5.985658120e+00-5.735957300e+00-5.478578150e+00-5.213548690e+00
-4.940896270e+00-4.660647290e+00-4.372826990e+00-4.077459320e+00-3.774566800e+00
-3.464170460e+00-3.146289770e+00-2.820942590e+00-2.488145200e+00-2.147912250e+00
-1.800256770e+00-1.445190210e+00-1.082722430e+00-7.128617440e-01-3.356149090e-01
 4.901281590e-02 4.410176650e-01 8.403973440e-01 1.247151010e+00 1.661279250e+00
 2.082784070e+00 2.511668900e+00 2.947938540e+00 3.391599200e+00 3.842658490e+00
 4.301125370e+00 4.767010240e+00 5.240324830e+00 5.721082310e+00 6.209297230e+00
 6.704985520e+00 7.208164550e+00 7.718853060e+00 8.237071210e+00 8.762840560e+00
 9.296184070e+00 9.837126080e+00 1.038569230e+01 1.094190980e+01 1.150580690e+01
 1.207741340e+01 1.265676000e+01 1.324387890e+01 1.383880320e+01 1.444156710e+01
 1.505220560e+01 1.567075470e+01 1.629725080e+01 1.693173080e+01 1.757423220e+01
 1.822479210e+01 1.888344760e+01 1.955023540e+01 2.022519120e+01 2.090834970e+01
 2.159974360e+01 2.229940380e+01 2.300735840e+01 2.372363230e+01 2.444824610e+01
-1.182034770e+01-1.155283460e+01-1.131425100e+01-1.110218140e+01-1.091437690e+01
-1.074874380e+01-1.060333180e+01-1.047632470e+01-1.036602940e+01-1.027086800e+01
-1.018936880e+01-1.012015870e+01-1.006195610e+01-1.001356440e+01-9.973865580e+00
-9.941814870e+00-9.916435360e+00-9.896813240e+00-9.882093280e+00-9.871474660e+00
-9.864207130e+00-9.859587300e+00-9.856955280e+00-9.855691390e+00-9.855213190e+00
-9.854972490e+00-9.854452610e+00-9.853165720e+00-9.850650210e+00-9.846468250e+00
-9.840203340e+00-9.831458000e+00-9.819851470e+00-9.805017620e+00-9.786602850e+00
-9.764264310e+00-9.737668230e+00-9.706488640e+00-9.670406450e+00-9.629109080e+00
-9.582290690e+00-9.529653130e+00-9.470907660e+00-9.405777280e+00-9.333999630e+00
-9.255329950e+00-9.169543940e+00-9.076439960e+00-8.975840530e+00-8.867592810e+00
-8.751568440e+00-8.627662490e+00-8.495791990e+00-8.355893960e+00-8.207923280e+00
-8.051850410e+00-7.887659120e+00-7.715344380e+00-7.534910330e+00-7.346368530e+00
-7.149736360e+00-6.945035640e+00-6.732291450e+00-6.511531120e+00-6.282783410e+00
-6.046077820e+00-5.801444040e+00-5.548911500e+00-5.288509050e+00-5.020264630e+00
-4.744205140e+00-4.460356230e+00-4.168742250e+00-3.869386120e+00-3.562309350e+00
-3.247531990e+00-2.925072590e+00-2.594948280e+00-2.257174740e+00-1.911766200e+00
-1.558735520e+00-1.198094170e+00-8.298522610e-01-4.540185790e-01-7.060059550e-02
 3.203955150e-01 7.189648620e-01 1.125103830e+00 1.538810070e+00 1.960082510e+00
 2.388921330e+00 2.825328010e+00 3.269305290e+00 3.720857230e+00 4.179989170e+00
 4.646707810e+00 5.121021160e+00 5.602938620e+00 6.092470950e+00 6.589630310e+00
 7.094430300e+00 7.606885930e+00 8.127013650e+00 8.654831400e+00 9.190358560e+00
 9.733615980e+00 1.028462600e+01 1.084341230e+01 1.141000030e+01 1.198441640e+01
 1.256668880e+01 1.315684660e+01 1.375492060e+01 1.436094250e+01 1.497494520e+01
 1.559696260e+01 1.622702940e+01 1.686518110e+01 1.751145360e+01 1.816588320e+01
 1.882850640e+01 1.949935930e+01 2.017847750e+01 2.086589590e+01 2.156164790e+01
 2.226576560e+01 2.297827820e+01 2.369921270e+01 2.442859230e+01-1.125071280e+01
-1.100860020e+01-1.079329720e+01-1.060257110e+01-1.043434770e+01-1.028669860e+01
-1.015782980e+01-1.004607120e+01-9.949866720e+00-9.867766100e+00-9.798416420e+00
-9.740554980e+00-9.693002480e+00-9.654656920e+00-9.624487920e+00-9.601531470e+00
-9.584885170e+00-9.573703750e+00-9.567194990e+00-9.564615840e+00-9.565268900e+00
-9.568499010e+00-9.573690150e+00-9.580262410e+00-9.587669140e+00-9.595394250e+00
-9.602949510e+00-9.609872040e+00-9.615721760e+00-9.620078880e+00-9.622541520e+00
-9.622723170e+00-9.620250340e+00-9.614760090e+00-9.605897710e+00-9.593314460e+00
-9.576665430e+00-9.555607830e+00-9.529799530e+00-9.498898470e+00-9.462562810e+00
-9.420452370e+00-9.372231410e+00-9.317572900e+00-9.256163880e+00-9.187711270e+00
-9.111947350e+00-9.028633860e+00-8.937564410e+00-8.838565160e+00-8.731494050e+00
-8.616238980e+00-8.492715210e+00-8.360862280e+00-8.220640630e+00-8.072028290e+00
-7.915017740e+00-7.749613050e+00-7.575827390e+00-7.393680870e+00-7.203198680e+00
-7.004409620e+00-6.797344810e+00-6.582036720e+00-6.358518380e+00-6.126822720e+00
-5.886982190e+00-5.639028340e+00-5.382991610e+00-5.118901160e+00-4.846784760e+00
-4.566668710e+00-4.278577890e+00-3.982535660e+00-3.678563960e+00-3.366683310e+00
-3.046912840e+00-2.719270380e+00-2.383772450e+00-2.040434340e+00-1.689270100e+00
-1.330292670e+00-9.635137980e-01-5.889441400e-01-2.065932460e-01 1.835304200e-01
 5.814194770e-01 9.870676280e-01 1.400469670e+00 1.821621480e+00 2.250520100e+00
 2.687163650e+00 3.131551480e+00 3.583684070e+00 4.043563180e+00 4.511191790e+00
 4.986574180e+00 5.469715970e+00 5.960624130e+00 6.459307050e+00 6.965774540e+00
 7.480037870e+00 8.002109830e+00 8.532004730e+00 9.069738410e+00 9.615328310e+00
 1.016879340e+01 1.073015440e+01 1.129943330e+01 1.187665400e+01 1.246184180e+01
 1.305502350e+01 1.365622740e+01 1.426548340e+01 1.488282240e+01 1.550827690e+01
 1.614188050e+01 1.678366760e+01 1.743367360e+01 1.809193480e+01 1.875848770e+01
 1.943336910e+01 2.011661590e+01 2.080826440e+01 2.150835040e+01 2.221690840e+01
 2.293397150e+01 2.365957050e+01 2.439373360e+01-1.056330130e+01-1.035702570e+01
-1.017461920e+01-1.001410230e+01-9.873638950e+00-9.751523890e+00-9.646171460e+00
-9.556105410e+00-9.479949970e+00-9.416421780e+00-9.364322550e+00-9.322532540e+00
-9.290004570e+00-9.265758550e+00-9.248876580e+00-9.238498310e+00-9.233816830e+00
-9.234074790e+00-9.238560790e+00-9.246606120e+00-9.257581580e+00-9.270894600e+00
-9.285986470e+00-9.302329690e+00-9.319425410e+00-9.336801020e+00-9.354007710e+00
-9.370618090e+00-9.386223790e+00-9.400433080e+00-9.412868370e+00-9.423163710e+00
-9.430962110e+00-9.435912850e+00-9.437668600e+00-9.435882510e+00-9.430205270e+00
-9.420282310e+00-9.405751210e+00-9.386239950e+00-9.361366150e+00-9.330738280e+00
-9.293959470e+00-9.250634680e+00-9.200380930e+00-9.142839160e+00-9.077684940e+00
-9.004636230e+00-8.923456730e+00-8.833955320e+00-8.735983590e+00-8.629432210e+00
-8.514226290e+00-8.390320090e+00-8.257691700e+00-8.116338000e+00-7.966270330e+00
-7.807510780e+00-7.640089160e+00-7.464040490e+00-7.279403070e+00-7.086216940e+00
-6.884522670e+00-6.674360490e+00-6.455769720e+00-6.228788240e+00-5.993452270e+00
-5.749796220e+00-5.497852580e+00-5.237651930e+00-4.969223000e+00-4.692592720e+00
-4.407786320e+00-4.114827420e+00-3.813738170e+00-3.504539320e+00-3.187250310e+00
-2.861889410e+00-2.528473740e+00-2.187019390e+00-1.837541470e+00-1.480054120e+00
-1.114570590e+00-7.411032770e-01-3.596636810e-01 2.973753490e-02 4.270905690e-01
 8.323864890e-01 1.245617260e+00 1.666775740e+00 2.095855780e+00 2.532852180e+00
 2.977760800e+00 3.430578550e+00 3.891303500e+00 4.359934890e+00 4.836473190e+00
 5.320920180e+00 5.813278980e+00 6.313554110e+00 6.821751560e+00 7.337878830e+00
 7.861944960e+00 8.393960620e+00 8.933938120e+00 9.481891470e+00 1.003783640e+01
 1.060179030e+01 1.117377260e+01 1.175380410e+01 1.234190760e+01 1.293810770e+01
 1.354243080e+01 1.415490470e+01 1.477555920e+01 1.540442560e+01 1.604153650e+01
 1.668692640e+01 1.734063060e+01 1.800268590e+01 1.867312990e+01 1.935200110e+01
 2.003933840e+01 2.073518130e+01 2.143956900e+01 2.215254040e+01 2.287413370e+01
 2.360438590e+01 2.434333240e+01-9.771668520e+00-9.610494140e+00-9.469503580e+00
-9.347040270e+00-9.241568220e+00-9.151660270e+00-9.075987950e+00-9.013312700e+00
-8.962478090e+00-8.922403100e+00-8.892075950e+00-8.870548780e+00-8.856932690e+00
-8.850393430e+00-8.850147320e+00-8.855457620e+00-8.865631210e+00-8.880015460e+00
-8.897995400e+00-8.918991030e+00-8.942454830e+00-8.967869400e+00-8.994745180e+00
-9.022618310e+00-9.051048480e+00-9.079616910e+00-9.107924220e+00-9.135588350e+00
-9.162242450e+00-9.187532570e+00-9.211115310e+00-9.232655270e+00-9.251822240e+00
-9.268288130e+00-9.281723600e+00-9.291794190e+00-9.298156190e+00-9.300452030e+00
-9.298305420e+00-9.291316700e+00-9.279058830e+00-9.261075750e+00-9.236885060e+00
-9.205988580e+00-9.167893590e+00-9.122138880e+00-9.068318320e+00-9.006096050e+00
-8.935209610e+00-8.855460630e+00-8.766708340e+00-8.668863420e+00-8.561880150e+00
-8.445746860e+00-8.320477080e+00-8.186102110e+00-8.042665220e+00-7.890217210e+00
-7.728813130e+00-7.558509740e+00-7.379363710e+00-7.191430270e+00-6.994762350e+00
-6.789410020e+00-6.575420190e+00-6.352836480e+00-6.121699320e+00-5.882046020e+00
-5.633910970e+00-5.377325910e+00-5.112320120e+00-4.838920670e+00-4.557152690e+00
-4.267039580e+00-3.968603200e+00-3.661864070e+00-3.346841540e+00-3.023553920e+00
-2.692018620e+00-2.352252230e+00-2.004270610e+00-1.648088950e+00-1.283721830e+00
-9.111832090e-01-5.304864790e-01-1.416444350e-01 2.553307280e-01 6.604274450e-01
 1.073634810e+00 1.494942650e+00 1.924341510e+00 2.361822800e+00 2.807378790e+00
 3.261002710e+00 3.722688820e+00 4.192432490e+00 4.670230260e+00 5.156079910e+00
 5.649980580e+00 6.151932830e+00 6.661938670e+00 7.180001700e+00 7.706127160e+00
 8.240321970e+00 8.782594840e+00 9.332956270e+00 9.891418670e+00 1.045799640e+01
 1.103270570e+01 1.161556490e+01 1.220659430e+01 1.280581640e+01 1.341325540e+01
 1.402893790e+01 1.465289250e+01 1.528514950e+01 1.592574140e+01 1.657470260e+01
 1.723206910e+01 1.789787890e+01 1.857217140e+01 1.925498740e+01 1.994636920e+01
 2.064636000e+01 2.135500370e+01 2.207234520e+01 2.279842930e+01 2.353330080e+01
 2.427700420e+01-8.892847540e+00-8.784530400e+00-8.692082230e+00-8.614233530e+00
-8.549803600e+00-8.497691320e+00-8.456867520e+00-8.426368350e+00-8.405289660e+00
-8.392782030e+00-8.388046500e+00-8.390330690e+00-8.398925390e+00-8.413161520e+00
-8.432407280e+00-8.456065670e+00-8.483572130e+00-8.514392420e+00-8.548020570e+00
-8.583977060e+00-8.621807010e+00-8.661078490e+00-8.701380920e+00-8.742323430e+00
-8.783533330e+00-8.824654490e+00-8.865345730e+00-8.905279130e+00-8.944138260e+00
-8.981616220e+00-9.017413530e+00-9.051235700e+00-9.082790470e+00-9.111784640e+00
-9.137920160e+00-9.160889620e+00-9.180370640e+00-9.196019080e+00-9.207460700e+00
-9.214281110e+00-9.216013990e+00-9.212128590e+00-9.202020050e+00-9.185014000e+00
-9.160418600e+00-9.127591090e+00-9.085993340e+00-9.035227830e+00-8.975040370e+00
-8.905250340e+00-8.825747350e+00-8.736491160e+00-8.637499320e+00-8.528825670e+00
-8.410545500e+00-8.282744970e+00-8.145514660e+00-7.998945640e+00-7.843126730e+00
-7.678142670e+00-7.504072830e+00-7.320990540e+00-7.128962750e+00-6.928050160e+00
-6.718307400e+00-6.499783510e+00-6.272522430e+00-6.036563530e+00-5.791942150e+00
-5.538690140e+00-5.276836320e+00-5.006406950e+00-4.727426150e+00-4.439916220e+00
-4.143897980e+00-3.839391060e+00-3.526414080e+00-3.204984920e+00-2.875120790e+00
-2.536838440e+00-2.190154190e+00-1.835084060e+00-1.471643740e+00-1.099848710e+00
-7.197141480e-01-3.312549740e-01 6.551420100e-02 4.705791170e-01 8.839259230e-01
 1.305541240e+00 1.735412240e+00 2.173526740e+00 2.619873260e+00 3.074441150e+00
 3.537220670e+00 4.008203100e+00 4.487380840e+00 4.974747510e+00 5.470298030e+00
 5.974028780e+00 6.485937630e+00 7.006024110e+00 7.534289430e+00 8.070736640e+00
 8.615370670e+00 9.168198440e+00 9.729228920e+00 1.029847320e+01 1.087594470e+01
 1.146165880e+01 1.205563350e+01 1.265788900e+01 1.326844790e+01 1.388733530e+01
 1.451457870e+01 1.515020780e+01 1.579425520e+01 1.644675560e+01 1.710774610e+01
 1.777726620e+01 1.845535760e+01 1.914206440e+01 1.983743240e+01 2.054150970e+01
 2.125434610e+01 2.197599300e+01 2.270650330e+01 2.344593100e+01 2.419433110e+01
-7.946826190e+00-7.897305260e+00-7.858867540e+00-7.830680780e+00-7.811961990e+00
-7.801972440e+00-7.800013590e+00-7.805423670e+00-7.817574780e+00-7.835870410e+00
-7.859743300e+00-7.888653560e+00-7.922086940e+00-7.959553390e+00-8.000585620e+00
-8.044737900e+00-8.091584860e+00-8.140720430e+00-8.191756800e+00-8.244323430e+00
-8.298066110e+00-8.352646070e+00-8.407738980e+00-8.463034100e+00-8.518233280e+00
-8.573050010e+00-8.627208330e+00-8.680441700e+00-8.732491740e+00-8.783106800e+00
-8.832040280e+00-8.879048680e+00-8.923889230e+00-8.966317000e+00-9.006081220e+00
-9.042920600e+00-9.076557260e+00-9.106688620e+00-9.132976310e+00-9.155030590e+00
-9.172387430e+00-9.184472690e+00-9.190541010e+00-9.189560810e+00-9.180411990e+00
-9.162081130e+00-9.133778400e+00-9.095040560e+00-9.045867050e+00-8.986109000e+00
-8.915689010e+00-8.834660780e+00-8.743181050e+00-8.641421150e+00-8.529555070e+00
-8.407746230e+00-8.276146040e+00-8.134894870e+00-7.984121580e+00-7.823942820e+00
-7.654462790e+00-7.475773470e+00-7.287955390e+00-7.091078530e+00-6.885203520e+00
-6.670382770e+00-6.446661590e+00-6.214079310e+00-5.972670170e+00-5.722464250e+00
-5.463488180e+00-5.195765850e+00-4.919318940e+00-4.634167470e+00-4.340330150e+00
-4.037824780e+00-3.726668520e+00-3.406878130e+00-3.078470140e+00-2.741461010e+00
-2.395867240e+00-2.041705410e+00-1.678992240e+00-1.307744580e+00-9.279794280e-01
-5.397138610e-01-1.429650010e-01 2.622500640e-01 6.759143600e-01 1.098011120e+00
 1.528523890e+00 1.967436660e+00 2.414733930e+00 2.870400890e+00 3.334423540e+00
 3.806788770e+00 4.287484540e+00 4.776500000e+00 5.273825600e+00 5.779453240e+00
 6.293376400e+00 6.815590220e+00 7.346091700e+00 7.884879740e+00 8.431955300e+00
 8.987321470e+00 9.550983630e+00 1.012294950e+01 1.070322930e+01 1.129183560e+01
 1.188878390e+01 1.249409220e+01 1.310778130e+01 1.372987470e+01 1.436039900e+01
 1.499938360e+01 1.564686090e+01 1.630286620e+01 1.696743800e+01 1.764061760e+01
 1.832244940e+01 1.901298070e+01 1.971226200e+01 2.042034660e+01 2.113729040e+01
 2.186315260e+01 2.259799470e+01 2.334188100e+01 2.409487800e+01-6.955822240e+00
-6.968975720e+00-6.988152190e+00-7.012985220e+00-7.043113320e+00-7.078180260e+00
-7.117835320e+00-7.161733640e+00-7.209536580e+00-7.260912000e+00-7.315534540e+00
-7.373085940e+00-7.433255210e+00-7.495738850e+00-7.560241010e+00-7.626473590e+00
-7.694156330e+00-7.763016890e+00-7.832790810e+00-7.903221500e+00-7.974060190e+00
-8.045065810e+00-8.116004830e+00-8.186651080e+00-8.256785490e+00-8.326195750e+00
-8.394675970e+00-8.462026160e+00-8.528051650e+00-8.592562340e+00-8.655371790e+00
-8.716296060e+00-8.775152180e+00-8.831756250e+00-8.885920830e+00-8.937451600e+00
-8.986142720e+00-9.031770570e+00-9.074085200e+00-9.112798810e+00-9.147570750e+00
-9.177990000e+00-9.203561290e+00-9.222205340e+00-9.231699600e+00-9.230262420e+00
-9.216505860e+00-9.189444600e+00-9.151451600e+00-9.101647800e+00-9.039785690e+00
-8.966113860e+00-8.881235820e+00-8.785481860e+00-8.679169900e+00-8.562545040e+00
-8.435815240e+00-8.299171510e+00-8.152784280e+00-7.996802440e+00-7.831353510e+00
-7.656545160e+00-7.472467520e+00-7.279195530e+00-7.076791330e+00-6.865306410e+00
-6.644783500e+00-6.415258210e+00-6.176760480e+00-5.929315740e+00-5.672945970e+00
-5.407670490e+00-5.133506740e+00-4.850470850e+00-4.558578110e+00-4.257843410e+00
-3.948281510e+00-3.629907360e+00-3.302736220e+00-2.966783860e+00-2.622066630e+00
-2.268601500e+00-1.906406090e+00-1.535498670e+00-1.155898090e+00-7.676237090e-01
-3.706953580e-01 3.486681580e-02 4.490424430e-01 8.718110670e-01 1.303152280e+00
 1.743045880e+00 2.191472000e+00 2.648411300e+00 3.113845100e+00 3.587755540e+00
 4.070125770e+00 4.560940060e+00 5.060184030e+00 5.567844730e+00 6.083910870e+00
 6.608372900e+00 7.141223210e+00 7.682456280e+00 8.232068760e+00 8.790059660e+00
 9.356430480e+00 9.931185310e+00 1.051433100e+01 1.110587710e+01 1.170583630e+01
 1.231422430e+01 1.293105990e+01 1.355636510e+01 1.419016540e+01 1.483248980e+01
 1.548337050e+01 1.614284350e+01 1.681094850e+01 1.748772890e+01 1.817323170e+01
 1.886750810e+01 1.957061280e+01 2.028260480e+01 2.100354670e+01 2.173350550e+01
 2.247255200e+01 2.322076100e+01 2.397821150e+01-5.943379080e+00-6.020882980e+00
-6.099295200e+00-6.178716840e+00-6.259209210e+00-6.340799510e+00-6.423485650e+00
-6.507240380e+00-6.592014930e+00-6.677742150e+00-6.764339260e+00-6.851710290e+00
-6.939748220e+00-7.028336900e+00-7.117352710e+00-7.206666080e+00-7.296142830e+00
-7.385645330e+00-7.475033560e+00-7.564166050e+00-7.652900700e+00-7.741095490e+00
-7.828609140e+00-7.915301640e+00-8.001034730e+00-8.085672330e+00-8.169080800e+00
-8.251129280e+00-8.331689800e+00-8.410637440e+00-8.487850290e+00-8.563209400e+00
-8.636598510e+00-8.707903660e+00-8.777012550e+00-8.843813490e+00-8.908193940e+00
-8.970038170e+00-9.029223600e+00-9.085614780e+00-9.139052860e+00-9.189335720e+00
-9.236177380e+00-9.276059940e+00-9.306283330e+00-9.324744010e+00-9.329856060e+00
-9.320555060e+00-9.296402990e+00-9.257016180e+00-9.202465180e+00-9.133696340e+00
-9.053934800e+00-8.962761570e+00-8.860846010e+00-8.748388960e+00-8.625583940e+00
-8.492684290e+00-8.349904220e+00-8.197423550e+00-8.035386710e+00-7.863908600e+00
-7.683079830e+00-7.492971570e+00-7.293639540e+00-7.085127280e+00-6.867468850e+00
-6.640690990e+00-6.404814880e+00-6.159857590e+00-5.905833280e+00-5.642754100e+00
-5.370631050e+00-5.089474550e+00-4.799294990e+00-4.500103130e+00-4.191910410e+00
-3.874729210e+00-3.548573000e+00-3.213456460e+00-2.869395560e+00-2.516407560e+00
-2.154510980e+00-1.783725600e+00-1.404072300e+00-1.015573000e+00-6.182505200e-01
-2.121284380e-01 2.027690880e-01 6.264174810e-01 1.058791930e+00 1.499867560e+00
 1.949619680e+00 2.408023890e+00 2.875056370e+00 3.350694010e+00 3.834914630e+00
 4.327697190e+00 4.829021960e+00 5.338870710e+00 5.857226900e+00 6.384075870e+00
 6.919404990e+00 7.463203880e+00 8.015464520e+00 8.576181460e+00 9.145351950e+00
 9.722976110e+00 1.030905710e+01 1.090360110e+01 1.150661790e+01 1.211812040e+01
 1.273812520e+01 1.336665270e+01 1.400372710e+01 1.464937640e+01 1.530363280e+01
 1.596653280e+01 1.663811720e+01 1.731843110e+01 1.800752440e+01 1.870545160e+01
 1.941227200e+01 2.012805000e+01 2.085285490e+01 2.158676150e+01 2.232984980e+01
 2.308220540e+01 2.384391960e+01-4.933348750e+00-5.074663160e+00-5.211939400e+00
-5.345720160e+00-5.476467720e+00-5.604574140e+00-5.730370030e+00-5.854132070e+00
-5.976089540e+00-6.096429970e+00-6.215304180e+00-6.332830660e+00-6.449099490e+00
-6.564175850e+00-6.678103100e+00-6.790905580e+00-6.902591110e+00-7.013153280e+00
-7.122573410e+00-7.230822480e+00-7.337862750e+00-7.443649300e+00-7.548131400e+00
-7.651253830e+00-7.752958020e+00-7.853183200e+00-7.951867390e+00-8.048948460e+00
-8.144365040e+00-8.238057570e+00-8.329969250e+00-8.420047130e+00-8.508243250e+00
-8.594516030e+00-8.678831830e+00-8.761166940e+00-8.841510110e+00-8.919866000e+00
-8.996259920e+00-9.070744640e+00-9.143410750e+00-9.214403190e+00-9.282198270e+00
-9.342836790e+00-9.393369180e+00-9.431559200e+00-9.455738960e+00-9.464737930e+00
-9.457776260e+00-9.434302810e+00-9.393991280e+00-9.336836710e+00-9.263293070e+00
-9.174045700e+00-9.075513810e+00-8.966249550e+00-8.846200100e+00-8.716023410e+00
-8.575959830e+00-8.426221990e+00-8.266949740e+00-8.098245950e+00-7.920184200e+00
-7.732817310e+00-7.536182640e+00-7.330306070e+00-7.115205110e+00-6.890891170e+00
-6.657371460e+00-6.414650420e+00-6.162730870e+00-5.901614980e+00-5.631304960e+00
-5.351803680e+00-5.063115140e+00-4.765244810e+00-4.458199910e+00-4.141989620e+00
-3.816625160e+00-3.482119880e+00-3.138489260e+00-2.785750890e+00-2.423924370e+00
-2.053031200e+00-1.673094670e+00-1.284139640e+00-8.861924200e-01-4.792805050e-01
-6.343240290e-02 3.613226080e-01 7.949547090e-01 1.237433770e+00 1.688729610e+00
 2.148812200e+00 2.617651920e+00 3.095219820e+00 3.581487810e+00 4.076428910e+00
 4.580017480e+00 5.092229440e+00 5.613042470e+00 6.142436250e+00 6.680392640e+00
 7.226895880e+00 7.781932810e+00 8.345493060e+00 8.917569180e+00 9.498156900e+00
 1.008725530e+01 1.068486680e+01 1.129099770e+01 1.190565800e+01 1.252886170e+01
 1.316062710e+01 1.380097670e+01 1.444993750e+01 1.510754120e+01 1.577382440e+01
 1.644882850e+01 1.713260040e+01 1.782519220e+01 1.852666150e+01 1.923707190e+01
 1.995649270e+01 2.068499960e+01 2.142267470e+01 2.216960700e+01 2.292589220e+01
 2.369163360e+01-3.948861320e+00-4.151348570e+00-4.345222440e+00-4.531417590e+00
-4.710755200e+00-4.883956390e+00-5.051653670e+00-5.214401010e+00-5.372682480e+00
-5.526920020e+00-5.677480170e+00-5.824680140e+00-5.968793190e+00-6.110053430e+00
-6.248660190e+00-6.384781890e+00-6.518559620e+00-6.650110270e+00-6.779529520e+00
-6.906894430e+00-7.032265920e+00-7.155690980e+00-7.277204750e+00-7.396832500e+00
-7.514591370e+00-7.630492210e+00-7.744541210e+00-7.856741570e+00-7.967095220e+00
-8.075604560e+00-8.182274340e+00-8.287113710e+00-8.390138610e+00-8.491374550e+00
-8.590860050e+00-8.688650900e+00-8.784825840e+00-8.879494140e+00-8.972806100e+00
-9.064968120e+00-9.156264530e+00-9.247089410e+00-9.334271810e+00-9.413638370e+00
-9.482140070e+00-9.537500360e+00-9.578260560e+00-9.603651640e+00-9.613307460e+00
-9.606970980e+00-9.584307420e+00-9.544874430e+00-9.488261890e+00-9.414375090e+00
-9.323940830e+00-9.217735890e+00-9.097863910e+00-8.969297260e+00-8.830945450e+00
-8.683207990e+00-8.526094250e+00-8.359667150e+00-8.183952830e+00-7.998966830e+00
-7.804713540e+00-7.601190310e+00-7.388389620e+00-7.166300960e+00-6.934912330e+00
-6.694211350e+00-6.444186190e+00-6.184826340e+00-5.916123130e+00-5.638070210e+00
-5.350663890e+00-5.053903410e+00-4.747791080e+00-4.432332420e+00-4.107536190e+00
-3.773414350e+00-3.429982020e+00-3.077257350e+00-2.715261380e+00-2.344017840e+00
-1.963552930e+00-1.573895100e+00-1.175074800e+00-7.671241570e-01-3.500767710e-01
 7.603262820e-02 5.111684470e-01 9.552945250e-01 1.408374420e+00 1.870371710e+00
 2.341250250e+00 2.820974490e+00 3.309509680e+00 3.806822240e+00 4.312879920e+00
 4.827652120e+00 5.351110100e+00 5.883227250e+00 6.423979300e+00 6.973344570e+00
 7.531304160e+00 8.097842220e+00 8.672946120e+00 9.256606640e+00 9.848818230e+00
 1.044957920e+01 1.105889180e+01 1.167676270e+01 1.230320280e+01 1.293822770e+01
 1.358185800e+01 1.423411900e+01 1.489504140e+01 1.556466150e+01 1.624302110e+01
 1.693016790e+01 1.762615570e+01 1.833104490e+01 1.904490230e+01 1.976780200e+01
 2.049982500e+01 2.124106020e+01 2.199160440e+01 2.275156280e+01 2.352104930e+01
-3.011386080e+00-3.270541730e+00-3.517046250e+00-3.752160170e+00-3.977007080e+00
-4.192588340e+00-4.399796090e+00-4.599424560e+00-4.792180240e+00-4.978690810e+00
-5.159513240e+00-5.335140930e+00-5.506010260e+00-5.672506350e+00-5.834968430e+00
-5.993694600e+00-6.148946170e+00-6.300951660e+00-6.449910430e+00-6.595996000e+00
-6.739359140e+00-6.880130670e+00-7.018424160e+00-7.154338380e+00-7.287959670e+00
-7.419364220e+00-7.548620270e+00-7.675790310e+00-7.800933330e+00-7.924107150e+00
-8.045370890e+00-8.164787770e+00-8.282428150e+00-8.398373150e+00-8.512718980e+00
-8.625582120e+00-8.737105910e+00-8.847468920e+00-8.956896060e+00-9.065673970e+00
-9.174173790e+00-9.282888260e+00-9.386881800e+00-9.481844070e+00-9.564540090e+00
-9.632846630e+00-9.685849650e+00-9.723543290e+00-9.746344100e+00-9.754654810e+00
-9.748601960e+00-9.727921140e+00-9.691943660e+00-9.639668850e+00-9.569970990e+00
-9.481975290e+00-9.375644980e+00-9.252206070e+00-9.113920190e+00-8.967898780e+00
-8.812479420e+00-8.647997910e+00-8.474341590e+00-8.291489840e+00-8.099399790e+00
-7.898032370e+00-7.687348230e+00-7.467309760e+00-7.237881600e+00-6.999031320e+00
-6.750729870e+00-6.492952040e+00-6.225676670e+00-5.948887010e+00-5.662570800e+00
-5.366720440e+00-5.061332990e+00-4.746410200e+00-4.421958420e+00-4.087988500e+00
-3.744515580e+00-3.391558920e+00-3.029141640e+00-2.657290420e+00-2.276035230e+00
-1.885408950e+00-1.485447080e+00-1.076187340e+00-6.576693700e-01-2.299343130e-01
 2.069755040e-01 6.530169310e-01 1.108146350e+00 1.572320000e+00 2.045494320e+00
 2.527626270e+00 3.018673650e+00 3.518595400e+00 4.027351900e+00 4.544905230e+00
 5.071219500e+00 5.606261110e+00 6.149998950e+00 6.702404730e+00 7.263453210e+00
 7.833122400e+00 8.411393860e+00 8.998252870e+00 9.593688690e+00 1.019769480e+01
 1.081026900e+01 1.143141400e+01 1.206113690e+01 1.269945040e+01 1.334637220e+01
 1.400192550e+01 1.466613960e+01 1.533904960e+01 1.602069680e+01 1.671112930e+01
 1.741040200e+01 1.811857690e+01 1.883572350e+01 1.956191930e+01 2.029725000e+01
 2.104180990e+01 2.179570250e+01 2.255904100e+01 2.333194870e+01-2.139966470e+00
-2.449727750e+00-2.743457880e+00-3.022669300e+00-3.288723510e+00-3.542845680e+00
-3.786137790e+00-4.019590440e+00-4.244093490e+00-4.460445690e+00-4.669363410e+00
-4.871488530e+00-5.067395590e+00-5.257598380e+00-5.442555800e+00-5.622677370e+00
-5.798328150e+00-5.969833280e+00-6.137482160e+00-6.301532310e+00-6.462212900e+00
-6.619728060e+00-6.774259950e+00-6.925971680e+00-7.075010060e+00-7.221508250e+00
-7.365588320e+00-7.507363850e+00-7.646942470e+00-7.784428570e+00-7.919926080e+00
-8.053541530e+00-8.185387390e+00-8.315585890e+00-8.444273260e+00-8.571604730e+00
-8.697760140e+00-8.822950200e+00-8.947422950e+00-9.071468850e+00-9.195420860e+00
-9.319590940e+00-9.437455630e+00-9.544538710e+00-9.637532680e+00-9.714773280e+00
-9.776175470e+00-9.822667860e+00-9.855380470e+00-9.875108950e+00-9.882248190e+00
-9.876855380e+00-9.858684600e+00-9.827142750e+00-9.781161790e+00-9.719092840e+00
-9.638970920e+00-9.539157090e+00-9.419200100e+00-9.280422210e+00-9.125291680e+00
-8.962910260e+00-8.791149910e+00-8.610350530e+00-8.420331430e+00-8.221031210e+00
-8.012371680e+00-7.794286290e+00-7.566714100e+00-7.329600960e+00-7.082899260e+00
-6.826568010e+00-6.560572830e+00-6.284886000e+00-5.999486370e+00-5.704359380e+00
-5.399496950e+00-5.084897350e+00-4.760564980e+00-4.426510190e+00-4.082748920e+00
-3.729302440e+00-3.366196950e+00-2.993463170e+00-2.611135940e+00-2.219253790e+00
-1.817858460e+00-1.406994490e+00-9.867087450e-01-5.570499950e-01-1.180684770e-01
 3.301845250e-01 7.876570870e-01 1.254297040e+00 1.730052350e+00 2.214871500e+00
 2.708703820e+00 3.211499850e+00 3.723211680e+00 4.243793230e+00 4.773200620e+00
 5.311392400e+00 5.858329910e+00 6.413977480e+00 6.978302780e+00 7.551277020e+00
 8.132875240e+00 8.723076550e+00 9.321864380e+00 9.929226720e+00 1.054515640e+01
 1.116965120e+01 1.180271420e+01 1.244435420e+01 1.309458550e+01 1.375342860e+01
 1.442091020e+01 1.509706380e+01 1.578192960e+01 1.647555500e+01 1.717799490e+01
 1.788931210e+01 1.860957760e+01 1.933887130e+01 2.007728200e+01 2.082490820e+01
 2.158185840e+01 2.234825210e+01 2.312422010e+01-1.350669280e+00-1.703760380e+00
-2.038172650e+00-2.355595910e+00-2.657563130e+00-2.945463930e+00-3.220557000e+00
-3.483981640e+00-3.736768260e+00-3.979848130e+00-4.214062300e+00-4.440169730e+00
-4.658854830e+00-4.870734330e+00-5.076363590e+00-5.276242430e+00-5.470820410e+00
-5.660501810e+00-5.845650060e+00-6.026592000e+00-6.203621730e+00-6.377004170e+00
-6.546978480e+00-6.713761210e+00-6.877549260e+00-7.038522850e+00-7.196848200e+00
-7.352680320e+00-7.506165750e+00-7.657445290e+00-7.806656900e+00-7.953938710e+00
-8.099432290e+00-8.243286250e+00-8.385660150e+00-8.526728960e+00-8.666688150e+00
-8.805759370e+00-8.944197130e+00-9.082296850e+00-9.220405840e+00-9.357276250e+00
-9.486172720e+00-9.602351590e+00-9.702736480e+00-9.786484470e+00-9.854678640e+00
-9.909034630e+00-9.950761580e+00-9.980583780e+00-9.998913960e+00-1.000591310e+01
-1.000151360e+01-9.985427680e+00-9.957139500e+00-9.915890230e+00-9.860628200e+00
-9.789736920e+00-9.700620100e+00-9.590553960e+00-9.458298360e+00-9.305171660e+00
-9.133896200e+00-8.955546430e+00-8.767583030e+00-8.570394590e+00-8.363765730e+00
-8.147622030e+00-7.921872910e+00-7.686443530e+00-7.441267620e+00-7.186288550e+00
-6.921458790e+00-6.646739800e+00-6.362101850e+00-6.067523840e+00-5.762993110e+00
-5.448505190e+00-5.124063460e+00-4.789678820e+00-4.445369260e+00-4.091159360e+00
-3.727079820e+00-3.353166900e+00-2.969461860e+00-2.576010400e+00-2.172862070e+00
-1.760069730e+00-1.337689010e+00-9.057777500e-01-4.643954990e-01-1.360304080e-02
 4.465380920e-01 9.159660640e-01 1.394619170e+00 1.882436250e+00 2.379357070e+00
 2.885322730e+00 3.400276000e+00 3.924161690e+00 4.456926970e+00 4.998521720e+00
 5.548898810e+00 6.108014400e+00 6.675828280e+00 7.252304080e+00 7.837409610e+00
 8.431117060e+00 9.033403330e+00 9.644250230e+00 1.026364480e+01 1.089157940e+01
 1.152805230e+01 1.217306750e+01 1.282663550e+01 1.348877290e+01 1.415950350e+01
 1.483885800e+01 1.552687440e+01 1.622359860e+01 1.692908460e+01 1.764339470e+01
 1.836660020e+01 1.909878180e+01 1.984003000e+01 2.059044580e+01 2.135014100e+01
 2.211923920e+01 2.289787630e+01-6.562450520e-01-1.044524680e+00-1.412245810e+00
-1.761205480e+00-2.093043960e+00-2.409256700e+00-2.711205680e+00-3.000130220e+00
-3.277157000e+00-3.543309480e+00-3.799516640e+00-4.046621160e+00-4.285386880e+00
-4.516505770e+00-4.740604390e+00-4.958249810e+00-5.169955100e+00-5.376184380e+00
-5.577357520e+00-5.773854480e+00-5.966019310e+00-6.154163950e+00-6.338571670e+00
-6.519500380e+00-6.697185750e+00-6.871844130e+00-7.043675380e+00-7.212865640e+00
-7.379589990e+00-7.544015180e+00-7.706302260e+00-7.866609450e+00-8.025094930e+00
-8.181920010e+00-8.337252360e+00-8.491269700e+00-8.644163790e+00-8.796145020e+00
-8.947447560e+00-9.098335070e+00-9.249106710e+00-9.396753520e+00-9.534576530e+00
-9.657785760e+00-9.763973840e+00-9.853564990e+00-9.928709400e+00-9.991063140e+00
-1.004166320e+01-1.008120230e+01-1.011005910e+01-1.012835350e+01-1.013601720e+01
-1.013284550e+01-1.011852470e+01-1.009263510e+01-1.005461710e+01-1.000368040e+01
-9.938708740e+00-9.858231590e+00-9.759919680e+00-9.639989960e+00-9.495824260e+00
-9.328508570e+00-9.141022500e+00-8.946464420e+00-8.741896540e+00-8.527782220e+00
-8.303890700e+00-8.070151630e+00-7.826476670e+00-7.572795520e+00-7.309048140e+00
-7.035185980e+00-6.751171480e+00-6.456977900e+00-6.152589030e+00-5.837998870e+00
-5.513211190e+00-5.178239020e+00-4.833104080e+00-4.477836160e+00-4.112472400e+00
-3.737056580e+00-3.351638390e+00-2.956272680e+00-2.551018770e+00-2.135939760e+00
-1.711101800e+00-1.276573570e+00-8.324255910e-01-3.787297120e-01 8.444142850e-02
 5.570149080e-01 1.038918000e+00 1.530078610e+00 2.030425740e+00 2.539889860e+00
 3.058403350e+00 3.585900830e+00 4.122319550e+00 4.667599710e+00 5.221684820e+00
 5.784522010e+00 6.356062330e+00 6.936261020e+00 7.525077860e+00 8.122477380e+00
 8.728429190e+00 9.342908170e+00 9.965894820e+00 1.059737550e+01 1.123734260e+01
 1.188579490e+01 1.254273790e+01 1.320818390e+01 1.388215260e+01 1.456467110e+01
 1.525577440e+01 1.595550560e+01 1.666391650e+01 1.738106790e+01 1.810702980e+01
 1.884188240e+01 1.958571610e+01 2.033863240e+01 2.110074440e+01 2.187217750e+01
 2.265307030e+01-6.596564980e-02-4.807542700e-01-8.738793970e-01-1.247181500e+00
-1.602348320e+00-1.940925380e+00-2.264326270e+00-2.573842510e+00-2.870653000e+00
-3.155832880e+00-3.430361910e+00-3.695132340e+00-3.950956190e+00-4.198572060e+00
-4.438651490e+00-4.671804790e+00-4.898586520e+00-5.119500480e+00-5.335004420e+00
-5.545514360e+00-5.751408620e+00-5.953031560e+00-6.150697060e+00-6.344691780e+00
-6.535278250e+00-6.722697750e+00-6.907173020e+00-7.088910940e+00-7.268104980e+00
-7.444937700e+00-7.619583080e+00-7.792208910e+00-7.962979110e+00-8.132056060e+00
-8.299603000e+00-8.465786490e+00-8.630779170e+00-8.794762750e+00-8.957931860e+00
-9.120498760e+00-9.282698940e+00-9.439692580e+00-9.584922830e+00-9.713924970e+00
-9.825432840e+00-9.921403550e+00-1.000412880e+01-1.007503660e+01-1.013512620e+01
-1.018494850e+01-1.022470830e+01-1.025438880e+01-1.027382930e+01-1.028277820e+01
-1.028093090e+01-1.026794910e+01-1.024346040e+01-1.020704110e+01-1.015818780e+01
-1.009626830e+01-1.002034750e+01-9.928938820e+00-9.819956460e+00-9.689563490e+00
-9.533243670e+00-9.351280770e+00-9.146933350e+00-8.935417860e+00-8.713397610e+00
-8.481426330e+00-8.239268780e+00-7.986868440e+00-7.724148640e+00-7.451052830e+00
-7.167536470e+00-6.873568360e+00-6.569130170e+00-6.254216030e+00-5.928831980e+00
-5.592995370e+00-5.246734030e+00-4.890085410e+00-4.523095710e+00-4.145818820e+00
-3.758315470e+00-3.360652190e+00-2.952900470e+00-2.535135900e+00-2.107437380e+00
-1.669886390e+00-1.222566340e+00-7.655619170e-01-2.989585440e-01 1.771582040e-01
 6.627030930e-01 1.157591720e+00 1.661740960e+00 2.175069450e+00 2.697497940e+00
 3.228949770e+00 3.769351160e+00 4.318631670e+00 4.876724460e+00 5.443566700e+00
 6.019099820e+00 6.603269860e+00 7.196027720e+00 7.797329500e+00 8.407136710e+00
 9.025416610e+00 9.652142410e+00 1.028729350e+01 1.093085600e+01 1.158282240e+01
 1.224319260e+01 1.291197360e+01 1.358918020e+01 1.427483480e+01 1.496896830e+01
 1.567162010e+01 1.638283870e+01 1.710268170e+01 1.783121660e+01 1.856852140e+01
 1.931468470e+01 2.006980650e+01 2.083399890e+01 2.160738680e+01 2.239010850e+01
 4.144080220e-01-1.796979310e-02-4.283407750e-01-8.185311420e-01-1.190220950e+00
-1.544953620e+00-1.884145240e+00-2.209093740e+00-2.520987580e+00-2.820914030e+00
-3.109867100e+00-3.388754920e+00-3.658406620e+00-3.919578910e+00-4.172962040e+00
-4.419185460e+00-4.658823020e+00-4.892397860e+00-5.120386880e+00-5.343224920e+00
-5.561308630e+00-5.775000100e+00-5.984630210e+00-6.190501710e+00-6.392892170e+00
-6.592056700e+00-6.788230480e+00-6.981631180e+00-7.172461180e+00-7.360909700e+00
-7.547154800e+00-7.731365140e+00-7.913701750e+00-8.094319460e+00-8.273368190e+00
-8.450993940e+00-8.627339450e+00-8.802544880e+00-8.976749060e+00-9.150094100e+00
-9.322740940e+00-9.487992870e+00-9.639533260e+00-9.773727210e+00-9.891001710e+00
-9.994265910e+00-1.008546510e+01-1.016597690e+01-1.023657210e+01-1.029756810e+01
-1.034898790e+01-1.039064000e+01-1.042222230e+01-1.044340460e+01-1.045385230e+01
-1.045322460e+01-1.044116880e+01-1.041732280e+01-1.038132860e+01-1.033284470e+01
-1.027151060e+01-1.019681630e+01-1.010800190e+01-1.000384250e+01-9.882282470e+00
-9.739950150e+00-9.570685090e+00-9.373112200e+00-9.150804220e+00-8.921181170e+00
-8.680502620e+00-8.429416290e+00-8.167689450e+00-7.895286270e+00-7.612150500e+00
-7.318248840e+00-7.013562240e+00-6.698087120e+00-6.371834340e+00-6.034828420e+00
-5.687106450e+00-5.328716960e+00-4.959718570e+00-4.580178790e+00-4.190172650e+00
-3.789781540e+00-3.379092060e+00-2.958195000e+00-2.527184480e+00-2.086157090e+00
-1.635211210e+00-1.174446320e+00-7.039624200e-01-2.238594300e-01 2.657633250e-01
 7.648076320e-01 1.273176870e+00 1.790776460e+00 2.317514320e+00 2.853301290e+00
 3.398051490e+00 3.951682720e+00 4.514116850e+00 5.085280100e+00 5.665103400e+00
 6.253522700e+00 6.850479260e+00 7.455919920e+00 8.069797370e+00 8.692070440e+00
 9.322704320e+00 9.961670850e+00 1.060894880e+01 1.126452390e+01 1.192838950e+01
 1.260054650e+01 1.328100380e+01 1.396977850e+01 1.466689620e+01 1.537239150e+01
 1.608630810e+01 1.680869950e+01 1.753962910e+01 1.827917100e+01 1.902741010e+01
 1.978444310e+01 2.055037880e+01 2.132533920e+01 2.210945960e+01 7.825721650e-01
 3.414947410e-01-7.796803970e-02-4.775749330e-01-8.589470670e-01-1.223576860e+00
-1.572836770e+00-1.907987700e+00-2.230187120e+00-2.540496720e+00-2.839889730e+00
-3.129257720e+00-3.409417020e+00-3.681114790e+00-3.945034530e+00-4.201801380e+00
-4.451986950e+00-4.696113830e+00-4.934659790e+00-5.168061640e+00-5.396718880e+00
-5.620997030e+00-5.841230720e+00-6.057726560e+00-6.270765850e+00-6.480607000e+00
-6.687487840e+00-6.891627740e+00-7.093229520e+00-7.292481210e+00-7.489557650e+00
-7.684621850e+00-7.877826090e+00-8.069312690e+00-8.259214330e+00-8.447653520e+00
-8.634740660e+00-8.820569430e+00-9.005206690e+00-9.188670860e+00-9.370884900e+00
-9.543425410e+00-9.700463950e+00-9.839812840e+00-9.963888270e+00-1.007543200e+01
-1.017627030e+01-1.026748690e+01-1.034955200e+01-1.042248220e+01-1.048600040e+01
-1.053979970e+01-1.058357770e+01-1.061701630e+01-1.063978580e+01-1.065154690e+01
-1.065195290e+01-1.064064960e+01-1.061727760e+01-1.058147090e+01-1.053284810e+01
-1.047100270e+01-1.039552810e+01-1.030610340e+01-1.020233190e+01-1.008326030e+01
-9.947059700e+00-9.790567560e+00-9.607016240e+00-9.392479570e+00-9.150788790e+00
-8.901582740e+00-8.640733720e+00-8.368981130e+00-8.086107160e+00-7.792106650e+00
-7.486956250e+00-7.170658280e+00-6.843231590e+00-6.504711790e+00-6.155149550e+00
-5.794608990e+00-5.423165870e+00-5.040905800e+00-4.647922440e+00-4.244315940e+00
-3.830191510e+00-3.405658280e+00-2.970828330e+00-2.525815820e+00-2.070736320e+00
-1.605706120e+00-1.130841680e+00-6.462590060e-01-1.520731660e-01 3.516022710e-01
 8.646557060e-01 1.386978000e+00 1.918462920e+00 2.459007570e+00 3.008512810e+00
 3.566883640e+00 4.134029570e+00 4.709864940e+00 5.294309310e+00 5.887287660e+00
 6.488730800e+00 7.098575550e+00 7.716765050e+00 8.343248990e+00 8.977983860e+00
 9.620933180e+00 1.027206770e+01 1.093136580e+01 1.159881350e+01 1.227440460e+01
 1.295814160e+01 1.365003510e+01 1.435010460e+01 1.505837880e+01 1.577489570e+01
 1.649970300e+01 1.723285880e+01 1.797443170e+01 1.872450130e+01 1.948315890e+01
 2.025050800e+01 2.102666500e+01 2.181175970e+01 1.039570070e+00 5.984015150e-01
 1.777564660e-01-2.240057430e-01-6.083988590e-01-9.768183500e-01-1.330549660e+00
-1.670776070e+00-1.998586100e+00-2.314980530e+00-2.620879000e+00-2.917126150e+00
-3.204497430e+00-3.483704480e+00-3.755400140e+00-4.020183180e+00-4.278602620e+00
-4.531161790e+00-4.778322090e+00-5.020506480e+00-5.258102660e+00-5.491466140e+00
-5.720922930e+00-5.946772120e+00-6.169288220e+00-6.388723320e+00-6.605309060e+00
-6.819258420e+00-7.030767320e+00-7.240016070e+00-7.447170590e+00-7.652383450e+00
-7.855794690e+00-8.057532420e+00-8.257713130e+00-8.456441760e+00-8.653811520e+00
-8.849903480e+00-9.044785880e+00-9.238513040e+00-9.428846080e+00-9.607488100e+00
-9.769417130e+00-9.914590680e+00-1.004649320e+01-1.016746140e+01-1.027900350e+01
-1.038178530e+01-1.047581040e+01-1.056078110e+01-1.063641560e+01-1.070241230e+01
-1.075845880e+01-1.080423280e+01-1.083940180e+01-1.086362370e+01-1.087654810e+01
-1.087781720e+01-1.086706640e+01-1.084392390e+01-1.080801110e+01-1.075894300e+01
-1.069633300e+01-1.061979360e+01-1.052891370e+01-1.042324780e+01-1.030245910e+01
-1.016619380e+01-1.001299060e+01-9.839858430e+00-9.640127660e+00-9.406876450e+00
-9.144089270e+00-8.873495820e+00-8.590657030e+00-8.296397380e+00-7.990537580e+00
-7.673117930e+00-7.344164780e+00-7.003731010e+00-6.651886810e+00-6.288718290e+00
-5.914324800e+00-5.528816240e+00-5.132310520e+00-4.724931400e+00-4.306806760e+00
-3.878067380e+00-3.438846110e+00-2.989277090e+00-2.529495250e+00-2.059635670e+00
-1.579833100e+00-1.090221410e+00-5.909330490e-01-8.209852630e-02 4.361540840e-01
 9.636996500e-01 1.500416450e+00 2.046186620e+00 2.600896580e+00 3.164437410e+00
 3.736705260e+00 4.317601670e+00 4.907033890e+00 5.504915170e+00 6.111165090e+00
 6.725709740e+00 7.348482030e+00 7.979421860e+00 8.618476400e+00 9.265600220e+00
 9.920755580e+00 1.058391260e+01 1.125504930e+01 1.193415220e+01 1.262121610e+01
 1.331624470e+01 1.401925030e+01 1.473025490e+01 1.544928950e+01 1.617639530e+01
 1.691162340e+01 1.765503560e+01 1.840670470e+01 1.916671460e+01 1.993516160e+01
 2.071215430e+01 2.149781450e+01 1.189637410e+00 7.564647550e-01 3.420737780e-01
-5.500889150e-02-4.361434500e-01-8.025852300e-01-1.155492400e+00-1.495933120e+00
-1.824892180e+00-2.143277170e+00-2.451924280e+00-2.751603580e+00-3.043024090e+00
-3.326838370e+00-3.603646880e+00-3.874001930e+00-4.138411520e+00-4.397342690e+00
-4.651224830e+00-4.900452600e+00-5.145388690e+00-5.386366420e+00-5.623692000e+00
-5.857646750e+00-6.088489050e+00-6.316456140e+00-6.541765720e+00-6.764617430e+00
-6.985194100e+00-7.203662890e+00-7.420176160e+00-7.634872280e+00-7.847876170e+00
-8.059299720e+00-8.269242260e+00-8.477791080e+00-8.685022970e+00-8.891007940e+00
-9.095818670e+00-9.299553570e+00-9.497025390e+00-9.680851430e+00-9.847606630e+00
-9.999837720e+00-1.014066130e+01-1.027211440e+01-1.039514240e+01-1.050980190e+01
-1.061580290e+01-1.071286770e+01-1.080069830e+01-1.087898660e+01-1.094741150e+01
-1.100564200e+01-1.105333730e+01-1.109014690e+01-1.111571090e+01-1.112966170e+01
-1.113162430e+01-1.112121790e+01-1.109805670e+01-1.106175120e+01-1.101190930e+01
-1.094813550e+01-1.087002900e+01-1.077718800e+01-1.066922290e+01-1.054572050e+01
-1.040621130e+01-1.025044860e+01-1.007775070e+01-9.885449370e+00-9.667024480e+00
-9.412737330e+00-9.126815790e+00-8.832666410e+00-8.525708620e+00-8.206831680e+00
-7.875929430e+00-7.533104510e+00-7.178451560e+00-6.812088390e+00-6.434147280e+00
-6.044771360e+00-5.644110440e+00-5.232317690e+00-4.809547830e+00-4.375956330e+00
-3.931699070e+00-3.476932190e+00-3.011811720e+00-2.536493300e+00-2.051131690e+00
-1.555880290e+00-1.050890620e+00-5.363117230e-01-1.228969200e-02 5.210328940e-01
 1.063517450e+00 1.615029860e+00 2.175440910e+00 2.744626700e+00 3.322468990e+00
 3.908855600e+00 4.503680650e+00 5.106844920e+00 5.718256030e+00 6.337828730e+00
 6.965485110e+00 7.601154740e+00 8.244774920e+00 8.896290820e+00 9.555655640e+00
 1.022283080e+01 1.089778590e+01 1.158049930e+01 1.227095800e+01 1.296915760e+01
 1.367510300e+01 1.438880830e+01 1.511029690e+01 1.583960230e+01 1.657676780e+01
 1.732184690e+01 1.807490400e+01 1.883601450e+01 1.960526540e+01 2.038275560e+01
 2.116859650e+01 1.239996110e+00 8.221497450e-01 4.207565480e-01 3.455778970e-02
-3.376098690e-01-6.968219310e-01-1.044072840e+00-1.380282140e+00-1.706300000e+00
-2.022912430e+00-2.330845920e+00-2.630771880e+00-2.923310580e+00-3.209035000e+00
-3.488474230e+00-3.762116740e+00-4.030413360e+00-4.293780090e+00-4.552600630e+00
-4.807228850e+00-5.057990910e+00-5.305187370e+00-5.549095000e+00-5.789968540e+00
-6.028042210e+00-6.263531160e+00-6.496632660e+00-6.727527240e+00-6.956379590e+00
-7.183339380e+00-7.408541820e+00-7.632108110e+00-7.854145610e+00-8.074747830e+00
-8.293993980e+00-8.511948010e+00-8.728656710e+00-8.944145930e+00-9.158413480e+00
-9.371416570e+00-9.575311480e+00-9.763871800e+00-9.936413530e+00-1.009682850e+01
-1.024771280e+01-1.039043510e+01-1.052521490e+01-1.065176800e+01-1.076981820e+01
-1.087907190e+01-1.097922220e+01-1.106994970e+01-1.115092360e+01-1.122180110e+01
-1.128222760e+01-1.133183710e+01-1.137025280e+01-1.139708810e+01-1.141194910e+01
-1.141443610e+01-1.140414640e+01-1.138067590e+01-1.134362080e+01-1.129257790e+01
-1.122714520e+01-1.114692230e+01-1.105151150e+01-1.094051340e+01-1.081352430e+01
-1.067016190e+01-1.050999990e+01-1.033260480e+01-1.013787410e+01-9.923690670e+00
-9.683490560e+00-9.405082580e+00-9.093678480e+00-8.773456220e+00-8.439997990e+00
-8.094209170e+00-7.736100920e+00-7.365853390e+00-6.983644410e+00-6.589664800e+00
-6.184107770e+00-5.767162120e+00-5.339011990e+00-4.899838490e+00-4.449821260e+00
-3.989139130e+00-3.517970420e+00-3.036492650e+00-2.544882210e+00-2.043313710e+00
-1.531959420e+00-1.010988640e+00-4.805670820e-01 5.914370330e-02 6.079868480e-01
 1.165810670e+00 1.732469140e+00 2.307822270e+00 2.891736500e+00 3.484085030e+00
 4.084748120e+00 4.693613360e+00 5.310575870e+00 5.935538510e+00 6.568412090e+00
 7.209115460e+00 7.857575690e+00 8.513728160e+00 9.177516690e+00 9.848893620e+00
 1.052782000e+01 1.121426540e+01 1.190820850e+01 1.260963680e+01 1.331854690e+01
 1.403494450e+01 1.475884500e+01 1.549027300e+01 1.622926310e+01 1.697585990e+01
 1.773011810e+01 1.849210320e+01 1.926189140e+01 2.003957040e+01 2.082523940e+01
 1.200576620e+00 8.044022510e-01 4.218504950e-01 5.192045900e-02-3.063158640e-01
-6.537196190e-01-9.910903390e-01-1.319170600e+00-1.638650180e+00-1.950169840e+00
-2.254324750e+00-2.551667670e+00-2.842711870e+00-3.127933810e+00-3.407775680e+00
-3.682647750e+00-3.952930490e+00-4.218976630e+00-4.481113040e+00-4.739642430e+00
-4.994845010e+00-5.246979910e+00-5.496286560e+00-5.742985920e+00-5.987281600e+00
-6.229360810e+00-6.469395220e+00-6.707541760e+00-6.943943150e+00-7.178728400e+00
-7.412013120e+00-7.643899690e+00-7.874477240e+00-8.103821420e+00-8.331993820e+00
-8.559040900e+00-8.784991460e+00-9.009850670e+00-9.233583620e+00-9.454538630e+00
-9.663808960e+00-9.857011580e+00-1.003681780e+01-1.020662400e+01-1.036841510e+01
-1.052272560e+01-1.066928150e+01-1.080781150e+01-1.093802590e+01-1.105961990e+01
-1.117227640e+01-1.127566520e+01-1.136944300e+01-1.145325180e+01-1.152671730e+01
-1.158944910e+01-1.164104300e+01-1.168108420e+01-1.170914980e+01-1.172481140e+01
-1.172763770e+01-1.171719780e+01-1.169306340e+01-1.165481190e+01-1.160202830e+01
-1.153430740e+01-1.145125250e+01-1.135247180e+01-1.123757480e+01-1.110617330e+01
-1.095788120e+01-1.079231550e+01-1.060911630e+01-1.040781810e+01-1.018829150e+01
-9.949186890e+00-9.683635470e+00-9.377129810e+00-9.037709000e+00-8.688661140e+00
-8.326223950e+00-7.951234800e+00-7.563864170e+00-7.164387060e+00-6.753063620e+00
-6.330118830e+00-5.895760090e+00-5.450188960e+00-4.993605900e+00-4.526211660e+00
-4.048207270e+00-3.559793520e+00-3.061170140e+00-2.552534920e+00-2.034082850e+00
-1.506005350e+00-9.684895380e-01-4.217175760e-01 1.341338980e-01 6.988943010e-01
 1.272399570e+00 1.854492600e+00 2.445023560e+00 3.043850290e+00 3.650838490e+00
 4.265862020e+00 4.888803030e+00 5.519552170e+00 6.158008640e+00 6.804080340e+00
 7.457683930e+00 8.118744870e+00 8.787197450e+00 9.462984860e+00 1.014605920e+01
 1.083638150e+01 1.153392180e+01 1.223865910e+01 1.295058140e+01 1.366968610e+01
 1.439597950e+01 1.512947730e+01 1.587020470e+01 1.661819650e+01 1.737349710e+01
 1.813616080e+01 1.890625230e+01 1.968384650e+01 2.046902910e+01 1.083644170e+00
 7.142929850e-01 3.553403240e-01 6.078225840e-03-3.341554170e-01-6.659804380e-01
-9.899774560e-01-1.306690520e+00-1.616629470e+00-1.920272050e+00-2.218065840e+00
-2.510430040e+00-2.797757130e+00-3.080414420e+00-3.358745500e+00-3.633071610e+00
-3.903692890e+00-4.170889610e+00-4.434923290e+00-4.696037730e+00-4.954459950e+00
-5.210401150e+00-5.464057420e+00-5.715610580e+00-5.965228710e+00-6.213066810e+00
-6.459267220e+00-6.703960000e+00-6.947263240e+00-7.189283200e+00-7.430114410e+00
-7.669839640e+00-7.908529750e+00-8.146243600e+00-8.383028250e+00-8.618920290e+00
-8.853950560e+00-9.088158860e+00-9.321636050e+00-9.548892430e+00-9.762573120e+00
-9.961431750e+00-1.014962450e+01-1.032979180e+01-1.050294410e+01-1.066886390e+01
-1.082728560e+01-1.097792290e+01-1.112047440e+01-1.125462630e+01-1.138005200e+01
-1.149640970e+01-1.160333750e+01-1.170044990e+01-1.178734050e+01-1.186358560e+01
-1.192874940e+01-1.198238820e+01-1.202404900e+01-1.205326960e+01-1.206958370e+01
-1.207252470e+01-1.206162910e+01-1.203643870e+01-1.199650460e+01-1.194138880e+01
-1.187066640e+01-1.178393100e+01-1.168079680e+01-1.156089770e+01-1.142388260e+01
-1.126939630e+01-1.109707330e+01-1.090654620e+01-1.069746130e+01-1.046941410e+01
-1.022211570e+01-9.954767590e+00-9.659582050e+00-9.320063640e+00-8.950130280e+00
-8.569557780e+00-8.175831510e+00-7.769724760e+00-7.351634000e+00-6.921758800e+00
-6.480288570e+00-6.027428670e+00-5.563395450e+00-5.088411320e+00-4.602701850e+00
-4.106493650e+00-3.600012660e+00-3.083482580e+00-2.557123680e+00-2.021151730e+00
-1.475777270e+00-9.212048360e-01-3.576323890e-01 2.147492120e-01 7.957567010e-01
 1.385214810e+00 1.982956650e+00 2.588823960e+00 3.202667400e+00 3.824346690e+00
 4.453730760e+00 5.090697850e+00 5.735135530e+00 6.386940730e+00 7.046019750e+00
 7.712288210e+00 8.385671010e+00 9.066102310e+00 9.753525410e+00 1.044789280e+01
 1.114916600e+01 1.185731550e+01 1.257232100e+01 1.329417100e+01 1.402286300e+01
 1.475840340e+01 1.550080780e+01 1.625010060e+01 1.700631540e+01 1.776949520e+01
 1.853969180e+01 1.931696700e+01 2.010139190e+01 9.033121490e-01 5.645682410e-01
 2.327366690e-01-9.257515950e-02-4.117442160e-01-7.251322610e-01-1.033086160e+00
-1.335938170e+00-1.634006130e+00-1.927593810e+00-2.216991080e+00-2.502474270e+00
-2.784306430e+00-3.062737670e+00-3.338005510e+00-3.610335210e+00-3.879940130e+00
-4.147022080e+00-4.411771660e+00-4.674368610e+00-4.934982090e+00-5.193771000e+00
-5.450884220e+00-5.706460830e+00-5.960630320e+00-6.213512690e+00-6.465218580e+00
-6.715849270e+00-6.965496680e+00-7.214243220e+00-7.462161650e+00-7.709314730e+00
-7.955754660e+00-8.201522150e+00-8.446644520e+00-8.691131470e+00-8.934965120e+00
-9.178074970e+00-9.420273690e+00-9.653006410e+00-9.871098870e+00-1.007733840e+01
-1.027520340e+01-1.046640750e+01-1.065095550e+01-1.082858600e+01-1.099901560e+01
-1.116194770e+01-1.131707340e+01-1.146407190e+01-1.160260340e+01-1.173230020e+01
-1.185276560e+01-1.196357950e+01-1.206430760e+01-1.215449300e+01-1.223366790e+01
-1.230136800e+01-1.235710140e+01-1.240035870e+01-1.243063030e+01-1.244740740e+01
-1.245018250e+01-1.243845260e+01-1.241172410e+01-1.236951630e+01-1.231136880e+01
-1.223684900e+01-1.214553880e+01-1.203701780e+01-1.191091520e+01-1.176689190e+01
-1.160464790e+01-1.142389880e+01-1.122433290e+01-1.100559720e+01-1.076734300e+01
-1.050920190e+01-1.023079520e+01-9.931451950e+00-9.601027720e+00-9.223340300e+00
-8.820327350e+00-8.405982910e+00-7.980209300e+00-7.542531670e+00-7.093030650e+00
-6.631932940e+00-6.159487830e+00-5.675949390e+00-5.181574800e+00-4.676622470e+00
-4.161349580e+00-3.636009830e+00-3.100851940e+00-2.556118680e+00-2.002046070e+00
-1.438862860e+00-8.667899030e-01-2.860396870e-01 3.031841670e-01 9.006873130e-01
 1.506285020e+00 2.119802460e+00 2.741074870e+00 3.369947670e+00 4.006276560e+00
 4.649927460e+00 5.300776530e+00 5.958710010e+00 6.623624190e+00 7.295425250e+00
 7.974029100e+00 8.659361280e+00 9.351356770e+00 1.004995980e+01 1.075512390e+01
 1.146681140e+01 1.218499370e+01 1.290965090e+01 1.364077170e+01 1.437835340e+01
 1.512240200e+01 1.587293160e+01 1.662996490e+01 1.739353290e+01 1.816367500e+01
 1.894043880e+01 1.972388060e+01 6.749455550e-01 3.691128580e-01 6.659209650e-02
-2.326878880e-01-5.288137470e-01-8.218845800e-01-1.112009330e+00-1.399304520e+00
-1.683892360e+00-1.965899020e+00-2.245453250e+00-2.522685140e+00-2.797725070e+00
-3.070702820e+00-3.341746760e+00-3.610983260e+00-3.878536060e+00-4.144525840e+00
-4.409069770e+00-4.672281130e+00-4.934269030e+00-5.195138050e+00-5.454988000e+00
-5.713913640e+00-5.972004420e+00-6.229344190e+00-6.486010930e+00-6.742076470e+00
-6.997606160e+00-7.252658520e+00-7.507284970e+00-7.761529440e+00-8.015428130e+00
-8.269009490e+00-8.522294810e+00-8.775300470e+00-9.028044760e+00-9.280565940e+00
-9.529493090e+00-9.766613100e+00-9.990411880e+00-1.020523220e+01-1.041358140e+01
-1.061592480e+01-1.081198160e+01-1.100147110e+01-1.118410300e+01-1.135957520e+01
-1.152757440e+01-1.168776370e+01-1.183977180e+01-1.198319560e+01-1.211761350e+01
-1.224257420e+01-1.235763510e+01-1.246229960e+01-1.255606060e+01-1.263840090e+01
-1.270878620e+01-1.276666910e+01-1.281149100e+01-1.284268670e+01-1.285969030e+01
-1.286194180e+01-1.284889360e+01-1.282001570e+01-1.277480040e+01-1.271276360e+01
-1.263344180e+01-1.253639180e+01-1.242120300e+01-1.228751000e+01-1.213501340e+01
-1.196338660e+01-1.177236460e+01-1.156172860e+01-1.133126420e+01-1.108066050e+01
-1.080955310e+01-1.051755140e+01-1.020418460e+01-9.868193640e+00-9.493494650e+00
-9.071037110e+00-8.639006700e+00-8.193027990e+00-7.734499130e+00-7.264097310e+00
-6.782166490e+00-6.288998280e+00-5.784887660e+00-5.270133380e+00-4.745031160e+00
-4.209869700e+00-3.664929420e+00-3.110482210e+00-2.546791400e+00-1.974111510e+00
-1.392687770e+00-8.027556130e-01-2.045401290e-01 4.017443910e-01 1.015894800e+00
 1.637719350e+00 2.267037770e+00 2.903681320e+00 3.547492760e+00 4.198326170e+00
 4.856046810e+00 5.520530940e+00 6.191665530e+00 6.869348070e+00 7.553486250e+00
 8.243997760e+00 8.940809970e+00 9.643859710e+00 1.035309300e+01 1.106846480e+01
 1.178993890e+01 1.251748740e+01 1.325109090e+01 1.399073790e+01 1.473642510e+01
 1.548815680e+01 1.624594490e+01 1.700980890e+01 1.777977550e+01 1.855587870e+01
 1.933815960e+01 4.144843800e-01 1.423514060e-01-1.300313310e-01-4.024253150e-01
-6.746367440e-01-9.465103370e-01-1.217924050e+00-1.488784490e+00-1.759023000e+00
-2.028592200e+00-2.297462980e+00-2.565621880e+00-2.833068740e+00-3.099814730e+00
-3.365880450e+00-3.631294430e+00-3.896091620e+00-4.160312180e+00-4.424000300e+00
-4.687203200e+00-4.949970200e+00-5.212351810e+00-5.474399040e+00-5.736162570e+00
-5.997692090e+00-6.259035660e+00-6.520239040e+00-6.781345070e+00-7.042393110e+00
-7.303418430e+00-7.564451640e+00-7.825518240e+00-8.086638050e+00-8.347824760e+00
-8.609085270e+00-8.870419040e+00-9.131818180e+00-9.393273480e+00-9.647581040e+00
-9.888924140e+00-1.012020930e+01-1.034483600e+01-1.056407380e+01-1.077768290e+01
-1.098539750e+01-1.118693910e+01-1.138201580e+01-1.157032440e+01-1.175153490e+01
-1.192527830e+01-1.209115500e+01-1.224873880e+01-1.239760700e+01-1.253727300e+01
-1.266724820e+01-1.278701980e+01-1.289604950e+01-1.299375970e+01-1.307954870e+01
-1.315280540e+01-1.321291050e+01-1.325923890e+01-1.329116450e+01-1.330806470e+01
-1.330932630e+01-1.329435140e+01-1.326256220e+01-1.321340650e+01-1.314636260e+01
-1.306094580e+01-1.295671830e+01-1.283330150e+01-1.269037510e+01-1.252761990e+01
-1.234473750e+01-1.214151870e+01-1.191776030e+01-1.167330280e+01-1.140803800e+01
-1.112175230e+01-1.081410940e+01-1.048478810e+01-1.013360390e+01-9.758278120e+00
-9.334917010e+00-8.875544710e+00-8.405420620e+00-7.924316660e+00-7.431694030e+00
-6.927688360e+00-6.412630800e+00-5.886883820e+00-5.350795100e+00-4.804692470e+00
-4.248888340e+00-3.683683610e+00-3.109369400e+00-2.526227180e+00-1.934528050e+00
-1.334531860e+00-7.264863820e-01-1.106266930e-01 5.128252160e-01 1.143660600e+00
 1.781683980e+00 2.426712990e+00 3.078578180e+00 3.737122720e+00 4.402202030e+00
 5.073683430e+00 5.751445780e+00 6.435379010e+00 7.125383790e+00 7.821371110e+00
 8.523261880e+00 9.230986580e+00 9.944484870e+00 1.066370530e+01 1.138860480e+01
 1.211914870e+01 1.285531010e+01 1.359706970e+01 1.434441560e+01 1.509734270e+01
 1.585585300e+01 1.661995490e+01 1.738966310e+01 1.816499850e+01 1.894598770e+01
 1.377410240e-01-1.013692950e-01-3.441080750e-01-5.899552400e-01-8.384602850e-01
-1.089233750e+00-1.341939880e+00-1.596290210e+00-1.852038030e+00-2.108973450e+00
-2.366919130e+00-2.625726360e+00-2.885271760e+00-3.145454180e+00-3.406192020e+00
-3.667420790e+00-3.929090920e+00-4.191165790e+00-4.453619960e+00-4.716437560e+00
-4.979610760e+00-5.243138470e+00-5.507025070e+00-5.771279250e+00-6.035912890e+00
-6.300940090e+00-6.566376150e+00-6.832236640e+00-7.098536530e+00-7.365289300e+00
-7.632506230e+00-7.900195660e+00-8.168362440e+00-8.437007150e+00-8.706124340e+00
-8.975695760e+00-9.245666200e+00-9.514584230e+00-9.773453420e+00-1.002066810e+01
-1.026068150e+01-1.049574430e+01-1.072589960e+01-1.095088550e+01-1.117042930e+01
-1.138424740e+01-1.159204800e+01-1.179351280e+01-1.198828230e+01-1.217597000e+01
-1.235616570e+01-1.252843390e+01-1.269231090e+01-1.284731110e+01-1.299290860e+01
-1.312851960e+01-1.325353730e+01-1.336733230e+01-1.346925390e+01-1.355863400e+01
-1.363479090e+01-1.369703320e+01-1.374466450e+01-1.377698880e+01-1.379331700e+01
-1.379297340e+01-1.377530250e+01-1.373967580e+01-1.368549980e+01-1.361222270e+01
-1.351934300e+01-1.340641480e+01-1.327305170e+01-1.311892570e+01-1.294377940e+01
-1.274744620e+01-1.252979520e+01-1.229065430e+01-1.202997090e+01-1.174766670e+01
-1.144374740e+01-1.111812820e+01-1.077050670e+01-1.040050000e+01-1.000791000e+01
-9.583541740e+00-9.102424550e+00-8.612289100e+00-8.108308770e+00-7.592131460e+00
-7.064695540e+00-6.526586640e+00-5.978221250e+00-5.419950520e+00-4.852104720e+00
-4.275007270e+00-3.688976310e+00-3.094322250e+00-2.491344790e+00-1.880330650e+00
-1.261551960e+00-6.352654820e-01-1.712243260e-03 6.388824260e-01 1.286308650e+00
 1.940371620e+00 2.600891060e+00 3.267700740e+00 3.940647880e+00 4.619592560e+00
 5.304407140e+00 5.994975720e+00 6.691193550e+00 7.392966520e+00 8.100210620e+00
 8.812851460e+00 9.530823780e+00 1.025407100e+01 1.098254480e+01 1.171620460e+01
 1.245501730e+01 1.319895680e+01 1.394800380e+01 1.470214510e+01 1.546137340e+01
 1.622568720e+01 1.699509010e+01 1.776959060e+01 1.854920190e+01-1.402630960e-01
-3.483654640e-01-5.631684470e-01-7.839108860e-01-1.009920150e+00-1.240602350e+00
-1.475433740e+00-1.713953180e+00-1.955755460e+00-2.200485350e+00-2.447832320e+00
-2.697525790e+00-2.949330870e+00-3.203044580e+00-3.458492340e+00-3.715524930e+00
-3.974015610e+00-4.233857620e+00-4.494961790e+00-4.757254490e+00-5.020675630e+00
-5.285176890e+00-5.550720110e+00-5.817275700e+00-6.084821250e+00-6.353340150e+00
-6.622820320e+00-6.893252970e+00-7.164631380e+00-7.436949750e+00-7.710202090e+00
-7.984381420e+00-8.259479770e+00-8.535490710e+00-8.812419140e+00-9.090311800e+00
-9.369346390e+00-9.643530890e+00-9.906525660e+00-1.016130930e+01-1.041113260e+01
-1.065678520e+01-1.089800680e+01-1.113454220e+01-1.136612270e+01-1.159247230e+01
-1.181329030e+01-1.202823390e+01-1.223693350e+01-1.243901020e+01-1.263402800e+01
-1.282154600e+01-1.300108540e+01-1.317209060e+01-1.333397200e+01-1.348610800e+01
-1.362784690e+01-1.375850790e+01-1.387738330e+01-1.398374190e+01-1.407683280e+01
-1.415588950e+01-1.422013510e+01-1.426878820e+01-1.430107080e+01-1.431621660e+01
-1.431347870e+01-1.429213870e+01-1.425151540e+01-1.419097490e+01-1.410993970e+01
-1.400789660e+01-1.388440180e+01-1.373908540e+01-1.357165740e+01-1.338191250e+01
-1.316972600e+01-1.293505500e+01-1.267796800e+01-1.239851470e+01-1.209671690e+01
-1.177266180e+01-1.142649030e+01-1.105821970e+01-1.066761660e+01-1.025440520e+01
-9.818470250e+00-9.335812850e+00-8.814537480e+00-8.282742100e+00-7.740723760e+00
-7.188648880e+00-6.626640360e+00-6.054917640e+00-5.473779570e+00-4.883566460e+00
-4.284631560e+00-3.677324060e+00-3.061979910e+00-2.438917460e+00-1.808435660e+00
-1.170813600e+00-5.263108140e-01 1.248321360e-01 7.823928140e-01 1.446166060e+00
 2.115963110e+00 2.791610670e+00 3.472950120e+00 4.159836620e+00 4.852138370e+00
 5.549735820e+00 6.252520970e+00 6.960396640e+00 7.673275900e+00 8.391081340e+00
 9.113744600e+00 9.841205690e+00 1.057341250e+01 1.131032040e+01 1.205189160e+01
 1.279809450e+01 1.354890370e+01 1.430429920e+01 1.506426600e+01 1.582879390e+01
 1.659787660e+01 1.737151170e+01 1.814970010e+01-4.058640670e-01-5.861240040e-01
-7.757549170e-01-9.738021670e-01-1.179412340e+00-1.391823180e+00-1.610354640e+00
-1.834400800e+00-2.063422600e+00-2.296941330e+00-2.534532750e+00-2.775821690e+00
-3.020477280e+00-3.268208510e+00-3.518760290e+00-3.771909790e+00-4.027463140e+00
-4.285252460e+00-4.545133050e+00-4.806980920e+00-5.070690460e+00-5.336172300e+00
-5.603351360e+00-5.872165030e+00-6.142561450e+00-6.414497900e+00-6.687939300e+00
-6.962856660e+00-7.239225590e+00-7.517024650e+00-7.796233320e+00-8.076829100e+00
-8.358782450e+00-8.642046170e+00-8.926530810e+00-9.212043110e+00-9.499213190e+00
-9.778132950e+00-1.004708190e+01-1.031057170e+01-1.057055660e+01-1.082687530e+01
-1.107928470e+01-1.132753430e+01-1.157136570e+01-1.181050130e+01-1.204462210e+01
-1.227338190e+01-1.249642860e+01-1.271335370e+01-1.292374090e+01-1.312710560e+01
-1.332289910e+01-1.351053550e+01-1.368939190e+01-1.385880710e+01-1.401808270e+01
-1.416648420e+01-1.430324130e+01-1.442755130e+01-1.453858790e+01-1.463550210e+01
-1.471742460e+01-1.478347350e+01-1.483276420e+01-1.486441900e+01-1.487757940e+01
-1.487141730e+01-1.484514750e+01-1.479803980e+01-1.472942940e+01-1.463872640e+01
-1.452542250e+01-1.438909550e+01-1.422941350e+01-1.404615030e+01-1.383918700e+01
-1.360849800e+01-1.335415160e+01-1.307630350e+01-1.277520580e+01-1.245118370e+01
-1.210439840e+01-1.173509360e+01-1.134355790e+01-1.092982380e+01-1.049365450e+01
-1.003467210e+01-9.544169150e+00-8.995565250e+00-8.438234120e+00-7.871619290e+00
-7.295065540e+00-6.708722090e+00-6.112988940e+00-5.508322340e+00-4.895169620e+00
-4.273949870e+00-3.645049970e+00-3.008825590e+00-2.365603370e+00-1.715683210e+00
-1.059340350e+00-3.968273230e-01 2.716244060e-01 9.458029010e-01 1.625514370e+00
 2.310581880e+00 3.000844210e+00 3.696154720e+00 4.396380380e+00 5.101400810e+00
 5.811107380e+00 6.525402430e+00 7.244198440e+00 7.967417310e+00 8.694989680e+00
 9.426854240e+00 1.016295720e+01 1.090325140e+01 1.164769620e+01 1.239625650e+01
 1.314890250e+01 1.390560880e+01 1.466635450e+01 1.543112210e+01 1.619989710e+01
 1.697266770e+01 1.774942440e+01-6.471899690e-01-8.037032670e-01-9.717909490e-01
-1.150354610e+00-1.338404140e+00-1.535048170e+00-1.739485290e+00-1.950996050e+00
-2.168935550e+00-2.392726720e+00-2.621854130e+00-2.855858340e+00-3.094330730e+00
-3.336908790e+00-3.583271730e+00-3.833136580e+00-4.086254490e+00-4.342407470e+00
-4.601405300e+00-4.863082710e+00-5.127296870e+00-5.393924920e+00-5.662861850e+00
-5.934018470e+00-6.207319450e+00-6.482701650e+00-6.760112390e+00-7.039507980e+00
-7.320852160e+00-7.604114840e+00-7.889270920e+00-8.176299780e+00-8.465186290e+00
-8.755926580e+00-9.048546890e+00-9.343159240e+00-9.635290330e+00-9.918099340e+00
-1.019447400e+01-1.046751380e+01-1.073767810e+01-1.100473640e+01-1.126845080e+01
-1.152857770e+01-1.178486360e+01-1.203701870e+01-1.228472630e+01-1.252766360e+01
-1.276545750e+01-1.299772340e+01-1.322398780e+01-1.344372400e+01-1.365636480e+01
-1.386130030e+01-1.405787640e+01-1.424539400e+01-1.442310650e+01-1.459022830e+01
-1.474593360e+01-1.488935090e+01-1.501956560e+01-1.513562560e+01-1.523654660e+01
-1.532132150e+01-1.538893170e+01-1.543835990e+01-1.546860570e+01-1.547870170e+01
-1.546773060e+01-1.543484140e+01-1.537926460e+01-1.530032420e+01-1.519744700e+01
-1.507016920e+01-1.491814100e+01-1.474112880e+01-1.453901300e+01-1.431177820e+01
-1.405951510e+01-1.378244630e+01-1.348088660e+01-1.315523290e+01-1.280595910e+01
-1.243362110e+01-1.203852190e+01-1.162100690e+01-1.118138990e+01-1.071940970e+01
-1.023452030e+01-9.725029790e+00-9.154188180e+00-8.575164430e+00-7.983408010e+00
-7.380926730e+00-6.768898780e+00-6.148121990e+00-5.519204230e+00-4.882647020e+00
-4.238883960e+00-3.588299580e+00-2.931239430e+00-2.268016170e+00-1.598913600e+00
-9.241897220e-01-2.440791870e-01 4.412046100e-01 1.131467740e+00 1.826534130e+00
 2.526244120e+00 3.230453140e+00 3.939030540e+00 4.651858470e+00 5.368830860e+00
 6.089852470e+00 6.814838020e+00 7.543711310e+00 8.276404510e+00 9.012857330e+00
 9.753016380e+00 1.049683450e+01 1.124427000e+01 1.199528620e+01 1.274985090e+01
 1.350793530e+01 1.426951420e+01 1.503456470e+01 1.580306610e+01 1.657499900e+01
 1.735034530e+01-8.544560030e-01-9.920182230e-01-1.142853150e+00-1.305766770e+00
-1.479676040e+00-1.663600210e+00-1.856652620e+00-2.058033010e+00-2.267020360e+00
-2.482966180e+00-2.705288340e+00-2.933465310e+00-3.167030890e+00-3.405569310e+00
-3.648710720e+00-3.896127060e+00-4.147528250e+00-4.402658640e+00-4.661293820e+00
-4.923237650e+00-5.188319480e+00-5.456391650e+00-5.727327150e+00-6.001017480e+00
-6.277370630e+00-6.556309250e+00-6.837768930e+00-7.121696620e+00-7.408049180e+00
-7.696791950e+00-7.987897350e+00-8.281343080e+00-8.577109000e+00-8.875169980e+00
-9.175477490e+00-9.477911130e+00-9.774574780e+00-1.006309160e+01-1.034788480e+01
-1.063061490e+01-1.091103740e+01-1.118893050e+01-1.146406780e+01-1.173622120e+01
-1.200513400e+01-1.227052360e+01-1.253210360e+01-1.278953950e+01-1.304248600e+01
-1.329050100e+01-1.353309270e+01-1.376972700e+01-1.399982420e+01-1.422275610e+01
-1.443784260e+01-1.464435840e+01-1.484153080e+01-1.502852790e+01-1.520445750e+01
-1.536836630e+01-1.551924060e+01-1.565601000e+01-1.577755200e+01-1.588270350e+01
-1.597027540e+01-1.603907050e+01-1.608790200e+01-1.611561800e+01-1.612112680e+01
-1.610342140e+01-1.606160100e+01-1.599488760e+01-1.590263690e+01-1.578434360e+01
-1.563964580e+01-1.546832680e+01-1.527030930e+01-1.504564570e+01-1.479450640e+01
-1.451717120e+01-1.421400950e+01-1.388549550e+01-1.353221800e+01-1.315482490e+01
-1.275401880e+01-1.233052400e+01-1.188477540e+01-1.141720670e+01-1.092808010e+01
-1.041715700e+01-9.884457450e+00-9.308620620e+00-8.694528360e+00-8.071688210e+00
-7.440486360e+00-6.801395890e+00-6.154892050e+00-5.501423450e+00-4.841403530e+00
-4.175209510e+00-3.503183950e+00-2.825637290e+00-2.142850580e+00-1.455078110e+00
-7.625499650e-01-6.547416130e-02 6.359612880e-01 1.341586610e+00 2.051248640e+00
 2.764809420e+00 3.482144810e+00 4.203143350e+00 4.927705090e+00 5.655740540e+00
 6.387169770e+00 7.121921430e+00 7.859931940e+00 8.601144660e+00 9.345509130e+00
 1.009298040e+01 1.084351810e+01 1.159708630e+01 1.235365210e+01 1.311318580e+01
 1.387565960e+01 1.464104740e+01 1.540932420e+01 1.618046530e+01 1.695444560e+01
-1.020135920e+00-1.144019070e+00-1.282351270e+00-1.433887590e+00-1.597493720e+00
-1.772138150e+00-1.956884640e+00-2.150884980e+00-2.353372190e+00-2.563654050e+00
-2.781107050e+00-3.005170750e+00-3.235342530e+00-3.471172710e+00-3.712260010e+00
-3.958247390e+00-4.208818190e+00-4.463692550e+00-4.722624110e+00-4.985397000e+00
-5.251823010e+00-5.521739020e+00-5.795004600e+00-6.071499810e+00-6.351123160e+00
-6.633789710e+00-6.919429380e+00-7.207985380e+00-7.499412880e+00-7.793677920e+00
-8.090756890e+00-8.390636790e+00-8.693317110e+00-8.998814500e+00-9.307171700e+00
-9.615417090e+00-9.916171830e+00-1.021200360e+01-1.050597890e+01-1.079842740e+01
-1.108914730e+01-1.137793260e+01-1.166457750e+01-1.194886110e+01-1.223053580e+01
-1.250935390e+01-1.278502770e+01-1.305725920e+01-1.332565340e+01-1.358976530e+01
-1.384910800e+01-1.410314890e+01-1.435130540e+01-1.459294390e+01-1.482738930e+01
-1.505390600e+01-1.527169120e+01-1.547986950e+01-1.567748790e+01-1.586351100e+01
-1.603681980e+01-1.619621270e+01-1.634039810e+01-1.646801140e+01-1.657763930e+01
-1.666784270e+01-1.673718580e+01-1.678427040e+01-1.680777210e+01-1.680647590e+01
-1.677930670e+01-1.672535330e+01-1.664388520e+01-1.653436040e+01-1.639642800e+01
-1.622992400e+01-1.603486460e+01-1.581142230e+01-1.555988600e+01-1.528066950e+01
-1.497428970e+01-1.464134220e+01-1.428248800e+01-1.389845220e+01-1.349008200e+01
-1.305826300e+01-1.260393300e+01-1.212785780e+01-1.163060000e+01-1.111274200e+01
-1.057419110e+01-1.001455080e+01-9.421070980e+00-8.776433530e+00-8.124330230e+00
-7.465203360e+00-6.799494800e+00-6.127628720e+00-5.450001170e+00-4.766975510e+00
-4.078881640e+00-3.386017480e+00-2.688651330e+00-1.987024580e+00-1.281354310e+00
-5.718357300e-01 1.413557790e-01 8.580627470e-01 1.578143970e+00 2.301472980e+00
 3.027936740e+00 3.757434300e+00 4.489875680e+00 5.225180800e+00 5.963278400e+00
 6.704105130e+00 7.447604630e+00 8.193726690e+00 8.942426460e+00 9.693663640e+00
 1.044740180e+01 1.120360770e+01 1.196225040e+01 1.272330110e+01 1.348673190e+01
 1.425251550e+01 1.502062470e+01 1.579103140e+01 1.656370630e+01-1.139037780e+00
-1.254782720e+00-1.385629140e+00-1.530322270e+00-1.687715560e+00-1.856763530e+00
-2.036514800e+00-2.226105340e+00-2.424751980e+00-2.631746300e+00-2.846448810e+00
-3.068283520e+00-3.296732850e+00-3.531332870e+00-3.771668950e+00-4.017371570e+00
-4.268112630e+00-4.523601850e+00-4.783583620e+00-5.047833910e+00-5.316157560e+00
-5.588385690e+00-5.864373370e+00-6.143997350e+00-6.427154120e+00-6.713757960e+00
-7.003739180e+00-7.297042510e+00-7.593625590e+00-7.893457600e+00-8.196518310e+00
-8.502798040e+00-8.812300430e+00-9.125053500e+00-9.441145030e+00-9.754050330e+00
-1.006024250e+01-1.036410270e+01-1.066723280e+01-1.096940060e+01-1.127042320e+01
-1.157011750e+01-1.186829950e+01-1.216476110e+01-1.245928470e+01-1.275163970e+01
-1.304158240e+01-1.332877770e+01-1.361283650e+01-1.389333130e+01-1.416979080e+01
-1.444169640e+01-1.470848620e+01-1.496955620e+01-1.522424070e+01-1.547180430e+01
-1.571143370e+01-1.594222810e+01-1.616319120e+01-1.637321000e+01-1.657104130e+01
-1.675532240e+01-1.692456890e+01-1.707718050e+01-1.721146000e+01-1.732564760e+01
-1.741796460e+01-1.748666500e+01-1.753009770e+01-1.754676260e+01-1.753535550e+01
-1.749480240e+01-1.742428100e+01-1.732322810e+01-1.719133080e+01-1.702850600e+01
-1.683487820e+01-1.661077780e+01-1.635672650e+01-1.607339200e+01-1.576153060e+01
-1.542190490e+01-1.505533460e+01-1.466268540e+01-1.424485700e+01-1.380279620e+01
-1.333756140e+01-1.285022120e+01-1.234188390e+01-1.181319280e+01-1.126472610e+01
-1.069651530e+01-1.010802330e+01-9.491552710e+00-8.816951320e+00-8.136204120e+00
-7.449779010e+00-6.758111150e+00-6.061594020e+00-5.360578720e+00-4.655376740e+00
-3.946264280e+00-3.233486790e+00-2.517262980e+00-1.797788150e+00-1.075236780e+00
-3.497646790e-01 3.784891970e-01 1.109401170e+00 1.842861400e+00 2.578772550e+00
 3.317048570e+00 4.057613470e+00 4.800400280e+00 5.545349940e+00 6.292410380e+00
 7.041535560e+00 7.792684600e+00 8.545821000e+00 9.300911770e+00 1.005792680e+01
 1.081683800e+01 1.157761890e+01 1.234024350e+01 1.310468620e+01 1.387092080e+01
 1.463891970e+01 1.540865400e+01 1.618009200e+01-1.208313370e+00-1.321538670e+00
-1.450002320e+00-1.592477950e+00-1.747843510e+00-1.915074510e+00-2.093237410e+00
-2.281483270e+00-2.479041590e+00-2.685214530e+00-2.899371440e+00-3.120943690e+00
-3.349419860e+00-3.584341250e+00-3.825297660e+00-4.071923530e+00-4.323894330e+00
-4.580923180e+00-4.842757790e+00-5.109177590e+00-5.379991070e+00-5.655033340e+00
-5.934163870e+00-6.217264380e+00-6.504236880e+00-6.795001820e+00-7.089496380e+00
-7.387672700e+00-7.689496090e+00-7.994942770e+00-8.303996430e+00-8.616641590e+00
-8.932848560e+00-9.252535940e+00-9.575212710e+00-9.892271860e+00-1.020542190e+01
-1.051791630e+01-1.083015030e+01-1.114197510e+01-1.145323630e+01-1.176378270e+01
-1.207344940e+01-1.238205800e+01-1.268942520e+01-1.299536160e+01-1.329960530e+01
-1.360182970e+01-1.390167410e+01-1.419873930e+01-1.449258380e+01-1.478273260e+01
-1.506867290e+01-1.534983600e+01-1.562558880e+01-1.589522420e+01-1.615794980e+01
-1.641286290e+01-1.665892200e+01-1.689495040e+01-1.711961840e+01-1.733142640e+01
-1.752868960e+01-1.770951800e+01-1.787183020e+01-1.801341990e+01-1.813201220e+01
-1.822533320e+01-1.829124800e+01-1.832785470e+01-1.833354000e+01-1.830702950e+01
-1.824741930e+01-1.815418020e+01-1.802713120e+01-1.786635960e+01-1.767211090e+01
-1.744492680e+01-1.718570430e+01-1.689548300e+01-1.657527400e+01-1.622611190e+01
-1.584908160e+01-1.544522420e+01-1.501556260e+01-1.456114180e+01-1.408301550e+01
-1.358231450e+01-1.306023450e+01-1.251796780e+01-1.195634010e+01-1.137591070e+01
-1.077685110e+01-1.015850110e+01-9.514788880e+00-8.810771950e+00-8.102105030e+00
-7.389264350e+00-6.672641950e+00-5.952566080e+00-5.229313790e+00-4.503122980e+00
-3.774201560e+00-3.042733560e+00-2.308882780e+00-1.572795060e+00-8.345999540e-01
-9.441201170e-02 6.476679460e-01 1.391551620e+00 2.137162000e+00 2.884432210e+00
 3.633304310e+00 4.383728230e+00 5.135660690e+00 5.889064240e+00 6.643906290e+00
 7.400158250e+00 8.157794730e+00 8.916792730e+00 9.677130910e+00 1.043878890e+01
 1.120174660e+01 1.196598360e+01 1.273147840e+01 1.349820800e+01 1.426614710e+01
 1.503526750e+01 1.580553770e+01-1.227423450e+00-1.343646550e+00-1.474745480e+00
-1.619558970e+00-1.777024640e+00-1.946172390e+00-2.126118010e+00-2.316057130e+00
-2.515259450e+00-2.723063300e+00-2.938870590e+00-3.162141980e+00-3.392392440e+00
-3.629187110e+00-3.872137410e+00-4.120897470e+00-4.375160790e+00-4.634657160e+00
-4.899149820e+00-5.168432780e+00-5.442328470e+00-5.720685380e+00-6.003376070e+00
-6.290295170e+00-6.581357660e+00-6.876497170e+00-7.175664480e+00-7.478826180e+00
-7.785963570e+00-8.097072200e+00-8.412162830e+00-8.731266180e+00-9.054447380e+00
-9.381845780e+00-9.709035530e+00-1.003079790e+01-1.035119520e+01-1.067207460e+01
-1.099324410e+01-1.131456850e+01-1.163591740e+01-1.195716260e+01-1.227816520e+01
-1.259879970e+01-1.291891120e+01-1.323832070e+01-1.355676710e+01-1.387395970e+01
-1.418957620e+01-1.450325840e+01-1.481462390e+01-1.512326270e+01-1.542871960e+01
-1.573048690e+01-1.602799590e+01-1.632060320e+01-1.660754770e+01-1.688794960e+01
-1.716079720e+01-1.742492200e+01-1.767896790e+01-1.792135310e+01-1.815026840e+01
-1.836348880e+01-1.855829500e+01-1.873159060e+01-1.888018940e+01-1.900118310e+01
-1.909202180e+01-1.915043950e+01-1.917450650e+01-1.916277620e+01-1.911435860e+01
-1.902885400e+01-1.890609620e+01-1.874588620e+01-1.854826610e+01-1.831430020e+01
-1.804604920e+01-1.774550310e+01-1.741372290e+01-1.705187670e+01-1.666127510e+01
-1.624318320e+01-1.579887390e+01-1.532952060e+01-1.483625100e+01-1.432019500e+01
-1.378248580e+01-1.322438240e+01-1.264711810e+01-1.205170510e+01-1.143861580e+01
-1.080802900e+01-1.015907290e+01-9.484813430e+00-8.752265580e+00-8.016914100e+00
-7.279077500e+00-6.539015800e+00-5.796928970e+00-5.052983780e+00-4.307329030e+00
-3.560100730e+00-2.811422730e+00-2.061406250e+00-1.310149550e+00-5.577381340e-01
 1.957545910e-01 9.502663290e-01 1.705744780e+00 2.462146440e+00 3.219435440e+00
 3.977582410e+00 4.736563420e+00 5.496358940e+00 6.256952980e+00 7.018332160e+00
 7.780484960e+00 8.543400920e+00 9.307069960e+00 1.007148170e+01 1.083662480e+01
 1.160248640e+01 1.236905140e+01 1.313630200e+01 1.390421710e+01 1.467277170e+01
 1.544193630e+01-1.198069440e+00-1.322534000e+00-1.461036780e+00-1.612517760e+00
-1.776008340e+00-1.950624750e+00-2.135562010e+00-2.330088130e+00-2.533538810e+00
-2.745312520e+00-2.964865820e+00-3.191709070e+00-3.425402480e+00-3.665552350e+00
-3.911807650e+00-4.163856860e+00-4.421424950e+00-4.684270720e+00-4.952184250e+00
-5.224984560e+00-5.502517500e+00-5.784653700e+00-6.071286810e+00-6.362331800e+00
-6.657723350e+00-6.957414450e+00-7.261375000e+00-7.569590470e+00-7.882060510e+00
-8.198797250e+00-8.519822860e+00-8.845165190e+00-9.174848800e+00-9.508874980e+00
-9.840023450e+00-1.016783460e+01-1.049598670e+01-1.082506990e+01-1.115496630e+01
-1.148556430e+01-1.181676470e+01-1.214846620e+01-1.248056840e+01-1.281297690e+01
-1.314558730e+01-1.347820540e+01-1.381060860e+01-1.414254910e+01-1.447375160e+01
-1.480392260e+01-1.513275550e+01-1.545991140e+01-1.578501450e+01-1.610764580e+01
-1.642732630e+01-1.674347630e+01-1.705542570e+01-1.736240060e+01-1.766349910e+01
-1.795765980e+01-1.824362140e+01-1.851961670e+01-1.878345670e+01-1.903280130e+01
-1.926445130e+01-1.947216030e+01-1.964786380e+01-1.978655170e+01-1.988840310e+01
-1.995623530e+01-1.999250910e+01-1.999799270e+01-1.997141830e+01-1.990932490e+01
-1.980617850e+01-1.965592460e+01-1.945632360e+01-1.921267480e+01-1.893293630e+01
-1.861977420e+01-1.827306510e+01-1.789495280e+01-1.748761530e+01-1.705230230e+01
-1.659043500e+01-1.610337930e+01-1.559247390e+01-1.505888290e+01-1.450375650e+01
-1.392823490e+01-1.333356600e+01-1.272100610e+01-1.209164360e+01-1.144583220e+01
-1.078359430e+01-1.010373180e+01-9.394976080e+00-8.636065120e+00-7.876173900e+00
-7.115498350e+00-6.354067280e+00-5.591922840e+00-4.829136470e+00-4.065793570e+00
-3.301979500e+00-2.537771620e+00-1.773235870e+00-1.008426110e+00-2.433847320e-01
 5.218561330e-01 1.287273180e+00 2.052850550e+00 2.818578490e+00 3.584452150e+00
 4.350470480e+00 5.116635190e+00 5.882949900e+00 6.649419290e+00 7.416048310e+00
 8.182841510e+00 8.949802380e+00 9.716932730e+00 1.048423210e+01 1.125169710e+01
 1.201932110e+01 1.278709360e+01 1.355499940e+01 1.432301850e+01 1.509112560e+01
-1.124089650e+00-1.261594490e+00-1.411859860e+00-1.573962620e+00-1.747060740e+00
-1.930387040e+00-2.123243540e+00-2.324996260e+00-2.535070520e+00-2.752946600e+00
-2.978155710e+00-3.210276300e+00-3.448930690e+00-3.693781890e+00-3.944530690e+00
-4.200912970e+00-4.462697240e+00-4.729682300e+00-5.001695190e+00-5.278589160e+00
-5.560241960e+00-5.846554140e+00-6.137447580e+00-6.432864070e+00-6.732764100e+00
-7.037125640e+00-7.345943150e+00-7.659226530e+00-7.977000160e+00-8.299301710e+00
-8.626180170e+00-8.957691630e+00-9.293888580e+00-9.633229860e+00-9.968507370e+00
-1.030275930e+01-1.063842780e+01-1.097546790e+01-1.131380260e+01-1.165335800e+01
-1.199406770e+01-1.233586820e+01-1.267870610e+01-1.302252770e+01-1.336722410e+01
-1.371263470e+01-1.405858060e+01-1.440486250e+01-1.475126600e+01-1.509757800e+01
-1.544356660e+01-1.578897790e+01-1.613353280e+01-1.647691160e+01-1.681871650e+01
-1.715849100e+01-1.749571290e+01-1.782978170e+01-1.815999760e+01-1.848536700e+01
-1.880445200e+01-1.911526900e+01-1.941162050e+01-1.967838260e+01-1.990175180e+01
-2.008223680e+01-2.022926860e+01-2.035070770e+01-2.044909480e+01-2.052367830e+01
-2.057276780e+01-2.059455200e+01-2.058713360e+01-2.054852470e+01-2.047690590e+01
-2.037102880e+01-2.022951430e+01-2.004657420e+01-1.980798340e+01-1.950303630e+01
-1.914335940e+01-1.874801290e+01-1.832153720e+01-1.786604550e+01-1.738402460e+01
-1.687682600e+01-1.634587880e+01-1.579257330e+01-1.521814990e+01-1.462373920e+01
-1.401046610e+01-1.337954560e+01-1.273224070e+01-1.206962660e+01-1.139195010e+01
-1.069900200e+01-9.989315130e+00-9.240979140e+00-8.458452310e+00-7.677161690e+00
-6.896338430e+00-6.115845470e+00-5.335730340e+00-4.556076500e+00-3.776958320e+00
-2.998430730e+00-2.220529570e+00-1.443274590e+00-6.666727000e-01 1.092791590e-01
 8.845917200e-01 1.659281470e+00 2.433369090e+00 3.206878150e+00 3.979833960e+00
 4.752262690e+00 5.524190420e+00 6.295642500e+00 7.066642790e+00 7.837213080e+00
 8.607372520e+00 9.377137060e+00 1.014651900e+01 1.091552630e+01 1.168416260e+01
 1.245242600e+01 1.322030940e+01 1.398779950e+01 1.475487660e+01-1.011307500e+00
-1.166037000e+00-1.331858550e+00-1.508019750e+00-1.693835570e+00-1.888682830e+00
-2.091995400e+00-2.303259920e+00-2.522011910e+00-2.747832270e+00-2.980344070e+00
-3.219209620e+00-3.464127790e+00-3.714831540e+00-3.971085620e+00-4.232684470e+00
-4.499450300e+00-4.771231290e+00-5.047899930e+00-5.329351580e+00-5.615503000e+00
-5.906291160e+00-6.201672110e+00-6.501619880e+00-6.806125650e+00-7.115196910e+00
-7.428856830e+00-7.747143830e+00-8.070111720e+00-8.397830920e+00-8.730392310e+00
-9.067917160e+00-9.410580400e+00-9.753869110e+00-1.009381740e+01-1.043461830e+01
-1.077736660e+01-1.112195540e+01-1.146831600e+01-1.181639910e+01-1.216616700e+01
-1.251759630e+01-1.287067310e+01-1.322537320e+01-1.358159300e+01-1.393921460e+01
-1.429810540e+01-1.465811850e+01-1.501911710e+01-1.538095900e+01-1.574349190e+01
-1.610655280e+01-1.646995810e+01-1.683346430e+01-1.719679270e+01-1.755963170e+01
-1.792163320e+01-1.828239080e+01-1.864112960e+01-1.899665350e+01-1.934435980e+01
-1.966629140e+01-1.994028520e+01-2.016644260e+01-2.036085110e+01-2.053409590e+01
-2.068762050e+01-2.082040490e+01-2.093137200e+01-2.101933170e+01-2.108289460e+01
-2.112047370e+01-2.113032960e+01-2.111062230e+01-2.105945740e+01-2.097486560e+01
-2.085457740e+01-2.069567720e+01-2.049523290e+01-2.025189250e+01-1.995706130e+01
-1.958751530e+01-1.915007380e+01-1.867515690e+01-1.817128350e+01-1.764193270e+01
-1.708911430e+01-1.651429210e+01-1.591887710e+01-1.530415870e+01-1.467122950e+01
-1.402118450e+01-1.335522180e+01-1.267461570e+01-1.198036530e+01-1.127267930e+01
-1.055110030e+01-9.814098570e+00-9.018420360e+00-8.219314850e+00-7.419700640e+00
-6.620818720e+00-5.823209970e+00-5.027111900e+00-4.232623460e+00-3.439775600e+00
-2.648563160e+00-1.858960240e+00-1.070928260e+00-2.844207180e-01 5.006138580e-01
 1.284229800e+00 2.066482780e+00 2.847428640e+00 3.627122420e+00 4.405617570e+00
 5.182965230e+00 5.959213690e+00 6.734407800e+00 7.508588480e+00 8.281792310e+00
 9.054051070e+00 9.825391320e+00 1.059583410e+01 1.136539430e+01 1.213408090e+01
 1.290189560e+01 1.366883350e+01 1.443488190e+01-8.673140590e-01-1.042675810e+00
-1.227137020e+00-1.420145660e+00-1.621199620e+00-1.829842740e+00-2.045661290e+00
-2.268280960e+00-2.497364130e+00-2.732607430e+00-2.973739560e+00-3.220519250e+00
-3.472733390e+00-3.730195390e+00-3.992743580e+00-4.260239780e+00-4.532567940e+00
-4.809632980e+00-5.091359620e+00-5.377691380e+00-5.668589650e+00-5.964032850e+00
-6.264015720e+00-6.568548600e+00-6.877656930e+00-7.191380670e+00-7.509773750e+00
-7.832903430e+00-8.160849290e+00-8.493701820e+00-8.831560480e+00-9.174532670e+00
-9.522738250e+00-9.869378690e+00-1.021472500e+01-1.056197610e+01-1.091147850e+01
-1.126319650e+01-1.161710270e+01-1.197318650e+01-1.233145020e+01-1.269191500e+01
-1.305460680e+01-1.341949800e+01-1.378652160e+01-1.415560060e+01-1.452664710e+01
-1.489957910e+01-1.527432460e+01-1.565080940e+01-1.602895780e+01-1.640869020e+01
-1.678988150e+01-1.717238060e+01-1.755602190e+01-1.794062660e+01-1.832597890e+01
-1.871148750e+01-1.909588630e+01-1.947048760e+01-1.980769590e+01-2.008876820e+01
-2.032827670e+01-2.054548550e+01-2.074525940e+01-2.092713920e+01-2.109026730e+01
-2.123372860e+01-2.135649290e+01-2.145743810e+01-2.153528220e+01-2.158821120e+01
-2.161414930e+01-2.161100360e+01-2.157679790e+01-2.150974110e+01-2.140811910e+01
-2.126972420e+01-2.109166450e+01-2.087110850e+01-2.060478370e+01-2.028982290e+01
-1.991762880e+01-1.946016970e+01-1.894006170e+01-1.838900400e+01-1.781306810e+01
-1.721559680e+01-1.659807950e+01-1.596193530e+01-1.530845870e+01-1.463869700e+01
-1.395370830e+01-1.325469280e+01-1.254292310e+01-1.181917860e+01-1.108362030e+01
-1.033528720e+01-9.571863070e+00-8.744917160e+00-7.922339450e+00-7.103338050e+00
-6.287561940e+00-5.474827570e+00-4.665011500e+00-3.858009440e+00-3.053721440e+00
-2.252047560e+00-1.452887280e+00-6.561401570e-01 1.382931980e-01 9.305102490e-01
 1.720605740e+00 2.508671040e+00 3.294793580e+00 4.079056410e+00 4.861537700e+00
 5.642310440e+00 6.421442040e+00 7.198994020e+00 7.975021700e+00 8.749573950e+00
 9.522692870e+00 1.029441350e+01 1.106476370e+01 1.183376350e+01 1.260142550e+01
 1.336775380e+01 1.413274430e+01-7.011690430e-01-8.996509480e-01-1.105000450e+00
-1.316887900e+00-1.535013140e+00-1.759103600e+00-1.988912650e+00-2.224218110e+00
-2.464820990e+00-2.710544310e+00-2.961232050e+00-3.216748140e+00-3.476975590e+00
-3.741815620e+00-4.011186880e+00-4.285024760e+00-4.563280630e+00-4.845921320e+00
-5.132928460e+00-5.424298020e+00-5.720039850e+00-6.020177240e+00-6.324746670e+00
-6.633797530e+00-6.947392000e+00-7.265605000e+00-7.588524120e+00-7.916249260e+00
-8.248891240e+00-8.586567420e+00-8.929389840e+00-9.277436500e+00-9.630233410e+00
-9.980401870e+00-1.033093200e+01-1.068406980e+01-1.103977270e+01-1.139804330e+01
-1.175888920e+01-1.212233400e+01-1.248841620e+01-1.285719500e+01-1.322872470e+01
-1.360298370e+01-1.397994140e+01-1.435955940e+01-1.474179530e+01-1.512662810e+01
-1.551404020e+01-1.590401710e+01-1.629654960e+01-1.669160150e+01-1.708910440e+01
-1.748898200e+01-1.789115130e+01-1.829551210e+01-1.870162850e+01-1.910832130e+01
-1.950535120e+01-1.985985700e+01-2.015471950e+01-2.041208500e+01-2.065100330e+01
-2.087427080e+01-2.108134290e+01-2.127163370e+01-2.144465200e+01-2.160003580e+01
-2.173653450e+01-2.185229310e+01-2.194544490e+01-2.201398540e+01-2.205577930e+01
-2.206860960e+01-2.205023820e+01-2.199846320e+01-2.191115920e+01-2.178632540e+01
-2.162228520e+01-2.141812090e+01-2.117185330e+01-2.087905220e+01-2.053575070e+01
-2.013822720e+01-1.966341320e+01-1.910385020e+01-1.850723300e+01-1.788672240e+01
-1.724668920e+01-1.658869450e+01-1.591416390e+01-1.522434690e+01-1.452023360e+01
-1.380283060e+01-1.307333410e+01-1.233293500e+01-1.158199750e+01-1.082017080e+01
-1.004522420e+01-9.236506120e+00-8.393920720e+00-7.556213680e+00-6.723096070e+00
-5.894337050e+00-5.069734090e+00-4.249098850e+00-3.432251930e+00-2.619021430e+00
-1.809242640e+00-1.002758000e+00-1.994171760e-01 6.009230000e-01 1.398398460e+00
 2.193137900e+00 2.985262670e+00 3.774886680e+00 4.562116340e+00 5.347050340e+00
 6.129779620e+00 6.910387150e+00 7.688947840e+00 8.465528430e+00 9.240187280e+00
 1.001297430e+01 1.078393070e+01 1.155308910e+01 1.232047290e+01 1.308609660e+01
 1.384996520e+01-5.230160320e-01-7.460787910e-01-9.736379700e-01-1.205597600e+00
-1.441869230e+00-1.682372360e+00-1.927034950e+00-2.175793670e+00-2.428594240e+00
-2.685391600e+00-2.946150060e+00-3.210843450e+00-3.479455160e+00-3.751978220e+00
-4.028415270e+00-4.308778620e+00-4.593090190e+00-4.881381530e+00-5.173693780e+00
-5.470077650e+00-5.770593440e+00-6.075311060e+00-6.384310060e+00-6.697679880e+00
-7.015520130e+00-7.337941370e+00-7.665066480e+00-7.997033250e+00-8.333999190e+00
-8.676149220e+00-9.023706600e+00-9.376940480e+00-9.732716260e+00-1.008629390e+01
-1.044169670e+01-1.080003760e+01-1.116127870e+01-1.152542140e+01-1.189249200e+01
-1.226254100e+01-1.263565670e+01-1.301191890e+01-1.339138230e+01-1.377405450e+01
-1.415993640e+01-1.454902300e+01-1.494132120e+01-1.533685400e+01-1.573564850e+01
-1.613773860e+01-1.654315400e+01-1.695188050e+01-1.736389200e+01-1.777915470e+01
-1.819762470e+01-1.861902950e+01-1.904250650e+01-1.946013320e+01-1.983800150e+01
-2.015271050e+01-2.042817640e+01-2.068637810e+01-2.093032260e+01-2.115962130e+01
-2.137400080e+01-2.157348590e+01-2.175767350e+01-2.192508350e+01-2.207412200e+01
-2.220302150e+01-2.230986890e+01-2.239261250e+01-2.244907410e+01-2.247694610e+01
-2.247381970e+01-2.243723160e+01-2.236473740e+01-2.225402450e+01-2.210304910e+01
-2.191020970e+01-2.167435860e+01-2.139504700e+01-2.107011910e+01-2.069371740e+01
-2.026088510e+01-1.975651620e+01-1.915719680e+01-1.851709470e+01-1.785483550e+01
-1.717522970e+01-1.647984970e+01-1.577009940e+01-1.504711350e+01-1.431182250e+01
-1.356521080e+01-1.280851790e+01-1.204288800e+01-1.126841570e+01-1.048465850e+01
-9.690519560e+00-8.829497150e+00-7.974316500e+00-7.124879560e+00-6.281012350e+00
-5.442482810e+00-4.609036940e+00-3.780421410e+00-2.956393610e+00-2.136724940e+00
-1.321200960e+00-5.096206030e-01 2.982047890e-01 1.102452260e+00 1.903287820e+00
 2.700866830e+00 3.495334290e+00 4.286824970e+00 5.075463550e+00 5.861364690e+00
 6.644633070e+00 7.425363450e+00 8.203640670e+00 8.979539660e+00 9.753125440e+00
 1.052445310e+01 1.129356780e+01 1.206050460e+01 1.282528850e+01 1.358793440e+01
-3.436250580e-01-5.916452100e-01-8.417594800e-01-1.094104400e+00-1.348802260e+00
-1.605964050e+00-1.865691870e+00-2.128081070e+00-2.393222030e+00-2.661201720e+00
-2.932105040e+00-3.206016030e+00-3.483018890e+00-3.763198870e+00-4.046643110e+00
-4.333441340e+00-4.623686520e+00-4.917475390e+00-5.214909030e+00-5.516093280e+00
-5.821139160e+00-6.130163210e+00-6.443287840e+00-6.760641540e+00-7.082359220e+00
-7.408582580e+00-7.739461110e+00-8.075154760e+00-8.415841460e+00-8.761737440e+00
-9.113152200e+00-9.470634520e+00-9.828763960e+00-1.018604740e+01-1.054594700e+01
-1.090894420e+01-1.127506300e+01-1.164434310e+01-1.201684850e+01-1.239266950e+01
-1.277191250e+01-1.315470200e+01-1.354108790e+01-1.393110430e+01-1.432477990e+01
-1.472213980e+01-1.512323260e+01-1.552811390e+01-1.593684480e+01-1.634949280e+01
-1.676609220e+01-1.718664590e+01-1.761114380e+01-1.803956060e+01-1.847177940e+01
-1.890720310e+01-1.934198940e+01-1.974831120e+01-2.009004600e+01-2.038395400e+01
-2.065911080e+01-2.092109750e+01-2.116972270e+01-2.140489550e+01-2.162696130e+01
-2.183547140e+01-2.202911120e+01-2.220642720e+01-2.236581840e+01-2.250552480e+01
-2.262361510e+01-2.271805760e+01-2.278684040e+01-2.282778920e+01-2.283854430e+01
-2.281656330e+01-2.275914380e+01-2.266346790e+01-2.252668930e+01-2.234645400e+01
-2.212135790e+01-2.185061840e+01-2.153407750e+01-2.117191540e+01-2.075745900e+01
-2.028461190e+01-1.973781930e+01-1.909324950e+01-1.841227210e+01-1.771192220e+01
-1.699655420e+01-1.626765080e+01-1.552653140e+01-1.477413640e+01-1.401132340e+01
-1.323911010e+01-1.245863300e+01-1.167023920e+01-1.087336130e+01-1.006519610e+01
-9.225325470e+00-8.353269210e+00-7.488367300e+00-6.630439640e+00-5.779098520e+00
-4.933946280e+00-4.094620850e+00-3.260798210e+00-2.432185620e+00-1.608515010e+00
-7.895382970e-01 2.497553650e-02 8.352422830e-01 1.641463570e+00 2.443827580e+00
 3.242509440e+00 4.037671660e+00 4.829464320e+00 5.618025370e+00 6.403480790e+00
 7.185944840e+00 7.965520180e+00 8.742298080e+00 9.516358490e+00 1.028777020e+01
 1.105659100e+01 1.182286750e+01 1.258663540e+01 1.334791960e+01-1.738950610e-01
-4.461677810e-01-7.182082630e-01-9.903719120e-01-1.262980390e+00-1.536326470e+00
-1.810678250e+00-2.086282720e+00-2.363368900e+00-2.642150590e+00-2.922828770e+00
-3.205593780e+00-3.490627170e+00-3.778103440e+00-4.068191580e+00-4.361056420e+00
-4.656859860e+00-4.955762070e+00-5.257922420e+00-5.563500460e+00-5.872656710e+00
-6.185553330e+00-6.502354640e+00-6.823227350e+00-7.148340220e+00-7.477862810e+00
-7.811962080e+00-8.150794680e+00-8.494489260e+00-8.843106000e+00-9.196541510e+00
-9.558459070e+00-9.918910000e+00-1.027962270e+01-1.064333200e+01-1.101023020e+01
-1.138041640e+01-1.175397980e+01-1.213102360e+01-1.251166910e+01-1.289605850e+01
-1.328432240e+01-1.367652300e+01-1.407271670e+01-1.447295380e+01-1.487729020e+01
-1.528580190e+01-1.569856870e+01-1.611567490e+01-1.653720030e+01-1.696317290e+01
-1.739359830e+01-1.782846070e+01-1.826771200e+01-1.871099190e+01-1.915700340e+01
-1.959085790e+01-1.996892220e+01-2.028531370e+01-2.057570720e+01-2.085335640e+01
-2.111865080e+01-2.137152400e+01-2.161239780e+01-2.184117090e+01-2.205664810e+01
-2.225750530e+01-2.244227350e+01-2.260932090e+01-2.275684670e+01-2.288316980e+01
-2.298653500e+01-2.306508690e+01-2.311678150e+01-2.313933090e+01-2.313017810e+01
-2.308649860e+01-2.300525970e+01-2.288333110e+01-2.271765080e+01-2.250539180e+01
-2.224484330e+01-2.193601900e+01-2.157960710e+01-2.117654250e+01-2.071967770e+01
-2.020198110e+01-1.959909970e+01-1.890719240e+01-1.818902320e+01-1.745523120e+01
-1.670869520e+01-1.595079410e+01-1.518266260e+01-1.440506720e+01-1.361882370e+01
-1.282503870e+01-1.202473300e+01-1.121773060e+01-1.040307140e+01-9.578914590e+00
-8.687823550e+00-7.808366270e+00-6.937996270e+00-6.075483980e+00-5.220130780e+00
-4.371458510e+00-3.529086070e+00-2.692680260e+00-1.861936190e+00-1.036569570e+00
-2.163137070e-01 5.990817220e-01 1.409851190e+00 2.216213660e+00 3.018372910e+00
 3.816517820e+00 4.610822730e+00 5.401447790e+00 6.188539320e+00 6.972230130e+00
 7.752639890e+00 8.529875420e+00 9.304030970e+00 1.007518850e+01 1.084341770e+01
 1.160877670e+01 1.237131140e+01 1.313105640e+01-2.436094740e-02-3.191620580e-01
-6.115770710e-01-9.021563600e-01-1.191400630e+00-1.479767080e+00-1.767674760e+00
-2.055509260e+00-2.343626830e+00-2.632358080e+00-2.922011240e+00-3.212875090e+00
-3.505221590e+00-3.799308280e+00-4.095380410e+00-4.393672920e+00-4.694412210e+00
-4.997817780e+00-5.304103750e+00-5.613480210e+00-5.926154490e+00-6.242332380e+00
-6.562219140e+00-6.886020450e+00-7.213943230e+00-7.546196140e+00-7.882989970e+00
-8.224537940e+00-8.571057320e+00-8.922776400e+00-9.279960570e+00-9.642905170e+00
-1.000435260e+01-1.036731350e+01-1.073368280e+01-1.110346600e+01-1.147674740e+01
-1.185361990e+01-1.223420160e+01-1.261864930e+01-1.300711240e+01-1.339971840e+01
-1.379654730e+01-1.419767280e+01-1.460316230e+01-1.501309820e+01-1.542757490e+01
-1.584668860e+01-1.627053840e+01-1.669919550e+01-1.713268170e+01-1.757099220e+01
-1.801408960e+01-1.846184060e+01-1.891362370e+01-1.936526300e+01-1.978492110e+01
-2.013540600e+01-2.044182560e+01-2.073309720e+01-2.101277440e+01-2.128075020e+01
-2.153729380e+01-2.178285570e+01-2.201643000e+01-2.223679670e+01-2.244259530e+01
-2.263230940e+01-2.280426720e+01-2.295693680e+01-2.308880860e+01-2.319832360e+01
-2.328376360e+01-2.334330770e+01-2.337502840e+01-2.337665100e+01-2.334525790e+01
-2.327732540e+01-2.316918250e+01-2.301740760e+01-2.281881960e+01-2.257057600e+01
-2.227089050e+01-2.192077140e+01-2.152186430e+01-2.107512140e+01-2.057122450e+01
-2.000259910e+01-1.932875060e+01-1.859712340e+01-1.784716260e+01-1.708514130e+01
-1.631252650e+01-1.553055380e+01-1.474002480e+01-1.394163990e+01-1.313631050e+01
-1.232506520e+01-1.150798650e+01-1.068432800e+01-9.851445890e+00-8.962095090e+00
-8.077259340e+00-7.199018840e+00-6.328044010e+00-5.464418720e+00-4.607979630e+00
-3.758460640e+00-2.915556820e+00-2.078953890e+00-1.248342360e+00-4.234245500e-01
 3.960820070e-01 1.210442990e+00 2.019906680e+00 2.824703930e+00 3.625048450e+00
 4.421137180e+00 5.213150870e+00 6.001254570e+00 6.785598190e+00 7.566317000e+00
 8.343532070e+00 9.117350780e+00 9.887867130e+00 1.065516210e+01 1.141930410e+01
 1.218034890e+01 1.293834010e+01 9.525002490e-02-2.194469290e-01-5.298555960e-01
-8.366905240e-01-1.140604870e+00-1.442197110e+00-1.742016980e+00-2.040570840e+00
-2.338326400e+00-2.635717050e+00-2.933145760e+00-3.230988580e+00-3.529597830e+00
-3.829305030e+00-4.130423550e+00-4.433251050e+00-4.738071720e+00-5.045158310e+00
-5.354774080e+00-5.667174570e+00-5.982609320e+00-6.301323530e+00-6.623559710e+00
-6.949559500e+00-7.279565650e+00-7.613824520e+00-7.952589210e+00-8.296123990e+00
-8.644710290e+00-8.998655220e+00-9.358303540e+00-9.721630630e+00-1.008366800e+01
-1.044819970e+01-1.081630970e+01-1.118803170e+01-1.156343240e+01-1.194260660e+01
-1.232568680e+01-1.271283750e+01-1.310423030e+01-1.349998460e+01-1.390019380e+01
-1.430494510e+01-1.471432030e+01-1.512842200e+01-1.554735690e+01-1.597123240e+01
-1.640015470e+01-1.683418010e+01-1.727332230e+01-1.771756100e+01-1.816683140e+01
-1.862085130e+01-1.907866770e+01-1.952963220e+01-1.992917020e+01-2.026159110e+01
-2.056552440e+01-2.085769170e+01-2.113872230e+01-2.140865430e+01-2.166808370e+01
-2.191667970e+01-2.215329370e+01-2.237665250e+01-2.258534080e+01-2.277773860e+01
-2.295232010e+01-2.310761480e+01-2.324212840e+01-2.335416380e+01-2.344212530e+01
-2.350494770e+01-2.354187010e+01-2.355159490e+01-2.353144070e+01-2.347706020e+01
-2.338318830e+01-2.324501690e+01-2.305915250e+01-2.282288010e+01-2.253370360e+01
-2.219077570e+01-2.179646260e+01-2.135333290e+01-2.085846470e+01-2.030145510e+01
-1.966378060e+01-1.892642130e+01-1.816431790e+01-1.738958230e+01-1.660491120e+01
-1.581158560e+01-1.501053150e+01-1.420235390e+01-1.338775620e+01-1.256767620e+01
-1.174238560e+01-1.091097290e+01-1.007036790e+01-9.200682960e+00-8.303523470e+00
-7.415374350e+00-6.535933840e+00-5.664884460e+00-4.801873980e+00-3.946528660e+00
-3.098469400e+00-2.257323650e+00-1.422732980e+00-5.943573060e-01 2.281229860e-01
 1.045006300e+00 1.856569860e+00 2.663070190e+00 3.464743820e+00 4.261808130e+00
 5.054462140e+00 5.842887420e+00 6.627248780e+00 7.407695070e+00 8.184359790e+00
 8.957361740e+00 9.726805480e+00 1.049278190e+01 1.125536850e+01 1.201462990e+01
 1.277061800e+01 1.763802070e-01-1.548151940e-01-4.801306760e-01-8.004109110e-01
-1.116431460e+00-1.428905420e+00-1.738489530e+00-2.045789720e+00-2.351366180e+00
-2.655738060e+00-2.959387690e+00-3.262764530e+00-3.566288720e+00-3.870354410e+00
-4.175332770e+00-4.481574770e+00-4.789413770e+00-5.099167880e+00-5.411142180e+00
-5.725630790e+00-6.042918860e+00-6.363284490e+00-6.687000670e+00-7.014337530e+00
-7.345564810e+00-7.680955280e+00-8.020789330e+00-8.365361440e+00-8.714988340e+00
-9.070015450e+00-9.430806580e+00-9.793746110e+00-1.015613060e+01-1.052155030e+01
-1.089060910e+01-1.126337140e+01-1.163991850e+01-1.202036390e+01-1.240486000e+01
-1.279357790e+01-1.318670920e+01-1.358436950e+01-1.398666340e+01-1.439368850e+01
-1.480554040e+01-1.522233490e+01-1.564418820e+01-1.607121550e+01-1.650352380e+01
-1.694115770e+01-1.738412290e+01-1.783238390e+01-1.828584780e+01-1.874408490e+01
-1.920548880e+01-1.965083600e+01-2.003201430e+01-2.035483360e+01-2.065811540e+01
-2.095058380e+01-2.123226320e+01-2.150334830e+01-2.176444850e+01-2.201467480e+01
-2.225284460e+01-2.247762890e+01-2.268753400e+01-2.288092780e+01-2.305625240e+01
-2.321195910e+01-2.334621900e+01-2.345708920e+01-2.354343630e+01-2.360532590e+01
-2.364347680e+01-2.365795710e+01-2.364675580e+01-2.360502960e+01-2.352563320e+01
-2.340142750e+01-2.322757330e+01-2.300170630e+01-2.272184900e+01-2.238623050e+01
-2.199642140e+01-2.155569000e+01-2.106639010e+01-2.051779200e+01-1.990080670e+01
-1.917022790e+01-1.839995330e+01-1.761566490e+01-1.682203880e+01-1.602036250e+01
-1.521167000e+01-1.439652730e+01-1.357555500e+01-1.274969120e+01-1.191962640e+01
-1.108461460e+01-1.024244730e+01-9.386170350e+00-8.478549360e+00-7.581863310e+00
-6.695371920e+00-5.818422370e+00-4.950426900e+00-4.090848450e+00-3.239192580e+00
-2.395002850e+00-1.557857660e+00-7.273679070e-01 9.682516280e-02 9.150519540e-01
 1.727616370e+00 2.534797570e+00 3.336851550e+00 4.134012660e+00 4.926494900e+00
 5.714493130e+00 6.498184180e+00 7.277727760e+00 8.053267360e+00 8.824930970e+00
 9.592831770e+00 1.035706870e+01 1.111772700e+01 1.187487870e+01 1.262858270e+01
 2.119087920e-01-1.317815310e-01-4.683503660e-01-7.987381130e-01-1.123811610e+00
-1.444370410e+00-1.761152690e+00-2.074840780e+00-2.386066330e+00-2.695415120e+00
-3.003431470e+00-3.310622430e+00-3.617461570e+00-3.924392530e+00-4.231832290e+00
-4.540174160e+00-4.849790640e+00-5.161035930e+00-5.474248370e+00-5.789752570e+00
-6.107861540e+00-6.428878520e+00-6.753098760e+00-7.080811320e+00-7.412300920e+00
-7.747850450e+00-8.087745230e+00-8.432282050e+00-8.781791210e+00-9.136692750e+00
-9.497643720e+00-9.859459100e+00-1.022168840e+01-1.058719090e+01-1.095631060e+01
-1.132914780e+01-1.170581590e+01-1.208645480e+01-1.247123400e+01-1.286034650e+01
-1.325398560e+01-1.365227140e+01-1.405531770e+01-1.446323040e+01-1.487611750e+01
-1.529410380e+01-1.571731310e+01-1.614586710e+01-1.657987090e+01-1.701936400e+01
-1.746434740e+01-1.791477610e+01-1.837053050e+01-1.883107470e+01-1.929380320e+01
-1.973186650e+01-2.009985320e+01-2.041781760e+01-2.072041510e+01-2.101255150e+01
-2.129416650e+01-2.156556330e+01-2.182713790e+01-2.207781600e+01-2.231637120e+01
-2.254142810e+01-2.275140340e+01-2.294465960e+01-2.311955860e+01-2.327434660e+01
-2.340682000e+01-2.351498520e+01-2.359825350e+01-2.365768770e+01-2.369517930e+01
-2.371171690e+01-2.370585910e+01-2.367280620e+01-2.360447740e+01-2.349156590e+01
-2.332745180e+01-2.310936100e+01-2.283616850e+01-2.250630490e+01-2.212024530e+01
-2.168195400e+01-2.119496170e+01-2.065135050e+01-2.004187370e+01-1.932312190e+01
-1.854817980e+01-1.775812800e+01-1.695911560e+01-1.615247920e+01-1.533932220e+01
-1.452024700e+01-1.369589260e+01-1.286724850e+01-1.203531110e+01-1.119969360e+01
-1.035900950e+01-9.510219600e+00-8.595462060e+00-7.693167990e+00-6.802231690e+00
-5.921744710e+00-5.050935020e+00-4.189131510e+00-3.335741740e+00-2.490237020e+00
-1.652141940e+00-8.210266230e-01 3.499152030e-03 8.217905630e-01 1.634171460e+00
 2.440937400e+00 3.242358150e+00 4.038679840e+00 4.830126760e+00 5.616902860e+00
 6.399193170e+00 7.177164910e+00 7.950968500e+00 8.720738470e+00 9.486594220e+00
 1.024864070e+01 1.100696890e+01 1.176165660e+01 1.251276850e+01 1.963295360e-01
-1.554062200e-01-4.991525590e-01-8.359125490e-01-1.166613620e+00-1.492113370e+00
-1.813205240e+00-2.130623860e+00-2.445050160e+00-2.757116190e+00-3.067409640e+00
-3.376478030e+00-3.684832710e+00-3.992952430e+00-4.301286850e+00-4.610259600e+00
-4.920271260e+00-5.231702040e+00-5.544914250e+00-5.860254540e+00-6.178055930e+00
-6.498639490e+00-6.822315730e+00-7.149385240e+00-7.480138400e+00-7.814853010e+00
-8.153787650e+00-8.497165880e+00-8.845139020e+00-9.197698280e+00-9.558946850e+00
-9.919386280e+00-1.028064080e+01-1.064522550e+01-1.101335840e+01-1.138519440e+01
-1.176087770e+01-1.214057100e+01-1.252445970e+01-1.291274990e+01-1.330563150e+01
-1.370323130e+01-1.410566910e+01-1.451305700e+01-1.492551260e+01-1.534316740e+01
-1.576615170e+01-1.619459340e+01-1.662859770e+01-1.706820580e+01-1.751342020e+01
-1.796419600e+01-1.842039800e+01-1.888143590e+01-1.934379750e+01-1.977598670e+01
-2.013621990e+01-2.045139920e+01-2.075286310e+01-2.104402870e+01-2.132483690e+01
-2.159564710e+01-2.185669020e+01-2.210685040e+01-2.234488220e+01-2.256938950e+01
-2.277874860e+01-2.297131070e+01-2.314539650e+01-2.329912630e+01-2.343013160e+01
-2.353646110e+01-2.361780970e+01-2.367570960e+01-2.371249210e+01-2.372945500e+01
-2.372536270e+01-2.369549150e+01-2.363152930e+01-2.352338250e+01-2.336345910e+01
-2.314866830e+01-2.287822890e+01-2.255079530e+01-2.216643620e+01-2.172929780e+01
-2.124311500e+01-2.070137270e+01-2.009414820e+01-1.938165840e+01-1.860540640e+01
-1.781355530e+01-1.701291400e+01-1.620485620e+01-1.539051350e+01-1.457052290e+01
-1.374554820e+01-1.291661570e+01-1.208483710e+01-1.125001060e+01-1.041105030e+01
-9.565386430e+00-8.648827630e+00-7.745150270e+00-6.853283510e+00-5.972278180e+00
-5.101303820e+00-4.239634700e+00-3.386633780e+00-2.541738060e+00-1.704446330e+00
-8.743094650e-01-5.092279490e-02 7.660799180e-01 1.577031170e+00 2.382233450e+00
 3.181962320e+00 3.976468810e+00 4.765981560e+00 5.550708510e+00 6.330838370e+00
 7.106541910e+00 7.877973040e+00 8.645269740e+00 9.408554920e+00 1.016793710e+01
 1.092351110e+01 1.167535860e+01 1.242354840e+01 1.258559920e-01-2.291835980e-01
-5.757513800e-01-9.148817930e-01-1.247533150e+00-1.574593150e+00-1.896884330e+00
-2.215169220e+00-2.530155450e+00-2.842500420e+00-3.152815840e+00-3.461671920e+00
-3.769601360e+00-4.077102990e+00-4.384645270e+00-4.692669460e+00-5.001592610e+00
-5.311810330e+00-5.623699310e+00-5.937619670e+00-6.253917110e+00-6.572924680e+00
-6.894964470e+00-7.220348700e+00-7.549380550e+00-7.882354280e+00-8.219555030e+00
-8.561258990e+00-8.907737320e+00-9.259274400e+00-9.617428480e+00-9.974712140e+00
-1.033350260e+01-1.069582650e+01-1.106174820e+01-1.143140410e+01-1.180493160e+01
-1.218249350e+01-1.256428420e+01-1.295050540e+01-1.334134160e+01-1.373692270e+01
-1.413737110e+01-1.454280260e+01-1.495334060e+01-1.536912170e+01-1.579028160e+01
-1.621695480e+01-1.664925100e+01-1.708721900e+01-1.753087100e+01-1.798017310e+01
-1.843499760e+01-1.889475530e+01-1.935566320e+01-1.978515620e+01-2.014253680e+01
-2.045580280e+01-2.075558750e+01-2.104513400e+01-2.132437870e+01-2.159367550e+01
-2.185326300e+01-2.210203480e+01-2.233875690e+01-2.256204730e+01-2.277030460e+01
-2.296189900e+01-2.313518250e+01-2.328834720e+01-2.341911960e+01-2.352554640e+01
-2.360718340e+01-2.366528920e+01-2.370190210e+01-2.371807600e+01-2.371238460e+01
-2.368000400e+01-2.361274870e+01-2.350106660e+01-2.333808340e+01-2.312095770e+01
-2.284867910e+01-2.251974430e+01-2.213450710e+01-2.169699530e+01-2.121080590e+01
-2.066846310e+01-2.006052910e+01-1.934475500e+01-1.857021150e+01-1.778050910e+01
-1.698202840e+01-1.617611020e+01-1.536386630e+01-1.454591550e+01-1.372291700e+01
-1.289589550e+01-1.206594050e+01-1.123281500e+01-1.039538550e+01-9.551056490e+00
-8.637163550e+00-7.736216870e+00-6.847084830e+00-5.968790990e+00-5.100497720e+00
-4.241482800e+00-3.391117440e+00-2.548848290e+00-1.714183590e+00-8.866827220e-01
-6.594834400e-02 7.483795630e-01 1.556628300e+00 2.359096090e+00 3.156054970e+00
 3.947753150e+00 4.734417070e+00 5.516252990e+00 6.293448460e+00 7.066173580e+00
 7.834582020e+00 8.598811990e+00 9.358987040e+00 1.011521680e+01 1.086759760e+01
 1.161621300e+01 1.236113440e+01-1.525330700e-03-3.549808130e-01-6.998714180e-01
-1.037232870e+00-1.368025490e+00-1.693139630e+00-2.013401030e+00-2.329575910e+00
-2.642375950e+00-2.952462860e+00-3.260452900e+00-3.566920930e+00-3.872404350e+00
-4.177406710e+00-4.482401130e+00-4.787833480e+00-5.094125320e+00-5.401676690e+00
-5.710868720e+00-6.022066010e+00-6.335618950e+00-6.651865870e+00-6.971135040e+00
-7.293746730e+00-7.620015180e+00-7.950251050e+00-8.284764460e+00-8.623869960e+00
-8.967894980e+00-9.317194470e+00-9.671321380e+00-1.002452400e+01-1.037980080e+01
-1.073870860e+01-1.110127230e+01-1.146759950e+01-1.183780960e+01-1.221205620e+01
-1.259053300e+01-1.297343070e+01-1.336092600e+01-1.375314690e+01-1.415021530e+01
-1.455224700e+01-1.495936780e+01-1.537171670e+01-1.578943370e+01-1.621265920e+01
-1.664151210e+01-1.707605390e+01-1.751631320e+01-1.796227810e+01-1.841385480e+01
-1.887051130e+01-1.932902200e+01-1.975941090e+01-2.011876050e+01-2.043084340e+01
-2.072838640e+01-2.101565080e+01-2.129255610e+01-2.155938740e+01-2.181655410e+01
-2.206301340e+01-2.229756840e+01-2.251888020e+01-2.272542510e+01-2.291560120e+01
-2.308784100e+01-2.324054580e+01-2.337176760e+01-2.347957010e+01-2.356303030e+01
-2.362251130e+01-2.365902890e+01-2.367281650e+01-2.366189670e+01-2.362132680e+01
-2.354367150e+01-2.342133620e+01-2.324921070e+01-2.302492640e+01-2.274668010e+01
-2.241271020e+01-2.202437670e+01-2.158510230e+01-2.109763730e+01-2.055176590e+01
-1.993871390e+01-1.921256910e+01-1.844303970e+01-1.765948570e+01-1.686695720e+01
-1.606673040e+01-1.525985090e+01-1.444688800e+01-1.362847310e+01-1.280558640e+01
-1.197911770e+01-1.114857970e+01-1.031238220e+01-9.466672750e+00-8.560306050e+00
-7.666414730e+00-6.783776340e+00-5.911447680e+00-5.048668150e+00-4.194797820e+00
-3.349280550e+00-2.511622440e+00-1.681378790e+00-8.581459330e-01-4.155558460e-02
 7.687291880e-01 1.573017140e+00 2.371591370e+00 3.164711520e+00 3.952615500e+00
 4.735521190e+00 5.513627710e+00 6.287116710e+00 7.056153460e+00 7.820887740e+00
 8.581454750e+00 9.337975870e+00 1.009055930e+01 1.083930060e+01 1.158428350e+01
 1.232557980e+01-1.860371550e-01-5.330146120e-01-8.717209210e-01-1.203163250e+00
-1.528275360e+00-1.847923140e+00-2.162910020e+00-2.473981980e+00-2.781832420e+00
-3.087106670e+00-3.390406260e+00-3.692292890e+00-3.993292210e+00-4.293897250e+00
-4.594571750e+00-4.895753170e+00-5.197855570e+00-5.501272320e+00-5.806378650e+00
-6.113534110e+00-6.423084870e+00-6.735366110e+00-7.050704300e+00-7.369419600e+00
-7.691828450e+00-8.018246300e+00-8.348990830e+00-8.684385510e+00-9.024763650e+00
-9.370472840e+00-9.719751630e+00-1.006814910e+01-1.041902590e+01-1.077352450e+01
-1.113168720e+01-1.149360290e+01-1.185937690e+01-1.222915220e+01-1.260311600e+01
-1.298144720e+01-1.336431350e+01-1.375183720e+01-1.414413600e+01-1.454132230e+01
-1.494351950e+01-1.535086590e+01-1.576350300e+01-1.618157510e+01-1.660521290e+01
-1.703449280e+01-1.746946440e+01-1.791014460e+01-1.835649200e+01-1.880808230e+01
-1.926275610e+01-1.969668230e+01-2.006343640e+01-2.037593640e+01-2.067072950e+01
-2.095503500e+01-2.122881110e+01-2.149221600e+01-2.174584570e+01-2.198888090e+01
-2.222017560e+01-2.243844660e+01-2.264226600e+01-2.283002790e+01-2.300023180e+01
-2.315142090e+01-2.328202960e+01-2.339029670e+01-2.347476070e+01-2.353465760e+01
-2.356952230e+01-2.357826980e+01-2.355823650e+01-2.350485370e+01-2.341249780e+01
-2.327601100e+01-2.309186020e+01-2.285745280e+01-2.257033030e+01-2.222935120e+01
-2.183688170e+01-2.139558460e+01-2.090387360e+01-2.035085420e+01-1.972145410e+01
-1.898738990e+01-1.822647770e+01-1.745301010e+01-1.667011890e+01-1.587905040e+01
-1.508073700e+01-1.427574420e+01-1.346471310e+01-1.264855610e+01-1.182769930e+01
-1.100128830e+01-1.016672750e+01-9.312847610e+00-8.420048710e+00-7.537839180e+00
-6.665325350e+00-5.801937180e+00-4.947209440e+00-4.100714590e+00-3.262045800e+00
-2.430814990e+00-1.606654290e+00-7.892173320e-01 2.182008140e-02 8.267600810e-01
 1.625883290e+00 2.419449670e+00 3.207699490e+00 3.990854350e+00 4.769118220e+00
 5.542678390e+00 6.311706450e+00 7.076359050e+00 7.836778790e+00 8.593094880e+00
 9.345423820e+00 1.009387000e+01 1.083852620e+01 1.157947410e+01 1.231678470e+01
-4.261205500e-01-7.618597150e-01-1.089999120e+00-1.411486960e+00-1.727201740e+00
-2.037958050e+00-2.344511870e+00-2.647565650e+00-2.947772870e+00-3.245742390e+00
-3.542042490e+00-3.837204590e+00-4.131726700e+00-4.426076730e+00-4.720695430e+00
-5.015999310e+00-5.312383230e+00-5.610222960e+00-5.909877550e+00-6.211691680e+00
-6.515997900e+00-6.823118940e+00-7.133370110e+00-7.447061780e+00-7.764502100e+00
-8.085999940e+00-8.411867710e+00-8.742423540e+00-9.077991340e+00-9.418896870e+00
-9.762411270e+00-1.010529550e+01-1.045090200e+01-1.080006620e+01-1.115284640e+01
-1.150931980e+01-1.186958170e+01-1.223376490e+01-1.260204620e+01-1.297459280e+01
-1.335156270e+01-1.373306940e+01-1.411922240e+01-1.451012690e+01-1.490589790e+01
-1.530666830e+01-1.571257640e+01-1.612376620e+01-1.654037800e+01-1.696250260e+01
-1.739020980e+01-1.782354650e+01-1.826252540e+01-1.870687230e+01-1.915541040e+01
-1.959294420e+01-1.997305680e+01-2.028990680e+01-2.058176980e+01-2.086244050e+01
-2.113232050e+01-2.139138980e+01-2.164014730e+01-2.187839980e+01-2.210502600e+01
-2.231879230e+01-2.251832840e+01-2.270208440e+01-2.286848600e+01-2.301603520e+01
-2.314326380e+01-2.324860270e+01-2.333034610e+01-2.338679570e+01-2.341621630e+01
-2.341645750e+01-2.338457780e+01-2.331687980e+01-2.320947170e+01-2.305883890e+01
-2.286181730e+01-2.261552370e+01-2.231791840e+01-2.196987400e+01-2.157314030e+01
-2.112930560e+01-2.062982310e+01-2.006713700e+01-1.940374390e+01-1.867395390e+01
-1.792555830e+01-1.716562460e+01-1.639568290e+01-1.561695010e+01-1.483022680e+01
-1.403614690e+01-1.323549900e+01-1.242918920e+01-1.161717650e+01-1.079832010e+01
-9.968830610e+00-9.095567360e+00-8.223203170e+00-7.356123620e+00-6.496041600e+00
-5.643522670e+00-4.798631310e+00-3.961211890e+00-3.131014320e+00-2.307752180e+00
-1.491130290e+00-6.808581570e-01 1.233433920e-01 9.217391150e-01 1.714578000e+00
 2.502092880e+00 3.284500600e+00 4.062002400e+00 4.834784500e+00 5.603018730e+00
 6.366863180e+00 7.126462860e+00 7.881950260e+00 8.633446000e+00 9.381059330e+00
 1.012488870e+01 1.086502200e+01 1.160153750e+01 1.233450350e+01-7.184725930e-01
-1.038489740e+00-1.351938140e+00-1.659675870e+00-1.962497520e+00-2.261139990e+00
-2.556287630e+00-2.848577010e+00-3.138601210e+00-3.426913810e+00-3.714032470e+00
-4.000442350e+00-4.286599130e+00-4.572931950e+00-4.859846040e+00-5.147725240e+00
-5.436934300e+00-5.727821140e+00-6.020718890e+00-6.315947950e+00-6.613818000e+00
-6.914629980e+00-7.218678320e+00-7.526253390e+00-7.837644410e+00-8.153143300e+00
-8.473049440e+00-8.797675030e+00-9.127347870e+00-9.462398490e+00-9.799245760e+00
-1.013588410e+01-1.047535360e+01-1.081828410e+01-1.116473430e+01-1.151477240e+01
-1.186848420e+01-1.222599170e+01-1.258745740e+01-1.295303570e+01-1.332287500e+01
-1.369707560e+01-1.407573450e+01-1.445894470e+01-1.484680580e+01-1.523943910e+01
-1.563697230e+01-1.603954140e+01-1.644728850e+01-1.686031470e+01-1.727870290e+01
-1.770252300e+01-1.813182860e+01-1.856651990e+01-1.900597760e+01-1.944327750e+01
-1.984084930e+01-2.016998230e+01-2.046030060e+01-2.073669050e+01-2.100191760e+01
-2.125578960e+01-2.149843890e+01-2.173032720e+01-2.195057970e+01-2.215800360e+01
-2.235127030e+01-2.252890410e+01-2.268924350e+01-2.283061870e+01-2.295138880e+01
-2.304986010e+01-2.312421350e+01-2.317242790e+01-2.319224320e+01-2.318111930e+01
-2.313622210e+01-2.305448890e+01-2.293275150e+01-2.276788660e+01-2.255702750e+01
-2.229810470e+01-2.199112710e+01-2.163683970e+01-2.123637940e+01-2.078381900e+01
-2.027160360e+01-1.968111460e+01-1.899422650e+01-1.827826900e+01-1.754678580e+01
-1.680328990e+01-1.604912140e+01-1.528542240e+01-1.451292290e+01-1.373238880e+01
-1.294487020e+01-1.215145970e+01-1.135220980e+01-1.054672820e+01-9.733841240e+00
-8.855442030e+00-7.988530250e+00-7.130914750e+00-6.281591900e+00-5.440007220e+00
-4.605774590e+00-3.778571780e+00-2.958103270e+00-2.144088330e+00-1.336258070e+00
-5.343554400e-01 2.618641540e-01 1.052632260e+00 1.838167050e+00 2.618673300e+00
 3.394342480e+00 4.165353100e+00 4.931871030e+00 5.694050010e+00 6.452032080e+00
 7.205948040e+00 7.955917990e+00 8.702051740e+00 9.444449270e+00 1.018320110e+01
 1.091838890e+01 1.165008540e+01 1.237835520e+01-1.058123490e+00-1.358358390e+00
-1.653384770e+00-1.943939660e+00-2.230706030e+00-2.514318090e+00-2.795365990e+00
-3.074399970e+00-3.351934100e+00-3.628449650e+00-3.904398170e+00-4.180204280e+00
-4.456268280e+00-4.732968500e+00-5.010663500e+00-5.289694140e+00-5.570385480e+00
-5.853048530e+00-6.137981950e+00-6.425473570e+00-6.715801930e+00-7.009237640e+00
-7.306044890e+00-7.606483040e+00-7.910808840e+00-8.219280350e+00-8.532165190e+00
-8.849760360e+00-9.172441920e+00-9.500792890e+00-9.830279940e+00-1.015994690e+01
-1.049244040e+01-1.082825840e+01-1.116745720e+01-1.151009890e+01-1.185626020e+01
-1.220604980e+01-1.255961040e+01-1.291708270e+01-1.327860340e+01-1.364425530e+01
-1.401411710e+01-1.438826370e+01-1.476677190e+01-1.514974210e+01-1.553728270e+01
-1.592951100e+01-1.632655530e+01-1.672852040e+01-1.713548770e+01-1.754753450e+01
-1.796473380e+01-1.838712140e+01-1.881435900e+01-1.924441110e+01-1.965653630e+01
-2.000876430e+01-2.030420830e+01-2.057627350e+01-2.083614850e+01-2.108410270e+01
-2.131991860e+01-2.154374670e+01-2.175572400e+01-2.195473010e+01-2.213945530e+01
-2.230844980e+01-2.246011100e+01-2.259267990e+01-2.270422790e+01-2.279288020e+01
-2.285664390e+01-2.289335490e+01-2.290066350e+01-2.287603140e+01-2.281675690e+01
-2.272002430e+01-2.258297050e+01-2.240298570e+01-2.217858700e+01-2.190899700e+01
-2.159411130e+01-2.123440930e+01-2.082417500e+01-2.035695750e+01-1.982159550e+01
-1.918553180e+01-1.850717870e+01-1.780953550e+01-1.709763410e+01-1.637297370e+01
-1.563686480e+01-1.489026620e+01-1.413398700e+01-1.336895500e+01-1.259629010e+01
-1.181660410e+01-1.102954220e+01-1.023319050e+01-9.420557290e+00-8.555825370e+00
-7.702311710e+00-6.857955370e+00-6.021610710e+00-5.192582300e+00-4.370397980e+00
-3.554698710e+00-2.745185510e+00-1.941593910e+00-1.143681860e+00-3.512239170e-01
 4.359914850e-01 1.218163360e+00 1.995478900e+00 2.768113870e+00 3.536233030e+00
 4.299990420e+00 5.059529710e+00 5.814984540e+00 6.566478920e+00 7.314127530e+00
 8.058036170e+00 8.798302040e+00 9.535014150e+00 1.026825360e+01 1.099809400e+01
 1.172460170e+01 1.244783600e+01-1.438570070e+00-1.715532670e+00-1.988929960e+00
-2.259349420e+00-2.527337390e+00-2.793403350e+00-3.058023580e+00-3.321644400e+00
-3.584685020e+00-3.847540070e+00-4.110581910e+00-4.374162780e+00-4.638616640e+00
-4.904261030e+00-5.171398630e+00-5.440318840e+00-5.711299150e+00-5.984606400e+00
-6.260498010e+00-6.539222920e+00-6.821022510e+00-7.106131130e+00-7.394776260e+00
-7.687177860e+00-7.983546250e+00-8.284076710e+00-8.588937100e+00-8.898238990e+00
-9.211969790e+00-9.533828150e+00-9.855636610e+00-1.017765510e+01-1.050234690e+01
-1.083017930e+01-1.116122270e+01-1.149553720e+01-1.183318850e+01-1.217426770e+01
-1.251888960e+01-1.286717820e+01-1.321925510e+01-1.357518030e+01-1.393500850e+01
-1.429878930e+01-1.466656970e+01-1.503841770e+01-1.541441140e+01-1.579463650e+01
-1.617918960e+01-1.656816440e+01-1.696162210e+01-1.735962270e+01-1.776222840e+01
-1.816950470e+01-1.858134880e+01-1.899717780e+01-1.941082470e+01-1.979055390e+01
-2.010684710e+01-2.037903540e+01-2.063313590e+01-2.087454400e+01-2.110300540e+01
-2.131818750e+01-2.152003520e+01-2.170851250e+01-2.188238070e+01-2.204019830e+01
-2.218035870e+01-2.230111170e+01-2.240055860e+01-2.247666860e+01-2.252726660e+01
-2.255005240e+01-2.254263560e+01-2.250255240e+01-2.242734020e+01-2.231466880e+01
-2.216246870e+01-2.196908150e+01-2.173336430e+01-2.145471570e+01-2.113214660e+01
-2.075961150e+01-2.033203560e+01-1.983898260e+01-1.924913890e+01-1.861215430e+01
-1.795304760e+01-1.727733110e+01-1.658668580e+01-1.588251720e+01-1.516599800e+01
-1.443802060e+01-1.369949700e+01-1.295156210e+01-1.219529540e+01-1.143073220e+01
-1.065721840e+01-9.872498240e+00-9.035025690e+00-8.197954910e+00-7.365327890e+00
-6.538510740e+00-5.717841370e+00-4.903277110e+00-4.094644780e+00-3.291734510e+00
-2.494333260e+00-1.702235730e+00-9.152472250e-01-1.331838630e-01 6.441278600e-01
 1.416851600e+00 2.185141640e+00 2.949143200e+00 3.708992840e+00 4.464818640e+00
 5.216740550e+00 5.964870590e+00 6.709313180e+00 7.450165370e+00 8.187517140e+00
 8.921451650e+00 9.652045560e+00 1.037936920e+01 1.110348700e+01 1.182445750e+01
 1.254233390e+01-1.851982440e+00-2.102889040e+00-2.352092850e+00-2.600008710e+00
-2.847026500e+00-3.093513690e+00-3.339817500e+00-3.586266840e+00-3.833173970e+00
-4.080835980e+00-4.329536190e+00-4.579545380e+00-4.831123010e+00-5.084518210e+00
-5.339970880e+00-5.597712580e+00-5.857967410e+00-6.120952820e+00-6.386880300e+00
-6.655956030e+00-6.928381300e+00-7.204352840e+00-7.484062820e+00-7.767698460e+00
-8.055441210e+00-8.347465300e+00-8.643936300e+00-8.945011500e+00-9.250849550e+00
-9.563644740e+00-9.876303900e+00-1.018950960e+01-1.050539010e+01-1.082430760e+01
-1.114629640e+01-1.147138890e+01-1.179962390e+01-1.213106380e+01-1.246578880e+01
-1.280389590e+01-1.314548550e+01-1.349059270e+01-1.383924130e+01-1.419144860e+01
-1.454722600e+01-1.490659660e+01-1.526959620e+01-1.563626590e+01-1.600665340e+01
-1.638081460e+01-1.675877510e+01-1.714054740e+01-1.752614490e+01-1.791558590e+01
-1.830887860e+01-1.870573000e+01-1.910511870e+01-1.949678380e+01-1.984736780e+01
-2.013806360e+01-2.039024770e+01-2.062471110e+01-2.084537950e+01-2.105182130e+01
-2.124347200e+01-2.141988990e+01-2.158078680e+01-2.172521370e+01-2.185148550e+01
-2.195787990e+01-2.204251650e+01-2.210335890e+01-2.213825330e+01-2.214497800e+01
-2.212129830e+01-2.206502630e+01-2.197407390e+01-2.184647780e+01-2.168050330e+01
-2.147506810e+01-2.122904600e+01-2.093802220e+01-2.059795620e+01-2.020503480e+01
-1.974192740e+01-1.919008390e+01-1.859682570e+01-1.797984730e+01-1.734408960e+01
-1.669126450e+01-1.602282290e+01-1.534006960e+01-1.464399370e+01-1.393558490e+01
-1.321598380e+01-1.248639180e+01-1.174736590e+01-1.099878910e+01-1.023898510e+01
-9.461715520e+00-8.629049310e+00-7.805828280e+00-6.989596930e+00-6.179402910e+00
-5.374810150e+00-4.575557490e+00-3.781444230e+00-2.992293380e+00-2.207940280e+00
-1.428229260e+00-6.530125070e-01 1.178503540e-01 8.844926060e-01 1.647040680e+00
 2.405614360e+00 3.160327010e+00 3.911285690e+00 4.658591380e+00 5.402339120e+00
 6.142618140e+00 6.879512120e+00 7.613099300e+00 8.343452680e+00 9.070640280e+00
 9.794725230e+00 1.051576610e+01 1.123381700e+01 1.194892790e+01 1.266114470e+01
-2.289492990e+00-2.512377300e+00-2.735560900e+00-2.959271650e+00-3.183730720e+00
-3.409152970e+00-3.635747270e+00-3.863716840e+00-4.093259530e+00-4.324568160e+00
-4.557830830e+00-4.793231230e+00-5.030949040e+00-5.271160200e+00-5.514037320e+00
-5.759750040e+00-6.008465320e+00-6.260347830e+00-6.515560260e+00-6.774263610e+00
-7.036617460e+00-7.302780230e+00-7.572909410e+00-7.847161880e+00-8.125694420e+00
-8.408664800e+00-8.696234140e+00-8.988571670e+00-9.285863970e+00-9.588933810e+00
-9.891744480e+00-1.019532130e+01-1.050156690e+01-1.081076210e+01-1.112289530e+01
-1.143796120e+01-1.175596230e+01-1.207692400e+01-1.240089160e+01-1.272792220e+01
-1.305808520e+01-1.339139280e+01-1.372783220e+01-1.406738210e+01-1.441001270e+01
-1.475569240e+01-1.510440450e+01-1.545613290e+01-1.581086230e+01-1.616858040e+01
-1.652926370e+01-1.689285110e+01-1.725927170e+01-1.762844760e+01-1.800029760e+01
-1.837469010e+01-1.875113620e+01-1.912828320e+01-1.949578890e+01-1.982458460e+01
-2.009767160e+01-2.033095420e+01-2.054372460e+01-2.074113130e+01-2.092285500e+01
-2.108809520e+01-2.123602420e+01-2.136574130e+01-2.147628780e+01-2.156652820e+01
-2.163471870e+01-2.167881200e+01-2.169670510e+01-2.168632300e+01-2.164567400e+01
-2.157296230e+01-2.146664050e+01-2.132493920e+01-2.114499710e+01-2.092384890e+01
-2.065834610e+01-2.034532650e+01-1.997930150e+01-1.953149650e+01-1.901568670e+01
-1.846787560e+01-1.789558430e+01-1.730262620e+01-1.669056070e+01-1.606085350e+01
-1.541486410e+01-1.475366450e+01-1.407831480e+01-1.338996940e+01-1.268989930e+01
-1.197910960e+01-1.125777080e+01-1.052542450e+01-9.780757540e+00-8.975641050e+00
-8.171538170e+00-7.370975060e+00-6.574702300e+00-5.782888380e+00-4.995512970e+00
-4.212495130e+00-3.433735190e+00-2.659128740e+00-1.888571580e+00-1.121961700e+00
-3.592001040e-01 3.998087790e-01 1.155156890e+00 1.906932430e+00 2.655219850e+00
 3.400099760e+00 4.141649030e+00 4.879940720e+00 5.615044180e+00 6.347025110e+00
 7.075945610e+00 7.801864270e+00 8.524836310e+00 9.244913690e+00 9.962145250e+00
 1.067657690e+01 1.138825160e+01 1.209720980e+01 1.280348950e+01-2.741561590e+00
-2.935344900e+00-3.131478730e+00-3.330000710e+00-3.530960400e+00-3.734417460e+00
-3.940439950e+00-4.149103080e+00-4.360488100e+00-4.574681360e+00-4.791773630e+00
-5.011859430e+00-5.235036640e+00-5.461406020e+00-5.691071020e+00-5.924137470e+00
-6.160713470e+00-6.400909280e+00-6.644837260e+00-6.892611870e+00-7.144349720e+00
-7.400169700e+00-7.660193230e+00-7.924544720e+00-8.193352280e+00-8.466749000e+00
-8.744874860e+00-9.027879660e+00-9.315926740e+00-9.608871720e+00-9.901413240e+00
-1.019479680e+01-1.049078160e+01-1.078960620e+01-1.109121850e+01-1.139557560e+01
-1.170264130e+01-1.201240030e+01-1.232485960e+01-1.264004130e+01-1.295796390e+01
-1.327862110e+01-1.360196020e+01-1.392791710e+01-1.425641600e+01-1.458736890e+01
-1.492069500e+01-1.525631260e+01-1.559413310e+01-1.593406110e+01-1.627599340e+01
-1.661979010e+01-1.696527050e+01-1.731222840e+01-1.766042970e+01-1.800960920e+01
-1.835941430e+01-1.870910980e+01-1.905740970e+01-1.939791720e+01-1.970994270e+01
-1.997319040e+01-2.019142080e+01-2.038137140e+01-2.055275190e+01-2.070680210e+01
-2.084261960e+01-2.095921020e+01-2.105546720e+01-2.113011630e+01-2.118169470e+01
-2.120856780e+01-2.120894950e+01-2.118093880e+01-2.112258060e+01-2.103190490e+01
-2.090677670e+01-2.074445600e+01-2.054181310e+01-2.029739870e+01-2.000538110e+01
-1.964229460e+01-1.920867020e+01-1.873587250e+01-1.823480660e+01-1.770889970e+01
-1.716050240e+01-1.659112710e+01-1.600222920e+01-1.539516900e+01-1.477107070e+01
-1.413105010e+01-1.347628140e+01-1.280804390e+01-1.212748240e+01-1.143479320e+01
-1.072972570e+01-1.001060010e+01-9.256191750e+00-8.467626120e+00-7.683515710e+00
-6.903220180e+00-6.126538180e+00-5.353389030e+00-4.583721480e+00-3.817489150e+00
-3.054644800e+00-2.295139430e+00-1.538922700e+00-7.859434580e-01-3.615025760e-02
 7.105081950e-01 1.454082700e+00 2.194623260e+00 2.932178850e+00 3.666797240e+00
 4.398524810e+00 5.127406460e+00 5.853485520e+00 6.576803730e+00 7.297401160e+00
 8.015316280e+00 8.730585950e+00 9.443245520e+00 1.015332890e+01 1.086086850e+01
 1.156589580e+01 1.226844100e+01 1.296853330e+01-3.198392510e+00-3.362901340e+00
-3.531768410e+00-3.704849540e+00-3.882029660e+00-4.063218870e+00-4.248349110e+00
-4.437371360e+00-4.630253310e+00-4.826977320e+00-5.027538780e+00-5.231944570e+00
-5.440211920e+00-5.652367300e+00-5.868445550e+00-6.088489120e+00-6.312547460e+00
-6.540676430e+00-6.772937950e+00-7.009399620e+00-7.250134500e+00-7.495221000e+00
-7.744742870e+00-7.998789380e+00-8.257455720e+00-8.520843580e+00-8.789062070e+00
-9.062228710e+00-9.340470540e+00-9.622985140e+00-9.904959440e+00-1.018773910e+01
-1.047298620e+01-1.076093550e+01-1.105149750e+01-1.134459420e+01-1.164015200e+01
-1.193811470e+01-1.223844560e+01-1.254113030e+01-1.284613620e+01-1.315343640e+01
-1.346293800e+01-1.377453250e+01-1.408809570e+01-1.440348660e+01-1.472055270e+01
-1.503914260e+01-1.535909040e+01-1.568021310e+01-1.600230820e+01-1.632514850e+01
-1.664844620e+01-1.697185740e+01-1.729498460e+01-1.761736590e+01-1.793846050e+01
-1.825761110e+01-1.857377500e+01-1.888555110e+01-1.919039260e+01-1.947963640e+01
-1.973656180e+01-1.995007560e+01-2.012406290e+01-2.026888740e+01-2.039171980e+01
-2.049439140e+01-2.057600360e+01-2.063506220e+01-2.067005050e+01-2.067933140e+01
-2.066100090e+01-2.061289230e+01-2.053289350e+01-2.041956750e+01-2.027205400e+01
-2.008611810e+01-1.984803100e+01-1.954456900e+01-1.918484180e+01-1.878937840e+01
-1.836388450e+01-1.791021430e+01-1.743106860e+01-1.692782120e+01-1.640195540e+01
-1.585490550e+01-1.528797540e+01-1.470233040e+01-1.409912890e+01-1.347959070e+01
-1.284501700e+01-1.219662450e+01-1.153480770e+01-1.085963970e+01-1.016985640e+01
-9.457518180e+00-8.690507010e+00-7.926176700e+00-7.164487800e+00-6.405356860e+00
-5.648739400e+00-4.894622870e+00-4.143010540e+00-3.393910830e+00-2.647331750e+00
-1.903278510e+00-1.161752720e+00-4.227523710e-01 3.137278760e-01 1.047696210e+00
 1.779163220e+00 2.508141460e+00 3.234645040e+00 3.958689280e+00 4.680290440e+00
 5.399465420e+00 6.116231660e+00 6.830606880e+00 7.542609060e+00 8.252256320e+00
 8.959566890e+00 9.664559160e+00 1.036725160e+01 1.106766310e+01 1.176581250e+01
 1.246171930e+01 1.315540360e+01-3.650363230e+00-3.786291230e+00-3.928456040e+00
-4.076550550e+00-4.230310760e+00-4.389510370e+00-4.553956250e+00-4.723484530e+00
-4.897957250e+00-5.077259520e+00-5.261297040e+00-5.449993950e+00-5.643290940e+00
-5.841143700e+00-6.043521440e+00-6.250405750e+00-6.461789450e+00-6.677675770e+00
-6.898077490e+00-7.123016330e+00-7.352522390e+00-7.586633660e+00-7.825395790e+00
-8.068861760e+00-8.317091840e+00-8.570153530e+00-8.828121550e+00-9.091077860e+00
-9.359111520e+00-9.630977710e+00-9.902182960e+00-1.017406350e+01-1.044821540e+01
-1.072491070e+01-1.100401960e+01-1.128543160e+01-1.156903690e+01-1.185474100e+01
-1.214246580e+01-1.243214150e+01-1.272370250e+01-1.301708640e+01-1.331217460e+01
-1.360881290e+01-1.390682890e+01-1.420603000e+01-1.450620050e+01-1.480711370e+01
-1.510852920e+01-1.541018040e+01-1.571177040e+01-1.601296670e+01-1.631339280e+01
-1.661259040e+01-1.691002000e+01-1.720505470e+01-1.749696110e+01-1.778487350e+01
-1.806775870e+01-1.834431290e+01-1.861270920e+01-1.887081010e+01-1.911617700e+01
-1.934456530e+01-1.954820920e+01-1.971907890e+01-1.985400410e+01-1.995504010e+01
-2.002590860e+01-2.006939100e+01-2.008656890e+01-2.007693880e+01-2.003847480e+01
-1.996727230e+01-1.985719740e+01-1.970113810e+01-1.949557310e+01-1.924565640e+01
-1.896060980e+01-1.864392720e+01-1.829515430e+01-1.791620030e+01-1.750931980e+01
-1.707573170e+01-1.661686580e+01-1.613410140e+01-1.562880240e+01-1.510216480e+01
-1.455536540e+01-1.398957240e+01-1.340604610e+01-1.280608110e+01-1.219090380e+01
-1.156101980e+01-1.091674120e+01-1.025721890e+01-9.579109580e+00-8.838364970e+00
-8.097886160e+00-7.358105400e+00-6.619300980e+00-5.881658830e+00-5.145316840e+00
-4.410386790e+00-3.676963760e+00-2.945130170e+00-2.214957710e+00-1.486508490e+00
-7.598361200e-01-3.498655520e-02 6.880009740e-01 1.409093190e+00 2.128262000e+00
 2.845483870e+00 3.560739250e+00 4.274012010e+00 4.985289100e+00 5.694560110e+00
 6.401817020e+00 7.107053940e+00 7.810266920e+00 8.511453840e+00 9.210614280e+00
 9.907749500e+00 1.060286240e+01 1.129595760e+01 1.198704150e+01 1.267612230e+01
 1.336321010e+01-4.088420600e+00-4.197241020e+00-4.313977080e+00-4.438185040e+00
-4.569474160e+00-4.707500610e+00-4.851962300e+00-5.002594290e+00-5.159164890e+00
-5.321472230e+00-5.489341200e+00-5.662620890e+00-5.841182210e+00-6.024915830e+00
-6.213730460e+00-6.407551160e+00-6.606318010e+00-6.809984820e+00-7.018518060e+00
-7.231895920e+00-7.450107430e+00-7.673151710e+00-7.901037370e+00-8.133781850e+00
-8.371410880e+00-8.613957980e+00-8.861463820e+00-9.113975550e+00-9.371546030e+00
-9.632648500e+00-9.892987910e+00-1.015378100e+01-1.041658460e+01-1.068176250e+01
-1.094913390e+01-1.121855610e+01-1.148988470e+01-1.176298840e+01-1.203774730e+01
-1.231405020e+01-1.259179540e+01-1.287086530e+01-1.315113070e+01-1.343239650e+01
-1.371444590e+01-1.399703840e+01-1.427990680e+01-1.456275530e+01-1.484527230e+01
-1.512711830e+01-1.540791580e+01-1.568724310e+01-1.596462710e+01-1.623953260e+01
-1.651133020e+01-1.677928280e+01-1.704253980e+01-1.730011570e+01-1.755086260e+01
-1.779343720e+01-1.802627210e+01-1.824752780e+01-1.845488330e+01-1.864560310e+01
-1.881667930e+01-1.896521790e+01-1.908865360e+01-1.918462480e+01-1.925087110e+01
-1.928539060e+01-1.928663320e+01-1.925359020e+01-1.918583050e+01-1.908340040e+01
-1.894640550e+01-1.877453820e+01-1.856738360e+01-1.832560140e+01-1.805116960e+01
-1.774611410e+01-1.741143290e+01-1.704822180e+01-1.665776060e+01-1.624129250e+01
-1.580008160e+01-1.533530090e+01-1.484808440e+01-1.433957160e+01-1.381090230e+01
-1.326334200e+01-1.269813600e+01-1.211639510e+01-1.151865510e+01-1.090530740e+01
-1.027566780e+01-9.627409030e+00-8.915182900e+00-8.201098350e+00-7.485781330e+00
-6.769718980e+00-6.053291060e+00-5.336797910e+00-4.620483070e+00-3.904549380e+00
-3.189169560e+00-2.474493170e+00-1.760651100e+00-1.047758760e+00-3.359183460e-01
 3.747793210e-01 1.084253390e+00 1.792431740e+00 2.499250000e+00 3.204650610e+00
 3.908582120e+00 4.610998520e+00 5.311858730e+00 6.011126070e+00 6.708767950e+00
 7.404755520e+00 8.099063390e+00 8.791669520e+00 9.482555000e+00 1.017170400e+01
 1.085910380e+01 1.154474460e+01 1.222861990e+01 1.291072600e+01 1.359106310e+01
-4.504406990e+00-4.588250060e+00-4.681436760e+00-4.783416790e+00-4.893698540e+00
-5.011842990e+00-5.137458390e+00-5.270195590e+00-5.409743860e+00-5.555827170e+00
-5.708200930e+00-5.866649070e+00-6.030981420e+00-6.201031400e+00-6.376653910e+00
-6.557723550e+00-6.744132880e+00-6.935791000e+00-7.132622170e+00-7.334564680e+00
-7.541569670e+00-7.753600260e+00-7.970630560e+00-8.192644800e+00-8.419636530e+00
-8.651607620e+00-8.888567340e+00-9.130531150e+00-9.377519310e+00-9.627859110e+00
-9.877358960e+00-1.012698670e+01-1.037829330e+01-1.063179320e+01-1.088725090e+01
-1.114448980e+01-1.140333550e+01-1.166362220e+01-1.192519240e+01-1.218789480e+01
-1.245158390e+01-1.271610030e+01-1.298128670e+01-1.324693030e+01-1.351277400e+01
-1.377853490e+01-1.404390180e+01-1.430853120e+01-1.457204500e+01-1.483404170e+01
-1.509408160e+01-1.535167650e+01-1.560628310e+01-1.585729410e+01-1.610402750e+01
-1.634570950e+01-1.658144250e+01-1.681020700e+01-1.703084630e+01-1.724204870e+01
-1.744233100e+01-1.763002170e+01-1.780324980e+01-1.795998480e+01-1.809809550e+01
-1.821538110e+01-1.830967120e+01-1.837892900e+01-1.842129770e+01-1.843515410e+01
-1.841917440e+01-1.837237980e+01-1.829414730e+01-1.818418210e+01-1.804245630e+01
-1.786909800e+01-1.766426460e+01-1.742837500e+01-1.716225010e+01-1.686688750e+01
-1.654325940e+01-1.619236710e+01-1.581527180e+01-1.541298980e+01-1.498653740e+01
-1.453695540e+01-1.406529190e+01-1.357267420e+01-1.306028400e+01-1.252930310e+01
-1.198057030e+01-1.141467570e+01-1.083192470e+01-1.023178810e+01-9.611463240e+00
-8.927830230e+00-8.241021080e+00-7.551505900e+00-6.859752180e+00-6.166190180e+00
-5.471202110e+00-4.775122700e+00-4.078244280e+00-3.380823090e+00-2.683085030e+00
-1.985230520e+00-1.287438380e+00-5.898689500e-01 1.073334040e-01 8.040382940e-01
 1.500127620e+00 2.195494150e+00 2.890040400e+00 3.583677520e+00 4.276324530e+00
 4.967907520e+00 5.658359040e+00 6.347617580e+00 7.035627130e+00 7.722336760e+00
 8.407700420e+00 9.091676620e+00 9.774228340e+00 1.045532290e+01 1.113493170e+01
 1.181303080e+01 1.248960010e+01 1.316462430e+01 1.383809230e+01-4.891295710e+00
-4.952808260e+00-5.024810620e+00-5.106676460e+00-5.197840060e+00-5.297790760e+00
-5.406067980e+00-5.522256720e+00-5.645983460e+00-5.776912470e+00-5.914742470e+00
-6.059203630e+00-6.210054860e+00-6.367081320e+00-6.530092240e+00-6.698918900e+00
-6.873412820e+00-7.053444120e+00-7.238900040e+00-7.429683590e+00-7.625712300e+00
-7.826917140e+00-8.033241390e+00-8.244639690e+00-8.461076990e+00-8.682527470e+00
-8.908973400e+00-9.140403640e+00-9.376811860e+00-9.616511370e+00-9.855338080e+00
-1.009384100e+01-1.033361530e+01-1.057536550e+01-1.081882830e+01-1.106379230e+01
-1.131005700e+01-1.155742350e+01-1.180569990e+01-1.205469640e+01-1.230422250e+01
-1.255409390e+01-1.280410030e+01-1.305402690e+01-1.330358920e+01-1.355247010e+01
-1.380032230e+01-1.404676610e+01-1.429138450e+01-1.453372090e+01-1.477328770e+01
-1.500955310e+01-1.524193090e+01-1.546977400e+01-1.569236570e+01-1.590891090e+01
-1.611852800e+01-1.632023230e+01-1.651291690e+01-1.669535970e+01-1.686621930e+01
-1.702403500e+01-1.716723540e+01-1.729416180e+01-1.740310000e+01-1.749231940e+01
-1.756012280e+01-1.760489830e+01-1.762516340e+01-1.761960550e+01-1.758711720e+01
-1.752682060e+01-1.743807570e+01-1.732047220e+01-1.717380920e+01-1.699806540e+01
-1.679338020e+01-1.656007210e+01-1.629864650e+01-1.600975890e+01-1.569414230e+01
-1.535254450e+01-1.498578140e+01-1.459471620e+01-1.418024360e+01-1.374331980e+01
-1.328498960e+01-1.280629620e+01-1.230830340e+01-1.179162040e+01-1.125679620e+01
-1.070384050e+01-1.013232570e+01-9.536774190e+00-8.882135770e+00-8.223121520e+00
-7.560142220e+00-6.893628670e+00-6.224009140e+00-5.551693100e+00-4.877062180e+00
-4.200466510e+00-3.522224640e+00-2.842625330e+00-2.161930170e+00-1.480376340e+00
-7.981793750e-01-1.155355040e-01 5.673761430e-01 1.250391700e+00 1.933360940e+00
 2.616145890e+00 3.298619620e+00 3.980665210e+00 4.662174830e+00 5.343049000e+00
 6.023195900e+00 6.702530800e+00 7.380975640e+00 8.058458570e+00 8.734913700e+00
 9.410280800e+00 1.008450520e+01 1.075753740e+01 1.142933360e+01 1.209985510e+01
 1.276906830e+01 1.343694550e+01 1.410346440e+01-5.243333630e+00-5.285536820e+00
-5.339080930e+00-5.403292050e+00-5.477555980e+00-5.561313490e+00-5.654055930e+00
-5.755321070e+00-5.864689370e+00-5.981780460e+00-6.106249920e+00-6.237786340e+00
-6.376108660e+00-6.520963670e+00-6.672123790e+00-6.829385000e+00-6.992564990e+00
-7.161501430e+00-7.336050420e+00-7.516085080e+00-7.701494230e+00-7.892181230e+00
-8.088062860e+00-8.289068340e+00-8.495138340e+00-8.706224050e+00-8.922286130e+00
-9.143293460e+00-9.369221500e+00-9.598510470e+00-9.826964550e+00-1.005451390e+01
-1.028285130e+01-1.051286590e+01-1.074434150e+01-1.097703870e+01-1.121072910e+01
-1.144518070e+01-1.168016890e+01-1.191547120e+01-1.215086340e+01-1.238611580e+01
-1.262098980e+01-1.285523780e+01-1.308858340e+01-1.332068290e+01-1.355116190e+01
-1.377961390e+01-1.400559650e+01-1.422862830e+01-1.444818450e+01-1.466370200e+01
-1.487457450e+01-1.508014060e+01-1.527967790e+01-1.547239750e+01-1.565743830e+01
-1.583386160e+01-1.600064770e+01-1.615669540e+01-1.630081410e+01-1.643173000e+01
-1.654810530e+01-1.664855520e+01-1.673167050e+01-1.679604410e+01-1.684030210e+01
-1.686313700e+01-1.686333780e+01-1.683981830e+01-1.679163960e+01-1.671802680e+01
-1.661837730e+01-1.649226220e+01-1.633942340e+01-1.615976660e+01-1.595335420e+01
-1.572037420e+01-1.546113100e+01-1.517605350e+01-1.486566960e+01-1.453058640e+01
-1.417147250e+01-1.378908760e+01-1.338428700e+01-1.295795220e+01-1.251103630e+01
-1.204419490e+01-1.155799440e+01-1.105294270e+01-1.052881510e+01-9.984927250e+00
-9.407529430e+00-8.782891050e+00-8.152393440e+00-7.516583680e+00-6.875960430e+00
-6.230993200e+00-5.582126850e+00-4.929780840e+00-4.274347790e+00-3.616192770e+00
-2.955653510e+00-2.293041520e+00-1.628643680e+00-9.627240850e-01-2.955259880e-01
 3.727263400e-01 1.041825860e+00 1.711581170e+00 2.381815080e+00 3.052363300e+00
 3.723073350e+00 4.393803540e+00 5.064422100e+00 5.734806440e+00 6.404842470e+00
 7.074424060e+00 7.743452570e+00 8.411836450e+00 9.079490940e+00 9.746337820e+00
 1.041230520e+01 1.107732750e+01 1.174134520e+01 1.240430510e+01 1.306616010e+01
 1.372686950e+01 1.438639920e+01-5.556103490e+00-5.582259940e+00-5.620313510e+00
-5.669567920e+00-5.729383780e+00-5.799174760e+00-5.878403770e+00-5.966579370e+00
-6.063252400e+00-6.168012780e+00-6.280486550e+00-6.400333110e+00-6.527242640e+00
-6.660933770e+00-6.801151390e+00-6.947664590e+00-7.100264880e+00-7.258764430e+00
-7.422994520e+00-7.592804120e+00-7.768058560e+00-7.948638370e+00-8.134438220e+00
-8.325366060e+00-8.521342350e+00-8.722299480e+00-8.928181400e+00-9.138943190e+00
-9.354550550e+00-9.573732820e+00-9.792210970e+00-1.000911460e+01-1.022625130e+01
-1.044465000e+01-1.066426190e+01-1.088481110e+01-1.110603700e+01-1.132767960e+01
-1.154948550e+01-1.177120430e+01-1.199258130e+01-1.221335640e+01-1.243326900e+01
-1.265202800e+01-1.286934100e+01-1.308487910e+01-1.329824960e+01-1.350902840e+01
-1.371675790e+01-1.392094410e+01-1.412105360e+01-1.431651040e+01-1.450669370e+01
-1.469094400e+01-1.486855230e+01-1.503875490e+01-1.520073060e+01-1.535359880e+01
-1.549641890e+01-1.562819100e+01-1.574785890e+01-1.585431650e+01-1.594641890e+01
-1.602299650e+01-1.608286940e+01-1.612486680e+01-1.614784920e+01-1.615073150e+01
-1.613250520e+01-1.609225770e+01-1.602918810e+01-1.594261870e+01-1.583199960e+01
-1.569691260e+01-1.553707420e+01-1.535233350e+01-1.514266580e+01-1.490816490e+01
-1.464903690e+01-1.436558860e+01-1.405821560e+01-1.372744730e+01-1.337389620e+01
-1.299823380e+01-1.260122820e+01-1.218349450e+01-1.174553220e+01-1.128784590e+01
-1.081053680e+01-1.031344510e+01-9.797030520e+00-9.230602050e+00-8.636001820e+00
-8.034318420e+00-7.426038030e+00-6.811689640e+00-6.191791530e+00-5.566835930e+00
-4.937285770e+00-4.303574750e+00-3.666108300e+00-3.025264720e+00-2.381396440e+00
-1.734831450e+00-1.085874870e+00-4.348104370e-01 2.180978410e-01 8.726041930e-01
 1.528479620e+00 2.185510550e+00 2.843497570e+00 3.502254340e+00 4.161606550e+00
 4.821391000e+00 5.481454840e+00 6.141654830e+00 6.801856750e+00 7.461934870e+00
 8.121771490e+00 8.781256600e+00 9.440287590e+00 1.009876900e+01 1.075661230e+01
 1.141373590e+01 1.207006500e+01 1.272553190e+01 1.338007550e+01 1.403364180e+01
 1.468618430e+01-5.826525790e+00-5.840021500e+00-5.865685010e+00-5.902819300e+00
-5.950780430e+00-6.008974230e+00-6.076853260e+00-6.153913590e+00-6.239691960e+00
-6.333762870e+00-6.435735960e+00-6.545253490e+00-6.661987960e+00-6.785639970e+00
-6.915936140e+00-7.052627190e+00-7.195486200e+00-7.344306940e+00-7.498902330e+00
-7.659103060e+00-7.824756260e+00-7.995724340e+00-8.171883970e+00-8.353125260e+00
-8.539351260e+00-8.730477840e+00-8.926434210e+00-9.127164160e+00-9.332628050e+00
-9.542051010e+00-9.751005920e+00-9.957741230e+00-1.016407860e+01-1.037111180e+01
-1.057910360e+01-1.078772160e+01-1.099668020e+01-1.120570640e+01-1.141452420e+01
-1.162286050e+01-1.183043900e+01-1.203697410e+01-1.224217060e+01-1.244573500e+01
-1.264733140e+01-1.284662430e+01-1.304324530e+01-1.323676180e+01-1.342670930e+01
-1.361259040e+01-1.379387230e+01-1.396998490e+01-1.414031900e+01-1.430422390e+01
-1.446100630e+01-1.460993600e+01-1.475024050e+01-1.488110110e+01-1.500165590e+01
-1.511100120e+01-1.520819660e+01-1.529227030e+01-1.536222830e+01-1.541706490e+01
-1.545577480e+01-1.547736740e+01-1.548088210e+01-1.546540380e+01-1.543007840e+01
-1.537412610e+01-1.529685320e+01-1.519766140e+01-1.507605410e+01-1.493164150e+01
-1.476414370e+01-1.457338910e+01-1.435930770e+01-1.412192870e+01-1.386140920e+01
-1.357800790e+01-1.327206890e+01-1.294401820e+01-1.259440620e+01-1.222366620e+01
-1.183223310e+01-1.142055120e+01-1.098890100e+01-1.053711290e+01-1.006464760e+01
-9.565539410e+00-9.009147990e+00-8.446732360e+00-7.874624260e+00-7.294148880e+00
-6.706203340e+00-6.111484110e+00-5.510581420e+00-4.904020600e+00-4.292281400e+00
-3.675807720e+00-3.055012980e+00-2.430283480e+00-1.801980730e+00-1.170443290e+00
-5.359883850e-01 1.010865870e-01 7.405027020e-01 1.381998190e+00 2.025327210e+00
 2.670258700e+00 3.316575330e+00 3.964072510e+00 4.612557540e+00 5.261848780e+00
 5.911774970e+00 6.562174580e+00 7.212895270e+00 7.863793460e+00 8.514733850e+00
 9.165589170e+00 9.816239890e+00 1.046657400e+01 1.111648690e+01 1.176588140e+01
 1.241466750e+01 1.306276260e+01 1.371009150e+01 1.435658670e+01 1.500218830e+01
-6.052820530e+00-6.057062580e+00-6.073472530e+00-6.101371320e+00-6.140128410e+00
-6.189159030e+00-6.247921580e+00-6.315914950e+00-6.392676010e+00-6.477777120e+00
-6.570823840e+00-6.671452680e+00-6.779329010e+00-6.894145130e+00-7.015618350e+00
-7.143489300e+00-7.277520250e+00-7.417493600e+00-7.563210400e+00-7.714488940e+00
-7.871163500e+00-8.033083040e+00-8.200110070e+00-8.372119650e+00-8.548998610e+00
-8.730645420e+00-8.916971080e+00-9.107902230e+00-9.303387840e+00-9.503448570e+00
-9.703399410e+00-9.900693720e+00-1.009679950e+01-1.029286260e+01-1.048949790e+01
-1.068643330e+01-1.088337880e+01-1.108004510e+01-1.127613710e+01-1.147136170e+01
-1.166542560e+01-1.185802690e+01-1.204885080e+01-1.223757030e+01-1.242385800e+01
-1.260734100e+01-1.278764630e+01-1.296437640e+01-1.313707250e+01-1.330524070e+01
-1.346835550e+01-1.362585940e+01-1.377716170e+01-1.392163720e+01-1.405862620e+01
-1.418743450e+01-1.430733290e+01-1.441755920e+01-1.451732370e+01-1.460581030e+01
-1.468217790e+01-1.474556590e+01-1.479510210e+01-1.482991070e+01-1.484912260e+01
-1.485188580e+01-1.483737660e+01-1.480481100e+01-1.475345620e+01-1.468263980e+01
-1.459175910e+01-1.448028750e+01-1.434777920e+01-1.419387620e+01-1.401832220e+01
-1.382095800e+01-1.360171460e+01-1.336061160e+01-1.309774960e+01-1.281332900e+01
-1.250764630e+01-1.218085440e+01-1.183321450e+01-1.146504130e+01-1.107662790e+01
-1.066804400e+01-1.023916390e+01-9.790521890e+00-9.294358460e+00-8.765829480e+00
-8.228491700e+00-7.682691090e+00-7.128366450e+00-6.565900350e+00-5.995805600e+00
-5.418615280e+00-4.834846210e+00-4.244988400e+00-3.649503540e+00-3.048826100e+00
-2.443365120e+00-1.833506050e+00-1.219612320e+00-6.020268150e-01 1.892678300e-02
 6.429428020e-01 1.269732420e+00 1.899022570e+00 2.530554960e+00 3.164085120e+00
 3.799381500e+00 4.436224660e+00 5.074406560e+00 5.713729860e+00 6.354007310e+00
 6.995061230e+00 7.636723050e+00 8.278832860e+00 8.921239160e+00 9.563798480e+00
 1.020637520e+01 1.084884160e+01 1.149107720e+01 1.213296950e+01 1.277441320e+01
 1.341531100e+01 1.405557320e+01 1.469511790e+01 1.533387150e+01-6.234444690e+00
-6.232772200e+00-6.243015670e+00-6.264530370e+00-6.296715010e+00-6.339009450e+00
-6.390892410e+00-6.451879270e+00-6.521519890e+00-6.599396520e+00-6.685121860e+00
-6.778337140e+00-6.878710330e+00-6.985934440e+00-7.099725910e+00-7.219823070e+00
-7.345984700e+00-7.477988610e+00-7.615630330e+00-7.758721770e+00-7.907089890e+00
-8.060575380e+00-8.219031140e+00-8.382320680e+00-8.550316160e+00-8.722896210e+00
-8.899943840e+00-9.081346420e+00-9.267004120e+00-9.458178420e+00-9.649724790e+00
-9.838492760e+00-1.002496580e+01-1.021052120e+01-1.039605350e+01-1.058160970e+01
-1.076685130e+01-1.095146440e+01-1.113514620e+01-1.131758650e+01-1.149847560e+01
-1.167750040e+01-1.185433590e+01-1.202864140e+01-1.220006380e+01-1.236823930e+01
-1.253277330e+01-1.269326050e+01-1.284927340e+01-1.300035030e+01-1.314597730e+01
-1.328561460e+01-1.341869350e+01-1.354461730e+01-1.366276140e+01-1.377247370e+01
-1.387307530e+01-1.396386340e+01-1.404411310e+01-1.411308100e+01-1.417000850e+01
-1.421412630e+01-1.424466120e+01-1.426084270e+01-1.426191010e+01-1.424712170e+01
-1.421576220e+01-1.416715270e+01-1.410065920e+01-1.401570000e+01-1.391175300e+01
-1.378836170e+01-1.364514280e+01-1.348179030e+01-1.329807570e+01-1.309384420e+01
-1.286903150e+01-1.262367390e+01-1.235774690e+01-1.207126640e+01-1.176427620e+01
-1.143688880e+01-1.108910400e+01-1.072073610e+01-1.033145520e+01-9.922413940e+00
-9.480411260e+00-8.990293840e+00-8.492778170e+00-7.983537140e+00-7.463937050e+00
-6.934850050e+00-6.396876840e+00-5.850549270e+00-5.296378120e+00-4.734859380e+00
-4.166471900e+00-3.591675050e+00-3.010907550e+00-2.424587410e+00-1.833112350e+00
-1.236860640e+00-6.361919600e-01-3.144835600e-02 5.770448650e-01 1.188978220e+00
 1.804057190e+00 2.422001380e+00 3.042543730e+00 3.665429760e+00 4.290416880e+00
 4.917273720e+00 5.545779520e+00 6.175723610e+00 6.806904890e+00 7.439131380e+00
 8.072219900e+00 8.705995650e+00 9.340292020e+00 9.974950340e+00 1.060981970e+01
 1.124475690e+01 1.187962630e+01 1.251429990e+01 1.314865750e+01 1.378258630e+01
 1.441598190e+01 1.504874750e+01 1.568079510e+01-6.372014860e+00-6.367619770e+00
-6.374658070e+00-6.392534050e+00-6.420689830e+00-6.458603310e+00-6.505786320e+00
-6.561782740e+00-6.626166720e+00-6.698541070e+00-6.778535530e+00-6.865805370e+00
-6.960029820e+00-7.060910740e+00-7.168171270e+00-7.281554570e+00-7.400822610e+00
-7.525755010e+00-7.656147860e+00-7.791812640e+00-7.932574980e+00-8.078273470e+00
-8.228758130e+00-8.383888400e+00-8.543530090e+00-8.707549730e+00-8.875803050e+00
-9.048109430e+00-9.224191860e+00-9.406848290e+00-9.590400420e+00-9.771387580e+00
-9.948881010e+00-1.012455540e+01-1.029942130e+01-1.047393730e+01-1.064780560e+01
-1.082071320e+01-1.099233930e+01-1.116236350e+01-1.133046190e+01-1.149630950e+01
-1.165957570e+01-1.181991610e+01-1.197696950e+01-1.213036090e+01-1.227969180e+01
-1.242457100e+01-1.256455180e+01-1.269918780e+01-1.282800820e+01-1.295051240e+01
-1.306615590e+01-1.317437080e+01-1.327456880e+01-1.336613920e+01-1.344845110e+01
-1.352085540e+01-1.358268810e+01-1.363327270e+01-1.367192390e+01-1.369795180e+01
-1.371066700e+01-1.370938630e+01-1.369343880e+01-1.366217340e+01-1.361496510e+01
-1.355122360e+01-1.347039930e+01-1.337198890e+01-1.325553760e+01-1.312064580e+01
-1.296698310e+01-1.279430500e+01-1.260242790e+01-1.239114500e+01-1.216032150e+01
-1.190987500e+01-1.163974680e+01-1.134992080e+01-1.104020470e+01-1.071032170e+01
-1.035969530e+01-9.988687860e+00-9.588480390e+00-9.135312410e+00-8.676031330e+00
-8.203386500e+00-7.719347660e+00-7.224482630e+00-6.719448450e+00-6.204862870e+00
-5.681282690e+00-5.149222160e+00-4.609167760e+00-4.061585610e+00-3.506924280e+00
-2.945615640e+00-2.378075160e+00-1.804701960e+00-1.225879140e+00-6.419740550e-01
-5.333886720e-02 5.396889760e-01 1.136786150e+00 1.737642830e+00 2.341962140e+00
 2.949459510e+00 3.559862090e+00 4.172908210e+00 4.788346840e+00 5.405937060e+00
 6.025447630e+00 6.646656520e+00 7.269350550e+00 7.893325060e+00 8.518383560e+00
 9.144337570e+00 9.771006320e+00 1.039821670e+01 1.102580300e+01 1.165360710e+01
 1.228147820e+01 1.290927310e+01 1.353685600e+01 1.416409900e+01 1.479088200e+01
 1.541709280e+01 1.604262800e+01-6.467217170e+00-6.463071840e+00-6.469671550e+00
-6.486482890e+00-6.513003820e+00-6.548762030e+00-6.593313380e+00-6.646240550e+00
-6.707151650e+00-6.775679030e+00-6.851477980e+00-6.934225690e+00-7.023620090e+00
-7.119378850e+00-7.221238360e+00-7.328952790e+00-7.442293160e+00-7.561046450e+00
-7.685014770e+00-7.814014520e+00-7.947875610e+00-8.086440770e+00-8.229564940e+00
-8.377115050e+00-8.528970520e+00-8.685025700e+00-8.845196910e+00-9.009440850e+00
-9.177801450e+00-9.350527880e+00-9.525712820e+00-9.699241410e+00-9.868782380e+00
-1.003542480e+01-1.020025390e+01-1.036405280e+01-1.052692810e+01-1.068850820e+01
-1.084846410e+01-1.100646890e+01-1.116218990e+01-1.131529170e+01-1.146543590e+01
-1.161227790e+01-1.175545960e+01-1.189460510e+01-1.202932150e+01-1.215920290e+01
-1.228382180e+01-1.240275190e+01-1.251551450e+01-1.262163180e+01-1.272060320e+01
-1.281190900e+01-1.289500590e+01-1.296932310e+01-1.303427220e+01-1.308925430e+01
-1.313366120e+01-1.316687750e+01-1.318828330e+01-1.319725840e+01-1.319318570e+01
-1.317545620e+01-1.314347430e+01-1.309666350e+01-1.303447350e+01-1.295638790e+01
-1.286193390e+01-1.275068720e+01-1.262224550e+01-1.247622450e+01-1.231229240e+01
-1.213021300e+01-1.192974750e+01-1.171073030e+01-1.147306560e+01-1.121662260e+01
-1.094115070e+01-1.064639250e+01-1.033182200e+01-9.998182550e+00-9.638782870e+00
-9.231337220e+00-8.799590690e+00-8.357853210e+00-7.906229960e+00-7.444015800e+00
-6.971298760e+00-6.488363730e+00-5.995603300e+00-5.493454370e+00-4.982364490e+00
-4.462777940e+00-3.935130590e+00-3.399848110e+00-2.857345110e+00-2.308024630e+00
-1.752277740e+00-1.190483320e+00-6.230079650e-01-5.020603380e-02 5.275802240e-01
 1.110020420e+00 1.696795730e+00 2.287598530e+00 2.882132050e+00 3.480109930e+00
 4.081255880e+00 4.685303230e+00 5.291994550e+00 5.901081330e+00 6.512323580e+00
 7.125489540e+00 7.740355400e+00 8.356705020e+00 8.974329790e+00 9.593028360e+00
 1.021260660e+01 1.083287750e+01 1.145366100e+01 1.207478420e+01 1.269608130e+01
 1.331739350e+01 1.393856960e+01 1.455946560e+01 1.517994540e+01 1.579988070e+01
 1.641915170e+01-6.522701700e+00-6.521492340e+00-6.530163250e+00-6.548254870e+00
-6.575331530e+00-6.610980350e+00-6.654810200e+00-6.706450840e+00-6.765552110e+00
-6.831783110e+00-6.904831480e+00-6.984402690e+00-7.070219340e+00-7.162020560e+00
-7.259561260e+00-7.362611630e+00-7.470956460e+00-7.584394600e+00-7.702738400e+00
-7.825813180e+00-7.953456770e+00-8.085519120e+00-8.221861950e+00-8.362358810e+00
-8.506895350e+00-8.655370530e+00-8.807699020e+00-8.963815830e+00-9.123683700e+00
-9.287302420e+00-9.454813030e+00-9.621654910e+00-9.784654760e+00-9.943253540e+00
-1.009894840e+01-1.025266030e+01-1.040490140e+01-1.055554380e+01-1.070423350e+01
-1.085063010e+01-1.099439990e+01-1.113520180e+01-1.127269090e+01-1.140651820e+01
-1.153632840e+01-1.166175470e+01-1.178241390e+01-1.189790580e+01-1.200781450e+01
-1.211171150e+01-1.220914330e+01-1.229966160e+01-1.238279210e+01-1.245802780e+01
-1.252485860e+01-1.258276230e+01-1.263120370e+01-1.266963840e+01-1.269751340e+01
-1.271427030e+01-1.271934890e+01-1.271219050e+01-1.269224210e+01-1.265895860e+01
-1.261180680e+01-1.255026960e+01-1.247385130e+01-1.238208190e+01-1.227452830e+01
-1.215080660e+01-1.201051280e+01-1.185329860e+01-1.167886260e+01-1.148696580e+01
-1.127737170e+01-1.104981460e+01-1.080410200e+01-1.054002630e+01-1.025727660e+01
-9.956401730e+00-9.629311310e+00-9.257345660e+00-8.860581900e+00-8.453595420e+00
-8.034176790e+00-7.603335930e+00-7.161636260e+00-6.709368000e+00-6.246813650e+00
-5.774287650e+00-5.292138870e+00-4.800740450e+00-4.300478760e+00-3.791745250e+00
-3.274931120e+00-2.750424000e+00-2.218605890e+00-1.679851740e+00-1.134528600e+00
-5.829949240e-01-2.560025260e-02 5.373150540e-01 1.105419890e+00 1.678392390e+00
 2.255919840e+00 2.837698500e+00 3.423433440e+00 4.012838280e+00 4.605634940e+00
 5.201553400e+00 5.800331440e+00 6.401714390e+00 7.005454890e+00 7.611312680e+00
 8.219054400e+00 8.828453450e+00 9.439289840e+00 1.005135010e+01 1.066442720e+01
 1.127832050e+01 1.189283590e+01 1.250778570e+01 1.312298900e+01 1.373827130e+01
 1.435346520e+01 1.496841040e+01 1.558295410e+01 1.619695080e+01 1.681026340e+01
-6.541955230e+00-6.546022760e+00-6.558964260e+00-6.580402960e+00-6.609977460e+00
-6.647341430e+00-6.692163270e+00-6.744125860e+00-6.802926290e+00-6.868275700e+00
-6.939898960e+00-7.017534460e+00-7.100933890e+00-7.189861900e+00-7.284095920e+00
-7.383425830e+00-7.487653710e+00-7.596593580e+00-7.710071140e+00-7.827923490e+00
-7.949998860e+00-8.076156400e+00-8.206265800e+00-8.340206810e+00-8.477868330e+00
-8.619146350e+00-8.763939120e+00-8.912135450e+00-9.063586300e+00-9.218035580e+00
-9.378211900e+00-9.538687100e+00-9.695968720e+00-9.848036150e+00-9.995766890e+00
-1.014027890e+01-1.028241030e+01-1.042250410e+01-1.056032430e+01-1.069552850e+01
-1.082777280e+01-1.095671730e+01-1.108201640e+01-1.120331800e+01-1.132026520e+01
-1.143249510e+01-1.153963560e+01-1.164130180e+01-1.173709350e+01-1.182659590e+01
-1.190937930e+01-1.198500330e+01-1.205301530e+01-1.211294540e+01-1.216431170e+01
-1.220662930e+01-1.223940840e+01-1.226214940e+01-1.227434430e+01-1.227548190e+01
-1.226505230e+01-1.224255010e+01-1.220747550e+01-1.215933350e+01-1.209763570e+01
-1.202191350e+01-1.193172350e+01-1.182663810e+01-1.170625590e+01-1.157020450e+01
-1.141812120e+01-1.124963090e+01-1.106434180e+01-1.086189900e+01-1.064197580e+01
-1.040413070e+01-1.014855320e+01-9.874992250e+00-9.573820000e+00-9.232247150e+00
-8.868623270e+00-8.494461390e+00-8.107393420e+00-7.708300190e+00-7.297488310e+00
-6.875391500e+00-6.442422120e+00-5.998942980e+00-5.545293980e+00-5.081811020e+00
-4.608834900e+00-4.126713410e+00-3.635800050e+00-3.136451620e+00-2.629025830e+00
-2.113879220e+00-1.591365520e+00-1.061834440e+00-5.256306990e-01 1.690666160e-02
 5.654448000e-01 1.119657410e+00 1.679224960e+00 2.243834790e+00 2.813181170e+00
 3.386965300e+00 3.964895190e+00 4.546685580e+00 5.132057830e+00 5.720739730e+00
 6.312465380e+00 6.906975030e+00 7.504014940e+00 8.103337230e+00 8.704699800e+00
 9.307866250e+00 9.912605760e+00 1.051869310e+01 1.112590870e+01 1.173403850e+01
 1.234287430e+01 1.295221350e+01 1.356185950e+01 1.417162200e+01 1.478131690e+01
 1.539076670e+01 1.599980100e+01 1.660825640e+01 1.721597720e+01-6.529147400e+00
-6.540440120e+00-6.559499340e+00-6.586036180e+00-6.619768010e+00-6.660419020e+00
-6.707720740e+00-6.761412540e+00-6.821242000e+00-6.886965260e+00-6.958347340e+00
-7.035162360e+00-7.117193710e+00-7.204234220e+00-7.296086240e+00-7.392561740e+00
-7.493482360e+00-7.598679460e+00-7.707994120e+00-7.821277200e+00-7.938389300e+00
-8.059200840e+00-8.183592010e+00-8.311452790e+00-8.442683080e+00-8.577193140e+00
-8.714905380e+00-8.855760080e+00-8.999732790e+00-9.146884570e+00-9.297502780e+00
-9.450819170e+00-9.602519430e+00-9.749458130e+00-9.890533840e+00-1.002710470e+01
-1.016004340e+01-1.029005510e+01-1.041739150e+01-1.054179950e+01-1.066293270e+01
-1.078044870e+01-1.089400260e+01-1.100324680e+01-1.110782540e+01-1.120737730e+01
-1.130153490e+01-1.138992290e+01-1.147215680e+01-1.154784130e+01-1.161656890e+01
-1.167792050e+01-1.173146580e+01-1.177676430e+01-1.181336670e+01-1.184081830e+01
-1.185865900e+01-1.186642420e+01-1.186364600e+01-1.184985500e+01-1.182458280e+01
-1.178736490e+01-1.173774330e+01-1.167526900e+01-1.159950510e+01-1.151002890e+01
-1.140643030e+01-1.128830290e+01-1.115523600e+01-1.100681700e+01-1.084264840e+01
-1.066232320e+01-1.046531230e+01-1.025122450e+01-1.002008640e+01-9.768435740e+00
-9.482604490e+00-9.160222720e+00-8.832084660e+00-8.490421460e+00-8.134746190e+00
-7.766352640e+00-7.385683650e+00-6.993193370e+00-6.589270730e+00-6.174288240e+00
-5.748603560e+00-5.312558740e+00-4.866485050e+00-4.410708760e+00-3.945555320e+00
-3.471351570e+00-2.988426310e+00-2.497109900e+00-1.997733440e+00-1.490627740e+00
-9.761223620e-01-4.545447070e-01 7.378069160e-02 6.085328000e-01 1.149394560e+00
 1.696053270e+00 2.248200840e+00 2.805533980e+00 3.367754350e+00 3.934568570e+00
 4.505688260e+00 5.080830040e+00 5.659715410e+00 6.242070790e+00 6.827627330e+00
 7.416120950e+00 8.007292180e+00 8.600886140e+00 9.196652500e+00 9.794345430e+00
 1.039372360e+01 1.099455040e+01 1.159659340e+01 1.219962530e+01 1.280342350e+01
 1.340777020e+01 1.401245290e+01 1.461726450e+01 1.522200370e+01 1.582647490e+01
 1.643048910e+01 1.703386390e+01 1.763642400e+01-6.488950050e+00-6.508993790e+00
-6.535639600e+00-6.568686810e+00-6.607931830e+00-6.653169710e+00-6.704195540e+00
-6.760805640e+00-6.822798670e+00-6.889976550e+00-6.962145220e+00-7.039115410e+00
-7.120703180e+00-7.206730500e+00-7.297025680e+00-7.391423790e+00-7.489767040e+00
-7.591905090e+00-7.697695370e+00-7.807003380e+00-7.919703010e+00-8.035676760e+00
-8.154816100e+00-8.277021660e+00-8.402203410e+00-8.530280580e+00-8.661180750e+00
-8.794836820e+00-8.931177720e+00-9.070101070e+00-9.211394020e+00-9.357749690e+00
-9.503833770e+00-9.646255490e+00-9.782640600e+00-9.912710030e+00-1.003781560e+01
-1.015873180e+01-1.027606850e+01-1.039004110e+01-1.050045450e+01-1.060694120e+01
-1.070916930e+01-1.080678920e+01-1.089945240e+01-1.098680400e+01-1.106848210e+01
-1.114411880e+01-1.121333940e+01-1.127576180e+01-1.133099590e+01-1.137864410e+01
-1.141830020e+01-1.144955070e+01-1.147197510e+01-1.148514770e+01-1.148863910e+01
-1.148201710e+01-1.146484780e+01-1.143669630e+01-1.139712740e+01-1.134570730e+01
-1.128200580e+01-1.120559770e+01-1.111606110e+01-1.101298010e+01-1.089595770e+01
-1.076462130e+01-1.061857070e+01-1.045732200e+01-1.028053680e+01-1.008810810e+01
-9.878319560e+00-9.644136040e+00-9.374882200e+00-9.077848720e+00-8.773578390e+00
-8.456658320e+00-8.128255520e+00-7.787891840e+00-7.435406470e+00-7.070994760e+00
-6.694914470e+00-6.307456900e+00-5.908923180e+00-5.499618230e+00-5.079847290e+00
-4.649914150e+00-4.210121100e+00-3.760769940e+00-3.302163020e+00-2.834604010e+00
-2.358398170e+00-1.873852210e+00-1.381273910e+00-8.809715370e-01-3.732532610e-01
 1.415734570e-01 6.632024190e-01 1.191329170e+00 1.725651430e+00 2.265869390e+00
 2.811686040e+00 3.362807320e+00 3.918942270e+00 4.479803180e+00 5.045105600e+00
 5.614568360e+00 6.187913630e+00 6.764866870e+00 7.345156810e+00 7.928515430e+00
 8.514677960e+00 9.103382870e+00 9.694371850e+00 1.028738990e+01 1.088218520e+01
 1.147850940e+01 1.207611780e+01 1.267476920e+01 1.327422600e+01 1.387425500e+01
 1.447462700e+01 1.507511750e+01 1.567550680e+01 1.627558040e+01 1.687512970e+01
 1.747395170e+01 1.807185030e+01-6.426336750e+00-6.456227690e+00-6.491544230e+00
-6.532169050e+00-6.577973460e+00-6.628819850e+00-6.684563960e+00-6.745056700e+00
-6.810145860e+00-6.879677550e+00-6.953497430e+00-7.031451860e+00-7.113388880e+00
-7.199159050e+00-7.288616260e+00-7.381618390e+00-7.478027990e+00-7.577712850e+00
-7.680546590e+00-7.786409200e+00-7.895187580e+00-8.006776180e+00-8.121077590e+00
-8.238003240e+00-8.357474250e+00-8.479422390e+00-8.603791440e+00-8.730539350e+00
-8.859642490e+00-8.991105980e+00-9.124992610e+00-9.261508280e+00-9.400543660e+00
-9.537885440e+00-9.670358150e+00-9.796007250e+00-9.914892750e+00-1.002823070e+01
-1.013669470e+01-1.024083740e+01-1.034086130e+01-1.043669440e+01-1.052797300e+01
-1.061436040e+01-1.069551620e+01-1.077108800e+01-1.084072410e+01-1.090406660e+01
-1.096075020e+01-1.101040420e+01-1.105265280e+01-1.108711510e+01-1.111340410e+01
-1.113112740e+01-1.113988720e+01-1.113928200e+01-1.112890750e+01-1.110835860e+01
-1.107722850e+01-1.103510650e+01-1.098157450e+01-1.091621000e+01-1.083859620e+01
-1.074833180e+01-1.064500200e+01-1.052814430e+01-1.039734960e+01-1.025249110e+01
-1.009321730e+01-9.918214660e+00-9.723564540e+00-9.500436620e+00-9.248383330e+00
-8.977246380e+00-8.696895090e+00-8.404124360e+00-8.099946010e+00-7.784189760e+00
-7.456931950e+00-7.118174340e+00-6.767956960e+00-6.406398650e+00-6.033673240e+00
-5.649991440e+00-5.255587420e+00-4.850710330e+00-4.435619010e+00-4.010578680e+00
-3.575859120e+00-3.131733670e+00-2.678478860e+00-2.216374050e+00-1.745701250e+00
-1.266744750e+00-7.797907570e-01-2.851269280e-01 2.169580570e-01 7.261749710e-01
 1.242234460e+00 1.764847440e+00 2.293725420e+00 2.828580810e+00 3.369127170e+00
 3.915079340e+00 4.466153680e+00 5.022068090e+00 5.582542140e+00 6.147297120e+00
 6.716056030e+00 7.288543660e+00 7.864486530e+00 8.443612980e+00 9.025653110e+00
 9.610338860e+00 1.019740400e+01 1.078658440e+01 1.137761760e+01 1.197024370e+01
 1.256420460e+01 1.315924510e+01 1.375511240e+01 1.435155680e+01 1.494833170e+01
 1.554519400e+01 1.614190490e+01 1.673822960e+01 1.733393840e+01 1.792880660e+01
 1.852261560e+01-6.346377340e+00-6.386799680e+00-6.431500940e+00-6.480437430e+00
-6.533547070e+00-6.590752660e+00-6.651964620e+00-6.717083440e+00-6.786001780e+00
-6.858606290e+00-6.934779300e+00-7.014400210e+00-7.097346770e+00-7.183496260e+00
-7.272726460e+00-7.364916620e+00-7.459948310e+00-7.557706210e+00-7.658078890e+00
-7.760959580e+00-7.866246900e+00-7.973845700e+00-8.083667950e+00-8.195633730e+00
-8.309672490e+00-8.425724580e+00-8.543743320e+00-8.663697830e+00-8.785577100e+00
-8.909395720e+00-9.035200590e+00-9.163073810e+00-9.293107900e+00-9.423946260e+00
-9.552002400e+00-9.674378180e+00-9.789365170e+00-9.896984800e+00-9.998355080e+00
-1.009405380e+01-1.018458760e+01-1.027017210e+01-1.035081640e+01-1.042632560e+01
-1.049632960e+01-1.056048130e+01-1.061844930e+01-1.066988190e+01-1.071441890e+01
-1.075169990e+01-1.078136250e+01-1.080304070e+01-1.081636300e+01-1.082095260e+01
-1.081642700e+01-1.080239930e+01-1.077848170e+01-1.074429210e+01-1.069945580e+01
-1.064359080e+01-1.057628000e+01-1.049707310e+01-1.040554130e+01-1.030138680e+01
-1.018425810e+01-1.005328680e+01-9.907257590e+00-9.743376010e+00-9.555367230e+00
-9.340339360e+00-9.103424400e+00-8.859511970e+00-8.603430110e+00-8.334622330e+00
-8.054031120e+00-7.761758300e+00-7.458014340e+00-7.142913110e+00-6.816554500e+00
-6.479029050e+00-6.130438420e+00-5.770909300e+00-5.400595150e+00-5.019673240e+00
-4.628340270e+00-4.226808200e+00-3.815300810e+00-3.394051130e+00-2.963299540e+00
-2.523292420e+00-2.074281250e+00-1.616521900e+00-1.150274100e+00-6.758009340e-01
-1.933684110e-01 2.967549570e-01 7.942985630e-01 1.298990080e+00 1.810555830e+00
 2.328721070e+00 2.853210280e+00 3.383747430e+00 3.920056140e+00 4.461859870e+00
 5.008882010e+00 5.560846030e+00 6.117475520e+00 6.678494220e+00 7.243626110e+00
 7.812595380e+00 8.385126510e+00 8.960944220e+00 9.539773570e+00 1.012134000e+01
 1.070536930e+01 1.129158780e+01 1.187972250e+01 1.246950120e+01 1.306065230e+01
 1.365290580e+01 1.424599290e+01 1.483964650e+01 1.543360150e+01 1.602759550e+01
 1.662136860e+01 1.721466480e+01 1.780723140e+01 1.839882060e+01 1.898918940e+01
-6.254046060e+00-6.305312900e+00-6.359776740e+00-6.417454040e+00-6.478338000e+00
-6.542402050e+00-6.609603030e+00-6.679883840e+00-6.753175830e+00-6.829400960e+00
-6.908473600e+00-6.990302200e+00-7.074790790e+00-7.161840290e+00-7.251349680e+00
-7.343217140e+00-7.437341020e+00-7.533620780e+00-7.631957880e+00-7.732256700e+00
-7.834425310e+00-7.938376500e+00-8.044028660e+00-8.151306870e+00-8.260144210e+00
-8.370483180e+00-8.482277480e+00-8.595494240e+00-8.710116460e+00-8.826145860e+00
-8.943605180e+00-9.062539130e+00-9.183012760e+00-9.305112860e+00-9.426912990e+00
-9.545230800e+00-9.657432630e+00-9.761898590e+00-9.858321230e+00-9.947639200e+00
-1.003045470e+01-1.010714800e+01-1.017799440e+01-1.024302980e+01-1.030215500e+01
-1.035517930e+01-1.040179980e+01-1.044164810e+01-1.047435540e+01-1.049957140e+01
-1.051694970e+01-1.052613950e+01-1.052678390e+01-1.051851940e+01-1.050097160e+01
-1.047375230e+01-1.043646340e+01-1.038873070e+01-1.033025460e+01-1.026076570e+01
-1.017982500e+01-1.008675960e+01-9.980768510e+00-9.860481360e+00-9.722892230e+00
-9.562610170e+00-9.378033950e+00-9.171701180e+00-8.959677900e+00-8.736402980e+00
-8.500690540e+00-8.253681390e+00-7.995206540e+00-7.725185180e+00-7.443739810e+00
-7.150983090e+00-6.847034300e+00-6.532004000e+00-6.205999090e+00-5.869127740e+00
-5.521505810e+00-5.163261990e+00-4.794540230e+00-4.415499980e+00-4.026315140e+00
-3.627172430e+00-3.218269720e+00-2.799814380e+00-2.372021970e+00-1.935115120e+00
-1.489322580e+00-1.034878550e+00-5.720220500e-01-1.009964080e-01 3.779511910e-01
 8.645701060e-01 1.358606590e+00 1.859804150e+00 2.367903770e+00 2.882644240e+00
 3.403762320e+00 3.930992980e+00 4.464069480e+00 5.002723560e+00 5.546685500e+00
 6.095684180e+00 6.649447150e+00 7.207700650e+00 7.770169640e+00 8.336577790e+00
 8.906647520e+00 9.480100000e+00 1.005665520e+01 1.063603190e+01 1.121794780e+01
 1.180211950e+01 1.238826290e+01 1.297609290e+01 1.356532420e+01 1.415567080e+01
 1.474684710e+01 1.533856760e+01 1.593054750e+01 1.652250340e+01 1.711415330e+01
 1.770521770e+01 1.829541970e+01 1.888448600e+01 1.947214750e+01-6.154061110e+00
-6.216172880e+00-6.280489980e+00-6.347073660e+00-6.415959110e+00-6.487159030e+00
-6.560666770e+00-6.636459100e+00-6.714498670e+00-6.794736210e+00-6.877112480e+00
-6.961560030e+00-7.048004750e+00-7.136367320e+00-7.226564460e+00-7.318510100e+00
-7.412116500e+00-7.507295180e+00-7.603957890e+00-7.702017520e+00-7.801388960e+00
-7.901989980e+00-8.003742130e+00-8.106571720e+00-8.210410850e+00-8.315198570e+00
-8.420882170e+00-8.527418660e+00-8.634776370e+00-8.742936740e+00-8.851896170e+00
-8.961668230e+00-9.072286750e+00-9.183811630e+00-9.296339570e+00-9.407977780e+00
-9.515855580e+00-9.617592850e+00-9.711555650e+00-9.797038770e+00-9.874375970e+00
-9.944333190e+00-1.000725100e+01-1.006331240e+01-1.011264530e+01-1.015523000e+01
-1.019090540e+01-1.021943120e+01-1.024052680e+01-1.025388670e+01-1.025918390e+01
-1.025607860e+01-1.024422730e+01-1.022328710e+01-1.019290250e+01-1.015266680e+01
-1.010206780e+01-1.004049430e+01-9.967282830e+00-9.881685580e+00-9.782281440e+00
-9.666040680e+00-9.530837280e+00-9.375862410e+00-9.202790440e+00-9.015998460e+00
-8.820350540e+00-8.613644780e+00-8.396662390e+00-8.168958350e+00-7.930217020e+00
-7.680431640e+00-7.419579920e+00-7.147662070e+00-6.864721110e+00-6.570823270e+00
-6.266049470e+00-5.950489300e+00-5.624239240e+00-5.287402940e+00-4.940092730e+00
-4.582431170e+00-4.214552100e+00-3.836600990e+00-3.448734720e+00-3.051120870e+00
-2.643936970e+00-2.227369500e+00-1.801613110e+00-1.366869740e+00-9.233479470e-01
-4.712623120e-01-1.083287600e-02 4.577153000e-01 9.341525370e-01 1.418244890e+00
 1.909754430e+00 2.408439560e+00 2.914055180e+00 3.426352930e+00 3.945081300e+00
 4.469985800e+00 5.000809070e+00 5.537290880e+00 6.079168240e+00 6.626175400e+00
 7.178043860e+00 7.734502390e+00 8.295276950e+00 8.860090740e+00 9.428664180e+00
 1.000071480e+01 1.057595750e+01 1.115410430e+01 1.173486440e+01 1.231794460e+01
 1.290304890e+01 1.348987910e+01 1.407813490e+01 1.466751400e+01 1.525771260e+01
 1.584842540e+01 1.643934680e+01 1.703017060e+01 1.762059090e+01 1.821030290e+01
 1.879900310e+01 1.938639070e+01 1.997216780e+01-6.050767290e+00-6.123479850e+00
-6.197511700e+00-6.272953110e+00-6.349867580e+00-6.428295100e+00-6.508255050e+00
-6.589748880e+00-6.672762430e+00-6.757268120e+00-6.843226800e+00-6.930589530e+00
-7.019299150e+00-7.109291690e+00-7.200497620e+00-7.292843100e+00-7.386250990e+00
-7.480641870e+00-7.575934920e+00-7.672048800e+00-7.768902440e+00-7.866415820e+00
-7.964510700e+00-8.063111360e+00-8.162145330e+00-8.261544170e+00-8.361244170e+00
-8.461187150e+00-8.561321240e+00-8.661601690e+00-8.761991740e+00-8.862463790e+00
-8.963001130e+00-9.063601080e+00-9.164280680e+00-9.265087220e+00-9.364934320e+00
-9.461082210e+00-9.551406830e+00-9.634271210e+00-9.708728680e+00-9.774432370e+00
-9.831580600e+00-9.880679710e+00-9.922070610e+00-9.955818210e+00-9.981859250e+00
-1.000007000e+01-1.001027470e+01-1.001223160e+01-1.000562270e+01-9.990064200e+00
-9.965130070e+00-9.930381550e+00-9.885353640e+00-9.829378210e+00-9.761080020e+00
-9.678402970e+00-9.579562840e+00-9.463963080e+00-9.331119730e+00-9.181464890e+00
-9.025903240e+00-8.860219270e+00-8.682990540e+00-8.494388620e+00-8.295046440e+00
-8.085003230e+00-7.864350710e+00-7.633052070e+00-7.391046810e+00-7.138307820e+00
-6.874827680e+00-6.600618260e+00-6.315711790e+00-6.020157780e+00-5.714019840e+00
-5.397373000e+00-5.070302160e+00-4.732901490e+00-4.385274420e+00-4.027533880e+00
-3.659802580e+00-3.282213010e+00-2.894907350e+00-2.498037090e+00-2.091762630e+00
-1.676252670e+00-1.251683720e+00-8.182395240e-01-3.761105600e-01 7.450640230e-02
 5.334087300e-01 1.000388280e+00 1.475231720e+00 1.957720790e+00 2.447632530e+00
 2.944739500e+00 3.448809910e+00 3.959607750e+00 4.476892890e+00 5.000421140e+00
 5.529944250e+00 6.065210000e+00 6.605962100e+00 7.151940210e+00 7.702879860e+00
 8.258512430e+00 8.818565050e+00 9.382760540e+00 9.950817380e+00 1.052244960e+01
 1.109736680e+01 1.167527420e+01 1.225587240e+01 1.283885780e+01 1.342392230e+01
 1.401075380e+01 1.459903620e+01 1.518844970e+01 1.577867130e+01 1.636937460e+01
 1.696023120e+01 1.755091030e+01 1.814108030e+01 1.873040840e+01 1.931856250e+01
 1.990521110e+01 2.049002520e+01-5.948065500e+00-6.030959990e+00-6.114399200e+00
-6.198487790e+00-6.283304550e+00-6.368905170e+00-6.455324820e+00-6.542580470e+00
-6.630673060e+00-6.719589410e+00-6.809304020e+00-6.899780720e+00-6.990974110e+00
-7.082830970e+00-7.175291410e+00-7.268290050e+00-7.361757010e+00-7.455618810e+00
-7.549799260e+00-7.644220150e+00-7.738801970e+00-7.833464540e+00-7.928127480e+00
-8.022710760e+00-8.117135070e+00-8.211322100e+00-8.305194810e+00-8.398677450e+00
-8.491695500e+00-8.584175290e+00-8.676043360e+00-8.767225250e+00-8.857643430e+00
-8.947213630e+00-9.035837650e+00-9.123388460e+00-9.209677640e+00-9.295526280e+00
-9.377579140e+00-9.454146380e+00-9.523768620e+00-9.585350980e+00-9.638295220e+00
-9.682360640e+00-9.717473640e+00-9.743636120e+00-9.760865370e+00-9.769139910e+00
-9.768346580e+00-9.758226100e+00-9.738285460e+00-9.707805020e+00-9.665896420e+00
-9.611626150e+00-9.544251960e+00-9.463500080e+00-9.368586870e+00-9.259097490e+00
-9.135696870e+00-9.005007310e+00-8.864237360e+00-8.712664720e+00-8.551133820e+00
-8.379380810e+00-8.197104220e+00-8.004221270e+00-7.800783350e+00-7.586825930e+00
-7.362376470e+00-7.127441320e+00-6.882017460e+00-6.626105630e+00-6.359715100e+00
-6.082866140e+00-5.795591150e+00-5.497934510e+00-5.189951810e+00-4.871709040e+00
-4.543281820e+00-4.204754950e+00-3.856222190e+00-3.497786150e+00-3.129558290e+00
-2.751658740e+00-2.364216250e+00-1.967367920e+00-1.561258920e+00-1.146042150e+00
-7.218778880e-01-2.889334700e-01 1.526170970e-01 6.025934280e-01 1.060809050e+00
 1.527071670e+00 2.001183370e+00 2.482940800e+00 2.972135350e+00 3.468553200e+00
 3.971975490e+00 4.482178280e+00 4.998932620e+00 5.522004540e+00 6.051154960e+00
 6.586139700e+00 7.126709330e+00 7.672609120e+00 8.223578880e+00 8.779352840e+00
 9.339659560e+00 9.904221720e+00 1.047275610e+01 1.104497320e+01 1.162057770e+01
 1.219926780e+01 1.278073530e+01 1.336466590e+01 1.395073900e+01 1.453862790e+01
 1.512800000e+01 1.571851670e+01 1.630983440e+01 1.690160430e+01 1.749347310e+01
 1.808508360e+01 1.867607560e+01 1.926608620e+01 1.985475140e+01 2.044170630e+01
 2.102658680e+01-5.849385210e+00-5.941933160e+00-6.034360950e+00-6.126774940e+00
-6.219257680e+00-6.311870160e+00-6.404653870e+00-6.497632810e+00-6.590815280e+00
-6.684195590e+00-6.777755650e+00-6.871466410e+00-6.965289210e+00-7.059177000e+00
-7.153075450e+00-7.246923990e+00-7.340656700e+00-7.434203140e+00-7.527489100e+00
-7.620437190e+00-7.712967410e+00-7.804997590e+00-7.896443720e+00-7.987220190e+00
-8.077239850e+00-8.166414000e+00-8.254652090e+00-8.341861300e+00-8.427945720e+00
-8.512805220e+00-8.596333770e+00-8.678417130e+00-8.758929650e+00-8.837729910e+00
-8.914655220e+00-8.989515350e+00-9.062088590e+00-9.132130190e+00-9.199091630e+00
-9.263492970e+00-9.322453020e+00-9.374438560e+00-9.418578310e+00-9.454249330e+00
-9.480762220e+00-9.497580490e+00-9.504299780e+00-9.500605600e+00-9.486259440e+00
-9.461145250e+00-9.424724310e+00-9.376301300e+00-9.315212970e+00-9.241081670e+00
-9.154145630e+00-9.059438660e+00-8.954802580e+00-8.839341870e+00-8.713066840e+00
-8.576714870e+00-8.430233710e+00-8.273542550e+00-8.106691550e+00-7.929644890e+00
-7.742337830e+00-7.544730940e+00-7.336815310e+00-7.118594600e+00-6.890077010e+00
-6.651270750e+00-6.402184660e+00-6.142830850e+00-5.873227010e+00-5.593398100e+00
-5.303377390e+00-5.003206870e+00-4.692937410e+00-4.372628540e+00-4.042348320e+00
-3.702173100e+00-3.352187400e+00-2.992483810e+00-2.623162890e+00-2.244333050e+00
-1.856110470e+00-1.458618900e+00-1.051989510e+00-6.363606670e-01-2.118777250e-01
 2.213072020e-01 6.630354490e-01 1.113142000e+00 1.571455650e+00 2.037799180e+00
 2.511989470e+00 2.993837590e+00 3.483148830e+00 3.979722800e+00 4.483353350e+00
 4.993828600e+00 5.510930840e+00 6.034436420e+00 6.564115700e+00 7.099732820e+00
 7.641045590e+00 8.187805280e+00 8.739756430e+00 9.296636610e+00 9.858176230e+00
 1.042409830e+01 1.099411820e+01 1.156794360e+01 1.214527390e+01 1.272580080e+01
 1.330920720e+01 1.389516800e+01 1.448334960e+01 1.507341020e+01 1.566499960e+01
 1.625775970e+01 1.685132470e+01 1.744532150e+01 1.803937010e+01 1.863308450e+01
 1.922607320e+01 1.981794020e+01 2.040828590e+01 2.099670860e+01 2.158280520e+01
-5.757691380e+00-5.859311070e+00-5.960248150e+00-6.060600360e+00-6.160444430e+00
-6.259837730e+00-6.358819890e+00-6.457414370e+00-6.555629910e+00-6.653461990e+00
-6.750894170e+00-6.847899280e+00-6.944440650e+00-7.040473140e+00-7.135944150e+00
-7.230794470e+00-7.324959130e+00-7.418368050e+00-7.510946700e+00-7.602616590e+00
-7.693295630e+00-7.782898500e+00-7.871336760e+00-7.958518860e+00-8.044350080e+00
-8.128732120e+00-8.211562590e+00-8.292734200e+00-8.372133580e+00-8.449639740e+00
-8.525121900e+00-8.598436850e+00-8.669425270e+00-8.737907210e+00-8.803676150e+00
-8.866491380e+00-8.926067800e+00-8.982060360e+00-9.034034040e+00-9.081486290e+00
-9.123538300e+00-9.159414900e+00-9.188602720e+00-9.210923480e+00-9.224413300e+00
-9.228094880e+00-9.221278830e+00-9.203471510e+00-9.174362960e+00-9.136232860e+00
-9.088145640e+00-9.029496370e+00-8.959922090e+00-8.879330240e+00-8.787974700e+00
-8.686524410e+00-8.574962560e+00-8.453183700e+00-8.321188320e+00-8.179077180e+00
-8.026889660e+00-7.864636010e+00-7.692323540e+00-7.509944970e+00-7.317484610e+00
-7.114929010e+00-6.902271680e+00-6.679512400e+00-6.446655630e+00-6.203709380e+00
-5.950685050e+00-5.687598140e+00-5.414469040e+00-5.131323950e+00-4.838195510e+00
-4.535123240e+00-4.222153810e+00-3.899341160e+00-3.566746530e+00-3.224438430e+00
-2.872492610e+00-2.510992030e+00-2.140026790e+00-1.759694090e+00-1.370098130e+00
-9.713500460e-01-5.635677660e-01-1.468759370e-01 2.785942190e-01 7.127050170e-01
 1.155312420e+00 1.606266130e+00 2.065409690e+00 2.532580510e+00 3.007609910e+00
 3.490323150e+00 3.980539360e+00 4.478071500e+00 4.982726320e+00 5.494304140e+00
 6.012598820e+00 6.537397460e+00 7.068480300e+00 7.605620400e+00 8.148583420e+00
 8.697127330e+00 9.251002080e+00 9.809949320e+00 1.037370210e+01 1.094198430e+01
 1.151451090e+01 1.209098680e+01 1.267110720e+01 1.325455730e+01 1.384101150e+01
 1.443013380e+01 1.502157750e+01 1.561498500e+01 1.620998820e+01 1.680620800e+01
 1.740325540e+01 1.800073080e+01 1.859822570e+01 1.919532240e+01 1.979159520e+01
 2.038661140e+01 2.097993210e+01 2.157111410e+01 2.215971070e+01-5.675515600e+00
-5.785617880e+00-5.894566900e+00-6.002443910e+00-6.109312220e+00-6.215218380e+00
-6.320193330e+00-6.424253570e+00-6.527402350e+00-6.629630780e+00-6.730918930e+00
-6.831236870e+00-6.930545640e+00-7.028798140e+00-7.125939990e+00-7.221910290e+00
-7.316642290e+00-7.410063970e+00-7.502098520e+00-7.592664800e+00-7.681677530e+00
-7.769047550e+00-7.854681800e+00-7.938483220e+00-8.020350470e+00-8.100177480e+00
-8.177852720e+00-8.253258270e+00-8.326268530e+00-8.396748560e+00-8.464552040e+00
-8.529518590e+00-8.591470590e+00-8.650209110e+00-8.705509100e+00-8.757113410e+00
-8.804725620e+00-8.848001470e+00-8.886539500e+00-8.919874760e+00-8.947465750e+00
-8.968755240e+00-8.983198460e+00-8.990225870e+00-8.989096880e+00-8.979173730e+00
-8.959961000e+00-8.931125710e+00-8.892531620e+00-8.844310320e+00-8.786317130e+00
-8.718354680e+00-8.640270500e+00-8.552004320e+00-8.453600200e+00-8.345167440e+00
-8.226751150e+00-8.098362390e+00-7.960014840e+00-7.811732380e+00-7.653532880e+00
-7.485426340e+00-7.307417190e+00-7.119504770e+00-6.921685410e+00-6.713955370e+00
-6.496313030e+00-6.268759780e+00-6.031300400e+00-5.783943050e+00-5.526699560e+00
-5.259585720e+00-4.982621810e+00-4.695833010e+00-4.399249850e+00-4.092908590e+00
-3.776851390e+00-3.451126600e+00-3.115788750e+00-2.770898730e+00-2.416523760e+00
-2.052737400e+00-1.679619610e+00-1.297256680e+00-9.057412280e-01-5.051721730e-01
-9.565468420e-02 3.226998580e-01 7.497739030e-01 1.185443770e+00 1.629579680e+00
 2.082045750e+00 2.542700010e+00 3.011394370e+00 3.487974580e+00 3.972280110e+00
 4.464144100e+00 4.963393180e+00 5.469847300e+00 5.983319550e+00 6.503615890e+00
 7.030534890e+00 7.563867440e+00 8.103396390e+00 8.648896170e+00 9.200132440e+00
 9.756861630e+00 1.031883050e+01 1.088577580e+01 1.145742370e+01 1.203348900e+01
 1.261367560e+01 1.319767500e+01 1.378516660e+01 1.437581680e+01 1.496927930e+01
 1.556519410e+01 1.616318790e+01 1.676287390e+01 1.736385130e+01 1.796570610e+01
 1.856801130e+01 1.917032680e+01 1.977220060e+01 2.037316960e+01 2.097276020e+01
 2.157049010e+01 2.216586930e+01 2.275840200e+01-5.605001810e+00-5.723025310e+00
-5.839504530e+00-5.954498520e+00-6.068051480e+00-6.180193500e+00-6.290941400e+00
-6.400299520e+00-6.508260640e+00-6.614806830e+00-6.719910290e+00-6.823534270e+00
-6.925633760e+00-7.026156330e+00-7.125042770e+00-7.222227780e+00-7.317640460e+00
-7.411204860e+00-7.502840340e+00-7.592461870e+00-7.679980260e+00-7.765302200e+00
-7.848330240e+00-7.928962600e+00-8.007092840e+00-8.082609310e+00-8.155394460e+00
-8.225323900e+00-8.292265190e+00-8.356076330e+00-8.416604040e+00-8.473681500e+00
-8.527125890e+00-8.576735440e+00-8.622286090e+00-8.663527930e+00-8.700181360e+00
-8.731933680e+00-8.758436550e+00-8.779305900e+00-8.794125450e+00-8.802459020e+00
-8.803859410e+00-8.797869110e+00-8.784022230e+00-8.761888690e+00-8.731103290e+00
-8.691381470e+00-8.642522770e+00-8.584393650e+00-8.516860660e+00-8.439796140e+00
-8.353096440e+00-8.256695050e+00-8.150563910e+00-8.034700510e+00-7.909105870e+00
-7.773779770e+00-7.628723090e+00-7.473938650e+00-7.309429080e+00-7.135195650e+00
-6.951238100e+00-6.757554890e+00-6.554143980e+00-6.341003820e+00-6.118134310e+00
-5.885537500e+00-5.643218100e+00-5.391183770e+00-5.129445490e+00-4.858017810e+00
-4.576919240e+00-4.286172540e+00-3.985805000e+00-3.675848760e+00-3.356340970e+00
-3.027324010e+00-2.688845600e+00-2.340958890e+00-1.983722570e+00-1.617200900e+00
-1.241463790e+00-8.565867470e-01-4.626509970e-01-5.974343130e-02 3.520433520e-01
 7.726110380e-01 1.201855580e+00 1.639667150e+00 2.085930130e+00 2.540523050e+00
 3.003318470e+00 3.474182950e+00 3.952976860e+00 4.439554270e+00 4.933762730e+00
 5.435443090e+00 5.944429200e+00 6.460547660e+00 6.983617450e+00 7.513449600e+00
 8.049846760e+00 8.592602730e+00 9.141502060e+00 9.696319450e+00 1.025681920e+01
 1.082275480e+01 1.139386800e+01 1.196988860e+01 1.255053340e+01 1.313550600e+01
 1.372449570e+01 1.431717740e+01 1.491321070e+01 1.551223940e+01 1.611389110e+01
 1.671777670e+01 1.732349060e+01 1.793060970e+01 1.853869420e+01 1.914728720e+01
 1.975591550e+01 2.036408980e+01 2.097130560e+01 2.157704430e+01 2.218077480e+01
 2.278195470e+01 2.338003230e+01-5.547958790e+00-5.673395650e+00-5.796964420e+00
-5.918698010e+00-6.038617420e+00-6.156732110e+00-6.273040570e+00-6.387530860e+00
-6.500181260e+00-6.610960940e+00-6.719830620e+00-6.826743220e+00-6.931644560e+00
-7.034473900e+00-7.135164610e+00-7.233644610e+00-7.329836900e+00-7.423659910e+00
-7.515027860e+00-7.603850950e+00-7.690035540e+00-7.773484150e+00-7.854095390e+00
-7.931763760e+00-8.006379280e+00-8.077827020e+00-8.145986410e+00-8.210730460e+00
-8.271924680e+00-8.329425920e+00-8.383080910e+00-8.432724680e+00-8.478178760e+00
-8.519249260e+00-8.555724850e+00-8.587374920e+00-8.613947820e+00-8.635169860e+00
-8.650745220e+00-8.660357290e+00-8.663672020e+00-8.660343280e+00-8.650018820e+00
-8.632346610e+00-8.606983310e+00-8.573607970e+00-8.531933970e+00-8.481716230e+00
-8.422752180e+00-8.354875520e+00-8.277944600e+00-8.191838590e+00-8.096458390e+00
-7.991727800e+00-7.877592160e+00-7.754013800e+00-7.620965980e+00-7.478428920e+00
-7.326387850e+00-7.164831650e+00-6.993751700e+00-6.813140890e+00-6.622993230e+00
-6.423303590e+00-6.214067900e+00-5.995283410e+00-5.766949070e+00-5.529065900e+00
-5.281637340e+00-5.024669450e+00-4.758171270e+00-4.482155010e+00-4.196636300e+00
-3.901634450e+00-3.597172670e+00-3.283278240e+00-2.959982740e+00-2.627322170e+00
-2.285337100e+00-1.934072770e+00-1.573579190e+00-1.203911210e+00-8.251286230e-01
-4.372961670e-01-4.048363330e-02 3.652341050e-01 7.797770270e-01 1.203059910e+00
 1.634992250e+00 2.075478190e+00 2.524416440e+00 2.981700100e+00 3.447216620e+00
 3.920847550e+00 4.402468410e+00 4.891948420e+00 5.389150290e+00 5.893929890e+00
 6.406135930e+00 6.925609590e+00 7.452184080e+00 7.985684200e+00 8.525925810e+00
 9.072715290e+00 9.625848930e+00 1.018511230e+01 1.075027940e+01 1.132111230e+01
 1.189736010e+01 1.247875800e+01 1.306502670e+01 1.365587180e+01 1.425098230e+01
 1.485003040e+01 1.545267020e+01 1.605853740e+01 1.666724810e+01 1.727839850e+01
 1.789156430e+01 1.850630010e+01 1.912213940e+01 1.973859430e+01 2.035515620e+01
 2.097129540e+01 2.158646250e+01 2.220008910e+01 2.281158960e+01 2.342036220e+01
 2.402579190e+01-5.505913850e+00-5.638327580e+00-5.768604750e+00-5.896749640e+00
-6.022757200e+00-6.146613260e+00-6.268294820e+00-6.387770460e+00-6.505000780e+00
-6.619938930e+00-6.732531100e+00-6.842717050e+00-6.950430700e+00-7.055600560e+00
-7.158150270e+00-7.257999050e+00-7.355062030e+00-7.449250670e+00-7.540472960e+00
-7.628633640e+00-7.713634280e+00-7.795373310e+00-7.873745920e+00-7.948643880e+00
-8.019955180e+00-8.087563650e+00-8.151348340e+00-8.211182910e+00-8.266934730e+00
-8.318464010e+00-8.365622720e+00-8.408253440e+00-8.446188240e+00-8.479247410e+00
-8.507238420e+00-8.529954980e+00-8.547176470e+00-8.558667850e+00-8.564180350e+00
-8.563452920e+00-8.556214840e+00-8.542189190e+00-8.521097110e+00-8.492662790e+00
-8.456619130e+00-8.412714040e+00-8.360716000e+00-8.300417740e+00-8.231637450e+00
-8.154217520e+00-8.068021990e+00-7.972934480e+00-7.868857040e+00-7.755709080e+00
-7.633425720e+00-7.501955510e+00-7.361257700e+00-7.211299920e+00-7.052056290e+00
-6.883506000e+00-6.705632190e+00-6.518421050e+00-6.321861290e+00-6.115943720e+00
-5.900661100e+00-5.676008130e+00-5.441981540e+00-5.198580150e+00-4.945805110e+00
-4.683660000e+00-4.412151040e+00-4.131287200e+00-3.841080480e+00-3.541545960e+00
-3.232702050e+00-2.914570620e+00-2.587177140e+00-2.250550820e+00-1.904724720e+00
-1.549735870e+00-1.185625380e+00-8.124384820e-01-4.302246790e-01-3.903778060e-02
 3.610640000e-01 7.700179640e-01 1.187756840e+00 1.614208700e+00 2.049296830e+00
 2.492939610e+00 2.945050420e+00 3.405537410e+00 3.874303370e+00 4.351245500e+00
 4.836255140e+00 5.329217530e+00 5.830011470e+00 6.338508940e+00 6.854574750e+00
 7.378066020e+00 7.908831710e+00 8.446712060e+00 8.991537970e+00 9.543130340e+00
 1.010129930e+01 1.066584360e+01 1.123654940e+01 1.181318970e+01 1.239552340e+01
 1.298329410e+01 1.357622910e+01 1.417403840e+01 1.477641360e+01 1.538302660e+01
 1.599352890e+01 1.660755000e+01 1.722469660e+01 1.784455170e+01 1.846667350e+01
 1.909059500e+01 1.971582280e+01 2.034183750e+01 2.096809290e+01 2.159401660e+01
 2.221901040e+01 2.284245110e+01 2.346369220e+01 2.408206530e+01 2.469688280e+01
-5.480163950e+00-5.619201140e+00-5.755877910e+00-5.890168390e+00-6.022039630e+00
-6.151451660e+00-6.278357660e+00-6.402704280e+00-6.524431910e+00-6.643475150e+00
-6.759763160e+00-6.873220170e+00-6.983765880e+00-7.091315950e+00-7.195782390e+00
-7.297073960e+00-7.395096520e+00-7.489753320e+00-7.580945250e+00-7.668570990e+00
-7.752527100e+00-7.832708040e+00-7.909006080e+00-7.981311140e+00-8.049510500e+00
-8.113488460e+00-8.173125880e+00-8.228299610e+00-8.278881860e+00-8.324739530e+00
-8.365733400e+00-8.401717390e+00-8.432537770e+00-8.458032430e+00-8.478030330e+00
-8.492351090e+00-8.500804870e+00-8.503192700e+00-8.499307190e+00-8.488933830e+00
-8.471852930e+00-8.447842000e+00-8.416678660e+00-8.378143970e+00-8.332025840e+00
-8.278122580e+00-8.216245920e+00-8.146223160e+00-8.067898380e+00-7.981132540e+00
-7.885802950e+00-7.781802460e+00-7.669038500e+00-7.547432130e+00-7.416916740e+00
-7.277436660e+00-7.128945570e+00-6.971405030e+00-6.804783100e+00-6.629053240e+00
-6.444193330e+00-6.250184900e+00-6.047012580e+00-5.834663630e+00-5.613127720e+00
-5.382396690e+00-5.142464540e+00-4.893327380e+00-4.634983460e+00-4.367433280e+00
-4.090679600e+00-3.804727620e+00-3.509585040e+00-3.205262180e+00-2.891772120e+00
-2.569130800e+00-2.237357160e+00-1.896473200e+00-1.546504140e+00-1.187478470e+00
-8.194280970e-01-4.423883940e-01-5.639831490e-02 3.384995170e-01 7.422587160e-01
 1.154829030e+00 1.576156250e+00 2.006182040e+00 2.444843870e+00 2.892074830e+00
 3.347803460e+00 3.811953550e+00 4.284443930e+00 4.765188220e+00 5.254094530e+00
 5.751065150e+00 6.255996130e+00 6.768776940e+00 7.289289910e+00 7.817409800e+00
 8.353003130e+00 8.895927600e+00 9.446031350e+00 1.000315220e+01 1.056711670e+01
 1.113773930e+01 1.171482150e+01 1.229815050e+01 1.288749800e+01 1.348261930e+01
 1.408325200e+01 1.468911400e+01 1.529990320e+01 1.591529480e+01 1.653494100e+01
 1.715846850e+01 1.778547790e+01 1.841554160e+01 1.904820270e+01 1.968297410e+01
 2.031933670e+01 2.095673940e+01 2.159459790e+01 2.223229470e+01 2.286917930e+01
 2.350456900e+01 2.413774960e+01 2.476797790e+01 2.539448350e+01-5.471822360e+00
-5.617219900e+00-5.760068390e+00-5.900310950e+00-6.037885480e+00-6.172724670e+00
-6.304756160e+00-6.433902690e+00-6.560082430e+00-6.683209320e+00-6.803193420e+00
-6.919941340e+00-7.033356640e+00-7.143340270e+00-7.249790900e+00-7.352605360e+00
-7.451678920e+00-7.546905620e+00-7.638178430e+00-7.725389480e+00-7.808430130e+00
-7.887190970e+00-7.961561770e+00-8.031431390e+00-8.096687470e+00-8.157216210e+00
-8.212901950e+00-8.263626750e+00-8.309269890e+00-8.349707310e+00-8.384811090e+00
-8.414448830e+00-8.438483180e+00-8.456771370e+00-8.469164880e+00-8.475509260e+00
-8.475644210e+00-8.469403920e+00-8.456617660e+00-8.437110840e+00-8.410706300e+00
-8.377225950e+00-8.336492730e+00-8.288332710e+00-8.232577200e+00-8.169064910e+00
-8.097643740e+00-8.018172200e+00-7.930520350e+00-7.834570190e+00-7.730215700e+00
-7.617362520e+00-7.495927450e+00-7.365837820e+00-7.227030590e+00-7.079451510e+00
-6.923054070e+00-6.757798510e+00-6.583650930e+00-6.400582390e+00-6.208568170e+00
-6.007587190e+00-5.797621450e+00-5.578655640e+00-5.350676830e+00-5.113674280e+00
-4.867639280e+00-4.612565070e+00-4.348446780e+00-4.075281470e+00-3.793068130e+00
-3.501807730e+00-3.201503300e+00-2.892159970e+00-2.573785080e+00-2.246388280e+00
-1.909981540e+00-1.564579350e+00-1.210198720e+00-8.468592930e-01-4.745834670e-01
-9.339644190e-02 2.966736670e-01 6.955957370e-01 1.103335540e+00 1.519855620e+00
 1.945115190e+00 2.379069980e+00 2.821672130e+00 3.272869960e+00 3.732607820e+00
 4.200825860e+00 4.677459810e+00 5.162440640e+00 5.655694300e+00 6.157141330e+00
 6.666696450e+00 7.184268100e+00 7.709757920e+00 8.243060170e+00 8.784061100e+00
 9.332638170e+00 9.888659330e+00 1.045198210e+01 1.102245240e+01 1.159990410e+01
 1.218415710e+01 1.277501640e+01 1.337227110e+01 1.397569220e+01 1.458503160e+01
 1.520002040e+01 1.582036680e+01 1.644575460e+01 1.707584130e+01 1.771025560e+01
 1.834859640e+01 1.899042990e+01 1.963528790e+01 2.028266650e+01 2.093202350e+01
 2.158277750e+01 2.223430650e+01 2.288594710e+01 2.353699380e+01 2.418669970e+01
 2.483427680e+01 2.547889770e+01 2.611969830e+01-5.481859750e+00-5.633449020e+00
-5.782327860e+00-5.928407890e+00-6.071597000e+00-6.211799390e+00-6.348915680e+00
-6.482843150e+00-6.613475980e+00-6.740705640e+00-6.864421250e+00-6.984509980e+00
-7.100857460e+00-7.213348240e+00-7.321866150e+00-7.426294680e+00-7.526517370e+00
-7.622418020e+00-7.713881030e+00-7.800791480e+00-7.883035320e+00-7.960499370e+00
-8.033071280e+00-8.100639460e+00-8.163092840e+00-8.220320680e+00-8.272212210e+00
-8.318656240e+00-8.359540820e+00-8.394752730e+00-8.424177030e+00-8.447696640e+00
-8.465191940e+00-8.476540400e+00-8.481616350e+00-8.480290880e+00-8.472431880e+00
-8.457904280e+00-8.436570520e+00-8.408291160e+00-8.372925840e+00-8.330334290e+00
-8.280377590e+00-8.222919510e+00-8.157827810e+00-8.084975570e+00-8.004242300e+00
-7.915514940e+00-7.818688440e+00-7.713666220e+00-7.600360300e+00-7.478691210e+00
-7.348587750e+00-7.209986570e+00-7.062831690e+00-6.907073890e+00-6.742670040e+00
-6.569582460e+00-6.387778270e+00-6.197228760e+00-5.997908850e+00-5.789796600e+00
-5.572872780e+00-5.347120530e+00-5.112525100e+00-4.869073610e+00-4.616754890e+00
-4.355559410e+00-4.085479160e+00-3.806507670e+00-3.518639930e+00-3.221872480e+00
-2.916203380e+00-2.601632290e+00-2.278160510e+00-1.945791030e+00-1.604528630e+00
-1.254379890e+00-8.953533510e-01-5.274594970e-01-1.507108990e-01 2.348777270e-01
 6.292894290e-01 1.032504920e+00 1.444502500e+00 1.865257910e+00 2.294744220e+00
 2.732931750e+00 3.179787800e+00 3.635276600e+00 4.099359020e+00 4.571992390e+00
 5.053130230e+00 5.542721950e+00 6.040712540e+00 6.547042130e+00 7.061645630e+00
 7.584452180e+00 8.115384630e+00 8.654358920e+00 9.201283350e+00 9.756057810e+00
 1.031857300e+01 1.088870920e+01 1.146633550e+01 1.205130850e+01 1.264347090e+01
 1.324265030e+01 1.384865730e+01 1.446128420e+01 1.508030270e+01 1.570546230e+01
 1.633648820e+01 1.697307850e+01 1.761490230e+01 1.826159730e+01 1.891276660e+01
 1.956797660e+01 2.022675390e+01 2.088858300e+01 2.155290340e+01 2.221910720e+01
 2.288653730e+01 2.355448500e+01 2.422218900e+01 2.488883500e+01 2.555355500e+01
 2.621542900e+01 2.687348690e+01-5.511139480e+00-5.668848650e+00-5.823706720e+00
-5.975593430e+00-6.124385930e+00-6.269958870e+00-6.412184620e+00-6.550933460e+00
-6.686074020e+00-6.817473560e+00-6.944998500e+00-7.068514820e+00-7.187888550e+00
-7.302986200e+00-7.413675250e+00-7.519824570e+00-7.621304750e+00-7.717988500e+00
-7.809750850e+00-7.896469430e+00-7.978024560e+00-8.054299350e+00-8.125179650e+00
-8.190553980e+00-8.250313390e+00-8.304351190e+00-8.352562700e+00-8.394844870e+00
-8.431095900e+00-8.461214860e+00-8.485101220e+00-8.502654470e+00-8.513773720e+00
-8.518357350e+00-8.516302800e+00-8.507506360e+00-8.491863140e+00-8.469267140e+00
-8.439611520e+00-8.402788930e+00-8.358692040e+00-8.307214170e+00-8.248250040e+00
-8.181696560e+00-8.107453610e+00-8.025424860e+00-7.935518470e+00-7.837647670e+00
-7.731731210e+00-7.617693700e+00-7.495465660e+00-7.364983630e+00-7.226189970e+00
-7.079032640e+00-6.923464920e+00-6.759444990e+00-6.586935520e+00-6.405903220e+00
-6.216318420e+00-6.018154610e+00-5.811388030e+00-5.595997340e+00-5.371963270e+00
-5.139268380e+00-4.897896760e+00-4.647833940e+00-4.389066650e+00-4.121582780e+00
-3.845371280e+00-3.560422120e+00-3.266726250e+00-2.964275620e+00-2.653063160e+00
-2.333082830e+00-2.004329660e+00-1.666799770e+00-1.320490420e+00-9.654000910e-01
-6.015285160e-01-2.288767570e-01 1.525527290e-01 5.427560200e-01 9.417276500e-01
 1.349460530e+00 1.765945830e+00 2.191172930e+00 2.625129240e+00 3.067800120e+00
 3.519168690e+00 3.979215710e+00 4.447919340e+00 4.925254950e+00 5.411194830e+00
 5.905707960e+00 6.408759590e+00 6.920310930e+00 7.440318680e+00 7.968734510e+00
 8.505504560e+00 9.050568730e+00 9.603859970e+00 1.016530350e+01 1.073481580e+01
 1.131230380e+01 1.189766340e+01 1.249077830e+01 1.309151890e+01 1.369974010e+01
 1.431528010e+01 1.493795810e+01 1.556757250e+01 1.620389820e+01 1.684668430e+01
 1.749565160e+01 1.815048910e+01 1.881085130e+01 1.947635490e+01 2.014657500e+01
 2.082104170e+01 2.149923630e+01 2.218058770e+01 2.286446850e+01 2.355019190e+01
 2.423700810e+01 2.492410180e+01 2.561059020e+01 2.629552160e+01 2.697787530e+01
 2.765656340e+01-5.560447310e+00-5.724302770e+00-5.885181970e+00-6.042932290e+00
-6.197399350e+00-6.348427170e+00-6.495858480e+00-6.639535090e+00-6.779298330e+00
-6.914989550e+00-7.046450630e+00-7.173524550e+00-7.296055950e+00-7.413891670e+00
-7.526881300e+00-7.634877660e+00-7.737737240e+00-7.835320640e+00-7.927492860e+00
-8.014123550e+00-8.095087220e+00-8.170263280e+00-8.239536120e+00-8.302794940e+00
-8.359933670e+00-8.410850700e+00-8.455448610e+00-8.493633740e+00-8.525315880e+00
-8.550407740e+00-8.568824580e+00-8.580483680e+00-8.585303930e+00-8.583205440e+00
-8.574109180e+00-8.557936690e+00-8.534609890e+00-8.504051000e+00-8.466182500e+00
-8.420927270e+00-8.368208800e+00-8.307951450e+00-8.240080840e+00-8.164524240e+00
-8.081211040e+00-7.990073140e+00-7.891045390e+00-7.784065900e+00-7.669076320e+00
-7.546022050e+00-7.414852310e+00-7.275520170e+00-7.127982460e+00-6.972199660e+00
-6.808135700e+00-6.635757710e+00-6.455035740e+00-6.265942480e+00-6.068452970e+00
-5.862544290e+00-5.648195270e+00-5.425386290e+00-5.194098960e+00-4.954315990e+00
-4.706020960e+00-4.449198240e+00-4.183832810e+00-3.909910190e+00-3.627416420e+00
-3.336337950e+00-3.036661640e+00-2.728374790e+00-2.411465080e+00-2.085920620e+00
-1.751729970e+00-1.408882180e+00-1.057366810e+00-6.971739560e-01-3.282943450e-01
 4.928065550e-02 4.355589670e-01 8.305477470e-01 1.234253320e+00 1.646681110e+00
 2.067835570e+00 2.497720060e+00 2.936336800e+00 3.383686710e+00 3.839769300e+00
 4.304582520e+00 4.778122560e+00 5.260383690e+00 5.751357980e+00 6.251035040e+00
 6.759401740e+00 7.276441760e+00 7.802135280e+00 8.336458400e+00 8.879382650e+00
 9.430874300e+00 9.990893690e+00 1.055939440e+01 1.113632220e+01 1.172161430e+01
 1.231519770e+01 1.291698810e+01 1.352688850e+01 1.414478740e+01 1.477055650e+01
 1.540404930e+01 1.604509810e+01 1.669351160e+01 1.734907230e+01 1.801153270e+01
 1.868061220e+01 1.935599330e+01 2.003731750e+01 2.072418040e+01 2.141612780e+01
 2.211265000e+01 2.281317710e+01 2.351707370e+01 2.422363330e+01 2.493207370e+01
 2.564153180e+01 2.635105990e+01 2.705962200e+01 2.776609200e+01 2.846925330e+01
-5.630515710e+00-5.800643420e+00-5.967681280e+00-6.131443610e+00-6.291743420e+00
-6.448392760e+00-6.601203150e+00-6.749986160e+00-6.894553930e+00-7.034719870e+00
-7.170299300e+00-7.301110200e+00-7.426973860e+00-7.547715570e+00-7.663165310e+00
-7.773158350e+00-7.877535790e+00-7.976145040e+00-8.068840270e+00-8.155482650e+00
-8.235940650e+00-8.310090080e+00-8.377814180e+00-8.439003500e+00-8.493555710e+00
-8.541375390e+00-8.582373630e+00-8.616467650e+00-8.643580290e+00-8.663639530e+00
-8.676577910e+00-8.682331990e+00-8.680841800e+00-8.672050280e+00-8.655902830e+00
-8.632346820e+00-8.601331250e+00-8.562806420e+00-8.516723730e+00-8.463035490e+00
-8.401694920e+00-8.332656120e+00-8.255874120e+00-8.171305080e+00-8.078906350e+00
-7.978636720e+00-7.870456540e+00-7.754327910e+00-7.630214770e+00-7.498083030e+00
-7.357900570e+00-7.209637280e+00-7.053264980e+00-6.888757360e+00-6.716089850e+00
-6.535239490e+00-6.346184720e+00-6.148905220e+00-5.943381760e+00-5.729595940e+00
-5.507530070e+00-5.277166950e+00-5.038489780e+00-4.791481970e+00-4.536127050e+00
-4.272408540e+00-4.000309940e+00-3.719814580e+00-3.430905650e+00-3.133566150e+00
-2.827778830e+00-2.513526250e+00-2.190790750e+00-1.859554470e+00-1.519799360e+00
-1.171507210e+00-8.146596860e-01-4.492383360e-01-7.522465500e-02 3.073998990e-01
 6.986538600e-01 1.098555710e+00 1.507123830e+00 1.924376470e+00 2.350331640e+00
 2.785007090e+00 3.228420240e+00 3.680588030e+00 4.141526880e+00 4.611252550e+00
 5.089779950e+00 5.577123060e+00 6.073294640e+00 6.578306030e+00 7.092166890e+00
 7.614884860e+00 8.146465160e+00 8.686910180e+00 9.236218970e+00 9.794386590e+00
 1.036140350e+01 1.093725470e+01 1.152191890e+01 1.211536740e+01 1.271756280e+01
 1.332845810e+01 1.394799430e+01 1.457609970e+01 1.521268690e+01 1.585765110e+01
 1.651086760e+01 1.717218840e+01 1.784143950e+01 1.851841710e+01 1.920288360e+01
 1.989456280e+01 2.059313550e+01 2.129823380e+01 2.200943510e+01 2.272625590e+01
 2.344814460e+01 2.417447490e+01 2.490453740e+01 2.563753300e+01 2.637256410e+01
 2.710862850e+01 2.784461210e+01 2.857928390e+01 2.931129240e+01-5.722043270e+00
-5.898670700e+00-6.072103560e+00-6.242121950e+00-6.408504800e+00-6.571030440e+00
-6.729477220e+00-6.883624230e+00-7.033252150e+00-7.178144040e+00-7.318086260e+00
-7.452869360e+00-7.582288970e+00-7.706146710e+00-7.824250930e+00-7.936417590e+00
-8.042470870e+00-8.142243820e+00-8.235578860e+00-8.322328140e+00-8.402353840e+00
-8.475528340e+00-8.541734170e+00-8.600864000e+00-8.652820330e+00-8.697515250e+00
-8.734869940e+00-8.764814200e+00-8.787285800e+00-8.802229910e+00-8.809598310e+00
-8.809348750e+00-8.801444190e+00-8.785852080e+00-8.762543710e+00-8.731493520e+00
-8.692678530e+00-8.646077820e+00-8.591672090e+00-8.529443210e+00-8.459374000e+00
-8.381447920e+00-8.295648960e+00-8.201961490e+00-8.100370210e+00-7.990860090e+00
-7.873416440e+00-7.748024830e+00-7.614671150e+00-7.473341620e+00-7.324022750e+00
-7.166701360e+00-7.001364520e+00-6.827999500e+00-6.646593710e+00-6.457134620e+00
-6.259609650e+00-6.054006080e+00-5.840310970e+00-5.618511010e+00-5.388592500e+00
-5.150541160e+00-4.904342150e+00-4.649979910e+00-4.387438170e+00-4.116699860e+00
-3.837747070e+00-3.550561070e+00-3.255122220e+00-2.951410040e+00-2.639403130e+00
-2.319079250e+00-1.990415290e+00-1.653387290e+00-1.307970440e+00-9.541391490e-01
-5.918670190e-01-2.211268880e-01 1.581091520e-01 5.458697330e-01 9.421841880e-01
 1.347082520e+00 1.760595400e+00 2.182754100e+00 2.613590480e+00 3.053136970e+00
 3.501426490e+00 3.958492410e+00 4.424368500e+00 4.899088810e+00 5.382687610e+00
 5.875199250e+00 6.376658000e+00 6.887097880e+00 7.406552470e+00 7.935054600e+00
 8.472636060e+00 9.019327260e+00 9.575156720e+00 1.014015060e+01 1.071433220e+01
 1.129772090e+01 1.189033180e+01 1.249217430e+01 1.310325130e+01 1.372355780e+01
 1.435307930e+01 1.499179000e+01 1.563965110e+01 1.629660820e+01 1.696258870e+01
 1.763749890e+01 1.832122040e+01 1.901360620e+01 1.971447630e+01 2.042361260e+01
 2.114075320e+01 2.186558580e+01 2.259774090e+01 2.333678360e+01 2.408220490e+01
 2.483341210e+01 2.558971880e+01 2.635033320e+01 2.711434780e+01 2.788072670e+01
 2.864829490e+01 2.941572790e+01 3.018154240e+01-5.835709540e+00-6.019168740e+00
-6.199335980e+00-6.375955440e+00-6.548769950e+00-6.717521740e+00-6.881953390e+00
-7.041808790e+00-7.196834180e+00-7.346779330e+00-7.491398610e+00-7.630452240e+00
-7.763707380e+00-7.890939280e+00-8.011932290e+00-8.126480930e+00-8.234390670e+00
-8.335478770e+00-8.429574870e+00-8.516521470e+00-8.596174300e+00-8.668402490e+00
-8.733088530e+00-8.790128210e+00-8.839430280e+00-8.880916030e+00-8.914518730e+00
-8.940182950e+00-8.957863820e+00-8.967526140e+00-8.969143520e+00-8.962697400e+00
-8.948176150e+00-8.925574070e+00-8.894890500e+00-8.856128910e+00-8.809296090e+00
-8.754401360e+00-8.691455870e+00-8.620472020e+00-8.541462860e+00-8.454441700e+00
-8.359421680e+00-8.256415500e+00-8.145435120e+00-8.026491640e+00-7.899595100e+00
-7.764754420e+00-7.621977290e+00-7.471270110e+00-7.312638010e+00-7.146084730e+00
-6.971612670e+00-6.789222810e+00-6.598914720e+00-6.400686500e+00-6.194534810e+00
-5.980454760e+00-5.758439950e+00-5.528482430e+00-5.290572640e+00-5.044699450e+00
-4.790850110e+00-4.529010220e+00-4.259163770e+00-3.981293130e+00-3.695379020e+00
-3.401400570e+00-3.099335300e+00-2.789159140e+00-2.470846470e+00-2.144370110e+00
-1.809701390e+00-1.466810100e+00-1.115664570e+00-7.562316640e-01-3.884768010e-01
-1.236396150e-02 3.721442960e-01 7.650868290e-01 1.166503900e+00 1.576437190e+00
 1.994929770e+00 2.422026110e+00 2.857772110e+00 3.302215050e+00 3.755403590e+00
 4.217387790e+00 4.688219060e+00 5.167950160e+00 5.656635120e+00 6.154329200e+00
 6.661088830e+00 7.176971460e+00 7.702035480e+00 8.236339990e+00 8.779944630e+00
 9.332909270e+00 9.895293720e+00 1.046715730e+01 1.104855840e+01 1.163955370e+01
 1.224019800e+01 1.285054250e+01 1.347063470e+01 1.410051680e+01 1.474022430e+01
 1.538978440e+01 1.604921430e+01 1.671851880e+01 1.739768760e+01 1.808669270e+01
 1.878548430e+01 1.949398720e+01 2.021209590e+01 2.093966900e+01 2.167652310e+01
 2.242242570e+01 2.317708650e+01 2.394014840e+01 2.471117650e+01 2.548964630e+01
 2.627493030e+01 2.706628270e+01 2.786282370e+01 2.866352180e+01 2.946717610e+01
 3.027239750e+01 3.107759170e+01-5.972185370e+00-6.162917730e+00-6.350267780e+00
-6.533941350e+00-6.713642350e+00-6.889073850e+00-7.059939260e+00-7.225943660e+00
-7.386795160e+00-7.542206410e+00-7.691896060e+00-7.835590270e+00-7.973024200e+00
-8.103943450e+00-8.228105410e+00-8.345280500e+00-8.455253330e+00-8.557823610e+00
-8.652807000e+00-8.740035680e+00-8.819358750e+00-8.890642470e+00-8.953770210e+00
-9.008642280e+00-9.055175510e+00-9.093302650e+00-9.122971660e+00-9.144144820e+00
-9.156797680e+00-9.160917980e+00-9.156504460e+00-9.143565650e+00-9.122118590e+00
-9.092187620e+00-9.053803140e+00-9.007000450e+00-8.951818620e+00-8.888299470e+00
-8.816486610e+00-8.736424590e+00-8.648158120e+00-8.551731440e+00-8.447187710e+00
-8.334568570e+00-8.213913710e+00-8.085260600e+00-7.948644210e+00-7.804096830e+00
-7.651647930e+00-7.491324090e+00-7.323148920e+00-7.147143040e+00-6.963324060e+00
-6.771706610e+00-6.572302340e+00-6.365119930e+00-6.150165190e+00-5.927441020e+00
-5.696947520e+00-5.458682000e+00-5.212639030e+00-4.958810510e+00-4.697185680e+00
-4.427751220e+00-4.150491250e+00-3.865387450e+00-3.572419030e+00-3.271562820e+00
-2.962793320e+00-2.646082760e+00-2.321401090e+00-1.988716050e+00-1.647993240e+00
-1.299196070e+00-9.422858530e-01-5.772217840e-01-2.039609730e-01 1.775415620e-01
 5.673328890e-01 9.654621730e-01 1.371980690e+00 1.786941840e+00 2.210401180e+00
 2.642416460e+00 3.083047630e+00 3.532356920e+00 3.990408830e+00 4.457270210e+00
 4.933010290e+00 5.417700670e+00 5.911415420e+00 6.414231040e+00 6.926226480e+00
 7.447483140e+00 7.978084830e+00 8.518117680e+00 9.067670100e+00 9.626832610e+00
 1.019569770e+01 1.077435930e+01 1.136291320e+01 1.196145570e+01 1.257008370e+01
 1.318889400e+01 1.381798240e+01 1.445744290e+01 1.510736650e+01 1.576783980e+01
 1.643894330e+01 1.712074960e+01 1.781332110e+01 1.851670670e+01 1.923093910e+01
 1.995603050e+01 2.069196800e+01 2.143870790e+01 2.219616950e+01 2.296422710e+01
 2.374270140e+01 2.453134840e+01 2.532984770e+01 2.613778750e+01 2.695464880e+01
 2.777978580e+01 2.861240470e+01 2.945153890e+01 3.029602250e+01 3.114446100e+01
 3.199520050e+01-6.132138890e+00-6.330702150e+00-6.525800730e+00-6.717098850e+00
-6.904257800e+00-7.086937390e+00-7.264797470e+00-7.437499670e+00-7.604709200e+00
-7.766096740e+00-7.921340370e+00-8.070127510e+00-8.212156840e+00-8.347140160e+00
-8.474804110e+00-8.594891780e+00-8.707164150e+00-8.811401320e+00-8.907403500e+00
-8.994991740e+00-9.074008470e+00-9.144317680e+00-9.205804910e+00-9.258376890e+00
-9.301961020e+00-9.336504550e+00-9.361973580e+00-9.378351890e+00-9.385639570e+00
-9.383851580e+00-9.373016190e+00-9.353173370e+00-9.324373220e+00-9.286674260e+00
-9.240141970e+00-9.184847170e+00-9.120864670e+00-9.048271870e+00-8.967147590e+00
-8.877570910e+00-8.779620240e+00-8.673372420e+00-8.558902010e+00-8.436280650e+00
-8.305576560e+00-8.166854120e+00-8.020173580e+00-7.865590780e+00-7.703157050e+00
-7.532919020e+00-7.354918680e+00-7.169193260e+00-6.975775350e+00-6.774692890e+00
-6.565969300e+00-6.349623510e+00-6.125670130e+00-5.894119520e+00-5.654977920e+00
-5.408247550e+00-5.153926780e+00-4.892010190e+00-4.622488720e+00-4.345349760e+00
-4.060577290e+00-3.768151940e+00-3.468051130e+00-3.160249130e+00-2.844717140e+00
-2.521423400e+00-2.190333220e+00-1.851409050e+00-1.504610530e+00-1.149894530e+00
-7.872151870e-01-4.165239090e-01-3.776939050e-02 3.491023890e-01 7.441481770e-01
 1.147427480e+00 1.559002570e+00 1.978938580e+00 2.407303520e+00 2.844168330e+00
 3.289606990e+00 3.743696590e+00 4.206517420e+00 4.678153040e+00 5.158690420e+00
 5.648220030e+00 6.146835930e+00 6.654635900e+00 7.171721530e+00 7.698198320e+00
 8.234175760e+00 8.779767410e+00 9.335090940e+00 9.900268170e+00 1.047542510e+01
 1.106069160e+01 1.165620200e+01 1.226209380e+01 1.287850870e+01 1.350559130e+01
 1.414348890e+01 1.479235130e+01 1.545232930e+01 1.612357460e+01 1.680623760e+01
 1.750046670e+01 1.820640600e+01 1.892419290e+01 1.965395550e+01 2.039580910e+01
 2.114985170e+01 2.191615920e+01 2.269477890e+01 2.348572230e+01 2.428895580e+01
 2.510438980e+01 2.593186570e+01 2.677113990e+01 2.762186520e+01 2.848356820e+01
 2.935562240e+01 3.023721680e+01 3.112731850e+01 3.202463060e+01 3.292754330e+01
-6.316237030e+00-6.523314910e+00-6.726856180e+00-6.926479150e+00-7.121797660e+00
-7.312422940e+00-7.497965610e+00-7.678037900e+00-7.852255940e+00-8.020242220e+00
-8.181628060e+00-8.336056130e+00-8.483182900e+00-8.622681060e+00-8.754241710e+00
-8.877576460e+00-8.992419260e+00-9.098527950e+00-9.195685530e+00-9.283701100e+00
-9.362410440e+00-9.431676230e+00-9.491387970e+00-9.541461460e+00-9.581838040e+00
-9.612483510e+00-9.633386700e+00-9.644557950e+00-9.646027280e+00-9.637842470e+00
-9.620067040e+00-9.592778140e+00-9.556064470e+00-9.510024220e+00-9.454763020e+00
-9.390392050e+00-9.317026220e+00-9.234782530e+00-9.143778500e+00-9.044130860e+00
-8.935954310e+00-8.819360490e+00-8.694457110e+00-8.561347200e+00-8.420128520e+00
-8.270893100e+00-8.113726870e+00-7.948709450e+00-7.775913960e+00-7.595406960e+00
-7.407248460e+00-7.211491910e+00-7.008184350e+00-6.797366490e+00-6.579072900e+00
-6.353332140e+00-6.120166990e+00-5.879594590e+00-5.631626700e+00-5.376269840e+00
-5.113525540e+00-4.843390470e+00-4.565856690e+00-4.280911790e+00-3.988539040e+00
-3.688717590e+00-3.381422570e+00-3.066625280e+00-2.744293230e+00-2.414390310e+00
-2.076876860e+00-1.731709770e+00-1.378842480e+00-1.018225110e+00-6.498044610e-01
-2.735240160e-01 1.106760240e-01 5.028587660e-01 9.030906430e-01 1.311441460e+00
 1.727984450e+00 2.152796330e+00 2.585957420e+00 3.027551710e+00 3.477666990e+00
 3.936394980e+00 4.403831490e+00 4.880076540e+00 5.365234560e+00 5.859414580e+00
 6.362730380e+00 6.875300750e+00 7.397249660e+00 7.928706480e+00 8.469806220e+00
 9.020689740e+00 9.581503980e+00 1.015240210e+01 1.073354390e+01 1.132509570e+01
 1.192723070e+01 1.254012890e+01 1.316397760e+01 1.379897090e+01 1.444530980e+01
 1.510320240e+01 1.577286300e+01 1.645451200e+01 1.714837540e+01 1.785468330e+01
 1.857366960e+01 1.930556970e+01 2.005061880e+01 2.080904920e+01 2.158108730e+01
 2.236694890e+01 2.316683470e+01 2.398092340e+01 2.480936350e+01 2.565226350e+01
 2.650967920e+01 2.738159800e+01 2.826791970e+01 2.916843260e+01 3.008278310e+01
 3.101043940e+01 3.195064570e+01 3.290236580e+01 3.386421460e+01-6.525141930e+00
-6.741557130e+00-6.954378450e+00-7.163172690e+00-7.367500060e+00-7.566916440e+00
-7.760975940e+00-7.949233730e+00-8.131248960e+00-8.306587900e+00-8.474827180e+00
-8.635556930e+00-8.788384060e+00-8.932935290e+00-9.068860060e+00-9.195833210e+00
-9.313557280e+00-9.421764620e+00-9.520218870e+00-9.608716200e+00-9.687085980e+00
-9.755191030e+00-9.812927350e+00-9.860223460e+00-9.897039230e+00-9.923364400e+00
-9.939216720e+00-9.944639780e+00-9.939700600e+00-9.924487130e+00-9.899105560e+00
-9.863677570e+00-9.818337700e+00-9.763230620e+00-9.698508640e+00-9.624329310e+00
-9.540853130e+00-9.448241580e+00-9.346655250e+00-9.236252190e+00-9.117186570e+00
-8.989607420e+00-8.853657630e+00-8.709473200e+00-8.557182540e+00-8.396906020e+00
-8.228755670e+00-8.052834900e+00-7.869238470e+00-7.678052440e+00-7.479354270e+00
-7.273212920e+00-7.059689070e+00-6.838835310e+00-6.610696430e+00-6.375309650e+00
-6.132704930e+00-5.882905240e+00-5.625926900e+00-5.361779780e+00-5.090467680e+00
-4.811988520e+00-4.526334640e+00-4.233493050e+00-3.933445620e+00-3.626169300e+00
-3.311636370e+00-2.989814530e+00-2.660667120e+00-2.324153240e+00-1.980227830e+00
-1.628841860e+00-1.269942320e+00-9.034723130e-01-5.293711280e-01-1.475742110e-01
 2.419868020e-01 6.393841150e-01 1.044693800e+00 1.457995880e+00 1.879374360e+00
 2.308917370e+00 2.746717280e+00 3.192870790e+00 3.647479170e+00 4.110648360e+00
 4.582489240e+00 5.063117770e+00 5.552655350e+00 6.051228950e+00 6.558971510e+00
 7.076022180e+00 7.602526650e+00 8.138637520e+00 8.684514670e+00 9.240325590e+00
 9.806245870e+00 1.038245950e+01 1.096915940e+01 1.156654790e+01 1.217483700e+01
 1.279424890e+01 1.342501650e+01 1.406738380e+01 1.472160620e+01 1.538795110e+01
 1.606669770e+01 1.675813790e+01 1.746257570e+01 1.818032750e+01 1.891172210e+01
 1.965709960e+01 2.041681100e+01 2.119121690e+01 2.198068550e+01 2.278559030e+01
 2.360630680e+01 2.444320800e+01 2.529665830e+01 2.616700590e+01 2.705457310e+01
 2.795964260e+01 2.888244130e+01 2.982311800e+01 3.078171520e+01 3.175813230e+01
 3.275207750e+01 3.376300510e+01 3.479003310e+01-6.759501660e+00-6.986232780e+00
-7.209333670e+00-7.428312700e+00-7.642668580e+00-7.851893230e+00-8.055475020e+00
-8.252902240e+00-8.443666910e+00-8.627268780e+00-8.803219440e+00-8.971046520e+00
-9.130297770e+00-9.280545100e+00-9.421388360e+00-9.552458760e+00-9.673421920e+00
-9.783980500e+00-9.883876180e+00-9.972891170e+00-1.005084900e+01-1.011761460e+01
-1.017309430e+01-1.021723420e+01-1.025001890e+01-1.027146970e+01-1.028164120e+01
-1.028061920e+01-1.026851710e+01-1.024547270e+01-1.021164430e+01-1.016720770e+01
-1.011235240e+01-1.004727810e+01-9.972192060e+00-9.887305470e+00-9.792831140e+00
-9.688980910e+00-9.575963500e+00-9.453982650e+00-9.323235520e+00-9.183911360e+00
-9.036190470e+00-8.880243350e+00-8.716230090e+00-8.544299980e+00-8.364591220e+00
-8.177230810e+00-7.982334600e+00-7.780007390e+00-7.570343110e+00-7.353425120e+00
-7.129326520e+00-6.898110470e+00-6.659830650e+00-6.414531570e+00-6.162249010e+00
-5.903010460e+00-5.636835450e+00-5.363736000e+00-5.083716940e+00-4.796776300e+00
-4.502905650e+00-4.202090380e+00-3.894310030e+00-3.579538540e+00-3.257744480e+00
-2.928891310e+00-2.592937520e+00-2.249836850e+00-1.899538410e+00-1.541986800e+00
-1.177122220e+00-8.048805310e-01-4.251932870e-01-3.798778650e-02 3.568129450e-01
 7.592901830e-01 1.169529550e+00 1.587621090e+00 2.013659370e+00 2.447743630e+00
 2.889977870e+00 3.340471110e+00 3.799337530e+00 4.266696710e+00 4.742673940e+00
 5.227400420e+00 5.721013660e+00 6.223657770e+00 6.735483860e+00 7.256650440e+00
 7.787323890e+00 8.327678880e+00 8.877898960e+00 9.438177040e+00 1.000871600e+01
 1.058972940e+01 1.118144200e+01 1.178409060e+01 1.239792460e+01 1.302320720e+01
 1.366021560e+01 1.430924250e+01 1.497059660e+01 1.564460370e+01 1.633160770e+01
 1.703197130e+01 1.774607710e+01 1.847432890e+01 1.921715180e+01 1.997499390e+01
 2.074832610e+01 2.153764340e+01 2.234346440e+01 2.316633140e+01 2.400680970e+01
 2.486548640e+01 2.574296750e+01 2.663987450e+01 2.755683920e+01 2.849449590e+01
 2.945347090e+01 3.043436760e+01 3.143774600e+01 3.246409540e+01 3.351379550e+01
 3.458706300e+01 3.568387720e+01-7.019933990e+00-7.258136910e+00-7.492703280e+00
-7.723074380e+00-7.948677680e+00-8.168930320e+00-8.383243140e+00-8.591025060e+00
-8.791687920e+00-8.984651600e+00-9.169349360e+00-9.345233200e+00-9.511779280e+00
-9.668493170e+00-9.814914740e+00-9.950622680e+00-1.007523850e+01-1.018843000e+01
-1.028991350e+01-1.037945620e+01-1.045687670e+01-1.052204540e+01-1.057488380e+01
-1.061536260e+01-1.064349990e+01-1.065935810e+01-1.066304000e+01-1.065468550e+01
-1.063446660e+01-1.060258340e+01-1.055925900e+01-1.050473530e+01-1.043926840e+01
-1.036312390e+01-1.027657380e+01-1.017989210e+01-1.007335160e+01-9.957221500e+00
-9.831764460e+00-9.697234650e+00-9.553876030e+00-9.401921000e+00-9.241589300e+00
-9.073087300e+00-8.896607470e+00-8.712328100e+00-8.520413250e+00-8.321012760e+00
-8.114262510e+00-7.900284680e+00-7.679188180e+00-7.451069110e+00-7.216011200e+00
-6.974086420e+00-6.725355460e+00-6.469868310e+00-6.207664790e+00-5.938775130e+00
-5.663220430e+00-5.381013200e+00-5.092157800e+00-4.796650950e+00-4.494482070e+00
-4.185633720e+00-3.870081970e+00-3.547796650e+00-3.218741730e+00-2.882875540e+00
-2.540151000e+00-2.190515820e+00-1.833912710e+00-1.470279460e+00-1.099549070e+00
-7.216498590e-01-3.365054890e-01 5.596501390e-02 4.558472580e-01 8.632315220e-01
 1.278212820e+00 1.700891000e+00 2.131370850e+00 2.569762280e+00 3.016180480e+00
 3.470746120e+00 3.933585650e+00 4.404831530e+00 4.884622550e+00 5.373104200e+00
 5.870429030e+00 6.376757110e+00 6.892256450e+00 7.417103550e+00 7.951483940e+00
 8.495592780e+00 9.049635540e+00 9.613828680e+00 1.018840050e+01 1.077359180e+01
 1.136965700e+01 1.197686500e+01 1.259550030e+01 1.322586410e+01 1.386827550e+01
 1.452307280e+01 1.519061510e+01 1.587128380e+01 1.656548400e+01 1.727364650e+01
 1.799622970e+01 1.873372150e+01 1.948664160e+01 2.025554330e+01 2.104101670e+01
 2.184369020e+01 2.266423400e+01 2.350336160e+01 2.436183340e+01 2.524045830e+01
 2.614009620e+01 2.706166010e+01 2.800611660e+01 2.897448710e+01 2.996784590e+01
 3.098731800e+01 3.203407300e+01 3.310931600e+01 3.421427200e+01 3.535016350e+01
 3.651817480e+01-7.307001410e+00-7.558035870e+00-7.805470170e+00-8.048668040e+00
-8.286973640e+00-8.519715800e+00-8.746212960e+00-8.965778710e+00-9.177727900e+00
-9.381383260e+00-9.576082240e+00-9.761184160e+00-9.936077200e+00-1.010018530e+01
-1.025297490e+01-1.039396030e+01-1.052270970e+01-1.063884900e+01-1.074206540e+01
-1.083210970e+01-1.090879740e+01-1.097200890e+01-1.102168790e+01-1.105783960e+01
-1.108052740e+01-1.108986830e+01-1.108602840e+01-1.106921730e+01-1.103968230e+01
-1.099770210e+01-1.094358080e+01-1.087764200e+01-1.080022280e+01-1.071166830e+01
-1.061232730e+01-1.050254710e+01-1.038267000e+01-1.025303020e+01-1.011395050e+01
-9.965740660e+00-9.808695150e+00-9.643092130e+00-9.469192470e+00-9.287239160e+00
-9.097457080e+00-8.900052960e+00-8.695215560e+00-8.483116050e+00-8.263908470e+00
-8.037730340e+00-7.804703270e+00-7.564933700e+00-7.318513610e+00-7.065521300e+00
-6.806022070e+00-6.540069010e+00-6.267703710e+00-5.988956910e+00-5.703849170e+00
-5.412391520e+00-5.114586010e+00-4.810426250e+00-4.499897960e+00-4.182979360e+00
-3.859641660e+00-3.529849420e+00-3.193560850e+00-2.850728200e+00-2.501297940e+00
-2.145211020e+00-1.782403100e+00-1.412804630e+00-1.036341040e+00-6.529327970e-01
-2.624954430e-01 1.350603500e-01 5.398288130e-01 9.519091220e-01 1.371405470e+00
 1.798427200e+00 2.233088890e+00 2.675510630e+00 3.125818130e+00 3.584143030e+00
 4.050623190e+00 4.525402950e+00 5.008633580e+00 5.500473620e+00 6.001089360e+00
 6.510655340e+00 7.029354870e+00 7.557380690e+00 8.094935550e+00 8.642233020e+00
 9.199498200e+00 9.766968650e+00 1.034489530e+01 1.093354350e+01 1.153319410e+01
 1.214414490e+01 1.276671140e+01 1.340122930e+01 1.404805490e+01 1.470756790e+01
 1.538017270e+01 1.606630090e+01 1.676641320e+01 1.748100260e+01 1.821059640e+01
 1.895576020e+01 1.971710040e+01 2.049526860e+01 2.129096550e+01 2.210494550e+01
 2.293802140e+01 2.379107030e+01 2.466503960e+01 2.556095320e+01 2.647991940e+01
 2.742313840e+01 2.839191140e+01 2.938765010e+01 3.041188700e+01 3.146628730e+01
 3.255266150e+01 3.367297950e+01 3.482938740e+01 3.602422630e+01 3.726005740e+01
-7.621174830e+00-7.886636620e+00-8.148594990e+00-8.406323590e+00-8.659068610e+00
-8.906053770e+00-9.146486350e+00-9.379564170e+00-9.604483370e+00-9.820446910e+00
-1.002667360e+01-1.022240740e+01-1.040692670e+01-1.057955390e+01-1.073966330e+01
-1.088669000e+01-1.102013610e+01-1.113957690e+01-1.124466530e+01-1.133513450e+01
-1.141079980e+01-1.147155790e+01-1.151738550e+01-1.154833550e+01-1.156453290e+01
-1.156616830e+01-1.155349130e+01-1.152680280e+01-1.148644710e+01-1.143280340e+01
-1.136627780e+01-1.128729540e+01-1.119629250e+01-1.109371050e+01-1.097998910e+01
-1.085556170e+01-1.072085040e+01-1.057626270e+01-1.042218830e+01-1.025899700e+01
-1.008703740e+01-9.906635190e+00-9.718093060e+00-9.521690420e+00-9.317683470e+00
-9.106305640e+00-8.887768180e+00-8.662260940e+00-8.429953220e+00-8.190994740e+00
-7.945516610e+00-7.693632380e+00-7.435439030e+00-7.171017980e+00-6.900436080e+00
-6.623746520e+00-6.340989770e+00-6.052194410e+00-5.757377940e+00-5.456547490e+00
-5.149700580e+00-4.836825710e+00-4.517902960e+00-4.192904550e+00-3.861795270e+00
-3.524532960e+00-3.181068900e+00-2.831348090e+00-2.475309620e+00-2.112886870e+00
-1.744007740e+00-1.368594820e+00-9.865654980e-01-5.978320750e-01-2.023018090e-01
 2.001230680e-01 6.095453690e-01 1.026073010e+00 1.449819100e+00 1.880902050e+00
 2.319445800e+00 2.765579930e+00 3.219439960e+00 3.681167640e+00 4.150911200e+00
 4.628825800e+00 5.115073880e+00 5.609825640e+00 6.113259510e+00 6.625562780e+00
 7.146932170e+00 7.677574500e+00 8.217707480e+00 8.767560520e+00 9.327375630e+00
 9.897408400e+00 1.047792910e+01 1.106922400e+01 1.167159650e+01 1.228536860e+01
 1.291088260e+01 1.354850290e+01 1.419861780e+01 1.486164190e+01 1.553801800e+01
 1.622822040e+01 1.693275730e+01 1.765217440e+01 1.838705810e+01 1.913804040e+01
 1.990580270e+01 2.069108100e+01 2.149467210e+01 2.231743980e+01 2.316032200e+01
 2.402433940e+01 2.491060460e+01 2.582033310e+01 2.675485490e+01 2.771562930e+01
 2.870426040e+01 2.972251590e+01 3.077234900e+01 3.185592350e+01 3.297564420e+01
 3.413419350e+01 3.533457610e+01 3.658017540e+01 3.787482690e+01-7.962782080e+00
-8.244541050e+00-8.522978070e+00-8.797262240e+00-9.066524100e+00-9.329861520e+00
-9.586347010e+00-9.835036400e+00-1.007497880e+01-1.030522770e+01-1.052485280e+01
-1.073295260e+01-1.092866670e+01-1.111118820e+01-1.127977570e+01-1.143376370e+01
-1.157257200e+01-1.169571350e+01-1.180280010e+01-1.189354670e+01-1.196777230e+01
-1.202540000e+01-1.206645380e+01-1.209105370e+01-1.209940910e+01-1.209181030e+01
-1.206861830e+01-1.203025480e+01-1.197719040e+01-1.190993380e+01-1.182902030e+01
-1.173500180e+01-1.162843720e+01-1.150988340e+01-1.137988890e+01-1.123898690e+01
-1.108769060e+01-1.092648930e+01-1.075584570e+01-1.057619390e+01-1.038793810e+01
-1.019145240e+01-9.987080310e+00-9.775135800e+00-9.555903630e+00-9.329640560e+00
-9.096576510e+00-8.856915880e+00-8.610838920e+00-8.358503180e+00-8.100044890e+00
-7.835580380e+00-7.565207410e+00-7.289006510e+00-7.007042170e+00-6.719364070e+00
-6.426008090e+00-6.126997440e+00-5.822343520e+00-5.512046840e+00-5.196097800e+00
-4.874477450e+00-4.547158130e+00-4.214104080e+00-3.875271980e+00-3.530611410e+00
-3.180065290e+00-2.823570250e+00-2.461056930e+00-2.092450270e+00-1.717669690e+00
-1.336629310e+00-9.492380670e-01-5.553997890e-01-1.550132660e-01 2.520277510e-01
 6.658345740e-01 1.086523650e+00 1.514216660e+00 1.949040680e+00 2.391128320e+00
 2.840618030e+00 3.297654260e+00 3.762387850e+00 4.234976350e+00 4.715584380e+00
 5.204384160e+00 5.701555910e+00 6.207288470e+00 6.721779890e+00 7.245238070e+00
 7.777881590e+00 8.319940430e+00 8.871656940e+00 9.433286830e+00 1.000510020e+01
 1.058738290e+01 1.118043770e+01 1.178458580e+01 1.240016840e+01 1.302754890e+01
 1.366711410e+01 1.431927720e+01 1.498447990e+01 1.566319510e+01 1.635592990e+01
 1.706322940e+01 1.778568030e+01 1.852391490e+01 1.927861650e+01 2.005052460e+01
 2.084044130e+01 2.164923800e+01 2.247786400e+01 2.332735530e+01 2.419884520e+01
 2.509357670e+01 2.601291630e+01 2.695837040e+01 2.793160410e+01 2.893446330e+01
 2.996900060e+01 3.103750610e+01 3.214254310e+01 3.328699170e+01 3.447410060e+01
 3.570755000e+01 3.699152830e+01 3.833082820e+01-8.331935790e+00-8.632179120e+00
-8.929400750e+00-9.222648910e+00-9.510917710e+00-9.793153800e+00-1.006826510e+01
-1.033513160e+01-1.059261820e+01-1.083958950e+01-1.107492530e+01-1.129753760e+01
-1.150638760e+01-1.170050260e+01-1.187899210e+01-1.204106180e+01-1.218602700e+01
-1.231332260e+01-1.242251120e+01-1.251328790e+01-1.258548270e+01-1.263905860e+01
-1.267410830e+01-1.269084590e+01-1.268959800e+01-1.267079070e+01-1.263493600e+01
-1.258261640e+01-1.251446900e+01-1.243117030e+01-1.233342090e+01-1.222193200e+01
-1.209741290e+01-1.196056070e+01-1.181205150e+01-1.165253380e+01-1.148262320e+01
-1.130289860e+01-1.111390020e+01-1.091612830e+01-1.071004270e+01-1.049606350e+01
-1.027457200e+01-1.004591220e+01-9.810392230e+00-9.568286680e+00-9.319838170e+00
-9.065259600e+00-8.804736160e+00-8.538427250e+00-8.266468470e+00-7.988973360e+00
-7.706035230e+00-7.417728690e+00-7.124111240e+00-6.825224610e+00-6.521096110e+00
-6.211739780e+00-5.897157510e+00-5.577340020e+00-5.252267750e+00-4.921911670e+00
-4.586234050e+00-4.245189040e+00-3.898723320e+00-3.546776560e+00-3.189281890e+00
-2.826166280e+00-2.457350850e+00-2.082751180e+00-1.702277490e+00-1.315834870e+00
-9.233233360e-01-5.246379860e-01-1.196689910e-01 2.916983790e-01 7.095838060e-01
 1.134112000e+00 1.565412830e+00 2.003621470e+00 2.448878610e+00 2.901330670e+00
 3.361130160e+00 3.828435890e+00 4.303413470e+00 4.786235630e+00 5.277082730e+00
 5.776143310e+00 6.283614620e+00 6.799703330e+00 7.324626160e+00 7.858610770e+00
 8.401896520e+00 8.954735510e+00 9.517393590e+00 1.009015150e+01 1.067330630e+01
 1.126717260e+01 1.187208400e+01 1.248839540e+01 1.311648430e+01 1.375675330e+01
 1.440963210e+01 1.507558080e+01 1.575509230e+01 1.644869560e+01 1.715696000e+01
 1.788049910e+01 1.861997520e+01 1.937610510e+01 2.014966610e+01 2.094150280e+01
 2.175253530e+01 2.258376790e+01 2.343630000e+01 2.431133770e+01 2.521020830e+01
 2.613437600e+01 2.708546090e+01 2.806526150e+01 2.907578020e+01 3.011925390e+01
 3.119819010e+01 3.231540940e+01 3.347409620e+01 3.467785850e+01 3.593079860e+01
 3.723759690e+01 3.860360990e+01-8.728432300e+00-9.049711420e+00-9.368435590e+00
-9.683514870e+00-9.993783130e+00-1.029800500e+01-1.059488630e+01-1.088308730e+01
-1.116123930e+01-1.142796460e+01-1.168189730e+01-1.192170720e+01-1.214612280e+01
-1.235395480e+01-1.254411780e+01-1.271565070e+01-1.286773380e+01-1.299970290e+01
-1.311106000e+01-1.320147990e+01-1.327081310e+01-1.331908320e+01-1.334648140e+01
-1.335335540e+01-1.334019510e+01-1.330761490e+01-1.325633260e+01-1.318714810e+01
-1.310092030e+01-1.299854550e+01-1.288093650e+01-1.274900480e+01-1.260364490e+01
-1.244572150e+01-1.227605980e+01-1.209543870e+01-1.190458560e+01-1.170417440e+01
-1.149482410e+01-1.127709910e+01-1.105151090e+01-1.081852000e+01-1.057853810e+01
-1.033193130e+01-1.007902290e+01-9.820096640e+00-9.555399260e+00-9.285143820e+00
-9.009512310e+00-8.728658280e+00-8.442709320e+00-8.151769360e+00-7.855920790e+00
-7.555226380e+00-7.249731090e+00-6.939463690e+00-6.624438260e+00-6.304655480e+00
-5.980103870e+00-5.650760890e+00-5.316593890e+00-4.977560970e+00-4.633611790e+00
-4.284688210e+00-3.930724940e+00-3.571650010e+00-3.207385260e+00-2.837846700e+00
-2.462944880e+00-2.082585120e+00-1.696667710e+00-1.305088140e+00-9.077371560e-01
-5.045008450e-01-9.526068520e-02 3.201064910e-01 7.417285460e-01 1.169738130e+00
 1.604272830e+00 2.045475320e+00 2.493493600e+00 2.948481270e+00 3.410597770e+00
 3.880008780e+00 4.356886590e+00 4.841410540e+00 5.333767500e+00 5.834152400e+00
 6.342768880e+00 6.859829900e+00 7.385558480e+00 7.920188550e+00 8.463965780e+00
 9.017148610e+00 9.580009290e+00 1.015283510e+01 1.073592950e+01 1.132961410e+01
 1.193422940e+01 1.255013730e+01 1.317772290e+01 1.381739650e+01 1.446959610e+01
 1.513479020e+01 1.581348080e+01 1.650620690e+01 1.721354830e+01 1.793612980e+01
 1.867462610e+01 1.942976780e+01 2.020234700e+01 2.099322510e+01 2.180334070e+01
 2.263371900e+01 2.348548310e+01 2.435986620e+01 2.525822630e+01 2.618206310e+01
 2.713303800e+01 2.811299700e+01 2.912399840e+01 3.016834440e+01 3.124861910e+01
 3.236773340e+01 3.352897770e+01 3.473608380e+01 3.599329800e+01 3.730546560e+01
 3.867812760e+01
 0.188940262E+01 0.145423618E+01 0.129780626E+01 0.122831856E+01 0.119984938E+01
 0.118541032E+01 0.117985819E+01 0.117848004E+01 0.117992315E+01 0.118282168E+01
 0.118783260E+01 0.119480855E+01 0.120334314E+01 0.121330924E+01 0.122447148E+01
 0.123660466E+01 0.124972448E+01 0.126396738E+01 0.127945860E+01 0.129540118E+01
 0.130982079E+01 0.132171488E+01 0.133072952E+01 0.133734335E+01 0.134308374E+01
 0.134974217E+01 0.135773505E+01 0.136767133E+01 0.137807168E+01 0.138395552E+01
 0.137868332E+01 0.135653298E+01 0.131727348E+01 0.126721419E+01 0.121629629E+01
 0.117111082E+01 0.113609859E+01 0.111215013E+01 0.109879246E+01 0.109477475E+01
 0.109866983E+01 0.110851087E+01 0.112266751E+01 0.113978569E+01 0.115850138E+01
 0.117796312E+01 0.119772135E+01 0.121750910E+01 0.123734993E+01 0.125739252E+01
 0.127762271E+01 0.129816393E+01 0.131916541E+01 0.134058988E+01 0.136244534E+01
 0.138487332E+01 0.140785830E+01 0.143130841E+01 0.145521543E+01 0.147958699E+01
 0.150436899E+01 0.152961190E+01 0.155541276E+01 0.158172381E+01 0.160860008E+01
 0.163596614E+01 0.166390927E+01 0.169236392E+01 0.172150842E+01 0.175132069E+01
 0.178171162E+01 0.181271806E+01 0.184440843E+01 0.187665938E+01 0.190979576E+01
 0.194368691E+01 0.197825959E+01 0.201371314E+01 0.204987242E+01 0.208699438E+01
 0.212512902E+01 0.216411981E+01 0.220414897E+01 0.224512595E+01 0.228731290E+01
 0.233075122E+01 0.237543490E+01 0.242134738E+01 0.246864472E+01 0.251750189E+01
 0.256793191E+01 0.261999996E+01 0.267362578E+01 0.272933575E+01 0.278694365E+01
 0.284673043E+01 0.290851154E+01 0.297275389E+01 0.303939472E+01 0.310839206E+01
 0.318006025E+01 0.325461775E+01 0.333237658E+01 0.341325803E+01 0.349812541E+01
 0.358669725E+01 0.367965884E+01 0.377747534E+01 0.388020923E+01 0.398852005E+01
 0.410332371E+01 0.422451362E+01 0.435432144E+01 0.449352435E+01 0.464385135E+01
 0.480762625E+01 0.498824001E+01 0.518964180E+01 0.541892375E+01 0.567288807E+01
 0.592803896E+01 0.614253583E+01 0.626816972E+01 0.627400638E+01 0.622608454E+01
 0.623191980E+01 0.635366676E+01 0.668767797E+01 0.906841029E+01
  101  138
 0.554735807E+01 0.000000000E+00 0.551448434E+01 0.250000000E+00 0.547088212E+01
 0.625000000E+00 0.544707356E+01 0.875000000E+00 0.541346834E+01 0.125000000E+01
 0.538495348E+01 0.162500000E+01 0.536800125E+01 0.187500000E+01 0.534504631E+01
 0.225000000E+01 0.533038685E+01 0.262500000E+01 0.533014144E+01 0.300000000E+01
 0.535357888E+01 0.337500000E+01 0.538620551E+01 0.362500000E+01 0.544843750E+01
 0.392330297E+01 0.551562500E+01 0.415516861E+01 0.559700463E+01 0.437500000E+01
 0.571718750E+01 0.461806529E+01 0.580187758E+01 0.475000000E+01 0.591875000E+01
 0.489120759E+01 0.605312500E+01 0.500647539E+01 0.625468750E+01 0.510690534E+01
 0.638906250E+01 0.513654427E+01 0.659062500E+01 0.513970321E+01 0.672500000E+01
 0.511851621E+01 0.692656250E+01 0.506695412E+01 0.709999716E+01 0.500000000E+01
 0.726250000E+01 0.492878579E+01 0.739687500E+01 0.485955495E+01 0.759436272E+01
 0.475000000E+01 0.773281250E+01 0.466992479E+01 0.786718750E+01 0.458508531E+01
 0.800156250E+01 0.449588053E+01 0.817841927E+01 0.437500000E+01 0.833750000E+01
 0.426121054E+01 0.847187500E+01 0.415898683E+01 0.860625000E+01 0.405149023E+01
 0.874062500E+01 0.393959158E+01 0.887500000E+01 0.382210087E+01 0.900937500E+01
 0.369699967E+01 0.914375000E+01 0.356305369E+01 0.927812500E+01 0.342004559E+01
 0.941250000E+01 0.326618948E+01 0.952497072E+01 0.312500000E+01 0.961858923E+01
 0.300000000E+01 0.974843750E+01 0.280740828E+01 0.985699325E+01 0.262500000E+01
 0.995000000E+01 0.244815726E+01 0.100405738E+02 0.225000000E+01 0.101336289E+02
 0.200000000E+01 0.102062735E+02 0.175000000E+01 0.102603062E+02 0.150000000E+01
 0.102951417E+02 0.125000000E+01 0.103134152E+02 0.875000000E+00 0.102866970E+02
 0.500000000E+00 0.102480330E+02 0.250000000E+00 0.101905769E+02 0.000000000E+00
 0.101153566E+02-0.250000000E+00 0.100215181E+02-0.500000000E+00 0.995000000E+01
-0.664760309E+00 0.984656942E+01-0.875000000E+00 0.974843750E+01-0.105261563E+01
 0.962698151E+01-0.125000000E+01 0.954259629E+01-0.137500000E+01 0.941250000E+01
-0.156058331E+01 0.927812500E+01-0.173461750E+01 0.916486632E+01-0.187500000E+01
 0.905755662E+01-0.200000000E+01 0.894218750E+01-0.213127104E+01 0.880781250E+01
-0.227564183E+01 0.867343750E+01-0.241363608E+01 0.853906250E+01-0.254684997E+01
 0.840468750E+01-0.267650665E+01 0.827031250E+01-0.280351722E+01 0.813593750E+01
-0.292855907E+01 0.800156250E+01-0.305214000E+01 0.786718750E+01-0.317463350E+01
 0.773281250E+01-0.329624043E+01 0.759843750E+01-0.341686512E+01 0.746406250E+01
-0.353594973E+01 0.732968750E+01-0.365224594E+01 0.719531250E+01-0.376351701E+01
 0.704851935E+01-0.387500000E+01 0.687102485E+01-0.400000000E+01 0.672500000E+01
-0.409129082E+01 0.659062500E+01-0.416423232E+01 0.639259445E+01-0.424465006E+01
 0.632893890E+01-0.426398724E+01 0.625468750E+01-0.399398914E+01 0.619761532E+01
-0.362500000E+01 0.617297137E+01-0.337500000E+01 0.613605293E+01-0.300000000E+01
 0.610367512E+01-0.275000000E+01 0.605312500E+01-0.244657510E+01 0.598939570E+01
-0.212500000E+01 0.593384034E+01-0.187500000E+01 0.587569628E+01-0.162500000E+01
 0.581675734E+01-0.137500000E+01 0.575896254E+01-0.112500000E+01 0.570415828E+01
-0.875000000E+00 0.565000000E+01-0.608521964E+00 0.558590139E+01-0.250000000E+00
 0.554735807E+01 0.000000000E+00
 0.512000000E+01-0.343000000E+01 0.511990000E+01-0.367004000E+01 0.512006000E+01
-0.379517000E+01 0.510042000E+01-0.406300000E+01 0.506912000E+01-0.420505000E+01
 0.502579000E+01-0.434710000E+01 0.497041000E+01-0.449156000E+01 0.492948000E+01
-0.459268000E+01 0.489096000E+01-0.468176000E+01 0.484002000E+01-0.478502000E+01
 0.478000000E+01-0.491000000E+01 0.508007000E+01-0.485999000E+01 0.523746000E+01
-0.483170000E+01 0.575002000E+01-0.459997000E+01 0.585663000E+01-0.460360000E+01
 0.595380000E+01-0.460850000E+01 0.605319000E+01-0.463302000E+01 0.616998000E+01
-0.468606000E+01 0.625511000E+01-0.474044000E+01 0.634640000E+01-0.481423000E+01
 0.639486000E+01-0.486358000E+01 0.647039000E+01-0.495384000E+01 0.663950000E+01
-0.551776000E+01 0.687000000E+01-0.572002000E+01 0.710000000E+01-0.591000000E+01
 0.713999000E+01-0.561699000E+01 0.717300000E+01-0.538338000E+01 0.720461000E+01
-0.522182000E+01 0.725043000E+01-0.500696000E+01 0.729287000E+01-0.480706000E+01
 0.735633000E+01-0.459025000E+01 0.742243000E+01-0.441574000E+01 0.748363000E+01
-0.428834000E+01 0.757096000E+01-0.412866000E+01 0.767745000E+01-0.398855000E+01
 0.779403000E+01-0.385852000E+01 0.788568000E+01-0.376419000E+01 0.794551000E+01
-0.369688000E+01 0.799390000E+01-0.364310000E+01 0.815310000E+01-0.347640000E+01
 0.831060000E+01-0.330810000E+01 0.846630000E+01-0.313800000E+01 0.862010000E+01
-0.296630000E+01 0.877200000E+01-0.279300000E+01 0.892210000E+01-0.261800000E+01
 0.907020000E+01-0.244140000E+01 0.921650000E+01-0.226330000E+01 0.936080000E+01
-0.208350000E+01 0.950320000E+01-0.190220000E+01 0.964370000E+01-0.171940000E+01
 0.977970000E+01-0.153350000E+01 0.989560000E+01-0.133430000E+01 0.100030000E+02
-0.113020000E+01 0.101010000E+02-0.921800000E+00 0.101910000E+02-0.709330000E+00
 0.102710000E+02-0.493220000E+00 0.103420000E+02-0.273880000E+00 0.104030000E+02
-0.517000000E-01 0.104550000E+02 0.172900000E+00 0.104970000E+02 0.399520000E+00
 0.105160000E+02 0.628870000E+00 0.105160000E+02 0.859370000E+00 0.105060000E+02
 0.108970000E+01 0.104860000E+02 0.131930000E+01 0.104570000E+02 0.154800000E+01
 0.104180000E+02 0.177520000E+01 0.103700000E+02 0.200060000E+01 0.102960000E+02
 0.221840000E+01 0.102030000E+02 0.242940000E+01 0.101010000E+02 0.263610000E+01
 0.999050000E+01 0.283820000E+01 0.987100000E+01 0.303520000E+01 0.974300000E+01
 0.322690000E+01 0.960670000E+01 0.341280000E+01 0.946250000E+01 0.359260000E+01
 0.931060000E+01 0.376600000E+01 0.915130000E+01 0.393260000E+01 0.898670000E+01
 0.409400000E+01 0.881800000E+01 0.425110000E+01 0.864530000E+01 0.440380000E+01
 0.846870000E+01 0.455190000E+01 0.828830000E+01 0.469530000E+01 0.810420000E+01
 0.483410000E+01 0.791650000E+01 0.496790000E+01 0.772550000E+01 0.509690000E+01
 0.753110000E+01 0.522090000E+01 0.733360000E+01 0.533970000E+01 0.713310000E+01
 0.545340000E+01 0.692970000E+01 0.556180000E+01 0.672350000E+01 0.566490000E+01
 0.651440000E+01 0.576180000E+01 0.630230000E+01 0.585210000E+01 0.608740000E+01
 0.593550000E+01 0.586990000E+01 0.601200000E+01 0.564330000E+01 0.602980000E+01
 0.543090000E+01 0.594480000E+01 0.527780000E+01 0.577630000E+01 0.519040000E+01
 0.556330000E+01 0.513730000E+01 0.533920000E+01 0.512000000E+01 0.510960000E+01
 0.512000000E+01 0.487910000E+01 0.512000000E+01 0.464860000E+01 0.512000000E+01
 0.441800000E+01 0.512000000E+01 0.418750000E+01 0.512000000E+01 0.395700000E+01
 0.512000000E+01 0.372650000E+01 0.512000000E+01 0.349600000E+01 0.512000000E+01
 0.326550000E+01 0.512000000E+01 0.303500000E+01 0.512000000E+01 0.280440000E+01
 0.512000000E+01 0.257390000E+01 0.512000000E+01 0.234340000E+01 0.512000000E+01
 0.211290000E+01 0.512000000E+01 0.188240000E+01 0.512000000E+01 0.165190000E+01
 0.512000000E+01 0.142130000E+01 0.512000000E+01 0.119080000E+01 0.512000000E+01
 0.960310000E+00 0.512000000E+01 0.729800000E+00 0.512000000E+01 0.499280000E+00
 0.512000000E+01 0.268760000E+00 0.512000000E+01 0.382500000E-01 0.512000000E+01
-0.192270000E+00 0.512000000E+01-0.422780000E+00 0.512000000E+01-0.653300000E+00
 0.512000000E+01-0.883810000E+00 0.512000000E+01-0.111430000E+01 0.512000000E+01
-0.134480000E+01 0.512000000E+01-0.157540000E+01 0.512000000E+01-0.180590000E+01
 0.512000000E+01-0.203640000E+01 0.512000000E+01-0.226690000E+01 0.512000000E+01
-0.249740000E+01 0.512000000E+01-0.272790000E+01 0.512000000E+01-0.295850000E+01
 0.512000000E+01-0.318900000E+01 0.512000000E+01-0.341950000E+01 0.512000000E+01
-0.343000000E+01
    0 0.170000005E+01    0
 0.000000000E+00 0.731584763E-01 0.994572146E-01 0.118646691E+00 0.133691498E+00
 0.147824582E+00 0.160558998E+00 0.172327222E+00 0.183440695E+00 0.193810030E+00
 0.203748684E+00 0.213324257E+00 0.222468757E+00 0.231333906E+00 0.239994964E+00
 0.248414711E+00 0.256607756E+00 0.264650232E+00 0.272570017E+00 0.280335476E+00
 0.287946559E+00 0.295447775E+00 0.302859894E+00 0.310133130E+00 0.317248236E+00
 0.324233832E+00 0.331130527E+00 0.337929672E+00 0.344591262E+00 0.351118847E+00
 0.357513306E+00 0.363760961E+00 0.369835504E+00 0.375595509E+00 0.381040835E+00
 0.386230641E+00 0.391162902E+00 0.395947530E+00 0.400632001E+00 0.405246535E+00
 0.409793507E+00 0.414305644E+00 0.418822468E+00 0.423339358E+00 0.427861624E+00
 0.432408623E+00 0.436976838E+00 0.441555984E+00 0.446164809E+00 0.450814981E+00
 0.455483903E+00 0.460168664E+00 0.464896969E+00 0.469647438E+00 0.474414729E+00
 0.479221047E+00 0.484066398E+00 0.488938469E+00 0.493842891E+00 0.498780541E+00
 0.503743127E+00 0.508737312E+00 0.513773274E+00 0.518844428E+00 0.523957476E+00
 0.529098589E+00 0.534277916E+00 0.539481842E+00 0.544736181E+00 0.550037867E+00
 0.555372863E+00 0.560746447E+00 0.566166538E+00 0.571608336E+00 0.577113643E+00
 0.582666418E+00 0.588250765E+00 0.593892614E+00 0.599563426E+00 0.605290848E+00
 0.611079103E+00 0.616904231E+00 0.622787716E+00 0.628713144E+00 0.634698389E+00
 0.640744466E+00 0.646848290E+00 0.653004203E+00 0.659217468E+00 0.665499713E+00
 0.671848166E+00 0.678264224E+00 0.684732195E+00 0.691292397E+00 0.697915871E+00
 0.704625473E+00 0.711397348E+00 0.718263130E+00 0.725216583E+00 0.732254171E+00
 0.739385052E+00 0.746604080E+00 0.753933860E+00 0.761352091E+00 0.768898594E+00
 0.776539068E+00 0.784309149E+00 0.792201766E+00 0.800219585E+00 0.808380799E+00
 0.816698598E+00 0.825148867E+00 0.833781202E+00 0.842591480E+00 0.851585193E+00
 0.860791091E+00 0.870231624E+00 0.879924713E+00 0.889917789E+00 0.900226589E+00
 0.910880880E+00 0.921841120E+00 0.932968804E+00 0.944104534E+00 0.955063456E+00
 0.965901363E+00 0.976745323E+00 0.987836413E+00 0.100000000E+01
    0
&OUT1
 ISHOT =       100000
 ITIME =         5244
 BETAP0 =   0.9800000000000000     
 RZERO =    7.800000000000000     
 QENP =    1.050000000000000     
 ENP =    1.000000000000000     
 EMP =    2.000000000000000     
 PLASMA =    14000000.00000002     
 EXPMP2 =                       NaN                       NaN 
                       NaN                       NaN                       NaN 
                       NaN                       NaN                       NaN 
                       NaN                       NaN                       NaN 
                       NaN                       NaN                       NaN 
                       NaN                       NaN                       NaN 
                       NaN                       NaN                       NaN 
                       NaN                       NaN                       NaN 
                       NaN                       NaN                       NaN 
                       NaN                       NaN                       NaN 
                       NaN                       NaN                       NaN 
                       NaN                       NaN                       NaN 
                       NaN                       NaN                       NaN 
                       NaN                       NaN                       NaN 
                       NaN                       NaN                       NaN 
                       NaN                       NaN                       NaN 
                       NaN                       NaN                       NaN 
                       NaN                       NaN                       NaN 
                       NaN                       NaN                       NaN 
                       NaN                       NaN                       NaN 
                       NaN                       NaN                       NaN 
                       NaN                       NaN                       NaN 
                       NaN                       NaN                       NaN 
                       NaN                       NaN                       NaN 
                       NaN                       NaN                       NaN 
                       NaN                       NaN
 COILS =   -1.211569492607057        4.6278829594380857E-007 
   4.6278829594380857E-007   4.6278829594380857E-007   4.6278829594380857E-007 
   4.6278829594380857E-007   4.6278829594380857E-007   4.6278829594380857E-007 
   4.6278829594380857E-007   4.6278829594380857E-007   4.6278829594380857E-007 
   4.6278829594380857E-007   4.6278829594380857E-007   4.6278829594380857E-007 
   4.6278829594380857E-007   4.6278829594380857E-007   4.6278829594380857E-007 
   4.6278829594380857E-007   4.6278829594380857E-007   4.6278829594380857E-007 
   4.6278829594380857E-007   4.6278829594380857E-007   4.6278829594380857E-007 
   4.6278829594380857E-007   4.6278829594380857E-007   4.6278829594380857E-007 
   4.6278829594380857E-007   4.6278829594380857E-007   4.6278829594380857E-007 
   4.6278829594380857E-007   4.6278829594380857E-007   4.6278829594380857E-007 
   4.6278829594380857E-007   4.6278829594380857E-007   4.6278829594380857E-007 
   4.6278829594380857E-007   4.6278829594380857E-007   4.6278829594380857E-007 
   4.6278829594380857E-007   4.6278829594380857E-007   4.6278829594380857E-007 
   4.6278829594380857E-007   4.6278829594380857E-007   4.6278829594380857E-007
 BTOR =    6.300000000000000     
 RCENTR =    7.800000000000000     
 BRSP =   -42399189.21963961         28909688.34826007      
   -2247174.172329087        -2204188.992194277         33683566.64559042      
    14257470.52190942        -6914304.157209282        -2125892.873999301      
   -6900260.791937891        -73135716.66301122         97341109.52380107      
   -64312763.58411259        -4088435.039257683         36711247.83715836      
   -6575157.383028391         0.000000000000000         0.000000000000000      
    0.000000000000000         0.000000000000000         0.000000000000000      
    0.000000000000000         0.000000000000000         0.000000000000000      
    0.000000000000000         0.000000000000000         0.000000000000000      
    0.000000000000000         0.000000000000000         0.000000000000000      
    0.000000000000000         0.000000000000000         0.000000000000000      
    0.000000000000000         0.000000000000000         0.000000000000000      
    0.000000000000000         0.000000000000000         0.000000000000000      
    0.000000000000000         0.000000000000000         0.000000000000000      
    0.000000000000000         0.000000000000000         0.000000000000000      
    0.000000000000000         0.000000000000000         0.000000000000000      
    0.000000000000000         0.000000000000000         0.000000000000000      
    0.000000000000000         0.000000000000000         0.000000000000000      
    0.000000000000000         0.000000000000000         0.000000000000000      
    0.000000000000000         0.000000000000000         0.000000000000000      
    0.000000000000000         0.000000000000000         0.000000000000000      
    0.000000000000000         0.000000000000000         0.000000000000000      
    0.000000000000000         0.000000000000000         0.000000000000000      
    0.000000000000000         0.000000000000000         0.000000000000000      
    0.000000000000000         0.000000000000000         0.000000000000000      
    0.000000000000000         0.000000000000000         0.000000000000000      
    0.000000000000000         0.000000000000000         0.000000000000000      
    0.000000000000000         0.000000000000000         0.000000000000000      
    0.000000000000000         0.000000000000000         0.000000000000000      
    0.000000000000000         0.000000000000000         0.000000000000000      
    0.000000000000000         0.000000000000000         0.000000000000000      
    0.000000000000000         0.000000000000000         0.000000000000000      
    0.000000000000000         0.000000000000000         0.000000000000000      
    0.000000000000000         0.000000000000000         0.000000000000000      
    0.000000000000000         0.000000000000000         0.000000000000000      
    0.000000000000000         0.000000000000000         0.000000000000000      
    0.000000000000000         0.000000000000000         0.000000000000000      
    0.000000000000000         0.000000000000000         0.000000000000000      
    0.000000000000000         0.000000000000000         0.000000000000000      
    0.000000000000000         0.000000000000000         0.000000000000000      
    0.000000000000000         0.000000000000000         0.000000000000000      
    0.000000000000000         0.000000000000000         0.000000000000000      
    0.000000000000000         0.000000000000000         0.000000000000000      
    0.000000000000000         0.000000000000000         0.000000000000000      
    0.000000000000000         0.000000000000000         0.000000000000000      
    0.000000000000000         0.000000000000000         0.000000000000000      
    0.000000000000000         0.000000000000000         0.000000000000000      
    0.000000000000000         0.000000000000000         0.000000000000000      
    0.000000000000000         0.000000000000000         0.000000000000000      
    0.000000000000000         0.000000000000000         0.000000000000000      
    0.000000000000000         0.000000000000000         0.000000000000000      
    0.000000000000000         0.000000000000000         0.000000000000000      
    0.000000000000000         0.000000000000000         0.000000000000000      
    0.000000000000000         0.000000000000000         0.000000000000000      
    0.000000000000000         0.000000000000000         0.000000000000000      
    0.000000000000000         0.000000000000000         0.000000000000000      
    0.000000000000000         0.000000000000000         0.000000000000000      
    0.000000000000000         0.000000000000000         0.000000000000000      
    0.000000000000000         0.000000000000000         0.000000000000000      
    0.000000000000000         0.000000000000000         0.000000000000000      
    0.000000000000000         0.000000000000000         0.000000000000000      
    0.000000000000000         0.000000000000000         0.000000000000000      
    0.000000000000000         0.000000000000000         0.000000000000000      
    0.000000000000000         0.000000000000000         0.000000000000000      
    0.000000000000000         0.000000000000000         0.000000000000000      
    0.000000000000000         0.000000000000000         0.000000000000000      
    0.000000000000000         0.000000000000000         0.000000000000000      
    0.000000000000000         0.000000000000000         0.000000000000000      
    0.000000000000000         0.000000000000000         0.000000000000000      
    0.000000000000000         0.000000000000000         0.000000000000000      
    0.000000000000000         0.000000000000000         0.000000000000000      
    0.000000000000000         0.000000000000000         0.000000000000000      
    0.000000000000000         0.000000000000000         0.000000000000000      
    0.000000000000000         0.000000000000000         0.000000000000000      
    0.000000000000000         0.000000000000000         0.000000000000000      
    0.000000000000000         0.000000000000000         0.000000000000000      
    0.000000000000000         0.000000000000000         0.000000000000000      
    0.000000000000000         0.000000000000000         0.000000000000000      
    0.000000000000000         0.000000000000000         0.000000000000000      
    0.000000000000000         0.000000000000000         0.000000000000000      
    0.000000000000000         0.000000000000000         0.000000000000000      
    0.000000000000000         0.000000000000000         0.000000000000000      
    0.000000000000000         0.000000000000000         0.000000000000000      
    0.000000000000000         0.000000000000000         0.000000000000000      
    0.000000000000000         0.000000000000000         0.000000000000000      
    0.000000000000000         0.000000000000000         0.000000000000000      
    0.000000000000000         0.000000000000000         0.000000000000000      
    0.000000000000000         0.000000000000000         0.000000000000000      
    0.000000000000000         0.000000000000000         0.000000000000000      
    0.000000000000000         0.000000000000000         0.000000000000000      
    0.000000000000000         0.000000000000000         0.000000000000000      
    0.000000000000000         0.000000000000000         0.000000000000000      
    0.000000000000000         0.000000000000000         0.000000000000000      
    0.000000000000000         0.000000000000000         0.000000000000000      
    0.000000000000000         0.000000000000000         0.000000000000000      
    0.000000000000000         0.000000000000000         0.000000000000000      
    0.000000000000000         0.000000000000000         0.000000000000000      
    0.000000000000000         0.000000000000000         0.000000000000000      
    0.000000000000000         0.000000000000000         0.000000000000000      
    0.000000000000000         0.000000000000000         0.000000000000000      
    0.000000000000000         0.000000000000000         0.000000000000000      
    0.000000000000000         0.000000000000000         0.000000000000000      
    0.000000000000000         0.000000000000000         0.000000000000000      
    0.000000000000000         0.000000000000000         0.000000000000000      
    0.000000000000000         0.000000000000000         0.000000000000000      
    0.000000000000000         0.000000000000000         0.000000000000000      
    0.000000000000000         0.000000000000000         0.000000000000000      
    0.000000000000000         0.000000000000000         0.000000000000000      
    0.000000000000000         0.000000000000000         0.000000000000000      
    0.000000000000000         0.000000000000000         0.000000000000000      
    0.000000000000000         0.000000000000000         0.000000000000000      
    0.000000000000000         0.000000000000000         0.000000000000000      
    0.000000000000000         0.000000000000000         0.000000000000000      
    0.000000000000000         0.000000000000000         0.000000000000000      
    0.000000000000000         0.000000000000000         0.000000000000000      
    0.000000000000000         0.000000000000000         0.000000000000000      
    0.000000000000000         0.000000000000000         0.000000000000000      
    0.000000000000000         0.000000000000000         0.000000000000000      
    0.000000000000000         0.000000000000000         0.000000000000000      
    0.000000000000000         0.000000000000000         0.000000000000000      
    0.000000000000000         0.000000000000000         0.000000000000000      
    0.000000000000000         0.000000000000000         0.000000000000000      
    0.000000000000000         0.000000000000000         0.000000000000000      
    0.000000000000000         0.000000000000000         0.000000000000000      
    0.000000000000000         0.000000000000000         0.000000000000000      
    0.000000000000000         0.000000000000000         0.000000000000000      
    0.000000000000000         0.000000000000000         0.000000000000000      
    0.000000000000000         0.000000000000000         0.000000000000000      
    0.000000000000000         0.000000000000000         0.000000000000000      
    0.000000000000000         0.000000000000000         0.000000000000000      
    0.000000000000000         0.000000000000000         0.000000000000000      
    0.000000000000000         0.000000000000000         0.000000000000000      
    0.000000000000000         0.000000000000000         0.000000000000000      
    0.000000000000000         0.000000000000000         0.000000000000000      
    0.000000000000000         0.000000000000000         0.000000000000000      
    0.000000000000000         0.000000000000000         0.000000000000000      
    0.000000000000000         0.000000000000000         0.000000000000000      
    0.000000000000000         0.000000000000000         0.000000000000000      
    0.000000000000000         0.000000000000000         0.000000000000000      
    0.000000000000000         0.000000000000000         0.000000000000000      
    0.000000000000000         0.000000000000000         0.000000000000000      
    0.000000000000000         0.000000000000000         0.000000000000000      
    0.000000000000000         0.000000000000000         0.000000000000000      
    0.000000000000000         0.000000000000000         0.000000000000000      
    0.000000000000000         0.000000000000000         0.000000000000000      
    0.000000000000000         0.000000000000000         0.000000000000000      
    0.000000000000000         0.000000000000000         0.000000000000000      
    0.000000000000000         0.000000000000000         0.000000000000000      
    0.000000000000000         0.000000000000000         0.000000000000000      
    0.000000000000000         0.000000000000000         0.000000000000000      
    0.000000000000000         0.000000000000000         0.000000000000000      
    0.000000000000000         0.000000000000000         0.000000000000000      
    0.000000000000000         0.000000000000000         0.000000000000000      
    0.000000000000000         0.000000000000000         0.000000000000000      
    0.000000000000000         0.000000000000000         0.000000000000000      
    0.000000000000000         0.000000000000000         0.000000000000000      
    0.000000000000000         0.000000000000000         0.000000000000000      
    0.000000000000000         0.000000000000000         0.000000000000000      
    0.000000000000000         0.000000000000000         0.000000000000000      
    0.000000000000000         0.000000000000000         0.000000000000000      
    0.000000000000000         0.000000000000000         0.000000000000000      
    0.000000000000000         0.000000000000000         0.000000000000000      
    0.000000000000000         0.000000000000000         0.000000000000000      
    0.000000000000000         0.000000000000000         0.000000000000000      
    0.000000000000000         0.000000000000000         0.000000000000000      
    0.000000000000000         0.000000000000000         0.000000000000000      
    0.000000000000000         0.000000000000000         0.000000000000000      
    0.000000000000000         0.000000000000000         0.000000000000000      
    0.000000000000000         0.000000000000000         0.000000000000000      
    0.000000000000000         0.000000000000000         0.000000000000000      
    0.000000000000000         0.000000000000000         0.000000000000000      
    0.000000000000000         0.000000000000000         0.000000000000000      
    0.000000000000000         0.000000000000000         0.000000000000000      
    0.000000000000000         0.000000000000000         0.000000000000000      
    0.000000000000000         0.000000000000000         0.000000000000000      
    0.000000000000000         0.000000000000000         0.000000000000000      
    0.000000000000000         0.000000000000000         0.000000000000000      
    0.000000000000000         0.000000000000000         0.000000000000000      
    0.000000000000000         0.000000000000000         0.000000000000000      
    0.000000000000000         0.000000000000000         0.000000000000000      
    0.000000000000000         0.000000000000000         0.000000000000000      
    0.000000000000000         0.000000000000000         0.000000000000000      
    0.000000000000000         0.000000000000000         0.000000000000000      
    0.000000000000000         0.000000000000000         0.000000000000000      
    0.000000000000000         0.000000000000000         0.000000000000000      
    0.000000000000000         0.000000000000000         0.000000000000000      
    0.000000000000000         0.000000000000000         0.000000000000000      
    0.000000000000000         0.000000000000000         0.000000000000000      
    0.000000000000000         0.000000000000000         0.000000000000000      
    0.000000000000000         0.000000000000000         0.000000000000000      
    0.000000000000000         0.000000000000000         0.000000000000000      
    0.000000000000000         0.000000000000000         0.000000000000000      
    0.000000000000000         0.000000000000000         0.000000000000000      
    0.000000000000000         0.000000000000000         0.000000000000000      
    0.000000000000000         0.000000000000000         0.000000000000000      
    0.000000000000000         0.000000000000000         0.000000000000000      
    0.000000000000000         0.000000000000000         0.000000000000000      
    0.000000000000000         0.000000000000000         0.000000000000000      
    0.000000000000000         0.000000000000000         0.000000000000000      
    0.000000000000000         0.000000000000000         0.000000000000000      
    0.000000000000000         0.000000000000000         0.000000000000000      
    0.000000000000000         0.000000000000000         0.000000000000000      
    0.000000000000000         0.000000000000000         0.000000000000000     
 ICURRT =            2
 RBDRY =    5.547358070384798         5.514484338659030      
    5.470882119478216         5.447073557923876         5.413468336864217      
    5.384953479904013         5.368001252017721         5.345046307778806      
    5.330386848784556         5.330141437125718         5.353578880352240      
    5.386205511522571         5.448437500000000         5.515625000000000      
    5.597004634592182         5.717187500000000         5.801877580081047      
    5.918749999999999         6.053125000000000         6.254687499999999      
    6.389062500000000         6.590624999999999         6.725000000000000      
    6.926562499999999         7.099997159853296         7.262499999999999      
    7.396875000000000         7.594362720207328         7.732812500000000      
    7.867187500000000         8.001562499999999         8.178419274843641      
    8.337499999999999         8.471875000000001         8.606249999999999      
    8.740625000000000         8.875000000000000         9.009374999999999      
    9.143750000000001         9.278124999999999         9.412500000000000      
    9.524970722714597         9.618589226284630         9.748437500000000      
    9.856993253805177         9.949999999999999         10.04057375650031      
    10.13362894652987         10.20627353819226         10.26030624834494      
    10.29514166241965         10.31341518950883         10.28669701262740      
    10.24803302501985         10.19057693181251         10.11535655130248      
    10.02151809043758         9.949999999999999         9.846569419347743      
    9.748437500000000         9.626981511624200         9.542596292556244      
    9.412500000000000         9.278124999999999         9.164866322553264      
    9.057556620864766         8.942187499999999         8.807812500000001      
    8.673437499999999         8.539062500000000         8.404687500000000      
    8.270312499999999         8.135937500000001         8.001562499999999      
    7.867187500000000         7.732812500000000         7.598437500000000      
    7.464062500000000         7.329687500000000         7.195312500000000      
    7.048519348933333         6.871024846157914         6.725000000000000      
    6.590624999999999         6.392594448808859         6.328938897617720      
    6.254687499999999         6.197615316535163         6.172971368961979      
    6.136052929597918         6.103675119816171         6.053125000000000      
    5.989395695667692         5.933840337243349         5.875696278044233      
    5.816757344785190         5.758962537632434         5.704158283993611      
    5.650000000000000         5.585901391278045         5.547358070384798      
    7.040970000000000         0.000000000000000         0.000000000000000      
    0.000000000000000         0.000000000000000         0.000000000000000      
    0.000000000000000         0.000000000000000         0.000000000000000     
 ZBDRY =    0.000000000000000        0.2500000000000000      
   0.6250000000000000        0.8750000000000000         1.250000000000000      
    1.625000000000000         1.875000000000000         2.250000000000000      
    2.625000000000000         3.000000000000000         3.375000000000000      
    3.625000000000000         3.923302965483613         4.155168607406796      
    4.375000000000000         4.618065292816486         4.750000000000000      
    4.891207588988417         5.006475386895719         5.106905340462998      
    5.136544271969156         5.139703210701080         5.118516208743643      
    5.066954123432119         5.000000000000000         4.928785794719928      
    4.859554947388874         4.750000000000000         4.669924788833972      
    4.585085314357028         4.495880534665865         4.375000000000000      
    4.261210539825389         4.158986831074493         4.051490232189833      
    3.939591580439882         3.822100873029937         3.696999674696157      
    3.563053689786954         3.420045586131997         3.266189475919493      
    3.125000000000000         3.000000000000000         2.807408275826674      
    2.625000000000000         2.448157257319880         2.250000000000000      
    2.000000000000000         1.750000000000000         1.500000000000000      
    1.250000000000000        0.8750000000000000        0.5000000000000000      
   0.2500000000000000         0.000000000000000       -0.2500000000000000      
  -0.5000000000000000       -0.6647603091668876       -0.8750000000000000      
   -1.052615629876938        -1.250000000000000        -1.375000000000000      
   -1.560583309795677        -1.734617499216962        -1.875000000000000      
   -2.000000000000000        -2.131271039110068        -2.275641826465663      
   -2.413636084622977        -2.546849970643394        -2.676506650409554      
   -2.803517218530413        -2.928559070487616        -3.052139999796209      
   -3.174633504988884        -3.296240427330157        -3.416865123056084      
   -3.535949732254244        -3.652245940734661        -3.763517011058244      
   -3.875000000000000        -4.000000000000000        -4.091290819790953      
   -4.164232319551584        -4.244650055178514        -4.263987240119850      
   -3.993989139021280        -3.625000000000000        -3.375000000000000      
   -3.000000000000000        -2.750000000000000        -2.446575101302618      
   -2.125000000000000        -1.875000000000000        -1.625000000000000      
   -1.375000000000000        -1.125000000000000       -0.8750000000000000      
  -0.6085219640344094       -0.2500000000000000         0.000000000000000      
   -5.861240000000000         0.000000000000000         0.000000000000000      
    0.000000000000000         0.000000000000000         0.000000000000000      
    0.000000000000000         0.000000000000000         0.000000000000000     
 NBDRY =          101
 FWTSI =    0.000000000000000         0.000000000000000      
    0.000000000000000         0.000000000000000         0.000000000000000      
    0.000000000000000         0.000000000000000         0.000000000000000      
    0.000000000000000         0.000000000000000         0.000000000000000      
    0.000000000000000         0.000000000000000         0.000000000000000      
    0.000000000000000         0.000000000000000         0.000000000000000      
    0.000000000000000         0.000000000000000         0.000000000000000      
    0.000000000000000         0.000000000000000         0.000000000000000      
    0.000000000000000         0.000000000000000         0.000000000000000      
    0.000000000000000         0.000000000000000         0.000000000000000      
    0.000000000000000         0.000000000000000         0.000000000000000      
    0.000000000000000         0.000000000000000         0.000000000000000      
    0.000000000000000         0.000000000000000         0.000000000000000      
    0.000000000000000         0.000000000000000         0.000000000000000      
    0.000000000000000         0.000000000000000         0.000000000000000     
 FWTCUR =    0.000000000000000     
 MXITER =            1
 NXITER =          700
 LIMITR =          137
 XLIM =    5.120000000000000         5.119900000000000      
    5.120060000000000         5.100420000000000         5.069120000000000      
    5.025790000000000         4.970410000000000         4.929480000000000      
    4.890960000000000         4.840020000000000         4.780000000000000      
    5.080070000000000         5.237460000000000         5.750020000000000      
    5.856630000000000         5.953800000000000         6.053190000000000      
    6.169980000000000         6.255110000000000         6.346400000000000      
    6.394860000000000         6.470390000000000         6.639500000000000      
    6.870000000000000         7.100000000000000         7.139990000000000      
    7.173000000000000         7.204610000000000         7.250430000000000      
    7.292870000000000         7.356330000000000         7.422430000000000      
    7.483630000000000         7.570960000000000         7.677450000000000      
    7.794030000000000         7.885680000000000         7.945510000000000      
    7.993900000000000         8.153100000000000         8.310600000000001      
    8.466300000000000         8.620100000000001         8.772000000000000      
    8.922100000000000         9.070200000000000         9.216500000000000      
    9.360799999999999         9.503200000000000         9.643700000000001      
    9.779700000000000         9.895600000000000         10.00300000000000      
    10.10100000000000         10.19100000000000         10.27100000000000      
    10.34200000000000         10.40300000000000         10.45500000000000      
    10.49700000000000         10.51600000000000         10.51600000000000      
    10.50600000000000         10.48600000000000         10.45700000000000      
    10.41800000000000         10.37000000000000         10.29600000000000      
    10.20300000000000         10.10100000000000         9.990500000000001      
    9.871000000000000         9.743000000000000         9.606700000000000      
    9.462500000000000         9.310600000000001         9.151300000000001      
    8.986700000000001         8.818000000000000         8.645300000000001      
    8.468700000000000         8.288300000000000         8.104200000000001      
    7.916500000000000         7.725500000000000         7.531100000000000      
    7.333600000000000         7.133100000000000         6.929700000000000      
    6.723500000000000         6.514400000000000         6.302300000000000      
    6.087400000000000         5.869900000000000         5.643300000000000      
    5.430900000000000         5.277800000000000         5.190400000000000      
    5.137300000000000         5.120000000000000         5.120000000000000      
    5.120000000000000         5.120000000000000         5.120000000000000      
    5.120000000000000         5.120000000000000         5.120000000000000      
    5.120000000000000         5.120000000000000         5.120000000000000      
    5.120000000000000         5.120000000000000         5.120000000000000      
    5.120000000000000         5.120000000000000         5.120000000000000      
    5.120000000000000         5.120000000000000         5.120000000000000      
    5.120000000000000         5.120000000000000         5.120000000000000      
    5.120000000000000         5.120000000000000         5.120000000000000      
    5.120000000000000         5.120000000000000         5.120000000000000      
    5.120000000000000         5.120000000000000         5.120000000000000      
    5.120000000000000         5.120000000000000         5.120000000000000      
    5.120000000000000         5.120000000000000         5.120000000000000      
    5.120000000000000         0.000000000000000         0.000000000000000      
    0.000000000000000         0.000000000000000         0.000000000000000      
    0.000000000000000         0.000000000000000         0.000000000000000      
    0.000000000000000         0.000000000000000         0.000000000000000      
    0.000000000000000         0.000000000000000         0.000000000000000      
    0.000000000000000         0.000000000000000         0.000000000000000      
    0.000000000000000         0.000000000000000         0.000000000000000      
    0.000000000000000         0.000000000000000     
 YLIM =   -3.430000000000000        -3.670040000000000      
   -3.795170000000000        -4.063000000000000        -4.205050000000000      
   -4.347100000000000        -4.491560000000000        -4.592680000000000      
   -4.681760000000000        -4.785020000000000        -4.910000000000000      
   -4.859990000000000        -4.831700000000000        -4.599970000000000      
   -4.603600000000000        -4.608500000000000        -4.633020000000000      
   -4.686060000000000        -4.740440000000000        -4.814230000000000      
   -4.863580000000000        -4.953840000000000        -5.517760000000000      
   -5.720020000000000        -5.910000000000000        -5.616990000000000      
   -5.383380000000000        -5.221820000000000        -5.006960000000000      
   -4.807060000000000        -4.590250000000000        -4.415740000000000      
   -4.288340000000000        -4.128660000000000        -3.988550000000000      
   -3.858520000000000        -3.764190000000000        -3.696880000000000      
   -3.643100000000000        -3.476400000000000        -3.308100000000000      
   -3.138000000000000        -2.966300000000000        -2.793000000000000      
   -2.618000000000000        -2.441400000000000        -2.263300000000000      
   -2.083500000000000        -1.902200000000000        -1.719400000000000      
   -1.533500000000000        -1.334300000000000        -1.130200000000000      
  -0.9218000000000000       -0.7093300000000000       -0.4932200000000000      
  -0.2738800000000000       -5.1700000000000003E-002   0.1729000000000000      
   0.3995200000000000        0.6288700000000000        0.8593700000000000      
    1.089700000000000         1.319300000000000         1.548000000000000      
    1.775200000000000         2.000600000000000         2.218400000000000      
    2.429400000000000         2.636100000000000         2.838200000000000      
    3.035200000000000         3.226900000000000         3.412800000000000      
    3.592600000000000         3.766000000000000         3.932600000000000      
    4.094000000000000         4.251100000000000         4.403800000000000      
    4.551900000000000         4.695300000000000         4.834100000000000      
    4.967900000000000         5.096900000000000         5.220900000000000      
    5.339700000000000         5.453400000000000         5.561800000000000      
    5.664900000000000         5.761800000000000         5.852100000000000      
    5.935500000000000         6.012000000000000         6.029800000000000      
    5.944800000000000         5.776300000000000         5.563300000000000      
    5.339200000000000         5.109600000000000         4.879100000000000      
    4.648600000000000         4.418000000000000         4.187500000000000      
    3.957000000000000         3.726500000000000         3.496000000000000      
    3.265500000000000         3.035000000000000         2.804400000000000      
    2.573900000000000         2.343400000000000         2.112900000000000      
    1.882400000000000         1.651900000000000         1.421300000000000      
    1.190800000000000        0.9603100000000000        0.7298000000000000      
   0.4992800000000000        0.2687600000000000        3.8249999999999999E-002 
  -0.1922700000000000       -0.4227800000000000       -0.6533000000000000      
  -0.8838100000000000        -1.114300000000000        -1.344800000000000      
   -1.575400000000000        -1.805900000000000        -2.036400000000000      
   -2.266900000000000        -2.497400000000000        -2.727900000000000      
   -2.958500000000000        -3.189000000000000        -3.419500000000000      
   -3.430000000000000         0.000000000000000         0.000000000000000      
    0.000000000000000         0.000000000000000         0.000000000000000      
    0.000000000000000         0.000000000000000         0.000000000000000      
    0.000000000000000         0.000000000000000         0.000000000000000      
    0.000000000000000         0.000000000000000         0.000000000000000      
    0.000000000000000         0.000000000000000         0.000000000000000      
    0.000000000000000         0.000000000000000         0.000000000000000      
    0.000000000000000         0.000000000000000     
 ERROR =   2.0843699999999998E-005
 ICONVR =            3
 IBUNMN =            3
 PRESSR =    0.000000000000000         0.000000000000000      
    0.000000000000000         0.000000000000000         0.000000000000000      
    0.000000000000000         0.000000000000000         0.000000000000000      
    0.000000000000000         0.000000000000000         0.000000000000000      
    0.000000000000000         0.000000000000000         0.000000000000000      
    0.000000000000000         0.000000000000000         0.000000000000000      
    0.000000000000000         0.000000000000000         0.000000000000000      
    0.000000000000000         0.000000000000000         0.000000000000000      
    0.000000000000000         0.000000000000000         0.000000000000000      
    0.000000000000000         0.000000000000000         0.000000000000000      
    0.000000000000000         0.000000000000000         0.000000000000000      
    0.000000000000000         0.000000000000000         0.000000000000000      
    0.000000000000000         0.000000000000000         0.000000000000000      
    0.000000000000000         0.000000000000000         0.000000000000000      
    0.000000000000000         0.000000000000000         0.000000000000000      
    0.000000000000000         0.000000000000000         0.000000000000000      
    0.000000000000000         0.000000000000000         0.000000000000000      
    0.000000000000000         0.000000000000000         0.000000000000000      
    0.000000000000000         0.000000000000000         0.000000000000000      
    0.000000000000000         0.000000000000000         0.000000000000000      
    0.000000000000000         0.000000000000000         0.000000000000000      
    0.000000000000000         0.000000000000000         0.000000000000000      
    0.000000000000000         0.000000000000000         0.000000000000000      
    0.000000000000000         0.000000000000000         0.000000000000000      
    0.000000000000000         0.000000000000000         0.000000000000000      
    0.000000000000000         0.000000000000000         0.000000000000000      
    0.000000000000000         0.000000000000000         0.000000000000000      
    0.000000000000000         0.000000000000000         0.000000000000000      
    0.000000000000000         0.000000000000000         0.000000000000000      
    0.000000000000000         0.000000000000000         0.000000000000000      
    0.000000000000000         0.000000000000000         0.000000000000000      
    0.000000000000000         0.000000000000000         0.000000000000000      
    0.000000000000000         0.000000000000000         0.000000000000000      
    0.000000000000000         0.000000000000000         0.000000000000000      
    0.000000000000000         0.000000000000000         0.000000000000000      
    0.000000000000000         0.000000000000000         0.000000000000000      
    0.000000000000000         0.000000000000000         0.000000000000000      
    0.000000000000000         0.000000000000000         0.000000000000000      
    0.000000000000000         0.000000000000000         0.000000000000000      
    0.000000000000000         0.000000000000000         0.000000000000000      
    0.000000000000000         0.000000000000000         0.000000000000000      
    0.000000000000000         0.000000000000000         0.000000000000000      
    0.000000000000000         0.000000000000000         0.000000000000000      
    0.000000000000000         0.000000000000000         0.000000000000000      
    0.000000000000000         0.000000000000000         0.000000000000000      
    0.000000000000000         0.000000000000000         0.000000000000000      
    0.000000000000000         0.000000000000000         0.000000000000000      
    0.000000000000000         0.000000000000000         0.000000000000000      
    0.000000000000000         0.000000000000000         0.000000000000000      
    0.000000000000000         0.000000000000000         0.000000000000000      
    0.000000000000000         0.000000000000000         0.000000000000000      
    0.000000000000000         0.000000000000000         0.000000000000000      
    0.000000000000000         0.000000000000000         0.000000000000000      
    0.000000000000000         0.000000000000000         0.000000000000000      
    0.000000000000000         0.000000000000000         0.000000000000000      
    0.000000000000000         0.000000000000000         0.000000000000000      
    0.000000000000000         0.000000000000000         0.000000000000000      
    0.000000000000000         0.000000000000000         0.000000000000000      
    0.000000000000000         0.000000000000000         0.000000000000000      
    0.000000000000000         0.000000000000000         0.000000000000000      
    0.000000000000000         0.000000000000000         0.000000000000000      
    0.000000000000000         0.000000000000000         0.000000000000000      
    0.000000000000000         0.000000000000000         0.000000000000000      
    0.000000000000000         0.000000000000000         0.000000000000000      
    0.000000000000000         0.000000000000000         0.000000000000000      
    0.000000000000000         0.000000000000000         0.000000000000000      
    0.000000000000000         0.000000000000000         0.000000000000000      
    0.000000000000000     
 RPRESS =    0.000000000000000         0.000000000000000      
    0.000000000000000         0.000000000000000         0.000000000000000      
    0.000000000000000         0.000000000000000         0.000000000000000      
    0.000000000000000         0.000000000000000         0.000000000000000      
    0.000000000000000         0.000000000000000         0.000000000000000      
    0.000000000000000         0.000000000000000         0.000000000000000      
    0.000000000000000         0.000000000000000         0.000000000000000      
    0.000000000000000         0.000000000000000         0.000000000000000      
    0.000000000000000         0.000000000000000         0.000000000000000      
    0.000000000000000         0.000000000000000         0.000000000000000      
    0.000000000000000         0.000000000000000         0.000000000000000      
    0.000000000000000         0.000000000000000         0.000000000000000      
    0.000000000000000         0.000000000000000         0.000000000000000      
    0.000000000000000         0.000000000000000         0.000000000000000      
    0.000000000000000         0.000000000000000         0.000000000000000      
    0.000000000000000         0.000000000000000         0.000000000000000      
    0.000000000000000         0.000000000000000         0.000000000000000      
    0.000000000000000         0.000000000000000         0.000000000000000      
    0.000000000000000         0.000000000000000         0.000000000000000      
    0.000000000000000         0.000000000000000         0.000000000000000      
    0.000000000000000         0.000000000000000         0.000000000000000      
    0.000000000000000         0.000000000000000         0.000000000000000      
    0.000000000000000         0.000000000000000         0.000000000000000      
    0.000000000000000         0.000000000000000         0.000000000000000      
    0.000000000000000         0.000000000000000         0.000000000000000      
    0.000000000000000         0.000000000000000         0.000000000000000      
    0.000000000000000         0.000000000000000         0.000000000000000      
    0.000000000000000         0.000000000000000         0.000000000000000      
    0.000000000000000         0.000000000000000         0.000000000000000      
    0.000000000000000         0.000000000000000         0.000000000000000      
    0.000000000000000         0.000000000000000         0.000000000000000      
    0.000000000000000         0.000000000000000         0.000000000000000      
    0.000000000000000         0.000000000000000         0.000000000000000      
    0.000000000000000         0.000000000000000         0.000000000000000      
    0.000000000000000         0.000000000000000         0.000000000000000      
    0.000000000000000         0.000000000000000         0.000000000000000      
    0.000000000000000         0.000000000000000         0.000000000000000      
    0.000000000000000         0.000000000000000         0.000000000000000      
    0.000000000000000         0.000000000000000         0.000000000000000      
    0.000000000000000         0.000000000000000         0.000000000000000      
    0.000000000000000         0.000000000000000         0.000000000000000      
    0.000000000000000         0.000000000000000         0.000000000000000      
    0.000000000000000         0.000000000000000         0.000000000000000      
    0.000000000000000         0.000000000000000         0.000000000000000      
    0.000000000000000         0.000000000000000         0.000000000000000      
    0.000000000000000         0.000000000000000         0.000000000000000      
    0.000000000000000         0.000000000000000         0.000000000000000      
    0.000000000000000         0.000000000000000         0.000000000000000      
    0.000000000000000         0.000000000000000         0.000000000000000      
    0.000000000000000         0.000000000000000         0.000000000000000      
    0.000000000000000         0.000000000000000         0.000000000000000      
    0.000000000000000         0.000000000000000         0.000000000000000      
    0.000000000000000         0.000000000000000         0.000000000000000      
    0.000000000000000         0.000000000000000         0.000000000000000      
    0.000000000000000         0.000000000000000         0.000000000000000      
    0.000000000000000         0.000000000000000         0.000000000000000      
    0.000000000000000         0.000000000000000         0.000000000000000      
    0.000000000000000         0.000000000000000         0.000000000000000      
    0.000000000000000         0.000000000000000         0.000000000000000      
    0.000000000000000         0.000000000000000         0.000000000000000      
    0.000000000000000         0.000000000000000         0.000000000000000      
    0.000000000000000         0.000000000000000         0.000000000000000      
    0.000000000000000         0.000000000000000         0.000000000000000      
    0.000000000000000         0.000000000000000         0.000000000000000      
    0.000000000000000         0.000000000000000         0.000000000000000      
    0.000000000000000         0.000000000000000         0.000000000000000      
    0.000000000000000         0.000000000000000         0.000000000000000      
    0.000000000000000     
 QPSI =    1.889402617934495         1.454236175143541      
    1.297806260454597         1.228318557539992         1.199849381193762      
    1.185410322833079         1.179858189037616         1.178480042474675      
    1.179923148931420         1.182821677603236         1.187832598435562      
    1.194808547034253         1.203343137030643         1.213309235158037      
    1.224471479178530         1.236604657359500         1.249724481178589      
    1.263967379743924         1.279458599429844         1.295401177718837      
    1.309820790869860         1.321714876691251         1.330729516051537      
    1.337343351088734         1.343083739116449         1.349742165449030      
    1.357735051532992         1.367671333228033         1.378071684332722      
    1.383955515917069         1.378683320942619         1.356532977287800      
    1.317273482020603         1.267214190192691         1.216296286685072      
    1.171110820025513         1.136098593464595         1.112150129387362      
    1.098792459063941         1.094774748767050         1.098669827948067      
    1.108510868183296         1.122667510079474         1.139785690341446      
    1.158501384191855         1.177963121814598         1.197721349580375      
    1.217509099472635         1.237349926850862         1.257392518767275      
    1.277622712586241         1.298163934285823         1.319165405403473      
    1.340589881974507         1.362445341186566         1.384873324419233      
    1.407858296193785         1.431308413245446         1.455215425608972      
    1.479586987418876         1.504368985468739         1.529611896152756      
    1.555412759100954         1.581723805025006         1.608600076849320      
    1.635966142055632         1.663909274652969         1.692363923564574      
    1.721508418990246         1.751320688392546         1.781711617693696      
    1.812718063674102         1.844408425643893         1.876659378463134      
    1.909795762924247         1.943686905953504         1.978259585466422      
    2.013713136486369         2.049872421273046         2.086994381148136      
    2.125129020818464         2.164119812639025         2.204148971168676      
    2.245125949396843         2.287312903489990         2.330751221664189      
    2.375434900811156         2.421347380975268         2.468644717192971      
    2.517501889833318         2.567931906479950         2.619999962697479      
    2.673625782025348         2.729335746727595         2.786943648306155      
    2.846730429799768         2.908511542069842         2.972753894758112      
    3.039394720642440         3.108392063422854         3.180060249161863      
    3.254617745872747         3.332376580864460         3.413258032504379      
    3.498125413097736         3.586697247057065         3.679658835871647      
    3.777475343516081         3.880209229640546         3.988520054938645      
    4.103323705884867         4.224513623710670         4.354321435916916      
    4.493524347850058         4.643851352127322         4.807626249855736      
    4.988240009680178         5.189641798240954         5.418923753937364      
    5.672888069657514         5.928038957263381         6.142535828879382      
    6.268169715043760         6.274006377640685         6.226084536129652      
    6.231919801017100         6.353666759586641         6.687677968390626      
    9.068410293004233     
 PRESSW =    0.000000000000000         0.000000000000000      
    0.000000000000000         0.000000000000000         0.000000000000000      
    0.000000000000000         0.000000000000000         0.000000000000000      
    0.000000000000000         0.000000000000000         0.000000000000000      
    0.000000000000000         0.000000000000000         0.000000000000000      
    0.000000000000000         0.000000000000000         0.000000000000000      
    0.000000000000000         0.000000000000000         0.000000000000000      
    0.000000000000000         0.000000000000000         0.000000000000000      
    0.000000000000000         0.000000000000000         0.000000000000000      
    0.000000000000000         0.000000000000000         0.000000000000000      
    0.000000000000000         0.000000000000000         0.000000000000000      
    0.000000000000000         0.000000000000000         0.000000000000000      
    0.000000000000000         0.000000000000000         0.000000000000000      
    0.000000000000000         0.000000000000000         0.000000000000000      
    0.000000000000000         0.000000000000000         0.000000000000000      
    0.000000000000000         0.000000000000000         0.000000000000000      
    0.000000000000000         0.000000000000000         0.000000000000000      
    0.000000000000000         0.000000000000000         0.000000000000000      
    0.000000000000000         0.000000000000000         0.000000000000000      
    0.000000000000000         0.000000000000000         0.000000000000000      
    0.000000000000000         0.000000000000000         0.000000000000000      
    0.000000000000000         0.000000000000000         0.000000000000000      
    0.000000000000000         0.000000000000000         0.000000000000000      
    0.000000000000000         0.000000000000000         0.000000000000000      
    0.000000000000000         0.000000000000000         0.000000000000000      
    0.000000000000000         0.000000000000000         0.000000000000000      
    0.000000000000000         0.000000000000000         0.000000000000000      
    0.000000000000000         0.000000000000000         0.000000000000000      
    0.000000000000000         0.000000000000000         0.000000000000000      
    0.000000000000000         0.000000000000000         0.000000000000000      
    0.000000000000000         0.000000000000000         0.000000000000000      
    0.000000000000000         0.000000000000000         0.000000000000000      
    0.000000000000000         0.000000000000000         0.000000000000000      
    0.000000000000000         0.000000000000000         0.000000000000000      
    0.000000000000000         0.000000000000000         0.000000000000000      
    0.000000000000000         0.000000000000000         0.000000000000000      
    0.000000000000000         0.000000000000000         0.000000000000000      
    0.000000000000000         0.000000000000000         0.000000000000000      
    0.000000000000000         0.000000000000000         0.000000000000000      
    0.000000000000000         0.000000000000000         0.000000000000000      
    0.000000000000000         0.000000000000000         0.000000000000000      
    0.000000000000000         0.000000000000000         0.000000000000000      
    0.000000000000000         0.000000000000000         0.000000000000000      
    0.000000000000000     
 PRES =    2297440.584818552         2219324.957003039      
    2149619.426575866         2086047.693656255         2026425.510567432      
    1969482.643089870         1914481.584047306         1861014.421490649      
    1808872.587923646         1757974.393143682         1708468.859460958      
    1660799.891270859         1615309.977772593         1571949.003622804      
    1530498.975571951         1490767.405122787         1452591.685507268      
    1415831.959752472         1380359.808572544         1345953.615044755      
    1311951.269897121         1277341.193464625         1241557.110362794      
    1204681.704975677         1166983.955861722         1128687.260939268      
    1089955.443519555         1050920.332776265         1011728.143240853      
    972589.1253728975         933845.1160536354         896030.9737618070      
    859956.9166640476         826610.1801004569         796605.2509505048      
    769843.4047373447         745840.1322740203         724084.9574041575      
    704142.6521009556         685671.3236513493         668413.4102257247      
    652181.4417734127         636843.8339174631         622311.2285810496      
    608524.5916409914         595444.7585738163         583043.7518962598      
    571298.7295742488         560187.0569466432         549677.8134827809      
    539702.6342089444         530134.6075542719         520840.6085524938      
    511747.9143709851         502835.1781441226         494094.9028215111      
    485521.3632948644         477109.8602223551         468856.0489675075      
    460755.9125238833         452805.6466423701         445001.5960761161      
    437340.2019861515         429817.9863732249         422431.5159660261      
    415177.3206374214         408051.7470432714         401049.7311116593      
    394163.0291337619         387382.2003561016         380701.1064353352      
    374117.3595696247         367629.8425146419         361237.5769127054      
    354939.6102716629         348734.9788534797         342622.7148704676      
    336601.8410384157         330671.3693270478         324830.3150571331      
    319077.7030402843         313412.6330493030         307834.8114019488      
    302346.3856698389         296952.0627658918         291655.1399373598      
    286455.4648593350         281351.3709261391         276341.0377929313      
    271422.6371234785         266594.3740692859         261854.4843104537      
    257201.2293528528         252632.8870145634         248147.6859384895      
    243743.3630100929         239411.5442273484         235130.0505293428      
    230873.5294602893         226631.1339748086         222409.5050219863      
    218213.6652570861         214033.7953039001         209865.3050590125      
    205712.8886218516         201577.4476849884         197452.9285104649      
    193322.6427542044         189160.0448291054         184937.3385377982      
    180635.6670745103         176247.9882904652         171773.8822769133      
    167213.8137841398         162574.5925573800         157854.9154203854      
    153038.5904439068         148122.9180822971         142992.0637997264      
    137146.5569669442         129714.1914722728         119658.6530766258      
    105934.3577418894         88054.94205094628         67169.11727599712      
    46035.70497386992         27195.62381649051         12004.72576519638      
    0.000000000000000     
 NQPSI =          129
 NPRESS =            0
 SIGPRE =    0.000000000000000         0.000000000000000      
    0.000000000000000         0.000000000000000         0.000000000000000      
    0.000000000000000         0.000000000000000         0.000000000000000      
    0.000000000000000         0.000000000000000         0.000000000000000      
    0.000000000000000         0.000000000000000         0.000000000000000      
    0.000000000000000         0.000000000000000         0.000000000000000      
    0.000000000000000         0.000000000000000         0.000000000000000      
    0.000000000000000         0.000000000000000         0.000000000000000      
    0.000000000000000         0.000000000000000         0.000000000000000      
    0.000000000000000         0.000000000000000         0.000000000000000      
    0.000000000000000         0.000000000000000         0.000000000000000      
    0.000000000000000         0.000000000000000         0.000000000000000      
    0.000000000000000         0.000000000000000         0.000000000000000      
    0.000000000000000         0.000000000000000         0.000000000000000      
    0.000000000000000         0.000000000000000         0.000000000000000      
    0.000000000000000         0.000000000000000         0.000000000000000      
    0.000000000000000         0.000000000000000         0.000000000000000      
    0.000000000000000         0.000000000000000         0.000000000000000      
    0.000000000000000         0.000000000000000         0.000000000000000      
    0.000000000000000         0.000000000000000         0.000000000000000      
    0.000000000000000         0.000000000000000         0.000000000000000      
    0.000000000000000         0.000000000000000         0.000000000000000      
    0.000000000000000         0.000000000000000         0.000000000000000      
    0.000000000000000         0.000000000000000         0.000000000000000      
    0.000000000000000         0.000000000000000         0.000000000000000      
    0.000000000000000         0.000000000000000         0.000000000000000      
    0.000000000000000         0.000000000000000         0.000000000000000      
    0.000000000000000         0.000000000000000         0.000000000000000      
    0.000000000000000         0.000000000000000         0.000000000000000      
    0.000000000000000         0.000000000000000         0.000000000000000      
    0.000000000000000         0.000000000000000         0.000000000000000      
    0.000000000000000         0.000000000000000         0.000000000000000      
    0.000000000000000         0.000000000000000         0.000000000000000      
    0.000000000000000         0.000000000000000         0.000000000000000      
    0.000000000000000         0.000000000000000         0.000000000000000      
    0.000000000000000         0.000000000000000         0.000000000000000      
    0.000000000000000         0.000000000000000         0.000000000000000      
    0.000000000000000         0.000000000000000         0.000000000000000      
    0.000000000000000         0.000000000000000         0.000000000000000      
    0.000000000000000         0.000000000000000         0.000000000000000      
    0.000000000000000         0.000000000000000         0.000000000000000      
    0.000000000000000         0.000000000000000         0.000000000000000      
    0.000000000000000         0.000000000000000         0.000000000000000      
    0.000000000000000         0.000000000000000         0.000000000000000      
    0.000000000000000         0.000000000000000         0.000000000000000      
    0.000000000000000         0.000000000000000         0.000000000000000      
    0.000000000000000         0.000000000000000         0.000000000000000      
    0.000000000000000         0.000000000000000         0.000000000000000      
    0.000000000000000         0.000000000000000         0.000000000000000      
    0.000000000000000         0.000000000000000         0.000000000000000      
    0.000000000000000         0.000000000000000         0.000000000000000      
    0.000000000000000         0.000000000000000         0.000000000000000      
    0.000000000000000         0.000000000000000         0.000000000000000      
    0.000000000000000         0.000000000000000         0.000000000000000      
    0.000000000000000         0.000000000000000         0.000000000000000      
    0.000000000000000         0.000000000000000         0.000000000000000      
    0.000000000000000         0.000000000000000         0.000000000000000      
    0.000000000000000         0.000000000000000         0.000000000000000      
    0.000000000000000         0.000000000000000         0.000000000000000      
    0.000000000000000         0.000000000000000         0.000000000000000      
    0.000000000000000         0.000000000000000         0.000000000000000      
    0.000000000000000         0.000000000000000         0.000000000000000      
    0.000000000000000         0.000000000000000         0.000000000000000      
    0.000000000000000         0.000000000000000         0.000000000000000      
    0.000000000000000         0.000000000000000         0.000000000000000      
    0.000000000000000         0.000000000000000         0.000000000000000      
    0.000000000000000         0.000000000000000         0.000000000000000      
    0.000000000000000     
 /
 &BASIS
 KPPFNC =            6,
 KPPKNT =            0,
 PPKNT =    0.000000000000000     ,
            0.000000000000000     ,
            0.000000000000000     ,
            0.000000000000000     ,
            0.000000000000000     ,
            0.000000000000000     ,
            0.000000000000000     ,
            0.000000000000000     ,
            0.000000000000000     ,
            0.000000000000000     ,
            0.000000000000000     ,
            0.000000000000000     ,
            0.000000000000000     ,
            0.000000000000000     ,
            0.000000000000000     ,
            0.000000000000000     ,
            0.000000000000000     ,
            0.000000000000000     ,
            0.000000000000000     ,
            0.000000000000000     ,
            0.000000000000000     ,
            0.000000000000000     ,
            0.000000000000000     ,
            0.000000000000000     ,
            0.000000000000000     ,
            0.000000000000000     ,
            0.000000000000000     ,
            0.000000000000000     ,
            0.000000000000000     ,
            0.000000000000000     ,
            0.000000000000000     ,
            0.000000000000000     ,
            0.000000000000000     ,
            0.000000000000000     ,
            0.000000000000000     ,
            0.000000000000000     ,
            0.000000000000000     ,
            0.000000000000000     ,
            0.000000000000000     ,
            0.000000000000000     ,
            0.000000000000000     ,
            0.000000000000000     ,
            0.000000000000000     ,
            0.000000000000000     ,
            0.000000000000000     ,
            0.000000000000000     ,
            0.000000000000000     ,
            0.000000000000000     ,
            0.000000000000000     ,
            0.000000000000000     ,
            0.000000000000000     ,
            0.000000000000000     ,
            0.000000000000000     ,
            0.000000000000000     ,
            0.000000000000000     ,
            0.000000000000000     ,
            0.000000000000000     ,
            0.000000000000000     ,
            0.000000000000000     ,
            0.000000000000000     ,
            0.000000000000000     ,
            0.000000000000000     ,
            0.000000000000000     ,
            0.000000000000000     ,
 PPTENS =    0.000000000000000     ,
 KFFFNC =            6,
 KFFKNT =            0,
 FFKNT =    0.000000000000000     ,
            0.000000000000000     ,
            0.000000000000000     ,
            0.000000000000000     ,
            0.000000000000000     ,
            0.000000000000000     ,
            0.000000000000000     ,
            0.000000000000000     ,
            0.000000000000000     ,
            0.000000000000000     ,
            0.000000000000000     ,
            0.000000000000000     ,
            0.000000000000000     ,
            0.000000000000000     ,
            0.000000000000000     ,
            0.000000000000000     ,
            0.000000000000000     ,
            0.000000000000000     ,
            0.000000000000000     ,
            0.000000000000000     ,
            0.000000000000000     ,
            0.000000000000000     ,
            0.000000000000000     ,
            0.000000000000000     ,
            0.000000000000000     ,
            0.000000000000000     ,
            0.000000000000000     ,
            0.000000000000000     ,
            0.000000000000000     ,
            0.000000000000000     ,
            0.000000000000000     ,
            0.000000000000000     ,
            0.000000000000000     ,
            0.000000000000000     ,
            0.000000000000000     ,
            0.000000000000000     ,
            0.000000000000000     ,
            0.000000000000000     ,
            0.000000000000000     ,
            0.000000000000000     ,
            0.000000000000000     ,
            0.000000000000000     ,
            0.000000000000000     ,
            0.000000000000000     ,
            0.000000000000000     ,
            0.000000000000000     ,
            0.000000000000000     ,
            0.000000000000000     ,
            0.000000000000000     ,
            0.000000000000000     ,
            0.000000000000000     ,
            0.000000000000000     ,
            0.000000000000000     ,
            0.000000000000000     ,
            0.000000000000000     ,
            0.000000000000000     ,
            0.000000000000000     ,
            0.000000000000000     ,
            0.000000000000000     ,
            0.000000000000000     ,
            0.000000000000000     ,
            0.000000000000000     ,
            0.000000000000000     ,
            0.000000000000000     ,
 FFTENS =    0.000000000000000     ,
 KWWFNC =            0,
 KWWKNT =            0,
 WWKNT =    0.000000000000000     ,
            0.000000000000000     ,
            0.000000000000000     ,
            0.000000000000000     ,
            0.000000000000000     ,
            0.000000000000000     ,
            0.000000000000000     ,
            0.000000000000000     ,
            0.000000000000000     ,
            0.000000000000000     ,
            0.000000000000000     ,
            0.000000000000000     ,
            0.000000000000000     ,
            0.000000000000000     ,
            0.000000000000000     ,
            0.000000000000000     ,
            0.000000000000000     ,
            0.000000000000000     ,
            0.000000000000000     ,
            0.000000000000000     ,
            0.000000000000000     ,
            0.000000000000000     ,
            0.000000000000000     ,
            0.000000000000000     ,
            0.000000000000000     ,
            0.000000000000000     ,
            0.000000000000000     ,
            0.000000000000000     ,
            0.000000000000000     ,
            0.000000000000000     ,
            0.000000000000000     ,
            0.000000000000000     ,
            0.000000000000000     ,
            0.000000000000000     ,
            0.000000000000000     ,
            0.000000000000000     ,
            0.000000000000000     ,
            0.000000000000000     ,
            0.000000000000000     ,
            0.000000000000000     ,
            0.000000000000000     ,
            0.000000000000000     ,
            0.000000000000000     ,
            0.000000000000000     ,
            0.000000000000000     ,
            0.000000000000000     ,
            0.000000000000000     ,
            0.000000000000000     ,
            0.000000000000000     ,
            0.000000000000000     ,
            0.000000000000000     ,
            0.000000000000000     ,
            0.000000000000000     ,
            0.000000000000000     ,
            0.000000000000000     ,
            0.000000000000000     ,
            0.000000000000000     ,
            0.000000000000000     ,
            0.000000000000000     ,
            0.000000000000000     ,
            0.000000000000000     ,
            0.000000000000000     ,
            0.000000000000000     ,
            0.000000000000000     ,
 WWTENS =    0.000000000000000     ,
 PPBDRY =    0.000000000000000     ,
             0.000000000000000     ,
             0.000000000000000     ,
             0.000000000000000     ,
             0.000000000000000     ,
             0.000000000000000     ,
             0.000000000000000     ,
             0.000000000000000     ,
             0.000000000000000     ,
             0.000000000000000     ,
             0.000000000000000     ,
             0.000000000000000     ,
             0.000000000000000     ,
             0.000000000000000     ,
             0.000000000000000     ,
             0.000000000000000     ,
             0.000000000000000     ,
             0.000000000000000     ,
             0.000000000000000     ,
             0.000000000000000     ,
             0.000000000000000     ,
             0.000000000000000     ,
             0.000000000000000     ,
             0.000000000000000     ,
             0.000000000000000     ,
             0.000000000000000     ,
             0.000000000000000     ,
             0.000000000000000     ,
             0.000000000000000     ,
             0.000000000000000     ,
             0.000000000000000     ,
             0.000000000000000     ,
             0.000000000000000     ,
             0.000000000000000     ,
             0.000000000000000     ,
             0.000000000000000     ,
             0.000000000000000     ,
             0.000000000000000     ,
             0.000000000000000     ,
             0.000000000000000     ,
             0.000000000000000     ,
             0.000000000000000     ,
             0.000000000000000     ,
             0.000000000000000     ,
             0.000000000000000     ,
             0.000000000000000     ,
             0.000000000000000     ,
             0.000000000000000     ,
             0.000000000000000     ,
             0.000000000000000     ,
             0.000000000000000     ,
             0.000000000000000     ,
             0.000000000000000     ,
             0.000000000000000     ,
             0.000000000000000     ,
             0.000000000000000     ,
             0.000000000000000     ,
             0.000000000000000     ,
             0.000000000000000     ,
             0.000000000000000     ,
             0.000000000000000     ,
             0.000000000000000     ,
             0.000000000000000     ,
             0.000000000000000     ,
 PP2BDRY =    0.000000000000000     ,
              0.000000000000000     ,
              0.000000000000000     ,
              0.000000000000000     ,
              0.000000000000000     ,
              0.000000000000000     ,
              0.000000000000000     ,
              0.000000000000000     ,
              0.000000000000000     ,
              0.000000000000000     ,
              0.000000000000000     ,
              0.000000000000000     ,
              0.000000000000000     ,
              0.000000000000000     ,
              0.000000000000000     ,
              0.000000000000000     ,
              0.000000000000000     ,
              0.000000000000000     ,
              0.000000000000000     ,
              0.000000000000000     ,
              0.000000000000000     ,
              0.000000000000000     ,
              0.000000000000000     ,
              0.000000000000000     ,
              0.000000000000000     ,
              0.000000000000000     ,
              0.000000000000000     ,
              0.000000000000000     ,
              0.000000000000000     ,
              0.000000000000000     ,
              0.000000000000000     ,
              0.000000000000000     ,
              0.000000000000000     ,
              0.000000000000000     ,
              0.000000000000000     ,
              0.000000000000000     ,
              0.000000000000000     ,
              0.000000000000000     ,
              0.000000000000000     ,
              0.000000000000000     ,
              0.000000000000000     ,
              0.000000000000000     ,
              0.000000000000000     ,
              0.000000000000000     ,
              0.000000000000000     ,
              0.000000000000000     ,
              0.000000000000000     ,
              0.000000000000000     ,
              0.000000000000000     ,
              0.000000000000000     ,
              0.000000000000000     ,
              0.000000000000000     ,
              0.000000000000000     ,
              0.000000000000000     ,
              0.000000000000000     ,
              0.000000000000000     ,
              0.000000000000000     ,
              0.000000000000000     ,
              0.000000000000000     ,
              0.000000000000000     ,
              0.000000000000000     ,
              0.000000000000000     ,
              0.000000000000000     ,
              0.000000000000000     ,
 KPPBDRY =            0,
                      0,
                      0,
                      0,
                      0,
                      0,
                      0,
                      0,
                      0,
                      0,
                      0,
                      0,
                      0,
                      0,
                      0,
                      0,
                      0,
                      0,
                      0,
                      0,
                      0,
                      0,
                      0,
                      0,
                      0,
                      0,
                      0,
                      0,
                      0,
                      0,
                      0,
                      0,
                      0,
                      0,
                      0,
                      0,
                      0,
                      0,
                      0,
                      0,
                      0,
                      0,
                      0,
                      0,
                      0,
                      0,
                      0,
                      0,
                      0,
                      0,
                      0,
                      0,
                      0,
                      0,
                      0,
                      0,
                      0,
                      0,
                      0,
                      0,
                      0,
                      0,
                      0,
                      0,
 KPP2BDRY =            0,
                       0,
                       0,
                       0,
                       0,
                       0,
                       0,
                       0,
                       0,
                       0,
                       0,
                       0,
                       0,
                       0,
                       0,
                       0,
                       0,
                       0,
                       0,
                       0,
                       0,
                       0,
                       0,
                       0,
                       0,
                       0,
                       0,
                       0,
                       0,
                       0,
                       0,
                       0,
                       0,
                       0,
                       0,
                       0,
                       0,
                       0,
                       0,
                       0,
                       0,
                       0,
                       0,
                       0,
                       0,
                       0,
                       0,
                       0,
                       0,
                       0,
                       0,
                       0,
                       0,
                       0,
                       0,
                       0,
                       0,
                       0,
                       0,
                       0,
                       0,
                       0,
                       0,
                       0,
 FFBDRY =    0.000000000000000     ,
             0.000000000000000     ,
             0.000000000000000     ,
             0.000000000000000     ,
             0.000000000000000     ,
             0.000000000000000     ,
             0.000000000000000     ,
             0.000000000000000     ,
             0.000000000000000     ,
             0.000000000000000     ,
             0.000000000000000     ,
             0.000000000000000     ,
             0.000000000000000     ,
             0.000000000000000     ,
             0.000000000000000     ,
             0.000000000000000     ,
             0.000000000000000     ,
             0.000000000000000     ,
             0.000000000000000     ,
             0.000000000000000     ,
             0.000000000000000     ,
             0.000000000000000     ,
             0.000000000000000     ,
             0.000000000000000     ,
             0.000000000000000     ,
             0.000000000000000     ,
             0.000000000000000     ,
             0.000000000000000     ,
             0.000000000000000     ,
             0.000000000000000     ,
             0.000000000000000     ,
             0.000000000000000     ,
             0.000000000000000     ,
             0.000000000000000     ,
             0.000000000000000     ,
             0.000000000000000     ,
             0.000000000000000     ,
             0.000000000000000     ,
             0.000000000000000     ,
             0.000000000000000     ,
             0.000000000000000     ,
             0.000000000000000     ,
             0.000000000000000     ,
             0.000000000000000     ,
             0.000000000000000     ,
             0.000000000000000     ,
             0.000000000000000     ,
             0.000000000000000     ,
             0.000000000000000     ,
             0.000000000000000     ,
             0.000000000000000     ,
             0.000000000000000     ,
             0.000000000000000     ,
             0.000000000000000     ,
             0.000000000000000     ,
             0.000000000000000     ,
             0.000000000000000     ,
             0.000000000000000     ,
             0.000000000000000     ,
             0.000000000000000     ,
             0.000000000000000     ,
             0.000000000000000     ,
             0.000000000000000     ,
             0.000000000000000     ,
 FF2BDRY =    0.000000000000000     ,
              0.000000000000000     ,
              0.000000000000000     ,
              0.000000000000000     ,
              0.000000000000000     ,
              0.000000000000000     ,
              0.000000000000000     ,
              0.000000000000000     ,
              0.000000000000000     ,
              0.000000000000000     ,
              0.000000000000000     ,
              0.000000000000000     ,
              0.000000000000000     ,
              0.000000000000000     ,
              0.000000000000000     ,
              0.000000000000000     ,
              0.000000000000000     ,
              0.000000000000000     ,
              0.000000000000000     ,
              0.000000000000000     ,
              0.000000000000000     ,
              0.000000000000000     ,
              0.000000000000000     ,
              0.000000000000000     ,
              0.000000000000000     ,
              0.000000000000000     ,
              0.000000000000000     ,
              0.000000000000000     ,
              0.000000000000000     ,
              0.000000000000000     ,
              0.000000000000000     ,
              0.000000000000000     ,
              0.000000000000000     ,
              0.000000000000000     ,
              0.000000000000000     ,
              0.000000000000000     ,
              0.000000000000000     ,
              0.000000000000000     ,
              0.000000000000000     ,
              0.000000000000000     ,
              0.000000000000000     ,
              0.000000000000000     ,
              0.000000000000000     ,
              0.000000000000000     ,
              0.000000000000000     ,
              0.000000000000000     ,
              0.000000000000000     ,
              0.000000000000000     ,
              0.000000000000000     ,
              0.000000000000000     ,
              0.000000000000000     ,
              0.000000000000000     ,
              0.000000000000000     ,
              0.000000000000000     ,
              0.000000000000000     ,
              0.000000000000000     ,
              0.000000000000000     ,
              0.000000000000000     ,
              0.000000000000000     ,
              0.000000000000000     ,
              0.000000000000000     ,
              0.000000000000000     ,
              0.000000000000000     ,
              0.000000000000000     ,
 KFFBDRY =            0,
                      0,
                      0,
                      0,
                      0,
                      0,
                      0,
                      0,
                      0,
                      0,
                      0,
                      0,
                      0,
                      0,
                      0,
                      0,
                      0,
                      0,
                      0,
                      0,
                      0,
                      0,
                      0,
                      0,
                      0,
                      0,
                      0,
                      0,
                      0,
                      0,
                      0,
                      0,
                      0,
                      0,
                      0,
                      0,
                      0,
                      0,
                      0,
                      0,
                      0,
                      0,
                      0,
                      0,
                      0,
                      0,
                      0,
                      0,
                      0,
                      0,
                      0,
                      0,
                      0,
                      0,
                      0,
                      0,
                      0,
                      0,
                      0,
                      0,
                      0,
                      0,
                      0,
                      0,
 KFF2BDRY =            0,
                       0,
                       0,
                       0,
                       0,
                       0,
                       0,
                       0,
                       0,
                       0,
                       0,
                       0,
                       0,
                       0,
                       0,
                       0,
                       0,
                       0,
                       0,
                       0,
                       0,
                       0,
                       0,
                       0,
                       0,
                       0,
                       0,
                       0,
                       0,
                       0,
                       0,
                       0,
                       0,
                       0,
                       0,
                       0,
                       0,
                       0,
                       0,
                       0,
                       0,
                       0,
                       0,
                       0,
                       0,
                       0,
                       0,
                       0,
                       0,
                       0,
                       0,
                       0,
                       0,
                       0,
                       0,
                       0,
                       0,
                       0,
                       0,
                       0,
                       0,
                       0,
                       0,
                       0,
 WWBDRY =    0.000000000000000     ,
             0.000000000000000     ,
             0.000000000000000     ,
             0.000000000000000     ,
             0.000000000000000     ,
             0.000000000000000     ,
             0.000000000000000     ,
             0.000000000000000     ,
             0.000000000000000     ,
             0.000000000000000     ,
             0.000000000000000     ,
             0.000000000000000     ,
             0.000000000000000     ,
             0.000000000000000     ,
             0.000000000000000     ,
             0.000000000000000     ,
             0.000000000000000     ,
             0.000000000000000     ,
             0.000000000000000     ,
             0.000000000000000     ,
             0.000000000000000     ,
             0.000000000000000     ,
             0.000000000000000     ,
             0.000000000000000     ,
             0.000000000000000     ,
             0.000000000000000     ,
             0.000000000000000     ,
             0.000000000000000     ,
             0.000000000000000     ,
             0.000000000000000     ,
             0.000000000000000     ,
             0.000000000000000     ,
             0.000000000000000     ,
             0.000000000000000     ,
             0.000000000000000     ,
             0.000000000000000     ,
             0.000000000000000     ,
             0.000000000000000     ,
             0.000000000000000     ,
             0.000000000000000     ,
             0.000000000000000     ,
             0.000000000000000     ,
             0.000000000000000     ,
             0.000000000000000     ,
             0.000000000000000     ,
             0.000000000000000     ,
             0.000000000000000     ,
             0.000000000000000     ,
             0.000000000000000     ,
             0.000000000000000     ,
             0.000000000000000     ,
             0.000000000000000     ,
             0.000000000000000     ,
             0.000000000000000     ,
             0.000000000000000     ,
             0.000000000000000     ,
             0.000000000000000     ,
             0.000000000000000     ,
             0.000000000000000     ,
             0.000000000000000     ,
             0.000000000000000     ,
             0.000000000000000     ,
             0.000000000000000     ,
             0.000000000000000     ,
 WW2BDRY =    0.000000000000000     ,
              0.000000000000000     ,
              0.000000000000000     ,
              0.000000000000000     ,
              0.000000000000000     ,
              0.000000000000000     ,
              0.000000000000000     ,
              0.000000000000000     ,
              0.000000000000000     ,
              0.000000000000000     ,
              0.000000000000000     ,
              0.000000000000000     ,
              0.000000000000000     ,
              0.000000000000000     ,
              0.000000000000000     ,
              0.000000000000000     ,
              0.000000000000000     ,
              0.000000000000000     ,
              0.000000000000000     ,
              0.000000000000000     ,
              0.000000000000000     ,
              0.000000000000000     ,
              0.000000000000000     ,
              0.000000000000000     ,
              0.000000000000000     ,
              0.000000000000000     ,
              0.000000000000000     ,
              0.000000000000000     ,
              0.000000000000000     ,
              0.000000000000000     ,
              0.000000000000000     ,
              0.000000000000000     ,
              0.000000000000000     ,
              0.000000000000000     ,
              0.000000000000000     ,
              0.000000000000000     ,
              0.000000000000000     ,
              0.000000000000000     ,
              0.000000000000000     ,
              0.000000000000000     ,
              0.000000000000000     ,
              0.000000000000000     ,
              0.000000000000000     ,
              0.000000000000000     ,
              0.000000000000000     ,
              0.000000000000000     ,
              0.000000000000000     ,
              0.000000000000000     ,
              0.000000000000000     ,
              0.000000000000000     ,
              0.000000000000000     ,
              0.000000000000000     ,
              0.000000000000000     ,
              0.000000000000000     ,
              0.000000000000000     ,
              0.000000000000000     ,
              0.000000000000000     ,
              0.000000000000000     ,
              0.000000000000000     ,
              0.000000000000000     ,
              0.000000000000000     ,
              0.000000000000000     ,
              0.000000000000000     ,
              0.000000000000000     ,
 KWWBDRY =            0,
                      0,
                      0,
                      0,
                      0,
                      0,
                      0,
                      0,
                      0,
                      0,
                      0,
                      0,
                      0,
                      0,
                      0,
                      0,
                      0,
                      0,
                      0,
                      0,
                      0,
                      0,
                      0,
                      0,
                      0,
                      0,
                      0,
                      0,
                      0,
                      0,
                      0,
                      0,
                      0,
                      0,
                      0,
                      0,
                      0,
                      0,
                      0,
                      0,
                      0,
                      0,
                      0,
                      0,
                      0,
                      0,
                      0,
                      0,
                      0,
                      0,
                      0,
                      0,
                      0,
                      0,
                      0,
                      0,
                      0,
                      0,
                      0,
                      0,
                      0,
                      0,
                      0,
                      0,
 KWW2BDRY =            0,
                       0,
                       0,
                       0,
                       0,
                       0,
                       0,
                       0,
                       0,
                       0,
                       0,
                       0,
                       0,
                       0,
                       0,
                       0,
                       0,
                       0,
                       0,
                       0,
                       0,
                       0,
                       0,
                       0,
                       0,
                       0,
                       0,
                       0,
                       0,
                       0,
                       0,
                       0,
                       0,
                       0,
                       0,
                       0,
                       0,
                       0,
                       0,
                       0,
                       0,
                       0,
                       0,
                       0,
                       0,
                       0,
                       0,
                       0,
                       0,
                       0,
                       0,
                       0,
                       0,
                       0,
                       0,
                       0,
                       0,
                       0,
                       0,
                       0,
                       0,
                       0,
                       0,
                       0,
 KEEFNC =            0,
 KEEKNT =            0,
 EEKNT =    0.000000000000000     ,
            0.000000000000000     ,
            0.000000000000000     ,
            0.000000000000000     ,
            0.000000000000000     ,
            0.000000000000000     ,
            0.000000000000000     ,
            0.000000000000000     ,
            0.000000000000000     ,
            0.000000000000000     ,
            0.000000000000000     ,
            0.000000000000000     ,
            0.000000000000000     ,
            0.000000000000000     ,
            0.000000000000000     ,
            0.000000000000000     ,
            0.000000000000000     ,
            0.000000000000000     ,
            0.000000000000000     ,
            0.000000000000000     ,
            0.000000000000000     ,
            0.000000000000000     ,
            0.000000000000000     ,
            0.000000000000000     ,
            0.000000000000000     ,
            0.000000000000000     ,
            0.000000000000000     ,
            0.000000000000000     ,
            0.000000000000000     ,
            0.000000000000000     ,
            0.000000000000000     ,
            0.000000000000000     ,
 EETENS =    5.000000000000000     ,
 EEBDRY =    0.000000000000000     ,
             0.000000000000000     ,
             0.000000000000000     ,
             0.000000000000000     ,
             0.000000000000000     ,
             0.000000000000000     ,
             0.000000000000000     ,
             0.000000000000000     ,
             0.000000000000000     ,
             0.000000000000000     ,
             0.000000000000000     ,
             0.000000000000000     ,
             0.000000000000000     ,
             0.000000000000000     ,
             0.000000000000000     ,
             0.000000000000000     ,
             0.000000000000000     ,
             0.000000000000000     ,
             0.000000000000000     ,
             0.000000000000000     ,
             0.000000000000000     ,
             0.000000000000000     ,
             0.000000000000000     ,
             0.000000000000000     ,
             0.000000000000000     ,
             0.000000000000000     ,
             0.000000000000000     ,
             0.000000000000000     ,
             0.000000000000000     ,
             0.000000000000000     ,
             0.000000000000000     ,
             0.000000000000000     ,
 EE2BDRY =    0.000000000000000     ,
              0.000000000000000     ,
              0.000000000000000     ,
              0.000000000000000     ,
              0.000000000000000     ,
              0.000000000000000     ,
              0.000000000000000     ,
              0.000000000000000     ,
              0.000000000000000     ,
              0.000000000000000     ,
              0.000000000000000     ,
              0.000000000000000     ,
              0.000000000000000     ,
              0.000000000000000     ,
              0.000000000000000     ,
              0.000000000000000     ,
              0.000000000000000     ,
              0.000000000000000     ,
              0.000000000000000     ,
              0.000000000000000     ,
              0.000000000000000     ,
              0.000000000000000     ,
              0.000000000000000     ,
              0.000000000000000     ,
              0.000000000000000     ,
              0.000000000000000     ,
              0.000000000000000     ,
              0.000000000000000     ,
              0.000000000000000     ,
              0.000000000000000     ,
              0.000000000000000     ,
              0.000000000000000     ,
 KEEBDRY =            0,
                      0,
                      0,
                      0,
                      0,
                      0,
                      0,
                      0,
                      0,
                      0,
                      0,
                      0,
                      0,
                      0,
                      0,
                      0,
                      0,
                      0,
                      0,
                      0,
                      0,
                      0,
                      0,
                      0,
                      0,
                      0,
                      0,
                      0,
                      0,
                      0,
                      0,
                      0,
 KEE2BDRY =            0,
                       0,
                       0,
                       0,
                       0,
                       0,
                       0,
                       0,
                       0,
                       0,
                       0,
                       0,
                       0,
                       0,
                       0,
                       0,
                       0,
                       0,
                       0,
                       0,
                       0,
                       0,
                       0,
                       0,
                       0,
                       0,
                       0,
                       0,
                       0,
                       0,
                       0,
                       0
 /
 &CHIOUT
 SAISIL =    0.000000000000000     ,
             0.000000000000000     ,
             0.000000000000000     ,
             0.000000000000000     ,
             0.000000000000000     ,
             0.000000000000000     ,
             0.000000000000000     ,
             0.000000000000000     ,
             0.000000000000000     ,
             0.000000000000000     ,
             0.000000000000000     ,
             0.000000000000000     ,
             0.000000000000000     ,
             0.000000000000000     ,
             0.000000000000000     ,
             0.000000000000000     ,
             0.000000000000000     ,
             0.000000000000000     ,
             0.000000000000000     ,
             0.000000000000000     ,
             0.000000000000000     ,
             0.000000000000000     ,
             0.000000000000000     ,
             0.000000000000000     ,
             0.000000000000000     ,
             0.000000000000000     ,
             0.000000000000000     ,
             0.000000000000000     ,
             0.000000000000000     ,
             0.000000000000000     ,
             0.000000000000000     ,
             0.000000000000000     ,
             0.000000000000000     ,
             0.000000000000000     ,
             0.000000000000000     ,
             0.000000000000000     ,
             0.000000000000000     ,
             0.000000000000000     ,
             0.000000000000000     ,
             0.000000000000000     ,
             0.000000000000000     ,
             0.000000000000000     ,
             0.000000000000000     ,
             0.000000000000000     ,
 SAIMPI =    0.000000000000000     ,
             0.000000000000000     ,
             0.000000000000000     ,
             0.000000000000000     ,
             0.000000000000000     ,
             0.000000000000000     ,
             0.000000000000000     ,
             0.000000000000000     ,
             0.000000000000000     ,
             0.000000000000000     ,
             0.000000000000000     ,
             0.000000000000000     ,
             0.000000000000000     ,
             0.000000000000000     ,
             0.000000000000000     ,
             0.000000000000000     ,
             0.000000000000000     ,
             0.000000000000000     ,
             0.000000000000000     ,
             0.000000000000000     ,
             0.000000000000000     ,
             0.000000000000000     ,
             0.000000000000000     ,
             0.000000000000000     ,
             0.000000000000000     ,
             0.000000000000000     ,
             0.000000000000000     ,
             0.000000000000000     ,
             0.000000000000000     ,
             0.000000000000000     ,
             0.000000000000000     ,
             0.000000000000000     ,
             0.000000000000000     ,
             0.000000000000000     ,
             0.000000000000000     ,
             0.000000000000000     ,
             0.000000000000000     ,
             0.000000000000000     ,
             0.000000000000000     ,
             0.000000000000000     ,
             0.000000000000000     ,
             0.000000000000000     ,
             0.000000000000000     ,
             0.000000000000000     ,
             0.000000000000000     ,
             0.000000000000000     ,
             0.000000000000000     ,
             0.000000000000000     ,
             0.000000000000000     ,
             0.000000000000000     ,
             0.000000000000000     ,
             0.000000000000000     ,
             0.000000000000000     ,
             0.000000000000000     ,
             0.000000000000000     ,
             0.000000000000000     ,
             0.000000000000000     ,
             0.000000000000000     ,
             0.000000000000000     ,
             0.000000000000000     ,
             0.000000000000000     ,
             0.000000000000000     ,
             0.000000000000000     ,
             0.000000000000000     ,
             0.000000000000000     ,
             0.000000000000000     ,
             0.000000000000000     ,
             0.000000000000000     ,
             0.000000000000000     ,
             0.000000000000000     ,
             0.000000000000000     ,
             0.000000000000000     ,
             0.000000000000000     ,
             0.000000000000000     ,
             0.000000000000000     ,
             0.000000000000000     ,
 SAIPR =    0.000000000000000     ,
 SAIIP =    0.000000000000000     
 /
                                            MAG
