@BETAa,BETA0,[%],BETAN  vs t@
X,Y1,Y2,Y3
 0.0000000E+00, 0.7084784E+00, 0.1791711E+01, 0.7923285E+00,
 0.2000000E-02, 0.7058845E+00, 0.1791861E+01, 0.7894277E+00,
 0.4000000E-02, 0.7051734E+00, 0.1792016E+01, 0.7886325E+00,
 0.6000000E-02, 0.7046190E+00, 0.1792174E+01, 0.7880124E+00,
 0.8000000E-02, 0.7040796E+00, 0.1792332E+01, 0.7874091E+00,
 0.1000000E-01, 0.7035385E+00, 0.1792488E+01, 0.7868040E+00,
 0.1200000E-01, 0.7029957E+00, 0.1792641E+01, 0.7861970E+00,
 0.1400000E-01, 0.7024528E+00, 0.1792791E+01, 0.7855898E+00,
 0.1600000E-01, 0.7019112E+00, 0.1792936E+01, 0.7849841E+00,
 0.1800000E-01, 0.7013718E+00, 0.1793077E+01, 0.7843809E+00,
 0.2000000E-01, 0.7008356E+00, 0.1793214E+01, 0.7837812E+00,
 0.2200000E-01, 0.7003030E+00, 0.1793346E+01, 0.7831855E+00,
 0.2400000E-01, 0.6997745E+00, 0.1793474E+01, 0.7825946E+00,
 0.2600000E-01, 0.6992505E+00, 0.1793597E+01, 0.7820085E+00,
 0.2800000E-01, 0.6987313E+00, 0.1793716E+01, 0.7814279E+00,
 0.3000000E-01, 0.6982169E+00, 0.1793832E+01, 0.7808526E+00,
 0.3200000E-01, 0.6977077E+00, 0.1793943E+01, 0.7802831E+00,
 0.3400000E-01, 0.6972035E+00, 0.1794050E+01, 0.7797193E+00,
 0.3600000E-01, 0.6967047E+00, 0.1794155E+01, 0.7791614E+00,
 0.3800000E-01, 0.6962111E+00, 0.1794255E+01, 0.7786094E+00,
 0.4000000E-01, 0.6957228E+00, 0.1794353E+01, 0.7780633E+00,
 0.4200000E-01, 0.6952399E+00, 0.1794447E+01, 0.7775233E+00,
 0.4400000E-01, 0.6947623E+00, 0.1794539E+01, 0.7769891E+00,
 0.4600000E-01, 0.6942899E+00, 0.1794628E+01, 0.7764608E+00,
 0.4800000E-01, 0.6938227E+00, 0.1794714E+01, 0.7759383E+00,
 0.5000000E-01, 0.6933607E+00, 0.1794798E+01, 0.7754216E+00,
 0.5200000E-01, 0.6929039E+00, 0.1794879E+01, 0.7749107E+00,
 0.5400000E-01, 0.6924520E+00, 0.1794959E+01, 0.7744054E+00,
 0.5600000E-01, 0.6920052E+00, 0.1795036E+01, 0.7739057E+00,
 0.5800000E-01, 0.6915632E+00, 0.1795111E+01, 0.7734114E+00,
 0.6000000E-01, 0.6911259E+00, 0.1795185E+01, 0.7729224E+00,
 0.6200000E-01, 0.6906934E+00, 0.1795257E+01, 0.7724386E+00,
 0.6400000E-01, 0.6902654E+00, 0.1795327E+01, 0.7719600E+00,
 0.6600000E-01, 0.6898418E+00, 0.1795396E+01, 0.7714863E+00,
 0.6800000E-01, 0.6894225E+00, 0.1795463E+01, 0.7710174E+00,
 0.7000000E-01, 0.6890075E+00, 0.1795529E+01, 0.7705532E+00,
 0.7200000E-01, 0.6885964E+00, 0.1795593E+01, 0.7700935E+00,
 0.7400000E-01, 0.6881893E+00, 0.1795657E+01, 0.7696382E+00,
 0.7600000E-01, 0.6877857E+00, 0.1795719E+01, 0.7691869E+00,
 0.7800000E-01, 0.6873858E+00, 0.1795780E+01, 0.7687396E+00,
 0.8000000E-01, 0.6869892E+00, 0.1795841E+01, 0.7682961E+00,
 0.8200000E-01, 0.6865956E+00, 0.1795900E+01, 0.7678559E+00,
 0.8400000E-01, 0.6862050E+00, 0.1795958E+01, 0.7674190E+00,
 0.8600000E-01, 0.6858169E+00, 0.1796016E+01, 0.7669850E+00,
 0.8800000E-01, 0.6854312E+00, 0.1796072E+01, 0.7665536E+00,
 0.9000000E-01, 0.6850475E+00, 0.1796128E+01, 0.7661245E+00,
 0.9200000E-01, 0.6846654E+00, 0.1796184E+01, 0.7656973E+00,
 0.9400000E-01, 0.6842847E+00, 0.1796239E+01, 0.7652715E+00,
 0.9600000E-01, 0.6839046E+00, 0.1796293E+01, 0.7648464E+00,
 0.9800000E-01, 0.6835249E+00, 0.1796346E+01, 0.7644218E+00,
 0.1000000E+00, 0.6831447E+00, 0.1796399E+01, 0.7639966E+00,
 0.1020000E+00, 0.6827634E+00, 0.1796452E+01, 0.7635701E+00,
 0.1040000E+00, 0.6823798E+00, 0.1796504E+01, 0.7631412E+00,
 0.1060000E+00, 0.6819929E+00, 0.1796555E+01, 0.7627085E+00,
 0.1080000E+00, 0.6816012E+00, 0.1796606E+01, 0.7622703E+00,
 0.1100000E+00, 0.6812023E+00, 0.1796657E+01, 0.7618243E+00,
 0.1120000E+00, 0.6807935E+00, 0.1796708E+01, 0.7613670E+00,
 0.1140000E+00, 0.6803702E+00, 0.1796758E+01, 0.7608937E+00,
 0.1160000E+00, 0.6799253E+00, 0.1796808E+01, 0.7603962E+00,
 0.1180000E+00, 0.6794456E+00, 0.1796857E+01, 0.7598596E+00,
 0.1200000E+00, 0.6789021E+00, 0.1796907E+01, 0.7592518E+00,
 0.1220000E+00, 0.6781827E+00, 0.1796956E+01, 0.7584473E+00,
 0.1240000E+00, 0.6773190E+00, 0.1797004E+01, 0.7574814E+00,
 0.1260000E+00, 0.6765824E+00, 0.1797053E+01, 0.7566576E+00,
 0.1280000E+00, 0.6759413E+00, 0.1797101E+01, 0.7559407E+00,
 0.1300000E+00, 0.6753685E+00, 0.1797150E+01, 0.7553000E+00,
 0.1320000E+00, 0.6748480E+00, 0.1797198E+01, 0.7547179E+00,
 0.1340000E+00, 0.6743696E+00, 0.1797246E+01, 0.7541829E+00,
 0.1360000E+00, 0.6739265E+00, 0.1797294E+01, 0.7536874E+00,
 0.1380000E+00, 0.6735136E+00, 0.1797341E+01, 0.7532256E+00,
 0.1400000E+00, 0.6731271E+00, 0.1797389E+01, 0.7527933E+00,
 0.1420000E+00, 0.6727639E+00, 0.1797436E+01, 0.7523872E+00,
 0.1440000E+00, 0.6724220E+00, 0.1797483E+01, 0.7520048E+00,
 0.1460000E+00, 0.6720992E+00, 0.1797531E+01, 0.7516438E+00,
 0.1480000E+00, 0.6717941E+00, 0.1797578E+01, 0.7513025E+00,
 0.1500000E+00, 0.6715052E+00, 0.1797625E+01, 0.7509794E+00,
 0.1520000E+00, 0.6712313E+00, 0.1797672E+01, 0.7506732E+00,
 0.1540000E+00, 0.6709716E+00, 0.1797719E+01, 0.7503828E+00,
 0.1560000E+00, 0.6707252E+00, 0.1797766E+01, 0.7501071E+00,
 0.1580000E+00, 0.6704912E+00, 0.1797813E+01, 0.7498455E+00,
 0.1600000E+00, 0.6702690E+00, 0.1797860E+01, 0.7495970E+00,
 0.1620000E+00, 0.6700581E+00, 0.1797906E+01, 0.7493611E+00,
 0.1640000E+00, 0.6698577E+00, 0.1797953E+01, 0.7491370E+00,
 0.1660000E+00, 0.6696675E+00, 0.1798000E+01, 0.7489243E+00,
 0.1680000E+00, 0.6694870E+00, 0.1798047E+01, 0.7487224E+00,
 0.1700000E+00, 0.6693158E+00, 0.1798093E+01, 0.7485310E+00,
 0.1720000E+00, 0.6691536E+00, 0.1798140E+01, 0.7483495E+00,
 0.1740000E+00, 0.6689999E+00, 0.1798187E+01, 0.7481776E+00,
 0.1760000E+00, 0.6688544E+00, 0.1798233E+01, 0.7480149E+00,
 0.1780000E+00, 0.6687168E+00, 0.1798280E+01, 0.7478611E+00,
 0.1800000E+00, 0.6685870E+00, 0.1798327E+01, 0.7477160E+00,
 0.1820000E+00, 0.6684647E+00, 0.1798374E+01, 0.7475791E+00,
 0.1840000E+00, 0.6683494E+00, 0.1798420E+01, 0.7474502E+00,
 0.1860000E+00, 0.6682411E+00, 0.1798467E+01, 0.7473291E+00,
 0.1880000E+00, 0.6681396E+00, 0.1798514E+01, 0.7472156E+00,
 0.1900000E+00, 0.6680446E+00, 0.1798561E+01, 0.7471094E+00,
 0.1920000E+00, 0.6679560E+00, 0.1798607E+01, 0.7470102E+00,
 0.1940000E+00, 0.6678736E+00, 0.1798654E+01, 0.7469180E+00,
 0.1960000E+00, 0.6677971E+00, 0.1798701E+01, 0.7468326E+00,
 0.1980000E+00, 0.6677266E+00, 0.1798748E+01, 0.7467536E+00,
 0.2000000E+00, 0.6676617E+00, 0.1798795E+01, 0.7466812E+00,
 0.2020000E+00, 0.6676024E+00, 0.1798842E+01, 0.7466148E+00,
 0.2040000E+00, 0.6675485E+00, 0.1798889E+01, 0.7465545E+00,
 0.2060000E+00, 0.6674999E+00, 0.1798936E+01, 0.7465001E+00,
 0.2080000E+00, 0.6674564E+00, 0.1798983E+01, 0.7464516E+00,
 0.2100000E+00, 0.6674181E+00, 0.1799030E+01, 0.7464086E+00,
 0.2120000E+00, 0.6673846E+00, 0.1799077E+01, 0.7463712E+00,
 0.2140000E+00, 0.6673559E+00, 0.1799124E+01, 0.7463391E+00,
 0.2160000E+00, 0.6673320E+00, 0.1799172E+01, 0.7463124E+00,
 0.2180000E+00, 0.6673126E+00, 0.1799219E+01, 0.7462907E+00,
 0.2200000E+00, 0.6672978E+00, 0.1799266E+01, 0.7462742E+00,
 0.2220000E+00, 0.6672874E+00, 0.1799313E+01, 0.7462625E+00,
 0.2240000E+00, 0.6672813E+00, 0.1799361E+01, 0.7462557E+00,
 0.2260000E+00, 0.6672795E+00, 0.1799408E+01, 0.7462537E+00,
 0.2280000E+00, 0.6672818E+00, 0.1799456E+01, 0.7462562E+00,
 0.2300000E+00, 0.6672882E+00, 0.1799503E+01, 0.7462634E+00,
 0.2320000E+00, 0.6672986E+00, 0.1799551E+01, 0.7462751E+00,
 0.2340000E+00, 0.6673129E+00, 0.1799598E+01, 0.7462910E+00,
 0.2360000E+00, 0.6673311E+00, 0.1799646E+01, 0.7463114E+00,
 0.2380000E+00, 0.6673530E+00, 0.1799693E+01, 0.7463359E+00,
 0.2400000E+00, 0.6673786E+00, 0.1799741E+01, 0.7463645E+00,
 0.2420000E+00, 0.6674079E+00, 0.1799789E+01, 0.7463973E+00,
 0.2440000E+00, 0.6674408E+00, 0.1799837E+01, 0.7464340E+00,
 0.2460000E+00, 0.6674771E+00, 0.1799885E+01, 0.7464746E+00,
 0.2480000E+00, 0.6675169E+00, 0.1799932E+01, 0.7465191E+00,
 0.2500000E+00, 0.6675600E+00, 0.1799981E+01, 0.7465674E+00,
 0.2520000E+00, 0.6676066E+00, 0.1800029E+01, 0.7466195E+00,
 0.2540000E+00, 0.6676564E+00, 0.1800076E+01, 0.7466751E+00,
 0.2560000E+00, 0.6677094E+00, 0.1800125E+01, 0.7467344E+00,
 0.2580000E+00, 0.6677655E+00, 0.1800173E+01, 0.7467972E+00,
 0.2600000E+00, 0.6678247E+00, 0.1800221E+01, 0.7468634E+00,
 0.2620000E+00, 0.6678871E+00, 0.1800269E+01, 0.7469332E+00,
 0.2640000E+00, 0.6679524E+00, 0.1800317E+01, 0.7470062E+00,
 0.2660000E+00, 0.6680207E+00, 0.1800366E+01, 0.7470825E+00,
 0.2680000E+00, 0.6680919E+00, 0.1800414E+01, 0.7471622E+00,
 0.2700000E+00, 0.6681660E+00, 0.1800462E+01, 0.7472451E+00,
 0.2720000E+00, 0.6682429E+00, 0.1800511E+01, 0.7473311E+00,
 0.2740000E+00, 0.6683225E+00, 0.1800560E+01, 0.7474201E+00,
 0.2760000E+00, 0.6684049E+00, 0.1800608E+01, 0.7475123E+00,
 0.2780000E+00, 0.6684901E+00, 0.1800657E+01, 0.7476075E+00,
 0.2800000E+00, 0.6685777E+00, 0.1800705E+01, 0.7477055E+00,
 0.2820000E+00, 0.6686682E+00, 0.1800754E+01, 0.7478067E+00,
 0.2840000E+00, 0.6687610E+00, 0.1800803E+01, 0.7479105E+00,
 0.2860000E+00, 0.6688565E+00, 0.1800851E+01, 0.7480173E+00,
 0.2880000E+00, 0.6689545E+00, 0.1800900E+01, 0.7481269E+00,
 0.2900000E+00, 0.6690549E+00, 0.1800949E+01, 0.7482392E+00,
 0.2920000E+00, 0.6691577E+00, 0.1800998E+01, 0.7483541E+00,
 0.2940000E+00, 0.6692629E+00, 0.1801047E+01, 0.7484719E+00,
 0.2960000E+00, 0.6693705E+00, 0.1801096E+01, 0.7485921E+00,
 0.2980000E+00, 0.6694804E+00, 0.1801145E+01, 0.7487150E+00,
 0.3000000E+00, 0.6695926E+00, 0.1801194E+01, 0.7488405E+00,
 0.3020000E+00, 0.6697070E+00, 0.1801243E+01, 0.7489685E+00,
 0.3040000E+00, 0.6698236E+00, 0.1801292E+01, 0.7490989E+00,
 0.3060000E+00, 0.6699424E+00, 0.1801341E+01, 0.7492318E+00,
 0.3080000E+00, 0.6700634E+00, 0.1801391E+01, 0.7493670E+00,
 0.3100000E+00, 0.6701865E+00, 0.1801440E+01, 0.7495047E+00,
 0.3120000E+00, 0.6703117E+00, 0.1801489E+01, 0.7496448E+00,
 0.3140000E+00, 0.6704390E+00, 0.1801538E+01, 0.7497871E+00,
 0.3160000E+00, 0.6705683E+00, 0.1801588E+01, 0.7499318E+00,
 0.3180000E+00, 0.6706997E+00, 0.1801637E+01, 0.7500786E+00,
 0.3200000E+00, 0.6708329E+00, 0.1801687E+01, 0.7502276E+00,
 0.3220000E+00, 0.6709682E+00, 0.1801736E+01, 0.7503790E+00,
 0.3240000E+00, 0.6711054E+00, 0.1801786E+01, 0.7505323E+00,
 0.3260000E+00, 0.6712445E+00, 0.1801835E+01, 0.7506880E+00,
 0.3280000E+00, 0.6713855E+00, 0.1801885E+01, 0.7508456E+00,
 0.3300000E+00, 0.6715283E+00, 0.1801935E+01, 0.7510053E+00,
 0.3320000E+00, 0.6716729E+00, 0.1801984E+01, 0.7511671E+00,
 0.3340000E+00, 0.6718194E+00, 0.1802034E+01, 0.7513309E+00,
 0.3360000E+00, 0.6719676E+00, 0.1802084E+01, 0.7514966E+00,
 0.3380000E+00, 0.6721176E+00, 0.1802134E+01, 0.7516643E+00,
 0.3400000E+00, 0.6722693E+00, 0.1802184E+01, 0.7518340E+00,
 0.3420000E+00, 0.6724226E+00, 0.1802234E+01, 0.7520055E+00,
 0.3440000E+00, 0.6725778E+00, 0.1802284E+01, 0.7521790E+00,
 0.3460000E+00, 0.6727345E+00, 0.1802333E+01, 0.7523543E+00,
 0.3480000E+00, 0.6728929E+00, 0.1802383E+01, 0.7525315E+00,
 0.3500000E+00, 0.6730530E+00, 0.1802433E+01, 0.7527105E+00,
 0.3520000E+00, 0.6732146E+00, 0.1802484E+01, 0.7528911E+00,
 0.3540000E+00, 0.6733778E+00, 0.1802534E+01, 0.7530738E+00,
 0.3560000E+00, 0.6735425E+00, 0.1802584E+01, 0.7532579E+00,
 0.3580000E+00, 0.6737088E+00, 0.1802634E+01, 0.7534439E+00,
 0.3600000E+00, 0.6738766E+00, 0.1802684E+01, 0.7536315E+00,
 0.3620000E+00, 0.6740459E+00, 0.1802734E+01, 0.7538209E+00,
 0.3640000E+00, 0.6742167E+00, 0.1802785E+01, 0.7540119E+00,
 0.3660000E+00, 0.6743889E+00, 0.1802835E+01, 0.7542045E+00,
 0.3680000E+00, 0.6745626E+00, 0.1802885E+01, 0.7543987E+00,
 0.3700000E+00, 0.6747377E+00, 0.1802936E+01, 0.7545946E+00,
 0.3720000E+00, 0.6749141E+00, 0.1802986E+01, 0.7547919E+00,
 0.3740000E+00, 0.6750920E+00, 0.1803037E+01, 0.7549908E+00,
 0.3760000E+00, 0.6752713E+00, 0.1803087E+01, 0.7551913E+00,
 0.3780000E+00, 0.6754519E+00, 0.1803138E+01, 0.7553933E+00,
 0.3800000E+00, 0.6756338E+00, 0.1803188E+01, 0.7555968E+00,
 0.3820000E+00, 0.6758171E+00, 0.1803239E+01, 0.7558017E+00,
 0.3840000E+00, 0.6760016E+00, 0.1803289E+01, 0.7560081E+00,
 0.3860000E+00, 0.6761874E+00, 0.1803340E+01, 0.7562158E+00,
 0.3880000E+00, 0.6763745E+00, 0.1803391E+01, 0.7564251E+00,
 0.3900000E+00, 0.6765628E+00, 0.1803441E+01, 0.7566357E+00,
 0.3920000E+00, 0.6767524E+00, 0.1803492E+01, 0.7568477E+00,
 0.3940000E+00, 0.6769432E+00, 0.1803543E+01, 0.7570611E+00,
 0.3960000E+00, 0.6771352E+00, 0.1803593E+01, 0.7572758E+00,
 0.3980000E+00, 0.6773284E+00, 0.1803644E+01, 0.7574919E+00,
 0.4000000E+00, 0.6775228E+00, 0.1803695E+01, 0.7577093E+00,
 0.4020000E+00, 0.6777183E+00, 0.1803746E+01, 0.7579280E+00,
 0.4040000E+00, 0.6779150E+00, 0.1803797E+01, 0.7581479E+00,
 0.4060000E+00, 0.6781128E+00, 0.1803848E+01, 0.7583691E+00,
 0.4080000E+00, 0.6783117E+00, 0.1803899E+01, 0.7585915E+00,
 0.4100000E+00, 0.6785117E+00, 0.1803949E+01, 0.7588153E+00,
 0.4120000E+00, 0.6787128E+00, 0.1804000E+01, 0.7590402E+00,
 0.4140000E+00, 0.6789150E+00, 0.1804052E+01, 0.7592662E+00,
 0.4160000E+00, 0.6791182E+00, 0.1804103E+01, 0.7594935E+00,
 0.4180000E+00, 0.6793225E+00, 0.1804154E+01, 0.7597221E+00,
 0.4200000E+00, 0.6795279E+00, 0.1804205E+01, 0.7599517E+00,
 0.4220000E+00, 0.6797342E+00, 0.1804256E+01, 0.7601824E+00,
 0.4240000E+00, 0.6799416E+00, 0.1804307E+01, 0.7604144E+00,
 0.4260000E+00, 0.6801500E+00, 0.1804358E+01, 0.7606474E+00,
 0.4280000E+00, 0.6803593E+00, 0.1804409E+01, 0.7608815E+00,
 0.4300000E+00, 0.6805696E+00, 0.1804460E+01, 0.7611167E+00,
 0.4320000E+00, 0.6807809E+00, 0.1804512E+01, 0.7613530E+00,
 0.4340000E+00, 0.6809932E+00, 0.1804563E+01, 0.7615904E+00,
 0.4360000E+00, 0.6812063E+00, 0.1804614E+01, 0.7618288E+00,
 0.4380000E+00, 0.6814204E+00, 0.1804665E+01, 0.7620682E+00,
 0.4400000E+00, 0.6816355E+00, 0.1804717E+01, 0.7623087E+00,
 0.4420000E+00, 0.6818514E+00, 0.1804768E+01, 0.7625502E+00,
 0.4440000E+00, 0.6820683E+00, 0.1804819E+01, 0.7627928E+00,
 0.4460000E+00, 0.6822860E+00, 0.1804871E+01, 0.7630362E+00,
 0.4480000E+00, 0.6825046E+00, 0.1804922E+01, 0.7632807E+00,
 0.4500000E+00, 0.6827241E+00, 0.1804974E+01, 0.7635261E+00,
 0.4520000E+00, 0.6829444E+00, 0.1805025E+01, 0.7637725E+00,
 0.4540000E+00, 0.6831656E+00, 0.1805077E+01, 0.7640198E+00,
 0.4560000E+00, 0.6833875E+00, 0.1805128E+01, 0.7642681E+00,
 0.4580000E+00, 0.6836103E+00, 0.1805179E+01, 0.7645173E+00,
 0.4600000E+00, 0.6838340E+00, 0.1805231E+01, 0.7647674E+00,
 0.4620000E+00, 0.6840584E+00, 0.1805283E+01, 0.7650183E+00,
 0.4640000E+00, 0.6842836E+00, 0.1805334E+01, 0.7652702E+00,
 0.4660000E+00, 0.6845096E+00, 0.1805386E+01, 0.7655230E+00,
 0.4680000E+00, 0.6847364E+00, 0.1805437E+01, 0.7657766E+00,
 0.4700000E+00, 0.6849639E+00, 0.1805489E+01, 0.7660311E+00,
 0.4720000E+00, 0.6851923E+00, 0.1805540E+01, 0.7662865E+00,
 0.4740000E+00, 0.6854213E+00, 0.1805592E+01, 0.7665427E+00,
 0.4760000E+00, 0.6856511E+00, 0.1805644E+01, 0.7667996E+00,
 0.4780000E+00, 0.6858816E+00, 0.1805695E+01, 0.7670574E+00,
 0.4800000E+00, 0.6861129E+00, 0.1805747E+01, 0.7673160E+00,
 0.4820000E+00, 0.6863449E+00, 0.1805799E+01, 0.7675754E+00,
 0.4840000E+00, 0.6865776E+00, 0.1805851E+01, 0.7678357E+00,
 0.4860000E+00, 0.6868110E+00, 0.1805902E+01, 0.7680967E+00,
 0.4880000E+00, 0.6870450E+00, 0.1805954E+01, 0.7683584E+00,
 0.4900000E+00, 0.6872798E+00, 0.1806006E+01, 0.7686210E+00,
 0.4920000E+00, 0.6875152E+00, 0.1806057E+01, 0.7688843E+00,
 0.4940000E+00, 0.6877513E+00, 0.1806109E+01, 0.7691483E+00,
 0.4960000E+00, 0.6879880E+00, 0.1806161E+01, 0.7694131E+00,
 0.4980000E+00, 0.6882254E+00, 0.1806213E+01, 0.7696786E+00,
 0.5000000E+00, 0.6884635E+00, 0.1806265E+01, 0.7699448E+00,
 0.5020000E+00, 0.6887022E+00, 0.1806317E+01, 0.7702118E+00,
 0.5040000E+00, 0.6889415E+00, 0.1806368E+01, 0.7704794E+00,
 0.5060000E+00, 0.6891814E+00, 0.1806420E+01, 0.7707478E+00,
 0.5080000E+00, 0.6894220E+00, 0.1806472E+01, 0.7710168E+00,
 0.5100000E+00, 0.6896632E+00, 0.1806524E+01, 0.7712865E+00,
 0.5120000E+00, 0.6899050E+00, 0.1806576E+01, 0.7715569E+00,
 0.5140000E+00, 0.6901474E+00, 0.1806628E+01, 0.7718281E+00,
 0.5160000E+00, 0.6903903E+00, 0.1806680E+01, 0.7720997E+00,
 0.5180000E+00, 0.6906338E+00, 0.1806732E+01, 0.7723721E+00,
 0.5200000E+00, 0.6908780E+00, 0.1806784E+01, 0.7726451E+00,
 0.5220000E+00, 0.6911227E+00, 0.1806836E+01, 0.7729187E+00,
 0.5240000E+00, 0.6913679E+00, 0.1806888E+01, 0.7731930E+00,
 0.5260000E+00, 0.6916137E+00, 0.1806940E+01, 0.7734679E+00,
 0.5280000E+00, 0.6918601E+00, 0.1806992E+01, 0.7737435E+00,
 0.5300000E+00, 0.6921070E+00, 0.1807044E+01, 0.7740196E+00,
 0.5320000E+00, 0.6923544E+00, 0.1807096E+01, 0.7742963E+00,
 0.5340000E+00, 0.6926025E+00, 0.1807148E+01, 0.7745737E+00,
 0.5360000E+00, 0.6928509E+00, 0.1807200E+01, 0.7748516E+00,
 0.5380000E+00, 0.6931000E+00, 0.1807252E+01, 0.7751300E+00,
 0.5400000E+00, 0.6933495E+00, 0.1807304E+01, 0.7754092E+00,
 0.5420000E+00, 0.6935996E+00, 0.1807356E+01, 0.7756888E+00,
 0.5440000E+00, 0.6938502E+00, 0.1807408E+01, 0.7759690E+00,
 0.5460000E+00, 0.6941012E+00, 0.1807460E+01, 0.7762498E+00,
 0.5480000E+00, 0.6943528E+00, 0.1807512E+01, 0.7765312E+00,
 0.5500000E+00, 0.6946048E+00, 0.1807564E+01, 0.7768130E+00,
 0.5520000E+00, 0.6948574E+00, 0.1807617E+01, 0.7770954E+00,
 0.5540000E+00, 0.6951104E+00, 0.1807669E+01, 0.7773784E+00,
 0.5560000E+00, 0.6953639E+00, 0.1807721E+01, 0.7776619E+00,
 0.5580000E+00, 0.6956178E+00, 0.1807773E+01, 0.7779459E+00,
 0.5600000E+00, 0.6958722E+00, 0.1807825E+01, 0.7782304E+00,
 0.5620000E+00, 0.6961271E+00, 0.1807877E+01, 0.7785155E+00,
 0.5640000E+00, 0.6963825E+00, 0.1807929E+01, 0.7788010E+00,
 0.5660000E+00, 0.6966382E+00, 0.1807981E+01, 0.7790871E+00,
 0.5680000E+00, 0.6968944E+00, 0.1808034E+01, 0.7793736E+00,
 0.5700000E+00, 0.6971511E+00, 0.1808086E+01, 0.7796606E+00,
 0.5720000E+00, 0.6974081E+00, 0.1808138E+01, 0.7799481E+00,
 0.5740000E+00, 0.6976657E+00, 0.1808190E+01, 0.7802361E+00,
 0.5760000E+00, 0.6979237E+00, 0.1808243E+01, 0.7805246E+00,
 0.5780000E+00, 0.6981820E+00, 0.1808295E+01, 0.7808135E+00,
 0.5800000E+00, 0.6984408E+00, 0.1808347E+01, 0.7811030E+00,
 0.5820000E+00, 0.6987000E+00, 0.1808399E+01, 0.7813929E+00,
 0.5840000E+00, 0.6989596E+00, 0.1808451E+01, 0.7816831E+00,
 0.5860000E+00, 0.6992196E+00, 0.1808504E+01, 0.7819740E+00,
 0.5880000E+00, 0.6994800E+00, 0.1808556E+01, 0.7822652E+00,
 0.5900000E+00, 0.6997408E+00, 0.1808608E+01, 0.7825568E+00,
 0.5920000E+00, 0.7000020E+00, 0.1808660E+01, 0.7828489E+00,
 0.5940000E+00, 0.7002636E+00, 0.1808712E+01, 0.7831415E+00,
 0.5960000E+00, 0.7005255E+00, 0.1808765E+01, 0.7834344E+00,
 0.5980000E+00, 0.7007878E+00, 0.1808817E+01, 0.7837278E+00,
 0.6000000E+00, 0.7010505E+00, 0.1808869E+01, 0.7840216E+00,
 0.6020000E+00, 0.7013136E+00, 0.1808921E+01, 0.7843158E+00,
 0.6040000E+00, 0.7015770E+00, 0.1808974E+01, 0.7846104E+00,
 0.6060000E+00, 0.7018408E+00, 0.1809026E+01, 0.7849054E+00,
 0.6080000E+00, 0.7021050E+00, 0.1809078E+01, 0.7852008E+00,
 0.6100000E+00, 0.7023695E+00, 0.1809131E+01, 0.7854967E+00,
 0.6120000E+00, 0.7026343E+00, 0.1809183E+01, 0.7857928E+00,
 0.6140000E+00, 0.7028996E+00, 0.1809235E+01, 0.7860895E+00,
 0.6160000E+00, 0.7031651E+00, 0.1809287E+01, 0.7863864E+00,
 0.6180000E+00, 0.7034310E+00, 0.1809340E+01, 0.7866838E+00,
 0.6200000E+00, 0.7036972E+00, 0.1809392E+01, 0.7869815E+00,
 0.6220000E+00, 0.7039638E+00, 0.1809444E+01, 0.7872797E+00,
 0.6240000E+00, 0.7042307E+00, 0.1809496E+01, 0.7875781E+00,
 0.6260000E+00, 0.7044979E+00, 0.1809549E+01, 0.7878769E+00,
 0.6280000E+00, 0.7047654E+00, 0.1809601E+01, 0.7881762E+00,
 0.6300000E+00, 0.7050332E+00, 0.1809653E+01, 0.7884756E+00,
 0.6320000E+00, 0.7053015E+00, 0.1809706E+01, 0.7887756E+00,
 0.6340000E+00, 0.7055699E+00, 0.1809758E+01, 0.7890758E+00,
 0.6360000E+00, 0.7058387E+00, 0.1809810E+01, 0.7893764E+00,
 0.6380000E+00, 0.7061078E+00, 0.1809862E+01, 0.7896774E+00,
 0.6400000E+00, 0.7063771E+00, 0.1809915E+01, 0.7899786E+00,
 0.6420000E+00, 0.7066468E+00, 0.1809967E+01, 0.7902802E+00,
 0.6440000E+00, 0.7069168E+00, 0.1810019E+01, 0.7905821E+00,
 0.6460000E+00, 0.7071871E+00, 0.1810072E+01, 0.7908844E+00,
 0.6480000E+00, 0.7074577E+00, 0.1810124E+01, 0.7911870E+00,
 0.6500000E+00, 0.7077284E+00, 0.1810176E+01, 0.7914898E+00,
 0.6520000E+00, 0.7079996E+00, 0.1810229E+01, 0.7917930E+00,
 0.6540000E+00, 0.7082710E+00, 0.1810281E+01, 0.7920966E+00,
 0.6560000E+00, 0.7085426E+00, 0.1810333E+01, 0.7924004E+00,
 0.6580000E+00, 0.7088146E+00, 0.1810385E+01, 0.7927045E+00,
 0.6600000E+00, 0.7090868E+00, 0.1810438E+01, 0.7930089E+00,
 0.6620000E+00, 0.7093592E+00, 0.1810490E+01, 0.7933136E+00,
 0.6640000E+00, 0.7096320E+00, 0.1810542E+01, 0.7936187E+00,
 0.6660000E+00, 0.7099050E+00, 0.1810595E+01, 0.7939240E+00,
 0.6680000E+00, 0.7101783E+00, 0.1810647E+01, 0.7942296E+00,
 0.6700000E+00, 0.7104518E+00, 0.1810699E+01, 0.7945355E+00,
 0.6720000E+00, 0.7107255E+00, 0.1810751E+01, 0.7948416E+00,
 0.6740000E+00, 0.7109995E+00, 0.1810804E+01, 0.7951481E+00,
 0.6760000E+00, 0.7112738E+00, 0.1810856E+01, 0.7954548E+00,
 0.6780000E+00, 0.7115483E+00, 0.1810909E+01, 0.7957618E+00,
 0.6800000E+00, 0.7118230E+00, 0.1810961E+01, 0.7960690E+00,
 0.6820000E+00, 0.7120980E+00, 0.1811013E+01, 0.7963765E+00,
 0.6840000E+00, 0.7123732E+00, 0.1811065E+01, 0.7966843E+00,
 0.6860000E+00, 0.7126486E+00, 0.1811118E+01, 0.7969924E+00,
 0.6880000E+00, 0.7129242E+00, 0.1811170E+01, 0.7973006E+00,
 0.6900000E+00, 0.7132002E+00, 0.1811222E+01, 0.7976092E+00,
 0.6920000E+00, 0.7134762E+00, 0.1811275E+01, 0.7979179E+00,
 0.6940000E+00, 0.7137526E+00, 0.1811327E+01, 0.7982270E+00,
 0.6960000E+00, 0.7140291E+00, 0.1811379E+01, 0.7985362E+00,
 0.6980000E+00, 0.7143059E+00, 0.1811431E+01, 0.7988458E+00,
 0.7000000E+00, 0.7145829E+00, 0.1811484E+01, 0.7991556E+00,
 0.7020000E+00, 0.7148601E+00, 0.1811536E+01, 0.7994655E+00,
 0.7040000E+00, 0.7151375E+00, 0.1811588E+01, 0.7997758E+00,
 0.7060000E+00, 0.7154151E+00, 0.1811640E+01, 0.8000862E+00,
 0.7080000E+00, 0.7156929E+00, 0.1811693E+01, 0.8003969E+00,
 0.7100000E+00, 0.7159709E+00, 0.1811745E+01, 0.8007078E+00,
 0.7120000E+00, 0.7162491E+00, 0.1811797E+01, 0.8010190E+00,
 0.7140000E+00, 0.7165275E+00, 0.1811849E+01, 0.8013303E+00,
 0.7160000E+00, 0.7168061E+00, 0.1811902E+01, 0.8016418E+00,
 0.7180000E+00, 0.7170848E+00, 0.1811954E+01, 0.8019536E+00,
 0.7200000E+00, 0.7173638E+00, 0.1812006E+01, 0.8022655E+00,
 0.7220000E+00, 0.7176430E+00, 0.1812058E+01, 0.8025778E+00,
 0.7240000E+00, 0.7179223E+00, 0.1812111E+01, 0.8028901E+00,
 0.7260000E+00, 0.7182018E+00, 0.1812163E+01, 0.8032027E+00,
 0.7280000E+00, 0.7184815E+00, 0.1812215E+01, 0.8035156E+00,
 0.7300000E+00, 0.7187613E+00, 0.1812267E+01, 0.8038285E+00,
 0.7320000E+00, 0.7190413E+00, 0.1812320E+01, 0.8041416E+00,
 0.7340000E+00, 0.7193215E+00, 0.1812372E+01, 0.8044550E+00,
 0.7360000E+00, 0.7196019E+00, 0.1812424E+01, 0.8047686E+00,
 0.7380000E+00, 0.7198825E+00, 0.1812476E+01, 0.8050823E+00,
 0.7400000E+00, 0.7201632E+00, 0.1812529E+01, 0.8053963E+00,
 0.7420000E+00, 0.7204440E+00, 0.1812581E+01, 0.8057103E+00,
 0.7440000E+00, 0.7207251E+00, 0.1812633E+01, 0.8060246E+00,
 0.7460000E+00, 0.7210063E+00, 0.1812685E+01, 0.8063391E+00,
 0.7480000E+00, 0.7212876E+00, 0.1812737E+01, 0.8066538E+00,
 0.7500000E+00, 0.7215691E+00, 0.1812790E+01, 0.8069685E+00,
 0.7520000E+00, 0.7218508E+00, 0.1812842E+01, 0.8072836E+00,
 0.7540000E+00, 0.7221325E+00, 0.1812894E+01, 0.8075987E+00,
 0.7560000E+00, 0.7224145E+00, 0.1812946E+01, 0.8079140E+00,
 0.7580000E+00, 0.7226965E+00, 0.1812999E+01, 0.8082294E+00,
 0.7600000E+00, 0.7229788E+00, 0.1813051E+01, 0.8085451E+00,
 0.7620000E+00, 0.7232612E+00, 0.1813103E+01, 0.8088609E+00,
 0.7640000E+00, 0.7235436E+00, 0.1813155E+01, 0.8091768E+00,
 0.7660000E+00, 0.7238263E+00, 0.1813207E+01, 0.8094929E+00,
 0.7680000E+00, 0.7241091E+00, 0.1813259E+01, 0.8098091E+00,
 0.7700000E+00, 0.7243919E+00, 0.1813312E+01, 0.8101255E+00,
 0.7720000E+00, 0.7246750E+00, 0.1813364E+01, 0.8104421E+00,
 0.7740000E+00, 0.7249582E+00, 0.1813416E+01, 0.8107588E+00,
 0.7760000E+00, 0.7252415E+00, 0.1813468E+01, 0.8110756E+00,
 0.7780000E+00, 0.7255249E+00, 0.1813520E+01, 0.8113925E+00,
 0.7800000E+00, 0.7258084E+00, 0.1813573E+01, 0.8117096E+00,
 0.7820000E+00, 0.7260921E+00, 0.1813625E+01, 0.8120269E+00,
 0.7840000E+00, 0.7263759E+00, 0.1813677E+01, 0.8123443E+00,
 0.7860000E+00, 0.7266598E+00, 0.1813729E+01, 0.8126618E+00,
 0.7880000E+00, 0.7269438E+00, 0.1813781E+01, 0.8129794E+00,
 0.7900000E+00, 0.7272279E+00, 0.1813833E+01, 0.8132971E+00,
 0.7920000E+00, 0.7275121E+00, 0.1813886E+01, 0.8136150E+00,
 0.7940000E+00, 0.7277964E+00, 0.1813938E+01, 0.8139330E+00,
 0.7960000E+00, 0.7280809E+00, 0.1813990E+01, 0.8142511E+00,
 0.7980000E+00, 0.7283655E+00, 0.1814042E+01, 0.8145694E+00,
 0.8000000E+00, 0.7286501E+00, 0.1814094E+01, 0.8148876E+00,
 0.8020000E+00, 0.7289349E+00, 0.1814146E+01, 0.8152061E+00,
 0.8040000E+00, 0.7292197E+00, 0.1814198E+01, 0.8155247E+00,
 0.8060000E+00, 0.7295047E+00, 0.1814251E+01, 0.8158434E+00,
 0.8080000E+00, 0.7297898E+00, 0.1814303E+01, 0.8161622E+00,
 0.8100000E+00, 0.7300749E+00, 0.1814355E+01, 0.8164811E+00,
 0.8120000E+00, 0.7303602E+00, 0.1814407E+01, 0.8168001E+00,
 0.8140000E+00, 0.7306455E+00, 0.1814459E+01, 0.8171192E+00,
 0.8160000E+00, 0.7309309E+00, 0.1814511E+01, 0.8174384E+00,
 0.8180000E+00, 0.7312164E+00, 0.1814564E+01, 0.8177577E+00,
 0.8200000E+00, 0.7315021E+00, 0.1814616E+01, 0.8180771E+00,
 0.8220000E+00, 0.7317877E+00, 0.1814668E+01, 0.8183966E+00,
 0.8240000E+00, 0.7320735E+00, 0.1814720E+01, 0.8187162E+00,
 0.8260000E+00, 0.7323593E+00, 0.1814772E+01, 0.8190359E+00,
 0.8280000E+00, 0.7326453E+00, 0.1814824E+01, 0.8193557E+00,
 0.8300000E+00, 0.7329313E+00, 0.1814877E+01, 0.8196754E+00,
 0.8320000E+00, 0.7332174E+00, 0.1814929E+01, 0.8199955E+00,
 0.8340000E+00, 0.7335035E+00, 0.1814981E+01, 0.8203155E+00,
 0.8360000E+00, 0.7337897E+00, 0.1815033E+01, 0.8206356E+00,
 0.8380000E+00, 0.7340760E+00, 0.1815085E+01, 0.8209557E+00,
 0.8400000E+00, 0.7343624E+00, 0.1815137E+01, 0.8212760E+00,
 0.8420000E+00, 0.7346488E+00, 0.1815189E+01, 0.8215963E+00,
 0.8440000E+00, 0.7349354E+00, 0.1815242E+01, 0.8219168E+00,
 0.8460000E+00, 0.7352219E+00, 0.1815294E+01, 0.8222373E+00,
 0.8480000E+00, 0.7355086E+00, 0.1815346E+01, 0.8225578E+00,
 0.8500000E+00, 0.7357953E+00, 0.1815398E+01, 0.8228784E+00,
 0.8520000E+00, 0.7360820E+00, 0.1815450E+01, 0.8231992E+00,
 0.8540000E+00, 0.7363689E+00, 0.1815502E+01, 0.8235199E+00,
 0.8560000E+00, 0.7366557E+00, 0.1815554E+01, 0.8238407E+00,
 0.8580000E+00, 0.7369426E+00, 0.1815606E+01, 0.8241616E+00,
 0.8600000E+00, 0.7372296E+00, 0.1815659E+01, 0.8244826E+00,
 0.8620000E+00, 0.7375167E+00, 0.1815711E+01, 0.8248036E+00,
 0.8640000E+00, 0.7378038E+00, 0.1815763E+01, 0.8251247E+00,
 0.8660000E+00, 0.7380909E+00, 0.1815815E+01, 0.8254458E+00,
 0.8680000E+00, 0.7383781E+00, 0.1815867E+01, 0.8257670E+00,
 0.8700000E+00, 0.7386653E+00, 0.1815920E+01, 0.8260882E+00,
 0.8720000E+00, 0.7389526E+00, 0.1815972E+01, 0.8264095E+00,
 0.8740000E+00, 0.7392400E+00, 0.1816024E+01, 0.8267308E+00,
 0.8760000E+00, 0.7395273E+00, 0.1816076E+01, 0.8270522E+00,
 0.8780000E+00, 0.7398148E+00, 0.1816128E+01, 0.8273737E+00,
 0.8800000E+00, 0.7401022E+00, 0.1816180E+01, 0.8276951E+00,
 0.8820000E+00, 0.7403898E+00, 0.1816232E+01, 0.8280167E+00,
 0.8840000E+00, 0.7406773E+00, 0.1816285E+01, 0.8283383E+00,
 0.8860000E+00, 0.7409648E+00, 0.1816337E+01, 0.8286598E+00,
 0.8880000E+00, 0.7412525E+00, 0.1816389E+01, 0.8289815E+00,
 0.8900000E+00, 0.7415401E+00, 0.1816441E+01, 0.8293032E+00,
 0.8920000E+00, 0.7418278E+00, 0.1816494E+01, 0.8296250E+00,
 0.8940000E+00, 0.7421156E+00, 0.1816546E+01, 0.8299468E+00,
 0.8960000E+00, 0.7424033E+00, 0.1816598E+01, 0.8302685E+00,
 0.8980000E+00, 0.7426910E+00, 0.1816650E+01, 0.8305904E+00,
 0.9000000E+00, 0.7429788E+00, 0.1816702E+01, 0.8309122E+00,
 0.9020000E+00, 0.7432666E+00, 0.1816755E+01, 0.8312341E+00,
 0.9040000E+00, 0.7435545E+00, 0.1816807E+01, 0.8315560E+00,
 0.9060000E+00, 0.7438424E+00, 0.1816859E+01, 0.8318780E+00,
 0.9080000E+00, 0.7441303E+00, 0.1816911E+01, 0.8322000E+00,
 0.9100000E+00, 0.7444183E+00, 0.1816964E+01, 0.8325220E+00,
 0.9120000E+00, 0.7447062E+00, 0.1817016E+01, 0.8328440E+00,
 0.9140000E+00, 0.7449941E+00, 0.1817068E+01, 0.8331660E+00,
 0.9160000E+00, 0.7452821E+00, 0.1817120E+01, 0.8334881E+00,
 0.9180000E+00, 0.7455701E+00, 0.1817173E+01, 0.8338102E+00,
 0.9200000E+00, 0.7458581E+00, 0.1817225E+01, 0.8341323E+00,
 0.9220000E+00, 0.7461461E+00, 0.1817277E+01, 0.8344544E+00,
 0.9240000E+00, 0.7464342E+00, 0.1817330E+01, 0.8347765E+00,
 0.9260000E+00, 0.7467222E+00, 0.1817382E+01, 0.8350986E+00,
 0.9280000E+00, 0.7470104E+00, 0.1817434E+01, 0.8354208E+00,
 0.9300000E+00, 0.7472984E+00, 0.1817487E+01, 0.8357430E+00,
 0.9320000E+00, 0.7475865E+00, 0.1817539E+01, 0.8360652E+00,
 0.9340000E+00, 0.7478746E+00, 0.1817591E+01, 0.8363874E+00,
 0.9360000E+00, 0.7481627E+00, 0.1817644E+01, 0.8367096E+00,
 0.9380000E+00, 0.7484508E+00, 0.1817696E+01, 0.8370318E+00,
 0.9400000E+00, 0.7487389E+00, 0.1817748E+01, 0.8373541E+00,
 0.9420000E+00, 0.7490270E+00, 0.1817801E+01, 0.8376762E+00,
 0.9440000E+00, 0.7493152E+00, 0.1817853E+01, 0.8379985E+00,
 0.9460000E+00, 0.7496033E+00, 0.1817906E+01, 0.8383207E+00,
 0.9480000E+00, 0.7498915E+00, 0.1817958E+01, 0.8386430E+00,
 0.9500000E+00, 0.7501795E+00, 0.1818011E+01, 0.8389651E+00,
 0.9520000E+00, 0.7504677E+00, 0.1818063E+01, 0.8392874E+00,
 0.9540000E+00, 0.7507558E+00, 0.1818115E+01, 0.8396096E+00,
 0.9560000E+00, 0.7510439E+00, 0.1818168E+01, 0.8399318E+00,
 0.9580000E+00, 0.7513320E+00, 0.1818220E+01, 0.8402540E+00,
 0.9600000E+00, 0.7516202E+00, 0.1818273E+01, 0.8405763E+00,
 0.9620000E+00, 0.7519082E+00, 0.1818325E+01, 0.8408985E+00,
 0.9640000E+00, 0.7521964E+00, 0.1818378E+01, 0.8412207E+00,
 0.9660000E+00, 0.7524844E+00, 0.1818431E+01, 0.8415428E+00,
 0.9680000E+00, 0.7527725E+00, 0.1818483E+01, 0.8418650E+00,
 0.9700000E+00, 0.7530606E+00, 0.1818536E+01, 0.8421872E+00,
 0.9720000E+00, 0.7533486E+00, 0.1818588E+01, 0.8425093E+00,
 0.9740000E+00, 0.7536367E+00, 0.1818641E+01, 0.8428315E+00,
 0.9760000E+00, 0.7539247E+00, 0.1818694E+01, 0.8431536E+00,
 0.9780000E+00, 0.7542128E+00, 0.1818746E+01, 0.8434758E+00,
 0.9800000E+00, 0.7545008E+00, 0.1818799E+01, 0.8437978E+00,
 0.9820000E+00, 0.7547888E+00, 0.1818852E+01, 0.8441198E+00,
 0.9840000E+00, 0.7550768E+00, 0.1818904E+01, 0.8444420E+00,
 0.9860000E+00, 0.7553647E+00, 0.1818957E+01, 0.8447640E+00,
 0.9880000E+00, 0.7556527E+00, 0.1819010E+01, 0.8450860E+00,
 0.9900000E+00, 0.7559406E+00, 0.1819063E+01, 0.8454080E+00,
 0.9920000E+00, 0.7562285E+00, 0.1819116E+01, 0.8457300E+00,
 0.9940000E+00, 0.7565163E+00, 0.1819168E+01, 0.8460519E+00,
 0.9960000E+00, 0.7568042E+00, 0.1819221E+01, 0.8463739E+00,
 0.9980000E+00, 0.7570921E+00, 0.1819274E+01, 0.8466958E+00,
 0.1000000E+01, 0.7573799E+00, 0.1819327E+01, 0.8470176E+00,
 0.1002000E+01, 0.7576677E+00, 0.1819380E+01, 0.8473396E+00,
 0.1004000E+01, 0.7579555E+00, 0.1819433E+01, 0.8476614E+00,
 0.1006000E+01, 0.7582432E+00, 0.1819486E+01, 0.8479831E+00,
 0.1008000E+01, 0.7585310E+00, 0.1819539E+01, 0.8483050E+00,
 0.1010000E+01, 0.7588186E+00, 0.1819592E+01, 0.8486267E+00,
 0.1012000E+01, 0.7591063E+00, 0.1819645E+01, 0.8489484E+00,
 0.1014000E+01, 0.7593939E+00, 0.1819698E+01, 0.8492700E+00,
 0.1016000E+01, 0.7596815E+00, 0.1819751E+01, 0.8495917E+00,
 0.1018000E+01, 0.7599691E+00, 0.1819804E+01, 0.8499133E+00,
 0.1020000E+01, 0.7602567E+00, 0.1819857E+01, 0.8502350E+00,
 0.1022000E+01, 0.7605442E+00, 0.1819910E+01, 0.8505564E+00,
 0.1024000E+01, 0.7608317E+00, 0.1819963E+01, 0.8508780E+00,
 0.1026000E+01, 0.7611191E+00, 0.1820017E+01, 0.8511994E+00,
 0.1028000E+01, 0.7614065E+00, 0.1820070E+01, 0.8515209E+00,
 0.1030000E+01, 0.7616940E+00, 0.1820123E+01, 0.8518423E+00,
 0.1032000E+01, 0.7619813E+00, 0.1820177E+01, 0.8521637E+00,
 0.1034000E+01, 0.7622686E+00, 0.1820230E+01, 0.8524849E+00,
 0.1036000E+01, 0.7625559E+00, 0.1820283E+01, 0.8528063E+00,
 0.1038000E+01, 0.7628431E+00, 0.1820337E+01, 0.8531275E+00,
 0.1040000E+01, 0.7631303E+00, 0.1820390E+01, 0.8534486E+00,
 0.1042000E+01, 0.7634175E+00, 0.1820444E+01, 0.8537698E+00,
 0.1044000E+01, 0.7637047E+00, 0.1820497E+01, 0.8540910E+00,
 0.1046000E+01, 0.7639917E+00, 0.1820551E+01, 0.8544120E+00,
 0.1048000E+01, 0.7642788E+00, 0.1820604E+01, 0.8547330E+00,
 0.1050000E+01, 0.7645658E+00, 0.1820658E+01, 0.8550540E+00,
 0.1052000E+01, 0.7648528E+00, 0.1820712E+01, 0.8553750E+00,
 0.1054000E+01, 0.7651396E+00, 0.1820765E+01, 0.8556958E+00,
 0.1056000E+01, 0.7654266E+00, 0.1820819E+01, 0.8560167E+00,
 0.1058000E+01, 0.7657134E+00, 0.1820873E+01, 0.8563374E+00,
 0.1060000E+01, 0.7660002E+00, 0.1820927E+01, 0.8566582E+00,
 0.1062000E+01, 0.7662870E+00, 0.1820981E+01, 0.8569789E+00,
 0.1064000E+01, 0.7665737E+00, 0.1821035E+01, 0.8572996E+00,
 0.1066000E+01, 0.7668603E+00, 0.1821088E+01, 0.8576201E+00,
 0.1068000E+01, 0.7671469E+00, 0.1821142E+01, 0.8579407E+00,
 0.1070000E+01, 0.7674335E+00, 0.1821196E+01, 0.8582612E+00,
 0.1072000E+01, 0.7677200E+00, 0.1821251E+01, 0.8585816E+00,
 0.1074000E+01, 0.7680065E+00, 0.1821305E+01, 0.8589020E+00,
 0.1076000E+01, 0.7682929E+00, 0.1821359E+01, 0.8592222E+00,
 0.1078000E+01, 0.7685792E+00, 0.1821413E+01, 0.8595425E+00,
 0.1080000E+01, 0.7688656E+00, 0.1821468E+01, 0.8598627E+00,
 0.1082000E+01, 0.7691519E+00, 0.1821522E+01, 0.8601829E+00,
 0.1084000E+01, 0.7694381E+00, 0.1821576E+01, 0.8605030E+00,
 0.1086000E+01, 0.7697242E+00, 0.1821630E+01, 0.8608230E+00,
 0.1088000E+01, 0.7700104E+00, 0.1821685E+01, 0.8611430E+00,
 0.1090000E+01, 0.7702965E+00, 0.1821740E+01, 0.8614630E+00,
 0.1092000E+01, 0.7705825E+00, 0.1821794E+01, 0.8617828E+00,
 0.1094000E+01, 0.7708685E+00, 0.1821849E+01, 0.8621027E+00,
 0.1096000E+01, 0.7711543E+00, 0.1821903E+01, 0.8624223E+00,
 0.1098000E+01, 0.7714402E+00, 0.1821958E+01, 0.8627421E+00,
 0.1100000E+01, 0.7717260E+00, 0.1822013E+01, 0.8630617E+00,
 0.1102000E+01, 0.7720118E+00, 0.1822068E+01, 0.8633813E+00,
 0.1104000E+01, 0.7722974E+00, 0.1822123E+01, 0.8637007E+00,
 0.1106000E+01, 0.7725831E+00, 0.1822178E+01, 0.8640202E+00,
 0.1108000E+01, 0.7728686E+00, 0.1822233E+01, 0.8643395E+00,
 0.1110000E+01, 0.7731542E+00, 0.1822288E+01, 0.8646589E+00,
 0.1112000E+01, 0.7734396E+00, 0.1822343E+01, 0.8649781E+00,
 0.1114000E+01, 0.7737250E+00, 0.1822398E+01, 0.8652973E+00,
 0.1116000E+01, 0.7740104E+00, 0.1822453E+01, 0.8656164E+00,
 0.1118000E+01, 0.7742957E+00, 0.1822509E+01, 0.8659355E+00,
 0.1120000E+01, 0.7745809E+00, 0.1822564E+01, 0.8662544E+00,
 0.1122000E+01, 0.7748660E+00, 0.1822620E+01, 0.8665733E+00,
 0.1124000E+01, 0.7751512E+00, 0.1822675E+01, 0.8668922E+00,
 0.1126000E+01, 0.7754362E+00, 0.1822731E+01, 0.8672110E+00,
 0.1128000E+01, 0.7757212E+00, 0.1822787E+01, 0.8675297E+00,
 0.1130000E+01, 0.7760062E+00, 0.1822842E+01, 0.8678484E+00,
 0.1132000E+01, 0.7762910E+00, 0.1822898E+01, 0.8681670E+00,
 0.1134000E+01, 0.7765758E+00, 0.1822954E+01, 0.8684855E+00,
 0.1136000E+01, 0.7768605E+00, 0.1823010E+01, 0.8688039E+00,
 0.1138000E+01, 0.7771453E+00, 0.1823066E+01, 0.8691223E+00,
 0.1140000E+01, 0.7774299E+00, 0.1823122E+01, 0.8694406E+00,
 0.1142000E+01, 0.7777144E+00, 0.1823178E+01, 0.8697588E+00,
 0.1144000E+01, 0.7779989E+00, 0.1823235E+01, 0.8700770E+00,
 0.1146000E+01, 0.7782833E+00, 0.1823291E+01, 0.8703951E+00,
 0.1148000E+01, 0.7785677E+00, 0.1823347E+01, 0.8707131E+00,
 0.1150000E+01, 0.7788519E+00, 0.1823404E+01, 0.8710310E+00,
 0.1152000E+01, 0.7791362E+00, 0.1823460E+01, 0.8713489E+00,
 0.1154000E+01, 0.7794203E+00, 0.1823517E+01, 0.8716666E+00,
 0.1156000E+01, 0.7797045E+00, 0.1823574E+01, 0.8719844E+00,
 0.1158000E+01, 0.7799885E+00, 0.1823631E+01, 0.8723020E+00,
 0.1160000E+01, 0.7802724E+00, 0.1823688E+01, 0.8726196E+00,
 0.1162000E+01, 0.7805563E+00, 0.1823745E+01, 0.8729371E+00,
 0.1164000E+01, 0.7808402E+00, 0.1823802E+01, 0.8732545E+00,
 0.1166000E+01, 0.7811239E+00, 0.1823859E+01, 0.8735718E+00,
 0.1168000E+01, 0.7814076E+00, 0.1823916E+01, 0.8738891E+00,
 0.1170000E+01, 0.7816913E+00, 0.1823974E+01, 0.8742063E+00,
 0.1172000E+01, 0.7819747E+00, 0.1824031E+01, 0.8745233E+00,
 0.1174000E+01, 0.7822583E+00, 0.1824089E+01, 0.8748404E+00,
 0.1176000E+01, 0.7825416E+00, 0.1824147E+01, 0.8751574E+00,
 0.1178000E+01, 0.7828251E+00, 0.1824204E+01, 0.8754743E+00,
 0.1180000E+01, 0.7831083E+00, 0.1824262E+01, 0.8757911E+00,
 0.1182000E+01, 0.7833915E+00, 0.1824320E+01, 0.8761078E+00,
 0.1184000E+01, 0.7836747E+00, 0.1824378E+01, 0.8764246E+00,
 0.1186000E+01, 0.7839577E+00, 0.1824436E+01, 0.8767411E+00,
 0.1188000E+01, 0.7842408E+00, 0.1824495E+01, 0.8770576E+00,
 0.1190000E+01, 0.7845236E+00, 0.1824553E+01, 0.8773739E+00,
 0.1192000E+01, 0.7848065E+00, 0.1824611E+01, 0.8776903E+00,
 0.1194000E+01, 0.7850893E+00, 0.1824670E+01, 0.8780065E+00,
 0.1196000E+01, 0.7853720E+00, 0.1824729E+01, 0.8783227E+00,
 0.1198000E+01, 0.7856546E+00, 0.1824788E+01, 0.8786387E+00,
 0.1200000E+01, 0.7859372E+00, 0.1824847E+01, 0.8789548E+00,
 0.1202000E+01, 0.7862197E+00, 0.1824906E+01, 0.8792707E+00,
 0.1204000E+01, 0.7865021E+00, 0.1824965E+01, 0.8795866E+00,
 0.1206000E+01, 0.7867845E+00, 0.1825024E+01, 0.8799024E+00,
 0.1208000E+01, 0.7870668E+00, 0.1825083E+01, 0.8802180E+00,
 0.1210000E+01, 0.7873489E+00, 0.1825143E+01, 0.8805336E+00,
 0.1212000E+01, 0.7876310E+00, 0.1825203E+01, 0.8808491E+00,
 0.1214000E+01, 0.7879131E+00, 0.1825262E+01, 0.8811646E+00,
 0.1216000E+01, 0.7881951E+00, 0.1825322E+01, 0.8814799E+00,
 0.1218000E+01, 0.7884769E+00, 0.1825382E+01, 0.8817951E+00,
 0.1220000E+01, 0.7887588E+00, 0.1825443E+01, 0.8821104E+00,
 0.1222000E+01, 0.7890406E+00, 0.1825503E+01, 0.8824255E+00,
 0.1224000E+01, 0.7893223E+00, 0.1825563E+01, 0.8827405E+00,
 0.1226000E+01, 0.7896039E+00, 0.1825624E+01, 0.8830554E+00,
 0.1228000E+01, 0.7898854E+00, 0.1825685E+01, 0.8833703E+00,
 0.1230000E+01, 0.7901669E+00, 0.1825745E+01, 0.8836851E+00,
 0.1232000E+01, 0.7904482E+00, 0.1825806E+01, 0.8839996E+00,
 0.1234000E+01, 0.7907296E+00, 0.1825867E+01, 0.8843144E+00,
 0.1236000E+01, 0.7910107E+00, 0.1825929E+01, 0.8846288E+00,
 0.1238000E+01, 0.7912919E+00, 0.1825990E+01, 0.8849432E+00,
 0.1240000E+01, 0.7915730E+00, 0.1826052E+01, 0.8852576E+00,
 0.1242000E+01, 0.7918540E+00, 0.1826113E+01, 0.8855719E+00,
 0.1244000E+01, 0.7921349E+00, 0.1826175E+01, 0.8858861E+00,
 0.1246000E+01, 0.7924158E+00, 0.1826237E+01, 0.8862001E+00,
 0.1248000E+01, 0.7926965E+00, 0.1826300E+01, 0.8865141E+00,
 0.1250000E+01, 0.7929772E+00, 0.1826362E+01, 0.8868280E+00,
 0.1252000E+01, 0.7932578E+00, 0.1826424E+01, 0.8871418E+00,
 0.1254000E+01, 0.7935385E+00, 0.1826487E+01, 0.8874557E+00,
 0.1256000E+01, 0.7938188E+00, 0.1826550E+01, 0.8877692E+00,
 0.1258000E+01, 0.7940993E+00, 0.1826613E+01, 0.8880829E+00,
 0.1260000E+01, 0.7943795E+00, 0.1826676E+01, 0.8883963E+00,
 0.1262000E+01, 0.7946597E+00, 0.1826739E+01, 0.8887097E+00,
 0.1264000E+01, 0.7949399E+00, 0.1826803E+01, 0.8890229E+00,
 0.1266000E+01, 0.7952200E+00, 0.1826866E+01, 0.8893363E+00,
 0.1268000E+01, 0.7955000E+00, 0.1826930E+01, 0.8896493E+00,
 0.1270000E+01, 0.7957799E+00, 0.1826994E+01, 0.8899624E+00,
 0.1272000E+01, 0.7960597E+00, 0.1827058E+01, 0.8902754E+00,
 0.1274000E+01, 0.7963395E+00, 0.1827123E+01, 0.8905882E+00,
 0.1276000E+01, 0.7966192E+00, 0.1827187E+01, 0.8909010E+00,
 0.1278000E+01, 0.7968988E+00, 0.1827252E+01, 0.8912138E+00,
 0.1280000E+01, 0.7971783E+00, 0.1827317E+01, 0.8915263E+00,
 0.1282000E+01, 0.7974577E+00, 0.1827382E+01, 0.8918388E+00,
 0.1284000E+01, 0.7977371E+00, 0.1827448E+01, 0.8921513E+00,
 0.1286000E+01, 0.7980164E+00, 0.1827513E+01, 0.8924636E+00,
 0.1288000E+01, 0.7982956E+00, 0.1827579E+01, 0.8927759E+00,
 0.1290000E+01, 0.7985747E+00, 0.1827645E+01, 0.8930880E+00,
 0.1292000E+01, 0.7988538E+00, 0.1827711E+01, 0.8934001E+00,
 0.1294000E+01, 0.7991328E+00, 0.1827777E+01, 0.8937121E+00,
 0.1296000E+01, 0.7994117E+00, 0.1827844E+01, 0.8940240E+00,
 0.1298000E+01, 0.7996905E+00, 0.1827910E+01, 0.8943358E+00,
 0.1300000E+01, 0.7999692E+00, 0.1827977E+01, 0.8946475E+00,
 0.1302000E+01, 0.8002478E+00, 0.1828045E+01, 0.8949592E+00,
 0.1304000E+01, 0.8005264E+00, 0.1828112E+01, 0.8952707E+00,
 0.1306000E+01, 0.8008050E+00, 0.1828180E+01, 0.8955822E+00,
 0.1308000E+01, 0.8010833E+00, 0.1828248E+01, 0.8958935E+00,
 0.1310000E+01, 0.8013617E+00, 0.1828316E+01, 0.8962049E+00,
 0.1312000E+01, 0.8016400E+00, 0.1828384E+01, 0.8965161E+00,
 0.1314000E+01, 0.8019181E+00, 0.1828452E+01, 0.8968270E+00,
 0.1316000E+01, 0.8021963E+00, 0.1828521E+01, 0.8971382E+00,
 0.1318000E+01, 0.8024743E+00, 0.1828590E+01, 0.8974491E+00,
 0.1320000E+01, 0.8027522E+00, 0.1828660E+01, 0.8977599E+00,
 0.1322000E+01, 0.8030301E+00, 0.1828729E+01, 0.8980706E+00,
 0.1324000E+01, 0.8033078E+00, 0.1828799E+01, 0.8983813E+00,
 0.1326000E+01, 0.8035855E+00, 0.1828869E+01, 0.8986918E+00,
 0.1328000E+01, 0.8038632E+00, 0.1828939E+01, 0.8990024E+00,
 0.1330000E+01, 0.8041407E+00, 0.1829010E+01, 0.8993127E+00,
 0.1332000E+01, 0.8044181E+00, 0.1829080E+01, 0.8996230E+00,
 0.1334000E+01, 0.8046956E+00, 0.1829151E+01, 0.8999333E+00,
 0.1336000E+01, 0.8049728E+00, 0.1829223E+01, 0.9002433E+00,
 0.1338000E+01, 0.8052501E+00, 0.1829294E+01, 0.9005535E+00,
 0.1340000E+01, 0.8055273E+00, 0.1829366E+01, 0.9008634E+00,
 0.1342000E+01, 0.8058043E+00, 0.1829438E+01, 0.9011732E+00,
 0.1344000E+01, 0.8060813E+00, 0.1829511E+01, 0.9014830E+00,
 0.1346000E+01, 0.8063582E+00, 0.1829583E+01, 0.9017926E+00,
 0.1348000E+01, 0.8066350E+00, 0.1829656E+01, 0.9021022E+00,
 0.1350000E+01, 0.8069118E+00, 0.1829730E+01, 0.9024118E+00,
 0.1352000E+01, 0.8071883E+00, 0.1829803E+01, 0.9027210E+00,
 0.1354000E+01, 0.8074650E+00, 0.1829877E+01, 0.9030304E+00,
 0.1356000E+01, 0.8077415E+00, 0.1829951E+01, 0.9033396E+00,
 0.1358000E+01, 0.8080179E+00, 0.1830026E+01, 0.9036488E+00,
 0.1360000E+01, 0.8082942E+00, 0.1830101E+01, 0.9039578E+00,
 0.1362000E+01, 0.8085705E+00, 0.1830176E+01, 0.9042668E+00,
 0.1364000E+01, 0.8088467E+00, 0.1830251E+01, 0.9045756E+00,
 0.1366000E+01, 0.8091228E+00, 0.1830327E+01, 0.9048845E+00,
 0.1368000E+01, 0.8093988E+00, 0.1830403E+01, 0.9051932E+00,
 0.1370000E+01, 0.8096748E+00, 0.1830480E+01, 0.9055018E+00,
 0.1372000E+01, 0.8099506E+00, 0.1830557E+01, 0.9058103E+00,
 0.1374000E+01, 0.8102264E+00, 0.1830634E+01, 0.9061188E+00,
 0.1376000E+01, 0.8105022E+00, 0.1830711E+01, 0.9064271E+00,
 0.1378000E+01, 0.8107778E+00, 0.1830789E+01, 0.9067353E+00,
 0.1380000E+01, 0.8110533E+00, 0.1830867E+01, 0.9070435E+00,
 0.1382000E+01, 0.8113288E+00, 0.1830946E+01, 0.9073516E+00,
 0.1384000E+01, 0.8116042E+00, 0.1831025E+01, 0.9076595E+00,
 0.1386000E+01, 0.8118795E+00, 0.1831104E+01, 0.9079674E+00,
 0.1388000E+01, 0.8121547E+00, 0.1831184E+01, 0.9082752E+00,
 0.1390000E+01, 0.8124299E+00, 0.1831264E+01, 0.9085830E+00,
 0.1392000E+01, 0.8127050E+00, 0.1831344E+01, 0.9088906E+00,
 0.1394000E+01, 0.8129800E+00, 0.1831425E+01, 0.9091982E+00,
 0.1396000E+01, 0.8132549E+00, 0.1831506E+01, 0.9095056E+00,
 0.1398000E+01, 0.8135297E+00, 0.1831588E+01, 0.9098130E+00,
 0.1400000E+01, 0.8138046E+00, 0.1831670E+01, 0.9101203E+00,
 0.1402000E+01, 0.8140792E+00, 0.1831752E+01, 0.9104275E+00,
 0.1404000E+01, 0.8143539E+00, 0.1831835E+01, 0.9107347E+00,
 0.1406000E+01, 0.8146283E+00, 0.1831919E+01, 0.9110416E+00,
 0.1408000E+01, 0.8149028E+00, 0.1832002E+01, 0.9113485E+00,
 0.1410000E+01, 0.8151771E+00, 0.1832086E+01, 0.9116554E+00,
 0.1412000E+01, 0.8154514E+00, 0.1832171E+01, 0.9119622E+00,
 0.1414000E+01, 0.8157257E+00, 0.1832256E+01, 0.9122688E+00,
 0.1416000E+01, 0.8159998E+00, 0.1832341E+01, 0.9125754E+00,
 0.1418000E+01, 0.8162739E+00, 0.1832428E+01, 0.9128819E+00,
 0.1420000E+01, 0.8165479E+00, 0.1832514E+01, 0.9131883E+00,
 0.1422000E+01, 0.8168218E+00, 0.1832601E+01, 0.9134946E+00,
 0.1424000E+01, 0.8170956E+00, 0.1832688E+01, 0.9138008E+00,
 0.1426000E+01, 0.8173694E+00, 0.1832776E+01, 0.9141071E+00,
 0.1428000E+01, 0.8176430E+00, 0.1832864E+01, 0.9144130E+00,
 0.1430000E+01, 0.8179166E+00, 0.1832953E+01, 0.9147190E+00,
 0.1432000E+01, 0.8181902E+00, 0.1833042E+01, 0.9150250E+00,
 0.1434000E+01, 0.8184636E+00, 0.1833132E+01, 0.9153308E+00,
 0.1436000E+01, 0.8187370E+00, 0.1833222E+01, 0.9156365E+00,
 0.1438000E+01, 0.8190103E+00, 0.1833313E+01, 0.9159421E+00,
 0.1440000E+01, 0.8192834E+00, 0.1833404E+01, 0.9162476E+00,
 0.1442000E+01, 0.8195566E+00, 0.1833496E+01, 0.9165531E+00,
 0.1444000E+01, 0.8198296E+00, 0.1833588E+01, 0.9168585E+00,
 0.1446000E+01, 0.8201026E+00, 0.1833681E+01, 0.9171638E+00,
 0.1448000E+01, 0.8203756E+00, 0.1833775E+01, 0.9174691E+00,
 0.1450000E+01, 0.8206484E+00, 0.1833869E+01, 0.9177741E+00,
 0.1452000E+01, 0.8209212E+00, 0.1833963E+01, 0.9180792E+00,
 0.1454000E+01, 0.8211939E+00, 0.1834059E+01, 0.9183842E+00,
 0.1456000E+01, 0.8214664E+00, 0.1834154E+01, 0.9186890E+00,
 0.1458000E+01, 0.8217390E+00, 0.1834251E+01, 0.9189938E+00,
 0.1460000E+01, 0.8220115E+00, 0.1834348E+01, 0.9192985E+00,
 0.1462000E+01, 0.8222838E+00, 0.1834445E+01, 0.9196031E+00,
 0.1464000E+01, 0.8225561E+00, 0.1834543E+01, 0.9199077E+00,
 0.1466000E+01, 0.8228284E+00, 0.1834642E+01, 0.9202121E+00,
 0.1468000E+01, 0.8231006E+00, 0.1834741E+01, 0.9205166E+00,
 0.1470000E+01, 0.8233726E+00, 0.1834841E+01, 0.9208208E+00,
 0.1472000E+01, 0.8236446E+00, 0.1834942E+01, 0.9211250E+00,
 0.1474000E+01, 0.8239166E+00, 0.1835044E+01, 0.9214292E+00,
 0.1476000E+01, 0.8241885E+00, 0.1835146E+01, 0.9217332E+00,
 0.1478000E+01, 0.8244602E+00, 0.1835248E+01, 0.9220371E+00,
 0.1480000E+01, 0.8247319E+00, 0.1835352E+01, 0.9223410E+00,
 0.1482000E+01, 0.8250035E+00, 0.1835456E+01, 0.9226447E+00,
 0.1484000E+01, 0.8252751E+00, 0.1835561E+01, 0.9229485E+00,
 0.1486000E+01, 0.8255467E+00, 0.1835666E+01, 0.9232522E+00,
 0.1488000E+01, 0.8258181E+00, 0.1835772E+01, 0.9235557E+00,
 0.1490000E+01, 0.8260894E+00, 0.1835879E+01, 0.9238592E+00,
 0.1492000E+01, 0.8263606E+00, 0.1835987E+01, 0.9241624E+00,
 0.1494000E+01, 0.8266318E+00, 0.1836096E+01, 0.9244658E+00,
 0.1496000E+01, 0.8269030E+00, 0.1836205E+01, 0.9247690E+00,
 0.1498000E+01, 0.8271741E+00, 0.1836315E+01, 0.9250721E+00,
 0.1500000E+01, 0.8274451E+00, 0.1836426E+01, 0.9253752E+00,
 0.1500000E+01, 0.8274451E+00, 0.1836426E+01, 0.9253752E+00,
 0.1502000E+01, 0.8277160E+00, 0.1836537E+01, 0.9256782E+00,
 0.1504000E+01, 0.8279868E+00, 0.1836650E+01, 0.9259811E+00,
 0.1506000E+01, 0.8282576E+00, 0.1836763E+01, 0.9262839E+00,
 0.1508000E+01, 0.8285283E+00, 0.1836877E+01, 0.9265866E+00,
 0.1510000E+01, 0.8287989E+00, 0.1836992E+01, 0.9268894E+00,
 0.1512000E+01, 0.8290695E+00, 0.1837108E+01, 0.9271919E+00,
 0.1514000E+01, 0.8293400E+00, 0.1837224E+01, 0.9274944E+00,
 0.1516000E+01, 0.8296104E+00, 0.1837342E+01, 0.9277968E+00,
 0.1518000E+01, 0.8298808E+00, 0.1837460E+01, 0.9280992E+00,
 0.1520000E+01, 0.8301510E+00, 0.1837579E+01, 0.9284014E+00,
 0.1522000E+01, 0.8304212E+00, 0.1837700E+01, 0.9287036E+00,
 0.1524000E+01, 0.8306914E+00, 0.1837821E+01, 0.9290057E+00,
 0.1526000E+01, 0.8309615E+00, 0.1837943E+01, 0.9293078E+00,
 0.1528000E+01, 0.8312315E+00, 0.1838066E+01, 0.9296098E+00,
 0.1530000E+01, 0.8315014E+00, 0.1838190E+01, 0.9299116E+00,
 0.1532000E+01, 0.8317713E+00, 0.1838315E+01, 0.9302135E+00,
 0.1534000E+01, 0.8320411E+00, 0.1838441E+01, 0.9305152E+00,
 0.1536000E+01, 0.8323108E+00, 0.1838568E+01, 0.9308168E+00,
 0.1538000E+01, 0.8325805E+00, 0.1838696E+01, 0.9311184E+00,
 0.1540000E+01, 0.8328500E+00, 0.1838825E+01, 0.9314199E+00,
 0.1542000E+01, 0.8331196E+00, 0.1838955E+01, 0.9317213E+00,
 0.1544000E+01, 0.8333890E+00, 0.1839086E+01, 0.9320227E+00,
 0.1546000E+01, 0.8336584E+00, 0.1839218E+01, 0.9323239E+00,
 0.1548000E+01, 0.8339278E+00, 0.1839351E+01, 0.9326252E+00,
 0.1550000E+01, 0.8341970E+00, 0.1839486E+01, 0.9329262E+00,
 0.1552000E+01, 0.8344662E+00, 0.1839621E+01, 0.9332274E+00,
 0.1554000E+01, 0.8347353E+00, 0.1839758E+01, 0.9335282E+00,
 0.1556000E+01, 0.8350043E+00, 0.1839895E+01, 0.9338291E+00,
 0.1558000E+01, 0.8352733E+00, 0.1840034E+01, 0.9341300E+00,
 0.1560000E+01, 0.8355423E+00, 0.1840174E+01, 0.9344307E+00,
 0.1562000E+01, 0.8358111E+00, 0.1840315E+01, 0.9347314E+00,
 0.1564000E+01, 0.8360800E+00, 0.1840458E+01, 0.9350321E+00,
 0.1566000E+01, 0.8363487E+00, 0.1840601E+01, 0.9353326E+00,
 0.1568000E+01, 0.8366173E+00, 0.1840746E+01, 0.9356330E+00,
 0.1570000E+01, 0.8368859E+00, 0.1840892E+01, 0.9359334E+00,
 0.1572000E+01, 0.8371545E+00, 0.1841040E+01, 0.9362338E+00,
 0.1574000E+01, 0.8374229E+00, 0.1841189E+01, 0.9365340E+00,
 0.1576000E+01, 0.8376913E+00, 0.1841339E+01, 0.9368342E+00,
 0.1578000E+01, 0.8379597E+00, 0.1841490E+01, 0.9371343E+00,
 0.1580000E+01, 0.8382279E+00, 0.1841643E+01, 0.9374343E+00,
 0.1582000E+01, 0.8384961E+00, 0.1841797E+01, 0.9377342E+00,
 0.1584000E+01, 0.8387643E+00, 0.1841952E+01, 0.9380341E+00,
 0.1586000E+01, 0.8390324E+00, 0.1842109E+01, 0.9383339E+00,
 0.1588000E+01, 0.8393005E+00, 0.1842267E+01, 0.9386337E+00,
 0.1590000E+01, 0.8395684E+00, 0.1842427E+01, 0.9389334E+00,
 0.1592000E+01, 0.8398364E+00, 0.1842588E+01, 0.9392331E+00,
 0.1594000E+01, 0.8401042E+00, 0.1842751E+01, 0.9395326E+00,
 0.1596000E+01, 0.8403720E+00, 0.1842915E+01, 0.9398320E+00,
 0.1598000E+01, 0.8406397E+00, 0.1843081E+01, 0.9401315E+00,
 0.1600000E+01, 0.8409073E+00, 0.1843248E+01, 0.9404308E+00,
 0.1602000E+01, 0.8411749E+00, 0.1843416E+01, 0.9407300E+00,
 0.1604000E+01, 0.8414424E+00, 0.1843587E+01, 0.9410292E+00,
 0.1606000E+01, 0.8417099E+00, 0.1843758E+01, 0.9413283E+00,
 0.1608000E+01, 0.8419774E+00, 0.1843932E+01, 0.9416274E+00,
 0.1610000E+01, 0.8422447E+00, 0.1844107E+01, 0.9419265E+00,
 0.1612000E+01, 0.8425120E+00, 0.1844284E+01, 0.9422254E+00,
 0.1614000E+01, 0.8427792E+00, 0.1844462E+01, 0.9425242E+00,
 0.1616000E+01, 0.8430464E+00, 0.1844642E+01, 0.9428231E+00,
 0.1618000E+01, 0.8433135E+00, 0.1844824E+01, 0.9431217E+00,
 0.1620000E+01, 0.8435806E+00, 0.1845007E+01, 0.9434205E+00,
 0.1622000E+01, 0.8438476E+00, 0.1845193E+01, 0.9437191E+00,
 0.1624000E+01, 0.8441145E+00, 0.1845380E+01, 0.9440176E+00,
 0.1626000E+01, 0.8443815E+00, 0.1845568E+01, 0.9443161E+00,
 0.1628000E+01, 0.8446483E+00, 0.1845759E+01, 0.9446145E+00,
 0.1630000E+01, 0.8449150E+00, 0.1845951E+01, 0.9449128E+00,
 0.1632000E+01, 0.8451818E+00, 0.1846146E+01, 0.9452111E+00,
 0.1634000E+01, 0.8454484E+00, 0.1846342E+01, 0.9455093E+00,
 0.1636000E+01, 0.8457150E+00, 0.1846540E+01, 0.9458075E+00,
 0.1638000E+01, 0.8459816E+00, 0.1846740E+01, 0.9461056E+00,
 0.1640000E+01, 0.8462481E+00, 0.1846942E+01, 0.9464037E+00,
 0.1642000E+01, 0.8465145E+00, 0.1847146E+01, 0.9467015E+00,
 0.1644000E+01, 0.8467810E+00, 0.1847351E+01, 0.9469995E+00,
 0.1646000E+01, 0.8470472E+00, 0.1847559E+01, 0.9472973E+00,
 0.1648000E+01, 0.8473135E+00, 0.1847769E+01, 0.9475952E+00,
 0.1650000E+01, 0.8475797E+00, 0.1847981E+01, 0.9478928E+00,
 0.1652000E+01, 0.8478459E+00, 0.1848195E+01, 0.9481906E+00,
 0.1654000E+01, 0.8481120E+00, 0.1848411E+01, 0.9484881E+00,
 0.1656000E+01, 0.8483781E+00, 0.1848629E+01, 0.9487857E+00,
 0.1658000E+01, 0.8486440E+00, 0.1848849E+01, 0.9490831E+00,
 0.1660000E+01, 0.8489100E+00, 0.1849072E+01, 0.9493806E+00,
 0.1662000E+01, 0.8491759E+00, 0.1849296E+01, 0.9496780E+00,
 0.1664000E+01, 0.8494418E+00, 0.1849523E+01, 0.9499754E+00,
 0.1666000E+01, 0.8497076E+00, 0.1849752E+01, 0.9502726E+00,
 0.1668000E+01, 0.8499733E+00, 0.1849984E+01, 0.9505697E+00,
 0.1670000E+01, 0.8502390E+00, 0.1850217E+01, 0.9508669E+00,
 0.1672000E+01, 0.8505046E+00, 0.1850453E+01, 0.9511639E+00,
 0.1674000E+01, 0.8507702E+00, 0.1850691E+01, 0.9514610E+00,
 0.1676000E+01, 0.8510358E+00, 0.1850932E+01, 0.9517580E+00,
 0.1678000E+01, 0.8513013E+00, 0.1851175E+01, 0.9520549E+00,
 0.1680000E+01, 0.8515667E+00, 0.1851420E+01, 0.9523517E+00,
 0.1682000E+01, 0.8518322E+00, 0.1851668E+01, 0.9526486E+00,
 0.1684000E+01, 0.8520975E+00, 0.1851918E+01, 0.9529453E+00,
 0.1686000E+01, 0.8523628E+00, 0.1852170E+01, 0.9532421E+00,
 0.1688000E+01, 0.8526281E+00, 0.1852425E+01, 0.9535387E+00,
 0.1690000E+01, 0.8528932E+00, 0.1852683E+01, 0.9538352E+00,
 0.1692000E+01, 0.8531584E+00, 0.1852942E+01, 0.9541318E+00,
 0.1694000E+01, 0.8534235E+00, 0.1853205E+01, 0.9544283E+00,
 0.1696000E+01, 0.8536885E+00, 0.1853470E+01, 0.9547247E+00,
 0.1698000E+01, 0.8539536E+00, 0.1853738E+01, 0.9550211E+00,
 0.1700000E+01, 0.8542185E+00, 0.1854008E+01, 0.9553174E+00,
 0.1702000E+01, 0.8544834E+00, 0.1854281E+01, 0.9556136E+00,
 0.1704000E+01, 0.8547483E+00, 0.1854556E+01, 0.9559098E+00,
 0.1706000E+01, 0.8550132E+00, 0.1854834E+01, 0.9562061E+00,
 0.1708000E+01, 0.8552780E+00, 0.1855115E+01, 0.9565022E+00,
 0.1710000E+01, 0.8555426E+00, 0.1855398E+01, 0.9567982E+00,
 0.1712000E+01, 0.8558074E+00, 0.1855685E+01, 0.9570943E+00,
 0.1714000E+01, 0.8560720E+00, 0.1855973E+01, 0.9573902E+00,
 0.1716000E+01, 0.8563366E+00, 0.1856265E+01, 0.9576861E+00,
 0.1718000E+01, 0.8566012E+00, 0.1856560E+01, 0.9579820E+00,
 0.1720000E+01, 0.8568656E+00, 0.1856857E+01, 0.9582778E+00,
 0.1722000E+01, 0.8571302E+00, 0.1857157E+01, 0.9585736E+00,
 0.1724000E+01, 0.8573946E+00, 0.1857460E+01, 0.9588693E+00,
 0.1726000E+01, 0.8576590E+00, 0.1857766E+01, 0.9591650E+00,
 0.1728000E+01, 0.8579234E+00, 0.1858074E+01, 0.9594607E+00,
 0.1730000E+01, 0.8581876E+00, 0.1858386E+01, 0.9597561E+00,
 0.1732000E+01, 0.8584519E+00, 0.1858700E+01, 0.9600518E+00,
 0.1734000E+01, 0.8587161E+00, 0.1859018E+01, 0.9603473E+00,
 0.1736000E+01, 0.8589803E+00, 0.1859338E+01, 0.9606428E+00,
 0.1738000E+01, 0.8592445E+00, 0.1859662E+01, 0.9609382E+00,
 0.1740000E+01, 0.8595086E+00, 0.1859988E+01, 0.9612335E+00,
 0.1742000E+01, 0.8597726E+00, 0.1860317E+01, 0.9615288E+00,
 0.1744000E+01, 0.8600366E+00, 0.1860650E+01, 0.9618241E+00,
 0.1746000E+01, 0.8603005E+00, 0.1860985E+01, 0.9621192E+00,
 0.1748000E+01, 0.8605645E+00, 0.1861324E+01, 0.9624144E+00,
 0.1750000E+01, 0.8608285E+00, 0.1861665E+01, 0.9627096E+00,
 0.1752000E+01, 0.8610923E+00, 0.1862010E+01, 0.9630046E+00,
 0.1754000E+01, 0.8613561E+00, 0.1862357E+01, 0.9632998E+00,
 0.1756000E+01, 0.8616199E+00, 0.1862708E+01, 0.9635948E+00,
 0.1758000E+01, 0.8618837E+00, 0.1863062E+01, 0.9638898E+00,
 0.1760000E+01, 0.8621474E+00, 0.1863420E+01, 0.9641846E+00,
 0.1762000E+01, 0.8624110E+00, 0.1863780E+01, 0.9644795E+00,
 0.1764000E+01, 0.8626747E+00, 0.1864143E+01, 0.9647744E+00,
 0.1766000E+01, 0.8629383E+00, 0.1864510E+01, 0.9650692E+00,
 0.1768000E+01, 0.8632019E+00, 0.1864880E+01, 0.9653640E+00,
 0.1770000E+01, 0.8634655E+00, 0.1865254E+01, 0.9656587E+00,
 0.1772000E+01, 0.8637289E+00, 0.1865630E+01, 0.9659534E+00,
 0.1774000E+01, 0.8639925E+00, 0.1866010E+01, 0.9662481E+00,
 0.1776000E+01, 0.8642559E+00, 0.1866393E+01, 0.9665427E+00,
 0.1778000E+01, 0.8645193E+00, 0.1866779E+01, 0.9668373E+00,
 0.1780000E+01, 0.8647826E+00, 0.1867169E+01, 0.9671318E+00,
 0.1782000E+01, 0.8650459E+00, 0.1867562E+01, 0.9674262E+00,
 0.1784000E+01, 0.8653092E+00, 0.1867958E+01, 0.9677207E+00,
 0.1786000E+01, 0.8655725E+00, 0.1868358E+01, 0.9680151E+00,
 0.1788000E+01, 0.8658358E+00, 0.1868761E+01, 0.9683096E+00,
 0.1790000E+01, 0.8660990E+00, 0.1869168E+01, 0.9686040E+00,
 0.1792000E+01, 0.8663622E+00, 0.1869578E+01, 0.9688982E+00,
 0.1794000E+01, 0.8666252E+00, 0.1869991E+01, 0.9691925E+00,
 0.1796000E+01, 0.8668883E+00, 0.1870408E+01, 0.9694867E+00,
 0.1798000E+01, 0.8671515E+00, 0.1870828E+01, 0.9697810E+00,
 0.1800000E+01, 0.8674146E+00, 0.1871251E+01, 0.9700752E+00,
 0.1802000E+01, 0.8676776E+00, 0.1871678E+01, 0.9703693E+00,
 0.1804000E+01, 0.8679406E+00, 0.1872109E+01, 0.9706635E+00,
 0.1806000E+01, 0.8682036E+00, 0.1872543E+01, 0.9709576E+00,
 0.1808000E+01, 0.8684665E+00, 0.1872981E+01, 0.9712517E+00,
 0.1810000E+01, 0.8687294E+00, 0.1873422E+01, 0.9715457E+00,
 0.1812000E+01, 0.8689923E+00, 0.1873866E+01, 0.9718397E+00,
 0.1814000E+01, 0.8692551E+00, 0.1874315E+01, 0.9721336E+00,
 0.1816000E+01, 0.8695180E+00, 0.1874766E+01, 0.9724275E+00,
 0.1818000E+01, 0.8697808E+00, 0.1875221E+01, 0.9727215E+00,
 0.1820000E+01, 0.8700435E+00, 0.1875680E+01, 0.9730153E+00,
 0.1822000E+01, 0.8703063E+00, 0.1876143E+01, 0.9733092E+00,
 0.1824000E+01, 0.8705691E+00, 0.1876609E+01, 0.9736030E+00,
 0.1826000E+01, 0.8708317E+00, 0.1877078E+01, 0.9738967E+00,
 0.1828000E+01, 0.8710944E+00, 0.1877552E+01, 0.9741906E+00,
 0.1830000E+01, 0.8713570E+00, 0.1878029E+01, 0.9744843E+00,
 0.1832000E+01, 0.8716197E+00, 0.1878509E+01, 0.9747781E+00,
 0.1834000E+01, 0.8718823E+00, 0.1878993E+01, 0.9750717E+00,
 0.1836000E+01, 0.8721448E+00, 0.1879481E+01, 0.9753653E+00,
 0.1838000E+01, 0.8724074E+00, 0.1879973E+01, 0.9756590E+00,
 0.1840000E+01, 0.8726699E+00, 0.1880468E+01, 0.9759526E+00,
 0.1842000E+01, 0.8729325E+00, 0.1880967E+01, 0.9762462E+00,
 0.1844000E+01, 0.8731949E+00, 0.1881469E+01, 0.9765397E+00,
 0.1846000E+01, 0.8734574E+00, 0.1881975E+01, 0.9768333E+00,
 0.1848000E+01, 0.8737199E+00, 0.1882485E+01, 0.9771268E+00,
 0.1850000E+01, 0.8739824E+00, 0.1882999E+01, 0.9774203E+00,
 0.1852000E+01, 0.8742447E+00, 0.1883516E+01, 0.9777137E+00,
 0.1854000E+01, 0.8745071E+00, 0.1884037E+01, 0.9780072E+00,
 0.1856000E+01, 0.8747695E+00, 0.1884562E+01, 0.9783006E+00,
 0.1858000E+01, 0.8750318E+00, 0.1885091E+01, 0.9785940E+00,
 0.1860000E+01, 0.8752941E+00, 0.1885623E+01, 0.9788873E+00,
 0.1862000E+01, 0.8755565E+00, 0.1886159E+01, 0.9791808E+00,
 0.1864000E+01, 0.8758187E+00, 0.1886699E+01, 0.9794740E+00,
 0.1866000E+01, 0.8760811E+00, 0.1887243E+01, 0.9797674E+00,
 0.1868000E+01, 0.8763434E+00, 0.1887790E+01, 0.9800608E+00,
 0.1870000E+01, 0.8766055E+00, 0.1888341E+01, 0.9803540E+00,
 0.1872000E+01, 0.8768678E+00, 0.1888896E+01, 0.9806472E+00,
 0.1874000E+01, 0.8771300E+00, 0.1889455E+01, 0.9809405E+00,
 0.1876000E+01, 0.8773922E+00, 0.1890018E+01, 0.9812337E+00,
 0.1878000E+01, 0.8776544E+00, 0.1890584E+01, 0.9815269E+00,
 0.1880000E+01, 0.8779165E+00, 0.1891154E+01, 0.9818201E+00,
 0.1882000E+01, 0.8781787E+00, 0.1891729E+01, 0.9821133E+00,
 0.1884000E+01, 0.8784408E+00, 0.1892306E+01, 0.9824064E+00,
 0.1886000E+01, 0.8787029E+00, 0.1892888E+01, 0.9826996E+00,
 0.1888000E+01, 0.8789650E+00, 0.1893473E+01, 0.9829927E+00,
 0.1890000E+01, 0.8792272E+00, 0.1894063E+01, 0.9832858E+00,
 0.1892000E+01, 0.8794892E+00, 0.1894656E+01, 0.9835790E+00,
 0.1894000E+01, 0.8797513E+00, 0.1895253E+01, 0.9838721E+00,
 0.1896000E+01, 0.8800134E+00, 0.1895854E+01, 0.9841651E+00,
 0.1898000E+01, 0.8802754E+00, 0.1896458E+01, 0.9844581E+00,
 0.1900000E+01, 0.8805375E+00, 0.1897067E+01, 0.9847512E+00,
 0.1902000E+01, 0.8807994E+00, 0.1897679E+01, 0.9850442E+00,
 0.1904000E+01, 0.8810615E+00, 0.1898295E+01, 0.9853373E+00,
 0.1906000E+01, 0.8813235E+00, 0.1898915E+01, 0.9856303E+00,
 0.1908000E+01, 0.8815855E+00, 0.1899539E+01, 0.9859233E+00,
 0.1910000E+01, 0.8818474E+00, 0.1900167E+01, 0.9862162E+00,
 0.1912000E+01, 0.8821095E+00, 0.1900798E+01, 0.9865093E+00,
 0.1914000E+01, 0.8823714E+00, 0.1901434E+01, 0.9868023E+00,
 0.1916000E+01, 0.8826334E+00, 0.1902073E+01, 0.9870952E+00,
 0.1918000E+01, 0.8828954E+00, 0.1902716E+01, 0.9873883E+00,
 0.1920000E+01, 0.8831574E+00, 0.1903363E+01, 0.9876812E+00,
 0.1922000E+01, 0.8834193E+00, 0.1904014E+01, 0.9879741E+00,
 0.1924000E+01, 0.8836812E+00, 0.1904668E+01, 0.9882671E+00,
 0.1926000E+01, 0.8839431E+00, 0.1905327E+01, 0.9885600E+00,
 0.1928000E+01, 0.8842051E+00, 0.1905989E+01, 0.9888530E+00,
 0.1930000E+01, 0.8844670E+00, 0.1906655E+01, 0.9891459E+00,
 0.1932000E+01, 0.8847289E+00, 0.1907325E+01, 0.9894388E+00,
 0.1934000E+01, 0.8849909E+00, 0.1907999E+01, 0.9897317E+00,
 0.1936000E+01, 0.8852528E+00, 0.1908677E+01, 0.9900246E+00,
 0.1938000E+01, 0.8855146E+00, 0.1909358E+01, 0.9903175E+00,
 0.1940000E+01, 0.8857765E+00, 0.1910043E+01, 0.9906104E+00,
 0.1942000E+01, 0.8860384E+00, 0.1910733E+01, 0.9909033E+00,
 0.1944000E+01, 0.8863003E+00, 0.1911425E+01, 0.9911962E+00,
 0.1946000E+01, 0.8865623E+00, 0.1912122E+01, 0.9914891E+00,
 0.1948000E+01, 0.8868242E+00, 0.1912823E+01, 0.9917820E+00,
 0.1950000E+01, 0.8870860E+00, 0.1913527E+01, 0.9920748E+00,
 0.1952000E+01, 0.8873479E+00, 0.1914235E+01, 0.9923677E+00,
 0.1954000E+01, 0.8876098E+00, 0.1914947E+01, 0.9926606E+00,
 0.1956000E+01, 0.8878717E+00, 0.1915663E+01, 0.9929535E+00,
 0.1958000E+01, 0.8881336E+00, 0.1916382E+01, 0.9932464E+00,
 0.1960000E+01, 0.8883955E+00, 0.1917106E+01, 0.9935393E+00,
 0.1962000E+01, 0.8886574E+00, 0.1917833E+01, 0.9938322E+00,
 0.1964000E+01, 0.8889193E+00, 0.1918564E+01, 0.9941251E+00,
 0.1966000E+01, 0.8891813E+00, 0.1919298E+01, 0.9944180E+00,
 0.1968000E+01, 0.8894432E+00, 0.1920037E+01, 0.9947109E+00,
 0.1970000E+01, 0.8897050E+00, 0.1920779E+01, 0.9950038E+00,
 0.1972000E+01, 0.8899669E+00, 0.1921525E+01, 0.9952967E+00,
 0.1974000E+01, 0.8902289E+00, 0.1922274E+01, 0.9955896E+00,
 0.1976000E+01, 0.8904908E+00, 0.1923028E+01, 0.9958825E+00,
 0.1978000E+01, 0.8907527E+00, 0.1923785E+01, 0.9961755E+00,
 0.1980000E+01, 0.8910146E+00, 0.1924546E+01, 0.9964684E+00,
 0.1982000E+01, 0.8912767E+00, 0.1925310E+01, 0.9967614E+00,
 0.1984000E+01, 0.8915385E+00, 0.1926078E+01, 0.9970543E+00,
 0.1986000E+01, 0.8918005E+00, 0.1926851E+01, 0.9973473E+00,
 0.1988000E+01, 0.8920625E+00, 0.1927626E+01, 0.9976403E+00,
 0.1990000E+01, 0.8923244E+00, 0.1928406E+01, 0.9979331E+00,
 0.1992000E+01, 0.8925864E+00, 0.1929189E+01, 0.9982262E+00,
 0.1994000E+01, 0.8928483E+00, 0.1929976E+01, 0.9985191E+00,
 0.1996000E+01, 0.8931104E+00, 0.1930766E+01, 0.9988122E+00,
 0.1998000E+01, 0.8933724E+00, 0.1931560E+01, 0.9991052E+00,
 0.2000000E+01, 0.8936344E+00, 0.1932358E+01, 0.9993982E+00,
 0.2002000E+01, 0.8938965E+00, 0.1933159E+01, 0.9996913E+00,
 0.2004000E+01, 0.8941584E+00, 0.1933964E+01, 0.9999843E+00,
 0.2006000E+01, 0.8944205E+00, 0.1934773E+01, 0.1000277E+01,
 0.2008000E+01, 0.8946826E+00, 0.1935585E+01, 0.1000570E+01,
 0.2010000E+01, 0.8949447E+00, 0.1936401E+01, 0.1000864E+01,
 0.2012000E+01, 0.8952067E+00, 0.1937220E+01, 0.1001157E+01,
 0.2014000E+01, 0.8954688E+00, 0.1938044E+01, 0.1001450E+01,
 0.2016000E+01, 0.8957309E+00, 0.1938870E+01, 0.1001743E+01,
 0.2018000E+01, 0.8959931E+00, 0.1939701E+01, 0.1002036E+01,
 0.2020000E+01, 0.8962551E+00, 0.1940534E+01, 0.1002329E+01,
 0.2022000E+01, 0.8965173E+00, 0.1941372E+01, 0.1002622E+01,
 0.2024000E+01, 0.8967794E+00, 0.1942213E+01, 0.1002916E+01,
 0.2026000E+01, 0.8970416E+00, 0.1943057E+01, 0.1003209E+01,
 0.2028000E+01, 0.8973039E+00, 0.1943905E+01, 0.1003502E+01,
 0.2030000E+01, 0.8975660E+00, 0.1944757E+01, 0.1003795E+01,
 0.2032000E+01, 0.8978283E+00, 0.1945612E+01, 0.1004089E+01,
 0.2034000E+01, 0.8980905E+00, 0.1946471E+01, 0.1004382E+01,
 0.2036000E+01, 0.8983528E+00, 0.1947333E+01, 0.1004675E+01,
 0.2038000E+01, 0.8986151E+00, 0.1948199E+01, 0.1004968E+01,
 0.2040000E+01, 0.8988773E+00, 0.1949068E+01, 0.1005262E+01,
 0.2042000E+01, 0.8991397E+00, 0.1949940E+01, 0.1005555E+01,
 0.2044000E+01, 0.8994020E+00, 0.1950816E+01, 0.1005848E+01,
 0.2046000E+01, 0.8996644E+00, 0.1951696E+01, 0.1006142E+01,
 0.2048000E+01, 0.8999268E+00, 0.1952579E+01, 0.1006435E+01,
 0.2050000E+01, 0.9001892E+00, 0.1953465E+01, 0.1006729E+01,
 0.2052000E+01, 0.9004517E+00, 0.1954355E+01, 0.1007022E+01,
 0.2054000E+01, 0.9007141E+00, 0.1955249E+01, 0.1007316E+01,
 0.2056000E+01, 0.9009765E+00, 0.1956145E+01, 0.1007609E+01,
 0.2058000E+01, 0.9012390E+00, 0.1957045E+01, 0.1007903E+01,
 0.2060000E+01, 0.9015015E+00, 0.1957949E+01, 0.1008196E+01,
 0.2062000E+01, 0.9017641E+00, 0.1958856E+01, 0.1008490E+01,
 0.2064000E+01, 0.9020266E+00, 0.1959766E+01, 0.1008784E+01,
 0.2066000E+01, 0.9022893E+00, 0.1960680E+01, 0.1009077E+01,
 0.2068000E+01, 0.9025519E+00, 0.1961596E+01, 0.1009371E+01,
 0.2070000E+01, 0.9028145E+00, 0.1962517E+01, 0.1009665E+01,
 0.2072000E+01, 0.9030771E+00, 0.1963441E+01, 0.1009959E+01,
 0.2074000E+01, 0.9033399E+00, 0.1964368E+01, 0.1010252E+01,
 0.2076000E+01, 0.9036026E+00, 0.1965298E+01, 0.1010546E+01,
 0.2078000E+01, 0.9038653E+00, 0.1966231E+01, 0.1010840E+01,
 0.2080000E+01, 0.9041281E+00, 0.1967168E+01, 0.1011134E+01,
 0.2082000E+01, 0.9043909E+00, 0.1968109E+01, 0.1011428E+01,
 0.2084000E+01, 0.9046537E+00, 0.1969052E+01, 0.1011722E+01,
 0.2086000E+01, 0.9049166E+00, 0.1969999E+01, 0.1012016E+01,
 0.2088000E+01, 0.9051795E+00, 0.1970949E+01, 0.1012310E+01,
 0.2090000E+01, 0.9054424E+00, 0.1971902E+01, 0.1012604E+01,
 0.2092000E+01, 0.9057053E+00, 0.1972859E+01, 0.1012898E+01,
 0.2094000E+01, 0.9059684E+00, 0.1973819E+01, 0.1013192E+01,
 0.2096000E+01, 0.9062313E+00, 0.1974782E+01, 0.1013486E+01,
 0.2098000E+01, 0.9064944E+00, 0.1975748E+01, 0.1013780E+01,
 0.2100000E+01, 0.9067575E+00, 0.1976717E+01, 0.1014074E+01,
 0.2102000E+01, 0.9070206E+00, 0.1977690E+01, 0.1014369E+01,
 0.2104000E+01, 0.9072837E+00, 0.1978666E+01, 0.1014663E+01,
 0.2106000E+01, 0.9075469E+00, 0.1979645E+01, 0.1014957E+01,
 0.2108000E+01, 0.9078102E+00, 0.1980627E+01, 0.1015252E+01,
 0.2110000E+01, 0.9080734E+00, 0.1981613E+01, 0.1015546E+01,
 0.2112000E+01, 0.9083367E+00, 0.1982601E+01, 0.1015841E+01,
 0.2114000E+01, 0.9086000E+00, 0.1983593E+01, 0.1016135E+01,
 0.2116000E+01, 0.9088634E+00, 0.1984588E+01, 0.1016430E+01,
 0.2118000E+01, 0.9091268E+00, 0.1985586E+01, 0.1016724E+01,
 0.2120000E+01, 0.9093902E+00, 0.1986587E+01, 0.1017019E+01,
 0.2122000E+01, 0.9096537E+00, 0.1987591E+01, 0.1017313E+01,
 0.2124000E+01, 0.9099172E+00, 0.1988598E+01, 0.1017608E+01,
 0.2126000E+01, 0.9101808E+00, 0.1989609E+01, 0.1017903E+01,
 0.2128000E+01, 0.9104444E+00, 0.1990623E+01, 0.1018198E+01,
 0.2130000E+01, 0.9107080E+00, 0.1991639E+01, 0.1018493E+01,
 0.2132000E+01, 0.9109717E+00, 0.1992659E+01, 0.1018787E+01,
 0.2134000E+01, 0.9112355E+00, 0.1993681E+01, 0.1019082E+01,
 0.2136000E+01, 0.9114992E+00, 0.1994707E+01, 0.1019377E+01,
 0.2138000E+01, 0.9117630E+00, 0.1995736E+01, 0.1019672E+01,
 0.2140000E+01, 0.9120268E+00, 0.1996768E+01, 0.1019967E+01,
 0.2142000E+01, 0.9122907E+00, 0.1997803E+01, 0.1020262E+01,
 0.2144000E+01, 0.9125547E+00, 0.1998841E+01, 0.1020558E+01,
 0.2146000E+01, 0.9128186E+00, 0.1999882E+01, 0.1020853E+01,
 0.2148000E+01, 0.9130826E+00, 0.2000926E+01, 0.1021148E+01,
 0.2150000E+01, 0.9133466E+00, 0.2001973E+01, 0.1021443E+01,
 0.2152000E+01, 0.9136108E+00, 0.2003023E+01, 0.1021739E+01,
 0.2154000E+01, 0.9138750E+00, 0.2004076E+01, 0.1022034E+01,
 0.2156000E+01, 0.9141391E+00, 0.2005131E+01, 0.1022330E+01,
 0.2158000E+01, 0.9144034E+00, 0.2006191E+01, 0.1022625E+01,
 0.2160000E+01, 0.9146677E+00, 0.2007252E+01, 0.1022921E+01,
 0.2162000E+01, 0.9149320E+00, 0.2008317E+01, 0.1023216E+01,
 0.2164000E+01, 0.9151964E+00, 0.2009385E+01, 0.1023512E+01,
 0.2166000E+01, 0.9154609E+00, 0.2010456E+01, 0.1023808E+01,
 0.2168000E+01, 0.9157254E+00, 0.2011529E+01, 0.1024104E+01,
 0.2170000E+01, 0.9159899E+00, 0.2012606E+01, 0.1024400E+01,
 0.2172000E+01, 0.9162545E+00, 0.2013685E+01, 0.1024696E+01,
 0.2174000E+01, 0.9165192E+00, 0.2014768E+01, 0.1024992E+01,
 0.2176000E+01, 0.9167839E+00, 0.2015853E+01, 0.1025288E+01,
 0.2178000E+01, 0.9170486E+00, 0.2016941E+01, 0.1025584E+01,
 0.2180000E+01, 0.9173135E+00, 0.2018032E+01, 0.1025880E+01,
 0.2182000E+01, 0.9175784E+00, 0.2019126E+01, 0.1026176E+01,
 0.2184000E+01, 0.9178433E+00, 0.2020223E+01, 0.1026472E+01,
 0.2186000E+01, 0.9181082E+00, 0.2021323E+01, 0.1026769E+01,
 0.2188000E+01, 0.9183733E+00, 0.2022425E+01, 0.1027065E+01,
 0.2190000E+01, 0.9186383E+00, 0.2023531E+01, 0.1027362E+01,
 0.2192000E+01, 0.9189035E+00, 0.2024639E+01, 0.1027658E+01,
 0.2194000E+01, 0.9191687E+00, 0.2025750E+01, 0.1027955E+01,
 0.2196000E+01, 0.9194340E+00, 0.2026864E+01, 0.1028251E+01,
 0.2198000E+01, 0.9196993E+00, 0.2027981E+01, 0.1028548E+01,
 0.2200000E+01, 0.9199647E+00, 0.2029100E+01, 0.1028845E+01,
 0.2202000E+01, 0.9202302E+00, 0.2030223E+01, 0.1029142E+01,
 0.2204000E+01, 0.9204956E+00, 0.2031348E+01, 0.1029438E+01,
 0.2206000E+01, 0.9207612E+00, 0.2032476E+01, 0.1029736E+01,
 0.2208000E+01, 0.9210268E+00, 0.2033607E+01, 0.1030033E+01,
 0.2210000E+01, 0.9212925E+00, 0.2034740E+01, 0.1030330E+01,
 0.2212000E+01, 0.9215582E+00, 0.2035877E+01, 0.1030627E+01,
 0.2214000E+01, 0.9218240E+00, 0.2037016E+01, 0.1030924E+01,
 0.2216000E+01, 0.9220899E+00, 0.2038158E+01, 0.1031222E+01,
 0.2218000E+01, 0.9223558E+00, 0.2039303E+01, 0.1031519E+01,
 0.2220000E+01, 0.9226218E+00, 0.2040450E+01, 0.1031816E+01,
 0.2222000E+01, 0.9228879E+00, 0.2041600E+01, 0.1032114E+01,
 0.2224000E+01, 0.9231541E+00, 0.2042753E+01, 0.1032412E+01,
 0.2226000E+01, 0.9234202E+00, 0.2043909E+01, 0.1032709E+01,
 0.2228000E+01, 0.9236865E+00, 0.2045067E+01, 0.1033007E+01,
 0.2230000E+01, 0.9239528E+00, 0.2046229E+01, 0.1033305E+01,
 0.2232000E+01, 0.9242192E+00, 0.2047393E+01, 0.1033603E+01,
 0.2234000E+01, 0.9244856E+00, 0.2048559E+01, 0.1033901E+01,
 0.2236000E+01, 0.9247522E+00, 0.2049728E+01, 0.1034199E+01,
 0.2238000E+01, 0.9250188E+00, 0.2050901E+01, 0.1034497E+01,
 0.2240000E+01, 0.9252855E+00, 0.2052075E+01, 0.1034795E+01,
 0.2242000E+01, 0.9255522E+00, 0.2053253E+01, 0.1035094E+01,
 0.2244000E+01, 0.9258190E+00, 0.2054433E+01, 0.1035392E+01,
 0.2246000E+01, 0.9260859E+00, 0.2055616E+01, 0.1035691E+01,
 0.2248000E+01, 0.9263529E+00, 0.2056801E+01, 0.1035989E+01,
 0.2250000E+01, 0.9266199E+00, 0.2057990E+01, 0.1036288E+01,
 0.2252000E+01, 0.9268870E+00, 0.2059180E+01, 0.1036586E+01,
 0.2254000E+01, 0.9271542E+00, 0.2060374E+01, 0.1036885E+01,
 0.2256000E+01, 0.9274215E+00, 0.2061570E+01, 0.1037184E+01,
 0.2258000E+01, 0.9276888E+00, 0.2062769E+01, 0.1037483E+01,
 0.2260000E+01, 0.9279562E+00, 0.2063971E+01, 0.1037782E+01,
 0.2262000E+01, 0.9282237E+00, 0.2065175E+01, 0.1038081E+01,
 0.2264000E+01, 0.9284912E+00, 0.2066381E+01, 0.1038381E+01,
 0.2266000E+01, 0.9287589E+00, 0.2067591E+01, 0.1038680E+01,
 0.2268000E+01, 0.9290267E+00, 0.2068803E+01, 0.1038979E+01,
 0.2270000E+01, 0.9292944E+00, 0.2070018E+01, 0.1039279E+01,
 0.2272000E+01, 0.9295624E+00, 0.2071235E+01, 0.1039578E+01,
 0.2274000E+01, 0.9298303E+00, 0.2072455E+01, 0.1039878E+01,
 0.2276000E+01, 0.9300984E+00, 0.2073678E+01, 0.1040178E+01,
 0.2278000E+01, 0.9303665E+00, 0.2074903E+01, 0.1040478E+01,
 0.2280000E+01, 0.9306347E+00, 0.2076131E+01, 0.1040778E+01,
 0.2282000E+01, 0.9309030E+00, 0.2077361E+01, 0.1041078E+01,
 0.2284000E+01, 0.9311714E+00, 0.2078594E+01, 0.1041378E+01,
 0.2286000E+01, 0.9314398E+00, 0.2079830E+01, 0.1041678E+01,
 0.2288000E+01, 0.9317084E+00, 0.2081068E+01, 0.1041978E+01,
 0.2290000E+01, 0.9319770E+00, 0.2082309E+01, 0.1042279E+01,
 0.2292000E+01, 0.9322457E+00, 0.2083552E+01, 0.1042579E+01,
 0.2294000E+01, 0.9325145E+00, 0.2084798E+01, 0.1042880E+01,
 0.2296000E+01, 0.9327834E+00, 0.2086047E+01, 0.1043181E+01,
 0.2298000E+01, 0.9330524E+00, 0.2087298E+01, 0.1043481E+01,
 0.2300000E+01, 0.9333215E+00, 0.2088552E+01, 0.1043782E+01,
 0.2302000E+01, 0.9335907E+00, 0.2089808E+01, 0.1044083E+01,
 0.2304000E+01, 0.9338599E+00, 0.2091067E+01, 0.1044385E+01,
 0.2306000E+01, 0.9341293E+00, 0.2092328E+01, 0.1044686E+01,
 0.2308000E+01, 0.9343987E+00, 0.2093592E+01, 0.1044987E+01,
 0.2310000E+01, 0.9346682E+00, 0.2094858E+01, 0.1045289E+01,
 0.2312000E+01, 0.9349379E+00, 0.2096127E+01, 0.1045590E+01,
 0.2314000E+01, 0.9352076E+00, 0.2097399E+01, 0.1045892E+01,
 0.2316000E+01, 0.9354774E+00, 0.2098673E+01, 0.1046193E+01,
 0.2318000E+01, 0.9357473E+00, 0.2099950E+01, 0.1046495E+01,
 0.2320000E+01, 0.9360173E+00, 0.2101229E+01, 0.1046797E+01,
 0.2322000E+01, 0.9362875E+00, 0.2102511E+01, 0.1047099E+01,
 0.2324000E+01, 0.9365577E+00, 0.2103795E+01, 0.1047402E+01,
 0.2326000E+01, 0.9368279E+00, 0.2105082E+01, 0.1047704E+01,
 0.2328000E+01, 0.9370983E+00, 0.2106371E+01, 0.1048006E+01,
 0.2330000E+01, 0.9373688E+00, 0.2107663E+01, 0.1048309E+01,
 0.2332000E+01, 0.9376394E+00, 0.2108958E+01, 0.1048611E+01,
 0.2334000E+01, 0.9379101E+00, 0.2110254E+01, 0.1048914E+01,
 0.2336000E+01, 0.9381808E+00, 0.2111554E+01, 0.1049217E+01,
 0.2338000E+01, 0.9384518E+00, 0.2112856E+01, 0.1049520E+01,
 0.2340000E+01, 0.9387228E+00, 0.2114160E+01, 0.1049823E+01,
 0.2342000E+01, 0.9389939E+00, 0.2115467E+01, 0.1050126E+01,
 0.2344000E+01, 0.9392651E+00, 0.2116776E+01, 0.1050429E+01,
 0.2346000E+01, 0.9395364E+00, 0.2118088E+01, 0.1050733E+01,
 0.2348000E+01, 0.9398078E+00, 0.2119403E+01, 0.1051036E+01,
 0.2350000E+01, 0.9400793E+00, 0.2120719E+01, 0.1051340E+01,
 0.2352000E+01, 0.9403510E+00, 0.2122039E+01, 0.1051644E+01,
 0.2354000E+01, 0.9406227E+00, 0.2123361E+01, 0.1051948E+01,
 0.2356000E+01, 0.9408946E+00, 0.2124685E+01, 0.1052252E+01,
 0.2358000E+01, 0.9411666E+00, 0.2126012E+01, 0.1052556E+01,
 0.2360000E+01, 0.9414386E+00, 0.2127341E+01, 0.1052860E+01,
 0.2362000E+01, 0.9417108E+00, 0.2128673E+01, 0.1053165E+01,
 0.2364000E+01, 0.9419830E+00, 0.2130008E+01, 0.1053469E+01,
 0.2366000E+01, 0.9422554E+00, 0.2131344E+01, 0.1053774E+01,
 0.2368000E+01, 0.9425279E+00, 0.2132684E+01, 0.1054078E+01,
 0.2370000E+01, 0.9428006E+00, 0.2134025E+01, 0.1054383E+01,
 0.2372000E+01, 0.9430733E+00, 0.2135369E+01, 0.1054688E+01,
 0.2374000E+01, 0.9433462E+00, 0.2136716E+01, 0.1054994E+01,
 0.2376000E+01, 0.9436192E+00, 0.2138065E+01, 0.1055299E+01,
 0.2378000E+01, 0.9438922E+00, 0.2139417E+01, 0.1055604E+01,
 0.2380000E+01, 0.9441655E+00, 0.2140771E+01, 0.1055910E+01,
 0.2382000E+01, 0.9444389E+00, 0.2142128E+01, 0.1056216E+01,
 0.2384000E+01, 0.9447123E+00, 0.2143486E+01, 0.1056521E+01,
 0.2386000E+01, 0.9449858E+00, 0.2144848E+01, 0.1056827E+01,
 0.2388000E+01, 0.9452595E+00, 0.2146212E+01, 0.1057133E+01,
 0.2390000E+01, 0.9455333E+00, 0.2147578E+01, 0.1057440E+01,
 0.2392000E+01, 0.9458073E+00, 0.2148947E+01, 0.1057746E+01,
 0.2394000E+01, 0.9460813E+00, 0.2150318E+01, 0.1058052E+01,
 0.2396000E+01, 0.9463555E+00, 0.2151692E+01, 0.1058359E+01,
 0.2398000E+01, 0.9466299E+00, 0.2153068E+01, 0.1058666E+01,
 0.2400000E+01, 0.9469042E+00, 0.2154446E+01, 0.1058973E+01,
 0.2402000E+01, 0.9471788E+00, 0.2155828E+01, 0.1059280E+01,
 0.2404000E+01, 0.9474536E+00, 0.2157211E+01, 0.1059587E+01,
 0.2406000E+01, 0.9477283E+00, 0.2158597E+01, 0.1059894E+01,
 0.2408000E+01, 0.9480033E+00, 0.2159985E+01, 0.1060202E+01,
 0.2410000E+01, 0.9482783E+00, 0.2161376E+01, 0.1060509E+01,
 0.2412000E+01, 0.9485536E+00, 0.2162769E+01, 0.1060817E+01,
 0.2414000E+01, 0.9488288E+00, 0.2164165E+01, 0.1061125E+01,
 0.2416000E+01, 0.9491043E+00, 0.2165563E+01, 0.1061433E+01,
 0.2418000E+01, 0.9493799E+00, 0.2166964E+01, 0.1061741E+01,
 0.2420000E+01, 0.9496557E+00, 0.2168366E+01, 0.1062050E+01,
 0.2422000E+01, 0.9499315E+00, 0.2169772E+01, 0.1062358E+01,
 0.2424000E+01, 0.9502075E+00, 0.2171180E+01, 0.1062667E+01,
 0.2426000E+01, 0.9504836E+00, 0.2172590E+01, 0.1062976E+01,
 0.2428000E+01, 0.9507599E+00, 0.2174003E+01, 0.1063285E+01,
 0.2430000E+01, 0.9510363E+00, 0.2175418E+01, 0.1063594E+01,
 0.2432000E+01, 0.9513128E+00, 0.2176835E+01, 0.1063903E+01,
 0.2434000E+01, 0.9515895E+00, 0.2178255E+01, 0.1064212E+01,
 0.2436000E+01, 0.9518663E+00, 0.2179678E+01, 0.1064522E+01,
 0.2438000E+01, 0.9521433E+00, 0.2181103E+01, 0.1064832E+01,
 0.2440000E+01, 0.9524205E+00, 0.2182530E+01, 0.1065142E+01,
 0.2442000E+01, 0.9526978E+00, 0.2183960E+01, 0.1065452E+01,
 0.2444000E+01, 0.9529751E+00, 0.2185392E+01, 0.1065762E+01,
 0.2446000E+01, 0.9532526E+00, 0.2186826E+01, 0.1066072E+01,
 0.2448000E+01, 0.9535303E+00, 0.2188263E+01, 0.1066383E+01,
 0.2450000E+01, 0.9538081E+00, 0.2189703E+01, 0.1066694E+01,
 0.2452000E+01, 0.9540861E+00, 0.2191144E+01, 0.1067005E+01,
 0.2454000E+01, 0.9543642E+00, 0.2192589E+01, 0.1067316E+01,
 0.2456000E+01, 0.9546425E+00, 0.2194035E+01, 0.1067627E+01,
 0.2458000E+01, 0.9549209E+00, 0.2195484E+01, 0.1067938E+01,
 0.2460000E+01, 0.9551995E+00, 0.2196936E+01, 0.1068250E+01,
 0.2462000E+01, 0.9554782E+00, 0.2198390E+01, 0.1068561E+01,
 0.2464000E+01, 0.9557570E+00, 0.2199846E+01, 0.1068873E+01,
 0.2466000E+01, 0.9560360E+00, 0.2201305E+01, 0.1069185E+01,
 0.2468000E+01, 0.9563153E+00, 0.2202766E+01, 0.1069498E+01,
 0.2470000E+01, 0.9565946E+00, 0.2204230E+01, 0.1069810E+01,
 0.2472000E+01, 0.9568741E+00, 0.2205695E+01, 0.1070122E+01,
 0.2474000E+01, 0.9571536E+00, 0.2207164E+01, 0.1070435E+01,
 0.2476000E+01, 0.9574335E+00, 0.2208635E+01, 0.1070748E+01,
 0.2478000E+01, 0.9577134E+00, 0.2210108E+01, 0.1071061E+01,
 0.2480000E+01, 0.9579935E+00, 0.2211584E+01, 0.1071374E+01,
 0.2482000E+01, 0.9582738E+00, 0.2213062E+01, 0.1071688E+01,
 0.2484000E+01, 0.9585541E+00, 0.2214542E+01, 0.1072001E+01,
 0.2486000E+01, 0.9588347E+00, 0.2216025E+01, 0.1072315E+01,
 0.2488000E+01, 0.9591154E+00, 0.2217510E+01, 0.1072629E+01,
 0.2490000E+01, 0.9593962E+00, 0.2218998E+01, 0.1072943E+01,
 0.2492000E+01, 0.9596772E+00, 0.2220489E+01, 0.1073257E+01,
 0.2494000E+01, 0.9599583E+00, 0.2221981E+01, 0.1073572E+01,
 0.2496000E+01, 0.9602396E+00, 0.2223476E+01, 0.1073886E+01,
 0.2498000E+01, 0.9605210E+00, 0.2224974E+01, 0.1074201E+01,
 0.2500000E+01, 0.9608027E+00, 0.2226473E+01, 0.1074516E+01,
 0.2502000E+01, 0.9610844E+00, 0.2227976E+01, 0.1074831E+01,
 0.2504000E+01, 0.9613663E+00, 0.2229481E+01, 0.1075146E+01,
 0.2506000E+01, 0.9616483E+00, 0.2230988E+01, 0.1075462E+01,
 0.2508000E+01, 0.9619305E+00, 0.2232497E+01, 0.1075777E+01,
 0.2510000E+01, 0.9622128E+00, 0.2234009E+01, 0.1076093E+01,
 0.2512000E+01, 0.9624953E+00, 0.2235524E+01, 0.1076409E+01,
 0.2514000E+01, 0.9627778E+00, 0.2237040E+01, 0.1076725E+01,
 0.2516000E+01, 0.9630606E+00, 0.2238560E+01, 0.1077041E+01,
 0.2518000E+01, 0.9633434E+00, 0.2240081E+01, 0.1077357E+01,
 0.2520000E+01, 0.9636264E+00, 0.2241606E+01, 0.1077674E+01,
 0.2522000E+01, 0.9639096E+00, 0.2243132E+01, 0.1077991E+01,
 0.2524000E+01, 0.9641927E+00, 0.2244661E+01, 0.1078307E+01,
 0.2526000E+01, 0.9644762E+00, 0.2246192E+01, 0.1078624E+01,
 0.2528000E+01, 0.9647596E+00, 0.2247726E+01, 0.1078941E+01,
 0.2530000E+01, 0.9650434E+00, 0.2249263E+01, 0.1079259E+01,
 0.2532000E+01, 0.9653271E+00, 0.2250801E+01, 0.1079576E+01,
 0.2534000E+01, 0.9656111E+00, 0.2252342E+01, 0.1079894E+01,
 0.2536000E+01, 0.9658951E+00, 0.2253886E+01, 0.1080211E+01,
 0.2538000E+01, 0.9661792E+00, 0.2255432E+01, 0.1080529E+01,
 0.2540000E+01, 0.9664635E+00, 0.2256980E+01, 0.1080847E+01,
 0.2542000E+01, 0.9667479E+00, 0.2258531E+01, 0.1081165E+01,
 0.2544000E+01, 0.9670324E+00, 0.2260084E+01, 0.1081483E+01,
 0.2546000E+01, 0.9673172E+00, 0.2261640E+01, 0.1081802E+01,
 0.2548000E+01, 0.9676020E+00, 0.2263198E+01, 0.1082120E+01,
 0.2550000E+01, 0.9678869E+00, 0.2264759E+01, 0.1082439E+01,
 0.2552000E+01, 0.9681720E+00, 0.2266322E+01, 0.1082757E+01,
 0.2554000E+01, 0.9684571E+00, 0.2267887E+01, 0.1083076E+01,
 0.2556000E+01, 0.9687424E+00, 0.2269455E+01, 0.1083395E+01,
 0.2558000E+01, 0.9690278E+00, 0.2271026E+01, 0.1083715E+01,
 0.2560000E+01, 0.9693134E+00, 0.2272599E+01, 0.1084034E+01,
 0.2562000E+01, 0.9695991E+00, 0.2274174E+01, 0.1084353E+01,
 0.2564000E+01, 0.9698849E+00, 0.2275752E+01, 0.1084673E+01,
 0.2566000E+01, 0.9701709E+00, 0.2277332E+01, 0.1084993E+01,
 0.2568000E+01, 0.9704570E+00, 0.2278914E+01, 0.1085313E+01,
 0.2570000E+01, 0.9707431E+00, 0.2280499E+01, 0.1085633E+01,
 0.2572000E+01, 0.9710295E+00, 0.2282087E+01, 0.1085953E+01,
 0.2574000E+01, 0.9713160E+00, 0.2283677E+01, 0.1086274E+01,
 0.2576000E+01, 0.9716027E+00, 0.2285269E+01, 0.1086594E+01,
 0.2578000E+01, 0.9718894E+00, 0.2286864E+01, 0.1086915E+01,
 0.2580000E+01, 0.9721763E+00, 0.2288461E+01, 0.1087236E+01,
 0.2582000E+01, 0.9724633E+00, 0.2290061E+01, 0.1087557E+01,
 0.2584000E+01, 0.9727505E+00, 0.2291664E+01, 0.1087878E+01,
 0.2586000E+01, 0.9730378E+00, 0.2293268E+01, 0.1088199E+01,
 0.2588000E+01, 0.9733253E+00, 0.2294876E+01, 0.1088521E+01,
 0.2590000E+01, 0.9736128E+00, 0.2296485E+01, 0.1088842E+01,
 0.2592000E+01, 0.9739006E+00, 0.2298098E+01, 0.1089164E+01,
 0.2594000E+01, 0.9741884E+00, 0.2299712E+01, 0.1089486E+01,
 0.2596000E+01, 0.9744765E+00, 0.2301329E+01, 0.1089808E+01,
 0.2598000E+01, 0.9747646E+00, 0.2302949E+01, 0.1090130E+01,
 0.2600000E+01, 0.9750528E+00, 0.2304571E+01, 0.1090453E+01,
 0.2602000E+01, 0.9753413E+00, 0.2306195E+01, 0.1090775E+01,
 0.2604000E+01, 0.9756299E+00, 0.2307822E+01, 0.1091098E+01,
 0.2606000E+01, 0.9759186E+00, 0.2309452E+01, 0.1091421E+01,
 0.2608000E+01, 0.9762075E+00, 0.2311084E+01, 0.1091744E+01,
 0.2610000E+01, 0.9764965E+00, 0.2312718E+01, 0.1092067E+01,
 0.2612000E+01, 0.9767857E+00, 0.2314355E+01, 0.1092391E+01,
 0.2614000E+01, 0.9770749E+00, 0.2315995E+01, 0.1092714E+01,
 0.2616000E+01, 0.9773644E+00, 0.2317637E+01, 0.1093038E+01,
 0.2618000E+01, 0.9776540E+00, 0.2319281E+01, 0.1093362E+01,
 0.2620000E+01, 0.9779437E+00, 0.2320928E+01, 0.1093686E+01,
 0.2622000E+01, 0.9782337E+00, 0.2322577E+01, 0.1094010E+01,
 0.2624000E+01, 0.9785237E+00, 0.2324229E+01, 0.1094334E+01,
 0.2626000E+01, 0.9788139E+00, 0.2325884E+01, 0.1094659E+01,
 0.2628000E+01, 0.9791043E+00, 0.2327541E+01, 0.1094984E+01,
 0.2630000E+01, 0.9793947E+00, 0.2329200E+01, 0.1095309E+01,
 0.2632000E+01, 0.9796854E+00, 0.2330862E+01, 0.1095634E+01,
 0.2634000E+01, 0.9799762E+00, 0.2332527E+01, 0.1095959E+01,
 0.2636000E+01, 0.9802672E+00, 0.2334194E+01, 0.1096284E+01,
 0.2638000E+01, 0.9805583E+00, 0.2335863E+01, 0.1096610E+01,
 0.2640000E+01, 0.9808497E+00, 0.2337535E+01, 0.1096936E+01,
 0.2642000E+01, 0.9811411E+00, 0.2339210E+01, 0.1097262E+01,
 0.2644000E+01, 0.9814327E+00, 0.2340887E+01, 0.1097588E+01,
 0.2646000E+01, 0.9817244E+00, 0.2342566E+01, 0.1097914E+01,
 0.2648000E+01, 0.9820163E+00, 0.2344249E+01, 0.1098240E+01,
 0.2650000E+01, 0.9823084E+00, 0.2345933E+01, 0.1098567E+01,
 0.2652000E+01, 0.9826006E+00, 0.2347620E+01, 0.1098894E+01,
 0.2654000E+01, 0.9828930E+00, 0.2349310E+01, 0.1099221E+01,
 0.2656000E+01, 0.9831856E+00, 0.2351002E+01, 0.1099548E+01,
 0.2658000E+01, 0.9834784E+00, 0.2352697E+01, 0.1099876E+01,
 0.2660000E+01, 0.9837713E+00, 0.2354395E+01, 0.1100203E+01,
 0.2662000E+01, 0.9840643E+00, 0.2356095E+01, 0.1100531E+01,
 0.2664000E+01, 0.9843576E+00, 0.2357797E+01, 0.1100859E+01,
 0.2666000E+01, 0.9846510E+00, 0.2359502E+01, 0.1101187E+01,
 0.2668000E+01, 0.9849445E+00, 0.2361210E+01, 0.1101515E+01,
 0.2670000E+01, 0.9852383E+00, 0.2362920E+01, 0.1101844E+01,
 0.2672000E+01, 0.9855322E+00, 0.2364633E+01, 0.1102172E+01,
 0.2674000E+01, 0.9858263E+00, 0.2366348E+01, 0.1102501E+01,
 0.2676000E+01, 0.9861206E+00, 0.2368066E+01, 0.1102830E+01,
 0.2678000E+01, 0.9864150E+00, 0.2369786E+01, 0.1103160E+01,
 0.2680000E+01, 0.9867095E+00, 0.2371509E+01, 0.1103489E+01,
 0.2682000E+01, 0.9870044E+00, 0.2373235E+01, 0.1103819E+01,
 0.2684000E+01, 0.9872993E+00, 0.2374963E+01, 0.1104149E+01,
 0.2686000E+01, 0.9875945E+00, 0.2376694E+01, 0.1104479E+01,
 0.2688000E+01, 0.9878898E+00, 0.2378427E+01, 0.1104809E+01,
 0.2690000E+01, 0.9881853E+00, 0.2380163E+01, 0.1105139E+01,
 0.2692000E+01, 0.9884809E+00, 0.2381901E+01, 0.1105470E+01,
 0.2694000E+01, 0.9887768E+00, 0.2383642E+01, 0.1105801E+01,
 0.2696000E+01, 0.9890729E+00, 0.2385386E+01, 0.1106132E+01,
 0.2698000E+01, 0.9893691E+00, 0.2387132E+01, 0.1106463E+01,
 0.2700000E+01, 0.9896654E+00, 0.2388881E+01, 0.1106795E+01,
 0.2702000E+01, 0.9899621E+00, 0.2390633E+01, 0.1107127E+01,
 0.2704000E+01, 0.9902589E+00, 0.2392387E+01, 0.1107458E+01,
 0.2706000E+01, 0.9905558E+00, 0.2394144E+01, 0.1107791E+01,
 0.2708000E+01, 0.9908530E+00, 0.2395903E+01, 0.1108123E+01,
 0.2710000E+01, 0.9911504E+00, 0.2397665E+01, 0.1108455E+01,
 0.2712000E+01, 0.9914479E+00, 0.2399430E+01, 0.1108788E+01,
 0.2714000E+01, 0.9917457E+00, 0.2401197E+01, 0.1109121E+01,
 0.2716000E+01, 0.9920435E+00, 0.2402967E+01, 0.1109454E+01,
 0.2718000E+01, 0.9923416E+00, 0.2404739E+01, 0.1109788E+01,
 0.2720000E+01, 0.9926399E+00, 0.2406514E+01, 0.1110121E+01,
 0.2722000E+01, 0.9929385E+00, 0.2408292E+01, 0.1110455E+01,
 0.2724000E+01, 0.9932372E+00, 0.2410073E+01, 0.1110789E+01,
 0.2726000E+01, 0.9935361E+00, 0.2411856E+01, 0.1111123E+01,
 0.2728000E+01, 0.9938352E+00, 0.2413641E+01, 0.1111458E+01,
 0.2730000E+01, 0.9941344E+00, 0.2415430E+01, 0.1111793E+01,
 0.2732000E+01, 0.9944339E+00, 0.2417221E+01, 0.1112128E+01,
 0.2734000E+01, 0.9947336E+00, 0.2419015E+01, 0.1112463E+01,
 0.2736000E+01, 0.9950335E+00, 0.2420811E+01, 0.1112798E+01,
 0.2738000E+01, 0.9953336E+00, 0.2422610E+01, 0.1113134E+01,
 0.2740000E+01, 0.9956338E+00, 0.2424412E+01, 0.1113470E+01,
 0.2742000E+01, 0.9959344E+00, 0.2426216E+01, 0.1113806E+01,
 0.2744000E+01, 0.9962351E+00, 0.2428023E+01, 0.1114142E+01,
 0.2746000E+01, 0.9965359E+00, 0.2429833E+01, 0.1114478E+01,
 0.2748000E+01, 0.9968371E+00, 0.2431646E+01, 0.1114815E+01,
 0.2750000E+01, 0.9971384E+00, 0.2433461E+01, 0.1115152E+01,
 0.2752000E+01, 0.9974400E+00, 0.2435278E+01, 0.1115489E+01,
 0.2754000E+01, 0.9977416E+00, 0.2437099E+01, 0.1115827E+01,
 0.2756000E+01, 0.9980435E+00, 0.2438922E+01, 0.1116164E+01,
 0.2758000E+01, 0.9983457E+00, 0.2440748E+01, 0.1116502E+01,
 0.2760000E+01, 0.9986480E+00, 0.2442577E+01, 0.1116840E+01,
 0.2762000E+01, 0.9989507E+00, 0.2444408E+01, 0.1117179E+01,
 0.2764000E+01, 0.9992535E+00, 0.2446243E+01, 0.1117518E+01,
 0.2766000E+01, 0.9995564E+00, 0.2448079E+01, 0.1117856E+01,
 0.2768000E+01, 0.9998596E+00, 0.2449919E+01, 0.1118196E+01,
 0.2770000E+01, 0.1000163E+01, 0.2451761E+01, 0.1118535E+01,
 0.2772000E+01, 0.1000467E+01, 0.2453606E+01, 0.1118874E+01,
 0.2774000E+01, 0.1000771E+01, 0.2455454E+01, 0.1119214E+01,
 0.2776000E+01, 0.1001075E+01, 0.2457304E+01, 0.1119554E+01,
 0.2778000E+01, 0.1001379E+01, 0.2459158E+01, 0.1119895E+01,
 0.2780000E+01, 0.1001683E+01, 0.2461014E+01, 0.1120235E+01,
 0.2782000E+01, 0.1001988E+01, 0.2462873E+01, 0.1120576E+01,
 0.2784000E+01, 0.1002293E+01, 0.2464734E+01, 0.1120917E+01,
 0.2786000E+01, 0.1002598E+01, 0.2466599E+01, 0.1121258E+01,
 0.2788000E+01, 0.1002904E+01, 0.2468466E+01, 0.1121600E+01,
 0.2790000E+01, 0.1003209E+01, 0.2470335E+01, 0.1121941E+01,
 0.2792000E+01, 0.1003515E+01, 0.2472208E+01, 0.1122283E+01,
 0.2794000E+01, 0.1003821E+01, 0.2474083E+01, 0.1122626E+01,
 0.2796000E+01, 0.1004127E+01, 0.2475961E+01, 0.1122968E+01,
 0.2798000E+01, 0.1004434E+01, 0.2477843E+01, 0.1123311E+01,
 0.2800000E+01, 0.1004740E+01, 0.2479726E+01, 0.1123654E+01,
 0.2802000E+01, 0.1005047E+01, 0.2481613E+01, 0.1123997E+01,
 0.2804000E+01, 0.1005354E+01, 0.2483502E+01, 0.1124340E+01,
 0.2806000E+01, 0.1005661E+01, 0.2485394E+01, 0.1124684E+01,
 0.2808000E+01, 0.1005969E+01, 0.2487289E+01, 0.1125028E+01,
 0.2810000E+01, 0.1006277E+01, 0.2489187E+01, 0.1125372E+01,
 0.2812000E+01, 0.1006585E+01, 0.2491088E+01, 0.1125717E+01,
 0.2814000E+01, 0.1006893E+01, 0.2492991E+01, 0.1126061E+01,
 0.2816000E+01, 0.1007201E+01, 0.2494898E+01, 0.1126406E+01,
 0.2818000E+01, 0.1007510E+01, 0.2496807E+01, 0.1126751E+01,
 0.2820000E+01, 0.1007819E+01, 0.2498719E+01, 0.1127097E+01,
 0.2822000E+01, 0.1008128E+01, 0.2500633E+01, 0.1127442E+01,
 0.2824000E+01, 0.1008437E+01, 0.2502551E+01, 0.1127788E+01,
 0.2826000E+01, 0.1008747E+01, 0.2504471E+01, 0.1128134E+01,
 0.2828000E+01, 0.1009056E+01, 0.2506395E+01, 0.1128480E+01,
 0.2830000E+01, 0.1009366E+01, 0.2508321E+01, 0.1128827E+01,
 0.2832000E+01, 0.1009676E+01, 0.2510250E+01, 0.1129174E+01,
 0.2834000E+01, 0.1009987E+01, 0.2512182E+01, 0.1129521E+01,
 0.2836000E+01, 0.1010297E+01, 0.2514117E+01, 0.1129868E+01,
 0.2838000E+01, 0.1010608E+01, 0.2516054E+01, 0.1130216E+01,
 0.2840000E+01, 0.1010919E+01, 0.2517995E+01, 0.1130564E+01,
 0.2842000E+01, 0.1011230E+01, 0.2519938E+01, 0.1130912E+01,
 0.2844000E+01, 0.1011542E+01, 0.2521884E+01, 0.1131260E+01,
 0.2846000E+01, 0.1011853E+01, 0.2523834E+01, 0.1131608E+01,
 0.2848000E+01, 0.1012165E+01, 0.2525786E+01, 0.1131957E+01,
 0.2850000E+01, 0.1012477E+01, 0.2527741E+01, 0.1132306E+01,
 0.2852000E+01, 0.1012790E+01, 0.2529699E+01, 0.1132656E+01,
 0.2854000E+01, 0.1013102E+01, 0.2531660E+01, 0.1133005E+01,
 0.2856000E+01, 0.1013415E+01, 0.2533623E+01, 0.1133355E+01,
 0.2858000E+01, 0.1013728E+01, 0.2535590E+01, 0.1133705E+01,
 0.2860000E+01, 0.1014041E+01, 0.2537560E+01, 0.1134056E+01,
 0.2862000E+01, 0.1014355E+01, 0.2539532E+01, 0.1134406E+01,
 0.2864000E+01, 0.1014669E+01, 0.2541507E+01, 0.1134757E+01,
 0.2866000E+01, 0.1014983E+01, 0.2543486E+01, 0.1135108E+01,
 0.2868000E+01, 0.1015297E+01, 0.2545467E+01, 0.1135460E+01,
 0.2870000E+01, 0.1015611E+01, 0.2547452E+01, 0.1135811E+01,
 0.2872000E+01, 0.1015926E+01, 0.2549439E+01, 0.1136163E+01,
 0.2874000E+01, 0.1016241E+01, 0.2551429E+01, 0.1136515E+01,
 0.2876000E+01, 0.1016556E+01, 0.2553422E+01, 0.1136868E+01,
 0.2878000E+01, 0.1016871E+01, 0.2555418E+01, 0.1137220E+01,
 0.2880000E+01, 0.1017187E+01, 0.2557418E+01, 0.1137573E+01,
 0.2882000E+01, 0.1017503E+01, 0.2559420E+01, 0.1137926E+01,
 0.2884000E+01, 0.1017819E+01, 0.2561425E+01, 0.1138280E+01,
 0.2886000E+01, 0.1018135E+01, 0.2563433E+01, 0.1138634E+01,
 0.2888000E+01, 0.1018451E+01, 0.2565444E+01, 0.1138988E+01,
 0.2890000E+01, 0.1018768E+01, 0.2567458E+01, 0.1139342E+01,
 0.2892000E+01, 0.1019085E+01, 0.2569475E+01, 0.1139696E+01,
 0.2894000E+01, 0.1019402E+01, 0.2571496E+01, 0.1140051E+01,
 0.2896000E+01, 0.1019720E+01, 0.2573519E+01, 0.1140406E+01,
 0.2898000E+01, 0.1020038E+01, 0.2575545E+01, 0.1140761E+01,
 0.2900000E+01, 0.1020355E+01, 0.2577574E+01, 0.1141117E+01,
 0.2902000E+01, 0.1020674E+01, 0.2579606E+01, 0.1141473E+01,
 0.2904000E+01, 0.1020992E+01, 0.2581641E+01, 0.1141829E+01,
 0.2906000E+01, 0.1021311E+01, 0.2583680E+01, 0.1142185E+01,
 0.2908000E+01, 0.1021630E+01, 0.2585721E+01, 0.1142542E+01,
 0.2910000E+01, 0.1021949E+01, 0.2587765E+01, 0.1142899E+01,
 0.2912000E+01, 0.1022268E+01, 0.2589813E+01, 0.1143256E+01,
 0.2914000E+01, 0.1022588E+01, 0.2591863E+01, 0.1143614E+01,
 0.2916000E+01, 0.1022908E+01, 0.2593917E+01, 0.1143971E+01,
 0.2918000E+01, 0.1023228E+01, 0.2595973E+01, 0.1144329E+01,
 0.2920000E+01, 0.1023548E+01, 0.2598033E+01, 0.1144688E+01,
 0.2922000E+01, 0.1023869E+01, 0.2600096E+01, 0.1145046E+01,
 0.2924000E+01, 0.1024190E+01, 0.2602162E+01, 0.1145405E+01,
 0.2926000E+01, 0.1024511E+01, 0.2604230E+01, 0.1145764E+01,
 0.2928000E+01, 0.1024832E+01, 0.2606303E+01, 0.1146123E+01,
 0.2930000E+01, 0.1025154E+01, 0.2608378E+01, 0.1146483E+01,
 0.2932000E+01, 0.1025475E+01, 0.2610456E+01, 0.1146843E+01,
 0.2934000E+01, 0.1025797E+01, 0.2612537E+01, 0.1147203E+01,
 0.2936000E+01, 0.1026120E+01, 0.2614622E+01, 0.1147563E+01,
 0.2938000E+01, 0.1026442E+01, 0.2616709E+01, 0.1147924E+01,
 0.2940000E+01, 0.1026765E+01, 0.2618800E+01, 0.1148285E+01,
 0.2942000E+01, 0.1027088E+01, 0.2620894E+01, 0.1148647E+01,
 0.2944000E+01, 0.1027411E+01, 0.2622991E+01, 0.1149008E+01,
 0.2946000E+01, 0.1027735E+01, 0.2625091E+01, 0.1149370E+01,
 0.2948000E+01, 0.1028059E+01, 0.2627195E+01, 0.1149732E+01,
 0.2950000E+01, 0.1028383E+01, 0.2629301E+01, 0.1150095E+01,
 0.2952000E+01, 0.1028707E+01, 0.2631411E+01, 0.1150457E+01,
 0.2954000E+01, 0.1029032E+01, 0.2633523E+01, 0.1150820E+01,
 0.2956000E+01, 0.1029356E+01, 0.2635639E+01, 0.1151183E+01,
 0.2958000E+01, 0.1029682E+01, 0.2637759E+01, 0.1151547E+01,
 0.2960000E+01, 0.1030007E+01, 0.2639881E+01, 0.1151911E+01,
 0.2962000E+01, 0.1030332E+01, 0.2642007E+01, 0.1152275E+01,
 0.2964000E+01, 0.1030658E+01, 0.2644135E+01, 0.1152639E+01,
 0.2966000E+01, 0.1030984E+01, 0.2646267E+01, 0.1153004E+01,
 0.2968000E+01, 0.1031311E+01, 0.2648402E+01, 0.1153369E+01,
 0.2970000E+01, 0.1031637E+01, 0.2650541E+01, 0.1153734E+01,
 0.2972000E+01, 0.1031964E+01, 0.2652682E+01, 0.1154099E+01,
 0.2974000E+01, 0.1032291E+01, 0.2654827E+01, 0.1154465E+01,
 0.2976000E+01, 0.1032618E+01, 0.2656975E+01, 0.1154831E+01,
 0.2978000E+01, 0.1032946E+01, 0.2659126E+01, 0.1155198E+01,
 0.2980000E+01, 0.1033274E+01, 0.2661281E+01, 0.1155564E+01,
 0.2982000E+01, 0.1033602E+01, 0.2663439E+01, 0.1155931E+01,
 0.2984000E+01, 0.1033930E+01, 0.2665600E+01, 0.1156299E+01,
 0.2986000E+01, 0.1034259E+01, 0.2667764E+01, 0.1156666E+01,
 0.2988000E+01, 0.1034588E+01, 0.2669931E+01, 0.1157034E+01,
 0.2990000E+01, 0.1034917E+01, 0.2672102E+01, 0.1157402E+01,
 0.2992000E+01, 0.1035246E+01, 0.2674276E+01, 0.1157771E+01,
 0.2994000E+01, 0.1035576E+01, 0.2676453E+01, 0.1158139E+01,
 0.2996000E+01, 0.1035906E+01, 0.2678634E+01, 0.1158508E+01,
 0.2998000E+01, 0.1036236E+01, 0.2680818E+01, 0.1158877E+01,
 0.3000000E+01, 0.1036567E+01, 0.2683005E+01, 0.1159247E+01,
 0.3002000E+01, 0.1036898E+01, 0.2685196E+01, 0.1159617E+01,
 0.3004000E+01, 0.1037229E+01, 0.2687390E+01, 0.1159987E+01,
 0.3006000E+01, 0.1037560E+01, 0.2689587E+01, 0.1160357E+01,
 0.3008000E+01, 0.1037891E+01, 0.2691787E+01, 0.1160728E+01,
 0.3010000E+01, 0.1038223E+01, 0.2693991E+01, 0.1161099E+01,
 0.3012000E+01, 0.1038555E+01, 0.2696198E+01, 0.1161471E+01,
 0.3014000E+01, 0.1038888E+01, 0.2698408E+01, 0.1161842E+01,
 0.3016000E+01, 0.1039220E+01, 0.2700622E+01, 0.1162214E+01,
 0.3018000E+01, 0.1039553E+01, 0.2702839E+01, 0.1162587E+01,
 0.3020000E+01, 0.1039886E+01, 0.2705060E+01, 0.1162959E+01,
 0.3022000E+01, 0.1040220E+01, 0.2707284E+01, 0.1163332E+01,
 0.3024000E+01, 0.1040553E+01, 0.2709511E+01, 0.1163705E+01,
 0.3026000E+01, 0.1040887E+01, 0.2711742E+01, 0.1164079E+01,
 0.3028000E+01, 0.1041221E+01, 0.2713976E+01, 0.1164452E+01,
 0.3030000E+01, 0.1041556E+01, 0.2716213E+01, 0.1164827E+01,
 0.3032000E+01, 0.1041891E+01, 0.2718454E+01, 0.1165201E+01,
 0.3034000E+01, 0.1042226E+01, 0.2720698E+01, 0.1165576E+01,
 0.3036000E+01, 0.1042561E+01, 0.2722945E+01, 0.1165951E+01,
 0.3038000E+01, 0.1042897E+01, 0.2725196E+01, 0.1166326E+01,
 0.3040000E+01, 0.1043232E+01, 0.2727451E+01, 0.1166702E+01,
 0.3042000E+01, 0.1043569E+01, 0.2729709E+01, 0.1167078E+01,
 0.3044000E+01, 0.1043905E+01, 0.2731970E+01, 0.1167454E+01,
 0.3046000E+01, 0.1044242E+01, 0.2734235E+01, 0.1167830E+01,
 0.3048000E+01, 0.1044579E+01, 0.2736503E+01, 0.1168207E+01,
 0.3050000E+01, 0.1044916E+01, 0.2738774E+01, 0.1168584E+01,
 0.3052000E+01, 0.1045253E+01, 0.2741049E+01, 0.1168962E+01,
 0.3054000E+01, 0.1045591E+01, 0.2743328E+01, 0.1169340E+01,
 0.3056000E+01, 0.1045929E+01, 0.2745610E+01, 0.1169718E+01,
 0.3058000E+01, 0.1046268E+01, 0.2747895E+01, 0.1170096E+01,
 0.3060000E+01, 0.1046606E+01, 0.2750184E+01, 0.1170475E+01,
 0.3062000E+01, 0.1046945E+01, 0.2752476E+01, 0.1170854E+01,
 0.3064000E+01, 0.1047284E+01, 0.2754772E+01, 0.1171233E+01,
 0.3066000E+01, 0.1047624E+01, 0.2757072E+01, 0.1171613E+01,
 0.3068000E+01, 0.1047964E+01, 0.2759374E+01, 0.1171993E+01,
 0.3070000E+01, 0.1048304E+01, 0.2761681E+01, 0.1172373E+01,
 0.3072000E+01, 0.1048644E+01, 0.2763991E+01, 0.1172754E+01,
 0.3074000E+01, 0.1048985E+01, 0.2766304E+01, 0.1173135E+01,
 0.3076000E+01, 0.1049326E+01, 0.2768621E+01, 0.1173516E+01,
 0.3078000E+01, 0.1049667E+01, 0.2770942E+01, 0.1173898E+01,
 0.3080000E+01, 0.1050008E+01, 0.2773266E+01, 0.1174279E+01,
 0.3082000E+01, 0.1050350E+01, 0.2775593E+01, 0.1174662E+01,
 0.3084000E+01, 0.1050692E+01, 0.2777924E+01, 0.1175044E+01,
 0.3086000E+01, 0.1051034E+01, 0.2780259E+01, 0.1175427E+01,
 0.3088000E+01, 0.1051377E+01, 0.2782597E+01, 0.1175810E+01,
 0.3090000E+01, 0.1051720E+01, 0.2784939E+01, 0.1176194E+01,
 0.3092000E+01, 0.1052063E+01, 0.2787284E+01, 0.1176577E+01,
 0.3094000E+01, 0.1052407E+01, 0.2789633E+01, 0.1176962E+01,
 0.3096000E+01, 0.1052750E+01, 0.2791986E+01, 0.1177346E+01,
 0.3098000E+01, 0.1053095E+01, 0.2794342E+01, 0.1177731E+01,
 0.3100000E+01, 0.1053439E+01, 0.2796702E+01, 0.1178116E+01,
 0.3102000E+01, 0.1053784E+01, 0.2799065E+01, 0.1178501E+01,
 0.3104000E+01, 0.1054129E+01, 0.2801432E+01, 0.1178887E+01,
 0.3106000E+01, 0.1054474E+01, 0.2803803E+01, 0.1179273E+01,
 0.3108000E+01, 0.1054819E+01, 0.2806177E+01, 0.1179660E+01,
 0.3110000E+01, 0.1055165E+01, 0.2808555E+01, 0.1180046E+01,
 0.3112000E+01, 0.1055511E+01, 0.2810936E+01, 0.1180434E+01,
 0.3114000E+01, 0.1055858E+01, 0.2813322E+01, 0.1180821E+01,
 0.3116000E+01, 0.1056204E+01, 0.2815710E+01, 0.1181209E+01,
 0.3118000E+01, 0.1056551E+01, 0.2818103E+01, 0.1181597E+01,
 0.3120000E+01, 0.1056899E+01, 0.2820499E+01, 0.1181985E+01,
 0.3122000E+01, 0.1057246E+01, 0.2822899E+01, 0.1182374E+01,
 0.3124000E+01, 0.1057594E+01, 0.2825302E+01, 0.1182763E+01,
 0.3126000E+01, 0.1057942E+01, 0.2827709E+01, 0.1183152E+01,
 0.3128000E+01, 0.1058291E+01, 0.2830120E+01, 0.1183542E+01,
 0.3130000E+01, 0.1058640E+01, 0.2832535E+01, 0.1183932E+01,
 0.3132000E+01, 0.1058989E+01, 0.2834953E+01, 0.1184322E+01,
 0.3134000E+01, 0.1059338E+01, 0.2837375E+01, 0.1184713E+01,
 0.3136000E+01, 0.1059687E+01, 0.2839801E+01, 0.1185104E+01,
 0.3138000E+01, 0.1060037E+01, 0.2842230E+01, 0.1185495E+01,
 0.3140000E+01, 0.1060388E+01, 0.2844663E+01, 0.1185887E+01,
 0.3142000E+01, 0.1060738E+01, 0.2847100E+01, 0.1186279E+01,
 0.3144000E+01, 0.1061089E+01, 0.2849541E+01, 0.1186672E+01,
 0.3146000E+01, 0.1061440E+01, 0.2851985E+01, 0.1187064E+01,
 0.3148000E+01, 0.1061792E+01, 0.2854433E+01, 0.1187457E+01,
 0.3150000E+01, 0.1062143E+01, 0.2856885E+01, 0.1187851E+01,
 0.3152000E+01, 0.1062496E+01, 0.2859341E+01, 0.1188245E+01,
 0.3154000E+01, 0.1062848E+01, 0.2861800E+01, 0.1188639E+01,
 0.3156000E+01, 0.1063201E+01, 0.2864264E+01, 0.1189033E+01,
 0.3158000E+01, 0.1063554E+01, 0.2866731E+01, 0.1189428E+01,
 0.3160000E+01, 0.1063907E+01, 0.2869201E+01, 0.1189823E+01,
 0.3162000E+01, 0.1064260E+01, 0.2871676E+01, 0.1190218E+01,
 0.3164000E+01, 0.1064614E+01, 0.2874155E+01, 0.1190614E+01,
 0.3166000E+01, 0.1064969E+01, 0.2876637E+01, 0.1191010E+01,
 0.3168000E+01, 0.1065323E+01, 0.2879123E+01, 0.1191407E+01,
 0.3170000E+01, 0.1065678E+01, 0.2881613E+01, 0.1191803E+01,
 0.3172000E+01, 0.1066033E+01, 0.2884107E+01, 0.1192201E+01,
 0.3174000E+01, 0.1066388E+01, 0.2886604E+01, 0.1192598E+01,
 0.3176000E+01, 0.1066744E+01, 0.2889106E+01, 0.1192996E+01,
 0.3178000E+01, 0.1067100E+01, 0.2891611E+01, 0.1193394E+01,
 0.3180000E+01, 0.1067457E+01, 0.2894120E+01, 0.1193793E+01,
 0.3182000E+01, 0.1067813E+01, 0.2896633E+01, 0.1194192E+01,
 0.3184000E+01, 0.1068170E+01, 0.2899150E+01, 0.1194591E+01,
 0.3186000E+01, 0.1068528E+01, 0.2901671E+01, 0.1194990E+01,
 0.3188000E+01, 0.1068885E+01, 0.2904196E+01, 0.1195390E+01,
 0.3190000E+01, 0.1069243E+01, 0.2906725E+01, 0.1195791E+01,
 0.3192000E+01, 0.1069601E+01, 0.2909257E+01, 0.1196191E+01,
 0.3194000E+01, 0.1069960E+01, 0.2911794E+01, 0.1196592E+01,
 0.3196000E+01, 0.1070319E+01, 0.2914334E+01, 0.1196994E+01,
 0.3198000E+01, 0.1070678E+01, 0.2916878E+01, 0.1197395E+01,
 0.3200000E+01, 0.1071038E+01, 0.2919426E+01, 0.1197797E+01,
 0.3202000E+01, 0.1071397E+01, 0.2921979E+01, 0.1198200E+01,
 0.3204000E+01, 0.1071757E+01, 0.2924535E+01, 0.1198603E+01,
 0.3206000E+01, 0.1072118E+01, 0.2927095E+01, 0.1199006E+01,
 0.3208000E+01, 0.1072479E+01, 0.2929659E+01, 0.1199409E+01,
 0.3210000E+01, 0.1072840E+01, 0.2932227E+01, 0.1199813E+01,
 0.3212000E+01, 0.1073201E+01, 0.2934799E+01, 0.1200217E+01,
 0.3214000E+01, 0.1073563E+01, 0.2937375E+01, 0.1200622E+01,
 0.3216000E+01, 0.1073925E+01, 0.2939955E+01, 0.1201027E+01,
 0.3218000E+01, 0.1074287E+01, 0.2942539E+01, 0.1201432E+01,
 0.3220000E+01, 0.1074650E+01, 0.2945127E+01, 0.1201838E+01,
 0.3222000E+01, 0.1075013E+01, 0.2947719E+01, 0.1202243E+01,
 0.3224000E+01, 0.1075377E+01, 0.2950315E+01, 0.1202650E+01,
 0.3226000E+01, 0.1075740E+01, 0.2952916E+01, 0.1203057E+01,
 0.3228000E+01, 0.1076104E+01, 0.2955520E+01, 0.1203464E+01,
 0.3230000E+01, 0.1076468E+01, 0.2958128E+01, 0.1203871E+01,
 0.3232000E+01, 0.1076833E+01, 0.2960740E+01, 0.1204279E+01,
 0.3234000E+01, 0.1077198E+01, 0.2963357E+01, 0.1204687E+01,
 0.3236000E+01, 0.1077563E+01, 0.2965977E+01, 0.1205095E+01,
 0.3238000E+01, 0.1077929E+01, 0.2968601E+01, 0.1205504E+01,
 0.3240000E+01, 0.1078295E+01, 0.2971230E+01, 0.1205914E+01,
 0.3242000E+01, 0.1078661E+01, 0.2973863E+01, 0.1206323E+01,
 0.3244000E+01, 0.1079028E+01, 0.2976499E+01, 0.1206733E+01,
 0.3246000E+01, 0.1079395E+01, 0.2979140E+01, 0.1207144E+01,
 0.3248000E+01, 0.1079762E+01, 0.2981785E+01, 0.1207554E+01,
 0.3250000E+01, 0.1080129E+01, 0.2984434E+01, 0.1207965E+01,
 0.3252000E+01, 0.1080497E+01, 0.2987087E+01, 0.1208377E+01,
 0.3254000E+01, 0.1080866E+01, 0.2989745E+01, 0.1208789E+01,
 0.3256000E+01, 0.1081234E+01, 0.2992406E+01, 0.1209201E+01,
 0.3258000E+01, 0.1081603E+01, 0.2995072E+01, 0.1209613E+01,
 0.3260000E+01, 0.1081972E+01, 0.2997742E+01, 0.1210026E+01,
 0.3262000E+01, 0.1082342E+01, 0.3000416E+01, 0.1210440E+01,
 0.3264000E+01, 0.1082712E+01, 0.3003094E+01, 0.1210853E+01,
 0.3266000E+01, 0.1083082E+01, 0.3005776E+01, 0.1211267E+01,
 0.3268000E+01, 0.1083453E+01, 0.3008463E+01, 0.1211682E+01,
 0.3270000E+01, 0.1083823E+01, 0.3011154E+01, 0.1212097E+01,
 0.3272000E+01, 0.1084195E+01, 0.3013849E+01, 0.1212512E+01,
 0.3274000E+01, 0.1084566E+01, 0.3016548E+01, 0.1212927E+01,
 0.3276000E+01, 0.1084938E+01, 0.3019251E+01, 0.1213343E+01,
 0.3278000E+01, 0.1085310E+01, 0.3021959E+01, 0.1213760E+01,
 0.3280000E+01, 0.1085683E+01, 0.3024671E+01, 0.1214176E+01,
 0.3282000E+01, 0.1086056E+01, 0.3027387E+01, 0.1214593E+01,
 0.3284000E+01, 0.1086429E+01, 0.3030107E+01, 0.1215011E+01,
 0.3286000E+01, 0.1086803E+01, 0.3032832E+01, 0.1215428E+01,
 0.3288000E+01, 0.1087177E+01, 0.3035560E+01, 0.1215847E+01,
 0.3290000E+01, 0.1087551E+01, 0.3038294E+01, 0.1216265E+01,
 0.3292000E+01, 0.1087926E+01, 0.3041031E+01, 0.1216684E+01,
 0.3294000E+01, 0.1088301E+01, 0.3043773E+01, 0.1217104E+01,
 0.3296000E+01, 0.1088676E+01, 0.3046519E+01, 0.1217523E+01,
 0.3298000E+01, 0.1089051E+01, 0.3049269E+01, 0.1217943E+01,
 0.3300000E+01, 0.1089427E+01, 0.3052024E+01, 0.1218364E+01,
 0.3302000E+01, 0.1089804E+01, 0.3054783E+01, 0.1218785E+01,
 0.3304000E+01, 0.1090180E+01, 0.3057546E+01, 0.1219206E+01,
 0.3306000E+01, 0.1090557E+01, 0.3060314E+01, 0.1219628E+01,
 0.3308000E+01, 0.1090935E+01, 0.3063086E+01, 0.1220050E+01,
 0.3310000E+01, 0.1091313E+01, 0.3065862E+01, 0.1220472E+01,
 0.3312000E+01, 0.1091691E+01, 0.3068643E+01, 0.1220895E+01,
 0.3314000E+01, 0.1092069E+01, 0.3071428E+01, 0.1221318E+01,
 0.3316000E+01, 0.1092448E+01, 0.3074218E+01, 0.1221742E+01,
 0.3318000E+01, 0.1092827E+01, 0.3077012E+01, 0.1222166E+01,
 0.3320000E+01, 0.1093206E+01, 0.3079810E+01, 0.1222590E+01,
 0.3322000E+01, 0.1093586E+01, 0.3082613E+01, 0.1223015E+01,
 0.3324000E+01, 0.1093966E+01, 0.3085420E+01, 0.1223440E+01,
 0.3326000E+01, 0.1094347E+01, 0.3088231E+01, 0.1223865E+01,
 0.3328000E+01, 0.1094728E+01, 0.3091047E+01, 0.1224291E+01,
 0.3330000E+01, 0.1095109E+01, 0.3093868E+01, 0.1224718E+01,
 0.3332000E+01, 0.1095490E+01, 0.3096693E+01, 0.1225144E+01,
 0.3334000E+01, 0.1095872E+01, 0.3099522E+01, 0.1225571E+01,
 0.3336000E+01, 0.1096254E+01, 0.3102355E+01, 0.1225999E+01,
 0.3338000E+01, 0.1096637E+01, 0.3105194E+01, 0.1226427E+01,
 0.3340000E+01, 0.1097020E+01, 0.3108037E+01, 0.1226855E+01,
 0.3342000E+01, 0.1097403E+01, 0.3110884E+01, 0.1227284E+01,
 0.3344000E+01, 0.1097787E+01, 0.3113735E+01, 0.1227713E+01,
 0.3346000E+01, 0.1098171E+01, 0.3116592E+01, 0.1228142E+01,
 0.3348000E+01, 0.1098556E+01, 0.3119452E+01, 0.1228572E+01,
 0.3350000E+01, 0.1098940E+01, 0.3122318E+01, 0.1229002E+01,
 0.3352000E+01, 0.1099325E+01, 0.3125187E+01, 0.1229433E+01,
 0.3354000E+01, 0.1099711E+01, 0.3128062E+01, 0.1229864E+01,
 0.3356000E+01, 0.1100097E+01, 0.3130941E+01, 0.1230296E+01,
 0.3358000E+01, 0.1100483E+01, 0.3133824E+01, 0.1230728E+01,
 0.3360000E+01, 0.1100869E+01, 0.3136712E+01, 0.1231160E+01,
 0.3362000E+01, 0.1101256E+01, 0.3139605E+01, 0.1231593E+01,
 0.3364000E+01, 0.1101643E+01, 0.3142502E+01, 0.1232026E+01,
 0.3366000E+01, 0.1102031E+01, 0.3145403E+01, 0.1232459E+01,
 0.3368000E+01, 0.1102419E+01, 0.3148309E+01, 0.1232893E+01,
 0.3370000E+01, 0.1102808E+01, 0.3151221E+01, 0.1233328E+01,
 0.3372000E+01, 0.1103196E+01, 0.3154136E+01, 0.1233762E+01,
 0.3374000E+01, 0.1103585E+01, 0.3157056E+01, 0.1234197E+01,
 0.3376000E+01, 0.1103975E+01, 0.3159981E+01, 0.1234633E+01,
 0.3378000E+01, 0.1104365E+01, 0.3162910E+01, 0.1235069E+01,
 0.3380000E+01, 0.1104755E+01, 0.3165844E+01, 0.1235505E+01,
 0.3382000E+01, 0.1105145E+01, 0.3168783E+01, 0.1235942E+01,
 0.3384000E+01, 0.1105536E+01, 0.3171727E+01, 0.1236379E+01,
 0.3386000E+01, 0.1105928E+01, 0.3174675E+01, 0.1236817E+01,
 0.3388000E+01, 0.1106319E+01, 0.3177627E+01, 0.1237255E+01,
 0.3390000E+01, 0.1106711E+01, 0.3180585E+01, 0.1237693E+01,
 0.3392000E+01, 0.1107104E+01, 0.3183547E+01, 0.1238132E+01,
 0.3394000E+01, 0.1107496E+01, 0.3186514E+01, 0.1238571E+01,
 0.3396000E+01, 0.1107890E+01, 0.3189485E+01, 0.1239011E+01,
 0.3398000E+01, 0.1108283E+01, 0.3192462E+01, 0.1239451E+01,
 0.3400000E+01, 0.1108677E+01, 0.3195443E+01, 0.1239892E+01,
 0.3402000E+01, 0.1109071E+01, 0.3198428E+01, 0.1240332E+01,
 0.3404000E+01, 0.1109466E+01, 0.3201419E+01, 0.1240774E+01,
 0.3406000E+01, 0.1109861E+01, 0.3204414E+01, 0.1241215E+01,
 0.3408000E+01, 0.1110256E+01, 0.3207414E+01, 0.1241658E+01,
 0.3410000E+01, 0.1110652E+01, 0.3210419E+01, 0.1242100E+01,
 0.3412000E+01, 0.1111048E+01, 0.3213428E+01, 0.1242543E+01,
 0.3414000E+01, 0.1111444E+01, 0.3216443E+01, 0.1242987E+01,
 0.3416000E+01, 0.1111841E+01, 0.3219462E+01, 0.1243430E+01,
 0.3418000E+01, 0.1112239E+01, 0.3222486E+01, 0.1243875E+01,
 0.3420000E+01, 0.1112636E+01, 0.3225515E+01, 0.1244319E+01,
 0.3422000E+01, 0.1113034E+01, 0.3228548E+01, 0.1244764E+01,
 0.3424000E+01, 0.1113433E+01, 0.3231586E+01, 0.1245210E+01,
 0.3426000E+01, 0.1113831E+01, 0.3234630E+01, 0.1245656E+01,
 0.3428000E+01, 0.1114230E+01, 0.3237678E+01, 0.1246102E+01,
 0.3430000E+01, 0.1114630E+01, 0.3240731E+01, 0.1246549E+01,
 0.3432000E+01, 0.1115030E+01, 0.3243789E+01, 0.1246996E+01,
 0.3434000E+01, 0.1115430E+01, 0.3246852E+01, 0.1247444E+01,
 0.3436000E+01, 0.1115831E+01, 0.3249919E+01, 0.1247892E+01,
 0.3438000E+01, 0.1116232E+01, 0.3252992E+01, 0.1248340E+01,
 0.3440000E+01, 0.1116633E+01, 0.3256069E+01, 0.1248789E+01,
 0.3442000E+01, 0.1117035E+01, 0.3259152E+01, 0.1249239E+01,
 0.3444000E+01, 0.1117437E+01, 0.3262239E+01, 0.1249689E+01,
 0.3446000E+01, 0.1117840E+01, 0.3265331E+01, 0.1250139E+01,
 0.3448000E+01, 0.1118243E+01, 0.3268428E+01, 0.1250589E+01,
 0.3450000E+01, 0.1118646E+01, 0.3271531E+01, 0.1251040E+01,
 0.3452000E+01, 0.1119050E+01, 0.3274637E+01, 0.1251492E+01,
 0.3454000E+01, 0.1119454E+01, 0.3277750E+01, 0.1251944E+01,
 0.3456000E+01, 0.1119858E+01, 0.3280867E+01, 0.1252396E+01,
 0.3458000E+01, 0.1120263E+01, 0.3283989E+01, 0.1252849E+01,
 0.3460000E+01, 0.1120668E+01, 0.3287116E+01, 0.1253302E+01,
 0.3462000E+01, 0.1121074E+01, 0.3290247E+01, 0.1253756E+01,
 0.3464000E+01, 0.1121480E+01, 0.3293385E+01, 0.1254210E+01,
 0.3466000E+01, 0.1121886E+01, 0.3296527E+01, 0.1254665E+01,
 0.3468000E+01, 0.1122293E+01, 0.3299674E+01, 0.1255120E+01,
 0.3470000E+01, 0.1122701E+01, 0.3302826E+01, 0.1255575E+01,
 0.3472000E+01, 0.1123108E+01, 0.3305983E+01, 0.1256031E+01,
 0.3474000E+01, 0.1123516E+01, 0.3309145E+01, 0.1256487E+01,
 0.3476000E+01, 0.1123925E+01, 0.3312313E+01, 0.1256944E+01,
 0.3478000E+01, 0.1124333E+01, 0.3315485E+01, 0.1257401E+01,
 0.3480000E+01, 0.1124743E+01, 0.3318663E+01, 0.1257859E+01,
 0.3482000E+01, 0.1125152E+01, 0.3321846E+01, 0.1258317E+01,
 0.3484000E+01, 0.1125562E+01, 0.3325033E+01, 0.1258775E+01,
 0.3486000E+01, 0.1125973E+01, 0.3328226E+01, 0.1259234E+01,
 0.3488000E+01, 0.1126383E+01, 0.3331424E+01, 0.1259694E+01,
 0.3490000E+01, 0.1126794E+01, 0.3334627E+01, 0.1260153E+01,
 0.3492000E+01, 0.1127206E+01, 0.3337836E+01, 0.1260614E+01,
 0.3494000E+01, 0.1127618E+01, 0.3341049E+01, 0.1261074E+01,
 0.3496000E+01, 0.1128030E+01, 0.3344268E+01, 0.1261536E+01,
 0.3498000E+01, 0.1128443E+01, 0.3347492E+01, 0.1261997E+01,
 0.3500000E+01, 0.1128856E+01, 0.3350720E+01, 0.1262459E+01,
 0.3500000E+01, 0.1128856E+01, 0.3350720E+01, 0.1262459E+01,
 0.3502000E+01, 0.1129270E+01, 0.3353955E+01, 0.1262922E+01,
 0.3504000E+01, 0.1129684E+01, 0.3357194E+01, 0.1263385E+01,
 0.3506000E+01, 0.1130098E+01, 0.3360438E+01, 0.1263848E+01,
 0.3508000E+01, 0.1130513E+01, 0.3363688E+01, 0.1264312E+01,
 0.3510000E+01, 0.1130928E+01, 0.3366943E+01, 0.1264776E+01,
 0.3512000E+01, 0.1131344E+01, 0.3370204E+01, 0.1265241E+01,
 0.3514000E+01, 0.1131760E+01, 0.3373469E+01, 0.1265706E+01,
 0.3516000E+01, 0.1132176E+01, 0.3376740E+01, 0.1266172E+01,
 0.3518000E+01, 0.1132593E+01, 0.3380016E+01, 0.1266638E+01,
 0.3520000E+01, 0.1133010E+01, 0.3383298E+01, 0.1267105E+01,
 0.3522000E+01, 0.1133428E+01, 0.3386584E+01, 0.1267572E+01,
 0.3524000E+01, 0.1133846E+01, 0.3389876E+01, 0.1268039E+01,
 0.3526000E+01, 0.1134264E+01, 0.3393174E+01, 0.1268507E+01,
 0.3528000E+01, 0.1134683E+01, 0.3396477E+01, 0.1268975E+01,
 0.3530000E+01, 0.1135102E+01, 0.3399785E+01, 0.1269444E+01,
 0.3532000E+01, 0.1135522E+01, 0.3403098E+01, 0.1269914E+01,
 0.3534000E+01, 0.1135942E+01, 0.3406417E+01, 0.1270383E+01,
 0.3536000E+01, 0.1136362E+01, 0.3409741E+01, 0.1270854E+01,
 0.3538000E+01, 0.1136783E+01, 0.3413070E+01, 0.1271324E+01,
 0.3540000E+01, 0.1137204E+01, 0.3416405E+01, 0.1271795E+01,
 0.3542000E+01, 0.1137626E+01, 0.3419745E+01, 0.1272267E+01,
 0.3544000E+01, 0.1138048E+01, 0.3423091E+01, 0.1272739E+01,
 0.3546000E+01, 0.1138471E+01, 0.3426442E+01, 0.1273212E+01,
 0.3548000E+01, 0.1138894E+01, 0.3429798E+01, 0.1273685E+01,
 0.3550000E+01, 0.1139317E+01, 0.3433161E+01, 0.1274158E+01,
 0.3552000E+01, 0.1139741E+01, 0.3436528E+01, 0.1274632E+01,
 0.3554000E+01, 0.1140165E+01, 0.3439901E+01, 0.1275106E+01,
 0.3556000E+01, 0.1140590E+01, 0.3443279E+01, 0.1275581E+01,
 0.3558000E+01, 0.1141015E+01, 0.3446663E+01, 0.1276056E+01,
 0.3560000E+01, 0.1141440E+01, 0.3450052E+01, 0.1276532E+01,
 0.3562000E+01, 0.1141866E+01, 0.3453447E+01, 0.1277009E+01,
 0.3564000E+01, 0.1142292E+01, 0.3456847E+01, 0.1277485E+01,
 0.3566000E+01, 0.1142719E+01, 0.3460253E+01, 0.1277962E+01,
 0.3568000E+01, 0.1143146E+01, 0.3463665E+01, 0.1278440E+01,
 0.3570000E+01, 0.1143574E+01, 0.3467082E+01, 0.1278918E+01,
 0.3572000E+01, 0.1144001E+01, 0.3470504E+01, 0.1279397E+01,
 0.3574000E+01, 0.1144430E+01, 0.3473932E+01, 0.1279876E+01,
 0.3576000E+01, 0.1144859E+01, 0.3477366E+01, 0.1280355E+01,
 0.3578000E+01, 0.1145288E+01, 0.3480805E+01, 0.1280836E+01,
 0.3580000E+01, 0.1145718E+01, 0.3484250E+01, 0.1281316E+01,
 0.3582000E+01, 0.1146148E+01, 0.3487700E+01, 0.1281797E+01,
 0.3584000E+01, 0.1146578E+01, 0.3491156E+01, 0.1282278E+01,
 0.3586000E+01, 0.1147009E+01, 0.3494618E+01, 0.1282760E+01,
 0.3588000E+01, 0.1147440E+01, 0.3498085E+01, 0.1283243E+01,
 0.3590000E+01, 0.1147872E+01, 0.3501558E+01, 0.1283726E+01,
 0.3592000E+01, 0.1148304E+01, 0.3505037E+01, 0.1284209E+01,
 0.3594000E+01, 0.1148737E+01, 0.3508521E+01, 0.1284693E+01,
 0.3596000E+01, 0.1149170E+01, 0.3512011E+01, 0.1285177E+01,
 0.3598000E+01, 0.1149603E+01, 0.3515507E+01, 0.1285662E+01,
 0.3600000E+01, 0.1150037E+01, 0.3519008E+01, 0.1286147E+01,
 0.3602000E+01, 0.1150472E+01, 0.3522515E+01, 0.1286633E+01,
 0.3604000E+01, 0.1150907E+01, 0.3526028E+01, 0.1287119E+01,
 0.3606000E+01, 0.1151342E+01, 0.3529546E+01, 0.1287606E+01,
 0.3608000E+01, 0.1151777E+01, 0.3533071E+01, 0.1288093E+01,
 0.3610000E+01, 0.1152213E+01, 0.3536601E+01, 0.1288581E+01,
 0.3612000E+01, 0.1152650E+01, 0.3540137E+01, 0.1289069E+01,
 0.3614000E+01, 0.1153087E+01, 0.3543678E+01, 0.1289558E+01,
 0.3616000E+01, 0.1153524E+01, 0.3547225E+01, 0.1290047E+01,
 0.3618000E+01, 0.1153962E+01, 0.3550779E+01, 0.1290536E+01,
 0.3620000E+01, 0.1154400E+01, 0.3554338E+01, 0.1291026E+01,
 0.3622000E+01, 0.1154839E+01, 0.3557902E+01, 0.1291517E+01,
 0.3624000E+01, 0.1155278E+01, 0.3561473E+01, 0.1292008E+01,
 0.3626000E+01, 0.1155718E+01, 0.3565050E+01, 0.1292500E+01,
 0.3628000E+01, 0.1156158E+01, 0.3568632E+01, 0.1292992E+01,
 0.3630000E+01, 0.1156598E+01, 0.3572220E+01, 0.1293484E+01,
 0.3632000E+01, 0.1157039E+01, 0.3575814E+01, 0.1293977E+01,
 0.3634000E+01, 0.1157480E+01, 0.3579414E+01, 0.1294471E+01,
 0.3636000E+01, 0.1157922E+01, 0.3583019E+01, 0.1294965E+01,
 0.3638000E+01, 0.1158364E+01, 0.3586631E+01, 0.1295460E+01,
 0.3640000E+01, 0.1158807E+01, 0.3590249E+01, 0.1295955E+01,
 0.3642000E+01, 0.1159250E+01, 0.3593873E+01, 0.1296450E+01,
 0.3644000E+01, 0.1159694E+01, 0.3597502E+01, 0.1296946E+01,
 0.3646000E+01, 0.1160138E+01, 0.3601137E+01, 0.1297443E+01,
 0.3648000E+01, 0.1160582E+01, 0.3604779E+01, 0.1297940E+01,
 0.3650000E+01, 0.1161027E+01, 0.3608426E+01, 0.1298437E+01,
 0.3652000E+01, 0.1161472E+01, 0.3612079E+01, 0.1298935E+01,
 0.3654000E+01, 0.1161918E+01, 0.3615739E+01, 0.1299434E+01,
 0.3656000E+01, 0.1162364E+01, 0.3619404E+01, 0.1299933E+01,
 0.3658000E+01, 0.1162811E+01, 0.3623075E+01, 0.1300432E+01,
 0.3660000E+01, 0.1163258E+01, 0.3626753E+01, 0.1300932E+01,
 0.3662000E+01, 0.1163705E+01, 0.3630436E+01, 0.1301433E+01,
 0.3664000E+01, 0.1164153E+01, 0.3634125E+01, 0.1301934E+01,
 0.3666000E+01, 0.1164602E+01, 0.3637821E+01, 0.1302435E+01,
 0.3668000E+01, 0.1165051E+01, 0.3641522E+01, 0.1302937E+01,
 0.3670000E+01, 0.1165500E+01, 0.3645230E+01, 0.1303440E+01,
 0.3672000E+01, 0.1165950E+01, 0.3648944E+01, 0.1303943E+01,
 0.3674000E+01, 0.1166400E+01, 0.3652663E+01, 0.1304446E+01,
 0.3676000E+01, 0.1166851E+01, 0.3656389E+01, 0.1304951E+01,
 0.3678000E+01, 0.1167302E+01, 0.3660121E+01, 0.1305455E+01,
 0.3680000E+01, 0.1167754E+01, 0.3663860E+01, 0.1305960E+01,
 0.3682000E+01, 0.1168206E+01, 0.3667604E+01, 0.1306466E+01,
 0.3684000E+01, 0.1168658E+01, 0.3671355E+01, 0.1306972E+01,
 0.3686000E+01, 0.1169111E+01, 0.3675111E+01, 0.1307478E+01,
 0.3688000E+01, 0.1169564E+01, 0.3678874E+01, 0.1307985E+01,
 0.3690000E+01, 0.1170018E+01, 0.3682643E+01, 0.1308493E+01,
 0.3692000E+01, 0.1170473E+01, 0.3686418E+01, 0.1309001E+01,
 0.3694000E+01, 0.1170928E+01, 0.3690200E+01, 0.1309510E+01,
 0.3696000E+01, 0.1171383E+01, 0.3693987E+01, 0.1310019E+01,
 0.3698000E+01, 0.1171839E+01, 0.3697781E+01, 0.1310529E+01,
 0.3700000E+01, 0.1172295E+01, 0.3701581E+01, 0.1311039E+01,
 0.3702000E+01, 0.1172751E+01, 0.3705388E+01, 0.1311549E+01,
 0.3704000E+01, 0.1173208E+01, 0.3709200E+01, 0.1312060E+01,
 0.3706000E+01, 0.1173666E+01, 0.3713020E+01, 0.1312572E+01,
 0.3708000E+01, 0.1174124E+01, 0.3716845E+01, 0.1313084E+01,
 0.3710000E+01, 0.1174582E+01, 0.3720676E+01, 0.1313597E+01,
 0.3712000E+01, 0.1175041E+01, 0.3724514E+01, 0.1314110E+01,
 0.3714000E+01, 0.1175501E+01, 0.3728359E+01, 0.1314624E+01,
 0.3716000E+01, 0.1175961E+01, 0.3732209E+01, 0.1315138E+01,
 0.3718000E+01, 0.1176421E+01, 0.3736066E+01, 0.1315653E+01,
 0.3720000E+01, 0.1176882E+01, 0.3739929E+01, 0.1316168E+01,
 0.3722000E+01, 0.1177343E+01, 0.3743799E+01, 0.1316684E+01,
 0.3724000E+01, 0.1177805E+01, 0.3747674E+01, 0.1317201E+01,
 0.3726000E+01, 0.1178267E+01, 0.3751557E+01, 0.1317718E+01,
 0.3728000E+01, 0.1178729E+01, 0.3755446E+01, 0.1318235E+01,
 0.3730000E+01, 0.1179193E+01, 0.3759341E+01, 0.1318753E+01,
 0.3732000E+01, 0.1179656E+01, 0.3763243E+01, 0.1319271E+01,
 0.3734000E+01, 0.1180120E+01, 0.3767151E+01, 0.1319790E+01,
 0.3736000E+01, 0.1180585E+01, 0.3771065E+01, 0.1320310E+01,
 0.3738000E+01, 0.1181050E+01, 0.3774987E+01, 0.1320830E+01,
 0.3740000E+01, 0.1181515E+01, 0.3778914E+01, 0.1321350E+01,
 0.3742000E+01, 0.1181981E+01, 0.3782848E+01, 0.1321871E+01,
 0.3744000E+01, 0.1182447E+01, 0.3786789E+01, 0.1322393E+01,
 0.3746000E+01, 0.1182914E+01, 0.3790736E+01, 0.1322915E+01,
 0.3748000E+01, 0.1183382E+01, 0.3794689E+01, 0.1323438E+01,
 0.3750000E+01, 0.1183849E+01, 0.3798650E+01, 0.1323961E+01,
 0.3752000E+01, 0.1184318E+01, 0.3802617E+01, 0.1324485E+01,
 0.3754000E+01, 0.1184787E+01, 0.3806590E+01, 0.1325009E+01,
 0.3756000E+01, 0.1185256E+01, 0.3810570E+01, 0.1325534E+01,
 0.3758000E+01, 0.1185726E+01, 0.3814556E+01, 0.1326059E+01,
 0.3760000E+01, 0.1186196E+01, 0.3818549E+01, 0.1326585E+01,
 0.3762000E+01, 0.1186666E+01, 0.3822549E+01, 0.1327111E+01,
 0.3764000E+01, 0.1187138E+01, 0.3826555E+01, 0.1327638E+01,
 0.3766000E+01, 0.1187609E+01, 0.3830568E+01, 0.1328166E+01,
 0.3768000E+01, 0.1188081E+01, 0.3834588E+01, 0.1328694E+01,
 0.3770000E+01, 0.1188554E+01, 0.3838614E+01, 0.1329222E+01,
 0.3772000E+01, 0.1189027E+01, 0.3842647E+01, 0.1329751E+01,
 0.3774000E+01, 0.1189501E+01, 0.3846687E+01, 0.1330281E+01,
 0.3776000E+01, 0.1189975E+01, 0.3850733E+01, 0.1330811E+01,
 0.3778000E+01, 0.1190449E+01, 0.3854786E+01, 0.1331342E+01,
 0.3780000E+01, 0.1190924E+01, 0.3858846E+01, 0.1331873E+01,
 0.3782000E+01, 0.1191400E+01, 0.3862913E+01, 0.1332405E+01,
 0.3784000E+01, 0.1191876E+01, 0.3866986E+01, 0.1332937E+01,
 0.3786000E+01, 0.1192352E+01, 0.3871066E+01, 0.1333470E+01,
 0.3788000E+01, 0.1192829E+01, 0.3875153E+01, 0.1334003E+01,
 0.3790000E+01, 0.1193306E+01, 0.3879247E+01, 0.1334537E+01,
 0.3792000E+01, 0.1193784E+01, 0.3883347E+01, 0.1335072E+01,
 0.3794000E+01, 0.1194263E+01, 0.3887455E+01, 0.1335607E+01,
 0.3796000E+01, 0.1194741E+01, 0.3891569E+01, 0.1336142E+01,
 0.3798000E+01, 0.1195221E+01, 0.3895690E+01, 0.1336678E+01,
 0.3800000E+01, 0.1195701E+01, 0.3899818E+01, 0.1337215E+01,
 0.3802000E+01, 0.1196181E+01, 0.3903953E+01, 0.1337752E+01,
 0.3804000E+01, 0.1196662E+01, 0.3908094E+01, 0.1338290E+01,
 0.3806000E+01, 0.1197143E+01, 0.3912243E+01, 0.1338828E+01,
 0.3808000E+01, 0.1197625E+01, 0.3916399E+01, 0.1339367E+01,
 0.3810000E+01, 0.1198107E+01, 0.3920561E+01, 0.1339906E+01,
 0.3812000E+01, 0.1198590E+01, 0.3924730E+01, 0.1340446E+01,
 0.3814000E+01, 0.1199073E+01, 0.3928906E+01, 0.1340987E+01,
 0.3816000E+01, 0.1199557E+01, 0.3933089E+01, 0.1341528E+01,
 0.3818000E+01, 0.1200041E+01, 0.3937280E+01, 0.1342069E+01,
 0.3820000E+01, 0.1200526E+01, 0.3941477E+01, 0.1342611E+01,
 0.3822000E+01, 0.1201012E+01, 0.3945681E+01, 0.1343154E+01,
 0.3824000E+01, 0.1201497E+01, 0.3949892E+01, 0.1343697E+01,
 0.3826000E+01, 0.1201984E+01, 0.3954111E+01, 0.1344241E+01,
 0.3828000E+01, 0.1202470E+01, 0.3958336E+01, 0.1344786E+01,
 0.3830000E+01, 0.1202958E+01, 0.3962568E+01, 0.1345330E+01,
 0.3832000E+01, 0.1203445E+01, 0.3966808E+01, 0.1345876E+01,
 0.3834000E+01, 0.1203934E+01, 0.3971054E+01, 0.1346422E+01,
 0.3836000E+01, 0.1204422E+01, 0.3975307E+01, 0.1346969E+01,
 0.3838000E+01, 0.1204911E+01, 0.3979568E+01, 0.1347516E+01,
 0.3840000E+01, 0.1205401E+01, 0.3983836E+01, 0.1348063E+01,
 0.3842000E+01, 0.1205891E+01, 0.3988111E+01, 0.1348612E+01,
 0.3844000E+01, 0.1206382E+01, 0.3992393E+01, 0.1349161E+01,
 0.3846000E+01, 0.1206873E+01, 0.3996682E+01, 0.1349710E+01,
 0.3848000E+01, 0.1207365E+01, 0.4000978E+01, 0.1350260E+01,
 0.3850000E+01, 0.1207857E+01, 0.4005282E+01, 0.1350810E+01,
 0.3852000E+01, 0.1208350E+01, 0.4009593E+01, 0.1351362E+01,
 0.3854000E+01, 0.1208843E+01, 0.4013910E+01, 0.1351913E+01,
 0.3856000E+01, 0.1209337E+01, 0.4018236E+01, 0.1352465E+01,
 0.3858000E+01, 0.1209832E+01, 0.4022568E+01, 0.1353018E+01,
 0.3860000E+01, 0.1210326E+01, 0.4026908E+01, 0.1353571E+01,
 0.3862000E+01, 0.1210822E+01, 0.4031255E+01, 0.1354125E+01,
 0.3864000E+01, 0.1211317E+01, 0.4035609E+01, 0.1354680E+01,
 0.3866000E+01, 0.1211814E+01, 0.4039970E+01, 0.1355235E+01,
 0.3868000E+01, 0.1212311E+01, 0.4044339E+01, 0.1355790E+01,
 0.3870000E+01, 0.1212808E+01, 0.4048715E+01, 0.1356347E+01,
 0.3872000E+01, 0.1213306E+01, 0.4053098E+01, 0.1356903E+01,
 0.3874000E+01, 0.1213804E+01, 0.4057489E+01, 0.1357461E+01,
 0.3876000E+01, 0.1214303E+01, 0.4061887E+01, 0.1358019E+01,
 0.3878000E+01, 0.1214802E+01, 0.4066293E+01, 0.1358577E+01,
 0.3880000E+01, 0.1215302E+01, 0.4070705E+01, 0.1359136E+01,
 0.3882000E+01, 0.1215803E+01, 0.4075125E+01, 0.1359696E+01,
 0.3884000E+01, 0.1216303E+01, 0.4079553E+01, 0.1360256E+01,
 0.3886000E+01, 0.1216805E+01, 0.4083988E+01, 0.1360817E+01,
 0.3888000E+01, 0.1217307E+01, 0.4088430E+01, 0.1361378E+01,
 0.3890000E+01, 0.1217809E+01, 0.4092880E+01, 0.1361940E+01,
 0.3892000E+01, 0.1218312E+01, 0.4097338E+01, 0.1362502E+01,
 0.3894000E+01, 0.1218816E+01, 0.4101802E+01, 0.1363065E+01,
 0.3896000E+01, 0.1219320E+01, 0.4106275E+01, 0.1363629E+01,
 0.3898000E+01, 0.1219824E+01, 0.4110754E+01, 0.1364193E+01,
 0.3900000E+01, 0.1220329E+01, 0.4115242E+01, 0.1364758E+01,
 0.3902000E+01, 0.1220835E+01, 0.4119737E+01, 0.1365323E+01,
 0.3904000E+01, 0.1221341E+01, 0.4124239E+01, 0.1365889E+01,
 0.3906000E+01, 0.1221847E+01, 0.4128749E+01, 0.1366456E+01,
 0.3908000E+01, 0.1222354E+01, 0.4133266E+01, 0.1367023E+01,
 0.3910000E+01, 0.1222862E+01, 0.4137791E+01, 0.1367591E+01,
 0.3912000E+01, 0.1223370E+01, 0.4142324E+01, 0.1368159E+01,
 0.3914000E+01, 0.1223879E+01, 0.4146864E+01, 0.1368728E+01,
 0.3916000E+01, 0.1224388E+01, 0.4151412E+01, 0.1369297E+01,
 0.3918000E+01, 0.1224898E+01, 0.4155968E+01, 0.1369867E+01,
 0.3920000E+01, 0.1225408E+01, 0.4160531E+01, 0.1370438E+01,
 0.3922000E+01, 0.1225919E+01, 0.4165102E+01, 0.1371009E+01,
 0.3924000E+01, 0.1226430E+01, 0.4169680E+01, 0.1371581E+01,
 0.3926000E+01, 0.1226941E+01, 0.4174266E+01, 0.1372153E+01,
 0.3928000E+01, 0.1227454E+01, 0.4178860E+01, 0.1372726E+01,
 0.3930000E+01, 0.1227967E+01, 0.4183462E+01, 0.1373299E+01,
 0.3932000E+01, 0.1228480E+01, 0.4188071E+01, 0.1373874E+01,
 0.3934000E+01, 0.1228994E+01, 0.4192688E+01, 0.1374448E+01,
 0.3936000E+01, 0.1229508E+01, 0.4197313E+01, 0.1375024E+01,
 0.3938000E+01, 0.1230023E+01, 0.4201946E+01, 0.1375600E+01,
 0.3940000E+01, 0.1230539E+01, 0.4206586E+01, 0.1376176E+01,
 0.3942000E+01, 0.1231055E+01, 0.4211234E+01, 0.1376753E+01,
 0.3944000E+01, 0.1231571E+01, 0.4215890E+01, 0.1377331E+01,
 0.3946000E+01, 0.1232088E+01, 0.4220555E+01, 0.1377909E+01,
 0.3948000E+01, 0.1232606E+01, 0.4225226E+01, 0.1378488E+01,
 0.3950000E+01, 0.1233124E+01, 0.4229906E+01, 0.1379067E+01,
 0.3952000E+01, 0.1233643E+01, 0.4234593E+01, 0.1379647E+01,
 0.3954000E+01, 0.1234162E+01, 0.4239289E+01, 0.1380228E+01,
 0.3956000E+01, 0.1234682E+01, 0.4243992E+01, 0.1380809E+01,
 0.3958000E+01, 0.1235202E+01, 0.4248703E+01, 0.1381391E+01,
 0.3960000E+01, 0.1235723E+01, 0.4253422E+01, 0.1381973E+01,
 0.3962000E+01, 0.1236244E+01, 0.4258150E+01, 0.1382556E+01,
 0.3964000E+01, 0.1236766E+01, 0.4262885E+01, 0.1383140E+01,
 0.3966000E+01, 0.1237288E+01, 0.4267628E+01, 0.1383724E+01,
 0.3968000E+01, 0.1237811E+01, 0.4272379E+01, 0.1384309E+01,
 0.3970000E+01, 0.1238335E+01, 0.4277138E+01, 0.1384894E+01,
 0.3972000E+01, 0.1238858E+01, 0.4281905E+01, 0.1385480E+01,
 0.3974000E+01, 0.1239383E+01, 0.4286680E+01, 0.1386067E+01,
 0.3976000E+01, 0.1239908E+01, 0.4291464E+01, 0.1386654E+01,
 0.3978000E+01, 0.1240434E+01, 0.4296255E+01, 0.1387242E+01,
 0.3980000E+01, 0.1240960E+01, 0.4301054E+01, 0.1387830E+01,
 0.3982000E+01, 0.1241487E+01, 0.4305861E+01, 0.1388420E+01,
 0.3984000E+01, 0.1242014E+01, 0.4310677E+01, 0.1389009E+01,
 0.3986000E+01, 0.1242542E+01, 0.4315501E+01, 0.1389599E+01,
 0.3988000E+01, 0.1243070E+01, 0.4320333E+01, 0.1390190E+01,
 0.3990000E+01, 0.1243599E+01, 0.4325173E+01, 0.1390782E+01,
 0.3992000E+01, 0.1244128E+01, 0.4330021E+01, 0.1391374E+01,
 0.3994000E+01, 0.1244658E+01, 0.4334877E+01, 0.1391966E+01,
 0.3996000E+01, 0.1245188E+01, 0.4339742E+01, 0.1392560E+01,
 0.3998000E+01, 0.1245720E+01, 0.4344615E+01, 0.1393154E+01,
 0.4000000E+01, 0.1246251E+01, 0.4349496E+01, 0.1393748E+01,
 0.4002000E+01, 0.1246783E+01, 0.4354386E+01, 0.1394343E+01,
 0.4004000E+01, 0.1247316E+01, 0.4359283E+01, 0.1394939E+01,
 0.4006000E+01, 0.1247849E+01, 0.4364189E+01, 0.1395535E+01,
 0.4008000E+01, 0.1248383E+01, 0.4369103E+01, 0.1396132E+01,
 0.4010000E+01, 0.1248917E+01, 0.4374026E+01, 0.1396729E+01,
 0.4012000E+01, 0.1249452E+01, 0.4378957E+01, 0.1397328E+01,
 0.4014000E+01, 0.1249987E+01, 0.4383895E+01, 0.1397926E+01,
 0.4016000E+01, 0.1250523E+01, 0.4388843E+01, 0.1398526E+01,
 0.4018000E+01, 0.1251060E+01, 0.4393799E+01, 0.1399126E+01,
 0.4020000E+01, 0.1251597E+01, 0.4398763E+01, 0.1399726E+01,
 0.4022000E+01, 0.1252134E+01, 0.4403736E+01, 0.1400328E+01,
 0.4024000E+01, 0.1252673E+01, 0.4408717E+01, 0.1400929E+01,
 0.4026000E+01, 0.1253211E+01, 0.4413706E+01, 0.1401532E+01,
 0.4028000E+01, 0.1253751E+01, 0.4418705E+01, 0.1402135E+01,
 0.4030000E+01, 0.1254290E+01, 0.4423711E+01, 0.1402739E+01,
 0.4032000E+01, 0.1254831E+01, 0.4428726E+01, 0.1403343E+01,
 0.4034000E+01, 0.1255372E+01, 0.4433749E+01, 0.1403948E+01,
 0.4036000E+01, 0.1255913E+01, 0.4438781E+01, 0.1404553E+01,
 0.4038000E+01, 0.1256455E+01, 0.4443822E+01, 0.1405160E+01,
 0.4040000E+01, 0.1256998E+01, 0.4448871E+01, 0.1405766E+01,
 0.4042000E+01, 0.1257541E+01, 0.4453928E+01, 0.1406374E+01,
 0.4044000E+01, 0.1258084E+01, 0.4458994E+01, 0.1406982E+01,
 0.4046000E+01, 0.1258629E+01, 0.4464069E+01, 0.1407591E+01,
 0.4048000E+01, 0.1259174E+01, 0.4469152E+01, 0.1408200E+01,
 0.4050000E+01, 0.1259719E+01, 0.4474244E+01, 0.1408810E+01,
 0.4052000E+01, 0.1260265E+01, 0.4479344E+01, 0.1409420E+01,
 0.4054000E+01, 0.1260811E+01, 0.4484454E+01, 0.1410031E+01,
 0.4056000E+01, 0.1261358E+01, 0.4489572E+01, 0.1410643E+01,
 0.4058000E+01, 0.1261906E+01, 0.4494699E+01, 0.1411256E+01,
 0.4060000E+01, 0.1262454E+01, 0.4499833E+01, 0.1411869E+01,
 0.4062000E+01, 0.1263003E+01, 0.4504978E+01, 0.1412482E+01,
 0.4064000E+01, 0.1263552E+01, 0.4510130E+01, 0.1413097E+01,
 0.4066000E+01, 0.1264102E+01, 0.4515291E+01, 0.1413711E+01,
 0.4068000E+01, 0.1264652E+01, 0.4520462E+01, 0.1414327E+01,
 0.4070000E+01, 0.1265203E+01, 0.4525640E+01, 0.1414943E+01,
 0.4072000E+01, 0.1265755E+01, 0.4530828E+01, 0.1415560E+01,
 0.4074000E+01, 0.1266307E+01, 0.4536025E+01, 0.1416178E+01,
 0.4076000E+01, 0.1266860E+01, 0.4541230E+01, 0.1416796E+01,
 0.4078000E+01, 0.1267413E+01, 0.4546444E+01, 0.1417414E+01,
 0.4080000E+01, 0.1267967E+01, 0.4551667E+01, 0.1418034E+01,
 0.4082000E+01, 0.1268521E+01, 0.4556899E+01, 0.1418654E+01,
 0.4084000E+01, 0.1269076E+01, 0.4562140E+01, 0.1419274E+01,
 0.4086000E+01, 0.1269632E+01, 0.4567389E+01, 0.1419896E+01,
 0.4088000E+01, 0.1270187E+01, 0.4572648E+01, 0.1420517E+01,
 0.4090000E+01, 0.1270744E+01, 0.4577916E+01, 0.1421140E+01,
 0.4092000E+01, 0.1271301E+01, 0.4583192E+01, 0.1421763E+01,
 0.4094000E+01, 0.1271859E+01, 0.4588478E+01, 0.1422387E+01,
 0.4096000E+01, 0.1272418E+01, 0.4593772E+01, 0.1423011E+01,
 0.4098000E+01, 0.1272976E+01, 0.4599076E+01, 0.1423636E+01,
 0.4100000E+01, 0.1273536E+01, 0.4604388E+01, 0.1424262E+01,
 0.4102000E+01, 0.1274096E+01, 0.4609710E+01, 0.1424888E+01,
 0.4104000E+01, 0.1274657E+01, 0.4615040E+01, 0.1425515E+01,
 0.4106000E+01, 0.1275218E+01, 0.4620380E+01, 0.1426143E+01,
 0.4108000E+01, 0.1275780E+01, 0.4625729E+01, 0.1426771E+01,
 0.4110000E+01, 0.1276342E+01, 0.4631087E+01, 0.1427400E+01,
 0.4112000E+01, 0.1276905E+01, 0.4636454E+01, 0.1428030E+01,
 0.4114000E+01, 0.1277468E+01, 0.4641830E+01, 0.1428660E+01,
 0.4116000E+01, 0.1278032E+01, 0.4647215E+01, 0.1429291E+01,
 0.4118000E+01, 0.1278597E+01, 0.4652609E+01, 0.1429922E+01,
 0.4120000E+01, 0.1279162E+01, 0.4658013E+01, 0.1430554E+01,
 0.4122000E+01, 0.1279728E+01, 0.4663426E+01, 0.1431187E+01,
 0.4124000E+01, 0.1280295E+01, 0.4668848E+01, 0.1431821E+01,
 0.4126000E+01, 0.1280861E+01, 0.4674279E+01, 0.1432455E+01,
 0.4128000E+01, 0.1281429E+01, 0.4679720E+01, 0.1433089E+01,
 0.4130000E+01, 0.1281997E+01, 0.4685170E+01, 0.1433725E+01,
 0.4132000E+01, 0.1282566E+01, 0.4690629E+01, 0.1434361E+01,
 0.4134000E+01, 0.1283135E+01, 0.4696097E+01, 0.1434997E+01,
 0.4136000E+01, 0.1283705E+01, 0.4701575E+01, 0.1435635E+01,
 0.4138000E+01, 0.1284275E+01, 0.4707062E+01, 0.1436273E+01,
 0.4140000E+01, 0.1284846E+01, 0.4712559E+01, 0.1436911E+01,
 0.4142000E+01, 0.1285418E+01, 0.4718064E+01, 0.1437550E+01,
 0.4144000E+01, 0.1285990E+01, 0.4723580E+01, 0.1438190E+01,
 0.4146000E+01, 0.1286563E+01, 0.4729105E+01, 0.1438831E+01,
 0.4148000E+01, 0.1287136E+01, 0.4734639E+01, 0.1439472E+01,
 0.4150000E+01, 0.1287710E+01, 0.4740182E+01, 0.1440114E+01,
 0.4152000E+01, 0.1288285E+01, 0.4745735E+01, 0.1440756E+01,
 0.4154000E+01, 0.1288860E+01, 0.4751298E+01, 0.1441400E+01,
 0.4156000E+01, 0.1289436E+01, 0.4756870E+01, 0.1442044E+01,
 0.4158000E+01, 0.1290012E+01, 0.4762451E+01, 0.1442688E+01,
 0.4160000E+01, 0.1290589E+01, 0.4768043E+01, 0.1443333E+01,
 0.4162000E+01, 0.1291166E+01, 0.4773643E+01, 0.1443979E+01,
 0.4164000E+01, 0.1291744E+01, 0.4779253E+01, 0.1444625E+01,
 0.4166000E+01, 0.1292323E+01, 0.4784873E+01, 0.1445272E+01,
 0.4168000E+01, 0.1292902E+01, 0.4790503E+01, 0.1445920E+01,
 0.4170000E+01, 0.1293482E+01, 0.4796142E+01, 0.1446569E+01,
 0.4172000E+01, 0.1294062E+01, 0.4801790E+01, 0.1447218E+01,
 0.4174000E+01, 0.1294643E+01, 0.4807449E+01, 0.1447868E+01,
 0.4176000E+01, 0.1295225E+01, 0.4813117E+01, 0.1448518E+01,
 0.4178000E+01, 0.1295807E+01, 0.4818795E+01, 0.1449169E+01,
 0.4180000E+01, 0.1296390E+01, 0.4824482E+01, 0.1449821E+01,
 0.4182000E+01, 0.1296973E+01, 0.4830179E+01, 0.1450473E+01,
 0.4184000E+01, 0.1297557E+01, 0.4835886E+01, 0.1451126E+01,
 0.4186000E+01, 0.1298142E+01, 0.4841603E+01, 0.1451780E+01,
 0.4188000E+01, 0.1298727E+01, 0.4847330E+01, 0.1452434E+01,
 0.4190000E+01, 0.1299312E+01, 0.4853066E+01, 0.1453089E+01,
 0.4192000E+01, 0.1299899E+01, 0.4858812E+01, 0.1453745E+01,
 0.4194000E+01, 0.1300486E+01, 0.4864568E+01, 0.1454401E+01,
 0.4196000E+01, 0.1301073E+01, 0.4870334E+01, 0.1455058E+01,
 0.4198000E+01, 0.1301661E+01, 0.4876110E+01, 0.1455716E+01,
 0.4200000E+01, 0.1302250E+01, 0.4881896E+01, 0.1456375E+01,
 0.4202000E+01, 0.1302839E+01, 0.4887691E+01, 0.1457034E+01,
 0.4204000E+01, 0.1303429E+01, 0.4893497E+01, 0.1457693E+01,
 0.4206000E+01, 0.1304020E+01, 0.4899312E+01, 0.1458354E+01,
 0.4208000E+01, 0.1304611E+01, 0.4905138E+01, 0.1459015E+01,
 0.4210000E+01, 0.1305203E+01, 0.4910973E+01, 0.1459677E+01,
 0.4212000E+01, 0.1305795E+01, 0.4916818E+01, 0.1460339E+01,
 0.4214000E+01, 0.1306388E+01, 0.4922674E+01, 0.1461002E+01,
 0.4216000E+01, 0.1306981E+01, 0.4928539E+01, 0.1461666E+01,
 0.4218000E+01, 0.1307575E+01, 0.4934415E+01, 0.1462330E+01,
 0.4220000E+01, 0.1308170E+01, 0.4940300E+01, 0.1462995E+01,
 0.4222000E+01, 0.1308765E+01, 0.4946196E+01, 0.1463661E+01,
 0.4224000E+01, 0.1309361E+01, 0.4952102E+01, 0.1464327E+01,
 0.4226000E+01, 0.1309958E+01, 0.4958018E+01, 0.1464994E+01,
 0.4228000E+01, 0.1310555E+01, 0.4963944E+01, 0.1465662E+01,
 0.4230000E+01, 0.1311153E+01, 0.4969881E+01, 0.1466331E+01,
 0.4232000E+01, 0.1311751E+01, 0.4975827E+01, 0.1467000E+01,
 0.4234000E+01, 0.1312350E+01, 0.4981784E+01, 0.1467670E+01,
 0.4236000E+01, 0.1312949E+01, 0.4987751E+01, 0.1468340E+01,
 0.4238000E+01, 0.1313550E+01, 0.4993728E+01, 0.1469011E+01,
 0.4240000E+01, 0.1314150E+01, 0.4999715E+01, 0.1469683E+01,
 0.4242000E+01, 0.1314752E+01, 0.5005713E+01, 0.1470356E+01,
 0.4244000E+01, 0.1315354E+01, 0.5011722E+01, 0.1471029E+01,
 0.4246000E+01, 0.1315956E+01, 0.5017740E+01, 0.1471703E+01,
 0.4248000E+01, 0.1316559E+01, 0.5023769E+01, 0.1472377E+01,
 0.4250000E+01, 0.1317163E+01, 0.5029809E+01, 0.1473053E+01,
 0.4252000E+01, 0.1317767E+01, 0.5035858E+01, 0.1473728E+01,
 0.4254000E+01, 0.1318372E+01, 0.5041918E+01, 0.1474405E+01,
 0.4256000E+01, 0.1318978E+01, 0.5047988E+01, 0.1475082E+01,
 0.4258000E+01, 0.1319584E+01, 0.5054070E+01, 0.1475760E+01,
 0.4260000E+01, 0.1320191E+01, 0.5060161E+01, 0.1476439E+01,
 0.4262000E+01, 0.1320799E+01, 0.5066263E+01, 0.1477118E+01,
 0.4264000E+01, 0.1321407E+01, 0.5072375E+01, 0.1477798E+01,
 0.4266000E+01, 0.1322015E+01, 0.5078498E+01, 0.1478479E+01,
 0.4268000E+01, 0.1322625E+01, 0.5084631E+01, 0.1479160E+01,
 0.4270000E+01, 0.1323234E+01, 0.5090775E+01, 0.1479843E+01,
 0.4272000E+01, 0.1323845E+01, 0.5096931E+01, 0.1480525E+01,
 0.4274000E+01, 0.1324456E+01, 0.5103096E+01, 0.1481209E+01,
 0.4276000E+01, 0.1325068E+01, 0.5109272E+01, 0.1481893E+01,
 0.4278000E+01, 0.1325680E+01, 0.5115458E+01, 0.1482578E+01,
 0.4280000E+01, 0.1326293E+01, 0.5121656E+01, 0.1483263E+01,
 0.4282000E+01, 0.1326907E+01, 0.5127864E+01, 0.1483949E+01,
 0.4284000E+01, 0.1327521E+01, 0.5134083E+01, 0.1484636E+01,
 0.4286000E+01, 0.1328136E+01, 0.5140312E+01, 0.1485324E+01,
 0.4288000E+01, 0.1328751E+01, 0.5146553E+01, 0.1486012E+01,
 0.4290000E+01, 0.1329367E+01, 0.5152803E+01, 0.1486701E+01,
 0.4292000E+01, 0.1329984E+01, 0.5159066E+01, 0.1487391E+01,
 0.4294000E+01, 0.1330601E+01, 0.5165338E+01, 0.1488081E+01,
 0.4296000E+01, 0.1331219E+01, 0.5171622E+01, 0.1488772E+01,
 0.4298000E+01, 0.1331838E+01, 0.5177916E+01, 0.1489464E+01,
 0.4300000E+01, 0.1332457E+01, 0.5184222E+01, 0.1490157E+01,
 0.4302000E+01, 0.1333077E+01, 0.5190538E+01, 0.1490850E+01,
 0.4304000E+01, 0.1333697E+01, 0.5196865E+01, 0.1491543E+01,
 0.4306000E+01, 0.1334318E+01, 0.5203203E+01, 0.1492238E+01,
 0.4308000E+01, 0.1334940E+01, 0.5209552E+01, 0.1492933E+01,
 0.4310000E+01, 0.1335562E+01, 0.5215912E+01, 0.1493629E+01,
 0.4312000E+01, 0.1336185E+01, 0.5222284E+01, 0.1494326E+01,
 0.4314000E+01, 0.1336808E+01, 0.5228666E+01, 0.1495023E+01,
 0.4316000E+01, 0.1337433E+01, 0.5235059E+01, 0.1495721E+01,
 0.4318000E+01, 0.1338057E+01, 0.5241463E+01, 0.1496420E+01,
 0.4320000E+01, 0.1338683E+01, 0.5247879E+01, 0.1497119E+01,
 0.4322000E+01, 0.1339309E+01, 0.5254305E+01, 0.1497819E+01,
 0.4324000E+01, 0.1339935E+01, 0.5260743E+01, 0.1498520E+01,
 0.4326000E+01, 0.1340563E+01, 0.5267192E+01, 0.1499222E+01,
 0.4328000E+01, 0.1341191E+01, 0.5273652E+01, 0.1499924E+01,
 0.4330000E+01, 0.1341819E+01, 0.5280123E+01, 0.1500627E+01,
 0.4332000E+01, 0.1342448E+01, 0.5286606E+01, 0.1501330E+01,
 0.4334000E+01, 0.1343078E+01, 0.5293099E+01, 0.1502035E+01,
 0.4336000E+01, 0.1343709E+01, 0.5299604E+01, 0.1502740E+01,
 0.4338000E+01, 0.1344340E+01, 0.5306120E+01, 0.1503446E+01,
 0.4340000E+01, 0.1344971E+01, 0.5312648E+01, 0.1504152E+01,
 0.4342000E+01, 0.1345603E+01, 0.5319188E+01, 0.1504859E+01,
 0.4344000E+01, 0.1346236E+01, 0.5325737E+01, 0.1505567E+01,
 0.4346000E+01, 0.1346870E+01, 0.5332299E+01, 0.1506275E+01,
 0.4348000E+01, 0.1347504E+01, 0.5338872E+01, 0.1506985E+01,
 0.4350000E+01, 0.1348139E+01, 0.5345457E+01, 0.1507694E+01,
 0.4352000E+01, 0.1348775E+01, 0.5352053E+01, 0.1508405E+01,
 0.4354000E+01, 0.1349411E+01, 0.5358661E+01, 0.1509117E+01,
 0.4356000E+01, 0.1350047E+01, 0.5365280E+01, 0.1509829E+01,
 0.4358000E+01, 0.1350685E+01, 0.5371910E+01, 0.1510541E+01,
 0.4360000E+01, 0.1351323E+01, 0.5378552E+01, 0.1511255E+01,
 0.4362000E+01, 0.1351961E+01, 0.5385206E+01, 0.1511969E+01,
 0.4364000E+01, 0.1352601E+01, 0.5391871E+01, 0.1512684E+01,
 0.4366000E+01, 0.1353240E+01, 0.5398548E+01, 0.1513400E+01,
 0.4368000E+01, 0.1353881E+01, 0.5405236E+01, 0.1514116E+01,
 0.4370000E+01, 0.1354522E+01, 0.5411936E+01, 0.1514833E+01,
 0.4372000E+01, 0.1355164E+01, 0.5418648E+01, 0.1515551E+01,
 0.4374000E+01, 0.1355806E+01, 0.5425371E+01, 0.1516269E+01,
 0.4376000E+01, 0.1356449E+01, 0.5432106E+01, 0.1516989E+01,
 0.4378000E+01, 0.1357093E+01, 0.5438853E+01, 0.1517709E+01,
 0.4380000E+01, 0.1357738E+01, 0.5445612E+01, 0.1518429E+01,
 0.4382000E+01, 0.1358383E+01, 0.5452383E+01, 0.1519150E+01,
 0.4384000E+01, 0.1359028E+01, 0.5459165E+01, 0.1519873E+01,
 0.4386000E+01, 0.1359675E+01, 0.5465959E+01, 0.1520595E+01,
 0.4388000E+01, 0.1360321E+01, 0.5472765E+01, 0.1521319E+01,
 0.4390000E+01, 0.1360969E+01, 0.5479583E+01, 0.1522043E+01,
 0.4392000E+01, 0.1361617E+01, 0.5486413E+01, 0.1522768E+01,
 0.4394000E+01, 0.1362266E+01, 0.5493254E+01, 0.1523494E+01,
 0.4396000E+01, 0.1362916E+01, 0.5500108E+01, 0.1524220E+01,
 0.4398000E+01, 0.1363566E+01, 0.5506974E+01, 0.1524947E+01,
 0.4400000E+01, 0.1364216E+01, 0.5513851E+01, 0.1525675E+01,
 0.4402000E+01, 0.1364868E+01, 0.5520741E+01, 0.1526403E+01,
 0.4404000E+01, 0.1365520E+01, 0.5527642E+01, 0.1527133E+01,
 0.4406000E+01, 0.1366173E+01, 0.5534556E+01, 0.1527863E+01,
 0.4408000E+01, 0.1366826E+01, 0.5541482E+01, 0.1528593E+01,
 0.4410000E+01, 0.1367480E+01, 0.5548420E+01, 0.1529325E+01,
 0.4412000E+01, 0.1368135E+01, 0.5555370E+01, 0.1530057E+01,
 0.4414000E+01, 0.1368790E+01, 0.5562332E+01, 0.1530790E+01,
 0.4416000E+01, 0.1369446E+01, 0.5569307E+01, 0.1531523E+01,
 0.4418000E+01, 0.1370102E+01, 0.5576293E+01, 0.1532257E+01,
 0.4420000E+01, 0.1370760E+01, 0.5583292E+01, 0.1532992E+01,
 0.4422000E+01, 0.1371418E+01, 0.5590303E+01, 0.1533728E+01,
 0.4424000E+01, 0.1372076E+01, 0.5597327E+01, 0.1534465E+01,
 0.4426000E+01, 0.1372735E+01, 0.5604362E+01, 0.1535202E+01,
 0.4428000E+01, 0.1373395E+01, 0.5611410E+01, 0.1535940E+01,
 0.4430000E+01, 0.1374056E+01, 0.5618471E+01, 0.1536678E+01,
 0.4432000E+01, 0.1374717E+01, 0.5625544E+01, 0.1537418E+01,
 0.4434000E+01, 0.1375378E+01, 0.5632628E+01, 0.1538158E+01,
 0.4436000E+01, 0.1376041E+01, 0.5639726E+01, 0.1538899E+01,
 0.4438000E+01, 0.1376704E+01, 0.5646836E+01, 0.1539640E+01,
 0.4440000E+01, 0.1377368E+01, 0.5653958E+01, 0.1540383E+01,
 0.4442000E+01, 0.1378032E+01, 0.5661093E+01, 0.1541126E+01,
 0.4444000E+01, 0.1378697E+01, 0.5668240E+01, 0.1541869E+01,
 0.4446000E+01, 0.1379363E+01, 0.5675400E+01, 0.1542614E+01,
 0.4448000E+01, 0.1380029E+01, 0.5682572E+01, 0.1543359E+01,
 0.4450000E+01, 0.1380696E+01, 0.5689757E+01, 0.1544105E+01,
 0.4452000E+01, 0.1381364E+01, 0.5696955E+01, 0.1544852E+01,
 0.4454000E+01, 0.1382032E+01, 0.5704165E+01, 0.1545599E+01,
 0.4456000E+01, 0.1382701E+01, 0.5711388E+01, 0.1546347E+01,
 0.4458000E+01, 0.1383371E+01, 0.5718624E+01, 0.1547096E+01,
 0.4460000E+01, 0.1384041E+01, 0.5725872E+01, 0.1547846E+01,
 0.4462000E+01, 0.1384712E+01, 0.5733133E+01, 0.1548596E+01,
 0.4464000E+01, 0.1385383E+01, 0.5740407E+01, 0.1549347E+01,
 0.4466000E+01, 0.1386056E+01, 0.5747693E+01, 0.1550099E+01,
 0.4468000E+01, 0.1386729E+01, 0.5754992E+01, 0.1550851E+01,
 0.4470000E+01, 0.1387402E+01, 0.5762304E+01, 0.1551605E+01,
 0.4472000E+01, 0.1388076E+01, 0.5769629E+01, 0.1552359E+01,
 0.4474000E+01, 0.1388751E+01, 0.5776967E+01, 0.1553113E+01,
 0.4476000E+01, 0.1389427E+01, 0.5784317E+01, 0.1553869E+01,
 0.4478000E+01, 0.1390103E+01, 0.5791680E+01, 0.1554625E+01,
 0.4480000E+01, 0.1390780E+01, 0.5799057E+01, 0.1555382E+01,
 0.4482000E+01, 0.1391457E+01, 0.5806446E+01, 0.1556140E+01,
 0.4484000E+01, 0.1392136E+01, 0.5813848E+01, 0.1556898E+01,
 0.4486000E+01, 0.1392814E+01, 0.5821264E+01, 0.1557657E+01,
 0.4488000E+01, 0.1393494E+01, 0.5828692E+01, 0.1558417E+01,
 0.4490000E+01, 0.1394174E+01, 0.5836133E+01, 0.1559178E+01,
 0.4492000E+01, 0.1394855E+01, 0.5843588E+01, 0.1559939E+01,
 0.4494000E+01, 0.1395536E+01, 0.5851055E+01, 0.1560701E+01,
 0.4496000E+01, 0.1396219E+01, 0.5858536E+01, 0.1561464E+01,
 0.4498000E+01, 0.1396901E+01, 0.5866030E+01, 0.1562228E+01,
 0.4500000E+01, 0.1397585E+01, 0.5873537E+01, 0.1562992E+01,
 0.4502000E+01, 0.1398269E+01, 0.5881057E+01, 0.1563758E+01,
 0.4504000E+01, 0.1398954E+01, 0.5888591E+01, 0.1564523E+01,
 0.4506000E+01, 0.1399639E+01, 0.5896137E+01, 0.1565290E+01,
 0.4508000E+01, 0.1400325E+01, 0.5903697E+01, 0.1566057E+01,
 0.4510000E+01, 0.1401012E+01, 0.5911271E+01, 0.1566825E+01,
 0.4512000E+01, 0.1401700E+01, 0.5918858E+01, 0.1567594E+01,
 0.4514000E+01, 0.1402388E+01, 0.5926457E+01, 0.1568364E+01,
 0.4516000E+01, 0.1403077E+01, 0.5934071E+01, 0.1569134E+01,
 0.4518000E+01, 0.1403766E+01, 0.5941697E+01, 0.1569905E+01,
 0.4520000E+01, 0.1404456E+01, 0.5949337E+01, 0.1570677E+01,
 0.4522000E+01, 0.1405147E+01, 0.5956991E+01, 0.1571450E+01,
 0.4524000E+01, 0.1405838E+01, 0.5964658E+01, 0.1572223E+01,
 0.4526000E+01, 0.1406530E+01, 0.5972339E+01, 0.1572997E+01,
 0.4528000E+01, 0.1407223E+01, 0.5980033E+01, 0.1573772E+01,
 0.4530000E+01, 0.1407917E+01, 0.5987741E+01, 0.1574547E+01,
 0.4532000E+01, 0.1408611E+01, 0.5995462E+01, 0.1575323E+01,
 0.4534000E+01, 0.1409306E+01, 0.6003197E+01, 0.1576100E+01,
 0.4536000E+01, 0.1410001E+01, 0.6010945E+01, 0.1576878E+01,
 0.4538000E+01, 0.1410697E+01, 0.6018708E+01, 0.1577657E+01,
 0.4540000E+01, 0.1411394E+01, 0.6026484E+01, 0.1578436E+01,
 0.4542000E+01, 0.1412092E+01, 0.6034273E+01, 0.1579216E+01,
 0.4544000E+01, 0.1412790E+01, 0.6042077E+01, 0.1579997E+01,
 0.4546000E+01, 0.1413489E+01, 0.6049894E+01, 0.1580779E+01,
 0.4548000E+01, 0.1414188E+01, 0.6057725E+01, 0.1581561E+01,
 0.4550000E+01, 0.1414889E+01, 0.6065570E+01, 0.1582344E+01,
 0.4552000E+01, 0.1415589E+01, 0.6073428E+01, 0.1583128E+01,
 0.4554000E+01, 0.1416291E+01, 0.6081301E+01, 0.1583912E+01,
 0.4556000E+01, 0.1416993E+01, 0.6089187E+01, 0.1584698E+01,
 0.4558000E+01, 0.1417696E+01, 0.6097087E+01, 0.1585484E+01,
 0.4560000E+01, 0.1418400E+01, 0.6105001E+01, 0.1586271E+01,
 0.4562000E+01, 0.1419104E+01, 0.6112930E+01, 0.1587058E+01,
 0.4564000E+01, 0.1419809E+01, 0.6120872E+01, 0.1587847E+01,
 0.4566000E+01, 0.1420514E+01, 0.6128828E+01, 0.1588636E+01,
 0.4568000E+01, 0.1421221E+01, 0.6136798E+01, 0.1589425E+01,
 0.4570000E+01, 0.1421928E+01, 0.6144783E+01, 0.1590216E+01,
 0.4572000E+01, 0.1422635E+01, 0.6152781E+01, 0.1591008E+01,
 0.4574000E+01, 0.1423344E+01, 0.6160793E+01, 0.1591800E+01,
 0.4576000E+01, 0.1424052E+01, 0.6168820E+01, 0.1592593E+01,
 0.4578000E+01, 0.1424762E+01, 0.6176861E+01, 0.1593386E+01,
 0.4580000E+01, 0.1425472E+01, 0.6184916E+01, 0.1594181E+01,
 0.4582000E+01, 0.1426184E+01, 0.6192985E+01, 0.1594976E+01,
 0.4584000E+01, 0.1426895E+01, 0.6201069E+01, 0.1595772E+01,
 0.4586000E+01, 0.1427608E+01, 0.6209167E+01, 0.1596569E+01,
 0.4588000E+01, 0.1428321E+01, 0.6217278E+01, 0.1597366E+01,
 0.4590000E+01, 0.1429034E+01, 0.6225405E+01, 0.1598164E+01,
 0.4592000E+01, 0.1429749E+01, 0.6233545E+01, 0.1598963E+01,
 0.4594000E+01, 0.1430464E+01, 0.6241701E+01, 0.1599763E+01,
 0.4596000E+01, 0.1431180E+01, 0.6249870E+01, 0.1600563E+01,
 0.4598000E+01, 0.1431896E+01, 0.6258054E+01, 0.1601365E+01,
 0.4600000E+01, 0.1432613E+01, 0.6266253E+01, 0.1602167E+01,
 0.4602000E+01, 0.1433331E+01, 0.6274466E+01, 0.1602969E+01,
 0.4604000E+01, 0.1434050E+01, 0.6282693E+01, 0.1603773E+01,
 0.4606000E+01, 0.1434769E+01, 0.6290935E+01, 0.1604577E+01,
 0.4608000E+01, 0.1435489E+01, 0.6299191E+01, 0.1605382E+01,
 0.4610000E+01, 0.1436209E+01, 0.6307463E+01, 0.1606188E+01,
 0.4612000E+01, 0.1436931E+01, 0.6315748E+01, 0.1606995E+01,
 0.4614000E+01, 0.1437652E+01, 0.6324049E+01, 0.1607802E+01,
 0.4616000E+01, 0.1438375E+01, 0.6332364E+01, 0.1608611E+01,
 0.4618000E+01, 0.1439098E+01, 0.6340693E+01, 0.1609419E+01,
 0.4620000E+01, 0.1439822E+01, 0.6349038E+01, 0.1610229E+01,
 0.4622000E+01, 0.1440547E+01, 0.6357397E+01, 0.1611039E+01,
 0.4624000E+01, 0.1441272E+01, 0.6365772E+01, 0.1611851E+01,
 0.4626000E+01, 0.1441998E+01, 0.6374160E+01, 0.1612663E+01,
 0.4628000E+01, 0.1442725E+01, 0.6382564E+01, 0.1613475E+01,
 0.4630000E+01, 0.1443453E+01, 0.6390983E+01, 0.1614289E+01,
 0.4632000E+01, 0.1444181E+01, 0.6399416E+01, 0.1615103E+01,
 0.4634000E+01, 0.1444910E+01, 0.6407865E+01, 0.1615918E+01,
 0.4636000E+01, 0.1445639E+01, 0.6416328E+01, 0.1616734E+01,
 0.4638000E+01, 0.1446369E+01, 0.6424806E+01, 0.1617551E+01,
 0.4640000E+01, 0.1447100E+01, 0.6433300E+01, 0.1618368E+01,
 0.4642000E+01, 0.1447832E+01, 0.6441809E+01, 0.1619186E+01,
 0.4644000E+01, 0.1448564E+01, 0.6450332E+01, 0.1620005E+01,
 0.4646000E+01, 0.1449297E+01, 0.6458870E+01, 0.1620825E+01,
 0.4648000E+01, 0.1450031E+01, 0.6467424E+01, 0.1621645E+01,
 0.4650000E+01, 0.1450765E+01, 0.6475993E+01, 0.1622466E+01,
 0.4652000E+01, 0.1451500E+01, 0.6484577E+01, 0.1623288E+01,
 0.4654000E+01, 0.1452236E+01, 0.6493176E+01, 0.1624111E+01,
 0.4656000E+01, 0.1452972E+01, 0.6501791E+01, 0.1624935E+01,
 0.4658000E+01, 0.1453709E+01, 0.6510421E+01, 0.1625759E+01,
 0.4660000E+01, 0.1454447E+01, 0.6519066E+01, 0.1626584E+01,
 0.4662000E+01, 0.1455185E+01, 0.6527726E+01, 0.1627410E+01,
 0.4664000E+01, 0.1455925E+01, 0.6536402E+01, 0.1628237E+01,
 0.4666000E+01, 0.1456664E+01, 0.6545093E+01, 0.1629064E+01,
 0.4668000E+01, 0.1457405E+01, 0.6553800E+01, 0.1629892E+01,
 0.4670000E+01, 0.1458146E+01, 0.6562521E+01, 0.1630721E+01,
 0.4672000E+01, 0.1458888E+01, 0.6571259E+01, 0.1631551E+01,
 0.4674000E+01, 0.1459631E+01, 0.6580011E+01, 0.1632382E+01,
 0.4676000E+01, 0.1460374E+01, 0.6588780E+01, 0.1633213E+01,
 0.4678000E+01, 0.1461118E+01, 0.6597564E+01, 0.1634045E+01,
 0.4680000E+01, 0.1461863E+01, 0.6606363E+01, 0.1634878E+01,
 0.4682000E+01, 0.1462608E+01, 0.6615179E+01, 0.1635712E+01,
 0.4684000E+01, 0.1463354E+01, 0.6624010E+01, 0.1636546E+01,
 0.4686000E+01, 0.1464101E+01, 0.6632855E+01, 0.1637381E+01,
 0.4688000E+01, 0.1464849E+01, 0.6641718E+01, 0.1638217E+01,
 0.4690000E+01, 0.1465597E+01, 0.6650595E+01, 0.1639054E+01,
 0.4692000E+01, 0.1466346E+01, 0.6659489E+01, 0.1639891E+01,
 0.4694000E+01, 0.1467095E+01, 0.6668398E+01, 0.1640730E+01,
 0.4696000E+01, 0.1467846E+01, 0.6677323E+01, 0.1641569E+01,
 0.4698000E+01, 0.1468596E+01, 0.6686264E+01, 0.1642408E+01,
 0.4700000E+01, 0.1469348E+01, 0.6695221E+01, 0.1643249E+01,
 0.4702000E+01, 0.1470101E+01, 0.6704194E+01, 0.1644091E+01,
 0.4704000E+01, 0.1470854E+01, 0.6713182E+01, 0.1644933E+01,
 0.4706000E+01, 0.1471607E+01, 0.6722187E+01, 0.1645776E+01,
 0.4708000E+01, 0.1472362E+01, 0.6731208E+01, 0.1646620E+01,
 0.4710000E+01, 0.1473117E+01, 0.6740244E+01, 0.1647464E+01,
 0.4712000E+01, 0.1473873E+01, 0.6749297E+01, 0.1648309E+01,
 0.4714000E+01, 0.1474630E+01, 0.6758365E+01, 0.1649156E+01,
 0.4716000E+01, 0.1475387E+01, 0.6767450E+01, 0.1650002E+01,
 0.4718000E+01, 0.1476145E+01, 0.6776550E+01, 0.1650850E+01,
 0.4720000E+01, 0.1476904E+01, 0.6785668E+01, 0.1651699E+01,
 0.4722000E+01, 0.1477663E+01, 0.6794801E+01, 0.1652548E+01,
 0.4724000E+01, 0.1478423E+01, 0.6803950E+01, 0.1653398E+01,
 0.4726000E+01, 0.1479184E+01, 0.6813116E+01, 0.1654249E+01,
 0.4728000E+01, 0.1479945E+01, 0.6822298E+01, 0.1655100E+01,
 0.4730000E+01, 0.1480708E+01, 0.6831495E+01, 0.1655953E+01,
 0.4732000E+01, 0.1481470E+01, 0.6840710E+01, 0.1656806E+01,
 0.4734000E+01, 0.1482234E+01, 0.6849941E+01, 0.1657660E+01,
 0.4736000E+01, 0.1482998E+01, 0.6859188E+01, 0.1658515E+01,
 0.4738000E+01, 0.1483763E+01, 0.6868451E+01, 0.1659370E+01,
 0.4740000E+01, 0.1484529E+01, 0.6877731E+01, 0.1660227E+01,
 0.4742000E+01, 0.1485296E+01, 0.6887028E+01, 0.1661084E+01,
 0.4744000E+01, 0.1486063E+01, 0.6896340E+01, 0.1661942E+01,
 0.4746000E+01, 0.1486830E+01, 0.6905669E+01, 0.1662801E+01,
 0.4748000E+01, 0.1487599E+01, 0.6915015E+01, 0.1663660E+01,
 0.4750000E+01, 0.1488368E+01, 0.6924377E+01, 0.1664520E+01,
 0.4752000E+01, 0.1489138E+01, 0.6933756E+01, 0.1665381E+01,
 0.4754000E+01, 0.1489909E+01, 0.6943152E+01, 0.1666243E+01,
 0.4756000E+01, 0.1490680E+01, 0.6952564E+01, 0.1667106E+01,
 0.4758000E+01, 0.1491452E+01, 0.6961992E+01, 0.1667969E+01,
 0.4760000E+01, 0.1492225E+01, 0.6971438E+01, 0.1668833E+01,
 0.4762000E+01, 0.1492998E+01, 0.6980900E+01, 0.1669698E+01,
 0.4764000E+01, 0.1493773E+01, 0.6990379E+01, 0.1670564E+01,
 0.4766000E+01, 0.1494547E+01, 0.6999874E+01, 0.1671431E+01,
 0.4768000E+01, 0.1495323E+01, 0.7009387E+01, 0.1672298E+01,
 0.4770000E+01, 0.1496099E+01, 0.7018916E+01, 0.1673166E+01,
 0.4772000E+01, 0.1496876E+01, 0.7028462E+01, 0.1674035E+01,
 0.4774000E+01, 0.1497654E+01, 0.7038025E+01, 0.1674905E+01,
 0.4776000E+01, 0.1498433E+01, 0.7047604E+01, 0.1675776E+01,
 0.4778000E+01, 0.1499212E+01, 0.7057201E+01, 0.1676647E+01,
 0.4780000E+01, 0.1499992E+01, 0.7066814E+01, 0.1677519E+01,
 0.4782000E+01, 0.1500772E+01, 0.7076445E+01, 0.1678392E+01,
 0.4784000E+01, 0.1501553E+01, 0.7086092E+01, 0.1679266E+01,
 0.4786000E+01, 0.1502335E+01, 0.7095757E+01, 0.1680140E+01,
 0.4788000E+01, 0.1503118E+01, 0.7105438E+01, 0.1681016E+01,
 0.4790000E+01, 0.1503901E+01, 0.7115136E+01, 0.1681892E+01,
 0.4792000E+01, 0.1504686E+01, 0.7124851E+01, 0.1682769E+01,
 0.4794000E+01, 0.1505470E+01, 0.7134583E+01, 0.1683647E+01,
 0.4796000E+01, 0.1506256E+01, 0.7144333E+01, 0.1684525E+01,
 0.4798000E+01, 0.1507042E+01, 0.7154099E+01, 0.1685404E+01,
 0.4800000E+01, 0.1507829E+01, 0.7163883E+01, 0.1686284E+01,
 0.4802000E+01, 0.1508617E+01, 0.7173684E+01, 0.1687165E+01,
 0.4804000E+01, 0.1509405E+01, 0.7183502E+01, 0.1688047E+01,
 0.4806000E+01, 0.1510194E+01, 0.7193337E+01, 0.1688929E+01,
 0.4808000E+01, 0.1510984E+01, 0.7203189E+01, 0.1689813E+01,
 0.4810000E+01, 0.1511775E+01, 0.7213059E+01, 0.1690697E+01,
 0.4812000E+01, 0.1512566E+01, 0.7222945E+01, 0.1691582E+01,
 0.4814000E+01, 0.1513358E+01, 0.7232849E+01, 0.1692467E+01,
 0.4816000E+01, 0.1514150E+01, 0.7242770E+01, 0.1693354E+01,
 0.4818000E+01, 0.1514944E+01, 0.7252708E+01, 0.1694241E+01,
 0.4820000E+01, 0.1515738E+01, 0.7262663E+01, 0.1695129E+01,
 0.4822000E+01, 0.1516533E+01, 0.7272636E+01, 0.1696018E+01,
 0.4824000E+01, 0.1517328E+01, 0.7282627E+01, 0.1696908E+01,
 0.4826000E+01, 0.1518124E+01, 0.7292634E+01, 0.1697798E+01,
 0.4828000E+01, 0.1518921E+01, 0.7302658E+01, 0.1698689E+01,
 0.4830000E+01, 0.1519719E+01, 0.7312699E+01, 0.1699581E+01,
 0.4832000E+01, 0.1520517E+01, 0.7322759E+01, 0.1700474E+01,
 0.4834000E+01, 0.1521316E+01, 0.7332835E+01, 0.1701368E+01,
 0.4836000E+01, 0.1522116E+01, 0.7342929E+01, 0.1702262E+01,
 0.4838000E+01, 0.1522917E+01, 0.7353040E+01, 0.1703158E+01,
 0.4840000E+01, 0.1523718E+01, 0.7363167E+01, 0.1704054E+01,
 0.4842000E+01, 0.1524520E+01, 0.7373313E+01, 0.1704950E+01,
 0.4844000E+01, 0.1525322E+01, 0.7383476E+01, 0.1705848E+01,
 0.4846000E+01, 0.1526126E+01, 0.7393656E+01, 0.1706747E+01,
 0.4848000E+01, 0.1526930E+01, 0.7403853E+01, 0.1707646E+01,
 0.4850000E+01, 0.1527735E+01, 0.7414068E+01, 0.1708546E+01,
 0.4852000E+01, 0.1528540E+01, 0.7424299E+01, 0.1709447E+01,
 0.4854000E+01, 0.1529346E+01, 0.7434548E+01, 0.1710348E+01,
 0.4856000E+01, 0.1530153E+01, 0.7444815E+01, 0.1711251E+01,
 0.4858000E+01, 0.1530961E+01, 0.7455098E+01, 0.1712154E+01,
 0.4860000E+01, 0.1531770E+01, 0.7465399E+01, 0.1713058E+01,
 0.4862000E+01, 0.1532579E+01, 0.7475717E+01, 0.1713963E+01,
 0.4864000E+01, 0.1533388E+01, 0.7486052E+01, 0.1714869E+01,
 0.4866000E+01, 0.1534199E+01, 0.7496404E+01, 0.1715775E+01,
 0.4868000E+01, 0.1535010E+01, 0.7506773E+01, 0.1716682E+01,
 0.4870000E+01, 0.1535822E+01, 0.7517160E+01, 0.1717590E+01,
 0.4872000E+01, 0.1536635E+01, 0.7527563E+01, 0.1718499E+01,
 0.4874000E+01, 0.1537448E+01, 0.7537984E+01, 0.1719409E+01,
 0.4876000E+01, 0.1538262E+01, 0.7548422E+01, 0.1720320E+01,
 0.4878000E+01, 0.1539077E+01, 0.7558876E+01, 0.1721231E+01,
 0.4880000E+01, 0.1539893E+01, 0.7569348E+01, 0.1722143E+01,
 0.4882000E+01, 0.1540709E+01, 0.7579836E+01, 0.1723056E+01,
 0.4884000E+01, 0.1541526E+01, 0.7590343E+01, 0.1723970E+01,
 0.4886000E+01, 0.1542344E+01, 0.7600865E+01, 0.1724884E+01,
 0.4888000E+01, 0.1543162E+01, 0.7611403E+01, 0.1725799E+01,
 0.4890000E+01, 0.1543982E+01, 0.7621960E+01, 0.1726716E+01,
 0.4892000E+01, 0.1544801E+01, 0.7632533E+01, 0.1727633E+01,
 0.4894000E+01, 0.1545622E+01, 0.7643123E+01, 0.1728550E+01,
 0.4896000E+01, 0.1546443E+01, 0.7653729E+01, 0.1729469E+01,
 0.4898000E+01, 0.1547266E+01, 0.7664352E+01, 0.1730388E+01,
 0.4900000E+01, 0.1548088E+01, 0.7674992E+01, 0.1731308E+01,
 0.4902000E+01, 0.1548912E+01, 0.7685648E+01, 0.1732229E+01,
 0.4904000E+01, 0.1549736E+01, 0.7696321E+01, 0.1733151E+01,
 0.4906000E+01, 0.1550561E+01, 0.7707011E+01, 0.1734074E+01,
 0.4908000E+01, 0.1551387E+01, 0.7717717E+01, 0.1734997E+01,
 0.4910000E+01, 0.1552213E+01, 0.7728439E+01, 0.1735921E+01,
 0.4912000E+01, 0.1553040E+01, 0.7739177E+01, 0.1736846E+01,
 0.4914000E+01, 0.1553868E+01, 0.7749932E+01, 0.1737772E+01,
 0.4916000E+01, 0.1554696E+01, 0.7760704E+01, 0.1738699E+01,
 0.4918000E+01, 0.1555526E+01, 0.7771491E+01, 0.1739626E+01,
 0.4920000E+01, 0.1556356E+01, 0.7782295E+01, 0.1740554E+01,
 0.4922000E+01, 0.1557186E+01, 0.7793115E+01, 0.1741483E+01,
 0.4924000E+01, 0.1558018E+01, 0.7803951E+01, 0.1742413E+01,
 0.4926000E+01, 0.1558850E+01, 0.7814804E+01, 0.1743344E+01,
 0.4928000E+01, 0.1559683E+01, 0.7825672E+01, 0.1744275E+01,
 0.4930000E+01, 0.1560517E+01, 0.7836556E+01, 0.1745208E+01,
 0.4932000E+01, 0.1561351E+01, 0.7847456E+01, 0.1746140E+01,
 0.4934000E+01, 0.1562186E+01, 0.7858373E+01, 0.1747075E+01,
 0.4936000E+01, 0.1563022E+01, 0.7869305E+01, 0.1748009E+01,
 0.4938000E+01, 0.1563858E+01, 0.7880252E+01, 0.1748945E+01,
 0.4940000E+01, 0.1564695E+01, 0.7891215E+01, 0.1749881E+01,
 0.4942000E+01, 0.1565533E+01, 0.7902194E+01, 0.1750818E+01,
 0.4944000E+01, 0.1566372E+01, 0.7913189E+01, 0.1751756E+01,
 0.4946000E+01, 0.1567211E+01, 0.7924200E+01, 0.1752695E+01,
 0.4948000E+01, 0.1568052E+01, 0.7935225E+01, 0.1753634E+01,
 0.4950000E+01, 0.1568892E+01, 0.7946266E+01, 0.1754575E+01,
 0.4952000E+01, 0.1569734E+01, 0.7957323E+01, 0.1755516E+01,
 0.4954000E+01, 0.1570576E+01, 0.7968395E+01, 0.1756458E+01,
 0.4956000E+01, 0.1571419E+01, 0.7979483E+01, 0.1757401E+01,
 0.4958000E+01, 0.1572263E+01, 0.7990584E+01, 0.1758344E+01,
 0.4960000E+01, 0.1573108E+01, 0.8001702E+01, 0.1759289E+01,
 0.4962000E+01, 0.1573953E+01, 0.8012835E+01, 0.1760234E+01,
 0.4964000E+01, 0.1574799E+01, 0.8023982E+01, 0.1761180E+01,
 0.4966000E+01, 0.1575645E+01, 0.8035145E+01, 0.1762127E+01,
 0.4968000E+01, 0.1576493E+01, 0.8046322E+01, 0.1763074E+01,
 0.4970000E+01, 0.1577341E+01, 0.8057514E+01, 0.1764023E+01,
 0.4972000E+01, 0.1578190E+01, 0.8068722E+01, 0.1764972E+01,
 0.4974000E+01, 0.1579039E+01, 0.8079944E+01, 0.1765922E+01,
 0.4976000E+01, 0.1579889E+01, 0.8091180E+01, 0.1766873E+01,
 0.4978000E+01, 0.1580740E+01, 0.8102431E+01, 0.1767825E+01,
 0.4980000E+01, 0.1581592E+01, 0.8113696E+01, 0.1768777E+01,
 0.4982000E+01, 0.1582444E+01, 0.8124976E+01, 0.1769731E+01,
 0.4984000E+01, 0.1583298E+01, 0.8136271E+01, 0.1770685E+01,
 0.4986000E+01, 0.1584152E+01, 0.8147578E+01, 0.1771640E+01,
 0.4988000E+01, 0.1585006E+01, 0.8158901E+01, 0.1772596E+01,
 0.4990000E+01, 0.1585861E+01, 0.8170238E+01, 0.1773552E+01,
 0.4992000E+01, 0.1586718E+01, 0.8181589E+01, 0.1774510E+01,
 0.4994000E+01, 0.1587574E+01, 0.8192954E+01, 0.1775468E+01,
 0.4996000E+01, 0.1588432E+01, 0.8204332E+01, 0.1776427E+01,
 0.4998000E+01, 0.1589290E+01, 0.8215725E+01, 0.1777387E+01,
 0.5000000E+01, 0.1590149E+01, 0.8227132E+01, 0.1778347E+01,
 0.5002000E+01, 0.1591009E+01, 0.8238552E+01, 0.1779309E+01,
 0.5004000E+01, 0.1591869E+01, 0.8249986E+01, 0.1780271E+01,
 0.5006000E+01, 0.1592731E+01, 0.8261433E+01, 0.1781234E+01,
 0.5008000E+01, 0.1593592E+01, 0.8272893E+01, 0.1782198E+01,
 0.5010000E+01, 0.1594455E+01, 0.8284368E+01, 0.1783163E+01,
 0.5012000E+01, 0.1595318E+01, 0.8295855E+01, 0.1784128E+01,
 0.5014000E+01, 0.1596182E+01, 0.8307355E+01, 0.1785094E+01,
 0.5016000E+01, 0.1597047E+01, 0.8318869E+01, 0.1786062E+01,
 0.5018000E+01, 0.1597913E+01, 0.8330396E+01, 0.1787029E+01,
 0.5020000E+01, 0.1598779E+01, 0.8341935E+01, 0.1787998E+01,
 0.5022000E+01, 0.1599646E+01, 0.8353488E+01, 0.1788968E+01,
 0.5024000E+01, 0.1600514E+01, 0.8365054E+01, 0.1789938E+01,
 0.5026000E+01, 0.1601382E+01, 0.8376633E+01, 0.1790910E+01,
 0.5028000E+01, 0.1602251E+01, 0.8388224E+01, 0.1791882E+01,
 0.5030000E+01, 0.1603121E+01, 0.8399827E+01, 0.1792855E+01,
 0.5032000E+01, 0.1603992E+01, 0.8411444E+01, 0.1793828E+01,
 0.5034000E+01, 0.1604863E+01, 0.8423071E+01, 0.1794803E+01,
 0.5036000E+01, 0.1605735E+01, 0.8434712E+01, 0.1795778E+01,
 0.5038000E+01, 0.1606608E+01, 0.8446365E+01, 0.1796754E+01,
 0.5040000E+01, 0.1607481E+01, 0.8458031E+01, 0.1797731E+01,
 0.5042000E+01, 0.1608356E+01, 0.8469708E+01, 0.1798708E+01,
 0.5044000E+01, 0.1609231E+01, 0.8481399E+01, 0.1799687E+01,
 0.5046000E+01, 0.1610106E+01, 0.8493099E+01, 0.1800666E+01,
 0.5048000E+01, 0.1610983E+01, 0.8504813E+01, 0.1801647E+01,
 0.5050000E+01, 0.1611860E+01, 0.8516539E+01, 0.1802627E+01,
 0.5052000E+01, 0.1612738E+01, 0.8528275E+01, 0.1803609E+01,
 0.5054000E+01, 0.1613616E+01, 0.8540023E+01, 0.1804592E+01,
 0.5056000E+01, 0.1614496E+01, 0.8551784E+01, 0.1805575E+01,
 0.5058000E+01, 0.1615376E+01, 0.8563555E+01, 0.1806560E+01,
 0.5060000E+01, 0.1616256E+01, 0.8575336E+01, 0.1807544E+01,
 0.5062000E+01, 0.1617138E+01, 0.8587131E+01, 0.1808530E+01,
 0.5064000E+01, 0.1618020E+01, 0.8598936E+01, 0.1809517E+01,
 0.5066000E+01, 0.1618903E+01, 0.8610752E+01, 0.1810504E+01,
 0.5068000E+01, 0.1619787E+01, 0.8622580E+01, 0.1811493E+01,
 0.5070000E+01, 0.1620671E+01, 0.8634418E+01, 0.1812482E+01,
 0.5072000E+01, 0.1621557E+01, 0.8646266E+01, 0.1813472E+01,
 0.5074000E+01, 0.1622442E+01, 0.8658126E+01, 0.1814463E+01,
 0.5076000E+01, 0.1623329E+01, 0.8669996E+01, 0.1815454E+01,
 0.5078000E+01, 0.1624216E+01, 0.8681877E+01, 0.1816446E+01,
 0.5080000E+01, 0.1625104E+01, 0.8693769E+01, 0.1817440E+01,
 0.5082000E+01, 0.1625993E+01, 0.8705669E+01, 0.1818434E+01,
 0.5084000E+01, 0.1626883E+01, 0.8717582E+01, 0.1819428E+01,
 0.5086000E+01, 0.1627773E+01, 0.8729504E+01, 0.1820424E+01,
 0.5088000E+01, 0.1628664E+01, 0.8741436E+01, 0.1821420E+01,
 0.5090000E+01, 0.1629556E+01, 0.8753378E+01, 0.1822418E+01,
 0.5092000E+01, 0.1630448E+01, 0.8765330E+01, 0.1823416E+01,
 0.5094000E+01, 0.1631341E+01, 0.8777292E+01, 0.1824415E+01,
 0.5096000E+01, 0.1632235E+01, 0.8789263E+01, 0.1825414E+01,
 0.5098000E+01, 0.1633130E+01, 0.8801244E+01, 0.1826415E+01,
 0.5100000E+01, 0.1634025E+01, 0.8813234E+01, 0.1827416E+01,
 0.5102000E+01, 0.1634921E+01, 0.8825234E+01, 0.1828418E+01,
 0.5104000E+01, 0.1635818E+01, 0.8837244E+01, 0.1829421E+01,
 0.5106000E+01, 0.1636716E+01, 0.8849262E+01, 0.1830425E+01,
 0.5108000E+01, 0.1637614E+01, 0.8861290E+01, 0.1831429E+01,
 0.5110000E+01, 0.1638513E+01, 0.8873326E+01, 0.1832435E+01,
 0.5112000E+01, 0.1639413E+01, 0.8885371E+01, 0.1833441E+01,
 0.5114000E+01, 0.1640313E+01, 0.8897426E+01, 0.1834448E+01,
 0.5116000E+01, 0.1641214E+01, 0.8909488E+01, 0.1835456E+01,
 0.5118000E+01, 0.1642116E+01, 0.8921559E+01, 0.1836464E+01,
 0.5120000E+01, 0.1643019E+01, 0.8933639E+01, 0.1837474E+01,
 0.5122000E+01, 0.1643922E+01, 0.8945726E+01, 0.1838484E+01,
 0.5124000E+01, 0.1644826E+01, 0.8957823E+01, 0.1839495E+01,
 0.5126000E+01, 0.1645731E+01, 0.8969927E+01, 0.1840507E+01,
 0.5128000E+01, 0.1646636E+01, 0.8982038E+01, 0.1841520E+01,
 0.5130000E+01, 0.1647543E+01, 0.8994159E+01, 0.1842533E+01,
 0.5132000E+01, 0.1648450E+01, 0.9006287E+01, 0.1843548E+01,
 0.5134000E+01, 0.1649357E+01, 0.9018421E+01, 0.1844563E+01,
 0.5136000E+01, 0.1650266E+01, 0.9030564E+01, 0.1845579E+01,
 0.5138000E+01, 0.1651175E+01, 0.9042714E+01, 0.1846595E+01,
 0.5140000E+01, 0.1652085E+01, 0.9054872E+01, 0.1847613E+01,
 0.5142000E+01, 0.1652995E+01, 0.9067037E+01, 0.1848631E+01,
 0.5144000E+01, 0.1653907E+01, 0.9079207E+01, 0.1849651E+01,
 0.5146000E+01, 0.1654819E+01, 0.9091386E+01, 0.1850670E+01,
 0.5148000E+01, 0.1655732E+01, 0.9103570E+01, 0.1851691E+01,
 0.5150000E+01, 0.1656645E+01, 0.9115763E+01, 0.1852713E+01,
 0.5152000E+01, 0.1657559E+01, 0.9127959E+01, 0.1853735E+01,
 0.5154000E+01, 0.1658474E+01, 0.9140164E+01, 0.1854759E+01,
 0.5156000E+01, 0.1659390E+01, 0.9152374E+01, 0.1855783E+01,
 0.5158000E+01, 0.1660306E+01, 0.9164591E+01, 0.1856808E+01,
 0.5160000E+01, 0.1661224E+01, 0.9176814E+01, 0.1857833E+01,
 0.5162000E+01, 0.1662141E+01, 0.9189042E+01, 0.1858860E+01,
 0.5164000E+01, 0.1663060E+01, 0.9201276E+01, 0.1859887E+01,
 0.5166000E+01, 0.1663979E+01, 0.9213515E+01, 0.1860915E+01,
 0.5168000E+01, 0.1664899E+01, 0.9225760E+01, 0.1861944E+01,
 0.5170000E+01, 0.1665820E+01, 0.9238009E+01, 0.1862974E+01,
 0.5172000E+01, 0.1666742E+01, 0.9250265E+01, 0.1864005E+01,
 0.5174000E+01, 0.1667664E+01, 0.9262526E+01, 0.1865036E+01,
 0.5176000E+01, 0.1668587E+01, 0.9274790E+01, 0.1866068E+01,
 0.5178000E+01, 0.1669510E+01, 0.9287060E+01, 0.1867101E+01,
 0.5180000E+01, 0.1670435E+01, 0.9299334E+01, 0.1868135E+01,
 0.5182000E+01, 0.1671360E+01, 0.9311612E+01, 0.1869170E+01,
 0.5184000E+01, 0.1672286E+01, 0.9323895E+01, 0.1870205E+01,
 0.5186000E+01, 0.1673212E+01, 0.9336182E+01, 0.1871241E+01,
 0.5188000E+01, 0.1674140E+01, 0.9348473E+01, 0.1872278E+01,
 0.5190000E+01, 0.1675068E+01, 0.9360767E+01, 0.1873316E+01,
 0.5192000E+01, 0.1675997E+01, 0.9373065E+01, 0.1874355E+01,
 0.5194000E+01, 0.1676926E+01, 0.9385366E+01, 0.1875394E+01,
 0.5196000E+01, 0.1677856E+01, 0.9397672E+01, 0.1876435E+01,
 0.5198000E+01, 0.1678787E+01, 0.9409981E+01, 0.1877476E+01,
 0.5200000E+01, 0.1679719E+01, 0.9422292E+01, 0.1878518E+01,
 0.5202000E+01, 0.1680651E+01, 0.9434607E+01, 0.1879560E+01,
 0.5204000E+01, 0.1681584E+01, 0.9446923E+01, 0.1880604E+01,
 0.5206000E+01, 0.1682518E+01, 0.9459244E+01, 0.1881648E+01,
 0.5208000E+01, 0.1683452E+01, 0.9471566E+01, 0.1882693E+01,
 0.5210000E+01, 0.1684388E+01, 0.9483891E+01, 0.1883739E+01,
 0.5212000E+01, 0.1685324E+01, 0.9496219E+01, 0.1884786E+01,
 0.5214000E+01, 0.1686261E+01, 0.9508548E+01, 0.1885834E+01,
 0.5216000E+01, 0.1687198E+01, 0.9520880E+01, 0.1886882E+01,
 0.5218000E+01, 0.1688136E+01, 0.9533213E+01, 0.1887931E+01,
 0.5220000E+01, 0.1689075E+01, 0.9545548E+01, 0.1888981E+01,
 0.5222000E+01, 0.1690015E+01, 0.9557885E+01, 0.1890032E+01,
 0.5224000E+01, 0.1690955E+01, 0.9570223E+01, 0.1891084E+01,
 0.5226000E+01, 0.1691896E+01, 0.9582562E+01, 0.1892136E+01,
 0.5228000E+01, 0.1692838E+01, 0.9594903E+01, 0.1893189E+01,
 0.5230000E+01, 0.1693780E+01, 0.9607245E+01, 0.1894243E+01,
 0.5232000E+01, 0.1694724E+01, 0.9619589E+01, 0.1895298E+01,
 0.5234000E+01, 0.1695668E+01, 0.9631931E+01, 0.1896354E+01,
 0.5236000E+01, 0.1696612E+01, 0.9644277E+01, 0.1897411E+01,
 0.5238000E+01, 0.1697558E+01, 0.9656622E+01, 0.1898468E+01,
 0.5240000E+01, 0.1698504E+01, 0.9668967E+01, 0.1899526E+01,
 0.5242000E+01, 0.1699451E+01, 0.9681314E+01, 0.1900585E+01,
 0.5244000E+01, 0.1700398E+01, 0.9693660E+01, 0.1901644E+01,
 0.5246000E+01, 0.1701346E+01, 0.9706007E+01, 0.1902705E+01,
 0.5248000E+01, 0.1702295E+01, 0.9718353E+01, 0.1903766E+01,
 0.5250000E+01, 0.1703245E+01, 0.9730700E+01, 0.1904828E+01,
 0.5252000E+01, 0.1704196E+01, 0.9743048E+01, 0.1905892E+01,
 0.5254000E+01, 0.1705147E+01, 0.9755394E+01, 0.1906955E+01,
 0.5256000E+01, 0.1706099E+01, 0.9767739E+01, 0.1908020E+01,
 0.5258000E+01, 0.1707051E+01, 0.9780086E+01, 0.1909085E+01,
 0.5260000E+01, 0.1708005E+01, 0.9792431E+01, 0.1910151E+01,
 0.5262000E+01, 0.1708959E+01, 0.9804775E+01, 0.1911218E+01,
 0.5264000E+01, 0.1709913E+01, 0.9817120E+01, 0.1912286E+01,
 0.5266000E+01, 0.1710869E+01, 0.9829463E+01, 0.1913355E+01,
 0.5268000E+01, 0.1711825E+01, 0.9841805E+01, 0.1914424E+01,
 0.5270000E+01, 0.1712782E+01, 0.9854147E+01, 0.1915494E+01,
 0.5272000E+01, 0.1713740E+01, 0.9866488E+01, 0.1916565E+01,
 0.5274000E+01, 0.1714698E+01, 0.9878827E+01, 0.1917637E+01,
 0.5276000E+01, 0.1715657E+01, 0.9891166E+01, 0.1918710E+01,
 0.5278000E+01, 0.1716617E+01, 0.9903502E+01, 0.1919783E+01,
 0.5280000E+01, 0.1717578E+01, 0.9915838E+01, 0.1920857E+01,
 0.5282000E+01, 0.1718539E+01, 0.9928173E+01, 0.1921932E+01,
 0.5284000E+01, 0.1719501E+01, 0.9940506E+01, 0.1923008E+01,
 0.5286000E+01, 0.1720464E+01, 0.9952838E+01, 0.1924085E+01,
 0.5288000E+01, 0.1721427E+01, 0.9965168E+01, 0.1925162E+01,
 0.5290000E+01, 0.1722391E+01, 0.9977496E+01, 0.1926240E+01,
 0.5292000E+01, 0.1723356E+01, 0.9989822E+01, 0.1927319E+01,
 0.5294000E+01, 0.1724322E+01, 0.1000215E+02, 0.1928399E+01,
 0.5296000E+01, 0.1725288E+01, 0.1001447E+02, 0.1929480E+01,
 0.5298000E+01, 0.1726255E+01, 0.1002679E+02, 0.1930561E+01,
 0.5300000E+01, 0.1727222E+01, 0.1003911E+02, 0.1931643E+01,
 0.5302000E+01, 0.1728191E+01, 0.1005143E+02, 0.1932727E+01,
 0.5304000E+01, 0.1729160E+01, 0.1006375E+02, 0.1933811E+01,
 0.5306000E+01, 0.1730130E+01, 0.1007606E+02, 0.1934895E+01,
 0.5308000E+01, 0.1731100E+01, 0.1008837E+02, 0.1935980E+01,
 0.5310000E+01, 0.1732072E+01, 0.1010068E+02, 0.1937067E+01,
 0.5312000E+01, 0.1733044E+01, 0.1011299E+02, 0.1938154E+01,
 0.5314000E+01, 0.1734017E+01, 0.1012529E+02, 0.1939242E+01,
 0.5316000E+01, 0.1734990E+01, 0.1013760E+02, 0.1940331E+01,
 0.5318000E+01, 0.1735964E+01, 0.1014990E+02, 0.1941420E+01,
 0.5320000E+01, 0.1736939E+01, 0.1016220E+02, 0.1942510E+01,
 0.5322000E+01, 0.1737915E+01, 0.1017449E+02, 0.1943601E+01,
 0.5324000E+01, 0.1738891E+01, 0.1018679E+02, 0.1944693E+01,
 0.5326000E+01, 0.1739868E+01, 0.1019908E+02, 0.1945786E+01,
 0.5328000E+01, 0.1740846E+01, 0.1021137E+02, 0.1946879E+01,
 0.5330000E+01, 0.1741824E+01, 0.1022366E+02, 0.1947973E+01,
 0.5332000E+01, 0.1742803E+01, 0.1023594E+02, 0.1949069E+01,
 0.5334000E+01, 0.1743783E+01, 0.1024823E+02, 0.1950165E+01,
 0.5336000E+01, 0.1744764E+01, 0.1026051E+02, 0.1951261E+01,
 0.5338000E+01, 0.1745745E+01, 0.1027278E+02, 0.1952359E+01,
 0.5340000E+01, 0.1746727E+01, 0.1028506E+02, 0.1953457E+01,
 0.5342000E+01, 0.1747710E+01, 0.1029733E+02, 0.1954556E+01,
 0.5344000E+01, 0.1748694E+01, 0.1030960E+02, 0.1955656E+01,
 0.5346000E+01, 0.1749678E+01, 0.1032187E+02, 0.1956757E+01,
 0.5348000E+01, 0.1750663E+01, 0.1033414E+02, 0.1957858E+01,
 0.5350000E+01, 0.1751648E+01, 0.1034640E+02, 0.1958960E+01,
 0.5352000E+01, 0.1752635E+01, 0.1035866E+02, 0.1960063E+01,
 0.5354000E+01, 0.1753622E+01, 0.1037092E+02, 0.1961167E+01,
 0.5356000E+01, 0.1754609E+01, 0.1038317E+02, 0.1962272E+01,
 0.5358000E+01, 0.1755598E+01, 0.1039542E+02, 0.1963377E+01,
 0.5360000E+01, 0.1756587E+01, 0.1040767E+02, 0.1964484E+01,
 0.5362000E+01, 0.1757577E+01, 0.1041992E+02, 0.1965591E+01,
 0.5364000E+01, 0.1758568E+01, 0.1043217E+02, 0.1966698E+01,
 0.5366000E+01, 0.1759559E+01, 0.1044441E+02, 0.1967807E+01,
 0.5368000E+01, 0.1760551E+01, 0.1045665E+02, 0.1968917E+01,
 0.5370000E+01, 0.1761544E+01, 0.1046889E+02, 0.1970027E+01,
 0.5372000E+01, 0.1762537E+01, 0.1048112E+02, 0.1971138E+01,
 0.5374000E+01, 0.1763531E+01, 0.1049335E+02, 0.1972250E+01,
 0.5376000E+01, 0.1764526E+01, 0.1050559E+02, 0.1973362E+01,
 0.5378000E+01, 0.1765522E+01, 0.1051781E+02, 0.1974476E+01,
 0.5380000E+01, 0.1766518E+01, 0.1053004E+02, 0.1975590E+01,
 0.5382000E+01, 0.1767515E+01, 0.1054226E+02, 0.1976705E+01,
 0.5384000E+01, 0.1768513E+01, 0.1055448E+02, 0.1977821E+01,
 0.5386000E+01, 0.1769511E+01, 0.1056670E+02, 0.1978937E+01,
 0.5388000E+01, 0.1770510E+01, 0.1057891E+02, 0.1980055E+01,
 0.5390000E+01, 0.1771510E+01, 0.1059112E+02, 0.1981173E+01,
 0.5392000E+01, 0.1772511E+01, 0.1060333E+02, 0.1982292E+01,
 0.5394000E+01, 0.1773512E+01, 0.1061554E+02, 0.1983412E+01,
 0.5396000E+01, 0.1774514E+01, 0.1062775E+02, 0.1984532E+01,
 0.5398000E+01, 0.1775517E+01, 0.1063995E+02, 0.1985654E+01,
 0.5400000E+01, 0.1776520E+01, 0.1065215E+02, 0.1986776E+01,
 0.5402000E+01, 0.1777524E+01, 0.1066435E+02, 0.1987898E+01,
 0.5404000E+01, 0.1778529E+01, 0.1067654E+02, 0.1989022E+01,
 0.5406000E+01, 0.1779534E+01, 0.1068873E+02, 0.1990147E+01,
 0.5408000E+01, 0.1780541E+01, 0.1070092E+02, 0.1991272E+01,
 0.5410000E+01, 0.1781548E+01, 0.1071311E+02, 0.1992398E+01,
 0.5412000E+01, 0.1782555E+01, 0.1072530E+02, 0.1993525E+01,
 0.5414000E+01, 0.1783564E+01, 0.1073748E+02, 0.1994653E+01,
 0.5416000E+01, 0.1784573E+01, 0.1074966E+02, 0.1995781E+01,
 0.5418000E+01, 0.1785582E+01, 0.1076184E+02, 0.1996910E+01,
 0.5420000E+01, 0.1786593E+01, 0.1077402E+02, 0.1998040E+01,
 0.5422000E+01, 0.1787604E+01, 0.1078619E+02, 0.1999171E+01,
 0.5424000E+01, 0.1788616E+01, 0.1079836E+02, 0.2000303E+01,
 0.5426000E+01, 0.1789628E+01, 0.1081053E+02, 0.2001435E+01,
 0.5428000E+01, 0.1790642E+01, 0.1082270E+02, 0.2002568E+01,
 0.5430000E+01, 0.1791656E+01, 0.1083486E+02, 0.2003702E+01,
 0.5432000E+01, 0.1792670E+01, 0.1084702E+02, 0.2004837E+01,
 0.5434000E+01, 0.1793686E+01, 0.1085918E+02, 0.2005973E+01,
 0.5436000E+01, 0.1794702E+01, 0.1087134E+02, 0.2007109E+01,
 0.5438000E+01, 0.1795719E+01, 0.1088350E+02, 0.2008246E+01,
 0.5440000E+01, 0.1796736E+01, 0.1089565E+02, 0.2009384E+01,
 0.5442000E+01, 0.1797754E+01, 0.1090780E+02, 0.2010523E+01,
 0.5444000E+01, 0.1798773E+01, 0.1091995E+02, 0.2011662E+01,
 0.5446000E+01, 0.1799793E+01, 0.1093210E+02, 0.2012803E+01,
 0.5448000E+01, 0.1800813E+01, 0.1094424E+02, 0.2013944E+01,
 0.5450000E+01, 0.1801834E+01, 0.1095639E+02, 0.2015086E+01,
 0.5452000E+01, 0.1802856E+01, 0.1096853E+02, 0.2016228E+01,
 0.5454000E+01, 0.1803878E+01, 0.1098066E+02, 0.2017372E+01,
 0.5456000E+01, 0.1804901E+01, 0.1099280E+02, 0.2018516E+01,
 0.5458000E+01, 0.1805925E+01, 0.1100494E+02, 0.2019661E+01,
 0.5460000E+01, 0.1806950E+01, 0.1101707E+02, 0.2020807E+01,
 0.5462000E+01, 0.1807975E+01, 0.1102920E+02, 0.2021953E+01,
 0.5464000E+01, 0.1809001E+01, 0.1104133E+02, 0.2023101E+01,
 0.5466000E+01, 0.1810028E+01, 0.1105345E+02, 0.2024249E+01,
 0.5468000E+01, 0.1811055E+01, 0.1106558E+02, 0.2025398E+01,
 0.5470000E+01, 0.1812083E+01, 0.1107770E+02, 0.2026547E+01,
 0.5472000E+01, 0.1813112E+01, 0.1108982E+02, 0.2027698E+01,
 0.5474000E+01, 0.1814141E+01, 0.1110194E+02, 0.2028849E+01,
 0.5476000E+01, 0.1815171E+01, 0.1111405E+02, 0.2030001E+01,
 0.5478000E+01, 0.1816202E+01, 0.1112617E+02, 0.2031154E+01,
 0.5480000E+01, 0.1817233E+01, 0.1113828E+02, 0.2032307E+01,
 0.5482000E+01, 0.1818266E+01, 0.1115039E+02, 0.2033462E+01,
 0.5484000E+01, 0.1819299E+01, 0.1116250E+02, 0.2034617E+01,
 0.5486000E+01, 0.1820332E+01, 0.1117461E+02, 0.2035773E+01,
 0.5488000E+01, 0.1821367E+01, 0.1118671E+02, 0.2036930E+01,
 0.5490000E+01, 0.1822402E+01, 0.1119882E+02, 0.2038087E+01,
 0.5492000E+01, 0.1823437E+01, 0.1121092E+02, 0.2039246E+01,
 0.5494000E+01, 0.1824474E+01, 0.1122302E+02, 0.2040405E+01,
 0.5496000E+01, 0.1825511E+01, 0.1123512E+02, 0.2041564E+01,
 0.5498000E+01, 0.1826549E+01, 0.1124721E+02, 0.2042725E+01,
 0.5500000E+01, 0.1827587E+01, 0.1125931E+02, 0.2043886E+01,
 0.5502000E+01, 0.1828626E+01, 0.1127140E+02, 0.2045048E+01,
 0.5504000E+01, 0.1829666E+01, 0.1128349E+02, 0.2046212E+01,
 0.5506000E+01, 0.1830707E+01, 0.1129558E+02, 0.2047375E+01,
 0.5508000E+01, 0.1831748E+01, 0.1130767E+02, 0.2048540E+01,
 0.5510000E+01, 0.1832790E+01, 0.1131975E+02, 0.2049705E+01,
 0.5512000E+01, 0.1833833E+01, 0.1133184E+02, 0.2050871E+01,
 0.5514000E+01, 0.1834876E+01, 0.1134392E+02, 0.2052038E+01,
 0.5516000E+01, 0.1835920E+01, 0.1135600E+02, 0.2053205E+01,
 0.5518000E+01, 0.1836965E+01, 0.1136808E+02, 0.2054374E+01,
 0.5520000E+01, 0.1838010E+01, 0.1138016E+02, 0.2055543E+01,
 0.5522000E+01, 0.1839056E+01, 0.1139224E+02, 0.2056713E+01,
 0.5524000E+01, 0.1840103E+01, 0.1140431E+02, 0.2057884E+01,
 0.5526000E+01, 0.1841151E+01, 0.1141639E+02, 0.2059055E+01,
 0.5528000E+01, 0.1842199E+01, 0.1142846E+02, 0.2060227E+01,
 0.5530000E+01, 0.1843248E+01, 0.1144053E+02, 0.2061400E+01,
 0.5532000E+01, 0.1844297E+01, 0.1145260E+02, 0.2062574E+01,
 0.5534000E+01, 0.1845348E+01, 0.1146467E+02, 0.2063749E+01,
 0.5536000E+01, 0.1846398E+01, 0.1147674E+02, 0.2064924E+01,
 0.5538000E+01, 0.1847450E+01, 0.1148880E+02, 0.2066100E+01,
 0.5540000E+01, 0.1848502E+01, 0.1150087E+02, 0.2067277E+01,
 0.5542000E+01, 0.1849555E+01, 0.1151293E+02, 0.2068455E+01,
 0.5544000E+01, 0.1850609E+01, 0.1152499E+02, 0.2069633E+01,
 0.5546000E+01, 0.1851664E+01, 0.1153705E+02, 0.2070812E+01,
 0.5548000E+01, 0.1852719E+01, 0.1154911E+02, 0.2071992E+01,
 0.5550000E+01, 0.1853774E+01, 0.1156116E+02, 0.2073173E+01,
 0.5552000E+01, 0.1854831E+01, 0.1157322E+02, 0.2074354E+01,
 0.5554000E+01, 0.1855888E+01, 0.1158528E+02, 0.2075537E+01,
 0.5556000E+01, 0.1856946E+01, 0.1159733E+02, 0.2076720E+01,
 0.5558000E+01, 0.1858004E+01, 0.1160938E+02, 0.2077904E+01,
 0.5560000E+01, 0.1859064E+01, 0.1162143E+02, 0.2079088E+01,
 0.5562000E+01, 0.1860124E+01, 0.1163348E+02, 0.2080274E+01,
 0.5564000E+01, 0.1861184E+01, 0.1164553E+02, 0.2081460E+01,
 0.5566000E+01, 0.1862245E+01, 0.1165758E+02, 0.2082647E+01,
 0.5568000E+01, 0.1863307E+01, 0.1166962E+02, 0.2083834E+01,
 0.5570000E+01, 0.1864370E+01, 0.1168167E+02, 0.2085022E+01,
 0.5572000E+01, 0.1865433E+01, 0.1169371E+02, 0.2086212E+01,
 0.5574000E+01, 0.1866497E+01, 0.1170575E+02, 0.2087402E+01,
 0.5576000E+01, 0.1867562E+01, 0.1171780E+02, 0.2088592E+01,
 0.5578000E+01, 0.1868627E+01, 0.1172984E+02, 0.2089784E+01,
 0.5580000E+01, 0.1869693E+01, 0.1174188E+02, 0.2090976E+01,
 0.5582000E+01, 0.1870760E+01, 0.1175391E+02, 0.2092169E+01,
 0.5584000E+01, 0.1871827E+01, 0.1176595E+02, 0.2093363E+01,
 0.5586000E+01, 0.1872895E+01, 0.1177799E+02, 0.2094557E+01,
 0.5588000E+01, 0.1873964E+01, 0.1179002E+02, 0.2095752E+01,
 0.5590000E+01, 0.1875034E+01, 0.1180206E+02, 0.2096949E+01,
 0.5592000E+01, 0.1876104E+01, 0.1181409E+02, 0.2098145E+01,
 0.5594000E+01, 0.1877175E+01, 0.1182612E+02, 0.2099343E+01,
 0.5596000E+01, 0.1878246E+01, 0.1183815E+02, 0.2100541E+01,
 0.5598000E+01, 0.1879318E+01, 0.1185019E+02, 0.2101740E+01,
 0.5600000E+01, 0.1880391E+01, 0.1186221E+02, 0.2102940E+01,
 0.5602000E+01, 0.1881465E+01, 0.1187424E+02, 0.2104141E+01,
 0.5604000E+01, 0.1882539E+01, 0.1188627E+02, 0.2105342E+01,
 0.5606000E+01, 0.1883614E+01, 0.1189830E+02, 0.2106544E+01,
 0.5608000E+01, 0.1884690E+01, 0.1191032E+02, 0.2107747E+01,
 0.5610000E+01, 0.1885766E+01, 0.1192235E+02, 0.2108951E+01,
 0.5612000E+01, 0.1886843E+01, 0.1193437E+02, 0.2110155E+01,
 0.5614000E+01, 0.1887920E+01, 0.1194639E+02, 0.2111360E+01,
 0.5616000E+01, 0.1888999E+01, 0.1195842E+02, 0.2112566E+01,
 0.5618000E+01, 0.1890078E+01, 0.1197044E+02, 0.2113773E+01,
 0.5620000E+01, 0.1891157E+01, 0.1198246E+02, 0.2114980E+01,
 0.5622000E+01, 0.1892238E+01, 0.1199448E+02, 0.2116189E+01,
 0.5624000E+01, 0.1893318E+01, 0.1200650E+02, 0.2117397E+01,
 0.5626000E+01, 0.1894400E+01, 0.1201852E+02, 0.2118607E+01,
 0.5628000E+01, 0.1895482E+01, 0.1203054E+02, 0.2119817E+01,
 0.5630000E+01, 0.1896566E+01, 0.1204255E+02, 0.2121029E+01,
 0.5632000E+01, 0.1897649E+01, 0.1205457E+02, 0.2122241E+01,
 0.5634000E+01, 0.1898733E+01, 0.1206659E+02, 0.2123453E+01,
 0.5636000E+01, 0.1899819E+01, 0.1207860E+02, 0.2124667E+01,
 0.5638000E+01, 0.1900904E+01, 0.1209062E+02, 0.2125881E+01,
 0.5640000E+01, 0.1901991E+01, 0.1210263E+02, 0.2127096E+01,
 0.5642000E+01, 0.1903078E+01, 0.1211464E+02, 0.2128312E+01,
 0.5644000E+01, 0.1904166E+01, 0.1212665E+02, 0.2129528E+01,
 0.5646000E+01, 0.1905254E+01, 0.1213867E+02, 0.2130745E+01,
 0.5648000E+01, 0.1906343E+01, 0.1215068E+02, 0.2131963E+01,
 0.5650000E+01, 0.1907433E+01, 0.1216269E+02, 0.2133182E+01,
 0.5652000E+01, 0.1908523E+01, 0.1217470E+02, 0.2134402E+01,
 0.5654000E+01, 0.1909614E+01, 0.1218671E+02, 0.2135622E+01,
 0.5656000E+01, 0.1910706E+01, 0.1219872E+02, 0.2136842E+01,
 0.5658000E+01, 0.1911798E+01, 0.1221072E+02, 0.2138064E+01,
 0.5660000E+01, 0.1912891E+01, 0.1222273E+02, 0.2139287E+01,
 0.5662000E+01, 0.1913985E+01, 0.1223474E+02, 0.2140510E+01,
 0.5664000E+01, 0.1915080E+01, 0.1224675E+02, 0.2141734E+01,
 0.5666000E+01, 0.1916175E+01, 0.1225875E+02, 0.2142959E+01,
 0.5668000E+01, 0.1917270E+01, 0.1227076E+02, 0.2144184E+01,
 0.5670000E+01, 0.1918367E+01, 0.1228276E+02, 0.2145410E+01,
 0.5672000E+01, 0.1919464E+01, 0.1229477E+02, 0.2146637E+01,
 0.5674000E+01, 0.1920562E+01, 0.1230677E+02, 0.2147865E+01,
 0.5676000E+01, 0.1921660E+01, 0.1231878E+02, 0.2149093E+01,
 0.5678000E+01, 0.1922759E+01, 0.1233078E+02, 0.2150322E+01,
 0.5680000E+01, 0.1923859E+01, 0.1234278E+02, 0.2151552E+01,
 0.5682000E+01, 0.1924959E+01, 0.1235479E+02, 0.2152783E+01,
 0.5684000E+01, 0.1926060E+01, 0.1236679E+02, 0.2154014E+01,
 0.5686000E+01, 0.1927162E+01, 0.1237879E+02, 0.2155246E+01,
 0.5688000E+01, 0.1928264E+01, 0.1239079E+02, 0.2156479E+01,
 0.5690000E+01, 0.1929368E+01, 0.1240279E+02, 0.2157713E+01,
 0.5692000E+01, 0.1930471E+01, 0.1241479E+02, 0.2158947E+01,
 0.5694000E+01, 0.1931576E+01, 0.1242680E+02, 0.2160182E+01,
 0.5696000E+01, 0.1932681E+01, 0.1243880E+02, 0.2161418E+01,
 0.5698000E+01, 0.1933786E+01, 0.1245080E+02, 0.2162655E+01,
 0.5700000E+01, 0.1934893E+01, 0.1246280E+02, 0.2163892E+01,
 0.5702000E+01, 0.1936000E+01, 0.1247479E+02, 0.2165130E+01,
 0.5704000E+01, 0.1937107E+01, 0.1248679E+02, 0.2166369E+01,
 0.5706000E+01, 0.1938216E+01, 0.1249879E+02, 0.2167608E+01,
 0.5708000E+01, 0.1939325E+01, 0.1251079E+02, 0.2168849E+01,
 0.5710000E+01, 0.1940434E+01, 0.1252279E+02, 0.2170089E+01,
 0.5712000E+01, 0.1941545E+01, 0.1253479E+02, 0.2171331E+01,
 0.5714000E+01, 0.1942656E+01, 0.1254679E+02, 0.2172574E+01,
 0.5716000E+01, 0.1943767E+01, 0.1255878E+02, 0.2173817E+01,
 0.5718000E+01, 0.1944879E+01, 0.1257078E+02, 0.2175061E+01,
 0.5720000E+01, 0.1945992E+01, 0.1258278E+02, 0.2176305E+01,
 0.5722000E+01, 0.1947106E+01, 0.1259477E+02, 0.2177551E+01,
 0.5724000E+01, 0.1948220E+01, 0.1260677E+02, 0.2178797E+01,
 0.5726000E+01, 0.1949335E+01, 0.1261877E+02, 0.2180044E+01,
 0.5728000E+01, 0.1950451E+01, 0.1263076E+02, 0.2181291E+01,
 0.5730000E+01, 0.1951567E+01, 0.1264276E+02, 0.2182540E+01,
 0.5732000E+01, 0.1952684E+01, 0.1265476E+02, 0.2183789E+01,
 0.5734000E+01, 0.1953801E+01, 0.1266675E+02, 0.2185039E+01,
 0.5736000E+01, 0.1954919E+01, 0.1267875E+02, 0.2186289E+01,
 0.5738000E+01, 0.1956038E+01, 0.1269075E+02, 0.2187540E+01,
 0.5740000E+01, 0.1957158E+01, 0.1270274E+02, 0.2188792E+01,
 0.5742000E+01, 0.1958278E+01, 0.1271474E+02, 0.2190045E+01,
 0.5744000E+01, 0.1959399E+01, 0.1272673E+02, 0.2191298E+01,
 0.5746000E+01, 0.1960520E+01, 0.1273873E+02, 0.2192553E+01,
 0.5748000E+01, 0.1961642E+01, 0.1275072E+02, 0.2193807E+01,
 0.5750000E+01, 0.1962765E+01, 0.1276272E+02, 0.2195063E+01,
 0.5752000E+01, 0.1963888E+01, 0.1277471E+02, 0.2196319E+01,
 0.5754000E+01, 0.1965012E+01, 0.1278671E+02, 0.2197577E+01,
 0.5756000E+01, 0.1966137E+01, 0.1279871E+02, 0.2198834E+01,
 0.5758000E+01, 0.1967263E+01, 0.1281070E+02, 0.2200093E+01,
 0.5760000E+01, 0.1968388E+01, 0.1282270E+02, 0.2201352E+01,
 0.5762000E+01, 0.1969515E+01, 0.1283469E+02, 0.2202612E+01,
 0.5764000E+01, 0.1970642E+01, 0.1284669E+02, 0.2203872E+01,
 0.5766000E+01, 0.1971770E+01, 0.1285868E+02, 0.2205134E+01,
 0.5768000E+01, 0.1972899E+01, 0.1287068E+02, 0.2206396E+01,
 0.5770000E+01, 0.1974028E+01, 0.1288267E+02, 0.2207659E+01,
 0.5772000E+01, 0.1975158E+01, 0.1289467E+02, 0.2208922E+01,
 0.5774000E+01, 0.1976288E+01, 0.1290666E+02, 0.2210187E+01,
 0.5776000E+01, 0.1977419E+01, 0.1291866E+02, 0.2211452E+01,
 0.5778000E+01, 0.1978551E+01, 0.1293066E+02, 0.2212718E+01,
 0.5780000E+01, 0.1979684E+01, 0.1294265E+02, 0.2213984E+01,
 0.5782000E+01, 0.1980817E+01, 0.1295465E+02, 0.2215251E+01,
 0.5784000E+01, 0.1981950E+01, 0.1296664E+02, 0.2216519E+01,
 0.5786000E+01, 0.1983085E+01, 0.1297864E+02, 0.2217788E+01,
 0.5788000E+01, 0.1984220E+01, 0.1299064E+02, 0.2219057E+01,
 0.5790000E+01, 0.1985355E+01, 0.1300263E+02, 0.2220327E+01,
 0.5792000E+01, 0.1986491E+01, 0.1301463E+02, 0.2221598E+01,
 0.5794000E+01, 0.1987628E+01, 0.1302663E+02, 0.2222869E+01,
 0.5796000E+01, 0.1988766E+01, 0.1303862E+02, 0.2224141E+01,
 0.5798000E+01, 0.1989904E+01, 0.1305062E+02, 0.2225414E+01,
 0.5800000E+01, 0.1991043E+01, 0.1306262E+02, 0.2226688E+01,
 0.5802000E+01, 0.1992182E+01, 0.1307462E+02, 0.2227962E+01,
 0.5804000E+01, 0.1993323E+01, 0.1308661E+02, 0.2229237E+01,
 0.5806000E+01, 0.1994463E+01, 0.1309861E+02, 0.2230513E+01,
 0.5808000E+01, 0.1995605E+01, 0.1311061E+02, 0.2231789E+01,
 0.5810000E+01, 0.1996747E+01, 0.1312261E+02, 0.2233067E+01,
 0.5812000E+01, 0.1997889E+01, 0.1313461E+02, 0.2234344E+01,
 0.5814000E+01, 0.1999032E+01, 0.1314660E+02, 0.2235623E+01,
 0.5816000E+01, 0.2000176E+01, 0.1315860E+02, 0.2236902E+01,
 0.5818000E+01, 0.2001321E+01, 0.1317060E+02, 0.2238182E+01,
 0.5820000E+01, 0.2002466E+01, 0.1318260E+02, 0.2239463E+01,
 0.5822000E+01, 0.2003612E+01, 0.1319460E+02, 0.2240744E+01,
 0.5824000E+01, 0.2004758E+01, 0.1320660E+02, 0.2242026E+01,
 0.5826000E+01, 0.2005905E+01, 0.1321860E+02, 0.2243309E+01,
 0.5828000E+01, 0.2007053E+01, 0.1323060E+02, 0.2244593E+01,
 0.5830000E+01, 0.2008201E+01, 0.1324260E+02, 0.2245877E+01,
 0.5832000E+01, 0.2009351E+01, 0.1325461E+02, 0.2247162E+01,
 0.5834000E+01, 0.2010500E+01, 0.1326661E+02, 0.2248448E+01,
 0.5836000E+01, 0.2011650E+01, 0.1327861E+02, 0.2249734E+01,
 0.5838000E+01, 0.2012801E+01, 0.1329061E+02, 0.2251021E+01,
 0.5840000E+01, 0.2013952E+01, 0.1330261E+02, 0.2252309E+01,
 0.5842000E+01, 0.2015105E+01, 0.1331462E+02, 0.2253597E+01,
 0.5844000E+01, 0.2016257E+01, 0.1332662E+02, 0.2254886E+01,
 0.5846000E+01, 0.2017411E+01, 0.1333862E+02, 0.2256176E+01,
 0.5848000E+01, 0.2018565E+01, 0.1335063E+02, 0.2257467E+01,
 0.5850000E+01, 0.2019719E+01, 0.1336263E+02, 0.2258758E+01,
 0.5852000E+01, 0.2020875E+01, 0.1337463E+02, 0.2260050E+01,
 0.5854000E+01, 0.2022030E+01, 0.1338664E+02, 0.2261343E+01,
 0.5856000E+01, 0.2023187E+01, 0.1339864E+02, 0.2262636E+01,
 0.5858000E+01, 0.2024344E+01, 0.1341065E+02, 0.2263930E+01,
 0.5860000E+01, 0.2025502E+01, 0.1342265E+02, 0.2265225E+01,
 0.5862000E+01, 0.2026660E+01, 0.1343466E+02, 0.2266521E+01,
 0.5864000E+01, 0.2027819E+01, 0.1344667E+02, 0.2267817E+01,
 0.5866000E+01, 0.2028979E+01, 0.1345868E+02, 0.2269113E+01,
 0.5868000E+01, 0.2030139E+01, 0.1347068E+02, 0.2270411E+01,
 0.5870000E+01, 0.2031300E+01, 0.1348269E+02, 0.2271709E+01,
 0.5872000E+01, 0.2032461E+01, 0.1349470E+02, 0.2273008E+01,
 0.5874000E+01, 0.2033623E+01, 0.1350671E+02, 0.2274307E+01,
 0.5876000E+01, 0.2034786E+01, 0.1351872E+02, 0.2275608E+01,
 0.5878000E+01, 0.2035949E+01, 0.1353073E+02, 0.2276909E+01,
 0.5880000E+01, 0.2037113E+01, 0.1354274E+02, 0.2278211E+01,
 0.5882000E+01, 0.2038278E+01, 0.1355475E+02, 0.2279513E+01,
 0.5884000E+01, 0.2039443E+01, 0.1356676E+02, 0.2280816E+01,
 0.5886000E+01, 0.2040609E+01, 0.1357877E+02, 0.2282120E+01,
 0.5888000E+01, 0.2041775E+01, 0.1359078E+02, 0.2283424E+01,
 0.5890000E+01, 0.2042942E+01, 0.1360279E+02, 0.2284729E+01,
 0.5892000E+01, 0.2044110E+01, 0.1361481E+02, 0.2286035E+01,
 0.5894000E+01, 0.2045278E+01, 0.1362682E+02, 0.2287342E+01,
 0.5896000E+01, 0.2046447E+01, 0.1363883E+02, 0.2288649E+01,
 0.5898000E+01, 0.2047616E+01, 0.1365085E+02, 0.2289957E+01,
 0.5900000E+01, 0.2048786E+01, 0.1366286E+02, 0.2291265E+01,
 0.5902000E+01, 0.2049957E+01, 0.1367488E+02, 0.2292575E+01,
 0.5904000E+01, 0.2051128E+01, 0.1368689E+02, 0.2293885E+01,
 0.5906000E+01, 0.2052300E+01, 0.1369891E+02, 0.2295195E+01,
 0.5908000E+01, 0.2053473E+01, 0.1371093E+02, 0.2296507E+01,
 0.5910000E+01, 0.2054646E+01, 0.1372295E+02, 0.2297818E+01,
 0.5912000E+01, 0.2055820E+01, 0.1373496E+02, 0.2299131E+01,
 0.5914000E+01, 0.2056994E+01, 0.1374698E+02, 0.2300445E+01,
 0.5916000E+01, 0.2058169E+01, 0.1375900E+02, 0.2301759E+01,
 0.5918000E+01, 0.2059345E+01, 0.1377102E+02, 0.2303073E+01,
 0.5920000E+01, 0.2060521E+01, 0.1378304E+02, 0.2304389E+01,
 0.5922000E+01, 0.2061698E+01, 0.1379506E+02, 0.2305705E+01,
 0.5924000E+01, 0.2062875E+01, 0.1380708E+02, 0.2307021E+01,
 0.5926000E+01, 0.2064053E+01, 0.1381910E+02, 0.2308339E+01,
 0.5928000E+01, 0.2065232E+01, 0.1383113E+02, 0.2309657E+01,
 0.5930000E+01, 0.2066411E+01, 0.1384315E+02, 0.2310976E+01,
 0.5932000E+01, 0.2067591E+01, 0.1385517E+02, 0.2312295E+01,
 0.5934000E+01, 0.2068771E+01, 0.1386720E+02, 0.2313615E+01,
 0.5936000E+01, 0.2069952E+01, 0.1387922E+02, 0.2314936E+01,
 0.5938000E+01, 0.2071134E+01, 0.1389125E+02, 0.2316258E+01,
 0.5940000E+01, 0.2072316E+01, 0.1390327E+02, 0.2317580E+01,
 0.5942000E+01, 0.2073499E+01, 0.1391530E+02, 0.2318902E+01,
 0.5944000E+01, 0.2074682E+01, 0.1392733E+02, 0.2320226E+01,
 0.5946000E+01, 0.2075866E+01, 0.1393935E+02, 0.2321550E+01,
 0.5948000E+01, 0.2077051E+01, 0.1395139E+02, 0.2322875E+01,
 0.5950000E+01, 0.2078236E+01, 0.1396341E+02, 0.2324200E+01,
 0.5952000E+01, 0.2079422E+01, 0.1397544E+02, 0.2325527E+01,
 0.5954000E+01, 0.2080608E+01, 0.1398747E+02, 0.2326854E+01,
 0.5956000E+01, 0.2081795E+01, 0.1399950E+02, 0.2328181E+01,
 0.5958000E+01, 0.2082983E+01, 0.1401154E+02, 0.2329509E+01,
 0.5960000E+01, 0.2084171E+01, 0.1402357E+02, 0.2330838E+01,
 0.5962000E+01, 0.2085360E+01, 0.1403560E+02, 0.2332168E+01,
 0.5964000E+01, 0.2086550E+01, 0.1404763E+02, 0.2333498E+01,
 0.5966000E+01, 0.2087739E+01, 0.1405967E+02, 0.2334829E+01,
 0.5968000E+01, 0.2088930E+01, 0.1407170E+02, 0.2336160E+01,
 0.5970000E+01, 0.2090121E+01, 0.1408374E+02, 0.2337492E+01,
 0.5972000E+01, 0.2091313E+01, 0.1409578E+02, 0.2338825E+01,
 0.5974000E+01, 0.2092505E+01, 0.1410781E+02, 0.2340159E+01,
 0.5976000E+01, 0.2093698E+01, 0.1411985E+02, 0.2341493E+01,
 0.5978000E+01, 0.2094892E+01, 0.1413189E+02, 0.2342827E+01,
 0.5980000E+01, 0.2096086E+01, 0.1414393E+02, 0.2344163E+01,
 0.5982000E+01, 0.2097281E+01, 0.1415597E+02, 0.2345499E+01,
 0.5984000E+01, 0.2098476E+01, 0.1416801E+02, 0.2346836E+01,
 0.5986000E+01, 0.2099672E+01, 0.1418005E+02, 0.2348173E+01,
 0.5988000E+01, 0.2100868E+01, 0.1419209E+02, 0.2349511E+01,
 0.5990000E+01, 0.2102066E+01, 0.1420413E+02, 0.2350850E+01,
 0.5992000E+01, 0.2103263E+01, 0.1421618E+02, 0.2352190E+01,
 0.5994000E+01, 0.2104462E+01, 0.1422822E+02, 0.2353530E+01,
 0.5996000E+01, 0.2105660E+01, 0.1424026E+02, 0.2354871E+01,
 0.5998000E+01, 0.2106860E+01, 0.1425231E+02, 0.2356212E+01,
 0.6000000E+01, 0.2108060E+01, 0.1426435E+02, 0.2357554E+01,
 0.6002000E+01, 0.2109261E+01, 0.1427640E+02, 0.2358897E+01,
 0.6004000E+01, 0.2110461E+01, 0.1428845E+02, 0.2360240E+01,
 0.6006000E+01, 0.2111663E+01, 0.1430050E+02, 0.2361584E+01,
 0.6008000E+01, 0.2112866E+01, 0.1431255E+02, 0.2362929E+01,
 0.6010000E+01, 0.2114069E+01, 0.1432460E+02, 0.2364274E+01,
 0.6012000E+01, 0.2115272E+01, 0.1433665E+02, 0.2365620E+01,
 0.6014000E+01, 0.2116476E+01, 0.1434870E+02, 0.2366966E+01,
 0.6016000E+01, 0.2117681E+01, 0.1436075E+02, 0.2368314E+01,
 0.6018000E+01, 0.2118886E+01, 0.1437280E+02, 0.2369662E+01,
 0.6020000E+01, 0.2120092E+01, 0.1438485E+02, 0.2371010E+01,
 0.6022000E+01, 0.2121298E+01, 0.1439691E+02, 0.2372359E+01,
 0.6024000E+01, 0.2122505E+01, 0.1440896E+02, 0.2373709E+01,
 0.6026000E+01, 0.2123713E+01, 0.1442102E+02, 0.2375060E+01,
 0.6028000E+01, 0.2124921E+01, 0.1443307E+02, 0.2376411E+01,
 0.6030000E+01, 0.2126130E+01, 0.1444513E+02, 0.2377763E+01,
 0.6032000E+01, 0.2127339E+01, 0.1445719E+02, 0.2379115E+01,
 0.6034000E+01, 0.2128549E+01, 0.1446925E+02, 0.2380468E+01,
 0.6036000E+01, 0.2129760E+01, 0.1448131E+02, 0.2381822E+01,
 0.6038000E+01, 0.2130970E+01, 0.1449337E+02, 0.2383176E+01,
 0.6040000E+01, 0.2132182E+01, 0.1450543E+02, 0.2384531E+01,
 0.6042000E+01, 0.2133394E+01, 0.1451749E+02, 0.2385887E+01,
 0.6044000E+01, 0.2134607E+01, 0.1452955E+02, 0.2387243E+01,
 0.6046000E+01, 0.2135820E+01, 0.1454161E+02, 0.2388600E+01,
 0.6048000E+01, 0.2137034E+01, 0.1455368E+02, 0.2389957E+01,
 0.6050000E+01, 0.2138248E+01, 0.1456574E+02, 0.2391315E+01,
 0.6052000E+01, 0.2139463E+01, 0.1457781E+02, 0.2392674E+01,
 0.6054000E+01, 0.2140679E+01, 0.1458987E+02, 0.2394034E+01,
 0.6056000E+01, 0.2141895E+01, 0.1460194E+02, 0.2395394E+01,
 0.6058000E+01, 0.2143112E+01, 0.1461401E+02, 0.2396755E+01,
 0.6060000E+01, 0.2144329E+01, 0.1462608E+02, 0.2398116E+01,
 0.6062000E+01, 0.2145547E+01, 0.1463815E+02, 0.2399478E+01,
 0.6064000E+01, 0.2146766E+01, 0.1465022E+02, 0.2400841E+01,
 0.6066000E+01, 0.2147985E+01, 0.1466229E+02, 0.2402204E+01,
 0.6068000E+01, 0.2149204E+01, 0.1467436E+02, 0.2403568E+01,
 0.6070000E+01, 0.2150424E+01, 0.1468643E+02, 0.2404932E+01,
 0.6072000E+01, 0.2151645E+01, 0.1469851E+02, 0.2406297E+01,
 0.6074000E+01, 0.2152866E+01, 0.1471058E+02, 0.2407663E+01,
 0.6076000E+01, 0.2154088E+01, 0.1472266E+02, 0.2409029E+01,
 0.6078000E+01, 0.2155310E+01, 0.1473473E+02, 0.2410396E+01,
 0.6080000E+01, 0.2156533E+01, 0.1474681E+02, 0.2411764E+01,
 0.6082000E+01, 0.2157757E+01, 0.1475888E+02, 0.2413132E+01,
 0.6084000E+01, 0.2158981E+01, 0.1477096E+02, 0.2414501E+01,
 0.6086000E+01, 0.2160205E+01, 0.1478304E+02, 0.2415871E+01,
 0.6088000E+01, 0.2161430E+01, 0.1479512E+02, 0.2417241E+01,
 0.6090000E+01, 0.2162656E+01, 0.1480720E+02, 0.2418612E+01,
 0.6092000E+01, 0.2163882E+01, 0.1481928E+02, 0.2419983E+01,
 0.6094000E+01, 0.2165109E+01, 0.1483137E+02, 0.2421355E+01,
 0.6096000E+01, 0.2166336E+01, 0.1484345E+02, 0.2422728E+01,
 0.6098000E+01, 0.2167564E+01, 0.1485553E+02, 0.2424101E+01,
 0.6100000E+01, 0.2168793E+01, 0.1486762E+02, 0.2425475E+01,
 0.6102000E+01, 0.2170022E+01, 0.1487970E+02, 0.2426849E+01,
 0.6104000E+01, 0.2171251E+01, 0.1489179E+02, 0.2428224E+01,
 0.6106000E+01, 0.2172482E+01, 0.1490388E+02, 0.2429600E+01,
 0.6108000E+01, 0.2173712E+01, 0.1491597E+02, 0.2430976E+01,
 0.6110000E+01, 0.2174943E+01, 0.1492805E+02, 0.2432353E+01,
 0.6112000E+01, 0.2176175E+01, 0.1494014E+02, 0.2433731E+01,
 0.6114000E+01, 0.2177408E+01, 0.1495223E+02, 0.2435109E+01,
 0.6116000E+01, 0.2178640E+01, 0.1496433E+02, 0.2436488E+01,
 0.6118000E+01, 0.2179874E+01, 0.1497642E+02, 0.2437867E+01,
 0.6120000E+01, 0.2181108E+01, 0.1498851E+02, 0.2439247E+01,
 0.6122000E+01, 0.2182343E+01, 0.1500060E+02, 0.2440628E+01,
 0.6124000E+01, 0.2183578E+01, 0.1501270E+02, 0.2442009E+01,
 0.6126000E+01, 0.2184813E+01, 0.1502479E+02, 0.2443391E+01,
 0.6128000E+01, 0.2186049E+01, 0.1503689E+02, 0.2444773E+01,
 0.6130000E+01, 0.2187286E+01, 0.1504899E+02, 0.2446157E+01,
 0.6132000E+01, 0.2188523E+01, 0.1506108E+02, 0.2447540E+01,
 0.6134000E+01, 0.2189761E+01, 0.1507318E+02, 0.2448925E+01,
 0.6136000E+01, 0.2190999E+01, 0.1508528E+02, 0.2450310E+01,
 0.6138000E+01, 0.2192238E+01, 0.1509738E+02, 0.2451695E+01,
 0.6140000E+01, 0.2193478E+01, 0.1510949E+02, 0.2453081E+01,
 0.6142000E+01, 0.2194717E+01, 0.1512159E+02, 0.2454468E+01,
 0.6144000E+01, 0.2195958E+01, 0.1513369E+02, 0.2455855E+01,
 0.6146000E+01, 0.2197199E+01, 0.1514579E+02, 0.2457243E+01,
 0.6148000E+01, 0.2198441E+01, 0.1515790E+02, 0.2458632E+01,
 0.6150000E+01, 0.2199683E+01, 0.1517000E+02, 0.2460021E+01,
 0.6152000E+01, 0.2200925E+01, 0.1518211E+02, 0.2461410E+01,
 0.6154000E+01, 0.2202169E+01, 0.1519422E+02, 0.2462801E+01,
 0.6156000E+01, 0.2203412E+01, 0.1520633E+02, 0.2464191E+01,
 0.6158000E+01, 0.2204657E+01, 0.1521843E+02, 0.2465583E+01,
 0.6160000E+01, 0.2205901E+01, 0.1523054E+02, 0.2466975E+01,
 0.6162000E+01, 0.2207147E+01, 0.1524265E+02, 0.2468368E+01,
 0.6164000E+01, 0.2208393E+01, 0.1525477E+02, 0.2469761E+01,
 0.6166000E+01, 0.2209639E+01, 0.1526688E+02, 0.2471155E+01,
 0.6168000E+01, 0.2210886E+01, 0.1527899E+02, 0.2472549E+01,
 0.6170000E+01, 0.2212133E+01, 0.1529110E+02, 0.2473945E+01,
 0.6172000E+01, 0.2213381E+01, 0.1530322E+02, 0.2475340E+01,
 0.6174000E+01, 0.2214630E+01, 0.1531533E+02, 0.2476737E+01,
 0.6176000E+01, 0.2215879E+01, 0.1532745E+02, 0.2478134E+01,
 0.6178000E+01, 0.2217128E+01, 0.1533957E+02, 0.2479531E+01,
 0.6180000E+01, 0.2218379E+01, 0.1535169E+02, 0.2480929E+01,
 0.6182000E+01, 0.2219629E+01, 0.1536380E+02, 0.2482328E+01,
 0.6184000E+01, 0.2220880E+01, 0.1537592E+02, 0.2483727E+01,
 0.6186000E+01, 0.2222132E+01, 0.1538804E+02, 0.2485127E+01,
 0.6188000E+01, 0.2223384E+01, 0.1540017E+02, 0.2486527E+01,
 0.6190000E+01, 0.2224637E+01, 0.1541229E+02, 0.2487928E+01,
 0.6192000E+01, 0.2225890E+01, 0.1542441E+02, 0.2489330E+01,
 0.6194000E+01, 0.2227144E+01, 0.1543653E+02, 0.2490732E+01,
 0.6196000E+01, 0.2228398E+01, 0.1544866E+02, 0.2492135E+01,
 0.6198000E+01, 0.2229653E+01, 0.1546078E+02, 0.2493538E+01,
 0.6200000E+01, 0.2230908E+01, 0.1547291E+02, 0.2494942E+01,
 0.6202000E+01, 0.2232164E+01, 0.1548504E+02, 0.2496346E+01,
 0.6204000E+01, 0.2233421E+01, 0.1549717E+02, 0.2497751E+01,
 0.6206000E+01, 0.2234677E+01, 0.1550929E+02, 0.2499157E+01,
 0.6208000E+01, 0.2235935E+01, 0.1552142E+02, 0.2500563E+01,
 0.6210000E+01, 0.2237193E+01, 0.1553355E+02, 0.2501970E+01,
 0.6212000E+01, 0.2238451E+01, 0.1554569E+02, 0.2503377E+01,
 0.6214000E+01, 0.2239710E+01, 0.1555782E+02, 0.2504785E+01,
 0.6216000E+01, 0.2240969E+01, 0.1556995E+02, 0.2506194E+01,
 0.6218000E+01, 0.2242229E+01, 0.1558208E+02, 0.2507603E+01,
 0.6220000E+01, 0.2243490E+01, 0.1559422E+02, 0.2509012E+01,
 0.6222000E+01, 0.2244751E+01, 0.1560635E+02, 0.2510423E+01,
 0.6224000E+01, 0.2246012E+01, 0.1561849E+02, 0.2511833E+01,
 0.6226000E+01, 0.2247274E+01, 0.1563063E+02, 0.2513245E+01,
 0.6228000E+01, 0.2248537E+01, 0.1564277E+02, 0.2514657E+01,
 0.6230000E+01, 0.2249800E+01, 0.1565490E+02, 0.2516069E+01,
 0.6232000E+01, 0.2251064E+01, 0.1566704E+02, 0.2517483E+01,
 0.6234000E+01, 0.2252328E+01, 0.1567918E+02, 0.2518896E+01,
 0.6236000E+01, 0.2253592E+01, 0.1569133E+02, 0.2520311E+01,
 0.6238000E+01, 0.2254857E+01, 0.1570347E+02, 0.2521725E+01,
 0.6240000E+01, 0.2256123E+01, 0.1571561E+02, 0.2523141E+01,
 0.6242000E+01, 0.2257389E+01, 0.1572775E+02, 0.2524557E+01,
 0.6244000E+01, 0.2258656E+01, 0.1573990E+02, 0.2525973E+01,
 0.6246000E+01, 0.2259923E+01, 0.1575204E+02, 0.2527390E+01,
 0.6248000E+01, 0.2261190E+01, 0.1576419E+02, 0.2528808E+01,
 0.6250000E+01, 0.2262458E+01, 0.1577633E+02, 0.2530226E+01,
 0.6252000E+01, 0.2263727E+01, 0.1578848E+02, 0.2531645E+01,
 0.6254000E+01, 0.2264996E+01, 0.1580063E+02, 0.2533064E+01,
 0.6256000E+01, 0.2266266E+01, 0.1581278E+02, 0.2534484E+01,
 0.6258000E+01, 0.2267536E+01, 0.1582493E+02, 0.2535904E+01,
 0.6260000E+01, 0.2268806E+01, 0.1583708E+02, 0.2537325E+01,
 0.6262000E+01, 0.2270077E+01, 0.1584923E+02, 0.2538747E+01,
 0.6264000E+01, 0.2271349E+01, 0.1586138E+02, 0.2540169E+01,
 0.6266000E+01, 0.2272621E+01, 0.1587354E+02, 0.2541592E+01,
 0.6268000E+01, 0.2273894E+01, 0.1588569E+02, 0.2543015E+01,
 0.6270000E+01, 0.2275167E+01, 0.1589785E+02, 0.2544439E+01,
 0.6272000E+01, 0.2276441E+01, 0.1591000E+02, 0.2545863E+01,
 0.6274000E+01, 0.2277715E+01, 0.1592216E+02, 0.2547288E+01,
 0.6276000E+01, 0.2278989E+01, 0.1593432E+02, 0.2548713E+01,
 0.6278000E+01, 0.2280264E+01, 0.1594647E+02, 0.2550139E+01,
 0.6280000E+01, 0.2281540E+01, 0.1595863E+02, 0.2551566E+01,
 0.6282000E+01, 0.2282816E+01, 0.1597079E+02, 0.2552993E+01,
 0.6284000E+01, 0.2284092E+01, 0.1598295E+02, 0.2554420E+01,
 0.6286000E+01, 0.2285369E+01, 0.1599511E+02, 0.2555848E+01,
 0.6288000E+01, 0.2286647E+01, 0.1600727E+02, 0.2557277E+01,
 0.6290000E+01, 0.2287925E+01, 0.1601944E+02, 0.2558707E+01,
 0.6292000E+01, 0.2289204E+01, 0.1603160E+02, 0.2560137E+01,
 0.6294000E+01, 0.2290483E+01, 0.1604376E+02, 0.2561567E+01,
 0.6296000E+01, 0.2291762E+01, 0.1605593E+02, 0.2562998E+01,
 0.6298000E+01, 0.2293042E+01, 0.1606809E+02, 0.2564429E+01,
 0.6300000E+01, 0.2294322E+01, 0.1608026E+02, 0.2565861E+01,
 0.6302000E+01, 0.2295604E+01, 0.1609243E+02, 0.2567294E+01,
 0.6304000E+01, 0.2296885E+01, 0.1610460E+02, 0.2568727E+01,
 0.6306000E+01, 0.2298167E+01, 0.1611677E+02, 0.2570160E+01,
 0.6308000E+01, 0.2299449E+01, 0.1612893E+02, 0.2571594E+01,
 0.6310000E+01, 0.2300732E+01, 0.1614110E+02, 0.2573029E+01,
 0.6312000E+01, 0.2302015E+01, 0.1615327E+02, 0.2574465E+01,
 0.6314000E+01, 0.2303299E+01, 0.1616545E+02, 0.2575900E+01,
 0.6316000E+01, 0.2304583E+01, 0.1617762E+02, 0.2577336E+01,
 0.6318000E+01, 0.2305868E+01, 0.1618979E+02, 0.2578773E+01,
 0.6320000E+01, 0.2307153E+01, 0.1620197E+02, 0.2580210E+01,
 0.6322000E+01, 0.2308439E+01, 0.1621414E+02, 0.2581648E+01,
 0.6324000E+01, 0.2309725E+01, 0.1622631E+02, 0.2583087E+01,
 0.6326000E+01, 0.2311012E+01, 0.1623849E+02, 0.2584526E+01,
 0.6328000E+01, 0.2312299E+01, 0.1625067E+02, 0.2585965E+01,
 0.6330000E+01, 0.2313586E+01, 0.1626285E+02, 0.2587405E+01,
 0.6332000E+01, 0.2314875E+01, 0.1627502E+02, 0.2588846E+01,
 0.6334000E+01, 0.2316163E+01, 0.1628720E+02, 0.2590287E+01,
 0.6336000E+01, 0.2317452E+01, 0.1629938E+02, 0.2591728E+01,
 0.6338000E+01, 0.2318742E+01, 0.1631156E+02, 0.2593171E+01,
 0.6340000E+01, 0.2320032E+01, 0.1632374E+02, 0.2594613E+01,
 0.6342000E+01, 0.2321322E+01, 0.1633593E+02, 0.2596056E+01,
 0.6344000E+01, 0.2322613E+01, 0.1634811E+02, 0.2597500E+01,
 0.6346000E+01, 0.2323905E+01, 0.1636029E+02, 0.2598944E+01,
 0.6348000E+01, 0.2325196E+01, 0.1637247E+02, 0.2600389E+01,
 0.6350000E+01, 0.2326489E+01, 0.1638466E+02, 0.2601834E+01,
 0.6352000E+01, 0.2327781E+01, 0.1639685E+02, 0.2603280E+01,
 0.6354000E+01, 0.2329075E+01, 0.1640903E+02, 0.2604726E+01,
 0.6356000E+01, 0.2330368E+01, 0.1642122E+02, 0.2606173E+01,
 0.6358000E+01, 0.2331662E+01, 0.1643341E+02, 0.2607620E+01,
 0.6360000E+01, 0.2332957E+01, 0.1644559E+02, 0.2609068E+01,
 0.6362000E+01, 0.2334252E+01, 0.1645778E+02, 0.2610517E+01,
 0.6364000E+01, 0.2335548E+01, 0.1646997E+02, 0.2611965E+01,
 0.6366000E+01, 0.2336844E+01, 0.1648216E+02, 0.2613415E+01,
 0.6368000E+01, 0.2338140E+01, 0.1649435E+02, 0.2614865E+01,
 0.6370000E+01, 0.2339437E+01, 0.1650654E+02, 0.2616315E+01,
 0.6372000E+01, 0.2340734E+01, 0.1651874E+02, 0.2617766E+01,
 0.6374000E+01, 0.2342032E+01, 0.1653093E+02, 0.2619217E+01,
 0.6376000E+01, 0.2343331E+01, 0.1654312E+02, 0.2620670E+01,
 0.6378000E+01, 0.2344629E+01, 0.1655532E+02, 0.2622122E+01,
 0.6380000E+01, 0.2345929E+01, 0.1656751E+02, 0.2623575E+01,
 0.6382000E+01, 0.2347228E+01, 0.1657971E+02, 0.2625028E+01,
 0.6384000E+01, 0.2348528E+01, 0.1659190E+02, 0.2626482E+01,
 0.6386000E+01, 0.2349829E+01, 0.1660410E+02, 0.2627937E+01,
 0.6388000E+01, 0.2351130E+01, 0.1661630E+02, 0.2629392E+01,
 0.6390000E+01, 0.2352431E+01, 0.1662849E+02, 0.2630847E+01,
 0.6392000E+01, 0.2353733E+01, 0.1664069E+02, 0.2632303E+01,
 0.6394000E+01, 0.2355035E+01, 0.1665289E+02, 0.2633759E+01,
 0.6396000E+01, 0.2356338E+01, 0.1666509E+02, 0.2635217E+01,
 0.6398000E+01, 0.2357641E+01, 0.1667729E+02, 0.2636674E+01,
 0.6400000E+01, 0.2358945E+01, 0.1668950E+02, 0.2638132E+01,
 0.6402000E+01, 0.2360249E+01, 0.1670169E+02, 0.2639591E+01,
 0.6404000E+01, 0.2361554E+01, 0.1671390E+02, 0.2641050E+01,
 0.6406000E+01, 0.2362859E+01, 0.1672610E+02, 0.2642509E+01,
 0.6408000E+01, 0.2364164E+01, 0.1673830E+02, 0.2643969E+01,
 0.6410000E+01, 0.2365470E+01, 0.1675051E+02, 0.2645430E+01,
 0.6412000E+01, 0.2366776E+01, 0.1676271E+02, 0.2646890E+01,
 0.6414000E+01, 0.2368083E+01, 0.1677492E+02, 0.2648352E+01,
 0.6416000E+01, 0.2369391E+01, 0.1678712E+02, 0.2649814E+01,
 0.6418000E+01, 0.2370698E+01, 0.1679933E+02, 0.2651276E+01,
 0.6420000E+01, 0.2372006E+01, 0.1681154E+02, 0.2652739E+01,
 0.6422000E+01, 0.2373315E+01, 0.1682375E+02, 0.2654203E+01,
 0.6424000E+01, 0.2374624E+01, 0.1683595E+02, 0.2655667E+01,
 0.6426000E+01, 0.2375933E+01, 0.1684816E+02, 0.2657131E+01,
 0.6428000E+01, 0.2377243E+01, 0.1686037E+02, 0.2658596E+01,
 0.6430000E+01, 0.2378554E+01, 0.1687258E+02, 0.2660061E+01,
 0.6432000E+01, 0.2379864E+01, 0.1688479E+02, 0.2661527E+01,
 0.6434000E+01, 0.2381175E+01, 0.1689701E+02, 0.2662993E+01,
 0.6436000E+01, 0.2382487E+01, 0.1690922E+02, 0.2664460E+01,
 0.6438000E+01, 0.2383799E+01, 0.1692143E+02, 0.2665927E+01,
 0.6440000E+01, 0.2385111E+01, 0.1693364E+02, 0.2667395E+01,
 0.6442000E+01, 0.2386424E+01, 0.1694586E+02, 0.2668863E+01,
 0.6444000E+01, 0.2387738E+01, 0.1695807E+02, 0.2670332E+01,
 0.6446000E+01, 0.2389051E+01, 0.1697028E+02, 0.2671801E+01,
 0.6448000E+01, 0.2390365E+01, 0.1698250E+02, 0.2673271E+01,
 0.6450000E+01, 0.2391680E+01, 0.1699471E+02, 0.2674741E+01,
 0.6452000E+01, 0.2392995E+01, 0.1700693E+02, 0.2676212E+01,
 0.6454000E+01, 0.2394310E+01, 0.1701915E+02, 0.2677683E+01,
 0.6456000E+01, 0.2395626E+01, 0.1703136E+02, 0.2679154E+01,
 0.6458000E+01, 0.2396942E+01, 0.1704358E+02, 0.2680626E+01,
 0.6460000E+01, 0.2398259E+01, 0.1705580E+02, 0.2682099E+01,
 0.6462000E+01, 0.2399576E+01, 0.1706802E+02, 0.2683572E+01,
 0.6464000E+01, 0.2400894E+01, 0.1708024E+02, 0.2685045E+01,
 0.6466000E+01, 0.2402212E+01, 0.1709246E+02, 0.2686519E+01,
 0.6468000E+01, 0.2403530E+01, 0.1710468E+02, 0.2687994E+01,
 0.6470000E+01, 0.2404849E+01, 0.1711690E+02, 0.2689469E+01,
 0.6472000E+01, 0.2406168E+01, 0.1712912E+02, 0.2690944E+01,
 0.6474000E+01, 0.2407488E+01, 0.1714134E+02, 0.2692420E+01,
 0.6476000E+01, 0.2408808E+01, 0.1715356E+02, 0.2693896E+01,
 0.6478000E+01, 0.2410128E+01, 0.1716578E+02, 0.2695373E+01,
 0.6480000E+01, 0.2411449E+01, 0.1717801E+02, 0.2696850E+01,
 0.6482000E+01, 0.2412770E+01, 0.1719023E+02, 0.2698328E+01,
 0.6484000E+01, 0.2414092E+01, 0.1720246E+02, 0.2699806E+01,
 0.6486000E+01, 0.2415414E+01, 0.1721468E+02, 0.2701284E+01,
 0.6488000E+01, 0.2416737E+01, 0.1722690E+02, 0.2702763E+01,
 0.6490000E+01, 0.2418060E+01, 0.1723913E+02, 0.2704243E+01,
 0.6492000E+01, 0.2419383E+01, 0.1725136E+02, 0.2705723E+01,
 0.6494000E+01, 0.2420707E+01, 0.1726358E+02, 0.2707203E+01,
 0.6496000E+01, 0.2422031E+01, 0.1727581E+02, 0.2708684E+01,
 0.6498000E+01, 0.2423355E+01, 0.1728803E+02, 0.2710166E+01,
 0.6500000E+01, 0.2424680E+01, 0.1730026E+02, 0.2711647E+01,
 0.6502000E+01, 0.2426006E+01, 0.1731249E+02, 0.2713129E+01,
 0.6504000E+01, 0.2427331E+01, 0.1732472E+02, 0.2714612E+01,
 0.6506000E+01, 0.2428658E+01, 0.1733695E+02, 0.2716095E+01,
 0.6508000E+01, 0.2429984E+01, 0.1734918E+02, 0.2717579E+01,
 0.6510000E+01, 0.2431311E+01, 0.1736141E+02, 0.2719063E+01,
 0.6512000E+01, 0.2432638E+01, 0.1737364E+02, 0.2720547E+01,
 0.6514000E+01, 0.2433966E+01, 0.1738587E+02, 0.2722032E+01,
 0.6516000E+01, 0.2435294E+01, 0.1739810E+02, 0.2723517E+01,
 0.6518000E+01, 0.2436623E+01, 0.1741033E+02, 0.2725003E+01,
 0.6520000E+01, 0.2437952E+01, 0.1742256E+02, 0.2726489E+01,
 0.6522000E+01, 0.2439281E+01, 0.1743479E+02, 0.2727976E+01,
 0.6524000E+01, 0.2440611E+01, 0.1744702E+02, 0.2729463E+01,
 0.6526000E+01, 0.2441941E+01, 0.1745926E+02, 0.2730951E+01,
 0.6528000E+01, 0.2443271E+01, 0.1747149E+02, 0.2732439E+01,
 0.6530000E+01, 0.2444602E+01, 0.1748372E+02, 0.2733927E+01,
 0.6532000E+01, 0.2445934E+01, 0.1749596E+02, 0.2735416E+01,
 0.6534000E+01, 0.2447266E+01, 0.1750819E+02, 0.2736906E+01,
 0.6536000E+01, 0.2448597E+01, 0.1752042E+02, 0.2738395E+01,
 0.6538000E+01, 0.2449930E+01, 0.1753266E+02, 0.2739885E+01,
 0.6540000E+01, 0.2451263E+01, 0.1754489E+02, 0.2741376E+01,
 0.6542000E+01, 0.2452596E+01, 0.1755713E+02, 0.2742867E+01,
 0.6544000E+01, 0.2453930E+01, 0.1756936E+02, 0.2744359E+01,
 0.6546000E+01, 0.2455264E+01, 0.1758160E+02, 0.2745850E+01,
 0.6548000E+01, 0.2456598E+01, 0.1759384E+02, 0.2747343E+01,
 0.6550000E+01, 0.2457933E+01, 0.1760607E+02, 0.2748836E+01,
 0.6552000E+01, 0.2459268E+01, 0.1761831E+02, 0.2750329E+01,
 0.6554000E+01, 0.2460604E+01, 0.1763055E+02, 0.2751822E+01,
 0.6556000E+01, 0.2461940E+01, 0.1764278E+02, 0.2753316E+01,
 0.6558000E+01, 0.2463276E+01, 0.1765502E+02, 0.2754811E+01,
 0.6560000E+01, 0.2464613E+01, 0.1766726E+02, 0.2756306E+01,
 0.6562000E+01, 0.2465950E+01, 0.1767950E+02, 0.2757801E+01,
 0.6564000E+01, 0.2467287E+01, 0.1769174E+02, 0.2759297E+01,
 0.6566000E+01, 0.2468625E+01, 0.1770398E+02, 0.2760793E+01,
 0.6568000E+01, 0.2469963E+01, 0.1771621E+02, 0.2762290E+01,
 0.6570000E+01, 0.2471302E+01, 0.1772845E+02, 0.2763787E+01,
 0.6572000E+01, 0.2472641E+01, 0.1774069E+02, 0.2765284E+01,
 0.6574000E+01, 0.2473980E+01, 0.1775293E+02, 0.2766782E+01,
 0.6576000E+01, 0.2475320E+01, 0.1776517E+02, 0.2768280E+01,
 0.6578000E+01, 0.2476660E+01, 0.1777741E+02, 0.2769779E+01,
 0.6580000E+01, 0.2478001E+01, 0.1778965E+02, 0.2771278E+01,
 0.6582000E+01, 0.2479342E+01, 0.1780190E+02, 0.2772778E+01,
 0.6584000E+01, 0.2480683E+01, 0.1781414E+02, 0.2774277E+01,
 0.6586000E+01, 0.2482024E+01, 0.1782638E+02, 0.2775778E+01,
 0.6588000E+01, 0.2483366E+01, 0.1783862E+02, 0.2777278E+01,
 0.6590000E+01, 0.2484709E+01, 0.1785086E+02, 0.2778780E+01,
 0.6592000E+01, 0.2486051E+01, 0.1786310E+02, 0.2780281E+01,
 0.6594000E+01, 0.2487394E+01, 0.1787534E+02, 0.2781783E+01,
 0.6596000E+01, 0.2488738E+01, 0.1788759E+02, 0.2783286E+01,
 0.6598000E+01, 0.2490081E+01, 0.1789983E+02, 0.2784789E+01,
 0.6600000E+01, 0.2491425E+01, 0.1791207E+02, 0.2786292E+01,
 0.6602000E+01, 0.2492770E+01, 0.1792431E+02, 0.2787795E+01,
 0.6604000E+01, 0.2494115E+01, 0.1793656E+02, 0.2789299E+01,
 0.6606000E+01, 0.2495460E+01, 0.1794880E+02, 0.2790804E+01,
 0.6608000E+01, 0.2496805E+01, 0.1796104E+02, 0.2792309E+01,
 0.6610000E+01, 0.2498151E+01, 0.1797329E+02, 0.2793814E+01,
 0.6612000E+01, 0.2499497E+01, 0.1798553E+02, 0.2795319E+01,
 0.6614000E+01, 0.2500844E+01, 0.1799777E+02, 0.2796825E+01,
 0.6616000E+01, 0.2502191E+01, 0.1801002E+02, 0.2798332E+01,
 0.6618000E+01, 0.2503539E+01, 0.1802226E+02, 0.2799839E+01,
 0.6620000E+01, 0.2504886E+01, 0.1803450E+02, 0.2801346E+01,
 0.6622000E+01, 0.2506234E+01, 0.1804675E+02, 0.2802853E+01,
 0.6624000E+01, 0.2507583E+01, 0.1805899E+02, 0.2804361E+01,
 0.6626000E+01, 0.2508931E+01, 0.1807124E+02, 0.2805870E+01,
 0.6628000E+01, 0.2510281E+01, 0.1808348E+02, 0.2807379E+01,
 0.6630000E+01, 0.2511630E+01, 0.1809573E+02, 0.2808887E+01,
 0.6632000E+01, 0.2512980E+01, 0.1810797E+02, 0.2810397E+01,
 0.6634000E+01, 0.2514330E+01, 0.1812022E+02, 0.2811907E+01,
 0.6636000E+01, 0.2515680E+01, 0.1813246E+02, 0.2813417E+01,
 0.6638000E+01, 0.2517031E+01, 0.1814470E+02, 0.2814928E+01,
 0.6640000E+01, 0.2518382E+01, 0.1815695E+02, 0.2816439E+01,
 0.6642000E+01, 0.2519734E+01, 0.1816920E+02, 0.2817950E+01,
 0.6644000E+01, 0.2521086E+01, 0.1818144E+02, 0.2819462E+01,
 0.6646000E+01, 0.2522438E+01, 0.1819368E+02, 0.2820975E+01,
 0.6648000E+01, 0.2523790E+01, 0.1820593E+02, 0.2822487E+01,
 0.6650000E+01, 0.2525143E+01, 0.1821817E+02, 0.2824000E+01,
 0.6652000E+01, 0.2526497E+01, 0.1823042E+02, 0.2825514E+01,
 0.6654000E+01, 0.2527850E+01, 0.1824267E+02, 0.2827027E+01,
 0.6656000E+01, 0.2529204E+01, 0.1825491E+02, 0.2828541E+01,
 0.6658000E+01, 0.2530558E+01, 0.1826716E+02, 0.2830056E+01,
 0.6660000E+01, 0.2531913E+01, 0.1827940E+02, 0.2831571E+01,
 0.6662000E+01, 0.2533268E+01, 0.1829165E+02, 0.2833086E+01,
 0.6664000E+01, 0.2534623E+01, 0.1830389E+02, 0.2834602E+01,
 0.6666000E+01, 0.2535978E+01, 0.1831614E+02, 0.2836118E+01,
 0.6668000E+01, 0.2537334E+01, 0.1832838E+02, 0.2837634E+01,
 0.6670000E+01, 0.2538691E+01, 0.1834063E+02, 0.2839151E+01,
 0.6672000E+01, 0.2540047E+01, 0.1835287E+02, 0.2840668E+01,
 0.6674000E+01, 0.2541404E+01, 0.1836512E+02, 0.2842185E+01,
 0.6676000E+01, 0.2542761E+01, 0.1837736E+02, 0.2843703E+01,
 0.6678000E+01, 0.2544119E+01, 0.1838961E+02, 0.2845221E+01,
 0.6680000E+01, 0.2545476E+01, 0.1840185E+02, 0.2846740E+01,
 0.6682000E+01, 0.2546835E+01, 0.1841410E+02, 0.2848259E+01,
 0.6684000E+01, 0.2548193E+01, 0.1842634E+02, 0.2849778E+01,
 0.6686000E+01, 0.2549552E+01, 0.1843859E+02, 0.2851298E+01,
 0.6688000E+01, 0.2550911E+01, 0.1845083E+02, 0.2852818E+01,
 0.6690000E+01, 0.2552271E+01, 0.1846308E+02, 0.2854338E+01,
 0.6692000E+01, 0.2553630E+01, 0.1847532E+02, 0.2855859E+01,
 0.6694000E+01, 0.2554991E+01, 0.1848757E+02, 0.2857380E+01,
 0.6696000E+01, 0.2556351E+01, 0.1849981E+02, 0.2858901E+01,
 0.6698000E+01, 0.2557712E+01, 0.1851205E+02, 0.2860423E+01,
 0.6700000E+01, 0.2559073E+01, 0.1852430E+02, 0.2861946E+01,
 0.6702000E+01, 0.2560434E+01, 0.1853654E+02, 0.2863468E+01,
 0.6704000E+01, 0.2561796E+01, 0.1854879E+02, 0.2864991E+01,
 0.6706000E+01, 0.2563158E+01, 0.1856103E+02, 0.2866514E+01,
 0.6708000E+01, 0.2564520E+01, 0.1857327E+02, 0.2868038E+01,
 0.6710000E+01, 0.2565883E+01, 0.1858552E+02, 0.2869562E+01,
 0.6712000E+01, 0.2567246E+01, 0.1859776E+02, 0.2871086E+01,
 0.6714000E+01, 0.2568609E+01, 0.1861000E+02, 0.2872611E+01,
 0.6716000E+01, 0.2569973E+01, 0.1862225E+02, 0.2874135E+01,
 0.6718000E+01, 0.2571337E+01, 0.1863449E+02, 0.2875661E+01,
 0.6720000E+01, 0.2572701E+01, 0.1864673E+02, 0.2877187E+01,
 0.6722000E+01, 0.2574065E+01, 0.1865898E+02, 0.2878712E+01,
 0.6724000E+01, 0.2575430E+01, 0.1867122E+02, 0.2880239E+01,
 0.6726000E+01, 0.2576795E+01, 0.1868346E+02, 0.2881765E+01,
 0.6728000E+01, 0.2578161E+01, 0.1869570E+02, 0.2883292E+01,
 0.6730000E+01, 0.2579526E+01, 0.1870794E+02, 0.2884820E+01,
 0.6732000E+01, 0.2580893E+01, 0.1872019E+02, 0.2886348E+01,
 0.6734000E+01, 0.2582259E+01, 0.1873243E+02, 0.2887876E+01,
 0.6736000E+01, 0.2583626E+01, 0.1874467E+02, 0.2889404E+01,
 0.6738000E+01, 0.2584992E+01, 0.1875691E+02, 0.2890933E+01,
 0.6740000E+01, 0.2586360E+01, 0.1876915E+02, 0.2892462E+01,
 0.6742000E+01, 0.2587727E+01, 0.1878139E+02, 0.2893991E+01,
 0.6744000E+01, 0.2589095E+01, 0.1879363E+02, 0.2895521E+01,
 0.6746000E+01, 0.2590463E+01, 0.1880587E+02, 0.2897051E+01,
 0.6748000E+01, 0.2591831E+01, 0.1881811E+02, 0.2898581E+01,
 0.6750000E+01, 0.2593200E+01, 0.1883035E+02, 0.2900112E+01,
 0.6752000E+01, 0.2594569E+01, 0.1884259E+02, 0.2901643E+01,
 0.6754000E+01, 0.2595938E+01, 0.1885483E+02, 0.2903174E+01,
 0.6756000E+01, 0.2597308E+01, 0.1886707E+02, 0.2904706E+01,
 0.6758000E+01, 0.2598678E+01, 0.1887930E+02, 0.2906238E+01,
 0.6760000E+01, 0.2600048E+01, 0.1889154E+02, 0.2907770E+01,
 0.6762000E+01, 0.2601419E+01, 0.1890378E+02, 0.2909303E+01,
 0.6764000E+01, 0.2602789E+01, 0.1891602E+02, 0.2910836E+01,
 0.6766000E+01, 0.2604160E+01, 0.1892825E+02, 0.2912369E+01,
 0.6768000E+01, 0.2605532E+01, 0.1894049E+02, 0.2913903E+01,
 0.6770000E+01, 0.2606903E+01, 0.1895273E+02, 0.2915437E+01,
 0.6772000E+01, 0.2608275E+01, 0.1896496E+02, 0.2916971E+01,
 0.6774000E+01, 0.2609647E+01, 0.1897720E+02, 0.2918505E+01,
 0.6776000E+01, 0.2611020E+01, 0.1898944E+02, 0.2920040E+01,
 0.6778000E+01, 0.2612392E+01, 0.1900167E+02, 0.2921576E+01,
 0.6780000E+01, 0.2613765E+01, 0.1901390E+02, 0.2923111E+01,
 0.6782000E+01, 0.2615139E+01, 0.1902614E+02, 0.2924647E+01,
 0.6784000E+01, 0.2616512E+01, 0.1903837E+02, 0.2926183E+01,
 0.6786000E+01, 0.2617886E+01, 0.1905061E+02, 0.2927719E+01,
 0.6788000E+01, 0.2619260E+01, 0.1906284E+02, 0.2929256E+01,
 0.6790000E+01, 0.2620635E+01, 0.1907507E+02, 0.2930793E+01,
 0.6792000E+01, 0.2622009E+01, 0.1908731E+02, 0.2932331E+01,
 0.6794000E+01, 0.2623384E+01, 0.1909953E+02, 0.2933868E+01,
 0.6796000E+01, 0.2624759E+01, 0.1911177E+02, 0.2935406E+01,
 0.6798000E+01, 0.2626135E+01, 0.1912400E+02, 0.2936945E+01,
 0.6800000E+01, 0.2627511E+01, 0.1913623E+02, 0.2938483E+01,
 0.6802000E+01, 0.2628887E+01, 0.1914846E+02, 0.2940022E+01,
 0.6804000E+01, 0.2630263E+01, 0.1916069E+02, 0.2941561E+01,
 0.6806000E+01, 0.2631640E+01, 0.1917292E+02, 0.2943101E+01,
 0.6808000E+01, 0.2633017E+01, 0.1918515E+02, 0.2944641E+01,
 0.6810000E+01, 0.2634394E+01, 0.1919738E+02, 0.2946181E+01,
 0.6812000E+01, 0.2635771E+01, 0.1920960E+02, 0.2947721E+01,
 0.6814000E+01, 0.2637149E+01, 0.1922183E+02, 0.2949262E+01,
 0.6816000E+01, 0.2638526E+01, 0.1923406E+02, 0.2950803E+01,
 0.6818000E+01, 0.2639904E+01, 0.1924628E+02, 0.2952344E+01,
 0.6820000E+01, 0.2641283E+01, 0.1925851E+02, 0.2953885E+01,
 0.6822000E+01, 0.2642662E+01, 0.1927074E+02, 0.2955427E+01,
 0.6824000E+01, 0.2644041E+01, 0.1928296E+02, 0.2956969E+01,
 0.6826000E+01, 0.2645420E+01, 0.1929519E+02, 0.2958512E+01,
 0.6828000E+01, 0.2646799E+01, 0.1930741E+02, 0.2960055E+01,
 0.6830000E+01, 0.2648179E+01, 0.1931963E+02, 0.2961597E+01,
 0.6832000E+01, 0.2649559E+01, 0.1933185E+02, 0.2963140E+01,
 0.6834000E+01, 0.2650939E+01, 0.1934408E+02, 0.2964684E+01,
 0.6836000E+01, 0.2652320E+01, 0.1935630E+02, 0.2966228E+01,
 0.6838000E+01, 0.2653701E+01, 0.1936852E+02, 0.2967772E+01,
 0.6840000E+01, 0.2655082E+01, 0.1938074E+02, 0.2969317E+01,
 0.6842000E+01, 0.2656463E+01, 0.1939296E+02, 0.2970861E+01,
 0.6844000E+01, 0.2657844E+01, 0.1940518E+02, 0.2972406E+01,
 0.6846000E+01, 0.2659226E+01, 0.1941740E+02, 0.2973952E+01,
 0.6848000E+01, 0.2660608E+01, 0.1942962E+02, 0.2975497E+01,
 0.6850000E+01, 0.2661990E+01, 0.1944184E+02, 0.2977043E+01,
 0.6852000E+01, 0.2663373E+01, 0.1945405E+02, 0.2978589E+01,
 0.6854000E+01, 0.2664755E+01, 0.1946627E+02, 0.2980136E+01,
 0.6856000E+01, 0.2666138E+01, 0.1947849E+02, 0.2981683E+01,
 0.6858000E+01, 0.2667521E+01, 0.1949070E+02, 0.2983229E+01,
 0.6860000E+01, 0.2668905E+01, 0.1950292E+02, 0.2984776E+01,
 0.6862000E+01, 0.2670289E+01, 0.1951513E+02, 0.2986324E+01,
 0.6864000E+01, 0.2671673E+01, 0.1952734E+02, 0.2987872E+01,
 0.6866000E+01, 0.2673057E+01, 0.1953955E+02, 0.2989419E+01,
 0.6868000E+01, 0.2674441E+01, 0.1955177E+02, 0.2990968E+01,
 0.6870000E+01, 0.2675826E+01, 0.1956398E+02, 0.2992516E+01,
 0.6872000E+01, 0.2677211E+01, 0.1957619E+02, 0.2994065E+01,
 0.6874000E+01, 0.2678596E+01, 0.1958840E+02, 0.2995614E+01,
 0.6876000E+01, 0.2679981E+01, 0.1960061E+02, 0.2997163E+01,
 0.6878000E+01, 0.2681367E+01, 0.1961282E+02, 0.2998713E+01,
 0.6880000E+01, 0.2682753E+01, 0.1962502E+02, 0.3000263E+01,
 0.6882000E+01, 0.2684139E+01, 0.1963723E+02, 0.3001813E+01,
 0.6884000E+01, 0.2685525E+01, 0.1964944E+02, 0.3003363E+01,
 0.6886000E+01, 0.2686911E+01, 0.1966164E+02, 0.3004914E+01,
 0.6888000E+01, 0.2688298E+01, 0.1967385E+02, 0.3006465E+01,
 0.6890000E+01, 0.2689685E+01, 0.1968605E+02, 0.3008016E+01,
 0.6892000E+01, 0.2691072E+01, 0.1969826E+02, 0.3009567E+01,
 0.6894000E+01, 0.2692460E+01, 0.1971046E+02, 0.3011119E+01,
 0.6896000E+01, 0.2693848E+01, 0.1972266E+02, 0.3012671E+01,
 0.6898000E+01, 0.2695235E+01, 0.1973486E+02, 0.3014223E+01,
 0.6900000E+01, 0.2696624E+01, 0.1974706E+02, 0.3015776E+01,
 0.6902000E+01, 0.2698012E+01, 0.1975926E+02, 0.3017328E+01,
 0.6904000E+01, 0.2699400E+01, 0.1977146E+02, 0.3018881E+01,
 0.6906000E+01, 0.2700789E+01, 0.1978366E+02, 0.3020434E+01,
 0.6908000E+01, 0.2702178E+01, 0.1979586E+02, 0.3021988E+01,
 0.6910000E+01, 0.2703568E+01, 0.1980805E+02, 0.3023541E+01,
 0.6912000E+01, 0.2704957E+01, 0.1982025E+02, 0.3025095E+01,
 0.6914000E+01, 0.2706347E+01, 0.1983245E+02, 0.3026649E+01,
 0.6916000E+01, 0.2707736E+01, 0.1984464E+02, 0.3028204E+01,
 0.6918000E+01, 0.2709126E+01, 0.1985683E+02, 0.3029758E+01,
 0.6920000E+01, 0.2710517E+01, 0.1986902E+02, 0.3031313E+01,
 0.6922000E+01, 0.2711907E+01, 0.1988122E+02, 0.3032868E+01,
 0.6924000E+01, 0.2713298E+01, 0.1989341E+02, 0.3034424E+01,
 0.6926000E+01, 0.2714689E+01, 0.1990560E+02, 0.3035979E+01,
 0.6928000E+01, 0.2716080E+01, 0.1991779E+02, 0.3037535E+01,
 0.6930000E+01, 0.2717472E+01, 0.1992997E+02, 0.3039091E+01,
 0.6932000E+01, 0.2718863E+01, 0.1994216E+02, 0.3040648E+01,
 0.6934000E+01, 0.2720255E+01, 0.1995435E+02, 0.3042204E+01,
 0.6936000E+01, 0.2721647E+01, 0.1996653E+02, 0.3043761E+01,
 0.6938000E+01, 0.2723039E+01, 0.1997872E+02, 0.3045317E+01,
 0.6940000E+01, 0.2724432E+01, 0.1999090E+02, 0.3046875E+01,
 0.6942000E+01, 0.2725824E+01, 0.2000308E+02, 0.3048432E+01,
 0.6944000E+01, 0.2727217E+01, 0.2001526E+02, 0.3049990E+01,
 0.6946000E+01, 0.2728610E+01, 0.2002745E+02, 0.3051548E+01,
 0.6948000E+01, 0.2730003E+01, 0.2003963E+02, 0.3053106E+01,
 0.6950000E+01, 0.2731397E+01, 0.2005181E+02, 0.3054664E+01,
 0.6952000E+01, 0.2732790E+01, 0.2006398E+02, 0.3056223E+01,
 0.6954000E+01, 0.2734184E+01, 0.2007616E+02, 0.3057782E+01,
 0.6956000E+01, 0.2735578E+01, 0.2008834E+02, 0.3059341E+01,
 0.6958000E+01, 0.2736973E+01, 0.2010051E+02, 0.3060900E+01,
 0.6960000E+01, 0.2738367E+01, 0.2011269E+02, 0.3062459E+01,
 0.6962000E+01, 0.2739762E+01, 0.2012486E+02, 0.3064019E+01,
 0.6964000E+01, 0.2741156E+01, 0.2013703E+02, 0.3065579E+01,
 0.6966000E+01, 0.2742551E+01, 0.2014920E+02, 0.3067139E+01,
 0.6968000E+01, 0.2743947E+01, 0.2016137E+02, 0.3068699E+01,
 0.6970000E+01, 0.2745342E+01, 0.2017354E+02, 0.3070260E+01,
 0.6972000E+01, 0.2746737E+01, 0.2018571E+02, 0.3071820E+01,
 0.6974000E+01, 0.2748133E+01, 0.2019788E+02, 0.3073382E+01,
 0.6976000E+01, 0.2749529E+01, 0.2021004E+02, 0.3074943E+01,
 0.6978000E+01, 0.2750926E+01, 0.2022221E+02, 0.3076504E+01,
 0.6980000E+01, 0.2752322E+01, 0.2023437E+02, 0.3078066E+01,
 0.6982000E+01, 0.2753718E+01, 0.2024653E+02, 0.3079628E+01,
 0.6984000E+01, 0.2755115E+01, 0.2025870E+02, 0.3081190E+01,
 0.6986000E+01, 0.2756512E+01, 0.2027085E+02, 0.3082752E+01,
 0.6988000E+01, 0.2757909E+01, 0.2028301E+02, 0.3084314E+01,
 0.6990000E+01, 0.2759306E+01, 0.2029517E+02, 0.3085877E+01,
 0.6992000E+01, 0.2760704E+01, 0.2030733E+02, 0.3087440E+01,
 0.6994000E+01, 0.2762102E+01, 0.2031949E+02, 0.3089003E+01,
 0.6996000E+01, 0.2763499E+01, 0.2033164E+02, 0.3090566E+01,
 0.6998000E+01, 0.2764897E+01, 0.2034380E+02, 0.3092130E+01,
 0.7000000E+01, 0.2766295E+01, 0.2035595E+02, 0.3093693E+01,
 0.7002000E+01, 0.2767694E+01, 0.2036810E+02, 0.3095257E+01,
 0.7004000E+01, 0.2769093E+01, 0.2038025E+02, 0.3096822E+01,
 0.7006000E+01, 0.2770491E+01, 0.2039240E+02, 0.3098386E+01,
 0.7008000E+01, 0.2771890E+01, 0.2040455E+02, 0.3099950E+01,
 0.7010000E+01, 0.2773289E+01, 0.2041670E+02, 0.3101515E+01,
 0.7012000E+01, 0.2774688E+01, 0.2042884E+02, 0.3103080E+01,
 0.7014000E+01, 0.2776088E+01, 0.2044099E+02, 0.3104645E+01,
 0.7016000E+01, 0.2777488E+01, 0.2045313E+02, 0.3106210E+01,
 0.7018000E+01, 0.2778887E+01, 0.2046527E+02, 0.3107775E+01,
 0.7020000E+01, 0.2780287E+01, 0.2047742E+02, 0.3109341E+01,
 0.7022000E+01, 0.2781687E+01, 0.2048956E+02, 0.3110907E+01,
 0.7024000E+01, 0.2783088E+01, 0.2050169E+02, 0.3112473E+01,
 0.7026000E+01, 0.2784488E+01, 0.2051383E+02, 0.3114039E+01,
 0.7028000E+01, 0.2785889E+01, 0.2052597E+02, 0.3115605E+01,
 0.7030000E+01, 0.2787290E+01, 0.2053810E+02, 0.3117172E+01,
 0.7032000E+01, 0.2788691E+01, 0.2055024E+02, 0.3118739E+01,
 0.7034000E+01, 0.2790092E+01, 0.2056237E+02, 0.3120306E+01,
 0.7036000E+01, 0.2791493E+01, 0.2057450E+02, 0.3121873E+01,
 0.7038000E+01, 0.2792894E+01, 0.2058663E+02, 0.3123440E+01,
 0.7040000E+01, 0.2794296E+01, 0.2059876E+02, 0.3125008E+01,
 0.7042000E+01, 0.2795698E+01, 0.2061089E+02, 0.3126576E+01,
 0.7044000E+01, 0.2797100E+01, 0.2062301E+02, 0.3128144E+01,
 0.7046000E+01, 0.2798502E+01, 0.2063514E+02, 0.3129712E+01,
 0.7048000E+01, 0.2799904E+01, 0.2064726E+02, 0.3131280E+01,
 0.7050000E+01, 0.2801307E+01, 0.2065939E+02, 0.3132848E+01,
 0.7052000E+01, 0.2802709E+01, 0.2067151E+02, 0.3134417E+01,
 0.7054000E+01, 0.2804112E+01, 0.2068363E+02, 0.3135986E+01,
 0.7056000E+01, 0.2805515E+01, 0.2069574E+02, 0.3137555E+01,
 0.7058000E+01, 0.2806918E+01, 0.2070786E+02, 0.3139124E+01,
 0.7060000E+01, 0.2808321E+01, 0.2071998E+02, 0.3140693E+01,
 0.7062000E+01, 0.2809725E+01, 0.2073209E+02, 0.3142263E+01,
 0.7064000E+01, 0.2811128E+01, 0.2074421E+02, 0.3143832E+01,
 0.7066000E+01, 0.2812532E+01, 0.2075632E+02, 0.3145402E+01,
 0.7068000E+01, 0.2813936E+01, 0.2076843E+02, 0.3146972E+01,
 0.7070000E+01, 0.2815340E+01, 0.2078053E+02, 0.3148542E+01,
 0.7072000E+01, 0.2816744E+01, 0.2079264E+02, 0.3150112E+01,
 0.7074000E+01, 0.2818148E+01, 0.2080475E+02, 0.3151683E+01,
 0.7076000E+01, 0.2819553E+01, 0.2081685E+02, 0.3153254E+01,
 0.7078000E+01, 0.2820957E+01, 0.2082896E+02, 0.3154825E+01,
 0.7080000E+01, 0.2822362E+01, 0.2084106E+02, 0.3156396E+01,
 0.7082000E+01, 0.2823767E+01, 0.2085316E+02, 0.3157967E+01,
 0.7084000E+01, 0.2825172E+01, 0.2086526E+02, 0.3159538E+01,
 0.7086000E+01, 0.2826578E+01, 0.2087736E+02, 0.3161110E+01,
 0.7088000E+01, 0.2827983E+01, 0.2088945E+02, 0.3162682E+01,
 0.7090000E+01, 0.2829389E+01, 0.2090155E+02, 0.3164254E+01,
 0.7092000E+01, 0.2830794E+01, 0.2091364E+02, 0.3165826E+01,
 0.7094000E+01, 0.2832200E+01, 0.2092573E+02, 0.3167398E+01,
 0.7096000E+01, 0.2833606E+01, 0.2093782E+02, 0.3168970E+01,
 0.7098000E+01, 0.2835012E+01, 0.2094991E+02, 0.3170543E+01,
 0.7100000E+01, 0.2836419E+01, 0.2096200E+02, 0.3172116E+01,
 0.7102000E+01, 0.2837825E+01, 0.2097408E+02, 0.3173689E+01,
 0.7104000E+01, 0.2839231E+01, 0.2098617E+02, 0.3175261E+01,
 0.7106000E+01, 0.2840638E+01, 0.2099825E+02, 0.3176835E+01,
 0.7108000E+01, 0.2842045E+01, 0.2101033E+02, 0.3178408E+01,
 0.7110000E+01, 0.2843452E+01, 0.2102241E+02, 0.3179982E+01,
 0.7112000E+01, 0.2844859E+01, 0.2103449E+02, 0.3181556E+01,
 0.7114000E+01, 0.2846267E+01, 0.2104657E+02, 0.3183129E+01,
 0.7116000E+01, 0.2847674E+01, 0.2105864E+02, 0.3184703E+01,
 0.7118000E+01, 0.2849082E+01, 0.2107071E+02, 0.3186278E+01,
 0.7120000E+01, 0.2850490E+01, 0.2108279E+02, 0.3187852E+01,
 0.7122000E+01, 0.2851897E+01, 0.2109486E+02, 0.3189427E+01,
 0.7124000E+01, 0.2853305E+01, 0.2110693E+02, 0.3191001E+01,
 0.7126000E+01, 0.2854714E+01, 0.2111899E+02, 0.3192576E+01,
 0.7128000E+01, 0.2856122E+01, 0.2113106E+02, 0.3194151E+01,
 0.7130000E+01, 0.2857531E+01, 0.2114312E+02, 0.3195726E+01,
 0.7132000E+01, 0.2858939E+01, 0.2115518E+02, 0.3197302E+01,
 0.7134000E+01, 0.2860348E+01, 0.2116725E+02, 0.3198878E+01,
 0.7136000E+01, 0.2861757E+01, 0.2117930E+02, 0.3200453E+01,
 0.7138000E+01, 0.2863166E+01, 0.2119136E+02, 0.3202029E+01,
 0.7140000E+01, 0.2864575E+01, 0.2120342E+02, 0.3203605E+01,
 0.7142000E+01, 0.2865985E+01, 0.2121547E+02, 0.3205181E+01,
 0.7144000E+01, 0.2867394E+01, 0.2122753E+02, 0.3206757E+01,
 0.7146000E+01, 0.2868804E+01, 0.2123958E+02, 0.3208334E+01,
 0.7148000E+01, 0.2870214E+01, 0.2125163E+02, 0.3209911E+01,
 0.7150000E+01, 0.2871624E+01, 0.2126367E+02, 0.3211488E+01,
 0.7152000E+01, 0.2873034E+01, 0.2127572E+02, 0.3213065E+01,
 0.7154000E+01, 0.2874444E+01, 0.2128776E+02, 0.3214642E+01,
 0.7156000E+01, 0.2875855E+01, 0.2129980E+02, 0.3216219E+01,
 0.7158000E+01, 0.2877266E+01, 0.2131185E+02, 0.3217797E+01,
 0.7160000E+01, 0.2878676E+01, 0.2132388E+02, 0.3219375E+01,
 0.7162000E+01, 0.2880087E+01, 0.2133592E+02, 0.3220953E+01,
 0.7164000E+01, 0.2881498E+01, 0.2134796E+02, 0.3222531E+01,
 0.7166000E+01, 0.2882910E+01, 0.2135999E+02, 0.3224109E+01,
 0.7168000E+01, 0.2884321E+01, 0.2137202E+02, 0.3225688E+01,
 0.7170000E+01, 0.2885733E+01, 0.2138405E+02, 0.3227267E+01,
 0.7172000E+01, 0.2887145E+01, 0.2139608E+02, 0.3228845E+01,
 0.7174000E+01, 0.2888557E+01, 0.2140811E+02, 0.3230424E+01,
 0.7176000E+01, 0.2889969E+01, 0.2142014E+02, 0.3232004E+01,
 0.7178000E+01, 0.2891382E+01, 0.2143216E+02, 0.3233584E+01,
 0.7180000E+01, 0.2892794E+01, 0.2144418E+02, 0.3235163E+01,
 0.7182000E+01, 0.2894207E+01, 0.2145620E+02, 0.3236743E+01,
 0.7184000E+01, 0.2895620E+01, 0.2146822E+02, 0.3238323E+01,
 0.7186000E+01, 0.2897033E+01, 0.2148023E+02, 0.3239904E+01,
 0.7188000E+01, 0.2898446E+01, 0.2149225E+02, 0.3241485E+01,
 0.7190000E+01, 0.2899860E+01, 0.2150426E+02, 0.3243065E+01,
 0.7192000E+01, 0.2901274E+01, 0.2151627E+02, 0.3244647E+01,
 0.7194000E+01, 0.2902688E+01, 0.2152828E+02, 0.3246228E+01,
 0.7196000E+01, 0.2904102E+01, 0.2154029E+02, 0.3247810E+01,
 0.7198000E+01, 0.2905517E+01, 0.2155229E+02, 0.3249392E+01,
 0.7200000E+01, 0.2906932E+01, 0.2156430E+02, 0.3250974E+01,
 0.7202000E+01, 0.2908347E+01, 0.2157630E+02, 0.3252557E+01,
 0.7204000E+01, 0.2909762E+01, 0.2158829E+02, 0.3254140E+01,
 0.7206000E+01, 0.2911178E+01, 0.2160029E+02, 0.3255723E+01,
 0.7208000E+01, 0.2912594E+01, 0.2161229E+02, 0.3257307E+01,
 0.7210000E+01, 0.2914011E+01, 0.2162428E+02, 0.3258891E+01,
 0.7212000E+01, 0.2915428E+01, 0.2163628E+02, 0.3260476E+01,
 0.7214000E+01, 0.2916845E+01, 0.2164827E+02, 0.3262061E+01,
 0.7216000E+01, 0.2918263E+01, 0.2166025E+02, 0.3263647E+01,
 0.7218000E+01, 0.2919682E+01, 0.2167224E+02, 0.3265233E+01,
 0.7220000E+01, 0.2921101E+01, 0.2168423E+02, 0.3266820E+01,
 0.7222000E+01, 0.2922521E+01, 0.2169621E+02, 0.3268408E+01,
 0.7224000E+01, 0.2923941E+01, 0.2170819E+02, 0.3269997E+01,
 0.7226000E+01, 0.2925363E+01, 0.2172017E+02, 0.3271587E+01,
 0.7228000E+01, 0.2926786E+01, 0.2173214E+02, 0.3273178E+01,
 0.7230000E+01, 0.2928210E+01, 0.2174412E+02, 0.3274771E+01,
 0.7232000E+01, 0.2929637E+01, 0.2175609E+02, 0.3276366E+01,
 0.7234000E+01, 0.2931066E+01, 0.2176806E+02, 0.3277965E+01,
 0.7236000E+01, 0.2932500E+01, 0.2178003E+02, 0.3279569E+01,
 0.7238000E+01, 0.2933944E+01, 0.2179199E+02, 0.3281184E+01,
 0.7240000E+01, 0.2935418E+01, 0.2180396E+02, 0.3282832E+01,
 0.7242000E+01, 0.2937129E+01, 0.2181592E+02, 0.3284745E+01,
 0.7244000E+01, 0.2939232E+01, 0.2182788E+02, 0.3287098E+01,
 0.7246000E+01, 0.2941541E+01, 0.2183984E+02, 0.3289679E+01,
 0.7248000E+01, 0.2943916E+01, 0.2185180E+02, 0.3292335E+01,
 0.7250000E+01, 0.2946305E+01, 0.2186375E+02, 0.3295007E+01,
 0.7252000E+01, 0.2948692E+01, 0.2187571E+02, 0.3297677E+01,
 0.7254000E+01, 0.2951069E+01, 0.2188766E+02, 0.3300335E+01,
 0.7256000E+01, 0.2953435E+01, 0.2189960E+02, 0.3302981E+01,
 0.7258000E+01, 0.2955789E+01, 0.2191155E+02, 0.3305614E+01,
 0.7260000E+01, 0.2958131E+01, 0.2192349E+02, 0.3308233E+01,
 0.7262000E+01, 0.2960461E+01, 0.2193544E+02, 0.3310839E+01,
 0.7264000E+01, 0.2962779E+01, 0.2194738E+02, 0.3313432E+01,
 0.7266000E+01, 0.2965086E+01, 0.2195931E+02, 0.3316011E+01,
 0.7268000E+01, 0.2967383E+01, 0.2197125E+02, 0.3318580E+01,
 0.7270000E+01, 0.2969668E+01, 0.2198318E+02, 0.3321136E+01,
 0.7272000E+01, 0.2971943E+01, 0.2199512E+02, 0.3323680E+01,
 0.7274000E+01, 0.2974209E+01, 0.2200704E+02, 0.3326214E+01,
 0.7276000E+01, 0.2976465E+01, 0.2201897E+02, 0.3328737E+01,
 0.7278000E+01, 0.2978712E+01, 0.2203090E+02, 0.3331249E+01,
 0.7280000E+01, 0.2980949E+01, 0.2204282E+02, 0.3333752E+01,
 0.7282000E+01, 0.2983179E+01, 0.2205474E+02, 0.3336245E+01,
 0.7284000E+01, 0.2985399E+01, 0.2206666E+02, 0.3338729E+01,
 0.7286000E+01, 0.2987612E+01, 0.2207858E+02, 0.3341203E+01,
 0.7288000E+01, 0.2989817E+01, 0.2209049E+02, 0.3343669E+01,
 0.7290000E+01, 0.2992014E+01, 0.2210240E+02, 0.3346126E+01,
 0.7292000E+01, 0.2994204E+01, 0.2211431E+02, 0.3348575E+01,
 0.7294000E+01, 0.2996386E+01, 0.2212622E+02, 0.3351016E+01,
 0.7296000E+01, 0.2998562E+01, 0.2213812E+02, 0.3353449E+01,
 0.7298000E+01, 0.3000731E+01, 0.2215003E+02, 0.3355875E+01,
 0.7300000E+01, 0.3002893E+01, 0.2216193E+02, 0.3358293E+01,
 0.7302000E+01, 0.3005049E+01, 0.2217383E+02, 0.3360704E+01,
 0.7304000E+01, 0.3007199E+01, 0.2218572E+02, 0.3363108E+01,
 0.7306000E+01, 0.3009343E+01, 0.2219762E+02, 0.3365506E+01,
 0.7308000E+01, 0.3011480E+01, 0.2220951E+02, 0.3367896E+01,
 0.7310000E+01, 0.3013612E+01, 0.2222140E+02, 0.3370281E+01,
 0.7312000E+01, 0.3015738E+01, 0.2223329E+02, 0.3372658E+01,
 0.7314000E+01, 0.3017859E+01, 0.2224517E+02, 0.3375030E+01,
 0.7316000E+01, 0.3019974E+01, 0.2225706E+02, 0.3377396E+01,
 0.7318000E+01, 0.3022085E+01, 0.2226894E+02, 0.3379756E+01,
 0.7320000E+01, 0.3024190E+01, 0.2228082E+02, 0.3382110E+01,
 0.7322000E+01, 0.3026290E+01, 0.2229269E+02, 0.3384459E+01,
 0.7324000E+01, 0.3028385E+01, 0.2230457E+02, 0.3386802E+01,
 0.7326000E+01, 0.3030475E+01, 0.2231644E+02, 0.3389140E+01,
 0.7328000E+01, 0.3032561E+01, 0.2232831E+02, 0.3391472E+01,
 0.7330000E+01, 0.3034642E+01, 0.2234018E+02, 0.3393800E+01,
 0.7332000E+01, 0.3036719E+01, 0.2235204E+02, 0.3396122E+01,
 0.7334000E+01, 0.3038791E+01, 0.2236390E+02, 0.3398439E+01,
 0.7336000E+01, 0.3040859E+01, 0.2237576E+02, 0.3400752E+01,
 0.7338000E+01, 0.3042923E+01, 0.2238762E+02, 0.3403060E+01,
 0.7340000E+01, 0.3044982E+01, 0.2239948E+02, 0.3405363E+01,
 0.7342000E+01, 0.3047038E+01, 0.2241133E+02, 0.3407662E+01,
 0.7344000E+01, 0.3049089E+01, 0.2242318E+02, 0.3409957E+01,
 0.7346000E+01, 0.3051137E+01, 0.2243503E+02, 0.3412247E+01,
 0.7348000E+01, 0.3053181E+01, 0.2244687E+02, 0.3414533E+01,
 0.7350000E+01, 0.3055221E+01, 0.2245872E+02, 0.3416814E+01,
 0.7352000E+01, 0.3057257E+01, 0.2247056E+02, 0.3419091E+01,
 0.7354000E+01, 0.3059290E+01, 0.2248240E+02, 0.3421365E+01,
 0.7356000E+01, 0.3061320E+01, 0.2249423E+02, 0.3423634E+01,
 0.7358000E+01, 0.3063345E+01, 0.2250606E+02, 0.3425900E+01,
 0.7360000E+01, 0.3065368E+01, 0.2251789E+02, 0.3428161E+01,
 0.7362000E+01, 0.3067387E+01, 0.2252972E+02, 0.3430419E+01,
 0.7364000E+01, 0.3069402E+01, 0.2254155E+02, 0.3432673E+01,
 0.7366000E+01, 0.3071414E+01, 0.2255337E+02, 0.3434924E+01,
 0.7368000E+01, 0.3073424E+01, 0.2256520E+02, 0.3437171E+01,
 0.7370000E+01, 0.3075429E+01, 0.2257701E+02, 0.3439414E+01,
 0.7372000E+01, 0.3077432E+01, 0.2258883E+02, 0.3441654E+01,
 0.7374000E+01, 0.3079432E+01, 0.2260065E+02, 0.3443890E+01,
 0.7376000E+01, 0.3081429E+01, 0.2261246E+02, 0.3446123E+01,
 0.7378000E+01, 0.3083423E+01, 0.2262427E+02, 0.3448353E+01,
 0.7380000E+01, 0.3085413E+01, 0.2263607E+02, 0.3450580E+01,
 0.7382000E+01, 0.3087401E+01, 0.2264787E+02, 0.3452803E+01,
 0.7384000E+01, 0.3089386E+01, 0.2265968E+02, 0.3455023E+01,
 0.7386000E+01, 0.3091369E+01, 0.2267148E+02, 0.3457240E+01,
 0.7388000E+01, 0.3093348E+01, 0.2268327E+02, 0.3459454E+01,
 0.7390000E+01, 0.3095325E+01, 0.2269507E+02, 0.3461664E+01,
 0.7392000E+01, 0.3097299E+01, 0.2270686E+02, 0.3463872E+01,
 0.7394000E+01, 0.3099271E+01, 0.2271865E+02, 0.3466077E+01,
 0.7396000E+01, 0.3101239E+01, 0.2273043E+02, 0.3468279E+01,
 0.7398000E+01, 0.3103206E+01, 0.2274222E+02, 0.3470478E+01,
 0.7400000E+01, 0.3105170E+01, 0.2275400E+02, 0.3472674E+01,
 0.7402000E+01, 0.3107131E+01, 0.2276578E+02, 0.3474867E+01,
 0.7404000E+01, 0.3109089E+01, 0.2277755E+02, 0.3477058E+01,
 0.7406000E+01, 0.3111046E+01, 0.2278933E+02, 0.3479245E+01,
 0.7408000E+01, 0.3112999E+01, 0.2280110E+02, 0.3481431E+01,
 0.7410000E+01, 0.3114951E+01, 0.2281286E+02, 0.3483613E+01,
 0.7412000E+01, 0.3116900E+01, 0.2282463E+02, 0.3485793E+01,
 0.7414000E+01, 0.3118847E+01, 0.2283639E+02, 0.3487970E+01,
 0.7416000E+01, 0.3120791E+01, 0.2284815E+02, 0.3490144E+01,
 0.7418000E+01, 0.3122733E+01, 0.2285991E+02, 0.3492316E+01,
 0.7420000E+01, 0.3124673E+01, 0.2287167E+02, 0.3494486E+01,
 0.7422000E+01, 0.3126611E+01, 0.2288342E+02, 0.3496653E+01,
 0.7424000E+01, 0.3128546E+01, 0.2289517E+02, 0.3498817E+01,
 0.7426000E+01, 0.3130480E+01, 0.2290691E+02, 0.3500979E+01,
 0.7428000E+01, 0.3132410E+01, 0.2291866E+02, 0.3503139E+01,
 0.7430000E+01, 0.3134339E+01, 0.2293040E+02, 0.3505296E+01,
 0.7432000E+01, 0.3136266E+01, 0.2294214E+02, 0.3507451E+01,
 0.7434000E+01, 0.3138191E+01, 0.2295387E+02, 0.3509604E+01,
 0.7436000E+01, 0.3140114E+01, 0.2296561E+02, 0.3511754E+01,
 0.7438000E+01, 0.3142034E+01, 0.2297734E+02, 0.3513902E+01,
 0.7440000E+01, 0.3143953E+01, 0.2298907E+02, 0.3516047E+01,
 0.7442000E+01, 0.3145869E+01, 0.2300079E+02, 0.3518191E+01,
 0.7444000E+01, 0.3147784E+01, 0.2301252E+02, 0.3520332E+01,
 0.7446000E+01, 0.3149696E+01, 0.2302423E+02, 0.3522471E+01,
 0.7448000E+01, 0.3151607E+01, 0.2303595E+02, 0.3524607E+01,
 0.7450000E+01, 0.3153516E+01, 0.2304767E+02, 0.3526742E+01,
 0.7452000E+01, 0.3155423E+01, 0.2305938E+02, 0.3528875E+01,
 0.7454000E+01, 0.3157327E+01, 0.2307109E+02, 0.3531005E+01,
 0.7456000E+01, 0.3159230E+01, 0.2308280E+02, 0.3533133E+01,
 0.7458000E+01, 0.3161132E+01, 0.2309450E+02, 0.3535259E+01,
 0.7460000E+01, 0.3163031E+01, 0.2310620E+02, 0.3537383E+01,
 0.7462000E+01, 0.3164928E+01, 0.2311790E+02, 0.3539505E+01,
 0.7464000E+01, 0.3166824E+01, 0.2312959E+02, 0.3541625E+01,
 0.7466000E+01, 0.3168718E+01, 0.2314128E+02, 0.3543743E+01,
 0.7468000E+01, 0.3170610E+01, 0.2315298E+02, 0.3545859E+01,
 0.7470000E+01, 0.3172500E+01, 0.2316466E+02, 0.3547973E+01,
 0.7472000E+01, 0.3174389E+01, 0.2317635E+02, 0.3550086E+01,
 0.7474000E+01, 0.3176275E+01, 0.2318803E+02, 0.3552195E+01,
 0.7476000E+01, 0.3178160E+01, 0.2319971E+02, 0.3554303E+01,
 0.7478000E+01, 0.3180044E+01, 0.2321138E+02, 0.3556410E+01,
 0.7480000E+01, 0.3181925E+01, 0.2322305E+02, 0.3558514E+01,
 0.7482000E+01, 0.3183805E+01, 0.2323472E+02, 0.3560616E+01,
 0.7484000E+01, 0.3185683E+01, 0.2324639E+02, 0.3562717E+01,
 0.7486000E+01, 0.3187560E+01, 0.2325805E+02, 0.3564816E+01,
 0.7488000E+01, 0.3189435E+01, 0.2326971E+02, 0.3566913E+01,
 0.7490000E+01, 0.3191309E+01, 0.2328137E+02, 0.3569008E+01,
 0.7492000E+01, 0.3193180E+01, 0.2329303E+02, 0.3571101E+01,
 0.7494000E+01, 0.3195050E+01, 0.2330468E+02, 0.3573192E+01,
 0.7496000E+01, 0.3196919E+01, 0.2331633E+02, 0.3575282E+01,
 0.7498000E+01, 0.3198786E+01, 0.2332798E+02, 0.3577370E+01,
 0.7500000E+01, 0.3200651E+01, 0.2333962E+02, 0.3579456E+01,
 0.7502000E+01, 0.3202515E+01, 0.2335126E+02, 0.3581541E+01,
 0.7504000E+01, 0.3204377E+01, 0.2336290E+02, 0.3583623E+01,
 0.7506000E+01, 0.3206238E+01, 0.2337453E+02, 0.3585704E+01,
 0.7508000E+01, 0.3208097E+01, 0.2338617E+02, 0.3587783E+01,
 0.7510000E+01, 0.3209955E+01, 0.2339780E+02, 0.3589861E+01,
 0.7512000E+01, 0.3211811E+01, 0.2340942E+02, 0.3591937E+01,
 0.7514000E+01, 0.3213666E+01, 0.2342105E+02, 0.3594011E+01,
 0.7516000E+01, 0.3215518E+01, 0.2343267E+02, 0.3596083E+01,
 0.7518000E+01, 0.3217371E+01, 0.2344428E+02, 0.3598154E+01,
 0.7520000E+01, 0.3219220E+01, 0.2345590E+02, 0.3600223E+01,
 0.7522000E+01, 0.3221069E+01, 0.2346751E+02, 0.3602291E+01,
 0.7524000E+01, 0.3222917E+01, 0.2347912E+02, 0.3604357E+01,
 0.7526000E+01, 0.3224762E+01, 0.2349072E+02, 0.3606421E+01,
 0.7528000E+01, 0.3226607E+01, 0.2350233E+02, 0.3608484E+01,
 0.7530000E+01, 0.3228450E+01, 0.2351393E+02, 0.3610545E+01,
 0.7532000E+01, 0.3230292E+01, 0.2352552E+02, 0.3612605E+01,
 0.7534000E+01, 0.3232132E+01, 0.2353712E+02, 0.3614663E+01,
 0.7536000E+01, 0.3233971E+01, 0.2354871E+02, 0.3616719E+01,
 0.7538000E+01, 0.3235808E+01, 0.2356030E+02, 0.3618774E+01,
 0.7540000E+01, 0.3237644E+01, 0.2357188E+02, 0.3620827E+01,
 0.7542000E+01, 0.3239479E+01, 0.2358346E+02, 0.3622879E+01,
 0.7544000E+01, 0.3241312E+01, 0.2359504E+02, 0.3624929E+01,
 0.7546000E+01, 0.3243144E+01, 0.2360662E+02, 0.3626978E+01,
 0.7548000E+01, 0.3244974E+01, 0.2361819E+02, 0.3629025E+01,
 0.7550000E+01, 0.3246804E+01, 0.2362976E+02, 0.3631071E+01,
 0.7552000E+01, 0.3248632E+01, 0.2364132E+02, 0.3633116E+01,
 0.7554000E+01, 0.3250458E+01, 0.2365289E+02, 0.3635158E+01,
 0.7556000E+01, 0.3252284E+01, 0.2366445E+02, 0.3637200E+01,
 0.7558000E+01, 0.3254108E+01, 0.2367601E+02, 0.3639239E+01,
 0.7560000E+01, 0.3255930E+01, 0.2368756E+02, 0.3641278E+01,
 0.7562000E+01, 0.3257752E+01, 0.2369911E+02, 0.3643315E+01,
 0.7564000E+01, 0.3259573E+01, 0.2371066E+02, 0.3645351E+01,
 0.7566000E+01, 0.3261391E+01, 0.2372221E+02, 0.3647385E+01,
 0.7568000E+01, 0.3263209E+01, 0.2373375E+02, 0.3649417E+01,
 0.7570000E+01, 0.3265025E+01, 0.2374529E+02, 0.3651449E+01,
 0.7572000E+01, 0.3266840E+01, 0.2375682E+02, 0.3653479E+01,
 0.7574000E+01, 0.3268654E+01, 0.2376835E+02, 0.3655508E+01,
 0.7576000E+01, 0.3270467E+01, 0.2377989E+02, 0.3657534E+01,
 0.7578000E+01, 0.3272278E+01, 0.2379141E+02, 0.3659560E+01,
 0.7580000E+01, 0.3274088E+01, 0.2380293E+02, 0.3661585E+01,
 0.7582000E+01, 0.3275897E+01, 0.2381446E+02, 0.3663608E+01,
 0.7584000E+01, 0.3277705E+01, 0.2382597E+02, 0.3665629E+01,
 0.7586000E+01, 0.3279512E+01, 0.2383749E+02, 0.3667650E+01,
 0.7588000E+01, 0.3281317E+01, 0.2384900E+02, 0.3669669E+01,
 0.7590000E+01, 0.3283121E+01, 0.2386051E+02, 0.3671687E+01,
 0.7592000E+01, 0.3284924E+01, 0.2387201E+02, 0.3673703E+01,
 0.7594000E+01, 0.3286726E+01, 0.2388351E+02, 0.3675718E+01,
 0.7596000E+01, 0.3288527E+01, 0.2389501E+02, 0.3677732E+01,
 0.7598000E+01, 0.3290326E+01, 0.2390651E+02, 0.3679744E+01,
 0.7600000E+01, 0.3292124E+01, 0.2391800E+02, 0.3681755E+01,
 0.7602000E+01, 0.3293921E+01, 0.2392949E+02, 0.3683765E+01,
 0.7604000E+01, 0.3295717E+01, 0.2394097E+02, 0.3685773E+01,
 0.7606000E+01, 0.3297512E+01, 0.2395246E+02, 0.3687780E+01,
 0.7608000E+01, 0.3299306E+01, 0.2396394E+02, 0.3689787E+01,
 0.7610000E+01, 0.3301098E+01, 0.2397541E+02, 0.3691791E+01,
 0.7612000E+01, 0.3302890E+01, 0.2398689E+02, 0.3693795E+01,
 0.7614000E+01, 0.3304680E+01, 0.2399836E+02, 0.3695797E+01,
 0.7616000E+01, 0.3306469E+01, 0.2400982E+02, 0.3697798E+01,
 0.7618000E+01, 0.3308257E+01, 0.2402129E+02, 0.3699797E+01,
 0.7620000E+01, 0.3310044E+01, 0.2403275E+02, 0.3701796E+01,
 0.7622000E+01, 0.3311830E+01, 0.2404420E+02, 0.3703793E+01,
 0.7624000E+01, 0.3313615E+01, 0.2405566E+02, 0.3705789E+01,
 0.7626000E+01, 0.3315398E+01, 0.2406711E+02, 0.3707784E+01,
 0.7628000E+01, 0.3317181E+01, 0.2407856E+02, 0.3709778E+01,
 0.7630000E+01, 0.3318963E+01, 0.2409000E+02, 0.3711770E+01,
 0.7632000E+01, 0.3320743E+01, 0.2410144E+02, 0.3713761E+01,
 0.7634000E+01, 0.3322522E+01, 0.2411288E+02, 0.3715751E+01,
 0.7636000E+01, 0.3324301E+01, 0.2412432E+02, 0.3717740E+01,
 0.7638000E+01, 0.3326078E+01, 0.2413575E+02, 0.3719727E+01,
 0.7640000E+01, 0.3327854E+01, 0.2414718E+02, 0.3721714E+01,
 0.7642000E+01, 0.3329629E+01, 0.2415860E+02, 0.3723699E+01,
 0.7644000E+01, 0.3331403E+01, 0.2417002E+02, 0.3725683E+01,
 0.7646000E+01, 0.3333176E+01, 0.2418144E+02, 0.3727666E+01,
 0.7648000E+01, 0.3334949E+01, 0.2419286E+02, 0.3729648E+01,
 0.7650000E+01, 0.3336720E+01, 0.2420427E+02, 0.3731628E+01,
 0.7652000E+01, 0.3338489E+01, 0.2421568E+02, 0.3733608E+01,
 0.7654000E+01, 0.3340258E+01, 0.2422709E+02, 0.3735586E+01,
 0.7656000E+01, 0.3342026E+01, 0.2423849E+02, 0.3737563E+01,
 0.7658000E+01, 0.3343793E+01, 0.2424989E+02, 0.3739539E+01,
 0.7660000E+01, 0.3345559E+01, 0.2426129E+02, 0.3741514E+01,
 0.7662000E+01, 0.3347324E+01, 0.2427268E+02, 0.3743488E+01,
 0.7664000E+01, 0.3349087E+01, 0.2428407E+02, 0.3745460E+01,
 0.7666000E+01, 0.3350851E+01, 0.2429546E+02, 0.3747432E+01,
 0.7668000E+01, 0.3352612E+01, 0.2430684E+02, 0.3749402E+01,
 0.7670000E+01, 0.3354373E+01, 0.2431822E+02, 0.3751372E+01,
 0.7672000E+01, 0.3356133E+01, 0.2432960E+02, 0.3753340E+01,
 0.7674000E+01, 0.3357892E+01, 0.2434097E+02, 0.3755307E+01,
 0.7676000E+01, 0.3359650E+01, 0.2435234E+02, 0.3757273E+01,
 0.7678000E+01, 0.3361407E+01, 0.2436370E+02, 0.3759238E+01,
 0.7680000E+01, 0.3363163E+01, 0.2437507E+02, 0.3761202E+01,
 0.7682000E+01, 0.3364918E+01, 0.2438643E+02, 0.3763164E+01,
 0.7684000E+01, 0.3366672E+01, 0.2439779E+02, 0.3765126E+01,
 0.7686000E+01, 0.3368425E+01, 0.2440914E+02, 0.3767087E+01,
 0.7688000E+01, 0.3370177E+01, 0.2442049E+02, 0.3769046E+01,
 0.7690000E+01, 0.3371929E+01, 0.2443184E+02, 0.3771005E+01,
 0.7692000E+01, 0.3373679E+01, 0.2444318E+02, 0.3772962E+01,
 0.7694000E+01, 0.3375428E+01, 0.2445452E+02, 0.3774918E+01,
 0.7696000E+01, 0.3377177E+01, 0.2446586E+02, 0.3776874E+01,
 0.7698000E+01, 0.3378924E+01, 0.2447720E+02, 0.3778828E+01,
 0.7700000E+01, 0.3380671E+01, 0.2448853E+02, 0.3780782E+01,
 0.7702000E+01, 0.3382416E+01, 0.2449986E+02, 0.3782734E+01,
 0.7704000E+01, 0.3384161E+01, 0.2451118E+02, 0.3784685E+01,
 0.7706000E+01, 0.3385905E+01, 0.2452250E+02, 0.3786635E+01,
 0.7708000E+01, 0.3387648E+01, 0.2453382E+02, 0.3788584E+01,
 0.7710000E+01, 0.3389390E+01, 0.2454513E+02, 0.3790532E+01,
 0.7712000E+01, 0.3391131E+01, 0.2455644E+02, 0.3792479E+01,
 0.7714000E+01, 0.3392871E+01, 0.2456775E+02, 0.3794425E+01,
 0.7716000E+01, 0.3394610E+01, 0.2457906E+02, 0.3796371E+01,
 0.7718000E+01, 0.3396348E+01, 0.2459036E+02, 0.3798314E+01,
 0.7720000E+01, 0.3398086E+01, 0.2460166E+02, 0.3800258E+01,
 0.7722000E+01, 0.3399822E+01, 0.2461295E+02, 0.3802200E+01,
 0.7724000E+01, 0.3401558E+01, 0.2462424E+02, 0.3804141E+01,
 0.7726000E+01, 0.3403293E+01, 0.2463553E+02, 0.3806081E+01,
 0.7728000E+01, 0.3405027E+01, 0.2464681E+02, 0.3808020E+01,
 0.7730000E+01, 0.3406760E+01, 0.2465810E+02, 0.3809958E+01,
 0.7732000E+01, 0.3408492E+01, 0.2466937E+02, 0.3811895E+01,
 0.7734000E+01, 0.3410223E+01, 0.2468065E+02, 0.3813831E+01,
 0.7736000E+01, 0.3411953E+01, 0.2469192E+02, 0.3815767E+01,
 0.7738000E+01, 0.3413683E+01, 0.2470319E+02, 0.3817700E+01,
 0.7740000E+01, 0.3415411E+01, 0.2471445E+02, 0.3819633E+01,
 0.7742000E+01, 0.3417139E+01, 0.2472571E+02, 0.3821566E+01,
 0.7744000E+01, 0.3418866E+01, 0.2473697E+02, 0.3823497E+01,
 0.7746000E+01, 0.3420593E+01, 0.2474823E+02, 0.3825428E+01,
 0.7748000E+01, 0.3422318E+01, 0.2475948E+02, 0.3827358E+01,
 0.7750000E+01, 0.3424042E+01, 0.2477073E+02, 0.3829285E+01,
 0.7752000E+01, 0.3425766E+01, 0.2478197E+02, 0.3831213E+01,
 0.7754000E+01, 0.3427488E+01, 0.2479321E+02, 0.3833140E+01,
 0.7756000E+01, 0.3429210E+01, 0.2480445E+02, 0.3835065E+01,
 0.7758000E+01, 0.3430931E+01, 0.2481569E+02, 0.3836990E+01,
 0.7760000E+01, 0.3432651E+01, 0.2482692E+02, 0.3838913E+01,
 0.7762000E+01, 0.3434371E+01, 0.2483814E+02, 0.3840837E+01,
 0.7764000E+01, 0.3436089E+01, 0.2484937E+02, 0.3842759E+01,
 0.7766000E+01, 0.3437807E+01, 0.2486059E+02, 0.3844679E+01,
 0.7768000E+01, 0.3439523E+01, 0.2487181E+02, 0.3846599E+01,
 0.7770000E+01, 0.3441240E+01, 0.2488302E+02, 0.3848519E+01,
 0.7772000E+01, 0.3442955E+01, 0.2489423E+02, 0.3850437E+01,
 0.7774000E+01, 0.3444669E+01, 0.2490544E+02, 0.3852354E+01,
 0.7776000E+01, 0.3446382E+01, 0.2491665E+02, 0.3854270E+01,
 0.7778000E+01, 0.3448095E+01, 0.2492785E+02, 0.3856186E+01,
 0.7780000E+01, 0.3449807E+01, 0.2493904E+02, 0.3858101E+01,
 0.7782000E+01, 0.3451518E+01, 0.2495024E+02, 0.3860014E+01,
 0.7784000E+01, 0.3453229E+01, 0.2496143E+02, 0.3861927E+01,
 0.7786000E+01, 0.3454938E+01, 0.2497262E+02, 0.3863839E+01,
 0.7788000E+01, 0.3456647E+01, 0.2498380E+02, 0.3865750E+01,
 0.7790000E+01, 0.3458355E+01, 0.2499498E+02, 0.3867660E+01,
 0.7792000E+01, 0.3460062E+01, 0.2500616E+02, 0.3869569E+01,
 0.7794000E+01, 0.3461768E+01, 0.2501733E+02, 0.3871477E+01,
 0.7796000E+01, 0.3463474E+01, 0.2502850E+02, 0.3873384E+01,
 0.7798000E+01, 0.3465178E+01, 0.2503967E+02, 0.3875291E+01,
 0.7800000E+01, 0.3466882E+01, 0.2505083E+02, 0.3877197E+01,
 0.7802000E+01, 0.3468586E+01, 0.2506199E+02, 0.3879101E+01,
 0.7804000E+01, 0.3470288E+01, 0.2507315E+02, 0.3881005E+01,
 0.7806000E+01, 0.3471990E+01, 0.2508430E+02, 0.3882908E+01,
 0.7808000E+01, 0.3473691E+01, 0.2509545E+02, 0.3884810E+01,
 0.7810000E+01, 0.3475390E+01, 0.2510660E+02, 0.3886711E+01,
 0.7812000E+01, 0.3477090E+01, 0.2511775E+02, 0.3888612E+01,
 0.7814000E+01, 0.3478788E+01, 0.2512889E+02, 0.3890511E+01,
 0.7816000E+01, 0.3480486E+01, 0.2514002E+02, 0.3892410E+01,
 0.7818000E+01, 0.3482183E+01, 0.2515115E+02, 0.3894308E+01,
 0.7820000E+01, 0.3483879E+01, 0.2516228E+02, 0.3896205E+01,
 0.7822000E+01, 0.3485574E+01, 0.2517341E+02, 0.3898101E+01,
 0.7824000E+01, 0.3487270E+01, 0.2518453E+02, 0.3899997E+01,
 0.7826000E+01, 0.3488963E+01, 0.2519565E+02, 0.3901891E+01,
 0.7828000E+01, 0.3490657E+01, 0.2520677E+02, 0.3903785E+01,
 0.7830000E+01, 0.3492349E+01, 0.2521788E+02, 0.3905677E+01,
 0.7832000E+01, 0.3494041E+01, 0.2522899E+02, 0.3907569E+01,
 0.7834000E+01, 0.3495732E+01, 0.2524010E+02, 0.3909460E+01,
 0.7836000E+01, 0.3497422E+01, 0.2525120E+02, 0.3911350E+01,
 0.7838000E+01, 0.3499111E+01, 0.2526230E+02, 0.3913239E+01,
 0.7840000E+01, 0.3500800E+01, 0.2527339E+02, 0.3915128E+01,
 0.7842000E+01, 0.3502488E+01, 0.2528448E+02, 0.3917016E+01,
 0.7844000E+01, 0.3504175E+01, 0.2529557E+02, 0.3918903E+01,
 0.7846000E+01, 0.3505861E+01, 0.2530666E+02, 0.3920789E+01,
 0.7848000E+01, 0.3507547E+01, 0.2531774E+02, 0.3922674E+01,
 0.7850000E+01, 0.3509232E+01, 0.2532882E+02, 0.3924558E+01,
 0.7852000E+01, 0.3510916E+01, 0.2533989E+02, 0.3926442E+01,
 0.7854000E+01, 0.3512600E+01, 0.2535096E+02, 0.3928324E+01,
 0.7856000E+01, 0.3514282E+01, 0.2536203E+02, 0.3930207E+01,
 0.7858000E+01, 0.3515964E+01, 0.2537309E+02, 0.3932087E+01,
 0.7860000E+01, 0.3517646E+01, 0.2538416E+02, 0.3933968E+01,
 0.7862000E+01, 0.3519326E+01, 0.2539521E+02, 0.3935847E+01,
 0.7864000E+01, 0.3521006E+01, 0.2540627E+02, 0.3937726E+01,
 0.7866000E+01, 0.3522686E+01, 0.2541732E+02, 0.3939604E+01,
 0.7868000E+01, 0.3524364E+01, 0.2542836E+02, 0.3941481E+01,
 0.7870000E+01, 0.3526042E+01, 0.2543941E+02, 0.3943357E+01,
 0.7872000E+01, 0.3527718E+01, 0.2545045E+02, 0.3945232E+01,
 0.7874000E+01, 0.3529395E+01, 0.2546148E+02, 0.3947107E+01,
 0.7876000E+01, 0.3531070E+01, 0.2547252E+02, 0.3948981E+01,
 0.7878000E+01, 0.3532745E+01, 0.2548355E+02, 0.3950854E+01,
 0.7880000E+01, 0.3534419E+01, 0.2549457E+02, 0.3952726E+01,
 0.7882000E+01, 0.3536093E+01, 0.2550559E+02, 0.3954598E+01,
 0.7884000E+01, 0.3537765E+01, 0.2551661E+02, 0.3956468E+01,
 0.7886000E+01, 0.3539438E+01, 0.2552763E+02, 0.3958339E+01,
 0.7888000E+01, 0.3541109E+01, 0.2553864E+02, 0.3960207E+01,
 0.7890000E+01, 0.3542779E+01, 0.2554965E+02, 0.3962075E+01,
 0.7892000E+01, 0.3544449E+01, 0.2556065E+02, 0.3963943E+01,
 0.7894000E+01, 0.3546118E+01, 0.2557165E+02, 0.3965810E+01,
 0.7896000E+01, 0.3547786E+01, 0.2558265E+02, 0.3967676E+01,
 0.7898000E+01, 0.3549454E+01, 0.2559365E+02, 0.3969541E+01,
 0.7900000E+01, 0.3551121E+01, 0.2560464E+02, 0.3971406E+01,
 0.7902000E+01, 0.3552788E+01, 0.2561562E+02, 0.3973269E+01,
 0.7904000E+01, 0.3554454E+01, 0.2562661E+02, 0.3975132E+01,
 0.7906000E+01, 0.3556118E+01, 0.2563759E+02, 0.3976994E+01,
 0.7908000E+01, 0.3557783E+01, 0.2564856E+02, 0.3978855E+01,
 0.7910000E+01, 0.3559446E+01, 0.2565954E+02, 0.3980716E+01,
 0.7912000E+01, 0.3561109E+01, 0.2567051E+02, 0.3982575E+01,
 0.7914000E+01, 0.3562772E+01, 0.2568147E+02, 0.3984434E+01,
 0.7916000E+01, 0.3564433E+01, 0.2569244E+02, 0.3986293E+01,
 0.7918000E+01, 0.3566094E+01, 0.2570339E+02, 0.3988150E+01,
 0.7920000E+01, 0.3567754E+01, 0.2571435E+02, 0.3990006E+01,
 0.7922000E+01, 0.3569414E+01, 0.2572530E+02, 0.3991863E+01,
 0.7924000E+01, 0.3571073E+01, 0.2573625E+02, 0.3993718E+01,
 0.7926000E+01, 0.3572731E+01, 0.2574719E+02, 0.3995572E+01,
 0.7928000E+01, 0.3574388E+01, 0.2575813E+02, 0.3997426E+01,
 0.7930000E+01, 0.3576045E+01, 0.2576907E+02, 0.3999279E+01,
 0.7932000E+01, 0.3577701E+01, 0.2578001E+02, 0.4001131E+01,
 0.7934000E+01, 0.3579356E+01, 0.2579094E+02, 0.4002982E+01,
 0.7936000E+01, 0.3581011E+01, 0.2580186E+02, 0.4004832E+01,
 0.7938000E+01, 0.3582665E+01, 0.2581279E+02, 0.4006682E+01,
 0.7940000E+01, 0.3584319E+01, 0.2582371E+02, 0.4008532E+01,
 0.7942000E+01, 0.3585971E+01, 0.2583462E+02, 0.4010380E+01,
 0.7944000E+01, 0.3587623E+01, 0.2584554E+02, 0.4012228E+01,
 0.7946000E+01, 0.3589275E+01, 0.2585644E+02, 0.4014074E+01,
 0.7948000E+01, 0.3590925E+01, 0.2586735E+02, 0.4015920E+01,
 0.7950000E+01, 0.3592575E+01, 0.2587825E+02, 0.4017766E+01,
 0.7952000E+01, 0.3594225E+01, 0.2588915E+02, 0.4019610E+01,
 0.7954000E+01, 0.3595873E+01, 0.2590004E+02, 0.4021454E+01,
 0.7956000E+01, 0.3597521E+01, 0.2591093E+02, 0.4023297E+01,
 0.7958000E+01, 0.3599169E+01, 0.2592182E+02, 0.4025139E+01,
 0.7960000E+01, 0.3600816E+01, 0.2593270E+02, 0.4026981E+01,
 0.7962000E+01, 0.3602462E+01, 0.2594359E+02, 0.4028822E+01,
 0.7964000E+01, 0.3604107E+01, 0.2595446E+02, 0.4030662E+01,
 0.7966000E+01, 0.3605752E+01, 0.2596533E+02, 0.4032501E+01,
 0.7968000E+01, 0.3607396E+01, 0.2597620E+02, 0.4034340E+01,
 0.7970000E+01, 0.3609039E+01, 0.2598707E+02, 0.4036178E+01,
 0.7972000E+01, 0.3610682E+01, 0.2599793E+02, 0.4038015E+01,
 0.7974000E+01, 0.3612324E+01, 0.2600879E+02, 0.4039852E+01,
 0.7976000E+01, 0.3613966E+01, 0.2601965E+02, 0.4041687E+01,
 0.7978000E+01, 0.3615607E+01, 0.2603049E+02, 0.4043522E+01,
 0.7980000E+01, 0.3617246E+01, 0.2604134E+02, 0.4045356E+01,
 0.7982000E+01, 0.3618886E+01, 0.2605219E+02, 0.4047190E+01,
 0.7984000E+01, 0.3620525E+01, 0.2606302E+02, 0.4049023E+01,
 0.7986000E+01, 0.3622163E+01, 0.2607386E+02, 0.4050855E+01,
 0.7988000E+01, 0.3623801E+01, 0.2608469E+02, 0.4052687E+01,
 0.7990000E+01, 0.3625438E+01, 0.2609552E+02, 0.4054517E+01,
 0.7992000E+01, 0.3627074E+01, 0.2610635E+02, 0.4056347E+01,
 0.7994000E+01, 0.3628710E+01, 0.2611717E+02, 0.4058176E+01,
 0.7996000E+01, 0.3630344E+01, 0.2612799E+02, 0.4060004E+01,
 0.7998000E+01, 0.3631979E+01, 0.2613880E+02, 0.4061832E+01,
 0.8000000E+01, 0.3633612E+01, 0.2614961E+02, 0.4063659E+01,
 0.8002000E+01, 0.3635245E+01, 0.2616042E+02, 0.4065485E+01,
 0.8004000E+01, 0.3636878E+01, 0.2617122E+02, 0.4067311E+01,
 0.8006000E+01, 0.3638509E+01, 0.2618202E+02, 0.4069136E+01,
 0.8008000E+01, 0.3640141E+01, 0.2619282E+02, 0.4070960E+01,
 0.8010000E+01, 0.3641771E+01, 0.2620361E+02, 0.4072783E+01,
 0.8012000E+01, 0.3643401E+01, 0.2621440E+02, 0.4074606E+01,
 0.8014000E+01, 0.3645030E+01, 0.2622518E+02, 0.4076428E+01,
 0.8016000E+01, 0.3646658E+01, 0.2623597E+02, 0.4078249E+01,
 0.8018000E+01, 0.3648286E+01, 0.2624674E+02, 0.4080070E+01,
 0.8020000E+01, 0.3649914E+01, 0.2625751E+02, 0.4081890E+01,
 0.8022000E+01, 0.3651540E+01, 0.2626828E+02, 0.4083709E+01,
 0.8024000E+01, 0.3653166E+01, 0.2627905E+02, 0.4085527E+01,
 0.8026000E+01, 0.3654791E+01, 0.2628981E+02, 0.4087345E+01,
 0.8028000E+01, 0.3656416E+01, 0.2630057E+02, 0.4089162E+01,
 0.8030000E+01, 0.3658040E+01, 0.2631133E+02, 0.4090978E+01,
 0.8032000E+01, 0.3659664E+01, 0.2632207E+02, 0.4092794E+01,
 0.8034000E+01, 0.3661286E+01, 0.2633282E+02, 0.4094609E+01,
 0.8036000E+01, 0.3662909E+01, 0.2634357E+02, 0.4096423E+01,
 0.8038000E+01, 0.3664531E+01, 0.2635431E+02, 0.4098237E+01,
 0.8040000E+01, 0.3666151E+01, 0.2636505E+02, 0.4100049E+01,
 0.8042000E+01, 0.3667771E+01, 0.2637578E+02, 0.4101861E+01,
 0.8044000E+01, 0.3669391E+01, 0.2638651E+02, 0.4103673E+01,
 0.8046000E+01, 0.3671010E+01, 0.2639723E+02, 0.4105484E+01,
 0.8048000E+01, 0.3672628E+01, 0.2640795E+02, 0.4107293E+01,
 0.8050000E+01, 0.3674246E+01, 0.2641867E+02, 0.4109102E+01,
 0.8052000E+01, 0.3675864E+01, 0.2642938E+02, 0.4110911E+01,
 0.8054000E+01, 0.3677480E+01, 0.2644009E+02, 0.4112719E+01,
 0.8056000E+01, 0.3679096E+01, 0.2645079E+02, 0.4114526E+01,
 0.8058000E+01, 0.3680711E+01, 0.2646150E+02, 0.4116333E+01,
 0.8060000E+01, 0.3682326E+01, 0.2647220E+02, 0.4118138E+01,
 0.8062000E+01, 0.3683939E+01, 0.2648289E+02, 0.4119943E+01,
 0.8064000E+01, 0.3685553E+01, 0.2649358E+02, 0.4121747E+01,
 0.8066000E+01, 0.3687166E+01, 0.2650427E+02, 0.4123551E+01,
 0.8068000E+01, 0.3688778E+01, 0.2651495E+02, 0.4125354E+01,
 0.8070000E+01, 0.3690390E+01, 0.2652563E+02, 0.4127156E+01,
 0.8072000E+01, 0.3692000E+01, 0.2653631E+02, 0.4128958E+01,
 0.8074000E+01, 0.3693611E+01, 0.2654698E+02, 0.4130759E+01,
 0.8076000E+01, 0.3695220E+01, 0.2655765E+02, 0.4132559E+01,
 0.8078000E+01, 0.3696830E+01, 0.2656831E+02, 0.4134358E+01,
 0.8080000E+01, 0.3698438E+01, 0.2657897E+02, 0.4136157E+01,
 0.8082000E+01, 0.3700046E+01, 0.2658963E+02, 0.4137955E+01,
 0.8084000E+01, 0.3701653E+01, 0.2660028E+02, 0.4139752E+01,
 0.8086000E+01, 0.3703259E+01, 0.2661093E+02, 0.4141549E+01,
 0.8088000E+01, 0.3704865E+01, 0.2662157E+02, 0.4143345E+01,
 0.8090000E+01, 0.3706470E+01, 0.2663221E+02, 0.4145140E+01,
 0.8092000E+01, 0.3708075E+01, 0.2664285E+02, 0.4146935E+01,
 0.8094000E+01, 0.3709679E+01, 0.2665348E+02, 0.4148729E+01,
 0.8096000E+01, 0.3711282E+01, 0.2666411E+02, 0.4150522E+01,
 0.8098000E+01, 0.3712885E+01, 0.2667474E+02, 0.4152315E+01,
 0.8100000E+01, 0.3714488E+01, 0.2668536E+02, 0.4154107E+01,
 0.8102000E+01, 0.3716089E+01, 0.2669598E+02, 0.4155898E+01,
 0.8104000E+01, 0.3717690E+01, 0.2670659E+02, 0.4157688E+01,
 0.8106000E+01, 0.3719291E+01, 0.2671720E+02, 0.4159478E+01,
 0.8108000E+01, 0.3720890E+01, 0.2672780E+02, 0.4161267E+01,
 0.8110000E+01, 0.3722490E+01, 0.2673841E+02, 0.4163055E+01,
 0.8112000E+01, 0.3724088E+01, 0.2674901E+02, 0.4164843E+01,
 0.8114000E+01, 0.3725686E+01, 0.2675960E+02, 0.4166630E+01,
 0.8116000E+01, 0.3727283E+01, 0.2677019E+02, 0.4168417E+01,
 0.8118000E+01, 0.3728880E+01, 0.2678078E+02, 0.4170202E+01,
 0.8120000E+01, 0.3730476E+01, 0.2679136E+02, 0.4171987E+01,
 0.8122000E+01, 0.3732071E+01, 0.2680194E+02, 0.4173771E+01,
 0.8124000E+01, 0.3733666E+01, 0.2681251E+02, 0.4175555E+01,
 0.8126000E+01, 0.3735261E+01, 0.2682308E+02, 0.4177338E+01,
 0.8128000E+01, 0.3736854E+01, 0.2683365E+02, 0.4179120E+01,
 0.8130000E+01, 0.3738447E+01, 0.2684421E+02, 0.4180902E+01,
 0.8132000E+01, 0.3740039E+01, 0.2685477E+02, 0.4182682E+01,
 0.8134000E+01, 0.3741631E+01, 0.2686533E+02, 0.4184463E+01,
 0.8136000E+01, 0.3743222E+01, 0.2687588E+02, 0.4186242E+01,
 0.8138000E+01, 0.3744813E+01, 0.2688643E+02, 0.4188021E+01,
 0.8140000E+01, 0.3746403E+01, 0.2689697E+02, 0.4189799E+01,
 0.8142000E+01, 0.3747992E+01, 0.2690751E+02, 0.4191576E+01,
 0.8144000E+01, 0.3749581E+01, 0.2691804E+02, 0.4193353E+01,
 0.8146000E+01, 0.3751169E+01, 0.2692857E+02, 0.4195129E+01,
 0.8148000E+01, 0.3752757E+01, 0.2693910E+02, 0.4196905E+01,
 0.8150000E+01, 0.3754344E+01, 0.2694963E+02, 0.4198679E+01,
 0.8152000E+01, 0.3755930E+01, 0.2696014E+02, 0.4200453E+01,
 0.8154000E+01, 0.3757515E+01, 0.2697066E+02, 0.4202227E+01,
 0.8156000E+01, 0.3759101E+01, 0.2698117E+02, 0.4204000E+01,
 0.8158000E+01, 0.3760685E+01, 0.2699168E+02, 0.4205771E+01,
 0.8160000E+01, 0.3762269E+01, 0.2700218E+02, 0.4207543E+01,
 0.8162000E+01, 0.3763852E+01, 0.2701268E+02, 0.4209313E+01,
 0.8164000E+01, 0.3765435E+01, 0.2702318E+02, 0.4211083E+01,
 0.8166000E+01, 0.3767017E+01, 0.2703367E+02, 0.4212852E+01,
 0.8168000E+01, 0.3768598E+01, 0.2704416E+02, 0.4214621E+01,
 0.8170000E+01, 0.3770179E+01, 0.2705464E+02, 0.4216389E+01,
 0.8172000E+01, 0.3771759E+01, 0.2706512E+02, 0.4218156E+01,
 0.8174000E+01, 0.3773339E+01, 0.2707559E+02, 0.4219923E+01,
 0.8176000E+01, 0.3774918E+01, 0.2708606E+02, 0.4221689E+01,
 0.8178000E+01, 0.3776496E+01, 0.2709653E+02, 0.4223454E+01,
 0.8180000E+01, 0.3778074E+01, 0.2710699E+02, 0.4225218E+01,
 0.8182000E+01, 0.3779651E+01, 0.2711745E+02, 0.4226982E+01,
 0.8184000E+01, 0.3781228E+01, 0.2712791E+02, 0.4228745E+01,
 0.8186000E+01, 0.3782804E+01, 0.2713836E+02, 0.4230508E+01,
 0.8188000E+01, 0.3784379E+01, 0.2714881E+02, 0.4232270E+01,
 0.8190000E+01, 0.3785954E+01, 0.2715925E+02, 0.4234031E+01,
 0.8192000E+01, 0.3787528E+01, 0.2716969E+02, 0.4235791E+01,
 0.8194000E+01, 0.3789102E+01, 0.2718012E+02, 0.4237551E+01,
 0.8196000E+01, 0.3790674E+01, 0.2719055E+02, 0.4239310E+01,
 0.8198000E+01, 0.3792247E+01, 0.2720098E+02, 0.4241068E+01,
 0.8200000E+01, 0.3793818E+01, 0.2721140E+02, 0.4242826E+01,
 0.8202000E+01, 0.3795389E+01, 0.2722182E+02, 0.4244583E+01,
 0.8204000E+01, 0.3796960E+01, 0.2723224E+02, 0.4246340E+01,
 0.8206000E+01, 0.3798530E+01, 0.2724265E+02, 0.4248095E+01,
 0.8208000E+01, 0.3800099E+01, 0.2725306E+02, 0.4249850E+01,
 0.8210000E+01, 0.3801668E+01, 0.2726346E+02, 0.4251605E+01,
 0.8212000E+01, 0.3803236E+01, 0.2727386E+02, 0.4253358E+01,
 0.8214000E+01, 0.3804804E+01, 0.2728425E+02, 0.4255112E+01,
 0.8216000E+01, 0.3806370E+01, 0.2729464E+02, 0.4256864E+01,
 0.8218000E+01, 0.3807937E+01, 0.2730503E+02, 0.4258615E+01,
 0.8220000E+01, 0.3809502E+01, 0.2731540E+02, 0.4260366E+01,
 0.8222000E+01, 0.3811067E+01, 0.2732578E+02, 0.4262116E+01,
 0.8224000E+01, 0.3812632E+01, 0.2733616E+02, 0.4263866E+01,
 0.8226000E+01, 0.3814196E+01, 0.2734653E+02, 0.4265615E+01,
 0.8228000E+01, 0.3815759E+01, 0.2735689E+02, 0.4267364E+01,
 0.8230000E+01, 0.3817321E+01, 0.2736725E+02, 0.4269111E+01,
 0.8232000E+01, 0.3818884E+01, 0.2737761E+02, 0.4270858E+01,
 0.8234000E+01, 0.3820445E+01, 0.2738796E+02, 0.4272604E+01,
 0.8236000E+01, 0.3822006E+01, 0.2739831E+02, 0.4274350E+01,
 0.8238000E+01, 0.3823566E+01, 0.2740865E+02, 0.4276094E+01,
 0.8240000E+01, 0.3825126E+01, 0.2741899E+02, 0.4277839E+01,
 0.8242000E+01, 0.3826684E+01, 0.2742933E+02, 0.4279582E+01,
 0.8244000E+01, 0.3828243E+01, 0.2743966E+02, 0.4281325E+01,
 0.8246000E+01, 0.3829801E+01, 0.2744999E+02, 0.4283067E+01,
 0.8248000E+01, 0.3831358E+01, 0.2746031E+02, 0.4284809E+01,
 0.8250000E+01, 0.3832915E+01, 0.2747063E+02, 0.4286550E+01,
 0.8252000E+01, 0.3834471E+01, 0.2748095E+02, 0.4288290E+01,
 0.8254000E+01, 0.3836026E+01, 0.2749126E+02, 0.4290029E+01,
 0.8256000E+01, 0.3837581E+01, 0.2750157E+02, 0.4291768E+01,
 0.8258000E+01, 0.3839135E+01, 0.2751187E+02, 0.4293506E+01,
 0.8260000E+01, 0.3840689E+01, 0.2752217E+02, 0.4295244E+01,
 0.8262000E+01, 0.3842242E+01, 0.2753246E+02, 0.4296980E+01,
 0.8264000E+01, 0.3843794E+01, 0.2754275E+02, 0.4298717E+01,
 0.8266000E+01, 0.3845345E+01, 0.2755304E+02, 0.4300452E+01,
 0.8268000E+01, 0.3846897E+01, 0.2756332E+02, 0.4302186E+01,
 0.8270000E+01, 0.3848447E+01, 0.2757360E+02, 0.4303921E+01,
 0.8272000E+01, 0.3849997E+01, 0.2758387E+02, 0.4305654E+01,
 0.8274000E+01, 0.3851547E+01, 0.2759414E+02, 0.4307387E+01,
 0.8276000E+01, 0.3853095E+01, 0.2760440E+02, 0.4309119E+01,
 0.8278000E+01, 0.3854644E+01, 0.2761467E+02, 0.4310850E+01,
 0.8280000E+01, 0.3856191E+01, 0.2762492E+02, 0.4312581E+01,
 0.8282000E+01, 0.3857738E+01, 0.2763517E+02, 0.4314311E+01,
 0.8284000E+01, 0.3859284E+01, 0.2764542E+02, 0.4316040E+01,
 0.8286000E+01, 0.3860830E+01, 0.2765566E+02, 0.4317769E+01,
 0.8288000E+01, 0.3862375E+01, 0.2766590E+02, 0.4319497E+01,
 0.8290000E+01, 0.3863919E+01, 0.2767614E+02, 0.4321224E+01,
 0.8292000E+01, 0.3865463E+01, 0.2768637E+02, 0.4322950E+01,
 0.8294000E+01, 0.3867007E+01, 0.2769659E+02, 0.4324677E+01,
 0.8296000E+01, 0.3868549E+01, 0.2770682E+02, 0.4326402E+01,
 0.8298000E+01, 0.3870092E+01, 0.2771704E+02, 0.4328126E+01,
 0.8300000E+01, 0.3871633E+01, 0.2772725E+02, 0.4329850E+01,
 0.8302000E+01, 0.3873174E+01, 0.2773746E+02, 0.4331573E+01,
 0.8304000E+01, 0.3874714E+01, 0.2774766E+02, 0.4333296E+01,
 0.8306000E+01, 0.3876254E+01, 0.2775787E+02, 0.4335018E+01,
 0.8308000E+01, 0.3877793E+01, 0.2776806E+02, 0.4336739E+01,
 0.8310000E+01, 0.3879331E+01, 0.2777825E+02, 0.4338459E+01,
 0.8312000E+01, 0.3880869E+01, 0.2778844E+02, 0.4340179E+01,
 0.8314000E+01, 0.3882406E+01, 0.2779862E+02, 0.4341898E+01,
 0.8316000E+01, 0.3883943E+01, 0.2780880E+02, 0.4343617E+01,
 0.8318000E+01, 0.3885479E+01, 0.2781898E+02, 0.4345335E+01,
 0.8320000E+01, 0.3887014E+01, 0.2782915E+02, 0.4347052E+01,
 0.8322000E+01, 0.3888549E+01, 0.2783932E+02, 0.4348768E+01,
 0.8324000E+01, 0.3890083E+01, 0.2784948E+02, 0.4350484E+01,
 0.8326000E+01, 0.3891617E+01, 0.2785963E+02, 0.4352199E+01,
 0.8328000E+01, 0.3893150E+01, 0.2786979E+02, 0.4353913E+01,
 0.8330000E+01, 0.3894682E+01, 0.2787994E+02, 0.4355628E+01,
 0.8332000E+01, 0.3896214E+01, 0.2789008E+02, 0.4357340E+01,
 0.8334000E+01, 0.3897745E+01, 0.2790022E+02, 0.4359053E+01,
 0.8336000E+01, 0.3899276E+01, 0.2791036E+02, 0.4360765E+01,
 0.8338000E+01, 0.3900805E+01, 0.2792049E+02, 0.4362475E+01,
 0.8340000E+01, 0.3902335E+01, 0.2793062E+02, 0.4364186E+01,
 0.8342000E+01, 0.3903864E+01, 0.2794074E+02, 0.4365896E+01,
 0.8344000E+01, 0.3905392E+01, 0.2795086E+02, 0.4367604E+01,
 0.8346000E+01, 0.3906919E+01, 0.2796097E+02, 0.4369312E+01,
 0.8348000E+01, 0.3908446E+01, 0.2797108E+02, 0.4371020E+01,
 0.8350000E+01, 0.3909972E+01, 0.2798119E+02, 0.4372727E+01,
 0.8352000E+01, 0.3911498E+01, 0.2799129E+02, 0.4374434E+01,
 0.8354000E+01, 0.3913023E+01, 0.2800139E+02, 0.4376139E+01,
 0.8356000E+01, 0.3914548E+01, 0.2801148E+02, 0.4377844E+01,
 0.8358000E+01, 0.3916071E+01, 0.2802156E+02, 0.4379548E+01,
 0.8360000E+01, 0.3917595E+01, 0.2803165E+02, 0.4381252E+01,
 0.8362000E+01, 0.3919117E+01, 0.2804173E+02, 0.4382955E+01,
 0.8364000E+01, 0.3920639E+01, 0.2805180E+02, 0.4384656E+01,
 0.8366000E+01, 0.3922161E+01, 0.2806187E+02, 0.4386358E+01,
 0.8368000E+01, 0.3923681E+01, 0.2807194E+02, 0.4388059E+01,
 0.8370000E+01, 0.3925202E+01, 0.2808200E+02, 0.4389759E+01,
 0.8372000E+01, 0.3926721E+01, 0.2809206E+02, 0.4391458E+01,
 0.8374000E+01, 0.3928240E+01, 0.2810211E+02, 0.4393157E+01,
 0.8376000E+01, 0.3929759E+01, 0.2811216E+02, 0.4394855E+01,
 0.8378000E+01, 0.3931276E+01, 0.2812220E+02, 0.4396552E+01,
 0.8380000E+01, 0.3932793E+01, 0.2813224E+02, 0.4398249E+01,
 0.8382000E+01, 0.3934310E+01, 0.2814227E+02, 0.4399945E+01,
 0.8384000E+01, 0.3935826E+01, 0.2815231E+02, 0.4401640E+01,
 0.8386000E+01, 0.3937341E+01, 0.2816233E+02, 0.4403335E+01,
 0.8388000E+01, 0.3938856E+01, 0.2817235E+02, 0.4405029E+01,
 0.8390000E+01, 0.3940370E+01, 0.2818237E+02, 0.4406722E+01,
 0.8392000E+01, 0.3941884E+01, 0.2819238E+02, 0.4408415E+01,
 0.8394000E+01, 0.3943396E+01, 0.2820239E+02, 0.4410107E+01,
 0.8396000E+01, 0.3944908E+01, 0.2821239E+02, 0.4411798E+01,
 0.8398000E+01, 0.3946420E+01, 0.2822239E+02, 0.4413489E+01,
 0.8400000E+01, 0.3947931E+01, 0.2823239E+02, 0.4415178E+01,
 0.8402000E+01, 0.3949441E+01, 0.2824238E+02, 0.4416868E+01,
 0.8404000E+01, 0.3950951E+01, 0.2825236E+02, 0.4418556E+01,
 0.8406000E+01, 0.3952460E+01, 0.2826235E+02, 0.4420244E+01,
 0.8408000E+01, 0.3953969E+01, 0.2827232E+02, 0.4421931E+01,
 0.8410000E+01, 0.3955477E+01, 0.2828229E+02, 0.4423617E+01,
 0.8412000E+01, 0.3956984E+01, 0.2829226E+02, 0.4425303E+01,
 0.8414000E+01, 0.3958491E+01, 0.2830223E+02, 0.4426988E+01,
 0.8416000E+01, 0.3959997E+01, 0.2831219E+02, 0.4428672E+01,
 0.8418000E+01, 0.3961502E+01, 0.2832214E+02, 0.4430356E+01,
 0.8420000E+01, 0.3963007E+01, 0.2833209E+02, 0.4432039E+01,
 0.8422000E+01, 0.3964512E+01, 0.2834204E+02, 0.4433722E+01,
 0.8424000E+01, 0.3966015E+01, 0.2835197E+02, 0.4435403E+01,
 0.8426000E+01, 0.3967518E+01, 0.2836191E+02, 0.4437084E+01,
 0.8428000E+01, 0.3969021E+01, 0.2837184E+02, 0.4438764E+01,
 0.8430000E+01, 0.3970522E+01, 0.2838177E+02, 0.4440444E+01,
 0.8432000E+01, 0.3972024E+01, 0.2839169E+02, 0.4442122E+01,
 0.8434000E+01, 0.3973524E+01, 0.2840161E+02, 0.4443801E+01,
 0.8436000E+01, 0.3975024E+01, 0.2841153E+02, 0.4445478E+01,
 0.8438000E+01, 0.3976523E+01, 0.2842143E+02, 0.4447155E+01,
 0.8440000E+01, 0.3978022E+01, 0.2843134E+02, 0.4448831E+01,
 0.8442000E+01, 0.3979520E+01, 0.2844124E+02, 0.4450506E+01,
 0.8444000E+01, 0.3981018E+01, 0.2845114E+02, 0.4452181E+01,
 0.8446000E+01, 0.3982515E+01, 0.2846102E+02, 0.4453855E+01,
 0.8448000E+01, 0.3984011E+01, 0.2847091E+02, 0.4455528E+01,
 0.8450000E+01, 0.3985506E+01, 0.2848079E+02, 0.4457201E+01,
 0.8452000E+01, 0.3987001E+01, 0.2849067E+02, 0.4458873E+01,
 0.8454000E+01, 0.3988495E+01, 0.2850055E+02, 0.4460544E+01,
 0.8456000E+01, 0.3989989E+01, 0.2851041E+02, 0.4462214E+01,
 0.8458000E+01, 0.3991482E+01, 0.2852028E+02, 0.4463884E+01,
 0.8460000E+01, 0.3992975E+01, 0.2853013E+02, 0.4465554E+01,
 0.8462000E+01, 0.3994467E+01, 0.2853999E+02, 0.4467222E+01,
 0.8464000E+01, 0.3995958E+01, 0.2854984E+02, 0.4468889E+01,
 0.8466000E+01, 0.3997449E+01, 0.2855968E+02, 0.4470557E+01,
 0.8468000E+01, 0.3998939E+01, 0.2856952E+02, 0.4472223E+01,
 0.8470000E+01, 0.4000428E+01, 0.2857936E+02, 0.4473889E+01,
 0.8472000E+01, 0.4001917E+01, 0.2858919E+02, 0.4475554E+01,
 0.8474000E+01, 0.4003405E+01, 0.2859902E+02, 0.4477218E+01,
 0.8476000E+01, 0.4004893E+01, 0.2860884E+02, 0.4478882E+01,
 0.8478000E+01, 0.4006380E+01, 0.2861866E+02, 0.4480545E+01,
 0.8480000E+01, 0.4007866E+01, 0.2862847E+02, 0.4482207E+01,
 0.8482000E+01, 0.4009352E+01, 0.2863828E+02, 0.4483868E+01,
 0.8484000E+01, 0.4010837E+01, 0.2864808E+02, 0.4485529E+01,
 0.8486000E+01, 0.4012321E+01, 0.2865788E+02, 0.4487189E+01,
 0.8488000E+01, 0.4013805E+01, 0.2866768E+02, 0.4488849E+01,
 0.8490000E+01, 0.4015288E+01, 0.2867747E+02, 0.4490508E+01,
 0.8492000E+01, 0.4016770E+01, 0.2868725E+02, 0.4492165E+01,
 0.8494000E+01, 0.4018252E+01, 0.2869703E+02, 0.4493823E+01,
 0.8496000E+01, 0.4019734E+01, 0.2870681E+02, 0.4495479E+01,
 0.8498000E+01, 0.4021214E+01, 0.2871658E+02, 0.4497135E+01,
 0.8500000E+01, 0.4022695E+01, 0.2872635E+02, 0.4498790E+01,
 0.8502000E+01, 0.4024174E+01, 0.2873611E+02, 0.4500445E+01,
 0.8504000E+01, 0.4025652E+01, 0.2874586E+02, 0.4502098E+01,
 0.8506000E+01, 0.4027131E+01, 0.2875562E+02, 0.4503751E+01,
 0.8508000E+01, 0.4028608E+01, 0.2876537E+02, 0.4505404E+01,
 0.8510000E+01, 0.4030086E+01, 0.2877511E+02, 0.4507056E+01,
 0.8512000E+01, 0.4031562E+01, 0.2878485E+02, 0.4508707E+01,
 0.8514000E+01, 0.4033037E+01, 0.2879458E+02, 0.4510357E+01,
 0.8516000E+01, 0.4034512E+01, 0.2880431E+02, 0.4512006E+01,
 0.8518000E+01, 0.4035986E+01, 0.2881404E+02, 0.4513655E+01,
 0.8520000E+01, 0.4037460E+01, 0.2882376E+02, 0.4515304E+01,
 0.8522000E+01, 0.4038934E+01, 0.2883347E+02, 0.4516952E+01,
 0.8524000E+01, 0.4040406E+01, 0.2884319E+02, 0.4518598E+01,
 0.8526000E+01, 0.4041878E+01, 0.2885289E+02, 0.4520245E+01,
 0.8528000E+01, 0.4043349E+01, 0.2886259E+02, 0.4521890E+01,
 0.8530000E+01, 0.4044820E+01, 0.2887229E+02, 0.4523534E+01,
 0.8532000E+01, 0.4046290E+01, 0.2888198E+02, 0.4525178E+01,
 0.8534000E+01, 0.4047759E+01, 0.2889167E+02, 0.4526821E+01,
 0.8536000E+01, 0.4049228E+01, 0.2890135E+02, 0.4528464E+01,
 0.8538000E+01, 0.4050696E+01, 0.2891103E+02, 0.4530106E+01,
 0.8540000E+01, 0.4052164E+01, 0.2892070E+02, 0.4531747E+01,
 0.8542000E+01, 0.4053631E+01, 0.2893037E+02, 0.4533388E+01,
 0.8544000E+01, 0.4055097E+01, 0.2894003E+02, 0.4535028E+01,
 0.8546000E+01, 0.4056562E+01, 0.2894969E+02, 0.4536666E+01,
 0.8548000E+01, 0.4058027E+01, 0.2895935E+02, 0.4538305E+01,
 0.8550000E+01, 0.4059492E+01, 0.2896900E+02, 0.4539942E+01,
 0.8552000E+01, 0.4060956E+01, 0.2897864E+02, 0.4541580E+01,
 0.8554000E+01, 0.4062418E+01, 0.2898828E+02, 0.4543216E+01,
 0.8556000E+01, 0.4063881E+01, 0.2899792E+02, 0.4544851E+01,
 0.8558000E+01, 0.4065342E+01, 0.2900755E+02, 0.4546486E+01,
 0.8560000E+01, 0.4066803E+01, 0.2901717E+02, 0.4548120E+01,
 0.8562000E+01, 0.4068264E+01, 0.2902679E+02, 0.4549754E+01,
 0.8564000E+01, 0.4069724E+01, 0.2903641E+02, 0.4551386E+01,
 0.8566000E+01, 0.4071184E+01, 0.2904602E+02, 0.4553018E+01,
 0.8568000E+01, 0.4072642E+01, 0.2905563E+02, 0.4554649E+01,
 0.8570000E+01, 0.4074100E+01, 0.2906523E+02, 0.4556280E+01,
 0.8572000E+01, 0.4075557E+01, 0.2907483E+02, 0.4557909E+01,
 0.8574000E+01, 0.4077014E+01, 0.2908442E+02, 0.4559538E+01,
 0.8576000E+01, 0.4078470E+01, 0.2909401E+02, 0.4561167E+01,
 0.8578000E+01, 0.4079926E+01, 0.2910359E+02, 0.4562795E+01,
 0.8580000E+01, 0.4081380E+01, 0.2911317E+02, 0.4564422E+01,
 0.8582000E+01, 0.4082835E+01, 0.2912275E+02, 0.4566048E+01,
 0.8584000E+01, 0.4084288E+01, 0.2913231E+02, 0.4567674E+01,
 0.8586000E+01, 0.4085741E+01, 0.2914188E+02, 0.4569299E+01,
 0.8588000E+01, 0.4087193E+01, 0.2915144E+02, 0.4570923E+01,
 0.8590000E+01, 0.4088645E+01, 0.2916099E+02, 0.4572546E+01,
 0.8592000E+01, 0.4090096E+01, 0.2917054E+02, 0.4574168E+01,
 0.8594000E+01, 0.4091547E+01, 0.2918009E+02, 0.4575791E+01,
 0.8596000E+01, 0.4092996E+01, 0.2918962E+02, 0.4577412E+01,
 0.8598000E+01, 0.4094445E+01, 0.2919916E+02, 0.4579032E+01,
 0.8600000E+01, 0.4095893E+01, 0.2920869E+02, 0.4580652E+01,
 0.8602000E+01, 0.4097341E+01, 0.2921822E+02, 0.4582272E+01,
 0.8604000E+01, 0.4098788E+01, 0.2922774E+02, 0.4583890E+01,
 0.8606000E+01, 0.4100235E+01, 0.2923726E+02, 0.4585508E+01,
 0.8608000E+01, 0.4101681E+01, 0.2924677E+02, 0.4587125E+01,
 0.8610000E+01, 0.4103126E+01, 0.2925627E+02, 0.4588741E+01,
 0.8612000E+01, 0.4104570E+01, 0.2926577E+02, 0.4590356E+01,
 0.8614000E+01, 0.4106014E+01, 0.2927527E+02, 0.4591971E+01,
 0.8616000E+01, 0.4107458E+01, 0.2928476E+02, 0.4593585E+01,
 0.8618000E+01, 0.4108900E+01, 0.2929425E+02, 0.4595199E+01,
 0.8620000E+01, 0.4110342E+01, 0.2930373E+02, 0.4596811E+01,
 0.8622000E+01, 0.4111784E+01, 0.2931321E+02, 0.4598423E+01,
 0.8624000E+01, 0.4113225E+01, 0.2932268E+02, 0.4600035E+01,
 0.8626000E+01, 0.4114665E+01, 0.2933215E+02, 0.4601645E+01,
 0.8628000E+01, 0.4116104E+01, 0.2934161E+02, 0.4603255E+01,
 0.8630000E+01, 0.4117542E+01, 0.2935107E+02, 0.4604864E+01,
 0.8632000E+01, 0.4118981E+01, 0.2936052E+02, 0.4606472E+01,
 0.8634000E+01, 0.4120419E+01, 0.2936997E+02, 0.4608080E+01,
 0.8636000E+01, 0.4121855E+01, 0.2937942E+02, 0.4609687E+01,
 0.8638000E+01, 0.4123291E+01, 0.2938886E+02, 0.4611293E+01,
 0.8640000E+01, 0.4124727E+01, 0.2939829E+02, 0.4612899E+01,
 0.8642000E+01, 0.4126162E+01, 0.2940772E+02, 0.4614503E+01,
 0.8644000E+01, 0.4127596E+01, 0.2941714E+02, 0.4616107E+01,
 0.8646000E+01, 0.4129030E+01, 0.2942656E+02, 0.4617711E+01,
 0.8648000E+01, 0.4130463E+01, 0.2943598E+02, 0.4619313E+01,
 0.8650000E+01, 0.4131895E+01, 0.2944538E+02, 0.4620915E+01,
 0.8652000E+01, 0.4133327E+01, 0.2945479E+02, 0.4622517E+01,
 0.8654000E+01, 0.4134758E+01, 0.2946419E+02, 0.4624117E+01,
 0.8656000E+01, 0.4136189E+01, 0.2947359E+02, 0.4625717E+01,
 0.8658000E+01, 0.4137618E+01, 0.2948298E+02, 0.4627315E+01,
 0.8660000E+01, 0.4139047E+01, 0.2949236E+02, 0.4628913E+01,
 0.8662000E+01, 0.4140475E+01, 0.2950174E+02, 0.4630511E+01,
 0.8664000E+01, 0.4141903E+01, 0.2951112E+02, 0.4632108E+01,
 0.8666000E+01, 0.4143331E+01, 0.2952049E+02, 0.4633704E+01,
 0.8668000E+01, 0.4144757E+01, 0.2952985E+02, 0.4635299E+01,
 0.8670000E+01, 0.4146183E+01, 0.2953922E+02, 0.4636893E+01,
 0.8672000E+01, 0.4147608E+01, 0.2954857E+02, 0.4638487E+01,
 0.8674000E+01, 0.4149033E+01, 0.2955792E+02, 0.4640081E+01,
 0.8676000E+01, 0.4150456E+01, 0.2956727E+02, 0.4641673E+01,
 0.8678000E+01, 0.4151880E+01, 0.2957661E+02, 0.4643265E+01,
 0.8680000E+01, 0.4153302E+01, 0.2958595E+02, 0.4644855E+01,
 0.8682000E+01, 0.4154724E+01, 0.2959528E+02, 0.4646446E+01,
 0.8684000E+01, 0.4156146E+01, 0.2960460E+02, 0.4648036E+01,
 0.8686000E+01, 0.4157566E+01, 0.2961393E+02, 0.4649624E+01,
 0.8688000E+01, 0.4158986E+01, 0.2962324E+02, 0.4651212E+01,
 0.8690000E+01, 0.4160405E+01, 0.2963255E+02, 0.4652799E+01,
 0.8692000E+01, 0.4161824E+01, 0.2964186E+02, 0.4654386E+01,
 0.8694000E+01, 0.4163242E+01, 0.2965116E+02, 0.4655972E+01,
 0.8696000E+01, 0.4164659E+01, 0.2966046E+02, 0.4657557E+01,
 0.8698000E+01, 0.4166076E+01, 0.2966975E+02, 0.4659142E+01,
 0.8700000E+01, 0.4167492E+01, 0.2967904E+02, 0.4660725E+01,
 0.8702000E+01, 0.4168908E+01, 0.2968832E+02, 0.4662308E+01,
 0.8704000E+01, 0.4170322E+01, 0.2969760E+02, 0.4663890E+01,
 0.8706000E+01, 0.4171736E+01, 0.2970687E+02, 0.4665472E+01,
 0.8708000E+01, 0.4173150E+01, 0.2971614E+02, 0.4667052E+01,
 0.8710000E+01, 0.4174562E+01, 0.2972540E+02, 0.4668632E+01,
 0.8712000E+01, 0.4175974E+01, 0.2973466E+02, 0.4670211E+01,
 0.8714000E+01, 0.4177386E+01, 0.2974391E+02, 0.4671790E+01,
 0.8716000E+01, 0.4178797E+01, 0.2975316E+02, 0.4673368E+01,
 0.8718000E+01, 0.4180207E+01, 0.2976240E+02, 0.4674945E+01,
 0.8720000E+01, 0.4181616E+01, 0.2977164E+02, 0.4676521E+01,
 0.8722000E+01, 0.4183025E+01, 0.2978087E+02, 0.4678097E+01,
 0.8724000E+01, 0.4184433E+01, 0.2979010E+02, 0.4679671E+01,
 0.8726000E+01, 0.4185841E+01, 0.2979932E+02, 0.4681246E+01,
 0.8728000E+01, 0.4187248E+01, 0.2980854E+02, 0.4682819E+01,
 0.8730000E+01, 0.4188654E+01, 0.2981775E+02, 0.4684391E+01,
 0.8732000E+01, 0.4190059E+01, 0.2982696E+02, 0.4685963E+01,
 0.8734000E+01, 0.4191464E+01, 0.2983617E+02, 0.4687534E+01,
 0.8736000E+01, 0.4192869E+01, 0.2984537E+02, 0.4689105E+01,
 0.8738000E+01, 0.4194273E+01, 0.2985456E+02, 0.4690675E+01,
 0.8740000E+01, 0.4195675E+01, 0.2986374E+02, 0.4692243E+01,
 0.8742000E+01, 0.4197077E+01, 0.2987293E+02, 0.4693812E+01,
 0.8744000E+01, 0.4198479E+01, 0.2988211E+02, 0.4695379E+01,
 0.8746000E+01, 0.4199880E+01, 0.2989128E+02, 0.4696946E+01,
 0.8748000E+01, 0.4201280E+01, 0.2990045E+02, 0.4698512E+01,
 0.8750000E+01, 0.4202680E+01, 0.2990961E+02, 0.4700077E+01,
 0.8752000E+01, 0.4204078E+01, 0.2991877E+02, 0.4701641E+01,
 0.8754000E+01, 0.4205477E+01, 0.2992793E+02, 0.4703205E+01,
 0.8756000E+01, 0.4206874E+01, 0.2993707E+02, 0.4704768E+01,
 0.8758000E+01, 0.4208271E+01, 0.2994621E+02, 0.4706330E+01,
 0.8760000E+01, 0.4209667E+01, 0.2995535E+02, 0.4707891E+01,
 0.8762000E+01, 0.4211063E+01, 0.2996449E+02, 0.4709453E+01,
 0.8764000E+01, 0.4212458E+01, 0.2997361E+02, 0.4711013E+01,
 0.8766000E+01, 0.4213852E+01, 0.2998274E+02, 0.4712572E+01,
 0.8768000E+01, 0.4215246E+01, 0.2999186E+02, 0.4714130E+01,
 0.8770000E+01, 0.4216639E+01, 0.3000097E+02, 0.4715689E+01,
 0.8772000E+01, 0.4218031E+01, 0.3001008E+02, 0.4717245E+01,
 0.8774000E+01, 0.4219422E+01, 0.3001918E+02, 0.4718801E+01,
 0.8776000E+01, 0.4220814E+01, 0.3002828E+02, 0.4720357E+01,
 0.8778000E+01, 0.4222204E+01, 0.3003737E+02, 0.4721912E+01,
 0.8780000E+01, 0.4223593E+01, 0.3004646E+02, 0.4723466E+01,
 0.8782000E+01, 0.4224982E+01, 0.3005555E+02, 0.4725019E+01,
 0.8784000E+01, 0.4226370E+01, 0.3006462E+02, 0.4726572E+01,
 0.8786000E+01, 0.4227758E+01, 0.3007370E+02, 0.4728124E+01,
 0.8788000E+01, 0.4229145E+01, 0.3008277E+02, 0.4729675E+01,
 0.8790000E+01, 0.4230531E+01, 0.3009183E+02, 0.4731225E+01,
 0.8792000E+01, 0.4231917E+01, 0.3010089E+02, 0.4732775E+01,
 0.8794000E+01, 0.4233302E+01, 0.3010994E+02, 0.4734324E+01,
 0.8796000E+01, 0.4234686E+01, 0.3011899E+02, 0.4735871E+01,
 0.8798000E+01, 0.4236070E+01, 0.3012803E+02, 0.4737419E+01,
 0.8800000E+01, 0.4237453E+01, 0.3013707E+02, 0.4738966E+01,
 0.8802000E+01, 0.4238835E+01, 0.3014610E+02, 0.4740511E+01,
 0.8804000E+01, 0.4240217E+01, 0.3015513E+02, 0.4742057E+01,
 0.8806000E+01, 0.4241598E+01, 0.3016415E+02, 0.4743601E+01,
 0.8808000E+01, 0.4242978E+01, 0.3017317E+02, 0.4745145E+01,
 0.8810000E+01, 0.4244357E+01, 0.3018218E+02, 0.4746687E+01,
 0.8812000E+01, 0.4245736E+01, 0.3019119E+02, 0.4748230E+01,
 0.8814000E+01, 0.4247115E+01, 0.3020020E+02, 0.4749771E+01,
 0.8816000E+01, 0.4248492E+01, 0.3020919E+02, 0.4751312E+01,
 0.8818000E+01, 0.4249869E+01, 0.3021818E+02, 0.4752851E+01,
 0.8820000E+01, 0.4251245E+01, 0.3022717E+02, 0.4754390E+01,
 0.8822000E+01, 0.4252620E+01, 0.3023615E+02, 0.4755928E+01,
 0.8824000E+01, 0.4253995E+01, 0.3024513E+02, 0.4757466E+01,
 0.8826000E+01, 0.4255370E+01, 0.3025410E+02, 0.4759003E+01,
 0.8828000E+01, 0.4256743E+01, 0.3026307E+02, 0.4760540E+01,
 0.8830000E+01, 0.4258116E+01, 0.3027203E+02, 0.4762074E+01,
 0.8832000E+01, 0.4259488E+01, 0.3028099E+02, 0.4763609E+01,
 0.8834000E+01, 0.4260859E+01, 0.3028995E+02, 0.4765142E+01,
 0.8836000E+01, 0.4262230E+01, 0.3029889E+02, 0.4766676E+01,
 0.8838000E+01, 0.4263600E+01, 0.3030783E+02, 0.4768208E+01,
 0.8840000E+01, 0.4264970E+01, 0.3031677E+02, 0.4769740E+01,
 0.8842000E+01, 0.4266339E+01, 0.3032570E+02, 0.4771270E+01,
 0.8844000E+01, 0.4267707E+01, 0.3033463E+02, 0.4772800E+01,
 0.8846000E+01, 0.4269074E+01, 0.3034355E+02, 0.4774330E+01,
 0.8848000E+01, 0.4270441E+01, 0.3035247E+02, 0.4775858E+01,
 0.8850000E+01, 0.4271807E+01, 0.3036138E+02, 0.4777386E+01,
 0.8852000E+01, 0.4273172E+01, 0.3037029E+02, 0.4778913E+01,
 0.8854000E+01, 0.4274538E+01, 0.3037919E+02, 0.4780439E+01,
 0.8856000E+01, 0.4275901E+01, 0.3038808E+02, 0.4781965E+01,
 0.8858000E+01, 0.4277265E+01, 0.3039697E+02, 0.4783489E+01,
 0.8860000E+01, 0.4278627E+01, 0.3040586E+02, 0.4785014E+01,
 0.8862000E+01, 0.4279989E+01, 0.3041474E+02, 0.4786537E+01,
 0.8864000E+01, 0.4281351E+01, 0.3042362E+02, 0.4788059E+01,
 0.8866000E+01, 0.4282712E+01, 0.3043249E+02, 0.4789581E+01,
 0.8868000E+01, 0.4284071E+01, 0.3044136E+02, 0.4791101E+01,
 0.8870000E+01, 0.4285430E+01, 0.3045022E+02, 0.4792622E+01,
 0.8872000E+01, 0.4286789E+01, 0.3045907E+02, 0.4794141E+01,
 0.8874000E+01, 0.4288147E+01, 0.3046792E+02, 0.4795660E+01,
 0.8876000E+01, 0.4289505E+01, 0.3047677E+02, 0.4797178E+01,
 0.8878000E+01, 0.4290861E+01, 0.3048561E+02, 0.4798695E+01,
 0.8880000E+01, 0.4292217E+01, 0.3049444E+02, 0.4800211E+01,
 0.8882000E+01, 0.4293572E+01, 0.3050327E+02, 0.4801727E+01,
 0.8884000E+01, 0.4294927E+01, 0.3051210E+02, 0.4803242E+01,
 0.8886000E+01, 0.4296280E+01, 0.3052092E+02, 0.4804756E+01,
 0.8888000E+01, 0.4297634E+01, 0.3052973E+02, 0.4806269E+01,
 0.8890000E+01, 0.4298986E+01, 0.3053854E+02, 0.4807782E+01,
 0.8892000E+01, 0.4300338E+01, 0.3054735E+02, 0.4809293E+01,
 0.8894000E+01, 0.4301689E+01, 0.3055615E+02, 0.4810804E+01,
 0.8896000E+01, 0.4303039E+01, 0.3056494E+02, 0.4812315E+01,
 0.8898000E+01, 0.4304389E+01, 0.3057373E+02, 0.4813825E+01,
 0.8900000E+01, 0.4305738E+01, 0.3058251E+02, 0.4815333E+01,
 0.8902000E+01, 0.4307087E+01, 0.3059129E+02, 0.4816841E+01,
 0.8904000E+01, 0.4308434E+01, 0.3060007E+02, 0.4818348E+01,
 0.8906000E+01, 0.4309781E+01, 0.3060884E+02, 0.4819854E+01,
 0.8908000E+01, 0.4311128E+01, 0.3061760E+02, 0.4821360E+01,
 0.8910000E+01, 0.4312473E+01, 0.3062636E+02, 0.4822865E+01,
 0.8912000E+01, 0.4313818E+01, 0.3063511E+02, 0.4824369E+01,
 0.8914000E+01, 0.4315163E+01, 0.3064386E+02, 0.4825873E+01,
 0.8916000E+01, 0.4316506E+01, 0.3065260E+02, 0.4827375E+01,
 0.8918000E+01, 0.4317849E+01, 0.3066134E+02, 0.4828877E+01,
 0.8920000E+01, 0.4319191E+01, 0.3067008E+02, 0.4830378E+01,
 0.8922000E+01, 0.4320533E+01, 0.3067880E+02, 0.4831879E+01,
 0.8924000E+01, 0.4321874E+01, 0.3068753E+02, 0.4833378E+01,
 0.8926000E+01, 0.4323214E+01, 0.3069624E+02, 0.4834877E+01,
 0.8928000E+01, 0.4324553E+01, 0.3070496E+02, 0.4836374E+01,
 0.8930000E+01, 0.4325892E+01, 0.3071366E+02, 0.4837872E+01,
 0.8932000E+01, 0.4327230E+01, 0.3072236E+02, 0.4839368E+01,
 0.8934000E+01, 0.4328568E+01, 0.3073106E+02, 0.4840864E+01,
 0.8936000E+01, 0.4329904E+01, 0.3073975E+02, 0.4842359E+01,
 0.8938000E+01, 0.4331240E+01, 0.3074844E+02, 0.4843853E+01,
 0.8940000E+01, 0.4332576E+01, 0.3075712E+02, 0.4845347E+01,
 0.8942000E+01, 0.4333910E+01, 0.3076580E+02, 0.4846839E+01,
 0.8944000E+01, 0.4335244E+01, 0.3077447E+02, 0.4848331E+01,
 0.8946000E+01, 0.4336577E+01, 0.3078314E+02, 0.4849822E+01,
 0.8948000E+01, 0.4337910E+01, 0.3079180E+02, 0.4851312E+01,
 0.8950000E+01, 0.4339242E+01, 0.3080045E+02, 0.4852801E+01,
 0.8952000E+01, 0.4340573E+01, 0.3080910E+02, 0.4854290E+01,
 0.8954000E+01, 0.4341903E+01, 0.3081775E+02, 0.4855778E+01,
 0.8956000E+01, 0.4343233E+01, 0.3082639E+02, 0.4857265E+01,
 0.8958000E+01, 0.4344563E+01, 0.3083503E+02, 0.4858752E+01,
 0.8960000E+01, 0.4345891E+01, 0.3084366E+02, 0.4860238E+01,
 0.8962000E+01, 0.4347219E+01, 0.3085228E+02, 0.4861722E+01,
 0.8964000E+01, 0.4348546E+01, 0.3086090E+02, 0.4863206E+01,
 0.8966000E+01, 0.4349872E+01, 0.3086952E+02, 0.4864690E+01,
 0.8968000E+01, 0.4351198E+01, 0.3087813E+02, 0.4866173E+01,
 0.8970000E+01, 0.4352523E+01, 0.3088673E+02, 0.4867655E+01,
 0.8972000E+01, 0.4353847E+01, 0.3089533E+02, 0.4869135E+01,
 0.8974000E+01, 0.4355171E+01, 0.3090392E+02, 0.4870616E+01,
 0.8976000E+01, 0.4356493E+01, 0.3091251E+02, 0.4872095E+01,
 0.8978000E+01, 0.4357816E+01, 0.3092109E+02, 0.4873574E+01,
 0.8980000E+01, 0.4359137E+01, 0.3092967E+02, 0.4875051E+01,
 0.8982000E+01, 0.4360458E+01, 0.3093825E+02, 0.4876529E+01,
 0.8984000E+01, 0.4361778E+01, 0.3094682E+02, 0.4878005E+01,
 0.8986000E+01, 0.4363097E+01, 0.3095538E+02, 0.4879480E+01,
 0.8988000E+01, 0.4364416E+01, 0.3096394E+02, 0.4880956E+01,
 0.8990000E+01, 0.4365734E+01, 0.3097249E+02, 0.4882430E+01,
 0.8992000E+01, 0.4367051E+01, 0.3098104E+02, 0.4883903E+01,
 0.8994000E+01, 0.4368368E+01, 0.3098958E+02, 0.4885375E+01,
 0.8996000E+01, 0.4369684E+01, 0.3099812E+02, 0.4886847E+01,
 0.8998000E+01, 0.4370999E+01, 0.3100665E+02, 0.4888318E+01,
 0.9000000E+01, 0.4372313E+01, 0.3101517E+02, 0.4889788E+01,
 0.9002000E+01, 0.4373628E+01, 0.3102370E+02, 0.4891257E+01,
 0.9004000E+01, 0.4374941E+01, 0.3103221E+02, 0.4892726E+01,
 0.9006000E+01, 0.4376253E+01, 0.3104073E+02, 0.4894194E+01,
 0.9008000E+01, 0.4377565E+01, 0.3104923E+02, 0.4895661E+01,
 0.9010000E+01, 0.4378876E+01, 0.3105773E+02, 0.4897127E+01,
 0.9012000E+01, 0.4380186E+01, 0.3106623E+02, 0.4898592E+01,
 0.9014000E+01, 0.4381496E+01, 0.3107472E+02, 0.4900057E+01,
 0.9016000E+01, 0.4382805E+01, 0.3108321E+02, 0.4901521E+01,
 0.9018000E+01, 0.4384113E+01, 0.3109168E+02, 0.4902984E+01,
 0.9020000E+01, 0.4385421E+01, 0.3110016E+02, 0.4904447E+01,
 0.9022000E+01, 0.4386728E+01, 0.3110863E+02, 0.4905908E+01,
 0.9024000E+01, 0.4388034E+01, 0.3111709E+02, 0.4907369E+01,
 0.9026000E+01, 0.4389339E+01, 0.3112556E+02, 0.4908829E+01,
 0.9028000E+01, 0.4390644E+01, 0.3113401E+02, 0.4910287E+01,
 0.9030000E+01, 0.4391948E+01, 0.3114246E+02, 0.4911746E+01,
 0.9032000E+01, 0.4393251E+01, 0.3115090E+02, 0.4913204E+01,
 0.9034000E+01, 0.4394554E+01, 0.3115934E+02, 0.4914660E+01,
 0.9036000E+01, 0.4395856E+01, 0.3116777E+02, 0.4916117E+01,
 0.9038000E+01, 0.4397158E+01, 0.3117620E+02, 0.4917572E+01,
 0.9040000E+01, 0.4398458E+01, 0.3118463E+02, 0.4919026E+01,
 0.9042000E+01, 0.4399758E+01, 0.3119304E+02, 0.4920481E+01,
 0.9044000E+01, 0.4401057E+01, 0.3120145E+02, 0.4921933E+01,
 0.9046000E+01, 0.4402356E+01, 0.3120986E+02, 0.4923385E+01,
 0.9048000E+01, 0.4403653E+01, 0.3121827E+02, 0.4924836E+01,
 0.9050000E+01, 0.4404951E+01, 0.3122666E+02, 0.4926287E+01,
 0.9052000E+01, 0.4406247E+01, 0.3123505E+02, 0.4927737E+01,
 0.9054000E+01, 0.4407543E+01, 0.3124344E+02, 0.4929186E+01,
 0.9056000E+01, 0.4408837E+01, 0.3125182E+02, 0.4930634E+01,
 0.9058000E+01, 0.4410131E+01, 0.3126020E+02, 0.4932081E+01,
 0.9060000E+01, 0.4411426E+01, 0.3126857E+02, 0.4933528E+01,
 0.9062000E+01, 0.4412718E+01, 0.3127694E+02, 0.4934974E+01,
 0.9064000E+01, 0.4414011E+01, 0.3128530E+02, 0.4936419E+01,
 0.9066000E+01, 0.4415302E+01, 0.3129366E+02, 0.4937864E+01,
 0.9068000E+01, 0.4416593E+01, 0.3130201E+02, 0.4939307E+01,
 0.9070000E+01, 0.4417882E+01, 0.3131035E+02, 0.4940750E+01,
 0.9072000E+01, 0.4419172E+01, 0.3131869E+02, 0.4942192E+01,
 0.9074000E+01, 0.4420461E+01, 0.3132702E+02, 0.4943633E+01,
 0.9076000E+01, 0.4421749E+01, 0.3133535E+02, 0.4945074E+01,
 0.9078000E+01, 0.4423036E+01, 0.3134368E+02, 0.4946513E+01,
 0.9080000E+01, 0.4424323E+01, 0.3135200E+02, 0.4947952E+01,
 0.9082000E+01, 0.4425608E+01, 0.3136031E+02, 0.4949390E+01,
 0.9084000E+01, 0.4426893E+01, 0.3136862E+02, 0.4950827E+01,
 0.9086000E+01, 0.4428178E+01, 0.3137692E+02, 0.4952263E+01,
 0.9088000E+01, 0.4429461E+01, 0.3138522E+02, 0.4953699E+01,
 0.9090000E+01, 0.4430745E+01, 0.3139352E+02, 0.4955134E+01,
 0.9092000E+01, 0.4432027E+01, 0.3140180E+02, 0.4956568E+01,
 0.9094000E+01, 0.4433308E+01, 0.3141009E+02, 0.4958001E+01,
 0.9096000E+01, 0.4434589E+01, 0.3141837E+02, 0.4959434E+01,
 0.9098000E+01, 0.4435869E+01, 0.3142664E+02, 0.4960865E+01,
 0.9100000E+01, 0.4437149E+01, 0.3143490E+02, 0.4962296E+01,
 0.9102000E+01, 0.4438427E+01, 0.3144317E+02, 0.4963726E+01,
 0.9104000E+01, 0.4439706E+01, 0.3145142E+02, 0.4965156E+01,
 0.9106000E+01, 0.4440983E+01, 0.3145967E+02, 0.4966584E+01,
 0.9108000E+01, 0.4442260E+01, 0.3146792E+02, 0.4968012E+01,
 0.9110000E+01, 0.4443536E+01, 0.3147616E+02, 0.4969439E+01,
 0.9112000E+01, 0.4444811E+01, 0.3148440E+02, 0.4970865E+01,
 0.9114000E+01, 0.4446085E+01, 0.3149263E+02, 0.4972290E+01,
 0.9116000E+01, 0.4447359E+01, 0.3150085E+02, 0.4973715E+01,
 0.9118000E+01, 0.4448632E+01, 0.3150908E+02, 0.4975139E+01,
 0.9120000E+01, 0.4449904E+01, 0.3151729E+02, 0.4976562E+01,
 0.9122000E+01, 0.4451176E+01, 0.3152550E+02, 0.4977984E+01,
 0.9124000E+01, 0.4452447E+01, 0.3153370E+02, 0.4979405E+01,
 0.9126000E+01, 0.4453718E+01, 0.3154190E+02, 0.4980826E+01,
 0.9128000E+01, 0.4454987E+01, 0.3155010E+02, 0.4982246E+01,
 0.9130000E+01, 0.4456256E+01, 0.3155829E+02, 0.4983665E+01,
 0.9132000E+01, 0.4457524E+01, 0.3156647E+02, 0.4985083E+01,
 0.9134000E+01, 0.4458791E+01, 0.3157465E+02, 0.4986500E+01,
 0.9136000E+01, 0.4460058E+01, 0.3158282E+02, 0.4987917E+01,
 0.9138000E+01, 0.4461324E+01, 0.3159099E+02, 0.4989333E+01,
 0.9140000E+01, 0.4462589E+01, 0.3159915E+02, 0.4990747E+01,
 0.9142000E+01, 0.4463854E+01, 0.3160731E+02, 0.4992162E+01,
 0.9144000E+01, 0.4465117E+01, 0.3161546E+02, 0.4993575E+01,
 0.9146000E+01, 0.4466381E+01, 0.3162361E+02, 0.4994988E+01,
 0.9148000E+01, 0.4467643E+01, 0.3163175E+02, 0.4996400E+01,
 0.9150000E+01, 0.4468905E+01, 0.3163989E+02, 0.4997811E+01,
 0.9152000E+01, 0.4470166E+01, 0.3164802E+02, 0.4999221E+01,
 0.9154000E+01, 0.4471426E+01, 0.3165615E+02, 0.5000631E+01,
 0.9156000E+01, 0.4472686E+01, 0.3166427E+02, 0.5002040E+01,
 0.9158000E+01, 0.4473945E+01, 0.3167238E+02, 0.5003448E+01,
 0.9160000E+01, 0.4475203E+01, 0.3168049E+02, 0.5004854E+01,
 0.9162000E+01, 0.4476461E+01, 0.3168860E+02, 0.5006261E+01,
 0.9164000E+01, 0.4477717E+01, 0.3169670E+02, 0.5007666E+01,
 0.9166000E+01, 0.4478973E+01, 0.3170480E+02, 0.5009071E+01,
 0.9168000E+01, 0.4480229E+01, 0.3171288E+02, 0.5010475E+01,
 0.9170000E+01, 0.4481483E+01, 0.3172097E+02, 0.5011878E+01,
 0.9172000E+01, 0.4482738E+01, 0.3172905E+02, 0.5013280E+01,
 0.9174000E+01, 0.4483991E+01, 0.3173712E+02, 0.5014682E+01,
 0.9176000E+01, 0.4485243E+01, 0.3174519E+02, 0.5016083E+01,
 0.9178000E+01, 0.4486495E+01, 0.3175325E+02, 0.5017483E+01,
 0.9180000E+01, 0.4487746E+01, 0.3176131E+02, 0.5018881E+01,
 0.9182000E+01, 0.4488997E+01, 0.3176937E+02, 0.5020280E+01,
 0.9184000E+01, 0.4490246E+01, 0.3177741E+02, 0.5021677E+01,
 0.9186000E+01, 0.4491495E+01, 0.3178546E+02, 0.5023075E+01,
 0.9188000E+01, 0.4492743E+01, 0.3179350E+02, 0.5024470E+01,
 0.9190000E+01, 0.4493990E+01, 0.3180153E+02, 0.5025865E+01,
 0.9192000E+01, 0.4495237E+01, 0.3180955E+02, 0.5027260E+01,
 0.9194000E+01, 0.4496483E+01, 0.3181758E+02, 0.5028653E+01,
 0.9196000E+01, 0.4497729E+01, 0.3182559E+02, 0.5030046E+01,
 0.9198000E+01, 0.4498973E+01, 0.3183360E+02, 0.5031438E+01,
 0.9200000E+01, 0.4500217E+01, 0.3184161E+02, 0.5032829E+01,
 0.9202000E+01, 0.4501461E+01, 0.3184961E+02, 0.5034219E+01,
 0.9204000E+01, 0.4502703E+01, 0.3185761E+02, 0.5035609E+01,
 0.9206000E+01, 0.4503945E+01, 0.3186560E+02, 0.5036998E+01,
 0.9208000E+01, 0.4505186E+01, 0.3187358E+02, 0.5038385E+01,
 0.9210000E+01, 0.4506426E+01, 0.3188156E+02, 0.5039773E+01,
 0.9212000E+01, 0.4507666E+01, 0.3188954E+02, 0.5041159E+01,
 0.9214000E+01, 0.4508905E+01, 0.3189751E+02, 0.5042545E+01,
 0.9216000E+01, 0.4510143E+01, 0.3190547E+02, 0.5043929E+01,
 0.9218000E+01, 0.4511381E+01, 0.3191343E+02, 0.5045314E+01,
 0.9220000E+01, 0.4512618E+01, 0.3192138E+02, 0.5046697E+01,
 0.9222000E+01, 0.4513853E+01, 0.3192933E+02, 0.5048079E+01,
 0.9224000E+01, 0.4515089E+01, 0.3193728E+02, 0.5049460E+01,
 0.9226000E+01, 0.4516323E+01, 0.3194521E+02, 0.5050841E+01,
 0.9228000E+01, 0.4517557E+01, 0.3195315E+02, 0.5052221E+01,
 0.9230000E+01, 0.4518790E+01, 0.3196107E+02, 0.5053600E+01,
 0.9232000E+01, 0.4520023E+01, 0.3196900E+02, 0.5054979E+01,
 0.9234000E+01, 0.4521255E+01, 0.3197691E+02, 0.5056356E+01,
 0.9236000E+01, 0.4522486E+01, 0.3198483E+02, 0.5057733E+01,
 0.9238000E+01, 0.4523716E+01, 0.3199273E+02, 0.5059109E+01,
 0.9240000E+01, 0.4524945E+01, 0.3200064E+02, 0.5060483E+01,
 0.9242000E+01, 0.4526175E+01, 0.3200853E+02, 0.5061859E+01,
 0.9244000E+01, 0.4527402E+01, 0.3201642E+02, 0.5063231E+01,
 0.9246000E+01, 0.4528630E+01, 0.3202431E+02, 0.5064604E+01,
 0.9248000E+01, 0.4529857E+01, 0.3203219E+02, 0.5065976E+01,
 0.9250000E+01, 0.4531083E+01, 0.3204007E+02, 0.5067348E+01,
 0.9252000E+01, 0.4532308E+01, 0.3204794E+02, 0.5068717E+01,
 0.9254000E+01, 0.4533533E+01, 0.3205580E+02, 0.5070087E+01,
 0.9256000E+01, 0.4534756E+01, 0.3206366E+02, 0.5071455E+01,
 0.9258000E+01, 0.4535979E+01, 0.3207151E+02, 0.5072824E+01,
 0.9260000E+01, 0.4537202E+01, 0.3207936E+02, 0.5074191E+01,
 0.9262000E+01, 0.4538424E+01, 0.3208721E+02, 0.5075557E+01,
 0.9264000E+01, 0.4539645E+01, 0.3209505E+02, 0.5076923E+01,
 0.9266000E+01, 0.4540865E+01, 0.3210288E+02, 0.5078288E+01,
 0.9268000E+01, 0.4542084E+01, 0.3211071E+02, 0.5079651E+01,
 0.9270000E+01, 0.4543303E+01, 0.3211853E+02, 0.5081015E+01,
 0.9272000E+01, 0.4544521E+01, 0.3212635E+02, 0.5082376E+01,
 0.9274000E+01, 0.4545739E+01, 0.3213416E+02, 0.5083738E+01,
 0.9276000E+01, 0.4546955E+01, 0.3214197E+02, 0.5085098E+01,
 0.9278000E+01, 0.4548171E+01, 0.3214977E+02, 0.5086458E+01,
 0.9280000E+01, 0.4549387E+01, 0.3215757E+02, 0.5087818E+01,
 0.9282000E+01, 0.4550601E+01, 0.3216536E+02, 0.5089176E+01,
 0.9284000E+01, 0.4551815E+01, 0.3217315E+02, 0.5090534E+01,
 0.9286000E+01, 0.4553028E+01, 0.3218093E+02, 0.5091890E+01,
 0.9288000E+01, 0.4554240E+01, 0.3218871E+02, 0.5093246E+01,
 0.9290000E+01, 0.4555452E+01, 0.3219648E+02, 0.5094601E+01,
 0.9292000E+01, 0.4556663E+01, 0.3220424E+02, 0.5095955E+01,
 0.9294000E+01, 0.4557873E+01, 0.3221201E+02, 0.5097308E+01,
 0.9296000E+01, 0.4559083E+01, 0.3221976E+02, 0.5098661E+01,
 0.9298000E+01, 0.4560291E+01, 0.3222751E+02, 0.5100012E+01,
 0.9300000E+01, 0.4561499E+01, 0.3223526E+02, 0.5101364E+01,
 0.9302000E+01, 0.4562706E+01, 0.3224300E+02, 0.5102714E+01,
 0.9304000E+01, 0.4563913E+01, 0.3225073E+02, 0.5104064E+01,
 0.9306000E+01, 0.4565119E+01, 0.3225846E+02, 0.5105412E+01,
 0.9308000E+01, 0.4566324E+01, 0.3226618E+02, 0.5106760E+01,
 0.9310000E+01, 0.4567529E+01, 0.3227390E+02, 0.5108107E+01,
 0.9312000E+01, 0.4568732E+01, 0.3228161E+02, 0.5109453E+01,
 0.9314000E+01, 0.4569935E+01, 0.3228932E+02, 0.5110798E+01,
 0.9316000E+01, 0.4571137E+01, 0.3229703E+02, 0.5112143E+01,
 0.9318000E+01, 0.4572339E+01, 0.3230473E+02, 0.5113487E+01,
 0.9320000E+01, 0.4573540E+01, 0.3231242E+02, 0.5114830E+01,
 0.9322000E+01, 0.4574740E+01, 0.3232010E+02, 0.5116172E+01,
 0.9324000E+01, 0.4575940E+01, 0.3232779E+02, 0.5117513E+01,
 0.9326000E+01, 0.4577138E+01, 0.3233546E+02, 0.5118854E+01,
 0.9328000E+01, 0.4578336E+01, 0.3234314E+02, 0.5120193E+01,
 0.9330000E+01, 0.4579533E+01, 0.3235080E+02, 0.5121532E+01,
 0.9332000E+01, 0.4580729E+01, 0.3235846E+02, 0.5122870E+01,
 0.9334000E+01, 0.4581925E+01, 0.3236612E+02, 0.5124207E+01,
 0.9336000E+01, 0.4583120E+01, 0.3237377E+02, 0.5125544E+01,
 0.9338000E+01, 0.4584315E+01, 0.3238142E+02, 0.5126880E+01,
 0.9340000E+01, 0.4585508E+01, 0.3238906E+02, 0.5128214E+01,
 0.9342000E+01, 0.4586701E+01, 0.3239669E+02, 0.5129548E+01,
 0.9344000E+01, 0.4587893E+01, 0.3240432E+02, 0.5130881E+01,
 0.9346000E+01, 0.4589085E+01, 0.3241195E+02, 0.5132215E+01,
 0.9348000E+01, 0.4590275E+01, 0.3241957E+02, 0.5133546E+01,
 0.9350000E+01, 0.4591465E+01, 0.3242718E+02, 0.5134877E+01,
 0.9352000E+01, 0.4592655E+01, 0.3243479E+02, 0.5136207E+01,
 0.9354000E+01, 0.4593843E+01, 0.3244239E+02, 0.5137536E+01,
 0.9356000E+01, 0.4595031E+01, 0.3244999E+02, 0.5138865E+01,
 0.9358000E+01, 0.4596218E+01, 0.3245759E+02, 0.5140192E+01,
 0.9360000E+01, 0.4597404E+01, 0.3246518E+02, 0.5141519E+01,
 0.9362000E+01, 0.4598590E+01, 0.3247276E+02, 0.5142845E+01,
 0.9364000E+01, 0.4599775E+01, 0.3248034E+02, 0.5144169E+01,
 0.9366000E+01, 0.4600959E+01, 0.3248791E+02, 0.5145494E+01,
 0.9368000E+01, 0.4602143E+01, 0.3249548E+02, 0.5146818E+01,
 0.9370000E+01, 0.4603325E+01, 0.3250304E+02, 0.5148140E+01,
 0.9372000E+01, 0.4604507E+01, 0.3251060E+02, 0.5149462E+01,
 0.9374000E+01, 0.4605689E+01, 0.3251815E+02, 0.5150784E+01,
 0.9376000E+01, 0.4606869E+01, 0.3252570E+02, 0.5152103E+01,
 0.9378000E+01, 0.4608049E+01, 0.3253323E+02, 0.5153423E+01,
 0.9380000E+01, 0.4609228E+01, 0.3254077E+02, 0.5154742E+01,
 0.9382000E+01, 0.4610407E+01, 0.3254830E+02, 0.5156060E+01,
 0.9384000E+01, 0.4611585E+01, 0.3255583E+02, 0.5157377E+01,
 0.9386000E+01, 0.4612761E+01, 0.3256335E+02, 0.5158693E+01,
 0.9388000E+01, 0.4613938E+01, 0.3257087E+02, 0.5160009E+01,
 0.9390000E+01, 0.4615113E+01, 0.3257838E+02, 0.5161323E+01,
 0.9392000E+01, 0.4616288E+01, 0.3258588E+02, 0.5162637E+01,
 0.9394000E+01, 0.4617462E+01, 0.3259338E+02, 0.5163950E+01,
 0.9396000E+01, 0.4618635E+01, 0.3260087E+02, 0.5165262E+01,
 0.9398000E+01, 0.4619808E+01, 0.3260836E+02, 0.5166574E+01,
 0.9400000E+01, 0.4620980E+01, 0.3261584E+02, 0.5167885E+01,
 0.9402000E+01, 0.4622151E+01, 0.3262333E+02, 0.5169194E+01,
 0.9404000E+01, 0.4623322E+01, 0.3263080E+02, 0.5170504E+01,
 0.9406000E+01, 0.4624492E+01, 0.3263827E+02, 0.5171812E+01,
 0.9408000E+01, 0.4625660E+01, 0.3264573E+02, 0.5173119E+01,
 0.9410000E+01, 0.4626829E+01, 0.3265319E+02, 0.5174425E+01,
 0.9412000E+01, 0.4627996E+01, 0.3266064E+02, 0.5175731E+01,
 0.9414000E+01, 0.4629163E+01, 0.3266809E+02, 0.5177036E+01,
 0.9416000E+01, 0.4630329E+01, 0.3267553E+02, 0.5178340E+01,
 0.9418000E+01, 0.4631495E+01, 0.3268297E+02, 0.5179643E+01,
 0.9420000E+01, 0.4632659E+01, 0.3269040E+02, 0.5180946E+01,
 0.9422000E+01, 0.4633823E+01, 0.3269783E+02, 0.5182247E+01,
 0.9424000E+01, 0.4634986E+01, 0.3270525E+02, 0.5183548E+01,
 0.9426000E+01, 0.4636149E+01, 0.3271267E+02, 0.5184848E+01,
 0.9428000E+01, 0.4637311E+01, 0.3272008E+02, 0.5186148E+01,
 0.9430000E+01, 0.4638472E+01, 0.3272749E+02, 0.5187446E+01,
 0.9432000E+01, 0.4639632E+01, 0.3273489E+02, 0.5188744E+01,
 0.9434000E+01, 0.4640791E+01, 0.3274228E+02, 0.5190041E+01,
 0.9436000E+01, 0.4641951E+01, 0.3274967E+02, 0.5191337E+01,
 0.9438000E+01, 0.4643109E+01, 0.3275706E+02, 0.5192632E+01,
 0.9440000E+01, 0.4644266E+01, 0.3276444E+02, 0.5193926E+01,
 0.9442000E+01, 0.4645423E+01, 0.3277182E+02, 0.5195220E+01,
 0.9444000E+01, 0.4646579E+01, 0.3277919E+02, 0.5196513E+01,
 0.9446000E+01, 0.4647734E+01, 0.3278655E+02, 0.5197805E+01,
 0.9448000E+01, 0.4648889E+01, 0.3279391E+02, 0.5199096E+01,
 0.9450000E+01, 0.4650042E+01, 0.3280127E+02, 0.5200386E+01,
 0.9452000E+01, 0.4651195E+01, 0.3280861E+02, 0.5201675E+01,
 0.9454000E+01, 0.4652348E+01, 0.3281596E+02, 0.5202964E+01,
 0.9456000E+01, 0.4653499E+01, 0.3282330E+02, 0.5204252E+01,
 0.9458000E+01, 0.4654650E+01, 0.3283063E+02, 0.5205540E+01,
 0.9460000E+01, 0.4655800E+01, 0.3283796E+02, 0.5206826E+01,
 0.9462000E+01, 0.4656950E+01, 0.3284528E+02, 0.5208111E+01,
 0.9464000E+01, 0.4658099E+01, 0.3285260E+02, 0.5209396E+01,
 0.9466000E+01, 0.4659246E+01, 0.3285991E+02, 0.5210680E+01,
 0.9468000E+01, 0.4660394E+01, 0.3286722E+02, 0.5211963E+01,
 0.9470000E+01, 0.4661541E+01, 0.3287452E+02, 0.5213245E+01,
 0.9472000E+01, 0.4662686E+01, 0.3288182E+02, 0.5214527E+01,
 0.9474000E+01, 0.4663831E+01, 0.3288911E+02, 0.5215807E+01,
 0.9476000E+01, 0.4664975E+01, 0.3289640E+02, 0.5217086E+01,
 0.9478000E+01, 0.4666119E+01, 0.3290368E+02, 0.5218366E+01,
 0.9480000E+01, 0.4667262E+01, 0.3291096E+02, 0.5219644E+01,
 0.9482000E+01, 0.4668404E+01, 0.3291823E+02, 0.5220921E+01,
 0.9484000E+01, 0.4669546E+01, 0.3292550E+02, 0.5222198E+01,
 0.9486000E+01, 0.4670687E+01, 0.3293276E+02, 0.5223474E+01,
 0.9488000E+01, 0.4671826E+01, 0.3294001E+02, 0.5224749E+01,
 0.9490000E+01, 0.4672966E+01, 0.3294726E+02, 0.5226023E+01,
 0.9492000E+01, 0.4674104E+01, 0.3295451E+02, 0.5227296E+01,
 0.9494000E+01, 0.4675242E+01, 0.3296175E+02, 0.5228569E+01,
 0.9496000E+01, 0.4676379E+01, 0.3296899E+02, 0.5229840E+01,
 0.9498000E+01, 0.4677516E+01, 0.3297622E+02, 0.5231112E+01,
 0.9500000E+01, 0.4678651E+01, 0.3298344E+02, 0.5232381E+01,
 0.9502000E+01, 0.4679786E+01, 0.3299066E+02, 0.5233650E+01,
 0.9504000E+01, 0.4680921E+01, 0.3299788E+02, 0.5234919E+01,
 0.9506000E+01, 0.4682054E+01, 0.3300508E+02, 0.5236187E+01,
 0.9508000E+01, 0.4683187E+01, 0.3301229E+02, 0.5237453E+01,
 0.9510000E+01, 0.4684319E+01, 0.3301949E+02, 0.5238719E+01,
 0.9512000E+01, 0.4685451E+01, 0.3302668E+02, 0.5239985E+01,
 0.9514000E+01, 0.4686581E+01, 0.3303387E+02, 0.5241250E+01,
 0.9516000E+01, 0.4687711E+01, 0.3304106E+02, 0.5242513E+01,
 0.9518000E+01, 0.4688840E+01, 0.3304823E+02, 0.5243776E+01,
 0.9520000E+01, 0.4689969E+01, 0.3305541E+02, 0.5245038E+01,
 0.9522000E+01, 0.4691096E+01, 0.3306258E+02, 0.5246298E+01,
 0.9524000E+01, 0.4692223E+01, 0.3306974E+02, 0.5247559E+01,
 0.9526000E+01, 0.4693349E+01, 0.3307690E+02, 0.5248818E+01,
 0.9528000E+01, 0.4694475E+01, 0.3308405E+02, 0.5250077E+01,
 0.9530000E+01, 0.4695600E+01, 0.3309120E+02, 0.5251335E+01,
 0.9532000E+01, 0.4696723E+01, 0.3309834E+02, 0.5252592E+01,
 0.9534000E+01, 0.4697847E+01, 0.3310548E+02, 0.5253849E+01,
 0.9536000E+01, 0.4698969E+01, 0.3311261E+02, 0.5255104E+01,
 0.9538000E+01, 0.4700091E+01, 0.3311974E+02, 0.5256359E+01,
 0.9540000E+01, 0.4701213E+01, 0.3312686E+02, 0.5257613E+01,
 0.9542000E+01, 0.4702333E+01, 0.3313398E+02, 0.5258866E+01,
 0.9544000E+01, 0.4703453E+01, 0.3314109E+02, 0.5260118E+01,
 0.9546000E+01, 0.4704572E+01, 0.3314819E+02, 0.5261369E+01,
 0.9548000E+01, 0.4705690E+01, 0.3315530E+02, 0.5262620E+01,
 0.9550000E+01, 0.4706808E+01, 0.3316239E+02, 0.5263870E+01,
 0.9552000E+01, 0.4707925E+01, 0.3316948E+02, 0.5265119E+01,
 0.9554000E+01, 0.4709041E+01, 0.3317657E+02, 0.5266367E+01,
 0.9556000E+01, 0.4710156E+01, 0.3318365E+02, 0.5267614E+01,
 0.9558000E+01, 0.4711271E+01, 0.3319072E+02, 0.5268861E+01,
 0.9560000E+01, 0.4712385E+01, 0.3319780E+02, 0.5270107E+01,
 0.9562000E+01, 0.4713498E+01, 0.3320486E+02, 0.5271352E+01,
 0.9564000E+01, 0.4714610E+01, 0.3321192E+02, 0.5272596E+01,
 0.9566000E+01, 0.4715722E+01, 0.3321898E+02, 0.5273839E+01,
 0.9568000E+01, 0.4716833E+01, 0.3322602E+02, 0.5275082E+01,
 0.9570000E+01, 0.4717944E+01, 0.3323307E+02, 0.5276324E+01,
 0.9572000E+01, 0.4719053E+01, 0.3324011E+02, 0.5277564E+01,
 0.9574000E+01, 0.4720162E+01, 0.3324715E+02, 0.5278805E+01,
 0.9576000E+01, 0.4721270E+01, 0.3325417E+02, 0.5280044E+01,
 0.9578000E+01, 0.4722377E+01, 0.3326120E+02, 0.5281282E+01,
 0.9580000E+01, 0.4723484E+01, 0.3326822E+02, 0.5282520E+01,
 0.9582000E+01, 0.4724590E+01, 0.3327523E+02, 0.5283757E+01,
 0.9584000E+01, 0.4725696E+01, 0.3328224E+02, 0.5284993E+01,
 0.9586000E+01, 0.4726799E+01, 0.3328925E+02, 0.5286228E+01,
 0.9588000E+01, 0.4727903E+01, 0.3329624E+02, 0.5287462E+01,
 0.9590000E+01, 0.4729006E+01, 0.3330324E+02, 0.5288696E+01,
 0.9592000E+01, 0.4730109E+01, 0.3331023E+02, 0.5289929E+01,
 0.9594000E+01, 0.4731211E+01, 0.3331721E+02, 0.5291161E+01,
 0.9596000E+01, 0.4732312E+01, 0.3332419E+02, 0.5292392E+01,
 0.9598000E+01, 0.4733412E+01, 0.3333116E+02, 0.5293622E+01,
 0.9600000E+01, 0.4734511E+01, 0.3333813E+02, 0.5294852E+01,
 0.9602000E+01, 0.4735610E+01, 0.3334509E+02, 0.5296081E+01,
 0.9604000E+01, 0.4736708E+01, 0.3335205E+02, 0.5297308E+01,
 0.9606000E+01, 0.4737805E+01, 0.3335900E+02, 0.5298536E+01,
 0.9608000E+01, 0.4738902E+01, 0.3336595E+02, 0.5299762E+01,
 0.9610000E+01, 0.4739997E+01, 0.3337289E+02, 0.5300988E+01,
 0.9612000E+01, 0.4741093E+01, 0.3337983E+02, 0.5302213E+01,
 0.9614000E+01, 0.4742187E+01, 0.3338676E+02, 0.5303436E+01,
 0.9616000E+01, 0.4743280E+01, 0.3339369E+02, 0.5304659E+01,
 0.9618000E+01, 0.4744374E+01, 0.3340061E+02, 0.5305882E+01,
 0.9620000E+01, 0.4745466E+01, 0.3340753E+02, 0.5307103E+01,
 0.9622000E+01, 0.4746557E+01, 0.3341444E+02, 0.5308324E+01,
 0.9624000E+01, 0.4747648E+01, 0.3342134E+02, 0.5309544E+01,
 0.9626000E+01, 0.4748738E+01, 0.3342825E+02, 0.5310763E+01,
 0.9628000E+01, 0.4749827E+01, 0.3343515E+02, 0.5311981E+01,
 0.9630000E+01, 0.4750916E+01, 0.3344204E+02, 0.5313199E+01,
 0.9632000E+01, 0.4752004E+01, 0.3344892E+02, 0.5314415E+01,
 0.9634000E+01, 0.4753091E+01, 0.3345580E+02, 0.5315631E+01,
 0.9636000E+01, 0.4754178E+01, 0.3346268E+02, 0.5316846E+01,
 0.9638000E+01, 0.4755263E+01, 0.3346955E+02, 0.5318060E+01,
 0.9640000E+01, 0.4756348E+01, 0.3347642E+02, 0.5319273E+01,
 0.9642000E+01, 0.4757432E+01, 0.3348328E+02, 0.5320486E+01,
 0.9644000E+01, 0.4758516E+01, 0.3349014E+02, 0.5321698E+01,
 0.9646000E+01, 0.4759599E+01, 0.3349699E+02, 0.5322909E+01,
 0.9648000E+01, 0.4760681E+01, 0.3350383E+02, 0.5324120E+01,
 0.9650000E+01, 0.4761763E+01, 0.3351067E+02, 0.5325329E+01,
 0.9652000E+01, 0.4762843E+01, 0.3351751E+02, 0.5326537E+01,
 0.9654000E+01, 0.4763923E+01, 0.3352434E+02, 0.5327745E+01,
 0.9656000E+01, 0.4765002E+01, 0.3353116E+02, 0.5328952E+01,
 0.9658000E+01, 0.4766081E+01, 0.3353798E+02, 0.5330158E+01,
 0.9660000E+01, 0.4767159E+01, 0.3354480E+02, 0.5331363E+01,
 0.9662000E+01, 0.4768236E+01, 0.3355161E+02, 0.5332568E+01,
 0.9664000E+01, 0.4769312E+01, 0.3355841E+02, 0.5333772E+01,
 0.9666000E+01, 0.4770388E+01, 0.3356522E+02, 0.5334975E+01,
 0.9668000E+01, 0.4771462E+01, 0.3357201E+02, 0.5336177E+01,
 0.9670000E+01, 0.4772537E+01, 0.3357880E+02, 0.5337378E+01,
 0.9672000E+01, 0.4773610E+01, 0.3358558E+02, 0.5338579E+01,
 0.9674000E+01, 0.4774683E+01, 0.3359237E+02, 0.5339778E+01,
 0.9676000E+01, 0.4775755E+01, 0.3359914E+02, 0.5340977E+01,
 0.9678000E+01, 0.4776826E+01, 0.3360591E+02, 0.5342175E+01,
 0.9680000E+01, 0.4777897E+01, 0.3361267E+02, 0.5343373E+01,
 0.9682000E+01, 0.4778967E+01, 0.3361943E+02, 0.5344569E+01,
 0.9684000E+01, 0.4780036E+01, 0.3362619E+02, 0.5345765E+01,
 0.9686000E+01, 0.4781104E+01, 0.3363294E+02, 0.5346960E+01,
 0.9688000E+01, 0.4782172E+01, 0.3363968E+02, 0.5348154E+01,
 0.9690000E+01, 0.4783239E+01, 0.3364642E+02, 0.5349347E+01,
 0.9692000E+01, 0.4784306E+01, 0.3365316E+02, 0.5350540E+01,
 0.9694000E+01, 0.4785371E+01, 0.3365988E+02, 0.5351731E+01,
 0.9696000E+01, 0.4786436E+01, 0.3366661E+02, 0.5352922E+01,
 0.9698000E+01, 0.4787500E+01, 0.3367332E+02, 0.5354112E+01,
 0.9700000E+01, 0.4788563E+01, 0.3368004E+02, 0.5355301E+01,
 0.9702000E+01, 0.4789626E+01, 0.3368675E+02, 0.5356490E+01,
 0.9704000E+01, 0.4790688E+01, 0.3369345E+02, 0.5357677E+01,
 0.9706000E+01, 0.4791749E+01, 0.3370015E+02, 0.5358864E+01,
 0.9708000E+01, 0.4792809E+01, 0.3370685E+02, 0.5360050E+01,
 0.9710000E+01, 0.4793869E+01, 0.3371354E+02, 0.5361236E+01,
 0.9712000E+01, 0.4794928E+01, 0.3372022E+02, 0.5362420E+01,
 0.9714000E+01, 0.4795986E+01, 0.3372690E+02, 0.5363603E+01,
 0.9716000E+01, 0.4797044E+01, 0.3373357E+02, 0.5364786E+01,
 0.9718000E+01, 0.4798101E+01, 0.3374024E+02, 0.5365969E+01,
 0.9720000E+01, 0.4799157E+01, 0.3374690E+02, 0.5367149E+01,
 0.9722000E+01, 0.4800213E+01, 0.3375356E+02, 0.5368330E+01,
 0.9724000E+01, 0.4801268E+01, 0.3376022E+02, 0.5369509E+01,
 0.9726000E+01, 0.4802321E+01, 0.3376686E+02, 0.5370688E+01,
 0.9728000E+01, 0.4803375E+01, 0.3377351E+02, 0.5371866E+01,
 0.9730000E+01, 0.4804428E+01, 0.3378014E+02, 0.5373044E+01,
 0.9732000E+01, 0.4805479E+01, 0.3378678E+02, 0.5374219E+01,
 0.9734000E+01, 0.4806530E+01, 0.3379341E+02, 0.5375395E+01,
 0.9736000E+01, 0.4807581E+01, 0.3380003E+02, 0.5376570E+01,
 0.9738000E+01, 0.4808631E+01, 0.3380665E+02, 0.5377744E+01,
 0.9740000E+01, 0.4809680E+01, 0.3381326E+02, 0.5378917E+01,
 0.9742000E+01, 0.4810728E+01, 0.3381987E+02, 0.5380090E+01,
 0.9744000E+01, 0.4811776E+01, 0.3382647E+02, 0.5381261E+01,
 0.9746000E+01, 0.4812822E+01, 0.3383307E+02, 0.5382432E+01,
 0.9748000E+01, 0.4813869E+01, 0.3383967E+02, 0.5383602E+01,
 0.9750000E+01, 0.4814914E+01, 0.3384625E+02, 0.5384771E+01,
 0.9752000E+01, 0.4815959E+01, 0.3385284E+02, 0.5385940E+01,
 0.9754000E+01, 0.4817003E+01, 0.3385941E+02, 0.5387107E+01,
 0.9756000E+01, 0.4818046E+01, 0.3386599E+02, 0.5388274E+01,
 0.9758000E+01, 0.4819089E+01, 0.3387256E+02, 0.5389440E+01,
 0.9760000E+01, 0.4820130E+01, 0.3387912E+02, 0.5390604E+01,
 0.9762000E+01, 0.4821172E+01, 0.3388568E+02, 0.5391769E+01,
 0.9764000E+01, 0.4822212E+01, 0.3389223E+02, 0.5392933E+01,
 0.9766000E+01, 0.4823252E+01, 0.3389878E+02, 0.5394095E+01,
 0.9768000E+01, 0.4824291E+01, 0.3390532E+02, 0.5395257E+01,
 0.9770000E+01, 0.4825329E+01, 0.3391186E+02, 0.5396419E+01,
 0.9772000E+01, 0.4826366E+01, 0.3391840E+02, 0.5397579E+01,
 0.9774000E+01, 0.4827404E+01, 0.3392492E+02, 0.5398738E+01,
 0.9776000E+01, 0.4828440E+01, 0.3393145E+02, 0.5399898E+01,
 0.9778000E+01, 0.4829475E+01, 0.3393797E+02, 0.5401055E+01,
 0.9780000E+01, 0.4830510E+01, 0.3394448E+02, 0.5402212E+01,
 0.9782000E+01, 0.4831544E+01, 0.3395098E+02, 0.5403369E+01,
 0.9784000E+01, 0.4832577E+01, 0.3395749E+02, 0.5404524E+01,
 0.9786000E+01, 0.4833610E+01, 0.3396399E+02, 0.5405679E+01,
 0.9788000E+01, 0.4834641E+01, 0.3397048E+02, 0.5406833E+01,
 0.9790000E+01, 0.4835673E+01, 0.3397697E+02, 0.5407987E+01,
 0.9792000E+01, 0.4836703E+01, 0.3398345E+02, 0.5409139E+01,
 0.9794000E+01, 0.4837733E+01, 0.3398993E+02, 0.5410290E+01,
 0.9796000E+01, 0.4838762E+01, 0.3399640E+02, 0.5411441E+01,
 0.9798000E+01, 0.4839790E+01, 0.3400287E+02, 0.5412591E+01,
 0.9800000E+01, 0.4840817E+01, 0.3400934E+02, 0.5413740E+01,
 0.9802000E+01, 0.4841845E+01, 0.3401580E+02, 0.5414889E+01,
 0.9804000E+01, 0.4842871E+01, 0.3402225E+02, 0.5416036E+01,
 0.9806000E+01, 0.4843896E+01, 0.3402870E+02, 0.5417183E+01,
 0.9808000E+01, 0.4844921E+01, 0.3403514E+02, 0.5418329E+01,
 0.9810000E+01, 0.4845945E+01, 0.3404158E+02, 0.5419474E+01,
 0.9812000E+01, 0.4846968E+01, 0.3404801E+02, 0.5420619E+01,
 0.9814000E+01, 0.4847991E+01, 0.3405444E+02, 0.5421762E+01,
 0.9816000E+01, 0.4849012E+01, 0.3406087E+02, 0.5422905E+01,
 0.9818000E+01, 0.4850034E+01, 0.3406728E+02, 0.5424047E+01,
 0.9820000E+01, 0.4851054E+01, 0.3407370E+02, 0.5425189E+01,
 0.9822000E+01, 0.4852074E+01, 0.3408010E+02, 0.5426329E+01,
 0.9824000E+01, 0.4853093E+01, 0.3408651E+02, 0.5427468E+01,
 0.9826000E+01, 0.4854111E+01, 0.3409291E+02, 0.5428607E+01,
 0.9828000E+01, 0.4855129E+01, 0.3409930E+02, 0.5429746E+01,
 0.9830000E+01, 0.4856146E+01, 0.3410569E+02, 0.5430882E+01,
 0.9832000E+01, 0.4857162E+01, 0.3411208E+02, 0.5432019E+01,
 0.9834000E+01, 0.4858178E+01, 0.3411845E+02, 0.5433155E+01,
 0.9836000E+01, 0.4859192E+01, 0.3412483E+02, 0.5434290E+01,
 0.9838000E+01, 0.4860206E+01, 0.3413120E+02, 0.5435423E+01,
 0.9840000E+01, 0.4861220E+01, 0.3413757E+02, 0.5436557E+01,
 0.9842000E+01, 0.4862233E+01, 0.3414392E+02, 0.5437690E+01,
 0.9844000E+01, 0.4863244E+01, 0.3415028E+02, 0.5438821E+01,
 0.9846000E+01, 0.4864256E+01, 0.3415663E+02, 0.5439952E+01,
 0.9848000E+01, 0.4865266E+01, 0.3416298E+02, 0.5441082E+01,
 0.9850000E+01, 0.4866276E+01, 0.3416931E+02, 0.5442212E+01,
 0.9852000E+01, 0.4867285E+01, 0.3417565E+02, 0.5443340E+01,
 0.9854000E+01, 0.4868294E+01, 0.3418198E+02, 0.5444468E+01,
 0.9856000E+01, 0.4869301E+01, 0.3418830E+02, 0.5445595E+01,
 0.9858000E+01, 0.4870308E+01, 0.3419462E+02, 0.5446722E+01,
 0.9860000E+01, 0.4871315E+01, 0.3420094E+02, 0.5447846E+01,
 0.9862000E+01, 0.4872320E+01, 0.3420725E+02, 0.5448971E+01,
 0.9864000E+01, 0.4873325E+01, 0.3421355E+02, 0.5450095E+01,
 0.9866000E+01, 0.4874329E+01, 0.3421985E+02, 0.5451218E+01,
 0.9868000E+01, 0.4875332E+01, 0.3422615E+02, 0.5452340E+01,
 0.9870000E+01, 0.4876335E+01, 0.3423244E+02, 0.5453461E+01,
 0.9872000E+01, 0.4877337E+01, 0.3423873E+02, 0.5454582E+01,
 0.9874000E+01, 0.4878339E+01, 0.3424501E+02, 0.5455702E+01,
 0.9876000E+01, 0.4879339E+01, 0.3425128E+02, 0.5456821E+01,
 0.9878000E+01, 0.4880339E+01, 0.3425755E+02, 0.5457939E+01,
 0.9880000E+01, 0.4881339E+01, 0.3426382E+02, 0.5459057E+01,
 0.9882000E+01, 0.4882337E+01, 0.3427008E+02, 0.5460174E+01,
 0.9884000E+01, 0.4883335E+01, 0.3427634E+02, 0.5461290E+01,
 0.9886000E+01, 0.4884332E+01, 0.3428259E+02, 0.5462405E+01,
 0.9888000E+01, 0.4885329E+01, 0.3428883E+02, 0.5463520E+01,
 0.9890000E+01, 0.4886324E+01, 0.3429507E+02, 0.5464633E+01,
 0.9892000E+01, 0.4887320E+01, 0.3430131E+02, 0.5465746E+01,
 0.9894000E+01, 0.4888314E+01, 0.3430754E+02, 0.5466858E+01,
 0.9896000E+01, 0.4889307E+01, 0.3431377E+02, 0.5467968E+01,
 0.9898000E+01, 0.4890300E+01, 0.3431999E+02, 0.5469079E+01,
 0.9900000E+01, 0.4891293E+01, 0.3432621E+02, 0.5470189E+01,
 0.9902000E+01, 0.4892284E+01, 0.3433242E+02, 0.5471298E+01,
 0.9904000E+01, 0.4893275E+01, 0.3433863E+02, 0.5472406E+01,
 0.9906000E+01, 0.4894265E+01, 0.3434483E+02, 0.5473513E+01,
 0.9908000E+01, 0.4895254E+01, 0.3435103E+02, 0.5474619E+01,
 0.9910000E+01, 0.4896243E+01, 0.3435722E+02, 0.5475726E+01,
 0.9912000E+01, 0.4897231E+01, 0.3436341E+02, 0.5476830E+01,
 0.9914000E+01, 0.4898218E+01, 0.3436959E+02, 0.5477934E+01,
 0.9916000E+01, 0.4899205E+01, 0.3437577E+02, 0.5479038E+01,
 0.9918000E+01, 0.4900191E+01, 0.3438194E+02, 0.5480141E+01,
 0.9920000E+01, 0.4901176E+01, 0.3438811E+02, 0.5481242E+01,
 0.9922000E+01, 0.4902161E+01, 0.3439427E+02, 0.5482343E+01,
 0.9924000E+01, 0.4903144E+01, 0.3440043E+02, 0.5483444E+01,
 0.9926000E+01, 0.4904128E+01, 0.3440659E+02, 0.5484543E+01,
 0.9928000E+01, 0.4905110E+01, 0.3441273E+02, 0.5485641E+01,
 0.9930000E+01, 0.4906092E+01, 0.3441888E+02, 0.5486740E+01,
 0.9932000E+01, 0.4907073E+01, 0.3442502E+02, 0.5487837E+01,
 0.9934000E+01, 0.4908053E+01, 0.3443115E+02, 0.5488933E+01,
 0.9936000E+01, 0.4909033E+01, 0.3443728E+02, 0.5490029E+01,
 0.9938000E+01, 0.4910011E+01, 0.3444341E+02, 0.5491123E+01,
 0.9940000E+01, 0.4910989E+01, 0.3444953E+02, 0.5492217E+01,
 0.9942000E+01, 0.4911967E+01, 0.3445564E+02, 0.5493310E+01,
 0.9944000E+01, 0.4912944E+01, 0.3446175E+02, 0.5494403E+01,
 0.9946000E+01, 0.4913920E+01, 0.3446786E+02, 0.5495495E+01,
 0.9948000E+01, 0.4914896E+01, 0.3447396E+02, 0.5496585E+01,
 0.9950000E+01, 0.4915870E+01, 0.3448005E+02, 0.5497675E+01,
 0.9952000E+01, 0.4916844E+01, 0.3448615E+02, 0.5498765E+01,
 0.9954000E+01, 0.4917818E+01, 0.3449223E+02, 0.5499854E+01,
 0.9956000E+01, 0.4918791E+01, 0.3449831E+02, 0.5500942E+01,
 0.9958000E+01, 0.4919763E+01, 0.3450439E+02, 0.5502028E+01,
 0.9960000E+01, 0.4920734E+01, 0.3451046E+02, 0.5503115E+01,
 0.9962000E+01, 0.4921704E+01, 0.3451653E+02, 0.5504200E+01,
 0.9964000E+01, 0.4922674E+01, 0.3452259E+02, 0.5505285E+01,
 0.9966000E+01, 0.4923644E+01, 0.3452864E+02, 0.5506369E+01,
 0.9968000E+01, 0.4924612E+01, 0.3453469E+02, 0.5507452E+01,
 0.9970000E+01, 0.4925580E+01, 0.3454074E+02, 0.5508534E+01,
 0.9972000E+01, 0.4926547E+01, 0.3454678E+02, 0.5509616E+01,
 0.9974000E+01, 0.4927514E+01, 0.3455282E+02, 0.5510697E+01,
 0.9976000E+01, 0.4928479E+01, 0.3455885E+02, 0.5511777E+01,
 0.9978000E+01, 0.4929445E+01, 0.3456488E+02, 0.5512856E+01,
 0.9980000E+01, 0.4930408E+01, 0.3457090E+02, 0.5513935E+01,
 0.9982000E+01, 0.4931373E+01, 0.3457693E+02, 0.5515013E+01,
 0.9984000E+01, 0.4932335E+01, 0.3458294E+02, 0.5516089E+01,
 0.9986000E+01, 0.4933298E+01, 0.3458895E+02, 0.5517166E+01,
 0.9988000E+01, 0.4934259E+01, 0.3459495E+02, 0.5518241E+01,
 0.9990000E+01, 0.4935221E+01, 0.3460095E+02, 0.5519316E+01,
 0.9992000E+01, 0.4936181E+01, 0.3460694E+02, 0.5520390E+01,
 0.9994000E+01, 0.4937140E+01, 0.3461293E+02, 0.5521463E+01,
 0.9996000E+01, 0.4938099E+01, 0.3461892E+02, 0.5522536E+01,
 0.9998000E+01, 0.4939058E+01, 0.3462490E+02, 0.5523607E+01,
 0.1000000E+02, 0.4940015E+01, 0.3463087E+02, 0.5524678E+01,
