@IP,IOH,INB,IRF,IBS,IPARA [MA]  vs t@
X,IP,IOH,INB,IRF,IBS,IPARA
 0.0000000E+00, 0.1399702E+02, 0.1124588E+02, 0.0000000E+00, 0.3820556E+00, 0.2064666E+01, 0.1369260E+02,
 0.2000000E-02, 0.1399702E+02, 0.1125229E+02, 0.0000000E+00, 0.3871773E+00, 0.2053137E+01, 0.1369260E+02,
 0.4000000E-02, 0.1399702E+02, 0.1125091E+02, 0.0000000E+00, 0.3922030E+00, 0.2049484E+01, 0.1369260E+02,
 0.6000000E-02, 0.1399702E+02, 0.1125085E+02, 0.0000000E+00, 0.3971534E+00, 0.2044590E+01, 0.1369260E+02,
 0.8000000E-02, 0.1399702E+02, 0.1125124E+02, 0.0000000E+00, 0.4020351E+00, 0.2039324E+01, 0.1369260E+02,
 0.1000000E-01, 0.1399702E+02, 0.1125184E+02, 0.0000000E+00, 0.4068343E+00, 0.2033926E+01, 0.1369260E+02,
 0.1200000E-01, 0.1399702E+02, 0.1125259E+02, 0.0000000E+00, 0.4115403E+00, 0.2028468E+01, 0.1369260E+02,
 0.1400000E-01, 0.1399702E+02, 0.1125347E+02, 0.0000000E+00, 0.4161431E+00, 0.2022983E+01, 0.1369260E+02,
 0.1600000E-01, 0.1399702E+02, 0.1125447E+02, 0.0000000E+00, 0.4206345E+00, 0.2017491E+01, 0.1369260E+02,
 0.1800000E-01, 0.1399702E+02, 0.1125559E+02, 0.0000000E+00, 0.4250086E+00, 0.2012003E+01, 0.1369260E+02,
 0.2000000E-01, 0.1399702E+02, 0.1125681E+02, 0.0000000E+00, 0.4292598E+00, 0.2006533E+01, 0.1369260E+02,
 0.2200000E-01, 0.1399702E+02, 0.1125813E+02, 0.0000000E+00, 0.4333819E+00, 0.2001090E+01, 0.1369260E+02,
 0.2400000E-01, 0.1399702E+02, 0.1125954E+02, 0.0000000E+00, 0.4373704E+00, 0.1995685E+01, 0.1369260E+02,
 0.2600000E-01, 0.1399702E+02, 0.1126105E+02, 0.0000000E+00, 0.4412231E+00, 0.1990328E+01, 0.1369260E+02,
 0.2800000E-01, 0.1399702E+02, 0.1126263E+02, 0.0000000E+00, 0.4449392E+00, 0.1985025E+01, 0.1369260E+02,
 0.3000000E-01, 0.1399702E+02, 0.1126430E+02, 0.0000000E+00, 0.4485194E+00, 0.1979782E+01, 0.1369260E+02,
 0.3200000E-01, 0.1399702E+02, 0.1126604E+02, 0.0000000E+00, 0.4519575E+00, 0.1974604E+01, 0.1369260E+02,
 0.3400000E-01, 0.1399702E+02, 0.1126785E+02, 0.0000000E+00, 0.4552568E+00, 0.1969492E+01, 0.1369260E+02,
 0.3600000E-01, 0.1399702E+02, 0.1126973E+02, 0.0000000E+00, 0.4584247E+00, 0.1964448E+01, 0.1369260E+02,
 0.3800000E-01, 0.1399702E+02, 0.1127166E+02, 0.0000000E+00, 0.4614699E+00, 0.1959471E+01, 0.1369260E+02,
 0.4000000E-01, 0.1399702E+02, 0.1127364E+02, 0.0000000E+00, 0.4644020E+00, 0.1954557E+01, 0.1369260E+02,
 0.4200000E-01, 0.1399702E+02, 0.1127566E+02, 0.0000000E+00, 0.4672309E+00, 0.1949706E+01, 0.1369260E+02,
 0.4400000E-01, 0.1399702E+02, 0.1127772E+02, 0.0000000E+00, 0.4699660E+00, 0.1944914E+01, 0.1369260E+02,
 0.4600000E-01, 0.1399702E+02, 0.1127980E+02, 0.0000000E+00, 0.4726161E+00, 0.1940179E+01, 0.1369260E+02,
 0.4800000E-01, 0.1399702E+02, 0.1128191E+02, 0.0000000E+00, 0.4751893E+00, 0.1935497E+01, 0.1369260E+02,
 0.5000000E-01, 0.1399702E+02, 0.1128404E+02, 0.0000000E+00, 0.4776929E+00, 0.1930865E+01, 0.1369260E+02,
 0.5200000E-01, 0.1399702E+02, 0.1128618E+02, 0.0000000E+00, 0.4801330E+00, 0.1926283E+01, 0.1369260E+02,
 0.5400000E-01, 0.1399702E+02, 0.1128834E+02, 0.0000000E+00, 0.4825150E+00, 0.1921747E+01, 0.1369260E+02,
 0.5600000E-01, 0.1399702E+02, 0.1129050E+02, 0.0000000E+00, 0.4848436E+00, 0.1917256E+01, 0.1369260E+02,
 0.5800000E-01, 0.1399702E+02, 0.1129267E+02, 0.0000000E+00, 0.4871222E+00, 0.1912808E+01, 0.1369260E+02,
 0.6000000E-01, 0.1399702E+02, 0.1129484E+02, 0.0000000E+00, 0.4893543E+00, 0.1908403E+01, 0.1369260E+02,
 0.6200000E-01, 0.1399702E+02, 0.1129702E+02, 0.0000000E+00, 0.4915422E+00, 0.1904038E+01, 0.1369260E+02,
 0.6400000E-01, 0.1399702E+02, 0.1129920E+02, 0.0000000E+00, 0.4936881E+00, 0.1899714E+01, 0.1369260E+02,
 0.6600000E-01, 0.1399702E+02, 0.1130138E+02, 0.0000000E+00, 0.4957938E+00, 0.1895428E+01, 0.1369260E+02,
 0.6800000E-01, 0.1399702E+02, 0.1130356E+02, 0.0000000E+00, 0.4978607E+00, 0.1891181E+01, 0.1369260E+02,
 0.7000000E-01, 0.1399702E+02, 0.1130574E+02, 0.0000000E+00, 0.4998901E+00, 0.1886971E+01, 0.1369260E+02,
 0.7200000E-01, 0.1399702E+02, 0.1130792E+02, 0.0000000E+00, 0.5018832E+00, 0.1882799E+01, 0.1369260E+02,
 0.7400000E-01, 0.1399702E+02, 0.1131010E+02, 0.0000000E+00, 0.5038409E+00, 0.1878662E+01, 0.1369260E+02,
 0.7600000E-01, 0.1399702E+02, 0.1131227E+02, 0.0000000E+00, 0.5057640E+00, 0.1874560E+01, 0.1369260E+02,
 0.7800000E-01, 0.1399702E+02, 0.1131445E+02, 0.0000000E+00, 0.5076537E+00, 0.1870492E+01, 0.1369260E+02,
 0.8000000E-01, 0.1399702E+02, 0.1131663E+02, 0.0000000E+00, 0.5095106E+00, 0.1866458E+01, 0.1369260E+02,
 0.8200000E-01, 0.1399702E+02, 0.1131881E+02, 0.0000000E+00, 0.5113357E+00, 0.1862455E+01, 0.1369260E+02,
 0.8400000E-01, 0.1399702E+02, 0.1132098E+02, 0.0000000E+00, 0.5131299E+00, 0.1858484E+01, 0.1369260E+02,
 0.8600000E-01, 0.1399702E+02, 0.1132316E+02, 0.0000000E+00, 0.5148939E+00, 0.1854542E+01, 0.1369260E+02,
 0.8800000E-01, 0.1399702E+02, 0.1132534E+02, 0.0000000E+00, 0.5166289E+00, 0.1850629E+01, 0.1369260E+02,
 0.9000000E-01, 0.1399702E+02, 0.1132752E+02, 0.0000000E+00, 0.5183355E+00, 0.1846743E+01, 0.1369260E+02,
 0.9200000E-01, 0.1399702E+02, 0.1132970E+02, 0.0000000E+00, 0.5200148E+00, 0.1842881E+01, 0.1369260E+02,
 0.9400000E-01, 0.1399702E+02, 0.1133189E+02, 0.0000000E+00, 0.5216676E+00, 0.1839043E+01, 0.1369260E+02,
 0.9600000E-01, 0.1399702E+02, 0.1133408E+02, 0.0000000E+00, 0.5232949E+00, 0.1835225E+01, 0.1369260E+02,
 0.9800000E-01, 0.1399702E+02, 0.1133628E+02, 0.0000000E+00, 0.5248975E+00, 0.1831424E+01, 0.1369260E+02,
 0.1000000E+00, 0.1399702E+02, 0.1133848E+02, 0.0000000E+00, 0.5264761E+00, 0.1827637E+01, 0.1369260E+02,
 0.1020000E+00, 0.1399702E+02, 0.1134071E+02, 0.0000000E+00, 0.5280318E+00, 0.1823861E+01, 0.1369260E+02,
 0.1040000E+00, 0.1399702E+02, 0.1134294E+02, 0.0000000E+00, 0.5295653E+00, 0.1820089E+01, 0.1369260E+02,
 0.1060000E+00, 0.1399702E+02, 0.1134521E+02, 0.0000000E+00, 0.5310772E+00, 0.1816315E+01, 0.1369260E+02,
 0.1080000E+00, 0.1399702E+02, 0.1134750E+02, 0.0000000E+00, 0.5325683E+00, 0.1812531E+01, 0.1369260E+02,
 0.1100000E+00, 0.1399702E+02, 0.1134983E+02, 0.0000000E+00, 0.5340394E+00, 0.1808726E+01, 0.1369260E+02,
 0.1120000E+00, 0.1399702E+02, 0.1135222E+02, 0.0000000E+00, 0.5354909E+00, 0.1804884E+01, 0.1369260E+02,
 0.1140000E+00, 0.1399702E+02, 0.1135469E+02, 0.0000000E+00, 0.5369235E+00, 0.1800982E+01, 0.1369260E+02,
 0.1160000E+00, 0.1399702E+02, 0.1135728E+02, 0.0000000E+00, 0.5383377E+00, 0.1796980E+01, 0.1369260E+02,
 0.1180000E+00, 0.1399702E+02, 0.1136005E+02, 0.0000000E+00, 0.5397340E+00, 0.1792813E+01, 0.1369260E+02,
 0.1200000E+00, 0.1399702E+02, 0.1136314E+02, 0.0000000E+00, 0.5411129E+00, 0.1788346E+01, 0.1369260E+02,
 0.1220000E+00, 0.1399702E+02, 0.1136694E+02, 0.0000000E+00, 0.5424748E+00, 0.1783184E+01, 0.1369260E+02,
 0.1240000E+00, 0.1399702E+02, 0.1137132E+02, 0.0000000E+00, 0.5438201E+00, 0.1777457E+01, 0.1369260E+02,
 0.1260000E+00, 0.1399702E+02, 0.1137505E+02, 0.0000000E+00, 0.5451491E+00, 0.1772397E+01, 0.1369260E+02,
 0.1280000E+00, 0.1399702E+02, 0.1137830E+02, 0.0000000E+00, 0.5464622E+00, 0.1767835E+01, 0.1369260E+02,
 0.1300000E+00, 0.1399702E+02, 0.1138121E+02, 0.0000000E+00, 0.5477598E+00, 0.1763627E+01, 0.1369260E+02,
 0.1320000E+00, 0.1399702E+02, 0.1138386E+02, 0.0000000E+00, 0.5490419E+00, 0.1759695E+01, 0.1369260E+02,
 0.1340000E+00, 0.1399702E+02, 0.1138630E+02, 0.0000000E+00, 0.5503091E+00, 0.1755985E+01, 0.1369260E+02,
 0.1360000E+00, 0.1399702E+02, 0.1138857E+02, 0.0000000E+00, 0.5515614E+00, 0.1752462E+01, 0.1369260E+02,
 0.1380000E+00, 0.1399702E+02, 0.1139070E+02, 0.0000000E+00, 0.5527991E+00, 0.1749101E+01, 0.1369260E+02,
 0.1400000E+00, 0.1399702E+02, 0.1139269E+02, 0.0000000E+00, 0.5540225E+00, 0.1745881E+01, 0.1369260E+02,
 0.1420000E+00, 0.1399702E+02, 0.1139458E+02, 0.0000000E+00, 0.5552318E+00, 0.1742788E+01, 0.1369260E+02,
 0.1440000E+00, 0.1399702E+02, 0.1139636E+02, 0.0000000E+00, 0.5564271E+00, 0.1739808E+01, 0.1369260E+02,
 0.1460000E+00, 0.1399702E+02, 0.1139806E+02, 0.0000000E+00, 0.5576087E+00, 0.1736933E+01, 0.1369260E+02,
 0.1480000E+00, 0.1399702E+02, 0.1139967E+02, 0.0000000E+00, 0.5587769E+00, 0.1734153E+01, 0.1369260E+02,
 0.1500000E+00, 0.1399702E+02, 0.1140121E+02, 0.0000000E+00, 0.5599316E+00, 0.1731462E+01, 0.1369260E+02,
 0.1520000E+00, 0.1399702E+02, 0.1140267E+02, 0.0000000E+00, 0.5610733E+00, 0.1728853E+01, 0.1369260E+02,
 0.1540000E+00, 0.1399702E+02, 0.1140407E+02, 0.0000000E+00, 0.5622020E+00, 0.1726322E+01, 0.1369260E+02,
 0.1560000E+00, 0.1399702E+02, 0.1140542E+02, 0.0000000E+00, 0.5633181E+00, 0.1723863E+01, 0.1369260E+02,
 0.1580000E+00, 0.1399702E+02, 0.1140670E+02, 0.0000000E+00, 0.5644215E+00, 0.1721473E+01, 0.1369260E+02,
 0.1600000E+00, 0.1399702E+02, 0.1140794E+02, 0.0000000E+00, 0.5655127E+00, 0.1719148E+01, 0.1369260E+02,
 0.1620000E+00, 0.1399702E+02, 0.1140912E+02, 0.0000000E+00, 0.5665917E+00, 0.1716885E+01, 0.1369260E+02,
 0.1640000E+00, 0.1399702E+02, 0.1141026E+02, 0.0000000E+00, 0.5676588E+00, 0.1714681E+01, 0.1369260E+02,
 0.1660000E+00, 0.1399702E+02, 0.1141135E+02, 0.0000000E+00, 0.5687142E+00, 0.1712534E+01, 0.1369260E+02,
 0.1680000E+00, 0.1399702E+02, 0.1141240E+02, 0.0000000E+00, 0.5697580E+00, 0.1710440E+01, 0.1369260E+02,
 0.1700000E+00, 0.1399702E+02, 0.1141341E+02, 0.0000000E+00, 0.5707905E+00, 0.1708399E+01, 0.1369260E+02,
 0.1720000E+00, 0.1399702E+02, 0.1141438E+02, 0.0000000E+00, 0.5718119E+00, 0.1706407E+01, 0.1369260E+02,
 0.1740000E+00, 0.1399702E+02, 0.1141531E+02, 0.0000000E+00, 0.5728223E+00, 0.1704463E+01, 0.1369260E+02,
 0.1760000E+00, 0.1399702E+02, 0.1141621E+02, 0.0000000E+00, 0.5738220E+00, 0.1702566E+01, 0.1369260E+02,
 0.1780000E+00, 0.1399702E+02, 0.1141707E+02, 0.0000000E+00, 0.5748112E+00, 0.1700714E+01, 0.1369260E+02,
 0.1800000E+00, 0.1399702E+02, 0.1141790E+02, 0.0000000E+00, 0.5757900E+00, 0.1698905E+01, 0.1369260E+02,
 0.1820000E+00, 0.1399702E+02, 0.1141870E+02, 0.0000000E+00, 0.5767587E+00, 0.1697138E+01, 0.1369260E+02,
 0.1840000E+00, 0.1399702E+02, 0.1141947E+02, 0.0000000E+00, 0.5777174E+00, 0.1695412E+01, 0.1369260E+02,
 0.1860000E+00, 0.1399702E+02, 0.1142021E+02, 0.0000000E+00, 0.5786664E+00, 0.1693726E+01, 0.1369260E+02,
 0.1880000E+00, 0.1399702E+02, 0.1142091E+02, 0.0000000E+00, 0.5796058E+00, 0.1692078E+01, 0.1369260E+02,
 0.1900000E+00, 0.1399702E+02, 0.1142160E+02, 0.0000000E+00, 0.5805357E+00, 0.1690467E+01, 0.1369260E+02,
 0.1920000E+00, 0.1399702E+02, 0.1142225E+02, 0.0000000E+00, 0.5814565E+00, 0.1688893E+01, 0.1369260E+02,
 0.1940000E+00, 0.1399702E+02, 0.1142288E+02, 0.0000000E+00, 0.5823681E+00, 0.1687354E+01, 0.1369260E+02,
 0.1960000E+00, 0.1399702E+02, 0.1142348E+02, 0.0000000E+00, 0.5832709E+00, 0.1685850E+01, 0.1369260E+02,
 0.1980000E+00, 0.1399702E+02, 0.1142405E+02, 0.0000000E+00, 0.5841650E+00, 0.1684379E+01, 0.1369260E+02,
 0.2000000E+00, 0.1399702E+02, 0.1142461E+02, 0.0000000E+00, 0.5850505E+00, 0.1682942E+01, 0.1369260E+02,
 0.2020000E+00, 0.1399702E+02, 0.1142513E+02, 0.0000000E+00, 0.5859275E+00, 0.1681536E+01, 0.1369260E+02,
 0.2040000E+00, 0.1399702E+02, 0.1142564E+02, 0.0000000E+00, 0.5867963E+00, 0.1680162E+01, 0.1369260E+02,
 0.2060000E+00, 0.1399702E+02, 0.1142612E+02, 0.0000000E+00, 0.5876570E+00, 0.1678819E+01, 0.1369260E+02,
 0.2080000E+00, 0.1399702E+02, 0.1142658E+02, 0.0000000E+00, 0.5885097E+00, 0.1677506E+01, 0.1369260E+02,
 0.2100000E+00, 0.1399702E+02, 0.1142702E+02, 0.0000000E+00, 0.5893545E+00, 0.1676222E+01, 0.1369260E+02,
 0.2120000E+00, 0.1399702E+02, 0.1142744E+02, 0.0000000E+00, 0.5901917E+00, 0.1674967E+01, 0.1369260E+02,
 0.2140000E+00, 0.1399702E+02, 0.1142784E+02, 0.0000000E+00, 0.5910212E+00, 0.1673740E+01, 0.1369260E+02,
 0.2160000E+00, 0.1399702E+02, 0.1142821E+02, 0.0000000E+00, 0.5918433E+00, 0.1672541E+01, 0.1369260E+02,
 0.2180000E+00, 0.1399702E+02, 0.1142857E+02, 0.0000000E+00, 0.5926581E+00, 0.1671369E+01, 0.1369260E+02,
 0.2200000E+00, 0.1399702E+02, 0.1142891E+02, 0.0000000E+00, 0.5934657E+00, 0.1670223E+01, 0.1369260E+02,
 0.2220000E+00, 0.1399702E+02, 0.1142923E+02, 0.0000000E+00, 0.5942661E+00, 0.1669104E+01, 0.1369260E+02,
 0.2240000E+00, 0.1399702E+02, 0.1142953E+02, 0.0000000E+00, 0.5950596E+00, 0.1668010E+01, 0.1369260E+02,
 0.2260000E+00, 0.1399702E+02, 0.1142981E+02, 0.0000000E+00, 0.5958462E+00, 0.1666941E+01, 0.1369260E+02,
 0.2280000E+00, 0.1399702E+02, 0.1143008E+02, 0.0000000E+00, 0.5966260E+00, 0.1665897E+01, 0.1369260E+02,
 0.2300000E+00, 0.1399702E+02, 0.1143032E+02, 0.0000000E+00, 0.5973992E+00, 0.1664877E+01, 0.1369260E+02,
 0.2320000E+00, 0.1399702E+02, 0.1143055E+02, 0.0000000E+00, 0.5981658E+00, 0.1663881E+01, 0.1369260E+02,
 0.2340000E+00, 0.1399702E+02, 0.1143076E+02, 0.0000000E+00, 0.5989260E+00, 0.1662909E+01, 0.1369260E+02,
 0.2360000E+00, 0.1399702E+02, 0.1143096E+02, 0.0000000E+00, 0.5996798E+00, 0.1661959E+01, 0.1369260E+02,
 0.2380000E+00, 0.1399702E+02, 0.1143114E+02, 0.0000000E+00, 0.6004273E+00, 0.1661032E+01, 0.1369260E+02,
 0.2400000E+00, 0.1399702E+02, 0.1143130E+02, 0.0000000E+00, 0.6011687E+00, 0.1660127E+01, 0.1369260E+02,
 0.2420000E+00, 0.1399702E+02, 0.1143145E+02, 0.0000000E+00, 0.6019040E+00, 0.1659245E+01, 0.1369260E+02,
 0.2440000E+00, 0.1399702E+02, 0.1143158E+02, 0.0000000E+00, 0.6026333E+00, 0.1658383E+01, 0.1369260E+02,
 0.2460000E+00, 0.1399702E+02, 0.1143170E+02, 0.0000000E+00, 0.6033568E+00, 0.1657544E+01, 0.1369260E+02,
 0.2480000E+00, 0.1399702E+02, 0.1143180E+02, 0.0000000E+00, 0.6040744E+00, 0.1656725E+01, 0.1369260E+02,
 0.2500000E+00, 0.1399702E+02, 0.1143189E+02, 0.0000000E+00, 0.6047864E+00, 0.1655926E+01, 0.1369260E+02,
 0.2520000E+00, 0.1399702E+02, 0.1143196E+02, 0.0000000E+00, 0.6054928E+00, 0.1655148E+01, 0.1369260E+02,
 0.2540000E+00, 0.1399702E+02, 0.1143202E+02, 0.0000000E+00, 0.6061936E+00, 0.1654390E+01, 0.1369260E+02,
 0.2560000E+00, 0.1399702E+02, 0.1143206E+02, 0.0000000E+00, 0.6068891E+00, 0.1653651E+01, 0.1369260E+02,
 0.2580000E+00, 0.1399702E+02, 0.1143209E+02, 0.0000000E+00, 0.6075792E+00, 0.1652932E+01, 0.1369260E+02,
 0.2600000E+00, 0.1399702E+02, 0.1143210E+02, 0.0000000E+00, 0.6082640E+00, 0.1652232E+01, 0.1369260E+02,
 0.2620000E+00, 0.1399702E+02, 0.1143210E+02, 0.0000000E+00, 0.6089437E+00, 0.1651551E+01, 0.1369260E+02,
 0.2640000E+00, 0.1399702E+02, 0.1143209E+02, 0.0000000E+00, 0.6096183E+00, 0.1650888E+01, 0.1369260E+02,
 0.2660000E+00, 0.1399702E+02, 0.1143207E+02, 0.0000000E+00, 0.6102880E+00, 0.1650244E+01, 0.1369260E+02,
 0.2680000E+00, 0.1399702E+02, 0.1143203E+02, 0.0000000E+00, 0.6109527E+00, 0.1649618E+01, 0.1369260E+02,
 0.2700000E+00, 0.1399702E+02, 0.1143198E+02, 0.0000000E+00, 0.6116127E+00, 0.1649009E+01, 0.1369260E+02,
 0.2720000E+00, 0.1399702E+02, 0.1143191E+02, 0.0000000E+00, 0.6122679E+00, 0.1648419E+01, 0.1369260E+02,
 0.2740000E+00, 0.1399702E+02, 0.1143183E+02, 0.0000000E+00, 0.6129184E+00, 0.1647846E+01, 0.1369260E+02,
 0.2760000E+00, 0.1399702E+02, 0.1143174E+02, 0.0000000E+00, 0.6135644E+00, 0.1647290E+01, 0.1369260E+02,
 0.2780000E+00, 0.1399702E+02, 0.1143164E+02, 0.0000000E+00, 0.6142058E+00, 0.1646751E+01, 0.1369260E+02,
 0.2800000E+00, 0.1399702E+02, 0.1143153E+02, 0.0000000E+00, 0.6148428E+00, 0.1646229E+01, 0.1369260E+02,
 0.2820000E+00, 0.1399702E+02, 0.1143140E+02, 0.0000000E+00, 0.6154754E+00, 0.1645723E+01, 0.1369260E+02,
 0.2840000E+00, 0.1399702E+02, 0.1143126E+02, 0.0000000E+00, 0.6161037E+00, 0.1645235E+01, 0.1369260E+02,
 0.2860000E+00, 0.1399702E+02, 0.1143111E+02, 0.0000000E+00, 0.6167276E+00, 0.1644762E+01, 0.1369260E+02,
 0.2880000E+00, 0.1399702E+02, 0.1143095E+02, 0.0000000E+00, 0.6173472E+00, 0.1644306E+01, 0.1369260E+02,
 0.2900000E+00, 0.1399702E+02, 0.1143077E+02, 0.0000000E+00, 0.6179625E+00, 0.1643866E+01, 0.1369260E+02,
 0.2920000E+00, 0.1399702E+02, 0.1143058E+02, 0.0000000E+00, 0.6185734E+00, 0.1643441E+01, 0.1369260E+02,
 0.2940000E+00, 0.1399702E+02, 0.1143039E+02, 0.0000000E+00, 0.6191800E+00, 0.1643033E+01, 0.1369260E+02,
 0.2960000E+00, 0.1399702E+02, 0.1143018E+02, 0.0000000E+00, 0.6197819E+00, 0.1642640E+01, 0.1369260E+02,
 0.2980000E+00, 0.1399702E+02, 0.1142996E+02, 0.0000000E+00, 0.6203791E+00, 0.1642263E+01, 0.1369260E+02,
 0.3000000E+00, 0.1399702E+02, 0.1142973E+02, 0.0000000E+00, 0.6209713E+00, 0.1641901E+01, 0.1369260E+02,
 0.3020000E+00, 0.1399702E+02, 0.1142948E+02, 0.0000000E+00, 0.6215577E+00, 0.1641556E+01, 0.1369260E+02,
 0.3040000E+00, 0.1399702E+02, 0.1142923E+02, 0.0000000E+00, 0.6221375E+00, 0.1641226E+01, 0.1369260E+02,
 0.3060000E+00, 0.1399702E+02, 0.1142898E+02, 0.0000000E+00, 0.6227108E+00, 0.1640912E+01, 0.1369260E+02,
 0.3080000E+00, 0.1399702E+02, 0.1142871E+02, 0.0000000E+00, 0.6232774E+00, 0.1640613E+01, 0.1369260E+02,
 0.3100000E+00, 0.1399702E+02, 0.1142843E+02, 0.0000000E+00, 0.6238374E+00, 0.1640329E+01, 0.1369260E+02,
 0.3120000E+00, 0.1399702E+02, 0.1142815E+02, 0.0000000E+00, 0.6243909E+00, 0.1640060E+01, 0.1369260E+02,
 0.3140000E+00, 0.1399702E+02, 0.1142785E+02, 0.0000000E+00, 0.6249380E+00, 0.1639806E+01, 0.1369260E+02,
 0.3160000E+00, 0.1399702E+02, 0.1142755E+02, 0.0000000E+00, 0.6254786E+00, 0.1639566E+01, 0.1369260E+02,
 0.3180000E+00, 0.1399702E+02, 0.1142725E+02, 0.0000000E+00, 0.6260130E+00, 0.1639340E+01, 0.1369260E+02,
 0.3200000E+00, 0.1399702E+02, 0.1142693E+02, 0.0000000E+00, 0.6265413E+00, 0.1639129E+01, 0.1369260E+02,
 0.3220000E+00, 0.1399702E+02, 0.1142660E+02, 0.0000000E+00, 0.6270633E+00, 0.1638930E+01, 0.1369260E+02,
 0.3240000E+00, 0.1399702E+02, 0.1142627E+02, 0.0000000E+00, 0.6275794E+00, 0.1638746E+01, 0.1369260E+02,
 0.3260000E+00, 0.1399702E+02, 0.1142593E+02, 0.0000000E+00, 0.6280895E+00, 0.1638575E+01, 0.1369260E+02,
 0.3280000E+00, 0.1399702E+02, 0.1142559E+02, 0.0000000E+00, 0.6285938E+00, 0.1638416E+01, 0.1369260E+02,
 0.3300000E+00, 0.1399702E+02, 0.1142524E+02, 0.0000000E+00, 0.6290923E+00, 0.1638270E+01, 0.1369260E+02,
 0.3320000E+00, 0.1399702E+02, 0.1142488E+02, 0.0000000E+00, 0.6295853E+00, 0.1638137E+01, 0.1369260E+02,
 0.3340000E+00, 0.1399702E+02, 0.1142451E+02, 0.0000000E+00, 0.6300726E+00, 0.1638017E+01, 0.1369260E+02,
 0.3360000E+00, 0.1399702E+02, 0.1142414E+02, 0.0000000E+00, 0.6305544E+00, 0.1637908E+01, 0.1369260E+02,
 0.3380000E+00, 0.1399702E+02, 0.1142376E+02, 0.0000000E+00, 0.6310310E+00, 0.1637811E+01, 0.1369260E+02,
 0.3400000E+00, 0.1399702E+02, 0.1142337E+02, 0.0000000E+00, 0.6315022E+00, 0.1637726E+01, 0.1369260E+02,
 0.3420000E+00, 0.1399702E+02, 0.1142298E+02, 0.0000000E+00, 0.6319683E+00, 0.1637652E+01, 0.1369260E+02,
 0.3440000E+00, 0.1399702E+02, 0.1142258E+02, 0.0000000E+00, 0.6324292E+00, 0.1637590E+01, 0.1369260E+02,
 0.3460000E+00, 0.1399702E+02, 0.1142218E+02, 0.0000000E+00, 0.6328852E+00, 0.1637538E+01, 0.1369260E+02,
 0.3480000E+00, 0.1399702E+02, 0.1142176E+02, 0.0000000E+00, 0.6333364E+00, 0.1637497E+01, 0.1369260E+02,
 0.3500000E+00, 0.1399702E+02, 0.1142135E+02, 0.0000000E+00, 0.6337827E+00, 0.1637467E+01, 0.1369260E+02,
 0.3520000E+00, 0.1399702E+02, 0.1142093E+02, 0.0000000E+00, 0.6342243E+00, 0.1637447E+01, 0.1369260E+02,
 0.3540000E+00, 0.1399702E+02, 0.1142050E+02, 0.0000000E+00, 0.6346613E+00, 0.1637438E+01, 0.1369260E+02,
 0.3560000E+00, 0.1399702E+02, 0.1142007E+02, 0.0000000E+00, 0.6350938E+00, 0.1637438E+01, 0.1369260E+02,
 0.3580000E+00, 0.1399702E+02, 0.1141963E+02, 0.0000000E+00, 0.6355219E+00, 0.1637448E+01, 0.1369260E+02,
 0.3600000E+00, 0.1399702E+02, 0.1141919E+02, 0.0000000E+00, 0.6359457E+00, 0.1637467E+01, 0.1369260E+02,
 0.3620000E+00, 0.1399702E+02, 0.1141874E+02, 0.0000000E+00, 0.6363652E+00, 0.1637496E+01, 0.1369260E+02,
 0.3640000E+00, 0.1399702E+02, 0.1141828E+02, 0.0000000E+00, 0.6367806E+00, 0.1637534E+01, 0.1369260E+02,
 0.3660000E+00, 0.1399702E+02, 0.1141782E+02, 0.0000000E+00, 0.6371920E+00, 0.1637581E+01, 0.1369260E+02,
 0.3680000E+00, 0.1399702E+02, 0.1141736E+02, 0.0000000E+00, 0.6375994E+00, 0.1637637E+01, 0.1369260E+02,
 0.3700000E+00, 0.1399702E+02, 0.1141689E+02, 0.0000000E+00, 0.6380030E+00, 0.1637702E+01, 0.1369260E+02,
 0.3720000E+00, 0.1399702E+02, 0.1141642E+02, 0.0000000E+00, 0.6384028E+00, 0.1637775E+01, 0.1369260E+02,
 0.3740000E+00, 0.1399702E+02, 0.1141594E+02, 0.0000000E+00, 0.6387989E+00, 0.1637856E+01, 0.1369260E+02,
 0.3760000E+00, 0.1399702E+02, 0.1141546E+02, 0.0000000E+00, 0.6391914E+00, 0.1637945E+01, 0.1369260E+02,
 0.3780000E+00, 0.1399702E+02, 0.1141498E+02, 0.0000000E+00, 0.6395805E+00, 0.1638042E+01, 0.1369260E+02,
 0.3800000E+00, 0.1399702E+02, 0.1141449E+02, 0.0000000E+00, 0.6399661E+00, 0.1638147E+01, 0.1369260E+02,
 0.3820000E+00, 0.1399702E+02, 0.1141399E+02, 0.0000000E+00, 0.6403485E+00, 0.1638259E+01, 0.1369260E+02,
 0.3840000E+00, 0.1399702E+02, 0.1141349E+02, 0.0000000E+00, 0.6407276E+00, 0.1638379E+01, 0.1369260E+02,
 0.3860000E+00, 0.1399702E+02, 0.1141299E+02, 0.0000000E+00, 0.6411036E+00, 0.1638506E+01, 0.1369260E+02,
 0.3880000E+00, 0.1399702E+02, 0.1141248E+02, 0.0000000E+00, 0.6414765E+00, 0.1638640E+01, 0.1369260E+02,
 0.3900000E+00, 0.1399702E+02, 0.1141197E+02, 0.0000000E+00, 0.6418464E+00, 0.1638780E+01, 0.1369260E+02,
 0.3920000E+00, 0.1399702E+02, 0.1141146E+02, 0.0000000E+00, 0.6422135E+00, 0.1638928E+01, 0.1369260E+02,
 0.3940000E+00, 0.1399702E+02, 0.1141094E+02, 0.0000000E+00, 0.6425778E+00, 0.1639082E+01, 0.1369260E+02,
 0.3960000E+00, 0.1399702E+02, 0.1141042E+02, 0.0000000E+00, 0.6429393E+00, 0.1639243E+01, 0.1369260E+02,
 0.3980000E+00, 0.1399702E+02, 0.1140989E+02, 0.0000000E+00, 0.6432982E+00, 0.1639410E+01, 0.1369260E+02,
 0.4000000E+00, 0.1399702E+02, 0.1140936E+02, 0.0000000E+00, 0.6436545E+00, 0.1639584E+01, 0.1369260E+02,
 0.4020000E+00, 0.1399702E+02, 0.1140883E+02, 0.0000000E+00, 0.6440084E+00, 0.1639763E+01, 0.1369260E+02,
 0.4040000E+00, 0.1399702E+02, 0.1140829E+02, 0.0000000E+00, 0.6443598E+00, 0.1639948E+01, 0.1369260E+02,
 0.4060000E+00, 0.1399702E+02, 0.1140775E+02, 0.0000000E+00, 0.6447089E+00, 0.1640140E+01, 0.1369260E+02,
 0.4080000E+00, 0.1399702E+02, 0.1140721E+02, 0.0000000E+00, 0.6450558E+00, 0.1640336E+01, 0.1369260E+02,
 0.4100000E+00, 0.1399702E+02, 0.1140666E+02, 0.0000000E+00, 0.6454004E+00, 0.1640539E+01, 0.1369260E+02,
 0.4120000E+00, 0.1399702E+02, 0.1140611E+02, 0.0000000E+00, 0.6457429E+00, 0.1640747E+01, 0.1369260E+02,
 0.4140000E+00, 0.1399702E+02, 0.1140555E+02, 0.0000000E+00, 0.6460834E+00, 0.1640960E+01, 0.1369260E+02,
 0.4160000E+00, 0.1399702E+02, 0.1140500E+02, 0.0000000E+00, 0.6464218E+00, 0.1641178E+01, 0.1369260E+02,
 0.4180000E+00, 0.1399702E+02, 0.1140444E+02, 0.0000000E+00, 0.6467584E+00, 0.1641402E+01, 0.1369260E+02,
 0.4200000E+00, 0.1399702E+02, 0.1140387E+02, 0.0000000E+00, 0.6470930E+00, 0.1641631E+01, 0.1369260E+02,
 0.4220000E+00, 0.1399702E+02, 0.1140331E+02, 0.0000000E+00, 0.6474259E+00, 0.1641864E+01, 0.1369260E+02,
 0.4240000E+00, 0.1399702E+02, 0.1140274E+02, 0.0000000E+00, 0.6477570E+00, 0.1642103E+01, 0.1369260E+02,
 0.4260000E+00, 0.1399702E+02, 0.1140217E+02, 0.0000000E+00, 0.6480864E+00, 0.1642346E+01, 0.1369260E+02,
 0.4280000E+00, 0.1399702E+02, 0.1140159E+02, 0.0000000E+00, 0.6484143E+00, 0.1642594E+01, 0.1369260E+02,
 0.4300000E+00, 0.1399702E+02, 0.1140101E+02, 0.0000000E+00, 0.6487405E+00, 0.1642846E+01, 0.1369260E+02,
 0.4320000E+00, 0.1399702E+02, 0.1140043E+02, 0.0000000E+00, 0.6490652E+00, 0.1643103E+01, 0.1369260E+02,
 0.4340000E+00, 0.1399702E+02, 0.1139985E+02, 0.0000000E+00, 0.6493884E+00, 0.1643364E+01, 0.1369260E+02,
 0.4360000E+00, 0.1399702E+02, 0.1139926E+02, 0.0000000E+00, 0.6497102E+00, 0.1643630E+01, 0.1369260E+02,
 0.4380000E+00, 0.1399702E+02, 0.1139867E+02, 0.0000000E+00, 0.6500306E+00, 0.1643899E+01, 0.1369260E+02,
 0.4400000E+00, 0.1399702E+02, 0.1139808E+02, 0.0000000E+00, 0.6503496E+00, 0.1644174E+01, 0.1369260E+02,
 0.4420000E+00, 0.1399702E+02, 0.1139748E+02, 0.0000000E+00, 0.6506674E+00, 0.1644452E+01, 0.1369260E+02,
 0.4440000E+00, 0.1399702E+02, 0.1139688E+02, 0.0000000E+00, 0.6509839E+00, 0.1644734E+01, 0.1369260E+02,
 0.4460000E+00, 0.1399702E+02, 0.1139628E+02, 0.0000000E+00, 0.6512992E+00, 0.1645020E+01, 0.1369260E+02,
 0.4480000E+00, 0.1399702E+02, 0.1139568E+02, 0.0000000E+00, 0.6516134E+00, 0.1645310E+01, 0.1369260E+02,
 0.4500000E+00, 0.1399702E+02, 0.1139507E+02, 0.0000000E+00, 0.6519263E+00, 0.1645604E+01, 0.1369260E+02,
 0.4520000E+00, 0.1399702E+02, 0.1139446E+02, 0.0000000E+00, 0.6522382E+00, 0.1645901E+01, 0.1369260E+02,
 0.4540000E+00, 0.1399702E+02, 0.1139385E+02, 0.0000000E+00, 0.6525490E+00, 0.1646203E+01, 0.1369260E+02,
 0.4560000E+00, 0.1399702E+02, 0.1139323E+02, 0.0000000E+00, 0.6528588E+00, 0.1646508E+01, 0.1369260E+02,
 0.4580000E+00, 0.1399702E+02, 0.1139261E+02, 0.0000000E+00, 0.6531675E+00, 0.1646816E+01, 0.1369260E+02,
 0.4600000E+00, 0.1399702E+02, 0.1139199E+02, 0.0000000E+00, 0.6534753E+00, 0.1647129E+01, 0.1369260E+02,
 0.4620000E+00, 0.1399702E+02, 0.1139137E+02, 0.0000000E+00, 0.6537822E+00, 0.1647444E+01, 0.1369260E+02,
 0.4640000E+00, 0.1399702E+02, 0.1139075E+02, 0.0000000E+00, 0.6540881E+00, 0.1647764E+01, 0.1369260E+02,
 0.4660000E+00, 0.1399702E+02, 0.1139012E+02, 0.0000000E+00, 0.6543931E+00, 0.1648086E+01, 0.1369260E+02,
 0.4680000E+00, 0.1399702E+02, 0.1138949E+02, 0.0000000E+00, 0.6546972E+00, 0.1648412E+01, 0.1369260E+02,
 0.4700000E+00, 0.1399702E+02, 0.1138886E+02, 0.0000000E+00, 0.6550004E+00, 0.1648742E+01, 0.1369260E+02,
 0.4720000E+00, 0.1399702E+02, 0.1138822E+02, 0.0000000E+00, 0.6553029E+00, 0.1649074E+01, 0.1369260E+02,
 0.4740000E+00, 0.1399702E+02, 0.1138758E+02, 0.0000000E+00, 0.6556045E+00, 0.1649410E+01, 0.1369260E+02,
 0.4760000E+00, 0.1399702E+02, 0.1138694E+02, 0.0000000E+00, 0.6559054E+00, 0.1649749E+01, 0.1369260E+02,
 0.4780000E+00, 0.1399702E+02, 0.1138630E+02, 0.0000000E+00, 0.6562054E+00, 0.1650092E+01, 0.1369260E+02,
 0.4800000E+00, 0.1399702E+02, 0.1138566E+02, 0.0000000E+00, 0.6565047E+00, 0.1650437E+01, 0.1369260E+02,
 0.4820000E+00, 0.1399702E+02, 0.1138501E+02, 0.0000000E+00, 0.6568033E+00, 0.1650786E+01, 0.1369260E+02,
 0.4840000E+00, 0.1399702E+02, 0.1138436E+02, 0.0000000E+00, 0.6571011E+00, 0.1651137E+01, 0.1369260E+02,
 0.4860000E+00, 0.1399702E+02, 0.1138371E+02, 0.0000000E+00, 0.6573982E+00, 0.1651492E+01, 0.1369260E+02,
 0.4880000E+00, 0.1399702E+02, 0.1138305E+02, 0.0000000E+00, 0.6576946E+00, 0.1651850E+01, 0.1369260E+02,
 0.4900000E+00, 0.1399702E+02, 0.1138240E+02, 0.0000000E+00, 0.6579903E+00, 0.1652210E+01, 0.1369260E+02,
 0.4920000E+00, 0.1399702E+02, 0.1138174E+02, 0.0000000E+00, 0.6582854E+00, 0.1652574E+01, 0.1369260E+02,
 0.4940000E+00, 0.1399702E+02, 0.1138108E+02, 0.0000000E+00, 0.6585797E+00, 0.1652940E+01, 0.1369260E+02,
 0.4960000E+00, 0.1399702E+02, 0.1138041E+02, 0.0000000E+00, 0.6588734E+00, 0.1653310E+01, 0.1369260E+02,
 0.4980000E+00, 0.1399702E+02, 0.1137975E+02, 0.0000000E+00, 0.6591665E+00, 0.1653682E+01, 0.1369260E+02,
 0.5000000E+00, 0.1399702E+02, 0.1137908E+02, 0.0000000E+00, 0.6594589E+00, 0.1654057E+01, 0.1369260E+02,
 0.5020000E+00, 0.1399702E+02, 0.1137841E+02, 0.0000000E+00, 0.6597508E+00, 0.1654435E+01, 0.1369260E+02,
 0.5040000E+00, 0.1399702E+02, 0.1137774E+02, 0.0000000E+00, 0.6600419E+00, 0.1654816E+01, 0.1369260E+02,
 0.5060000E+00, 0.1399702E+02, 0.1137707E+02, 0.0000000E+00, 0.6603325E+00, 0.1655199E+01, 0.1369260E+02,
 0.5080000E+00, 0.1399702E+02, 0.1137639E+02, 0.0000000E+00, 0.6606225E+00, 0.1655585E+01, 0.1369260E+02,
 0.5100000E+00, 0.1399702E+02, 0.1137571E+02, 0.0000000E+00, 0.6609119E+00, 0.1655974E+01, 0.1369260E+02,
 0.5120000E+00, 0.1399702E+02, 0.1137503E+02, 0.0000000E+00, 0.6612006E+00, 0.1656366E+01, 0.1369260E+02,
 0.5140000E+00, 0.1399702E+02, 0.1137435E+02, 0.0000000E+00, 0.6614888E+00, 0.1656760E+01, 0.1369260E+02,
 0.5160000E+00, 0.1399702E+02, 0.1137367E+02, 0.0000000E+00, 0.6617764E+00, 0.1657157E+01, 0.1369260E+02,
 0.5180000E+00, 0.1399702E+02, 0.1137298E+02, 0.0000000E+00, 0.6620634E+00, 0.1657556E+01, 0.1369260E+02,
 0.5200000E+00, 0.1399702E+02, 0.1137229E+02, 0.0000000E+00, 0.6623498E+00, 0.1657958E+01, 0.1369260E+02,
 0.5220000E+00, 0.1399702E+02, 0.1137160E+02, 0.0000000E+00, 0.6626356E+00, 0.1658363E+01, 0.1369260E+02,
 0.5240000E+00, 0.1399702E+02, 0.1137091E+02, 0.0000000E+00, 0.6629209E+00, 0.1658770E+01, 0.1369260E+02,
 0.5260000E+00, 0.1399702E+02, 0.1137021E+02, 0.0000000E+00, 0.6632056E+00, 0.1659180E+01, 0.1369260E+02,
 0.5280000E+00, 0.1399702E+02, 0.1136952E+02, 0.0000000E+00, 0.6634898E+00, 0.1659592E+01, 0.1369260E+02,
 0.5300000E+00, 0.1399702E+02, 0.1136882E+02, 0.0000000E+00, 0.6637734E+00, 0.1660007E+01, 0.1369260E+02,
 0.5320000E+00, 0.1399702E+02, 0.1136812E+02, 0.0000000E+00, 0.6640564E+00, 0.1660424E+01, 0.1369260E+02,
 0.5340000E+00, 0.1399702E+02, 0.1136742E+02, 0.0000000E+00, 0.6643388E+00, 0.1660843E+01, 0.1369260E+02,
 0.5360000E+00, 0.1399702E+02, 0.1136671E+02, 0.0000000E+00, 0.6646207E+00, 0.1661266E+01, 0.1369260E+02,
 0.5380000E+00, 0.1399702E+02, 0.1136601E+02, 0.0000000E+00, 0.6649021E+00, 0.1661690E+01, 0.1369260E+02,
 0.5400000E+00, 0.1399702E+02, 0.1136530E+02, 0.0000000E+00, 0.6651829E+00, 0.1662117E+01, 0.1369260E+02,
 0.5420000E+00, 0.1399702E+02, 0.1136459E+02, 0.0000000E+00, 0.6654631E+00, 0.1662546E+01, 0.1369260E+02,
 0.5440000E+00, 0.1399702E+02, 0.1136388E+02, 0.0000000E+00, 0.6657428E+00, 0.1662978E+01, 0.1369260E+02,
 0.5460000E+00, 0.1399702E+02, 0.1136316E+02, 0.0000000E+00, 0.6660219E+00, 0.1663412E+01, 0.1369260E+02,
 0.5480000E+00, 0.1399702E+02, 0.1136245E+02, 0.0000000E+00, 0.6663006E+00, 0.1663849E+01, 0.1369260E+02,
 0.5500000E+00, 0.1399702E+02, 0.1136173E+02, 0.0000000E+00, 0.6665786E+00, 0.1664287E+01, 0.1369260E+02,
 0.5520000E+00, 0.1399702E+02, 0.1136101E+02, 0.0000000E+00, 0.6668561E+00, 0.1664728E+01, 0.1369260E+02,
 0.5540000E+00, 0.1399702E+02, 0.1136029E+02, 0.0000000E+00, 0.6671331E+00, 0.1665172E+01, 0.1369260E+02,
 0.5560000E+00, 0.1399702E+02, 0.1135957E+02, 0.0000000E+00, 0.6674095E+00, 0.1665617E+01, 0.1369260E+02,
 0.5580000E+00, 0.1399702E+02, 0.1135885E+02, 0.0000000E+00, 0.6676854E+00, 0.1666065E+01, 0.1369260E+02,
 0.5600000E+00, 0.1399702E+02, 0.1135812E+02, 0.0000000E+00, 0.6679607E+00, 0.1666515E+01, 0.1369260E+02,
 0.5620000E+00, 0.1399702E+02, 0.1135740E+02, 0.0000000E+00, 0.6682355E+00, 0.1666967E+01, 0.1369260E+02,
 0.5640000E+00, 0.1399702E+02, 0.1135667E+02, 0.0000000E+00, 0.6685097E+00, 0.1667422E+01, 0.1369260E+02,
 0.5660000E+00, 0.1399702E+02, 0.1135594E+02, 0.0000000E+00, 0.6687834E+00, 0.1667879E+01, 0.1369260E+02,
 0.5680000E+00, 0.1399702E+02, 0.1135520E+02, 0.0000000E+00, 0.6690566E+00, 0.1668337E+01, 0.1369260E+02,
 0.5700000E+00, 0.1399702E+02, 0.1135447E+02, 0.0000000E+00, 0.6693292E+00, 0.1668799E+01, 0.1369260E+02,
 0.5720000E+00, 0.1399702E+02, 0.1135373E+02, 0.0000000E+00, 0.6696013E+00, 0.1669262E+01, 0.1369260E+02,
 0.5740000E+00, 0.1399702E+02, 0.1135300E+02, 0.0000000E+00, 0.6698728E+00, 0.1669727E+01, 0.1369260E+02,
 0.5760000E+00, 0.1399702E+02, 0.1135226E+02, 0.0000000E+00, 0.6701438E+00, 0.1670195E+01, 0.1369260E+02,
 0.5780000E+00, 0.1399702E+02, 0.1135152E+02, 0.0000000E+00, 0.6704142E+00, 0.1670664E+01, 0.1369260E+02,
 0.5800000E+00, 0.1399702E+02, 0.1135078E+02, 0.0000000E+00, 0.6706842E+00, 0.1671136E+01, 0.1369260E+02,
 0.5820000E+00, 0.1399702E+02, 0.1135004E+02, 0.0000000E+00, 0.6709535E+00, 0.1671609E+01, 0.1369260E+02,
 0.5840000E+00, 0.1399702E+02, 0.1134929E+02, 0.0000000E+00, 0.6712223E+00, 0.1672085E+01, 0.1369260E+02,
 0.5860000E+00, 0.1399702E+02, 0.1134855E+02, 0.0000000E+00, 0.6714906E+00, 0.1672563E+01, 0.1369260E+02,
 0.5880000E+00, 0.1399702E+02, 0.1134780E+02, 0.0000000E+00, 0.6717584E+00, 0.1673043E+01, 0.1369260E+02,
 0.5900000E+00, 0.1399702E+02, 0.1134705E+02, 0.0000000E+00, 0.6720256E+00, 0.1673525E+01, 0.1369260E+02,
 0.5920000E+00, 0.1399702E+02, 0.1134630E+02, 0.0000000E+00, 0.6722922E+00, 0.1674009E+01, 0.1369260E+02,
 0.5940000E+00, 0.1399702E+02, 0.1134555E+02, 0.0000000E+00, 0.6725584E+00, 0.1674495E+01, 0.1369260E+02,
 0.5960000E+00, 0.1399702E+02, 0.1134479E+02, 0.0000000E+00, 0.6728240E+00, 0.1674982E+01, 0.1369260E+02,
 0.5980000E+00, 0.1399702E+02, 0.1134404E+02, 0.0000000E+00, 0.6730891E+00, 0.1675472E+01, 0.1369260E+02,
 0.6000000E+00, 0.1399702E+02, 0.1134328E+02, 0.0000000E+00, 0.6733536E+00, 0.1675964E+01, 0.1369260E+02,
 0.6020000E+00, 0.1399702E+02, 0.1134252E+02, 0.0000000E+00, 0.6736176E+00, 0.1676458E+01, 0.1369260E+02,
 0.6040000E+00, 0.1399702E+02, 0.1134176E+02, 0.0000000E+00, 0.6738811E+00, 0.1676953E+01, 0.1369260E+02,
 0.6060000E+00, 0.1399702E+02, 0.1134100E+02, 0.0000000E+00, 0.6741440E+00, 0.1677451E+01, 0.1369260E+02,
 0.6080000E+00, 0.1399702E+02, 0.1134024E+02, 0.0000000E+00, 0.6744063E+00, 0.1677950E+01, 0.1369260E+02,
 0.6100000E+00, 0.1399702E+02, 0.1133948E+02, 0.0000000E+00, 0.6746682E+00, 0.1678451E+01, 0.1369260E+02,
 0.6120000E+00, 0.1399702E+02, 0.1133871E+02, 0.0000000E+00, 0.6749295E+00, 0.1678955E+01, 0.1369260E+02,
 0.6140000E+00, 0.1399702E+02, 0.1133795E+02, 0.0000000E+00, 0.6751903E+00, 0.1679460E+01, 0.1369260E+02,
 0.6160000E+00, 0.1399702E+02, 0.1133718E+02, 0.0000000E+00, 0.6754505E+00, 0.1679966E+01, 0.1369260E+02,
 0.6180000E+00, 0.1399702E+02, 0.1133641E+02, 0.0000000E+00, 0.6757103E+00, 0.1680475E+01, 0.1369260E+02,
 0.6200000E+00, 0.1399702E+02, 0.1133564E+02, 0.0000000E+00, 0.6759694E+00, 0.1680985E+01, 0.1369260E+02,
 0.6220000E+00, 0.1399702E+02, 0.1133487E+02, 0.0000000E+00, 0.6762280E+00, 0.1681498E+01, 0.1369260E+02,
 0.6240000E+00, 0.1399702E+02, 0.1133410E+02, 0.0000000E+00, 0.6764862E+00, 0.1682012E+01, 0.1369260E+02,
 0.6260000E+00, 0.1399702E+02, 0.1133333E+02, 0.0000000E+00, 0.6767438E+00, 0.1682528E+01, 0.1369260E+02,
 0.6280000E+00, 0.1399702E+02, 0.1133255E+02, 0.0000000E+00, 0.6770009E+00, 0.1683045E+01, 0.1369260E+02,
 0.6300000E+00, 0.1399702E+02, 0.1133178E+02, 0.0000000E+00, 0.6772574E+00, 0.1683565E+01, 0.1369260E+02,
 0.6320000E+00, 0.1399702E+02, 0.1133100E+02, 0.0000000E+00, 0.6775134E+00, 0.1684086E+01, 0.1369260E+02,
 0.6340000E+00, 0.1399702E+02, 0.1133022E+02, 0.0000000E+00, 0.6777689E+00, 0.1684608E+01, 0.1369260E+02,
 0.6360000E+00, 0.1399702E+02, 0.1132944E+02, 0.0000000E+00, 0.6780239E+00, 0.1685133E+01, 0.1369260E+02,
 0.6380000E+00, 0.1399702E+02, 0.1132866E+02, 0.0000000E+00, 0.6782783E+00, 0.1685659E+01, 0.1369260E+02,
 0.6400000E+00, 0.1399702E+02, 0.1132788E+02, 0.0000000E+00, 0.6785322E+00, 0.1686187E+01, 0.1369260E+02,
 0.6420000E+00, 0.1399702E+02, 0.1132710E+02, 0.0000000E+00, 0.6787856E+00, 0.1686716E+01, 0.1369260E+02,
 0.6440000E+00, 0.1399702E+02, 0.1132631E+02, 0.0000000E+00, 0.6790385E+00, 0.1687248E+01, 0.1369260E+02,
 0.6460000E+00, 0.1399702E+02, 0.1132553E+02, 0.0000000E+00, 0.6792908E+00, 0.1687780E+01, 0.1369260E+02,
 0.6480000E+00, 0.1399702E+02, 0.1132474E+02, 0.0000000E+00, 0.6795426E+00, 0.1688315E+01, 0.1369260E+02,
 0.6500000E+00, 0.1399702E+02, 0.1132395E+02, 0.0000000E+00, 0.6797939E+00, 0.1688851E+01, 0.1369260E+02,
 0.6520000E+00, 0.1399702E+02, 0.1132316E+02, 0.0000000E+00, 0.6800447E+00, 0.1689389E+01, 0.1369260E+02,
 0.6540000E+00, 0.1399702E+02, 0.1132238E+02, 0.0000000E+00, 0.6802950E+00, 0.1689928E+01, 0.1369260E+02,
 0.6560000E+00, 0.1399702E+02, 0.1132158E+02, 0.0000000E+00, 0.6805447E+00, 0.1690469E+01, 0.1369260E+02,
 0.6580000E+00, 0.1399702E+02, 0.1132079E+02, 0.0000000E+00, 0.6807940E+00, 0.1691011E+01, 0.1369260E+02,
 0.6600000E+00, 0.1399702E+02, 0.1132000E+02, 0.0000000E+00, 0.6810427E+00, 0.1691555E+01, 0.1369260E+02,
 0.6620000E+00, 0.1399702E+02, 0.1131921E+02, 0.0000000E+00, 0.6812909E+00, 0.1692101E+01, 0.1369260E+02,
 0.6640000E+00, 0.1399702E+02, 0.1131841E+02, 0.0000000E+00, 0.6815386E+00, 0.1692648E+01, 0.1369260E+02,
 0.6660000E+00, 0.1399702E+02, 0.1131762E+02, 0.0000000E+00, 0.6817858E+00, 0.1693196E+01, 0.1369260E+02,
 0.6680000E+00, 0.1399702E+02, 0.1131682E+02, 0.0000000E+00, 0.6820325E+00, 0.1693747E+01, 0.1369260E+02,
 0.6700000E+00, 0.1399702E+02, 0.1131602E+02, 0.0000000E+00, 0.6822787E+00, 0.1694298E+01, 0.1369260E+02,
 0.6720000E+00, 0.1399702E+02, 0.1131522E+02, 0.0000000E+00, 0.6825243E+00, 0.1694851E+01, 0.1369260E+02,
 0.6740000E+00, 0.1399702E+02, 0.1131442E+02, 0.0000000E+00, 0.6827695E+00, 0.1695406E+01, 0.1369260E+02,
 0.6760000E+00, 0.1399702E+02, 0.1131362E+02, 0.0000000E+00, 0.6830142E+00, 0.1695962E+01, 0.1369260E+02,
 0.6780000E+00, 0.1399702E+02, 0.1131282E+02, 0.0000000E+00, 0.6832583E+00, 0.1696519E+01, 0.1369260E+02,
 0.6800000E+00, 0.1399702E+02, 0.1131202E+02, 0.0000000E+00, 0.6835020E+00, 0.1697078E+01, 0.1369260E+02,
 0.6820000E+00, 0.1399702E+02, 0.1131121E+02, 0.0000000E+00, 0.6837451E+00, 0.1697639E+01, 0.1369260E+02,
 0.6840000E+00, 0.1399702E+02, 0.1131041E+02, 0.0000000E+00, 0.6839878E+00, 0.1698201E+01, 0.1369260E+02,
 0.6860000E+00, 0.1399702E+02, 0.1130960E+02, 0.0000000E+00, 0.6842299E+00, 0.1698764E+01, 0.1369260E+02,
 0.6880000E+00, 0.1399702E+02, 0.1130880E+02, 0.0000000E+00, 0.6844716E+00, 0.1699329E+01, 0.1369260E+02,
 0.6900000E+00, 0.1399702E+02, 0.1130799E+02, 0.0000000E+00, 0.6847128E+00, 0.1699895E+01, 0.1369260E+02,
 0.6920000E+00, 0.1399702E+02, 0.1130718E+02, 0.0000000E+00, 0.6849535E+00, 0.1700462E+01, 0.1369260E+02,
 0.6940000E+00, 0.1399702E+02, 0.1130637E+02, 0.0000000E+00, 0.6851936E+00, 0.1701031E+01, 0.1369260E+02,
 0.6960000E+00, 0.1399702E+02, 0.1130556E+02, 0.0000000E+00, 0.6854333E+00, 0.1701601E+01, 0.1369260E+02,
 0.6980000E+00, 0.1399702E+02, 0.1130475E+02, 0.0000000E+00, 0.6856725E+00, 0.1702173E+01, 0.1369260E+02,
 0.7000000E+00, 0.1399702E+02, 0.1130394E+02, 0.0000000E+00, 0.6859112E+00, 0.1702745E+01, 0.1369260E+02,
 0.7020000E+00, 0.1399702E+02, 0.1130313E+02, 0.0000000E+00, 0.6861494E+00, 0.1703320E+01, 0.1369260E+02,
 0.7040000E+00, 0.1399702E+02, 0.1130232E+02, 0.0000000E+00, 0.6863872E+00, 0.1703895E+01, 0.1369260E+02,
 0.7060000E+00, 0.1399702E+02, 0.1130150E+02, 0.0000000E+00, 0.6866245E+00, 0.1704472E+01, 0.1369260E+02,
 0.7080000E+00, 0.1399702E+02, 0.1130069E+02, 0.0000000E+00, 0.6868612E+00, 0.1705050E+01, 0.1369260E+02,
 0.7100000E+00, 0.1399702E+02, 0.1129987E+02, 0.0000000E+00, 0.6870975E+00, 0.1705629E+01, 0.1369260E+02,
 0.7120000E+00, 0.1399702E+02, 0.1129906E+02, 0.0000000E+00, 0.6873333E+00, 0.1706210E+01, 0.1369260E+02,
 0.7140000E+00, 0.1399702E+02, 0.1129824E+02, 0.0000000E+00, 0.6875687E+00, 0.1706792E+01, 0.1369260E+02,
 0.7160000E+00, 0.1399702E+02, 0.1129742E+02, 0.0000000E+00, 0.6878036E+00, 0.1707375E+01, 0.1369260E+02,
 0.7180000E+00, 0.1399702E+02, 0.1129660E+02, 0.0000000E+00, 0.6880379E+00, 0.1707960E+01, 0.1369260E+02,
 0.7200000E+00, 0.1399702E+02, 0.1129578E+02, 0.0000000E+00, 0.6882719E+00, 0.1708545E+01, 0.1369260E+02,
 0.7220000E+00, 0.1399702E+02, 0.1129496E+02, 0.0000000E+00, 0.6885054E+00, 0.1709132E+01, 0.1369260E+02,
 0.7240000E+00, 0.1399702E+02, 0.1129414E+02, 0.0000000E+00, 0.6887383E+00, 0.1709720E+01, 0.1369260E+02,
 0.7260000E+00, 0.1399702E+02, 0.1129332E+02, 0.0000000E+00, 0.6889709E+00, 0.1710310E+01, 0.1369260E+02,
 0.7280000E+00, 0.1399702E+02, 0.1129249E+02, 0.0000000E+00, 0.6892029E+00, 0.1710900E+01, 0.1369260E+02,
 0.7300000E+00, 0.1399702E+02, 0.1129167E+02, 0.0000000E+00, 0.6894345E+00, 0.1711492E+01, 0.1369260E+02,
 0.7320000E+00, 0.1399702E+02, 0.1129085E+02, 0.0000000E+00, 0.6896656E+00, 0.1712085E+01, 0.1369260E+02,
 0.7340000E+00, 0.1399702E+02, 0.1129002E+02, 0.0000000E+00, 0.6898963E+00, 0.1712679E+01, 0.1369260E+02,
 0.7360000E+00, 0.1399702E+02, 0.1128920E+02, 0.0000000E+00, 0.6901265E+00, 0.1713274E+01, 0.1369260E+02,
 0.7380000E+00, 0.1399702E+02, 0.1128837E+02, 0.0000000E+00, 0.6903563E+00, 0.1713871E+01, 0.1369260E+02,
 0.7400000E+00, 0.1399702E+02, 0.1128755E+02, 0.0000000E+00, 0.6905856E+00, 0.1714468E+01, 0.1369260E+02,
 0.7420000E+00, 0.1399702E+02, 0.1128672E+02, 0.0000000E+00, 0.6908144E+00, 0.1715067E+01, 0.1369260E+02,
 0.7440000E+00, 0.1399702E+02, 0.1128589E+02, 0.0000000E+00, 0.6910428E+00, 0.1715666E+01, 0.1369260E+02,
 0.7460000E+00, 0.1399702E+02, 0.1128506E+02, 0.0000000E+00, 0.6912707E+00, 0.1716267E+01, 0.1369260E+02,
 0.7480000E+00, 0.1399702E+02, 0.1128423E+02, 0.0000000E+00, 0.6914982E+00, 0.1716869E+01, 0.1369260E+02,
 0.7500000E+00, 0.1399702E+02, 0.1128340E+02, 0.0000000E+00, 0.6917253E+00, 0.1717472E+01, 0.1369260E+02,
 0.7520000E+00, 0.1399702E+02, 0.1128257E+02, 0.0000000E+00, 0.6919519E+00, 0.1718076E+01, 0.1369260E+02,
 0.7540000E+00, 0.1399702E+02, 0.1128174E+02, 0.0000000E+00, 0.6921781E+00, 0.1718682E+01, 0.1369260E+02,
 0.7560000E+00, 0.1399702E+02, 0.1128091E+02, 0.0000000E+00, 0.6924038E+00, 0.1719288E+01, 0.1369260E+02,
 0.7580000E+00, 0.1399702E+02, 0.1128007E+02, 0.0000000E+00, 0.6926290E+00, 0.1719895E+01, 0.1369260E+02,
 0.7600000E+00, 0.1399702E+02, 0.1127924E+02, 0.0000000E+00, 0.6928539E+00, 0.1720504E+01, 0.1369260E+02,
 0.7620000E+00, 0.1399702E+02, 0.1127841E+02, 0.0000000E+00, 0.6930783E+00, 0.1721113E+01, 0.1369260E+02,
 0.7640000E+00, 0.1399702E+02, 0.1127757E+02, 0.0000000E+00, 0.6933023E+00, 0.1721723E+01, 0.1369260E+02,
 0.7660000E+00, 0.1399702E+02, 0.1127674E+02, 0.0000000E+00, 0.6935259E+00, 0.1722335E+01, 0.1369260E+02,
 0.7680000E+00, 0.1399702E+02, 0.1127590E+02, 0.0000000E+00, 0.6937490E+00, 0.1722947E+01, 0.1369260E+02,
 0.7700000E+00, 0.1399702E+02, 0.1127507E+02, 0.0000000E+00, 0.6939717E+00, 0.1723561E+01, 0.1369260E+02,
 0.7720000E+00, 0.1399702E+02, 0.1127423E+02, 0.0000000E+00, 0.6941939E+00, 0.1724175E+01, 0.1369260E+02,
 0.7740000E+00, 0.1399702E+02, 0.1127339E+02, 0.0000000E+00, 0.6944157E+00, 0.1724790E+01, 0.1369260E+02,
 0.7760000E+00, 0.1399702E+02, 0.1127255E+02, 0.0000000E+00, 0.6946372E+00, 0.1725407E+01, 0.1369260E+02,
 0.7780000E+00, 0.1399702E+02, 0.1127172E+02, 0.0000000E+00, 0.6948582E+00, 0.1726024E+01, 0.1369260E+02,
 0.7800000E+00, 0.1399702E+02, 0.1127088E+02, 0.0000000E+00, 0.6950787E+00, 0.1726642E+01, 0.1369260E+02,
 0.7820000E+00, 0.1399702E+02, 0.1127004E+02, 0.0000000E+00, 0.6952989E+00, 0.1727262E+01, 0.1369260E+02,
 0.7840000E+00, 0.1399702E+02, 0.1126920E+02, 0.0000000E+00, 0.6955187E+00, 0.1727882E+01, 0.1369260E+02,
 0.7860000E+00, 0.1399702E+02, 0.1126836E+02, 0.0000000E+00, 0.6957380E+00, 0.1728503E+01, 0.1369260E+02,
 0.7880000E+00, 0.1399702E+02, 0.1126752E+02, 0.0000000E+00, 0.6959569E+00, 0.1729125E+01, 0.1369260E+02,
 0.7900000E+00, 0.1399702E+02, 0.1126667E+02, 0.0000000E+00, 0.6961754E+00, 0.1729748E+01, 0.1369260E+02,
 0.7920000E+00, 0.1399702E+02, 0.1126583E+02, 0.0000000E+00, 0.6963935E+00, 0.1730372E+01, 0.1369260E+02,
 0.7940000E+00, 0.1399702E+02, 0.1126499E+02, 0.0000000E+00, 0.6966112E+00, 0.1730996E+01, 0.1369260E+02,
 0.7960000E+00, 0.1399702E+02, 0.1126415E+02, 0.0000000E+00, 0.6968285E+00, 0.1731622E+01, 0.1369260E+02,
 0.7980000E+00, 0.1399702E+02, 0.1126330E+02, 0.0000000E+00, 0.6970454E+00, 0.1732248E+01, 0.1369260E+02,
 0.8000000E+00, 0.1399702E+02, 0.1126246E+02, 0.0000000E+00, 0.6972618E+00, 0.1732876E+01, 0.1369260E+02,
 0.8020000E+00, 0.1399702E+02, 0.1126162E+02, 0.0000000E+00, 0.6974779E+00, 0.1733504E+01, 0.1369260E+02,
 0.8040000E+00, 0.1399702E+02, 0.1126077E+02, 0.0000000E+00, 0.6976936E+00, 0.1734133E+01, 0.1369260E+02,
 0.8060000E+00, 0.1399702E+02, 0.1125993E+02, 0.0000000E+00, 0.6979089E+00, 0.1734763E+01, 0.1369260E+02,
 0.8080000E+00, 0.1399702E+02, 0.1125908E+02, 0.0000000E+00, 0.6981238E+00, 0.1735394E+01, 0.1369260E+02,
 0.8100000E+00, 0.1399702E+02, 0.1125823E+02, 0.0000000E+00, 0.6983383E+00, 0.1736025E+01, 0.1369260E+02,
 0.8120000E+00, 0.1399702E+02, 0.1125739E+02, 0.0000000E+00, 0.6985524E+00, 0.1736658E+01, 0.1369260E+02,
 0.8140000E+00, 0.1399702E+02, 0.1125654E+02, 0.0000000E+00, 0.6987661E+00, 0.1737291E+01, 0.1369260E+02,
 0.8160000E+00, 0.1399702E+02, 0.1125569E+02, 0.0000000E+00, 0.6989794E+00, 0.1737925E+01, 0.1369260E+02,
 0.8180000E+00, 0.1399702E+02, 0.1125485E+02, 0.0000000E+00, 0.6991923E+00, 0.1738560E+01, 0.1369260E+02,
 0.8200000E+00, 0.1399702E+02, 0.1125400E+02, 0.0000000E+00, 0.6994049E+00, 0.1739195E+01, 0.1369260E+02,
 0.8220000E+00, 0.1399702E+02, 0.1125315E+02, 0.0000000E+00, 0.6996171E+00, 0.1739832E+01, 0.1369260E+02,
 0.8240000E+00, 0.1399702E+02, 0.1125230E+02, 0.0000000E+00, 0.6998289E+00, 0.1740469E+01, 0.1369260E+02,
 0.8260000E+00, 0.1399702E+02, 0.1125145E+02, 0.0000000E+00, 0.7000403E+00, 0.1741107E+01, 0.1369260E+02,
 0.8280000E+00, 0.1399702E+02, 0.1125060E+02, 0.0000000E+00, 0.7002513E+00, 0.1741746E+01, 0.1369260E+02,
 0.8300000E+00, 0.1399702E+02, 0.1124975E+02, 0.0000000E+00, 0.7004620E+00, 0.1742385E+01, 0.1369260E+02,
 0.8320000E+00, 0.1399702E+02, 0.1124890E+02, 0.0000000E+00, 0.7006723E+00, 0.1743026E+01, 0.1369260E+02,
 0.8340000E+00, 0.1399702E+02, 0.1124805E+02, 0.0000000E+00, 0.7008822E+00, 0.1743667E+01, 0.1369260E+02,
 0.8360000E+00, 0.1399702E+02, 0.1124720E+02, 0.0000000E+00, 0.7010918E+00, 0.1744309E+01, 0.1369260E+02,
 0.8380000E+00, 0.1399702E+02, 0.1124635E+02, 0.0000000E+00, 0.7013009E+00, 0.1744951E+01, 0.1369260E+02,
 0.8400000E+00, 0.1399702E+02, 0.1124549E+02, 0.0000000E+00, 0.7015097E+00, 0.1745594E+01, 0.1369260E+02,
 0.8420000E+00, 0.1399702E+02, 0.1124464E+02, 0.0000000E+00, 0.7017182E+00, 0.1746238E+01, 0.1369260E+02,
 0.8440000E+00, 0.1399702E+02, 0.1124379E+02, 0.0000000E+00, 0.7019262E+00, 0.1746883E+01, 0.1369260E+02,
 0.8460000E+00, 0.1399702E+02, 0.1124294E+02, 0.0000000E+00, 0.7021340E+00, 0.1747529E+01, 0.1369260E+02,
 0.8480000E+00, 0.1399702E+02, 0.1124208E+02, 0.0000000E+00, 0.7023413E+00, 0.1748175E+01, 0.1369260E+02,
 0.8500000E+00, 0.1399702E+02, 0.1124123E+02, 0.0000000E+00, 0.7025483E+00, 0.1748822E+01, 0.1369260E+02,
 0.8520000E+00, 0.1399702E+02, 0.1124037E+02, 0.0000000E+00, 0.7027549E+00, 0.1749469E+01, 0.1369260E+02,
 0.8540000E+00, 0.1399702E+02, 0.1123952E+02, 0.0000000E+00, 0.7029611E+00, 0.1750118E+01, 0.1369260E+02,
 0.8560000E+00, 0.1399702E+02, 0.1123866E+02, 0.0000000E+00, 0.7031671E+00, 0.1750767E+01, 0.1369260E+02,
 0.8580000E+00, 0.1399702E+02, 0.1123781E+02, 0.0000000E+00, 0.7033727E+00, 0.1751416E+01, 0.1369260E+02,
 0.8600000E+00, 0.1399702E+02, 0.1123695E+02, 0.0000000E+00, 0.7035779E+00, 0.1752066E+01, 0.1369260E+02,
 0.8620000E+00, 0.1399702E+02, 0.1123610E+02, 0.0000000E+00, 0.7037827E+00, 0.1752717E+01, 0.1369260E+02,
 0.8640000E+00, 0.1399702E+02, 0.1123524E+02, 0.0000000E+00, 0.7039872E+00, 0.1753369E+01, 0.1369260E+02,
 0.8660000E+00, 0.1399702E+02, 0.1123439E+02, 0.0000000E+00, 0.7041914E+00, 0.1754021E+01, 0.1369260E+02,
 0.8680000E+00, 0.1399702E+02, 0.1123353E+02, 0.0000000E+00, 0.7043952E+00, 0.1754674E+01, 0.1369260E+02,
 0.8700000E+00, 0.1399702E+02, 0.1123267E+02, 0.0000000E+00, 0.7045987E+00, 0.1755328E+01, 0.1369260E+02,
 0.8720000E+00, 0.1399702E+02, 0.1123181E+02, 0.0000000E+00, 0.7048018E+00, 0.1755982E+01, 0.1369260E+02,
 0.8740000E+00, 0.1399702E+02, 0.1123096E+02, 0.0000000E+00, 0.7050046E+00, 0.1756637E+01, 0.1369260E+02,
 0.8760000E+00, 0.1399702E+02, 0.1123010E+02, 0.0000000E+00, 0.7052070E+00, 0.1757293E+01, 0.1369260E+02,
 0.8780000E+00, 0.1399702E+02, 0.1122924E+02, 0.0000000E+00, 0.7054092E+00, 0.1757949E+01, 0.1369260E+02,
 0.8800000E+00, 0.1399702E+02, 0.1122838E+02, 0.0000000E+00, 0.7056109E+00, 0.1758605E+01, 0.1369260E+02,
 0.8820000E+00, 0.1399702E+02, 0.1122752E+02, 0.0000000E+00, 0.7058123E+00, 0.1759263E+01, 0.1369260E+02,
 0.8840000E+00, 0.1399702E+02, 0.1122666E+02, 0.0000000E+00, 0.7060134E+00, 0.1759921E+01, 0.1369260E+02,
 0.8860000E+00, 0.1399702E+02, 0.1122581E+02, 0.0000000E+00, 0.7062142E+00, 0.1760579E+01, 0.1369260E+02,
 0.8880000E+00, 0.1399702E+02, 0.1122495E+02, 0.0000000E+00, 0.7064146E+00, 0.1761238E+01, 0.1369260E+02,
 0.8900000E+00, 0.1399702E+02, 0.1122409E+02, 0.0000000E+00, 0.7066147E+00, 0.1761898E+01, 0.1369260E+02,
 0.8920000E+00, 0.1399702E+02, 0.1122323E+02, 0.0000000E+00, 0.7068145E+00, 0.1762558E+01, 0.1369260E+02,
 0.8940000E+00, 0.1399702E+02, 0.1122237E+02, 0.0000000E+00, 0.7070140E+00, 0.1763219E+01, 0.1369260E+02,
 0.8960000E+00, 0.1399702E+02, 0.1122151E+02, 0.0000000E+00, 0.7072131E+00, 0.1763880E+01, 0.1369260E+02,
 0.8980000E+00, 0.1399702E+02, 0.1122064E+02, 0.0000000E+00, 0.7074119E+00, 0.1764542E+01, 0.1369260E+02,
 0.9000000E+00, 0.1399702E+02, 0.1121978E+02, 0.0000000E+00, 0.7076104E+00, 0.1765205E+01, 0.1369260E+02,
 0.9020000E+00, 0.1399702E+02, 0.1121892E+02, 0.0000000E+00, 0.7078086E+00, 0.1765868E+01, 0.1369260E+02,
 0.9040000E+00, 0.1399702E+02, 0.1121806E+02, 0.0000000E+00, 0.7080064E+00, 0.1766531E+01, 0.1369260E+02,
 0.9060000E+00, 0.1399702E+02, 0.1121720E+02, 0.0000000E+00, 0.7082039E+00, 0.1767196E+01, 0.1369260E+02,
 0.9080000E+00, 0.1399702E+02, 0.1121634E+02, 0.0000000E+00, 0.7084011E+00, 0.1767860E+01, 0.1369260E+02,
 0.9100000E+00, 0.1399702E+02, 0.1121548E+02, 0.0000000E+00, 0.7085980E+00, 0.1768525E+01, 0.1369260E+02,
 0.9120000E+00, 0.1399702E+02, 0.1121461E+02, 0.0000000E+00, 0.7087945E+00, 0.1769191E+01, 0.1369260E+02,
 0.9140000E+00, 0.1399702E+02, 0.1121375E+02, 0.0000000E+00, 0.7089908E+00, 0.1769857E+01, 0.1369260E+02,
 0.9160000E+00, 0.1399702E+02, 0.1121289E+02, 0.0000000E+00, 0.7091868E+00, 0.1770524E+01, 0.1369260E+02,
 0.9180000E+00, 0.1399702E+02, 0.1121202E+02, 0.0000000E+00, 0.7093824E+00, 0.1771191E+01, 0.1369260E+02,
 0.9200000E+00, 0.1399702E+02, 0.1121116E+02, 0.0000000E+00, 0.7095777E+00, 0.1771859E+01, 0.1369260E+02,
 0.9220000E+00, 0.1399702E+02, 0.1121030E+02, 0.0000000E+00, 0.7097728E+00, 0.1772527E+01, 0.1369260E+02,
 0.9240000E+00, 0.1399702E+02, 0.1120944E+02, 0.0000000E+00, 0.7099674E+00, 0.1773195E+01, 0.1369260E+02,
 0.9260000E+00, 0.1399702E+02, 0.1120857E+02, 0.0000000E+00, 0.7101619E+00, 0.1773864E+01, 0.1369260E+02,
 0.9280000E+00, 0.1399702E+02, 0.1120771E+02, 0.0000000E+00, 0.7103560E+00, 0.1774534E+01, 0.1369260E+02,
 0.9300000E+00, 0.1399702E+02, 0.1120684E+02, 0.0000000E+00, 0.7105498E+00, 0.1775204E+01, 0.1369260E+02,
 0.9320000E+00, 0.1399702E+02, 0.1120598E+02, 0.0000000E+00, 0.7107432E+00, 0.1775874E+01, 0.1369260E+02,
 0.9340000E+00, 0.1399702E+02, 0.1120512E+02, 0.0000000E+00, 0.7109365E+00, 0.1776545E+01, 0.1369260E+02,
 0.9360000E+00, 0.1399702E+02, 0.1120425E+02, 0.0000000E+00, 0.7111294E+00, 0.1777217E+01, 0.1369260E+02,
 0.9380000E+00, 0.1399702E+02, 0.1120339E+02, 0.0000000E+00, 0.7113220E+00, 0.1777888E+01, 0.1369260E+02,
 0.9400000E+00, 0.1399702E+02, 0.1120252E+02, 0.0000000E+00, 0.7115143E+00, 0.1778561E+01, 0.1369260E+02,
 0.9420000E+00, 0.1399702E+02, 0.1120166E+02, 0.0000000E+00, 0.7117063E+00, 0.1779233E+01, 0.1369260E+02,
 0.9440000E+00, 0.1399702E+02, 0.1120079E+02, 0.0000000E+00, 0.7118980E+00, 0.1779906E+01, 0.1369260E+02,
 0.9460000E+00, 0.1399702E+02, 0.1119993E+02, 0.0000000E+00, 0.7120895E+00, 0.1780580E+01, 0.1369260E+02,
 0.9480000E+00, 0.1399702E+02, 0.1119906E+02, 0.0000000E+00, 0.7122806E+00, 0.1781254E+01, 0.1369260E+02,
 0.9500000E+00, 0.1399702E+02, 0.1119820E+02, 0.0000000E+00, 0.7124714E+00, 0.1781928E+01, 0.1369260E+02,
 0.9520000E+00, 0.1399702E+02, 0.1119733E+02, 0.0000000E+00, 0.7126620E+00, 0.1782603E+01, 0.1369260E+02,
 0.9540000E+00, 0.1399702E+02, 0.1119647E+02, 0.0000000E+00, 0.7128522E+00, 0.1783278E+01, 0.1369260E+02,
 0.9560000E+00, 0.1399702E+02, 0.1119560E+02, 0.0000000E+00, 0.7130423E+00, 0.1783953E+01, 0.1369260E+02,
 0.9580000E+00, 0.1399702E+02, 0.1119474E+02, 0.0000000E+00, 0.7132319E+00, 0.1784629E+01, 0.1369260E+02,
 0.9600000E+00, 0.1399702E+02, 0.1119387E+02, 0.0000000E+00, 0.7134213E+00, 0.1785306E+01, 0.1369260E+02,
 0.9620000E+00, 0.1399702E+02, 0.1119301E+02, 0.0000000E+00, 0.7136105E+00, 0.1785982E+01, 0.1369260E+02,
 0.9640000E+00, 0.1399702E+02, 0.1119214E+02, 0.0000000E+00, 0.7137994E+00, 0.1786659E+01, 0.1369260E+02,
 0.9660000E+00, 0.1399702E+02, 0.1119127E+02, 0.0000000E+00, 0.7139879E+00, 0.1787337E+01, 0.1369260E+02,
 0.9680000E+00, 0.1399702E+02, 0.1119041E+02, 0.0000000E+00, 0.7141762E+00, 0.1788015E+01, 0.1369260E+02,
 0.9700000E+00, 0.1399702E+02, 0.1118954E+02, 0.0000000E+00, 0.7143642E+00, 0.1788693E+01, 0.1369260E+02,
 0.9720000E+00, 0.1399702E+02, 0.1118867E+02, 0.0000000E+00, 0.7145520E+00, 0.1789371E+01, 0.1369260E+02,
 0.9740000E+00, 0.1399702E+02, 0.1118781E+02, 0.0000000E+00, 0.7147394E+00, 0.1790050E+01, 0.1369260E+02,
 0.9760000E+00, 0.1399702E+02, 0.1118694E+02, 0.0000000E+00, 0.7149266E+00, 0.1790730E+01, 0.1369260E+02,
 0.9780000E+00, 0.1399702E+02, 0.1118608E+02, 0.0000000E+00, 0.7151135E+00, 0.1791409E+01, 0.1369260E+02,
 0.9800000E+00, 0.1399702E+02, 0.1118521E+02, 0.0000000E+00, 0.7153001E+00, 0.1792089E+01, 0.1369260E+02,
 0.9820000E+00, 0.1399702E+02, 0.1118434E+02, 0.0000000E+00, 0.7154865E+00, 0.1792770E+01, 0.1369260E+02,
 0.9840000E+00, 0.1399702E+02, 0.1118348E+02, 0.0000000E+00, 0.7156726E+00, 0.1793450E+01, 0.1369260E+02,
 0.9860000E+00, 0.1399702E+02, 0.1118261E+02, 0.0000000E+00, 0.7158585E+00, 0.1794131E+01, 0.1369260E+02,
 0.9880000E+00, 0.1399702E+02, 0.1118174E+02, 0.0000000E+00, 0.7160440E+00, 0.1794813E+01, 0.1369260E+02,
 0.9900000E+00, 0.1399702E+02, 0.1118087E+02, 0.0000000E+00, 0.7162293E+00, 0.1795494E+01, 0.1369260E+02,
 0.9920000E+00, 0.1399702E+02, 0.1118001E+02, 0.0000000E+00, 0.7164143E+00, 0.1796176E+01, 0.1369260E+02,
 0.9940000E+00, 0.1399702E+02, 0.1117914E+02, 0.0000000E+00, 0.7165991E+00, 0.1796859E+01, 0.1369260E+02,
 0.9960000E+00, 0.1399702E+02, 0.1117827E+02, 0.0000000E+00, 0.7167836E+00, 0.1797541E+01, 0.1369260E+02,
 0.9980000E+00, 0.1399702E+02, 0.1117741E+02, 0.0000000E+00, 0.7169679E+00, 0.1798224E+01, 0.1369260E+02,
 0.1000000E+01, 0.1399702E+02, 0.1117654E+02, 0.0000000E+00, 0.7171518E+00, 0.1798908E+01, 0.1369260E+02,
 0.1002000E+01, 0.1399702E+02, 0.1117567E+02, 0.0000000E+00, 0.7173355E+00, 0.1799591E+01, 0.1369260E+02,
 0.1004000E+01, 0.1399702E+02, 0.1117480E+02, 0.0000000E+00, 0.7175190E+00, 0.1800275E+01, 0.1369260E+02,
 0.1006000E+01, 0.1399702E+02, 0.1117394E+02, 0.0000000E+00, 0.7177022E+00, 0.1800959E+01, 0.1369260E+02,
 0.1008000E+01, 0.1399702E+02, 0.1117307E+02, 0.0000000E+00, 0.7178851E+00, 0.1801644E+01, 0.1369260E+02,
 0.1010000E+01, 0.1399702E+02, 0.1117220E+02, 0.0000000E+00, 0.7180678E+00, 0.1802329E+01, 0.1369260E+02,
 0.1012000E+01, 0.1399702E+02, 0.1117133E+02, 0.0000000E+00, 0.7182503E+00, 0.1803014E+01, 0.1369260E+02,
 0.1014000E+01, 0.1399702E+02, 0.1117047E+02, 0.0000000E+00, 0.7184324E+00, 0.1803699E+01, 0.1369260E+02,
 0.1016000E+01, 0.1399702E+02, 0.1116960E+02, 0.0000000E+00, 0.7186143E+00, 0.1804385E+01, 0.1369260E+02,
 0.1018000E+01, 0.1399702E+02, 0.1116873E+02, 0.0000000E+00, 0.7187960E+00, 0.1805071E+01, 0.1369260E+02,
 0.1020000E+01, 0.1399702E+02, 0.1116786E+02, 0.0000000E+00, 0.7189775E+00, 0.1805757E+01, 0.1369260E+02,
 0.1022000E+01, 0.1399702E+02, 0.1116700E+02, 0.0000000E+00, 0.7191586E+00, 0.1806444E+01, 0.1369260E+02,
 0.1024000E+01, 0.1399702E+02, 0.1116613E+02, 0.0000000E+00, 0.7193395E+00, 0.1807131E+01, 0.1369260E+02,
 0.1026000E+01, 0.1399702E+02, 0.1116526E+02, 0.0000000E+00, 0.7195202E+00, 0.1807818E+01, 0.1369260E+02,
 0.1028000E+01, 0.1399702E+02, 0.1116439E+02, 0.0000000E+00, 0.7197006E+00, 0.1808505E+01, 0.1369260E+02,
 0.1030000E+01, 0.1399702E+02, 0.1116352E+02, 0.0000000E+00, 0.7198808E+00, 0.1809193E+01, 0.1369260E+02,
 0.1032000E+01, 0.1399702E+02, 0.1116266E+02, 0.0000000E+00, 0.7200607E+00, 0.1809880E+01, 0.1369260E+02,
 0.1034000E+01, 0.1399702E+02, 0.1116179E+02, 0.0000000E+00, 0.7202404E+00, 0.1810569E+01, 0.1369260E+02,
 0.1036000E+01, 0.1399702E+02, 0.1116092E+02, 0.0000000E+00, 0.7204198E+00, 0.1811257E+01, 0.1369260E+02,
 0.1038000E+01, 0.1399702E+02, 0.1116005E+02, 0.0000000E+00, 0.7205991E+00, 0.1811946E+01, 0.1369260E+02,
 0.1040000E+01, 0.1399702E+02, 0.1115919E+02, 0.0000000E+00, 0.7207780E+00, 0.1812635E+01, 0.1369260E+02,
 0.1042000E+01, 0.1399702E+02, 0.1115832E+02, 0.0000000E+00, 0.7209567E+00, 0.1813324E+01, 0.1369260E+02,
 0.1044000E+01, 0.1399702E+02, 0.1115745E+02, 0.0000000E+00, 0.7211352E+00, 0.1814013E+01, 0.1369260E+02,
 0.1046000E+01, 0.1399702E+02, 0.1115658E+02, 0.0000000E+00, 0.7213134E+00, 0.1814703E+01, 0.1369260E+02,
 0.1048000E+01, 0.1399702E+02, 0.1115571E+02, 0.0000000E+00, 0.7214914E+00, 0.1815393E+01, 0.1369260E+02,
 0.1050000E+01, 0.1399702E+02, 0.1115485E+02, 0.0000000E+00, 0.7216691E+00, 0.1816083E+01, 0.1369260E+02,
 0.1052000E+01, 0.1399702E+02, 0.1115398E+02, 0.0000000E+00, 0.7218467E+00, 0.1816773E+01, 0.1369260E+02,
 0.1054000E+01, 0.1399702E+02, 0.1115311E+02, 0.0000000E+00, 0.7220240E+00, 0.1817464E+01, 0.1369260E+02,
 0.1056000E+01, 0.1399702E+02, 0.1115224E+02, 0.0000000E+00, 0.7222010E+00, 0.1818155E+01, 0.1369260E+02,
 0.1058000E+01, 0.1399702E+02, 0.1115137E+02, 0.0000000E+00, 0.7223778E+00, 0.1818846E+01, 0.1369260E+02,
 0.1060000E+01, 0.1399702E+02, 0.1115051E+02, 0.0000000E+00, 0.7225544E+00, 0.1819537E+01, 0.1369260E+02,
 0.1062000E+01, 0.1399702E+02, 0.1114964E+02, 0.0000000E+00, 0.7227308E+00, 0.1820229E+01, 0.1369260E+02,
 0.1064000E+01, 0.1399702E+02, 0.1114877E+02, 0.0000000E+00, 0.7229069E+00, 0.1820920E+01, 0.1369260E+02,
 0.1066000E+01, 0.1399702E+02, 0.1114790E+02, 0.0000000E+00, 0.7230828E+00, 0.1821612E+01, 0.1369260E+02,
 0.1068000E+01, 0.1399702E+02, 0.1114704E+02, 0.0000000E+00, 0.7232585E+00, 0.1822304E+01, 0.1369260E+02,
 0.1070000E+01, 0.1399702E+02, 0.1114617E+02, 0.0000000E+00, 0.7234339E+00, 0.1822997E+01, 0.1369260E+02,
 0.1072000E+01, 0.1399702E+02, 0.1114530E+02, 0.0000000E+00, 0.7236091E+00, 0.1823689E+01, 0.1369260E+02,
 0.1074000E+01, 0.1399702E+02, 0.1114443E+02, 0.0000000E+00, 0.7237841E+00, 0.1824382E+01, 0.1369260E+02,
 0.1076000E+01, 0.1399702E+02, 0.1114356E+02, 0.0000000E+00, 0.7239589E+00, 0.1825075E+01, 0.1369260E+02,
 0.1078000E+01, 0.1399702E+02, 0.1114270E+02, 0.0000000E+00, 0.7241334E+00, 0.1825768E+01, 0.1369260E+02,
 0.1080000E+01, 0.1399702E+02, 0.1114183E+02, 0.0000000E+00, 0.7243078E+00, 0.1826461E+01, 0.1369260E+02,
 0.1082000E+01, 0.1399702E+02, 0.1114096E+02, 0.0000000E+00, 0.7244818E+00, 0.1827155E+01, 0.1369260E+02,
 0.1084000E+01, 0.1399702E+02, 0.1114009E+02, 0.0000000E+00, 0.7246557E+00, 0.1827849E+01, 0.1369260E+02,
 0.1086000E+01, 0.1399702E+02, 0.1113923E+02, 0.0000000E+00, 0.7248294E+00, 0.1828542E+01, 0.1369260E+02,
 0.1088000E+01, 0.1399702E+02, 0.1113836E+02, 0.0000000E+00, 0.7250028E+00, 0.1829237E+01, 0.1369260E+02,
 0.1090000E+01, 0.1399702E+02, 0.1113749E+02, 0.0000000E+00, 0.7251760E+00, 0.1829931E+01, 0.1369260E+02,
 0.1092000E+01, 0.1399702E+02, 0.1113662E+02, 0.0000000E+00, 0.7253490E+00, 0.1830625E+01, 0.1369260E+02,
 0.1094000E+01, 0.1399702E+02, 0.1113576E+02, 0.0000000E+00, 0.7255217E+00, 0.1831320E+01, 0.1369260E+02,
 0.1096000E+01, 0.1399702E+02, 0.1113489E+02, 0.0000000E+00, 0.7256943E+00, 0.1832015E+01, 0.1369260E+02,
 0.1098000E+01, 0.1399702E+02, 0.1113402E+02, 0.0000000E+00, 0.7258667E+00, 0.1832709E+01, 0.1369260E+02,
 0.1100000E+01, 0.1399702E+02, 0.1113315E+02, 0.0000000E+00, 0.7260388E+00, 0.1833405E+01, 0.1369260E+02,
 0.1102000E+01, 0.1399702E+02, 0.1113229E+02, 0.0000000E+00, 0.7262107E+00, 0.1834100E+01, 0.1369260E+02,
 0.1104000E+01, 0.1399702E+02, 0.1113142E+02, 0.0000000E+00, 0.7263824E+00, 0.1834795E+01, 0.1369260E+02,
 0.1106000E+01, 0.1399702E+02, 0.1113055E+02, 0.0000000E+00, 0.7265539E+00, 0.1835491E+01, 0.1369260E+02,
 0.1108000E+01, 0.1399702E+02, 0.1112969E+02, 0.0000000E+00, 0.7267252E+00, 0.1836187E+01, 0.1369260E+02,
 0.1110000E+01, 0.1399702E+02, 0.1112882E+02, 0.0000000E+00, 0.7268962E+00, 0.1836882E+01, 0.1369260E+02,
 0.1112000E+01, 0.1399702E+02, 0.1112795E+02, 0.0000000E+00, 0.7270671E+00, 0.1837578E+01, 0.1369260E+02,
 0.1114000E+01, 0.1399702E+02, 0.1112709E+02, 0.0000000E+00, 0.7272377E+00, 0.1838275E+01, 0.1369260E+02,
 0.1116000E+01, 0.1399702E+02, 0.1112622E+02, 0.0000000E+00, 0.7274082E+00, 0.1838971E+01, 0.1369260E+02,
 0.1118000E+01, 0.1399702E+02, 0.1112535E+02, 0.0000000E+00, 0.7275784E+00, 0.1839667E+01, 0.1369260E+02,
 0.1120000E+01, 0.1399702E+02, 0.1112449E+02, 0.0000000E+00, 0.7277484E+00, 0.1840364E+01, 0.1369260E+02,
 0.1122000E+01, 0.1399702E+02, 0.1112362E+02, 0.0000000E+00, 0.7279182E+00, 0.1841061E+01, 0.1369260E+02,
 0.1124000E+01, 0.1399702E+02, 0.1112275E+02, 0.0000000E+00, 0.7280878E+00, 0.1841758E+01, 0.1369260E+02,
 0.1126000E+01, 0.1399702E+02, 0.1112189E+02, 0.0000000E+00, 0.7282572E+00, 0.1842455E+01, 0.1369260E+02,
 0.1128000E+01, 0.1399702E+02, 0.1112102E+02, 0.0000000E+00, 0.7284265E+00, 0.1843152E+01, 0.1369260E+02,
 0.1130000E+01, 0.1399702E+02, 0.1112015E+02, 0.0000000E+00, 0.7285954E+00, 0.1843849E+01, 0.1369260E+02,
 0.1132000E+01, 0.1399702E+02, 0.1111929E+02, 0.0000000E+00, 0.7287642E+00, 0.1844546E+01, 0.1369260E+02,
 0.1134000E+01, 0.1399702E+02, 0.1111842E+02, 0.0000000E+00, 0.7289329E+00, 0.1845244E+01, 0.1369260E+02,
 0.1136000E+01, 0.1399702E+02, 0.1111756E+02, 0.0000000E+00, 0.7291012E+00, 0.1845942E+01, 0.1369260E+02,
 0.1138000E+01, 0.1399702E+02, 0.1111669E+02, 0.0000000E+00, 0.7292694E+00, 0.1846640E+01, 0.1369260E+02,
 0.1140000E+01, 0.1399702E+02, 0.1111582E+02, 0.0000000E+00, 0.7294375E+00, 0.1847337E+01, 0.1369260E+02,
 0.1142000E+01, 0.1399702E+02, 0.1111496E+02, 0.0000000E+00, 0.7296053E+00, 0.1848035E+01, 0.1369260E+02,
 0.1144000E+01, 0.1399702E+02, 0.1111409E+02, 0.0000000E+00, 0.7297729E+00, 0.1848734E+01, 0.1369260E+02,
 0.1146000E+01, 0.1399702E+02, 0.1111323E+02, 0.0000000E+00, 0.7299403E+00, 0.1849432E+01, 0.1369260E+02,
 0.1148000E+01, 0.1399702E+02, 0.1111236E+02, 0.0000000E+00, 0.7301075E+00, 0.1850130E+01, 0.1369260E+02,
 0.1150000E+01, 0.1399702E+02, 0.1111150E+02, 0.0000000E+00, 0.7302745E+00, 0.1850829E+01, 0.1369260E+02,
 0.1152000E+01, 0.1399702E+02, 0.1111063E+02, 0.0000000E+00, 0.7304413E+00, 0.1851527E+01, 0.1369260E+02,
 0.1154000E+01, 0.1399702E+02, 0.1110976E+02, 0.0000000E+00, 0.7306080E+00, 0.1852226E+01, 0.1369260E+02,
 0.1156000E+01, 0.1399702E+02, 0.1110890E+02, 0.0000000E+00, 0.7307744E+00, 0.1852925E+01, 0.1369260E+02,
 0.1158000E+01, 0.1399702E+02, 0.1110803E+02, 0.0000000E+00, 0.7309406E+00, 0.1853624E+01, 0.1369260E+02,
 0.1160000E+01, 0.1399702E+02, 0.1110717E+02, 0.0000000E+00, 0.7311067E+00, 0.1854323E+01, 0.1369260E+02,
 0.1162000E+01, 0.1399702E+02, 0.1110630E+02, 0.0000000E+00, 0.7312726E+00, 0.1855022E+01, 0.1369260E+02,
 0.1164000E+01, 0.1399702E+02, 0.1110544E+02, 0.0000000E+00, 0.7314383E+00, 0.1855722E+01, 0.1369260E+02,
 0.1166000E+01, 0.1399702E+02, 0.1110457E+02, 0.0000000E+00, 0.7316037E+00, 0.1856421E+01, 0.1369260E+02,
 0.1168000E+01, 0.1399702E+02, 0.1110371E+02, 0.0000000E+00, 0.7317690E+00, 0.1857121E+01, 0.1369260E+02,
 0.1170000E+01, 0.1399702E+02, 0.1110284E+02, 0.0000000E+00, 0.7319342E+00, 0.1857820E+01, 0.1369260E+02,
 0.1172000E+01, 0.1399702E+02, 0.1110198E+02, 0.0000000E+00, 0.7320991E+00, 0.1858520E+01, 0.1369260E+02,
 0.1174000E+01, 0.1399702E+02, 0.1110111E+02, 0.0000000E+00, 0.7322639E+00, 0.1859220E+01, 0.1369260E+02,
 0.1176000E+01, 0.1399702E+02, 0.1110025E+02, 0.0000000E+00, 0.7324284E+00, 0.1859920E+01, 0.1369260E+02,
 0.1178000E+01, 0.1399702E+02, 0.1109939E+02, 0.0000000E+00, 0.7325928E+00, 0.1860620E+01, 0.1369260E+02,
 0.1180000E+01, 0.1399702E+02, 0.1109852E+02, 0.0000000E+00, 0.7327570E+00, 0.1861320E+01, 0.1369260E+02,
 0.1182000E+01, 0.1399702E+02, 0.1109766E+02, 0.0000000E+00, 0.7329209E+00, 0.1862020E+01, 0.1369260E+02,
 0.1184000E+01, 0.1399702E+02, 0.1109679E+02, 0.0000000E+00, 0.7330848E+00, 0.1862720E+01, 0.1369260E+02,
 0.1186000E+01, 0.1399702E+02, 0.1109593E+02, 0.0000000E+00, 0.7332484E+00, 0.1863421E+01, 0.1369260E+02,
 0.1188000E+01, 0.1399702E+02, 0.1109507E+02, 0.0000000E+00, 0.7334119E+00, 0.1864121E+01, 0.1369260E+02,
 0.1190000E+01, 0.1399702E+02, 0.1109420E+02, 0.0000000E+00, 0.7335752E+00, 0.1864822E+01, 0.1369260E+02,
 0.1192000E+01, 0.1399702E+02, 0.1109334E+02, 0.0000000E+00, 0.7337383E+00, 0.1865523E+01, 0.1369260E+02,
 0.1194000E+01, 0.1399702E+02, 0.1109247E+02, 0.0000000E+00, 0.7339012E+00, 0.1866223E+01, 0.1369260E+02,
 0.1196000E+01, 0.1399702E+02, 0.1109161E+02, 0.0000000E+00, 0.7340639E+00, 0.1866924E+01, 0.1369260E+02,
 0.1198000E+01, 0.1399702E+02, 0.1109075E+02, 0.0000000E+00, 0.7342265E+00, 0.1867625E+01, 0.1369260E+02,
 0.1200000E+01, 0.1399702E+02, 0.1108988E+02, 0.0000000E+00, 0.7343889E+00, 0.1868326E+01, 0.1369260E+02,
 0.1202000E+01, 0.1399702E+02, 0.1108902E+02, 0.0000000E+00, 0.7345511E+00, 0.1869027E+01, 0.1369260E+02,
 0.1204000E+01, 0.1399702E+02, 0.1108816E+02, 0.0000000E+00, 0.7347132E+00, 0.1869729E+01, 0.1369260E+02,
 0.1206000E+01, 0.1399702E+02, 0.1108729E+02, 0.0000000E+00, 0.7348750E+00, 0.1870430E+01, 0.1369260E+02,
 0.1208000E+01, 0.1399702E+02, 0.1108643E+02, 0.0000000E+00, 0.7350367E+00, 0.1871131E+01, 0.1369260E+02,
 0.1210000E+01, 0.1399702E+02, 0.1108557E+02, 0.0000000E+00, 0.7351983E+00, 0.1871833E+01, 0.1369260E+02,
 0.1212000E+01, 0.1399702E+02, 0.1108470E+02, 0.0000000E+00, 0.7353596E+00, 0.1872534E+01, 0.1369260E+02,
 0.1214000E+01, 0.1399702E+02, 0.1108384E+02, 0.0000000E+00, 0.7355208E+00, 0.1873236E+01, 0.1369260E+02,
 0.1216000E+01, 0.1399702E+02, 0.1108298E+02, 0.0000000E+00, 0.7356818E+00, 0.1873938E+01, 0.1369260E+02,
 0.1218000E+01, 0.1399702E+02, 0.1108212E+02, 0.0000000E+00, 0.7358426E+00, 0.1874639E+01, 0.1369260E+02,
 0.1220000E+01, 0.1399702E+02, 0.1108125E+02, 0.0000000E+00, 0.7360033E+00, 0.1875341E+01, 0.1369260E+02,
 0.1222000E+01, 0.1399702E+02, 0.1108039E+02, 0.0000000E+00, 0.7361638E+00, 0.1876043E+01, 0.1369260E+02,
 0.1224000E+01, 0.1399702E+02, 0.1107953E+02, 0.0000000E+00, 0.7363241E+00, 0.1876745E+01, 0.1369260E+02,
 0.1226000E+01, 0.1399702E+02, 0.1107867E+02, 0.0000000E+00, 0.7364843E+00, 0.1877447E+01, 0.1369260E+02,
 0.1228000E+01, 0.1399702E+02, 0.1107780E+02, 0.0000000E+00, 0.7366443E+00, 0.1878150E+01, 0.1369260E+02,
 0.1230000E+01, 0.1399702E+02, 0.1107694E+02, 0.0000000E+00, 0.7368041E+00, 0.1878852E+01, 0.1369260E+02,
 0.1232000E+01, 0.1399702E+02, 0.1107608E+02, 0.0000000E+00, 0.7369638E+00, 0.1879554E+01, 0.1369260E+02,
 0.1234000E+01, 0.1399702E+02, 0.1107522E+02, 0.0000000E+00, 0.7371233E+00, 0.1880256E+01, 0.1369260E+02,
 0.1236000E+01, 0.1399702E+02, 0.1107436E+02, 0.0000000E+00, 0.7372826E+00, 0.1880959E+01, 0.1369260E+02,
 0.1238000E+01, 0.1399702E+02, 0.1107349E+02, 0.0000000E+00, 0.7374418E+00, 0.1881661E+01, 0.1369260E+02,
 0.1240000E+01, 0.1399702E+02, 0.1107263E+02, 0.0000000E+00, 0.7376008E+00, 0.1882364E+01, 0.1369260E+02,
 0.1242000E+01, 0.1399702E+02, 0.1107177E+02, 0.0000000E+00, 0.7377596E+00, 0.1883067E+01, 0.1369260E+02,
 0.1244000E+01, 0.1399702E+02, 0.1107091E+02, 0.0000000E+00, 0.7379183E+00, 0.1883769E+01, 0.1369260E+02,
 0.1246000E+01, 0.1399702E+02, 0.1107005E+02, 0.0000000E+00, 0.7380769E+00, 0.1884472E+01, 0.1369260E+02,
 0.1248000E+01, 0.1399702E+02, 0.1106919E+02, 0.0000000E+00, 0.7382352E+00, 0.1885175E+01, 0.1369260E+02,
 0.1250000E+01, 0.1399702E+02, 0.1106833E+02, 0.0000000E+00, 0.7383934E+00, 0.1885878E+01, 0.1369260E+02,
 0.1252000E+01, 0.1399702E+02, 0.1106747E+02, 0.0000000E+00, 0.7385515E+00, 0.1886581E+01, 0.1369260E+02,
 0.1254000E+01, 0.1399702E+02, 0.1106661E+02, 0.0000000E+00, 0.7387093E+00, 0.1887284E+01, 0.1369260E+02,
 0.1256000E+01, 0.1399702E+02, 0.1106574E+02, 0.0000000E+00, 0.7388671E+00, 0.1887987E+01, 0.1369260E+02,
 0.1258000E+01, 0.1399702E+02, 0.1106488E+02, 0.0000000E+00, 0.7390246E+00, 0.1888690E+01, 0.1369260E+02,
 0.1260000E+01, 0.1399702E+02, 0.1106402E+02, 0.0000000E+00, 0.7391821E+00, 0.1889393E+01, 0.1369260E+02,
 0.1262000E+01, 0.1399702E+02, 0.1106316E+02, 0.0000000E+00, 0.7393394E+00, 0.1890096E+01, 0.1369260E+02,
 0.1264000E+01, 0.1399702E+02, 0.1106230E+02, 0.0000000E+00, 0.7394964E+00, 0.1890800E+01, 0.1369260E+02,
 0.1266000E+01, 0.1399702E+02, 0.1106144E+02, 0.0000000E+00, 0.7396534E+00, 0.1891503E+01, 0.1369260E+02,
 0.1268000E+01, 0.1399702E+02, 0.1106058E+02, 0.0000000E+00, 0.7398102E+00, 0.1892206E+01, 0.1369260E+02,
 0.1270000E+01, 0.1399702E+02, 0.1105972E+02, 0.0000000E+00, 0.7399668E+00, 0.1892910E+01, 0.1369260E+02,
 0.1272000E+01, 0.1399702E+02, 0.1105886E+02, 0.0000000E+00, 0.7401233E+00, 0.1893613E+01, 0.1369260E+02,
 0.1274000E+01, 0.1399702E+02, 0.1105800E+02, 0.0000000E+00, 0.7402797E+00, 0.1894317E+01, 0.1369260E+02,
 0.1276000E+01, 0.1399702E+02, 0.1105714E+02, 0.0000000E+00, 0.7404358E+00, 0.1895020E+01, 0.1369260E+02,
 0.1278000E+01, 0.1399702E+02, 0.1105628E+02, 0.0000000E+00, 0.7405919E+00, 0.1895724E+01, 0.1369260E+02,
 0.1280000E+01, 0.1399702E+02, 0.1105542E+02, 0.0000000E+00, 0.7407477E+00, 0.1896428E+01, 0.1369260E+02,
 0.1282000E+01, 0.1399702E+02, 0.1105456E+02, 0.0000000E+00, 0.7409035E+00, 0.1897132E+01, 0.1369260E+02,
 0.1284000E+01, 0.1399702E+02, 0.1105370E+02, 0.0000000E+00, 0.7410591E+00, 0.1897836E+01, 0.1369260E+02,
 0.1286000E+01, 0.1399702E+02, 0.1105284E+02, 0.0000000E+00, 0.7412145E+00, 0.1898540E+01, 0.1369260E+02,
 0.1288000E+01, 0.1399702E+02, 0.1105198E+02, 0.0000000E+00, 0.7413698E+00, 0.1899244E+01, 0.1369260E+02,
 0.1290000E+01, 0.1399702E+02, 0.1105113E+02, 0.0000000E+00, 0.7415250E+00, 0.1899948E+01, 0.1369260E+02,
 0.1292000E+01, 0.1399702E+02, 0.1105027E+02, 0.0000000E+00, 0.7416800E+00, 0.1900652E+01, 0.1369260E+02,
 0.1294000E+01, 0.1399702E+02, 0.1104941E+02, 0.0000000E+00, 0.7418348E+00, 0.1901356E+01, 0.1369260E+02,
 0.1296000E+01, 0.1399702E+02, 0.1104855E+02, 0.0000000E+00, 0.7419896E+00, 0.1902060E+01, 0.1369260E+02,
 0.1298000E+01, 0.1399702E+02, 0.1104769E+02, 0.0000000E+00, 0.7421441E+00, 0.1902764E+01, 0.1369260E+02,
 0.1300000E+01, 0.1399702E+02, 0.1104683E+02, 0.0000000E+00, 0.7422985E+00, 0.1903469E+01, 0.1369260E+02,
 0.1302000E+01, 0.1399702E+02, 0.1104597E+02, 0.0000000E+00, 0.7424528E+00, 0.1904173E+01, 0.1369260E+02,
 0.1304000E+01, 0.1399702E+02, 0.1104511E+02, 0.0000000E+00, 0.7426069E+00, 0.1904878E+01, 0.1369260E+02,
 0.1306000E+01, 0.1399702E+02, 0.1104426E+02, 0.0000000E+00, 0.7427609E+00, 0.1905582E+01, 0.1369260E+02,
 0.1308000E+01, 0.1399702E+02, 0.1104340E+02, 0.0000000E+00, 0.7429147E+00, 0.1906287E+01, 0.1369260E+02,
 0.1310000E+01, 0.1399702E+02, 0.1104254E+02, 0.0000000E+00, 0.7430685E+00, 0.1906991E+01, 0.1369260E+02,
 0.1312000E+01, 0.1399702E+02, 0.1104168E+02, 0.0000000E+00, 0.7432221E+00, 0.1907696E+01, 0.1369260E+02,
 0.1314000E+01, 0.1399702E+02, 0.1104082E+02, 0.0000000E+00, 0.7433755E+00, 0.1908401E+01, 0.1369260E+02,
 0.1316000E+01, 0.1399702E+02, 0.1103996E+02, 0.0000000E+00, 0.7435287E+00, 0.1909106E+01, 0.1369260E+02,
 0.1318000E+01, 0.1399702E+02, 0.1103911E+02, 0.0000000E+00, 0.7436819E+00, 0.1909811E+01, 0.1369260E+02,
 0.1320000E+01, 0.1399702E+02, 0.1103825E+02, 0.0000000E+00, 0.7438349E+00, 0.1910516E+01, 0.1369260E+02,
 0.1322000E+01, 0.1399702E+02, 0.1103739E+02, 0.0000000E+00, 0.7439878E+00, 0.1911221E+01, 0.1369260E+02,
 0.1324000E+01, 0.1399702E+02, 0.1103653E+02, 0.0000000E+00, 0.7441405E+00, 0.1911926E+01, 0.1369260E+02,
 0.1326000E+01, 0.1399702E+02, 0.1103567E+02, 0.0000000E+00, 0.7442931E+00, 0.1912631E+01, 0.1369260E+02,
 0.1328000E+01, 0.1399702E+02, 0.1103482E+02, 0.0000000E+00, 0.7444456E+00, 0.1913337E+01, 0.1369260E+02,
 0.1330000E+01, 0.1399702E+02, 0.1103396E+02, 0.0000000E+00, 0.7445979E+00, 0.1914042E+01, 0.1369260E+02,
 0.1332000E+01, 0.1399702E+02, 0.1103310E+02, 0.0000000E+00, 0.7447501E+00, 0.1914747E+01, 0.1369260E+02,
 0.1334000E+01, 0.1399702E+02, 0.1103224E+02, 0.0000000E+00, 0.7449021E+00, 0.1915453E+01, 0.1369260E+02,
 0.1336000E+01, 0.1399702E+02, 0.1103139E+02, 0.0000000E+00, 0.7450541E+00, 0.1916158E+01, 0.1369260E+02,
 0.1338000E+01, 0.1399702E+02, 0.1103053E+02, 0.0000000E+00, 0.7452059E+00, 0.1916864E+01, 0.1369260E+02,
 0.1340000E+01, 0.1399702E+02, 0.1102967E+02, 0.0000000E+00, 0.7453575E+00, 0.1917570E+01, 0.1369260E+02,
 0.1342000E+01, 0.1399702E+02, 0.1102881E+02, 0.0000000E+00, 0.7455091E+00, 0.1918276E+01, 0.1369260E+02,
 0.1344000E+01, 0.1399702E+02, 0.1102796E+02, 0.0000000E+00, 0.7456605E+00, 0.1918981E+01, 0.1369260E+02,
 0.1346000E+01, 0.1399702E+02, 0.1102710E+02, 0.0000000E+00, 0.7458117E+00, 0.1919687E+01, 0.1369260E+02,
 0.1348000E+01, 0.1399702E+02, 0.1102624E+02, 0.0000000E+00, 0.7459629E+00, 0.1920393E+01, 0.1369260E+02,
 0.1350000E+01, 0.1399702E+02, 0.1102538E+02, 0.0000000E+00, 0.7461139E+00, 0.1921100E+01, 0.1369260E+02,
 0.1352000E+01, 0.1399702E+02, 0.1102453E+02, 0.0000000E+00, 0.7462648E+00, 0.1921806E+01, 0.1369260E+02,
 0.1354000E+01, 0.1399702E+02, 0.1102367E+02, 0.0000000E+00, 0.7464155E+00, 0.1922512E+01, 0.1369260E+02,
 0.1356000E+01, 0.1399702E+02, 0.1102281E+02, 0.0000000E+00, 0.7465661E+00, 0.1923218E+01, 0.1369260E+02,
 0.1358000E+01, 0.1399702E+02, 0.1102196E+02, 0.0000000E+00, 0.7467166E+00, 0.1923925E+01, 0.1369260E+02,
 0.1360000E+01, 0.1399702E+02, 0.1102110E+02, 0.0000000E+00, 0.7468670E+00, 0.1924631E+01, 0.1369260E+02,
 0.1362000E+01, 0.1399702E+02, 0.1102024E+02, 0.0000000E+00, 0.7470172E+00, 0.1925338E+01, 0.1369260E+02,
 0.1364000E+01, 0.1399702E+02, 0.1101939E+02, 0.0000000E+00, 0.7471673E+00, 0.1926044E+01, 0.1369260E+02,
 0.1366000E+01, 0.1399702E+02, 0.1101853E+02, 0.0000000E+00, 0.7473173E+00, 0.1926751E+01, 0.1369260E+02,
 0.1368000E+01, 0.1399702E+02, 0.1101767E+02, 0.0000000E+00, 0.7474672E+00, 0.1927458E+01, 0.1369260E+02,
 0.1370000E+01, 0.1399702E+02, 0.1101682E+02, 0.0000000E+00, 0.7476169E+00, 0.1928165E+01, 0.1369260E+02,
 0.1372000E+01, 0.1399702E+02, 0.1101596E+02, 0.0000000E+00, 0.7477666E+00, 0.1928872E+01, 0.1369260E+02,
 0.1374000E+01, 0.1399702E+02, 0.1101510E+02, 0.0000000E+00, 0.7479160E+00, 0.1929579E+01, 0.1369260E+02,
 0.1376000E+01, 0.1399702E+02, 0.1101425E+02, 0.0000000E+00, 0.7480654E+00, 0.1930286E+01, 0.1369260E+02,
 0.1378000E+01, 0.1399702E+02, 0.1101339E+02, 0.0000000E+00, 0.7482147E+00, 0.1930993E+01, 0.1369260E+02,
 0.1380000E+01, 0.1399702E+02, 0.1101253E+02, 0.0000000E+00, 0.7483638E+00, 0.1931701E+01, 0.1369260E+02,
 0.1382000E+01, 0.1399702E+02, 0.1101168E+02, 0.0000000E+00, 0.7485128E+00, 0.1932408E+01, 0.1369260E+02,
 0.1384000E+01, 0.1399702E+02, 0.1101082E+02, 0.0000000E+00, 0.7486617E+00, 0.1933116E+01, 0.1369260E+02,
 0.1386000E+01, 0.1399702E+02, 0.1100996E+02, 0.0000000E+00, 0.7488105E+00, 0.1933823E+01, 0.1369260E+02,
 0.1388000E+01, 0.1399702E+02, 0.1100911E+02, 0.0000000E+00, 0.7489591E+00, 0.1934531E+01, 0.1369260E+02,
 0.1390000E+01, 0.1399702E+02, 0.1100825E+02, 0.0000000E+00, 0.7491077E+00, 0.1935239E+01, 0.1369260E+02,
 0.1392000E+01, 0.1399702E+02, 0.1100740E+02, 0.0000000E+00, 0.7492561E+00, 0.1935947E+01, 0.1369260E+02,
 0.1394000E+01, 0.1399702E+02, 0.1100654E+02, 0.0000000E+00, 0.7494044E+00, 0.1936655E+01, 0.1369260E+02,
 0.1396000E+01, 0.1399702E+02, 0.1100568E+02, 0.0000000E+00, 0.7495525E+00, 0.1937363E+01, 0.1369260E+02,
 0.1398000E+01, 0.1399702E+02, 0.1100483E+02, 0.0000000E+00, 0.7497006E+00, 0.1938071E+01, 0.1369260E+02,
 0.1400000E+01, 0.1399702E+02, 0.1100397E+02, 0.0000000E+00, 0.7498485E+00, 0.1938779E+01, 0.1369260E+02,
 0.1402000E+01, 0.1399702E+02, 0.1100311E+02, 0.0000000E+00, 0.7499964E+00, 0.1939488E+01, 0.1369260E+02,
 0.1404000E+01, 0.1399702E+02, 0.1100226E+02, 0.0000000E+00, 0.7501441E+00, 0.1940196E+01, 0.1369260E+02,
 0.1406000E+01, 0.1399702E+02, 0.1100140E+02, 0.0000000E+00, 0.7502917E+00, 0.1940904E+01, 0.1369260E+02,
 0.1408000E+01, 0.1399702E+02, 0.1100055E+02, 0.0000000E+00, 0.7504392E+00, 0.1941613E+01, 0.1369260E+02,
 0.1410000E+01, 0.1399702E+02, 0.1099969E+02, 0.0000000E+00, 0.7505866E+00, 0.1942322E+01, 0.1369260E+02,
 0.1412000E+01, 0.1399702E+02, 0.1099883E+02, 0.0000000E+00, 0.7507339E+00, 0.1943031E+01, 0.1369260E+02,
 0.1414000E+01, 0.1399702E+02, 0.1099798E+02, 0.0000000E+00, 0.7508810E+00, 0.1943740E+01, 0.1369260E+02,
 0.1416000E+01, 0.1399702E+02, 0.1099712E+02, 0.0000000E+00, 0.7510281E+00, 0.1944449E+01, 0.1369260E+02,
 0.1418000E+01, 0.1399702E+02, 0.1099627E+02, 0.0000000E+00, 0.7511750E+00, 0.1945158E+01, 0.1369260E+02,
 0.1420000E+01, 0.1399702E+02, 0.1099541E+02, 0.0000000E+00, 0.7513218E+00, 0.1945867E+01, 0.1369260E+02,
 0.1422000E+01, 0.1399702E+02, 0.1099455E+02, 0.0000000E+00, 0.7514685E+00, 0.1946577E+01, 0.1369260E+02,
 0.1424000E+01, 0.1399702E+02, 0.1099370E+02, 0.0000000E+00, 0.7516151E+00, 0.1947286E+01, 0.1369260E+02,
 0.1426000E+01, 0.1399702E+02, 0.1099284E+02, 0.0000000E+00, 0.7517616E+00, 0.1947996E+01, 0.1369260E+02,
 0.1428000E+01, 0.1399702E+02, 0.1099198E+02, 0.0000000E+00, 0.7519080E+00, 0.1948706E+01, 0.1369260E+02,
 0.1430000E+01, 0.1399702E+02, 0.1099113E+02, 0.0000000E+00, 0.7520543E+00, 0.1949416E+01, 0.1369260E+02,
 0.1432000E+01, 0.1399702E+02, 0.1099027E+02, 0.0000000E+00, 0.7522004E+00, 0.1950126E+01, 0.1369260E+02,
 0.1434000E+01, 0.1399702E+02, 0.1098942E+02, 0.0000000E+00, 0.7523463E+00, 0.1950836E+01, 0.1369260E+02,
 0.1436000E+01, 0.1399702E+02, 0.1098856E+02, 0.0000000E+00, 0.7524918E+00, 0.1951546E+01, 0.1369260E+02,
 0.1438000E+01, 0.1399702E+02, 0.1098770E+02, 0.0000000E+00, 0.7526368E+00, 0.1952257E+01, 0.1369260E+02,
 0.1440000E+01, 0.1399702E+02, 0.1098685E+02, 0.0000000E+00, 0.7527815E+00, 0.1952968E+01, 0.1369260E+02,
 0.1442000E+01, 0.1399702E+02, 0.1098599E+02, 0.0000000E+00, 0.7529258E+00, 0.1953678E+01, 0.1369260E+02,
 0.1444000E+01, 0.1399702E+02, 0.1098514E+02, 0.0000000E+00, 0.7530698E+00, 0.1954390E+01, 0.1369260E+02,
 0.1446000E+01, 0.1399702E+02, 0.1098428E+02, 0.0000000E+00, 0.7532135E+00, 0.1955101E+01, 0.1369260E+02,
 0.1448000E+01, 0.1399702E+02, 0.1098343E+02, 0.0000000E+00, 0.7533568E+00, 0.1955812E+01, 0.1369260E+02,
 0.1450000E+01, 0.1399702E+02, 0.1098257E+02, 0.0000000E+00, 0.7534999E+00, 0.1956524E+01, 0.1369260E+02,
 0.1452000E+01, 0.1399702E+02, 0.1098172E+02, 0.0000000E+00, 0.7536427E+00, 0.1957236E+01, 0.1369260E+02,
 0.1454000E+01, 0.1399702E+02, 0.1098087E+02, 0.0000000E+00, 0.7537853E+00, 0.1957948E+01, 0.1369260E+02,
 0.1456000E+01, 0.1399702E+02, 0.1098001E+02, 0.0000000E+00, 0.7539276E+00, 0.1958660E+01, 0.1369260E+02,
 0.1458000E+01, 0.1399702E+02, 0.1097916E+02, 0.0000000E+00, 0.7540697E+00, 0.1959373E+01, 0.1369260E+02,
 0.1460000E+01, 0.1399702E+02, 0.1097830E+02, 0.0000000E+00, 0.7542116E+00, 0.1960085E+01, 0.1369260E+02,
 0.1462000E+01, 0.1399702E+02, 0.1097745E+02, 0.0000000E+00, 0.7543533E+00, 0.1960798E+01, 0.1369260E+02,
 0.1464000E+01, 0.1399702E+02, 0.1097659E+02, 0.0000000E+00, 0.7544948E+00, 0.1961511E+01, 0.1369260E+02,
 0.1466000E+01, 0.1399702E+02, 0.1097574E+02, 0.0000000E+00, 0.7546360E+00, 0.1962224E+01, 0.1369260E+02,
 0.1468000E+01, 0.1399702E+02, 0.1097488E+02, 0.0000000E+00, 0.7547771E+00, 0.1962938E+01, 0.1369260E+02,
 0.1470000E+01, 0.1399702E+02, 0.1097403E+02, 0.0000000E+00, 0.7549180E+00, 0.1963652E+01, 0.1369260E+02,
 0.1472000E+01, 0.1399702E+02, 0.1097317E+02, 0.0000000E+00, 0.7550588E+00, 0.1964366E+01, 0.1369260E+02,
 0.1474000E+01, 0.1399702E+02, 0.1097232E+02, 0.0000000E+00, 0.7551994E+00, 0.1965080E+01, 0.1369260E+02,
 0.1476000E+01, 0.1399702E+02, 0.1097146E+02, 0.0000000E+00, 0.7553397E+00, 0.1965794E+01, 0.1369260E+02,
 0.1478000E+01, 0.1399702E+02, 0.1097061E+02, 0.0000000E+00, 0.7554800E+00, 0.1966509E+01, 0.1369260E+02,
 0.1480000E+01, 0.1399702E+02, 0.1096976E+02, 0.0000000E+00, 0.7556201E+00, 0.1967224E+01, 0.1369260E+02,
 0.1482000E+01, 0.1399702E+02, 0.1096890E+02, 0.0000000E+00, 0.7557600E+00, 0.1967939E+01, 0.1369260E+02,
 0.1484000E+01, 0.1399702E+02, 0.1096804E+02, 0.0000000E+00, 0.7558998E+00, 0.1968654E+01, 0.1369260E+02,
 0.1486000E+01, 0.1399702E+02, 0.1096719E+02, 0.0000000E+00, 0.7560395E+00, 0.1969369E+01, 0.1369260E+02,
 0.1488000E+01, 0.1399702E+02, 0.1096633E+02, 0.0000000E+00, 0.7561790E+00, 0.1970085E+01, 0.1369260E+02,
 0.1490000E+01, 0.1399702E+02, 0.1096548E+02, 0.0000000E+00, 0.7563183E+00, 0.1970801E+01, 0.1369260E+02,
 0.1492000E+01, 0.1399702E+02, 0.1096462E+02, 0.0000000E+00, 0.7564576E+00, 0.1971517E+01, 0.1369260E+02,
 0.1494000E+01, 0.1399702E+02, 0.1096377E+02, 0.0000000E+00, 0.7565967E+00, 0.1972233E+01, 0.1369260E+02,
 0.1496000E+01, 0.1399702E+02, 0.1096291E+02, 0.0000000E+00, 0.7567357E+00, 0.1972950E+01, 0.1369260E+02,
 0.1498000E+01, 0.1399702E+02, 0.1096206E+02, 0.0000000E+00, 0.7568745E+00, 0.1973667E+01, 0.1369260E+02,
 0.1500000E+01, 0.1399702E+02, 0.1096120E+02, 0.0000000E+00, 0.7570133E+00, 0.1974384E+01, 0.1369260E+02,
 0.1500000E+01, 0.1399702E+02, 0.1096120E+02, 0.0000000E+00, 0.7570133E+00, 0.1974384E+01, 0.1369260E+02,
 0.1502000E+01, 0.1399702E+02, 0.1096035E+02, 0.0000000E+00, 0.7571518E+00, 0.1975101E+01, 0.1369260E+02,
 0.1504000E+01, 0.1399702E+02, 0.1095949E+02, 0.0000000E+00, 0.7572904E+00, 0.1975819E+01, 0.1369260E+02,
 0.1506000E+01, 0.1399702E+02, 0.1095863E+02, 0.0000000E+00, 0.7574287E+00, 0.1976537E+01, 0.1369260E+02,
 0.1508000E+01, 0.1399702E+02, 0.1095778E+02, 0.0000000E+00, 0.7575669E+00, 0.1977255E+01, 0.1369260E+02,
 0.1510000E+01, 0.1399702E+02, 0.1095692E+02, 0.0000000E+00, 0.7577051E+00, 0.1977973E+01, 0.1369260E+02,
 0.1512000E+01, 0.1399702E+02, 0.1095606E+02, 0.0000000E+00, 0.7578431E+00, 0.1978691E+01, 0.1369260E+02,
 0.1514000E+01, 0.1399702E+02, 0.1095521E+02, 0.0000000E+00, 0.7579810E+00, 0.1979410E+01, 0.1369260E+02,
 0.1516000E+01, 0.1399702E+02, 0.1095435E+02, 0.0000000E+00, 0.7581188E+00, 0.1980129E+01, 0.1369260E+02,
 0.1518000E+01, 0.1399702E+02, 0.1095349E+02, 0.0000000E+00, 0.7582566E+00, 0.1980848E+01, 0.1369260E+02,
 0.1520000E+01, 0.1399702E+02, 0.1095264E+02, 0.0000000E+00, 0.7583941E+00, 0.1981568E+01, 0.1369260E+02,
 0.1522000E+01, 0.1399702E+02, 0.1095178E+02, 0.0000000E+00, 0.7585316E+00, 0.1982288E+01, 0.1369260E+02,
 0.1524000E+01, 0.1399702E+02, 0.1095092E+02, 0.0000000E+00, 0.7586690E+00, 0.1983008E+01, 0.1369260E+02,
 0.1526000E+01, 0.1399702E+02, 0.1095006E+02, 0.0000000E+00, 0.7588063E+00, 0.1983728E+01, 0.1369260E+02,
 0.1528000E+01, 0.1399702E+02, 0.1094921E+02, 0.0000000E+00, 0.7589434E+00, 0.1984448E+01, 0.1369260E+02,
 0.1530000E+01, 0.1399702E+02, 0.1094835E+02, 0.0000000E+00, 0.7590805E+00, 0.1985169E+01, 0.1369260E+02,
 0.1532000E+01, 0.1399702E+02, 0.1094749E+02, 0.0000000E+00, 0.7592175E+00, 0.1985890E+01, 0.1369260E+02,
 0.1534000E+01, 0.1399702E+02, 0.1094663E+02, 0.0000000E+00, 0.7593544E+00, 0.1986612E+01, 0.1369260E+02,
 0.1536000E+01, 0.1399702E+02, 0.1094577E+02, 0.0000000E+00, 0.7594912E+00, 0.1987333E+01, 0.1369260E+02,
 0.1538000E+01, 0.1399702E+02, 0.1094492E+02, 0.0000000E+00, 0.7596279E+00, 0.1988055E+01, 0.1369260E+02,
 0.1540000E+01, 0.1399702E+02, 0.1094406E+02, 0.0000000E+00, 0.7597645E+00, 0.1988777E+01, 0.1369260E+02,
 0.1542000E+01, 0.1399702E+02, 0.1094320E+02, 0.0000000E+00, 0.7599010E+00, 0.1989500E+01, 0.1369260E+02,
 0.1544000E+01, 0.1399702E+02, 0.1094234E+02, 0.0000000E+00, 0.7600374E+00, 0.1990223E+01, 0.1369260E+02,
 0.1546000E+01, 0.1399702E+02, 0.1094148E+02, 0.0000000E+00, 0.7601738E+00, 0.1990946E+01, 0.1369260E+02,
 0.1548000E+01, 0.1399702E+02, 0.1094062E+02, 0.0000000E+00, 0.7603100E+00, 0.1991669E+01, 0.1369260E+02,
 0.1550000E+01, 0.1399702E+02, 0.1093976E+02, 0.0000000E+00, 0.7604462E+00, 0.1992393E+01, 0.1369260E+02,
 0.1552000E+01, 0.1399702E+02, 0.1093890E+02, 0.0000000E+00, 0.7605823E+00, 0.1993117E+01, 0.1369260E+02,
 0.1554000E+01, 0.1399702E+02, 0.1093804E+02, 0.0000000E+00, 0.7607182E+00, 0.1993841E+01, 0.1369260E+02,
 0.1556000E+01, 0.1399702E+02, 0.1093718E+02, 0.0000000E+00, 0.7608541E+00, 0.1994565E+01, 0.1369260E+02,
 0.1558000E+01, 0.1399702E+02, 0.1093632E+02, 0.0000000E+00, 0.7609899E+00, 0.1995291E+01, 0.1369260E+02,
 0.1560000E+01, 0.1399702E+02, 0.1093546E+02, 0.0000000E+00, 0.7611257E+00, 0.1996016E+01, 0.1369260E+02,
 0.1562000E+01, 0.1399702E+02, 0.1093460E+02, 0.0000000E+00, 0.7612613E+00, 0.1996741E+01, 0.1369260E+02,
 0.1564000E+01, 0.1399702E+02, 0.1093373E+02, 0.0000000E+00, 0.7613969E+00, 0.1997467E+01, 0.1369260E+02,
 0.1566000E+01, 0.1399702E+02, 0.1093287E+02, 0.0000000E+00, 0.7615324E+00, 0.1998194E+01, 0.1369260E+02,
 0.1568000E+01, 0.1399702E+02, 0.1093201E+02, 0.0000000E+00, 0.7616678E+00, 0.1998920E+01, 0.1369260E+02,
 0.1570000E+01, 0.1399702E+02, 0.1093115E+02, 0.0000000E+00, 0.7618031E+00, 0.1999647E+01, 0.1369260E+02,
 0.1572000E+01, 0.1399702E+02, 0.1093029E+02, 0.0000000E+00, 0.7619383E+00, 0.2000375E+01, 0.1369260E+02,
 0.1574000E+01, 0.1399702E+02, 0.1092942E+02, 0.0000000E+00, 0.7620735E+00, 0.2001102E+01, 0.1369260E+02,
 0.1576000E+01, 0.1399702E+02, 0.1092856E+02, 0.0000000E+00, 0.7622086E+00, 0.2001830E+01, 0.1369260E+02,
 0.1578000E+01, 0.1399702E+02, 0.1092770E+02, 0.0000000E+00, 0.7623436E+00, 0.2002559E+01, 0.1369260E+02,
 0.1580000E+01, 0.1399702E+02, 0.1092683E+02, 0.0000000E+00, 0.7624785E+00, 0.2003288E+01, 0.1369260E+02,
 0.1582000E+01, 0.1399702E+02, 0.1092597E+02, 0.0000000E+00, 0.7626134E+00, 0.2004017E+01, 0.1369260E+02,
 0.1584000E+01, 0.1399702E+02, 0.1092510E+02, 0.0000000E+00, 0.7627482E+00, 0.2004746E+01, 0.1369260E+02,
 0.1586000E+01, 0.1399702E+02, 0.1092424E+02, 0.0000000E+00, 0.7628829E+00, 0.2005476E+01, 0.1369260E+02,
 0.1588000E+01, 0.1399702E+02, 0.1092337E+02, 0.0000000E+00, 0.7630176E+00, 0.2006207E+01, 0.1369260E+02,
 0.1590000E+01, 0.1399702E+02, 0.1092251E+02, 0.0000000E+00, 0.7631522E+00, 0.2006938E+01, 0.1369260E+02,
 0.1592000E+01, 0.1399702E+02, 0.1092164E+02, 0.0000000E+00, 0.7632867E+00, 0.2007668E+01, 0.1369260E+02,
 0.1594000E+01, 0.1399702E+02, 0.1092078E+02, 0.0000000E+00, 0.7634211E+00, 0.2008400E+01, 0.1369260E+02,
 0.1596000E+01, 0.1399702E+02, 0.1091991E+02, 0.0000000E+00, 0.7635555E+00, 0.2009132E+01, 0.1369260E+02,
 0.1598000E+01, 0.1399702E+02, 0.1091904E+02, 0.0000000E+00, 0.7636898E+00, 0.2009865E+01, 0.1369260E+02,
 0.1600000E+01, 0.1399702E+02, 0.1091818E+02, 0.0000000E+00, 0.7638240E+00, 0.2010597E+01, 0.1369260E+02,
 0.1602000E+01, 0.1399702E+02, 0.1091731E+02, 0.0000000E+00, 0.7639582E+00, 0.2011330E+01, 0.1369260E+02,
 0.1604000E+01, 0.1399702E+02, 0.1091644E+02, 0.0000000E+00, 0.7640922E+00, 0.2012064E+01, 0.1369260E+02,
 0.1606000E+01, 0.1399702E+02, 0.1091557E+02, 0.0000000E+00, 0.7642263E+00, 0.2012798E+01, 0.1369260E+02,
 0.1608000E+01, 0.1399702E+02, 0.1091471E+02, 0.0000000E+00, 0.7643602E+00, 0.2013533E+01, 0.1369260E+02,
 0.1610000E+01, 0.1399702E+02, 0.1091384E+02, 0.0000000E+00, 0.7644941E+00, 0.2014267E+01, 0.1369260E+02,
 0.1612000E+01, 0.1399702E+02, 0.1091297E+02, 0.0000000E+00, 0.7646279E+00, 0.2015003E+01, 0.1369260E+02,
 0.1614000E+01, 0.1399702E+02, 0.1091210E+02, 0.0000000E+00, 0.7647617E+00, 0.2015739E+01, 0.1369260E+02,
 0.1616000E+01, 0.1399702E+02, 0.1091123E+02, 0.0000000E+00, 0.7648954E+00, 0.2016475E+01, 0.1369260E+02,
 0.1618000E+01, 0.1399702E+02, 0.1091036E+02, 0.0000000E+00, 0.7650291E+00, 0.2017212E+01, 0.1369260E+02,
 0.1620000E+01, 0.1399702E+02, 0.1090949E+02, 0.0000000E+00, 0.7651626E+00, 0.2017949E+01, 0.1369260E+02,
 0.1622000E+01, 0.1399702E+02, 0.1090862E+02, 0.0000000E+00, 0.7652962E+00, 0.2018687E+01, 0.1369260E+02,
 0.1624000E+01, 0.1399702E+02, 0.1090774E+02, 0.0000000E+00, 0.7654296E+00, 0.2019425E+01, 0.1369260E+02,
 0.1626000E+01, 0.1399702E+02, 0.1090687E+02, 0.0000000E+00, 0.7655630E+00, 0.2020163E+01, 0.1369260E+02,
 0.1628000E+01, 0.1399702E+02, 0.1090600E+02, 0.0000000E+00, 0.7656963E+00, 0.2020902E+01, 0.1369260E+02,
 0.1630000E+01, 0.1399702E+02, 0.1090513E+02, 0.0000000E+00, 0.7658296E+00, 0.2021642E+01, 0.1369260E+02,
 0.1632000E+01, 0.1399702E+02, 0.1090425E+02, 0.0000000E+00, 0.7659628E+00, 0.2022382E+01, 0.1369260E+02,
 0.1634000E+01, 0.1399702E+02, 0.1090338E+02, 0.0000000E+00, 0.7660960E+00, 0.2023122E+01, 0.1369260E+02,
 0.1636000E+01, 0.1399702E+02, 0.1090251E+02, 0.0000000E+00, 0.7662291E+00, 0.2023863E+01, 0.1369260E+02,
 0.1638000E+01, 0.1399702E+02, 0.1090163E+02, 0.0000000E+00, 0.7663622E+00, 0.2024605E+01, 0.1369260E+02,
 0.1640000E+01, 0.1399702E+02, 0.1090076E+02, 0.0000000E+00, 0.7664952E+00, 0.2025347E+01, 0.1369260E+02,
 0.1642000E+01, 0.1399702E+02, 0.1089988E+02, 0.0000000E+00, 0.7666281E+00, 0.2026089E+01, 0.1369260E+02,
 0.1644000E+01, 0.1399702E+02, 0.1089901E+02, 0.0000000E+00, 0.7667610E+00, 0.2026832E+01, 0.1369260E+02,
 0.1646000E+01, 0.1399702E+02, 0.1089813E+02, 0.0000000E+00, 0.7668938E+00, 0.2027575E+01, 0.1369260E+02,
 0.1648000E+01, 0.1399702E+02, 0.1089725E+02, 0.0000000E+00, 0.7670266E+00, 0.2028319E+01, 0.1369260E+02,
 0.1650000E+01, 0.1399702E+02, 0.1089638E+02, 0.0000000E+00, 0.7671593E+00, 0.2029064E+01, 0.1369260E+02,
 0.1652000E+01, 0.1399702E+02, 0.1089550E+02, 0.0000000E+00, 0.7672920E+00, 0.2029809E+01, 0.1369260E+02,
 0.1654000E+01, 0.1399702E+02, 0.1089462E+02, 0.0000000E+00, 0.7674246E+00, 0.2030554E+01, 0.1369260E+02,
 0.1656000E+01, 0.1399702E+02, 0.1089374E+02, 0.0000000E+00, 0.7675572E+00, 0.2031300E+01, 0.1369260E+02,
 0.1658000E+01, 0.1399702E+02, 0.1089286E+02, 0.0000000E+00, 0.7676897E+00, 0.2032047E+01, 0.1369260E+02,
 0.1660000E+01, 0.1399702E+02, 0.1089198E+02, 0.0000000E+00, 0.7678221E+00, 0.2032794E+01, 0.1369260E+02,
 0.1662000E+01, 0.1399702E+02, 0.1089110E+02, 0.0000000E+00, 0.7679546E+00, 0.2033542E+01, 0.1369260E+02,
 0.1664000E+01, 0.1399702E+02, 0.1089022E+02, 0.0000000E+00, 0.7680870E+00, 0.2034290E+01, 0.1369260E+02,
 0.1666000E+01, 0.1399702E+02, 0.1088934E+02, 0.0000000E+00, 0.7682193E+00, 0.2035038E+01, 0.1369260E+02,
 0.1668000E+01, 0.1399702E+02, 0.1088846E+02, 0.0000000E+00, 0.7683516E+00, 0.2035788E+01, 0.1369260E+02,
 0.1670000E+01, 0.1399702E+02, 0.1088758E+02, 0.0000000E+00, 0.7684838E+00, 0.2036538E+01, 0.1369260E+02,
 0.1672000E+01, 0.1399702E+02, 0.1088669E+02, 0.0000000E+00, 0.7686160E+00, 0.2037288E+01, 0.1369260E+02,
 0.1674000E+01, 0.1399702E+02, 0.1088581E+02, 0.0000000E+00, 0.7687481E+00, 0.2038039E+01, 0.1369260E+02,
 0.1676000E+01, 0.1399702E+02, 0.1088493E+02, 0.0000000E+00, 0.7688802E+00, 0.2038790E+01, 0.1369260E+02,
 0.1678000E+01, 0.1399702E+02, 0.1088404E+02, 0.0000000E+00, 0.7690123E+00, 0.2039542E+01, 0.1369260E+02,
 0.1680000E+01, 0.1399702E+02, 0.1088316E+02, 0.0000000E+00, 0.7691442E+00, 0.2040295E+01, 0.1369260E+02,
 0.1682000E+01, 0.1399702E+02, 0.1088227E+02, 0.0000000E+00, 0.7692762E+00, 0.2041048E+01, 0.1369260E+02,
 0.1684000E+01, 0.1399702E+02, 0.1088139E+02, 0.0000000E+00, 0.7694081E+00, 0.2041802E+01, 0.1369260E+02,
 0.1686000E+01, 0.1399702E+02, 0.1088050E+02, 0.0000000E+00, 0.7695400E+00, 0.2042557E+01, 0.1369260E+02,
 0.1688000E+01, 0.1399702E+02, 0.1087961E+02, 0.0000000E+00, 0.7696719E+00, 0.2043312E+01, 0.1369260E+02,
 0.1690000E+01, 0.1399702E+02, 0.1087873E+02, 0.0000000E+00, 0.7698036E+00, 0.2044067E+01, 0.1369260E+02,
 0.1692000E+01, 0.1399702E+02, 0.1087784E+02, 0.0000000E+00, 0.7699354E+00, 0.2044823E+01, 0.1369260E+02,
 0.1694000E+01, 0.1399702E+02, 0.1087695E+02, 0.0000000E+00, 0.7700671E+00, 0.2045580E+01, 0.1369260E+02,
 0.1696000E+01, 0.1399702E+02, 0.1087606E+02, 0.0000000E+00, 0.7701988E+00, 0.2046337E+01, 0.1369260E+02,
 0.1698000E+01, 0.1399702E+02, 0.1087517E+02, 0.0000000E+00, 0.7703304E+00, 0.2047095E+01, 0.1369260E+02,
 0.1700000E+01, 0.1399702E+02, 0.1087428E+02, 0.0000000E+00, 0.7704620E+00, 0.2047854E+01, 0.1369260E+02,
 0.1702000E+01, 0.1399702E+02, 0.1087339E+02, 0.0000000E+00, 0.7705935E+00, 0.2048613E+01, 0.1369260E+02,
 0.1704000E+01, 0.1399702E+02, 0.1087250E+02, 0.0000000E+00, 0.7707251E+00, 0.2049373E+01, 0.1369260E+02,
 0.1706000E+01, 0.1399702E+02, 0.1087161E+02, 0.0000000E+00, 0.7708566E+00, 0.2050133E+01, 0.1369260E+02,
 0.1708000E+01, 0.1399702E+02, 0.1087072E+02, 0.0000000E+00, 0.7709880E+00, 0.2050894E+01, 0.1369260E+02,
 0.1710000E+01, 0.1399702E+02, 0.1086982E+02, 0.0000000E+00, 0.7711194E+00, 0.2051656E+01, 0.1369260E+02,
 0.1712000E+01, 0.1399702E+02, 0.1086893E+02, 0.0000000E+00, 0.7712508E+00, 0.2052418E+01, 0.1369260E+02,
 0.1714000E+01, 0.1399702E+02, 0.1086804E+02, 0.0000000E+00, 0.7713822E+00, 0.2053181E+01, 0.1369260E+02,
 0.1716000E+01, 0.1399702E+02, 0.1086714E+02, 0.0000000E+00, 0.7715135E+00, 0.2053945E+01, 0.1369260E+02,
 0.1718000E+01, 0.1399702E+02, 0.1086624E+02, 0.0000000E+00, 0.7716447E+00, 0.2054709E+01, 0.1369260E+02,
 0.1720000E+01, 0.1399702E+02, 0.1086535E+02, 0.0000000E+00, 0.7717760E+00, 0.2055474E+01, 0.1369260E+02,
 0.1722000E+01, 0.1399702E+02, 0.1086445E+02, 0.0000000E+00, 0.7719072E+00, 0.2056239E+01, 0.1369260E+02,
 0.1724000E+01, 0.1399702E+02, 0.1086355E+02, 0.0000000E+00, 0.7720383E+00, 0.2057005E+01, 0.1369260E+02,
 0.1726000E+01, 0.1399702E+02, 0.1086266E+02, 0.0000000E+00, 0.7721695E+00, 0.2057772E+01, 0.1369260E+02,
 0.1728000E+01, 0.1399702E+02, 0.1086176E+02, 0.0000000E+00, 0.7723006E+00, 0.2058540E+01, 0.1369260E+02,
 0.1730000E+01, 0.1399702E+02, 0.1086086E+02, 0.0000000E+00, 0.7724317E+00, 0.2059308E+01, 0.1369260E+02,
 0.1732000E+01, 0.1399702E+02, 0.1085996E+02, 0.0000000E+00, 0.7725628E+00, 0.2060076E+01, 0.1369260E+02,
 0.1734000E+01, 0.1399702E+02, 0.1085906E+02, 0.0000000E+00, 0.7726938E+00, 0.2060846E+01, 0.1369260E+02,
 0.1736000E+01, 0.1399702E+02, 0.1085816E+02, 0.0000000E+00, 0.7728248E+00, 0.2061616E+01, 0.1369260E+02,
 0.1738000E+01, 0.1399702E+02, 0.1085726E+02, 0.0000000E+00, 0.7729558E+00, 0.2062387E+01, 0.1369260E+02,
 0.1740000E+01, 0.1399702E+02, 0.1085635E+02, 0.0000000E+00, 0.7730868E+00, 0.2063158E+01, 0.1369260E+02,
 0.1742000E+01, 0.1399702E+02, 0.1085545E+02, 0.0000000E+00, 0.7732177E+00, 0.2063930E+01, 0.1369260E+02,
 0.1744000E+01, 0.1399702E+02, 0.1085455E+02, 0.0000000E+00, 0.7733486E+00, 0.2064703E+01, 0.1369260E+02,
 0.1746000E+01, 0.1399702E+02, 0.1085364E+02, 0.0000000E+00, 0.7734795E+00, 0.2065476E+01, 0.1369260E+02,
 0.1748000E+01, 0.1399702E+02, 0.1085274E+02, 0.0000000E+00, 0.7736104E+00, 0.2066250E+01, 0.1369260E+02,
 0.1750000E+01, 0.1399702E+02, 0.1085183E+02, 0.0000000E+00, 0.7737412E+00, 0.2067025E+01, 0.1369260E+02,
 0.1752000E+01, 0.1399702E+02, 0.1085093E+02, 0.0000000E+00, 0.7738720E+00, 0.2067800E+01, 0.1369260E+02,
 0.1754000E+01, 0.1399702E+02, 0.1085002E+02, 0.0000000E+00, 0.7740027E+00, 0.2068576E+01, 0.1369260E+02,
 0.1756000E+01, 0.1399702E+02, 0.1084911E+02, 0.0000000E+00, 0.7741335E+00, 0.2069353E+01, 0.1369260E+02,
 0.1758000E+01, 0.1399702E+02, 0.1084820E+02, 0.0000000E+00, 0.7742643E+00, 0.2070131E+01, 0.1369260E+02,
 0.1760000E+01, 0.1399702E+02, 0.1084729E+02, 0.0000000E+00, 0.7743950E+00, 0.2070909E+01, 0.1369260E+02,
 0.1762000E+01, 0.1399702E+02, 0.1084639E+02, 0.0000000E+00, 0.7745257E+00, 0.2071688E+01, 0.1369260E+02,
 0.1764000E+01, 0.1399702E+02, 0.1084548E+02, 0.0000000E+00, 0.7746564E+00, 0.2072467E+01, 0.1369260E+02,
 0.1766000E+01, 0.1399702E+02, 0.1084456E+02, 0.0000000E+00, 0.7747871E+00, 0.2073247E+01, 0.1369260E+02,
 0.1768000E+01, 0.1399702E+02, 0.1084365E+02, 0.0000000E+00, 0.7749177E+00, 0.2074028E+01, 0.1369260E+02,
 0.1770000E+01, 0.1399702E+02, 0.1084274E+02, 0.0000000E+00, 0.7750483E+00, 0.2074810E+01, 0.1369260E+02,
 0.1772000E+01, 0.1399702E+02, 0.1084183E+02, 0.0000000E+00, 0.7751790E+00, 0.2075592E+01, 0.1369260E+02,
 0.1774000E+01, 0.1399702E+02, 0.1084091E+02, 0.0000000E+00, 0.7753096E+00, 0.2076375E+01, 0.1369260E+02,
 0.1776000E+01, 0.1399702E+02, 0.1084000E+02, 0.0000000E+00, 0.7754402E+00, 0.2077159E+01, 0.1369260E+02,
 0.1778000E+01, 0.1399702E+02, 0.1083908E+02, 0.0000000E+00, 0.7755707E+00, 0.2077943E+01, 0.1369260E+02,
 0.1780000E+01, 0.1399702E+02, 0.1083817E+02, 0.0000000E+00, 0.7757013E+00, 0.2078728E+01, 0.1369260E+02,
 0.1782000E+01, 0.1399702E+02, 0.1083725E+02, 0.0000000E+00, 0.7758318E+00, 0.2079514E+01, 0.1369260E+02,
 0.1784000E+01, 0.1399702E+02, 0.1083634E+02, 0.0000000E+00, 0.7759624E+00, 0.2080301E+01, 0.1369260E+02,
 0.1786000E+01, 0.1399702E+02, 0.1083542E+02, 0.0000000E+00, 0.7760929E+00, 0.2081088E+01, 0.1369260E+02,
 0.1788000E+01, 0.1399702E+02, 0.1083450E+02, 0.0000000E+00, 0.7762234E+00, 0.2081876E+01, 0.1369260E+02,
 0.1790000E+01, 0.1399702E+02, 0.1083358E+02, 0.0000000E+00, 0.7763539E+00, 0.2082664E+01, 0.1369260E+02,
 0.1792000E+01, 0.1399702E+02, 0.1083266E+02, 0.0000000E+00, 0.7764844E+00, 0.2083453E+01, 0.1369260E+02,
 0.1794000E+01, 0.1399702E+02, 0.1083174E+02, 0.0000000E+00, 0.7766148E+00, 0.2084244E+01, 0.1369260E+02,
 0.1796000E+01, 0.1399702E+02, 0.1083082E+02, 0.0000000E+00, 0.7767453E+00, 0.2085034E+01, 0.1369260E+02,
 0.1798000E+01, 0.1399702E+02, 0.1082990E+02, 0.0000000E+00, 0.7768758E+00, 0.2085826E+01, 0.1369260E+02,
 0.1800000E+01, 0.1399702E+02, 0.1082897E+02, 0.0000000E+00, 0.7770063E+00, 0.2086618E+01, 0.1369260E+02,
 0.1802000E+01, 0.1399702E+02, 0.1082805E+02, 0.0000000E+00, 0.7771367E+00, 0.2087411E+01, 0.1369260E+02,
 0.1804000E+01, 0.1399702E+02, 0.1082713E+02, 0.0000000E+00, 0.7772672E+00, 0.2088204E+01, 0.1369260E+02,
 0.1806000E+01, 0.1399702E+02, 0.1082620E+02, 0.0000000E+00, 0.7773976E+00, 0.2088999E+01, 0.1369260E+02,
 0.1808000E+01, 0.1399702E+02, 0.1082528E+02, 0.0000000E+00, 0.7775280E+00, 0.2089794E+01, 0.1369260E+02,
 0.1810000E+01, 0.1399702E+02, 0.1082435E+02, 0.0000000E+00, 0.7776585E+00, 0.2090589E+01, 0.1369260E+02,
 0.1812000E+01, 0.1399702E+02, 0.1082342E+02, 0.0000000E+00, 0.7777889E+00, 0.2091386E+01, 0.1369260E+02,
 0.1814000E+01, 0.1399702E+02, 0.1082250E+02, 0.0000000E+00, 0.7779193E+00, 0.2092183E+01, 0.1369260E+02,
 0.1816000E+01, 0.1399702E+02, 0.1082157E+02, 0.0000000E+00, 0.7780498E+00, 0.2092981E+01, 0.1369260E+02,
 0.1818000E+01, 0.1399702E+02, 0.1082064E+02, 0.0000000E+00, 0.7781802E+00, 0.2093779E+01, 0.1369260E+02,
 0.1820000E+01, 0.1399702E+02, 0.1081971E+02, 0.0000000E+00, 0.7783106E+00, 0.2094579E+01, 0.1369260E+02,
 0.1822000E+01, 0.1399702E+02, 0.1081878E+02, 0.0000000E+00, 0.7784410E+00, 0.2095379E+01, 0.1369260E+02,
 0.1824000E+01, 0.1399702E+02, 0.1081785E+02, 0.0000000E+00, 0.7785714E+00, 0.2096179E+01, 0.1369260E+02,
 0.1826000E+01, 0.1399702E+02, 0.1081692E+02, 0.0000000E+00, 0.7787019E+00, 0.2096981E+01, 0.1369260E+02,
 0.1828000E+01, 0.1399702E+02, 0.1081598E+02, 0.0000000E+00, 0.7788323E+00, 0.2097783E+01, 0.1369260E+02,
 0.1830000E+01, 0.1399702E+02, 0.1081505E+02, 0.0000000E+00, 0.7789627E+00, 0.2098586E+01, 0.1369260E+02,
 0.1832000E+01, 0.1399702E+02, 0.1081412E+02, 0.0000000E+00, 0.7790932E+00, 0.2099390E+01, 0.1369260E+02,
 0.1834000E+01, 0.1399702E+02, 0.1081318E+02, 0.0000000E+00, 0.7792236E+00, 0.2100194E+01, 0.1369260E+02,
 0.1836000E+01, 0.1399702E+02, 0.1081225E+02, 0.0000000E+00, 0.7793541E+00, 0.2100999E+01, 0.1369260E+02,
 0.1838000E+01, 0.1399702E+02, 0.1081131E+02, 0.0000000E+00, 0.7794845E+00, 0.2101805E+01, 0.1369260E+02,
 0.1840000E+01, 0.1399702E+02, 0.1081037E+02, 0.0000000E+00, 0.7796150E+00, 0.2102612E+01, 0.1369260E+02,
 0.1842000E+01, 0.1399702E+02, 0.1080943E+02, 0.0000000E+00, 0.7797455E+00, 0.2103419E+01, 0.1369260E+02,
 0.1844000E+01, 0.1399702E+02, 0.1080850E+02, 0.0000000E+00, 0.7798759E+00, 0.2104227E+01, 0.1369260E+02,
 0.1846000E+01, 0.1399702E+02, 0.1080756E+02, 0.0000000E+00, 0.7800065E+00, 0.2105036E+01, 0.1369260E+02,
 0.1848000E+01, 0.1399702E+02, 0.1080662E+02, 0.0000000E+00, 0.7801369E+00, 0.2105845E+01, 0.1369260E+02,
 0.1850000E+01, 0.1399702E+02, 0.1080568E+02, 0.0000000E+00, 0.7802675E+00, 0.2106655E+01, 0.1369260E+02,
 0.1852000E+01, 0.1399702E+02, 0.1080473E+02, 0.0000000E+00, 0.7803980E+00, 0.2107466E+01, 0.1369260E+02,
 0.1854000E+01, 0.1399702E+02, 0.1080379E+02, 0.0000000E+00, 0.7805285E+00, 0.2108278E+01, 0.1369260E+02,
 0.1856000E+01, 0.1399702E+02, 0.1080285E+02, 0.0000000E+00, 0.7806591E+00, 0.2109090E+01, 0.1369260E+02,
 0.1858000E+01, 0.1399702E+02, 0.1080191E+02, 0.0000000E+00, 0.7807896E+00, 0.2109903E+01, 0.1369260E+02,
 0.1860000E+01, 0.1399702E+02, 0.1080096E+02, 0.0000000E+00, 0.7809202E+00, 0.2110717E+01, 0.1369260E+02,
 0.1862000E+01, 0.1399702E+02, 0.1080002E+02, 0.0000000E+00, 0.7810508E+00, 0.2111532E+01, 0.1369260E+02,
 0.1864000E+01, 0.1399702E+02, 0.1079907E+02, 0.0000000E+00, 0.7811814E+00, 0.2112347E+01, 0.1369260E+02,
 0.1866000E+01, 0.1399702E+02, 0.1079812E+02, 0.0000000E+00, 0.7813120E+00, 0.2113163E+01, 0.1369260E+02,
 0.1868000E+01, 0.1399702E+02, 0.1079718E+02, 0.0000000E+00, 0.7814427E+00, 0.2113980E+01, 0.1369260E+02,
 0.1870000E+01, 0.1399702E+02, 0.1079623E+02, 0.0000000E+00, 0.7815734E+00, 0.2114797E+01, 0.1369260E+02,
 0.1872000E+01, 0.1399702E+02, 0.1079528E+02, 0.0000000E+00, 0.7817041E+00, 0.2115615E+01, 0.1369260E+02,
 0.1874000E+01, 0.1399702E+02, 0.1079433E+02, 0.0000000E+00, 0.7818348E+00, 0.2116434E+01, 0.1369260E+02,
 0.1876000E+01, 0.1399702E+02, 0.1079338E+02, 0.0000000E+00, 0.7819655E+00, 0.2117254E+01, 0.1369260E+02,
 0.1878000E+01, 0.1399702E+02, 0.1079243E+02, 0.0000000E+00, 0.7820963E+00, 0.2118074E+01, 0.1369260E+02,
 0.1880000E+01, 0.1399702E+02, 0.1079148E+02, 0.0000000E+00, 0.7822270E+00, 0.2118896E+01, 0.1369260E+02,
 0.1882000E+01, 0.1399702E+02, 0.1079052E+02, 0.0000000E+00, 0.7823578E+00, 0.2119717E+01, 0.1369260E+02,
 0.1884000E+01, 0.1399702E+02, 0.1078957E+02, 0.0000000E+00, 0.7824886E+00, 0.2120540E+01, 0.1369260E+02,
 0.1886000E+01, 0.1399702E+02, 0.1078862E+02, 0.0000000E+00, 0.7826195E+00, 0.2121363E+01, 0.1369260E+02,
 0.1888000E+01, 0.1399702E+02, 0.1078766E+02, 0.0000000E+00, 0.7827504E+00, 0.2122187E+01, 0.1369260E+02,
 0.1890000E+01, 0.1399702E+02, 0.1078671E+02, 0.0000000E+00, 0.7828813E+00, 0.2123012E+01, 0.1369260E+02,
 0.1892000E+01, 0.1399702E+02, 0.1078575E+02, 0.0000000E+00, 0.7830122E+00, 0.2123837E+01, 0.1369260E+02,
 0.1894000E+01, 0.1399702E+02, 0.1078479E+02, 0.0000000E+00, 0.7831432E+00, 0.2124664E+01, 0.1369260E+02,
 0.1896000E+01, 0.1399702E+02, 0.1078383E+02, 0.0000000E+00, 0.7832742E+00, 0.2125491E+01, 0.1369260E+02,
 0.1898000E+01, 0.1399702E+02, 0.1078288E+02, 0.0000000E+00, 0.7834052E+00, 0.2126318E+01, 0.1369260E+02,
 0.1900000E+01, 0.1399702E+02, 0.1078192E+02, 0.0000000E+00, 0.7835362E+00, 0.2127147E+01, 0.1369260E+02,
 0.1902000E+01, 0.1399702E+02, 0.1078096E+02, 0.0000000E+00, 0.7836673E+00, 0.2127976E+01, 0.1369260E+02,
 0.1904000E+01, 0.1399702E+02, 0.1077999E+02, 0.0000000E+00, 0.7837985E+00, 0.2128806E+01, 0.1369260E+02,
 0.1906000E+01, 0.1399702E+02, 0.1077903E+02, 0.0000000E+00, 0.7839296E+00, 0.2129637E+01, 0.1369260E+02,
 0.1908000E+01, 0.1399702E+02, 0.1077807E+02, 0.0000000E+00, 0.7840608E+00, 0.2130468E+01, 0.1369260E+02,
 0.1910000E+01, 0.1399702E+02, 0.1077711E+02, 0.0000000E+00, 0.7841920E+00, 0.2131300E+01, 0.1369260E+02,
 0.1912000E+01, 0.1399702E+02, 0.1077614E+02, 0.0000000E+00, 0.7843233E+00, 0.2132133E+01, 0.1369260E+02,
 0.1914000E+01, 0.1399702E+02, 0.1077518E+02, 0.0000000E+00, 0.7844546E+00, 0.2132966E+01, 0.1369260E+02,
 0.1916000E+01, 0.1399702E+02, 0.1077421E+02, 0.0000000E+00, 0.7845859E+00, 0.2133800E+01, 0.1369260E+02,
 0.1918000E+01, 0.1399702E+02, 0.1077325E+02, 0.0000000E+00, 0.7847173E+00, 0.2134635E+01, 0.1369260E+02,
 0.1920000E+01, 0.1399702E+02, 0.1077228E+02, 0.0000000E+00, 0.7848487E+00, 0.2135471E+01, 0.1369260E+02,
 0.1922000E+01, 0.1399702E+02, 0.1077131E+02, 0.0000000E+00, 0.7849802E+00, 0.2136307E+01, 0.1369260E+02,
 0.1924000E+01, 0.1399702E+02, 0.1077034E+02, 0.0000000E+00, 0.7851117E+00, 0.2137145E+01, 0.1369260E+02,
 0.1926000E+01, 0.1399702E+02, 0.1076937E+02, 0.0000000E+00, 0.7852432E+00, 0.2137982E+01, 0.1369260E+02,
 0.1928000E+01, 0.1399702E+02, 0.1076840E+02, 0.0000000E+00, 0.7853748E+00, 0.2138821E+01, 0.1369260E+02,
 0.1930000E+01, 0.1399702E+02, 0.1076743E+02, 0.0000000E+00, 0.7855065E+00, 0.2139660E+01, 0.1369260E+02,
 0.1932000E+01, 0.1399702E+02, 0.1076646E+02, 0.0000000E+00, 0.7856382E+00, 0.2140501E+01, 0.1369260E+02,
 0.1934000E+01, 0.1399702E+02, 0.1076549E+02, 0.0000000E+00, 0.7857699E+00, 0.2141341E+01, 0.1369260E+02,
 0.1936000E+01, 0.1399702E+02, 0.1076451E+02, 0.0000000E+00, 0.7859017E+00, 0.2142183E+01, 0.1369260E+02,
 0.1938000E+01, 0.1399702E+02, 0.1076354E+02, 0.0000000E+00, 0.7860336E+00, 0.2143025E+01, 0.1369260E+02,
 0.1940000E+01, 0.1399702E+02, 0.1076256E+02, 0.0000000E+00, 0.7861654E+00, 0.2143868E+01, 0.1369260E+02,
 0.1942000E+01, 0.1399702E+02, 0.1076159E+02, 0.0000000E+00, 0.7862974E+00, 0.2144711E+01, 0.1369260E+02,
 0.1944000E+01, 0.1399702E+02, 0.1076061E+02, 0.0000000E+00, 0.7864293E+00, 0.2145556E+01, 0.1369260E+02,
 0.1946000E+01, 0.1399702E+02, 0.1075964E+02, 0.0000000E+00, 0.7865614E+00, 0.2146401E+01, 0.1369260E+02,
 0.1948000E+01, 0.1399702E+02, 0.1075866E+02, 0.0000000E+00, 0.7866935E+00, 0.2147247E+01, 0.1369260E+02,
 0.1950000E+01, 0.1399702E+02, 0.1075768E+02, 0.0000000E+00, 0.7868257E+00, 0.2148093E+01, 0.1369260E+02,
 0.1952000E+01, 0.1399702E+02, 0.1075670E+02, 0.0000000E+00, 0.7869579E+00, 0.2148941E+01, 0.1369260E+02,
 0.1954000E+01, 0.1399702E+02, 0.1075572E+02, 0.0000000E+00, 0.7870902E+00, 0.2149789E+01, 0.1369260E+02,
 0.1956000E+01, 0.1399702E+02, 0.1075474E+02, 0.0000000E+00, 0.7872225E+00, 0.2150637E+01, 0.1369260E+02,
 0.1958000E+01, 0.1399702E+02, 0.1075376E+02, 0.0000000E+00, 0.7873549E+00, 0.2151487E+01, 0.1369260E+02,
 0.1960000E+01, 0.1399702E+02, 0.1075277E+02, 0.0000000E+00, 0.7874874E+00, 0.2152337E+01, 0.1369260E+02,
 0.1962000E+01, 0.1399702E+02, 0.1075179E+02, 0.0000000E+00, 0.7876199E+00, 0.2153188E+01, 0.1369260E+02,
 0.1964000E+01, 0.1399702E+02, 0.1075081E+02, 0.0000000E+00, 0.7877525E+00, 0.2154040E+01, 0.1369260E+02,
 0.1966000E+01, 0.1399702E+02, 0.1074982E+02, 0.0000000E+00, 0.7878851E+00, 0.2154892E+01, 0.1369260E+02,
 0.1968000E+01, 0.1399702E+02, 0.1074884E+02, 0.0000000E+00, 0.7880179E+00, 0.2155745E+01, 0.1369260E+02,
 0.1970000E+01, 0.1399702E+02, 0.1074785E+02, 0.0000000E+00, 0.7881507E+00, 0.2156599E+01, 0.1369260E+02,
 0.1972000E+01, 0.1399702E+02, 0.1074686E+02, 0.0000000E+00, 0.7882835E+00, 0.2157453E+01, 0.1369260E+02,
 0.1974000E+01, 0.1399702E+02, 0.1074587E+02, 0.0000000E+00, 0.7884164E+00, 0.2158308E+01, 0.1369260E+02,
 0.1976000E+01, 0.1399702E+02, 0.1074488E+02, 0.0000000E+00, 0.7885494E+00, 0.2159164E+01, 0.1369260E+02,
 0.1978000E+01, 0.1399702E+02, 0.1074389E+02, 0.0000000E+00, 0.7886825E+00, 0.2160021E+01, 0.1369260E+02,
 0.1980000E+01, 0.1399702E+02, 0.1074290E+02, 0.0000000E+00, 0.7888157E+00, 0.2160878E+01, 0.1369260E+02,
 0.1982000E+01, 0.1399702E+02, 0.1074191E+02, 0.0000000E+00, 0.7889489E+00, 0.2161736E+01, 0.1369260E+02,
 0.1984000E+01, 0.1399702E+02, 0.1074092E+02, 0.0000000E+00, 0.7890822E+00, 0.2162595E+01, 0.1369260E+02,
 0.1986000E+01, 0.1399702E+02, 0.1073993E+02, 0.0000000E+00, 0.7892156E+00, 0.2163455E+01, 0.1369260E+02,
 0.1988000E+01, 0.1399702E+02, 0.1073893E+02, 0.0000000E+00, 0.7893490E+00, 0.2164315E+01, 0.1369260E+02,
 0.1990000E+01, 0.1399702E+02, 0.1073794E+02, 0.0000000E+00, 0.7894825E+00, 0.2165176E+01, 0.1369260E+02,
 0.1992000E+01, 0.1399702E+02, 0.1073695E+02, 0.0000000E+00, 0.7896161E+00, 0.2166037E+01, 0.1369260E+02,
 0.1994000E+01, 0.1399702E+02, 0.1073595E+02, 0.0000000E+00, 0.7897498E+00, 0.2166900E+01, 0.1369260E+02,
 0.1996000E+01, 0.1399702E+02, 0.1073495E+02, 0.0000000E+00, 0.7898836E+00, 0.2167763E+01, 0.1369260E+02,
 0.1998000E+01, 0.1399702E+02, 0.1073395E+02, 0.0000000E+00, 0.7900174E+00, 0.2168627E+01, 0.1369260E+02,
 0.2000000E+01, 0.1399702E+02, 0.1073296E+02, 0.0000000E+00, 0.7901514E+00, 0.2169491E+01, 0.1369260E+02,
 0.2002000E+01, 0.1399702E+02, 0.1073196E+02, 0.0000000E+00, 0.7902854E+00, 0.2170356E+01, 0.1369260E+02,
 0.2004000E+01, 0.1399702E+02, 0.1073096E+02, 0.0000000E+00, 0.7904196E+00, 0.2171222E+01, 0.1369260E+02,
 0.2006000E+01, 0.1399702E+02, 0.1072996E+02, 0.0000000E+00, 0.7905537E+00, 0.2172089E+01, 0.1369260E+02,
 0.2008000E+01, 0.1399702E+02, 0.1072895E+02, 0.0000000E+00, 0.7906881E+00, 0.2172956E+01, 0.1369260E+02,
 0.2010000E+01, 0.1399702E+02, 0.1072795E+02, 0.0000000E+00, 0.7908224E+00, 0.2173824E+01, 0.1369260E+02,
 0.2012000E+01, 0.1399702E+02, 0.1072695E+02, 0.0000000E+00, 0.7909570E+00, 0.2174693E+01, 0.1369260E+02,
 0.2014000E+01, 0.1399702E+02, 0.1072594E+02, 0.0000000E+00, 0.7910916E+00, 0.2175563E+01, 0.1369260E+02,
 0.2016000E+01, 0.1399702E+02, 0.1072494E+02, 0.0000000E+00, 0.7912262E+00, 0.2176433E+01, 0.1369260E+02,
 0.2018000E+01, 0.1399702E+02, 0.1072393E+02, 0.0000000E+00, 0.7913610E+00, 0.2177304E+01, 0.1369260E+02,
 0.2020000E+01, 0.1399702E+02, 0.1072293E+02, 0.0000000E+00, 0.7914959E+00, 0.2178175E+01, 0.1369260E+02,
 0.2022000E+01, 0.1399702E+02, 0.1072192E+02, 0.0000000E+00, 0.7916309E+00, 0.2179048E+01, 0.1369260E+02,
 0.2024000E+01, 0.1399702E+02, 0.1072091E+02, 0.0000000E+00, 0.7917659E+00, 0.2179921E+01, 0.1369260E+02,
 0.2026000E+01, 0.1399702E+02, 0.1071990E+02, 0.0000000E+00, 0.7919011E+00, 0.2180794E+01, 0.1369260E+02,
 0.2028000E+01, 0.1399702E+02, 0.1071889E+02, 0.0000000E+00, 0.7920364E+00, 0.2181669E+01, 0.1369260E+02,
 0.2030000E+01, 0.1399702E+02, 0.1071788E+02, 0.0000000E+00, 0.7921718E+00, 0.2182544E+01, 0.1369260E+02,
 0.2032000E+01, 0.1399702E+02, 0.1071687E+02, 0.0000000E+00, 0.7923073E+00, 0.2183420E+01, 0.1369260E+02,
 0.2034000E+01, 0.1399702E+02, 0.1071586E+02, 0.0000000E+00, 0.7924429E+00, 0.2184296E+01, 0.1369260E+02,
 0.2036000E+01, 0.1399702E+02, 0.1071485E+02, 0.0000000E+00, 0.7925786E+00, 0.2185174E+01, 0.1369260E+02,
 0.2038000E+01, 0.1399702E+02, 0.1071383E+02, 0.0000000E+00, 0.7927145E+00, 0.2186052E+01, 0.1369260E+02,
 0.2040000E+01, 0.1399702E+02, 0.1071282E+02, 0.0000000E+00, 0.7928504E+00, 0.2186930E+01, 0.1369260E+02,
 0.2042000E+01, 0.1399702E+02, 0.1071180E+02, 0.0000000E+00, 0.7929865E+00, 0.2187810E+01, 0.1369260E+02,
 0.2044000E+01, 0.1399702E+02, 0.1071079E+02, 0.0000000E+00, 0.7931227E+00, 0.2188690E+01, 0.1369260E+02,
 0.2046000E+01, 0.1399702E+02, 0.1070977E+02, 0.0000000E+00, 0.7932590E+00, 0.2189571E+01, 0.1369260E+02,
 0.2048000E+01, 0.1399702E+02, 0.1070875E+02, 0.0000000E+00, 0.7933954E+00, 0.2190452E+01, 0.1369260E+02,
 0.2050000E+01, 0.1399702E+02, 0.1070773E+02, 0.0000000E+00, 0.7935320E+00, 0.2191334E+01, 0.1369260E+02,
 0.2052000E+01, 0.1399702E+02, 0.1070671E+02, 0.0000000E+00, 0.7936686E+00, 0.2192217E+01, 0.1369260E+02,
 0.2054000E+01, 0.1399702E+02, 0.1070569E+02, 0.0000000E+00, 0.7938054E+00, 0.2193101E+01, 0.1369260E+02,
 0.2056000E+01, 0.1399702E+02, 0.1070467E+02, 0.0000000E+00, 0.7939424E+00, 0.2193985E+01, 0.1369260E+02,
 0.2058000E+01, 0.1399702E+02, 0.1070365E+02, 0.0000000E+00, 0.7940794E+00, 0.2194870E+01, 0.1369260E+02,
 0.2060000E+01, 0.1399702E+02, 0.1070263E+02, 0.0000000E+00, 0.7942166E+00, 0.2195756E+01, 0.1369260E+02,
 0.2062000E+01, 0.1399702E+02, 0.1070160E+02, 0.0000000E+00, 0.7943539E+00, 0.2196642E+01, 0.1369260E+02,
 0.2064000E+01, 0.1399702E+02, 0.1070058E+02, 0.0000000E+00, 0.7944914E+00, 0.2197530E+01, 0.1369260E+02,
 0.2066000E+01, 0.1399702E+02, 0.1069955E+02, 0.0000000E+00, 0.7946289E+00, 0.2198417E+01, 0.1369260E+02,
 0.2068000E+01, 0.1399702E+02, 0.1069853E+02, 0.0000000E+00, 0.7947667E+00, 0.2199306E+01, 0.1369260E+02,
 0.2070000E+01, 0.1399702E+02, 0.1069750E+02, 0.0000000E+00, 0.7949045E+00, 0.2200195E+01, 0.1369260E+02,
 0.2072000E+01, 0.1399702E+02, 0.1069647E+02, 0.0000000E+00, 0.7950425E+00, 0.2201085E+01, 0.1369260E+02,
 0.2074000E+01, 0.1399702E+02, 0.1069544E+02, 0.0000000E+00, 0.7951806E+00, 0.2201976E+01, 0.1369260E+02,
 0.2076000E+01, 0.1399702E+02, 0.1069441E+02, 0.0000000E+00, 0.7953189E+00, 0.2202868E+01, 0.1369260E+02,
 0.2078000E+01, 0.1399702E+02, 0.1069338E+02, 0.0000000E+00, 0.7954574E+00, 0.2203760E+01, 0.1369260E+02,
 0.2080000E+01, 0.1399702E+02, 0.1069235E+02, 0.0000000E+00, 0.7955959E+00, 0.2204652E+01, 0.1369260E+02,
 0.2082000E+01, 0.1399702E+02, 0.1069132E+02, 0.0000000E+00, 0.7957346E+00, 0.2205546E+01, 0.1369260E+02,
 0.2084000E+01, 0.1399702E+02, 0.1069028E+02, 0.0000000E+00, 0.7958735E+00, 0.2206440E+01, 0.1369260E+02,
 0.2086000E+01, 0.1399702E+02, 0.1068925E+02, 0.0000000E+00, 0.7960125E+00, 0.2207335E+01, 0.1369260E+02,
 0.2088000E+01, 0.1399702E+02, 0.1068822E+02, 0.0000000E+00, 0.7961518E+00, 0.2208230E+01, 0.1369260E+02,
 0.2090000E+01, 0.1399702E+02, 0.1068718E+02, 0.0000000E+00, 0.7962911E+00, 0.2209127E+01, 0.1369260E+02,
 0.2092000E+01, 0.1399702E+02, 0.1068614E+02, 0.0000000E+00, 0.7964306E+00, 0.2210024E+01, 0.1369260E+02,
 0.2094000E+01, 0.1399702E+02, 0.1068511E+02, 0.0000000E+00, 0.7965702E+00, 0.2210922E+01, 0.1369260E+02,
 0.2096000E+01, 0.1399702E+02, 0.1068407E+02, 0.0000000E+00, 0.7967100E+00, 0.2211820E+01, 0.1369260E+02,
 0.2098000E+01, 0.1399702E+02, 0.1068303E+02, 0.0000000E+00, 0.7968500E+00, 0.2212719E+01, 0.1369260E+02,
 0.2100000E+01, 0.1399702E+02, 0.1068199E+02, 0.0000000E+00, 0.7969902E+00, 0.2213619E+01, 0.1369260E+02,
 0.2102000E+01, 0.1399702E+02, 0.1068095E+02, 0.0000000E+00, 0.7971305E+00, 0.2214520E+01, 0.1369260E+02,
 0.2104000E+01, 0.1399702E+02, 0.1067991E+02, 0.0000000E+00, 0.7972710E+00, 0.2215421E+01, 0.1369260E+02,
 0.2106000E+01, 0.1399702E+02, 0.1067886E+02, 0.0000000E+00, 0.7974116E+00, 0.2216323E+01, 0.1369260E+02,
 0.2108000E+01, 0.1399702E+02, 0.1067782E+02, 0.0000000E+00, 0.7975525E+00, 0.2217226E+01, 0.1369260E+02,
 0.2110000E+01, 0.1399702E+02, 0.1067678E+02, 0.0000000E+00, 0.7976935E+00, 0.2218129E+01, 0.1369260E+02,
 0.2112000E+01, 0.1399702E+02, 0.1067573E+02, 0.0000000E+00, 0.7978347E+00, 0.2219033E+01, 0.1369260E+02,
 0.2114000E+01, 0.1399702E+02, 0.1067468E+02, 0.0000000E+00, 0.7979761E+00, 0.2219938E+01, 0.1369260E+02,
 0.2116000E+01, 0.1399702E+02, 0.1067364E+02, 0.0000000E+00, 0.7981176E+00, 0.2220843E+01, 0.1369260E+02,
 0.2118000E+01, 0.1399702E+02, 0.1067259E+02, 0.0000000E+00, 0.7982594E+00, 0.2221750E+01, 0.1369260E+02,
 0.2120000E+01, 0.1399702E+02, 0.1067154E+02, 0.0000000E+00, 0.7984013E+00, 0.2222656E+01, 0.1369260E+02,
 0.2122000E+01, 0.1399702E+02, 0.1067049E+02, 0.0000000E+00, 0.7985434E+00, 0.2223564E+01, 0.1369260E+02,
 0.2124000E+01, 0.1399702E+02, 0.1066944E+02, 0.0000000E+00, 0.7986857E+00, 0.2224472E+01, 0.1369260E+02,
 0.2126000E+01, 0.1399702E+02, 0.1066839E+02, 0.0000000E+00, 0.7988282E+00, 0.2225381E+01, 0.1369260E+02,
 0.2128000E+01, 0.1399702E+02, 0.1066734E+02, 0.0000000E+00, 0.7989709E+00, 0.2226291E+01, 0.1369260E+02,
 0.2130000E+01, 0.1399702E+02, 0.1066628E+02, 0.0000000E+00, 0.7991138E+00, 0.2227201E+01, 0.1369260E+02,
 0.2132000E+01, 0.1399702E+02, 0.1066523E+02, 0.0000000E+00, 0.7992569E+00, 0.2228112E+01, 0.1369260E+02,
 0.2134000E+01, 0.1399702E+02, 0.1066417E+02, 0.0000000E+00, 0.7994002E+00, 0.2229024E+01, 0.1369260E+02,
 0.2136000E+01, 0.1399702E+02, 0.1066312E+02, 0.0000000E+00, 0.7995437E+00, 0.2229937E+01, 0.1369260E+02,
 0.2138000E+01, 0.1399702E+02, 0.1066206E+02, 0.0000000E+00, 0.7996874E+00, 0.2230850E+01, 0.1369260E+02,
 0.2140000E+01, 0.1399702E+02, 0.1066100E+02, 0.0000000E+00, 0.7998313E+00, 0.2231764E+01, 0.1369260E+02,
 0.2142000E+01, 0.1399702E+02, 0.1065994E+02, 0.0000000E+00, 0.7999755E+00, 0.2232679E+01, 0.1369260E+02,
 0.2144000E+01, 0.1399702E+02, 0.1065888E+02, 0.0000000E+00, 0.8001198E+00, 0.2233594E+01, 0.1369260E+02,
 0.2146000E+01, 0.1399702E+02, 0.1065782E+02, 0.0000000E+00, 0.8002644E+00, 0.2234510E+01, 0.1369260E+02,
 0.2148000E+01, 0.1399702E+02, 0.1065676E+02, 0.0000000E+00, 0.8004091E+00, 0.2235427E+01, 0.1369260E+02,
 0.2150000E+01, 0.1399702E+02, 0.1065570E+02, 0.0000000E+00, 0.8005541E+00, 0.2236345E+01, 0.1369260E+02,
 0.2152000E+01, 0.1399702E+02, 0.1065464E+02, 0.0000000E+00, 0.8006994E+00, 0.2237263E+01, 0.1369260E+02,
 0.2154000E+01, 0.1399702E+02, 0.1065357E+02, 0.0000000E+00, 0.8008448E+00, 0.2238182E+01, 0.1369260E+02,
 0.2156000E+01, 0.1399702E+02, 0.1065251E+02, 0.0000000E+00, 0.8009905E+00, 0.2239101E+01, 0.1369260E+02,
 0.2158000E+01, 0.1399702E+02, 0.1065144E+02, 0.0000000E+00, 0.8011364E+00, 0.2240022E+01, 0.1369260E+02,
 0.2160000E+01, 0.1399702E+02, 0.1065037E+02, 0.0000000E+00, 0.8012825E+00, 0.2240943E+01, 0.1369260E+02,
 0.2162000E+01, 0.1399702E+02, 0.1064931E+02, 0.0000000E+00, 0.8014289E+00, 0.2241865E+01, 0.1369260E+02,
 0.2164000E+01, 0.1399702E+02, 0.1064824E+02, 0.0000000E+00, 0.8015755E+00, 0.2242787E+01, 0.1369260E+02,
 0.2166000E+01, 0.1399702E+02, 0.1064717E+02, 0.0000000E+00, 0.8017224E+00, 0.2243710E+01, 0.1369260E+02,
 0.2168000E+01, 0.1399702E+02, 0.1064609E+02, 0.0000000E+00, 0.8018695E+00, 0.2244634E+01, 0.1369260E+02,
 0.2170000E+01, 0.1399702E+02, 0.1064502E+02, 0.0000000E+00, 0.8020169E+00, 0.2245559E+01, 0.1369260E+02,
 0.2172000E+01, 0.1399702E+02, 0.1064395E+02, 0.0000000E+00, 0.8021645E+00, 0.2246484E+01, 0.1369260E+02,
 0.2174000E+01, 0.1399702E+02, 0.1064288E+02, 0.0000000E+00, 0.8023124E+00, 0.2247410E+01, 0.1369260E+02,
 0.2176000E+01, 0.1399702E+02, 0.1064180E+02, 0.0000000E+00, 0.8024604E+00, 0.2248337E+01, 0.1369260E+02,
 0.2178000E+01, 0.1399702E+02, 0.1064073E+02, 0.0000000E+00, 0.8026088E+00, 0.2249264E+01, 0.1369260E+02,
 0.2180000E+01, 0.1399702E+02, 0.1063965E+02, 0.0000000E+00, 0.8027574E+00, 0.2250193E+01, 0.1369260E+02,
 0.2182000E+01, 0.1399702E+02, 0.1063857E+02, 0.0000000E+00, 0.8029063E+00, 0.2251122E+01, 0.1369260E+02,
 0.2184000E+01, 0.1399702E+02, 0.1063749E+02, 0.0000000E+00, 0.8030555E+00, 0.2252051E+01, 0.1369260E+02,
 0.2186000E+01, 0.1399702E+02, 0.1063641E+02, 0.0000000E+00, 0.8032050E+00, 0.2252981E+01, 0.1369260E+02,
 0.2188000E+01, 0.1399702E+02, 0.1063533E+02, 0.0000000E+00, 0.8033547E+00, 0.2253912E+01, 0.1369260E+02,
 0.2190000E+01, 0.1399702E+02, 0.1063425E+02, 0.0000000E+00, 0.8035046E+00, 0.2254844E+01, 0.1369260E+02,
 0.2192000E+01, 0.1399702E+02, 0.1063317E+02, 0.0000000E+00, 0.8036549E+00, 0.2255777E+01, 0.1369260E+02,
 0.2194000E+01, 0.1399702E+02, 0.1063208E+02, 0.0000000E+00, 0.8038054E+00, 0.2256710E+01, 0.1369260E+02,
 0.2196000E+01, 0.1399702E+02, 0.1063100E+02, 0.0000000E+00, 0.8039563E+00, 0.2257644E+01, 0.1369260E+02,
 0.2198000E+01, 0.1399702E+02, 0.1062991E+02, 0.0000000E+00, 0.8041074E+00, 0.2258579E+01, 0.1369260E+02,
 0.2200000E+01, 0.1399702E+02, 0.1062883E+02, 0.0000000E+00, 0.8042588E+00, 0.2259514E+01, 0.1369260E+02,
 0.2202000E+01, 0.1399702E+02, 0.1062774E+02, 0.0000000E+00, 0.8044105E+00, 0.2260450E+01, 0.1369260E+02,
 0.2204000E+01, 0.1399702E+02, 0.1062665E+02, 0.0000000E+00, 0.8045624E+00, 0.2261387E+01, 0.1369260E+02,
 0.2206000E+01, 0.1399702E+02, 0.1062556E+02, 0.0000000E+00, 0.8047147E+00, 0.2262325E+01, 0.1369260E+02,
 0.2208000E+01, 0.1399702E+02, 0.1062447E+02, 0.0000000E+00, 0.8048673E+00, 0.2263263E+01, 0.1369260E+02,
 0.2210000E+01, 0.1399702E+02, 0.1062338E+02, 0.0000000E+00, 0.8050202E+00, 0.2264202E+01, 0.1369260E+02,
 0.2212000E+01, 0.1399702E+02, 0.1062228E+02, 0.0000000E+00, 0.8051735E+00, 0.2265141E+01, 0.1369260E+02,
 0.2214000E+01, 0.1399702E+02, 0.1062119E+02, 0.0000000E+00, 0.8053269E+00, 0.2266082E+01, 0.1369260E+02,
 0.2216000E+01, 0.1399702E+02, 0.1062009E+02, 0.0000000E+00, 0.8054808E+00, 0.2267023E+01, 0.1369260E+02,
 0.2218000E+01, 0.1399702E+02, 0.1061900E+02, 0.0000000E+00, 0.8056349E+00, 0.2267965E+01, 0.1369260E+02,
 0.2220000E+01, 0.1399702E+02, 0.1061790E+02, 0.0000000E+00, 0.8057894E+00, 0.2268908E+01, 0.1369260E+02,
 0.2222000E+01, 0.1399702E+02, 0.1061680E+02, 0.0000000E+00, 0.8059442E+00, 0.2269851E+01, 0.1369260E+02,
 0.2224000E+01, 0.1399702E+02, 0.1061570E+02, 0.0000000E+00, 0.8060994E+00, 0.2270795E+01, 0.1369260E+02,
 0.2226000E+01, 0.1399702E+02, 0.1061460E+02, 0.0000000E+00, 0.8062548E+00, 0.2271740E+01, 0.1369260E+02,
 0.2228000E+01, 0.1399702E+02, 0.1061350E+02, 0.0000000E+00, 0.8064106E+00, 0.2272685E+01, 0.1369260E+02,
 0.2230000E+01, 0.1399702E+02, 0.1061240E+02, 0.0000000E+00, 0.8065667E+00, 0.2273632E+01, 0.1369260E+02,
 0.2232000E+01, 0.1399702E+02, 0.1061130E+02, 0.0000000E+00, 0.8067232E+00, 0.2274579E+01, 0.1369260E+02,
 0.2234000E+01, 0.1399702E+02, 0.1061019E+02, 0.0000000E+00, 0.8068800E+00, 0.2275526E+01, 0.1369260E+02,
 0.2236000E+01, 0.1399702E+02, 0.1060909E+02, 0.0000000E+00, 0.8070371E+00, 0.2276475E+01, 0.1369260E+02,
 0.2238000E+01, 0.1399702E+02, 0.1060798E+02, 0.0000000E+00, 0.8071947E+00, 0.2277424E+01, 0.1369260E+02,
 0.2240000E+01, 0.1399702E+02, 0.1060687E+02, 0.0000000E+00, 0.8073525E+00, 0.2278374E+01, 0.1369260E+02,
 0.2242000E+01, 0.1399702E+02, 0.1060576E+02, 0.0000000E+00, 0.8075107E+00, 0.2279325E+01, 0.1369260E+02,
 0.2244000E+01, 0.1399702E+02, 0.1060465E+02, 0.0000000E+00, 0.8076693E+00, 0.2280276E+01, 0.1369260E+02,
 0.2246000E+01, 0.1399702E+02, 0.1060354E+02, 0.0000000E+00, 0.8078283E+00, 0.2281228E+01, 0.1369260E+02,
 0.2248000E+01, 0.1399702E+02, 0.1060243E+02, 0.0000000E+00, 0.8079876E+00, 0.2282181E+01, 0.1369260E+02,
 0.2250000E+01, 0.1399702E+02, 0.1060132E+02, 0.0000000E+00, 0.8081473E+00, 0.2283135E+01, 0.1369260E+02,
 0.2252000E+01, 0.1399702E+02, 0.1060020E+02, 0.0000000E+00, 0.8083074E+00, 0.2284089E+01, 0.1369260E+02,
 0.2254000E+01, 0.1399702E+02, 0.1059909E+02, 0.0000000E+00, 0.8084679E+00, 0.2285044E+01, 0.1369260E+02,
 0.2256000E+01, 0.1399702E+02, 0.1059797E+02, 0.0000000E+00, 0.8086287E+00, 0.2286000E+01, 0.1369260E+02,
 0.2258000E+01, 0.1399702E+02, 0.1059685E+02, 0.0000000E+00, 0.8087899E+00, 0.2286957E+01, 0.1369260E+02,
 0.2260000E+01, 0.1399702E+02, 0.1059573E+02, 0.0000000E+00, 0.8089515E+00, 0.2287914E+01, 0.1369260E+02,
 0.2262000E+01, 0.1399702E+02, 0.1059461E+02, 0.0000000E+00, 0.8091136E+00, 0.2288872E+01, 0.1369260E+02,
 0.2264000E+01, 0.1399702E+02, 0.1059349E+02, 0.0000000E+00, 0.8092759E+00, 0.2289831E+01, 0.1369260E+02,
 0.2266000E+01, 0.1399702E+02, 0.1059237E+02, 0.0000000E+00, 0.8094388E+00, 0.2290791E+01, 0.1369260E+02,
 0.2268000E+01, 0.1399702E+02, 0.1059125E+02, 0.0000000E+00, 0.8096020E+00, 0.2291751E+01, 0.1369260E+02,
 0.2270000E+01, 0.1399702E+02, 0.1059012E+02, 0.0000000E+00, 0.8097656E+00, 0.2292712E+01, 0.1369260E+02,
 0.2272000E+01, 0.1399702E+02, 0.1058899E+02, 0.0000000E+00, 0.8099296E+00, 0.2293674E+01, 0.1369260E+02,
 0.2274000E+01, 0.1399702E+02, 0.1058787E+02, 0.0000000E+00, 0.8100941E+00, 0.2294636E+01, 0.1369260E+02,
 0.2276000E+01, 0.1399702E+02, 0.1058674E+02, 0.0000000E+00, 0.8102590E+00, 0.2295600E+01, 0.1369260E+02,
 0.2278000E+01, 0.1399702E+02, 0.1058561E+02, 0.0000000E+00, 0.8104243E+00, 0.2296564E+01, 0.1369260E+02,
 0.2280000E+01, 0.1399702E+02, 0.1058448E+02, 0.0000000E+00, 0.8105900E+00, 0.2297529E+01, 0.1369260E+02,
 0.2282000E+01, 0.1399702E+02, 0.1058335E+02, 0.0000000E+00, 0.8107561E+00, 0.2298494E+01, 0.1369260E+02,
 0.2284000E+01, 0.1399702E+02, 0.1058222E+02, 0.0000000E+00, 0.8109227E+00, 0.2299461E+01, 0.1369260E+02,
 0.2286000E+01, 0.1399702E+02, 0.1058108E+02, 0.0000000E+00, 0.8110898E+00, 0.2300428E+01, 0.1369260E+02,
 0.2288000E+01, 0.1399702E+02, 0.1057995E+02, 0.0000000E+00, 0.8112572E+00, 0.2301396E+01, 0.1369260E+02,
 0.2290000E+01, 0.1399702E+02, 0.1057881E+02, 0.0000000E+00, 0.8114251E+00, 0.2302364E+01, 0.1369260E+02,
 0.2292000E+01, 0.1399702E+02, 0.1057767E+02, 0.0000000E+00, 0.8115935E+00, 0.2303334E+01, 0.1369260E+02,
 0.2294000E+01, 0.1399702E+02, 0.1057653E+02, 0.0000000E+00, 0.8117623E+00, 0.2304304E+01, 0.1369260E+02,
 0.2296000E+01, 0.1399702E+02, 0.1057539E+02, 0.0000000E+00, 0.8119316E+00, 0.2305275E+01, 0.1369260E+02,
 0.2298000E+01, 0.1399702E+02, 0.1057425E+02, 0.0000000E+00, 0.8121014E+00, 0.2306246E+01, 0.1369260E+02,
 0.2300000E+01, 0.1399702E+02, 0.1057311E+02, 0.0000000E+00, 0.8122716E+00, 0.2307219E+01, 0.1369260E+02,
 0.2302000E+01, 0.1399702E+02, 0.1057196E+02, 0.0000000E+00, 0.8124422E+00, 0.2308192E+01, 0.1369260E+02,
 0.2304000E+01, 0.1399702E+02, 0.1057082E+02, 0.0000000E+00, 0.8126134E+00, 0.2309166E+01, 0.1369260E+02,
 0.2306000E+01, 0.1399702E+02, 0.1056967E+02, 0.0000000E+00, 0.8127850E+00, 0.2310141E+01, 0.1369260E+02,
 0.2308000E+01, 0.1399702E+02, 0.1056853E+02, 0.0000000E+00, 0.8129572E+00, 0.2311116E+01, 0.1369260E+02,
 0.2310000E+01, 0.1399702E+02, 0.1056738E+02, 0.0000000E+00, 0.8131297E+00, 0.2312093E+01, 0.1369260E+02,
 0.2312000E+01, 0.1399702E+02, 0.1056623E+02, 0.0000000E+00, 0.8133028E+00, 0.2313070E+01, 0.1369260E+02,
 0.2314000E+01, 0.1399702E+02, 0.1056507E+02, 0.0000000E+00, 0.8134764E+00, 0.2314048E+01, 0.1369260E+02,
 0.2316000E+01, 0.1399702E+02, 0.1056392E+02, 0.0000000E+00, 0.8136504E+00, 0.2315026E+01, 0.1369260E+02,
 0.2318000E+01, 0.1399702E+02, 0.1056277E+02, 0.0000000E+00, 0.8138250E+00, 0.2316005E+01, 0.1369260E+02,
 0.2320000E+01, 0.1399702E+02, 0.1056161E+02, 0.0000000E+00, 0.8140001E+00, 0.2316986E+01, 0.1369260E+02,
 0.2322000E+01, 0.1399702E+02, 0.1056046E+02, 0.0000000E+00, 0.8141756E+00, 0.2317967E+01, 0.1369260E+02,
 0.2324000E+01, 0.1399702E+02, 0.1055930E+02, 0.0000000E+00, 0.8143517E+00, 0.2318949E+01, 0.1369260E+02,
 0.2326000E+01, 0.1399702E+02, 0.1055814E+02, 0.0000000E+00, 0.8145283E+00, 0.2319931E+01, 0.1369260E+02,
 0.2328000E+01, 0.1399702E+02, 0.1055698E+02, 0.0000000E+00, 0.8147054E+00, 0.2320914E+01, 0.1369260E+02,
 0.2330000E+01, 0.1399702E+02, 0.1055582E+02, 0.0000000E+00, 0.8148830E+00, 0.2321898E+01, 0.1369260E+02,
 0.2332000E+01, 0.1399702E+02, 0.1055465E+02, 0.0000000E+00, 0.8150611E+00, 0.2322883E+01, 0.1369260E+02,
 0.2334000E+01, 0.1399702E+02, 0.1055349E+02, 0.0000000E+00, 0.8152397E+00, 0.2323869E+01, 0.1369260E+02,
 0.2336000E+01, 0.1399702E+02, 0.1055232E+02, 0.0000000E+00, 0.8154190E+00, 0.2324855E+01, 0.1369260E+02,
 0.2338000E+01, 0.1399702E+02, 0.1055116E+02, 0.0000000E+00, 0.8155986E+00, 0.2325843E+01, 0.1369260E+02,
 0.2340000E+01, 0.1399702E+02, 0.1054999E+02, 0.0000000E+00, 0.8157789E+00, 0.2326831E+01, 0.1369260E+02,
 0.2342000E+01, 0.1399702E+02, 0.1054882E+02, 0.0000000E+00, 0.8159596E+00, 0.2327820E+01, 0.1369260E+02,
 0.2344000E+01, 0.1399702E+02, 0.1054765E+02, 0.0000000E+00, 0.8161409E+00, 0.2328809E+01, 0.1369260E+02,
 0.2346000E+01, 0.1399702E+02, 0.1054648E+02, 0.0000000E+00, 0.8163228E+00, 0.2329800E+01, 0.1369260E+02,
 0.2348000E+01, 0.1399702E+02, 0.1054530E+02, 0.0000000E+00, 0.8165052E+00, 0.2330791E+01, 0.1369260E+02,
 0.2350000E+01, 0.1399702E+02, 0.1054413E+02, 0.0000000E+00, 0.8166881E+00, 0.2331783E+01, 0.1369260E+02,
 0.2352000E+01, 0.1399702E+02, 0.1054295E+02, 0.0000000E+00, 0.8168716E+00, 0.2332776E+01, 0.1369260E+02,
 0.2354000E+01, 0.1399702E+02, 0.1054177E+02, 0.0000000E+00, 0.8170556E+00, 0.2333769E+01, 0.1369260E+02,
 0.2356000E+01, 0.1399702E+02, 0.1054059E+02, 0.0000000E+00, 0.8172401E+00, 0.2334764E+01, 0.1369260E+02,
 0.2358000E+01, 0.1399702E+02, 0.1053941E+02, 0.0000000E+00, 0.8174253E+00, 0.2335759E+01, 0.1369260E+02,
 0.2360000E+01, 0.1399702E+02, 0.1053823E+02, 0.0000000E+00, 0.8176109E+00, 0.2336755E+01, 0.1369260E+02,
 0.2362000E+01, 0.1399702E+02, 0.1053705E+02, 0.0000000E+00, 0.8177971E+00, 0.2337752E+01, 0.1369260E+02,
 0.2364000E+01, 0.1399702E+02, 0.1053586E+02, 0.0000000E+00, 0.8179839E+00, 0.2338750E+01, 0.1369260E+02,
 0.2366000E+01, 0.1399702E+02, 0.1053468E+02, 0.0000000E+00, 0.8181712E+00, 0.2339748E+01, 0.1369260E+02,
 0.2368000E+01, 0.1399702E+02, 0.1053349E+02, 0.0000000E+00, 0.8183591E+00, 0.2340748E+01, 0.1369260E+02,
 0.2370000E+01, 0.1399702E+02, 0.1053230E+02, 0.0000000E+00, 0.8185475E+00, 0.2341748E+01, 0.1369260E+02,
 0.2372000E+01, 0.1399702E+02, 0.1053111E+02, 0.0000000E+00, 0.8187364E+00, 0.2342749E+01, 0.1369260E+02,
 0.2374000E+01, 0.1399702E+02, 0.1052992E+02, 0.0000000E+00, 0.8189260E+00, 0.2343751E+01, 0.1369260E+02,
 0.2376000E+01, 0.1399702E+02, 0.1052873E+02, 0.0000000E+00, 0.8191161E+00, 0.2344753E+01, 0.1369260E+02,
 0.2378000E+01, 0.1399702E+02, 0.1052753E+02, 0.0000000E+00, 0.8193067E+00, 0.2345757E+01, 0.1369260E+02,
 0.2380000E+01, 0.1399702E+02, 0.1052634E+02, 0.0000000E+00, 0.8194978E+00, 0.2346761E+01, 0.1369260E+02,
 0.2382000E+01, 0.1399702E+02, 0.1052514E+02, 0.0000000E+00, 0.8196896E+00, 0.2347766E+01, 0.1369260E+02,
 0.2384000E+01, 0.1399702E+02, 0.1052394E+02, 0.0000000E+00, 0.8198818E+00, 0.2348772E+01, 0.1369260E+02,
 0.2386000E+01, 0.1399702E+02, 0.1052275E+02, 0.0000000E+00, 0.8200746E+00, 0.2349779E+01, 0.1369260E+02,
 0.2388000E+01, 0.1399702E+02, 0.1052154E+02, 0.0000000E+00, 0.8202679E+00, 0.2350787E+01, 0.1369260E+02,
 0.2390000E+01, 0.1399702E+02, 0.1052034E+02, 0.0000000E+00, 0.8204618E+00, 0.2351795E+01, 0.1369260E+02,
 0.2392000E+01, 0.1399702E+02, 0.1051914E+02, 0.0000000E+00, 0.8206562E+00, 0.2352804E+01, 0.1369260E+02,
 0.2394000E+01, 0.1399702E+02, 0.1051793E+02, 0.0000000E+00, 0.8208511E+00, 0.2353815E+01, 0.1369260E+02,
 0.2396000E+01, 0.1399702E+02, 0.1051673E+02, 0.0000000E+00, 0.8210465E+00, 0.2354826E+01, 0.1369260E+02,
 0.2398000E+01, 0.1399702E+02, 0.1051552E+02, 0.0000000E+00, 0.8212424E+00, 0.2355838E+01, 0.1369260E+02,
 0.2400000E+01, 0.1399702E+02, 0.1051431E+02, 0.0000000E+00, 0.8214388E+00, 0.2356850E+01, 0.1369260E+02,
 0.2402000E+01, 0.1399702E+02, 0.1051310E+02, 0.0000000E+00, 0.8216358E+00, 0.2357864E+01, 0.1369260E+02,
 0.2404000E+01, 0.1399702E+02, 0.1051189E+02, 0.0000000E+00, 0.8218332E+00, 0.2358878E+01, 0.1369260E+02,
 0.2406000E+01, 0.1399702E+02, 0.1051067E+02, 0.0000000E+00, 0.8220311E+00, 0.2359894E+01, 0.1369260E+02,
 0.2408000E+01, 0.1399702E+02, 0.1050946E+02, 0.0000000E+00, 0.8222294E+00, 0.2360910E+01, 0.1369260E+02,
 0.2410000E+01, 0.1399702E+02, 0.1050824E+02, 0.0000000E+00, 0.8224282E+00, 0.2361927E+01, 0.1369260E+02,
 0.2412000E+01, 0.1399702E+02, 0.1050703E+02, 0.0000000E+00, 0.8226275E+00, 0.2362945E+01, 0.1369260E+02,
 0.2414000E+01, 0.1399702E+02, 0.1050581E+02, 0.0000000E+00, 0.8228272E+00, 0.2363964E+01, 0.1369260E+02,
 0.2416000E+01, 0.1399702E+02, 0.1050459E+02, 0.0000000E+00, 0.8230272E+00, 0.2364983E+01, 0.1369260E+02,
 0.2418000E+01, 0.1399702E+02, 0.1050337E+02, 0.0000000E+00, 0.8232277E+00, 0.2366004E+01, 0.1369260E+02,
 0.2420000E+01, 0.1399702E+02, 0.1050214E+02, 0.0000000E+00, 0.8234285E+00, 0.2367026E+01, 0.1369260E+02,
 0.2422000E+01, 0.1399702E+02, 0.1050092E+02, 0.0000000E+00, 0.8236297E+00, 0.2368048E+01, 0.1369260E+02,
 0.2424000E+01, 0.1399702E+02, 0.1049970E+02, 0.0000000E+00, 0.8238313E+00, 0.2369071E+01, 0.1369260E+02,
 0.2426000E+01, 0.1399702E+02, 0.1049847E+02, 0.0000000E+00, 0.8240331E+00, 0.2370095E+01, 0.1369260E+02,
 0.2428000E+01, 0.1399702E+02, 0.1049724E+02, 0.0000000E+00, 0.8242352E+00, 0.2371120E+01, 0.1369260E+02,
 0.2430000E+01, 0.1399702E+02, 0.1049601E+02, 0.0000000E+00, 0.8244376E+00, 0.2372147E+01, 0.1369260E+02,
 0.2432000E+01, 0.1399702E+02, 0.1049478E+02, 0.0000000E+00, 0.8246402E+00, 0.2373173E+01, 0.1369260E+02,
 0.2434000E+01, 0.1399702E+02, 0.1049355E+02, 0.0000000E+00, 0.8248429E+00, 0.2374201E+01, 0.1369260E+02,
 0.2436000E+01, 0.1399702E+02, 0.1049232E+02, 0.0000000E+00, 0.8250458E+00, 0.2375230E+01, 0.1369260E+02,
 0.2438000E+01, 0.1399702E+02, 0.1049109E+02, 0.0000000E+00, 0.8252488E+00, 0.2376260E+01, 0.1369260E+02,
 0.2440000E+01, 0.1399702E+02, 0.1048986E+02, 0.0000000E+00, 0.8254519E+00, 0.2377290E+01, 0.1369260E+02,
 0.2442000E+01, 0.1399702E+02, 0.1048862E+02, 0.0000000E+00, 0.8256550E+00, 0.2378322E+01, 0.1369260E+02,
 0.2444000E+01, 0.1399702E+02, 0.1048739E+02, 0.0000000E+00, 0.8258581E+00, 0.2379355E+01, 0.1369260E+02,
 0.2446000E+01, 0.1399702E+02, 0.1048615E+02, 0.0000000E+00, 0.8260610E+00, 0.2380388E+01, 0.1369260E+02,
 0.2448000E+01, 0.1399702E+02, 0.1048491E+02, 0.0000000E+00, 0.8262637E+00, 0.2381423E+01, 0.1369260E+02,
 0.2450000E+01, 0.1399702E+02, 0.1048367E+02, 0.0000000E+00, 0.8264662E+00, 0.2382458E+01, 0.1369260E+02,
 0.2452000E+01, 0.1399702E+02, 0.1048244E+02, 0.0000000E+00, 0.8266683E+00, 0.2383495E+01, 0.1369260E+02,
 0.2454000E+01, 0.1399702E+02, 0.1048120E+02, 0.0000000E+00, 0.8268700E+00, 0.2384533E+01, 0.1369260E+02,
 0.2456000E+01, 0.1399702E+02, 0.1047996E+02, 0.0000000E+00, 0.8270710E+00, 0.2385571E+01, 0.1369260E+02,
 0.2458000E+01, 0.1399702E+02, 0.1047872E+02, 0.0000000E+00, 0.8272713E+00, 0.2386611E+01, 0.1369260E+02,
 0.2460000E+01, 0.1399702E+02, 0.1047748E+02, 0.0000000E+00, 0.8274708E+00, 0.2387652E+01, 0.1369260E+02,
 0.2462000E+01, 0.1399702E+02, 0.1047624E+02, 0.0000000E+00, 0.8276690E+00, 0.2388693E+01, 0.1369260E+02,
 0.2464000E+01, 0.1399702E+02, 0.1047500E+02, 0.0000000E+00, 0.8278657E+00, 0.2389736E+01, 0.1369260E+02,
 0.2466000E+01, 0.1399702E+02, 0.1047376E+02, 0.0000000E+00, 0.8280589E+00, 0.2390780E+01, 0.1369260E+02,
 0.2468000E+01, 0.1399702E+02, 0.1047252E+02, 0.0000000E+00, 0.8282474E+00, 0.2391826E+01, 0.1369260E+02,
 0.2470000E+01, 0.1399702E+02, 0.1047130E+02, 0.0000000E+00, 0.8284301E+00, 0.2392873E+01, 0.1369260E+02,
 0.2472000E+01, 0.1399702E+02, 0.1047007E+02, 0.0000000E+00, 0.8286061E+00, 0.2393922E+01, 0.1369260E+02,
 0.2474000E+01, 0.1399702E+02, 0.1046885E+02, 0.0000000E+00, 0.8287745E+00, 0.2394972E+01, 0.1369260E+02,
 0.2476000E+01, 0.1399702E+02, 0.1046764E+02, 0.0000000E+00, 0.8289346E+00, 0.2396024E+01, 0.1369260E+02,
 0.2478000E+01, 0.1399702E+02, 0.1046643E+02, 0.0000000E+00, 0.8290855E+00, 0.2397078E+01, 0.1369260E+02,
 0.2480000E+01, 0.1399702E+02, 0.1046524E+02, 0.0000000E+00, 0.8292263E+00, 0.2398134E+01, 0.1369260E+02,
 0.2482000E+01, 0.1399702E+02, 0.1046405E+02, 0.0000000E+00, 0.8293561E+00, 0.2399192E+01, 0.1369260E+02,
 0.2484000E+01, 0.1399702E+02, 0.1046287E+02, 0.0000000E+00, 0.8294741E+00, 0.2400252E+01, 0.1369260E+02,
 0.2486000E+01, 0.1399702E+02, 0.1046170E+02, 0.0000000E+00, 0.8295792E+00, 0.2401315E+01, 0.1369260E+02,
 0.2488000E+01, 0.1399702E+02, 0.1046055E+02, 0.0000000E+00, 0.8296705E+00, 0.2402380E+01, 0.1369260E+02,
 0.2490000E+01, 0.1399702E+02, 0.1045940E+02, 0.0000000E+00, 0.8297472E+00, 0.2403447E+01, 0.1369260E+02,
 0.2492000E+01, 0.1399702E+02, 0.1045827E+02, 0.0000000E+00, 0.8298082E+00, 0.2404517E+01, 0.1369260E+02,
 0.2494000E+01, 0.1399702E+02, 0.1045716E+02, 0.0000000E+00, 0.8298524E+00, 0.2405590E+01, 0.1369260E+02,
 0.2496000E+01, 0.1399702E+02, 0.1045605E+02, 0.0000000E+00, 0.8298789E+00, 0.2406665E+01, 0.1369260E+02,
 0.2498000E+01, 0.1399702E+02, 0.1045497E+02, 0.0000000E+00, 0.8298867E+00, 0.2407744E+01, 0.1369260E+02,
 0.2500000E+01, 0.1399702E+02, 0.1045390E+02, 0.0000000E+00, 0.8298749E+00, 0.2408825E+01, 0.1369260E+02,
 0.2502000E+01, 0.1399702E+02, 0.1045285E+02, 0.0000000E+00, 0.8298426E+00, 0.2409910E+01, 0.1369260E+02,
 0.2504000E+01, 0.1399702E+02, 0.1045181E+02, 0.0000000E+00, 0.8297887E+00, 0.2410998E+01, 0.1369260E+02,
 0.2506000E+01, 0.1399702E+02, 0.1045080E+02, 0.0000000E+00, 0.8297126E+00, 0.2412089E+01, 0.1369260E+02,
 0.2508000E+01, 0.1399702E+02, 0.1044980E+02, 0.0000000E+00, 0.8296134E+00, 0.2413183E+01, 0.1369260E+02,
 0.2510000E+01, 0.1399702E+02, 0.1044883E+02, 0.0000000E+00, 0.8294907E+00, 0.2414281E+01, 0.1369260E+02,
 0.2512000E+01, 0.1399702E+02, 0.1044787E+02, 0.0000000E+00, 0.8293437E+00, 0.2415383E+01, 0.1369260E+02,
 0.2514000E+01, 0.1399702E+02, 0.1044694E+02, 0.0000000E+00, 0.8291723E+00, 0.2416488E+01, 0.1369260E+02,
 0.2516000E+01, 0.1399702E+02, 0.1044603E+02, 0.0000000E+00, 0.8289762E+00, 0.2417596E+01, 0.1369260E+02,
 0.2518000E+01, 0.1399702E+02, 0.1044513E+02, 0.0000000E+00, 0.8287554E+00, 0.2418708E+01, 0.1369260E+02,
 0.2520000E+01, 0.1399702E+02, 0.1044426E+02, 0.0000000E+00, 0.8285100E+00, 0.2419824E+01, 0.1369260E+02,
 0.2522000E+01, 0.1399702E+02, 0.1044341E+02, 0.0000000E+00, 0.8282405E+00, 0.2420943E+01, 0.1369260E+02,
 0.2524000E+01, 0.1399702E+02, 0.1044259E+02, 0.0000000E+00, 0.8279474E+00, 0.2422065E+01, 0.1369260E+02,
 0.2526000E+01, 0.1399702E+02, 0.1044178E+02, 0.0000000E+00, 0.8276317E+00, 0.2423191E+01, 0.1369260E+02,
 0.2528000E+01, 0.1399702E+02, 0.1044098E+02, 0.0000000E+00, 0.8272942E+00, 0.2424319E+01, 0.1369260E+02,
 0.2530000E+01, 0.1399702E+02, 0.1044021E+02, 0.0000000E+00, 0.8269362E+00, 0.2425451E+01, 0.1369260E+02,
 0.2532000E+01, 0.1399702E+02, 0.1043945E+02, 0.0000000E+00, 0.8265592E+00, 0.2426585E+01, 0.1369260E+02,
 0.2534000E+01, 0.1399702E+02, 0.1043871E+02, 0.0000000E+00, 0.8261648E+00, 0.2427722E+01, 0.1369260E+02,
 0.2536000E+01, 0.1399702E+02, 0.1043798E+02, 0.0000000E+00, 0.8257548E+00, 0.2428862E+01, 0.1369260E+02,
 0.2538000E+01, 0.1399702E+02, 0.1043726E+02, 0.0000000E+00, 0.8253309E+00, 0.2430003E+01, 0.1369260E+02,
 0.2540000E+01, 0.1399702E+02, 0.1043656E+02, 0.0000000E+00, 0.8248953E+00, 0.2431147E+01, 0.1369260E+02,
 0.2542000E+01, 0.1399702E+02, 0.1043586E+02, 0.0000000E+00, 0.8244501E+00, 0.2432292E+01, 0.1369260E+02,
 0.2544000E+01, 0.1399702E+02, 0.1043516E+02, 0.0000000E+00, 0.8239972E+00, 0.2433439E+01, 0.1369260E+02,
 0.2546000E+01, 0.1399702E+02, 0.1043447E+02, 0.0000000E+00, 0.8235389E+00, 0.2434587E+01, 0.1369260E+02,
 0.2548000E+01, 0.1399702E+02, 0.1043378E+02, 0.0000000E+00, 0.8230772E+00, 0.2435736E+01, 0.1369260E+02,
 0.2550000E+01, 0.1399702E+02, 0.1043310E+02, 0.0000000E+00, 0.8226143E+00, 0.2436886E+01, 0.1369260E+02,
 0.2552000E+01, 0.1399702E+02, 0.1043241E+02, 0.0000000E+00, 0.8221521E+00, 0.2438037E+01, 0.1369260E+02,
 0.2554000E+01, 0.1399702E+02, 0.1043172E+02, 0.0000000E+00, 0.8216925E+00, 0.2439188E+01, 0.1369260E+02,
 0.2556000E+01, 0.1399702E+02, 0.1043102E+02, 0.0000000E+00, 0.8212373E+00, 0.2440339E+01, 0.1369260E+02,
 0.2558000E+01, 0.1399702E+02, 0.1043032E+02, 0.0000000E+00, 0.8207883E+00, 0.2441490E+01, 0.1369260E+02,
 0.2560000E+01, 0.1399702E+02, 0.1042961E+02, 0.0000000E+00, 0.8203468E+00, 0.2442641E+01, 0.1369260E+02,
 0.2562000E+01, 0.1399702E+02, 0.1042889E+02, 0.0000000E+00, 0.8199144E+00, 0.2443791E+01, 0.1369260E+02,
 0.2564000E+01, 0.1399702E+02, 0.1042817E+02, 0.0000000E+00, 0.8194922E+00, 0.2444941E+01, 0.1369260E+02,
 0.2566000E+01, 0.1399702E+02, 0.1042743E+02, 0.0000000E+00, 0.8190814E+00, 0.2446090E+01, 0.1369260E+02,
 0.2568000E+01, 0.1399702E+02, 0.1042668E+02, 0.0000000E+00, 0.8186828E+00, 0.2447238E+01, 0.1369260E+02,
 0.2570000E+01, 0.1399702E+02, 0.1042592E+02, 0.0000000E+00, 0.8182973E+00, 0.2448385E+01, 0.1369260E+02,
 0.2572000E+01, 0.1399702E+02, 0.1042514E+02, 0.0000000E+00, 0.8179255E+00, 0.2449532E+01, 0.1369260E+02,
 0.2574000E+01, 0.1399702E+02, 0.1042435E+02, 0.0000000E+00, 0.8175679E+00, 0.2450677E+01, 0.1369260E+02,
 0.2576000E+01, 0.1399702E+02, 0.1042355E+02, 0.0000000E+00, 0.8172249E+00, 0.2451821E+01, 0.1369260E+02,
 0.2578000E+01, 0.1399702E+02, 0.1042274E+02, 0.0000000E+00, 0.8168968E+00, 0.2452964E+01, 0.1369260E+02,
 0.2580000E+01, 0.1399702E+02, 0.1042191E+02, 0.0000000E+00, 0.8165837E+00, 0.2454105E+01, 0.1369260E+02,
 0.2582000E+01, 0.1399702E+02, 0.1042107E+02, 0.0000000E+00, 0.8162857E+00, 0.2455245E+01, 0.1369260E+02,
 0.2584000E+01, 0.1399702E+02, 0.1042021E+02, 0.0000000E+00, 0.8160027E+00, 0.2456384E+01, 0.1369260E+02,
 0.2586000E+01, 0.1399702E+02, 0.1041934E+02, 0.0000000E+00, 0.8157347E+00, 0.2457521E+01, 0.1369260E+02,
 0.2588000E+01, 0.1399702E+02, 0.1041846E+02, 0.0000000E+00, 0.8154816E+00, 0.2458657E+01, 0.1369260E+02,
 0.2590000E+01, 0.1399702E+02, 0.1041756E+02, 0.0000000E+00, 0.8152430E+00, 0.2459792E+01, 0.1369260E+02,
 0.2592000E+01, 0.1399702E+02, 0.1041665E+02, 0.0000000E+00, 0.8150187E+00, 0.2460925E+01, 0.1369260E+02,
 0.2594000E+01, 0.1399702E+02, 0.1041573E+02, 0.0000000E+00, 0.8148084E+00, 0.2462058E+01, 0.1369260E+02,
 0.2596000E+01, 0.1399702E+02, 0.1041480E+02, 0.0000000E+00, 0.8146117E+00, 0.2463188E+01, 0.1369260E+02,
 0.2598000E+01, 0.1399702E+02, 0.1041385E+02, 0.0000000E+00, 0.8144283E+00, 0.2464318E+01, 0.1369260E+02,
 0.2600000E+01, 0.1399702E+02, 0.1041289E+02, 0.0000000E+00, 0.8142578E+00, 0.2465447E+01, 0.1369260E+02,
 0.2602000E+01, 0.1399702E+02, 0.1041192E+02, 0.0000000E+00, 0.8140997E+00, 0.2466574E+01, 0.1369260E+02,
 0.2604000E+01, 0.1399702E+02, 0.1041094E+02, 0.0000000E+00, 0.8139538E+00, 0.2467701E+01, 0.1369260E+02,
 0.2606000E+01, 0.1399702E+02, 0.1040995E+02, 0.0000000E+00, 0.8138193E+00, 0.2468826E+01, 0.1369260E+02,
 0.2608000E+01, 0.1399702E+02, 0.1040895E+02, 0.0000000E+00, 0.8136962E+00, 0.2469950E+01, 0.1369260E+02,
 0.2610000E+01, 0.1399702E+02, 0.1040794E+02, 0.0000000E+00, 0.8135838E+00, 0.2471074E+01, 0.1369260E+02,
 0.2612000E+01, 0.1399702E+02, 0.1040692E+02, 0.0000000E+00, 0.8134817E+00, 0.2472197E+01, 0.1369260E+02,
 0.2614000E+01, 0.1399702E+02, 0.1040589E+02, 0.0000000E+00, 0.8133897E+00, 0.2473319E+01, 0.1369260E+02,
 0.2616000E+01, 0.1399702E+02, 0.1040485E+02, 0.0000000E+00, 0.8133071E+00, 0.2474440E+01, 0.1369260E+02,
 0.2618000E+01, 0.1399702E+02, 0.1040380E+02, 0.0000000E+00, 0.8132337E+00, 0.2475561E+01, 0.1369260E+02,
 0.2620000E+01, 0.1399702E+02, 0.1040275E+02, 0.0000000E+00, 0.8131689E+00, 0.2476681E+01, 0.1369260E+02,
 0.2622000E+01, 0.1399702E+02, 0.1040168E+02, 0.0000000E+00, 0.8131127E+00, 0.2477801E+01, 0.1369260E+02,
 0.2624000E+01, 0.1399702E+02, 0.1040061E+02, 0.0000000E+00, 0.8130643E+00, 0.2478920E+01, 0.1369260E+02,
 0.2626000E+01, 0.1399702E+02, 0.1039954E+02, 0.0000000E+00, 0.8130237E+00, 0.2480039E+01, 0.1369260E+02,
 0.2628000E+01, 0.1399702E+02, 0.1039845E+02, 0.0000000E+00, 0.8129904E+00, 0.2481158E+01, 0.1369260E+02,
 0.2630000E+01, 0.1399702E+02, 0.1039736E+02, 0.0000000E+00, 0.8129640E+00, 0.2482276E+01, 0.1369260E+02,
 0.2632000E+01, 0.1399702E+02, 0.1039626E+02, 0.0000000E+00, 0.8129444E+00, 0.2483394E+01, 0.1369260E+02,
 0.2634000E+01, 0.1399702E+02, 0.1039515E+02, 0.0000000E+00, 0.8129311E+00, 0.2484512E+01, 0.1369260E+02,
 0.2636000E+01, 0.1399702E+02, 0.1039404E+02, 0.0000000E+00, 0.8129238E+00, 0.2485631E+01, 0.1369260E+02,
 0.2638000E+01, 0.1399702E+02, 0.1039293E+02, 0.0000000E+00, 0.8129225E+00, 0.2486749E+01, 0.1369260E+02,
 0.2640000E+01, 0.1399702E+02, 0.1039180E+02, 0.0000000E+00, 0.8129266E+00, 0.2487867E+01, 0.1369260E+02,
 0.2642000E+01, 0.1399702E+02, 0.1039068E+02, 0.0000000E+00, 0.8129361E+00, 0.2488985E+01, 0.1369260E+02,
 0.2644000E+01, 0.1399702E+02, 0.1038954E+02, 0.0000000E+00, 0.8129506E+00, 0.2490103E+01, 0.1369260E+02,
 0.2646000E+01, 0.1399702E+02, 0.1038841E+02, 0.0000000E+00, 0.8129699E+00, 0.2491222E+01, 0.1369260E+02,
 0.2648000E+01, 0.1399702E+02, 0.1038726E+02, 0.0000000E+00, 0.8129938E+00, 0.2492341E+01, 0.1369260E+02,
 0.2650000E+01, 0.1399702E+02, 0.1038612E+02, 0.0000000E+00, 0.8130221E+00, 0.2493460E+01, 0.1369260E+02,
 0.2652000E+01, 0.1399702E+02, 0.1038496E+02, 0.0000000E+00, 0.8130547E+00, 0.2494580E+01, 0.1369260E+02,
 0.2654000E+01, 0.1399702E+02, 0.1038381E+02, 0.0000000E+00, 0.8130912E+00, 0.2495700E+01, 0.1369260E+02,
 0.2656000E+01, 0.1399702E+02, 0.1038265E+02, 0.0000000E+00, 0.8131316E+00, 0.2496821E+01, 0.1369260E+02,
 0.2658000E+01, 0.1399702E+02, 0.1038148E+02, 0.0000000E+00, 0.8131756E+00, 0.2497942E+01, 0.1369260E+02,
 0.2660000E+01, 0.1399702E+02, 0.1038031E+02, 0.0000000E+00, 0.8132232E+00, 0.2499063E+01, 0.1369260E+02,
 0.2662000E+01, 0.1399702E+02, 0.1037914E+02, 0.0000000E+00, 0.8132740E+00, 0.2500186E+01, 0.1369260E+02,
 0.2664000E+01, 0.1399702E+02, 0.1037796E+02, 0.0000000E+00, 0.8133281E+00, 0.2501308E+01, 0.1369260E+02,
 0.2666000E+01, 0.1399702E+02, 0.1037678E+02, 0.0000000E+00, 0.8133852E+00, 0.2502432E+01, 0.1369260E+02,
 0.2668000E+01, 0.1399702E+02, 0.1037560E+02, 0.0000000E+00, 0.8134453E+00, 0.2503556E+01, 0.1369260E+02,
 0.2670000E+01, 0.1399702E+02, 0.1037441E+02, 0.0000000E+00, 0.8135081E+00, 0.2504681E+01, 0.1369260E+02,
 0.2672000E+01, 0.1399702E+02, 0.1037322E+02, 0.0000000E+00, 0.8135736E+00, 0.2505807E+01, 0.1369260E+02,
 0.2674000E+01, 0.1399702E+02, 0.1037202E+02, 0.0000000E+00, 0.8136417E+00, 0.2506933E+01, 0.1369260E+02,
 0.2676000E+01, 0.1399702E+02, 0.1037083E+02, 0.0000000E+00, 0.8137122E+00, 0.2508060E+01, 0.1369260E+02,
 0.2678000E+01, 0.1399702E+02, 0.1036963E+02, 0.0000000E+00, 0.8137851E+00, 0.2509189E+01, 0.1369260E+02,
 0.2680000E+01, 0.1399702E+02, 0.1036842E+02, 0.0000000E+00, 0.8138602E+00, 0.2510318E+01, 0.1369260E+02,
 0.2682000E+01, 0.1399702E+02, 0.1036721E+02, 0.0000000E+00, 0.8139375E+00, 0.2511448E+01, 0.1369260E+02,
 0.2684000E+01, 0.1399702E+02, 0.1036600E+02, 0.0000000E+00, 0.8140169E+00, 0.2512578E+01, 0.1369260E+02,
 0.2686000E+01, 0.1399702E+02, 0.1036479E+02, 0.0000000E+00, 0.8140982E+00, 0.2513710E+01, 0.1369260E+02,
 0.2688000E+01, 0.1399702E+02, 0.1036357E+02, 0.0000000E+00, 0.8141814E+00, 0.2514843E+01, 0.1369260E+02,
 0.2690000E+01, 0.1399702E+02, 0.1036236E+02, 0.0000000E+00, 0.8142666E+00, 0.2515977E+01, 0.1369260E+02,
 0.2692000E+01, 0.1399702E+02, 0.1036113E+02, 0.0000000E+00, 0.8143534E+00, 0.2517112E+01, 0.1369260E+02,
 0.2694000E+01, 0.1399702E+02, 0.1035991E+02, 0.0000000E+00, 0.8144419E+00, 0.2518248E+01, 0.1369260E+02,
 0.2696000E+01, 0.1399702E+02, 0.1035868E+02, 0.0000000E+00, 0.8145320E+00, 0.2519385E+01, 0.1369260E+02,
 0.2698000E+01, 0.1399702E+02, 0.1035745E+02, 0.0000000E+00, 0.8146238E+00, 0.2520523E+01, 0.1369260E+02,
 0.2700000E+01, 0.1399702E+02, 0.1035622E+02, 0.0000000E+00, 0.8147170E+00, 0.2521662E+01, 0.1369260E+02,
 0.2702000E+01, 0.1399702E+02, 0.1035499E+02, 0.0000000E+00, 0.8148116E+00, 0.2522802E+01, 0.1369260E+02,
 0.2704000E+01, 0.1399702E+02, 0.1035375E+02, 0.0000000E+00, 0.8149077E+00, 0.2523943E+01, 0.1369260E+02,
 0.2706000E+01, 0.1399702E+02, 0.1035251E+02, 0.0000000E+00, 0.8150051E+00, 0.2525086E+01, 0.1369260E+02,
 0.2708000E+01, 0.1399702E+02, 0.1035126E+02, 0.0000000E+00, 0.8151037E+00, 0.2526229E+01, 0.1369260E+02,
 0.2710000E+01, 0.1399702E+02, 0.1035002E+02, 0.0000000E+00, 0.8152036E+00, 0.2527374E+01, 0.1369260E+02,
 0.2712000E+01, 0.1399702E+02, 0.1034877E+02, 0.0000000E+00, 0.8153047E+00, 0.2528520E+01, 0.1369260E+02,
 0.2714000E+01, 0.1399702E+02, 0.1034752E+02, 0.0000000E+00, 0.8154070E+00, 0.2529667E+01, 0.1369260E+02,
 0.2716000E+01, 0.1399702E+02, 0.1034627E+02, 0.0000000E+00, 0.8155103E+00, 0.2530816E+01, 0.1369260E+02,
 0.2718000E+01, 0.1399702E+02, 0.1034502E+02, 0.0000000E+00, 0.8156148E+00, 0.2531965E+01, 0.1369260E+02,
 0.2720000E+01, 0.1399702E+02, 0.1034376E+02, 0.0000000E+00, 0.8157203E+00, 0.2533116E+01, 0.1369260E+02,
 0.2722000E+01, 0.1399702E+02, 0.1034250E+02, 0.0000000E+00, 0.8158267E+00, 0.2534268E+01, 0.1369260E+02,
 0.2724000E+01, 0.1399702E+02, 0.1034124E+02, 0.0000000E+00, 0.8159341E+00, 0.2535422E+01, 0.1369260E+02,
 0.2726000E+01, 0.1399702E+02, 0.1033998E+02, 0.0000000E+00, 0.8160425E+00, 0.2536577E+01, 0.1369260E+02,
 0.2728000E+01, 0.1399702E+02, 0.1033871E+02, 0.0000000E+00, 0.8161517E+00, 0.2537732E+01, 0.1369260E+02,
 0.2730000E+01, 0.1399702E+02, 0.1033745E+02, 0.0000000E+00, 0.8162618E+00, 0.2538890E+01, 0.1369260E+02,
 0.2732000E+01, 0.1399702E+02, 0.1033618E+02, 0.0000000E+00, 0.8163728E+00, 0.2540048E+01, 0.1369260E+02,
 0.2734000E+01, 0.1399702E+02, 0.1033491E+02, 0.0000000E+00, 0.8164845E+00, 0.2541208E+01, 0.1369260E+02,
 0.2736000E+01, 0.1399702E+02, 0.1033363E+02, 0.0000000E+00, 0.8165970E+00, 0.2542369E+01, 0.1369260E+02,
 0.2738000E+01, 0.1399702E+02, 0.1033236E+02, 0.0000000E+00, 0.8167102E+00, 0.2543531E+01, 0.1369260E+02,
 0.2740000E+01, 0.1399702E+02, 0.1033108E+02, 0.0000000E+00, 0.8168241E+00, 0.2544695E+01, 0.1369260E+02,
 0.2742000E+01, 0.1399702E+02, 0.1032980E+02, 0.0000000E+00, 0.8169388E+00, 0.2545860E+01, 0.1369260E+02,
 0.2744000E+01, 0.1399702E+02, 0.1032852E+02, 0.0000000E+00, 0.8170540E+00, 0.2547027E+01, 0.1369260E+02,
 0.2746000E+01, 0.1399702E+02, 0.1032723E+02, 0.0000000E+00, 0.8171700E+00, 0.2548194E+01, 0.1369260E+02,
 0.2748000E+01, 0.1399702E+02, 0.1032595E+02, 0.0000000E+00, 0.8172865E+00, 0.2549363E+01, 0.1369260E+02,
 0.2750000E+01, 0.1399702E+02, 0.1032466E+02, 0.0000000E+00, 0.8174036E+00, 0.2550534E+01, 0.1369260E+02,
 0.2752000E+01, 0.1399702E+02, 0.1032337E+02, 0.0000000E+00, 0.8175212E+00, 0.2551706E+01, 0.1369260E+02,
 0.2754000E+01, 0.1399702E+02, 0.1032208E+02, 0.0000000E+00, 0.8176393E+00, 0.2552879E+01, 0.1369260E+02,
 0.2756000E+01, 0.1399702E+02, 0.1032079E+02, 0.0000000E+00, 0.8177579E+00, 0.2554054E+01, 0.1369260E+02,
 0.2758000E+01, 0.1399702E+02, 0.1031949E+02, 0.0000000E+00, 0.8178769E+00, 0.2555229E+01, 0.1369260E+02,
 0.2760000E+01, 0.1399702E+02, 0.1031820E+02, 0.0000000E+00, 0.8179964E+00, 0.2556407E+01, 0.1369260E+02,
 0.2762000E+01, 0.1399702E+02, 0.1031690E+02, 0.0000000E+00, 0.8181162E+00, 0.2557585E+01, 0.1369260E+02,
 0.2764000E+01, 0.1399702E+02, 0.1031560E+02, 0.0000000E+00, 0.8182364E+00, 0.2558765E+01, 0.1369260E+02,
 0.2766000E+01, 0.1399702E+02, 0.1031429E+02, 0.0000000E+00, 0.8183569E+00, 0.2559947E+01, 0.1369260E+02,
 0.2768000E+01, 0.1399702E+02, 0.1031299E+02, 0.0000000E+00, 0.8184776E+00, 0.2561130E+01, 0.1369260E+02,
 0.2770000E+01, 0.1399702E+02, 0.1031169E+02, 0.0000000E+00, 0.8185985E+00, 0.2562314E+01, 0.1369260E+02,
 0.2772000E+01, 0.1399702E+02, 0.1031038E+02, 0.0000000E+00, 0.8187194E+00, 0.2563500E+01, 0.1369260E+02,
 0.2774000E+01, 0.1399702E+02, 0.1030907E+02, 0.0000000E+00, 0.8188399E+00, 0.2564687E+01, 0.1369260E+02,
 0.2776000E+01, 0.1399702E+02, 0.1030776E+02, 0.0000000E+00, 0.8189599E+00, 0.2565875E+01, 0.1369260E+02,
 0.2778000E+01, 0.1399702E+02, 0.1030645E+02, 0.0000000E+00, 0.8190790E+00, 0.2567065E+01, 0.1369260E+02,
 0.2780000E+01, 0.1399702E+02, 0.1030515E+02, 0.0000000E+00, 0.8191969E+00, 0.2568257E+01, 0.1369260E+02,
 0.2782000E+01, 0.1399702E+02, 0.1030384E+02, 0.0000000E+00, 0.8193133E+00, 0.2569449E+01, 0.1369260E+02,
 0.2784000E+01, 0.1399702E+02, 0.1030253E+02, 0.0000000E+00, 0.8194278E+00, 0.2570644E+01, 0.1369260E+02,
 0.2786000E+01, 0.1399702E+02, 0.1030122E+02, 0.0000000E+00, 0.8195400E+00, 0.2571839E+01, 0.1369260E+02,
 0.2788000E+01, 0.1399702E+02, 0.1029991E+02, 0.0000000E+00, 0.8196495E+00, 0.2573037E+01, 0.1369260E+02,
 0.2790000E+01, 0.1399702E+02, 0.1029861E+02, 0.0000000E+00, 0.8197559E+00, 0.2574235E+01, 0.1369260E+02,
 0.2792000E+01, 0.1399702E+02, 0.1029730E+02, 0.0000000E+00, 0.8198587E+00, 0.2575436E+01, 0.1369260E+02,
 0.2794000E+01, 0.1399702E+02, 0.1029600E+02, 0.0000000E+00, 0.8199576E+00, 0.2576638E+01, 0.1369260E+02,
 0.2796000E+01, 0.1399702E+02, 0.1029470E+02, 0.0000000E+00, 0.8200521E+00, 0.2577842E+01, 0.1369260E+02,
 0.2798000E+01, 0.1399702E+02, 0.1029341E+02, 0.0000000E+00, 0.8201417E+00, 0.2579047E+01, 0.1369260E+02,
 0.2800000E+01, 0.1399702E+02, 0.1029212E+02, 0.0000000E+00, 0.8202260E+00, 0.2580254E+01, 0.1369260E+02,
 0.2802000E+01, 0.1399702E+02, 0.1029083E+02, 0.0000000E+00, 0.8203046E+00, 0.2581463E+01, 0.1369260E+02,
 0.2804000E+01, 0.1399702E+02, 0.1028955E+02, 0.0000000E+00, 0.8203772E+00, 0.2582673E+01, 0.1369260E+02,
 0.2806000E+01, 0.1399702E+02, 0.1028827E+02, 0.0000000E+00, 0.8204432E+00, 0.2583885E+01, 0.1369260E+02,
 0.2808000E+01, 0.1399702E+02, 0.1028700E+02, 0.0000000E+00, 0.8205025E+00, 0.2585099E+01, 0.1369260E+02,
 0.2810000E+01, 0.1399702E+02, 0.1028573E+02, 0.0000000E+00, 0.8205546E+00, 0.2586315E+01, 0.1369260E+02,
 0.2812000E+01, 0.1399702E+02, 0.1028447E+02, 0.0000000E+00, 0.8205993E+00, 0.2587533E+01, 0.1369260E+02,
 0.2814000E+01, 0.1399702E+02, 0.1028321E+02, 0.0000000E+00, 0.8206364E+00, 0.2588753E+01, 0.1369260E+02,
 0.2816000E+01, 0.1399702E+02, 0.1028196E+02, 0.0000000E+00, 0.8206658E+00, 0.2589974E+01, 0.1369260E+02,
 0.2818000E+01, 0.1399702E+02, 0.1028071E+02, 0.0000000E+00, 0.8206872E+00, 0.2591197E+01, 0.1369260E+02,
 0.2820000E+01, 0.1399702E+02, 0.1027948E+02, 0.0000000E+00, 0.8207008E+00, 0.2592423E+01, 0.1369260E+02,
 0.2822000E+01, 0.1399702E+02, 0.1027824E+02, 0.0000000E+00, 0.8207065E+00, 0.2593650E+01, 0.1369260E+02,
 0.2824000E+01, 0.1399702E+02, 0.1027701E+02, 0.0000000E+00, 0.8207043E+00, 0.2594879E+01, 0.1369260E+02,
 0.2826000E+01, 0.1399702E+02, 0.1027579E+02, 0.0000000E+00, 0.8206946E+00, 0.2596110E+01, 0.1369260E+02,
 0.2828000E+01, 0.1399702E+02, 0.1027458E+02, 0.0000000E+00, 0.8206773E+00, 0.2597343E+01, 0.1369260E+02,
 0.2830000E+01, 0.1399702E+02, 0.1027337E+02, 0.0000000E+00, 0.8206528E+00, 0.2598578E+01, 0.1369260E+02,
 0.2832000E+01, 0.1399702E+02, 0.1027216E+02, 0.0000000E+00, 0.8206213E+00, 0.2599815E+01, 0.1369260E+02,
 0.2834000E+01, 0.1399702E+02, 0.1027096E+02, 0.0000000E+00, 0.8205833E+00, 0.2601053E+01, 0.1369260E+02,
 0.2836000E+01, 0.1399702E+02, 0.1026977E+02, 0.0000000E+00, 0.8205390E+00, 0.2602294E+01, 0.1369260E+02,
 0.2838000E+01, 0.1399702E+02, 0.1026857E+02, 0.0000000E+00, 0.8204889E+00, 0.2603537E+01, 0.1369260E+02,
 0.2840000E+01, 0.1399702E+02, 0.1026738E+02, 0.0000000E+00, 0.8204333E+00, 0.2604781E+01, 0.1369260E+02,
 0.2842000E+01, 0.1399702E+02, 0.1026620E+02, 0.0000000E+00, 0.8203728E+00, 0.2606027E+01, 0.1369260E+02,
 0.2844000E+01, 0.1399702E+02, 0.1026502E+02, 0.0000000E+00, 0.8203078E+00, 0.2607275E+01, 0.1369260E+02,
 0.2846000E+01, 0.1399702E+02, 0.1026383E+02, 0.0000000E+00, 0.8202387E+00, 0.2608525E+01, 0.1369260E+02,
 0.2848000E+01, 0.1399702E+02, 0.1026266E+02, 0.0000000E+00, 0.8201661E+00, 0.2609776E+01, 0.1369260E+02,
 0.2850000E+01, 0.1399702E+02, 0.1026148E+02, 0.0000000E+00, 0.8200903E+00, 0.2611029E+01, 0.1369260E+02,
 0.2852000E+01, 0.1399702E+02, 0.1026030E+02, 0.0000000E+00, 0.8200119E+00, 0.2612284E+01, 0.1369260E+02,
 0.2854000E+01, 0.1399702E+02, 0.1025913E+02, 0.0000000E+00, 0.8199312E+00, 0.2613540E+01, 0.1369260E+02,
 0.2856000E+01, 0.1399702E+02, 0.1025795E+02, 0.0000000E+00, 0.8198487E+00, 0.2614798E+01, 0.1369260E+02,
 0.2858000E+01, 0.1399702E+02, 0.1025678E+02, 0.0000000E+00, 0.8197649E+00, 0.2616057E+01, 0.1369260E+02,
 0.2860000E+01, 0.1399702E+02, 0.1025560E+02, 0.0000000E+00, 0.8196801E+00, 0.2617318E+01, 0.1369260E+02,
 0.2862000E+01, 0.1399702E+02, 0.1025442E+02, 0.0000000E+00, 0.8195947E+00, 0.2618580E+01, 0.1369260E+02,
 0.2864000E+01, 0.1399702E+02, 0.1025325E+02, 0.0000000E+00, 0.8195091E+00, 0.2619844E+01, 0.1369260E+02,
 0.2866000E+01, 0.1399702E+02, 0.1025207E+02, 0.0000000E+00, 0.8194236E+00, 0.2621109E+01, 0.1369260E+02,
 0.2868000E+01, 0.1399702E+02, 0.1025089E+02, 0.0000000E+00, 0.8193386E+00, 0.2622375E+01, 0.1369260E+02,
 0.2870000E+01, 0.1399702E+02, 0.1024970E+02, 0.0000000E+00, 0.8192542E+00, 0.2623642E+01, 0.1369260E+02,
 0.2872000E+01, 0.1399702E+02, 0.1024852E+02, 0.0000000E+00, 0.8191709E+00, 0.2624910E+01, 0.1369260E+02,
 0.2874000E+01, 0.1399702E+02, 0.1024733E+02, 0.0000000E+00, 0.8190889E+00, 0.2626179E+01, 0.1369260E+02,
 0.2876000E+01, 0.1399702E+02, 0.1024614E+02, 0.0000000E+00, 0.8190084E+00, 0.2627450E+01, 0.1369260E+02,
 0.2878000E+01, 0.1399702E+02, 0.1024495E+02, 0.0000000E+00, 0.8189295E+00, 0.2628721E+01, 0.1369260E+02,
 0.2880000E+01, 0.1399702E+02, 0.1024375E+02, 0.0000000E+00, 0.8188526E+00, 0.2629994E+01, 0.1369260E+02,
 0.2882000E+01, 0.1399702E+02, 0.1024255E+02, 0.0000000E+00, 0.8187778E+00, 0.2631267E+01, 0.1369260E+02,
 0.2884000E+01, 0.1399702E+02, 0.1024135E+02, 0.0000000E+00, 0.8187052E+00, 0.2632541E+01, 0.1369260E+02,
 0.2886000E+01, 0.1399702E+02, 0.1024015E+02, 0.0000000E+00, 0.8186350E+00, 0.2633816E+01, 0.1369260E+02,
 0.2888000E+01, 0.1399702E+02, 0.1023894E+02, 0.0000000E+00, 0.8185673E+00, 0.2635092E+01, 0.1369260E+02,
 0.2890000E+01, 0.1399702E+02, 0.1023773E+02, 0.0000000E+00, 0.8185022E+00, 0.2636369E+01, 0.1369260E+02,
 0.2892000E+01, 0.1399702E+02, 0.1023651E+02, 0.0000000E+00, 0.8184398E+00, 0.2637647E+01, 0.1369260E+02,
 0.2894000E+01, 0.1399702E+02, 0.1023529E+02, 0.0000000E+00, 0.8183802E+00, 0.2638926E+01, 0.1369260E+02,
 0.2896000E+01, 0.1399702E+02, 0.1023407E+02, 0.0000000E+00, 0.8183234E+00, 0.2640205E+01, 0.1369260E+02,
 0.2898000E+01, 0.1399702E+02, 0.1023284E+02, 0.0000000E+00, 0.8182696E+00, 0.2641485E+01, 0.1369260E+02,
 0.2900000E+01, 0.1399702E+02, 0.1023161E+02, 0.0000000E+00, 0.8182185E+00, 0.2642766E+01, 0.1369260E+02,
 0.2902000E+01, 0.1399702E+02, 0.1023038E+02, 0.0000000E+00, 0.8181705E+00, 0.2644048E+01, 0.1369260E+02,
 0.2904000E+01, 0.1399702E+02, 0.1022914E+02, 0.0000000E+00, 0.8181254E+00, 0.2645330E+01, 0.1369260E+02,
 0.2906000E+01, 0.1399702E+02, 0.1022790E+02, 0.0000000E+00, 0.8180833E+00, 0.2646614E+01, 0.1369260E+02,
 0.2908000E+01, 0.1399702E+02, 0.1022666E+02, 0.0000000E+00, 0.8180442E+00, 0.2647898E+01, 0.1369260E+02,
 0.2910000E+01, 0.1399702E+02, 0.1022541E+02, 0.0000000E+00, 0.8180081E+00, 0.2649183E+01, 0.1369260E+02,
 0.2912000E+01, 0.1399702E+02, 0.1022416E+02, 0.0000000E+00, 0.8179749E+00, 0.2650468E+01, 0.1369260E+02,
 0.2914000E+01, 0.1399702E+02, 0.1022290E+02, 0.0000000E+00, 0.8179447E+00, 0.2651755E+01, 0.1369260E+02,
 0.2916000E+01, 0.1399702E+02, 0.1022164E+02, 0.0000000E+00, 0.8179174E+00, 0.2653042E+01, 0.1369260E+02,
 0.2918000E+01, 0.1399702E+02, 0.1022038E+02, 0.0000000E+00, 0.8178930E+00, 0.2654330E+01, 0.1369260E+02,
 0.2920000E+01, 0.1399702E+02, 0.1021911E+02, 0.0000000E+00, 0.8178715E+00, 0.2655618E+01, 0.1369260E+02,
 0.2922000E+01, 0.1399702E+02, 0.1021784E+02, 0.0000000E+00, 0.8178527E+00, 0.2656908E+01, 0.1369260E+02,
 0.2924000E+01, 0.1399702E+02, 0.1021656E+02, 0.0000000E+00, 0.8178368E+00, 0.2658199E+01, 0.1369260E+02,
 0.2926000E+01, 0.1399702E+02, 0.1021529E+02, 0.0000000E+00, 0.8178236E+00, 0.2659490E+01, 0.1369260E+02,
 0.2928000E+01, 0.1399702E+02, 0.1021400E+02, 0.0000000E+00, 0.8178132E+00, 0.2660782E+01, 0.1369260E+02,
 0.2930000E+01, 0.1399702E+02, 0.1021272E+02, 0.0000000E+00, 0.8178054E+00, 0.2662075E+01, 0.1369260E+02,
 0.2932000E+01, 0.1399702E+02, 0.1021143E+02, 0.0000000E+00, 0.8178002E+00, 0.2663369E+01, 0.1369260E+02,
 0.2934000E+01, 0.1399702E+02, 0.1021014E+02, 0.0000000E+00, 0.8177975E+00, 0.2664663E+01, 0.1369260E+02,
 0.2936000E+01, 0.1399702E+02, 0.1020884E+02, 0.0000000E+00, 0.8177975E+00, 0.2665959E+01, 0.1369260E+02,
 0.2938000E+01, 0.1399702E+02, 0.1020754E+02, 0.0000000E+00, 0.8177998E+00, 0.2667256E+01, 0.1369260E+02,
 0.2940000E+01, 0.1399702E+02, 0.1020624E+02, 0.0000000E+00, 0.8178046E+00, 0.2668553E+01, 0.1369260E+02,
 0.2942000E+01, 0.1399702E+02, 0.1020494E+02, 0.0000000E+00, 0.8178117E+00, 0.2669851E+01, 0.1369260E+02,
 0.2944000E+01, 0.1399702E+02, 0.1020363E+02, 0.0000000E+00, 0.8178212E+00, 0.2671151E+01, 0.1369260E+02,
 0.2946000E+01, 0.1399702E+02, 0.1020231E+02, 0.0000000E+00, 0.8178329E+00, 0.2672451E+01, 0.1369260E+02,
 0.2948000E+01, 0.1399702E+02, 0.1020100E+02, 0.0000000E+00, 0.8178469E+00, 0.2673752E+01, 0.1369260E+02,
 0.2950000E+01, 0.1399702E+02, 0.1019968E+02, 0.0000000E+00, 0.8178630E+00, 0.2675055E+01, 0.1369260E+02,
 0.2952000E+01, 0.1399702E+02, 0.1019836E+02, 0.0000000E+00, 0.8178812E+00, 0.2676358E+01, 0.1369260E+02,
 0.2954000E+01, 0.1399702E+02, 0.1019703E+02, 0.0000000E+00, 0.8179015E+00, 0.2677662E+01, 0.1369260E+02,
 0.2956000E+01, 0.1399702E+02, 0.1019571E+02, 0.0000000E+00, 0.8179238E+00, 0.2678967E+01, 0.1369260E+02,
 0.2958000E+01, 0.1399702E+02, 0.1019438E+02, 0.0000000E+00, 0.8179480E+00, 0.2680274E+01, 0.1369260E+02,
 0.2960000E+01, 0.1399702E+02, 0.1019304E+02, 0.0000000E+00, 0.8179743E+00, 0.2681581E+01, 0.1369260E+02,
 0.2962000E+01, 0.1399702E+02, 0.1019171E+02, 0.0000000E+00, 0.8180023E+00, 0.2682890E+01, 0.1369260E+02,
 0.2964000E+01, 0.1399702E+02, 0.1019037E+02, 0.0000000E+00, 0.8180323E+00, 0.2684200E+01, 0.1369260E+02,
 0.2966000E+01, 0.1399702E+02, 0.1018902E+02, 0.0000000E+00, 0.8180640E+00, 0.2685510E+01, 0.1369260E+02,
 0.2968000E+01, 0.1399702E+02, 0.1018768E+02, 0.0000000E+00, 0.8180974E+00, 0.2686822E+01, 0.1369260E+02,
 0.2970000E+01, 0.1399702E+02, 0.1018633E+02, 0.0000000E+00, 0.8181325E+00, 0.2688135E+01, 0.1369260E+02,
 0.2972000E+01, 0.1399702E+02, 0.1018498E+02, 0.0000000E+00, 0.8181693E+00, 0.2689450E+01, 0.1369260E+02,
 0.2974000E+01, 0.1399702E+02, 0.1018363E+02, 0.0000000E+00, 0.8182077E+00, 0.2690765E+01, 0.1369260E+02,
 0.2976000E+01, 0.1399702E+02, 0.1018227E+02, 0.0000000E+00, 0.8182477E+00, 0.2692082E+01, 0.1369260E+02,
 0.2978000E+01, 0.1399702E+02, 0.1018091E+02, 0.0000000E+00, 0.8182893E+00, 0.2693399E+01, 0.1369260E+02,
 0.2980000E+01, 0.1399702E+02, 0.1017955E+02, 0.0000000E+00, 0.8183323E+00, 0.2694718E+01, 0.1369260E+02,
 0.2982000E+01, 0.1399702E+02, 0.1017818E+02, 0.0000000E+00, 0.8183768E+00, 0.2696038E+01, 0.1369260E+02,
 0.2984000E+01, 0.1399702E+02, 0.1017682E+02, 0.0000000E+00, 0.8184227E+00, 0.2697360E+01, 0.1369260E+02,
 0.2986000E+01, 0.1399702E+02, 0.1017545E+02, 0.0000000E+00, 0.8184700E+00, 0.2698683E+01, 0.1369260E+02,
 0.2988000E+01, 0.1399702E+02, 0.1017407E+02, 0.0000000E+00, 0.8185187E+00, 0.2700006E+01, 0.1369260E+02,
 0.2990000E+01, 0.1399702E+02, 0.1017270E+02, 0.0000000E+00, 0.8185686E+00, 0.2701332E+01, 0.1369260E+02,
 0.2992000E+01, 0.1399702E+02, 0.1017132E+02, 0.0000000E+00, 0.8186200E+00, 0.2702658E+01, 0.1369260E+02,
 0.2994000E+01, 0.1399702E+02, 0.1016994E+02, 0.0000000E+00, 0.8186725E+00, 0.2703986E+01, 0.1369260E+02,
 0.2996000E+01, 0.1399702E+02, 0.1016856E+02, 0.0000000E+00, 0.8187262E+00, 0.2705315E+01, 0.1369260E+02,
 0.2998000E+01, 0.1399702E+02, 0.1016717E+02, 0.0000000E+00, 0.8187812E+00, 0.2706645E+01, 0.1369260E+02,
 0.3000000E+01, 0.1399702E+02, 0.1016578E+02, 0.0000000E+00, 0.8188373E+00, 0.2707977E+01, 0.1369260E+02,
 0.3002000E+01, 0.1399702E+02, 0.1016439E+02, 0.0000000E+00, 0.8188946E+00, 0.2709310E+01, 0.1369260E+02,
 0.3004000E+01, 0.1399702E+02, 0.1016300E+02, 0.0000000E+00, 0.8189530E+00, 0.2710645E+01, 0.1369260E+02,
 0.3006000E+01, 0.1399702E+02, 0.1016160E+02, 0.0000000E+00, 0.8190125E+00, 0.2711981E+01, 0.1369260E+02,
 0.3008000E+01, 0.1399702E+02, 0.1016021E+02, 0.0000000E+00, 0.8190731E+00, 0.2713318E+01, 0.1369260E+02,
 0.3010000E+01, 0.1399702E+02, 0.1015881E+02, 0.0000000E+00, 0.8191347E+00, 0.2714656E+01, 0.1369260E+02,
 0.3012000E+01, 0.1399702E+02, 0.1015740E+02, 0.0000000E+00, 0.8191972E+00, 0.2715996E+01, 0.1369260E+02,
 0.3014000E+01, 0.1399702E+02, 0.1015600E+02, 0.0000000E+00, 0.8192608E+00, 0.2717338E+01, 0.1369260E+02,
 0.3016000E+01, 0.1399702E+02, 0.1015459E+02, 0.0000000E+00, 0.8193253E+00, 0.2718680E+01, 0.1369260E+02,
 0.3018000E+01, 0.1399702E+02, 0.1015318E+02, 0.0000000E+00, 0.8193908E+00, 0.2720025E+01, 0.1369260E+02,
 0.3020000E+01, 0.1399702E+02, 0.1015177E+02, 0.0000000E+00, 0.8194572E+00, 0.2721370E+01, 0.1369260E+02,
 0.3022000E+01, 0.1399702E+02, 0.1015036E+02, 0.0000000E+00, 0.8195246E+00, 0.2722717E+01, 0.1369260E+02,
 0.3024000E+01, 0.1399702E+02, 0.1014894E+02, 0.0000000E+00, 0.8195927E+00, 0.2724066E+01, 0.1369260E+02,
 0.3026000E+01, 0.1399702E+02, 0.1014752E+02, 0.0000000E+00, 0.8196618E+00, 0.2725416E+01, 0.1369260E+02,
 0.3028000E+01, 0.1399702E+02, 0.1014610E+02, 0.0000000E+00, 0.8197317E+00, 0.2726767E+01, 0.1369260E+02,
 0.3030000E+01, 0.1399702E+02, 0.1014468E+02, 0.0000000E+00, 0.8198023E+00, 0.2728120E+01, 0.1369260E+02,
 0.3032000E+01, 0.1399702E+02, 0.1014325E+02, 0.0000000E+00, 0.8198739E+00, 0.2729475E+01, 0.1369260E+02,
 0.3034000E+01, 0.1399702E+02, 0.1014182E+02, 0.0000000E+00, 0.8199462E+00, 0.2730830E+01, 0.1369260E+02,
 0.3036000E+01, 0.1399702E+02, 0.1014039E+02, 0.0000000E+00, 0.8200192E+00, 0.2732188E+01, 0.1369260E+02,
 0.3038000E+01, 0.1399702E+02, 0.1013896E+02, 0.0000000E+00, 0.8200930E+00, 0.2733547E+01, 0.1369260E+02,
 0.3040000E+01, 0.1399702E+02, 0.1013752E+02, 0.0000000E+00, 0.8201675E+00, 0.2734907E+01, 0.1369260E+02,
 0.3042000E+01, 0.1399702E+02, 0.1013609E+02, 0.0000000E+00, 0.8202428E+00, 0.2736269E+01, 0.1369260E+02,
 0.3044000E+01, 0.1399702E+02, 0.1013465E+02, 0.0000000E+00, 0.8203186E+00, 0.2737633E+01, 0.1369260E+02,
 0.3046000E+01, 0.1399702E+02, 0.1013321E+02, 0.0000000E+00, 0.8203953E+00, 0.2738998E+01, 0.1369260E+02,
 0.3048000E+01, 0.1399702E+02, 0.1013176E+02, 0.0000000E+00, 0.8204725E+00, 0.2740364E+01, 0.1369260E+02,
 0.3050000E+01, 0.1399702E+02, 0.1013032E+02, 0.0000000E+00, 0.8205504E+00, 0.2741733E+01, 0.1369260E+02,
 0.3052000E+01, 0.1399702E+02, 0.1012887E+02, 0.0000000E+00, 0.8206290E+00, 0.2743102E+01, 0.1369260E+02,
 0.3054000E+01, 0.1399702E+02, 0.1012742E+02, 0.0000000E+00, 0.8207082E+00, 0.2744474E+01, 0.1369260E+02,
 0.3056000E+01, 0.1399702E+02, 0.1012596E+02, 0.0000000E+00, 0.8207879E+00, 0.2745847E+01, 0.1369260E+02,
 0.3058000E+01, 0.1399702E+02, 0.1012451E+02, 0.0000000E+00, 0.8208683E+00, 0.2747221E+01, 0.1369260E+02,
 0.3060000E+01, 0.1399702E+02, 0.1012305E+02, 0.0000000E+00, 0.8209491E+00, 0.2748597E+01, 0.1369260E+02,
 0.3062000E+01, 0.1399702E+02, 0.1012159E+02, 0.0000000E+00, 0.8210306E+00, 0.2749975E+01, 0.1369260E+02,
 0.3064000E+01, 0.1399702E+02, 0.1012013E+02, 0.0000000E+00, 0.8211126E+00, 0.2751354E+01, 0.1369260E+02,
 0.3066000E+01, 0.1399702E+02, 0.1011867E+02, 0.0000000E+00, 0.8211951E+00, 0.2752735E+01, 0.1369260E+02,
 0.3068000E+01, 0.1399702E+02, 0.1011720E+02, 0.0000000E+00, 0.8212781E+00, 0.2754118E+01, 0.1369260E+02,
 0.3070000E+01, 0.1399702E+02, 0.1011573E+02, 0.0000000E+00, 0.8213616E+00, 0.2755503E+01, 0.1369260E+02,
 0.3072000E+01, 0.1399702E+02, 0.1011426E+02, 0.0000000E+00, 0.8214455E+00, 0.2756889E+01, 0.1369260E+02,
 0.3074000E+01, 0.1399702E+02, 0.1011279E+02, 0.0000000E+00, 0.8215299E+00, 0.2758277E+01, 0.1369260E+02,
 0.3076000E+01, 0.1399702E+02, 0.1011132E+02, 0.0000000E+00, 0.8216146E+00, 0.2759668E+01, 0.1369260E+02,
 0.3078000E+01, 0.1399702E+02, 0.1010984E+02, 0.0000000E+00, 0.8216997E+00, 0.2761060E+01, 0.1369260E+02,
 0.3080000E+01, 0.1399702E+02, 0.1010836E+02, 0.0000000E+00, 0.8217850E+00, 0.2762454E+01, 0.1369260E+02,
 0.3082000E+01, 0.1399702E+02, 0.1010688E+02, 0.0000000E+00, 0.8218706E+00, 0.2763850E+01, 0.1369260E+02,
 0.3084000E+01, 0.1399702E+02, 0.1010539E+02, 0.0000000E+00, 0.8219562E+00, 0.2765249E+01, 0.1369260E+02,
 0.3086000E+01, 0.1399702E+02, 0.1010391E+02, 0.0000000E+00, 0.8220419E+00, 0.2766650E+01, 0.1369260E+02,
 0.3088000E+01, 0.1399702E+02, 0.1010242E+02, 0.0000000E+00, 0.8221275E+00, 0.2768053E+01, 0.1369260E+02,
 0.3090000E+01, 0.1399702E+02, 0.1010093E+02, 0.0000000E+00, 0.8222130E+00, 0.2769458E+01, 0.1369260E+02,
 0.3092000E+01, 0.1399702E+02, 0.1009943E+02, 0.0000000E+00, 0.8222982E+00, 0.2770865E+01, 0.1369260E+02,
 0.3094000E+01, 0.1399702E+02, 0.1009794E+02, 0.0000000E+00, 0.8223830E+00, 0.2772275E+01, 0.1369260E+02,
 0.3096000E+01, 0.1399702E+02, 0.1009644E+02, 0.0000000E+00, 0.8224674E+00, 0.2773687E+01, 0.1369260E+02,
 0.3098000E+01, 0.1399702E+02, 0.1009495E+02, 0.0000000E+00, 0.8225511E+00, 0.2775101E+01, 0.1369260E+02,
 0.3100000E+01, 0.1399702E+02, 0.1009345E+02, 0.0000000E+00, 0.8226341E+00, 0.2776517E+01, 0.1369260E+02,
 0.3102000E+01, 0.1399702E+02, 0.1009195E+02, 0.0000000E+00, 0.8227162E+00, 0.2777936E+01, 0.1369260E+02,
 0.3104000E+01, 0.1399702E+02, 0.1009044E+02, 0.0000000E+00, 0.8227974E+00, 0.2779357E+01, 0.1369260E+02,
 0.3106000E+01, 0.1399702E+02, 0.1008894E+02, 0.0000000E+00, 0.8228773E+00, 0.2780781E+01, 0.1369260E+02,
 0.3108000E+01, 0.1399702E+02, 0.1008744E+02, 0.0000000E+00, 0.8229561E+00, 0.2782206E+01, 0.1369260E+02,
 0.3110000E+01, 0.1399702E+02, 0.1008593E+02, 0.0000000E+00, 0.8230336E+00, 0.2783634E+01, 0.1369260E+02,
 0.3112000E+01, 0.1399702E+02, 0.1008442E+02, 0.0000000E+00, 0.8231095E+00, 0.2785064E+01, 0.1369260E+02,
 0.3114000E+01, 0.1399702E+02, 0.1008292E+02, 0.0000000E+00, 0.8231838E+00, 0.2786496E+01, 0.1369260E+02,
 0.3116000E+01, 0.1399702E+02, 0.1008141E+02, 0.0000000E+00, 0.8232565E+00, 0.2787930E+01, 0.1369260E+02,
 0.3118000E+01, 0.1399702E+02, 0.1007990E+02, 0.0000000E+00, 0.8233273E+00, 0.2789366E+01, 0.1369260E+02,
 0.3120000E+01, 0.1399702E+02, 0.1007840E+02, 0.0000000E+00, 0.8233963E+00, 0.2790805E+01, 0.1369260E+02,
 0.3122000E+01, 0.1399702E+02, 0.1007689E+02, 0.0000000E+00, 0.8234633E+00, 0.2792245E+01, 0.1369260E+02,
 0.3124000E+01, 0.1399702E+02, 0.1007538E+02, 0.0000000E+00, 0.8235282E+00, 0.2793687E+01, 0.1369260E+02,
 0.3126000E+01, 0.1399702E+02, 0.1007388E+02, 0.0000000E+00, 0.8235911E+00, 0.2795131E+01, 0.1369260E+02,
 0.3128000E+01, 0.1399702E+02, 0.1007237E+02, 0.0000000E+00, 0.8236519E+00, 0.2796577E+01, 0.1369260E+02,
 0.3130000E+01, 0.1399702E+02, 0.1007086E+02, 0.0000000E+00, 0.8237104E+00, 0.2798024E+01, 0.1369260E+02,
 0.3132000E+01, 0.1399702E+02, 0.1006936E+02, 0.0000000E+00, 0.8237668E+00, 0.2799474E+01, 0.1369260E+02,
 0.3134000E+01, 0.1399702E+02, 0.1006785E+02, 0.0000000E+00, 0.8238209E+00, 0.2800925E+01, 0.1369260E+02,
 0.3136000E+01, 0.1399702E+02, 0.1006635E+02, 0.0000000E+00, 0.8238729E+00, 0.2802377E+01, 0.1369260E+02,
 0.3138000E+01, 0.1399702E+02, 0.1006484E+02, 0.0000000E+00, 0.8239227E+00, 0.2803831E+01, 0.1369260E+02,
 0.3140000E+01, 0.1399702E+02, 0.1006334E+02, 0.0000000E+00, 0.8239703E+00, 0.2805287E+01, 0.1369260E+02,
 0.3142000E+01, 0.1399702E+02, 0.1006184E+02, 0.0000000E+00, 0.8240158E+00, 0.2806745E+01, 0.1369260E+02,
 0.3144000E+01, 0.1399702E+02, 0.1006034E+02, 0.0000000E+00, 0.8240592E+00, 0.2808203E+01, 0.1369260E+02,
 0.3146000E+01, 0.1399702E+02, 0.1005883E+02, 0.0000000E+00, 0.8241006E+00, 0.2809664E+01, 0.1369260E+02,
 0.3148000E+01, 0.1399702E+02, 0.1005733E+02, 0.0000000E+00, 0.8241401E+00, 0.2811126E+01, 0.1369260E+02,
 0.3150000E+01, 0.1399702E+02, 0.1005583E+02, 0.0000000E+00, 0.8241776E+00, 0.2812589E+01, 0.1369260E+02,
 0.3152000E+01, 0.1399702E+02, 0.1005433E+02, 0.0000000E+00, 0.8242133E+00, 0.2814054E+01, 0.1369260E+02,
 0.3154000E+01, 0.1399702E+02, 0.1005283E+02, 0.0000000E+00, 0.8242473E+00, 0.2815520E+01, 0.1369260E+02,
 0.3156000E+01, 0.1399702E+02, 0.1005133E+02, 0.0000000E+00, 0.8242796E+00, 0.2816988E+01, 0.1369260E+02,
 0.3158000E+01, 0.1399702E+02, 0.1004983E+02, 0.0000000E+00, 0.8243104E+00, 0.2818457E+01, 0.1369260E+02,
 0.3160000E+01, 0.1399702E+02, 0.1004833E+02, 0.0000000E+00, 0.8243397E+00, 0.2819928E+01, 0.1369260E+02,
 0.3162000E+01, 0.1399702E+02, 0.1004683E+02, 0.0000000E+00, 0.8243678E+00, 0.2821399E+01, 0.1369260E+02,
 0.3164000E+01, 0.1399702E+02, 0.1004533E+02, 0.0000000E+00, 0.8243945E+00, 0.2822873E+01, 0.1369260E+02,
 0.3166000E+01, 0.1399702E+02, 0.1004383E+02, 0.0000000E+00, 0.8244201E+00, 0.2824347E+01, 0.1369260E+02,
 0.3168000E+01, 0.1399702E+02, 0.1004233E+02, 0.0000000E+00, 0.8244447E+00, 0.2825824E+01, 0.1369260E+02,
 0.3170000E+01, 0.1399702E+02, 0.1004083E+02, 0.0000000E+00, 0.8244683E+00, 0.2827301E+01, 0.1369260E+02,
 0.3172000E+01, 0.1399702E+02, 0.1003933E+02, 0.0000000E+00, 0.8244911E+00, 0.2828780E+01, 0.1369260E+02,
 0.3174000E+01, 0.1399702E+02, 0.1003783E+02, 0.0000000E+00, 0.8245131E+00, 0.2830260E+01, 0.1369260E+02,
 0.3176000E+01, 0.1399702E+02, 0.1003632E+02, 0.0000000E+00, 0.8245345E+00, 0.2831742E+01, 0.1369260E+02,
 0.3178000E+01, 0.1399702E+02, 0.1003482E+02, 0.0000000E+00, 0.8245555E+00, 0.2833225E+01, 0.1369260E+02,
 0.3180000E+01, 0.1399702E+02, 0.1003331E+02, 0.0000000E+00, 0.8245759E+00, 0.2834709E+01, 0.1369260E+02,
 0.3182000E+01, 0.1399702E+02, 0.1003181E+02, 0.0000000E+00, 0.8245960E+00, 0.2836194E+01, 0.1369260E+02,
 0.3184000E+01, 0.1399702E+02, 0.1003030E+02, 0.0000000E+00, 0.8246159E+00, 0.2837681E+01, 0.1369260E+02,
 0.3186000E+01, 0.1399702E+02, 0.1002879E+02, 0.0000000E+00, 0.8246356E+00, 0.2839170E+01, 0.1369260E+02,
 0.3188000E+01, 0.1399702E+02, 0.1002728E+02, 0.0000000E+00, 0.8246552E+00, 0.2840659E+01, 0.1369260E+02,
 0.3190000E+01, 0.1399702E+02, 0.1002577E+02, 0.0000000E+00, 0.8246748E+00, 0.2842150E+01, 0.1369260E+02,
 0.3192000E+01, 0.1399702E+02, 0.1002426E+02, 0.0000000E+00, 0.8246945E+00, 0.2843642E+01, 0.1369260E+02,
 0.3194000E+01, 0.1399702E+02, 0.1002275E+02, 0.0000000E+00, 0.8247144E+00, 0.2845136E+01, 0.1369260E+02,
 0.3196000E+01, 0.1399702E+02, 0.1002123E+02, 0.0000000E+00, 0.8247344E+00, 0.2846631E+01, 0.1369260E+02,
 0.3198000E+01, 0.1399702E+02, 0.1001972E+02, 0.0000000E+00, 0.8247548E+00, 0.2848127E+01, 0.1369260E+02,
 0.3200000E+01, 0.1399702E+02, 0.1001820E+02, 0.0000000E+00, 0.8247755E+00, 0.2849625E+01, 0.1369260E+02,
 0.3202000E+01, 0.1399702E+02, 0.1001668E+02, 0.0000000E+00, 0.8247966E+00, 0.2851124E+01, 0.1369260E+02,
 0.3204000E+01, 0.1399702E+02, 0.1001516E+02, 0.0000000E+00, 0.8248181E+00, 0.2852625E+01, 0.1369260E+02,
 0.3206000E+01, 0.1399702E+02, 0.1001363E+02, 0.0000000E+00, 0.8248402E+00, 0.2854126E+01, 0.1369260E+02,
 0.3208000E+01, 0.1399702E+02, 0.1001211E+02, 0.0000000E+00, 0.8248628E+00, 0.2855629E+01, 0.1369260E+02,
 0.3210000E+01, 0.1399702E+02, 0.1001058E+02, 0.0000000E+00, 0.8248861E+00, 0.2857134E+01, 0.1369260E+02,
 0.3212000E+01, 0.1399702E+02, 0.1000905E+02, 0.0000000E+00, 0.8249099E+00, 0.2858640E+01, 0.1369260E+02,
 0.3214000E+01, 0.1399702E+02, 0.1000752E+02, 0.0000000E+00, 0.8249345E+00, 0.2860147E+01, 0.1369260E+02,
 0.3216000E+01, 0.1399702E+02, 0.1000598E+02, 0.0000000E+00, 0.8249597E+00, 0.2861655E+01, 0.1369260E+02,
 0.3218000E+01, 0.1399702E+02, 0.1000445E+02, 0.0000000E+00, 0.8249857E+00, 0.2863165E+01, 0.1369260E+02,
 0.3220000E+01, 0.1399702E+02, 0.1000291E+02, 0.0000000E+00, 0.8250124E+00, 0.2864677E+01, 0.1369260E+02,
 0.3222000E+01, 0.1399702E+02, 0.1000137E+02, 0.0000000E+00, 0.8250400E+00, 0.2866189E+01, 0.1369260E+02,
 0.3224000E+01, 0.1399702E+02, 0.9999826E+01, 0.0000000E+00, 0.8250684E+00, 0.2867704E+01, 0.1369260E+02,
 0.3226000E+01, 0.1399702E+02, 0.9998281E+01, 0.0000000E+00, 0.8250975E+00, 0.2869219E+01, 0.1369260E+02,
 0.3228000E+01, 0.1399702E+02, 0.9996735E+01, 0.0000000E+00, 0.8251275E+00, 0.2870736E+01, 0.1369260E+02,
 0.3230000E+01, 0.1399702E+02, 0.9995186E+01, 0.0000000E+00, 0.8251585E+00, 0.2872254E+01, 0.1369260E+02,
 0.3232000E+01, 0.1399702E+02, 0.9993634E+01, 0.0000000E+00, 0.8251902E+00, 0.2873774E+01, 0.1369260E+02,
 0.3234000E+01, 0.1399702E+02, 0.9992081E+01, 0.0000000E+00, 0.8252229E+00, 0.2875295E+01, 0.1369260E+02,
 0.3236000E+01, 0.1399702E+02, 0.9990524E+01, 0.0000000E+00, 0.8252564E+00, 0.2876818E+01, 0.1369260E+02,
 0.3238000E+01, 0.1399702E+02, 0.9988966E+01, 0.0000000E+00, 0.8252909E+00, 0.2878342E+01, 0.1369260E+02,
 0.3240000E+01, 0.1399702E+02, 0.9987405E+01, 0.0000000E+00, 0.8253263E+00, 0.2879867E+01, 0.1369260E+02,
 0.3242000E+01, 0.1399702E+02, 0.9985842E+01, 0.0000000E+00, 0.8253626E+00, 0.2881394E+01, 0.1369260E+02,
 0.3244000E+01, 0.1399702E+02, 0.9984276E+01, 0.0000000E+00, 0.8253998E+00, 0.2882923E+01, 0.1369260E+02,
 0.3246000E+01, 0.1399702E+02, 0.9982708E+01, 0.0000000E+00, 0.8254378E+00, 0.2884452E+01, 0.1369260E+02,
 0.3248000E+01, 0.1399702E+02, 0.9981137E+01, 0.0000000E+00, 0.8254769E+00, 0.2885984E+01, 0.1369260E+02,
 0.3250000E+01, 0.1399702E+02, 0.9979565E+01, 0.0000000E+00, 0.8255169E+00, 0.2887516E+01, 0.1369260E+02,
 0.3252000E+01, 0.1399702E+02, 0.9977990E+01, 0.0000000E+00, 0.8255577E+00, 0.2889051E+01, 0.1369260E+02,
 0.3254000E+01, 0.1399702E+02, 0.9976412E+01, 0.0000000E+00, 0.8255995E+00, 0.2890587E+01, 0.1369260E+02,
 0.3256000E+01, 0.1399702E+02, 0.9974833E+01, 0.0000000E+00, 0.8256422E+00, 0.2892124E+01, 0.1369260E+02,
 0.3258000E+01, 0.1399702E+02, 0.9973249E+01, 0.0000000E+00, 0.8256858E+00, 0.2893663E+01, 0.1369260E+02,
 0.3260000E+01, 0.1399702E+02, 0.9971665E+01, 0.0000000E+00, 0.8257303E+00, 0.2895203E+01, 0.1369260E+02,
 0.3262000E+01, 0.1399702E+02, 0.9970078E+01, 0.0000000E+00, 0.8257756E+00, 0.2896745E+01, 0.1369260E+02,
 0.3264000E+01, 0.1399702E+02, 0.9968488E+01, 0.0000000E+00, 0.8258219E+00, 0.2898288E+01, 0.1369260E+02,
 0.3266000E+01, 0.1399702E+02, 0.9966896E+01, 0.0000000E+00, 0.8258691E+00, 0.2899833E+01, 0.1369260E+02,
 0.3268000E+01, 0.1399702E+02, 0.9965302E+01, 0.0000000E+00, 0.8259171E+00, 0.2901380E+01, 0.1369260E+02,
 0.3270000E+01, 0.1399702E+02, 0.9963704E+01, 0.0000000E+00, 0.8259659E+00, 0.2902928E+01, 0.1369260E+02,
 0.3272000E+01, 0.1399702E+02, 0.9962105E+01, 0.0000000E+00, 0.8260157E+00, 0.2904478E+01, 0.1369260E+02,
 0.3274000E+01, 0.1399702E+02, 0.9960503E+01, 0.0000000E+00, 0.8260663E+00, 0.2906029E+01, 0.1369260E+02,
 0.3276000E+01, 0.1399702E+02, 0.9958899E+01, 0.0000000E+00, 0.8261176E+00, 0.2907582E+01, 0.1369260E+02,
 0.3278000E+01, 0.1399702E+02, 0.9957292E+01, 0.0000000E+00, 0.8261699E+00, 0.2909136E+01, 0.1369260E+02,
 0.3280000E+01, 0.1399702E+02, 0.9955683E+01, 0.0000000E+00, 0.8262230E+00, 0.2910692E+01, 0.1369260E+02,
 0.3282000E+01, 0.1399702E+02, 0.9954071E+01, 0.0000000E+00, 0.8262768E+00, 0.2912250E+01, 0.1369260E+02,
 0.3284000E+01, 0.1399702E+02, 0.9952457E+01, 0.0000000E+00, 0.8263314E+00, 0.2913810E+01, 0.1369260E+02,
 0.3286000E+01, 0.1399702E+02, 0.9950841E+01, 0.0000000E+00, 0.8263869E+00, 0.2915370E+01, 0.1369260E+02,
 0.3288000E+01, 0.1399702E+02, 0.9949223E+01, 0.0000000E+00, 0.8264431E+00, 0.2916933E+01, 0.1369260E+02,
 0.3290000E+01, 0.1399702E+02, 0.9947600E+01, 0.0000000E+00, 0.8265001E+00, 0.2918497E+01, 0.1369260E+02,
 0.3292000E+01, 0.1399702E+02, 0.9945977E+01, 0.0000000E+00, 0.8265579E+00, 0.2920063E+01, 0.1369260E+02,
 0.3294000E+01, 0.1399702E+02, 0.9944351E+01, 0.0000000E+00, 0.8266163E+00, 0.2921631E+01, 0.1369260E+02,
 0.3296000E+01, 0.1399702E+02, 0.9942722E+01, 0.0000000E+00, 0.8266756E+00, 0.2923200E+01, 0.1369260E+02,
 0.3298000E+01, 0.1399702E+02, 0.9941092E+01, 0.0000000E+00, 0.8267355E+00, 0.2924771E+01, 0.1369260E+02,
 0.3300000E+01, 0.1399702E+02, 0.9939458E+01, 0.0000000E+00, 0.8267962E+00, 0.2926344E+01, 0.1369260E+02,
 0.3302000E+01, 0.1399702E+02, 0.9937822E+01, 0.0000000E+00, 0.8268576E+00, 0.2927918E+01, 0.1369260E+02,
 0.3304000E+01, 0.1399702E+02, 0.9936184E+01, 0.0000000E+00, 0.8269196E+00, 0.2929495E+01, 0.1369260E+02,
 0.3306000E+01, 0.1399702E+02, 0.9934544E+01, 0.0000000E+00, 0.8269823E+00, 0.2931072E+01, 0.1369260E+02,
 0.3308000E+01, 0.1399702E+02, 0.9932900E+01, 0.0000000E+00, 0.8270457E+00, 0.2932652E+01, 0.1369260E+02,
 0.3310000E+01, 0.1399702E+02, 0.9931255E+01, 0.0000000E+00, 0.8271098E+00, 0.2934233E+01, 0.1369260E+02,
 0.3312000E+01, 0.1399702E+02, 0.9929607E+01, 0.0000000E+00, 0.8271745E+00, 0.2935816E+01, 0.1369260E+02,
 0.3314000E+01, 0.1399702E+02, 0.9927958E+01, 0.0000000E+00, 0.8272399E+00, 0.2937401E+01, 0.1369260E+02,
 0.3316000E+01, 0.1399702E+02, 0.9926305E+01, 0.0000000E+00, 0.8273060E+00, 0.2938988E+01, 0.1369260E+02,
 0.3318000E+01, 0.1399702E+02, 0.9924649E+01, 0.0000000E+00, 0.8273726E+00, 0.2940576E+01, 0.1369260E+02,
 0.3320000E+01, 0.1399702E+02, 0.9922993E+01, 0.0000000E+00, 0.8274398E+00, 0.2942166E+01, 0.1369260E+02,
 0.3322000E+01, 0.1399702E+02, 0.9921332E+01, 0.0000000E+00, 0.8275077E+00, 0.2943758E+01, 0.1369260E+02,
 0.3324000E+01, 0.1399702E+02, 0.9919670E+01, 0.0000000E+00, 0.8275761E+00, 0.2945352E+01, 0.1369260E+02,
 0.3326000E+01, 0.1399702E+02, 0.9918006E+01, 0.0000000E+00, 0.8276451E+00, 0.2946948E+01, 0.1369260E+02,
 0.3328000E+01, 0.1399702E+02, 0.9916339E+01, 0.0000000E+00, 0.8277147E+00, 0.2948545E+01, 0.1369260E+02,
 0.3330000E+01, 0.1399702E+02, 0.9914669E+01, 0.0000000E+00, 0.8277849E+00, 0.2950144E+01, 0.1369260E+02,
 0.3332000E+01, 0.1399702E+02, 0.9912997E+01, 0.0000000E+00, 0.8278556E+00, 0.2951745E+01, 0.1369260E+02,
 0.3334000E+01, 0.1399702E+02, 0.9911324E+01, 0.0000000E+00, 0.8279269E+00, 0.2953348E+01, 0.1369260E+02,
 0.3336000E+01, 0.1399702E+02, 0.9909647E+01, 0.0000000E+00, 0.8279986E+00, 0.2954953E+01, 0.1369260E+02,
 0.3338000E+01, 0.1399702E+02, 0.9907969E+01, 0.0000000E+00, 0.8280710E+00, 0.2956559E+01, 0.1369260E+02,
 0.3340000E+01, 0.1399702E+02, 0.9906287E+01, 0.0000000E+00, 0.8281438E+00, 0.2958168E+01, 0.1369260E+02,
 0.3342000E+01, 0.1399702E+02, 0.9904603E+01, 0.0000000E+00, 0.8282172E+00, 0.2959778E+01, 0.1369260E+02,
 0.3344000E+01, 0.1399702E+02, 0.9902917E+01, 0.0000000E+00, 0.8282911E+00, 0.2961390E+01, 0.1369260E+02,
 0.3346000E+01, 0.1399702E+02, 0.9901229E+01, 0.0000000E+00, 0.8283654E+00, 0.2963004E+01, 0.1369260E+02,
 0.3348000E+01, 0.1399702E+02, 0.9899538E+01, 0.0000000E+00, 0.8284402E+00, 0.2964620E+01, 0.1369260E+02,
 0.3350000E+01, 0.1399702E+02, 0.9897844E+01, 0.0000000E+00, 0.8285155E+00, 0.2966238E+01, 0.1369260E+02,
 0.3352000E+01, 0.1399702E+02, 0.9896149E+01, 0.0000000E+00, 0.8285913E+00, 0.2967858E+01, 0.1369260E+02,
 0.3354000E+01, 0.1399702E+02, 0.9894451E+01, 0.0000000E+00, 0.8286676E+00, 0.2969480E+01, 0.1369260E+02,
 0.3356000E+01, 0.1399702E+02, 0.9892751E+01, 0.0000000E+00, 0.8287442E+00, 0.2971103E+01, 0.1369260E+02,
 0.3358000E+01, 0.1399702E+02, 0.9891048E+01, 0.0000000E+00, 0.8288214E+00, 0.2972729E+01, 0.1369260E+02,
 0.3360000E+01, 0.1399702E+02, 0.9889343E+01, 0.0000000E+00, 0.8288990E+00, 0.2974356E+01, 0.1369260E+02,
 0.3362000E+01, 0.1399702E+02, 0.9887635E+01, 0.0000000E+00, 0.8289769E+00, 0.2975986E+01, 0.1369260E+02,
 0.3364000E+01, 0.1399702E+02, 0.9885925E+01, 0.0000000E+00, 0.8290554E+00, 0.2977618E+01, 0.1369260E+02,
 0.3366000E+01, 0.1399702E+02, 0.9884213E+01, 0.0000000E+00, 0.8291342E+00, 0.2979251E+01, 0.1369260E+02,
 0.3368000E+01, 0.1399702E+02, 0.9882499E+01, 0.0000000E+00, 0.8292134E+00, 0.2980886E+01, 0.1369260E+02,
 0.3370000E+01, 0.1399702E+02, 0.9880781E+01, 0.0000000E+00, 0.8292930E+00, 0.2982524E+01, 0.1369260E+02,
 0.3372000E+01, 0.1399702E+02, 0.9879061E+01, 0.0000000E+00, 0.8293729E+00, 0.2984164E+01, 0.1369260E+02,
 0.3374000E+01, 0.1399702E+02, 0.9877338E+01, 0.0000000E+00, 0.8294532E+00, 0.2985807E+01, 0.1369260E+02,
 0.3376000E+01, 0.1399702E+02, 0.9875613E+01, 0.0000000E+00, 0.8295339E+00, 0.2987451E+01, 0.1369260E+02,
 0.3378000E+01, 0.1399702E+02, 0.9873885E+01, 0.0000000E+00, 0.8296149E+00, 0.2989098E+01, 0.1369260E+02,
 0.3380000E+01, 0.1399702E+02, 0.9872155E+01, 0.0000000E+00, 0.8296962E+00, 0.2990747E+01, 0.1369260E+02,
 0.3382000E+01, 0.1399702E+02, 0.9870421E+01, 0.0000000E+00, 0.8297778E+00, 0.2992399E+01, 0.1369260E+02,
 0.3384000E+01, 0.1399702E+02, 0.9868686E+01, 0.0000000E+00, 0.8298597E+00, 0.2994053E+01, 0.1369260E+02,
 0.3386000E+01, 0.1399702E+02, 0.9866947E+01, 0.0000000E+00, 0.8299417E+00, 0.2995709E+01, 0.1369260E+02,
 0.3388000E+01, 0.1399702E+02, 0.9865207E+01, 0.0000000E+00, 0.8300240E+00, 0.2997368E+01, 0.1369260E+02,
 0.3390000E+01, 0.1399702E+02, 0.9863463E+01, 0.0000000E+00, 0.8301064E+00, 0.2999029E+01, 0.1369260E+02,
 0.3392000E+01, 0.1399702E+02, 0.9861717E+01, 0.0000000E+00, 0.8301889E+00, 0.3000693E+01, 0.1369260E+02,
 0.3394000E+01, 0.1399702E+02, 0.9859968E+01, 0.0000000E+00, 0.8302715E+00, 0.3002359E+01, 0.1369260E+02,
 0.3396000E+01, 0.1399702E+02, 0.9858217E+01, 0.0000000E+00, 0.8303542E+00, 0.3004027E+01, 0.1369260E+02,
 0.3398000E+01, 0.1399702E+02, 0.9856463E+01, 0.0000000E+00, 0.8304368E+00, 0.3005698E+01, 0.1369260E+02,
 0.3400000E+01, 0.1399702E+02, 0.9854708E+01, 0.0000000E+00, 0.8305193E+00, 0.3007371E+01, 0.1369260E+02,
 0.3402000E+01, 0.1399702E+02, 0.9852950E+01, 0.0000000E+00, 0.8306017E+00, 0.3009047E+01, 0.1369260E+02,
 0.3404000E+01, 0.1399702E+02, 0.9851190E+01, 0.0000000E+00, 0.8306839E+00, 0.3010725E+01, 0.1369260E+02,
 0.3406000E+01, 0.1399702E+02, 0.9849427E+01, 0.0000000E+00, 0.8307658E+00, 0.3012405E+01, 0.1369260E+02,
 0.3408000E+01, 0.1399702E+02, 0.9847663E+01, 0.0000000E+00, 0.8308476E+00, 0.3014088E+01, 0.1369260E+02,
 0.3410000E+01, 0.1399702E+02, 0.9845897E+01, 0.0000000E+00, 0.8309289E+00, 0.3015773E+01, 0.1369260E+02,
 0.3412000E+01, 0.1399702E+02, 0.9844129E+01, 0.0000000E+00, 0.8310099E+00, 0.3017460E+01, 0.1369260E+02,
 0.3414000E+01, 0.1399702E+02, 0.9842359E+01, 0.0000000E+00, 0.8310905E+00, 0.3019149E+01, 0.1369260E+02,
 0.3416000E+01, 0.1399702E+02, 0.9840587E+01, 0.0000000E+00, 0.8311704E+00, 0.3020841E+01, 0.1369260E+02,
 0.3418000E+01, 0.1399702E+02, 0.9838814E+01, 0.0000000E+00, 0.8312500E+00, 0.3022535E+01, 0.1369260E+02,
 0.3420000E+01, 0.1399702E+02, 0.9837039E+01, 0.0000000E+00, 0.8313289E+00, 0.3024230E+01, 0.1369260E+02,
 0.3422000E+01, 0.1399702E+02, 0.9835263E+01, 0.0000000E+00, 0.8314072E+00, 0.3025928E+01, 0.1369260E+02,
 0.3424000E+01, 0.1399702E+02, 0.9833486E+01, 0.0000000E+00, 0.8314848E+00, 0.3027628E+01, 0.1369260E+02,
 0.3426000E+01, 0.1399702E+02, 0.9831707E+01, 0.0000000E+00, 0.8315617E+00, 0.3029330E+01, 0.1369260E+02,
 0.3428000E+01, 0.1399702E+02, 0.9829926E+01, 0.0000000E+00, 0.8316380E+00, 0.3031034E+01, 0.1369260E+02,
 0.3430000E+01, 0.1399702E+02, 0.9828145E+01, 0.0000000E+00, 0.8317134E+00, 0.3032740E+01, 0.1369260E+02,
 0.3432000E+01, 0.1399702E+02, 0.9826363E+01, 0.0000000E+00, 0.8317882E+00, 0.3034448E+01, 0.1369260E+02,
 0.3434000E+01, 0.1399702E+02, 0.9824579E+01, 0.0000000E+00, 0.8318621E+00, 0.3036157E+01, 0.1369260E+02,
 0.3436000E+01, 0.1399702E+02, 0.9822794E+01, 0.0000000E+00, 0.8319352E+00, 0.3037869E+01, 0.1369260E+02,
 0.3438000E+01, 0.1399702E+02, 0.9821008E+01, 0.0000000E+00, 0.8320076E+00, 0.3039583E+01, 0.1369260E+02,
 0.3440000E+01, 0.1399702E+02, 0.9819221E+01, 0.0000000E+00, 0.8320791E+00, 0.3041298E+01, 0.1369260E+02,
 0.3442000E+01, 0.1399702E+02, 0.9817433E+01, 0.0000000E+00, 0.8321499E+00, 0.3043016E+01, 0.1369260E+02,
 0.3444000E+01, 0.1399702E+02, 0.9815643E+01, 0.0000000E+00, 0.8322198E+00, 0.3044735E+01, 0.1369260E+02,
 0.3446000E+01, 0.1399702E+02, 0.9813853E+01, 0.0000000E+00, 0.8322890E+00, 0.3046456E+01, 0.1369260E+02,
 0.3448000E+01, 0.1399702E+02, 0.9812062E+01, 0.0000000E+00, 0.8323574E+00, 0.3048179E+01, 0.1369260E+02,
 0.3450000E+01, 0.1399702E+02, 0.9810269E+01, 0.0000000E+00, 0.8324251E+00, 0.3049904E+01, 0.1369260E+02,
 0.3452000E+01, 0.1399702E+02, 0.9808475E+01, 0.0000000E+00, 0.8324920E+00, 0.3051630E+01, 0.1369260E+02,
 0.3454000E+01, 0.1399702E+02, 0.9806682E+01, 0.0000000E+00, 0.8325583E+00, 0.3053359E+01, 0.1369260E+02,
 0.3456000E+01, 0.1399702E+02, 0.9804885E+01, 0.0000000E+00, 0.8326238E+00, 0.3055089E+01, 0.1369260E+02,
 0.3458000E+01, 0.1399702E+02, 0.9803088E+01, 0.0000000E+00, 0.8326888E+00, 0.3056821E+01, 0.1369260E+02,
 0.3460000E+01, 0.1399702E+02, 0.9801290E+01, 0.0000000E+00, 0.8327531E+00, 0.3058555E+01, 0.1369260E+02,
 0.3462000E+01, 0.1399702E+02, 0.9799490E+01, 0.0000000E+00, 0.8328168E+00, 0.3060291E+01, 0.1369260E+02,
 0.3464000E+01, 0.1399702E+02, 0.9797689E+01, 0.0000000E+00, 0.8328801E+00, 0.3062029E+01, 0.1369260E+02,
 0.3466000E+01, 0.1399702E+02, 0.9795887E+01, 0.0000000E+00, 0.8329428E+00, 0.3063768E+01, 0.1369260E+02,
 0.3468000E+01, 0.1399702E+02, 0.9794084E+01, 0.0000000E+00, 0.8330051E+00, 0.3065510E+01, 0.1369260E+02,
 0.3470000E+01, 0.1399702E+02, 0.9792279E+01, 0.0000000E+00, 0.8330669E+00, 0.3067253E+01, 0.1369260E+02,
 0.3472000E+01, 0.1399702E+02, 0.9790473E+01, 0.0000000E+00, 0.8331283E+00, 0.3068997E+01, 0.1369260E+02,
 0.3474000E+01, 0.1399702E+02, 0.9788665E+01, 0.0000000E+00, 0.8331894E+00, 0.3070744E+01, 0.1369260E+02,
 0.3476000E+01, 0.1399702E+02, 0.9786856E+01, 0.0000000E+00, 0.8332502E+00, 0.3072493E+01, 0.1369260E+02,
 0.3478000E+01, 0.1399702E+02, 0.9785045E+01, 0.0000000E+00, 0.8333108E+00, 0.3074243E+01, 0.1369260E+02,
 0.3480000E+01, 0.1399702E+02, 0.9783232E+01, 0.0000000E+00, 0.8333711E+00, 0.3075995E+01, 0.1369260E+02,
 0.3482000E+01, 0.1399702E+02, 0.9781418E+01, 0.0000000E+00, 0.8334312E+00, 0.3077749E+01, 0.1369260E+02,
 0.3484000E+01, 0.1399702E+02, 0.9779602E+01, 0.0000000E+00, 0.8334912E+00, 0.3079505E+01, 0.1369260E+02,
 0.3486000E+01, 0.1399702E+02, 0.9777784E+01, 0.0000000E+00, 0.8335510E+00, 0.3081263E+01, 0.1369260E+02,
 0.3488000E+01, 0.1399702E+02, 0.9775966E+01, 0.0000000E+00, 0.8336109E+00, 0.3083022E+01, 0.1369260E+02,
 0.3490000E+01, 0.1399702E+02, 0.9774144E+01, 0.0000000E+00, 0.8336706E+00, 0.3084783E+01, 0.1369260E+02,
 0.3492000E+01, 0.1399702E+02, 0.9772322E+01, 0.0000000E+00, 0.8337304E+00, 0.3086546E+01, 0.1369260E+02,
 0.3494000E+01, 0.1399702E+02, 0.9770496E+01, 0.0000000E+00, 0.8337902E+00, 0.3088311E+01, 0.1369260E+02,
 0.3496000E+01, 0.1399702E+02, 0.9768670E+01, 0.0000000E+00, 0.8338500E+00, 0.3090078E+01, 0.1369260E+02,
 0.3498000E+01, 0.1399702E+02, 0.9766842E+01, 0.0000000E+00, 0.8339099E+00, 0.3091847E+01, 0.1369260E+02,
 0.3500000E+01, 0.1399702E+02, 0.9765011E+01, 0.0000000E+00, 0.8339700E+00, 0.3093617E+01, 0.1369260E+02,
 0.3500000E+01, 0.1399702E+02, 0.9765011E+01, 0.0000000E+00, 0.8339700E+00, 0.3093617E+01, 0.1369260E+02,
 0.3502000E+01, 0.1399702E+02, 0.9763178E+01, 0.0000000E+00, 0.8340302E+00, 0.3095390E+01, 0.1369260E+02,
 0.3504000E+01, 0.1399702E+02, 0.9761344E+01, 0.0000000E+00, 0.8340907E+00, 0.3097164E+01, 0.1369260E+02,
 0.3506000E+01, 0.1399702E+02, 0.9759507E+01, 0.0000000E+00, 0.8341512E+00, 0.3098940E+01, 0.1369260E+02,
 0.3508000E+01, 0.1399702E+02, 0.9757668E+01, 0.0000000E+00, 0.8342121E+00, 0.3100718E+01, 0.1369260E+02,
 0.3510000E+01, 0.1399702E+02, 0.9755827E+01, 0.0000000E+00, 0.8342732E+00, 0.3102498E+01, 0.1369260E+02,
 0.3512000E+01, 0.1399702E+02, 0.9753984E+01, 0.0000000E+00, 0.8343345E+00, 0.3104280E+01, 0.1369260E+02,
 0.3514000E+01, 0.1399702E+02, 0.9752139E+01, 0.0000000E+00, 0.8343962E+00, 0.3106063E+01, 0.1369260E+02,
 0.3516000E+01, 0.1399702E+02, 0.9750292E+01, 0.0000000E+00, 0.8344581E+00, 0.3107848E+01, 0.1369260E+02,
 0.3518000E+01, 0.1399702E+02, 0.9748442E+01, 0.0000000E+00, 0.8345205E+00, 0.3109636E+01, 0.1369260E+02,
 0.3520000E+01, 0.1399702E+02, 0.9746591E+01, 0.0000000E+00, 0.8345831E+00, 0.3111425E+01, 0.1369260E+02,
 0.3522000E+01, 0.1399702E+02, 0.9744736E+01, 0.0000000E+00, 0.8346461E+00, 0.3113216E+01, 0.1369260E+02,
 0.3524000E+01, 0.1399702E+02, 0.9742880E+01, 0.0000000E+00, 0.8347095E+00, 0.3115009E+01, 0.1369260E+02,
 0.3526000E+01, 0.1399702E+02, 0.9741021E+01, 0.0000000E+00, 0.8347733E+00, 0.3116804E+01, 0.1369260E+02,
 0.3528000E+01, 0.1399702E+02, 0.9739160E+01, 0.0000000E+00, 0.8348375E+00, 0.3118601E+01, 0.1369260E+02,
 0.3530000E+01, 0.1399702E+02, 0.9737296E+01, 0.0000000E+00, 0.8349022E+00, 0.3120400E+01, 0.1369260E+02,
 0.3532000E+01, 0.1399702E+02, 0.9735431E+01, 0.0000000E+00, 0.8349672E+00, 0.3122200E+01, 0.1369260E+02,
 0.3534000E+01, 0.1399702E+02, 0.9733562E+01, 0.0000000E+00, 0.8350327E+00, 0.3124003E+01, 0.1369260E+02,
 0.3536000E+01, 0.1399702E+02, 0.9731692E+01, 0.0000000E+00, 0.8350986E+00, 0.3125808E+01, 0.1369260E+02,
 0.3538000E+01, 0.1399702E+02, 0.9729819E+01, 0.0000000E+00, 0.8351650E+00, 0.3127614E+01, 0.1369260E+02,
 0.3540000E+01, 0.1399702E+02, 0.9727943E+01, 0.0000000E+00, 0.8352319E+00, 0.3129423E+01, 0.1369260E+02,
 0.3542000E+01, 0.1399702E+02, 0.9726066E+01, 0.0000000E+00, 0.8352992E+00, 0.3131233E+01, 0.1369260E+02,
 0.3544000E+01, 0.1399702E+02, 0.9724186E+01, 0.0000000E+00, 0.8353670E+00, 0.3133045E+01, 0.1369260E+02,
 0.3546000E+01, 0.1399702E+02, 0.9722303E+01, 0.0000000E+00, 0.8354353E+00, 0.3134860E+01, 0.1369260E+02,
 0.3548000E+01, 0.1399702E+02, 0.9720418E+01, 0.0000000E+00, 0.8355041E+00, 0.3136676E+01, 0.1369260E+02,
 0.3550000E+01, 0.1399702E+02, 0.9718531E+01, 0.0000000E+00, 0.8355733E+00, 0.3138494E+01, 0.1369260E+02,
 0.3552000E+01, 0.1399702E+02, 0.9716640E+01, 0.0000000E+00, 0.8356431E+00, 0.3140315E+01, 0.1369260E+02,
 0.3554000E+01, 0.1399702E+02, 0.9714747E+01, 0.0000000E+00, 0.8357133E+00, 0.3142137E+01, 0.1369260E+02,
 0.3556000E+01, 0.1399702E+02, 0.9712852E+01, 0.0000000E+00, 0.8357840E+00, 0.3143962E+01, 0.1369260E+02,
 0.3558000E+01, 0.1399702E+02, 0.9710956E+01, 0.0000000E+00, 0.8358552E+00, 0.3145788E+01, 0.1369260E+02,
 0.3560000E+01, 0.1399702E+02, 0.9709055E+01, 0.0000000E+00, 0.8359269E+00, 0.3147616E+01, 0.1369260E+02,
 0.3562000E+01, 0.1399702E+02, 0.9707152E+01, 0.0000000E+00, 0.8359991E+00, 0.3149447E+01, 0.1369260E+02,
 0.3564000E+01, 0.1399702E+02, 0.9705247E+01, 0.0000000E+00, 0.8360718E+00, 0.3151279E+01, 0.1369260E+02,
 0.3566000E+01, 0.1399702E+02, 0.9703340E+01, 0.0000000E+00, 0.8361450E+00, 0.3153114E+01, 0.1369260E+02,
 0.3568000E+01, 0.1399702E+02, 0.9701429E+01, 0.0000000E+00, 0.8362187E+00, 0.3154950E+01, 0.1369260E+02,
 0.3570000E+01, 0.1399702E+02, 0.9699516E+01, 0.0000000E+00, 0.8362929E+00, 0.3156789E+01, 0.1369260E+02,
 0.3572000E+01, 0.1399702E+02, 0.9697601E+01, 0.0000000E+00, 0.8363676E+00, 0.3158630E+01, 0.1369260E+02,
 0.3574000E+01, 0.1399702E+02, 0.9695683E+01, 0.0000000E+00, 0.8364428E+00, 0.3160473E+01, 0.1369260E+02,
 0.3576000E+01, 0.1399702E+02, 0.9693763E+01, 0.0000000E+00, 0.8365184E+00, 0.3162318E+01, 0.1369260E+02,
 0.3578000E+01, 0.1399702E+02, 0.9691839E+01, 0.0000000E+00, 0.8365946E+00, 0.3164164E+01, 0.1369260E+02,
 0.3580000E+01, 0.1399702E+02, 0.9689914E+01, 0.0000000E+00, 0.8366712E+00, 0.3166013E+01, 0.1369260E+02,
 0.3582000E+01, 0.1399702E+02, 0.9687985E+01, 0.0000000E+00, 0.8367483E+00, 0.3167865E+01, 0.1369260E+02,
 0.3584000E+01, 0.1399702E+02, 0.9686054E+01, 0.0000000E+00, 0.8368258E+00, 0.3169718E+01, 0.1369260E+02,
 0.3586000E+01, 0.1399702E+02, 0.9684121E+01, 0.0000000E+00, 0.8369039E+00, 0.3171573E+01, 0.1369260E+02,
 0.3588000E+01, 0.1399702E+02, 0.9682185E+01, 0.0000000E+00, 0.8369824E+00, 0.3173431E+01, 0.1369260E+02,
 0.3590000E+01, 0.1399702E+02, 0.9680246E+01, 0.0000000E+00, 0.8370614E+00, 0.3175291E+01, 0.1369260E+02,
 0.3592000E+01, 0.1399702E+02, 0.9678306E+01, 0.0000000E+00, 0.8371409E+00, 0.3177152E+01, 0.1369260E+02,
 0.3594000E+01, 0.1399702E+02, 0.9676361E+01, 0.0000000E+00, 0.8372208E+00, 0.3179016E+01, 0.1369260E+02,
 0.3596000E+01, 0.1399702E+02, 0.9674415E+01, 0.0000000E+00, 0.8373011E+00, 0.3180882E+01, 0.1369260E+02,
 0.3598000E+01, 0.1399702E+02, 0.9672465E+01, 0.0000000E+00, 0.8373820E+00, 0.3182751E+01, 0.1369260E+02,
 0.3600000E+01, 0.1399702E+02, 0.9670514E+01, 0.0000000E+00, 0.8374632E+00, 0.3184621E+01, 0.1369260E+02,
 0.3602000E+01, 0.1399702E+02, 0.9668560E+01, 0.0000000E+00, 0.8375449E+00, 0.3186494E+01, 0.1369260E+02,
 0.3604000E+01, 0.1399702E+02, 0.9666603E+01, 0.0000000E+00, 0.8376271E+00, 0.3188369E+01, 0.1369260E+02,
 0.3606000E+01, 0.1399702E+02, 0.9664643E+01, 0.0000000E+00, 0.8377096E+00, 0.3190246E+01, 0.1369260E+02,
 0.3608000E+01, 0.1399702E+02, 0.9662681E+01, 0.0000000E+00, 0.8377926E+00, 0.3192125E+01, 0.1369260E+02,
 0.3610000E+01, 0.1399702E+02, 0.9660716E+01, 0.0000000E+00, 0.8378760E+00, 0.3194006E+01, 0.1369260E+02,
 0.3612000E+01, 0.1399702E+02, 0.9658749E+01, 0.0000000E+00, 0.8379599E+00, 0.3195890E+01, 0.1369260E+02,
 0.3614000E+01, 0.1399702E+02, 0.9656778E+01, 0.0000000E+00, 0.8380441E+00, 0.3197776E+01, 0.1369260E+02,
 0.3616000E+01, 0.1399702E+02, 0.9654805E+01, 0.0000000E+00, 0.8381288E+00, 0.3199664E+01, 0.1369260E+02,
 0.3618000E+01, 0.1399702E+02, 0.9652830E+01, 0.0000000E+00, 0.8382139E+00, 0.3201555E+01, 0.1369260E+02,
 0.3620000E+01, 0.1399702E+02, 0.9650852E+01, 0.0000000E+00, 0.8382993E+00, 0.3203447E+01, 0.1369260E+02,
 0.3622000E+01, 0.1399702E+02, 0.9648871E+01, 0.0000000E+00, 0.8383852E+00, 0.3205342E+01, 0.1369260E+02,
 0.3624000E+01, 0.1399702E+02, 0.9646888E+01, 0.0000000E+00, 0.8384714E+00, 0.3207239E+01, 0.1369260E+02,
 0.3626000E+01, 0.1399702E+02, 0.9644901E+01, 0.0000000E+00, 0.8385580E+00, 0.3209139E+01, 0.1369260E+02,
 0.3628000E+01, 0.1399702E+02, 0.9642913E+01, 0.0000000E+00, 0.8386450E+00, 0.3211040E+01, 0.1369260E+02,
 0.3630000E+01, 0.1399702E+02, 0.9640922E+01, 0.0000000E+00, 0.8387323E+00, 0.3212945E+01, 0.1369260E+02,
 0.3632000E+01, 0.1399702E+02, 0.9638927E+01, 0.0000000E+00, 0.8388200E+00, 0.3214851E+01, 0.1369260E+02,
 0.3634000E+01, 0.1399702E+02, 0.9636930E+01, 0.0000000E+00, 0.8389081E+00, 0.3216759E+01, 0.1369260E+02,
 0.3636000E+01, 0.1399702E+02, 0.9634932E+01, 0.0000000E+00, 0.8389965E+00, 0.3218670E+01, 0.1369260E+02,
 0.3638000E+01, 0.1399702E+02, 0.9632929E+01, 0.0000000E+00, 0.8390852E+00, 0.3220584E+01, 0.1369260E+02,
 0.3640000E+01, 0.1399702E+02, 0.9630924E+01, 0.0000000E+00, 0.8391743E+00, 0.3222500E+01, 0.1369260E+02,
 0.3642000E+01, 0.1399702E+02, 0.9628917E+01, 0.0000000E+00, 0.8392636E+00, 0.3224418E+01, 0.1369260E+02,
 0.3644000E+01, 0.1399702E+02, 0.9626906E+01, 0.0000000E+00, 0.8393533E+00, 0.3226338E+01, 0.1369260E+02,
 0.3646000E+01, 0.1399702E+02, 0.9624894E+01, 0.0000000E+00, 0.8394432E+00, 0.3228261E+01, 0.1369260E+02,
 0.3648000E+01, 0.1399702E+02, 0.9622878E+01, 0.0000000E+00, 0.8395334E+00, 0.3230187E+01, 0.1369260E+02,
 0.3650000E+01, 0.1399702E+02, 0.9620860E+01, 0.0000000E+00, 0.8396238E+00, 0.3232115E+01, 0.1369260E+02,
 0.3652000E+01, 0.1399702E+02, 0.9618838E+01, 0.0000000E+00, 0.8397145E+00, 0.3234045E+01, 0.1369260E+02,
 0.3654000E+01, 0.1399702E+02, 0.9616815E+01, 0.0000000E+00, 0.8398053E+00, 0.3235978E+01, 0.1369260E+02,
 0.3656000E+01, 0.1399702E+02, 0.9614788E+01, 0.0000000E+00, 0.8398963E+00, 0.3237914E+01, 0.1369260E+02,
 0.3658000E+01, 0.1399702E+02, 0.9612760E+01, 0.0000000E+00, 0.8399875E+00, 0.3239851E+01, 0.1369260E+02,
 0.3660000E+01, 0.1399702E+02, 0.9610728E+01, 0.0000000E+00, 0.8400789E+00, 0.3241792E+01, 0.1369260E+02,
 0.3662000E+01, 0.1399702E+02, 0.9608693E+01, 0.0000000E+00, 0.8401704E+00, 0.3243735E+01, 0.1369260E+02,
 0.3664000E+01, 0.1399702E+02, 0.9606657E+01, 0.0000000E+00, 0.8402619E+00, 0.3245680E+01, 0.1369260E+02,
 0.3666000E+01, 0.1399702E+02, 0.9604617E+01, 0.0000000E+00, 0.8403536E+00, 0.3247628E+01, 0.1369260E+02,
 0.3668000E+01, 0.1399702E+02, 0.9602575E+01, 0.0000000E+00, 0.8404453E+00, 0.3249578E+01, 0.1369260E+02,
 0.3670000E+01, 0.1399702E+02, 0.9600531E+01, 0.0000000E+00, 0.8405370E+00, 0.3251531E+01, 0.1369260E+02,
 0.3672000E+01, 0.1399702E+02, 0.9598483E+01, 0.0000000E+00, 0.8406287E+00, 0.3253486E+01, 0.1369260E+02,
 0.3674000E+01, 0.1399702E+02, 0.9596434E+01, 0.0000000E+00, 0.8407205E+00, 0.3255444E+01, 0.1369260E+02,
 0.3676000E+01, 0.1399702E+02, 0.9594381E+01, 0.0000000E+00, 0.8408122E+00, 0.3257404E+01, 0.1369260E+02,
 0.3678000E+01, 0.1399702E+02, 0.9592327E+01, 0.0000000E+00, 0.8409039E+00, 0.3259367E+01, 0.1369260E+02,
 0.3680000E+01, 0.1399702E+02, 0.9590270E+01, 0.0000000E+00, 0.8409954E+00, 0.3261333E+01, 0.1369260E+02,
 0.3682000E+01, 0.1399702E+02, 0.9588211E+01, 0.0000000E+00, 0.8410869E+00, 0.3263300E+01, 0.1369260E+02,
 0.3684000E+01, 0.1399702E+02, 0.9586149E+01, 0.0000000E+00, 0.8411783E+00, 0.3265271E+01, 0.1369260E+02,
 0.3686000E+01, 0.1399702E+02, 0.9584085E+01, 0.0000000E+00, 0.8412696E+00, 0.3267243E+01, 0.1369260E+02,
 0.3688000E+01, 0.1399702E+02, 0.9582019E+01, 0.0000000E+00, 0.8413607E+00, 0.3269219E+01, 0.1369260E+02,
 0.3690000E+01, 0.1399702E+02, 0.9579950E+01, 0.0000000E+00, 0.8414517E+00, 0.3271196E+01, 0.1369260E+02,
 0.3692000E+01, 0.1399702E+02, 0.9577879E+01, 0.0000000E+00, 0.8415425E+00, 0.3273176E+01, 0.1369260E+02,
 0.3694000E+01, 0.1399702E+02, 0.9575806E+01, 0.0000000E+00, 0.8416332E+00, 0.3275159E+01, 0.1369260E+02,
 0.3696000E+01, 0.1399702E+02, 0.9573730E+01, 0.0000000E+00, 0.8417237E+00, 0.3277144E+01, 0.1369260E+02,
 0.3698000E+01, 0.1399702E+02, 0.9571652E+01, 0.0000000E+00, 0.8418140E+00, 0.3279131E+01, 0.1369260E+02,
 0.3700000E+01, 0.1399702E+02, 0.9569572E+01, 0.0000000E+00, 0.8419041E+00, 0.3281121E+01, 0.1369260E+02,
 0.3702000E+01, 0.1399702E+02, 0.9567491E+01, 0.0000000E+00, 0.8419940E+00, 0.3283114E+01, 0.1369260E+02,
 0.3704000E+01, 0.1399702E+02, 0.9565406E+01, 0.0000000E+00, 0.8420838E+00, 0.3285108E+01, 0.1369260E+02,
 0.3706000E+01, 0.1399702E+02, 0.9563319E+01, 0.0000000E+00, 0.8421733E+00, 0.3287106E+01, 0.1369260E+02,
 0.3708000E+01, 0.1399702E+02, 0.9561231E+01, 0.0000000E+00, 0.8422627E+00, 0.3289105E+01, 0.1369260E+02,
 0.3710000E+01, 0.1399702E+02, 0.9559139E+01, 0.0000000E+00, 0.8423519E+00, 0.3291107E+01, 0.1369260E+02,
 0.3712000E+01, 0.1399702E+02, 0.9557047E+01, 0.0000000E+00, 0.8424408E+00, 0.3293111E+01, 0.1369260E+02,
 0.3714000E+01, 0.1399702E+02, 0.9554951E+01, 0.0000000E+00, 0.8425297E+00, 0.3295118E+01, 0.1369260E+02,
 0.3716000E+01, 0.1399702E+02, 0.9552854E+01, 0.0000000E+00, 0.8426183E+00, 0.3297127E+01, 0.1369260E+02,
 0.3718000E+01, 0.1399702E+02, 0.9550754E+01, 0.0000000E+00, 0.8427067E+00, 0.3299138E+01, 0.1369260E+02,
 0.3720000E+01, 0.1399702E+02, 0.9548652E+01, 0.0000000E+00, 0.8427951E+00, 0.3301152E+01, 0.1369260E+02,
 0.3722000E+01, 0.1399702E+02, 0.9546547E+01, 0.0000000E+00, 0.8428833E+00, 0.3303168E+01, 0.1369260E+02,
 0.3724000E+01, 0.1399702E+02, 0.9544440E+01, 0.0000000E+00, 0.8429713E+00, 0.3305187E+01, 0.1369260E+02,
 0.3726000E+01, 0.1399702E+02, 0.9542332E+01, 0.0000000E+00, 0.8430592E+00, 0.3307207E+01, 0.1369260E+02,
 0.3728000E+01, 0.1399702E+02, 0.9540221E+01, 0.0000000E+00, 0.8431471E+00, 0.3309230E+01, 0.1369260E+02,
 0.3730000E+01, 0.1399702E+02, 0.9538108E+01, 0.0000000E+00, 0.8432348E+00, 0.3311256E+01, 0.1369260E+02,
 0.3732000E+01, 0.1399702E+02, 0.9535993E+01, 0.0000000E+00, 0.8433225E+00, 0.3313284E+01, 0.1369260E+02,
 0.3734000E+01, 0.1399702E+02, 0.9533875E+01, 0.0000000E+00, 0.8434100E+00, 0.3315314E+01, 0.1369260E+02,
 0.3736000E+01, 0.1399702E+02, 0.9531754E+01, 0.0000000E+00, 0.8434975E+00, 0.3317347E+01, 0.1369260E+02,
 0.3738000E+01, 0.1399702E+02, 0.9529632E+01, 0.0000000E+00, 0.8435850E+00, 0.3319381E+01, 0.1369260E+02,
 0.3740000E+01, 0.1399702E+02, 0.9527508E+01, 0.0000000E+00, 0.8436725E+00, 0.3321419E+01, 0.1369260E+02,
 0.3742000E+01, 0.1399702E+02, 0.9525380E+01, 0.0000000E+00, 0.8437599E+00, 0.3323458E+01, 0.1369260E+02,
 0.3744000E+01, 0.1399702E+02, 0.9523252E+01, 0.0000000E+00, 0.8438473E+00, 0.3325500E+01, 0.1369260E+02,
 0.3746000E+01, 0.1399702E+02, 0.9521119E+01, 0.0000000E+00, 0.8439348E+00, 0.3327544E+01, 0.1369260E+02,
 0.3748000E+01, 0.1399702E+02, 0.9518986E+01, 0.0000000E+00, 0.8440223E+00, 0.3329591E+01, 0.1369260E+02,
 0.3750000E+01, 0.1399702E+02, 0.9516849E+01, 0.0000000E+00, 0.8441098E+00, 0.3331640E+01, 0.1369260E+02,
 0.3752000E+01, 0.1399702E+02, 0.9514710E+01, 0.0000000E+00, 0.8441974E+00, 0.3333691E+01, 0.1369260E+02,
 0.3754000E+01, 0.1399702E+02, 0.9512568E+01, 0.0000000E+00, 0.8442851E+00, 0.3335744E+01, 0.1369260E+02,
 0.3756000E+01, 0.1399702E+02, 0.9510426E+01, 0.0000000E+00, 0.8443728E+00, 0.3337800E+01, 0.1369260E+02,
 0.3758000E+01, 0.1399702E+02, 0.9508279E+01, 0.0000000E+00, 0.8444607E+00, 0.3339859E+01, 0.1369260E+02,
 0.3760000E+01, 0.1399702E+02, 0.9506130E+01, 0.0000000E+00, 0.8445486E+00, 0.3341919E+01, 0.1369260E+02,
 0.3762000E+01, 0.1399702E+02, 0.9503980E+01, 0.0000000E+00, 0.8446367E+00, 0.3343982E+01, 0.1369260E+02,
 0.3764000E+01, 0.1399702E+02, 0.9501826E+01, 0.0000000E+00, 0.8447249E+00, 0.3346047E+01, 0.1369260E+02,
 0.3766000E+01, 0.1399702E+02, 0.9499670E+01, 0.0000000E+00, 0.8448133E+00, 0.3348115E+01, 0.1369260E+02,
 0.3768000E+01, 0.1399702E+02, 0.9497512E+01, 0.0000000E+00, 0.8449019E+00, 0.3350185E+01, 0.1369260E+02,
 0.3770000E+01, 0.1399702E+02, 0.9495351E+01, 0.0000000E+00, 0.8449906E+00, 0.3352257E+01, 0.1369260E+02,
 0.3772000E+01, 0.1399702E+02, 0.9493187E+01, 0.0000000E+00, 0.8450795E+00, 0.3354332E+01, 0.1369260E+02,
 0.3774000E+01, 0.1399702E+02, 0.9491020E+01, 0.0000000E+00, 0.8451685E+00, 0.3356409E+01, 0.1369260E+02,
 0.3776000E+01, 0.1399702E+02, 0.9488852E+01, 0.0000000E+00, 0.8452579E+00, 0.3358489E+01, 0.1369260E+02,
 0.3778000E+01, 0.1399702E+02, 0.9486681E+01, 0.0000000E+00, 0.8453473E+00, 0.3360570E+01, 0.1369260E+02,
 0.3780000E+01, 0.1399702E+02, 0.9484507E+01, 0.0000000E+00, 0.8454371E+00, 0.3362655E+01, 0.1369260E+02,
 0.3782000E+01, 0.1399702E+02, 0.9482330E+01, 0.0000000E+00, 0.8455271E+00, 0.3364741E+01, 0.1369260E+02,
 0.3784000E+01, 0.1399702E+02, 0.9480151E+01, 0.0000000E+00, 0.8456173E+00, 0.3366830E+01, 0.1369260E+02,
 0.3786000E+01, 0.1399702E+02, 0.9477969E+01, 0.0000000E+00, 0.8457078E+00, 0.3368922E+01, 0.1369260E+02,
 0.3788000E+01, 0.1399702E+02, 0.9475784E+01, 0.0000000E+00, 0.8457985E+00, 0.3371015E+01, 0.1369260E+02,
 0.3790000E+01, 0.1399702E+02, 0.9473598E+01, 0.0000000E+00, 0.8458895E+00, 0.3373111E+01, 0.1369260E+02,
 0.3792000E+01, 0.1399702E+02, 0.9471408E+01, 0.0000000E+00, 0.8459808E+00, 0.3375210E+01, 0.1369260E+02,
 0.3794000E+01, 0.1399702E+02, 0.9469215E+01, 0.0000000E+00, 0.8460723E+00, 0.3377311E+01, 0.1369260E+02,
 0.3796000E+01, 0.1399702E+02, 0.9467020E+01, 0.0000000E+00, 0.8461641E+00, 0.3379414E+01, 0.1369260E+02,
 0.3798000E+01, 0.1399702E+02, 0.9464823E+01, 0.0000000E+00, 0.8462562E+00, 0.3381520E+01, 0.1369260E+02,
 0.3800000E+01, 0.1399702E+02, 0.9462622E+01, 0.0000000E+00, 0.8463486E+00, 0.3383628E+01, 0.1369260E+02,
 0.3802000E+01, 0.1399702E+02, 0.9460419E+01, 0.0000000E+00, 0.8464413E+00, 0.3385739E+01, 0.1369260E+02,
 0.3804000E+01, 0.1399702E+02, 0.9458213E+01, 0.0000000E+00, 0.8465343E+00, 0.3387852E+01, 0.1369260E+02,
 0.3806000E+01, 0.1399702E+02, 0.9456003E+01, 0.0000000E+00, 0.8466277E+00, 0.3389967E+01, 0.1369260E+02,
 0.3808000E+01, 0.1399702E+02, 0.9453793E+01, 0.0000000E+00, 0.8467212E+00, 0.3392085E+01, 0.1369260E+02,
 0.3810000E+01, 0.1399702E+02, 0.9451578E+01, 0.0000000E+00, 0.8468152E+00, 0.3394205E+01, 0.1369260E+02,
 0.3812000E+01, 0.1399702E+02, 0.9449361E+01, 0.0000000E+00, 0.8469095E+00, 0.3396328E+01, 0.1369260E+02,
 0.3814000E+01, 0.1399702E+02, 0.9447141E+01, 0.0000000E+00, 0.8470040E+00, 0.3398453E+01, 0.1369260E+02,
 0.3816000E+01, 0.1399702E+02, 0.9444919E+01, 0.0000000E+00, 0.8470989E+00, 0.3400581E+01, 0.1369260E+02,
 0.3818000E+01, 0.1399702E+02, 0.9442693E+01, 0.0000000E+00, 0.8471941E+00, 0.3402711E+01, 0.1369260E+02,
 0.3820000E+01, 0.1399702E+02, 0.9440465E+01, 0.0000000E+00, 0.8472896E+00, 0.3404844E+01, 0.1369260E+02,
 0.3822000E+01, 0.1399702E+02, 0.9438233E+01, 0.0000000E+00, 0.8473855E+00, 0.3406979E+01, 0.1369260E+02,
 0.3824000E+01, 0.1399702E+02, 0.9436000E+01, 0.0000000E+00, 0.8474817E+00, 0.3409117E+01, 0.1369260E+02,
 0.3826000E+01, 0.1399702E+02, 0.9433764E+01, 0.0000000E+00, 0.8475782E+00, 0.3411257E+01, 0.1369260E+02,
 0.3828000E+01, 0.1399702E+02, 0.9431523E+01, 0.0000000E+00, 0.8476750E+00, 0.3413400E+01, 0.1369260E+02,
 0.3830000E+01, 0.1399702E+02, 0.9429281E+01, 0.0000000E+00, 0.8477722E+00, 0.3415545E+01, 0.1369260E+02,
 0.3832000E+01, 0.1399702E+02, 0.9427036E+01, 0.0000000E+00, 0.8478698E+00, 0.3417693E+01, 0.1369260E+02,
 0.3834000E+01, 0.1399702E+02, 0.9424788E+01, 0.0000000E+00, 0.8479676E+00, 0.3419843E+01, 0.1369260E+02,
 0.3836000E+01, 0.1399702E+02, 0.9422537E+01, 0.0000000E+00, 0.8480657E+00, 0.3421996E+01, 0.1369260E+02,
 0.3838000E+01, 0.1399702E+02, 0.9420283E+01, 0.0000000E+00, 0.8481642E+00, 0.3424151E+01, 0.1369260E+02,
 0.3840000E+01, 0.1399702E+02, 0.9418027E+01, 0.0000000E+00, 0.8482630E+00, 0.3426309E+01, 0.1369260E+02,
 0.3842000E+01, 0.1399702E+02, 0.9415768E+01, 0.0000000E+00, 0.8483621E+00, 0.3428469E+01, 0.1369260E+02,
 0.3844000E+01, 0.1399702E+02, 0.9413505E+01, 0.0000000E+00, 0.8484616E+00, 0.3430632E+01, 0.1369260E+02,
 0.3846000E+01, 0.1399702E+02, 0.9411240E+01, 0.0000000E+00, 0.8485614E+00, 0.3432797E+01, 0.1369260E+02,
 0.3848000E+01, 0.1399702E+02, 0.9408972E+01, 0.0000000E+00, 0.8486615E+00, 0.3434965E+01, 0.1369260E+02,
 0.3850000E+01, 0.1399702E+02, 0.9406700E+01, 0.0000000E+00, 0.8487619E+00, 0.3437136E+01, 0.1369260E+02,
 0.3852000E+01, 0.1399702E+02, 0.9404427E+01, 0.0000000E+00, 0.8488626E+00, 0.3439309E+01, 0.1369260E+02,
 0.3854000E+01, 0.1399702E+02, 0.9402149E+01, 0.0000000E+00, 0.8489637E+00, 0.3441485E+01, 0.1369260E+02,
 0.3856000E+01, 0.1399702E+02, 0.9399870E+01, 0.0000000E+00, 0.8490650E+00, 0.3443664E+01, 0.1369260E+02,
 0.3858000E+01, 0.1399702E+02, 0.9397587E+01, 0.0000000E+00, 0.8491667E+00, 0.3445845E+01, 0.1369260E+02,
 0.3860000E+01, 0.1399702E+02, 0.9395301E+01, 0.0000000E+00, 0.8492686E+00, 0.3448029E+01, 0.1369260E+02,
 0.3862000E+01, 0.1399702E+02, 0.9393013E+01, 0.0000000E+00, 0.8493708E+00, 0.3450215E+01, 0.1369260E+02,
 0.3864000E+01, 0.1399702E+02, 0.9390721E+01, 0.0000000E+00, 0.8494734E+00, 0.3452404E+01, 0.1369260E+02,
 0.3866000E+01, 0.1399702E+02, 0.9388426E+01, 0.0000000E+00, 0.8495762E+00, 0.3454596E+01, 0.1369260E+02,
 0.3868000E+01, 0.1399702E+02, 0.9386128E+01, 0.0000000E+00, 0.8496792E+00, 0.3456790E+01, 0.1369260E+02,
 0.3870000E+01, 0.1399702E+02, 0.9383828E+01, 0.0000000E+00, 0.8497826E+00, 0.3458987E+01, 0.1369260E+02,
 0.3872000E+01, 0.1399702E+02, 0.9381525E+01, 0.0000000E+00, 0.8498862E+00, 0.3461187E+01, 0.1369260E+02,
 0.3874000E+01, 0.1399702E+02, 0.9379218E+01, 0.0000000E+00, 0.8499901E+00, 0.3463390E+01, 0.1369260E+02,
 0.3876000E+01, 0.1399702E+02, 0.9376909E+01, 0.0000000E+00, 0.8500941E+00, 0.3465595E+01, 0.1369260E+02,
 0.3878000E+01, 0.1399702E+02, 0.9374597E+01, 0.0000000E+00, 0.8501985E+00, 0.3467803E+01, 0.1369260E+02,
 0.3880000E+01, 0.1399702E+02, 0.9372281E+01, 0.0000000E+00, 0.8503031E+00, 0.3470014E+01, 0.1369260E+02,
 0.3882000E+01, 0.1399702E+02, 0.9369963E+01, 0.0000000E+00, 0.8504078E+00, 0.3472228E+01, 0.1369260E+02,
 0.3884000E+01, 0.1399702E+02, 0.9367641E+01, 0.0000000E+00, 0.8505129E+00, 0.3474444E+01, 0.1369260E+02,
 0.3886000E+01, 0.1399702E+02, 0.9365317E+01, 0.0000000E+00, 0.8506181E+00, 0.3476663E+01, 0.1369260E+02,
 0.3888000E+01, 0.1399702E+02, 0.9362990E+01, 0.0000000E+00, 0.8507234E+00, 0.3478885E+01, 0.1369260E+02,
 0.3890000E+01, 0.1399702E+02, 0.9360660E+01, 0.0000000E+00, 0.8508290E+00, 0.3481109E+01, 0.1369260E+02,
 0.3892000E+01, 0.1399702E+02, 0.9358327E+01, 0.0000000E+00, 0.8509347E+00, 0.3483337E+01, 0.1369260E+02,
 0.3894000E+01, 0.1399702E+02, 0.9355990E+01, 0.0000000E+00, 0.8510407E+00, 0.3485567E+01, 0.1369260E+02,
 0.3896000E+01, 0.1399702E+02, 0.9353652E+01, 0.0000000E+00, 0.8511468E+00, 0.3487800E+01, 0.1369260E+02,
 0.3898000E+01, 0.1399702E+02, 0.9351310E+01, 0.0000000E+00, 0.8512530E+00, 0.3490035E+01, 0.1369260E+02,
 0.3900000E+01, 0.1399702E+02, 0.9348966E+01, 0.0000000E+00, 0.8513594E+00, 0.3492274E+01, 0.1369260E+02,
 0.3902000E+01, 0.1399702E+02, 0.9346618E+01, 0.0000000E+00, 0.8514659E+00, 0.3494515E+01, 0.1369260E+02,
 0.3904000E+01, 0.1399702E+02, 0.9344267E+01, 0.0000000E+00, 0.8515725E+00, 0.3496759E+01, 0.1369260E+02,
 0.3906000E+01, 0.1399702E+02, 0.9341913E+01, 0.0000000E+00, 0.8516793E+00, 0.3499006E+01, 0.1369260E+02,
 0.3908000E+01, 0.1399702E+02, 0.9339557E+01, 0.0000000E+00, 0.8517861E+00, 0.3501255E+01, 0.1369260E+02,
 0.3910000E+01, 0.1399702E+02, 0.9337198E+01, 0.0000000E+00, 0.8518931E+00, 0.3503507E+01, 0.1369260E+02,
 0.3912000E+01, 0.1399702E+02, 0.9334836E+01, 0.0000000E+00, 0.8520002E+00, 0.3505763E+01, 0.1369260E+02,
 0.3914000E+01, 0.1399702E+02, 0.9332471E+01, 0.0000000E+00, 0.8521074E+00, 0.3508020E+01, 0.1369260E+02,
 0.3916000E+01, 0.1399702E+02, 0.9330103E+01, 0.0000000E+00, 0.8522147E+00, 0.3510281E+01, 0.1369260E+02,
 0.3918000E+01, 0.1399702E+02, 0.9327732E+01, 0.0000000E+00, 0.8523220E+00, 0.3512544E+01, 0.1369260E+02,
 0.3920000E+01, 0.1399702E+02, 0.9325358E+01, 0.0000000E+00, 0.8524295E+00, 0.3514810E+01, 0.1369260E+02,
 0.3922000E+01, 0.1399702E+02, 0.9322982E+01, 0.0000000E+00, 0.8525371E+00, 0.3517079E+01, 0.1369260E+02,
 0.3924000E+01, 0.1399702E+02, 0.9320602E+01, 0.0000000E+00, 0.8526447E+00, 0.3519351E+01, 0.1369260E+02,
 0.3926000E+01, 0.1399702E+02, 0.9318220E+01, 0.0000000E+00, 0.8527524E+00, 0.3521625E+01, 0.1369260E+02,
 0.3928000E+01, 0.1399702E+02, 0.9315836E+01, 0.0000000E+00, 0.8528602E+00, 0.3523903E+01, 0.1369260E+02,
 0.3930000E+01, 0.1399702E+02, 0.9313448E+01, 0.0000000E+00, 0.8529680E+00, 0.3526182E+01, 0.1369260E+02,
 0.3932000E+01, 0.1399702E+02, 0.9311057E+01, 0.0000000E+00, 0.8530760E+00, 0.3528465E+01, 0.1369260E+02,
 0.3934000E+01, 0.1399702E+02, 0.9308663E+01, 0.0000000E+00, 0.8531840E+00, 0.3530751E+01, 0.1369260E+02,
 0.3936000E+01, 0.1399702E+02, 0.9306268E+01, 0.0000000E+00, 0.8532920E+00, 0.3533039E+01, 0.1369260E+02,
 0.3938000E+01, 0.1399702E+02, 0.9303868E+01, 0.0000000E+00, 0.8534002E+00, 0.3535330E+01, 0.1369260E+02,
 0.3940000E+01, 0.1399702E+02, 0.9301466E+01, 0.0000000E+00, 0.8535084E+00, 0.3537624E+01, 0.1369260E+02,
 0.3942000E+01, 0.1399702E+02, 0.9299062E+01, 0.0000000E+00, 0.8536167E+00, 0.3539920E+01, 0.1369260E+02,
 0.3944000E+01, 0.1399702E+02, 0.9296654E+01, 0.0000000E+00, 0.8537251E+00, 0.3542219E+01, 0.1369260E+02,
 0.3946000E+01, 0.1399702E+02, 0.9294244E+01, 0.0000000E+00, 0.8538336E+00, 0.3544521E+01, 0.1369260E+02,
 0.3948000E+01, 0.1399702E+02, 0.9291830E+01, 0.0000000E+00, 0.8539422E+00, 0.3546826E+01, 0.1369260E+02,
 0.3950000E+01, 0.1399702E+02, 0.9289414E+01, 0.0000000E+00, 0.8540508E+00, 0.3549134E+01, 0.1369260E+02,
 0.3952000E+01, 0.1399702E+02, 0.9286995E+01, 0.0000000E+00, 0.8541595E+00, 0.3551444E+01, 0.1369260E+02,
 0.3954000E+01, 0.1399702E+02, 0.9284574E+01, 0.0000000E+00, 0.8542683E+00, 0.3553757E+01, 0.1369260E+02,
 0.3956000E+01, 0.1399702E+02, 0.9282148E+01, 0.0000000E+00, 0.8543773E+00, 0.3556073E+01, 0.1369260E+02,
 0.3958000E+01, 0.1399702E+02, 0.9279721E+01, 0.0000000E+00, 0.8544863E+00, 0.3558391E+01, 0.1369260E+02,
 0.3960000E+01, 0.1399702E+02, 0.9277290E+01, 0.0000000E+00, 0.8545954E+00, 0.3560712E+01, 0.1369260E+02,
 0.3962000E+01, 0.1399702E+02, 0.9274858E+01, 0.0000000E+00, 0.8547046E+00, 0.3563036E+01, 0.1369260E+02,
 0.3964000E+01, 0.1399702E+02, 0.9272421E+01, 0.0000000E+00, 0.8548139E+00, 0.3565363E+01, 0.1369260E+02,
 0.3966000E+01, 0.1399702E+02, 0.9269982E+01, 0.0000000E+00, 0.8549234E+00, 0.3567693E+01, 0.1369260E+02,
 0.3968000E+01, 0.1399702E+02, 0.9267541E+01, 0.0000000E+00, 0.8550330E+00, 0.3570025E+01, 0.1369260E+02,
 0.3970000E+01, 0.1399702E+02, 0.9265096E+01, 0.0000000E+00, 0.8551427E+00, 0.3572360E+01, 0.1369260E+02,
 0.3972000E+01, 0.1399702E+02, 0.9262649E+01, 0.0000000E+00, 0.8552526E+00, 0.3574698E+01, 0.1369260E+02,
 0.3974000E+01, 0.1399702E+02, 0.9260198E+01, 0.0000000E+00, 0.8553625E+00, 0.3577038E+01, 0.1369260E+02,
 0.3976000E+01, 0.1399702E+02, 0.9257744E+01, 0.0000000E+00, 0.8554726E+00, 0.3579381E+01, 0.1369260E+02,
 0.3978000E+01, 0.1399702E+02, 0.9255288E+01, 0.0000000E+00, 0.8555829E+00, 0.3581728E+01, 0.1369260E+02,
 0.3980000E+01, 0.1399702E+02, 0.9252829E+01, 0.0000000E+00, 0.8556933E+00, 0.3584076E+01, 0.1369260E+02,
 0.3982000E+01, 0.1399702E+02, 0.9250367E+01, 0.0000000E+00, 0.8558038E+00, 0.3586428E+01, 0.1369260E+02,
 0.3984000E+01, 0.1399702E+02, 0.9247902E+01, 0.0000000E+00, 0.8559145E+00, 0.3588782E+01, 0.1369260E+02,
 0.3986000E+01, 0.1399702E+02, 0.9245434E+01, 0.0000000E+00, 0.8560254E+00, 0.3591139E+01, 0.1369260E+02,
 0.3988000E+01, 0.1399702E+02, 0.9242963E+01, 0.0000000E+00, 0.8561364E+00, 0.3593499E+01, 0.1369260E+02,
 0.3990000E+01, 0.1399702E+02, 0.9240489E+01, 0.0000000E+00, 0.8562477E+00, 0.3595862E+01, 0.1369260E+02,
 0.3992000E+01, 0.1399702E+02, 0.9238012E+01, 0.0000000E+00, 0.8563591E+00, 0.3598227E+01, 0.1369260E+02,
 0.3994000E+01, 0.1399702E+02, 0.9235533E+01, 0.0000000E+00, 0.8564706E+00, 0.3600595E+01, 0.1369260E+02,
 0.3996000E+01, 0.1399702E+02, 0.9233049E+01, 0.0000000E+00, 0.8565824E+00, 0.3602966E+01, 0.1369260E+02,
 0.3998000E+01, 0.1399702E+02, 0.9230564E+01, 0.0000000E+00, 0.8566943E+00, 0.3605340E+01, 0.1369260E+02,
 0.4000000E+01, 0.1399702E+02, 0.9228076E+01, 0.0000000E+00, 0.8568065E+00, 0.3607716E+01, 0.1369260E+02,
 0.4002000E+01, 0.1399702E+02, 0.9225584E+01, 0.0000000E+00, 0.8569188E+00, 0.3610096E+01, 0.1369260E+02,
 0.4004000E+01, 0.1399702E+02, 0.9223089E+01, 0.0000000E+00, 0.8570313E+00, 0.3612478E+01, 0.1369260E+02,
 0.4006000E+01, 0.1399702E+02, 0.9220592E+01, 0.0000000E+00, 0.8571441E+00, 0.3614863E+01, 0.1369260E+02,
 0.4008000E+01, 0.1399702E+02, 0.9218091E+01, 0.0000000E+00, 0.8572570E+00, 0.3617250E+01, 0.1369260E+02,
 0.4010000E+01, 0.1399702E+02, 0.9215588E+01, 0.0000000E+00, 0.8573701E+00, 0.3619641E+01, 0.1369260E+02,
 0.4012000E+01, 0.1399702E+02, 0.9213081E+01, 0.0000000E+00, 0.8574835E+00, 0.3622034E+01, 0.1369260E+02,
 0.4014000E+01, 0.1399702E+02, 0.9210571E+01, 0.0000000E+00, 0.8575971E+00, 0.3624430E+01, 0.1369260E+02,
 0.4016000E+01, 0.1399702E+02, 0.9208058E+01, 0.0000000E+00, 0.8577108E+00, 0.3626829E+01, 0.1369260E+02,
 0.4018000E+01, 0.1399702E+02, 0.9205543E+01, 0.0000000E+00, 0.8578249E+00, 0.3629231E+01, 0.1369260E+02,
 0.4020000E+01, 0.1399702E+02, 0.9203024E+01, 0.0000000E+00, 0.8579391E+00, 0.3631635E+01, 0.1369260E+02,
 0.4022000E+01, 0.1399702E+02, 0.9200502E+01, 0.0000000E+00, 0.8580535E+00, 0.3634043E+01, 0.1369260E+02,
 0.4024000E+01, 0.1399702E+02, 0.9197977E+01, 0.0000000E+00, 0.8581682E+00, 0.3636453E+01, 0.1369260E+02,
 0.4026000E+01, 0.1399702E+02, 0.9195450E+01, 0.0000000E+00, 0.8582831E+00, 0.3638866E+01, 0.1369260E+02,
 0.4028000E+01, 0.1399702E+02, 0.9192919E+01, 0.0000000E+00, 0.8583983E+00, 0.3641281E+01, 0.1369260E+02,
 0.4030000E+01, 0.1399702E+02, 0.9190385E+01, 0.0000000E+00, 0.8585137E+00, 0.3643700E+01, 0.1369260E+02,
 0.4032000E+01, 0.1399702E+02, 0.9187847E+01, 0.0000000E+00, 0.8586292E+00, 0.3646122E+01, 0.1369260E+02,
 0.4034000E+01, 0.1399702E+02, 0.9185308E+01, 0.0000000E+00, 0.8587451E+00, 0.3648546E+01, 0.1369260E+02,
 0.4036000E+01, 0.1399702E+02, 0.9182764E+01, 0.0000000E+00, 0.8588611E+00, 0.3650973E+01, 0.1369260E+02,
 0.4038000E+01, 0.1399702E+02, 0.9180218E+01, 0.0000000E+00, 0.8589775E+00, 0.3653404E+01, 0.1369260E+02,
 0.4040000E+01, 0.1399702E+02, 0.9177668E+01, 0.0000000E+00, 0.8590940E+00, 0.3655837E+01, 0.1369260E+02,
 0.4042000E+01, 0.1399702E+02, 0.9175115E+01, 0.0000000E+00, 0.8592108E+00, 0.3658273E+01, 0.1369260E+02,
 0.4044000E+01, 0.1399702E+02, 0.9172559E+01, 0.0000000E+00, 0.8593279E+00, 0.3660712E+01, 0.1369260E+02,
 0.4046000E+01, 0.1399702E+02, 0.9170000E+01, 0.0000000E+00, 0.8594452E+00, 0.3663153E+01, 0.1369260E+02,
 0.4048000E+01, 0.1399702E+02, 0.9167438E+01, 0.0000000E+00, 0.8595626E+00, 0.3665598E+01, 0.1369260E+02,
 0.4050000E+01, 0.1399702E+02, 0.9164872E+01, 0.0000000E+00, 0.8596804E+00, 0.3668046E+01, 0.1369260E+02,
 0.4052000E+01, 0.1399702E+02, 0.9162304E+01, 0.0000000E+00, 0.8597984E+00, 0.3670496E+01, 0.1369260E+02,
 0.4054000E+01, 0.1399702E+02, 0.9159732E+01, 0.0000000E+00, 0.8599166E+00, 0.3672950E+01, 0.1369260E+02,
 0.4056000E+01, 0.1399702E+02, 0.9157157E+01, 0.0000000E+00, 0.8600350E+00, 0.3675406E+01, 0.1369260E+02,
 0.4058000E+01, 0.1399702E+02, 0.9154579E+01, 0.0000000E+00, 0.8601537E+00, 0.3677866E+01, 0.1369260E+02,
 0.4060000E+01, 0.1399702E+02, 0.9151998E+01, 0.0000000E+00, 0.8602726E+00, 0.3680328E+01, 0.1369260E+02,
 0.4062000E+01, 0.1399702E+02, 0.9149413E+01, 0.0000000E+00, 0.8603917E+00, 0.3682793E+01, 0.1369260E+02,
 0.4064000E+01, 0.1399702E+02, 0.9146826E+01, 0.0000000E+00, 0.8605111E+00, 0.3685262E+01, 0.1369260E+02,
 0.4066000E+01, 0.1399702E+02, 0.9144235E+01, 0.0000000E+00, 0.8606308E+00, 0.3687733E+01, 0.1369260E+02,
 0.4068000E+01, 0.1399702E+02, 0.9141641E+01, 0.0000000E+00, 0.8607506E+00, 0.3690207E+01, 0.1369260E+02,
 0.4070000E+01, 0.1399702E+02, 0.9139043E+01, 0.0000000E+00, 0.8608706E+00, 0.3692685E+01, 0.1369260E+02,
 0.4072000E+01, 0.1399702E+02, 0.9136442E+01, 0.0000000E+00, 0.8609909E+00, 0.3695165E+01, 0.1369260E+02,
 0.4074000E+01, 0.1399702E+02, 0.9133839E+01, 0.0000000E+00, 0.8611114E+00, 0.3697648E+01, 0.1369260E+02,
 0.4076000E+01, 0.1399702E+02, 0.9131231E+01, 0.0000000E+00, 0.8612321E+00, 0.3700135E+01, 0.1369260E+02,
 0.4078000E+01, 0.1399702E+02, 0.9128621E+01, 0.0000000E+00, 0.8613530E+00, 0.3702624E+01, 0.1369260E+02,
 0.4080000E+01, 0.1399702E+02, 0.9126008E+01, 0.0000000E+00, 0.8614742E+00, 0.3705117E+01, 0.1369260E+02,
 0.4082000E+01, 0.1399702E+02, 0.9123391E+01, 0.0000000E+00, 0.8615955E+00, 0.3707612E+01, 0.1369260E+02,
 0.4084000E+01, 0.1399702E+02, 0.9120771E+01, 0.0000000E+00, 0.8617171E+00, 0.3710110E+01, 0.1369260E+02,
 0.4086000E+01, 0.1399702E+02, 0.9118148E+01, 0.0000000E+00, 0.8618388E+00, 0.3712612E+01, 0.1369260E+02,
 0.4088000E+01, 0.1399702E+02, 0.9115521E+01, 0.0000000E+00, 0.8619608E+00, 0.3715116E+01, 0.1369260E+02,
 0.4090000E+01, 0.1399702E+02, 0.9112891E+01, 0.0000000E+00, 0.8620830E+00, 0.3717624E+01, 0.1369260E+02,
 0.4092000E+01, 0.1399702E+02, 0.9110258E+01, 0.0000000E+00, 0.8622053E+00, 0.3720134E+01, 0.1369260E+02,
 0.4094000E+01, 0.1399702E+02, 0.9107622E+01, 0.0000000E+00, 0.8623279E+00, 0.3722648E+01, 0.1369260E+02,
 0.4096000E+01, 0.1399702E+02, 0.9104982E+01, 0.0000000E+00, 0.8624506E+00, 0.3725165E+01, 0.1369260E+02,
 0.4098000E+01, 0.1399702E+02, 0.9102340E+01, 0.0000000E+00, 0.8625736E+00, 0.3727685E+01, 0.1369260E+02,
 0.4100000E+01, 0.1399702E+02, 0.9099694E+01, 0.0000000E+00, 0.8626966E+00, 0.3730207E+01, 0.1369260E+02,
 0.4102000E+01, 0.1399702E+02, 0.9097045E+01, 0.0000000E+00, 0.8628200E+00, 0.3732733E+01, 0.1369260E+02,
 0.4104000E+01, 0.1399702E+02, 0.9094393E+01, 0.0000000E+00, 0.8629435E+00, 0.3735262E+01, 0.1369260E+02,
 0.4106000E+01, 0.1399702E+02, 0.9091737E+01, 0.0000000E+00, 0.8630672E+00, 0.3737794E+01, 0.1369260E+02,
 0.4108000E+01, 0.1399702E+02, 0.9089078E+01, 0.0000000E+00, 0.8631910E+00, 0.3740330E+01, 0.1369260E+02,
 0.4110000E+01, 0.1399702E+02, 0.9086415E+01, 0.0000000E+00, 0.8633150E+00, 0.3742868E+01, 0.1369260E+02,
 0.4112000E+01, 0.1399702E+02, 0.9083751E+01, 0.0000000E+00, 0.8634392E+00, 0.3745409E+01, 0.1369260E+02,
 0.4114000E+01, 0.1399702E+02, 0.9081081E+01, 0.0000000E+00, 0.8635636E+00, 0.3747953E+01, 0.1369260E+02,
 0.4116000E+01, 0.1399702E+02, 0.9078409E+01, 0.0000000E+00, 0.8636881E+00, 0.3750501E+01, 0.1369260E+02,
 0.4118000E+01, 0.1399702E+02, 0.9075734E+01, 0.0000000E+00, 0.8638129E+00, 0.3753051E+01, 0.1369260E+02,
 0.4120000E+01, 0.1399702E+02, 0.9073056E+01, 0.0000000E+00, 0.8639377E+00, 0.3755605E+01, 0.1369260E+02,
 0.4122000E+01, 0.1399702E+02, 0.9070374E+01, 0.0000000E+00, 0.8640628E+00, 0.3758161E+01, 0.1369260E+02,
 0.4124000E+01, 0.1399702E+02, 0.9067690E+01, 0.0000000E+00, 0.8641880E+00, 0.3760721E+01, 0.1369260E+02,
 0.4126000E+01, 0.1399702E+02, 0.9065001E+01, 0.0000000E+00, 0.8643134E+00, 0.3763284E+01, 0.1369260E+02,
 0.4128000E+01, 0.1399702E+02, 0.9062310E+01, 0.0000000E+00, 0.8644390E+00, 0.3765850E+01, 0.1369260E+02,
 0.4130000E+01, 0.1399702E+02, 0.9059615E+01, 0.0000000E+00, 0.8645647E+00, 0.3768419E+01, 0.1369260E+02,
 0.4132000E+01, 0.1399702E+02, 0.9056917E+01, 0.0000000E+00, 0.8646905E+00, 0.3770991E+01, 0.1369260E+02,
 0.4134000E+01, 0.1399702E+02, 0.9054216E+01, 0.0000000E+00, 0.8648166E+00, 0.3773566E+01, 0.1369260E+02,
 0.4136000E+01, 0.1399702E+02, 0.9051512E+01, 0.0000000E+00, 0.8649428E+00, 0.3776144E+01, 0.1369260E+02,
 0.4138000E+01, 0.1399702E+02, 0.9048804E+01, 0.0000000E+00, 0.8650692E+00, 0.3778725E+01, 0.1369260E+02,
 0.4140000E+01, 0.1399702E+02, 0.9046093E+01, 0.0000000E+00, 0.8651957E+00, 0.3781310E+01, 0.1369260E+02,
 0.4142000E+01, 0.1399702E+02, 0.9043379E+01, 0.0000000E+00, 0.8653224E+00, 0.3783897E+01, 0.1369260E+02,
 0.4144000E+01, 0.1399702E+02, 0.9040662E+01, 0.0000000E+00, 0.8654492E+00, 0.3786488E+01, 0.1369260E+02,
 0.4146000E+01, 0.1399702E+02, 0.9037941E+01, 0.0000000E+00, 0.8655763E+00, 0.3789081E+01, 0.1369260E+02,
 0.4148000E+01, 0.1399702E+02, 0.9035217E+01, 0.0000000E+00, 0.8657035E+00, 0.3791678E+01, 0.1369260E+02,
 0.4150000E+01, 0.1399702E+02, 0.9032490E+01, 0.0000000E+00, 0.8658308E+00, 0.3794278E+01, 0.1369260E+02,
 0.4152000E+01, 0.1399702E+02, 0.9029759E+01, 0.0000000E+00, 0.8659583E+00, 0.3796881E+01, 0.1369260E+02,
 0.4154000E+01, 0.1399702E+02, 0.9027025E+01, 0.0000000E+00, 0.8660860E+00, 0.3799487E+01, 0.1369260E+02,
 0.4156000E+01, 0.1399702E+02, 0.9024288E+01, 0.0000000E+00, 0.8662139E+00, 0.3802096E+01, 0.1369260E+02,
 0.4158000E+01, 0.1399702E+02, 0.9021548E+01, 0.0000000E+00, 0.8663418E+00, 0.3804708E+01, 0.1369260E+02,
 0.4160000E+01, 0.1399702E+02, 0.9018805E+01, 0.0000000E+00, 0.8664700E+00, 0.3807324E+01, 0.1369260E+02,
 0.4162000E+01, 0.1399702E+02, 0.9016058E+01, 0.0000000E+00, 0.8665984E+00, 0.3809942E+01, 0.1369260E+02,
 0.4164000E+01, 0.1399702E+02, 0.9013308E+01, 0.0000000E+00, 0.8667269E+00, 0.3812564E+01, 0.1369260E+02,
 0.4166000E+01, 0.1399702E+02, 0.9010554E+01, 0.0000000E+00, 0.8668556E+00, 0.3815189E+01, 0.1369260E+02,
 0.4168000E+01, 0.1399702E+02, 0.9007797E+01, 0.0000000E+00, 0.8669844E+00, 0.3817816E+01, 0.1369260E+02,
 0.4170000E+01, 0.1399702E+02, 0.9005037E+01, 0.0000000E+00, 0.8671135E+00, 0.3820448E+01, 0.1369260E+02,
 0.4172000E+01, 0.1399702E+02, 0.9002274E+01, 0.0000000E+00, 0.8672427E+00, 0.3823082E+01, 0.1369260E+02,
 0.4174000E+01, 0.1399702E+02, 0.8999507E+01, 0.0000000E+00, 0.8673720E+00, 0.3825719E+01, 0.1369260E+02,
 0.4176000E+01, 0.1399702E+02, 0.8996737E+01, 0.0000000E+00, 0.8675016E+00, 0.3828359E+01, 0.1369260E+02,
 0.4178000E+01, 0.1399702E+02, 0.8993964E+01, 0.0000000E+00, 0.8676313E+00, 0.3831003E+01, 0.1369260E+02,
 0.4180000E+01, 0.1399702E+02, 0.8991188E+01, 0.0000000E+00, 0.8677613E+00, 0.3833649E+01, 0.1369260E+02,
 0.4182000E+01, 0.1399702E+02, 0.8988408E+01, 0.0000000E+00, 0.8678913E+00, 0.3836299E+01, 0.1369260E+02,
 0.4184000E+01, 0.1399702E+02, 0.8985624E+01, 0.0000000E+00, 0.8680216E+00, 0.3838952E+01, 0.1369260E+02,
 0.4186000E+01, 0.1399702E+02, 0.8982839E+01, 0.0000000E+00, 0.8681520E+00, 0.3841608E+01, 0.1369260E+02,
 0.4188000E+01, 0.1399702E+02, 0.8980048E+01, 0.0000000E+00, 0.8682827E+00, 0.3844267E+01, 0.1369260E+02,
 0.4190000E+01, 0.1399702E+02, 0.8977255E+01, 0.0000000E+00, 0.8684134E+00, 0.3846930E+01, 0.1369260E+02,
 0.4192000E+01, 0.1399702E+02, 0.8974459E+01, 0.0000000E+00, 0.8685445E+00, 0.3849595E+01, 0.1369260E+02,
 0.4194000E+01, 0.1399702E+02, 0.8971659E+01, 0.0000000E+00, 0.8686756E+00, 0.3852264E+01, 0.1369260E+02,
 0.4196000E+01, 0.1399702E+02, 0.8968856E+01, 0.0000000E+00, 0.8688070E+00, 0.3854936E+01, 0.1369260E+02,
 0.4198000E+01, 0.1399702E+02, 0.8966049E+01, 0.0000000E+00, 0.8689386E+00, 0.3857611E+01, 0.1369260E+02,
 0.4200000E+01, 0.1399702E+02, 0.8963240E+01, 0.0000000E+00, 0.8690703E+00, 0.3860289E+01, 0.1369260E+02,
 0.4202000E+01, 0.1399702E+02, 0.8960426E+01, 0.0000000E+00, 0.8692023E+00, 0.3862970E+01, 0.1369260E+02,
 0.4204000E+01, 0.1399702E+02, 0.8957609E+01, 0.0000000E+00, 0.8693343E+00, 0.3865655E+01, 0.1369260E+02,
 0.4206000E+01, 0.1399702E+02, 0.8954789E+01, 0.0000000E+00, 0.8694667E+00, 0.3868342E+01, 0.1369260E+02,
 0.4208000E+01, 0.1399702E+02, 0.8951966E+01, 0.0000000E+00, 0.8695992E+00, 0.3871033E+01, 0.1369260E+02,
 0.4210000E+01, 0.1399702E+02, 0.8949139E+01, 0.0000000E+00, 0.8697318E+00, 0.3873728E+01, 0.1369260E+02,
 0.4212000E+01, 0.1399702E+02, 0.8946309E+01, 0.0000000E+00, 0.8698648E+00, 0.3876425E+01, 0.1369260E+02,
 0.4214000E+01, 0.1399702E+02, 0.8943476E+01, 0.0000000E+00, 0.8699979E+00, 0.3879125E+01, 0.1369260E+02,
 0.4216000E+01, 0.1399702E+02, 0.8940639E+01, 0.0000000E+00, 0.8701311E+00, 0.3881829E+01, 0.1369260E+02,
 0.4218000E+01, 0.1399702E+02, 0.8937798E+01, 0.0000000E+00, 0.8702646E+00, 0.3884536E+01, 0.1369260E+02,
 0.4220000E+01, 0.1399702E+02, 0.8934954E+01, 0.0000000E+00, 0.8703982E+00, 0.3887246E+01, 0.1369260E+02,
 0.4222000E+01, 0.1399702E+02, 0.8932107E+01, 0.0000000E+00, 0.8705321E+00, 0.3889960E+01, 0.1369260E+02,
 0.4224000E+01, 0.1399702E+02, 0.8929256E+01, 0.0000000E+00, 0.8706661E+00, 0.3892676E+01, 0.1369260E+02,
 0.4226000E+01, 0.1399702E+02, 0.8926402E+01, 0.0000000E+00, 0.8708004E+00, 0.3895396E+01, 0.1369260E+02,
 0.4228000E+01, 0.1399702E+02, 0.8923545E+01, 0.0000000E+00, 0.8709348E+00, 0.3898119E+01, 0.1369260E+02,
 0.4230000E+01, 0.1399702E+02, 0.8920684E+01, 0.0000000E+00, 0.8710695E+00, 0.3900845E+01, 0.1369260E+02,
 0.4232000E+01, 0.1399702E+02, 0.8917819E+01, 0.0000000E+00, 0.8712043E+00, 0.3903575E+01, 0.1369260E+02,
 0.4234000E+01, 0.1399702E+02, 0.8914951E+01, 0.0000000E+00, 0.8713394E+00, 0.3906308E+01, 0.1369260E+02,
 0.4236000E+01, 0.1399702E+02, 0.8912080E+01, 0.0000000E+00, 0.8714746E+00, 0.3909044E+01, 0.1369260E+02,
 0.4238000E+01, 0.1399702E+02, 0.8909205E+01, 0.0000000E+00, 0.8716100E+00, 0.3911783E+01, 0.1369260E+02,
 0.4240000E+01, 0.1399702E+02, 0.8906327E+01, 0.0000000E+00, 0.8717456E+00, 0.3914526E+01, 0.1369260E+02,
 0.4242000E+01, 0.1399702E+02, 0.8903445E+01, 0.0000000E+00, 0.8718814E+00, 0.3917272E+01, 0.1369260E+02,
 0.4244000E+01, 0.1399702E+02, 0.8900560E+01, 0.0000000E+00, 0.8720174E+00, 0.3920021E+01, 0.1369260E+02,
 0.4246000E+01, 0.1399702E+02, 0.8897672E+01, 0.0000000E+00, 0.8721536E+00, 0.3922773E+01, 0.1369260E+02,
 0.4248000E+01, 0.1399702E+02, 0.8894779E+01, 0.0000000E+00, 0.8722901E+00, 0.3925529E+01, 0.1369260E+02,
 0.4250000E+01, 0.1399702E+02, 0.8891884E+01, 0.0000000E+00, 0.8724266E+00, 0.3928288E+01, 0.1369260E+02,
 0.4252000E+01, 0.1399702E+02, 0.8888985E+01, 0.0000000E+00, 0.8725634E+00, 0.3931050E+01, 0.1369260E+02,
 0.4254000E+01, 0.1399702E+02, 0.8886083E+01, 0.0000000E+00, 0.8727004E+00, 0.3933816E+01, 0.1369260E+02,
 0.4256000E+01, 0.1399702E+02, 0.8883176E+01, 0.0000000E+00, 0.8728376E+00, 0.3936584E+01, 0.1369260E+02,
 0.4258000E+01, 0.1399702E+02, 0.8880267E+01, 0.0000000E+00, 0.8729749E+00, 0.3939357E+01, 0.1369260E+02,
 0.4260000E+01, 0.1399702E+02, 0.8877354E+01, 0.0000000E+00, 0.8731125E+00, 0.3942132E+01, 0.1369260E+02,
 0.4262000E+01, 0.1399702E+02, 0.8874437E+01, 0.0000000E+00, 0.8732502E+00, 0.3944911E+01, 0.1369260E+02,
 0.4264000E+01, 0.1399702E+02, 0.8871517E+01, 0.0000000E+00, 0.8733882E+00, 0.3947693E+01, 0.1369260E+02,
 0.4266000E+01, 0.1399702E+02, 0.8868593E+01, 0.0000000E+00, 0.8735263E+00, 0.3950478E+01, 0.1369260E+02,
 0.4268000E+01, 0.1399702E+02, 0.8865666E+01, 0.0000000E+00, 0.8736646E+00, 0.3953267E+01, 0.1369260E+02,
 0.4270000E+01, 0.1399702E+02, 0.8862736E+01, 0.0000000E+00, 0.8738031E+00, 0.3956059E+01, 0.1369260E+02,
 0.4272000E+01, 0.1399702E+02, 0.8859802E+01, 0.0000000E+00, 0.8739418E+00, 0.3958855E+01, 0.1369260E+02,
 0.4274000E+01, 0.1399702E+02, 0.8856864E+01, 0.0000000E+00, 0.8740807E+00, 0.3961653E+01, 0.1369260E+02,
 0.4276000E+01, 0.1399702E+02, 0.8853923E+01, 0.0000000E+00, 0.8742198E+00, 0.3964455E+01, 0.1369260E+02,
 0.4278000E+01, 0.1399702E+02, 0.8850979E+01, 0.0000000E+00, 0.8743590E+00, 0.3967261E+01, 0.1369260E+02,
 0.4280000E+01, 0.1399702E+02, 0.8848030E+01, 0.0000000E+00, 0.8744985E+00, 0.3970070E+01, 0.1369260E+02,
 0.4282000E+01, 0.1399702E+02, 0.8845078E+01, 0.0000000E+00, 0.8746381E+00, 0.3972882E+01, 0.1369260E+02,
 0.4284000E+01, 0.1399702E+02, 0.8842123E+01, 0.0000000E+00, 0.8747779E+00, 0.3975697E+01, 0.1369260E+02,
 0.4286000E+01, 0.1399702E+02, 0.8839165E+01, 0.0000000E+00, 0.8749179E+00, 0.3978516E+01, 0.1369260E+02,
 0.4288000E+01, 0.1399702E+02, 0.8836203E+01, 0.0000000E+00, 0.8750581E+00, 0.3981338E+01, 0.1369260E+02,
 0.4290000E+01, 0.1399702E+02, 0.8833237E+01, 0.0000000E+00, 0.8751985E+00, 0.3984164E+01, 0.1369260E+02,
 0.4292000E+01, 0.1399702E+02, 0.8830267E+01, 0.0000000E+00, 0.8753390E+00, 0.3986993E+01, 0.1369260E+02,
 0.4294000E+01, 0.1399702E+02, 0.8827293E+01, 0.0000000E+00, 0.8754798E+00, 0.3989825E+01, 0.1369260E+02,
 0.4296000E+01, 0.1399702E+02, 0.8824317E+01, 0.0000000E+00, 0.8756207E+00, 0.3992660E+01, 0.1369260E+02,
 0.4298000E+01, 0.1399702E+02, 0.8821337E+01, 0.0000000E+00, 0.8757618E+00, 0.3995499E+01, 0.1369260E+02,
 0.4300000E+01, 0.1399702E+02, 0.8818354E+01, 0.0000000E+00, 0.8759031E+00, 0.3998342E+01, 0.1369260E+02,
 0.4302000E+01, 0.1399702E+02, 0.8815366E+01, 0.0000000E+00, 0.8760446E+00, 0.4001188E+01, 0.1369260E+02,
 0.4304000E+01, 0.1399702E+02, 0.8812375E+01, 0.0000000E+00, 0.8761863E+00, 0.4004037E+01, 0.1369260E+02,
 0.4306000E+01, 0.1399702E+02, 0.8809381E+01, 0.0000000E+00, 0.8763281E+00, 0.4006889E+01, 0.1369260E+02,
 0.4308000E+01, 0.1399702E+02, 0.8806383E+01, 0.0000000E+00, 0.8764701E+00, 0.4009746E+01, 0.1369260E+02,
 0.4310000E+01, 0.1399702E+02, 0.8803381E+01, 0.0000000E+00, 0.8766123E+00, 0.4012605E+01, 0.1369260E+02,
 0.4312000E+01, 0.1399702E+02, 0.8800376E+01, 0.0000000E+00, 0.8767547E+00, 0.4015468E+01, 0.1369260E+02,
 0.4314000E+01, 0.1399702E+02, 0.8797367E+01, 0.0000000E+00, 0.8768973E+00, 0.4018334E+01, 0.1369260E+02,
 0.4316000E+01, 0.1399702E+02, 0.8794355E+01, 0.0000000E+00, 0.8770400E+00, 0.4021204E+01, 0.1369260E+02,
 0.4318000E+01, 0.1399702E+02, 0.8791339E+01, 0.0000000E+00, 0.8771830E+00, 0.4024076E+01, 0.1369260E+02,
 0.4320000E+01, 0.1399702E+02, 0.8788320E+01, 0.0000000E+00, 0.8773261E+00, 0.4026953E+01, 0.1369260E+02,
 0.4322000E+01, 0.1399702E+02, 0.8785296E+01, 0.0000000E+00, 0.8774694E+00, 0.4029833E+01, 0.1369260E+02,
 0.4324000E+01, 0.1399702E+02, 0.8782269E+01, 0.0000000E+00, 0.8776128E+00, 0.4032716E+01, 0.1369260E+02,
 0.4326000E+01, 0.1399702E+02, 0.8779240E+01, 0.0000000E+00, 0.8777565E+00, 0.4035603E+01, 0.1369260E+02,
 0.4328000E+01, 0.1399702E+02, 0.8776205E+01, 0.0000000E+00, 0.8779004E+00, 0.4038493E+01, 0.1369260E+02,
 0.4330000E+01, 0.1399702E+02, 0.8773168E+01, 0.0000000E+00, 0.8780444E+00, 0.4041386E+01, 0.1369260E+02,
 0.4332000E+01, 0.1399702E+02, 0.8770126E+01, 0.0000000E+00, 0.8781886E+00, 0.4044283E+01, 0.1369260E+02,
 0.4334000E+01, 0.1399702E+02, 0.8767082E+01, 0.0000000E+00, 0.8783330E+00, 0.4047184E+01, 0.1369260E+02,
 0.4336000E+01, 0.1399702E+02, 0.8764033E+01, 0.0000000E+00, 0.8784776E+00, 0.4050087E+01, 0.1369260E+02,
 0.4338000E+01, 0.1399702E+02, 0.8760982E+01, 0.0000000E+00, 0.8786224E+00, 0.4052995E+01, 0.1369260E+02,
 0.4340000E+01, 0.1399702E+02, 0.8757926E+01, 0.0000000E+00, 0.8787673E+00, 0.4055905E+01, 0.1369260E+02,
 0.4342000E+01, 0.1399702E+02, 0.8754867E+01, 0.0000000E+00, 0.8789124E+00, 0.4058819E+01, 0.1369260E+02,
 0.4344000E+01, 0.1399702E+02, 0.8751803E+01, 0.0000000E+00, 0.8790578E+00, 0.4061737E+01, 0.1369260E+02,
 0.4346000E+01, 0.1399702E+02, 0.8748737E+01, 0.0000000E+00, 0.8792033E+00, 0.4064658E+01, 0.1369260E+02,
 0.4348000E+01, 0.1399702E+02, 0.8745667E+01, 0.0000000E+00, 0.8793490E+00, 0.4067583E+01, 0.1369260E+02,
 0.4350000E+01, 0.1399702E+02, 0.8742593E+01, 0.0000000E+00, 0.8794948E+00, 0.4070510E+01, 0.1369260E+02,
 0.4352000E+01, 0.1399702E+02, 0.8739516E+01, 0.0000000E+00, 0.8796409E+00, 0.4073442E+01, 0.1369260E+02,
 0.4354000E+01, 0.1399702E+02, 0.8736435E+01, 0.0000000E+00, 0.8797871E+00, 0.4076376E+01, 0.1369260E+02,
 0.4356000E+01, 0.1399702E+02, 0.8733350E+01, 0.0000000E+00, 0.8799336E+00, 0.4079315E+01, 0.1369260E+02,
 0.4358000E+01, 0.1399702E+02, 0.8730262E+01, 0.0000000E+00, 0.8800802E+00, 0.4082256E+01, 0.1369260E+02,
 0.4360000E+01, 0.1399702E+02, 0.8727170E+01, 0.0000000E+00, 0.8802270E+00, 0.4085202E+01, 0.1369260E+02,
 0.4362000E+01, 0.1399702E+02, 0.8724074E+01, 0.0000000E+00, 0.8803740E+00, 0.4088151E+01, 0.1369260E+02,
 0.4364000E+01, 0.1399702E+02, 0.8720975E+01, 0.0000000E+00, 0.8805212E+00, 0.4091103E+01, 0.1369260E+02,
 0.4366000E+01, 0.1399702E+02, 0.8717872E+01, 0.0000000E+00, 0.8806685E+00, 0.4094058E+01, 0.1369260E+02,
 0.4368000E+01, 0.1399702E+02, 0.8714766E+01, 0.0000000E+00, 0.8808161E+00, 0.4097017E+01, 0.1369260E+02,
 0.4370000E+01, 0.1399702E+02, 0.8711655E+01, 0.0000000E+00, 0.8809638E+00, 0.4099979E+01, 0.1369260E+02,
 0.4372000E+01, 0.1399702E+02, 0.8708541E+01, 0.0000000E+00, 0.8811117E+00, 0.4102946E+01, 0.1369260E+02,
 0.4374000E+01, 0.1399702E+02, 0.8705423E+01, 0.0000000E+00, 0.8812599E+00, 0.4105915E+01, 0.1369260E+02,
 0.4376000E+01, 0.1399702E+02, 0.8702302E+01, 0.0000000E+00, 0.8814082E+00, 0.4108888E+01, 0.1369260E+02,
 0.4378000E+01, 0.1399702E+02, 0.8699177E+01, 0.0000000E+00, 0.8815566E+00, 0.4111865E+01, 0.1369260E+02,
 0.4380000E+01, 0.1399702E+02, 0.8696049E+01, 0.0000000E+00, 0.8817053E+00, 0.4114845E+01, 0.1369260E+02,
 0.4382000E+01, 0.1399702E+02, 0.8692916E+01, 0.0000000E+00, 0.8818542E+00, 0.4117828E+01, 0.1369260E+02,
 0.4384000E+01, 0.1399702E+02, 0.8689780E+01, 0.0000000E+00, 0.8820032E+00, 0.4120815E+01, 0.1369260E+02,
 0.4386000E+01, 0.1399702E+02, 0.8686641E+01, 0.0000000E+00, 0.8821524E+00, 0.4123806E+01, 0.1369260E+02,
 0.4388000E+01, 0.1399702E+02, 0.8683497E+01, 0.0000000E+00, 0.8823019E+00, 0.4126800E+01, 0.1369260E+02,
 0.4390000E+01, 0.1399702E+02, 0.8680350E+01, 0.0000000E+00, 0.8824515E+00, 0.4129797E+01, 0.1369260E+02,
 0.4392000E+01, 0.1399702E+02, 0.8677199E+01, 0.0000000E+00, 0.8826013E+00, 0.4132798E+01, 0.1369260E+02,
 0.4394000E+01, 0.1399702E+02, 0.8674045E+01, 0.0000000E+00, 0.8827513E+00, 0.4135803E+01, 0.1369260E+02,
 0.4396000E+01, 0.1399702E+02, 0.8670886E+01, 0.0000000E+00, 0.8829015E+00, 0.4138811E+01, 0.1369260E+02,
 0.4398000E+01, 0.1399702E+02, 0.8667725E+01, 0.0000000E+00, 0.8830518E+00, 0.4141822E+01, 0.1369260E+02,
 0.4400000E+01, 0.1399702E+02, 0.8664558E+01, 0.0000000E+00, 0.8832024E+00, 0.4144837E+01, 0.1369260E+02,
 0.4402000E+01, 0.1399702E+02, 0.8661389E+01, 0.0000000E+00, 0.8833531E+00, 0.4147856E+01, 0.1369260E+02,
 0.4404000E+01, 0.1399702E+02, 0.8658216E+01, 0.0000000E+00, 0.8835040E+00, 0.4150878E+01, 0.1369260E+02,
 0.4406000E+01, 0.1399702E+02, 0.8655040E+01, 0.0000000E+00, 0.8836552E+00, 0.4153904E+01, 0.1369260E+02,
 0.4408000E+01, 0.1399702E+02, 0.8651859E+01, 0.0000000E+00, 0.8838065E+00, 0.4156933E+01, 0.1369260E+02,
 0.4410000E+01, 0.1399702E+02, 0.8648675E+01, 0.0000000E+00, 0.8839580E+00, 0.4159966E+01, 0.1369260E+02,
 0.4412000E+01, 0.1399702E+02, 0.8645487E+01, 0.0000000E+00, 0.8841096E+00, 0.4163002E+01, 0.1369260E+02,
 0.4414000E+01, 0.1399702E+02, 0.8642295E+01, 0.0000000E+00, 0.8842615E+00, 0.4166042E+01, 0.1369260E+02,
 0.4416000E+01, 0.1399702E+02, 0.8639099E+01, 0.0000000E+00, 0.8844135E+00, 0.4169086E+01, 0.1369260E+02,
 0.4418000E+01, 0.1399702E+02, 0.8635900E+01, 0.0000000E+00, 0.8845658E+00, 0.4172132E+01, 0.1369260E+02,
 0.4420000E+01, 0.1399702E+02, 0.8632697E+01, 0.0000000E+00, 0.8847182E+00, 0.4175183E+01, 0.1369260E+02,
 0.4422000E+01, 0.1399702E+02, 0.8629490E+01, 0.0000000E+00, 0.8848709E+00, 0.4178237E+01, 0.1369260E+02,
 0.4424000E+01, 0.1399702E+02, 0.8626280E+01, 0.0000000E+00, 0.8850237E+00, 0.4181295E+01, 0.1369260E+02,
 0.4426000E+01, 0.1399702E+02, 0.8623065E+01, 0.0000000E+00, 0.8851767E+00, 0.4184356E+01, 0.1369260E+02,
 0.4428000E+01, 0.1399702E+02, 0.8619847E+01, 0.0000000E+00, 0.8853298E+00, 0.4187421E+01, 0.1369260E+02,
 0.4430000E+01, 0.1399702E+02, 0.8616626E+01, 0.0000000E+00, 0.8854832E+00, 0.4190490E+01, 0.1369260E+02,
 0.4432000E+01, 0.1399702E+02, 0.8613400E+01, 0.0000000E+00, 0.8856367E+00, 0.4193562E+01, 0.1369260E+02,
 0.4434000E+01, 0.1399702E+02, 0.8610170E+01, 0.0000000E+00, 0.8857905E+00, 0.4196637E+01, 0.1369260E+02,
 0.4436000E+01, 0.1399702E+02, 0.8606937E+01, 0.0000000E+00, 0.8859444E+00, 0.4199717E+01, 0.1369260E+02,
 0.4438000E+01, 0.1399702E+02, 0.8603701E+01, 0.0000000E+00, 0.8860986E+00, 0.4202799E+01, 0.1369260E+02,
 0.4440000E+01, 0.1399702E+02, 0.8600460E+01, 0.0000000E+00, 0.8862529E+00, 0.4205886E+01, 0.1369260E+02,
 0.4442000E+01, 0.1399702E+02, 0.8597215E+01, 0.0000000E+00, 0.8864074E+00, 0.4208976E+01, 0.1369260E+02,
 0.4444000E+01, 0.1399702E+02, 0.8593966E+01, 0.0000000E+00, 0.8865620E+00, 0.4212070E+01, 0.1369260E+02,
 0.4446000E+01, 0.1399702E+02, 0.8590714E+01, 0.0000000E+00, 0.8867169E+00, 0.4215167E+01, 0.1369260E+02,
 0.4448000E+01, 0.1399702E+02, 0.8587459E+01, 0.0000000E+00, 0.8868719E+00, 0.4218268E+01, 0.1369260E+02,
 0.4450000E+01, 0.1399702E+02, 0.8584199E+01, 0.0000000E+00, 0.8870272E+00, 0.4221372E+01, 0.1369260E+02,
 0.4452000E+01, 0.1399702E+02, 0.8580935E+01, 0.0000000E+00, 0.8871826E+00, 0.4224480E+01, 0.1369260E+02,
 0.4454000E+01, 0.1399702E+02, 0.8577668E+01, 0.0000000E+00, 0.8873382E+00, 0.4227592E+01, 0.1369260E+02,
 0.4456000E+01, 0.1399702E+02, 0.8574397E+01, 0.0000000E+00, 0.8874940E+00, 0.4230708E+01, 0.1369260E+02,
 0.4458000E+01, 0.1399702E+02, 0.8571122E+01, 0.0000000E+00, 0.8876500E+00, 0.4233827E+01, 0.1369260E+02,
 0.4460000E+01, 0.1399702E+02, 0.8567843E+01, 0.0000000E+00, 0.8878062E+00, 0.4236949E+01, 0.1369260E+02,
 0.4462000E+01, 0.1399702E+02, 0.8564560E+01, 0.0000000E+00, 0.8879625E+00, 0.4240076E+01, 0.1369260E+02,
 0.4464000E+01, 0.1399702E+02, 0.8561274E+01, 0.0000000E+00, 0.8881191E+00, 0.4243206E+01, 0.1369260E+02,
 0.4466000E+01, 0.1399702E+02, 0.8557983E+01, 0.0000000E+00, 0.8882758E+00, 0.4246339E+01, 0.1369260E+02,
 0.4468000E+01, 0.1399702E+02, 0.8554689E+01, 0.0000000E+00, 0.8884327E+00, 0.4249476E+01, 0.1369260E+02,
 0.4470000E+01, 0.1399702E+02, 0.8551392E+01, 0.0000000E+00, 0.8885898E+00, 0.4252617E+01, 0.1369260E+02,
 0.4472000E+01, 0.1399702E+02, 0.8548089E+01, 0.0000000E+00, 0.8887471E+00, 0.4255762E+01, 0.1369260E+02,
 0.4474000E+01, 0.1399702E+02, 0.8544784E+01, 0.0000000E+00, 0.8889046E+00, 0.4258910E+01, 0.1369260E+02,
 0.4476000E+01, 0.1399702E+02, 0.8541474E+01, 0.0000000E+00, 0.8890623E+00, 0.4262062E+01, 0.1369260E+02,
 0.4478000E+01, 0.1399702E+02, 0.8538160E+01, 0.0000000E+00, 0.8892201E+00, 0.4265217E+01, 0.1369260E+02,
 0.4480000E+01, 0.1399702E+02, 0.8534843E+01, 0.0000000E+00, 0.8893781E+00, 0.4268377E+01, 0.1369260E+02,
 0.4482000E+01, 0.1399702E+02, 0.8531522E+01, 0.0000000E+00, 0.8895364E+00, 0.4271540E+01, 0.1369260E+02,
 0.4484000E+01, 0.1399702E+02, 0.8528197E+01, 0.0000000E+00, 0.8896948E+00, 0.4274706E+01, 0.1369260E+02,
 0.4486000E+01, 0.1399702E+02, 0.8524868E+01, 0.0000000E+00, 0.8898534E+00, 0.4277877E+01, 0.1369260E+02,
 0.4488000E+01, 0.1399702E+02, 0.8521536E+01, 0.0000000E+00, 0.8900121E+00, 0.4281051E+01, 0.1369260E+02,
 0.4490000E+01, 0.1399702E+02, 0.8518199E+01, 0.0000000E+00, 0.8901711E+00, 0.4284228E+01, 0.1369260E+02,
 0.4492000E+01, 0.1399702E+02, 0.8514858E+01, 0.0000000E+00, 0.8903303E+00, 0.4287410E+01, 0.1369260E+02,
 0.4494000E+01, 0.1399702E+02, 0.8511514E+01, 0.0000000E+00, 0.8904896E+00, 0.4290595E+01, 0.1369260E+02,
 0.4496000E+01, 0.1399702E+02, 0.8508165E+01, 0.0000000E+00, 0.8906491E+00, 0.4293784E+01, 0.1369260E+02,
 0.4498000E+01, 0.1399702E+02, 0.8504813E+01, 0.0000000E+00, 0.8908089E+00, 0.4296976E+01, 0.1369260E+02,
 0.4500000E+01, 0.1399702E+02, 0.8501457E+01, 0.0000000E+00, 0.8909687E+00, 0.4300172E+01, 0.1369260E+02,
 0.4502000E+01, 0.1399702E+02, 0.8498097E+01, 0.0000000E+00, 0.8911288E+00, 0.4303372E+01, 0.1369260E+02,
 0.4504000E+01, 0.1399702E+02, 0.8494734E+01, 0.0000000E+00, 0.8912891E+00, 0.4306576E+01, 0.1369260E+02,
 0.4506000E+01, 0.1399702E+02, 0.8491365E+01, 0.0000000E+00, 0.8914496E+00, 0.4309783E+01, 0.1369260E+02,
 0.4508000E+01, 0.1399702E+02, 0.8487994E+01, 0.0000000E+00, 0.8916102E+00, 0.4312994E+01, 0.1369260E+02,
 0.4510000E+01, 0.1399702E+02, 0.8484618E+01, 0.0000000E+00, 0.8917710E+00, 0.4316209E+01, 0.1369260E+02,
 0.4512000E+01, 0.1399702E+02, 0.8481239E+01, 0.0000000E+00, 0.8919321E+00, 0.4319427E+01, 0.1369260E+02,
 0.4514000E+01, 0.1399702E+02, 0.8477856E+01, 0.0000000E+00, 0.8920932E+00, 0.4322649E+01, 0.1369260E+02,
 0.4516000E+01, 0.1399702E+02, 0.8474468E+01, 0.0000000E+00, 0.8922547E+00, 0.4325875E+01, 0.1369260E+02,
 0.4518000E+01, 0.1399702E+02, 0.8471077E+01, 0.0000000E+00, 0.8924162E+00, 0.4329105E+01, 0.1369260E+02,
 0.4520000E+01, 0.1399702E+02, 0.8467682E+01, 0.0000000E+00, 0.8925780E+00, 0.4332338E+01, 0.1369260E+02,
 0.4522000E+01, 0.1399702E+02, 0.8464283E+01, 0.0000000E+00, 0.8927400E+00, 0.4335576E+01, 0.1369260E+02,
 0.4524000E+01, 0.1399702E+02, 0.8460879E+01, 0.0000000E+00, 0.8929021E+00, 0.4338817E+01, 0.1369260E+02,
 0.4526000E+01, 0.1399702E+02, 0.8457473E+01, 0.0000000E+00, 0.8930644E+00, 0.4342061E+01, 0.1369260E+02,
 0.4528000E+01, 0.1399702E+02, 0.8454062E+01, 0.0000000E+00, 0.8932269E+00, 0.4345310E+01, 0.1369260E+02,
 0.4530000E+01, 0.1399702E+02, 0.8450647E+01, 0.0000000E+00, 0.8933896E+00, 0.4348562E+01, 0.1369260E+02,
 0.4532000E+01, 0.1399702E+02, 0.8447228E+01, 0.0000000E+00, 0.8935524E+00, 0.4351818E+01, 0.1369260E+02,
 0.4534000E+01, 0.1399702E+02, 0.8443806E+01, 0.0000000E+00, 0.8937155E+00, 0.4355077E+01, 0.1369260E+02,
 0.4536000E+01, 0.1399702E+02, 0.8440379E+01, 0.0000000E+00, 0.8938788E+00, 0.4358341E+01, 0.1369260E+02,
 0.4538000E+01, 0.1399702E+02, 0.8436948E+01, 0.0000000E+00, 0.8940422E+00, 0.4361608E+01, 0.1369260E+02,
 0.4540000E+01, 0.1399702E+02, 0.8433514E+01, 0.0000000E+00, 0.8942058E+00, 0.4364879E+01, 0.1369260E+02,
 0.4542000E+01, 0.1399702E+02, 0.8430076E+01, 0.0000000E+00, 0.8943696E+00, 0.4368154E+01, 0.1369260E+02,
 0.4544000E+01, 0.1399702E+02, 0.8426633E+01, 0.0000000E+00, 0.8945336E+00, 0.4371432E+01, 0.1369260E+02,
 0.4546000E+01, 0.1399702E+02, 0.8423186E+01, 0.0000000E+00, 0.8946977E+00, 0.4374714E+01, 0.1369260E+02,
 0.4548000E+01, 0.1399702E+02, 0.8419736E+01, 0.0000000E+00, 0.8948621E+00, 0.4378000E+01, 0.1369260E+02,
 0.4550000E+01, 0.1399702E+02, 0.8416282E+01, 0.0000000E+00, 0.8950266E+00, 0.4381290E+01, 0.1369260E+02,
 0.4552000E+01, 0.1399702E+02, 0.8412824E+01, 0.0000000E+00, 0.8951914E+00, 0.4384584E+01, 0.1369260E+02,
 0.4554000E+01, 0.1399702E+02, 0.8409361E+01, 0.0000000E+00, 0.8953562E+00, 0.4387881E+01, 0.1369260E+02,
 0.4556000E+01, 0.1399702E+02, 0.8405894E+01, 0.0000000E+00, 0.8955213E+00, 0.4391182E+01, 0.1369260E+02,
 0.4558000E+01, 0.1399702E+02, 0.8402425E+01, 0.0000000E+00, 0.8956866E+00, 0.4394487E+01, 0.1369260E+02,
 0.4560000E+01, 0.1399702E+02, 0.8398951E+01, 0.0000000E+00, 0.8958521E+00, 0.4397796E+01, 0.1369260E+02,
 0.4562000E+01, 0.1399702E+02, 0.8395473E+01, 0.0000000E+00, 0.8960177E+00, 0.4401109E+01, 0.1369260E+02,
 0.4564000E+01, 0.1399702E+02, 0.8391990E+01, 0.0000000E+00, 0.8961835E+00, 0.4404425E+01, 0.1369260E+02,
 0.4566000E+01, 0.1399702E+02, 0.8388504E+01, 0.0000000E+00, 0.8963495E+00, 0.4407745E+01, 0.1369260E+02,
 0.4568000E+01, 0.1399702E+02, 0.8385014E+01, 0.0000000E+00, 0.8965157E+00, 0.4411069E+01, 0.1369260E+02,
 0.4570000E+01, 0.1399702E+02, 0.8381519E+01, 0.0000000E+00, 0.8966821E+00, 0.4414397E+01, 0.1369260E+02,
 0.4572000E+01, 0.1399702E+02, 0.8378021E+01, 0.0000000E+00, 0.8968486E+00, 0.4417728E+01, 0.1369260E+02,
 0.4574000E+01, 0.1399702E+02, 0.8374519E+01, 0.0000000E+00, 0.8970153E+00, 0.4421064E+01, 0.1369260E+02,
 0.4576000E+01, 0.1399702E+02, 0.8371013E+01, 0.0000000E+00, 0.8971823E+00, 0.4424403E+01, 0.1369260E+02,
 0.4578000E+01, 0.1399702E+02, 0.8367503E+01, 0.0000000E+00, 0.8973494E+00, 0.4427746E+01, 0.1369260E+02,
 0.4580000E+01, 0.1399702E+02, 0.8363989E+01, 0.0000000E+00, 0.8975167E+00, 0.4431093E+01, 0.1369260E+02,
 0.4582000E+01, 0.1399702E+02, 0.8360471E+01, 0.0000000E+00, 0.8976841E+00, 0.4434443E+01, 0.1369260E+02,
 0.4584000E+01, 0.1399702E+02, 0.8356949E+01, 0.0000000E+00, 0.8978518E+00, 0.4437798E+01, 0.1369260E+02,
 0.4586000E+01, 0.1399702E+02, 0.8353422E+01, 0.0000000E+00, 0.8980196E+00, 0.4441156E+01, 0.1369260E+02,
 0.4588000E+01, 0.1399702E+02, 0.8349892E+01, 0.0000000E+00, 0.8981876E+00, 0.4444519E+01, 0.1369260E+02,
 0.4590000E+01, 0.1399702E+02, 0.8346358E+01, 0.0000000E+00, 0.8983557E+00, 0.4447885E+01, 0.1369260E+02,
 0.4592000E+01, 0.1399702E+02, 0.8342819E+01, 0.0000000E+00, 0.8985241E+00, 0.4451255E+01, 0.1369260E+02,
 0.4594000E+01, 0.1399702E+02, 0.8339277E+01, 0.0000000E+00, 0.8986927E+00, 0.4454628E+01, 0.1369260E+02,
 0.4596000E+01, 0.1399702E+02, 0.8335731E+01, 0.0000000E+00, 0.8988614E+00, 0.4458006E+01, 0.1369260E+02,
 0.4598000E+01, 0.1399702E+02, 0.8332180E+01, 0.0000000E+00, 0.8990303E+00, 0.4461388E+01, 0.1369260E+02,
 0.4600000E+01, 0.1399702E+02, 0.8328626E+01, 0.0000000E+00, 0.8991994E+00, 0.4464773E+01, 0.1369260E+02,
 0.4602000E+01, 0.1399702E+02, 0.8325068E+01, 0.0000000E+00, 0.8993686E+00, 0.4468163E+01, 0.1369260E+02,
 0.4604000E+01, 0.1399702E+02, 0.8321505E+01, 0.0000000E+00, 0.8995381E+00, 0.4471556E+01, 0.1369260E+02,
 0.4606000E+01, 0.1399702E+02, 0.8317938E+01, 0.0000000E+00, 0.8997077E+00, 0.4474953E+01, 0.1369260E+02,
 0.4608000E+01, 0.1399702E+02, 0.8314367E+01, 0.0000000E+00, 0.8998775E+00, 0.4478354E+01, 0.1369260E+02,
 0.4610000E+01, 0.1399702E+02, 0.8310793E+01, 0.0000000E+00, 0.9000475E+00, 0.4481758E+01, 0.1369260E+02,
 0.4612000E+01, 0.1399702E+02, 0.8307214E+01, 0.0000000E+00, 0.9002177E+00, 0.4485167E+01, 0.1369260E+02,
 0.4614000E+01, 0.1399702E+02, 0.8303631E+01, 0.0000000E+00, 0.9003880E+00, 0.4488580E+01, 0.1369260E+02,
 0.4616000E+01, 0.1399702E+02, 0.8300043E+01, 0.0000000E+00, 0.9005585E+00, 0.4491996E+01, 0.1369260E+02,
 0.4618000E+01, 0.1399702E+02, 0.8296453E+01, 0.0000000E+00, 0.9007292E+00, 0.4495417E+01, 0.1369260E+02,
 0.4620000E+01, 0.1399702E+02, 0.8292857E+01, 0.0000000E+00, 0.9009001E+00, 0.4498841E+01, 0.1369260E+02,
 0.4622000E+01, 0.1399702E+02, 0.8289258E+01, 0.0000000E+00, 0.9010712E+00, 0.4502270E+01, 0.1369260E+02,
 0.4624000E+01, 0.1399702E+02, 0.8285654E+01, 0.0000000E+00, 0.9012424E+00, 0.4505702E+01, 0.1369260E+02,
 0.4626000E+01, 0.1399702E+02, 0.8282046E+01, 0.0000000E+00, 0.9014139E+00, 0.4509138E+01, 0.1369260E+02,
 0.4628000E+01, 0.1399702E+02, 0.8278435E+01, 0.0000000E+00, 0.9015855E+00, 0.4512578E+01, 0.1369260E+02,
 0.4630000E+01, 0.1399702E+02, 0.8274818E+01, 0.0000000E+00, 0.9017572E+00, 0.4516022E+01, 0.1369260E+02,
 0.4632000E+01, 0.1399702E+02, 0.8271199E+01, 0.0000000E+00, 0.9019292E+00, 0.4519470E+01, 0.1369260E+02,
 0.4634000E+01, 0.1399702E+02, 0.8267574E+01, 0.0000000E+00, 0.9021013E+00, 0.4522923E+01, 0.1369260E+02,
 0.4636000E+01, 0.1399702E+02, 0.8263947E+01, 0.0000000E+00, 0.9022737E+00, 0.4526378E+01, 0.1369260E+02,
 0.4638000E+01, 0.1399702E+02, 0.8260314E+01, 0.0000000E+00, 0.9024462E+00, 0.4529838E+01, 0.1369260E+02,
 0.4640000E+01, 0.1399702E+02, 0.8256678E+01, 0.0000000E+00, 0.9026188E+00, 0.4533302E+01, 0.1369260E+02,
 0.4642000E+01, 0.1399702E+02, 0.8253036E+01, 0.0000000E+00, 0.9027917E+00, 0.4536770E+01, 0.1369260E+02,
 0.4644000E+01, 0.1399702E+02, 0.8249392E+01, 0.0000000E+00, 0.9029647E+00, 0.4540242E+01, 0.1369260E+02,
 0.4646000E+01, 0.1399702E+02, 0.8245743E+01, 0.0000000E+00, 0.9031379E+00, 0.4543718E+01, 0.1369260E+02,
 0.4648000E+01, 0.1399702E+02, 0.8242089E+01, 0.0000000E+00, 0.9033113E+00, 0.4547197E+01, 0.1369260E+02,
 0.4650000E+01, 0.1399702E+02, 0.8238432E+01, 0.0000000E+00, 0.9034849E+00, 0.4550681E+01, 0.1369260E+02,
 0.4652000E+01, 0.1399702E+02, 0.8234771E+01, 0.0000000E+00, 0.9036586E+00, 0.4554169E+01, 0.1369260E+02,
 0.4654000E+01, 0.1399702E+02, 0.8231105E+01, 0.0000000E+00, 0.9038326E+00, 0.4557661E+01, 0.1369260E+02,
 0.4656000E+01, 0.1399702E+02, 0.8227435E+01, 0.0000000E+00, 0.9040067E+00, 0.4561157E+01, 0.1369260E+02,
 0.4658000E+01, 0.1399702E+02, 0.8223761E+01, 0.0000000E+00, 0.9041809E+00, 0.4564656E+01, 0.1369260E+02,
 0.4660000E+01, 0.1399702E+02, 0.8220083E+01, 0.0000000E+00, 0.9043554E+00, 0.4568160E+01, 0.1369260E+02,
 0.4662000E+01, 0.1399702E+02, 0.8216400E+01, 0.0000000E+00, 0.9045300E+00, 0.4571668E+01, 0.1369260E+02,
 0.4664000E+01, 0.1399702E+02, 0.8212714E+01, 0.0000000E+00, 0.9047049E+00, 0.4575180E+01, 0.1369260E+02,
 0.4666000E+01, 0.1399702E+02, 0.8209023E+01, 0.0000000E+00, 0.9048799E+00, 0.4578695E+01, 0.1369260E+02,
 0.4668000E+01, 0.1399702E+02, 0.8205328E+01, 0.0000000E+00, 0.9050550E+00, 0.4582215E+01, 0.1369260E+02,
 0.4670000E+01, 0.1399702E+02, 0.8201629E+01, 0.0000000E+00, 0.9052304E+00, 0.4585739E+01, 0.1369260E+02,
 0.4672000E+01, 0.1399702E+02, 0.8197926E+01, 0.0000000E+00, 0.9054059E+00, 0.4589267E+01, 0.1369260E+02,
 0.4674000E+01, 0.1399702E+02, 0.8194218E+01, 0.0000000E+00, 0.9055817E+00, 0.4592799E+01, 0.1369260E+02,
 0.4676000E+01, 0.1399702E+02, 0.8190506E+01, 0.0000000E+00, 0.9057575E+00, 0.4596334E+01, 0.1369260E+02,
 0.4678000E+01, 0.1399702E+02, 0.8186790E+01, 0.0000000E+00, 0.9059336E+00, 0.4599874E+01, 0.1369260E+02,
 0.4680000E+01, 0.1399702E+02, 0.8183070E+01, 0.0000000E+00, 0.9061098E+00, 0.4603418E+01, 0.1369260E+02,
 0.4682000E+01, 0.1399702E+02, 0.8179346E+01, 0.0000000E+00, 0.9062862E+00, 0.4606966E+01, 0.1369260E+02,
 0.4684000E+01, 0.1399702E+02, 0.8175617E+01, 0.0000000E+00, 0.9064628E+00, 0.4610518E+01, 0.1369260E+02,
 0.4686000E+01, 0.1399702E+02, 0.8171885E+01, 0.0000000E+00, 0.9066396E+00, 0.4614075E+01, 0.1369260E+02,
 0.4688000E+01, 0.1399702E+02, 0.8168147E+01, 0.0000000E+00, 0.9068166E+00, 0.4617635E+01, 0.1369260E+02,
 0.4690000E+01, 0.1399702E+02, 0.8164406E+01, 0.0000000E+00, 0.9069937E+00, 0.4621199E+01, 0.1369260E+02,
 0.4692000E+01, 0.1399702E+02, 0.8160661E+01, 0.0000000E+00, 0.9071710E+00, 0.4624767E+01, 0.1369260E+02,
 0.4694000E+01, 0.1399702E+02, 0.8156911E+01, 0.0000000E+00, 0.9073485E+00, 0.4628339E+01, 0.1369260E+02,
 0.4696000E+01, 0.1399702E+02, 0.8153156E+01, 0.0000000E+00, 0.9075262E+00, 0.4631916E+01, 0.1369260E+02,
 0.4698000E+01, 0.1399702E+02, 0.8149398E+01, 0.0000000E+00, 0.9077041E+00, 0.4635496E+01, 0.1369260E+02,
 0.4700000E+01, 0.1399702E+02, 0.8145636E+01, 0.0000000E+00, 0.9078821E+00, 0.4639081E+01, 0.1369260E+02,
 0.4702000E+01, 0.1399702E+02, 0.8141869E+01, 0.0000000E+00, 0.9080603E+00, 0.4642669E+01, 0.1369260E+02,
 0.4704000E+01, 0.1399702E+02, 0.8138098E+01, 0.0000000E+00, 0.9082386E+00, 0.4646262E+01, 0.1369260E+02,
 0.4706000E+01, 0.1399702E+02, 0.8134323E+01, 0.0000000E+00, 0.9084172E+00, 0.4649858E+01, 0.1369260E+02,
 0.4708000E+01, 0.1399702E+02, 0.8130543E+01, 0.0000000E+00, 0.9085960E+00, 0.4653459E+01, 0.1369260E+02,
 0.4710000E+01, 0.1399702E+02, 0.8126760E+01, 0.0000000E+00, 0.9087749E+00, 0.4657064E+01, 0.1369260E+02,
 0.4712000E+01, 0.1399702E+02, 0.8122972E+01, 0.0000000E+00, 0.9089540E+00, 0.4660673E+01, 0.1369260E+02,
 0.4714000E+01, 0.1399702E+02, 0.8119179E+01, 0.0000000E+00, 0.9091333E+00, 0.4664286E+01, 0.1369260E+02,
 0.4716000E+01, 0.1399702E+02, 0.8115382E+01, 0.0000000E+00, 0.9093127E+00, 0.4667903E+01, 0.1369260E+02,
 0.4718000E+01, 0.1399702E+02, 0.8111582E+01, 0.0000000E+00, 0.9094923E+00, 0.4671525E+01, 0.1369260E+02,
 0.4720000E+01, 0.1399702E+02, 0.8107777E+01, 0.0000000E+00, 0.9096721E+00, 0.4675150E+01, 0.1369260E+02,
 0.4722000E+01, 0.1399702E+02, 0.8103967E+01, 0.0000000E+00, 0.9098521E+00, 0.4678780E+01, 0.1369260E+02,
 0.4724000E+01, 0.1399702E+02, 0.8100153E+01, 0.0000000E+00, 0.9100323E+00, 0.4682413E+01, 0.1369260E+02,
 0.4726000E+01, 0.1399702E+02, 0.8096334E+01, 0.0000000E+00, 0.9102126E+00, 0.4686051E+01, 0.1369260E+02,
 0.4728000E+01, 0.1399702E+02, 0.8092512E+01, 0.0000000E+00, 0.9103931E+00, 0.4689693E+01, 0.1369260E+02,
 0.4730000E+01, 0.1399702E+02, 0.8088686E+01, 0.0000000E+00, 0.9105738E+00, 0.4693339E+01, 0.1369260E+02,
 0.4732000E+01, 0.1399702E+02, 0.8084854E+01, 0.0000000E+00, 0.9107547E+00, 0.4696989E+01, 0.1369260E+02,
 0.4734000E+01, 0.1399702E+02, 0.8081019E+01, 0.0000000E+00, 0.9109358E+00, 0.4700644E+01, 0.1369260E+02,
 0.4736000E+01, 0.1399702E+02, 0.8077180E+01, 0.0000000E+00, 0.9111170E+00, 0.4704302E+01, 0.1369260E+02,
 0.4738000E+01, 0.1399702E+02, 0.8073336E+01, 0.0000000E+00, 0.9112984E+00, 0.4707964E+01, 0.1369260E+02,
 0.4740000E+01, 0.1399702E+02, 0.8069488E+01, 0.0000000E+00, 0.9114800E+00, 0.4711631E+01, 0.1369260E+02,
 0.4742000E+01, 0.1399702E+02, 0.8065635E+01, 0.0000000E+00, 0.9116617E+00, 0.4715302E+01, 0.1369260E+02,
 0.4744000E+01, 0.1399702E+02, 0.8061777E+01, 0.0000000E+00, 0.9118437E+00, 0.4718977E+01, 0.1369260E+02,
 0.4746000E+01, 0.1399702E+02, 0.8057916E+01, 0.0000000E+00, 0.9120258E+00, 0.4722657E+01, 0.1369260E+02,
 0.4748000E+01, 0.1399702E+02, 0.8054050E+01, 0.0000000E+00, 0.9122081E+00, 0.4726340E+01, 0.1369260E+02,
 0.4750000E+01, 0.1399702E+02, 0.8050180E+01, 0.0000000E+00, 0.9123906E+00, 0.4730028E+01, 0.1369260E+02,
 0.4752000E+01, 0.1399702E+02, 0.8046306E+01, 0.0000000E+00, 0.9125733E+00, 0.4733719E+01, 0.1369260E+02,
 0.4754000E+01, 0.1399702E+02, 0.8042427E+01, 0.0000000E+00, 0.9127561E+00, 0.4737415E+01, 0.1369260E+02,
 0.4756000E+01, 0.1399702E+02, 0.8038544E+01, 0.0000000E+00, 0.9129391E+00, 0.4741115E+01, 0.1369260E+02,
 0.4758000E+01, 0.1399702E+02, 0.8034657E+01, 0.0000000E+00, 0.9131224E+00, 0.4744820E+01, 0.1369260E+02,
 0.4760000E+01, 0.1399702E+02, 0.8030765E+01, 0.0000000E+00, 0.9133057E+00, 0.4748528E+01, 0.1369260E+02,
 0.4762000E+01, 0.1399702E+02, 0.8026869E+01, 0.0000000E+00, 0.9134893E+00, 0.4752241E+01, 0.1369260E+02,
 0.4764000E+01, 0.1399702E+02, 0.8022967E+01, 0.0000000E+00, 0.9136730E+00, 0.4755958E+01, 0.1369260E+02,
 0.4766000E+01, 0.1399702E+02, 0.8019063E+01, 0.0000000E+00, 0.9138569E+00, 0.4759679E+01, 0.1369260E+02,
 0.4768000E+01, 0.1399702E+02, 0.8015153E+01, 0.0000000E+00, 0.9140410E+00, 0.4763404E+01, 0.1369260E+02,
 0.4770000E+01, 0.1399702E+02, 0.8011240E+01, 0.0000000E+00, 0.9142253E+00, 0.4767134E+01, 0.1369260E+02,
 0.4772000E+01, 0.1399702E+02, 0.8007321E+01, 0.0000000E+00, 0.9144097E+00, 0.4770867E+01, 0.1369260E+02,
 0.4774000E+01, 0.1399702E+02, 0.8003399E+01, 0.0000000E+00, 0.9145944E+00, 0.4774605E+01, 0.1369260E+02,
 0.4776000E+01, 0.1399702E+02, 0.7999472E+01, 0.0000000E+00, 0.9147791E+00, 0.4778347E+01, 0.1369260E+02,
 0.4778000E+01, 0.1399702E+02, 0.7995541E+01, 0.0000000E+00, 0.9149641E+00, 0.4782094E+01, 0.1369260E+02,
 0.4780000E+01, 0.1399702E+02, 0.7991605E+01, 0.0000000E+00, 0.9151493E+00, 0.4785844E+01, 0.1369260E+02,
 0.4782000E+01, 0.1399702E+02, 0.7987665E+01, 0.0000000E+00, 0.9153346E+00, 0.4789599E+01, 0.1369260E+02,
 0.4784000E+01, 0.1399702E+02, 0.7983720E+01, 0.0000000E+00, 0.9155202E+00, 0.4793358E+01, 0.1369260E+02,
 0.4786000E+01, 0.1399702E+02, 0.7979771E+01, 0.0000000E+00, 0.9157059E+00, 0.4797122E+01, 0.1369260E+02,
 0.4788000E+01, 0.1399702E+02, 0.7975817E+01, 0.0000000E+00, 0.9158918E+00, 0.4800889E+01, 0.1369260E+02,
 0.4790000E+01, 0.1399702E+02, 0.7971859E+01, 0.0000000E+00, 0.9160779E+00, 0.4804661E+01, 0.1369260E+02,
 0.4792000E+01, 0.1399702E+02, 0.7967897E+01, 0.0000000E+00, 0.9162641E+00, 0.4808437E+01, 0.1369260E+02,
 0.4794000E+01, 0.1399702E+02, 0.7963931E+01, 0.0000000E+00, 0.9164505E+00, 0.4812217E+01, 0.1369260E+02,
 0.4796000E+01, 0.1399702E+02, 0.7959960E+01, 0.0000000E+00, 0.9166371E+00, 0.4816002E+01, 0.1369260E+02,
 0.4798000E+01, 0.1399702E+02, 0.7955984E+01, 0.0000000E+00, 0.9168239E+00, 0.4819791E+01, 0.1369260E+02,
 0.4800000E+01, 0.1399702E+02, 0.7952004E+01, 0.0000000E+00, 0.9170108E+00, 0.4823584E+01, 0.1369260E+02,
 0.4802000E+01, 0.1399702E+02, 0.7948020E+01, 0.0000000E+00, 0.9171980E+00, 0.4827381E+01, 0.1369260E+02,
 0.4804000E+01, 0.1399702E+02, 0.7944031E+01, 0.0000000E+00, 0.9173853E+00, 0.4831182E+01, 0.1369260E+02,
 0.4806000E+01, 0.1399702E+02, 0.7940037E+01, 0.0000000E+00, 0.9175728E+00, 0.4834988E+01, 0.1369260E+02,
 0.4808000E+01, 0.1399702E+02, 0.7936039E+01, 0.0000000E+00, 0.9177605E+00, 0.4838799E+01, 0.1369260E+02,
 0.4810000E+01, 0.1399702E+02, 0.7932037E+01, 0.0000000E+00, 0.9179484E+00, 0.4842613E+01, 0.1369260E+02,
 0.4812000E+01, 0.1399702E+02, 0.7928031E+01, 0.0000000E+00, 0.9181364E+00, 0.4846431E+01, 0.1369260E+02,
 0.4814000E+01, 0.1399702E+02, 0.7924020E+01, 0.0000000E+00, 0.9183246E+00, 0.4850254E+01, 0.1369260E+02,
 0.4816000E+01, 0.1399702E+02, 0.7920004E+01, 0.0000000E+00, 0.9185131E+00, 0.4854081E+01, 0.1369260E+02,
 0.4818000E+01, 0.1399702E+02, 0.7915984E+01, 0.0000000E+00, 0.9187016E+00, 0.4857913E+01, 0.1369260E+02,
 0.4820000E+01, 0.1399702E+02, 0.7911960E+01, 0.0000000E+00, 0.9188904E+00, 0.4861748E+01, 0.1369260E+02,
 0.4822000E+01, 0.1399702E+02, 0.7907931E+01, 0.0000000E+00, 0.9190794E+00, 0.4865588E+01, 0.1369260E+02,
 0.4824000E+01, 0.1399702E+02, 0.7903898E+01, 0.0000000E+00, 0.9192685E+00, 0.4869432E+01, 0.1369260E+02,
 0.4826000E+01, 0.1399702E+02, 0.7899860E+01, 0.0000000E+00, 0.9194578E+00, 0.4873281E+01, 0.1369260E+02,
 0.4828000E+01, 0.1399702E+02, 0.7895818E+01, 0.0000000E+00, 0.9196473E+00, 0.4877133E+01, 0.1369260E+02,
 0.4830000E+01, 0.1399702E+02, 0.7891771E+01, 0.0000000E+00, 0.9198370E+00, 0.4880990E+01, 0.1369260E+02,
 0.4832000E+01, 0.1399702E+02, 0.7887721E+01, 0.0000000E+00, 0.9200268E+00, 0.4884851E+01, 0.1369260E+02,
 0.4834000E+01, 0.1399702E+02, 0.7883665E+01, 0.0000000E+00, 0.9202169E+00, 0.4888717E+01, 0.1369260E+02,
 0.4836000E+01, 0.1399702E+02, 0.7879605E+01, 0.0000000E+00, 0.9204071E+00, 0.4892586E+01, 0.1369260E+02,
 0.4838000E+01, 0.1399702E+02, 0.7875541E+01, 0.0000000E+00, 0.9205975E+00, 0.4896461E+01, 0.1369260E+02,
 0.4840000E+01, 0.1399702E+02, 0.7871472E+01, 0.0000000E+00, 0.9207881E+00, 0.4900339E+01, 0.1369260E+02,
 0.4842000E+01, 0.1399702E+02, 0.7867398E+01, 0.0000000E+00, 0.9209788E+00, 0.4904221E+01, 0.1369260E+02,
 0.4844000E+01, 0.1399702E+02, 0.7863321E+01, 0.0000000E+00, 0.9211698E+00, 0.4908108E+01, 0.1369260E+02,
 0.4846000E+01, 0.1399702E+02, 0.7859239E+01, 0.0000000E+00, 0.9213610E+00, 0.4911999E+01, 0.1369260E+02,
 0.4848000E+01, 0.1399702E+02, 0.7855152E+01, 0.0000000E+00, 0.9215522E+00, 0.4915894E+01, 0.1369260E+02,
 0.4850000E+01, 0.1399702E+02, 0.7851061E+01, 0.0000000E+00, 0.9217438E+00, 0.4919794E+01, 0.1369260E+02,
 0.4852000E+01, 0.1399702E+02, 0.7846965E+01, 0.0000000E+00, 0.9219354E+00, 0.4923697E+01, 0.1369260E+02,
 0.4854000E+01, 0.1399702E+02, 0.7842865E+01, 0.0000000E+00, 0.9221273E+00, 0.4927606E+01, 0.1369260E+02,
 0.4856000E+01, 0.1399702E+02, 0.7838761E+01, 0.0000000E+00, 0.9223194E+00, 0.4931518E+01, 0.1369260E+02,
 0.4858000E+01, 0.1399702E+02, 0.7834652E+01, 0.0000000E+00, 0.9225116E+00, 0.4935435E+01, 0.1369260E+02,
 0.4860000E+01, 0.1399702E+02, 0.7830539E+01, 0.0000000E+00, 0.9227040E+00, 0.4939355E+01, 0.1369260E+02,
 0.4862000E+01, 0.1399702E+02, 0.7826421E+01, 0.0000000E+00, 0.9228966E+00, 0.4943281E+01, 0.1369260E+02,
 0.4864000E+01, 0.1399702E+02, 0.7822299E+01, 0.0000000E+00, 0.9230893E+00, 0.4947210E+01, 0.1369260E+02,
 0.4866000E+01, 0.1399702E+02, 0.7818172E+01, 0.0000000E+00, 0.9232823E+00, 0.4951143E+01, 0.1369260E+02,
 0.4868000E+01, 0.1399702E+02, 0.7814042E+01, 0.0000000E+00, 0.9234754E+00, 0.4955081E+01, 0.1369260E+02,
 0.4870000E+01, 0.1399702E+02, 0.7809906E+01, 0.0000000E+00, 0.9236687E+00, 0.4959023E+01, 0.1369260E+02,
 0.4872000E+01, 0.1399702E+02, 0.7805767E+01, 0.0000000E+00, 0.9238623E+00, 0.4962969E+01, 0.1369260E+02,
 0.4874000E+01, 0.1399702E+02, 0.7801622E+01, 0.0000000E+00, 0.9240559E+00, 0.4966920E+01, 0.1369260E+02,
 0.4876000E+01, 0.1399702E+02, 0.7797474E+01, 0.0000000E+00, 0.9242498E+00, 0.4970875E+01, 0.1369260E+02,
 0.4878000E+01, 0.1399702E+02, 0.7793321E+01, 0.0000000E+00, 0.9244439E+00, 0.4974833E+01, 0.1369260E+02,
 0.4880000E+01, 0.1399702E+02, 0.7789164E+01, 0.0000000E+00, 0.9246382E+00, 0.4978796E+01, 0.1369260E+02,
 0.4882000E+01, 0.1399702E+02, 0.7785002E+01, 0.0000000E+00, 0.9248325E+00, 0.4982764E+01, 0.1369260E+02,
 0.4884000E+01, 0.1399702E+02, 0.7780836E+01, 0.0000000E+00, 0.9250271E+00, 0.4986735E+01, 0.1369260E+02,
 0.4886000E+01, 0.1399702E+02, 0.7776665E+01, 0.0000000E+00, 0.9252219E+00, 0.4990711E+01, 0.1369260E+02,
 0.4888000E+01, 0.1399702E+02, 0.7772491E+01, 0.0000000E+00, 0.9254169E+00, 0.4994691E+01, 0.1369260E+02,
 0.4890000E+01, 0.1399702E+02, 0.7768311E+01, 0.0000000E+00, 0.9256121E+00, 0.4998675E+01, 0.1369260E+02,
 0.4892000E+01, 0.1399702E+02, 0.7764128E+01, 0.0000000E+00, 0.9258074E+00, 0.5002664E+01, 0.1369260E+02,
 0.4894000E+01, 0.1399702E+02, 0.7759940E+01, 0.0000000E+00, 0.9260029E+00, 0.5006656E+01, 0.1369260E+02,
 0.4896000E+01, 0.1399702E+02, 0.7755747E+01, 0.0000000E+00, 0.9261987E+00, 0.5010653E+01, 0.1369260E+02,
 0.4898000E+01, 0.1399702E+02, 0.7751551E+01, 0.0000000E+00, 0.9263946E+00, 0.5014653E+01, 0.1369260E+02,
 0.4900000E+01, 0.1399702E+02, 0.7747350E+01, 0.0000000E+00, 0.9265906E+00, 0.5018658E+01, 0.1369260E+02,
 0.4902000E+01, 0.1399702E+02, 0.7743145E+01, 0.0000000E+00, 0.9267869E+00, 0.5022667E+01, 0.1369260E+02,
 0.4904000E+01, 0.1399702E+02, 0.7738935E+01, 0.0000000E+00, 0.9269834E+00, 0.5026680E+01, 0.1369260E+02,
 0.4906000E+01, 0.1399702E+02, 0.7734721E+01, 0.0000000E+00, 0.9271800E+00, 0.5030697E+01, 0.1369260E+02,
 0.4908000E+01, 0.1399702E+02, 0.7730503E+01, 0.0000000E+00, 0.9273768E+00, 0.5034719E+01, 0.1369260E+02,
 0.4910000E+01, 0.1399702E+02, 0.7726280E+01, 0.0000000E+00, 0.9275738E+00, 0.5038744E+01, 0.1369260E+02,
 0.4912000E+01, 0.1399702E+02, 0.7722054E+01, 0.0000000E+00, 0.9277710E+00, 0.5042774E+01, 0.1369260E+02,
 0.4914000E+01, 0.1399702E+02, 0.7717823E+01, 0.0000000E+00, 0.9279683E+00, 0.5046807E+01, 0.1369260E+02,
 0.4916000E+01, 0.1399702E+02, 0.7713587E+01, 0.0000000E+00, 0.9281659E+00, 0.5050845E+01, 0.1369260E+02,
 0.4918000E+01, 0.1399702E+02, 0.7709348E+01, 0.0000000E+00, 0.9283636E+00, 0.5054887E+01, 0.1369260E+02,
 0.4920000E+01, 0.1399702E+02, 0.7705104E+01, 0.0000000E+00, 0.9285616E+00, 0.5058933E+01, 0.1369260E+02,
 0.4922000E+01, 0.1399702E+02, 0.7700856E+01, 0.0000000E+00, 0.9287596E+00, 0.5062983E+01, 0.1369260E+02,
 0.4924000E+01, 0.1399702E+02, 0.7696603E+01, 0.0000000E+00, 0.9289579E+00, 0.5067037E+01, 0.1369260E+02,
 0.4926000E+01, 0.1399702E+02, 0.7692347E+01, 0.0000000E+00, 0.9291564E+00, 0.5071095E+01, 0.1369260E+02,
 0.4928000E+01, 0.1399702E+02, 0.7688087E+01, 0.0000000E+00, 0.9293551E+00, 0.5075157E+01, 0.1369260E+02,
 0.4930000E+01, 0.1399702E+02, 0.7683821E+01, 0.0000000E+00, 0.9295539E+00, 0.5079223E+01, 0.1369260E+02,
 0.4932000E+01, 0.1399702E+02, 0.7679552E+01, 0.0000000E+00, 0.9297529E+00, 0.5083293E+01, 0.1369260E+02,
 0.4934000E+01, 0.1399702E+02, 0.7675279E+01, 0.0000000E+00, 0.9299521E+00, 0.5087367E+01, 0.1369260E+02,
 0.4936000E+01, 0.1399702E+02, 0.7671001E+01, 0.0000000E+00, 0.9301516E+00, 0.5091445E+01, 0.1369260E+02,
 0.4938000E+01, 0.1399702E+02, 0.7666720E+01, 0.0000000E+00, 0.9303511E+00, 0.5095527E+01, 0.1369260E+02,
 0.4940000E+01, 0.1399702E+02, 0.7662434E+01, 0.0000000E+00, 0.9305509E+00, 0.5099613E+01, 0.1369260E+02,
 0.4942000E+01, 0.1399702E+02, 0.7658144E+01, 0.0000000E+00, 0.9307508E+00, 0.5103703E+01, 0.1369260E+02,
 0.4944000E+01, 0.1399702E+02, 0.7653850E+01, 0.0000000E+00, 0.9309510E+00, 0.5107797E+01, 0.1369260E+02,
 0.4946000E+01, 0.1399702E+02, 0.7649552E+01, 0.0000000E+00, 0.9311513E+00, 0.5111895E+01, 0.1369260E+02,
 0.4948000E+01, 0.1399702E+02, 0.7645250E+01, 0.0000000E+00, 0.9313518E+00, 0.5115997E+01, 0.1369260E+02,
 0.4950000E+01, 0.1399702E+02, 0.7640943E+01, 0.0000000E+00, 0.9315525E+00, 0.5120102E+01, 0.1369260E+02,
 0.4952000E+01, 0.1399702E+02, 0.7636633E+01, 0.0000000E+00, 0.9317534E+00, 0.5124212E+01, 0.1369260E+02,
 0.4954000E+01, 0.1399702E+02, 0.7632318E+01, 0.0000000E+00, 0.9319544E+00, 0.5128325E+01, 0.1369260E+02,
 0.4956000E+01, 0.1399702E+02, 0.7628000E+01, 0.0000000E+00, 0.9321557E+00, 0.5132443E+01, 0.1369260E+02,
 0.4958000E+01, 0.1399702E+02, 0.7623677E+01, 0.0000000E+00, 0.9323571E+00, 0.5136564E+01, 0.1369260E+02,
 0.4960000E+01, 0.1399702E+02, 0.7619350E+01, 0.0000000E+00, 0.9325588E+00, 0.5140689E+01, 0.1369260E+02,
 0.4962000E+01, 0.1399702E+02, 0.7615020E+01, 0.0000000E+00, 0.9327605E+00, 0.5144818E+01, 0.1369260E+02,
 0.4964000E+01, 0.1399702E+02, 0.7610685E+01, 0.0000000E+00, 0.9329625E+00, 0.5148951E+01, 0.1369260E+02,
 0.4966000E+01, 0.1399702E+02, 0.7606346E+01, 0.0000000E+00, 0.9331647E+00, 0.5153087E+01, 0.1369260E+02,
 0.4968000E+01, 0.1399702E+02, 0.7602004E+01, 0.0000000E+00, 0.9333671E+00, 0.5157228E+01, 0.1369260E+02,
 0.4970000E+01, 0.1399702E+02, 0.7597657E+01, 0.0000000E+00, 0.9335696E+00, 0.5161372E+01, 0.1369260E+02,
 0.4972000E+01, 0.1399702E+02, 0.7593307E+01, 0.0000000E+00, 0.9337723E+00, 0.5165520E+01, 0.1369260E+02,
 0.4974000E+01, 0.1399702E+02, 0.7588952E+01, 0.0000000E+00, 0.9339752E+00, 0.5169671E+01, 0.1369260E+02,
 0.4976000E+01, 0.1399702E+02, 0.7584594E+01, 0.0000000E+00, 0.9341784E+00, 0.5173827E+01, 0.1369260E+02,
 0.4978000E+01, 0.1399702E+02, 0.7580231E+01, 0.0000000E+00, 0.9343816E+00, 0.5177986E+01, 0.1369260E+02,
 0.4980000E+01, 0.1399702E+02, 0.7575865E+01, 0.0000000E+00, 0.9345851E+00, 0.5182148E+01, 0.1369260E+02,
 0.4982000E+01, 0.1399702E+02, 0.7571495E+01, 0.0000000E+00, 0.9347887E+00, 0.5186315E+01, 0.1369260E+02,
 0.4984000E+01, 0.1399702E+02, 0.7567121E+01, 0.0000000E+00, 0.9349926E+00, 0.5190485E+01, 0.1369260E+02,
 0.4986000E+01, 0.1399702E+02, 0.7562743E+01, 0.0000000E+00, 0.9351966E+00, 0.5194659E+01, 0.1369260E+02,
 0.4988000E+01, 0.1399702E+02, 0.7558361E+01, 0.0000000E+00, 0.9354008E+00, 0.5198836E+01, 0.1369260E+02,
 0.4990000E+01, 0.1399702E+02, 0.7553976E+01, 0.0000000E+00, 0.9356052E+00, 0.5203017E+01, 0.1369260E+02,
 0.4992000E+01, 0.1399702E+02, 0.7549586E+01, 0.0000000E+00, 0.9358097E+00, 0.5207202E+01, 0.1369260E+02,
 0.4994000E+01, 0.1399702E+02, 0.7545193E+01, 0.0000000E+00, 0.9360145E+00, 0.5211390E+01, 0.1369260E+02,
 0.4996000E+01, 0.1399702E+02, 0.7540796E+01, 0.0000000E+00, 0.9362194E+00, 0.5215582E+01, 0.1369260E+02,
 0.4998000E+01, 0.1399702E+02, 0.7536396E+01, 0.0000000E+00, 0.9364245E+00, 0.5219778E+01, 0.1369260E+02,
 0.5000000E+01, 0.1399702E+02, 0.7531991E+01, 0.0000000E+00, 0.9366298E+00, 0.5223977E+01, 0.1369260E+02,
 0.5002000E+01, 0.1399702E+02, 0.7527584E+01, 0.0000000E+00, 0.9368353E+00, 0.5228179E+01, 0.1369260E+02,
 0.5004000E+01, 0.1399702E+02, 0.7523171E+01, 0.0000000E+00, 0.9370410E+00, 0.5232386E+01, 0.1369260E+02,
 0.5006000E+01, 0.1399702E+02, 0.7518756E+01, 0.0000000E+00, 0.9372468E+00, 0.5236596E+01, 0.1369260E+02,
 0.5008000E+01, 0.1399702E+02, 0.7514337E+01, 0.0000000E+00, 0.9374529E+00, 0.5240808E+01, 0.1369260E+02,
 0.5010000E+01, 0.1399702E+02, 0.7509914E+01, 0.0000000E+00, 0.9376591E+00, 0.5245025E+01, 0.1369260E+02,
 0.5012000E+01, 0.1399702E+02, 0.7505487E+01, 0.0000000E+00, 0.9378655E+00, 0.5249245E+01, 0.1369260E+02,
 0.5014000E+01, 0.1399702E+02, 0.7501058E+01, 0.0000000E+00, 0.9380721E+00, 0.5253469E+01, 0.1369260E+02,
 0.5016000E+01, 0.1399702E+02, 0.7496624E+01, 0.0000000E+00, 0.9382789E+00, 0.5257696E+01, 0.1369260E+02,
 0.5018000E+01, 0.1399702E+02, 0.7492187E+01, 0.0000000E+00, 0.9384858E+00, 0.5261926E+01, 0.1369260E+02,
 0.5020000E+01, 0.1399702E+02, 0.7487746E+01, 0.0000000E+00, 0.9386929E+00, 0.5266160E+01, 0.1369260E+02,
 0.5022000E+01, 0.1399702E+02, 0.7483301E+01, 0.0000000E+00, 0.9389002E+00, 0.5270397E+01, 0.1369260E+02,
 0.5024000E+01, 0.1399702E+02, 0.7478853E+01, 0.0000000E+00, 0.9391077E+00, 0.5274637E+01, 0.1369260E+02,
 0.5026000E+01, 0.1399702E+02, 0.7474402E+01, 0.0000000E+00, 0.9393154E+00, 0.5278881E+01, 0.1369260E+02,
 0.5028000E+01, 0.1399702E+02, 0.7469947E+01, 0.0000000E+00, 0.9395233E+00, 0.5283128E+01, 0.1369260E+02,
 0.5030000E+01, 0.1399702E+02, 0.7465488E+01, 0.0000000E+00, 0.9397313E+00, 0.5287378E+01, 0.1369260E+02,
 0.5032000E+01, 0.1399702E+02, 0.7461027E+01, 0.0000000E+00, 0.9399395E+00, 0.5291632E+01, 0.1369260E+02,
 0.5034000E+01, 0.1399702E+02, 0.7456562E+01, 0.0000000E+00, 0.9401479E+00, 0.5295889E+01, 0.1369260E+02,
 0.5036000E+01, 0.1399702E+02, 0.7452093E+01, 0.0000000E+00, 0.9403565E+00, 0.5300149E+01, 0.1369260E+02,
 0.5038000E+01, 0.1399702E+02, 0.7447621E+01, 0.0000000E+00, 0.9405653E+00, 0.5304412E+01, 0.1369260E+02,
 0.5040000E+01, 0.1399702E+02, 0.7443145E+01, 0.0000000E+00, 0.9407742E+00, 0.5308679E+01, 0.1369260E+02,
 0.5042000E+01, 0.1399702E+02, 0.7438666E+01, 0.0000000E+00, 0.9409834E+00, 0.5312949E+01, 0.1369260E+02,
 0.5044000E+01, 0.1399702E+02, 0.7434184E+01, 0.0000000E+00, 0.9411926E+00, 0.5317222E+01, 0.1369260E+02,
 0.5046000E+01, 0.1399702E+02, 0.7429698E+01, 0.0000000E+00, 0.9414021E+00, 0.5321497E+01, 0.1369260E+02,
 0.5048000E+01, 0.1399702E+02, 0.7425210E+01, 0.0000000E+00, 0.9416118E+00, 0.5325777E+01, 0.1369260E+02,
 0.5050000E+01, 0.1399702E+02, 0.7420718E+01, 0.0000000E+00, 0.9418216E+00, 0.5330059E+01, 0.1369260E+02,
 0.5052000E+01, 0.1399702E+02, 0.7416223E+01, 0.0000000E+00, 0.9420316E+00, 0.5334344E+01, 0.1369260E+02,
 0.5054000E+01, 0.1399702E+02, 0.7411724E+01, 0.0000000E+00, 0.9422418E+00, 0.5338633E+01, 0.1369260E+02,
 0.5056000E+01, 0.1399702E+02, 0.7407222E+01, 0.0000000E+00, 0.9424523E+00, 0.5342924E+01, 0.1369260E+02,
 0.5058000E+01, 0.1399702E+02, 0.7402717E+01, 0.0000000E+00, 0.9426628E+00, 0.5347219E+01, 0.1369260E+02,
 0.5060000E+01, 0.1399702E+02, 0.7398209E+01, 0.0000000E+00, 0.9428735E+00, 0.5351516E+01, 0.1369260E+02,
 0.5062000E+01, 0.1399702E+02, 0.7393698E+01, 0.0000000E+00, 0.9430844E+00, 0.5355816E+01, 0.1369260E+02,
 0.5064000E+01, 0.1399702E+02, 0.7389184E+01, 0.0000000E+00, 0.9432955E+00, 0.5360119E+01, 0.1369260E+02,
 0.5066000E+01, 0.1399702E+02, 0.7384666E+01, 0.0000000E+00, 0.9435068E+00, 0.5364425E+01, 0.1369260E+02,
 0.5068000E+01, 0.1399702E+02, 0.7380146E+01, 0.0000000E+00, 0.9437182E+00, 0.5368734E+01, 0.1369260E+02,
 0.5070000E+01, 0.1399702E+02, 0.7375622E+01, 0.0000000E+00, 0.9439298E+00, 0.5373046E+01, 0.1369260E+02,
 0.5072000E+01, 0.1399702E+02, 0.7371096E+01, 0.0000000E+00, 0.9441416E+00, 0.5377361E+01, 0.1369260E+02,
 0.5074000E+01, 0.1399702E+02, 0.7366566E+01, 0.0000000E+00, 0.9443536E+00, 0.5381679E+01, 0.1369260E+02,
 0.5076000E+01, 0.1399702E+02, 0.7362034E+01, 0.0000000E+00, 0.9445657E+00, 0.5385999E+01, 0.1369260E+02,
 0.5078000E+01, 0.1399702E+02, 0.7357498E+01, 0.0000000E+00, 0.9447780E+00, 0.5390322E+01, 0.1369260E+02,
 0.5080000E+01, 0.1399702E+02, 0.7352960E+01, 0.0000000E+00, 0.9449905E+00, 0.5394648E+01, 0.1369260E+02,
 0.5082000E+01, 0.1399702E+02, 0.7348419E+01, 0.0000000E+00, 0.9452032E+00, 0.5398977E+01, 0.1369260E+02,
 0.5084000E+01, 0.1399702E+02, 0.7343874E+01, 0.0000000E+00, 0.9454160E+00, 0.5403308E+01, 0.1369260E+02,
 0.5086000E+01, 0.1399702E+02, 0.7339327E+01, 0.0000000E+00, 0.9456291E+00, 0.5407642E+01, 0.1369260E+02,
 0.5088000E+01, 0.1399702E+02, 0.7334778E+01, 0.0000000E+00, 0.9458422E+00, 0.5411978E+01, 0.1369260E+02,
 0.5090000E+01, 0.1399702E+02, 0.7330225E+01, 0.0000000E+00, 0.9460556E+00, 0.5416317E+01, 0.1369260E+02,
 0.5092000E+01, 0.1399702E+02, 0.7325670E+01, 0.0000000E+00, 0.9462692E+00, 0.5420660E+01, 0.1369260E+02,
 0.5094000E+01, 0.1399702E+02, 0.7321112E+01, 0.0000000E+00, 0.9464828E+00, 0.5425004E+01, 0.1369260E+02,
 0.5096000E+01, 0.1399702E+02, 0.7316551E+01, 0.0000000E+00, 0.9466967E+00, 0.5429351E+01, 0.1369260E+02,
 0.5098000E+01, 0.1399702E+02, 0.7311987E+01, 0.0000000E+00, 0.9469107E+00, 0.5433700E+01, 0.1369260E+02,
 0.5100000E+01, 0.1399702E+02, 0.7307421E+01, 0.0000000E+00, 0.9471250E+00, 0.5438052E+01, 0.1369260E+02,
 0.5102000E+01, 0.1399702E+02, 0.7302852E+01, 0.0000000E+00, 0.9473394E+00, 0.5442407E+01, 0.1369260E+02,
 0.5104000E+01, 0.1399702E+02, 0.7298281E+01, 0.0000000E+00, 0.9475539E+00, 0.5446764E+01, 0.1369260E+02,
 0.5106000E+01, 0.1399702E+02, 0.7293707E+01, 0.0000000E+00, 0.9477687E+00, 0.5451123E+01, 0.1369260E+02,
 0.5108000E+01, 0.1399702E+02, 0.7289130E+01, 0.0000000E+00, 0.9479836E+00, 0.5455484E+01, 0.1369260E+02,
 0.5110000E+01, 0.1399702E+02, 0.7284552E+01, 0.0000000E+00, 0.9481987E+00, 0.5459848E+01, 0.1369260E+02,
 0.5112000E+01, 0.1399702E+02, 0.7279970E+01, 0.0000000E+00, 0.9484139E+00, 0.5464215E+01, 0.1369260E+02,
 0.5114000E+01, 0.1399702E+02, 0.7275386E+01, 0.0000000E+00, 0.9486294E+00, 0.5468583E+01, 0.1369260E+02,
 0.5116000E+01, 0.1399702E+02, 0.7270800E+01, 0.0000000E+00, 0.9488450E+00, 0.5472954E+01, 0.1369260E+02,
 0.5118000E+01, 0.1399702E+02, 0.7266211E+01, 0.0000000E+00, 0.9490607E+00, 0.5477327E+01, 0.1369260E+02,
 0.5120000E+01, 0.1399702E+02, 0.7261620E+01, 0.0000000E+00, 0.9492766E+00, 0.5481702E+01, 0.1369260E+02,
 0.5122000E+01, 0.1399702E+02, 0.7257026E+01, 0.0000000E+00, 0.9494928E+00, 0.5486080E+01, 0.1369260E+02,
 0.5124000E+01, 0.1399702E+02, 0.7252430E+01, 0.0000000E+00, 0.9497090E+00, 0.5490459E+01, 0.1369260E+02,
 0.5126000E+01, 0.1399702E+02, 0.7247832E+01, 0.0000000E+00, 0.9499254E+00, 0.5494841E+01, 0.1369260E+02,
 0.5128000E+01, 0.1399702E+02, 0.7243231E+01, 0.0000000E+00, 0.9501421E+00, 0.5499225E+01, 0.1369260E+02,
 0.5130000E+01, 0.1399702E+02, 0.7238629E+01, 0.0000000E+00, 0.9503588E+00, 0.5503611E+01, 0.1369260E+02,
 0.5132000E+01, 0.1399702E+02, 0.7234024E+01, 0.0000000E+00, 0.9505758E+00, 0.5507998E+01, 0.1369260E+02,
 0.5134000E+01, 0.1399702E+02, 0.7229417E+01, 0.0000000E+00, 0.9507929E+00, 0.5512389E+01, 0.1369260E+02,
 0.5136000E+01, 0.1399702E+02, 0.7224808E+01, 0.0000000E+00, 0.9510102E+00, 0.5516780E+01, 0.1369260E+02,
 0.5138000E+01, 0.1399702E+02, 0.7220197E+01, 0.0000000E+00, 0.9512276E+00, 0.5521174E+01, 0.1369260E+02,
 0.5140000E+01, 0.1399702E+02, 0.7215583E+01, 0.0000000E+00, 0.9514452E+00, 0.5525570E+01, 0.1369260E+02,
 0.5142000E+01, 0.1399702E+02, 0.7210968E+01, 0.0000000E+00, 0.9516630E+00, 0.5529967E+01, 0.1369260E+02,
 0.5144000E+01, 0.1399702E+02, 0.7206350E+01, 0.0000000E+00, 0.9518810E+00, 0.5534367E+01, 0.1369260E+02,
 0.5146000E+01, 0.1399702E+02, 0.7201731E+01, 0.0000000E+00, 0.9520991E+00, 0.5538768E+01, 0.1369260E+02,
 0.5148000E+01, 0.1399702E+02, 0.7197110E+01, 0.0000000E+00, 0.9523174E+00, 0.5543171E+01, 0.1369260E+02,
 0.5150000E+01, 0.1399702E+02, 0.7192487E+01, 0.0000000E+00, 0.9525358E+00, 0.5547576E+01, 0.1369260E+02,
 0.5152000E+01, 0.1399702E+02, 0.7187861E+01, 0.0000000E+00, 0.9527544E+00, 0.5551982E+01, 0.1369260E+02,
 0.5154000E+01, 0.1399702E+02, 0.7183235E+01, 0.0000000E+00, 0.9529732E+00, 0.5556391E+01, 0.1369260E+02,
 0.5156000E+01, 0.1399702E+02, 0.7178606E+01, 0.0000000E+00, 0.9531922E+00, 0.5560801E+01, 0.1369260E+02,
 0.5158000E+01, 0.1399702E+02, 0.7173975E+01, 0.0000000E+00, 0.9534113E+00, 0.5565212E+01, 0.1369260E+02,
 0.5160000E+01, 0.1399702E+02, 0.7169343E+01, 0.0000000E+00, 0.9536306E+00, 0.5569625E+01, 0.1369260E+02,
 0.5162000E+01, 0.1399702E+02, 0.7164709E+01, 0.0000000E+00, 0.9538500E+00, 0.5574039E+01, 0.1369260E+02,
 0.5164000E+01, 0.1399702E+02, 0.7160073E+01, 0.0000000E+00, 0.9540696E+00, 0.5578455E+01, 0.1369260E+02,
 0.5166000E+01, 0.1399702E+02, 0.7155436E+01, 0.0000000E+00, 0.9542894E+00, 0.5582873E+01, 0.1369260E+02,
 0.5168000E+01, 0.1399702E+02, 0.7150796E+01, 0.0000000E+00, 0.9545093E+00, 0.5587293E+01, 0.1369260E+02,
 0.5170000E+01, 0.1399702E+02, 0.7146156E+01, 0.0000000E+00, 0.9547294E+00, 0.5591713E+01, 0.1369260E+02,
 0.5172000E+01, 0.1399702E+02, 0.7141514E+01, 0.0000000E+00, 0.9549497E+00, 0.5596135E+01, 0.1369260E+02,
 0.5174000E+01, 0.1399702E+02, 0.7136870E+01, 0.0000000E+00, 0.9551701E+00, 0.5600558E+01, 0.1369260E+02,
 0.5176000E+01, 0.1399702E+02, 0.7132225E+01, 0.0000000E+00, 0.9553907E+00, 0.5604983E+01, 0.1369260E+02,
 0.5178000E+01, 0.1399702E+02, 0.7127578E+01, 0.0000000E+00, 0.9556115E+00, 0.5609409E+01, 0.1369260E+02,
 0.5180000E+01, 0.1399702E+02, 0.7122930E+01, 0.0000000E+00, 0.9558324E+00, 0.5613837E+01, 0.1369260E+02,
 0.5182000E+01, 0.1399702E+02, 0.7118280E+01, 0.0000000E+00, 0.9560534E+00, 0.5618265E+01, 0.1369260E+02,
 0.5184000E+01, 0.1399702E+02, 0.7113629E+01, 0.0000000E+00, 0.9562747E+00, 0.5622695E+01, 0.1369260E+02,
 0.5186000E+01, 0.1399702E+02, 0.7108976E+01, 0.0000000E+00, 0.9564961E+00, 0.5627126E+01, 0.1369260E+02,
 0.5188000E+01, 0.1399702E+02, 0.7104322E+01, 0.0000000E+00, 0.9567177E+00, 0.5631558E+01, 0.1369260E+02,
 0.5190000E+01, 0.1399702E+02, 0.7099667E+01, 0.0000000E+00, 0.9569394E+00, 0.5635992E+01, 0.1369260E+02,
 0.5192000E+01, 0.1399702E+02, 0.7095011E+01, 0.0000000E+00, 0.9571613E+00, 0.5640426E+01, 0.1369260E+02,
 0.5194000E+01, 0.1399702E+02, 0.7090353E+01, 0.0000000E+00, 0.9573833E+00, 0.5644862E+01, 0.1369260E+02,
 0.5196000E+01, 0.1399702E+02, 0.7085694E+01, 0.0000000E+00, 0.9576056E+00, 0.5649298E+01, 0.1369260E+02,
 0.5198000E+01, 0.1399702E+02, 0.7081034E+01, 0.0000000E+00, 0.9578280E+00, 0.5653736E+01, 0.1369260E+02,
 0.5200000E+01, 0.1399702E+02, 0.7076373E+01, 0.0000000E+00, 0.9580505E+00, 0.5658175E+01, 0.1369260E+02,
 0.5202000E+01, 0.1399702E+02, 0.7071711E+01, 0.0000000E+00, 0.9582732E+00, 0.5662614E+01, 0.1369260E+02,
 0.5204000E+01, 0.1399702E+02, 0.7067047E+01, 0.0000000E+00, 0.9584960E+00, 0.5667055E+01, 0.1369260E+02,
 0.5206000E+01, 0.1399702E+02, 0.7062383E+01, 0.0000000E+00, 0.9587191E+00, 0.5671496E+01, 0.1369260E+02,
 0.5208000E+01, 0.1399702E+02, 0.7057717E+01, 0.0000000E+00, 0.9589423E+00, 0.5675939E+01, 0.1369260E+02,
 0.5210000E+01, 0.1399702E+02, 0.7053051E+01, 0.0000000E+00, 0.9591656E+00, 0.5680382E+01, 0.1369260E+02,
 0.5212000E+01, 0.1399702E+02, 0.7048383E+01, 0.0000000E+00, 0.9593891E+00, 0.5684826E+01, 0.1369260E+02,
 0.5214000E+01, 0.1399702E+02, 0.7043714E+01, 0.0000000E+00, 0.9596128E+00, 0.5689271E+01, 0.1369260E+02,
 0.5216000E+01, 0.1399702E+02, 0.7039044E+01, 0.0000000E+00, 0.9598366E+00, 0.5693717E+01, 0.1369260E+02,
 0.5218000E+01, 0.1399702E+02, 0.7034374E+01, 0.0000000E+00, 0.9600606E+00, 0.5698164E+01, 0.1369260E+02,
 0.5220000E+01, 0.1399702E+02, 0.7029703E+01, 0.0000000E+00, 0.9602847E+00, 0.5702611E+01, 0.1369260E+02,
 0.5222000E+01, 0.1399702E+02, 0.7025030E+01, 0.0000000E+00, 0.9605090E+00, 0.5707059E+01, 0.1369260E+02,
 0.5224000E+01, 0.1399702E+02, 0.7020357E+01, 0.0000000E+00, 0.9607335E+00, 0.5711508E+01, 0.1369260E+02,
 0.5226000E+01, 0.1399702E+02, 0.7015683E+01, 0.0000000E+00, 0.9609581E+00, 0.5715957E+01, 0.1369260E+02,
 0.5228000E+01, 0.1399702E+02, 0.7011008E+01, 0.0000000E+00, 0.9611828E+00, 0.5720407E+01, 0.1369260E+02,
 0.5230000E+01, 0.1399702E+02, 0.7006332E+01, 0.0000000E+00, 0.9614078E+00, 0.5724858E+01, 0.1369260E+02,
 0.5232000E+01, 0.1399702E+02, 0.7001656E+01, 0.0000000E+00, 0.9616329E+00, 0.5729310E+01, 0.1369260E+02,
 0.5234000E+01, 0.1399702E+02, 0.6996979E+01, 0.0000000E+00, 0.9618582E+00, 0.5733761E+01, 0.1369260E+02,
 0.5236000E+01, 0.1399702E+02, 0.6992301E+01, 0.0000000E+00, 0.9620835E+00, 0.5738214E+01, 0.1369260E+02,
 0.5238000E+01, 0.1399702E+02, 0.6987622E+01, 0.0000000E+00, 0.9623091E+00, 0.5742667E+01, 0.1369260E+02,
 0.5240000E+01, 0.1399702E+02, 0.6982943E+01, 0.0000000E+00, 0.9625348E+00, 0.5747121E+01, 0.1369260E+02,
 0.5242000E+01, 0.1399702E+02, 0.6978263E+01, 0.0000000E+00, 0.9627607E+00, 0.5751575E+01, 0.1369260E+02,
 0.5244000E+01, 0.1399702E+02, 0.6973582E+01, 0.0000000E+00, 0.9629867E+00, 0.5756030E+01, 0.1369260E+02,
 0.5246000E+01, 0.1399702E+02, 0.6968901E+01, 0.0000000E+00, 0.9632129E+00, 0.5760485E+01, 0.1369260E+02,
 0.5248000E+01, 0.1399702E+02, 0.6964219E+01, 0.0000000E+00, 0.9634393E+00, 0.5764940E+01, 0.1369260E+02,
 0.5250000E+01, 0.1399702E+02, 0.6959537E+01, 0.0000000E+00, 0.9636658E+00, 0.5769396E+01, 0.1369260E+02,
 0.5252000E+01, 0.1399702E+02, 0.6954853E+01, 0.0000000E+00, 0.9638924E+00, 0.5773853E+01, 0.1369260E+02,
 0.5254000E+01, 0.1399702E+02, 0.6950170E+01, 0.0000000E+00, 0.9641193E+00, 0.5778310E+01, 0.1369260E+02,
 0.5256000E+01, 0.1399702E+02, 0.6945485E+01, 0.0000000E+00, 0.9643462E+00, 0.5782767E+01, 0.1369260E+02,
 0.5258000E+01, 0.1399702E+02, 0.6940800E+01, 0.0000000E+00, 0.9645733E+00, 0.5787225E+01, 0.1369260E+02,
 0.5260000E+01, 0.1399702E+02, 0.6936115E+01, 0.0000000E+00, 0.9648006E+00, 0.5791683E+01, 0.1369260E+02,
 0.5262000E+01, 0.1399702E+02, 0.6931429E+01, 0.0000000E+00, 0.9650280E+00, 0.5796141E+01, 0.1369260E+02,
 0.5264000E+01, 0.1399702E+02, 0.6926743E+01, 0.0000000E+00, 0.9652556E+00, 0.5800600E+01, 0.1369260E+02,
 0.5266000E+01, 0.1399702E+02, 0.6922056E+01, 0.0000000E+00, 0.9654834E+00, 0.5805059E+01, 0.1369260E+02,
 0.5268000E+01, 0.1399702E+02, 0.6917368E+01, 0.0000000E+00, 0.9657113E+00, 0.5809519E+01, 0.1369260E+02,
 0.5270000E+01, 0.1399702E+02, 0.6912681E+01, 0.0000000E+00, 0.9659393E+00, 0.5813979E+01, 0.1369260E+02,
 0.5272000E+01, 0.1399702E+02, 0.6907992E+01, 0.0000000E+00, 0.9661675E+00, 0.5818439E+01, 0.1369260E+02,
 0.5274000E+01, 0.1399702E+02, 0.6903304E+01, 0.0000000E+00, 0.9663959E+00, 0.5822899E+01, 0.1369260E+02,
 0.5276000E+01, 0.1399702E+02, 0.6898614E+01, 0.0000000E+00, 0.9666244E+00, 0.5827360E+01, 0.1369260E+02,
 0.5278000E+01, 0.1399702E+02, 0.6893925E+01, 0.0000000E+00, 0.9668531E+00, 0.5831820E+01, 0.1369260E+02,
 0.5280000E+01, 0.1399702E+02, 0.6889235E+01, 0.0000000E+00, 0.9670818E+00, 0.5836282E+01, 0.1369260E+02,
 0.5282000E+01, 0.1399702E+02, 0.6884544E+01, 0.0000000E+00, 0.9673108E+00, 0.5840743E+01, 0.1369260E+02,
 0.5284000E+01, 0.1399702E+02, 0.6879854E+01, 0.0000000E+00, 0.9675400E+00, 0.5845205E+01, 0.1369260E+02,
 0.5286000E+01, 0.1399702E+02, 0.6875162E+01, 0.0000000E+00, 0.9677693E+00, 0.5849667E+01, 0.1369260E+02,
 0.5288000E+01, 0.1399702E+02, 0.6870471E+01, 0.0000000E+00, 0.9679987E+00, 0.5854129E+01, 0.1369260E+02,
 0.5290000E+01, 0.1399702E+02, 0.6865779E+01, 0.0000000E+00, 0.9682282E+00, 0.5858591E+01, 0.1369260E+02,
 0.5292000E+01, 0.1399702E+02, 0.6861086E+01, 0.0000000E+00, 0.9684580E+00, 0.5863054E+01, 0.1369260E+02,
 0.5294000E+01, 0.1399702E+02, 0.6856394E+01, 0.0000000E+00, 0.9686878E+00, 0.5867517E+01, 0.1369260E+02,
 0.5296000E+01, 0.1399702E+02, 0.6851701E+01, 0.0000000E+00, 0.9689179E+00, 0.5871980E+01, 0.1369260E+02,
 0.5298000E+01, 0.1399702E+02, 0.6847007E+01, 0.0000000E+00, 0.9691481E+00, 0.5876443E+01, 0.1369260E+02,
 0.5300000E+01, 0.1399702E+02, 0.6842314E+01, 0.0000000E+00, 0.9693784E+00, 0.5880906E+01, 0.1369260E+02,
 0.5302000E+01, 0.1399702E+02, 0.6837620E+01, 0.0000000E+00, 0.9696089E+00, 0.5885370E+01, 0.1369260E+02,
 0.5304000E+01, 0.1399702E+02, 0.6832925E+01, 0.0000000E+00, 0.9698395E+00, 0.5889833E+01, 0.1369260E+02,
 0.5306000E+01, 0.1399702E+02, 0.6828231E+01, 0.0000000E+00, 0.9700703E+00, 0.5894297E+01, 0.1369260E+02,
 0.5308000E+01, 0.1399702E+02, 0.6823536E+01, 0.0000000E+00, 0.9703013E+00, 0.5898761E+01, 0.1369260E+02,
 0.5310000E+01, 0.1399702E+02, 0.6818841E+01, 0.0000000E+00, 0.9705324E+00, 0.5903225E+01, 0.1369260E+02,
 0.5312000E+01, 0.1399702E+02, 0.6814145E+01, 0.0000000E+00, 0.9707636E+00, 0.5907690E+01, 0.1369260E+02,
 0.5314000E+01, 0.1399702E+02, 0.6809449E+01, 0.0000000E+00, 0.9709949E+00, 0.5912155E+01, 0.1369260E+02,
 0.5316000E+01, 0.1399702E+02, 0.6804752E+01, 0.0000000E+00, 0.9712265E+00, 0.5916619E+01, 0.1369260E+02,
 0.5318000E+01, 0.1399702E+02, 0.6800056E+01, 0.0000000E+00, 0.9714582E+00, 0.5921084E+01, 0.1369260E+02,
 0.5320000E+01, 0.1399702E+02, 0.6795359E+01, 0.0000000E+00, 0.9716900E+00, 0.5925549E+01, 0.1369260E+02,
 0.5322000E+01, 0.1399702E+02, 0.6790662E+01, 0.0000000E+00, 0.9719220E+00, 0.5930015E+01, 0.1369260E+02,
 0.5324000E+01, 0.1399702E+02, 0.6785964E+01, 0.0000000E+00, 0.9721541E+00, 0.5934480E+01, 0.1369260E+02,
 0.5326000E+01, 0.1399702E+02, 0.6781267E+01, 0.0000000E+00, 0.9723864E+00, 0.5938945E+01, 0.1369260E+02,
 0.5328000E+01, 0.1399702E+02, 0.6776569E+01, 0.0000000E+00, 0.9726188E+00, 0.5943411E+01, 0.1369260E+02,
 0.5330000E+01, 0.1399702E+02, 0.6771871E+01, 0.0000000E+00, 0.9728514E+00, 0.5947876E+01, 0.1369260E+02,
 0.5332000E+01, 0.1399702E+02, 0.6767172E+01, 0.0000000E+00, 0.9730841E+00, 0.5952343E+01, 0.1369260E+02,
 0.5334000E+01, 0.1399702E+02, 0.6762473E+01, 0.0000000E+00, 0.9733170E+00, 0.5956809E+01, 0.1369260E+02,
 0.5336000E+01, 0.1399702E+02, 0.6757774E+01, 0.0000000E+00, 0.9735500E+00, 0.5961275E+01, 0.1369260E+02,
 0.5338000E+01, 0.1399702E+02, 0.6753074E+01, 0.0000000E+00, 0.9737831E+00, 0.5965741E+01, 0.1369260E+02,
 0.5340000E+01, 0.1399702E+02, 0.6748374E+01, 0.0000000E+00, 0.9740164E+00, 0.5970208E+01, 0.1369260E+02,
 0.5342000E+01, 0.1399702E+02, 0.6743674E+01, 0.0000000E+00, 0.9742499E+00, 0.5974674E+01, 0.1369260E+02,
 0.5344000E+01, 0.1399702E+02, 0.6738974E+01, 0.0000000E+00, 0.9744835E+00, 0.5979141E+01, 0.1369260E+02,
 0.5346000E+01, 0.1399702E+02, 0.6734273E+01, 0.0000000E+00, 0.9747173E+00, 0.5983608E+01, 0.1369260E+02,
 0.5348000E+01, 0.1399702E+02, 0.6729572E+01, 0.0000000E+00, 0.9749511E+00, 0.5988075E+01, 0.1369260E+02,
 0.5350000E+01, 0.1399702E+02, 0.6724871E+01, 0.0000000E+00, 0.9751852E+00, 0.5992542E+01, 0.1369260E+02,
 0.5352000E+01, 0.1399702E+02, 0.6720169E+01, 0.0000000E+00, 0.9754193E+00, 0.5997010E+01, 0.1369260E+02,
 0.5354000E+01, 0.1399702E+02, 0.6715467E+01, 0.0000000E+00, 0.9756536E+00, 0.6001477E+01, 0.1369260E+02,
 0.5356000E+01, 0.1399702E+02, 0.6710765E+01, 0.0000000E+00, 0.9758881E+00, 0.6005945E+01, 0.1369260E+02,
 0.5358000E+01, 0.1399702E+02, 0.6706063E+01, 0.0000000E+00, 0.9761227E+00, 0.6010413E+01, 0.1369260E+02,
 0.5360000E+01, 0.1399702E+02, 0.6701360E+01, 0.0000000E+00, 0.9763575E+00, 0.6014881E+01, 0.1369260E+02,
 0.5362000E+01, 0.1399702E+02, 0.6696657E+01, 0.0000000E+00, 0.9765924E+00, 0.6019349E+01, 0.1369260E+02,
 0.5364000E+01, 0.1399702E+02, 0.6691953E+01, 0.0000000E+00, 0.9768274E+00, 0.6023818E+01, 0.1369260E+02,
 0.5366000E+01, 0.1399702E+02, 0.6687250E+01, 0.0000000E+00, 0.9770626E+00, 0.6028286E+01, 0.1369260E+02,
 0.5368000E+01, 0.1399702E+02, 0.6682546E+01, 0.0000000E+00, 0.9772980E+00, 0.6032755E+01, 0.1369260E+02,
 0.5370000E+01, 0.1399702E+02, 0.6677841E+01, 0.0000000E+00, 0.9775335E+00, 0.6037224E+01, 0.1369260E+02,
 0.5372000E+01, 0.1399702E+02, 0.6673136E+01, 0.0000000E+00, 0.9777691E+00, 0.6041693E+01, 0.1369260E+02,
 0.5374000E+01, 0.1399702E+02, 0.6668431E+01, 0.0000000E+00, 0.9780048E+00, 0.6046162E+01, 0.1369260E+02,
 0.5376000E+01, 0.1399702E+02, 0.6663726E+01, 0.0000000E+00, 0.9782407E+00, 0.6050632E+01, 0.1369260E+02,
 0.5378000E+01, 0.1399702E+02, 0.6659020E+01, 0.0000000E+00, 0.9784768E+00, 0.6055101E+01, 0.1369260E+02,
 0.5380000E+01, 0.1399702E+02, 0.6654315E+01, 0.0000000E+00, 0.9787129E+00, 0.6059571E+01, 0.1369260E+02,
 0.5382000E+01, 0.1399702E+02, 0.6649608E+01, 0.0000000E+00, 0.9789492E+00, 0.6064041E+01, 0.1369260E+02,
 0.5384000E+01, 0.1399702E+02, 0.6644901E+01, 0.0000000E+00, 0.9791858E+00, 0.6068511E+01, 0.1369260E+02,
 0.5386000E+01, 0.1399702E+02, 0.6640194E+01, 0.0000000E+00, 0.9794223E+00, 0.6072982E+01, 0.1369260E+02,
 0.5388000E+01, 0.1399702E+02, 0.6635487E+01, 0.0000000E+00, 0.9796591E+00, 0.6077453E+01, 0.1369260E+02,
 0.5390000E+01, 0.1399702E+02, 0.6630779E+01, 0.0000000E+00, 0.9798960E+00, 0.6081923E+01, 0.1369260E+02,
 0.5392000E+01, 0.1399702E+02, 0.6626071E+01, 0.0000000E+00, 0.9801330E+00, 0.6086394E+01, 0.1369260E+02,
 0.5394000E+01, 0.1399702E+02, 0.6621362E+01, 0.0000000E+00, 0.9803702E+00, 0.6090866E+01, 0.1369260E+02,
 0.5396000E+01, 0.1399702E+02, 0.6616653E+01, 0.0000000E+00, 0.9806075E+00, 0.6095337E+01, 0.1369260E+02,
 0.5398000E+01, 0.1399702E+02, 0.6611944E+01, 0.0000000E+00, 0.9808450E+00, 0.6099809E+01, 0.1369260E+02,
 0.5400000E+01, 0.1399702E+02, 0.6607235E+01, 0.0000000E+00, 0.9810826E+00, 0.6104281E+01, 0.1369260E+02,
 0.5402000E+01, 0.1399702E+02, 0.6602525E+01, 0.0000000E+00, 0.9813203E+00, 0.6108753E+01, 0.1369260E+02,
 0.5404000E+01, 0.1399702E+02, 0.6597815E+01, 0.0000000E+00, 0.9815581E+00, 0.6113226E+01, 0.1369260E+02,
 0.5406000E+01, 0.1399702E+02, 0.6593103E+01, 0.0000000E+00, 0.9817961E+00, 0.6117699E+01, 0.1369260E+02,
 0.5408000E+01, 0.1399702E+02, 0.6588392E+01, 0.0000000E+00, 0.9820343E+00, 0.6122171E+01, 0.1369260E+02,
 0.5410000E+01, 0.1399702E+02, 0.6583681E+01, 0.0000000E+00, 0.9822726E+00, 0.6126645E+01, 0.1369260E+02,
 0.5412000E+01, 0.1399702E+02, 0.6578969E+01, 0.0000000E+00, 0.9825110E+00, 0.6131118E+01, 0.1369260E+02,
 0.5414000E+01, 0.1399702E+02, 0.6574256E+01, 0.0000000E+00, 0.9827496E+00, 0.6135592E+01, 0.1369260E+02,
 0.5416000E+01, 0.1399702E+02, 0.6569544E+01, 0.0000000E+00, 0.9829882E+00, 0.6140066E+01, 0.1369260E+02,
 0.5418000E+01, 0.1399702E+02, 0.6564831E+01, 0.0000000E+00, 0.9832271E+00, 0.6144541E+01, 0.1369260E+02,
 0.5420000E+01, 0.1399702E+02, 0.6560117E+01, 0.0000000E+00, 0.9834660E+00, 0.6149015E+01, 0.1369260E+02,
 0.5422000E+01, 0.1399702E+02, 0.6555403E+01, 0.0000000E+00, 0.9837052E+00, 0.6153490E+01, 0.1369260E+02,
 0.5424000E+01, 0.1399702E+02, 0.6550689E+01, 0.0000000E+00, 0.9839444E+00, 0.6157965E+01, 0.1369260E+02,
 0.5426000E+01, 0.1399702E+02, 0.6545974E+01, 0.0000000E+00, 0.9841838E+00, 0.6162441E+01, 0.1369260E+02,
 0.5428000E+01, 0.1399702E+02, 0.6541258E+01, 0.0000000E+00, 0.9844233E+00, 0.6166917E+01, 0.1369260E+02,
 0.5430000E+01, 0.1399702E+02, 0.6536542E+01, 0.0000000E+00, 0.9846630E+00, 0.6171393E+01, 0.1369260E+02,
 0.5432000E+01, 0.1399702E+02, 0.6531826E+01, 0.0000000E+00, 0.9849027E+00, 0.6175869E+01, 0.1369260E+02,
 0.5434000E+01, 0.1399702E+02, 0.6527110E+01, 0.0000000E+00, 0.9851426E+00, 0.6180346E+01, 0.1369260E+02,
 0.5436000E+01, 0.1399702E+02, 0.6522392E+01, 0.0000000E+00, 0.9853827E+00, 0.6184823E+01, 0.1369260E+02,
 0.5438000E+01, 0.1399702E+02, 0.6517675E+01, 0.0000000E+00, 0.9856229E+00, 0.6189301E+01, 0.1369260E+02,
 0.5440000E+01, 0.1399702E+02, 0.6512957E+01, 0.0000000E+00, 0.9858632E+00, 0.6193779E+01, 0.1369260E+02,
 0.5442000E+01, 0.1399702E+02, 0.6508238E+01, 0.0000000E+00, 0.9861037E+00, 0.6198256E+01, 0.1369260E+02,
 0.5444000E+01, 0.1399702E+02, 0.6503519E+01, 0.0000000E+00, 0.9863443E+00, 0.6202735E+01, 0.1369260E+02,
 0.5446000E+01, 0.1399702E+02, 0.6498800E+01, 0.0000000E+00, 0.9865850E+00, 0.6207214E+01, 0.1369260E+02,
 0.5448000E+01, 0.1399702E+02, 0.6494080E+01, 0.0000000E+00, 0.9868259E+00, 0.6211693E+01, 0.1369260E+02,
 0.5450000E+01, 0.1399702E+02, 0.6489359E+01, 0.0000000E+00, 0.9870669E+00, 0.6216172E+01, 0.1369260E+02,
 0.5452000E+01, 0.1399702E+02, 0.6484638E+01, 0.0000000E+00, 0.9873080E+00, 0.6220652E+01, 0.1369260E+02,
 0.5454000E+01, 0.1399702E+02, 0.6479917E+01, 0.0000000E+00, 0.9875492E+00, 0.6225132E+01, 0.1369260E+02,
 0.5456000E+01, 0.1399702E+02, 0.6475194E+01, 0.0000000E+00, 0.9877906E+00, 0.6229613E+01, 0.1369260E+02,
 0.5458000E+01, 0.1399702E+02, 0.6470472E+01, 0.0000000E+00, 0.9880322E+00, 0.6234094E+01, 0.1369260E+02,
 0.5460000E+01, 0.1399702E+02, 0.6465749E+01, 0.0000000E+00, 0.9882738E+00, 0.6238575E+01, 0.1369260E+02,
 0.5462000E+01, 0.1399702E+02, 0.6461025E+01, 0.0000000E+00, 0.9885156E+00, 0.6243057E+01, 0.1369260E+02,
 0.5464000E+01, 0.1399702E+02, 0.6456301E+01, 0.0000000E+00, 0.9887575E+00, 0.6247540E+01, 0.1369260E+02,
 0.5466000E+01, 0.1399702E+02, 0.6451577E+01, 0.0000000E+00, 0.9889995E+00, 0.6252022E+01, 0.1369260E+02,
 0.5468000E+01, 0.1399702E+02, 0.6446852E+01, 0.0000000E+00, 0.9892417E+00, 0.6256505E+01, 0.1369260E+02,
 0.5470000E+01, 0.1399702E+02, 0.6442126E+01, 0.0000000E+00, 0.9894840E+00, 0.6260989E+01, 0.1369260E+02,
 0.5472000E+01, 0.1399702E+02, 0.6437399E+01, 0.0000000E+00, 0.9897265E+00, 0.6265472E+01, 0.1369260E+02,
 0.5474000E+01, 0.1399702E+02, 0.6432673E+01, 0.0000000E+00, 0.9899690E+00, 0.6269957E+01, 0.1369260E+02,
 0.5476000E+01, 0.1399702E+02, 0.6427945E+01, 0.0000000E+00, 0.9902117E+00, 0.6274441E+01, 0.1369260E+02,
 0.5478000E+01, 0.1399702E+02, 0.6423217E+01, 0.0000000E+00, 0.9904546E+00, 0.6278926E+01, 0.1369260E+02,
 0.5480000E+01, 0.1399702E+02, 0.6418489E+01, 0.0000000E+00, 0.9906975E+00, 0.6283412E+01, 0.1369260E+02,
 0.5482000E+01, 0.1399702E+02, 0.6413760E+01, 0.0000000E+00, 0.9909406E+00, 0.6287898E+01, 0.1369260E+02,
 0.5484000E+01, 0.1399702E+02, 0.6409030E+01, 0.0000000E+00, 0.9911838E+00, 0.6292385E+01, 0.1369260E+02,
 0.5486000E+01, 0.1399702E+02, 0.6404300E+01, 0.0000000E+00, 0.9914271E+00, 0.6296871E+01, 0.1369260E+02,
 0.5488000E+01, 0.1399702E+02, 0.6399569E+01, 0.0000000E+00, 0.9916706E+00, 0.6301359E+01, 0.1369260E+02,
 0.5490000E+01, 0.1399702E+02, 0.6394837E+01, 0.0000000E+00, 0.9919142E+00, 0.6305847E+01, 0.1369260E+02,
 0.5492000E+01, 0.1399702E+02, 0.6390106E+01, 0.0000000E+00, 0.9921579E+00, 0.6310335E+01, 0.1369260E+02,
 0.5494000E+01, 0.1399702E+02, 0.6385373E+01, 0.0000000E+00, 0.9924018E+00, 0.6314824E+01, 0.1369260E+02,
 0.5496000E+01, 0.1399702E+02, 0.6380640E+01, 0.0000000E+00, 0.9926457E+00, 0.6319313E+01, 0.1369260E+02,
 0.5498000E+01, 0.1399702E+02, 0.6375906E+01, 0.0000000E+00, 0.9928899E+00, 0.6323802E+01, 0.1369260E+02,
 0.5500000E+01, 0.1399702E+02, 0.6371171E+01, 0.0000000E+00, 0.9931341E+00, 0.6328293E+01, 0.1369260E+02,
 0.5502000E+01, 0.1399702E+02, 0.6366436E+01, 0.0000000E+00, 0.9933785E+00, 0.6332784E+01, 0.1369260E+02,
 0.5504000E+01, 0.1399702E+02, 0.6361701E+01, 0.0000000E+00, 0.9936229E+00, 0.6337275E+01, 0.1369260E+02,
 0.5506000E+01, 0.1399702E+02, 0.6356964E+01, 0.0000000E+00, 0.9938675E+00, 0.6341766E+01, 0.1369260E+02,
 0.5508000E+01, 0.1399702E+02, 0.6352227E+01, 0.0000000E+00, 0.9941123E+00, 0.6346259E+01, 0.1369260E+02,
 0.5510000E+01, 0.1399702E+02, 0.6347490E+01, 0.0000000E+00, 0.9943571E+00, 0.6350751E+01, 0.1369260E+02,
 0.5512000E+01, 0.1399702E+02, 0.6342752E+01, 0.0000000E+00, 0.9946021E+00, 0.6355245E+01, 0.1369260E+02,
 0.5514000E+01, 0.1399702E+02, 0.6338013E+01, 0.0000000E+00, 0.9948472E+00, 0.6359739E+01, 0.1369260E+02,
 0.5516000E+01, 0.1399702E+02, 0.6333273E+01, 0.0000000E+00, 0.9950924E+00, 0.6364233E+01, 0.1369260E+02,
 0.5518000E+01, 0.1399702E+02, 0.6328533E+01, 0.0000000E+00, 0.9953378E+00, 0.6368728E+01, 0.1369260E+02,
 0.5520000E+01, 0.1399702E+02, 0.6323792E+01, 0.0000000E+00, 0.9955832E+00, 0.6373223E+01, 0.1369260E+02,
 0.5522000E+01, 0.1399702E+02, 0.6319050E+01, 0.0000000E+00, 0.9958288E+00, 0.6377719E+01, 0.1369260E+02,
 0.5524000E+01, 0.1399702E+02, 0.6314308E+01, 0.0000000E+00, 0.9960746E+00, 0.6382215E+01, 0.1369260E+02,
 0.5526000E+01, 0.1399702E+02, 0.6309565E+01, 0.0000000E+00, 0.9963204E+00, 0.6386713E+01, 0.1369260E+02,
 0.5528000E+01, 0.1399702E+02, 0.6304821E+01, 0.0000000E+00, 0.9965664E+00, 0.6391210E+01, 0.1369260E+02,
 0.5530000E+01, 0.1399702E+02, 0.6300077E+01, 0.0000000E+00, 0.9968125E+00, 0.6395709E+01, 0.1369260E+02,
 0.5532000E+01, 0.1399702E+02, 0.6295332E+01, 0.0000000E+00, 0.9970586E+00, 0.6400207E+01, 0.1369260E+02,
 0.5534000E+01, 0.1399702E+02, 0.6290587E+01, 0.0000000E+00, 0.9973050E+00, 0.6404706E+01, 0.1369260E+02,
 0.5536000E+01, 0.1399702E+02, 0.6285841E+01, 0.0000000E+00, 0.9975514E+00, 0.6409206E+01, 0.1369260E+02,
 0.5538000E+01, 0.1399702E+02, 0.6281094E+01, 0.0000000E+00, 0.9977980E+00, 0.6413707E+01, 0.1369260E+02,
 0.5540000E+01, 0.1399702E+02, 0.6276346E+01, 0.0000000E+00, 0.9980447E+00, 0.6418208E+01, 0.1369260E+02,
 0.5542000E+01, 0.1399702E+02, 0.6271597E+01, 0.0000000E+00, 0.9982915E+00, 0.6422709E+01, 0.1369260E+02,
 0.5544000E+01, 0.1399702E+02, 0.6266848E+01, 0.0000000E+00, 0.9985384E+00, 0.6427212E+01, 0.1369260E+02,
 0.5546000E+01, 0.1399702E+02, 0.6262098E+01, 0.0000000E+00, 0.9987854E+00, 0.6431715E+01, 0.1369260E+02,
 0.5548000E+01, 0.1399702E+02, 0.6257348E+01, 0.0000000E+00, 0.9990326E+00, 0.6436218E+01, 0.1369260E+02,
 0.5550000E+01, 0.1399702E+02, 0.6252596E+01, 0.0000000E+00, 0.9992799E+00, 0.6440722E+01, 0.1369260E+02,
 0.5552000E+01, 0.1399702E+02, 0.6247844E+01, 0.0000000E+00, 0.9995273E+00, 0.6445227E+01, 0.1369260E+02,
 0.5554000E+01, 0.1399702E+02, 0.6243092E+01, 0.0000000E+00, 0.9997748E+00, 0.6449732E+01, 0.1369260E+02,
 0.5556000E+01, 0.1399702E+02, 0.6238338E+01, 0.0000000E+00, 0.1000022E+01, 0.6454238E+01, 0.1369260E+02,
 0.5558000E+01, 0.1399702E+02, 0.6233584E+01, 0.0000000E+00, 0.1000270E+01, 0.6458744E+01, 0.1369260E+02,
 0.5560000E+01, 0.1399702E+02, 0.6228829E+01, 0.0000000E+00, 0.1000518E+01, 0.6463252E+01, 0.1369260E+02,
 0.5562000E+01, 0.1399702E+02, 0.6224073E+01, 0.0000000E+00, 0.1000766E+01, 0.6467759E+01, 0.1369260E+02,
 0.5564000E+01, 0.1399702E+02, 0.6219316E+01, 0.0000000E+00, 0.1001014E+01, 0.6472268E+01, 0.1369260E+02,
 0.5566000E+01, 0.1399702E+02, 0.6214560E+01, 0.0000000E+00, 0.1001262E+01, 0.6476777E+01, 0.1369260E+02,
 0.5568000E+01, 0.1399702E+02, 0.6209801E+01, 0.0000000E+00, 0.1001511E+01, 0.6481287E+01, 0.1369260E+02,
 0.5570000E+01, 0.1399702E+02, 0.6205042E+01, 0.0000000E+00, 0.1001759E+01, 0.6485796E+01, 0.1369260E+02,
 0.5572000E+01, 0.1399702E+02, 0.6200283E+01, 0.0000000E+00, 0.1002008E+01, 0.6490308E+01, 0.1369260E+02,
 0.5574000E+01, 0.1399702E+02, 0.6195523E+01, 0.0000000E+00, 0.1002257E+01, 0.6494819E+01, 0.1369260E+02,
 0.5576000E+01, 0.1399702E+02, 0.6190762E+01, 0.0000000E+00, 0.1002505E+01, 0.6499331E+01, 0.1369260E+02,
 0.5578000E+01, 0.1399702E+02, 0.6186000E+01, 0.0000000E+00, 0.1002754E+01, 0.6503845E+01, 0.1369260E+02,
 0.5580000E+01, 0.1399702E+02, 0.6181237E+01, 0.0000000E+00, 0.1003003E+01, 0.6508358E+01, 0.1369260E+02,
 0.5582000E+01, 0.1399702E+02, 0.6176474E+01, 0.0000000E+00, 0.1003252E+01, 0.6512873E+01, 0.1369260E+02,
 0.5584000E+01, 0.1399702E+02, 0.6171709E+01, 0.0000000E+00, 0.1003502E+01, 0.6517387E+01, 0.1369260E+02,
 0.5586000E+01, 0.1399702E+02, 0.6166944E+01, 0.0000000E+00, 0.1003751E+01, 0.6521903E+01, 0.1369260E+02,
 0.5588000E+01, 0.1399702E+02, 0.6162179E+01, 0.0000000E+00, 0.1004000E+01, 0.6526420E+01, 0.1369260E+02,
 0.5590000E+01, 0.1399702E+02, 0.6157412E+01, 0.0000000E+00, 0.1004250E+01, 0.6530937E+01, 0.1369260E+02,
 0.5592000E+01, 0.1399702E+02, 0.6152644E+01, 0.0000000E+00, 0.1004500E+01, 0.6535454E+01, 0.1369260E+02,
 0.5594000E+01, 0.1399702E+02, 0.6147876E+01, 0.0000000E+00, 0.1004750E+01, 0.6539973E+01, 0.1369260E+02,
 0.5596000E+01, 0.1399702E+02, 0.6143107E+01, 0.0000000E+00, 0.1005000E+01, 0.6544492E+01, 0.1369260E+02,
 0.5598000E+01, 0.1399702E+02, 0.6138337E+01, 0.0000000E+00, 0.1005250E+01, 0.6549012E+01, 0.1369260E+02,
 0.5600000E+01, 0.1399702E+02, 0.6133566E+01, 0.0000000E+00, 0.1005500E+01, 0.6553532E+01, 0.1369260E+02,
 0.5602000E+01, 0.1399702E+02, 0.6128795E+01, 0.0000000E+00, 0.1005750E+01, 0.6558053E+01, 0.1369260E+02,
 0.5604000E+01, 0.1399702E+02, 0.6124022E+01, 0.0000000E+00, 0.1006000E+01, 0.6562575E+01, 0.1369260E+02,
 0.5606000E+01, 0.1399702E+02, 0.6119249E+01, 0.0000000E+00, 0.1006251E+01, 0.6567098E+01, 0.1369260E+02,
 0.5608000E+01, 0.1399702E+02, 0.6114475E+01, 0.0000000E+00, 0.1006501E+01, 0.6571622E+01, 0.1369260E+02,
 0.5610000E+01, 0.1399702E+02, 0.6109700E+01, 0.0000000E+00, 0.1006752E+01, 0.6576146E+01, 0.1369260E+02,
 0.5612000E+01, 0.1399702E+02, 0.6104925E+01, 0.0000000E+00, 0.1007003E+01, 0.6580671E+01, 0.1369260E+02,
 0.5614000E+01, 0.1399702E+02, 0.6100148E+01, 0.0000000E+00, 0.1007254E+01, 0.6585196E+01, 0.1369260E+02,
 0.5616000E+01, 0.1399702E+02, 0.6095371E+01, 0.0000000E+00, 0.1007505E+01, 0.6589723E+01, 0.1369260E+02,
 0.5618000E+01, 0.1399702E+02, 0.6090592E+01, 0.0000000E+00, 0.1007756E+01, 0.6594250E+01, 0.1369260E+02,
 0.5620000E+01, 0.1399702E+02, 0.6085814E+01, 0.0000000E+00, 0.1008007E+01, 0.6598778E+01, 0.1369260E+02,
 0.5622000E+01, 0.1399702E+02, 0.6081034E+01, 0.0000000E+00, 0.1008259E+01, 0.6603306E+01, 0.1369260E+02,
 0.5624000E+01, 0.1399702E+02, 0.6076253E+01, 0.0000000E+00, 0.1008510E+01, 0.6607836E+01, 0.1369260E+02,
 0.5626000E+01, 0.1399702E+02, 0.6071471E+01, 0.0000000E+00, 0.1008762E+01, 0.6612366E+01, 0.1369260E+02,
 0.5628000E+01, 0.1399702E+02, 0.6066689E+01, 0.0000000E+00, 0.1009013E+01, 0.6616897E+01, 0.1369260E+02,
 0.5630000E+01, 0.1399702E+02, 0.6061905E+01, 0.0000000E+00, 0.1009265E+01, 0.6621428E+01, 0.1369260E+02,
 0.5632000E+01, 0.1399702E+02, 0.6057121E+01, 0.0000000E+00, 0.1009517E+01, 0.6625960E+01, 0.1369260E+02,
 0.5634000E+01, 0.1399702E+02, 0.6052336E+01, 0.0000000E+00, 0.1009769E+01, 0.6630494E+01, 0.1369260E+02,
 0.5636000E+01, 0.1399702E+02, 0.6047550E+01, 0.0000000E+00, 0.1010021E+01, 0.6635027E+01, 0.1369260E+02,
 0.5638000E+01, 0.1399702E+02, 0.6042763E+01, 0.0000000E+00, 0.1010273E+01, 0.6639562E+01, 0.1369260E+02,
 0.5640000E+01, 0.1399702E+02, 0.6037975E+01, 0.0000000E+00, 0.1010525E+01, 0.6644098E+01, 0.1369260E+02,
 0.5642000E+01, 0.1399702E+02, 0.6033186E+01, 0.0000000E+00, 0.1010778E+01, 0.6648634E+01, 0.1369260E+02,
 0.5644000E+01, 0.1399702E+02, 0.6028397E+01, 0.0000000E+00, 0.1011030E+01, 0.6653171E+01, 0.1369260E+02,
 0.5646000E+01, 0.1399702E+02, 0.6023607E+01, 0.0000000E+00, 0.1011283E+01, 0.6657709E+01, 0.1369260E+02,
 0.5648000E+01, 0.1399702E+02, 0.6018816E+01, 0.0000000E+00, 0.1011536E+01, 0.6662247E+01, 0.1369260E+02,
 0.5650000E+01, 0.1399702E+02, 0.6014023E+01, 0.0000000E+00, 0.1011788E+01, 0.6666787E+01, 0.1369260E+02,
 0.5652000E+01, 0.1399702E+02, 0.6009230E+01, 0.0000000E+00, 0.1012041E+01, 0.6671327E+01, 0.1369260E+02,
 0.5654000E+01, 0.1399702E+02, 0.6004436E+01, 0.0000000E+00, 0.1012294E+01, 0.6675868E+01, 0.1369260E+02,
 0.5656000E+01, 0.1399702E+02, 0.5999641E+01, 0.0000000E+00, 0.1012548E+01, 0.6680410E+01, 0.1369260E+02,
 0.5658000E+01, 0.1399702E+02, 0.5994845E+01, 0.0000000E+00, 0.1012801E+01, 0.6684952E+01, 0.1369260E+02,
 0.5660000E+01, 0.1399702E+02, 0.5990048E+01, 0.0000000E+00, 0.1013054E+01, 0.6689496E+01, 0.1369260E+02,
 0.5662000E+01, 0.1399702E+02, 0.5985251E+01, 0.0000000E+00, 0.1013308E+01, 0.6694040E+01, 0.1369260E+02,
 0.5664000E+01, 0.1399702E+02, 0.5980453E+01, 0.0000000E+00, 0.1013561E+01, 0.6698585E+01, 0.1369260E+02,
 0.5666000E+01, 0.1399702E+02, 0.5975653E+01, 0.0000000E+00, 0.1013815E+01, 0.6703131E+01, 0.1369260E+02,
 0.5668000E+01, 0.1399702E+02, 0.5970852E+01, 0.0000000E+00, 0.1014068E+01, 0.6707677E+01, 0.1369260E+02,
 0.5670000E+01, 0.1399702E+02, 0.5966051E+01, 0.0000000E+00, 0.1014322E+01, 0.6712225E+01, 0.1369260E+02,
 0.5672000E+01, 0.1399702E+02, 0.5961249E+01, 0.0000000E+00, 0.1014576E+01, 0.6716773E+01, 0.1369260E+02,
 0.5674000E+01, 0.1399702E+02, 0.5956446E+01, 0.0000000E+00, 0.1014830E+01, 0.6721323E+01, 0.1369260E+02,
 0.5676000E+01, 0.1399702E+02, 0.5951642E+01, 0.0000000E+00, 0.1015084E+01, 0.6725873E+01, 0.1369260E+02,
 0.5678000E+01, 0.1399702E+02, 0.5946836E+01, 0.0000000E+00, 0.1015339E+01, 0.6730423E+01, 0.1369260E+02,
 0.5680000E+01, 0.1399702E+02, 0.5942031E+01, 0.0000000E+00, 0.1015593E+01, 0.6734975E+01, 0.1369260E+02,
 0.5682000E+01, 0.1399702E+02, 0.5937224E+01, 0.0000000E+00, 0.1015847E+01, 0.6739527E+01, 0.1369260E+02,
 0.5684000E+01, 0.1399702E+02, 0.5932416E+01, 0.0000000E+00, 0.1016102E+01, 0.6744081E+01, 0.1369260E+02,
 0.5686000E+01, 0.1399702E+02, 0.5927607E+01, 0.0000000E+00, 0.1016356E+01, 0.6748635E+01, 0.1369260E+02,
 0.5688000E+01, 0.1399702E+02, 0.5922798E+01, 0.0000000E+00, 0.1016611E+01, 0.6753190E+01, 0.1369260E+02,
 0.5690000E+01, 0.1399702E+02, 0.5917987E+01, 0.0000000E+00, 0.1016866E+01, 0.6757746E+01, 0.1369260E+02,
 0.5692000E+01, 0.1399702E+02, 0.5913175E+01, 0.0000000E+00, 0.1017121E+01, 0.6762302E+01, 0.1369260E+02,
 0.5694000E+01, 0.1399702E+02, 0.5908363E+01, 0.0000000E+00, 0.1017376E+01, 0.6766860E+01, 0.1369260E+02,
 0.5696000E+01, 0.1399702E+02, 0.5903549E+01, 0.0000000E+00, 0.1017631E+01, 0.6771419E+01, 0.1369260E+02,
 0.5698000E+01, 0.1399702E+02, 0.5898735E+01, 0.0000000E+00, 0.1017886E+01, 0.6775978E+01, 0.1369260E+02,
 0.5700000E+01, 0.1399702E+02, 0.5893919E+01, 0.0000000E+00, 0.1018141E+01, 0.6780538E+01, 0.1369260E+02,
 0.5702000E+01, 0.1399702E+02, 0.5889103E+01, 0.0000000E+00, 0.1018397E+01, 0.6785099E+01, 0.1369260E+02,
 0.5704000E+01, 0.1399702E+02, 0.5884285E+01, 0.0000000E+00, 0.1018652E+01, 0.6789661E+01, 0.1369260E+02,
 0.5706000E+01, 0.1399702E+02, 0.5879467E+01, 0.0000000E+00, 0.1018908E+01, 0.6794223E+01, 0.1369260E+02,
 0.5708000E+01, 0.1399702E+02, 0.5874648E+01, 0.0000000E+00, 0.1019163E+01, 0.6798787E+01, 0.1369260E+02,
 0.5710000E+01, 0.1399702E+02, 0.5869828E+01, 0.0000000E+00, 0.1019419E+01, 0.6803352E+01, 0.1369260E+02,
 0.5712000E+01, 0.1399702E+02, 0.5865006E+01, 0.0000000E+00, 0.1019675E+01, 0.6807917E+01, 0.1369260E+02,
 0.5714000E+01, 0.1399702E+02, 0.5860184E+01, 0.0000000E+00, 0.1019931E+01, 0.6812483E+01, 0.1369260E+02,
 0.5716000E+01, 0.1399702E+02, 0.5855361E+01, 0.0000000E+00, 0.1020187E+01, 0.6817050E+01, 0.1369260E+02,
 0.5718000E+01, 0.1399702E+02, 0.5850537E+01, 0.0000000E+00, 0.1020443E+01, 0.6821619E+01, 0.1369260E+02,
 0.5720000E+01, 0.1399702E+02, 0.5845712E+01, 0.0000000E+00, 0.1020699E+01, 0.6826187E+01, 0.1369260E+02,
 0.5722000E+01, 0.1399702E+02, 0.5840886E+01, 0.0000000E+00, 0.1020955E+01, 0.6830757E+01, 0.1369260E+02,
 0.5724000E+01, 0.1399702E+02, 0.5836059E+01, 0.0000000E+00, 0.1021212E+01, 0.6835328E+01, 0.1369260E+02,
 0.5726000E+01, 0.1399702E+02, 0.5831231E+01, 0.0000000E+00, 0.1021468E+01, 0.6839900E+01, 0.1369260E+02,
 0.5728000E+01, 0.1399702E+02, 0.5826402E+01, 0.0000000E+00, 0.1021725E+01, 0.6844472E+01, 0.1369260E+02,
 0.5730000E+01, 0.1399702E+02, 0.5821572E+01, 0.0000000E+00, 0.1021981E+01, 0.6849045E+01, 0.1369260E+02,
 0.5732000E+01, 0.1399702E+02, 0.5816741E+01, 0.0000000E+00, 0.1022238E+01, 0.6853620E+01, 0.1369260E+02,
 0.5734000E+01, 0.1399702E+02, 0.5811909E+01, 0.0000000E+00, 0.1022495E+01, 0.6858195E+01, 0.1369260E+02,
 0.5736000E+01, 0.1399702E+02, 0.5807076E+01, 0.0000000E+00, 0.1022752E+01, 0.6862771E+01, 0.1369260E+02,
 0.5738000E+01, 0.1399702E+02, 0.5802242E+01, 0.0000000E+00, 0.1023009E+01, 0.6867348E+01, 0.1369260E+02,
 0.5740000E+01, 0.1399702E+02, 0.5797407E+01, 0.0000000E+00, 0.1023266E+01, 0.6871926E+01, 0.1369260E+02,
 0.5742000E+01, 0.1399702E+02, 0.5792571E+01, 0.0000000E+00, 0.1023523E+01, 0.6876504E+01, 0.1369260E+02,
 0.5744000E+01, 0.1399702E+02, 0.5787734E+01, 0.0000000E+00, 0.1023780E+01, 0.6881084E+01, 0.1369260E+02,
 0.5746000E+01, 0.1399702E+02, 0.5782896E+01, 0.0000000E+00, 0.1024037E+01, 0.6885665E+01, 0.1369260E+02,
 0.5748000E+01, 0.1399702E+02, 0.5778057E+01, 0.0000000E+00, 0.1024295E+01, 0.6890246E+01, 0.1369260E+02,
 0.5750000E+01, 0.1399702E+02, 0.5773217E+01, 0.0000000E+00, 0.1024552E+01, 0.6894829E+01, 0.1369260E+02,
 0.5752000E+01, 0.1399702E+02, 0.5768376E+01, 0.0000000E+00, 0.1024810E+01, 0.6899412E+01, 0.1369260E+02,
 0.5754000E+01, 0.1399702E+02, 0.5763534E+01, 0.0000000E+00, 0.1025068E+01, 0.6903996E+01, 0.1369260E+02,
 0.5756000E+01, 0.1399702E+02, 0.5758691E+01, 0.0000000E+00, 0.1025325E+01, 0.6908582E+01, 0.1369260E+02,
 0.5758000E+01, 0.1399702E+02, 0.5753847E+01, 0.0000000E+00, 0.1025583E+01, 0.6913168E+01, 0.1369260E+02,
 0.5760000E+01, 0.1399702E+02, 0.5749002E+01, 0.0000000E+00, 0.1025841E+01, 0.6917755E+01, 0.1369260E+02,
 0.5762000E+01, 0.1399702E+02, 0.5744156E+01, 0.0000000E+00, 0.1026099E+01, 0.6922343E+01, 0.1369260E+02,
 0.5764000E+01, 0.1399702E+02, 0.5739309E+01, 0.0000000E+00, 0.1026357E+01, 0.6926932E+01, 0.1369260E+02,
 0.5766000E+01, 0.1399702E+02, 0.5734461E+01, 0.0000000E+00, 0.1026615E+01, 0.6931522E+01, 0.1369260E+02,
 0.5768000E+01, 0.1399702E+02, 0.5729612E+01, 0.0000000E+00, 0.1026874E+01, 0.6936113E+01, 0.1369260E+02,
 0.5770000E+01, 0.1399702E+02, 0.5724762E+01, 0.0000000E+00, 0.1027132E+01, 0.6940704E+01, 0.1369260E+02,
 0.5772000E+01, 0.1399702E+02, 0.5719911E+01, 0.0000000E+00, 0.1027390E+01, 0.6945297E+01, 0.1369260E+02,
 0.5774000E+01, 0.1399702E+02, 0.5715059E+01, 0.0000000E+00, 0.1027649E+01, 0.6949891E+01, 0.1369260E+02,
 0.5776000E+01, 0.1399702E+02, 0.5710206E+01, 0.0000000E+00, 0.1027907E+01, 0.6954485E+01, 0.1369260E+02,
 0.5778000E+01, 0.1399702E+02, 0.5705351E+01, 0.0000000E+00, 0.1028166E+01, 0.6959081E+01, 0.1369260E+02,
 0.5780000E+01, 0.1399702E+02, 0.5700496E+01, 0.0000000E+00, 0.1028425E+01, 0.6963677E+01, 0.1369260E+02,
 0.5782000E+01, 0.1399702E+02, 0.5695640E+01, 0.0000000E+00, 0.1028684E+01, 0.6968275E+01, 0.1369260E+02,
 0.5784000E+01, 0.1399702E+02, 0.5690783E+01, 0.0000000E+00, 0.1028943E+01, 0.6972873E+01, 0.1369260E+02,
 0.5786000E+01, 0.1399702E+02, 0.5685925E+01, 0.0000000E+00, 0.1029202E+01, 0.6977472E+01, 0.1369260E+02,
 0.5788000E+01, 0.1399702E+02, 0.5681065E+01, 0.0000000E+00, 0.1029461E+01, 0.6982073E+01, 0.1369260E+02,
 0.5790000E+01, 0.1399702E+02, 0.5676205E+01, 0.0000000E+00, 0.1029720E+01, 0.6986674E+01, 0.1369260E+02,
 0.5792000E+01, 0.1399702E+02, 0.5671343E+01, 0.0000000E+00, 0.1029979E+01, 0.6991276E+01, 0.1369260E+02,
 0.5794000E+01, 0.1399702E+02, 0.5666481E+01, 0.0000000E+00, 0.1030238E+01, 0.6995879E+01, 0.1369260E+02,
 0.5796000E+01, 0.1399702E+02, 0.5661618E+01, 0.0000000E+00, 0.1030498E+01, 0.7000483E+01, 0.1369260E+02,
 0.5798000E+01, 0.1399702E+02, 0.5656753E+01, 0.0000000E+00, 0.1030757E+01, 0.7005088E+01, 0.1369260E+02,
 0.5800000E+01, 0.1399702E+02, 0.5651887E+01, 0.0000000E+00, 0.1031016E+01, 0.7009694E+01, 0.1369260E+02,
 0.5802000E+01, 0.1399702E+02, 0.5647021E+01, 0.0000000E+00, 0.1031276E+01, 0.7014301E+01, 0.1369260E+02,
 0.5804000E+01, 0.1399702E+02, 0.5642153E+01, 0.0000000E+00, 0.1031536E+01, 0.7018909E+01, 0.1369260E+02,
 0.5806000E+01, 0.1399702E+02, 0.5637285E+01, 0.0000000E+00, 0.1031796E+01, 0.7023518E+01, 0.1369260E+02,
 0.5808000E+01, 0.1399702E+02, 0.5632415E+01, 0.0000000E+00, 0.1032055E+01, 0.7028128E+01, 0.1369260E+02,
 0.5810000E+01, 0.1399702E+02, 0.5627544E+01, 0.0000000E+00, 0.1032315E+01, 0.7032739E+01, 0.1369260E+02,
 0.5812000E+01, 0.1399702E+02, 0.5622673E+01, 0.0000000E+00, 0.1032575E+01, 0.7037351E+01, 0.1369260E+02,
 0.5814000E+01, 0.1399702E+02, 0.5617800E+01, 0.0000000E+00, 0.1032835E+01, 0.7041963E+01, 0.1369260E+02,
 0.5816000E+01, 0.1399702E+02, 0.5612926E+01, 0.0000000E+00, 0.1033095E+01, 0.7046577E+01, 0.1369260E+02,
 0.5818000E+01, 0.1399702E+02, 0.5608051E+01, 0.0000000E+00, 0.1033355E+01, 0.7051192E+01, 0.1369260E+02,
 0.5820000E+01, 0.1399702E+02, 0.5603175E+01, 0.0000000E+00, 0.1033616E+01, 0.7055808E+01, 0.1369260E+02,
 0.5822000E+01, 0.1399702E+02, 0.5598298E+01, 0.0000000E+00, 0.1033876E+01, 0.7060424E+01, 0.1369260E+02,
 0.5824000E+01, 0.1399702E+02, 0.5593420E+01, 0.0000000E+00, 0.1034136E+01, 0.7065042E+01, 0.1369260E+02,
 0.5826000E+01, 0.1399702E+02, 0.5588541E+01, 0.0000000E+00, 0.1034397E+01, 0.7069660E+01, 0.1369260E+02,
 0.5828000E+01, 0.1399702E+02, 0.5583661E+01, 0.0000000E+00, 0.1034657E+01, 0.7074280E+01, 0.1369260E+02,
 0.5830000E+01, 0.1399702E+02, 0.5578780E+01, 0.0000000E+00, 0.1034918E+01, 0.7078901E+01, 0.1369260E+02,
 0.5832000E+01, 0.1399702E+02, 0.5573897E+01, 0.0000000E+00, 0.1035179E+01, 0.7083522E+01, 0.1369260E+02,
 0.5834000E+01, 0.1399702E+02, 0.5569014E+01, 0.0000000E+00, 0.1035439E+01, 0.7088145E+01, 0.1369260E+02,
 0.5836000E+01, 0.1399702E+02, 0.5564130E+01, 0.0000000E+00, 0.1035700E+01, 0.7092768E+01, 0.1369260E+02,
 0.5838000E+01, 0.1399702E+02, 0.5559244E+01, 0.0000000E+00, 0.1035961E+01, 0.7097393E+01, 0.1369260E+02,
 0.5840000E+01, 0.1399702E+02, 0.5554358E+01, 0.0000000E+00, 0.1036222E+01, 0.7102018E+01, 0.1369260E+02,
 0.5842000E+01, 0.1399702E+02, 0.5549470E+01, 0.0000000E+00, 0.1036483E+01, 0.7106645E+01, 0.1369260E+02,
 0.5844000E+01, 0.1399702E+02, 0.5544582E+01, 0.0000000E+00, 0.1036744E+01, 0.7111272E+01, 0.1369260E+02,
 0.5846000E+01, 0.1399702E+02, 0.5539692E+01, 0.0000000E+00, 0.1037005E+01, 0.7115901E+01, 0.1369260E+02,
 0.5848000E+01, 0.1399702E+02, 0.5534801E+01, 0.0000000E+00, 0.1037267E+01, 0.7120530E+01, 0.1369260E+02,
 0.5850000E+01, 0.1399702E+02, 0.5529910E+01, 0.0000000E+00, 0.1037528E+01, 0.7125161E+01, 0.1369260E+02,
 0.5852000E+01, 0.1399702E+02, 0.5525017E+01, 0.0000000E+00, 0.1037789E+01, 0.7129792E+01, 0.1369260E+02,
 0.5854000E+01, 0.1399702E+02, 0.5520123E+01, 0.0000000E+00, 0.1038051E+01, 0.7134425E+01, 0.1369260E+02,
 0.5856000E+01, 0.1399702E+02, 0.5515228E+01, 0.0000000E+00, 0.1038312E+01, 0.7139058E+01, 0.1369260E+02,
 0.5858000E+01, 0.1399702E+02, 0.5510332E+01, 0.0000000E+00, 0.1038574E+01, 0.7143692E+01, 0.1369260E+02,
 0.5860000E+01, 0.1399702E+02, 0.5505435E+01, 0.0000000E+00, 0.1038836E+01, 0.7148328E+01, 0.1369260E+02,
 0.5862000E+01, 0.1399702E+02, 0.5500537E+01, 0.0000000E+00, 0.1039097E+01, 0.7152964E+01, 0.1369260E+02,
 0.5864000E+01, 0.1399702E+02, 0.5495638E+01, 0.0000000E+00, 0.1039359E+01, 0.7157602E+01, 0.1369260E+02,
 0.5866000E+01, 0.1399702E+02, 0.5490737E+01, 0.0000000E+00, 0.1039621E+01, 0.7162240E+01, 0.1369260E+02,
 0.5868000E+01, 0.1399702E+02, 0.5485836E+01, 0.0000000E+00, 0.1039883E+01, 0.7166880E+01, 0.1369260E+02,
 0.5870000E+01, 0.1399702E+02, 0.5480934E+01, 0.0000000E+00, 0.1040145E+01, 0.7171520E+01, 0.1369260E+02,
 0.5872000E+01, 0.1399702E+02, 0.5476030E+01, 0.0000000E+00, 0.1040407E+01, 0.7176162E+01, 0.1369260E+02,
 0.5874000E+01, 0.1399702E+02, 0.5471126E+01, 0.0000000E+00, 0.1040669E+01, 0.7180804E+01, 0.1369260E+02,
 0.5876000E+01, 0.1399702E+02, 0.5466220E+01, 0.0000000E+00, 0.1040931E+01, 0.7185447E+01, 0.1369260E+02,
 0.5878000E+01, 0.1399702E+02, 0.5461313E+01, 0.0000000E+00, 0.1041193E+01, 0.7190092E+01, 0.1369260E+02,
 0.5880000E+01, 0.1399702E+02, 0.5456406E+01, 0.0000000E+00, 0.1041455E+01, 0.7194737E+01, 0.1369260E+02,
 0.5882000E+01, 0.1399702E+02, 0.5451497E+01, 0.0000000E+00, 0.1041718E+01, 0.7199384E+01, 0.1369260E+02,
 0.5884000E+01, 0.1399702E+02, 0.5446587E+01, 0.0000000E+00, 0.1041980E+01, 0.7204031E+01, 0.1369260E+02,
 0.5886000E+01, 0.1399702E+02, 0.5441676E+01, 0.0000000E+00, 0.1042242E+01, 0.7208680E+01, 0.1369260E+02,
 0.5888000E+01, 0.1399702E+02, 0.5436764E+01, 0.0000000E+00, 0.1042505E+01, 0.7213329E+01, 0.1369260E+02,
 0.5890000E+01, 0.1399702E+02, 0.5431851E+01, 0.0000000E+00, 0.1042768E+01, 0.7217980E+01, 0.1369260E+02,
 0.5892000E+01, 0.1399702E+02, 0.5426937E+01, 0.0000000E+00, 0.1043030E+01, 0.7222631E+01, 0.1369260E+02,
 0.5894000E+01, 0.1399702E+02, 0.5422022E+01, 0.0000000E+00, 0.1043293E+01, 0.7227284E+01, 0.1369260E+02,
 0.5896000E+01, 0.1399702E+02, 0.5417105E+01, 0.0000000E+00, 0.1043555E+01, 0.7231937E+01, 0.1369260E+02,
 0.5898000E+01, 0.1399702E+02, 0.5412188E+01, 0.0000000E+00, 0.1043818E+01, 0.7236592E+01, 0.1369260E+02,
 0.5900000E+01, 0.1399702E+02, 0.5407269E+01, 0.0000000E+00, 0.1044081E+01, 0.7241248E+01, 0.1369260E+02,
 0.5902000E+01, 0.1399702E+02, 0.5402350E+01, 0.0000000E+00, 0.1044344E+01, 0.7245904E+01, 0.1369260E+02,
 0.5904000E+01, 0.1399702E+02, 0.5397429E+01, 0.0000000E+00, 0.1044607E+01, 0.7250562E+01, 0.1369260E+02,
 0.5906000E+01, 0.1399702E+02, 0.5392508E+01, 0.0000000E+00, 0.1044870E+01, 0.7255220E+01, 0.1369260E+02,
 0.5908000E+01, 0.1399702E+02, 0.5387585E+01, 0.0000000E+00, 0.1045133E+01, 0.7259880E+01, 0.1369260E+02,
 0.5910000E+01, 0.1399702E+02, 0.5382661E+01, 0.0000000E+00, 0.1045396E+01, 0.7264541E+01, 0.1369260E+02,
 0.5912000E+01, 0.1399702E+02, 0.5377737E+01, 0.0000000E+00, 0.1045660E+01, 0.7269202E+01, 0.1369260E+02,
 0.5914000E+01, 0.1399702E+02, 0.5372810E+01, 0.0000000E+00, 0.1045923E+01, 0.7273865E+01, 0.1369260E+02,
 0.5916000E+01, 0.1399702E+02, 0.5367884E+01, 0.0000000E+00, 0.1046186E+01, 0.7278529E+01, 0.1369260E+02,
 0.5918000E+01, 0.1399702E+02, 0.5362956E+01, 0.0000000E+00, 0.1046449E+01, 0.7283194E+01, 0.1369260E+02,
 0.5920000E+01, 0.1399702E+02, 0.5358027E+01, 0.0000000E+00, 0.1046713E+01, 0.7287859E+01, 0.1369260E+02,
 0.5922000E+01, 0.1399702E+02, 0.5353096E+01, 0.0000000E+00, 0.1046976E+01, 0.7292526E+01, 0.1369260E+02,
 0.5924000E+01, 0.1399702E+02, 0.5348165E+01, 0.0000000E+00, 0.1047240E+01, 0.7297194E+01, 0.1369260E+02,
 0.5926000E+01, 0.1399702E+02, 0.5343232E+01, 0.0000000E+00, 0.1047503E+01, 0.7301863E+01, 0.1369260E+02,
 0.5928000E+01, 0.1399702E+02, 0.5338299E+01, 0.0000000E+00, 0.1047767E+01, 0.7306532E+01, 0.1369260E+02,
 0.5930000E+01, 0.1399702E+02, 0.5333364E+01, 0.0000000E+00, 0.1048031E+01, 0.7311203E+01, 0.1369260E+02,
 0.5932000E+01, 0.1399702E+02, 0.5328429E+01, 0.0000000E+00, 0.1048295E+01, 0.7315875E+01, 0.1369260E+02,
 0.5934000E+01, 0.1399702E+02, 0.5323492E+01, 0.0000000E+00, 0.1048558E+01, 0.7320548E+01, 0.1369260E+02,
 0.5936000E+01, 0.1399702E+02, 0.5318554E+01, 0.0000000E+00, 0.1048822E+01, 0.7325222E+01, 0.1369260E+02,
 0.5938000E+01, 0.1399702E+02, 0.5313615E+01, 0.0000000E+00, 0.1049086E+01, 0.7329897E+01, 0.1369260E+02,
 0.5940000E+01, 0.1399702E+02, 0.5308675E+01, 0.0000000E+00, 0.1049350E+01, 0.7334573E+01, 0.1369260E+02,
 0.5942000E+01, 0.1399702E+02, 0.5303734E+01, 0.0000000E+00, 0.1049614E+01, 0.7339250E+01, 0.1369260E+02,
 0.5944000E+01, 0.1399702E+02, 0.5298792E+01, 0.0000000E+00, 0.1049878E+01, 0.7343928E+01, 0.1369260E+02,
 0.5946000E+01, 0.1399702E+02, 0.5293849E+01, 0.0000000E+00, 0.1050142E+01, 0.7348607E+01, 0.1369260E+02,
 0.5948000E+01, 0.1399702E+02, 0.5288905E+01, 0.0000000E+00, 0.1050406E+01, 0.7353287E+01, 0.1369260E+02,
 0.5950000E+01, 0.1399702E+02, 0.5283960E+01, 0.0000000E+00, 0.1050670E+01, 0.7357968E+01, 0.1369260E+02,
 0.5952000E+01, 0.1399702E+02, 0.5279013E+01, 0.0000000E+00, 0.1050935E+01, 0.7362650E+01, 0.1369260E+02,
 0.5954000E+01, 0.1399702E+02, 0.5274066E+01, 0.0000000E+00, 0.1051199E+01, 0.7367333E+01, 0.1369260E+02,
 0.5956000E+01, 0.1399702E+02, 0.5269117E+01, 0.0000000E+00, 0.1051463E+01, 0.7372018E+01, 0.1369260E+02,
 0.5958000E+01, 0.1399702E+02, 0.5264168E+01, 0.0000000E+00, 0.1051728E+01, 0.7376703E+01, 0.1369260E+02,
 0.5960000E+01, 0.1399702E+02, 0.5259217E+01, 0.0000000E+00, 0.1051992E+01, 0.7381389E+01, 0.1369260E+02,
 0.5962000E+01, 0.1399702E+02, 0.5254265E+01, 0.0000000E+00, 0.1052257E+01, 0.7386076E+01, 0.1369260E+02,
 0.5964000E+01, 0.1399702E+02, 0.5249312E+01, 0.0000000E+00, 0.1052521E+01, 0.7390765E+01, 0.1369260E+02,
 0.5966000E+01, 0.1399702E+02, 0.5244359E+01, 0.0000000E+00, 0.1052786E+01, 0.7395454E+01, 0.1369260E+02,
 0.5968000E+01, 0.1399702E+02, 0.5239404E+01, 0.0000000E+00, 0.1053050E+01, 0.7400145E+01, 0.1369260E+02,
 0.5970000E+01, 0.1399702E+02, 0.5234447E+01, 0.0000000E+00, 0.1053315E+01, 0.7404836E+01, 0.1369260E+02,
 0.5972000E+01, 0.1399702E+02, 0.5229491E+01, 0.0000000E+00, 0.1053580E+01, 0.7409528E+01, 0.1369260E+02,
 0.5974000E+01, 0.1399702E+02, 0.5224532E+01, 0.0000000E+00, 0.1053844E+01, 0.7414222E+01, 0.1369260E+02,
 0.5976000E+01, 0.1399702E+02, 0.5219573E+01, 0.0000000E+00, 0.1054109E+01, 0.7418916E+01, 0.1369260E+02,
 0.5978000E+01, 0.1399702E+02, 0.5214613E+01, 0.0000000E+00, 0.1054374E+01, 0.7423612E+01, 0.1369260E+02,
 0.5980000E+01, 0.1399702E+02, 0.5209651E+01, 0.0000000E+00, 0.1054639E+01, 0.7428308E+01, 0.1369260E+02,
 0.5982000E+01, 0.1399702E+02, 0.5204689E+01, 0.0000000E+00, 0.1054904E+01, 0.7433006E+01, 0.1369260E+02,
 0.5984000E+01, 0.1399702E+02, 0.5199725E+01, 0.0000000E+00, 0.1055169E+01, 0.7437704E+01, 0.1369260E+02,
 0.5986000E+01, 0.1399702E+02, 0.5194761E+01, 0.0000000E+00, 0.1055434E+01, 0.7442404E+01, 0.1369260E+02,
 0.5988000E+01, 0.1399702E+02, 0.5189795E+01, 0.0000000E+00, 0.1055699E+01, 0.7447104E+01, 0.1369260E+02,
 0.5990000E+01, 0.1399702E+02, 0.5184828E+01, 0.0000000E+00, 0.1055964E+01, 0.7451806E+01, 0.1369260E+02,
 0.5992000E+01, 0.1399702E+02, 0.5179860E+01, 0.0000000E+00, 0.1056229E+01, 0.7456509E+01, 0.1369260E+02,
 0.5994000E+01, 0.1399702E+02, 0.5174891E+01, 0.0000000E+00, 0.1056494E+01, 0.7461213E+01, 0.1369260E+02,
 0.5996000E+01, 0.1399702E+02, 0.5169921E+01, 0.0000000E+00, 0.1056759E+01, 0.7465918E+01, 0.1369260E+02,
 0.5998000E+01, 0.1399702E+02, 0.5164950E+01, 0.0000000E+00, 0.1057025E+01, 0.7470623E+01, 0.1369260E+02,
 0.6000000E+01, 0.1399702E+02, 0.5159978E+01, 0.0000000E+00, 0.1057290E+01, 0.7475330E+01, 0.1369260E+02,
 0.6002000E+01, 0.1399702E+02, 0.5155005E+01, 0.0000000E+00, 0.1057555E+01, 0.7480038E+01, 0.1369260E+02,
 0.6004000E+01, 0.1399702E+02, 0.5150031E+01, 0.0000000E+00, 0.1057821E+01, 0.7484747E+01, 0.1369260E+02,
 0.6006000E+01, 0.1399702E+02, 0.5145055E+01, 0.0000000E+00, 0.1058086E+01, 0.7489457E+01, 0.1369260E+02,
 0.6008000E+01, 0.1399702E+02, 0.5140079E+01, 0.0000000E+00, 0.1058352E+01, 0.7494168E+01, 0.1369260E+02,
 0.6010000E+01, 0.1399702E+02, 0.5135101E+01, 0.0000000E+00, 0.1058617E+01, 0.7498879E+01, 0.1369260E+02,
 0.6012000E+01, 0.1399702E+02, 0.5130123E+01, 0.0000000E+00, 0.1058883E+01, 0.7503592E+01, 0.1369260E+02,
 0.6014000E+01, 0.1399702E+02, 0.5125144E+01, 0.0000000E+00, 0.1059148E+01, 0.7508307E+01, 0.1369260E+02,
 0.6016000E+01, 0.1399702E+02, 0.5120162E+01, 0.0000000E+00, 0.1059414E+01, 0.7513022E+01, 0.1369260E+02,
 0.6018000E+01, 0.1399702E+02, 0.5115181E+01, 0.0000000E+00, 0.1059680E+01, 0.7517738E+01, 0.1369260E+02,
 0.6020000E+01, 0.1399702E+02, 0.5110198E+01, 0.0000000E+00, 0.1059945E+01, 0.7522455E+01, 0.1369260E+02,
 0.6022000E+01, 0.1399702E+02, 0.5105214E+01, 0.0000000E+00, 0.1060211E+01, 0.7527173E+01, 0.1369260E+02,
 0.6024000E+01, 0.1399702E+02, 0.5100229E+01, 0.0000000E+00, 0.1060477E+01, 0.7531892E+01, 0.1369260E+02,
 0.6026000E+01, 0.1399702E+02, 0.5095243E+01, 0.0000000E+00, 0.1060742E+01, 0.7536613E+01, 0.1369260E+02,
 0.6028000E+01, 0.1399702E+02, 0.5090256E+01, 0.0000000E+00, 0.1061008E+01, 0.7541334E+01, 0.1369260E+02,
 0.6030000E+01, 0.1399702E+02, 0.5085268E+01, 0.0000000E+00, 0.1061274E+01, 0.7546056E+01, 0.1369260E+02,
 0.6032000E+01, 0.1399702E+02, 0.5080279E+01, 0.0000000E+00, 0.1061540E+01, 0.7550779E+01, 0.1369260E+02,
 0.6034000E+01, 0.1399702E+02, 0.5075289E+01, 0.0000000E+00, 0.1061806E+01, 0.7555504E+01, 0.1369260E+02,
 0.6036000E+01, 0.1399702E+02, 0.5070297E+01, 0.0000000E+00, 0.1062072E+01, 0.7560229E+01, 0.1369260E+02,
 0.6038000E+01, 0.1399702E+02, 0.5065305E+01, 0.0000000E+00, 0.1062338E+01, 0.7564955E+01, 0.1369260E+02,
 0.6040000E+01, 0.1399702E+02, 0.5060311E+01, 0.0000000E+00, 0.1062604E+01, 0.7569683E+01, 0.1369260E+02,
 0.6042000E+01, 0.1399702E+02, 0.5055317E+01, 0.0000000E+00, 0.1062870E+01, 0.7574411E+01, 0.1369260E+02,
 0.6044000E+01, 0.1399702E+02, 0.5050322E+01, 0.0000000E+00, 0.1063136E+01, 0.7579141E+01, 0.1369260E+02,
 0.6046000E+01, 0.1399702E+02, 0.5045325E+01, 0.0000000E+00, 0.1063402E+01, 0.7583871E+01, 0.1369260E+02,
 0.6048000E+01, 0.1399702E+02, 0.5040327E+01, 0.0000000E+00, 0.1063669E+01, 0.7588603E+01, 0.1369260E+02,
 0.6050000E+01, 0.1399702E+02, 0.5035328E+01, 0.0000000E+00, 0.1063935E+01, 0.7593335E+01, 0.1369260E+02,
 0.6052000E+01, 0.1399702E+02, 0.5030329E+01, 0.0000000E+00, 0.1064201E+01, 0.7598069E+01, 0.1369260E+02,
 0.6054000E+01, 0.1399702E+02, 0.5025328E+01, 0.0000000E+00, 0.1064467E+01, 0.7602803E+01, 0.1369260E+02,
 0.6056000E+01, 0.1399702E+02, 0.5020326E+01, 0.0000000E+00, 0.1064734E+01, 0.7607539E+01, 0.1369260E+02,
 0.6058000E+01, 0.1399702E+02, 0.5015323E+01, 0.0000000E+00, 0.1065000E+01, 0.7612276E+01, 0.1369260E+02,
 0.6060000E+01, 0.1399702E+02, 0.5010319E+01, 0.0000000E+00, 0.1065266E+01, 0.7617013E+01, 0.1369260E+02,
 0.6062000E+01, 0.1399702E+02, 0.5005314E+01, 0.0000000E+00, 0.1065533E+01, 0.7621752E+01, 0.1369260E+02,
 0.6064000E+01, 0.1399702E+02, 0.5000308E+01, 0.0000000E+00, 0.1065799E+01, 0.7626492E+01, 0.1369260E+02,
 0.6066000E+01, 0.1399702E+02, 0.4995300E+01, 0.0000000E+00, 0.1066065E+01, 0.7631232E+01, 0.1369260E+02,
 0.6068000E+01, 0.1399702E+02, 0.4990292E+01, 0.0000000E+00, 0.1066332E+01, 0.7635974E+01, 0.1369260E+02,
 0.6070000E+01, 0.1399702E+02, 0.4985283E+01, 0.0000000E+00, 0.1066598E+01, 0.7640717E+01, 0.1369260E+02,
 0.6072000E+01, 0.1399702E+02, 0.4980273E+01, 0.0000000E+00, 0.1066865E+01, 0.7645461E+01, 0.1369260E+02,
 0.6074000E+01, 0.1399702E+02, 0.4975261E+01, 0.0000000E+00, 0.1067131E+01, 0.7650206E+01, 0.1369260E+02,
 0.6076000E+01, 0.1399702E+02, 0.4970249E+01, 0.0000000E+00, 0.1067398E+01, 0.7654952E+01, 0.1369260E+02,
 0.6078000E+01, 0.1399702E+02, 0.4965235E+01, 0.0000000E+00, 0.1067665E+01, 0.7659698E+01, 0.1369260E+02,
 0.6080000E+01, 0.1399702E+02, 0.4960221E+01, 0.0000000E+00, 0.1067931E+01, 0.7664446E+01, 0.1369260E+02,
 0.6082000E+01, 0.1399702E+02, 0.4955205E+01, 0.0000000E+00, 0.1068198E+01, 0.7669195E+01, 0.1369260E+02,
 0.6084000E+01, 0.1399702E+02, 0.4950189E+01, 0.0000000E+00, 0.1068465E+01, 0.7673945E+01, 0.1369260E+02,
 0.6086000E+01, 0.1399702E+02, 0.4945171E+01, 0.0000000E+00, 0.1068731E+01, 0.7678696E+01, 0.1369260E+02,
 0.6088000E+01, 0.1399702E+02, 0.4940152E+01, 0.0000000E+00, 0.1068998E+01, 0.7683448E+01, 0.1369260E+02,
 0.6090000E+01, 0.1399702E+02, 0.4935133E+01, 0.0000000E+00, 0.1069265E+01, 0.7688201E+01, 0.1369260E+02,
 0.6092000E+01, 0.1399702E+02, 0.4930112E+01, 0.0000000E+00, 0.1069532E+01, 0.7692955E+01, 0.1369260E+02,
 0.6094000E+01, 0.1399702E+02, 0.4925090E+01, 0.0000000E+00, 0.1069798E+01, 0.7697710E+01, 0.1369260E+02,
 0.6096000E+01, 0.1399702E+02, 0.4920067E+01, 0.0000000E+00, 0.1070065E+01, 0.7702466E+01, 0.1369260E+02,
 0.6098000E+01, 0.1399702E+02, 0.4915043E+01, 0.0000000E+00, 0.1070332E+01, 0.7707223E+01, 0.1369260E+02,
 0.6100000E+01, 0.1399702E+02, 0.4910018E+01, 0.0000000E+00, 0.1070599E+01, 0.7711981E+01, 0.1369260E+02,
 0.6102000E+01, 0.1399702E+02, 0.4904992E+01, 0.0000000E+00, 0.1070866E+01, 0.7716740E+01, 0.1369260E+02,
 0.6104000E+01, 0.1399702E+02, 0.4899965E+01, 0.0000000E+00, 0.1071133E+01, 0.7721500E+01, 0.1369260E+02,
 0.6106000E+01, 0.1399702E+02, 0.4894937E+01, 0.0000000E+00, 0.1071400E+01, 0.7726262E+01, 0.1369260E+02,
 0.6108000E+01, 0.1399702E+02, 0.4889908E+01, 0.0000000E+00, 0.1071667E+01, 0.7731024E+01, 0.1369260E+02,
 0.6110000E+01, 0.1399702E+02, 0.4884878E+01, 0.0000000E+00, 0.1071934E+01, 0.7735787E+01, 0.1369260E+02,
 0.6112000E+01, 0.1399702E+02, 0.4879847E+01, 0.0000000E+00, 0.1072201E+01, 0.7740551E+01, 0.1369260E+02,
 0.6114000E+01, 0.1399702E+02, 0.4874815E+01, 0.0000000E+00, 0.1072468E+01, 0.7745316E+01, 0.1369260E+02,
 0.6116000E+01, 0.1399702E+02, 0.4869781E+01, 0.0000000E+00, 0.1072735E+01, 0.7750082E+01, 0.1369260E+02,
 0.6118000E+01, 0.1399702E+02, 0.4864747E+01, 0.0000000E+00, 0.1073002E+01, 0.7754849E+01, 0.1369260E+02,
 0.6120000E+01, 0.1399702E+02, 0.4859712E+01, 0.0000000E+00, 0.1073269E+01, 0.7759617E+01, 0.1369260E+02,
 0.6122000E+01, 0.1399702E+02, 0.4854676E+01, 0.0000000E+00, 0.1073536E+01, 0.7764387E+01, 0.1369260E+02,
 0.6124000E+01, 0.1399702E+02, 0.4849638E+01, 0.0000000E+00, 0.1073803E+01, 0.7769157E+01, 0.1369260E+02,
 0.6126000E+01, 0.1399702E+02, 0.4844600E+01, 0.0000000E+00, 0.1074070E+01, 0.7773928E+01, 0.1369260E+02,
 0.6128000E+01, 0.1399702E+02, 0.4839561E+01, 0.0000000E+00, 0.1074337E+01, 0.7778700E+01, 0.1369260E+02,
 0.6130000E+01, 0.1399702E+02, 0.4834520E+01, 0.0000000E+00, 0.1074605E+01, 0.7783473E+01, 0.1369260E+02,
 0.6132000E+01, 0.1399702E+02, 0.4829479E+01, 0.0000000E+00, 0.1074872E+01, 0.7788248E+01, 0.1369260E+02,
 0.6134000E+01, 0.1399702E+02, 0.4824436E+01, 0.0000000E+00, 0.1075139E+01, 0.7793023E+01, 0.1369260E+02,
 0.6136000E+01, 0.1399702E+02, 0.4819393E+01, 0.0000000E+00, 0.1075406E+01, 0.7797799E+01, 0.1369260E+02,
 0.6138000E+01, 0.1399702E+02, 0.4814348E+01, 0.0000000E+00, 0.1075674E+01, 0.7802577E+01, 0.1369260E+02,
 0.6140000E+01, 0.1399702E+02, 0.4809303E+01, 0.0000000E+00, 0.1075941E+01, 0.7807354E+01, 0.1369260E+02,
 0.6142000E+01, 0.1399702E+02, 0.4804256E+01, 0.0000000E+00, 0.1076208E+01, 0.7812134E+01, 0.1369260E+02,
 0.6144000E+01, 0.1399702E+02, 0.4799209E+01, 0.0000000E+00, 0.1076476E+01, 0.7816914E+01, 0.1369260E+02,
 0.6146000E+01, 0.1399702E+02, 0.4794160E+01, 0.0000000E+00, 0.1076743E+01, 0.7821695E+01, 0.1369260E+02,
 0.6148000E+01, 0.1399702E+02, 0.4789111E+01, 0.0000000E+00, 0.1077010E+01, 0.7826478E+01, 0.1369260E+02,
 0.6150000E+01, 0.1399702E+02, 0.4784060E+01, 0.0000000E+00, 0.1077278E+01, 0.7831261E+01, 0.1369260E+02,
 0.6152000E+01, 0.1399702E+02, 0.4779008E+01, 0.0000000E+00, 0.1077545E+01, 0.7836045E+01, 0.1369260E+02,
 0.6154000E+01, 0.1399702E+02, 0.4773956E+01, 0.0000000E+00, 0.1077812E+01, 0.7840830E+01, 0.1369260E+02,
 0.6156000E+01, 0.1399702E+02, 0.4768902E+01, 0.0000000E+00, 0.1078080E+01, 0.7845616E+01, 0.1369260E+02,
 0.6158000E+01, 0.1399702E+02, 0.4763848E+01, 0.0000000E+00, 0.1078347E+01, 0.7850404E+01, 0.1369260E+02,
 0.6160000E+01, 0.1399702E+02, 0.4758792E+01, 0.0000000E+00, 0.1078614E+01, 0.7855192E+01, 0.1369260E+02,
 0.6162000E+01, 0.1399702E+02, 0.4753736E+01, 0.0000000E+00, 0.1078882E+01, 0.7859981E+01, 0.1369260E+02,
 0.6164000E+01, 0.1399702E+02, 0.4748678E+01, 0.0000000E+00, 0.1079149E+01, 0.7864771E+01, 0.1369260E+02,
 0.6166000E+01, 0.1399702E+02, 0.4743619E+01, 0.0000000E+00, 0.1079417E+01, 0.7869563E+01, 0.1369260E+02,
 0.6168000E+01, 0.1399702E+02, 0.4738560E+01, 0.0000000E+00, 0.1079684E+01, 0.7874355E+01, 0.1369260E+02,
 0.6170000E+01, 0.1399702E+02, 0.4733499E+01, 0.0000000E+00, 0.1079952E+01, 0.7879148E+01, 0.1369260E+02,
 0.6172000E+01, 0.1399702E+02, 0.4728437E+01, 0.0000000E+00, 0.1080219E+01, 0.7883942E+01, 0.1369260E+02,
 0.6174000E+01, 0.1399702E+02, 0.4723374E+01, 0.0000000E+00, 0.1080487E+01, 0.7888737E+01, 0.1369260E+02,
 0.6176000E+01, 0.1399702E+02, 0.4718311E+01, 0.0000000E+00, 0.1080754E+01, 0.7893533E+01, 0.1369260E+02,
 0.6178000E+01, 0.1399702E+02, 0.4713246E+01, 0.0000000E+00, 0.1081022E+01, 0.7898330E+01, 0.1369260E+02,
 0.6180000E+01, 0.1399702E+02, 0.4708181E+01, 0.0000000E+00, 0.1081289E+01, 0.7903128E+01, 0.1369260E+02,
 0.6182000E+01, 0.1399702E+02, 0.4703114E+01, 0.0000000E+00, 0.1081557E+01, 0.7907928E+01, 0.1369260E+02,
 0.6184000E+01, 0.1399702E+02, 0.4698047E+01, 0.0000000E+00, 0.1081824E+01, 0.7912727E+01, 0.1369260E+02,
 0.6186000E+01, 0.1399702E+02, 0.4692978E+01, 0.0000000E+00, 0.1082092E+01, 0.7917529E+01, 0.1369260E+02,
 0.6188000E+01, 0.1399702E+02, 0.4687908E+01, 0.0000000E+00, 0.1082360E+01, 0.7922330E+01, 0.1369260E+02,
 0.6190000E+01, 0.1399702E+02, 0.4682837E+01, 0.0000000E+00, 0.1082627E+01, 0.7927134E+01, 0.1369260E+02,
 0.6192000E+01, 0.1399702E+02, 0.4677766E+01, 0.0000000E+00, 0.1082895E+01, 0.7931938E+01, 0.1369260E+02,
 0.6194000E+01, 0.1399702E+02, 0.4672694E+01, 0.0000000E+00, 0.1083162E+01, 0.7936742E+01, 0.1369260E+02,
 0.6196000E+01, 0.1399702E+02, 0.4667620E+01, 0.0000000E+00, 0.1083430E+01, 0.7941548E+01, 0.1369260E+02,
 0.6198000E+01, 0.1399702E+02, 0.4662546E+01, 0.0000000E+00, 0.1083698E+01, 0.7946355E+01, 0.1369260E+02,
 0.6200000E+01, 0.1399702E+02, 0.4657470E+01, 0.0000000E+00, 0.1083965E+01, 0.7951163E+01, 0.1369260E+02,
 0.6202000E+01, 0.1399702E+02, 0.4652394E+01, 0.0000000E+00, 0.1084233E+01, 0.7955972E+01, 0.1369260E+02,
 0.6204000E+01, 0.1399702E+02, 0.4647316E+01, 0.0000000E+00, 0.1084500E+01, 0.7960782E+01, 0.1369260E+02,
 0.6206000E+01, 0.1399702E+02, 0.4642238E+01, 0.0000000E+00, 0.1084768E+01, 0.7965592E+01, 0.1369260E+02,
 0.6208000E+01, 0.1399702E+02, 0.4637158E+01, 0.0000000E+00, 0.1085036E+01, 0.7970404E+01, 0.1369260E+02,
 0.6210000E+01, 0.1399702E+02, 0.4632078E+01, 0.0000000E+00, 0.1085303E+01, 0.7975217E+01, 0.1369260E+02,
 0.6212000E+01, 0.1399702E+02, 0.4626997E+01, 0.0000000E+00, 0.1085571E+01, 0.7980031E+01, 0.1369260E+02,
 0.6214000E+01, 0.1399702E+02, 0.4621914E+01, 0.0000000E+00, 0.1085839E+01, 0.7984845E+01, 0.1369260E+02,
 0.6216000E+01, 0.1399702E+02, 0.4616831E+01, 0.0000000E+00, 0.1086106E+01, 0.7989661E+01, 0.1369260E+02,
 0.6218000E+01, 0.1399702E+02, 0.4611747E+01, 0.0000000E+00, 0.1086374E+01, 0.7994478E+01, 0.1369260E+02,
 0.6220000E+01, 0.1399702E+02, 0.4606661E+01, 0.0000000E+00, 0.1086642E+01, 0.7999295E+01, 0.1369260E+02,
 0.6222000E+01, 0.1399702E+02, 0.4601575E+01, 0.0000000E+00, 0.1086909E+01, 0.8004114E+01, 0.1369260E+02,
 0.6224000E+01, 0.1399702E+02, 0.4596488E+01, 0.0000000E+00, 0.1087177E+01, 0.8008933E+01, 0.1369260E+02,
 0.6226000E+01, 0.1399702E+02, 0.4591400E+01, 0.0000000E+00, 0.1087445E+01, 0.8013754E+01, 0.1369260E+02,
 0.6228000E+01, 0.1399702E+02, 0.4586311E+01, 0.0000000E+00, 0.1087713E+01, 0.8018575E+01, 0.1369260E+02,
 0.6230000E+01, 0.1399702E+02, 0.4581221E+01, 0.0000000E+00, 0.1087980E+01, 0.8023397E+01, 0.1369260E+02,
 0.6232000E+01, 0.1399702E+02, 0.4576130E+01, 0.0000000E+00, 0.1088248E+01, 0.8028220E+01, 0.1369260E+02,
 0.6234000E+01, 0.1399702E+02, 0.4571038E+01, 0.0000000E+00, 0.1088516E+01, 0.8033045E+01, 0.1369260E+02,
 0.6236000E+01, 0.1399702E+02, 0.4565945E+01, 0.0000000E+00, 0.1088783E+01, 0.8037870E+01, 0.1369260E+02,
 0.6238000E+01, 0.1399702E+02, 0.4560851E+01, 0.0000000E+00, 0.1089051E+01, 0.8042696E+01, 0.1369260E+02,
 0.6240000E+01, 0.1399702E+02, 0.4555757E+01, 0.0000000E+00, 0.1089319E+01, 0.8047523E+01, 0.1369260E+02,
 0.6242000E+01, 0.1399702E+02, 0.4550661E+01, 0.0000000E+00, 0.1089586E+01, 0.8052351E+01, 0.1369260E+02,
 0.6244000E+01, 0.1399702E+02, 0.4545564E+01, 0.0000000E+00, 0.1089854E+01, 0.8057180E+01, 0.1369260E+02,
 0.6246000E+01, 0.1399702E+02, 0.4540466E+01, 0.0000000E+00, 0.1090122E+01, 0.8062011E+01, 0.1369260E+02,
 0.6248000E+01, 0.1399702E+02, 0.4535367E+01, 0.0000000E+00, 0.1090389E+01, 0.8066841E+01, 0.1369260E+02,
 0.6250000E+01, 0.1399702E+02, 0.4530268E+01, 0.0000000E+00, 0.1090657E+01, 0.8071673E+01, 0.1369260E+02,
 0.6252000E+01, 0.1399702E+02, 0.4525167E+01, 0.0000000E+00, 0.1090925E+01, 0.8076506E+01, 0.1369260E+02,
 0.6254000E+01, 0.1399702E+02, 0.4520066E+01, 0.0000000E+00, 0.1091192E+01, 0.8081340E+01, 0.1369260E+02,
 0.6256000E+01, 0.1399702E+02, 0.4514964E+01, 0.0000000E+00, 0.1091460E+01, 0.8086174E+01, 0.1369260E+02,
 0.6258000E+01, 0.1399702E+02, 0.4509861E+01, 0.0000000E+00, 0.1091728E+01, 0.8091010E+01, 0.1369260E+02,
 0.6260000E+01, 0.1399702E+02, 0.4504756E+01, 0.0000000E+00, 0.1091996E+01, 0.8095846E+01, 0.1369260E+02,
 0.6262000E+01, 0.1399702E+02, 0.4499651E+01, 0.0000000E+00, 0.1092263E+01, 0.8100684E+01, 0.1369260E+02,
 0.6264000E+01, 0.1399702E+02, 0.4494545E+01, 0.0000000E+00, 0.1092531E+01, 0.8105522E+01, 0.1369260E+02,
 0.6266000E+01, 0.1399702E+02, 0.4489438E+01, 0.0000000E+00, 0.1092799E+01, 0.8110362E+01, 0.1369260E+02,
 0.6268000E+01, 0.1399702E+02, 0.4484330E+01, 0.0000000E+00, 0.1093066E+01, 0.8115202E+01, 0.1369260E+02,
 0.6270000E+01, 0.1399702E+02, 0.4479221E+01, 0.0000000E+00, 0.1093334E+01, 0.8120044E+01, 0.1369260E+02,
 0.6272000E+01, 0.1399702E+02, 0.4474111E+01, 0.0000000E+00, 0.1093602E+01, 0.8124886E+01, 0.1369260E+02,
 0.6274000E+01, 0.1399702E+02, 0.4469000E+01, 0.0000000E+00, 0.1093869E+01, 0.8129728E+01, 0.1369260E+02,
 0.6276000E+01, 0.1399702E+02, 0.4463889E+01, 0.0000000E+00, 0.1094137E+01, 0.8134573E+01, 0.1369260E+02,
 0.6278000E+01, 0.1399702E+02, 0.4458776E+01, 0.0000000E+00, 0.1094405E+01, 0.8139418E+01, 0.1369260E+02,
 0.6280000E+01, 0.1399702E+02, 0.4453662E+01, 0.0000000E+00, 0.1094672E+01, 0.8144263E+01, 0.1369260E+02,
 0.6282000E+01, 0.1399702E+02, 0.4448548E+01, 0.0000000E+00, 0.1094940E+01, 0.8149110E+01, 0.1369260E+02,
 0.6284000E+01, 0.1399702E+02, 0.4443433E+01, 0.0000000E+00, 0.1095208E+01, 0.8153958E+01, 0.1369260E+02,
 0.6286000E+01, 0.1399702E+02, 0.4438316E+01, 0.0000000E+00, 0.1095475E+01, 0.8158807E+01, 0.1369260E+02,
 0.6288000E+01, 0.1399702E+02, 0.4433199E+01, 0.0000000E+00, 0.1095743E+01, 0.8163656E+01, 0.1369260E+02,
 0.6290000E+01, 0.1399702E+02, 0.4428081E+01, 0.0000000E+00, 0.1096011E+01, 0.8168507E+01, 0.1369260E+02,
 0.6292000E+01, 0.1399702E+02, 0.4422962E+01, 0.0000000E+00, 0.1096278E+01, 0.8173358E+01, 0.1369260E+02,
 0.6294000E+01, 0.1399702E+02, 0.4417842E+01, 0.0000000E+00, 0.1096546E+01, 0.8178210E+01, 0.1369260E+02,
 0.6296000E+01, 0.1399702E+02, 0.4412722E+01, 0.0000000E+00, 0.1096813E+01, 0.8183064E+01, 0.1369260E+02,
 0.6298000E+01, 0.1399702E+02, 0.4407600E+01, 0.0000000E+00, 0.1097081E+01, 0.8187918E+01, 0.1369260E+02,
 0.6300000E+01, 0.1399702E+02, 0.4402477E+01, 0.0000000E+00, 0.1097349E+01, 0.8192773E+01, 0.1369260E+02,
 0.6302000E+01, 0.1399702E+02, 0.4397354E+01, 0.0000000E+00, 0.1097616E+01, 0.8197629E+01, 0.1369260E+02,
 0.6304000E+01, 0.1399702E+02, 0.4392229E+01, 0.0000000E+00, 0.1097884E+01, 0.8202486E+01, 0.1369260E+02,
 0.6306000E+01, 0.1399702E+02, 0.4387104E+01, 0.0000000E+00, 0.1098151E+01, 0.8207343E+01, 0.1369260E+02,
 0.6308000E+01, 0.1399702E+02, 0.4381978E+01, 0.0000000E+00, 0.1098419E+01, 0.8212202E+01, 0.1369260E+02,
 0.6310000E+01, 0.1399702E+02, 0.4376851E+01, 0.0000000E+00, 0.1098686E+01, 0.8217062E+01, 0.1369260E+02,
 0.6312000E+01, 0.1399702E+02, 0.4371723E+01, 0.0000000E+00, 0.1098954E+01, 0.8221922E+01, 0.1369260E+02,
 0.6314000E+01, 0.1399702E+02, 0.4366593E+01, 0.0000000E+00, 0.1099221E+01, 0.8226784E+01, 0.1369260E+02,
 0.6316000E+01, 0.1399702E+02, 0.4361464E+01, 0.0000000E+00, 0.1099489E+01, 0.8231646E+01, 0.1369260E+02,
 0.6318000E+01, 0.1399702E+02, 0.4356333E+01, 0.0000000E+00, 0.1099756E+01, 0.8236509E+01, 0.1369260E+02,
 0.6320000E+01, 0.1399702E+02, 0.4351202E+01, 0.0000000E+00, 0.1100024E+01, 0.8241373E+01, 0.1369260E+02,
 0.6322000E+01, 0.1399702E+02, 0.4346069E+01, 0.0000000E+00, 0.1100291E+01, 0.8246238E+01, 0.1369260E+02,
 0.6324000E+01, 0.1399702E+02, 0.4340936E+01, 0.0000000E+00, 0.1100559E+01, 0.8251103E+01, 0.1369260E+02,
 0.6326000E+01, 0.1399702E+02, 0.4335802E+01, 0.0000000E+00, 0.1100826E+01, 0.8255970E+01, 0.1369260E+02,
 0.6328000E+01, 0.1399702E+02, 0.4330667E+01, 0.0000000E+00, 0.1101094E+01, 0.8260839E+01, 0.1369260E+02,
 0.6330000E+01, 0.1399702E+02, 0.4325531E+01, 0.0000000E+00, 0.1101361E+01, 0.8265707E+01, 0.1369260E+02,
 0.6332000E+01, 0.1399702E+02, 0.4320394E+01, 0.0000000E+00, 0.1101629E+01, 0.8270576E+01, 0.1369260E+02,
 0.6334000E+01, 0.1399702E+02, 0.4315256E+01, 0.0000000E+00, 0.1101896E+01, 0.8275446E+01, 0.1369260E+02,
 0.6336000E+01, 0.1399702E+02, 0.4310118E+01, 0.0000000E+00, 0.1102163E+01, 0.8280317E+01, 0.1369260E+02,
 0.6338000E+01, 0.1399702E+02, 0.4304978E+01, 0.0000000E+00, 0.1102431E+01, 0.8285190E+01, 0.1369260E+02,
 0.6340000E+01, 0.1399702E+02, 0.4299838E+01, 0.0000000E+00, 0.1102698E+01, 0.8290063E+01, 0.1369260E+02,
 0.6342000E+01, 0.1399702E+02, 0.4294697E+01, 0.0000000E+00, 0.1102965E+01, 0.8294936E+01, 0.1369260E+02,
 0.6344000E+01, 0.1399702E+02, 0.4289555E+01, 0.0000000E+00, 0.1103233E+01, 0.8299811E+01, 0.1369260E+02,
 0.6346000E+01, 0.1399702E+02, 0.4284412E+01, 0.0000000E+00, 0.1103500E+01, 0.8304687E+01, 0.1369260E+02,
 0.6348000E+01, 0.1399702E+02, 0.4279268E+01, 0.0000000E+00, 0.1103767E+01, 0.8309563E+01, 0.1369260E+02,
 0.6350000E+01, 0.1399702E+02, 0.4274123E+01, 0.0000000E+00, 0.1104035E+01, 0.8314441E+01, 0.1369260E+02,
 0.6352000E+01, 0.1399702E+02, 0.4268978E+01, 0.0000000E+00, 0.1104302E+01, 0.8319319E+01, 0.1369260E+02,
 0.6354000E+01, 0.1399702E+02, 0.4263832E+01, 0.0000000E+00, 0.1104569E+01, 0.8324198E+01, 0.1369260E+02,
 0.6356000E+01, 0.1399702E+02, 0.4258685E+01, 0.0000000E+00, 0.1104836E+01, 0.8329078E+01, 0.1369260E+02,
 0.6358000E+01, 0.1399702E+02, 0.4253537E+01, 0.0000000E+00, 0.1105104E+01, 0.8333959E+01, 0.1369260E+02,
 0.6360000E+01, 0.1399702E+02, 0.4248388E+01, 0.0000000E+00, 0.1105371E+01, 0.8338840E+01, 0.1369260E+02,
 0.6362000E+01, 0.1399702E+02, 0.4243238E+01, 0.0000000E+00, 0.1105638E+01, 0.8343722E+01, 0.1369260E+02,
 0.6364000E+01, 0.1399702E+02, 0.4238088E+01, 0.0000000E+00, 0.1105905E+01, 0.8348606E+01, 0.1369260E+02,
 0.6366000E+01, 0.1399702E+02, 0.4232936E+01, 0.0000000E+00, 0.1106172E+01, 0.8353490E+01, 0.1369260E+02,
 0.6368000E+01, 0.1399702E+02, 0.4227784E+01, 0.0000000E+00, 0.1106440E+01, 0.8358375E+01, 0.1369260E+02,
 0.6370000E+01, 0.1399702E+02, 0.4222631E+01, 0.0000000E+00, 0.1106707E+01, 0.8363261E+01, 0.1369260E+02,
 0.6372000E+01, 0.1399702E+02, 0.4217477E+01, 0.0000000E+00, 0.1106974E+01, 0.8368148E+01, 0.1369260E+02,
 0.6374000E+01, 0.1399702E+02, 0.4212322E+01, 0.0000000E+00, 0.1107241E+01, 0.8373035E+01, 0.1369260E+02,
 0.6376000E+01, 0.1399702E+02, 0.4207167E+01, 0.0000000E+00, 0.1107508E+01, 0.8377924E+01, 0.1369260E+02,
 0.6378000E+01, 0.1399702E+02, 0.4202010E+01, 0.0000000E+00, 0.1107775E+01, 0.8382813E+01, 0.1369260E+02,
 0.6380000E+01, 0.1399702E+02, 0.4196853E+01, 0.0000000E+00, 0.1108042E+01, 0.8387703E+01, 0.1369260E+02,
 0.6382000E+01, 0.1399702E+02, 0.4191695E+01, 0.0000000E+00, 0.1108309E+01, 0.8392594E+01, 0.1369260E+02,
 0.6384000E+01, 0.1399702E+02, 0.4186536E+01, 0.0000000E+00, 0.1108576E+01, 0.8397486E+01, 0.1369260E+02,
 0.6386000E+01, 0.1399702E+02, 0.4181376E+01, 0.0000000E+00, 0.1108843E+01, 0.8402379E+01, 0.1369260E+02,
 0.6388000E+01, 0.1399702E+02, 0.4176216E+01, 0.0000000E+00, 0.1109110E+01, 0.8407272E+01, 0.1369260E+02,
 0.6390000E+01, 0.1399702E+02, 0.4171055E+01, 0.0000000E+00, 0.1109377E+01, 0.8412167E+01, 0.1369260E+02,
 0.6392000E+01, 0.1399702E+02, 0.4165893E+01, 0.0000000E+00, 0.1109644E+01, 0.8417062E+01, 0.1369260E+02,
 0.6394000E+01, 0.1399702E+02, 0.4160730E+01, 0.0000000E+00, 0.1109911E+01, 0.8421958E+01, 0.1369260E+02,
 0.6396000E+01, 0.1399702E+02, 0.4155566E+01, 0.0000000E+00, 0.1110178E+01, 0.8426855E+01, 0.1369260E+02,
 0.6398000E+01, 0.1399702E+02, 0.4150402E+01, 0.0000000E+00, 0.1110444E+01, 0.8431752E+01, 0.1369260E+02,
 0.6400000E+01, 0.1399702E+02, 0.4145236E+01, 0.0000000E+00, 0.1110711E+01, 0.8436651E+01, 0.1369260E+02,
 0.6402000E+01, 0.1399702E+02, 0.4140070E+01, 0.0000000E+00, 0.1110978E+01, 0.8441550E+01, 0.1369260E+02,
 0.6404000E+01, 0.1399702E+02, 0.4134903E+01, 0.0000000E+00, 0.1111245E+01, 0.8446450E+01, 0.1369260E+02,
 0.6406000E+01, 0.1399702E+02, 0.4129735E+01, 0.0000000E+00, 0.1111512E+01, 0.8451352E+01, 0.1369260E+02,
 0.6408000E+01, 0.1399702E+02, 0.4124567E+01, 0.0000000E+00, 0.1111778E+01, 0.8456253E+01, 0.1369260E+02,
 0.6410000E+01, 0.1399702E+02, 0.4119397E+01, 0.0000000E+00, 0.1112045E+01, 0.8461156E+01, 0.1369260E+02,
 0.6412000E+01, 0.1399702E+02, 0.4114227E+01, 0.0000000E+00, 0.1112312E+01, 0.8466060E+01, 0.1369260E+02,
 0.6414000E+01, 0.1399702E+02, 0.4109056E+01, 0.0000000E+00, 0.1112578E+01, 0.8470963E+01, 0.1369260E+02,
 0.6416000E+01, 0.1399702E+02, 0.4103884E+01, 0.0000000E+00, 0.1112845E+01, 0.8475869E+01, 0.1369260E+02,
 0.6418000E+01, 0.1399702E+02, 0.4098712E+01, 0.0000000E+00, 0.1113112E+01, 0.8480775E+01, 0.1369260E+02,
 0.6420000E+01, 0.1399702E+02, 0.4093539E+01, 0.0000000E+00, 0.1113378E+01, 0.8485682E+01, 0.1369260E+02,
 0.6422000E+01, 0.1399702E+02, 0.4088365E+01, 0.0000000E+00, 0.1113645E+01, 0.8490589E+01, 0.1369260E+02,
 0.6424000E+01, 0.1399702E+02, 0.4083189E+01, 0.0000000E+00, 0.1113911E+01, 0.8495498E+01, 0.1369260E+02,
 0.6426000E+01, 0.1399702E+02, 0.4078014E+01, 0.0000000E+00, 0.1114178E+01, 0.8500406E+01, 0.1369260E+02,
 0.6428000E+01, 0.1399702E+02, 0.4072838E+01, 0.0000000E+00, 0.1114444E+01, 0.8505317E+01, 0.1369260E+02,
 0.6430000E+01, 0.1399702E+02, 0.4067660E+01, 0.0000000E+00, 0.1114711E+01, 0.8510227E+01, 0.1369260E+02,
 0.6432000E+01, 0.1399702E+02, 0.4062482E+01, 0.0000000E+00, 0.1114977E+01, 0.8515139E+01, 0.1369260E+02,
 0.6434000E+01, 0.1399702E+02, 0.4057304E+01, 0.0000000E+00, 0.1115244E+01, 0.8520051E+01, 0.1369260E+02,
 0.6436000E+01, 0.1399702E+02, 0.4052124E+01, 0.0000000E+00, 0.1115510E+01, 0.8524964E+01, 0.1369260E+02,
 0.6438000E+01, 0.1399702E+02, 0.4046944E+01, 0.0000000E+00, 0.1115776E+01, 0.8529878E+01, 0.1369260E+02,
 0.6440000E+01, 0.1399702E+02, 0.4041763E+01, 0.0000000E+00, 0.1116043E+01, 0.8534793E+01, 0.1369260E+02,
 0.6442000E+01, 0.1399702E+02, 0.4036581E+01, 0.0000000E+00, 0.1116309E+01, 0.8539708E+01, 0.1369260E+02,
 0.6444000E+01, 0.1399702E+02, 0.4031399E+01, 0.0000000E+00, 0.1116575E+01, 0.8544624E+01, 0.1369260E+02,
 0.6446000E+01, 0.1399702E+02, 0.4026216E+01, 0.0000000E+00, 0.1116841E+01, 0.8549541E+01, 0.1369260E+02,
 0.6448000E+01, 0.1399702E+02, 0.4021031E+01, 0.0000000E+00, 0.1117108E+01, 0.8554460E+01, 0.1369260E+02,
 0.6450000E+01, 0.1399702E+02, 0.4015846E+01, 0.0000000E+00, 0.1117374E+01, 0.8559378E+01, 0.1369260E+02,
 0.6452000E+01, 0.1399702E+02, 0.4010661E+01, 0.0000000E+00, 0.1117640E+01, 0.8564298E+01, 0.1369260E+02,
 0.6454000E+01, 0.1399702E+02, 0.4005475E+01, 0.0000000E+00, 0.1117906E+01, 0.8569218E+01, 0.1369260E+02,
 0.6456000E+01, 0.1399702E+02, 0.4000288E+01, 0.0000000E+00, 0.1118172E+01, 0.8574139E+01, 0.1369260E+02,
 0.6458000E+01, 0.1399702E+02, 0.3995100E+01, 0.0000000E+00, 0.1118438E+01, 0.8579061E+01, 0.1369260E+02,
 0.6460000E+01, 0.1399702E+02, 0.3989911E+01, 0.0000000E+00, 0.1118704E+01, 0.8583982E+01, 0.1369260E+02,
 0.6462000E+01, 0.1399702E+02, 0.3984722E+01, 0.0000000E+00, 0.1118970E+01, 0.8588906E+01, 0.1369260E+02,
 0.6464000E+01, 0.1399702E+02, 0.3979532E+01, 0.0000000E+00, 0.1119236E+01, 0.8593830E+01, 0.1369260E+02,
 0.6466000E+01, 0.1399702E+02, 0.3974341E+01, 0.0000000E+00, 0.1119502E+01, 0.8598755E+01, 0.1369260E+02,
 0.6468000E+01, 0.1399702E+02, 0.3969150E+01, 0.0000000E+00, 0.1119768E+01, 0.8603681E+01, 0.1369260E+02,
 0.6470000E+01, 0.1399702E+02, 0.3963958E+01, 0.0000000E+00, 0.1120034E+01, 0.8608606E+01, 0.1369260E+02,
 0.6472000E+01, 0.1399702E+02, 0.3958765E+01, 0.0000000E+00, 0.1120300E+01, 0.8613534E+01, 0.1369260E+02,
 0.6474000E+01, 0.1399702E+02, 0.3953571E+01, 0.0000000E+00, 0.1120566E+01, 0.8618462E+01, 0.1369260E+02,
 0.6476000E+01, 0.1399702E+02, 0.3948377E+01, 0.0000000E+00, 0.1120831E+01, 0.8623390E+01, 0.1369260E+02,
 0.6478000E+01, 0.1399702E+02, 0.3943182E+01, 0.0000000E+00, 0.1121097E+01, 0.8628320E+01, 0.1369260E+02,
 0.6480000E+01, 0.1399702E+02, 0.3937986E+01, 0.0000000E+00, 0.1121363E+01, 0.8633249E+01, 0.1369260E+02,
 0.6482000E+01, 0.1399702E+02, 0.3932789E+01, 0.0000000E+00, 0.1121629E+01, 0.8638181E+01, 0.1369260E+02,
 0.6484000E+01, 0.1399702E+02, 0.3927592E+01, 0.0000000E+00, 0.1121894E+01, 0.8643112E+01, 0.1369260E+02,
 0.6486000E+01, 0.1399702E+02, 0.3922394E+01, 0.0000000E+00, 0.1122160E+01, 0.8648045E+01, 0.1369260E+02,
 0.6488000E+01, 0.1399702E+02, 0.3917196E+01, 0.0000000E+00, 0.1122425E+01, 0.8652978E+01, 0.1369260E+02,
 0.6490000E+01, 0.1399702E+02, 0.3911996E+01, 0.0000000E+00, 0.1122691E+01, 0.8657911E+01, 0.1369260E+02,
 0.6492000E+01, 0.1399702E+02, 0.3906796E+01, 0.0000000E+00, 0.1122957E+01, 0.8662846E+01, 0.1369260E+02,
 0.6494000E+01, 0.1399702E+02, 0.3901595E+01, 0.0000000E+00, 0.1123222E+01, 0.8667781E+01, 0.1369260E+02,
 0.6496000E+01, 0.1399702E+02, 0.3896394E+01, 0.0000000E+00, 0.1123487E+01, 0.8672717E+01, 0.1369260E+02,
 0.6498000E+01, 0.1399702E+02, 0.3891192E+01, 0.0000000E+00, 0.1123753E+01, 0.8677654E+01, 0.1369260E+02,
 0.6500000E+01, 0.1399702E+02, 0.3885989E+01, 0.0000000E+00, 0.1124018E+01, 0.8682591E+01, 0.1369260E+02,
 0.6502000E+01, 0.1399702E+02, 0.3880785E+01, 0.0000000E+00, 0.1124284E+01, 0.8687530E+01, 0.1369260E+02,
 0.6504000E+01, 0.1399702E+02, 0.3875581E+01, 0.0000000E+00, 0.1124549E+01, 0.8692469E+01, 0.1369260E+02,
 0.6506000E+01, 0.1399702E+02, 0.3870376E+01, 0.0000000E+00, 0.1124814E+01, 0.8697408E+01, 0.1369260E+02,
 0.6508000E+01, 0.1399702E+02, 0.3865170E+01, 0.0000000E+00, 0.1125079E+01, 0.8702349E+01, 0.1369260E+02,
 0.6510000E+01, 0.1399702E+02, 0.3859964E+01, 0.0000000E+00, 0.1125345E+01, 0.8707290E+01, 0.1369260E+02,
 0.6512000E+01, 0.1399702E+02, 0.3854757E+01, 0.0000000E+00, 0.1125610E+01, 0.8712232E+01, 0.1369260E+02,
 0.6514000E+01, 0.1399702E+02, 0.3849550E+01, 0.0000000E+00, 0.1125875E+01, 0.8717174E+01, 0.1369260E+02,
 0.6516000E+01, 0.1399702E+02, 0.3844341E+01, 0.0000000E+00, 0.1126140E+01, 0.8722117E+01, 0.1369260E+02,
 0.6518000E+01, 0.1399702E+02, 0.3839132E+01, 0.0000000E+00, 0.1126405E+01, 0.8727061E+01, 0.1369260E+02,
 0.6520000E+01, 0.1399702E+02, 0.3833923E+01, 0.0000000E+00, 0.1126670E+01, 0.8732006E+01, 0.1369260E+02,
 0.6522000E+01, 0.1399702E+02, 0.3828712E+01, 0.0000000E+00, 0.1126935E+01, 0.8736951E+01, 0.1369260E+02,
 0.6524000E+01, 0.1399702E+02, 0.3823501E+01, 0.0000000E+00, 0.1127200E+01, 0.8741897E+01, 0.1369260E+02,
 0.6526000E+01, 0.1399702E+02, 0.3818290E+01, 0.0000000E+00, 0.1127465E+01, 0.8746843E+01, 0.1369260E+02,
 0.6528000E+01, 0.1399702E+02, 0.3813077E+01, 0.0000000E+00, 0.1127730E+01, 0.8751791E+01, 0.1369260E+02,
 0.6530000E+01, 0.1399702E+02, 0.3807864E+01, 0.0000000E+00, 0.1127995E+01, 0.8756740E+01, 0.1369260E+02,
 0.6532000E+01, 0.1399702E+02, 0.3802651E+01, 0.0000000E+00, 0.1128259E+01, 0.8761688E+01, 0.1369260E+02,
 0.6534000E+01, 0.1399702E+02, 0.3797436E+01, 0.0000000E+00, 0.1128524E+01, 0.8766638E+01, 0.1369260E+02,
 0.6536000E+01, 0.1399702E+02, 0.3792222E+01, 0.0000000E+00, 0.1128789E+01, 0.8771588E+01, 0.1369260E+02,
 0.6538000E+01, 0.1399702E+02, 0.3787006E+01, 0.0000000E+00, 0.1129053E+01, 0.8776539E+01, 0.1369260E+02,
 0.6540000E+01, 0.1399702E+02, 0.3781790E+01, 0.0000000E+00, 0.1129318E+01, 0.8781490E+01, 0.1369260E+02,
 0.6542000E+01, 0.1399702E+02, 0.3776573E+01, 0.0000000E+00, 0.1129583E+01, 0.8786443E+01, 0.1369260E+02,
 0.6544000E+01, 0.1399702E+02, 0.3771355E+01, 0.0000000E+00, 0.1129847E+01, 0.8791396E+01, 0.1369260E+02,
 0.6546000E+01, 0.1399702E+02, 0.3766137E+01, 0.0000000E+00, 0.1130112E+01, 0.8796350E+01, 0.1369260E+02,
 0.6548000E+01, 0.1399702E+02, 0.3760919E+01, 0.0000000E+00, 0.1130376E+01, 0.8801304E+01, 0.1369260E+02,
 0.6550000E+01, 0.1399702E+02, 0.3755699E+01, 0.0000000E+00, 0.1130641E+01, 0.8806258E+01, 0.1369260E+02,
 0.6552000E+01, 0.1399702E+02, 0.3750479E+01, 0.0000000E+00, 0.1130905E+01, 0.8811214E+01, 0.1369260E+02,
 0.6554000E+01, 0.1399702E+02, 0.3745259E+01, 0.0000000E+00, 0.1131169E+01, 0.8816171E+01, 0.1369260E+02,
 0.6556000E+01, 0.1399702E+02, 0.3740037E+01, 0.0000000E+00, 0.1131434E+01, 0.8821128E+01, 0.1369260E+02,
 0.6558000E+01, 0.1399702E+02, 0.3734815E+01, 0.0000000E+00, 0.1131698E+01, 0.8826085E+01, 0.1369260E+02,
 0.6560000E+01, 0.1399702E+02, 0.3729593E+01, 0.0000000E+00, 0.1131962E+01, 0.8831043E+01, 0.1369260E+02,
 0.6562000E+01, 0.1399702E+02, 0.3724370E+01, 0.0000000E+00, 0.1132226E+01, 0.8836002E+01, 0.1369260E+02,
 0.6564000E+01, 0.1399702E+02, 0.3719146E+01, 0.0000000E+00, 0.1132490E+01, 0.8840962E+01, 0.1369260E+02,
 0.6566000E+01, 0.1399702E+02, 0.3713922E+01, 0.0000000E+00, 0.1132754E+01, 0.8845922E+01, 0.1369260E+02,
 0.6568000E+01, 0.1399702E+02, 0.3708696E+01, 0.0000000E+00, 0.1133018E+01, 0.8850883E+01, 0.1369260E+02,
 0.6570000E+01, 0.1399702E+02, 0.3703471E+01, 0.0000000E+00, 0.1133282E+01, 0.8855845E+01, 0.1369260E+02,
 0.6572000E+01, 0.1399702E+02, 0.3698245E+01, 0.0000000E+00, 0.1133546E+01, 0.8860807E+01, 0.1369260E+02,
 0.6574000E+01, 0.1399702E+02, 0.3693018E+01, 0.0000000E+00, 0.1133810E+01, 0.8865770E+01, 0.1369260E+02,
 0.6576000E+01, 0.1399702E+02, 0.3687790E+01, 0.0000000E+00, 0.1134074E+01, 0.8870734E+01, 0.1369260E+02,
 0.6578000E+01, 0.1399702E+02, 0.3682562E+01, 0.0000000E+00, 0.1134338E+01, 0.8875698E+01, 0.1369260E+02,
 0.6580000E+01, 0.1399702E+02, 0.3677334E+01, 0.0000000E+00, 0.1134602E+01, 0.8880663E+01, 0.1369260E+02,
 0.6582000E+01, 0.1399702E+02, 0.3672105E+01, 0.0000000E+00, 0.1134866E+01, 0.8885629E+01, 0.1369260E+02,
 0.6584000E+01, 0.1399702E+02, 0.3666875E+01, 0.0000000E+00, 0.1135129E+01, 0.8890594E+01, 0.1369260E+02,
 0.6586000E+01, 0.1399702E+02, 0.3661644E+01, 0.0000000E+00, 0.1135393E+01, 0.8895561E+01, 0.1369260E+02,
 0.6588000E+01, 0.1399702E+02, 0.3656414E+01, 0.0000000E+00, 0.1135656E+01, 0.8900528E+01, 0.1369260E+02,
 0.6590000E+01, 0.1399702E+02, 0.3651182E+01, 0.0000000E+00, 0.1135920E+01, 0.8905497E+01, 0.1369260E+02,
 0.6592000E+01, 0.1399702E+02, 0.3645950E+01, 0.0000000E+00, 0.1136184E+01, 0.8910465E+01, 0.1369260E+02,
 0.6594000E+01, 0.1399702E+02, 0.3640717E+01, 0.0000000E+00, 0.1136447E+01, 0.8915434E+01, 0.1369260E+02,
 0.6596000E+01, 0.1399702E+02, 0.3635484E+01, 0.0000000E+00, 0.1136710E+01, 0.8920404E+01, 0.1369260E+02,
 0.6598000E+01, 0.1399702E+02, 0.3630250E+01, 0.0000000E+00, 0.1136974E+01, 0.8925375E+01, 0.1369260E+02,
 0.6600000E+01, 0.1399702E+02, 0.3625016E+01, 0.0000000E+00, 0.1137237E+01, 0.8930346E+01, 0.1369260E+02,
 0.6602000E+01, 0.1399702E+02, 0.3619781E+01, 0.0000000E+00, 0.1137500E+01, 0.8935317E+01, 0.1369260E+02,
 0.6604000E+01, 0.1399702E+02, 0.3614545E+01, 0.0000000E+00, 0.1137764E+01, 0.8940289E+01, 0.1369260E+02,
 0.6606000E+01, 0.1399702E+02, 0.3609309E+01, 0.0000000E+00, 0.1138027E+01, 0.8945263E+01, 0.1369260E+02,
 0.6608000E+01, 0.1399702E+02, 0.3604073E+01, 0.0000000E+00, 0.1138290E+01, 0.8950236E+01, 0.1369260E+02,
 0.6610000E+01, 0.1399702E+02, 0.3598835E+01, 0.0000000E+00, 0.1138553E+01, 0.8955211E+01, 0.1369260E+02,
 0.6612000E+01, 0.1399702E+02, 0.3593597E+01, 0.0000000E+00, 0.1138816E+01, 0.8960185E+01, 0.1369260E+02,
 0.6614000E+01, 0.1399702E+02, 0.3588359E+01, 0.0000000E+00, 0.1139079E+01, 0.8965160E+01, 0.1369260E+02,
 0.6616000E+01, 0.1399702E+02, 0.3583120E+01, 0.0000000E+00, 0.1139342E+01, 0.8970137E+01, 0.1369260E+02,
 0.6618000E+01, 0.1399702E+02, 0.3577881E+01, 0.0000000E+00, 0.1139605E+01, 0.8975113E+01, 0.1369260E+02,
 0.6620000E+01, 0.1399702E+02, 0.3572641E+01, 0.0000000E+00, 0.1139867E+01, 0.8980090E+01, 0.1369260E+02,
 0.6622000E+01, 0.1399702E+02, 0.3567400E+01, 0.0000000E+00, 0.1140130E+01, 0.8985067E+01, 0.1369260E+02,
 0.6624000E+01, 0.1399702E+02, 0.3562160E+01, 0.0000000E+00, 0.1140393E+01, 0.8990046E+01, 0.1369260E+02,
 0.6626000E+01, 0.1399702E+02, 0.3556918E+01, 0.0000000E+00, 0.1140656E+01, 0.8995025E+01, 0.1369260E+02,
 0.6628000E+01, 0.1399702E+02, 0.3551676E+01, 0.0000000E+00, 0.1140918E+01, 0.9000005E+01, 0.1369260E+02,
 0.6630000E+01, 0.1399702E+02, 0.3546433E+01, 0.0000000E+00, 0.1141181E+01, 0.9004984E+01, 0.1369260E+02,
 0.6632000E+01, 0.1399702E+02, 0.3541190E+01, 0.0000000E+00, 0.1141443E+01, 0.9009965E+01, 0.1369260E+02,
 0.6634000E+01, 0.1399702E+02, 0.3535946E+01, 0.0000000E+00, 0.1141706E+01, 0.9014946E+01, 0.1369260E+02,
 0.6636000E+01, 0.1399702E+02, 0.3530702E+01, 0.0000000E+00, 0.1141968E+01, 0.9019928E+01, 0.1369260E+02,
 0.6638000E+01, 0.1399702E+02, 0.3525457E+01, 0.0000000E+00, 0.1142231E+01, 0.9024910E+01, 0.1369260E+02,
 0.6640000E+01, 0.1399702E+02, 0.3520212E+01, 0.0000000E+00, 0.1142493E+01, 0.9029893E+01, 0.1369260E+02,
 0.6642000E+01, 0.1399702E+02, 0.3514966E+01, 0.0000000E+00, 0.1142755E+01, 0.9034877E+01, 0.1369260E+02,
 0.6644000E+01, 0.1399702E+02, 0.3509720E+01, 0.0000000E+00, 0.1143018E+01, 0.9039861E+01, 0.1369260E+02,
 0.6646000E+01, 0.1399702E+02, 0.3504473E+01, 0.0000000E+00, 0.1143280E+01, 0.9044846E+01, 0.1369260E+02,
 0.6648000E+01, 0.1399702E+02, 0.3499226E+01, 0.0000000E+00, 0.1143542E+01, 0.9049830E+01, 0.1369260E+02,
 0.6650000E+01, 0.1399702E+02, 0.3493978E+01, 0.0000000E+00, 0.1143804E+01, 0.9054816E+01, 0.1369260E+02,
 0.6652000E+01, 0.1399702E+02, 0.3488730E+01, 0.0000000E+00, 0.1144066E+01, 0.9059802E+01, 0.1369260E+02,
 0.6654000E+01, 0.1399702E+02, 0.3483481E+01, 0.0000000E+00, 0.1144328E+01, 0.9064789E+01, 0.1369260E+02,
 0.6656000E+01, 0.1399702E+02, 0.3478232E+01, 0.0000000E+00, 0.1144590E+01, 0.9069777E+01, 0.1369260E+02,
 0.6658000E+01, 0.1399702E+02, 0.3472982E+01, 0.0000000E+00, 0.1144852E+01, 0.9074764E+01, 0.1369260E+02,
 0.6660000E+01, 0.1399702E+02, 0.3467732E+01, 0.0000000E+00, 0.1145113E+01, 0.9079753E+01, 0.1369260E+02,
 0.6662000E+01, 0.1399702E+02, 0.3462481E+01, 0.0000000E+00, 0.1145375E+01, 0.9084742E+01, 0.1369260E+02,
 0.6664000E+01, 0.1399702E+02, 0.3457230E+01, 0.0000000E+00, 0.1145637E+01, 0.9089731E+01, 0.1369260E+02,
 0.6666000E+01, 0.1399702E+02, 0.3451978E+01, 0.0000000E+00, 0.1145898E+01, 0.9094722E+01, 0.1369260E+02,
 0.6668000E+01, 0.1399702E+02, 0.3446726E+01, 0.0000000E+00, 0.1146160E+01, 0.9099712E+01, 0.1369260E+02,
 0.6670000E+01, 0.1399702E+02, 0.3441473E+01, 0.0000000E+00, 0.1146421E+01, 0.9104703E+01, 0.1369260E+02,
 0.6672000E+01, 0.1399702E+02, 0.3436220E+01, 0.0000000E+00, 0.1146683E+01, 0.9109695E+01, 0.1369260E+02,
 0.6674000E+01, 0.1399702E+02, 0.3430967E+01, 0.0000000E+00, 0.1146944E+01, 0.9114687E+01, 0.1369260E+02,
 0.6676000E+01, 0.1399702E+02, 0.3425713E+01, 0.0000000E+00, 0.1147206E+01, 0.9119679E+01, 0.1369260E+02,
 0.6678000E+01, 0.1399702E+02, 0.3420458E+01, 0.0000000E+00, 0.1147467E+01, 0.9124673E+01, 0.1369260E+02,
 0.6680000E+01, 0.1399702E+02, 0.3415203E+01, 0.0000000E+00, 0.1147728E+01, 0.9129667E+01, 0.1369260E+02,
 0.6682000E+01, 0.1399702E+02, 0.3409948E+01, 0.0000000E+00, 0.1147989E+01, 0.9134661E+01, 0.1369260E+02,
 0.6684000E+01, 0.1399702E+02, 0.3404692E+01, 0.0000000E+00, 0.1148251E+01, 0.9139656E+01, 0.1369260E+02,
 0.6686000E+01, 0.1399702E+02, 0.3399436E+01, 0.0000000E+00, 0.1148512E+01, 0.9144651E+01, 0.1369260E+02,
 0.6688000E+01, 0.1399702E+02, 0.3394179E+01, 0.0000000E+00, 0.1148773E+01, 0.9149647E+01, 0.1369260E+02,
 0.6690000E+01, 0.1399702E+02, 0.3388921E+01, 0.0000000E+00, 0.1149034E+01, 0.9154643E+01, 0.1369260E+02,
 0.6692000E+01, 0.1399702E+02, 0.3383664E+01, 0.0000000E+00, 0.1149294E+01, 0.9159640E+01, 0.1369260E+02,
 0.6694000E+01, 0.1399702E+02, 0.3378406E+01, 0.0000000E+00, 0.1149555E+01, 0.9164638E+01, 0.1369260E+02,
 0.6696000E+01, 0.1399702E+02, 0.3373147E+01, 0.0000000E+00, 0.1149816E+01, 0.9169635E+01, 0.1369260E+02,
 0.6698000E+01, 0.1399702E+02, 0.3367888E+01, 0.0000000E+00, 0.1150077E+01, 0.9174633E+01, 0.1369260E+02,
 0.6700000E+01, 0.1399702E+02, 0.3362628E+01, 0.0000000E+00, 0.1150338E+01, 0.9179632E+01, 0.1369260E+02,
 0.6702000E+01, 0.1399702E+02, 0.3357369E+01, 0.0000000E+00, 0.1150598E+01, 0.9184631E+01, 0.1369260E+02,
 0.6704000E+01, 0.1399702E+02, 0.3352108E+01, 0.0000000E+00, 0.1150859E+01, 0.9189631E+01, 0.1369260E+02,
 0.6706000E+01, 0.1399702E+02, 0.3346848E+01, 0.0000000E+00, 0.1151119E+01, 0.9194632E+01, 0.1369260E+02,
 0.6708000E+01, 0.1399702E+02, 0.3341586E+01, 0.0000000E+00, 0.1151380E+01, 0.9199633E+01, 0.1369260E+02,
 0.6710000E+01, 0.1399702E+02, 0.3336325E+01, 0.0000000E+00, 0.1151640E+01, 0.9204634E+01, 0.1369260E+02,
 0.6712000E+01, 0.1399702E+02, 0.3331063E+01, 0.0000000E+00, 0.1151900E+01, 0.9209635E+01, 0.1369260E+02,
 0.6714000E+01, 0.1399702E+02, 0.3325800E+01, 0.0000000E+00, 0.1152161E+01, 0.9214638E+01, 0.1369260E+02,
 0.6716000E+01, 0.1399702E+02, 0.3320538E+01, 0.0000000E+00, 0.1152421E+01, 0.9219640E+01, 0.1369260E+02,
 0.6718000E+01, 0.1399702E+02, 0.3315274E+01, 0.0000000E+00, 0.1152681E+01, 0.9224643E+01, 0.1369260E+02,
 0.6720000E+01, 0.1399702E+02, 0.3310011E+01, 0.0000000E+00, 0.1152941E+01, 0.9229647E+01, 0.1369260E+02,
 0.6722000E+01, 0.1399702E+02, 0.3304747E+01, 0.0000000E+00, 0.1153201E+01, 0.9234651E+01, 0.1369260E+02,
 0.6724000E+01, 0.1399702E+02, 0.3299482E+01, 0.0000000E+00, 0.1153461E+01, 0.9239655E+01, 0.1369260E+02,
 0.6726000E+01, 0.1399702E+02, 0.3294217E+01, 0.0000000E+00, 0.1153721E+01, 0.9244660E+01, 0.1369260E+02,
 0.6728000E+01, 0.1399702E+02, 0.3288952E+01, 0.0000000E+00, 0.1153981E+01, 0.9249665E+01, 0.1369260E+02,
 0.6730000E+01, 0.1399702E+02, 0.3283686E+01, 0.0000000E+00, 0.1154240E+01, 0.9254671E+01, 0.1369260E+02,
 0.6732000E+01, 0.1399702E+02, 0.3278420E+01, 0.0000000E+00, 0.1154500E+01, 0.9259678E+01, 0.1369260E+02,
 0.6734000E+01, 0.1399702E+02, 0.3273154E+01, 0.0000000E+00, 0.1154760E+01, 0.9264685E+01, 0.1369260E+02,
 0.6736000E+01, 0.1399702E+02, 0.3267887E+01, 0.0000000E+00, 0.1155019E+01, 0.9269691E+01, 0.1369260E+02,
 0.6738000E+01, 0.1399702E+02, 0.3262620E+01, 0.0000000E+00, 0.1155279E+01, 0.9274699E+01, 0.1369260E+02,
 0.6740000E+01, 0.1399702E+02, 0.3257352E+01, 0.0000000E+00, 0.1155538E+01, 0.9279708E+01, 0.1369260E+02,
 0.6742000E+01, 0.1399702E+02, 0.3252084E+01, 0.0000000E+00, 0.1155798E+01, 0.9284716E+01, 0.1369260E+02,
 0.6744000E+01, 0.1399702E+02, 0.3246816E+01, 0.0000000E+00, 0.1156057E+01, 0.9289725E+01, 0.1369260E+02,
 0.6746000E+01, 0.1399702E+02, 0.3241548E+01, 0.0000000E+00, 0.1156316E+01, 0.9294734E+01, 0.1369260E+02,
 0.6748000E+01, 0.1399702E+02, 0.3236279E+01, 0.0000000E+00, 0.1156576E+01, 0.9299745E+01, 0.1369260E+02,
 0.6750000E+01, 0.1399702E+02, 0.3231009E+01, 0.0000000E+00, 0.1156835E+01, 0.9304754E+01, 0.1369260E+02,
 0.6752000E+01, 0.1399702E+02, 0.3225739E+01, 0.0000000E+00, 0.1157094E+01, 0.9309765E+01, 0.1369260E+02,
 0.6754000E+01, 0.1399702E+02, 0.3220469E+01, 0.0000000E+00, 0.1157353E+01, 0.9314776E+01, 0.1369260E+02,
 0.6756000E+01, 0.1399702E+02, 0.3215199E+01, 0.0000000E+00, 0.1157612E+01, 0.9319788E+01, 0.1369260E+02,
 0.6758000E+01, 0.1399702E+02, 0.3209928E+01, 0.0000000E+00, 0.1157871E+01, 0.9324800E+01, 0.1369260E+02,
 0.6760000E+01, 0.1399702E+02, 0.3204657E+01, 0.0000000E+00, 0.1158130E+01, 0.9329812E+01, 0.1369260E+02,
 0.6762000E+01, 0.1399702E+02, 0.3199385E+01, 0.0000000E+00, 0.1158388E+01, 0.9334825E+01, 0.1369260E+02,
 0.6764000E+01, 0.1399702E+02, 0.3194113E+01, 0.0000000E+00, 0.1158647E+01, 0.9339838E+01, 0.1369260E+02,
 0.6766000E+01, 0.1399702E+02, 0.3188841E+01, 0.0000000E+00, 0.1158906E+01, 0.9344851E+01, 0.1369260E+02,
 0.6768000E+01, 0.1399702E+02, 0.3183568E+01, 0.0000000E+00, 0.1159164E+01, 0.9349866E+01, 0.1369260E+02,
 0.6770000E+01, 0.1399702E+02, 0.3178295E+01, 0.0000000E+00, 0.1159423E+01, 0.9354880E+01, 0.1369260E+02,
 0.6772000E+01, 0.1399702E+02, 0.3173022E+01, 0.0000000E+00, 0.1159681E+01, 0.9359895E+01, 0.1369260E+02,
 0.6774000E+01, 0.1399702E+02, 0.3167749E+01, 0.0000000E+00, 0.1159940E+01, 0.9364910E+01, 0.1369260E+02,
 0.6776000E+01, 0.1399702E+02, 0.3162475E+01, 0.0000000E+00, 0.1160198E+01, 0.9369925E+01, 0.1369260E+02,
 0.6778000E+01, 0.1399702E+02, 0.3157201E+01, 0.0000000E+00, 0.1160456E+01, 0.9374942E+01, 0.1369260E+02,
 0.6780000E+01, 0.1399702E+02, 0.3151926E+01, 0.0000000E+00, 0.1160714E+01, 0.9379958E+01, 0.1369260E+02,
 0.6782000E+01, 0.1399702E+02, 0.3146651E+01, 0.0000000E+00, 0.1160972E+01, 0.9384974E+01, 0.1369260E+02,
 0.6784000E+01, 0.1399702E+02, 0.3141376E+01, 0.0000000E+00, 0.1161230E+01, 0.9389992E+01, 0.1369260E+02,
 0.6786000E+01, 0.1399702E+02, 0.3136101E+01, 0.0000000E+00, 0.1161488E+01, 0.9395009E+01, 0.1369260E+02,
 0.6788000E+01, 0.1399702E+02, 0.3130825E+01, 0.0000000E+00, 0.1161746E+01, 0.9400027E+01, 0.1369260E+02,
 0.6790000E+01, 0.1399702E+02, 0.3125549E+01, 0.0000000E+00, 0.1162004E+01, 0.9405046E+01, 0.1369260E+02,
 0.6792000E+01, 0.1399702E+02, 0.3120272E+01, 0.0000000E+00, 0.1162262E+01, 0.9410065E+01, 0.1369260E+02,
 0.6794000E+01, 0.1399702E+02, 0.3114995E+01, 0.0000000E+00, 0.1162520E+01, 0.9415083E+01, 0.1369260E+02,
 0.6796000E+01, 0.1399702E+02, 0.3109719E+01, 0.0000000E+00, 0.1162777E+01, 0.9420103E+01, 0.1369260E+02,
 0.6798000E+01, 0.1399702E+02, 0.3104441E+01, 0.0000000E+00, 0.1163035E+01, 0.9425122E+01, 0.1369260E+02,
 0.6800000E+01, 0.1399702E+02, 0.3099164E+01, 0.0000000E+00, 0.1163292E+01, 0.9430142E+01, 0.1369260E+02,
 0.6802000E+01, 0.1399702E+02, 0.3093886E+01, 0.0000000E+00, 0.1163550E+01, 0.9435163E+01, 0.1369260E+02,
 0.6804000E+01, 0.1399702E+02, 0.3088608E+01, 0.0000000E+00, 0.1163807E+01, 0.9440184E+01, 0.1369260E+02,
 0.6806000E+01, 0.1399702E+02, 0.3083329E+01, 0.0000000E+00, 0.1164064E+01, 0.9445205E+01, 0.1369260E+02,
 0.6808000E+01, 0.1399702E+02, 0.3078050E+01, 0.0000000E+00, 0.1164322E+01, 0.9450227E+01, 0.1369260E+02,
 0.6810000E+01, 0.1399702E+02, 0.3072771E+01, 0.0000000E+00, 0.1164579E+01, 0.9455248E+01, 0.1369260E+02,
 0.6812000E+01, 0.1399702E+02, 0.3067492E+01, 0.0000000E+00, 0.1164836E+01, 0.9460271E+01, 0.1369260E+02,
 0.6814000E+01, 0.1399702E+02, 0.3062212E+01, 0.0000000E+00, 0.1165093E+01, 0.9465293E+01, 0.1369260E+02,
 0.6816000E+01, 0.1399702E+02, 0.3056933E+01, 0.0000000E+00, 0.1165350E+01, 0.9470316E+01, 0.1369260E+02,
 0.6818000E+01, 0.1399702E+02, 0.3051652E+01, 0.0000000E+00, 0.1165607E+01, 0.9475339E+01, 0.1369260E+02,
 0.6820000E+01, 0.1399702E+02, 0.3046372E+01, 0.0000000E+00, 0.1165864E+01, 0.9480363E+01, 0.1369260E+02,
 0.6822000E+01, 0.1399702E+02, 0.3041091E+01, 0.0000000E+00, 0.1166120E+01, 0.9485387E+01, 0.1369260E+02,
 0.6824000E+01, 0.1399702E+02, 0.3035810E+01, 0.0000000E+00, 0.1166377E+01, 0.9490411E+01, 0.1369260E+02,
 0.6826000E+01, 0.1399702E+02, 0.3030529E+01, 0.0000000E+00, 0.1166633E+01, 0.9495436E+01, 0.1369260E+02,
 0.6828000E+01, 0.1399702E+02, 0.3025248E+01, 0.0000000E+00, 0.1166890E+01, 0.9500461E+01, 0.1369260E+02,
 0.6830000E+01, 0.1399702E+02, 0.3019966E+01, 0.0000000E+00, 0.1167147E+01, 0.9505486E+01, 0.1369260E+02,
 0.6832000E+01, 0.1399702E+02, 0.3014684E+01, 0.0000000E+00, 0.1167403E+01, 0.9510511E+01, 0.1369260E+02,
 0.6834000E+01, 0.1399702E+02, 0.3009402E+01, 0.0000000E+00, 0.1167659E+01, 0.9515537E+01, 0.1369260E+02,
 0.6836000E+01, 0.1399702E+02, 0.3004120E+01, 0.0000000E+00, 0.1167915E+01, 0.9520563E+01, 0.1369260E+02,
 0.6838000E+01, 0.1399702E+02, 0.2998837E+01, 0.0000000E+00, 0.1168172E+01, 0.9525590E+01, 0.1369260E+02,
 0.6840000E+01, 0.1399702E+02, 0.2993554E+01, 0.0000000E+00, 0.1168428E+01, 0.9530616E+01, 0.1369260E+02,
 0.6842000E+01, 0.1399702E+02, 0.2988271E+01, 0.0000000E+00, 0.1168684E+01, 0.9535644E+01, 0.1369260E+02,
 0.6844000E+01, 0.1399702E+02, 0.2982988E+01, 0.0000000E+00, 0.1168940E+01, 0.9540670E+01, 0.1369260E+02,
 0.6846000E+01, 0.1399702E+02, 0.2977705E+01, 0.0000000E+00, 0.1169196E+01, 0.9545698E+01, 0.1369260E+02,
 0.6848000E+01, 0.1399702E+02, 0.2972421E+01, 0.0000000E+00, 0.1169451E+01, 0.9550726E+01, 0.1369260E+02,
 0.6850000E+01, 0.1399702E+02, 0.2967137E+01, 0.0000000E+00, 0.1169707E+01, 0.9555755E+01, 0.1369260E+02,
 0.6852000E+01, 0.1399702E+02, 0.2961852E+01, 0.0000000E+00, 0.1169963E+01, 0.9560783E+01, 0.1369260E+02,
 0.6854000E+01, 0.1399702E+02, 0.2956568E+01, 0.0000000E+00, 0.1170218E+01, 0.9565812E+01, 0.1369260E+02,
 0.6856000E+01, 0.1399702E+02, 0.2951283E+01, 0.0000000E+00, 0.1170474E+01, 0.9570841E+01, 0.1369260E+02,
 0.6858000E+01, 0.1399702E+02, 0.2945998E+01, 0.0000000E+00, 0.1170729E+01, 0.9575871E+01, 0.1369260E+02,
 0.6860000E+01, 0.1399702E+02, 0.2940713E+01, 0.0000000E+00, 0.1170985E+01, 0.9580900E+01, 0.1369260E+02,
 0.6862000E+01, 0.1399702E+02, 0.2935428E+01, 0.0000000E+00, 0.1171240E+01, 0.9585930E+01, 0.1369260E+02,
 0.6864000E+01, 0.1399702E+02, 0.2930143E+01, 0.0000000E+00, 0.1171495E+01, 0.9590961E+01, 0.1369260E+02,
 0.6866000E+01, 0.1399702E+02, 0.2924857E+01, 0.0000000E+00, 0.1171750E+01, 0.9595991E+01, 0.1369260E+02,
 0.6868000E+01, 0.1399702E+02, 0.2919571E+01, 0.0000000E+00, 0.1172005E+01, 0.9601022E+01, 0.1369260E+02,
 0.6870000E+01, 0.1399702E+02, 0.2914285E+01, 0.0000000E+00, 0.1172260E+01, 0.9606053E+01, 0.1369260E+02,
 0.6872000E+01, 0.1399702E+02, 0.2908999E+01, 0.0000000E+00, 0.1172515E+01, 0.9611084E+01, 0.1369260E+02,
 0.6874000E+01, 0.1399702E+02, 0.2903712E+01, 0.0000000E+00, 0.1172770E+01, 0.9616116E+01, 0.1369260E+02,
 0.6876000E+01, 0.1399702E+02, 0.2898426E+01, 0.0000000E+00, 0.1173025E+01, 0.9621148E+01, 0.1369260E+02,
 0.6878000E+01, 0.1399702E+02, 0.2893139E+01, 0.0000000E+00, 0.1173280E+01, 0.9626180E+01, 0.1369260E+02,
 0.6880000E+01, 0.1399702E+02, 0.2887852E+01, 0.0000000E+00, 0.1173534E+01, 0.9631212E+01, 0.1369260E+02,
 0.6882000E+01, 0.1399702E+02, 0.2882565E+01, 0.0000000E+00, 0.1173789E+01, 0.9636245E+01, 0.1369260E+02,
 0.6884000E+01, 0.1399702E+02, 0.2877277E+01, 0.0000000E+00, 0.1174043E+01, 0.9641278E+01, 0.1369260E+02,
 0.6886000E+01, 0.1399702E+02, 0.2871990E+01, 0.0000000E+00, 0.1174298E+01, 0.9646311E+01, 0.1369260E+02,
 0.6888000E+01, 0.1399702E+02, 0.2866702E+01, 0.0000000E+00, 0.1174552E+01, 0.9651344E+01, 0.1369260E+02,
 0.6890000E+01, 0.1399702E+02, 0.2861414E+01, 0.0000000E+00, 0.1174806E+01, 0.9656378E+01, 0.1369260E+02,
 0.6892000E+01, 0.1399702E+02, 0.2856126E+01, 0.0000000E+00, 0.1175060E+01, 0.9661412E+01, 0.1369260E+02,
 0.6894000E+01, 0.1399702E+02, 0.2850838E+01, 0.0000000E+00, 0.1175314E+01, 0.9666446E+01, 0.1369260E+02,
 0.6896000E+01, 0.1399702E+02, 0.2845550E+01, 0.0000000E+00, 0.1175568E+01, 0.9671480E+01, 0.1369260E+02,
 0.6898000E+01, 0.1399702E+02, 0.2840261E+01, 0.0000000E+00, 0.1175822E+01, 0.9676515E+01, 0.1369260E+02,
 0.6900000E+01, 0.1399702E+02, 0.2834973E+01, 0.0000000E+00, 0.1176076E+01, 0.9681549E+01, 0.1369260E+02,
 0.6902000E+01, 0.1399702E+02, 0.2829684E+01, 0.0000000E+00, 0.1176330E+01, 0.9686584E+01, 0.1369260E+02,
 0.6904000E+01, 0.1399702E+02, 0.2824395E+01, 0.0000000E+00, 0.1176584E+01, 0.9691620E+01, 0.1369260E+02,
 0.6906000E+01, 0.1399702E+02, 0.2819106E+01, 0.0000000E+00, 0.1176837E+01, 0.9696655E+01, 0.1369260E+02,
 0.6908000E+01, 0.1399702E+02, 0.2813817E+01, 0.0000000E+00, 0.1177091E+01, 0.9701691E+01, 0.1369260E+02,
 0.6910000E+01, 0.1399702E+02, 0.2808527E+01, 0.0000000E+00, 0.1177344E+01, 0.9706727E+01, 0.1369260E+02,
 0.6912000E+01, 0.1399702E+02, 0.2803238E+01, 0.0000000E+00, 0.1177598E+01, 0.9711762E+01, 0.1369260E+02,
 0.6914000E+01, 0.1399702E+02, 0.2797948E+01, 0.0000000E+00, 0.1177851E+01, 0.9716799E+01, 0.1369260E+02,
 0.6916000E+01, 0.1399702E+02, 0.2792659E+01, 0.0000000E+00, 0.1178104E+01, 0.9721836E+01, 0.1369260E+02,
 0.6918000E+01, 0.1399702E+02, 0.2787369E+01, 0.0000000E+00, 0.1178357E+01, 0.9726872E+01, 0.1369260E+02,
 0.6920000E+01, 0.1399702E+02, 0.2782079E+01, 0.0000000E+00, 0.1178610E+01, 0.9731910E+01, 0.1369260E+02,
 0.6922000E+01, 0.1399702E+02, 0.2776789E+01, 0.0000000E+00, 0.1178863E+01, 0.9736946E+01, 0.1369260E+02,
 0.6924000E+01, 0.1399702E+02, 0.2771498E+01, 0.0000000E+00, 0.1179116E+01, 0.9741983E+01, 0.1369260E+02,
 0.6926000E+01, 0.1399702E+02, 0.2766208E+01, 0.0000000E+00, 0.1179369E+01, 0.9747022E+01, 0.1369260E+02,
 0.6928000E+01, 0.1399702E+02, 0.2760918E+01, 0.0000000E+00, 0.1179622E+01, 0.9752059E+01, 0.1369260E+02,
 0.6930000E+01, 0.1399702E+02, 0.2755627E+01, 0.0000000E+00, 0.1179874E+01, 0.9757097E+01, 0.1369260E+02,
 0.6932000E+01, 0.1399702E+02, 0.2750336E+01, 0.0000000E+00, 0.1180127E+01, 0.9762135E+01, 0.1369260E+02,
 0.6934000E+01, 0.1399702E+02, 0.2745046E+01, 0.0000000E+00, 0.1180380E+01, 0.9767173E+01, 0.1369260E+02,
 0.6936000E+01, 0.1399702E+02, 0.2739755E+01, 0.0000000E+00, 0.1180632E+01, 0.9772212E+01, 0.1369260E+02,
 0.6938000E+01, 0.1399702E+02, 0.2734464E+01, 0.0000000E+00, 0.1180884E+01, 0.9777250E+01, 0.1369260E+02,
 0.6940000E+01, 0.1399702E+02, 0.2729173E+01, 0.0000000E+00, 0.1181137E+01, 0.9782290E+01, 0.1369260E+02,
 0.6942000E+01, 0.1399702E+02, 0.2723881E+01, 0.0000000E+00, 0.1181389E+01, 0.9787328E+01, 0.1369260E+02,
 0.6944000E+01, 0.1399702E+02, 0.2718590E+01, 0.0000000E+00, 0.1181641E+01, 0.9792367E+01, 0.1369260E+02,
 0.6946000E+01, 0.1399702E+02, 0.2713299E+01, 0.0000000E+00, 0.1181893E+01, 0.9797406E+01, 0.1369260E+02,
 0.6948000E+01, 0.1399702E+02, 0.2708008E+01, 0.0000000E+00, 0.1182145E+01, 0.9802446E+01, 0.1369260E+02,
 0.6950000E+01, 0.1399702E+02, 0.2702716E+01, 0.0000000E+00, 0.1182397E+01, 0.9807486E+01, 0.1369260E+02,
 0.6952000E+01, 0.1399702E+02, 0.2697424E+01, 0.0000000E+00, 0.1182648E+01, 0.9812526E+01, 0.1369260E+02,
 0.6954000E+01, 0.1399702E+02, 0.2692133E+01, 0.0000000E+00, 0.1182900E+01, 0.9817566E+01, 0.1369260E+02,
 0.6956000E+01, 0.1399702E+02, 0.2686841E+01, 0.0000000E+00, 0.1183152E+01, 0.9822606E+01, 0.1369260E+02,
 0.6958000E+01, 0.1399702E+02, 0.2681549E+01, 0.0000000E+00, 0.1183403E+01, 0.9827646E+01, 0.1369260E+02,
 0.6960000E+01, 0.1399702E+02, 0.2676257E+01, 0.0000000E+00, 0.1183655E+01, 0.9832686E+01, 0.1369260E+02,
 0.6962000E+01, 0.1399702E+02, 0.2670965E+01, 0.0000000E+00, 0.1183906E+01, 0.9837727E+01, 0.1369260E+02,
 0.6964000E+01, 0.1399702E+02, 0.2665673E+01, 0.0000000E+00, 0.1184157E+01, 0.9842768E+01, 0.1369260E+02,
 0.6966000E+01, 0.1399702E+02, 0.2660381E+01, 0.0000000E+00, 0.1184409E+01, 0.9847809E+01, 0.1369260E+02,
 0.6968000E+01, 0.1399702E+02, 0.2655089E+01, 0.0000000E+00, 0.1184660E+01, 0.9852850E+01, 0.1369260E+02,
 0.6970000E+01, 0.1399702E+02, 0.2649797E+01, 0.0000000E+00, 0.1184911E+01, 0.9857891E+01, 0.1369260E+02,
 0.6972000E+01, 0.1399702E+02, 0.2644505E+01, 0.0000000E+00, 0.1185162E+01, 0.9862932E+01, 0.1369260E+02,
 0.6974000E+01, 0.1399702E+02, 0.2639212E+01, 0.0000000E+00, 0.1185413E+01, 0.9867973E+01, 0.1369260E+02,
 0.6976000E+01, 0.1399702E+02, 0.2633920E+01, 0.0000000E+00, 0.1185663E+01, 0.9873015E+01, 0.1369260E+02,
 0.6978000E+01, 0.1399702E+02, 0.2628628E+01, 0.0000000E+00, 0.1185914E+01, 0.9878057E+01, 0.1369260E+02,
 0.6980000E+01, 0.1399702E+02, 0.2623335E+01, 0.0000000E+00, 0.1186165E+01, 0.9883099E+01, 0.1369260E+02,
 0.6982000E+01, 0.1399702E+02, 0.2618043E+01, 0.0000000E+00, 0.1186415E+01, 0.9888141E+01, 0.1369260E+02,
 0.6984000E+01, 0.1399702E+02, 0.2612750E+01, 0.0000000E+00, 0.1186666E+01, 0.9893183E+01, 0.1369260E+02,
 0.6986000E+01, 0.1399702E+02, 0.2607458E+01, 0.0000000E+00, 0.1186916E+01, 0.9898225E+01, 0.1369260E+02,
 0.6988000E+01, 0.1399702E+02, 0.2602165E+01, 0.0000000E+00, 0.1187166E+01, 0.9903267E+01, 0.1369260E+02,
 0.6990000E+01, 0.1399702E+02, 0.2596872E+01, 0.0000000E+00, 0.1187416E+01, 0.9908310E+01, 0.1369260E+02,
 0.6992000E+01, 0.1399702E+02, 0.2591580E+01, 0.0000000E+00, 0.1187667E+01, 0.9913352E+01, 0.1369260E+02,
 0.6994000E+01, 0.1399702E+02, 0.2586287E+01, 0.0000000E+00, 0.1187917E+01, 0.9918395E+01, 0.1369260E+02,
 0.6996000E+01, 0.1399702E+02, 0.2580994E+01, 0.0000000E+00, 0.1188166E+01, 0.9923437E+01, 0.1369260E+02,
 0.6998000E+01, 0.1399702E+02, 0.2575702E+01, 0.0000000E+00, 0.1188416E+01, 0.9928480E+01, 0.1369260E+02,
 0.7000000E+01, 0.1399702E+02, 0.2570409E+01, 0.0000000E+00, 0.1188666E+01, 0.9933523E+01, 0.1369260E+02,
 0.7002000E+01, 0.1399702E+02, 0.2565116E+01, 0.0000000E+00, 0.1188916E+01, 0.9938566E+01, 0.1369260E+02,
 0.7004000E+01, 0.1399702E+02, 0.2559823E+01, 0.0000000E+00, 0.1189165E+01, 0.9943609E+01, 0.1369260E+02,
 0.7006000E+01, 0.1399702E+02, 0.2554531E+01, 0.0000000E+00, 0.1189415E+01, 0.9948653E+01, 0.1369260E+02,
 0.7008000E+01, 0.1399702E+02, 0.2549238E+01, 0.0000000E+00, 0.1189664E+01, 0.9953696E+01, 0.1369260E+02,
 0.7010000E+01, 0.1399702E+02, 0.2543945E+01, 0.0000000E+00, 0.1189914E+01, 0.9958740E+01, 0.1369260E+02,
 0.7012000E+01, 0.1399702E+02, 0.2538652E+01, 0.0000000E+00, 0.1190163E+01, 0.9963783E+01, 0.1369260E+02,
 0.7014000E+01, 0.1399702E+02, 0.2533359E+01, 0.0000000E+00, 0.1190412E+01, 0.9968827E+01, 0.1369260E+02,
 0.7016000E+01, 0.1399702E+02, 0.2528066E+01, 0.0000000E+00, 0.1190661E+01, 0.9973870E+01, 0.1369260E+02,
 0.7018000E+01, 0.1399702E+02, 0.2522774E+01, 0.0000000E+00, 0.1190910E+01, 0.9978914E+01, 0.1369260E+02,
 0.7020000E+01, 0.1399702E+02, 0.2517481E+01, 0.0000000E+00, 0.1191159E+01, 0.9983958E+01, 0.1369260E+02,
 0.7022000E+01, 0.1399702E+02, 0.2512188E+01, 0.0000000E+00, 0.1191408E+01, 0.9989002E+01, 0.1369260E+02,
 0.7024000E+01, 0.1399702E+02, 0.2506895E+01, 0.0000000E+00, 0.1191657E+01, 0.9994046E+01, 0.1369260E+02,
 0.7026000E+01, 0.1399702E+02, 0.2501602E+01, 0.0000000E+00, 0.1191905E+01, 0.9999091E+01, 0.1369260E+02,
 0.7028000E+01, 0.1399702E+02, 0.2496310E+01, 0.0000000E+00, 0.1192154E+01, 0.1000414E+02, 0.1369260E+02,
 0.7030000E+01, 0.1399702E+02, 0.2491017E+01, 0.0000000E+00, 0.1192402E+01, 0.1000918E+02, 0.1369260E+02,
 0.7032000E+01, 0.1399702E+02, 0.2485724E+01, 0.0000000E+00, 0.1192651E+01, 0.1001422E+02, 0.1369260E+02,
 0.7034000E+01, 0.1399702E+02, 0.2480431E+01, 0.0000000E+00, 0.1192899E+01, 0.1001927E+02, 0.1369260E+02,
 0.7036000E+01, 0.1399702E+02, 0.2475139E+01, 0.0000000E+00, 0.1193147E+01, 0.1002431E+02, 0.1369260E+02,
 0.7038000E+01, 0.1399702E+02, 0.2469846E+01, 0.0000000E+00, 0.1193395E+01, 0.1002936E+02, 0.1369260E+02,
 0.7040000E+01, 0.1399702E+02, 0.2464553E+01, 0.0000000E+00, 0.1193643E+01, 0.1003440E+02, 0.1369260E+02,
 0.7042000E+01, 0.1399702E+02, 0.2459261E+01, 0.0000000E+00, 0.1193891E+01, 0.1003945E+02, 0.1369260E+02,
 0.7044000E+01, 0.1399702E+02, 0.2453968E+01, 0.0000000E+00, 0.1194139E+01, 0.1004449E+02, 0.1369260E+02,
 0.7046000E+01, 0.1399702E+02, 0.2448675E+01, 0.0000000E+00, 0.1194387E+01, 0.1004954E+02, 0.1369260E+02,
 0.7048000E+01, 0.1399702E+02, 0.2443383E+01, 0.0000000E+00, 0.1194634E+01, 0.1005458E+02, 0.1369260E+02,
 0.7050000E+01, 0.1399702E+02, 0.2438090E+01, 0.0000000E+00, 0.1194882E+01, 0.1005963E+02, 0.1369260E+02,
 0.7052000E+01, 0.1399702E+02, 0.2432798E+01, 0.0000000E+00, 0.1195129E+01, 0.1006467E+02, 0.1369260E+02,
 0.7054000E+01, 0.1399702E+02, 0.2427505E+01, 0.0000000E+00, 0.1195377E+01, 0.1006972E+02, 0.1369260E+02,
 0.7056000E+01, 0.1399702E+02, 0.2422213E+01, 0.0000000E+00, 0.1195624E+01, 0.1007476E+02, 0.1369260E+02,
 0.7058000E+01, 0.1399702E+02, 0.2416920E+01, 0.0000000E+00, 0.1195871E+01, 0.1007981E+02, 0.1369260E+02,
 0.7060000E+01, 0.1399702E+02, 0.2411628E+01, 0.0000000E+00, 0.1196118E+01, 0.1008485E+02, 0.1369260E+02,
 0.7062000E+01, 0.1399702E+02, 0.2406336E+01, 0.0000000E+00, 0.1196365E+01, 0.1008990E+02, 0.1369260E+02,
 0.7064000E+01, 0.1399702E+02, 0.2401043E+01, 0.0000000E+00, 0.1196612E+01, 0.1009494E+02, 0.1369260E+02,
 0.7066000E+01, 0.1399702E+02, 0.2395751E+01, 0.0000000E+00, 0.1196859E+01, 0.1009999E+02, 0.1369260E+02,
 0.7068000E+01, 0.1399702E+02, 0.2390459E+01, 0.0000000E+00, 0.1197106E+01, 0.1010503E+02, 0.1369260E+02,
 0.7070000E+01, 0.1399702E+02, 0.2385167E+01, 0.0000000E+00, 0.1197353E+01, 0.1011008E+02, 0.1369260E+02,
 0.7072000E+01, 0.1399702E+02, 0.2379875E+01, 0.0000000E+00, 0.1197599E+01, 0.1011512E+02, 0.1369260E+02,
 0.7074000E+01, 0.1399702E+02, 0.2374583E+01, 0.0000000E+00, 0.1197846E+01, 0.1012017E+02, 0.1369260E+02,
 0.7076000E+01, 0.1399702E+02, 0.2369291E+01, 0.0000000E+00, 0.1198092E+01, 0.1012522E+02, 0.1369260E+02,
 0.7078000E+01, 0.1399702E+02, 0.2363999E+01, 0.0000000E+00, 0.1198339E+01, 0.1013026E+02, 0.1369260E+02,
 0.7080000E+01, 0.1399702E+02, 0.2358707E+01, 0.0000000E+00, 0.1198585E+01, 0.1013531E+02, 0.1369260E+02,
 0.7082000E+01, 0.1399702E+02, 0.2353415E+01, 0.0000000E+00, 0.1198831E+01, 0.1014035E+02, 0.1369260E+02,
 0.7084000E+01, 0.1399702E+02, 0.2348123E+01, 0.0000000E+00, 0.1199077E+01, 0.1014540E+02, 0.1369260E+02,
 0.7086000E+01, 0.1399702E+02, 0.2342831E+01, 0.0000000E+00, 0.1199323E+01, 0.1015044E+02, 0.1369260E+02,
 0.7088000E+01, 0.1399702E+02, 0.2337540E+01, 0.0000000E+00, 0.1199569E+01, 0.1015549E+02, 0.1369260E+02,
 0.7090000E+01, 0.1399702E+02, 0.2332248E+01, 0.0000000E+00, 0.1199815E+01, 0.1016054E+02, 0.1369260E+02,
 0.7092000E+01, 0.1399702E+02, 0.2326957E+01, 0.0000000E+00, 0.1200060E+01, 0.1016558E+02, 0.1369260E+02,
 0.7094000E+01, 0.1399702E+02, 0.2321665E+01, 0.0000000E+00, 0.1200306E+01, 0.1017063E+02, 0.1369260E+02,
 0.7096000E+01, 0.1399702E+02, 0.2316374E+01, 0.0000000E+00, 0.1200551E+01, 0.1017567E+02, 0.1369260E+02,
 0.7098000E+01, 0.1399702E+02, 0.2311082E+01, 0.0000000E+00, 0.1200797E+01, 0.1018072E+02, 0.1369260E+02,
 0.7100000E+01, 0.1399702E+02, 0.2305791E+01, 0.0000000E+00, 0.1201042E+01, 0.1018577E+02, 0.1369260E+02,
 0.7102000E+01, 0.1399702E+02, 0.2300499E+01, 0.0000000E+00, 0.1201287E+01, 0.1019081E+02, 0.1369260E+02,
 0.7104000E+01, 0.1399702E+02, 0.2295208E+01, 0.0000000E+00, 0.1201532E+01, 0.1019586E+02, 0.1369260E+02,
 0.7106000E+01, 0.1399702E+02, 0.2289917E+01, 0.0000000E+00, 0.1201777E+01, 0.1020090E+02, 0.1369260E+02,
 0.7108000E+01, 0.1399702E+02, 0.2284626E+01, 0.0000000E+00, 0.1202022E+01, 0.1020595E+02, 0.1369260E+02,
 0.7110000E+01, 0.1399702E+02, 0.2279335E+01, 0.0000000E+00, 0.1202267E+01, 0.1021100E+02, 0.1369260E+02,
 0.7112000E+01, 0.1399702E+02, 0.2274044E+01, 0.0000000E+00, 0.1202512E+01, 0.1021604E+02, 0.1369260E+02,
 0.7114000E+01, 0.1399702E+02, 0.2268753E+01, 0.0000000E+00, 0.1202756E+01, 0.1022109E+02, 0.1369260E+02,
 0.7116000E+01, 0.1399702E+02, 0.2263462E+01, 0.0000000E+00, 0.1203001E+01, 0.1022614E+02, 0.1369260E+02,
 0.7118000E+01, 0.1399702E+02, 0.2258171E+01, 0.0000000E+00, 0.1203245E+01, 0.1023118E+02, 0.1369260E+02,
 0.7120000E+01, 0.1399702E+02, 0.2252880E+01, 0.0000000E+00, 0.1203490E+01, 0.1023623E+02, 0.1369260E+02,
 0.7122000E+01, 0.1399702E+02, 0.2247589E+01, 0.0000000E+00, 0.1203734E+01, 0.1024127E+02, 0.1369260E+02,
 0.7124000E+01, 0.1399702E+02, 0.2242298E+01, 0.0000000E+00, 0.1203978E+01, 0.1024632E+02, 0.1369260E+02,
 0.7126000E+01, 0.1399702E+02, 0.2237008E+01, 0.0000000E+00, 0.1204222E+01, 0.1025137E+02, 0.1369260E+02,
 0.7128000E+01, 0.1399702E+02, 0.2231717E+01, 0.0000000E+00, 0.1204466E+01, 0.1025642E+02, 0.1369260E+02,
 0.7130000E+01, 0.1399702E+02, 0.2226426E+01, 0.0000000E+00, 0.1204710E+01, 0.1026146E+02, 0.1369260E+02,
 0.7132000E+01, 0.1399702E+02, 0.2221135E+01, 0.0000000E+00, 0.1204954E+01, 0.1026651E+02, 0.1369260E+02,
 0.7134000E+01, 0.1399702E+02, 0.2215845E+01, 0.0000000E+00, 0.1205198E+01, 0.1027156E+02, 0.1369260E+02,
 0.7136000E+01, 0.1399702E+02, 0.2210554E+01, 0.0000000E+00, 0.1205441E+01, 0.1027660E+02, 0.1369260E+02,
 0.7138000E+01, 0.1399702E+02, 0.2205264E+01, 0.0000000E+00, 0.1205685E+01, 0.1028165E+02, 0.1369260E+02,
 0.7140000E+01, 0.1399702E+02, 0.2199973E+01, 0.0000000E+00, 0.1205928E+01, 0.1028670E+02, 0.1369260E+02,
 0.7142000E+01, 0.1399702E+02, 0.2194683E+01, 0.0000000E+00, 0.1206172E+01, 0.1029174E+02, 0.1369260E+02,
 0.7144000E+01, 0.1399702E+02, 0.2189392E+01, 0.0000000E+00, 0.1206415E+01, 0.1029679E+02, 0.1369260E+02,
 0.7146000E+01, 0.1399702E+02, 0.2184102E+01, 0.0000000E+00, 0.1206658E+01, 0.1030184E+02, 0.1369260E+02,
 0.7148000E+01, 0.1399702E+02, 0.2178811E+01, 0.0000000E+00, 0.1206901E+01, 0.1030689E+02, 0.1369260E+02,
 0.7150000E+01, 0.1399702E+02, 0.2173520E+01, 0.0000000E+00, 0.1207144E+01, 0.1031193E+02, 0.1369260E+02,
 0.7152000E+01, 0.1399702E+02, 0.2168230E+01, 0.0000000E+00, 0.1207387E+01, 0.1031698E+02, 0.1369260E+02,
 0.7154000E+01, 0.1399702E+02, 0.2162939E+01, 0.0000000E+00, 0.1207630E+01, 0.1032203E+02, 0.1369260E+02,
 0.7156000E+01, 0.1399702E+02, 0.2157649E+01, 0.0000000E+00, 0.1207872E+01, 0.1032708E+02, 0.1369260E+02,
 0.7158000E+01, 0.1399702E+02, 0.2152358E+01, 0.0000000E+00, 0.1208115E+01, 0.1033213E+02, 0.1369260E+02,
 0.7160000E+01, 0.1399702E+02, 0.2147067E+01, 0.0000000E+00, 0.1208357E+01, 0.1033717E+02, 0.1369260E+02,
 0.7162000E+01, 0.1399702E+02, 0.2141776E+01, 0.0000000E+00, 0.1208600E+01, 0.1034222E+02, 0.1369260E+02,
 0.7164000E+01, 0.1399702E+02, 0.2136486E+01, 0.0000000E+00, 0.1208842E+01, 0.1034727E+02, 0.1369260E+02,
 0.7166000E+01, 0.1399702E+02, 0.2131195E+01, 0.0000000E+00, 0.1209084E+01, 0.1035232E+02, 0.1369260E+02,
 0.7168000E+01, 0.1399702E+02, 0.2125903E+01, 0.0000000E+00, 0.1209326E+01, 0.1035737E+02, 0.1369260E+02,
 0.7170000E+01, 0.1399702E+02, 0.2120612E+01, 0.0000000E+00, 0.1209568E+01, 0.1036242E+02, 0.1369260E+02,
 0.7172000E+01, 0.1399702E+02, 0.2115321E+01, 0.0000000E+00, 0.1209810E+01, 0.1036747E+02, 0.1369260E+02,
 0.7174000E+01, 0.1399702E+02, 0.2110029E+01, 0.0000000E+00, 0.1210052E+01, 0.1037252E+02, 0.1369260E+02,
 0.7176000E+01, 0.1399702E+02, 0.2104738E+01, 0.0000000E+00, 0.1210294E+01, 0.1037757E+02, 0.1369260E+02,
 0.7178000E+01, 0.1399702E+02, 0.2099446E+01, 0.0000000E+00, 0.1210535E+01, 0.1038262E+02, 0.1369260E+02,
 0.7180000E+01, 0.1399702E+02, 0.2094154E+01, 0.0000000E+00, 0.1210777E+01, 0.1038767E+02, 0.1369260E+02,
 0.7182000E+01, 0.1399702E+02, 0.2088862E+01, 0.0000000E+00, 0.1211018E+01, 0.1039272E+02, 0.1369260E+02,
 0.7184000E+01, 0.1399702E+02, 0.2083569E+01, 0.0000000E+00, 0.1211259E+01, 0.1039777E+02, 0.1369260E+02,
 0.7186000E+01, 0.1399702E+02, 0.2078276E+01, 0.0000000E+00, 0.1211501E+01, 0.1040282E+02, 0.1369260E+02,
 0.7188000E+01, 0.1399702E+02, 0.2072983E+01, 0.0000000E+00, 0.1211742E+01, 0.1040787E+02, 0.1369260E+02,
 0.7190000E+01, 0.1399702E+02, 0.2067690E+01, 0.0000000E+00, 0.1211983E+01, 0.1041293E+02, 0.1369260E+02,
 0.7192000E+01, 0.1399702E+02, 0.2062396E+01, 0.0000000E+00, 0.1212224E+01, 0.1041798E+02, 0.1369260E+02,
 0.7194000E+01, 0.1399702E+02, 0.2057101E+01, 0.0000000E+00, 0.1212464E+01, 0.1042303E+02, 0.1369260E+02,
 0.7196000E+01, 0.1399702E+02, 0.2051806E+01, 0.0000000E+00, 0.1212705E+01, 0.1042809E+02, 0.1369260E+02,
 0.7198000E+01, 0.1399702E+02, 0.2046511E+01, 0.0000000E+00, 0.1212946E+01, 0.1043314E+02, 0.1369260E+02,
 0.7200000E+01, 0.1399702E+02, 0.2041215E+01, 0.0000000E+00, 0.1213186E+01, 0.1043820E+02, 0.1369260E+02,
 0.7202000E+01, 0.1399702E+02, 0.2035918E+01, 0.0000000E+00, 0.1213427E+01, 0.1044325E+02, 0.1369260E+02,
 0.7204000E+01, 0.1399702E+02, 0.2030620E+01, 0.0000000E+00, 0.1213667E+01, 0.1044831E+02, 0.1369260E+02,
 0.7206000E+01, 0.1399702E+02, 0.2025322E+01, 0.0000000E+00, 0.1213907E+01, 0.1045337E+02, 0.1369260E+02,
 0.7208000E+01, 0.1399702E+02, 0.2020022E+01, 0.0000000E+00, 0.1214147E+01, 0.1045843E+02, 0.1369260E+02,
 0.7210000E+01, 0.1399702E+02, 0.2014722E+01, 0.0000000E+00, 0.1214388E+01, 0.1046349E+02, 0.1369260E+02,
 0.7212000E+01, 0.1399702E+02, 0.2009420E+01, 0.0000000E+00, 0.1214628E+01, 0.1046855E+02, 0.1369260E+02,
 0.7214000E+01, 0.1399702E+02, 0.2004117E+01, 0.0000000E+00, 0.1214867E+01, 0.1047361E+02, 0.1369260E+02,
 0.7216000E+01, 0.1399702E+02, 0.1998812E+01, 0.0000000E+00, 0.1215107E+01, 0.1047868E+02, 0.1369260E+02,
 0.7218000E+01, 0.1399702E+02, 0.1993505E+01, 0.0000000E+00, 0.1215347E+01, 0.1048375E+02, 0.1369260E+02,
 0.7220000E+01, 0.1399702E+02, 0.1988195E+01, 0.0000000E+00, 0.1215586E+01, 0.1048882E+02, 0.1369260E+02,
 0.7222000E+01, 0.1399702E+02, 0.1982883E+01, 0.0000000E+00, 0.1215826E+01, 0.1049389E+02, 0.1369260E+02,
 0.7224000E+01, 0.1399702E+02, 0.1977567E+01, 0.0000000E+00, 0.1216065E+01, 0.1049897E+02, 0.1369260E+02,
 0.7226000E+01, 0.1399702E+02, 0.1972248E+01, 0.0000000E+00, 0.1216304E+01, 0.1050405E+02, 0.1369260E+02,
 0.7228000E+01, 0.1399702E+02, 0.1966923E+01, 0.0000000E+00, 0.1216544E+01, 0.1050913E+02, 0.1369260E+02,
 0.7230000E+01, 0.1399702E+02, 0.1961591E+01, 0.0000000E+00, 0.1216783E+01, 0.1051423E+02, 0.1369260E+02,
 0.7232000E+01, 0.1399702E+02, 0.1956249E+01, 0.0000000E+00, 0.1217022E+01, 0.1051933E+02, 0.1369260E+02,
 0.7234000E+01, 0.1399702E+02, 0.1950894E+01, 0.0000000E+00, 0.1217260E+01, 0.1052444E+02, 0.1369260E+02,
 0.7236000E+01, 0.1399702E+02, 0.1945516E+01, 0.0000000E+00, 0.1217499E+01, 0.1052958E+02, 0.1369260E+02,
 0.7238000E+01, 0.1399702E+02, 0.1940092E+01, 0.0000000E+00, 0.1217738E+01, 0.1053477E+02, 0.1369260E+02,
 0.7240000E+01, 0.1399702E+02, 0.1934518E+01, 0.0000000E+00, 0.1217976E+01, 0.1054010E+02, 0.1369260E+02,
 0.7242000E+01, 0.1399702E+02, 0.1927459E+01, 0.0000000E+00, 0.1218215E+01, 0.1054692E+02, 0.1369260E+02,
 0.7244000E+01, 0.1399702E+02, 0.1917554E+01, 0.0000000E+00, 0.1218453E+01, 0.1055659E+02, 0.1369260E+02,
 0.7246000E+01, 0.1399702E+02, 0.1906505E+01, 0.0000000E+00, 0.1218692E+01, 0.1056740E+02, 0.1369260E+02,
 0.7248000E+01, 0.1399702E+02, 0.1895332E+01, 0.0000000E+00, 0.1218930E+01, 0.1057834E+02, 0.1369260E+02,
 0.7250000E+01, 0.1399702E+02, 0.1884278E+01, 0.0000000E+00, 0.1219168E+01, 0.1058915E+02, 0.1369260E+02,
 0.7252000E+01, 0.1399702E+02, 0.1873386E+01, 0.0000000E+00, 0.1219406E+01, 0.1059981E+02, 0.1369260E+02,
 0.7254000E+01, 0.1399702E+02, 0.1862658E+01, 0.0000000E+00, 0.1219644E+01, 0.1061030E+02, 0.1369260E+02,
 0.7256000E+01, 0.1399702E+02, 0.1852087E+01, 0.0000000E+00, 0.1219882E+01, 0.1062063E+02, 0.1369260E+02,
 0.7258000E+01, 0.1399702E+02, 0.1841661E+01, 0.0000000E+00, 0.1220119E+01, 0.1063082E+02, 0.1369260E+02,
 0.7260000E+01, 0.1399702E+02, 0.1831371E+01, 0.0000000E+00, 0.1220357E+01, 0.1064087E+02, 0.1369260E+02,
 0.7262000E+01, 0.1399702E+02, 0.1821208E+01, 0.0000000E+00, 0.1220594E+01, 0.1065080E+02, 0.1369260E+02,
 0.7264000E+01, 0.1399702E+02, 0.1811161E+01, 0.0000000E+00, 0.1220832E+01, 0.1066061E+02, 0.1369260E+02,
 0.7266000E+01, 0.1399702E+02, 0.1801224E+01, 0.0000000E+00, 0.1221069E+01, 0.1067031E+02, 0.1369260E+02,
 0.7268000E+01, 0.1399702E+02, 0.1791388E+01, 0.0000000E+00, 0.1221307E+01, 0.1067990E+02, 0.1369260E+02,
 0.7270000E+01, 0.1399702E+02, 0.1781648E+01, 0.0000000E+00, 0.1221544E+01, 0.1068941E+02, 0.1369260E+02,
 0.7272000E+01, 0.1399702E+02, 0.1771996E+01, 0.0000000E+00, 0.1221781E+01, 0.1069882E+02, 0.1369260E+02,
 0.7274000E+01, 0.1399702E+02, 0.1762429E+01, 0.0000000E+00, 0.1222018E+01, 0.1070815E+02, 0.1369260E+02,
 0.7276000E+01, 0.1399702E+02, 0.1752942E+01, 0.0000000E+00, 0.1222256E+01, 0.1071740E+02, 0.1369260E+02,
 0.7278000E+01, 0.1399702E+02, 0.1743529E+01, 0.0000000E+00, 0.1222493E+01, 0.1072658E+02, 0.1369260E+02,
 0.7280000E+01, 0.1399702E+02, 0.1734188E+01, 0.0000000E+00, 0.1222731E+01, 0.1073568E+02, 0.1369260E+02,
 0.7282000E+01, 0.1399702E+02, 0.1724914E+01, 0.0000000E+00, 0.1222968E+01, 0.1074472E+02, 0.1369260E+02,
 0.7284000E+01, 0.1399702E+02, 0.1715705E+01, 0.0000000E+00, 0.1223206E+01, 0.1075369E+02, 0.1369260E+02,
 0.7286000E+01, 0.1399702E+02, 0.1706557E+01, 0.0000000E+00, 0.1223445E+01, 0.1076260E+02, 0.1369260E+02,
 0.7288000E+01, 0.1399702E+02, 0.1697468E+01, 0.0000000E+00, 0.1223683E+01, 0.1077145E+02, 0.1369260E+02,
 0.7290000E+01, 0.1399702E+02, 0.1688435E+01, 0.0000000E+00, 0.1223922E+01, 0.1078024E+02, 0.1369260E+02,
 0.7292000E+01, 0.1399702E+02, 0.1679456E+01, 0.0000000E+00, 0.1224161E+01, 0.1078898E+02, 0.1369260E+02,
 0.7294000E+01, 0.1399702E+02, 0.1670529E+01, 0.0000000E+00, 0.1224401E+01, 0.1079767E+02, 0.1369260E+02,
 0.7296000E+01, 0.1399702E+02, 0.1661652E+01, 0.0000000E+00, 0.1224641E+01, 0.1080630E+02, 0.1369260E+02,
 0.7298000E+01, 0.1399702E+02, 0.1652822E+01, 0.0000000E+00, 0.1224882E+01, 0.1081489E+02, 0.1369260E+02,
 0.7300000E+01, 0.1399702E+02, 0.1644039E+01, 0.0000000E+00, 0.1225124E+01, 0.1082344E+02, 0.1369260E+02,
 0.7302000E+01, 0.1399702E+02, 0.1635300E+01, 0.0000000E+00, 0.1225366E+01, 0.1083193E+02, 0.1369260E+02,
 0.7304000E+01, 0.1399702E+02, 0.1626604E+01, 0.0000000E+00, 0.1225609E+01, 0.1084039E+02, 0.1369260E+02,
 0.7306000E+01, 0.1399702E+02, 0.1617950E+01, 0.0000000E+00, 0.1225852E+01, 0.1084880E+02, 0.1369260E+02,
 0.7308000E+01, 0.1399702E+02, 0.1609336E+01, 0.0000000E+00, 0.1226097E+01, 0.1085717E+02, 0.1369260E+02,
 0.7310000E+01, 0.1399702E+02, 0.1600760E+01, 0.0000000E+00, 0.1226342E+01, 0.1086550E+02, 0.1369260E+02,
 0.7312000E+01, 0.1399702E+02, 0.1592222E+01, 0.0000000E+00, 0.1226588E+01, 0.1087379E+02, 0.1369260E+02,
 0.7314000E+01, 0.1399702E+02, 0.1583721E+01, 0.0000000E+00, 0.1226834E+01, 0.1088204E+02, 0.1369260E+02,
 0.7316000E+01, 0.1399702E+02, 0.1575255E+01, 0.0000000E+00, 0.1227082E+01, 0.1089026E+02, 0.1369260E+02,
 0.7318000E+01, 0.1399702E+02, 0.1566823E+01, 0.0000000E+00, 0.1227331E+01, 0.1089844E+02, 0.1369260E+02,
 0.7320000E+01, 0.1399702E+02, 0.1558424E+01, 0.0000000E+00, 0.1227580E+01, 0.1090659E+02, 0.1369260E+02,
 0.7322000E+01, 0.1399702E+02, 0.1550058E+01, 0.0000000E+00, 0.1227831E+01, 0.1091471E+02, 0.1369260E+02,
 0.7324000E+01, 0.1399702E+02, 0.1541723E+01, 0.0000000E+00, 0.1228082E+01, 0.1092279E+02, 0.1369260E+02,
 0.7326000E+01, 0.1399702E+02, 0.1533419E+01, 0.0000000E+00, 0.1228335E+01, 0.1093085E+02, 0.1369260E+02,
 0.7328000E+01, 0.1399702E+02, 0.1525144E+01, 0.0000000E+00, 0.1228588E+01, 0.1093887E+02, 0.1369260E+02,
 0.7330000E+01, 0.1399702E+02, 0.1516898E+01, 0.0000000E+00, 0.1228842E+01, 0.1094686E+02, 0.1369260E+02,
 0.7332000E+01, 0.1399702E+02, 0.1508680E+01, 0.0000000E+00, 0.1229098E+01, 0.1095482E+02, 0.1369260E+02,
 0.7334000E+01, 0.1399702E+02, 0.1500490E+01, 0.0000000E+00, 0.1229354E+01, 0.1096275E+02, 0.1369260E+02,
 0.7336000E+01, 0.1399702E+02, 0.1492326E+01, 0.0000000E+00, 0.1229612E+01, 0.1097066E+02, 0.1369260E+02,
 0.7338000E+01, 0.1399702E+02, 0.1484188E+01, 0.0000000E+00, 0.1229870E+01, 0.1097854E+02, 0.1369260E+02,
 0.7340000E+01, 0.1399702E+02, 0.1476076E+01, 0.0000000E+00, 0.1230129E+01, 0.1098639E+02, 0.1369260E+02,
 0.7342000E+01, 0.1399702E+02, 0.1467988E+01, 0.0000000E+00, 0.1230389E+01, 0.1099422E+02, 0.1369260E+02,
 0.7344000E+01, 0.1399702E+02, 0.1459925E+01, 0.0000000E+00, 0.1230651E+01, 0.1100202E+02, 0.1369260E+02,
 0.7346000E+01, 0.1399702E+02, 0.1451885E+01, 0.0000000E+00, 0.1230913E+01, 0.1100980E+02, 0.1369260E+02,
 0.7348000E+01, 0.1399702E+02, 0.1443868E+01, 0.0000000E+00, 0.1231176E+01, 0.1101755E+02, 0.1369260E+02,
 0.7350000E+01, 0.1399702E+02, 0.1435873E+01, 0.0000000E+00, 0.1231440E+01, 0.1102528E+02, 0.1369260E+02,
 0.7352000E+01, 0.1399702E+02, 0.1427901E+01, 0.0000000E+00, 0.1231705E+01, 0.1103299E+02, 0.1369260E+02,
 0.7354000E+01, 0.1399702E+02, 0.1419950E+01, 0.0000000E+00, 0.1231971E+01, 0.1104068E+02, 0.1369260E+02,
 0.7356000E+01, 0.1399702E+02, 0.1412020E+01, 0.0000000E+00, 0.1232237E+01, 0.1104834E+02, 0.1369260E+02,
 0.7358000E+01, 0.1399702E+02, 0.1404111E+01, 0.0000000E+00, 0.1232505E+01, 0.1105598E+02, 0.1369260E+02,
 0.7360000E+01, 0.1399702E+02, 0.1396221E+01, 0.0000000E+00, 0.1232774E+01, 0.1106360E+02, 0.1369260E+02,
 0.7362000E+01, 0.1399702E+02, 0.1388352E+01, 0.0000000E+00, 0.1233043E+01, 0.1107120E+02, 0.1369260E+02,
 0.7364000E+01, 0.1399702E+02, 0.1380501E+01, 0.0000000E+00, 0.1233313E+01, 0.1107878E+02, 0.1369260E+02,
 0.7366000E+01, 0.1399702E+02, 0.1372670E+01, 0.0000000E+00, 0.1233584E+01, 0.1108634E+02, 0.1369260E+02,
 0.7368000E+01, 0.1399702E+02, 0.1364857E+01, 0.0000000E+00, 0.1233856E+01, 0.1109389E+02, 0.1369260E+02,
 0.7370000E+01, 0.1399702E+02, 0.1357062E+01, 0.0000000E+00, 0.1234128E+01, 0.1110141E+02, 0.1369260E+02,
 0.7372000E+01, 0.1399702E+02, 0.1349285E+01, 0.0000000E+00, 0.1234402E+01, 0.1110891E+02, 0.1369260E+02,
 0.7374000E+01, 0.1399702E+02, 0.1341525E+01, 0.0000000E+00, 0.1234676E+01, 0.1111640E+02, 0.1369260E+02,
 0.7376000E+01, 0.1399702E+02, 0.1333783E+01, 0.0000000E+00, 0.1234951E+01, 0.1112387E+02, 0.1369260E+02,
 0.7378000E+01, 0.1399702E+02, 0.1326057E+01, 0.0000000E+00, 0.1235226E+01, 0.1113132E+02, 0.1369260E+02,
 0.7380000E+01, 0.1399702E+02, 0.1318348E+01, 0.0000000E+00, 0.1235502E+01, 0.1113875E+02, 0.1369260E+02,
 0.7382000E+01, 0.1399702E+02, 0.1310655E+01, 0.0000000E+00, 0.1235779E+01, 0.1114616E+02, 0.1369260E+02,
 0.7384000E+01, 0.1399702E+02, 0.1302977E+01, 0.0000000E+00, 0.1236057E+01, 0.1115356E+02, 0.1369260E+02,
 0.7386000E+01, 0.1399702E+02, 0.1295316E+01, 0.0000000E+00, 0.1236335E+01, 0.1116095E+02, 0.1369260E+02,
 0.7388000E+01, 0.1399702E+02, 0.1287669E+01, 0.0000000E+00, 0.1236614E+01, 0.1116832E+02, 0.1369260E+02,
 0.7390000E+01, 0.1399702E+02, 0.1280038E+01, 0.0000000E+00, 0.1236893E+01, 0.1117567E+02, 0.1369260E+02,
 0.7392000E+01, 0.1399702E+02, 0.1272421E+01, 0.0000000E+00, 0.1237173E+01, 0.1118300E+02, 0.1369260E+02,
 0.7394000E+01, 0.1399702E+02, 0.1264819E+01, 0.0000000E+00, 0.1237454E+01, 0.1119033E+02, 0.1369260E+02,
 0.7396000E+01, 0.1399702E+02, 0.1257231E+01, 0.0000000E+00, 0.1237735E+01, 0.1119763E+02, 0.1369260E+02,
 0.7398000E+01, 0.1399702E+02, 0.1249657E+01, 0.0000000E+00, 0.1238016E+01, 0.1120492E+02, 0.1369260E+02,
 0.7400000E+01, 0.1399702E+02, 0.1242097E+01, 0.0000000E+00, 0.1238298E+01, 0.1121220E+02, 0.1369260E+02,
 0.7402000E+01, 0.1399702E+02, 0.1234551E+01, 0.0000000E+00, 0.1238581E+01, 0.1121947E+02, 0.1369260E+02,
 0.7404000E+01, 0.1399702E+02, 0.1227018E+01, 0.0000000E+00, 0.1238864E+01, 0.1122672E+02, 0.1369260E+02,
 0.7406000E+01, 0.1399702E+02, 0.1219499E+01, 0.0000000E+00, 0.1239147E+01, 0.1123395E+02, 0.1369260E+02,
 0.7408000E+01, 0.1399702E+02, 0.1211992E+01, 0.0000000E+00, 0.1239431E+01, 0.1124118E+02, 0.1369260E+02,
 0.7410000E+01, 0.1399702E+02, 0.1204498E+01, 0.0000000E+00, 0.1239716E+01, 0.1124838E+02, 0.1369260E+02,
 0.7412000E+01, 0.1399702E+02, 0.1197016E+01, 0.0000000E+00, 0.1240001E+01, 0.1125558E+02, 0.1369260E+02,
 0.7414000E+01, 0.1399702E+02, 0.1189547E+01, 0.0000000E+00, 0.1240286E+01, 0.1126276E+02, 0.1369260E+02,
 0.7416000E+01, 0.1399702E+02, 0.1182091E+01, 0.0000000E+00, 0.1240571E+01, 0.1126994E+02, 0.1369260E+02,
 0.7418000E+01, 0.1399702E+02, 0.1174646E+01, 0.0000000E+00, 0.1240857E+01, 0.1127709E+02, 0.1369260E+02,
 0.7420000E+01, 0.1399702E+02, 0.1167213E+01, 0.0000000E+00, 0.1241143E+01, 0.1128424E+02, 0.1369260E+02,
 0.7422000E+01, 0.1399702E+02, 0.1159792E+01, 0.0000000E+00, 0.1241430E+01, 0.1129138E+02, 0.1369260E+02,
 0.7424000E+01, 0.1399702E+02, 0.1152383E+01, 0.0000000E+00, 0.1241717E+01, 0.1129850E+02, 0.1369260E+02,
 0.7426000E+01, 0.1399702E+02, 0.1144984E+01, 0.0000000E+00, 0.1242004E+01, 0.1130561E+02, 0.1369260E+02,
 0.7428000E+01, 0.1399702E+02, 0.1137598E+01, 0.0000000E+00, 0.1242292E+01, 0.1131271E+02, 0.1369260E+02,
 0.7430000E+01, 0.1399702E+02, 0.1130222E+01, 0.0000000E+00, 0.1242580E+01, 0.1131980E+02, 0.1369260E+02,
 0.7432000E+01, 0.1399702E+02, 0.1122857E+01, 0.0000000E+00, 0.1242868E+01, 0.1132687E+02, 0.1369260E+02,
 0.7434000E+01, 0.1399702E+02, 0.1115503E+01, 0.0000000E+00, 0.1243156E+01, 0.1133394E+02, 0.1369260E+02,
 0.7436000E+01, 0.1399702E+02, 0.1108160E+01, 0.0000000E+00, 0.1243444E+01, 0.1134099E+02, 0.1369260E+02,
 0.7438000E+01, 0.1399702E+02, 0.1100827E+01, 0.0000000E+00, 0.1243733E+01, 0.1134804E+02, 0.1369260E+02,
 0.7440000E+01, 0.1399702E+02, 0.1093505E+01, 0.0000000E+00, 0.1244022E+01, 0.1135507E+02, 0.1369260E+02,
 0.7442000E+01, 0.1399702E+02, 0.1086193E+01, 0.0000000E+00, 0.1244311E+01, 0.1136209E+02, 0.1369260E+02,
 0.7444000E+01, 0.1399702E+02, 0.1078891E+01, 0.0000000E+00, 0.1244601E+01, 0.1136911E+02, 0.1369260E+02,
 0.7446000E+01, 0.1399702E+02, 0.1071600E+01, 0.0000000E+00, 0.1244890E+01, 0.1137611E+02, 0.1369260E+02,
 0.7448000E+01, 0.1399702E+02, 0.1064318E+01, 0.0000000E+00, 0.1245180E+01, 0.1138310E+02, 0.1369260E+02,
 0.7450000E+01, 0.1399702E+02, 0.1057046E+01, 0.0000000E+00, 0.1245470E+01, 0.1139008E+02, 0.1369260E+02,
 0.7452000E+01, 0.1399702E+02, 0.1049784E+01, 0.0000000E+00, 0.1245760E+01, 0.1139705E+02, 0.1369260E+02,
 0.7454000E+01, 0.1399702E+02, 0.1042531E+01, 0.0000000E+00, 0.1246050E+01, 0.1140402E+02, 0.1369260E+02,
 0.7456000E+01, 0.1399702E+02, 0.1035288E+01, 0.0000000E+00, 0.1246340E+01, 0.1141097E+02, 0.1369260E+02,
 0.7458000E+01, 0.1399702E+02, 0.1028054E+01, 0.0000000E+00, 0.1246630E+01, 0.1141791E+02, 0.1369260E+02,
 0.7460000E+01, 0.1399702E+02, 0.1020830E+01, 0.0000000E+00, 0.1246921E+01, 0.1142485E+02, 0.1369260E+02,
 0.7462000E+01, 0.1399702E+02, 0.1013615E+01, 0.0000000E+00, 0.1247211E+01, 0.1143177E+02, 0.1369260E+02,
 0.7464000E+01, 0.1399702E+02, 0.1006409E+01, 0.0000000E+00, 0.1247502E+01, 0.1143869E+02, 0.1369260E+02,
 0.7466000E+01, 0.1399702E+02, 0.9992116E+00, 0.0000000E+00, 0.1247792E+01, 0.1144559E+02, 0.1369260E+02,
 0.7468000E+01, 0.1399702E+02, 0.9920235E+00, 0.0000000E+00, 0.1248083E+01, 0.1145249E+02, 0.1369260E+02,
 0.7470000E+01, 0.1399702E+02, 0.9848442E+00, 0.0000000E+00, 0.1248374E+01, 0.1145938E+02, 0.1369260E+02,
 0.7472000E+01, 0.1399702E+02, 0.9776736E+00, 0.0000000E+00, 0.1248665E+01, 0.1146626E+02, 0.1369260E+02,
 0.7474000E+01, 0.1399702E+02, 0.9705117E+00, 0.0000000E+00, 0.1248956E+01, 0.1147313E+02, 0.1369260E+02,
 0.7476000E+01, 0.1399702E+02, 0.9633585E+00, 0.0000000E+00, 0.1249246E+01, 0.1147999E+02, 0.1369260E+02,
 0.7478000E+01, 0.1399702E+02, 0.9562137E+00, 0.0000000E+00, 0.1249537E+01, 0.1148685E+02, 0.1369260E+02,
 0.7480000E+01, 0.1399702E+02, 0.9490772E+00, 0.0000000E+00, 0.1249828E+01, 0.1149369E+02, 0.1369260E+02,
 0.7482000E+01, 0.1399702E+02, 0.9419492E+00, 0.0000000E+00, 0.1250119E+01, 0.1150053E+02, 0.1369260E+02,
 0.7484000E+01, 0.1399702E+02, 0.9348294E+00, 0.0000000E+00, 0.1250410E+01, 0.1150736E+02, 0.1369260E+02,
 0.7486000E+01, 0.1399702E+02, 0.9277178E+00, 0.0000000E+00, 0.1250701E+01, 0.1151418E+02, 0.1369260E+02,
 0.7488000E+01, 0.1399702E+02, 0.9206143E+00, 0.0000000E+00, 0.1250992E+01, 0.1152099E+02, 0.1369260E+02,
 0.7490000E+01, 0.1399702E+02, 0.9135188E+00, 0.0000000E+00, 0.1251283E+01, 0.1152780E+02, 0.1369260E+02,
 0.7492000E+01, 0.1399702E+02, 0.9064313E+00, 0.0000000E+00, 0.1251574E+01, 0.1153459E+02, 0.1369260E+02,
 0.7494000E+01, 0.1399702E+02, 0.8993517E+00, 0.0000000E+00, 0.1251864E+01, 0.1154138E+02, 0.1369260E+02,
 0.7496000E+01, 0.1399702E+02, 0.8922800E+00, 0.0000000E+00, 0.1252155E+01, 0.1154816E+02, 0.1369260E+02,
 0.7498000E+01, 0.1399702E+02, 0.8852160E+00, 0.0000000E+00, 0.1252446E+01, 0.1155494E+02, 0.1369260E+02,
 0.7500000E+01, 0.1399702E+02, 0.8781597E+00, 0.0000000E+00, 0.1252736E+01, 0.1156170E+02, 0.1369260E+02,
 0.7502000E+01, 0.1399702E+02, 0.8711110E+00, 0.0000000E+00, 0.1253027E+01, 0.1156846E+02, 0.1369260E+02,
 0.7504000E+01, 0.1399702E+02, 0.8640699E+00, 0.0000000E+00, 0.1253317E+01, 0.1157521E+02, 0.1369260E+02,
 0.7506000E+01, 0.1399702E+02, 0.8570364E+00, 0.0000000E+00, 0.1253608E+01, 0.1158195E+02, 0.1369260E+02,
 0.7508000E+01, 0.1399702E+02, 0.8500103E+00, 0.0000000E+00, 0.1253898E+01, 0.1158869E+02, 0.1369260E+02,
 0.7510000E+01, 0.1399702E+02, 0.8429915E+00, 0.0000000E+00, 0.1254189E+01, 0.1159542E+02, 0.1369260E+02,
 0.7512000E+01, 0.1399702E+02, 0.8359802E+00, 0.0000000E+00, 0.1254479E+01, 0.1160214E+02, 0.1369260E+02,
 0.7514000E+01, 0.1399702E+02, 0.8289760E+00, 0.0000000E+00, 0.1254769E+01, 0.1160885E+02, 0.1369260E+02,
 0.7516000E+01, 0.1399702E+02, 0.8219792E+00, 0.0000000E+00, 0.1255059E+01, 0.1161556E+02, 0.1369260E+02,
 0.7518000E+01, 0.1399702E+02, 0.8149894E+00, 0.0000000E+00, 0.1255349E+01, 0.1162226E+02, 0.1369260E+02,
 0.7520000E+01, 0.1399702E+02, 0.8080068E+00, 0.0000000E+00, 0.1255638E+01, 0.1162895E+02, 0.1369260E+02,
 0.7522000E+01, 0.1399702E+02, 0.8010313E+00, 0.0000000E+00, 0.1255928E+01, 0.1163564E+02, 0.1369260E+02,
 0.7524000E+01, 0.1399702E+02, 0.7940627E+00, 0.0000000E+00, 0.1256217E+01, 0.1164232E+02, 0.1369260E+02,
 0.7526000E+01, 0.1399702E+02, 0.7871011E+00, 0.0000000E+00, 0.1256507E+01, 0.1164899E+02, 0.1369260E+02,
 0.7528000E+01, 0.1399702E+02, 0.7801464E+00, 0.0000000E+00, 0.1256796E+01, 0.1165566E+02, 0.1369260E+02,
 0.7530000E+01, 0.1399702E+02, 0.7731986E+00, 0.0000000E+00, 0.1257085E+01, 0.1166231E+02, 0.1369260E+02,
 0.7532000E+01, 0.1399702E+02, 0.7662576E+00, 0.0000000E+00, 0.1257374E+01, 0.1166897E+02, 0.1369260E+02,
 0.7534000E+01, 0.1399702E+02, 0.7593233E+00, 0.0000000E+00, 0.1257663E+01, 0.1167561E+02, 0.1369260E+02,
 0.7536000E+01, 0.1399702E+02, 0.7523957E+00, 0.0000000E+00, 0.1257952E+01, 0.1168225E+02, 0.1369260E+02,
 0.7538000E+01, 0.1399702E+02, 0.7454749E+00, 0.0000000E+00, 0.1258240E+01, 0.1168888E+02, 0.1369260E+02,
 0.7540000E+01, 0.1399702E+02, 0.7385606E+00, 0.0000000E+00, 0.1258529E+01, 0.1169551E+02, 0.1369260E+02,
 0.7542000E+01, 0.1399702E+02, 0.7316529E+00, 0.0000000E+00, 0.1258817E+01, 0.1170213E+02, 0.1369260E+02,
 0.7544000E+01, 0.1399702E+02, 0.7247517E+00, 0.0000000E+00, 0.1259105E+01, 0.1170874E+02, 0.1369260E+02,
 0.7546000E+01, 0.1399702E+02, 0.7178570E+00, 0.0000000E+00, 0.1259393E+01, 0.1171535E+02, 0.1369260E+02,
 0.7548000E+01, 0.1399702E+02, 0.7109687E+00, 0.0000000E+00, 0.1259681E+01, 0.1172195E+02, 0.1369260E+02,
 0.7550000E+01, 0.1399702E+02, 0.7040869E+00, 0.0000000E+00, 0.1259969E+01, 0.1172854E+02, 0.1369260E+02,
 0.7552000E+01, 0.1399702E+02, 0.6972114E+00, 0.0000000E+00, 0.1260256E+01, 0.1173513E+02, 0.1369260E+02,
 0.7554000E+01, 0.1399702E+02, 0.6903422E+00, 0.0000000E+00, 0.1260543E+01, 0.1174171E+02, 0.1369260E+02,
 0.7556000E+01, 0.1399702E+02, 0.6834793E+00, 0.0000000E+00, 0.1260830E+01, 0.1174829E+02, 0.1369260E+02,
 0.7558000E+01, 0.1399702E+02, 0.6766227E+00, 0.0000000E+00, 0.1261117E+01, 0.1175486E+02, 0.1369260E+02,
 0.7560000E+01, 0.1399702E+02, 0.6697722E+00, 0.0000000E+00, 0.1261404E+01, 0.1176142E+02, 0.1369260E+02,
 0.7562000E+01, 0.1399702E+02, 0.6629279E+00, 0.0000000E+00, 0.1261690E+01, 0.1176798E+02, 0.1369260E+02,
 0.7564000E+01, 0.1399702E+02, 0.6560897E+00, 0.0000000E+00, 0.1261977E+01, 0.1177453E+02, 0.1369260E+02,
 0.7566000E+01, 0.1399702E+02, 0.6492575E+00, 0.0000000E+00, 0.1262263E+01, 0.1178108E+02, 0.1369260E+02,
 0.7568000E+01, 0.1399702E+02, 0.6424315E+00, 0.0000000E+00, 0.1262549E+01, 0.1178762E+02, 0.1369260E+02,
 0.7570000E+01, 0.1399702E+02, 0.6356114E+00, 0.0000000E+00, 0.1262835E+01, 0.1179415E+02, 0.1369260E+02,
 0.7572000E+01, 0.1399702E+02, 0.6287974E+00, 0.0000000E+00, 0.1263120E+01, 0.1180068E+02, 0.1369260E+02,
 0.7574000E+01, 0.1399702E+02, 0.6219892E+00, 0.0000000E+00, 0.1263406E+01, 0.1180720E+02, 0.1369260E+02,
 0.7576000E+01, 0.1399702E+02, 0.6151869E+00, 0.0000000E+00, 0.1263691E+01, 0.1181372E+02, 0.1369260E+02,
 0.7578000E+01, 0.1399702E+02, 0.6083905E+00, 0.0000000E+00, 0.1263976E+01, 0.1182023E+02, 0.1369260E+02,
 0.7580000E+01, 0.1399702E+02, 0.6015999E+00, 0.0000000E+00, 0.1264261E+01, 0.1182674E+02, 0.1369260E+02,
 0.7582000E+01, 0.1399702E+02, 0.5948152E+00, 0.0000000E+00, 0.1264545E+01, 0.1183324E+02, 0.1369260E+02,
 0.7584000E+01, 0.1399702E+02, 0.5880362E+00, 0.0000000E+00, 0.1264830E+01, 0.1183973E+02, 0.1369260E+02,
 0.7586000E+01, 0.1399702E+02, 0.5812629E+00, 0.0000000E+00, 0.1265114E+01, 0.1184622E+02, 0.1369260E+02,
 0.7588000E+01, 0.1399702E+02, 0.5744953E+00, 0.0000000E+00, 0.1265398E+01, 0.1185271E+02, 0.1369260E+02,
 0.7590000E+01, 0.1399702E+02, 0.5677334E+00, 0.0000000E+00, 0.1265682E+01, 0.1185918E+02, 0.1369260E+02,
 0.7592000E+01, 0.1399702E+02, 0.5609771E+00, 0.0000000E+00, 0.1265965E+01, 0.1186566E+02, 0.1369260E+02,
 0.7594000E+01, 0.1399702E+02, 0.5542265E+00, 0.0000000E+00, 0.1266248E+01, 0.1187212E+02, 0.1369260E+02,
 0.7596000E+01, 0.1399702E+02, 0.5474814E+00, 0.0000000E+00, 0.1266532E+01, 0.1187859E+02, 0.1369260E+02,
 0.7598000E+01, 0.1399702E+02, 0.5407417E+00, 0.0000000E+00, 0.1266814E+01, 0.1188504E+02, 0.1369260E+02,
 0.7600000E+01, 0.1399702E+02, 0.5340077E+00, 0.0000000E+00, 0.1267097E+01, 0.1189149E+02, 0.1369260E+02,
 0.7602000E+01, 0.1399702E+02, 0.5272791E+00, 0.0000000E+00, 0.1267380E+01, 0.1189794E+02, 0.1369260E+02,
 0.7604000E+01, 0.1399702E+02, 0.5205560E+00, 0.0000000E+00, 0.1267662E+01, 0.1190438E+02, 0.1369260E+02,
 0.7606000E+01, 0.1399702E+02, 0.5138382E+00, 0.0000000E+00, 0.1267944E+01, 0.1191082E+02, 0.1369260E+02,
 0.7608000E+01, 0.1399702E+02, 0.5071259E+00, 0.0000000E+00, 0.1268226E+01, 0.1191725E+02, 0.1369260E+02,
 0.7610000E+01, 0.1399702E+02, 0.5004190E+00, 0.0000000E+00, 0.1268507E+01, 0.1192367E+02, 0.1369260E+02,
 0.7612000E+01, 0.1399702E+02, 0.4937173E+00, 0.0000000E+00, 0.1268788E+01, 0.1193009E+02, 0.1369260E+02,
 0.7614000E+01, 0.1399702E+02, 0.4870210E+00, 0.0000000E+00, 0.1269069E+01, 0.1193651E+02, 0.1369260E+02,
 0.7616000E+01, 0.1399702E+02, 0.4803300E+00, 0.0000000E+00, 0.1269350E+01, 0.1194292E+02, 0.1369260E+02,
 0.7618000E+01, 0.1399702E+02, 0.4736442E+00, 0.0000000E+00, 0.1269631E+01, 0.1194932E+02, 0.1369260E+02,
 0.7620000E+01, 0.1399702E+02, 0.4669636E+00, 0.0000000E+00, 0.1269911E+01, 0.1195572E+02, 0.1369260E+02,
 0.7622000E+01, 0.1399702E+02, 0.4602882E+00, 0.0000000E+00, 0.1270191E+01, 0.1196212E+02, 0.1369260E+02,
 0.7624000E+01, 0.1399702E+02, 0.4536180E+00, 0.0000000E+00, 0.1270471E+01, 0.1196851E+02, 0.1369260E+02,
 0.7626000E+01, 0.1399702E+02, 0.4469529E+00, 0.0000000E+00, 0.1270751E+01, 0.1197489E+02, 0.1369260E+02,
 0.7628000E+01, 0.1399702E+02, 0.4402930E+00, 0.0000000E+00, 0.1271030E+01, 0.1198127E+02, 0.1369260E+02,
 0.7630000E+01, 0.1399702E+02, 0.4336381E+00, 0.0000000E+00, 0.1271310E+01, 0.1198765E+02, 0.1369260E+02,
 0.7632000E+01, 0.1399702E+02, 0.4269883E+00, 0.0000000E+00, 0.1271589E+01, 0.1199402E+02, 0.1369260E+02,
 0.7634000E+01, 0.1399702E+02, 0.4203436E+00, 0.0000000E+00, 0.1271867E+01, 0.1200039E+02, 0.1369260E+02,
 0.7636000E+01, 0.1399702E+02, 0.4137039E+00, 0.0000000E+00, 0.1272146E+01, 0.1200675E+02, 0.1369260E+02,
 0.7638000E+01, 0.1399702E+02, 0.4070691E+00, 0.0000000E+00, 0.1272424E+01, 0.1201311E+02, 0.1369260E+02,
 0.7640000E+01, 0.1399702E+02, 0.4004393E+00, 0.0000000E+00, 0.1272702E+01, 0.1201946E+02, 0.1369260E+02,
 0.7642000E+01, 0.1399702E+02, 0.3938145E+00, 0.0000000E+00, 0.1272980E+01, 0.1202580E+02, 0.1369260E+02,
 0.7644000E+01, 0.1399702E+02, 0.3871946E+00, 0.0000000E+00, 0.1273257E+01, 0.1203215E+02, 0.1369260E+02,
 0.7646000E+01, 0.1399702E+02, 0.3805796E+00, 0.0000000E+00, 0.1273535E+01, 0.1203848E+02, 0.1369260E+02,
 0.7648000E+01, 0.1399702E+02, 0.3739694E+00, 0.0000000E+00, 0.1273812E+01, 0.1204482E+02, 0.1369260E+02,
 0.7650000E+01, 0.1399702E+02, 0.3673641E+00, 0.0000000E+00, 0.1274088E+01, 0.1205115E+02, 0.1369260E+02,
 0.7652000E+01, 0.1399702E+02, 0.3607637E+00, 0.0000000E+00, 0.1274365E+01, 0.1205747E+02, 0.1369260E+02,
 0.7654000E+01, 0.1399702E+02, 0.3541680E+00, 0.0000000E+00, 0.1274641E+01, 0.1206379E+02, 0.1369260E+02,
 0.7656000E+01, 0.1399702E+02, 0.3475771E+00, 0.0000000E+00, 0.1274917E+01, 0.1207010E+02, 0.1369260E+02,
 0.7658000E+01, 0.1399702E+02, 0.3409910E+00, 0.0000000E+00, 0.1275193E+01, 0.1207641E+02, 0.1369260E+02,
 0.7660000E+01, 0.1399702E+02, 0.3344096E+00, 0.0000000E+00, 0.1275469E+01, 0.1208272E+02, 0.1369260E+02,
 0.7662000E+01, 0.1399702E+02, 0.3278329E+00, 0.0000000E+00, 0.1275744E+01, 0.1208902E+02, 0.1369260E+02,
 0.7664000E+01, 0.1399702E+02, 0.3212609E+00, 0.0000000E+00, 0.1276019E+01, 0.1209532E+02, 0.1369260E+02,
 0.7666000E+01, 0.1399702E+02, 0.3146936E+00, 0.0000000E+00, 0.1276294E+01, 0.1210161E+02, 0.1369260E+02,
 0.7668000E+01, 0.1399702E+02, 0.3081309E+00, 0.0000000E+00, 0.1276568E+01, 0.1210790E+02, 0.1369260E+02,
 0.7670000E+01, 0.1399702E+02, 0.3015729E+00, 0.0000000E+00, 0.1276843E+01, 0.1211418E+02, 0.1369260E+02,
 0.7672000E+01, 0.1399702E+02, 0.2950195E+00, 0.0000000E+00, 0.1277117E+01, 0.1212046E+02, 0.1369260E+02,
 0.7674000E+01, 0.1399702E+02, 0.2884707E+00, 0.0000000E+00, 0.1277391E+01, 0.1212674E+02, 0.1369260E+02,
 0.7676000E+01, 0.1399702E+02, 0.2819264E+00, 0.0000000E+00, 0.1277664E+01, 0.1213301E+02, 0.1369260E+02,
 0.7678000E+01, 0.1399702E+02, 0.2753867E+00, 0.0000000E+00, 0.1277937E+01, 0.1213927E+02, 0.1369260E+02,
 0.7680000E+01, 0.1399702E+02, 0.2688515E+00, 0.0000000E+00, 0.1278211E+01, 0.1214554E+02, 0.1369260E+02,
 0.7682000E+01, 0.1399702E+02, 0.2623208E+00, 0.0000000E+00, 0.1278483E+01, 0.1215179E+02, 0.1369260E+02,
 0.7684000E+01, 0.1399702E+02, 0.2557946E+00, 0.0000000E+00, 0.1278756E+01, 0.1215805E+02, 0.1369260E+02,
 0.7686000E+01, 0.1399702E+02, 0.2492729E+00, 0.0000000E+00, 0.1279028E+01, 0.1216430E+02, 0.1369260E+02,
 0.7688000E+01, 0.1399702E+02, 0.2427556E+00, 0.0000000E+00, 0.1279300E+01, 0.1217054E+02, 0.1369260E+02,
 0.7690000E+01, 0.1399702E+02, 0.2362427E+00, 0.0000000E+00, 0.1279572E+01, 0.1217678E+02, 0.1369260E+02,
 0.7692000E+01, 0.1399702E+02, 0.2297343E+00, 0.0000000E+00, 0.1279844E+01, 0.1218302E+02, 0.1369260E+02,
 0.7694000E+01, 0.1399702E+02, 0.2232302E+00, 0.0000000E+00, 0.1280115E+01, 0.1218925E+02, 0.1369260E+02,
 0.7696000E+01, 0.1399702E+02, 0.2167305E+00, 0.0000000E+00, 0.1280386E+01, 0.1219548E+02, 0.1369260E+02,
 0.7698000E+01, 0.1399702E+02, 0.2102352E+00, 0.0000000E+00, 0.1280657E+01, 0.1220171E+02, 0.1369260E+02,
 0.7700000E+01, 0.1399702E+02, 0.2037442E+00, 0.0000000E+00, 0.1280927E+01, 0.1220793E+02, 0.1369260E+02,
 0.7702000E+01, 0.1399702E+02, 0.1972576E+00, 0.0000000E+00, 0.1281198E+01, 0.1221414E+02, 0.1369260E+02,
 0.7704000E+01, 0.1399702E+02, 0.1907752E+00, 0.0000000E+00, 0.1281468E+01, 0.1222036E+02, 0.1369260E+02,
 0.7706000E+01, 0.1399702E+02, 0.1842971E+00, 0.0000000E+00, 0.1281738E+01, 0.1222656E+02, 0.1369260E+02,
 0.7708000E+01, 0.1399702E+02, 0.1778233E+00, 0.0000000E+00, 0.1282007E+01, 0.1223277E+02, 0.1369260E+02,
 0.7710000E+01, 0.1399702E+02, 0.1713537E+00, 0.0000000E+00, 0.1282276E+01, 0.1223897E+02, 0.1369260E+02,
 0.7712000E+01, 0.1399702E+02, 0.1648884E+00, 0.0000000E+00, 0.1282545E+01, 0.1224516E+02, 0.1369260E+02,
 0.7714000E+01, 0.1399702E+02, 0.1584272E+00, 0.0000000E+00, 0.1282814E+01, 0.1225136E+02, 0.1369260E+02,
 0.7716000E+01, 0.1399702E+02, 0.1519703E+00, 0.0000000E+00, 0.1283083E+01, 0.1225755E+02, 0.1369260E+02,
 0.7718000E+01, 0.1399702E+02, 0.1455175E+00, 0.0000000E+00, 0.1283351E+01, 0.1226373E+02, 0.1369260E+02,
 0.7720000E+01, 0.1399702E+02, 0.1390689E+00, 0.0000000E+00, 0.1283619E+01, 0.1226991E+02, 0.1369260E+02,
 0.7722000E+01, 0.1399702E+02, 0.1326245E+00, 0.0000000E+00, 0.1283887E+01, 0.1227609E+02, 0.1369260E+02,
 0.7724000E+01, 0.1399702E+02, 0.1261842E+00, 0.0000000E+00, 0.1284154E+01, 0.1228226E+02, 0.1369260E+02,
 0.7726000E+01, 0.1399702E+02, 0.1197480E+00, 0.0000000E+00, 0.1284422E+01, 0.1228843E+02, 0.1369260E+02,
 0.7728000E+01, 0.1399702E+02, 0.1133158E+00, 0.0000000E+00, 0.1284689E+01, 0.1229459E+02, 0.1369260E+02,
 0.7730000E+01, 0.1399702E+02, 0.1068878E+00, 0.0000000E+00, 0.1284955E+01, 0.1230076E+02, 0.1369260E+02,
 0.7732000E+01, 0.1399702E+02, 0.1004638E+00, 0.0000000E+00, 0.1285222E+01, 0.1230691E+02, 0.1369260E+02,
 0.7734000E+01, 0.1399702E+02, 0.9404392E-01, 0.0000000E+00, 0.1285488E+01, 0.1231307E+02, 0.1369260E+02,
 0.7736000E+01, 0.1399702E+02, 0.8762804E-01, 0.0000000E+00, 0.1285754E+01, 0.1231922E+02, 0.1369260E+02,
 0.7738000E+01, 0.1399702E+02, 0.8121617E-01, 0.0000000E+00, 0.1286020E+01, 0.1232536E+02, 0.1369260E+02,
 0.7740000E+01, 0.1399702E+02, 0.7480831E-01, 0.0000000E+00, 0.1286285E+01, 0.1233150E+02, 0.1369260E+02,
 0.7742000E+01, 0.1399702E+02, 0.6840443E-01, 0.0000000E+00, 0.1286551E+01, 0.1233764E+02, 0.1369260E+02,
 0.7744000E+01, 0.1399702E+02, 0.6200452E-01, 0.0000000E+00, 0.1286816E+01, 0.1234378E+02, 0.1369260E+02,
 0.7746000E+01, 0.1399702E+02, 0.5560858E-01, 0.0000000E+00, 0.1287080E+01, 0.1234991E+02, 0.1369260E+02,
 0.7748000E+01, 0.1399702E+02, 0.4921657E-01, 0.0000000E+00, 0.1287345E+01, 0.1235604E+02, 0.1369260E+02,
 0.7750000E+01, 0.1399702E+02, 0.4282850E-01, 0.0000000E+00, 0.1287609E+01, 0.1236216E+02, 0.1369260E+02,
 0.7752000E+01, 0.1399702E+02, 0.3644433E-01, 0.0000000E+00, 0.1287873E+01, 0.1236828E+02, 0.1369260E+02,
 0.7754000E+01, 0.1399702E+02, 0.3006407E-01, 0.0000000E+00, 0.1288137E+01, 0.1237440E+02, 0.1369260E+02,
 0.7756000E+01, 0.1399702E+02, 0.2368769E-01, 0.0000000E+00, 0.1288400E+01, 0.1238051E+02, 0.1369260E+02,
 0.7758000E+01, 0.1399702E+02, 0.1731518E-01, 0.0000000E+00, 0.1288664E+01, 0.1238662E+02, 0.1369260E+02,
 0.7760000E+01, 0.1399702E+02, 0.1094653E-01, 0.0000000E+00, 0.1288927E+01, 0.1239272E+02, 0.1369260E+02,
 0.7762000E+01, 0.1399702E+02, 0.4581722E-02, 0.0000000E+00, 0.1289189E+01, 0.1239883E+02, 0.1369260E+02,
 0.7764000E+01, 0.1399702E+02,-0.1779258E-02, 0.0000000E+00, 0.1289452E+01, 0.1240493E+02, 0.1369260E+02,
 0.7766000E+01, 0.1399702E+02,-0.8136422E-02, 0.0000000E+00, 0.1289714E+01, 0.1241102E+02, 0.1369260E+02,
 0.7768000E+01, 0.1399702E+02,-0.1448979E-01, 0.0000000E+00, 0.1289976E+01, 0.1241711E+02, 0.1369260E+02,
 0.7770000E+01, 0.1399702E+02,-0.2083936E-01, 0.0000000E+00, 0.1290238E+01, 0.1242320E+02, 0.1369260E+02,
 0.7772000E+01, 0.1399702E+02,-0.2718516E-01, 0.0000000E+00, 0.1290499E+01, 0.1242928E+02, 0.1369260E+02,
 0.7774000E+01, 0.1399702E+02,-0.3352720E-01, 0.0000000E+00, 0.1290761E+01, 0.1243536E+02, 0.1369260E+02,
 0.7776000E+01, 0.1399702E+02,-0.3986549E-01, 0.0000000E+00, 0.1291021E+01, 0.1244144E+02, 0.1369260E+02,
 0.7778000E+01, 0.1399702E+02,-0.4620004E-01, 0.0000000E+00, 0.1291282E+01, 0.1244752E+02, 0.1369260E+02,
 0.7780000E+01, 0.1399702E+02,-0.5253088E-01, 0.0000000E+00, 0.1291543E+01, 0.1245359E+02, 0.1369260E+02,
 0.7782000E+01, 0.1399702E+02,-0.5885800E-01, 0.0000000E+00, 0.1291803E+01, 0.1245965E+02, 0.1369260E+02,
 0.7784000E+01, 0.1399702E+02,-0.6518143E-01, 0.0000000E+00, 0.1292063E+01, 0.1246572E+02, 0.1369260E+02,
 0.7786000E+01, 0.1399702E+02,-0.7150117E-01, 0.0000000E+00, 0.1292323E+01, 0.1247178E+02, 0.1369260E+02,
 0.7788000E+01, 0.1399702E+02,-0.7781724E-01, 0.0000000E+00, 0.1292582E+01, 0.1247783E+02, 0.1369260E+02,
 0.7790000E+01, 0.1399702E+02,-0.8412965E-01, 0.0000000E+00, 0.1292841E+01, 0.1248389E+02, 0.1369260E+02,
 0.7792000E+01, 0.1399702E+02,-0.9043840E-01, 0.0000000E+00, 0.1293100E+01, 0.1248994E+02, 0.1369260E+02,
 0.7794000E+01, 0.1399702E+02,-0.9674353E-01, 0.0000000E+00, 0.1293359E+01, 0.1249598E+02, 0.1369260E+02,
 0.7796000E+01, 0.1399702E+02,-0.1030450E+00, 0.0000000E+00, 0.1293618E+01, 0.1250203E+02, 0.1369260E+02,
 0.7798000E+01, 0.1399702E+02,-0.1093429E+00, 0.0000000E+00, 0.1293876E+01, 0.1250807E+02, 0.1369260E+02,
 0.7800000E+01, 0.1399702E+02,-0.1156372E+00, 0.0000000E+00, 0.1294134E+01, 0.1251410E+02, 0.1369260E+02,
 0.7802000E+01, 0.1399702E+02,-0.1219279E+00, 0.0000000E+00, 0.1294392E+01, 0.1252013E+02, 0.1369260E+02,
 0.7804000E+01, 0.1399702E+02,-0.1282150E+00, 0.0000000E+00, 0.1294649E+01, 0.1252616E+02, 0.1369260E+02,
 0.7806000E+01, 0.1399702E+02,-0.1344986E+00, 0.0000000E+00, 0.1294906E+01, 0.1253219E+02, 0.1369260E+02,
 0.7808000E+01, 0.1399702E+02,-0.1407786E+00, 0.0000000E+00, 0.1295164E+01, 0.1253821E+02, 0.1369260E+02,
 0.7810000E+01, 0.1399702E+02,-0.1470551E+00, 0.0000000E+00, 0.1295420E+01, 0.1254423E+02, 0.1369260E+02,
 0.7812000E+01, 0.1399702E+02,-0.1533280E+00, 0.0000000E+00, 0.1295677E+01, 0.1255025E+02, 0.1369260E+02,
 0.7814000E+01, 0.1399702E+02,-0.1595974E+00, 0.0000000E+00, 0.1295933E+01, 0.1255626E+02, 0.1369260E+02,
 0.7816000E+01, 0.1399702E+02,-0.1658634E+00, 0.0000000E+00, 0.1296189E+01, 0.1256227E+02, 0.1369260E+02,
 0.7818000E+01, 0.1399702E+02,-0.1721258E+00, 0.0000000E+00, 0.1296445E+01, 0.1256828E+02, 0.1369260E+02,
 0.7820000E+01, 0.1399702E+02,-0.1783847E+00, 0.0000000E+00, 0.1296701E+01, 0.1257428E+02, 0.1369260E+02,
 0.7822000E+01, 0.1399702E+02,-0.1846401E+00, 0.0000000E+00, 0.1296956E+01, 0.1258028E+02, 0.1369260E+02,
 0.7824000E+01, 0.1399702E+02,-0.1908921E+00, 0.0000000E+00, 0.1297211E+01, 0.1258628E+02, 0.1369260E+02,
 0.7826000E+01, 0.1399702E+02,-0.1971406E+00, 0.0000000E+00, 0.1297466E+01, 0.1259227E+02, 0.1369260E+02,
 0.7828000E+01, 0.1399702E+02,-0.2033857E+00, 0.0000000E+00, 0.1297720E+01, 0.1259826E+02, 0.1369260E+02,
 0.7830000E+01, 0.1399702E+02,-0.2096274E+00, 0.0000000E+00, 0.1297975E+01, 0.1260425E+02, 0.1369260E+02,
 0.7832000E+01, 0.1399702E+02,-0.2158656E+00, 0.0000000E+00, 0.1298229E+01, 0.1261024E+02, 0.1369260E+02,
 0.7834000E+01, 0.1399702E+02,-0.2221004E+00, 0.0000000E+00, 0.1298483E+01, 0.1261622E+02, 0.1369260E+02,
 0.7836000E+01, 0.1399702E+02,-0.2283318E+00, 0.0000000E+00, 0.1298736E+01, 0.1262219E+02, 0.1369260E+02,
 0.7838000E+01, 0.1399702E+02,-0.2345598E+00, 0.0000000E+00, 0.1298990E+01, 0.1262817E+02, 0.1369260E+02,
 0.7840000E+01, 0.1399702E+02,-0.2407845E+00, 0.0000000E+00, 0.1299243E+01, 0.1263414E+02, 0.1369260E+02,
 0.7842000E+01, 0.1399702E+02,-0.2470057E+00, 0.0000000E+00, 0.1299496E+01, 0.1264011E+02, 0.1369260E+02,
 0.7844000E+01, 0.1399702E+02,-0.2532236E+00, 0.0000000E+00, 0.1299748E+01, 0.1264607E+02, 0.1369260E+02,
 0.7846000E+01, 0.1399702E+02,-0.2594381E+00, 0.0000000E+00, 0.1300001E+01, 0.1265204E+02, 0.1369260E+02,
 0.7848000E+01, 0.1399702E+02,-0.2656493E+00, 0.0000000E+00, 0.1300253E+01, 0.1265799E+02, 0.1369260E+02,
 0.7850000E+01, 0.1399702E+02,-0.2718572E+00, 0.0000000E+00, 0.1300505E+01, 0.1266395E+02, 0.1369260E+02,
 0.7852000E+01, 0.1399702E+02,-0.2780617E+00, 0.0000000E+00, 0.1300757E+01, 0.1266990E+02, 0.1369260E+02,
 0.7854000E+01, 0.1399702E+02,-0.2842629E+00, 0.0000000E+00, 0.1301008E+01, 0.1267585E+02, 0.1369260E+02,
 0.7856000E+01, 0.1399702E+02,-0.2904608E+00, 0.0000000E+00, 0.1301259E+01, 0.1268180E+02, 0.1369260E+02,
 0.7858000E+01, 0.1399702E+02,-0.2966554E+00, 0.0000000E+00, 0.1301510E+01, 0.1268774E+02, 0.1369260E+02,
 0.7860000E+01, 0.1399702E+02,-0.3028468E+00, 0.0000000E+00, 0.1301761E+01, 0.1269368E+02, 0.1369260E+02,
 0.7862000E+01, 0.1399702E+02,-0.3090348E+00, 0.0000000E+00, 0.1302011E+01, 0.1269962E+02, 0.1369260E+02,
 0.7864000E+01, 0.1399702E+02,-0.3152196E+00, 0.0000000E+00, 0.1302262E+01, 0.1270556E+02, 0.1369260E+02,
 0.7866000E+01, 0.1399702E+02,-0.3214011E+00, 0.0000000E+00, 0.1302512E+01, 0.1271149E+02, 0.1369260E+02,
 0.7868000E+01, 0.1399702E+02,-0.3275793E+00, 0.0000000E+00, 0.1302762E+01, 0.1271742E+02, 0.1369260E+02,
 0.7870000E+01, 0.1399702E+02,-0.3337544E+00, 0.0000000E+00, 0.1303011E+01, 0.1272334E+02, 0.1369260E+02,
 0.7872000E+01, 0.1399702E+02,-0.3399261E+00, 0.0000000E+00, 0.1303260E+01, 0.1272926E+02, 0.1369260E+02,
 0.7874000E+01, 0.1399702E+02,-0.3460947E+00, 0.0000000E+00, 0.1303509E+01, 0.1273518E+02, 0.1369260E+02,
 0.7876000E+01, 0.1399702E+02,-0.3522600E+00, 0.0000000E+00, 0.1303758E+01, 0.1274110E+02, 0.1369260E+02,
 0.7878000E+01, 0.1399702E+02,-0.3584221E+00, 0.0000000E+00, 0.1304007E+01, 0.1274701E+02, 0.1369260E+02,
 0.7880000E+01, 0.1399702E+02,-0.3645810E+00, 0.0000000E+00, 0.1304255E+01, 0.1275292E+02, 0.1369260E+02,
 0.7882000E+01, 0.1399702E+02,-0.3707367E+00, 0.0000000E+00, 0.1304503E+01, 0.1275883E+02, 0.1369260E+02,
 0.7884000E+01, 0.1399702E+02,-0.3768893E+00, 0.0000000E+00, 0.1304751E+01, 0.1276474E+02, 0.1369260E+02,
 0.7886000E+01, 0.1399702E+02,-0.3830386E+00, 0.0000000E+00, 0.1304999E+01, 0.1277064E+02, 0.1369260E+02,
 0.7888000E+01, 0.1399702E+02,-0.3891848E+00, 0.0000000E+00, 0.1305246E+01, 0.1277654E+02, 0.1369260E+02,
 0.7890000E+01, 0.1399702E+02,-0.3953279E+00, 0.0000000E+00, 0.1305494E+01, 0.1278243E+02, 0.1369260E+02,
 0.7892000E+01, 0.1399702E+02,-0.4014677E+00, 0.0000000E+00, 0.1305741E+01, 0.1278833E+02, 0.1369260E+02,
 0.7894000E+01, 0.1399702E+02,-0.4076045E+00, 0.0000000E+00, 0.1305987E+01, 0.1279422E+02, 0.1369260E+02,
 0.7896000E+01, 0.1399702E+02,-0.4137381E+00, 0.0000000E+00, 0.1306234E+01, 0.1280010E+02, 0.1369260E+02,
 0.7898000E+01, 0.1399702E+02,-0.4198685E+00, 0.0000000E+00, 0.1306480E+01, 0.1280599E+02, 0.1369260E+02,
 0.7900000E+01, 0.1399702E+02,-0.4259959E+00, 0.0000000E+00, 0.1306726E+01, 0.1281187E+02, 0.1369260E+02,
 0.7902000E+01, 0.1399702E+02,-0.4321201E+00, 0.0000000E+00, 0.1306972E+01, 0.1281775E+02, 0.1369260E+02,
 0.7904000E+01, 0.1399702E+02,-0.4382412E+00, 0.0000000E+00, 0.1307218E+01, 0.1282362E+02, 0.1369260E+02,
 0.7906000E+01, 0.1399702E+02,-0.4443592E+00, 0.0000000E+00, 0.1307463E+01, 0.1282949E+02, 0.1369260E+02,
 0.7908000E+01, 0.1399702E+02,-0.4504741E+00, 0.0000000E+00, 0.1307708E+01, 0.1283536E+02, 0.1369260E+02,
 0.7910000E+01, 0.1399702E+02,-0.4565859E+00, 0.0000000E+00, 0.1307953E+01, 0.1284123E+02, 0.1369260E+02,
 0.7912000E+01, 0.1399702E+02,-0.4626947E+00, 0.0000000E+00, 0.1308197E+01, 0.1284710E+02, 0.1369260E+02,
 0.7914000E+01, 0.1399702E+02,-0.4688004E+00, 0.0000000E+00, 0.1308442E+01, 0.1285296E+02, 0.1369260E+02,
 0.7916000E+01, 0.1399702E+02,-0.4749030E+00, 0.0000000E+00, 0.1308686E+01, 0.1285882E+02, 0.1369260E+02,
 0.7918000E+01, 0.1399702E+02,-0.4810026E+00, 0.0000000E+00, 0.1308930E+01, 0.1286467E+02, 0.1369260E+02,
 0.7920000E+01, 0.1399702E+02,-0.4870991E+00, 0.0000000E+00, 0.1309174E+01, 0.1287052E+02, 0.1369260E+02,
 0.7922000E+01, 0.1399702E+02,-0.4931925E+00, 0.0000000E+00, 0.1309417E+01, 0.1287637E+02, 0.1369260E+02,
 0.7924000E+01, 0.1399702E+02,-0.4992830E+00, 0.0000000E+00, 0.1309661E+01, 0.1288222E+02, 0.1369260E+02,
 0.7926000E+01, 0.1399702E+02,-0.5053704E+00, 0.0000000E+00, 0.1309904E+01, 0.1288807E+02, 0.1369260E+02,
 0.7928000E+01, 0.1399702E+02,-0.5114547E+00, 0.0000000E+00, 0.1310147E+01, 0.1289391E+02, 0.1369260E+02,
 0.7930000E+01, 0.1399702E+02,-0.5175361E+00, 0.0000000E+00, 0.1310389E+01, 0.1289974E+02, 0.1369260E+02,
 0.7932000E+01, 0.1399702E+02,-0.5236144E+00, 0.0000000E+00, 0.1310632E+01, 0.1290558E+02, 0.1369260E+02,
 0.7934000E+01, 0.1399702E+02,-0.5296898E+00, 0.0000000E+00, 0.1310874E+01, 0.1291141E+02, 0.1369260E+02,
 0.7936000E+01, 0.1399702E+02,-0.5357621E+00, 0.0000000E+00, 0.1311116E+01, 0.1291724E+02, 0.1369260E+02,
 0.7938000E+01, 0.1399702E+02,-0.5418315E+00, 0.0000000E+00, 0.1311357E+01, 0.1292307E+02, 0.1369260E+02,
 0.7940000E+01, 0.1399702E+02,-0.5478978E+00, 0.0000000E+00, 0.1311599E+01, 0.1292890E+02, 0.1369260E+02,
 0.7942000E+01, 0.1399702E+02,-0.5539612E+00, 0.0000000E+00, 0.1311840E+01, 0.1293472E+02, 0.1369260E+02,
 0.7944000E+01, 0.1399702E+02,-0.5600216E+00, 0.0000000E+00, 0.1312081E+01, 0.1294054E+02, 0.1369260E+02,
 0.7946000E+01, 0.1399702E+02,-0.5660791E+00, 0.0000000E+00, 0.1312322E+01, 0.1294636E+02, 0.1369260E+02,
 0.7948000E+01, 0.1399702E+02,-0.5721336E+00, 0.0000000E+00, 0.1312562E+01, 0.1295217E+02, 0.1369260E+02,
 0.7950000E+01, 0.1399702E+02,-0.5781851E+00, 0.0000000E+00, 0.1312803E+01, 0.1295798E+02, 0.1369260E+02,
 0.7952000E+01, 0.1399702E+02,-0.5842337E+00, 0.0000000E+00, 0.1313043E+01, 0.1296379E+02, 0.1369260E+02,
 0.7954000E+01, 0.1399702E+02,-0.5902794E+00, 0.0000000E+00, 0.1313283E+01, 0.1296959E+02, 0.1369260E+02,
 0.7956000E+01, 0.1399702E+02,-0.5963221E+00, 0.0000000E+00, 0.1313522E+01, 0.1297540E+02, 0.1369260E+02,
 0.7958000E+01, 0.1399702E+02,-0.6023619E+00, 0.0000000E+00, 0.1313762E+01, 0.1298120E+02, 0.1369260E+02,
 0.7960000E+01, 0.1399702E+02,-0.6083987E+00, 0.0000000E+00, 0.1314001E+01, 0.1298700E+02, 0.1369260E+02,
 0.7962000E+01, 0.1399702E+02,-0.6144327E+00, 0.0000000E+00, 0.1314240E+01, 0.1299279E+02, 0.1369260E+02,
 0.7964000E+01, 0.1399702E+02,-0.6204637E+00, 0.0000000E+00, 0.1314479E+01, 0.1299858E+02, 0.1369260E+02,
 0.7966000E+01, 0.1399702E+02,-0.6264918E+00, 0.0000000E+00, 0.1314717E+01, 0.1300437E+02, 0.1369260E+02,
 0.7968000E+01, 0.1399702E+02,-0.6325170E+00, 0.0000000E+00, 0.1314956E+01, 0.1301016E+02, 0.1369260E+02,
 0.7970000E+01, 0.1399702E+02,-0.6385393E+00, 0.0000000E+00, 0.1315194E+01, 0.1301594E+02, 0.1369260E+02,
 0.7972000E+01, 0.1399702E+02,-0.6445588E+00, 0.0000000E+00, 0.1315432E+01, 0.1302173E+02, 0.1369260E+02,
 0.7974000E+01, 0.1399702E+02,-0.6505753E+00, 0.0000000E+00, 0.1315669E+01, 0.1302750E+02, 0.1369260E+02,
 0.7976000E+01, 0.1399702E+02,-0.6565890E+00, 0.0000000E+00, 0.1315907E+01, 0.1303328E+02, 0.1369260E+02,
 0.7978000E+01, 0.1399702E+02,-0.6625997E+00, 0.0000000E+00, 0.1316144E+01, 0.1303905E+02, 0.1369260E+02,
 0.7980000E+01, 0.1399702E+02,-0.6686077E+00, 0.0000000E+00, 0.1316381E+01, 0.1304482E+02, 0.1369260E+02,
 0.7982000E+01, 0.1399702E+02,-0.6746127E+00, 0.0000000E+00, 0.1316618E+01, 0.1305059E+02, 0.1369260E+02,
 0.7984000E+01, 0.1399702E+02,-0.6806149E+00, 0.0000000E+00, 0.1316854E+01, 0.1305636E+02, 0.1369260E+02,
 0.7986000E+01, 0.1399702E+02,-0.6866142E+00, 0.0000000E+00, 0.1317091E+01, 0.1306212E+02, 0.1369260E+02,
 0.7988000E+01, 0.1399702E+02,-0.6926107E+00, 0.0000000E+00, 0.1317327E+01, 0.1306788E+02, 0.1369260E+02,
 0.7990000E+01, 0.1399702E+02,-0.6986043E+00, 0.0000000E+00, 0.1317563E+01, 0.1307364E+02, 0.1369260E+02,
 0.7992000E+01, 0.1399702E+02,-0.7045951E+00, 0.0000000E+00, 0.1317798E+01, 0.1307940E+02, 0.1369260E+02,
 0.7994000E+01, 0.1399702E+02,-0.7105831E+00, 0.0000000E+00, 0.1318034E+01, 0.1308515E+02, 0.1369260E+02,
 0.7996000E+01, 0.1399702E+02,-0.7165682E+00, 0.0000000E+00, 0.1318269E+01, 0.1309090E+02, 0.1369260E+02,
 0.7998000E+01, 0.1399702E+02,-0.7225506E+00, 0.0000000E+00, 0.1318504E+01, 0.1309664E+02, 0.1369260E+02,
 0.8000000E+01, 0.1399702E+02,-0.7285300E+00, 0.0000000E+00, 0.1318739E+01, 0.1310239E+02, 0.1369260E+02,
 0.8002000E+01, 0.1399702E+02,-0.7345067E+00, 0.0000000E+00, 0.1318974E+01, 0.1310813E+02, 0.1369260E+02,
 0.8004000E+01, 0.1399702E+02,-0.7404805E+00, 0.0000000E+00, 0.1319208E+01, 0.1311387E+02, 0.1369260E+02,
 0.8006000E+01, 0.1399702E+02,-0.7464516E+00, 0.0000000E+00, 0.1319442E+01, 0.1311961E+02, 0.1369260E+02,
 0.8008000E+01, 0.1399702E+02,-0.7524199E+00, 0.0000000E+00, 0.1319676E+01, 0.1312534E+02, 0.1369260E+02,
 0.8010000E+01, 0.1399702E+02,-0.7583853E+00, 0.0000000E+00, 0.1319910E+01, 0.1313107E+02, 0.1369260E+02,
 0.8012000E+01, 0.1399702E+02,-0.7643480E+00, 0.0000000E+00, 0.1320143E+01, 0.1313680E+02, 0.1369260E+02,
 0.8014000E+01, 0.1399702E+02,-0.7703078E+00, 0.0000000E+00, 0.1320377E+01, 0.1314253E+02, 0.1369260E+02,
 0.8016000E+01, 0.1399702E+02,-0.7762649E+00, 0.0000000E+00, 0.1320610E+01, 0.1314825E+02, 0.1369260E+02,
 0.8018000E+01, 0.1399702E+02,-0.7822192E+00, 0.0000000E+00, 0.1320843E+01, 0.1315397E+02, 0.1369260E+02,
 0.8020000E+01, 0.1399702E+02,-0.7881708E+00, 0.0000000E+00, 0.1321076E+01, 0.1315969E+02, 0.1369260E+02,
 0.8022000E+01, 0.1399702E+02,-0.7941195E+00, 0.0000000E+00, 0.1321308E+01, 0.1316541E+02, 0.1369260E+02,
 0.8024000E+01, 0.1399702E+02,-0.8000655E+00, 0.0000000E+00, 0.1321540E+01, 0.1317112E+02, 0.1369260E+02,
 0.8026000E+01, 0.1399702E+02,-0.8060087E+00, 0.0000000E+00, 0.1321772E+01, 0.1317684E+02, 0.1369260E+02,
 0.8028000E+01, 0.1399702E+02,-0.8119491E+00, 0.0000000E+00, 0.1322004E+01, 0.1318254E+02, 0.1369260E+02,
 0.8030000E+01, 0.1399702E+02,-0.8178869E+00, 0.0000000E+00, 0.1322236E+01, 0.1318825E+02, 0.1369260E+02,
 0.8032000E+01, 0.1399702E+02,-0.8238218E+00, 0.0000000E+00, 0.1322467E+01, 0.1319395E+02, 0.1369260E+02,
 0.8034000E+01, 0.1399702E+02,-0.8297541E+00, 0.0000000E+00, 0.1322698E+01, 0.1319965E+02, 0.1369260E+02,
 0.8036000E+01, 0.1399702E+02,-0.8356835E+00, 0.0000000E+00, 0.1322929E+01, 0.1320535E+02, 0.1369260E+02,
 0.8038000E+01, 0.1399702E+02,-0.8416102E+00, 0.0000000E+00, 0.1323160E+01, 0.1321105E+02, 0.1369260E+02,
 0.8040000E+01, 0.1399702E+02,-0.8475342E+00, 0.0000000E+00, 0.1323391E+01, 0.1321674E+02, 0.1369260E+02,
 0.8042000E+01, 0.1399702E+02,-0.8534554E+00, 0.0000000E+00, 0.1323621E+01, 0.1322243E+02, 0.1369260E+02,
 0.8044000E+01, 0.1399702E+02,-0.8593740E+00, 0.0000000E+00, 0.1323851E+01, 0.1322812E+02, 0.1369260E+02,
 0.8046000E+01, 0.1399702E+02,-0.8652897E+00, 0.0000000E+00, 0.1324081E+01, 0.1323381E+02, 0.1369260E+02,
 0.8048000E+01, 0.1399702E+02,-0.8712028E+00, 0.0000000E+00, 0.1324311E+01, 0.1323949E+02, 0.1369260E+02,
 0.8050000E+01, 0.1399702E+02,-0.8771132E+00, 0.0000000E+00, 0.1324540E+01, 0.1324517E+02, 0.1369260E+02,
 0.8052000E+01, 0.1399702E+02,-0.8830209E+00, 0.0000000E+00, 0.1324769E+01, 0.1325085E+02, 0.1369260E+02,
 0.8054000E+01, 0.1399702E+02,-0.8889258E+00, 0.0000000E+00, 0.1324999E+01, 0.1325653E+02, 0.1369260E+02,
 0.8056000E+01, 0.1399702E+02,-0.8948280E+00, 0.0000000E+00, 0.1325227E+01, 0.1326220E+02, 0.1369260E+02,
 0.8058000E+01, 0.1399702E+02,-0.9007276E+00, 0.0000000E+00, 0.1325456E+01, 0.1326787E+02, 0.1369260E+02,
 0.8060000E+01, 0.1399702E+02,-0.9066244E+00, 0.0000000E+00, 0.1325685E+01, 0.1327354E+02, 0.1369260E+02,
 0.8062000E+01, 0.1399702E+02,-0.9125185E+00, 0.0000000E+00, 0.1325913E+01, 0.1327920E+02, 0.1369260E+02,
 0.8064000E+01, 0.1399702E+02,-0.9184099E+00, 0.0000000E+00, 0.1326141E+01, 0.1328487E+02, 0.1369260E+02,
 0.8066000E+01, 0.1399702E+02,-0.9242986E+00, 0.0000000E+00, 0.1326369E+01, 0.1329053E+02, 0.1369260E+02,
 0.8068000E+01, 0.1399702E+02,-0.9301847E+00, 0.0000000E+00, 0.1326596E+01, 0.1329619E+02, 0.1369260E+02,
 0.8070000E+01, 0.1399702E+02,-0.9360681E+00, 0.0000000E+00, 0.1326824E+01, 0.1330184E+02, 0.1369260E+02,
 0.8072000E+01, 0.1399702E+02,-0.9419488E+00, 0.0000000E+00, 0.1327051E+01, 0.1330750E+02, 0.1369260E+02,
 0.8074000E+01, 0.1399702E+02,-0.9478268E+00, 0.0000000E+00, 0.1327278E+01, 0.1331315E+02, 0.1369260E+02,
 0.8076000E+01, 0.1399702E+02,-0.9537022E+00, 0.0000000E+00, 0.1327505E+01, 0.1331880E+02, 0.1369260E+02,
 0.8078000E+01, 0.1399702E+02,-0.9595748E+00, 0.0000000E+00, 0.1327731E+01, 0.1332444E+02, 0.1369260E+02,
 0.8080000E+01, 0.1399702E+02,-0.9654448E+00, 0.0000000E+00, 0.1327958E+01, 0.1333008E+02, 0.1369260E+02,
 0.8082000E+01, 0.1399702E+02,-0.9713122E+00, 0.0000000E+00, 0.1328184E+01, 0.1333573E+02, 0.1369260E+02,
 0.8084000E+01, 0.1399702E+02,-0.9771768E+00, 0.0000000E+00, 0.1328410E+01, 0.1334136E+02, 0.1369260E+02,
 0.8086000E+01, 0.1399702E+02,-0.9830388E+00, 0.0000000E+00, 0.1328636E+01, 0.1334700E+02, 0.1369260E+02,
 0.8088000E+01, 0.1399702E+02,-0.9888982E+00, 0.0000000E+00, 0.1328861E+01, 0.1335264E+02, 0.1369260E+02,
 0.8090000E+01, 0.1399702E+02,-0.9947549E+00, 0.0000000E+00, 0.1329087E+01, 0.1335827E+02, 0.1369260E+02,
 0.8092000E+01, 0.1399702E+02,-0.1000609E+01, 0.0000000E+00, 0.1329312E+01, 0.1336390E+02, 0.1369260E+02,
 0.8094000E+01, 0.1399702E+02,-0.1006460E+01, 0.0000000E+00, 0.1329537E+01, 0.1336952E+02, 0.1369260E+02,
 0.8096000E+01, 0.1399702E+02,-0.1012309E+01, 0.0000000E+00, 0.1329762E+01, 0.1337515E+02, 0.1369260E+02,
 0.8098000E+01, 0.1399702E+02,-0.1018155E+01, 0.0000000E+00, 0.1329986E+01, 0.1338077E+02, 0.1369260E+02,
 0.8100000E+01, 0.1399702E+02,-0.1023999E+01, 0.0000000E+00, 0.1330211E+01, 0.1338639E+02, 0.1369260E+02,
 0.8102000E+01, 0.1399702E+02,-0.1029840E+01, 0.0000000E+00, 0.1330435E+01, 0.1339200E+02, 0.1369260E+02,
 0.8104000E+01, 0.1399702E+02,-0.1035678E+01, 0.0000000E+00, 0.1330659E+01, 0.1339762E+02, 0.1369260E+02,
 0.8106000E+01, 0.1399702E+02,-0.1041513E+01, 0.0000000E+00, 0.1330883E+01, 0.1340323E+02, 0.1369260E+02,
 0.8108000E+01, 0.1399702E+02,-0.1047346E+01, 0.0000000E+00, 0.1331106E+01, 0.1340884E+02, 0.1369260E+02,
 0.8110000E+01, 0.1399702E+02,-0.1053177E+01, 0.0000000E+00, 0.1331329E+01, 0.1341445E+02, 0.1369260E+02,
 0.8112000E+01, 0.1399702E+02,-0.1059004E+01, 0.0000000E+00, 0.1331553E+01, 0.1342005E+02, 0.1369260E+02,
 0.8114000E+01, 0.1399702E+02,-0.1064829E+01, 0.0000000E+00, 0.1331776E+01, 0.1342565E+02, 0.1369260E+02,
 0.8116000E+01, 0.1399702E+02,-0.1070652E+01, 0.0000000E+00, 0.1331998E+01, 0.1343125E+02, 0.1369260E+02,
 0.8118000E+01, 0.1399702E+02,-0.1076472E+01, 0.0000000E+00, 0.1332221E+01, 0.1343685E+02, 0.1369260E+02,
 0.8120000E+01, 0.1399702E+02,-0.1082289E+01, 0.0000000E+00, 0.1332443E+01, 0.1344244E+02, 0.1369260E+02,
 0.8122000E+01, 0.1399702E+02,-0.1088104E+01, 0.0000000E+00, 0.1332665E+01, 0.1344804E+02, 0.1369260E+02,
 0.8124000E+01, 0.1399702E+02,-0.1093916E+01, 0.0000000E+00, 0.1332887E+01, 0.1345363E+02, 0.1369260E+02,
 0.8126000E+01, 0.1399702E+02,-0.1099725E+01, 0.0000000E+00, 0.1333109E+01, 0.1345921E+02, 0.1369260E+02,
 0.8128000E+01, 0.1399702E+02,-0.1105532E+01, 0.0000000E+00, 0.1333331E+01, 0.1346480E+02, 0.1369260E+02,
 0.8130000E+01, 0.1399702E+02,-0.1111336E+01, 0.0000000E+00, 0.1333552E+01, 0.1347038E+02, 0.1369260E+02,
 0.8132000E+01, 0.1399702E+02,-0.1117138E+01, 0.0000000E+00, 0.1333773E+01, 0.1347596E+02, 0.1369260E+02,
 0.8134000E+01, 0.1399702E+02,-0.1122937E+01, 0.0000000E+00, 0.1333994E+01, 0.1348154E+02, 0.1369260E+02,
 0.8136000E+01, 0.1399702E+02,-0.1128733E+01, 0.0000000E+00, 0.1334215E+01, 0.1348712E+02, 0.1369260E+02,
 0.8138000E+01, 0.1399702E+02,-0.1134527E+01, 0.0000000E+00, 0.1334435E+01, 0.1349269E+02, 0.1369260E+02,
 0.8140000E+01, 0.1399702E+02,-0.1140318E+01, 0.0000000E+00, 0.1334656E+01, 0.1349826E+02, 0.1369260E+02,
 0.8142000E+01, 0.1399702E+02,-0.1146107E+01, 0.0000000E+00, 0.1334876E+01, 0.1350383E+02, 0.1369260E+02,
 0.8144000E+01, 0.1399702E+02,-0.1151893E+01, 0.0000000E+00, 0.1335096E+01, 0.1350940E+02, 0.1369260E+02,
 0.8146000E+01, 0.1399702E+02,-0.1157676E+01, 0.0000000E+00, 0.1335316E+01, 0.1351496E+02, 0.1369260E+02,
 0.8148000E+01, 0.1399702E+02,-0.1163457E+01, 0.0000000E+00, 0.1335535E+01, 0.1352052E+02, 0.1369260E+02,
 0.8150000E+01, 0.1399702E+02,-0.1169235E+01, 0.0000000E+00, 0.1335755E+01, 0.1352608E+02, 0.1369260E+02,
 0.8152000E+01, 0.1399702E+02,-0.1175011E+01, 0.0000000E+00, 0.1335974E+01, 0.1353164E+02, 0.1369260E+02,
 0.8154000E+01, 0.1399702E+02,-0.1180784E+01, 0.0000000E+00, 0.1336193E+01, 0.1353719E+02, 0.1369260E+02,
 0.8156000E+01, 0.1399702E+02,-0.1186555E+01, 0.0000000E+00, 0.1336412E+01, 0.1354274E+02, 0.1369260E+02,
 0.8158000E+01, 0.1399702E+02,-0.1192323E+01, 0.0000000E+00, 0.1336630E+01, 0.1354829E+02, 0.1369260E+02,
 0.8160000E+01, 0.1399702E+02,-0.1198088E+01, 0.0000000E+00, 0.1336849E+01, 0.1355384E+02, 0.1369260E+02,
 0.8162000E+01, 0.1399702E+02,-0.1203851E+01, 0.0000000E+00, 0.1337067E+01, 0.1355938E+02, 0.1369260E+02,
 0.8164000E+01, 0.1399702E+02,-0.1209612E+01, 0.0000000E+00, 0.1337285E+01, 0.1356493E+02, 0.1369260E+02,
 0.8166000E+01, 0.1399702E+02,-0.1215369E+01, 0.0000000E+00, 0.1337503E+01, 0.1357047E+02, 0.1369260E+02,
 0.8168000E+01, 0.1399702E+02,-0.1221124E+01, 0.0000000E+00, 0.1337720E+01, 0.1357600E+02, 0.1369260E+02,
 0.8170000E+01, 0.1399702E+02,-0.1226877E+01, 0.0000000E+00, 0.1337938E+01, 0.1358154E+02, 0.1369260E+02,
 0.8172000E+01, 0.1399702E+02,-0.1232627E+01, 0.0000000E+00, 0.1338155E+01, 0.1358707E+02, 0.1369260E+02,
 0.8174000E+01, 0.1399702E+02,-0.1238374E+01, 0.0000000E+00, 0.1338372E+01, 0.1359260E+02, 0.1369260E+02,
 0.8176000E+01, 0.1399702E+02,-0.1244119E+01, 0.0000000E+00, 0.1338589E+01, 0.1359813E+02, 0.1369260E+02,
 0.8178000E+01, 0.1399702E+02,-0.1249862E+01, 0.0000000E+00, 0.1338805E+01, 0.1360365E+02, 0.1369260E+02,
 0.8180000E+01, 0.1399702E+02,-0.1255602E+01, 0.0000000E+00, 0.1339022E+01, 0.1360918E+02, 0.1369260E+02,
 0.8182000E+01, 0.1399702E+02,-0.1261339E+01, 0.0000000E+00, 0.1339238E+01, 0.1361470E+02, 0.1369260E+02,
 0.8184000E+01, 0.1399702E+02,-0.1267074E+01, 0.0000000E+00, 0.1339454E+01, 0.1362022E+02, 0.1369260E+02,
 0.8186000E+01, 0.1399702E+02,-0.1272806E+01, 0.0000000E+00, 0.1339670E+01, 0.1362573E+02, 0.1369260E+02,
 0.8188000E+01, 0.1399702E+02,-0.1278535E+01, 0.0000000E+00, 0.1339886E+01, 0.1363125E+02, 0.1369260E+02,
 0.8190000E+01, 0.1399702E+02,-0.1284262E+01, 0.0000000E+00, 0.1340101E+01, 0.1363676E+02, 0.1369260E+02,
 0.8192000E+01, 0.1399702E+02,-0.1289987E+01, 0.0000000E+00, 0.1340317E+01, 0.1364227E+02, 0.1369260E+02,
 0.8194000E+01, 0.1399702E+02,-0.1295709E+01, 0.0000000E+00, 0.1340532E+01, 0.1364778E+02, 0.1369260E+02,
 0.8196000E+01, 0.1399702E+02,-0.1301428E+01, 0.0000000E+00, 0.1340747E+01, 0.1365328E+02, 0.1369260E+02,
 0.8198000E+01, 0.1399702E+02,-0.1307145E+01, 0.0000000E+00, 0.1340961E+01, 0.1365878E+02, 0.1369260E+02,
 0.8200000E+01, 0.1399702E+02,-0.1312860E+01, 0.0000000E+00, 0.1341176E+01, 0.1366428E+02, 0.1369260E+02,
 0.8202000E+01, 0.1399702E+02,-0.1318571E+01, 0.0000000E+00, 0.1341390E+01, 0.1366978E+02, 0.1369260E+02,
 0.8204000E+01, 0.1399702E+02,-0.1324281E+01, 0.0000000E+00, 0.1341604E+01, 0.1367527E+02, 0.1369260E+02,
 0.8206000E+01, 0.1399702E+02,-0.1329987E+01, 0.0000000E+00, 0.1341818E+01, 0.1368077E+02, 0.1369260E+02,
 0.8208000E+01, 0.1399702E+02,-0.1335692E+01, 0.0000000E+00, 0.1342032E+01, 0.1368626E+02, 0.1369260E+02,
 0.8210000E+01, 0.1399702E+02,-0.1341393E+01, 0.0000000E+00, 0.1342246E+01, 0.1369175E+02, 0.1369260E+02,
 0.8212000E+01, 0.1399702E+02,-0.1347092E+01, 0.0000000E+00, 0.1342459E+01, 0.1369723E+02, 0.1369260E+02,
 0.8214000E+01, 0.1399702E+02,-0.1352789E+01, 0.0000000E+00, 0.1342672E+01, 0.1370271E+02, 0.1369260E+02,
 0.8216000E+01, 0.1399702E+02,-0.1358483E+01, 0.0000000E+00, 0.1342885E+01, 0.1370820E+02, 0.1369260E+02,
 0.8218000E+01, 0.1399702E+02,-0.1364175E+01, 0.0000000E+00, 0.1343098E+01, 0.1371367E+02, 0.1369260E+02,
 0.8220000E+01, 0.1399702E+02,-0.1369864E+01, 0.0000000E+00, 0.1343311E+01, 0.1371915E+02, 0.1369260E+02,
 0.8222000E+01, 0.1399702E+02,-0.1375550E+01, 0.0000000E+00, 0.1343523E+01, 0.1372462E+02, 0.1369260E+02,
 0.8224000E+01, 0.1399702E+02,-0.1381234E+01, 0.0000000E+00, 0.1343736E+01, 0.1373010E+02, 0.1369260E+02,
 0.8226000E+01, 0.1399702E+02,-0.1386915E+01, 0.0000000E+00, 0.1343948E+01, 0.1373557E+02, 0.1369260E+02,
 0.8228000E+01, 0.1399702E+02,-0.1392594E+01, 0.0000000E+00, 0.1344160E+01, 0.1374103E+02, 0.1369260E+02,
 0.8230000E+01, 0.1399702E+02,-0.1398271E+01, 0.0000000E+00, 0.1344371E+01, 0.1374650E+02, 0.1369260E+02,
 0.8232000E+01, 0.1399702E+02,-0.1403945E+01, 0.0000000E+00, 0.1344583E+01, 0.1375196E+02, 0.1369260E+02,
 0.8234000E+01, 0.1399702E+02,-0.1409616E+01, 0.0000000E+00, 0.1344794E+01, 0.1375742E+02, 0.1369260E+02,
 0.8236000E+01, 0.1399702E+02,-0.1415285E+01, 0.0000000E+00, 0.1345005E+01, 0.1376288E+02, 0.1369260E+02,
 0.8238000E+01, 0.1399702E+02,-0.1420951E+01, 0.0000000E+00, 0.1345216E+01, 0.1376833E+02, 0.1369260E+02,
 0.8240000E+01, 0.1399702E+02,-0.1426615E+01, 0.0000000E+00, 0.1345427E+01, 0.1377379E+02, 0.1369260E+02,
 0.8242000E+01, 0.1399702E+02,-0.1432276E+01, 0.0000000E+00, 0.1345638E+01, 0.1377924E+02, 0.1369260E+02,
 0.8244000E+01, 0.1399702E+02,-0.1437935E+01, 0.0000000E+00, 0.1345848E+01, 0.1378469E+02, 0.1369260E+02,
 0.8246000E+01, 0.1399702E+02,-0.1443591E+01, 0.0000000E+00, 0.1346058E+01, 0.1379013E+02, 0.1369260E+02,
 0.8248000E+01, 0.1399702E+02,-0.1449245E+01, 0.0000000E+00, 0.1346268E+01, 0.1379558E+02, 0.1369260E+02,
 0.8250000E+01, 0.1399702E+02,-0.1454896E+01, 0.0000000E+00, 0.1346478E+01, 0.1380102E+02, 0.1369260E+02,
 0.8252000E+01, 0.1399702E+02,-0.1460545E+01, 0.0000000E+00, 0.1346688E+01, 0.1380646E+02, 0.1369260E+02,
 0.8254000E+01, 0.1399702E+02,-0.1466191E+01, 0.0000000E+00, 0.1346897E+01, 0.1381189E+02, 0.1369260E+02,
 0.8256000E+01, 0.1399702E+02,-0.1471835E+01, 0.0000000E+00, 0.1347107E+01, 0.1381733E+02, 0.1369260E+02,
 0.8258000E+01, 0.1399702E+02,-0.1477476E+01, 0.0000000E+00, 0.1347316E+01, 0.1382276E+02, 0.1369260E+02,
 0.8260000E+01, 0.1399702E+02,-0.1483115E+01, 0.0000000E+00, 0.1347525E+01, 0.1382819E+02, 0.1369260E+02,
 0.8262000E+01, 0.1399702E+02,-0.1488751E+01, 0.0000000E+00, 0.1347733E+01, 0.1383362E+02, 0.1369260E+02,
 0.8264000E+01, 0.1399702E+02,-0.1494385E+01, 0.0000000E+00, 0.1347942E+01, 0.1383904E+02, 0.1369260E+02,
 0.8266000E+01, 0.1399702E+02,-0.1500016E+01, 0.0000000E+00, 0.1348150E+01, 0.1384446E+02, 0.1369260E+02,
 0.8268000E+01, 0.1399702E+02,-0.1505645E+01, 0.0000000E+00, 0.1348358E+01, 0.1384988E+02, 0.1369260E+02,
 0.8270000E+01, 0.1399702E+02,-0.1511271E+01, 0.0000000E+00, 0.1348566E+01, 0.1385530E+02, 0.1369260E+02,
 0.8272000E+01, 0.1399702E+02,-0.1516895E+01, 0.0000000E+00, 0.1348774E+01, 0.1386072E+02, 0.1369260E+02,
 0.8274000E+01, 0.1399702E+02,-0.1522516E+01, 0.0000000E+00, 0.1348982E+01, 0.1386613E+02, 0.1369260E+02,
 0.8276000E+01, 0.1399702E+02,-0.1528134E+01, 0.0000000E+00, 0.1349189E+01, 0.1387154E+02, 0.1369260E+02,
 0.8278000E+01, 0.1399702E+02,-0.1533751E+01, 0.0000000E+00, 0.1349397E+01, 0.1387695E+02, 0.1369260E+02,
 0.8280000E+01, 0.1399702E+02,-0.1539364E+01, 0.0000000E+00, 0.1349604E+01, 0.1388236E+02, 0.1369260E+02,
 0.8282000E+01, 0.1399702E+02,-0.1544975E+01, 0.0000000E+00, 0.1349811E+01, 0.1388776E+02, 0.1369260E+02,
 0.8284000E+01, 0.1399702E+02,-0.1550584E+01, 0.0000000E+00, 0.1350017E+01, 0.1389317E+02, 0.1369260E+02,
 0.8286000E+01, 0.1399702E+02,-0.1556190E+01, 0.0000000E+00, 0.1350224E+01, 0.1389856E+02, 0.1369260E+02,
 0.8288000E+01, 0.1399702E+02,-0.1561794E+01, 0.0000000E+00, 0.1350430E+01, 0.1390396E+02, 0.1369260E+02,
 0.8290000E+01, 0.1399702E+02,-0.1567395E+01, 0.0000000E+00, 0.1350636E+01, 0.1390936E+02, 0.1369260E+02,
 0.8292000E+01, 0.1399702E+02,-0.1572994E+01, 0.0000000E+00, 0.1350842E+01, 0.1391475E+02, 0.1369260E+02,
 0.8294000E+01, 0.1399702E+02,-0.1578590E+01, 0.0000000E+00, 0.1351048E+01, 0.1392014E+02, 0.1369260E+02,
 0.8296000E+01, 0.1399702E+02,-0.1584184E+01, 0.0000000E+00, 0.1351254E+01, 0.1392553E+02, 0.1369260E+02,
 0.8298000E+01, 0.1399702E+02,-0.1589775E+01, 0.0000000E+00, 0.1351459E+01, 0.1393091E+02, 0.1369260E+02,
 0.8300000E+01, 0.1399702E+02,-0.1595363E+01, 0.0000000E+00, 0.1351665E+01, 0.1393630E+02, 0.1369260E+02,
 0.8302000E+01, 0.1399702E+02,-0.1600950E+01, 0.0000000E+00, 0.1351870E+01, 0.1394168E+02, 0.1369260E+02,
 0.8304000E+01, 0.1399702E+02,-0.1606533E+01, 0.0000000E+00, 0.1352075E+01, 0.1394706E+02, 0.1369260E+02,
 0.8306000E+01, 0.1399702E+02,-0.1612115E+01, 0.0000000E+00, 0.1352279E+01, 0.1395243E+02, 0.1369260E+02,
 0.8308000E+01, 0.1399702E+02,-0.1617693E+01, 0.0000000E+00, 0.1352484E+01, 0.1395781E+02, 0.1369260E+02,
 0.8310000E+01, 0.1399702E+02,-0.1623270E+01, 0.0000000E+00, 0.1352688E+01, 0.1396318E+02, 0.1369260E+02,
 0.8312000E+01, 0.1399702E+02,-0.1628843E+01, 0.0000000E+00, 0.1352893E+01, 0.1396855E+02, 0.1369260E+02,
 0.8314000E+01, 0.1399702E+02,-0.1634415E+01, 0.0000000E+00, 0.1353096E+01, 0.1397392E+02, 0.1369260E+02,
 0.8316000E+01, 0.1399702E+02,-0.1639983E+01, 0.0000000E+00, 0.1353300E+01, 0.1397928E+02, 0.1369260E+02,
 0.8318000E+01, 0.1399702E+02,-0.1645550E+01, 0.0000000E+00, 0.1353504E+01, 0.1398464E+02, 0.1369260E+02,
 0.8320000E+01, 0.1399702E+02,-0.1651113E+01, 0.0000000E+00, 0.1353707E+01, 0.1399000E+02, 0.1369260E+02,
 0.8322000E+01, 0.1399702E+02,-0.1656675E+01, 0.0000000E+00, 0.1353911E+01, 0.1399536E+02, 0.1369260E+02,
 0.8324000E+01, 0.1399702E+02,-0.1662233E+01, 0.0000000E+00, 0.1354114E+01, 0.1400072E+02, 0.1369260E+02,
 0.8326000E+01, 0.1399702E+02,-0.1667790E+01, 0.0000000E+00, 0.1354317E+01, 0.1400607E+02, 0.1369260E+02,
 0.8328000E+01, 0.1399702E+02,-0.1673343E+01, 0.0000000E+00, 0.1354520E+01, 0.1401142E+02, 0.1369260E+02,
 0.8330000E+01, 0.1399702E+02,-0.1678895E+01, 0.0000000E+00, 0.1354722E+01, 0.1401677E+02, 0.1369260E+02,
 0.8332000E+01, 0.1399702E+02,-0.1684444E+01, 0.0000000E+00, 0.1354925E+01, 0.1402212E+02, 0.1369260E+02,
 0.8334000E+01, 0.1399702E+02,-0.1689990E+01, 0.0000000E+00, 0.1355127E+01, 0.1402746E+02, 0.1369260E+02,
 0.8336000E+01, 0.1399702E+02,-0.1695534E+01, 0.0000000E+00, 0.1355329E+01, 0.1403280E+02, 0.1369260E+02,
 0.8338000E+01, 0.1399702E+02,-0.1701075E+01, 0.0000000E+00, 0.1355531E+01, 0.1403814E+02, 0.1369260E+02,
 0.8340000E+01, 0.1399702E+02,-0.1706614E+01, 0.0000000E+00, 0.1355732E+01, 0.1404348E+02, 0.1369260E+02,
 0.8342000E+01, 0.1399702E+02,-0.1712150E+01, 0.0000000E+00, 0.1355934E+01, 0.1404881E+02, 0.1369260E+02,
 0.8344000E+01, 0.1399702E+02,-0.1717684E+01, 0.0000000E+00, 0.1356135E+01, 0.1405415E+02, 0.1369260E+02,
 0.8346000E+01, 0.1399702E+02,-0.1723216E+01, 0.0000000E+00, 0.1356337E+01, 0.1405948E+02, 0.1369260E+02,
 0.8348000E+01, 0.1399702E+02,-0.1728745E+01, 0.0000000E+00, 0.1356538E+01, 0.1406481E+02, 0.1369260E+02,
 0.8350000E+01, 0.1399702E+02,-0.1734271E+01, 0.0000000E+00, 0.1356738E+01, 0.1407013E+02, 0.1369260E+02,
 0.8352000E+01, 0.1399702E+02,-0.1739795E+01, 0.0000000E+00, 0.1356939E+01, 0.1407545E+02, 0.1369260E+02,
 0.8354000E+01, 0.1399702E+02,-0.1745316E+01, 0.0000000E+00, 0.1357139E+01, 0.1408078E+02, 0.1369260E+02,
 0.8356000E+01, 0.1399702E+02,-0.1750835E+01, 0.0000000E+00, 0.1357340E+01, 0.1408609E+02, 0.1369260E+02,
 0.8358000E+01, 0.1399702E+02,-0.1756352E+01, 0.0000000E+00, 0.1357540E+01, 0.1409141E+02, 0.1369260E+02,
 0.8360000E+01, 0.1399702E+02,-0.1761866E+01, 0.0000000E+00, 0.1357740E+01, 0.1409672E+02, 0.1369260E+02,
 0.8362000E+01, 0.1399702E+02,-0.1767377E+01, 0.0000000E+00, 0.1357940E+01, 0.1410204E+02, 0.1369260E+02,
 0.8364000E+01, 0.1399702E+02,-0.1772886E+01, 0.0000000E+00, 0.1358139E+01, 0.1410735E+02, 0.1369260E+02,
 0.8366000E+01, 0.1399702E+02,-0.1778393E+01, 0.0000000E+00, 0.1358339E+01, 0.1411265E+02, 0.1369260E+02,
 0.8368000E+01, 0.1399702E+02,-0.1783897E+01, 0.0000000E+00, 0.1358538E+01, 0.1411796E+02, 0.1369260E+02,
 0.8370000E+01, 0.1399702E+02,-0.1789399E+01, 0.0000000E+00, 0.1358737E+01, 0.1412326E+02, 0.1369260E+02,
 0.8372000E+01, 0.1399702E+02,-0.1794898E+01, 0.0000000E+00, 0.1358936E+01, 0.1412856E+02, 0.1369260E+02,
 0.8374000E+01, 0.1399702E+02,-0.1800394E+01, 0.0000000E+00, 0.1359135E+01, 0.1413386E+02, 0.1369260E+02,
 0.8376000E+01, 0.1399702E+02,-0.1805888E+01, 0.0000000E+00, 0.1359333E+01, 0.1413915E+02, 0.1369260E+02,
 0.8378000E+01, 0.1399702E+02,-0.1811380E+01, 0.0000000E+00, 0.1359532E+01, 0.1414445E+02, 0.1369260E+02,
 0.8380000E+01, 0.1399702E+02,-0.1816869E+01, 0.0000000E+00, 0.1359730E+01, 0.1414974E+02, 0.1369260E+02,
 0.8382000E+01, 0.1399702E+02,-0.1822356E+01, 0.0000000E+00, 0.1359928E+01, 0.1415503E+02, 0.1369260E+02,
 0.8384000E+01, 0.1399702E+02,-0.1827840E+01, 0.0000000E+00, 0.1360126E+01, 0.1416031E+02, 0.1369260E+02,
 0.8386000E+01, 0.1399702E+02,-0.1833322E+01, 0.0000000E+00, 0.1360323E+01, 0.1416560E+02, 0.1369260E+02,
 0.8388000E+01, 0.1399702E+02,-0.1838801E+01, 0.0000000E+00, 0.1360521E+01, 0.1417088E+02, 0.1369260E+02,
 0.8390000E+01, 0.1399702E+02,-0.1844278E+01, 0.0000000E+00, 0.1360718E+01, 0.1417616E+02, 0.1369260E+02,
 0.8392000E+01, 0.1399702E+02,-0.1849752E+01, 0.0000000E+00, 0.1360915E+01, 0.1418143E+02, 0.1369260E+02,
 0.8394000E+01, 0.1399702E+02,-0.1855223E+01, 0.0000000E+00, 0.1361112E+01, 0.1418671E+02, 0.1369260E+02,
 0.8396000E+01, 0.1399702E+02,-0.1860693E+01, 0.0000000E+00, 0.1361309E+01, 0.1419198E+02, 0.1369260E+02,
 0.8398000E+01, 0.1399702E+02,-0.1866159E+01, 0.0000000E+00, 0.1361506E+01, 0.1419725E+02, 0.1369260E+02,
 0.8400000E+01, 0.1399702E+02,-0.1871624E+01, 0.0000000E+00, 0.1361702E+01, 0.1420252E+02, 0.1369260E+02,
 0.8402000E+01, 0.1399702E+02,-0.1877085E+01, 0.0000000E+00, 0.1361899E+01, 0.1420779E+02, 0.1369260E+02,
 0.8404000E+01, 0.1399702E+02,-0.1882545E+01, 0.0000000E+00, 0.1362095E+01, 0.1421305E+02, 0.1369260E+02,
 0.8406000E+01, 0.1399702E+02,-0.1888002E+01, 0.0000000E+00, 0.1362291E+01, 0.1421831E+02, 0.1369260E+02,
 0.8408000E+01, 0.1399702E+02,-0.1893456E+01, 0.0000000E+00, 0.1362486E+01, 0.1422357E+02, 0.1369260E+02,
 0.8410000E+01, 0.1399702E+02,-0.1898908E+01, 0.0000000E+00, 0.1362682E+01, 0.1422882E+02, 0.1369260E+02,
 0.8412000E+01, 0.1399702E+02,-0.1904357E+01, 0.0000000E+00, 0.1362877E+01, 0.1423408E+02, 0.1369260E+02,
 0.8414000E+01, 0.1399702E+02,-0.1909804E+01, 0.0000000E+00, 0.1363073E+01, 0.1423933E+02, 0.1369260E+02,
 0.8416000E+01, 0.1399702E+02,-0.1915248E+01, 0.0000000E+00, 0.1363268E+01, 0.1424458E+02, 0.1369260E+02,
 0.8418000E+01, 0.1399702E+02,-0.1920690E+01, 0.0000000E+00, 0.1363463E+01, 0.1424983E+02, 0.1369260E+02,
 0.8420000E+01, 0.1399702E+02,-0.1926130E+01, 0.0000000E+00, 0.1363658E+01, 0.1425507E+02, 0.1369260E+02,
 0.8422000E+01, 0.1399702E+02,-0.1931567E+01, 0.0000000E+00, 0.1363852E+01, 0.1426031E+02, 0.1369260E+02,
 0.8424000E+01, 0.1399702E+02,-0.1937001E+01, 0.0000000E+00, 0.1364047E+01, 0.1426555E+02, 0.1369260E+02,
 0.8426000E+01, 0.1399702E+02,-0.1942433E+01, 0.0000000E+00, 0.1364241E+01, 0.1427079E+02, 0.1369260E+02,
 0.8428000E+01, 0.1399702E+02,-0.1947862E+01, 0.0000000E+00, 0.1364435E+01, 0.1427603E+02, 0.1369260E+02,
 0.8430000E+01, 0.1399702E+02,-0.1953289E+01, 0.0000000E+00, 0.1364629E+01, 0.1428126E+02, 0.1369260E+02,
 0.8432000E+01, 0.1399702E+02,-0.1958714E+01, 0.0000000E+00, 0.1364823E+01, 0.1428649E+02, 0.1369260E+02,
 0.8434000E+01, 0.1399702E+02,-0.1964136E+01, 0.0000000E+00, 0.1365016E+01, 0.1429172E+02, 0.1369260E+02,
 0.8436000E+01, 0.1399702E+02,-0.1969555E+01, 0.0000000E+00, 0.1365210E+01, 0.1429694E+02, 0.1369260E+02,
 0.8438000E+01, 0.1399702E+02,-0.1974972E+01, 0.0000000E+00, 0.1365403E+01, 0.1430217E+02, 0.1369260E+02,
 0.8440000E+01, 0.1399702E+02,-0.1980387E+01, 0.0000000E+00, 0.1365596E+01, 0.1430739E+02, 0.1369260E+02,
 0.8442000E+01, 0.1399702E+02,-0.1985799E+01, 0.0000000E+00, 0.1365789E+01, 0.1431261E+02, 0.1369260E+02,
 0.8444000E+01, 0.1399702E+02,-0.1991208E+01, 0.0000000E+00, 0.1365982E+01, 0.1431783E+02, 0.1369260E+02,
 0.8446000E+01, 0.1399702E+02,-0.1996615E+01, 0.0000000E+00, 0.1366174E+01, 0.1432304E+02, 0.1369260E+02,
 0.8448000E+01, 0.1399702E+02,-0.2002020E+01, 0.0000000E+00, 0.1366367E+01, 0.1432825E+02, 0.1369260E+02,
 0.8450000E+01, 0.1399702E+02,-0.2007422E+01, 0.0000000E+00, 0.1366559E+01, 0.1433346E+02, 0.1369260E+02,
 0.8452000E+01, 0.1399702E+02,-0.2012821E+01, 0.0000000E+00, 0.1366751E+01, 0.1433867E+02, 0.1369260E+02,
 0.8454000E+01, 0.1399702E+02,-0.2018219E+01, 0.0000000E+00, 0.1366943E+01, 0.1434387E+02, 0.1369260E+02,
 0.8456000E+01, 0.1399702E+02,-0.2023613E+01, 0.0000000E+00, 0.1367135E+01, 0.1434908E+02, 0.1369260E+02,
 0.8458000E+01, 0.1399702E+02,-0.2029005E+01, 0.0000000E+00, 0.1367326E+01, 0.1435428E+02, 0.1369260E+02,
 0.8460000E+01, 0.1399702E+02,-0.2034395E+01, 0.0000000E+00, 0.1367518E+01, 0.1435948E+02, 0.1369260E+02,
 0.8462000E+01, 0.1399702E+02,-0.2039782E+01, 0.0000000E+00, 0.1367709E+01, 0.1436467E+02, 0.1369260E+02,
 0.8464000E+01, 0.1399702E+02,-0.2045166E+01, 0.0000000E+00, 0.1367900E+01, 0.1436987E+02, 0.1369260E+02,
 0.8466000E+01, 0.1399702E+02,-0.2050549E+01, 0.0000000E+00, 0.1368091E+01, 0.1437506E+02, 0.1369260E+02,
 0.8468000E+01, 0.1399702E+02,-0.2055928E+01, 0.0000000E+00, 0.1368281E+01, 0.1438025E+02, 0.1369260E+02,
 0.8470000E+01, 0.1399702E+02,-0.2061305E+01, 0.0000000E+00, 0.1368472E+01, 0.1438543E+02, 0.1369260E+02,
 0.8472000E+01, 0.1399702E+02,-0.2066680E+01, 0.0000000E+00, 0.1368662E+01, 0.1439062E+02, 0.1369260E+02,
 0.8474000E+01, 0.1399702E+02,-0.2072052E+01, 0.0000000E+00, 0.1368853E+01, 0.1439580E+02, 0.1369260E+02,
 0.8476000E+01, 0.1399702E+02,-0.2077422E+01, 0.0000000E+00, 0.1369043E+01, 0.1440098E+02, 0.1369260E+02,
 0.8478000E+01, 0.1399702E+02,-0.2082789E+01, 0.0000000E+00, 0.1369233E+01, 0.1440615E+02, 0.1369260E+02,
 0.8480000E+01, 0.1399702E+02,-0.2088154E+01, 0.0000000E+00, 0.1369422E+01, 0.1441133E+02, 0.1369260E+02,
 0.8482000E+01, 0.1399702E+02,-0.2093516E+01, 0.0000000E+00, 0.1369612E+01, 0.1441650E+02, 0.1369260E+02,
 0.8484000E+01, 0.1399702E+02,-0.2098875E+01, 0.0000000E+00, 0.1369801E+01, 0.1442167E+02, 0.1369260E+02,
 0.8486000E+01, 0.1399702E+02,-0.2104232E+01, 0.0000000E+00, 0.1369991E+01, 0.1442684E+02, 0.1369260E+02,
 0.8488000E+01, 0.1399702E+02,-0.2109587E+01, 0.0000000E+00, 0.1370180E+01, 0.1443201E+02, 0.1369260E+02,
 0.8490000E+01, 0.1399702E+02,-0.2114939E+01, 0.0000000E+00, 0.1370369E+01, 0.1443717E+02, 0.1369260E+02,
 0.8492000E+01, 0.1399702E+02,-0.2120289E+01, 0.0000000E+00, 0.1370557E+01, 0.1444233E+02, 0.1369260E+02,
 0.8494000E+01, 0.1399702E+02,-0.2125636E+01, 0.0000000E+00, 0.1370746E+01, 0.1444749E+02, 0.1369260E+02,
 0.8496000E+01, 0.1399702E+02,-0.2130981E+01, 0.0000000E+00, 0.1370934E+01, 0.1445264E+02, 0.1369260E+02,
 0.8498000E+01, 0.1399702E+02,-0.2136323E+01, 0.0000000E+00, 0.1371123E+01, 0.1445780E+02, 0.1369260E+02,
 0.8500000E+01, 0.1399702E+02,-0.2141663E+01, 0.0000000E+00, 0.1371311E+01, 0.1446295E+02, 0.1369260E+02,
 0.8502000E+01, 0.1399702E+02,-0.2147000E+01, 0.0000000E+00, 0.1371499E+01, 0.1446810E+02, 0.1369260E+02,
 0.8504000E+01, 0.1399702E+02,-0.2152334E+01, 0.0000000E+00, 0.1371686E+01, 0.1447325E+02, 0.1369260E+02,
 0.8506000E+01, 0.1399702E+02,-0.2157666E+01, 0.0000000E+00, 0.1371874E+01, 0.1447839E+02, 0.1369260E+02,
 0.8508000E+01, 0.1399702E+02,-0.2162996E+01, 0.0000000E+00, 0.1372061E+01, 0.1448353E+02, 0.1369260E+02,
 0.8510000E+01, 0.1399702E+02,-0.2168323E+01, 0.0000000E+00, 0.1372249E+01, 0.1448867E+02, 0.1369260E+02,
 0.8512000E+01, 0.1399702E+02,-0.2173648E+01, 0.0000000E+00, 0.1372436E+01, 0.1449381E+02, 0.1369260E+02,
 0.8514000E+01, 0.1399702E+02,-0.2178970E+01, 0.0000000E+00, 0.1372623E+01, 0.1449895E+02, 0.1369260E+02,
 0.8516000E+01, 0.1399702E+02,-0.2184290E+01, 0.0000000E+00, 0.1372809E+01, 0.1450408E+02, 0.1369260E+02,
 0.8518000E+01, 0.1399702E+02,-0.2189607E+01, 0.0000000E+00, 0.1372996E+01, 0.1450921E+02, 0.1369260E+02,
 0.8520000E+01, 0.1399702E+02,-0.2194921E+01, 0.0000000E+00, 0.1373183E+01, 0.1451434E+02, 0.1369260E+02,
 0.8522000E+01, 0.1399702E+02,-0.2200233E+01, 0.0000000E+00, 0.1373369E+01, 0.1451946E+02, 0.1369260E+02,
 0.8524000E+01, 0.1399702E+02,-0.2205543E+01, 0.0000000E+00, 0.1373555E+01, 0.1452459E+02, 0.1369260E+02,
 0.8526000E+01, 0.1399702E+02,-0.2210850E+01, 0.0000000E+00, 0.1373741E+01, 0.1452971E+02, 0.1369260E+02,
 0.8528000E+01, 0.1399702E+02,-0.2216155E+01, 0.0000000E+00, 0.1373927E+01, 0.1453483E+02, 0.1369260E+02,
 0.8530000E+01, 0.1399702E+02,-0.2221457E+01, 0.0000000E+00, 0.1374112E+01, 0.1453994E+02, 0.1369260E+02,
 0.8532000E+01, 0.1399702E+02,-0.2226757E+01, 0.0000000E+00, 0.1374298E+01, 0.1454506E+02, 0.1369260E+02,
 0.8534000E+01, 0.1399702E+02,-0.2232054E+01, 0.0000000E+00, 0.1374483E+01, 0.1455017E+02, 0.1369260E+02,
 0.8536000E+01, 0.1399702E+02,-0.2237348E+01, 0.0000000E+00, 0.1374668E+01, 0.1455528E+02, 0.1369260E+02,
 0.8538000E+01, 0.1399702E+02,-0.2242640E+01, 0.0000000E+00, 0.1374853E+01, 0.1456039E+02, 0.1369260E+02,
 0.8540000E+01, 0.1399702E+02,-0.2247930E+01, 0.0000000E+00, 0.1375038E+01, 0.1456549E+02, 0.1369260E+02,
 0.8542000E+01, 0.1399702E+02,-0.2253217E+01, 0.0000000E+00, 0.1375223E+01, 0.1457059E+02, 0.1369260E+02,
 0.8544000E+01, 0.1399702E+02,-0.2258501E+01, 0.0000000E+00, 0.1375407E+01, 0.1457569E+02, 0.1369260E+02,
 0.8546000E+01, 0.1399702E+02,-0.2263783E+01, 0.0000000E+00, 0.1375592E+01, 0.1458079E+02, 0.1369260E+02,
 0.8548000E+01, 0.1399702E+02,-0.2269063E+01, 0.0000000E+00, 0.1375776E+01, 0.1458589E+02, 0.1369260E+02,
 0.8550000E+01, 0.1399702E+02,-0.2274340E+01, 0.0000000E+00, 0.1375960E+01, 0.1459098E+02, 0.1369260E+02,
 0.8552000E+01, 0.1399702E+02,-0.2279614E+01, 0.0000000E+00, 0.1376144E+01, 0.1459607E+02, 0.1369260E+02,
 0.8554000E+01, 0.1399702E+02,-0.2284886E+01, 0.0000000E+00, 0.1376328E+01, 0.1460116E+02, 0.1369260E+02,
 0.8556000E+01, 0.1399702E+02,-0.2290156E+01, 0.0000000E+00, 0.1376511E+01, 0.1460624E+02, 0.1369260E+02,
 0.8558000E+01, 0.1399702E+02,-0.2295423E+01, 0.0000000E+00, 0.1376694E+01, 0.1461133E+02, 0.1369260E+02,
 0.8560000E+01, 0.1399702E+02,-0.2300687E+01, 0.0000000E+00, 0.1376878E+01, 0.1461641E+02, 0.1369260E+02,
 0.8562000E+01, 0.1399702E+02,-0.2305949E+01, 0.0000000E+00, 0.1377061E+01, 0.1462149E+02, 0.1369260E+02,
 0.8564000E+01, 0.1399702E+02,-0.2311208E+01, 0.0000000E+00, 0.1377244E+01, 0.1462656E+02, 0.1369260E+02,
 0.8566000E+01, 0.1399702E+02,-0.2316465E+01, 0.0000000E+00, 0.1377426E+01, 0.1463164E+02, 0.1369260E+02,
 0.8568000E+01, 0.1399702E+02,-0.2321719E+01, 0.0000000E+00, 0.1377609E+01, 0.1463671E+02, 0.1369260E+02,
 0.8570000E+01, 0.1399702E+02,-0.2326971E+01, 0.0000000E+00, 0.1377791E+01, 0.1464178E+02, 0.1369260E+02,
 0.8572000E+01, 0.1399702E+02,-0.2332221E+01, 0.0000000E+00, 0.1377974E+01, 0.1464684E+02, 0.1369260E+02,
 0.8574000E+01, 0.1399702E+02,-0.2337467E+01, 0.0000000E+00, 0.1378156E+01, 0.1465191E+02, 0.1369260E+02,
 0.8576000E+01, 0.1399702E+02,-0.2342712E+01, 0.0000000E+00, 0.1378338E+01, 0.1465697E+02, 0.1369260E+02,
 0.8578000E+01, 0.1399702E+02,-0.2347953E+01, 0.0000000E+00, 0.1378519E+01, 0.1466203E+02, 0.1369260E+02,
 0.8580000E+01, 0.1399702E+02,-0.2353193E+01, 0.0000000E+00, 0.1378701E+01, 0.1466709E+02, 0.1369260E+02,
 0.8582000E+01, 0.1399702E+02,-0.2358429E+01, 0.0000000E+00, 0.1378883E+01, 0.1467214E+02, 0.1369260E+02,
 0.8584000E+01, 0.1399702E+02,-0.2363663E+01, 0.0000000E+00, 0.1379064E+01, 0.1467720E+02, 0.1369260E+02,
 0.8586000E+01, 0.1399702E+02,-0.2368895E+01, 0.0000000E+00, 0.1379245E+01, 0.1468225E+02, 0.1369260E+02,
 0.8588000E+01, 0.1399702E+02,-0.2374124E+01, 0.0000000E+00, 0.1379426E+01, 0.1468730E+02, 0.1369260E+02,
 0.8590000E+01, 0.1399702E+02,-0.2379351E+01, 0.0000000E+00, 0.1379607E+01, 0.1469234E+02, 0.1369260E+02,
 0.8592000E+01, 0.1399702E+02,-0.2384575E+01, 0.0000000E+00, 0.1379788E+01, 0.1469739E+02, 0.1369260E+02,
 0.8594000E+01, 0.1399702E+02,-0.2389796E+01, 0.0000000E+00, 0.1379968E+01, 0.1470243E+02, 0.1369260E+02,
 0.8596000E+01, 0.1399702E+02,-0.2395015E+01, 0.0000000E+00, 0.1380148E+01, 0.1470747E+02, 0.1369260E+02,
 0.8598000E+01, 0.1399702E+02,-0.2400232E+01, 0.0000000E+00, 0.1380329E+01, 0.1471250E+02, 0.1369260E+02,
 0.8600000E+01, 0.1399702E+02,-0.2405446E+01, 0.0000000E+00, 0.1380509E+01, 0.1471754E+02, 0.1369260E+02,
 0.8602000E+01, 0.1399702E+02,-0.2410657E+01, 0.0000000E+00, 0.1380689E+01, 0.1472257E+02, 0.1369260E+02,
 0.8604000E+01, 0.1399702E+02,-0.2415866E+01, 0.0000000E+00, 0.1380868E+01, 0.1472760E+02, 0.1369260E+02,
 0.8606000E+01, 0.1399702E+02,-0.2421073E+01, 0.0000000E+00, 0.1381048E+01, 0.1473262E+02, 0.1369260E+02,
 0.8608000E+01, 0.1399702E+02,-0.2426277E+01, 0.0000000E+00, 0.1381227E+01, 0.1473765E+02, 0.1369260E+02,
 0.8610000E+01, 0.1399702E+02,-0.2431478E+01, 0.0000000E+00, 0.1381407E+01, 0.1474267E+02, 0.1369260E+02,
 0.8612000E+01, 0.1399702E+02,-0.2436677E+01, 0.0000000E+00, 0.1381586E+01, 0.1474769E+02, 0.1369260E+02,
 0.8614000E+01, 0.1399702E+02,-0.2441873E+01, 0.0000000E+00, 0.1381765E+01, 0.1475271E+02, 0.1369260E+02,
 0.8616000E+01, 0.1399702E+02,-0.2447067E+01, 0.0000000E+00, 0.1381943E+01, 0.1475772E+02, 0.1369260E+02,
 0.8618000E+01, 0.1399702E+02,-0.2452258E+01, 0.0000000E+00, 0.1382122E+01, 0.1476273E+02, 0.1369260E+02,
 0.8620000E+01, 0.1399702E+02,-0.2457447E+01, 0.0000000E+00, 0.1382301E+01, 0.1476774E+02, 0.1369260E+02,
 0.8622000E+01, 0.1399702E+02,-0.2462633E+01, 0.0000000E+00, 0.1382479E+01, 0.1477275E+02, 0.1369260E+02,
 0.8624000E+01, 0.1399702E+02,-0.2467816E+01, 0.0000000E+00, 0.1382657E+01, 0.1477776E+02, 0.1369260E+02,
 0.8626000E+01, 0.1399702E+02,-0.2472997E+01, 0.0000000E+00, 0.1382835E+01, 0.1478276E+02, 0.1369260E+02,
 0.8628000E+01, 0.1399702E+02,-0.2478176E+01, 0.0000000E+00, 0.1383013E+01, 0.1478776E+02, 0.1369260E+02,
 0.8630000E+01, 0.1399702E+02,-0.2483352E+01, 0.0000000E+00, 0.1383191E+01, 0.1479276E+02, 0.1369260E+02,
 0.8632000E+01, 0.1399702E+02,-0.2488525E+01, 0.0000000E+00, 0.1383368E+01, 0.1479776E+02, 0.1369260E+02,
 0.8634000E+01, 0.1399702E+02,-0.2493696E+01, 0.0000000E+00, 0.1383546E+01, 0.1480275E+02, 0.1369260E+02,
 0.8636000E+01, 0.1399702E+02,-0.2498865E+01, 0.0000000E+00, 0.1383723E+01, 0.1480774E+02, 0.1369260E+02,
 0.8638000E+01, 0.1399702E+02,-0.2504031E+01, 0.0000000E+00, 0.1383900E+01, 0.1481273E+02, 0.1369260E+02,
 0.8640000E+01, 0.1399702E+02,-0.2509194E+01, 0.0000000E+00, 0.1384077E+01, 0.1481772E+02, 0.1369260E+02,
 0.8642000E+01, 0.1399702E+02,-0.2514355E+01, 0.0000000E+00, 0.1384254E+01, 0.1482270E+02, 0.1369260E+02,
 0.8644000E+01, 0.1399702E+02,-0.2519513E+01, 0.0000000E+00, 0.1384430E+01, 0.1482768E+02, 0.1369260E+02,
 0.8646000E+01, 0.1399702E+02,-0.2524668E+01, 0.0000000E+00, 0.1384607E+01, 0.1483266E+02, 0.1369260E+02,
 0.8648000E+01, 0.1399702E+02,-0.2529822E+01, 0.0000000E+00, 0.1384783E+01, 0.1483764E+02, 0.1369260E+02,
 0.8650000E+01, 0.1399702E+02,-0.2534972E+01, 0.0000000E+00, 0.1384959E+01, 0.1484261E+02, 0.1369260E+02,
 0.8652000E+01, 0.1399702E+02,-0.2540120E+01, 0.0000000E+00, 0.1385135E+01, 0.1484758E+02, 0.1369260E+02,
 0.8654000E+01, 0.1399702E+02,-0.2545266E+01, 0.0000000E+00, 0.1385311E+01, 0.1485255E+02, 0.1369260E+02,
 0.8656000E+01, 0.1399702E+02,-0.2550409E+01, 0.0000000E+00, 0.1385487E+01, 0.1485752E+02, 0.1369260E+02,
 0.8658000E+01, 0.1399702E+02,-0.2555549E+01, 0.0000000E+00, 0.1385662E+01, 0.1486248E+02, 0.1369260E+02,
 0.8660000E+01, 0.1399702E+02,-0.2560687E+01, 0.0000000E+00, 0.1385838E+01, 0.1486745E+02, 0.1369260E+02,
 0.8662000E+01, 0.1399702E+02,-0.2565822E+01, 0.0000000E+00, 0.1386013E+01, 0.1487241E+02, 0.1369260E+02,
 0.8664000E+01, 0.1399702E+02,-0.2570955E+01, 0.0000000E+00, 0.1386188E+01, 0.1487737E+02, 0.1369260E+02,
 0.8666000E+01, 0.1399702E+02,-0.2576085E+01, 0.0000000E+00, 0.1386363E+01, 0.1488232E+02, 0.1369260E+02,
 0.8668000E+01, 0.1399702E+02,-0.2581213E+01, 0.0000000E+00, 0.1386538E+01, 0.1488727E+02, 0.1369260E+02,
 0.8670000E+01, 0.1399702E+02,-0.2586338E+01, 0.0000000E+00, 0.1386712E+01, 0.1489222E+02, 0.1369260E+02,
 0.8672000E+01, 0.1399702E+02,-0.2591461E+01, 0.0000000E+00, 0.1386887E+01, 0.1489717E+02, 0.1369260E+02,
 0.8674000E+01, 0.1399702E+02,-0.2596581E+01, 0.0000000E+00, 0.1387061E+01, 0.1490212E+02, 0.1369260E+02,
 0.8676000E+01, 0.1399702E+02,-0.2601698E+01, 0.0000000E+00, 0.1387235E+01, 0.1490706E+02, 0.1369260E+02,
 0.8678000E+01, 0.1399702E+02,-0.2606813E+01, 0.0000000E+00, 0.1387409E+01, 0.1491200E+02, 0.1369260E+02,
 0.8680000E+01, 0.1399702E+02,-0.2611926E+01, 0.0000000E+00, 0.1387583E+01, 0.1491694E+02, 0.1369260E+02,
 0.8682000E+01, 0.1399702E+02,-0.2617035E+01, 0.0000000E+00, 0.1387757E+01, 0.1492188E+02, 0.1369260E+02,
 0.8684000E+01, 0.1399702E+02,-0.2622143E+01, 0.0000000E+00, 0.1387930E+01, 0.1492681E+02, 0.1369260E+02,
 0.8686000E+01, 0.1399702E+02,-0.2627247E+01, 0.0000000E+00, 0.1388104E+01, 0.1493174E+02, 0.1369260E+02,
 0.8688000E+01, 0.1399702E+02,-0.2632349E+01, 0.0000000E+00, 0.1388277E+01, 0.1493667E+02, 0.1369260E+02,
 0.8690000E+01, 0.1399702E+02,-0.2637449E+01, 0.0000000E+00, 0.1388450E+01, 0.1494160E+02, 0.1369260E+02,
 0.8692000E+01, 0.1399702E+02,-0.2642546E+01, 0.0000000E+00, 0.1388623E+01, 0.1494652E+02, 0.1369260E+02,
 0.8694000E+01, 0.1399702E+02,-0.2647640E+01, 0.0000000E+00, 0.1388796E+01, 0.1495144E+02, 0.1369260E+02,
 0.8696000E+01, 0.1399702E+02,-0.2652732E+01, 0.0000000E+00, 0.1388968E+01, 0.1495636E+02, 0.1369260E+02,
 0.8698000E+01, 0.1399702E+02,-0.2657822E+01, 0.0000000E+00, 0.1389141E+01, 0.1496128E+02, 0.1369260E+02,
 0.8700000E+01, 0.1399702E+02,-0.2662909E+01, 0.0000000E+00, 0.1389313E+01, 0.1496619E+02, 0.1369260E+02,
 0.8702000E+01, 0.1399702E+02,-0.2667993E+01, 0.0000000E+00, 0.1389485E+01, 0.1497111E+02, 0.1369260E+02,
 0.8704000E+01, 0.1399702E+02,-0.2673074E+01, 0.0000000E+00, 0.1389657E+01, 0.1497602E+02, 0.1369260E+02,
 0.8706000E+01, 0.1399702E+02,-0.2678154E+01, 0.0000000E+00, 0.1389829E+01, 0.1498092E+02, 0.1369260E+02,
 0.8708000E+01, 0.1399702E+02,-0.2683230E+01, 0.0000000E+00, 0.1390001E+01, 0.1498583E+02, 0.1369260E+02,
 0.8710000E+01, 0.1399702E+02,-0.2688304E+01, 0.0000000E+00, 0.1390172E+01, 0.1499073E+02, 0.1369260E+02,
 0.8712000E+01, 0.1399702E+02,-0.2693376E+01, 0.0000000E+00, 0.1390344E+01, 0.1499563E+02, 0.1369260E+02,
 0.8714000E+01, 0.1399702E+02,-0.2698444E+01, 0.0000000E+00, 0.1390515E+01, 0.1500053E+02, 0.1369260E+02,
 0.8716000E+01, 0.1399702E+02,-0.2703511E+01, 0.0000000E+00, 0.1390686E+01, 0.1500542E+02, 0.1369260E+02,
 0.8718000E+01, 0.1399702E+02,-0.2708575E+01, 0.0000000E+00, 0.1390857E+01, 0.1501032E+02, 0.1369260E+02,
 0.8720000E+01, 0.1399702E+02,-0.2713636E+01, 0.0000000E+00, 0.1391028E+01, 0.1501521E+02, 0.1369260E+02,
 0.8722000E+01, 0.1399702E+02,-0.2718694E+01, 0.0000000E+00, 0.1391199E+01, 0.1502009E+02, 0.1369260E+02,
 0.8724000E+01, 0.1399702E+02,-0.2723750E+01, 0.0000000E+00, 0.1391369E+01, 0.1502498E+02, 0.1369260E+02,
 0.8726000E+01, 0.1399702E+02,-0.2728804E+01, 0.0000000E+00, 0.1391540E+01, 0.1502986E+02, 0.1369260E+02,
 0.8728000E+01, 0.1399702E+02,-0.2733855E+01, 0.0000000E+00, 0.1391710E+01, 0.1503474E+02, 0.1369260E+02,
 0.8730000E+01, 0.1399702E+02,-0.2738903E+01, 0.0000000E+00, 0.1391880E+01, 0.1503962E+02, 0.1369260E+02,
 0.8732000E+01, 0.1399702E+02,-0.2743949E+01, 0.0000000E+00, 0.1392050E+01, 0.1504450E+02, 0.1369260E+02,
 0.8734000E+01, 0.1399702E+02,-0.2748992E+01, 0.0000000E+00, 0.1392220E+01, 0.1504937E+02, 0.1369260E+02,
 0.8736000E+01, 0.1399702E+02,-0.2754032E+01, 0.0000000E+00, 0.1392389E+01, 0.1505424E+02, 0.1369260E+02,
 0.8738000E+01, 0.1399702E+02,-0.2759070E+01, 0.0000000E+00, 0.1392559E+01, 0.1505911E+02, 0.1369260E+02,
 0.8740000E+01, 0.1399702E+02,-0.2764106E+01, 0.0000000E+00, 0.1392728E+01, 0.1506398E+02, 0.1369260E+02,
 0.8742000E+01, 0.1399702E+02,-0.2769139E+01, 0.0000000E+00, 0.1392897E+01, 0.1506884E+02, 0.1369260E+02,
 0.8744000E+01, 0.1399702E+02,-0.2774169E+01, 0.0000000E+00, 0.1393066E+01, 0.1507370E+02, 0.1369260E+02,
 0.8746000E+01, 0.1399702E+02,-0.2779197E+01, 0.0000000E+00, 0.1393235E+01, 0.1507856E+02, 0.1369260E+02,
 0.8748000E+01, 0.1399702E+02,-0.2784222E+01, 0.0000000E+00, 0.1393404E+01, 0.1508342E+02, 0.1369260E+02,
 0.8750000E+01, 0.1399702E+02,-0.2789244E+01, 0.0000000E+00, 0.1393572E+01, 0.1508827E+02, 0.1369260E+02,
 0.8752000E+01, 0.1399702E+02,-0.2794265E+01, 0.0000000E+00, 0.1393741E+01, 0.1509312E+02, 0.1369260E+02,
 0.8754000E+01, 0.1399702E+02,-0.2799282E+01, 0.0000000E+00, 0.1393909E+01, 0.1509797E+02, 0.1369260E+02,
 0.8756000E+01, 0.1399702E+02,-0.2804297E+01, 0.0000000E+00, 0.1394077E+01, 0.1510282E+02, 0.1369260E+02,
 0.8758000E+01, 0.1399702E+02,-0.2809309E+01, 0.0000000E+00, 0.1394245E+01, 0.1510766E+02, 0.1369260E+02,
 0.8760000E+01, 0.1399702E+02,-0.2814319E+01, 0.0000000E+00, 0.1394413E+01, 0.1511250E+02, 0.1369260E+02,
 0.8762000E+01, 0.1399702E+02,-0.2819326E+01, 0.0000000E+00, 0.1394581E+01, 0.1511734E+02, 0.1369260E+02,
 0.8764000E+01, 0.1399702E+02,-0.2824330E+01, 0.0000000E+00, 0.1394748E+01, 0.1512218E+02, 0.1369260E+02,
 0.8766000E+01, 0.1399702E+02,-0.2829332E+01, 0.0000000E+00, 0.1394916E+01, 0.1512702E+02, 0.1369260E+02,
 0.8768000E+01, 0.1399702E+02,-0.2834332E+01, 0.0000000E+00, 0.1395083E+01, 0.1513185E+02, 0.1369260E+02,
 0.8770000E+01, 0.1399702E+02,-0.2839329E+01, 0.0000000E+00, 0.1395250E+01, 0.1513668E+02, 0.1369260E+02,
 0.8772000E+01, 0.1399702E+02,-0.2844323E+01, 0.0000000E+00, 0.1395417E+01, 0.1514150E+02, 0.1369260E+02,
 0.8774000E+01, 0.1399702E+02,-0.2849314E+01, 0.0000000E+00, 0.1395584E+01, 0.1514633E+02, 0.1369260E+02,
 0.8776000E+01, 0.1399702E+02,-0.2854303E+01, 0.0000000E+00, 0.1395750E+01, 0.1515115E+02, 0.1369260E+02,
 0.8778000E+01, 0.1399702E+02,-0.2859290E+01, 0.0000000E+00, 0.1395917E+01, 0.1515597E+02, 0.1369260E+02,
 0.8780000E+01, 0.1399702E+02,-0.2864274E+01, 0.0000000E+00, 0.1396083E+01, 0.1516079E+02, 0.1369260E+02,
 0.8782000E+01, 0.1399702E+02,-0.2869255E+01, 0.0000000E+00, 0.1396250E+01, 0.1516560E+02, 0.1369260E+02,
 0.8784000E+01, 0.1399702E+02,-0.2874233E+01, 0.0000000E+00, 0.1396416E+01, 0.1517042E+02, 0.1369260E+02,
 0.8786000E+01, 0.1399702E+02,-0.2879210E+01, 0.0000000E+00, 0.1396582E+01, 0.1517523E+02, 0.1369260E+02,
 0.8788000E+01, 0.1399702E+02,-0.2884183E+01, 0.0000000E+00, 0.1396747E+01, 0.1518003E+02, 0.1369260E+02,
 0.8790000E+01, 0.1399702E+02,-0.2889154E+01, 0.0000000E+00, 0.1396913E+01, 0.1518484E+02, 0.1369260E+02,
 0.8792000E+01, 0.1399702E+02,-0.2894122E+01, 0.0000000E+00, 0.1397078E+01, 0.1518964E+02, 0.1369260E+02,
 0.8794000E+01, 0.1399702E+02,-0.2899088E+01, 0.0000000E+00, 0.1397244E+01, 0.1519444E+02, 0.1369260E+02,
 0.8796000E+01, 0.1399702E+02,-0.2904051E+01, 0.0000000E+00, 0.1397409E+01, 0.1519924E+02, 0.1369260E+02,
 0.8798000E+01, 0.1399702E+02,-0.2909012E+01, 0.0000000E+00, 0.1397574E+01, 0.1520404E+02, 0.1369260E+02,
 0.8800000E+01, 0.1399702E+02,-0.2913970E+01, 0.0000000E+00, 0.1397739E+01, 0.1520883E+02, 0.1369260E+02,
 0.8802000E+01, 0.1399702E+02,-0.2918925E+01, 0.0000000E+00, 0.1397904E+01, 0.1521362E+02, 0.1369260E+02,
 0.8804000E+01, 0.1399702E+02,-0.2923878E+01, 0.0000000E+00, 0.1398068E+01, 0.1521841E+02, 0.1369260E+02,
 0.8806000E+01, 0.1399702E+02,-0.2928828E+01, 0.0000000E+00, 0.1398233E+01, 0.1522319E+02, 0.1369260E+02,
 0.8808000E+01, 0.1399702E+02,-0.2933775E+01, 0.0000000E+00, 0.1398397E+01, 0.1522798E+02, 0.1369260E+02,
 0.8810000E+01, 0.1399702E+02,-0.2938720E+01, 0.0000000E+00, 0.1398561E+01, 0.1523276E+02, 0.1369260E+02,
 0.8812000E+01, 0.1399702E+02,-0.2943663E+01, 0.0000000E+00, 0.1398725E+01, 0.1523754E+02, 0.1369260E+02,
 0.8814000E+01, 0.1399702E+02,-0.2948602E+01, 0.0000000E+00, 0.1398889E+01, 0.1524231E+02, 0.1369260E+02,
 0.8816000E+01, 0.1399702E+02,-0.2953540E+01, 0.0000000E+00, 0.1399053E+01, 0.1524709E+02, 0.1369260E+02,
 0.8818000E+01, 0.1399702E+02,-0.2958474E+01, 0.0000000E+00, 0.1399216E+01, 0.1525186E+02, 0.1369260E+02,
 0.8820000E+01, 0.1399702E+02,-0.2963406E+01, 0.0000000E+00, 0.1399380E+01, 0.1525663E+02, 0.1369260E+02,
 0.8822000E+01, 0.1399702E+02,-0.2968335E+01, 0.0000000E+00, 0.1399543E+01, 0.1526139E+02, 0.1369260E+02,
 0.8824000E+01, 0.1399702E+02,-0.2973262E+01, 0.0000000E+00, 0.1399706E+01, 0.1526615E+02, 0.1369260E+02,
 0.8826000E+01, 0.1399702E+02,-0.2978186E+01, 0.0000000E+00, 0.1399869E+01, 0.1527092E+02, 0.1369260E+02,
 0.8828000E+01, 0.1399702E+02,-0.2983108E+01, 0.0000000E+00, 0.1400032E+01, 0.1527567E+02, 0.1369260E+02,
 0.8830000E+01, 0.1399702E+02,-0.2988027E+01, 0.0000000E+00, 0.1400195E+01, 0.1528043E+02, 0.1369260E+02,
 0.8832000E+01, 0.1399702E+02,-0.2992943E+01, 0.0000000E+00, 0.1400357E+01, 0.1528518E+02, 0.1369260E+02,
 0.8834000E+01, 0.1399702E+02,-0.2997857E+01, 0.0000000E+00, 0.1400520E+01, 0.1528994E+02, 0.1369260E+02,
 0.8836000E+01, 0.1399702E+02,-0.3002768E+01, 0.0000000E+00, 0.1400682E+01, 0.1529468E+02, 0.1369260E+02,
 0.8838000E+01, 0.1399702E+02,-0.3007677E+01, 0.0000000E+00, 0.1400844E+01, 0.1529943E+02, 0.1369260E+02,
 0.8840000E+01, 0.1399702E+02,-0.3012583E+01, 0.0000000E+00, 0.1401006E+01, 0.1530417E+02, 0.1369260E+02,
 0.8842000E+01, 0.1399702E+02,-0.3017486E+01, 0.0000000E+00, 0.1401168E+01, 0.1530892E+02, 0.1369260E+02,
 0.8844000E+01, 0.1399702E+02,-0.3022387E+01, 0.0000000E+00, 0.1401330E+01, 0.1531365E+02, 0.1369260E+02,
 0.8846000E+01, 0.1399702E+02,-0.3027285E+01, 0.0000000E+00, 0.1401491E+01, 0.1531839E+02, 0.1369260E+02,
 0.8848000E+01, 0.1399702E+02,-0.3032180E+01, 0.0000000E+00, 0.1401653E+01, 0.1532313E+02, 0.1369260E+02,
 0.8850000E+01, 0.1399702E+02,-0.3037073E+01, 0.0000000E+00, 0.1401814E+01, 0.1532786E+02, 0.1369260E+02,
 0.8852000E+01, 0.1399702E+02,-0.3041964E+01, 0.0000000E+00, 0.1401975E+01, 0.1533259E+02, 0.1369260E+02,
 0.8854000E+01, 0.1399702E+02,-0.3046851E+01, 0.0000000E+00, 0.1402136E+01, 0.1533731E+02, 0.1369260E+02,
 0.8856000E+01, 0.1399702E+02,-0.3051736E+01, 0.0000000E+00, 0.1402297E+01, 0.1534204E+02, 0.1369260E+02,
 0.8858000E+01, 0.1399702E+02,-0.3056619E+01, 0.0000000E+00, 0.1402458E+01, 0.1534676E+02, 0.1369260E+02,
 0.8860000E+01, 0.1399702E+02,-0.3061498E+01, 0.0000000E+00, 0.1402618E+01, 0.1535148E+02, 0.1369260E+02,
 0.8862000E+01, 0.1399702E+02,-0.3066376E+01, 0.0000000E+00, 0.1402779E+01, 0.1535620E+02, 0.1369260E+02,
 0.8864000E+01, 0.1399702E+02,-0.3071250E+01, 0.0000000E+00, 0.1402939E+01, 0.1536091E+02, 0.1369260E+02,
 0.8866000E+01, 0.1399702E+02,-0.3076122E+01, 0.0000000E+00, 0.1403099E+01, 0.1536562E+02, 0.1369260E+02,
 0.8868000E+01, 0.1399702E+02,-0.3080992E+01, 0.0000000E+00, 0.1403259E+01, 0.1537033E+02, 0.1369260E+02,
 0.8870000E+01, 0.1399702E+02,-0.3085858E+01, 0.0000000E+00, 0.1403419E+01, 0.1537504E+02, 0.1369260E+02,
 0.8872000E+01, 0.1399702E+02,-0.3090723E+01, 0.0000000E+00, 0.1403579E+01, 0.1537974E+02, 0.1369260E+02,
 0.8874000E+01, 0.1399702E+02,-0.3095584E+01, 0.0000000E+00, 0.1403738E+01, 0.1538444E+02, 0.1369260E+02,
 0.8876000E+01, 0.1399702E+02,-0.3100443E+01, 0.0000000E+00, 0.1403898E+01, 0.1538914E+02, 0.1369260E+02,
 0.8878000E+01, 0.1399702E+02,-0.3105299E+01, 0.0000000E+00, 0.1404057E+01, 0.1539384E+02, 0.1369260E+02,
 0.8880000E+01, 0.1399702E+02,-0.3110153E+01, 0.0000000E+00, 0.1404216E+01, 0.1539853E+02, 0.1369260E+02,
 0.8882000E+01, 0.1399702E+02,-0.3115004E+01, 0.0000000E+00, 0.1404375E+01, 0.1540323E+02, 0.1369260E+02,
 0.8884000E+01, 0.1399702E+02,-0.3119853E+01, 0.0000000E+00, 0.1404534E+01, 0.1540792E+02, 0.1369260E+02,
 0.8886000E+01, 0.1399702E+02,-0.3124698E+01, 0.0000000E+00, 0.1404693E+01, 0.1541260E+02, 0.1369260E+02,
 0.8888000E+01, 0.1399702E+02,-0.3129541E+01, 0.0000000E+00, 0.1404851E+01, 0.1541729E+02, 0.1369260E+02,
 0.8890000E+01, 0.1399702E+02,-0.3134382E+01, 0.0000000E+00, 0.1405010E+01, 0.1542197E+02, 0.1369260E+02,
 0.8892000E+01, 0.1399702E+02,-0.3139220E+01, 0.0000000E+00, 0.1405168E+01, 0.1542665E+02, 0.1369260E+02,
 0.8894000E+01, 0.1399702E+02,-0.3144055E+01, 0.0000000E+00, 0.1405326E+01, 0.1543133E+02, 0.1369260E+02,
 0.8896000E+01, 0.1399702E+02,-0.3148888E+01, 0.0000000E+00, 0.1405484E+01, 0.1543600E+02, 0.1369260E+02,
 0.8898000E+01, 0.1399702E+02,-0.3153718E+01, 0.0000000E+00, 0.1405642E+01, 0.1544067E+02, 0.1369260E+02,
 0.8900000E+01, 0.1399702E+02,-0.3158545E+01, 0.0000000E+00, 0.1405800E+01, 0.1544534E+02, 0.1369260E+02,
 0.8902000E+01, 0.1399702E+02,-0.3163370E+01, 0.0000000E+00, 0.1405957E+01, 0.1545001E+02, 0.1369260E+02,
 0.8904000E+01, 0.1399702E+02,-0.3168193E+01, 0.0000000E+00, 0.1406115E+01, 0.1545468E+02, 0.1369260E+02,
 0.8906000E+01, 0.1399702E+02,-0.3173012E+01, 0.0000000E+00, 0.1406272E+01, 0.1545934E+02, 0.1369260E+02,
 0.8908000E+01, 0.1399702E+02,-0.3177829E+01, 0.0000000E+00, 0.1406429E+01, 0.1546400E+02, 0.1369260E+02,
 0.8910000E+01, 0.1399702E+02,-0.3182643E+01, 0.0000000E+00, 0.1406586E+01, 0.1546866E+02, 0.1369260E+02,
 0.8912000E+01, 0.1399702E+02,-0.3187455E+01, 0.0000000E+00, 0.1406743E+01, 0.1547331E+02, 0.1369260E+02,
 0.8914000E+01, 0.1399702E+02,-0.3192264E+01, 0.0000000E+00, 0.1406900E+01, 0.1547796E+02, 0.1369260E+02,
 0.8916000E+01, 0.1399702E+02,-0.3197071E+01, 0.0000000E+00, 0.1407057E+01, 0.1548261E+02, 0.1369260E+02,
 0.8918000E+01, 0.1399702E+02,-0.3201874E+01, 0.0000000E+00, 0.1407213E+01, 0.1548726E+02, 0.1369260E+02,
 0.8920000E+01, 0.1399702E+02,-0.3206676E+01, 0.0000000E+00, 0.1407369E+01, 0.1549190E+02, 0.1369260E+02,
 0.8922000E+01, 0.1399702E+02,-0.3211474E+01, 0.0000000E+00, 0.1407526E+01, 0.1549655E+02, 0.1369260E+02,
 0.8924000E+01, 0.1399702E+02,-0.3216270E+01, 0.0000000E+00, 0.1407682E+01, 0.1550119E+02, 0.1369260E+02,
 0.8926000E+01, 0.1399702E+02,-0.3221063E+01, 0.0000000E+00, 0.1407838E+01, 0.1550582E+02, 0.1369260E+02,
 0.8928000E+01, 0.1399702E+02,-0.3225854E+01, 0.0000000E+00, 0.1407993E+01, 0.1551046E+02, 0.1369260E+02,
 0.8930000E+01, 0.1399702E+02,-0.3230642E+01, 0.0000000E+00, 0.1408149E+01, 0.1551509E+02, 0.1369260E+02,
 0.8932000E+01, 0.1399702E+02,-0.3235427E+01, 0.0000000E+00, 0.1408304E+01, 0.1551972E+02, 0.1369260E+02,
 0.8934000E+01, 0.1399702E+02,-0.3240210E+01, 0.0000000E+00, 0.1408460E+01, 0.1552435E+02, 0.1369260E+02,
 0.8936000E+01, 0.1399702E+02,-0.3244990E+01, 0.0000000E+00, 0.1408615E+01, 0.1552897E+02, 0.1369260E+02,
 0.8938000E+01, 0.1399702E+02,-0.3249768E+01, 0.0000000E+00, 0.1408770E+01, 0.1553360E+02, 0.1369260E+02,
 0.8940000E+01, 0.1399702E+02,-0.3254542E+01, 0.0000000E+00, 0.1408925E+01, 0.1553822E+02, 0.1369260E+02,
 0.8942000E+01, 0.1399702E+02,-0.3259315E+01, 0.0000000E+00, 0.1409080E+01, 0.1554283E+02, 0.1369260E+02,
 0.8944000E+01, 0.1399702E+02,-0.3264084E+01, 0.0000000E+00, 0.1409234E+01, 0.1554745E+02, 0.1369260E+02,
 0.8946000E+01, 0.1399702E+02,-0.3268851E+01, 0.0000000E+00, 0.1409389E+01, 0.1555206E+02, 0.1369260E+02,
 0.8948000E+01, 0.1399702E+02,-0.3273615E+01, 0.0000000E+00, 0.1409543E+01, 0.1555667E+02, 0.1369260E+02,
 0.8950000E+01, 0.1399702E+02,-0.3278377E+01, 0.0000000E+00, 0.1409698E+01, 0.1556128E+02, 0.1369260E+02,
 0.8952000E+01, 0.1399702E+02,-0.3283136E+01, 0.0000000E+00, 0.1409852E+01, 0.1556588E+02, 0.1369260E+02,
 0.8954000E+01, 0.1399702E+02,-0.3287892E+01, 0.0000000E+00, 0.1410006E+01, 0.1557049E+02, 0.1369260E+02,
 0.8956000E+01, 0.1399702E+02,-0.3292646E+01, 0.0000000E+00, 0.1410159E+01, 0.1557508E+02, 0.1369260E+02,
 0.8958000E+01, 0.1399702E+02,-0.3297397E+01, 0.0000000E+00, 0.1410313E+01, 0.1557968E+02, 0.1369260E+02,
 0.8960000E+01, 0.1399702E+02,-0.3302146E+01, 0.0000000E+00, 0.1410467E+01, 0.1558428E+02, 0.1369260E+02,
 0.8962000E+01, 0.1399702E+02,-0.3306891E+01, 0.0000000E+00, 0.1410620E+01, 0.1558887E+02, 0.1369260E+02,
 0.8964000E+01, 0.1399702E+02,-0.3311635E+01, 0.0000000E+00, 0.1410773E+01, 0.1559346E+02, 0.1369260E+02,
 0.8966000E+01, 0.1399702E+02,-0.3316375E+01, 0.0000000E+00, 0.1410927E+01, 0.1559805E+02, 0.1369260E+02,
 0.8968000E+01, 0.1399702E+02,-0.3321113E+01, 0.0000000E+00, 0.1411080E+01, 0.1560263E+02, 0.1369260E+02,
 0.8970000E+01, 0.1399702E+02,-0.3325848E+01, 0.0000000E+00, 0.1411232E+01, 0.1560721E+02, 0.1369260E+02,
 0.8972000E+01, 0.1399702E+02,-0.3330581E+01, 0.0000000E+00, 0.1411385E+01, 0.1561179E+02, 0.1369260E+02,
 0.8974000E+01, 0.1399702E+02,-0.3335311E+01, 0.0000000E+00, 0.1411538E+01, 0.1561637E+02, 0.1369260E+02,
 0.8976000E+01, 0.1399702E+02,-0.3340038E+01, 0.0000000E+00, 0.1411690E+01, 0.1562095E+02, 0.1369260E+02,
 0.8978000E+01, 0.1399702E+02,-0.3344763E+01, 0.0000000E+00, 0.1411842E+01, 0.1562552E+02, 0.1369260E+02,
 0.8980000E+01, 0.1399702E+02,-0.3349485E+01, 0.0000000E+00, 0.1411995E+01, 0.1563009E+02, 0.1369260E+02,
 0.8982000E+01, 0.1399702E+02,-0.3354204E+01, 0.0000000E+00, 0.1412147E+01, 0.1563466E+02, 0.1369260E+02,
 0.8984000E+01, 0.1399702E+02,-0.3358921E+01, 0.0000000E+00, 0.1412299E+01, 0.1563922E+02, 0.1369260E+02,
 0.8986000E+01, 0.1399702E+02,-0.3363635E+01, 0.0000000E+00, 0.1412450E+01, 0.1564378E+02, 0.1369260E+02,
 0.8988000E+01, 0.1399702E+02,-0.3368346E+01, 0.0000000E+00, 0.1412602E+01, 0.1564834E+02, 0.1369260E+02,
 0.8990000E+01, 0.1399702E+02,-0.3373055E+01, 0.0000000E+00, 0.1412754E+01, 0.1565290E+02, 0.1369260E+02,
 0.8992000E+01, 0.1399702E+02,-0.3377761E+01, 0.0000000E+00, 0.1412905E+01, 0.1565745E+02, 0.1369260E+02,
 0.8994000E+01, 0.1399702E+02,-0.3382465E+01, 0.0000000E+00, 0.1413056E+01, 0.1566201E+02, 0.1369260E+02,
 0.8996000E+01, 0.1399702E+02,-0.3387165E+01, 0.0000000E+00, 0.1413207E+01, 0.1566656E+02, 0.1369260E+02,
 0.8998000E+01, 0.1399702E+02,-0.3391864E+01, 0.0000000E+00, 0.1413358E+01, 0.1567110E+02, 0.1369260E+02,
 0.9000000E+01, 0.1399702E+02,-0.3396559E+01, 0.0000000E+00, 0.1413509E+01, 0.1567565E+02, 0.1369260E+02,
 0.9002000E+01, 0.1399702E+02,-0.3401252E+01, 0.0000000E+00, 0.1413660E+01, 0.1568019E+02, 0.1369260E+02,
 0.9004000E+01, 0.1399702E+02,-0.3405942E+01, 0.0000000E+00, 0.1413810E+01, 0.1568473E+02, 0.1369260E+02,
 0.9006000E+01, 0.1399702E+02,-0.3410630E+01, 0.0000000E+00, 0.1413961E+01, 0.1568927E+02, 0.1369260E+02,
 0.9008000E+01, 0.1399702E+02,-0.3415314E+01, 0.0000000E+00, 0.1414111E+01, 0.1569380E+02, 0.1369260E+02,
 0.9010000E+01, 0.1399702E+02,-0.3419997E+01, 0.0000000E+00, 0.1414261E+01, 0.1569833E+02, 0.1369260E+02,
 0.9012000E+01, 0.1399702E+02,-0.3424676E+01, 0.0000000E+00, 0.1414411E+01, 0.1570286E+02, 0.1369260E+02,
 0.9014000E+01, 0.1399702E+02,-0.3429353E+01, 0.0000000E+00, 0.1414561E+01, 0.1570739E+02, 0.1369260E+02,
 0.9016000E+01, 0.1399702E+02,-0.3434027E+01, 0.0000000E+00, 0.1414711E+01, 0.1571192E+02, 0.1369260E+02,
 0.9018000E+01, 0.1399702E+02,-0.3438699E+01, 0.0000000E+00, 0.1414860E+01, 0.1571644E+02, 0.1369260E+02,
 0.9020000E+01, 0.1399702E+02,-0.3443368E+01, 0.0000000E+00, 0.1415010E+01, 0.1572096E+02, 0.1369260E+02,
 0.9022000E+01, 0.1399702E+02,-0.3448035E+01, 0.0000000E+00, 0.1415159E+01, 0.1572547E+02, 0.1369260E+02,
 0.9024000E+01, 0.1399702E+02,-0.3452698E+01, 0.0000000E+00, 0.1415308E+01, 0.1572999E+02, 0.1369260E+02,
 0.9026000E+01, 0.1399702E+02,-0.3457359E+01, 0.0000000E+00, 0.1415457E+01, 0.1573450E+02, 0.1369260E+02,
 0.9028000E+01, 0.1399702E+02,-0.3462017E+01, 0.0000000E+00, 0.1415606E+01, 0.1573901E+02, 0.1369260E+02,
 0.9030000E+01, 0.1399702E+02,-0.3466673E+01, 0.0000000E+00, 0.1415755E+01, 0.1574352E+02, 0.1369260E+02,
 0.9032000E+01, 0.1399702E+02,-0.3471326E+01, 0.0000000E+00, 0.1415904E+01, 0.1574802E+02, 0.1369260E+02,
 0.9034000E+01, 0.1399702E+02,-0.3475976E+01, 0.0000000E+00, 0.1416052E+01, 0.1575252E+02, 0.1369260E+02,
 0.9036000E+01, 0.1399702E+02,-0.3480624E+01, 0.0000000E+00, 0.1416201E+01, 0.1575702E+02, 0.1369260E+02,
 0.9038000E+01, 0.1399702E+02,-0.3485269E+01, 0.0000000E+00, 0.1416349E+01, 0.1576152E+02, 0.1369260E+02,
 0.9040000E+01, 0.1399702E+02,-0.3489912E+01, 0.0000000E+00, 0.1416497E+01, 0.1576601E+02, 0.1369260E+02,
 0.9042000E+01, 0.1399702E+02,-0.3494551E+01, 0.0000000E+00, 0.1416645E+01, 0.1577050E+02, 0.1369260E+02,
 0.9044000E+01, 0.1399702E+02,-0.3499188E+01, 0.0000000E+00, 0.1416793E+01, 0.1577499E+02, 0.1369260E+02,
 0.9046000E+01, 0.1399702E+02,-0.3503823E+01, 0.0000000E+00, 0.1416941E+01, 0.1577948E+02, 0.1369260E+02,
 0.9048000E+01, 0.1399702E+02,-0.3508455E+01, 0.0000000E+00, 0.1417088E+01, 0.1578397E+02, 0.1369260E+02,
 0.9050000E+01, 0.1399702E+02,-0.3513083E+01, 0.0000000E+00, 0.1417236E+01, 0.1578845E+02, 0.1369260E+02,
 0.9052000E+01, 0.1399702E+02,-0.3517710E+01, 0.0000000E+00, 0.1417383E+01, 0.1579293E+02, 0.1369260E+02,
 0.9054000E+01, 0.1399702E+02,-0.3522334E+01, 0.0000000E+00, 0.1417530E+01, 0.1579740E+02, 0.1369260E+02,
 0.9056000E+01, 0.1399702E+02,-0.3526955E+01, 0.0000000E+00, 0.1417677E+01, 0.1580188E+02, 0.1369260E+02,
 0.9058000E+01, 0.1399702E+02,-0.3531573E+01, 0.0000000E+00, 0.1417824E+01, 0.1580635E+02, 0.1369260E+02,
 0.9060000E+01, 0.1399702E+02,-0.3536189E+01, 0.0000000E+00, 0.1417971E+01, 0.1581082E+02, 0.1369260E+02,
 0.9062000E+01, 0.1399702E+02,-0.3540802E+01, 0.0000000E+00, 0.1418118E+01, 0.1581528E+02, 0.1369260E+02,
 0.9064000E+01, 0.1399702E+02,-0.3545412E+01, 0.0000000E+00, 0.1418264E+01, 0.1581975E+02, 0.1369260E+02,
 0.9066000E+01, 0.1399702E+02,-0.3550020E+01, 0.0000000E+00, 0.1418410E+01, 0.1582421E+02, 0.1369260E+02,
 0.9068000E+01, 0.1399702E+02,-0.3554625E+01, 0.0000000E+00, 0.1418557E+01, 0.1582867E+02, 0.1369260E+02,
 0.9070000E+01, 0.1399702E+02,-0.3559228E+01, 0.0000000E+00, 0.1418703E+01, 0.1583312E+02, 0.1369260E+02,
 0.9072000E+01, 0.1399702E+02,-0.3563828E+01, 0.0000000E+00, 0.1418849E+01, 0.1583758E+02, 0.1369260E+02,
 0.9074000E+01, 0.1399702E+02,-0.3568424E+01, 0.0000000E+00, 0.1418995E+01, 0.1584203E+02, 0.1369260E+02,
 0.9076000E+01, 0.1399702E+02,-0.3573019E+01, 0.0000000E+00, 0.1419140E+01, 0.1584648E+02, 0.1369260E+02,
 0.9078000E+01, 0.1399702E+02,-0.3577611E+01, 0.0000000E+00, 0.1419286E+01, 0.1585092E+02, 0.1369260E+02,
 0.9080000E+01, 0.1399702E+02,-0.3582200E+01, 0.0000000E+00, 0.1419431E+01, 0.1585537E+02, 0.1369260E+02,
 0.9082000E+01, 0.1399702E+02,-0.3586786E+01, 0.0000000E+00, 0.1419577E+01, 0.1585981E+02, 0.1369260E+02,
 0.9084000E+01, 0.1399702E+02,-0.3591370E+01, 0.0000000E+00, 0.1419722E+01, 0.1586425E+02, 0.1369260E+02,
 0.9086000E+01, 0.1399702E+02,-0.3595951E+01, 0.0000000E+00, 0.1419867E+01, 0.1586868E+02, 0.1369260E+02,
 0.9088000E+01, 0.1399702E+02,-0.3600529E+01, 0.0000000E+00, 0.1420012E+01, 0.1587312E+02, 0.1369260E+02,
 0.9090000E+01, 0.1399702E+02,-0.3605105E+01, 0.0000000E+00, 0.1420157E+01, 0.1587755E+02, 0.1369260E+02,
 0.9092000E+01, 0.1399702E+02,-0.3609678E+01, 0.0000000E+00, 0.1420301E+01, 0.1588198E+02, 0.1369260E+02,
 0.9094000E+01, 0.1399702E+02,-0.3614249E+01, 0.0000000E+00, 0.1420446E+01, 0.1588640E+02, 0.1369260E+02,
 0.9096000E+01, 0.1399702E+02,-0.3618816E+01, 0.0000000E+00, 0.1420590E+01, 0.1589082E+02, 0.1369260E+02,
 0.9098000E+01, 0.1399702E+02,-0.3623381E+01, 0.0000000E+00, 0.1420735E+01, 0.1589524E+02, 0.1369260E+02,
 0.9100000E+01, 0.1399702E+02,-0.3627944E+01, 0.0000000E+00, 0.1420879E+01, 0.1589966E+02, 0.1369260E+02,
 0.9102000E+01, 0.1399702E+02,-0.3632504E+01, 0.0000000E+00, 0.1421023E+01, 0.1590408E+02, 0.1369260E+02,
 0.9104000E+01, 0.1399702E+02,-0.3637060E+01, 0.0000000E+00, 0.1421167E+01, 0.1590849E+02, 0.1369260E+02,
 0.9106000E+01, 0.1399702E+02,-0.3641615E+01, 0.0000000E+00, 0.1421310E+01, 0.1591290E+02, 0.1369260E+02,
 0.9108000E+01, 0.1399702E+02,-0.3646167E+01, 0.0000000E+00, 0.1421454E+01, 0.1591731E+02, 0.1369260E+02,
 0.9110000E+01, 0.1399702E+02,-0.3650716E+01, 0.0000000E+00, 0.1421598E+01, 0.1592172E+02, 0.1369260E+02,
 0.9112000E+01, 0.1399702E+02,-0.3655262E+01, 0.0000000E+00, 0.1421741E+01, 0.1592612E+02, 0.1369260E+02,
 0.9114000E+01, 0.1399702E+02,-0.3659806E+01, 0.0000000E+00, 0.1421884E+01, 0.1593052E+02, 0.1369260E+02,
 0.9116000E+01, 0.1399702E+02,-0.3664346E+01, 0.0000000E+00, 0.1422027E+01, 0.1593492E+02, 0.1369260E+02,
 0.9118000E+01, 0.1399702E+02,-0.3668885E+01, 0.0000000E+00, 0.1422170E+01, 0.1593931E+02, 0.1369260E+02,
 0.9120000E+01, 0.1399702E+02,-0.3673420E+01, 0.0000000E+00, 0.1422313E+01, 0.1594371E+02, 0.1369260E+02,
 0.9122000E+01, 0.1399702E+02,-0.3677953E+01, 0.0000000E+00, 0.1422456E+01, 0.1594810E+02, 0.1369260E+02,
 0.9124000E+01, 0.1399702E+02,-0.3682484E+01, 0.0000000E+00, 0.1422598E+01, 0.1595248E+02, 0.1369260E+02,
 0.9126000E+01, 0.1399702E+02,-0.3687011E+01, 0.0000000E+00, 0.1422741E+01, 0.1595687E+02, 0.1369260E+02,
 0.9128000E+01, 0.1399702E+02,-0.3691536E+01, 0.0000000E+00, 0.1422883E+01, 0.1596125E+02, 0.1369260E+02,
 0.9130000E+01, 0.1399702E+02,-0.3696059E+01, 0.0000000E+00, 0.1423025E+01, 0.1596563E+02, 0.1369260E+02,
 0.9132000E+01, 0.1399702E+02,-0.3700578E+01, 0.0000000E+00, 0.1423167E+01, 0.1597001E+02, 0.1369260E+02,
 0.9134000E+01, 0.1399702E+02,-0.3705095E+01, 0.0000000E+00, 0.1423309E+01, 0.1597438E+02, 0.1369260E+02,
 0.9136000E+01, 0.1399702E+02,-0.3709609E+01, 0.0000000E+00, 0.1423451E+01, 0.1597876E+02, 0.1369260E+02,
 0.9138000E+01, 0.1399702E+02,-0.3714121E+01, 0.0000000E+00, 0.1423593E+01, 0.1598313E+02, 0.1369260E+02,
 0.9140000E+01, 0.1399702E+02,-0.3718630E+01, 0.0000000E+00, 0.1423734E+01, 0.1598749E+02, 0.1369260E+02,
 0.9142000E+01, 0.1399702E+02,-0.3723136E+01, 0.0000000E+00, 0.1423876E+01, 0.1599186E+02, 0.1369260E+02,
 0.9144000E+01, 0.1399702E+02,-0.3727639E+01, 0.0000000E+00, 0.1424017E+01, 0.1599622E+02, 0.1369260E+02,
 0.9146000E+01, 0.1399702E+02,-0.3732140E+01, 0.0000000E+00, 0.1424158E+01, 0.1600058E+02, 0.1369260E+02,
 0.9148000E+01, 0.1399702E+02,-0.3736638E+01, 0.0000000E+00, 0.1424299E+01, 0.1600494E+02, 0.1369260E+02,
 0.9150000E+01, 0.1399702E+02,-0.3741134E+01, 0.0000000E+00, 0.1424440E+01, 0.1600929E+02, 0.1369260E+02,
 0.9152000E+01, 0.1399702E+02,-0.3745626E+01, 0.0000000E+00, 0.1424581E+01, 0.1601364E+02, 0.1369260E+02,
 0.9154000E+01, 0.1399702E+02,-0.3750117E+01, 0.0000000E+00, 0.1424722E+01, 0.1601799E+02, 0.1369260E+02,
 0.9156000E+01, 0.1399702E+02,-0.3754604E+01, 0.0000000E+00, 0.1424862E+01, 0.1602234E+02, 0.1369260E+02,
 0.9158000E+01, 0.1399702E+02,-0.3759089E+01, 0.0000000E+00, 0.1425002E+01, 0.1602668E+02, 0.1369260E+02,
 0.9160000E+01, 0.1399702E+02,-0.3763571E+01, 0.0000000E+00, 0.1425143E+01, 0.1603103E+02, 0.1369260E+02,
 0.9162000E+01, 0.1399702E+02,-0.3768050E+01, 0.0000000E+00, 0.1425283E+01, 0.1603537E+02, 0.1369260E+02,
 0.9164000E+01, 0.1399702E+02,-0.3772527E+01, 0.0000000E+00, 0.1425423E+01, 0.1603970E+02, 0.1369260E+02,
 0.9166000E+01, 0.1399702E+02,-0.3777001E+01, 0.0000000E+00, 0.1425563E+01, 0.1604404E+02, 0.1369260E+02,
 0.9168000E+01, 0.1399702E+02,-0.3781472E+01, 0.0000000E+00, 0.1425702E+01, 0.1604837E+02, 0.1369260E+02,
 0.9170000E+01, 0.1399702E+02,-0.3785941E+01, 0.0000000E+00, 0.1425842E+01, 0.1605270E+02, 0.1369260E+02,
 0.9172000E+01, 0.1399702E+02,-0.3790407E+01, 0.0000000E+00, 0.1425982E+01, 0.1605702E+02, 0.1369260E+02,
 0.9174000E+01, 0.1399702E+02,-0.3794870E+01, 0.0000000E+00, 0.1426121E+01, 0.1606135E+02, 0.1369260E+02,
 0.9176000E+01, 0.1399702E+02,-0.3799331E+01, 0.0000000E+00, 0.1426260E+01, 0.1606567E+02, 0.1369260E+02,
 0.9178000E+01, 0.1399702E+02,-0.3803789E+01, 0.0000000E+00, 0.1426399E+01, 0.1606999E+02, 0.1369260E+02,
 0.9180000E+01, 0.1399702E+02,-0.3808244E+01, 0.0000000E+00, 0.1426538E+01, 0.1607430E+02, 0.1369260E+02,
 0.9182000E+01, 0.1399702E+02,-0.3812696E+01, 0.0000000E+00, 0.1426677E+01, 0.1607862E+02, 0.1369260E+02,
 0.9184000E+01, 0.1399702E+02,-0.3817146E+01, 0.0000000E+00, 0.1426816E+01, 0.1608293E+02, 0.1369260E+02,
 0.9186000E+01, 0.1399702E+02,-0.3821594E+01, 0.0000000E+00, 0.1426954E+01, 0.1608724E+02, 0.1369260E+02,
 0.9188000E+01, 0.1399702E+02,-0.3826038E+01, 0.0000000E+00, 0.1427093E+01, 0.1609154E+02, 0.1369260E+02,
 0.9190000E+01, 0.1399702E+02,-0.3830480E+01, 0.0000000E+00, 0.1427231E+01, 0.1609585E+02, 0.1369260E+02,
 0.9192000E+01, 0.1399702E+02,-0.3834919E+01, 0.0000000E+00, 0.1427369E+01, 0.1610015E+02, 0.1369260E+02,
 0.9194000E+01, 0.1399702E+02,-0.3839355E+01, 0.0000000E+00, 0.1427508E+01, 0.1610445E+02, 0.1369260E+02,
 0.9196000E+01, 0.1399702E+02,-0.3843789E+01, 0.0000000E+00, 0.1427646E+01, 0.1610874E+02, 0.1369260E+02,
 0.9198000E+01, 0.1399702E+02,-0.3848220E+01, 0.0000000E+00, 0.1427783E+01, 0.1611304E+02, 0.1369260E+02,
 0.9200000E+01, 0.1399702E+02,-0.3852649E+01, 0.0000000E+00, 0.1427921E+01, 0.1611733E+02, 0.1369260E+02,
 0.9202000E+01, 0.1399702E+02,-0.3857074E+01, 0.0000000E+00, 0.1428059E+01, 0.1612161E+02, 0.1369260E+02,
 0.9204000E+01, 0.1399702E+02,-0.3861497E+01, 0.0000000E+00, 0.1428196E+01, 0.1612590E+02, 0.1369260E+02,
 0.9206000E+01, 0.1399702E+02,-0.3865918E+01, 0.0000000E+00, 0.1428334E+01, 0.1613018E+02, 0.1369260E+02,
 0.9208000E+01, 0.1399702E+02,-0.3870335E+01, 0.0000000E+00, 0.1428471E+01, 0.1613446E+02, 0.1369260E+02,
 0.9210000E+01, 0.1399702E+02,-0.3874750E+01, 0.0000000E+00, 0.1428608E+01, 0.1613874E+02, 0.1369260E+02,
 0.9212000E+01, 0.1399702E+02,-0.3879163E+01, 0.0000000E+00, 0.1428745E+01, 0.1614302E+02, 0.1369260E+02,
 0.9214000E+01, 0.1399702E+02,-0.3883572E+01, 0.0000000E+00, 0.1428882E+01, 0.1614729E+02, 0.1369260E+02,
 0.9216000E+01, 0.1399702E+02,-0.3887979E+01, 0.0000000E+00, 0.1429018E+01, 0.1615156E+02, 0.1369260E+02,
 0.9218000E+01, 0.1399702E+02,-0.3892383E+01, 0.0000000E+00, 0.1429155E+01, 0.1615583E+02, 0.1369260E+02,
 0.9220000E+01, 0.1399702E+02,-0.3896785E+01, 0.0000000E+00, 0.1429291E+01, 0.1616009E+02, 0.1369260E+02,
 0.9222000E+01, 0.1399702E+02,-0.3901184E+01, 0.0000000E+00, 0.1429428E+01, 0.1616435E+02, 0.1369260E+02,
 0.9224000E+01, 0.1399702E+02,-0.3905580E+01, 0.0000000E+00, 0.1429564E+01, 0.1616862E+02, 0.1369260E+02,
 0.9226000E+01, 0.1399702E+02,-0.3909973E+01, 0.0000000E+00, 0.1429700E+01, 0.1617287E+02, 0.1369260E+02,
 0.9228000E+01, 0.1399702E+02,-0.3914364E+01, 0.0000000E+00, 0.1429836E+01, 0.1617713E+02, 0.1369260E+02,
 0.9230000E+01, 0.1399702E+02,-0.3918752E+01, 0.0000000E+00, 0.1429972E+01, 0.1618138E+02, 0.1369260E+02,
 0.9232000E+01, 0.1399702E+02,-0.3923138E+01, 0.0000000E+00, 0.1430107E+01, 0.1618563E+02, 0.1369260E+02,
 0.9234000E+01, 0.1399702E+02,-0.3927520E+01, 0.0000000E+00, 0.1430243E+01, 0.1618988E+02, 0.1369260E+02,
 0.9236000E+01, 0.1399702E+02,-0.3931900E+01, 0.0000000E+00, 0.1430378E+01, 0.1619412E+02, 0.1369260E+02,
 0.9238000E+01, 0.1399702E+02,-0.3936278E+01, 0.0000000E+00, 0.1430514E+01, 0.1619836E+02, 0.1369260E+02,
 0.9240000E+01, 0.1399702E+02,-0.3940652E+01, 0.0000000E+00, 0.1430649E+01, 0.1620260E+02, 0.1369260E+02,
 0.9242000E+01, 0.1399702E+02,-0.3945024E+01, 0.0000000E+00, 0.1430784E+01, 0.1620684E+02, 0.1369260E+02,
 0.9244000E+01, 0.1399702E+02,-0.3949394E+01, 0.0000000E+00, 0.1430919E+01, 0.1621107E+02, 0.1369260E+02,
 0.9246000E+01, 0.1399702E+02,-0.3953760E+01, 0.0000000E+00, 0.1431054E+01, 0.1621531E+02, 0.1369260E+02,
 0.9248000E+01, 0.1399702E+02,-0.3958124E+01, 0.0000000E+00, 0.1431188E+01, 0.1621953E+02, 0.1369260E+02,
 0.9250000E+01, 0.1399702E+02,-0.3962485E+01, 0.0000000E+00, 0.1431323E+01, 0.1622376E+02, 0.1369260E+02,
 0.9252000E+01, 0.1399702E+02,-0.3966844E+01, 0.0000000E+00, 0.1431458E+01, 0.1622799E+02, 0.1369260E+02,
 0.9254000E+01, 0.1399702E+02,-0.3971200E+01, 0.0000000E+00, 0.1431592E+01, 0.1623221E+02, 0.1369260E+02,
 0.9256000E+01, 0.1399702E+02,-0.3975553E+01, 0.0000000E+00, 0.1431726E+01, 0.1623643E+02, 0.1369260E+02,
 0.9258000E+01, 0.1399702E+02,-0.3979903E+01, 0.0000000E+00, 0.1431860E+01, 0.1624064E+02, 0.1369260E+02,
 0.9260000E+01, 0.1399702E+02,-0.3984251E+01, 0.0000000E+00, 0.1431994E+01, 0.1624486E+02, 0.1369260E+02,
 0.9262000E+01, 0.1399702E+02,-0.3988596E+01, 0.0000000E+00, 0.1432128E+01, 0.1624907E+02, 0.1369260E+02,
 0.9264000E+01, 0.1399702E+02,-0.3992938E+01, 0.0000000E+00, 0.1432262E+01, 0.1625327E+02, 0.1369260E+02,
 0.9266000E+01, 0.1399702E+02,-0.3997278E+01, 0.0000000E+00, 0.1432395E+01, 0.1625748E+02, 0.1369260E+02,
 0.9268000E+01, 0.1399702E+02,-0.4001615E+01, 0.0000000E+00, 0.1432529E+01, 0.1626168E+02, 0.1369260E+02,
 0.9270000E+01, 0.1399702E+02,-0.4005949E+01, 0.0000000E+00, 0.1432662E+01, 0.1626589E+02, 0.1369260E+02,
 0.9272000E+01, 0.1399702E+02,-0.4010281E+01, 0.0000000E+00, 0.1432795E+01, 0.1627008E+02, 0.1369260E+02,
 0.9274000E+01, 0.1399702E+02,-0.4014610E+01, 0.0000000E+00, 0.1432928E+01, 0.1627428E+02, 0.1369260E+02,
 0.9276000E+01, 0.1399702E+02,-0.4018936E+01, 0.0000000E+00, 0.1433061E+01, 0.1627847E+02, 0.1369260E+02,
 0.9278000E+01, 0.1399702E+02,-0.4023260E+01, 0.0000000E+00, 0.1433194E+01, 0.1628266E+02, 0.1369260E+02,
 0.9280000E+01, 0.1399702E+02,-0.4027580E+01, 0.0000000E+00, 0.1433327E+01, 0.1628685E+02, 0.1369260E+02,
 0.9282000E+01, 0.1399702E+02,-0.4031898E+01, 0.0000000E+00, 0.1433460E+01, 0.1629104E+02, 0.1369260E+02,
 0.9284000E+01, 0.1399702E+02,-0.4036214E+01, 0.0000000E+00, 0.1433592E+01, 0.1629522E+02, 0.1369260E+02,
 0.9286000E+01, 0.1399702E+02,-0.4040527E+01, 0.0000000E+00, 0.1433724E+01, 0.1629940E+02, 0.1369260E+02,
 0.9288000E+01, 0.1399702E+02,-0.4044837E+01, 0.0000000E+00, 0.1433857E+01, 0.1630358E+02, 0.1369260E+02,
 0.9290000E+01, 0.1399702E+02,-0.4049144E+01, 0.0000000E+00, 0.1433989E+01, 0.1630775E+02, 0.1369260E+02,
 0.9292000E+01, 0.1399702E+02,-0.4053449E+01, 0.0000000E+00, 0.1434121E+01, 0.1631193E+02, 0.1369260E+02,
 0.9294000E+01, 0.1399702E+02,-0.4057751E+01, 0.0000000E+00, 0.1434253E+01, 0.1631610E+02, 0.1369260E+02,
 0.9296000E+01, 0.1399702E+02,-0.4062050E+01, 0.0000000E+00, 0.1434384E+01, 0.1632026E+02, 0.1369260E+02,
 0.9298000E+01, 0.1399702E+02,-0.4066347E+01, 0.0000000E+00, 0.1434516E+01, 0.1632443E+02, 0.1369260E+02,
 0.9300000E+01, 0.1399702E+02,-0.4070641E+01, 0.0000000E+00, 0.1434647E+01, 0.1632859E+02, 0.1369260E+02,
 0.9302000E+01, 0.1399702E+02,-0.4074932E+01, 0.0000000E+00, 0.1434779E+01, 0.1633275E+02, 0.1369260E+02,
 0.9304000E+01, 0.1399702E+02,-0.4079221E+01, 0.0000000E+00, 0.1434910E+01, 0.1633691E+02, 0.1369260E+02,
 0.9306000E+01, 0.1399702E+02,-0.4083507E+01, 0.0000000E+00, 0.1435041E+01, 0.1634106E+02, 0.1369260E+02,
 0.9308000E+01, 0.1399702E+02,-0.4087790E+01, 0.0000000E+00, 0.1435172E+01, 0.1634521E+02, 0.1369260E+02,
 0.9310000E+01, 0.1399702E+02,-0.4092070E+01, 0.0000000E+00, 0.1435303E+01, 0.1634937E+02, 0.1369260E+02,
 0.9312000E+01, 0.1399702E+02,-0.4096348E+01, 0.0000000E+00, 0.1435434E+01, 0.1635351E+02, 0.1369260E+02,
 0.9314000E+01, 0.1399702E+02,-0.4100623E+01, 0.0000000E+00, 0.1435565E+01, 0.1635766E+02, 0.1369260E+02,
 0.9316000E+01, 0.1399702E+02,-0.4104896E+01, 0.0000000E+00, 0.1435695E+01, 0.1636180E+02, 0.1369260E+02,
 0.9318000E+01, 0.1399702E+02,-0.4109165E+01, 0.0000000E+00, 0.1435825E+01, 0.1636594E+02, 0.1369260E+02,
 0.9320000E+01, 0.1399702E+02,-0.4113432E+01, 0.0000000E+00, 0.1435956E+01, 0.1637008E+02, 0.1369260E+02,
 0.9322000E+01, 0.1399702E+02,-0.4117696E+01, 0.0000000E+00, 0.1436086E+01, 0.1637421E+02, 0.1369260E+02,
 0.9324000E+01, 0.1399702E+02,-0.4121958E+01, 0.0000000E+00, 0.1436216E+01, 0.1637834E+02, 0.1369260E+02,
 0.9326000E+01, 0.1399702E+02,-0.4126217E+01, 0.0000000E+00, 0.1436346E+01, 0.1638247E+02, 0.1369260E+02,
 0.9328000E+01, 0.1399702E+02,-0.4130473E+01, 0.0000000E+00, 0.1436476E+01, 0.1638660E+02, 0.1369260E+02,
 0.9330000E+01, 0.1399702E+02,-0.4134727E+01, 0.0000000E+00, 0.1436605E+01, 0.1639072E+02, 0.1369260E+02,
 0.9332000E+01, 0.1399702E+02,-0.4138978E+01, 0.0000000E+00, 0.1436735E+01, 0.1639484E+02, 0.1369260E+02,
 0.9334000E+01, 0.1399702E+02,-0.4143226E+01, 0.0000000E+00, 0.1436864E+01, 0.1639896E+02, 0.1369260E+02,
 0.9336000E+01, 0.1399702E+02,-0.4147471E+01, 0.0000000E+00, 0.1436994E+01, 0.1640308E+02, 0.1369260E+02,
 0.9338000E+01, 0.1399702E+02,-0.4151714E+01, 0.0000000E+00, 0.1437123E+01, 0.1640719E+02, 0.1369260E+02,
 0.9340000E+01, 0.1399702E+02,-0.4155954E+01, 0.0000000E+00, 0.1437252E+01, 0.1641130E+02, 0.1369260E+02,
 0.9342000E+01, 0.1399702E+02,-0.4160192E+01, 0.0000000E+00, 0.1437381E+01, 0.1641541E+02, 0.1369260E+02,
 0.9344000E+01, 0.1399702E+02,-0.4164426E+01, 0.0000000E+00, 0.1437510E+01, 0.1641952E+02, 0.1369260E+02,
 0.9346000E+01, 0.1399702E+02,-0.4168658E+01, 0.0000000E+00, 0.1437639E+01, 0.1642362E+02, 0.1369260E+02,
 0.9348000E+01, 0.1399702E+02,-0.4172888E+01, 0.0000000E+00, 0.1437767E+01, 0.1642772E+02, 0.1369260E+02,
 0.9350000E+01, 0.1399702E+02,-0.4177114E+01, 0.0000000E+00, 0.1437896E+01, 0.1643182E+02, 0.1369260E+02,
 0.9352000E+01, 0.1399702E+02,-0.4181338E+01, 0.0000000E+00, 0.1438024E+01, 0.1643591E+02, 0.1369260E+02,
 0.9354000E+01, 0.1399702E+02,-0.4185560E+01, 0.0000000E+00, 0.1438152E+01, 0.1644001E+02, 0.1369260E+02,
 0.9356000E+01, 0.1399702E+02,-0.4189778E+01, 0.0000000E+00, 0.1438280E+01, 0.1644410E+02, 0.1369260E+02,
 0.9358000E+01, 0.1399702E+02,-0.4193994E+01, 0.0000000E+00, 0.1438408E+01, 0.1644818E+02, 0.1369260E+02,
 0.9360000E+01, 0.1399702E+02,-0.4198207E+01, 0.0000000E+00, 0.1438536E+01, 0.1645227E+02, 0.1369260E+02,
 0.9362000E+01, 0.1399702E+02,-0.4202418E+01, 0.0000000E+00, 0.1438664E+01, 0.1645635E+02, 0.1369260E+02,
 0.9364000E+01, 0.1399702E+02,-0.4206625E+01, 0.0000000E+00, 0.1438792E+01, 0.1646043E+02, 0.1369260E+02,
 0.9366000E+01, 0.1399702E+02,-0.4210831E+01, 0.0000000E+00, 0.1438919E+01, 0.1646451E+02, 0.1369260E+02,
 0.9368000E+01, 0.1399702E+02,-0.4215033E+01, 0.0000000E+00, 0.1439047E+01, 0.1646858E+02, 0.1369260E+02,
 0.9370000E+01, 0.1399702E+02,-0.4219233E+01, 0.0000000E+00, 0.1439174E+01, 0.1647266E+02, 0.1369260E+02,
 0.9372000E+01, 0.1399702E+02,-0.4223430E+01, 0.0000000E+00, 0.1439301E+01, 0.1647673E+02, 0.1369260E+02,
 0.9374000E+01, 0.1399702E+02,-0.4227624E+01, 0.0000000E+00, 0.1439428E+01, 0.1648079E+02, 0.1369260E+02,
 0.9376000E+01, 0.1399702E+02,-0.4231816E+01, 0.0000000E+00, 0.1439555E+01, 0.1648486E+02, 0.1369260E+02,
 0.9378000E+01, 0.1399702E+02,-0.4236005E+01, 0.0000000E+00, 0.1439682E+01, 0.1648892E+02, 0.1369260E+02,
 0.9380000E+01, 0.1399702E+02,-0.4240191E+01, 0.0000000E+00, 0.1439809E+01, 0.1649298E+02, 0.1369260E+02,
 0.9382000E+01, 0.1399702E+02,-0.4244375E+01, 0.0000000E+00, 0.1439935E+01, 0.1649704E+02, 0.1369260E+02,
 0.9384000E+01, 0.1399702E+02,-0.4248556E+01, 0.0000000E+00, 0.1440062E+01, 0.1650109E+02, 0.1369260E+02,
 0.9386000E+01, 0.1399702E+02,-0.4252734E+01, 0.0000000E+00, 0.1440188E+01, 0.1650514E+02, 0.1369260E+02,
 0.9388000E+01, 0.1399702E+02,-0.4256909E+01, 0.0000000E+00, 0.1440314E+01, 0.1650919E+02, 0.1369260E+02,
 0.9390000E+01, 0.1399702E+02,-0.4261082E+01, 0.0000000E+00, 0.1440440E+01, 0.1651324E+02, 0.1369260E+02,
 0.9392000E+01, 0.1399702E+02,-0.4265252E+01, 0.0000000E+00, 0.1440566E+01, 0.1651728E+02, 0.1369260E+02,
 0.9394000E+01, 0.1399702E+02,-0.4269420E+01, 0.0000000E+00, 0.1440692E+01, 0.1652133E+02, 0.1369260E+02,
 0.9396000E+01, 0.1399702E+02,-0.4273584E+01, 0.0000000E+00, 0.1440818E+01, 0.1652536E+02, 0.1369260E+02,
 0.9398000E+01, 0.1399702E+02,-0.4277747E+01, 0.0000000E+00, 0.1440944E+01, 0.1652940E+02, 0.1369260E+02,
 0.9400000E+01, 0.1399702E+02,-0.4281906E+01, 0.0000000E+00, 0.1441069E+01, 0.1653344E+02, 0.1369260E+02,
 0.9402000E+01, 0.1399702E+02,-0.4286063E+01, 0.0000000E+00, 0.1441195E+01, 0.1653747E+02, 0.1369260E+02,
 0.9404000E+01, 0.1399702E+02,-0.4290216E+01, 0.0000000E+00, 0.1441320E+01, 0.1654149E+02, 0.1369260E+02,
 0.9406000E+01, 0.1399702E+02,-0.4294368E+01, 0.0000000E+00, 0.1441445E+01, 0.1654552E+02, 0.1369260E+02,
 0.9408000E+01, 0.1399702E+02,-0.4298516E+01, 0.0000000E+00, 0.1441570E+01, 0.1654955E+02, 0.1369260E+02,
 0.9410000E+01, 0.1399702E+02,-0.4302662E+01, 0.0000000E+00, 0.1441695E+01, 0.1655357E+02, 0.1369260E+02,
 0.9412000E+01, 0.1399702E+02,-0.4306806E+01, 0.0000000E+00, 0.1441820E+01, 0.1655758E+02, 0.1369260E+02,
 0.9414000E+01, 0.1399702E+02,-0.4310946E+01, 0.0000000E+00, 0.1441945E+01, 0.1656160E+02, 0.1369260E+02,
 0.9416000E+01, 0.1399702E+02,-0.4315084E+01, 0.0000000E+00, 0.1442069E+01, 0.1656561E+02, 0.1369260E+02,
 0.9418000E+01, 0.1399702E+02,-0.4319219E+01, 0.0000000E+00, 0.1442194E+01, 0.1656962E+02, 0.1369260E+02,
 0.9420000E+01, 0.1399702E+02,-0.4323352E+01, 0.0000000E+00, 0.1442318E+01, 0.1657363E+02, 0.1369260E+02,
 0.9422000E+01, 0.1399702E+02,-0.4327482E+01, 0.0000000E+00, 0.1442442E+01, 0.1657764E+02, 0.1369260E+02,
 0.9424000E+01, 0.1399702E+02,-0.4331609E+01, 0.0000000E+00, 0.1442566E+01, 0.1658164E+02, 0.1369260E+02,
 0.9426000E+01, 0.1399702E+02,-0.4335733E+01, 0.0000000E+00, 0.1442690E+01, 0.1658564E+02, 0.1369260E+02,
 0.9428000E+01, 0.1399702E+02,-0.4339855E+01, 0.0000000E+00, 0.1442814E+01, 0.1658964E+02, 0.1369260E+02,
 0.9430000E+01, 0.1399702E+02,-0.4343974E+01, 0.0000000E+00, 0.1442938E+01, 0.1659363E+02, 0.1369260E+02,
 0.9432000E+01, 0.1399702E+02,-0.4348090E+01, 0.0000000E+00, 0.1443062E+01, 0.1659763E+02, 0.1369260E+02,
 0.9434000E+01, 0.1399702E+02,-0.4352204E+01, 0.0000000E+00, 0.1443185E+01, 0.1660162E+02, 0.1369260E+02,
 0.9436000E+01, 0.1399702E+02,-0.4356315E+01, 0.0000000E+00, 0.1443309E+01, 0.1660560E+02, 0.1369260E+02,
 0.9438000E+01, 0.1399702E+02,-0.4360423E+01, 0.0000000E+00, 0.1443432E+01, 0.1660959E+02, 0.1369260E+02,
 0.9440000E+01, 0.1399702E+02,-0.4364529E+01, 0.0000000E+00, 0.1443555E+01, 0.1661357E+02, 0.1369260E+02,
 0.9442000E+01, 0.1399702E+02,-0.4368632E+01, 0.0000000E+00, 0.1443678E+01, 0.1661755E+02, 0.1369260E+02,
 0.9444000E+01, 0.1399702E+02,-0.4372732E+01, 0.0000000E+00, 0.1443801E+01, 0.1662153E+02, 0.1369260E+02,
 0.9446000E+01, 0.1399702E+02,-0.4376830E+01, 0.0000000E+00, 0.1443924E+01, 0.1662550E+02, 0.1369260E+02,
 0.9448000E+01, 0.1399702E+02,-0.4380925E+01, 0.0000000E+00, 0.1444047E+01, 0.1662948E+02, 0.1369260E+02,
 0.9450000E+01, 0.1399702E+02,-0.4385016E+01, 0.0000000E+00, 0.1444169E+01, 0.1663345E+02, 0.1369260E+02,
 0.9452000E+01, 0.1399702E+02,-0.4389106E+01, 0.0000000E+00, 0.1444292E+01, 0.1663741E+02, 0.1369260E+02,
 0.9454000E+01, 0.1399702E+02,-0.4393193E+01, 0.0000000E+00, 0.1444414E+01, 0.1664138E+02, 0.1369260E+02,
 0.9456000E+01, 0.1399702E+02,-0.4397277E+01, 0.0000000E+00, 0.1444536E+01, 0.1664534E+02, 0.1369260E+02,
 0.9458000E+01, 0.1399702E+02,-0.4401359E+01, 0.0000000E+00, 0.1444659E+01, 0.1664930E+02, 0.1369260E+02,
 0.9460000E+01, 0.1399702E+02,-0.4405437E+01, 0.0000000E+00, 0.1444781E+01, 0.1665326E+02, 0.1369260E+02,
 0.9462000E+01, 0.1399702E+02,-0.4409513E+01, 0.0000000E+00, 0.1444903E+01, 0.1665721E+02, 0.1369260E+02,
 0.9464000E+01, 0.1399702E+02,-0.4413587E+01, 0.0000000E+00, 0.1445024E+01, 0.1666116E+02, 0.1369260E+02,
 0.9466000E+01, 0.1399702E+02,-0.4417657E+01, 0.0000000E+00, 0.1445146E+01, 0.1666511E+02, 0.1369260E+02,
 0.9468000E+01, 0.1399702E+02,-0.4421726E+01, 0.0000000E+00, 0.1445268E+01, 0.1666906E+02, 0.1369260E+02,
 0.9470000E+01, 0.1399702E+02,-0.4425791E+01, 0.0000000E+00, 0.1445389E+01, 0.1667300E+02, 0.1369260E+02,
 0.9472000E+01, 0.1399702E+02,-0.4429853E+01, 0.0000000E+00, 0.1445511E+01, 0.1667694E+02, 0.1369260E+02,
 0.9474000E+01, 0.1399702E+02,-0.4433914E+01, 0.0000000E+00, 0.1445632E+01, 0.1668088E+02, 0.1369260E+02,
 0.9476000E+01, 0.1399702E+02,-0.4437971E+01, 0.0000000E+00, 0.1445753E+01, 0.1668482E+02, 0.1369260E+02,
 0.9478000E+01, 0.1399702E+02,-0.4442026E+01, 0.0000000E+00, 0.1445874E+01, 0.1668875E+02, 0.1369260E+02,
 0.9480000E+01, 0.1399702E+02,-0.4446077E+01, 0.0000000E+00, 0.1445995E+01, 0.1669268E+02, 0.1369260E+02,
 0.9482000E+01, 0.1399702E+02,-0.4450127E+01, 0.0000000E+00, 0.1446115E+01, 0.1669661E+02, 0.1369260E+02,
 0.9484000E+01, 0.1399702E+02,-0.4454174E+01, 0.0000000E+00, 0.1446236E+01, 0.1670053E+02, 0.1369260E+02,
 0.9486000E+01, 0.1399702E+02,-0.4458217E+01, 0.0000000E+00, 0.1446357E+01, 0.1670446E+02, 0.1369260E+02,
 0.9488000E+01, 0.1399702E+02,-0.4462258E+01, 0.0000000E+00, 0.1446477E+01, 0.1670838E+02, 0.1369260E+02,
 0.9490000E+01, 0.1399702E+02,-0.4466297E+01, 0.0000000E+00, 0.1446597E+01, 0.1671230E+02, 0.1369260E+02,
 0.9492000E+01, 0.1399702E+02,-0.4470333E+01, 0.0000000E+00, 0.1446718E+01, 0.1671621E+02, 0.1369260E+02,
 0.9494000E+01, 0.1399702E+02,-0.4474366E+01, 0.0000000E+00, 0.1446838E+01, 0.1672013E+02, 0.1369260E+02,
 0.9496000E+01, 0.1399702E+02,-0.4478396E+01, 0.0000000E+00, 0.1446958E+01, 0.1672404E+02, 0.1369260E+02,
 0.9498000E+01, 0.1399702E+02,-0.4482424E+01, 0.0000000E+00, 0.1447078E+01, 0.1672795E+02, 0.1369260E+02,
 0.9500000E+01, 0.1399702E+02,-0.4486449E+01, 0.0000000E+00, 0.1447197E+01, 0.1673185E+02, 0.1369260E+02,
 0.9502000E+01, 0.1399702E+02,-0.4490472E+01, 0.0000000E+00, 0.1447317E+01, 0.1673575E+02, 0.1369260E+02,
 0.9504000E+01, 0.1399702E+02,-0.4494492E+01, 0.0000000E+00, 0.1447437E+01, 0.1673965E+02, 0.1369260E+02,
 0.9506000E+01, 0.1399702E+02,-0.4498509E+01, 0.0000000E+00, 0.1447556E+01, 0.1674355E+02, 0.1369260E+02,
 0.9508000E+01, 0.1399702E+02,-0.4502523E+01, 0.0000000E+00, 0.1447675E+01, 0.1674745E+02, 0.1369260E+02,
 0.9510000E+01, 0.1399702E+02,-0.4506535E+01, 0.0000000E+00, 0.1447794E+01, 0.1675134E+02, 0.1369260E+02,
 0.9512000E+01, 0.1399702E+02,-0.4510544E+01, 0.0000000E+00, 0.1447914E+01, 0.1675523E+02, 0.1369260E+02,
 0.9514000E+01, 0.1399702E+02,-0.4514550E+01, 0.0000000E+00, 0.1448032E+01, 0.1675912E+02, 0.1369260E+02,
 0.9516000E+01, 0.1399702E+02,-0.4518554E+01, 0.0000000E+00, 0.1448151E+01, 0.1676300E+02, 0.1369260E+02,
 0.9518000E+01, 0.1399702E+02,-0.4522555E+01, 0.0000000E+00, 0.1448270E+01, 0.1676688E+02, 0.1369260E+02,
 0.9520000E+01, 0.1399702E+02,-0.4526554E+01, 0.0000000E+00, 0.1448389E+01, 0.1677076E+02, 0.1369260E+02,
 0.9522000E+01, 0.1399702E+02,-0.4530549E+01, 0.0000000E+00, 0.1448507E+01, 0.1677464E+02, 0.1369260E+02,
 0.9524000E+01, 0.1399702E+02,-0.4534542E+01, 0.0000000E+00, 0.1448626E+01, 0.1677851E+02, 0.1369260E+02,
 0.9526000E+01, 0.1399702E+02,-0.4538533E+01, 0.0000000E+00, 0.1448744E+01, 0.1678239E+02, 0.1369260E+02,
 0.9528000E+01, 0.1399702E+02,-0.4542520E+01, 0.0000000E+00, 0.1448862E+01, 0.1678626E+02, 0.1369260E+02,
 0.9530000E+01, 0.1399702E+02,-0.4546505E+01, 0.0000000E+00, 0.1448980E+01, 0.1679012E+02, 0.1369260E+02,
 0.9532000E+01, 0.1399702E+02,-0.4550488E+01, 0.0000000E+00, 0.1449098E+01, 0.1679399E+02, 0.1369260E+02,
 0.9534000E+01, 0.1399702E+02,-0.4554467E+01, 0.0000000E+00, 0.1449216E+01, 0.1679785E+02, 0.1369260E+02,
 0.9536000E+01, 0.1399702E+02,-0.4558444E+01, 0.0000000E+00, 0.1449334E+01, 0.1680171E+02, 0.1369260E+02,
 0.9538000E+01, 0.1399702E+02,-0.4562418E+01, 0.0000000E+00, 0.1449451E+01, 0.1680556E+02, 0.1369260E+02,
 0.9540000E+01, 0.1399702E+02,-0.4566390E+01, 0.0000000E+00, 0.1449569E+01, 0.1680942E+02, 0.1369260E+02,
 0.9542000E+01, 0.1399702E+02,-0.4570359E+01, 0.0000000E+00, 0.1449686E+01, 0.1681327E+02, 0.1369260E+02,
 0.9544000E+01, 0.1399702E+02,-0.4574325E+01, 0.0000000E+00, 0.1449804E+01, 0.1681712E+02, 0.1369260E+02,
 0.9546000E+01, 0.1399702E+02,-0.4578289E+01, 0.0000000E+00, 0.1449921E+01, 0.1682097E+02, 0.1369260E+02,
 0.9548000E+01, 0.1399702E+02,-0.4582250E+01, 0.0000000E+00, 0.1450038E+01, 0.1682481E+02, 0.1369260E+02,
 0.9550000E+01, 0.1399702E+02,-0.4586208E+01, 0.0000000E+00, 0.1450155E+01, 0.1682865E+02, 0.1369260E+02,
 0.9552000E+01, 0.1399702E+02,-0.4590164E+01, 0.0000000E+00, 0.1450272E+01, 0.1683249E+02, 0.1369260E+02,
 0.9554000E+01, 0.1399702E+02,-0.4594117E+01, 0.0000000E+00, 0.1450388E+01, 0.1683633E+02, 0.1369260E+02,
 0.9556000E+01, 0.1399702E+02,-0.4598067E+01, 0.0000000E+00, 0.1450505E+01, 0.1684016E+02, 0.1369260E+02,
 0.9558000E+01, 0.1399702E+02,-0.4602015E+01, 0.0000000E+00, 0.1450622E+01, 0.1684399E+02, 0.1369260E+02,
 0.9560000E+01, 0.1399702E+02,-0.4605959E+01, 0.0000000E+00, 0.1450738E+01, 0.1684782E+02, 0.1369260E+02,
 0.9562000E+01, 0.1399702E+02,-0.4609901E+01, 0.0000000E+00, 0.1450854E+01, 0.1685165E+02, 0.1369260E+02,
 0.9564000E+01, 0.1399702E+02,-0.4613841E+01, 0.0000000E+00, 0.1450970E+01, 0.1685547E+02, 0.1369260E+02,
 0.9566000E+01, 0.1399702E+02,-0.4617778E+01, 0.0000000E+00, 0.1451087E+01, 0.1685929E+02, 0.1369260E+02,
 0.9568000E+01, 0.1399702E+02,-0.4621712E+01, 0.0000000E+00, 0.1451203E+01, 0.1686311E+02, 0.1369260E+02,
 0.9570000E+01, 0.1399702E+02,-0.4625644E+01, 0.0000000E+00, 0.1451318E+01, 0.1686692E+02, 0.1369260E+02,
 0.9572000E+01, 0.1399702E+02,-0.4629573E+01, 0.0000000E+00, 0.1451434E+01, 0.1687074E+02, 0.1369260E+02,
 0.9574000E+01, 0.1399702E+02,-0.4633499E+01, 0.0000000E+00, 0.1451550E+01, 0.1687455E+02, 0.1369260E+02,
 0.9576000E+01, 0.1399702E+02,-0.4637423E+01, 0.0000000E+00, 0.1451665E+01, 0.1687836E+02, 0.1369260E+02,
 0.9578000E+01, 0.1399702E+02,-0.4641344E+01, 0.0000000E+00, 0.1451781E+01, 0.1688216E+02, 0.1369260E+02,
 0.9580000E+01, 0.1399702E+02,-0.4645262E+01, 0.0000000E+00, 0.1451896E+01, 0.1688596E+02, 0.1369260E+02,
 0.9582000E+01, 0.1399702E+02,-0.4649178E+01, 0.0000000E+00, 0.1452011E+01, 0.1688976E+02, 0.1369260E+02,
 0.9584000E+01, 0.1399702E+02,-0.4653090E+01, 0.0000000E+00, 0.1452126E+01, 0.1689356E+02, 0.1369260E+02,
 0.9586000E+01, 0.1399702E+02,-0.4657001E+01, 0.0000000E+00, 0.1452241E+01, 0.1689736E+02, 0.1369260E+02,
 0.9588000E+01, 0.1399702E+02,-0.4660908E+01, 0.0000000E+00, 0.1452356E+01, 0.1690115E+02, 0.1369260E+02,
 0.9590000E+01, 0.1399702E+02,-0.4664813E+01, 0.0000000E+00, 0.1452471E+01, 0.1690494E+02, 0.1369260E+02,
 0.9592000E+01, 0.1399702E+02,-0.4668715E+01, 0.0000000E+00, 0.1452585E+01, 0.1690873E+02, 0.1369260E+02,
 0.9594000E+01, 0.1399702E+02,-0.4672615E+01, 0.0000000E+00, 0.1452700E+01, 0.1691251E+02, 0.1369260E+02,
 0.9596000E+01, 0.1399702E+02,-0.4676512E+01, 0.0000000E+00, 0.1452814E+01, 0.1691630E+02, 0.1369260E+02,
 0.9598000E+01, 0.1399702E+02,-0.4680406E+01, 0.0000000E+00, 0.1452929E+01, 0.1692008E+02, 0.1369260E+02,
 0.9600000E+01, 0.1399702E+02,-0.4684298E+01, 0.0000000E+00, 0.1453043E+01, 0.1692385E+02, 0.1369260E+02,
 0.9602000E+01, 0.1399702E+02,-0.4688187E+01, 0.0000000E+00, 0.1453157E+01, 0.1692763E+02, 0.1369260E+02,
 0.9604000E+01, 0.1399702E+02,-0.4692073E+01, 0.0000000E+00, 0.1453271E+01, 0.1693140E+02, 0.1369260E+02,
 0.9606000E+01, 0.1399702E+02,-0.4695957E+01, 0.0000000E+00, 0.1453385E+01, 0.1693517E+02, 0.1369260E+02,
 0.9608000E+01, 0.1399702E+02,-0.4699838E+01, 0.0000000E+00, 0.1453499E+01, 0.1693894E+02, 0.1369260E+02,
 0.9610000E+01, 0.1399702E+02,-0.4703716E+01, 0.0000000E+00, 0.1453612E+01, 0.1694270E+02, 0.1369260E+02,
 0.9612000E+01, 0.1399702E+02,-0.4707592E+01, 0.0000000E+00, 0.1453726E+01, 0.1694646E+02, 0.1369260E+02,
 0.9614000E+01, 0.1399702E+02,-0.4711464E+01, 0.0000000E+00, 0.1453839E+01, 0.1695022E+02, 0.1369260E+02,
 0.9616000E+01, 0.1399702E+02,-0.4715335E+01, 0.0000000E+00, 0.1453953E+01, 0.1695398E+02, 0.1369260E+02,
 0.9618000E+01, 0.1399702E+02,-0.4719203E+01, 0.0000000E+00, 0.1454066E+01, 0.1695774E+02, 0.1369260E+02,
 0.9620000E+01, 0.1399702E+02,-0.4723068E+01, 0.0000000E+00, 0.1454179E+01, 0.1696149E+02, 0.1369260E+02,
 0.9622000E+01, 0.1399702E+02,-0.4726930E+01, 0.0000000E+00, 0.1454292E+01, 0.1696524E+02, 0.1369260E+02,
 0.9624000E+01, 0.1399702E+02,-0.4730790E+01, 0.0000000E+00, 0.1454405E+01, 0.1696898E+02, 0.1369260E+02,
 0.9626000E+01, 0.1399702E+02,-0.4734647E+01, 0.0000000E+00, 0.1454518E+01, 0.1697273E+02, 0.1369260E+02,
 0.9628000E+01, 0.1399702E+02,-0.4738501E+01, 0.0000000E+00, 0.1454631E+01, 0.1697647E+02, 0.1369260E+02,
 0.9630000E+01, 0.1399702E+02,-0.4742353E+01, 0.0000000E+00, 0.1454743E+01, 0.1698021E+02, 0.1369260E+02,
 0.9632000E+01, 0.1399702E+02,-0.4746202E+01, 0.0000000E+00, 0.1454856E+01, 0.1698394E+02, 0.1369260E+02,
 0.9634000E+01, 0.1399702E+02,-0.4750049E+01, 0.0000000E+00, 0.1454968E+01, 0.1698768E+02, 0.1369260E+02,
 0.9636000E+01, 0.1399702E+02,-0.4753892E+01, 0.0000000E+00, 0.1455080E+01, 0.1699141E+02, 0.1369260E+02,
 0.9638000E+01, 0.1399702E+02,-0.4757734E+01, 0.0000000E+00, 0.1455192E+01, 0.1699514E+02, 0.1369260E+02,
 0.9640000E+01, 0.1399702E+02,-0.4761572E+01, 0.0000000E+00, 0.1455305E+01, 0.1699887E+02, 0.1369260E+02,
 0.9642000E+01, 0.1399702E+02,-0.4765408E+01, 0.0000000E+00, 0.1455417E+01, 0.1700259E+02, 0.1369260E+02,
 0.9644000E+01, 0.1399702E+02,-0.4769241E+01, 0.0000000E+00, 0.1455528E+01, 0.1700631E+02, 0.1369260E+02,
 0.9646000E+01, 0.1399702E+02,-0.4773072E+01, 0.0000000E+00, 0.1455640E+01, 0.1701003E+02, 0.1369260E+02,
 0.9648000E+01, 0.1399702E+02,-0.4776900E+01, 0.0000000E+00, 0.1455752E+01, 0.1701375E+02, 0.1369260E+02,
 0.9650000E+01, 0.1399702E+02,-0.4780725E+01, 0.0000000E+00, 0.1455863E+01, 0.1701746E+02, 0.1369260E+02,
 0.9652000E+01, 0.1399702E+02,-0.4784547E+01, 0.0000000E+00, 0.1455975E+01, 0.1702117E+02, 0.1369260E+02,
 0.9654000E+01, 0.1399702E+02,-0.4788367E+01, 0.0000000E+00, 0.1456086E+01, 0.1702488E+02, 0.1369260E+02,
 0.9656000E+01, 0.1399702E+02,-0.4792185E+01, 0.0000000E+00, 0.1456197E+01, 0.1702859E+02, 0.1369260E+02,
 0.9658000E+01, 0.1399702E+02,-0.4796000E+01, 0.0000000E+00, 0.1456308E+01, 0.1703229E+02, 0.1369260E+02,
 0.9660000E+01, 0.1399702E+02,-0.4799811E+01, 0.0000000E+00, 0.1456419E+01, 0.1703599E+02, 0.1369260E+02,
 0.9662000E+01, 0.1399702E+02,-0.4803621E+01, 0.0000000E+00, 0.1456530E+01, 0.1703969E+02, 0.1369260E+02,
 0.9664000E+01, 0.1399702E+02,-0.4807427E+01, 0.0000000E+00, 0.1456641E+01, 0.1704338E+02, 0.1369260E+02,
 0.9666000E+01, 0.1399702E+02,-0.4811232E+01, 0.0000000E+00, 0.1456752E+01, 0.1704708E+02, 0.1369260E+02,
 0.9668000E+01, 0.1399702E+02,-0.4815033E+01, 0.0000000E+00, 0.1456862E+01, 0.1705077E+02, 0.1369260E+02,
 0.9670000E+01, 0.1399702E+02,-0.4818832E+01, 0.0000000E+00, 0.1456973E+01, 0.1705446E+02, 0.1369260E+02,
 0.9672000E+01, 0.1399702E+02,-0.4822628E+01, 0.0000000E+00, 0.1457083E+01, 0.1705814E+02, 0.1369260E+02,
 0.9674000E+01, 0.1399702E+02,-0.4826422E+01, 0.0000000E+00, 0.1457193E+01, 0.1706183E+02, 0.1369260E+02,
 0.9676000E+01, 0.1399702E+02,-0.4830213E+01, 0.0000000E+00, 0.1457303E+01, 0.1706551E+02, 0.1369260E+02,
 0.9678000E+01, 0.1399702E+02,-0.4834001E+01, 0.0000000E+00, 0.1457413E+01, 0.1706919E+02, 0.1369260E+02,
 0.9680000E+01, 0.1399702E+02,-0.4837786E+01, 0.0000000E+00, 0.1457523E+01, 0.1707286E+02, 0.1369260E+02,
 0.9682000E+01, 0.1399702E+02,-0.4841569E+01, 0.0000000E+00, 0.1457633E+01, 0.1707653E+02, 0.1369260E+02,
 0.9684000E+01, 0.1399702E+02,-0.4845350E+01, 0.0000000E+00, 0.1457743E+01, 0.1708021E+02, 0.1369260E+02,
 0.9686000E+01, 0.1399702E+02,-0.4849127E+01, 0.0000000E+00, 0.1457852E+01, 0.1708387E+02, 0.1369260E+02,
 0.9688000E+01, 0.1399702E+02,-0.4852902E+01, 0.0000000E+00, 0.1457962E+01, 0.1708754E+02, 0.1369260E+02,
 0.9690000E+01, 0.1399702E+02,-0.4856675E+01, 0.0000000E+00, 0.1458071E+01, 0.1709120E+02, 0.1369260E+02,
 0.9692000E+01, 0.1399702E+02,-0.4860445E+01, 0.0000000E+00, 0.1458181E+01, 0.1709486E+02, 0.1369260E+02,
 0.9694000E+01, 0.1399702E+02,-0.4864212E+01, 0.0000000E+00, 0.1458290E+01, 0.1709852E+02, 0.1369260E+02,
 0.9696000E+01, 0.1399702E+02,-0.4867976E+01, 0.0000000E+00, 0.1458399E+01, 0.1710218E+02, 0.1369260E+02,
 0.9698000E+01, 0.1399702E+02,-0.4871738E+01, 0.0000000E+00, 0.1458508E+01, 0.1710583E+02, 0.1369260E+02,
 0.9700000E+01, 0.1399702E+02,-0.4875497E+01, 0.0000000E+00, 0.1458617E+01, 0.1710948E+02, 0.1369260E+02,
 0.9702000E+01, 0.1399702E+02,-0.4879254E+01, 0.0000000E+00, 0.1458726E+01, 0.1711313E+02, 0.1369260E+02,
 0.9704000E+01, 0.1399702E+02,-0.4883008E+01, 0.0000000E+00, 0.1458834E+01, 0.1711677E+02, 0.1369260E+02,
 0.9706000E+01, 0.1399702E+02,-0.4886759E+01, 0.0000000E+00, 0.1458943E+01, 0.1712041E+02, 0.1369260E+02,
 0.9708000E+01, 0.1399702E+02,-0.4890508E+01, 0.0000000E+00, 0.1459051E+01, 0.1712406E+02, 0.1369260E+02,
 0.9710000E+01, 0.1399702E+02,-0.4894254E+01, 0.0000000E+00, 0.1459160E+01, 0.1712769E+02, 0.1369260E+02,
 0.9712000E+01, 0.1399702E+02,-0.4897998E+01, 0.0000000E+00, 0.1459268E+01, 0.1713133E+02, 0.1369260E+02,
 0.9714000E+01, 0.1399702E+02,-0.4901739E+01, 0.0000000E+00, 0.1459376E+01, 0.1713496E+02, 0.1369260E+02,
 0.9716000E+01, 0.1399702E+02,-0.4905477E+01, 0.0000000E+00, 0.1459484E+01, 0.1713859E+02, 0.1369260E+02,
 0.9718000E+01, 0.1399702E+02,-0.4909212E+01, 0.0000000E+00, 0.1459592E+01, 0.1714222E+02, 0.1369260E+02,
 0.9720000E+01, 0.1399702E+02,-0.4912945E+01, 0.0000000E+00, 0.1459700E+01, 0.1714584E+02, 0.1369260E+02,
 0.9722000E+01, 0.1399702E+02,-0.4916676E+01, 0.0000000E+00, 0.1459808E+01, 0.1714947E+02, 0.1369260E+02,
 0.9724000E+01, 0.1399702E+02,-0.4920403E+01, 0.0000000E+00, 0.1459915E+01, 0.1715309E+02, 0.1369260E+02,
 0.9726000E+01, 0.1399702E+02,-0.4924129E+01, 0.0000000E+00, 0.1460023E+01, 0.1715670E+02, 0.1369260E+02,
 0.9728000E+01, 0.1399702E+02,-0.4927851E+01, 0.0000000E+00, 0.1460130E+01, 0.1716032E+02, 0.1369260E+02,
 0.9730000E+01, 0.1399702E+02,-0.4931571E+01, 0.0000000E+00, 0.1460238E+01, 0.1716393E+02, 0.1369260E+02,
 0.9732000E+01, 0.1399702E+02,-0.4935288E+01, 0.0000000E+00, 0.1460345E+01, 0.1716754E+02, 0.1369260E+02,
 0.9734000E+01, 0.1399702E+02,-0.4939003E+01, 0.0000000E+00, 0.1460452E+01, 0.1717115E+02, 0.1369260E+02,
 0.9736000E+01, 0.1399702E+02,-0.4942714E+01, 0.0000000E+00, 0.1460559E+01, 0.1717475E+02, 0.1369260E+02,
 0.9738000E+01, 0.1399702E+02,-0.4946424E+01, 0.0000000E+00, 0.1460666E+01, 0.1717836E+02, 0.1369260E+02,
 0.9740000E+01, 0.1399702E+02,-0.4950130E+01, 0.0000000E+00, 0.1460773E+01, 0.1718196E+02, 0.1369260E+02,
 0.9742000E+01, 0.1399702E+02,-0.4953835E+01, 0.0000000E+00, 0.1460879E+01, 0.1718555E+02, 0.1369260E+02,
 0.9744000E+01, 0.1399702E+02,-0.4957536E+01, 0.0000000E+00, 0.1460986E+01, 0.1718915E+02, 0.1369260E+02,
 0.9746000E+01, 0.1399702E+02,-0.4961235E+01, 0.0000000E+00, 0.1461092E+01, 0.1719274E+02, 0.1369260E+02,
 0.9748000E+01, 0.1399702E+02,-0.4964931E+01, 0.0000000E+00, 0.1461199E+01, 0.1719633E+02, 0.1369260E+02,
 0.9750000E+01, 0.1399702E+02,-0.4968625E+01, 0.0000000E+00, 0.1461305E+01, 0.1719992E+02, 0.1369260E+02,
 0.9752000E+01, 0.1399702E+02,-0.4972316E+01, 0.0000000E+00, 0.1461411E+01, 0.1720350E+02, 0.1369260E+02,
 0.9754000E+01, 0.1399702E+02,-0.4976004E+01, 0.0000000E+00, 0.1461517E+01, 0.1720708E+02, 0.1369260E+02,
 0.9756000E+01, 0.1399702E+02,-0.4979690E+01, 0.0000000E+00, 0.1461623E+01, 0.1721066E+02, 0.1369260E+02,
 0.9758000E+01, 0.1399702E+02,-0.4983373E+01, 0.0000000E+00, 0.1461729E+01, 0.1721424E+02, 0.1369260E+02,
 0.9760000E+01, 0.1399702E+02,-0.4987054E+01, 0.0000000E+00, 0.1461835E+01, 0.1721782E+02, 0.1369260E+02,
 0.9762000E+01, 0.1399702E+02,-0.4990732E+01, 0.0000000E+00, 0.1461941E+01, 0.1722139E+02, 0.1369260E+02,
 0.9764000E+01, 0.1399702E+02,-0.4994407E+01, 0.0000000E+00, 0.1462046E+01, 0.1722496E+02, 0.1369260E+02,
 0.9766000E+01, 0.1399702E+02,-0.4998080E+01, 0.0000000E+00, 0.1462152E+01, 0.1722853E+02, 0.1369260E+02,
 0.9768000E+01, 0.1399702E+02,-0.5001750E+01, 0.0000000E+00, 0.1462257E+01, 0.1723209E+02, 0.1369260E+02,
 0.9770000E+01, 0.1399702E+02,-0.5005417E+01, 0.0000000E+00, 0.1462363E+01, 0.1723565E+02, 0.1369260E+02,
 0.9772000E+01, 0.1399702E+02,-0.5009082E+01, 0.0000000E+00, 0.1462468E+01, 0.1723921E+02, 0.1369260E+02,
 0.9774000E+01, 0.1399702E+02,-0.5012744E+01, 0.0000000E+00, 0.1462573E+01, 0.1724277E+02, 0.1369260E+02,
 0.9776000E+01, 0.1399702E+02,-0.5016404E+01, 0.0000000E+00, 0.1462678E+01, 0.1724632E+02, 0.1369260E+02,
 0.9778000E+01, 0.1399702E+02,-0.5020061E+01, 0.0000000E+00, 0.1462783E+01, 0.1724988E+02, 0.1369260E+02,
 0.9780000E+01, 0.1399702E+02,-0.5023716E+01, 0.0000000E+00, 0.1462887E+01, 0.1725343E+02, 0.1369260E+02,
 0.9782000E+01, 0.1399702E+02,-0.5027368E+01, 0.0000000E+00, 0.1462992E+01, 0.1725697E+02, 0.1369260E+02,
 0.9784000E+01, 0.1399702E+02,-0.5031017E+01, 0.0000000E+00, 0.1463097E+01, 0.1726052E+02, 0.1369260E+02,
 0.9786000E+01, 0.1399702E+02,-0.5034664E+01, 0.0000000E+00, 0.1463201E+01, 0.1726406E+02, 0.1369260E+02,
 0.9788000E+01, 0.1399702E+02,-0.5038308E+01, 0.0000000E+00, 0.1463305E+01, 0.1726760E+02, 0.1369260E+02,
 0.9790000E+01, 0.1399702E+02,-0.5041949E+01, 0.0000000E+00, 0.1463410E+01, 0.1727114E+02, 0.1369260E+02,
 0.9792000E+01, 0.1399702E+02,-0.5045588E+01, 0.0000000E+00, 0.1463514E+01, 0.1727467E+02, 0.1369260E+02,
 0.9794000E+01, 0.1399702E+02,-0.5049224E+01, 0.0000000E+00, 0.1463618E+01, 0.1727821E+02, 0.1369260E+02,
 0.9796000E+01, 0.1399702E+02,-0.5052858E+01, 0.0000000E+00, 0.1463722E+01, 0.1728173E+02, 0.1369260E+02,
 0.9798000E+01, 0.1399702E+02,-0.5056489E+01, 0.0000000E+00, 0.1463826E+01, 0.1728526E+02, 0.1369260E+02,
 0.9800000E+01, 0.1399702E+02,-0.5060118E+01, 0.0000000E+00, 0.1463929E+01, 0.1728879E+02, 0.1369260E+02,
 0.9802000E+01, 0.1399702E+02,-0.5063744E+01, 0.0000000E+00, 0.1464033E+01, 0.1729231E+02, 0.1369260E+02,
 0.9804000E+01, 0.1399702E+02,-0.5067367E+01, 0.0000000E+00, 0.1464137E+01, 0.1729583E+02, 0.1369260E+02,
 0.9806000E+01, 0.1399702E+02,-0.5070988E+01, 0.0000000E+00, 0.1464240E+01, 0.1729935E+02, 0.1369260E+02,
 0.9808000E+01, 0.1399702E+02,-0.5074606E+01, 0.0000000E+00, 0.1464344E+01, 0.1730286E+02, 0.1369260E+02,
 0.9810000E+01, 0.1399702E+02,-0.5078221E+01, 0.0000000E+00, 0.1464447E+01, 0.1730637E+02, 0.1369260E+02,
 0.9812000E+01, 0.1399702E+02,-0.5081834E+01, 0.0000000E+00, 0.1464550E+01, 0.1730988E+02, 0.1369260E+02,
 0.9814000E+01, 0.1399702E+02,-0.5085444E+01, 0.0000000E+00, 0.1464653E+01, 0.1731339E+02, 0.1369260E+02,
 0.9816000E+01, 0.1399702E+02,-0.5089052E+01, 0.0000000E+00, 0.1464756E+01, 0.1731689E+02, 0.1369260E+02,
 0.9818000E+01, 0.1399702E+02,-0.5092658E+01, 0.0000000E+00, 0.1464859E+01, 0.1732040E+02, 0.1369260E+02,
 0.9820000E+01, 0.1399702E+02,-0.5096260E+01, 0.0000000E+00, 0.1464962E+01, 0.1732390E+02, 0.1369260E+02,
 0.9822000E+01, 0.1399702E+02,-0.5099860E+01, 0.0000000E+00, 0.1465064E+01, 0.1732739E+02, 0.1369260E+02,
 0.9824000E+01, 0.1399702E+02,-0.5103457E+01, 0.0000000E+00, 0.1465167E+01, 0.1733089E+02, 0.1369260E+02,
 0.9826000E+01, 0.1399702E+02,-0.5107052E+01, 0.0000000E+00, 0.1465269E+01, 0.1733438E+02, 0.1369260E+02,
 0.9828000E+01, 0.1399702E+02,-0.5110644E+01, 0.0000000E+00, 0.1465372E+01, 0.1733787E+02, 0.1369260E+02,
 0.9830000E+01, 0.1399702E+02,-0.5114234E+01, 0.0000000E+00, 0.1465474E+01, 0.1734136E+02, 0.1369260E+02,
 0.9832000E+01, 0.1399702E+02,-0.5117821E+01, 0.0000000E+00, 0.1465576E+01, 0.1734484E+02, 0.1369260E+02,
 0.9834000E+01, 0.1399702E+02,-0.5121406E+01, 0.0000000E+00, 0.1465678E+01, 0.1734833E+02, 0.1369260E+02,
 0.9836000E+01, 0.1399702E+02,-0.5124988E+01, 0.0000000E+00, 0.1465780E+01, 0.1735181E+02, 0.1369260E+02,
 0.9838000E+01, 0.1399702E+02,-0.5128567E+01, 0.0000000E+00, 0.1465882E+01, 0.1735528E+02, 0.1369260E+02,
 0.9840000E+01, 0.1399702E+02,-0.5132144E+01, 0.0000000E+00, 0.1465984E+01, 0.1735876E+02, 0.1369260E+02,
 0.9842000E+01, 0.1399702E+02,-0.5135718E+01, 0.0000000E+00, 0.1466085E+01, 0.1736223E+02, 0.1369260E+02,
 0.9844000E+01, 0.1399702E+02,-0.5139290E+01, 0.0000000E+00, 0.1466187E+01, 0.1736570E+02, 0.1369260E+02,
 0.9846000E+01, 0.1399702E+02,-0.5142859E+01, 0.0000000E+00, 0.1466289E+01, 0.1736917E+02, 0.1369260E+02,
 0.9848000E+01, 0.1399702E+02,-0.5146425E+01, 0.0000000E+00, 0.1466390E+01, 0.1737263E+02, 0.1369260E+02,
 0.9850000E+01, 0.1399702E+02,-0.5149989E+01, 0.0000000E+00, 0.1466491E+01, 0.1737610E+02, 0.1369260E+02,
 0.9852000E+01, 0.1399702E+02,-0.5153551E+01, 0.0000000E+00, 0.1466592E+01, 0.1737956E+02, 0.1369260E+02,
 0.9854000E+01, 0.1399702E+02,-0.5157109E+01, 0.0000000E+00, 0.1466693E+01, 0.1738301E+02, 0.1369260E+02,
 0.9856000E+01, 0.1399702E+02,-0.5160666E+01, 0.0000000E+00, 0.1466794E+01, 0.1738647E+02, 0.1369260E+02,
 0.9858000E+01, 0.1399702E+02,-0.5164219E+01, 0.0000000E+00, 0.1466895E+01, 0.1738992E+02, 0.1369260E+02,
 0.9860000E+01, 0.1399702E+02,-0.5167770E+01, 0.0000000E+00, 0.1466996E+01, 0.1739337E+02, 0.1369260E+02,
 0.9862000E+01, 0.1399702E+02,-0.5171319E+01, 0.0000000E+00, 0.1467097E+01, 0.1739682E+02, 0.1369260E+02,
 0.9864000E+01, 0.1399702E+02,-0.5174864E+01, 0.0000000E+00, 0.1467197E+01, 0.1740026E+02, 0.1369260E+02,
 0.9866000E+01, 0.1399702E+02,-0.5178408E+01, 0.0000000E+00, 0.1467298E+01, 0.1740371E+02, 0.1369260E+02,
 0.9868000E+01, 0.1399702E+02,-0.5181949E+01, 0.0000000E+00, 0.1467398E+01, 0.1740715E+02, 0.1369260E+02,
 0.9870000E+01, 0.1399702E+02,-0.5185487E+01, 0.0000000E+00, 0.1467499E+01, 0.1741059E+02, 0.1369260E+02,
 0.9872000E+01, 0.1399702E+02,-0.5189023E+01, 0.0000000E+00, 0.1467599E+01, 0.1741402E+02, 0.1369260E+02,
 0.9874000E+01, 0.1399702E+02,-0.5192556E+01, 0.0000000E+00, 0.1467699E+01, 0.1741746E+02, 0.1369260E+02,
 0.9876000E+01, 0.1399702E+02,-0.5196086E+01, 0.0000000E+00, 0.1467799E+01, 0.1742089E+02, 0.1369260E+02,
 0.9878000E+01, 0.1399702E+02,-0.5199614E+01, 0.0000000E+00, 0.1467899E+01, 0.1742431E+02, 0.1369260E+02,
 0.9880000E+01, 0.1399702E+02,-0.5203140E+01, 0.0000000E+00, 0.1467999E+01, 0.1742774E+02, 0.1369260E+02,
 0.9882000E+01, 0.1399702E+02,-0.5206663E+01, 0.0000000E+00, 0.1468098E+01, 0.1743116E+02, 0.1369260E+02,
 0.9884000E+01, 0.1399702E+02,-0.5210183E+01, 0.0000000E+00, 0.1468198E+01, 0.1743458E+02, 0.1369260E+02,
 0.9886000E+01, 0.1399702E+02,-0.5213701E+01, 0.0000000E+00, 0.1468298E+01, 0.1743800E+02, 0.1369260E+02,
 0.9888000E+01, 0.1399702E+02,-0.5217216E+01, 0.0000000E+00, 0.1468397E+01, 0.1744142E+02, 0.1369260E+02,
 0.9890000E+01, 0.1399702E+02,-0.5220729E+01, 0.0000000E+00, 0.1468496E+01, 0.1744483E+02, 0.1369260E+02,
 0.9892000E+01, 0.1399702E+02,-0.5224239E+01, 0.0000000E+00, 0.1468596E+01, 0.1744824E+02, 0.1369260E+02,
 0.9894000E+01, 0.1399702E+02,-0.5227746E+01, 0.0000000E+00, 0.1468695E+01, 0.1745165E+02, 0.1369260E+02,
 0.9896000E+01, 0.1399702E+02,-0.5231252E+01, 0.0000000E+00, 0.1468794E+01, 0.1745506E+02, 0.1369260E+02,
 0.9898000E+01, 0.1399702E+02,-0.5234754E+01, 0.0000000E+00, 0.1468893E+01, 0.1745846E+02, 0.1369260E+02,
 0.9900000E+01, 0.1399702E+02,-0.5238254E+01, 0.0000000E+00, 0.1468992E+01, 0.1746186E+02, 0.1369260E+02,
 0.9902000E+01, 0.1399702E+02,-0.5241751E+01, 0.0000000E+00, 0.1469090E+01, 0.1746526E+02, 0.1369260E+02,
 0.9904000E+01, 0.1399702E+02,-0.5245246E+01, 0.0000000E+00, 0.1469189E+01, 0.1746866E+02, 0.1369260E+02,
 0.9906000E+01, 0.1399702E+02,-0.5248739E+01, 0.0000000E+00, 0.1469288E+01, 0.1747205E+02, 0.1369260E+02,
 0.9908000E+01, 0.1399702E+02,-0.5252228E+01, 0.0000000E+00, 0.1469386E+01, 0.1747544E+02, 0.1369260E+02,
 0.9910000E+01, 0.1399702E+02,-0.5255716E+01, 0.0000000E+00, 0.1469484E+01, 0.1747883E+02, 0.1369260E+02,
 0.9912000E+01, 0.1399702E+02,-0.5259201E+01, 0.0000000E+00, 0.1469583E+01, 0.1748222E+02, 0.1369260E+02,
 0.9914000E+01, 0.1399702E+02,-0.5262683E+01, 0.0000000E+00, 0.1469681E+01, 0.1748560E+02, 0.1369260E+02,
 0.9916000E+01, 0.1399702E+02,-0.5266162E+01, 0.0000000E+00, 0.1469779E+01, 0.1748898E+02, 0.1369260E+02,
 0.9918000E+01, 0.1399702E+02,-0.5269639E+01, 0.0000000E+00, 0.1469877E+01, 0.1749236E+02, 0.1369260E+02,
 0.9920000E+01, 0.1399702E+02,-0.5273114E+01, 0.0000000E+00, 0.1469975E+01, 0.1749574E+02, 0.1369260E+02,
 0.9922000E+01, 0.1399702E+02,-0.5276586E+01, 0.0000000E+00, 0.1470073E+01, 0.1749911E+02, 0.1369260E+02,
 0.9924000E+01, 0.1399702E+02,-0.5280056E+01, 0.0000000E+00, 0.1470170E+01, 0.1750248E+02, 0.1369260E+02,
 0.9926000E+01, 0.1399702E+02,-0.5283523E+01, 0.0000000E+00, 0.1470268E+01, 0.1750585E+02, 0.1369260E+02,
 0.9928000E+01, 0.1399702E+02,-0.5286987E+01, 0.0000000E+00, 0.1470365E+01, 0.1750922E+02, 0.1369260E+02,
 0.9930000E+01, 0.1399702E+02,-0.5290449E+01, 0.0000000E+00, 0.1470463E+01, 0.1751258E+02, 0.1369260E+02,
 0.9932000E+01, 0.1399702E+02,-0.5293909E+01, 0.0000000E+00, 0.1470560E+01, 0.1751595E+02, 0.1369260E+02,
 0.9934000E+01, 0.1399702E+02,-0.5297366E+01, 0.0000000E+00, 0.1470657E+01, 0.1751931E+02, 0.1369260E+02,
 0.9936000E+01, 0.1399702E+02,-0.5300820E+01, 0.0000000E+00, 0.1470755E+01, 0.1752266E+02, 0.1369260E+02,
 0.9938000E+01, 0.1399702E+02,-0.5304272E+01, 0.0000000E+00, 0.1470852E+01, 0.1752602E+02, 0.1369260E+02,
 0.9940000E+01, 0.1399702E+02,-0.5307722E+01, 0.0000000E+00, 0.1470949E+01, 0.1752937E+02, 0.1369260E+02,
 0.9942000E+01, 0.1399702E+02,-0.5311169E+01, 0.0000000E+00, 0.1471045E+01, 0.1753272E+02, 0.1369260E+02,
 0.9944000E+01, 0.1399702E+02,-0.5314613E+01, 0.0000000E+00, 0.1471142E+01, 0.1753607E+02, 0.1369260E+02,
 0.9946000E+01, 0.1399702E+02,-0.5318055E+01, 0.0000000E+00, 0.1471239E+01, 0.1753941E+02, 0.1369260E+02,
 0.9948000E+01, 0.1399702E+02,-0.5321494E+01, 0.0000000E+00, 0.1471335E+01, 0.1754276E+02, 0.1369260E+02,
 0.9950000E+01, 0.1399702E+02,-0.5324931E+01, 0.0000000E+00, 0.1471432E+01, 0.1754610E+02, 0.1369260E+02,
 0.9952000E+01, 0.1399702E+02,-0.5328365E+01, 0.0000000E+00, 0.1471528E+01, 0.1754943E+02, 0.1369260E+02,
 0.9954000E+01, 0.1399702E+02,-0.5331797E+01, 0.0000000E+00, 0.1471625E+01, 0.1755277E+02, 0.1369260E+02,
 0.9956000E+01, 0.1399702E+02,-0.5335227E+01, 0.0000000E+00, 0.1471721E+01, 0.1755610E+02, 0.1369260E+02,
 0.9958000E+01, 0.1399702E+02,-0.5338654E+01, 0.0000000E+00, 0.1471817E+01, 0.1755943E+02, 0.1369260E+02,
 0.9960000E+01, 0.1399702E+02,-0.5342078E+01, 0.0000000E+00, 0.1471913E+01, 0.1756276E+02, 0.1369260E+02,
 0.9962000E+01, 0.1399702E+02,-0.5345500E+01, 0.0000000E+00, 0.1472009E+01, 0.1756609E+02, 0.1369260E+02,
 0.9964000E+01, 0.1399702E+02,-0.5348919E+01, 0.0000000E+00, 0.1472105E+01, 0.1756941E+02, 0.1369260E+02,
 0.9966000E+01, 0.1399702E+02,-0.5352336E+01, 0.0000000E+00, 0.1472200E+01, 0.1757273E+02, 0.1369260E+02,
 0.9968000E+01, 0.1399702E+02,-0.5355751E+01, 0.0000000E+00, 0.1472296E+01, 0.1757605E+02, 0.1369260E+02,
 0.9970000E+01, 0.1399702E+02,-0.5359162E+01, 0.0000000E+00, 0.1472392E+01, 0.1757937E+02, 0.1369260E+02,
 0.9972000E+01, 0.1399702E+02,-0.5362572E+01, 0.0000000E+00, 0.1472487E+01, 0.1758268E+02, 0.1369260E+02,
 0.9974000E+01, 0.1399702E+02,-0.5365979E+01, 0.0000000E+00, 0.1472582E+01, 0.1758599E+02, 0.1369260E+02,
 0.9976000E+01, 0.1399702E+02,-0.5369383E+01, 0.0000000E+00, 0.1472678E+01, 0.1758930E+02, 0.1369260E+02,
 0.9978000E+01, 0.1399702E+02,-0.5372785E+01, 0.0000000E+00, 0.1472773E+01, 0.1759261E+02, 0.1369260E+02,
 0.9980000E+01, 0.1399702E+02,-0.5376184E+01, 0.0000000E+00, 0.1472868E+01, 0.1759591E+02, 0.1369260E+02,
 0.9982000E+01, 0.1399702E+02,-0.5379582E+01, 0.0000000E+00, 0.1472963E+01, 0.1759922E+02, 0.1369260E+02,
 0.9984000E+01, 0.1399702E+02,-0.5382977E+01, 0.0000000E+00, 0.1473058E+01, 0.1760252E+02, 0.1369260E+02,
 0.9986000E+01, 0.1399702E+02,-0.5386368E+01, 0.0000000E+00, 0.1473153E+01, 0.1760581E+02, 0.1369260E+02,
 0.9988000E+01, 0.1399702E+02,-0.5389758E+01, 0.0000000E+00, 0.1473247E+01, 0.1760911E+02, 0.1369260E+02,
 0.9990000E+01, 0.1399702E+02,-0.5393145E+01, 0.0000000E+00, 0.1473342E+01, 0.1761240E+02, 0.1369260E+02,
 0.9992000E+01, 0.1399702E+02,-0.5396530E+01, 0.0000000E+00, 0.1473436E+01, 0.1761569E+02, 0.1369260E+02,
 0.9994000E+01, 0.1399702E+02,-0.5399912E+01, 0.0000000E+00, 0.1473531E+01, 0.1761898E+02, 0.1369260E+02,
 0.9996000E+01, 0.1399702E+02,-0.5403292E+01, 0.0000000E+00, 0.1473625E+01, 0.1762226E+02, 0.1369260E+02,
 0.9998000E+01, 0.1399702E+02,-0.5406670E+01, 0.0000000E+00, 0.1473719E+01, 0.1762555E+02, 0.1369260E+02,
 0.1000000E+02, 0.1399702E+02,-0.5410044E+01, 0.0000000E+00, 0.1473814E+01, 0.1762883E+02, 0.1369260E+02,
