@TE,TD,<TE>,<TD> [keV]  vs t@
X,TE,TD,<TE>,<TD>
 0.0000000E+00, 0.5000000E+01, 0.5000000E+01, 0.3170981E+01, 0.3163168E+01,
 0.2000000E-02, 0.4998508E+01, 0.4999313E+01, 0.3160928E+01, 0.3148929E+01,
 0.4000000E-02, 0.4997131E+01, 0.4998693E+01, 0.3159269E+01, 0.3143199E+01,
 0.6000000E-02, 0.4995862E+01, 0.4998125E+01, 0.3158282E+01, 0.3138257E+01,
 0.8000000E-02, 0.4994696E+01, 0.4997600E+01, 0.3157344E+01, 0.3133454E+01,
 0.1000000E-01, 0.4993625E+01, 0.4997110E+01, 0.3156388E+01, 0.3128704E+01,
 0.1200000E-01, 0.4992644E+01, 0.4996650E+01, 0.3155415E+01, 0.3124001E+01,
 0.1400000E-01, 0.4991747E+01, 0.4996213E+01, 0.3154435E+01, 0.3119345E+01,
 0.1600000E-01, 0.4990930E+01, 0.4995797E+01, 0.3153454E+01, 0.3114741E+01,
 0.1800000E-01, 0.4990187E+01, 0.4995399E+01, 0.3152477E+01, 0.3110190E+01,
 0.2000000E-01, 0.4989512E+01, 0.4995017E+01, 0.3151509E+01, 0.3105692E+01,
 0.2200000E-01, 0.4988903E+01, 0.4994649E+01, 0.3150551E+01, 0.3101249E+01,
 0.2400000E-01, 0.4988354E+01, 0.4994294E+01, 0.3149606E+01, 0.3096859E+01,
 0.2600000E-01, 0.4987861E+01, 0.4993950E+01, 0.3148674E+01, 0.3092525E+01,
 0.2800000E-01, 0.4987421E+01, 0.4993618E+01, 0.3147756E+01, 0.3088246E+01,
 0.3000000E-01, 0.4987030E+01, 0.4993296E+01, 0.3146852E+01, 0.3084021E+01,
 0.3200000E-01, 0.4986685E+01, 0.4992985E+01, 0.3145963E+01, 0.3079850E+01,
 0.3400000E-01, 0.4986382E+01, 0.4992682E+01, 0.3145087E+01, 0.3075734E+01,
 0.3600000E-01, 0.4986120E+01, 0.4992390E+01, 0.3144226E+01, 0.3071672E+01,
 0.3800000E-01, 0.4985894E+01, 0.4992107E+01, 0.3143378E+01, 0.3067662E+01,
 0.4000000E-01, 0.4985703E+01, 0.4991833E+01, 0.3142544E+01, 0.3063706E+01,
 0.4200000E-01, 0.4985543E+01, 0.4991567E+01, 0.3141722E+01, 0.3059801E+01,
 0.4400000E-01, 0.4985413E+01, 0.4991310E+01, 0.3140913E+01, 0.3055947E+01,
 0.4600000E-01, 0.4985311E+01, 0.4991062E+01, 0.3140115E+01, 0.3052144E+01,
 0.4800000E-01, 0.4985233E+01, 0.4990822E+01, 0.3139330E+01, 0.3048389E+01,
 0.5000000E-01, 0.4985180E+01, 0.4990590E+01, 0.3138555E+01, 0.3044684E+01,
 0.5200000E-01, 0.4985149E+01, 0.4990366E+01, 0.3137792E+01, 0.3041025E+01,
 0.5400000E-01, 0.4985137E+01, 0.4990151E+01, 0.3137039E+01, 0.3037412E+01,
 0.5600000E-01, 0.4985145E+01, 0.4989943E+01, 0.3136296E+01, 0.3033845E+01,
 0.5800000E-01, 0.4985170E+01, 0.4989743E+01, 0.3135563E+01, 0.3030323E+01,
 0.6000000E-01, 0.4985210E+01, 0.4989551E+01, 0.3134838E+01, 0.3026843E+01,
 0.6200000E-01, 0.4985266E+01, 0.4989366E+01, 0.3134123E+01, 0.3023406E+01,
 0.6400000E-01, 0.4985335E+01, 0.4989189E+01, 0.3133415E+01, 0.3020010E+01,
 0.6600000E-01, 0.4985416E+01, 0.4989018E+01, 0.3132715E+01, 0.3016654E+01,
 0.6800000E-01, 0.4985509E+01, 0.4988856E+01, 0.3132022E+01, 0.3013337E+01,
 0.7000000E-01, 0.4985612E+01, 0.4988700E+01, 0.3131334E+01, 0.3010059E+01,
 0.7200000E-01, 0.4985725E+01, 0.4988551E+01, 0.3130653E+01, 0.3006817E+01,
 0.7400000E-01, 0.4985847E+01, 0.4988409E+01, 0.3129976E+01, 0.3003612E+01,
 0.7600000E-01, 0.4985976E+01, 0.4988274E+01, 0.3129303E+01, 0.3000441E+01,
 0.7800000E-01, 0.4986113E+01, 0.4988145E+01, 0.3128633E+01, 0.2997304E+01,
 0.8000000E-01, 0.4986257E+01, 0.4988022E+01, 0.3127966E+01, 0.2994200E+01,
 0.8200000E-01, 0.4986406E+01, 0.4987906E+01, 0.3127301E+01, 0.2991127E+01,
 0.8400000E-01, 0.4986561E+01, 0.4987797E+01, 0.3126636E+01, 0.2988083E+01,
 0.8600000E-01, 0.4986721E+01, 0.4987693E+01, 0.3125970E+01, 0.2985068E+01,
 0.8800000E-01, 0.4986885E+01, 0.4987596E+01, 0.3125302E+01, 0.2982079E+01,
 0.9000000E-01, 0.4987053E+01, 0.4987504E+01, 0.3124632E+01, 0.2979115E+01,
 0.9200000E-01, 0.4987225E+01, 0.4987418E+01, 0.3123956E+01, 0.2976175E+01,
 0.9400000E-01, 0.4987400E+01, 0.4987338E+01, 0.3123275E+01, 0.2973254E+01,
 0.9600000E-01, 0.4987577E+01, 0.4987263E+01, 0.3122584E+01, 0.2970353E+01,
 0.9800000E-01, 0.4987757E+01, 0.4987193E+01, 0.3121884E+01, 0.2967467E+01,
 0.1000000E+00, 0.4987939E+01, 0.4987129E+01, 0.3121169E+01, 0.2964594E+01,
 0.1020000E+00, 0.4988123E+01, 0.4987070E+01, 0.3120438E+01, 0.2961729E+01,
 0.1040000E+00, 0.4988308E+01, 0.4987016E+01, 0.3119686E+01, 0.2958868E+01,
 0.1060000E+00, 0.4988495E+01, 0.4986967E+01, 0.3118908E+01, 0.2956006E+01,
 0.1080000E+00, 0.4988683E+01, 0.4986923E+01, 0.3118096E+01, 0.2953135E+01,
 0.1100000E+00, 0.4988872E+01, 0.4986883E+01, 0.3117242E+01, 0.2950246E+01,
 0.1120000E+00, 0.4989061E+01, 0.4986848E+01, 0.3116333E+01, 0.2947324E+01,
 0.1140000E+00, 0.4989251E+01, 0.4986817E+01, 0.3115348E+01, 0.2944351E+01,
 0.1160000E+00, 0.4989441E+01, 0.4986792E+01, 0.3114256E+01, 0.2941293E+01,
 0.1180000E+00, 0.4989632E+01, 0.4986770E+01, 0.3112998E+01, 0.2938091E+01,
 0.1200000E+00, 0.4989822E+01, 0.4986752E+01, 0.3111444E+01, 0.2934616E+01,
 0.1220000E+00, 0.4990012E+01, 0.4986739E+01, 0.3109093E+01, 0.2930366E+01,
 0.1240000E+00, 0.4990202E+01, 0.4986729E+01, 0.3106090E+01, 0.2925479E+01,
 0.1260000E+00, 0.4990393E+01, 0.4986723E+01, 0.3103650E+01, 0.2921166E+01,
 0.1280000E+00, 0.4990582E+01, 0.4986722E+01, 0.3101627E+01, 0.2917291E+01,
 0.1300000E+00, 0.4990771E+01, 0.4986723E+01, 0.3099900E+01, 0.2913733E+01,
 0.1320000E+00, 0.4990960E+01, 0.4986729E+01, 0.3098395E+01, 0.2910420E+01,
 0.1340000E+00, 0.4991148E+01, 0.4986738E+01, 0.3097069E+01, 0.2907308E+01,
 0.1360000E+00, 0.4991336E+01, 0.4986750E+01, 0.3095889E+01, 0.2904364E+01,
 0.1380000E+00, 0.4991523E+01, 0.4986766E+01, 0.3094834E+01, 0.2901566E+01,
 0.1400000E+00, 0.4991709E+01, 0.4986784E+01, 0.3093887E+01, 0.2898897E+01,
 0.1420000E+00, 0.4991894E+01, 0.4986807E+01, 0.3093036E+01, 0.2896343E+01,
 0.1440000E+00, 0.4992079E+01, 0.4986832E+01, 0.3092269E+01, 0.2893894E+01,
 0.1460000E+00, 0.4992262E+01, 0.4986860E+01, 0.3091579E+01, 0.2891542E+01,
 0.1480000E+00, 0.4992445E+01, 0.4986891E+01, 0.3090958E+01, 0.2889278E+01,
 0.1500000E+00, 0.4992627E+01, 0.4986925E+01, 0.3090400E+01, 0.2887096E+01,
 0.1520000E+00, 0.4992808E+01, 0.4986962E+01, 0.3089901E+01, 0.2884991E+01,
 0.1540000E+00, 0.4992989E+01, 0.4987001E+01, 0.3089456E+01, 0.2882959E+01,
 0.1560000E+00, 0.4993167E+01, 0.4987044E+01, 0.3089062E+01, 0.2880996E+01,
 0.1580000E+00, 0.4993346E+01, 0.4987088E+01, 0.3088714E+01, 0.2879097E+01,
 0.1600000E+00, 0.4993523E+01, 0.4987135E+01, 0.3088411E+01, 0.2877260E+01,
 0.1620000E+00, 0.4993700E+01, 0.4987185E+01, 0.3088150E+01, 0.2875482E+01,
 0.1640000E+00, 0.4993876E+01, 0.4987237E+01, 0.3087928E+01, 0.2873760E+01,
 0.1660000E+00, 0.4994050E+01, 0.4987291E+01, 0.3087743E+01, 0.2872092E+01,
 0.1680000E+00, 0.4994224E+01, 0.4987348E+01, 0.3087593E+01, 0.2870476E+01,
 0.1700000E+00, 0.4994396E+01, 0.4987406E+01, 0.3087477E+01, 0.2868909E+01,
 0.1720000E+00, 0.4994568E+01, 0.4987467E+01, 0.3087393E+01, 0.2867391E+01,
 0.1740000E+00, 0.4994739E+01, 0.4987530E+01, 0.3087339E+01, 0.2865919E+01,
 0.1760000E+00, 0.4994909E+01, 0.4987595E+01, 0.3087315E+01, 0.2864491E+01,
 0.1780000E+00, 0.4995078E+01, 0.4987662E+01, 0.3087319E+01, 0.2863107E+01,
 0.1800000E+00, 0.4995246E+01, 0.4987731E+01, 0.3087349E+01, 0.2861766E+01,
 0.1820000E+00, 0.4995414E+01, 0.4987801E+01, 0.3087406E+01, 0.2860464E+01,
 0.1840000E+00, 0.4995581E+01, 0.4987874E+01, 0.3087487E+01, 0.2859202E+01,
 0.1860000E+00, 0.4995746E+01, 0.4987948E+01, 0.3087593E+01, 0.2857979E+01,
 0.1880000E+00, 0.4995911E+01, 0.4988024E+01, 0.3087722E+01, 0.2856793E+01,
 0.1900000E+00, 0.4996075E+01, 0.4988101E+01, 0.3087873E+01, 0.2855643E+01,
 0.1920000E+00, 0.4996239E+01, 0.4988180E+01, 0.3088045E+01, 0.2854529E+01,
 0.1940000E+00, 0.4996401E+01, 0.4988261E+01, 0.3088239E+01, 0.2853449E+01,
 0.1960000E+00, 0.4996563E+01, 0.4988343E+01, 0.3088453E+01, 0.2852403E+01,
 0.1980000E+00, 0.4996724E+01, 0.4988427E+01, 0.3088686E+01, 0.2851390E+01,
 0.2000000E+00, 0.4996884E+01, 0.4988512E+01, 0.3088939E+01, 0.2850409E+01,
 0.2020000E+00, 0.4997044E+01, 0.4988598E+01, 0.3089210E+01, 0.2849459E+01,
 0.2040000E+00, 0.4997203E+01, 0.4988687E+01, 0.3089499E+01, 0.2848540E+01,
 0.2060000E+00, 0.4997361E+01, 0.4988776E+01, 0.3089805E+01, 0.2847651E+01,
 0.2080000E+00, 0.4997519E+01, 0.4988866E+01, 0.3090128E+01, 0.2846791E+01,
 0.2100000E+00, 0.4997675E+01, 0.4988958E+01, 0.3090468E+01, 0.2845959E+01,
 0.2120000E+00, 0.4997832E+01, 0.4989051E+01, 0.3090824E+01, 0.2845156E+01,
 0.2140000E+00, 0.4997987E+01, 0.4989145E+01, 0.3091196E+01, 0.2844381E+01,
 0.2160000E+00, 0.4998143E+01, 0.4989241E+01, 0.3091582E+01, 0.2843632E+01,
 0.2180000E+00, 0.4998297E+01, 0.4989337E+01, 0.3091984E+01, 0.2842910E+01,
 0.2200000E+00, 0.4998451E+01, 0.4989434E+01, 0.3092400E+01, 0.2842214E+01,
 0.2220000E+00, 0.4998604E+01, 0.4989533E+01, 0.3092831E+01, 0.2841543E+01,
 0.2240000E+00, 0.4998757E+01, 0.4989633E+01, 0.3093275E+01, 0.2840897E+01,
 0.2260000E+00, 0.4998910E+01, 0.4989733E+01, 0.3093733E+01, 0.2840275E+01,
 0.2280000E+00, 0.4999062E+01, 0.4989835E+01, 0.3094204E+01, 0.2839678E+01,
 0.2300000E+00, 0.4999213E+01, 0.4989938E+01, 0.3094688E+01, 0.2839104E+01,
 0.2320000E+00, 0.4999364E+01, 0.4990041E+01, 0.3095185E+01, 0.2838553E+01,
 0.2340000E+00, 0.4999515E+01, 0.4990146E+01, 0.3095694E+01, 0.2838026E+01,
 0.2360000E+00, 0.4999665E+01, 0.4990251E+01, 0.3096215E+01, 0.2837520E+01,
 0.2380000E+00, 0.4999815E+01, 0.4990357E+01, 0.3096748E+01, 0.2837036E+01,
 0.2400000E+00, 0.4999964E+01, 0.4990464E+01, 0.3097292E+01, 0.2836575E+01,
 0.2420000E+00, 0.5000113E+01, 0.4990571E+01, 0.3097848E+01, 0.2836134E+01,
 0.2440000E+00, 0.5000261E+01, 0.4990680E+01, 0.3098416E+01, 0.2835714E+01,
 0.2460000E+00, 0.5000409E+01, 0.4990789E+01, 0.3098994E+01, 0.2835315E+01,
 0.2480000E+00, 0.5000557E+01, 0.4990900E+01, 0.3099582E+01, 0.2834935E+01,
 0.2500000E+00, 0.5000704E+01, 0.4991010E+01, 0.3100182E+01, 0.2834576E+01,
 0.2520000E+00, 0.5000852E+01, 0.4991122E+01, 0.3100791E+01, 0.2834236E+01,
 0.2540000E+00, 0.5000998E+01, 0.4991234E+01, 0.3101411E+01, 0.2833916E+01,
 0.2560000E+00, 0.5001145E+01, 0.4991347E+01, 0.3102041E+01, 0.2833614E+01,
 0.2580000E+00, 0.5001291E+01, 0.4991460E+01, 0.3102680E+01, 0.2833331E+01,
 0.2600000E+00, 0.5001437E+01, 0.4991574E+01, 0.3103329E+01, 0.2833067E+01,
 0.2620000E+00, 0.5001583E+01, 0.4991689E+01, 0.3103987E+01, 0.2832820E+01,
 0.2640000E+00, 0.5001728E+01, 0.4991805E+01, 0.3104654E+01, 0.2832591E+01,
 0.2660000E+00, 0.5001873E+01, 0.4991920E+01, 0.3105331E+01, 0.2832380E+01,
 0.2680000E+00, 0.5002018E+01, 0.4992037E+01, 0.3106016E+01, 0.2832186E+01,
 0.2700000E+00, 0.5002163E+01, 0.4992154E+01, 0.3106710E+01, 0.2832008E+01,
 0.2720000E+00, 0.5002307E+01, 0.4992271E+01, 0.3107413E+01, 0.2831848E+01,
 0.2740000E+00, 0.5002451E+01, 0.4992390E+01, 0.3108124E+01, 0.2831704E+01,
 0.2760000E+00, 0.5002596E+01, 0.4992508E+01, 0.3108844E+01, 0.2831576E+01,
 0.2780000E+00, 0.5002739E+01, 0.4992627E+01, 0.3109572E+01, 0.2831464E+01,
 0.2800000E+00, 0.5002883E+01, 0.4992747E+01, 0.3110307E+01, 0.2831368E+01,
 0.2820000E+00, 0.5003027E+01, 0.4992867E+01, 0.3111051E+01, 0.2831287E+01,
 0.2840000E+00, 0.5003170E+01, 0.4992987E+01, 0.3111803E+01, 0.2831222E+01,
 0.2860000E+00, 0.5003314E+01, 0.4993108E+01, 0.3112562E+01, 0.2831172E+01,
 0.2880000E+00, 0.5003457E+01, 0.4993229E+01, 0.3113328E+01, 0.2831136E+01,
 0.2900000E+00, 0.5003600E+01, 0.4993351E+01, 0.3114102E+01, 0.2831115E+01,
 0.2920000E+00, 0.5003742E+01, 0.4993474E+01, 0.3114884E+01, 0.2831109E+01,
 0.2940000E+00, 0.5003885E+01, 0.4993596E+01, 0.3115672E+01, 0.2831116E+01,
 0.2960000E+00, 0.5004028E+01, 0.4993719E+01, 0.3116468E+01, 0.2831138E+01,
 0.2980000E+00, 0.5004170E+01, 0.4993842E+01, 0.3117270E+01, 0.2831173E+01,
 0.3000000E+00, 0.5004313E+01, 0.4993966E+01, 0.3118079E+01, 0.2831223E+01,
 0.3020000E+00, 0.5004455E+01, 0.4994090E+01, 0.3118896E+01, 0.2831285E+01,
 0.3040000E+00, 0.5004597E+01, 0.4994215E+01, 0.3119718E+01, 0.2831361E+01,
 0.3060000E+00, 0.5004739E+01, 0.4994339E+01, 0.3120548E+01, 0.2831450E+01,
 0.3080000E+00, 0.5004881E+01, 0.4994464E+01, 0.3121383E+01, 0.2831552E+01,
 0.3100000E+00, 0.5005023E+01, 0.4994590E+01, 0.3122225E+01, 0.2831666E+01,
 0.3120000E+00, 0.5005165E+01, 0.4994715E+01, 0.3123073E+01, 0.2831794E+01,
 0.3140000E+00, 0.5005307E+01, 0.4994842E+01, 0.3123927E+01, 0.2831933E+01,
 0.3160000E+00, 0.5005448E+01, 0.4994967E+01, 0.3124788E+01, 0.2832085E+01,
 0.3180000E+00, 0.5005590E+01, 0.4995094E+01, 0.3125654E+01, 0.2832249E+01,
 0.3200000E+00, 0.5005732E+01, 0.4995221E+01, 0.3126525E+01, 0.2832425E+01,
 0.3220000E+00, 0.5005874E+01, 0.4995348E+01, 0.3127403E+01, 0.2832613E+01,
 0.3240000E+00, 0.5006015E+01, 0.4995476E+01, 0.3128286E+01, 0.2832812E+01,
 0.3260000E+00, 0.5006156E+01, 0.4995604E+01, 0.3129175E+01, 0.2833023E+01,
 0.3280000E+00, 0.5006298E+01, 0.4995731E+01, 0.3130069E+01, 0.2833246E+01,
 0.3300000E+00, 0.5006440E+01, 0.4995860E+01, 0.3130969E+01, 0.2833479E+01,
 0.3320000E+00, 0.5006581E+01, 0.4995988E+01, 0.3131874E+01, 0.2833724E+01,
 0.3340000E+00, 0.5006722E+01, 0.4996117E+01, 0.3132784E+01, 0.2833979E+01,
 0.3360000E+00, 0.5006864E+01, 0.4996246E+01, 0.3133699E+01, 0.2834246E+01,
 0.3380000E+00, 0.5007005E+01, 0.4996375E+01, 0.3134619E+01, 0.2834523E+01,
 0.3400000E+00, 0.5007147E+01, 0.4996504E+01, 0.3135544E+01, 0.2834810E+01,
 0.3420000E+00, 0.5007288E+01, 0.4996634E+01, 0.3136474E+01, 0.2835109E+01,
 0.3440000E+00, 0.5007430E+01, 0.4996763E+01, 0.3137409E+01, 0.2835417E+01,
 0.3460000E+00, 0.5007571E+01, 0.4996893E+01, 0.3138348E+01, 0.2835735E+01,
 0.3480000E+00, 0.5007712E+01, 0.4997024E+01, 0.3139293E+01, 0.2836064E+01,
 0.3500000E+00, 0.5007854E+01, 0.4997154E+01, 0.3140241E+01, 0.2836402E+01,
 0.3520000E+00, 0.5007995E+01, 0.4997284E+01, 0.3141195E+01, 0.2836750E+01,
 0.3540000E+00, 0.5008136E+01, 0.4997415E+01, 0.3142153E+01, 0.2837108E+01,
 0.3560000E+00, 0.5008278E+01, 0.4997546E+01, 0.3143115E+01, 0.2837475E+01,
 0.3580000E+00, 0.5008420E+01, 0.4997677E+01, 0.3144082E+01, 0.2837852E+01,
 0.3600000E+00, 0.5008561E+01, 0.4997808E+01, 0.3145053E+01, 0.2838238E+01,
 0.3620000E+00, 0.5008702E+01, 0.4997940E+01, 0.3146028E+01, 0.2838633E+01,
 0.3640000E+00, 0.5008844E+01, 0.4998072E+01, 0.3147007E+01, 0.2839037E+01,
 0.3660000E+00, 0.5008985E+01, 0.4998203E+01, 0.3147991E+01, 0.2839450E+01,
 0.3680000E+00, 0.5009127E+01, 0.4998335E+01, 0.3148979E+01, 0.2839872E+01,
 0.3700000E+00, 0.5009268E+01, 0.4998467E+01, 0.3149971E+01, 0.2840302E+01,
 0.3720000E+00, 0.5009410E+01, 0.4998600E+01, 0.3150966E+01, 0.2840741E+01,
 0.3740000E+00, 0.5009552E+01, 0.4998732E+01, 0.3151966E+01, 0.2841188E+01,
 0.3760000E+00, 0.5009693E+01, 0.4998864E+01, 0.3152970E+01, 0.2841644E+01,
 0.3780000E+00, 0.5009835E+01, 0.4998997E+01, 0.3153977E+01, 0.2842108E+01,
 0.3800000E+00, 0.5009977E+01, 0.4999130E+01, 0.3154988E+01, 0.2842580E+01,
 0.3820000E+00, 0.5010118E+01, 0.4999262E+01, 0.3156003E+01, 0.2843060E+01,
 0.3840000E+00, 0.5010260E+01, 0.4999395E+01, 0.3157022E+01, 0.2843548E+01,
 0.3860000E+00, 0.5010402E+01, 0.4999528E+01, 0.3158044E+01, 0.2844044E+01,
 0.3880000E+00, 0.5010544E+01, 0.4999662E+01, 0.3159070E+01, 0.2844548E+01,
 0.3900000E+00, 0.5010686E+01, 0.4999795E+01, 0.3160100E+01, 0.2845059E+01,
 0.3920000E+00, 0.5010828E+01, 0.4999928E+01, 0.3161133E+01, 0.2845577E+01,
 0.3940000E+00, 0.5010970E+01, 0.5000062E+01, 0.3162169E+01, 0.2846103E+01,
 0.3960000E+00, 0.5011112E+01, 0.5000196E+01, 0.3163210E+01, 0.2846636E+01,
 0.3980000E+00, 0.5011254E+01, 0.5000329E+01, 0.3164253E+01, 0.2847177E+01,
 0.4000000E+00, 0.5011396E+01, 0.5000463E+01, 0.3165300E+01, 0.2847724E+01,
 0.4020000E+00, 0.5011539E+01, 0.5000597E+01, 0.3166351E+01, 0.2848278E+01,
 0.4040000E+00, 0.5011681E+01, 0.5000732E+01, 0.3167404E+01, 0.2848840E+01,
 0.4060000E+00, 0.5011823E+01, 0.5000866E+01, 0.3168462E+01, 0.2849407E+01,
 0.4080000E+00, 0.5011965E+01, 0.5001000E+01, 0.3169522E+01, 0.2849982E+01,
 0.4100000E+00, 0.5012107E+01, 0.5001134E+01, 0.3170585E+01, 0.2850563E+01,
 0.4120000E+00, 0.5012250E+01, 0.5001269E+01, 0.3171652E+01, 0.2851151E+01,
 0.4140000E+00, 0.5012393E+01, 0.5001404E+01, 0.3172722E+01, 0.2851745E+01,
 0.4160000E+00, 0.5012535E+01, 0.5001538E+01, 0.3173795E+01, 0.2852346E+01,
 0.4180000E+00, 0.5012678E+01, 0.5001673E+01, 0.3174872E+01, 0.2852952E+01,
 0.4200000E+00, 0.5012820E+01, 0.5001808E+01, 0.3175951E+01, 0.2853565E+01,
 0.4220000E+00, 0.5012963E+01, 0.5001943E+01, 0.3177034E+01, 0.2854184E+01,
 0.4240000E+00, 0.5013105E+01, 0.5002078E+01, 0.3178119E+01, 0.2854809E+01,
 0.4260000E+00, 0.5013248E+01, 0.5002213E+01, 0.3179208E+01, 0.2855440E+01,
 0.4280000E+00, 0.5013391E+01, 0.5002348E+01, 0.3180300E+01, 0.2856076E+01,
 0.4300000E+00, 0.5013534E+01, 0.5002483E+01, 0.3181394E+01, 0.2856718E+01,
 0.4320000E+00, 0.5013677E+01, 0.5002618E+01, 0.3182492E+01, 0.2857366E+01,
 0.4340000E+00, 0.5013820E+01, 0.5002753E+01, 0.3183592E+01, 0.2858019E+01,
 0.4360000E+00, 0.5013963E+01, 0.5002889E+01, 0.3184695E+01, 0.2858678E+01,
 0.4380000E+00, 0.5014106E+01, 0.5003024E+01, 0.3185802E+01, 0.2859342E+01,
 0.4400000E+00, 0.5014249E+01, 0.5003160E+01, 0.3186911E+01, 0.2860012E+01,
 0.4420000E+00, 0.5014392E+01, 0.5003295E+01, 0.3188023E+01, 0.2860687E+01,
 0.4440000E+00, 0.5014535E+01, 0.5003431E+01, 0.3189138E+01, 0.2861367E+01,
 0.4460000E+00, 0.5014679E+01, 0.5003567E+01, 0.3190255E+01, 0.2862051E+01,
 0.4480000E+00, 0.5014822E+01, 0.5003702E+01, 0.3191375E+01, 0.2862741E+01,
 0.4500000E+00, 0.5014966E+01, 0.5003838E+01, 0.3192499E+01, 0.2863436E+01,
 0.4520000E+00, 0.5015109E+01, 0.5003974E+01, 0.3193624E+01, 0.2864136E+01,
 0.4540000E+00, 0.5015253E+01, 0.5004110E+01, 0.3194753E+01, 0.2864841E+01,
 0.4560000E+00, 0.5015396E+01, 0.5004246E+01, 0.3195884E+01, 0.2865550E+01,
 0.4580000E+00, 0.5015540E+01, 0.5004382E+01, 0.3197018E+01, 0.2866264E+01,
 0.4600000E+00, 0.5015684E+01, 0.5004518E+01, 0.3198154E+01, 0.2866982E+01,
 0.4620000E+00, 0.5015827E+01, 0.5004654E+01, 0.3199294E+01, 0.2867705E+01,
 0.4640000E+00, 0.5015971E+01, 0.5004790E+01, 0.3200435E+01, 0.2868433E+01,
 0.4660000E+00, 0.5016115E+01, 0.5004926E+01, 0.3201580E+01, 0.2869165E+01,
 0.4680000E+00, 0.5016259E+01, 0.5005063E+01, 0.3202726E+01, 0.2869901E+01,
 0.4700000E+00, 0.5016403E+01, 0.5005198E+01, 0.3203876E+01, 0.2870641E+01,
 0.4720000E+00, 0.5016547E+01, 0.5005335E+01, 0.3205028E+01, 0.2871386E+01,
 0.4740000E+00, 0.5016691E+01, 0.5005471E+01, 0.3206182E+01, 0.2872135E+01,
 0.4760000E+00, 0.5016835E+01, 0.5005608E+01, 0.3207339E+01, 0.2872888E+01,
 0.4780000E+00, 0.5016979E+01, 0.5005744E+01, 0.3208498E+01, 0.2873645E+01,
 0.4800000E+00, 0.5017123E+01, 0.5005880E+01, 0.3209660E+01, 0.2874406E+01,
 0.4820000E+00, 0.5017267E+01, 0.5006017E+01, 0.3210824E+01, 0.2875171E+01,
 0.4840000E+00, 0.5017411E+01, 0.5006154E+01, 0.3211991E+01, 0.2875940E+01,
 0.4860000E+00, 0.5017556E+01, 0.5006290E+01, 0.3213160E+01, 0.2876712E+01,
 0.4880000E+00, 0.5017700E+01, 0.5006426E+01, 0.3214331E+01, 0.2877489E+01,
 0.4900000E+00, 0.5017845E+01, 0.5006563E+01, 0.3215504E+01, 0.2878269E+01,
 0.4920000E+00, 0.5017989E+01, 0.5006700E+01, 0.3216681E+01, 0.2879053E+01,
 0.4940000E+00, 0.5018134E+01, 0.5006836E+01, 0.3217859E+01, 0.2879840E+01,
 0.4960000E+00, 0.5018278E+01, 0.5006973E+01, 0.3219039E+01, 0.2880631E+01,
 0.4980000E+00, 0.5018423E+01, 0.5007110E+01, 0.3220222E+01, 0.2881426E+01,
 0.5000000E+00, 0.5018568E+01, 0.5007246E+01, 0.3221407E+01, 0.2882224E+01,
 0.5020000E+00, 0.5018712E+01, 0.5007383E+01, 0.3222594E+01, 0.2883025E+01,
 0.5040000E+00, 0.5018857E+01, 0.5007520E+01, 0.3223784E+01, 0.2883830E+01,
 0.5060000E+00, 0.5019001E+01, 0.5007657E+01, 0.3224975E+01, 0.2884638E+01,
 0.5080000E+00, 0.5019146E+01, 0.5007793E+01, 0.3226169E+01, 0.2885450E+01,
 0.5100000E+00, 0.5019291E+01, 0.5007930E+01, 0.3227365E+01, 0.2886264E+01,
 0.5120000E+00, 0.5019436E+01, 0.5008067E+01, 0.3228563E+01, 0.2887082E+01,
 0.5140000E+00, 0.5019581E+01, 0.5008204E+01, 0.3229763E+01, 0.2887903E+01,
 0.5160000E+00, 0.5019726E+01, 0.5008341E+01, 0.3230966E+01, 0.2888728E+01,
 0.5180000E+00, 0.5019871E+01, 0.5008478E+01, 0.3232170E+01, 0.2889555E+01,
 0.5200000E+00, 0.5020016E+01, 0.5008615E+01, 0.3233376E+01, 0.2890386E+01,
 0.5220000E+00, 0.5020162E+01, 0.5008752E+01, 0.3234585E+01, 0.2891219E+01,
 0.5240000E+00, 0.5020307E+01, 0.5008889E+01, 0.3235795E+01, 0.2892056E+01,
 0.5260000E+00, 0.5020452E+01, 0.5009026E+01, 0.3237007E+01, 0.2892895E+01,
 0.5280000E+00, 0.5020597E+01, 0.5009163E+01, 0.3238222E+01, 0.2893737E+01,
 0.5300000E+00, 0.5020742E+01, 0.5009300E+01, 0.3239438E+01, 0.2894582E+01,
 0.5320000E+00, 0.5020888E+01, 0.5009437E+01, 0.3240657E+01, 0.2895430E+01,
 0.5340000E+00, 0.5021033E+01, 0.5009574E+01, 0.3241877E+01, 0.2896281E+01,
 0.5360000E+00, 0.5021178E+01, 0.5009711E+01, 0.3243099E+01, 0.2897135E+01,
 0.5380000E+00, 0.5021324E+01, 0.5009848E+01, 0.3244323E+01, 0.2897991E+01,
 0.5400000E+00, 0.5021470E+01, 0.5009985E+01, 0.3245549E+01, 0.2898850E+01,
 0.5420000E+00, 0.5021615E+01, 0.5010122E+01, 0.3246776E+01, 0.2899712E+01,
 0.5440000E+00, 0.5021760E+01, 0.5010259E+01, 0.3248006E+01, 0.2900576E+01,
 0.5460000E+00, 0.5021906E+01, 0.5010396E+01, 0.3249237E+01, 0.2901443E+01,
 0.5480000E+00, 0.5022052E+01, 0.5010533E+01, 0.3250470E+01, 0.2902313E+01,
 0.5500000E+00, 0.5022197E+01, 0.5010671E+01, 0.3251705E+01, 0.2903185E+01,
 0.5520000E+00, 0.5022343E+01, 0.5010808E+01, 0.3252942E+01, 0.2904059E+01,
 0.5540000E+00, 0.5022489E+01, 0.5010945E+01, 0.3254180E+01, 0.2904937E+01,
 0.5560000E+00, 0.5022635E+01, 0.5011082E+01, 0.3255421E+01, 0.2905816E+01,
 0.5580000E+00, 0.5022780E+01, 0.5011219E+01, 0.3256663E+01, 0.2906698E+01,
 0.5600000E+00, 0.5022926E+01, 0.5011356E+01, 0.3257906E+01, 0.2907583E+01,
 0.5620000E+00, 0.5023072E+01, 0.5011493E+01, 0.3259151E+01, 0.2908470E+01,
 0.5640000E+00, 0.5023218E+01, 0.5011630E+01, 0.3260398E+01, 0.2909359E+01,
 0.5660000E+00, 0.5023364E+01, 0.5011767E+01, 0.3261647E+01, 0.2910250E+01,
 0.5680000E+00, 0.5023510E+01, 0.5011905E+01, 0.3262897E+01, 0.2911144E+01,
 0.5700000E+00, 0.5023655E+01, 0.5012042E+01, 0.3264148E+01, 0.2912040E+01,
 0.5720000E+00, 0.5023802E+01, 0.5012179E+01, 0.3265402E+01, 0.2912939E+01,
 0.5740000E+00, 0.5023948E+01, 0.5012316E+01, 0.3266657E+01, 0.2913840E+01,
 0.5760000E+00, 0.5024094E+01, 0.5012453E+01, 0.3267913E+01, 0.2914742E+01,
 0.5780000E+00, 0.5024240E+01, 0.5012590E+01, 0.3269171E+01, 0.2915648E+01,
 0.5800000E+00, 0.5024386E+01, 0.5012727E+01, 0.3270430E+01, 0.2916555E+01,
 0.5820000E+00, 0.5024532E+01, 0.5012865E+01, 0.3271691E+01, 0.2917464E+01,
 0.5840000E+00, 0.5024678E+01, 0.5013001E+01, 0.3272954E+01, 0.2918376E+01,
 0.5860000E+00, 0.5024824E+01, 0.5013139E+01, 0.3274218E+01, 0.2919290E+01,
 0.5880000E+00, 0.5024971E+01, 0.5013276E+01, 0.3275483E+01, 0.2920205E+01,
 0.5900000E+00, 0.5025117E+01, 0.5013413E+01, 0.3276750E+01, 0.2921123E+01,
 0.5920000E+00, 0.5025263E+01, 0.5013550E+01, 0.3278018E+01, 0.2922043E+01,
 0.5940000E+00, 0.5025409E+01, 0.5013687E+01, 0.3279288E+01, 0.2922965E+01,
 0.5960000E+00, 0.5025556E+01, 0.5013824E+01, 0.3280559E+01, 0.2923889E+01,
 0.5980000E+00, 0.5025702E+01, 0.5013961E+01, 0.3281831E+01, 0.2924815E+01,
 0.6000000E+00, 0.5025848E+01, 0.5014099E+01, 0.3283105E+01, 0.2925743E+01,
 0.6020000E+00, 0.5025995E+01, 0.5014235E+01, 0.3284379E+01, 0.2926672E+01,
 0.6040000E+00, 0.5026141E+01, 0.5014373E+01, 0.3285656E+01, 0.2927604E+01,
 0.6060000E+00, 0.5026288E+01, 0.5014510E+01, 0.3286934E+01, 0.2928538E+01,
 0.6080000E+00, 0.5026434E+01, 0.5014647E+01, 0.3288213E+01, 0.2929473E+01,
 0.6100000E+00, 0.5026580E+01, 0.5014784E+01, 0.3289493E+01, 0.2930411E+01,
 0.6120000E+00, 0.5026727E+01, 0.5014921E+01, 0.3290774E+01, 0.2931350E+01,
 0.6140000E+00, 0.5026873E+01, 0.5015058E+01, 0.3292057E+01, 0.2932291E+01,
 0.6160000E+00, 0.5027020E+01, 0.5015195E+01, 0.3293341E+01, 0.2933234E+01,
 0.6180000E+00, 0.5027166E+01, 0.5015332E+01, 0.3294626E+01, 0.2934178E+01,
 0.6200000E+00, 0.5027313E+01, 0.5015469E+01, 0.3295912E+01, 0.2935125E+01,
 0.6220000E+00, 0.5027460E+01, 0.5015606E+01, 0.3297200E+01, 0.2936073E+01,
 0.6240000E+00, 0.5027606E+01, 0.5015743E+01, 0.3298488E+01, 0.2937023E+01,
 0.6260000E+00, 0.5027752E+01, 0.5015880E+01, 0.3299778E+01, 0.2937975E+01,
 0.6280000E+00, 0.5027899E+01, 0.5016017E+01, 0.3301069E+01, 0.2938928E+01,
 0.6300000E+00, 0.5028046E+01, 0.5016154E+01, 0.3302361E+01, 0.2939883E+01,
 0.6320000E+00, 0.5028193E+01, 0.5016291E+01, 0.3303654E+01, 0.2940840E+01,
 0.6340000E+00, 0.5028339E+01, 0.5016428E+01, 0.3304949E+01, 0.2941799E+01,
 0.6360000E+00, 0.5028486E+01, 0.5016565E+01, 0.3306244E+01, 0.2942759E+01,
 0.6380000E+00, 0.5028632E+01, 0.5016702E+01, 0.3307541E+01, 0.2943720E+01,
 0.6400000E+00, 0.5028779E+01, 0.5016839E+01, 0.3308838E+01, 0.2944684E+01,
 0.6420000E+00, 0.5028926E+01, 0.5016976E+01, 0.3310137E+01, 0.2945649E+01,
 0.6440000E+00, 0.5029072E+01, 0.5017113E+01, 0.3311436E+01, 0.2946615E+01,
 0.6460000E+00, 0.5029219E+01, 0.5017250E+01, 0.3312737E+01, 0.2947583E+01,
 0.6480000E+00, 0.5029366E+01, 0.5017386E+01, 0.3314038E+01, 0.2948553E+01,
 0.6500000E+00, 0.5029513E+01, 0.5017523E+01, 0.3315341E+01, 0.2949524E+01,
 0.6520000E+00, 0.5029659E+01, 0.5017660E+01, 0.3316644E+01, 0.2950497E+01,
 0.6540000E+00, 0.5029806E+01, 0.5017797E+01, 0.3317949E+01, 0.2951472E+01,
 0.6560000E+00, 0.5029953E+01, 0.5017934E+01, 0.3319254E+01, 0.2952447E+01,
 0.6580000E+00, 0.5030100E+01, 0.5018071E+01, 0.3320560E+01, 0.2953424E+01,
 0.6600000E+00, 0.5030247E+01, 0.5018208E+01, 0.3321868E+01, 0.2954403E+01,
 0.6620000E+00, 0.5030393E+01, 0.5018344E+01, 0.3323176E+01, 0.2955384E+01,
 0.6640000E+00, 0.5030540E+01, 0.5018481E+01, 0.3324485E+01, 0.2956365E+01,
 0.6660000E+00, 0.5030687E+01, 0.5018618E+01, 0.3325795E+01, 0.2957348E+01,
 0.6680000E+00, 0.5030834E+01, 0.5018755E+01, 0.3327106E+01, 0.2958333E+01,
 0.6700000E+00, 0.5030981E+01, 0.5018891E+01, 0.3328417E+01, 0.2959319E+01,
 0.6720000E+00, 0.5031127E+01, 0.5019028E+01, 0.3329730E+01, 0.2960306E+01,
 0.6740000E+00, 0.5031274E+01, 0.5019165E+01, 0.3331043E+01, 0.2961294E+01,
 0.6760000E+00, 0.5031421E+01, 0.5019302E+01, 0.3332357E+01, 0.2962285E+01,
 0.6780000E+00, 0.5031568E+01, 0.5019438E+01, 0.3333672E+01, 0.2963276E+01,
 0.6800000E+00, 0.5031715E+01, 0.5019575E+01, 0.3334988E+01, 0.2964269E+01,
 0.6820000E+00, 0.5031862E+01, 0.5019711E+01, 0.3336304E+01, 0.2965263E+01,
 0.6840000E+00, 0.5032009E+01, 0.5019848E+01, 0.3337621E+01, 0.2966258E+01,
 0.6860000E+00, 0.5032156E+01, 0.5019985E+01, 0.3338939E+01, 0.2967255E+01,
 0.6880000E+00, 0.5032302E+01, 0.5020122E+01, 0.3340258E+01, 0.2968253E+01,
 0.6900000E+00, 0.5032449E+01, 0.5020258E+01, 0.3341578E+01, 0.2969252E+01,
 0.6920000E+00, 0.5032596E+01, 0.5020395E+01, 0.3342898E+01, 0.2970252E+01,
 0.6940000E+00, 0.5032743E+01, 0.5020532E+01, 0.3344219E+01, 0.2971254E+01,
 0.6960000E+00, 0.5032890E+01, 0.5020668E+01, 0.3345540E+01, 0.2972257E+01,
 0.6980000E+00, 0.5033037E+01, 0.5020804E+01, 0.3346863E+01, 0.2973261E+01,
 0.7000000E+00, 0.5033184E+01, 0.5020941E+01, 0.3348186E+01, 0.2974267E+01,
 0.7020000E+00, 0.5033330E+01, 0.5021078E+01, 0.3349509E+01, 0.2975273E+01,
 0.7040000E+00, 0.5033477E+01, 0.5021214E+01, 0.3350834E+01, 0.2976281E+01,
 0.7060000E+00, 0.5033624E+01, 0.5021351E+01, 0.3352159E+01, 0.2977290E+01,
 0.7080000E+00, 0.5033771E+01, 0.5021487E+01, 0.3353484E+01, 0.2978300E+01,
 0.7100000E+00, 0.5033918E+01, 0.5021624E+01, 0.3354810E+01, 0.2979311E+01,
 0.7120000E+00, 0.5034065E+01, 0.5021760E+01, 0.3356137E+01, 0.2980324E+01,
 0.7140000E+00, 0.5034212E+01, 0.5021896E+01, 0.3357465E+01, 0.2981337E+01,
 0.7160000E+00, 0.5034359E+01, 0.5022033E+01, 0.3358793E+01, 0.2982352E+01,
 0.7180000E+00, 0.5034505E+01, 0.5022170E+01, 0.3360121E+01, 0.2983367E+01,
 0.7200000E+00, 0.5034652E+01, 0.5022306E+01, 0.3361450E+01, 0.2984384E+01,
 0.7220000E+00, 0.5034799E+01, 0.5022442E+01, 0.3362780E+01, 0.2985402E+01,
 0.7240000E+00, 0.5034946E+01, 0.5022579E+01, 0.3364110E+01, 0.2986421E+01,
 0.7260000E+00, 0.5035093E+01, 0.5022715E+01, 0.3365441E+01, 0.2987441E+01,
 0.7280000E+00, 0.5035240E+01, 0.5022851E+01, 0.3366773E+01, 0.2988462E+01,
 0.7300000E+00, 0.5035387E+01, 0.5022988E+01, 0.3368105E+01, 0.2989485E+01,
 0.7320000E+00, 0.5035533E+01, 0.5023124E+01, 0.3369437E+01, 0.2990508E+01,
 0.7340000E+00, 0.5035680E+01, 0.5023261E+01, 0.3370770E+01, 0.2991532E+01,
 0.7360000E+00, 0.5035827E+01, 0.5023396E+01, 0.3372103E+01, 0.2992557E+01,
 0.7380000E+00, 0.5035974E+01, 0.5023533E+01, 0.3373437E+01, 0.2993583E+01,
 0.7400000E+00, 0.5036121E+01, 0.5023669E+01, 0.3374772E+01, 0.2994610E+01,
 0.7420000E+00, 0.5036268E+01, 0.5023806E+01, 0.3376107E+01, 0.2995638E+01,
 0.7440000E+00, 0.5036415E+01, 0.5023942E+01, 0.3377442E+01, 0.2996667E+01,
 0.7460000E+00, 0.5036561E+01, 0.5024078E+01, 0.3378778E+01, 0.2997698E+01,
 0.7480000E+00, 0.5036708E+01, 0.5024214E+01, 0.3380114E+01, 0.2998729E+01,
 0.7500000E+00, 0.5036855E+01, 0.5024351E+01, 0.3381450E+01, 0.2999760E+01,
 0.7520000E+00, 0.5037002E+01, 0.5024487E+01, 0.3382787E+01, 0.3000793E+01,
 0.7540000E+00, 0.5037149E+01, 0.5024623E+01, 0.3384125E+01, 0.3001827E+01,
 0.7560000E+00, 0.5037296E+01, 0.5024759E+01, 0.3385463E+01, 0.3002862E+01,
 0.7580000E+00, 0.5037443E+01, 0.5024895E+01, 0.3386801E+01, 0.3003897E+01,
 0.7600000E+00, 0.5037590E+01, 0.5025032E+01, 0.3388140E+01, 0.3004934E+01,
 0.7620000E+00, 0.5037736E+01, 0.5025167E+01, 0.3389479E+01, 0.3005971E+01,
 0.7640000E+00, 0.5037883E+01, 0.5025304E+01, 0.3390818E+01, 0.3007009E+01,
 0.7660000E+00, 0.5038030E+01, 0.5025440E+01, 0.3392158E+01, 0.3008048E+01,
 0.7680000E+00, 0.5038177E+01, 0.5025576E+01, 0.3393498E+01, 0.3009088E+01,
 0.7700000E+00, 0.5038323E+01, 0.5025712E+01, 0.3394838E+01, 0.3010128E+01,
 0.7720000E+00, 0.5038470E+01, 0.5025848E+01, 0.3396179E+01, 0.3011170E+01,
 0.7740000E+00, 0.5038617E+01, 0.5025984E+01, 0.3397520E+01, 0.3012212E+01,
 0.7760000E+00, 0.5038764E+01, 0.5026121E+01, 0.3398862E+01, 0.3013255E+01,
 0.7780000E+00, 0.5038910E+01, 0.5026257E+01, 0.3400203E+01, 0.3014299E+01,
 0.7800000E+00, 0.5039057E+01, 0.5026393E+01, 0.3401546E+01, 0.3015344E+01,
 0.7820000E+00, 0.5039204E+01, 0.5026529E+01, 0.3402888E+01, 0.3016389E+01,
 0.7840000E+00, 0.5039351E+01, 0.5026665E+01, 0.3404230E+01, 0.3017435E+01,
 0.7860000E+00, 0.5039497E+01, 0.5026801E+01, 0.3405573E+01, 0.3018482E+01,
 0.7880000E+00, 0.5039644E+01, 0.5026937E+01, 0.3406916E+01, 0.3019530E+01,
 0.7900000E+00, 0.5039791E+01, 0.5027073E+01, 0.3408260E+01, 0.3020578E+01,
 0.7920000E+00, 0.5039938E+01, 0.5027209E+01, 0.3409604E+01, 0.3021628E+01,
 0.7940000E+00, 0.5040084E+01, 0.5027345E+01, 0.3410948E+01, 0.3022677E+01,
 0.7960000E+00, 0.5040231E+01, 0.5027481E+01, 0.3412292E+01, 0.3023728E+01,
 0.7980000E+00, 0.5040378E+01, 0.5027617E+01, 0.3413636E+01, 0.3024779E+01,
 0.8000000E+00, 0.5040524E+01, 0.5027753E+01, 0.3414981E+01, 0.3025831E+01,
 0.8020000E+00, 0.5040671E+01, 0.5027889E+01, 0.3416326E+01, 0.3026884E+01,
 0.8040000E+00, 0.5040818E+01, 0.5028025E+01, 0.3417671E+01, 0.3027937E+01,
 0.8060000E+00, 0.5040965E+01, 0.5028161E+01, 0.3419016E+01, 0.3028991E+01,
 0.8080000E+00, 0.5041111E+01, 0.5028297E+01, 0.3420362E+01, 0.3030046E+01,
 0.8100000E+00, 0.5041258E+01, 0.5028433E+01, 0.3421707E+01, 0.3031101E+01,
 0.8120000E+00, 0.5041405E+01, 0.5028569E+01, 0.3423053E+01, 0.3032157E+01,
 0.8140000E+00, 0.5041552E+01, 0.5028705E+01, 0.3424399E+01, 0.3033213E+01,
 0.8160000E+00, 0.5041698E+01, 0.5028841E+01, 0.3425745E+01, 0.3034271E+01,
 0.8180000E+00, 0.5041845E+01, 0.5028977E+01, 0.3427092E+01, 0.3035328E+01,
 0.8200000E+00, 0.5041992E+01, 0.5029113E+01, 0.3428438E+01, 0.3036387E+01,
 0.8220000E+00, 0.5042138E+01, 0.5029249E+01, 0.3429785E+01, 0.3037446E+01,
 0.8240000E+00, 0.5042285E+01, 0.5029386E+01, 0.3431132E+01, 0.3038505E+01,
 0.8260000E+00, 0.5042431E+01, 0.5029521E+01, 0.3432479E+01, 0.3039565E+01,
 0.8280000E+00, 0.5042578E+01, 0.5029657E+01, 0.3433826E+01, 0.3040626E+01,
 0.8300000E+00, 0.5042725E+01, 0.5029793E+01, 0.3435173E+01, 0.3041687E+01,
 0.8320000E+00, 0.5042871E+01, 0.5029930E+01, 0.3436521E+01, 0.3042749E+01,
 0.8340000E+00, 0.5043018E+01, 0.5030066E+01, 0.3437868E+01, 0.3043811E+01,
 0.8360000E+00, 0.5043165E+01, 0.5030201E+01, 0.3439216E+01, 0.3044874E+01,
 0.8380000E+00, 0.5043311E+01, 0.5030337E+01, 0.3440563E+01, 0.3045938E+01,
 0.8400000E+00, 0.5043458E+01, 0.5030474E+01, 0.3441911E+01, 0.3047001E+01,
 0.8420000E+00, 0.5043604E+01, 0.5030610E+01, 0.3443259E+01, 0.3048066E+01,
 0.8440000E+00, 0.5043751E+01, 0.5030746E+01, 0.3444607E+01, 0.3049131E+01,
 0.8460000E+00, 0.5043898E+01, 0.5030882E+01, 0.3445955E+01, 0.3050196E+01,
 0.8480000E+00, 0.5044044E+01, 0.5031018E+01, 0.3447303E+01, 0.3051262E+01,
 0.8500000E+00, 0.5044191E+01, 0.5031154E+01, 0.3448651E+01, 0.3052328E+01,
 0.8520000E+00, 0.5044337E+01, 0.5031290E+01, 0.3449999E+01, 0.3053395E+01,
 0.8540000E+00, 0.5044484E+01, 0.5031426E+01, 0.3451348E+01, 0.3054463E+01,
 0.8560000E+00, 0.5044631E+01, 0.5031562E+01, 0.3452696E+01, 0.3055530E+01,
 0.8580000E+00, 0.5044777E+01, 0.5031698E+01, 0.3454044E+01, 0.3056599E+01,
 0.8600000E+00, 0.5044924E+01, 0.5031834E+01, 0.3455393E+01, 0.3057667E+01,
 0.8620000E+00, 0.5045070E+01, 0.5031971E+01, 0.3456741E+01, 0.3058736E+01,
 0.8640000E+00, 0.5045217E+01, 0.5032107E+01, 0.3458090E+01, 0.3059806E+01,
 0.8660000E+00, 0.5045363E+01, 0.5032243E+01, 0.3459438E+01, 0.3060876E+01,
 0.8680000E+00, 0.5045510E+01, 0.5032379E+01, 0.3460787E+01, 0.3061946E+01,
 0.8700000E+00, 0.5045657E+01, 0.5032515E+01, 0.3462135E+01, 0.3063017E+01,
 0.8720000E+00, 0.5045803E+01, 0.5032651E+01, 0.3463484E+01, 0.3064088E+01,
 0.8740000E+00, 0.5045949E+01, 0.5032788E+01, 0.3464832E+01, 0.3065160E+01,
 0.8760000E+00, 0.5046096E+01, 0.5032924E+01, 0.3466181E+01, 0.3066231E+01,
 0.8780000E+00, 0.5046243E+01, 0.5033060E+01, 0.3467529E+01, 0.3067304E+01,
 0.8800000E+00, 0.5046389E+01, 0.5033196E+01, 0.3468878E+01, 0.3068377E+01,
 0.8820000E+00, 0.5046536E+01, 0.5033333E+01, 0.3470226E+01, 0.3069450E+01,
 0.8840000E+00, 0.5046682E+01, 0.5033469E+01, 0.3471575E+01, 0.3070523E+01,
 0.8860000E+00, 0.5046829E+01, 0.5033606E+01, 0.3472923E+01, 0.3071597E+01,
 0.8880000E+00, 0.5046976E+01, 0.5033742E+01, 0.3474271E+01, 0.3072671E+01,
 0.8900000E+00, 0.5047122E+01, 0.5033878E+01, 0.3475620E+01, 0.3073745E+01,
 0.8920000E+00, 0.5047269E+01, 0.5034015E+01, 0.3476968E+01, 0.3074820E+01,
 0.8940000E+00, 0.5047415E+01, 0.5034151E+01, 0.3478316E+01, 0.3075895E+01,
 0.8960000E+00, 0.5047562E+01, 0.5034287E+01, 0.3479664E+01, 0.3076971E+01,
 0.8980000E+00, 0.5047709E+01, 0.5034424E+01, 0.3481012E+01, 0.3078046E+01,
 0.9000000E+00, 0.5047855E+01, 0.5034560E+01, 0.3482360E+01, 0.3079122E+01,
 0.9020000E+00, 0.5048002E+01, 0.5034697E+01, 0.3483708E+01, 0.3080199E+01,
 0.9040000E+00, 0.5048148E+01, 0.5034833E+01, 0.3485056E+01, 0.3081275E+01,
 0.9060000E+00, 0.5048295E+01, 0.5034970E+01, 0.3486404E+01, 0.3082352E+01,
 0.9080000E+00, 0.5048441E+01, 0.5035107E+01, 0.3487751E+01, 0.3083429E+01,
 0.9100000E+00, 0.5048588E+01, 0.5035244E+01, 0.3489099E+01, 0.3084507E+01,
 0.9120000E+00, 0.5048735E+01, 0.5035380E+01, 0.3490447E+01, 0.3085584E+01,
 0.9140000E+00, 0.5048882E+01, 0.5035517E+01, 0.3491794E+01, 0.3086662E+01,
 0.9160000E+00, 0.5049028E+01, 0.5035654E+01, 0.3493141E+01, 0.3087740E+01,
 0.9180000E+00, 0.5049175E+01, 0.5035790E+01, 0.3494488E+01, 0.3088819E+01,
 0.9200000E+00, 0.5049321E+01, 0.5035927E+01, 0.3495836E+01, 0.3089897E+01,
 0.9220000E+00, 0.5049468E+01, 0.5036064E+01, 0.3497183E+01, 0.3090976E+01,
 0.9240000E+00, 0.5049614E+01, 0.5036201E+01, 0.3498529E+01, 0.3092056E+01,
 0.9260000E+00, 0.5049761E+01, 0.5036338E+01, 0.3499876E+01, 0.3093135E+01,
 0.9280000E+00, 0.5049908E+01, 0.5036475E+01, 0.3501223E+01, 0.3094214E+01,
 0.9300000E+00, 0.5050055E+01, 0.5036612E+01, 0.3502569E+01, 0.3095294E+01,
 0.9320000E+00, 0.5050201E+01, 0.5036749E+01, 0.3503916E+01, 0.3096374E+01,
 0.9340000E+00, 0.5050348E+01, 0.5036886E+01, 0.3505262E+01, 0.3097455E+01,
 0.9360000E+00, 0.5050495E+01, 0.5037023E+01, 0.3506608E+01, 0.3098535E+01,
 0.9380000E+00, 0.5050642E+01, 0.5037160E+01, 0.3507953E+01, 0.3099615E+01,
 0.9400000E+00, 0.5050788E+01, 0.5037298E+01, 0.3509299E+01, 0.3100696E+01,
 0.9420000E+00, 0.5050935E+01, 0.5037435E+01, 0.3510645E+01, 0.3101777E+01,
 0.9440000E+00, 0.5051082E+01, 0.5037572E+01, 0.3511990E+01, 0.3102858E+01,
 0.9460000E+00, 0.5051229E+01, 0.5037710E+01, 0.3513335E+01, 0.3103940E+01,
 0.9480000E+00, 0.5051375E+01, 0.5037847E+01, 0.3514680E+01, 0.3105021E+01,
 0.9500000E+00, 0.5051522E+01, 0.5037985E+01, 0.3516025E+01, 0.3106102E+01,
 0.9520000E+00, 0.5051669E+01, 0.5038122E+01, 0.3517370E+01, 0.3107184E+01,
 0.9540000E+00, 0.5051816E+01, 0.5038260E+01, 0.3518714E+01, 0.3108266E+01,
 0.9560000E+00, 0.5051963E+01, 0.5038398E+01, 0.3520059E+01, 0.3109348E+01,
 0.9580000E+00, 0.5052110E+01, 0.5038535E+01, 0.3521403E+01, 0.3110430E+01,
 0.9600000E+00, 0.5052257E+01, 0.5038673E+01, 0.3522747E+01, 0.3111512E+01,
 0.9620000E+00, 0.5052404E+01, 0.5038811E+01, 0.3524091E+01, 0.3112595E+01,
 0.9640000E+00, 0.5052551E+01, 0.5038949E+01, 0.3525434E+01, 0.3113678E+01,
 0.9660000E+00, 0.5052698E+01, 0.5039087E+01, 0.3526778E+01, 0.3114760E+01,
 0.9680000E+00, 0.5052845E+01, 0.5039225E+01, 0.3528121E+01, 0.3115843E+01,
 0.9700000E+00, 0.5052992E+01, 0.5039363E+01, 0.3529464E+01, 0.3116926E+01,
 0.9720000E+00, 0.5053139E+01, 0.5039501E+01, 0.3530806E+01, 0.3118009E+01,
 0.9740000E+00, 0.5053286E+01, 0.5039639E+01, 0.3532149E+01, 0.3119092E+01,
 0.9760000E+00, 0.5053433E+01, 0.5039778E+01, 0.3533491E+01, 0.3120175E+01,
 0.9780000E+00, 0.5053580E+01, 0.5039916E+01, 0.3534833E+01, 0.3121258E+01,
 0.9800000E+00, 0.5053728E+01, 0.5040055E+01, 0.3536175E+01, 0.3122341E+01,
 0.9820000E+00, 0.5053875E+01, 0.5040193E+01, 0.3537516E+01, 0.3123425E+01,
 0.9840000E+00, 0.5054022E+01, 0.5040332E+01, 0.3538858E+01, 0.3124508E+01,
 0.9860000E+00, 0.5054170E+01, 0.5040471E+01, 0.3540199E+01, 0.3125591E+01,
 0.9880000E+00, 0.5054317E+01, 0.5040609E+01, 0.3541540E+01, 0.3126675E+01,
 0.9900000E+00, 0.5054464E+01, 0.5040748E+01, 0.3542880E+01, 0.3127759E+01,
 0.9920000E+00, 0.5054612E+01, 0.5040887E+01, 0.3544221E+01, 0.3128842E+01,
 0.9940000E+00, 0.5054759E+01, 0.5041026E+01, 0.3545561E+01, 0.3129926E+01,
 0.9960000E+00, 0.5054906E+01, 0.5041165E+01, 0.3546901E+01, 0.3131010E+01,
 0.9980000E+00, 0.5055054E+01, 0.5041305E+01, 0.3548240E+01, 0.3132093E+01,
 0.1000000E+01, 0.5055202E+01, 0.5041444E+01, 0.3549580E+01, 0.3133177E+01,
 0.1002000E+01, 0.5055349E+01, 0.5041584E+01, 0.3550919E+01, 0.3134261E+01,
 0.1004000E+01, 0.5055497E+01, 0.5041723E+01, 0.3552258E+01, 0.3135345E+01,
 0.1006000E+01, 0.5055644E+01, 0.5041862E+01, 0.3553596E+01, 0.3136429E+01,
 0.1008000E+01, 0.5055792E+01, 0.5042002E+01, 0.3554935E+01, 0.3137512E+01,
 0.1010000E+01, 0.5055940E+01, 0.5042142E+01, 0.3556273E+01, 0.3138596E+01,
 0.1012000E+01, 0.5056087E+01, 0.5042282E+01, 0.3557610E+01, 0.3139680E+01,
 0.1014000E+01, 0.5056235E+01, 0.5042422E+01, 0.3558948E+01, 0.3140764E+01,
 0.1016000E+01, 0.5056383E+01, 0.5042562E+01, 0.3560285E+01, 0.3141848E+01,
 0.1018000E+01, 0.5056531E+01, 0.5042702E+01, 0.3561622E+01, 0.3142932E+01,
 0.1020000E+01, 0.5056679E+01, 0.5042842E+01, 0.3562958E+01, 0.3144016E+01,
 0.1022000E+01, 0.5056827E+01, 0.5042983E+01, 0.3564295E+01, 0.3145100E+01,
 0.1024000E+01, 0.5056975E+01, 0.5043123E+01, 0.3565631E+01, 0.3146183E+01,
 0.1026000E+01, 0.5057123E+01, 0.5043264E+01, 0.3566966E+01, 0.3147267E+01,
 0.1028000E+01, 0.5057271E+01, 0.5043405E+01, 0.3568302E+01, 0.3148351E+01,
 0.1030000E+01, 0.5057419E+01, 0.5043546E+01, 0.3569637E+01, 0.3149435E+01,
 0.1032000E+01, 0.5057568E+01, 0.5043687E+01, 0.3570972E+01, 0.3150518E+01,
 0.1034000E+01, 0.5057716E+01, 0.5043828E+01, 0.3572306E+01, 0.3151602E+01,
 0.1036000E+01, 0.5057864E+01, 0.5043969E+01, 0.3573640E+01, 0.3152686E+01,
 0.1038000E+01, 0.5058013E+01, 0.5044110E+01, 0.3574974E+01, 0.3153769E+01,
 0.1040000E+01, 0.5058161E+01, 0.5044252E+01, 0.3576308E+01, 0.3154853E+01,
 0.1042000E+01, 0.5058310E+01, 0.5044394E+01, 0.3577641E+01, 0.3155936E+01,
 0.1044000E+01, 0.5058458E+01, 0.5044535E+01, 0.3578974E+01, 0.3157020E+01,
 0.1046000E+01, 0.5058607E+01, 0.5044677E+01, 0.3580307E+01, 0.3158103E+01,
 0.1048000E+01, 0.5058756E+01, 0.5044819E+01, 0.3581639E+01, 0.3159186E+01,
 0.1050000E+01, 0.5058905E+01, 0.5044961E+01, 0.3582971E+01, 0.3160269E+01,
 0.1052000E+01, 0.5059054E+01, 0.5045104E+01, 0.3584302E+01, 0.3161353E+01,
 0.1054000E+01, 0.5059203E+01, 0.5045246E+01, 0.3585634E+01, 0.3162436E+01,
 0.1056000E+01, 0.5059351E+01, 0.5045389E+01, 0.3586965E+01, 0.3163519E+01,
 0.1058000E+01, 0.5059501E+01, 0.5045532E+01, 0.3588295E+01, 0.3164602E+01,
 0.1060000E+01, 0.5059650E+01, 0.5045675E+01, 0.3589626E+01, 0.3165684E+01,
 0.1062000E+01, 0.5059799E+01, 0.5045818E+01, 0.3590955E+01, 0.3166767E+01,
 0.1064000E+01, 0.5059948E+01, 0.5045961E+01, 0.3592285E+01, 0.3167850E+01,
 0.1066000E+01, 0.5060098E+01, 0.5046104E+01, 0.3593615E+01, 0.3168932E+01,
 0.1068000E+01, 0.5060247E+01, 0.5046248E+01, 0.3594943E+01, 0.3170015E+01,
 0.1070000E+01, 0.5060397E+01, 0.5046391E+01, 0.3596272E+01, 0.3171097E+01,
 0.1072000E+01, 0.5060546E+01, 0.5046535E+01, 0.3597600E+01, 0.3172179E+01,
 0.1074000E+01, 0.5060696E+01, 0.5046679E+01, 0.3598928E+01, 0.3173262E+01,
 0.1076000E+01, 0.5060846E+01, 0.5046824E+01, 0.3600255E+01, 0.3174344E+01,
 0.1078000E+01, 0.5060996E+01, 0.5046968E+01, 0.3601583E+01, 0.3175426E+01,
 0.1080000E+01, 0.5061146E+01, 0.5047113E+01, 0.3602910E+01, 0.3176507E+01,
 0.1082000E+01, 0.5061296E+01, 0.5047257E+01, 0.3604236E+01, 0.3177589E+01,
 0.1084000E+01, 0.5061446E+01, 0.5047402E+01, 0.3605562E+01, 0.3178670E+01,
 0.1086000E+01, 0.5061596E+01, 0.5047548E+01, 0.3606888E+01, 0.3179752E+01,
 0.1088000E+01, 0.5061747E+01, 0.5047693E+01, 0.3608213E+01, 0.3180833E+01,
 0.1090000E+01, 0.5061897E+01, 0.5047839E+01, 0.3609538E+01, 0.3181914E+01,
 0.1092000E+01, 0.5062048E+01, 0.5047984E+01, 0.3610863E+01, 0.3182995E+01,
 0.1094000E+01, 0.5062199E+01, 0.5048130E+01, 0.3612187E+01, 0.3184076E+01,
 0.1096000E+01, 0.5062349E+01, 0.5048276E+01, 0.3613511E+01, 0.3185157E+01,
 0.1098000E+01, 0.5062500E+01, 0.5048422E+01, 0.3614834E+01, 0.3186238E+01,
 0.1100000E+01, 0.5062651E+01, 0.5048569E+01, 0.3616158E+01, 0.3187318E+01,
 0.1102000E+01, 0.5062802E+01, 0.5048716E+01, 0.3617480E+01, 0.3188398E+01,
 0.1104000E+01, 0.5062953E+01, 0.5048863E+01, 0.3618803E+01, 0.3189478E+01,
 0.1106000E+01, 0.5063105E+01, 0.5049010E+01, 0.3620125E+01, 0.3190558E+01,
 0.1108000E+01, 0.5063256E+01, 0.5049157E+01, 0.3621446E+01, 0.3191638E+01,
 0.1110000E+01, 0.5063408E+01, 0.5049305E+01, 0.3622767E+01, 0.3192718E+01,
 0.1112000E+01, 0.5063560E+01, 0.5049453E+01, 0.3624088E+01, 0.3193797E+01,
 0.1114000E+01, 0.5063711E+01, 0.5049601E+01, 0.3625409E+01, 0.3194877E+01,
 0.1116000E+01, 0.5063863E+01, 0.5049749E+01, 0.3626729E+01, 0.3195956E+01,
 0.1118000E+01, 0.5064015E+01, 0.5049897E+01, 0.3628048E+01, 0.3197035E+01,
 0.1120000E+01, 0.5064167E+01, 0.5050046E+01, 0.3629368E+01, 0.3198114E+01,
 0.1122000E+01, 0.5064320E+01, 0.5050195E+01, 0.3630686E+01, 0.3199192E+01,
 0.1124000E+01, 0.5064472E+01, 0.5050344E+01, 0.3632005E+01, 0.3200271E+01,
 0.1126000E+01, 0.5064625E+01, 0.5050494E+01, 0.3633323E+01, 0.3201349E+01,
 0.1128000E+01, 0.5064777E+01, 0.5050643E+01, 0.3634641E+01, 0.3202427E+01,
 0.1130000E+01, 0.5064930E+01, 0.5050794E+01, 0.3635958E+01, 0.3203505E+01,
 0.1132000E+01, 0.5065084E+01, 0.5050944E+01, 0.3637275E+01, 0.3204583E+01,
 0.1134000E+01, 0.5065237E+01, 0.5051095E+01, 0.3638591E+01, 0.3205660E+01,
 0.1136000E+01, 0.5065390E+01, 0.5051245E+01, 0.3639907E+01, 0.3206738E+01,
 0.1138000E+01, 0.5065543E+01, 0.5051396E+01, 0.3641223E+01, 0.3207815E+01,
 0.1140000E+01, 0.5065697E+01, 0.5051548E+01, 0.3642538E+01, 0.3208892E+01,
 0.1142000E+01, 0.5065850E+01, 0.5051699E+01, 0.3643853E+01, 0.3209969E+01,
 0.1144000E+01, 0.5066004E+01, 0.5051851E+01, 0.3645168E+01, 0.3211045E+01,
 0.1146000E+01, 0.5066158E+01, 0.5052003E+01, 0.3646482E+01, 0.3212121E+01,
 0.1148000E+01, 0.5066312E+01, 0.5052155E+01, 0.3647795E+01, 0.3213197E+01,
 0.1150000E+01, 0.5066467E+01, 0.5052308E+01, 0.3649108E+01, 0.3214273E+01,
 0.1152000E+01, 0.5066621E+01, 0.5052461E+01, 0.3650421E+01, 0.3215349E+01,
 0.1154000E+01, 0.5066776E+01, 0.5052614E+01, 0.3651733E+01, 0.3216424E+01,
 0.1156000E+01, 0.5066931E+01, 0.5052768E+01, 0.3653045E+01, 0.3217500E+01,
 0.1158000E+01, 0.5067086E+01, 0.5052922E+01, 0.3654357E+01, 0.3218575E+01,
 0.1160000E+01, 0.5067241E+01, 0.5053076E+01, 0.3655668E+01, 0.3219650E+01,
 0.1162000E+01, 0.5067396E+01, 0.5053231E+01, 0.3656979E+01, 0.3220724E+01,
 0.1164000E+01, 0.5067552E+01, 0.5053386E+01, 0.3658289E+01, 0.3221799E+01,
 0.1166000E+01, 0.5067708E+01, 0.5053541E+01, 0.3659599E+01, 0.3222873E+01,
 0.1168000E+01, 0.5067863E+01, 0.5053696E+01, 0.3660908E+01, 0.3223947E+01,
 0.1170000E+01, 0.5068019E+01, 0.5053852E+01, 0.3662217E+01, 0.3225020E+01,
 0.1172000E+01, 0.5068176E+01, 0.5054008E+01, 0.3663526E+01, 0.3226094E+01,
 0.1174000E+01, 0.5068332E+01, 0.5054165E+01, 0.3664834E+01, 0.3227167E+01,
 0.1176000E+01, 0.5068489E+01, 0.5054321E+01, 0.3666142E+01, 0.3228240E+01,
 0.1178000E+01, 0.5068645E+01, 0.5054479E+01, 0.3667449E+01, 0.3229313E+01,
 0.1180000E+01, 0.5068803E+01, 0.5054636E+01, 0.3668756E+01, 0.3230386E+01,
 0.1182000E+01, 0.5068960E+01, 0.5054794E+01, 0.3670063E+01, 0.3231458E+01,
 0.1184000E+01, 0.5069118E+01, 0.5054952E+01, 0.3671369E+01, 0.3232530E+01,
 0.1186000E+01, 0.5069275E+01, 0.5055111E+01, 0.3672674E+01, 0.3233602E+01,
 0.1188000E+01, 0.5069433E+01, 0.5055270E+01, 0.3673980E+01, 0.3234673E+01,
 0.1190000E+01, 0.5069591E+01, 0.5055429E+01, 0.3675284E+01, 0.3235744E+01,
 0.1192000E+01, 0.5069749E+01, 0.5055589E+01, 0.3676589E+01, 0.3236815E+01,
 0.1194000E+01, 0.5069908E+01, 0.5055749E+01, 0.3677892E+01, 0.3237886E+01,
 0.1196000E+01, 0.5070067E+01, 0.5055910E+01, 0.3679196E+01, 0.3238957E+01,
 0.1198000E+01, 0.5070226E+01, 0.5056071E+01, 0.3680499E+01, 0.3240027E+01,
 0.1200000E+01, 0.5070385E+01, 0.5056232E+01, 0.3681801E+01, 0.3241097E+01,
 0.1202000E+01, 0.5070545E+01, 0.5056394E+01, 0.3683104E+01, 0.3242167E+01,
 0.1204000E+01, 0.5070704E+01, 0.5056556E+01, 0.3684405E+01, 0.3243237E+01,
 0.1206000E+01, 0.5070864E+01, 0.5056718E+01, 0.3685706E+01, 0.3244306E+01,
 0.1208000E+01, 0.5071024E+01, 0.5056881E+01, 0.3687007E+01, 0.3245375E+01,
 0.1210000E+01, 0.5071185E+01, 0.5057045E+01, 0.3688308E+01, 0.3246444E+01,
 0.1212000E+01, 0.5071345E+01, 0.5057209E+01, 0.3689608E+01, 0.3247512E+01,
 0.1214000E+01, 0.5071507E+01, 0.5057373E+01, 0.3690907E+01, 0.3248580E+01,
 0.1216000E+01, 0.5071668E+01, 0.5057538E+01, 0.3692206E+01, 0.3249648E+01,
 0.1218000E+01, 0.5071829E+01, 0.5057703E+01, 0.3693505E+01, 0.3250716E+01,
 0.1220000E+01, 0.5071991E+01, 0.5057868E+01, 0.3694803E+01, 0.3251783E+01,
 0.1222000E+01, 0.5072153E+01, 0.5058034E+01, 0.3696101E+01, 0.3252850E+01,
 0.1224000E+01, 0.5072315E+01, 0.5058201E+01, 0.3697398E+01, 0.3253917E+01,
 0.1226000E+01, 0.5072478E+01, 0.5058368E+01, 0.3698695E+01, 0.3254984E+01,
 0.1228000E+01, 0.5072640E+01, 0.5058535E+01, 0.3699991E+01, 0.3256050E+01,
 0.1230000E+01, 0.5072803E+01, 0.5058703E+01, 0.3701287E+01, 0.3257116E+01,
 0.1232000E+01, 0.5072967E+01, 0.5058872E+01, 0.3702583E+01, 0.3258182E+01,
 0.1234000E+01, 0.5073131E+01, 0.5059041E+01, 0.3703878E+01, 0.3259247E+01,
 0.1236000E+01, 0.5073295E+01, 0.5059210E+01, 0.3705172E+01, 0.3260312E+01,
 0.1238000E+01, 0.5073459E+01, 0.5059380E+01, 0.3706466E+01, 0.3261377E+01,
 0.1240000E+01, 0.5073624E+01, 0.5059550E+01, 0.3707760E+01, 0.3262442E+01,
 0.1242000E+01, 0.5073789E+01, 0.5059721E+01, 0.3709053E+01, 0.3263506E+01,
 0.1244000E+01, 0.5073954E+01, 0.5059893E+01, 0.3710346E+01, 0.3264570E+01,
 0.1246000E+01, 0.5074120E+01, 0.5060065E+01, 0.3711638E+01, 0.3265634E+01,
 0.1248000E+01, 0.5074285E+01, 0.5060238E+01, 0.3712930E+01, 0.3266697E+01,
 0.1250000E+01, 0.5074451E+01, 0.5060411E+01, 0.3714222E+01, 0.3267761E+01,
 0.1252000E+01, 0.5074618E+01, 0.5060585E+01, 0.3715513E+01, 0.3268823E+01,
 0.1254000E+01, 0.5074785E+01, 0.5060759E+01, 0.3716804E+01, 0.3269886E+01,
 0.1256000E+01, 0.5074952E+01, 0.5060934E+01, 0.3718094E+01, 0.3270948E+01,
 0.1258000E+01, 0.5075119E+01, 0.5061109E+01, 0.3719383E+01, 0.3272010E+01,
 0.1260000E+01, 0.5075287E+01, 0.5061285E+01, 0.3720673E+01, 0.3273072E+01,
 0.1262000E+01, 0.5075456E+01, 0.5061462E+01, 0.3721961E+01, 0.3274133E+01,
 0.1264000E+01, 0.5075624E+01, 0.5061639E+01, 0.3723250E+01, 0.3275194E+01,
 0.1266000E+01, 0.5075793E+01, 0.5061817E+01, 0.3724537E+01, 0.3276255E+01,
 0.1268000E+01, 0.5075963E+01, 0.5061995E+01, 0.3725825E+01, 0.3277316E+01,
 0.1270000E+01, 0.5076132E+01, 0.5062174E+01, 0.3727112E+01, 0.3278376E+01,
 0.1272000E+01, 0.5076302E+01, 0.5062354E+01, 0.3728398E+01, 0.3279436E+01,
 0.1274000E+01, 0.5076473E+01, 0.5062534E+01, 0.3729684E+01, 0.3280496E+01,
 0.1276000E+01, 0.5076643E+01, 0.5062715E+01, 0.3730970E+01, 0.3281555E+01,
 0.1278000E+01, 0.5076815E+01, 0.5062897E+01, 0.3732255E+01, 0.3282614E+01,
 0.1280000E+01, 0.5076986E+01, 0.5063079E+01, 0.3733540E+01, 0.3283673E+01,
 0.1282000E+01, 0.5077158E+01, 0.5063262E+01, 0.3734824E+01, 0.3284731E+01,
 0.1284000E+01, 0.5077331E+01, 0.5063446E+01, 0.3736108E+01, 0.3285789E+01,
 0.1286000E+01, 0.5077504E+01, 0.5063630E+01, 0.3737391E+01, 0.3286847E+01,
 0.1288000E+01, 0.5077677E+01, 0.5063815E+01, 0.3738674E+01, 0.3287904E+01,
 0.1290000E+01, 0.5077850E+01, 0.5064000E+01, 0.3739956E+01, 0.3288962E+01,
 0.1292000E+01, 0.5078024E+01, 0.5064187E+01, 0.3741238E+01, 0.3290018E+01,
 0.1294000E+01, 0.5078199E+01, 0.5064374E+01, 0.3742520E+01, 0.3291075E+01,
 0.1296000E+01, 0.5078374E+01, 0.5064561E+01, 0.3743801E+01, 0.3292131E+01,
 0.1298000E+01, 0.5078549E+01, 0.5064750E+01, 0.3745082E+01, 0.3293187E+01,
 0.1300000E+01, 0.5078725E+01, 0.5064939E+01, 0.3746362E+01, 0.3294243E+01,
 0.1302000E+01, 0.5078902E+01, 0.5065129E+01, 0.3747642E+01, 0.3295298E+01,
 0.1304000E+01, 0.5079078E+01, 0.5065320E+01, 0.3748921E+01, 0.3296353E+01,
 0.1306000E+01, 0.5079256E+01, 0.5065512E+01, 0.3750200E+01, 0.3297408E+01,
 0.1308000E+01, 0.5079433E+01, 0.5065704E+01, 0.3751478E+01, 0.3298462E+01,
 0.1310000E+01, 0.5079611E+01, 0.5065897E+01, 0.3752756E+01, 0.3299516E+01,
 0.1312000E+01, 0.5079790E+01, 0.5066091E+01, 0.3754033E+01, 0.3300570E+01,
 0.1314000E+01, 0.5079969E+01, 0.5066286E+01, 0.3755310E+01, 0.3301623E+01,
 0.1316000E+01, 0.5080149E+01, 0.5066481E+01, 0.3756587E+01, 0.3302676E+01,
 0.1318000E+01, 0.5080329E+01, 0.5066678E+01, 0.3757863E+01, 0.3303729E+01,
 0.1320000E+01, 0.5080510E+01, 0.5066875E+01, 0.3759138E+01, 0.3304782E+01,
 0.1322000E+01, 0.5080691E+01, 0.5067072E+01, 0.3760414E+01, 0.3305834E+01,
 0.1324000E+01, 0.5080873E+01, 0.5067272E+01, 0.3761688E+01, 0.3306886E+01,
 0.1326000E+01, 0.5081055E+01, 0.5067471E+01, 0.3762963E+01, 0.3307937E+01,
 0.1328000E+01, 0.5081238E+01, 0.5067672E+01, 0.3764236E+01, 0.3308988E+01,
 0.1330000E+01, 0.5081421E+01, 0.5067873E+01, 0.3765510E+01, 0.3310039E+01,
 0.1332000E+01, 0.5081605E+01, 0.5068076E+01, 0.3766783E+01, 0.3311090E+01,
 0.1334000E+01, 0.5081789E+01, 0.5068279E+01, 0.3768055E+01, 0.3312140E+01,
 0.1336000E+01, 0.5081974E+01, 0.5068483E+01, 0.3769327E+01, 0.3313190E+01,
 0.1338000E+01, 0.5082160E+01, 0.5068688E+01, 0.3770599E+01, 0.3314240E+01,
 0.1340000E+01, 0.5082346E+01, 0.5068894E+01, 0.3771870E+01, 0.3315289E+01,
 0.1342000E+01, 0.5082532E+01, 0.5069102E+01, 0.3773140E+01, 0.3316338E+01,
 0.1344000E+01, 0.5082720E+01, 0.5069310E+01, 0.3774410E+01, 0.3317386E+01,
 0.1346000E+01, 0.5082908E+01, 0.5069519E+01, 0.3775680E+01, 0.3318435E+01,
 0.1348000E+01, 0.5083096E+01, 0.5069729E+01, 0.3776950E+01, 0.3319483E+01,
 0.1350000E+01, 0.5083285E+01, 0.5069940E+01, 0.3778219E+01, 0.3320530E+01,
 0.1352000E+01, 0.5083475E+01, 0.5070152E+01, 0.3779487E+01, 0.3321578E+01,
 0.1354000E+01, 0.5083665E+01, 0.5070365E+01, 0.3780755E+01, 0.3322625E+01,
 0.1356000E+01, 0.5083857E+01, 0.5070580E+01, 0.3782022E+01, 0.3323671E+01,
 0.1358000E+01, 0.5084048E+01, 0.5070795E+01, 0.3783289E+01, 0.3324718E+01,
 0.1360000E+01, 0.5084240E+01, 0.5071011E+01, 0.3784556E+01, 0.3325764E+01,
 0.1362000E+01, 0.5084433E+01, 0.5071229E+01, 0.3785822E+01, 0.3326809E+01,
 0.1364000E+01, 0.5084627E+01, 0.5071447E+01, 0.3787088E+01, 0.3327855E+01,
 0.1366000E+01, 0.5084821E+01, 0.5071667E+01, 0.3788353E+01, 0.3328900E+01,
 0.1368000E+01, 0.5085016E+01, 0.5071888E+01, 0.3789618E+01, 0.3329944E+01,
 0.1370000E+01, 0.5085212E+01, 0.5072110E+01, 0.3790882E+01, 0.3330989E+01,
 0.1372000E+01, 0.5085408E+01, 0.5072333E+01, 0.3792146E+01, 0.3332033E+01,
 0.1374000E+01, 0.5085605E+01, 0.5072557E+01, 0.3793410E+01, 0.3333076E+01,
 0.1376000E+01, 0.5085803E+01, 0.5072783E+01, 0.3794673E+01, 0.3334120E+01,
 0.1378000E+01, 0.5086002E+01, 0.5073010E+01, 0.3795935E+01, 0.3335163E+01,
 0.1380000E+01, 0.5086201E+01, 0.5073238E+01, 0.3797197E+01, 0.3336206E+01,
 0.1382000E+01, 0.5086401E+01, 0.5073468E+01, 0.3798459E+01, 0.3337248E+01,
 0.1384000E+01, 0.5086602E+01, 0.5073698E+01, 0.3799720E+01, 0.3338290E+01,
 0.1386000E+01, 0.5086803E+01, 0.5073930E+01, 0.3800981E+01, 0.3339332E+01,
 0.1388000E+01, 0.5087006E+01, 0.5074163E+01, 0.3802242E+01, 0.3340374E+01,
 0.1390000E+01, 0.5087209E+01, 0.5074398E+01, 0.3803501E+01, 0.3341415E+01,
 0.1392000E+01, 0.5087413E+01, 0.5074634E+01, 0.3804761E+01, 0.3342455E+01,
 0.1394000E+01, 0.5087618E+01, 0.5074871E+01, 0.3806020E+01, 0.3343496E+01,
 0.1396000E+01, 0.5087823E+01, 0.5075109E+01, 0.3807278E+01, 0.3344536E+01,
 0.1398000E+01, 0.5088030E+01, 0.5075350E+01, 0.3808537E+01, 0.3345576E+01,
 0.1400000E+01, 0.5088237E+01, 0.5075591E+01, 0.3809794E+01, 0.3346615E+01,
 0.1402000E+01, 0.5088445E+01, 0.5075834E+01, 0.3811052E+01, 0.3347654E+01,
 0.1404000E+01, 0.5088654E+01, 0.5076078E+01, 0.3812309E+01, 0.3348693E+01,
 0.1406000E+01, 0.5088864E+01, 0.5076324E+01, 0.3813565E+01, 0.3349732E+01,
 0.1408000E+01, 0.5089075E+01, 0.5076571E+01, 0.3814821E+01, 0.3350770E+01,
 0.1410000E+01, 0.5089286E+01, 0.5076820E+01, 0.3816076E+01, 0.3351808E+01,
 0.1412000E+01, 0.5089499E+01, 0.5077070E+01, 0.3817331E+01, 0.3352845E+01,
 0.1414000E+01, 0.5089712E+01, 0.5077322E+01, 0.3818586E+01, 0.3353882E+01,
 0.1416000E+01, 0.5089927E+01, 0.5077575E+01, 0.3819840E+01, 0.3354919E+01,
 0.1418000E+01, 0.5090142E+01, 0.5077830E+01, 0.3821094E+01, 0.3355956E+01,
 0.1420000E+01, 0.5090358E+01, 0.5078087E+01, 0.3822347E+01, 0.3356992E+01,
 0.1422000E+01, 0.5090576E+01, 0.5078345E+01, 0.3823600E+01, 0.3358028E+01,
 0.1424000E+01, 0.5090794E+01, 0.5078604E+01, 0.3824853E+01, 0.3359063E+01,
 0.1426000E+01, 0.5091013E+01, 0.5078866E+01, 0.3826105E+01, 0.3360098E+01,
 0.1428000E+01, 0.5091234E+01, 0.5079129E+01, 0.3827356E+01, 0.3361133E+01,
 0.1430000E+01, 0.5091455E+01, 0.5079393E+01, 0.3828608E+01, 0.3362168E+01,
 0.1432000E+01, 0.5091677E+01, 0.5079660E+01, 0.3829858E+01, 0.3363202E+01,
 0.1434000E+01, 0.5091900E+01, 0.5079928E+01, 0.3831109E+01, 0.3364236E+01,
 0.1436000E+01, 0.5092125E+01, 0.5080198E+01, 0.3832358E+01, 0.3365269E+01,
 0.1438000E+01, 0.5092350E+01, 0.5080470E+01, 0.3833608E+01, 0.3366303E+01,
 0.1440000E+01, 0.5092577E+01, 0.5080743E+01, 0.3834857E+01, 0.3367336E+01,
 0.1442000E+01, 0.5092805E+01, 0.5081019E+01, 0.3836106E+01, 0.3368368E+01,
 0.1444000E+01, 0.5093033E+01, 0.5081296E+01, 0.3837354E+01, 0.3369400E+01,
 0.1446000E+01, 0.5093264E+01, 0.5081575E+01, 0.3838601E+01, 0.3370432E+01,
 0.1448000E+01, 0.5093494E+01, 0.5081856E+01, 0.3839849E+01, 0.3371464E+01,
 0.1450000E+01, 0.5093727E+01, 0.5082139E+01, 0.3841096E+01, 0.3372495E+01,
 0.1452000E+01, 0.5093960E+01, 0.5082424E+01, 0.3842342E+01, 0.3373526E+01,
 0.1454000E+01, 0.5094194E+01, 0.5082711E+01, 0.3843588E+01, 0.3374557E+01,
 0.1456000E+01, 0.5094430E+01, 0.5083000E+01, 0.3844834E+01, 0.3375587E+01,
 0.1458000E+01, 0.5094667E+01, 0.5083291E+01, 0.3846079E+01, 0.3376617E+01,
 0.1460000E+01, 0.5094906E+01, 0.5083584E+01, 0.3847324E+01, 0.3377647E+01,
 0.1462000E+01, 0.5095145E+01, 0.5083879E+01, 0.3848568E+01, 0.3378676E+01,
 0.1464000E+01, 0.5095386E+01, 0.5084177E+01, 0.3849812E+01, 0.3379705E+01,
 0.1466000E+01, 0.5095628E+01, 0.5084476E+01, 0.3851055E+01, 0.3380734E+01,
 0.1468000E+01, 0.5095871E+01, 0.5084778E+01, 0.3852298E+01, 0.3381762E+01,
 0.1470000E+01, 0.5096116E+01, 0.5085082E+01, 0.3853541E+01, 0.3382791E+01,
 0.1472000E+01, 0.5096362E+01, 0.5085388E+01, 0.3854783E+01, 0.3383818E+01,
 0.1474000E+01, 0.5096609E+01, 0.5085697E+01, 0.3856025E+01, 0.3384846E+01,
 0.1476000E+01, 0.5096858E+01, 0.5086008E+01, 0.3857266E+01, 0.3385873E+01,
 0.1478000E+01, 0.5097108E+01, 0.5086321E+01, 0.3858507E+01, 0.3386900E+01,
 0.1480000E+01, 0.5097360E+01, 0.5086637E+01, 0.3859748E+01, 0.3387926E+01,
 0.1482000E+01, 0.5097612E+01, 0.5086955E+01, 0.3860988E+01, 0.3388952E+01,
 0.1484000E+01, 0.5097867E+01, 0.5087276E+01, 0.3862227E+01, 0.3389978E+01,
 0.1486000E+01, 0.5098123E+01, 0.5087599E+01, 0.3863467E+01, 0.3391004E+01,
 0.1488000E+01, 0.5098380E+01, 0.5087924E+01, 0.3864706E+01, 0.3392029E+01,
 0.1490000E+01, 0.5098639E+01, 0.5088253E+01, 0.3865944E+01, 0.3393054E+01,
 0.1492000E+01, 0.5098899E+01, 0.5088583E+01, 0.3867182E+01, 0.3394078E+01,
 0.1494000E+01, 0.5099161E+01, 0.5088917E+01, 0.3868420E+01, 0.3395103E+01,
 0.1496000E+01, 0.5099424E+01, 0.5089253E+01, 0.3869657E+01, 0.3396127E+01,
 0.1498000E+01, 0.5099689E+01, 0.5089592E+01, 0.3870894E+01, 0.3397151E+01,
 0.1500000E+01, 0.5099956E+01, 0.5089934E+01, 0.3872130E+01, 0.3398174E+01,
 0.1500000E+01, 0.5099956E+01, 0.5089934E+01, 0.3872130E+01, 0.3398174E+01,
 0.1502000E+01, 0.5100224E+01, 0.5090279E+01, 0.3873366E+01, 0.3399197E+01,
 0.1504000E+01, 0.5100494E+01, 0.5090626E+01, 0.3874602E+01, 0.3400220E+01,
 0.1506000E+01, 0.5100766E+01, 0.5090977E+01, 0.3875837E+01, 0.3401242E+01,
 0.1508000E+01, 0.5101039E+01, 0.5091330E+01, 0.3877072E+01, 0.3402264E+01,
 0.1510000E+01, 0.5101315E+01, 0.5091686E+01, 0.3878306E+01, 0.3403286E+01,
 0.1512000E+01, 0.5101591E+01, 0.5092045E+01, 0.3879540E+01, 0.3404308E+01,
 0.1514000E+01, 0.5101870E+01, 0.5092408E+01, 0.3880773E+01, 0.3405329E+01,
 0.1516000E+01, 0.5102150E+01, 0.5092773E+01, 0.3882006E+01, 0.3406350E+01,
 0.1518000E+01, 0.5102432E+01, 0.5093141E+01, 0.3883239E+01, 0.3407370E+01,
 0.1520000E+01, 0.5102716E+01, 0.5093513E+01, 0.3884472E+01, 0.3408391E+01,
 0.1522000E+01, 0.5103002E+01, 0.5093887E+01, 0.3885704E+01, 0.3409410E+01,
 0.1524000E+01, 0.5103290E+01, 0.5094265E+01, 0.3886935E+01, 0.3410430E+01,
 0.1526000E+01, 0.5103580E+01, 0.5094646E+01, 0.3888166E+01, 0.3411449E+01,
 0.1528000E+01, 0.5103871E+01, 0.5095031E+01, 0.3889397E+01, 0.3412468E+01,
 0.1530000E+01, 0.5104165E+01, 0.5095419E+01, 0.3890627E+01, 0.3413487E+01,
 0.1532000E+01, 0.5104460E+01, 0.5095810E+01, 0.3891857E+01, 0.3414505E+01,
 0.1534000E+01, 0.5104758E+01, 0.5096205E+01, 0.3893087E+01, 0.3415524E+01,
 0.1536000E+01, 0.5105057E+01, 0.5096603E+01, 0.3894316E+01, 0.3416542E+01,
 0.1538000E+01, 0.5105359E+01, 0.5097005E+01, 0.3895545E+01, 0.3417559E+01,
 0.1540000E+01, 0.5105663E+01, 0.5097411E+01, 0.3896773E+01, 0.3418576E+01,
 0.1542000E+01, 0.5105969E+01, 0.5097820E+01, 0.3898001E+01, 0.3419593E+01,
 0.1544000E+01, 0.5106277E+01, 0.5098232E+01, 0.3899229E+01, 0.3420610E+01,
 0.1546000E+01, 0.5106587E+01, 0.5098649E+01, 0.3900456E+01, 0.3421626E+01,
 0.1548000E+01, 0.5106900E+01, 0.5099069E+01, 0.3901683E+01, 0.3422642E+01,
 0.1550000E+01, 0.5107214E+01, 0.5099494E+01, 0.3902909E+01, 0.3423658E+01,
 0.1552000E+01, 0.5107531E+01, 0.5099921E+01, 0.3904135E+01, 0.3424673E+01,
 0.1554000E+01, 0.5107851E+01, 0.5100353E+01, 0.3905361E+01, 0.3425688E+01,
 0.1556000E+01, 0.5108172E+01, 0.5100790E+01, 0.3906586E+01, 0.3426703E+01,
 0.1558000E+01, 0.5108496E+01, 0.5101229E+01, 0.3907811E+01, 0.3427717E+01,
 0.1560000E+01, 0.5108822E+01, 0.5101674E+01, 0.3909036E+01, 0.3428731E+01,
 0.1562000E+01, 0.5109151E+01, 0.5102122E+01, 0.3910260E+01, 0.3429745E+01,
 0.1564000E+01, 0.5109482E+01, 0.5102575E+01, 0.3911484E+01, 0.3430759E+01,
 0.1566000E+01, 0.5109816E+01, 0.5103032E+01, 0.3912708E+01, 0.3431772E+01,
 0.1568000E+01, 0.5110153E+01, 0.5103493E+01, 0.3913931E+01, 0.3432785E+01,
 0.1570000E+01, 0.5110491E+01, 0.5103959E+01, 0.3915153E+01, 0.3433798E+01,
 0.1572000E+01, 0.5110833E+01, 0.5104429E+01, 0.3916376E+01, 0.3434810E+01,
 0.1574000E+01, 0.5111177E+01, 0.5104904E+01, 0.3917598E+01, 0.3435822E+01,
 0.1576000E+01, 0.5111524E+01, 0.5105383E+01, 0.3918819E+01, 0.3436834E+01,
 0.1578000E+01, 0.5111873E+01, 0.5105867E+01, 0.3920040E+01, 0.3437846E+01,
 0.1580000E+01, 0.5112226E+01, 0.5106356E+01, 0.3921261E+01, 0.3438857E+01,
 0.1582000E+01, 0.5112580E+01, 0.5106849E+01, 0.3922482E+01, 0.3439868E+01,
 0.1584000E+01, 0.5112938E+01, 0.5107347E+01, 0.3923702E+01, 0.3440878E+01,
 0.1586000E+01, 0.5113299E+01, 0.5107851E+01, 0.3924922E+01, 0.3441889E+01,
 0.1588000E+01, 0.5113662E+01, 0.5108359E+01, 0.3926141E+01, 0.3442899E+01,
 0.1590000E+01, 0.5114029E+01, 0.5108872E+01, 0.3927360E+01, 0.3443908E+01,
 0.1592000E+01, 0.5114398E+01, 0.5109390E+01, 0.3928579E+01, 0.3444918E+01,
 0.1594000E+01, 0.5114770E+01, 0.5109914E+01, 0.3929797E+01, 0.3445927E+01,
 0.1596000E+01, 0.5115146E+01, 0.5110443E+01, 0.3931015E+01, 0.3446936E+01,
 0.1598000E+01, 0.5115525E+01, 0.5110977E+01, 0.3932233E+01, 0.3447945E+01,
 0.1600000E+01, 0.5115906E+01, 0.5111516E+01, 0.3933450E+01, 0.3448953E+01,
 0.1602000E+01, 0.5116291E+01, 0.5112061E+01, 0.3934667E+01, 0.3449961E+01,
 0.1604000E+01, 0.5116679E+01, 0.5112611E+01, 0.3935884E+01, 0.3450969E+01,
 0.1606000E+01, 0.5117071E+01, 0.5113167E+01, 0.3937100E+01, 0.3451976E+01,
 0.1608000E+01, 0.5117465E+01, 0.5113728E+01, 0.3938316E+01, 0.3452983E+01,
 0.1610000E+01, 0.5117863E+01, 0.5114295E+01, 0.3939532E+01, 0.3453990E+01,
 0.1612000E+01, 0.5118264E+01, 0.5114868E+01, 0.3940747E+01, 0.3454997E+01,
 0.1614000E+01, 0.5118669E+01, 0.5115447E+01, 0.3941962E+01, 0.3456003E+01,
 0.1616000E+01, 0.5119077E+01, 0.5116031E+01, 0.3943176E+01, 0.3457009E+01,
 0.1618000E+01, 0.5119489E+01, 0.5116621E+01, 0.3944390E+01, 0.3458015E+01,
 0.1620000E+01, 0.5119905E+01, 0.5117218E+01, 0.3945604E+01, 0.3459020E+01,
 0.1622000E+01, 0.5120323E+01, 0.5117820E+01, 0.3946818E+01, 0.3460025E+01,
 0.1624000E+01, 0.5120746E+01, 0.5118429E+01, 0.3948031E+01, 0.3461030E+01,
 0.1626000E+01, 0.5121172E+01, 0.5119043E+01, 0.3949244E+01, 0.3462035E+01,
 0.1628000E+01, 0.5121602E+01, 0.5119664E+01, 0.3950456E+01, 0.3463039E+01,
 0.1630000E+01, 0.5122036E+01, 0.5120292E+01, 0.3951668E+01, 0.3464043E+01,
 0.1632000E+01, 0.5122474E+01, 0.5120925E+01, 0.3952880E+01, 0.3465047E+01,
 0.1634000E+01, 0.5122915E+01, 0.5121566E+01, 0.3954092E+01, 0.3466051E+01,
 0.1636000E+01, 0.5123361E+01, 0.5122213E+01, 0.3955303E+01, 0.3467054E+01,
 0.1638000E+01, 0.5123810E+01, 0.5122866E+01, 0.3956514E+01, 0.3468057E+01,
 0.1640000E+01, 0.5124263E+01, 0.5123527E+01, 0.3957724E+01, 0.3469060E+01,
 0.1642000E+01, 0.5124721E+01, 0.5124193E+01, 0.3958935E+01, 0.3470062E+01,
 0.1644000E+01, 0.5125183E+01, 0.5124867E+01, 0.3960144E+01, 0.3471064E+01,
 0.1646000E+01, 0.5125648E+01, 0.5125548E+01, 0.3961354E+01, 0.3472066E+01,
 0.1648000E+01, 0.5126119E+01, 0.5126236E+01, 0.3962563E+01, 0.3473068E+01,
 0.1650000E+01, 0.5126593E+01, 0.5126931E+01, 0.3963772E+01, 0.3474069E+01,
 0.1652000E+01, 0.5127072E+01, 0.5127633E+01, 0.3964981E+01, 0.3475070E+01,
 0.1654000E+01, 0.5127555E+01, 0.5128342E+01, 0.3966189E+01, 0.3476071E+01,
 0.1656000E+01, 0.5128043E+01, 0.5129058E+01, 0.3967397E+01, 0.3477072E+01,
 0.1658000E+01, 0.5128535E+01, 0.5129782E+01, 0.3968605E+01, 0.3478072E+01,
 0.1660000E+01, 0.5129031E+01, 0.5130513E+01, 0.3969812E+01, 0.3479072E+01,
 0.1662000E+01, 0.5129533E+01, 0.5131251E+01, 0.3971019E+01, 0.3480072E+01,
 0.1664000E+01, 0.5130039E+01, 0.5131997E+01, 0.3972226E+01, 0.3481071E+01,
 0.1666000E+01, 0.5130549E+01, 0.5132751E+01, 0.3973432E+01, 0.3482071E+01,
 0.1668000E+01, 0.5131064E+01, 0.5133512E+01, 0.3974638E+01, 0.3483070E+01,
 0.1670000E+01, 0.5131585E+01, 0.5134281E+01, 0.3975844E+01, 0.3484068E+01,
 0.1672000E+01, 0.5132110E+01, 0.5135058E+01, 0.3977050E+01, 0.3485067E+01,
 0.1674000E+01, 0.5132640E+01, 0.5135842E+01, 0.3978255E+01, 0.3486065E+01,
 0.1676000E+01, 0.5133175E+01, 0.5136635E+01, 0.3979460E+01, 0.3487063E+01,
 0.1678000E+01, 0.5133715E+01, 0.5137435E+01, 0.3980664E+01, 0.3488061E+01,
 0.1680000E+01, 0.5134261E+01, 0.5138244E+01, 0.3981869E+01, 0.3489058E+01,
 0.1682000E+01, 0.5134811E+01, 0.5139060E+01, 0.3983073E+01, 0.3490056E+01,
 0.1684000E+01, 0.5135366E+01, 0.5139885E+01, 0.3984277E+01, 0.3491053E+01,
 0.1686000E+01, 0.5135928E+01, 0.5140718E+01, 0.3985480E+01, 0.3492049E+01,
 0.1688000E+01, 0.5136494E+01, 0.5141560E+01, 0.3986683E+01, 0.3493046E+01,
 0.1690000E+01, 0.5137065E+01, 0.5142409E+01, 0.3987886E+01, 0.3494042E+01,
 0.1692000E+01, 0.5137642E+01, 0.5143268E+01, 0.3989089E+01, 0.3495038E+01,
 0.1694000E+01, 0.5138225E+01, 0.5144134E+01, 0.3990291E+01, 0.3496034E+01,
 0.1696000E+01, 0.5138813E+01, 0.5145009E+01, 0.3991493E+01, 0.3497029E+01,
 0.1698000E+01, 0.5139408E+01, 0.5145893E+01, 0.3992695E+01, 0.3498025E+01,
 0.1700000E+01, 0.5140007E+01, 0.5146785E+01, 0.3993896E+01, 0.3499020E+01,
 0.1702000E+01, 0.5140613E+01, 0.5147686E+01, 0.3995097E+01, 0.3500014E+01,
 0.1704000E+01, 0.5141223E+01, 0.5148596E+01, 0.3996298E+01, 0.3501009E+01,
 0.1706000E+01, 0.5141841E+01, 0.5149515E+01, 0.3997499E+01, 0.3502003E+01,
 0.1708000E+01, 0.5142464E+01, 0.5150442E+01, 0.3998699E+01, 0.3502997E+01,
 0.1710000E+01, 0.5143093E+01, 0.5151378E+01, 0.3999899E+01, 0.3503991E+01,
 0.1712000E+01, 0.5143728E+01, 0.5152324E+01, 0.4001099E+01, 0.3504985E+01,
 0.1714000E+01, 0.5144369E+01, 0.5153278E+01, 0.4002298E+01, 0.3505978E+01,
 0.1716000E+01, 0.5145017E+01, 0.5154242E+01, 0.4003497E+01, 0.3506971E+01,
 0.1718000E+01, 0.5145670E+01, 0.5155214E+01, 0.4004696E+01, 0.3507964E+01,
 0.1720000E+01, 0.5146330E+01, 0.5156196E+01, 0.4005895E+01, 0.3508957E+01,
 0.1722000E+01, 0.5146997E+01, 0.5157187E+01, 0.4007093E+01, 0.3509949E+01,
 0.1724000E+01, 0.5147670E+01, 0.5158187E+01, 0.4008291E+01, 0.3510941E+01,
 0.1726000E+01, 0.5148349E+01, 0.5159197E+01, 0.4009490E+01, 0.3511933E+01,
 0.1728000E+01, 0.5149035E+01, 0.5160215E+01, 0.4010687E+01, 0.3512925E+01,
 0.1730000E+01, 0.5149727E+01, 0.5161244E+01, 0.4011884E+01, 0.3513916E+01,
 0.1732000E+01, 0.5150427E+01, 0.5162282E+01, 0.4013082E+01, 0.3514908E+01,
 0.1734000E+01, 0.5151133E+01, 0.5163329E+01, 0.4014278E+01, 0.3515899E+01,
 0.1736000E+01, 0.5151845E+01, 0.5164385E+01, 0.4015475E+01, 0.3516890E+01,
 0.1738000E+01, 0.5152565E+01, 0.5165452E+01, 0.4016671E+01, 0.3517880E+01,
 0.1740000E+01, 0.5153292E+01, 0.5166527E+01, 0.4017867E+01, 0.3518871E+01,
 0.1742000E+01, 0.5154026E+01, 0.5167613E+01, 0.4019063E+01, 0.3519861E+01,
 0.1744000E+01, 0.5154767E+01, 0.5168708E+01, 0.4020258E+01, 0.3520851E+01,
 0.1746000E+01, 0.5155514E+01, 0.5169813E+01, 0.4021454E+01, 0.3521841E+01,
 0.1748000E+01, 0.5156270E+01, 0.5170928E+01, 0.4022649E+01, 0.3522830E+01,
 0.1750000E+01, 0.5157032E+01, 0.5172051E+01, 0.4023844E+01, 0.3523819E+01,
 0.1752000E+01, 0.5157802E+01, 0.5173185E+01, 0.4025038E+01, 0.3524809E+01,
 0.1754000E+01, 0.5158578E+01, 0.5174329E+01, 0.4026233E+01, 0.3525797E+01,
 0.1756000E+01, 0.5159363E+01, 0.5175483E+01, 0.4027427E+01, 0.3526786E+01,
 0.1758000E+01, 0.5160155E+01, 0.5176647E+01, 0.4028621E+01, 0.3527775E+01,
 0.1760000E+01, 0.5160955E+01, 0.5177820E+01, 0.4029814E+01, 0.3528763E+01,
 0.1762000E+01, 0.5161762E+01, 0.5179003E+01, 0.4031008E+01, 0.3529751E+01,
 0.1764000E+01, 0.5162577E+01, 0.5180197E+01, 0.4032201E+01, 0.3530739E+01,
 0.1766000E+01, 0.5163400E+01, 0.5181400E+01, 0.4033393E+01, 0.3531726E+01,
 0.1768000E+01, 0.5164231E+01, 0.5182613E+01, 0.4034586E+01, 0.3532714E+01,
 0.1770000E+01, 0.5165070E+01, 0.5183836E+01, 0.4035779E+01, 0.3533701E+01,
 0.1772000E+01, 0.5165916E+01, 0.5185070E+01, 0.4036971E+01, 0.3534688E+01,
 0.1774000E+01, 0.5166770E+01, 0.5186313E+01, 0.4038163E+01, 0.3535675E+01,
 0.1776000E+01, 0.5167633E+01, 0.5187566E+01, 0.4039355E+01, 0.3536662E+01,
 0.1778000E+01, 0.5168504E+01, 0.5188830E+01, 0.4040546E+01, 0.3537648E+01,
 0.1780000E+01, 0.5169383E+01, 0.5190103E+01, 0.4041738E+01, 0.3538634E+01,
 0.1782000E+01, 0.5170270E+01, 0.5191387E+01, 0.4042929E+01, 0.3539620E+01,
 0.1784000E+01, 0.5171166E+01, 0.5192681E+01, 0.4044119E+01, 0.3540606E+01,
 0.1786000E+01, 0.5172070E+01, 0.5193985E+01, 0.4045310E+01, 0.3541592E+01,
 0.1788000E+01, 0.5172983E+01, 0.5195299E+01, 0.4046501E+01, 0.3542577E+01,
 0.1790000E+01, 0.5173904E+01, 0.5196623E+01, 0.4047691E+01, 0.3543563E+01,
 0.1792000E+01, 0.5174833E+01, 0.5197957E+01, 0.4048881E+01, 0.3544548E+01,
 0.1794000E+01, 0.5175772E+01, 0.5199302E+01, 0.4050070E+01, 0.3545533E+01,
 0.1796000E+01, 0.5176719E+01, 0.5200656E+01, 0.4051260E+01, 0.3546517E+01,
 0.1798000E+01, 0.5177675E+01, 0.5202022E+01, 0.4052449E+01, 0.3547502E+01,
 0.1800000E+01, 0.5178639E+01, 0.5203397E+01, 0.4053638E+01, 0.3548486E+01,
 0.1802000E+01, 0.5179613E+01, 0.5204782E+01, 0.4054828E+01, 0.3549470E+01,
 0.1804000E+01, 0.5180595E+01, 0.5206178E+01, 0.4056016E+01, 0.3550454E+01,
 0.1806000E+01, 0.5181587E+01, 0.5207583E+01, 0.4057205E+01, 0.3551438E+01,
 0.1808000E+01, 0.5182587E+01, 0.5209000E+01, 0.4058393E+01, 0.3552422E+01,
 0.1810000E+01, 0.5183597E+01, 0.5210426E+01, 0.4059581E+01, 0.3553405E+01,
 0.1812000E+01, 0.5184616E+01, 0.5211862E+01, 0.4060769E+01, 0.3554389E+01,
 0.1814000E+01, 0.5185644E+01, 0.5213309E+01, 0.4061957E+01, 0.3555372E+01,
 0.1816000E+01, 0.5186681E+01, 0.5214766E+01, 0.4063145E+01, 0.3556355E+01,
 0.1818000E+01, 0.5187727E+01, 0.5216233E+01, 0.4064332E+01, 0.3557337E+01,
 0.1820000E+01, 0.5188783E+01, 0.5217711E+01, 0.4065519E+01, 0.3558320E+01,
 0.1822000E+01, 0.5189849E+01, 0.5219199E+01, 0.4066706E+01, 0.3559302E+01,
 0.1824000E+01, 0.5190924E+01, 0.5220696E+01, 0.4067893E+01, 0.3560285E+01,
 0.1826000E+01, 0.5192008E+01, 0.5222205E+01, 0.4069079E+01, 0.3561267E+01,
 0.1828000E+01, 0.5193102E+01, 0.5223723E+01, 0.4070266E+01, 0.3562248E+01,
 0.1830000E+01, 0.5194206E+01, 0.5225252E+01, 0.4071452E+01, 0.3563230E+01,
 0.1832000E+01, 0.5195320E+01, 0.5226791E+01, 0.4072638E+01, 0.3564212E+01,
 0.1834000E+01, 0.5196443E+01, 0.5228340E+01, 0.4073824E+01, 0.3565193E+01,
 0.1836000E+01, 0.5197576E+01, 0.5229899E+01, 0.4075010E+01, 0.3566175E+01,
 0.1838000E+01, 0.5198719E+01, 0.5231469E+01, 0.4076195E+01, 0.3567156E+01,
 0.1840000E+01, 0.5199871E+01, 0.5233049E+01, 0.4077381E+01, 0.3568136E+01,
 0.1842000E+01, 0.5201034E+01, 0.5234639E+01, 0.4078566E+01, 0.3569117E+01,
 0.1844000E+01, 0.5202207E+01, 0.5236239E+01, 0.4079751E+01, 0.3570098E+01,
 0.1846000E+01, 0.5203390E+01, 0.5237849E+01, 0.4080935E+01, 0.3571079E+01,
 0.1848000E+01, 0.5204582E+01, 0.5239470E+01, 0.4082120E+01, 0.3572059E+01,
 0.1850000E+01, 0.5205785E+01, 0.5241101E+01, 0.4083305E+01, 0.3573039E+01,
 0.1852000E+01, 0.5206998E+01, 0.5242742E+01, 0.4084489E+01, 0.3574019E+01,
 0.1854000E+01, 0.5208222E+01, 0.5244392E+01, 0.4085673E+01, 0.3574999E+01,
 0.1856000E+01, 0.5209455E+01, 0.5246054E+01, 0.4086857E+01, 0.3575979E+01,
 0.1858000E+01, 0.5210700E+01, 0.5247725E+01, 0.4088041E+01, 0.3576958E+01,
 0.1860000E+01, 0.5211954E+01, 0.5249406E+01, 0.4089225E+01, 0.3577938E+01,
 0.1862000E+01, 0.5213219E+01, 0.5251098E+01, 0.4090408E+01, 0.3578917E+01,
 0.1864000E+01, 0.5214494E+01, 0.5252800E+01, 0.4091591E+01, 0.3579896E+01,
 0.1866000E+01, 0.5215779E+01, 0.5254511E+01, 0.4092775E+01, 0.3580875E+01,
 0.1868000E+01, 0.5217075E+01, 0.5256233E+01, 0.4093958E+01, 0.3581854E+01,
 0.1870000E+01, 0.5218382E+01, 0.5257964E+01, 0.4095140E+01, 0.3582833E+01,
 0.1872000E+01, 0.5219699E+01, 0.5259706E+01, 0.4096323E+01, 0.3583811E+01,
 0.1874000E+01, 0.5221027E+01, 0.5261458E+01, 0.4097506E+01, 0.3584790E+01,
 0.1876000E+01, 0.5222366E+01, 0.5263220E+01, 0.4098689E+01, 0.3585768E+01,
 0.1878000E+01, 0.5223715E+01, 0.5264991E+01, 0.4099871E+01, 0.3586746E+01,
 0.1880000E+01, 0.5225075E+01, 0.5266773E+01, 0.4101053E+01, 0.3587724E+01,
 0.1882000E+01, 0.5226445E+01, 0.5268565E+01, 0.4102235E+01, 0.3588702E+01,
 0.1884000E+01, 0.5227827E+01, 0.5270366E+01, 0.4103417E+01, 0.3589680E+01,
 0.1886000E+01, 0.5229219E+01, 0.5272178E+01, 0.4104599E+01, 0.3590657E+01,
 0.1888000E+01, 0.5230622E+01, 0.5273999E+01, 0.4105780E+01, 0.3591635E+01,
 0.1890000E+01, 0.5232036E+01, 0.5275830E+01, 0.4106962E+01, 0.3592612E+01,
 0.1892000E+01, 0.5233460E+01, 0.5277671E+01, 0.4108143E+01, 0.3593590E+01,
 0.1894000E+01, 0.5234896E+01, 0.5279522E+01, 0.4109324E+01, 0.3594567E+01,
 0.1896000E+01, 0.5236342E+01, 0.5281383E+01, 0.4110506E+01, 0.3595544E+01,
 0.1898000E+01, 0.5237800E+01, 0.5283254E+01, 0.4111686E+01, 0.3596521E+01,
 0.1900000E+01, 0.5239268E+01, 0.5285134E+01, 0.4112867E+01, 0.3597497E+01,
 0.1902000E+01, 0.5240747E+01, 0.5287024E+01, 0.4114048E+01, 0.3598474E+01,
 0.1904000E+01, 0.5242238E+01, 0.5288924E+01, 0.4115229E+01, 0.3599451E+01,
 0.1906000E+01, 0.5243739E+01, 0.5290833E+01, 0.4116409E+01, 0.3600427E+01,
 0.1908000E+01, 0.5245252E+01, 0.5292752E+01, 0.4117589E+01, 0.3601403E+01,
 0.1910000E+01, 0.5246775E+01, 0.5294681E+01, 0.4118770E+01, 0.3602380E+01,
 0.1912000E+01, 0.5248310E+01, 0.5296620E+01, 0.4119950E+01, 0.3603356E+01,
 0.1914000E+01, 0.5249855E+01, 0.5298568E+01, 0.4121130E+01, 0.3604332E+01,
 0.1916000E+01, 0.5251412E+01, 0.5300526E+01, 0.4122310E+01, 0.3605308E+01,
 0.1918000E+01, 0.5252980E+01, 0.5302493E+01, 0.4123489E+01, 0.3606284E+01,
 0.1920000E+01, 0.5254559E+01, 0.5304470E+01, 0.4124669E+01, 0.3607259E+01,
 0.1922000E+01, 0.5256148E+01, 0.5306456E+01, 0.4125848E+01, 0.3608235E+01,
 0.1924000E+01, 0.5257750E+01, 0.5308452E+01, 0.4127028E+01, 0.3609210E+01,
 0.1926000E+01, 0.5259362E+01, 0.5310457E+01, 0.4128207E+01, 0.3610186E+01,
 0.1928000E+01, 0.5260985E+01, 0.5312472E+01, 0.4129386E+01, 0.3611161E+01,
 0.1930000E+01, 0.5262619E+01, 0.5314497E+01, 0.4130566E+01, 0.3612136E+01,
 0.1932000E+01, 0.5264265E+01, 0.5316530E+01, 0.4131745E+01, 0.3613111E+01,
 0.1934000E+01, 0.5265922E+01, 0.5318573E+01, 0.4132924E+01, 0.3614086E+01,
 0.1936000E+01, 0.5267590E+01, 0.5320626E+01, 0.4134102E+01, 0.3615061E+01,
 0.1938000E+01, 0.5269269E+01, 0.5322688E+01, 0.4135281E+01, 0.3616036E+01,
 0.1940000E+01, 0.5270959E+01, 0.5324759E+01, 0.4136460E+01, 0.3617011E+01,
 0.1942000E+01, 0.5272661E+01, 0.5326839E+01, 0.4137639E+01, 0.3617985E+01,
 0.1944000E+01, 0.5274373E+01, 0.5328928E+01, 0.4138817E+01, 0.3618960E+01,
 0.1946000E+01, 0.5276097E+01, 0.5331028E+01, 0.4139996E+01, 0.3619934E+01,
 0.1948000E+01, 0.5277832E+01, 0.5333136E+01, 0.4141174E+01, 0.3620909E+01,
 0.1950000E+01, 0.5279578E+01, 0.5335253E+01, 0.4142352E+01, 0.3621883E+01,
 0.1952000E+01, 0.5281335E+01, 0.5337379E+01, 0.4143530E+01, 0.3622857E+01,
 0.1954000E+01, 0.5283103E+01, 0.5339515E+01, 0.4144708E+01, 0.3623831E+01,
 0.1956000E+01, 0.5284883E+01, 0.5341660E+01, 0.4145886E+01, 0.3624805E+01,
 0.1958000E+01, 0.5286673E+01, 0.5343813E+01, 0.4147064E+01, 0.3625779E+01,
 0.1960000E+01, 0.5288475E+01, 0.5345976E+01, 0.4148242E+01, 0.3626753E+01,
 0.1962000E+01, 0.5290287E+01, 0.5348148E+01, 0.4149420E+01, 0.3627727E+01,
 0.1964000E+01, 0.5292111E+01, 0.5350329E+01, 0.4150598E+01, 0.3628701E+01,
 0.1966000E+01, 0.5293946E+01, 0.5352519E+01, 0.4151775E+01, 0.3629674E+01,
 0.1968000E+01, 0.5295792E+01, 0.5354718E+01, 0.4152953E+01, 0.3630648E+01,
 0.1970000E+01, 0.5297649E+01, 0.5356926E+01, 0.4154130E+01, 0.3631622E+01,
 0.1972000E+01, 0.5299517E+01, 0.5359142E+01, 0.4155308E+01, 0.3632595E+01,
 0.1974000E+01, 0.5301396E+01, 0.5361368E+01, 0.4156485E+01, 0.3633569E+01,
 0.1976000E+01, 0.5303286E+01, 0.5363603E+01, 0.4157662E+01, 0.3634542E+01,
 0.1978000E+01, 0.5305187E+01, 0.5365846E+01, 0.4158840E+01, 0.3635515E+01,
 0.1980000E+01, 0.5307099E+01, 0.5368098E+01, 0.4160017E+01, 0.3636488E+01,
 0.1982000E+01, 0.5309022E+01, 0.5370358E+01, 0.4161194E+01, 0.3637461E+01,
 0.1984000E+01, 0.5310956E+01, 0.5372628E+01, 0.4162371E+01, 0.3638435E+01,
 0.1986000E+01, 0.5312901E+01, 0.5374907E+01, 0.4163548E+01, 0.3639408E+01,
 0.1988000E+01, 0.5314857E+01, 0.5377193E+01, 0.4164725E+01, 0.3640381E+01,
 0.1990000E+01, 0.5316824E+01, 0.5379489E+01, 0.4165903E+01, 0.3641354E+01,
 0.1992000E+01, 0.5318802E+01, 0.5381793E+01, 0.4167079E+01, 0.3642326E+01,
 0.1994000E+01, 0.5320791E+01, 0.5384107E+01, 0.4168256E+01, 0.3643299E+01,
 0.1996000E+01, 0.5322790E+01, 0.5386428E+01, 0.4169433E+01, 0.3644272E+01,
 0.1998000E+01, 0.5324800E+01, 0.5388758E+01, 0.4170610E+01, 0.3645245E+01,
 0.2000000E+01, 0.5326822E+01, 0.5391097E+01, 0.4171787E+01, 0.3646217E+01,
 0.2002000E+01, 0.5328854E+01, 0.5393444E+01, 0.4172963E+01, 0.3647190E+01,
 0.2004000E+01, 0.5330896E+01, 0.5395800E+01, 0.4174140E+01, 0.3648163E+01,
 0.2006000E+01, 0.5332950E+01, 0.5398164E+01, 0.4175317E+01, 0.3649135E+01,
 0.2008000E+01, 0.5335014E+01, 0.5400537E+01, 0.4176493E+01, 0.3650108E+01,
 0.2010000E+01, 0.5337089E+01, 0.5402918E+01, 0.4177670E+01, 0.3651080E+01,
 0.2012000E+01, 0.5339174E+01, 0.5405307E+01, 0.4178846E+01, 0.3652052E+01,
 0.2014000E+01, 0.5341270E+01, 0.5407705E+01, 0.4180023E+01, 0.3653025E+01,
 0.2016000E+01, 0.5343377E+01, 0.5410111E+01, 0.4181200E+01, 0.3653997E+01,
 0.2018000E+01, 0.5345494E+01, 0.5412525E+01, 0.4182376E+01, 0.3654969E+01,
 0.2020000E+01, 0.5347622E+01, 0.5414948E+01, 0.4183553E+01, 0.3655942E+01,
 0.2022000E+01, 0.5349761E+01, 0.5417379E+01, 0.4184729E+01, 0.3656914E+01,
 0.2024000E+01, 0.5351910E+01, 0.5419818E+01, 0.4185905E+01, 0.3657886E+01,
 0.2026000E+01, 0.5354069E+01, 0.5422266E+01, 0.4187082E+01, 0.3658859E+01,
 0.2028000E+01, 0.5356239E+01, 0.5424721E+01, 0.4188259E+01, 0.3659831E+01,
 0.2030000E+01, 0.5358420E+01, 0.5427185E+01, 0.4189435E+01, 0.3660803E+01,
 0.2032000E+01, 0.5360611E+01, 0.5429657E+01, 0.4190611E+01, 0.3661775E+01,
 0.2034000E+01, 0.5362812E+01, 0.5432137E+01, 0.4191788E+01, 0.3662747E+01,
 0.2036000E+01, 0.5365024E+01, 0.5434625E+01, 0.4192964E+01, 0.3663719E+01,
 0.2038000E+01, 0.5367246E+01, 0.5437121E+01, 0.4194140E+01, 0.3664691E+01,
 0.2040000E+01, 0.5369478E+01, 0.5439625E+01, 0.4195317E+01, 0.3665663E+01,
 0.2042000E+01, 0.5371721E+01, 0.5442137E+01, 0.4196494E+01, 0.3666635E+01,
 0.2044000E+01, 0.5373974E+01, 0.5444657E+01, 0.4197670E+01, 0.3667607E+01,
 0.2046000E+01, 0.5376237E+01, 0.5447186E+01, 0.4198846E+01, 0.3668579E+01,
 0.2048000E+01, 0.5378510E+01, 0.5449721E+01, 0.4200023E+01, 0.3669551E+01,
 0.2050000E+01, 0.5380794E+01, 0.5452265E+01, 0.4201199E+01, 0.3670523E+01,
 0.2052000E+01, 0.5383088E+01, 0.5454817E+01, 0.4202376E+01, 0.3671495E+01,
 0.2054000E+01, 0.5385391E+01, 0.5457377E+01, 0.4203552E+01, 0.3672467E+01,
 0.2056000E+01, 0.5387705E+01, 0.5459945E+01, 0.4204729E+01, 0.3673439E+01,
 0.2058000E+01, 0.5390029E+01, 0.5462520E+01, 0.4205905E+01, 0.3674411E+01,
 0.2060000E+01, 0.5392363E+01, 0.5465103E+01, 0.4207082E+01, 0.3675383E+01,
 0.2062000E+01, 0.5394707E+01, 0.5467694E+01, 0.4208258E+01, 0.3676355E+01,
 0.2064000E+01, 0.5397061E+01, 0.5470293E+01, 0.4209435E+01, 0.3677327E+01,
 0.2066000E+01, 0.5399425E+01, 0.5472899E+01, 0.4210611E+01, 0.3678299E+01,
 0.2068000E+01, 0.5401799E+01, 0.5475513E+01, 0.4211788E+01, 0.3679271E+01,
 0.2070000E+01, 0.5404183E+01, 0.5478135E+01, 0.4212965E+01, 0.3680243E+01,
 0.2072000E+01, 0.5406576E+01, 0.5480764E+01, 0.4214141E+01, 0.3681215E+01,
 0.2074000E+01, 0.5408980E+01, 0.5483401E+01, 0.4215318E+01, 0.3682187E+01,
 0.2076000E+01, 0.5411393E+01, 0.5486046E+01, 0.4216495E+01, 0.3683159E+01,
 0.2078000E+01, 0.5413816E+01, 0.5488698E+01, 0.4217672E+01, 0.3684131E+01,
 0.2080000E+01, 0.5416249E+01, 0.5491358E+01, 0.4218849E+01, 0.3685103E+01,
 0.2082000E+01, 0.5418691E+01, 0.5494026E+01, 0.4220026E+01, 0.3686075E+01,
 0.2084000E+01, 0.5421143E+01, 0.5496700E+01, 0.4221202E+01, 0.3687047E+01,
 0.2086000E+01, 0.5423605E+01, 0.5499383E+01, 0.4222379E+01, 0.3688019E+01,
 0.2088000E+01, 0.5426076E+01, 0.5502073E+01, 0.4223557E+01, 0.3688991E+01,
 0.2090000E+01, 0.5428557E+01, 0.5504770E+01, 0.4224733E+01, 0.3689963E+01,
 0.2092000E+01, 0.5431048E+01, 0.5507475E+01, 0.4225911E+01, 0.3690935E+01,
 0.2094000E+01, 0.5433548E+01, 0.5510187E+01, 0.4227087E+01, 0.3691907E+01,
 0.2096000E+01, 0.5436058E+01, 0.5512907E+01, 0.4228265E+01, 0.3692879E+01,
 0.2098000E+01, 0.5438577E+01, 0.5515633E+01, 0.4229442E+01, 0.3693851E+01,
 0.2100000E+01, 0.5441105E+01, 0.5518368E+01, 0.4230619E+01, 0.3694824E+01,
 0.2102000E+01, 0.5443643E+01, 0.5521109E+01, 0.4231797E+01, 0.3695796E+01,
 0.2104000E+01, 0.5446190E+01, 0.5523858E+01, 0.4232975E+01, 0.3696768E+01,
 0.2106000E+01, 0.5448747E+01, 0.5526614E+01, 0.4234152E+01, 0.3697741E+01,
 0.2108000E+01, 0.5451313E+01, 0.5529377E+01, 0.4235330E+01, 0.3698713E+01,
 0.2110000E+01, 0.5453888E+01, 0.5532148E+01, 0.4236507E+01, 0.3699685E+01,
 0.2112000E+01, 0.5456473E+01, 0.5534926E+01, 0.4237685E+01, 0.3700658E+01,
 0.2114000E+01, 0.5459067E+01, 0.5537711E+01, 0.4238863E+01, 0.3701630E+01,
 0.2116000E+01, 0.5461670E+01, 0.5540504E+01, 0.4240041E+01, 0.3702603E+01,
 0.2118000E+01, 0.5464282E+01, 0.5543303E+01, 0.4241219E+01, 0.3703575E+01,
 0.2120000E+01, 0.5466903E+01, 0.5546109E+01, 0.4242397E+01, 0.3704548E+01,
 0.2122000E+01, 0.5469534E+01, 0.5548923E+01, 0.4243575E+01, 0.3705521E+01,
 0.2124000E+01, 0.5472173E+01, 0.5551744E+01, 0.4244753E+01, 0.3706493E+01,
 0.2126000E+01, 0.5474822E+01, 0.5554572E+01, 0.4245932E+01, 0.3707466E+01,
 0.2128000E+01, 0.5477480E+01, 0.5557406E+01, 0.4247110E+01, 0.3708439E+01,
 0.2130000E+01, 0.5480146E+01, 0.5560248E+01, 0.4248289E+01, 0.3709412E+01,
 0.2132000E+01, 0.5482822E+01, 0.5563097E+01, 0.4249467E+01, 0.3710385E+01,
 0.2134000E+01, 0.5485507E+01, 0.5565953E+01, 0.4250646E+01, 0.3711357E+01,
 0.2136000E+01, 0.5488201E+01, 0.5568816E+01, 0.4251824E+01, 0.3712331E+01,
 0.2138000E+01, 0.5490903E+01, 0.5571686E+01, 0.4253004E+01, 0.3713304E+01,
 0.2140000E+01, 0.5493614E+01, 0.5574563E+01, 0.4254182E+01, 0.3714277E+01,
 0.2142000E+01, 0.5496335E+01, 0.5577447E+01, 0.4255362E+01, 0.3715250E+01,
 0.2144000E+01, 0.5499063E+01, 0.5580338E+01, 0.4256541E+01, 0.3716223E+01,
 0.2146000E+01, 0.5501801E+01, 0.5583235E+01, 0.4257720E+01, 0.3717196E+01,
 0.2148000E+01, 0.5504548E+01, 0.5586140E+01, 0.4258900E+01, 0.3718170E+01,
 0.2150000E+01, 0.5507304E+01, 0.5589051E+01, 0.4260079E+01, 0.3719143E+01,
 0.2152000E+01, 0.5510067E+01, 0.5591969E+01, 0.4261259E+01, 0.3720117E+01,
 0.2154000E+01, 0.5512840E+01, 0.5594894E+01, 0.4262438E+01, 0.3721090E+01,
 0.2156000E+01, 0.5515622E+01, 0.5597826E+01, 0.4263618E+01, 0.3722064E+01,
 0.2158000E+01, 0.5518412E+01, 0.5600764E+01, 0.4264798E+01, 0.3723038E+01,
 0.2160000E+01, 0.5521211E+01, 0.5603710E+01, 0.4265978E+01, 0.3724012E+01,
 0.2162000E+01, 0.5524018E+01, 0.5606662E+01, 0.4267159E+01, 0.3724986E+01,
 0.2164000E+01, 0.5526834E+01, 0.5609621E+01, 0.4268339E+01, 0.3725960E+01,
 0.2166000E+01, 0.5529658E+01, 0.5612586E+01, 0.4269520E+01, 0.3726934E+01,
 0.2168000E+01, 0.5532491E+01, 0.5615559E+01, 0.4270700E+01, 0.3727908E+01,
 0.2170000E+01, 0.5535333E+01, 0.5618537E+01, 0.4271881E+01, 0.3728882E+01,
 0.2172000E+01, 0.5538183E+01, 0.5621523E+01, 0.4273062E+01, 0.3729856E+01,
 0.2174000E+01, 0.5541041E+01, 0.5624515E+01, 0.4274243E+01, 0.3730831E+01,
 0.2176000E+01, 0.5543908E+01, 0.5627514E+01, 0.4275424E+01, 0.3731805E+01,
 0.2178000E+01, 0.5546782E+01, 0.5630519E+01, 0.4276606E+01, 0.3732780E+01,
 0.2180000E+01, 0.5549666E+01, 0.5633532E+01, 0.4277787E+01, 0.3733754E+01,
 0.2182000E+01, 0.5552558E+01, 0.5636550E+01, 0.4278969E+01, 0.3734729E+01,
 0.2184000E+01, 0.5555458E+01, 0.5639575E+01, 0.4280150E+01, 0.3735704E+01,
 0.2186000E+01, 0.5558367E+01, 0.5642607E+01, 0.4281332E+01, 0.3736679E+01,
 0.2188000E+01, 0.5561284E+01, 0.5645646E+01, 0.4282515E+01, 0.3737654E+01,
 0.2190000E+01, 0.5564209E+01, 0.5648691E+01, 0.4283697E+01, 0.3738629E+01,
 0.2192000E+01, 0.5567142E+01, 0.5651742E+01, 0.4284879E+01, 0.3739605E+01,
 0.2194000E+01, 0.5570083E+01, 0.5654800E+01, 0.4286062E+01, 0.3740580E+01,
 0.2196000E+01, 0.5573032E+01, 0.5657864E+01, 0.4287245E+01, 0.3741555E+01,
 0.2198000E+01, 0.5575990E+01, 0.5660935E+01, 0.4288428E+01, 0.3742531E+01,
 0.2200000E+01, 0.5578956E+01, 0.5664012E+01, 0.4289611E+01, 0.3743507E+01,
 0.2202000E+01, 0.5581930E+01, 0.5667096E+01, 0.4290794E+01, 0.3744483E+01,
 0.2204000E+01, 0.5584912E+01, 0.5670186E+01, 0.4291977E+01, 0.3745459E+01,
 0.2206000E+01, 0.5587903E+01, 0.5673283E+01, 0.4293161E+01, 0.3746435E+01,
 0.2208000E+01, 0.5590901E+01, 0.5676385E+01, 0.4294345E+01, 0.3747411E+01,
 0.2210000E+01, 0.5593907E+01, 0.5679495E+01, 0.4295529E+01, 0.3748387E+01,
 0.2212000E+01, 0.5596921E+01, 0.5682611E+01, 0.4296713E+01, 0.3749363E+01,
 0.2214000E+01, 0.5599944E+01, 0.5685732E+01, 0.4297897E+01, 0.3750340E+01,
 0.2216000E+01, 0.5602973E+01, 0.5688861E+01, 0.4299082E+01, 0.3751317E+01,
 0.2218000E+01, 0.5606012E+01, 0.5691996E+01, 0.4300267E+01, 0.3752293E+01,
 0.2220000E+01, 0.5609058E+01, 0.5695137E+01, 0.4301452E+01, 0.3753270E+01,
 0.2222000E+01, 0.5612112E+01, 0.5698284E+01, 0.4302637E+01, 0.3754247E+01,
 0.2224000E+01, 0.5615174E+01, 0.5701437E+01, 0.4303822E+01, 0.3755224E+01,
 0.2226000E+01, 0.5618244E+01, 0.5704597E+01, 0.4305007E+01, 0.3756202E+01,
 0.2228000E+01, 0.5621321E+01, 0.5707763E+01, 0.4306193E+01, 0.3757179E+01,
 0.2230000E+01, 0.5624407E+01, 0.5710936E+01, 0.4307379E+01, 0.3758157E+01,
 0.2232000E+01, 0.5627500E+01, 0.5714114E+01, 0.4308565E+01, 0.3759135E+01,
 0.2234000E+01, 0.5630601E+01, 0.5717299E+01, 0.4309752E+01, 0.3760112E+01,
 0.2236000E+01, 0.5633709E+01, 0.5720490E+01, 0.4310938E+01, 0.3761090E+01,
 0.2238000E+01, 0.5636826E+01, 0.5723687E+01, 0.4312125E+01, 0.3762068E+01,
 0.2240000E+01, 0.5639950E+01, 0.5726890E+01, 0.4313312E+01, 0.3763047E+01,
 0.2242000E+01, 0.5643083E+01, 0.5730100E+01, 0.4314499E+01, 0.3764025E+01,
 0.2244000E+01, 0.5646222E+01, 0.5733315E+01, 0.4315687E+01, 0.3765004E+01,
 0.2246000E+01, 0.5649370E+01, 0.5736537E+01, 0.4316875E+01, 0.3765982E+01,
 0.2248000E+01, 0.5652524E+01, 0.5739765E+01, 0.4318062E+01, 0.3766961E+01,
 0.2250000E+01, 0.5655687E+01, 0.5742999E+01, 0.4319250E+01, 0.3767940E+01,
 0.2252000E+01, 0.5658858E+01, 0.5746240E+01, 0.4320439E+01, 0.3768919E+01,
 0.2254000E+01, 0.5662035E+01, 0.5749486E+01, 0.4321627E+01, 0.3769899E+01,
 0.2256000E+01, 0.5665221E+01, 0.5752738E+01, 0.4322816E+01, 0.3770878E+01,
 0.2258000E+01, 0.5668414E+01, 0.5755997E+01, 0.4324005E+01, 0.3771858E+01,
 0.2260000E+01, 0.5671615E+01, 0.5759261E+01, 0.4325194E+01, 0.3772837E+01,
 0.2262000E+01, 0.5674823E+01, 0.5762532E+01, 0.4326384E+01, 0.3773818E+01,
 0.2264000E+01, 0.5678039E+01, 0.5765808E+01, 0.4327574E+01, 0.3774798E+01,
 0.2266000E+01, 0.5681262E+01, 0.5769091E+01, 0.4328764E+01, 0.3775778E+01,
 0.2268000E+01, 0.5684493E+01, 0.5772379E+01, 0.4329954E+01, 0.3776758E+01,
 0.2270000E+01, 0.5687731E+01, 0.5775674E+01, 0.4331145E+01, 0.3777739E+01,
 0.2272000E+01, 0.5690977E+01, 0.5778975E+01, 0.4332336E+01, 0.3778720E+01,
 0.2274000E+01, 0.5694230E+01, 0.5782281E+01, 0.4333527E+01, 0.3779701E+01,
 0.2276000E+01, 0.5697491E+01, 0.5785594E+01, 0.4334718E+01, 0.3780682E+01,
 0.2278000E+01, 0.5700758E+01, 0.5788913E+01, 0.4335910E+01, 0.3781663E+01,
 0.2280000E+01, 0.5704034E+01, 0.5792237E+01, 0.4337102E+01, 0.3782645E+01,
 0.2282000E+01, 0.5707317E+01, 0.5795568E+01, 0.4338294E+01, 0.3783626E+01,
 0.2284000E+01, 0.5710607E+01, 0.5798904E+01, 0.4339487E+01, 0.3784608E+01,
 0.2286000E+01, 0.5713904E+01, 0.5802247E+01, 0.4340679E+01, 0.3785590E+01,
 0.2288000E+01, 0.5717209E+01, 0.5805595E+01, 0.4341872E+01, 0.3786572E+01,
 0.2290000E+01, 0.5720521E+01, 0.5808949E+01, 0.4343066E+01, 0.3787555E+01,
 0.2292000E+01, 0.5723841E+01, 0.5812309E+01, 0.4344259E+01, 0.3788538E+01,
 0.2294000E+01, 0.5727168E+01, 0.5815675E+01, 0.4345453E+01, 0.3789520E+01,
 0.2296000E+01, 0.5730502E+01, 0.5819047E+01, 0.4346647E+01, 0.3790503E+01,
 0.2298000E+01, 0.5733843E+01, 0.5822424E+01, 0.4347842E+01, 0.3791487E+01,
 0.2300000E+01, 0.5737192E+01, 0.5825808E+01, 0.4349037E+01, 0.3792470E+01,
 0.2302000E+01, 0.5740548E+01, 0.5829197E+01, 0.4350232E+01, 0.3793453E+01,
 0.2304000E+01, 0.5743911E+01, 0.5832593E+01, 0.4351427E+01, 0.3794437E+01,
 0.2306000E+01, 0.5747282E+01, 0.5835994E+01, 0.4352623E+01, 0.3795421E+01,
 0.2308000E+01, 0.5750659E+01, 0.5839401E+01, 0.4353819E+01, 0.3796405E+01,
 0.2310000E+01, 0.5754044E+01, 0.5842813E+01, 0.4355015E+01, 0.3797390E+01,
 0.2312000E+01, 0.5757436E+01, 0.5846232E+01, 0.4356212E+01, 0.3798374E+01,
 0.2314000E+01, 0.5760835E+01, 0.5849657E+01, 0.4357409E+01, 0.3799359E+01,
 0.2316000E+01, 0.5764241E+01, 0.5853087E+01, 0.4358606E+01, 0.3800344E+01,
 0.2318000E+01, 0.5767655E+01, 0.5856523E+01, 0.4359804E+01, 0.3801329E+01,
 0.2320000E+01, 0.5771075E+01, 0.5859964E+01, 0.4361001E+01, 0.3802315E+01,
 0.2322000E+01, 0.5774503E+01, 0.5863412E+01, 0.4362200E+01, 0.3803300E+01,
 0.2324000E+01, 0.5777938E+01, 0.5866865E+01, 0.4363399E+01, 0.3804286E+01,
 0.2326000E+01, 0.5781380E+01, 0.5870324E+01, 0.4364597E+01, 0.3805272E+01,
 0.2328000E+01, 0.5784829E+01, 0.5873789E+01, 0.4365797E+01, 0.3806259E+01,
 0.2330000E+01, 0.5788285E+01, 0.5877260E+01, 0.4366996E+01, 0.3807245E+01,
 0.2332000E+01, 0.5791749E+01, 0.5880736E+01, 0.4368196E+01, 0.3808232E+01,
 0.2334000E+01, 0.5795218E+01, 0.5884218E+01, 0.4369397E+01, 0.3809219E+01,
 0.2336000E+01, 0.5798696E+01, 0.5887705E+01, 0.4370597E+01, 0.3810206E+01,
 0.2338000E+01, 0.5802180E+01, 0.5891199E+01, 0.4371798E+01, 0.3811194E+01,
 0.2340000E+01, 0.5805672E+01, 0.5894698E+01, 0.4373000E+01, 0.3812181E+01,
 0.2342000E+01, 0.5809170E+01, 0.5898202E+01, 0.4374201E+01, 0.3813169E+01,
 0.2344000E+01, 0.5812675E+01, 0.5901713E+01, 0.4375403E+01, 0.3814157E+01,
 0.2346000E+01, 0.5816188E+01, 0.5905229E+01, 0.4376606E+01, 0.3815146E+01,
 0.2348000E+01, 0.5819707E+01, 0.5908751E+01, 0.4377809E+01, 0.3816134E+01,
 0.2350000E+01, 0.5823234E+01, 0.5912279E+01, 0.4379012E+01, 0.3817123E+01,
 0.2352000E+01, 0.5826767E+01, 0.5915812E+01, 0.4380216E+01, 0.3818113E+01,
 0.2354000E+01, 0.5830307E+01, 0.5919350E+01, 0.4381420E+01, 0.3819102E+01,
 0.2356000E+01, 0.5833855E+01, 0.5922895E+01, 0.4382624E+01, 0.3820091E+01,
 0.2358000E+01, 0.5837409E+01, 0.5926445E+01, 0.4383829E+01, 0.3821081E+01,
 0.2360000E+01, 0.5840971E+01, 0.5930001E+01, 0.4385034E+01, 0.3822072E+01,
 0.2362000E+01, 0.5844539E+01, 0.5933562E+01, 0.4386240E+01, 0.3823062E+01,
 0.2364000E+01, 0.5848114E+01, 0.5937129E+01, 0.4387445E+01, 0.3824052E+01,
 0.2366000E+01, 0.5851696E+01, 0.5940701E+01, 0.4388652E+01, 0.3825043E+01,
 0.2368000E+01, 0.5855285E+01, 0.5944280E+01, 0.4389858E+01, 0.3826035E+01,
 0.2370000E+01, 0.5858880E+01, 0.5947864E+01, 0.4391066E+01, 0.3827026E+01,
 0.2372000E+01, 0.5862483E+01, 0.5951453E+01, 0.4392273E+01, 0.3828017E+01,
 0.2374000E+01, 0.5866093E+01, 0.5955048E+01, 0.4393481E+01, 0.3829010E+01,
 0.2376000E+01, 0.5869709E+01, 0.5958648E+01, 0.4394690E+01, 0.3830002E+01,
 0.2378000E+01, 0.5873332E+01, 0.5962255E+01, 0.4395898E+01, 0.3830994E+01,
 0.2380000E+01, 0.5876962E+01, 0.5965866E+01, 0.4397108E+01, 0.3831987E+01,
 0.2382000E+01, 0.5880599E+01, 0.5969483E+01, 0.4398317E+01, 0.3832980E+01,
 0.2384000E+01, 0.5884243E+01, 0.5973106E+01, 0.4399527E+01, 0.3833973E+01,
 0.2386000E+01, 0.5887894E+01, 0.5976735E+01, 0.4400738E+01, 0.3834967E+01,
 0.2388000E+01, 0.5891551E+01, 0.5980369E+01, 0.4401949E+01, 0.3835961E+01,
 0.2390000E+01, 0.5895216E+01, 0.5984008E+01, 0.4403160E+01, 0.3836955E+01,
 0.2392000E+01, 0.5898887E+01, 0.5987653E+01, 0.4404372E+01, 0.3837949E+01,
 0.2394000E+01, 0.5902565E+01, 0.5991304E+01, 0.4405584E+01, 0.3838944E+01,
 0.2396000E+01, 0.5906250E+01, 0.5994960E+01, 0.4406797E+01, 0.3839939E+01,
 0.2398000E+01, 0.5909941E+01, 0.5998622E+01, 0.4408010E+01, 0.3840934E+01,
 0.2400000E+01, 0.5913639E+01, 0.6002289E+01, 0.4409224E+01, 0.3841929E+01,
 0.2402000E+01, 0.5917345E+01, 0.6005962E+01, 0.4410438E+01, 0.3842925E+01,
 0.2404000E+01, 0.5921056E+01, 0.6009640E+01, 0.4411653E+01, 0.3843922E+01,
 0.2406000E+01, 0.5924775E+01, 0.6013324E+01, 0.4412868E+01, 0.3844918E+01,
 0.2408000E+01, 0.5928500E+01, 0.6017013E+01, 0.4414083E+01, 0.3845915E+01,
 0.2410000E+01, 0.5932232E+01, 0.6020708E+01, 0.4415299E+01, 0.3846912E+01,
 0.2412000E+01, 0.5935971E+01, 0.6024408E+01, 0.4416515E+01, 0.3847909E+01,
 0.2414000E+01, 0.5939717E+01, 0.6028114E+01, 0.4417732E+01, 0.3848907E+01,
 0.2416000E+01, 0.5943470E+01, 0.6031825E+01, 0.4418950E+01, 0.3849905E+01,
 0.2418000E+01, 0.5947229E+01, 0.6035542E+01, 0.4420167E+01, 0.3850903E+01,
 0.2420000E+01, 0.5950994E+01, 0.6039264E+01, 0.4421386E+01, 0.3851902E+01,
 0.2422000E+01, 0.5954767E+01, 0.6042992E+01, 0.4422605E+01, 0.3852901E+01,
 0.2424000E+01, 0.5958547E+01, 0.6046725E+01, 0.4423824E+01, 0.3853900E+01,
 0.2426000E+01, 0.5962333E+01, 0.6050464E+01, 0.4425044E+01, 0.3854900E+01,
 0.2428000E+01, 0.5966125E+01, 0.6054208E+01, 0.4426264E+01, 0.3855900E+01,
 0.2430000E+01, 0.5969925E+01, 0.6057958E+01, 0.4427485E+01, 0.3856900E+01,
 0.2432000E+01, 0.5973731E+01, 0.6061713E+01, 0.4428706E+01, 0.3857900E+01,
 0.2434000E+01, 0.5977544E+01, 0.6065473E+01, 0.4429928E+01, 0.3858901E+01,
 0.2436000E+01, 0.5981364E+01, 0.6069239E+01, 0.4431150E+01, 0.3859902E+01,
 0.2438000E+01, 0.5985190E+01, 0.6073010E+01, 0.4432373E+01, 0.3860904E+01,
 0.2440000E+01, 0.5989023E+01, 0.6076787E+01, 0.4433597E+01, 0.3861906E+01,
 0.2442000E+01, 0.5992863E+01, 0.6080570E+01, 0.4434821E+01, 0.3862908E+01,
 0.2444000E+01, 0.5996709E+01, 0.6084358E+01, 0.4436045E+01, 0.3863911E+01,
 0.2446000E+01, 0.6000562E+01, 0.6088151E+01, 0.4437270E+01, 0.3864914E+01,
 0.2448000E+01, 0.6004422E+01, 0.6091949E+01, 0.4438495E+01, 0.3865917E+01,
 0.2450000E+01, 0.6008288E+01, 0.6095754E+01, 0.4439721E+01, 0.3866921E+01,
 0.2452000E+01, 0.6012161E+01, 0.6099563E+01, 0.4440948E+01, 0.3867925E+01,
 0.2454000E+01, 0.6016041E+01, 0.6103378E+01, 0.4442174E+01, 0.3868930E+01,
 0.2456000E+01, 0.6019928E+01, 0.6107198E+01, 0.4443402E+01, 0.3869935E+01,
 0.2458000E+01, 0.6023820E+01, 0.6111024E+01, 0.4444630E+01, 0.3870940E+01,
 0.2460000E+01, 0.6027720E+01, 0.6114855E+01, 0.4445858E+01, 0.3871946E+01,
 0.2462000E+01, 0.6031627E+01, 0.6118692E+01, 0.4447088E+01, 0.3872952E+01,
 0.2464000E+01, 0.6035540E+01, 0.6122534E+01, 0.4448317E+01, 0.3873958E+01,
 0.2466000E+01, 0.6039459E+01, 0.6126382E+01, 0.4449547E+01, 0.3874965E+01,
 0.2468000E+01, 0.6043386E+01, 0.6130235E+01, 0.4450778E+01, 0.3875973E+01,
 0.2470000E+01, 0.6047318E+01, 0.6134093E+01, 0.4452009E+01, 0.3876981E+01,
 0.2472000E+01, 0.6051258E+01, 0.6137957E+01, 0.4453240E+01, 0.3877989E+01,
 0.2474000E+01, 0.6055204E+01, 0.6141826E+01, 0.4454473E+01, 0.3878998E+01,
 0.2476000E+01, 0.6059157E+01, 0.6145700E+01, 0.4455705E+01, 0.3880007E+01,
 0.2478000E+01, 0.6063117E+01, 0.6149580E+01, 0.4456937E+01, 0.3881017E+01,
 0.2480000E+01, 0.6067082E+01, 0.6153466E+01, 0.4458170E+01, 0.3882028E+01,
 0.2482000E+01, 0.6071055E+01, 0.6157356E+01, 0.4459404E+01, 0.3883039E+01,
 0.2484000E+01, 0.6075035E+01, 0.6161252E+01, 0.4460638E+01, 0.3884051E+01,
 0.2486000E+01, 0.6079021E+01, 0.6165154E+01, 0.4461871E+01, 0.3885064E+01,
 0.2488000E+01, 0.6083014E+01, 0.6169061E+01, 0.4463105E+01, 0.3886078E+01,
 0.2490000E+01, 0.6087013E+01, 0.6172973E+01, 0.4464340E+01, 0.3887092E+01,
 0.2492000E+01, 0.6091019E+01, 0.6176891E+01, 0.4465574E+01, 0.3888108E+01,
 0.2494000E+01, 0.6095031E+01, 0.6180814E+01, 0.4466808E+01, 0.3889124E+01,
 0.2496000E+01, 0.6099050E+01, 0.6184742E+01, 0.4468042E+01, 0.3890141E+01,
 0.2498000E+01, 0.6103076E+01, 0.6188676E+01, 0.4469277E+01, 0.3891160E+01,
 0.2500000E+01, 0.6107108E+01, 0.6192616E+01, 0.4470511E+01, 0.3892179E+01,
 0.2502000E+01, 0.6111147E+01, 0.6196560E+01, 0.4471745E+01, 0.3893200E+01,
 0.2504000E+01, 0.6115193E+01, 0.6200511E+01, 0.4472979E+01, 0.3894222E+01,
 0.2506000E+01, 0.6119245E+01, 0.6204466E+01, 0.4474212E+01, 0.3895245E+01,
 0.2508000E+01, 0.6123304E+01, 0.6208427E+01, 0.4475445E+01, 0.3896269E+01,
 0.2510000E+01, 0.6127369E+01, 0.6212393E+01, 0.4476678E+01, 0.3897295E+01,
 0.2512000E+01, 0.6131441E+01, 0.6216365E+01, 0.4477910E+01, 0.3898323E+01,
 0.2514000E+01, 0.6135520E+01, 0.6220342E+01, 0.4479141E+01, 0.3899352E+01,
 0.2516000E+01, 0.6139605E+01, 0.6224324E+01, 0.4480372E+01, 0.3900382E+01,
 0.2518000E+01, 0.6143697E+01, 0.6228312E+01, 0.4481603E+01, 0.3901414E+01,
 0.2520000E+01, 0.6147796E+01, 0.6232305E+01, 0.4482832E+01, 0.3902448E+01,
 0.2522000E+01, 0.6151901E+01, 0.6236304E+01, 0.4484061E+01, 0.3903483E+01,
 0.2524000E+01, 0.6156013E+01, 0.6240308E+01, 0.4485290E+01, 0.3904521E+01,
 0.2526000E+01, 0.6160131E+01, 0.6244317E+01, 0.4486516E+01, 0.3905559E+01,
 0.2528000E+01, 0.6164256E+01, 0.6248332E+01, 0.4487743E+01, 0.3906600E+01,
 0.2530000E+01, 0.6168387E+01, 0.6252352E+01, 0.4488969E+01, 0.3907642E+01,
 0.2532000E+01, 0.6172525E+01, 0.6256377E+01, 0.4490193E+01, 0.3908686E+01,
 0.2534000E+01, 0.6176670E+01, 0.6260408E+01, 0.4491417E+01, 0.3909732E+01,
 0.2536000E+01, 0.6180822E+01, 0.6264444E+01, 0.4492640E+01, 0.3910779E+01,
 0.2538000E+01, 0.6184980E+01, 0.6268486E+01, 0.4493863E+01, 0.3911829E+01,
 0.2540000E+01, 0.6189145E+01, 0.6272533E+01, 0.4495084E+01, 0.3912879E+01,
 0.2542000E+01, 0.6193316E+01, 0.6276585E+01, 0.4496305E+01, 0.3913932E+01,
 0.2544000E+01, 0.6197494E+01, 0.6280643E+01, 0.4497524E+01, 0.3914986E+01,
 0.2546000E+01, 0.6201678E+01, 0.6284706E+01, 0.4498744E+01, 0.3916041E+01,
 0.2548000E+01, 0.6205869E+01, 0.6288774E+01, 0.4499962E+01, 0.3917098E+01,
 0.2550000E+01, 0.6210067E+01, 0.6292849E+01, 0.4501180E+01, 0.3918156E+01,
 0.2552000E+01, 0.6214272E+01, 0.6296928E+01, 0.4502397E+01, 0.3919216E+01,
 0.2554000E+01, 0.6218482E+01, 0.6301013E+01, 0.4503614E+01, 0.3920276E+01,
 0.2556000E+01, 0.6222700E+01, 0.6305102E+01, 0.4504830E+01, 0.3921338E+01,
 0.2558000E+01, 0.6226924E+01, 0.6309198E+01, 0.4506047E+01, 0.3922401E+01,
 0.2560000E+01, 0.6231155E+01, 0.6313299E+01, 0.4507263E+01, 0.3923465E+01,
 0.2562000E+01, 0.6235393E+01, 0.6317405E+01, 0.4508478E+01, 0.3924530E+01,
 0.2564000E+01, 0.6239637E+01, 0.6321517E+01, 0.4509694E+01, 0.3925595E+01,
 0.2566000E+01, 0.6243888E+01, 0.6325634E+01, 0.4510910E+01, 0.3926661E+01,
 0.2568000E+01, 0.6248145E+01, 0.6329756E+01, 0.4512125E+01, 0.3927728E+01,
 0.2570000E+01, 0.6252409E+01, 0.6333884E+01, 0.4513342E+01, 0.3928796E+01,
 0.2572000E+01, 0.6256680E+01, 0.6338017E+01, 0.4514558E+01, 0.3929864E+01,
 0.2574000E+01, 0.6260957E+01, 0.6342155E+01, 0.4515774E+01, 0.3930932E+01,
 0.2576000E+01, 0.6265241E+01, 0.6346300E+01, 0.4516992E+01, 0.3932001E+01,
 0.2578000E+01, 0.6269532E+01, 0.6350449E+01, 0.4518209E+01, 0.3933070E+01,
 0.2580000E+01, 0.6273829E+01, 0.6354604E+01, 0.4519427E+01, 0.3934139E+01,
 0.2582000E+01, 0.6278133E+01, 0.6358764E+01, 0.4520646E+01, 0.3935209E+01,
 0.2584000E+01, 0.6282444E+01, 0.6362929E+01, 0.4521865E+01, 0.3936278E+01,
 0.2586000E+01, 0.6286761E+01, 0.6367101E+01, 0.4523085E+01, 0.3937347E+01,
 0.2588000E+01, 0.6291085E+01, 0.6371277E+01, 0.4524306E+01, 0.3938416E+01,
 0.2590000E+01, 0.6295416E+01, 0.6375459E+01, 0.4525528E+01, 0.3939486E+01,
 0.2592000E+01, 0.6299753E+01, 0.6379646E+01, 0.4526751E+01, 0.3940555E+01,
 0.2594000E+01, 0.6304097E+01, 0.6383839E+01, 0.4527974E+01, 0.3941623E+01,
 0.2596000E+01, 0.6308447E+01, 0.6388037E+01, 0.4529199E+01, 0.3942692E+01,
 0.2598000E+01, 0.6312805E+01, 0.6392240E+01, 0.4530425E+01, 0.3943760E+01,
 0.2600000E+01, 0.6317169E+01, 0.6396449E+01, 0.4531652E+01, 0.3944828E+01,
 0.2602000E+01, 0.6321539E+01, 0.6400663E+01, 0.4532880E+01, 0.3945895E+01,
 0.2604000E+01, 0.6325917E+01, 0.6404883E+01, 0.4534110E+01, 0.3946963E+01,
 0.2606000E+01, 0.6330301E+01, 0.6409108E+01, 0.4535341E+01, 0.3948029E+01,
 0.2608000E+01, 0.6334692E+01, 0.6413339E+01, 0.4536573E+01, 0.3949095E+01,
 0.2610000E+01, 0.6339089E+01, 0.6417575E+01, 0.4537807E+01, 0.3950161E+01,
 0.2612000E+01, 0.6343493E+01, 0.6421816E+01, 0.4539042E+01, 0.3951226E+01,
 0.2614000E+01, 0.6347904E+01, 0.6426064E+01, 0.4540278E+01, 0.3952290E+01,
 0.2616000E+01, 0.6352322E+01, 0.6430315E+01, 0.4541516E+01, 0.3953354E+01,
 0.2618000E+01, 0.6356746E+01, 0.6434574E+01, 0.4542756E+01, 0.3954417E+01,
 0.2620000E+01, 0.6361177E+01, 0.6438837E+01, 0.4543997E+01, 0.3955480E+01,
 0.2622000E+01, 0.6365615E+01, 0.6443105E+01, 0.4545239E+01, 0.3956542E+01,
 0.2624000E+01, 0.6370059E+01, 0.6447380E+01, 0.4546483E+01, 0.3957603E+01,
 0.2626000E+01, 0.6374510E+01, 0.6451659E+01, 0.4547729E+01, 0.3958664E+01,
 0.2628000E+01, 0.6378968E+01, 0.6455944E+01, 0.4548976E+01, 0.3959724E+01,
 0.2630000E+01, 0.6383433E+01, 0.6460235E+01, 0.4550225E+01, 0.3960783E+01,
 0.2632000E+01, 0.6387904E+01, 0.6464530E+01, 0.4551476E+01, 0.3961842E+01,
 0.2634000E+01, 0.6392382E+01, 0.6468832E+01, 0.4552728E+01, 0.3962900E+01,
 0.2636000E+01, 0.6396867E+01, 0.6473139E+01, 0.4553982E+01, 0.3963957E+01,
 0.2638000E+01, 0.6401359E+01, 0.6477451E+01, 0.4555238E+01, 0.3965014E+01,
 0.2640000E+01, 0.6405857E+01, 0.6481769E+01, 0.4556495E+01, 0.3966069E+01,
 0.2642000E+01, 0.6410362E+01, 0.6486092E+01, 0.4557754E+01, 0.3967124E+01,
 0.2644000E+01, 0.6414875E+01, 0.6490421E+01, 0.4559015E+01, 0.3968179E+01,
 0.2646000E+01, 0.6419393E+01, 0.6494755E+01, 0.4560277E+01, 0.3969233E+01,
 0.2648000E+01, 0.6423919E+01, 0.6499095E+01, 0.4561542E+01, 0.3970286E+01,
 0.2650000E+01, 0.6428451E+01, 0.6503440E+01, 0.4562807E+01, 0.3971338E+01,
 0.2652000E+01, 0.6432990E+01, 0.6507791E+01, 0.4564075E+01, 0.3972389E+01,
 0.2654000E+01, 0.6437536E+01, 0.6512147E+01, 0.4565344E+01, 0.3973440E+01,
 0.2656000E+01, 0.6442089E+01, 0.6516509E+01, 0.4566616E+01, 0.3974491E+01,
 0.2658000E+01, 0.6446648E+01, 0.6520876E+01, 0.4567888E+01, 0.3975540E+01,
 0.2660000E+01, 0.6451214E+01, 0.6525249E+01, 0.4569163E+01, 0.3976589E+01,
 0.2662000E+01, 0.6455788E+01, 0.6529627E+01, 0.4570439E+01, 0.3977638E+01,
 0.2664000E+01, 0.6460368E+01, 0.6534011E+01, 0.4571717E+01, 0.3978685E+01,
 0.2666000E+01, 0.6464954E+01, 0.6538400E+01, 0.4572997E+01, 0.3979732E+01,
 0.2668000E+01, 0.6469548E+01, 0.6542795E+01, 0.4574278E+01, 0.3980779E+01,
 0.2670000E+01, 0.6474148E+01, 0.6547195E+01, 0.4575562E+01, 0.3981825E+01,
 0.2672000E+01, 0.6478755E+01, 0.6551601E+01, 0.4576847E+01, 0.3982870E+01,
 0.2674000E+01, 0.6483370E+01, 0.6556012E+01, 0.4578133E+01, 0.3983915E+01,
 0.2676000E+01, 0.6487991E+01, 0.6560429E+01, 0.4579421E+01, 0.3984959E+01,
 0.2678000E+01, 0.6492619E+01, 0.6564852E+01, 0.4580711E+01, 0.3986003E+01,
 0.2680000E+01, 0.6497253E+01, 0.6569280E+01, 0.4582003E+01, 0.3987046E+01,
 0.2682000E+01, 0.6501895E+01, 0.6573713E+01, 0.4583296E+01, 0.3988089E+01,
 0.2684000E+01, 0.6506544E+01, 0.6578153E+01, 0.4584591E+01, 0.3989131E+01,
 0.2686000E+01, 0.6511199E+01, 0.6582597E+01, 0.4585887E+01, 0.3990173E+01,
 0.2688000E+01, 0.6515862E+01, 0.6587048E+01, 0.4587186E+01, 0.3991214E+01,
 0.2690000E+01, 0.6520531E+01, 0.6591503E+01, 0.4588486E+01, 0.3992255E+01,
 0.2692000E+01, 0.6525207E+01, 0.6595965E+01, 0.4589787E+01, 0.3993296E+01,
 0.2694000E+01, 0.6529890E+01, 0.6600431E+01, 0.4591090E+01, 0.3994336E+01,
 0.2696000E+01, 0.6534580E+01, 0.6604904E+01, 0.4592395E+01, 0.3995376E+01,
 0.2698000E+01, 0.6539277E+01, 0.6609383E+01, 0.4593701E+01, 0.3996415E+01,
 0.2700000E+01, 0.6543981E+01, 0.6613866E+01, 0.4595009E+01, 0.3997454E+01,
 0.2702000E+01, 0.6548691E+01, 0.6618356E+01, 0.4596318E+01, 0.3998493E+01,
 0.2704000E+01, 0.6553409E+01, 0.6622850E+01, 0.4597630E+01, 0.3999532E+01,
 0.2706000E+01, 0.6558134E+01, 0.6627351E+01, 0.4598942E+01, 0.4000570E+01,
 0.2708000E+01, 0.6562866E+01, 0.6631857E+01, 0.4600256E+01, 0.4001607E+01,
 0.2710000E+01, 0.6567604E+01, 0.6636369E+01, 0.4601572E+01, 0.4002645E+01,
 0.2712000E+01, 0.6572350E+01, 0.6640886E+01, 0.4602889E+01, 0.4003683E+01,
 0.2714000E+01, 0.6577103E+01, 0.6645410E+01, 0.4604207E+01, 0.4004720E+01,
 0.2716000E+01, 0.6581862E+01, 0.6649938E+01, 0.4605527E+01, 0.4005757E+01,
 0.2718000E+01, 0.6586629E+01, 0.6654472E+01, 0.4606849E+01, 0.4006794E+01,
 0.2720000E+01, 0.6591403E+01, 0.6659012E+01, 0.4608171E+01, 0.4007831E+01,
 0.2722000E+01, 0.6596183E+01, 0.6663558E+01, 0.4609496E+01, 0.4008868E+01,
 0.2724000E+01, 0.6600971E+01, 0.6668109E+01, 0.4610822E+01, 0.4009904E+01,
 0.2726000E+01, 0.6605765E+01, 0.6672666E+01, 0.4612149E+01, 0.4010941E+01,
 0.2728000E+01, 0.6610567E+01, 0.6677229E+01, 0.4613478E+01, 0.4011978E+01,
 0.2730000E+01, 0.6615376E+01, 0.6681797E+01, 0.4614808E+01, 0.4013014E+01,
 0.2732000E+01, 0.6620192E+01, 0.6686371E+01, 0.4616139E+01, 0.4014050E+01,
 0.2734000E+01, 0.6625015E+01, 0.6690950E+01, 0.4617472E+01, 0.4015087E+01,
 0.2736000E+01, 0.6629845E+01, 0.6695536E+01, 0.4618806E+01, 0.4016123E+01,
 0.2738000E+01, 0.6634682E+01, 0.6700127E+01, 0.4620142E+01, 0.4017159E+01,
 0.2740000E+01, 0.6639526E+01, 0.6704723E+01, 0.4621479E+01, 0.4018196E+01,
 0.2742000E+01, 0.6644377E+01, 0.6709326E+01, 0.4622817E+01, 0.4019232E+01,
 0.2744000E+01, 0.6649236E+01, 0.6713934E+01, 0.4624156E+01, 0.4020269E+01,
 0.2746000E+01, 0.6654101E+01, 0.6718548E+01, 0.4625497E+01, 0.4021306E+01,
 0.2748000E+01, 0.6658974E+01, 0.6723167E+01, 0.4626839E+01, 0.4022343E+01,
 0.2750000E+01, 0.6663854E+01, 0.6727792E+01, 0.4628182E+01, 0.4023379E+01,
 0.2752000E+01, 0.6668741E+01, 0.6732423E+01, 0.4629527E+01, 0.4024416E+01,
 0.2754000E+01, 0.6673635E+01, 0.6737060E+01, 0.4630873E+01, 0.4025454E+01,
 0.2756000E+01, 0.6678536E+01, 0.6741703E+01, 0.4632220E+01, 0.4026491E+01,
 0.2758000E+01, 0.6683444E+01, 0.6746351E+01, 0.4633568E+01, 0.4027529E+01,
 0.2760000E+01, 0.6688360E+01, 0.6751005E+01, 0.4634918E+01, 0.4028566E+01,
 0.2762000E+01, 0.6693283E+01, 0.6755664E+01, 0.4636269E+01, 0.4029604E+01,
 0.2764000E+01, 0.6698213E+01, 0.6760330E+01, 0.4637621E+01, 0.4030643E+01,
 0.2766000E+01, 0.6703149E+01, 0.6765001E+01, 0.4638974E+01, 0.4031682E+01,
 0.2768000E+01, 0.6708094E+01, 0.6769678E+01, 0.4640328E+01, 0.4032720E+01,
 0.2770000E+01, 0.6713046E+01, 0.6774361E+01, 0.4641684E+01, 0.4033759E+01,
 0.2772000E+01, 0.6718004E+01, 0.6779049E+01, 0.4643040E+01, 0.4034799E+01,
 0.2774000E+01, 0.6722970E+01, 0.6783743E+01, 0.4644398E+01, 0.4035839E+01,
 0.2776000E+01, 0.6727943E+01, 0.6788444E+01, 0.4645757E+01, 0.4036879E+01,
 0.2778000E+01, 0.6732924E+01, 0.6793149E+01, 0.4647116E+01, 0.4037920E+01,
 0.2780000E+01, 0.6737912E+01, 0.6797861E+01, 0.4648477E+01, 0.4038961E+01,
 0.2782000E+01, 0.6742907E+01, 0.6802578E+01, 0.4649838E+01, 0.4040003E+01,
 0.2784000E+01, 0.6747909E+01, 0.6807302E+01, 0.4651201E+01, 0.4041045E+01,
 0.2786000E+01, 0.6752919E+01, 0.6812031E+01, 0.4652565E+01, 0.4042088E+01,
 0.2788000E+01, 0.6757936E+01, 0.6816766E+01, 0.4653928E+01, 0.4043132E+01,
 0.2790000E+01, 0.6762960E+01, 0.6821507E+01, 0.4655293E+01, 0.4044177E+01,
 0.2792000E+01, 0.6767992E+01, 0.6826254E+01, 0.4656659E+01, 0.4045222E+01,
 0.2794000E+01, 0.6773030E+01, 0.6831006E+01, 0.4658024E+01, 0.4046268E+01,
 0.2796000E+01, 0.6778077E+01, 0.6835765E+01, 0.4659391E+01, 0.4047316E+01,
 0.2798000E+01, 0.6783130E+01, 0.6840529E+01, 0.4660758E+01, 0.4048365E+01,
 0.2800000E+01, 0.6788191E+01, 0.6845299E+01, 0.4662125E+01, 0.4049414E+01,
 0.2802000E+01, 0.6793260E+01, 0.6850075E+01, 0.4663493E+01, 0.4050465E+01,
 0.2804000E+01, 0.6798335E+01, 0.6854857E+01, 0.4664861E+01, 0.4051517E+01,
 0.2806000E+01, 0.6803419E+01, 0.6859645E+01, 0.4666228E+01, 0.4052571E+01,
 0.2808000E+01, 0.6808509E+01, 0.6864439E+01, 0.4667596E+01, 0.4053626E+01,
 0.2810000E+01, 0.6813607E+01, 0.6869238E+01, 0.4668964E+01, 0.4054682E+01,
 0.2812000E+01, 0.6818712E+01, 0.6874043E+01, 0.4670332E+01, 0.4055740E+01,
 0.2814000E+01, 0.6823825E+01, 0.6878855E+01, 0.4671700E+01, 0.4056799E+01,
 0.2816000E+01, 0.6828945E+01, 0.6883672E+01, 0.4673069E+01, 0.4057860E+01,
 0.2818000E+01, 0.6834073E+01, 0.6888495E+01, 0.4674436E+01, 0.4058923E+01,
 0.2820000E+01, 0.6839208E+01, 0.6893324E+01, 0.4675804E+01, 0.4059987E+01,
 0.2822000E+01, 0.6844350E+01, 0.6898160E+01, 0.4677171E+01, 0.4061053E+01,
 0.2824000E+01, 0.6849500E+01, 0.6903000E+01, 0.4678538E+01, 0.4062120E+01,
 0.2826000E+01, 0.6854658E+01, 0.6907847E+01, 0.4679905E+01, 0.4063190E+01,
 0.2828000E+01, 0.6859823E+01, 0.6912701E+01, 0.4681272E+01, 0.4064261E+01,
 0.2830000E+01, 0.6864995E+01, 0.6917559E+01, 0.4682638E+01, 0.4065333E+01,
 0.2832000E+01, 0.6870175E+01, 0.6922424E+01, 0.4684005E+01, 0.4066408E+01,
 0.2834000E+01, 0.6875363E+01, 0.6927295E+01, 0.4685370E+01, 0.4067483E+01,
 0.2836000E+01, 0.6880558E+01, 0.6932172E+01, 0.4686737E+01, 0.4068561E+01,
 0.2838000E+01, 0.6885761E+01, 0.6937055E+01, 0.4688102E+01, 0.4069640E+01,
 0.2840000E+01, 0.6890971E+01, 0.6941943E+01, 0.4689468E+01, 0.4070721E+01,
 0.2842000E+01, 0.6896189E+01, 0.6946838E+01, 0.4690833E+01, 0.4071803E+01,
 0.2844000E+01, 0.6901414E+01, 0.6951739E+01, 0.4692198E+01, 0.4072886E+01,
 0.2846000E+01, 0.6906648E+01, 0.6956645E+01, 0.4693564E+01, 0.4073972E+01,
 0.2848000E+01, 0.6911888E+01, 0.6961558E+01, 0.4694929E+01, 0.4075058E+01,
 0.2850000E+01, 0.6917136E+01, 0.6966477E+01, 0.4696294E+01, 0.4076146E+01,
 0.2852000E+01, 0.6922392E+01, 0.6971402E+01, 0.4697660E+01, 0.4077235E+01,
 0.2854000E+01, 0.6927656E+01, 0.6976333E+01, 0.4699026E+01, 0.4078326E+01,
 0.2856000E+01, 0.6932927E+01, 0.6981270E+01, 0.4700391E+01, 0.4079418E+01,
 0.2858000E+01, 0.6938206E+01, 0.6986213E+01, 0.4701757E+01, 0.4080511E+01,
 0.2860000E+01, 0.6943492E+01, 0.6991162E+01, 0.4703123E+01, 0.4081605E+01,
 0.2862000E+01, 0.6948786E+01, 0.6996117E+01, 0.4704489E+01, 0.4082701E+01,
 0.2864000E+01, 0.6954088E+01, 0.7001079E+01, 0.4705856E+01, 0.4083797E+01,
 0.2866000E+01, 0.6959398E+01, 0.7006046E+01, 0.4707223E+01, 0.4084895E+01,
 0.2868000E+01, 0.6964715E+01, 0.7011019E+01, 0.4708590E+01, 0.4085994E+01,
 0.2870000E+01, 0.6970040E+01, 0.7015998E+01, 0.4709958E+01, 0.4087094E+01,
 0.2872000E+01, 0.6975373E+01, 0.7020984E+01, 0.4711326E+01, 0.4088195E+01,
 0.2874000E+01, 0.6980713E+01, 0.7025976E+01, 0.4712694E+01, 0.4089297E+01,
 0.2876000E+01, 0.6986061E+01, 0.7030973E+01, 0.4714063E+01, 0.4090400E+01,
 0.2878000E+01, 0.6991417E+01, 0.7035977E+01, 0.4715433E+01, 0.4091504E+01,
 0.2880000E+01, 0.6996781E+01, 0.7040987E+01, 0.4716803E+01, 0.4092608E+01,
 0.2882000E+01, 0.7002152E+01, 0.7046004E+01, 0.4718173E+01, 0.4093714E+01,
 0.2884000E+01, 0.7007532E+01, 0.7051026E+01, 0.4719544E+01, 0.4094820E+01,
 0.2886000E+01, 0.7012919E+01, 0.7056054E+01, 0.4720916E+01, 0.4095928E+01,
 0.2888000E+01, 0.7018314E+01, 0.7061089E+01, 0.4722289E+01, 0.4097036E+01,
 0.2890000E+01, 0.7023717E+01, 0.7066130E+01, 0.4723661E+01, 0.4098145E+01,
 0.2892000E+01, 0.7029128E+01, 0.7071177E+01, 0.4725035E+01, 0.4099255E+01,
 0.2894000E+01, 0.7034546E+01, 0.7076230E+01, 0.4726410E+01, 0.4100366E+01,
 0.2896000E+01, 0.7039973E+01, 0.7081289E+01, 0.4727785E+01, 0.4101477E+01,
 0.2898000E+01, 0.7045407E+01, 0.7086354E+01, 0.4729161E+01, 0.4102590E+01,
 0.2900000E+01, 0.7050849E+01, 0.7091426E+01, 0.4730538E+01, 0.4103702E+01,
 0.2902000E+01, 0.7056300E+01, 0.7096504E+01, 0.4731916E+01, 0.4104816E+01,
 0.2904000E+01, 0.7061758E+01, 0.7101588E+01, 0.4733294E+01, 0.4105930E+01,
 0.2906000E+01, 0.7067224E+01, 0.7106678E+01, 0.4734674E+01, 0.4107045E+01,
 0.2908000E+01, 0.7072698E+01, 0.7111775E+01, 0.4736054E+01, 0.4108160E+01,
 0.2910000E+01, 0.7078179E+01, 0.7116878E+01, 0.4737436E+01, 0.4109276E+01,
 0.2912000E+01, 0.7083669E+01, 0.7121986E+01, 0.4738818E+01, 0.4110393E+01,
 0.2914000E+01, 0.7089167E+01, 0.7127101E+01, 0.4740201E+01, 0.4111510E+01,
 0.2916000E+01, 0.7094673E+01, 0.7132223E+01, 0.4741586E+01, 0.4112628E+01,
 0.2918000E+01, 0.7100187E+01, 0.7137351E+01, 0.4742971E+01, 0.4113747E+01,
 0.2920000E+01, 0.7105709E+01, 0.7142485E+01, 0.4744357E+01, 0.4114865E+01,
 0.2922000E+01, 0.7111238E+01, 0.7147625E+01, 0.4745745E+01, 0.4115985E+01,
 0.2924000E+01, 0.7116776E+01, 0.7152771E+01, 0.4747133E+01, 0.4117105E+01,
 0.2926000E+01, 0.7122322E+01, 0.7157925E+01, 0.4748522E+01, 0.4118226E+01,
 0.2928000E+01, 0.7127876E+01, 0.7163084E+01, 0.4749913E+01, 0.4119347E+01,
 0.2930000E+01, 0.7133439E+01, 0.7168249E+01, 0.4751305E+01, 0.4120468E+01,
 0.2932000E+01, 0.7139009E+01, 0.7173421E+01, 0.4752697E+01, 0.4121590E+01,
 0.2934000E+01, 0.7144587E+01, 0.7178599E+01, 0.4754091E+01, 0.4122712E+01,
 0.2936000E+01, 0.7150173E+01, 0.7183784E+01, 0.4755486E+01, 0.4123835E+01,
 0.2938000E+01, 0.7155768E+01, 0.7188974E+01, 0.4756882E+01, 0.4124959E+01,
 0.2940000E+01, 0.7161370E+01, 0.7194171E+01, 0.4758280E+01, 0.4126082E+01,
 0.2942000E+01, 0.7166981E+01, 0.7199375E+01, 0.4759678E+01, 0.4127206E+01,
 0.2944000E+01, 0.7172600E+01, 0.7204584E+01, 0.4761078E+01, 0.4128331E+01,
 0.2946000E+01, 0.7178227E+01, 0.7209801E+01, 0.4762479E+01, 0.4129456E+01,
 0.2948000E+01, 0.7183863E+01, 0.7215023E+01, 0.4763881E+01, 0.4130582E+01,
 0.2950000E+01, 0.7189506E+01, 0.7220252E+01, 0.4765285E+01, 0.4131708E+01,
 0.2952000E+01, 0.7195158E+01, 0.7225487E+01, 0.4766689E+01, 0.4132834E+01,
 0.2954000E+01, 0.7200818E+01, 0.7230729E+01, 0.4768095E+01, 0.4133960E+01,
 0.2956000E+01, 0.7206486E+01, 0.7235977E+01, 0.4769503E+01, 0.4135087E+01,
 0.2958000E+01, 0.7212162E+01, 0.7241231E+01, 0.4770911E+01, 0.4136215E+01,
 0.2960000E+01, 0.7217847E+01, 0.7246492E+01, 0.4772321E+01, 0.4137343E+01,
 0.2962000E+01, 0.7223540E+01, 0.7251760E+01, 0.4773732E+01, 0.4138471E+01,
 0.2964000E+01, 0.7229241E+01, 0.7257034E+01, 0.4775144E+01, 0.4139600E+01,
 0.2966000E+01, 0.7234951E+01, 0.7262314E+01, 0.4776557E+01, 0.4140729E+01,
 0.2968000E+01, 0.7240669E+01, 0.7267601E+01, 0.4777973E+01, 0.4141858E+01,
 0.2970000E+01, 0.7246395E+01, 0.7272893E+01, 0.4779389E+01, 0.4142988E+01,
 0.2972000E+01, 0.7252130E+01, 0.7278193E+01, 0.4780807E+01, 0.4144118E+01,
 0.2974000E+01, 0.7257873E+01, 0.7283499E+01, 0.4782225E+01, 0.4145249E+01,
 0.2976000E+01, 0.7263624E+01, 0.7288812E+01, 0.4783645E+01, 0.4146379E+01,
 0.2978000E+01, 0.7269383E+01, 0.7294131E+01, 0.4785067E+01, 0.4147511E+01,
 0.2980000E+01, 0.7275151E+01, 0.7299457E+01, 0.4786490E+01, 0.4148643E+01,
 0.2982000E+01, 0.7280928E+01, 0.7304789E+01, 0.4787914E+01, 0.4149775E+01,
 0.2984000E+01, 0.7286713E+01, 0.7310127E+01, 0.4789340E+01, 0.4150907E+01,
 0.2986000E+01, 0.7292506E+01, 0.7315472E+01, 0.4790766E+01, 0.4152040E+01,
 0.2988000E+01, 0.7298308E+01, 0.7320824E+01, 0.4792195E+01, 0.4153173E+01,
 0.2990000E+01, 0.7304118E+01, 0.7326182E+01, 0.4793624E+01, 0.4154307E+01,
 0.2992000E+01, 0.7309937E+01, 0.7331547E+01, 0.4795055E+01, 0.4155441E+01,
 0.2994000E+01, 0.7315763E+01, 0.7336918E+01, 0.4796487E+01, 0.4156575E+01,
 0.2996000E+01, 0.7321599E+01, 0.7342296E+01, 0.4797921E+01, 0.4157710E+01,
 0.2998000E+01, 0.7327444E+01, 0.7347680E+01, 0.4799356E+01, 0.4158845E+01,
 0.3000000E+01, 0.7333296E+01, 0.7353071E+01, 0.4800793E+01, 0.4159981E+01,
 0.3002000E+01, 0.7339157E+01, 0.7358469E+01, 0.4802230E+01, 0.4161117E+01,
 0.3004000E+01, 0.7345027E+01, 0.7363873E+01, 0.4803669E+01, 0.4162253E+01,
 0.3006000E+01, 0.7350905E+01, 0.7369283E+01, 0.4805110E+01, 0.4163390E+01,
 0.3008000E+01, 0.7356792E+01, 0.7374701E+01, 0.4806552E+01, 0.4164527E+01,
 0.3010000E+01, 0.7362688E+01, 0.7380125E+01, 0.4807995E+01, 0.4165665E+01,
 0.3012000E+01, 0.7368592E+01, 0.7385555E+01, 0.4809440E+01, 0.4166802E+01,
 0.3014000E+01, 0.7374505E+01, 0.7390992E+01, 0.4810886E+01, 0.4167941E+01,
 0.3016000E+01, 0.7380426E+01, 0.7396436E+01, 0.4812333E+01, 0.4169080E+01,
 0.3018000E+01, 0.7386356E+01, 0.7401886E+01, 0.4813782E+01, 0.4170219E+01,
 0.3020000E+01, 0.7392294E+01, 0.7407344E+01, 0.4815232E+01, 0.4171359E+01,
 0.3022000E+01, 0.7398242E+01, 0.7412807E+01, 0.4816683E+01, 0.4172499E+01,
 0.3024000E+01, 0.7404198E+01, 0.7418278E+01, 0.4818136E+01, 0.4173640E+01,
 0.3026000E+01, 0.7410162E+01, 0.7423755E+01, 0.4819590E+01, 0.4174781E+01,
 0.3028000E+01, 0.7416136E+01, 0.7429239E+01, 0.4821046E+01, 0.4175922E+01,
 0.3030000E+01, 0.7422118E+01, 0.7434730E+01, 0.4822503E+01, 0.4177064E+01,
 0.3032000E+01, 0.7428109E+01, 0.7440227E+01, 0.4823961E+01, 0.4178207E+01,
 0.3034000E+01, 0.7434109E+01, 0.7445731E+01, 0.4825421E+01, 0.4179350E+01,
 0.3036000E+01, 0.7440117E+01, 0.7451241E+01, 0.4826882E+01, 0.4180493E+01,
 0.3038000E+01, 0.7446134E+01, 0.7456759E+01, 0.4828344E+01, 0.4181637E+01,
 0.3040000E+01, 0.7452160E+01, 0.7462283E+01, 0.4829808E+01, 0.4182781E+01,
 0.3042000E+01, 0.7458195E+01, 0.7467814E+01, 0.4831273E+01, 0.4183926E+01,
 0.3044000E+01, 0.7464239E+01, 0.7473351E+01, 0.4832739E+01, 0.4185071E+01,
 0.3046000E+01, 0.7470291E+01, 0.7478896E+01, 0.4834207E+01, 0.4186217E+01,
 0.3048000E+01, 0.7476352E+01, 0.7484447E+01, 0.4835676E+01, 0.4187364E+01,
 0.3050000E+01, 0.7482422E+01, 0.7490005E+01, 0.4837147E+01, 0.4188510E+01,
 0.3052000E+01, 0.7488502E+01, 0.7495570E+01, 0.4838618E+01, 0.4189658E+01,
 0.3054000E+01, 0.7494590E+01, 0.7501141E+01, 0.4840092E+01, 0.4190806E+01,
 0.3056000E+01, 0.7500687E+01, 0.7506720E+01, 0.4841566E+01, 0.4191954E+01,
 0.3058000E+01, 0.7506792E+01, 0.7512305E+01, 0.4843042E+01, 0.4193103E+01,
 0.3060000E+01, 0.7512907E+01, 0.7517897E+01, 0.4844519E+01, 0.4194252E+01,
 0.3062000E+01, 0.7519031E+01, 0.7523495E+01, 0.4845998E+01, 0.4195403E+01,
 0.3064000E+01, 0.7525163E+01, 0.7529101E+01, 0.4847477E+01, 0.4196553E+01,
 0.3066000E+01, 0.7531305E+01, 0.7534713E+01, 0.4848959E+01, 0.4197704E+01,
 0.3068000E+01, 0.7537456E+01, 0.7540332E+01, 0.4850441E+01, 0.4198856E+01,
 0.3070000E+01, 0.7543615E+01, 0.7545959E+01, 0.4851925E+01, 0.4200008E+01,
 0.3072000E+01, 0.7549784E+01, 0.7551591E+01, 0.4853410E+01, 0.4201161E+01,
 0.3074000E+01, 0.7555961E+01, 0.7557231E+01, 0.4854897E+01, 0.4202315E+01,
 0.3076000E+01, 0.7562148E+01, 0.7562878E+01, 0.4856384E+01, 0.4203469E+01,
 0.3078000E+01, 0.7568344E+01, 0.7568532E+01, 0.4857873E+01, 0.4204624E+01,
 0.3080000E+01, 0.7574549E+01, 0.7574192E+01, 0.4859364E+01, 0.4205780E+01,
 0.3082000E+01, 0.7580762E+01, 0.7579860E+01, 0.4860855E+01, 0.4206936E+01,
 0.3084000E+01, 0.7586986E+01, 0.7585534E+01, 0.4862347E+01, 0.4208093E+01,
 0.3086000E+01, 0.7593218E+01, 0.7591215E+01, 0.4863841E+01, 0.4209251E+01,
 0.3088000E+01, 0.7599459E+01, 0.7596903E+01, 0.4865336E+01, 0.4210409E+01,
 0.3090000E+01, 0.7605710E+01, 0.7602598E+01, 0.4866832E+01, 0.4211569E+01,
 0.3092000E+01, 0.7611969E+01, 0.7608300E+01, 0.4868329E+01, 0.4212729E+01,
 0.3094000E+01, 0.7618238E+01, 0.7614009E+01, 0.4869826E+01, 0.4213891E+01,
 0.3096000E+01, 0.7624516E+01, 0.7619725E+01, 0.4871325E+01, 0.4215053E+01,
 0.3098000E+01, 0.7630803E+01, 0.7625448E+01, 0.4872825E+01, 0.4216216E+01,
 0.3100000E+01, 0.7637099E+01, 0.7631178E+01, 0.4874326E+01, 0.4217380E+01,
 0.3102000E+01, 0.7643405E+01, 0.7636915E+01, 0.4875828E+01, 0.4218545E+01,
 0.3104000E+01, 0.7649720E+01, 0.7642658E+01, 0.4877330E+01, 0.4219712E+01,
 0.3106000E+01, 0.7656044E+01, 0.7648409E+01, 0.4878834E+01, 0.4220879E+01,
 0.3108000E+01, 0.7662377E+01, 0.7654167E+01, 0.4880338E+01, 0.4222048E+01,
 0.3110000E+01, 0.7668720E+01, 0.7659932E+01, 0.4881843E+01, 0.4223217E+01,
 0.3112000E+01, 0.7675072E+01, 0.7665704E+01, 0.4883348E+01, 0.4224389E+01,
 0.3114000E+01, 0.7681434E+01, 0.7671483E+01, 0.4884855E+01, 0.4225561E+01,
 0.3116000E+01, 0.7687804E+01, 0.7677269E+01, 0.4886363E+01, 0.4226734E+01,
 0.3118000E+01, 0.7694184E+01, 0.7683061E+01, 0.4887870E+01, 0.4227909E+01,
 0.3120000E+01, 0.7700573E+01, 0.7688861E+01, 0.4889379E+01, 0.4229084E+01,
 0.3122000E+01, 0.7706973E+01, 0.7694668E+01, 0.4890888E+01, 0.4230262E+01,
 0.3124000E+01, 0.7713380E+01, 0.7700482E+01, 0.4892398E+01, 0.4231440E+01,
 0.3126000E+01, 0.7719798E+01, 0.7706304E+01, 0.4893909E+01, 0.4232620E+01,
 0.3128000E+01, 0.7726225E+01, 0.7712132E+01, 0.4895420E+01, 0.4233801E+01,
 0.3130000E+01, 0.7732662E+01, 0.7717967E+01, 0.4896932E+01, 0.4234983E+01,
 0.3132000E+01, 0.7739108E+01, 0.7723810E+01, 0.4898445E+01, 0.4236166E+01,
 0.3134000E+01, 0.7745563E+01, 0.7729659E+01, 0.4899958E+01, 0.4237351E+01,
 0.3136000E+01, 0.7752028E+01, 0.7735516E+01, 0.4901472E+01, 0.4238537E+01,
 0.3138000E+01, 0.7758502E+01, 0.7741380E+01, 0.4902987E+01, 0.4239725E+01,
 0.3140000E+01, 0.7764986E+01, 0.7747251E+01, 0.4904502E+01, 0.4240913E+01,
 0.3142000E+01, 0.7771479E+01, 0.7753129E+01, 0.4906018E+01, 0.4242103E+01,
 0.3144000E+01, 0.7777982E+01, 0.7759014E+01, 0.4907535E+01, 0.4243294E+01,
 0.3146000E+01, 0.7784494E+01, 0.7764906E+01, 0.4909052E+01, 0.4244486E+01,
 0.3148000E+01, 0.7791017E+01, 0.7770806E+01, 0.4910570E+01, 0.4245679E+01,
 0.3150000E+01, 0.7797548E+01, 0.7776712E+01, 0.4912089E+01, 0.4246874E+01,
 0.3152000E+01, 0.7804090E+01, 0.7782626E+01, 0.4913609E+01, 0.4248070E+01,
 0.3154000E+01, 0.7810640E+01, 0.7788548E+01, 0.4915129E+01, 0.4249267E+01,
 0.3156000E+01, 0.7817201E+01, 0.7794476E+01, 0.4916650E+01, 0.4250465E+01,
 0.3158000E+01, 0.7823771E+01, 0.7800411E+01, 0.4918172E+01, 0.4251665E+01,
 0.3160000E+01, 0.7830350E+01, 0.7806354E+01, 0.4919695E+01, 0.4252866E+01,
 0.3162000E+01, 0.7836940E+01, 0.7812304E+01, 0.4921218E+01, 0.4254067E+01,
 0.3164000E+01, 0.7843539E+01, 0.7818261E+01, 0.4922742E+01, 0.4255270E+01,
 0.3166000E+01, 0.7850148E+01, 0.7824225E+01, 0.4924268E+01, 0.4256474E+01,
 0.3168000E+01, 0.7856767E+01, 0.7830197E+01, 0.4925794E+01, 0.4257679E+01,
 0.3170000E+01, 0.7863395E+01, 0.7836176E+01, 0.4927320E+01, 0.4258886E+01,
 0.3172000E+01, 0.7870033E+01, 0.7842162E+01, 0.4928848E+01, 0.4260093E+01,
 0.3174000E+01, 0.7876680E+01, 0.7848155E+01, 0.4930377E+01, 0.4261302E+01,
 0.3176000E+01, 0.7883338E+01, 0.7854156E+01, 0.4931906E+01, 0.4262511E+01,
 0.3178000E+01, 0.7890006E+01, 0.7860164E+01, 0.4933437E+01, 0.4263722E+01,
 0.3180000E+01, 0.7896683E+01, 0.7866179E+01, 0.4934968E+01, 0.4264934E+01,
 0.3182000E+01, 0.7903370E+01, 0.7872202E+01, 0.4936500E+01, 0.4266146E+01,
 0.3184000E+01, 0.7910067E+01, 0.7878232E+01, 0.4938034E+01, 0.4267360E+01,
 0.3186000E+01, 0.7916773E+01, 0.7884269E+01, 0.4939568E+01, 0.4268575E+01,
 0.3188000E+01, 0.7923490E+01, 0.7890314E+01, 0.4941103E+01, 0.4269791E+01,
 0.3190000E+01, 0.7930216E+01, 0.7896366E+01, 0.4942639E+01, 0.4271008E+01,
 0.3192000E+01, 0.7936953E+01, 0.7902425E+01, 0.4944176E+01, 0.4272226E+01,
 0.3194000E+01, 0.7943699E+01, 0.7908492E+01, 0.4945714E+01, 0.4273445E+01,
 0.3196000E+01, 0.7950455E+01, 0.7914566E+01, 0.4947253E+01, 0.4274665E+01,
 0.3198000E+01, 0.7957221E+01, 0.7920647E+01, 0.4948793E+01, 0.4275886E+01,
 0.3200000E+01, 0.7963997E+01, 0.7926736E+01, 0.4950335E+01, 0.4277108E+01,
 0.3202000E+01, 0.7970783E+01, 0.7932832E+01, 0.4951877E+01, 0.4278330E+01,
 0.3204000E+01, 0.7977580E+01, 0.7938935E+01, 0.4953420E+01, 0.4279554E+01,
 0.3206000E+01, 0.7984385E+01, 0.7945046E+01, 0.4954965E+01, 0.4280779E+01,
 0.3208000E+01, 0.7991202E+01, 0.7951165E+01, 0.4956510E+01, 0.4282005E+01,
 0.3210000E+01, 0.7998028E+01, 0.7957291E+01, 0.4958057E+01, 0.4283231E+01,
 0.3212000E+01, 0.8004864E+01, 0.7963424E+01, 0.4959604E+01, 0.4284459E+01,
 0.3214000E+01, 0.8011710E+01, 0.7969565E+01, 0.4961154E+01, 0.4285687E+01,
 0.3216000E+01, 0.8018567E+01, 0.7975713E+01, 0.4962703E+01, 0.4286917E+01,
 0.3218000E+01, 0.8025434E+01, 0.7981869E+01, 0.4964254E+01, 0.4288147E+01,
 0.3220000E+01, 0.8032310E+01, 0.7988032E+01, 0.4965807E+01, 0.4289378E+01,
 0.3222000E+01, 0.8039196E+01, 0.7994203E+01, 0.4967360E+01, 0.4290610E+01,
 0.3224000E+01, 0.8046093E+01, 0.8000381E+01, 0.4968915E+01, 0.4291843E+01,
 0.3226000E+01, 0.8053000E+01, 0.8006566E+01, 0.4970471E+01, 0.4293077E+01,
 0.3228000E+01, 0.8059917E+01, 0.8012759E+01, 0.4972028E+01, 0.4294312E+01,
 0.3230000E+01, 0.8066845E+01, 0.8018960E+01, 0.4973587E+01, 0.4295547E+01,
 0.3232000E+01, 0.8073783E+01, 0.8025168E+01, 0.4975146E+01, 0.4296784E+01,
 0.3234000E+01, 0.8080730E+01, 0.8031384E+01, 0.4976707E+01, 0.4298021E+01,
 0.3236000E+01, 0.8087688E+01, 0.8037608E+01, 0.4978269E+01, 0.4299260E+01,
 0.3238000E+01, 0.8094657E+01, 0.8043839E+01, 0.4979832E+01, 0.4300498E+01,
 0.3240000E+01, 0.8101635E+01, 0.8050077E+01, 0.4981397E+01, 0.4301739E+01,
 0.3242000E+01, 0.8108624E+01, 0.8056323E+01, 0.4982962E+01, 0.4302979E+01,
 0.3244000E+01, 0.8115623E+01, 0.8062577E+01, 0.4984529E+01, 0.4304221E+01,
 0.3246000E+01, 0.8122633E+01, 0.8068838E+01, 0.4986098E+01, 0.4305463E+01,
 0.3248000E+01, 0.8129653E+01, 0.8075108E+01, 0.4987668E+01, 0.4306706E+01,
 0.3250000E+01, 0.8136683E+01, 0.8081384E+01, 0.4989238E+01, 0.4307950E+01,
 0.3252000E+01, 0.8143723E+01, 0.8087668E+01, 0.4990811E+01, 0.4309195E+01,
 0.3254000E+01, 0.8150775E+01, 0.8093960E+01, 0.4992384E+01, 0.4310441E+01,
 0.3256000E+01, 0.8157836E+01, 0.8100260E+01, 0.4993959E+01, 0.4311687E+01,
 0.3258000E+01, 0.8164908E+01, 0.8106566E+01, 0.4995536E+01, 0.4312934E+01,
 0.3260000E+01, 0.8171990E+01, 0.8112882E+01, 0.4997113E+01, 0.4314182E+01,
 0.3262000E+01, 0.8179083E+01, 0.8119204E+01, 0.4998693E+01, 0.4315431E+01,
 0.3264000E+01, 0.8186187E+01, 0.8125534E+01, 0.5000273E+01, 0.4316680E+01,
 0.3266000E+01, 0.8193300E+01, 0.8131872E+01, 0.5001854E+01, 0.4317931E+01,
 0.3268000E+01, 0.8200424E+01, 0.8138218E+01, 0.5003438E+01, 0.4319181E+01,
 0.3270000E+01, 0.8207559E+01, 0.8144571E+01, 0.5005022E+01, 0.4320434E+01,
 0.3272000E+01, 0.8214705E+01, 0.8150932E+01, 0.5006608E+01, 0.4321686E+01,
 0.3274000E+01, 0.8221860E+01, 0.8157301E+01, 0.5008195E+01, 0.4322939E+01,
 0.3276000E+01, 0.8229027E+01, 0.8163677E+01, 0.5009784E+01, 0.4324193E+01,
 0.3278000E+01, 0.8236203E+01, 0.8170062E+01, 0.5011374E+01, 0.4325449E+01,
 0.3280000E+01, 0.8243391E+01, 0.8176454E+01, 0.5012966E+01, 0.4326705E+01,
 0.3282000E+01, 0.8250589E+01, 0.8182854E+01, 0.5014559E+01, 0.4327961E+01,
 0.3284000E+01, 0.8257798E+01, 0.8189261E+01, 0.5016153E+01, 0.4329218E+01,
 0.3286000E+01, 0.8265018E+01, 0.8195677E+01, 0.5017749E+01, 0.4330476E+01,
 0.3288000E+01, 0.8272247E+01, 0.8202100E+01, 0.5019346E+01, 0.4331735E+01,
 0.3290000E+01, 0.8279489E+01, 0.8208531E+01, 0.5020945E+01, 0.4332994E+01,
 0.3292000E+01, 0.8286740E+01, 0.8214970E+01, 0.5022545E+01, 0.4334255E+01,
 0.3294000E+01, 0.8294003E+01, 0.8221416E+01, 0.5024147E+01, 0.4335516E+01,
 0.3296000E+01, 0.8301275E+01, 0.8227871E+01, 0.5025749E+01, 0.4336778E+01,
 0.3298000E+01, 0.8308559E+01, 0.8234334E+01, 0.5027354E+01, 0.4338040E+01,
 0.3300000E+01, 0.8315854E+01, 0.8240804E+01, 0.5028960E+01, 0.4339303E+01,
 0.3302000E+01, 0.8323159E+01, 0.8247282E+01, 0.5030567E+01, 0.4340568E+01,
 0.3304000E+01, 0.8330475E+01, 0.8253768E+01, 0.5032176E+01, 0.4341833E+01,
 0.3306000E+01, 0.8337802E+01, 0.8260262E+01, 0.5033786E+01, 0.4343098E+01,
 0.3308000E+01, 0.8345140E+01, 0.8266765E+01, 0.5035398E+01, 0.4344365E+01,
 0.3310000E+01, 0.8352489E+01, 0.8273274E+01, 0.5037012E+01, 0.4345632E+01,
 0.3312000E+01, 0.8359848E+01, 0.8279792E+01, 0.5038626E+01, 0.4346900E+01,
 0.3314000E+01, 0.8367218E+01, 0.8286318E+01, 0.5040243E+01, 0.4348168E+01,
 0.3316000E+01, 0.8374599E+01, 0.8292851E+01, 0.5041861E+01, 0.4349438E+01,
 0.3318000E+01, 0.8381992E+01, 0.8299393E+01, 0.5043480E+01, 0.4350708E+01,
 0.3320000E+01, 0.8389395E+01, 0.8305943E+01, 0.5045101E+01, 0.4351979E+01,
 0.3322000E+01, 0.8396810E+01, 0.8312500E+01, 0.5046723E+01, 0.4353251E+01,
 0.3324000E+01, 0.8404235E+01, 0.8319065E+01, 0.5048347E+01, 0.4354523E+01,
 0.3326000E+01, 0.8411671E+01, 0.8325639E+01, 0.5049972E+01, 0.4355796E+01,
 0.3328000E+01, 0.8419118E+01, 0.8332220E+01, 0.5051599E+01, 0.4357070E+01,
 0.3330000E+01, 0.8426576E+01, 0.8338810E+01, 0.5053227E+01, 0.4358345E+01,
 0.3332000E+01, 0.8434045E+01, 0.8345407E+01, 0.5054857E+01, 0.4359621E+01,
 0.3334000E+01, 0.8441525E+01, 0.8352013E+01, 0.5056488E+01, 0.4360897E+01,
 0.3336000E+01, 0.8449017E+01, 0.8358626E+01, 0.5058121E+01, 0.4362174E+01,
 0.3338000E+01, 0.8456519E+01, 0.8365248E+01, 0.5059755E+01, 0.4363452E+01,
 0.3340000E+01, 0.8464032E+01, 0.8371878E+01, 0.5061391E+01, 0.4364730E+01,
 0.3342000E+01, 0.8471558E+01, 0.8378515E+01, 0.5063028E+01, 0.4366010E+01,
 0.3344000E+01, 0.8479093E+01, 0.8385161E+01, 0.5064667E+01, 0.4367290E+01,
 0.3346000E+01, 0.8486640E+01, 0.8391815E+01, 0.5066308E+01, 0.4368571E+01,
 0.3348000E+01, 0.8494198E+01, 0.8398478E+01, 0.5067949E+01, 0.4369853E+01,
 0.3350000E+01, 0.8501767E+01, 0.8405148E+01, 0.5069593E+01, 0.4371135E+01,
 0.3352000E+01, 0.8509348E+01, 0.8411826E+01, 0.5071238E+01, 0.4372419E+01,
 0.3354000E+01, 0.8516940E+01, 0.8418512E+01, 0.5072885E+01, 0.4373703E+01,
 0.3356000E+01, 0.8524543E+01, 0.8425207E+01, 0.5074533E+01, 0.4374988E+01,
 0.3358000E+01, 0.8532157E+01, 0.8431910E+01, 0.5076182E+01, 0.4376274E+01,
 0.3360000E+01, 0.8539783E+01, 0.8438621E+01, 0.5077833E+01, 0.4377560E+01,
 0.3362000E+01, 0.8547420E+01, 0.8445339E+01, 0.5079486E+01, 0.4378848E+01,
 0.3364000E+01, 0.8555068E+01, 0.8452066E+01, 0.5081140E+01, 0.4380136E+01,
 0.3366000E+01, 0.8562728E+01, 0.8458802E+01, 0.5082796E+01, 0.4381424E+01,
 0.3368000E+01, 0.8570398E+01, 0.8465546E+01, 0.5084453E+01, 0.4382714E+01,
 0.3370000E+01, 0.8578081E+01, 0.8472297E+01, 0.5086111E+01, 0.4384005E+01,
 0.3372000E+01, 0.8585774E+01, 0.8479057E+01, 0.5087771E+01, 0.4385296E+01,
 0.3374000E+01, 0.8593479E+01, 0.8485826E+01, 0.5089433E+01, 0.4386589E+01,
 0.3376000E+01, 0.8601196E+01, 0.8492601E+01, 0.5091096E+01, 0.4387882E+01,
 0.3378000E+01, 0.8608924E+01, 0.8499387E+01, 0.5092761E+01, 0.4389176E+01,
 0.3380000E+01, 0.8616664E+01, 0.8506179E+01, 0.5094427E+01, 0.4390471E+01,
 0.3382000E+01, 0.8624414E+01, 0.8512980E+01, 0.5096094E+01, 0.4391768E+01,
 0.3384000E+01, 0.8632176E+01, 0.8519790E+01, 0.5097763E+01, 0.4393064E+01,
 0.3386000E+01, 0.8639951E+01, 0.8526608E+01, 0.5099433E+01, 0.4394363E+01,
 0.3388000E+01, 0.8647736E+01, 0.8533434E+01, 0.5101105E+01, 0.4395662E+01,
 0.3390000E+01, 0.8655533E+01, 0.8540268E+01, 0.5102777E+01, 0.4396962E+01,
 0.3392000E+01, 0.8663342E+01, 0.8547111E+01, 0.5104452E+01, 0.4398263E+01,
 0.3394000E+01, 0.8671162E+01, 0.8553961E+01, 0.5106127E+01, 0.4399565E+01,
 0.3396000E+01, 0.8678993E+01, 0.8560821E+01, 0.5107804E+01, 0.4400868E+01,
 0.3398000E+01, 0.8686836E+01, 0.8567688E+01, 0.5109482E+01, 0.4402173E+01,
 0.3400000E+01, 0.8694692E+01, 0.8574564E+01, 0.5111161E+01, 0.4403479E+01,
 0.3402000E+01, 0.8702559E+01, 0.8581449E+01, 0.5112842E+01, 0.4404785E+01,
 0.3404000E+01, 0.8710437E+01, 0.8588341E+01, 0.5114524E+01, 0.4406093E+01,
 0.3406000E+01, 0.8718327E+01, 0.8595242E+01, 0.5116207E+01, 0.4407403E+01,
 0.3408000E+01, 0.8726228E+01, 0.8602151E+01, 0.5117891E+01, 0.4408712E+01,
 0.3410000E+01, 0.8734141E+01, 0.8609069E+01, 0.5119576E+01, 0.4410024E+01,
 0.3412000E+01, 0.8742066E+01, 0.8615995E+01, 0.5121263E+01, 0.4411336E+01,
 0.3414000E+01, 0.8750004E+01, 0.8622930E+01, 0.5122951E+01, 0.4412651E+01,
 0.3416000E+01, 0.8757952E+01, 0.8629872E+01, 0.5124640E+01, 0.4413966E+01,
 0.3418000E+01, 0.8765912E+01, 0.8636825E+01, 0.5126330E+01, 0.4415282E+01,
 0.3420000E+01, 0.8773885E+01, 0.8643785E+01, 0.5128022E+01, 0.4416599E+01,
 0.3422000E+01, 0.8781869E+01, 0.8650752E+01, 0.5129714E+01, 0.4417918E+01,
 0.3424000E+01, 0.8789865E+01, 0.8657729E+01, 0.5131408E+01, 0.4419238E+01,
 0.3426000E+01, 0.8797873E+01, 0.8664715E+01, 0.5133103E+01, 0.4420559E+01,
 0.3428000E+01, 0.8805892E+01, 0.8671708E+01, 0.5134799E+01, 0.4421881E+01,
 0.3430000E+01, 0.8813924E+01, 0.8678711E+01, 0.5136497E+01, 0.4423204E+01,
 0.3432000E+01, 0.8821967E+01, 0.8685721E+01, 0.5138196E+01, 0.4424529E+01,
 0.3434000E+01, 0.8830023E+01, 0.8692740E+01, 0.5139895E+01, 0.4425855E+01,
 0.3436000E+01, 0.8838090E+01, 0.8699768E+01, 0.5141596E+01, 0.4427182E+01,
 0.3438000E+01, 0.8846169E+01, 0.8706805E+01, 0.5143299E+01, 0.4428510E+01,
 0.3440000E+01, 0.8854260E+01, 0.8713850E+01, 0.5145002E+01, 0.4429840E+01,
 0.3442000E+01, 0.8862364E+01, 0.8720903E+01, 0.5146707E+01, 0.4431170E+01,
 0.3444000E+01, 0.8870479E+01, 0.8727965E+01, 0.5148413E+01, 0.4432502E+01,
 0.3446000E+01, 0.8878607E+01, 0.8735036E+01, 0.5150120E+01, 0.4433835E+01,
 0.3448000E+01, 0.8886745E+01, 0.8742115E+01, 0.5151829E+01, 0.4435169E+01,
 0.3450000E+01, 0.8894897E+01, 0.8749203E+01, 0.5153538E+01, 0.4436504E+01,
 0.3452000E+01, 0.8903061E+01, 0.8756299E+01, 0.5155250E+01, 0.4437841E+01,
 0.3454000E+01, 0.8911237E+01, 0.8763404E+01, 0.5156962E+01, 0.4439178E+01,
 0.3456000E+01, 0.8919424E+01, 0.8770517E+01, 0.5158676E+01, 0.4440517E+01,
 0.3458000E+01, 0.8927625E+01, 0.8777640E+01, 0.5160390E+01, 0.4441857E+01,
 0.3460000E+01, 0.8935837E+01, 0.8784771E+01, 0.5162107E+01, 0.4443198E+01,
 0.3462000E+01, 0.8944061E+01, 0.8791910E+01, 0.5163824E+01, 0.4444541E+01,
 0.3464000E+01, 0.8952297E+01, 0.8799059E+01, 0.5165543E+01, 0.4445884E+01,
 0.3466000E+01, 0.8960546E+01, 0.8806216E+01, 0.5167263E+01, 0.4447228E+01,
 0.3468000E+01, 0.8968807E+01, 0.8813381E+01, 0.5168984E+01, 0.4448574E+01,
 0.3470000E+01, 0.8977080E+01, 0.8820556E+01, 0.5170707E+01, 0.4449921E+01,
 0.3472000E+01, 0.8985366E+01, 0.8827739E+01, 0.5172431E+01, 0.4451269E+01,
 0.3474000E+01, 0.8993664E+01, 0.8834930E+01, 0.5174157E+01, 0.4452618E+01,
 0.3476000E+01, 0.9001974E+01, 0.8842132E+01, 0.5175883E+01, 0.4453968E+01,
 0.3478000E+01, 0.9010296E+01, 0.8849340E+01, 0.5177612E+01, 0.4455319E+01,
 0.3480000E+01, 0.9018631E+01, 0.8856559E+01, 0.5179341E+01, 0.4456671E+01,
 0.3482000E+01, 0.9026978E+01, 0.8863786E+01, 0.5181072E+01, 0.4458025E+01,
 0.3484000E+01, 0.9035337E+01, 0.8871021E+01, 0.5182805E+01, 0.4459379E+01,
 0.3486000E+01, 0.9043710E+01, 0.8878266E+01, 0.5184538E+01, 0.4460735E+01,
 0.3488000E+01, 0.9052094E+01, 0.8885519E+01, 0.5186273E+01, 0.4462091E+01,
 0.3490000E+01, 0.9060491E+01, 0.8892781E+01, 0.5188010E+01, 0.4463449E+01,
 0.3492000E+01, 0.9068900E+01, 0.8900052E+01, 0.5189747E+01, 0.4464808E+01,
 0.3494000E+01, 0.9077322E+01, 0.8907332E+01, 0.5191487E+01, 0.4466168E+01,
 0.3496000E+01, 0.9085756E+01, 0.8914620E+01, 0.5193227E+01, 0.4467529E+01,
 0.3498000E+01, 0.9094203E+01, 0.8921918E+01, 0.5194970E+01, 0.4468892E+01,
 0.3500000E+01, 0.9102662E+01, 0.8929225E+01, 0.5196713E+01, 0.4470255E+01,
 0.3500000E+01, 0.9102662E+01, 0.8929225E+01, 0.5196713E+01, 0.4470255E+01,
 0.3502000E+01, 0.9111134E+01, 0.8936540E+01, 0.5198458E+01, 0.4471619E+01,
 0.3504000E+01, 0.9119618E+01, 0.8943864E+01, 0.5200204E+01, 0.4472984E+01,
 0.3506000E+01, 0.9128116E+01, 0.8951198E+01, 0.5201952E+01, 0.4474351E+01,
 0.3508000E+01, 0.9136624E+01, 0.8958540E+01, 0.5203701E+01, 0.4475718E+01,
 0.3510000E+01, 0.9145147E+01, 0.8965891E+01, 0.5205452E+01, 0.4477087E+01,
 0.3512000E+01, 0.9153682E+01, 0.8973250E+01, 0.5207205E+01, 0.4478456E+01,
 0.3514000E+01, 0.9162230E+01, 0.8980619E+01, 0.5208959E+01, 0.4479827E+01,
 0.3516000E+01, 0.9170790E+01, 0.8987997E+01, 0.5210714E+01, 0.4481199E+01,
 0.3518000E+01, 0.9179362E+01, 0.8995384E+01, 0.5212471E+01, 0.4482572E+01,
 0.3520000E+01, 0.9187948E+01, 0.9002780E+01, 0.5214229E+01, 0.4483945E+01,
 0.3522000E+01, 0.9196547E+01, 0.9010185E+01, 0.5215989E+01, 0.4485320E+01,
 0.3524000E+01, 0.9205158E+01, 0.9017599E+01, 0.5217750E+01, 0.4486696E+01,
 0.3526000E+01, 0.9213781E+01, 0.9025023E+01, 0.5219512E+01, 0.4488073E+01,
 0.3528000E+01, 0.9222419E+01, 0.9032454E+01, 0.5221277E+01, 0.4489450E+01,
 0.3530000E+01, 0.9231069E+01, 0.9039895E+01, 0.5223043E+01, 0.4490829E+01,
 0.3532000E+01, 0.9239731E+01, 0.9047346E+01, 0.5224810E+01, 0.4492209E+01,
 0.3534000E+01, 0.9248405E+01, 0.9054805E+01, 0.5226579E+01, 0.4493590E+01,
 0.3536000E+01, 0.9257094E+01, 0.9062274E+01, 0.5228350E+01, 0.4494973E+01,
 0.3538000E+01, 0.9265795E+01, 0.9069751E+01, 0.5230122E+01, 0.4496356E+01,
 0.3540000E+01, 0.9274509E+01, 0.9077238E+01, 0.5231895E+01, 0.4497740E+01,
 0.3542000E+01, 0.9283236E+01, 0.9084734E+01, 0.5233670E+01, 0.4499125E+01,
 0.3544000E+01, 0.9291976E+01, 0.9092238E+01, 0.5235447E+01, 0.4500511E+01,
 0.3546000E+01, 0.9300729E+01, 0.9099752E+01, 0.5237226E+01, 0.4501898E+01,
 0.3548000E+01, 0.9309494E+01, 0.9107276E+01, 0.5239006E+01, 0.4503286E+01,
 0.3550000E+01, 0.9318274E+01, 0.9114808E+01, 0.5240787E+01, 0.4504675E+01,
 0.3552000E+01, 0.9327065E+01, 0.9122350E+01, 0.5242570E+01, 0.4506065E+01,
 0.3554000E+01, 0.9335870E+01, 0.9129901E+01, 0.5244355E+01, 0.4507456E+01,
 0.3556000E+01, 0.9344688E+01, 0.9137462E+01, 0.5246141E+01, 0.4508848E+01,
 0.3558000E+01, 0.9353519E+01, 0.9145031E+01, 0.5247929E+01, 0.4510242E+01,
 0.3560000E+01, 0.9362364E+01, 0.9152609E+01, 0.5249718E+01, 0.4511635E+01,
 0.3562000E+01, 0.9371221E+01, 0.9160197E+01, 0.5251510E+01, 0.4513031E+01,
 0.3564000E+01, 0.9380092E+01, 0.9167794E+01, 0.5253302E+01, 0.4514427E+01,
 0.3566000E+01, 0.9388975E+01, 0.9175401E+01, 0.5255097E+01, 0.4515824E+01,
 0.3568000E+01, 0.9397872E+01, 0.9183017E+01, 0.5256893E+01, 0.4517221E+01,
 0.3570000E+01, 0.9406782E+01, 0.9190641E+01, 0.5258690E+01, 0.4518621E+01,
 0.3572000E+01, 0.9415705E+01, 0.9198276E+01, 0.5260490E+01, 0.4520021E+01,
 0.3574000E+01, 0.9424642E+01, 0.9205919E+01, 0.5262291E+01, 0.4521422E+01,
 0.3576000E+01, 0.9433592E+01, 0.9213573E+01, 0.5264093E+01, 0.4522824E+01,
 0.3578000E+01, 0.9442554E+01, 0.9221235E+01, 0.5265898E+01, 0.4524227E+01,
 0.3580000E+01, 0.9451531E+01, 0.9228907E+01, 0.5267704E+01, 0.4525631E+01,
 0.3582000E+01, 0.9460521E+01, 0.9236588E+01, 0.5269511E+01, 0.4527036E+01,
 0.3584000E+01, 0.9469524E+01, 0.9244278E+01, 0.5271320E+01, 0.4528442E+01,
 0.3586000E+01, 0.9478540E+01, 0.9251978E+01, 0.5273131E+01, 0.4529849E+01,
 0.3588000E+01, 0.9487571E+01, 0.9259687E+01, 0.5274944E+01, 0.4531257E+01,
 0.3590000E+01, 0.9496614E+01, 0.9267406E+01, 0.5276758E+01, 0.4532666E+01,
 0.3592000E+01, 0.9505671E+01, 0.9275134E+01, 0.5278574E+01, 0.4534076E+01,
 0.3594000E+01, 0.9514741E+01, 0.9282872E+01, 0.5280392E+01, 0.4535487E+01,
 0.3596000E+01, 0.9523824E+01, 0.9290619E+01, 0.5282211E+01, 0.4536899E+01,
 0.3598000E+01, 0.9532921E+01, 0.9298376E+01, 0.5284032E+01, 0.4538311E+01,
 0.3600000E+01, 0.9542032E+01, 0.9306142E+01, 0.5285855E+01, 0.4539725E+01,
 0.3602000E+01, 0.9551156E+01, 0.9313917E+01, 0.5287680E+01, 0.4541140E+01,
 0.3604000E+01, 0.9560294E+01, 0.9321702E+01, 0.5289506E+01, 0.4542556E+01,
 0.3606000E+01, 0.9569445E+01, 0.9329497E+01, 0.5291334E+01, 0.4543973E+01,
 0.3608000E+01, 0.9578609E+01, 0.9337301E+01, 0.5293163E+01, 0.4545391E+01,
 0.3610000E+01, 0.9587789E+01, 0.9345115E+01, 0.5294995E+01, 0.4546810E+01,
 0.3612000E+01, 0.9596980E+01, 0.9352938E+01, 0.5296828E+01, 0.4548229E+01,
 0.3614000E+01, 0.9606186E+01, 0.9360770E+01, 0.5298662E+01, 0.4549650E+01,
 0.3616000E+01, 0.9615406E+01, 0.9368612E+01, 0.5300499E+01, 0.4551072E+01,
 0.3618000E+01, 0.9624639E+01, 0.9376465E+01, 0.5302337E+01, 0.4552495E+01,
 0.3620000E+01, 0.9633885E+01, 0.9384326E+01, 0.5304177E+01, 0.4553919E+01,
 0.3622000E+01, 0.9643146E+01, 0.9392197E+01, 0.5306018E+01, 0.4555344E+01,
 0.3624000E+01, 0.9652420E+01, 0.9400078E+01, 0.5307861E+01, 0.4556769E+01,
 0.3626000E+01, 0.9661708E+01, 0.9407968E+01, 0.5309707E+01, 0.4558196E+01,
 0.3628000E+01, 0.9671010E+01, 0.9415868E+01, 0.5311553E+01, 0.4559624E+01,
 0.3630000E+01, 0.9680326E+01, 0.9423778E+01, 0.5313402E+01, 0.4561053E+01,
 0.3632000E+01, 0.9689655E+01, 0.9431697E+01, 0.5315251E+01, 0.4562483E+01,
 0.3634000E+01, 0.9698998E+01, 0.9439626E+01, 0.5317103E+01, 0.4563914E+01,
 0.3636000E+01, 0.9708356E+01, 0.9447564E+01, 0.5318956E+01, 0.4565347E+01,
 0.3638000E+01, 0.9717727E+01, 0.9455512E+01, 0.5320811E+01, 0.4566780E+01,
 0.3640000E+01, 0.9727112E+01, 0.9463470E+01, 0.5322668E+01, 0.4568214E+01,
 0.3642000E+01, 0.9736510E+01, 0.9471438E+01, 0.5324526E+01, 0.4569650E+01,
 0.3644000E+01, 0.9745923E+01, 0.9479416E+01, 0.5326386E+01, 0.4571087E+01,
 0.3646000E+01, 0.9755350E+01, 0.9487403E+01, 0.5328248E+01, 0.4572525E+01,
 0.3648000E+01, 0.9764791E+01, 0.9495399E+01, 0.5330111E+01, 0.4573964E+01,
 0.3650000E+01, 0.9774246E+01, 0.9503407E+01, 0.5331975E+01, 0.4575404E+01,
 0.3652000E+01, 0.9783714E+01, 0.9511423E+01, 0.5333842E+01, 0.4576845E+01,
 0.3654000E+01, 0.9793198E+01, 0.9519449E+01, 0.5335710E+01, 0.4578288E+01,
 0.3656000E+01, 0.9802694E+01, 0.9527485E+01, 0.5337579E+01, 0.4579731E+01,
 0.3658000E+01, 0.9812205E+01, 0.9535531E+01, 0.5339450E+01, 0.4581176E+01,
 0.3660000E+01, 0.9821731E+01, 0.9543587E+01, 0.5341323E+01, 0.4582623E+01,
 0.3662000E+01, 0.9831269E+01, 0.9551652E+01, 0.5343197E+01, 0.4584070E+01,
 0.3664000E+01, 0.9840823E+01, 0.9559728E+01, 0.5345073E+01, 0.4585518E+01,
 0.3666000E+01, 0.9850390E+01, 0.9567813E+01, 0.5346950E+01, 0.4586968E+01,
 0.3668000E+01, 0.9859972E+01, 0.9575908E+01, 0.5348829E+01, 0.4588419E+01,
 0.3670000E+01, 0.9869568E+01, 0.9584012E+01, 0.5350709E+01, 0.4589871E+01,
 0.3672000E+01, 0.9879178E+01, 0.9592127E+01, 0.5352592E+01, 0.4591325E+01,
 0.3674000E+01, 0.9888803E+01, 0.9600252E+01, 0.5354475E+01, 0.4592780E+01,
 0.3676000E+01, 0.9898441E+01, 0.9608387E+01, 0.5356360E+01, 0.4594235E+01,
 0.3678000E+01, 0.9908094E+01, 0.9616531E+01, 0.5358247E+01, 0.4595692E+01,
 0.3680000E+01, 0.9917762E+01, 0.9624685E+01, 0.5360136E+01, 0.4597151E+01,
 0.3682000E+01, 0.9927443E+01, 0.9632851E+01, 0.5362026E+01, 0.4598610E+01,
 0.3684000E+01, 0.9937139E+01, 0.9641025E+01, 0.5363917E+01, 0.4600071E+01,
 0.3686000E+01, 0.9946849E+01, 0.9649209E+01, 0.5365810E+01, 0.4601533E+01,
 0.3688000E+01, 0.9956573E+01, 0.9657403E+01, 0.5367705E+01, 0.4602996E+01,
 0.3690000E+01, 0.9966312E+01, 0.9665607E+01, 0.5369601E+01, 0.4604460E+01,
 0.3692000E+01, 0.9976066E+01, 0.9673822E+01, 0.5371500E+01, 0.4605926E+01,
 0.3694000E+01, 0.9985834E+01, 0.9682047E+01, 0.5373399E+01, 0.4607393E+01,
 0.3696000E+01, 0.9995616E+01, 0.9690281E+01, 0.5375300E+01, 0.4608860E+01,
 0.3698000E+01, 0.1000541E+02, 0.9698525E+01, 0.5377203E+01, 0.4610330E+01,
 0.3700000E+01, 0.1001522E+02, 0.9706780E+01, 0.5379107E+01, 0.4611800E+01,
 0.3702000E+01, 0.1002505E+02, 0.9715045E+01, 0.5381013E+01, 0.4613272E+01,
 0.3704000E+01, 0.1003489E+02, 0.9723320E+01, 0.5382920E+01, 0.4614745E+01,
 0.3706000E+01, 0.1004475E+02, 0.9731605E+01, 0.5384830E+01, 0.4616219E+01,
 0.3708000E+01, 0.1005462E+02, 0.9739900E+01, 0.5386740E+01, 0.4617694E+01,
 0.3710000E+01, 0.1006450E+02, 0.9748205E+01, 0.5388653E+01, 0.4619171E+01,
 0.3712000E+01, 0.1007440E+02, 0.9756520E+01, 0.5390567E+01, 0.4620648E+01,
 0.3714000E+01, 0.1008431E+02, 0.9764846E+01, 0.5392483E+01, 0.4622127E+01,
 0.3716000E+01, 0.1009424E+02, 0.9773181E+01, 0.5394400E+01, 0.4623607E+01,
 0.3718000E+01, 0.1010418E+02, 0.9781528E+01, 0.5396319E+01, 0.4625088E+01,
 0.3720000E+01, 0.1011414E+02, 0.9789883E+01, 0.5398240E+01, 0.4626571E+01,
 0.3722000E+01, 0.1012411E+02, 0.9798249E+01, 0.5400162E+01, 0.4628055E+01,
 0.3724000E+01, 0.1013410E+02, 0.9806626E+01, 0.5402085E+01, 0.4629539E+01,
 0.3726000E+01, 0.1014410E+02, 0.9815013E+01, 0.5404011E+01, 0.4631025E+01,
 0.3728000E+01, 0.1015412E+02, 0.9823410E+01, 0.5405938E+01, 0.4632513E+01,
 0.3730000E+01, 0.1016415E+02, 0.9831817E+01, 0.5407867E+01, 0.4634001E+01,
 0.3732000E+01, 0.1017419E+02, 0.9840235E+01, 0.5409798E+01, 0.4635491E+01,
 0.3734000E+01, 0.1018425E+02, 0.9848662E+01, 0.5411730E+01, 0.4636982E+01,
 0.3736000E+01, 0.1019433E+02, 0.9857100E+01, 0.5413664E+01, 0.4638474E+01,
 0.3738000E+01, 0.1020442E+02, 0.9865549E+01, 0.5415599E+01, 0.4639967E+01,
 0.3740000E+01, 0.1021453E+02, 0.9874008E+01, 0.5417536E+01, 0.4641461E+01,
 0.3742000E+01, 0.1022465E+02, 0.9882478E+01, 0.5419476E+01, 0.4642957E+01,
 0.3744000E+01, 0.1023478E+02, 0.9890957E+01, 0.5421416E+01, 0.4644454E+01,
 0.3746000E+01, 0.1024493E+02, 0.9899447E+01, 0.5423358E+01, 0.4645952E+01,
 0.3748000E+01, 0.1025510E+02, 0.9907948E+01, 0.5425303E+01, 0.4647451E+01,
 0.3750000E+01, 0.1026528E+02, 0.9916458E+01, 0.5427248E+01, 0.4648952E+01,
 0.3752000E+01, 0.1027547E+02, 0.9924979E+01, 0.5429195E+01, 0.4650453E+01,
 0.3754000E+01, 0.1028568E+02, 0.9933512E+01, 0.5431144E+01, 0.4651956E+01,
 0.3756000E+01, 0.1029591E+02, 0.9942054E+01, 0.5433095E+01, 0.4653460E+01,
 0.3758000E+01, 0.1030615E+02, 0.9950606E+01, 0.5435048E+01, 0.4654965E+01,
 0.3760000E+01, 0.1031641E+02, 0.9959169E+01, 0.5437002E+01, 0.4656471E+01,
 0.3762000E+01, 0.1032668E+02, 0.9967743E+01, 0.5438958E+01, 0.4657979E+01,
 0.3764000E+01, 0.1033696E+02, 0.9976328E+01, 0.5440916E+01, 0.4659487E+01,
 0.3766000E+01, 0.1034726E+02, 0.9984922E+01, 0.5442875E+01, 0.4660997E+01,
 0.3768000E+01, 0.1035758E+02, 0.9993527E+01, 0.5444836E+01, 0.4662508E+01,
 0.3770000E+01, 0.1036791E+02, 0.1000214E+02, 0.5446799E+01, 0.4664020E+01,
 0.3772000E+01, 0.1037826E+02, 0.1001077E+02, 0.5448764E+01, 0.4665534E+01,
 0.3774000E+01, 0.1038862E+02, 0.1001941E+02, 0.5450730E+01, 0.4667048E+01,
 0.3776000E+01, 0.1039900E+02, 0.1002806E+02, 0.5452698E+01, 0.4668564E+01,
 0.3778000E+01, 0.1040939E+02, 0.1003671E+02, 0.5454668E+01, 0.4670081E+01,
 0.3780000E+01, 0.1041980E+02, 0.1004538E+02, 0.5456640E+01, 0.4671599E+01,
 0.3782000E+01, 0.1043022E+02, 0.1005406E+02, 0.5458613E+01, 0.4673118E+01,
 0.3784000E+01, 0.1044066E+02, 0.1006275E+02, 0.5460588E+01, 0.4674638E+01,
 0.3786000E+01, 0.1045112E+02, 0.1007145E+02, 0.5462565E+01, 0.4676160E+01,
 0.3788000E+01, 0.1046159E+02, 0.1008016E+02, 0.5464544E+01, 0.4677682E+01,
 0.3790000E+01, 0.1047207E+02, 0.1008889E+02, 0.5466525E+01, 0.4679206E+01,
 0.3792000E+01, 0.1048257E+02, 0.1009762E+02, 0.5468507E+01, 0.4680731E+01,
 0.3794000E+01, 0.1049309E+02, 0.1010636E+02, 0.5470491E+01, 0.4682258E+01,
 0.3796000E+01, 0.1050362E+02, 0.1011512E+02, 0.5472477E+01, 0.4683785E+01,
 0.3798000E+01, 0.1051417E+02, 0.1012388E+02, 0.5474464E+01, 0.4685314E+01,
 0.3800000E+01, 0.1052473E+02, 0.1013266E+02, 0.5476454E+01, 0.4686843E+01,
 0.3802000E+01, 0.1053531E+02, 0.1014145E+02, 0.5478446E+01, 0.4688374E+01,
 0.3804000E+01, 0.1054590E+02, 0.1015025E+02, 0.5480438E+01, 0.4689906E+01,
 0.3806000E+01, 0.1055651E+02, 0.1015905E+02, 0.5482433E+01, 0.4691439E+01,
 0.3808000E+01, 0.1056713E+02, 0.1016787E+02, 0.5484430E+01, 0.4692974E+01,
 0.3810000E+01, 0.1057778E+02, 0.1017670E+02, 0.5486428E+01, 0.4694509E+01,
 0.3812000E+01, 0.1058843E+02, 0.1018554E+02, 0.5488429E+01, 0.4696046E+01,
 0.3814000E+01, 0.1059910E+02, 0.1019440E+02, 0.5490431E+01, 0.4697584E+01,
 0.3816000E+01, 0.1060979E+02, 0.1020326E+02, 0.5492435E+01, 0.4699122E+01,
 0.3818000E+01, 0.1062049E+02, 0.1021213E+02, 0.5494441E+01, 0.4700663E+01,
 0.3820000E+01, 0.1063121E+02, 0.1022102E+02, 0.5496448E+01, 0.4702204E+01,
 0.3822000E+01, 0.1064195E+02, 0.1022991E+02, 0.5498457E+01, 0.4703747E+01,
 0.3824000E+01, 0.1065270E+02, 0.1023882E+02, 0.5500469E+01, 0.4705290E+01,
 0.3826000E+01, 0.1066347E+02, 0.1024774E+02, 0.5502482E+01, 0.4706835E+01,
 0.3828000E+01, 0.1067425E+02, 0.1025667E+02, 0.5504497E+01, 0.4708381E+01,
 0.3830000E+01, 0.1068505E+02, 0.1026561E+02, 0.5506514E+01, 0.4709928E+01,
 0.3832000E+01, 0.1069586E+02, 0.1027456E+02, 0.5508532E+01, 0.4711476E+01,
 0.3834000E+01, 0.1070669E+02, 0.1028352E+02, 0.5510552E+01, 0.4713026E+01,
 0.3836000E+01, 0.1071754E+02, 0.1029249E+02, 0.5512575E+01, 0.4714577E+01,
 0.3838000E+01, 0.1072840E+02, 0.1030148E+02, 0.5514599E+01, 0.4716128E+01,
 0.3840000E+01, 0.1073928E+02, 0.1031047E+02, 0.5516625E+01, 0.4717681E+01,
 0.3842000E+01, 0.1075017E+02, 0.1031948E+02, 0.5518652E+01, 0.4719235E+01,
 0.3844000E+01, 0.1076108E+02, 0.1032849E+02, 0.5520682E+01, 0.4720791E+01,
 0.3846000E+01, 0.1077201E+02, 0.1033752E+02, 0.5522714E+01, 0.4722348E+01,
 0.3848000E+01, 0.1078295E+02, 0.1034656E+02, 0.5524747E+01, 0.4723906E+01,
 0.3850000E+01, 0.1079391E+02, 0.1035561E+02, 0.5526782E+01, 0.4725464E+01,
 0.3852000E+01, 0.1080488E+02, 0.1036467E+02, 0.5528819E+01, 0.4727025E+01,
 0.3854000E+01, 0.1081587E+02, 0.1037374E+02, 0.5530858E+01, 0.4728586E+01,
 0.3856000E+01, 0.1082688E+02, 0.1038283E+02, 0.5532898E+01, 0.4730149E+01,
 0.3858000E+01, 0.1083790E+02, 0.1039192E+02, 0.5534940E+01, 0.4731713E+01,
 0.3860000E+01, 0.1084894E+02, 0.1040103E+02, 0.5536984E+01, 0.4733278E+01,
 0.3862000E+01, 0.1085999E+02, 0.1041015E+02, 0.5539031E+01, 0.4734844E+01,
 0.3864000E+01, 0.1087107E+02, 0.1041927E+02, 0.5541078E+01, 0.4736412E+01,
 0.3866000E+01, 0.1088215E+02, 0.1042841E+02, 0.5543128E+01, 0.4737981E+01,
 0.3868000E+01, 0.1089326E+02, 0.1043756E+02, 0.5545179E+01, 0.4739551E+01,
 0.3870000E+01, 0.1090438E+02, 0.1044673E+02, 0.5547232E+01, 0.4741123E+01,
 0.3872000E+01, 0.1091551E+02, 0.1045590E+02, 0.5549287E+01, 0.4742695E+01,
 0.3874000E+01, 0.1092667E+02, 0.1046509E+02, 0.5551344E+01, 0.4744269E+01,
 0.3876000E+01, 0.1093784E+02, 0.1047428E+02, 0.5553402E+01, 0.4745845E+01,
 0.3878000E+01, 0.1094902E+02, 0.1048349E+02, 0.5555463E+01, 0.4747421E+01,
 0.3880000E+01, 0.1096022E+02, 0.1049271E+02, 0.5557525E+01, 0.4748999E+01,
 0.3882000E+01, 0.1097144E+02, 0.1050194E+02, 0.5559589E+01, 0.4750578E+01,
 0.3884000E+01, 0.1098268E+02, 0.1051118E+02, 0.5561655E+01, 0.4752158E+01,
 0.3886000E+01, 0.1099393E+02, 0.1052043E+02, 0.5563723E+01, 0.4753740E+01,
 0.3888000E+01, 0.1100519E+02, 0.1052970E+02, 0.5565792E+01, 0.4755323E+01,
 0.3890000E+01, 0.1101648E+02, 0.1053897E+02, 0.5567863E+01, 0.4756907E+01,
 0.3892000E+01, 0.1102778E+02, 0.1054826E+02, 0.5569936E+01, 0.4758492E+01,
 0.3894000E+01, 0.1103910E+02, 0.1055756E+02, 0.5572011E+01, 0.4760079E+01,
 0.3896000E+01, 0.1105043E+02, 0.1056687E+02, 0.5574088E+01, 0.4761667E+01,
 0.3898000E+01, 0.1106178E+02, 0.1057619E+02, 0.5576166E+01, 0.4763256E+01,
 0.3900000E+01, 0.1107315E+02, 0.1058552E+02, 0.5578246E+01, 0.4764847E+01,
 0.3902000E+01, 0.1108453E+02, 0.1059486E+02, 0.5580328E+01, 0.4766438E+01,
 0.3904000E+01, 0.1109593E+02, 0.1060422E+02, 0.5582412E+01, 0.4768032E+01,
 0.3906000E+01, 0.1110735E+02, 0.1061359E+02, 0.5584498E+01, 0.4769626E+01,
 0.3908000E+01, 0.1111878E+02, 0.1062297E+02, 0.5586586E+01, 0.4771222E+01,
 0.3910000E+01, 0.1113023E+02, 0.1063236E+02, 0.5588675E+01, 0.4772819E+01,
 0.3912000E+01, 0.1114170E+02, 0.1064176E+02, 0.5590766E+01, 0.4774417E+01,
 0.3914000E+01, 0.1115318E+02, 0.1065117E+02, 0.5592859E+01, 0.4776016E+01,
 0.3916000E+01, 0.1116468E+02, 0.1066060E+02, 0.5594954E+01, 0.4777617E+01,
 0.3918000E+01, 0.1117620E+02, 0.1067003E+02, 0.5597051E+01, 0.4779219E+01,
 0.3920000E+01, 0.1118773E+02, 0.1067948E+02, 0.5599150E+01, 0.4780822E+01,
 0.3922000E+01, 0.1119928E+02, 0.1068894E+02, 0.5601250E+01, 0.4782427E+01,
 0.3924000E+01, 0.1121085E+02, 0.1069842E+02, 0.5603352E+01, 0.4784033E+01,
 0.3926000E+01, 0.1122244E+02, 0.1070790E+02, 0.5605456E+01, 0.4785640E+01,
 0.3928000E+01, 0.1123404E+02, 0.1071739E+02, 0.5607562E+01, 0.4787248E+01,
 0.3930000E+01, 0.1124566E+02, 0.1072690E+02, 0.5609670E+01, 0.4788858E+01,
 0.3932000E+01, 0.1125729E+02, 0.1073642E+02, 0.5611780E+01, 0.4790469E+01,
 0.3934000E+01, 0.1126894E+02, 0.1074595E+02, 0.5613891E+01, 0.4792081E+01,
 0.3936000E+01, 0.1128061E+02, 0.1075549E+02, 0.5616004E+01, 0.4793694E+01,
 0.3938000E+01, 0.1129230E+02, 0.1076505E+02, 0.5618120E+01, 0.4795310E+01,
 0.3940000E+01, 0.1130400E+02, 0.1077461E+02, 0.5620236E+01, 0.4796926E+01,
 0.3942000E+01, 0.1131572E+02, 0.1078419E+02, 0.5622355E+01, 0.4798543E+01,
 0.3944000E+01, 0.1132746E+02, 0.1079378E+02, 0.5624476E+01, 0.4800161E+01,
 0.3946000E+01, 0.1133922E+02, 0.1080338E+02, 0.5626599E+01, 0.4801781E+01,
 0.3948000E+01, 0.1135099E+02, 0.1081300E+02, 0.5628723E+01, 0.4803402E+01,
 0.3950000E+01, 0.1136278E+02, 0.1082262E+02, 0.5630850E+01, 0.4805025E+01,
 0.3952000E+01, 0.1137458E+02, 0.1083226E+02, 0.5632978E+01, 0.4806649E+01,
 0.3954000E+01, 0.1138641E+02, 0.1084191E+02, 0.5635108E+01, 0.4808274E+01,
 0.3956000E+01, 0.1139825E+02, 0.1085157E+02, 0.5637240E+01, 0.4809900E+01,
 0.3958000E+01, 0.1141011E+02, 0.1086124E+02, 0.5639374E+01, 0.4811528E+01,
 0.3960000E+01, 0.1142198E+02, 0.1087093E+02, 0.5641510E+01, 0.4813157E+01,
 0.3962000E+01, 0.1143387E+02, 0.1088062E+02, 0.5643647E+01, 0.4814786E+01,
 0.3964000E+01, 0.1144578E+02, 0.1089033E+02, 0.5645787E+01, 0.4816418E+01,
 0.3966000E+01, 0.1145771E+02, 0.1090005E+02, 0.5647928E+01, 0.4818051E+01,
 0.3968000E+01, 0.1146965E+02, 0.1090979E+02, 0.5650072E+01, 0.4819685E+01,
 0.3970000E+01, 0.1148162E+02, 0.1091953E+02, 0.5652216E+01, 0.4821320E+01,
 0.3972000E+01, 0.1149359E+02, 0.1092929E+02, 0.5654364E+01, 0.4822957E+01,
 0.3974000E+01, 0.1150559E+02, 0.1093906E+02, 0.5656513E+01, 0.4824594E+01,
 0.3976000E+01, 0.1151760E+02, 0.1094884E+02, 0.5658663E+01, 0.4826233E+01,
 0.3978000E+01, 0.1152964E+02, 0.1095864E+02, 0.5660816E+01, 0.4827874E+01,
 0.3980000E+01, 0.1154169E+02, 0.1096844E+02, 0.5662971E+01, 0.4829515E+01,
 0.3982000E+01, 0.1155375E+02, 0.1097826E+02, 0.5665127E+01, 0.4831159E+01,
 0.3984000E+01, 0.1156583E+02, 0.1098809E+02, 0.5667286E+01, 0.4832803E+01,
 0.3986000E+01, 0.1157794E+02, 0.1099793E+02, 0.5669446E+01, 0.4834448E+01,
 0.3988000E+01, 0.1159006E+02, 0.1100779E+02, 0.5671608E+01, 0.4836095E+01,
 0.3990000E+01, 0.1160219E+02, 0.1101766E+02, 0.5673773E+01, 0.4837743E+01,
 0.3992000E+01, 0.1161435E+02, 0.1102754E+02, 0.5675939E+01, 0.4839392E+01,
 0.3994000E+01, 0.1162652E+02, 0.1103743E+02, 0.5678107E+01, 0.4841043E+01,
 0.3996000E+01, 0.1163871E+02, 0.1104733E+02, 0.5680277E+01, 0.4842695E+01,
 0.3998000E+01, 0.1165092E+02, 0.1105725E+02, 0.5682448E+01, 0.4844348E+01,
 0.4000000E+01, 0.1166314E+02, 0.1106718E+02, 0.5684622E+01, 0.4846003E+01,
 0.4002000E+01, 0.1167538E+02, 0.1107712E+02, 0.5686798E+01, 0.4847658E+01,
 0.4004000E+01, 0.1168764E+02, 0.1108707E+02, 0.5688976E+01, 0.4849315E+01,
 0.4006000E+01, 0.1169992E+02, 0.1109704E+02, 0.5691155E+01, 0.4850974E+01,
 0.4008000E+01, 0.1171222E+02, 0.1110702E+02, 0.5693336E+01, 0.4852633E+01,
 0.4010000E+01, 0.1172453E+02, 0.1111701E+02, 0.5695520E+01, 0.4854294E+01,
 0.4012000E+01, 0.1173686E+02, 0.1112701E+02, 0.5697705E+01, 0.4855957E+01,
 0.4014000E+01, 0.1174921E+02, 0.1113703E+02, 0.5699893E+01, 0.4857620E+01,
 0.4016000E+01, 0.1176158E+02, 0.1114705E+02, 0.5702082E+01, 0.4859284E+01,
 0.4018000E+01, 0.1177396E+02, 0.1115709E+02, 0.5704273E+01, 0.4860950E+01,
 0.4020000E+01, 0.1178637E+02, 0.1116715E+02, 0.5706466E+01, 0.4862618E+01,
 0.4022000E+01, 0.1179879E+02, 0.1117721E+02, 0.5708661E+01, 0.4864286E+01,
 0.4024000E+01, 0.1181123E+02, 0.1118729E+02, 0.5710858E+01, 0.4865956E+01,
 0.4026000E+01, 0.1182368E+02, 0.1119738E+02, 0.5713057E+01, 0.4867628E+01,
 0.4028000E+01, 0.1183616E+02, 0.1120749E+02, 0.5715258E+01, 0.4869300E+01,
 0.4030000E+01, 0.1184865E+02, 0.1121760E+02, 0.5717461E+01, 0.4870974E+01,
 0.4032000E+01, 0.1186117E+02, 0.1122773E+02, 0.5719665E+01, 0.4872649E+01,
 0.4034000E+01, 0.1187369E+02, 0.1123787E+02, 0.5721872E+01, 0.4874326E+01,
 0.4036000E+01, 0.1188624E+02, 0.1124803E+02, 0.5724080E+01, 0.4876004E+01,
 0.4038000E+01, 0.1189881E+02, 0.1125819E+02, 0.5726291E+01, 0.4877683E+01,
 0.4040000E+01, 0.1191139E+02, 0.1126837E+02, 0.5728503E+01, 0.4879363E+01,
 0.4042000E+01, 0.1192399E+02, 0.1127856E+02, 0.5730717E+01, 0.4881045E+01,
 0.4044000E+01, 0.1193661E+02, 0.1128877E+02, 0.5732934E+01, 0.4882728E+01,
 0.4046000E+01, 0.1194925E+02, 0.1129899E+02, 0.5735152E+01, 0.4884412E+01,
 0.4048000E+01, 0.1196191E+02, 0.1130922E+02, 0.5737372E+01, 0.4886098E+01,
 0.4050000E+01, 0.1197458E+02, 0.1131946E+02, 0.5739594E+01, 0.4887785E+01,
 0.4052000E+01, 0.1198728E+02, 0.1132971E+02, 0.5741818E+01, 0.4889473E+01,
 0.4054000E+01, 0.1199999E+02, 0.1133998E+02, 0.5744044E+01, 0.4891163E+01,
 0.4056000E+01, 0.1201272E+02, 0.1135026E+02, 0.5746272E+01, 0.4892854E+01,
 0.4058000E+01, 0.1202547E+02, 0.1136056E+02, 0.5748501E+01, 0.4894547E+01,
 0.4060000E+01, 0.1203823E+02, 0.1137086E+02, 0.5750733E+01, 0.4896241E+01,
 0.4062000E+01, 0.1205102E+02, 0.1138119E+02, 0.5752967E+01, 0.4897935E+01,
 0.4064000E+01, 0.1206382E+02, 0.1139152E+02, 0.5755202E+01, 0.4899632E+01,
 0.4066000E+01, 0.1207664E+02, 0.1140186E+02, 0.5757440E+01, 0.4901330E+01,
 0.4068000E+01, 0.1208948E+02, 0.1141222E+02, 0.5759679E+01, 0.4903029E+01,
 0.4070000E+01, 0.1210234E+02, 0.1142259E+02, 0.5761920E+01, 0.4904729E+01,
 0.4072000E+01, 0.1211522E+02, 0.1143298E+02, 0.5764164E+01, 0.4906431E+01,
 0.4074000E+01, 0.1212811E+02, 0.1144338E+02, 0.5766409E+01, 0.4908134E+01,
 0.4076000E+01, 0.1214103E+02, 0.1145379E+02, 0.5768656E+01, 0.4909839E+01,
 0.4078000E+01, 0.1215396E+02, 0.1146421E+02, 0.5770905E+01, 0.4911544E+01,
 0.4080000E+01, 0.1216691E+02, 0.1147465E+02, 0.5773157E+01, 0.4913251E+01,
 0.4082000E+01, 0.1217988E+02, 0.1148510E+02, 0.5775410E+01, 0.4914960E+01,
 0.4084000E+01, 0.1219287E+02, 0.1149556E+02, 0.5777665E+01, 0.4916670E+01,
 0.4086000E+01, 0.1220588E+02, 0.1150604E+02, 0.5779922E+01, 0.4918381E+01,
 0.4088000E+01, 0.1221891E+02, 0.1151653E+02, 0.5782180E+01, 0.4920094E+01,
 0.4090000E+01, 0.1223195E+02, 0.1152703E+02, 0.5784441E+01, 0.4921808E+01,
 0.4092000E+01, 0.1224501E+02, 0.1153754E+02, 0.5786704E+01, 0.4923523E+01,
 0.4094000E+01, 0.1225810E+02, 0.1154807E+02, 0.5788969E+01, 0.4925240E+01,
 0.4096000E+01, 0.1227120E+02, 0.1155861E+02, 0.5791235E+01, 0.4926958E+01,
 0.4098000E+01, 0.1228432E+02, 0.1156917E+02, 0.5793504E+01, 0.4928677E+01,
 0.4100000E+01, 0.1229746E+02, 0.1157974E+02, 0.5795775E+01, 0.4930398E+01,
 0.4102000E+01, 0.1231061E+02, 0.1159032E+02, 0.5798047E+01, 0.4932119E+01,
 0.4104000E+01, 0.1232379E+02, 0.1160091E+02, 0.5800322E+01, 0.4933843E+01,
 0.4106000E+01, 0.1233699E+02, 0.1161152E+02, 0.5802598E+01, 0.4935567E+01,
 0.4108000E+01, 0.1235020E+02, 0.1162214E+02, 0.5804877E+01, 0.4937294E+01,
 0.4110000E+01, 0.1236343E+02, 0.1163278E+02, 0.5807157E+01, 0.4939021E+01,
 0.4112000E+01, 0.1237669E+02, 0.1164343E+02, 0.5809440E+01, 0.4940750E+01,
 0.4114000E+01, 0.1238996E+02, 0.1165409E+02, 0.5811724E+01, 0.4942480E+01,
 0.4116000E+01, 0.1240325E+02, 0.1166477E+02, 0.5814010E+01, 0.4944211E+01,
 0.4118000E+01, 0.1241656E+02, 0.1167545E+02, 0.5816298E+01, 0.4945944E+01,
 0.4120000E+01, 0.1242989E+02, 0.1168616E+02, 0.5818589E+01, 0.4947679E+01,
 0.4122000E+01, 0.1244323E+02, 0.1169687E+02, 0.5820881E+01, 0.4949414E+01,
 0.4124000E+01, 0.1245660E+02, 0.1170760E+02, 0.5823175E+01, 0.4951151E+01,
 0.4126000E+01, 0.1246999E+02, 0.1171835E+02, 0.5825471E+01, 0.4952889E+01,
 0.4128000E+01, 0.1248339E+02, 0.1172910E+02, 0.5827769E+01, 0.4954629E+01,
 0.4130000E+01, 0.1249682E+02, 0.1173987E+02, 0.5830069E+01, 0.4956370E+01,
 0.4132000E+01, 0.1251026E+02, 0.1175066E+02, 0.5832371E+01, 0.4958112E+01,
 0.4134000E+01, 0.1252372E+02, 0.1176145E+02, 0.5834675E+01, 0.4959856E+01,
 0.4136000E+01, 0.1253720E+02, 0.1177227E+02, 0.5836981E+01, 0.4961601E+01,
 0.4138000E+01, 0.1255070E+02, 0.1178309E+02, 0.5839290E+01, 0.4963347E+01,
 0.4140000E+01, 0.1256423E+02, 0.1179393E+02, 0.5841599E+01, 0.4965095E+01,
 0.4142000E+01, 0.1257776E+02, 0.1180478E+02, 0.5843912E+01, 0.4966844E+01,
 0.4144000E+01, 0.1259132E+02, 0.1181565E+02, 0.5846225E+01, 0.4968595E+01,
 0.4146000E+01, 0.1260490E+02, 0.1182653E+02, 0.5848541E+01, 0.4970347E+01,
 0.4148000E+01, 0.1261850E+02, 0.1183742E+02, 0.5850859E+01, 0.4972100E+01,
 0.4150000E+01, 0.1263212E+02, 0.1184833E+02, 0.5853179E+01, 0.4973855E+01,
 0.4152000E+01, 0.1264575E+02, 0.1185925E+02, 0.5855501E+01, 0.4975611E+01,
 0.4154000E+01, 0.1265941E+02, 0.1187019E+02, 0.5857825E+01, 0.4977368E+01,
 0.4156000E+01, 0.1267309E+02, 0.1188113E+02, 0.5860151E+01, 0.4979126E+01,
 0.4158000E+01, 0.1268678E+02, 0.1189210E+02, 0.5862479E+01, 0.4980886E+01,
 0.4160000E+01, 0.1270050E+02, 0.1190308E+02, 0.5864809E+01, 0.4982648E+01,
 0.4162000E+01, 0.1271423E+02, 0.1191407E+02, 0.5867140E+01, 0.4984411E+01,
 0.4164000E+01, 0.1272799E+02, 0.1192507E+02, 0.5869474E+01, 0.4986175E+01,
 0.4166000E+01, 0.1274176E+02, 0.1193609E+02, 0.5871810E+01, 0.4987941E+01,
 0.4168000E+01, 0.1275555E+02, 0.1194712E+02, 0.5874148E+01, 0.4989707E+01,
 0.4170000E+01, 0.1276937E+02, 0.1195817E+02, 0.5876488E+01, 0.4991476E+01,
 0.4172000E+01, 0.1278320E+02, 0.1196923E+02, 0.5878830E+01, 0.4993246E+01,
 0.4174000E+01, 0.1279705E+02, 0.1198031E+02, 0.5881174E+01, 0.4995017E+01,
 0.4176000E+01, 0.1281092E+02, 0.1199140E+02, 0.5883520E+01, 0.4996789E+01,
 0.4178000E+01, 0.1282481E+02, 0.1200250E+02, 0.5885867E+01, 0.4998563E+01,
 0.4180000E+01, 0.1283873E+02, 0.1201362E+02, 0.5888217E+01, 0.5000338E+01,
 0.4182000E+01, 0.1285266E+02, 0.1202475E+02, 0.5890569E+01, 0.5002114E+01,
 0.4184000E+01, 0.1286661E+02, 0.1203590E+02, 0.5892923E+01, 0.5003892E+01,
 0.4186000E+01, 0.1288058E+02, 0.1204706E+02, 0.5895278E+01, 0.5005672E+01,
 0.4188000E+01, 0.1289457E+02, 0.1205823E+02, 0.5897636E+01, 0.5007452E+01,
 0.4190000E+01, 0.1290858E+02, 0.1206942E+02, 0.5899996E+01, 0.5009234E+01,
 0.4192000E+01, 0.1292262E+02, 0.1208063E+02, 0.5902358E+01, 0.5011018E+01,
 0.4194000E+01, 0.1293667E+02, 0.1209184E+02, 0.5904722E+01, 0.5012803E+01,
 0.4196000E+01, 0.1295074E+02, 0.1210308E+02, 0.5907088E+01, 0.5014589E+01,
 0.4198000E+01, 0.1296483E+02, 0.1211432E+02, 0.5909456E+01, 0.5016377E+01,
 0.4200000E+01, 0.1297894E+02, 0.1212558E+02, 0.5911826E+01, 0.5018166E+01,
 0.4202000E+01, 0.1299307E+02, 0.1213686E+02, 0.5914197E+01, 0.5019956E+01,
 0.4204000E+01, 0.1300722E+02, 0.1214815E+02, 0.5916571E+01, 0.5021748E+01,
 0.4206000E+01, 0.1302139E+02, 0.1215945E+02, 0.5918947E+01, 0.5023541E+01,
 0.4208000E+01, 0.1303558E+02, 0.1217077E+02, 0.5921325E+01, 0.5025336E+01,
 0.4210000E+01, 0.1304980E+02, 0.1218210E+02, 0.5923705E+01, 0.5027132E+01,
 0.4212000E+01, 0.1306403E+02, 0.1219345E+02, 0.5926087E+01, 0.5028929E+01,
 0.4214000E+01, 0.1307828E+02, 0.1220481E+02, 0.5928471E+01, 0.5030728E+01,
 0.4216000E+01, 0.1309255E+02, 0.1221619E+02, 0.5930857E+01, 0.5032528E+01,
 0.4218000E+01, 0.1310684E+02, 0.1222758E+02, 0.5933244E+01, 0.5034330E+01,
 0.4220000E+01, 0.1312116E+02, 0.1223899E+02, 0.5935634E+01, 0.5036133E+01,
 0.4222000E+01, 0.1313549E+02, 0.1225041E+02, 0.5938026E+01, 0.5037938E+01,
 0.4224000E+01, 0.1314984E+02, 0.1226184E+02, 0.5940420E+01, 0.5039743E+01,
 0.4226000E+01, 0.1316422E+02, 0.1227330E+02, 0.5942816E+01, 0.5041551E+01,
 0.4228000E+01, 0.1317861E+02, 0.1228476E+02, 0.5945214E+01, 0.5043360E+01,
 0.4230000E+01, 0.1319303E+02, 0.1229624E+02, 0.5947614E+01, 0.5045170E+01,
 0.4232000E+01, 0.1320746E+02, 0.1230773E+02, 0.5950016E+01, 0.5046981E+01,
 0.4234000E+01, 0.1322192E+02, 0.1231924E+02, 0.5952420E+01, 0.5048794E+01,
 0.4236000E+01, 0.1323639E+02, 0.1233077E+02, 0.5954825E+01, 0.5050609E+01,
 0.4238000E+01, 0.1325089E+02, 0.1234231E+02, 0.5957233E+01, 0.5052424E+01,
 0.4240000E+01, 0.1326541E+02, 0.1235386E+02, 0.5959643E+01, 0.5054241E+01,
 0.4242000E+01, 0.1327995E+02, 0.1236543E+02, 0.5962056E+01, 0.5056060E+01,
 0.4244000E+01, 0.1329450E+02, 0.1237701E+02, 0.5964469E+01, 0.5057880E+01,
 0.4246000E+01, 0.1330908E+02, 0.1238861E+02, 0.5966886E+01, 0.5059701E+01,
 0.4248000E+01, 0.1332368E+02, 0.1240023E+02, 0.5969304E+01, 0.5061524E+01,
 0.4250000E+01, 0.1333830E+02, 0.1241186E+02, 0.5971724E+01, 0.5063348E+01,
 0.4252000E+01, 0.1335294E+02, 0.1242350E+02, 0.5974145E+01, 0.5065174E+01,
 0.4254000E+01, 0.1336760E+02, 0.1243516E+02, 0.5976570E+01, 0.5067001E+01,
 0.4256000E+01, 0.1338229E+02, 0.1244683E+02, 0.5978996E+01, 0.5068830E+01,
 0.4258000E+01, 0.1339699E+02, 0.1245852E+02, 0.5981424E+01, 0.5070660E+01,
 0.4260000E+01, 0.1341171E+02, 0.1247023E+02, 0.5983854E+01, 0.5072491E+01,
 0.4262000E+01, 0.1342646E+02, 0.1248195E+02, 0.5986286E+01, 0.5074324E+01,
 0.4264000E+01, 0.1344123E+02, 0.1249368E+02, 0.5988720E+01, 0.5076158E+01,
 0.4266000E+01, 0.1345601E+02, 0.1250544E+02, 0.5991157E+01, 0.5077994E+01,
 0.4268000E+01, 0.1347082E+02, 0.1251720E+02, 0.5993595E+01, 0.5079831E+01,
 0.4270000E+01, 0.1348565E+02, 0.1252898E+02, 0.5996035E+01, 0.5081669E+01,
 0.4272000E+01, 0.1350050E+02, 0.1254078E+02, 0.5998477E+01, 0.5083509E+01,
 0.4274000E+01, 0.1351537E+02, 0.1255259E+02, 0.6000921E+01, 0.5085351E+01,
 0.4276000E+01, 0.1353026E+02, 0.1256442E+02, 0.6003368E+01, 0.5087193E+01,
 0.4278000E+01, 0.1354517E+02, 0.1257626E+02, 0.6005816E+01, 0.5089037E+01,
 0.4280000E+01, 0.1356010E+02, 0.1258812E+02, 0.6008266E+01, 0.5090883E+01,
 0.4282000E+01, 0.1357506E+02, 0.1260000E+02, 0.6010719E+01, 0.5092730E+01,
 0.4284000E+01, 0.1359003E+02, 0.1261189E+02, 0.6013173E+01, 0.5094578E+01,
 0.4286000E+01, 0.1360503E+02, 0.1262379E+02, 0.6015630E+01, 0.5096428E+01,
 0.4288000E+01, 0.1362005E+02, 0.1263571E+02, 0.6018088E+01, 0.5098279E+01,
 0.4290000E+01, 0.1363509E+02, 0.1264765E+02, 0.6020549E+01, 0.5100132E+01,
 0.4292000E+01, 0.1365015E+02, 0.1265960E+02, 0.6023011E+01, 0.5101986E+01,
 0.4294000E+01, 0.1366523E+02, 0.1267157E+02, 0.6025476E+01, 0.5103842E+01,
 0.4296000E+01, 0.1368033E+02, 0.1268355E+02, 0.6027942E+01, 0.5105699E+01,
 0.4298000E+01, 0.1369546E+02, 0.1269555E+02, 0.6030411E+01, 0.5107558E+01,
 0.4300000E+01, 0.1371060E+02, 0.1270757E+02, 0.6032882E+01, 0.5109417E+01,
 0.4302000E+01, 0.1372577E+02, 0.1271960E+02, 0.6035355E+01, 0.5111279E+01,
 0.4304000E+01, 0.1374096E+02, 0.1273165E+02, 0.6037829E+01, 0.5113142E+01,
 0.4306000E+01, 0.1375617E+02, 0.1274371E+02, 0.6040306E+01, 0.5115006E+01,
 0.4308000E+01, 0.1377140E+02, 0.1275579E+02, 0.6042785E+01, 0.5116872E+01,
 0.4310000E+01, 0.1378665E+02, 0.1276789E+02, 0.6045266E+01, 0.5118739E+01,
 0.4312000E+01, 0.1380193E+02, 0.1278000E+02, 0.6047749E+01, 0.5120607E+01,
 0.4314000E+01, 0.1381722E+02, 0.1279212E+02, 0.6050233E+01, 0.5122477E+01,
 0.4316000E+01, 0.1383254E+02, 0.1280427E+02, 0.6052721E+01, 0.5124349E+01,
 0.4318000E+01, 0.1384788E+02, 0.1281643E+02, 0.6055210E+01, 0.5126222E+01,
 0.4320000E+01, 0.1386324E+02, 0.1282860E+02, 0.6057701E+01, 0.5128096E+01,
 0.4322000E+01, 0.1387862E+02, 0.1284079E+02, 0.6060194E+01, 0.5129972E+01,
 0.4324000E+01, 0.1389403E+02, 0.1285300E+02, 0.6062689E+01, 0.5131849E+01,
 0.4326000E+01, 0.1390945E+02, 0.1286523E+02, 0.6065186E+01, 0.5133728E+01,
 0.4328000E+01, 0.1392490E+02, 0.1287747E+02, 0.6067685E+01, 0.5135608E+01,
 0.4330000E+01, 0.1394037E+02, 0.1288972E+02, 0.6070186E+01, 0.5137489E+01,
 0.4332000E+01, 0.1395586E+02, 0.1290199E+02, 0.6072690E+01, 0.5139372E+01,
 0.4334000E+01, 0.1397137E+02, 0.1291428E+02, 0.6075195E+01, 0.5141256E+01,
 0.4336000E+01, 0.1398691E+02, 0.1292659E+02, 0.6077702E+01, 0.5143143E+01,
 0.4338000E+01, 0.1400246E+02, 0.1293891E+02, 0.6080212E+01, 0.5145030E+01,
 0.4340000E+01, 0.1401804E+02, 0.1295125E+02, 0.6082723E+01, 0.5146919E+01,
 0.4342000E+01, 0.1403364E+02, 0.1296360E+02, 0.6085237E+01, 0.5148809E+01,
 0.4344000E+01, 0.1404926E+02, 0.1297597E+02, 0.6087752E+01, 0.5150701E+01,
 0.4346000E+01, 0.1406491E+02, 0.1298836E+02, 0.6090270E+01, 0.5152594E+01,
 0.4348000E+01, 0.1408057E+02, 0.1300077E+02, 0.6092789E+01, 0.5154489E+01,
 0.4350000E+01, 0.1409626E+02, 0.1301319E+02, 0.6095311E+01, 0.5156384E+01,
 0.4352000E+01, 0.1411197E+02, 0.1302562E+02, 0.6097835E+01, 0.5158282E+01,
 0.4354000E+01, 0.1412771E+02, 0.1303808E+02, 0.6100360E+01, 0.5160181E+01,
 0.4356000E+01, 0.1414346E+02, 0.1305055E+02, 0.6102888E+01, 0.5162082E+01,
 0.4358000E+01, 0.1415924E+02, 0.1306304E+02, 0.6105418E+01, 0.5163984E+01,
 0.4360000E+01, 0.1417504E+02, 0.1307554E+02, 0.6107950E+01, 0.5165887E+01,
 0.4362000E+01, 0.1419086E+02, 0.1308806E+02, 0.6110484E+01, 0.5167792E+01,
 0.4364000E+01, 0.1420670E+02, 0.1310060E+02, 0.6113019E+01, 0.5169698E+01,
 0.4366000E+01, 0.1422257E+02, 0.1311315E+02, 0.6115558E+01, 0.5171606E+01,
 0.4368000E+01, 0.1423846E+02, 0.1312572E+02, 0.6118098E+01, 0.5173515E+01,
 0.4370000E+01, 0.1425437E+02, 0.1313831E+02, 0.6120640E+01, 0.5175426E+01,
 0.4372000E+01, 0.1427030E+02, 0.1315092E+02, 0.6123184E+01, 0.5177339E+01,
 0.4374000E+01, 0.1428625E+02, 0.1316354E+02, 0.6125730E+01, 0.5179252E+01,
 0.4376000E+01, 0.1430223E+02, 0.1317618E+02, 0.6128278E+01, 0.5181167E+01,
 0.4378000E+01, 0.1431823E+02, 0.1318883E+02, 0.6130828E+01, 0.5183084E+01,
 0.4380000E+01, 0.1433425E+02, 0.1320151E+02, 0.6133381E+01, 0.5185002E+01,
 0.4382000E+01, 0.1435030E+02, 0.1321420E+02, 0.6135935E+01, 0.5186922E+01,
 0.4384000E+01, 0.1436637E+02, 0.1322690E+02, 0.6138492E+01, 0.5188843E+01,
 0.4386000E+01, 0.1438246E+02, 0.1323963E+02, 0.6141050E+01, 0.5190765E+01,
 0.4388000E+01, 0.1439857E+02, 0.1325237E+02, 0.6143610E+01, 0.5192689E+01,
 0.4390000E+01, 0.1441470E+02, 0.1326513E+02, 0.6146173E+01, 0.5194615E+01,
 0.4392000E+01, 0.1443086E+02, 0.1327791E+02, 0.6148737E+01, 0.5196542E+01,
 0.4394000E+01, 0.1444704E+02, 0.1329070E+02, 0.6151304E+01, 0.5198470E+01,
 0.4396000E+01, 0.1446325E+02, 0.1330351E+02, 0.6153873E+01, 0.5200400E+01,
 0.4398000E+01, 0.1447947E+02, 0.1331634E+02, 0.6156444E+01, 0.5202332E+01,
 0.4400000E+01, 0.1449572E+02, 0.1332919E+02, 0.6159017E+01, 0.5204265E+01,
 0.4402000E+01, 0.1451199E+02, 0.1334205E+02, 0.6161591E+01, 0.5206199E+01,
 0.4404000E+01, 0.1452829E+02, 0.1335493E+02, 0.6164168E+01, 0.5208135E+01,
 0.4406000E+01, 0.1454460E+02, 0.1336783E+02, 0.6166747E+01, 0.5210072E+01,
 0.4408000E+01, 0.1456094E+02, 0.1338074E+02, 0.6169328E+01, 0.5212011E+01,
 0.4410000E+01, 0.1457731E+02, 0.1339368E+02, 0.6171911E+01, 0.5213952E+01,
 0.4412000E+01, 0.1459369E+02, 0.1340663E+02, 0.6174496E+01, 0.5215893E+01,
 0.4414000E+01, 0.1461010E+02, 0.1341960E+02, 0.6177083E+01, 0.5217836E+01,
 0.4416000E+01, 0.1462654E+02, 0.1343258E+02, 0.6179673E+01, 0.5219781E+01,
 0.4418000E+01, 0.1464299E+02, 0.1344559E+02, 0.6182264E+01, 0.5221727E+01,
 0.4420000E+01, 0.1465947E+02, 0.1345861E+02, 0.6184857E+01, 0.5223675E+01,
 0.4422000E+01, 0.1467597E+02, 0.1347165E+02, 0.6187452E+01, 0.5225625E+01,
 0.4424000E+01, 0.1469249E+02, 0.1348471E+02, 0.6190050E+01, 0.5227575E+01,
 0.4426000E+01, 0.1470904E+02, 0.1349778E+02, 0.6192649E+01, 0.5229527E+01,
 0.4428000E+01, 0.1472561E+02, 0.1351087E+02, 0.6195251E+01, 0.5231481E+01,
 0.4430000E+01, 0.1474221E+02, 0.1352399E+02, 0.6197855E+01, 0.5233437E+01,
 0.4432000E+01, 0.1475882E+02, 0.1353712E+02, 0.6200460E+01, 0.5235393E+01,
 0.4434000E+01, 0.1477546E+02, 0.1355026E+02, 0.6203068E+01, 0.5237351E+01,
 0.4436000E+01, 0.1479213E+02, 0.1356343E+02, 0.6205678E+01, 0.5239311E+01,
 0.4438000E+01, 0.1480881E+02, 0.1357661E+02, 0.6208289E+01, 0.5241272E+01,
 0.4440000E+01, 0.1482553E+02, 0.1358981E+02, 0.6210903E+01, 0.5243235E+01,
 0.4442000E+01, 0.1484226E+02, 0.1360303E+02, 0.6213519E+01, 0.5245199E+01,
 0.4444000E+01, 0.1485902E+02, 0.1361627E+02, 0.6216137E+01, 0.5247165E+01,
 0.4446000E+01, 0.1487580E+02, 0.1362952E+02, 0.6218757E+01, 0.5249132E+01,
 0.4448000E+01, 0.1489260E+02, 0.1364280E+02, 0.6221379E+01, 0.5251101E+01,
 0.4450000E+01, 0.1490943E+02, 0.1365609E+02, 0.6224003E+01, 0.5253071E+01,
 0.4452000E+01, 0.1492628E+02, 0.1366940E+02, 0.6226629E+01, 0.5255043E+01,
 0.4454000E+01, 0.1494315E+02, 0.1368272E+02, 0.6229258E+01, 0.5257016E+01,
 0.4456000E+01, 0.1496005E+02, 0.1369607E+02, 0.6231888E+01, 0.5258990E+01,
 0.4458000E+01, 0.1497698E+02, 0.1370944E+02, 0.6234520E+01, 0.5260967E+01,
 0.4460000E+01, 0.1499392E+02, 0.1372282E+02, 0.6237154E+01, 0.5262944E+01,
 0.4462000E+01, 0.1501089E+02, 0.1373622E+02, 0.6239791E+01, 0.5264924E+01,
 0.4464000E+01, 0.1502788E+02, 0.1374964E+02, 0.6242430E+01, 0.5266904E+01,
 0.4466000E+01, 0.1504490E+02, 0.1376308E+02, 0.6245070E+01, 0.5268887E+01,
 0.4468000E+01, 0.1506194E+02, 0.1377654E+02, 0.6247713E+01, 0.5270870E+01,
 0.4470000E+01, 0.1507901E+02, 0.1379001E+02, 0.6250358E+01, 0.5272855E+01,
 0.4472000E+01, 0.1509609E+02, 0.1380351E+02, 0.6253004E+01, 0.5274842E+01,
 0.4474000E+01, 0.1511320E+02, 0.1381702E+02, 0.6255653E+01, 0.5276830E+01,
 0.4476000E+01, 0.1513034E+02, 0.1383055E+02, 0.6258304E+01, 0.5278820E+01,
 0.4478000E+01, 0.1514750E+02, 0.1384410E+02, 0.6260957E+01, 0.5280811E+01,
 0.4480000E+01, 0.1516469E+02, 0.1385767E+02, 0.6263612E+01, 0.5282804E+01,
 0.4482000E+01, 0.1518189E+02, 0.1387126E+02, 0.6266269E+01, 0.5284799E+01,
 0.4484000E+01, 0.1519912E+02, 0.1388486E+02, 0.6268928E+01, 0.5286795E+01,
 0.4486000E+01, 0.1521638E+02, 0.1389849E+02, 0.6271589E+01, 0.5288792E+01,
 0.4488000E+01, 0.1523366E+02, 0.1391213E+02, 0.6274252E+01, 0.5290791E+01,
 0.4490000E+01, 0.1525096E+02, 0.1392580E+02, 0.6276917E+01, 0.5292791E+01,
 0.4492000E+01, 0.1526829E+02, 0.1393948E+02, 0.6279585E+01, 0.5294793E+01,
 0.4494000E+01, 0.1528564E+02, 0.1395318E+02, 0.6282254E+01, 0.5296796E+01,
 0.4496000E+01, 0.1530302E+02, 0.1396690E+02, 0.6284925E+01, 0.5298801E+01,
 0.4498000E+01, 0.1532042E+02, 0.1398064E+02, 0.6287599E+01, 0.5300808E+01,
 0.4500000E+01, 0.1533785E+02, 0.1399440E+02, 0.6290275E+01, 0.5302816E+01,
 0.4502000E+01, 0.1535530E+02, 0.1400817E+02, 0.6292953E+01, 0.5304825E+01,
 0.4504000E+01, 0.1537277E+02, 0.1402197E+02, 0.6295632E+01, 0.5306837E+01,
 0.4506000E+01, 0.1539027E+02, 0.1403579E+02, 0.6298314E+01, 0.5308849E+01,
 0.4508000E+01, 0.1540779E+02, 0.1404962E+02, 0.6300997E+01, 0.5310863E+01,
 0.4510000E+01, 0.1542534E+02, 0.1406348E+02, 0.6303683E+01, 0.5312879E+01,
 0.4512000E+01, 0.1544291E+02, 0.1407735E+02, 0.6306371E+01, 0.5314896E+01,
 0.4514000E+01, 0.1546050E+02, 0.1409125E+02, 0.6309061E+01, 0.5316915E+01,
 0.4516000E+01, 0.1547812E+02, 0.1410516E+02, 0.6311753E+01, 0.5318935E+01,
 0.4518000E+01, 0.1549577E+02, 0.1411909E+02, 0.6314447E+01, 0.5320957E+01,
 0.4520000E+01, 0.1551344E+02, 0.1413304E+02, 0.6317143E+01, 0.5322980E+01,
 0.4522000E+01, 0.1553113E+02, 0.1414701E+02, 0.6319841E+01, 0.5325005E+01,
 0.4524000E+01, 0.1554885E+02, 0.1416101E+02, 0.6322542E+01, 0.5327032E+01,
 0.4526000E+01, 0.1556659E+02, 0.1417502E+02, 0.6325244E+01, 0.5329059E+01,
 0.4528000E+01, 0.1558436E+02, 0.1418905E+02, 0.6327948E+01, 0.5331089E+01,
 0.4530000E+01, 0.1560215E+02, 0.1420310E+02, 0.6330655E+01, 0.5333120E+01,
 0.4532000E+01, 0.1561997E+02, 0.1421717E+02, 0.6333363E+01, 0.5335152E+01,
 0.4534000E+01, 0.1563781E+02, 0.1423126E+02, 0.6336073E+01, 0.5337186E+01,
 0.4536000E+01, 0.1565568E+02, 0.1424537E+02, 0.6338786E+01, 0.5339222E+01,
 0.4538000E+01, 0.1567357E+02, 0.1425950E+02, 0.6341501E+01, 0.5341259E+01,
 0.4540000E+01, 0.1569149E+02, 0.1427365E+02, 0.6344217E+01, 0.5343298E+01,
 0.4542000E+01, 0.1570943E+02, 0.1428782E+02, 0.6346936E+01, 0.5345338E+01,
 0.4544000E+01, 0.1572739E+02, 0.1430200E+02, 0.6349657E+01, 0.5347380E+01,
 0.4546000E+01, 0.1574538E+02, 0.1431621E+02, 0.6352379E+01, 0.5349423E+01,
 0.4548000E+01, 0.1576340E+02, 0.1433044E+02, 0.6355104E+01, 0.5351468E+01,
 0.4550000E+01, 0.1578144E+02, 0.1434469E+02, 0.6357831E+01, 0.5353514E+01,
 0.4552000E+01, 0.1579951E+02, 0.1435896E+02, 0.6360560E+01, 0.5355562E+01,
 0.4554000E+01, 0.1581760E+02, 0.1437325E+02, 0.6363291E+01, 0.5357612E+01,
 0.4556000E+01, 0.1583572E+02, 0.1438756E+02, 0.6366024E+01, 0.5359663E+01,
 0.4558000E+01, 0.1585386E+02, 0.1440189E+02, 0.6368760E+01, 0.5361715E+01,
 0.4560000E+01, 0.1587202E+02, 0.1441625E+02, 0.6371497E+01, 0.5363770E+01,
 0.4562000E+01, 0.1589022E+02, 0.1443062E+02, 0.6374236E+01, 0.5365825E+01,
 0.4564000E+01, 0.1590843E+02, 0.1444501E+02, 0.6376977E+01, 0.5367883E+01,
 0.4566000E+01, 0.1592668E+02, 0.1445942E+02, 0.6379721E+01, 0.5369941E+01,
 0.4568000E+01, 0.1594494E+02, 0.1447385E+02, 0.6382466E+01, 0.5372002E+01,
 0.4570000E+01, 0.1596324E+02, 0.1448831E+02, 0.6385213E+01, 0.5374063E+01,
 0.4572000E+01, 0.1598156E+02, 0.1450278E+02, 0.6387963E+01, 0.5376127E+01,
 0.4574000E+01, 0.1599990E+02, 0.1451727E+02, 0.6390715E+01, 0.5378192E+01,
 0.4576000E+01, 0.1601827E+02, 0.1453179E+02, 0.6393468E+01, 0.5380259E+01,
 0.4578000E+01, 0.1603666E+02, 0.1454633E+02, 0.6396224E+01, 0.5382327E+01,
 0.4580000E+01, 0.1605508E+02, 0.1456088E+02, 0.6398982E+01, 0.5384397E+01,
 0.4582000E+01, 0.1607353E+02, 0.1457546E+02, 0.6401742E+01, 0.5386467E+01,
 0.4584000E+01, 0.1609200E+02, 0.1459006E+02, 0.6404503E+01, 0.5388540E+01,
 0.4586000E+01, 0.1611050E+02, 0.1460468E+02, 0.6407267E+01, 0.5390615E+01,
 0.4588000E+01, 0.1612902E+02, 0.1461932E+02, 0.6410033E+01, 0.5392691E+01,
 0.4590000E+01, 0.1614757E+02, 0.1463398E+02, 0.6412801E+01, 0.5394768E+01,
 0.4592000E+01, 0.1616614E+02, 0.1464866E+02, 0.6415571E+01, 0.5396847E+01,
 0.4594000E+01, 0.1618474E+02, 0.1466336E+02, 0.6418344E+01, 0.5398928E+01,
 0.4596000E+01, 0.1620336E+02, 0.1467808E+02, 0.6421117E+01, 0.5401010E+01,
 0.4598000E+01, 0.1622202E+02, 0.1469283E+02, 0.6423893E+01, 0.5403094E+01,
 0.4600000E+01, 0.1624069E+02, 0.1470759E+02, 0.6426672E+01, 0.5405179E+01,
 0.4602000E+01, 0.1625939E+02, 0.1472238E+02, 0.6429452E+01, 0.5407266E+01,
 0.4604000E+01, 0.1627812E+02, 0.1473719E+02, 0.6432235E+01, 0.5409354E+01,
 0.4606000E+01, 0.1629688E+02, 0.1475202E+02, 0.6435019E+01, 0.5411444E+01,
 0.4608000E+01, 0.1631565E+02, 0.1476687E+02, 0.6437805E+01, 0.5413536E+01,
 0.4610000E+01, 0.1633446E+02, 0.1478174E+02, 0.6440594E+01, 0.5415629E+01,
 0.4612000E+01, 0.1635329E+02, 0.1479664E+02, 0.6443384E+01, 0.5417724E+01,
 0.4614000E+01, 0.1637215E+02, 0.1481155E+02, 0.6446177E+01, 0.5419820E+01,
 0.4616000E+01, 0.1639103E+02, 0.1482649E+02, 0.6448972E+01, 0.5421918E+01,
 0.4618000E+01, 0.1640994E+02, 0.1484145E+02, 0.6451768E+01, 0.5424017E+01,
 0.4620000E+01, 0.1642888E+02, 0.1485643E+02, 0.6454567E+01, 0.5426118E+01,
 0.4622000E+01, 0.1644784E+02, 0.1487143E+02, 0.6457368E+01, 0.5428221E+01,
 0.4624000E+01, 0.1646683E+02, 0.1488645E+02, 0.6460171E+01, 0.5430325E+01,
 0.4626000E+01, 0.1648584E+02, 0.1490150E+02, 0.6462976E+01, 0.5432431E+01,
 0.4628000E+01, 0.1650488E+02, 0.1491656E+02, 0.6465782E+01, 0.5434538E+01,
 0.4630000E+01, 0.1652395E+02, 0.1493165E+02, 0.6468591E+01, 0.5436647E+01,
 0.4632000E+01, 0.1654304E+02, 0.1494676E+02, 0.6471402E+01, 0.5438757E+01,
 0.4634000E+01, 0.1656216E+02, 0.1496190E+02, 0.6474216E+01, 0.5440869E+01,
 0.4636000E+01, 0.1658131E+02, 0.1497705E+02, 0.6477030E+01, 0.5442983E+01,
 0.4638000E+01, 0.1660048E+02, 0.1499223E+02, 0.6479847E+01, 0.5445098E+01,
 0.4640000E+01, 0.1661968E+02, 0.1500743E+02, 0.6482667E+01, 0.5447215E+01,
 0.4642000E+01, 0.1663890E+02, 0.1502265E+02, 0.6485488E+01, 0.5449333E+01,
 0.4644000E+01, 0.1665815E+02, 0.1503789E+02, 0.6488311E+01, 0.5451453E+01,
 0.4646000E+01, 0.1667743E+02, 0.1505316E+02, 0.6491137E+01, 0.5453575E+01,
 0.4648000E+01, 0.1669674E+02, 0.1506845E+02, 0.6493964E+01, 0.5455698E+01,
 0.4650000E+01, 0.1671607E+02, 0.1508375E+02, 0.6496793E+01, 0.5457823E+01,
 0.4652000E+01, 0.1673542E+02, 0.1509909E+02, 0.6499625E+01, 0.5459949E+01,
 0.4654000E+01, 0.1675481E+02, 0.1511444E+02, 0.6502458E+01, 0.5462077E+01,
 0.4656000E+01, 0.1677422E+02, 0.1512982E+02, 0.6505294E+01, 0.5464206E+01,
 0.4658000E+01, 0.1679366E+02, 0.1514522E+02, 0.6508131E+01, 0.5466337E+01,
 0.4660000E+01, 0.1681312E+02, 0.1516064E+02, 0.6510971E+01, 0.5468470E+01,
 0.4662000E+01, 0.1683261E+02, 0.1517609E+02, 0.6513813E+01, 0.5470604E+01,
 0.4664000E+01, 0.1685213E+02, 0.1519155E+02, 0.6516656E+01, 0.5472740E+01,
 0.4666000E+01, 0.1687168E+02, 0.1520704E+02, 0.6519502E+01, 0.5474877E+01,
 0.4668000E+01, 0.1689125E+02, 0.1522256E+02, 0.6522349E+01, 0.5477016E+01,
 0.4670000E+01, 0.1691084E+02, 0.1523809E+02, 0.6525199E+01, 0.5479157E+01,
 0.4672000E+01, 0.1693047E+02, 0.1525365E+02, 0.6528051E+01, 0.5481299E+01,
 0.4674000E+01, 0.1695012E+02, 0.1526923E+02, 0.6530905E+01, 0.5483443E+01,
 0.4676000E+01, 0.1696980E+02, 0.1528483E+02, 0.6533761E+01, 0.5485589E+01,
 0.4678000E+01, 0.1698951E+02, 0.1530046E+02, 0.6536619E+01, 0.5487736E+01,
 0.4680000E+01, 0.1700924E+02, 0.1531611E+02, 0.6539479E+01, 0.5489884E+01,
 0.4682000E+01, 0.1702900E+02, 0.1533178E+02, 0.6542341E+01, 0.5492034E+01,
 0.4684000E+01, 0.1704879E+02, 0.1534748E+02, 0.6545205E+01, 0.5494186E+01,
 0.4686000E+01, 0.1706861E+02, 0.1536320E+02, 0.6548071E+01, 0.5496340E+01,
 0.4688000E+01, 0.1708845E+02, 0.1537894E+02, 0.6550939E+01, 0.5498495E+01,
 0.4690000E+01, 0.1710832E+02, 0.1539471E+02, 0.6553809E+01, 0.5500651E+01,
 0.4692000E+01, 0.1712822E+02, 0.1541049E+02, 0.6556681E+01, 0.5502810E+01,
 0.4694000E+01, 0.1714814E+02, 0.1542631E+02, 0.6559556E+01, 0.5504969E+01,
 0.4696000E+01, 0.1716809E+02, 0.1544214E+02, 0.6562432E+01, 0.5507131E+01,
 0.4698000E+01, 0.1718807E+02, 0.1545800E+02, 0.6565310E+01, 0.5509294E+01,
 0.4700000E+01, 0.1720808E+02, 0.1547388E+02, 0.6568190E+01, 0.5511458E+01,
 0.4702000E+01, 0.1722811E+02, 0.1548979E+02, 0.6571073E+01, 0.5513625E+01,
 0.4704000E+01, 0.1724817E+02, 0.1550572E+02, 0.6573957E+01, 0.5515792E+01,
 0.4706000E+01, 0.1726826E+02, 0.1552167E+02, 0.6576843E+01, 0.5517962E+01,
 0.4708000E+01, 0.1728838E+02, 0.1553764E+02, 0.6579732E+01, 0.5520133E+01,
 0.4710000E+01, 0.1730852E+02, 0.1555364E+02, 0.6582622E+01, 0.5522305E+01,
 0.4712000E+01, 0.1732869E+02, 0.1556967E+02, 0.6585515E+01, 0.5524480E+01,
 0.4714000E+01, 0.1734889E+02, 0.1558572E+02, 0.6588409E+01, 0.5526656E+01,
 0.4716000E+01, 0.1736912E+02, 0.1560179E+02, 0.6591306E+01, 0.5528833E+01,
 0.4718000E+01, 0.1738938E+02, 0.1561788E+02, 0.6594204E+01, 0.5531013E+01,
 0.4720000E+01, 0.1740966E+02, 0.1563400E+02, 0.6597105E+01, 0.5533193E+01,
 0.4722000E+01, 0.1742997E+02, 0.1565014E+02, 0.6600008E+01, 0.5535376E+01,
 0.4724000E+01, 0.1745031E+02, 0.1566631E+02, 0.6602912E+01, 0.5537560E+01,
 0.4726000E+01, 0.1747067E+02, 0.1568250E+02, 0.6605819E+01, 0.5539745E+01,
 0.4728000E+01, 0.1749107E+02, 0.1569871E+02, 0.6608727E+01, 0.5541932E+01,
 0.4730000E+01, 0.1751149E+02, 0.1571495E+02, 0.6611638E+01, 0.5544121E+01,
 0.4732000E+01, 0.1753194E+02, 0.1573122E+02, 0.6614551E+01, 0.5546311E+01,
 0.4734000E+01, 0.1755242E+02, 0.1574750E+02, 0.6617465E+01, 0.5548503E+01,
 0.4736000E+01, 0.1757293E+02, 0.1576381E+02, 0.6620382E+01, 0.5550697E+01,
 0.4738000E+01, 0.1759346E+02, 0.1578015E+02, 0.6623301E+01, 0.5552893E+01,
 0.4740000E+01, 0.1761403E+02, 0.1579651E+02, 0.6626222E+01, 0.5555089E+01,
 0.4742000E+01, 0.1763461E+02, 0.1581289E+02, 0.6629145E+01, 0.5557288E+01,
 0.4744000E+01, 0.1765524E+02, 0.1582930E+02, 0.6632070E+01, 0.5559488E+01,
 0.4746000E+01, 0.1767588E+02, 0.1584573E+02, 0.6634996E+01, 0.5561690E+01,
 0.4748000E+01, 0.1769656E+02, 0.1586219E+02, 0.6637926E+01, 0.5563893E+01,
 0.4750000E+01, 0.1771726E+02, 0.1587867E+02, 0.6640856E+01, 0.5566098E+01,
 0.4752000E+01, 0.1773800E+02, 0.1589518E+02, 0.6643789E+01, 0.5568305E+01,
 0.4754000E+01, 0.1775876E+02, 0.1591171E+02, 0.6646724E+01, 0.5570513E+01,
 0.4756000E+01, 0.1777955E+02, 0.1592826E+02, 0.6649661E+01, 0.5572723E+01,
 0.4758000E+01, 0.1780036E+02, 0.1594484E+02, 0.6652600E+01, 0.5574935E+01,
 0.4760000E+01, 0.1782121E+02, 0.1596144E+02, 0.6655541E+01, 0.5577148E+01,
 0.4762000E+01, 0.1784208E+02, 0.1597807E+02, 0.6658484E+01, 0.5579363E+01,
 0.4764000E+01, 0.1786299E+02, 0.1599472E+02, 0.6661429E+01, 0.5581579E+01,
 0.4766000E+01, 0.1788392E+02, 0.1601140E+02, 0.6664376E+01, 0.5583797E+01,
 0.4768000E+01, 0.1790488E+02, 0.1602810E+02, 0.6667325E+01, 0.5586017E+01,
 0.4770000E+01, 0.1792587E+02, 0.1604483E+02, 0.6670276E+01, 0.5588238E+01,
 0.4772000E+01, 0.1794689E+02, 0.1606158E+02, 0.6673229E+01, 0.5590461E+01,
 0.4774000E+01, 0.1796794E+02, 0.1607835E+02, 0.6676185E+01, 0.5592686E+01,
 0.4776000E+01, 0.1798901E+02, 0.1609515E+02, 0.6679142E+01, 0.5594912E+01,
 0.4778000E+01, 0.1801012E+02, 0.1611198E+02, 0.6682101E+01, 0.5597140E+01,
 0.4780000E+01, 0.1803125E+02, 0.1612883E+02, 0.6685062E+01, 0.5599370E+01,
 0.4782000E+01, 0.1805242E+02, 0.1614570E+02, 0.6688025E+01, 0.5601601E+01,
 0.4784000E+01, 0.1807361E+02, 0.1616260E+02, 0.6690990E+01, 0.5603834E+01,
 0.4786000E+01, 0.1809483E+02, 0.1617953E+02, 0.6693957E+01, 0.5606068E+01,
 0.4788000E+01, 0.1811608E+02, 0.1619647E+02, 0.6696926E+01, 0.5608304E+01,
 0.4790000E+01, 0.1813736E+02, 0.1621345E+02, 0.6699897E+01, 0.5610542E+01,
 0.4792000E+01, 0.1815866E+02, 0.1623045E+02, 0.6702871E+01, 0.5612781E+01,
 0.4794000E+01, 0.1818000E+02, 0.1624747E+02, 0.6705846E+01, 0.5615022E+01,
 0.4796000E+01, 0.1820137E+02, 0.1626452E+02, 0.6708823E+01, 0.5617265E+01,
 0.4798000E+01, 0.1822276E+02, 0.1628159E+02, 0.6711802E+01, 0.5619509E+01,
 0.4800000E+01, 0.1824419E+02, 0.1629869E+02, 0.6714783E+01, 0.5621755E+01,
 0.4802000E+01, 0.1826564E+02, 0.1631581E+02, 0.6717766E+01, 0.5624002E+01,
 0.4804000E+01, 0.1828712E+02, 0.1633295E+02, 0.6720752E+01, 0.5626252E+01,
 0.4806000E+01, 0.1830863E+02, 0.1635013E+02, 0.6723739E+01, 0.5628502E+01,
 0.4808000E+01, 0.1833018E+02, 0.1636732E+02, 0.6726728E+01, 0.5630755E+01,
 0.4810000E+01, 0.1835175E+02, 0.1638454E+02, 0.6729719E+01, 0.5633009E+01,
 0.4812000E+01, 0.1837335E+02, 0.1640179E+02, 0.6732712E+01, 0.5635265E+01,
 0.4814000E+01, 0.1839498E+02, 0.1641906E+02, 0.6735707E+01, 0.5637522E+01,
 0.4816000E+01, 0.1841664E+02, 0.1643635E+02, 0.6738705E+01, 0.5639781E+01,
 0.4818000E+01, 0.1843833E+02, 0.1645367E+02, 0.6741704E+01, 0.5642042E+01,
 0.4820000E+01, 0.1846004E+02, 0.1647101E+02, 0.6744705E+01, 0.5644305E+01,
 0.4822000E+01, 0.1848179E+02, 0.1648838E+02, 0.6747708E+01, 0.5646569E+01,
 0.4824000E+01, 0.1850357E+02, 0.1650577E+02, 0.6750713E+01, 0.5648834E+01,
 0.4826000E+01, 0.1852538E+02, 0.1652319E+02, 0.6753720E+01, 0.5651102E+01,
 0.4828000E+01, 0.1854721E+02, 0.1654062E+02, 0.6756730E+01, 0.5653371E+01,
 0.4830000E+01, 0.1856908E+02, 0.1655809E+02, 0.6759741E+01, 0.5655641E+01,
 0.4832000E+01, 0.1859098E+02, 0.1657558E+02, 0.6762754E+01, 0.5657914E+01,
 0.4834000E+01, 0.1861290E+02, 0.1659309E+02, 0.6765769E+01, 0.5660188E+01,
 0.4836000E+01, 0.1863486E+02, 0.1661062E+02, 0.6768786E+01, 0.5662463E+01,
 0.4838000E+01, 0.1865685E+02, 0.1662818E+02, 0.6771805E+01, 0.5664741E+01,
 0.4840000E+01, 0.1867886E+02, 0.1664577E+02, 0.6774826E+01, 0.5667019E+01,
 0.4842000E+01, 0.1870091E+02, 0.1666337E+02, 0.6777849E+01, 0.5669300E+01,
 0.4844000E+01, 0.1872298E+02, 0.1668101E+02, 0.6780874E+01, 0.5671582E+01,
 0.4846000E+01, 0.1874509E+02, 0.1669866E+02, 0.6783901E+01, 0.5673866E+01,
 0.4848000E+01, 0.1876722E+02, 0.1671634E+02, 0.6786931E+01, 0.5676152E+01,
 0.4850000E+01, 0.1878939E+02, 0.1673404E+02, 0.6789961E+01, 0.5678439E+01,
 0.4852000E+01, 0.1881158E+02, 0.1675176E+02, 0.6792994E+01, 0.5680728E+01,
 0.4854000E+01, 0.1883381E+02, 0.1676951E+02, 0.6796030E+01, 0.5683019E+01,
 0.4856000E+01, 0.1885606E+02, 0.1678728E+02, 0.6799067E+01, 0.5685311E+01,
 0.4858000E+01, 0.1887835E+02, 0.1680507E+02, 0.6802105E+01, 0.5687605E+01,
 0.4860000E+01, 0.1890066E+02, 0.1682288E+02, 0.6805146E+01, 0.5689900E+01,
 0.4862000E+01, 0.1892301E+02, 0.1684072E+02, 0.6808189E+01, 0.5692197E+01,
 0.4864000E+01, 0.1894538E+02, 0.1685858E+02, 0.6811234E+01, 0.5694496E+01,
 0.4866000E+01, 0.1896779E+02, 0.1687646E+02, 0.6814281E+01, 0.5696797E+01,
 0.4868000E+01, 0.1899023E+02, 0.1689436E+02, 0.6817330E+01, 0.5699099E+01,
 0.4870000E+01, 0.1901269E+02, 0.1691228E+02, 0.6820381E+01, 0.5701403E+01,
 0.4872000E+01, 0.1903519E+02, 0.1693023E+02, 0.6823433E+01, 0.5703709E+01,
 0.4874000E+01, 0.1905771E+02, 0.1694819E+02, 0.6826488E+01, 0.5706016E+01,
 0.4876000E+01, 0.1908027E+02, 0.1696618E+02, 0.6829545E+01, 0.5708325E+01,
 0.4878000E+01, 0.1910286E+02, 0.1698419E+02, 0.6832604E+01, 0.5710635E+01,
 0.4880000E+01, 0.1912548E+02, 0.1700222E+02, 0.6835664E+01, 0.5712947E+01,
 0.4882000E+01, 0.1914812E+02, 0.1702027E+02, 0.6838727E+01, 0.5715261E+01,
 0.4884000E+01, 0.1917080E+02, 0.1703834E+02, 0.6841792E+01, 0.5717577E+01,
 0.4886000E+01, 0.1919351E+02, 0.1705643E+02, 0.6844858E+01, 0.5719894E+01,
 0.4888000E+01, 0.1921625E+02, 0.1707454E+02, 0.6847927E+01, 0.5722213E+01,
 0.4890000E+01, 0.1923902E+02, 0.1709266E+02, 0.6850997E+01, 0.5724534E+01,
 0.4892000E+01, 0.1926182E+02, 0.1711081E+02, 0.6854070E+01, 0.5726856E+01,
 0.4894000E+01, 0.1928465E+02, 0.1712898E+02, 0.6857144E+01, 0.5729180E+01,
 0.4896000E+01, 0.1930751E+02, 0.1714716E+02, 0.6860221E+01, 0.5731506E+01,
 0.4898000E+01, 0.1933040E+02, 0.1716537E+02, 0.6863299E+01, 0.5733833E+01,
 0.4900000E+01, 0.1935332E+02, 0.1718359E+02, 0.6866380E+01, 0.5736162E+01,
 0.4902000E+01, 0.1937627E+02, 0.1720183E+02, 0.6869462E+01, 0.5738492E+01,
 0.4904000E+01, 0.1939925E+02, 0.1722009E+02, 0.6872547E+01, 0.5740825E+01,
 0.4906000E+01, 0.1942226E+02, 0.1723836E+02, 0.6875633E+01, 0.5743159E+01,
 0.4908000E+01, 0.1944530E+02, 0.1725665E+02, 0.6878721E+01, 0.5745495E+01,
 0.4910000E+01, 0.1946837E+02, 0.1727496E+02, 0.6881811E+01, 0.5747832E+01,
 0.4912000E+01, 0.1949148E+02, 0.1729329E+02, 0.6884903E+01, 0.5750171E+01,
 0.4914000E+01, 0.1951461E+02, 0.1731163E+02, 0.6887998E+01, 0.5752512E+01,
 0.4916000E+01, 0.1953777E+02, 0.1732999E+02, 0.6891094E+01, 0.5754855E+01,
 0.4918000E+01, 0.1956096E+02, 0.1734836E+02, 0.6894192E+01, 0.5757198E+01,
 0.4920000E+01, 0.1958419E+02, 0.1736675E+02, 0.6897292E+01, 0.5759544E+01,
 0.4922000E+01, 0.1960744E+02, 0.1738516E+02, 0.6900394E+01, 0.5761892E+01,
 0.4924000E+01, 0.1963072E+02, 0.1740358E+02, 0.6903498E+01, 0.5764241E+01,
 0.4926000E+01, 0.1965404E+02, 0.1742202E+02, 0.6906604E+01, 0.5766592E+01,
 0.4928000E+01, 0.1967738E+02, 0.1744047E+02, 0.6909711E+01, 0.5768944E+01,
 0.4930000E+01, 0.1970076E+02, 0.1745893E+02, 0.6912821E+01, 0.5771298E+01,
 0.4932000E+01, 0.1972416E+02, 0.1747742E+02, 0.6915933E+01, 0.5773654E+01,
 0.4934000E+01, 0.1974759E+02, 0.1749591E+02, 0.6919046E+01, 0.5776012E+01,
 0.4936000E+01, 0.1977106E+02, 0.1751442E+02, 0.6922162E+01, 0.5778371E+01,
 0.4938000E+01, 0.1979455E+02, 0.1753294E+02, 0.6925280E+01, 0.5780733E+01,
 0.4940000E+01, 0.1981808E+02, 0.1755147E+02, 0.6928400E+01, 0.5783095E+01,
 0.4942000E+01, 0.1984163E+02, 0.1757002E+02, 0.6931521E+01, 0.5785460E+01,
 0.4944000E+01, 0.1986522E+02, 0.1758858E+02, 0.6934644E+01, 0.5787826E+01,
 0.4946000E+01, 0.1988883E+02, 0.1760715E+02, 0.6937769E+01, 0.5790193E+01,
 0.4948000E+01, 0.1991248E+02, 0.1762573E+02, 0.6940897E+01, 0.5792562E+01,
 0.4950000E+01, 0.1993615E+02, 0.1764433E+02, 0.6944026E+01, 0.5794934E+01,
 0.4952000E+01, 0.1995986E+02, 0.1766294E+02, 0.6947157E+01, 0.5797307E+01,
 0.4954000E+01, 0.1998359E+02, 0.1768155E+02, 0.6950291E+01, 0.5799681E+01,
 0.4956000E+01, 0.2000736E+02, 0.1770018E+02, 0.6953425E+01, 0.5802057E+01,
 0.4958000E+01, 0.2003115E+02, 0.1771882E+02, 0.6956563E+01, 0.5804435E+01,
 0.4960000E+01, 0.2005498E+02, 0.1773747E+02, 0.6959702E+01, 0.5806815E+01,
 0.4962000E+01, 0.2007883E+02, 0.1775613E+02, 0.6962842E+01, 0.5809196E+01,
 0.4964000E+01, 0.2010271E+02, 0.1777480E+02, 0.6965985E+01, 0.5811579E+01,
 0.4966000E+01, 0.2012663E+02, 0.1779348E+02, 0.6969130E+01, 0.5813964E+01,
 0.4968000E+01, 0.2015057E+02, 0.1781217E+02, 0.6972277E+01, 0.5816350E+01,
 0.4970000E+01, 0.2017454E+02, 0.1783087E+02, 0.6975425E+01, 0.5818738E+01,
 0.4972000E+01, 0.2019854E+02, 0.1784957E+02, 0.6978576E+01, 0.5821128E+01,
 0.4974000E+01, 0.2022257E+02, 0.1786829E+02, 0.6981729E+01, 0.5823519E+01,
 0.4976000E+01, 0.2024664E+02, 0.1788701E+02, 0.6984883E+01, 0.5825912E+01,
 0.4978000E+01, 0.2027073E+02, 0.1790574E+02, 0.6988039E+01, 0.5828308E+01,
 0.4980000E+01, 0.2029484E+02, 0.1792448E+02, 0.6991198E+01, 0.5830704E+01,
 0.4982000E+01, 0.2031899E+02, 0.1794322E+02, 0.6994358E+01, 0.5833102E+01,
 0.4984000E+01, 0.2034317E+02, 0.1796197E+02, 0.6997520E+01, 0.5835502E+01,
 0.4986000E+01, 0.2036738E+02, 0.1798073E+02, 0.7000684E+01, 0.5837904E+01,
 0.4988000E+01, 0.2039161E+02, 0.1799949E+02, 0.7003850E+01, 0.5840307E+01,
 0.4990000E+01, 0.2041588E+02, 0.1801826E+02, 0.7007018E+01, 0.5842712E+01,
 0.4992000E+01, 0.2044017E+02, 0.1803704E+02, 0.7010188E+01, 0.5845119E+01,
 0.4994000E+01, 0.2046450E+02, 0.1805582E+02, 0.7013360E+01, 0.5847528E+01,
 0.4996000E+01, 0.2048885E+02, 0.1807461E+02, 0.7016533E+01, 0.5849938E+01,
 0.4998000E+01, 0.2051323E+02, 0.1809340E+02, 0.7019709E+01, 0.5852350E+01,
 0.5000000E+01, 0.2053764E+02, 0.1811219E+02, 0.7022886E+01, 0.5854764E+01,
 0.5002000E+01, 0.2056208E+02, 0.1813099E+02, 0.7026066E+01, 0.5857179E+01,
 0.5004000E+01, 0.2058654E+02, 0.1814979E+02, 0.7029247E+01, 0.5859596E+01,
 0.5006000E+01, 0.2061104E+02, 0.1816860E+02, 0.7032430E+01, 0.5862014E+01,
 0.5008000E+01, 0.2063556E+02, 0.1818741E+02, 0.7035615E+01, 0.5864435E+01,
 0.5010000E+01, 0.2066011E+02, 0.1820622E+02, 0.7038803E+01, 0.5866857E+01,
 0.5012000E+01, 0.2068469E+02, 0.1822504E+02, 0.7041991E+01, 0.5869281E+01,
 0.5014000E+01, 0.2070930E+02, 0.1824386E+02, 0.7045182E+01, 0.5871706E+01,
 0.5016000E+01, 0.2073394E+02, 0.1826268E+02, 0.7048375E+01, 0.5874134E+01,
 0.5018000E+01, 0.2075860E+02, 0.1828150E+02, 0.7051570E+01, 0.5876563E+01,
 0.5020000E+01, 0.2078329E+02, 0.1830032E+02, 0.7054767E+01, 0.5878993E+01,
 0.5022000E+01, 0.2080801E+02, 0.1831915E+02, 0.7057965E+01, 0.5881425E+01,
 0.5024000E+01, 0.2083276E+02, 0.1833797E+02, 0.7061165E+01, 0.5883860E+01,
 0.5026000E+01, 0.2085753E+02, 0.1835680E+02, 0.7064368E+01, 0.5886295E+01,
 0.5028000E+01, 0.2088234E+02, 0.1837562E+02, 0.7067572E+01, 0.5888733E+01,
 0.5030000E+01, 0.2090717E+02, 0.1839445E+02, 0.7070778E+01, 0.5891172E+01,
 0.5032000E+01, 0.2093202E+02, 0.1841328E+02, 0.7073986E+01, 0.5893613E+01,
 0.5034000E+01, 0.2095691E+02, 0.1843210E+02, 0.7077196E+01, 0.5896056E+01,
 0.5036000E+01, 0.2098182E+02, 0.1845093E+02, 0.7080408E+01, 0.5898500E+01,
 0.5038000E+01, 0.2100675E+02, 0.1846976E+02, 0.7083622E+01, 0.5900946E+01,
 0.5040000E+01, 0.2103172E+02, 0.1848858E+02, 0.7086837E+01, 0.5903394E+01,
 0.5042000E+01, 0.2105671E+02, 0.1850740E+02, 0.7090055E+01, 0.5905843E+01,
 0.5044000E+01, 0.2108172E+02, 0.1852623E+02, 0.7093274E+01, 0.5908295E+01,
 0.5046000E+01, 0.2110677E+02, 0.1854505E+02, 0.7096496E+01, 0.5910748E+01,
 0.5048000E+01, 0.2113184E+02, 0.1856386E+02, 0.7099719E+01, 0.5913202E+01,
 0.5050000E+01, 0.2115693E+02, 0.1858268E+02, 0.7102944E+01, 0.5915658E+01,
 0.5052000E+01, 0.2118205E+02, 0.1860149E+02, 0.7106171E+01, 0.5918117E+01,
 0.5054000E+01, 0.2120720E+02, 0.1862030E+02, 0.7109400E+01, 0.5920577E+01,
 0.5056000E+01, 0.2123237E+02, 0.1863911E+02, 0.7112630E+01, 0.5923038E+01,
 0.5058000E+01, 0.2125756E+02, 0.1865792E+02, 0.7115863E+01, 0.5925501E+01,
 0.5060000E+01, 0.2128279E+02, 0.1867672E+02, 0.7119098E+01, 0.5927966E+01,
 0.5062000E+01, 0.2130803E+02, 0.1869551E+02, 0.7122334E+01, 0.5930433E+01,
 0.5064000E+01, 0.2133330E+02, 0.1871431E+02, 0.7125572E+01, 0.5932901E+01,
 0.5066000E+01, 0.2135860E+02, 0.1873310E+02, 0.7128812E+01, 0.5935371E+01,
 0.5068000E+01, 0.2138392E+02, 0.1875188E+02, 0.7132054E+01, 0.5937843E+01,
 0.5070000E+01, 0.2140926E+02, 0.1877067E+02, 0.7135298E+01, 0.5940317E+01,
 0.5072000E+01, 0.2143463E+02, 0.1878944E+02, 0.7138544E+01, 0.5942792E+01,
 0.5074000E+01, 0.2146002E+02, 0.1880822E+02, 0.7141792E+01, 0.5945269E+01,
 0.5076000E+01, 0.2148543E+02, 0.1882698E+02, 0.7145041E+01, 0.5947748E+01,
 0.5078000E+01, 0.2151087E+02, 0.1884575E+02, 0.7148293E+01, 0.5950228E+01,
 0.5080000E+01, 0.2153633E+02, 0.1886450E+02, 0.7151546E+01, 0.5952710E+01,
 0.5082000E+01, 0.2156181E+02, 0.1888326E+02, 0.7154801E+01, 0.5955194E+01,
 0.5084000E+01, 0.2158731E+02, 0.1890200E+02, 0.7158058E+01, 0.5957680E+01,
 0.5086000E+01, 0.2161284E+02, 0.1892074E+02, 0.7161317E+01, 0.5960167E+01,
 0.5088000E+01, 0.2163839E+02, 0.1893948E+02, 0.7164577E+01, 0.5962656E+01,
 0.5090000E+01, 0.2166396E+02, 0.1895821E+02, 0.7167840E+01, 0.5965147E+01,
 0.5092000E+01, 0.2168954E+02, 0.1897693E+02, 0.7171104E+01, 0.5967639E+01,
 0.5094000E+01, 0.2171516E+02, 0.1899565E+02, 0.7174371E+01, 0.5970133E+01,
 0.5096000E+01, 0.2174079E+02, 0.1901436E+02, 0.7177639E+01, 0.5972629E+01,
 0.5098000E+01, 0.2176644E+02, 0.1903307E+02, 0.7180909E+01, 0.5975127E+01,
 0.5100000E+01, 0.2179211E+02, 0.1905177E+02, 0.7184181E+01, 0.5977626E+01,
 0.5102000E+01, 0.2181780E+02, 0.1907046E+02, 0.7187455E+01, 0.5980127E+01,
 0.5104000E+01, 0.2184351E+02, 0.1908914E+02, 0.7190731E+01, 0.5982630E+01,
 0.5106000E+01, 0.2186924E+02, 0.1910782E+02, 0.7194008E+01, 0.5985135E+01,
 0.5108000E+01, 0.2189498E+02, 0.1912649E+02, 0.7197287E+01, 0.5987641E+01,
 0.5110000E+01, 0.2192075E+02, 0.1914515E+02, 0.7200568E+01, 0.5990149E+01,
 0.5112000E+01, 0.2194653E+02, 0.1916381E+02, 0.7203851E+01, 0.5992659E+01,
 0.5114000E+01, 0.2197233E+02, 0.1918246E+02, 0.7207136E+01, 0.5995170E+01,
 0.5116000E+01, 0.2199814E+02, 0.1920110E+02, 0.7210423E+01, 0.5997683E+01,
 0.5118000E+01, 0.2202398E+02, 0.1921974E+02, 0.7213711E+01, 0.6000198E+01,
 0.5120000E+01, 0.2204983E+02, 0.1923837E+02, 0.7217001E+01, 0.6002715E+01,
 0.5122000E+01, 0.2207569E+02, 0.1925699E+02, 0.7220294E+01, 0.6005233E+01,
 0.5124000E+01, 0.2210157E+02, 0.1927560E+02, 0.7223588E+01, 0.6007753E+01,
 0.5126000E+01, 0.2212746E+02, 0.1929420E+02, 0.7226884E+01, 0.6010275E+01,
 0.5128000E+01, 0.2215337E+02, 0.1931280E+02, 0.7230182E+01, 0.6012798E+01,
 0.5130000E+01, 0.2217929E+02, 0.1933139E+02, 0.7233481E+01, 0.6015324E+01,
 0.5132000E+01, 0.2220522E+02, 0.1934997E+02, 0.7236783E+01, 0.6017850E+01,
 0.5134000E+01, 0.2223117E+02, 0.1936855E+02, 0.7240086E+01, 0.6020380E+01,
 0.5136000E+01, 0.2225713E+02, 0.1938712E+02, 0.7243391E+01, 0.6022910E+01,
 0.5138000E+01, 0.2228310E+02, 0.1940567E+02, 0.7246697E+01, 0.6025442E+01,
 0.5140000E+01, 0.2230908E+02, 0.1942422E+02, 0.7250006E+01, 0.6027976E+01,
 0.5142000E+01, 0.2233508E+02, 0.1944277E+02, 0.7253317E+01, 0.6030511E+01,
 0.5144000E+01, 0.2236108E+02, 0.1946130E+02, 0.7256629E+01, 0.6033049E+01,
 0.5146000E+01, 0.2238709E+02, 0.1947983E+02, 0.7259943E+01, 0.6035588E+01,
 0.5148000E+01, 0.2241311E+02, 0.1949835E+02, 0.7263259E+01, 0.6038129E+01,
 0.5150000E+01, 0.2243915E+02, 0.1951686E+02, 0.7266577E+01, 0.6040671E+01,
 0.5152000E+01, 0.2246518E+02, 0.1953536E+02, 0.7269897E+01, 0.6043216E+01,
 0.5154000E+01, 0.2249123E+02, 0.1955385E+02, 0.7273218E+01, 0.6045762E+01,
 0.5156000E+01, 0.2251728E+02, 0.1957234E+02, 0.7276542E+01, 0.6048309E+01,
 0.5158000E+01, 0.2254334E+02, 0.1959082E+02, 0.7279867E+01, 0.6050859E+01,
 0.5160000E+01, 0.2256941E+02, 0.1960929E+02, 0.7283194E+01, 0.6053410E+01,
 0.5162000E+01, 0.2259548E+02, 0.1962775E+02, 0.7286522E+01, 0.6055963E+01,
 0.5164000E+01, 0.2262155E+02, 0.1964620E+02, 0.7289853E+01, 0.6058518E+01,
 0.5166000E+01, 0.2264763E+02, 0.1966465E+02, 0.7293185E+01, 0.6061074E+01,
 0.5168000E+01, 0.2267372E+02, 0.1968309E+02, 0.7296519E+01, 0.6063632E+01,
 0.5170000E+01, 0.2269980E+02, 0.1970152E+02, 0.7299855E+01, 0.6066192E+01,
 0.5172000E+01, 0.2272589E+02, 0.1971994E+02, 0.7303193E+01, 0.6068754E+01,
 0.5174000E+01, 0.2275198E+02, 0.1973835E+02, 0.7306532E+01, 0.6071317E+01,
 0.5176000E+01, 0.2277807E+02, 0.1975676E+02, 0.7309874E+01, 0.6073882E+01,
 0.5178000E+01, 0.2280416E+02, 0.1977516E+02, 0.7313217E+01, 0.6076449E+01,
 0.5180000E+01, 0.2283025E+02, 0.1979355E+02, 0.7316562E+01, 0.6079018E+01,
 0.5182000E+01, 0.2285634E+02, 0.1981193E+02, 0.7319909E+01, 0.6081588E+01,
 0.5184000E+01, 0.2288243E+02, 0.1983030E+02, 0.7323257E+01, 0.6084160E+01,
 0.5186000E+01, 0.2290852E+02, 0.1984867E+02, 0.7326607E+01, 0.6086733E+01,
 0.5188000E+01, 0.2293460E+02, 0.1986703E+02, 0.7329959E+01, 0.6089309E+01,
 0.5190000E+01, 0.2296068E+02, 0.1988538E+02, 0.7333313E+01, 0.6091886E+01,
 0.5192000E+01, 0.2298676E+02, 0.1990372E+02, 0.7336669E+01, 0.6094465E+01,
 0.5194000E+01, 0.2301284E+02, 0.1992206E+02, 0.7340026E+01, 0.6097046E+01,
 0.5196000E+01, 0.2303890E+02, 0.1994039E+02, 0.7343386E+01, 0.6099628E+01,
 0.5198000E+01, 0.2306497E+02, 0.1995871E+02, 0.7346747E+01, 0.6102212E+01,
 0.5200000E+01, 0.2309102E+02, 0.1997702E+02, 0.7350110E+01, 0.6104798E+01,
 0.5202000E+01, 0.2311707E+02, 0.1999532E+02, 0.7353474E+01, 0.6107386E+01,
 0.5204000E+01, 0.2314312E+02, 0.2001362E+02, 0.7356841E+01, 0.6109975E+01,
 0.5206000E+01, 0.2316915E+02, 0.2003191E+02, 0.7360209E+01, 0.6112566E+01,
 0.5208000E+01, 0.2319518E+02, 0.2005019E+02, 0.7363578E+01, 0.6115160E+01,
 0.5210000E+01, 0.2322120E+02, 0.2006847E+02, 0.7366950E+01, 0.6117754E+01,
 0.5212000E+01, 0.2324721E+02, 0.2008674E+02, 0.7370324E+01, 0.6120350E+01,
 0.5214000E+01, 0.2327320E+02, 0.2010500E+02, 0.7373699E+01, 0.6122948E+01,
 0.5216000E+01, 0.2329919E+02, 0.2012325E+02, 0.7377076E+01, 0.6125548E+01,
 0.5218000E+01, 0.2332517E+02, 0.2014149E+02, 0.7380455E+01, 0.6128150E+01,
 0.5220000E+01, 0.2335113E+02, 0.2015973E+02, 0.7383835E+01, 0.6130753E+01,
 0.5222000E+01, 0.2337708E+02, 0.2017797E+02, 0.7387218E+01, 0.6133358E+01,
 0.5224000E+01, 0.2340302E+02, 0.2019619E+02, 0.7390602E+01, 0.6135964E+01,
 0.5226000E+01, 0.2342895E+02, 0.2021441E+02, 0.7393987E+01, 0.6138573E+01,
 0.5228000E+01, 0.2345486E+02, 0.2023262E+02, 0.7397375E+01, 0.6141183E+01,
 0.5230000E+01, 0.2348076E+02, 0.2025082E+02, 0.7400764E+01, 0.6143795E+01,
 0.5232000E+01, 0.2350665E+02, 0.2026902E+02, 0.7404155E+01, 0.6146409E+01,
 0.5234000E+01, 0.2353251E+02, 0.2028721E+02, 0.7407548E+01, 0.6149024E+01,
 0.5236000E+01, 0.2355836E+02, 0.2030540E+02, 0.7410943E+01, 0.6151641E+01,
 0.5238000E+01, 0.2358420E+02, 0.2032357E+02, 0.7414339E+01, 0.6154261E+01,
 0.5240000E+01, 0.2361002E+02, 0.2034174E+02, 0.7417737E+01, 0.6156881E+01,
 0.5242000E+01, 0.2363582E+02, 0.2035991E+02, 0.7421137E+01, 0.6159503E+01,
 0.5244000E+01, 0.2366161E+02, 0.2037807E+02, 0.7424538E+01, 0.6162127E+01,
 0.5246000E+01, 0.2368737E+02, 0.2039622E+02, 0.7427941E+01, 0.6164753E+01,
 0.5248000E+01, 0.2371312E+02, 0.2041436E+02, 0.7431346E+01, 0.6167381E+01,
 0.5250000E+01, 0.2373885E+02, 0.2043250E+02, 0.7434753E+01, 0.6170011E+01,
 0.5252000E+01, 0.2376456E+02, 0.2045063E+02, 0.7438162E+01, 0.6172642E+01,
 0.5254000E+01, 0.2379026E+02, 0.2046876E+02, 0.7441572E+01, 0.6175274E+01,
 0.5256000E+01, 0.2381593E+02, 0.2048688E+02, 0.7444984E+01, 0.6177909E+01,
 0.5258000E+01, 0.2384158E+02, 0.2050499E+02, 0.7448398E+01, 0.6180545E+01,
 0.5260000E+01, 0.2386721E+02, 0.2052310E+02, 0.7451813E+01, 0.6183183E+01,
 0.5262000E+01, 0.2389282E+02, 0.2054120E+02, 0.7455230E+01, 0.6185823E+01,
 0.5264000E+01, 0.2391841E+02, 0.2055930E+02, 0.7458649E+01, 0.6188465E+01,
 0.5266000E+01, 0.2394398E+02, 0.2057739E+02, 0.7462070E+01, 0.6191108E+01,
 0.5268000E+01, 0.2396952E+02, 0.2059548E+02, 0.7465492E+01, 0.6193753E+01,
 0.5270000E+01, 0.2399504E+02, 0.2061356E+02, 0.7468916E+01, 0.6196400E+01,
 0.5272000E+01, 0.2402055E+02, 0.2063163E+02, 0.7472342E+01, 0.6199048E+01,
 0.5274000E+01, 0.2404602E+02, 0.2064970E+02, 0.7475769E+01, 0.6201698E+01,
 0.5276000E+01, 0.2407148E+02, 0.2066776E+02, 0.7479198E+01, 0.6204350E+01,
 0.5278000E+01, 0.2409691E+02, 0.2068582E+02, 0.7482629E+01, 0.6207004E+01,
 0.5280000E+01, 0.2412232E+02, 0.2070387E+02, 0.7486062E+01, 0.6209660E+01,
 0.5282000E+01, 0.2414771E+02, 0.2072192E+02, 0.7489496E+01, 0.6212317E+01,
 0.5284000E+01, 0.2417307E+02, 0.2073996E+02, 0.7492932E+01, 0.6214976E+01,
 0.5286000E+01, 0.2419841E+02, 0.2075799E+02, 0.7496370E+01, 0.6217636E+01,
 0.5288000E+01, 0.2422372E+02, 0.2077602E+02, 0.7499809E+01, 0.6220299E+01,
 0.5290000E+01, 0.2424901E+02, 0.2079405E+02, 0.7503250E+01, 0.6222963E+01,
 0.5292000E+01, 0.2427427E+02, 0.2081207E+02, 0.7506693E+01, 0.6225629E+01,
 0.5294000E+01, 0.2429951E+02, 0.2083009E+02, 0.7510138E+01, 0.6228296E+01,
 0.5296000E+01, 0.2432473E+02, 0.2084810E+02, 0.7513584E+01, 0.6230966E+01,
 0.5298000E+01, 0.2434992E+02, 0.2086610E+02, 0.7517032E+01, 0.6233637E+01,
 0.5300000E+01, 0.2437509E+02, 0.2088411E+02, 0.7520481E+01, 0.6236310E+01,
 0.5302000E+01, 0.2440023E+02, 0.2090210E+02, 0.7523932E+01, 0.6238985E+01,
 0.5304000E+01, 0.2442534E+02, 0.2092009E+02, 0.7527386E+01, 0.6241661E+01,
 0.5306000E+01, 0.2445043E+02, 0.2093808E+02, 0.7530840E+01, 0.6244339E+01,
 0.5308000E+01, 0.2447549E+02, 0.2095606E+02, 0.7534297E+01, 0.6247019E+01,
 0.5310000E+01, 0.2450053E+02, 0.2097404E+02, 0.7537755E+01, 0.6249700E+01,
 0.5312000E+01, 0.2452555E+02, 0.2099202E+02, 0.7541214E+01, 0.6252384E+01,
 0.5314000E+01, 0.2455053E+02, 0.2100999E+02, 0.7544676E+01, 0.6255069E+01,
 0.5316000E+01, 0.2457549E+02, 0.2102795E+02, 0.7548139E+01, 0.6257755E+01,
 0.5318000E+01, 0.2460043E+02, 0.2104591E+02, 0.7551603E+01, 0.6260444E+01,
 0.5320000E+01, 0.2462534E+02, 0.2106387E+02, 0.7555070E+01, 0.6263134E+01,
 0.5322000E+01, 0.2465022E+02, 0.2108183E+02, 0.7558538E+01, 0.6265826E+01,
 0.5324000E+01, 0.2467508E+02, 0.2109977E+02, 0.7562008E+01, 0.6268520E+01,
 0.5326000E+01, 0.2469991E+02, 0.2111772E+02, 0.7565479E+01, 0.6271215E+01,
 0.5328000E+01, 0.2472471E+02, 0.2113566E+02, 0.7568952E+01, 0.6273913E+01,
 0.5330000E+01, 0.2474949E+02, 0.2115360E+02, 0.7572427E+01, 0.6276612E+01,
 0.5332000E+01, 0.2477425E+02, 0.2117153E+02, 0.7575903E+01, 0.6279313E+01,
 0.5334000E+01, 0.2479897E+02, 0.2118946E+02, 0.7579381E+01, 0.6282015E+01,
 0.5336000E+01, 0.2482367E+02, 0.2120739E+02, 0.7582861E+01, 0.6284719E+01,
 0.5338000E+01, 0.2484835E+02, 0.2122531E+02, 0.7586342E+01, 0.6287426E+01,
 0.5340000E+01, 0.2487300E+02, 0.2124323E+02, 0.7589826E+01, 0.6290133E+01,
 0.5342000E+01, 0.2489762E+02, 0.2126114E+02, 0.7593310E+01, 0.6292842E+01,
 0.5344000E+01, 0.2492222E+02, 0.2127906E+02, 0.7596797E+01, 0.6295554E+01,
 0.5346000E+01, 0.2494679E+02, 0.2129696E+02, 0.7600285E+01, 0.6298267E+01,
 0.5348000E+01, 0.2497133E+02, 0.2131487E+02, 0.7603774E+01, 0.6300982E+01,
 0.5350000E+01, 0.2499585E+02, 0.2133277E+02, 0.7607265E+01, 0.6303698E+01,
 0.5352000E+01, 0.2502034E+02, 0.2135067E+02, 0.7610758E+01, 0.6306416E+01,
 0.5354000E+01, 0.2504481E+02, 0.2136857E+02, 0.7614253E+01, 0.6309136E+01,
 0.5356000E+01, 0.2506925E+02, 0.2138646E+02, 0.7617749E+01, 0.6311858E+01,
 0.5358000E+01, 0.2509367E+02, 0.2140435E+02, 0.7621247E+01, 0.6314581E+01,
 0.5360000E+01, 0.2511806E+02, 0.2142224E+02, 0.7624746E+01, 0.6317306E+01,
 0.5362000E+01, 0.2514242E+02, 0.2144012E+02, 0.7628247E+01, 0.6320033E+01,
 0.5364000E+01, 0.2516676E+02, 0.2145800E+02, 0.7631750E+01, 0.6322762E+01,
 0.5366000E+01, 0.2519107E+02, 0.2147588E+02, 0.7635254E+01, 0.6325492E+01,
 0.5368000E+01, 0.2521536E+02, 0.2149375E+02, 0.7638761E+01, 0.6328224E+01,
 0.5370000E+01, 0.2523962E+02, 0.2151162E+02, 0.7642268E+01, 0.6330958E+01,
 0.5372000E+01, 0.2526386E+02, 0.2152949E+02, 0.7645777E+01, 0.6333694E+01,
 0.5374000E+01, 0.2528807E+02, 0.2154736E+02, 0.7649288E+01, 0.6336431E+01,
 0.5376000E+01, 0.2531226E+02, 0.2156522E+02, 0.7652801E+01, 0.6339170E+01,
 0.5378000E+01, 0.2533642E+02, 0.2158309E+02, 0.7656314E+01, 0.6341911E+01,
 0.5380000E+01, 0.2536056E+02, 0.2160094E+02, 0.7659830E+01, 0.6344654E+01,
 0.5382000E+01, 0.2538467E+02, 0.2161880E+02, 0.7663348E+01, 0.6347398E+01,
 0.5384000E+01, 0.2540876E+02, 0.2163666E+02, 0.7666866E+01, 0.6350144E+01,
 0.5386000E+01, 0.2543282E+02, 0.2165451E+02, 0.7670387E+01, 0.6352892E+01,
 0.5388000E+01, 0.2545686E+02, 0.2167236E+02, 0.7673909E+01, 0.6355641E+01,
 0.5390000E+01, 0.2548087E+02, 0.2169021E+02, 0.7677433E+01, 0.6358393E+01,
 0.5392000E+01, 0.2550486E+02, 0.2170805E+02, 0.7680958E+01, 0.6361145E+01,
 0.5394000E+01, 0.2552883E+02, 0.2172589E+02, 0.7684485E+01, 0.6363900E+01,
 0.5396000E+01, 0.2555277E+02, 0.2174374E+02, 0.7688014E+01, 0.6366657E+01,
 0.5398000E+01, 0.2557668E+02, 0.2176158E+02, 0.7691544E+01, 0.6369415E+01,
 0.5400000E+01, 0.2560058E+02, 0.2177941E+02, 0.7695076E+01, 0.6372175E+01,
 0.5402000E+01, 0.2562444E+02, 0.2179725E+02, 0.7698609E+01, 0.6374937E+01,
 0.5404000E+01, 0.2564829E+02, 0.2181508E+02, 0.7702144E+01, 0.6377700E+01,
 0.5406000E+01, 0.2567211E+02, 0.2183291E+02, 0.7705680E+01, 0.6380466E+01,
 0.5408000E+01, 0.2569591E+02, 0.2185074E+02, 0.7709218E+01, 0.6383233E+01,
 0.5410000E+01, 0.2571968E+02, 0.2186857E+02, 0.7712758E+01, 0.6386001E+01,
 0.5412000E+01, 0.2574343E+02, 0.2188640E+02, 0.7716299E+01, 0.6388772E+01,
 0.5414000E+01, 0.2576716E+02, 0.2190422E+02, 0.7719842E+01, 0.6391544E+01,
 0.5416000E+01, 0.2579087E+02, 0.2192205E+02, 0.7723386E+01, 0.6394318E+01,
 0.5418000E+01, 0.2581455E+02, 0.2193987E+02, 0.7726932E+01, 0.6397094E+01,
 0.5420000E+01, 0.2583821E+02, 0.2195769E+02, 0.7730480E+01, 0.6399871E+01,
 0.5422000E+01, 0.2586185E+02, 0.2197551E+02, 0.7734029E+01, 0.6402650E+01,
 0.5424000E+01, 0.2588546E+02, 0.2199333E+02, 0.7737579E+01, 0.6405431E+01,
 0.5426000E+01, 0.2590905E+02, 0.2201114E+02, 0.7741132E+01, 0.6408214E+01,
 0.5428000E+01, 0.2593262E+02, 0.2202896E+02, 0.7744686E+01, 0.6410998E+01,
 0.5430000E+01, 0.2595617E+02, 0.2204677E+02, 0.7748241E+01, 0.6413785E+01,
 0.5432000E+01, 0.2597969E+02, 0.2206459E+02, 0.7751798E+01, 0.6416572E+01,
 0.5434000E+01, 0.2600319E+02, 0.2208240E+02, 0.7755356E+01, 0.6419362E+01,
 0.5436000E+01, 0.2602667E+02, 0.2210021E+02, 0.7758916E+01, 0.6422153E+01,
 0.5438000E+01, 0.2605013E+02, 0.2211802E+02, 0.7762478E+01, 0.6424946E+01,
 0.5440000E+01, 0.2607357E+02, 0.2213583E+02, 0.7766041E+01, 0.6427741E+01,
 0.5442000E+01, 0.2609698E+02, 0.2215363E+02, 0.7769606E+01, 0.6430538E+01,
 0.5444000E+01, 0.2612038E+02, 0.2217144E+02, 0.7773172E+01, 0.6433336E+01,
 0.5446000E+01, 0.2614375E+02, 0.2218925E+02, 0.7776740E+01, 0.6436136E+01,
 0.5448000E+01, 0.2616710E+02, 0.2220705E+02, 0.7780309E+01, 0.6438938E+01,
 0.5450000E+01, 0.2619043E+02, 0.2222486E+02, 0.7783880E+01, 0.6441741E+01,
 0.5452000E+01, 0.2621374E+02, 0.2224266E+02, 0.7787452E+01, 0.6444547E+01,
 0.5454000E+01, 0.2623703E+02, 0.2226046E+02, 0.7791026E+01, 0.6447354E+01,
 0.5456000E+01, 0.2626029E+02, 0.2227826E+02, 0.7794602E+01, 0.6450162E+01,
 0.5458000E+01, 0.2628354E+02, 0.2229606E+02, 0.7798179E+01, 0.6452973E+01,
 0.5460000E+01, 0.2630677E+02, 0.2231387E+02, 0.7801757E+01, 0.6455785E+01,
 0.5462000E+01, 0.2632997E+02, 0.2233167E+02, 0.7805337E+01, 0.6458599E+01,
 0.5464000E+01, 0.2635316E+02, 0.2234947E+02, 0.7808919E+01, 0.6461415E+01,
 0.5466000E+01, 0.2637632E+02, 0.2236727E+02, 0.7812502E+01, 0.6464232E+01,
 0.5468000E+01, 0.2639947E+02, 0.2238507E+02, 0.7816087E+01, 0.6467052E+01,
 0.5470000E+01, 0.2642259E+02, 0.2240286E+02, 0.7819673E+01, 0.6469872E+01,
 0.5472000E+01, 0.2644570E+02, 0.2242066E+02, 0.7823260E+01, 0.6472695E+01,
 0.5474000E+01, 0.2646878E+02, 0.2243846E+02, 0.7826849E+01, 0.6475520E+01,
 0.5476000E+01, 0.2649185E+02, 0.2245626E+02, 0.7830441E+01, 0.6478346E+01,
 0.5478000E+01, 0.2651489E+02, 0.2247406E+02, 0.7834033E+01, 0.6481174E+01,
 0.5480000E+01, 0.2653792E+02, 0.2249186E+02, 0.7837626E+01, 0.6484004E+01,
 0.5482000E+01, 0.2656092E+02, 0.2250965E+02, 0.7841221E+01, 0.6486835E+01,
 0.5484000E+01, 0.2658391E+02, 0.2252745E+02, 0.7844818E+01, 0.6489668E+01,
 0.5486000E+01, 0.2660688E+02, 0.2254525E+02, 0.7848416E+01, 0.6492503E+01,
 0.5488000E+01, 0.2662983E+02, 0.2256305E+02, 0.7852016E+01, 0.6495339E+01,
 0.5490000E+01, 0.2665276E+02, 0.2258084E+02, 0.7855618E+01, 0.6498178E+01,
 0.5492000E+01, 0.2667567E+02, 0.2259864E+02, 0.7859220E+01, 0.6501018E+01,
 0.5494000E+01, 0.2669857E+02, 0.2261644E+02, 0.7862824E+01, 0.6503860E+01,
 0.5496000E+01, 0.2672144E+02, 0.2263424E+02, 0.7866430E+01, 0.6506703E+01,
 0.5498000E+01, 0.2674430E+02, 0.2265203E+02, 0.7870037E+01, 0.6509549E+01,
 0.5500000E+01, 0.2676714E+02, 0.2266983E+02, 0.7873646E+01, 0.6512395E+01,
 0.5502000E+01, 0.2678996E+02, 0.2268763E+02, 0.7877256E+01, 0.6515244E+01,
 0.5504000E+01, 0.2681276E+02, 0.2270543E+02, 0.7880867E+01, 0.6518095E+01,
 0.5506000E+01, 0.2683554E+02, 0.2272323E+02, 0.7884481E+01, 0.6520947E+01,
 0.5508000E+01, 0.2685830E+02, 0.2274103E+02, 0.7888095E+01, 0.6523801E+01,
 0.5510000E+01, 0.2688105E+02, 0.2275883E+02, 0.7891712E+01, 0.6526657E+01,
 0.5512000E+01, 0.2690378E+02, 0.2277663E+02, 0.7895329E+01, 0.6529514E+01,
 0.5514000E+01, 0.2692649E+02, 0.2279444E+02, 0.7898948E+01, 0.6532373E+01,
 0.5516000E+01, 0.2694919E+02, 0.2281224E+02, 0.7902568E+01, 0.6535234E+01,
 0.5518000E+01, 0.2697187E+02, 0.2283004E+02, 0.7906190E+01, 0.6538097E+01,
 0.5520000E+01, 0.2699453E+02, 0.2284785E+02, 0.7909814E+01, 0.6540961E+01,
 0.5522000E+01, 0.2701717E+02, 0.2286565E+02, 0.7913439E+01, 0.6543828E+01,
 0.5524000E+01, 0.2703979E+02, 0.2288345E+02, 0.7917065E+01, 0.6546695E+01,
 0.5526000E+01, 0.2706240E+02, 0.2290126E+02, 0.7920693E+01, 0.6549565E+01,
 0.5528000E+01, 0.2708499E+02, 0.2291907E+02, 0.7924322E+01, 0.6552436E+01,
 0.5530000E+01, 0.2710757E+02, 0.2293687E+02, 0.7927953E+01, 0.6555309E+01,
 0.5532000E+01, 0.2713013E+02, 0.2295468E+02, 0.7931585E+01, 0.6558184E+01,
 0.5534000E+01, 0.2715267E+02, 0.2297249E+02, 0.7935218E+01, 0.6561061E+01,
 0.5536000E+01, 0.2717519E+02, 0.2299030E+02, 0.7938854E+01, 0.6563939E+01,
 0.5538000E+01, 0.2719770E+02, 0.2300811E+02, 0.7942490E+01, 0.6566819E+01,
 0.5540000E+01, 0.2722019E+02, 0.2302592E+02, 0.7946128E+01, 0.6569701E+01,
 0.5542000E+01, 0.2724267E+02, 0.2304374E+02, 0.7949767E+01, 0.6572584E+01,
 0.5544000E+01, 0.2726513E+02, 0.2306155E+02, 0.7953408E+01, 0.6575469E+01,
 0.5546000E+01, 0.2728757E+02, 0.2307937E+02, 0.7957050E+01, 0.6578356E+01,
 0.5548000E+01, 0.2731000E+02, 0.2309718E+02, 0.7960694E+01, 0.6581245E+01,
 0.5550000E+01, 0.2733241E+02, 0.2311500E+02, 0.7964339E+01, 0.6584136E+01,
 0.5552000E+01, 0.2735480E+02, 0.2313282E+02, 0.7967986E+01, 0.6587028E+01,
 0.5554000E+01, 0.2737719E+02, 0.2315064E+02, 0.7971633E+01, 0.6589921E+01,
 0.5556000E+01, 0.2739955E+02, 0.2316846E+02, 0.7975283E+01, 0.6592817E+01,
 0.5558000E+01, 0.2742190E+02, 0.2318628E+02, 0.7978934E+01, 0.6595715E+01,
 0.5560000E+01, 0.2744423E+02, 0.2320411E+02, 0.7982586E+01, 0.6598613E+01,
 0.5562000E+01, 0.2746655E+02, 0.2322193E+02, 0.7986239E+01, 0.6601514E+01,
 0.5564000E+01, 0.2748885E+02, 0.2323976E+02, 0.7989894E+01, 0.6604417E+01,
 0.5566000E+01, 0.2751114E+02, 0.2325759E+02, 0.7993551E+01, 0.6607321E+01,
 0.5568000E+01, 0.2753341E+02, 0.2327542E+02, 0.7997209E+01, 0.6610227E+01,
 0.5570000E+01, 0.2755567E+02, 0.2329325E+02, 0.8000868E+01, 0.6613135E+01,
 0.5572000E+01, 0.2757791E+02, 0.2331108E+02, 0.8004529E+01, 0.6616044E+01,
 0.5574000E+01, 0.2760014E+02, 0.2332892E+02, 0.8008190E+01, 0.6618955E+01,
 0.5576000E+01, 0.2762235E+02, 0.2334676E+02, 0.8011854E+01, 0.6621868E+01,
 0.5578000E+01, 0.2764455E+02, 0.2336459E+02, 0.8015519E+01, 0.6624783E+01,
 0.5580000E+01, 0.2766673E+02, 0.2338243E+02, 0.8019185E+01, 0.6627699E+01,
 0.5582000E+01, 0.2768890E+02, 0.2340027E+02, 0.8022853E+01, 0.6630617E+01,
 0.5584000E+01, 0.2771106E+02, 0.2341812E+02, 0.8026522E+01, 0.6633537E+01,
 0.5586000E+01, 0.2773320E+02, 0.2343596E+02, 0.8030192E+01, 0.6636459E+01,
 0.5588000E+01, 0.2775533E+02, 0.2345381E+02, 0.8033864E+01, 0.6639382E+01,
 0.5590000E+01, 0.2777744E+02, 0.2347166E+02, 0.8037538E+01, 0.6642307E+01,
 0.5592000E+01, 0.2779954E+02, 0.2348951E+02, 0.8041212E+01, 0.6645234E+01,
 0.5594000E+01, 0.2782162E+02, 0.2350736E+02, 0.8044888E+01, 0.6648162E+01,
 0.5596000E+01, 0.2784369E+02, 0.2352522E+02, 0.8048565E+01, 0.6651093E+01,
 0.5598000E+01, 0.2786575E+02, 0.2354307E+02, 0.8052243E+01, 0.6654024E+01,
 0.5600000E+01, 0.2788779E+02, 0.2356093E+02, 0.8055923E+01, 0.6656958E+01,
 0.5602000E+01, 0.2790982E+02, 0.2357879E+02, 0.8059605E+01, 0.6659894E+01,
 0.5604000E+01, 0.2793183E+02, 0.2359665E+02, 0.8063288E+01, 0.6662830E+01,
 0.5606000E+01, 0.2795383E+02, 0.2361452E+02, 0.8066972E+01, 0.6665769E+01,
 0.5608000E+01, 0.2797582E+02, 0.2363239E+02, 0.8070658E+01, 0.6668710E+01,
 0.5610000E+01, 0.2799780E+02, 0.2365025E+02, 0.8074345E+01, 0.6671652E+01,
 0.5612000E+01, 0.2801976E+02, 0.2366813E+02, 0.8078032E+01, 0.6674596E+01,
 0.5614000E+01, 0.2804170E+02, 0.2368600E+02, 0.8081722E+01, 0.6677542E+01,
 0.5616000E+01, 0.2806364E+02, 0.2370387E+02, 0.8085413E+01, 0.6680489E+01,
 0.5618000E+01, 0.2808556E+02, 0.2372175E+02, 0.8089105E+01, 0.6683438E+01,
 0.5620000E+01, 0.2810747E+02, 0.2373963E+02, 0.8092798E+01, 0.6686389E+01,
 0.5622000E+01, 0.2812936E+02, 0.2375751E+02, 0.8096494E+01, 0.6689342E+01,
 0.5624000E+01, 0.2815125E+02, 0.2377540E+02, 0.8100190E+01, 0.6692296E+01,
 0.5626000E+01, 0.2817311E+02, 0.2379329E+02, 0.8103888E+01, 0.6695252E+01,
 0.5628000E+01, 0.2819497E+02, 0.2381118E+02, 0.8107587E+01, 0.6698210E+01,
 0.5630000E+01, 0.2821682E+02, 0.2382907E+02, 0.8111287E+01, 0.6701169E+01,
 0.5632000E+01, 0.2823865E+02, 0.2384696E+02, 0.8114988E+01, 0.6704131E+01,
 0.5634000E+01, 0.2826047E+02, 0.2386486E+02, 0.8118691E+01, 0.6707094E+01,
 0.5636000E+01, 0.2828227E+02, 0.2388276E+02, 0.8122396E+01, 0.6710058E+01,
 0.5638000E+01, 0.2830407E+02, 0.2390066E+02, 0.8126101E+01, 0.6713025E+01,
 0.5640000E+01, 0.2832585E+02, 0.2391857E+02, 0.8129808E+01, 0.6715993E+01,
 0.5642000E+01, 0.2834762E+02, 0.2393648E+02, 0.8133516E+01, 0.6718963E+01,
 0.5644000E+01, 0.2836938E+02, 0.2395439E+02, 0.8137226E+01, 0.6721934E+01,
 0.5646000E+01, 0.2839112E+02, 0.2397230E+02, 0.8140937E+01, 0.6724907E+01,
 0.5648000E+01, 0.2841286E+02, 0.2399022E+02, 0.8144649E+01, 0.6727882E+01,
 0.5650000E+01, 0.2843458E+02, 0.2400813E+02, 0.8148362E+01, 0.6730859E+01,
 0.5652000E+01, 0.2845629E+02, 0.2402605E+02, 0.8152077E+01, 0.6733838E+01,
 0.5654000E+01, 0.2847798E+02, 0.2404398E+02, 0.8155793E+01, 0.6736818E+01,
 0.5656000E+01, 0.2849967E+02, 0.2406190E+02, 0.8159511E+01, 0.6739799E+01,
 0.5658000E+01, 0.2852134E+02, 0.2407983E+02, 0.8163229E+01, 0.6742783E+01,
 0.5660000E+01, 0.2854300E+02, 0.2409777E+02, 0.8166949E+01, 0.6745769E+01,
 0.5662000E+01, 0.2856466E+02, 0.2411570E+02, 0.8170671E+01, 0.6748755E+01,
 0.5664000E+01, 0.2858629E+02, 0.2413364E+02, 0.8174393E+01, 0.6751744E+01,
 0.5666000E+01, 0.2860792E+02, 0.2415158E+02, 0.8178117E+01, 0.6754735E+01,
 0.5668000E+01, 0.2862954E+02, 0.2416953E+02, 0.8181842E+01, 0.6757727E+01,
 0.5670000E+01, 0.2865114E+02, 0.2418747E+02, 0.8185569E+01, 0.6760720E+01,
 0.5672000E+01, 0.2867274E+02, 0.2420542E+02, 0.8189296E+01, 0.6763716E+01,
 0.5674000E+01, 0.2869432E+02, 0.2422338E+02, 0.8193025E+01, 0.6766713E+01,
 0.5676000E+01, 0.2871589E+02, 0.2424133E+02, 0.8196755E+01, 0.6769712E+01,
 0.5678000E+01, 0.2873745E+02, 0.2425929E+02, 0.8200487E+01, 0.6772713E+01,
 0.5680000E+01, 0.2875900E+02, 0.2427726E+02, 0.8204220E+01, 0.6775715E+01,
 0.5682000E+01, 0.2878053E+02, 0.2429522E+02, 0.8207953E+01, 0.6778719E+01,
 0.5684000E+01, 0.2880206E+02, 0.2431319E+02, 0.8211689E+01, 0.6781725E+01,
 0.5686000E+01, 0.2882357E+02, 0.2433116E+02, 0.8215425E+01, 0.6784733E+01,
 0.5688000E+01, 0.2884508E+02, 0.2434914E+02, 0.8219164E+01, 0.6787742E+01,
 0.5690000E+01, 0.2886657E+02, 0.2436712E+02, 0.8222902E+01, 0.6790753E+01,
 0.5692000E+01, 0.2888806E+02, 0.2438510E+02, 0.8226643E+01, 0.6793766E+01,
 0.5694000E+01, 0.2890953E+02, 0.2440308E+02, 0.8230385E+01, 0.6796780E+01,
 0.5696000E+01, 0.2893099E+02, 0.2442107E+02, 0.8234127E+01, 0.6799797E+01,
 0.5698000E+01, 0.2895244E+02, 0.2443906E+02, 0.8237871E+01, 0.6802814E+01,
 0.5700000E+01, 0.2897388E+02, 0.2445706E+02, 0.8241617E+01, 0.6805834E+01,
 0.5702000E+01, 0.2899531E+02, 0.2447506E+02, 0.8245363E+01, 0.6808855E+01,
 0.5704000E+01, 0.2901673E+02, 0.2449306E+02, 0.8249111E+01, 0.6811878E+01,
 0.5706000E+01, 0.2903814E+02, 0.2451107E+02, 0.8252860E+01, 0.6814903E+01,
 0.5708000E+01, 0.2905954E+02, 0.2452908E+02, 0.8256611E+01, 0.6817929E+01,
 0.5710000E+01, 0.2908093E+02, 0.2454709E+02, 0.8260362E+01, 0.6820957E+01,
 0.5712000E+01, 0.2910231E+02, 0.2456510E+02, 0.8264114E+01, 0.6823987E+01,
 0.5714000E+01, 0.2912368E+02, 0.2458312E+02, 0.8267869E+01, 0.6827018E+01,
 0.5716000E+01, 0.2914503E+02, 0.2460115E+02, 0.8271624E+01, 0.6830051E+01,
 0.5718000E+01, 0.2916638E+02, 0.2461917E+02, 0.8275380E+01, 0.6833086E+01,
 0.5720000E+01, 0.2918772E+02, 0.2463721E+02, 0.8279139E+01, 0.6836123E+01,
 0.5722000E+01, 0.2920905E+02, 0.2465524E+02, 0.8282897E+01, 0.6839161E+01,
 0.5724000E+01, 0.2923037E+02, 0.2467328E+02, 0.8286657E+01, 0.6842201E+01,
 0.5726000E+01, 0.2925168E+02, 0.2469132E+02, 0.8290419E+01, 0.6845243E+01,
 0.5728000E+01, 0.2927298E+02, 0.2470936E+02, 0.8294181E+01, 0.6848286E+01,
 0.5730000E+01, 0.2929427E+02, 0.2472741E+02, 0.8297945E+01, 0.6851331E+01,
 0.5732000E+01, 0.2931554E+02, 0.2474546E+02, 0.8301709E+01, 0.6854378E+01,
 0.5734000E+01, 0.2933681E+02, 0.2476352E+02, 0.8305475E+01, 0.6857427E+01,
 0.5736000E+01, 0.2935807E+02, 0.2478158E+02, 0.8309243E+01, 0.6860477E+01,
 0.5738000E+01, 0.2937933E+02, 0.2479964E+02, 0.8313011E+01, 0.6863529E+01,
 0.5740000E+01, 0.2940057E+02, 0.2481771E+02, 0.8316781E+01, 0.6866582E+01,
 0.5742000E+01, 0.2942180E+02, 0.2483578E+02, 0.8320552E+01, 0.6869637E+01,
 0.5744000E+01, 0.2944302E+02, 0.2485386E+02, 0.8324324E+01, 0.6872694E+01,
 0.5746000E+01, 0.2946423E+02, 0.2487194E+02, 0.8328097E+01, 0.6875753E+01,
 0.5748000E+01, 0.2948544E+02, 0.2489002E+02, 0.8331872E+01, 0.6878814E+01,
 0.5750000E+01, 0.2950663E+02, 0.2490811E+02, 0.8335648E+01, 0.6881876E+01,
 0.5752000E+01, 0.2952782E+02, 0.2492620E+02, 0.8339424E+01, 0.6884940E+01,
 0.5754000E+01, 0.2954899E+02, 0.2494430E+02, 0.8343202E+01, 0.6888005E+01,
 0.5756000E+01, 0.2957016E+02, 0.2496240E+02, 0.8346981E+01, 0.6891072E+01,
 0.5758000E+01, 0.2959132E+02, 0.2498050E+02, 0.8350761E+01, 0.6894141E+01,
 0.5760000E+01, 0.2961246E+02, 0.2499861E+02, 0.8354543E+01, 0.6897212E+01,
 0.5762000E+01, 0.2963360E+02, 0.2501672E+02, 0.8358326E+01, 0.6900284E+01,
 0.5764000E+01, 0.2965474E+02, 0.2503484E+02, 0.8362109E+01, 0.6903358E+01,
 0.5766000E+01, 0.2967586E+02, 0.2505296E+02, 0.8365894E+01, 0.6906434E+01,
 0.5768000E+01, 0.2969697E+02, 0.2507108E+02, 0.8369680E+01, 0.6909511E+01,
 0.5770000E+01, 0.2971807E+02, 0.2508921E+02, 0.8373467E+01, 0.6912590E+01,
 0.5772000E+01, 0.2973917E+02, 0.2510734E+02, 0.8377256E+01, 0.6915671E+01,
 0.5774000E+01, 0.2976026E+02, 0.2512548E+02, 0.8381045E+01, 0.6918753E+01,
 0.5776000E+01, 0.2978133E+02, 0.2514362E+02, 0.8384836E+01, 0.6921837E+01,
 0.5778000E+01, 0.2980240E+02, 0.2516176E+02, 0.8388628E+01, 0.6924923E+01,
 0.5780000E+01, 0.2982346E+02, 0.2517991E+02, 0.8392421E+01, 0.6928010E+01,
 0.5782000E+01, 0.2984452E+02, 0.2519806E+02, 0.8396215E+01, 0.6931100E+01,
 0.5784000E+01, 0.2986556E+02, 0.2521622E+02, 0.8400010E+01, 0.6934191E+01,
 0.5786000E+01, 0.2988659E+02, 0.2523438E+02, 0.8403807E+01, 0.6937284E+01,
 0.5788000E+01, 0.2990762E+02, 0.2525255E+02, 0.8407604E+01, 0.6940378E+01,
 0.5790000E+01, 0.2992864E+02, 0.2527072E+02, 0.8411403E+01, 0.6943473E+01,
 0.5792000E+01, 0.2994965E+02, 0.2528890E+02, 0.8415203E+01, 0.6946571E+01,
 0.5794000E+01, 0.2997065E+02, 0.2530708E+02, 0.8419003E+01, 0.6949670E+01,
 0.5796000E+01, 0.2999164E+02, 0.2532526E+02, 0.8422806E+01, 0.6952772E+01,
 0.5798000E+01, 0.3001263E+02, 0.2534345E+02, 0.8426609E+01, 0.6955874E+01,
 0.5800000E+01, 0.3003361E+02, 0.2536164E+02, 0.8430413E+01, 0.6958979E+01,
 0.5802000E+01, 0.3005457E+02, 0.2537984E+02, 0.8434218E+01, 0.6962085E+01,
 0.5804000E+01, 0.3007553E+02, 0.2539804E+02, 0.8438025E+01, 0.6965192E+01,
 0.5806000E+01, 0.3009649E+02, 0.2541625E+02, 0.8441833E+01, 0.6968302E+01,
 0.5808000E+01, 0.3011743E+02, 0.2543446E+02, 0.8445641E+01, 0.6971413E+01,
 0.5810000E+01, 0.3013837E+02, 0.2545267E+02, 0.8449450E+01, 0.6974525E+01,
 0.5812000E+01, 0.3015930E+02, 0.2547090E+02, 0.8453261E+01, 0.6977640E+01,
 0.5814000E+01, 0.3018022E+02, 0.2548912E+02, 0.8457073E+01, 0.6980756E+01,
 0.5816000E+01, 0.3020113E+02, 0.2550735E+02, 0.8460887E+01, 0.6983874E+01,
 0.5818000E+01, 0.3022203E+02, 0.2552558E+02, 0.8464701E+01, 0.6986994E+01,
 0.5820000E+01, 0.3024293E+02, 0.2554382E+02, 0.8468515E+01, 0.6990115E+01,
 0.5822000E+01, 0.3026382E+02, 0.2556207E+02, 0.8472332E+01, 0.6993237E+01,
 0.5824000E+01, 0.3028470E+02, 0.2558031E+02, 0.8476150E+01, 0.6996362E+01,
 0.5826000E+01, 0.3030557E+02, 0.2559857E+02, 0.8479968E+01, 0.6999488E+01,
 0.5828000E+01, 0.3032644E+02, 0.2561682E+02, 0.8483788E+01, 0.7002616E+01,
 0.5830000E+01, 0.3034730E+02, 0.2563509E+02, 0.8487608E+01, 0.7005746E+01,
 0.5832000E+01, 0.3036815E+02, 0.2565335E+02, 0.8491429E+01, 0.7008877E+01,
 0.5834000E+01, 0.3038899E+02, 0.2567162E+02, 0.8495253E+01, 0.7012010E+01,
 0.5836000E+01, 0.3040983E+02, 0.2568990E+02, 0.8499076E+01, 0.7015145E+01,
 0.5838000E+01, 0.3043065E+02, 0.2570818E+02, 0.8502901E+01, 0.7018281E+01,
 0.5840000E+01, 0.3045148E+02, 0.2572647E+02, 0.8506727E+01, 0.7021419E+01,
 0.5842000E+01, 0.3047229E+02, 0.2574476E+02, 0.8510553E+01, 0.7024559E+01,
 0.5844000E+01, 0.3049309E+02, 0.2576305E+02, 0.8514381E+01, 0.7027700E+01,
 0.5846000E+01, 0.3051389E+02, 0.2578135E+02, 0.8518210E+01, 0.7030843E+01,
 0.5848000E+01, 0.3053468E+02, 0.2579966E+02, 0.8522041E+01, 0.7033988E+01,
 0.5850000E+01, 0.3055547E+02, 0.2581797E+02, 0.8525872E+01, 0.7037134E+01,
 0.5852000E+01, 0.3057624E+02, 0.2583628E+02, 0.8529704E+01, 0.7040282E+01,
 0.5854000E+01, 0.3059701E+02, 0.2585460E+02, 0.8533538E+01, 0.7043431E+01,
 0.5856000E+01, 0.3061777E+02, 0.2587293E+02, 0.8537372E+01, 0.7046583E+01,
 0.5858000E+01, 0.3063853E+02, 0.2589126E+02, 0.8541207E+01, 0.7049736E+01,
 0.5860000E+01, 0.3065928E+02, 0.2590960E+02, 0.8545043E+01, 0.7052890E+01,
 0.5862000E+01, 0.3068002E+02, 0.2592793E+02, 0.8548881E+01, 0.7056047E+01,
 0.5864000E+01, 0.3070075E+02, 0.2594628E+02, 0.8552719E+01, 0.7059205E+01,
 0.5866000E+01, 0.3072147E+02, 0.2596463E+02, 0.8556559E+01, 0.7062365E+01,
 0.5868000E+01, 0.3074219E+02, 0.2598299E+02, 0.8560399E+01, 0.7065526E+01,
 0.5870000E+01, 0.3076291E+02, 0.2600135E+02, 0.8564240E+01, 0.7068689E+01,
 0.5872000E+01, 0.3078361E+02, 0.2601971E+02, 0.8568083E+01, 0.7071853E+01,
 0.5874000E+01, 0.3080431E+02, 0.2603808E+02, 0.8571926E+01, 0.7075020E+01,
 0.5876000E+01, 0.3082500E+02, 0.2605646E+02, 0.8575770E+01, 0.7078187E+01,
 0.5878000E+01, 0.3084569E+02, 0.2607484E+02, 0.8579617E+01, 0.7081357E+01,
 0.5880000E+01, 0.3086636E+02, 0.2609322E+02, 0.8583463E+01, 0.7084528E+01,
 0.5882000E+01, 0.3088703E+02, 0.2611161E+02, 0.8587310E+01, 0.7087701E+01,
 0.5884000E+01, 0.3090770E+02, 0.2613001E+02, 0.8591159E+01, 0.7090876E+01,
 0.5886000E+01, 0.3092836E+02, 0.2614841E+02, 0.8595008E+01, 0.7094052E+01,
 0.5888000E+01, 0.3094901E+02, 0.2616682E+02, 0.8598859E+01, 0.7097230E+01,
 0.5890000E+01, 0.3096965E+02, 0.2618523E+02, 0.8602710E+01, 0.7100410E+01,
 0.5892000E+01, 0.3099029E+02, 0.2620365E+02, 0.8606563E+01, 0.7103591E+01,
 0.5894000E+01, 0.3101092E+02, 0.2622207E+02, 0.8610415E+01, 0.7106774E+01,
 0.5896000E+01, 0.3103154E+02, 0.2624050E+02, 0.8614270E+01, 0.7109959E+01,
 0.5898000E+01, 0.3105216E+02, 0.2625893E+02, 0.8618126E+01, 0.7113145E+01,
 0.5900000E+01, 0.3107277E+02, 0.2627737E+02, 0.8621982E+01, 0.7116333E+01,
 0.5902000E+01, 0.3109337E+02, 0.2629581E+02, 0.8625839E+01, 0.7119523E+01,
 0.5904000E+01, 0.3111397E+02, 0.2631426E+02, 0.8629698E+01, 0.7122714E+01,
 0.5906000E+01, 0.3113456E+02, 0.2633272E+02, 0.8633556E+01, 0.7125906E+01,
 0.5908000E+01, 0.3115515E+02, 0.2635118E+02, 0.8637417E+01, 0.7129101E+01,
 0.5910000E+01, 0.3117573E+02, 0.2636964E+02, 0.8641278E+01, 0.7132297E+01,
 0.5912000E+01, 0.3119630E+02, 0.2638811E+02, 0.8645141E+01, 0.7135495E+01,
 0.5914000E+01, 0.3121687E+02, 0.2640659E+02, 0.8649003E+01, 0.7138694E+01,
 0.5916000E+01, 0.3123742E+02, 0.2642507E+02, 0.8652867E+01, 0.7141895E+01,
 0.5918000E+01, 0.3125798E+02, 0.2644355E+02, 0.8656733E+01, 0.7145098E+01,
 0.5920000E+01, 0.3127853E+02, 0.2646204E+02, 0.8660599E+01, 0.7148303E+01,
 0.5922000E+01, 0.3129907E+02, 0.2648054E+02, 0.8664465E+01, 0.7151509E+01,
 0.5924000E+01, 0.3131960E+02, 0.2649904E+02, 0.8668333E+01, 0.7154716E+01,
 0.5926000E+01, 0.3134013E+02, 0.2651755E+02, 0.8672202E+01, 0.7157926E+01,
 0.5928000E+01, 0.3136065E+02, 0.2653607E+02, 0.8676071E+01, 0.7161137E+01,
 0.5930000E+01, 0.3138117E+02, 0.2655459E+02, 0.8679942E+01, 0.7164350E+01,
 0.5932000E+01, 0.3140168E+02, 0.2657311E+02, 0.8683814E+01, 0.7167563E+01,
 0.5934000E+01, 0.3142218E+02, 0.2659164E+02, 0.8687686E+01, 0.7170780E+01,
 0.5936000E+01, 0.3144268E+02, 0.2661018E+02, 0.8691560E+01, 0.7173997E+01,
 0.5938000E+01, 0.3146317E+02, 0.2662872E+02, 0.8695434E+01, 0.7177217E+01,
 0.5940000E+01, 0.3148366E+02, 0.2664727E+02, 0.8699309E+01, 0.7180437E+01,
 0.5942000E+01, 0.3150414E+02, 0.2666582E+02, 0.8703185E+01, 0.7183660E+01,
 0.5944000E+01, 0.3152461E+02, 0.2668438E+02, 0.8707063E+01, 0.7186884E+01,
 0.5946000E+01, 0.3154508E+02, 0.2670294E+02, 0.8710940E+01, 0.7190110E+01,
 0.5948000E+01, 0.3156554E+02, 0.2672151E+02, 0.8714819E+01, 0.7193337E+01,
 0.5950000E+01, 0.3158599E+02, 0.2674009E+02, 0.8718699E+01, 0.7196566E+01,
 0.5952000E+01, 0.3160644E+02, 0.2675867E+02, 0.8722580E+01, 0.7199797E+01,
 0.5954000E+01, 0.3162689E+02, 0.2677725E+02, 0.8726461E+01, 0.7203029E+01,
 0.5956000E+01, 0.3164733E+02, 0.2679585E+02, 0.8730344E+01, 0.7206263E+01,
 0.5958000E+01, 0.3166776E+02, 0.2681444E+02, 0.8734227E+01, 0.7209499E+01,
 0.5960000E+01, 0.3168818E+02, 0.2683305E+02, 0.8738111E+01, 0.7212736E+01,
 0.5962000E+01, 0.3170861E+02, 0.2685165E+02, 0.8741997E+01, 0.7215975E+01,
 0.5964000E+01, 0.3172902E+02, 0.2687027E+02, 0.8745883E+01, 0.7219215E+01,
 0.5966000E+01, 0.3174943E+02, 0.2688889E+02, 0.8749770E+01, 0.7222457E+01,
 0.5968000E+01, 0.3176983E+02, 0.2690752E+02, 0.8753657E+01, 0.7225701E+01,
 0.5970000E+01, 0.3179023E+02, 0.2692615E+02, 0.8757546E+01, 0.7228947E+01,
 0.5972000E+01, 0.3181063E+02, 0.2694479E+02, 0.8761436E+01, 0.7232193E+01,
 0.5974000E+01, 0.3183101E+02, 0.2696343E+02, 0.8765326E+01, 0.7235442E+01,
 0.5976000E+01, 0.3185139E+02, 0.2698208E+02, 0.8769217E+01, 0.7238693E+01,
 0.5978000E+01, 0.3187177E+02, 0.2700074E+02, 0.8773109E+01, 0.7241945E+01,
 0.5980000E+01, 0.3189214E+02, 0.2701940E+02, 0.8777002E+01, 0.7245198E+01,
 0.5982000E+01, 0.3191250E+02, 0.2703806E+02, 0.8780896E+01, 0.7248453E+01,
 0.5984000E+01, 0.3193286E+02, 0.2705674E+02, 0.8784791E+01, 0.7251710E+01,
 0.5986000E+01, 0.3195322E+02, 0.2707541E+02, 0.8788687E+01, 0.7254969E+01,
 0.5988000E+01, 0.3197356E+02, 0.2709410E+02, 0.8792583E+01, 0.7258229E+01,
 0.5990000E+01, 0.3199391E+02, 0.2711279E+02, 0.8796481E+01, 0.7261490E+01,
 0.5992000E+01, 0.3201424E+02, 0.2713149E+02, 0.8800379E+01, 0.7264753E+01,
 0.5994000E+01, 0.3203458E+02, 0.2715019E+02, 0.8804277E+01, 0.7268019E+01,
 0.5996000E+01, 0.3205490E+02, 0.2716890E+02, 0.8808178E+01, 0.7271285E+01,
 0.5998000E+01, 0.3207522E+02, 0.2718761E+02, 0.8812078E+01, 0.7274553E+01,
 0.6000000E+01, 0.3209554E+02, 0.2720633E+02, 0.8815980E+01, 0.7277823E+01,
 0.6002000E+01, 0.3211585E+02, 0.2722506E+02, 0.8819882E+01, 0.7281095E+01,
 0.6004000E+01, 0.3213615E+02, 0.2724379E+02, 0.8823785E+01, 0.7284368E+01,
 0.6006000E+01, 0.3215645E+02, 0.2726253E+02, 0.8827689E+01, 0.7287642E+01,
 0.6008000E+01, 0.3217675E+02, 0.2728127E+02, 0.8831594E+01, 0.7290918E+01,
 0.6010000E+01, 0.3219704E+02, 0.2730002E+02, 0.8835500E+01, 0.7294196E+01,
 0.6012000E+01, 0.3221732E+02, 0.2731878E+02, 0.8839406E+01, 0.7297476E+01,
 0.6014000E+01, 0.3223760E+02, 0.2733754E+02, 0.8843313E+01, 0.7300757E+01,
 0.6016000E+01, 0.3225787E+02, 0.2735631E+02, 0.8847221E+01, 0.7304039E+01,
 0.6018000E+01, 0.3227814E+02, 0.2737508E+02, 0.8851130E+01, 0.7307324E+01,
 0.6020000E+01, 0.3229840E+02, 0.2739386E+02, 0.8855040E+01, 0.7310610E+01,
 0.6022000E+01, 0.3231866E+02, 0.2741265E+02, 0.8858951E+01, 0.7313898E+01,
 0.6024000E+01, 0.3233892E+02, 0.2743144E+02, 0.8862862E+01, 0.7317187E+01,
 0.6026000E+01, 0.3235916E+02, 0.2745024E+02, 0.8866774E+01, 0.7320477E+01,
 0.6028000E+01, 0.3237941E+02, 0.2746904E+02, 0.8870687E+01, 0.7323770E+01,
 0.6030000E+01, 0.3239964E+02, 0.2748785E+02, 0.8874600E+01, 0.7327064E+01,
 0.6032000E+01, 0.3241988E+02, 0.2750667E+02, 0.8878514E+01, 0.7330359E+01,
 0.6034000E+01, 0.3244010E+02, 0.2752549E+02, 0.8882430E+01, 0.7333657E+01,
 0.6036000E+01, 0.3246033E+02, 0.2754432E+02, 0.8886346E+01, 0.7336956E+01,
 0.6038000E+01, 0.3248054E+02, 0.2756315E+02, 0.8890263E+01, 0.7340256E+01,
 0.6040000E+01, 0.3250076E+02, 0.2758200E+02, 0.8894180E+01, 0.7343558E+01,
 0.6042000E+01, 0.3252096E+02, 0.2760084E+02, 0.8898098E+01, 0.7346862E+01,
 0.6044000E+01, 0.3254116E+02, 0.2761970E+02, 0.8902018E+01, 0.7350167E+01,
 0.6046000E+01, 0.3256136E+02, 0.2763856E+02, 0.8905937E+01, 0.7353474E+01,
 0.6048000E+01, 0.3258155E+02, 0.2765742E+02, 0.8909858E+01, 0.7356782E+01,
 0.6050000E+01, 0.3260175E+02, 0.2767629E+02, 0.8913779E+01, 0.7360092E+01,
 0.6052000E+01, 0.3262193E+02, 0.2769517E+02, 0.8917702E+01, 0.7363404E+01,
 0.6054000E+01, 0.3264211E+02, 0.2771406E+02, 0.8921624E+01, 0.7366717E+01,
 0.6056000E+01, 0.3266228E+02, 0.2773295E+02, 0.8925548E+01, 0.7370032E+01,
 0.6058000E+01, 0.3268245E+02, 0.2775184E+02, 0.8929473E+01, 0.7373349E+01,
 0.6060000E+01, 0.3270261E+02, 0.2777074E+02, 0.8933397E+01, 0.7376667E+01,
 0.6062000E+01, 0.3272277E+02, 0.2778965E+02, 0.8937324E+01, 0.7379986E+01,
 0.6064000E+01, 0.3274292E+02, 0.2780857E+02, 0.8941250E+01, 0.7383307E+01,
 0.6066000E+01, 0.3276307E+02, 0.2782749E+02, 0.8945178E+01, 0.7386631E+01,
 0.6068000E+01, 0.3278322E+02, 0.2784642E+02, 0.8949105E+01, 0.7389955E+01,
 0.6070000E+01, 0.3280336E+02, 0.2786535E+02, 0.8953034E+01, 0.7393281E+01,
 0.6072000E+01, 0.3282349E+02, 0.2788429E+02, 0.8956964E+01, 0.7396608E+01,
 0.6074000E+01, 0.3284362E+02, 0.2790324E+02, 0.8960895E+01, 0.7399938E+01,
 0.6076000E+01, 0.3286375E+02, 0.2792219E+02, 0.8964826E+01, 0.7403268E+01,
 0.6078000E+01, 0.3288387E+02, 0.2794115E+02, 0.8968758E+01, 0.7406601E+01,
 0.6080000E+01, 0.3290398E+02, 0.2796012E+02, 0.8972690E+01, 0.7409935E+01,
 0.6082000E+01, 0.3292410E+02, 0.2797909E+02, 0.8976623E+01, 0.7413270E+01,
 0.6084000E+01, 0.3294420E+02, 0.2799807E+02, 0.8980556E+01, 0.7416607E+01,
 0.6086000E+01, 0.3296431E+02, 0.2801706E+02, 0.8984491E+01, 0.7419946E+01,
 0.6088000E+01, 0.3298441E+02, 0.2803605E+02, 0.8988427E+01, 0.7423286E+01,
 0.6090000E+01, 0.3300450E+02, 0.2805504E+02, 0.8992363E+01, 0.7426629E+01,
 0.6092000E+01, 0.3302459E+02, 0.2807405E+02, 0.8996300E+01, 0.7429972E+01,
 0.6094000E+01, 0.3304467E+02, 0.2809306E+02, 0.9000237E+01, 0.7433317E+01,
 0.6096000E+01, 0.3306475E+02, 0.2811207E+02, 0.9004175E+01, 0.7436664E+01,
 0.6098000E+01, 0.3308482E+02, 0.2813110E+02, 0.9008114E+01, 0.7440012E+01,
 0.6100000E+01, 0.3310490E+02, 0.2815013E+02, 0.9012053E+01, 0.7443362E+01,
 0.6102000E+01, 0.3312496E+02, 0.2816916E+02, 0.9015993E+01, 0.7446713E+01,
 0.6104000E+01, 0.3314502E+02, 0.2818821E+02, 0.9019935E+01, 0.7450067E+01,
 0.6106000E+01, 0.3316508E+02, 0.2820725E+02, 0.9023876E+01, 0.7453421E+01,
 0.6108000E+01, 0.3318513E+02, 0.2822631E+02, 0.9027818E+01, 0.7456777E+01,
 0.6110000E+01, 0.3320518E+02, 0.2824537E+02, 0.9031761E+01, 0.7460135E+01,
 0.6112000E+01, 0.3322523E+02, 0.2826444E+02, 0.9035705E+01, 0.7463494E+01,
 0.6114000E+01, 0.3324527E+02, 0.2828351E+02, 0.9039649E+01, 0.7466855E+01,
 0.6116000E+01, 0.3326530E+02, 0.2830260E+02, 0.9043593E+01, 0.7470217E+01,
 0.6118000E+01, 0.3328533E+02, 0.2832168E+02, 0.9047540E+01, 0.7473581E+01,
 0.6120000E+01, 0.3330536E+02, 0.2834078E+02, 0.9051486E+01, 0.7476947E+01,
 0.6122000E+01, 0.3332538E+02, 0.2835988E+02, 0.9055432E+01, 0.7480314E+01,
 0.6124000E+01, 0.3334540E+02, 0.2837898E+02, 0.9059381E+01, 0.7483683E+01,
 0.6126000E+01, 0.3336541E+02, 0.2839810E+02, 0.9063329E+01, 0.7487053E+01,
 0.6128000E+01, 0.3338542E+02, 0.2841722E+02, 0.9067277E+01, 0.7490425E+01,
 0.6130000E+01, 0.3340542E+02, 0.2843634E+02, 0.9071227E+01, 0.7493799E+01,
 0.6132000E+01, 0.3342542E+02, 0.2845548E+02, 0.9075177E+01, 0.7497174E+01,
 0.6134000E+01, 0.3344542E+02, 0.2847462E+02, 0.9079127E+01, 0.7500550E+01,
 0.6136000E+01, 0.3346541E+02, 0.2849376E+02, 0.9083079E+01, 0.7503928E+01,
 0.6138000E+01, 0.3348540E+02, 0.2851291E+02, 0.9087031E+01, 0.7507308E+01,
 0.6140000E+01, 0.3350538E+02, 0.2853207E+02, 0.9090983E+01, 0.7510689E+01,
 0.6142000E+01, 0.3352536E+02, 0.2855124E+02, 0.9094937E+01, 0.7514072E+01,
 0.6144000E+01, 0.3354533E+02, 0.2857041E+02, 0.9098891E+01, 0.7517457E+01,
 0.6146000E+01, 0.3356531E+02, 0.2858959E+02, 0.9102845E+01, 0.7520843E+01,
 0.6148000E+01, 0.3358527E+02, 0.2860878E+02, 0.9106801E+01, 0.7524230E+01,
 0.6150000E+01, 0.3360524E+02, 0.2862797E+02, 0.9110757E+01, 0.7527619E+01,
 0.6152000E+01, 0.3362519E+02, 0.2864717E+02, 0.9114713E+01, 0.7531010E+01,
 0.6154000E+01, 0.3364515E+02, 0.2866637E+02, 0.9118670E+01, 0.7534402E+01,
 0.6156000E+01, 0.3366510E+02, 0.2868558E+02, 0.9122627E+01, 0.7537796E+01,
 0.6158000E+01, 0.3368504E+02, 0.2870480E+02, 0.9126586E+01, 0.7541191E+01,
 0.6160000E+01, 0.3370498E+02, 0.2872403E+02, 0.9130545E+01, 0.7544588E+01,
 0.6162000E+01, 0.3372492E+02, 0.2874326E+02, 0.9134504E+01, 0.7547986E+01,
 0.6164000E+01, 0.3374485E+02, 0.2876250E+02, 0.9138464E+01, 0.7551386E+01,
 0.6166000E+01, 0.3376478E+02, 0.2878174E+02, 0.9142425E+01, 0.7554788E+01,
 0.6168000E+01, 0.3378471E+02, 0.2880099E+02, 0.9146386E+01, 0.7558191E+01,
 0.6170000E+01, 0.3380463E+02, 0.2882025E+02, 0.9150348E+01, 0.7561595E+01,
 0.6172000E+01, 0.3382454E+02, 0.2883952E+02, 0.9154310E+01, 0.7565001E+01,
 0.6174000E+01, 0.3384446E+02, 0.2885879E+02, 0.9158274E+01, 0.7568409E+01,
 0.6176000E+01, 0.3386436E+02, 0.2887807E+02, 0.9162237E+01, 0.7571818E+01,
 0.6178000E+01, 0.3388427E+02, 0.2889735E+02, 0.9166202E+01, 0.7575229E+01,
 0.6180000E+01, 0.3390417E+02, 0.2891664E+02, 0.9170166E+01, 0.7578641E+01,
 0.6182000E+01, 0.3392407E+02, 0.2893594E+02, 0.9174131E+01, 0.7582056E+01,
 0.6184000E+01, 0.3394396E+02, 0.2895524E+02, 0.9178097E+01, 0.7585471E+01,
 0.6186000E+01, 0.3396385E+02, 0.2897456E+02, 0.9182064E+01, 0.7588888E+01,
 0.6188000E+01, 0.3398373E+02, 0.2899387E+02, 0.9186030E+01, 0.7592307E+01,
 0.6190000E+01, 0.3400361E+02, 0.2901320E+02, 0.9189999E+01, 0.7595726E+01,
 0.6192000E+01, 0.3402349E+02, 0.2903253E+02, 0.9193966E+01, 0.7599148E+01,
 0.6194000E+01, 0.3404336E+02, 0.2905187E+02, 0.9197935E+01, 0.7602571E+01,
 0.6196000E+01, 0.3406323E+02, 0.2907121E+02, 0.9201904E+01, 0.7605996E+01,
 0.6198000E+01, 0.3408310E+02, 0.2909056E+02, 0.9205874E+01, 0.7609422E+01,
 0.6200000E+01, 0.3410296E+02, 0.2910992E+02, 0.9209845E+01, 0.7612850E+01,
 0.6202000E+01, 0.3412281E+02, 0.2912929E+02, 0.9213815E+01, 0.7616279E+01,
 0.6204000E+01, 0.3414267E+02, 0.2914866E+02, 0.9217787E+01, 0.7619710E+01,
 0.6206000E+01, 0.3416252E+02, 0.2916804E+02, 0.9221759E+01, 0.7623142E+01,
 0.6208000E+01, 0.3418236E+02, 0.2918742E+02, 0.9225731E+01, 0.7626576E+01,
 0.6210000E+01, 0.3420220E+02, 0.2920682E+02, 0.9229704E+01, 0.7630012E+01,
 0.6212000E+01, 0.3422204E+02, 0.2922622E+02, 0.9233678E+01, 0.7633449E+01,
 0.6214000E+01, 0.3424187E+02, 0.2924562E+02, 0.9237652E+01, 0.7636887E+01,
 0.6216000E+01, 0.3426170E+02, 0.2926503E+02, 0.9241626E+01, 0.7640327E+01,
 0.6218000E+01, 0.3428153E+02, 0.2928445E+02, 0.9245602E+01, 0.7643769E+01,
 0.6220000E+01, 0.3430135E+02, 0.2930388E+02, 0.9249577E+01, 0.7647212E+01,
 0.6222000E+01, 0.3432117E+02, 0.2932331E+02, 0.9253553E+01, 0.7650656E+01,
 0.6224000E+01, 0.3434098E+02, 0.2934275E+02, 0.9257529E+01, 0.7654102E+01,
 0.6226000E+01, 0.3436079E+02, 0.2936220E+02, 0.9261507E+01, 0.7657550E+01,
 0.6228000E+01, 0.3438060E+02, 0.2938165E+02, 0.9265485E+01, 0.7660999E+01,
 0.6230000E+01, 0.3440041E+02, 0.2940111E+02, 0.9269463E+01, 0.7664450E+01,
 0.6232000E+01, 0.3442020E+02, 0.2942058E+02, 0.9273441E+01, 0.7667902E+01,
 0.6234000E+01, 0.3444000E+02, 0.2944005E+02, 0.9277420E+01, 0.7671356E+01,
 0.6236000E+01, 0.3445979E+02, 0.2945953E+02, 0.9281400E+01, 0.7674811E+01,
 0.6238000E+01, 0.3447958E+02, 0.2947902E+02, 0.9285380E+01, 0.7678268E+01,
 0.6240000E+01, 0.3449936E+02, 0.2949851E+02, 0.9289361E+01, 0.7681726E+01,
 0.6242000E+01, 0.3451914E+02, 0.2951801E+02, 0.9293342E+01, 0.7685186E+01,
 0.6244000E+01, 0.3453892E+02, 0.2953752E+02, 0.9297323E+01, 0.7688647E+01,
 0.6246000E+01, 0.3455869E+02, 0.2955703E+02, 0.9301306E+01, 0.7692110E+01,
 0.6248000E+01, 0.3457846E+02, 0.2957655E+02, 0.9305288E+01, 0.7695574E+01,
 0.6250000E+01, 0.3459823E+02, 0.2959608E+02, 0.9309271E+01, 0.7699040E+01,
 0.6252000E+01, 0.3461799E+02, 0.2961562E+02, 0.9313254E+01, 0.7702507E+01,
 0.6254000E+01, 0.3463774E+02, 0.2963516E+02, 0.9317239E+01, 0.7705976E+01,
 0.6256000E+01, 0.3465750E+02, 0.2965471E+02, 0.9321223E+01, 0.7709447E+01,
 0.6258000E+01, 0.3467725E+02, 0.2967426E+02, 0.9325208E+01, 0.7712919E+01,
 0.6260000E+01, 0.3469700E+02, 0.2969382E+02, 0.9329193E+01, 0.7716392E+01,
 0.6262000E+01, 0.3471674E+02, 0.2971339E+02, 0.9333179E+01, 0.7719867E+01,
 0.6264000E+01, 0.3473648E+02, 0.2973297E+02, 0.9337166E+01, 0.7723343E+01,
 0.6266000E+01, 0.3475622E+02, 0.2975255E+02, 0.9341152E+01, 0.7726821E+01,
 0.6268000E+01, 0.3477595E+02, 0.2977214E+02, 0.9345140E+01, 0.7730300E+01,
 0.6270000E+01, 0.3479568E+02, 0.2979174E+02, 0.9349127E+01, 0.7733781E+01,
 0.6272000E+01, 0.3481540E+02, 0.2981134E+02, 0.9353115E+01, 0.7737264E+01,
 0.6274000E+01, 0.3483512E+02, 0.2983095E+02, 0.9357103E+01, 0.7740748E+01,
 0.6276000E+01, 0.3485484E+02, 0.2985057E+02, 0.9361093E+01, 0.7744233E+01,
 0.6278000E+01, 0.3487456E+02, 0.2987019E+02, 0.9365082E+01, 0.7747720E+01,
 0.6280000E+01, 0.3489426E+02, 0.2988982E+02, 0.9369072E+01, 0.7751208E+01,
 0.6282000E+01, 0.3491397E+02, 0.2990946E+02, 0.9373062E+01, 0.7754698E+01,
 0.6284000E+01, 0.3493368E+02, 0.2992910E+02, 0.9377052E+01, 0.7758190E+01,
 0.6286000E+01, 0.3495338E+02, 0.2994875E+02, 0.9381043E+01, 0.7761683E+01,
 0.6288000E+01, 0.3497307E+02, 0.2996841E+02, 0.9385036E+01, 0.7765177E+01,
 0.6290000E+01, 0.3499276E+02, 0.2998808E+02, 0.9389027E+01, 0.7768673E+01,
 0.6292000E+01, 0.3501245E+02, 0.3000775E+02, 0.9393020E+01, 0.7772170E+01,
 0.6294000E+01, 0.3503214E+02, 0.3002743E+02, 0.9397012E+01, 0.7775669E+01,
 0.6296000E+01, 0.3505182E+02, 0.3004711E+02, 0.9401005E+01, 0.7779170E+01,
 0.6298000E+01, 0.3507150E+02, 0.3006681E+02, 0.9404999E+01, 0.7782671E+01,
 0.6300000E+01, 0.3509117E+02, 0.3008651E+02, 0.9408993E+01, 0.7786174E+01,
 0.6302000E+01, 0.3511084E+02, 0.3010621E+02, 0.9412987E+01, 0.7789679E+01,
 0.6304000E+01, 0.3513051E+02, 0.3012593E+02, 0.9416982E+01, 0.7793186E+01,
 0.6306000E+01, 0.3515017E+02, 0.3014565E+02, 0.9420977E+01, 0.7796693E+01,
 0.6308000E+01, 0.3516983E+02, 0.3016537E+02, 0.9424973E+01, 0.7800202E+01,
 0.6310000E+01, 0.3518949E+02, 0.3018511E+02, 0.9428968E+01, 0.7803713E+01,
 0.6312000E+01, 0.3520914E+02, 0.3020485E+02, 0.9432964E+01, 0.7807225E+01,
 0.6314000E+01, 0.3522879E+02, 0.3022460E+02, 0.9436961E+01, 0.7810739E+01,
 0.6316000E+01, 0.3524844E+02, 0.3024435E+02, 0.9440958E+01, 0.7814254E+01,
 0.6318000E+01, 0.3526809E+02, 0.3026411E+02, 0.9444956E+01, 0.7817771E+01,
 0.6320000E+01, 0.3528772E+02, 0.3028388E+02, 0.9448954E+01, 0.7821289E+01,
 0.6322000E+01, 0.3530736E+02, 0.3030366E+02, 0.9452951E+01, 0.7824809E+01,
 0.6324000E+01, 0.3532699E+02, 0.3032344E+02, 0.9456950E+01, 0.7828330E+01,
 0.6326000E+01, 0.3534662E+02, 0.3034323E+02, 0.9460949E+01, 0.7831852E+01,
 0.6328000E+01, 0.3536625E+02, 0.3036303E+02, 0.9464949E+01, 0.7835376E+01,
 0.6330000E+01, 0.3538587E+02, 0.3038283E+02, 0.9468948E+01, 0.7838902E+01,
 0.6332000E+01, 0.3540549E+02, 0.3040264E+02, 0.9472948E+01, 0.7842429E+01,
 0.6334000E+01, 0.3542510E+02, 0.3042246E+02, 0.9476949E+01, 0.7845957E+01,
 0.6336000E+01, 0.3544471E+02, 0.3044228E+02, 0.9480949E+01, 0.7849487E+01,
 0.6338000E+01, 0.3546432E+02, 0.3046211E+02, 0.9484950E+01, 0.7853018E+01,
 0.6340000E+01, 0.3548392E+02, 0.3048195E+02, 0.9488952E+01, 0.7856551E+01,
 0.6342000E+01, 0.3550352E+02, 0.3050179E+02, 0.9492953E+01, 0.7860085E+01,
 0.6344000E+01, 0.3552312E+02, 0.3052165E+02, 0.9496955E+01, 0.7863621E+01,
 0.6346000E+01, 0.3554272E+02, 0.3054151E+02, 0.9500957E+01, 0.7867158E+01,
 0.6348000E+01, 0.3556231E+02, 0.3056137E+02, 0.9504960E+01, 0.7870697E+01,
 0.6350000E+01, 0.3558189E+02, 0.3058125E+02, 0.9508964E+01, 0.7874237E+01,
 0.6352000E+01, 0.3560148E+02, 0.3060112E+02, 0.9512967E+01, 0.7877779E+01,
 0.6354000E+01, 0.3562106E+02, 0.3062101E+02, 0.9516971E+01, 0.7881321E+01,
 0.6356000E+01, 0.3564064E+02, 0.3064091E+02, 0.9520974E+01, 0.7884866E+01,
 0.6358000E+01, 0.3566021E+02, 0.3066080E+02, 0.9524979E+01, 0.7888412E+01,
 0.6360000E+01, 0.3567978E+02, 0.3068071E+02, 0.9528984E+01, 0.7891959E+01,
 0.6362000E+01, 0.3569934E+02, 0.3070063E+02, 0.9532989E+01, 0.7895508E+01,
 0.6364000E+01, 0.3571891E+02, 0.3072055E+02, 0.9536994E+01, 0.7899058E+01,
 0.6366000E+01, 0.3573847E+02, 0.3074048E+02, 0.9540999E+01, 0.7902610E+01,
 0.6368000E+01, 0.3575803E+02, 0.3076041E+02, 0.9545006E+01, 0.7906163E+01,
 0.6370000E+01, 0.3577758E+02, 0.3078035E+02, 0.9549011E+01, 0.7909718E+01,
 0.6372000E+01, 0.3579713E+02, 0.3080030E+02, 0.9553019E+01, 0.7913274E+01,
 0.6374000E+01, 0.3581667E+02, 0.3082026E+02, 0.9557025E+01, 0.7916831E+01,
 0.6376000E+01, 0.3583622E+02, 0.3084022E+02, 0.9561032E+01, 0.7920391E+01,
 0.6378000E+01, 0.3585575E+02, 0.3086019E+02, 0.9565040E+01, 0.7923951E+01,
 0.6380000E+01, 0.3587529E+02, 0.3088017E+02, 0.9569047E+01, 0.7927513E+01,
 0.6382000E+01, 0.3589482E+02, 0.3090015E+02, 0.9573055E+01, 0.7931076E+01,
 0.6384000E+01, 0.3591435E+02, 0.3092015E+02, 0.9577064E+01, 0.7934641E+01,
 0.6386000E+01, 0.3593388E+02, 0.3094014E+02, 0.9581072E+01, 0.7938207E+01,
 0.6388000E+01, 0.3595340E+02, 0.3096015E+02, 0.9585081E+01, 0.7941774E+01,
 0.6390000E+01, 0.3597292E+02, 0.3098016E+02, 0.9589089E+01, 0.7945343E+01,
 0.6392000E+01, 0.3599244E+02, 0.3100018E+02, 0.9593099E+01, 0.7948914E+01,
 0.6394000E+01, 0.3601195E+02, 0.3102020E+02, 0.9597109E+01, 0.7952486E+01,
 0.6396000E+01, 0.3603146E+02, 0.3104024E+02, 0.9601118E+01, 0.7956059E+01,
 0.6398000E+01, 0.3605096E+02, 0.3106028E+02, 0.9605128E+01, 0.7959634E+01,
 0.6400000E+01, 0.3607047E+02, 0.3108032E+02, 0.9609139E+01, 0.7963211E+01,
 0.6402000E+01, 0.3608997E+02, 0.3110038E+02, 0.9613150E+01, 0.7966788E+01,
 0.6404000E+01, 0.3610946E+02, 0.3112044E+02, 0.9617161E+01, 0.7970367E+01,
 0.6406000E+01, 0.3612895E+02, 0.3114050E+02, 0.9621172E+01, 0.7973948E+01,
 0.6408000E+01, 0.3614844E+02, 0.3116058E+02, 0.9625183E+01, 0.7977530E+01,
 0.6410000E+01, 0.3616793E+02, 0.3118066E+02, 0.9629195E+01, 0.7981113E+01,
 0.6412000E+01, 0.3618741E+02, 0.3120075E+02, 0.9633206E+01, 0.7984698E+01,
 0.6414000E+01, 0.3620689E+02, 0.3122084E+02, 0.9637218E+01, 0.7988284E+01,
 0.6416000E+01, 0.3622636E+02, 0.3124095E+02, 0.9641232E+01, 0.7991871E+01,
 0.6418000E+01, 0.3624584E+02, 0.3126105E+02, 0.9645244E+01, 0.7995461E+01,
 0.6420000E+01, 0.3626530E+02, 0.3128117E+02, 0.9649257E+01, 0.7999051E+01,
 0.6422000E+01, 0.3628477E+02, 0.3130129E+02, 0.9653270E+01, 0.8002643E+01,
 0.6424000E+01, 0.3630423E+02, 0.3132142E+02, 0.9657283E+01, 0.8006236E+01,
 0.6426000E+01, 0.3632369E+02, 0.3134156E+02, 0.9661297E+01, 0.8009830E+01,
 0.6428000E+01, 0.3634315E+02, 0.3136170E+02, 0.9665310E+01, 0.8013427E+01,
 0.6430000E+01, 0.3636260E+02, 0.3138186E+02, 0.9669324E+01, 0.8017024E+01,
 0.6432000E+01, 0.3638205E+02, 0.3140201E+02, 0.9673338E+01, 0.8020623E+01,
 0.6434000E+01, 0.3640150E+02, 0.3142218E+02, 0.9677353E+01, 0.8024223E+01,
 0.6436000E+01, 0.3642094E+02, 0.3144235E+02, 0.9681367E+01, 0.8027825E+01,
 0.6438000E+01, 0.3644038E+02, 0.3146253E+02, 0.9685382E+01, 0.8031428E+01,
 0.6440000E+01, 0.3645981E+02, 0.3148271E+02, 0.9689397E+01, 0.8035033E+01,
 0.6442000E+01, 0.3647924E+02, 0.3150291E+02, 0.9693412E+01, 0.8038639E+01,
 0.6444000E+01, 0.3649867E+02, 0.3152311E+02, 0.9697428E+01, 0.8042247E+01,
 0.6446000E+01, 0.3651810E+02, 0.3154331E+02, 0.9701444E+01, 0.8045856E+01,
 0.6448000E+01, 0.3653752E+02, 0.3156353E+02, 0.9705459E+01, 0.8049465E+01,
 0.6450000E+01, 0.3655694E+02, 0.3158375E+02, 0.9709475E+01, 0.8053078E+01,
 0.6452000E+01, 0.3657636E+02, 0.3160397E+02, 0.9713491E+01, 0.8056690E+01,
 0.6454000E+01, 0.3659577E+02, 0.3162421E+02, 0.9717507E+01, 0.8060305E+01,
 0.6456000E+01, 0.3661518E+02, 0.3164445E+02, 0.9721524E+01, 0.8063920E+01,
 0.6458000E+01, 0.3663459E+02, 0.3166470E+02, 0.9725540E+01, 0.8067537E+01,
 0.6460000E+01, 0.3665399E+02, 0.3168495E+02, 0.9729557E+01, 0.8071157E+01,
 0.6462000E+01, 0.3667339E+02, 0.3170521E+02, 0.9733575E+01, 0.8074776E+01,
 0.6464000E+01, 0.3669278E+02, 0.3172548E+02, 0.9737592E+01, 0.8078398E+01,
 0.6466000E+01, 0.3671218E+02, 0.3174576E+02, 0.9741609E+01, 0.8082021E+01,
 0.6468000E+01, 0.3673157E+02, 0.3176604E+02, 0.9745626E+01, 0.8085645E+01,
 0.6470000E+01, 0.3675095E+02, 0.3178633E+02, 0.9749644E+01, 0.8089270E+01,
 0.6472000E+01, 0.3677034E+02, 0.3180663E+02, 0.9753662E+01, 0.8092896E+01,
 0.6474000E+01, 0.3678971E+02, 0.3182693E+02, 0.9757680E+01, 0.8096525E+01,
 0.6476000E+01, 0.3680909E+02, 0.3184724E+02, 0.9761699E+01, 0.8100155E+01,
 0.6478000E+01, 0.3682846E+02, 0.3186756E+02, 0.9765717E+01, 0.8103786E+01,
 0.6480000E+01, 0.3684783E+02, 0.3188788E+02, 0.9769735E+01, 0.8107418E+01,
 0.6482000E+01, 0.3686720E+02, 0.3190821E+02, 0.9773754E+01, 0.8111053E+01,
 0.6484000E+01, 0.3688656E+02, 0.3192855E+02, 0.9777772E+01, 0.8114688E+01,
 0.6486000E+01, 0.3690592E+02, 0.3194890E+02, 0.9781792E+01, 0.8118324E+01,
 0.6488000E+01, 0.3692528E+02, 0.3196925E+02, 0.9785810E+01, 0.8121963E+01,
 0.6490000E+01, 0.3694463E+02, 0.3198961E+02, 0.9789829E+01, 0.8125602E+01,
 0.6492000E+01, 0.3696398E+02, 0.3200998E+02, 0.9793849E+01, 0.8129242E+01,
 0.6494000E+01, 0.3698333E+02, 0.3203035E+02, 0.9797868E+01, 0.8132884E+01,
 0.6496000E+01, 0.3700267E+02, 0.3205073E+02, 0.9801888E+01, 0.8136528E+01,
 0.6498000E+01, 0.3702201E+02, 0.3207111E+02, 0.9805907E+01, 0.8140173E+01,
 0.6500000E+01, 0.3704135E+02, 0.3209151E+02, 0.9809927E+01, 0.8143819E+01,
 0.6502000E+01, 0.3706068E+02, 0.3211191E+02, 0.9813947E+01, 0.8147467E+01,
 0.6504000E+01, 0.3708001E+02, 0.3213231E+02, 0.9817966E+01, 0.8151115E+01,
 0.6506000E+01, 0.3709934E+02, 0.3215273E+02, 0.9821987E+01, 0.8154766E+01,
 0.6508000E+01, 0.3711866E+02, 0.3217315E+02, 0.9826007E+01, 0.8158418E+01,
 0.6510000E+01, 0.3713799E+02, 0.3219358E+02, 0.9830028E+01, 0.8162070E+01,
 0.6512000E+01, 0.3715730E+02, 0.3221401E+02, 0.9834048E+01, 0.8165725E+01,
 0.6514000E+01, 0.3717662E+02, 0.3223446E+02, 0.9838068E+01, 0.8169380E+01,
 0.6516000E+01, 0.3719593E+02, 0.3225490E+02, 0.9842089E+01, 0.8173038E+01,
 0.6518000E+01, 0.3721523E+02, 0.3227536E+02, 0.9846109E+01, 0.8176696E+01,
 0.6520000E+01, 0.3723454E+02, 0.3229582E+02, 0.9850130E+01, 0.8180356E+01,
 0.6522000E+01, 0.3725384E+02, 0.3231629E+02, 0.9854152E+01, 0.8184017E+01,
 0.6524000E+01, 0.3727314E+02, 0.3233677E+02, 0.9858172E+01, 0.8187679E+01,
 0.6526000E+01, 0.3729243E+02, 0.3235725E+02, 0.9862193E+01, 0.8191343E+01,
 0.6528000E+01, 0.3731172E+02, 0.3237774E+02, 0.9866215E+01, 0.8195009E+01,
 0.6530000E+01, 0.3733101E+02, 0.3239824E+02, 0.9870235E+01, 0.8198675E+01,
 0.6532000E+01, 0.3735029E+02, 0.3241874E+02, 0.9874257E+01, 0.8202343E+01,
 0.6534000E+01, 0.3736957E+02, 0.3243925E+02, 0.9878279E+01, 0.8206013E+01,
 0.6536000E+01, 0.3738885E+02, 0.3245977E+02, 0.9882299E+01, 0.8209683E+01,
 0.6538000E+01, 0.3740812E+02, 0.3248029E+02, 0.9886321E+01, 0.8213355E+01,
 0.6540000E+01, 0.3742739E+02, 0.3250082E+02, 0.9890343E+01, 0.8217029E+01,
 0.6542000E+01, 0.3744666E+02, 0.3252136E+02, 0.9894364E+01, 0.8220703E+01,
 0.6544000E+01, 0.3746593E+02, 0.3254190E+02, 0.9898386E+01, 0.8224380E+01,
 0.6546000E+01, 0.3748519E+02, 0.3256245E+02, 0.9902408E+01, 0.8228057E+01,
 0.6548000E+01, 0.3750445E+02, 0.3258301E+02, 0.9906429E+01, 0.8231735E+01,
 0.6550000E+01, 0.3752370E+02, 0.3260358E+02, 0.9910452E+01, 0.8235415E+01,
 0.6552000E+01, 0.3754295E+02, 0.3262415E+02, 0.9914474E+01, 0.8239097E+01,
 0.6554000E+01, 0.3756220E+02, 0.3264473E+02, 0.9918495E+01, 0.8242780E+01,
 0.6556000E+01, 0.3758144E+02, 0.3266531E+02, 0.9922517E+01, 0.8246464E+01,
 0.6558000E+01, 0.3760069E+02, 0.3268591E+02, 0.9926539E+01, 0.8250149E+01,
 0.6560000E+01, 0.3761992E+02, 0.3270650E+02, 0.9930561E+01, 0.8253836E+01,
 0.6562000E+01, 0.3763916E+02, 0.3272711E+02, 0.9934584E+01, 0.8257524E+01,
 0.6564000E+01, 0.3765839E+02, 0.3274772E+02, 0.9938605E+01, 0.8261213E+01,
 0.6566000E+01, 0.3767762E+02, 0.3276834E+02, 0.9942628E+01, 0.8264904E+01,
 0.6568000E+01, 0.3769684E+02, 0.3278897E+02, 0.9946650E+01, 0.8268596E+01,
 0.6570000E+01, 0.3771606E+02, 0.3280960E+02, 0.9950672E+01, 0.8272289E+01,
 0.6572000E+01, 0.3773528E+02, 0.3283024E+02, 0.9954694E+01, 0.8275984E+01,
 0.6574000E+01, 0.3775450E+02, 0.3285089E+02, 0.9958716E+01, 0.8279679E+01,
 0.6576000E+01, 0.3777371E+02, 0.3287154E+02, 0.9962738E+01, 0.8283377E+01,
 0.6578000E+01, 0.3779292E+02, 0.3289220E+02, 0.9966761E+01, 0.8287076E+01,
 0.6580000E+01, 0.3781212E+02, 0.3291287E+02, 0.9970783E+01, 0.8290775E+01,
 0.6582000E+01, 0.3783133E+02, 0.3293354E+02, 0.9974805E+01, 0.8294477E+01,
 0.6584000E+01, 0.3785052E+02, 0.3295423E+02, 0.9978827E+01, 0.8298180E+01,
 0.6586000E+01, 0.3786972E+02, 0.3297491E+02, 0.9982849E+01, 0.8301884E+01,
 0.6588000E+01, 0.3788891E+02, 0.3299561E+02, 0.9986872E+01, 0.8305589E+01,
 0.6590000E+01, 0.3790810E+02, 0.3301631E+02, 0.9990894E+01, 0.8309295E+01,
 0.6592000E+01, 0.3792728E+02, 0.3303702E+02, 0.9994916E+01, 0.8313003E+01,
 0.6594000E+01, 0.3794647E+02, 0.3305773E+02, 0.9998939E+01, 0.8316711E+01,
 0.6596000E+01, 0.3796564E+02, 0.3307845E+02, 0.1000296E+02, 0.8320422E+01,
 0.6598000E+01, 0.3798482E+02, 0.3309918E+02, 0.1000698E+02, 0.8324134E+01,
 0.6600000E+01, 0.3800399E+02, 0.3311992E+02, 0.1001101E+02, 0.8327847E+01,
 0.6602000E+01, 0.3802316E+02, 0.3314066E+02, 0.1001503E+02, 0.8331561E+01,
 0.6604000E+01, 0.3804233E+02, 0.3316140E+02, 0.1001905E+02, 0.8335277E+01,
 0.6606000E+01, 0.3806149E+02, 0.3318216E+02, 0.1002307E+02, 0.8338994E+01,
 0.6608000E+01, 0.3808065E+02, 0.3320292E+02, 0.1002709E+02, 0.8342712E+01,
 0.6610000E+01, 0.3809980E+02, 0.3322369E+02, 0.1003112E+02, 0.8346432E+01,
 0.6612000E+01, 0.3811895E+02, 0.3324446E+02, 0.1003514E+02, 0.8350152E+01,
 0.6614000E+01, 0.3813810E+02, 0.3326525E+02, 0.1003916E+02, 0.8353874E+01,
 0.6616000E+01, 0.3815725E+02, 0.3328604E+02, 0.1004318E+02, 0.8357598E+01,
 0.6618000E+01, 0.3817639E+02, 0.3330683E+02, 0.1004720E+02, 0.8361322E+01,
 0.6620000E+01, 0.3819553E+02, 0.3332763E+02, 0.1005122E+02, 0.8365048E+01,
 0.6622000E+01, 0.3821466E+02, 0.3334844E+02, 0.1005525E+02, 0.8368775E+01,
 0.6624000E+01, 0.3823380E+02, 0.3336926E+02, 0.1005927E+02, 0.8372504E+01,
 0.6626000E+01, 0.3825292E+02, 0.3339008E+02, 0.1006329E+02, 0.8376234E+01,
 0.6628000E+01, 0.3827205E+02, 0.3341091E+02, 0.1006731E+02, 0.8379966E+01,
 0.6630000E+01, 0.3829117E+02, 0.3343174E+02, 0.1007133E+02, 0.8383698E+01,
 0.6632000E+01, 0.3831029E+02, 0.3345258E+02, 0.1007535E+02, 0.8387431E+01,
 0.6634000E+01, 0.3832940E+02, 0.3347343E+02, 0.1007938E+02, 0.8391167E+01,
 0.6636000E+01, 0.3834851E+02, 0.3349429E+02, 0.1008340E+02, 0.8394902E+01,
 0.6638000E+01, 0.3836762E+02, 0.3351515E+02, 0.1008742E+02, 0.8398640E+01,
 0.6640000E+01, 0.3838673E+02, 0.3353602E+02, 0.1009144E+02, 0.8402379E+01,
 0.6642000E+01, 0.3840583E+02, 0.3355690E+02, 0.1009546E+02, 0.8406119E+01,
 0.6644000E+01, 0.3842493E+02, 0.3357778E+02, 0.1009948E+02, 0.8409861E+01,
 0.6646000E+01, 0.3844402E+02, 0.3359866E+02, 0.1010350E+02, 0.8413603E+01,
 0.6648000E+01, 0.3846312E+02, 0.3361956E+02, 0.1010752E+02, 0.8417347E+01,
 0.6650000E+01, 0.3848220E+02, 0.3364046E+02, 0.1011154E+02, 0.8421092E+01,
 0.6652000E+01, 0.3850129E+02, 0.3366137E+02, 0.1011557E+02, 0.8424838E+01,
 0.6654000E+01, 0.3852037E+02, 0.3368229E+02, 0.1011959E+02, 0.8428586E+01,
 0.6656000E+01, 0.3853945E+02, 0.3370321E+02, 0.1012361E+02, 0.8432335E+01,
 0.6658000E+01, 0.3855852E+02, 0.3372414E+02, 0.1012763E+02, 0.8436085E+01,
 0.6660000E+01, 0.3857759E+02, 0.3374507E+02, 0.1013165E+02, 0.8439837E+01,
 0.6662000E+01, 0.3859666E+02, 0.3376601E+02, 0.1013567E+02, 0.8443589E+01,
 0.6664000E+01, 0.3861573E+02, 0.3378696E+02, 0.1013969E+02, 0.8447343E+01,
 0.6666000E+01, 0.3863478E+02, 0.3380791E+02, 0.1014371E+02, 0.8451098E+01,
 0.6668000E+01, 0.3865384E+02, 0.3382888E+02, 0.1014773E+02, 0.8454855E+01,
 0.6670000E+01, 0.3867290E+02, 0.3384984E+02, 0.1015175E+02, 0.8458612E+01,
 0.6672000E+01, 0.3869195E+02, 0.3387082E+02, 0.1015577E+02, 0.8462372E+01,
 0.6674000E+01, 0.3871099E+02, 0.3389180E+02, 0.1015979E+02, 0.8466132E+01,
 0.6676000E+01, 0.3873004E+02, 0.3391278E+02, 0.1016381E+02, 0.8469893E+01,
 0.6678000E+01, 0.3874908E+02, 0.3393378E+02, 0.1016782E+02, 0.8473656E+01,
 0.6680000E+01, 0.3876812E+02, 0.3395478E+02, 0.1017184E+02, 0.8477420E+01,
 0.6682000E+01, 0.3878715E+02, 0.3397579E+02, 0.1017586E+02, 0.8481185E+01,
 0.6684000E+01, 0.3880618E+02, 0.3399680E+02, 0.1017988E+02, 0.8484952E+01,
 0.6686000E+01, 0.3882521E+02, 0.3401782E+02, 0.1018390E+02, 0.8488720E+01,
 0.6688000E+01, 0.3884423E+02, 0.3403885E+02, 0.1018792E+02, 0.8492489E+01,
 0.6690000E+01, 0.3886325E+02, 0.3405988E+02, 0.1019194E+02, 0.8496259E+01,
 0.6692000E+01, 0.3888227E+02, 0.3408092E+02, 0.1019596E+02, 0.8500031E+01,
 0.6694000E+01, 0.3890128E+02, 0.3410197E+02, 0.1019998E+02, 0.8503802E+01,
 0.6696000E+01, 0.3892029E+02, 0.3412302E+02, 0.1020399E+02, 0.8507577E+01,
 0.6698000E+01, 0.3893930E+02, 0.3414408E+02, 0.1020801E+02, 0.8511352E+01,
 0.6700000E+01, 0.3895830E+02, 0.3416515E+02, 0.1021203E+02, 0.8515128E+01,
 0.6702000E+01, 0.3897730E+02, 0.3418622E+02, 0.1021605E+02, 0.8518906E+01,
 0.6704000E+01, 0.3899630E+02, 0.3420729E+02, 0.1022006E+02, 0.8522684E+01,
 0.6706000E+01, 0.3901529E+02, 0.3422838E+02, 0.1022408E+02, 0.8526464E+01,
 0.6708000E+01, 0.3903428E+02, 0.3424947E+02, 0.1022810E+02, 0.8530246E+01,
 0.6710000E+01, 0.3905326E+02, 0.3427057E+02, 0.1023211E+02, 0.8534028E+01,
 0.6712000E+01, 0.3907224E+02, 0.3429168E+02, 0.1023613E+02, 0.8537812E+01,
 0.6714000E+01, 0.3909122E+02, 0.3431279E+02, 0.1024015E+02, 0.8541597E+01,
 0.6716000E+01, 0.3911020E+02, 0.3433390E+02, 0.1024416E+02, 0.8545383E+01,
 0.6718000E+01, 0.3912917E+02, 0.3435503E+02, 0.1024818E+02, 0.8549170E+01,
 0.6720000E+01, 0.3914814E+02, 0.3437616E+02, 0.1025220E+02, 0.8552959E+01,
 0.6722000E+01, 0.3916710E+02, 0.3439729E+02, 0.1025621E+02, 0.8556749E+01,
 0.6724000E+01, 0.3918606E+02, 0.3441844E+02, 0.1026023E+02, 0.8560540E+01,
 0.6726000E+01, 0.3920502E+02, 0.3443959E+02, 0.1026424E+02, 0.8564332E+01,
 0.6728000E+01, 0.3922397E+02, 0.3446074E+02, 0.1026826E+02, 0.8568126E+01,
 0.6730000E+01, 0.3924292E+02, 0.3448190E+02, 0.1027227E+02, 0.8571920E+01,
 0.6732000E+01, 0.3926187E+02, 0.3450307E+02, 0.1027629E+02, 0.8575716E+01,
 0.6734000E+01, 0.3928082E+02, 0.3452425E+02, 0.1028030E+02, 0.8579514E+01,
 0.6736000E+01, 0.3929976E+02, 0.3454543E+02, 0.1028432E+02, 0.8583311E+01,
 0.6738000E+01, 0.3931869E+02, 0.3456662E+02, 0.1028833E+02, 0.8587111E+01,
 0.6740000E+01, 0.3933762E+02, 0.3458781E+02, 0.1029235E+02, 0.8590912E+01,
 0.6742000E+01, 0.3935656E+02, 0.3460901E+02, 0.1029636E+02, 0.8594713E+01,
 0.6744000E+01, 0.3937548E+02, 0.3463022E+02, 0.1030037E+02, 0.8598516E+01,
 0.6746000E+01, 0.3939440E+02, 0.3465143E+02, 0.1030439E+02, 0.8602321E+01,
 0.6748000E+01, 0.3941332E+02, 0.3467265E+02, 0.1030840E+02, 0.8606126E+01,
 0.6750000E+01, 0.3943224E+02, 0.3469388E+02, 0.1031242E+02, 0.8609933E+01,
 0.6752000E+01, 0.3945115E+02, 0.3471511E+02, 0.1031643E+02, 0.8613741E+01,
 0.6754000E+01, 0.3947006E+02, 0.3473635E+02, 0.1032044E+02, 0.8617550E+01,
 0.6756000E+01, 0.3948896E+02, 0.3475759E+02, 0.1032445E+02, 0.8621360E+01,
 0.6758000E+01, 0.3950786E+02, 0.3477884E+02, 0.1032846E+02, 0.8625172E+01,
 0.6760000E+01, 0.3952676E+02, 0.3480010E+02, 0.1033248E+02, 0.8628984E+01,
 0.6762000E+01, 0.3954565E+02, 0.3482137E+02, 0.1033649E+02, 0.8632798E+01,
 0.6764000E+01, 0.3956454E+02, 0.3484263E+02, 0.1034050E+02, 0.8636613E+01,
 0.6766000E+01, 0.3958343E+02, 0.3486391E+02, 0.1034451E+02, 0.8640429E+01,
 0.6768000E+01, 0.3960232E+02, 0.3488519E+02, 0.1034852E+02, 0.8644246E+01,
 0.6770000E+01, 0.3962120E+02, 0.3490648E+02, 0.1035253E+02, 0.8648065E+01,
 0.6772000E+01, 0.3964007E+02, 0.3492778E+02, 0.1035654E+02, 0.8651884E+01,
 0.6774000E+01, 0.3965894E+02, 0.3494908E+02, 0.1036055E+02, 0.8655705E+01,
 0.6776000E+01, 0.3967781E+02, 0.3497038E+02, 0.1036456E+02, 0.8659527E+01,
 0.6778000E+01, 0.3969668E+02, 0.3499170E+02, 0.1036857E+02, 0.8663350E+01,
 0.6780000E+01, 0.3971554E+02, 0.3501302E+02, 0.1037258E+02, 0.8667175E+01,
 0.6782000E+01, 0.3973440E+02, 0.3503434E+02, 0.1037659E+02, 0.8671000E+01,
 0.6784000E+01, 0.3975325E+02, 0.3505568E+02, 0.1038060E+02, 0.8674827E+01,
 0.6786000E+01, 0.3977211E+02, 0.3507701E+02, 0.1038461E+02, 0.8678655E+01,
 0.6788000E+01, 0.3979095E+02, 0.3509836E+02, 0.1038862E+02, 0.8682484E+01,
 0.6790000E+01, 0.3980980E+02, 0.3511971E+02, 0.1039263E+02, 0.8686315E+01,
 0.6792000E+01, 0.3982864E+02, 0.3514107E+02, 0.1039663E+02, 0.8690145E+01,
 0.6794000E+01, 0.3984747E+02, 0.3516243E+02, 0.1040064E+02, 0.8693978E+01,
 0.6796000E+01, 0.3986631E+02, 0.3518380E+02, 0.1040465E+02, 0.8697812E+01,
 0.6798000E+01, 0.3988514E+02, 0.3520518E+02, 0.1040866E+02, 0.8701647E+01,
 0.6800000E+01, 0.3990396E+02, 0.3522656E+02, 0.1041266E+02, 0.8705482E+01,
 0.6802000E+01, 0.3992278E+02, 0.3524794E+02, 0.1041667E+02, 0.8709320E+01,
 0.6804000E+01, 0.3994160E+02, 0.3526934E+02, 0.1042068E+02, 0.8713158E+01,
 0.6806000E+01, 0.3996041E+02, 0.3529074E+02, 0.1042468E+02, 0.8716997E+01,
 0.6808000E+01, 0.3997923E+02, 0.3531215E+02, 0.1042869E+02, 0.8720838E+01,
 0.6810000E+01, 0.3999804E+02, 0.3533356E+02, 0.1043269E+02, 0.8724680E+01,
 0.6812000E+01, 0.4001684E+02, 0.3535498E+02, 0.1043670E+02, 0.8728522E+01,
 0.6814000E+01, 0.4003564E+02, 0.3537640E+02, 0.1044070E+02, 0.8732367E+01,
 0.6816000E+01, 0.4005444E+02, 0.3539783E+02, 0.1044471E+02, 0.8736212E+01,
 0.6818000E+01, 0.4007323E+02, 0.3541927E+02, 0.1044871E+02, 0.8740058E+01,
 0.6820000E+01, 0.4009201E+02, 0.3544071E+02, 0.1045271E+02, 0.8743906E+01,
 0.6822000E+01, 0.4011080E+02, 0.3546216E+02, 0.1045672E+02, 0.8747754E+01,
 0.6824000E+01, 0.4012958E+02, 0.3548361E+02, 0.1046072E+02, 0.8751604E+01,
 0.6826000E+01, 0.4014836E+02, 0.3550507E+02, 0.1046472E+02, 0.8755455E+01,
 0.6828000E+01, 0.4016713E+02, 0.3552654E+02, 0.1046873E+02, 0.8759307E+01,
 0.6830000E+01, 0.4018591E+02, 0.3554802E+02, 0.1047273E+02, 0.8763160E+01,
 0.6832000E+01, 0.4020467E+02, 0.3556949E+02, 0.1047673E+02, 0.8767015E+01,
 0.6834000E+01, 0.4022343E+02, 0.3559098E+02, 0.1048073E+02, 0.8770869E+01,
 0.6836000E+01, 0.4024220E+02, 0.3561247E+02, 0.1048473E+02, 0.8774726E+01,
 0.6838000E+01, 0.4026095E+02, 0.3563396E+02, 0.1048874E+02, 0.8778584E+01,
 0.6840000E+01, 0.4027970E+02, 0.3565547E+02, 0.1049274E+02, 0.8782443E+01,
 0.6842000E+01, 0.4029845E+02, 0.3567698E+02, 0.1049674E+02, 0.8786303E+01,
 0.6844000E+01, 0.4031720E+02, 0.3569849E+02, 0.1050074E+02, 0.8790163E+01,
 0.6846000E+01, 0.4033593E+02, 0.3572001E+02, 0.1050474E+02, 0.8794025E+01,
 0.6848000E+01, 0.4035467E+02, 0.3574154E+02, 0.1050873E+02, 0.8797889E+01,
 0.6850000E+01, 0.4037341E+02, 0.3576307E+02, 0.1051273E+02, 0.8801753E+01,
 0.6852000E+01, 0.4039214E+02, 0.3578461E+02, 0.1051673E+02, 0.8805618E+01,
 0.6854000E+01, 0.4041086E+02, 0.3580616E+02, 0.1052073E+02, 0.8809485E+01,
 0.6856000E+01, 0.4042958E+02, 0.3582771E+02, 0.1052473E+02, 0.8813353E+01,
 0.6858000E+01, 0.4044830E+02, 0.3584926E+02, 0.1052873E+02, 0.8817222E+01,
 0.6860000E+01, 0.4046701E+02, 0.3587083E+02, 0.1053272E+02, 0.8821092E+01,
 0.6862000E+01, 0.4048573E+02, 0.3589240E+02, 0.1053672E+02, 0.8824963E+01,
 0.6864000E+01, 0.4050443E+02, 0.3591397E+02, 0.1054072E+02, 0.8828835E+01,
 0.6866000E+01, 0.4052313E+02, 0.3593555E+02, 0.1054471E+02, 0.8832708E+01,
 0.6868000E+01, 0.4054183E+02, 0.3595713E+02, 0.1054871E+02, 0.8836582E+01,
 0.6870000E+01, 0.4056053E+02, 0.3597873E+02, 0.1055270E+02, 0.8840458E+01,
 0.6872000E+01, 0.4057922E+02, 0.3600032E+02, 0.1055670E+02, 0.8844335E+01,
 0.6874000E+01, 0.4059791E+02, 0.3602193E+02, 0.1056069E+02, 0.8848212E+01,
 0.6876000E+01, 0.4061659E+02, 0.3604354E+02, 0.1056469E+02, 0.8852091E+01,
 0.6878000E+01, 0.4063527E+02, 0.3606515E+02, 0.1056868E+02, 0.8855970E+01,
 0.6880000E+01, 0.4065395E+02, 0.3608677E+02, 0.1057268E+02, 0.8859852E+01,
 0.6882000E+01, 0.4067262E+02, 0.3610840E+02, 0.1057667E+02, 0.8863733E+01,
 0.6884000E+01, 0.4069129E+02, 0.3613003E+02, 0.1058066E+02, 0.8867617E+01,
 0.6886000E+01, 0.4070995E+02, 0.3615167E+02, 0.1058465E+02, 0.8871501E+01,
 0.6888000E+01, 0.4072861E+02, 0.3617331E+02, 0.1058865E+02, 0.8875386E+01,
 0.6890000E+01, 0.4074727E+02, 0.3619497E+02, 0.1059264E+02, 0.8879272E+01,
 0.6892000E+01, 0.4076592E+02, 0.3621662E+02, 0.1059663E+02, 0.8883161E+01,
 0.6894000E+01, 0.4078457E+02, 0.3623828E+02, 0.1060062E+02, 0.8887049E+01,
 0.6896000E+01, 0.4080322E+02, 0.3625995E+02, 0.1060461E+02, 0.8890939E+01,
 0.6898000E+01, 0.4082186E+02, 0.3628162E+02, 0.1060860E+02, 0.8894829E+01,
 0.6900000E+01, 0.4084050E+02, 0.3630330E+02, 0.1061259E+02, 0.8898721E+01,
 0.6902000E+01, 0.4085913E+02, 0.3632499E+02, 0.1061658E+02, 0.8902614E+01,
 0.6904000E+01, 0.4087776E+02, 0.3634668E+02, 0.1062057E+02, 0.8906507E+01,
 0.6906000E+01, 0.4089639E+02, 0.3636837E+02, 0.1062456E+02, 0.8910402E+01,
 0.6908000E+01, 0.4091501E+02, 0.3639007E+02, 0.1062854E+02, 0.8914299E+01,
 0.6910000E+01, 0.4093362E+02, 0.3641178E+02, 0.1063253E+02, 0.8918196E+01,
 0.6912000E+01, 0.4095224E+02, 0.3643349E+02, 0.1063652E+02, 0.8922094E+01,
 0.6914000E+01, 0.4097085E+02, 0.3645521E+02, 0.1064051E+02, 0.8925993E+01,
 0.6916000E+01, 0.4098946E+02, 0.3647694E+02, 0.1064449E+02, 0.8929893E+01,
 0.6918000E+01, 0.4100806E+02, 0.3649866E+02, 0.1064848E+02, 0.8933795E+01,
 0.6920000E+01, 0.4102666E+02, 0.3652040E+02, 0.1065246E+02, 0.8937697E+01,
 0.6922000E+01, 0.4104525E+02, 0.3654214E+02, 0.1065645E+02, 0.8941601E+01,
 0.6924000E+01, 0.4106384E+02, 0.3656389E+02, 0.1066043E+02, 0.8945506E+01,
 0.6926000E+01, 0.4108243E+02, 0.3658564E+02, 0.1066442E+02, 0.8949411E+01,
 0.6928000E+01, 0.4110101E+02, 0.3660740E+02, 0.1066840E+02, 0.8953318E+01,
 0.6930000E+01, 0.4111959E+02, 0.3662916E+02, 0.1067238E+02, 0.8957226E+01,
 0.6932000E+01, 0.4113816E+02, 0.3665093E+02, 0.1067637E+02, 0.8961135E+01,
 0.6934000E+01, 0.4115673E+02, 0.3667271E+02, 0.1068035E+02, 0.8965045E+01,
 0.6936000E+01, 0.4117530E+02, 0.3669448E+02, 0.1068433E+02, 0.8968956E+01,
 0.6938000E+01, 0.4119386E+02, 0.3671627E+02, 0.1068831E+02, 0.8972868E+01,
 0.6940000E+01, 0.4121242E+02, 0.3673806E+02, 0.1069230E+02, 0.8976781E+01,
 0.6942000E+01, 0.4123098E+02, 0.3675986E+02, 0.1069628E+02, 0.8980695E+01,
 0.6944000E+01, 0.4124953E+02, 0.3678166E+02, 0.1070026E+02, 0.8984610E+01,
 0.6946000E+01, 0.4126807E+02, 0.3680347E+02, 0.1070424E+02, 0.8988526E+01,
 0.6948000E+01, 0.4128662E+02, 0.3682528E+02, 0.1070821E+02, 0.8992443E+01,
 0.6950000E+01, 0.4130516E+02, 0.3684710E+02, 0.1071219E+02, 0.8996362E+01,
 0.6952000E+01, 0.4132369E+02, 0.3686893E+02, 0.1071617E+02, 0.9000280E+01,
 0.6954000E+01, 0.4134222E+02, 0.3689076E+02, 0.1072015E+02, 0.9004201E+01,
 0.6956000E+01, 0.4136075E+02, 0.3691259E+02, 0.1072413E+02, 0.9008122E+01,
 0.6958000E+01, 0.4137927E+02, 0.3693443E+02, 0.1072811E+02, 0.9012045E+01,
 0.6960000E+01, 0.4139779E+02, 0.3695628E+02, 0.1073208E+02, 0.9015968E+01,
 0.6962000E+01, 0.4141631E+02, 0.3697813E+02, 0.1073606E+02, 0.9019893E+01,
 0.6964000E+01, 0.4143481E+02, 0.3699999E+02, 0.1074003E+02, 0.9023818E+01,
 0.6966000E+01, 0.4145332E+02, 0.3702185E+02, 0.1074401E+02, 0.9027745E+01,
 0.6968000E+01, 0.4147182E+02, 0.3704372E+02, 0.1074798E+02, 0.9031672E+01,
 0.6970000E+01, 0.4149032E+02, 0.3706559E+02, 0.1075196E+02, 0.9035601E+01,
 0.6972000E+01, 0.4150882E+02, 0.3708747E+02, 0.1075593E+02, 0.9039531E+01,
 0.6974000E+01, 0.4152731E+02, 0.3710936E+02, 0.1075991E+02, 0.9043462E+01,
 0.6976000E+01, 0.4154579E+02, 0.3713124E+02, 0.1076388E+02, 0.9047393E+01,
 0.6978000E+01, 0.4156427E+02, 0.3715314E+02, 0.1076785E+02, 0.9051326E+01,
 0.6980000E+01, 0.4158275E+02, 0.3717504E+02, 0.1077182E+02, 0.9055260E+01,
 0.6982000E+01, 0.4160122E+02, 0.3719695E+02, 0.1077579E+02, 0.9059195E+01,
 0.6984000E+01, 0.4161969E+02, 0.3721886E+02, 0.1077977E+02, 0.9063130E+01,
 0.6986000E+01, 0.4163816E+02, 0.3724077E+02, 0.1078374E+02, 0.9067067E+01,
 0.6988000E+01, 0.4165662E+02, 0.3726269E+02, 0.1078771E+02, 0.9071005E+01,
 0.6990000E+01, 0.4167508E+02, 0.3728462E+02, 0.1079167E+02, 0.9074944E+01,
 0.6992000E+01, 0.4169353E+02, 0.3730655E+02, 0.1079564E+02, 0.9078883E+01,
 0.6994000E+01, 0.4171198E+02, 0.3732849E+02, 0.1079961E+02, 0.9082825E+01,
 0.6996000E+01, 0.4173042E+02, 0.3735043E+02, 0.1080358E+02, 0.9086766E+01,
 0.6998000E+01, 0.4174886E+02, 0.3737238E+02, 0.1080755E+02, 0.9090709E+01,
 0.7000000E+01, 0.4176730E+02, 0.3739433E+02, 0.1081151E+02, 0.9094653E+01,
 0.7002000E+01, 0.4178573E+02, 0.3741629E+02, 0.1081548E+02, 0.9098598E+01,
 0.7004000E+01, 0.4180416E+02, 0.3743826E+02, 0.1081945E+02, 0.9102544E+01,
 0.7006000E+01, 0.4182258E+02, 0.3746022E+02, 0.1082341E+02, 0.9106491E+01,
 0.7008000E+01, 0.4184100E+02, 0.3748220E+02, 0.1082738E+02, 0.9110438E+01,
 0.7010000E+01, 0.4185942E+02, 0.3750418E+02, 0.1083134E+02, 0.9114388E+01,
 0.7012000E+01, 0.4187783E+02, 0.3752616E+02, 0.1083531E+02, 0.9118338E+01,
 0.7014000E+01, 0.4189624E+02, 0.3754815E+02, 0.1083927E+02, 0.9122289E+01,
 0.7016000E+01, 0.4191464E+02, 0.3757014E+02, 0.1084323E+02, 0.9126241E+01,
 0.7018000E+01, 0.4193304E+02, 0.3759214E+02, 0.1084720E+02, 0.9130194E+01,
 0.7020000E+01, 0.4195143E+02, 0.3761415E+02, 0.1085116E+02, 0.9134148E+01,
 0.7022000E+01, 0.4196982E+02, 0.3763616E+02, 0.1085512E+02, 0.9138103E+01,
 0.7024000E+01, 0.4198821E+02, 0.3765817E+02, 0.1085908E+02, 0.9142058E+01,
 0.7026000E+01, 0.4200659E+02, 0.3768019E+02, 0.1086304E+02, 0.9146015E+01,
 0.7028000E+01, 0.4202497E+02, 0.3770222E+02, 0.1086700E+02, 0.9149973E+01,
 0.7030000E+01, 0.4204334E+02, 0.3772425E+02, 0.1087096E+02, 0.9153932E+01,
 0.7032000E+01, 0.4206171E+02, 0.3774628E+02, 0.1087492E+02, 0.9157892E+01,
 0.7034000E+01, 0.4208007E+02, 0.3776833E+02, 0.1087888E+02, 0.9161853E+01,
 0.7036000E+01, 0.4209843E+02, 0.3779037E+02, 0.1088283E+02, 0.9165814E+01,
 0.7038000E+01, 0.4211679E+02, 0.3781242E+02, 0.1088679E+02, 0.9169778E+01,
 0.7040000E+01, 0.4213514E+02, 0.3783448E+02, 0.1089075E+02, 0.9173741E+01,
 0.7042000E+01, 0.4215349E+02, 0.3785654E+02, 0.1089470E+02, 0.9177707E+01,
 0.7044000E+01, 0.4217183E+02, 0.3787860E+02, 0.1089866E+02, 0.9181672E+01,
 0.7046000E+01, 0.4219017E+02, 0.3790067E+02, 0.1090262E+02, 0.9185639E+01,
 0.7048000E+01, 0.4220850E+02, 0.3792275E+02, 0.1090657E+02, 0.9189607E+01,
 0.7050000E+01, 0.4222683E+02, 0.3794483E+02, 0.1091052E+02, 0.9193576E+01,
 0.7052000E+01, 0.4224516E+02, 0.3796692E+02, 0.1091448E+02, 0.9197546E+01,
 0.7054000E+01, 0.4226348E+02, 0.3798901E+02, 0.1091843E+02, 0.9201516E+01,
 0.7056000E+01, 0.4228180E+02, 0.3801110E+02, 0.1092238E+02, 0.9205488E+01,
 0.7058000E+01, 0.4230011E+02, 0.3803320E+02, 0.1092634E+02, 0.9209461E+01,
 0.7060000E+01, 0.4231842E+02, 0.3805531E+02, 0.1093029E+02, 0.9213435E+01,
 0.7062000E+01, 0.4233672E+02, 0.3807742E+02, 0.1093424E+02, 0.9217410E+01,
 0.7064000E+01, 0.4235502E+02, 0.3809953E+02, 0.1093819E+02, 0.9221386E+01,
 0.7066000E+01, 0.4237332E+02, 0.3812165E+02, 0.1094214E+02, 0.9225363E+01,
 0.7068000E+01, 0.4239161E+02, 0.3814378E+02, 0.1094609E+02, 0.9229341E+01,
 0.7070000E+01, 0.4240990E+02, 0.3816591E+02, 0.1095004E+02, 0.9233319E+01,
 0.7072000E+01, 0.4242818E+02, 0.3818805E+02, 0.1095398E+02, 0.9237299E+01,
 0.7074000E+01, 0.4244646E+02, 0.3821018E+02, 0.1095793E+02, 0.9241280E+01,
 0.7076000E+01, 0.4246473E+02, 0.3823233E+02, 0.1096188E+02, 0.9245261E+01,
 0.7078000E+01, 0.4248300E+02, 0.3825448E+02, 0.1096583E+02, 0.9249244E+01,
 0.7080000E+01, 0.4250126E+02, 0.3827663E+02, 0.1096977E+02, 0.9253227E+01,
 0.7082000E+01, 0.4251952E+02, 0.3829879E+02, 0.1097372E+02, 0.9257212E+01,
 0.7084000E+01, 0.4253778E+02, 0.3832095E+02, 0.1097766E+02, 0.9261198E+01,
 0.7086000E+01, 0.4255603E+02, 0.3834312E+02, 0.1098161E+02, 0.9265184E+01,
 0.7088000E+01, 0.4257428E+02, 0.3836530E+02, 0.1098555E+02, 0.9269172E+01,
 0.7090000E+01, 0.4259252E+02, 0.3838747E+02, 0.1098950E+02, 0.9273161E+01,
 0.7092000E+01, 0.4261076E+02, 0.3840966E+02, 0.1099344E+02, 0.9277150E+01,
 0.7094000E+01, 0.4262899E+02, 0.3843184E+02, 0.1099738E+02, 0.9281141E+01,
 0.7096000E+01, 0.4264722E+02, 0.3845404E+02, 0.1100132E+02, 0.9285132E+01,
 0.7098000E+01, 0.4266545E+02, 0.3847623E+02, 0.1100526E+02, 0.9289125E+01,
 0.7100000E+01, 0.4268367E+02, 0.3849843E+02, 0.1100920E+02, 0.9293118E+01,
 0.7102000E+01, 0.4270188E+02, 0.3852064E+02, 0.1101314E+02, 0.9297113E+01,
 0.7104000E+01, 0.4272009E+02, 0.3854285E+02, 0.1101708E+02, 0.9301109E+01,
 0.7106000E+01, 0.4273830E+02, 0.3856507E+02, 0.1102102E+02, 0.9305105E+01,
 0.7108000E+01, 0.4275650E+02, 0.3858729E+02, 0.1102496E+02, 0.9309103E+01,
 0.7110000E+01, 0.4277470E+02, 0.3860951E+02, 0.1102890E+02, 0.9313102E+01,
 0.7112000E+01, 0.4279289E+02, 0.3863174E+02, 0.1103284E+02, 0.9317101E+01,
 0.7114000E+01, 0.4281108E+02, 0.3865397E+02, 0.1103677E+02, 0.9321102E+01,
 0.7116000E+01, 0.4282927E+02, 0.3867621E+02, 0.1104071E+02, 0.9325104E+01,
 0.7118000E+01, 0.4284745E+02, 0.3869846E+02, 0.1104465E+02, 0.9329106E+01,
 0.7120000E+01, 0.4286562E+02, 0.3872070E+02, 0.1104858E+02, 0.9333110E+01,
 0.7122000E+01, 0.4288379E+02, 0.3874296E+02, 0.1105252E+02, 0.9337114E+01,
 0.7124000E+01, 0.4290196E+02, 0.3876521E+02, 0.1105645E+02, 0.9341120E+01,
 0.7126000E+01, 0.4292012E+02, 0.3878748E+02, 0.1106039E+02, 0.9345127E+01,
 0.7128000E+01, 0.4293827E+02, 0.3880974E+02, 0.1106432E+02, 0.9349134E+01,
 0.7130000E+01, 0.4295643E+02, 0.3883201E+02, 0.1106825E+02, 0.9353144E+01,
 0.7132000E+01, 0.4297458E+02, 0.3885429E+02, 0.1107219E+02, 0.9357153E+01,
 0.7134000E+01, 0.4299272E+02, 0.3887657E+02, 0.1107612E+02, 0.9361164E+01,
 0.7136000E+01, 0.4301086E+02, 0.3889885E+02, 0.1108005E+02, 0.9365176E+01,
 0.7138000E+01, 0.4302899E+02, 0.3892114E+02, 0.1108398E+02, 0.9369188E+01,
 0.7140000E+01, 0.4304712E+02, 0.3894343E+02, 0.1108791E+02, 0.9373202E+01,
 0.7142000E+01, 0.4306525E+02, 0.3896573E+02, 0.1109184E+02, 0.9377218E+01,
 0.7144000E+01, 0.4308337E+02, 0.3898803E+02, 0.1109577E+02, 0.9381234E+01,
 0.7146000E+01, 0.4310148E+02, 0.3901034E+02, 0.1109970E+02, 0.9385251E+01,
 0.7148000E+01, 0.4311959E+02, 0.3903265E+02, 0.1110363E+02, 0.9389269E+01,
 0.7150000E+01, 0.4313770E+02, 0.3905496E+02, 0.1110756E+02, 0.9393289E+01,
 0.7152000E+01, 0.4315580E+02, 0.3907728E+02, 0.1111148E+02, 0.9397309E+01,
 0.7154000E+01, 0.4317390E+02, 0.3909961E+02, 0.1111541E+02, 0.9401331E+01,
 0.7156000E+01, 0.4319199E+02, 0.3912194E+02, 0.1111934E+02, 0.9405354E+01,
 0.7158000E+01, 0.4321008E+02, 0.3914427E+02, 0.1112327E+02, 0.9409377E+01,
 0.7160000E+01, 0.4322816E+02, 0.3916660E+02, 0.1112719E+02, 0.9413402E+01,
 0.7162000E+01, 0.4324624E+02, 0.3918895E+02, 0.1113112E+02, 0.9417428E+01,
 0.7164000E+01, 0.4326431E+02, 0.3921129E+02, 0.1113504E+02, 0.9421455E+01,
 0.7166000E+01, 0.4328238E+02, 0.3923364E+02, 0.1113897E+02, 0.9425484E+01,
 0.7168000E+01, 0.4330045E+02, 0.3925600E+02, 0.1114289E+02, 0.9429513E+01,
 0.7170000E+01, 0.4331850E+02, 0.3927835E+02, 0.1114682E+02, 0.9433543E+01,
 0.7172000E+01, 0.4333656E+02, 0.3930072E+02, 0.1115074E+02, 0.9437575E+01,
 0.7174000E+01, 0.4335461E+02, 0.3932308E+02, 0.1115466E+02, 0.9441608E+01,
 0.7176000E+01, 0.4337266E+02, 0.3934546E+02, 0.1115859E+02, 0.9445643E+01,
 0.7178000E+01, 0.4339070E+02, 0.3936783E+02, 0.1116251E+02, 0.9449678E+01,
 0.7180000E+01, 0.4340873E+02, 0.3939021E+02, 0.1116644E+02, 0.9453715E+01,
 0.7182000E+01, 0.4342677E+02, 0.3941259E+02, 0.1117036E+02, 0.9457754E+01,
 0.7184000E+01, 0.4344479E+02, 0.3943498E+02, 0.1117428E+02, 0.9461794E+01,
 0.7186000E+01, 0.4346281E+02, 0.3945737E+02, 0.1117820E+02, 0.9465835E+01,
 0.7188000E+01, 0.4348083E+02, 0.3947977E+02, 0.1118213E+02, 0.9469877E+01,
 0.7190000E+01, 0.4349884E+02, 0.3950217E+02, 0.1118605E+02, 0.9473921E+01,
 0.7192000E+01, 0.4351685E+02, 0.3952458E+02, 0.1118997E+02, 0.9477966E+01,
 0.7194000E+01, 0.4353485E+02, 0.3954699E+02, 0.1119389E+02, 0.9482013E+01,
 0.7196000E+01, 0.4355285E+02, 0.3956940E+02, 0.1119781E+02, 0.9486061E+01,
 0.7198000E+01, 0.4357084E+02, 0.3959182E+02, 0.1120174E+02, 0.9490111E+01,
 0.7200000E+01, 0.4358883E+02, 0.3961423E+02, 0.1120566E+02, 0.9494163E+01,
 0.7202000E+01, 0.4360682E+02, 0.3963666E+02, 0.1120958E+02, 0.9498217E+01,
 0.7204000E+01, 0.4362479E+02, 0.3965909E+02, 0.1121350E+02, 0.9502272E+01,
 0.7206000E+01, 0.4364277E+02, 0.3968153E+02, 0.1121743E+02, 0.9506329E+01,
 0.7208000E+01, 0.4366074E+02, 0.3970396E+02, 0.1122135E+02, 0.9510388E+01,
 0.7210000E+01, 0.4367870E+02, 0.3972640E+02, 0.1122528E+02, 0.9514449E+01,
 0.7212000E+01, 0.4369666E+02, 0.3974885E+02, 0.1122920E+02, 0.9518513E+01,
 0.7214000E+01, 0.4371461E+02, 0.3977130E+02, 0.1123313E+02, 0.9522579E+01,
 0.7216000E+01, 0.4373256E+02, 0.3979375E+02, 0.1123705E+02, 0.9526648E+01,
 0.7218000E+01, 0.4375051E+02, 0.3981621E+02, 0.1124098E+02, 0.9530720E+01,
 0.7220000E+01, 0.4376845E+02, 0.3983867E+02, 0.1124491E+02, 0.9534795E+01,
 0.7222000E+01, 0.4378638E+02, 0.3986114E+02, 0.1124885E+02, 0.9538874E+01,
 0.7224000E+01, 0.4380431E+02, 0.3988361E+02, 0.1125278E+02, 0.9542956E+01,
 0.7226000E+01, 0.4382224E+02, 0.3990608E+02, 0.1125672E+02, 0.9547045E+01,
 0.7228000E+01, 0.4384016E+02, 0.3992856E+02, 0.1126066E+02, 0.9551138E+01,
 0.7230000E+01, 0.4385807E+02, 0.3995104E+02, 0.1126461E+02, 0.9555240E+01,
 0.7232000E+01, 0.4387599E+02, 0.3997352E+02, 0.1126857E+02, 0.9559350E+01,
 0.7234000E+01, 0.4389389E+02, 0.3999601E+02, 0.1127254E+02, 0.9563476E+01,
 0.7236000E+01, 0.4391179E+02, 0.4001851E+02, 0.1127653E+02, 0.9567622E+01,
 0.7238000E+01, 0.4392969E+02, 0.4004100E+02, 0.1128056E+02, 0.9571812E+01,
 0.7240000E+01, 0.4394758E+02, 0.4006350E+02, 0.1128473E+02, 0.9576138E+01,
 0.7242000E+01, 0.4396547E+02, 0.4008601E+02, 0.1128996E+02, 0.9581516E+01,
 0.7244000E+01, 0.4398335E+02, 0.4010852E+02, 0.1129695E+02, 0.9588646E+01,
 0.7246000E+01, 0.4400122E+02, 0.4013103E+02, 0.1130485E+02, 0.9596690E+01,
 0.7248000E+01, 0.4401910E+02, 0.4015354E+02, 0.1131305E+02, 0.9605034E+01,
 0.7250000E+01, 0.4403696E+02, 0.4017606E+02, 0.1132132E+02, 0.9613443E+01,
 0.7252000E+01, 0.4405482E+02, 0.4019859E+02, 0.1132957E+02, 0.9621838E+01,
 0.7254000E+01, 0.4407268E+02, 0.4022111E+02, 0.1133778E+02, 0.9630191E+01,
 0.7256000E+01, 0.4409053E+02, 0.4024364E+02, 0.1134594E+02, 0.9638494E+01,
 0.7258000E+01, 0.4410838E+02, 0.4026618E+02, 0.1135404E+02, 0.9646741E+01,
 0.7260000E+01, 0.4412622E+02, 0.4028872E+02, 0.1136209E+02, 0.9654934E+01,
 0.7262000E+01, 0.4414405E+02, 0.4031126E+02, 0.1137009E+02, 0.9663073E+01,
 0.7264000E+01, 0.4416188E+02, 0.4033381E+02, 0.1137804E+02, 0.9671158E+01,
 0.7266000E+01, 0.4417971E+02, 0.4035635E+02, 0.1138593E+02, 0.9679191E+01,
 0.7268000E+01, 0.4419753E+02, 0.4037891E+02, 0.1139378E+02, 0.9687174E+01,
 0.7270000E+01, 0.4421535E+02, 0.4040146E+02, 0.1140158E+02, 0.9695108E+01,
 0.7272000E+01, 0.4423316E+02, 0.4042402E+02, 0.1140933E+02, 0.9702996E+01,
 0.7274000E+01, 0.4425097E+02, 0.4044659E+02, 0.1141704E+02, 0.9710839E+01,
 0.7276000E+01, 0.4426877E+02, 0.4046915E+02, 0.1142471E+02, 0.9718637E+01,
 0.7278000E+01, 0.4428656E+02, 0.4049173E+02, 0.1143233E+02, 0.9726393E+01,
 0.7280000E+01, 0.4430436E+02, 0.4051430E+02, 0.1143991E+02, 0.9734108E+01,
 0.7282000E+01, 0.4432214E+02, 0.4053688E+02, 0.1144746E+02, 0.9741783E+01,
 0.7284000E+01, 0.4433992E+02, 0.4055946E+02, 0.1145496E+02, 0.9749419E+01,
 0.7286000E+01, 0.4435770E+02, 0.4058205E+02, 0.1146243E+02, 0.9757018E+01,
 0.7288000E+01, 0.4437547E+02, 0.4060463E+02, 0.1146987E+02, 0.9764580E+01,
 0.7290000E+01, 0.4439323E+02, 0.4062723E+02, 0.1147727E+02, 0.9772107E+01,
 0.7292000E+01, 0.4441100E+02, 0.4064982E+02, 0.1148463E+02, 0.9779600E+01,
 0.7294000E+01, 0.4442875E+02, 0.4067242E+02, 0.1149196E+02, 0.9787059E+01,
 0.7296000E+01, 0.4444650E+02, 0.4069503E+02, 0.1149926E+02, 0.9794486E+01,
 0.7298000E+01, 0.4446424E+02, 0.4071763E+02, 0.1150653E+02, 0.9801882E+01,
 0.7300000E+01, 0.4448199E+02, 0.4074024E+02, 0.1151377E+02, 0.9809246E+01,
 0.7302000E+01, 0.4449972E+02, 0.4076286E+02, 0.1152098E+02, 0.9816581E+01,
 0.7304000E+01, 0.4451745E+02, 0.4078547E+02, 0.1152816E+02, 0.9823886E+01,
 0.7306000E+01, 0.4453518E+02, 0.4080809E+02, 0.1153532E+02, 0.9831163E+01,
 0.7308000E+01, 0.4455289E+02, 0.4083072E+02, 0.1154244E+02, 0.9838412E+01,
 0.7310000E+01, 0.4457061E+02, 0.4085334E+02, 0.1154954E+02, 0.9845634E+01,
 0.7312000E+01, 0.4458832E+02, 0.4087597E+02, 0.1155662E+02, 0.9852831E+01,
 0.7314000E+01, 0.4460602E+02, 0.4089861E+02, 0.1156366E+02, 0.9860001E+01,
 0.7316000E+01, 0.4462372E+02, 0.4092124E+02, 0.1157069E+02, 0.9867146E+01,
 0.7318000E+01, 0.4464141E+02, 0.4094388E+02, 0.1157768E+02, 0.9874265E+01,
 0.7320000E+01, 0.4465910E+02, 0.4096653E+02, 0.1158466E+02, 0.9881361E+01,
 0.7322000E+01, 0.4467679E+02, 0.4098917E+02, 0.1159161E+02, 0.9888433E+01,
 0.7324000E+01, 0.4469447E+02, 0.4101182E+02, 0.1159854E+02, 0.9895482E+01,
 0.7326000E+01, 0.4471214E+02, 0.4103448E+02, 0.1160544E+02, 0.9902509E+01,
 0.7328000E+01, 0.4472980E+02, 0.4105713E+02, 0.1161232E+02, 0.9909513E+01,
 0.7330000E+01, 0.4474747E+02, 0.4107979E+02, 0.1161919E+02, 0.9916496E+01,
 0.7332000E+01, 0.4476513E+02, 0.4110246E+02, 0.1162603E+02, 0.9923458E+01,
 0.7334000E+01, 0.4478278E+02, 0.4112512E+02, 0.1163285E+02, 0.9930399E+01,
 0.7336000E+01, 0.4480042E+02, 0.4114779E+02, 0.1163965E+02, 0.9937319E+01,
 0.7338000E+01, 0.4481807E+02, 0.4117047E+02, 0.1164643E+02, 0.9944220E+01,
 0.7340000E+01, 0.4483570E+02, 0.4119314E+02, 0.1165319E+02, 0.9951100E+01,
 0.7342000E+01, 0.4485333E+02, 0.4121582E+02, 0.1165993E+02, 0.9957962E+01,
 0.7344000E+01, 0.4487096E+02, 0.4123850E+02, 0.1166665E+02, 0.9964805E+01,
 0.7346000E+01, 0.4488858E+02, 0.4126119E+02, 0.1167335E+02, 0.9971629E+01,
 0.7348000E+01, 0.4490619E+02, 0.4128388E+02, 0.1168004E+02, 0.9978436E+01,
 0.7350000E+01, 0.4492380E+02, 0.4130657E+02, 0.1168670E+02, 0.9985224E+01,
 0.7352000E+01, 0.4494141E+02, 0.4132927E+02, 0.1169335E+02, 0.9991994E+01,
 0.7354000E+01, 0.4495901E+02, 0.4135196E+02, 0.1169999E+02, 0.9998748E+01,
 0.7356000E+01, 0.4497660E+02, 0.4137466E+02, 0.1170660E+02, 0.1000548E+02,
 0.7358000E+01, 0.4499419E+02, 0.4139737E+02, 0.1171320E+02, 0.1001220E+02,
 0.7360000E+01, 0.4501177E+02, 0.4142007E+02, 0.1171978E+02, 0.1001891E+02,
 0.7362000E+01, 0.4502935E+02, 0.4144278E+02, 0.1172635E+02, 0.1002559E+02,
 0.7364000E+01, 0.4504692E+02, 0.4146550E+02, 0.1173289E+02, 0.1003227E+02,
 0.7366000E+01, 0.4506449E+02, 0.4148821E+02, 0.1173943E+02, 0.1003892E+02,
 0.7368000E+01, 0.4508205E+02, 0.4151093E+02, 0.1174594E+02, 0.1004556E+02,
 0.7370000E+01, 0.4509961E+02, 0.4153365E+02, 0.1175245E+02, 0.1005219E+02,
 0.7372000E+01, 0.4511716E+02, 0.4155638E+02, 0.1175893E+02, 0.1005880E+02,
 0.7374000E+01, 0.4513470E+02, 0.4157911E+02, 0.1176541E+02, 0.1006540E+02,
 0.7376000E+01, 0.4515224E+02, 0.4160184E+02, 0.1177186E+02, 0.1007198E+02,
 0.7378000E+01, 0.4516978E+02, 0.4162457E+02, 0.1177831E+02, 0.1007855E+02,
 0.7380000E+01, 0.4518731E+02, 0.4164731E+02, 0.1178473E+02, 0.1008510E+02,
 0.7382000E+01, 0.4520483E+02, 0.4167005E+02, 0.1179115E+02, 0.1009164E+02,
 0.7384000E+01, 0.4522235E+02, 0.4169279E+02, 0.1179755E+02, 0.1009817E+02,
 0.7386000E+01, 0.4523986E+02, 0.4171554E+02, 0.1180394E+02, 0.1010468E+02,
 0.7388000E+01, 0.4525737E+02, 0.4173829E+02, 0.1181031E+02, 0.1011118E+02,
 0.7390000E+01, 0.4527488E+02, 0.4176104E+02, 0.1181667E+02, 0.1011767E+02,
 0.7392000E+01, 0.4529237E+02, 0.4178379E+02, 0.1182301E+02, 0.1012414E+02,
 0.7394000E+01, 0.4530986E+02, 0.4180655E+02, 0.1182935E+02, 0.1013061E+02,
 0.7396000E+01, 0.4532735E+02, 0.4182931E+02, 0.1183567E+02, 0.1013706E+02,
 0.7398000E+01, 0.4534483E+02, 0.4185207E+02, 0.1184198E+02, 0.1014349E+02,
 0.7400000E+01, 0.4536231E+02, 0.4187484E+02, 0.1184827E+02, 0.1014992E+02,
 0.7402000E+01, 0.4537978E+02, 0.4189760E+02, 0.1185455E+02, 0.1015633E+02,
 0.7404000E+01, 0.4539724E+02, 0.4192038E+02, 0.1186082E+02, 0.1016273E+02,
 0.7406000E+01, 0.4541470E+02, 0.4194315E+02, 0.1186708E+02, 0.1016913E+02,
 0.7408000E+01, 0.4543215E+02, 0.4196592E+02, 0.1187332E+02, 0.1017550E+02,
 0.7410000E+01, 0.4544960E+02, 0.4198870E+02, 0.1187956E+02, 0.1018187E+02,
 0.7412000E+01, 0.4546704E+02, 0.4201149E+02, 0.1188578E+02, 0.1018823E+02,
 0.7414000E+01, 0.4548448E+02, 0.4203427E+02, 0.1189199E+02, 0.1019457E+02,
 0.7416000E+01, 0.4550191E+02, 0.4205706E+02, 0.1189819E+02, 0.1020091E+02,
 0.7418000E+01, 0.4551934E+02, 0.4207985E+02, 0.1190437E+02, 0.1020723E+02,
 0.7420000E+01, 0.4553676E+02, 0.4210264E+02, 0.1191055E+02, 0.1021355E+02,
 0.7422000E+01, 0.4555417E+02, 0.4212543E+02, 0.1191671E+02, 0.1021985E+02,
 0.7424000E+01, 0.4557158E+02, 0.4214823E+02, 0.1192286E+02, 0.1022614E+02,
 0.7426000E+01, 0.4558899E+02, 0.4217103E+02, 0.1192901E+02, 0.1023242E+02,
 0.7428000E+01, 0.4560638E+02, 0.4219383E+02, 0.1193514E+02, 0.1023870E+02,
 0.7430000E+01, 0.4562378E+02, 0.4221664E+02, 0.1194126E+02, 0.1024496E+02,
 0.7432000E+01, 0.4564116E+02, 0.4223944E+02, 0.1194736E+02, 0.1025121E+02,
 0.7434000E+01, 0.4565855E+02, 0.4226225E+02, 0.1195346E+02, 0.1025745E+02,
 0.7436000E+01, 0.4567592E+02, 0.4228507E+02, 0.1195955E+02, 0.1026369E+02,
 0.7438000E+01, 0.4569329E+02, 0.4230788E+02, 0.1196563E+02, 0.1026991E+02,
 0.7440000E+01, 0.4571066E+02, 0.4233070E+02, 0.1197170E+02, 0.1027612E+02,
 0.7442000E+01, 0.4572802E+02, 0.4235352E+02, 0.1197775E+02, 0.1028233E+02,
 0.7444000E+01, 0.4574537E+02, 0.4237634E+02, 0.1198380E+02, 0.1028853E+02,
 0.7446000E+01, 0.4576272E+02, 0.4239917E+02, 0.1198984E+02, 0.1029471E+02,
 0.7448000E+01, 0.4578006E+02, 0.4242200E+02, 0.1199586E+02, 0.1030089E+02,
 0.7450000E+01, 0.4579740E+02, 0.4244482E+02, 0.1200188E+02, 0.1030706E+02,
 0.7452000E+01, 0.4581473E+02, 0.4246766E+02, 0.1200789E+02, 0.1031322E+02,
 0.7454000E+01, 0.4583205E+02, 0.4249049E+02, 0.1201388E+02, 0.1031937E+02,
 0.7456000E+01, 0.4584937E+02, 0.4251333E+02, 0.1201987E+02, 0.1032551E+02,
 0.7458000E+01, 0.4586669E+02, 0.4253617E+02, 0.1202585E+02, 0.1033165E+02,
 0.7460000E+01, 0.4588400E+02, 0.4255901E+02, 0.1203182E+02, 0.1033777E+02,
 0.7462000E+01, 0.4590130E+02, 0.4258186E+02, 0.1203778E+02, 0.1034389E+02,
 0.7464000E+01, 0.4591860E+02, 0.4260470E+02, 0.1204372E+02, 0.1035000E+02,
 0.7466000E+01, 0.4593589E+02, 0.4262755E+02, 0.1204966E+02, 0.1035610E+02,
 0.7468000E+01, 0.4595317E+02, 0.4265040E+02, 0.1205560E+02, 0.1036219E+02,
 0.7470000E+01, 0.4597046E+02, 0.4267326E+02, 0.1206152E+02, 0.1036827E+02,
 0.7472000E+01, 0.4598773E+02, 0.4269611E+02, 0.1206743E+02, 0.1037435E+02,
 0.7474000E+01, 0.4600500E+02, 0.4271897E+02, 0.1207333E+02, 0.1038042E+02,
 0.7476000E+01, 0.4602226E+02, 0.4274183E+02, 0.1207923E+02, 0.1038648E+02,
 0.7478000E+01, 0.4603952E+02, 0.4276469E+02, 0.1208511E+02, 0.1039253E+02,
 0.7480000E+01, 0.4605677E+02, 0.4278756E+02, 0.1209099E+02, 0.1039858E+02,
 0.7482000E+01, 0.4607402E+02, 0.4281042E+02, 0.1209686E+02, 0.1040462E+02,
 0.7484000E+01, 0.4609126E+02, 0.4283329E+02, 0.1210272E+02, 0.1041065E+02,
 0.7486000E+01, 0.4610849E+02, 0.4285617E+02, 0.1210857E+02, 0.1041667E+02,
 0.7488000E+01, 0.4612572E+02, 0.4287904E+02, 0.1211441E+02, 0.1042269E+02,
 0.7490000E+01, 0.4614294E+02, 0.4290192E+02, 0.1212024E+02, 0.1042869E+02,
 0.7492000E+01, 0.4616016E+02, 0.4292479E+02, 0.1212607E+02, 0.1043470E+02,
 0.7494000E+01, 0.4617737E+02, 0.4294767E+02, 0.1213189E+02, 0.1044069E+02,
 0.7496000E+01, 0.4619458E+02, 0.4297055E+02, 0.1213770E+02, 0.1044668E+02,
 0.7498000E+01, 0.4621178E+02, 0.4299344E+02, 0.1214349E+02, 0.1045266E+02,
 0.7500000E+01, 0.4622897E+02, 0.4301633E+02, 0.1214929E+02, 0.1045863E+02,
 0.7502000E+01, 0.4624616E+02, 0.4303922E+02, 0.1215507E+02, 0.1046459E+02,
 0.7504000E+01, 0.4626334E+02, 0.4306211E+02, 0.1216085E+02, 0.1047055E+02,
 0.7506000E+01, 0.4628052E+02, 0.4308500E+02, 0.1216661E+02, 0.1047651E+02,
 0.7508000E+01, 0.4629770E+02, 0.4310789E+02, 0.1217237E+02, 0.1048245E+02,
 0.7510000E+01, 0.4631486E+02, 0.4313079E+02, 0.1217812E+02, 0.1048839E+02,
 0.7512000E+01, 0.4633202E+02, 0.4315369E+02, 0.1218387E+02, 0.1049432E+02,
 0.7514000E+01, 0.4634917E+02, 0.4317659E+02, 0.1218960E+02, 0.1050025E+02,
 0.7516000E+01, 0.4636632E+02, 0.4319949E+02, 0.1219533E+02, 0.1050617E+02,
 0.7518000E+01, 0.4638346E+02, 0.4322240E+02, 0.1220105E+02, 0.1051208E+02,
 0.7520000E+01, 0.4640060E+02, 0.4324530E+02, 0.1220676E+02, 0.1051799E+02,
 0.7522000E+01, 0.4641773E+02, 0.4326822E+02, 0.1221247E+02, 0.1052389E+02,
 0.7524000E+01, 0.4643486E+02, 0.4329112E+02, 0.1221816E+02, 0.1052978E+02,
 0.7526000E+01, 0.4645198E+02, 0.4331404E+02, 0.1222385E+02, 0.1053567E+02,
 0.7528000E+01, 0.4646909E+02, 0.4333695E+02, 0.1222954E+02, 0.1054155E+02,
 0.7530000E+01, 0.4648619E+02, 0.4335987E+02, 0.1223521E+02, 0.1054742E+02,
 0.7532000E+01, 0.4650330E+02, 0.4338279E+02, 0.1224088E+02, 0.1055329E+02,
 0.7534000E+01, 0.4652039E+02, 0.4340571E+02, 0.1224654E+02, 0.1055916E+02,
 0.7536000E+01, 0.4653748E+02, 0.4342863E+02, 0.1225219E+02, 0.1056501E+02,
 0.7538000E+01, 0.4655457E+02, 0.4345155E+02, 0.1225783E+02, 0.1057086E+02,
 0.7540000E+01, 0.4657164E+02, 0.4347448E+02, 0.1226347E+02, 0.1057671E+02,
 0.7542000E+01, 0.4658872E+02, 0.4349741E+02, 0.1226910E+02, 0.1058255E+02,
 0.7544000E+01, 0.4660579E+02, 0.4352034E+02, 0.1227472E+02, 0.1058838E+02,
 0.7546000E+01, 0.4662284E+02, 0.4354327E+02, 0.1228034E+02, 0.1059421E+02,
 0.7548000E+01, 0.4663990E+02, 0.4356620E+02, 0.1228594E+02, 0.1060003E+02,
 0.7550000E+01, 0.4665695E+02, 0.4358914E+02, 0.1229155E+02, 0.1060585E+02,
 0.7552000E+01, 0.4667399E+02, 0.4361208E+02, 0.1229714E+02, 0.1061166E+02,
 0.7554000E+01, 0.4669103E+02, 0.4363502E+02, 0.1230273E+02, 0.1061747E+02,
 0.7556000E+01, 0.4670806E+02, 0.4365796E+02, 0.1230831E+02, 0.1062327E+02,
 0.7558000E+01, 0.4672509E+02, 0.4368090E+02, 0.1231388E+02, 0.1062906E+02,
 0.7560000E+01, 0.4674211E+02, 0.4370385E+02, 0.1231945E+02, 0.1063485E+02,
 0.7562000E+01, 0.4675912E+02, 0.4372679E+02, 0.1232501E+02, 0.1064063E+02,
 0.7564000E+01, 0.4677613E+02, 0.4374974E+02, 0.1233056E+02, 0.1064641E+02,
 0.7566000E+01, 0.4679313E+02, 0.4377269E+02, 0.1233610E+02, 0.1065218E+02,
 0.7568000E+01, 0.4681012E+02, 0.4379564E+02, 0.1234164E+02, 0.1065795E+02,
 0.7570000E+01, 0.4682711E+02, 0.4381860E+02, 0.1234718E+02, 0.1066371E+02,
 0.7572000E+01, 0.4684410E+02, 0.4384155E+02, 0.1235270E+02, 0.1066947E+02,
 0.7574000E+01, 0.4686108E+02, 0.4386451E+02, 0.1235822E+02, 0.1067522E+02,
 0.7576000E+01, 0.4687805E+02, 0.4388747E+02, 0.1236373E+02, 0.1068097E+02,
 0.7578000E+01, 0.4689502E+02, 0.4391043E+02, 0.1236924E+02, 0.1068671E+02,
 0.7580000E+01, 0.4691198E+02, 0.4393339E+02, 0.1237474E+02, 0.1069245E+02,
 0.7582000E+01, 0.4692893E+02, 0.4395636E+02, 0.1238023E+02, 0.1069818E+02,
 0.7584000E+01, 0.4694588E+02, 0.4397932E+02, 0.1238572E+02, 0.1070391E+02,
 0.7586000E+01, 0.4696282E+02, 0.4400229E+02, 0.1239120E+02, 0.1070963E+02,
 0.7588000E+01, 0.4697976E+02, 0.4402526E+02, 0.1239667E+02, 0.1071534E+02,
 0.7590000E+01, 0.4699669E+02, 0.4404823E+02, 0.1240213E+02, 0.1072106E+02,
 0.7592000E+01, 0.4701362E+02, 0.4407120E+02, 0.1240760E+02, 0.1072676E+02,
 0.7594000E+01, 0.4703054E+02, 0.4409417E+02, 0.1241305E+02, 0.1073247E+02,
 0.7596000E+01, 0.4704745E+02, 0.4411715E+02, 0.1241850E+02, 0.1073816E+02,
 0.7598000E+01, 0.4706436E+02, 0.4414013E+02, 0.1242394E+02, 0.1074386E+02,
 0.7600000E+01, 0.4708126E+02, 0.4416311E+02, 0.1242937E+02, 0.1074954E+02,
 0.7602000E+01, 0.4709815E+02, 0.4418609E+02, 0.1243480E+02, 0.1075523E+02,
 0.7604000E+01, 0.4711504E+02, 0.4420907E+02, 0.1244023E+02, 0.1076091E+02,
 0.7606000E+01, 0.4713193E+02, 0.4423206E+02, 0.1244564E+02, 0.1076658E+02,
 0.7608000E+01, 0.4714880E+02, 0.4425504E+02, 0.1245105E+02, 0.1077225E+02,
 0.7610000E+01, 0.4716568E+02, 0.4427803E+02, 0.1245646E+02, 0.1077792E+02,
 0.7612000E+01, 0.4718254E+02, 0.4430102E+02, 0.1246185E+02, 0.1078358E+02,
 0.7614000E+01, 0.4719940E+02, 0.4432401E+02, 0.1246725E+02, 0.1078923E+02,
 0.7616000E+01, 0.4721626E+02, 0.4434700E+02, 0.1247263E+02, 0.1079489E+02,
 0.7618000E+01, 0.4723310E+02, 0.4436999E+02, 0.1247801E+02, 0.1080053E+02,
 0.7620000E+01, 0.4724995E+02, 0.4439299E+02, 0.1248339E+02, 0.1080618E+02,
 0.7622000E+01, 0.4726678E+02, 0.4441599E+02, 0.1248876E+02, 0.1081182E+02,
 0.7624000E+01, 0.4728362E+02, 0.4443898E+02, 0.1249412E+02, 0.1081745E+02,
 0.7626000E+01, 0.4730044E+02, 0.4446198E+02, 0.1249948E+02, 0.1082308E+02,
 0.7628000E+01, 0.4731726E+02, 0.4448499E+02, 0.1250483E+02, 0.1082871E+02,
 0.7630000E+01, 0.4733407E+02, 0.4450799E+02, 0.1251017E+02, 0.1083433E+02,
 0.7632000E+01, 0.4735088E+02, 0.4453099E+02, 0.1251551E+02, 0.1083995E+02,
 0.7634000E+01, 0.4736768E+02, 0.4455400E+02, 0.1252084E+02, 0.1084556E+02,
 0.7636000E+01, 0.4738447E+02, 0.4457701E+02, 0.1252617E+02, 0.1085117E+02,
 0.7638000E+01, 0.4740126E+02, 0.4460002E+02, 0.1253149E+02, 0.1085677E+02,
 0.7640000E+01, 0.4741805E+02, 0.4462303E+02, 0.1253681E+02, 0.1086237E+02,
 0.7642000E+01, 0.4743482E+02, 0.4464604E+02, 0.1254212E+02, 0.1086797E+02,
 0.7644000E+01, 0.4745159E+02, 0.4466906E+02, 0.1254742E+02, 0.1087356E+02,
 0.7646000E+01, 0.4746836E+02, 0.4469207E+02, 0.1255272E+02, 0.1087915E+02,
 0.7648000E+01, 0.4748512E+02, 0.4471509E+02, 0.1255802E+02, 0.1088474E+02,
 0.7650000E+01, 0.4750187E+02, 0.4473811E+02, 0.1256330E+02, 0.1089032E+02,
 0.7652000E+01, 0.4751862E+02, 0.4476112E+02, 0.1256859E+02, 0.1089590E+02,
 0.7654000E+01, 0.4753536E+02, 0.4478415E+02, 0.1257386E+02, 0.1090147E+02,
 0.7656000E+01, 0.4755209E+02, 0.4480717E+02, 0.1257913E+02, 0.1090704E+02,
 0.7658000E+01, 0.4756882E+02, 0.4483020E+02, 0.1258440E+02, 0.1091261E+02,
 0.7660000E+01, 0.4758555E+02, 0.4485322E+02, 0.1258966E+02, 0.1091817E+02,
 0.7662000E+01, 0.4760226E+02, 0.4487625E+02, 0.1259492E+02, 0.1092373E+02,
 0.7664000E+01, 0.4761898E+02, 0.4489928E+02, 0.1260017E+02, 0.1092928E+02,
 0.7666000E+01, 0.4763568E+02, 0.4492231E+02, 0.1260541E+02, 0.1093483E+02,
 0.7668000E+01, 0.4765238E+02, 0.4494534E+02, 0.1261065E+02, 0.1094038E+02,
 0.7670000E+01, 0.4766908E+02, 0.4496837E+02, 0.1261588E+02, 0.1094592E+02,
 0.7672000E+01, 0.4768576E+02, 0.4499141E+02, 0.1262111E+02, 0.1095146E+02,
 0.7674000E+01, 0.4770245E+02, 0.4501444E+02, 0.1262633E+02, 0.1095700E+02,
 0.7676000E+01, 0.4771912E+02, 0.4503748E+02, 0.1263155E+02, 0.1096253E+02,
 0.7678000E+01, 0.4773579E+02, 0.4506052E+02, 0.1263676E+02, 0.1096805E+02,
 0.7680000E+01, 0.4775246E+02, 0.4508356E+02, 0.1264197E+02, 0.1097358E+02,
 0.7682000E+01, 0.4776912E+02, 0.4510661E+02, 0.1264717E+02, 0.1097910E+02,
 0.7684000E+01, 0.4778577E+02, 0.4512965E+02, 0.1265237E+02, 0.1098462E+02,
 0.7686000E+01, 0.4780242E+02, 0.4515269E+02, 0.1265756E+02, 0.1099013E+02,
 0.7688000E+01, 0.4781906E+02, 0.4517574E+02, 0.1266275E+02, 0.1099564E+02,
 0.7690000E+01, 0.4783569E+02, 0.4519879E+02, 0.1266793E+02, 0.1100115E+02,
 0.7692000E+01, 0.4785232E+02, 0.4522184E+02, 0.1267311E+02, 0.1100666E+02,
 0.7694000E+01, 0.4786895E+02, 0.4524489E+02, 0.1267828E+02, 0.1101216E+02,
 0.7696000E+01, 0.4788556E+02, 0.4526794E+02, 0.1268344E+02, 0.1101765E+02,
 0.7698000E+01, 0.4790218E+02, 0.4529099E+02, 0.1268860E+02, 0.1102315E+02,
 0.7700000E+01, 0.4791878E+02, 0.4531405E+02, 0.1269376E+02, 0.1102864E+02,
 0.7702000E+01, 0.4793538E+02, 0.4533710E+02, 0.1269891E+02, 0.1103412E+02,
 0.7704000E+01, 0.4795197E+02, 0.4536016E+02, 0.1270406E+02, 0.1103961E+02,
 0.7706000E+01, 0.4796856E+02, 0.4538322E+02, 0.1270920E+02, 0.1104509E+02,
 0.7708000E+01, 0.4798515E+02, 0.4540628E+02, 0.1271433E+02, 0.1105056E+02,
 0.7710000E+01, 0.4800172E+02, 0.4542934E+02, 0.1271946E+02, 0.1105604E+02,
 0.7712000E+01, 0.4801829E+02, 0.4545241E+02, 0.1272459E+02, 0.1106151E+02,
 0.7714000E+01, 0.4803485E+02, 0.4547547E+02, 0.1272971E+02, 0.1106698E+02,
 0.7716000E+01, 0.4805141E+02, 0.4549854E+02, 0.1273483E+02, 0.1107244E+02,
 0.7718000E+01, 0.4806797E+02, 0.4552160E+02, 0.1273994E+02, 0.1107790E+02,
 0.7720000E+01, 0.4808451E+02, 0.4554467E+02, 0.1274505E+02, 0.1108336E+02,
 0.7722000E+01, 0.4810106E+02, 0.4556774E+02, 0.1275015E+02, 0.1108881E+02,
 0.7724000E+01, 0.4811759E+02, 0.4559081E+02, 0.1275525E+02, 0.1109427E+02,
 0.7726000E+01, 0.4813412E+02, 0.4561389E+02, 0.1276034E+02, 0.1109971E+02,
 0.7728000E+01, 0.4815064E+02, 0.4563696E+02, 0.1276543E+02, 0.1110516E+02,
 0.7730000E+01, 0.4816716E+02, 0.4566003E+02, 0.1277051E+02, 0.1111060E+02,
 0.7732000E+01, 0.4818367E+02, 0.4568311E+02, 0.1277559E+02, 0.1111604E+02,
 0.7734000E+01, 0.4820018E+02, 0.4570619E+02, 0.1278066E+02, 0.1112148E+02,
 0.7736000E+01, 0.4821668E+02, 0.4572927E+02, 0.1278573E+02, 0.1112691E+02,
 0.7738000E+01, 0.4823317E+02, 0.4575235E+02, 0.1279079E+02, 0.1113234E+02,
 0.7740000E+01, 0.4824966E+02, 0.4577543E+02, 0.1279585E+02, 0.1113777E+02,
 0.7742000E+01, 0.4826614E+02, 0.4579852E+02, 0.1280091E+02, 0.1114319E+02,
 0.7744000E+01, 0.4828262E+02, 0.4582160E+02, 0.1280596E+02, 0.1114861E+02,
 0.7746000E+01, 0.4829909E+02, 0.4584468E+02, 0.1281100E+02, 0.1115403E+02,
 0.7748000E+01, 0.4831556E+02, 0.4586777E+02, 0.1281605E+02, 0.1115945E+02,
 0.7750000E+01, 0.4833201E+02, 0.4589086E+02, 0.1282108E+02, 0.1116486E+02,
 0.7752000E+01, 0.4834846E+02, 0.4591395E+02, 0.1282611E+02, 0.1117027E+02,
 0.7754000E+01, 0.4836491E+02, 0.4593704E+02, 0.1283114E+02, 0.1117568E+02,
 0.7756000E+01, 0.4838136E+02, 0.4596014E+02, 0.1283616E+02, 0.1118108E+02,
 0.7758000E+01, 0.4839779E+02, 0.4598323E+02, 0.1284118E+02, 0.1118648E+02,
 0.7760000E+01, 0.4841422E+02, 0.4600632E+02, 0.1284620E+02, 0.1119188E+02,
 0.7762000E+01, 0.4843064E+02, 0.4602942E+02, 0.1285121E+02, 0.1119727E+02,
 0.7764000E+01, 0.4844706E+02, 0.4605252E+02, 0.1285621E+02, 0.1120267E+02,
 0.7766000E+01, 0.4846347E+02, 0.4607561E+02, 0.1286121E+02, 0.1120806E+02,
 0.7768000E+01, 0.4847988E+02, 0.4609871E+02, 0.1286621E+02, 0.1121344E+02,
 0.7770000E+01, 0.4849628E+02, 0.4612181E+02, 0.1287120E+02, 0.1121883E+02,
 0.7772000E+01, 0.4851268E+02, 0.4614492E+02, 0.1287619E+02, 0.1122421E+02,
 0.7774000E+01, 0.4852906E+02, 0.4616802E+02, 0.1288117E+02, 0.1122959E+02,
 0.7776000E+01, 0.4854545E+02, 0.4619112E+02, 0.1288615E+02, 0.1123497E+02,
 0.7778000E+01, 0.4856182E+02, 0.4621423E+02, 0.1289112E+02, 0.1124034E+02,
 0.7780000E+01, 0.4857820E+02, 0.4623734E+02, 0.1289609E+02, 0.1124571E+02,
 0.7782000E+01, 0.4859456E+02, 0.4626044E+02, 0.1290106E+02, 0.1125108E+02,
 0.7784000E+01, 0.4861092E+02, 0.4628355E+02, 0.1290602E+02, 0.1125644E+02,
 0.7786000E+01, 0.4862728E+02, 0.4630667E+02, 0.1291098E+02, 0.1126181E+02,
 0.7788000E+01, 0.4864362E+02, 0.4632978E+02, 0.1291593E+02, 0.1126717E+02,
 0.7790000E+01, 0.4865997E+02, 0.4635289E+02, 0.1292088E+02, 0.1127252E+02,
 0.7792000E+01, 0.4867630E+02, 0.4637600E+02, 0.1292582E+02, 0.1127788E+02,
 0.7794000E+01, 0.4869263E+02, 0.4639912E+02, 0.1293076E+02, 0.1128323E+02,
 0.7796000E+01, 0.4870896E+02, 0.4642224E+02, 0.1293570E+02, 0.1128858E+02,
 0.7798000E+01, 0.4872528E+02, 0.4644535E+02, 0.1294063E+02, 0.1129393E+02,
 0.7800000E+01, 0.4874159E+02, 0.4646847E+02, 0.1294556E+02, 0.1129928E+02,
 0.7802000E+01, 0.4875790E+02, 0.4649159E+02, 0.1295048E+02, 0.1130462E+02,
 0.7804000E+01, 0.4877420E+02, 0.4651471E+02, 0.1295540E+02, 0.1130996E+02,
 0.7806000E+01, 0.4879050E+02, 0.4653783E+02, 0.1296031E+02, 0.1131530E+02,
 0.7808000E+01, 0.4880679E+02, 0.4656096E+02, 0.1296523E+02, 0.1132063E+02,
 0.7810000E+01, 0.4882307E+02, 0.4658408E+02, 0.1297013E+02, 0.1132596E+02,
 0.7812000E+01, 0.4883935E+02, 0.4660721E+02, 0.1297503E+02, 0.1133129E+02,
 0.7814000E+01, 0.4885562E+02, 0.4663033E+02, 0.1297993E+02, 0.1133662E+02,
 0.7816000E+01, 0.4887189E+02, 0.4665346E+02, 0.1298483E+02, 0.1134195E+02,
 0.7818000E+01, 0.4888815E+02, 0.4667659E+02, 0.1298972E+02, 0.1134727E+02,
 0.7820000E+01, 0.4890441E+02, 0.4669972E+02, 0.1299460E+02, 0.1135259E+02,
 0.7822000E+01, 0.4892065E+02, 0.4672285E+02, 0.1299949E+02, 0.1135791E+02,
 0.7824000E+01, 0.4893690E+02, 0.4674598E+02, 0.1300436E+02, 0.1136322E+02,
 0.7826000E+01, 0.4895314E+02, 0.4676912E+02, 0.1300924E+02, 0.1136854E+02,
 0.7828000E+01, 0.4896937E+02, 0.4679225E+02, 0.1301411E+02, 0.1137385E+02,
 0.7830000E+01, 0.4898560E+02, 0.4681538E+02, 0.1301898E+02, 0.1137916E+02,
 0.7832000E+01, 0.4900182E+02, 0.4683852E+02, 0.1302384E+02, 0.1138446E+02,
 0.7834000E+01, 0.4901803E+02, 0.4686166E+02, 0.1302870E+02, 0.1138977E+02,
 0.7836000E+01, 0.4903424E+02, 0.4688479E+02, 0.1303355E+02, 0.1139507E+02,
 0.7838000E+01, 0.4905044E+02, 0.4690793E+02, 0.1303840E+02, 0.1140037E+02,
 0.7840000E+01, 0.4906664E+02, 0.4693107E+02, 0.1304325E+02, 0.1140567E+02,
 0.7842000E+01, 0.4908283E+02, 0.4695421E+02, 0.1304809E+02, 0.1141096E+02,
 0.7844000E+01, 0.4909902E+02, 0.4697736E+02, 0.1305293E+02, 0.1141625E+02,
 0.7846000E+01, 0.4911520E+02, 0.4700050E+02, 0.1305776E+02, 0.1142154E+02,
 0.7848000E+01, 0.4913137E+02, 0.4702364E+02, 0.1306259E+02, 0.1142683E+02,
 0.7850000E+01, 0.4914754E+02, 0.4704678E+02, 0.1306742E+02, 0.1143212E+02,
 0.7852000E+01, 0.4916370E+02, 0.4706993E+02, 0.1307224E+02, 0.1143740E+02,
 0.7854000E+01, 0.4917986E+02, 0.4709308E+02, 0.1307706E+02, 0.1144268E+02,
 0.7856000E+01, 0.4919601E+02, 0.4711623E+02, 0.1308188E+02, 0.1144796E+02,
 0.7858000E+01, 0.4921215E+02, 0.4713937E+02, 0.1308669E+02, 0.1145324E+02,
 0.7860000E+01, 0.4922829E+02, 0.4716252E+02, 0.1309150E+02, 0.1145852E+02,
 0.7862000E+01, 0.4924443E+02, 0.4718567E+02, 0.1309630E+02, 0.1146379E+02,
 0.7864000E+01, 0.4926056E+02, 0.4720882E+02, 0.1310110E+02, 0.1146906E+02,
 0.7866000E+01, 0.4927668E+02, 0.4723198E+02, 0.1310590E+02, 0.1147433E+02,
 0.7868000E+01, 0.4929279E+02, 0.4725513E+02, 0.1311069E+02, 0.1147959E+02,
 0.7870000E+01, 0.4930890E+02, 0.4727828E+02, 0.1311548E+02, 0.1148486E+02,
 0.7872000E+01, 0.4932501E+02, 0.4730144E+02, 0.1312027E+02, 0.1149012E+02,
 0.7874000E+01, 0.4934111E+02, 0.4732459E+02, 0.1312505E+02, 0.1149538E+02,
 0.7876000E+01, 0.4935720E+02, 0.4734775E+02, 0.1312983E+02, 0.1150064E+02,
 0.7878000E+01, 0.4937329E+02, 0.4737090E+02, 0.1313460E+02, 0.1150589E+02,
 0.7880000E+01, 0.4938937E+02, 0.4739406E+02, 0.1313937E+02, 0.1151115E+02,
 0.7882000E+01, 0.4940545E+02, 0.4741722E+02, 0.1314414E+02, 0.1151640E+02,
 0.7884000E+01, 0.4942151E+02, 0.4744038E+02, 0.1314890E+02, 0.1152165E+02,
 0.7886000E+01, 0.4943758E+02, 0.4746354E+02, 0.1315366E+02, 0.1152690E+02,
 0.7888000E+01, 0.4945364E+02, 0.4748670E+02, 0.1315842E+02, 0.1153214E+02,
 0.7890000E+01, 0.4946969E+02, 0.4750986E+02, 0.1316317E+02, 0.1153739E+02,
 0.7892000E+01, 0.4948574E+02, 0.4753302E+02, 0.1316792E+02, 0.1154263E+02,
 0.7894000E+01, 0.4950178E+02, 0.4755619E+02, 0.1317266E+02, 0.1154787E+02,
 0.7896000E+01, 0.4951781E+02, 0.4757935E+02, 0.1317740E+02, 0.1155311E+02,
 0.7898000E+01, 0.4953384E+02, 0.4760252E+02, 0.1318214E+02, 0.1155834E+02,
 0.7900000E+01, 0.4954987E+02, 0.4762568E+02, 0.1318688E+02, 0.1156357E+02,
 0.7902000E+01, 0.4956588E+02, 0.4764885E+02, 0.1319161E+02, 0.1156881E+02,
 0.7904000E+01, 0.4958189E+02, 0.4767202E+02, 0.1319633E+02, 0.1157404E+02,
 0.7906000E+01, 0.4959790E+02, 0.4769518E+02, 0.1320106E+02, 0.1157926E+02,
 0.7908000E+01, 0.4961390E+02, 0.4771835E+02, 0.1320578E+02, 0.1158449E+02,
 0.7910000E+01, 0.4962989E+02, 0.4774152E+02, 0.1321049E+02, 0.1158971E+02,
 0.7912000E+01, 0.4964588E+02, 0.4776469E+02, 0.1321521E+02, 0.1159494E+02,
 0.7914000E+01, 0.4966187E+02, 0.4778786E+02, 0.1321992E+02, 0.1160015E+02,
 0.7916000E+01, 0.4967784E+02, 0.4781103E+02, 0.1322462E+02, 0.1160537E+02,
 0.7918000E+01, 0.4969381E+02, 0.4783420E+02, 0.1322932E+02, 0.1161059E+02,
 0.7920000E+01, 0.4970978E+02, 0.4785737E+02, 0.1323402E+02, 0.1161580E+02,
 0.7922000E+01, 0.4972574E+02, 0.4788055E+02, 0.1323872E+02, 0.1162102E+02,
 0.7924000E+01, 0.4974169E+02, 0.4790372E+02, 0.1324341E+02, 0.1162623E+02,
 0.7926000E+01, 0.4975764E+02, 0.4792689E+02, 0.1324810E+02, 0.1163144E+02,
 0.7928000E+01, 0.4977358E+02, 0.4795007E+02, 0.1325278E+02, 0.1163664E+02,
 0.7930000E+01, 0.4978952E+02, 0.4797324E+02, 0.1325746E+02, 0.1164185E+02,
 0.7932000E+01, 0.4980545E+02, 0.4799641E+02, 0.1326214E+02, 0.1164705E+02,
 0.7934000E+01, 0.4982137E+02, 0.4801959E+02, 0.1326682E+02, 0.1165225E+02,
 0.7936000E+01, 0.4983729E+02, 0.4804277E+02, 0.1327149E+02, 0.1165745E+02,
 0.7938000E+01, 0.4985320E+02, 0.4806594E+02, 0.1327615E+02, 0.1166265E+02,
 0.7940000E+01, 0.4986911E+02, 0.4808912E+02, 0.1328082E+02, 0.1166784E+02,
 0.7942000E+01, 0.4988501E+02, 0.4811230E+02, 0.1328548E+02, 0.1167304E+02,
 0.7944000E+01, 0.4990091E+02, 0.4813548E+02, 0.1329014E+02, 0.1167823E+02,
 0.7946000E+01, 0.4991679E+02, 0.4815866E+02, 0.1329479E+02, 0.1168342E+02,
 0.7948000E+01, 0.4993268E+02, 0.4818184E+02, 0.1329944E+02, 0.1168861E+02,
 0.7950000E+01, 0.4994855E+02, 0.4820502E+02, 0.1330409E+02, 0.1169379E+02,
 0.7952000E+01, 0.4996443E+02, 0.4822820E+02, 0.1330873E+02, 0.1169898E+02,
 0.7954000E+01, 0.4998029E+02, 0.4825138E+02, 0.1331337E+02, 0.1170416E+02,
 0.7956000E+01, 0.4999615E+02, 0.4827456E+02, 0.1331801E+02, 0.1170934E+02,
 0.7958000E+01, 0.5001201E+02, 0.4829774E+02, 0.1332264E+02, 0.1171452E+02,
 0.7960000E+01, 0.5002785E+02, 0.4832092E+02, 0.1332728E+02, 0.1171970E+02,
 0.7962000E+01, 0.5004370E+02, 0.4834410E+02, 0.1333190E+02, 0.1172488E+02,
 0.7964000E+01, 0.5005954E+02, 0.4836728E+02, 0.1333653E+02, 0.1173005E+02,
 0.7966000E+01, 0.5007537E+02, 0.4839047E+02, 0.1334115E+02, 0.1173522E+02,
 0.7968000E+01, 0.5009119E+02, 0.4841365E+02, 0.1334576E+02, 0.1174039E+02,
 0.7970000E+01, 0.5010701E+02, 0.4843683E+02, 0.1335038E+02, 0.1174556E+02,
 0.7972000E+01, 0.5012282E+02, 0.4846002E+02, 0.1335499E+02, 0.1175073E+02,
 0.7974000E+01, 0.5013863E+02, 0.4848320E+02, 0.1335960E+02, 0.1175590E+02,
 0.7976000E+01, 0.5015443E+02, 0.4850639E+02, 0.1336420E+02, 0.1176106E+02,
 0.7978000E+01, 0.5017023E+02, 0.4852957E+02, 0.1336880E+02, 0.1176622E+02,
 0.7980000E+01, 0.5018602E+02, 0.4855275E+02, 0.1337340E+02, 0.1177138E+02,
 0.7982000E+01, 0.5020180E+02, 0.4857594E+02, 0.1337799E+02, 0.1177654E+02,
 0.7984000E+01, 0.5021758E+02, 0.4859912E+02, 0.1338259E+02, 0.1178170E+02,
 0.7986000E+01, 0.5023335E+02, 0.4862231E+02, 0.1338717E+02, 0.1178685E+02,
 0.7988000E+01, 0.5024911E+02, 0.4864550E+02, 0.1339176E+02, 0.1179201E+02,
 0.7990000E+01, 0.5026488E+02, 0.4866868E+02, 0.1339634E+02, 0.1179716E+02,
 0.7992000E+01, 0.5028063E+02, 0.4869187E+02, 0.1340092E+02, 0.1180231E+02,
 0.7994000E+01, 0.5029638E+02, 0.4871505E+02, 0.1340549E+02, 0.1180746E+02,
 0.7996000E+01, 0.5031212E+02, 0.4873824E+02, 0.1341007E+02, 0.1181261E+02,
 0.7998000E+01, 0.5032786E+02, 0.4876143E+02, 0.1341464E+02, 0.1181775E+02,
 0.8000000E+01, 0.5034359E+02, 0.4878461E+02, 0.1341920E+02, 0.1182290E+02,
 0.8002000E+01, 0.5035931E+02, 0.4880780E+02, 0.1342376E+02, 0.1182804E+02,
 0.8004000E+01, 0.5037503E+02, 0.4883099E+02, 0.1342832E+02, 0.1183318E+02,
 0.8006000E+01, 0.5039074E+02, 0.4885418E+02, 0.1343288E+02, 0.1183832E+02,
 0.8008000E+01, 0.5040645E+02, 0.4887736E+02, 0.1343743E+02, 0.1184345E+02,
 0.8010000E+01, 0.5042215E+02, 0.4890055E+02, 0.1344198E+02, 0.1184859E+02,
 0.8012000E+01, 0.5043785E+02, 0.4892374E+02, 0.1344653E+02, 0.1185372E+02,
 0.8014000E+01, 0.5045354E+02, 0.4894692E+02, 0.1345107E+02, 0.1185886E+02,
 0.8016000E+01, 0.5046922E+02, 0.4897011E+02, 0.1345561E+02, 0.1186399E+02,
 0.8018000E+01, 0.5048489E+02, 0.4899330E+02, 0.1346015E+02, 0.1186912E+02,
 0.8020000E+01, 0.5050057E+02, 0.4901648E+02, 0.1346469E+02, 0.1187424E+02,
 0.8022000E+01, 0.5051623E+02, 0.4903967E+02, 0.1346922E+02, 0.1187937E+02,
 0.8024000E+01, 0.5053189E+02, 0.4906286E+02, 0.1347375E+02, 0.1188449E+02,
 0.8026000E+01, 0.5054754E+02, 0.4908604E+02, 0.1347827E+02, 0.1188962E+02,
 0.8028000E+01, 0.5056319E+02, 0.4910923E+02, 0.1348279E+02, 0.1189474E+02,
 0.8030000E+01, 0.5057883E+02, 0.4913242E+02, 0.1348731E+02, 0.1189986E+02,
 0.8032000E+01, 0.5059447E+02, 0.4915561E+02, 0.1349183E+02, 0.1190498E+02,
 0.8034000E+01, 0.5061010E+02, 0.4917879E+02, 0.1349634E+02, 0.1191009E+02,
 0.8036000E+01, 0.5062572E+02, 0.4920198E+02, 0.1350085E+02, 0.1191521E+02,
 0.8038000E+01, 0.5064134E+02, 0.4922516E+02, 0.1350536E+02, 0.1192032E+02,
 0.8040000E+01, 0.5065695E+02, 0.4924835E+02, 0.1350986E+02, 0.1192544E+02,
 0.8042000E+01, 0.5067255E+02, 0.4927154E+02, 0.1351436E+02, 0.1193055E+02,
 0.8044000E+01, 0.5068815E+02, 0.4929472E+02, 0.1351886E+02, 0.1193565E+02,
 0.8046000E+01, 0.5070375E+02, 0.4931791E+02, 0.1352335E+02, 0.1194076E+02,
 0.8048000E+01, 0.5071933E+02, 0.4934109E+02, 0.1352785E+02, 0.1194587E+02,
 0.8050000E+01, 0.5073492E+02, 0.4936428E+02, 0.1353233E+02, 0.1195097E+02,
 0.8052000E+01, 0.5075049E+02, 0.4938746E+02, 0.1353682E+02, 0.1195607E+02,
 0.8054000E+01, 0.5076606E+02, 0.4941065E+02, 0.1354130E+02, 0.1196118E+02,
 0.8056000E+01, 0.5078162E+02, 0.4943383E+02, 0.1354578E+02, 0.1196628E+02,
 0.8058000E+01, 0.5079718E+02, 0.4945702E+02, 0.1355026E+02, 0.1197137E+02,
 0.8060000E+01, 0.5081273E+02, 0.4948020E+02, 0.1355473E+02, 0.1197647E+02,
 0.8062000E+01, 0.5082828E+02, 0.4950338E+02, 0.1355920E+02, 0.1198157E+02,
 0.8064000E+01, 0.5084381E+02, 0.4952657E+02, 0.1356367E+02, 0.1198666E+02,
 0.8066000E+01, 0.5085935E+02, 0.4954975E+02, 0.1356813E+02, 0.1199175E+02,
 0.8068000E+01, 0.5087487E+02, 0.4957293E+02, 0.1357260E+02, 0.1199684E+02,
 0.8070000E+01, 0.5089040E+02, 0.4959612E+02, 0.1357705E+02, 0.1200193E+02,
 0.8072000E+01, 0.5090591E+02, 0.4961930E+02, 0.1358151E+02, 0.1200702E+02,
 0.8074000E+01, 0.5092142E+02, 0.4964248E+02, 0.1358596E+02, 0.1201211E+02,
 0.8076000E+01, 0.5093692E+02, 0.4966566E+02, 0.1359041E+02, 0.1201719E+02,
 0.8078000E+01, 0.5095242E+02, 0.4968884E+02, 0.1359486E+02, 0.1202228E+02,
 0.8080000E+01, 0.5096791E+02, 0.4971202E+02, 0.1359931E+02, 0.1202736E+02,
 0.8082000E+01, 0.5098339E+02, 0.4973520E+02, 0.1360375E+02, 0.1203244E+02,
 0.8084000E+01, 0.5099887E+02, 0.4975838E+02, 0.1360818E+02, 0.1203752E+02,
 0.8086000E+01, 0.5101434E+02, 0.4978156E+02, 0.1361262E+02, 0.1204259E+02,
 0.8088000E+01, 0.5102981E+02, 0.4980474E+02, 0.1361705E+02, 0.1204767E+02,
 0.8090000E+01, 0.5104527E+02, 0.4982792E+02, 0.1362148E+02, 0.1205275E+02,
 0.8092000E+01, 0.5106072E+02, 0.4985109E+02, 0.1362591E+02, 0.1205782E+02,
 0.8094000E+01, 0.5107617E+02, 0.4987427E+02, 0.1363033E+02, 0.1206289E+02,
 0.8096000E+01, 0.5109161E+02, 0.4989744E+02, 0.1363475E+02, 0.1206796E+02,
 0.8098000E+01, 0.5110705E+02, 0.4992062E+02, 0.1363917E+02, 0.1207303E+02,
 0.8100000E+01, 0.5112248E+02, 0.4994379E+02, 0.1364359E+02, 0.1207810E+02,
 0.8102000E+01, 0.5113790E+02, 0.4996697E+02, 0.1364800E+02, 0.1208316E+02,
 0.8104000E+01, 0.5115332E+02, 0.4999014E+02, 0.1365241E+02, 0.1208823E+02,
 0.8106000E+01, 0.5116873E+02, 0.5001331E+02, 0.1365681E+02, 0.1209329E+02,
 0.8108000E+01, 0.5118414E+02, 0.5003649E+02, 0.1366122E+02, 0.1209835E+02,
 0.8110000E+01, 0.5119953E+02, 0.5005966E+02, 0.1366562E+02, 0.1210341E+02,
 0.8112000E+01, 0.5121492E+02, 0.5008283E+02, 0.1367002E+02, 0.1210847E+02,
 0.8114000E+01, 0.5123031E+02, 0.5010600E+02, 0.1367441E+02, 0.1211353E+02,
 0.8116000E+01, 0.5124569E+02, 0.5012917E+02, 0.1367880E+02, 0.1211859E+02,
 0.8118000E+01, 0.5126107E+02, 0.5015234E+02, 0.1368319E+02, 0.1212364E+02,
 0.8120000E+01, 0.5127643E+02, 0.5017551E+02, 0.1368758E+02, 0.1212869E+02,
 0.8122000E+01, 0.5129179E+02, 0.5019867E+02, 0.1369196E+02, 0.1213375E+02,
 0.8124000E+01, 0.5130715E+02, 0.5022184E+02, 0.1369634E+02, 0.1213880E+02,
 0.8126000E+01, 0.5132250E+02, 0.5024501E+02, 0.1370072E+02, 0.1214385E+02,
 0.8128000E+01, 0.5133784E+02, 0.5026817E+02, 0.1370510E+02, 0.1214889E+02,
 0.8130000E+01, 0.5135318E+02, 0.5029134E+02, 0.1370947E+02, 0.1215394E+02,
 0.8132000E+01, 0.5136851E+02, 0.5031450E+02, 0.1371384E+02, 0.1215899E+02,
 0.8134000E+01, 0.5138383E+02, 0.5033766E+02, 0.1371821E+02, 0.1216403E+02,
 0.8136000E+01, 0.5139915E+02, 0.5036082E+02, 0.1372257E+02, 0.1216907E+02,
 0.8138000E+01, 0.5141446E+02, 0.5038398E+02, 0.1372693E+02, 0.1217411E+02,
 0.8140000E+01, 0.5142977E+02, 0.5040714E+02, 0.1373129E+02, 0.1217915E+02,
 0.8142000E+01, 0.5144507E+02, 0.5043030E+02, 0.1373565E+02, 0.1218419E+02,
 0.8144000E+01, 0.5146036E+02, 0.5045346E+02, 0.1374000E+02, 0.1218923E+02,
 0.8146000E+01, 0.5147565E+02, 0.5047662E+02, 0.1374435E+02, 0.1219426E+02,
 0.8148000E+01, 0.5149093E+02, 0.5049977E+02, 0.1374870E+02, 0.1219930E+02,
 0.8150000E+01, 0.5150621E+02, 0.5052293E+02, 0.1375304E+02, 0.1220433E+02,
 0.8152000E+01, 0.5152147E+02, 0.5054609E+02, 0.1375738E+02, 0.1220936E+02,
 0.8154000E+01, 0.5153674E+02, 0.5056924E+02, 0.1376172E+02, 0.1221439E+02,
 0.8156000E+01, 0.5155199E+02, 0.5059239E+02, 0.1376606E+02, 0.1221942E+02,
 0.8158000E+01, 0.5156724E+02, 0.5061554E+02, 0.1377039E+02, 0.1222444E+02,
 0.8160000E+01, 0.5158249E+02, 0.5063869E+02, 0.1377472E+02, 0.1222947E+02,
 0.8162000E+01, 0.5159772E+02, 0.5066184E+02, 0.1377905E+02, 0.1223449E+02,
 0.8164000E+01, 0.5161295E+02, 0.5068499E+02, 0.1378338E+02, 0.1223952E+02,
 0.8166000E+01, 0.5162818E+02, 0.5070813E+02, 0.1378770E+02, 0.1224454E+02,
 0.8168000E+01, 0.5164339E+02, 0.5073128E+02, 0.1379202E+02, 0.1224956E+02,
 0.8170000E+01, 0.5165861E+02, 0.5075443E+02, 0.1379634E+02, 0.1225458E+02,
 0.8172000E+01, 0.5167381E+02, 0.5077757E+02, 0.1380065E+02, 0.1225960E+02,
 0.8174000E+01, 0.5168901E+02, 0.5080071E+02, 0.1380497E+02, 0.1226461E+02,
 0.8176000E+01, 0.5170420E+02, 0.5082385E+02, 0.1380927E+02, 0.1226963E+02,
 0.8178000E+01, 0.5171939E+02, 0.5084699E+02, 0.1381358E+02, 0.1227464E+02,
 0.8180000E+01, 0.5173457E+02, 0.5087013E+02, 0.1381788E+02, 0.1227965E+02,
 0.8182000E+01, 0.5174974E+02, 0.5089326E+02, 0.1382219E+02, 0.1228466E+02,
 0.8184000E+01, 0.5176491E+02, 0.5091640E+02, 0.1382648E+02, 0.1228967E+02,
 0.8186000E+01, 0.5178007E+02, 0.5093954E+02, 0.1383078E+02, 0.1229468E+02,
 0.8188000E+01, 0.5179523E+02, 0.5096267E+02, 0.1383507E+02, 0.1229969E+02,
 0.8190000E+01, 0.5181038E+02, 0.5098580E+02, 0.1383936E+02, 0.1230470E+02,
 0.8192000E+01, 0.5182552E+02, 0.5100893E+02, 0.1384365E+02, 0.1230970E+02,
 0.8194000E+01, 0.5184065E+02, 0.5103206E+02, 0.1384794E+02, 0.1231470E+02,
 0.8196000E+01, 0.5185578E+02, 0.5105519E+02, 0.1385222E+02, 0.1231970E+02,
 0.8198000E+01, 0.5187090E+02, 0.5107832E+02, 0.1385650E+02, 0.1232470E+02,
 0.8200000E+01, 0.5188602E+02, 0.5110144E+02, 0.1386077E+02, 0.1232970E+02,
 0.8202000E+01, 0.5190113E+02, 0.5112457E+02, 0.1386505E+02, 0.1233470E+02,
 0.8204000E+01, 0.5191623E+02, 0.5114769E+02, 0.1386932E+02, 0.1233970E+02,
 0.8206000E+01, 0.5193133E+02, 0.5117081E+02, 0.1387359E+02, 0.1234469E+02,
 0.8208000E+01, 0.5194642E+02, 0.5119393E+02, 0.1387786E+02, 0.1234969E+02,
 0.8210000E+01, 0.5196151E+02, 0.5121705E+02, 0.1388212E+02, 0.1235468E+02,
 0.8212000E+01, 0.5197659E+02, 0.5124017E+02, 0.1388638E+02, 0.1235967E+02,
 0.8214000E+01, 0.5199166E+02, 0.5126328E+02, 0.1389064E+02, 0.1236466E+02,
 0.8216000E+01, 0.5200672E+02, 0.5128640E+02, 0.1389489E+02, 0.1236965E+02,
 0.8218000E+01, 0.5202178E+02, 0.5130951E+02, 0.1389915E+02, 0.1237463E+02,
 0.8220000E+01, 0.5203683E+02, 0.5133262E+02, 0.1390340E+02, 0.1237962E+02,
 0.8222000E+01, 0.5205188E+02, 0.5135573E+02, 0.1390765E+02, 0.1238460E+02,
 0.8224000E+01, 0.5206692E+02, 0.5137884E+02, 0.1391189E+02, 0.1238959E+02,
 0.8226000E+01, 0.5208195E+02, 0.5140194E+02, 0.1391613E+02, 0.1239457E+02,
 0.8228000E+01, 0.5209698E+02, 0.5142505E+02, 0.1392037E+02, 0.1239955E+02,
 0.8230000E+01, 0.5211200E+02, 0.5144815E+02, 0.1392461E+02, 0.1240453E+02,
 0.8232000E+01, 0.5212701E+02, 0.5147125E+02, 0.1392885E+02, 0.1240951E+02,
 0.8234000E+01, 0.5214202E+02, 0.5149435E+02, 0.1393308E+02, 0.1241448E+02,
 0.8236000E+01, 0.5215702E+02, 0.5151745E+02, 0.1393731E+02, 0.1241946E+02,
 0.8238000E+01, 0.5217201E+02, 0.5154055E+02, 0.1394153E+02, 0.1242443E+02,
 0.8240000E+01, 0.5218700E+02, 0.5156364E+02, 0.1394576E+02, 0.1242941E+02,
 0.8242000E+01, 0.5220198E+02, 0.5158673E+02, 0.1394998E+02, 0.1243438E+02,
 0.8244000E+01, 0.5221696E+02, 0.5160983E+02, 0.1395420E+02, 0.1243935E+02,
 0.8246000E+01, 0.5223193E+02, 0.5163291E+02, 0.1395842E+02, 0.1244432E+02,
 0.8248000E+01, 0.5224689E+02, 0.5165600E+02, 0.1396263E+02, 0.1244928E+02,
 0.8250000E+01, 0.5226184E+02, 0.5167908E+02, 0.1396684E+02, 0.1245425E+02,
 0.8252000E+01, 0.5227679E+02, 0.5170217E+02, 0.1397105E+02, 0.1245922E+02,
 0.8254000E+01, 0.5229173E+02, 0.5172525E+02, 0.1397526E+02, 0.1246418E+02,
 0.8256000E+01, 0.5230667E+02, 0.5174833E+02, 0.1397946E+02, 0.1246914E+02,
 0.8258000E+01, 0.5232160E+02, 0.5177141E+02, 0.1398366E+02, 0.1247410E+02,
 0.8260000E+01, 0.5233652E+02, 0.5179449E+02, 0.1398786E+02, 0.1247906E+02,
 0.8262000E+01, 0.5235143E+02, 0.5181756E+02, 0.1399205E+02, 0.1248402E+02,
 0.8264000E+01, 0.5236634E+02, 0.5184064E+02, 0.1399625E+02, 0.1248898E+02,
 0.8266000E+01, 0.5238125E+02, 0.5186371E+02, 0.1400044E+02, 0.1249394E+02,
 0.8268000E+01, 0.5239614E+02, 0.5188678E+02, 0.1400463E+02, 0.1249889E+02,
 0.8270000E+01, 0.5241103E+02, 0.5190984E+02, 0.1400881E+02, 0.1250384E+02,
 0.8272000E+01, 0.5242591E+02, 0.5193291E+02, 0.1401299E+02, 0.1250880E+02,
 0.8274000E+01, 0.5244079E+02, 0.5195597E+02, 0.1401718E+02, 0.1251375E+02,
 0.8276000E+01, 0.5245566E+02, 0.5197903E+02, 0.1402135E+02, 0.1251870E+02,
 0.8278000E+01, 0.5247052E+02, 0.5200209E+02, 0.1402553E+02, 0.1252364E+02,
 0.8280000E+01, 0.5248538E+02, 0.5202515E+02, 0.1402970E+02, 0.1252859E+02,
 0.8282000E+01, 0.5250023E+02, 0.5204820E+02, 0.1403387E+02, 0.1253354E+02,
 0.8284000E+01, 0.5251508E+02, 0.5207126E+02, 0.1403804E+02, 0.1253848E+02,
 0.8286000E+01, 0.5252991E+02, 0.5209431E+02, 0.1404220E+02, 0.1254342E+02,
 0.8288000E+01, 0.5254474E+02, 0.5211736E+02, 0.1404637E+02, 0.1254837E+02,
 0.8290000E+01, 0.5255956E+02, 0.5214040E+02, 0.1405053E+02, 0.1255331E+02,
 0.8292000E+01, 0.5257438E+02, 0.5216345E+02, 0.1405469E+02, 0.1255825E+02,
 0.8294000E+01, 0.5258919E+02, 0.5218649E+02, 0.1405884E+02, 0.1256318E+02,
 0.8296000E+01, 0.5260400E+02, 0.5220953E+02, 0.1406299E+02, 0.1256812E+02,
 0.8298000E+01, 0.5261879E+02, 0.5223257E+02, 0.1406714E+02, 0.1257306E+02,
 0.8300000E+01, 0.5263358E+02, 0.5225560E+02, 0.1407129E+02, 0.1257799E+02,
 0.8302000E+01, 0.5264837E+02, 0.5227864E+02, 0.1407544E+02, 0.1258292E+02,
 0.8304000E+01, 0.5266314E+02, 0.5230167E+02, 0.1407958E+02, 0.1258786E+02,
 0.8306000E+01, 0.5267791E+02, 0.5232470E+02, 0.1408372E+02, 0.1259279E+02,
 0.8308000E+01, 0.5269268E+02, 0.5234773E+02, 0.1408786E+02, 0.1259772E+02,
 0.8310000E+01, 0.5270743E+02, 0.5237075E+02, 0.1409199E+02, 0.1260264E+02,
 0.8312000E+01, 0.5272218E+02, 0.5239378E+02, 0.1409612E+02, 0.1260757E+02,
 0.8314000E+01, 0.5273693E+02, 0.5241679E+02, 0.1410025E+02, 0.1261249E+02,
 0.8316000E+01, 0.5275166E+02, 0.5243981E+02, 0.1410438E+02, 0.1261742E+02,
 0.8318000E+01, 0.5276639E+02, 0.5246283E+02, 0.1410851E+02, 0.1262234E+02,
 0.8320000E+01, 0.5278112E+02, 0.5248584E+02, 0.1411263E+02, 0.1262726E+02,
 0.8322000E+01, 0.5279583E+02, 0.5250885E+02, 0.1411675E+02, 0.1263218E+02,
 0.8324000E+01, 0.5281054E+02, 0.5253186E+02, 0.1412087E+02, 0.1263710E+02,
 0.8326000E+01, 0.5282524E+02, 0.5255487E+02, 0.1412498E+02, 0.1264202E+02,
 0.8328000E+01, 0.5283994E+02, 0.5257787E+02, 0.1412909E+02, 0.1264694E+02,
 0.8330000E+01, 0.5285463E+02, 0.5260087E+02, 0.1413320E+02, 0.1265185E+02,
 0.8332000E+01, 0.5286932E+02, 0.5262387E+02, 0.1413731E+02, 0.1265676E+02,
 0.8334000E+01, 0.5288399E+02, 0.5264687E+02, 0.1414142E+02, 0.1266168E+02,
 0.8336000E+01, 0.5289866E+02, 0.5266986E+02, 0.1414552E+02, 0.1266659E+02,
 0.8338000E+01, 0.5291332E+02, 0.5269285E+02, 0.1414962E+02, 0.1267150E+02,
 0.8340000E+01, 0.5292798E+02, 0.5271584E+02, 0.1415372E+02, 0.1267641E+02,
 0.8342000E+01, 0.5294263E+02, 0.5273883E+02, 0.1415781E+02, 0.1268132E+02,
 0.8344000E+01, 0.5295727E+02, 0.5276181E+02, 0.1416190E+02, 0.1268622E+02,
 0.8346000E+01, 0.5297191E+02, 0.5278479E+02, 0.1416599E+02, 0.1269113E+02,
 0.8348000E+01, 0.5298653E+02, 0.5280777E+02, 0.1417008E+02, 0.1269603E+02,
 0.8350000E+01, 0.5300116E+02, 0.5283075E+02, 0.1417417E+02, 0.1270093E+02,
 0.8352000E+01, 0.5301577E+02, 0.5285372E+02, 0.1417825E+02, 0.1270583E+02,
 0.8354000E+01, 0.5303038E+02, 0.5287669E+02, 0.1418233E+02, 0.1271073E+02,
 0.8356000E+01, 0.5304498E+02, 0.5289966E+02, 0.1418641E+02, 0.1271563E+02,
 0.8358000E+01, 0.5305958E+02, 0.5292262E+02, 0.1419048E+02, 0.1272053E+02,
 0.8360000E+01, 0.5307417E+02, 0.5294559E+02, 0.1419456E+02, 0.1272543E+02,
 0.8362000E+01, 0.5308875E+02, 0.5296855E+02, 0.1419863E+02, 0.1273032E+02,
 0.8364000E+01, 0.5310332E+02, 0.5299150E+02, 0.1420270E+02, 0.1273521E+02,
 0.8366000E+01, 0.5311789E+02, 0.5301446E+02, 0.1420676E+02, 0.1274011E+02,
 0.8368000E+01, 0.5313245E+02, 0.5303741E+02, 0.1421082E+02, 0.1274500E+02,
 0.8370000E+01, 0.5314700E+02, 0.5306036E+02, 0.1421488E+02, 0.1274989E+02,
 0.8372000E+01, 0.5316155E+02, 0.5308331E+02, 0.1421894E+02, 0.1275478E+02,
 0.8374000E+01, 0.5317609E+02, 0.5310625E+02, 0.1422300E+02, 0.1275966E+02,
 0.8376000E+01, 0.5319062E+02, 0.5312919E+02, 0.1422705E+02, 0.1276455E+02,
 0.8378000E+01, 0.5320515E+02, 0.5315213E+02, 0.1423110E+02, 0.1276943E+02,
 0.8380000E+01, 0.5321967E+02, 0.5317506E+02, 0.1423515E+02, 0.1277432E+02,
 0.8382000E+01, 0.5323418E+02, 0.5319800E+02, 0.1423920E+02, 0.1277920E+02,
 0.8384000E+01, 0.5324869E+02, 0.5322092E+02, 0.1424324E+02, 0.1278408E+02,
 0.8386000E+01, 0.5326319E+02, 0.5324385E+02, 0.1424728E+02, 0.1278896E+02,
 0.8388000E+01, 0.5327768E+02, 0.5326678E+02, 0.1425132E+02, 0.1279384E+02,
 0.8390000E+01, 0.5329216E+02, 0.5328970E+02, 0.1425536E+02, 0.1279871E+02,
 0.8392000E+01, 0.5330664E+02, 0.5331261E+02, 0.1425939E+02, 0.1280359E+02,
 0.8394000E+01, 0.5332111E+02, 0.5333553E+02, 0.1426342E+02, 0.1280846E+02,
 0.8396000E+01, 0.5333558E+02, 0.5335844E+02, 0.1426745E+02, 0.1281334E+02,
 0.8398000E+01, 0.5335003E+02, 0.5338135E+02, 0.1427148E+02, 0.1281821E+02,
 0.8400000E+01, 0.5336449E+02, 0.5340425E+02, 0.1427550E+02, 0.1282308E+02,
 0.8402000E+01, 0.5337893E+02, 0.5342716E+02, 0.1427953E+02, 0.1282795E+02,
 0.8404000E+01, 0.5339336E+02, 0.5345006E+02, 0.1428355E+02, 0.1283282E+02,
 0.8406000E+01, 0.5340779E+02, 0.5347295E+02, 0.1428756E+02, 0.1283768E+02,
 0.8408000E+01, 0.5342222E+02, 0.5349585E+02, 0.1429158E+02, 0.1284255E+02,
 0.8410000E+01, 0.5343663E+02, 0.5351874E+02, 0.1429559E+02, 0.1284741E+02,
 0.8412000E+01, 0.5345104E+02, 0.5354163E+02, 0.1429960E+02, 0.1285227E+02,
 0.8414000E+01, 0.5346544E+02, 0.5356451E+02, 0.1430361E+02, 0.1285714E+02,
 0.8416000E+01, 0.5347984E+02, 0.5358739E+02, 0.1430761E+02, 0.1286200E+02,
 0.8418000E+01, 0.5349423E+02, 0.5361027E+02, 0.1431161E+02, 0.1286686E+02,
 0.8420000E+01, 0.5350861E+02, 0.5363314E+02, 0.1431561E+02, 0.1287171E+02,
 0.8422000E+01, 0.5352298E+02, 0.5365602E+02, 0.1431961E+02, 0.1287657E+02,
 0.8424000E+01, 0.5353735E+02, 0.5367889E+02, 0.1432361E+02, 0.1288142E+02,
 0.8426000E+01, 0.5355171E+02, 0.5370175E+02, 0.1432760E+02, 0.1288628E+02,
 0.8428000E+01, 0.5356606E+02, 0.5372461E+02, 0.1433159E+02, 0.1289113E+02,
 0.8430000E+01, 0.5358041E+02, 0.5374747E+02, 0.1433558E+02, 0.1289598E+02,
 0.8432000E+01, 0.5359475E+02, 0.5377033E+02, 0.1433957E+02, 0.1290083E+02,
 0.8434000E+01, 0.5360908E+02, 0.5379318E+02, 0.1434355E+02, 0.1290568E+02,
 0.8436000E+01, 0.5362341E+02, 0.5381603E+02, 0.1434753E+02, 0.1291053E+02,
 0.8438000E+01, 0.5363772E+02, 0.5383887E+02, 0.1435151E+02, 0.1291537E+02,
 0.8440000E+01, 0.5365203E+02, 0.5386172E+02, 0.1435548E+02, 0.1292022E+02,
 0.8442000E+01, 0.5366634E+02, 0.5388456E+02, 0.1435946E+02, 0.1292506E+02,
 0.8444000E+01, 0.5368063E+02, 0.5390739E+02, 0.1436343E+02, 0.1292990E+02,
 0.8446000E+01, 0.5369492E+02, 0.5393023E+02, 0.1436740E+02, 0.1293475E+02,
 0.8448000E+01, 0.5370921E+02, 0.5395306E+02, 0.1437137E+02, 0.1293959E+02,
 0.8450000E+01, 0.5372348E+02, 0.5397588E+02, 0.1437533E+02, 0.1294442E+02,
 0.8452000E+01, 0.5373775E+02, 0.5399870E+02, 0.1437929E+02, 0.1294926E+02,
 0.8454000E+01, 0.5375201E+02, 0.5402152E+02, 0.1438325E+02, 0.1295410E+02,
 0.8456000E+01, 0.5376627E+02, 0.5404434E+02, 0.1438721E+02, 0.1295893E+02,
 0.8458000E+01, 0.5378052E+02, 0.5406715E+02, 0.1439116E+02, 0.1296377E+02,
 0.8460000E+01, 0.5379476E+02, 0.5408996E+02, 0.1439512E+02, 0.1296860E+02,
 0.8462000E+01, 0.5380899E+02, 0.5411276E+02, 0.1439907E+02, 0.1297343E+02,
 0.8464000E+01, 0.5382322E+02, 0.5413557E+02, 0.1440302E+02, 0.1297826E+02,
 0.8466000E+01, 0.5383744E+02, 0.5415836E+02, 0.1440696E+02, 0.1298309E+02,
 0.8468000E+01, 0.5385165E+02, 0.5418116E+02, 0.1441090E+02, 0.1298791E+02,
 0.8470000E+01, 0.5386585E+02, 0.5420395E+02, 0.1441484E+02, 0.1299274E+02,
 0.8472000E+01, 0.5388005E+02, 0.5422673E+02, 0.1441878E+02, 0.1299756E+02,
 0.8474000E+01, 0.5389424E+02, 0.5424952E+02, 0.1442272E+02, 0.1300238E+02,
 0.8476000E+01, 0.5390843E+02, 0.5427230E+02, 0.1442665E+02, 0.1300721E+02,
 0.8478000E+01, 0.5392260E+02, 0.5429508E+02, 0.1443058E+02, 0.1301203E+02,
 0.8480000E+01, 0.5393677E+02, 0.5431785E+02, 0.1443451E+02, 0.1301685E+02,
 0.8482000E+01, 0.5395094E+02, 0.5434062E+02, 0.1443844E+02, 0.1302166E+02,
 0.8484000E+01, 0.5396509E+02, 0.5436338E+02, 0.1444236E+02, 0.1302648E+02,
 0.8486000E+01, 0.5397924E+02, 0.5438615E+02, 0.1444628E+02, 0.1303129E+02,
 0.8488000E+01, 0.5399338E+02, 0.5440891E+02, 0.1445020E+02, 0.1303611E+02,
 0.8490000E+01, 0.5400751E+02, 0.5443166E+02, 0.1445412E+02, 0.1304092E+02,
 0.8492000E+01, 0.5402164E+02, 0.5445441E+02, 0.1445804E+02, 0.1304573E+02,
 0.8494000E+01, 0.5403576E+02, 0.5447716E+02, 0.1446195E+02, 0.1305054E+02,
 0.8496000E+01, 0.5404987E+02, 0.5449990E+02, 0.1446586E+02, 0.1305535E+02,
 0.8498000E+01, 0.5406398E+02, 0.5452264E+02, 0.1446977E+02, 0.1306016E+02,
 0.8500000E+01, 0.5407808E+02, 0.5454538E+02, 0.1447367E+02, 0.1306496E+02,
 0.8502000E+01, 0.5409217E+02, 0.5456811E+02, 0.1447757E+02, 0.1306977E+02,
 0.8504000E+01, 0.5410625E+02, 0.5459084E+02, 0.1448147E+02, 0.1307457E+02,
 0.8506000E+01, 0.5412033E+02, 0.5461356E+02, 0.1448537E+02, 0.1307937E+02,
 0.8508000E+01, 0.5413440E+02, 0.5463628E+02, 0.1448927E+02, 0.1308417E+02,
 0.8510000E+01, 0.5414846E+02, 0.5465900E+02, 0.1449316E+02, 0.1308897E+02,
 0.8512000E+01, 0.5416252E+02, 0.5468171E+02, 0.1449705E+02, 0.1309377E+02,
 0.8514000E+01, 0.5417656E+02, 0.5470442E+02, 0.1450094E+02, 0.1309857E+02,
 0.8516000E+01, 0.5419061E+02, 0.5472712E+02, 0.1450483E+02, 0.1310336E+02,
 0.8518000E+01, 0.5420464E+02, 0.5474982E+02, 0.1450871E+02, 0.1310816E+02,
 0.8520000E+01, 0.5421867E+02, 0.5477252E+02, 0.1451260E+02, 0.1311295E+02,
 0.8522000E+01, 0.5423269E+02, 0.5479522E+02, 0.1451647E+02, 0.1311774E+02,
 0.8524000E+01, 0.5424670E+02, 0.5481791E+02, 0.1452035E+02, 0.1312253E+02,
 0.8526000E+01, 0.5426070E+02, 0.5484059E+02, 0.1452423E+02, 0.1312732E+02,
 0.8528000E+01, 0.5427470E+02, 0.5486327E+02, 0.1452810E+02, 0.1313211E+02,
 0.8530000E+01, 0.5428869E+02, 0.5488595E+02, 0.1453197E+02, 0.1313689E+02,
 0.8532000E+01, 0.5430267E+02, 0.5490862E+02, 0.1453584E+02, 0.1314168E+02,
 0.8534000E+01, 0.5431665E+02, 0.5493129E+02, 0.1453970E+02, 0.1314646E+02,
 0.8536000E+01, 0.5433062E+02, 0.5495396E+02, 0.1454357E+02, 0.1315125E+02,
 0.8538000E+01, 0.5434458E+02, 0.5497662E+02, 0.1454743E+02, 0.1315603E+02,
 0.8540000E+01, 0.5435853E+02, 0.5499927E+02, 0.1455129E+02, 0.1316080E+02,
 0.8542000E+01, 0.5437248E+02, 0.5502193E+02, 0.1455514E+02, 0.1316558E+02,
 0.8544000E+01, 0.5438642E+02, 0.5504457E+02, 0.1455900E+02, 0.1317036E+02,
 0.8546000E+01, 0.5440035E+02, 0.5506722E+02, 0.1456285E+02, 0.1317514E+02,
 0.8548000E+01, 0.5441428E+02, 0.5508986E+02, 0.1456670E+02, 0.1317991E+02,
 0.8550000E+01, 0.5442820E+02, 0.5511250E+02, 0.1457055E+02, 0.1318468E+02,
 0.8552000E+01, 0.5444210E+02, 0.5513513E+02, 0.1457439E+02, 0.1318945E+02,
 0.8554000E+01, 0.5445601E+02, 0.5515776E+02, 0.1457823E+02, 0.1319422E+02,
 0.8556000E+01, 0.5446991E+02, 0.5518038E+02, 0.1458207E+02, 0.1319899E+02,
 0.8558000E+01, 0.5448380E+02, 0.5520300E+02, 0.1458591E+02, 0.1320376E+02,
 0.8560000E+01, 0.5449768E+02, 0.5522561E+02, 0.1458975E+02, 0.1320853E+02,
 0.8562000E+01, 0.5451155E+02, 0.5524823E+02, 0.1459358E+02, 0.1321329E+02,
 0.8564000E+01, 0.5452542E+02, 0.5527083E+02, 0.1459741E+02, 0.1321805E+02,
 0.8566000E+01, 0.5453928E+02, 0.5529343E+02, 0.1460124E+02, 0.1322282E+02,
 0.8568000E+01, 0.5455313E+02, 0.5531603E+02, 0.1460506E+02, 0.1322758E+02,
 0.8570000E+01, 0.5456697E+02, 0.5533863E+02, 0.1460889E+02, 0.1323234E+02,
 0.8572000E+01, 0.5458081E+02, 0.5536121E+02, 0.1461271E+02, 0.1323710E+02,
 0.8574000E+01, 0.5459464E+02, 0.5538380E+02, 0.1461653E+02, 0.1324185E+02,
 0.8576000E+01, 0.5460846E+02, 0.5540638E+02, 0.1462035E+02, 0.1324661E+02,
 0.8578000E+01, 0.5462228E+02, 0.5542896E+02, 0.1462416E+02, 0.1325136E+02,
 0.8580000E+01, 0.5463609E+02, 0.5545153E+02, 0.1462797E+02, 0.1325611E+02,
 0.8582000E+01, 0.5464989E+02, 0.5547410E+02, 0.1463178E+02, 0.1326087E+02,
 0.8584000E+01, 0.5466368E+02, 0.5549666E+02, 0.1463559E+02, 0.1326562E+02,
 0.8586000E+01, 0.5467747E+02, 0.5551922E+02, 0.1463940E+02, 0.1327036E+02,
 0.8588000E+01, 0.5469125E+02, 0.5554177E+02, 0.1464320E+02, 0.1327511E+02,
 0.8590000E+01, 0.5470502E+02, 0.5556432E+02, 0.1464700E+02, 0.1327986E+02,
 0.8592000E+01, 0.5471878E+02, 0.5558687E+02, 0.1465080E+02, 0.1328460E+02,
 0.8594000E+01, 0.5473254E+02, 0.5560941E+02, 0.1465460E+02, 0.1328935E+02,
 0.8596000E+01, 0.5474629E+02, 0.5563195E+02, 0.1465839E+02, 0.1329409E+02,
 0.8598000E+01, 0.5476004E+02, 0.5565448E+02, 0.1466218E+02, 0.1329883E+02,
 0.8600000E+01, 0.5477377E+02, 0.5567700E+02, 0.1466597E+02, 0.1330357E+02,
 0.8602000E+01, 0.5478750E+02, 0.5569953E+02, 0.1466976E+02, 0.1330830E+02,
 0.8604000E+01, 0.5480122E+02, 0.5572205E+02, 0.1467354E+02, 0.1331304E+02,
 0.8606000E+01, 0.5481493E+02, 0.5574456E+02, 0.1467732E+02, 0.1331778E+02,
 0.8608000E+01, 0.5482864E+02, 0.5576707E+02, 0.1468110E+02, 0.1332251E+02,
 0.8610000E+01, 0.5484233E+02, 0.5578957E+02, 0.1468488E+02, 0.1332724E+02,
 0.8612000E+01, 0.5485603E+02, 0.5581207E+02, 0.1468866E+02, 0.1333197E+02,
 0.8614000E+01, 0.5486971E+02, 0.5583457E+02, 0.1469243E+02, 0.1333670E+02,
 0.8616000E+01, 0.5488338E+02, 0.5585706E+02, 0.1469620E+02, 0.1334143E+02,
 0.8618000E+01, 0.5489705E+02, 0.5587954E+02, 0.1469997E+02, 0.1334616E+02,
 0.8620000E+01, 0.5491071E+02, 0.5590202E+02, 0.1470374E+02, 0.1335088E+02,
 0.8622000E+01, 0.5492437E+02, 0.5592450E+02, 0.1470750E+02, 0.1335561E+02,
 0.8624000E+01, 0.5493801E+02, 0.5594697E+02, 0.1471126E+02, 0.1336033E+02,
 0.8626000E+01, 0.5495165E+02, 0.5596944E+02, 0.1471502E+02, 0.1336505E+02,
 0.8628000E+01, 0.5496529E+02, 0.5599190E+02, 0.1471878E+02, 0.1336977E+02,
 0.8630000E+01, 0.5497891E+02, 0.5601436E+02, 0.1472254E+02, 0.1337449E+02,
 0.8632000E+01, 0.5499253E+02, 0.5603681E+02, 0.1472629E+02, 0.1337921E+02,
 0.8634000E+01, 0.5500613E+02, 0.5605926E+02, 0.1473004E+02, 0.1338392E+02,
 0.8636000E+01, 0.5501974E+02, 0.5608170E+02, 0.1473379E+02, 0.1338864E+02,
 0.8638000E+01, 0.5503333E+02, 0.5610414E+02, 0.1473753E+02, 0.1339335E+02,
 0.8640000E+01, 0.5504692E+02, 0.5612658E+02, 0.1474128E+02, 0.1339806E+02,
 0.8642000E+01, 0.5506050E+02, 0.5614900E+02, 0.1474502E+02, 0.1340277E+02,
 0.8644000E+01, 0.5507407E+02, 0.5617142E+02, 0.1474876E+02, 0.1340748E+02,
 0.8646000E+01, 0.5508764E+02, 0.5619384E+02, 0.1475249E+02, 0.1341219E+02,
 0.8648000E+01, 0.5510119E+02, 0.5621626E+02, 0.1475623E+02, 0.1341689E+02,
 0.8650000E+01, 0.5511474E+02, 0.5623867E+02, 0.1475996E+02, 0.1342160E+02,
 0.8652000E+01, 0.5512828E+02, 0.5626107E+02, 0.1476369E+02, 0.1342630E+02,
 0.8654000E+01, 0.5514182E+02, 0.5628347E+02, 0.1476742E+02, 0.1343100E+02,
 0.8656000E+01, 0.5515535E+02, 0.5630587E+02, 0.1477114E+02, 0.1343570E+02,
 0.8658000E+01, 0.5516887E+02, 0.5632825E+02, 0.1477487E+02, 0.1344040E+02,
 0.8660000E+01, 0.5518238E+02, 0.5635064E+02, 0.1477859E+02, 0.1344510E+02,
 0.8662000E+01, 0.5519588E+02, 0.5637302E+02, 0.1478231E+02, 0.1344980E+02,
 0.8664000E+01, 0.5520938E+02, 0.5639539E+02, 0.1478602E+02, 0.1345449E+02,
 0.8666000E+01, 0.5522287E+02, 0.5641776E+02, 0.1478974E+02, 0.1345919E+02,
 0.8668000E+01, 0.5523635E+02, 0.5644013E+02, 0.1479345E+02, 0.1346388E+02,
 0.8670000E+01, 0.5524983E+02, 0.5646249E+02, 0.1479716E+02, 0.1346857E+02,
 0.8672000E+01, 0.5526330E+02, 0.5648484E+02, 0.1480087E+02, 0.1347326E+02,
 0.8674000E+01, 0.5527676E+02, 0.5650719E+02, 0.1480457E+02, 0.1347795E+02,
 0.8676000E+01, 0.5529021E+02, 0.5652954E+02, 0.1480827E+02, 0.1348263E+02,
 0.8678000E+01, 0.5530365E+02, 0.5655188E+02, 0.1481197E+02, 0.1348732E+02,
 0.8680000E+01, 0.5531709E+02, 0.5657421E+02, 0.1481567E+02, 0.1349200E+02,
 0.8682000E+01, 0.5533052E+02, 0.5659654E+02, 0.1481937E+02, 0.1349668E+02,
 0.8684000E+01, 0.5534394E+02, 0.5661886E+02, 0.1482306E+02, 0.1350136E+02,
 0.8686000E+01, 0.5535736E+02, 0.5664118E+02, 0.1482675E+02, 0.1350604E+02,
 0.8688000E+01, 0.5537077E+02, 0.5666349E+02, 0.1483044E+02, 0.1351072E+02,
 0.8690000E+01, 0.5538417E+02, 0.5668580E+02, 0.1483413E+02, 0.1351540E+02,
 0.8692000E+01, 0.5539756E+02, 0.5670810E+02, 0.1483781E+02, 0.1352007E+02,
 0.8694000E+01, 0.5541095E+02, 0.5673040E+02, 0.1484150E+02, 0.1352474E+02,
 0.8696000E+01, 0.5542432E+02, 0.5675270E+02, 0.1484518E+02, 0.1352942E+02,
 0.8698000E+01, 0.5543769E+02, 0.5677498E+02, 0.1484885E+02, 0.1353409E+02,
 0.8700000E+01, 0.5545105E+02, 0.5679726E+02, 0.1485253E+02, 0.1353876E+02,
 0.8702000E+01, 0.5546441E+02, 0.5681954E+02, 0.1485620E+02, 0.1354343E+02,
 0.8704000E+01, 0.5547776E+02, 0.5684181E+02, 0.1485987E+02, 0.1354809E+02,
 0.8706000E+01, 0.5549110E+02, 0.5686408E+02, 0.1486354E+02, 0.1355276E+02,
 0.8708000E+01, 0.5550443E+02, 0.5688634E+02, 0.1486721E+02, 0.1355742E+02,
 0.8710000E+01, 0.5551775E+02, 0.5690860E+02, 0.1487087E+02, 0.1356208E+02,
 0.8712000E+01, 0.5553107E+02, 0.5693085E+02, 0.1487454E+02, 0.1356674E+02,
 0.8714000E+01, 0.5554438E+02, 0.5695309E+02, 0.1487820E+02, 0.1357140E+02,
 0.8716000E+01, 0.5555768E+02, 0.5697533E+02, 0.1488185E+02, 0.1357606E+02,
 0.8718000E+01, 0.5557098E+02, 0.5699757E+02, 0.1488551E+02, 0.1358072E+02,
 0.8720000E+01, 0.5558427E+02, 0.5701979E+02, 0.1488916E+02, 0.1358537E+02,
 0.8722000E+01, 0.5559755E+02, 0.5704202E+02, 0.1489281E+02, 0.1359002E+02,
 0.8724000E+01, 0.5561082E+02, 0.5706424E+02, 0.1489646E+02, 0.1359468E+02,
 0.8726000E+01, 0.5562408E+02, 0.5708645E+02, 0.1490011E+02, 0.1359933E+02,
 0.8728000E+01, 0.5563734E+02, 0.5710866E+02, 0.1490375E+02, 0.1360398E+02,
 0.8730000E+01, 0.5565059E+02, 0.5713086E+02, 0.1490739E+02, 0.1360862E+02,
 0.8732000E+01, 0.5566383E+02, 0.5715306E+02, 0.1491103E+02, 0.1361327E+02,
 0.8734000E+01, 0.5567706E+02, 0.5717525E+02, 0.1491467E+02, 0.1361792E+02,
 0.8736000E+01, 0.5569029E+02, 0.5719743E+02, 0.1491830E+02, 0.1362256E+02,
 0.8738000E+01, 0.5570351E+02, 0.5721961E+02, 0.1492194E+02, 0.1362720E+02,
 0.8740000E+01, 0.5571672E+02, 0.5724179E+02, 0.1492557E+02, 0.1363184E+02,
 0.8742000E+01, 0.5572992E+02, 0.5726395E+02, 0.1492920E+02, 0.1363648E+02,
 0.8744000E+01, 0.5574312E+02, 0.5728612E+02, 0.1493282E+02, 0.1364112E+02,
 0.8746000E+01, 0.5575631E+02, 0.5730828E+02, 0.1493645E+02, 0.1364575E+02,
 0.8748000E+01, 0.5576949E+02, 0.5733043E+02, 0.1494007E+02, 0.1365039E+02,
 0.8750000E+01, 0.5578266E+02, 0.5735258E+02, 0.1494369E+02, 0.1365502E+02,
 0.8752000E+01, 0.5579583E+02, 0.5737472E+02, 0.1494730E+02, 0.1365965E+02,
 0.8754000E+01, 0.5580899E+02, 0.5739685E+02, 0.1495092E+02, 0.1366428E+02,
 0.8756000E+01, 0.5582214E+02, 0.5741898E+02, 0.1495453E+02, 0.1366891E+02,
 0.8758000E+01, 0.5583528E+02, 0.5744111E+02, 0.1495814E+02, 0.1367354E+02,
 0.8760000E+01, 0.5584842E+02, 0.5746323E+02, 0.1496175E+02, 0.1367817E+02,
 0.8762000E+01, 0.5586154E+02, 0.5748534E+02, 0.1496536E+02, 0.1368279E+02,
 0.8764000E+01, 0.5587466E+02, 0.5750745E+02, 0.1496896E+02, 0.1368741E+02,
 0.8766000E+01, 0.5588778E+02, 0.5752955E+02, 0.1497256E+02, 0.1369203E+02,
 0.8768000E+01, 0.5590088E+02, 0.5755164E+02, 0.1497616E+02, 0.1369665E+02,
 0.8770000E+01, 0.5591398E+02, 0.5757373E+02, 0.1497976E+02, 0.1370127E+02,
 0.8772000E+01, 0.5592707E+02, 0.5759582E+02, 0.1498335E+02, 0.1370589E+02,
 0.8774000E+01, 0.5594015E+02, 0.5761790E+02, 0.1498694E+02, 0.1371050E+02,
 0.8776000E+01, 0.5595322E+02, 0.5763997E+02, 0.1499053E+02, 0.1371512E+02,
 0.8778000E+01, 0.5596629E+02, 0.5766204E+02, 0.1499412E+02, 0.1371973E+02,
 0.8780000E+01, 0.5597935E+02, 0.5768410E+02, 0.1499771E+02, 0.1372434E+02,
 0.8782000E+01, 0.5599240E+02, 0.5770615E+02, 0.1500129E+02, 0.1372895E+02,
 0.8784000E+01, 0.5600544E+02, 0.5772820E+02, 0.1500487E+02, 0.1373356E+02,
 0.8786000E+01, 0.5601848E+02, 0.5775025E+02, 0.1500845E+02, 0.1373817E+02,
 0.8788000E+01, 0.5603151E+02, 0.5777229E+02, 0.1501203E+02, 0.1374277E+02,
 0.8790000E+01, 0.5604453E+02, 0.5779432E+02, 0.1501560E+02, 0.1374737E+02,
 0.8792000E+01, 0.5605754E+02, 0.5781635E+02, 0.1501918E+02, 0.1375198E+02,
 0.8794000E+01, 0.5607055E+02, 0.5783836E+02, 0.1502275E+02, 0.1375658E+02,
 0.8796000E+01, 0.5608355E+02, 0.5786038E+02, 0.1502631E+02, 0.1376118E+02,
 0.8798000E+01, 0.5609654E+02, 0.5788239E+02, 0.1502988E+02, 0.1376577E+02,
 0.8800000E+01, 0.5610952E+02, 0.5790439E+02, 0.1503344E+02, 0.1377037E+02,
 0.8802000E+01, 0.5612249E+02, 0.5792639E+02, 0.1503700E+02, 0.1377496E+02,
 0.8804000E+01, 0.5613546E+02, 0.5794838E+02, 0.1504056E+02, 0.1377956E+02,
 0.8806000E+01, 0.5614842E+02, 0.5797036E+02, 0.1504412E+02, 0.1378415E+02,
 0.8808000E+01, 0.5616137E+02, 0.5799234E+02, 0.1504767E+02, 0.1378874E+02,
 0.8810000E+01, 0.5617432E+02, 0.5801432E+02, 0.1505123E+02, 0.1379333E+02,
 0.8812000E+01, 0.5618726E+02, 0.5803629E+02, 0.1505478E+02, 0.1379791E+02,
 0.8814000E+01, 0.5620018E+02, 0.5805825E+02, 0.1505832E+02, 0.1380250E+02,
 0.8816000E+01, 0.5621310E+02, 0.5808020E+02, 0.1506187E+02, 0.1380708E+02,
 0.8818000E+01, 0.5622602E+02, 0.5810215E+02, 0.1506541E+02, 0.1381167E+02,
 0.8820000E+01, 0.5623893E+02, 0.5812409E+02, 0.1506895E+02, 0.1381625E+02,
 0.8822000E+01, 0.5625182E+02, 0.5814603E+02, 0.1507249E+02, 0.1382083E+02,
 0.8824000E+01, 0.5626471E+02, 0.5816796E+02, 0.1507603E+02, 0.1382540E+02,
 0.8826000E+01, 0.5627760E+02, 0.5818989E+02, 0.1507956E+02, 0.1382998E+02,
 0.8828000E+01, 0.5629047E+02, 0.5821181E+02, 0.1508310E+02, 0.1383455E+02,
 0.8830000E+01, 0.5630334E+02, 0.5823372E+02, 0.1508663E+02, 0.1383913E+02,
 0.8832000E+01, 0.5631620E+02, 0.5825563E+02, 0.1509015E+02, 0.1384370E+02,
 0.8834000E+01, 0.5632905E+02, 0.5827753E+02, 0.1509368E+02, 0.1384827E+02,
 0.8836000E+01, 0.5634190E+02, 0.5829942E+02, 0.1509720E+02, 0.1385284E+02,
 0.8838000E+01, 0.5635473E+02, 0.5832131E+02, 0.1510072E+02, 0.1385741E+02,
 0.8840000E+01, 0.5636756E+02, 0.5834319E+02, 0.1510424E+02, 0.1386197E+02,
 0.8842000E+01, 0.5638038E+02, 0.5836507E+02, 0.1510776E+02, 0.1386654E+02,
 0.8844000E+01, 0.5639320E+02, 0.5838694E+02, 0.1511127E+02, 0.1387110E+02,
 0.8846000E+01, 0.5640600E+02, 0.5840880E+02, 0.1511479E+02, 0.1387566E+02,
 0.8848000E+01, 0.5641880E+02, 0.5843066E+02, 0.1511830E+02, 0.1388022E+02,
 0.8850000E+01, 0.5643159E+02, 0.5845251E+02, 0.1512180E+02, 0.1388478E+02,
 0.8852000E+01, 0.5644437E+02, 0.5847435E+02, 0.1512531E+02, 0.1388933E+02,
 0.8854000E+01, 0.5645715E+02, 0.5849619E+02, 0.1512881E+02, 0.1389389E+02,
 0.8856000E+01, 0.5646992E+02, 0.5851802E+02, 0.1513231E+02, 0.1389844E+02,
 0.8858000E+01, 0.5648268E+02, 0.5853985E+02, 0.1513581E+02, 0.1390299E+02,
 0.8860000E+01, 0.5649543E+02, 0.5856167E+02, 0.1513931E+02, 0.1390754E+02,
 0.8862000E+01, 0.5650817E+02, 0.5858348E+02, 0.1514280E+02, 0.1391209E+02,
 0.8864000E+01, 0.5652091E+02, 0.5860529E+02, 0.1514630E+02, 0.1391664E+02,
 0.8866000E+01, 0.5653364E+02, 0.5862709E+02, 0.1514979E+02, 0.1392118E+02,
 0.8868000E+01, 0.5654636E+02, 0.5864889E+02, 0.1515327E+02, 0.1392573E+02,
 0.8870000E+01, 0.5655907E+02, 0.5867068E+02, 0.1515676E+02, 0.1393027E+02,
 0.8872000E+01, 0.5657178E+02, 0.5869246E+02, 0.1516024E+02, 0.1393481E+02,
 0.8874000E+01, 0.5658448E+02, 0.5871423E+02, 0.1516372E+02, 0.1393935E+02,
 0.8876000E+01, 0.5659717E+02, 0.5873600E+02, 0.1516720E+02, 0.1394389E+02,
 0.8878000E+01, 0.5660985E+02, 0.5875777E+02, 0.1517068E+02, 0.1394842E+02,
 0.8880000E+01, 0.5662252E+02, 0.5877952E+02, 0.1517416E+02, 0.1395296E+02,
 0.8882000E+01, 0.5663519E+02, 0.5880127E+02, 0.1517763E+02, 0.1395749E+02,
 0.8884000E+01, 0.5664785E+02, 0.5882302E+02, 0.1518110E+02, 0.1396202E+02,
 0.8886000E+01, 0.5666050E+02, 0.5884475E+02, 0.1518457E+02, 0.1396655E+02,
 0.8888000E+01, 0.5667315E+02, 0.5886649E+02, 0.1518803E+02, 0.1397108E+02,
 0.8890000E+01, 0.5668578E+02, 0.5888821E+02, 0.1519149E+02, 0.1397561E+02,
 0.8892000E+01, 0.5669841E+02, 0.5890993E+02, 0.1519496E+02, 0.1398013E+02,
 0.8894000E+01, 0.5671103E+02, 0.5893164E+02, 0.1519841E+02, 0.1398466E+02,
 0.8896000E+01, 0.5672364E+02, 0.5895334E+02, 0.1520187E+02, 0.1398918E+02,
 0.8898000E+01, 0.5673625E+02, 0.5897504E+02, 0.1520533E+02, 0.1399370E+02,
 0.8900000E+01, 0.5674885E+02, 0.5899673E+02, 0.1520878E+02, 0.1399822E+02,
 0.8902000E+01, 0.5676144E+02, 0.5901842E+02, 0.1521223E+02, 0.1400274E+02,
 0.8904000E+01, 0.5677402E+02, 0.5904010E+02, 0.1521568E+02, 0.1400725E+02,
 0.8906000E+01, 0.5678659E+02, 0.5906177E+02, 0.1521912E+02, 0.1401177E+02,
 0.8908000E+01, 0.5679916E+02, 0.5908344E+02, 0.1522257E+02, 0.1401628E+02,
 0.8910000E+01, 0.5681172E+02, 0.5910509E+02, 0.1522601E+02, 0.1402079E+02,
 0.8912000E+01, 0.5682427E+02, 0.5912675E+02, 0.1522945E+02, 0.1402530E+02,
 0.8914000E+01, 0.5683681E+02, 0.5914839E+02, 0.1523288E+02, 0.1402981E+02,
 0.8916000E+01, 0.5684935E+02, 0.5917003E+02, 0.1523632E+02, 0.1403431E+02,
 0.8918000E+01, 0.5686187E+02, 0.5919167E+02, 0.1523975E+02, 0.1403882E+02,
 0.8920000E+01, 0.5687439E+02, 0.5921329E+02, 0.1524318E+02, 0.1404332E+02,
 0.8922000E+01, 0.5688691E+02, 0.5923491E+02, 0.1524661E+02, 0.1404782E+02,
 0.8924000E+01, 0.5689941E+02, 0.5925652E+02, 0.1525004E+02, 0.1405232E+02,
 0.8926000E+01, 0.5691191E+02, 0.5927813E+02, 0.1525346E+02, 0.1405682E+02,
 0.8928000E+01, 0.5692440E+02, 0.5929973E+02, 0.1525688E+02, 0.1406132E+02,
 0.8930000E+01, 0.5693687E+02, 0.5932132E+02, 0.1526030E+02, 0.1406581E+02,
 0.8932000E+01, 0.5694935E+02, 0.5934291E+02, 0.1526372E+02, 0.1407031E+02,
 0.8934000E+01, 0.5696181E+02, 0.5936449E+02, 0.1526713E+02, 0.1407480E+02,
 0.8936000E+01, 0.5697427E+02, 0.5938606E+02, 0.1527055E+02, 0.1407929E+02,
 0.8938000E+01, 0.5698672E+02, 0.5940763E+02, 0.1527396E+02, 0.1408378E+02,
 0.8940000E+01, 0.5699916E+02, 0.5942918E+02, 0.1527737E+02, 0.1408826E+02,
 0.8942000E+01, 0.5701160E+02, 0.5945074E+02, 0.1528077E+02, 0.1409275E+02,
 0.8944000E+01, 0.5702402E+02, 0.5947228E+02, 0.1528418E+02, 0.1409723E+02,
 0.8946000E+01, 0.5703645E+02, 0.5949382E+02, 0.1528758E+02, 0.1410172E+02,
 0.8948000E+01, 0.5704885E+02, 0.5951535E+02, 0.1529098E+02, 0.1410620E+02,
 0.8950000E+01, 0.5706126E+02, 0.5953688E+02, 0.1529438E+02, 0.1411067E+02,
 0.8952000E+01, 0.5707365E+02, 0.5955840E+02, 0.1529777E+02, 0.1411515E+02,
 0.8954000E+01, 0.5708604E+02, 0.5957991E+02, 0.1530116E+02, 0.1411963E+02,
 0.8956000E+01, 0.5709842E+02, 0.5960141E+02, 0.1530455E+02, 0.1412410E+02,
 0.8958000E+01, 0.5711079E+02, 0.5962291E+02, 0.1530794E+02, 0.1412857E+02,
 0.8960000E+01, 0.5712316E+02, 0.5964440E+02, 0.1531133E+02, 0.1413305E+02,
 0.8962000E+01, 0.5713551E+02, 0.5966589E+02, 0.1531471E+02, 0.1413752E+02,
 0.8964000E+01, 0.5714786E+02, 0.5968736E+02, 0.1531810E+02, 0.1414198E+02,
 0.8966000E+01, 0.5716021E+02, 0.5970884E+02, 0.1532148E+02, 0.1414645E+02,
 0.8968000E+01, 0.5717254E+02, 0.5973030E+02, 0.1532485E+02, 0.1415091E+02,
 0.8970000E+01, 0.5718486E+02, 0.5975175E+02, 0.1532823E+02, 0.1415538E+02,
 0.8972000E+01, 0.5719718E+02, 0.5977320E+02, 0.1533160E+02, 0.1415984E+02,
 0.8974000E+01, 0.5720949E+02, 0.5979465E+02, 0.1533497E+02, 0.1416430E+02,
 0.8976000E+01, 0.5722179E+02, 0.5981608E+02, 0.1533834E+02, 0.1416875E+02,
 0.8978000E+01, 0.5723409E+02, 0.5983751E+02, 0.1534171E+02, 0.1417321E+02,
 0.8980000E+01, 0.5724637E+02, 0.5985893E+02, 0.1534507E+02, 0.1417766E+02,
 0.8982000E+01, 0.5725865E+02, 0.5988035E+02, 0.1534844E+02, 0.1418212E+02,
 0.8984000E+01, 0.5727092E+02, 0.5990176E+02, 0.1535180E+02, 0.1418657E+02,
 0.8986000E+01, 0.5728318E+02, 0.5992316E+02, 0.1535515E+02, 0.1419102E+02,
 0.8988000E+01, 0.5729544E+02, 0.5994455E+02, 0.1535851E+02, 0.1419547E+02,
 0.8990000E+01, 0.5730769E+02, 0.5996594E+02, 0.1536186E+02, 0.1419991E+02,
 0.8992000E+01, 0.5731993E+02, 0.5998732E+02, 0.1536522E+02, 0.1420436E+02,
 0.8994000E+01, 0.5733216E+02, 0.6000869E+02, 0.1536856E+02, 0.1420880E+02,
 0.8996000E+01, 0.5734438E+02, 0.6003006E+02, 0.1537191E+02, 0.1421324E+02,
 0.8998000E+01, 0.5735660E+02, 0.6005141E+02, 0.1537526E+02, 0.1421768E+02,
 0.9000000E+01, 0.5736881E+02, 0.6007277E+02, 0.1537860E+02, 0.1422212E+02,
 0.9002000E+01, 0.5738101E+02, 0.6009411E+02, 0.1538194E+02, 0.1422655E+02,
 0.9004000E+01, 0.5739320E+02, 0.6011545E+02, 0.1538528E+02, 0.1423099E+02,
 0.9006000E+01, 0.5740539E+02, 0.6013678E+02, 0.1538861E+02, 0.1423542E+02,
 0.9008000E+01, 0.5741756E+02, 0.6015810E+02, 0.1539195E+02, 0.1423985E+02,
 0.9010000E+01, 0.5742973E+02, 0.6017942E+02, 0.1539528E+02, 0.1424428E+02,
 0.9012000E+01, 0.5744189E+02, 0.6020073E+02, 0.1539861E+02, 0.1424871E+02,
 0.9014000E+01, 0.5745405E+02, 0.6022203E+02, 0.1540194E+02, 0.1425314E+02,
 0.9016000E+01, 0.5746619E+02, 0.6024332E+02, 0.1540526E+02, 0.1425756E+02,
 0.9018000E+01, 0.5747833E+02, 0.6026461E+02, 0.1540859E+02, 0.1426199E+02,
 0.9020000E+01, 0.5749046E+02, 0.6028589E+02, 0.1541191E+02, 0.1426641E+02,
 0.9022000E+01, 0.5750259E+02, 0.6030716E+02, 0.1541523E+02, 0.1427083E+02,
 0.9024000E+01, 0.5751470E+02, 0.6032843E+02, 0.1541854E+02, 0.1427525E+02,
 0.9026000E+01, 0.5752681E+02, 0.6034969E+02, 0.1542186E+02, 0.1427966E+02,
 0.9028000E+01, 0.5753891E+02, 0.6037094E+02, 0.1542517E+02, 0.1428408E+02,
 0.9030000E+01, 0.5755100E+02, 0.6039218E+02, 0.1542848E+02, 0.1428849E+02,
 0.9032000E+01, 0.5756308E+02, 0.6041342E+02, 0.1543179E+02, 0.1429290E+02,
 0.9034000E+01, 0.5757516E+02, 0.6043465E+02, 0.1543509E+02, 0.1429731E+02,
 0.9036000E+01, 0.5758723E+02, 0.6045587E+02, 0.1543840E+02, 0.1430172E+02,
 0.9038000E+01, 0.5759929E+02, 0.6047709E+02, 0.1544170E+02, 0.1430613E+02,
 0.9040000E+01, 0.5761134E+02, 0.6049829E+02, 0.1544500E+02, 0.1431053E+02,
 0.9042000E+01, 0.5762338E+02, 0.6051949E+02, 0.1544829E+02, 0.1431493E+02,
 0.9044000E+01, 0.5763542E+02, 0.6054069E+02, 0.1545159E+02, 0.1431933E+02,
 0.9046000E+01, 0.5764745E+02, 0.6056187E+02, 0.1545488E+02, 0.1432373E+02,
 0.9048000E+01, 0.5765947E+02, 0.6058305E+02, 0.1545817E+02, 0.1432813E+02,
 0.9050000E+01, 0.5767148E+02, 0.6060422E+02, 0.1546146E+02, 0.1433253E+02,
 0.9052000E+01, 0.5768349E+02, 0.6062539E+02, 0.1546474E+02, 0.1433692E+02,
 0.9054000E+01, 0.5769548E+02, 0.6064654E+02, 0.1546803E+02, 0.1434132E+02,
 0.9056000E+01, 0.5770747E+02, 0.6066769E+02, 0.1547131E+02, 0.1434571E+02,
 0.9058000E+01, 0.5771946E+02, 0.6068884E+02, 0.1547459E+02, 0.1435010E+02,
 0.9060000E+01, 0.5773143E+02, 0.6070997E+02, 0.1547787E+02, 0.1435448E+02,
 0.9062000E+01, 0.5774340E+02, 0.6073109E+02, 0.1548114E+02, 0.1435887E+02,
 0.9064000E+01, 0.5775536E+02, 0.6075222E+02, 0.1548442E+02, 0.1436325E+02,
 0.9066000E+01, 0.5776731E+02, 0.6077333E+02, 0.1548769E+02, 0.1436764E+02,
 0.9068000E+01, 0.5777925E+02, 0.6079443E+02, 0.1549096E+02, 0.1437202E+02,
 0.9070000E+01, 0.5779118E+02, 0.6081553E+02, 0.1549422E+02, 0.1437640E+02,
 0.9072000E+01, 0.5780311E+02, 0.6083662E+02, 0.1549749E+02, 0.1438077E+02,
 0.9074000E+01, 0.5781503E+02, 0.6085770E+02, 0.1550075E+02, 0.1438515E+02,
 0.9076000E+01, 0.5782694E+02, 0.6087878E+02, 0.1550401E+02, 0.1438952E+02,
 0.9078000E+01, 0.5783884E+02, 0.6089985E+02, 0.1550727E+02, 0.1439390E+02,
 0.9080000E+01, 0.5785074E+02, 0.6092090E+02, 0.1551052E+02, 0.1439827E+02,
 0.9082000E+01, 0.5786263E+02, 0.6094196E+02, 0.1551377E+02, 0.1440264E+02,
 0.9084000E+01, 0.5787451E+02, 0.6096300E+02, 0.1551703E+02, 0.1440700E+02,
 0.9086000E+01, 0.5788638E+02, 0.6098404E+02, 0.1552028E+02, 0.1441137E+02,
 0.9088000E+01, 0.5789825E+02, 0.6100507E+02, 0.1552352E+02, 0.1441573E+02,
 0.9090000E+01, 0.5791010E+02, 0.6102609E+02, 0.1552677E+02, 0.1442009E+02,
 0.9092000E+01, 0.5792195E+02, 0.6104711E+02, 0.1553001E+02, 0.1442445E+02,
 0.9094000E+01, 0.5793379E+02, 0.6106811E+02, 0.1553325E+02, 0.1442881E+02,
 0.9096000E+01, 0.5794563E+02, 0.6108911E+02, 0.1553649E+02, 0.1443317E+02,
 0.9098000E+01, 0.5795745E+02, 0.6111010E+02, 0.1553973E+02, 0.1443752E+02,
 0.9100000E+01, 0.5796927E+02, 0.6113109E+02, 0.1554296E+02, 0.1444188E+02,
 0.9102000E+01, 0.5798108E+02, 0.6115207E+02, 0.1554619E+02, 0.1444623E+02,
 0.9104000E+01, 0.5799288E+02, 0.6117303E+02, 0.1554942E+02, 0.1445058E+02,
 0.9106000E+01, 0.5800468E+02, 0.6119400E+02, 0.1555265E+02, 0.1445493E+02,
 0.9108000E+01, 0.5801646E+02, 0.6121495E+02, 0.1555587E+02, 0.1445928E+02,
 0.9110000E+01, 0.5802824E+02, 0.6123590E+02, 0.1555910E+02, 0.1446362E+02,
 0.9112000E+01, 0.5804001E+02, 0.6125684E+02, 0.1556232E+02, 0.1446796E+02,
 0.9114000E+01, 0.5805177E+02, 0.6127777E+02, 0.1556554E+02, 0.1447230E+02,
 0.9116000E+01, 0.5806353E+02, 0.6129869E+02, 0.1556875E+02, 0.1447664E+02,
 0.9118000E+01, 0.5807528E+02, 0.6131961E+02, 0.1557197E+02, 0.1448098E+02,
 0.9120000E+01, 0.5808702E+02, 0.6134052E+02, 0.1557518E+02, 0.1448532E+02,
 0.9122000E+01, 0.5809875E+02, 0.6136142E+02, 0.1557839E+02, 0.1448965E+02,
 0.9124000E+01, 0.5811047E+02, 0.6138231E+02, 0.1558160E+02, 0.1449398E+02,
 0.9126000E+01, 0.5812219E+02, 0.6140319E+02, 0.1558480E+02, 0.1449831E+02,
 0.9128000E+01, 0.5813390E+02, 0.6142407E+02, 0.1558801E+02, 0.1450264E+02,
 0.9130000E+01, 0.5814560E+02, 0.6144494E+02, 0.1559121E+02, 0.1450697E+02,
 0.9132000E+01, 0.5815729E+02, 0.6146580E+02, 0.1559441E+02, 0.1451130E+02,
 0.9134000E+01, 0.5816897E+02, 0.6148666E+02, 0.1559761E+02, 0.1451562E+02,
 0.9136000E+01, 0.5818065E+02, 0.6150750E+02, 0.1560080E+02, 0.1451994E+02,
 0.9138000E+01, 0.5819232E+02, 0.6152834E+02, 0.1560399E+02, 0.1452426E+02,
 0.9140000E+01, 0.5820398E+02, 0.6154917E+02, 0.1560719E+02, 0.1452858E+02,
 0.9142000E+01, 0.5821563E+02, 0.6157000E+02, 0.1561037E+02, 0.1453290E+02,
 0.9144000E+01, 0.5822728E+02, 0.6159081E+02, 0.1561356E+02, 0.1453721E+02,
 0.9146000E+01, 0.5823891E+02, 0.6161162E+02, 0.1561674E+02, 0.1454153E+02,
 0.9148000E+01, 0.5825055E+02, 0.6163242E+02, 0.1561993E+02, 0.1454584E+02,
 0.9150000E+01, 0.5826217E+02, 0.6165321E+02, 0.1562311E+02, 0.1455015E+02,
 0.9152000E+01, 0.5827378E+02, 0.6167400E+02, 0.1562629E+02, 0.1455446E+02,
 0.9154000E+01, 0.5828539E+02, 0.6169477E+02, 0.1562946E+02, 0.1455876E+02,
 0.9156000E+01, 0.5829699E+02, 0.6171554E+02, 0.1563264E+02, 0.1456307E+02,
 0.9158000E+01, 0.5830858E+02, 0.6173630E+02, 0.1563581E+02, 0.1456737E+02,
 0.9160000E+01, 0.5832016E+02, 0.6175705E+02, 0.1563898E+02, 0.1457167E+02,
 0.9162000E+01, 0.5833173E+02, 0.6177780E+02, 0.1564214E+02, 0.1457597E+02,
 0.9164000E+01, 0.5834330E+02, 0.6179853E+02, 0.1564531E+02, 0.1458027E+02,
 0.9166000E+01, 0.5835486E+02, 0.6181926E+02, 0.1564847E+02, 0.1458456E+02,
 0.9168000E+01, 0.5836641E+02, 0.6183998E+02, 0.1565163E+02, 0.1458886E+02,
 0.9170000E+01, 0.5837796E+02, 0.6186069E+02, 0.1565479E+02, 0.1459315E+02,
 0.9172000E+01, 0.5838949E+02, 0.6188140E+02, 0.1565795E+02, 0.1459744E+02,
 0.9174000E+01, 0.5840102E+02, 0.6190210E+02, 0.1566110E+02, 0.1460173E+02,
 0.9176000E+01, 0.5841254E+02, 0.6192279E+02, 0.1566425E+02, 0.1460601E+02,
 0.9178000E+01, 0.5842405E+02, 0.6194347E+02, 0.1566740E+02, 0.1461030E+02,
 0.9180000E+01, 0.5843556E+02, 0.6196414E+02, 0.1567055E+02, 0.1461458E+02,
 0.9182000E+01, 0.5844706E+02, 0.6198481E+02, 0.1567370E+02, 0.1461886E+02,
 0.9184000E+01, 0.5845855E+02, 0.6200547E+02, 0.1567684E+02, 0.1462314E+02,
 0.9186000E+01, 0.5847002E+02, 0.6202612E+02, 0.1567998E+02, 0.1462742E+02,
 0.9188000E+01, 0.5848150E+02, 0.6204676E+02, 0.1568312E+02, 0.1463170E+02,
 0.9190000E+01, 0.5849297E+02, 0.6206739E+02, 0.1568626E+02, 0.1463597E+02,
 0.9192000E+01, 0.5850442E+02, 0.6208802E+02, 0.1568939E+02, 0.1464024E+02,
 0.9194000E+01, 0.5851587E+02, 0.6210863E+02, 0.1569253E+02, 0.1464452E+02,
 0.9196000E+01, 0.5852731E+02, 0.6212924E+02, 0.1569566E+02, 0.1464878E+02,
 0.9198000E+01, 0.5853875E+02, 0.6214985E+02, 0.1569878E+02, 0.1465305E+02,
 0.9200000E+01, 0.5855017E+02, 0.6217044E+02, 0.1570191E+02, 0.1465732E+02,
 0.9202000E+01, 0.5856159E+02, 0.6219102E+02, 0.1570504E+02, 0.1466158E+02,
 0.9204000E+01, 0.5857301E+02, 0.6221160E+02, 0.1570816E+02, 0.1466584E+02,
 0.9206000E+01, 0.5858441E+02, 0.6223217E+02, 0.1571128E+02, 0.1467010E+02,
 0.9208000E+01, 0.5859580E+02, 0.6225273E+02, 0.1571440E+02, 0.1467436E+02,
 0.9210000E+01, 0.5860719E+02, 0.6227328E+02, 0.1571751E+02, 0.1467862E+02,
 0.9212000E+01, 0.5861857E+02, 0.6229383E+02, 0.1572062E+02, 0.1468287E+02,
 0.9214000E+01, 0.5862994E+02, 0.6231437E+02, 0.1572374E+02, 0.1468712E+02,
 0.9216000E+01, 0.5864130E+02, 0.6233490E+02, 0.1572685E+02, 0.1469137E+02,
 0.9218000E+01, 0.5865266E+02, 0.6235542E+02, 0.1572995E+02, 0.1469562E+02,
 0.9220000E+01, 0.5866401E+02, 0.6237593E+02, 0.1573306E+02, 0.1469987E+02,
 0.9222000E+01, 0.5867535E+02, 0.6239643E+02, 0.1573616E+02, 0.1470412E+02,
 0.9224000E+01, 0.5868668E+02, 0.6241693E+02, 0.1573926E+02, 0.1470836E+02,
 0.9226000E+01, 0.5869801E+02, 0.6243742E+02, 0.1574236E+02, 0.1471260E+02,
 0.9228000E+01, 0.5870932E+02, 0.6245790E+02, 0.1574546E+02, 0.1471684E+02,
 0.9230000E+01, 0.5872063E+02, 0.6247837E+02, 0.1574855E+02, 0.1472108E+02,
 0.9232000E+01, 0.5873194E+02, 0.6249883E+02, 0.1575164E+02, 0.1472532E+02,
 0.9234000E+01, 0.5874323E+02, 0.6251929E+02, 0.1575473E+02, 0.1472955E+02,
 0.9236000E+01, 0.5875452E+02, 0.6253973E+02, 0.1575782E+02, 0.1473378E+02,
 0.9238000E+01, 0.5876579E+02, 0.6256017E+02, 0.1576091E+02, 0.1473801E+02,
 0.9240000E+01, 0.5877707E+02, 0.6258060E+02, 0.1576399E+02, 0.1474224E+02,
 0.9242000E+01, 0.5878833E+02, 0.6260103E+02, 0.1576707E+02, 0.1474647E+02,
 0.9244000E+01, 0.5879958E+02, 0.6262144E+02, 0.1577015E+02, 0.1475070E+02,
 0.9246000E+01, 0.5881083E+02, 0.6264185E+02, 0.1577323E+02, 0.1475492E+02,
 0.9248000E+01, 0.5882207E+02, 0.6266225E+02, 0.1577631E+02, 0.1475914E+02,
 0.9250000E+01, 0.5883330E+02, 0.6268264E+02, 0.1577938E+02, 0.1476336E+02,
 0.9252000E+01, 0.5884452E+02, 0.6270302E+02, 0.1578245E+02, 0.1476758E+02,
 0.9254000E+01, 0.5885574E+02, 0.6272339E+02, 0.1578552E+02, 0.1477180E+02,
 0.9256000E+01, 0.5886694E+02, 0.6274376E+02, 0.1578858E+02, 0.1477601E+02,
 0.9258000E+01, 0.5887814E+02, 0.6276411E+02, 0.1579165E+02, 0.1478022E+02,
 0.9260000E+01, 0.5888934E+02, 0.6278446E+02, 0.1579471E+02, 0.1478443E+02,
 0.9262000E+01, 0.5890052E+02, 0.6280480E+02, 0.1579777E+02, 0.1478864E+02,
 0.9264000E+01, 0.5891170E+02, 0.6282513E+02, 0.1580083E+02, 0.1479285E+02,
 0.9266000E+01, 0.5892287E+02, 0.6284546E+02, 0.1580389E+02, 0.1479706E+02,
 0.9268000E+01, 0.5893403E+02, 0.6286577E+02, 0.1580694E+02, 0.1480126E+02,
 0.9270000E+01, 0.5894518E+02, 0.6288608E+02, 0.1580999E+02, 0.1480546E+02,
 0.9272000E+01, 0.5895633E+02, 0.6290638E+02, 0.1581304E+02, 0.1480966E+02,
 0.9274000E+01, 0.5896746E+02, 0.6292667E+02, 0.1581609E+02, 0.1481386E+02,
 0.9276000E+01, 0.5897860E+02, 0.6294695E+02, 0.1581913E+02, 0.1481805E+02,
 0.9278000E+01, 0.5898972E+02, 0.6296722E+02, 0.1582218E+02, 0.1482225E+02,
 0.9280000E+01, 0.5900083E+02, 0.6298748E+02, 0.1582522E+02, 0.1482644E+02,
 0.9282000E+01, 0.5901194E+02, 0.6300774E+02, 0.1582826E+02, 0.1483063E+02,
 0.9284000E+01, 0.5902304E+02, 0.6302799E+02, 0.1583130E+02, 0.1483482E+02,
 0.9286000E+01, 0.5903413E+02, 0.6304823E+02, 0.1583433E+02, 0.1483901E+02,
 0.9288000E+01, 0.5904521E+02, 0.6306846E+02, 0.1583736E+02, 0.1484319E+02,
 0.9290000E+01, 0.5905629E+02, 0.6308868E+02, 0.1584039E+02, 0.1484737E+02,
 0.9292000E+01, 0.5906735E+02, 0.6310890E+02, 0.1584342E+02, 0.1485156E+02,
 0.9294000E+01, 0.5907841E+02, 0.6312910E+02, 0.1584645E+02, 0.1485574E+02,
 0.9296000E+01, 0.5908947E+02, 0.6314930E+02, 0.1584947E+02, 0.1485991E+02,
 0.9298000E+01, 0.5910051E+02, 0.6316949E+02, 0.1585250E+02, 0.1486409E+02,
 0.9300000E+01, 0.5911155E+02, 0.6318967E+02, 0.1585552E+02, 0.1486826E+02,
 0.9302000E+01, 0.5912257E+02, 0.6320984E+02, 0.1585853E+02, 0.1487244E+02,
 0.9304000E+01, 0.5913359E+02, 0.6323001E+02, 0.1586155E+02, 0.1487661E+02,
 0.9306000E+01, 0.5914461E+02, 0.6325016E+02, 0.1586456E+02, 0.1488077E+02,
 0.9308000E+01, 0.5915561E+02, 0.6327031E+02, 0.1586757E+02, 0.1488494E+02,
 0.9310000E+01, 0.5916661E+02, 0.6329045E+02, 0.1587058E+02, 0.1488910E+02,
 0.9312000E+01, 0.5917760E+02, 0.6331058E+02, 0.1587359E+02, 0.1489327E+02,
 0.9314000E+01, 0.5918858E+02, 0.6333070E+02, 0.1587660E+02, 0.1489743E+02,
 0.9316000E+01, 0.5919956E+02, 0.6335081E+02, 0.1587960E+02, 0.1490159E+02,
 0.9318000E+01, 0.5921052E+02, 0.6337092E+02, 0.1588260E+02, 0.1490574E+02,
 0.9320000E+01, 0.5922148E+02, 0.6339101E+02, 0.1588560E+02, 0.1490990E+02,
 0.9322000E+01, 0.5923243E+02, 0.6341110E+02, 0.1588860E+02, 0.1491405E+02,
 0.9324000E+01, 0.5924337E+02, 0.6343118E+02, 0.1589159E+02, 0.1491820E+02,
 0.9326000E+01, 0.5925431E+02, 0.6345125E+02, 0.1589458E+02, 0.1492235E+02,
 0.9328000E+01, 0.5926524E+02, 0.6347131E+02, 0.1589757E+02, 0.1492650E+02,
 0.9330000E+01, 0.5927616E+02, 0.6349136E+02, 0.1590056E+02, 0.1493065E+02,
 0.9332000E+01, 0.5928707E+02, 0.6351141E+02, 0.1590355E+02, 0.1493479E+02,
 0.9334000E+01, 0.5929797E+02, 0.6353144E+02, 0.1590653E+02, 0.1493893E+02,
 0.9336000E+01, 0.5930887E+02, 0.6355147E+02, 0.1590952E+02, 0.1494307E+02,
 0.9338000E+01, 0.5931976E+02, 0.6357149E+02, 0.1591250E+02, 0.1494721E+02,
 0.9340000E+01, 0.5933064E+02, 0.6359150E+02, 0.1591547E+02, 0.1495135E+02,
 0.9342000E+01, 0.5934151E+02, 0.6361150E+02, 0.1591845E+02, 0.1495548E+02,
 0.9344000E+01, 0.5935238E+02, 0.6363150E+02, 0.1592142E+02, 0.1495962E+02,
 0.9346000E+01, 0.5936324E+02, 0.6365148E+02, 0.1592439E+02, 0.1496375E+02,
 0.9348000E+01, 0.5937409E+02, 0.6367146E+02, 0.1592736E+02, 0.1496788E+02,
 0.9350000E+01, 0.5938493E+02, 0.6369143E+02, 0.1593033E+02, 0.1497200E+02,
 0.9352000E+01, 0.5939576E+02, 0.6371138E+02, 0.1593330E+02, 0.1497613E+02,
 0.9354000E+01, 0.5940659E+02, 0.6373133E+02, 0.1593626E+02, 0.1498025E+02,
 0.9356000E+01, 0.5941741E+02, 0.6375127E+02, 0.1593922E+02, 0.1498437E+02,
 0.9358000E+01, 0.5942822E+02, 0.6377121E+02, 0.1594218E+02, 0.1498849E+02,
 0.9360000E+01, 0.5943903E+02, 0.6379113E+02, 0.1594514E+02, 0.1499261E+02,
 0.9362000E+01, 0.5944982E+02, 0.6381105E+02, 0.1594809E+02, 0.1499673E+02,
 0.9364000E+01, 0.5946061E+02, 0.6383095E+02, 0.1595104E+02, 0.1500084E+02,
 0.9366000E+01, 0.5947139E+02, 0.6385085E+02, 0.1595399E+02, 0.1500495E+02,
 0.9368000E+01, 0.5948216E+02, 0.6387074E+02, 0.1595694E+02, 0.1500906E+02,
 0.9370000E+01, 0.5949293E+02, 0.6389062E+02, 0.1595989E+02, 0.1501317E+02,
 0.9372000E+01, 0.5950368E+02, 0.6391049E+02, 0.1596283E+02, 0.1501728E+02,
 0.9374000E+01, 0.5951443E+02, 0.6393036E+02, 0.1596578E+02, 0.1502138E+02,
 0.9376000E+01, 0.5952517E+02, 0.6395021E+02, 0.1596872E+02, 0.1502548E+02,
 0.9378000E+01, 0.5953591E+02, 0.6397005E+02, 0.1597165E+02, 0.1502958E+02,
 0.9380000E+01, 0.5954663E+02, 0.6398989E+02, 0.1597459E+02, 0.1503368E+02,
 0.9382000E+01, 0.5955735E+02, 0.6400972E+02, 0.1597752E+02, 0.1503778E+02,
 0.9384000E+01, 0.5956806E+02, 0.6402954E+02, 0.1598046E+02, 0.1504187E+02,
 0.9386000E+01, 0.5957877E+02, 0.6404935E+02, 0.1598339E+02, 0.1504597E+02,
 0.9388000E+01, 0.5958946E+02, 0.6406915E+02, 0.1598631E+02, 0.1505006E+02,
 0.9390000E+01, 0.5960015E+02, 0.6408894E+02, 0.1598924E+02, 0.1505415E+02,
 0.9392000E+01, 0.5961083E+02, 0.6410873E+02, 0.1599216E+02, 0.1505823E+02,
 0.9394000E+01, 0.5962150E+02, 0.6412850E+02, 0.1599508E+02, 0.1506232E+02,
 0.9396000E+01, 0.5963216E+02, 0.6414827E+02, 0.1599800E+02, 0.1506640E+02,
 0.9398000E+01, 0.5964282E+02, 0.6416803E+02, 0.1600092E+02, 0.1507048E+02,
 0.9400000E+01, 0.5965347E+02, 0.6418777E+02, 0.1600383E+02, 0.1507456E+02,
 0.9402000E+01, 0.5966411E+02, 0.6420752E+02, 0.1600675E+02, 0.1507864E+02,
 0.9404000E+01, 0.5967474E+02, 0.6422725E+02, 0.1600966E+02, 0.1508272E+02,
 0.9406000E+01, 0.5968537E+02, 0.6424697E+02, 0.1601257E+02, 0.1508679E+02,
 0.9408000E+01, 0.5969599E+02, 0.6426669E+02, 0.1601547E+02, 0.1509086E+02,
 0.9410000E+01, 0.5970660E+02, 0.6428639E+02, 0.1601838E+02, 0.1509493E+02,
 0.9412000E+01, 0.5971720E+02, 0.6430608E+02, 0.1602128E+02, 0.1509900E+02,
 0.9414000E+01, 0.5972779E+02, 0.6432578E+02, 0.1602418E+02, 0.1510307E+02,
 0.9416000E+01, 0.5973838E+02, 0.6434545E+02, 0.1602708E+02, 0.1510713E+02,
 0.9418000E+01, 0.5974896E+02, 0.6436512E+02, 0.1602998E+02, 0.1511119E+02,
 0.9420000E+01, 0.5975953E+02, 0.6438478E+02, 0.1603287E+02, 0.1511525E+02,
 0.9422000E+01, 0.5977010E+02, 0.6440443E+02, 0.1603576E+02, 0.1511931E+02,
 0.9424000E+01, 0.5978065E+02, 0.6442408E+02, 0.1603865E+02, 0.1512337E+02,
 0.9426000E+01, 0.5979120E+02, 0.6444371E+02, 0.1604154E+02, 0.1512742E+02,
 0.9428000E+01, 0.5980174E+02, 0.6446334E+02, 0.1604443E+02, 0.1513148E+02,
 0.9430000E+01, 0.5981227E+02, 0.6448296E+02, 0.1604731E+02, 0.1513553E+02,
 0.9432000E+01, 0.5982280E+02, 0.6450256E+02, 0.1605019E+02, 0.1513958E+02,
 0.9434000E+01, 0.5983332E+02, 0.6452216E+02, 0.1605307E+02, 0.1514362E+02,
 0.9436000E+01, 0.5984383E+02, 0.6454175E+02, 0.1605595E+02, 0.1514767E+02,
 0.9438000E+01, 0.5985433E+02, 0.6456133E+02, 0.1605882E+02, 0.1515171E+02,
 0.9440000E+01, 0.5986483E+02, 0.6458090E+02, 0.1606170E+02, 0.1515575E+02,
 0.9442000E+01, 0.5987531E+02, 0.6460046E+02, 0.1606457E+02, 0.1515979E+02,
 0.9444000E+01, 0.5988579E+02, 0.6462002E+02, 0.1606744E+02, 0.1516383E+02,
 0.9446000E+01, 0.5989626E+02, 0.6463956E+02, 0.1607031E+02, 0.1516786E+02,
 0.9448000E+01, 0.5990673E+02, 0.6465910E+02, 0.1607317E+02, 0.1517190E+02,
 0.9450000E+01, 0.5991718E+02, 0.6467863E+02, 0.1607603E+02, 0.1517593E+02,
 0.9452000E+01, 0.5992763E+02, 0.6469814E+02, 0.1607890E+02, 0.1517996E+02,
 0.9454000E+01, 0.5993807E+02, 0.6471765E+02, 0.1608175E+02, 0.1518399E+02,
 0.9456000E+01, 0.5994851E+02, 0.6473715E+02, 0.1608461E+02, 0.1518801E+02,
 0.9458000E+01, 0.5995893E+02, 0.6475665E+02, 0.1608747E+02, 0.1519203E+02,
 0.9460000E+01, 0.5996935E+02, 0.6477612E+02, 0.1609032E+02, 0.1519606E+02,
 0.9462000E+01, 0.5997976E+02, 0.6479560E+02, 0.1609317E+02, 0.1520008E+02,
 0.9464000E+01, 0.5999016E+02, 0.6481506E+02, 0.1609602E+02, 0.1520409E+02,
 0.9466000E+01, 0.6000056E+02, 0.6483452E+02, 0.1609886E+02, 0.1520811E+02,
 0.9468000E+01, 0.6001094E+02, 0.6485397E+02, 0.1610171E+02, 0.1521212E+02,
 0.9470000E+01, 0.6002132E+02, 0.6487340E+02, 0.1610455E+02, 0.1521614E+02,
 0.9472000E+01, 0.6003170E+02, 0.6489283E+02, 0.1610739E+02, 0.1522015E+02,
 0.9474000E+01, 0.6004206E+02, 0.6491225E+02, 0.1611023E+02, 0.1522415E+02,
 0.9476000E+01, 0.6005242E+02, 0.6493166E+02, 0.1611307E+02, 0.1522816E+02,
 0.9478000E+01, 0.6006277E+02, 0.6495106E+02, 0.1611590E+02, 0.1523216E+02,
 0.9480000E+01, 0.6007311E+02, 0.6497045E+02, 0.1611873E+02, 0.1523617E+02,
 0.9482000E+01, 0.6008344E+02, 0.6498983E+02, 0.1612156E+02, 0.1524017E+02,
 0.9484000E+01, 0.6009377E+02, 0.6500921E+02, 0.1612439E+02, 0.1524417E+02,
 0.9486000E+01, 0.6010408E+02, 0.6502857E+02, 0.1612722E+02, 0.1524816E+02,
 0.9488000E+01, 0.6011440E+02, 0.6504793E+02, 0.1613004E+02, 0.1525216E+02,
 0.9490000E+01, 0.6012470E+02, 0.6506728E+02, 0.1613286E+02, 0.1525615E+02,
 0.9492000E+01, 0.6013499E+02, 0.6508661E+02, 0.1613568E+02, 0.1526014E+02,
 0.9494000E+01, 0.6014528E+02, 0.6510594E+02, 0.1613850E+02, 0.1526413E+02,
 0.9496000E+01, 0.6015556E+02, 0.6512526E+02, 0.1614132E+02, 0.1526811E+02,
 0.9498000E+01, 0.6016583E+02, 0.6514457E+02, 0.1614413E+02, 0.1527210E+02,
 0.9500000E+01, 0.6017610E+02, 0.6516387E+02, 0.1614694E+02, 0.1527608E+02,
 0.9502000E+01, 0.6018636E+02, 0.6518316E+02, 0.1614975E+02, 0.1528006E+02,
 0.9504000E+01, 0.6019661E+02, 0.6520245E+02, 0.1615256E+02, 0.1528404E+02,
 0.9506000E+01, 0.6020685E+02, 0.6522172E+02, 0.1615536E+02, 0.1528802E+02,
 0.9508000E+01, 0.6021708E+02, 0.6524098E+02, 0.1615816E+02, 0.1529199E+02,
 0.9510000E+01, 0.6022731E+02, 0.6526024E+02, 0.1616097E+02, 0.1529597E+02,
 0.9512000E+01, 0.6023753E+02, 0.6527948E+02, 0.1616376E+02, 0.1529994E+02,
 0.9514000E+01, 0.6024774E+02, 0.6529872E+02, 0.1616656E+02, 0.1530391E+02,
 0.9516000E+01, 0.6025794E+02, 0.6531795E+02, 0.1616936E+02, 0.1530787E+02,
 0.9518000E+01, 0.6026814E+02, 0.6533717E+02, 0.1617215E+02, 0.1531184E+02,
 0.9520000E+01, 0.6027833E+02, 0.6535638E+02, 0.1617494E+02, 0.1531580E+02,
 0.9522000E+01, 0.6028851E+02, 0.6537557E+02, 0.1617773E+02, 0.1531976E+02,
 0.9524000E+01, 0.6029868E+02, 0.6539477E+02, 0.1618052E+02, 0.1532372E+02,
 0.9526000E+01, 0.6030885E+02, 0.6541395E+02, 0.1618330E+02, 0.1532768E+02,
 0.9528000E+01, 0.6031900E+02, 0.6543312E+02, 0.1618609E+02, 0.1533163E+02,
 0.9530000E+01, 0.6032915E+02, 0.6545229E+02, 0.1618887E+02, 0.1533559E+02,
 0.9532000E+01, 0.6033930E+02, 0.6547144E+02, 0.1619164E+02, 0.1533954E+02,
 0.9534000E+01, 0.6034943E+02, 0.6549059E+02, 0.1619442E+02, 0.1534349E+02,
 0.9536000E+01, 0.6035956E+02, 0.6550972E+02, 0.1619720E+02, 0.1534743E+02,
 0.9538000E+01, 0.6036968E+02, 0.6552885E+02, 0.1619997E+02, 0.1535138E+02,
 0.9540000E+01, 0.6037979E+02, 0.6554797E+02, 0.1620274E+02, 0.1535532E+02,
 0.9542000E+01, 0.6038990E+02, 0.6556707E+02, 0.1620551E+02, 0.1535926E+02,
 0.9544000E+01, 0.6039999E+02, 0.6558617E+02, 0.1620827E+02, 0.1536320E+02,
 0.9546000E+01, 0.6041008E+02, 0.6560526E+02, 0.1621104E+02, 0.1536714E+02,
 0.9548000E+01, 0.6042017E+02, 0.6562434E+02, 0.1621380E+02, 0.1537108E+02,
 0.9550000E+01, 0.6043024E+02, 0.6564342E+02, 0.1621656E+02, 0.1537501E+02,
 0.9552000E+01, 0.6044031E+02, 0.6566248E+02, 0.1621932E+02, 0.1537894E+02,
 0.9554000E+01, 0.6045037E+02, 0.6568153E+02, 0.1622208E+02, 0.1538287E+02,
 0.9556000E+01, 0.6046042E+02, 0.6570058E+02, 0.1622483E+02, 0.1538680E+02,
 0.9558000E+01, 0.6047046E+02, 0.6571960E+02, 0.1622758E+02, 0.1539072E+02,
 0.9560000E+01, 0.6048050E+02, 0.6573863E+02, 0.1623033E+02, 0.1539465E+02,
 0.9562000E+01, 0.6049053E+02, 0.6575764E+02, 0.1623308E+02, 0.1539857E+02,
 0.9564000E+01, 0.6050055E+02, 0.6577666E+02, 0.1623583E+02, 0.1540249E+02,
 0.9566000E+01, 0.6051056E+02, 0.6579565E+02, 0.1623857E+02, 0.1540641E+02,
 0.9568000E+01, 0.6052057E+02, 0.6581464E+02, 0.1624131E+02, 0.1541032E+02,
 0.9570000E+01, 0.6053057E+02, 0.6583362E+02, 0.1624405E+02, 0.1541423E+02,
 0.9572000E+01, 0.6054056E+02, 0.6585258E+02, 0.1624679E+02, 0.1541815E+02,
 0.9574000E+01, 0.6055054E+02, 0.6587155E+02, 0.1624953E+02, 0.1542206E+02,
 0.9576000E+01, 0.6056052E+02, 0.6589050E+02, 0.1625226E+02, 0.1542596E+02,
 0.9578000E+01, 0.6057049E+02, 0.6590944E+02, 0.1625499E+02, 0.1542987E+02,
 0.9580000E+01, 0.6058045E+02, 0.6592838E+02, 0.1625772E+02, 0.1543377E+02,
 0.9582000E+01, 0.6059040E+02, 0.6594730E+02, 0.1626045E+02, 0.1543767E+02,
 0.9584000E+01, 0.6060035E+02, 0.6596621E+02, 0.1626318E+02, 0.1544157E+02,
 0.9586000E+01, 0.6061028E+02, 0.6598512E+02, 0.1626590E+02, 0.1544547E+02,
 0.9588000E+01, 0.6062022E+02, 0.6600401E+02, 0.1626862E+02, 0.1544937E+02,
 0.9590000E+01, 0.6063014E+02, 0.6602290E+02, 0.1627134E+02, 0.1545326E+02,
 0.9592000E+01, 0.6064005E+02, 0.6604177E+02, 0.1627406E+02, 0.1545715E+02,
 0.9594000E+01, 0.6064996E+02, 0.6606064E+02, 0.1627678E+02, 0.1546104E+02,
 0.9596000E+01, 0.6065986E+02, 0.6607949E+02, 0.1627949E+02, 0.1546493E+02,
 0.9598000E+01, 0.6066975E+02, 0.6609834E+02, 0.1628220E+02, 0.1546882E+02,
 0.9600000E+01, 0.6067964E+02, 0.6611718E+02, 0.1628491E+02, 0.1547270E+02,
 0.9602000E+01, 0.6068952E+02, 0.6613601E+02, 0.1628762E+02, 0.1547658E+02,
 0.9604000E+01, 0.6069939E+02, 0.6615483E+02, 0.1629033E+02, 0.1548046E+02,
 0.9606000E+01, 0.6070925E+02, 0.6617364E+02, 0.1629303E+02, 0.1548434E+02,
 0.9608000E+01, 0.6071910E+02, 0.6619244E+02, 0.1629573E+02, 0.1548821E+02,
 0.9610000E+01, 0.6072895E+02, 0.6621123E+02, 0.1629843E+02, 0.1549209E+02,
 0.9612000E+01, 0.6073879E+02, 0.6623001E+02, 0.1630113E+02, 0.1549596E+02,
 0.9614000E+01, 0.6074863E+02, 0.6624879E+02, 0.1630382E+02, 0.1549983E+02,
 0.9616000E+01, 0.6075845E+02, 0.6626755E+02, 0.1630652E+02, 0.1550370E+02,
 0.9618000E+01, 0.6076827E+02, 0.6628630E+02, 0.1630921E+02, 0.1550756E+02,
 0.9620000E+01, 0.6077808E+02, 0.6630505E+02, 0.1631190E+02, 0.1551143E+02,
 0.9622000E+01, 0.6078788E+02, 0.6632378E+02, 0.1631458E+02, 0.1551529E+02,
 0.9624000E+01, 0.6079768E+02, 0.6634251E+02, 0.1631727E+02, 0.1551915E+02,
 0.9626000E+01, 0.6080746E+02, 0.6636122E+02, 0.1631995E+02, 0.1552300E+02,
 0.9628000E+01, 0.6081725E+02, 0.6637993E+02, 0.1632264E+02, 0.1552686E+02,
 0.9630000E+01, 0.6082702E+02, 0.6639863E+02, 0.1632532E+02, 0.1553071E+02,
 0.9632000E+01, 0.6083678E+02, 0.6641732E+02, 0.1632799E+02, 0.1553456E+02,
 0.9634000E+01, 0.6084654E+02, 0.6643600E+02, 0.1633067E+02, 0.1553841E+02,
 0.9636000E+01, 0.6085629E+02, 0.6645467E+02, 0.1633334E+02, 0.1554226E+02,
 0.9638000E+01, 0.6086603E+02, 0.6647333E+02, 0.1633601E+02, 0.1554611E+02,
 0.9640000E+01, 0.6087577E+02, 0.6649197E+02, 0.1633868E+02, 0.1554995E+02,
 0.9642000E+01, 0.6088549E+02, 0.6651061E+02, 0.1634135E+02, 0.1555379E+02,
 0.9644000E+01, 0.6089521E+02, 0.6652924E+02, 0.1634402E+02, 0.1555763E+02,
 0.9646000E+01, 0.6090493E+02, 0.6654787E+02, 0.1634668E+02, 0.1556147E+02,
 0.9648000E+01, 0.6091463E+02, 0.6656648E+02, 0.1634934E+02, 0.1556531E+02,
 0.9650000E+01, 0.6092433E+02, 0.6658508E+02, 0.1635200E+02, 0.1556914E+02,
 0.9652000E+01, 0.6093402E+02, 0.6660368E+02, 0.1635466E+02, 0.1557297E+02,
 0.9654000E+01, 0.6094370E+02, 0.6662226E+02, 0.1635731E+02, 0.1557680E+02,
 0.9656000E+01, 0.6095338E+02, 0.6664084E+02, 0.1635997E+02, 0.1558063E+02,
 0.9658000E+01, 0.6096305E+02, 0.6665940E+02, 0.1636262E+02, 0.1558445E+02,
 0.9660000E+01, 0.6097271E+02, 0.6667796E+02, 0.1636527E+02, 0.1558828E+02,
 0.9662000E+01, 0.6098236E+02, 0.6669650E+02, 0.1636791E+02, 0.1559210E+02,
 0.9664000E+01, 0.6099200E+02, 0.6671503E+02, 0.1637056E+02, 0.1559592E+02,
 0.9666000E+01, 0.6100164E+02, 0.6673357E+02, 0.1637320E+02, 0.1559973E+02,
 0.9668000E+01, 0.6101127E+02, 0.6675208E+02, 0.1637584E+02, 0.1560355E+02,
 0.9670000E+01, 0.6102090E+02, 0.6677059E+02, 0.1637848E+02, 0.1560736E+02,
 0.9672000E+01, 0.6103051E+02, 0.6678909E+02, 0.1638112E+02, 0.1561117E+02,
 0.9674000E+01, 0.6104012E+02, 0.6680758E+02, 0.1638376E+02, 0.1561498E+02,
 0.9676000E+01, 0.6104972E+02, 0.6682606E+02, 0.1638639E+02, 0.1561879E+02,
 0.9678000E+01, 0.6105931E+02, 0.6684453E+02, 0.1638902E+02, 0.1562260E+02,
 0.9680000E+01, 0.6106890E+02, 0.6686298E+02, 0.1639165E+02, 0.1562640E+02,
 0.9682000E+01, 0.6107848E+02, 0.6688143E+02, 0.1639428E+02, 0.1563020E+02,
 0.9684000E+01, 0.6108805E+02, 0.6689988E+02, 0.1639691E+02, 0.1563400E+02,
 0.9686000E+01, 0.6109761E+02, 0.6691830E+02, 0.1639953E+02, 0.1563780E+02,
 0.9688000E+01, 0.6110717E+02, 0.6693673E+02, 0.1640215E+02, 0.1564159E+02,
 0.9690000E+01, 0.6111672E+02, 0.6695514E+02, 0.1640477E+02, 0.1564538E+02,
 0.9692000E+01, 0.6112626E+02, 0.6697354E+02, 0.1640739E+02, 0.1564918E+02,
 0.9694000E+01, 0.6113579E+02, 0.6699194E+02, 0.1641000E+02, 0.1565297E+02,
 0.9696000E+01, 0.6114532E+02, 0.6701032E+02, 0.1641262E+02, 0.1565675E+02,
 0.9698000E+01, 0.6115484E+02, 0.6702869E+02, 0.1641523E+02, 0.1566054E+02,
 0.9700000E+01, 0.6116435E+02, 0.6704706E+02, 0.1641784E+02, 0.1566432E+02,
 0.9702000E+01, 0.6117385E+02, 0.6706541E+02, 0.1642045E+02, 0.1566810E+02,
 0.9704000E+01, 0.6118335E+02, 0.6708376E+02, 0.1642305E+02, 0.1567188E+02,
 0.9706000E+01, 0.6119284E+02, 0.6710210E+02, 0.1642566E+02, 0.1567566E+02,
 0.9708000E+01, 0.6120232E+02, 0.6712042E+02, 0.1642826E+02, 0.1567943E+02,
 0.9710000E+01, 0.6121180E+02, 0.6713874E+02, 0.1643086E+02, 0.1568320E+02,
 0.9712000E+01, 0.6122126E+02, 0.6715704E+02, 0.1643346E+02, 0.1568697E+02,
 0.9714000E+01, 0.6123072E+02, 0.6717534E+02, 0.1643605E+02, 0.1569074E+02,
 0.9716000E+01, 0.6124017E+02, 0.6719363E+02, 0.1643865E+02, 0.1569451E+02,
 0.9718000E+01, 0.6124962E+02, 0.6721191E+02, 0.1644124E+02, 0.1569827E+02,
 0.9720000E+01, 0.6125906E+02, 0.6723017E+02, 0.1644383E+02, 0.1570204E+02,
 0.9722000E+01, 0.6126849E+02, 0.6724844E+02, 0.1644641E+02, 0.1570580E+02,
 0.9724000E+01, 0.6127791E+02, 0.6726669E+02, 0.1644900E+02, 0.1570956E+02,
 0.9726000E+01, 0.6128732E+02, 0.6728492E+02, 0.1645159E+02, 0.1571331E+02,
 0.9728000E+01, 0.6129673E+02, 0.6730315E+02, 0.1645417E+02, 0.1571707E+02,
 0.9730000E+01, 0.6130613E+02, 0.6732137E+02, 0.1645675E+02, 0.1572082E+02,
 0.9732000E+01, 0.6131553E+02, 0.6733958E+02, 0.1645933E+02, 0.1572457E+02,
 0.9734000E+01, 0.6132491E+02, 0.6735778E+02, 0.1646190E+02, 0.1572832E+02,
 0.9736000E+01, 0.6133429E+02, 0.6737598E+02, 0.1646448E+02, 0.1573207E+02,
 0.9738000E+01, 0.6134366E+02, 0.6739416E+02, 0.1646705E+02, 0.1573581E+02,
 0.9740000E+01, 0.6135302E+02, 0.6741233E+02, 0.1646962E+02, 0.1573955E+02,
 0.9742000E+01, 0.6136238E+02, 0.6743049E+02, 0.1647219E+02, 0.1574329E+02,
 0.9744000E+01, 0.6137173E+02, 0.6744864E+02, 0.1647475E+02, 0.1574703E+02,
 0.9746000E+01, 0.6138107E+02, 0.6746678E+02, 0.1647732E+02, 0.1575077E+02,
 0.9748000E+01, 0.6139041E+02, 0.6748492E+02, 0.1647988E+02, 0.1575450E+02,
 0.9750000E+01, 0.6139973E+02, 0.6750304E+02, 0.1648244E+02, 0.1575823E+02,
 0.9752000E+01, 0.6140905E+02, 0.6752116E+02, 0.1648500E+02, 0.1576196E+02,
 0.9754000E+01, 0.6141837E+02, 0.6753926E+02, 0.1648756E+02, 0.1576569E+02,
 0.9756000E+01, 0.6142767E+02, 0.6755736E+02, 0.1649011E+02, 0.1576942E+02,
 0.9758000E+01, 0.6143697E+02, 0.6757544E+02, 0.1649266E+02, 0.1577314E+02,
 0.9760000E+01, 0.6144626E+02, 0.6759351E+02, 0.1649522E+02, 0.1577686E+02,
 0.9762000E+01, 0.6145554E+02, 0.6761158E+02, 0.1649776E+02, 0.1578058E+02,
 0.9764000E+01, 0.6146482E+02, 0.6762964E+02, 0.1650031E+02, 0.1578430E+02,
 0.9766000E+01, 0.6147408E+02, 0.6764768E+02, 0.1650286E+02, 0.1578802E+02,
 0.9768000E+01, 0.6148335E+02, 0.6766572E+02, 0.1650540E+02, 0.1579173E+02,
 0.9770000E+01, 0.6149260E+02, 0.6768375E+02, 0.1650794E+02, 0.1579544E+02,
 0.9772000E+01, 0.6150184E+02, 0.6770176E+02, 0.1651048E+02, 0.1579915E+02,
 0.9774000E+01, 0.6151108E+02, 0.6771976E+02, 0.1651302E+02, 0.1580286E+02,
 0.9776000E+01, 0.6152031E+02, 0.6773776E+02, 0.1651555E+02, 0.1580656E+02,
 0.9778000E+01, 0.6152954E+02, 0.6775575E+02, 0.1651809E+02, 0.1581027E+02,
 0.9780000E+01, 0.6153876E+02, 0.6777373E+02, 0.1652062E+02, 0.1581397E+02,
 0.9782000E+01, 0.6154797E+02, 0.6779170E+02, 0.1652315E+02, 0.1581767E+02,
 0.9784000E+01, 0.6155717E+02, 0.6780965E+02, 0.1652567E+02, 0.1582137E+02,
 0.9786000E+01, 0.6156636E+02, 0.6782761E+02, 0.1652820E+02, 0.1582506E+02,
 0.9788000E+01, 0.6157555E+02, 0.6784554E+02, 0.1653072E+02, 0.1582875E+02,
 0.9790000E+01, 0.6158473E+02, 0.6786347E+02, 0.1653325E+02, 0.1583245E+02,
 0.9792000E+01, 0.6159390E+02, 0.6788139E+02, 0.1653576E+02, 0.1583613E+02,
 0.9794000E+01, 0.6160307E+02, 0.6789931E+02, 0.1653828E+02, 0.1583982E+02,
 0.9796000E+01, 0.6161223E+02, 0.6791721E+02, 0.1654080E+02, 0.1584351E+02,
 0.9798000E+01, 0.6162138E+02, 0.6793510E+02, 0.1654331E+02, 0.1584719E+02,
 0.9800000E+01, 0.6163052E+02, 0.6795297E+02, 0.1654582E+02, 0.1585087E+02,
 0.9802000E+01, 0.6163966E+02, 0.6797085E+02, 0.1654833E+02, 0.1585455E+02,
 0.9804000E+01, 0.6164879E+02, 0.6798871E+02, 0.1655084E+02, 0.1585823E+02,
 0.9806000E+01, 0.6165791E+02, 0.6800656E+02, 0.1655335E+02, 0.1586190E+02,
 0.9808000E+01, 0.6166703E+02, 0.6802440E+02, 0.1655585E+02, 0.1586557E+02,
 0.9810000E+01, 0.6167614E+02, 0.6804223E+02, 0.1655836E+02, 0.1586925E+02,
 0.9812000E+01, 0.6168523E+02, 0.6806005E+02, 0.1656086E+02, 0.1587291E+02,
 0.9814000E+01, 0.6169433E+02, 0.6807787E+02, 0.1656335E+02, 0.1587658E+02,
 0.9816000E+01, 0.6170341E+02, 0.6809566E+02, 0.1656585E+02, 0.1588025E+02,
 0.9818000E+01, 0.6171249E+02, 0.6811346E+02, 0.1656835E+02, 0.1588391E+02,
 0.9820000E+01, 0.6172157E+02, 0.6813124E+02, 0.1657084E+02, 0.1588757E+02,
 0.9822000E+01, 0.6173063E+02, 0.6814902E+02, 0.1657333E+02, 0.1589123E+02,
 0.9824000E+01, 0.6173969E+02, 0.6816678E+02, 0.1657582E+02, 0.1589488E+02,
 0.9826000E+01, 0.6174873E+02, 0.6818453E+02, 0.1657830E+02, 0.1589854E+02,
 0.9828000E+01, 0.6175778E+02, 0.6820228E+02, 0.1658079E+02, 0.1590219E+02,
 0.9830000E+01, 0.6176681E+02, 0.6822001E+02, 0.1658327E+02, 0.1590584E+02,
 0.9832000E+01, 0.6177584E+02, 0.6823773E+02, 0.1658575E+02, 0.1590949E+02,
 0.9834000E+01, 0.6178486E+02, 0.6825545E+02, 0.1658823E+02, 0.1591314E+02,
 0.9836000E+01, 0.6179387E+02, 0.6827316E+02, 0.1659071E+02, 0.1591678E+02,
 0.9838000E+01, 0.6180288E+02, 0.6829085E+02, 0.1659319E+02, 0.1592042E+02,
 0.9840000E+01, 0.6181188E+02, 0.6830853E+02, 0.1659566E+02, 0.1592406E+02,
 0.9842000E+01, 0.6182087E+02, 0.6832621E+02, 0.1659813E+02, 0.1592770E+02,
 0.9844000E+01, 0.6182986E+02, 0.6834387E+02, 0.1660060E+02, 0.1593134E+02,
 0.9846000E+01, 0.6183883E+02, 0.6836153E+02, 0.1660307E+02, 0.1593497E+02,
 0.9848000E+01, 0.6184780E+02, 0.6837917E+02, 0.1660554E+02, 0.1593860E+02,
 0.9850000E+01, 0.6185677E+02, 0.6839680E+02, 0.1660800E+02, 0.1594223E+02,
 0.9852000E+01, 0.6186572E+02, 0.6841444E+02, 0.1661046E+02, 0.1594586E+02,
 0.9854000E+01, 0.6187467E+02, 0.6843205E+02, 0.1661292E+02, 0.1594948E+02,
 0.9856000E+01, 0.6188361E+02, 0.6844965E+02, 0.1661538E+02, 0.1595311E+02,
 0.9858000E+01, 0.6189254E+02, 0.6846725E+02, 0.1661784E+02, 0.1595673E+02,
 0.9860000E+01, 0.6190147E+02, 0.6848484E+02, 0.1662029E+02, 0.1596035E+02,
 0.9862000E+01, 0.6191039E+02, 0.6850242E+02, 0.1662274E+02, 0.1596397E+02,
 0.9864000E+01, 0.6191930E+02, 0.6851998E+02, 0.1662519E+02, 0.1596758E+02,
 0.9866000E+01, 0.6192821E+02, 0.6853754E+02, 0.1662764E+02, 0.1597120E+02,
 0.9868000E+01, 0.6193711E+02, 0.6855508E+02, 0.1663009E+02, 0.1597481E+02,
 0.9870000E+01, 0.6194600E+02, 0.6857262E+02, 0.1663254E+02, 0.1597842E+02,
 0.9872000E+01, 0.6195488E+02, 0.6859015E+02, 0.1663498E+02, 0.1598202E+02,
 0.9874000E+01, 0.6196376E+02, 0.6860767E+02, 0.1663742E+02, 0.1598563E+02,
 0.9876000E+01, 0.6197263E+02, 0.6862518E+02, 0.1663986E+02, 0.1598923E+02,
 0.9878000E+01, 0.6198149E+02, 0.6864268E+02, 0.1664230E+02, 0.1599283E+02,
 0.9880000E+01, 0.6199035E+02, 0.6866016E+02, 0.1664473E+02, 0.1599643E+02,
 0.9882000E+01, 0.6199920E+02, 0.6867764E+02, 0.1664717E+02, 0.1600003E+02,
 0.9884000E+01, 0.6200803E+02, 0.6869511E+02, 0.1664960E+02, 0.1600362E+02,
 0.9886000E+01, 0.6201687E+02, 0.6871257E+02, 0.1665203E+02, 0.1600722E+02,
 0.9888000E+01, 0.6202570E+02, 0.6873002E+02, 0.1665446E+02, 0.1601081E+02,
 0.9890000E+01, 0.6203451E+02, 0.6874745E+02, 0.1665688E+02, 0.1601440E+02,
 0.9892000E+01, 0.6204332E+02, 0.6876488E+02, 0.1665931E+02, 0.1601798E+02,
 0.9894000E+01, 0.6205213E+02, 0.6878230E+02, 0.1666173E+02, 0.1602157E+02,
 0.9896000E+01, 0.6206093E+02, 0.6879971E+02, 0.1666415E+02, 0.1602515E+02,
 0.9898000E+01, 0.6206972E+02, 0.6881711E+02, 0.1666657E+02, 0.1602873E+02,
 0.9900000E+01, 0.6207850E+02, 0.6883450E+02, 0.1666899E+02, 0.1603231E+02,
 0.9902000E+01, 0.6208728E+02, 0.6885188E+02, 0.1667140E+02, 0.1603589E+02,
 0.9904000E+01, 0.6209605E+02, 0.6886925E+02, 0.1667381E+02, 0.1603946E+02,
 0.9906000E+01, 0.6210481E+02, 0.6888660E+02, 0.1667622E+02, 0.1604303E+02,
 0.9908000E+01, 0.6211357E+02, 0.6890395E+02, 0.1667863E+02, 0.1604660E+02,
 0.9910000E+01, 0.6212231E+02, 0.6892130E+02, 0.1668104E+02, 0.1605017E+02,
 0.9912000E+01, 0.6213105E+02, 0.6893863E+02, 0.1668345E+02, 0.1605374E+02,
 0.9914000E+01, 0.6213979E+02, 0.6895595E+02, 0.1668585E+02, 0.1605730E+02,
 0.9916000E+01, 0.6214851E+02, 0.6897326E+02, 0.1668825E+02, 0.1606086E+02,
 0.9918000E+01, 0.6215723E+02, 0.6899055E+02, 0.1669065E+02, 0.1606442E+02,
 0.9920000E+01, 0.6216595E+02, 0.6900785E+02, 0.1669305E+02, 0.1606798E+02,
 0.9922000E+01, 0.6217465E+02, 0.6902512E+02, 0.1669545E+02, 0.1607154E+02,
 0.9924000E+01, 0.6218335E+02, 0.6904240E+02, 0.1669784E+02, 0.1607509E+02,
 0.9926000E+01, 0.6219204E+02, 0.6905966E+02, 0.1670023E+02, 0.1607864E+02,
 0.9928000E+01, 0.6220073E+02, 0.6907691E+02, 0.1670262E+02, 0.1608219E+02,
 0.9930000E+01, 0.6220940E+02, 0.6909415E+02, 0.1670501E+02, 0.1608574E+02,
 0.9932000E+01, 0.6221807E+02, 0.6911138E+02, 0.1670740E+02, 0.1608929E+02,
 0.9934000E+01, 0.6222673E+02, 0.6912860E+02, 0.1670979E+02, 0.1609283E+02,
 0.9936000E+01, 0.6223539E+02, 0.6914581E+02, 0.1671217E+02, 0.1609637E+02,
 0.9938000E+01, 0.6224404E+02, 0.6916301E+02, 0.1671455E+02, 0.1609991E+02,
 0.9940000E+01, 0.6225268E+02, 0.6918021E+02, 0.1671693E+02, 0.1610345E+02,
 0.9942000E+01, 0.6226131E+02, 0.6919739E+02, 0.1671931E+02, 0.1610699E+02,
 0.9944000E+01, 0.6226994E+02, 0.6921455E+02, 0.1672168E+02, 0.1611052E+02,
 0.9946000E+01, 0.6227856E+02, 0.6923172E+02, 0.1672406E+02, 0.1611405E+02,
 0.9948000E+01, 0.6228717E+02, 0.6924887E+02, 0.1672643E+02, 0.1611758E+02,
 0.9950000E+01, 0.6229578E+02, 0.6926601E+02, 0.1672880E+02, 0.1612111E+02,
 0.9952000E+01, 0.6230438E+02, 0.6928314E+02, 0.1673117E+02, 0.1612463E+02,
 0.9954000E+01, 0.6231297E+02, 0.6930026E+02, 0.1673354E+02, 0.1612816E+02,
 0.9956000E+01, 0.6232156E+02, 0.6931738E+02, 0.1673590E+02, 0.1613168E+02,
 0.9958000E+01, 0.6233014E+02, 0.6933447E+02, 0.1673826E+02, 0.1613520E+02,
 0.9960000E+01, 0.6233871E+02, 0.6935157E+02, 0.1674063E+02, 0.1613871E+02,
 0.9962000E+01, 0.6234727E+02, 0.6936865E+02, 0.1674298E+02, 0.1614223E+02,
 0.9964000E+01, 0.6235583E+02, 0.6938572E+02, 0.1674534E+02, 0.1614574E+02,
 0.9966000E+01, 0.6236438E+02, 0.6940279E+02, 0.1674770E+02, 0.1614925E+02,
 0.9968000E+01, 0.6237292E+02, 0.6941984E+02, 0.1675005E+02, 0.1615276E+02,
 0.9970000E+01, 0.6238146E+02, 0.6943687E+02, 0.1675240E+02, 0.1615627E+02,
 0.9972000E+01, 0.6238998E+02, 0.6945391E+02, 0.1675475E+02, 0.1615977E+02,
 0.9974000E+01, 0.6239851E+02, 0.6947093E+02, 0.1675710E+02, 0.1616328E+02,
 0.9976000E+01, 0.6240702E+02, 0.6948795E+02, 0.1675945E+02, 0.1616678E+02,
 0.9978000E+01, 0.6241553E+02, 0.6950494E+02, 0.1676180E+02, 0.1617028E+02,
 0.9980000E+01, 0.6242403E+02, 0.6952193E+02, 0.1676414E+02, 0.1617377E+02,
 0.9982000E+01, 0.6243253E+02, 0.6953892E+02, 0.1676648E+02, 0.1617727E+02,
 0.9984000E+01, 0.6244101E+02, 0.6955589E+02, 0.1676882E+02, 0.1618076E+02,
 0.9986000E+01, 0.6244949E+02, 0.6957285E+02, 0.1677116E+02, 0.1618425E+02,
 0.9988000E+01, 0.6245796E+02, 0.6958981E+02, 0.1677349E+02, 0.1618774E+02,
 0.9990000E+01, 0.6246643E+02, 0.6960675E+02, 0.1677583E+02, 0.1619123E+02,
 0.9992000E+01, 0.6247489E+02, 0.6962368E+02, 0.1677816E+02, 0.1619471E+02,
 0.9994000E+01, 0.6248334E+02, 0.6964060E+02, 0.1678049E+02, 0.1619819E+02,
 0.9996000E+01, 0.6249178E+02, 0.6965752E+02, 0.1678282E+02, 0.1620168E+02,
 0.9998000E+01, 0.6250022E+02, 0.6967442E+02, 0.1678514E+02, 0.1620515E+02,
 0.1000000E+02, 0.6250865E+02, 0.6969131E+02, 0.1678747E+02, 0.1620863E+02,
