@WF,WB,WI,WE [MJ]  vs t@
X,WF,WB,WI,WE
 0.0000000E+00, 0.2565367E+03, 0.2565367E+03, 0.2565367E+03, 0.1346082E+03,
 0.2000000E-02, 0.2555975E+03, 0.2555609E+03, 0.2555609E+03, 0.1341815E+03,
 0.4000000E-02, 0.2553400E+03, 0.2552690E+03, 0.2552690E+03, 0.1341111E+03,
 0.6000000E-02, 0.2551392E+03, 0.2550359E+03, 0.2550359E+03, 0.1340691E+03,
 0.8000000E-02, 0.2549439E+03, 0.2548103E+03, 0.2548103E+03, 0.1340293E+03,
 0.1000000E-01, 0.2547480E+03, 0.2545859E+03, 0.2545859E+03, 0.1339888E+03,
 0.1200000E-01, 0.2545515E+03, 0.2543626E+03, 0.2543626E+03, 0.1339475E+03,
 0.1400000E-01, 0.2543549E+03, 0.2541409E+03, 0.2541409E+03, 0.1339058E+03,
 0.1600000E-01, 0.2541588E+03, 0.2539211E+03, 0.2539211E+03, 0.1338642E+03,
 0.1800000E-01, 0.2539635E+03, 0.2537036E+03, 0.2537036E+03, 0.1338227E+03,
 0.2000000E-01, 0.2537693E+03, 0.2534886E+03, 0.2534886E+03, 0.1337816E+03,
 0.2200000E-01, 0.2535764E+03, 0.2532760E+03, 0.2532760E+03, 0.1337410E+03,
 0.2400000E-01, 0.2533851E+03, 0.2530662E+03, 0.2530662E+03, 0.1337009E+03,
 0.2600000E-01, 0.2531954E+03, 0.2528590E+03, 0.2528590E+03, 0.1336613E+03,
 0.2800000E-01, 0.2530073E+03, 0.2526546E+03, 0.2526546E+03, 0.1336223E+03,
 0.3000000E-01, 0.2528211E+03, 0.2524529E+03, 0.2524529E+03, 0.1335840E+03,
 0.3200000E-01, 0.2526367E+03, 0.2522539E+03, 0.2522539E+03, 0.1335462E+03,
 0.3400000E-01, 0.2524542E+03, 0.2520576E+03, 0.2520576E+03, 0.1335090E+03,
 0.3600000E-01, 0.2522735E+03, 0.2518640E+03, 0.2518640E+03, 0.1334725E+03,
 0.3800000E-01, 0.2520948E+03, 0.2516730E+03, 0.2516730E+03, 0.1334365E+03,
 0.4000000E-01, 0.2519180E+03, 0.2514845E+03, 0.2514845E+03, 0.1334011E+03,
 0.4200000E-01, 0.2517431E+03, 0.2512987E+03, 0.2512987E+03, 0.1333662E+03,
 0.4400000E-01, 0.2515702E+03, 0.2511154E+03, 0.2511154E+03, 0.1333318E+03,
 0.4600000E-01, 0.2513991E+03, 0.2509344E+03, 0.2509344E+03, 0.1332980E+03,
 0.4800000E-01, 0.2512300E+03, 0.2507560E+03, 0.2507560E+03, 0.1332646E+03,
 0.5000000E-01, 0.2510627E+03, 0.2505798E+03, 0.2505798E+03, 0.1332318E+03,
 0.5200000E-01, 0.2508973E+03, 0.2504060E+03, 0.2504060E+03, 0.1331993E+03,
 0.5400000E-01, 0.2507337E+03, 0.2502343E+03, 0.2502343E+03, 0.1331674E+03,
 0.5600000E-01, 0.2505719E+03, 0.2500649E+03, 0.2500649E+03, 0.1331358E+03,
 0.5800000E-01, 0.2504118E+03, 0.2498976E+03, 0.2498976E+03, 0.1331047E+03,
 0.6000000E-01, 0.2502535E+03, 0.2497323E+03, 0.2497323E+03, 0.1330740E+03,
 0.6200000E-01, 0.2500969E+03, 0.2495690E+03, 0.2495690E+03, 0.1330436E+03,
 0.6400000E-01, 0.2499419E+03, 0.2494077E+03, 0.2494077E+03, 0.1330135E+03,
 0.6600000E-01, 0.2497885E+03, 0.2492483E+03, 0.2492483E+03, 0.1329838E+03,
 0.6800000E-01, 0.2496367E+03, 0.2490906E+03, 0.2490906E+03, 0.1329544E+03,
 0.7000000E-01, 0.2494864E+03, 0.2489347E+03, 0.2489347E+03, 0.1329252E+03,
 0.7200000E-01, 0.2493376E+03, 0.2487805E+03, 0.2487805E+03, 0.1328963E+03,
 0.7400000E-01, 0.2491901E+03, 0.2486278E+03, 0.2486278E+03, 0.1328676E+03,
 0.7600000E-01, 0.2490440E+03, 0.2484767E+03, 0.2484767E+03, 0.1328390E+03,
 0.7800000E-01, 0.2488992E+03, 0.2483270E+03, 0.2483270E+03, 0.1328106E+03,
 0.8000000E-01, 0.2487556E+03, 0.2481787E+03, 0.2481787E+03, 0.1327823E+03,
 0.8200000E-01, 0.2486131E+03, 0.2480316E+03, 0.2480316E+03, 0.1327540E+03,
 0.8400000E-01, 0.2484716E+03, 0.2478858E+03, 0.2478858E+03, 0.1327258E+03,
 0.8600000E-01, 0.2483311E+03, 0.2477409E+03, 0.2477409E+03, 0.1326975E+03,
 0.8800000E-01, 0.2481915E+03, 0.2475971E+03, 0.2475971E+03, 0.1326692E+03,
 0.9000000E-01, 0.2480525E+03, 0.2474540E+03, 0.2474540E+03, 0.1326407E+03,
 0.9200000E-01, 0.2479142E+03, 0.2473117E+03, 0.2473117E+03, 0.1326120E+03,
 0.9400000E-01, 0.2477763E+03, 0.2471699E+03, 0.2471699E+03, 0.1325831E+03,
 0.9600000E-01, 0.2476387E+03, 0.2470284E+03, 0.2470284E+03, 0.1325538E+03,
 0.9800000E-01, 0.2475012E+03, 0.2468871E+03, 0.2468871E+03, 0.1325240E+03,
 0.1000000E+00, 0.2473635E+03, 0.2467458E+03, 0.2467458E+03, 0.1324937E+03,
 0.1020000E+00, 0.2472254E+03, 0.2466040E+03, 0.2466040E+03, 0.1324627E+03,
 0.1040000E+00, 0.2470866E+03, 0.2464615E+03, 0.2464615E+03, 0.1324308E+03,
 0.1060000E+00, 0.2469465E+03, 0.2463179E+03, 0.2463179E+03, 0.1323977E+03,
 0.1080000E+00, 0.2468046E+03, 0.2461725E+03, 0.2461725E+03, 0.1323633E+03,
 0.1100000E+00, 0.2466602E+03, 0.2460246E+03, 0.2460246E+03, 0.1323270E+03,
 0.1120000E+00, 0.2465121E+03, 0.2458731E+03, 0.2458731E+03, 0.1322884E+03,
 0.1140000E+00, 0.2463589E+03, 0.2457164E+03, 0.2457164E+03, 0.1322466E+03,
 0.1160000E+00, 0.2461978E+03, 0.2455518E+03, 0.2455518E+03, 0.1322002E+03,
 0.1180000E+00, 0.2460241E+03, 0.2453748E+03, 0.2453748E+03, 0.1321468E+03,
 0.1200000E+00, 0.2458273E+03, 0.2451746E+03, 0.2451746E+03, 0.1320809E+03,
 0.1220000E+00, 0.2455668E+03, 0.2449108E+03, 0.2449108E+03, 0.1319811E+03,
 0.1240000E+00, 0.2452541E+03, 0.2445947E+03, 0.2445947E+03, 0.1318536E+03,
 0.1260000E+00, 0.2449873E+03, 0.2443246E+03, 0.2443246E+03, 0.1317500E+03,
 0.1280000E+00, 0.2447552E+03, 0.2440891E+03, 0.2440891E+03, 0.1316642E+03,
 0.1300000E+00, 0.2445478E+03, 0.2438784E+03, 0.2438784E+03, 0.1315908E+03,
 0.1320000E+00, 0.2443593E+03, 0.2436866E+03, 0.2436866E+03, 0.1315269E+03,
 0.1340000E+00, 0.2441861E+03, 0.2435101E+03, 0.2435101E+03, 0.1314706E+03,
 0.1360000E+00, 0.2440257E+03, 0.2433463E+03, 0.2433463E+03, 0.1314206E+03,
 0.1380000E+00, 0.2438761E+03, 0.2431934E+03, 0.2431934E+03, 0.1313758E+03,
 0.1400000E+00, 0.2437362E+03, 0.2430501E+03, 0.2430501E+03, 0.1313356E+03,
 0.1420000E+00, 0.2436047E+03, 0.2429153E+03, 0.2429153E+03, 0.1312995E+03,
 0.1440000E+00, 0.2434809E+03, 0.2427881E+03, 0.2427881E+03, 0.1312669E+03,
 0.1460000E+00, 0.2433640E+03, 0.2426679E+03, 0.2426679E+03, 0.1312376E+03,
 0.1480000E+00, 0.2432535E+03, 0.2425540E+03, 0.2425540E+03, 0.1312112E+03,
 0.1500000E+00, 0.2431489E+03, 0.2424460E+03, 0.2424460E+03, 0.1311876E+03,
 0.1520000E+00, 0.2430497E+03, 0.2423435E+03, 0.2423435E+03, 0.1311664E+03,
 0.1540000E+00, 0.2429557E+03, 0.2422460E+03, 0.2422460E+03, 0.1311475E+03,
 0.1560000E+00, 0.2428665E+03, 0.2421534E+03, 0.2421534E+03, 0.1311308E+03,
 0.1580000E+00, 0.2427817E+03, 0.2420652E+03, 0.2420652E+03, 0.1311160E+03,
 0.1600000E+00, 0.2427013E+03, 0.2419813E+03, 0.2419813E+03, 0.1311031E+03,
 0.1620000E+00, 0.2426249E+03, 0.2419014E+03, 0.2419014E+03, 0.1310920E+03,
 0.1640000E+00, 0.2425524E+03, 0.2418254E+03, 0.2418254E+03, 0.1310826E+03,
 0.1660000E+00, 0.2424835E+03, 0.2417531E+03, 0.2417531E+03, 0.1310748E+03,
 0.1680000E+00, 0.2424181E+03, 0.2416842E+03, 0.2416842E+03, 0.1310684E+03,
 0.1700000E+00, 0.2423561E+03, 0.2416187E+03, 0.2416187E+03, 0.1310635E+03,
 0.1720000E+00, 0.2422974E+03, 0.2415564E+03, 0.2415564E+03, 0.1310599E+03,
 0.1740000E+00, 0.2422417E+03, 0.2414971E+03, 0.2414971E+03, 0.1310576E+03,
 0.1760000E+00, 0.2421891E+03, 0.2414409E+03, 0.2414409E+03, 0.1310566E+03,
 0.1780000E+00, 0.2421393E+03, 0.2413875E+03, 0.2413875E+03, 0.1310568E+03,
 0.1800000E+00, 0.2420923E+03, 0.2413369E+03, 0.2413369E+03, 0.1310581E+03,
 0.1820000E+00, 0.2420479E+03, 0.2412889E+03, 0.2412889E+03, 0.1310605E+03,
 0.1840000E+00, 0.2420062E+03, 0.2412435E+03, 0.2412435E+03, 0.1310639E+03,
 0.1860000E+00, 0.2419670E+03, 0.2412006E+03, 0.2412006E+03, 0.1310684E+03,
 0.1880000E+00, 0.2419303E+03, 0.2411602E+03, 0.2411602E+03, 0.1310739E+03,
 0.1900000E+00, 0.2418959E+03, 0.2411221E+03, 0.2411221E+03, 0.1310803E+03,
 0.1920000E+00, 0.2418638E+03, 0.2410863E+03, 0.2410863E+03, 0.1310876E+03,
 0.1940000E+00, 0.2418339E+03, 0.2410527E+03, 0.2410527E+03, 0.1310958E+03,
 0.1960000E+00, 0.2418062E+03, 0.2410212E+03, 0.2410212E+03, 0.1311049E+03,
 0.1980000E+00, 0.2417807E+03, 0.2409919E+03, 0.2409919E+03, 0.1311148E+03,
 0.2000000E+00, 0.2417572E+03, 0.2409646E+03, 0.2409646E+03, 0.1311255E+03,
 0.2020000E+00, 0.2417357E+03, 0.2409393E+03, 0.2409393E+03, 0.1311370E+03,
 0.2040000E+00, 0.2417162E+03, 0.2409160E+03, 0.2409160E+03, 0.1311493E+03,
 0.2060000E+00, 0.2416986E+03, 0.2408945E+03, 0.2408945E+03, 0.1311623E+03,
 0.2080000E+00, 0.2416829E+03, 0.2408749E+03, 0.2408749E+03, 0.1311760E+03,
 0.2100000E+00, 0.2416690E+03, 0.2408571E+03, 0.2408571E+03, 0.1311904E+03,
 0.2120000E+00, 0.2416568E+03, 0.2408411E+03, 0.2408411E+03, 0.1312056E+03,
 0.2140000E+00, 0.2416465E+03, 0.2408268E+03, 0.2408268E+03, 0.1312213E+03,
 0.2160000E+00, 0.2416378E+03, 0.2408142E+03, 0.2408142E+03, 0.1312377E+03,
 0.2180000E+00, 0.2416308E+03, 0.2408032E+03, 0.2408032E+03, 0.1312548E+03,
 0.2200000E+00, 0.2416254E+03, 0.2407939E+03, 0.2407939E+03, 0.1312725E+03,
 0.2220000E+00, 0.2416217E+03, 0.2407861E+03, 0.2407861E+03, 0.1312907E+03,
 0.2240000E+00, 0.2416195E+03, 0.2407800E+03, 0.2407800E+03, 0.1313096E+03,
 0.2260000E+00, 0.2416188E+03, 0.2407753E+03, 0.2407753E+03, 0.1313290E+03,
 0.2280000E+00, 0.2416196E+03, 0.2407721E+03, 0.2407721E+03, 0.1313490E+03,
 0.2300000E+00, 0.2416220E+03, 0.2407703E+03, 0.2407703E+03, 0.1313696E+03,
 0.2320000E+00, 0.2416257E+03, 0.2407700E+03, 0.2407700E+03, 0.1313907E+03,
 0.2340000E+00, 0.2416309E+03, 0.2407711E+03, 0.2407711E+03, 0.1314123E+03,
 0.2360000E+00, 0.2416375E+03, 0.2407736E+03, 0.2407736E+03, 0.1314344E+03,
 0.2380000E+00, 0.2416454E+03, 0.2407774E+03, 0.2407774E+03, 0.1314570E+03,
 0.2400000E+00, 0.2416547E+03, 0.2407826E+03, 0.2407826E+03, 0.1314801E+03,
 0.2420000E+00, 0.2416653E+03, 0.2407890E+03, 0.2407890E+03, 0.1315038E+03,
 0.2440000E+00, 0.2416772E+03, 0.2407968E+03, 0.2407968E+03, 0.1315278E+03,
 0.2460000E+00, 0.2416903E+03, 0.2408058E+03, 0.2408058E+03, 0.1315524E+03,
 0.2480000E+00, 0.2417048E+03, 0.2408160E+03, 0.2408160E+03, 0.1315773E+03,
 0.2500000E+00, 0.2417204E+03, 0.2408274E+03, 0.2408274E+03, 0.1316028E+03,
 0.2520000E+00, 0.2417372E+03, 0.2408401E+03, 0.2408401E+03, 0.1316287E+03,
 0.2540000E+00, 0.2417552E+03, 0.2408539E+03, 0.2408539E+03, 0.1316550E+03,
 0.2560000E+00, 0.2417744E+03, 0.2408688E+03, 0.2408688E+03, 0.1316817E+03,
 0.2580000E+00, 0.2417948E+03, 0.2408849E+03, 0.2408849E+03, 0.1317088E+03,
 0.2600000E+00, 0.2418162E+03, 0.2409021E+03, 0.2409021E+03, 0.1317364E+03,
 0.2620000E+00, 0.2418388E+03, 0.2409204E+03, 0.2409204E+03, 0.1317643E+03,
 0.2640000E+00, 0.2418625E+03, 0.2409398E+03, 0.2409398E+03, 0.1317926E+03,
 0.2660000E+00, 0.2418872E+03, 0.2409602E+03, 0.2409602E+03, 0.1318214E+03,
 0.2680000E+00, 0.2419130E+03, 0.2409817E+03, 0.2409817E+03, 0.1318505E+03,
 0.2700000E+00, 0.2419398E+03, 0.2410042E+03, 0.2410042E+03, 0.1318799E+03,
 0.2720000E+00, 0.2419676E+03, 0.2410277E+03, 0.2410277E+03, 0.1319098E+03,
 0.2740000E+00, 0.2419965E+03, 0.2410522E+03, 0.2410522E+03, 0.1319400E+03,
 0.2760000E+00, 0.2420263E+03, 0.2410777E+03, 0.2410777E+03, 0.1319705E+03,
 0.2780000E+00, 0.2420571E+03, 0.2411041E+03, 0.2411041E+03, 0.1320014E+03,
 0.2800000E+00, 0.2420889E+03, 0.2411315E+03, 0.2411315E+03, 0.1320326E+03,
 0.2820000E+00, 0.2421216E+03, 0.2411599E+03, 0.2411599E+03, 0.1320642E+03,
 0.2840000E+00, 0.2421553E+03, 0.2411891E+03, 0.2411891E+03, 0.1320961E+03,
 0.2860000E+00, 0.2421898E+03, 0.2412193E+03, 0.2412193E+03, 0.1321283E+03,
 0.2880000E+00, 0.2422253E+03, 0.2412503E+03, 0.2412503E+03, 0.1321609E+03,
 0.2900000E+00, 0.2422617E+03, 0.2412822E+03, 0.2412822E+03, 0.1321937E+03,
 0.2920000E+00, 0.2422989E+03, 0.2413150E+03, 0.2413150E+03, 0.1322269E+03,
 0.2940000E+00, 0.2423370E+03, 0.2413487E+03, 0.2413487E+03, 0.1322604E+03,
 0.2960000E+00, 0.2423759E+03, 0.2413832E+03, 0.2413832E+03, 0.1322941E+03,
 0.2980000E+00, 0.2424157E+03, 0.2414185E+03, 0.2414185E+03, 0.1323282E+03,
 0.3000000E+00, 0.2424563E+03, 0.2414546E+03, 0.2414546E+03, 0.1323625E+03,
 0.3020000E+00, 0.2424978E+03, 0.2414915E+03, 0.2414915E+03, 0.1323972E+03,
 0.3040000E+00, 0.2425400E+03, 0.2415293E+03, 0.2415293E+03, 0.1324321E+03,
 0.3060000E+00, 0.2425830E+03, 0.2415678E+03, 0.2415678E+03, 0.1324673E+03,
 0.3080000E+00, 0.2426268E+03, 0.2416071E+03, 0.2416071E+03, 0.1325028E+03,
 0.3100000E+00, 0.2426714E+03, 0.2416471E+03, 0.2416471E+03, 0.1325385E+03,
 0.3120000E+00, 0.2427168E+03, 0.2416879E+03, 0.2416879E+03, 0.1325745E+03,
 0.3140000E+00, 0.2427628E+03, 0.2417294E+03, 0.2417294E+03, 0.1326108E+03,
 0.3160000E+00, 0.2428097E+03, 0.2417717E+03, 0.2417717E+03, 0.1326473E+03,
 0.3180000E+00, 0.2428572E+03, 0.2418147E+03, 0.2418147E+03, 0.1326841E+03,
 0.3200000E+00, 0.2429055E+03, 0.2418584E+03, 0.2418584E+03, 0.1327211E+03,
 0.3220000E+00, 0.2429545E+03, 0.2419027E+03, 0.2419027E+03, 0.1327583E+03,
 0.3240000E+00, 0.2430042E+03, 0.2419478E+03, 0.2419478E+03, 0.1327958E+03,
 0.3260000E+00, 0.2430545E+03, 0.2419936E+03, 0.2419936E+03, 0.1328336E+03,
 0.3280000E+00, 0.2431056E+03, 0.2420400E+03, 0.2420400E+03, 0.1328715E+03,
 0.3300000E+00, 0.2431573E+03, 0.2420871E+03, 0.2420871E+03, 0.1329097E+03,
 0.3320000E+00, 0.2432096E+03, 0.2421348E+03, 0.2421348E+03, 0.1329481E+03,
 0.3340000E+00, 0.2432627E+03, 0.2421832E+03, 0.2421832E+03, 0.1329867E+03,
 0.3360000E+00, 0.2433163E+03, 0.2422322E+03, 0.2422322E+03, 0.1330256E+03,
 0.3380000E+00, 0.2433707E+03, 0.2422818E+03, 0.2422818E+03, 0.1330647E+03,
 0.3400000E+00, 0.2434256E+03, 0.2423321E+03, 0.2423321E+03, 0.1331039E+03,
 0.3420000E+00, 0.2434811E+03, 0.2423829E+03, 0.2423829E+03, 0.1331434E+03,
 0.3440000E+00, 0.2435373E+03, 0.2424344E+03, 0.2424344E+03, 0.1331831E+03,
 0.3460000E+00, 0.2435940E+03, 0.2424865E+03, 0.2424865E+03, 0.1332230E+03,
 0.3480000E+00, 0.2436514E+03, 0.2425391E+03, 0.2425391E+03, 0.1332630E+03,
 0.3500000E+00, 0.2437094E+03, 0.2425923E+03, 0.2425923E+03, 0.1333033E+03,
 0.3520000E+00, 0.2437679E+03, 0.2426461E+03, 0.2426461E+03, 0.1333438E+03,
 0.3540000E+00, 0.2438270E+03, 0.2427004E+03, 0.2427004E+03, 0.1333845E+03,
 0.3560000E+00, 0.2438866E+03, 0.2427553E+03, 0.2427553E+03, 0.1334253E+03,
 0.3580000E+00, 0.2439468E+03, 0.2428108E+03, 0.2428108E+03, 0.1334664E+03,
 0.3600000E+00, 0.2440076E+03, 0.2428668E+03, 0.2428668E+03, 0.1335076E+03,
 0.3620000E+00, 0.2440689E+03, 0.2429233E+03, 0.2429233E+03, 0.1335490E+03,
 0.3640000E+00, 0.2441307E+03, 0.2429804E+03, 0.2429804E+03, 0.1335905E+03,
 0.3660000E+00, 0.2441931E+03, 0.2430379E+03, 0.2430379E+03, 0.1336323E+03,
 0.3680000E+00, 0.2442560E+03, 0.2430960E+03, 0.2430960E+03, 0.1336742E+03,
 0.3700000E+00, 0.2443194E+03, 0.2431546E+03, 0.2431546E+03, 0.1337163E+03,
 0.3720000E+00, 0.2443833E+03, 0.2432137E+03, 0.2432137E+03, 0.1337586E+03,
 0.3740000E+00, 0.2444477E+03, 0.2432733E+03, 0.2432733E+03, 0.1338010E+03,
 0.3760000E+00, 0.2445126E+03, 0.2433334E+03, 0.2433334E+03, 0.1338436E+03,
 0.3780000E+00, 0.2445780E+03, 0.2433939E+03, 0.2433939E+03, 0.1338864E+03,
 0.3800000E+00, 0.2446439E+03, 0.2434550E+03, 0.2434550E+03, 0.1339293E+03,
 0.3820000E+00, 0.2447102E+03, 0.2435164E+03, 0.2435164E+03, 0.1339724E+03,
 0.3840000E+00, 0.2447770E+03, 0.2435784E+03, 0.2435784E+03, 0.1340157E+03,
 0.3860000E+00, 0.2448443E+03, 0.2436408E+03, 0.2436408E+03, 0.1340591E+03,
 0.3880000E+00, 0.2449121E+03, 0.2437037E+03, 0.2437037E+03, 0.1341026E+03,
 0.3900000E+00, 0.2449803E+03, 0.2437670E+03, 0.2437670E+03, 0.1341463E+03,
 0.3920000E+00, 0.2450489E+03, 0.2438307E+03, 0.2438307E+03, 0.1341902E+03,
 0.3940000E+00, 0.2451180E+03, 0.2438949E+03, 0.2438949E+03, 0.1342342E+03,
 0.3960000E+00, 0.2451875E+03, 0.2439595E+03, 0.2439595E+03, 0.1342783E+03,
 0.3980000E+00, 0.2452575E+03, 0.2440246E+03, 0.2440246E+03, 0.1343226E+03,
 0.4000000E+00, 0.2453279E+03, 0.2440900E+03, 0.2440900E+03, 0.1343671E+03,
 0.4020000E+00, 0.2453987E+03, 0.2441559E+03, 0.2441559E+03, 0.1344117E+03,
 0.4040000E+00, 0.2454698E+03, 0.2442222E+03, 0.2442222E+03, 0.1344564E+03,
 0.4060000E+00, 0.2455415E+03, 0.2442888E+03, 0.2442888E+03, 0.1345013E+03,
 0.4080000E+00, 0.2456135E+03, 0.2443559E+03, 0.2443559E+03, 0.1345463E+03,
 0.4100000E+00, 0.2456859E+03, 0.2444234E+03, 0.2444234E+03, 0.1345914E+03,
 0.4120000E+00, 0.2457587E+03, 0.2444912E+03, 0.2444912E+03, 0.1346367E+03,
 0.4140000E+00, 0.2458320E+03, 0.2445595E+03, 0.2445595E+03, 0.1346821E+03,
 0.4160000E+00, 0.2459055E+03, 0.2446281E+03, 0.2446281E+03, 0.1347277E+03,
 0.4180000E+00, 0.2459795E+03, 0.2446971E+03, 0.2446971E+03, 0.1347734E+03,
 0.4200000E+00, 0.2460539E+03, 0.2447664E+03, 0.2447664E+03, 0.1348192E+03,
 0.4220000E+00, 0.2461286E+03, 0.2448362E+03, 0.2448362E+03, 0.1348652E+03,
 0.4240000E+00, 0.2462037E+03, 0.2449062E+03, 0.2449062E+03, 0.1349113E+03,
 0.4260000E+00, 0.2462791E+03, 0.2449767E+03, 0.2449767E+03, 0.1349575E+03,
 0.4280000E+00, 0.2463549E+03, 0.2450475E+03, 0.2450475E+03, 0.1350038E+03,
 0.4300000E+00, 0.2464311E+03, 0.2451186E+03, 0.2451186E+03, 0.1350503E+03,
 0.4320000E+00, 0.2465076E+03, 0.2451901E+03, 0.2451901E+03, 0.1350968E+03,
 0.4340000E+00, 0.2465845E+03, 0.2452619E+03, 0.2452619E+03, 0.1351436E+03,
 0.4360000E+00, 0.2466617E+03, 0.2453340E+03, 0.2453340E+03, 0.1351904E+03,
 0.4380000E+00, 0.2467392E+03, 0.2454065E+03, 0.2454065E+03, 0.1352374E+03,
 0.4400000E+00, 0.2468170E+03, 0.2454793E+03, 0.2454793E+03, 0.1352845E+03,
 0.4420000E+00, 0.2468952E+03, 0.2455524E+03, 0.2455524E+03, 0.1353316E+03,
 0.4440000E+00, 0.2469738E+03, 0.2456259E+03, 0.2456259E+03, 0.1353790E+03,
 0.4460000E+00, 0.2470526E+03, 0.2456996E+03, 0.2456996E+03, 0.1354264E+03,
 0.4480000E+00, 0.2471317E+03, 0.2457737E+03, 0.2457737E+03, 0.1354740E+03,
 0.4500000E+00, 0.2472112E+03, 0.2458481E+03, 0.2458481E+03, 0.1355217E+03,
 0.4520000E+00, 0.2472910E+03, 0.2459228E+03, 0.2459228E+03, 0.1355694E+03,
 0.4540000E+00, 0.2473710E+03, 0.2459977E+03, 0.2459977E+03, 0.1356173E+03,
 0.4560000E+00, 0.2474514E+03, 0.2460730E+03, 0.2460730E+03, 0.1356654E+03,
 0.4580000E+00, 0.2475321E+03, 0.2461486E+03, 0.2461486E+03, 0.1357135E+03,
 0.4600000E+00, 0.2476131E+03, 0.2462244E+03, 0.2462244E+03, 0.1357617E+03,
 0.4620000E+00, 0.2476944E+03, 0.2463006E+03, 0.2463006E+03, 0.1358101E+03,
 0.4640000E+00, 0.2477759E+03, 0.2463770E+03, 0.2463770E+03, 0.1358586E+03,
 0.4660000E+00, 0.2478577E+03, 0.2464537E+03, 0.2464537E+03, 0.1359071E+03,
 0.4680000E+00, 0.2479398E+03, 0.2465307E+03, 0.2465307E+03, 0.1359558E+03,
 0.4700000E+00, 0.2480222E+03, 0.2466080E+03, 0.2466080E+03, 0.1360046E+03,
 0.4720000E+00, 0.2481049E+03, 0.2466855E+03, 0.2466855E+03, 0.1360535E+03,
 0.4740000E+00, 0.2481879E+03, 0.2467633E+03, 0.2467633E+03, 0.1361025E+03,
 0.4760000E+00, 0.2482711E+03, 0.2468413E+03, 0.2468413E+03, 0.1361516E+03,
 0.4780000E+00, 0.2483546E+03, 0.2469196E+03, 0.2469196E+03, 0.1362008E+03,
 0.4800000E+00, 0.2484383E+03, 0.2469982E+03, 0.2469982E+03, 0.1362502E+03,
 0.4820000E+00, 0.2485223E+03, 0.2470770E+03, 0.2470770E+03, 0.1362996E+03,
 0.4840000E+00, 0.2486065E+03, 0.2471561E+03, 0.2471561E+03, 0.1363491E+03,
 0.4860000E+00, 0.2486910E+03, 0.2472354E+03, 0.2472354E+03, 0.1363987E+03,
 0.4880000E+00, 0.2487758E+03, 0.2473150E+03, 0.2473150E+03, 0.1364484E+03,
 0.4900000E+00, 0.2488608E+03, 0.2473948E+03, 0.2473948E+03, 0.1364982E+03,
 0.4920000E+00, 0.2489460E+03, 0.2474749E+03, 0.2474749E+03, 0.1365482E+03,
 0.4940000E+00, 0.2490315E+03, 0.2475552E+03, 0.2475552E+03, 0.1365982E+03,
 0.4960000E+00, 0.2491173E+03, 0.2476357E+03, 0.2476357E+03, 0.1366483E+03,
 0.4980000E+00, 0.2492032E+03, 0.2477165E+03, 0.2477165E+03, 0.1366985E+03,
 0.5000000E+00, 0.2492894E+03, 0.2477975E+03, 0.2477975E+03, 0.1367488E+03,
 0.5020000E+00, 0.2493759E+03, 0.2478787E+03, 0.2478787E+03, 0.1367992E+03,
 0.5040000E+00, 0.2494625E+03, 0.2479601E+03, 0.2479601E+03, 0.1368497E+03,
 0.5060000E+00, 0.2495494E+03, 0.2480418E+03, 0.2480418E+03, 0.1369003E+03,
 0.5080000E+00, 0.2496365E+03, 0.2481237E+03, 0.2481237E+03, 0.1369510E+03,
 0.5100000E+00, 0.2497238E+03, 0.2482058E+03, 0.2482058E+03, 0.1370017E+03,
 0.5120000E+00, 0.2498114E+03, 0.2482881E+03, 0.2482881E+03, 0.1370526E+03,
 0.5140000E+00, 0.2498991E+03, 0.2483706E+03, 0.2483706E+03, 0.1371035E+03,
 0.5160000E+00, 0.2499871E+03, 0.2484533E+03, 0.2484533E+03, 0.1371546E+03,
 0.5180000E+00, 0.2500753E+03, 0.2485363E+03, 0.2485363E+03, 0.1372057E+03,
 0.5200000E+00, 0.2501637E+03, 0.2486194E+03, 0.2486194E+03, 0.1372569E+03,
 0.5220000E+00, 0.2502523E+03, 0.2487028E+03, 0.2487028E+03, 0.1373082E+03,
 0.5240000E+00, 0.2503411E+03, 0.2487863E+03, 0.2487863E+03, 0.1373596E+03,
 0.5260000E+00, 0.2504301E+03, 0.2488701E+03, 0.2488701E+03, 0.1374111E+03,
 0.5280000E+00, 0.2505193E+03, 0.2489540E+03, 0.2489540E+03, 0.1374626E+03,
 0.5300000E+00, 0.2506087E+03, 0.2490382E+03, 0.2490382E+03, 0.1375142E+03,
 0.5320000E+00, 0.2506983E+03, 0.2491225E+03, 0.2491225E+03, 0.1375659E+03,
 0.5340000E+00, 0.2507881E+03, 0.2492070E+03, 0.2492070E+03, 0.1376178E+03,
 0.5360000E+00, 0.2508781E+03, 0.2492917E+03, 0.2492917E+03, 0.1376696E+03,
 0.5380000E+00, 0.2509683E+03, 0.2493766E+03, 0.2493766E+03, 0.1377216E+03,
 0.5400000E+00, 0.2510586E+03, 0.2494617E+03, 0.2494617E+03, 0.1377736E+03,
 0.5420000E+00, 0.2511492E+03, 0.2495470E+03, 0.2495470E+03, 0.1378257E+03,
 0.5440000E+00, 0.2512399E+03, 0.2496324E+03, 0.2496324E+03, 0.1378779E+03,
 0.5460000E+00, 0.2513308E+03, 0.2497180E+03, 0.2497180E+03, 0.1379302E+03,
 0.5480000E+00, 0.2514219E+03, 0.2498038E+03, 0.2498038E+03, 0.1379826E+03,
 0.5500000E+00, 0.2515132E+03, 0.2498898E+03, 0.2498898E+03, 0.1380350E+03,
 0.5520000E+00, 0.2516046E+03, 0.2499760E+03, 0.2499760E+03, 0.1380875E+03,
 0.5540000E+00, 0.2516962E+03, 0.2500623E+03, 0.2500623E+03, 0.1381400E+03,
 0.5560000E+00, 0.2517880E+03, 0.2501487E+03, 0.2501487E+03, 0.1381927E+03,
 0.5580000E+00, 0.2518800E+03, 0.2502354E+03, 0.2502354E+03, 0.1382454E+03,
 0.5600000E+00, 0.2519721E+03, 0.2503222E+03, 0.2503222E+03, 0.1382982E+03,
 0.5620000E+00, 0.2520644E+03, 0.2504092E+03, 0.2504092E+03, 0.1383511E+03,
 0.5640000E+00, 0.2521568E+03, 0.2504963E+03, 0.2504963E+03, 0.1384040E+03,
 0.5660000E+00, 0.2522495E+03, 0.2505836E+03, 0.2505836E+03, 0.1384570E+03,
 0.5680000E+00, 0.2523422E+03, 0.2506711E+03, 0.2506711E+03, 0.1385101E+03,
 0.5700000E+00, 0.2524352E+03, 0.2507587E+03, 0.2507587E+03, 0.1385632E+03,
 0.5720000E+00, 0.2525283E+03, 0.2508465E+03, 0.2508465E+03, 0.1386164E+03,
 0.5740000E+00, 0.2526215E+03, 0.2509344E+03, 0.2509344E+03, 0.1386697E+03,
 0.5760000E+00, 0.2527149E+03, 0.2510224E+03, 0.2510224E+03, 0.1387230E+03,
 0.5780000E+00, 0.2528085E+03, 0.2511107E+03, 0.2511107E+03, 0.1387764E+03,
 0.5800000E+00, 0.2529022E+03, 0.2511990E+03, 0.2511990E+03, 0.1388298E+03,
 0.5820000E+00, 0.2529960E+03, 0.2512876E+03, 0.2512876E+03, 0.1388834E+03,
 0.5840000E+00, 0.2530900E+03, 0.2513762E+03, 0.2513762E+03, 0.1389370E+03,
 0.5860000E+00, 0.2531842E+03, 0.2514650E+03, 0.2514650E+03, 0.1389906E+03,
 0.5880000E+00, 0.2532784E+03, 0.2515540E+03, 0.2515540E+03, 0.1390443E+03,
 0.5900000E+00, 0.2533729E+03, 0.2516431E+03, 0.2516431E+03, 0.1390981E+03,
 0.5920000E+00, 0.2534675E+03, 0.2517323E+03, 0.2517323E+03, 0.1391519E+03,
 0.5940000E+00, 0.2535622E+03, 0.2518216E+03, 0.2518216E+03, 0.1392058E+03,
 0.5960000E+00, 0.2536570E+03, 0.2519111E+03, 0.2519111E+03, 0.1392598E+03,
 0.5980000E+00, 0.2537520E+03, 0.2520008E+03, 0.2520008E+03, 0.1393138E+03,
 0.6000000E+00, 0.2538471E+03, 0.2520905E+03, 0.2520905E+03, 0.1393679E+03,
 0.6020000E+00, 0.2539424E+03, 0.2521804E+03, 0.2521804E+03, 0.1394220E+03,
 0.6040000E+00, 0.2540378E+03, 0.2522705E+03, 0.2522705E+03, 0.1394762E+03,
 0.6060000E+00, 0.2541333E+03, 0.2523606E+03, 0.2523606E+03, 0.1395304E+03,
 0.6080000E+00, 0.2542290E+03, 0.2524509E+03, 0.2524509E+03, 0.1395847E+03,
 0.6100000E+00, 0.2543247E+03, 0.2525413E+03, 0.2525413E+03, 0.1396391E+03,
 0.6120000E+00, 0.2544206E+03, 0.2526319E+03, 0.2526319E+03, 0.1396935E+03,
 0.6140000E+00, 0.2545167E+03, 0.2527225E+03, 0.2527225E+03, 0.1397479E+03,
 0.6160000E+00, 0.2546128E+03, 0.2528133E+03, 0.2528133E+03, 0.1398024E+03,
 0.6180000E+00, 0.2547091E+03, 0.2529042E+03, 0.2529042E+03, 0.1398569E+03,
 0.6200000E+00, 0.2548055E+03, 0.2529952E+03, 0.2529952E+03, 0.1399116E+03,
 0.6220000E+00, 0.2549020E+03, 0.2530864E+03, 0.2530864E+03, 0.1399662E+03,
 0.6240000E+00, 0.2549987E+03, 0.2531776E+03, 0.2531776E+03, 0.1400209E+03,
 0.6260000E+00, 0.2550954E+03, 0.2532690E+03, 0.2532690E+03, 0.1400757E+03,
 0.6280000E+00, 0.2551923E+03, 0.2533605E+03, 0.2533605E+03, 0.1401305E+03,
 0.6300000E+00, 0.2552893E+03, 0.2534521E+03, 0.2534521E+03, 0.1401853E+03,
 0.6320000E+00, 0.2553864E+03, 0.2535438E+03, 0.2535438E+03, 0.1402402E+03,
 0.6340000E+00, 0.2554836E+03, 0.2536356E+03, 0.2536356E+03, 0.1402952E+03,
 0.6360000E+00, 0.2555809E+03, 0.2537276E+03, 0.2537276E+03, 0.1403501E+03,
 0.6380000E+00, 0.2556783E+03, 0.2538196E+03, 0.2538196E+03, 0.1404052E+03,
 0.6400000E+00, 0.2557759E+03, 0.2539117E+03, 0.2539117E+03, 0.1404603E+03,
 0.6420000E+00, 0.2558735E+03, 0.2540040E+03, 0.2540040E+03, 0.1405154E+03,
 0.6440000E+00, 0.2559713E+03, 0.2540964E+03, 0.2540964E+03, 0.1405705E+03,
 0.6460000E+00, 0.2560692E+03, 0.2541888E+03, 0.2541888E+03, 0.1406258E+03,
 0.6480000E+00, 0.2561671E+03, 0.2542814E+03, 0.2542814E+03, 0.1406810E+03,
 0.6500000E+00, 0.2562652E+03, 0.2543741E+03, 0.2543741E+03, 0.1407363E+03,
 0.6520000E+00, 0.2563633E+03, 0.2544668E+03, 0.2544668E+03, 0.1407916E+03,
 0.6540000E+00, 0.2564616E+03, 0.2545597E+03, 0.2545597E+03, 0.1408470E+03,
 0.6560000E+00, 0.2565600E+03, 0.2546526E+03, 0.2546526E+03, 0.1409024E+03,
 0.6580000E+00, 0.2566584E+03, 0.2547457E+03, 0.2547457E+03, 0.1409579E+03,
 0.6600000E+00, 0.2567570E+03, 0.2548389E+03, 0.2548389E+03, 0.1410134E+03,
 0.6620000E+00, 0.2568557E+03, 0.2549321E+03, 0.2549321E+03, 0.1410689E+03,
 0.6640000E+00, 0.2569544E+03, 0.2550255E+03, 0.2550255E+03, 0.1411245E+03,
 0.6660000E+00, 0.2570533E+03, 0.2551189E+03, 0.2551189E+03, 0.1411801E+03,
 0.6680000E+00, 0.2571523E+03, 0.2552124E+03, 0.2552124E+03, 0.1412357E+03,
 0.6700000E+00, 0.2572513E+03, 0.2553060E+03, 0.2553060E+03, 0.1412914E+03,
 0.6720000E+00, 0.2573504E+03, 0.2553997E+03, 0.2553997E+03, 0.1413471E+03,
 0.6740000E+00, 0.2574496E+03, 0.2554935E+03, 0.2554935E+03, 0.1414028E+03,
 0.6760000E+00, 0.2575489E+03, 0.2555874E+03, 0.2555874E+03, 0.1414586E+03,
 0.6780000E+00, 0.2576483E+03, 0.2556814E+03, 0.2556814E+03, 0.1415145E+03,
 0.6800000E+00, 0.2577478E+03, 0.2557755E+03, 0.2557755E+03, 0.1415703E+03,
 0.6820000E+00, 0.2578474E+03, 0.2558696E+03, 0.2558696E+03, 0.1416262E+03,
 0.6840000E+00, 0.2579470E+03, 0.2559638E+03, 0.2559638E+03, 0.1416821E+03,
 0.6860000E+00, 0.2580468E+03, 0.2560581E+03, 0.2560581E+03, 0.1417381E+03,
 0.6880000E+00, 0.2581466E+03, 0.2561525E+03, 0.2561525E+03, 0.1417940E+03,
 0.6900000E+00, 0.2582465E+03, 0.2562470E+03, 0.2562470E+03, 0.1418501E+03,
 0.6920000E+00, 0.2583464E+03, 0.2563415E+03, 0.2563415E+03, 0.1419061E+03,
 0.6940000E+00, 0.2584465E+03, 0.2564361E+03, 0.2564361E+03, 0.1419622E+03,
 0.6960000E+00, 0.2585466E+03, 0.2565309E+03, 0.2565309E+03, 0.1420183E+03,
 0.6980000E+00, 0.2586469E+03, 0.2566256E+03, 0.2566256E+03, 0.1420744E+03,
 0.7000000E+00, 0.2587471E+03, 0.2567205E+03, 0.2567205E+03, 0.1421306E+03,
 0.7020000E+00, 0.2588475E+03, 0.2568154E+03, 0.2568154E+03, 0.1421868E+03,
 0.7040000E+00, 0.2589480E+03, 0.2569104E+03, 0.2569104E+03, 0.1422430E+03,
 0.7060000E+00, 0.2590485E+03, 0.2570055E+03, 0.2570055E+03, 0.1422992E+03,
 0.7080000E+00, 0.2591490E+03, 0.2571006E+03, 0.2571006E+03, 0.1423555E+03,
 0.7100000E+00, 0.2592497E+03, 0.2571958E+03, 0.2571958E+03, 0.1424118E+03,
 0.7120000E+00, 0.2593505E+03, 0.2572911E+03, 0.2572911E+03, 0.1424681E+03,
 0.7140000E+00, 0.2594513E+03, 0.2573865E+03, 0.2573865E+03, 0.1425245E+03,
 0.7160000E+00, 0.2595521E+03, 0.2574819E+03, 0.2574819E+03, 0.1425808E+03,
 0.7180000E+00, 0.2596531E+03, 0.2575774E+03, 0.2575774E+03, 0.1426372E+03,
 0.7200000E+00, 0.2597541E+03, 0.2576730E+03, 0.2576730E+03, 0.1426937E+03,
 0.7220000E+00, 0.2598552E+03, 0.2577686E+03, 0.2577686E+03, 0.1427501E+03,
 0.7240000E+00, 0.2599563E+03, 0.2578643E+03, 0.2578643E+03, 0.1428066E+03,
 0.7260000E+00, 0.2600575E+03, 0.2579600E+03, 0.2579600E+03, 0.1428631E+03,
 0.7280000E+00, 0.2601588E+03, 0.2580558E+03, 0.2580558E+03, 0.1429196E+03,
 0.7300000E+00, 0.2602601E+03, 0.2581517E+03, 0.2581517E+03, 0.1429761E+03,
 0.7320000E+00, 0.2603615E+03, 0.2582477E+03, 0.2582477E+03, 0.1430327E+03,
 0.7340000E+00, 0.2604630E+03, 0.2583437E+03, 0.2583437E+03, 0.1430893E+03,
 0.7360000E+00, 0.2605645E+03, 0.2584397E+03, 0.2584397E+03, 0.1431459E+03,
 0.7380000E+00, 0.2606661E+03, 0.2585358E+03, 0.2585358E+03, 0.1432025E+03,
 0.7400000E+00, 0.2607677E+03, 0.2586320E+03, 0.2586320E+03, 0.1432591E+03,
 0.7420000E+00, 0.2608694E+03, 0.2587282E+03, 0.2587282E+03, 0.1433158E+03,
 0.7440000E+00, 0.2609712E+03, 0.2588246E+03, 0.2588246E+03, 0.1433725E+03,
 0.7460000E+00, 0.2610730E+03, 0.2589209E+03, 0.2589209E+03, 0.1434292E+03,
 0.7480000E+00, 0.2611749E+03, 0.2590173E+03, 0.2590173E+03, 0.1434859E+03,
 0.7500000E+00, 0.2612768E+03, 0.2591137E+03, 0.2591137E+03, 0.1435427E+03,
 0.7520000E+00, 0.2613788E+03, 0.2592103E+03, 0.2592103E+03, 0.1435994E+03,
 0.7540000E+00, 0.2614808E+03, 0.2593068E+03, 0.2593068E+03, 0.1436562E+03,
 0.7560000E+00, 0.2615829E+03, 0.2594034E+03, 0.2594034E+03, 0.1437130E+03,
 0.7580000E+00, 0.2616851E+03, 0.2595001E+03, 0.2595001E+03, 0.1437698E+03,
 0.7600000E+00, 0.2617873E+03, 0.2595968E+03, 0.2595968E+03, 0.1438266E+03,
 0.7620000E+00, 0.2618895E+03, 0.2596936E+03, 0.2596936E+03, 0.1438835E+03,
 0.7640000E+00, 0.2619918E+03, 0.2597904E+03, 0.2597904E+03, 0.1439403E+03,
 0.7660000E+00, 0.2620941E+03, 0.2598873E+03, 0.2598873E+03, 0.1439972E+03,
 0.7680000E+00, 0.2621965E+03, 0.2599842E+03, 0.2599842E+03, 0.1440541E+03,
 0.7700000E+00, 0.2622990E+03, 0.2600811E+03, 0.2600811E+03, 0.1441110E+03,
 0.7720000E+00, 0.2624015E+03, 0.2601781E+03, 0.2601781E+03, 0.1441679E+03,
 0.7740000E+00, 0.2625040E+03, 0.2602752E+03, 0.2602752E+03, 0.1442248E+03,
 0.7760000E+00, 0.2626066E+03, 0.2603723E+03, 0.2603723E+03, 0.1442818E+03,
 0.7780000E+00, 0.2627092E+03, 0.2604694E+03, 0.2604694E+03, 0.1443387E+03,
 0.7800000E+00, 0.2628119E+03, 0.2605666E+03, 0.2605666E+03, 0.1443957E+03,
 0.7820000E+00, 0.2629146E+03, 0.2606638E+03, 0.2606638E+03, 0.1444527E+03,
 0.7840000E+00, 0.2630173E+03, 0.2607610E+03, 0.2607610E+03, 0.1445097E+03,
 0.7860000E+00, 0.2631201E+03, 0.2608584E+03, 0.2608584E+03, 0.1445667E+03,
 0.7880000E+00, 0.2632230E+03, 0.2609557E+03, 0.2609557E+03, 0.1446237E+03,
 0.7900000E+00, 0.2633258E+03, 0.2610531E+03, 0.2610531E+03, 0.1446807E+03,
 0.7920000E+00, 0.2634287E+03, 0.2611505E+03, 0.2611505E+03, 0.1447378E+03,
 0.7940000E+00, 0.2635317E+03, 0.2612480E+03, 0.2612480E+03, 0.1447948E+03,
 0.7960000E+00, 0.2636347E+03, 0.2613455E+03, 0.2613455E+03, 0.1448519E+03,
 0.7980000E+00, 0.2637378E+03, 0.2614430E+03, 0.2614430E+03, 0.1449089E+03,
 0.8000000E+00, 0.2638408E+03, 0.2615406E+03, 0.2615406E+03, 0.1449660E+03,
 0.8020000E+00, 0.2639439E+03, 0.2616382E+03, 0.2616382E+03, 0.1450231E+03,
 0.8040000E+00, 0.2640471E+03, 0.2617358E+03, 0.2617358E+03, 0.1450802E+03,
 0.8060000E+00, 0.2641503E+03, 0.2618335E+03, 0.2618335E+03, 0.1451373E+03,
 0.8080000E+00, 0.2642535E+03, 0.2619312E+03, 0.2619312E+03, 0.1451944E+03,
 0.8100000E+00, 0.2643567E+03, 0.2620290E+03, 0.2620290E+03, 0.1452516E+03,
 0.8120000E+00, 0.2644600E+03, 0.2621267E+03, 0.2621267E+03, 0.1453087E+03,
 0.8140000E+00, 0.2645633E+03, 0.2622245E+03, 0.2622245E+03, 0.1453658E+03,
 0.8160000E+00, 0.2646667E+03, 0.2623224E+03, 0.2623224E+03, 0.1454230E+03,
 0.8180000E+00, 0.2647701E+03, 0.2624203E+03, 0.2624203E+03, 0.1454801E+03,
 0.8200000E+00, 0.2648735E+03, 0.2625182E+03, 0.2625182E+03, 0.1455373E+03,
 0.8220000E+00, 0.2649769E+03, 0.2626161E+03, 0.2626161E+03, 0.1455945E+03,
 0.8240000E+00, 0.2650804E+03, 0.2627140E+03, 0.2627140E+03, 0.1456516E+03,
 0.8260000E+00, 0.2651839E+03, 0.2628120E+03, 0.2628120E+03, 0.1457088E+03,
 0.8280000E+00, 0.2652874E+03, 0.2629100E+03, 0.2629100E+03, 0.1457660E+03,
 0.8300000E+00, 0.2653910E+03, 0.2630081E+03, 0.2630081E+03, 0.1458232E+03,
 0.8320000E+00, 0.2654946E+03, 0.2631061E+03, 0.2631061E+03, 0.1458804E+03,
 0.8340000E+00, 0.2655982E+03, 0.2632042E+03, 0.2632042E+03, 0.1459376E+03,
 0.8360000E+00, 0.2657018E+03, 0.2633023E+03, 0.2633023E+03, 0.1459948E+03,
 0.8380000E+00, 0.2658055E+03, 0.2634005E+03, 0.2634005E+03, 0.1460520E+03,
 0.8400000E+00, 0.2659092E+03, 0.2634987E+03, 0.2634987E+03, 0.1461092E+03,
 0.8420000E+00, 0.2660129E+03, 0.2635968E+03, 0.2635968E+03, 0.1461664E+03,
 0.8440000E+00, 0.2661167E+03, 0.2636951E+03, 0.2636951E+03, 0.1462236E+03,
 0.8460000E+00, 0.2662204E+03, 0.2637933E+03, 0.2637933E+03, 0.1462809E+03,
 0.8480000E+00, 0.2663242E+03, 0.2638915E+03, 0.2638915E+03, 0.1463381E+03,
 0.8500000E+00, 0.2664280E+03, 0.2639898E+03, 0.2639898E+03, 0.1463953E+03,
 0.8520000E+00, 0.2665319E+03, 0.2640881E+03, 0.2640881E+03, 0.1464526E+03,
 0.8540000E+00, 0.2666357E+03, 0.2641864E+03, 0.2641864E+03, 0.1465098E+03,
 0.8560000E+00, 0.2667396E+03, 0.2642848E+03, 0.2642848E+03, 0.1465670E+03,
 0.8580000E+00, 0.2668435E+03, 0.2643831E+03, 0.2643831E+03, 0.1466243E+03,
 0.8600000E+00, 0.2669474E+03, 0.2644815E+03, 0.2644815E+03, 0.1466815E+03,
 0.8620000E+00, 0.2670514E+03, 0.2645799E+03, 0.2645799E+03, 0.1467388E+03,
 0.8640000E+00, 0.2671553E+03, 0.2646783E+03, 0.2646783E+03, 0.1467960E+03,
 0.8660000E+00, 0.2672593E+03, 0.2647768E+03, 0.2647768E+03, 0.1468532E+03,
 0.8680000E+00, 0.2673633E+03, 0.2648752E+03, 0.2648752E+03, 0.1469105E+03,
 0.8700000E+00, 0.2674673E+03, 0.2649737E+03, 0.2649737E+03, 0.1469677E+03,
 0.8720000E+00, 0.2675713E+03, 0.2650721E+03, 0.2650721E+03, 0.1470250E+03,
 0.8740000E+00, 0.2676754E+03, 0.2651706E+03, 0.2651706E+03, 0.1470822E+03,
 0.8760000E+00, 0.2677794E+03, 0.2652691E+03, 0.2652691E+03, 0.1471395E+03,
 0.8780000E+00, 0.2678835E+03, 0.2653677E+03, 0.2653677E+03, 0.1471967E+03,
 0.8800000E+00, 0.2679876E+03, 0.2654662E+03, 0.2654662E+03, 0.1472540E+03,
 0.8820000E+00, 0.2680917E+03, 0.2655648E+03, 0.2655648E+03, 0.1473112E+03,
 0.8840000E+00, 0.2681958E+03, 0.2656633E+03, 0.2656633E+03, 0.1473684E+03,
 0.8860000E+00, 0.2682999E+03, 0.2657619E+03, 0.2657619E+03, 0.1474257E+03,
 0.8880000E+00, 0.2684041E+03, 0.2658605E+03, 0.2658605E+03, 0.1474829E+03,
 0.8900000E+00, 0.2685082E+03, 0.2659590E+03, 0.2659590E+03, 0.1475401E+03,
 0.8920000E+00, 0.2686124E+03, 0.2660577E+03, 0.2660577E+03, 0.1475974E+03,
 0.8940000E+00, 0.2687166E+03, 0.2661563E+03, 0.2661563E+03, 0.1476546E+03,
 0.8960000E+00, 0.2688208E+03, 0.2662549E+03, 0.2662549E+03, 0.1477118E+03,
 0.8980000E+00, 0.2689250E+03, 0.2663535E+03, 0.2663535E+03, 0.1477691E+03,
 0.9000000E+00, 0.2690292E+03, 0.2664522E+03, 0.2664522E+03, 0.1478263E+03,
 0.9020000E+00, 0.2691334E+03, 0.2665508E+03, 0.2665508E+03, 0.1478835E+03,
 0.9040000E+00, 0.2692376E+03, 0.2666495E+03, 0.2666495E+03, 0.1479407E+03,
 0.9060000E+00, 0.2693419E+03, 0.2667482E+03, 0.2667482E+03, 0.1479979E+03,
 0.9080000E+00, 0.2694461E+03, 0.2668468E+03, 0.2668468E+03, 0.1480551E+03,
 0.9100000E+00, 0.2695504E+03, 0.2669455E+03, 0.2669455E+03, 0.1481124E+03,
 0.9120000E+00, 0.2696546E+03, 0.2670442E+03, 0.2670442E+03, 0.1481696E+03,
 0.9140000E+00, 0.2697589E+03, 0.2671429E+03, 0.2671429E+03, 0.1482267E+03,
 0.9160000E+00, 0.2698632E+03, 0.2672416E+03, 0.2672416E+03, 0.1482839E+03,
 0.9180000E+00, 0.2699675E+03, 0.2673403E+03, 0.2673403E+03, 0.1483411E+03,
 0.9200000E+00, 0.2700717E+03, 0.2674390E+03, 0.2674390E+03, 0.1483983E+03,
 0.9220000E+00, 0.2701761E+03, 0.2675377E+03, 0.2675377E+03, 0.1484555E+03,
 0.9240000E+00, 0.2702804E+03, 0.2676364E+03, 0.2676364E+03, 0.1485127E+03,
 0.9260000E+00, 0.2703846E+03, 0.2677352E+03, 0.2677352E+03, 0.1485698E+03,
 0.9280000E+00, 0.2704890E+03, 0.2678339E+03, 0.2678339E+03, 0.1486270E+03,
 0.9300000E+00, 0.2705933E+03, 0.2679326E+03, 0.2679326E+03, 0.1486841E+03,
 0.9320000E+00, 0.2706976E+03, 0.2680313E+03, 0.2680313E+03, 0.1487413E+03,
 0.9340000E+00, 0.2708019E+03, 0.2681301E+03, 0.2681301E+03, 0.1487984E+03,
 0.9360000E+00, 0.2709062E+03, 0.2682288E+03, 0.2682288E+03, 0.1488556E+03,
 0.9380000E+00, 0.2710106E+03, 0.2683275E+03, 0.2683275E+03, 0.1489127E+03,
 0.9400000E+00, 0.2711149E+03, 0.2684262E+03, 0.2684262E+03, 0.1489698E+03,
 0.9420000E+00, 0.2712192E+03, 0.2685250E+03, 0.2685250E+03, 0.1490270E+03,
 0.9440000E+00, 0.2713235E+03, 0.2686237E+03, 0.2686237E+03, 0.1490841E+03,
 0.9460000E+00, 0.2714279E+03, 0.2687224E+03, 0.2687224E+03, 0.1491412E+03,
 0.9480000E+00, 0.2715322E+03, 0.2688212E+03, 0.2688212E+03, 0.1491983E+03,
 0.9500000E+00, 0.2716365E+03, 0.2689199E+03, 0.2689199E+03, 0.1492554E+03,
 0.9520000E+00, 0.2717408E+03, 0.2690186E+03, 0.2690186E+03, 0.1493124E+03,
 0.9540000E+00, 0.2718452E+03, 0.2691173E+03, 0.2691173E+03, 0.1493695E+03,
 0.9560000E+00, 0.2719495E+03, 0.2692161E+03, 0.2692161E+03, 0.1494266E+03,
 0.9580000E+00, 0.2720538E+03, 0.2693148E+03, 0.2693148E+03, 0.1494836E+03,
 0.9600000E+00, 0.2721581E+03, 0.2694135E+03, 0.2694135E+03, 0.1495407E+03,
 0.9620000E+00, 0.2722625E+03, 0.2695122E+03, 0.2695122E+03, 0.1495977E+03,
 0.9640000E+00, 0.2723668E+03, 0.2696109E+03, 0.2696109E+03, 0.1496548E+03,
 0.9660000E+00, 0.2724711E+03, 0.2697096E+03, 0.2697096E+03, 0.1497118E+03,
 0.9680000E+00, 0.2725754E+03, 0.2698083E+03, 0.2698083E+03, 0.1497688E+03,
 0.9700000E+00, 0.2726797E+03, 0.2699070E+03, 0.2699070E+03, 0.1498258E+03,
 0.9720000E+00, 0.2727840E+03, 0.2700057E+03, 0.2700057E+03, 0.1498828E+03,
 0.9740000E+00, 0.2728883E+03, 0.2701044E+03, 0.2701044E+03, 0.1499398E+03,
 0.9760000E+00, 0.2729926E+03, 0.2702031E+03, 0.2702031E+03, 0.1499968E+03,
 0.9780000E+00, 0.2730969E+03, 0.2703017E+03, 0.2703017E+03, 0.1500538E+03,
 0.9800000E+00, 0.2732012E+03, 0.2704004E+03, 0.2704004E+03, 0.1501107E+03,
 0.9820000E+00, 0.2733055E+03, 0.2704991E+03, 0.2704991E+03, 0.1501677E+03,
 0.9840000E+00, 0.2734098E+03, 0.2705977E+03, 0.2705977E+03, 0.1502246E+03,
 0.9860000E+00, 0.2735140E+03, 0.2706963E+03, 0.2706963E+03, 0.1502815E+03,
 0.9880000E+00, 0.2736183E+03, 0.2707950E+03, 0.2707950E+03, 0.1503385E+03,
 0.9900000E+00, 0.2737226E+03, 0.2708936E+03, 0.2708936E+03, 0.1503954E+03,
 0.9920000E+00, 0.2738268E+03, 0.2709922E+03, 0.2709922E+03, 0.1504523E+03,
 0.9940000E+00, 0.2739311E+03, 0.2710908E+03, 0.2710908E+03, 0.1505092E+03,
 0.9960000E+00, 0.2740353E+03, 0.2711894E+03, 0.2711894E+03, 0.1505660E+03,
 0.9980000E+00, 0.2741395E+03, 0.2712880E+03, 0.2712880E+03, 0.1506229E+03,
 0.1000000E+01, 0.2742437E+03, 0.2713866E+03, 0.2713866E+03, 0.1506797E+03,
 0.1002000E+01, 0.2743479E+03, 0.2714851E+03, 0.2714851E+03, 0.1507366E+03,
 0.1004000E+01, 0.2744521E+03, 0.2715837E+03, 0.2715837E+03, 0.1507934E+03,
 0.1006000E+01, 0.2745563E+03, 0.2716823E+03, 0.2716823E+03, 0.1508503E+03,
 0.1008000E+01, 0.2746605E+03, 0.2717808E+03, 0.2717808E+03, 0.1509071E+03,
 0.1010000E+01, 0.2747647E+03, 0.2718793E+03, 0.2718793E+03, 0.1509639E+03,
 0.1012000E+01, 0.2748689E+03, 0.2719778E+03, 0.2719778E+03, 0.1510206E+03,
 0.1014000E+01, 0.2749730E+03, 0.2720763E+03, 0.2720763E+03, 0.1510774E+03,
 0.1016000E+01, 0.2750771E+03, 0.2721748E+03, 0.2721748E+03, 0.1511342E+03,
 0.1018000E+01, 0.2751813E+03, 0.2722733E+03, 0.2722733E+03, 0.1511909E+03,
 0.1020000E+01, 0.2752854E+03, 0.2723718E+03, 0.2723718E+03, 0.1512477E+03,
 0.1022000E+01, 0.2753895E+03, 0.2724702E+03, 0.2724702E+03, 0.1513044E+03,
 0.1024000E+01, 0.2754936E+03, 0.2725687E+03, 0.2725687E+03, 0.1513611E+03,
 0.1026000E+01, 0.2755977E+03, 0.2726671E+03, 0.2726671E+03, 0.1514178E+03,
 0.1028000E+01, 0.2757018E+03, 0.2727655E+03, 0.2727655E+03, 0.1514745E+03,
 0.1030000E+01, 0.2758058E+03, 0.2728639E+03, 0.2728639E+03, 0.1515312E+03,
 0.1032000E+01, 0.2759099E+03, 0.2729623E+03, 0.2729623E+03, 0.1515878E+03,
 0.1034000E+01, 0.2760139E+03, 0.2730606E+03, 0.2730606E+03, 0.1516445E+03,
 0.1036000E+01, 0.2761180E+03, 0.2731590E+03, 0.2731590E+03, 0.1517011E+03,
 0.1038000E+01, 0.2762220E+03, 0.2732573E+03, 0.2732573E+03, 0.1517578E+03,
 0.1040000E+01, 0.2763259E+03, 0.2733557E+03, 0.2733557E+03, 0.1518144E+03,
 0.1042000E+01, 0.2764299E+03, 0.2734540E+03, 0.2734540E+03, 0.1518710E+03,
 0.1044000E+01, 0.2765339E+03, 0.2735522E+03, 0.2735522E+03, 0.1519275E+03,
 0.1046000E+01, 0.2766378E+03, 0.2736505E+03, 0.2736505E+03, 0.1519841E+03,
 0.1048000E+01, 0.2767418E+03, 0.2737488E+03, 0.2737488E+03, 0.1520407E+03,
 0.1050000E+01, 0.2768457E+03, 0.2738470E+03, 0.2738470E+03, 0.1520972E+03,
 0.1052000E+01, 0.2769496E+03, 0.2739453E+03, 0.2739453E+03, 0.1521537E+03,
 0.1054000E+01, 0.2770535E+03, 0.2740435E+03, 0.2740435E+03, 0.1522103E+03,
 0.1056000E+01, 0.2771574E+03, 0.2741417E+03, 0.2741417E+03, 0.1522667E+03,
 0.1058000E+01, 0.2772613E+03, 0.2742398E+03, 0.2742398E+03, 0.1523232E+03,
 0.1060000E+01, 0.2773651E+03, 0.2743380E+03, 0.2743380E+03, 0.1523797E+03,
 0.1062000E+01, 0.2774689E+03, 0.2744362E+03, 0.2744362E+03, 0.1524362E+03,
 0.1064000E+01, 0.2775728E+03, 0.2745343E+03, 0.2745343E+03, 0.1524926E+03,
 0.1066000E+01, 0.2776765E+03, 0.2746324E+03, 0.2746324E+03, 0.1525490E+03,
 0.1068000E+01, 0.2777803E+03, 0.2747305E+03, 0.2747305E+03, 0.1526054E+03,
 0.1070000E+01, 0.2778841E+03, 0.2748285E+03, 0.2748285E+03, 0.1526618E+03,
 0.1072000E+01, 0.2779879E+03, 0.2749266E+03, 0.2749266E+03, 0.1527182E+03,
 0.1074000E+01, 0.2780916E+03, 0.2750246E+03, 0.2750246E+03, 0.1527746E+03,
 0.1076000E+01, 0.2781953E+03, 0.2751226E+03, 0.2751226E+03, 0.1528309E+03,
 0.1078000E+01, 0.2782990E+03, 0.2752206E+03, 0.2752206E+03, 0.1528873E+03,
 0.1080000E+01, 0.2784026E+03, 0.2753186E+03, 0.2753186E+03, 0.1529436E+03,
 0.1082000E+01, 0.2785063E+03, 0.2754165E+03, 0.2754165E+03, 0.1529999E+03,
 0.1084000E+01, 0.2786100E+03, 0.2755145E+03, 0.2755145E+03, 0.1530562E+03,
 0.1086000E+01, 0.2787136E+03, 0.2756124E+03, 0.2756124E+03, 0.1531125E+03,
 0.1088000E+01, 0.2788172E+03, 0.2757103E+03, 0.2757103E+03, 0.1531687E+03,
 0.1090000E+01, 0.2789208E+03, 0.2758081E+03, 0.2758081E+03, 0.1532250E+03,
 0.1092000E+01, 0.2790243E+03, 0.2759060E+03, 0.2759060E+03, 0.1532812E+03,
 0.1094000E+01, 0.2791279E+03, 0.2760038E+03, 0.2760038E+03, 0.1533374E+03,
 0.1096000E+01, 0.2792314E+03, 0.2761016E+03, 0.2761016E+03, 0.1533936E+03,
 0.1098000E+01, 0.2793349E+03, 0.2761994E+03, 0.2761994E+03, 0.1534498E+03,
 0.1100000E+01, 0.2794384E+03, 0.2762971E+03, 0.2762971E+03, 0.1535060E+03,
 0.1102000E+01, 0.2795419E+03, 0.2763949E+03, 0.2763949E+03, 0.1535621E+03,
 0.1104000E+01, 0.2796453E+03, 0.2764926E+03, 0.2764926E+03, 0.1536183E+03,
 0.1106000E+01, 0.2797487E+03, 0.2765903E+03, 0.2765903E+03, 0.1536744E+03,
 0.1108000E+01, 0.2798521E+03, 0.2766880E+03, 0.2766880E+03, 0.1537305E+03,
 0.1110000E+01, 0.2799555E+03, 0.2767856E+03, 0.2767856E+03, 0.1537866E+03,
 0.1112000E+01, 0.2800589E+03, 0.2768833E+03, 0.2768833E+03, 0.1538426E+03,
 0.1114000E+01, 0.2801622E+03, 0.2769809E+03, 0.2769809E+03, 0.1538987E+03,
 0.1116000E+01, 0.2802656E+03, 0.2770785E+03, 0.2770785E+03, 0.1539547E+03,
 0.1118000E+01, 0.2803689E+03, 0.2771760E+03, 0.2771760E+03, 0.1540107E+03,
 0.1120000E+01, 0.2804721E+03, 0.2772736E+03, 0.2772736E+03, 0.1540667E+03,
 0.1122000E+01, 0.2805754E+03, 0.2773711E+03, 0.2773711E+03, 0.1541227E+03,
 0.1124000E+01, 0.2806786E+03, 0.2774685E+03, 0.2774685E+03, 0.1541787E+03,
 0.1126000E+01, 0.2807819E+03, 0.2775660E+03, 0.2775660E+03, 0.1542346E+03,
 0.1128000E+01, 0.2808850E+03, 0.2776635E+03, 0.2776635E+03, 0.1542906E+03,
 0.1130000E+01, 0.2809882E+03, 0.2777609E+03, 0.2777609E+03, 0.1543465E+03,
 0.1132000E+01, 0.2810914E+03, 0.2778583E+03, 0.2778583E+03, 0.1544024E+03,
 0.1134000E+01, 0.2811945E+03, 0.2779556E+03, 0.2779556E+03, 0.1544583E+03,
 0.1136000E+01, 0.2812976E+03, 0.2780530E+03, 0.2780530E+03, 0.1545142E+03,
 0.1138000E+01, 0.2814007E+03, 0.2781503E+03, 0.2781503E+03, 0.1545700E+03,
 0.1140000E+01, 0.2815037E+03, 0.2782476E+03, 0.2782476E+03, 0.1546258E+03,
 0.1142000E+01, 0.2816068E+03, 0.2783448E+03, 0.2783448E+03, 0.1546817E+03,
 0.1144000E+01, 0.2817098E+03, 0.2784421E+03, 0.2784421E+03, 0.1547375E+03,
 0.1146000E+01, 0.2818128E+03, 0.2785393E+03, 0.2785393E+03, 0.1547932E+03,
 0.1148000E+01, 0.2819157E+03, 0.2786365E+03, 0.2786365E+03, 0.1548490E+03,
 0.1150000E+01, 0.2820187E+03, 0.2787337E+03, 0.2787337E+03, 0.1549047E+03,
 0.1152000E+01, 0.2821216E+03, 0.2788308E+03, 0.2788308E+03, 0.1549605E+03,
 0.1154000E+01, 0.2822245E+03, 0.2789279E+03, 0.2789279E+03, 0.1550162E+03,
 0.1156000E+01, 0.2823273E+03, 0.2790250E+03, 0.2790250E+03, 0.1550719E+03,
 0.1158000E+01, 0.2824302E+03, 0.2791221E+03, 0.2791221E+03, 0.1551275E+03,
 0.1160000E+01, 0.2825330E+03, 0.2792191E+03, 0.2792191E+03, 0.1551832E+03,
 0.1162000E+01, 0.2826358E+03, 0.2793162E+03, 0.2793162E+03, 0.1552388E+03,
 0.1164000E+01, 0.2827386E+03, 0.2794131E+03, 0.2794131E+03, 0.1552945E+03,
 0.1166000E+01, 0.2828413E+03, 0.2795101E+03, 0.2795101E+03, 0.1553501E+03,
 0.1168000E+01, 0.2829441E+03, 0.2796070E+03, 0.2796070E+03, 0.1554057E+03,
 0.1170000E+01, 0.2830468E+03, 0.2797039E+03, 0.2797039E+03, 0.1554612E+03,
 0.1172000E+01, 0.2831494E+03, 0.2798008E+03, 0.2798008E+03, 0.1555168E+03,
 0.1174000E+01, 0.2832521E+03, 0.2798977E+03, 0.2798977E+03, 0.1555723E+03,
 0.1176000E+01, 0.2833547E+03, 0.2799945E+03, 0.2799945E+03, 0.1556278E+03,
 0.1178000E+01, 0.2834573E+03, 0.2800913E+03, 0.2800913E+03, 0.1556833E+03,
 0.1180000E+01, 0.2835599E+03, 0.2801880E+03, 0.2801880E+03, 0.1557388E+03,
 0.1182000E+01, 0.2836624E+03, 0.2802848E+03, 0.2802848E+03, 0.1557943E+03,
 0.1184000E+01, 0.2837650E+03, 0.2803815E+03, 0.2803815E+03, 0.1558497E+03,
 0.1186000E+01, 0.2838674E+03, 0.2804782E+03, 0.2804782E+03, 0.1559051E+03,
 0.1188000E+01, 0.2839699E+03, 0.2805749E+03, 0.2805749E+03, 0.1559605E+03,
 0.1190000E+01, 0.2840724E+03, 0.2806715E+03, 0.2806715E+03, 0.1560159E+03,
 0.1192000E+01, 0.2841748E+03, 0.2807681E+03, 0.2807681E+03, 0.1560713E+03,
 0.1194000E+01, 0.2842772E+03, 0.2808647E+03, 0.2808647E+03, 0.1561266E+03,
 0.1196000E+01, 0.2843795E+03, 0.2809612E+03, 0.2809612E+03, 0.1561820E+03,
 0.1198000E+01, 0.2844819E+03, 0.2810577E+03, 0.2810577E+03, 0.1562373E+03,
 0.1200000E+01, 0.2845842E+03, 0.2811542E+03, 0.2811542E+03, 0.1562926E+03,
 0.1202000E+01, 0.2846865E+03, 0.2812507E+03, 0.2812507E+03, 0.1563478E+03,
 0.1204000E+01, 0.2847888E+03, 0.2813471E+03, 0.2813471E+03, 0.1564031E+03,
 0.1206000E+01, 0.2848910E+03, 0.2814435E+03, 0.2814435E+03, 0.1564583E+03,
 0.1208000E+01, 0.2849932E+03, 0.2815399E+03, 0.2815399E+03, 0.1565135E+03,
 0.1210000E+01, 0.2850954E+03, 0.2816363E+03, 0.2816363E+03, 0.1565688E+03,
 0.1212000E+01, 0.2851975E+03, 0.2817326E+03, 0.2817326E+03, 0.1566239E+03,
 0.1214000E+01, 0.2852997E+03, 0.2818289E+03, 0.2818289E+03, 0.1566791E+03,
 0.1216000E+01, 0.2854018E+03, 0.2819251E+03, 0.2819251E+03, 0.1567342E+03,
 0.1218000E+01, 0.2855038E+03, 0.2820214E+03, 0.2820214E+03, 0.1567894E+03,
 0.1220000E+01, 0.2856059E+03, 0.2821176E+03, 0.2821176E+03, 0.1568445E+03,
 0.1222000E+01, 0.2857079E+03, 0.2822137E+03, 0.2822137E+03, 0.1568996E+03,
 0.1224000E+01, 0.2858099E+03, 0.2823099E+03, 0.2823099E+03, 0.1569546E+03,
 0.1226000E+01, 0.2859119E+03, 0.2824060E+03, 0.2824060E+03, 0.1570097E+03,
 0.1228000E+01, 0.2860138E+03, 0.2825021E+03, 0.2825021E+03, 0.1570647E+03,
 0.1230000E+01, 0.2861158E+03, 0.2825981E+03, 0.2825981E+03, 0.1571197E+03,
 0.1232000E+01, 0.2862176E+03, 0.2826942E+03, 0.2826942E+03, 0.1571747E+03,
 0.1234000E+01, 0.2863195E+03, 0.2827901E+03, 0.2827901E+03, 0.1572297E+03,
 0.1236000E+01, 0.2864213E+03, 0.2828861E+03, 0.2828861E+03, 0.1572847E+03,
 0.1238000E+01, 0.2865231E+03, 0.2829821E+03, 0.2829821E+03, 0.1573396E+03,
 0.1240000E+01, 0.2866249E+03, 0.2830779E+03, 0.2830779E+03, 0.1573945E+03,
 0.1242000E+01, 0.2867267E+03, 0.2831738E+03, 0.2831738E+03, 0.1574494E+03,
 0.1244000E+01, 0.2868284E+03, 0.2832697E+03, 0.2832697E+03, 0.1575043E+03,
 0.1246000E+01, 0.2869301E+03, 0.2833655E+03, 0.2833655E+03, 0.1575592E+03,
 0.1248000E+01, 0.2870317E+03, 0.2834613E+03, 0.2834613E+03, 0.1576140E+03,
 0.1250000E+01, 0.2871334E+03, 0.2835570E+03, 0.2835570E+03, 0.1576688E+03,
 0.1252000E+01, 0.2872350E+03, 0.2836527E+03, 0.2836527E+03, 0.1577236E+03,
 0.1254000E+01, 0.2873365E+03, 0.2837484E+03, 0.2837484E+03, 0.1577784E+03,
 0.1256000E+01, 0.2874381E+03, 0.2838441E+03, 0.2838441E+03, 0.1578332E+03,
 0.1258000E+01, 0.2875396E+03, 0.2839398E+03, 0.2839398E+03, 0.1578879E+03,
 0.1260000E+01, 0.2876411E+03, 0.2840353E+03, 0.2840353E+03, 0.1579426E+03,
 0.1262000E+01, 0.2877426E+03, 0.2841309E+03, 0.2841309E+03, 0.1579973E+03,
 0.1264000E+01, 0.2878441E+03, 0.2842265E+03, 0.2842265E+03, 0.1580520E+03,
 0.1266000E+01, 0.2879455E+03, 0.2843220E+03, 0.2843220E+03, 0.1581067E+03,
 0.1268000E+01, 0.2880468E+03, 0.2844174E+03, 0.2844174E+03, 0.1581614E+03,
 0.1270000E+01, 0.2881482E+03, 0.2845129E+03, 0.2845129E+03, 0.1582160E+03,
 0.1272000E+01, 0.2882495E+03, 0.2846083E+03, 0.2846083E+03, 0.1582706E+03,
 0.1274000E+01, 0.2883508E+03, 0.2847037E+03, 0.2847037E+03, 0.1583252E+03,
 0.1276000E+01, 0.2884521E+03, 0.2847991E+03, 0.2847991E+03, 0.1583798E+03,
 0.1278000E+01, 0.2885533E+03, 0.2848944E+03, 0.2848944E+03, 0.1584343E+03,
 0.1280000E+01, 0.2886545E+03, 0.2849897E+03, 0.2849897E+03, 0.1584889E+03,
 0.1282000E+01, 0.2887557E+03, 0.2850850E+03, 0.2850850E+03, 0.1585434E+03,
 0.1284000E+01, 0.2888569E+03, 0.2851802E+03, 0.2851802E+03, 0.1585979E+03,
 0.1286000E+01, 0.2889580E+03, 0.2852754E+03, 0.2852754E+03, 0.1586523E+03,
 0.1288000E+01, 0.2890591E+03, 0.2853706E+03, 0.2853706E+03, 0.1587068E+03,
 0.1290000E+01, 0.2891602E+03, 0.2854657E+03, 0.2854657E+03, 0.1587612E+03,
 0.1292000E+01, 0.2892612E+03, 0.2855608E+03, 0.2855608E+03, 0.1588157E+03,
 0.1294000E+01, 0.2893623E+03, 0.2856559E+03, 0.2856559E+03, 0.1588701E+03,
 0.1296000E+01, 0.2894633E+03, 0.2857509E+03, 0.2857509E+03, 0.1589245E+03,
 0.1298000E+01, 0.2895642E+03, 0.2858460E+03, 0.2858460E+03, 0.1589788E+03,
 0.1300000E+01, 0.2896651E+03, 0.2859409E+03, 0.2859409E+03, 0.1590332E+03,
 0.1302000E+01, 0.2897660E+03, 0.2860359E+03, 0.2860359E+03, 0.1590875E+03,
 0.1304000E+01, 0.2898669E+03, 0.2861308E+03, 0.2861308E+03, 0.1591418E+03,
 0.1306000E+01, 0.2899677E+03, 0.2862257E+03, 0.2862257E+03, 0.1591961E+03,
 0.1308000E+01, 0.2900686E+03, 0.2863206E+03, 0.2863206E+03, 0.1592503E+03,
 0.1310000E+01, 0.2901693E+03, 0.2864154E+03, 0.2864154E+03, 0.1593046E+03,
 0.1312000E+01, 0.2902701E+03, 0.2865102E+03, 0.2865102E+03, 0.1593588E+03,
 0.1314000E+01, 0.2903708E+03, 0.2866049E+03, 0.2866049E+03, 0.1594130E+03,
 0.1316000E+01, 0.2904715E+03, 0.2866997E+03, 0.2866997E+03, 0.1594672E+03,
 0.1318000E+01, 0.2905722E+03, 0.2867944E+03, 0.2867944E+03, 0.1595214E+03,
 0.1320000E+01, 0.2906728E+03, 0.2868891E+03, 0.2868891E+03, 0.1595755E+03,
 0.1322000E+01, 0.2907734E+03, 0.2869837E+03, 0.2869837E+03, 0.1596297E+03,
 0.1324000E+01, 0.2908740E+03, 0.2870783E+03, 0.2870783E+03, 0.1596838E+03,
 0.1326000E+01, 0.2909746E+03, 0.2871729E+03, 0.2871729E+03, 0.1597379E+03,
 0.1328000E+01, 0.2910751E+03, 0.2872675E+03, 0.2872675E+03, 0.1597919E+03,
 0.1330000E+01, 0.2911756E+03, 0.2873620E+03, 0.2873620E+03, 0.1598460E+03,
 0.1332000E+01, 0.2912761E+03, 0.2874565E+03, 0.2874565E+03, 0.1599000E+03,
 0.1334000E+01, 0.2913765E+03, 0.2875509E+03, 0.2875509E+03, 0.1599540E+03,
 0.1336000E+01, 0.2914769E+03, 0.2876453E+03, 0.2876453E+03, 0.1600080E+03,
 0.1338000E+01, 0.2915773E+03, 0.2877397E+03, 0.2877397E+03, 0.1600620E+03,
 0.1340000E+01, 0.2916776E+03, 0.2878340E+03, 0.2878340E+03, 0.1601160E+03,
 0.1342000E+01, 0.2917780E+03, 0.2879284E+03, 0.2879284E+03, 0.1601699E+03,
 0.1344000E+01, 0.2918783E+03, 0.2880227E+03, 0.2880227E+03, 0.1602238E+03,
 0.1346000E+01, 0.2919785E+03, 0.2881169E+03, 0.2881169E+03, 0.1602777E+03,
 0.1348000E+01, 0.2920788E+03, 0.2882112E+03, 0.2882112E+03, 0.1603316E+03,
 0.1350000E+01, 0.2921790E+03, 0.2883054E+03, 0.2883054E+03, 0.1603855E+03,
 0.1352000E+01, 0.2922791E+03, 0.2883995E+03, 0.2883995E+03, 0.1604393E+03,
 0.1354000E+01, 0.2923793E+03, 0.2884937E+03, 0.2884937E+03, 0.1604931E+03,
 0.1356000E+01, 0.2924794E+03, 0.2885878E+03, 0.2885878E+03, 0.1605470E+03,
 0.1358000E+01, 0.2925795E+03, 0.2886818E+03, 0.2886818E+03, 0.1606007E+03,
 0.1360000E+01, 0.2926796E+03, 0.2887759E+03, 0.2887759E+03, 0.1606545E+03,
 0.1362000E+01, 0.2927796E+03, 0.2888699E+03, 0.2888699E+03, 0.1607083E+03,
 0.1364000E+01, 0.2928796E+03, 0.2889639E+03, 0.2889639E+03, 0.1607620E+03,
 0.1366000E+01, 0.2929796E+03, 0.2890578E+03, 0.2890578E+03, 0.1608157E+03,
 0.1368000E+01, 0.2930796E+03, 0.2891517E+03, 0.2891517E+03, 0.1608694E+03,
 0.1370000E+01, 0.2931795E+03, 0.2892456E+03, 0.2892456E+03, 0.1609230E+03,
 0.1372000E+01, 0.2932794E+03, 0.2893394E+03, 0.2893394E+03, 0.1609767E+03,
 0.1374000E+01, 0.2933792E+03, 0.2894333E+03, 0.2894333E+03, 0.1610303E+03,
 0.1376000E+01, 0.2934791E+03, 0.2895270E+03, 0.2895270E+03, 0.1610840E+03,
 0.1378000E+01, 0.2935789E+03, 0.2896208E+03, 0.2896208E+03, 0.1611375E+03,
 0.1380000E+01, 0.2936786E+03, 0.2897145E+03, 0.2897145E+03, 0.1611911E+03,
 0.1382000E+01, 0.2937784E+03, 0.2898082E+03, 0.2898082E+03, 0.1612447E+03,
 0.1384000E+01, 0.2938781E+03, 0.2899019E+03, 0.2899019E+03, 0.1612982E+03,
 0.1386000E+01, 0.2939778E+03, 0.2899955E+03, 0.2899955E+03, 0.1613517E+03,
 0.1388000E+01, 0.2940775E+03, 0.2900891E+03, 0.2900891E+03, 0.1614052E+03,
 0.1390000E+01, 0.2941771E+03, 0.2901827E+03, 0.2901827E+03, 0.1614587E+03,
 0.1392000E+01, 0.2942767E+03, 0.2902762E+03, 0.2902762E+03, 0.1615122E+03,
 0.1394000E+01, 0.2943763E+03, 0.2903697E+03, 0.2903697E+03, 0.1615656E+03,
 0.1396000E+01, 0.2944758E+03, 0.2904632E+03, 0.2904632E+03, 0.1616191E+03,
 0.1398000E+01, 0.2945753E+03, 0.2905566E+03, 0.2905566E+03, 0.1616725E+03,
 0.1400000E+01, 0.2946748E+03, 0.2906501E+03, 0.2906501E+03, 0.1617259E+03,
 0.1402000E+01, 0.2947743E+03, 0.2907434E+03, 0.2907434E+03, 0.1617792E+03,
 0.1404000E+01, 0.2948737E+03, 0.2908368E+03, 0.2908368E+03, 0.1618326E+03,
 0.1406000E+01, 0.2949731E+03, 0.2909301E+03, 0.2909301E+03, 0.1618859E+03,
 0.1408000E+01, 0.2950725E+03, 0.2910234E+03, 0.2910234E+03, 0.1619392E+03,
 0.1410000E+01, 0.2951718E+03, 0.2911166E+03, 0.2911166E+03, 0.1619925E+03,
 0.1412000E+01, 0.2952712E+03, 0.2912098E+03, 0.2912098E+03, 0.1620458E+03,
 0.1414000E+01, 0.2953705E+03, 0.2913030E+03, 0.2913030E+03, 0.1620991E+03,
 0.1416000E+01, 0.2954697E+03, 0.2913962E+03, 0.2913962E+03, 0.1621523E+03,
 0.1418000E+01, 0.2955690E+03, 0.2914893E+03, 0.2914893E+03, 0.1622055E+03,
 0.1420000E+01, 0.2956682E+03, 0.2915824E+03, 0.2915824E+03, 0.1622587E+03,
 0.1422000E+01, 0.2957674E+03, 0.2916755E+03, 0.2916755E+03, 0.1623119E+03,
 0.1424000E+01, 0.2958665E+03, 0.2917685E+03, 0.2917685E+03, 0.1623651E+03,
 0.1426000E+01, 0.2959656E+03, 0.2918615E+03, 0.2918615E+03, 0.1624182E+03,
 0.1428000E+01, 0.2960647E+03, 0.2919545E+03, 0.2919545E+03, 0.1624714E+03,
 0.1430000E+01, 0.2961638E+03, 0.2920475E+03, 0.2920475E+03, 0.1625245E+03,
 0.1432000E+01, 0.2962628E+03, 0.2921404E+03, 0.2921404E+03, 0.1625776E+03,
 0.1434000E+01, 0.2963618E+03, 0.2922332E+03, 0.2922332E+03, 0.1626307E+03,
 0.1436000E+01, 0.2964608E+03, 0.2923261E+03, 0.2923261E+03, 0.1626837E+03,
 0.1438000E+01, 0.2965598E+03, 0.2924189E+03, 0.2924189E+03, 0.1627368E+03,
 0.1440000E+01, 0.2966587E+03, 0.2925117E+03, 0.2925117E+03, 0.1627898E+03,
 0.1442000E+01, 0.2967576E+03, 0.2926045E+03, 0.2926045E+03, 0.1628428E+03,
 0.1444000E+01, 0.2968565E+03, 0.2926972E+03, 0.2926972E+03, 0.1628958E+03,
 0.1446000E+01, 0.2969554E+03, 0.2927899E+03, 0.2927899E+03, 0.1629487E+03,
 0.1448000E+01, 0.2970542E+03, 0.2928825E+03, 0.2928825E+03, 0.1630017E+03,
 0.1450000E+01, 0.2971530E+03, 0.2929752E+03, 0.2929752E+03, 0.1630546E+03,
 0.1452000E+01, 0.2972517E+03, 0.2930678E+03, 0.2930678E+03, 0.1631075E+03,
 0.1454000E+01, 0.2973505E+03, 0.2931604E+03, 0.2931604E+03, 0.1631604E+03,
 0.1456000E+01, 0.2974492E+03, 0.2932529E+03, 0.2932529E+03, 0.1632133E+03,
 0.1458000E+01, 0.2975479E+03, 0.2933454E+03, 0.2933454E+03, 0.1632661E+03,
 0.1460000E+01, 0.2976465E+03, 0.2934379E+03, 0.2934379E+03, 0.1633190E+03,
 0.1462000E+01, 0.2977451E+03, 0.2935304E+03, 0.2935304E+03, 0.1633718E+03,
 0.1464000E+01, 0.2978438E+03, 0.2936228E+03, 0.2936228E+03, 0.1634246E+03,
 0.1466000E+01, 0.2979423E+03, 0.2937152E+03, 0.2937152E+03, 0.1634774E+03,
 0.1468000E+01, 0.2980409E+03, 0.2938075E+03, 0.2938075E+03, 0.1635302E+03,
 0.1470000E+01, 0.2981394E+03, 0.2938999E+03, 0.2938999E+03, 0.1635829E+03,
 0.1472000E+01, 0.2982379E+03, 0.2939922E+03, 0.2939922E+03, 0.1636356E+03,
 0.1474000E+01, 0.2983364E+03, 0.2940844E+03, 0.2940844E+03, 0.1636884E+03,
 0.1476000E+01, 0.2984348E+03, 0.2941767E+03, 0.2941767E+03, 0.1637411E+03,
 0.1478000E+01, 0.2985332E+03, 0.2942689E+03, 0.2942689E+03, 0.1637937E+03,
 0.1480000E+01, 0.2986316E+03, 0.2943611E+03, 0.2943611E+03, 0.1638464E+03,
 0.1482000E+01, 0.2987299E+03, 0.2944532E+03, 0.2944532E+03, 0.1638990E+03,
 0.1484000E+01, 0.2988283E+03, 0.2945453E+03, 0.2945453E+03, 0.1639517E+03,
 0.1486000E+01, 0.2989266E+03, 0.2946375E+03, 0.2946375E+03, 0.1640043E+03,
 0.1488000E+01, 0.2990249E+03, 0.2947295E+03, 0.2947295E+03, 0.1640569E+03,
 0.1490000E+01, 0.2991231E+03, 0.2948215E+03, 0.2948215E+03, 0.1641094E+03,
 0.1492000E+01, 0.2992214E+03, 0.2949135E+03, 0.2949135E+03, 0.1641620E+03,
 0.1494000E+01, 0.2993195E+03, 0.2950055E+03, 0.2950055E+03, 0.1642145E+03,
 0.1496000E+01, 0.2994177E+03, 0.2950974E+03, 0.2950974E+03, 0.1642670E+03,
 0.1498000E+01, 0.2995159E+03, 0.2951894E+03, 0.2951894E+03, 0.1643195E+03,
 0.1500000E+01, 0.2996140E+03, 0.2952812E+03, 0.2952812E+03, 0.1643720E+03,
 0.1500000E+01, 0.2996140E+03, 0.2952812E+03, 0.2952812E+03, 0.1643720E+03,
 0.1502000E+01, 0.2997121E+03, 0.2953731E+03, 0.2953731E+03, 0.1644245E+03,
 0.1504000E+01, 0.2998102E+03, 0.2954649E+03, 0.2954649E+03, 0.1644769E+03,
 0.1506000E+01, 0.2999082E+03, 0.2955567E+03, 0.2955567E+03, 0.1645294E+03,
 0.1508000E+01, 0.3000063E+03, 0.2956485E+03, 0.2956485E+03, 0.1645818E+03,
 0.1510000E+01, 0.3001042E+03, 0.2957402E+03, 0.2957402E+03, 0.1646342E+03,
 0.1512000E+01, 0.3002022E+03, 0.2958319E+03, 0.2958319E+03, 0.1646866E+03,
 0.1514000E+01, 0.3003001E+03, 0.2959236E+03, 0.2959236E+03, 0.1647389E+03,
 0.1516000E+01, 0.3003981E+03, 0.2960153E+03, 0.2960153E+03, 0.1647913E+03,
 0.1518000E+01, 0.3004960E+03, 0.2961069E+03, 0.2961069E+03, 0.1648436E+03,
 0.1520000E+01, 0.3005938E+03, 0.2961985E+03, 0.2961985E+03, 0.1648959E+03,
 0.1522000E+01, 0.3006917E+03, 0.2962900E+03, 0.2962900E+03, 0.1649482E+03,
 0.1524000E+01, 0.3007895E+03, 0.2963816E+03, 0.2963816E+03, 0.1650005E+03,
 0.1526000E+01, 0.3008873E+03, 0.2964731E+03, 0.2964731E+03, 0.1650527E+03,
 0.1528000E+01, 0.3009850E+03, 0.2965646E+03, 0.2965646E+03, 0.1651050E+03,
 0.1530000E+01, 0.3010828E+03, 0.2966560E+03, 0.2966560E+03, 0.1651572E+03,
 0.1532000E+01, 0.3011805E+03, 0.2967474E+03, 0.2967474E+03, 0.1652094E+03,
 0.1534000E+01, 0.3012782E+03, 0.2968388E+03, 0.2968388E+03, 0.1652616E+03,
 0.1536000E+01, 0.3013759E+03, 0.2969302E+03, 0.2969302E+03, 0.1653138E+03,
 0.1538000E+01, 0.3014735E+03, 0.2970215E+03, 0.2970215E+03, 0.1653660E+03,
 0.1540000E+01, 0.3015711E+03, 0.2971129E+03, 0.2971129E+03, 0.1654181E+03,
 0.1542000E+01, 0.3016687E+03, 0.2972041E+03, 0.2972041E+03, 0.1654702E+03,
 0.1544000E+01, 0.3017663E+03, 0.2972954E+03, 0.2972954E+03, 0.1655224E+03,
 0.1546000E+01, 0.3018638E+03, 0.2973866E+03, 0.2973866E+03, 0.1655745E+03,
 0.1548000E+01, 0.3019614E+03, 0.2974778E+03, 0.2974778E+03, 0.1656265E+03,
 0.1550000E+01, 0.3020588E+03, 0.2975690E+03, 0.2975690E+03, 0.1656786E+03,
 0.1552000E+01, 0.3021563E+03, 0.2976601E+03, 0.2976601E+03, 0.1657307E+03,
 0.1554000E+01, 0.3022538E+03, 0.2977512E+03, 0.2977512E+03, 0.1657827E+03,
 0.1556000E+01, 0.3023512E+03, 0.2978423E+03, 0.2978423E+03, 0.1658347E+03,
 0.1558000E+01, 0.3024486E+03, 0.2979333E+03, 0.2979333E+03, 0.1658867E+03,
 0.1560000E+01, 0.3025460E+03, 0.2980244E+03, 0.2980244E+03, 0.1659387E+03,
 0.1562000E+01, 0.3026433E+03, 0.2981154E+03, 0.2981154E+03, 0.1659906E+03,
 0.1564000E+01, 0.3027407E+03, 0.2982064E+03, 0.2982064E+03, 0.1660426E+03,
 0.1566000E+01, 0.3028380E+03, 0.2982973E+03, 0.2982973E+03, 0.1660945E+03,
 0.1568000E+01, 0.3029352E+03, 0.2983882E+03, 0.2983882E+03, 0.1661465E+03,
 0.1570000E+01, 0.3030325E+03, 0.2984791E+03, 0.2984791E+03, 0.1661984E+03,
 0.1572000E+01, 0.3031297E+03, 0.2985700E+03, 0.2985700E+03, 0.1662502E+03,
 0.1574000E+01, 0.3032270E+03, 0.2986608E+03, 0.2986608E+03, 0.1663021E+03,
 0.1576000E+01, 0.3033241E+03, 0.2987516E+03, 0.2987516E+03, 0.1663540E+03,
 0.1578000E+01, 0.3034213E+03, 0.2988424E+03, 0.2988424E+03, 0.1664058E+03,
 0.1580000E+01, 0.3035184E+03, 0.2989332E+03, 0.2989332E+03, 0.1664576E+03,
 0.1582000E+01, 0.3036156E+03, 0.2990239E+03, 0.2990239E+03, 0.1665095E+03,
 0.1584000E+01, 0.3037126E+03, 0.2991146E+03, 0.2991146E+03, 0.1665612E+03,
 0.1586000E+01, 0.3038097E+03, 0.2992053E+03, 0.2992053E+03, 0.1666130E+03,
 0.1588000E+01, 0.3039068E+03, 0.2992960E+03, 0.2992960E+03, 0.1666648E+03,
 0.1590000E+01, 0.3040038E+03, 0.2993866E+03, 0.2993866E+03, 0.1667165E+03,
 0.1592000E+01, 0.3041008E+03, 0.2994772E+03, 0.2994772E+03, 0.1667683E+03,
 0.1594000E+01, 0.3041978E+03, 0.2995677E+03, 0.2995677E+03, 0.1668200E+03,
 0.1596000E+01, 0.3042948E+03, 0.2996583E+03, 0.2996583E+03, 0.1668717E+03,
 0.1598000E+01, 0.3043917E+03, 0.2997488E+03, 0.2997488E+03, 0.1669234E+03,
 0.1600000E+01, 0.3044886E+03, 0.2998393E+03, 0.2998393E+03, 0.1669751E+03,
 0.1602000E+01, 0.3045855E+03, 0.2999298E+03, 0.2999298E+03, 0.1670267E+03,
 0.1604000E+01, 0.3046824E+03, 0.3000202E+03, 0.3000202E+03, 0.1670784E+03,
 0.1606000E+01, 0.3047792E+03, 0.3001106E+03, 0.3001106E+03, 0.1671300E+03,
 0.1608000E+01, 0.3048761E+03, 0.3002010E+03, 0.3002010E+03, 0.1671816E+03,
 0.1610000E+01, 0.3049729E+03, 0.3002914E+03, 0.3002914E+03, 0.1672332E+03,
 0.1612000E+01, 0.3050697E+03, 0.3003817E+03, 0.3003817E+03, 0.1672848E+03,
 0.1614000E+01, 0.3051664E+03, 0.3004720E+03, 0.3004720E+03, 0.1673364E+03,
 0.1616000E+01, 0.3052632E+03, 0.3005623E+03, 0.3005623E+03, 0.1673879E+03,
 0.1618000E+01, 0.3053599E+03, 0.3006526E+03, 0.3006526E+03, 0.1674395E+03,
 0.1620000E+01, 0.3054566E+03, 0.3007428E+03, 0.3007428E+03, 0.1674910E+03,
 0.1622000E+01, 0.3055533E+03, 0.3008330E+03, 0.3008330E+03, 0.1675425E+03,
 0.1624000E+01, 0.3056499E+03, 0.3009232E+03, 0.3009232E+03, 0.1675940E+03,
 0.1626000E+01, 0.3057466E+03, 0.3010134E+03, 0.3010134E+03, 0.1676455E+03,
 0.1628000E+01, 0.3058432E+03, 0.3011035E+03, 0.3011035E+03, 0.1676970E+03,
 0.1630000E+01, 0.3059398E+03, 0.3011937E+03, 0.3011937E+03, 0.1677484E+03,
 0.1632000E+01, 0.3060364E+03, 0.3012838E+03, 0.3012838E+03, 0.1677999E+03,
 0.1634000E+01, 0.3061329E+03, 0.3013738E+03, 0.3013738E+03, 0.1678513E+03,
 0.1636000E+01, 0.3062295E+03, 0.3014638E+03, 0.3014638E+03, 0.1679027E+03,
 0.1638000E+01, 0.3063260E+03, 0.3015539E+03, 0.3015539E+03, 0.1679541E+03,
 0.1640000E+01, 0.3064225E+03, 0.3016439E+03, 0.3016439E+03, 0.1680055E+03,
 0.1642000E+01, 0.3065190E+03, 0.3017338E+03, 0.3017338E+03, 0.1680569E+03,
 0.1644000E+01, 0.3066154E+03, 0.3018238E+03, 0.3018238E+03, 0.1681082E+03,
 0.1646000E+01, 0.3067119E+03, 0.3019137E+03, 0.3019137E+03, 0.1681596E+03,
 0.1648000E+01, 0.3068083E+03, 0.3020036E+03, 0.3020036E+03, 0.1682109E+03,
 0.1650000E+01, 0.3069047E+03, 0.3020934E+03, 0.3020934E+03, 0.1682622E+03,
 0.1652000E+01, 0.3070011E+03, 0.3021833E+03, 0.3021833E+03, 0.1683135E+03,
 0.1654000E+01, 0.3070974E+03, 0.3022731E+03, 0.3022731E+03, 0.1683648E+03,
 0.1656000E+01, 0.3071938E+03, 0.3023629E+03, 0.3023629E+03, 0.1684161E+03,
 0.1658000E+01, 0.3072901E+03, 0.3024527E+03, 0.3024527E+03, 0.1684674E+03,
 0.1660000E+01, 0.3073864E+03, 0.3025425E+03, 0.3025425E+03, 0.1685186E+03,
 0.1662000E+01, 0.3074827E+03, 0.3026322E+03, 0.3026322E+03, 0.1685699E+03,
 0.1664000E+01, 0.3075789E+03, 0.3027219E+03, 0.3027219E+03, 0.1686211E+03,
 0.1666000E+01, 0.3076752E+03, 0.3028116E+03, 0.3028116E+03, 0.1686723E+03,
 0.1668000E+01, 0.3077714E+03, 0.3029012E+03, 0.3029012E+03, 0.1687235E+03,
 0.1670000E+01, 0.3078676E+03, 0.3029909E+03, 0.3029909E+03, 0.1687747E+03,
 0.1672000E+01, 0.3079638E+03, 0.3030805E+03, 0.3030805E+03, 0.1688259E+03,
 0.1674000E+01, 0.3080600E+03, 0.3031701E+03, 0.3031701E+03, 0.1688770E+03,
 0.1676000E+01, 0.3081561E+03, 0.3032597E+03, 0.3032597E+03, 0.1689282E+03,
 0.1678000E+01, 0.3082522E+03, 0.3033492E+03, 0.3033492E+03, 0.1689793E+03,
 0.1680000E+01, 0.3083484E+03, 0.3034388E+03, 0.3034388E+03, 0.1690304E+03,
 0.1682000E+01, 0.3084445E+03, 0.3035283E+03, 0.3035283E+03, 0.1690815E+03,
 0.1684000E+01, 0.3085405E+03, 0.3036177E+03, 0.3036177E+03, 0.1691326E+03,
 0.1686000E+01, 0.3086366E+03, 0.3037072E+03, 0.3037072E+03, 0.1691837E+03,
 0.1688000E+01, 0.3087326E+03, 0.3037966E+03, 0.3037966E+03, 0.1692348E+03,
 0.1690000E+01, 0.3088287E+03, 0.3038860E+03, 0.3038860E+03, 0.1692859E+03,
 0.1692000E+01, 0.3089247E+03, 0.3039754E+03, 0.3039754E+03, 0.1693369E+03,
 0.1694000E+01, 0.3090207E+03, 0.3040648E+03, 0.3040648E+03, 0.1693880E+03,
 0.1696000E+01, 0.3091167E+03, 0.3041542E+03, 0.3041542E+03, 0.1694390E+03,
 0.1698000E+01, 0.3092126E+03, 0.3042435E+03, 0.3042435E+03, 0.1694900E+03,
 0.1700000E+01, 0.3093086E+03, 0.3043328E+03, 0.3043328E+03, 0.1695410E+03,
 0.1702000E+01, 0.3094045E+03, 0.3044221E+03, 0.3044221E+03, 0.1695920E+03,
 0.1704000E+01, 0.3095004E+03, 0.3045114E+03, 0.3045114E+03, 0.1696429E+03,
 0.1706000E+01, 0.3095963E+03, 0.3046006E+03, 0.3046006E+03, 0.1696939E+03,
 0.1708000E+01, 0.3096922E+03, 0.3046898E+03, 0.3046898E+03, 0.1697449E+03,
 0.1710000E+01, 0.3097880E+03, 0.3047791E+03, 0.3047791E+03, 0.1697958E+03,
 0.1712000E+01, 0.3098839E+03, 0.3048682E+03, 0.3048682E+03, 0.1698467E+03,
 0.1714000E+01, 0.3099797E+03, 0.3049574E+03, 0.3049574E+03, 0.1698977E+03,
 0.1716000E+01, 0.3100755E+03, 0.3050465E+03, 0.3050465E+03, 0.1699486E+03,
 0.1718000E+01, 0.3101713E+03, 0.3051357E+03, 0.3051357E+03, 0.1699995E+03,
 0.1720000E+01, 0.3102671E+03, 0.3052247E+03, 0.3052247E+03, 0.1700503E+03,
 0.1722000E+01, 0.3103629E+03, 0.3053138E+03, 0.3053138E+03, 0.1701012E+03,
 0.1724000E+01, 0.3104586E+03, 0.3054029E+03, 0.3054029E+03, 0.1701521E+03,
 0.1726000E+01, 0.3105543E+03, 0.3054919E+03, 0.3054919E+03, 0.1702029E+03,
 0.1728000E+01, 0.3106501E+03, 0.3055810E+03, 0.3055810E+03, 0.1702538E+03,
 0.1730000E+01, 0.3107458E+03, 0.3056700E+03, 0.3056700E+03, 0.1703046E+03,
 0.1732000E+01, 0.3108414E+03, 0.3057589E+03, 0.3057589E+03, 0.1703554E+03,
 0.1734000E+01, 0.3109371E+03, 0.3058479E+03, 0.3058479E+03, 0.1704062E+03,
 0.1736000E+01, 0.3110328E+03, 0.3059368E+03, 0.3059368E+03, 0.1704570E+03,
 0.1738000E+01, 0.3111284E+03, 0.3060258E+03, 0.3060258E+03, 0.1705078E+03,
 0.1740000E+01, 0.3112240E+03, 0.3061147E+03, 0.3061147E+03, 0.1705586E+03,
 0.1742000E+01, 0.3113196E+03, 0.3062036E+03, 0.3062036E+03, 0.1706093E+03,
 0.1744000E+01, 0.3114153E+03, 0.3062924E+03, 0.3062924E+03, 0.1706601E+03,
 0.1746000E+01, 0.3115108E+03, 0.3063813E+03, 0.3063813E+03, 0.1707108E+03,
 0.1748000E+01, 0.3116064E+03, 0.3064701E+03, 0.3064701E+03, 0.1707616E+03,
 0.1750000E+01, 0.3117020E+03, 0.3065589E+03, 0.3065589E+03, 0.1708123E+03,
 0.1752000E+01, 0.3117975E+03, 0.3066477E+03, 0.3066477E+03, 0.1708630E+03,
 0.1754000E+01, 0.3118930E+03, 0.3067365E+03, 0.3067365E+03, 0.1709137E+03,
 0.1756000E+01, 0.3119886E+03, 0.3068252E+03, 0.3068252E+03, 0.1709644E+03,
 0.1758000E+01, 0.3120841E+03, 0.3069139E+03, 0.3069139E+03, 0.1710150E+03,
 0.1760000E+01, 0.3121796E+03, 0.3070027E+03, 0.3070027E+03, 0.1710657E+03,
 0.1762000E+01, 0.3122750E+03, 0.3070914E+03, 0.3070914E+03, 0.1711164E+03,
 0.1764000E+01, 0.3123705E+03, 0.3071801E+03, 0.3071801E+03, 0.1711670E+03,
 0.1766000E+01, 0.3124659E+03, 0.3072687E+03, 0.3072687E+03, 0.1712177E+03,
 0.1768000E+01, 0.3125614E+03, 0.3073574E+03, 0.3073574E+03, 0.1712683E+03,
 0.1770000E+01, 0.3126568E+03, 0.3074460E+03, 0.3074460E+03, 0.1713189E+03,
 0.1772000E+01, 0.3127522E+03, 0.3075346E+03, 0.3075346E+03, 0.1713695E+03,
 0.1774000E+01, 0.3128476E+03, 0.3076232E+03, 0.3076232E+03, 0.1714201E+03,
 0.1776000E+01, 0.3129430E+03, 0.3077118E+03, 0.3077118E+03, 0.1714707E+03,
 0.1778000E+01, 0.3130384E+03, 0.3078003E+03, 0.3078003E+03, 0.1715213E+03,
 0.1780000E+01, 0.3131338E+03, 0.3078889E+03, 0.3078889E+03, 0.1715719E+03,
 0.1782000E+01, 0.3132291E+03, 0.3079774E+03, 0.3079774E+03, 0.1716224E+03,
 0.1784000E+01, 0.3133245E+03, 0.3080659E+03, 0.3080659E+03, 0.1716730E+03,
 0.1786000E+01, 0.3134198E+03, 0.3081544E+03, 0.3081544E+03, 0.1717235E+03,
 0.1788000E+01, 0.3135151E+03, 0.3082429E+03, 0.3082429E+03, 0.1717740E+03,
 0.1790000E+01, 0.3136104E+03, 0.3083313E+03, 0.3083313E+03, 0.1718246E+03,
 0.1792000E+01, 0.3137057E+03, 0.3084197E+03, 0.3084197E+03, 0.1718751E+03,
 0.1794000E+01, 0.3138010E+03, 0.3085082E+03, 0.3085082E+03, 0.1719256E+03,
 0.1796000E+01, 0.3138963E+03, 0.3085966E+03, 0.3085966E+03, 0.1719761E+03,
 0.1798000E+01, 0.3139915E+03, 0.3086850E+03, 0.3086850E+03, 0.1720266E+03,
 0.1800000E+01, 0.3140868E+03, 0.3087733E+03, 0.3087733E+03, 0.1720771E+03,
 0.1802000E+01, 0.3141820E+03, 0.3088617E+03, 0.3088617E+03, 0.1721275E+03,
 0.1804000E+01, 0.3142773E+03, 0.3089501E+03, 0.3089501E+03, 0.1721780E+03,
 0.1806000E+01, 0.3143725E+03, 0.3090384E+03, 0.3090384E+03, 0.1722285E+03,
 0.1808000E+01, 0.3144677E+03, 0.3091267E+03, 0.3091267E+03, 0.1722789E+03,
 0.1810000E+01, 0.3145629E+03, 0.3092150E+03, 0.3092150E+03, 0.1723293E+03,
 0.1812000E+01, 0.3146581E+03, 0.3093033E+03, 0.3093033E+03, 0.1723798E+03,
 0.1814000E+01, 0.3147532E+03, 0.3093916E+03, 0.3093916E+03, 0.1724302E+03,
 0.1816000E+01, 0.3148484E+03, 0.3094798E+03, 0.3094798E+03, 0.1724806E+03,
 0.1818000E+01, 0.3149436E+03, 0.3095681E+03, 0.3095681E+03, 0.1725310E+03,
 0.1820000E+01, 0.3150387E+03, 0.3096563E+03, 0.3096563E+03, 0.1725814E+03,
 0.1822000E+01, 0.3151339E+03, 0.3097445E+03, 0.3097445E+03, 0.1726318E+03,
 0.1824000E+01, 0.3152290E+03, 0.3098327E+03, 0.3098327E+03, 0.1726822E+03,
 0.1826000E+01, 0.3153241E+03, 0.3099209E+03, 0.3099209E+03, 0.1727325E+03,
 0.1828000E+01, 0.3154192E+03, 0.3100090E+03, 0.3100090E+03, 0.1727829E+03,
 0.1830000E+01, 0.3155143E+03, 0.3100972E+03, 0.3100972E+03, 0.1728333E+03,
 0.1832000E+01, 0.3156094E+03, 0.3101853E+03, 0.3101853E+03, 0.1728836E+03,
 0.1834000E+01, 0.3157045E+03, 0.3102734E+03, 0.3102734E+03, 0.1729339E+03,
 0.1836000E+01, 0.3157996E+03, 0.3103616E+03, 0.3103616E+03, 0.1729843E+03,
 0.1838000E+01, 0.3158947E+03, 0.3104496E+03, 0.3104496E+03, 0.1730346E+03,
 0.1840000E+01, 0.3159897E+03, 0.3105378E+03, 0.3105378E+03, 0.1730849E+03,
 0.1842000E+01, 0.3160848E+03, 0.3106258E+03, 0.3106258E+03, 0.1731352E+03,
 0.1844000E+01, 0.3161798E+03, 0.3107139E+03, 0.3107139E+03, 0.1731855E+03,
 0.1846000E+01, 0.3162749E+03, 0.3108019E+03, 0.3108019E+03, 0.1732358E+03,
 0.1848000E+01, 0.3163699E+03, 0.3108900E+03, 0.3108900E+03, 0.1732861E+03,
 0.1850000E+01, 0.3164649E+03, 0.3109780E+03, 0.3109780E+03, 0.1733364E+03,
 0.1852000E+01, 0.3165599E+03, 0.3110660E+03, 0.3110660E+03, 0.1733867E+03,
 0.1854000E+01, 0.3166549E+03, 0.3111540E+03, 0.3111540E+03, 0.1734369E+03,
 0.1856000E+01, 0.3167500E+03, 0.3112419E+03, 0.3112419E+03, 0.1734872E+03,
 0.1858000E+01, 0.3168449E+03, 0.3113299E+03, 0.3113299E+03, 0.1735374E+03,
 0.1860000E+01, 0.3169399E+03, 0.3114178E+03, 0.3114178E+03, 0.1735877E+03,
 0.1862000E+01, 0.3170349E+03, 0.3115058E+03, 0.3115058E+03, 0.1736379E+03,
 0.1864000E+01, 0.3171299E+03, 0.3115937E+03, 0.3115937E+03, 0.1736882E+03,
 0.1866000E+01, 0.3172249E+03, 0.3116816E+03, 0.3116816E+03, 0.1737384E+03,
 0.1868000E+01, 0.3173198E+03, 0.3117696E+03, 0.3117696E+03, 0.1737886E+03,
 0.1870000E+01, 0.3174148E+03, 0.3118575E+03, 0.3118575E+03, 0.1738388E+03,
 0.1872000E+01, 0.3175097E+03, 0.3119453E+03, 0.3119453E+03, 0.1738890E+03,
 0.1874000E+01, 0.3176047E+03, 0.3120332E+03, 0.3120332E+03, 0.1739392E+03,
 0.1876000E+01, 0.3176996E+03, 0.3121211E+03, 0.3121211E+03, 0.1739894E+03,
 0.1878000E+01, 0.3177946E+03, 0.3122089E+03, 0.3122089E+03, 0.1740396E+03,
 0.1880000E+01, 0.3178895E+03, 0.3122968E+03, 0.3122968E+03, 0.1740898E+03,
 0.1882000E+01, 0.3179844E+03, 0.3123846E+03, 0.3123846E+03, 0.1741400E+03,
 0.1884000E+01, 0.3180793E+03, 0.3124724E+03, 0.3124724E+03, 0.1741902E+03,
 0.1886000E+01, 0.3181743E+03, 0.3125602E+03, 0.3125602E+03, 0.1742403E+03,
 0.1888000E+01, 0.3182692E+03, 0.3126480E+03, 0.3126480E+03, 0.1742905E+03,
 0.1890000E+01, 0.3183640E+03, 0.3127358E+03, 0.3127358E+03, 0.1743406E+03,
 0.1892000E+01, 0.3184590E+03, 0.3128235E+03, 0.3128235E+03, 0.1743908E+03,
 0.1894000E+01, 0.3185539E+03, 0.3129113E+03, 0.3129113E+03, 0.1744409E+03,
 0.1896000E+01, 0.3186487E+03, 0.3129991E+03, 0.3129991E+03, 0.1744911E+03,
 0.1898000E+01, 0.3187436E+03, 0.3130868E+03, 0.3130868E+03, 0.1745412E+03,
 0.1900000E+01, 0.3188385E+03, 0.3131745E+03, 0.3131745E+03, 0.1745913E+03,
 0.1902000E+01, 0.3189334E+03, 0.3132623E+03, 0.3132623E+03, 0.1746414E+03,
 0.1904000E+01, 0.3190283E+03, 0.3133500E+03, 0.3133500E+03, 0.1746916E+03,
 0.1906000E+01, 0.3191231E+03, 0.3134377E+03, 0.3134377E+03, 0.1747417E+03,
 0.1908000E+01, 0.3192180E+03, 0.3135254E+03, 0.3135254E+03, 0.1747918E+03,
 0.1910000E+01, 0.3193129E+03, 0.3136131E+03, 0.3136131E+03, 0.1748419E+03,
 0.1912000E+01, 0.3194077E+03, 0.3137007E+03, 0.3137007E+03, 0.1748920E+03,
 0.1914000E+01, 0.3195026E+03, 0.3137884E+03, 0.3137884E+03, 0.1749421E+03,
 0.1916000E+01, 0.3195974E+03, 0.3138761E+03, 0.3138761E+03, 0.1749921E+03,
 0.1918000E+01, 0.3196923E+03, 0.3139637E+03, 0.3139637E+03, 0.1750422E+03,
 0.1920000E+01, 0.3197872E+03, 0.3140514E+03, 0.3140514E+03, 0.1750923E+03,
 0.1922000E+01, 0.3198820E+03, 0.3141390E+03, 0.3141390E+03, 0.1751424E+03,
 0.1924000E+01, 0.3199768E+03, 0.3142266E+03, 0.3142266E+03, 0.1751924E+03,
 0.1926000E+01, 0.3200717E+03, 0.3143142E+03, 0.3143142E+03, 0.1752425E+03,
 0.1928000E+01, 0.3201665E+03, 0.3144018E+03, 0.3144018E+03, 0.1752926E+03,
 0.1930000E+01, 0.3202614E+03, 0.3144894E+03, 0.3144894E+03, 0.1753426E+03,
 0.1932000E+01, 0.3203562E+03, 0.3145770E+03, 0.3145770E+03, 0.1753927E+03,
 0.1934000E+01, 0.3204510E+03, 0.3146646E+03, 0.3146646E+03, 0.1754427E+03,
 0.1936000E+01, 0.3205459E+03, 0.3147522E+03, 0.3147522E+03, 0.1754928E+03,
 0.1938000E+01, 0.3206407E+03, 0.3148398E+03, 0.3148398E+03, 0.1755428E+03,
 0.1940000E+01, 0.3207356E+03, 0.3149273E+03, 0.3149273E+03, 0.1755928E+03,
 0.1942000E+01, 0.3208304E+03, 0.3150149E+03, 0.3150149E+03, 0.1756429E+03,
 0.1944000E+01, 0.3209252E+03, 0.3151024E+03, 0.3151024E+03, 0.1756929E+03,
 0.1946000E+01, 0.3210201E+03, 0.3151900E+03, 0.3151900E+03, 0.1757429E+03,
 0.1948000E+01, 0.3211149E+03, 0.3152775E+03, 0.3152775E+03, 0.1757929E+03,
 0.1950000E+01, 0.3212097E+03, 0.3153650E+03, 0.3153650E+03, 0.1758430E+03,
 0.1952000E+01, 0.3213046E+03, 0.3154525E+03, 0.3154525E+03, 0.1758930E+03,
 0.1954000E+01, 0.3213994E+03, 0.3155401E+03, 0.3155401E+03, 0.1759430E+03,
 0.1956000E+01, 0.3214942E+03, 0.3156276E+03, 0.3156276E+03, 0.1759930E+03,
 0.1958000E+01, 0.3215891E+03, 0.3157151E+03, 0.3157151E+03, 0.1760430E+03,
 0.1960000E+01, 0.3216839E+03, 0.3158026E+03, 0.3158026E+03, 0.1760930E+03,
 0.1962000E+01, 0.3217787E+03, 0.3158900E+03, 0.3158900E+03, 0.1761430E+03,
 0.1964000E+01, 0.3218735E+03, 0.3159775E+03, 0.3159775E+03, 0.1761930E+03,
 0.1966000E+01, 0.3219684E+03, 0.3160650E+03, 0.3160650E+03, 0.1762430E+03,
 0.1968000E+01, 0.3220632E+03, 0.3161525E+03, 0.3161525E+03, 0.1762930E+03,
 0.1970000E+01, 0.3221581E+03, 0.3162400E+03, 0.3162400E+03, 0.1763429E+03,
 0.1972000E+01, 0.3222529E+03, 0.3163274E+03, 0.3163274E+03, 0.1763929E+03,
 0.1974000E+01, 0.3223477E+03, 0.3164149E+03, 0.3164149E+03, 0.1764429E+03,
 0.1976000E+01, 0.3224426E+03, 0.3165023E+03, 0.3165023E+03, 0.1764929E+03,
 0.1978000E+01, 0.3225374E+03, 0.3165898E+03, 0.3165898E+03, 0.1765429E+03,
 0.1980000E+01, 0.3226323E+03, 0.3166772E+03, 0.3166772E+03, 0.1765928E+03,
 0.1982000E+01, 0.3227271E+03, 0.3167646E+03, 0.3167646E+03, 0.1766428E+03,
 0.1984000E+01, 0.3228220E+03, 0.3168521E+03, 0.3168521E+03, 0.1766928E+03,
 0.1986000E+01, 0.3229168E+03, 0.3169395E+03, 0.3169395E+03, 0.1767427E+03,
 0.1988000E+01, 0.3230117E+03, 0.3170269E+03, 0.3170269E+03, 0.1767927E+03,
 0.1990000E+01, 0.3231065E+03, 0.3171143E+03, 0.3171143E+03, 0.1768427E+03,
 0.1992000E+01, 0.3232014E+03, 0.3172018E+03, 0.3172018E+03, 0.1768926E+03,
 0.1994000E+01, 0.3232962E+03, 0.3172892E+03, 0.3172892E+03, 0.1769426E+03,
 0.1996000E+01, 0.3233911E+03, 0.3173766E+03, 0.3173766E+03, 0.1769925E+03,
 0.1998000E+01, 0.3234860E+03, 0.3174640E+03, 0.3174640E+03, 0.1770425E+03,
 0.2000000E+01, 0.3235808E+03, 0.3175514E+03, 0.3175514E+03, 0.1770925E+03,
 0.2002000E+01, 0.3236757E+03, 0.3176388E+03, 0.3176388E+03, 0.1771424E+03,
 0.2004000E+01, 0.3237706E+03, 0.3177262E+03, 0.3177262E+03, 0.1771924E+03,
 0.2006000E+01, 0.3238655E+03, 0.3178136E+03, 0.3178136E+03, 0.1772423E+03,
 0.2008000E+01, 0.3239604E+03, 0.3179010E+03, 0.3179010E+03, 0.1772923E+03,
 0.2010000E+01, 0.3240553E+03, 0.3179884E+03, 0.3179884E+03, 0.1773422E+03,
 0.2012000E+01, 0.3241502E+03, 0.3180757E+03, 0.3180757E+03, 0.1773921E+03,
 0.2014000E+01, 0.3242451E+03, 0.3181631E+03, 0.3181631E+03, 0.1774421E+03,
 0.2016000E+01, 0.3243400E+03, 0.3182505E+03, 0.3182505E+03, 0.1774920E+03,
 0.2018000E+01, 0.3244349E+03, 0.3183379E+03, 0.3183379E+03, 0.1775420E+03,
 0.2020000E+01, 0.3245298E+03, 0.3184253E+03, 0.3184253E+03, 0.1775919E+03,
 0.2022000E+01, 0.3246248E+03, 0.3185126E+03, 0.3185126E+03, 0.1776419E+03,
 0.2024000E+01, 0.3247197E+03, 0.3186000E+03, 0.3186000E+03, 0.1776918E+03,
 0.2026000E+01, 0.3248146E+03, 0.3186874E+03, 0.3186874E+03, 0.1777417E+03,
 0.2028000E+01, 0.3249095E+03, 0.3187747E+03, 0.3187747E+03, 0.1777917E+03,
 0.2030000E+01, 0.3250045E+03, 0.3188621E+03, 0.3188621E+03, 0.1778416E+03,
 0.2032000E+01, 0.3250995E+03, 0.3189495E+03, 0.3189495E+03, 0.1778916E+03,
 0.2034000E+01, 0.3251944E+03, 0.3190368E+03, 0.3190368E+03, 0.1779415E+03,
 0.2036000E+01, 0.3252894E+03, 0.3191242E+03, 0.3191242E+03, 0.1779914E+03,
 0.2038000E+01, 0.3253843E+03, 0.3192116E+03, 0.3192116E+03, 0.1780414E+03,
 0.2040000E+01, 0.3254793E+03, 0.3192989E+03, 0.3192989E+03, 0.1780913E+03,
 0.2042000E+01, 0.3255743E+03, 0.3193863E+03, 0.3193863E+03, 0.1781413E+03,
 0.2044000E+01, 0.3256693E+03, 0.3194737E+03, 0.3194737E+03, 0.1781912E+03,
 0.2046000E+01, 0.3257643E+03, 0.3195610E+03, 0.3195610E+03, 0.1782411E+03,
 0.2048000E+01, 0.3258593E+03, 0.3196484E+03, 0.3196484E+03, 0.1782911E+03,
 0.2050000E+01, 0.3259543E+03, 0.3197357E+03, 0.3197357E+03, 0.1783410E+03,
 0.2052000E+01, 0.3260493E+03, 0.3198231E+03, 0.3198231E+03, 0.1783910E+03,
 0.2054000E+01, 0.3261444E+03, 0.3199105E+03, 0.3199105E+03, 0.1784409E+03,
 0.2056000E+01, 0.3262394E+03, 0.3199978E+03, 0.3199978E+03, 0.1784908E+03,
 0.2058000E+01, 0.3263344E+03, 0.3200852E+03, 0.3200852E+03, 0.1785408E+03,
 0.2060000E+01, 0.3264295E+03, 0.3201725E+03, 0.3201725E+03, 0.1785907E+03,
 0.2062000E+01, 0.3265246E+03, 0.3202599E+03, 0.3202599E+03, 0.1786407E+03,
 0.2064000E+01, 0.3266197E+03, 0.3203473E+03, 0.3203473E+03, 0.1786906E+03,
 0.2066000E+01, 0.3267147E+03, 0.3204347E+03, 0.3204347E+03, 0.1787406E+03,
 0.2068000E+01, 0.3268098E+03, 0.3205220E+03, 0.3205220E+03, 0.1787905E+03,
 0.2070000E+01, 0.3269049E+03, 0.3206094E+03, 0.3206094E+03, 0.1788405E+03,
 0.2072000E+01, 0.3270000E+03, 0.3206968E+03, 0.3206968E+03, 0.1788904E+03,
 0.2074000E+01, 0.3270952E+03, 0.3207841E+03, 0.3207841E+03, 0.1789404E+03,
 0.2076000E+01, 0.3271903E+03, 0.3208715E+03, 0.3208715E+03, 0.1789903E+03,
 0.2078000E+01, 0.3272854E+03, 0.3209589E+03, 0.3209589E+03, 0.1790403E+03,
 0.2080000E+01, 0.3273806E+03, 0.3210463E+03, 0.3210463E+03, 0.1790902E+03,
 0.2082000E+01, 0.3274757E+03, 0.3211336E+03, 0.3211336E+03, 0.1791402E+03,
 0.2084000E+01, 0.3275709E+03, 0.3212210E+03, 0.3212210E+03, 0.1791902E+03,
 0.2086000E+01, 0.3276661E+03, 0.3213084E+03, 0.3213084E+03, 0.1792401E+03,
 0.2088000E+01, 0.3277613E+03, 0.3213958E+03, 0.3213958E+03, 0.1792901E+03,
 0.2090000E+01, 0.3278565E+03, 0.3214832E+03, 0.3214832E+03, 0.1793400E+03,
 0.2092000E+01, 0.3279517E+03, 0.3215706E+03, 0.3215706E+03, 0.1793900E+03,
 0.2094000E+01, 0.3280469E+03, 0.3216580E+03, 0.3216580E+03, 0.1794400E+03,
 0.2096000E+01, 0.3281422E+03, 0.3217454E+03, 0.3217454E+03, 0.1794900E+03,
 0.2098000E+01, 0.3282374E+03, 0.3218328E+03, 0.3218328E+03, 0.1795399E+03,
 0.2100000E+01, 0.3283327E+03, 0.3219202E+03, 0.3219202E+03, 0.1795899E+03,
 0.2102000E+01, 0.3284279E+03, 0.3220076E+03, 0.3220076E+03, 0.1796399E+03,
 0.2104000E+01, 0.3285232E+03, 0.3220951E+03, 0.3220951E+03, 0.1796899E+03,
 0.2106000E+01, 0.3286185E+03, 0.3221825E+03, 0.3221825E+03, 0.1797399E+03,
 0.2108000E+01, 0.3287138E+03, 0.3222699E+03, 0.3222699E+03, 0.1797899E+03,
 0.2110000E+01, 0.3288091E+03, 0.3223573E+03, 0.3223573E+03, 0.1798398E+03,
 0.2112000E+01, 0.3289045E+03, 0.3224448E+03, 0.3224448E+03, 0.1798898E+03,
 0.2114000E+01, 0.3289998E+03, 0.3225322E+03, 0.3225322E+03, 0.1799398E+03,
 0.2116000E+01, 0.3290952E+03, 0.3226197E+03, 0.3226197E+03, 0.1799898E+03,
 0.2118000E+01, 0.3291906E+03, 0.3227071E+03, 0.3227071E+03, 0.1800398E+03,
 0.2120000E+01, 0.3292860E+03, 0.3227946E+03, 0.3227946E+03, 0.1800899E+03,
 0.2122000E+01, 0.3293814E+03, 0.3228820E+03, 0.3228820E+03, 0.1801399E+03,
 0.2124000E+01, 0.3294768E+03, 0.3229695E+03, 0.3229695E+03, 0.1801899E+03,
 0.2126000E+01, 0.3295722E+03, 0.3230569E+03, 0.3230569E+03, 0.1802399E+03,
 0.2128000E+01, 0.3296677E+03, 0.3231444E+03, 0.3231444E+03, 0.1802899E+03,
 0.2130000E+01, 0.3297631E+03, 0.3232319E+03, 0.3232319E+03, 0.1803400E+03,
 0.2132000E+01, 0.3298586E+03, 0.3233194E+03, 0.3233194E+03, 0.1803900E+03,
 0.2134000E+01, 0.3299541E+03, 0.3234069E+03, 0.3234069E+03, 0.1804400E+03,
 0.2136000E+01, 0.3300496E+03, 0.3234944E+03, 0.3234944E+03, 0.1804901E+03,
 0.2138000E+01, 0.3301451E+03, 0.3235819E+03, 0.3235819E+03, 0.1805401E+03,
 0.2140000E+01, 0.3302407E+03, 0.3236694E+03, 0.3236694E+03, 0.1805901E+03,
 0.2142000E+01, 0.3303362E+03, 0.3237569E+03, 0.3237569E+03, 0.1806402E+03,
 0.2144000E+01, 0.3304318E+03, 0.3238445E+03, 0.3238445E+03, 0.1806903E+03,
 0.2146000E+01, 0.3305274E+03, 0.3239320E+03, 0.3239320E+03, 0.1807403E+03,
 0.2148000E+01, 0.3306230E+03, 0.3240196E+03, 0.3240196E+03, 0.1807904E+03,
 0.2150000E+01, 0.3307186E+03, 0.3241071E+03, 0.3241071E+03, 0.1808405E+03,
 0.2152000E+01, 0.3308142E+03, 0.3241947E+03, 0.3241947E+03, 0.1808905E+03,
 0.2154000E+01, 0.3309099E+03, 0.3242822E+03, 0.3242822E+03, 0.1809406E+03,
 0.2156000E+01, 0.3310055E+03, 0.3243698E+03, 0.3243698E+03, 0.1809907E+03,
 0.2158000E+01, 0.3311012E+03, 0.3244574E+03, 0.3244574E+03, 0.1810408E+03,
 0.2160000E+01, 0.3311969E+03, 0.3245450E+03, 0.3245450E+03, 0.1810909E+03,
 0.2162000E+01, 0.3312926E+03, 0.3246326E+03, 0.3246326E+03, 0.1811410E+03,
 0.2164000E+01, 0.3313884E+03, 0.3247202E+03, 0.3247202E+03, 0.1811911E+03,
 0.2166000E+01, 0.3314841E+03, 0.3248078E+03, 0.3248078E+03, 0.1812412E+03,
 0.2168000E+01, 0.3315799E+03, 0.3248954E+03, 0.3248954E+03, 0.1812913E+03,
 0.2170000E+01, 0.3316757E+03, 0.3249831E+03, 0.3249831E+03, 0.1813415E+03,
 0.2172000E+01, 0.3317715E+03, 0.3250707E+03, 0.3250707E+03, 0.1813916E+03,
 0.2174000E+01, 0.3318673E+03, 0.3251584E+03, 0.3251584E+03, 0.1814417E+03,
 0.2176000E+01, 0.3319632E+03, 0.3252460E+03, 0.3252460E+03, 0.1814919E+03,
 0.2178000E+01, 0.3320591E+03, 0.3253337E+03, 0.3253337E+03, 0.1815420E+03,
 0.2180000E+01, 0.3321549E+03, 0.3254214E+03, 0.3254214E+03, 0.1815922E+03,
 0.2182000E+01, 0.3322509E+03, 0.3255091E+03, 0.3255091E+03, 0.1816423E+03,
 0.2184000E+01, 0.3323468E+03, 0.3255967E+03, 0.3255967E+03, 0.1816925E+03,
 0.2186000E+01, 0.3324427E+03, 0.3256845E+03, 0.3256845E+03, 0.1817427E+03,
 0.2188000E+01, 0.3325387E+03, 0.3257722E+03, 0.3257722E+03, 0.1817929E+03,
 0.2190000E+01, 0.3326347E+03, 0.3258599E+03, 0.3258599E+03, 0.1818430E+03,
 0.2192000E+01, 0.3327307E+03, 0.3259477E+03, 0.3259477E+03, 0.1818932E+03,
 0.2194000E+01, 0.3328267E+03, 0.3260354E+03, 0.3260354E+03, 0.1819434E+03,
 0.2196000E+01, 0.3329228E+03, 0.3261232E+03, 0.3261232E+03, 0.1819937E+03,
 0.2198000E+01, 0.3330188E+03, 0.3262110E+03, 0.3262110E+03, 0.1820439E+03,
 0.2200000E+01, 0.3331149E+03, 0.3262988E+03, 0.3262988E+03, 0.1820941E+03,
 0.2202000E+01, 0.3332110E+03, 0.3263866E+03, 0.3263866E+03, 0.1821443E+03,
 0.2204000E+01, 0.3333072E+03, 0.3264744E+03, 0.3264744E+03, 0.1821945E+03,
 0.2206000E+01, 0.3334033E+03, 0.3265622E+03, 0.3265622E+03, 0.1822448E+03,
 0.2208000E+01, 0.3334995E+03, 0.3266500E+03, 0.3266500E+03, 0.1822950E+03,
 0.2210000E+01, 0.3335957E+03, 0.3267379E+03, 0.3267379E+03, 0.1823453E+03,
 0.2212000E+01, 0.3336919E+03, 0.3268257E+03, 0.3268257E+03, 0.1823956E+03,
 0.2214000E+01, 0.3337882E+03, 0.3269136E+03, 0.3269136E+03, 0.1824458E+03,
 0.2216000E+01, 0.3338845E+03, 0.3270015E+03, 0.3270015E+03, 0.1824961E+03,
 0.2218000E+01, 0.3339807E+03, 0.3270894E+03, 0.3270894E+03, 0.1825464E+03,
 0.2220000E+01, 0.3340771E+03, 0.3271773E+03, 0.3271773E+03, 0.1825967E+03,
 0.2222000E+01, 0.3341734E+03, 0.3272652E+03, 0.3272652E+03, 0.1826470E+03,
 0.2224000E+01, 0.3342698E+03, 0.3273532E+03, 0.3273532E+03, 0.1826974E+03,
 0.2226000E+01, 0.3343661E+03, 0.3274411E+03, 0.3274411E+03, 0.1827477E+03,
 0.2228000E+01, 0.3344626E+03, 0.3275291E+03, 0.3275291E+03, 0.1827980E+03,
 0.2230000E+01, 0.3345590E+03, 0.3276171E+03, 0.3276171E+03, 0.1828484E+03,
 0.2232000E+01, 0.3346555E+03, 0.3277051E+03, 0.3277051E+03, 0.1828987E+03,
 0.2234000E+01, 0.3347520E+03, 0.3277931E+03, 0.3277931E+03, 0.1829491E+03,
 0.2236000E+01, 0.3348484E+03, 0.3278811E+03, 0.3278811E+03, 0.1829994E+03,
 0.2238000E+01, 0.3349450E+03, 0.3279691E+03, 0.3279691E+03, 0.1830498E+03,
 0.2240000E+01, 0.3350416E+03, 0.3280572E+03, 0.3280572E+03, 0.1831002E+03,
 0.2242000E+01, 0.3351382E+03, 0.3281453E+03, 0.3281453E+03, 0.1831506E+03,
 0.2244000E+01, 0.3352348E+03, 0.3282333E+03, 0.3282333E+03, 0.1832010E+03,
 0.2246000E+01, 0.3353314E+03, 0.3283214E+03, 0.3283214E+03, 0.1832514E+03,
 0.2248000E+01, 0.3354281E+03, 0.3284096E+03, 0.3284096E+03, 0.1833018E+03,
 0.2250000E+01, 0.3355247E+03, 0.3284977E+03, 0.3284977E+03, 0.1833523E+03,
 0.2252000E+01, 0.3356215E+03, 0.3285858E+03, 0.3285858E+03, 0.1834027E+03,
 0.2254000E+01, 0.3357182E+03, 0.3286740E+03, 0.3286740E+03, 0.1834532E+03,
 0.2256000E+01, 0.3358150E+03, 0.3287622E+03, 0.3287622E+03, 0.1835037E+03,
 0.2258000E+01, 0.3359118E+03, 0.3288504E+03, 0.3288504E+03, 0.1835541E+03,
 0.2260000E+01, 0.3360086E+03, 0.3289386E+03, 0.3289386E+03, 0.1836046E+03,
 0.2262000E+01, 0.3361055E+03, 0.3290268E+03, 0.3290268E+03, 0.1836551E+03,
 0.2264000E+01, 0.3362024E+03, 0.3291151E+03, 0.3291151E+03, 0.1837056E+03,
 0.2266000E+01, 0.3362993E+03, 0.3292033E+03, 0.3292033E+03, 0.1837561E+03,
 0.2268000E+01, 0.3363962E+03, 0.3292916E+03, 0.3292916E+03, 0.1838067E+03,
 0.2270000E+01, 0.3364932E+03, 0.3293799E+03, 0.3293799E+03, 0.1838572E+03,
 0.2272000E+01, 0.3365902E+03, 0.3294682E+03, 0.3294682E+03, 0.1839078E+03,
 0.2274000E+01, 0.3366872E+03, 0.3295565E+03, 0.3295565E+03, 0.1839583E+03,
 0.2276000E+01, 0.3367843E+03, 0.3296449E+03, 0.3296449E+03, 0.1840089E+03,
 0.2278000E+01, 0.3368814E+03, 0.3297333E+03, 0.3297333E+03, 0.1840595E+03,
 0.2280000E+01, 0.3369785E+03, 0.3298217E+03, 0.3298217E+03, 0.1841101E+03,
 0.2282000E+01, 0.3370757E+03, 0.3299101E+03, 0.3299101E+03, 0.1841607E+03,
 0.2284000E+01, 0.3371728E+03, 0.3299985E+03, 0.3299985E+03, 0.1842113E+03,
 0.2286000E+01, 0.3372700E+03, 0.3300869E+03, 0.3300869E+03, 0.1842619E+03,
 0.2288000E+01, 0.3373673E+03, 0.3301754E+03, 0.3301754E+03, 0.1843126E+03,
 0.2290000E+01, 0.3374645E+03, 0.3302639E+03, 0.3302639E+03, 0.1843633E+03,
 0.2292000E+01, 0.3375619E+03, 0.3303524E+03, 0.3303524E+03, 0.1844139E+03,
 0.2294000E+01, 0.3376592E+03, 0.3304409E+03, 0.3304409E+03, 0.1844646E+03,
 0.2296000E+01, 0.3377566E+03, 0.3305294E+03, 0.3305294E+03, 0.1845153E+03,
 0.2298000E+01, 0.3378539E+03, 0.3306180E+03, 0.3306180E+03, 0.1845660E+03,
 0.2300000E+01, 0.3379514E+03, 0.3307066E+03, 0.3307066E+03, 0.1846167E+03,
 0.2302000E+01, 0.3380488E+03, 0.3307952E+03, 0.3307952E+03, 0.1846674E+03,
 0.2304000E+01, 0.3381463E+03, 0.3308838E+03, 0.3308838E+03, 0.1847182E+03,
 0.2306000E+01, 0.3382439E+03, 0.3309725E+03, 0.3309725E+03, 0.1847690E+03,
 0.2308000E+01, 0.3383414E+03, 0.3310612E+03, 0.3310612E+03, 0.1848197E+03,
 0.2310000E+01, 0.3384390E+03, 0.3311498E+03, 0.3311498E+03, 0.1848705E+03,
 0.2312000E+01, 0.3385367E+03, 0.3312385E+03, 0.3312385E+03, 0.1849213E+03,
 0.2314000E+01, 0.3386343E+03, 0.3313273E+03, 0.3313273E+03, 0.1849721E+03,
 0.2316000E+01, 0.3387320E+03, 0.3314160E+03, 0.3314160E+03, 0.1850229E+03,
 0.2318000E+01, 0.3388297E+03, 0.3315048E+03, 0.3315048E+03, 0.1850738E+03,
 0.2320000E+01, 0.3389275E+03, 0.3315936E+03, 0.3315936E+03, 0.1851246E+03,
 0.2322000E+01, 0.3390253E+03, 0.3316824E+03, 0.3316824E+03, 0.1851755E+03,
 0.2324000E+01, 0.3391231E+03, 0.3317713E+03, 0.3317713E+03, 0.1852264E+03,
 0.2326000E+01, 0.3392210E+03, 0.3318601E+03, 0.3318601E+03, 0.1852773E+03,
 0.2328000E+01, 0.3393189E+03, 0.3319490E+03, 0.3319490E+03, 0.1853282E+03,
 0.2330000E+01, 0.3394169E+03, 0.3320379E+03, 0.3320379E+03, 0.1853791E+03,
 0.2332000E+01, 0.3395149E+03, 0.3321269E+03, 0.3321269E+03, 0.1854300E+03,
 0.2334000E+01, 0.3396129E+03, 0.3322158E+03, 0.3322158E+03, 0.1854810E+03,
 0.2336000E+01, 0.3397109E+03, 0.3323048E+03, 0.3323048E+03, 0.1855320E+03,
 0.2338000E+01, 0.3398090E+03, 0.3323938E+03, 0.3323938E+03, 0.1855829E+03,
 0.2340000E+01, 0.3399071E+03, 0.3324828E+03, 0.3324828E+03, 0.1856339E+03,
 0.2342000E+01, 0.3400053E+03, 0.3325719E+03, 0.3325719E+03, 0.1856850E+03,
 0.2344000E+01, 0.3401035E+03, 0.3326610E+03, 0.3326610E+03, 0.1857360E+03,
 0.2346000E+01, 0.3402018E+03, 0.3327501E+03, 0.3327501E+03, 0.1857870E+03,
 0.2348000E+01, 0.3403000E+03, 0.3328392E+03, 0.3328392E+03, 0.1858381E+03,
 0.2350000E+01, 0.3403983E+03, 0.3329283E+03, 0.3329283E+03, 0.1858892E+03,
 0.2352000E+01, 0.3404967E+03, 0.3330175E+03, 0.3330175E+03, 0.1859403E+03,
 0.2354000E+01, 0.3405951E+03, 0.3331068E+03, 0.3331068E+03, 0.1859914E+03,
 0.2356000E+01, 0.3406935E+03, 0.3331960E+03, 0.3331960E+03, 0.1860425E+03,
 0.2358000E+01, 0.3407920E+03, 0.3332852E+03, 0.3332852E+03, 0.1860936E+03,
 0.2360000E+01, 0.3408905E+03, 0.3333745E+03, 0.3333745E+03, 0.1861448E+03,
 0.2362000E+01, 0.3409891E+03, 0.3334638E+03, 0.3334638E+03, 0.1861960E+03,
 0.2364000E+01, 0.3410877E+03, 0.3335532E+03, 0.3335532E+03, 0.1862472E+03,
 0.2366000E+01, 0.3411863E+03, 0.3336425E+03, 0.3336425E+03, 0.1862984E+03,
 0.2368000E+01, 0.3412850E+03, 0.3337319E+03, 0.3337319E+03, 0.1863496E+03,
 0.2370000E+01, 0.3413837E+03, 0.3338214E+03, 0.3338214E+03, 0.1864008E+03,
 0.2372000E+01, 0.3414825E+03, 0.3339108E+03, 0.3339108E+03, 0.1864521E+03,
 0.2374000E+01, 0.3415813E+03, 0.3340003E+03, 0.3340003E+03, 0.1865034E+03,
 0.2376000E+01, 0.3416801E+03, 0.3340898E+03, 0.3340898E+03, 0.1865547E+03,
 0.2378000E+01, 0.3417790E+03, 0.3341793E+03, 0.3341793E+03, 0.1866060E+03,
 0.2380000E+01, 0.3418779E+03, 0.3342689E+03, 0.3342689E+03, 0.1866573E+03,
 0.2382000E+01, 0.3419769E+03, 0.3343584E+03, 0.3343584E+03, 0.1867087E+03,
 0.2384000E+01, 0.3420759E+03, 0.3344481E+03, 0.3344481E+03, 0.1867600E+03,
 0.2386000E+01, 0.3421750E+03, 0.3345377E+03, 0.3345377E+03, 0.1868114E+03,
 0.2388000E+01, 0.3422741E+03, 0.3346274E+03, 0.3346274E+03, 0.1868628E+03,
 0.2390000E+01, 0.3423732E+03, 0.3347171E+03, 0.3347171E+03, 0.1869143E+03,
 0.2392000E+01, 0.3424724E+03, 0.3348068E+03, 0.3348068E+03, 0.1869657E+03,
 0.2394000E+01, 0.3425717E+03, 0.3348966E+03, 0.3348966E+03, 0.1870172E+03,
 0.2396000E+01, 0.3426709E+03, 0.3349864E+03, 0.3349864E+03, 0.1870686E+03,
 0.2398000E+01, 0.3427703E+03, 0.3350762E+03, 0.3350762E+03, 0.1871201E+03,
 0.2400000E+01, 0.3428696E+03, 0.3351661E+03, 0.3351661E+03, 0.1871717E+03,
 0.2402000E+01, 0.3429691E+03, 0.3352560E+03, 0.3352560E+03, 0.1872232E+03,
 0.2404000E+01, 0.3430685E+03, 0.3353459E+03, 0.3353459E+03, 0.1872748E+03,
 0.2406000E+01, 0.3431680E+03, 0.3354358E+03, 0.3354358E+03, 0.1873263E+03,
 0.2408000E+01, 0.3432676E+03, 0.3355258E+03, 0.3355258E+03, 0.1873779E+03,
 0.2410000E+01, 0.3433672E+03, 0.3356158E+03, 0.3356158E+03, 0.1874296E+03,
 0.2412000E+01, 0.3434668E+03, 0.3357059E+03, 0.3357059E+03, 0.1874812E+03,
 0.2414000E+01, 0.3435665E+03, 0.3357959E+03, 0.3357959E+03, 0.1875328E+03,
 0.2416000E+01, 0.3436663E+03, 0.3358860E+03, 0.3358860E+03, 0.1875845E+03,
 0.2418000E+01, 0.3437661E+03, 0.3359762E+03, 0.3359762E+03, 0.1876362E+03,
 0.2420000E+01, 0.3438659E+03, 0.3360664E+03, 0.3360664E+03, 0.1876879E+03,
 0.2422000E+01, 0.3439658E+03, 0.3361566E+03, 0.3361566E+03, 0.1877397E+03,
 0.2424000E+01, 0.3440657E+03, 0.3362468E+03, 0.3362468E+03, 0.1877914E+03,
 0.2426000E+01, 0.3441657E+03, 0.3363371E+03, 0.3363371E+03, 0.1878432E+03,
 0.2428000E+01, 0.3442657E+03, 0.3364274E+03, 0.3364274E+03, 0.1878950E+03,
 0.2430000E+01, 0.3443658E+03, 0.3365177E+03, 0.3365177E+03, 0.1879469E+03,
 0.2432000E+01, 0.3444660E+03, 0.3366081E+03, 0.3366081E+03, 0.1879987E+03,
 0.2434000E+01, 0.3445662E+03, 0.3366985E+03, 0.3366985E+03, 0.1880506E+03,
 0.2436000E+01, 0.3446664E+03, 0.3367890E+03, 0.3367890E+03, 0.1881024E+03,
 0.2438000E+01, 0.3447667E+03, 0.3368795E+03, 0.3368795E+03, 0.1881544E+03,
 0.2440000E+01, 0.3448670E+03, 0.3369700E+03, 0.3369700E+03, 0.1882063E+03,
 0.2442000E+01, 0.3449674E+03, 0.3370605E+03, 0.3370605E+03, 0.1882582E+03,
 0.2444000E+01, 0.3450678E+03, 0.3371511E+03, 0.3371511E+03, 0.1883102E+03,
 0.2446000E+01, 0.3451683E+03, 0.3372417E+03, 0.3372417E+03, 0.1883622E+03,
 0.2448000E+01, 0.3452689E+03, 0.3373324E+03, 0.3373324E+03, 0.1884142E+03,
 0.2450000E+01, 0.3453695E+03, 0.3374231E+03, 0.3374231E+03, 0.1884663E+03,
 0.2452000E+01, 0.3454702E+03, 0.3375138E+03, 0.3375138E+03, 0.1885183E+03,
 0.2454000E+01, 0.3455708E+03, 0.3376046E+03, 0.3376046E+03, 0.1885704E+03,
 0.2456000E+01, 0.3456716E+03, 0.3376954E+03, 0.3376954E+03, 0.1886225E+03,
 0.2458000E+01, 0.3457724E+03, 0.3377863E+03, 0.3377863E+03, 0.1886747E+03,
 0.2460000E+01, 0.3458733E+03, 0.3378771E+03, 0.3378771E+03, 0.1887268E+03,
 0.2462000E+01, 0.3459742E+03, 0.3379680E+03, 0.3379680E+03, 0.1887790E+03,
 0.2464000E+01, 0.3460752E+03, 0.3380590E+03, 0.3380590E+03, 0.1888312E+03,
 0.2466000E+01, 0.3461762E+03, 0.3381500E+03, 0.3381500E+03, 0.1888834E+03,
 0.2468000E+01, 0.3462773E+03, 0.3382410E+03, 0.3382410E+03, 0.1889356E+03,
 0.2470000E+01, 0.3463784E+03, 0.3383321E+03, 0.3383321E+03, 0.1889879E+03,
 0.2472000E+01, 0.3464796E+03, 0.3384232E+03, 0.3384232E+03, 0.1890402E+03,
 0.2474000E+01, 0.3465809E+03, 0.3385143E+03, 0.3385143E+03, 0.1890925E+03,
 0.2476000E+01, 0.3466822E+03, 0.3386055E+03, 0.3386055E+03, 0.1891448E+03,
 0.2478000E+01, 0.3467836E+03, 0.3386967E+03, 0.3386967E+03, 0.1891971E+03,
 0.2480000E+01, 0.3468850E+03, 0.3387880E+03, 0.3387880E+03, 0.1892495E+03,
 0.2482000E+01, 0.3469865E+03, 0.3388793E+03, 0.3388793E+03, 0.1893018E+03,
 0.2484000E+01, 0.3470880E+03, 0.3389706E+03, 0.3389706E+03, 0.1893542E+03,
 0.2486000E+01, 0.3471896E+03, 0.3390620E+03, 0.3390620E+03, 0.1894066E+03,
 0.2488000E+01, 0.3472912E+03, 0.3391534E+03, 0.3391534E+03, 0.1894589E+03,
 0.2490000E+01, 0.3473929E+03, 0.3392449E+03, 0.3392449E+03, 0.1895113E+03,
 0.2492000E+01, 0.3474946E+03, 0.3393364E+03, 0.3393364E+03, 0.1895637E+03,
 0.2494000E+01, 0.3475964E+03, 0.3394279E+03, 0.3394279E+03, 0.1896161E+03,
 0.2496000E+01, 0.3476983E+03, 0.3395194E+03, 0.3395194E+03, 0.1896685E+03,
 0.2498000E+01, 0.3478002E+03, 0.3396110E+03, 0.3396110E+03, 0.1897209E+03,
 0.2500000E+01, 0.3479022E+03, 0.3397027E+03, 0.3397027E+03, 0.1897733E+03,
 0.2502000E+01, 0.3480042E+03, 0.3397943E+03, 0.3397943E+03, 0.1898257E+03,
 0.2504000E+01, 0.3481063E+03, 0.3398860E+03, 0.3398860E+03, 0.1898781E+03,
 0.2506000E+01, 0.3482084E+03, 0.3399778E+03, 0.3399778E+03, 0.1899304E+03,
 0.2508000E+01, 0.3483105E+03, 0.3400695E+03, 0.3400695E+03, 0.1899828E+03,
 0.2510000E+01, 0.3484128E+03, 0.3401613E+03, 0.3401613E+03, 0.1900351E+03,
 0.2512000E+01, 0.3485150E+03, 0.3402531E+03, 0.3402531E+03, 0.1900874E+03,
 0.2514000E+01, 0.3486174E+03, 0.3403450E+03, 0.3403450E+03, 0.1901397E+03,
 0.2516000E+01, 0.3487197E+03, 0.3404369E+03, 0.3404369E+03, 0.1901919E+03,
 0.2518000E+01, 0.3488222E+03, 0.3405288E+03, 0.3405288E+03, 0.1902442E+03,
 0.2520000E+01, 0.3489246E+03, 0.3406208E+03, 0.3406208E+03, 0.1902964E+03,
 0.2522000E+01, 0.3490272E+03, 0.3407128E+03, 0.3407128E+03, 0.1903485E+03,
 0.2524000E+01, 0.3491297E+03, 0.3408048E+03, 0.3408048E+03, 0.1904007E+03,
 0.2526000E+01, 0.3492323E+03, 0.3408968E+03, 0.3408968E+03, 0.1904527E+03,
 0.2528000E+01, 0.3493350E+03, 0.3409889E+03, 0.3409889E+03, 0.1905048E+03,
 0.2530000E+01, 0.3494377E+03, 0.3410810E+03, 0.3410810E+03, 0.1905568E+03,
 0.2532000E+01, 0.3495405E+03, 0.3411731E+03, 0.3411731E+03, 0.1906088E+03,
 0.2534000E+01, 0.3496432E+03, 0.3412653E+03, 0.3412653E+03, 0.1906608E+03,
 0.2536000E+01, 0.3497461E+03, 0.3413574E+03, 0.3413574E+03, 0.1907127E+03,
 0.2538000E+01, 0.3498490E+03, 0.3414496E+03, 0.3414496E+03, 0.1907646E+03,
 0.2540000E+01, 0.3499519E+03, 0.3415418E+03, 0.3415418E+03, 0.1908164E+03,
 0.2542000E+01, 0.3500549E+03, 0.3416341E+03, 0.3416341E+03, 0.1908682E+03,
 0.2544000E+01, 0.3501580E+03, 0.3417264E+03, 0.3417264E+03, 0.1909200E+03,
 0.2546000E+01, 0.3502610E+03, 0.3418187E+03, 0.3418187E+03, 0.1909718E+03,
 0.2548000E+01, 0.3503642E+03, 0.3419110E+03, 0.3419110E+03, 0.1910235E+03,
 0.2550000E+01, 0.3504673E+03, 0.3420034E+03, 0.3420034E+03, 0.1910752E+03,
 0.2552000E+01, 0.3505705E+03, 0.3420958E+03, 0.3420958E+03, 0.1911269E+03,
 0.2554000E+01, 0.3506738E+03, 0.3421882E+03, 0.3421882E+03, 0.1911785E+03,
 0.2556000E+01, 0.3507771E+03, 0.3422806E+03, 0.3422806E+03, 0.1912302E+03,
 0.2558000E+01, 0.3508805E+03, 0.3423731E+03, 0.3423731E+03, 0.1912818E+03,
 0.2560000E+01, 0.3509839E+03, 0.3424656E+03, 0.3424656E+03, 0.1913334E+03,
 0.2562000E+01, 0.3510873E+03, 0.3425581E+03, 0.3425581E+03, 0.1913850E+03,
 0.2564000E+01, 0.3511908E+03, 0.3426507E+03, 0.3426507E+03, 0.1914366E+03,
 0.2566000E+01, 0.3512943E+03, 0.3427433E+03, 0.3427433E+03, 0.1914882E+03,
 0.2568000E+01, 0.3513979E+03, 0.3428358E+03, 0.3428358E+03, 0.1915399E+03,
 0.2570000E+01, 0.3515016E+03, 0.3429285E+03, 0.3429285E+03, 0.1915915E+03,
 0.2572000E+01, 0.3516053E+03, 0.3430212E+03, 0.3430212E+03, 0.1916431E+03,
 0.2574000E+01, 0.3517090E+03, 0.3431139E+03, 0.3431139E+03, 0.1916947E+03,
 0.2576000E+01, 0.3518128E+03, 0.3432066E+03, 0.3432066E+03, 0.1917464E+03,
 0.2578000E+01, 0.3519166E+03, 0.3432994E+03, 0.3432994E+03, 0.1917981E+03,
 0.2580000E+01, 0.3520205E+03, 0.3433922E+03, 0.3433922E+03, 0.1918498E+03,
 0.2582000E+01, 0.3521245E+03, 0.3434850E+03, 0.3434850E+03, 0.1919015E+03,
 0.2584000E+01, 0.3522284E+03, 0.3435779E+03, 0.3435779E+03, 0.1919533E+03,
 0.2586000E+01, 0.3523325E+03, 0.3436708E+03, 0.3436708E+03, 0.1920051E+03,
 0.2588000E+01, 0.3524366E+03, 0.3437637E+03, 0.3437637E+03, 0.1920569E+03,
 0.2590000E+01, 0.3525407E+03, 0.3438567E+03, 0.3438567E+03, 0.1921088E+03,
 0.2592000E+01, 0.3526449E+03, 0.3439497E+03, 0.3439497E+03, 0.1921607E+03,
 0.2594000E+01, 0.3527491E+03, 0.3440427E+03, 0.3440427E+03, 0.1922126E+03,
 0.2596000E+01, 0.3528534E+03, 0.3441358E+03, 0.3441358E+03, 0.1922646E+03,
 0.2598000E+01, 0.3529577E+03, 0.3442289E+03, 0.3442289E+03, 0.1923167E+03,
 0.2600000E+01, 0.3530621E+03, 0.3443221E+03, 0.3443221E+03, 0.1923687E+03,
 0.2602000E+01, 0.3531665E+03, 0.3444153E+03, 0.3444153E+03, 0.1924209E+03,
 0.2604000E+01, 0.3532710E+03, 0.3445085E+03, 0.3445085E+03, 0.1924731E+03,
 0.2606000E+01, 0.3533756E+03, 0.3446018E+03, 0.3446018E+03, 0.1925253E+03,
 0.2608000E+01, 0.3534802E+03, 0.3446951E+03, 0.3446951E+03, 0.1925777E+03,
 0.2610000E+01, 0.3535848E+03, 0.3447885E+03, 0.3447885E+03, 0.1926300E+03,
 0.2612000E+01, 0.3536895E+03, 0.3448819E+03, 0.3448819E+03, 0.1926824E+03,
 0.2614000E+01, 0.3537943E+03, 0.3449753E+03, 0.3449753E+03, 0.1927349E+03,
 0.2616000E+01, 0.3538991E+03, 0.3450688E+03, 0.3450688E+03, 0.1927875E+03,
 0.2618000E+01, 0.3540040E+03, 0.3451623E+03, 0.3451623E+03, 0.1928401E+03,
 0.2620000E+01, 0.3541089E+03, 0.3452558E+03, 0.3452558E+03, 0.1928928E+03,
 0.2622000E+01, 0.3542138E+03, 0.3453494E+03, 0.3453494E+03, 0.1929455E+03,
 0.2624000E+01, 0.3543189E+03, 0.3454431E+03, 0.3454431E+03, 0.1929983E+03,
 0.2626000E+01, 0.3544240E+03, 0.3455368E+03, 0.3455368E+03, 0.1930512E+03,
 0.2628000E+01, 0.3545291E+03, 0.3456305E+03, 0.3456305E+03, 0.1931042E+03,
 0.2630000E+01, 0.3546343E+03, 0.3457243E+03, 0.3457243E+03, 0.1931572E+03,
 0.2632000E+01, 0.3547395E+03, 0.3458181E+03, 0.3458181E+03, 0.1932103E+03,
 0.2634000E+01, 0.3548448E+03, 0.3459120E+03, 0.3459120E+03, 0.1932634E+03,
 0.2636000E+01, 0.3549502E+03, 0.3460059E+03, 0.3460059E+03, 0.1933167E+03,
 0.2638000E+01, 0.3550556E+03, 0.3460998E+03, 0.3460998E+03, 0.1933699E+03,
 0.2640000E+01, 0.3551611E+03, 0.3461938E+03, 0.3461938E+03, 0.1934233E+03,
 0.2642000E+01, 0.3552666E+03, 0.3462879E+03, 0.3462879E+03, 0.1934768E+03,
 0.2644000E+01, 0.3553722E+03, 0.3463820E+03, 0.3463820E+03, 0.1935303E+03,
 0.2646000E+01, 0.3554778E+03, 0.3464761E+03, 0.3464761E+03, 0.1935839E+03,
 0.2648000E+01, 0.3555836E+03, 0.3465703E+03, 0.3465703E+03, 0.1936375E+03,
 0.2650000E+01, 0.3556893E+03, 0.3466645E+03, 0.3466645E+03, 0.1936913E+03,
 0.2652000E+01, 0.3557951E+03, 0.3467588E+03, 0.3467588E+03, 0.1937451E+03,
 0.2654000E+01, 0.3559010E+03, 0.3468531E+03, 0.3468531E+03, 0.1937990E+03,
 0.2656000E+01, 0.3560069E+03, 0.3469475E+03, 0.3469475E+03, 0.1938529E+03,
 0.2658000E+01, 0.3561129E+03, 0.3470419E+03, 0.3470419E+03, 0.1939070E+03,
 0.2660000E+01, 0.3562190E+03, 0.3471364E+03, 0.3471364E+03, 0.1939611E+03,
 0.2662000E+01, 0.3563251E+03, 0.3472309E+03, 0.3472309E+03, 0.1940153E+03,
 0.2664000E+01, 0.3564313E+03, 0.3473255E+03, 0.3473255E+03, 0.1940695E+03,
 0.2666000E+01, 0.3565375E+03, 0.3474201E+03, 0.3474201E+03, 0.1941238E+03,
 0.2668000E+01, 0.3566438E+03, 0.3475148E+03, 0.3475148E+03, 0.1941782E+03,
 0.2670000E+01, 0.3567502E+03, 0.3476095E+03, 0.3476095E+03, 0.1942327E+03,
 0.2672000E+01, 0.3568566E+03, 0.3477043E+03, 0.3477043E+03, 0.1942872E+03,
 0.2674000E+01, 0.3569631E+03, 0.3477991E+03, 0.3477991E+03, 0.1943419E+03,
 0.2676000E+01, 0.3570697E+03, 0.3478940E+03, 0.3478940E+03, 0.1943965E+03,
 0.2678000E+01, 0.3571763E+03, 0.3479889E+03, 0.3479889E+03, 0.1944513E+03,
 0.2680000E+01, 0.3572830E+03, 0.3480839E+03, 0.3480839E+03, 0.1945061E+03,
 0.2682000E+01, 0.3573897E+03, 0.3481789E+03, 0.3481789E+03, 0.1945610E+03,
 0.2684000E+01, 0.3574965E+03, 0.3482740E+03, 0.3482740E+03, 0.1946160E+03,
 0.2686000E+01, 0.3576034E+03, 0.3483691E+03, 0.3483691E+03, 0.1946711E+03,
 0.2688000E+01, 0.3577103E+03, 0.3484643E+03, 0.3484643E+03, 0.1947262E+03,
 0.2690000E+01, 0.3578173E+03, 0.3485596E+03, 0.3485596E+03, 0.1947813E+03,
 0.2692000E+01, 0.3579243E+03, 0.3486549E+03, 0.3486549E+03, 0.1948366E+03,
 0.2694000E+01, 0.3580315E+03, 0.3487502E+03, 0.3487502E+03, 0.1948919E+03,
 0.2696000E+01, 0.3581387E+03, 0.3488456E+03, 0.3488456E+03, 0.1949473E+03,
 0.2698000E+01, 0.3582459E+03, 0.3489411E+03, 0.3489411E+03, 0.1950027E+03,
 0.2700000E+01, 0.3583533E+03, 0.3490366E+03, 0.3490366E+03, 0.1950583E+03,
 0.2702000E+01, 0.3584607E+03, 0.3491321E+03, 0.3491321E+03, 0.1951138E+03,
 0.2704000E+01, 0.3585681E+03, 0.3492278E+03, 0.3492278E+03, 0.1951695E+03,
 0.2706000E+01, 0.3586757E+03, 0.3493235E+03, 0.3493235E+03, 0.1952252E+03,
 0.2708000E+01, 0.3587833E+03, 0.3494192E+03, 0.3494192E+03, 0.1952810E+03,
 0.2710000E+01, 0.3588909E+03, 0.3495150E+03, 0.3495150E+03, 0.1953368E+03,
 0.2712000E+01, 0.3589987E+03, 0.3496108E+03, 0.3496108E+03, 0.1953927E+03,
 0.2714000E+01, 0.3591065E+03, 0.3497067E+03, 0.3497067E+03, 0.1954487E+03,
 0.2716000E+01, 0.3592144E+03, 0.3498026E+03, 0.3498026E+03, 0.1955047E+03,
 0.2718000E+01, 0.3593223E+03, 0.3498987E+03, 0.3498987E+03, 0.1955608E+03,
 0.2720000E+01, 0.3594303E+03, 0.3499947E+03, 0.3499947E+03, 0.1956170E+03,
 0.2722000E+01, 0.3595384E+03, 0.3500909E+03, 0.3500909E+03, 0.1956732E+03,
 0.2724000E+01, 0.3596465E+03, 0.3501870E+03, 0.3501870E+03, 0.1957295E+03,
 0.2726000E+01, 0.3597548E+03, 0.3502833E+03, 0.3502833E+03, 0.1957858E+03,
 0.2728000E+01, 0.3598631E+03, 0.3503795E+03, 0.3503795E+03, 0.1958422E+03,
 0.2730000E+01, 0.3599714E+03, 0.3504759E+03, 0.3504759E+03, 0.1958987E+03,
 0.2732000E+01, 0.3600799E+03, 0.3505723E+03, 0.3505723E+03, 0.1959552E+03,
 0.2734000E+01, 0.3601884E+03, 0.3506688E+03, 0.3506688E+03, 0.1960118E+03,
 0.2736000E+01, 0.3602970E+03, 0.3507653E+03, 0.3507653E+03, 0.1960684E+03,
 0.2738000E+01, 0.3604057E+03, 0.3508619E+03, 0.3508619E+03, 0.1961251E+03,
 0.2740000E+01, 0.3605144E+03, 0.3509585E+03, 0.3509585E+03, 0.1961819E+03,
 0.2742000E+01, 0.3606232E+03, 0.3510552E+03, 0.3510552E+03, 0.1962387E+03,
 0.2744000E+01, 0.3607321E+03, 0.3511520E+03, 0.3511520E+03, 0.1962955E+03,
 0.2746000E+01, 0.3608410E+03, 0.3512488E+03, 0.3512488E+03, 0.1963525E+03,
 0.2748000E+01, 0.3609501E+03, 0.3513456E+03, 0.3513456E+03, 0.1964094E+03,
 0.2750000E+01, 0.3610592E+03, 0.3514426E+03, 0.3514426E+03, 0.1964665E+03,
 0.2752000E+01, 0.3611683E+03, 0.3515396E+03, 0.3515396E+03, 0.1965235E+03,
 0.2754000E+01, 0.3612776E+03, 0.3516366E+03, 0.3516366E+03, 0.1965807E+03,
 0.2756000E+01, 0.3613869E+03, 0.3517337E+03, 0.3517337E+03, 0.1966379E+03,
 0.2758000E+01, 0.3614963E+03, 0.3518309E+03, 0.3518309E+03, 0.1966951E+03,
 0.2760000E+01, 0.3616058E+03, 0.3519281E+03, 0.3519281E+03, 0.1967524E+03,
 0.2762000E+01, 0.3617154E+03, 0.3520254E+03, 0.3520254E+03, 0.1968097E+03,
 0.2764000E+01, 0.3618250E+03, 0.3521228E+03, 0.3521228E+03, 0.1968671E+03,
 0.2766000E+01, 0.3619347E+03, 0.3522202E+03, 0.3522202E+03, 0.1969246E+03,
 0.2768000E+01, 0.3620445E+03, 0.3523177E+03, 0.3523177E+03, 0.1969821E+03,
 0.2770000E+01, 0.3621544E+03, 0.3524152E+03, 0.3524152E+03, 0.1970396E+03,
 0.2772000E+01, 0.3622643E+03, 0.3525128E+03, 0.3525128E+03, 0.1970972E+03,
 0.2774000E+01, 0.3623744E+03, 0.3526104E+03, 0.3526104E+03, 0.1971548E+03,
 0.2776000E+01, 0.3624845E+03, 0.3527081E+03, 0.3527081E+03, 0.1972125E+03,
 0.2778000E+01, 0.3625946E+03, 0.3528059E+03, 0.3528059E+03, 0.1972702E+03,
 0.2780000E+01, 0.3627049E+03, 0.3529037E+03, 0.3529037E+03, 0.1973280E+03,
 0.2782000E+01, 0.3628152E+03, 0.3530016E+03, 0.3530016E+03, 0.1973858E+03,
 0.2784000E+01, 0.3629256E+03, 0.3530996E+03, 0.3530996E+03, 0.1974436E+03,
 0.2786000E+01, 0.3630361E+03, 0.3531976E+03, 0.3531976E+03, 0.1975015E+03,
 0.2788000E+01, 0.3631467E+03, 0.3532957E+03, 0.3532957E+03, 0.1975594E+03,
 0.2790000E+01, 0.3632574E+03, 0.3533938E+03, 0.3533938E+03, 0.1976173E+03,
 0.2792000E+01, 0.3633681E+03, 0.3534920E+03, 0.3534920E+03, 0.1976753E+03,
 0.2794000E+01, 0.3634789E+03, 0.3535902E+03, 0.3535902E+03, 0.1977333E+03,
 0.2796000E+01, 0.3635898E+03, 0.3536885E+03, 0.3536885E+03, 0.1977913E+03,
 0.2798000E+01, 0.3637007E+03, 0.3537869E+03, 0.3537869E+03, 0.1978493E+03,
 0.2800000E+01, 0.3638118E+03, 0.3538853E+03, 0.3538853E+03, 0.1979073E+03,
 0.2802000E+01, 0.3639229E+03, 0.3539838E+03, 0.3539838E+03, 0.1979654E+03,
 0.2804000E+01, 0.3640341E+03, 0.3540823E+03, 0.3540823E+03, 0.1980235E+03,
 0.2806000E+01, 0.3641454E+03, 0.3541808E+03, 0.3541808E+03, 0.1980815E+03,
 0.2808000E+01, 0.3642567E+03, 0.3542795E+03, 0.3542795E+03, 0.1981396E+03,
 0.2810000E+01, 0.3643681E+03, 0.3543782E+03, 0.3543782E+03, 0.1981977E+03,
 0.2812000E+01, 0.3644796E+03, 0.3544769E+03, 0.3544769E+03, 0.1982557E+03,
 0.2814000E+01, 0.3645912E+03, 0.3545757E+03, 0.3545757E+03, 0.1983138E+03,
 0.2816000E+01, 0.3647029E+03, 0.3546746E+03, 0.3546746E+03, 0.1983719E+03,
 0.2818000E+01, 0.3648146E+03, 0.3547735E+03, 0.3547735E+03, 0.1984299E+03,
 0.2820000E+01, 0.3649265E+03, 0.3548724E+03, 0.3548724E+03, 0.1984880E+03,
 0.2822000E+01, 0.3650384E+03, 0.3549714E+03, 0.3549714E+03, 0.1985460E+03,
 0.2824000E+01, 0.3651503E+03, 0.3550705E+03, 0.3550705E+03, 0.1986041E+03,
 0.2826000E+01, 0.3652624E+03, 0.3551696E+03, 0.3551696E+03, 0.1986621E+03,
 0.2828000E+01, 0.3653745E+03, 0.3552688E+03, 0.3552688E+03, 0.1987201E+03,
 0.2830000E+01, 0.3654868E+03, 0.3553680E+03, 0.3553680E+03, 0.1987781E+03,
 0.2832000E+01, 0.3655990E+03, 0.3554673E+03, 0.3554673E+03, 0.1988361E+03,
 0.2834000E+01, 0.3657114E+03, 0.3555666E+03, 0.3555666E+03, 0.1988941E+03,
 0.2836000E+01, 0.3658239E+03, 0.3556660E+03, 0.3556660E+03, 0.1989521E+03,
 0.2838000E+01, 0.3659364E+03, 0.3557654E+03, 0.3557654E+03, 0.1990101E+03,
 0.2840000E+01, 0.3660490E+03, 0.3558649E+03, 0.3558649E+03, 0.1990680E+03,
 0.2842000E+01, 0.3661617E+03, 0.3559644E+03, 0.3559644E+03, 0.1991260E+03,
 0.2844000E+01, 0.3662745E+03, 0.3560640E+03, 0.3560640E+03, 0.1991839E+03,
 0.2846000E+01, 0.3663874E+03, 0.3561636E+03, 0.3561636E+03, 0.1992419E+03,
 0.2848000E+01, 0.3665003E+03, 0.3562633E+03, 0.3562633E+03, 0.1992999E+03,
 0.2850000E+01, 0.3666133E+03, 0.3563631E+03, 0.3563631E+03, 0.1993578E+03,
 0.2852000E+01, 0.3667264E+03, 0.3564629E+03, 0.3564629E+03, 0.1994158E+03,
 0.2854000E+01, 0.3668396E+03, 0.3565628E+03, 0.3565628E+03, 0.1994738E+03,
 0.2856000E+01, 0.3669529E+03, 0.3566627E+03, 0.3566627E+03, 0.1995317E+03,
 0.2858000E+01, 0.3670662E+03, 0.3567627E+03, 0.3567627E+03, 0.1995897E+03,
 0.2860000E+01, 0.3671797E+03, 0.3568627E+03, 0.3568627E+03, 0.1996477E+03,
 0.2862000E+01, 0.3672932E+03, 0.3569628E+03, 0.3569628E+03, 0.1997057E+03,
 0.2864000E+01, 0.3674068E+03, 0.3570629E+03, 0.3570629E+03, 0.1997637E+03,
 0.2866000E+01, 0.3675204E+03, 0.3571631E+03, 0.3571631E+03, 0.1998217E+03,
 0.2868000E+01, 0.3676342E+03, 0.3572634E+03, 0.3572634E+03, 0.1998798E+03,
 0.2870000E+01, 0.3677480E+03, 0.3573637E+03, 0.3573637E+03, 0.1999378E+03,
 0.2872000E+01, 0.3678620E+03, 0.3574641E+03, 0.3574641E+03, 0.1999959E+03,
 0.2874000E+01, 0.3679760E+03, 0.3575645E+03, 0.3575645E+03, 0.2000540E+03,
 0.2876000E+01, 0.3680901E+03, 0.3576650E+03, 0.3576650E+03, 0.2001121E+03,
 0.2878000E+01, 0.3682043E+03, 0.3577655E+03, 0.3577655E+03, 0.2001702E+03,
 0.2880000E+01, 0.3683186E+03, 0.3578661E+03, 0.3578661E+03, 0.2002284E+03,
 0.2882000E+01, 0.3684329E+03, 0.3579668E+03, 0.3579668E+03, 0.2002866E+03,
 0.2884000E+01, 0.3685474E+03, 0.3580676E+03, 0.3580676E+03, 0.2003448E+03,
 0.2886000E+01, 0.3686619E+03, 0.3581684E+03, 0.3581684E+03, 0.2004030E+03,
 0.2888000E+01, 0.3687765E+03, 0.3582692E+03, 0.3582692E+03, 0.2004613E+03,
 0.2890000E+01, 0.3688912E+03, 0.3583701E+03, 0.3583701E+03, 0.2005195E+03,
 0.2892000E+01, 0.3690060E+03, 0.3584711E+03, 0.3584711E+03, 0.2005779E+03,
 0.2894000E+01, 0.3691208E+03, 0.3585721E+03, 0.3585721E+03, 0.2006362E+03,
 0.2896000E+01, 0.3692358E+03, 0.3586732E+03, 0.3586732E+03, 0.2006946E+03,
 0.2898000E+01, 0.3693509E+03, 0.3587744E+03, 0.3587744E+03, 0.2007530E+03,
 0.2900000E+01, 0.3694660E+03, 0.3588756E+03, 0.3588756E+03, 0.2008115E+03,
 0.2902000E+01, 0.3695812E+03, 0.3589769E+03, 0.3589769E+03, 0.2008700E+03,
 0.2904000E+01, 0.3696965E+03, 0.3590783E+03, 0.3590783E+03, 0.2009285E+03,
 0.2906000E+01, 0.3698119E+03, 0.3591797E+03, 0.3591797E+03, 0.2009870E+03,
 0.2908000E+01, 0.3699273E+03, 0.3592812E+03, 0.3592812E+03, 0.2010456E+03,
 0.2910000E+01, 0.3700429E+03, 0.3593828E+03, 0.3593828E+03, 0.2011043E+03,
 0.2912000E+01, 0.3701586E+03, 0.3594843E+03, 0.3594843E+03, 0.2011629E+03,
 0.2914000E+01, 0.3702743E+03, 0.3595860E+03, 0.3595860E+03, 0.2012217E+03,
 0.2916000E+01, 0.3703901E+03, 0.3596877E+03, 0.3596877E+03, 0.2012804E+03,
 0.2918000E+01, 0.3705060E+03, 0.3597896E+03, 0.3597896E+03, 0.2013392E+03,
 0.2920000E+01, 0.3706220E+03, 0.3598914E+03, 0.3598914E+03, 0.2013981E+03,
 0.2922000E+01, 0.3707381E+03, 0.3599934E+03, 0.3599934E+03, 0.2014570E+03,
 0.2924000E+01, 0.3708543E+03, 0.3600954E+03, 0.3600954E+03, 0.2015159E+03,
 0.2926000E+01, 0.3709706E+03, 0.3601974E+03, 0.3601974E+03, 0.2015749E+03,
 0.2928000E+01, 0.3710869E+03, 0.3602996E+03, 0.3602996E+03, 0.2016339E+03,
 0.2930000E+01, 0.3712033E+03, 0.3604018E+03, 0.3604018E+03, 0.2016930E+03,
 0.2932000E+01, 0.3713199E+03, 0.3605040E+03, 0.3605040E+03, 0.2017521E+03,
 0.2934000E+01, 0.3714365E+03, 0.3606064E+03, 0.3606064E+03, 0.2018113E+03,
 0.2936000E+01, 0.3715532E+03, 0.3607087E+03, 0.3607087E+03, 0.2018705E+03,
 0.2938000E+01, 0.3716700E+03, 0.3608112E+03, 0.3608112E+03, 0.2019298E+03,
 0.2940000E+01, 0.3717869E+03, 0.3609138E+03, 0.3609138E+03, 0.2019891E+03,
 0.2942000E+01, 0.3719038E+03, 0.3610164E+03, 0.3610164E+03, 0.2020485E+03,
 0.2944000E+01, 0.3720209E+03, 0.3611190E+03, 0.3611190E+03, 0.2021079E+03,
 0.2946000E+01, 0.3721381E+03, 0.3612218E+03, 0.3612218E+03, 0.2021674E+03,
 0.2948000E+01, 0.3722553E+03, 0.3613246E+03, 0.3613246E+03, 0.2022269E+03,
 0.2950000E+01, 0.3723727E+03, 0.3614274E+03, 0.3614274E+03, 0.2022865E+03,
 0.2952000E+01, 0.3724901E+03, 0.3615304E+03, 0.3615304E+03, 0.2023461E+03,
 0.2954000E+01, 0.3726076E+03, 0.3616334E+03, 0.3616334E+03, 0.2024058E+03,
 0.2956000E+01, 0.3727252E+03, 0.3617365E+03, 0.3617365E+03, 0.2024655E+03,
 0.2958000E+01, 0.3728429E+03, 0.3618396E+03, 0.3618396E+03, 0.2025253E+03,
 0.2960000E+01, 0.3729607E+03, 0.3619428E+03, 0.3619428E+03, 0.2025851E+03,
 0.2962000E+01, 0.3730786E+03, 0.3620461E+03, 0.3620461E+03, 0.2026450E+03,
 0.2964000E+01, 0.3731965E+03, 0.3621495E+03, 0.3621495E+03, 0.2027050E+03,
 0.2966000E+01, 0.3733146E+03, 0.3622529E+03, 0.3622529E+03, 0.2027650E+03,
 0.2968000E+01, 0.3734328E+03, 0.3623564E+03, 0.3623564E+03, 0.2028251E+03,
 0.2970000E+01, 0.3735510E+03, 0.3624600E+03, 0.3624600E+03, 0.2028852E+03,
 0.2972000E+01, 0.3736694E+03, 0.3625636E+03, 0.3625636E+03, 0.2029454E+03,
 0.2974000E+01, 0.3737878E+03, 0.3626674E+03, 0.3626674E+03, 0.2030056E+03,
 0.2976000E+01, 0.3739063E+03, 0.3627711E+03, 0.3627711E+03, 0.2030659E+03,
 0.2978000E+01, 0.3740250E+03, 0.3628750E+03, 0.3628750E+03, 0.2031262E+03,
 0.2980000E+01, 0.3741437E+03, 0.3629789E+03, 0.3629789E+03, 0.2031866E+03,
 0.2982000E+01, 0.3742625E+03, 0.3630829E+03, 0.3630829E+03, 0.2032471E+03,
 0.2984000E+01, 0.3743814E+03, 0.3631870E+03, 0.3631870E+03, 0.2033076E+03,
 0.2986000E+01, 0.3745004E+03, 0.3632911E+03, 0.3632911E+03, 0.2033682E+03,
 0.2988000E+01, 0.3746195E+03, 0.3633954E+03, 0.3633954E+03, 0.2034288E+03,
 0.2990000E+01, 0.3747386E+03, 0.3634996E+03, 0.3634996E+03, 0.2034895E+03,
 0.2992000E+01, 0.3748579E+03, 0.3636040E+03, 0.3636040E+03, 0.2035502E+03,
 0.2994000E+01, 0.3749773E+03, 0.3637084E+03, 0.3637084E+03, 0.2036110E+03,
 0.2996000E+01, 0.3750968E+03, 0.3638130E+03, 0.3638130E+03, 0.2036719E+03,
 0.2998000E+01, 0.3752163E+03, 0.3639175E+03, 0.3639175E+03, 0.2037328E+03,
 0.3000000E+01, 0.3753360E+03, 0.3640222E+03, 0.3640222E+03, 0.2037938E+03,
 0.3002000E+01, 0.3754558E+03, 0.3641269E+03, 0.3641269E+03, 0.2038548E+03,
 0.3004000E+01, 0.3755756E+03, 0.3642317E+03, 0.3642317E+03, 0.2039159E+03,
 0.3006000E+01, 0.3756956E+03, 0.3643366E+03, 0.3643366E+03, 0.2039771E+03,
 0.3008000E+01, 0.3758156E+03, 0.3644415E+03, 0.3644415E+03, 0.2040383E+03,
 0.3010000E+01, 0.3759358E+03, 0.3645466E+03, 0.3645466E+03, 0.2040995E+03,
 0.3012000E+01, 0.3760560E+03, 0.3646516E+03, 0.3646516E+03, 0.2041608E+03,
 0.3014000E+01, 0.3761763E+03, 0.3647568E+03, 0.3647568E+03, 0.2042222E+03,
 0.3016000E+01, 0.3762968E+03, 0.3648621E+03, 0.3648621E+03, 0.2042837E+03,
 0.3018000E+01, 0.3764173E+03, 0.3649674E+03, 0.3649674E+03, 0.2043452E+03,
 0.3020000E+01, 0.3765379E+03, 0.3650728E+03, 0.3650728E+03, 0.2044067E+03,
 0.3022000E+01, 0.3766586E+03, 0.3651783E+03, 0.3651783E+03, 0.2044683E+03,
 0.3024000E+01, 0.3767795E+03, 0.3652838E+03, 0.3652838E+03, 0.2045300E+03,
 0.3026000E+01, 0.3769004E+03, 0.3653894E+03, 0.3653894E+03, 0.2045917E+03,
 0.3028000E+01, 0.3770214E+03, 0.3654951E+03, 0.3654951E+03, 0.2046535E+03,
 0.3030000E+01, 0.3771425E+03, 0.3656009E+03, 0.3656009E+03, 0.2047154E+03,
 0.3032000E+01, 0.3772637E+03, 0.3657068E+03, 0.3657068E+03, 0.2047773E+03,
 0.3034000E+01, 0.3773851E+03, 0.3658127E+03, 0.3658127E+03, 0.2048392E+03,
 0.3036000E+01, 0.3775065E+03, 0.3659187E+03, 0.3659187E+03, 0.2049012E+03,
 0.3038000E+01, 0.3776280E+03, 0.3660247E+03, 0.3660247E+03, 0.2049633E+03,
 0.3040000E+01, 0.3777496E+03, 0.3661309E+03, 0.3661309E+03, 0.2050255E+03,
 0.3042000E+01, 0.3778713E+03, 0.3662372E+03, 0.3662372E+03, 0.2050877E+03,
 0.3044000E+01, 0.3779931E+03, 0.3663434E+03, 0.3663434E+03, 0.2051499E+03,
 0.3046000E+01, 0.3781151E+03, 0.3664498E+03, 0.3664498E+03, 0.2052122E+03,
 0.3048000E+01, 0.3782371E+03, 0.3665563E+03, 0.3665563E+03, 0.2052746E+03,
 0.3050000E+01, 0.3783592E+03, 0.3666628E+03, 0.3666628E+03, 0.2053370E+03,
 0.3052000E+01, 0.3784814E+03, 0.3667694E+03, 0.3667694E+03, 0.2053995E+03,
 0.3054000E+01, 0.3786037E+03, 0.3668761E+03, 0.3668761E+03, 0.2054620E+03,
 0.3056000E+01, 0.3787261E+03, 0.3669829E+03, 0.3669829E+03, 0.2055246E+03,
 0.3058000E+01, 0.3788486E+03, 0.3670898E+03, 0.3670898E+03, 0.2055873E+03,
 0.3060000E+01, 0.3789713E+03, 0.3671967E+03, 0.3671967E+03, 0.2056500E+03,
 0.3062000E+01, 0.3790940E+03, 0.3673037E+03, 0.3673037E+03, 0.2057127E+03,
 0.3064000E+01, 0.3792168E+03, 0.3674108E+03, 0.3674108E+03, 0.2057755E+03,
 0.3066000E+01, 0.3793398E+03, 0.3675179E+03, 0.3675179E+03, 0.2058384E+03,
 0.3068000E+01, 0.3794628E+03, 0.3676252E+03, 0.3676252E+03, 0.2059014E+03,
 0.3070000E+01, 0.3795859E+03, 0.3677325E+03, 0.3677325E+03, 0.2059643E+03,
 0.3072000E+01, 0.3797091E+03, 0.3678399E+03, 0.3678399E+03, 0.2060274E+03,
 0.3074000E+01, 0.3798325E+03, 0.3679473E+03, 0.3679473E+03, 0.2060905E+03,
 0.3076000E+01, 0.3799559E+03, 0.3680549E+03, 0.3680549E+03, 0.2061536E+03,
 0.3078000E+01, 0.3800795E+03, 0.3681625E+03, 0.3681625E+03, 0.2062168E+03,
 0.3080000E+01, 0.3802031E+03, 0.3682702E+03, 0.3682702E+03, 0.2062801E+03,
 0.3082000E+01, 0.3803269E+03, 0.3683780E+03, 0.3683780E+03, 0.2063434E+03,
 0.3084000E+01, 0.3804507E+03, 0.3684859E+03, 0.3684859E+03, 0.2064068E+03,
 0.3086000E+01, 0.3805747E+03, 0.3685938E+03, 0.3685938E+03, 0.2064702E+03,
 0.3088000E+01, 0.3806988E+03, 0.3687018E+03, 0.3687018E+03, 0.2065336E+03,
 0.3090000E+01, 0.3808229E+03, 0.3688099E+03, 0.3688099E+03, 0.2065971E+03,
 0.3092000E+01, 0.3809472E+03, 0.3689181E+03, 0.3689181E+03, 0.2066607E+03,
 0.3094000E+01, 0.3810716E+03, 0.3690263E+03, 0.3690263E+03, 0.2067243E+03,
 0.3096000E+01, 0.3811960E+03, 0.3691346E+03, 0.3691346E+03, 0.2067879E+03,
 0.3098000E+01, 0.3813206E+03, 0.3692430E+03, 0.3692430E+03, 0.2068516E+03,
 0.3100000E+01, 0.3814453E+03, 0.3693515E+03, 0.3693515E+03, 0.2069153E+03,
 0.3102000E+01, 0.3815701E+03, 0.3694601E+03, 0.3694601E+03, 0.2069790E+03,
 0.3104000E+01, 0.3816950E+03, 0.3695687E+03, 0.3695687E+03, 0.2070428E+03,
 0.3106000E+01, 0.3818200E+03, 0.3696774E+03, 0.3696774E+03, 0.2071066E+03,
 0.3108000E+01, 0.3819452E+03, 0.3697862E+03, 0.3697862E+03, 0.2071705E+03,
 0.3110000E+01, 0.3820704E+03, 0.3698951E+03, 0.3698951E+03, 0.2072344E+03,
 0.3112000E+01, 0.3821957E+03, 0.3700040E+03, 0.3700040E+03, 0.2072983E+03,
 0.3114000E+01, 0.3823211E+03, 0.3701130E+03, 0.3701130E+03, 0.2073622E+03,
 0.3116000E+01, 0.3824467E+03, 0.3702221E+03, 0.3702221E+03, 0.2074262E+03,
 0.3118000E+01, 0.3825723E+03, 0.3703313E+03, 0.3703313E+03, 0.2074902E+03,
 0.3120000E+01, 0.3826981E+03, 0.3704406E+03, 0.3704406E+03, 0.2075543E+03,
 0.3122000E+01, 0.3828239E+03, 0.3705499E+03, 0.3705499E+03, 0.2076183E+03,
 0.3124000E+01, 0.3829499E+03, 0.3706592E+03, 0.3706592E+03, 0.2076824E+03,
 0.3126000E+01, 0.3830760E+03, 0.3707687E+03, 0.3707687E+03, 0.2077466E+03,
 0.3128000E+01, 0.3832021E+03, 0.3708783E+03, 0.3708783E+03, 0.2078107E+03,
 0.3130000E+01, 0.3833284E+03, 0.3709879E+03, 0.3709879E+03, 0.2078749E+03,
 0.3132000E+01, 0.3834548E+03, 0.3710976E+03, 0.3710976E+03, 0.2079391E+03,
 0.3134000E+01, 0.3835813E+03, 0.3712074E+03, 0.3712074E+03, 0.2080033E+03,
 0.3136000E+01, 0.3837079E+03, 0.3713172E+03, 0.3713172E+03, 0.2080676E+03,
 0.3138000E+01, 0.3838346E+03, 0.3714272E+03, 0.3714272E+03, 0.2081319E+03,
 0.3140000E+01, 0.3839615E+03, 0.3715371E+03, 0.3715371E+03, 0.2081962E+03,
 0.3142000E+01, 0.3840884E+03, 0.3716472E+03, 0.3716472E+03, 0.2082606E+03,
 0.3144000E+01, 0.3842155E+03, 0.3717574E+03, 0.3717574E+03, 0.2083250E+03,
 0.3146000E+01, 0.3843426E+03, 0.3718676E+03, 0.3718676E+03, 0.2083894E+03,
 0.3148000E+01, 0.3844698E+03, 0.3719779E+03, 0.3719779E+03, 0.2084538E+03,
 0.3150000E+01, 0.3845972E+03, 0.3720883E+03, 0.3720883E+03, 0.2085183E+03,
 0.3152000E+01, 0.3847247E+03, 0.3721988E+03, 0.3721988E+03, 0.2085828E+03,
 0.3154000E+01, 0.3848523E+03, 0.3723093E+03, 0.3723093E+03, 0.2086474E+03,
 0.3156000E+01, 0.3849800E+03, 0.3724200E+03, 0.3724200E+03, 0.2087119E+03,
 0.3158000E+01, 0.3851078E+03, 0.3725307E+03, 0.3725307E+03, 0.2087765E+03,
 0.3160000E+01, 0.3852357E+03, 0.3726414E+03, 0.3726414E+03, 0.2088412E+03,
 0.3162000E+01, 0.3853638E+03, 0.3727523E+03, 0.3727523E+03, 0.2089058E+03,
 0.3164000E+01, 0.3854919E+03, 0.3728633E+03, 0.3728633E+03, 0.2089706E+03,
 0.3166000E+01, 0.3856201E+03, 0.3729742E+03, 0.3729742E+03, 0.2090353E+03,
 0.3168000E+01, 0.3857485E+03, 0.3730854E+03, 0.3730854E+03, 0.2091001E+03,
 0.3170000E+01, 0.3858770E+03, 0.3731965E+03, 0.3731965E+03, 0.2091649E+03,
 0.3172000E+01, 0.3860056E+03, 0.3733078E+03, 0.3733078E+03, 0.2092297E+03,
 0.3174000E+01, 0.3861343E+03, 0.3734191E+03, 0.3734191E+03, 0.2092946E+03,
 0.3176000E+01, 0.3862631E+03, 0.3735305E+03, 0.3735305E+03, 0.2093595E+03,
 0.3178000E+01, 0.3863920E+03, 0.3736420E+03, 0.3736420E+03, 0.2094245E+03,
 0.3180000E+01, 0.3865211E+03, 0.3737536E+03, 0.3737536E+03, 0.2094895E+03,
 0.3182000E+01, 0.3866502E+03, 0.3738653E+03, 0.3738653E+03, 0.2095546E+03,
 0.3184000E+01, 0.3867795E+03, 0.3739770E+03, 0.3739770E+03, 0.2096196E+03,
 0.3186000E+01, 0.3869089E+03, 0.3740888E+03, 0.3740888E+03, 0.2096848E+03,
 0.3188000E+01, 0.3870384E+03, 0.3742007E+03, 0.3742007E+03, 0.2097499E+03,
 0.3190000E+01, 0.3871680E+03, 0.3743127E+03, 0.3743127E+03, 0.2098151E+03,
 0.3192000E+01, 0.3872977E+03, 0.3744247E+03, 0.3744247E+03, 0.2098804E+03,
 0.3194000E+01, 0.3874275E+03, 0.3745369E+03, 0.3745369E+03, 0.2099457E+03,
 0.3196000E+01, 0.3875575E+03, 0.3746491E+03, 0.3746491E+03, 0.2100110E+03,
 0.3198000E+01, 0.3876875E+03, 0.3747614E+03, 0.3747614E+03, 0.2100764E+03,
 0.3200000E+01, 0.3878177E+03, 0.3748738E+03, 0.3748738E+03, 0.2101418E+03,
 0.3202000E+01, 0.3879480E+03, 0.3749863E+03, 0.3749863E+03, 0.2102073E+03,
 0.3204000E+01, 0.3880784E+03, 0.3750988E+03, 0.3750988E+03, 0.2102728E+03,
 0.3206000E+01, 0.3882089E+03, 0.3752115E+03, 0.3752115E+03, 0.2103384E+03,
 0.3208000E+01, 0.3883395E+03, 0.3753242E+03, 0.3753242E+03, 0.2104040E+03,
 0.3210000E+01, 0.3884703E+03, 0.3754370E+03, 0.3754370E+03, 0.2104696E+03,
 0.3212000E+01, 0.3886012E+03, 0.3755499E+03, 0.3755499E+03, 0.2105353E+03,
 0.3214000E+01, 0.3887321E+03, 0.3756629E+03, 0.3756629E+03, 0.2106011E+03,
 0.3216000E+01, 0.3888633E+03, 0.3757759E+03, 0.3757759E+03, 0.2106669E+03,
 0.3218000E+01, 0.3889944E+03, 0.3758891E+03, 0.3758891E+03, 0.2107327E+03,
 0.3220000E+01, 0.3891258E+03, 0.3760023E+03, 0.3760023E+03, 0.2107986E+03,
 0.3222000E+01, 0.3892572E+03, 0.3761156E+03, 0.3761156E+03, 0.2108646E+03,
 0.3224000E+01, 0.3893888E+03, 0.3762290E+03, 0.3762290E+03, 0.2109306E+03,
 0.3226000E+01, 0.3895205E+03, 0.3763425E+03, 0.3763425E+03, 0.2109966E+03,
 0.3228000E+01, 0.3896523E+03, 0.3764561E+03, 0.3764561E+03, 0.2110627E+03,
 0.3230000E+01, 0.3897842E+03, 0.3765697E+03, 0.3765697E+03, 0.2111289E+03,
 0.3232000E+01, 0.3899162E+03, 0.3766834E+03, 0.3766834E+03, 0.2111951E+03,
 0.3234000E+01, 0.3900484E+03, 0.3767973E+03, 0.3767973E+03, 0.2112613E+03,
 0.3236000E+01, 0.3901806E+03, 0.3769112E+03, 0.3769112E+03, 0.2113276E+03,
 0.3238000E+01, 0.3903130E+03, 0.3770251E+03, 0.3770251E+03, 0.2113940E+03,
 0.3240000E+01, 0.3904455E+03, 0.3771392E+03, 0.3771392E+03, 0.2114604E+03,
 0.3242000E+01, 0.3905782E+03, 0.3772534E+03, 0.3772534E+03, 0.2115269E+03,
 0.3244000E+01, 0.3907109E+03, 0.3773676E+03, 0.3773676E+03, 0.2115934E+03,
 0.3246000E+01, 0.3908438E+03, 0.3774820E+03, 0.3774820E+03, 0.2116600E+03,
 0.3248000E+01, 0.3909767E+03, 0.3775964E+03, 0.3775964E+03, 0.2117266E+03,
 0.3250000E+01, 0.3911098E+03, 0.3777109E+03, 0.3777109E+03, 0.2117933E+03,
 0.3252000E+01, 0.3912430E+03, 0.3778255E+03, 0.3778255E+03, 0.2118600E+03,
 0.3254000E+01, 0.3913764E+03, 0.3779402E+03, 0.3779402E+03, 0.2119268E+03,
 0.3256000E+01, 0.3915099E+03, 0.3780550E+03, 0.3780550E+03, 0.2119937E+03,
 0.3258000E+01, 0.3916434E+03, 0.3781699E+03, 0.3781699E+03, 0.2120606E+03,
 0.3260000E+01, 0.3917771E+03, 0.3782848E+03, 0.3782848E+03, 0.2121276E+03,
 0.3262000E+01, 0.3919109E+03, 0.3783998E+03, 0.3783998E+03, 0.2121946E+03,
 0.3264000E+01, 0.3920449E+03, 0.3785150E+03, 0.3785150E+03, 0.2122617E+03,
 0.3266000E+01, 0.3921789E+03, 0.3786302E+03, 0.3786302E+03, 0.2123289E+03,
 0.3268000E+01, 0.3923131E+03, 0.3787455E+03, 0.3787455E+03, 0.2123961E+03,
 0.3270000E+01, 0.3924474E+03, 0.3788609E+03, 0.3788609E+03, 0.2124633E+03,
 0.3272000E+01, 0.3925818E+03, 0.3789763E+03, 0.3789763E+03, 0.2125306E+03,
 0.3274000E+01, 0.3927164E+03, 0.3790919E+03, 0.3790919E+03, 0.2125980E+03,
 0.3276000E+01, 0.3928510E+03, 0.3792076E+03, 0.3792076E+03, 0.2126655E+03,
 0.3278000E+01, 0.3929858E+03, 0.3793233E+03, 0.3793233E+03, 0.2127330E+03,
 0.3280000E+01, 0.3931207E+03, 0.3794392E+03, 0.3794392E+03, 0.2128005E+03,
 0.3282000E+01, 0.3932558E+03, 0.3795551E+03, 0.3795551E+03, 0.2128681E+03,
 0.3284000E+01, 0.3933909E+03, 0.3796711E+03, 0.3796711E+03, 0.2129358E+03,
 0.3286000E+01, 0.3935262E+03, 0.3797872E+03, 0.3797872E+03, 0.2130036E+03,
 0.3288000E+01, 0.3936616E+03, 0.3799034E+03, 0.3799034E+03, 0.2130714E+03,
 0.3290000E+01, 0.3937971E+03, 0.3800197E+03, 0.3800197E+03, 0.2131392E+03,
 0.3292000E+01, 0.3939328E+03, 0.3801361E+03, 0.3801361E+03, 0.2132072E+03,
 0.3294000E+01, 0.3940685E+03, 0.3802526E+03, 0.3802526E+03, 0.2132751E+03,
 0.3296000E+01, 0.3942044E+03, 0.3803691E+03, 0.3803691E+03, 0.2133432E+03,
 0.3298000E+01, 0.3943405E+03, 0.3804858E+03, 0.3804858E+03, 0.2134113E+03,
 0.3300000E+01, 0.3944766E+03, 0.3806025E+03, 0.3806025E+03, 0.2134795E+03,
 0.3302000E+01, 0.3946129E+03, 0.3807194E+03, 0.3807194E+03, 0.2135477E+03,
 0.3304000E+01, 0.3947493E+03, 0.3808363E+03, 0.3808363E+03, 0.2136160E+03,
 0.3306000E+01, 0.3948858E+03, 0.3809533E+03, 0.3809533E+03, 0.2136844E+03,
 0.3308000E+01, 0.3950224E+03, 0.3810704E+03, 0.3810704E+03, 0.2137528E+03,
 0.3310000E+01, 0.3951592E+03, 0.3811877E+03, 0.3811877E+03, 0.2138213E+03,
 0.3312000E+01, 0.3952961E+03, 0.3813050E+03, 0.3813050E+03, 0.2138898E+03,
 0.3314000E+01, 0.3954331E+03, 0.3814223E+03, 0.3814223E+03, 0.2139584E+03,
 0.3316000E+01, 0.3955702E+03, 0.3815398E+03, 0.3815398E+03, 0.2140271E+03,
 0.3318000E+01, 0.3957075E+03, 0.3816574E+03, 0.3816574E+03, 0.2140958E+03,
 0.3320000E+01, 0.3958449E+03, 0.3817751E+03, 0.3817751E+03, 0.2141646E+03,
 0.3322000E+01, 0.3959824E+03, 0.3818928E+03, 0.3818928E+03, 0.2142335E+03,
 0.3324000E+01, 0.3961201E+03, 0.3820107E+03, 0.3820107E+03, 0.2143024E+03,
 0.3326000E+01, 0.3962578E+03, 0.3821286E+03, 0.3821286E+03, 0.2143714E+03,
 0.3328000E+01, 0.3963958E+03, 0.3822467E+03, 0.3822467E+03, 0.2144405E+03,
 0.3330000E+01, 0.3965338E+03, 0.3823648E+03, 0.3823648E+03, 0.2145096E+03,
 0.3332000E+01, 0.3966719E+03, 0.3824830E+03, 0.3824830E+03, 0.2145788E+03,
 0.3334000E+01, 0.3968102E+03, 0.3826013E+03, 0.3826013E+03, 0.2146480E+03,
 0.3336000E+01, 0.3969486E+03, 0.3827198E+03, 0.3827198E+03, 0.2147174E+03,
 0.3338000E+01, 0.3970872E+03, 0.3828383E+03, 0.3828383E+03, 0.2147867E+03,
 0.3340000E+01, 0.3972259E+03, 0.3829569E+03, 0.3829569E+03, 0.2148562E+03,
 0.3342000E+01, 0.3973647E+03, 0.3830756E+03, 0.3830756E+03, 0.2149257E+03,
 0.3344000E+01, 0.3975036E+03, 0.3831944E+03, 0.3831944E+03, 0.2149953E+03,
 0.3346000E+01, 0.3976426E+03, 0.3833133E+03, 0.3833133E+03, 0.2150649E+03,
 0.3348000E+01, 0.3977818E+03, 0.3834323E+03, 0.3834323E+03, 0.2151346E+03,
 0.3350000E+01, 0.3979211E+03, 0.3835513E+03, 0.3835513E+03, 0.2152043E+03,
 0.3352000E+01, 0.3980606E+03, 0.3836705E+03, 0.3836705E+03, 0.2152742E+03,
 0.3354000E+01, 0.3982002E+03, 0.3837898E+03, 0.3837898E+03, 0.2153441E+03,
 0.3356000E+01, 0.3983399E+03, 0.3839091E+03, 0.3839091E+03, 0.2154140E+03,
 0.3358000E+01, 0.3984797E+03, 0.3840286E+03, 0.3840286E+03, 0.2154841E+03,
 0.3360000E+01, 0.3986197E+03, 0.3841481E+03, 0.3841481E+03, 0.2155541E+03,
 0.3362000E+01, 0.3987598E+03, 0.3842678E+03, 0.3842678E+03, 0.2156243E+03,
 0.3364000E+01, 0.3989000E+03, 0.3843875E+03, 0.3843875E+03, 0.2156945E+03,
 0.3366000E+01, 0.3990403E+03, 0.3845074E+03, 0.3845074E+03, 0.2157648E+03,
 0.3368000E+01, 0.3991808E+03, 0.3846273E+03, 0.3846273E+03, 0.2158351E+03,
 0.3370000E+01, 0.3993215E+03, 0.3847473E+03, 0.3847473E+03, 0.2159055E+03,
 0.3372000E+01, 0.3994622E+03, 0.3848675E+03, 0.3848675E+03, 0.2159760E+03,
 0.3374000E+01, 0.3996031E+03, 0.3849877E+03, 0.3849877E+03, 0.2160466E+03,
 0.3376000E+01, 0.3997441E+03, 0.3851080E+03, 0.3851080E+03, 0.2161172E+03,
 0.3378000E+01, 0.3998853E+03, 0.3852285E+03, 0.3852285E+03, 0.2161878E+03,
 0.3380000E+01, 0.4000266E+03, 0.3853490E+03, 0.3853490E+03, 0.2162585E+03,
 0.3382000E+01, 0.4001680E+03, 0.3854696E+03, 0.3854696E+03, 0.2163293E+03,
 0.3384000E+01, 0.4003095E+03, 0.3855903E+03, 0.3855903E+03, 0.2164002E+03,
 0.3386000E+01, 0.4004512E+03, 0.3857111E+03, 0.3857111E+03, 0.2164711E+03,
 0.3388000E+01, 0.4005930E+03, 0.3858320E+03, 0.3858320E+03, 0.2165420E+03,
 0.3390000E+01, 0.4007350E+03, 0.3859530E+03, 0.3859530E+03, 0.2166130E+03,
 0.3392000E+01, 0.4008771E+03, 0.3860741E+03, 0.3860741E+03, 0.2166841E+03,
 0.3394000E+01, 0.4010193E+03, 0.3861953E+03, 0.3861953E+03, 0.2167552E+03,
 0.3396000E+01, 0.4011617E+03, 0.3863166E+03, 0.3863166E+03, 0.2168264E+03,
 0.3398000E+01, 0.4013041E+03, 0.3864379E+03, 0.3864379E+03, 0.2168976E+03,
 0.3400000E+01, 0.4014467E+03, 0.3865594E+03, 0.3865594E+03, 0.2169689E+03,
 0.3402000E+01, 0.4015895E+03, 0.3866810E+03, 0.3866810E+03, 0.2170403E+03,
 0.3404000E+01, 0.4017324E+03, 0.3868026E+03, 0.3868026E+03, 0.2171117E+03,
 0.3406000E+01, 0.4018754E+03, 0.3869244E+03, 0.3869244E+03, 0.2171831E+03,
 0.3408000E+01, 0.4020186E+03, 0.3870463E+03, 0.3870463E+03, 0.2172546E+03,
 0.3410000E+01, 0.4021619E+03, 0.3871682E+03, 0.3871682E+03, 0.2173262E+03,
 0.3412000E+01, 0.4023053E+03, 0.3872903E+03, 0.3872903E+03, 0.2173978E+03,
 0.3414000E+01, 0.4024489E+03, 0.3874124E+03, 0.3874124E+03, 0.2174694E+03,
 0.3416000E+01, 0.4025926E+03, 0.3875346E+03, 0.3875346E+03, 0.2175411E+03,
 0.3418000E+01, 0.4027364E+03, 0.3876570E+03, 0.3876570E+03, 0.2176129E+03,
 0.3420000E+01, 0.4028804E+03, 0.3877794E+03, 0.3877794E+03, 0.2176847E+03,
 0.3422000E+01, 0.4030245E+03, 0.3879019E+03, 0.3879019E+03, 0.2177565E+03,
 0.3424000E+01, 0.4031687E+03, 0.3880246E+03, 0.3880246E+03, 0.2178284E+03,
 0.3426000E+01, 0.4033131E+03, 0.3881473E+03, 0.3881473E+03, 0.2179004E+03,
 0.3428000E+01, 0.4034576E+03, 0.3882701E+03, 0.3882701E+03, 0.2179724E+03,
 0.3430000E+01, 0.4036023E+03, 0.3883930E+03, 0.3883930E+03, 0.2180444E+03,
 0.3432000E+01, 0.4037471E+03, 0.3885161E+03, 0.3885161E+03, 0.2181165E+03,
 0.3434000E+01, 0.4038920E+03, 0.3886392E+03, 0.3886392E+03, 0.2181887E+03,
 0.3436000E+01, 0.4040371E+03, 0.3887624E+03, 0.3887624E+03, 0.2182609E+03,
 0.3438000E+01, 0.4041823E+03, 0.3888857E+03, 0.3888857E+03, 0.2183332E+03,
 0.3440000E+01, 0.4043277E+03, 0.3890091E+03, 0.3890091E+03, 0.2184055E+03,
 0.3442000E+01, 0.4044731E+03, 0.3891326E+03, 0.3891326E+03, 0.2184778E+03,
 0.3444000E+01, 0.4046188E+03, 0.3892562E+03, 0.3892562E+03, 0.2185503E+03,
 0.3446000E+01, 0.4047645E+03, 0.3893799E+03, 0.3893799E+03, 0.2186227E+03,
 0.3448000E+01, 0.4049104E+03, 0.3895037E+03, 0.3895037E+03, 0.2186953E+03,
 0.3450000E+01, 0.4050565E+03, 0.3896276E+03, 0.3896276E+03, 0.2187678E+03,
 0.3452000E+01, 0.4052027E+03, 0.3897516E+03, 0.3897516E+03, 0.2188405E+03,
 0.3454000E+01, 0.4053490E+03, 0.3898757E+03, 0.3898757E+03, 0.2189132E+03,
 0.3456000E+01, 0.4054955E+03, 0.3899998E+03, 0.3899998E+03, 0.2189859E+03,
 0.3458000E+01, 0.4056421E+03, 0.3901241E+03, 0.3901241E+03, 0.2190587E+03,
 0.3460000E+01, 0.4057888E+03, 0.3902485E+03, 0.3902485E+03, 0.2191316E+03,
 0.3462000E+01, 0.4059357E+03, 0.3903730E+03, 0.3903730E+03, 0.2192045E+03,
 0.3464000E+01, 0.4060827E+03, 0.3904976E+03, 0.3904976E+03, 0.2192774E+03,
 0.3466000E+01, 0.4062299E+03, 0.3906223E+03, 0.3906223E+03, 0.2193504E+03,
 0.3468000E+01, 0.4063772E+03, 0.3907471E+03, 0.3907471E+03, 0.2194235E+03,
 0.3470000E+01, 0.4065247E+03, 0.3908719E+03, 0.3908719E+03, 0.2194967E+03,
 0.3472000E+01, 0.4066723E+03, 0.3909969E+03, 0.3909969E+03, 0.2195698E+03,
 0.3474000E+01, 0.4068200E+03, 0.3911220E+03, 0.3911220E+03, 0.2196431E+03,
 0.3476000E+01, 0.4069679E+03, 0.3912472E+03, 0.3912472E+03, 0.2197164E+03,
 0.3478000E+01, 0.4071159E+03, 0.3913725E+03, 0.3913725E+03, 0.2197897E+03,
 0.3480000E+01, 0.4072641E+03, 0.3914979E+03, 0.3914979E+03, 0.2198632E+03,
 0.3482000E+01, 0.4074124E+03, 0.3916234E+03, 0.3916234E+03, 0.2199366E+03,
 0.3484000E+01, 0.4075608E+03, 0.3917490E+03, 0.3917490E+03, 0.2200102E+03,
 0.3486000E+01, 0.4077094E+03, 0.3918747E+03, 0.3918747E+03, 0.2200838E+03,
 0.3488000E+01, 0.4078582E+03, 0.3920005E+03, 0.3920005E+03, 0.2201574E+03,
 0.3490000E+01, 0.4080070E+03, 0.3921263E+03, 0.3921263E+03, 0.2202311E+03,
 0.3492000E+01, 0.4081561E+03, 0.3922523E+03, 0.3922523E+03, 0.2203049E+03,
 0.3494000E+01, 0.4083052E+03, 0.3923784E+03, 0.3923784E+03, 0.2203787E+03,
 0.3496000E+01, 0.4084545E+03, 0.3925046E+03, 0.3925046E+03, 0.2204526E+03,
 0.3498000E+01, 0.4086040E+03, 0.3926309E+03, 0.3926309E+03, 0.2205266E+03,
 0.3500000E+01, 0.4087536E+03, 0.3927573E+03, 0.3927573E+03, 0.2206006E+03,
 0.3500000E+01, 0.4087536E+03, 0.3927573E+03, 0.3927573E+03, 0.2206006E+03,
 0.3502000E+01, 0.4089034E+03, 0.3928839E+03, 0.3928839E+03, 0.2206747E+03,
 0.3504000E+01, 0.4090533E+03, 0.3930104E+03, 0.3930104E+03, 0.2207488E+03,
 0.3506000E+01, 0.4092033E+03, 0.3931371E+03, 0.3931371E+03, 0.2208230E+03,
 0.3508000E+01, 0.4093535E+03, 0.3932640E+03, 0.3932640E+03, 0.2208973E+03,
 0.3510000E+01, 0.4095038E+03, 0.3933909E+03, 0.3933909E+03, 0.2209716E+03,
 0.3512000E+01, 0.4096543E+03, 0.3935179E+03, 0.3935179E+03, 0.2210460E+03,
 0.3514000E+01, 0.4098049E+03, 0.3936450E+03, 0.3936450E+03, 0.2211204E+03,
 0.3516000E+01, 0.4099557E+03, 0.3937722E+03, 0.3937722E+03, 0.2211949E+03,
 0.3518000E+01, 0.4101066E+03, 0.3938996E+03, 0.3938996E+03, 0.2212695E+03,
 0.3520000E+01, 0.4102577E+03, 0.3940270E+03, 0.3940270E+03, 0.2213441E+03,
 0.3522000E+01, 0.4104089E+03, 0.3941545E+03, 0.3941545E+03, 0.2214189E+03,
 0.3524000E+01, 0.4105602E+03, 0.3942822E+03, 0.3942822E+03, 0.2214936E+03,
 0.3526000E+01, 0.4107117E+03, 0.3944099E+03, 0.3944099E+03, 0.2215685E+03,
 0.3528000E+01, 0.4108634E+03, 0.3945378E+03, 0.3945378E+03, 0.2216433E+03,
 0.3530000E+01, 0.4110152E+03, 0.3946657E+03, 0.3946657E+03, 0.2217183E+03,
 0.3532000E+01, 0.4111671E+03, 0.3947938E+03, 0.3947938E+03, 0.2217933E+03,
 0.3534000E+01, 0.4113192E+03, 0.3949220E+03, 0.3949220E+03, 0.2218684E+03,
 0.3536000E+01, 0.4114715E+03, 0.3950502E+03, 0.3950502E+03, 0.2219436E+03,
 0.3538000E+01, 0.4116239E+03, 0.3951786E+03, 0.3951786E+03, 0.2220188E+03,
 0.3540000E+01, 0.4117764E+03, 0.3953071E+03, 0.3953071E+03, 0.2220941E+03,
 0.3542000E+01, 0.4119291E+03, 0.3954357E+03, 0.3954357E+03, 0.2221694E+03,
 0.3544000E+01, 0.4120820E+03, 0.3955644E+03, 0.3955644E+03, 0.2222449E+03,
 0.3546000E+01, 0.4122350E+03, 0.3956932E+03, 0.3956932E+03, 0.2223204E+03,
 0.3548000E+01, 0.4123881E+03, 0.3958221E+03, 0.3958221E+03, 0.2223959E+03,
 0.3550000E+01, 0.4125414E+03, 0.3959511E+03, 0.3959511E+03, 0.2224715E+03,
 0.3552000E+01, 0.4126948E+03, 0.3960802E+03, 0.3960802E+03, 0.2225472E+03,
 0.3554000E+01, 0.4128484E+03, 0.3962094E+03, 0.3962094E+03, 0.2226230E+03,
 0.3556000E+01, 0.4130022E+03, 0.3963388E+03, 0.3963388E+03, 0.2226988E+03,
 0.3558000E+01, 0.4131561E+03, 0.3964682E+03, 0.3964682E+03, 0.2227747E+03,
 0.3560000E+01, 0.4133101E+03, 0.3965977E+03, 0.3965977E+03, 0.2228507E+03,
 0.3562000E+01, 0.4134643E+03, 0.3967274E+03, 0.3967274E+03, 0.2229267E+03,
 0.3564000E+01, 0.4136187E+03, 0.3968571E+03, 0.3968571E+03, 0.2230028E+03,
 0.3566000E+01, 0.4137732E+03, 0.3969870E+03, 0.3969870E+03, 0.2230790E+03,
 0.3568000E+01, 0.4139278E+03, 0.3971170E+03, 0.3971170E+03, 0.2231552E+03,
 0.3570000E+01, 0.4140826E+03, 0.3972471E+03, 0.3972471E+03, 0.2232315E+03,
 0.3572000E+01, 0.4142376E+03, 0.3973773E+03, 0.3973773E+03, 0.2233079E+03,
 0.3574000E+01, 0.4143927E+03, 0.3975076E+03, 0.3975076E+03, 0.2233844E+03,
 0.3576000E+01, 0.4145480E+03, 0.3976380E+03, 0.3976380E+03, 0.2234609E+03,
 0.3578000E+01, 0.4147034E+03, 0.3977685E+03, 0.3977685E+03, 0.2235375E+03,
 0.3580000E+01, 0.4148590E+03, 0.3978991E+03, 0.3978991E+03, 0.2236142E+03,
 0.3582000E+01, 0.4150147E+03, 0.3980298E+03, 0.3980298E+03, 0.2236909E+03,
 0.3584000E+01, 0.4151706E+03, 0.3981607E+03, 0.3981607E+03, 0.2237677E+03,
 0.3586000E+01, 0.4153266E+03, 0.3982916E+03, 0.3982916E+03, 0.2238446E+03,
 0.3588000E+01, 0.4154828E+03, 0.3984227E+03, 0.3984227E+03, 0.2239215E+03,
 0.3590000E+01, 0.4156392E+03, 0.3985539E+03, 0.3985539E+03, 0.2239985E+03,
 0.3592000E+01, 0.4157957E+03, 0.3986851E+03, 0.3986851E+03, 0.2240756E+03,
 0.3594000E+01, 0.4159523E+03, 0.3988165E+03, 0.3988165E+03, 0.2241528E+03,
 0.3596000E+01, 0.4161091E+03, 0.3989480E+03, 0.3989480E+03, 0.2242300E+03,
 0.3598000E+01, 0.4162661E+03, 0.3990796E+03, 0.3990796E+03, 0.2243073E+03,
 0.3600000E+01, 0.4164232E+03, 0.3992113E+03, 0.3992113E+03, 0.2243847E+03,
 0.3602000E+01, 0.4165805E+03, 0.3993432E+03, 0.3993432E+03, 0.2244621E+03,
 0.3604000E+01, 0.4167379E+03, 0.3994751E+03, 0.3994751E+03, 0.2245397E+03,
 0.3606000E+01, 0.4168955E+03, 0.3996071E+03, 0.3996071E+03, 0.2246172E+03,
 0.3608000E+01, 0.4170532E+03, 0.3997393E+03, 0.3997393E+03, 0.2246949E+03,
 0.3610000E+01, 0.4172111E+03, 0.3998716E+03, 0.3998716E+03, 0.2247727E+03,
 0.3612000E+01, 0.4173692E+03, 0.4000039E+03, 0.4000039E+03, 0.2248505E+03,
 0.3614000E+01, 0.4175274E+03, 0.4001364E+03, 0.4001364E+03, 0.2249283E+03,
 0.3616000E+01, 0.4176858E+03, 0.4002690E+03, 0.4002690E+03, 0.2250063E+03,
 0.3618000E+01, 0.4178443E+03, 0.4004018E+03, 0.4004018E+03, 0.2250843E+03,
 0.3620000E+01, 0.4180030E+03, 0.4005346E+03, 0.4005346E+03, 0.2251624E+03,
 0.3622000E+01, 0.4181618E+03, 0.4006675E+03, 0.4006675E+03, 0.2252406E+03,
 0.3624000E+01, 0.4183209E+03, 0.4008006E+03, 0.4008006E+03, 0.2253189E+03,
 0.3626000E+01, 0.4184800E+03, 0.4009337E+03, 0.4009337E+03, 0.2253972E+03,
 0.3628000E+01, 0.4186393E+03, 0.4010670E+03, 0.4010670E+03, 0.2254756E+03,
 0.3630000E+01, 0.4187988E+03, 0.4012003E+03, 0.4012003E+03, 0.2255540E+03,
 0.3632000E+01, 0.4189585E+03, 0.4013339E+03, 0.4013339E+03, 0.2256326E+03,
 0.3634000E+01, 0.4191183E+03, 0.4014675E+03, 0.4014675E+03, 0.2257112E+03,
 0.3636000E+01, 0.4192782E+03, 0.4016012E+03, 0.4016012E+03, 0.2257898E+03,
 0.3638000E+01, 0.4194384E+03, 0.4017350E+03, 0.4017350E+03, 0.2258686E+03,
 0.3640000E+01, 0.4195986E+03, 0.4018690E+03, 0.4018690E+03, 0.2259474E+03,
 0.3642000E+01, 0.4197591E+03, 0.4020030E+03, 0.4020030E+03, 0.2260263E+03,
 0.3644000E+01, 0.4199197E+03, 0.4021371E+03, 0.4021371E+03, 0.2261052E+03,
 0.3646000E+01, 0.4200804E+03, 0.4022714E+03, 0.4022714E+03, 0.2261842E+03,
 0.3648000E+01, 0.4202414E+03, 0.4024058E+03, 0.4024058E+03, 0.2262633E+03,
 0.3650000E+01, 0.4204024E+03, 0.4025403E+03, 0.4025403E+03, 0.2263425E+03,
 0.3652000E+01, 0.4205637E+03, 0.4026749E+03, 0.4026749E+03, 0.2264217E+03,
 0.3654000E+01, 0.4207251E+03, 0.4028097E+03, 0.4028097E+03, 0.2265010E+03,
 0.3656000E+01, 0.4208867E+03, 0.4029445E+03, 0.4029445E+03, 0.2265804E+03,
 0.3658000E+01, 0.4210484E+03, 0.4030794E+03, 0.4030794E+03, 0.2266598E+03,
 0.3660000E+01, 0.4212103E+03, 0.4032145E+03, 0.4032145E+03, 0.2267393E+03,
 0.3662000E+01, 0.4213723E+03, 0.4033497E+03, 0.4033497E+03, 0.2268188E+03,
 0.3664000E+01, 0.4215345E+03, 0.4034850E+03, 0.4034850E+03, 0.2268985E+03,
 0.3666000E+01, 0.4216969E+03, 0.4036204E+03, 0.4036204E+03, 0.2269782E+03,
 0.3668000E+01, 0.4218595E+03, 0.4037559E+03, 0.4037559E+03, 0.2270579E+03,
 0.3670000E+01, 0.4220222E+03, 0.4038915E+03, 0.4038915E+03, 0.2271378E+03,
 0.3672000E+01, 0.4221850E+03, 0.4040273E+03, 0.4040273E+03, 0.2272177E+03,
 0.3674000E+01, 0.4223481E+03, 0.4041631E+03, 0.4041631E+03, 0.2272976E+03,
 0.3676000E+01, 0.4225113E+03, 0.4042991E+03, 0.4042991E+03, 0.2273776E+03,
 0.3678000E+01, 0.4226746E+03, 0.4044352E+03, 0.4044352E+03, 0.2274577E+03,
 0.3680000E+01, 0.4228381E+03, 0.4045714E+03, 0.4045714E+03, 0.2275379E+03,
 0.3682000E+01, 0.4230018E+03, 0.4047076E+03, 0.4047076E+03, 0.2276181E+03,
 0.3684000E+01, 0.4231657E+03, 0.4048441E+03, 0.4048441E+03, 0.2276984E+03,
 0.3686000E+01, 0.4233297E+03, 0.4049806E+03, 0.4049806E+03, 0.2277788E+03,
 0.3688000E+01, 0.4234939E+03, 0.4051172E+03, 0.4051172E+03, 0.2278592E+03,
 0.3690000E+01, 0.4236582E+03, 0.4052540E+03, 0.4052540E+03, 0.2279397E+03,
 0.3692000E+01, 0.4238227E+03, 0.4053909E+03, 0.4053909E+03, 0.2280203E+03,
 0.3694000E+01, 0.4239874E+03, 0.4055279E+03, 0.4055279E+03, 0.2281009E+03,
 0.3696000E+01, 0.4241523E+03, 0.4056650E+03, 0.4056650E+03, 0.2281816E+03,
 0.3698000E+01, 0.4243173E+03, 0.4058022E+03, 0.4058022E+03, 0.2282624E+03,
 0.3700000E+01, 0.4244824E+03, 0.4059395E+03, 0.4059395E+03, 0.2283432E+03,
 0.3702000E+01, 0.4246478E+03, 0.4060770E+03, 0.4060770E+03, 0.2284241E+03,
 0.3704000E+01, 0.4248133E+03, 0.4062145E+03, 0.4062145E+03, 0.2285051E+03,
 0.3706000E+01, 0.4249789E+03, 0.4063522E+03, 0.4063522E+03, 0.2285862E+03,
 0.3708000E+01, 0.4251448E+03, 0.4064900E+03, 0.4064900E+03, 0.2286673E+03,
 0.3710000E+01, 0.4253108E+03, 0.4066279E+03, 0.4066279E+03, 0.2287484E+03,
 0.3712000E+01, 0.4254770E+03, 0.4067659E+03, 0.4067659E+03, 0.2288297E+03,
 0.3714000E+01, 0.4256433E+03, 0.4069041E+03, 0.4069041E+03, 0.2289110E+03,
 0.3716000E+01, 0.4258098E+03, 0.4070423E+03, 0.4070423E+03, 0.2289924E+03,
 0.3718000E+01, 0.4259765E+03, 0.4071807E+03, 0.4071807E+03, 0.2290739E+03,
 0.3720000E+01, 0.4261433E+03, 0.4073192E+03, 0.4073192E+03, 0.2291554E+03,
 0.3722000E+01, 0.4263104E+03, 0.4074578E+03, 0.4074578E+03, 0.2292370E+03,
 0.3724000E+01, 0.4264775E+03, 0.4075965E+03, 0.4075965E+03, 0.2293187E+03,
 0.3726000E+01, 0.4266449E+03, 0.4077353E+03, 0.4077353E+03, 0.2294004E+03,
 0.3728000E+01, 0.4268124E+03, 0.4078743E+03, 0.4078743E+03, 0.2294822E+03,
 0.3730000E+01, 0.4269801E+03, 0.4080133E+03, 0.4080133E+03, 0.2295641E+03,
 0.3732000E+01, 0.4271480E+03, 0.4081525E+03, 0.4081525E+03, 0.2296460E+03,
 0.3734000E+01, 0.4273160E+03, 0.4082918E+03, 0.4082918E+03, 0.2297281E+03,
 0.3736000E+01, 0.4274842E+03, 0.4084312E+03, 0.4084312E+03, 0.2298102E+03,
 0.3738000E+01, 0.4276526E+03, 0.4085708E+03, 0.4085708E+03, 0.2298923E+03,
 0.3740000E+01, 0.4278211E+03, 0.4087104E+03, 0.4087104E+03, 0.2299746E+03,
 0.3742000E+01, 0.4279898E+03, 0.4088502E+03, 0.4088502E+03, 0.2300569E+03,
 0.3744000E+01, 0.4281587E+03, 0.4089901E+03, 0.4089901E+03, 0.2301393E+03,
 0.3746000E+01, 0.4283278E+03, 0.4091301E+03, 0.4091301E+03, 0.2302217E+03,
 0.3748000E+01, 0.4284970E+03, 0.4092702E+03, 0.4092702E+03, 0.2303042E+03,
 0.3750000E+01, 0.4286664E+03, 0.4094104E+03, 0.4094104E+03, 0.2303868E+03,
 0.3752000E+01, 0.4288360E+03, 0.4095508E+03, 0.4095508E+03, 0.2304695E+03,
 0.3754000E+01, 0.4290057E+03, 0.4096913E+03, 0.4096913E+03, 0.2305522E+03,
 0.3756000E+01, 0.4291756E+03, 0.4098318E+03, 0.4098318E+03, 0.2306350E+03,
 0.3758000E+01, 0.4293457E+03, 0.4099726E+03, 0.4099726E+03, 0.2307179E+03,
 0.3760000E+01, 0.4295160E+03, 0.4101134E+03, 0.4101134E+03, 0.2308009E+03,
 0.3762000E+01, 0.4296864E+03, 0.4102543E+03, 0.4102543E+03, 0.2308839E+03,
 0.3764000E+01, 0.4298570E+03, 0.4103954E+03, 0.4103954E+03, 0.2309670E+03,
 0.3766000E+01, 0.4300278E+03, 0.4105366E+03, 0.4105366E+03, 0.2310502E+03,
 0.3768000E+01, 0.4301987E+03, 0.4106779E+03, 0.4106779E+03, 0.2311334E+03,
 0.3770000E+01, 0.4303698E+03, 0.4108193E+03, 0.4108193E+03, 0.2312168E+03,
 0.3772000E+01, 0.4305411E+03, 0.4109608E+03, 0.4109608E+03, 0.2313002E+03,
 0.3774000E+01, 0.4307126E+03, 0.4111025E+03, 0.4111025E+03, 0.2313836E+03,
 0.3776000E+01, 0.4308842E+03, 0.4112443E+03, 0.4112443E+03, 0.2314672E+03,
 0.3778000E+01, 0.4310561E+03, 0.4113862E+03, 0.4113862E+03, 0.2315508E+03,
 0.3780000E+01, 0.4312281E+03, 0.4115282E+03, 0.4115282E+03, 0.2316345E+03,
 0.3782000E+01, 0.4314002E+03, 0.4116703E+03, 0.4116703E+03, 0.2317183E+03,
 0.3784000E+01, 0.4315726E+03, 0.4118126E+03, 0.4118126E+03, 0.2318021E+03,
 0.3786000E+01, 0.4317451E+03, 0.4119550E+03, 0.4119550E+03, 0.2318860E+03,
 0.3788000E+01, 0.4319178E+03, 0.4120975E+03, 0.4120975E+03, 0.2319700E+03,
 0.3790000E+01, 0.4320907E+03, 0.4122401E+03, 0.4122401E+03, 0.2320541E+03,
 0.3792000E+01, 0.4322637E+03, 0.4123828E+03, 0.4123828E+03, 0.2321383E+03,
 0.3794000E+01, 0.4324370E+03, 0.4125257E+03, 0.4125257E+03, 0.2322225E+03,
 0.3796000E+01, 0.4326103E+03, 0.4126686E+03, 0.4126686E+03, 0.2323068E+03,
 0.3798000E+01, 0.4327839E+03, 0.4128117E+03, 0.4128117E+03, 0.2323912E+03,
 0.3800000E+01, 0.4329577E+03, 0.4129550E+03, 0.4129550E+03, 0.2324756E+03,
 0.3802000E+01, 0.4331316E+03, 0.4130983E+03, 0.4130983E+03, 0.2325602E+03,
 0.3804000E+01, 0.4333057E+03, 0.4132418E+03, 0.4132418E+03, 0.2326447E+03,
 0.3806000E+01, 0.4334800E+03, 0.4133853E+03, 0.4133853E+03, 0.2327294E+03,
 0.3808000E+01, 0.4336544E+03, 0.4135291E+03, 0.4135291E+03, 0.2328142E+03,
 0.3810000E+01, 0.4338291E+03, 0.4136729E+03, 0.4136729E+03, 0.2328990E+03,
 0.3812000E+01, 0.4340039E+03, 0.4138168E+03, 0.4138168E+03, 0.2329839E+03,
 0.3814000E+01, 0.4341789E+03, 0.4139609E+03, 0.4139609E+03, 0.2330689E+03,
 0.3816000E+01, 0.4343541E+03, 0.4141051E+03, 0.4141051E+03, 0.2331540E+03,
 0.3818000E+01, 0.4345294E+03, 0.4142494E+03, 0.4142494E+03, 0.2332391E+03,
 0.3820000E+01, 0.4347050E+03, 0.4143938E+03, 0.4143938E+03, 0.2333244E+03,
 0.3822000E+01, 0.4348807E+03, 0.4145384E+03, 0.4145384E+03, 0.2334097E+03,
 0.3824000E+01, 0.4350565E+03, 0.4146831E+03, 0.4146831E+03, 0.2334950E+03,
 0.3826000E+01, 0.4352326E+03, 0.4148279E+03, 0.4148279E+03, 0.2335805E+03,
 0.3828000E+01, 0.4354089E+03, 0.4149728E+03, 0.4149728E+03, 0.2336660E+03,
 0.3830000E+01, 0.4355853E+03, 0.4151179E+03, 0.4151179E+03, 0.2337516E+03,
 0.3832000E+01, 0.4357619E+03, 0.4152630E+03, 0.4152630E+03, 0.2338373E+03,
 0.3834000E+01, 0.4359387E+03, 0.4154083E+03, 0.4154083E+03, 0.2339231E+03,
 0.3836000E+01, 0.4361157E+03, 0.4155537E+03, 0.4155537E+03, 0.2340089E+03,
 0.3838000E+01, 0.4362928E+03, 0.4156993E+03, 0.4156993E+03, 0.2340949E+03,
 0.3840000E+01, 0.4364702E+03, 0.4158449E+03, 0.4158449E+03, 0.2341809E+03,
 0.3842000E+01, 0.4366477E+03, 0.4159907E+03, 0.4159907E+03, 0.2342670E+03,
 0.3844000E+01, 0.4368254E+03, 0.4161366E+03, 0.4161366E+03, 0.2343531E+03,
 0.3846000E+01, 0.4370033E+03, 0.4162827E+03, 0.4162827E+03, 0.2344393E+03,
 0.3848000E+01, 0.4371813E+03, 0.4164288E+03, 0.4164288E+03, 0.2345257E+03,
 0.3850000E+01, 0.4373596E+03, 0.4165751E+03, 0.4165751E+03, 0.2346120E+03,
 0.3852000E+01, 0.4375380E+03, 0.4167215E+03, 0.4167215E+03, 0.2346985E+03,
 0.3854000E+01, 0.4377166E+03, 0.4168680E+03, 0.4168680E+03, 0.2347850E+03,
 0.3856000E+01, 0.4378954E+03, 0.4170147E+03, 0.4170147E+03, 0.2348717E+03,
 0.3858000E+01, 0.4380744E+03, 0.4171615E+03, 0.4171615E+03, 0.2349584E+03,
 0.3860000E+01, 0.4382535E+03, 0.4173083E+03, 0.4173083E+03, 0.2350451E+03,
 0.3862000E+01, 0.4384329E+03, 0.4174554E+03, 0.4174554E+03, 0.2351320E+03,
 0.3864000E+01, 0.4386124E+03, 0.4176025E+03, 0.4176025E+03, 0.2352189E+03,
 0.3866000E+01, 0.4387921E+03, 0.4177498E+03, 0.4177498E+03, 0.2353059E+03,
 0.3868000E+01, 0.4389720E+03, 0.4178972E+03, 0.4178972E+03, 0.2353930E+03,
 0.3870000E+01, 0.4391521E+03, 0.4180447E+03, 0.4180447E+03, 0.2354801E+03,
 0.3872000E+01, 0.4393323E+03, 0.4181924E+03, 0.4181924E+03, 0.2355674E+03,
 0.3874000E+01, 0.4395128E+03, 0.4183401E+03, 0.4183401E+03, 0.2356547E+03,
 0.3876000E+01, 0.4396934E+03, 0.4184880E+03, 0.4184880E+03, 0.2357421E+03,
 0.3878000E+01, 0.4398742E+03, 0.4186360E+03, 0.4186360E+03, 0.2358295E+03,
 0.3880000E+01, 0.4400552E+03, 0.4187842E+03, 0.4187842E+03, 0.2359171E+03,
 0.3882000E+01, 0.4402364E+03, 0.4189325E+03, 0.4189325E+03, 0.2360047E+03,
 0.3884000E+01, 0.4404178E+03, 0.4190809E+03, 0.4190809E+03, 0.2360924E+03,
 0.3886000E+01, 0.4405993E+03, 0.4192294E+03, 0.4192294E+03, 0.2361802E+03,
 0.3888000E+01, 0.4407811E+03, 0.4193780E+03, 0.4193780E+03, 0.2362680E+03,
 0.3890000E+01, 0.4409630E+03, 0.4195268E+03, 0.4195268E+03, 0.2363559E+03,
 0.3892000E+01, 0.4411451E+03, 0.4196757E+03, 0.4196757E+03, 0.2364439E+03,
 0.3894000E+01, 0.4413275E+03, 0.4198247E+03, 0.4198247E+03, 0.2365320E+03,
 0.3896000E+01, 0.4415099E+03, 0.4199738E+03, 0.4199738E+03, 0.2366202E+03,
 0.3898000E+01, 0.4416926E+03, 0.4201231E+03, 0.4201231E+03, 0.2367084E+03,
 0.3900000E+01, 0.4418755E+03, 0.4202725E+03, 0.4202725E+03, 0.2367967E+03,
 0.3902000E+01, 0.4420585E+03, 0.4204221E+03, 0.4204221E+03, 0.2368851E+03,
 0.3904000E+01, 0.4422418E+03, 0.4205717E+03, 0.4205717E+03, 0.2369735E+03,
 0.3906000E+01, 0.4424252E+03, 0.4207215E+03, 0.4207215E+03, 0.2370621E+03,
 0.3908000E+01, 0.4426088E+03, 0.4208714E+03, 0.4208714E+03, 0.2371507E+03,
 0.3910000E+01, 0.4427926E+03, 0.4210214E+03, 0.4210214E+03, 0.2372394E+03,
 0.3912000E+01, 0.4429766E+03, 0.4211716E+03, 0.4211716E+03, 0.2373282E+03,
 0.3914000E+01, 0.4431608E+03, 0.4213219E+03, 0.4213219E+03, 0.2374170E+03,
 0.3916000E+01, 0.4433452E+03, 0.4214723E+03, 0.4214723E+03, 0.2375060E+03,
 0.3918000E+01, 0.4435297E+03, 0.4216228E+03, 0.4216228E+03, 0.2375950E+03,
 0.3920000E+01, 0.4437144E+03, 0.4217735E+03, 0.4217735E+03, 0.2376840E+03,
 0.3922000E+01, 0.4438994E+03, 0.4219243E+03, 0.4219243E+03, 0.2377732E+03,
 0.3924000E+01, 0.4440845E+03, 0.4220752E+03, 0.4220752E+03, 0.2378624E+03,
 0.3926000E+01, 0.4442698E+03, 0.4222262E+03, 0.4222262E+03, 0.2379518E+03,
 0.3928000E+01, 0.4444553E+03, 0.4223774E+03, 0.4223774E+03, 0.2380412E+03,
 0.3930000E+01, 0.4446410E+03, 0.4225287E+03, 0.4225287E+03, 0.2381306E+03,
 0.3932000E+01, 0.4448269E+03, 0.4226801E+03, 0.4226801E+03, 0.2382202E+03,
 0.3934000E+01, 0.4450130E+03, 0.4228317E+03, 0.4228317E+03, 0.2383098E+03,
 0.3936000E+01, 0.4451992E+03, 0.4229833E+03, 0.4229833E+03, 0.2383995E+03,
 0.3938000E+01, 0.4453857E+03, 0.4231352E+03, 0.4231352E+03, 0.2384893E+03,
 0.3940000E+01, 0.4455724E+03, 0.4232871E+03, 0.4232871E+03, 0.2385792E+03,
 0.3942000E+01, 0.4457592E+03, 0.4234391E+03, 0.4234391E+03, 0.2386691E+03,
 0.3944000E+01, 0.4459462E+03, 0.4235914E+03, 0.4235914E+03, 0.2387592E+03,
 0.3946000E+01, 0.4461335E+03, 0.4237437E+03, 0.4237437E+03, 0.2388493E+03,
 0.3948000E+01, 0.4463209E+03, 0.4238961E+03, 0.4238961E+03, 0.2389395E+03,
 0.3950000E+01, 0.4465085E+03, 0.4240487E+03, 0.4240487E+03, 0.2390297E+03,
 0.3952000E+01, 0.4466963E+03, 0.4242014E+03, 0.4242014E+03, 0.2391201E+03,
 0.3954000E+01, 0.4468843E+03, 0.4243542E+03, 0.4243542E+03, 0.2392105E+03,
 0.3956000E+01, 0.4470724E+03, 0.4245072E+03, 0.4245072E+03, 0.2393010E+03,
 0.3958000E+01, 0.4472608E+03, 0.4246603E+03, 0.4246603E+03, 0.2393916E+03,
 0.3960000E+01, 0.4474494E+03, 0.4248135E+03, 0.4248135E+03, 0.2394822E+03,
 0.3962000E+01, 0.4476382E+03, 0.4249669E+03, 0.4249669E+03, 0.2395730E+03,
 0.3964000E+01, 0.4478271E+03, 0.4251203E+03, 0.4251203E+03, 0.2396638E+03,
 0.3966000E+01, 0.4480163E+03, 0.4252740E+03, 0.4252740E+03, 0.2397547E+03,
 0.3968000E+01, 0.4482056E+03, 0.4254277E+03, 0.4254277E+03, 0.2398457E+03,
 0.3970000E+01, 0.4483952E+03, 0.4255815E+03, 0.4255815E+03, 0.2399367E+03,
 0.3972000E+01, 0.4485849E+03, 0.4257355E+03, 0.4257355E+03, 0.2400279E+03,
 0.3974000E+01, 0.4487748E+03, 0.4258897E+03, 0.4258897E+03, 0.2401191E+03,
 0.3976000E+01, 0.4489650E+03, 0.4260439E+03, 0.4260439E+03, 0.2402104E+03,
 0.3978000E+01, 0.4491553E+03, 0.4261983E+03, 0.4261983E+03, 0.2403018E+03,
 0.3980000E+01, 0.4493458E+03, 0.4263528E+03, 0.4263528E+03, 0.2403932E+03,
 0.3982000E+01, 0.4495365E+03, 0.4265074E+03, 0.4265074E+03, 0.2404848E+03,
 0.3984000E+01, 0.4497274E+03, 0.4266622E+03, 0.4266622E+03, 0.2405764E+03,
 0.3986000E+01, 0.4499185E+03, 0.4268171E+03, 0.4268171E+03, 0.2406681E+03,
 0.3988000E+01, 0.4501098E+03, 0.4269722E+03, 0.4269722E+03, 0.2407599E+03,
 0.3990000E+01, 0.4503013E+03, 0.4271273E+03, 0.4271273E+03, 0.2408518E+03,
 0.3992000E+01, 0.4504930E+03, 0.4272826E+03, 0.4272826E+03, 0.2409437E+03,
 0.3994000E+01, 0.4506849E+03, 0.4274380E+03, 0.4274380E+03, 0.2410358E+03,
 0.3996000E+01, 0.4508770E+03, 0.4275936E+03, 0.4275936E+03, 0.2411279E+03,
 0.3998000E+01, 0.4510692E+03, 0.4277493E+03, 0.4277493E+03, 0.2412201E+03,
 0.4000000E+01, 0.4512617E+03, 0.4279051E+03, 0.4279051E+03, 0.2413124E+03,
 0.4002000E+01, 0.4514544E+03, 0.4280610E+03, 0.4280610E+03, 0.2414047E+03,
 0.4004000E+01, 0.4516473E+03, 0.4282171E+03, 0.4282171E+03, 0.2414972E+03,
 0.4006000E+01, 0.4518403E+03, 0.4283733E+03, 0.4283733E+03, 0.2415897E+03,
 0.4008000E+01, 0.4520336E+03, 0.4285297E+03, 0.4285297E+03, 0.2416823E+03,
 0.4010000E+01, 0.4522271E+03, 0.4286861E+03, 0.4286861E+03, 0.2417750E+03,
 0.4012000E+01, 0.4524207E+03, 0.4288427E+03, 0.4288427E+03, 0.2418677E+03,
 0.4014000E+01, 0.4526146E+03, 0.4289995E+03, 0.4289995E+03, 0.2419606E+03,
 0.4016000E+01, 0.4528087E+03, 0.4291563E+03, 0.4291563E+03, 0.2420535E+03,
 0.4018000E+01, 0.4530029E+03, 0.4293133E+03, 0.4293133E+03, 0.2421465E+03,
 0.4020000E+01, 0.4531974E+03, 0.4294705E+03, 0.4294705E+03, 0.2422396E+03,
 0.4022000E+01, 0.4533921E+03, 0.4296277E+03, 0.4296277E+03, 0.2423328E+03,
 0.4024000E+01, 0.4535869E+03, 0.4297851E+03, 0.4297851E+03, 0.2424261E+03,
 0.4026000E+01, 0.4537820E+03, 0.4299426E+03, 0.4299426E+03, 0.2425194E+03,
 0.4028000E+01, 0.4539772E+03, 0.4301003E+03, 0.4301003E+03, 0.2426128E+03,
 0.4030000E+01, 0.4541727E+03, 0.4302581E+03, 0.4302581E+03, 0.2427063E+03,
 0.4032000E+01, 0.4543683E+03, 0.4304160E+03, 0.4304160E+03, 0.2427999E+03,
 0.4034000E+01, 0.4545642E+03, 0.4305740E+03, 0.4305740E+03, 0.2428936E+03,
 0.4036000E+01, 0.4547603E+03, 0.4307322E+03, 0.4307322E+03, 0.2429874E+03,
 0.4038000E+01, 0.4549565E+03, 0.4308905E+03, 0.4308905E+03, 0.2430812E+03,
 0.4040000E+01, 0.4551530E+03, 0.4310490E+03, 0.4310490E+03, 0.2431751E+03,
 0.4042000E+01, 0.4553497E+03, 0.4312076E+03, 0.4312076E+03, 0.2432691E+03,
 0.4044000E+01, 0.4555465E+03, 0.4313662E+03, 0.4313662E+03, 0.2433632E+03,
 0.4046000E+01, 0.4557436E+03, 0.4315251E+03, 0.4315251E+03, 0.2434573E+03,
 0.4048000E+01, 0.4559409E+03, 0.4316841E+03, 0.4316841E+03, 0.2435516E+03,
 0.4050000E+01, 0.4561383E+03, 0.4318432E+03, 0.4318432E+03, 0.2436459E+03,
 0.4052000E+01, 0.4563360E+03, 0.4320024E+03, 0.4320024E+03, 0.2437403E+03,
 0.4054000E+01, 0.4565339E+03, 0.4321618E+03, 0.4321618E+03, 0.2438348E+03,
 0.4056000E+01, 0.4567320E+03, 0.4323213E+03, 0.4323213E+03, 0.2439294E+03,
 0.4058000E+01, 0.4569303E+03, 0.4324809E+03, 0.4324809E+03, 0.2440240E+03,
 0.4060000E+01, 0.4571288E+03, 0.4326407E+03, 0.4326407E+03, 0.2441188E+03,
 0.4062000E+01, 0.4573275E+03, 0.4328006E+03, 0.4328006E+03, 0.2442136E+03,
 0.4064000E+01, 0.4575263E+03, 0.4329607E+03, 0.4329607E+03, 0.2443085E+03,
 0.4066000E+01, 0.4577254E+03, 0.4331208E+03, 0.4331208E+03, 0.2444035E+03,
 0.4068000E+01, 0.4579247E+03, 0.4332811E+03, 0.4332811E+03, 0.2444985E+03,
 0.4070000E+01, 0.4581242E+03, 0.4334416E+03, 0.4334416E+03, 0.2445937E+03,
 0.4072000E+01, 0.4583239E+03, 0.4336021E+03, 0.4336021E+03, 0.2446889E+03,
 0.4074000E+01, 0.4585239E+03, 0.4337628E+03, 0.4337628E+03, 0.2447842E+03,
 0.4076000E+01, 0.4587240E+03, 0.4339237E+03, 0.4339237E+03, 0.2448796E+03,
 0.4078000E+01, 0.4589243E+03, 0.4340847E+03, 0.4340847E+03, 0.2449751E+03,
 0.4080000E+01, 0.4591248E+03, 0.4342458E+03, 0.4342458E+03, 0.2450706E+03,
 0.4082000E+01, 0.4593256E+03, 0.4344070E+03, 0.4344070E+03, 0.2451663E+03,
 0.4084000E+01, 0.4595265E+03, 0.4345684E+03, 0.4345684E+03, 0.2452620E+03,
 0.4086000E+01, 0.4597277E+03, 0.4347299E+03, 0.4347299E+03, 0.2453578E+03,
 0.4088000E+01, 0.4599290E+03, 0.4348916E+03, 0.4348916E+03, 0.2454537E+03,
 0.4090000E+01, 0.4601306E+03, 0.4350533E+03, 0.4350533E+03, 0.2455497E+03,
 0.4092000E+01, 0.4603323E+03, 0.4352152E+03, 0.4352152E+03, 0.2456457E+03,
 0.4094000E+01, 0.4605343E+03, 0.4353773E+03, 0.4353773E+03, 0.2457419E+03,
 0.4096000E+01, 0.4607365E+03, 0.4355395E+03, 0.4355395E+03, 0.2458381E+03,
 0.4098000E+01, 0.4609388E+03, 0.4357018E+03, 0.4357018E+03, 0.2459344E+03,
 0.4100000E+01, 0.4611414E+03, 0.4358643E+03, 0.4358643E+03, 0.2460308E+03,
 0.4102000E+01, 0.4613442E+03, 0.4360268E+03, 0.4360268E+03, 0.2461273E+03,
 0.4104000E+01, 0.4615472E+03, 0.4361896E+03, 0.4361896E+03, 0.2462238E+03,
 0.4106000E+01, 0.4617504E+03, 0.4363524E+03, 0.4363524E+03, 0.2463204E+03,
 0.4108000E+01, 0.4619539E+03, 0.4365154E+03, 0.4365154E+03, 0.2464172E+03,
 0.4110000E+01, 0.4621575E+03, 0.4366785E+03, 0.4366785E+03, 0.2465140E+03,
 0.4112000E+01, 0.4623613E+03, 0.4368418E+03, 0.4368418E+03, 0.2466109E+03,
 0.4114000E+01, 0.4625654E+03, 0.4370052E+03, 0.4370052E+03, 0.2467078E+03,
 0.4116000E+01, 0.4627696E+03, 0.4371687E+03, 0.4371687E+03, 0.2468049E+03,
 0.4118000E+01, 0.4629741E+03, 0.4373324E+03, 0.4373324E+03, 0.2469020E+03,
 0.4120000E+01, 0.4631787E+03, 0.4374962E+03, 0.4374962E+03, 0.2469992E+03,
 0.4122000E+01, 0.4633836E+03, 0.4376601E+03, 0.4376601E+03, 0.2470965E+03,
 0.4124000E+01, 0.4635887E+03, 0.4378242E+03, 0.4378242E+03, 0.2471939E+03,
 0.4126000E+01, 0.4637940E+03, 0.4379884E+03, 0.4379884E+03, 0.2472914E+03,
 0.4128000E+01, 0.4639995E+03, 0.4381528E+03, 0.4381528E+03, 0.2473889E+03,
 0.4130000E+01, 0.4642052E+03, 0.4383173E+03, 0.4383173E+03, 0.2474866E+03,
 0.4132000E+01, 0.4644111E+03, 0.4384819E+03, 0.4384819E+03, 0.2475843E+03,
 0.4134000E+01, 0.4646172E+03, 0.4386466E+03, 0.4386466E+03, 0.2476821E+03,
 0.4136000E+01, 0.4648236E+03, 0.4388115E+03, 0.4388115E+03, 0.2477800E+03,
 0.4138000E+01, 0.4650302E+03, 0.4389765E+03, 0.4389765E+03, 0.2478780E+03,
 0.4140000E+01, 0.4652369E+03, 0.4391417E+03, 0.4391417E+03, 0.2479760E+03,
 0.4142000E+01, 0.4654439E+03, 0.4393070E+03, 0.4393070E+03, 0.2480742E+03,
 0.4144000E+01, 0.4656511E+03, 0.4394724E+03, 0.4394724E+03, 0.2481724E+03,
 0.4146000E+01, 0.4658585E+03, 0.4396380E+03, 0.4396380E+03, 0.2482707E+03,
 0.4148000E+01, 0.4660661E+03, 0.4398037E+03, 0.4398037E+03, 0.2483691E+03,
 0.4150000E+01, 0.4662739E+03, 0.4399695E+03, 0.4399695E+03, 0.2484676E+03,
 0.4152000E+01, 0.4664819E+03, 0.4401355E+03, 0.4401355E+03, 0.2485662E+03,
 0.4154000E+01, 0.4666902E+03, 0.4403016E+03, 0.4403016E+03, 0.2486648E+03,
 0.4156000E+01, 0.4668986E+03, 0.4404679E+03, 0.4404679E+03, 0.2487635E+03,
 0.4158000E+01, 0.4671073E+03, 0.4406343E+03, 0.4406343E+03, 0.2488624E+03,
 0.4160000E+01, 0.4673162E+03, 0.4408008E+03, 0.4408008E+03, 0.2489613E+03,
 0.4162000E+01, 0.4675253E+03, 0.4409675E+03, 0.4409675E+03, 0.2490603E+03,
 0.4164000E+01, 0.4677346E+03, 0.4411343E+03, 0.4411343E+03, 0.2491593E+03,
 0.4166000E+01, 0.4679441E+03, 0.4413012E+03, 0.4413012E+03, 0.2492585E+03,
 0.4168000E+01, 0.4681538E+03, 0.4414683E+03, 0.4414683E+03, 0.2493577E+03,
 0.4170000E+01, 0.4683638E+03, 0.4416355E+03, 0.4416355E+03, 0.2494571E+03,
 0.4172000E+01, 0.4685739E+03, 0.4418029E+03, 0.4418029E+03, 0.2495565E+03,
 0.4174000E+01, 0.4687843E+03, 0.4419703E+03, 0.4419703E+03, 0.2496560E+03,
 0.4176000E+01, 0.4689949E+03, 0.4421380E+03, 0.4421380E+03, 0.2497556E+03,
 0.4178000E+01, 0.4692057E+03, 0.4423057E+03, 0.4423057E+03, 0.2498552E+03,
 0.4180000E+01, 0.4694167E+03, 0.4424736E+03, 0.4424736E+03, 0.2499550E+03,
 0.4182000E+01, 0.4696279E+03, 0.4426417E+03, 0.4426417E+03, 0.2500548E+03,
 0.4184000E+01, 0.4698394E+03, 0.4428098E+03, 0.4428098E+03, 0.2501547E+03,
 0.4186000E+01, 0.4700510E+03, 0.4429781E+03, 0.4429781E+03, 0.2502547E+03,
 0.4188000E+01, 0.4702629E+03, 0.4431466E+03, 0.4431466E+03, 0.2503548E+03,
 0.4190000E+01, 0.4704750E+03, 0.4433152E+03, 0.4433152E+03, 0.2504550E+03,
 0.4192000E+01, 0.4706873E+03, 0.4434839E+03, 0.4434839E+03, 0.2505553E+03,
 0.4194000E+01, 0.4708998E+03, 0.4436528E+03, 0.4436528E+03, 0.2506556E+03,
 0.4196000E+01, 0.4711125E+03, 0.4438218E+03, 0.4438218E+03, 0.2507560E+03,
 0.4198000E+01, 0.4713255E+03, 0.4439909E+03, 0.4439909E+03, 0.2508566E+03,
 0.4200000E+01, 0.4715387E+03, 0.4441602E+03, 0.4441602E+03, 0.2509572E+03,
 0.4202000E+01, 0.4717521E+03, 0.4443296E+03, 0.4443296E+03, 0.2510578E+03,
 0.4204000E+01, 0.4719657E+03, 0.4444991E+03, 0.4444991E+03, 0.2511586E+03,
 0.4206000E+01, 0.4721795E+03, 0.4446689E+03, 0.4446689E+03, 0.2512595E+03,
 0.4208000E+01, 0.4723935E+03, 0.4448387E+03, 0.4448387E+03, 0.2513604E+03,
 0.4210000E+01, 0.4726078E+03, 0.4450086E+03, 0.4450086E+03, 0.2514614E+03,
 0.4212000E+01, 0.4728222E+03, 0.4451787E+03, 0.4451787E+03, 0.2515625E+03,
 0.4214000E+01, 0.4730369E+03, 0.4453490E+03, 0.4453490E+03, 0.2516637E+03,
 0.4216000E+01, 0.4732518E+03, 0.4455194E+03, 0.4455194E+03, 0.2517650E+03,
 0.4218000E+01, 0.4734669E+03, 0.4456899E+03, 0.4456899E+03, 0.2518664E+03,
 0.4220000E+01, 0.4736823E+03, 0.4458606E+03, 0.4458606E+03, 0.2519678E+03,
 0.4222000E+01, 0.4738978E+03, 0.4460314E+03, 0.4460314E+03, 0.2520694E+03,
 0.4224000E+01, 0.4741136E+03, 0.4462023E+03, 0.4462023E+03, 0.2521710E+03,
 0.4226000E+01, 0.4743296E+03, 0.4463734E+03, 0.4463734E+03, 0.2522727E+03,
 0.4228000E+01, 0.4745458E+03, 0.4465446E+03, 0.4465446E+03, 0.2523745E+03,
 0.4230000E+01, 0.4747622E+03, 0.4467160E+03, 0.4467160E+03, 0.2524764E+03,
 0.4232000E+01, 0.4749789E+03, 0.4468875E+03, 0.4468875E+03, 0.2525783E+03,
 0.4234000E+01, 0.4751958E+03, 0.4470591E+03, 0.4470591E+03, 0.2526804E+03,
 0.4236000E+01, 0.4754128E+03, 0.4472309E+03, 0.4472309E+03, 0.2527825E+03,
 0.4238000E+01, 0.4756302E+03, 0.4474028E+03, 0.4474028E+03, 0.2528847E+03,
 0.4240000E+01, 0.4758477E+03, 0.4475748E+03, 0.4475748E+03, 0.2529870E+03,
 0.4242000E+01, 0.4760654E+03, 0.4477470E+03, 0.4477470E+03, 0.2530894E+03,
 0.4244000E+01, 0.4762834E+03, 0.4479194E+03, 0.4479194E+03, 0.2531919E+03,
 0.4246000E+01, 0.4765016E+03, 0.4480918E+03, 0.4480918E+03, 0.2532944E+03,
 0.4248000E+01, 0.4767200E+03, 0.4482644E+03, 0.4482644E+03, 0.2533971E+03,
 0.4250000E+01, 0.4769386E+03, 0.4484372E+03, 0.4484372E+03, 0.2534998E+03,
 0.4252000E+01, 0.4771575E+03, 0.4486101E+03, 0.4486101E+03, 0.2536026E+03,
 0.4254000E+01, 0.4773765E+03, 0.4487831E+03, 0.4487831E+03, 0.2537055E+03,
 0.4256000E+01, 0.4775958E+03, 0.4489563E+03, 0.4489563E+03, 0.2538085E+03,
 0.4258000E+01, 0.4778153E+03, 0.4491296E+03, 0.4491296E+03, 0.2539116E+03,
 0.4260000E+01, 0.4780351E+03, 0.4493030E+03, 0.4493030E+03, 0.2540148E+03,
 0.4262000E+01, 0.4782550E+03, 0.4494766E+03, 0.4494766E+03, 0.2541180E+03,
 0.4264000E+01, 0.4784752E+03, 0.4496504E+03, 0.4496504E+03, 0.2542213E+03,
 0.4266000E+01, 0.4786956E+03, 0.4498242E+03, 0.4498242E+03, 0.2543247E+03,
 0.4268000E+01, 0.4789162E+03, 0.4499983E+03, 0.4499983E+03, 0.2544283E+03,
 0.4270000E+01, 0.4791371E+03, 0.4501724E+03, 0.4501724E+03, 0.2545318E+03,
 0.4272000E+01, 0.4793581E+03, 0.4503467E+03, 0.4503467E+03, 0.2546355E+03,
 0.4274000E+01, 0.4795794E+03, 0.4505211E+03, 0.4505211E+03, 0.2547393E+03,
 0.4276000E+01, 0.4798009E+03, 0.4506957E+03, 0.4506957E+03, 0.2548431E+03,
 0.4278000E+01, 0.4800226E+03, 0.4508704E+03, 0.4508704E+03, 0.2549471E+03,
 0.4280000E+01, 0.4802446E+03, 0.4510453E+03, 0.4510453E+03, 0.2550511E+03,
 0.4282000E+01, 0.4804668E+03, 0.4512202E+03, 0.4512202E+03, 0.2551552E+03,
 0.4284000E+01, 0.4806892E+03, 0.4513954E+03, 0.4513954E+03, 0.2552594E+03,
 0.4286000E+01, 0.4809118E+03, 0.4515707E+03, 0.4515707E+03, 0.2553636E+03,
 0.4288000E+01, 0.4811346E+03, 0.4517461E+03, 0.4517461E+03, 0.2554680E+03,
 0.4290000E+01, 0.4813577E+03, 0.4519216E+03, 0.4519216E+03, 0.2555724E+03,
 0.4292000E+01, 0.4815810E+03, 0.4520973E+03, 0.4520973E+03, 0.2556770E+03,
 0.4294000E+01, 0.4818045E+03, 0.4522732E+03, 0.4522732E+03, 0.2557816E+03,
 0.4296000E+01, 0.4820283E+03, 0.4524492E+03, 0.4524492E+03, 0.2558863E+03,
 0.4298000E+01, 0.4822523E+03, 0.4526253E+03, 0.4526253E+03, 0.2559911E+03,
 0.4300000E+01, 0.4824764E+03, 0.4528015E+03, 0.4528015E+03, 0.2560960E+03,
 0.4302000E+01, 0.4827009E+03, 0.4529779E+03, 0.4529779E+03, 0.2562010E+03,
 0.4304000E+01, 0.4829255E+03, 0.4531545E+03, 0.4531545E+03, 0.2563060E+03,
 0.4306000E+01, 0.4831504E+03, 0.4533312E+03, 0.4533312E+03, 0.2564111E+03,
 0.4308000E+01, 0.4833755E+03, 0.4535080E+03, 0.4535080E+03, 0.2565164E+03,
 0.4310000E+01, 0.4836008E+03, 0.4536850E+03, 0.4536850E+03, 0.2566217E+03,
 0.4312000E+01, 0.4838264E+03, 0.4538621E+03, 0.4538621E+03, 0.2567271E+03,
 0.4314000E+01, 0.4840521E+03, 0.4540393E+03, 0.4540393E+03, 0.2568326E+03,
 0.4316000E+01, 0.4842781E+03, 0.4542167E+03, 0.4542167E+03, 0.2569381E+03,
 0.4318000E+01, 0.4845043E+03, 0.4543943E+03, 0.4543943E+03, 0.2570438E+03,
 0.4320000E+01, 0.4847308E+03, 0.4545719E+03, 0.4545719E+03, 0.2571495E+03,
 0.4322000E+01, 0.4849575E+03, 0.4547497E+03, 0.4547497E+03, 0.2572554E+03,
 0.4324000E+01, 0.4851844E+03, 0.4549277E+03, 0.4549277E+03, 0.2573613E+03,
 0.4326000E+01, 0.4854115E+03, 0.4551058E+03, 0.4551058E+03, 0.2574673E+03,
 0.4328000E+01, 0.4856389E+03, 0.4552840E+03, 0.4552840E+03, 0.2575734E+03,
 0.4330000E+01, 0.4858665E+03, 0.4554624E+03, 0.4554624E+03, 0.2576796E+03,
 0.4332000E+01, 0.4860943E+03, 0.4556410E+03, 0.4556410E+03, 0.2577858E+03,
 0.4334000E+01, 0.4863223E+03, 0.4558196E+03, 0.4558196E+03, 0.2578922E+03,
 0.4336000E+01, 0.4865506E+03, 0.4559984E+03, 0.4559984E+03, 0.2579986E+03,
 0.4338000E+01, 0.4867791E+03, 0.4561774E+03, 0.4561774E+03, 0.2581051E+03,
 0.4340000E+01, 0.4870078E+03, 0.4563565E+03, 0.4563565E+03, 0.2582118E+03,
 0.4342000E+01, 0.4872368E+03, 0.4565357E+03, 0.4565357E+03, 0.2583185E+03,
 0.4344000E+01, 0.4874659E+03, 0.4567151E+03, 0.4567151E+03, 0.2584252E+03,
 0.4346000E+01, 0.4876953E+03, 0.4568946E+03, 0.4568946E+03, 0.2585321E+03,
 0.4348000E+01, 0.4879250E+03, 0.4570743E+03, 0.4570743E+03, 0.2586391E+03,
 0.4350000E+01, 0.4881548E+03, 0.4572541E+03, 0.4572541E+03, 0.2587461E+03,
 0.4352000E+01, 0.4883849E+03, 0.4574340E+03, 0.4574340E+03, 0.2588532E+03,
 0.4354000E+01, 0.4886153E+03, 0.4576141E+03, 0.4576141E+03, 0.2589604E+03,
 0.4356000E+01, 0.4888459E+03, 0.4577943E+03, 0.4577943E+03, 0.2590677E+03,
 0.4358000E+01, 0.4890766E+03, 0.4579747E+03, 0.4579747E+03, 0.2591751E+03,
 0.4360000E+01, 0.4893076E+03, 0.4581552E+03, 0.4581552E+03, 0.2592826E+03,
 0.4362000E+01, 0.4895389E+03, 0.4583359E+03, 0.4583359E+03, 0.2593902E+03,
 0.4364000E+01, 0.4897704E+03, 0.4585167E+03, 0.4585167E+03, 0.2594978E+03,
 0.4366000E+01, 0.4900021E+03, 0.4586976E+03, 0.4586976E+03, 0.2596056E+03,
 0.4368000E+01, 0.4902340E+03, 0.4588787E+03, 0.4588787E+03, 0.2597134E+03,
 0.4370000E+01, 0.4904662E+03, 0.4590600E+03, 0.4590600E+03, 0.2598213E+03,
 0.4372000E+01, 0.4906986E+03, 0.4592413E+03, 0.4592413E+03, 0.2599293E+03,
 0.4374000E+01, 0.4909312E+03, 0.4594229E+03, 0.4594229E+03, 0.2600374E+03,
 0.4376000E+01, 0.4911641E+03, 0.4596045E+03, 0.4596045E+03, 0.2601456E+03,
 0.4378000E+01, 0.4913972E+03, 0.4597863E+03, 0.4597863E+03, 0.2602538E+03,
 0.4380000E+01, 0.4916305E+03, 0.4599683E+03, 0.4599683E+03, 0.2603622E+03,
 0.4382000E+01, 0.4918640E+03, 0.4601504E+03, 0.4601504E+03, 0.2604706E+03,
 0.4384000E+01, 0.4920978E+03, 0.4603326E+03, 0.4603326E+03, 0.2605791E+03,
 0.4386000E+01, 0.4923318E+03, 0.4605150E+03, 0.4605150E+03, 0.2606877E+03,
 0.4388000E+01, 0.4925661E+03, 0.4606975E+03, 0.4606975E+03, 0.2607964E+03,
 0.4390000E+01, 0.4928005E+03, 0.4608802E+03, 0.4608802E+03, 0.2609052E+03,
 0.4392000E+01, 0.4930352E+03, 0.4610630E+03, 0.4610630E+03, 0.2610141E+03,
 0.4394000E+01, 0.4932702E+03, 0.4612459E+03, 0.4612459E+03, 0.2611230E+03,
 0.4396000E+01, 0.4935054E+03, 0.4614290E+03, 0.4614290E+03, 0.2612321E+03,
 0.4398000E+01, 0.4937408E+03, 0.4616122E+03, 0.4616122E+03, 0.2613412E+03,
 0.4400000E+01, 0.4939764E+03, 0.4617956E+03, 0.4617956E+03, 0.2614504E+03,
 0.4402000E+01, 0.4942123E+03, 0.4619791E+03, 0.4619791E+03, 0.2615597E+03,
 0.4404000E+01, 0.4944484E+03, 0.4621628E+03, 0.4621628E+03, 0.2616691E+03,
 0.4406000E+01, 0.4946848E+03, 0.4623466E+03, 0.4623466E+03, 0.2617786E+03,
 0.4408000E+01, 0.4949214E+03, 0.4625305E+03, 0.4625305E+03, 0.2618881E+03,
 0.4410000E+01, 0.4951581E+03, 0.4627147E+03, 0.4627147E+03, 0.2619978E+03,
 0.4412000E+01, 0.4953952E+03, 0.4628989E+03, 0.4628989E+03, 0.2621075E+03,
 0.4414000E+01, 0.4956325E+03, 0.4630833E+03, 0.4630833E+03, 0.2622173E+03,
 0.4416000E+01, 0.4958700E+03, 0.4632678E+03, 0.4632678E+03, 0.2623273E+03,
 0.4418000E+01, 0.4961077E+03, 0.4634525E+03, 0.4634525E+03, 0.2624373E+03,
 0.4420000E+01, 0.4963457E+03, 0.4636373E+03, 0.4636373E+03, 0.2625473E+03,
 0.4422000E+01, 0.4965839E+03, 0.4638223E+03, 0.4638223E+03, 0.2626575E+03,
 0.4424000E+01, 0.4968224E+03, 0.4640074E+03, 0.4640074E+03, 0.2627678E+03,
 0.4426000E+01, 0.4970611E+03, 0.4641926E+03, 0.4641926E+03, 0.2628781E+03,
 0.4428000E+01, 0.4973000E+03, 0.4643780E+03, 0.4643780E+03, 0.2629886E+03,
 0.4430000E+01, 0.4975392E+03, 0.4645635E+03, 0.4645635E+03, 0.2630991E+03,
 0.4432000E+01, 0.4977785E+03, 0.4647492E+03, 0.4647492E+03, 0.2632097E+03,
 0.4434000E+01, 0.4980182E+03, 0.4649350E+03, 0.4649350E+03, 0.2633204E+03,
 0.4436000E+01, 0.4982580E+03, 0.4651210E+03, 0.4651210E+03, 0.2634312E+03,
 0.4438000E+01, 0.4984981E+03, 0.4653071E+03, 0.4653071E+03, 0.2635420E+03,
 0.4440000E+01, 0.4987385E+03, 0.4654934E+03, 0.4654934E+03, 0.2636530E+03,
 0.4442000E+01, 0.4989790E+03, 0.4656798E+03, 0.4656798E+03, 0.2637640E+03,
 0.4444000E+01, 0.4992198E+03, 0.4658663E+03, 0.4658663E+03, 0.2638752E+03,
 0.4446000E+01, 0.4994609E+03, 0.4660530E+03, 0.4660530E+03, 0.2639864E+03,
 0.4448000E+01, 0.4997021E+03, 0.4662398E+03, 0.4662398E+03, 0.2640977E+03,
 0.4450000E+01, 0.4999437E+03, 0.4664268E+03, 0.4664268E+03, 0.2642091E+03,
 0.4452000E+01, 0.5001854E+03, 0.4666140E+03, 0.4666140E+03, 0.2643206E+03,
 0.4454000E+01, 0.5004274E+03, 0.4668012E+03, 0.4668012E+03, 0.2644322E+03,
 0.4456000E+01, 0.5006696E+03, 0.4669886E+03, 0.4669886E+03, 0.2645438E+03,
 0.4458000E+01, 0.5009121E+03, 0.4671762E+03, 0.4671762E+03, 0.2646555E+03,
 0.4460000E+01, 0.5011548E+03, 0.4673639E+03, 0.4673639E+03, 0.2647674E+03,
 0.4462000E+01, 0.5013977E+03, 0.4675518E+03, 0.4675518E+03, 0.2648793E+03,
 0.4464000E+01, 0.5016409E+03, 0.4677397E+03, 0.4677397E+03, 0.2649913E+03,
 0.4466000E+01, 0.5018843E+03, 0.4679279E+03, 0.4679279E+03, 0.2651034E+03,
 0.4468000E+01, 0.5021280E+03, 0.4681161E+03, 0.4681161E+03, 0.2652156E+03,
 0.4470000E+01, 0.5023719E+03, 0.4683046E+03, 0.4683046E+03, 0.2653279E+03,
 0.4472000E+01, 0.5026160E+03, 0.4684932E+03, 0.4684932E+03, 0.2654402E+03,
 0.4474000E+01, 0.5028604E+03, 0.4686819E+03, 0.4686819E+03, 0.2655526E+03,
 0.4476000E+01, 0.5031050E+03, 0.4688707E+03, 0.4688707E+03, 0.2656652E+03,
 0.4478000E+01, 0.5033498E+03, 0.4690597E+03, 0.4690597E+03, 0.2657778E+03,
 0.4480000E+01, 0.5035949E+03, 0.4692489E+03, 0.4692489E+03, 0.2658905E+03,
 0.4482000E+01, 0.5038402E+03, 0.4694382E+03, 0.4694382E+03, 0.2660033E+03,
 0.4484000E+01, 0.5040858E+03, 0.4696276E+03, 0.4696276E+03, 0.2661161E+03,
 0.4486000E+01, 0.5043316E+03, 0.4698172E+03, 0.4698172E+03, 0.2662291E+03,
 0.4488000E+01, 0.5045776E+03, 0.4700069E+03, 0.4700069E+03, 0.2663422E+03,
 0.4490000E+01, 0.5048239E+03, 0.4701968E+03, 0.4701968E+03, 0.2664553E+03,
 0.4492000E+01, 0.5050705E+03, 0.4703868E+03, 0.4703868E+03, 0.2665685E+03,
 0.4494000E+01, 0.5053172E+03, 0.4705770E+03, 0.4705770E+03, 0.2666819E+03,
 0.4496000E+01, 0.5055642E+03, 0.4707673E+03, 0.4707673E+03, 0.2667953E+03,
 0.4498000E+01, 0.5058115E+03, 0.4709578E+03, 0.4709578E+03, 0.2669088E+03,
 0.4500000E+01, 0.5060589E+03, 0.4711484E+03, 0.4711484E+03, 0.2670223E+03,
 0.4502000E+01, 0.5063067E+03, 0.4713391E+03, 0.4713391E+03, 0.2671360E+03,
 0.4504000E+01, 0.5065546E+03, 0.4715300E+03, 0.4715300E+03, 0.2672497E+03,
 0.4506000E+01, 0.5068028E+03, 0.4717211E+03, 0.4717211E+03, 0.2673636E+03,
 0.4508000E+01, 0.5070513E+03, 0.4719122E+03, 0.4719122E+03, 0.2674775E+03,
 0.4510000E+01, 0.5073000E+03, 0.4721036E+03, 0.4721036E+03, 0.2675915E+03,
 0.4512000E+01, 0.5075489E+03, 0.4722950E+03, 0.4722950E+03, 0.2677056E+03,
 0.4514000E+01, 0.5077981E+03, 0.4724867E+03, 0.4724867E+03, 0.2678198E+03,
 0.4516000E+01, 0.5080475E+03, 0.4726784E+03, 0.4726784E+03, 0.2679341E+03,
 0.4518000E+01, 0.5082971E+03, 0.4728704E+03, 0.4728704E+03, 0.2680484E+03,
 0.4520000E+01, 0.5085470E+03, 0.4730624E+03, 0.4730624E+03, 0.2681629E+03,
 0.4522000E+01, 0.5087971E+03, 0.4732546E+03, 0.4732546E+03, 0.2682774E+03,
 0.4524000E+01, 0.5090475E+03, 0.4734470E+03, 0.4734470E+03, 0.2683921E+03,
 0.4526000E+01, 0.5092982E+03, 0.4736395E+03, 0.4736395E+03, 0.2685068E+03,
 0.4528000E+01, 0.5095490E+03, 0.4738321E+03, 0.4738321E+03, 0.2686216E+03,
 0.4530000E+01, 0.5098001E+03, 0.4740249E+03, 0.4740249E+03, 0.2687365E+03,
 0.4532000E+01, 0.5100515E+03, 0.4742178E+03, 0.4742178E+03, 0.2688514E+03,
 0.4534000E+01, 0.5103031E+03, 0.4744109E+03, 0.4744109E+03, 0.2689665E+03,
 0.4536000E+01, 0.5105549E+03, 0.4746041E+03, 0.4746041E+03, 0.2690816E+03,
 0.4538000E+01, 0.5108070E+03, 0.4747975E+03, 0.4747975E+03, 0.2691969E+03,
 0.4540000E+01, 0.5110593E+03, 0.4749910E+03, 0.4749910E+03, 0.2693122E+03,
 0.4542000E+01, 0.5113119E+03, 0.4751847E+03, 0.4751847E+03, 0.2694276E+03,
 0.4544000E+01, 0.5115647E+03, 0.4753785E+03, 0.4753785E+03, 0.2695431E+03,
 0.4546000E+01, 0.5118177E+03, 0.4755724E+03, 0.4755724E+03, 0.2696587E+03,
 0.4548000E+01, 0.5120710E+03, 0.4757665E+03, 0.4757665E+03, 0.2697744E+03,
 0.4550000E+01, 0.5123245E+03, 0.4759608E+03, 0.4759608E+03, 0.2698901E+03,
 0.4552000E+01, 0.5125783E+03, 0.4761552E+03, 0.4761552E+03, 0.2700060E+03,
 0.4554000E+01, 0.5128323E+03, 0.4763497E+03, 0.4763497E+03, 0.2701219E+03,
 0.4556000E+01, 0.5130866E+03, 0.4765444E+03, 0.4765444E+03, 0.2702379E+03,
 0.4558000E+01, 0.5133411E+03, 0.4767392E+03, 0.4767392E+03, 0.2703540E+03,
 0.4560000E+01, 0.5135959E+03, 0.4769342E+03, 0.4769342E+03, 0.2704702E+03,
 0.4562000E+01, 0.5138509E+03, 0.4771293E+03, 0.4771293E+03, 0.2705865E+03,
 0.4564000E+01, 0.5141061E+03, 0.4773246E+03, 0.4773246E+03, 0.2707029E+03,
 0.4566000E+01, 0.5143616E+03, 0.4775200E+03, 0.4775200E+03, 0.2708193E+03,
 0.4568000E+01, 0.5146174E+03, 0.4777156E+03, 0.4777156E+03, 0.2709359E+03,
 0.4570000E+01, 0.5148734E+03, 0.4779113E+03, 0.4779113E+03, 0.2710525E+03,
 0.4572000E+01, 0.5151296E+03, 0.4781071E+03, 0.4781071E+03, 0.2711692E+03,
 0.4574000E+01, 0.5153860E+03, 0.4783031E+03, 0.4783031E+03, 0.2712860E+03,
 0.4576000E+01, 0.5156428E+03, 0.4784993E+03, 0.4784993E+03, 0.2714029E+03,
 0.4578000E+01, 0.5158997E+03, 0.4786956E+03, 0.4786956E+03, 0.2715199E+03,
 0.4580000E+01, 0.5161570E+03, 0.4788920E+03, 0.4788920E+03, 0.2716369E+03,
 0.4582000E+01, 0.5164144E+03, 0.4790886E+03, 0.4790886E+03, 0.2717541E+03,
 0.4584000E+01, 0.5166721E+03, 0.4792853E+03, 0.4792853E+03, 0.2718713E+03,
 0.4586000E+01, 0.5169301E+03, 0.4794822E+03, 0.4794822E+03, 0.2719886E+03,
 0.4588000E+01, 0.5171883E+03, 0.4796792E+03, 0.4796792E+03, 0.2721061E+03,
 0.4590000E+01, 0.5174467E+03, 0.4798764E+03, 0.4798764E+03, 0.2722236E+03,
 0.4592000E+01, 0.5177054E+03, 0.4800737E+03, 0.4800737E+03, 0.2723412E+03,
 0.4594000E+01, 0.5179644E+03, 0.4802712E+03, 0.4802712E+03, 0.2724588E+03,
 0.4596000E+01, 0.5182235E+03, 0.4804688E+03, 0.4804688E+03, 0.2725766E+03,
 0.4598000E+01, 0.5184830E+03, 0.4806666E+03, 0.4806666E+03, 0.2726945E+03,
 0.4600000E+01, 0.5187426E+03, 0.4808645E+03, 0.4808645E+03, 0.2728124E+03,
 0.4602000E+01, 0.5190026E+03, 0.4810625E+03, 0.4810625E+03, 0.2729304E+03,
 0.4604000E+01, 0.5192627E+03, 0.4812607E+03, 0.4812607E+03, 0.2730485E+03,
 0.4606000E+01, 0.5195231E+03, 0.4814590E+03, 0.4814590E+03, 0.2731667E+03,
 0.4608000E+01, 0.5197838E+03, 0.4816576E+03, 0.4816576E+03, 0.2732850E+03,
 0.4610000E+01, 0.5200447E+03, 0.4818562E+03, 0.4818562E+03, 0.2734034E+03,
 0.4612000E+01, 0.5203058E+03, 0.4820550E+03, 0.4820550E+03, 0.2735218E+03,
 0.4614000E+01, 0.5205673E+03, 0.4822539E+03, 0.4822539E+03, 0.2736404E+03,
 0.4616000E+01, 0.5208289E+03, 0.4824530E+03, 0.4824530E+03, 0.2737590E+03,
 0.4618000E+01, 0.5210908E+03, 0.4826522E+03, 0.4826522E+03, 0.2738777E+03,
 0.4620000E+01, 0.5213530E+03, 0.4828516E+03, 0.4828516E+03, 0.2739965E+03,
 0.4622000E+01, 0.5216154E+03, 0.4830511E+03, 0.4830511E+03, 0.2741154E+03,
 0.4624000E+01, 0.5218781E+03, 0.4832508E+03, 0.4832508E+03, 0.2742344E+03,
 0.4626000E+01, 0.5221409E+03, 0.4834506E+03, 0.4834506E+03, 0.2743535E+03,
 0.4628000E+01, 0.5224041E+03, 0.4836505E+03, 0.4836505E+03, 0.2744726E+03,
 0.4630000E+01, 0.5226675E+03, 0.4838506E+03, 0.4838506E+03, 0.2745919E+03,
 0.4632000E+01, 0.5229312E+03, 0.4840509E+03, 0.4840509E+03, 0.2747112E+03,
 0.4634000E+01, 0.5231951E+03, 0.4842513E+03, 0.4842513E+03, 0.2748306E+03,
 0.4636000E+01, 0.5234592E+03, 0.4844518E+03, 0.4844518E+03, 0.2749501E+03,
 0.4638000E+01, 0.5237236E+03, 0.4846525E+03, 0.4846525E+03, 0.2750697E+03,
 0.4640000E+01, 0.5239882E+03, 0.4848534E+03, 0.4848534E+03, 0.2751894E+03,
 0.4642000E+01, 0.5242531E+03, 0.4850544E+03, 0.4850544E+03, 0.2753091E+03,
 0.4644000E+01, 0.5245182E+03, 0.4852555E+03, 0.4852555E+03, 0.2754290E+03,
 0.4646000E+01, 0.5247837E+03, 0.4854568E+03, 0.4854568E+03, 0.2755489E+03,
 0.4648000E+01, 0.5250493E+03, 0.4856582E+03, 0.4856582E+03, 0.2756689E+03,
 0.4650000E+01, 0.5253152E+03, 0.4858598E+03, 0.4858598E+03, 0.2757890E+03,
 0.4652000E+01, 0.5255814E+03, 0.4860615E+03, 0.4860615E+03, 0.2759092E+03,
 0.4654000E+01, 0.5258477E+03, 0.4862634E+03, 0.4862634E+03, 0.2760295E+03,
 0.4656000E+01, 0.5261144E+03, 0.4864654E+03, 0.4864654E+03, 0.2761499E+03,
 0.4658000E+01, 0.5263813E+03, 0.4866675E+03, 0.4866675E+03, 0.2762703E+03,
 0.4660000E+01, 0.5266484E+03, 0.4868699E+03, 0.4868699E+03, 0.2763909E+03,
 0.4662000E+01, 0.5269158E+03, 0.4870723E+03, 0.4870723E+03, 0.2765115E+03,
 0.4664000E+01, 0.5271835E+03, 0.4872749E+03, 0.4872749E+03, 0.2766322E+03,
 0.4666000E+01, 0.5274514E+03, 0.4874777E+03, 0.4874777E+03, 0.2767530E+03,
 0.4668000E+01, 0.5277195E+03, 0.4876806E+03, 0.4876806E+03, 0.2768739E+03,
 0.4670000E+01, 0.5279879E+03, 0.4878836E+03, 0.4878836E+03, 0.2769949E+03,
 0.4672000E+01, 0.5282566E+03, 0.4880868E+03, 0.4880868E+03, 0.2771159E+03,
 0.4674000E+01, 0.5285255E+03, 0.4882902E+03, 0.4882902E+03, 0.2772371E+03,
 0.4676000E+01, 0.5287946E+03, 0.4884937E+03, 0.4884937E+03, 0.2773583E+03,
 0.4678000E+01, 0.5290640E+03, 0.4886973E+03, 0.4886973E+03, 0.2774796E+03,
 0.4680000E+01, 0.5293337E+03, 0.4889011E+03, 0.4889011E+03, 0.2776010E+03,
 0.4682000E+01, 0.5296036E+03, 0.4891050E+03, 0.4891050E+03, 0.2777225E+03,
 0.4684000E+01, 0.5298738E+03, 0.4893091E+03, 0.4893091E+03, 0.2778441E+03,
 0.4686000E+01, 0.5301442E+03, 0.4895133E+03, 0.4895133E+03, 0.2779658E+03,
 0.4688000E+01, 0.5304149E+03, 0.4897177E+03, 0.4897177E+03, 0.2780875E+03,
 0.4690000E+01, 0.5306858E+03, 0.4899222E+03, 0.4899222E+03, 0.2782094E+03,
 0.4692000E+01, 0.5309570E+03, 0.4901269E+03, 0.4901269E+03, 0.2783313E+03,
 0.4694000E+01, 0.5312284E+03, 0.4903317E+03, 0.4903317E+03, 0.2784533E+03,
 0.4696000E+01, 0.5315001E+03, 0.4905366E+03, 0.4905366E+03, 0.2785754E+03,
 0.4698000E+01, 0.5317720E+03, 0.4907417E+03, 0.4907417E+03, 0.2786976E+03,
 0.4700000E+01, 0.5320441E+03, 0.4909470E+03, 0.4909470E+03, 0.2788199E+03,
 0.4702000E+01, 0.5323166E+03, 0.4911524E+03, 0.4911524E+03, 0.2789422E+03,
 0.4704000E+01, 0.5325893E+03, 0.4913579E+03, 0.4913579E+03, 0.2790646E+03,
 0.4706000E+01, 0.5328622E+03, 0.4915636E+03, 0.4915636E+03, 0.2791872E+03,
 0.4708000E+01, 0.5331354E+03, 0.4917695E+03, 0.4917695E+03, 0.2793098E+03,
 0.4710000E+01, 0.5334089E+03, 0.4919755E+03, 0.4919755E+03, 0.2794325E+03,
 0.4712000E+01, 0.5336826E+03, 0.4921816E+03, 0.4921816E+03, 0.2795553E+03,
 0.4714000E+01, 0.5339565E+03, 0.4923879E+03, 0.4923879E+03, 0.2796781E+03,
 0.4716000E+01, 0.5342307E+03, 0.4925943E+03, 0.4925943E+03, 0.2798011E+03,
 0.4718000E+01, 0.5345052E+03, 0.4928009E+03, 0.4928009E+03, 0.2799241E+03,
 0.4720000E+01, 0.5347799E+03, 0.4930077E+03, 0.4930077E+03, 0.2800473E+03,
 0.4722000E+01, 0.5350549E+03, 0.4932145E+03, 0.4932145E+03, 0.2801705E+03,
 0.4724000E+01, 0.5353301E+03, 0.4934215E+03, 0.4934215E+03, 0.2802938E+03,
 0.4726000E+01, 0.5356056E+03, 0.4936287E+03, 0.4936287E+03, 0.2804172E+03,
 0.4728000E+01, 0.5358813E+03, 0.4938360E+03, 0.4938360E+03, 0.2805406E+03,
 0.4730000E+01, 0.5361573E+03, 0.4940435E+03, 0.4940435E+03, 0.2806642E+03,
 0.4732000E+01, 0.5364335E+03, 0.4942511E+03, 0.4942511E+03, 0.2807878E+03,
 0.4734000E+01, 0.5367100E+03, 0.4944589E+03, 0.4944589E+03, 0.2809116E+03,
 0.4736000E+01, 0.5369868E+03, 0.4946668E+03, 0.4946668E+03, 0.2810354E+03,
 0.4738000E+01, 0.5372638E+03, 0.4948748E+03, 0.4948748E+03, 0.2811593E+03,
 0.4740000E+01, 0.5375411E+03, 0.4950830E+03, 0.4950830E+03, 0.2812833E+03,
 0.4742000E+01, 0.5378186E+03, 0.4952914E+03, 0.4952914E+03, 0.2814074E+03,
 0.4744000E+01, 0.5380964E+03, 0.4954999E+03, 0.4954999E+03, 0.2815315E+03,
 0.4746000E+01, 0.5383744E+03, 0.4957085E+03, 0.4957085E+03, 0.2816558E+03,
 0.4748000E+01, 0.5386526E+03, 0.4959173E+03, 0.4959173E+03, 0.2817801E+03,
 0.4750000E+01, 0.5389312E+03, 0.4961263E+03, 0.4961263E+03, 0.2819045E+03,
 0.4752000E+01, 0.5392100E+03, 0.4963354E+03, 0.4963354E+03, 0.2820290E+03,
 0.4754000E+01, 0.5394891E+03, 0.4965446E+03, 0.4965446E+03, 0.2821536E+03,
 0.4756000E+01, 0.5397684E+03, 0.4967540E+03, 0.4967540E+03, 0.2822783E+03,
 0.4758000E+01, 0.5400479E+03, 0.4969635E+03, 0.4969635E+03, 0.2824030E+03,
 0.4760000E+01, 0.5403277E+03, 0.4971732E+03, 0.4971732E+03, 0.2825279E+03,
 0.4762000E+01, 0.5406078E+03, 0.4973830E+03, 0.4973830E+03, 0.2826528E+03,
 0.4764000E+01, 0.5408881E+03, 0.4975930E+03, 0.4975930E+03, 0.2827778E+03,
 0.4766000E+01, 0.5411687E+03, 0.4978031E+03, 0.4978031E+03, 0.2829030E+03,
 0.4768000E+01, 0.5414495E+03, 0.4980134E+03, 0.4980134E+03, 0.2830281E+03,
 0.4770000E+01, 0.5417307E+03, 0.4982238E+03, 0.4982238E+03, 0.2831534E+03,
 0.4772000E+01, 0.5420120E+03, 0.4984343E+03, 0.4984343E+03, 0.2832787E+03,
 0.4774000E+01, 0.5422936E+03, 0.4986451E+03, 0.4986451E+03, 0.2834042E+03,
 0.4776000E+01, 0.5425755E+03, 0.4988559E+03, 0.4988559E+03, 0.2835297E+03,
 0.4778000E+01, 0.5428576E+03, 0.4990669E+03, 0.4990669E+03, 0.2836553E+03,
 0.4780000E+01, 0.5431400E+03, 0.4992780E+03, 0.4992780E+03, 0.2837810E+03,
 0.4782000E+01, 0.5434226E+03, 0.4994893E+03, 0.4994893E+03, 0.2839068E+03,
 0.4784000E+01, 0.5437055E+03, 0.4997008E+03, 0.4997008E+03, 0.2840327E+03,
 0.4786000E+01, 0.5439886E+03, 0.4999124E+03, 0.4999124E+03, 0.2841587E+03,
 0.4788000E+01, 0.5442720E+03, 0.5001241E+03, 0.5001241E+03, 0.2842847E+03,
 0.4790000E+01, 0.5445557E+03, 0.5003360E+03, 0.5003360E+03, 0.2844108E+03,
 0.4792000E+01, 0.5448397E+03, 0.5005481E+03, 0.5005481E+03, 0.2845370E+03,
 0.4794000E+01, 0.5451238E+03, 0.5007603E+03, 0.5007603E+03, 0.2846633E+03,
 0.4796000E+01, 0.5454083E+03, 0.5009726E+03, 0.5009726E+03, 0.2847897E+03,
 0.4798000E+01, 0.5456929E+03, 0.5011851E+03, 0.5011851E+03, 0.2849162E+03,
 0.4800000E+01, 0.5459779E+03, 0.5013977E+03, 0.5013977E+03, 0.2850427E+03,
 0.4802000E+01, 0.5462631E+03, 0.5016104E+03, 0.5016104E+03, 0.2851693E+03,
 0.4804000E+01, 0.5465486E+03, 0.5018234E+03, 0.5018234E+03, 0.2852961E+03,
 0.4806000E+01, 0.5468343E+03, 0.5020364E+03, 0.5020364E+03, 0.2854229E+03,
 0.4808000E+01, 0.5471203E+03, 0.5022497E+03, 0.5022497E+03, 0.2855498E+03,
 0.4810000E+01, 0.5474065E+03, 0.5024630E+03, 0.5024630E+03, 0.2856768E+03,
 0.4812000E+01, 0.5476930E+03, 0.5026765E+03, 0.5026765E+03, 0.2858038E+03,
 0.4814000E+01, 0.5479798E+03, 0.5028902E+03, 0.5028902E+03, 0.2859310E+03,
 0.4816000E+01, 0.5482668E+03, 0.5031040E+03, 0.5031040E+03, 0.2860582E+03,
 0.4818000E+01, 0.5485541E+03, 0.5033180E+03, 0.5033180E+03, 0.2861855E+03,
 0.4820000E+01, 0.5488416E+03, 0.5035320E+03, 0.5035320E+03, 0.2863129E+03,
 0.4822000E+01, 0.5491294E+03, 0.5037463E+03, 0.5037463E+03, 0.2864404E+03,
 0.4824000E+01, 0.5494174E+03, 0.5039607E+03, 0.5039607E+03, 0.2865680E+03,
 0.4826000E+01, 0.5497057E+03, 0.5041752E+03, 0.5041752E+03, 0.2866956E+03,
 0.4828000E+01, 0.5499943E+03, 0.5043899E+03, 0.5043899E+03, 0.2868233E+03,
 0.4830000E+01, 0.5502831E+03, 0.5046048E+03, 0.5046048E+03, 0.2869512E+03,
 0.4832000E+01, 0.5505722E+03, 0.5048198E+03, 0.5048198E+03, 0.2870791E+03,
 0.4834000E+01, 0.5508616E+03, 0.5050349E+03, 0.5050349E+03, 0.2872071E+03,
 0.4836000E+01, 0.5511512E+03, 0.5052502E+03, 0.5052502E+03, 0.2873351E+03,
 0.4838000E+01, 0.5514410E+03, 0.5054656E+03, 0.5054656E+03, 0.2874633E+03,
 0.4840000E+01, 0.5517311E+03, 0.5056812E+03, 0.5056812E+03, 0.2875916E+03,
 0.4842000E+01, 0.5520215E+03, 0.5058969E+03, 0.5058969E+03, 0.2877199E+03,
 0.4844000E+01, 0.5523121E+03, 0.5061128E+03, 0.5061128E+03, 0.2878483E+03,
 0.4846000E+01, 0.5526030E+03, 0.5063288E+03, 0.5063288E+03, 0.2879768E+03,
 0.4848000E+01, 0.5528942E+03, 0.5065450E+03, 0.5065450E+03, 0.2881054E+03,
 0.4850000E+01, 0.5531856E+03, 0.5067613E+03, 0.5067613E+03, 0.2882340E+03,
 0.4852000E+01, 0.5534773E+03, 0.5069777E+03, 0.5069777E+03, 0.2883628E+03,
 0.4854000E+01, 0.5537692E+03, 0.5071943E+03, 0.5071943E+03, 0.2884916E+03,
 0.4856000E+01, 0.5540614E+03, 0.5074111E+03, 0.5074111E+03, 0.2886205E+03,
 0.4858000E+01, 0.5543539E+03, 0.5076280E+03, 0.5076280E+03, 0.2887495E+03,
 0.4860000E+01, 0.5546466E+03, 0.5078450E+03, 0.5078450E+03, 0.2888786E+03,
 0.4862000E+01, 0.5549396E+03, 0.5080622E+03, 0.5080622E+03, 0.2890078E+03,
 0.4864000E+01, 0.5552328E+03, 0.5082796E+03, 0.5082796E+03, 0.2891371E+03,
 0.4866000E+01, 0.5555263E+03, 0.5084971E+03, 0.5084971E+03, 0.2892664E+03,
 0.4868000E+01, 0.5558201E+03, 0.5087147E+03, 0.5087147E+03, 0.2893958E+03,
 0.4870000E+01, 0.5561141E+03, 0.5089325E+03, 0.5089325E+03, 0.2895253E+03,
 0.4872000E+01, 0.5564083E+03, 0.5091504E+03, 0.5091504E+03, 0.2896549E+03,
 0.4874000E+01, 0.5567029E+03, 0.5093685E+03, 0.5093685E+03, 0.2897846E+03,
 0.4876000E+01, 0.5569977E+03, 0.5095867E+03, 0.5095867E+03, 0.2899144E+03,
 0.4878000E+01, 0.5572927E+03, 0.5098051E+03, 0.5098051E+03, 0.2900442E+03,
 0.4880000E+01, 0.5575881E+03, 0.5100236E+03, 0.5100236E+03, 0.2901741E+03,
 0.4882000E+01, 0.5578836E+03, 0.5102423E+03, 0.5102423E+03, 0.2903041E+03,
 0.4884000E+01, 0.5581794E+03, 0.5104611E+03, 0.5104611E+03, 0.2904342E+03,
 0.4886000E+01, 0.5584756E+03, 0.5106801E+03, 0.5106801E+03, 0.2905644E+03,
 0.4888000E+01, 0.5587719E+03, 0.5108992E+03, 0.5108992E+03, 0.2906947E+03,
 0.4890000E+01, 0.5590685E+03, 0.5111184E+03, 0.5111184E+03, 0.2908250E+03,
 0.4892000E+01, 0.5593654E+03, 0.5113379E+03, 0.5113379E+03, 0.2909554E+03,
 0.4894000E+01, 0.5596625E+03, 0.5115574E+03, 0.5115574E+03, 0.2910860E+03,
 0.4896000E+01, 0.5599600E+03, 0.5117771E+03, 0.5117771E+03, 0.2912166E+03,
 0.4898000E+01, 0.5602576E+03, 0.5119969E+03, 0.5119969E+03, 0.2913472E+03,
 0.4900000E+01, 0.5605555E+03, 0.5122170E+03, 0.5122170E+03, 0.2914780E+03,
 0.4902000E+01, 0.5608538E+03, 0.5124371E+03, 0.5124371E+03, 0.2916089E+03,
 0.4904000E+01, 0.5611522E+03, 0.5126574E+03, 0.5126574E+03, 0.2917398E+03,
 0.4906000E+01, 0.5614509E+03, 0.5128778E+03, 0.5128778E+03, 0.2918708E+03,
 0.4908000E+01, 0.5617499E+03, 0.5130984E+03, 0.5130984E+03, 0.2920019E+03,
 0.4910000E+01, 0.5620491E+03, 0.5133192E+03, 0.5133192E+03, 0.2921331E+03,
 0.4912000E+01, 0.5623486E+03, 0.5135400E+03, 0.5135400E+03, 0.2922643E+03,
 0.4914000E+01, 0.5626483E+03, 0.5137610E+03, 0.5137610E+03, 0.2923957E+03,
 0.4916000E+01, 0.5629484E+03, 0.5139822E+03, 0.5139822E+03, 0.2925271E+03,
 0.4918000E+01, 0.5632486E+03, 0.5142035E+03, 0.5142035E+03, 0.2926586E+03,
 0.4920000E+01, 0.5635491E+03, 0.5144250E+03, 0.5144250E+03, 0.2927902E+03,
 0.4922000E+01, 0.5638500E+03, 0.5146466E+03, 0.5146466E+03, 0.2929219E+03,
 0.4924000E+01, 0.5641510E+03, 0.5148683E+03, 0.5148683E+03, 0.2930536E+03,
 0.4926000E+01, 0.5644523E+03, 0.5150903E+03, 0.5150903E+03, 0.2931855E+03,
 0.4928000E+01, 0.5647539E+03, 0.5153123E+03, 0.5153123E+03, 0.2933174E+03,
 0.4930000E+01, 0.5650558E+03, 0.5155345E+03, 0.5155345E+03, 0.2934494E+03,
 0.4932000E+01, 0.5653578E+03, 0.5157568E+03, 0.5157568E+03, 0.2935815E+03,
 0.4934000E+01, 0.5656603E+03, 0.5159794E+03, 0.5159794E+03, 0.2937137E+03,
 0.4936000E+01, 0.5659629E+03, 0.5162020E+03, 0.5162020E+03, 0.2938460E+03,
 0.4938000E+01, 0.5662657E+03, 0.5164247E+03, 0.5164247E+03, 0.2939783E+03,
 0.4940000E+01, 0.5665689E+03, 0.5166477E+03, 0.5166477E+03, 0.2941107E+03,
 0.4942000E+01, 0.5668724E+03, 0.5168708E+03, 0.5168708E+03, 0.2942432E+03,
 0.4944000E+01, 0.5671760E+03, 0.5170940E+03, 0.5170940E+03, 0.2943758E+03,
 0.4946000E+01, 0.5674800E+03, 0.5173174E+03, 0.5173174E+03, 0.2945085E+03,
 0.4948000E+01, 0.5677842E+03, 0.5175409E+03, 0.5175409E+03, 0.2946413E+03,
 0.4950000E+01, 0.5680886E+03, 0.5177646E+03, 0.5177646E+03, 0.2947741E+03,
 0.4952000E+01, 0.5683934E+03, 0.5179884E+03, 0.5179884E+03, 0.2949070E+03,
 0.4954000E+01, 0.5686984E+03, 0.5182123E+03, 0.5182123E+03, 0.2950400E+03,
 0.4956000E+01, 0.5690036E+03, 0.5184365E+03, 0.5184365E+03, 0.2951731E+03,
 0.4958000E+01, 0.5693091E+03, 0.5186607E+03, 0.5186607E+03, 0.2953063E+03,
 0.4960000E+01, 0.5696149E+03, 0.5188851E+03, 0.5188851E+03, 0.2954395E+03,
 0.4962000E+01, 0.5699210E+03, 0.5191096E+03, 0.5191096E+03, 0.2955728E+03,
 0.4964000E+01, 0.5702272E+03, 0.5193344E+03, 0.5193344E+03, 0.2957063E+03,
 0.4966000E+01, 0.5705338E+03, 0.5195592E+03, 0.5195592E+03, 0.2958398E+03,
 0.4968000E+01, 0.5708406E+03, 0.5197842E+03, 0.5197842E+03, 0.2959733E+03,
 0.4970000E+01, 0.5711477E+03, 0.5200093E+03, 0.5200093E+03, 0.2961070E+03,
 0.4972000E+01, 0.5714551E+03, 0.5202346E+03, 0.5202346E+03, 0.2962407E+03,
 0.4974000E+01, 0.5717627E+03, 0.5204600E+03, 0.5204600E+03, 0.2963745E+03,
 0.4976000E+01, 0.5720706E+03, 0.5206855E+03, 0.5206855E+03, 0.2965085E+03,
 0.4978000E+01, 0.5723787E+03, 0.5209113E+03, 0.5209113E+03, 0.2966425E+03,
 0.4980000E+01, 0.5726871E+03, 0.5211371E+03, 0.5211371E+03, 0.2967765E+03,
 0.4982000E+01, 0.5729958E+03, 0.5213632E+03, 0.5213632E+03, 0.2969107E+03,
 0.4984000E+01, 0.5733047E+03, 0.5215893E+03, 0.5215893E+03, 0.2970449E+03,
 0.4986000E+01, 0.5736139E+03, 0.5218156E+03, 0.5218156E+03, 0.2971792E+03,
 0.4988000E+01, 0.5739233E+03, 0.5220421E+03, 0.5220421E+03, 0.2973136E+03,
 0.4990000E+01, 0.5742331E+03, 0.5222687E+03, 0.5222687E+03, 0.2974481E+03,
 0.4992000E+01, 0.5745431E+03, 0.5224954E+03, 0.5224954E+03, 0.2975826E+03,
 0.4994000E+01, 0.5748533E+03, 0.5227223E+03, 0.5227223E+03, 0.2977173E+03,
 0.4996000E+01, 0.5751638E+03, 0.5229493E+03, 0.5229493E+03, 0.2978520E+03,
 0.4998000E+01, 0.5754746E+03, 0.5231765E+03, 0.5231765E+03, 0.2979868E+03,
 0.5000000E+01, 0.5757856E+03, 0.5234039E+03, 0.5234039E+03, 0.2981217E+03,
 0.5002000E+01, 0.5760969E+03, 0.5236313E+03, 0.5236313E+03, 0.2982567E+03,
 0.5004000E+01, 0.5764084E+03, 0.5238589E+03, 0.5238589E+03, 0.2983917E+03,
 0.5006000E+01, 0.5767203E+03, 0.5240867E+03, 0.5240867E+03, 0.2985269E+03,
 0.5008000E+01, 0.5770323E+03, 0.5243146E+03, 0.5243146E+03, 0.2986620E+03,
 0.5010000E+01, 0.5773447E+03, 0.5245427E+03, 0.5245427E+03, 0.2987973E+03,
 0.5012000E+01, 0.5776573E+03, 0.5247709E+03, 0.5247709E+03, 0.2989327E+03,
 0.5014000E+01, 0.5779702E+03, 0.5249992E+03, 0.5249992E+03, 0.2990682E+03,
 0.5016000E+01, 0.5782833E+03, 0.5252277E+03, 0.5252277E+03, 0.2992037E+03,
 0.5018000E+01, 0.5785967E+03, 0.5254564E+03, 0.5254564E+03, 0.2993393E+03,
 0.5020000E+01, 0.5789104E+03, 0.5256851E+03, 0.5256851E+03, 0.2994750E+03,
 0.5022000E+01, 0.5792243E+03, 0.5259141E+03, 0.5259141E+03, 0.2996108E+03,
 0.5024000E+01, 0.5795385E+03, 0.5261431E+03, 0.5261431E+03, 0.2997466E+03,
 0.5026000E+01, 0.5798530E+03, 0.5263724E+03, 0.5263724E+03, 0.2998826E+03,
 0.5028000E+01, 0.5801677E+03, 0.5266017E+03, 0.5266017E+03, 0.3000186E+03,
 0.5030000E+01, 0.5804827E+03, 0.5268312E+03, 0.5268312E+03, 0.3001547E+03,
 0.5032000E+01, 0.5807979E+03, 0.5270609E+03, 0.5270609E+03, 0.3002909E+03,
 0.5034000E+01, 0.5811134E+03, 0.5272907E+03, 0.5272907E+03, 0.3004272E+03,
 0.5036000E+01, 0.5814292E+03, 0.5275206E+03, 0.5275206E+03, 0.3005635E+03,
 0.5038000E+01, 0.5817452E+03, 0.5277507E+03, 0.5277507E+03, 0.3006999E+03,
 0.5040000E+01, 0.5820615E+03, 0.5279810E+03, 0.5279810E+03, 0.3008364E+03,
 0.5042000E+01, 0.5823781E+03, 0.5282114E+03, 0.5282114E+03, 0.3009730E+03,
 0.5044000E+01, 0.5826949E+03, 0.5284419E+03, 0.5284419E+03, 0.3011097E+03,
 0.5046000E+01, 0.5830120E+03, 0.5286726E+03, 0.5286726E+03, 0.3012464E+03,
 0.5048000E+01, 0.5833293E+03, 0.5289034E+03, 0.5289034E+03, 0.3013832E+03,
 0.5050000E+01, 0.5836470E+03, 0.5291344E+03, 0.5291344E+03, 0.3015201E+03,
 0.5052000E+01, 0.5839648E+03, 0.5293655E+03, 0.5293655E+03, 0.3016571E+03,
 0.5054000E+01, 0.5842830E+03, 0.5295967E+03, 0.5295967E+03, 0.3017942E+03,
 0.5056000E+01, 0.5846014E+03, 0.5298282E+03, 0.5298282E+03, 0.3019313E+03,
 0.5058000E+01, 0.5849200E+03, 0.5300597E+03, 0.5300597E+03, 0.3020686E+03,
 0.5060000E+01, 0.5852390E+03, 0.5302914E+03, 0.5302914E+03, 0.3022059E+03,
 0.5062000E+01, 0.5855582E+03, 0.5305233E+03, 0.5305233E+03, 0.3023433E+03,
 0.5064000E+01, 0.5858776E+03, 0.5307552E+03, 0.5307552E+03, 0.3024807E+03,
 0.5066000E+01, 0.5861973E+03, 0.5309874E+03, 0.5309874E+03, 0.3026183E+03,
 0.5068000E+01, 0.5865173E+03, 0.5312196E+03, 0.5312196E+03, 0.3027559E+03,
 0.5070000E+01, 0.5868376E+03, 0.5314520E+03, 0.5314520E+03, 0.3028936E+03,
 0.5072000E+01, 0.5871581E+03, 0.5316846E+03, 0.5316846E+03, 0.3030314E+03,
 0.5074000E+01, 0.5874789E+03, 0.5319173E+03, 0.5319173E+03, 0.3031693E+03,
 0.5076000E+01, 0.5877999E+03, 0.5321501E+03, 0.5321501E+03, 0.3033072E+03,
 0.5078000E+01, 0.5881212E+03, 0.5323832E+03, 0.5323832E+03, 0.3034452E+03,
 0.5080000E+01, 0.5884427E+03, 0.5326163E+03, 0.5326163E+03, 0.3035833E+03,
 0.5082000E+01, 0.5887646E+03, 0.5328496E+03, 0.5328496E+03, 0.3037215E+03,
 0.5084000E+01, 0.5890867E+03, 0.5330830E+03, 0.5330830E+03, 0.3038597E+03,
 0.5086000E+01, 0.5894091E+03, 0.5333166E+03, 0.5333166E+03, 0.3039981E+03,
 0.5088000E+01, 0.5897317E+03, 0.5335503E+03, 0.5335503E+03, 0.3041365E+03,
 0.5090000E+01, 0.5900546E+03, 0.5337842E+03, 0.5337842E+03, 0.3042750E+03,
 0.5092000E+01, 0.5903777E+03, 0.5340182E+03, 0.5340182E+03, 0.3044136E+03,
 0.5094000E+01, 0.5907011E+03, 0.5342523E+03, 0.5342523E+03, 0.3045522E+03,
 0.5096000E+01, 0.5910248E+03, 0.5344866E+03, 0.5344866E+03, 0.3046910E+03,
 0.5098000E+01, 0.5913487E+03, 0.5347211E+03, 0.5347211E+03, 0.3048298E+03,
 0.5100000E+01, 0.5916729E+03, 0.5349556E+03, 0.5349556E+03, 0.3049687E+03,
 0.5102000E+01, 0.5919974E+03, 0.5351904E+03, 0.5351904E+03, 0.3051076E+03,
 0.5104000E+01, 0.5923221E+03, 0.5354252E+03, 0.5354252E+03, 0.3052467E+03,
 0.5106000E+01, 0.5926471E+03, 0.5356603E+03, 0.5356603E+03, 0.3053858E+03,
 0.5108000E+01, 0.5929724E+03, 0.5358954E+03, 0.5358954E+03, 0.3055250E+03,
 0.5110000E+01, 0.5932979E+03, 0.5361307E+03, 0.5361307E+03, 0.3056643E+03,
 0.5112000E+01, 0.5936237E+03, 0.5363661E+03, 0.5363661E+03, 0.3058037E+03,
 0.5114000E+01, 0.5939496E+03, 0.5366017E+03, 0.5366017E+03, 0.3059431E+03,
 0.5116000E+01, 0.5942760E+03, 0.5368375E+03, 0.5368375E+03, 0.3060826E+03,
 0.5118000E+01, 0.5946025E+03, 0.5370734E+03, 0.5370734E+03, 0.3062222E+03,
 0.5120000E+01, 0.5949294E+03, 0.5373094E+03, 0.5373094E+03, 0.3063619E+03,
 0.5122000E+01, 0.5952565E+03, 0.5375456E+03, 0.5375456E+03, 0.3065016E+03,
 0.5124000E+01, 0.5955839E+03, 0.5377819E+03, 0.5377819E+03, 0.3066415E+03,
 0.5126000E+01, 0.5959114E+03, 0.5380183E+03, 0.5380183E+03, 0.3067814E+03,
 0.5128000E+01, 0.5962393E+03, 0.5382549E+03, 0.5382549E+03, 0.3069214E+03,
 0.5130000E+01, 0.5965675E+03, 0.5384917E+03, 0.5384917E+03, 0.3070615E+03,
 0.5132000E+01, 0.5968959E+03, 0.5387286E+03, 0.5387286E+03, 0.3072016E+03,
 0.5134000E+01, 0.5972245E+03, 0.5389656E+03, 0.5389656E+03, 0.3073418E+03,
 0.5136000E+01, 0.5975535E+03, 0.5392028E+03, 0.5392028E+03, 0.3074821E+03,
 0.5138000E+01, 0.5978827E+03, 0.5394401E+03, 0.5394401E+03, 0.3076225E+03,
 0.5140000E+01, 0.5982122E+03, 0.5396776E+03, 0.5396776E+03, 0.3077629E+03,
 0.5142000E+01, 0.5985419E+03, 0.5399151E+03, 0.5399151E+03, 0.3079035E+03,
 0.5144000E+01, 0.5988719E+03, 0.5401529E+03, 0.5401529E+03, 0.3080441E+03,
 0.5146000E+01, 0.5992021E+03, 0.5403907E+03, 0.5403907E+03, 0.3081848E+03,
 0.5148000E+01, 0.5995327E+03, 0.5406288E+03, 0.5406288E+03, 0.3083255E+03,
 0.5150000E+01, 0.5998635E+03, 0.5408669E+03, 0.5408669E+03, 0.3084664E+03,
 0.5152000E+01, 0.6001945E+03, 0.5411053E+03, 0.5411053E+03, 0.3086073E+03,
 0.5154000E+01, 0.6005258E+03, 0.5413438E+03, 0.5413438E+03, 0.3087483E+03,
 0.5156000E+01, 0.6008574E+03, 0.5415823E+03, 0.5415823E+03, 0.3088894E+03,
 0.5158000E+01, 0.6011892E+03, 0.5418210E+03, 0.5418210E+03, 0.3090305E+03,
 0.5160000E+01, 0.6015213E+03, 0.5420599E+03, 0.5420599E+03, 0.3091718E+03,
 0.5162000E+01, 0.6018536E+03, 0.5422990E+03, 0.5422990E+03, 0.3093130E+03,
 0.5164000E+01, 0.6021863E+03, 0.5425381E+03, 0.5425381E+03, 0.3094544E+03,
 0.5166000E+01, 0.6025192E+03, 0.5427775E+03, 0.5427775E+03, 0.3095959E+03,
 0.5168000E+01, 0.6028523E+03, 0.5430169E+03, 0.5430169E+03, 0.3097374E+03,
 0.5170000E+01, 0.6031857E+03, 0.5432565E+03, 0.5432565E+03, 0.3098790E+03,
 0.5172000E+01, 0.6035193E+03, 0.5434963E+03, 0.5434963E+03, 0.3100207E+03,
 0.5174000E+01, 0.6038533E+03, 0.5437361E+03, 0.5437361E+03, 0.3101625E+03,
 0.5176000E+01, 0.6041875E+03, 0.5439761E+03, 0.5439761E+03, 0.3103043E+03,
 0.5178000E+01, 0.6045220E+03, 0.5442163E+03, 0.5442163E+03, 0.3104463E+03,
 0.5180000E+01, 0.6048567E+03, 0.5444566E+03, 0.5444566E+03, 0.3105882E+03,
 0.5182000E+01, 0.6051917E+03, 0.5446971E+03, 0.5446971E+03, 0.3107303E+03,
 0.5184000E+01, 0.6055269E+03, 0.5449377E+03, 0.5449377E+03, 0.3108724E+03,
 0.5186000E+01, 0.6058624E+03, 0.5451784E+03, 0.5451784E+03, 0.3110147E+03,
 0.5188000E+01, 0.6061982E+03, 0.5454193E+03, 0.5454193E+03, 0.3111570E+03,
 0.5190000E+01, 0.6065342E+03, 0.5456603E+03, 0.5456603E+03, 0.3112993E+03,
 0.5192000E+01, 0.6068705E+03, 0.5459014E+03, 0.5459014E+03, 0.3114418E+03,
 0.5194000E+01, 0.6072071E+03, 0.5461428E+03, 0.5461428E+03, 0.3115843E+03,
 0.5196000E+01, 0.6075439E+03, 0.5463842E+03, 0.5463842E+03, 0.3117269E+03,
 0.5198000E+01, 0.6078810E+03, 0.5466258E+03, 0.5466258E+03, 0.3118696E+03,
 0.5200000E+01, 0.6082183E+03, 0.5468675E+03, 0.5468675E+03, 0.3120123E+03,
 0.5202000E+01, 0.6085560E+03, 0.5471094E+03, 0.5471094E+03, 0.3121552E+03,
 0.5204000E+01, 0.6088939E+03, 0.5473514E+03, 0.5473514E+03, 0.3122981E+03,
 0.5206000E+01, 0.6092319E+03, 0.5475935E+03, 0.5475935E+03, 0.3124410E+03,
 0.5208000E+01, 0.6095704E+03, 0.5478358E+03, 0.5478358E+03, 0.3125841E+03,
 0.5210000E+01, 0.6099090E+03, 0.5480782E+03, 0.5480782E+03, 0.3127272E+03,
 0.5212000E+01, 0.6102479E+03, 0.5483208E+03, 0.5483208E+03, 0.3128704E+03,
 0.5214000E+01, 0.6105871E+03, 0.5485635E+03, 0.5485635E+03, 0.3130137E+03,
 0.5216000E+01, 0.6109266E+03, 0.5488063E+03, 0.5488063E+03, 0.3131571E+03,
 0.5218000E+01, 0.6112663E+03, 0.5490493E+03, 0.5490493E+03, 0.3133005E+03,
 0.5220000E+01, 0.6116063E+03, 0.5492925E+03, 0.5492925E+03, 0.3134440E+03,
 0.5222000E+01, 0.6119465E+03, 0.5495358E+03, 0.5495358E+03, 0.3135876E+03,
 0.5224000E+01, 0.6122870E+03, 0.5497792E+03, 0.5497792E+03, 0.3137312E+03,
 0.5226000E+01, 0.6126277E+03, 0.5500227E+03, 0.5500227E+03, 0.3138749E+03,
 0.5228000E+01, 0.6129688E+03, 0.5502664E+03, 0.5502664E+03, 0.3140187E+03,
 0.5230000E+01, 0.6133100E+03, 0.5505103E+03, 0.5505103E+03, 0.3141626E+03,
 0.5232000E+01, 0.6136516E+03, 0.5507542E+03, 0.5507542E+03, 0.3143066E+03,
 0.5234000E+01, 0.6139933E+03, 0.5509984E+03, 0.5509984E+03, 0.3144506E+03,
 0.5236000E+01, 0.6143354E+03, 0.5512426E+03, 0.5512426E+03, 0.3145947E+03,
 0.5238000E+01, 0.6146777E+03, 0.5514870E+03, 0.5514870E+03, 0.3147389E+03,
 0.5240000E+01, 0.6150203E+03, 0.5517315E+03, 0.5517315E+03, 0.3148831E+03,
 0.5242000E+01, 0.6153632E+03, 0.5519762E+03, 0.5519762E+03, 0.3150274E+03,
 0.5244000E+01, 0.6157063E+03, 0.5522210E+03, 0.5522210E+03, 0.3151718E+03,
 0.5246000E+01, 0.6160496E+03, 0.5524659E+03, 0.5524659E+03, 0.3153163E+03,
 0.5248000E+01, 0.6163932E+03, 0.5527111E+03, 0.5527111E+03, 0.3154608E+03,
 0.5250000E+01, 0.6167372E+03, 0.5529563E+03, 0.5529563E+03, 0.3156055E+03,
 0.5252000E+01, 0.6170813E+03, 0.5532017E+03, 0.5532017E+03, 0.3157502E+03,
 0.5254000E+01, 0.6174257E+03, 0.5534471E+03, 0.5534471E+03, 0.3158949E+03,
 0.5256000E+01, 0.6177704E+03, 0.5536928E+03, 0.5536928E+03, 0.3160398E+03,
 0.5258000E+01, 0.6181154E+03, 0.5539386E+03, 0.5539386E+03, 0.3161847E+03,
 0.5260000E+01, 0.6184605E+03, 0.5541846E+03, 0.5541846E+03, 0.3163297E+03,
 0.5262000E+01, 0.6188060E+03, 0.5544306E+03, 0.5544306E+03, 0.3164747E+03,
 0.5264000E+01, 0.6191517E+03, 0.5546768E+03, 0.5546768E+03, 0.3166198E+03,
 0.5266000E+01, 0.6194977E+03, 0.5549232E+03, 0.5549232E+03, 0.3167650E+03,
 0.5268000E+01, 0.6198439E+03, 0.5551697E+03, 0.5551697E+03, 0.3169103E+03,
 0.5270000E+01, 0.6201904E+03, 0.5554163E+03, 0.5554163E+03, 0.3170557E+03,
 0.5272000E+01, 0.6205372E+03, 0.5556630E+03, 0.5556630E+03, 0.3172011E+03,
 0.5274000E+01, 0.6208842E+03, 0.5559100E+03, 0.5559100E+03, 0.3173466E+03,
 0.5276000E+01, 0.6212315E+03, 0.5561570E+03, 0.5561570E+03, 0.3174922E+03,
 0.5278000E+01, 0.6215790E+03, 0.5564042E+03, 0.5564042E+03, 0.3176378E+03,
 0.5280000E+01, 0.6219269E+03, 0.5566515E+03, 0.5566515E+03, 0.3177835E+03,
 0.5282000E+01, 0.6222749E+03, 0.5568989E+03, 0.5568989E+03, 0.3179293E+03,
 0.5284000E+01, 0.6226232E+03, 0.5571465E+03, 0.5571465E+03, 0.3180752E+03,
 0.5286000E+01, 0.6229719E+03, 0.5573943E+03, 0.5573943E+03, 0.3182211E+03,
 0.5288000E+01, 0.6233207E+03, 0.5576422E+03, 0.5576422E+03, 0.3183671E+03,
 0.5290000E+01, 0.6236698E+03, 0.5578901E+03, 0.5578901E+03, 0.3185132E+03,
 0.5292000E+01, 0.6240192E+03, 0.5581383E+03, 0.5581383E+03, 0.3186593E+03,
 0.5294000E+01, 0.6243688E+03, 0.5583866E+03, 0.5583866E+03, 0.3188055E+03,
 0.5296000E+01, 0.6247187E+03, 0.5586350E+03, 0.5586350E+03, 0.3189518E+03,
 0.5298000E+01, 0.6250688E+03, 0.5588836E+03, 0.5588836E+03, 0.3190982E+03,
 0.5300000E+01, 0.6254193E+03, 0.5591323E+03, 0.5591323E+03, 0.3192446E+03,
 0.5302000E+01, 0.6257699E+03, 0.5593811E+03, 0.5593811E+03, 0.3193911E+03,
 0.5304000E+01, 0.6261208E+03, 0.5596301E+03, 0.5596301E+03, 0.3195377E+03,
 0.5306000E+01, 0.6264720E+03, 0.5598792E+03, 0.5598792E+03, 0.3196844E+03,
 0.5308000E+01, 0.6268235E+03, 0.5601285E+03, 0.5601285E+03, 0.3198311E+03,
 0.5310000E+01, 0.6271752E+03, 0.5603778E+03, 0.5603778E+03, 0.3199779E+03,
 0.5312000E+01, 0.6275272E+03, 0.5606274E+03, 0.5606274E+03, 0.3201247E+03,
 0.5314000E+01, 0.6278793E+03, 0.5608770E+03, 0.5608770E+03, 0.3202717E+03,
 0.5316000E+01, 0.6282319E+03, 0.5611268E+03, 0.5611268E+03, 0.3204187E+03,
 0.5318000E+01, 0.6285846E+03, 0.5613768E+03, 0.5613768E+03, 0.3205658E+03,
 0.5320000E+01, 0.6289376E+03, 0.5616268E+03, 0.5616268E+03, 0.3207129E+03,
 0.5322000E+01, 0.6292908E+03, 0.5618770E+03, 0.5618770E+03, 0.3208601E+03,
 0.5324000E+01, 0.6296443E+03, 0.5621274E+03, 0.5621274E+03, 0.3210074E+03,
 0.5326000E+01, 0.6299982E+03, 0.5623779E+03, 0.5623779E+03, 0.3211548E+03,
 0.5328000E+01, 0.6303522E+03, 0.5626285E+03, 0.5626285E+03, 0.3213022E+03,
 0.5330000E+01, 0.6307065E+03, 0.5628792E+03, 0.5628792E+03, 0.3214497E+03,
 0.5332000E+01, 0.6310610E+03, 0.5631301E+03, 0.5631301E+03, 0.3215973E+03,
 0.5334000E+01, 0.6314159E+03, 0.5633812E+03, 0.5633812E+03, 0.3217449E+03,
 0.5336000E+01, 0.6317709E+03, 0.5636323E+03, 0.5636323E+03, 0.3218926E+03,
 0.5338000E+01, 0.6321263E+03, 0.5638836E+03, 0.5638836E+03, 0.3220404E+03,
 0.5340000E+01, 0.6324819E+03, 0.5641351E+03, 0.5641351E+03, 0.3221883E+03,
 0.5342000E+01, 0.6328377E+03, 0.5643867E+03, 0.5643867E+03, 0.3223362E+03,
 0.5344000E+01, 0.6331938E+03, 0.5646384E+03, 0.5646384E+03, 0.3224842E+03,
 0.5346000E+01, 0.6335502E+03, 0.5648902E+03, 0.5648902E+03, 0.3226323E+03,
 0.5348000E+01, 0.6339069E+03, 0.5651422E+03, 0.5651422E+03, 0.3227804E+03,
 0.5350000E+01, 0.6342637E+03, 0.5653943E+03, 0.5653943E+03, 0.3229286E+03,
 0.5352000E+01, 0.6346208E+03, 0.5656465E+03, 0.5656465E+03, 0.3230769E+03,
 0.5354000E+01, 0.6349783E+03, 0.5658989E+03, 0.5658989E+03, 0.3232252E+03,
 0.5356000E+01, 0.6353359E+03, 0.5661514E+03, 0.5661514E+03, 0.3233737E+03,
 0.5358000E+01, 0.6356938E+03, 0.5664041E+03, 0.5664041E+03, 0.3235221E+03,
 0.5360000E+01, 0.6360521E+03, 0.5666569E+03, 0.5666569E+03, 0.3236707E+03,
 0.5362000E+01, 0.6364105E+03, 0.5669099E+03, 0.5669099E+03, 0.3238193E+03,
 0.5364000E+01, 0.6367692E+03, 0.5671629E+03, 0.5671629E+03, 0.3239680E+03,
 0.5366000E+01, 0.6371281E+03, 0.5674161E+03, 0.5674161E+03, 0.3241168E+03,
 0.5368000E+01, 0.6374873E+03, 0.5676694E+03, 0.5676694E+03, 0.3242656E+03,
 0.5370000E+01, 0.6378468E+03, 0.5679229E+03, 0.5679229E+03, 0.3244145E+03,
 0.5372000E+01, 0.6382065E+03, 0.5681765E+03, 0.5681765E+03, 0.3245634E+03,
 0.5374000E+01, 0.6385665E+03, 0.5684302E+03, 0.5684302E+03, 0.3247125E+03,
 0.5376000E+01, 0.6389268E+03, 0.5686841E+03, 0.5686841E+03, 0.3248616E+03,
 0.5378000E+01, 0.6392872E+03, 0.5689381E+03, 0.5689381E+03, 0.3250107E+03,
 0.5380000E+01, 0.6396479E+03, 0.5691923E+03, 0.5691923E+03, 0.3251600E+03,
 0.5382000E+01, 0.6400090E+03, 0.5694465E+03, 0.5694465E+03, 0.3253093E+03,
 0.5384000E+01, 0.6403702E+03, 0.5697009E+03, 0.5697009E+03, 0.3254587E+03,
 0.5386000E+01, 0.6407318E+03, 0.5699555E+03, 0.5699555E+03, 0.3256081E+03,
 0.5388000E+01, 0.6410936E+03, 0.5702101E+03, 0.5702101E+03, 0.3257576E+03,
 0.5390000E+01, 0.6414556E+03, 0.5704650E+03, 0.5704650E+03, 0.3259072E+03,
 0.5392000E+01, 0.6418179E+03, 0.5707199E+03, 0.5707199E+03, 0.3260569E+03,
 0.5394000E+01, 0.6421804E+03, 0.5709750E+03, 0.5709750E+03, 0.3262066E+03,
 0.5396000E+01, 0.6425433E+03, 0.5712302E+03, 0.5712302E+03, 0.3263564E+03,
 0.5398000E+01, 0.6429063E+03, 0.5714856E+03, 0.5714856E+03, 0.3265062E+03,
 0.5400000E+01, 0.6432697E+03, 0.5717410E+03, 0.5717410E+03, 0.3266562E+03,
 0.5402000E+01, 0.6436332E+03, 0.5719966E+03, 0.5719966E+03, 0.3268062E+03,
 0.5404000E+01, 0.6439971E+03, 0.5722524E+03, 0.5722524E+03, 0.3269562E+03,
 0.5406000E+01, 0.6443611E+03, 0.5725083E+03, 0.5725083E+03, 0.3271063E+03,
 0.5408000E+01, 0.6447255E+03, 0.5727643E+03, 0.5727643E+03, 0.3272565E+03,
 0.5410000E+01, 0.6450901E+03, 0.5730204E+03, 0.5730204E+03, 0.3274068E+03,
 0.5412000E+01, 0.6454550E+03, 0.5732767E+03, 0.5732767E+03, 0.3275571E+03,
 0.5414000E+01, 0.6458201E+03, 0.5735331E+03, 0.5735331E+03, 0.3277075E+03,
 0.5416000E+01, 0.6461854E+03, 0.5737897E+03, 0.5737897E+03, 0.3278579E+03,
 0.5418000E+01, 0.6465511E+03, 0.5740464E+03, 0.5740464E+03, 0.3280085E+03,
 0.5420000E+01, 0.6469169E+03, 0.5743032E+03, 0.5743032E+03, 0.3281591E+03,
 0.5422000E+01, 0.6472831E+03, 0.5745601E+03, 0.5745601E+03, 0.3283097E+03,
 0.5424000E+01, 0.6476495E+03, 0.5748172E+03, 0.5748172E+03, 0.3284604E+03,
 0.5426000E+01, 0.6480161E+03, 0.5750744E+03, 0.5750744E+03, 0.3286112E+03,
 0.5428000E+01, 0.6483830E+03, 0.5753317E+03, 0.5753317E+03, 0.3287621E+03,
 0.5430000E+01, 0.6487502E+03, 0.5755892E+03, 0.5755892E+03, 0.3289130E+03,
 0.5432000E+01, 0.6491176E+03, 0.5758468E+03, 0.5758468E+03, 0.3290640E+03,
 0.5434000E+01, 0.6494852E+03, 0.5761046E+03, 0.5761046E+03, 0.3292151E+03,
 0.5436000E+01, 0.6498532E+03, 0.5763624E+03, 0.5763624E+03, 0.3293662E+03,
 0.5438000E+01, 0.6502214E+03, 0.5766204E+03, 0.5766204E+03, 0.3295174E+03,
 0.5440000E+01, 0.6505898E+03, 0.5768785E+03, 0.5768785E+03, 0.3296686E+03,
 0.5442000E+01, 0.6509585E+03, 0.5771368E+03, 0.5771368E+03, 0.3298199E+03,
 0.5444000E+01, 0.6513275E+03, 0.5773952E+03, 0.5773952E+03, 0.3299713E+03,
 0.5446000E+01, 0.6516966E+03, 0.5776537E+03, 0.5776537E+03, 0.3301228E+03,
 0.5448000E+01, 0.6520660E+03, 0.5779124E+03, 0.5779124E+03, 0.3302743E+03,
 0.5450000E+01, 0.6524358E+03, 0.5781712E+03, 0.5781712E+03, 0.3304259E+03,
 0.5452000E+01, 0.6528057E+03, 0.5784301E+03, 0.5784301E+03, 0.3305775E+03,
 0.5454000E+01, 0.6531760E+03, 0.5786891E+03, 0.5786891E+03, 0.3307293E+03,
 0.5456000E+01, 0.6535464E+03, 0.5789484E+03, 0.5789484E+03, 0.3308810E+03,
 0.5458000E+01, 0.6539171E+03, 0.5792076E+03, 0.5792076E+03, 0.3310329E+03,
 0.5460000E+01, 0.6542881E+03, 0.5794671E+03, 0.5794671E+03, 0.3311848E+03,
 0.5462000E+01, 0.6546594E+03, 0.5797267E+03, 0.5797267E+03, 0.3313368E+03,
 0.5464000E+01, 0.6550308E+03, 0.5799864E+03, 0.5799864E+03, 0.3314888E+03,
 0.5466000E+01, 0.6554026E+03, 0.5802462E+03, 0.5802462E+03, 0.3316409E+03,
 0.5468000E+01, 0.6557745E+03, 0.5805062E+03, 0.5805062E+03, 0.3317931E+03,
 0.5470000E+01, 0.6561468E+03, 0.5807663E+03, 0.5807663E+03, 0.3319453E+03,
 0.5472000E+01, 0.6565193E+03, 0.5810265E+03, 0.5810265E+03, 0.3320976E+03,
 0.5474000E+01, 0.6568920E+03, 0.5812869E+03, 0.5812869E+03, 0.3322500E+03,
 0.5476000E+01, 0.6572650E+03, 0.5815474E+03, 0.5815474E+03, 0.3324024E+03,
 0.5478000E+01, 0.6576383E+03, 0.5818080E+03, 0.5818080E+03, 0.3325549E+03,
 0.5480000E+01, 0.6580118E+03, 0.5820687E+03, 0.5820687E+03, 0.3327074E+03,
 0.5482000E+01, 0.6583856E+03, 0.5823296E+03, 0.5823296E+03, 0.3328600E+03,
 0.5484000E+01, 0.6587596E+03, 0.5825906E+03, 0.5825906E+03, 0.3330127E+03,
 0.5486000E+01, 0.6591339E+03, 0.5828517E+03, 0.5828517E+03, 0.3331655E+03,
 0.5488000E+01, 0.6595084E+03, 0.5831130E+03, 0.5831130E+03, 0.3333183E+03,
 0.5490000E+01, 0.6598831E+03, 0.5833744E+03, 0.5833744E+03, 0.3334712E+03,
 0.5492000E+01, 0.6602582E+03, 0.5836359E+03, 0.5836359E+03, 0.3336241E+03,
 0.5494000E+01, 0.6606334E+03, 0.5838975E+03, 0.5838975E+03, 0.3337771E+03,
 0.5496000E+01, 0.6610090E+03, 0.5841593E+03, 0.5841593E+03, 0.3339301E+03,
 0.5498000E+01, 0.6613847E+03, 0.5844212E+03, 0.5844212E+03, 0.3340833E+03,
 0.5500000E+01, 0.6617607E+03, 0.5846833E+03, 0.5846833E+03, 0.3342365E+03,
 0.5502000E+01, 0.6621370E+03, 0.5849454E+03, 0.5849454E+03, 0.3343897E+03,
 0.5504000E+01, 0.6625136E+03, 0.5852077E+03, 0.5852077E+03, 0.3345430E+03,
 0.5506000E+01, 0.6628904E+03, 0.5854702E+03, 0.5854702E+03, 0.3346964E+03,
 0.5508000E+01, 0.6632674E+03, 0.5857327E+03, 0.5857327E+03, 0.3348499E+03,
 0.5510000E+01, 0.6636447E+03, 0.5859954E+03, 0.5859954E+03, 0.3350034E+03,
 0.5512000E+01, 0.6640222E+03, 0.5862582E+03, 0.5862582E+03, 0.3351569E+03,
 0.5514000E+01, 0.6644000E+03, 0.5865211E+03, 0.5865211E+03, 0.3353105E+03,
 0.5516000E+01, 0.6647781E+03, 0.5867842E+03, 0.5867842E+03, 0.3354642E+03,
 0.5518000E+01, 0.6651564E+03, 0.5870474E+03, 0.5870474E+03, 0.3356180E+03,
 0.5520000E+01, 0.6655349E+03, 0.5873107E+03, 0.5873107E+03, 0.3357718E+03,
 0.5522000E+01, 0.6659137E+03, 0.5875741E+03, 0.5875741E+03, 0.3359257E+03,
 0.5524000E+01, 0.6662927E+03, 0.5878377E+03, 0.5878377E+03, 0.3360796E+03,
 0.5526000E+01, 0.6666721E+03, 0.5881014E+03, 0.5881014E+03, 0.3362336E+03,
 0.5528000E+01, 0.6670516E+03, 0.5883652E+03, 0.5883652E+03, 0.3363877E+03,
 0.5530000E+01, 0.6674314E+03, 0.5886292E+03, 0.5886292E+03, 0.3365418E+03,
 0.5532000E+01, 0.6678114E+03, 0.5888932E+03, 0.5888932E+03, 0.3366960E+03,
 0.5534000E+01, 0.6681917E+03, 0.5891575E+03, 0.5891575E+03, 0.3368502E+03,
 0.5536000E+01, 0.6685723E+03, 0.5894218E+03, 0.5894218E+03, 0.3370045E+03,
 0.5538000E+01, 0.6689531E+03, 0.5896863E+03, 0.5896863E+03, 0.3371589E+03,
 0.5540000E+01, 0.6693341E+03, 0.5899509E+03, 0.5899509E+03, 0.3373133E+03,
 0.5542000E+01, 0.6697154E+03, 0.5902156E+03, 0.5902156E+03, 0.3374678E+03,
 0.5544000E+01, 0.6700969E+03, 0.5904804E+03, 0.5904804E+03, 0.3376224E+03,
 0.5546000E+01, 0.6704787E+03, 0.5907454E+03, 0.5907454E+03, 0.3377770E+03,
 0.5548000E+01, 0.6708608E+03, 0.5910104E+03, 0.5910104E+03, 0.3379317E+03,
 0.5550000E+01, 0.6712430E+03, 0.5912757E+03, 0.5912757E+03, 0.3380864E+03,
 0.5552000E+01, 0.6716256E+03, 0.5915410E+03, 0.5915410E+03, 0.3382412E+03,
 0.5554000E+01, 0.6720084E+03, 0.5918065E+03, 0.5918065E+03, 0.3383961E+03,
 0.5556000E+01, 0.6723914E+03, 0.5920721E+03, 0.5920721E+03, 0.3385510E+03,
 0.5558000E+01, 0.6727747E+03, 0.5923378E+03, 0.5923378E+03, 0.3387059E+03,
 0.5560000E+01, 0.6731583E+03, 0.5926036E+03, 0.5926036E+03, 0.3388610E+03,
 0.5562000E+01, 0.6735421E+03, 0.5928696E+03, 0.5928696E+03, 0.3390161E+03,
 0.5564000E+01, 0.6739261E+03, 0.5931357E+03, 0.5931357E+03, 0.3391712E+03,
 0.5566000E+01, 0.6743104E+03, 0.5934020E+03, 0.5934020E+03, 0.3393264E+03,
 0.5568000E+01, 0.6746949E+03, 0.5936683E+03, 0.5936683E+03, 0.3394817E+03,
 0.5570000E+01, 0.6750797E+03, 0.5939348E+03, 0.5939348E+03, 0.3396371E+03,
 0.5572000E+01, 0.6754647E+03, 0.5942014E+03, 0.5942014E+03, 0.3397924E+03,
 0.5574000E+01, 0.6758499E+03, 0.5944681E+03, 0.5944681E+03, 0.3399479E+03,
 0.5576000E+01, 0.6762355E+03, 0.5947349E+03, 0.5947349E+03, 0.3401034E+03,
 0.5578000E+01, 0.6766212E+03, 0.5950020E+03, 0.5950020E+03, 0.3402590E+03,
 0.5580000E+01, 0.6770073E+03, 0.5952690E+03, 0.5952690E+03, 0.3404146E+03,
 0.5582000E+01, 0.6773935E+03, 0.5955363E+03, 0.5955363E+03, 0.3405703E+03,
 0.5584000E+01, 0.6777800E+03, 0.5958036E+03, 0.5958036E+03, 0.3407260E+03,
 0.5586000E+01, 0.6781667E+03, 0.5960710E+03, 0.5960710E+03, 0.3408819E+03,
 0.5588000E+01, 0.6785538E+03, 0.5963386E+03, 0.5963386E+03, 0.3410377E+03,
 0.5590000E+01, 0.6789410E+03, 0.5966064E+03, 0.5966064E+03, 0.3411937E+03,
 0.5592000E+01, 0.6793285E+03, 0.5968742E+03, 0.5968742E+03, 0.3413496E+03,
 0.5594000E+01, 0.6797162E+03, 0.5971422E+03, 0.5971422E+03, 0.3415057E+03,
 0.5596000E+01, 0.6801042E+03, 0.5974103E+03, 0.5974103E+03, 0.3416618E+03,
 0.5598000E+01, 0.6804924E+03, 0.5976785E+03, 0.5976785E+03, 0.3418179E+03,
 0.5600000E+01, 0.6808809E+03, 0.5979468E+03, 0.5979468E+03, 0.3419742E+03,
 0.5602000E+01, 0.6812697E+03, 0.5982153E+03, 0.5982153E+03, 0.3421304E+03,
 0.5604000E+01, 0.6816586E+03, 0.5984838E+03, 0.5984838E+03, 0.3422868E+03,
 0.5606000E+01, 0.6820479E+03, 0.5987526E+03, 0.5987526E+03, 0.3424432E+03,
 0.5608000E+01, 0.6824373E+03, 0.5990214E+03, 0.5990214E+03, 0.3425996E+03,
 0.5610000E+01, 0.6828270E+03, 0.5992903E+03, 0.5992903E+03, 0.3427561E+03,
 0.5612000E+01, 0.6832170E+03, 0.5995594E+03, 0.5995594E+03, 0.3429127E+03,
 0.5614000E+01, 0.6836072E+03, 0.5998286E+03, 0.5998286E+03, 0.3430693E+03,
 0.5616000E+01, 0.6839976E+03, 0.6000979E+03, 0.6000979E+03, 0.3432260E+03,
 0.5618000E+01, 0.6843883E+03, 0.6003674E+03, 0.6003674E+03, 0.3433827E+03,
 0.5620000E+01, 0.6847792E+03, 0.6006369E+03, 0.6006369E+03, 0.3435395E+03,
 0.5622000E+01, 0.6851704E+03, 0.6009066E+03, 0.6009066E+03, 0.3436964E+03,
 0.5624000E+01, 0.6855618E+03, 0.6011764E+03, 0.6011764E+03, 0.3438533E+03,
 0.5626000E+01, 0.6859535E+03, 0.6014463E+03, 0.6014463E+03, 0.3440102E+03,
 0.5628000E+01, 0.6863454E+03, 0.6017164E+03, 0.6017164E+03, 0.3441673E+03,
 0.5630000E+01, 0.6867375E+03, 0.6019865E+03, 0.6019865E+03, 0.3443243E+03,
 0.5632000E+01, 0.6871299E+03, 0.6022568E+03, 0.6022568E+03, 0.3444815E+03,
 0.5634000E+01, 0.6875226E+03, 0.6025272E+03, 0.6025272E+03, 0.3446386E+03,
 0.5636000E+01, 0.6879155E+03, 0.6027978E+03, 0.6027978E+03, 0.3447959E+03,
 0.5638000E+01, 0.6883086E+03, 0.6030684E+03, 0.6030684E+03, 0.3449532E+03,
 0.5640000E+01, 0.6887020E+03, 0.6033392E+03, 0.6033392E+03, 0.3451106E+03,
 0.5642000E+01, 0.6890956E+03, 0.6036101E+03, 0.6036101E+03, 0.3452680E+03,
 0.5644000E+01, 0.6894894E+03, 0.6038811E+03, 0.6038811E+03, 0.3454254E+03,
 0.5646000E+01, 0.6898835E+03, 0.6041522E+03, 0.6041522E+03, 0.3455830E+03,
 0.5648000E+01, 0.6902779E+03, 0.6044235E+03, 0.6044235E+03, 0.3457405E+03,
 0.5650000E+01, 0.6906725E+03, 0.6046949E+03, 0.6046949E+03, 0.3458982E+03,
 0.5652000E+01, 0.6910673E+03, 0.6049664E+03, 0.6049664E+03, 0.3460559E+03,
 0.5654000E+01, 0.6914624E+03, 0.6052380E+03, 0.6052380E+03, 0.3462136E+03,
 0.5656000E+01, 0.6918577E+03, 0.6055097E+03, 0.6055097E+03, 0.3463714E+03,
 0.5658000E+01, 0.6922532E+03, 0.6057816E+03, 0.6057816E+03, 0.3465293E+03,
 0.5660000E+01, 0.6926490E+03, 0.6060535E+03, 0.6060535E+03, 0.3466872E+03,
 0.5662000E+01, 0.6930451E+03, 0.6063257E+03, 0.6063257E+03, 0.3468452E+03,
 0.5664000E+01, 0.6934414E+03, 0.6065979E+03, 0.6065979E+03, 0.3470032E+03,
 0.5666000E+01, 0.6938379E+03, 0.6068702E+03, 0.6068702E+03, 0.3471613E+03,
 0.5668000E+01, 0.6942347E+03, 0.6071426E+03, 0.6071426E+03, 0.3473194E+03,
 0.5670000E+01, 0.6946317E+03, 0.6074152E+03, 0.6074152E+03, 0.3474776E+03,
 0.5672000E+01, 0.6950289E+03, 0.6076879E+03, 0.6076879E+03, 0.3476358E+03,
 0.5674000E+01, 0.6954264E+03, 0.6079608E+03, 0.6079608E+03, 0.3477941E+03,
 0.5676000E+01, 0.6958242E+03, 0.6082336E+03, 0.6082336E+03, 0.3479525E+03,
 0.5678000E+01, 0.6962221E+03, 0.6085067E+03, 0.6085067E+03, 0.3481109E+03,
 0.5680000E+01, 0.6966203E+03, 0.6087799E+03, 0.6087799E+03, 0.3482693E+03,
 0.5682000E+01, 0.6970188E+03, 0.6090532E+03, 0.6090532E+03, 0.3484279E+03,
 0.5684000E+01, 0.6974175E+03, 0.6093265E+03, 0.6093265E+03, 0.3485864E+03,
 0.5686000E+01, 0.6978164E+03, 0.6096001E+03, 0.6096001E+03, 0.3487450E+03,
 0.5688000E+01, 0.6982156E+03, 0.6098737E+03, 0.6098737E+03, 0.3489037E+03,
 0.5690000E+01, 0.6986150E+03, 0.6101475E+03, 0.6101475E+03, 0.3490624E+03,
 0.5692000E+01, 0.6990146E+03, 0.6104214E+03, 0.6104214E+03, 0.3492212E+03,
 0.5694000E+01, 0.6994145E+03, 0.6106954E+03, 0.6106954E+03, 0.3493800E+03,
 0.5696000E+01, 0.6998146E+03, 0.6109695E+03, 0.6109695E+03, 0.3495389E+03,
 0.5698000E+01, 0.7002150E+03, 0.6112437E+03, 0.6112437E+03, 0.3496978E+03,
 0.5700000E+01, 0.7006156E+03, 0.6115180E+03, 0.6115180E+03, 0.3498568E+03,
 0.5702000E+01, 0.7010165E+03, 0.6117925E+03, 0.6117925E+03, 0.3500159E+03,
 0.5704000E+01, 0.7014175E+03, 0.6120671E+03, 0.6120671E+03, 0.3501750E+03,
 0.5706000E+01, 0.7018188E+03, 0.6123418E+03, 0.6123418E+03, 0.3503341E+03,
 0.5708000E+01, 0.7022205E+03, 0.6126166E+03, 0.6126166E+03, 0.3504933E+03,
 0.5710000E+01, 0.7026223E+03, 0.6128915E+03, 0.6128915E+03, 0.3506526E+03,
 0.5712000E+01, 0.7030243E+03, 0.6131666E+03, 0.6131666E+03, 0.3508119E+03,
 0.5714000E+01, 0.7034266E+03, 0.6134417E+03, 0.6134417E+03, 0.3509713E+03,
 0.5716000E+01, 0.7038290E+03, 0.6137170E+03, 0.6137170E+03, 0.3511306E+03,
 0.5718000E+01, 0.7042318E+03, 0.6139924E+03, 0.6139924E+03, 0.3512901E+03,
 0.5720000E+01, 0.7046348E+03, 0.6142679E+03, 0.6142679E+03, 0.3514496E+03,
 0.5722000E+01, 0.7050380E+03, 0.6145435E+03, 0.6145435E+03, 0.3516092E+03,
 0.5724000E+01, 0.7054415E+03, 0.6148193E+03, 0.6148193E+03, 0.3517688E+03,
 0.5726000E+01, 0.7058452E+03, 0.6150951E+03, 0.6150951E+03, 0.3519285E+03,
 0.5728000E+01, 0.7062491E+03, 0.6153711E+03, 0.6153711E+03, 0.3520882E+03,
 0.5730000E+01, 0.7066533E+03, 0.6156472E+03, 0.6156472E+03, 0.3522480E+03,
 0.5732000E+01, 0.7070577E+03, 0.6159234E+03, 0.6159234E+03, 0.3524078E+03,
 0.5734000E+01, 0.7074624E+03, 0.6161997E+03, 0.6161997E+03, 0.3525677E+03,
 0.5736000E+01, 0.7078672E+03, 0.6164761E+03, 0.6164761E+03, 0.3527276E+03,
 0.5738000E+01, 0.7082724E+03, 0.6167527E+03, 0.6167527E+03, 0.3528875E+03,
 0.5740000E+01, 0.7086777E+03, 0.6170294E+03, 0.6170294E+03, 0.3530476E+03,
 0.5742000E+01, 0.7090833E+03, 0.6173061E+03, 0.6173061E+03, 0.3532076E+03,
 0.5744000E+01, 0.7094892E+03, 0.6175830E+03, 0.6175830E+03, 0.3533678E+03,
 0.5746000E+01, 0.7098952E+03, 0.6178600E+03, 0.6178600E+03, 0.3535280E+03,
 0.5748000E+01, 0.7103015E+03, 0.6181371E+03, 0.6181371E+03, 0.3536882E+03,
 0.5750000E+01, 0.7107081E+03, 0.6184144E+03, 0.6184144E+03, 0.3538484E+03,
 0.5752000E+01, 0.7111148E+03, 0.6186917E+03, 0.6186917E+03, 0.3540088E+03,
 0.5754000E+01, 0.7115219E+03, 0.6189692E+03, 0.6189692E+03, 0.3541691E+03,
 0.5756000E+01, 0.7119291E+03, 0.6192467E+03, 0.6192467E+03, 0.3543296E+03,
 0.5758000E+01, 0.7123365E+03, 0.6195244E+03, 0.6195244E+03, 0.3544901E+03,
 0.5760000E+01, 0.7127443E+03, 0.6198022E+03, 0.6198022E+03, 0.3546506E+03,
 0.5762000E+01, 0.7131522E+03, 0.6200801E+03, 0.6200801E+03, 0.3548111E+03,
 0.5764000E+01, 0.7135604E+03, 0.6203582E+03, 0.6203582E+03, 0.3549718E+03,
 0.5766000E+01, 0.7139688E+03, 0.6206363E+03, 0.6206363E+03, 0.3551324E+03,
 0.5768000E+01, 0.7143774E+03, 0.6209146E+03, 0.6209146E+03, 0.3552932E+03,
 0.5770000E+01, 0.7147863E+03, 0.6211929E+03, 0.6211929E+03, 0.3554539E+03,
 0.5772000E+01, 0.7151954E+03, 0.6214714E+03, 0.6214714E+03, 0.3556147E+03,
 0.5774000E+01, 0.7156048E+03, 0.6217500E+03, 0.6217500E+03, 0.3557756E+03,
 0.5776000E+01, 0.7160143E+03, 0.6220287E+03, 0.6220287E+03, 0.3559365E+03,
 0.5778000E+01, 0.7164241E+03, 0.6223075E+03, 0.6223075E+03, 0.3560975E+03,
 0.5780000E+01, 0.7168342E+03, 0.6225864E+03, 0.6225864E+03, 0.3562585E+03,
 0.5782000E+01, 0.7172444E+03, 0.6228655E+03, 0.6228655E+03, 0.3564196E+03,
 0.5784000E+01, 0.7176550E+03, 0.6231446E+03, 0.6231446E+03, 0.3565807E+03,
 0.5786000E+01, 0.7180657E+03, 0.6234239E+03, 0.6234239E+03, 0.3567418E+03,
 0.5788000E+01, 0.7184767E+03, 0.6237032E+03, 0.6237032E+03, 0.3569030E+03,
 0.5790000E+01, 0.7188879E+03, 0.6239827E+03, 0.6239827E+03, 0.3570643E+03,
 0.5792000E+01, 0.7192993E+03, 0.6242623E+03, 0.6242623E+03, 0.3572256E+03,
 0.5794000E+01, 0.7197110E+03, 0.6245420E+03, 0.6245420E+03, 0.3573869E+03,
 0.5796000E+01, 0.7201229E+03, 0.6248218E+03, 0.6248218E+03, 0.3575483E+03,
 0.5798000E+01, 0.7205350E+03, 0.6251017E+03, 0.6251017E+03, 0.3577097E+03,
 0.5800000E+01, 0.7209474E+03, 0.6253818E+03, 0.6253818E+03, 0.3578712E+03,
 0.5802000E+01, 0.7213600E+03, 0.6256619E+03, 0.6256619E+03, 0.3580328E+03,
 0.5804000E+01, 0.7217728E+03, 0.6259422E+03, 0.6259422E+03, 0.3581944E+03,
 0.5806000E+01, 0.7221859E+03, 0.6262226E+03, 0.6262226E+03, 0.3583560E+03,
 0.5808000E+01, 0.7225991E+03, 0.6265031E+03, 0.6265031E+03, 0.3585177E+03,
 0.5810000E+01, 0.7230126E+03, 0.6267836E+03, 0.6267836E+03, 0.3586794E+03,
 0.5812000E+01, 0.7234264E+03, 0.6270643E+03, 0.6270643E+03, 0.3588412E+03,
 0.5814000E+01, 0.7238404E+03, 0.6273452E+03, 0.6273452E+03, 0.3590030E+03,
 0.5816000E+01, 0.7242546E+03, 0.6276260E+03, 0.6276260E+03, 0.3591649E+03,
 0.5818000E+01, 0.7246690E+03, 0.6279071E+03, 0.6279071E+03, 0.3593268E+03,
 0.5820000E+01, 0.7250837E+03, 0.6281882E+03, 0.6281882E+03, 0.3594887E+03,
 0.5822000E+01, 0.7254985E+03, 0.6284695E+03, 0.6284695E+03, 0.3596507E+03,
 0.5824000E+01, 0.7259137E+03, 0.6287508E+03, 0.6287508E+03, 0.3598128E+03,
 0.5826000E+01, 0.7263290E+03, 0.6290323E+03, 0.6290323E+03, 0.3599749E+03,
 0.5828000E+01, 0.7267446E+03, 0.6293138E+03, 0.6293138E+03, 0.3601370E+03,
 0.5830000E+01, 0.7271604E+03, 0.6295955E+03, 0.6295955E+03, 0.3602992E+03,
 0.5832000E+01, 0.7275764E+03, 0.6298773E+03, 0.6298773E+03, 0.3604614E+03,
 0.5834000E+01, 0.7279927E+03, 0.6301592E+03, 0.6301592E+03, 0.3606237E+03,
 0.5836000E+01, 0.7284092E+03, 0.6304412E+03, 0.6304412E+03, 0.3607860E+03,
 0.5838000E+01, 0.7288259E+03, 0.6307233E+03, 0.6307233E+03, 0.3609484E+03,
 0.5840000E+01, 0.7292429E+03, 0.6310056E+03, 0.6310056E+03, 0.3611108E+03,
 0.5842000E+01, 0.7296600E+03, 0.6312879E+03, 0.6312879E+03, 0.3612732E+03,
 0.5844000E+01, 0.7300774E+03, 0.6315703E+03, 0.6315703E+03, 0.3614357E+03,
 0.5846000E+01, 0.7304951E+03, 0.6318528E+03, 0.6318528E+03, 0.3615983E+03,
 0.5848000E+01, 0.7309129E+03, 0.6321355E+03, 0.6321355E+03, 0.3617609E+03,
 0.5850000E+01, 0.7313310E+03, 0.6324183E+03, 0.6324183E+03, 0.3619235E+03,
 0.5852000E+01, 0.7317493E+03, 0.6327011E+03, 0.6327011E+03, 0.3620862E+03,
 0.5854000E+01, 0.7321678E+03, 0.6329841E+03, 0.6329841E+03, 0.3622489E+03,
 0.5856000E+01, 0.7325865E+03, 0.6332672E+03, 0.6332672E+03, 0.3624117E+03,
 0.5858000E+01, 0.7330056E+03, 0.6335504E+03, 0.6335504E+03, 0.3625745E+03,
 0.5860000E+01, 0.7334247E+03, 0.6338337E+03, 0.6338337E+03, 0.3627373E+03,
 0.5862000E+01, 0.7338442E+03, 0.6341171E+03, 0.6341171E+03, 0.3629002E+03,
 0.5864000E+01, 0.7342639E+03, 0.6344006E+03, 0.6344006E+03, 0.3630631E+03,
 0.5866000E+01, 0.7346837E+03, 0.6346841E+03, 0.6346841E+03, 0.3632261E+03,
 0.5868000E+01, 0.7351038E+03, 0.6349679E+03, 0.6349679E+03, 0.3633892E+03,
 0.5870000E+01, 0.7355242E+03, 0.6352517E+03, 0.6352517E+03, 0.3635522E+03,
 0.5872000E+01, 0.7359448E+03, 0.6355356E+03, 0.6355356E+03, 0.3637153E+03,
 0.5874000E+01, 0.7363655E+03, 0.6358196E+03, 0.6358196E+03, 0.3638785E+03,
 0.5876000E+01, 0.7367865E+03, 0.6361038E+03, 0.6361038E+03, 0.3640417E+03,
 0.5878000E+01, 0.7372078E+03, 0.6363881E+03, 0.6363881E+03, 0.3642049E+03,
 0.5880000E+01, 0.7376292E+03, 0.6366724E+03, 0.6366724E+03, 0.3643682E+03,
 0.5882000E+01, 0.7380509E+03, 0.6369568E+03, 0.6369568E+03, 0.3645315E+03,
 0.5884000E+01, 0.7384728E+03, 0.6372414E+03, 0.6372414E+03, 0.3646949E+03,
 0.5886000E+01, 0.7388949E+03, 0.6375261E+03, 0.6375261E+03, 0.3648583E+03,
 0.5888000E+01, 0.7393173E+03, 0.6378109E+03, 0.6378109E+03, 0.3650218E+03,
 0.5890000E+01, 0.7397399E+03, 0.6380957E+03, 0.6380957E+03, 0.3651853E+03,
 0.5892000E+01, 0.7401627E+03, 0.6383807E+03, 0.6383807E+03, 0.3653488E+03,
 0.5894000E+01, 0.7405856E+03, 0.6386658E+03, 0.6386658E+03, 0.3655124E+03,
 0.5896000E+01, 0.7410089E+03, 0.6389509E+03, 0.6389509E+03, 0.3656760E+03,
 0.5898000E+01, 0.7414324E+03, 0.6392362E+03, 0.6392362E+03, 0.3658397E+03,
 0.5900000E+01, 0.7418560E+03, 0.6395216E+03, 0.6395216E+03, 0.3660034E+03,
 0.5902000E+01, 0.7422799E+03, 0.6398071E+03, 0.6398071E+03, 0.3661671E+03,
 0.5904000E+01, 0.7427040E+03, 0.6400927E+03, 0.6400927E+03, 0.3663309E+03,
 0.5906000E+01, 0.7431284E+03, 0.6403784E+03, 0.6403784E+03, 0.3664947E+03,
 0.5908000E+01, 0.7435530E+03, 0.6406642E+03, 0.6406642E+03, 0.3666586E+03,
 0.5910000E+01, 0.7439778E+03, 0.6409501E+03, 0.6409501E+03, 0.3668225E+03,
 0.5912000E+01, 0.7444028E+03, 0.6412361E+03, 0.6412361E+03, 0.3669864E+03,
 0.5914000E+01, 0.7448280E+03, 0.6415222E+03, 0.6415222E+03, 0.3671504E+03,
 0.5916000E+01, 0.7452535E+03, 0.6418084E+03, 0.6418084E+03, 0.3673145E+03,
 0.5918000E+01, 0.7456791E+03, 0.6420947E+03, 0.6420947E+03, 0.3674785E+03,
 0.5920000E+01, 0.7461050E+03, 0.6423812E+03, 0.6423812E+03, 0.3676426E+03,
 0.5922000E+01, 0.7465311E+03, 0.6426677E+03, 0.6426677E+03, 0.3678068E+03,
 0.5924000E+01, 0.7469575E+03, 0.6429543E+03, 0.6429543E+03, 0.3679709E+03,
 0.5926000E+01, 0.7473840E+03, 0.6432410E+03, 0.6432410E+03, 0.3681352E+03,
 0.5928000E+01, 0.7478108E+03, 0.6435278E+03, 0.6435278E+03, 0.3682995E+03,
 0.5930000E+01, 0.7482377E+03, 0.6438148E+03, 0.6438148E+03, 0.3684638E+03,
 0.5932000E+01, 0.7486650E+03, 0.6441018E+03, 0.6441018E+03, 0.3686281E+03,
 0.5934000E+01, 0.7490924E+03, 0.6443889E+03, 0.6443889E+03, 0.3687925E+03,
 0.5936000E+01, 0.7495200E+03, 0.6446761E+03, 0.6446761E+03, 0.3689569E+03,
 0.5938000E+01, 0.7499479E+03, 0.6449635E+03, 0.6449635E+03, 0.3691214E+03,
 0.5940000E+01, 0.7503760E+03, 0.6452509E+03, 0.6452509E+03, 0.3692859E+03,
 0.5942000E+01, 0.7508043E+03, 0.6455385E+03, 0.6455385E+03, 0.3694504E+03,
 0.5944000E+01, 0.7512328E+03, 0.6458260E+03, 0.6458260E+03, 0.3696150E+03,
 0.5946000E+01, 0.7516615E+03, 0.6461138E+03, 0.6461138E+03, 0.3697796E+03,
 0.5948000E+01, 0.7520905E+03, 0.6464016E+03, 0.6464016E+03, 0.3699443E+03,
 0.5950000E+01, 0.7525197E+03, 0.6466896E+03, 0.6466896E+03, 0.3701090E+03,
 0.5952000E+01, 0.7529490E+03, 0.6469776E+03, 0.6469776E+03, 0.3702737E+03,
 0.5954000E+01, 0.7533786E+03, 0.6472657E+03, 0.6472657E+03, 0.3704385E+03,
 0.5956000E+01, 0.7538084E+03, 0.6475540E+03, 0.6475540E+03, 0.3706033E+03,
 0.5958000E+01, 0.7542385E+03, 0.6478423E+03, 0.6478423E+03, 0.3707682E+03,
 0.5960000E+01, 0.7546687E+03, 0.6481307E+03, 0.6481307E+03, 0.3709331E+03,
 0.5962000E+01, 0.7550992E+03, 0.6484193E+03, 0.6484193E+03, 0.3710980E+03,
 0.5964000E+01, 0.7555298E+03, 0.6487079E+03, 0.6487079E+03, 0.3712629E+03,
 0.5966000E+01, 0.7559608E+03, 0.6489966E+03, 0.6489966E+03, 0.3714279E+03,
 0.5968000E+01, 0.7563918E+03, 0.6492854E+03, 0.6492854E+03, 0.3715930E+03,
 0.5970000E+01, 0.7568232E+03, 0.6495743E+03, 0.6495743E+03, 0.3717581E+03,
 0.5972000E+01, 0.7572547E+03, 0.6498633E+03, 0.6498633E+03, 0.3719232E+03,
 0.5974000E+01, 0.7576865E+03, 0.6501525E+03, 0.6501525E+03, 0.3720883E+03,
 0.5976000E+01, 0.7581184E+03, 0.6504417E+03, 0.6504417E+03, 0.3722535E+03,
 0.5978000E+01, 0.7585506E+03, 0.6507310E+03, 0.6507310E+03, 0.3724187E+03,
 0.5980000E+01, 0.7589830E+03, 0.6510204E+03, 0.6510204E+03, 0.3725840E+03,
 0.5982000E+01, 0.7594156E+03, 0.6513099E+03, 0.6513099E+03, 0.3727493E+03,
 0.5984000E+01, 0.7598484E+03, 0.6515995E+03, 0.6515995E+03, 0.3729146E+03,
 0.5986000E+01, 0.7602814E+03, 0.6518892E+03, 0.6518892E+03, 0.3730800E+03,
 0.5988000E+01, 0.7607147E+03, 0.6521790E+03, 0.6521790E+03, 0.3732454E+03,
 0.5990000E+01, 0.7611482E+03, 0.6524689E+03, 0.6524689E+03, 0.3734108E+03,
 0.5992000E+01, 0.7615818E+03, 0.6527589E+03, 0.6527589E+03, 0.3735763E+03,
 0.5994000E+01, 0.7620157E+03, 0.6530490E+03, 0.6530490E+03, 0.3737418E+03,
 0.5996000E+01, 0.7624498E+03, 0.6533392E+03, 0.6533392E+03, 0.3739074E+03,
 0.5998000E+01, 0.7628842E+03, 0.6536295E+03, 0.6536295E+03, 0.3740729E+03,
 0.6000000E+01, 0.7633187E+03, 0.6539199E+03, 0.6539199E+03, 0.3742386E+03,
 0.6002000E+01, 0.7637534E+03, 0.6542103E+03, 0.6542103E+03, 0.3744042E+03,
 0.6004000E+01, 0.7641884E+03, 0.6545009E+03, 0.6545009E+03, 0.3745699E+03,
 0.6006000E+01, 0.7646235E+03, 0.6547916E+03, 0.6547916E+03, 0.3747356E+03,
 0.6008000E+01, 0.7650588E+03, 0.6550823E+03, 0.6550823E+03, 0.3749014E+03,
 0.6010000E+01, 0.7654944E+03, 0.6553732E+03, 0.6553732E+03, 0.3750672E+03,
 0.6012000E+01, 0.7659302E+03, 0.6556641E+03, 0.6556641E+03, 0.3752330E+03,
 0.6014000E+01, 0.7663662E+03, 0.6559552E+03, 0.6559552E+03, 0.3753989E+03,
 0.6016000E+01, 0.7668024E+03, 0.6562463E+03, 0.6562463E+03, 0.3755648E+03,
 0.6018000E+01, 0.7672388E+03, 0.6565375E+03, 0.6565375E+03, 0.3757307E+03,
 0.6020000E+01, 0.7676755E+03, 0.6568289E+03, 0.6568289E+03, 0.3758967E+03,
 0.6022000E+01, 0.7681123E+03, 0.6571203E+03, 0.6571203E+03, 0.3760627E+03,
 0.6024000E+01, 0.7685493E+03, 0.6574119E+03, 0.6574119E+03, 0.3762287E+03,
 0.6026000E+01, 0.7689866E+03, 0.6577034E+03, 0.6577034E+03, 0.3763948E+03,
 0.6028000E+01, 0.7694241E+03, 0.6579952E+03, 0.6579952E+03, 0.3765609E+03,
 0.6030000E+01, 0.7698617E+03, 0.6582870E+03, 0.6582870E+03, 0.3767270E+03,
 0.6032000E+01, 0.7702996E+03, 0.6585789E+03, 0.6585789E+03, 0.3768932E+03,
 0.6034000E+01, 0.7707377E+03, 0.6588708E+03, 0.6588708E+03, 0.3770594E+03,
 0.6036000E+01, 0.7711760E+03, 0.6591630E+03, 0.6591630E+03, 0.3772256E+03,
 0.6038000E+01, 0.7716145E+03, 0.6594551E+03, 0.6594551E+03, 0.3773919E+03,
 0.6040000E+01, 0.7720532E+03, 0.6597474E+03, 0.6597474E+03, 0.3775582E+03,
 0.6042000E+01, 0.7724921E+03, 0.6600397E+03, 0.6600397E+03, 0.3777245E+03,
 0.6044000E+01, 0.7729312E+03, 0.6603322E+03, 0.6603322E+03, 0.3778909E+03,
 0.6046000E+01, 0.7733705E+03, 0.6606248E+03, 0.6606248E+03, 0.3780573E+03,
 0.6048000E+01, 0.7738101E+03, 0.6609174E+03, 0.6609174E+03, 0.3782237E+03,
 0.6050000E+01, 0.7742498E+03, 0.6612101E+03, 0.6612101E+03, 0.3783902E+03,
 0.6052000E+01, 0.7746898E+03, 0.6615029E+03, 0.6615029E+03, 0.3785567E+03,
 0.6054000E+01, 0.7751299E+03, 0.6617959E+03, 0.6617959E+03, 0.3787232E+03,
 0.6056000E+01, 0.7755703E+03, 0.6620889E+03, 0.6620889E+03, 0.3788897E+03,
 0.6058000E+01, 0.7760109E+03, 0.6623820E+03, 0.6623820E+03, 0.3790563E+03,
 0.6060000E+01, 0.7764517E+03, 0.6626752E+03, 0.6626752E+03, 0.3792230E+03,
 0.6062000E+01, 0.7768926E+03, 0.6629684E+03, 0.6629684E+03, 0.3793896E+03,
 0.6064000E+01, 0.7773338E+03, 0.6632618E+03, 0.6632618E+03, 0.3795563E+03,
 0.6066000E+01, 0.7777752E+03, 0.6635553E+03, 0.6635553E+03, 0.3797230E+03,
 0.6068000E+01, 0.7782168E+03, 0.6638489E+03, 0.6638489E+03, 0.3798898E+03,
 0.6070000E+01, 0.7786586E+03, 0.6641425E+03, 0.6641425E+03, 0.3800565E+03,
 0.6072000E+01, 0.7791006E+03, 0.6644362E+03, 0.6644362E+03, 0.3802234E+03,
 0.6074000E+01, 0.7795428E+03, 0.6647301E+03, 0.6647301E+03, 0.3803902E+03,
 0.6076000E+01, 0.7799852E+03, 0.6650240E+03, 0.6650240E+03, 0.3805571E+03,
 0.6078000E+01, 0.7804278E+03, 0.6653180E+03, 0.6653180E+03, 0.3807240E+03,
 0.6080000E+01, 0.7808706E+03, 0.6656121E+03, 0.6656121E+03, 0.3808909E+03,
 0.6082000E+01, 0.7813136E+03, 0.6659063E+03, 0.6659063E+03, 0.3810579E+03,
 0.6084000E+01, 0.7817568E+03, 0.6662006E+03, 0.6662006E+03, 0.3812249E+03,
 0.6086000E+01, 0.7822002E+03, 0.6664949E+03, 0.6664949E+03, 0.3813919E+03,
 0.6088000E+01, 0.7826439E+03, 0.6667894E+03, 0.6667894E+03, 0.3815589E+03,
 0.6090000E+01, 0.7830876E+03, 0.6670839E+03, 0.6670839E+03, 0.3817260E+03,
 0.6092000E+01, 0.7835317E+03, 0.6673786E+03, 0.6673786E+03, 0.3818931E+03,
 0.6094000E+01, 0.7839759E+03, 0.6676733E+03, 0.6676733E+03, 0.3820603E+03,
 0.6096000E+01, 0.7844203E+03, 0.6679681E+03, 0.6679681E+03, 0.3822274E+03,
 0.6098000E+01, 0.7848649E+03, 0.6682630E+03, 0.6682630E+03, 0.3823947E+03,
 0.6100000E+01, 0.7853098E+03, 0.6685580E+03, 0.6685580E+03, 0.3825619E+03,
 0.6102000E+01, 0.7857548E+03, 0.6688531E+03, 0.6688531E+03, 0.3827292E+03,
 0.6104000E+01, 0.7862000E+03, 0.6691483E+03, 0.6691483E+03, 0.3828965E+03,
 0.6106000E+01, 0.7866454E+03, 0.6694435E+03, 0.6694435E+03, 0.3830638E+03,
 0.6108000E+01, 0.7870911E+03, 0.6697389E+03, 0.6697389E+03, 0.3832311E+03,
 0.6110000E+01, 0.7875369E+03, 0.6700343E+03, 0.6700343E+03, 0.3833985E+03,
 0.6112000E+01, 0.7879829E+03, 0.6703298E+03, 0.6703298E+03, 0.3835659E+03,
 0.6114000E+01, 0.7884291E+03, 0.6706254E+03, 0.6706254E+03, 0.3837333E+03,
 0.6116000E+01, 0.7888755E+03, 0.6709211E+03, 0.6709211E+03, 0.3839008E+03,
 0.6118000E+01, 0.7893222E+03, 0.6712169E+03, 0.6712169E+03, 0.3840683E+03,
 0.6120000E+01, 0.7897690E+03, 0.6715128E+03, 0.6715128E+03, 0.3842358E+03,
 0.6122000E+01, 0.7902160E+03, 0.6718087E+03, 0.6718087E+03, 0.3844034E+03,
 0.6124000E+01, 0.7906633E+03, 0.6721047E+03, 0.6721047E+03, 0.3845709E+03,
 0.6126000E+01, 0.7911107E+03, 0.6724009E+03, 0.6724009E+03, 0.3847385E+03,
 0.6128000E+01, 0.7915582E+03, 0.6726971E+03, 0.6726971E+03, 0.3849062E+03,
 0.6130000E+01, 0.7920060E+03, 0.6729934E+03, 0.6729934E+03, 0.3850738E+03,
 0.6132000E+01, 0.7924540E+03, 0.6732898E+03, 0.6732898E+03, 0.3852415E+03,
 0.6134000E+01, 0.7929023E+03, 0.6735862E+03, 0.6735862E+03, 0.3854092E+03,
 0.6136000E+01, 0.7933506E+03, 0.6738828E+03, 0.6738828E+03, 0.3855769E+03,
 0.6138000E+01, 0.7937993E+03, 0.6741794E+03, 0.6741794E+03, 0.3857447E+03,
 0.6140000E+01, 0.7942480E+03, 0.6744762E+03, 0.6744762E+03, 0.3859125E+03,
 0.6142000E+01, 0.7946970E+03, 0.6747730E+03, 0.6747730E+03, 0.3860803E+03,
 0.6144000E+01, 0.7951462E+03, 0.6750699E+03, 0.6750699E+03, 0.3862482E+03,
 0.6146000E+01, 0.7955956E+03, 0.6753669E+03, 0.6753669E+03, 0.3864160E+03,
 0.6148000E+01, 0.7960452E+03, 0.6756639E+03, 0.6756639E+03, 0.3865839E+03,
 0.6150000E+01, 0.7964949E+03, 0.6759611E+03, 0.6759611E+03, 0.3867519E+03,
 0.6152000E+01, 0.7969449E+03, 0.6762584E+03, 0.6762584E+03, 0.3869198E+03,
 0.6154000E+01, 0.7973950E+03, 0.6765557E+03, 0.6765557E+03, 0.3870878E+03,
 0.6156000E+01, 0.7978453E+03, 0.6768531E+03, 0.6768531E+03, 0.3872558E+03,
 0.6158000E+01, 0.7982959E+03, 0.6771506E+03, 0.6771506E+03, 0.3874238E+03,
 0.6160000E+01, 0.7987466E+03, 0.6774481E+03, 0.6774481E+03, 0.3875919E+03,
 0.6162000E+01, 0.7991976E+03, 0.6777458E+03, 0.6777458E+03, 0.3877599E+03,
 0.6164000E+01, 0.7996487E+03, 0.6780435E+03, 0.6780435E+03, 0.3879280E+03,
 0.6166000E+01, 0.8001000E+03, 0.6783413E+03, 0.6783413E+03, 0.3880962E+03,
 0.6168000E+01, 0.8005515E+03, 0.6786392E+03, 0.6786392E+03, 0.3882643E+03,
 0.6170000E+01, 0.8010032E+03, 0.6789373E+03, 0.6789373E+03, 0.3884325E+03,
 0.6172000E+01, 0.8014551E+03, 0.6792353E+03, 0.6792353E+03, 0.3886007E+03,
 0.6174000E+01, 0.8019072E+03, 0.6795334E+03, 0.6795334E+03, 0.3887690E+03,
 0.6176000E+01, 0.8023594E+03, 0.6798317E+03, 0.6798317E+03, 0.3889372E+03,
 0.6178000E+01, 0.8028119E+03, 0.6801300E+03, 0.6801300E+03, 0.3891055E+03,
 0.6180000E+01, 0.8032645E+03, 0.6804284E+03, 0.6804284E+03, 0.3892738E+03,
 0.6182000E+01, 0.8037173E+03, 0.6807269E+03, 0.6807269E+03, 0.3894421E+03,
 0.6184000E+01, 0.8041704E+03, 0.6810255E+03, 0.6810255E+03, 0.3896105E+03,
 0.6186000E+01, 0.8046236E+03, 0.6813241E+03, 0.6813241E+03, 0.3897788E+03,
 0.6188000E+01, 0.8050770E+03, 0.6816229E+03, 0.6816229E+03, 0.3899472E+03,
 0.6190000E+01, 0.8055306E+03, 0.6819216E+03, 0.6819216E+03, 0.3901157E+03,
 0.6192000E+01, 0.8059844E+03, 0.6822205E+03, 0.6822205E+03, 0.3902841E+03,
 0.6194000E+01, 0.8064384E+03, 0.6825195E+03, 0.6825195E+03, 0.3904526E+03,
 0.6196000E+01, 0.8068926E+03, 0.6828185E+03, 0.6828185E+03, 0.3906211E+03,
 0.6198000E+01, 0.8073469E+03, 0.6831177E+03, 0.6831177E+03, 0.3907896E+03,
 0.6200000E+01, 0.8078015E+03, 0.6834169E+03, 0.6834169E+03, 0.3909581E+03,
 0.6202000E+01, 0.8082562E+03, 0.6837162E+03, 0.6837162E+03, 0.3911267E+03,
 0.6204000E+01, 0.8087111E+03, 0.6840156E+03, 0.6840156E+03, 0.3912953E+03,
 0.6206000E+01, 0.8091663E+03, 0.6843150E+03, 0.6843150E+03, 0.3914639E+03,
 0.6208000E+01, 0.8096216E+03, 0.6846146E+03, 0.6846146E+03, 0.3916325E+03,
 0.6210000E+01, 0.8100770E+03, 0.6849142E+03, 0.6849142E+03, 0.3918012E+03,
 0.6212000E+01, 0.8105327E+03, 0.6852139E+03, 0.6852139E+03, 0.3919698E+03,
 0.6214000E+01, 0.8109886E+03, 0.6855137E+03, 0.6855137E+03, 0.3921385E+03,
 0.6216000E+01, 0.8114446E+03, 0.6858135E+03, 0.6858135E+03, 0.3923073E+03,
 0.6218000E+01, 0.8119009E+03, 0.6861134E+03, 0.6861134E+03, 0.3924760E+03,
 0.6220000E+01, 0.8123573E+03, 0.6864135E+03, 0.6864135E+03, 0.3926448E+03,
 0.6222000E+01, 0.8128139E+03, 0.6867135E+03, 0.6867135E+03, 0.3928136E+03,
 0.6224000E+01, 0.8132707E+03, 0.6870137E+03, 0.6870137E+03, 0.3929824E+03,
 0.6226000E+01, 0.8137277E+03, 0.6873140E+03, 0.6873140E+03, 0.3931512E+03,
 0.6228000E+01, 0.8141848E+03, 0.6876143E+03, 0.6876143E+03, 0.3933201E+03,
 0.6230000E+01, 0.8146422E+03, 0.6879147E+03, 0.6879147E+03, 0.3934889E+03,
 0.6232000E+01, 0.8150997E+03, 0.6882151E+03, 0.6882151E+03, 0.3936578E+03,
 0.6234000E+01, 0.8155574E+03, 0.6885157E+03, 0.6885157E+03, 0.3938268E+03,
 0.6236000E+01, 0.8160153E+03, 0.6888163E+03, 0.6888163E+03, 0.3939957E+03,
 0.6238000E+01, 0.8164734E+03, 0.6891171E+03, 0.6891171E+03, 0.3941646E+03,
 0.6240000E+01, 0.8169316E+03, 0.6894178E+03, 0.6894178E+03, 0.3943336E+03,
 0.6242000E+01, 0.8173901E+03, 0.6897187E+03, 0.6897187E+03, 0.3945026E+03,
 0.6244000E+01, 0.8178487E+03, 0.6900197E+03, 0.6900197E+03, 0.3946716E+03,
 0.6246000E+01, 0.8183075E+03, 0.6903207E+03, 0.6903207E+03, 0.3948407E+03,
 0.6248000E+01, 0.8187665E+03, 0.6906218E+03, 0.6906218E+03, 0.3950097E+03,
 0.6250000E+01, 0.8192257E+03, 0.6909230E+03, 0.6909230E+03, 0.3951788E+03,
 0.6252000E+01, 0.8196851E+03, 0.6912242E+03, 0.6912242E+03, 0.3953479E+03,
 0.6254000E+01, 0.8201446E+03, 0.6915255E+03, 0.6915255E+03, 0.3955170E+03,
 0.6256000E+01, 0.8206043E+03, 0.6918270E+03, 0.6918270E+03, 0.3956862E+03,
 0.6258000E+01, 0.8210642E+03, 0.6921284E+03, 0.6921284E+03, 0.3958553E+03,
 0.6260000E+01, 0.8215243E+03, 0.6924300E+03, 0.6924300E+03, 0.3960245E+03,
 0.6262000E+01, 0.8219846E+03, 0.6927316E+03, 0.6927316E+03, 0.3961937E+03,
 0.6264000E+01, 0.8224450E+03, 0.6930333E+03, 0.6930333E+03, 0.3963629E+03,
 0.6266000E+01, 0.8229056E+03, 0.6933351E+03, 0.6933351E+03, 0.3965322E+03,
 0.6268000E+01, 0.8233664E+03, 0.6936370E+03, 0.6936370E+03, 0.3967014E+03,
 0.6270000E+01, 0.8238274E+03, 0.6939389E+03, 0.6939389E+03, 0.3968707E+03,
 0.6272000E+01, 0.8242886E+03, 0.6942409E+03, 0.6942409E+03, 0.3970400E+03,
 0.6274000E+01, 0.8247499E+03, 0.6945430E+03, 0.6945430E+03, 0.3972093E+03,
 0.6276000E+01, 0.8252114E+03, 0.6948451E+03, 0.6948451E+03, 0.3973786E+03,
 0.6278000E+01, 0.8256731E+03, 0.6951473E+03, 0.6951473E+03, 0.3975480E+03,
 0.6280000E+01, 0.8261350E+03, 0.6954496E+03, 0.6954496E+03, 0.3977173E+03,
 0.6282000E+01, 0.8265970E+03, 0.6957520E+03, 0.6957520E+03, 0.3978867E+03,
 0.6284000E+01, 0.8270593E+03, 0.6960545E+03, 0.6960545E+03, 0.3980561E+03,
 0.6286000E+01, 0.8275217E+03, 0.6963570E+03, 0.6963570E+03, 0.3982256E+03,
 0.6288000E+01, 0.8279843E+03, 0.6966596E+03, 0.6966596E+03, 0.3983950E+03,
 0.6290000E+01, 0.8284470E+03, 0.6969623E+03, 0.6969623E+03, 0.3985644E+03,
 0.6292000E+01, 0.8289100E+03, 0.6972650E+03, 0.6972650E+03, 0.3987339E+03,
 0.6294000E+01, 0.8293730E+03, 0.6975679E+03, 0.6975679E+03, 0.3989034E+03,
 0.6296000E+01, 0.8298364E+03, 0.6978707E+03, 0.6978707E+03, 0.3990729E+03,
 0.6298000E+01, 0.8302998E+03, 0.6981737E+03, 0.6981737E+03, 0.3992424E+03,
 0.6300000E+01, 0.8307635E+03, 0.6984767E+03, 0.6984767E+03, 0.3994120E+03,
 0.6302000E+01, 0.8312273E+03, 0.6987798E+03, 0.6987798E+03, 0.3995815E+03,
 0.6304000E+01, 0.8316913E+03, 0.6990830E+03, 0.6990830E+03, 0.3997511E+03,
 0.6306000E+01, 0.8321555E+03, 0.6993863E+03, 0.6993863E+03, 0.3999207E+03,
 0.6308000E+01, 0.8326198E+03, 0.6996896E+03, 0.6996896E+03, 0.4000903E+03,
 0.6310000E+01, 0.8330843E+03, 0.6999930E+03, 0.6999930E+03, 0.4002599E+03,
 0.6312000E+01, 0.8335490E+03, 0.7002964E+03, 0.7002964E+03, 0.4004296E+03,
 0.6314000E+01, 0.8340139E+03, 0.7006000E+03, 0.7006000E+03, 0.4005992E+03,
 0.6316000E+01, 0.8344789E+03, 0.7009036E+03, 0.7009036E+03, 0.4007689E+03,
 0.6318000E+01, 0.8349441E+03, 0.7012073E+03, 0.7012073E+03, 0.4009386E+03,
 0.6320000E+01, 0.8354095E+03, 0.7015110E+03, 0.7015110E+03, 0.4011083E+03,
 0.6322000E+01, 0.8358750E+03, 0.7018149E+03, 0.7018149E+03, 0.4012780E+03,
 0.6324000E+01, 0.8363408E+03, 0.7021188E+03, 0.7021188E+03, 0.4014478E+03,
 0.6326000E+01, 0.8368066E+03, 0.7024227E+03, 0.7024227E+03, 0.4016175E+03,
 0.6328000E+01, 0.8372727E+03, 0.7027267E+03, 0.7027267E+03, 0.4017873E+03,
 0.6330000E+01, 0.8377390E+03, 0.7030308E+03, 0.7030308E+03, 0.4019571E+03,
 0.6332000E+01, 0.8382053E+03, 0.7033350E+03, 0.7033350E+03, 0.4021269E+03,
 0.6334000E+01, 0.8386719E+03, 0.7036393E+03, 0.7036393E+03, 0.4022967E+03,
 0.6336000E+01, 0.8391387E+03, 0.7039436E+03, 0.7039436E+03, 0.4024665E+03,
 0.6338000E+01, 0.8396056E+03, 0.7042480E+03, 0.7042480E+03, 0.4026364E+03,
 0.6340000E+01, 0.8400727E+03, 0.7045524E+03, 0.7045524E+03, 0.4028062E+03,
 0.6342000E+01, 0.8405400E+03, 0.7048569E+03, 0.7048569E+03, 0.4029761E+03,
 0.6344000E+01, 0.8410074E+03, 0.7051615E+03, 0.7051615E+03, 0.4031460E+03,
 0.6346000E+01, 0.8414750E+03, 0.7054662E+03, 0.7054662E+03, 0.4033159E+03,
 0.6348000E+01, 0.8419427E+03, 0.7057709E+03, 0.7057709E+03, 0.4034858E+03,
 0.6350000E+01, 0.8424107E+03, 0.7060757E+03, 0.7060757E+03, 0.4036557E+03,
 0.6352000E+01, 0.8428788E+03, 0.7063806E+03, 0.7063806E+03, 0.4038257E+03,
 0.6354000E+01, 0.8433470E+03, 0.7066855E+03, 0.7066855E+03, 0.4039956E+03,
 0.6356000E+01, 0.8438155E+03, 0.7069905E+03, 0.7069905E+03, 0.4041656E+03,
 0.6358000E+01, 0.8442841E+03, 0.7072955E+03, 0.7072955E+03, 0.4043356E+03,
 0.6360000E+01, 0.8447529E+03, 0.7076007E+03, 0.7076007E+03, 0.4045056E+03,
 0.6362000E+01, 0.8452219E+03, 0.7079059E+03, 0.7079059E+03, 0.4046756E+03,
 0.6364000E+01, 0.8456909E+03, 0.7082112E+03, 0.7082112E+03, 0.4048456E+03,
 0.6366000E+01, 0.8461602E+03, 0.7085165E+03, 0.7085165E+03, 0.4050157E+03,
 0.6368000E+01, 0.8466296E+03, 0.7088219E+03, 0.7088219E+03, 0.4051857E+03,
 0.6370000E+01, 0.8470992E+03, 0.7091274E+03, 0.7091274E+03, 0.4053558E+03,
 0.6372000E+01, 0.8475690E+03, 0.7094329E+03, 0.7094329E+03, 0.4055259E+03,
 0.6374000E+01, 0.8480390E+03, 0.7097385E+03, 0.7097385E+03, 0.4056960E+03,
 0.6376000E+01, 0.8485091E+03, 0.7100442E+03, 0.7100442E+03, 0.4058661E+03,
 0.6378000E+01, 0.8489794E+03, 0.7103499E+03, 0.7103499E+03, 0.4060362E+03,
 0.6380000E+01, 0.8494498E+03, 0.7106557E+03, 0.7106557E+03, 0.4062063E+03,
 0.6382000E+01, 0.8499203E+03, 0.7109615E+03, 0.7109615E+03, 0.4063764E+03,
 0.6384000E+01, 0.8503911E+03, 0.7112675E+03, 0.7112675E+03, 0.4065466E+03,
 0.6386000E+01, 0.8508621E+03, 0.7115735E+03, 0.7115735E+03, 0.4067167E+03,
 0.6388000E+01, 0.8513331E+03, 0.7118796E+03, 0.7118796E+03, 0.4068869E+03,
 0.6390000E+01, 0.8518044E+03, 0.7121857E+03, 0.7121857E+03, 0.4070571E+03,
 0.6392000E+01, 0.8522758E+03, 0.7124919E+03, 0.7124919E+03, 0.4072273E+03,
 0.6394000E+01, 0.8527474E+03, 0.7127982E+03, 0.7127982E+03, 0.4073975E+03,
 0.6396000E+01, 0.8532191E+03, 0.7131044E+03, 0.7131044E+03, 0.4075677E+03,
 0.6398000E+01, 0.8536910E+03, 0.7134108E+03, 0.7134108E+03, 0.4077379E+03,
 0.6400000E+01, 0.8541631E+03, 0.7137173E+03, 0.7137173E+03, 0.4079082E+03,
 0.6402000E+01, 0.8546353E+03, 0.7140238E+03, 0.7140238E+03, 0.4080785E+03,
 0.6404000E+01, 0.8551077E+03, 0.7143304E+03, 0.7143304E+03, 0.4082487E+03,
 0.6406000E+01, 0.8555802E+03, 0.7146370E+03, 0.7146370E+03, 0.4084190E+03,
 0.6408000E+01, 0.8560529E+03, 0.7149437E+03, 0.7149437E+03, 0.4085893E+03,
 0.6410000E+01, 0.8565258E+03, 0.7152505E+03, 0.7152505E+03, 0.4087596E+03,
 0.6412000E+01, 0.8569988E+03, 0.7155573E+03, 0.7155573E+03, 0.4089299E+03,
 0.6414000E+01, 0.8574720E+03, 0.7158642E+03, 0.7158642E+03, 0.4091002E+03,
 0.6416000E+01, 0.8579453E+03, 0.7161712E+03, 0.7161712E+03, 0.4092705E+03,
 0.6418000E+01, 0.8584188E+03, 0.7164782E+03, 0.7164782E+03, 0.4094409E+03,
 0.6420000E+01, 0.8588925E+03, 0.7167853E+03, 0.7167853E+03, 0.4096112E+03,
 0.6422000E+01, 0.8593663E+03, 0.7170924E+03, 0.7170924E+03, 0.4097816E+03,
 0.6424000E+01, 0.8598403E+03, 0.7173997E+03, 0.7173997E+03, 0.4099519E+03,
 0.6426000E+01, 0.8603144E+03, 0.7177069E+03, 0.7177069E+03, 0.4101223E+03,
 0.6428000E+01, 0.8607887E+03, 0.7180142E+03, 0.7180142E+03, 0.4102927E+03,
 0.6430000E+01, 0.8612631E+03, 0.7183216E+03, 0.7183216E+03, 0.4104631E+03,
 0.6432000E+01, 0.8617377E+03, 0.7186291E+03, 0.7186291E+03, 0.4106335E+03,
 0.6434000E+01, 0.8622125E+03, 0.7189366E+03, 0.7189366E+03, 0.4108039E+03,
 0.6436000E+01, 0.8626874E+03, 0.7192441E+03, 0.7192441E+03, 0.4109743E+03,
 0.6438000E+01, 0.8631625E+03, 0.7195518E+03, 0.7195518E+03, 0.4111447E+03,
 0.6440000E+01, 0.8636377E+03, 0.7198595E+03, 0.7198595E+03, 0.4113152E+03,
 0.6442000E+01, 0.8641131E+03, 0.7201673E+03, 0.7201673E+03, 0.4114856E+03,
 0.6444000E+01, 0.8645886E+03, 0.7204751E+03, 0.7204751E+03, 0.4116560E+03,
 0.6446000E+01, 0.8650643E+03, 0.7207830E+03, 0.7207830E+03, 0.4118265E+03,
 0.6448000E+01, 0.8655402E+03, 0.7210909E+03, 0.7210909E+03, 0.4119970E+03,
 0.6450000E+01, 0.8660162E+03, 0.7213989E+03, 0.7213989E+03, 0.4121674E+03,
 0.6452000E+01, 0.8664923E+03, 0.7217070E+03, 0.7217070E+03, 0.4123380E+03,
 0.6454000E+01, 0.8669686E+03, 0.7220151E+03, 0.7220151E+03, 0.4125085E+03,
 0.6456000E+01, 0.8674451E+03, 0.7223232E+03, 0.7223232E+03, 0.4126789E+03,
 0.6458000E+01, 0.8679217E+03, 0.7226315E+03, 0.7226315E+03, 0.4128495E+03,
 0.6460000E+01, 0.8683985E+03, 0.7229398E+03, 0.7229398E+03, 0.4130200E+03,
 0.6462000E+01, 0.8688754E+03, 0.7232482E+03, 0.7232482E+03, 0.4131905E+03,
 0.6464000E+01, 0.8693525E+03, 0.7235566E+03, 0.7235566E+03, 0.4133610E+03,
 0.6466000E+01, 0.8698297E+03, 0.7238651E+03, 0.7238651E+03, 0.4135316E+03,
 0.6468000E+01, 0.8703071E+03, 0.7241736E+03, 0.7241736E+03, 0.4137021E+03,
 0.6470000E+01, 0.8707846E+03, 0.7244822E+03, 0.7244822E+03, 0.4138727E+03,
 0.6472000E+01, 0.8712623E+03, 0.7247908E+03, 0.7247908E+03, 0.4140432E+03,
 0.6474000E+01, 0.8717401E+03, 0.7250995E+03, 0.7250995E+03, 0.4142138E+03,
 0.6476000E+01, 0.8722181E+03, 0.7254083E+03, 0.7254083E+03, 0.4143843E+03,
 0.6478000E+01, 0.8726962E+03, 0.7257172E+03, 0.7257172E+03, 0.4145549E+03,
 0.6480000E+01, 0.8731745E+03, 0.7260260E+03, 0.7260260E+03, 0.4147255E+03,
 0.6482000E+01, 0.8736529E+03, 0.7263350E+03, 0.7263350E+03, 0.4148961E+03,
 0.6484000E+01, 0.8741315E+03, 0.7266440E+03, 0.7266440E+03, 0.4150667E+03,
 0.6486000E+01, 0.8746102E+03, 0.7269530E+03, 0.7269530E+03, 0.4152373E+03,
 0.6488000E+01, 0.8750891E+03, 0.7272621E+03, 0.7272621E+03, 0.4154079E+03,
 0.6490000E+01, 0.8755681E+03, 0.7275713E+03, 0.7275713E+03, 0.4155785E+03,
 0.6492000E+01, 0.8760473E+03, 0.7278805E+03, 0.7278805E+03, 0.4157491E+03,
 0.6494000E+01, 0.8765266E+03, 0.7281898E+03, 0.7281898E+03, 0.4159197E+03,
 0.6496000E+01, 0.8770060E+03, 0.7284991E+03, 0.7284991E+03, 0.4160904E+03,
 0.6498000E+01, 0.8774857E+03, 0.7288085E+03, 0.7288085E+03, 0.4162610E+03,
 0.6500000E+01, 0.8779655E+03, 0.7291180E+03, 0.7291180E+03, 0.4164316E+03,
 0.6502000E+01, 0.8784453E+03, 0.7294275E+03, 0.7294275E+03, 0.4166023E+03,
 0.6504000E+01, 0.8789254E+03, 0.7297371E+03, 0.7297371E+03, 0.4167729E+03,
 0.6506000E+01, 0.8794056E+03, 0.7300466E+03, 0.7300466E+03, 0.4169436E+03,
 0.6508000E+01, 0.8798859E+03, 0.7303563E+03, 0.7303563E+03, 0.4171143E+03,
 0.6510000E+01, 0.8803664E+03, 0.7306660E+03, 0.7306660E+03, 0.4172849E+03,
 0.6512000E+01, 0.8808470E+03, 0.7309758E+03, 0.7309758E+03, 0.4174556E+03,
 0.6514000E+01, 0.8813278E+03, 0.7312856E+03, 0.7312856E+03, 0.4176263E+03,
 0.6516000E+01, 0.8818087E+03, 0.7315955E+03, 0.7315955E+03, 0.4177969E+03,
 0.6518000E+01, 0.8822898E+03, 0.7319055E+03, 0.7319055E+03, 0.4179676E+03,
 0.6520000E+01, 0.8827710E+03, 0.7322155E+03, 0.7322155E+03, 0.4181383E+03,
 0.6522000E+01, 0.8832524E+03, 0.7325255E+03, 0.7325255E+03, 0.4183090E+03,
 0.6524000E+01, 0.8837338E+03, 0.7328356E+03, 0.7328356E+03, 0.4184797E+03,
 0.6526000E+01, 0.8842155E+03, 0.7331458E+03, 0.7331458E+03, 0.4186504E+03,
 0.6528000E+01, 0.8846973E+03, 0.7334560E+03, 0.7334560E+03, 0.4188211E+03,
 0.6530000E+01, 0.8851792E+03, 0.7337663E+03, 0.7337663E+03, 0.4189918E+03,
 0.6532000E+01, 0.8856613E+03, 0.7340766E+03, 0.7340766E+03, 0.4191625E+03,
 0.6534000E+01, 0.8861434E+03, 0.7343870E+03, 0.7343870E+03, 0.4193332E+03,
 0.6536000E+01, 0.8866258E+03, 0.7346974E+03, 0.7346974E+03, 0.4195039E+03,
 0.6538000E+01, 0.8871083E+03, 0.7350079E+03, 0.7350079E+03, 0.4196746E+03,
 0.6540000E+01, 0.8875909E+03, 0.7353184E+03, 0.7353184E+03, 0.4198453E+03,
 0.6542000E+01, 0.8880737E+03, 0.7356290E+03, 0.7356290E+03, 0.4200160E+03,
 0.6544000E+01, 0.8885566E+03, 0.7359396E+03, 0.7359396E+03, 0.4201867E+03,
 0.6546000E+01, 0.8890396E+03, 0.7362503E+03, 0.7362503E+03, 0.4203575E+03,
 0.6548000E+01, 0.8895228E+03, 0.7365610E+03, 0.7365610E+03, 0.4205282E+03,
 0.6550000E+01, 0.8900062E+03, 0.7368718E+03, 0.7368718E+03, 0.4206989E+03,
 0.6552000E+01, 0.8904896E+03, 0.7371827E+03, 0.7371827E+03, 0.4208697E+03,
 0.6554000E+01, 0.8909732E+03, 0.7374936E+03, 0.7374936E+03, 0.4210404E+03,
 0.6556000E+01, 0.8914570E+03, 0.7378045E+03, 0.7378045E+03, 0.4212111E+03,
 0.6558000E+01, 0.8919409E+03, 0.7381155E+03, 0.7381155E+03, 0.4213818E+03,
 0.6560000E+01, 0.8924249E+03, 0.7384266E+03, 0.7384266E+03, 0.4215526E+03,
 0.6562000E+01, 0.8929090E+03, 0.7387377E+03, 0.7387377E+03, 0.4217233E+03,
 0.6564000E+01, 0.8933933E+03, 0.7390488E+03, 0.7390488E+03, 0.4218940E+03,
 0.6566000E+01, 0.8938777E+03, 0.7393600E+03, 0.7393600E+03, 0.4220648E+03,
 0.6568000E+01, 0.8943623E+03, 0.7396713E+03, 0.7396713E+03, 0.4222355E+03,
 0.6570000E+01, 0.8948470E+03, 0.7399825E+03, 0.7399825E+03, 0.4224063E+03,
 0.6572000E+01, 0.8953318E+03, 0.7402939E+03, 0.7402939E+03, 0.4225770E+03,
 0.6574000E+01, 0.8958168E+03, 0.7406053E+03, 0.7406053E+03, 0.4227477E+03,
 0.6576000E+01, 0.8963019E+03, 0.7409167E+03, 0.7409167E+03, 0.4229185E+03,
 0.6578000E+01, 0.8967871E+03, 0.7412282E+03, 0.7412282E+03, 0.4230892E+03,
 0.6580000E+01, 0.8972725E+03, 0.7415398E+03, 0.7415398E+03, 0.4232600E+03,
 0.6582000E+01, 0.8977580E+03, 0.7418514E+03, 0.7418514E+03, 0.4234307E+03,
 0.6584000E+01, 0.8982437E+03, 0.7421630E+03, 0.7421630E+03, 0.4236015E+03,
 0.6586000E+01, 0.8987294E+03, 0.7424747E+03, 0.7424747E+03, 0.4237722E+03,
 0.6588000E+01, 0.8992153E+03, 0.7427864E+03, 0.7427864E+03, 0.4239430E+03,
 0.6590000E+01, 0.8997014E+03, 0.7430982E+03, 0.7430982E+03, 0.4241137E+03,
 0.6592000E+01, 0.9001875E+03, 0.7434100E+03, 0.7434100E+03, 0.4242845E+03,
 0.6594000E+01, 0.9006738E+03, 0.7437219E+03, 0.7437219E+03, 0.4244552E+03,
 0.6596000E+01, 0.9011603E+03, 0.7440339E+03, 0.7440339E+03, 0.4246259E+03,
 0.6598000E+01, 0.9016469E+03, 0.7443458E+03, 0.7443458E+03, 0.4247967E+03,
 0.6600000E+01, 0.9021335E+03, 0.7446579E+03, 0.7446579E+03, 0.4249674E+03,
 0.6602000E+01, 0.9026204E+03, 0.7449700E+03, 0.7449700E+03, 0.4251382E+03,
 0.6604000E+01, 0.9031073E+03, 0.7452820E+03, 0.7452820E+03, 0.4253089E+03,
 0.6606000E+01, 0.9035944E+03, 0.7455942E+03, 0.7455942E+03, 0.4254796E+03,
 0.6608000E+01, 0.9040816E+03, 0.7459064E+03, 0.7459064E+03, 0.4256504E+03,
 0.6610000E+01, 0.9045690E+03, 0.7462187E+03, 0.7462187E+03, 0.4258211E+03,
 0.6612000E+01, 0.9050565E+03, 0.7465310E+03, 0.7465310E+03, 0.4259919E+03,
 0.6614000E+01, 0.9055441E+03, 0.7468434E+03, 0.7468434E+03, 0.4261626E+03,
 0.6616000E+01, 0.9060318E+03, 0.7471558E+03, 0.7471558E+03, 0.4263333E+03,
 0.6618000E+01, 0.9065197E+03, 0.7474682E+03, 0.7474682E+03, 0.4265040E+03,
 0.6620000E+01, 0.9070076E+03, 0.7477807E+03, 0.7477807E+03, 0.4266747E+03,
 0.6622000E+01, 0.9074957E+03, 0.7480933E+03, 0.7480933E+03, 0.4268455E+03,
 0.6624000E+01, 0.9079840E+03, 0.7484058E+03, 0.7484058E+03, 0.4270162E+03,
 0.6626000E+01, 0.9084724E+03, 0.7487184E+03, 0.7487184E+03, 0.4271869E+03,
 0.6628000E+01, 0.9089609E+03, 0.7490311E+03, 0.7490311E+03, 0.4273576E+03,
 0.6630000E+01, 0.9094495E+03, 0.7493439E+03, 0.7493439E+03, 0.4275284E+03,
 0.6632000E+01, 0.9099382E+03, 0.7496566E+03, 0.7496566E+03, 0.4276991E+03,
 0.6634000E+01, 0.9104271E+03, 0.7499694E+03, 0.7499694E+03, 0.4278698E+03,
 0.6636000E+01, 0.9109161E+03, 0.7502823E+03, 0.7502823E+03, 0.4280405E+03,
 0.6638000E+01, 0.9114053E+03, 0.7505952E+03, 0.7505952E+03, 0.4282112E+03,
 0.6640000E+01, 0.9118945E+03, 0.7509081E+03, 0.7509081E+03, 0.4283819E+03,
 0.6642000E+01, 0.9123839E+03, 0.7512211E+03, 0.7512211E+03, 0.4285526E+03,
 0.6644000E+01, 0.9128734E+03, 0.7515341E+03, 0.7515341E+03, 0.4287233E+03,
 0.6646000E+01, 0.9133630E+03, 0.7518472E+03, 0.7518472E+03, 0.4288940E+03,
 0.6648000E+01, 0.9138527E+03, 0.7521603E+03, 0.7521603E+03, 0.4290646E+03,
 0.6650000E+01, 0.9143426E+03, 0.7524734E+03, 0.7524734E+03, 0.4292353E+03,
 0.6652000E+01, 0.9148326E+03, 0.7527866E+03, 0.7527866E+03, 0.4294060E+03,
 0.6654000E+01, 0.9153227E+03, 0.7530999E+03, 0.7530999E+03, 0.4295767E+03,
 0.6656000E+01, 0.9158129E+03, 0.7534131E+03, 0.7534131E+03, 0.4297473E+03,
 0.6658000E+01, 0.9163033E+03, 0.7537265E+03, 0.7537265E+03, 0.4299180E+03,
 0.6660000E+01, 0.9167938E+03, 0.7540399E+03, 0.7540399E+03, 0.4300887E+03,
 0.6662000E+01, 0.9172844E+03, 0.7543533E+03, 0.7543533E+03, 0.4302593E+03,
 0.6664000E+01, 0.9177751E+03, 0.7546667E+03, 0.7546667E+03, 0.4304300E+03,
 0.6666000E+01, 0.9182660E+03, 0.7549802E+03, 0.7549802E+03, 0.4306006E+03,
 0.6668000E+01, 0.9187569E+03, 0.7552938E+03, 0.7552938E+03, 0.4307713E+03,
 0.6670000E+01, 0.9192480E+03, 0.7556074E+03, 0.7556074E+03, 0.4309419E+03,
 0.6672000E+01, 0.9197392E+03, 0.7559210E+03, 0.7559210E+03, 0.4311126E+03,
 0.6674000E+01, 0.9202305E+03, 0.7562346E+03, 0.7562346E+03, 0.4312832E+03,
 0.6676000E+01, 0.9207220E+03, 0.7565483E+03, 0.7565483E+03, 0.4314538E+03,
 0.6678000E+01, 0.9212135E+03, 0.7568621E+03, 0.7568621E+03, 0.4316245E+03,
 0.6680000E+01, 0.9217052E+03, 0.7571758E+03, 0.7571758E+03, 0.4317950E+03,
 0.6682000E+01, 0.9221970E+03, 0.7574897E+03, 0.7574897E+03, 0.4319657E+03,
 0.6684000E+01, 0.9226889E+03, 0.7578035E+03, 0.7578035E+03, 0.4321363E+03,
 0.6686000E+01, 0.9231809E+03, 0.7581174E+03, 0.7581174E+03, 0.4323069E+03,
 0.6688000E+01, 0.9236731E+03, 0.7584314E+03, 0.7584314E+03, 0.4324774E+03,
 0.6690000E+01, 0.9241653E+03, 0.7587454E+03, 0.7587454E+03, 0.4326480E+03,
 0.6692000E+01, 0.9246577E+03, 0.7590594E+03, 0.7590594E+03, 0.4328186E+03,
 0.6694000E+01, 0.9251502E+03, 0.7593735E+03, 0.7593735E+03, 0.4329892E+03,
 0.6696000E+01, 0.9256428E+03, 0.7596876E+03, 0.7596876E+03, 0.4331598E+03,
 0.6698000E+01, 0.9261356E+03, 0.7600017E+03, 0.7600017E+03, 0.4333303E+03,
 0.6700000E+01, 0.9266284E+03, 0.7603159E+03, 0.7603159E+03, 0.4335009E+03,
 0.6702000E+01, 0.9271213E+03, 0.7606301E+03, 0.7606301E+03, 0.4336714E+03,
 0.6704000E+01, 0.9276144E+03, 0.7609443E+03, 0.7609443E+03, 0.4338419E+03,
 0.6706000E+01, 0.9281076E+03, 0.7612587E+03, 0.7612587E+03, 0.4340125E+03,
 0.6708000E+01, 0.9286009E+03, 0.7615730E+03, 0.7615730E+03, 0.4341830E+03,
 0.6710000E+01, 0.9290943E+03, 0.7618874E+03, 0.7618874E+03, 0.4343535E+03,
 0.6712000E+01, 0.9295878E+03, 0.7622018E+03, 0.7622018E+03, 0.4345240E+03,
 0.6714000E+01, 0.9300815E+03, 0.7625162E+03, 0.7625162E+03, 0.4346945E+03,
 0.6716000E+01, 0.9305752E+03, 0.7628307E+03, 0.7628307E+03, 0.4348651E+03,
 0.6718000E+01, 0.9310690E+03, 0.7631453E+03, 0.7631453E+03, 0.4350356E+03,
 0.6720000E+01, 0.9315630E+03, 0.7634598E+03, 0.7634598E+03, 0.4352060E+03,
 0.6722000E+01, 0.9320571E+03, 0.7637744E+03, 0.7637744E+03, 0.4353765E+03,
 0.6724000E+01, 0.9325513E+03, 0.7640891E+03, 0.7640891E+03, 0.4355470E+03,
 0.6726000E+01, 0.9330456E+03, 0.7644037E+03, 0.7644037E+03, 0.4357174E+03,
 0.6728000E+01, 0.9335400E+03, 0.7647184E+03, 0.7647184E+03, 0.4358879E+03,
 0.6730000E+01, 0.9340345E+03, 0.7650331E+03, 0.7650331E+03, 0.4360583E+03,
 0.6732000E+01, 0.9345292E+03, 0.7653480E+03, 0.7653480E+03, 0.4362288E+03,
 0.6734000E+01, 0.9350239E+03, 0.7656628E+03, 0.7656628E+03, 0.4363992E+03,
 0.6736000E+01, 0.9355187E+03, 0.7659776E+03, 0.7659776E+03, 0.4365696E+03,
 0.6738000E+01, 0.9360137E+03, 0.7662925E+03, 0.7662925E+03, 0.4367400E+03,
 0.6740000E+01, 0.9365088E+03, 0.7666074E+03, 0.7666074E+03, 0.4369104E+03,
 0.6742000E+01, 0.9370040E+03, 0.7669224E+03, 0.7669224E+03, 0.4370808E+03,
 0.6744000E+01, 0.9374992E+03, 0.7672374E+03, 0.7672374E+03, 0.4372512E+03,
 0.6746000E+01, 0.9379946E+03, 0.7675524E+03, 0.7675524E+03, 0.4374215E+03,
 0.6748000E+01, 0.9384901E+03, 0.7678675E+03, 0.7678675E+03, 0.4375919E+03,
 0.6750000E+01, 0.9389857E+03, 0.7681826E+03, 0.7681826E+03, 0.4377623E+03,
 0.6752000E+01, 0.9394814E+03, 0.7684977E+03, 0.7684977E+03, 0.4379326E+03,
 0.6754000E+01, 0.9399772E+03, 0.7688129E+03, 0.7688129E+03, 0.4381030E+03,
 0.6756000E+01, 0.9404731E+03, 0.7691281E+03, 0.7691281E+03, 0.4382733E+03,
 0.6758000E+01, 0.9409692E+03, 0.7694433E+03, 0.7694433E+03, 0.4384436E+03,
 0.6760000E+01, 0.9414653E+03, 0.7697585E+03, 0.7697585E+03, 0.4386139E+03,
 0.6762000E+01, 0.9419615E+03, 0.7700739E+03, 0.7700739E+03, 0.4387842E+03,
 0.6764000E+01, 0.9424579E+03, 0.7703892E+03, 0.7703892E+03, 0.4389545E+03,
 0.6766000E+01, 0.9429543E+03, 0.7707046E+03, 0.7707046E+03, 0.4391248E+03,
 0.6768000E+01, 0.9434509E+03, 0.7710200E+03, 0.7710200E+03, 0.4392950E+03,
 0.6770000E+01, 0.9439475E+03, 0.7713354E+03, 0.7713354E+03, 0.4394653E+03,
 0.6772000E+01, 0.9444443E+03, 0.7716509E+03, 0.7716509E+03, 0.4396355E+03,
 0.6774000E+01, 0.9449412E+03, 0.7719664E+03, 0.7719664E+03, 0.4398058E+03,
 0.6776000E+01, 0.9454381E+03, 0.7722819E+03, 0.7722819E+03, 0.4399760E+03,
 0.6778000E+01, 0.9459352E+03, 0.7725975E+03, 0.7725975E+03, 0.4401462E+03,
 0.6780000E+01, 0.9464323E+03, 0.7729131E+03, 0.7729131E+03, 0.4403164E+03,
 0.6782000E+01, 0.9469296E+03, 0.7732288E+03, 0.7732288E+03, 0.4404866E+03,
 0.6784000E+01, 0.9474269E+03, 0.7735444E+03, 0.7735444E+03, 0.4406568E+03,
 0.6786000E+01, 0.9479244E+03, 0.7738601E+03, 0.7738601E+03, 0.4408270E+03,
 0.6788000E+01, 0.9484219E+03, 0.7741758E+03, 0.7741758E+03, 0.4409971E+03,
 0.6790000E+01, 0.9489196E+03, 0.7744916E+03, 0.7744916E+03, 0.4411673E+03,
 0.6792000E+01, 0.9494174E+03, 0.7748074E+03, 0.7748074E+03, 0.4413374E+03,
 0.6794000E+01, 0.9499152E+03, 0.7751232E+03, 0.7751232E+03, 0.4415075E+03,
 0.6796000E+01, 0.9504132E+03, 0.7754390E+03, 0.7754390E+03, 0.4416776E+03,
 0.6798000E+01, 0.9509113E+03, 0.7757549E+03, 0.7757549E+03, 0.4418477E+03,
 0.6800000E+01, 0.9514094E+03, 0.7760709E+03, 0.7760709E+03, 0.4420178E+03,
 0.6802000E+01, 0.9519077E+03, 0.7763868E+03, 0.7763868E+03, 0.4421879E+03,
 0.6804000E+01, 0.9524060E+03, 0.7767028E+03, 0.7767028E+03, 0.4423579E+03,
 0.6806000E+01, 0.9529045E+03, 0.7770187E+03, 0.7770187E+03, 0.4425280E+03,
 0.6808000E+01, 0.9534030E+03, 0.7773348E+03, 0.7773348E+03, 0.4426981E+03,
 0.6810000E+01, 0.9539017E+03, 0.7776509E+03, 0.7776509E+03, 0.4428681E+03,
 0.6812000E+01, 0.9544004E+03, 0.7779670E+03, 0.7779670E+03, 0.4430381E+03,
 0.6814000E+01, 0.9548992E+03, 0.7782831E+03, 0.7782831E+03, 0.4432081E+03,
 0.6816000E+01, 0.9553981E+03, 0.7785992E+03, 0.7785992E+03, 0.4433781E+03,
 0.6818000E+01, 0.9558972E+03, 0.7789154E+03, 0.7789154E+03, 0.4435481E+03,
 0.6820000E+01, 0.9563963E+03, 0.7792316E+03, 0.7792316E+03, 0.4437180E+03,
 0.6822000E+01, 0.9568955E+03, 0.7795479E+03, 0.7795479E+03, 0.4438880E+03,
 0.6824000E+01, 0.9573948E+03, 0.7798641E+03, 0.7798641E+03, 0.4440579E+03,
 0.6826000E+01, 0.9578942E+03, 0.7801804E+03, 0.7801804E+03, 0.4442278E+03,
 0.6828000E+01, 0.9583937E+03, 0.7804968E+03, 0.7804968E+03, 0.4443977E+03,
 0.6830000E+01, 0.9588933E+03, 0.7808131E+03, 0.7808131E+03, 0.4445676E+03,
 0.6832000E+01, 0.9593929E+03, 0.7811295E+03, 0.7811295E+03, 0.4447375E+03,
 0.6834000E+01, 0.9598928E+03, 0.7814459E+03, 0.7814459E+03, 0.4449074E+03,
 0.6836000E+01, 0.9603926E+03, 0.7817623E+03, 0.7817623E+03, 0.4450772E+03,
 0.6838000E+01, 0.9608926E+03, 0.7820788E+03, 0.7820788E+03, 0.4452471E+03,
 0.6840000E+01, 0.9613926E+03, 0.7823953E+03, 0.7823953E+03, 0.4454169E+03,
 0.6842000E+01, 0.9618928E+03, 0.7827118E+03, 0.7827118E+03, 0.4455867E+03,
 0.6844000E+01, 0.9623930E+03, 0.7830283E+03, 0.7830283E+03, 0.4457565E+03,
 0.6846000E+01, 0.9628933E+03, 0.7833449E+03, 0.7833449E+03, 0.4459263E+03,
 0.6848000E+01, 0.9633937E+03, 0.7836615E+03, 0.7836615E+03, 0.4460961E+03,
 0.6850000E+01, 0.9638942E+03, 0.7839781E+03, 0.7839781E+03, 0.4462658E+03,
 0.6852000E+01, 0.9643948E+03, 0.7842948E+03, 0.7842948E+03, 0.4464356E+03,
 0.6854000E+01, 0.9648954E+03, 0.7846115E+03, 0.7846115E+03, 0.4466053E+03,
 0.6856000E+01, 0.9653962E+03, 0.7849282E+03, 0.7849282E+03, 0.4467750E+03,
 0.6858000E+01, 0.9658971E+03, 0.7852449E+03, 0.7852449E+03, 0.4469447E+03,
 0.6860000E+01, 0.9663980E+03, 0.7855616E+03, 0.7855616E+03, 0.4471144E+03,
 0.6862000E+01, 0.9668990E+03, 0.7858784E+03, 0.7858784E+03, 0.4472841E+03,
 0.6864000E+01, 0.9674001E+03, 0.7861952E+03, 0.7861952E+03, 0.4474537E+03,
 0.6866000E+01, 0.9679014E+03, 0.7865120E+03, 0.7865120E+03, 0.4476233E+03,
 0.6868000E+01, 0.9684026E+03, 0.7868289E+03, 0.7868289E+03, 0.4477930E+03,
 0.6870000E+01, 0.9689041E+03, 0.7871458E+03, 0.7871458E+03, 0.4479626E+03,
 0.6872000E+01, 0.9694055E+03, 0.7874627E+03, 0.7874627E+03, 0.4481321E+03,
 0.6874000E+01, 0.9699070E+03, 0.7877796E+03, 0.7877796E+03, 0.4483017E+03,
 0.6876000E+01, 0.9704087E+03, 0.7880966E+03, 0.7880966E+03, 0.4484713E+03,
 0.6878000E+01, 0.9709104E+03, 0.7884136E+03, 0.7884136E+03, 0.4486408E+03,
 0.6880000E+01, 0.9714122E+03, 0.7887305E+03, 0.7887305E+03, 0.4488103E+03,
 0.6882000E+01, 0.9719141E+03, 0.7890475E+03, 0.7890475E+03, 0.4489799E+03,
 0.6884000E+01, 0.9724161E+03, 0.7893646E+03, 0.7893646E+03, 0.4491494E+03,
 0.6886000E+01, 0.9729182E+03, 0.7896817E+03, 0.7896817E+03, 0.4493188E+03,
 0.6888000E+01, 0.9734203E+03, 0.7899988E+03, 0.7899988E+03, 0.4494883E+03,
 0.6890000E+01, 0.9739225E+03, 0.7903159E+03, 0.7903159E+03, 0.4496577E+03,
 0.6892000E+01, 0.9744248E+03, 0.7906331E+03, 0.7906331E+03, 0.4498271E+03,
 0.6894000E+01, 0.9749272E+03, 0.7909503E+03, 0.7909503E+03, 0.4499966E+03,
 0.6896000E+01, 0.9754296E+03, 0.7912674E+03, 0.7912674E+03, 0.4501660E+03,
 0.6898000E+01, 0.9759322E+03, 0.7915847E+03, 0.7915847E+03, 0.4503353E+03,
 0.6900000E+01, 0.9764348E+03, 0.7919019E+03, 0.7919019E+03, 0.4505047E+03,
 0.6902000E+01, 0.9769376E+03, 0.7922191E+03, 0.7922191E+03, 0.4506740E+03,
 0.6904000E+01, 0.9774403E+03, 0.7925364E+03, 0.7925364E+03, 0.4508434E+03,
 0.6906000E+01, 0.9779432E+03, 0.7928537E+03, 0.7928537E+03, 0.4510127E+03,
 0.6908000E+01, 0.9784462E+03, 0.7931710E+03, 0.7931710E+03, 0.4511820E+03,
 0.6910000E+01, 0.9789492E+03, 0.7934884E+03, 0.7934884E+03, 0.4513513E+03,
 0.6912000E+01, 0.9794523E+03, 0.7938057E+03, 0.7938057E+03, 0.4515205E+03,
 0.6914000E+01, 0.9799555E+03, 0.7941231E+03, 0.7941231E+03, 0.4516897E+03,
 0.6916000E+01, 0.9804587E+03, 0.7944406E+03, 0.7944406E+03, 0.4518589E+03,
 0.6918000E+01, 0.9809621E+03, 0.7947580E+03, 0.7947580E+03, 0.4520282E+03,
 0.6920000E+01, 0.9814655E+03, 0.7950754E+03, 0.7950754E+03, 0.4521974E+03,
 0.6922000E+01, 0.9819691E+03, 0.7953929E+03, 0.7953929E+03, 0.4523665E+03,
 0.6924000E+01, 0.9824726E+03, 0.7957104E+03, 0.7957104E+03, 0.4525357E+03,
 0.6926000E+01, 0.9829763E+03, 0.7960279E+03, 0.7960279E+03, 0.4527048E+03,
 0.6928000E+01, 0.9834800E+03, 0.7963455E+03, 0.7963455E+03, 0.4528739E+03,
 0.6930000E+01, 0.9839838E+03, 0.7966630E+03, 0.7966630E+03, 0.4530430E+03,
 0.6932000E+01, 0.9844877E+03, 0.7969806E+03, 0.7969806E+03, 0.4532121E+03,
 0.6934000E+01, 0.9849916E+03, 0.7972982E+03, 0.7972982E+03, 0.4533811E+03,
 0.6936000E+01, 0.9854957E+03, 0.7976158E+03, 0.7976158E+03, 0.4535502E+03,
 0.6938000E+01, 0.9859998E+03, 0.7979334E+03, 0.7979334E+03, 0.4537192E+03,
 0.6940000E+01, 0.9865040E+03, 0.7982511E+03, 0.7982511E+03, 0.4538882E+03,
 0.6942000E+01, 0.9870082E+03, 0.7985688E+03, 0.7985688E+03, 0.4540572E+03,
 0.6944000E+01, 0.9875126E+03, 0.7988865E+03, 0.7988865E+03, 0.4542261E+03,
 0.6946000E+01, 0.9880170E+03, 0.7992042E+03, 0.7992042E+03, 0.4543951E+03,
 0.6948000E+01, 0.9885215E+03, 0.7995219E+03, 0.7995219E+03, 0.4545640E+03,
 0.6950000E+01, 0.9890261E+03, 0.7998397E+03, 0.7998397E+03, 0.4547329E+03,
 0.6952000E+01, 0.9895307E+03, 0.8001574E+03, 0.8001574E+03, 0.4549018E+03,
 0.6954000E+01, 0.9900354E+03, 0.8004752E+03, 0.8004752E+03, 0.4550707E+03,
 0.6956000E+01, 0.9905402E+03, 0.8007930E+03, 0.8007930E+03, 0.4552395E+03,
 0.6958000E+01, 0.9910450E+03, 0.8011108E+03, 0.8011108E+03, 0.4554084E+03,
 0.6960000E+01, 0.9915499E+03, 0.8014287E+03, 0.8014287E+03, 0.4555771E+03,
 0.6962000E+01, 0.9920549E+03, 0.8017466E+03, 0.8017466E+03, 0.4557459E+03,
 0.6964000E+01, 0.9925599E+03, 0.8020645E+03, 0.8020645E+03, 0.4559147E+03,
 0.6966000E+01, 0.9930651E+03, 0.8023823E+03, 0.8023823E+03, 0.4560835E+03,
 0.6968000E+01, 0.9935703E+03, 0.8027003E+03, 0.8027003E+03, 0.4562522E+03,
 0.6970000E+01, 0.9940756E+03, 0.8030182E+03, 0.8030182E+03, 0.4564209E+03,
 0.6972000E+01, 0.9945809E+03, 0.8033361E+03, 0.8033361E+03, 0.4565896E+03,
 0.6974000E+01, 0.9950863E+03, 0.8036541E+03, 0.8036541E+03, 0.4567583E+03,
 0.6976000E+01, 0.9955918E+03, 0.8039721E+03, 0.8039721E+03, 0.4569269E+03,
 0.6978000E+01, 0.9960973E+03, 0.8042901E+03, 0.8042901E+03, 0.4570956E+03,
 0.6980000E+01, 0.9966029E+03, 0.8046081E+03, 0.8046081E+03, 0.4572642E+03,
 0.6982000E+01, 0.9971086E+03, 0.8049261E+03, 0.8049261E+03, 0.4574327E+03,
 0.6984000E+01, 0.9976144E+03, 0.8052442E+03, 0.8052442E+03, 0.4576013E+03,
 0.6986000E+01, 0.9981202E+03, 0.8055623E+03, 0.8055623E+03, 0.4577698E+03,
 0.6988000E+01, 0.9986260E+03, 0.8058804E+03, 0.8058804E+03, 0.4579384E+03,
 0.6990000E+01, 0.9991320E+03, 0.8061985E+03, 0.8061985E+03, 0.4581069E+03,
 0.6992000E+01, 0.9996380E+03, 0.8065166E+03, 0.8065166E+03, 0.4582754E+03,
 0.6994000E+01, 0.1000144E+04, 0.8068347E+03, 0.8068347E+03, 0.4584438E+03,
 0.6996000E+01, 0.1000650E+04, 0.8071529E+03, 0.8071529E+03, 0.4586123E+03,
 0.6998000E+01, 0.1001156E+04, 0.8074711E+03, 0.8074711E+03, 0.4587807E+03,
 0.7000000E+01, 0.1001663E+04, 0.8077892E+03, 0.8077892E+03, 0.4589491E+03,
 0.7002000E+01, 0.1002169E+04, 0.8081074E+03, 0.8081074E+03, 0.4591175E+03,
 0.7004000E+01, 0.1002675E+04, 0.8084257E+03, 0.8084257E+03, 0.4592858E+03,
 0.7006000E+01, 0.1003182E+04, 0.8087439E+03, 0.8087439E+03, 0.4594542E+03,
 0.7008000E+01, 0.1003689E+04, 0.8090621E+03, 0.8090621E+03, 0.4596225E+03,
 0.7010000E+01, 0.1004195E+04, 0.8093804E+03, 0.8093804E+03, 0.4597908E+03,
 0.7012000E+01, 0.1004702E+04, 0.8096987E+03, 0.8096987E+03, 0.4599590E+03,
 0.7014000E+01, 0.1005208E+04, 0.8100170E+03, 0.8100170E+03, 0.4601273E+03,
 0.7016000E+01, 0.1005715E+04, 0.8103353E+03, 0.8103353E+03, 0.4602955E+03,
 0.7018000E+01, 0.1006222E+04, 0.8106536E+03, 0.8106536E+03, 0.4604637E+03,
 0.7020000E+01, 0.1006729E+04, 0.8109719E+03, 0.8109719E+03, 0.4606319E+03,
 0.7022000E+01, 0.1007236E+04, 0.8112903E+03, 0.8112903E+03, 0.4608001E+03,
 0.7024000E+01, 0.1007743E+04, 0.8116086E+03, 0.8116086E+03, 0.4609682E+03,
 0.7026000E+01, 0.1008250E+04, 0.8119270E+03, 0.8119270E+03, 0.4611363E+03,
 0.7028000E+01, 0.1008757E+04, 0.8122454E+03, 0.8122454E+03, 0.4613044E+03,
 0.7030000E+01, 0.1009265E+04, 0.8125638E+03, 0.8125638E+03, 0.4614725E+03,
 0.7032000E+01, 0.1009772E+04, 0.8128823E+03, 0.8128823E+03, 0.4616406E+03,
 0.7034000E+01, 0.1010279E+04, 0.8132007E+03, 0.8132007E+03, 0.4618086E+03,
 0.7036000E+01, 0.1010787E+04, 0.8135192E+03, 0.8135192E+03, 0.4619766E+03,
 0.7038000E+01, 0.1011294E+04, 0.8138376E+03, 0.8138376E+03, 0.4621446E+03,
 0.7040000E+01, 0.1011802E+04, 0.8141561E+03, 0.8141561E+03, 0.4623126E+03,
 0.7042000E+01, 0.1012309E+04, 0.8144745E+03, 0.8144745E+03, 0.4624805E+03,
 0.7044000E+01, 0.1012817E+04, 0.8147931E+03, 0.8147931E+03, 0.4626484E+03,
 0.7046000E+01, 0.1013325E+04, 0.8151116E+03, 0.8151116E+03, 0.4628163E+03,
 0.7048000E+01, 0.1013832E+04, 0.8154301E+03, 0.8154301E+03, 0.4629842E+03,
 0.7050000E+01, 0.1014340E+04, 0.8157487E+03, 0.8157487E+03, 0.4631520E+03,
 0.7052000E+01, 0.1014848E+04, 0.8160673E+03, 0.8160673E+03, 0.4633199E+03,
 0.7054000E+01, 0.1015356E+04, 0.8163858E+03, 0.8163858E+03, 0.4634877E+03,
 0.7056000E+01, 0.1015864E+04, 0.8167044E+03, 0.8167044E+03, 0.4636555E+03,
 0.7058000E+01, 0.1016372E+04, 0.8170230E+03, 0.8170230E+03, 0.4638232E+03,
 0.7060000E+01, 0.1016880E+04, 0.8173417E+03, 0.8173417E+03, 0.4639910E+03,
 0.7062000E+01, 0.1017388E+04, 0.8176603E+03, 0.8176603E+03, 0.4641587E+03,
 0.7064000E+01, 0.1017896E+04, 0.8179789E+03, 0.8179789E+03, 0.4643264E+03,
 0.7066000E+01, 0.1018405E+04, 0.8182976E+03, 0.8182976E+03, 0.4644940E+03,
 0.7068000E+01, 0.1018913E+04, 0.8186163E+03, 0.8186163E+03, 0.4646617E+03,
 0.7070000E+01, 0.1019421E+04, 0.8189349E+03, 0.8189349E+03, 0.4648293E+03,
 0.7072000E+01, 0.1019930E+04, 0.8192537E+03, 0.8192537E+03, 0.4649969E+03,
 0.7074000E+01, 0.1020438E+04, 0.8195723E+03, 0.8195723E+03, 0.4651645E+03,
 0.7076000E+01, 0.1020947E+04, 0.8198911E+03, 0.8198911E+03, 0.4653321E+03,
 0.7078000E+01, 0.1021456E+04, 0.8202098E+03, 0.8202098E+03, 0.4654996E+03,
 0.7080000E+01, 0.1021964E+04, 0.8205286E+03, 0.8205286E+03, 0.4656671E+03,
 0.7082000E+01, 0.1022473E+04, 0.8208474E+03, 0.8208474E+03, 0.4658346E+03,
 0.7084000E+01, 0.1022982E+04, 0.8211661E+03, 0.8211661E+03, 0.4660021E+03,
 0.7086000E+01, 0.1023491E+04, 0.8214849E+03, 0.8214849E+03, 0.4661695E+03,
 0.7088000E+01, 0.1023999E+04, 0.8218037E+03, 0.8218037E+03, 0.4663369E+03,
 0.7090000E+01, 0.1024508E+04, 0.8221225E+03, 0.8221225E+03, 0.4665043E+03,
 0.7092000E+01, 0.1025017E+04, 0.8224413E+03, 0.8224413E+03, 0.4666717E+03,
 0.7094000E+01, 0.1025526E+04, 0.8227602E+03, 0.8227602E+03, 0.4668391E+03,
 0.7096000E+01, 0.1026036E+04, 0.8230790E+03, 0.8230790E+03, 0.4670064E+03,
 0.7098000E+01, 0.1026545E+04, 0.8233979E+03, 0.8233979E+03, 0.4671737E+03,
 0.7100000E+01, 0.1027054E+04, 0.8237168E+03, 0.8237168E+03, 0.4673410E+03,
 0.7102000E+01, 0.1027563E+04, 0.8240357E+03, 0.8240357E+03, 0.4675083E+03,
 0.7104000E+01, 0.1028073E+04, 0.8243546E+03, 0.8243546E+03, 0.4676755E+03,
 0.7106000E+01, 0.1028582E+04, 0.8246736E+03, 0.8246736E+03, 0.4678427E+03,
 0.7108000E+01, 0.1029091E+04, 0.8249925E+03, 0.8249925E+03, 0.4680099E+03,
 0.7110000E+01, 0.1029601E+04, 0.8253115E+03, 0.8253115E+03, 0.4681771E+03,
 0.7112000E+01, 0.1030110E+04, 0.8256304E+03, 0.8256304E+03, 0.4683442E+03,
 0.7114000E+01, 0.1030620E+04, 0.8259495E+03, 0.8259495E+03, 0.4685114E+03,
 0.7116000E+01, 0.1031130E+04, 0.8262684E+03, 0.8262684E+03, 0.4686785E+03,
 0.7118000E+01, 0.1031639E+04, 0.8265875E+03, 0.8265875E+03, 0.4688456E+03,
 0.7120000E+01, 0.1032149E+04, 0.8269065E+03, 0.8269065E+03, 0.4690126E+03,
 0.7122000E+01, 0.1032659E+04, 0.8272255E+03, 0.8272255E+03, 0.4691797E+03,
 0.7124000E+01, 0.1033169E+04, 0.8275446E+03, 0.8275446E+03, 0.4693467E+03,
 0.7126000E+01, 0.1033679E+04, 0.8278637E+03, 0.8278637E+03, 0.4695137E+03,
 0.7128000E+01, 0.1034188E+04, 0.8281828E+03, 0.8281828E+03, 0.4696807E+03,
 0.7130000E+01, 0.1034698E+04, 0.8285019E+03, 0.8285019E+03, 0.4698476E+03,
 0.7132000E+01, 0.1035209E+04, 0.8288210E+03, 0.8288210E+03, 0.4700146E+03,
 0.7134000E+01, 0.1035719E+04, 0.8291402E+03, 0.8291402E+03, 0.4701815E+03,
 0.7136000E+01, 0.1036229E+04, 0.8294594E+03, 0.8294594E+03, 0.4703484E+03,
 0.7138000E+01, 0.1036739E+04, 0.8297785E+03, 0.8297785E+03, 0.4705153E+03,
 0.7140000E+01, 0.1037249E+04, 0.8300977E+03, 0.8300977E+03, 0.4706821E+03,
 0.7142000E+01, 0.1037760E+04, 0.8304169E+03, 0.8304169E+03, 0.4708489E+03,
 0.7144000E+01, 0.1038270E+04, 0.8307362E+03, 0.8307362E+03, 0.4710157E+03,
 0.7146000E+01, 0.1038781E+04, 0.8310555E+03, 0.8310555E+03, 0.4711826E+03,
 0.7148000E+01, 0.1039291E+04, 0.8313748E+03, 0.8313748E+03, 0.4713493E+03,
 0.7150000E+01, 0.1039802E+04, 0.8316940E+03, 0.8316940E+03, 0.4715161E+03,
 0.7152000E+01, 0.1040312E+04, 0.8320134E+03, 0.8320134E+03, 0.4716828E+03,
 0.7154000E+01, 0.1040823E+04, 0.8323327E+03, 0.8323327E+03, 0.4718495E+03,
 0.7156000E+01, 0.1041334E+04, 0.8326521E+03, 0.8326521E+03, 0.4720162E+03,
 0.7158000E+01, 0.1041844E+04, 0.8329715E+03, 0.8329715E+03, 0.4721829E+03,
 0.7160000E+01, 0.1042355E+04, 0.8332909E+03, 0.8332909E+03, 0.4723496E+03,
 0.7162000E+01, 0.1042866E+04, 0.8336104E+03, 0.8336104E+03, 0.4725162E+03,
 0.7164000E+01, 0.1043377E+04, 0.8339298E+03, 0.8339298E+03, 0.4726829E+03,
 0.7166000E+01, 0.1043888E+04, 0.8342493E+03, 0.8342493E+03, 0.4728495E+03,
 0.7168000E+01, 0.1044399E+04, 0.8345688E+03, 0.8345688E+03, 0.4730161E+03,
 0.7170000E+01, 0.1044911E+04, 0.8348884E+03, 0.8348884E+03, 0.4731827E+03,
 0.7172000E+01, 0.1045422E+04, 0.8352079E+03, 0.8352079E+03, 0.4733493E+03,
 0.7174000E+01, 0.1045933E+04, 0.8355276E+03, 0.8355276E+03, 0.4735158E+03,
 0.7176000E+01, 0.1046444E+04, 0.8358472E+03, 0.8358472E+03, 0.4736824E+03,
 0.7178000E+01, 0.1046956E+04, 0.8361669E+03, 0.8361669E+03, 0.4738489E+03,
 0.7180000E+01, 0.1047467E+04, 0.8364866E+03, 0.8364866E+03, 0.4740155E+03,
 0.7182000E+01, 0.1047979E+04, 0.8368064E+03, 0.8368064E+03, 0.4741820E+03,
 0.7184000E+01, 0.1048490E+04, 0.8371262E+03, 0.8371262E+03, 0.4743485E+03,
 0.7186000E+01, 0.1049002E+04, 0.8374461E+03, 0.8374461E+03, 0.4745150E+03,
 0.7188000E+01, 0.1049514E+04, 0.8377660E+03, 0.8377660E+03, 0.4746815E+03,
 0.7190000E+01, 0.1050026E+04, 0.8380859E+03, 0.8380859E+03, 0.4748480E+03,
 0.7192000E+01, 0.1050538E+04, 0.8384059E+03, 0.8384059E+03, 0.4750145E+03,
 0.7194000E+01, 0.1051050E+04, 0.8387260E+03, 0.8387260E+03, 0.4751810E+03,
 0.7196000E+01, 0.1051562E+04, 0.8390461E+03, 0.8390461E+03, 0.4753475E+03,
 0.7198000E+01, 0.1052074E+04, 0.8393663E+03, 0.8393663E+03, 0.4755140E+03,
 0.7200000E+01, 0.1052586E+04, 0.8396865E+03, 0.8396865E+03, 0.4756805E+03,
 0.7202000E+01, 0.1053099E+04, 0.8400068E+03, 0.8400068E+03, 0.4758470E+03,
 0.7204000E+01, 0.1053611E+04, 0.8403273E+03, 0.8403273E+03, 0.4760135E+03,
 0.7206000E+01, 0.1054124E+04, 0.8406478E+03, 0.8406478E+03, 0.4761801E+03,
 0.7208000E+01, 0.1054637E+04, 0.8409684E+03, 0.8409684E+03, 0.4763466E+03,
 0.7210000E+01, 0.1055150E+04, 0.8412891E+03, 0.8412891E+03, 0.4765132E+03,
 0.7212000E+01, 0.1055663E+04, 0.8416099E+03, 0.8416099E+03, 0.4766799E+03,
 0.7214000E+01, 0.1056176E+04, 0.8419308E+03, 0.8419308E+03, 0.4768466E+03,
 0.7216000E+01, 0.1056690E+04, 0.8422520E+03, 0.8422520E+03, 0.4770133E+03,
 0.7218000E+01, 0.1057203E+04, 0.8425732E+03, 0.8425732E+03, 0.4771801E+03,
 0.7220000E+01, 0.1057717E+04, 0.8428947E+03, 0.8428947E+03, 0.4773469E+03,
 0.7222000E+01, 0.1058231E+04, 0.8432164E+03, 0.8432164E+03, 0.4775139E+03,
 0.7224000E+01, 0.1058745E+04, 0.8435385E+03, 0.8435385E+03, 0.4776809E+03,
 0.7226000E+01, 0.1059260E+04, 0.8438607E+03, 0.8438607E+03, 0.4778481E+03,
 0.7228000E+01, 0.1059776E+04, 0.8441835E+03, 0.8441835E+03, 0.4780155E+03,
 0.7230000E+01, 0.1060291E+04, 0.8445068E+03, 0.8445068E+03, 0.4781832E+03,
 0.7232000E+01, 0.1060808E+04, 0.8448307E+03, 0.8448307E+03, 0.4783512E+03,
 0.7234000E+01, 0.1061325E+04, 0.8451558E+03, 0.8451558E+03, 0.4785197E+03,
 0.7236000E+01, 0.1061845E+04, 0.8454826E+03, 0.8454826E+03, 0.4786891E+03,
 0.7238000E+01, 0.1062368E+04, 0.8458127E+03, 0.8458127E+03, 0.4788602E+03,
 0.7240000E+01, 0.1062901E+04, 0.8461539E+03, 0.8461539E+03, 0.4790371E+03,
 0.7242000E+01, 0.1063521E+04, 0.8465806E+03, 0.8465806E+03, 0.4792590E+03,
 0.7244000E+01, 0.1064282E+04, 0.8471495E+03, 0.8471495E+03, 0.4795557E+03,
 0.7246000E+01, 0.1065118E+04, 0.8477927E+03, 0.8477927E+03, 0.4798912E+03,
 0.7248000E+01, 0.1065978E+04, 0.8484599E+03, 0.8484599E+03, 0.4802394E+03,
 0.7250000E+01, 0.1066843E+04, 0.8491323E+03, 0.8491323E+03, 0.4805902E+03,
 0.7252000E+01, 0.1067707E+04, 0.8498036E+03, 0.8498036E+03, 0.4809405E+03,
 0.7254000E+01, 0.1068568E+04, 0.8504715E+03, 0.8504715E+03, 0.4812889E+03,
 0.7256000E+01, 0.1069425E+04, 0.8511353E+03, 0.8511353E+03, 0.4816353E+03,
 0.7258000E+01, 0.1070277E+04, 0.8517948E+03, 0.8517948E+03, 0.4819794E+03,
 0.7260000E+01, 0.1071125E+04, 0.8524498E+03, 0.8524498E+03, 0.4823212E+03,
 0.7262000E+01, 0.1071969E+04, 0.8531005E+03, 0.8531005E+03, 0.4826607E+03,
 0.7264000E+01, 0.1072809E+04, 0.8537469E+03, 0.8537469E+03, 0.4829980E+03,
 0.7266000E+01, 0.1073644E+04, 0.8543892E+03, 0.8543892E+03, 0.4833332E+03,
 0.7268000E+01, 0.1074475E+04, 0.8550274E+03, 0.8550274E+03, 0.4836663E+03,
 0.7270000E+01, 0.1075303E+04, 0.8556617E+03, 0.8556617E+03, 0.4839974E+03,
 0.7272000E+01, 0.1076127E+04, 0.8562924E+03, 0.8562924E+03, 0.4843265E+03,
 0.7274000E+01, 0.1076947E+04, 0.8569193E+03, 0.8569193E+03, 0.4846537E+03,
 0.7276000E+01, 0.1077764E+04, 0.8575427E+03, 0.8575427E+03, 0.4849791E+03,
 0.7278000E+01, 0.1078578E+04, 0.8581627E+03, 0.8581627E+03, 0.4853027E+03,
 0.7280000E+01, 0.1079388E+04, 0.8587794E+03, 0.8587794E+03, 0.4856246E+03,
 0.7282000E+01, 0.1080195E+04, 0.8593929E+03, 0.8593929E+03, 0.4859449E+03,
 0.7284000E+01, 0.1080999E+04, 0.8600034E+03, 0.8600034E+03, 0.4862635E+03,
 0.7286000E+01, 0.1081800E+04, 0.8606108E+03, 0.8606108E+03, 0.4865806E+03,
 0.7288000E+01, 0.1082599E+04, 0.8612153E+03, 0.8612153E+03, 0.4868962E+03,
 0.7290000E+01, 0.1083394E+04, 0.8618169E+03, 0.8618169E+03, 0.4872103E+03,
 0.7292000E+01, 0.1084187E+04, 0.8624158E+03, 0.8624158E+03, 0.4875229E+03,
 0.7294000E+01, 0.1084978E+04, 0.8630120E+03, 0.8630120E+03, 0.4878342E+03,
 0.7296000E+01, 0.1085765E+04, 0.8636056E+03, 0.8636056E+03, 0.4881441E+03,
 0.7298000E+01, 0.1086551E+04, 0.8641967E+03, 0.8641967E+03, 0.4884527E+03,
 0.7300000E+01, 0.1087334E+04, 0.8647853E+03, 0.8647853E+03, 0.4887600E+03,
 0.7302000E+01, 0.1088114E+04, 0.8653715E+03, 0.8653715E+03, 0.4890661E+03,
 0.7304000E+01, 0.1088893E+04, 0.8659553E+03, 0.8659553E+03, 0.4893709E+03,
 0.7306000E+01, 0.1089669E+04, 0.8665369E+03, 0.8665369E+03, 0.4896745E+03,
 0.7308000E+01, 0.1090443E+04, 0.8671161E+03, 0.8671161E+03, 0.4899770E+03,
 0.7310000E+01, 0.1091215E+04, 0.8676933E+03, 0.8676933E+03, 0.4902784E+03,
 0.7312000E+01, 0.1091985E+04, 0.8682683E+03, 0.8682683E+03, 0.4905786E+03,
 0.7314000E+01, 0.1092753E+04, 0.8688412E+03, 0.8688412E+03, 0.4908778E+03,
 0.7316000E+01, 0.1093519E+04, 0.8694121E+03, 0.8694121E+03, 0.4911759E+03,
 0.7318000E+01, 0.1094283E+04, 0.8699810E+03, 0.8699810E+03, 0.4914729E+03,
 0.7320000E+01, 0.1095045E+04, 0.8705480E+03, 0.8705480E+03, 0.4917690E+03,
 0.7322000E+01, 0.1095805E+04, 0.8711130E+03, 0.8711130E+03, 0.4920641E+03,
 0.7324000E+01, 0.1096564E+04, 0.8716762E+03, 0.8716762E+03, 0.4923581E+03,
 0.7326000E+01, 0.1097321E+04, 0.8722376E+03, 0.8722376E+03, 0.4926513E+03,
 0.7328000E+01, 0.1098076E+04, 0.8727972E+03, 0.8727972E+03, 0.4929435E+03,
 0.7330000E+01, 0.1098830E+04, 0.8733550E+03, 0.8733550E+03, 0.4932347E+03,
 0.7332000E+01, 0.1099582E+04, 0.8739111E+03, 0.8739111E+03, 0.4935251E+03,
 0.7334000E+01, 0.1100332E+04, 0.8744655E+03, 0.8744655E+03, 0.4938146E+03,
 0.7336000E+01, 0.1101081E+04, 0.8750183E+03, 0.8750183E+03, 0.4941033E+03,
 0.7338000E+01, 0.1101828E+04, 0.8755695E+03, 0.8755695E+03, 0.4943911E+03,
 0.7340000E+01, 0.1102574E+04, 0.8761190E+03, 0.8761190E+03, 0.4946780E+03,
 0.7342000E+01, 0.1103318E+04, 0.8766670E+03, 0.8766670E+03, 0.4949642E+03,
 0.7344000E+01, 0.1104061E+04, 0.8772134E+03, 0.8772134E+03, 0.4952495E+03,
 0.7346000E+01, 0.1104803E+04, 0.8777584E+03, 0.8777584E+03, 0.4955341E+03,
 0.7348000E+01, 0.1105543E+04, 0.8783019E+03, 0.8783019E+03, 0.4958179E+03,
 0.7350000E+01, 0.1106281E+04, 0.8788439E+03, 0.8788439E+03, 0.4961009E+03,
 0.7352000E+01, 0.1107019E+04, 0.8793845E+03, 0.8793845E+03, 0.4963831E+03,
 0.7354000E+01, 0.1107755E+04, 0.8799238E+03, 0.8799238E+03, 0.4966647E+03,
 0.7356000E+01, 0.1108490E+04, 0.8804615E+03, 0.8804615E+03, 0.4969455E+03,
 0.7358000E+01, 0.1109223E+04, 0.8809980E+03, 0.8809980E+03, 0.4972256E+03,
 0.7360000E+01, 0.1109955E+04, 0.8815331E+03, 0.8815331E+03, 0.4975049E+03,
 0.7362000E+01, 0.1110686E+04, 0.8820670E+03, 0.8820670E+03, 0.4977837E+03,
 0.7364000E+01, 0.1111416E+04, 0.8825995E+03, 0.8825995E+03, 0.4980616E+03,
 0.7366000E+01, 0.1112145E+04, 0.8831307E+03, 0.8831307E+03, 0.4983390E+03,
 0.7368000E+01, 0.1112872E+04, 0.8836607E+03, 0.8836607E+03, 0.4986157E+03,
 0.7370000E+01, 0.1113599E+04, 0.8841895E+03, 0.8841895E+03, 0.4988917E+03,
 0.7372000E+01, 0.1114324E+04, 0.8847170E+03, 0.8847170E+03, 0.4991671E+03,
 0.7374000E+01, 0.1115048E+04, 0.8852433E+03, 0.8852433E+03, 0.4994418E+03,
 0.7376000E+01, 0.1115771E+04, 0.8857685E+03, 0.8857685E+03, 0.4997159E+03,
 0.7378000E+01, 0.1116493E+04, 0.8862925E+03, 0.8862925E+03, 0.4999894E+03,
 0.7380000E+01, 0.1117214E+04, 0.8868154E+03, 0.8868154E+03, 0.5002623E+03,
 0.7382000E+01, 0.1117934E+04, 0.8873370E+03, 0.8873370E+03, 0.5005346E+03,
 0.7384000E+01, 0.1118652E+04, 0.8878577E+03, 0.8878577E+03, 0.5008063E+03,
 0.7386000E+01, 0.1119370E+04, 0.8883771E+03, 0.8883771E+03, 0.5010774E+03,
 0.7388000E+01, 0.1120087E+04, 0.8888956E+03, 0.8888956E+03, 0.5013479E+03,
 0.7390000E+01, 0.1120803E+04, 0.8894129E+03, 0.8894129E+03, 0.5016179E+03,
 0.7392000E+01, 0.1121518E+04, 0.8899292E+03, 0.8899292E+03, 0.5018873E+03,
 0.7394000E+01, 0.1122231E+04, 0.8904444E+03, 0.8904444E+03, 0.5021561E+03,
 0.7396000E+01, 0.1122944E+04, 0.8909586E+03, 0.8909586E+03, 0.5024244E+03,
 0.7398000E+01, 0.1123656E+04, 0.8914718E+03, 0.8914718E+03, 0.5026921E+03,
 0.7400000E+01, 0.1124367E+04, 0.8919840E+03, 0.8919840E+03, 0.5029594E+03,
 0.7402000E+01, 0.1125078E+04, 0.8924952E+03, 0.8924952E+03, 0.5032260E+03,
 0.7404000E+01, 0.1125787E+04, 0.8930054E+03, 0.8930054E+03, 0.5034922E+03,
 0.7406000E+01, 0.1126495E+04, 0.8935146E+03, 0.8935146E+03, 0.5037578E+03,
 0.7408000E+01, 0.1127203E+04, 0.8940229E+03, 0.8940229E+03, 0.5040229E+03,
 0.7410000E+01, 0.1127909E+04, 0.8945303E+03, 0.8945303E+03, 0.5042875E+03,
 0.7412000E+01, 0.1128615E+04, 0.8950367E+03, 0.8950367E+03, 0.5045516E+03,
 0.7414000E+01, 0.1129320E+04, 0.8955422E+03, 0.8955422E+03, 0.5048152E+03,
 0.7416000E+01, 0.1130024E+04, 0.8960468E+03, 0.8960468E+03, 0.5050783E+03,
 0.7418000E+01, 0.1130727E+04, 0.8965504E+03, 0.8965504E+03, 0.5053409E+03,
 0.7420000E+01, 0.1131430E+04, 0.8970532E+03, 0.8970532E+03, 0.5056030E+03,
 0.7422000E+01, 0.1132131E+04, 0.8975551E+03, 0.8975551E+03, 0.5058647E+03,
 0.7424000E+01, 0.1132832E+04, 0.8980561E+03, 0.8980561E+03, 0.5061259E+03,
 0.7426000E+01, 0.1133532E+04, 0.8985562E+03, 0.8985562E+03, 0.5063866E+03,
 0.7428000E+01, 0.1134231E+04, 0.8990555E+03, 0.8990555E+03, 0.5066468E+03,
 0.7430000E+01, 0.1134930E+04, 0.8995540E+03, 0.8995540E+03, 0.5069066E+03,
 0.7432000E+01, 0.1135627E+04, 0.9000516E+03, 0.9000516E+03, 0.5071660E+03,
 0.7434000E+01, 0.1136324E+04, 0.9005483E+03, 0.9005483E+03, 0.5074248E+03,
 0.7436000E+01, 0.1137021E+04, 0.9010443E+03, 0.9010443E+03, 0.5076833E+03,
 0.7438000E+01, 0.1137716E+04, 0.9015394E+03, 0.9015394E+03, 0.5079413E+03,
 0.7440000E+01, 0.1138411E+04, 0.9020338E+03, 0.9020338E+03, 0.5081988E+03,
 0.7442000E+01, 0.1139105E+04, 0.9025273E+03, 0.9025273E+03, 0.5084559E+03,
 0.7444000E+01, 0.1139798E+04, 0.9030201E+03, 0.9030201E+03, 0.5087126E+03,
 0.7446000E+01, 0.1140490E+04, 0.9035120E+03, 0.9035120E+03, 0.5089688E+03,
 0.7448000E+01, 0.1141182E+04, 0.9040032E+03, 0.9040032E+03, 0.5092247E+03,
 0.7450000E+01, 0.1141873E+04, 0.9044937E+03, 0.9044937E+03, 0.5094801E+03,
 0.7452000E+01, 0.1142564E+04, 0.9049833E+03, 0.9049833E+03, 0.5097351E+03,
 0.7454000E+01, 0.1143254E+04, 0.9054723E+03, 0.9054723E+03, 0.5099896E+03,
 0.7456000E+01, 0.1143943E+04, 0.9059604E+03, 0.9059604E+03, 0.5102438E+03,
 0.7458000E+01, 0.1144631E+04, 0.9064479E+03, 0.9064479E+03, 0.5104976E+03,
 0.7460000E+01, 0.1145319E+04, 0.9069346E+03, 0.9069346E+03, 0.5107509E+03,
 0.7462000E+01, 0.1146006E+04, 0.9074206E+03, 0.9074206E+03, 0.5110039E+03,
 0.7464000E+01, 0.1146692E+04, 0.9079058E+03, 0.9079058E+03, 0.5112564E+03,
 0.7466000E+01, 0.1147378E+04, 0.9083904E+03, 0.9083904E+03, 0.5115086E+03,
 0.7468000E+01, 0.1148063E+04, 0.9088742E+03, 0.9088742E+03, 0.5117603E+03,
 0.7470000E+01, 0.1148748E+04, 0.9093574E+03, 0.9093574E+03, 0.5120117E+03,
 0.7472000E+01, 0.1149431E+04, 0.9098398E+03, 0.9098398E+03, 0.5122627E+03,
 0.7474000E+01, 0.1150115E+04, 0.9103215E+03, 0.9103215E+03, 0.5125133E+03,
 0.7476000E+01, 0.1150797E+04, 0.9108026E+03, 0.9108026E+03, 0.5127635E+03,
 0.7478000E+01, 0.1151479E+04, 0.9112830E+03, 0.9112830E+03, 0.5130134E+03,
 0.7480000E+01, 0.1152160E+04, 0.9117628E+03, 0.9117628E+03, 0.5132629E+03,
 0.7482000E+01, 0.1152841E+04, 0.9122418E+03, 0.9122418E+03, 0.5135120E+03,
 0.7484000E+01, 0.1153521E+04, 0.9127202E+03, 0.9127202E+03, 0.5137607E+03,
 0.7486000E+01, 0.1154201E+04, 0.9131979E+03, 0.9131979E+03, 0.5140090E+03,
 0.7488000E+01, 0.1154880E+04, 0.9136750E+03, 0.9136750E+03, 0.5142571E+03,
 0.7490000E+01, 0.1155558E+04, 0.9141514E+03, 0.9141514E+03, 0.5145047E+03,
 0.7492000E+01, 0.1156236E+04, 0.9146273E+03, 0.9146273E+03, 0.5147520E+03,
 0.7494000E+01, 0.1156913E+04, 0.9151024E+03, 0.9151024E+03, 0.5149989E+03,
 0.7496000E+01, 0.1157589E+04, 0.9155770E+03, 0.9155770E+03, 0.5152455E+03,
 0.7498000E+01, 0.1158266E+04, 0.9160508E+03, 0.9160508E+03, 0.5154917E+03,
 0.7500000E+01, 0.1158941E+04, 0.9165241E+03, 0.9165241E+03, 0.5157375E+03,
 0.7502000E+01, 0.1159616E+04, 0.9169968E+03, 0.9169968E+03, 0.5159830E+03,
 0.7504000E+01, 0.1160290E+04, 0.9174689E+03, 0.9174689E+03, 0.5162282E+03,
 0.7506000E+01, 0.1160964E+04, 0.9179403E+03, 0.9179403E+03, 0.5164730E+03,
 0.7508000E+01, 0.1161637E+04, 0.9184112E+03, 0.9184112E+03, 0.5167175E+03,
 0.7510000E+01, 0.1162310E+04, 0.9188814E+03, 0.9188814E+03, 0.5169617E+03,
 0.7512000E+01, 0.1162982E+04, 0.9193511E+03, 0.9193511E+03, 0.5172055E+03,
 0.7514000E+01, 0.1163653E+04, 0.9198201E+03, 0.9198201E+03, 0.5174490E+03,
 0.7516000E+01, 0.1164324E+04, 0.9202886E+03, 0.9202886E+03, 0.5176921E+03,
 0.7518000E+01, 0.1164995E+04, 0.9207565E+03, 0.9207565E+03, 0.5179349E+03,
 0.7520000E+01, 0.1165665E+04, 0.9212238E+03, 0.9212238E+03, 0.5181774E+03,
 0.7522000E+01, 0.1166334E+04, 0.9216906E+03, 0.9216906E+03, 0.5184196E+03,
 0.7524000E+01, 0.1167003E+04, 0.9221567E+03, 0.9221567E+03, 0.5186614E+03,
 0.7526000E+01, 0.1167672E+04, 0.9226224E+03, 0.9226224E+03, 0.5189029E+03,
 0.7528000E+01, 0.1168339E+04, 0.9230875E+03, 0.9230875E+03, 0.5191440E+03,
 0.7530000E+01, 0.1169007E+04, 0.9235519E+03, 0.9235519E+03, 0.5193849E+03,
 0.7532000E+01, 0.1169674E+04, 0.9240159E+03, 0.9240159E+03, 0.5196255E+03,
 0.7534000E+01, 0.1170340E+04, 0.9244792E+03, 0.9244792E+03, 0.5198657E+03,
 0.7536000E+01, 0.1171006E+04, 0.9249421E+03, 0.9249421E+03, 0.5201057E+03,
 0.7538000E+01, 0.1171671E+04, 0.9254044E+03, 0.9254044E+03, 0.5203453E+03,
 0.7540000E+01, 0.1172336E+04, 0.9258661E+03, 0.9258661E+03, 0.5205845E+03,
 0.7542000E+01, 0.1173000E+04, 0.9263274E+03, 0.9263274E+03, 0.5208235E+03,
 0.7544000E+01, 0.1173664E+04, 0.9267881E+03, 0.9267881E+03, 0.5210622E+03,
 0.7546000E+01, 0.1174327E+04, 0.9272483E+03, 0.9272483E+03, 0.5213006E+03,
 0.7548000E+01, 0.1174990E+04, 0.9277079E+03, 0.9277079E+03, 0.5215387E+03,
 0.7550000E+01, 0.1175653E+04, 0.9281671E+03, 0.9281671E+03, 0.5217764E+03,
 0.7552000E+01, 0.1176314E+04, 0.9286256E+03, 0.9286256E+03, 0.5220139E+03,
 0.7554000E+01, 0.1176976E+04, 0.9290837E+03, 0.9290837E+03, 0.5222511E+03,
 0.7556000E+01, 0.1177637E+04, 0.9295413E+03, 0.9295413E+03, 0.5224880E+03,
 0.7558000E+01, 0.1178297E+04, 0.9299984E+03, 0.9299984E+03, 0.5227245E+03,
 0.7560000E+01, 0.1178957E+04, 0.9304550E+03, 0.9304550E+03, 0.5229608E+03,
 0.7562000E+01, 0.1179617E+04, 0.9309110E+03, 0.9309110E+03, 0.5231968E+03,
 0.7564000E+01, 0.1180276E+04, 0.9313666E+03, 0.9313666E+03, 0.5234326E+03,
 0.7566000E+01, 0.1180935E+04, 0.9318216E+03, 0.9318216E+03, 0.5236680E+03,
 0.7568000E+01, 0.1181593E+04, 0.9322762E+03, 0.9322762E+03, 0.5239031E+03,
 0.7570000E+01, 0.1182250E+04, 0.9327303E+03, 0.9327303E+03, 0.5241379E+03,
 0.7572000E+01, 0.1182908E+04, 0.9331839E+03, 0.9331839E+03, 0.5243725E+03,
 0.7574000E+01, 0.1183564E+04, 0.9336370E+03, 0.9336370E+03, 0.5246068E+03,
 0.7576000E+01, 0.1184221E+04, 0.9340896E+03, 0.9340896E+03, 0.5248408E+03,
 0.7578000E+01, 0.1184877E+04, 0.9345417E+03, 0.9345417E+03, 0.5250745E+03,
 0.7580000E+01, 0.1185532E+04, 0.9349935E+03, 0.9349935E+03, 0.5253079E+03,
 0.7582000E+01, 0.1186187E+04, 0.9354446E+03, 0.9354446E+03, 0.5255411E+03,
 0.7584000E+01, 0.1186842E+04, 0.9358954E+03, 0.9358954E+03, 0.5257739E+03,
 0.7586000E+01, 0.1187496E+04, 0.9363456E+03, 0.9363456E+03, 0.5260065E+03,
 0.7588000E+01, 0.1188150E+04, 0.9367955E+03, 0.9367955E+03, 0.5262389E+03,
 0.7590000E+01, 0.1188803E+04, 0.9372448E+03, 0.9372448E+03, 0.5264709E+03,
 0.7592000E+01, 0.1189456E+04, 0.9376937E+03, 0.9376937E+03, 0.5267028E+03,
 0.7594000E+01, 0.1190108E+04, 0.9381422E+03, 0.9381422E+03, 0.5269343E+03,
 0.7596000E+01, 0.1190760E+04, 0.9385901E+03, 0.9385901E+03, 0.5271655E+03,
 0.7598000E+01, 0.1191412E+04, 0.9390377E+03, 0.9390377E+03, 0.5273965E+03,
 0.7600000E+01, 0.1192063E+04, 0.9394847E+03, 0.9394847E+03, 0.5276272E+03,
 0.7602000E+01, 0.1192714E+04, 0.9399313E+03, 0.9399313E+03, 0.5278577E+03,
 0.7604000E+01, 0.1193364E+04, 0.9403776E+03, 0.9403776E+03, 0.5280879E+03,
 0.7606000E+01, 0.1194014E+04, 0.9408233E+03, 0.9408233E+03, 0.5283178E+03,
 0.7608000E+01, 0.1194663E+04, 0.9412686E+03, 0.9412686E+03, 0.5285475E+03,
 0.7610000E+01, 0.1195312E+04, 0.9417135E+03, 0.9417135E+03, 0.5287769E+03,
 0.7612000E+01, 0.1195961E+04, 0.9421580E+03, 0.9421580E+03, 0.5290060E+03,
 0.7614000E+01, 0.1196609E+04, 0.9426019E+03, 0.9426019E+03, 0.5292350E+03,
 0.7616000E+01, 0.1197257E+04, 0.9430455E+03, 0.9430455E+03, 0.5294636E+03,
 0.7618000E+01, 0.1197905E+04, 0.9434887E+03, 0.9434887E+03, 0.5296920E+03,
 0.7620000E+01, 0.1198552E+04, 0.9439315E+03, 0.9439315E+03, 0.5299201E+03,
 0.7622000E+01, 0.1199198E+04, 0.9443738E+03, 0.9443738E+03, 0.5301480E+03,
 0.7624000E+01, 0.1199844E+04, 0.9448157E+03, 0.9448157E+03, 0.5303757E+03,
 0.7626000E+01, 0.1200490E+04, 0.9452571E+03, 0.9452571E+03, 0.5306030E+03,
 0.7628000E+01, 0.1201136E+04, 0.9456982E+03, 0.9456982E+03, 0.5308302E+03,
 0.7630000E+01, 0.1201781E+04, 0.9461389E+03, 0.9461389E+03, 0.5310571E+03,
 0.7632000E+01, 0.1202426E+04, 0.9465791E+03, 0.9465791E+03, 0.5312837E+03,
 0.7634000E+01, 0.1203070E+04, 0.9470189E+03, 0.9470189E+03, 0.5315101E+03,
 0.7636000E+01, 0.1203714E+04, 0.9474584E+03, 0.9474584E+03, 0.5317363E+03,
 0.7638000E+01, 0.1204357E+04, 0.9478974E+03, 0.9478974E+03, 0.5319622E+03,
 0.7640000E+01, 0.1205000E+04, 0.9483361E+03, 0.9483361E+03, 0.5321879E+03,
 0.7642000E+01, 0.1205643E+04, 0.9487742E+03, 0.9487742E+03, 0.5324133E+03,
 0.7644000E+01, 0.1206286E+04, 0.9492121E+03, 0.9492121E+03, 0.5326384E+03,
 0.7646000E+01, 0.1206928E+04, 0.9496495E+03, 0.9496495E+03, 0.5328634E+03,
 0.7648000E+01, 0.1207569E+04, 0.9500865E+03, 0.9500865E+03, 0.5330881E+03,
 0.7650000E+01, 0.1208211E+04, 0.9505233E+03, 0.9505233E+03, 0.5333126E+03,
 0.7652000E+01, 0.1208851E+04, 0.9509595E+03, 0.9509595E+03, 0.5335368E+03,
 0.7654000E+01, 0.1209492E+04, 0.9513954E+03, 0.9513954E+03, 0.5337608E+03,
 0.7656000E+01, 0.1210132E+04, 0.9518309E+03, 0.9518309E+03, 0.5339846E+03,
 0.7658000E+01, 0.1210772E+04, 0.9522660E+03, 0.9522660E+03, 0.5342081E+03,
 0.7660000E+01, 0.1211411E+04, 0.9527007E+03, 0.9527007E+03, 0.5344315E+03,
 0.7662000E+01, 0.1212050E+04, 0.9531351E+03, 0.9531351E+03, 0.5346545E+03,
 0.7664000E+01, 0.1212689E+04, 0.9535690E+03, 0.9535690E+03, 0.5348774E+03,
 0.7666000E+01, 0.1213327E+04, 0.9540026E+03, 0.9540026E+03, 0.5351000E+03,
 0.7668000E+01, 0.1213965E+04, 0.9544359E+03, 0.9544359E+03, 0.5353224E+03,
 0.7670000E+01, 0.1214603E+04, 0.9548687E+03, 0.9548687E+03, 0.5355446E+03,
 0.7672000E+01, 0.1215240E+04, 0.9553012E+03, 0.9553012E+03, 0.5357665E+03,
 0.7674000E+01, 0.1215877E+04, 0.9557333E+03, 0.9557333E+03, 0.5359882E+03,
 0.7676000E+01, 0.1216514E+04, 0.9561651E+03, 0.9561651E+03, 0.5362097E+03,
 0.7678000E+01, 0.1217150E+04, 0.9565965E+03, 0.9565965E+03, 0.5364310E+03,
 0.7680000E+01, 0.1217786E+04, 0.9570275E+03, 0.9570275E+03, 0.5366520E+03,
 0.7682000E+01, 0.1218421E+04, 0.9574582E+03, 0.9574582E+03, 0.5368728E+03,
 0.7684000E+01, 0.1219056E+04, 0.9578885E+03, 0.9578885E+03, 0.5370934E+03,
 0.7686000E+01, 0.1219691E+04, 0.9583184E+03, 0.9583184E+03, 0.5373138E+03,
 0.7688000E+01, 0.1220326E+04, 0.9587480E+03, 0.9587480E+03, 0.5375339E+03,
 0.7690000E+01, 0.1220960E+04, 0.9591773E+03, 0.9591773E+03, 0.5377539E+03,
 0.7692000E+01, 0.1221594E+04, 0.9596062E+03, 0.9596062E+03, 0.5379736E+03,
 0.7694000E+01, 0.1222227E+04, 0.9600347E+03, 0.9600347E+03, 0.5381932E+03,
 0.7696000E+01, 0.1222860E+04, 0.9604630E+03, 0.9604630E+03, 0.5384125E+03,
 0.7698000E+01, 0.1223493E+04, 0.9608908E+03, 0.9608908E+03, 0.5386315E+03,
 0.7700000E+01, 0.1224125E+04, 0.9613183E+03, 0.9613183E+03, 0.5388504E+03,
 0.7702000E+01, 0.1224757E+04, 0.9617454E+03, 0.9617454E+03, 0.5390691E+03,
 0.7704000E+01, 0.1225389E+04, 0.9621723E+03, 0.9621723E+03, 0.5392875E+03,
 0.7706000E+01, 0.1226020E+04, 0.9625988E+03, 0.9625988E+03, 0.5395057E+03,
 0.7708000E+01, 0.1226651E+04, 0.9630249E+03, 0.9630249E+03, 0.5397238E+03,
 0.7710000E+01, 0.1227282E+04, 0.9634507E+03, 0.9634507E+03, 0.5399416E+03,
 0.7712000E+01, 0.1227913E+04, 0.9638762E+03, 0.9638762E+03, 0.5401592E+03,
 0.7714000E+01, 0.1228543E+04, 0.9643013E+03, 0.9643013E+03, 0.5403766E+03,
 0.7716000E+01, 0.1229172E+04, 0.9647261E+03, 0.9647261E+03, 0.5405938E+03,
 0.7718000E+01, 0.1229802E+04, 0.9651506E+03, 0.9651506E+03, 0.5408108E+03,
 0.7720000E+01, 0.1230431E+04, 0.9655748E+03, 0.9655748E+03, 0.5410276E+03,
 0.7722000E+01, 0.1231060E+04, 0.9659986E+03, 0.9659986E+03, 0.5412441E+03,
 0.7724000E+01, 0.1231688E+04, 0.9664221E+03, 0.9664221E+03, 0.5414606E+03,
 0.7726000E+01, 0.1232316E+04, 0.9668452E+03, 0.9668452E+03, 0.5416767E+03,
 0.7728000E+01, 0.1232944E+04, 0.9672681E+03, 0.9672681E+03, 0.5418927E+03,
 0.7730000E+01, 0.1233572E+04, 0.9676906E+03, 0.9676906E+03, 0.5421085E+03,
 0.7732000E+01, 0.1234199E+04, 0.9681128E+03, 0.9681128E+03, 0.5423240E+03,
 0.7734000E+01, 0.1234826E+04, 0.9685347E+03, 0.9685347E+03, 0.5425394E+03,
 0.7736000E+01, 0.1235452E+04, 0.9689563E+03, 0.9689563E+03, 0.5427546E+03,
 0.7738000E+01, 0.1236079E+04, 0.9693775E+03, 0.9693775E+03, 0.5429695E+03,
 0.7740000E+01, 0.1236705E+04, 0.9697985E+03, 0.9697985E+03, 0.5431843E+03,
 0.7742000E+01, 0.1237330E+04, 0.9702191E+03, 0.9702191E+03, 0.5433989E+03,
 0.7744000E+01, 0.1237956E+04, 0.9706394E+03, 0.9706394E+03, 0.5436133E+03,
 0.7746000E+01, 0.1238581E+04, 0.9710594E+03, 0.9710594E+03, 0.5438275E+03,
 0.7748000E+01, 0.1239205E+04, 0.9714791E+03, 0.9714791E+03, 0.5440414E+03,
 0.7750000E+01, 0.1239830E+04, 0.9718985E+03, 0.9718985E+03, 0.5442552E+03,
 0.7752000E+01, 0.1240454E+04, 0.9723176E+03, 0.9723176E+03, 0.5444689E+03,
 0.7754000E+01, 0.1241078E+04, 0.9727364E+03, 0.9727364E+03, 0.5446823E+03,
 0.7756000E+01, 0.1241701E+04, 0.9731548E+03, 0.9731548E+03, 0.5448955E+03,
 0.7758000E+01, 0.1242324E+04, 0.9735731E+03, 0.9735731E+03, 0.5451085E+03,
 0.7760000E+01, 0.1242947E+04, 0.9739909E+03, 0.9739909E+03, 0.5453214E+03,
 0.7762000E+01, 0.1243569E+04, 0.9744085E+03, 0.9744085E+03, 0.5455341E+03,
 0.7764000E+01, 0.1244192E+04, 0.9748257E+03, 0.9748257E+03, 0.5457465E+03,
 0.7766000E+01, 0.1244814E+04, 0.9752427E+03, 0.9752427E+03, 0.5459587E+03,
 0.7768000E+01, 0.1245435E+04, 0.9756594E+03, 0.9756594E+03, 0.5461708E+03,
 0.7770000E+01, 0.1246057E+04, 0.9760758E+03, 0.9760758E+03, 0.5463828E+03,
 0.7772000E+01, 0.1246678E+04, 0.9764919E+03, 0.9764919E+03, 0.5465945E+03,
 0.7774000E+01, 0.1247299E+04, 0.9769077E+03, 0.9769077E+03, 0.5468060E+03,
 0.7776000E+01, 0.1247919E+04, 0.9773232E+03, 0.9773232E+03, 0.5470173E+03,
 0.7778000E+01, 0.1248539E+04, 0.9777385E+03, 0.9777385E+03, 0.5472285E+03,
 0.7780000E+01, 0.1249159E+04, 0.9781534E+03, 0.9781534E+03, 0.5474395E+03,
 0.7782000E+01, 0.1249779E+04, 0.9785681E+03, 0.9785681E+03, 0.5476503E+03,
 0.7784000E+01, 0.1250398E+04, 0.9789824E+03, 0.9789824E+03, 0.5478608E+03,
 0.7786000E+01, 0.1251017E+04, 0.9793965E+03, 0.9793965E+03, 0.5480713E+03,
 0.7788000E+01, 0.1251636E+04, 0.9798103E+03, 0.9798103E+03, 0.5482816E+03,
 0.7790000E+01, 0.1252254E+04, 0.9802238E+03, 0.9802238E+03, 0.5484916E+03,
 0.7792000E+01, 0.1252872E+04, 0.9806370E+03, 0.9806370E+03, 0.5487015E+03,
 0.7794000E+01, 0.1253490E+04, 0.9810500E+03, 0.9810500E+03, 0.5489112E+03,
 0.7796000E+01, 0.1254108E+04, 0.9814626E+03, 0.9814626E+03, 0.5491207E+03,
 0.7798000E+01, 0.1254725E+04, 0.9818751E+03, 0.9818751E+03, 0.5493301E+03,
 0.7800000E+01, 0.1255342E+04, 0.9822872E+03, 0.9822872E+03, 0.5495392E+03,
 0.7802000E+01, 0.1255959E+04, 0.9826990E+03, 0.9826990E+03, 0.5497482E+03,
 0.7804000E+01, 0.1256575E+04, 0.9831106E+03, 0.9831106E+03, 0.5499570E+03,
 0.7806000E+01, 0.1257191E+04, 0.9835219E+03, 0.9835219E+03, 0.5501656E+03,
 0.7808000E+01, 0.1257807E+04, 0.9839329E+03, 0.9839329E+03, 0.5503741E+03,
 0.7810000E+01, 0.1258423E+04, 0.9843437E+03, 0.9843437E+03, 0.5505824E+03,
 0.7812000E+01, 0.1259038E+04, 0.9847542E+03, 0.9847542E+03, 0.5507905E+03,
 0.7814000E+01, 0.1259653E+04, 0.9851644E+03, 0.9851644E+03, 0.5509985E+03,
 0.7816000E+01, 0.1260268E+04, 0.9855743E+03, 0.9855743E+03, 0.5512062E+03,
 0.7818000E+01, 0.1260882E+04, 0.9859840E+03, 0.9859840E+03, 0.5514138E+03,
 0.7820000E+01, 0.1261496E+04, 0.9863934E+03, 0.9863934E+03, 0.5516213E+03,
 0.7822000E+01, 0.1262110E+04, 0.9868026E+03, 0.9868026E+03, 0.5518286E+03,
 0.7824000E+01, 0.1262724E+04, 0.9872114E+03, 0.9872114E+03, 0.5520356E+03,
 0.7826000E+01, 0.1263337E+04, 0.9876201E+03, 0.9876201E+03, 0.5522425E+03,
 0.7828000E+01, 0.1263950E+04, 0.9880284E+03, 0.9880284E+03, 0.5524493E+03,
 0.7830000E+01, 0.1264563E+04, 0.9884365E+03, 0.9884365E+03, 0.5526558E+03,
 0.7832000E+01, 0.1265176E+04, 0.9888444E+03, 0.9888444E+03, 0.5528622E+03,
 0.7834000E+01, 0.1265788E+04, 0.9892520E+03, 0.9892520E+03, 0.5530685E+03,
 0.7836000E+01, 0.1266400E+04, 0.9896593E+03, 0.9896593E+03, 0.5532745E+03,
 0.7838000E+01, 0.1267012E+04, 0.9900663E+03, 0.9900663E+03, 0.5534805E+03,
 0.7840000E+01, 0.1267623E+04, 0.9904731E+03, 0.9904731E+03, 0.5536862E+03,
 0.7842000E+01, 0.1268234E+04, 0.9908797E+03, 0.9908797E+03, 0.5538917E+03,
 0.7844000E+01, 0.1268845E+04, 0.9912860E+03, 0.9912860E+03, 0.5540972E+03,
 0.7846000E+01, 0.1269456E+04, 0.9916921E+03, 0.9916921E+03, 0.5543024E+03,
 0.7848000E+01, 0.1270066E+04, 0.9920978E+03, 0.9920978E+03, 0.5545074E+03,
 0.7850000E+01, 0.1270677E+04, 0.9925034E+03, 0.9925034E+03, 0.5547124E+03,
 0.7852000E+01, 0.1271286E+04, 0.9929087E+03, 0.9929087E+03, 0.5549171E+03,
 0.7854000E+01, 0.1271896E+04, 0.9933137E+03, 0.9933137E+03, 0.5551217E+03,
 0.7856000E+01, 0.1272505E+04, 0.9937185E+03, 0.9937185E+03, 0.5553261E+03,
 0.7858000E+01, 0.1273114E+04, 0.9941231E+03, 0.9941231E+03, 0.5555304E+03,
 0.7860000E+01, 0.1273723E+04, 0.9945274E+03, 0.9945274E+03, 0.5557345E+03,
 0.7862000E+01, 0.1274332E+04, 0.9949315E+03, 0.9949315E+03, 0.5559384E+03,
 0.7864000E+01, 0.1274940E+04, 0.9953353E+03, 0.9953353E+03, 0.5561422E+03,
 0.7866000E+01, 0.1275548E+04, 0.9957388E+03, 0.9957388E+03, 0.5563458E+03,
 0.7868000E+01, 0.1276156E+04, 0.9961422E+03, 0.9961422E+03, 0.5565493E+03,
 0.7870000E+01, 0.1276763E+04, 0.9965452E+03, 0.9965452E+03, 0.5567526E+03,
 0.7872000E+01, 0.1277370E+04, 0.9969481E+03, 0.9969481E+03, 0.5569557E+03,
 0.7874000E+01, 0.1277977E+04, 0.9973506E+03, 0.9973506E+03, 0.5571587E+03,
 0.7876000E+01, 0.1278584E+04, 0.9977530E+03, 0.9977530E+03, 0.5573615E+03,
 0.7878000E+01, 0.1279191E+04, 0.9981552E+03, 0.9981552E+03, 0.5575641E+03,
 0.7880000E+01, 0.1279797E+04, 0.9985570E+03, 0.9985570E+03, 0.5577667E+03,
 0.7882000E+01, 0.1280403E+04, 0.9989587E+03, 0.9989587E+03, 0.5579691E+03,
 0.7884000E+01, 0.1281008E+04, 0.9993600E+03, 0.9993600E+03, 0.5581712E+03,
 0.7886000E+01, 0.1281614E+04, 0.9997612E+03, 0.9997612E+03, 0.5583733E+03,
 0.7888000E+01, 0.1282219E+04, 0.1000162E+04, 0.1000162E+04, 0.5585751E+03,
 0.7890000E+01, 0.1282824E+04, 0.1000563E+04, 0.1000563E+04, 0.5587769E+03,
 0.7892000E+01, 0.1283428E+04, 0.1000963E+04, 0.1000963E+04, 0.5589785E+03,
 0.7894000E+01, 0.1284033E+04, 0.1001364E+04, 0.1001364E+04, 0.5591799E+03,
 0.7896000E+01, 0.1284637E+04, 0.1001764E+04, 0.1001764E+04, 0.5593812E+03,
 0.7898000E+01, 0.1285241E+04, 0.1002163E+04, 0.1002163E+04, 0.5595823E+03,
 0.7900000E+01, 0.1285845E+04, 0.1002563E+04, 0.1002563E+04, 0.5597832E+03,
 0.7902000E+01, 0.1286448E+04, 0.1002962E+04, 0.1002962E+04, 0.5599840E+03,
 0.7904000E+01, 0.1287051E+04, 0.1003361E+04, 0.1003361E+04, 0.5601847E+03,
 0.7906000E+01, 0.1287654E+04, 0.1003760E+04, 0.1003760E+04, 0.5603852E+03,
 0.7908000E+01, 0.1288257E+04, 0.1004159E+04, 0.1004159E+04, 0.5605856E+03,
 0.7910000E+01, 0.1288859E+04, 0.1004557E+04, 0.1004557E+04, 0.5607858E+03,
 0.7912000E+01, 0.1289461E+04, 0.1004955E+04, 0.1004955E+04, 0.5609858E+03,
 0.7914000E+01, 0.1290063E+04, 0.1005353E+04, 0.1005353E+04, 0.5611857E+03,
 0.7916000E+01, 0.1290665E+04, 0.1005751E+04, 0.1005751E+04, 0.5613855E+03,
 0.7918000E+01, 0.1291266E+04, 0.1006148E+04, 0.1006148E+04, 0.5615851E+03,
 0.7920000E+01, 0.1291867E+04, 0.1006546E+04, 0.1006546E+04, 0.5617845E+03,
 0.7922000E+01, 0.1292468E+04, 0.1006943E+04, 0.1006943E+04, 0.5619839E+03,
 0.7924000E+01, 0.1293069E+04, 0.1007340E+04, 0.1007340E+04, 0.5621830E+03,
 0.7926000E+01, 0.1293669E+04, 0.1007736E+04, 0.1007736E+04, 0.5623820E+03,
 0.7928000E+01, 0.1294269E+04, 0.1008133E+04, 0.1008133E+04, 0.5625809E+03,
 0.7930000E+01, 0.1294869E+04, 0.1008529E+04, 0.1008529E+04, 0.5627797E+03,
 0.7932000E+01, 0.1295469E+04, 0.1008925E+04, 0.1008925E+04, 0.5629782E+03,
 0.7934000E+01, 0.1296068E+04, 0.1009321E+04, 0.1009321E+04, 0.5631766E+03,
 0.7936000E+01, 0.1296667E+04, 0.1009716E+04, 0.1009716E+04, 0.5633749E+03,
 0.7938000E+01, 0.1297266E+04, 0.1010111E+04, 0.1010111E+04, 0.5635731E+03,
 0.7940000E+01, 0.1297865E+04, 0.1010506E+04, 0.1010506E+04, 0.5637711E+03,
 0.7942000E+01, 0.1298464E+04, 0.1010901E+04, 0.1010901E+04, 0.5639689E+03,
 0.7944000E+01, 0.1299062E+04, 0.1011296E+04, 0.1011296E+04, 0.5641666E+03,
 0.7946000E+01, 0.1299660E+04, 0.1011690E+04, 0.1011690E+04, 0.5643642E+03,
 0.7948000E+01, 0.1300257E+04, 0.1012085E+04, 0.1012085E+04, 0.5645616E+03,
 0.7950000E+01, 0.1300855E+04, 0.1012479E+04, 0.1012479E+04, 0.5647589E+03,
 0.7952000E+01, 0.1301452E+04, 0.1012872E+04, 0.1012872E+04, 0.5649561E+03,
 0.7954000E+01, 0.1302049E+04, 0.1013266E+04, 0.1013266E+04, 0.5651530E+03,
 0.7956000E+01, 0.1302646E+04, 0.1013659E+04, 0.1013659E+04, 0.5653499E+03,
 0.7958000E+01, 0.1303242E+04, 0.1014053E+04, 0.1014053E+04, 0.5655466E+03,
 0.7960000E+01, 0.1303839E+04, 0.1014445E+04, 0.1014445E+04, 0.5657432E+03,
 0.7962000E+01, 0.1304435E+04, 0.1014838E+04, 0.1014838E+04, 0.5659396E+03,
 0.7964000E+01, 0.1305030E+04, 0.1015231E+04, 0.1015231E+04, 0.5661359E+03,
 0.7966000E+01, 0.1305626E+04, 0.1015623E+04, 0.1015623E+04, 0.5663320E+03,
 0.7968000E+01, 0.1306221E+04, 0.1016015E+04, 0.1016015E+04, 0.5665280E+03,
 0.7970000E+01, 0.1306816E+04, 0.1016407E+04, 0.1016407E+04, 0.5667239E+03,
 0.7972000E+01, 0.1307411E+04, 0.1016799E+04, 0.1016799E+04, 0.5669196E+03,
 0.7974000E+01, 0.1308006E+04, 0.1017190E+04, 0.1017190E+04, 0.5671152E+03,
 0.7976000E+01, 0.1308600E+04, 0.1017582E+04, 0.1017582E+04, 0.5673107E+03,
 0.7978000E+01, 0.1309194E+04, 0.1017973E+04, 0.1017973E+04, 0.5675060E+03,
 0.7980000E+01, 0.1309788E+04, 0.1018364E+04, 0.1018364E+04, 0.5677012E+03,
 0.7982000E+01, 0.1310382E+04, 0.1018754E+04, 0.1018754E+04, 0.5678962E+03,
 0.7984000E+01, 0.1310975E+04, 0.1019145E+04, 0.1019145E+04, 0.5680911E+03,
 0.7986000E+01, 0.1311568E+04, 0.1019535E+04, 0.1019535E+04, 0.5682859E+03,
 0.7988000E+01, 0.1312161E+04, 0.1019925E+04, 0.1019925E+04, 0.5684805E+03,
 0.7990000E+01, 0.1312754E+04, 0.1020315E+04, 0.1020315E+04, 0.5686750E+03,
 0.7992000E+01, 0.1313347E+04, 0.1020705E+04, 0.1020705E+04, 0.5688694E+03,
 0.7994000E+01, 0.1313939E+04, 0.1021094E+04, 0.1021094E+04, 0.5690636E+03,
 0.7996000E+01, 0.1314531E+04, 0.1021483E+04, 0.1021483E+04, 0.5692577E+03,
 0.7998000E+01, 0.1315123E+04, 0.1021872E+04, 0.1021872E+04, 0.5694516E+03,
 0.8000000E+01, 0.1315714E+04, 0.1022261E+04, 0.1022261E+04, 0.5696454E+03,
 0.8002000E+01, 0.1316305E+04, 0.1022650E+04, 0.1022650E+04, 0.5698391E+03,
 0.8004000E+01, 0.1316896E+04, 0.1023038E+04, 0.1023038E+04, 0.5700327E+03,
 0.8006000E+01, 0.1317487E+04, 0.1023427E+04, 0.1023427E+04, 0.5702261E+03,
 0.8008000E+01, 0.1318078E+04, 0.1023815E+04, 0.1023815E+04, 0.5704194E+03,
 0.8010000E+01, 0.1318668E+04, 0.1024203E+04, 0.1024203E+04, 0.5706125E+03,
 0.8012000E+01, 0.1319258E+04, 0.1024590E+04, 0.1024590E+04, 0.5708055E+03,
 0.8014000E+01, 0.1319848E+04, 0.1024978E+04, 0.1024978E+04, 0.5709984E+03,
 0.8016000E+01, 0.1320438E+04, 0.1025365E+04, 0.1025365E+04, 0.5711912E+03,
 0.8018000E+01, 0.1321027E+04, 0.1025752E+04, 0.1025752E+04, 0.5713838E+03,
 0.8020000E+01, 0.1321617E+04, 0.1026139E+04, 0.1026139E+04, 0.5715762E+03,
 0.8022000E+01, 0.1322206E+04, 0.1026526E+04, 0.1026526E+04, 0.5717686E+03,
 0.8024000E+01, 0.1322794E+04, 0.1026912E+04, 0.1026912E+04, 0.5719608E+03,
 0.8026000E+01, 0.1323383E+04, 0.1027299E+04, 0.1027299E+04, 0.5721530E+03,
 0.8028000E+01, 0.1323971E+04, 0.1027685E+04, 0.1027685E+04, 0.5723449E+03,
 0.8030000E+01, 0.1324559E+04, 0.1028071E+04, 0.1028071E+04, 0.5725367E+03,
 0.8032000E+01, 0.1325147E+04, 0.1028456E+04, 0.1028456E+04, 0.5727284E+03,
 0.8034000E+01, 0.1325735E+04, 0.1028842E+04, 0.1028842E+04, 0.5729200E+03,
 0.8036000E+01, 0.1326322E+04, 0.1029227E+04, 0.1029227E+04, 0.5731115E+03,
 0.8038000E+01, 0.1326909E+04, 0.1029612E+04, 0.1029612E+04, 0.5733027E+03,
 0.8040000E+01, 0.1327496E+04, 0.1029997E+04, 0.1029997E+04, 0.5734939E+03,
 0.8042000E+01, 0.1328083E+04, 0.1030382E+04, 0.1030382E+04, 0.5736850E+03,
 0.8044000E+01, 0.1328669E+04, 0.1030767E+04, 0.1030767E+04, 0.5738759E+03,
 0.8046000E+01, 0.1329256E+04, 0.1031151E+04, 0.1031151E+04, 0.5740667E+03,
 0.8048000E+01, 0.1329842E+04, 0.1031535E+04, 0.1031535E+04, 0.5742574E+03,
 0.8050000E+01, 0.1330427E+04, 0.1031919E+04, 0.1031919E+04, 0.5744479E+03,
 0.8052000E+01, 0.1331013E+04, 0.1032303E+04, 0.1032303E+04, 0.5746383E+03,
 0.8054000E+01, 0.1331598E+04, 0.1032687E+04, 0.1032687E+04, 0.5748286E+03,
 0.8056000E+01, 0.1332183E+04, 0.1033070E+04, 0.1033070E+04, 0.5750187E+03,
 0.8058000E+01, 0.1332768E+04, 0.1033454E+04, 0.1033454E+04, 0.5752088E+03,
 0.8060000E+01, 0.1333353E+04, 0.1033837E+04, 0.1033837E+04, 0.5753987E+03,
 0.8062000E+01, 0.1333937E+04, 0.1034220E+04, 0.1034220E+04, 0.5755885E+03,
 0.8064000E+01, 0.1334522E+04, 0.1034603E+04, 0.1034603E+04, 0.5757781E+03,
 0.8066000E+01, 0.1335106E+04, 0.1034985E+04, 0.1034985E+04, 0.5759677E+03,
 0.8068000E+01, 0.1335689E+04, 0.1035367E+04, 0.1035367E+04, 0.5761570E+03,
 0.8070000E+01, 0.1336273E+04, 0.1035750E+04, 0.1035750E+04, 0.5763463E+03,
 0.8072000E+01, 0.1336856E+04, 0.1036132E+04, 0.1036132E+04, 0.5765355E+03,
 0.8074000E+01, 0.1337439E+04, 0.1036513E+04, 0.1036513E+04, 0.5767245E+03,
 0.8076000E+01, 0.1338022E+04, 0.1036895E+04, 0.1036895E+04, 0.5769134E+03,
 0.8078000E+01, 0.1338605E+04, 0.1037276E+04, 0.1037276E+04, 0.5771022E+03,
 0.8080000E+01, 0.1339187E+04, 0.1037658E+04, 0.1037658E+04, 0.5772908E+03,
 0.8082000E+01, 0.1339769E+04, 0.1038039E+04, 0.1038039E+04, 0.5774794E+03,
 0.8084000E+01, 0.1340351E+04, 0.1038420E+04, 0.1038420E+04, 0.5776678E+03,
 0.8086000E+01, 0.1340933E+04, 0.1038800E+04, 0.1038800E+04, 0.5778560E+03,
 0.8088000E+01, 0.1341514E+04, 0.1039181E+04, 0.1039181E+04, 0.5780442E+03,
 0.8090000E+01, 0.1342096E+04, 0.1039561E+04, 0.1039561E+04, 0.5782322E+03,
 0.8092000E+01, 0.1342677E+04, 0.1039942E+04, 0.1039942E+04, 0.5784202E+03,
 0.8094000E+01, 0.1343258E+04, 0.1040322E+04, 0.1040322E+04, 0.5786079E+03,
 0.8096000E+01, 0.1343838E+04, 0.1040701E+04, 0.1040701E+04, 0.5787956E+03,
 0.8098000E+01, 0.1344419E+04, 0.1041081E+04, 0.1041081E+04, 0.5789832E+03,
 0.8100000E+01, 0.1344999E+04, 0.1041460E+04, 0.1041460E+04, 0.5791706E+03,
 0.8102000E+01, 0.1345579E+04, 0.1041840E+04, 0.1041840E+04, 0.5793578E+03,
 0.8104000E+01, 0.1346158E+04, 0.1042219E+04, 0.1042219E+04, 0.5795450E+03,
 0.8106000E+01, 0.1346738E+04, 0.1042598E+04, 0.1042598E+04, 0.5797321E+03,
 0.8108000E+01, 0.1347317E+04, 0.1042977E+04, 0.1042977E+04, 0.5799190E+03,
 0.8110000E+01, 0.1347896E+04, 0.1043355E+04, 0.1043355E+04, 0.5801058E+03,
 0.8112000E+01, 0.1348475E+04, 0.1043734E+04, 0.1043734E+04, 0.5802925E+03,
 0.8114000E+01, 0.1349054E+04, 0.1044112E+04, 0.1044112E+04, 0.5804791E+03,
 0.8116000E+01, 0.1349632E+04, 0.1044490E+04, 0.1044490E+04, 0.5806656E+03,
 0.8118000E+01, 0.1350210E+04, 0.1044868E+04, 0.1044868E+04, 0.5808519E+03,
 0.8120000E+01, 0.1350788E+04, 0.1045245E+04, 0.1045245E+04, 0.5810381E+03,
 0.8122000E+01, 0.1351366E+04, 0.1045623E+04, 0.1045623E+04, 0.5812242E+03,
 0.8124000E+01, 0.1351943E+04, 0.1046000E+04, 0.1046000E+04, 0.5814102E+03,
 0.8126000E+01, 0.1352520E+04, 0.1046377E+04, 0.1046377E+04, 0.5815960E+03,
 0.8128000E+01, 0.1353098E+04, 0.1046754E+04, 0.1046754E+04, 0.5817817E+03,
 0.8130000E+01, 0.1353674E+04, 0.1047131E+04, 0.1047131E+04, 0.5819673E+03,
 0.8132000E+01, 0.1354251E+04, 0.1047508E+04, 0.1047508E+04, 0.5821528E+03,
 0.8134000E+01, 0.1354827E+04, 0.1047884E+04, 0.1047884E+04, 0.5823383E+03,
 0.8136000E+01, 0.1355403E+04, 0.1048261E+04, 0.1048261E+04, 0.5825235E+03,
 0.8138000E+01, 0.1355979E+04, 0.1048637E+04, 0.1048637E+04, 0.5827086E+03,
 0.8140000E+01, 0.1356555E+04, 0.1049013E+04, 0.1049013E+04, 0.5828937E+03,
 0.8142000E+01, 0.1357131E+04, 0.1049389E+04, 0.1049389E+04, 0.5830786E+03,
 0.8144000E+01, 0.1357706E+04, 0.1049764E+04, 0.1049764E+04, 0.5832634E+03,
 0.8146000E+01, 0.1358281E+04, 0.1050140E+04, 0.1050140E+04, 0.5834480E+03,
 0.8148000E+01, 0.1358856E+04, 0.1050515E+04, 0.1050515E+04, 0.5836326E+03,
 0.8150000E+01, 0.1359430E+04, 0.1050890E+04, 0.1050890E+04, 0.5838170E+03,
 0.8152000E+01, 0.1360005E+04, 0.1051265E+04, 0.1051265E+04, 0.5840013E+03,
 0.8154000E+01, 0.1360579E+04, 0.1051640E+04, 0.1051640E+04, 0.5841855E+03,
 0.8156000E+01, 0.1361153E+04, 0.1052014E+04, 0.1052014E+04, 0.5843696E+03,
 0.8158000E+01, 0.1361727E+04, 0.1052389E+04, 0.1052389E+04, 0.5845536E+03,
 0.8160000E+01, 0.1362300E+04, 0.1052763E+04, 0.1052763E+04, 0.5847374E+03,
 0.8162000E+01, 0.1362873E+04, 0.1053137E+04, 0.1053137E+04, 0.5849211E+03,
 0.8164000E+01, 0.1363446E+04, 0.1053511E+04, 0.1053511E+04, 0.5851047E+03,
 0.8166000E+01, 0.1364019E+04, 0.1053885E+04, 0.1053885E+04, 0.5852883E+03,
 0.8168000E+01, 0.1364592E+04, 0.1054258E+04, 0.1054258E+04, 0.5854716E+03,
 0.8170000E+01, 0.1365164E+04, 0.1054632E+04, 0.1054632E+04, 0.5856549E+03,
 0.8172000E+01, 0.1365736E+04, 0.1055005E+04, 0.1055005E+04, 0.5858381E+03,
 0.8174000E+01, 0.1366308E+04, 0.1055378E+04, 0.1055378E+04, 0.5860211E+03,
 0.8176000E+01, 0.1366880E+04, 0.1055751E+04, 0.1055751E+04, 0.5862040E+03,
 0.8178000E+01, 0.1367452E+04, 0.1056124E+04, 0.1056124E+04, 0.5863868E+03,
 0.8180000E+01, 0.1368023E+04, 0.1056496E+04, 0.1056496E+04, 0.5865695E+03,
 0.8182000E+01, 0.1368594E+04, 0.1056869E+04, 0.1056869E+04, 0.5867521E+03,
 0.8184000E+01, 0.1369165E+04, 0.1057241E+04, 0.1057241E+04, 0.5869346E+03,
 0.8186000E+01, 0.1369736E+04, 0.1057613E+04, 0.1057613E+04, 0.5871169E+03,
 0.8188000E+01, 0.1370306E+04, 0.1057985E+04, 0.1057985E+04, 0.5872992E+03,
 0.8190000E+01, 0.1370876E+04, 0.1058356E+04, 0.1058356E+04, 0.5874813E+03,
 0.8192000E+01, 0.1371446E+04, 0.1058728E+04, 0.1058728E+04, 0.5876633E+03,
 0.8194000E+01, 0.1372016E+04, 0.1059099E+04, 0.1059099E+04, 0.5878452E+03,
 0.8196000E+01, 0.1372586E+04, 0.1059471E+04, 0.1059471E+04, 0.5880270E+03,
 0.8198000E+01, 0.1373155E+04, 0.1059842E+04, 0.1059842E+04, 0.5882087E+03,
 0.8200000E+01, 0.1373724E+04, 0.1060213E+04, 0.1060213E+04, 0.5883902E+03,
 0.8202000E+01, 0.1374293E+04, 0.1060583E+04, 0.1060583E+04, 0.5885717E+03,
 0.8204000E+01, 0.1374862E+04, 0.1060954E+04, 0.1060954E+04, 0.5887530E+03,
 0.8206000E+01, 0.1375430E+04, 0.1061324E+04, 0.1061324E+04, 0.5889342E+03,
 0.8208000E+01, 0.1375998E+04, 0.1061695E+04, 0.1061695E+04, 0.5891153E+03,
 0.8210000E+01, 0.1376566E+04, 0.1062065E+04, 0.1062065E+04, 0.5892963E+03,
 0.8212000E+01, 0.1377134E+04, 0.1062435E+04, 0.1062435E+04, 0.5894772E+03,
 0.8214000E+01, 0.1377702E+04, 0.1062804E+04, 0.1062804E+04, 0.5896580E+03,
 0.8216000E+01, 0.1378269E+04, 0.1063174E+04, 0.1063174E+04, 0.5898386E+03,
 0.8218000E+01, 0.1378836E+04, 0.1063543E+04, 0.1063543E+04, 0.5900192E+03,
 0.8220000E+01, 0.1379403E+04, 0.1063913E+04, 0.1063913E+04, 0.5901996E+03,
 0.8222000E+01, 0.1379970E+04, 0.1064282E+04, 0.1064282E+04, 0.5903799E+03,
 0.8224000E+01, 0.1380536E+04, 0.1064651E+04, 0.1064651E+04, 0.5905601E+03,
 0.8226000E+01, 0.1381103E+04, 0.1065020E+04, 0.1065020E+04, 0.5907402E+03,
 0.8228000E+01, 0.1381669E+04, 0.1065388E+04, 0.1065388E+04, 0.5909202E+03,
 0.8230000E+01, 0.1382234E+04, 0.1065757E+04, 0.1065757E+04, 0.5911000E+03,
 0.8232000E+01, 0.1382800E+04, 0.1066125E+04, 0.1066125E+04, 0.5912798E+03,
 0.8234000E+01, 0.1383365E+04, 0.1066493E+04, 0.1066493E+04, 0.5914595E+03,
 0.8236000E+01, 0.1383931E+04, 0.1066861E+04, 0.1066861E+04, 0.5916390E+03,
 0.8238000E+01, 0.1384495E+04, 0.1067229E+04, 0.1067229E+04, 0.5918185E+03,
 0.8240000E+01, 0.1385060E+04, 0.1067596E+04, 0.1067596E+04, 0.5919978E+03,
 0.8242000E+01, 0.1385625E+04, 0.1067964E+04, 0.1067964E+04, 0.5921770E+03,
 0.8244000E+01, 0.1386189E+04, 0.1068331E+04, 0.1068331E+04, 0.5923561E+03,
 0.8246000E+01, 0.1386753E+04, 0.1068698E+04, 0.1068698E+04, 0.5925351E+03,
 0.8248000E+01, 0.1387317E+04, 0.1069065E+04, 0.1069065E+04, 0.5927140E+03,
 0.8250000E+01, 0.1387881E+04, 0.1069432E+04, 0.1069432E+04, 0.5928927E+03,
 0.8252000E+01, 0.1388444E+04, 0.1069799E+04, 0.1069799E+04, 0.5930714E+03,
 0.8254000E+01, 0.1389007E+04, 0.1070165E+04, 0.1070165E+04, 0.5932499E+03,
 0.8256000E+01, 0.1389570E+04, 0.1070532E+04, 0.1070532E+04, 0.5934284E+03,
 0.8258000E+01, 0.1390133E+04, 0.1070898E+04, 0.1070898E+04, 0.5936067E+03,
 0.8260000E+01, 0.1390695E+04, 0.1071264E+04, 0.1071264E+04, 0.5937849E+03,
 0.8262000E+01, 0.1391258E+04, 0.1071630E+04, 0.1071630E+04, 0.5939631E+03,
 0.8264000E+01, 0.1391820E+04, 0.1071996E+04, 0.1071996E+04, 0.5941411E+03,
 0.8266000E+01, 0.1392382E+04, 0.1072361E+04, 0.1072361E+04, 0.5943190E+03,
 0.8268000E+01, 0.1392943E+04, 0.1072727E+04, 0.1072727E+04, 0.5944968E+03,
 0.8270000E+01, 0.1393505E+04, 0.1073092E+04, 0.1073092E+04, 0.5946744E+03,
 0.8272000E+01, 0.1394066E+04, 0.1073457E+04, 0.1073457E+04, 0.5948520E+03,
 0.8274000E+01, 0.1394627E+04, 0.1073822E+04, 0.1073822E+04, 0.5950295E+03,
 0.8276000E+01, 0.1395188E+04, 0.1074187E+04, 0.1074187E+04, 0.5952068E+03,
 0.8278000E+01, 0.1395748E+04, 0.1074551E+04, 0.1074551E+04, 0.5953840E+03,
 0.8280000E+01, 0.1396309E+04, 0.1074916E+04, 0.1074916E+04, 0.5955612E+03,
 0.8282000E+01, 0.1396869E+04, 0.1075280E+04, 0.1075280E+04, 0.5957382E+03,
 0.8284000E+01, 0.1397429E+04, 0.1075644E+04, 0.1075644E+04, 0.5959152E+03,
 0.8286000E+01, 0.1397989E+04, 0.1076008E+04, 0.1076008E+04, 0.5960920E+03,
 0.8288000E+01, 0.1398548E+04, 0.1076372E+04, 0.1076372E+04, 0.5962687E+03,
 0.8290000E+01, 0.1399107E+04, 0.1076735E+04, 0.1076735E+04, 0.5964453E+03,
 0.8292000E+01, 0.1399666E+04, 0.1077099E+04, 0.1077099E+04, 0.5966218E+03,
 0.8294000E+01, 0.1400225E+04, 0.1077462E+04, 0.1077462E+04, 0.5967982E+03,
 0.8296000E+01, 0.1400784E+04, 0.1077825E+04, 0.1077825E+04, 0.5969744E+03,
 0.8298000E+01, 0.1401342E+04, 0.1078188E+04, 0.1078188E+04, 0.5971506E+03,
 0.8300000E+01, 0.1401900E+04, 0.1078551E+04, 0.1078551E+04, 0.5973267E+03,
 0.8302000E+01, 0.1402458E+04, 0.1078914E+04, 0.1078914E+04, 0.5975026E+03,
 0.8304000E+01, 0.1403016E+04, 0.1079277E+04, 0.1079277E+04, 0.5976785E+03,
 0.8306000E+01, 0.1403573E+04, 0.1079639E+04, 0.1079639E+04, 0.5978542E+03,
 0.8308000E+01, 0.1404131E+04, 0.1080001E+04, 0.1080001E+04, 0.5980298E+03,
 0.8310000E+01, 0.1404688E+04, 0.1080363E+04, 0.1080363E+04, 0.5982054E+03,
 0.8312000E+01, 0.1405245E+04, 0.1080725E+04, 0.1080725E+04, 0.5983808E+03,
 0.8314000E+01, 0.1405801E+04, 0.1081087E+04, 0.1081087E+04, 0.5985561E+03,
 0.8316000E+01, 0.1406358E+04, 0.1081449E+04, 0.1081449E+04, 0.5987313E+03,
 0.8318000E+01, 0.1406914E+04, 0.1081810E+04, 0.1081810E+04, 0.5989064E+03,
 0.8320000E+01, 0.1407470E+04, 0.1082172E+04, 0.1082172E+04, 0.5990814E+03,
 0.8322000E+01, 0.1408026E+04, 0.1082533E+04, 0.1082533E+04, 0.5992563E+03,
 0.8324000E+01, 0.1408581E+04, 0.1082894E+04, 0.1082894E+04, 0.5994311E+03,
 0.8326000E+01, 0.1409136E+04, 0.1083255E+04, 0.1083255E+04, 0.5996058E+03,
 0.8328000E+01, 0.1409691E+04, 0.1083615E+04, 0.1083615E+04, 0.5997804E+03,
 0.8330000E+01, 0.1410246E+04, 0.1083976E+04, 0.1083976E+04, 0.5999548E+03,
 0.8332000E+01, 0.1410801E+04, 0.1084336E+04, 0.1084336E+04, 0.6001292E+03,
 0.8334000E+01, 0.1411355E+04, 0.1084696E+04, 0.1084696E+04, 0.6003035E+03,
 0.8336000E+01, 0.1411910E+04, 0.1085056E+04, 0.1085056E+04, 0.6004776E+03,
 0.8338000E+01, 0.1412464E+04, 0.1085416E+04, 0.1085416E+04, 0.6006517E+03,
 0.8340000E+01, 0.1413017E+04, 0.1085776E+04, 0.1085776E+04, 0.6008256E+03,
 0.8342000E+01, 0.1413571E+04, 0.1086136E+04, 0.1086136E+04, 0.6009995E+03,
 0.8344000E+01, 0.1414124E+04, 0.1086495E+04, 0.1086495E+04, 0.6011732E+03,
 0.8346000E+01, 0.1414677E+04, 0.1086854E+04, 0.1086854E+04, 0.6013468E+03,
 0.8348000E+01, 0.1415230E+04, 0.1087214E+04, 0.1087214E+04, 0.6015203E+03,
 0.8350000E+01, 0.1415783E+04, 0.1087573E+04, 0.1087573E+04, 0.6016938E+03,
 0.8352000E+01, 0.1416335E+04, 0.1087931E+04, 0.1087931E+04, 0.6018671E+03,
 0.8354000E+01, 0.1416887E+04, 0.1088290E+04, 0.1088290E+04, 0.6020403E+03,
 0.8356000E+01, 0.1417439E+04, 0.1088648E+04, 0.1088648E+04, 0.6022134E+03,
 0.8358000E+01, 0.1417991E+04, 0.1089007E+04, 0.1089007E+04, 0.6023864E+03,
 0.8360000E+01, 0.1418543E+04, 0.1089365E+04, 0.1089365E+04, 0.6025593E+03,
 0.8362000E+01, 0.1419094E+04, 0.1089723E+04, 0.1089723E+04, 0.6027321E+03,
 0.8364000E+01, 0.1419645E+04, 0.1090081E+04, 0.1090081E+04, 0.6029048E+03,
 0.8366000E+01, 0.1420196E+04, 0.1090439E+04, 0.1090439E+04, 0.6030774E+03,
 0.8368000E+01, 0.1420747E+04, 0.1090796E+04, 0.1090796E+04, 0.6032499E+03,
 0.8370000E+01, 0.1421297E+04, 0.1091154E+04, 0.1091154E+04, 0.6034222E+03,
 0.8372000E+01, 0.1421848E+04, 0.1091511E+04, 0.1091511E+04, 0.6035945E+03,
 0.8374000E+01, 0.1422397E+04, 0.1091868E+04, 0.1091868E+04, 0.6037667E+03,
 0.8376000E+01, 0.1422947E+04, 0.1092225E+04, 0.1092225E+04, 0.6039388E+03,
 0.8378000E+01, 0.1423497E+04, 0.1092582E+04, 0.1092582E+04, 0.6041107E+03,
 0.8380000E+01, 0.1424046E+04, 0.1092939E+04, 0.1092939E+04, 0.6042826E+03,
 0.8382000E+01, 0.1424595E+04, 0.1093295E+04, 0.1093295E+04, 0.6044543E+03,
 0.8384000E+01, 0.1425144E+04, 0.1093652E+04, 0.1093652E+04, 0.6046260E+03,
 0.8386000E+01, 0.1425693E+04, 0.1094008E+04, 0.1094008E+04, 0.6047975E+03,
 0.8388000E+01, 0.1426241E+04, 0.1094364E+04, 0.1094364E+04, 0.6049690E+03,
 0.8390000E+01, 0.1426790E+04, 0.1094720E+04, 0.1094720E+04, 0.6051403E+03,
 0.8392000E+01, 0.1427338E+04, 0.1095076E+04, 0.1095076E+04, 0.6053116E+03,
 0.8394000E+01, 0.1427885E+04, 0.1095431E+04, 0.1095431E+04, 0.6054827E+03,
 0.8396000E+01, 0.1428433E+04, 0.1095787E+04, 0.1095787E+04, 0.6056537E+03,
 0.8398000E+01, 0.1428980E+04, 0.1096142E+04, 0.1096142E+04, 0.6058247E+03,
 0.8400000E+01, 0.1429527E+04, 0.1096497E+04, 0.1096497E+04, 0.6059955E+03,
 0.8402000E+01, 0.1430074E+04, 0.1096852E+04, 0.1096852E+04, 0.6061663E+03,
 0.8404000E+01, 0.1430621E+04, 0.1097207E+04, 0.1097207E+04, 0.6063369E+03,
 0.8406000E+01, 0.1431167E+04, 0.1097562E+04, 0.1097562E+04, 0.6065074E+03,
 0.8408000E+01, 0.1431714E+04, 0.1097916E+04, 0.1097916E+04, 0.6066778E+03,
 0.8410000E+01, 0.1432260E+04, 0.1098271E+04, 0.1098271E+04, 0.6068481E+03,
 0.8412000E+01, 0.1432806E+04, 0.1098625E+04, 0.1098625E+04, 0.6070184E+03,
 0.8414000E+01, 0.1433351E+04, 0.1098979E+04, 0.1098979E+04, 0.6071885E+03,
 0.8416000E+01, 0.1433896E+04, 0.1099333E+04, 0.1099333E+04, 0.6073585E+03,
 0.8418000E+01, 0.1434442E+04, 0.1099687E+04, 0.1099687E+04, 0.6075284E+03,
 0.8420000E+01, 0.1434987E+04, 0.1100040E+04, 0.1100040E+04, 0.6076982E+03,
 0.8422000E+01, 0.1435531E+04, 0.1100394E+04, 0.1100394E+04, 0.6078679E+03,
 0.8424000E+01, 0.1436076E+04, 0.1100747E+04, 0.1100747E+04, 0.6080375E+03,
 0.8426000E+01, 0.1436620E+04, 0.1101100E+04, 0.1101100E+04, 0.6082070E+03,
 0.8428000E+01, 0.1437164E+04, 0.1101453E+04, 0.1101453E+04, 0.6083764E+03,
 0.8430000E+01, 0.1437708E+04, 0.1101806E+04, 0.1101806E+04, 0.6085457E+03,
 0.8432000E+01, 0.1438251E+04, 0.1102159E+04, 0.1102159E+04, 0.6087149E+03,
 0.8434000E+01, 0.1438795E+04, 0.1102511E+04, 0.1102511E+04, 0.6088840E+03,
 0.8436000E+01, 0.1439338E+04, 0.1102864E+04, 0.1102864E+04, 0.6090530E+03,
 0.8438000E+01, 0.1439881E+04, 0.1103216E+04, 0.1103216E+04, 0.6092219E+03,
 0.8440000E+01, 0.1440423E+04, 0.1103568E+04, 0.1103568E+04, 0.6093907E+03,
 0.8442000E+01, 0.1440966E+04, 0.1103920E+04, 0.1103920E+04, 0.6095594E+03,
 0.8444000E+01, 0.1441508E+04, 0.1104272E+04, 0.1104272E+04, 0.6097280E+03,
 0.8446000E+01, 0.1442050E+04, 0.1104623E+04, 0.1104623E+04, 0.6098965E+03,
 0.8448000E+01, 0.1442592E+04, 0.1104975E+04, 0.1104975E+04, 0.6100649E+03,
 0.8450000E+01, 0.1443133E+04, 0.1105326E+04, 0.1105326E+04, 0.6102332E+03,
 0.8452000E+01, 0.1443675E+04, 0.1105677E+04, 0.1105677E+04, 0.6104014E+03,
 0.8454000E+01, 0.1444216E+04, 0.1106029E+04, 0.1106029E+04, 0.6105695E+03,
 0.8456000E+01, 0.1444757E+04, 0.1106380E+04, 0.1106380E+04, 0.6107374E+03,
 0.8458000E+01, 0.1445297E+04, 0.1106730E+04, 0.1106730E+04, 0.6109053E+03,
 0.8460000E+01, 0.1445838E+04, 0.1107081E+04, 0.1107081E+04, 0.6110731E+03,
 0.8462000E+01, 0.1446378E+04, 0.1107431E+04, 0.1107431E+04, 0.6112408E+03,
 0.8464000E+01, 0.1446918E+04, 0.1107781E+04, 0.1107781E+04, 0.6114083E+03,
 0.8466000E+01, 0.1447458E+04, 0.1108132E+04, 0.1108132E+04, 0.6115758E+03,
 0.8468000E+01, 0.1447997E+04, 0.1108482E+04, 0.1108482E+04, 0.6117432E+03,
 0.8470000E+01, 0.1448536E+04, 0.1108832E+04, 0.1108832E+04, 0.6119105E+03,
 0.8472000E+01, 0.1449076E+04, 0.1109181E+04, 0.1109181E+04, 0.6120777E+03,
 0.8474000E+01, 0.1449614E+04, 0.1109531E+04, 0.1109531E+04, 0.6122448E+03,
 0.8476000E+01, 0.1450153E+04, 0.1109880E+04, 0.1109880E+04, 0.6124117E+03,
 0.8478000E+01, 0.1450691E+04, 0.1110229E+04, 0.1110229E+04, 0.6125786E+03,
 0.8480000E+01, 0.1451230E+04, 0.1110578E+04, 0.1110578E+04, 0.6127454E+03,
 0.8482000E+01, 0.1451768E+04, 0.1110927E+04, 0.1110927E+04, 0.6129120E+03,
 0.8484000E+01, 0.1452305E+04, 0.1111276E+04, 0.1111276E+04, 0.6130787E+03,
 0.8486000E+01, 0.1452843E+04, 0.1111625E+04, 0.1111625E+04, 0.6132451E+03,
 0.8488000E+01, 0.1453380E+04, 0.1111973E+04, 0.1111973E+04, 0.6134115E+03,
 0.8490000E+01, 0.1453917E+04, 0.1112322E+04, 0.1112322E+04, 0.6135778E+03,
 0.8492000E+01, 0.1454454E+04, 0.1112670E+04, 0.1112670E+04, 0.6137440E+03,
 0.8494000E+01, 0.1454990E+04, 0.1113018E+04, 0.1113018E+04, 0.6139100E+03,
 0.8496000E+01, 0.1455527E+04, 0.1113366E+04, 0.1113366E+04, 0.6140760E+03,
 0.8498000E+01, 0.1456063E+04, 0.1113714E+04, 0.1113714E+04, 0.6142419E+03,
 0.8500000E+01, 0.1456599E+04, 0.1114061E+04, 0.1114061E+04, 0.6144077E+03,
 0.8502000E+01, 0.1457135E+04, 0.1114408E+04, 0.1114408E+04, 0.6145734E+03,
 0.8504000E+01, 0.1457670E+04, 0.1114756E+04, 0.1114756E+04, 0.6147390E+03,
 0.8506000E+01, 0.1458205E+04, 0.1115103E+04, 0.1115103E+04, 0.6149044E+03,
 0.8508000E+01, 0.1458740E+04, 0.1115450E+04, 0.1115450E+04, 0.6150698E+03,
 0.8510000E+01, 0.1459275E+04, 0.1115797E+04, 0.1115797E+04, 0.6152351E+03,
 0.8512000E+01, 0.1459810E+04, 0.1116143E+04, 0.1116143E+04, 0.6154003E+03,
 0.8514000E+01, 0.1460344E+04, 0.1116490E+04, 0.1116490E+04, 0.6155654E+03,
 0.8516000E+01, 0.1460878E+04, 0.1116836E+04, 0.1116836E+04, 0.6157303E+03,
 0.8518000E+01, 0.1461412E+04, 0.1117182E+04, 0.1117182E+04, 0.6158953E+03,
 0.8520000E+01, 0.1461946E+04, 0.1117529E+04, 0.1117529E+04, 0.6160601E+03,
 0.8522000E+01, 0.1462479E+04, 0.1117875E+04, 0.1117875E+04, 0.6162247E+03,
 0.8524000E+01, 0.1463012E+04, 0.1118220E+04, 0.1118220E+04, 0.6163893E+03,
 0.8526000E+01, 0.1463545E+04, 0.1118566E+04, 0.1118566E+04, 0.6165538E+03,
 0.8528000E+01, 0.1464078E+04, 0.1118911E+04, 0.1118911E+04, 0.6167182E+03,
 0.8530000E+01, 0.1464610E+04, 0.1119257E+04, 0.1119257E+04, 0.6168825E+03,
 0.8532000E+01, 0.1465143E+04, 0.1119602E+04, 0.1119602E+04, 0.6170467E+03,
 0.8534000E+01, 0.1465675E+04, 0.1119947E+04, 0.1119947E+04, 0.6172108E+03,
 0.8536000E+01, 0.1466207E+04, 0.1120292E+04, 0.1120292E+04, 0.6173748E+03,
 0.8538000E+01, 0.1466738E+04, 0.1120636E+04, 0.1120636E+04, 0.6175387E+03,
 0.8540000E+01, 0.1467270E+04, 0.1120981E+04, 0.1120981E+04, 0.6177025E+03,
 0.8542000E+01, 0.1467801E+04, 0.1121325E+04, 0.1121325E+04, 0.6178662E+03,
 0.8544000E+01, 0.1468332E+04, 0.1121670E+04, 0.1121670E+04, 0.6180298E+03,
 0.8546000E+01, 0.1468862E+04, 0.1122014E+04, 0.1122014E+04, 0.6181933E+03,
 0.8548000E+01, 0.1469393E+04, 0.1122358E+04, 0.1122358E+04, 0.6183567E+03,
 0.8550000E+01, 0.1469923E+04, 0.1122702E+04, 0.1122702E+04, 0.6185200E+03,
 0.8552000E+01, 0.1470453E+04, 0.1123045E+04, 0.1123045E+04, 0.6186832E+03,
 0.8554000E+01, 0.1470983E+04, 0.1123389E+04, 0.1123389E+04, 0.6188463E+03,
 0.8556000E+01, 0.1471512E+04, 0.1123732E+04, 0.1123732E+04, 0.6190093E+03,
 0.8558000E+01, 0.1472042E+04, 0.1124075E+04, 0.1124075E+04, 0.6191722E+03,
 0.8560000E+01, 0.1472571E+04, 0.1124418E+04, 0.1124418E+04, 0.6193351E+03,
 0.8562000E+01, 0.1473099E+04, 0.1124761E+04, 0.1124761E+04, 0.6194978E+03,
 0.8564000E+01, 0.1473628E+04, 0.1125104E+04, 0.1125104E+04, 0.6196604E+03,
 0.8566000E+01, 0.1474157E+04, 0.1125447E+04, 0.1125447E+04, 0.6198229E+03,
 0.8568000E+01, 0.1474685E+04, 0.1125789E+04, 0.1125789E+04, 0.6199854E+03,
 0.8570000E+01, 0.1475213E+04, 0.1126132E+04, 0.1126132E+04, 0.6201477E+03,
 0.8572000E+01, 0.1475740E+04, 0.1126474E+04, 0.1126474E+04, 0.6203099E+03,
 0.8574000E+01, 0.1476268E+04, 0.1126816E+04, 0.1126816E+04, 0.6204720E+03,
 0.8576000E+01, 0.1476795E+04, 0.1127158E+04, 0.1127158E+04, 0.6206341E+03,
 0.8578000E+01, 0.1477322E+04, 0.1127499E+04, 0.1127499E+04, 0.6207960E+03,
 0.8580000E+01, 0.1477849E+04, 0.1127841E+04, 0.1127841E+04, 0.6209578E+03,
 0.8582000E+01, 0.1478375E+04, 0.1128182E+04, 0.1128182E+04, 0.6211196E+03,
 0.8584000E+01, 0.1478902E+04, 0.1128524E+04, 0.1128524E+04, 0.6212812E+03,
 0.8586000E+01, 0.1479428E+04, 0.1128865E+04, 0.1128865E+04, 0.6214427E+03,
 0.8588000E+01, 0.1479954E+04, 0.1129206E+04, 0.1129206E+04, 0.6216042E+03,
 0.8590000E+01, 0.1480479E+04, 0.1129547E+04, 0.1129547E+04, 0.6217656E+03,
 0.8592000E+01, 0.1481005E+04, 0.1129887E+04, 0.1129887E+04, 0.6219268E+03,
 0.8594000E+01, 0.1481530E+04, 0.1130228E+04, 0.1130228E+04, 0.6220880E+03,
 0.8596000E+01, 0.1482055E+04, 0.1130568E+04, 0.1130568E+04, 0.6222490E+03,
 0.8598000E+01, 0.1482579E+04, 0.1130908E+04, 0.1130908E+04, 0.6224100E+03,
 0.8600000E+01, 0.1483104E+04, 0.1131248E+04, 0.1131248E+04, 0.6225708E+03,
 0.8602000E+01, 0.1483628E+04, 0.1131588E+04, 0.1131588E+04, 0.6227316E+03,
 0.8604000E+01, 0.1484152E+04, 0.1131928E+04, 0.1131928E+04, 0.6228923E+03,
 0.8606000E+01, 0.1484676E+04, 0.1132268E+04, 0.1132268E+04, 0.6230528E+03,
 0.8608000E+01, 0.1485199E+04, 0.1132607E+04, 0.1132607E+04, 0.6232133E+03,
 0.8610000E+01, 0.1485723E+04, 0.1132946E+04, 0.1132946E+04, 0.6233737E+03,
 0.8612000E+01, 0.1486246E+04, 0.1133286E+04, 0.1133286E+04, 0.6235339E+03,
 0.8614000E+01, 0.1486769E+04, 0.1133625E+04, 0.1133625E+04, 0.6236941E+03,
 0.8616000E+01, 0.1487291E+04, 0.1133963E+04, 0.1133963E+04, 0.6238542E+03,
 0.8618000E+01, 0.1487814E+04, 0.1134302E+04, 0.1134302E+04, 0.6240142E+03,
 0.8620000E+01, 0.1488336E+04, 0.1134641E+04, 0.1134641E+04, 0.6241741E+03,
 0.8622000E+01, 0.1488858E+04, 0.1134979E+04, 0.1134979E+04, 0.6243339E+03,
 0.8624000E+01, 0.1489379E+04, 0.1135317E+04, 0.1135317E+04, 0.6244935E+03,
 0.8626000E+01, 0.1489901E+04, 0.1135655E+04, 0.1135655E+04, 0.6246531E+03,
 0.8628000E+01, 0.1490422E+04, 0.1135993E+04, 0.1135993E+04, 0.6248126E+03,
 0.8630000E+01, 0.1490943E+04, 0.1136331E+04, 0.1136331E+04, 0.6249720E+03,
 0.8632000E+01, 0.1491464E+04, 0.1136669E+04, 0.1136669E+04, 0.6251313E+03,
 0.8634000E+01, 0.1491984E+04, 0.1137006E+04, 0.1137006E+04, 0.6252905E+03,
 0.8636000E+01, 0.1492505E+04, 0.1137344E+04, 0.1137344E+04, 0.6254496E+03,
 0.8638000E+01, 0.1493025E+04, 0.1137681E+04, 0.1137681E+04, 0.6256087E+03,
 0.8640000E+01, 0.1493544E+04, 0.1138018E+04, 0.1138018E+04, 0.6257676E+03,
 0.8642000E+01, 0.1494064E+04, 0.1138355E+04, 0.1138355E+04, 0.6259264E+03,
 0.8644000E+01, 0.1494583E+04, 0.1138692E+04, 0.1138692E+04, 0.6260851E+03,
 0.8646000E+01, 0.1495102E+04, 0.1139028E+04, 0.1139028E+04, 0.6262438E+03,
 0.8648000E+01, 0.1495621E+04, 0.1139365E+04, 0.1139365E+04, 0.6264023E+03,
 0.8650000E+01, 0.1496140E+04, 0.1139701E+04, 0.1139701E+04, 0.6265607E+03,
 0.8652000E+01, 0.1496658E+04, 0.1140037E+04, 0.1140037E+04, 0.6267191E+03,
 0.8654000E+01, 0.1497177E+04, 0.1140373E+04, 0.1140373E+04, 0.6268773E+03,
 0.8656000E+01, 0.1497694E+04, 0.1140709E+04, 0.1140709E+04, 0.6270355E+03,
 0.8658000E+01, 0.1498212E+04, 0.1141045E+04, 0.1141045E+04, 0.6271935E+03,
 0.8660000E+01, 0.1498730E+04, 0.1141380E+04, 0.1141380E+04, 0.6273514E+03,
 0.8662000E+01, 0.1499247E+04, 0.1141716E+04, 0.1141716E+04, 0.6275093E+03,
 0.8664000E+01, 0.1499764E+04, 0.1142051E+04, 0.1142051E+04, 0.6276671E+03,
 0.8666000E+01, 0.1500281E+04, 0.1142386E+04, 0.1142386E+04, 0.6278247E+03,
 0.8668000E+01, 0.1500797E+04, 0.1142721E+04, 0.1142721E+04, 0.6279823E+03,
 0.8670000E+01, 0.1501313E+04, 0.1143056E+04, 0.1143056E+04, 0.6281398E+03,
 0.8672000E+01, 0.1501829E+04, 0.1143390E+04, 0.1143390E+04, 0.6282971E+03,
 0.8674000E+01, 0.1502345E+04, 0.1143725E+04, 0.1143725E+04, 0.6284544E+03,
 0.8676000E+01, 0.1502861E+04, 0.1144059E+04, 0.1144059E+04, 0.6286116E+03,
 0.8678000E+01, 0.1503376E+04, 0.1144393E+04, 0.1144393E+04, 0.6287687E+03,
 0.8680000E+01, 0.1503891E+04, 0.1144727E+04, 0.1144727E+04, 0.6289257E+03,
 0.8682000E+01, 0.1504406E+04, 0.1145061E+04, 0.1145061E+04, 0.6290826E+03,
 0.8684000E+01, 0.1504921E+04, 0.1145395E+04, 0.1145395E+04, 0.6292394E+03,
 0.8686000E+01, 0.1505435E+04, 0.1145729E+04, 0.1145729E+04, 0.6293961E+03,
 0.8688000E+01, 0.1505949E+04, 0.1146062E+04, 0.1146062E+04, 0.6295527E+03,
 0.8690000E+01, 0.1506463E+04, 0.1146395E+04, 0.1146395E+04, 0.6297092E+03,
 0.8692000E+01, 0.1506977E+04, 0.1146729E+04, 0.1146729E+04, 0.6298656E+03,
 0.8694000E+01, 0.1507490E+04, 0.1147062E+04, 0.1147062E+04, 0.6300219E+03,
 0.8696000E+01, 0.1508004E+04, 0.1147394E+04, 0.1147394E+04, 0.6301781E+03,
 0.8698000E+01, 0.1508517E+04, 0.1147727E+04, 0.1147727E+04, 0.6303342E+03,
 0.8700000E+01, 0.1509029E+04, 0.1148060E+04, 0.1148060E+04, 0.6304903E+03,
 0.8702000E+01, 0.1509542E+04, 0.1148392E+04, 0.1148392E+04, 0.6306462E+03,
 0.8704000E+01, 0.1510054E+04, 0.1148724E+04, 0.1148724E+04, 0.6308021E+03,
 0.8706000E+01, 0.1510566E+04, 0.1149056E+04, 0.1149056E+04, 0.6309578E+03,
 0.8708000E+01, 0.1511078E+04, 0.1149388E+04, 0.1149388E+04, 0.6311134E+03,
 0.8710000E+01, 0.1511590E+04, 0.1149720E+04, 0.1149720E+04, 0.6312690E+03,
 0.8712000E+01, 0.1512101E+04, 0.1150052E+04, 0.1150052E+04, 0.6314244E+03,
 0.8714000E+01, 0.1512612E+04, 0.1150383E+04, 0.1150383E+04, 0.6315798E+03,
 0.8716000E+01, 0.1513123E+04, 0.1150714E+04, 0.1150714E+04, 0.6317350E+03,
 0.8718000E+01, 0.1513633E+04, 0.1151046E+04, 0.1151046E+04, 0.6318902E+03,
 0.8720000E+01, 0.1514144E+04, 0.1151377E+04, 0.1151377E+04, 0.6320453E+03,
 0.8722000E+01, 0.1514654E+04, 0.1151707E+04, 0.1151707E+04, 0.6322003E+03,
 0.8724000E+01, 0.1515164E+04, 0.1152038E+04, 0.1152038E+04, 0.6323552E+03,
 0.8726000E+01, 0.1515673E+04, 0.1152369E+04, 0.1152369E+04, 0.6325099E+03,
 0.8728000E+01, 0.1516183E+04, 0.1152699E+04, 0.1152699E+04, 0.6326646E+03,
 0.8730000E+01, 0.1516692E+04, 0.1153029E+04, 0.1153029E+04, 0.6328192E+03,
 0.8732000E+01, 0.1517201E+04, 0.1153359E+04, 0.1153359E+04, 0.6329737E+03,
 0.8734000E+01, 0.1517710E+04, 0.1153689E+04, 0.1153689E+04, 0.6331281E+03,
 0.8736000E+01, 0.1518218E+04, 0.1154019E+04, 0.1154019E+04, 0.6332824E+03,
 0.8738000E+01, 0.1518726E+04, 0.1154349E+04, 0.1154349E+04, 0.6334366E+03,
 0.8740000E+01, 0.1519234E+04, 0.1154678E+04, 0.1154678E+04, 0.6335908E+03,
 0.8742000E+01, 0.1519742E+04, 0.1155008E+04, 0.1155008E+04, 0.6337448E+03,
 0.8744000E+01, 0.1520250E+04, 0.1155337E+04, 0.1155337E+04, 0.6338987E+03,
 0.8746000E+01, 0.1520757E+04, 0.1155666E+04, 0.1155666E+04, 0.6340526E+03,
 0.8748000E+01, 0.1521264E+04, 0.1155995E+04, 0.1155995E+04, 0.6342062E+03,
 0.8750000E+01, 0.1521771E+04, 0.1156324E+04, 0.1156324E+04, 0.6343599E+03,
 0.8752000E+01, 0.1522277E+04, 0.1156652E+04, 0.1156652E+04, 0.6345134E+03,
 0.8754000E+01, 0.1522784E+04, 0.1156981E+04, 0.1156981E+04, 0.6346669E+03,
 0.8756000E+01, 0.1523290E+04, 0.1157309E+04, 0.1157309E+04, 0.6348203E+03,
 0.8758000E+01, 0.1523795E+04, 0.1157637E+04, 0.1157637E+04, 0.6349735E+03,
 0.8760000E+01, 0.1524301E+04, 0.1157965E+04, 0.1157965E+04, 0.6351266E+03,
 0.8762000E+01, 0.1524806E+04, 0.1158293E+04, 0.1158293E+04, 0.6352797E+03,
 0.8764000E+01, 0.1525311E+04, 0.1158621E+04, 0.1158621E+04, 0.6354327E+03,
 0.8766000E+01, 0.1525816E+04, 0.1158948E+04, 0.1158948E+04, 0.6355856E+03,
 0.8768000E+01, 0.1526321E+04, 0.1159276E+04, 0.1159276E+04, 0.6357384E+03,
 0.8770000E+01, 0.1526825E+04, 0.1159603E+04, 0.1159603E+04, 0.6358911E+03,
 0.8772000E+01, 0.1527329E+04, 0.1159930E+04, 0.1159930E+04, 0.6360436E+03,
 0.8774000E+01, 0.1527833E+04, 0.1160257E+04, 0.1160257E+04, 0.6361962E+03,
 0.8776000E+01, 0.1528337E+04, 0.1160583E+04, 0.1160583E+04, 0.6363486E+03,
 0.8778000E+01, 0.1528840E+04, 0.1160910E+04, 0.1160910E+04, 0.6365009E+03,
 0.8780000E+01, 0.1529344E+04, 0.1161237E+04, 0.1161237E+04, 0.6366531E+03,
 0.8782000E+01, 0.1529846E+04, 0.1161563E+04, 0.1161563E+04, 0.6368052E+03,
 0.8784000E+01, 0.1530349E+04, 0.1161889E+04, 0.1161889E+04, 0.6369572E+03,
 0.8786000E+01, 0.1530852E+04, 0.1162215E+04, 0.1162215E+04, 0.6371092E+03,
 0.8788000E+01, 0.1531354E+04, 0.1162541E+04, 0.1162541E+04, 0.6372610E+03,
 0.8790000E+01, 0.1531856E+04, 0.1162867E+04, 0.1162867E+04, 0.6374127E+03,
 0.8792000E+01, 0.1532357E+04, 0.1163192E+04, 0.1163192E+04, 0.6375644E+03,
 0.8794000E+01, 0.1532859E+04, 0.1163518E+04, 0.1163518E+04, 0.6377159E+03,
 0.8796000E+01, 0.1533360E+04, 0.1163843E+04, 0.1163843E+04, 0.6378674E+03,
 0.8798000E+01, 0.1533861E+04, 0.1164168E+04, 0.1164168E+04, 0.6380187E+03,
 0.8800000E+01, 0.1534362E+04, 0.1164493E+04, 0.1164493E+04, 0.6381700E+03,
 0.8802000E+01, 0.1534862E+04, 0.1164818E+04, 0.1164818E+04, 0.6383212E+03,
 0.8804000E+01, 0.1535363E+04, 0.1165142E+04, 0.1165142E+04, 0.6384723E+03,
 0.8806000E+01, 0.1535863E+04, 0.1165467E+04, 0.1165467E+04, 0.6386232E+03,
 0.8808000E+01, 0.1536362E+04, 0.1165791E+04, 0.1165791E+04, 0.6387741E+03,
 0.8810000E+01, 0.1536862E+04, 0.1166115E+04, 0.1166115E+04, 0.6389249E+03,
 0.8812000E+01, 0.1537361E+04, 0.1166439E+04, 0.1166439E+04, 0.6390756E+03,
 0.8814000E+01, 0.1537860E+04, 0.1166763E+04, 0.1166763E+04, 0.6392263E+03,
 0.8816000E+01, 0.1538359E+04, 0.1167087E+04, 0.1167087E+04, 0.6393767E+03,
 0.8818000E+01, 0.1538858E+04, 0.1167410E+04, 0.1167410E+04, 0.6395272E+03,
 0.8820000E+01, 0.1539356E+04, 0.1167734E+04, 0.1167734E+04, 0.6396775E+03,
 0.8822000E+01, 0.1539854E+04, 0.1168057E+04, 0.1168057E+04, 0.6398277E+03,
 0.8824000E+01, 0.1540352E+04, 0.1168380E+04, 0.1168380E+04, 0.6399778E+03,
 0.8826000E+01, 0.1540849E+04, 0.1168703E+04, 0.1168703E+04, 0.6401279E+03,
 0.8828000E+01, 0.1541347E+04, 0.1169026E+04, 0.1169026E+04, 0.6402778E+03,
 0.8830000E+01, 0.1541844E+04, 0.1169349E+04, 0.1169349E+04, 0.6404277E+03,
 0.8832000E+01, 0.1542341E+04, 0.1169671E+04, 0.1169671E+04, 0.6405774E+03,
 0.8834000E+01, 0.1542837E+04, 0.1169993E+04, 0.1169993E+04, 0.6407271E+03,
 0.8836000E+01, 0.1543334E+04, 0.1170316E+04, 0.1170316E+04, 0.6408766E+03,
 0.8838000E+01, 0.1543830E+04, 0.1170638E+04, 0.1170638E+04, 0.6410261E+03,
 0.8840000E+01, 0.1544326E+04, 0.1170959E+04, 0.1170959E+04, 0.6411755E+03,
 0.8842000E+01, 0.1544821E+04, 0.1171281E+04, 0.1171281E+04, 0.6413248E+03,
 0.8844000E+01, 0.1545317E+04, 0.1171603E+04, 0.1171603E+04, 0.6414739E+03,
 0.8846000E+01, 0.1545812E+04, 0.1171924E+04, 0.1171924E+04, 0.6416230E+03,
 0.8848000E+01, 0.1546307E+04, 0.1172245E+04, 0.1172245E+04, 0.6417720E+03,
 0.8850000E+01, 0.1546802E+04, 0.1172567E+04, 0.1172567E+04, 0.6419210E+03,
 0.8852000E+01, 0.1547296E+04, 0.1172888E+04, 0.1172888E+04, 0.6420698E+03,
 0.8854000E+01, 0.1547790E+04, 0.1173208E+04, 0.1173208E+04, 0.6422185E+03,
 0.8856000E+01, 0.1548284E+04, 0.1173529E+04, 0.1173529E+04, 0.6423671E+03,
 0.8858000E+01, 0.1548778E+04, 0.1173850E+04, 0.1173850E+04, 0.6425156E+03,
 0.8860000E+01, 0.1549271E+04, 0.1174170E+04, 0.1174170E+04, 0.6426641E+03,
 0.8862000E+01, 0.1549764E+04, 0.1174490E+04, 0.1174490E+04, 0.6428124E+03,
 0.8864000E+01, 0.1550257E+04, 0.1174810E+04, 0.1174810E+04, 0.6429607E+03,
 0.8866000E+01, 0.1550750E+04, 0.1175130E+04, 0.1175130E+04, 0.6431088E+03,
 0.8868000E+01, 0.1551242E+04, 0.1175450E+04, 0.1175450E+04, 0.6432569E+03,
 0.8870000E+01, 0.1551734E+04, 0.1175769E+04, 0.1175769E+04, 0.6434048E+03,
 0.8872000E+01, 0.1552226E+04, 0.1176089E+04, 0.1176089E+04, 0.6435527E+03,
 0.8874000E+01, 0.1552718E+04, 0.1176408E+04, 0.1176408E+04, 0.6437005E+03,
 0.8876000E+01, 0.1553210E+04, 0.1176727E+04, 0.1176727E+04, 0.6438482E+03,
 0.8878000E+01, 0.1553701E+04, 0.1177046E+04, 0.1177046E+04, 0.6439958E+03,
 0.8880000E+01, 0.1554192E+04, 0.1177365E+04, 0.1177365E+04, 0.6441432E+03,
 0.8882000E+01, 0.1554682E+04, 0.1177684E+04, 0.1177684E+04, 0.6442906E+03,
 0.8884000E+01, 0.1555173E+04, 0.1178002E+04, 0.1178002E+04, 0.6444380E+03,
 0.8886000E+01, 0.1555663E+04, 0.1178320E+04, 0.1178320E+04, 0.6445852E+03,
 0.8888000E+01, 0.1556153E+04, 0.1178639E+04, 0.1178639E+04, 0.6447323E+03,
 0.8890000E+01, 0.1556643E+04, 0.1178957E+04, 0.1178957E+04, 0.6448793E+03,
 0.8892000E+01, 0.1557132E+04, 0.1179275E+04, 0.1179275E+04, 0.6450262E+03,
 0.8894000E+01, 0.1557622E+04, 0.1179592E+04, 0.1179592E+04, 0.6451731E+03,
 0.8896000E+01, 0.1558111E+04, 0.1179910E+04, 0.1179910E+04, 0.6453198E+03,
 0.8898000E+01, 0.1558599E+04, 0.1180227E+04, 0.1180227E+04, 0.6454665E+03,
 0.8900000E+01, 0.1559088E+04, 0.1180545E+04, 0.1180545E+04, 0.6456130E+03,
 0.8902000E+01, 0.1559576E+04, 0.1180862E+04, 0.1180862E+04, 0.6457595E+03,
 0.8904000E+01, 0.1560064E+04, 0.1181179E+04, 0.1181179E+04, 0.6459059E+03,
 0.8906000E+01, 0.1560552E+04, 0.1181495E+04, 0.1181495E+04, 0.6460522E+03,
 0.8908000E+01, 0.1561039E+04, 0.1181812E+04, 0.1181812E+04, 0.6461984E+03,
 0.8910000E+01, 0.1561526E+04, 0.1182129E+04, 0.1182129E+04, 0.6463444E+03,
 0.8912000E+01, 0.1562014E+04, 0.1182445E+04, 0.1182445E+04, 0.6464904E+03,
 0.8914000E+01, 0.1562500E+04, 0.1182761E+04, 0.1182761E+04, 0.6466364E+03,
 0.8916000E+01, 0.1562987E+04, 0.1183077E+04, 0.1183077E+04, 0.6467822E+03,
 0.8918000E+01, 0.1563473E+04, 0.1183393E+04, 0.1183393E+04, 0.6469279E+03,
 0.8920000E+01, 0.1563959E+04, 0.1183709E+04, 0.1183709E+04, 0.6470735E+03,
 0.8922000E+01, 0.1564445E+04, 0.1184024E+04, 0.1184024E+04, 0.6472191E+03,
 0.8924000E+01, 0.1564930E+04, 0.1184340E+04, 0.1184340E+04, 0.6473644E+03,
 0.8926000E+01, 0.1565416E+04, 0.1184655E+04, 0.1184655E+04, 0.6475098E+03,
 0.8928000E+01, 0.1565901E+04, 0.1184970E+04, 0.1184970E+04, 0.6476550E+03,
 0.8930000E+01, 0.1566385E+04, 0.1185285E+04, 0.1185285E+04, 0.6478002E+03,
 0.8932000E+01, 0.1566870E+04, 0.1185600E+04, 0.1185600E+04, 0.6479453E+03,
 0.8934000E+01, 0.1567354E+04, 0.1185914E+04, 0.1185914E+04, 0.6480902E+03,
 0.8936000E+01, 0.1567838E+04, 0.1186229E+04, 0.1186229E+04, 0.6482351E+03,
 0.8938000E+01, 0.1568322E+04, 0.1186543E+04, 0.1186543E+04, 0.6483799E+03,
 0.8940000E+01, 0.1568805E+04, 0.1186857E+04, 0.1186857E+04, 0.6485246E+03,
 0.8942000E+01, 0.1569289E+04, 0.1187171E+04, 0.1187171E+04, 0.6486692E+03,
 0.8944000E+01, 0.1569772E+04, 0.1187485E+04, 0.1187485E+04, 0.6488137E+03,
 0.8946000E+01, 0.1570254E+04, 0.1187799E+04, 0.1187799E+04, 0.6489581E+03,
 0.8948000E+01, 0.1570737E+04, 0.1188113E+04, 0.1188113E+04, 0.6491024E+03,
 0.8950000E+01, 0.1571219E+04, 0.1188426E+04, 0.1188426E+04, 0.6492466E+03,
 0.8952000E+01, 0.1571701E+04, 0.1188739E+04, 0.1188739E+04, 0.6493907E+03,
 0.8954000E+01, 0.1572183E+04, 0.1189052E+04, 0.1189052E+04, 0.6495348E+03,
 0.8956000E+01, 0.1572665E+04, 0.1189365E+04, 0.1189365E+04, 0.6496787E+03,
 0.8958000E+01, 0.1573146E+04, 0.1189678E+04, 0.1189678E+04, 0.6498226E+03,
 0.8960000E+01, 0.1573627E+04, 0.1189991E+04, 0.1189991E+04, 0.6499664E+03,
 0.8962000E+01, 0.1574108E+04, 0.1190303E+04, 0.1190303E+04, 0.6501100E+03,
 0.8964000E+01, 0.1574588E+04, 0.1190615E+04, 0.1190615E+04, 0.6502536E+03,
 0.8966000E+01, 0.1575068E+04, 0.1190927E+04, 0.1190927E+04, 0.6503970E+03,
 0.8968000E+01, 0.1575548E+04, 0.1191240E+04, 0.1191240E+04, 0.6505405E+03,
 0.8970000E+01, 0.1576028E+04, 0.1191551E+04, 0.1191551E+04, 0.6506837E+03,
 0.8972000E+01, 0.1576508E+04, 0.1191863E+04, 0.1191863E+04, 0.6508269E+03,
 0.8974000E+01, 0.1576987E+04, 0.1192175E+04, 0.1192175E+04, 0.6509700E+03,
 0.8976000E+01, 0.1577466E+04, 0.1192486E+04, 0.1192486E+04, 0.6511130E+03,
 0.8978000E+01, 0.1577945E+04, 0.1192797E+04, 0.1192797E+04, 0.6512560E+03,
 0.8980000E+01, 0.1578423E+04, 0.1193108E+04, 0.1193108E+04, 0.6513988E+03,
 0.8982000E+01, 0.1578901E+04, 0.1193419E+04, 0.1193419E+04, 0.6515415E+03,
 0.8984000E+01, 0.1579380E+04, 0.1193730E+04, 0.1193730E+04, 0.6516841E+03,
 0.8986000E+01, 0.1579857E+04, 0.1194040E+04, 0.1194040E+04, 0.6518267E+03,
 0.8988000E+01, 0.1580335E+04, 0.1194351E+04, 0.1194351E+04, 0.6519692E+03,
 0.8990000E+01, 0.1580812E+04, 0.1194661E+04, 0.1194661E+04, 0.6521115E+03,
 0.8992000E+01, 0.1581289E+04, 0.1194971E+04, 0.1194971E+04, 0.6522538E+03,
 0.8994000E+01, 0.1581766E+04, 0.1195281E+04, 0.1195281E+04, 0.6523960E+03,
 0.8996000E+01, 0.1582242E+04, 0.1195591E+04, 0.1195591E+04, 0.6525381E+03,
 0.8998000E+01, 0.1582719E+04, 0.1195901E+04, 0.1195901E+04, 0.6526801E+03,
 0.9000000E+01, 0.1583194E+04, 0.1196210E+04, 0.1196210E+04, 0.6528220E+03,
 0.9002000E+01, 0.1583670E+04, 0.1196520E+04, 0.1196520E+04, 0.6529637E+03,
 0.9004000E+01, 0.1584146E+04, 0.1196829E+04, 0.1196829E+04, 0.6531055E+03,
 0.9006000E+01, 0.1584621E+04, 0.1197138E+04, 0.1197138E+04, 0.6532471E+03,
 0.9008000E+01, 0.1585096E+04, 0.1197447E+04, 0.1197447E+04, 0.6533886E+03,
 0.9010000E+01, 0.1585571E+04, 0.1197755E+04, 0.1197755E+04, 0.6535300E+03,
 0.9012000E+01, 0.1586045E+04, 0.1198064E+04, 0.1198064E+04, 0.6536714E+03,
 0.9014000E+01, 0.1586519E+04, 0.1198372E+04, 0.1198372E+04, 0.6538126E+03,
 0.9016000E+01, 0.1586993E+04, 0.1198681E+04, 0.1198681E+04, 0.6539538E+03,
 0.9018000E+01, 0.1587467E+04, 0.1198989E+04, 0.1198989E+04, 0.6540948E+03,
 0.9020000E+01, 0.1587941E+04, 0.1199297E+04, 0.1199297E+04, 0.6542358E+03,
 0.9022000E+01, 0.1588414E+04, 0.1199604E+04, 0.1199604E+04, 0.6543767E+03,
 0.9024000E+01, 0.1588887E+04, 0.1199912E+04, 0.1199912E+04, 0.6545175E+03,
 0.9026000E+01, 0.1589359E+04, 0.1200219E+04, 0.1200219E+04, 0.6546582E+03,
 0.9028000E+01, 0.1589832E+04, 0.1200527E+04, 0.1200527E+04, 0.6547988E+03,
 0.9030000E+01, 0.1590304E+04, 0.1200834E+04, 0.1200834E+04, 0.6549393E+03,
 0.9032000E+01, 0.1590776E+04, 0.1201141E+04, 0.1201141E+04, 0.6550797E+03,
 0.9034000E+01, 0.1591248E+04, 0.1201448E+04, 0.1201448E+04, 0.6552200E+03,
 0.9036000E+01, 0.1591719E+04, 0.1201755E+04, 0.1201755E+04, 0.6553603E+03,
 0.9038000E+01, 0.1592190E+04, 0.1202061E+04, 0.1202061E+04, 0.6555004E+03,
 0.9040000E+01, 0.1592661E+04, 0.1202367E+04, 0.1202367E+04, 0.6556404E+03,
 0.9042000E+01, 0.1593132E+04, 0.1202674E+04, 0.1202674E+04, 0.6557804E+03,
 0.9044000E+01, 0.1593602E+04, 0.1202980E+04, 0.1202980E+04, 0.6559203E+03,
 0.9046000E+01, 0.1594073E+04, 0.1203286E+04, 0.1203286E+04, 0.6560601E+03,
 0.9048000E+01, 0.1594542E+04, 0.1203591E+04, 0.1203591E+04, 0.6561997E+03,
 0.9050000E+01, 0.1595012E+04, 0.1203897E+04, 0.1203897E+04, 0.6563393E+03,
 0.9052000E+01, 0.1595481E+04, 0.1204202E+04, 0.1204202E+04, 0.6564788E+03,
 0.9054000E+01, 0.1595951E+04, 0.1204508E+04, 0.1204508E+04, 0.6566182E+03,
 0.9056000E+01, 0.1596420E+04, 0.1204813E+04, 0.1204813E+04, 0.6567575E+03,
 0.9058000E+01, 0.1596888E+04, 0.1205118E+04, 0.1205118E+04, 0.6568967E+03,
 0.9060000E+01, 0.1597357E+04, 0.1205422E+04, 0.1205422E+04, 0.6570359E+03,
 0.9062000E+01, 0.1597825E+04, 0.1205727E+04, 0.1205727E+04, 0.6571749E+03,
 0.9064000E+01, 0.1598293E+04, 0.1206032E+04, 0.1206032E+04, 0.6573138E+03,
 0.9066000E+01, 0.1598760E+04, 0.1206336E+04, 0.1206336E+04, 0.6574527E+03,
 0.9068000E+01, 0.1599228E+04, 0.1206640E+04, 0.1206640E+04, 0.6575914E+03,
 0.9070000E+01, 0.1599695E+04, 0.1206944E+04, 0.1206944E+04, 0.6577301E+03,
 0.9072000E+01, 0.1600162E+04, 0.1207248E+04, 0.1207248E+04, 0.6578687E+03,
 0.9074000E+01, 0.1600628E+04, 0.1207552E+04, 0.1207552E+04, 0.6580071E+03,
 0.9076000E+01, 0.1601095E+04, 0.1207855E+04, 0.1207855E+04, 0.6581455E+03,
 0.9078000E+01, 0.1601561E+04, 0.1208159E+04, 0.1208159E+04, 0.6582838E+03,
 0.9080000E+01, 0.1602026E+04, 0.1208462E+04, 0.1208462E+04, 0.6584221E+03,
 0.9082000E+01, 0.1602492E+04, 0.1208765E+04, 0.1208765E+04, 0.6585601E+03,
 0.9084000E+01, 0.1602957E+04, 0.1209068E+04, 0.1209068E+04, 0.6586982E+03,
 0.9086000E+01, 0.1603422E+04, 0.1209371E+04, 0.1209371E+04, 0.6588361E+03,
 0.9088000E+01, 0.1603887E+04, 0.1209673E+04, 0.1209673E+04, 0.6589739E+03,
 0.9090000E+01, 0.1604352E+04, 0.1209976E+04, 0.1209976E+04, 0.6591117E+03,
 0.9092000E+01, 0.1604816E+04, 0.1210278E+04, 0.1210278E+04, 0.6592493E+03,
 0.9094000E+01, 0.1605280E+04, 0.1210580E+04, 0.1210580E+04, 0.6593869E+03,
 0.9096000E+01, 0.1605744E+04, 0.1210882E+04, 0.1210882E+04, 0.6595244E+03,
 0.9098000E+01, 0.1606208E+04, 0.1211184E+04, 0.1211184E+04, 0.6596617E+03,
 0.9100000E+01, 0.1606671E+04, 0.1211485E+04, 0.1211485E+04, 0.6597990E+03,
 0.9102000E+01, 0.1607134E+04, 0.1211787E+04, 0.1211787E+04, 0.6599362E+03,
 0.9104000E+01, 0.1607597E+04, 0.1212088E+04, 0.1212088E+04, 0.6600733E+03,
 0.9106000E+01, 0.1608059E+04, 0.1212389E+04, 0.1212389E+04, 0.6602103E+03,
 0.9108000E+01, 0.1608521E+04, 0.1212690E+04, 0.1212690E+04, 0.6603472E+03,
 0.9110000E+01, 0.1608984E+04, 0.1212991E+04, 0.1212991E+04, 0.6604841E+03,
 0.9112000E+01, 0.1609445E+04, 0.1213292E+04, 0.1213292E+04, 0.6606208E+03,
 0.9114000E+01, 0.1609907E+04, 0.1213593E+04, 0.1213593E+04, 0.6607574E+03,
 0.9116000E+01, 0.1610368E+04, 0.1213893E+04, 0.1213893E+04, 0.6608940E+03,
 0.9118000E+01, 0.1610829E+04, 0.1214193E+04, 0.1214193E+04, 0.6610305E+03,
 0.9120000E+01, 0.1611290E+04, 0.1214493E+04, 0.1214493E+04, 0.6611668E+03,
 0.9122000E+01, 0.1611750E+04, 0.1214793E+04, 0.1214793E+04, 0.6613031E+03,
 0.9124000E+01, 0.1612210E+04, 0.1215093E+04, 0.1215093E+04, 0.6614393E+03,
 0.9126000E+01, 0.1612670E+04, 0.1215392E+04, 0.1215392E+04, 0.6615754E+03,
 0.9128000E+01, 0.1613130E+04, 0.1215692E+04, 0.1215692E+04, 0.6617114E+03,
 0.9130000E+01, 0.1613589E+04, 0.1215991E+04, 0.1215991E+04, 0.6618473E+03,
 0.9132000E+01, 0.1614049E+04, 0.1216290E+04, 0.1216290E+04, 0.6619831E+03,
 0.9134000E+01, 0.1614508E+04, 0.1216589E+04, 0.1216589E+04, 0.6621188E+03,
 0.9136000E+01, 0.1614966E+04, 0.1216888E+04, 0.1216888E+04, 0.6622545E+03,
 0.9138000E+01, 0.1615425E+04, 0.1217187E+04, 0.1217187E+04, 0.6623900E+03,
 0.9140000E+01, 0.1615883E+04, 0.1217485E+04, 0.1217485E+04, 0.6625255E+03,
 0.9142000E+01, 0.1616341E+04, 0.1217783E+04, 0.1217783E+04, 0.6626608E+03,
 0.9144000E+01, 0.1616798E+04, 0.1218082E+04, 0.1218082E+04, 0.6627961E+03,
 0.9146000E+01, 0.1617256E+04, 0.1218380E+04, 0.1218380E+04, 0.6629312E+03,
 0.9148000E+01, 0.1617713E+04, 0.1218677E+04, 0.1218677E+04, 0.6630663E+03,
 0.9150000E+01, 0.1618170E+04, 0.1218975E+04, 0.1218975E+04, 0.6632013E+03,
 0.9152000E+01, 0.1618626E+04, 0.1219273E+04, 0.1219273E+04, 0.6633362E+03,
 0.9154000E+01, 0.1619083E+04, 0.1219570E+04, 0.1219570E+04, 0.6634710E+03,
 0.9156000E+01, 0.1619539E+04, 0.1219867E+04, 0.1219867E+04, 0.6636058E+03,
 0.9158000E+01, 0.1619995E+04, 0.1220164E+04, 0.1220164E+04, 0.6637404E+03,
 0.9160000E+01, 0.1620450E+04, 0.1220461E+04, 0.1220461E+04, 0.6638749E+03,
 0.9162000E+01, 0.1620906E+04, 0.1220758E+04, 0.1220758E+04, 0.6640093E+03,
 0.9164000E+01, 0.1621361E+04, 0.1221055E+04, 0.1221055E+04, 0.6641437E+03,
 0.9166000E+01, 0.1621815E+04, 0.1221351E+04, 0.1221351E+04, 0.6642780E+03,
 0.9168000E+01, 0.1622270E+04, 0.1221647E+04, 0.1221647E+04, 0.6644122E+03,
 0.9170000E+01, 0.1622724E+04, 0.1221943E+04, 0.1221943E+04, 0.6645463E+03,
 0.9172000E+01, 0.1623178E+04, 0.1222239E+04, 0.1222239E+04, 0.6646802E+03,
 0.9174000E+01, 0.1623632E+04, 0.1222535E+04, 0.1222535E+04, 0.6648141E+03,
 0.9176000E+01, 0.1624086E+04, 0.1222831E+04, 0.1222831E+04, 0.6649479E+03,
 0.9178000E+01, 0.1624539E+04, 0.1223126E+04, 0.1223126E+04, 0.6650817E+03,
 0.9180000E+01, 0.1624992E+04, 0.1223422E+04, 0.1223422E+04, 0.6652153E+03,
 0.9182000E+01, 0.1625445E+04, 0.1223717E+04, 0.1223717E+04, 0.6653488E+03,
 0.9184000E+01, 0.1625897E+04, 0.1224012E+04, 0.1224012E+04, 0.6654822E+03,
 0.9186000E+01, 0.1626349E+04, 0.1224306E+04, 0.1224306E+04, 0.6656156E+03,
 0.9188000E+01, 0.1626801E+04, 0.1224601E+04, 0.1224601E+04, 0.6657489E+03,
 0.9190000E+01, 0.1627253E+04, 0.1224896E+04, 0.1224896E+04, 0.6658821E+03,
 0.9192000E+01, 0.1627704E+04, 0.1225190E+04, 0.1225190E+04, 0.6660151E+03,
 0.9194000E+01, 0.1628156E+04, 0.1225484E+04, 0.1225484E+04, 0.6661481E+03,
 0.9196000E+01, 0.1628607E+04, 0.1225778E+04, 0.1225778E+04, 0.6662810E+03,
 0.9198000E+01, 0.1629057E+04, 0.1226072E+04, 0.1226072E+04, 0.6664138E+03,
 0.9200000E+01, 0.1629508E+04, 0.1226366E+04, 0.1226366E+04, 0.6665466E+03,
 0.9202000E+01, 0.1629958E+04, 0.1226659E+04, 0.1226659E+04, 0.6666792E+03,
 0.9204000E+01, 0.1630408E+04, 0.1226953E+04, 0.1226953E+04, 0.6668117E+03,
 0.9206000E+01, 0.1630857E+04, 0.1227246E+04, 0.1227246E+04, 0.6669442E+03,
 0.9208000E+01, 0.1631307E+04, 0.1227539E+04, 0.1227539E+04, 0.6670765E+03,
 0.9210000E+01, 0.1631756E+04, 0.1227832E+04, 0.1227832E+04, 0.6672088E+03,
 0.9212000E+01, 0.1632205E+04, 0.1228125E+04, 0.1228125E+04, 0.6673409E+03,
 0.9214000E+01, 0.1632653E+04, 0.1228417E+04, 0.1228417E+04, 0.6674730E+03,
 0.9216000E+01, 0.1633102E+04, 0.1228710E+04, 0.1228710E+04, 0.6676050E+03,
 0.9218000E+01, 0.1633550E+04, 0.1229002E+04, 0.1229002E+04, 0.6677369E+03,
 0.9220000E+01, 0.1633998E+04, 0.1229294E+04, 0.1229294E+04, 0.6678687E+03,
 0.9222000E+01, 0.1634445E+04, 0.1229586E+04, 0.1229586E+04, 0.6680004E+03,
 0.9224000E+01, 0.1634893E+04, 0.1229878E+04, 0.1229878E+04, 0.6681321E+03,
 0.9226000E+01, 0.1635340E+04, 0.1230170E+04, 0.1230170E+04, 0.6682636E+03,
 0.9228000E+01, 0.1635786E+04, 0.1230461E+04, 0.1230461E+04, 0.6683951E+03,
 0.9230000E+01, 0.1636233E+04, 0.1230752E+04, 0.1230752E+04, 0.6685264E+03,
 0.9232000E+01, 0.1636679E+04, 0.1231043E+04, 0.1231043E+04, 0.6686577E+03,
 0.9234000E+01, 0.1637125E+04, 0.1231334E+04, 0.1231334E+04, 0.6687889E+03,
 0.9236000E+01, 0.1637571E+04, 0.1231625E+04, 0.1231625E+04, 0.6689199E+03,
 0.9238000E+01, 0.1638016E+04, 0.1231916E+04, 0.1231916E+04, 0.6690510E+03,
 0.9240000E+01, 0.1638462E+04, 0.1232206E+04, 0.1232206E+04, 0.6691818E+03,
 0.9242000E+01, 0.1638907E+04, 0.1232497E+04, 0.1232497E+04, 0.6693127E+03,
 0.9244000E+01, 0.1639351E+04, 0.1232787E+04, 0.1232787E+04, 0.6694434E+03,
 0.9246000E+01, 0.1639796E+04, 0.1233077E+04, 0.1233077E+04, 0.6695740E+03,
 0.9248000E+01, 0.1640240E+04, 0.1233367E+04, 0.1233367E+04, 0.6697045E+03,
 0.9250000E+01, 0.1640684E+04, 0.1233657E+04, 0.1233657E+04, 0.6698350E+03,
 0.9252000E+01, 0.1641128E+04, 0.1233946E+04, 0.1233946E+04, 0.6699654E+03,
 0.9254000E+01, 0.1641571E+04, 0.1234236E+04, 0.1234236E+04, 0.6700956E+03,
 0.9256000E+01, 0.1642014E+04, 0.1234525E+04, 0.1234525E+04, 0.6702258E+03,
 0.9258000E+01, 0.1642457E+04, 0.1234814E+04, 0.1234814E+04, 0.6703559E+03,
 0.9260000E+01, 0.1642900E+04, 0.1235103E+04, 0.1235103E+04, 0.6704859E+03,
 0.9262000E+01, 0.1643342E+04, 0.1235392E+04, 0.1235392E+04, 0.6706158E+03,
 0.9264000E+01, 0.1643784E+04, 0.1235680E+04, 0.1235680E+04, 0.6707457E+03,
 0.9266000E+01, 0.1644226E+04, 0.1235969E+04, 0.1235969E+04, 0.6708754E+03,
 0.9268000E+01, 0.1644668E+04, 0.1236257E+04, 0.1236257E+04, 0.6710050E+03,
 0.9270000E+01, 0.1645109E+04, 0.1236545E+04, 0.1236545E+04, 0.6711346E+03,
 0.9272000E+01, 0.1645550E+04, 0.1236833E+04, 0.1236833E+04, 0.6712640E+03,
 0.9274000E+01, 0.1645991E+04, 0.1237121E+04, 0.1237121E+04, 0.6713934E+03,
 0.9276000E+01, 0.1646431E+04, 0.1237408E+04, 0.1237408E+04, 0.6715227E+03,
 0.9278000E+01, 0.1646872E+04, 0.1237696E+04, 0.1237696E+04, 0.6716519E+03,
 0.9280000E+01, 0.1647312E+04, 0.1237983E+04, 0.1237983E+04, 0.6717810E+03,
 0.9282000E+01, 0.1647751E+04, 0.1238270E+04, 0.1238270E+04, 0.6719100E+03,
 0.9284000E+01, 0.1648191E+04, 0.1238557E+04, 0.1238557E+04, 0.6720389E+03,
 0.9286000E+01, 0.1648630E+04, 0.1238844E+04, 0.1238844E+04, 0.6721677E+03,
 0.9288000E+01, 0.1649069E+04, 0.1239131E+04, 0.1239131E+04, 0.6722965E+03,
 0.9290000E+01, 0.1649508E+04, 0.1239417E+04, 0.1239417E+04, 0.6724251E+03,
 0.9292000E+01, 0.1649946E+04, 0.1239704E+04, 0.1239704E+04, 0.6725537E+03,
 0.9294000E+01, 0.1650385E+04, 0.1239990E+04, 0.1239990E+04, 0.6726822E+03,
 0.9296000E+01, 0.1650823E+04, 0.1240276E+04, 0.1240276E+04, 0.6728105E+03,
 0.9298000E+01, 0.1651260E+04, 0.1240562E+04, 0.1240562E+04, 0.6729388E+03,
 0.9300000E+01, 0.1651698E+04, 0.1240848E+04, 0.1240848E+04, 0.6730670E+03,
 0.9302000E+01, 0.1652135E+04, 0.1241133E+04, 0.1241133E+04, 0.6731951E+03,
 0.9304000E+01, 0.1652572E+04, 0.1241418E+04, 0.1241418E+04, 0.6733232E+03,
 0.9306000E+01, 0.1653008E+04, 0.1241704E+04, 0.1241704E+04, 0.6734511E+03,
 0.9308000E+01, 0.1653445E+04, 0.1241989E+04, 0.1241989E+04, 0.6735789E+03,
 0.9310000E+01, 0.1653881E+04, 0.1242274E+04, 0.1242274E+04, 0.6737067E+03,
 0.9312000E+01, 0.1654317E+04, 0.1242558E+04, 0.1242558E+04, 0.6738344E+03,
 0.9314000E+01, 0.1654752E+04, 0.1242843E+04, 0.1242843E+04, 0.6739619E+03,
 0.9316000E+01, 0.1655188E+04, 0.1243127E+04, 0.1243127E+04, 0.6740894E+03,
 0.9318000E+01, 0.1655623E+04, 0.1243412E+04, 0.1243412E+04, 0.6742168E+03,
 0.9320000E+01, 0.1656057E+04, 0.1243696E+04, 0.1243696E+04, 0.6743441E+03,
 0.9322000E+01, 0.1656492E+04, 0.1243980E+04, 0.1243980E+04, 0.6744713E+03,
 0.9324000E+01, 0.1656926E+04, 0.1244263E+04, 0.1244263E+04, 0.6745984E+03,
 0.9326000E+01, 0.1657360E+04, 0.1244547E+04, 0.1244547E+04, 0.6747255E+03,
 0.9328000E+01, 0.1657794E+04, 0.1244831E+04, 0.1244831E+04, 0.6748525E+03,
 0.9330000E+01, 0.1658228E+04, 0.1245114E+04, 0.1245114E+04, 0.6749793E+03,
 0.9332000E+01, 0.1658661E+04, 0.1245397E+04, 0.1245397E+04, 0.6751061E+03,
 0.9334000E+01, 0.1659094E+04, 0.1245680E+04, 0.1245680E+04, 0.6752327E+03,
 0.9336000E+01, 0.1659527E+04, 0.1245963E+04, 0.1245963E+04, 0.6753593E+03,
 0.9338000E+01, 0.1659959E+04, 0.1246245E+04, 0.1246245E+04, 0.6754858E+03,
 0.9340000E+01, 0.1660391E+04, 0.1246528E+04, 0.1246528E+04, 0.6756122E+03,
 0.9342000E+01, 0.1660823E+04, 0.1246810E+04, 0.1246810E+04, 0.6757386E+03,
 0.9344000E+01, 0.1661255E+04, 0.1247092E+04, 0.1247092E+04, 0.6758648E+03,
 0.9346000E+01, 0.1661686E+04, 0.1247374E+04, 0.1247374E+04, 0.6759910E+03,
 0.9348000E+01, 0.1662117E+04, 0.1247656E+04, 0.1247656E+04, 0.6761170E+03,
 0.9350000E+01, 0.1662548E+04, 0.1247938E+04, 0.1247938E+04, 0.6762430E+03,
 0.9352000E+01, 0.1662979E+04, 0.1248219E+04, 0.1248219E+04, 0.6763688E+03,
 0.9354000E+01, 0.1663409E+04, 0.1248501E+04, 0.1248501E+04, 0.6764946E+03,
 0.9356000E+01, 0.1663839E+04, 0.1248782E+04, 0.1248782E+04, 0.6766204E+03,
 0.9358000E+01, 0.1664269E+04, 0.1249063E+04, 0.1249063E+04, 0.6767460E+03,
 0.9360000E+01, 0.1664699E+04, 0.1249344E+04, 0.1249344E+04, 0.6768715E+03,
 0.9362000E+01, 0.1665128E+04, 0.1249625E+04, 0.1249625E+04, 0.6769969E+03,
 0.9364000E+01, 0.1665557E+04, 0.1249905E+04, 0.1249905E+04, 0.6771223E+03,
 0.9366000E+01, 0.1665986E+04, 0.1250186E+04, 0.1250186E+04, 0.6772475E+03,
 0.9368000E+01, 0.1666414E+04, 0.1250466E+04, 0.1250466E+04, 0.6773726E+03,
 0.9370000E+01, 0.1666843E+04, 0.1250746E+04, 0.1250746E+04, 0.6774977E+03,
 0.9372000E+01, 0.1667271E+04, 0.1251026E+04, 0.1251026E+04, 0.6776227E+03,
 0.9374000E+01, 0.1667698E+04, 0.1251306E+04, 0.1251306E+04, 0.6777476E+03,
 0.9376000E+01, 0.1668126E+04, 0.1251585E+04, 0.1251585E+04, 0.6778724E+03,
 0.9378000E+01, 0.1668553E+04, 0.1251865E+04, 0.1251865E+04, 0.6779971E+03,
 0.9380000E+01, 0.1668980E+04, 0.1252144E+04, 0.1252144E+04, 0.6781218E+03,
 0.9382000E+01, 0.1669407E+04, 0.1252423E+04, 0.1252423E+04, 0.6782463E+03,
 0.9384000E+01, 0.1669833E+04, 0.1252702E+04, 0.1252702E+04, 0.6783707E+03,
 0.9386000E+01, 0.1670260E+04, 0.1252981E+04, 0.1252981E+04, 0.6784951E+03,
 0.9388000E+01, 0.1670685E+04, 0.1253259E+04, 0.1253259E+04, 0.6786194E+03,
 0.9390000E+01, 0.1671111E+04, 0.1253538E+04, 0.1253538E+04, 0.6787436E+03,
 0.9392000E+01, 0.1671536E+04, 0.1253816E+04, 0.1253816E+04, 0.6788677E+03,
 0.9394000E+01, 0.1671962E+04, 0.1254094E+04, 0.1254094E+04, 0.6789917E+03,
 0.9396000E+01, 0.1672386E+04, 0.1254372E+04, 0.1254372E+04, 0.6791156E+03,
 0.9398000E+01, 0.1672811E+04, 0.1254650E+04, 0.1254650E+04, 0.6792394E+03,
 0.9400000E+01, 0.1673235E+04, 0.1254928E+04, 0.1254928E+04, 0.6793632E+03,
 0.9402000E+01, 0.1673659E+04, 0.1255205E+04, 0.1255205E+04, 0.6794868E+03,
 0.9404000E+01, 0.1674083E+04, 0.1255483E+04, 0.1255483E+04, 0.6796104E+03,
 0.9406000E+01, 0.1674507E+04, 0.1255760E+04, 0.1255760E+04, 0.6797339E+03,
 0.9408000E+01, 0.1674930E+04, 0.1256037E+04, 0.1256037E+04, 0.6798573E+03,
 0.9410000E+01, 0.1675353E+04, 0.1256314E+04, 0.1256314E+04, 0.6799806E+03,
 0.9412000E+01, 0.1675776E+04, 0.1256590E+04, 0.1256590E+04, 0.6801038E+03,
 0.9414000E+01, 0.1676198E+04, 0.1256867E+04, 0.1256867E+04, 0.6802269E+03,
 0.9416000E+01, 0.1676621E+04, 0.1257143E+04, 0.1257143E+04, 0.6803500E+03,
 0.9418000E+01, 0.1677043E+04, 0.1257419E+04, 0.1257419E+04, 0.6804729E+03,
 0.9420000E+01, 0.1677464E+04, 0.1257695E+04, 0.1257695E+04, 0.6805958E+03,
 0.9422000E+01, 0.1677886E+04, 0.1257971E+04, 0.1257971E+04, 0.6807185E+03,
 0.9424000E+01, 0.1678307E+04, 0.1258247E+04, 0.1258247E+04, 0.6808412E+03,
 0.9426000E+01, 0.1678728E+04, 0.1258523E+04, 0.1258523E+04, 0.6809638E+03,
 0.9428000E+01, 0.1679149E+04, 0.1258798E+04, 0.1258798E+04, 0.6810863E+03,
 0.9430000E+01, 0.1679569E+04, 0.1259073E+04, 0.1259073E+04, 0.6812087E+03,
 0.9432000E+01, 0.1679989E+04, 0.1259348E+04, 0.1259348E+04, 0.6813311E+03,
 0.9434000E+01, 0.1680409E+04, 0.1259623E+04, 0.1259623E+04, 0.6814533E+03,
 0.9436000E+01, 0.1680829E+04, 0.1259898E+04, 0.1259898E+04, 0.6815754E+03,
 0.9438000E+01, 0.1681248E+04, 0.1260172E+04, 0.1260172E+04, 0.6816975E+03,
 0.9440000E+01, 0.1681667E+04, 0.1260447E+04, 0.1260447E+04, 0.6818195E+03,
 0.9442000E+01, 0.1682086E+04, 0.1260721E+04, 0.1260721E+04, 0.6819414E+03,
 0.9444000E+01, 0.1682505E+04, 0.1260995E+04, 0.1260995E+04, 0.6820632E+03,
 0.9446000E+01, 0.1682923E+04, 0.1261269E+04, 0.1261269E+04, 0.6821849E+03,
 0.9448000E+01, 0.1683341E+04, 0.1261543E+04, 0.1261543E+04, 0.6823065E+03,
 0.9450000E+01, 0.1683759E+04, 0.1261817E+04, 0.1261817E+04, 0.6824280E+03,
 0.9452000E+01, 0.1684176E+04, 0.1262090E+04, 0.1262090E+04, 0.6825495E+03,
 0.9454000E+01, 0.1684593E+04, 0.1262363E+04, 0.1262363E+04, 0.6826709E+03,
 0.9456000E+01, 0.1685010E+04, 0.1262637E+04, 0.1262637E+04, 0.6827922E+03,
 0.9458000E+01, 0.1685427E+04, 0.1262910E+04, 0.1262910E+04, 0.6829133E+03,
 0.9460000E+01, 0.1685844E+04, 0.1263182E+04, 0.1263182E+04, 0.6830344E+03,
 0.9462000E+01, 0.1686260E+04, 0.1263455E+04, 0.1263455E+04, 0.6831555E+03,
 0.9464000E+01, 0.1686676E+04, 0.1263727E+04, 0.1263727E+04, 0.6832764E+03,
 0.9466000E+01, 0.1687091E+04, 0.1264000E+04, 0.1264000E+04, 0.6833972E+03,
 0.9468000E+01, 0.1687507E+04, 0.1264272E+04, 0.1264272E+04, 0.6835179E+03,
 0.9470000E+01, 0.1687922E+04, 0.1264544E+04, 0.1264544E+04, 0.6836386E+03,
 0.9472000E+01, 0.1688337E+04, 0.1264816E+04, 0.1264816E+04, 0.6837592E+03,
 0.9474000E+01, 0.1688752E+04, 0.1265088E+04, 0.1265088E+04, 0.6838796E+03,
 0.9476000E+01, 0.1689166E+04, 0.1265359E+04, 0.1265359E+04, 0.6840001E+03,
 0.9478000E+01, 0.1689580E+04, 0.1265630E+04, 0.1265630E+04, 0.6841204E+03,
 0.9480000E+01, 0.1689994E+04, 0.1265901E+04, 0.1265901E+04, 0.6842406E+03,
 0.9482000E+01, 0.1690407E+04, 0.1266173E+04, 0.1266173E+04, 0.6843607E+03,
 0.9484000E+01, 0.1690821E+04, 0.1266443E+04, 0.1266443E+04, 0.6844808E+03,
 0.9486000E+01, 0.1691234E+04, 0.1266714E+04, 0.1266714E+04, 0.6846007E+03,
 0.9488000E+01, 0.1691647E+04, 0.1266985E+04, 0.1266985E+04, 0.6847206E+03,
 0.9490000E+01, 0.1692059E+04, 0.1267255E+04, 0.1267255E+04, 0.6848404E+03,
 0.9492000E+01, 0.1692471E+04, 0.1267525E+04, 0.1267525E+04, 0.6849601E+03,
 0.9494000E+01, 0.1692883E+04, 0.1267795E+04, 0.1267795E+04, 0.6850797E+03,
 0.9496000E+01, 0.1693295E+04, 0.1268065E+04, 0.1268065E+04, 0.6851992E+03,
 0.9498000E+01, 0.1693707E+04, 0.1268335E+04, 0.1268335E+04, 0.6853187E+03,
 0.9500000E+01, 0.1694118E+04, 0.1268605E+04, 0.1268605E+04, 0.6854380E+03,
 0.9502000E+01, 0.1694529E+04, 0.1268874E+04, 0.1268874E+04, 0.6855573E+03,
 0.9504000E+01, 0.1694940E+04, 0.1269143E+04, 0.1269143E+04, 0.6856765E+03,
 0.9506000E+01, 0.1695350E+04, 0.1269412E+04, 0.1269412E+04, 0.6857955E+03,
 0.9508000E+01, 0.1695760E+04, 0.1269681E+04, 0.1269681E+04, 0.6859146E+03,
 0.9510000E+01, 0.1696170E+04, 0.1269950E+04, 0.1269950E+04, 0.6860334E+03,
 0.9512000E+01, 0.1696580E+04, 0.1270219E+04, 0.1270219E+04, 0.6861523E+03,
 0.9514000E+01, 0.1696989E+04, 0.1270487E+04, 0.1270487E+04, 0.6862710E+03,
 0.9516000E+01, 0.1697398E+04, 0.1270755E+04, 0.1270755E+04, 0.6863896E+03,
 0.9518000E+01, 0.1697807E+04, 0.1271023E+04, 0.1271023E+04, 0.6865082E+03,
 0.9520000E+01, 0.1698216E+04, 0.1271291E+04, 0.1271291E+04, 0.6866267E+03,
 0.9522000E+01, 0.1698624E+04, 0.1271559E+04, 0.1271559E+04, 0.6867451E+03,
 0.9524000E+01, 0.1699032E+04, 0.1271827E+04, 0.1271827E+04, 0.6868634E+03,
 0.9526000E+01, 0.1699440E+04, 0.1272094E+04, 0.1272094E+04, 0.6869816E+03,
 0.9528000E+01, 0.1699847E+04, 0.1272362E+04, 0.1272362E+04, 0.6870997E+03,
 0.9530000E+01, 0.1700255E+04, 0.1272629E+04, 0.1272629E+04, 0.6872178E+03,
 0.9532000E+01, 0.1700662E+04, 0.1272896E+04, 0.1272896E+04, 0.6873358E+03,
 0.9534000E+01, 0.1701068E+04, 0.1273163E+04, 0.1273163E+04, 0.6874536E+03,
 0.9536000E+01, 0.1701475E+04, 0.1273429E+04, 0.1273429E+04, 0.6875714E+03,
 0.9538000E+01, 0.1701881E+04, 0.1273696E+04, 0.1273696E+04, 0.6876891E+03,
 0.9540000E+01, 0.1702287E+04, 0.1273962E+04, 0.1273962E+04, 0.6878067E+03,
 0.9542000E+01, 0.1702693E+04, 0.1274228E+04, 0.1274228E+04, 0.6879243E+03,
 0.9544000E+01, 0.1703098E+04, 0.1274494E+04, 0.1274494E+04, 0.6880417E+03,
 0.9546000E+01, 0.1703504E+04, 0.1274760E+04, 0.1274760E+04, 0.6881591E+03,
 0.9548000E+01, 0.1703908E+04, 0.1275026E+04, 0.1275026E+04, 0.6882763E+03,
 0.9550000E+01, 0.1704313E+04, 0.1275291E+04, 0.1275291E+04, 0.6883935E+03,
 0.9552000E+01, 0.1704718E+04, 0.1275557E+04, 0.1275557E+04, 0.6885106E+03,
 0.9554000E+01, 0.1705122E+04, 0.1275822E+04, 0.1275822E+04, 0.6886276E+03,
 0.9556000E+01, 0.1705526E+04, 0.1276087E+04, 0.1276087E+04, 0.6887445E+03,
 0.9558000E+01, 0.1705929E+04, 0.1276352E+04, 0.1276352E+04, 0.6888613E+03,
 0.9560000E+01, 0.1706333E+04, 0.1276617E+04, 0.1276617E+04, 0.6889781E+03,
 0.9562000E+01, 0.1706736E+04, 0.1276881E+04, 0.1276881E+04, 0.6890947E+03,
 0.9564000E+01, 0.1707138E+04, 0.1277146E+04, 0.1277146E+04, 0.6892113E+03,
 0.9566000E+01, 0.1707541E+04, 0.1277410E+04, 0.1277410E+04, 0.6893278E+03,
 0.9568000E+01, 0.1707943E+04, 0.1277674E+04, 0.1277674E+04, 0.6894442E+03,
 0.9570000E+01, 0.1708345E+04, 0.1277938E+04, 0.1277938E+04, 0.6895605E+03,
 0.9572000E+01, 0.1708747E+04, 0.1278202E+04, 0.1278202E+04, 0.6896768E+03,
 0.9574000E+01, 0.1709149E+04, 0.1278465E+04, 0.1278465E+04, 0.6897928E+03,
 0.9576000E+01, 0.1709550E+04, 0.1278729E+04, 0.1278729E+04, 0.6899089E+03,
 0.9578000E+01, 0.1709951E+04, 0.1278992E+04, 0.1278992E+04, 0.6900249E+03,
 0.9580000E+01, 0.1710352E+04, 0.1279255E+04, 0.1279255E+04, 0.6901408E+03,
 0.9582000E+01, 0.1710752E+04, 0.1279518E+04, 0.1279518E+04, 0.6902566E+03,
 0.9584000E+01, 0.1711152E+04, 0.1279781E+04, 0.1279781E+04, 0.6903723E+03,
 0.9586000E+01, 0.1711552E+04, 0.1280043E+04, 0.1280043E+04, 0.6904879E+03,
 0.9588000E+01, 0.1711952E+04, 0.1280306E+04, 0.1280306E+04, 0.6906035E+03,
 0.9590000E+01, 0.1712351E+04, 0.1280568E+04, 0.1280568E+04, 0.6907189E+03,
 0.9592000E+01, 0.1712750E+04, 0.1280830E+04, 0.1280830E+04, 0.6908343E+03,
 0.9594000E+01, 0.1713149E+04, 0.1281092E+04, 0.1281092E+04, 0.6909496E+03,
 0.9596000E+01, 0.1713548E+04, 0.1281354E+04, 0.1281354E+04, 0.6910648E+03,
 0.9598000E+01, 0.1713946E+04, 0.1281615E+04, 0.1281615E+04, 0.6911799E+03,
 0.9600000E+01, 0.1714344E+04, 0.1281877E+04, 0.1281877E+04, 0.6912949E+03,
 0.9602000E+01, 0.1714742E+04, 0.1282138E+04, 0.1282138E+04, 0.6914099E+03,
 0.9604000E+01, 0.1715140E+04, 0.1282400E+04, 0.1282400E+04, 0.6915247E+03,
 0.9606000E+01, 0.1715537E+04, 0.1282661E+04, 0.1282661E+04, 0.6916395E+03,
 0.9608000E+01, 0.1715934E+04, 0.1282921E+04, 0.1282921E+04, 0.6917542E+03,
 0.9610000E+01, 0.1716331E+04, 0.1283182E+04, 0.1283182E+04, 0.6918688E+03,
 0.9612000E+01, 0.1716728E+04, 0.1283443E+04, 0.1283443E+04, 0.6919833E+03,
 0.9614000E+01, 0.1717124E+04, 0.1283703E+04, 0.1283703E+04, 0.6920977E+03,
 0.9616000E+01, 0.1717520E+04, 0.1283963E+04, 0.1283963E+04, 0.6922120E+03,
 0.9618000E+01, 0.1717916E+04, 0.1284223E+04, 0.1284223E+04, 0.6923263E+03,
 0.9620000E+01, 0.1718311E+04, 0.1284483E+04, 0.1284483E+04, 0.6924405E+03,
 0.9622000E+01, 0.1718706E+04, 0.1284743E+04, 0.1284743E+04, 0.6925546E+03,
 0.9624000E+01, 0.1719101E+04, 0.1285002E+04, 0.1285002E+04, 0.6926685E+03,
 0.9626000E+01, 0.1719496E+04, 0.1285262E+04, 0.1285262E+04, 0.6927825E+03,
 0.9628000E+01, 0.1719891E+04, 0.1285521E+04, 0.1285521E+04, 0.6928963E+03,
 0.9630000E+01, 0.1720285E+04, 0.1285780E+04, 0.1285780E+04, 0.6930100E+03,
 0.9632000E+01, 0.1720679E+04, 0.1286039E+04, 0.1286039E+04, 0.6931237E+03,
 0.9634000E+01, 0.1721072E+04, 0.1286298E+04, 0.1286298E+04, 0.6932372E+03,
 0.9636000E+01, 0.1721466E+04, 0.1286556E+04, 0.1286556E+04, 0.6933508E+03,
 0.9638000E+01, 0.1721859E+04, 0.1286815E+04, 0.1286815E+04, 0.6934642E+03,
 0.9640000E+01, 0.1722252E+04, 0.1287073E+04, 0.1287073E+04, 0.6935775E+03,
 0.9642000E+01, 0.1722644E+04, 0.1287331E+04, 0.1287331E+04, 0.6936907E+03,
 0.9644000E+01, 0.1723037E+04, 0.1287589E+04, 0.1287589E+04, 0.6938039E+03,
 0.9646000E+01, 0.1723429E+04, 0.1287847E+04, 0.1287847E+04, 0.6939169E+03,
 0.9648000E+01, 0.1723820E+04, 0.1288104E+04, 0.1288104E+04, 0.6940299E+03,
 0.9650000E+01, 0.1724212E+04, 0.1288362E+04, 0.1288362E+04, 0.6941428E+03,
 0.9652000E+01, 0.1724603E+04, 0.1288619E+04, 0.1288619E+04, 0.6942556E+03,
 0.9654000E+01, 0.1724994E+04, 0.1288876E+04, 0.1288876E+04, 0.6943683E+03,
 0.9656000E+01, 0.1725385E+04, 0.1289133E+04, 0.1289133E+04, 0.6944810E+03,
 0.9658000E+01, 0.1725776E+04, 0.1289390E+04, 0.1289390E+04, 0.6945935E+03,
 0.9660000E+01, 0.1726166E+04, 0.1289646E+04, 0.1289646E+04, 0.6947060E+03,
 0.9662000E+01, 0.1726556E+04, 0.1289903E+04, 0.1289903E+04, 0.6948184E+03,
 0.9664000E+01, 0.1726946E+04, 0.1290159E+04, 0.1290159E+04, 0.6949307E+03,
 0.9666000E+01, 0.1727335E+04, 0.1290416E+04, 0.1290416E+04, 0.6950429E+03,
 0.9668000E+01, 0.1727724E+04, 0.1290672E+04, 0.1290672E+04, 0.6951550E+03,
 0.9670000E+01, 0.1728113E+04, 0.1290927E+04, 0.1290927E+04, 0.6952671E+03,
 0.9672000E+01, 0.1728502E+04, 0.1291183E+04, 0.1291183E+04, 0.6953790E+03,
 0.9674000E+01, 0.1728891E+04, 0.1291438E+04, 0.1291438E+04, 0.6954909E+03,
 0.9676000E+01, 0.1729279E+04, 0.1291694E+04, 0.1291694E+04, 0.6956027E+03,
 0.9678000E+01, 0.1729667E+04, 0.1291949E+04, 0.1291949E+04, 0.6957144E+03,
 0.9680000E+01, 0.1730054E+04, 0.1292204E+04, 0.1292204E+04, 0.6958260E+03,
 0.9682000E+01, 0.1730442E+04, 0.1292459E+04, 0.1292459E+04, 0.6959376E+03,
 0.9684000E+01, 0.1730829E+04, 0.1292714E+04, 0.1292714E+04, 0.6960491E+03,
 0.9686000E+01, 0.1731216E+04, 0.1292968E+04, 0.1292968E+04, 0.6961604E+03,
 0.9688000E+01, 0.1731602E+04, 0.1293223E+04, 0.1293223E+04, 0.6962717E+03,
 0.9690000E+01, 0.1731989E+04, 0.1293477E+04, 0.1293477E+04, 0.6963829E+03,
 0.9692000E+01, 0.1732375E+04, 0.1293731E+04, 0.1293731E+04, 0.6964940E+03,
 0.9694000E+01, 0.1732760E+04, 0.1293985E+04, 0.1293985E+04, 0.6966051E+03,
 0.9696000E+01, 0.1733146E+04, 0.1294239E+04, 0.1294239E+04, 0.6967160E+03,
 0.9698000E+01, 0.1733531E+04, 0.1294492E+04, 0.1294492E+04, 0.6968269E+03,
 0.9700000E+01, 0.1733916E+04, 0.1294745E+04, 0.1294745E+04, 0.6969377E+03,
 0.9702000E+01, 0.1734301E+04, 0.1294999E+04, 0.1294999E+04, 0.6970484E+03,
 0.9704000E+01, 0.1734686E+04, 0.1295252E+04, 0.1295252E+04, 0.6971590E+03,
 0.9706000E+01, 0.1735070E+04, 0.1295505E+04, 0.1295505E+04, 0.6972695E+03,
 0.9708000E+01, 0.1735454E+04, 0.1295758E+04, 0.1295758E+04, 0.6973800E+03,
 0.9710000E+01, 0.1735838E+04, 0.1296010E+04, 0.1296010E+04, 0.6974904E+03,
 0.9712000E+01, 0.1736221E+04, 0.1296263E+04, 0.1296263E+04, 0.6976006E+03,
 0.9714000E+01, 0.1736604E+04, 0.1296515E+04, 0.1296515E+04, 0.6977108E+03,
 0.9716000E+01, 0.1736987E+04, 0.1296767E+04, 0.1296767E+04, 0.6978209E+03,
 0.9718000E+01, 0.1737370E+04, 0.1297019E+04, 0.1297019E+04, 0.6979310E+03,
 0.9720000E+01, 0.1737753E+04, 0.1297271E+04, 0.1297271E+04, 0.6980409E+03,
 0.9722000E+01, 0.1738135E+04, 0.1297523E+04, 0.1297523E+04, 0.6981508E+03,
 0.9724000E+01, 0.1738517E+04, 0.1297774E+04, 0.1297774E+04, 0.6982606E+03,
 0.9726000E+01, 0.1738898E+04, 0.1298025E+04, 0.1298025E+04, 0.6983702E+03,
 0.9728000E+01, 0.1739280E+04, 0.1298276E+04, 0.1298276E+04, 0.6984799E+03,
 0.9730000E+01, 0.1739661E+04, 0.1298528E+04, 0.1298528E+04, 0.6985894E+03,
 0.9732000E+01, 0.1740042E+04, 0.1298778E+04, 0.1298778E+04, 0.6986989E+03,
 0.9734000E+01, 0.1740422E+04, 0.1299029E+04, 0.1299029E+04, 0.6988082E+03,
 0.9736000E+01, 0.1740803E+04, 0.1299280E+04, 0.1299280E+04, 0.6989175E+03,
 0.9738000E+01, 0.1741183E+04, 0.1299530E+04, 0.1299530E+04, 0.6990267E+03,
 0.9740000E+01, 0.1741563E+04, 0.1299780E+04, 0.1299780E+04, 0.6991358E+03,
 0.9742000E+01, 0.1741942E+04, 0.1300030E+04, 0.1300030E+04, 0.6992448E+03,
 0.9744000E+01, 0.1742322E+04, 0.1300280E+04, 0.1300280E+04, 0.6993538E+03,
 0.9746000E+01, 0.1742701E+04, 0.1300530E+04, 0.1300530E+04, 0.6994626E+03,
 0.9748000E+01, 0.1743079E+04, 0.1300779E+04, 0.1300779E+04, 0.6995714E+03,
 0.9750000E+01, 0.1743458E+04, 0.1301029E+04, 0.1301029E+04, 0.6996801E+03,
 0.9752000E+01, 0.1743836E+04, 0.1301278E+04, 0.1301278E+04, 0.6997887E+03,
 0.9754000E+01, 0.1744214E+04, 0.1301527E+04, 0.1301527E+04, 0.6998972E+03,
 0.9756000E+01, 0.1744592E+04, 0.1301776E+04, 0.1301776E+04, 0.7000057E+03,
 0.9758000E+01, 0.1744970E+04, 0.1302025E+04, 0.1302025E+04, 0.7001141E+03,
 0.9760000E+01, 0.1745347E+04, 0.1302273E+04, 0.1302273E+04, 0.7002224E+03,
 0.9762000E+01, 0.1745724E+04, 0.1302522E+04, 0.1302522E+04, 0.7003306E+03,
 0.9764000E+01, 0.1746101E+04, 0.1302770E+04, 0.1302770E+04, 0.7004387E+03,
 0.9766000E+01, 0.1746477E+04, 0.1303018E+04, 0.1303018E+04, 0.7005467E+03,
 0.9768000E+01, 0.1746853E+04, 0.1303266E+04, 0.1303266E+04, 0.7006547E+03,
 0.9770000E+01, 0.1747229E+04, 0.1303514E+04, 0.1303514E+04, 0.7007625E+03,
 0.9772000E+01, 0.1747605E+04, 0.1303762E+04, 0.1303762E+04, 0.7008703E+03,
 0.9774000E+01, 0.1747980E+04, 0.1304009E+04, 0.1304009E+04, 0.7009780E+03,
 0.9776000E+01, 0.1748355E+04, 0.1304256E+04, 0.1304256E+04, 0.7010856E+03,
 0.9778000E+01, 0.1748730E+04, 0.1304504E+04, 0.1304504E+04, 0.7011932E+03,
 0.9780000E+01, 0.1749105E+04, 0.1304751E+04, 0.1304751E+04, 0.7013006E+03,
 0.9782000E+01, 0.1749479E+04, 0.1304997E+04, 0.1304997E+04, 0.7014080E+03,
 0.9784000E+01, 0.1749854E+04, 0.1305244E+04, 0.1305244E+04, 0.7015153E+03,
 0.9786000E+01, 0.1750228E+04, 0.1305491E+04, 0.1305491E+04, 0.7016225E+03,
 0.9788000E+01, 0.1750601E+04, 0.1305737E+04, 0.1305737E+04, 0.7017296E+03,
 0.9790000E+01, 0.1750974E+04, 0.1305983E+04, 0.1305983E+04, 0.7018367E+03,
 0.9792000E+01, 0.1751348E+04, 0.1306229E+04, 0.1306229E+04, 0.7019436E+03,
 0.9794000E+01, 0.1751720E+04, 0.1306475E+04, 0.1306475E+04, 0.7020505E+03,
 0.9796000E+01, 0.1752093E+04, 0.1306721E+04, 0.1306721E+04, 0.7021573E+03,
 0.9798000E+01, 0.1752465E+04, 0.1306966E+04, 0.1306966E+04, 0.7022640E+03,
 0.9800000E+01, 0.1752838E+04, 0.1307212E+04, 0.1307212E+04, 0.7023707E+03,
 0.9802000E+01, 0.1753209E+04, 0.1307457E+04, 0.1307457E+04, 0.7024772E+03,
 0.9804000E+01, 0.1753581E+04, 0.1307702E+04, 0.1307702E+04, 0.7025837E+03,
 0.9806000E+01, 0.1753952E+04, 0.1307947E+04, 0.1307947E+04, 0.7026901E+03,
 0.9808000E+01, 0.1754323E+04, 0.1308192E+04, 0.1308192E+04, 0.7027964E+03,
 0.9810000E+01, 0.1754694E+04, 0.1308436E+04, 0.1308436E+04, 0.7029026E+03,
 0.9812000E+01, 0.1755065E+04, 0.1308681E+04, 0.1308681E+04, 0.7030087E+03,
 0.9814000E+01, 0.1755435E+04, 0.1308925E+04, 0.1308925E+04, 0.7031148E+03,
 0.9816000E+01, 0.1755805E+04, 0.1309169E+04, 0.1309169E+04, 0.7032208E+03,
 0.9818000E+01, 0.1756175E+04, 0.1309413E+04, 0.1309413E+04, 0.7033267E+03,
 0.9820000E+01, 0.1756544E+04, 0.1309657E+04, 0.1309657E+04, 0.7034325E+03,
 0.9822000E+01, 0.1756913E+04, 0.1309901E+04, 0.1309901E+04, 0.7035382E+03,
 0.9824000E+01, 0.1757282E+04, 0.1310144E+04, 0.1310144E+04, 0.7036439E+03,
 0.9826000E+01, 0.1757651E+04, 0.1310388E+04, 0.1310388E+04, 0.7037495E+03,
 0.9828000E+01, 0.1758020E+04, 0.1310631E+04, 0.1310631E+04, 0.7038549E+03,
 0.9830000E+01, 0.1758388E+04, 0.1310874E+04, 0.1310874E+04, 0.7039603E+03,
 0.9832000E+01, 0.1758756E+04, 0.1311117E+04, 0.1311117E+04, 0.7040657E+03,
 0.9834000E+01, 0.1759124E+04, 0.1311359E+04, 0.1311359E+04, 0.7041710E+03,
 0.9836000E+01, 0.1759491E+04, 0.1311602E+04, 0.1311602E+04, 0.7042761E+03,
 0.9838000E+01, 0.1759858E+04, 0.1311844E+04, 0.1311844E+04, 0.7043812E+03,
 0.9840000E+01, 0.1760225E+04, 0.1312086E+04, 0.1312086E+04, 0.7044862E+03,
 0.9842000E+01, 0.1760592E+04, 0.1312328E+04, 0.1312328E+04, 0.7045911E+03,
 0.9844000E+01, 0.1760958E+04, 0.1312570E+04, 0.1312570E+04, 0.7046959E+03,
 0.9846000E+01, 0.1761324E+04, 0.1312812E+04, 0.1312812E+04, 0.7048007E+03,
 0.9848000E+01, 0.1761690E+04, 0.1313054E+04, 0.1313054E+04, 0.7049054E+03,
 0.9850000E+01, 0.1762056E+04, 0.1313295E+04, 0.1313295E+04, 0.7050100E+03,
 0.9852000E+01, 0.1762421E+04, 0.1313536E+04, 0.1313536E+04, 0.7051145E+03,
 0.9854000E+01, 0.1762786E+04, 0.1313777E+04, 0.1313777E+04, 0.7052189E+03,
 0.9856000E+01, 0.1763151E+04, 0.1314018E+04, 0.1314018E+04, 0.7053233E+03,
 0.9858000E+01, 0.1763516E+04, 0.1314259E+04, 0.1314259E+04, 0.7054276E+03,
 0.9860000E+01, 0.1763880E+04, 0.1314500E+04, 0.1314500E+04, 0.7055318E+03,
 0.9862000E+01, 0.1764245E+04, 0.1314740E+04, 0.1314740E+04, 0.7056359E+03,
 0.9864000E+01, 0.1764608E+04, 0.1314981E+04, 0.1314981E+04, 0.7057399E+03,
 0.9866000E+01, 0.1764972E+04, 0.1315221E+04, 0.1315221E+04, 0.7058439E+03,
 0.9868000E+01, 0.1765335E+04, 0.1315461E+04, 0.1315461E+04, 0.7059478E+03,
 0.9870000E+01, 0.1765698E+04, 0.1315701E+04, 0.1315701E+04, 0.7060515E+03,
 0.9872000E+01, 0.1766061E+04, 0.1315940E+04, 0.1315940E+04, 0.7061553E+03,
 0.9874000E+01, 0.1766424E+04, 0.1316180E+04, 0.1316180E+04, 0.7062589E+03,
 0.9876000E+01, 0.1766786E+04, 0.1316419E+04, 0.1316419E+04, 0.7063624E+03,
 0.9878000E+01, 0.1767148E+04, 0.1316658E+04, 0.1316658E+04, 0.7064659E+03,
 0.9880000E+01, 0.1767510E+04, 0.1316898E+04, 0.1316898E+04, 0.7065693E+03,
 0.9882000E+01, 0.1767872E+04, 0.1317136E+04, 0.1317136E+04, 0.7066726E+03,
 0.9884000E+01, 0.1768233E+04, 0.1317375E+04, 0.1317375E+04, 0.7067758E+03,
 0.9886000E+01, 0.1768594E+04, 0.1317614E+04, 0.1317614E+04, 0.7068790E+03,
 0.9888000E+01, 0.1768955E+04, 0.1317852E+04, 0.1317852E+04, 0.7069821E+03,
 0.9890000E+01, 0.1769315E+04, 0.1318090E+04, 0.1318090E+04, 0.7070851E+03,
 0.9892000E+01, 0.1769676E+04, 0.1318328E+04, 0.1318328E+04, 0.7071880E+03,
 0.9894000E+01, 0.1770036E+04, 0.1318567E+04, 0.1318567E+04, 0.7072908E+03,
 0.9896000E+01, 0.1770395E+04, 0.1318804E+04, 0.1318804E+04, 0.7073936E+03,
 0.9898000E+01, 0.1770755E+04, 0.1319042E+04, 0.1319042E+04, 0.7074962E+03,
 0.9900000E+01, 0.1771114E+04, 0.1319279E+04, 0.1319279E+04, 0.7075988E+03,
 0.9902000E+01, 0.1771473E+04, 0.1319517E+04, 0.1319517E+04, 0.7077014E+03,
 0.9904000E+01, 0.1771832E+04, 0.1319754E+04, 0.1319754E+04, 0.7078038E+03,
 0.9906000E+01, 0.1772191E+04, 0.1319991E+04, 0.1319991E+04, 0.7079061E+03,
 0.9908000E+01, 0.1772549E+04, 0.1320228E+04, 0.1320228E+04, 0.7080084E+03,
 0.9910000E+01, 0.1772907E+04, 0.1320464E+04, 0.1320464E+04, 0.7081106E+03,
 0.9912000E+01, 0.1773265E+04, 0.1320701E+04, 0.1320701E+04, 0.7082127E+03,
 0.9914000E+01, 0.1773622E+04, 0.1320937E+04, 0.1320937E+04, 0.7083148E+03,
 0.9916000E+01, 0.1773979E+04, 0.1321174E+04, 0.1321174E+04, 0.7084167E+03,
 0.9918000E+01, 0.1774336E+04, 0.1321410E+04, 0.1321410E+04, 0.7085186E+03,
 0.9920000E+01, 0.1774693E+04, 0.1321646E+04, 0.1321646E+04, 0.7086204E+03,
 0.9922000E+01, 0.1775049E+04, 0.1321881E+04, 0.1321881E+04, 0.7087221E+03,
 0.9924000E+01, 0.1775406E+04, 0.1322117E+04, 0.1322117E+04, 0.7088238E+03,
 0.9926000E+01, 0.1775762E+04, 0.1322352E+04, 0.1322352E+04, 0.7089254E+03,
 0.9928000E+01, 0.1776117E+04, 0.1322588E+04, 0.1322588E+04, 0.7090268E+03,
 0.9930000E+01, 0.1776473E+04, 0.1322823E+04, 0.1322823E+04, 0.7091282E+03,
 0.9932000E+01, 0.1776828E+04, 0.1323058E+04, 0.1323058E+04, 0.7092296E+03,
 0.9934000E+01, 0.1777183E+04, 0.1323292E+04, 0.1323292E+04, 0.7093308E+03,
 0.9936000E+01, 0.1777538E+04, 0.1323527E+04, 0.1323527E+04, 0.7094319E+03,
 0.9938000E+01, 0.1777892E+04, 0.1323762E+04, 0.1323762E+04, 0.7095331E+03,
 0.9940000E+01, 0.1778246E+04, 0.1323996E+04, 0.1323996E+04, 0.7096341E+03,
 0.9942000E+01, 0.1778600E+04, 0.1324230E+04, 0.1324230E+04, 0.7097350E+03,
 0.9944000E+01, 0.1778954E+04, 0.1324464E+04, 0.1324464E+04, 0.7098359E+03,
 0.9946000E+01, 0.1779308E+04, 0.1324698E+04, 0.1324698E+04, 0.7099366E+03,
 0.9948000E+01, 0.1779661E+04, 0.1324932E+04, 0.1324932E+04, 0.7100374E+03,
 0.9950000E+01, 0.1780014E+04, 0.1325165E+04, 0.1325165E+04, 0.7101380E+03,
 0.9952000E+01, 0.1780366E+04, 0.1325399E+04, 0.1325399E+04, 0.7102385E+03,
 0.9954000E+01, 0.1780719E+04, 0.1325632E+04, 0.1325632E+04, 0.7103390E+03,
 0.9956000E+01, 0.1781071E+04, 0.1325865E+04, 0.1325865E+04, 0.7104394E+03,
 0.9958000E+01, 0.1781423E+04, 0.1326098E+04, 0.1326098E+04, 0.7105397E+03,
 0.9960000E+01, 0.1781775E+04, 0.1326331E+04, 0.1326331E+04, 0.7106400E+03,
 0.9962000E+01, 0.1782126E+04, 0.1326564E+04, 0.1326564E+04, 0.7107401E+03,
 0.9964000E+01, 0.1782477E+04, 0.1326796E+04, 0.1326796E+04, 0.7108402E+03,
 0.9966000E+01, 0.1782828E+04, 0.1327028E+04, 0.1327028E+04, 0.7109402E+03,
 0.9968000E+01, 0.1783179E+04, 0.1327261E+04, 0.1327261E+04, 0.7110401E+03,
 0.9970000E+01, 0.1783530E+04, 0.1327493E+04, 0.1327493E+04, 0.7111400E+03,
 0.9972000E+01, 0.1783880E+04, 0.1327724E+04, 0.1327724E+04, 0.7112397E+03,
 0.9974000E+01, 0.1784230E+04, 0.1327956E+04, 0.1327956E+04, 0.7113394E+03,
 0.9976000E+01, 0.1784579E+04, 0.1328188E+04, 0.1328188E+04, 0.7114390E+03,
 0.9978000E+01, 0.1784929E+04, 0.1328419E+04, 0.1328419E+04, 0.7115386E+03,
 0.9980000E+01, 0.1785278E+04, 0.1328651E+04, 0.1328651E+04, 0.7116381E+03,
 0.9982000E+01, 0.1785627E+04, 0.1328882E+04, 0.1328882E+04, 0.7117374E+03,
 0.9984000E+01, 0.1785976E+04, 0.1329113E+04, 0.1329113E+04, 0.7118367E+03,
 0.9986000E+01, 0.1786324E+04, 0.1329343E+04, 0.1329343E+04, 0.7119360E+03,
 0.9988000E+01, 0.1786672E+04, 0.1329574E+04, 0.1329574E+04, 0.7120352E+03,
 0.9990000E+01, 0.1787020E+04, 0.1329804E+04, 0.1329804E+04, 0.7121342E+03,
 0.9992000E+01, 0.1787368E+04, 0.1330035E+04, 0.1330035E+04, 0.7122332E+03,
 0.9994000E+01, 0.1787716E+04, 0.1330265E+04, 0.1330265E+04, 0.7123322E+03,
 0.9996000E+01, 0.1788063E+04, 0.1330495E+04, 0.1330495E+04, 0.7124310E+03,
 0.9998000E+01, 0.1788410E+04, 0.1330725E+04, 0.1330725E+04, 0.7125298E+03,
 0.1000000E+02, 0.1788756E+04, 0.1330955E+04, 0.1330955E+04, 0.7126285E+03,
