@TE0,TD0,TT0,TA0 [keV]  vs t@
X,TE0,TD0,TT0,TA0
 0.0000000E+00, 0.5000000E+01, 0.5000000E+01, 0.5000000E+01, 0.5000000E+01,
 0.2000000E-02, 0.4998508E+01, 0.4999313E+01, 0.4999180E+01, 0.4999547E+01,
 0.4000000E-02, 0.4997131E+01, 0.4998693E+01, 0.4998490E+01, 0.4998971E+01,
 0.6000000E-02, 0.4995862E+01, 0.4998125E+01, 0.4997888E+01, 0.4998393E+01,
 0.8000000E-02, 0.4994696E+01, 0.4997600E+01, 0.4997347E+01, 0.4997846E+01,
 0.1000000E-01, 0.4993625E+01, 0.4997110E+01, 0.4996852E+01, 0.4997337E+01,
 0.1200000E-01, 0.4992644E+01, 0.4996650E+01, 0.4996392E+01, 0.4996861E+01,
 0.1400000E-01, 0.4991747E+01, 0.4996213E+01, 0.4995958E+01, 0.4996412E+01,
 0.1600000E-01, 0.4990930E+01, 0.4995797E+01, 0.4995546E+01, 0.4995988E+01,
 0.1800000E-01, 0.4990187E+01, 0.4995399E+01, 0.4995152E+01, 0.4995585E+01,
 0.2000000E-01, 0.4989512E+01, 0.4995017E+01, 0.4994773E+01, 0.4995199E+01,
 0.2200000E-01, 0.4988903E+01, 0.4994649E+01, 0.4994409E+01, 0.4994829E+01,
 0.2400000E-01, 0.4988354E+01, 0.4994294E+01, 0.4994055E+01, 0.4994472E+01,
 0.2600000E-01, 0.4987861E+01, 0.4993950E+01, 0.4993714E+01, 0.4994128E+01,
 0.2800000E-01, 0.4987421E+01, 0.4993618E+01, 0.4993382E+01, 0.4993796E+01,
 0.3000000E-01, 0.4987030E+01, 0.4993296E+01, 0.4993061E+01, 0.4993475E+01,
 0.3200000E-01, 0.4986685E+01, 0.4992985E+01, 0.4992749E+01, 0.4993165E+01,
 0.3400000E-01, 0.4986382E+01, 0.4992682E+01, 0.4992446E+01, 0.4992864E+01,
 0.3600000E-01, 0.4986120E+01, 0.4992390E+01, 0.4992153E+01, 0.4992573E+01,
 0.3800000E-01, 0.4985894E+01, 0.4992107E+01, 0.4991868E+01, 0.4992292E+01,
 0.4000000E-01, 0.4985703E+01, 0.4991833E+01, 0.4991591E+01, 0.4992020E+01,
 0.4200000E-01, 0.4985543E+01, 0.4991567E+01, 0.4991323E+01, 0.4991757E+01,
 0.4400000E-01, 0.4985413E+01, 0.4991310E+01, 0.4991064E+01, 0.4991502E+01,
 0.4600000E-01, 0.4985311E+01, 0.4991062E+01, 0.4990812E+01, 0.4991257E+01,
 0.4800000E-01, 0.4985233E+01, 0.4990822E+01, 0.4990569E+01, 0.4991019E+01,
 0.5000000E-01, 0.4985180E+01, 0.4990590E+01, 0.4990333E+01, 0.4990790E+01,
 0.5200000E-01, 0.4985149E+01, 0.4990366E+01, 0.4990106E+01, 0.4990570E+01,
 0.5400000E-01, 0.4985137E+01, 0.4990151E+01, 0.4989886E+01, 0.4990357E+01,
 0.5600000E-01, 0.4985145E+01, 0.4989943E+01, 0.4989674E+01, 0.4990152E+01,
 0.5800000E-01, 0.4985170E+01, 0.4989743E+01, 0.4989470E+01, 0.4989955E+01,
 0.6000000E-01, 0.4985210E+01, 0.4989551E+01, 0.4989274E+01, 0.4989766E+01,
 0.6200000E-01, 0.4985266E+01, 0.4989366E+01, 0.4989084E+01, 0.4989584E+01,
 0.6400000E-01, 0.4985335E+01, 0.4989189E+01, 0.4988902E+01, 0.4989409E+01,
 0.6600000E-01, 0.4985416E+01, 0.4989018E+01, 0.4988728E+01, 0.4989243E+01,
 0.6800000E-01, 0.4985509E+01, 0.4988856E+01, 0.4988560E+01, 0.4989083E+01,
 0.7000000E-01, 0.4985612E+01, 0.4988700E+01, 0.4988400E+01, 0.4988930E+01,
 0.7200000E-01, 0.4985725E+01, 0.4988551E+01, 0.4988246E+01, 0.4988784E+01,
 0.7400000E-01, 0.4985847E+01, 0.4988409E+01, 0.4988100E+01, 0.4988645E+01,
 0.7600000E-01, 0.4985976E+01, 0.4988274E+01, 0.4987959E+01, 0.4988513E+01,
 0.7800000E-01, 0.4986113E+01, 0.4988145E+01, 0.4987826E+01, 0.4988387E+01,
 0.8000000E-01, 0.4986257E+01, 0.4988022E+01, 0.4987699E+01, 0.4988267E+01,
 0.8200000E-01, 0.4986406E+01, 0.4987906E+01, 0.4987579E+01, 0.4988154E+01,
 0.8400000E-01, 0.4986561E+01, 0.4987797E+01, 0.4987464E+01, 0.4988047E+01,
 0.8600000E-01, 0.4986721E+01, 0.4987693E+01, 0.4987356E+01, 0.4987947E+01,
 0.8800000E-01, 0.4986885E+01, 0.4987596E+01, 0.4987254E+01, 0.4987852E+01,
 0.9000000E-01, 0.4987053E+01, 0.4987504E+01, 0.4987158E+01, 0.4987762E+01,
 0.9200000E-01, 0.4987225E+01, 0.4987418E+01, 0.4987068E+01, 0.4987679E+01,
 0.9400000E-01, 0.4987400E+01, 0.4987338E+01, 0.4986983E+01, 0.4987601E+01,
 0.9600000E-01, 0.4987577E+01, 0.4987263E+01, 0.4986904E+01, 0.4987529E+01,
 0.9800000E-01, 0.4987757E+01, 0.4987193E+01, 0.4986830E+01, 0.4987462E+01,
 0.1000000E+00, 0.4987939E+01, 0.4987129E+01, 0.4986762E+01, 0.4987401E+01,
 0.1020000E+00, 0.4988123E+01, 0.4987070E+01, 0.4986699E+01, 0.4987344E+01,
 0.1040000E+00, 0.4988308E+01, 0.4987016E+01, 0.4986641E+01, 0.4987292E+01,
 0.1060000E+00, 0.4988495E+01, 0.4986967E+01, 0.4986588E+01, 0.4987245E+01,
 0.1080000E+00, 0.4988683E+01, 0.4986923E+01, 0.4986540E+01, 0.4987203E+01,
 0.1100000E+00, 0.4988872E+01, 0.4986883E+01, 0.4986496E+01, 0.4987166E+01,
 0.1120000E+00, 0.4989061E+01, 0.4986848E+01, 0.4986458E+01, 0.4987133E+01,
 0.1140000E+00, 0.4989251E+01, 0.4986817E+01, 0.4986423E+01, 0.4987105E+01,
 0.1160000E+00, 0.4989441E+01, 0.4986792E+01, 0.4986394E+01, 0.4987081E+01,
 0.1180000E+00, 0.4989632E+01, 0.4986770E+01, 0.4986369E+01, 0.4987061E+01,
 0.1200000E+00, 0.4989822E+01, 0.4986752E+01, 0.4986348E+01, 0.4987045E+01,
 0.1220000E+00, 0.4990012E+01, 0.4986739E+01, 0.4986331E+01, 0.4987034E+01,
 0.1240000E+00, 0.4990202E+01, 0.4986729E+01, 0.4986318E+01, 0.4987026E+01,
 0.1260000E+00, 0.4990393E+01, 0.4986723E+01, 0.4986309E+01, 0.4987022E+01,
 0.1280000E+00, 0.4990582E+01, 0.4986722E+01, 0.4986304E+01, 0.4987022E+01,
 0.1300000E+00, 0.4990771E+01, 0.4986723E+01, 0.4986303E+01, 0.4987026E+01,
 0.1320000E+00, 0.4990960E+01, 0.4986729E+01, 0.4986305E+01, 0.4987033E+01,
 0.1340000E+00, 0.4991148E+01, 0.4986738E+01, 0.4986311E+01, 0.4987043E+01,
 0.1360000E+00, 0.4991336E+01, 0.4986750E+01, 0.4986321E+01, 0.4987057E+01,
 0.1380000E+00, 0.4991523E+01, 0.4986766E+01, 0.4986334E+01, 0.4987075E+01,
 0.1400000E+00, 0.4991709E+01, 0.4986784E+01, 0.4986350E+01, 0.4987095E+01,
 0.1420000E+00, 0.4991894E+01, 0.4986807E+01, 0.4986370E+01, 0.4987119E+01,
 0.1440000E+00, 0.4992079E+01, 0.4986832E+01, 0.4986392E+01, 0.4987145E+01,
 0.1460000E+00, 0.4992262E+01, 0.4986860E+01, 0.4986418E+01, 0.4987175E+01,
 0.1480000E+00, 0.4992445E+01, 0.4986891E+01, 0.4986447E+01, 0.4987207E+01,
 0.1500000E+00, 0.4992627E+01, 0.4986925E+01, 0.4986478E+01, 0.4987243E+01,
 0.1520000E+00, 0.4992808E+01, 0.4986962E+01, 0.4986513E+01, 0.4987281E+01,
 0.1540000E+00, 0.4992989E+01, 0.4987001E+01, 0.4986550E+01, 0.4987322E+01,
 0.1560000E+00, 0.4993167E+01, 0.4987044E+01, 0.4986590E+01, 0.4987365E+01,
 0.1580000E+00, 0.4993346E+01, 0.4987088E+01, 0.4986632E+01, 0.4987411E+01,
 0.1600000E+00, 0.4993523E+01, 0.4987135E+01, 0.4986678E+01, 0.4987459E+01,
 0.1620000E+00, 0.4993700E+01, 0.4987185E+01, 0.4986725E+01, 0.4987510E+01,
 0.1640000E+00, 0.4993876E+01, 0.4987237E+01, 0.4986775E+01, 0.4987563E+01,
 0.1660000E+00, 0.4994050E+01, 0.4987291E+01, 0.4986827E+01, 0.4987618E+01,
 0.1680000E+00, 0.4994224E+01, 0.4987348E+01, 0.4986882E+01, 0.4987676E+01,
 0.1700000E+00, 0.4994396E+01, 0.4987406E+01, 0.4986939E+01, 0.4987736E+01,
 0.1720000E+00, 0.4994568E+01, 0.4987467E+01, 0.4986998E+01, 0.4987797E+01,
 0.1740000E+00, 0.4994739E+01, 0.4987530E+01, 0.4987059E+01, 0.4987861E+01,
 0.1760000E+00, 0.4994909E+01, 0.4987595E+01, 0.4987123E+01, 0.4987927E+01,
 0.1780000E+00, 0.4995078E+01, 0.4987662E+01, 0.4987188E+01, 0.4987995E+01,
 0.1800000E+00, 0.4995246E+01, 0.4987731E+01, 0.4987255E+01, 0.4988064E+01,
 0.1820000E+00, 0.4995414E+01, 0.4987801E+01, 0.4987324E+01, 0.4988136E+01,
 0.1840000E+00, 0.4995581E+01, 0.4987874E+01, 0.4987395E+01, 0.4988209E+01,
 0.1860000E+00, 0.4995746E+01, 0.4987948E+01, 0.4987467E+01, 0.4988284E+01,
 0.1880000E+00, 0.4995911E+01, 0.4988024E+01, 0.4987542E+01, 0.4988360E+01,
 0.1900000E+00, 0.4996075E+01, 0.4988101E+01, 0.4987618E+01, 0.4988439E+01,
 0.1920000E+00, 0.4996239E+01, 0.4988180E+01, 0.4987696E+01, 0.4988519E+01,
 0.1940000E+00, 0.4996401E+01, 0.4988261E+01, 0.4987775E+01, 0.4988600E+01,
 0.1960000E+00, 0.4996563E+01, 0.4988343E+01, 0.4987856E+01, 0.4988683E+01,
 0.1980000E+00, 0.4996724E+01, 0.4988427E+01, 0.4987939E+01, 0.4988768E+01,
 0.2000000E+00, 0.4996884E+01, 0.4988512E+01, 0.4988023E+01, 0.4988853E+01,
 0.2020000E+00, 0.4997044E+01, 0.4988598E+01, 0.4988108E+01, 0.4988940E+01,
 0.2040000E+00, 0.4997203E+01, 0.4988687E+01, 0.4988195E+01, 0.4989029E+01,
 0.2060000E+00, 0.4997361E+01, 0.4988776E+01, 0.4988283E+01, 0.4989119E+01,
 0.2080000E+00, 0.4997519E+01, 0.4988866E+01, 0.4988372E+01, 0.4989210E+01,
 0.2100000E+00, 0.4997675E+01, 0.4988958E+01, 0.4988463E+01, 0.4989302E+01,
 0.2120000E+00, 0.4997832E+01, 0.4989051E+01, 0.4988555E+01, 0.4989396E+01,
 0.2140000E+00, 0.4997987E+01, 0.4989145E+01, 0.4988648E+01, 0.4989491E+01,
 0.2160000E+00, 0.4998143E+01, 0.4989241E+01, 0.4988743E+01, 0.4989586E+01,
 0.2180000E+00, 0.4998297E+01, 0.4989337E+01, 0.4988838E+01, 0.4989683E+01,
 0.2200000E+00, 0.4998451E+01, 0.4989434E+01, 0.4988935E+01, 0.4989781E+01,
 0.2220000E+00, 0.4998604E+01, 0.4989533E+01, 0.4989033E+01, 0.4989881E+01,
 0.2240000E+00, 0.4998757E+01, 0.4989633E+01, 0.4989131E+01, 0.4989981E+01,
 0.2260000E+00, 0.4998910E+01, 0.4989733E+01, 0.4989232E+01, 0.4990082E+01,
 0.2280000E+00, 0.4999062E+01, 0.4989835E+01, 0.4989332E+01, 0.4990184E+01,
 0.2300000E+00, 0.4999213E+01, 0.4989938E+01, 0.4989434E+01, 0.4990287E+01,
 0.2320000E+00, 0.4999364E+01, 0.4990041E+01, 0.4989537E+01, 0.4990391E+01,
 0.2340000E+00, 0.4999515E+01, 0.4990146E+01, 0.4989641E+01, 0.4990495E+01,
 0.2360000E+00, 0.4999665E+01, 0.4990251E+01, 0.4989745E+01, 0.4990601E+01,
 0.2380000E+00, 0.4999815E+01, 0.4990357E+01, 0.4989851E+01, 0.4990707E+01,
 0.2400000E+00, 0.4999964E+01, 0.4990464E+01, 0.4989957E+01, 0.4990815E+01,
 0.2420000E+00, 0.5000113E+01, 0.4990571E+01, 0.4990064E+01, 0.4990923E+01,
 0.2440000E+00, 0.5000261E+01, 0.4990680E+01, 0.4990172E+01, 0.4991032E+01,
 0.2460000E+00, 0.5000409E+01, 0.4990789E+01, 0.4990281E+01, 0.4991142E+01,
 0.2480000E+00, 0.5000557E+01, 0.4990900E+01, 0.4990390E+01, 0.4991252E+01,
 0.2500000E+00, 0.5000704E+01, 0.4991010E+01, 0.4990500E+01, 0.4991363E+01,
 0.2520000E+00, 0.5000852E+01, 0.4991122E+01, 0.4990611E+01, 0.4991475E+01,
 0.2540000E+00, 0.5000998E+01, 0.4991234E+01, 0.4990723E+01, 0.4991587E+01,
 0.2560000E+00, 0.5001145E+01, 0.4991347E+01, 0.4990835E+01, 0.4991701E+01,
 0.2580000E+00, 0.5001291E+01, 0.4991460E+01, 0.4990948E+01, 0.4991814E+01,
 0.2600000E+00, 0.5001437E+01, 0.4991574E+01, 0.4991062E+01, 0.4991929E+01,
 0.2620000E+00, 0.5001583E+01, 0.4991689E+01, 0.4991176E+01, 0.4992043E+01,
 0.2640000E+00, 0.5001728E+01, 0.4991805E+01, 0.4991291E+01, 0.4992159E+01,
 0.2660000E+00, 0.5001873E+01, 0.4991920E+01, 0.4991406E+01, 0.4992275E+01,
 0.2680000E+00, 0.5002018E+01, 0.4992037E+01, 0.4991522E+01, 0.4992392E+01,
 0.2700000E+00, 0.5002163E+01, 0.4992154E+01, 0.4991639E+01, 0.4992509E+01,
 0.2720000E+00, 0.5002307E+01, 0.4992271E+01, 0.4991756E+01, 0.4992627E+01,
 0.2740000E+00, 0.5002451E+01, 0.4992390E+01, 0.4991873E+01, 0.4992745E+01,
 0.2760000E+00, 0.5002596E+01, 0.4992508E+01, 0.4991992E+01, 0.4992864E+01,
 0.2780000E+00, 0.5002739E+01, 0.4992627E+01, 0.4992110E+01, 0.4992983E+01,
 0.2800000E+00, 0.5002883E+01, 0.4992747E+01, 0.4992229E+01, 0.4993104E+01,
 0.2820000E+00, 0.5003027E+01, 0.4992867E+01, 0.4992349E+01, 0.4993224E+01,
 0.2840000E+00, 0.5003170E+01, 0.4992987E+01, 0.4992469E+01, 0.4993344E+01,
 0.2860000E+00, 0.5003314E+01, 0.4993108E+01, 0.4992589E+01, 0.4993465E+01,
 0.2880000E+00, 0.5003457E+01, 0.4993229E+01, 0.4992711E+01, 0.4993587E+01,
 0.2900000E+00, 0.5003600E+01, 0.4993351E+01, 0.4992832E+01, 0.4993709E+01,
 0.2920000E+00, 0.5003742E+01, 0.4993474E+01, 0.4992954E+01, 0.4993831E+01,
 0.2940000E+00, 0.5003885E+01, 0.4993596E+01, 0.4993076E+01, 0.4993954E+01,
 0.2960000E+00, 0.5004028E+01, 0.4993719E+01, 0.4993199E+01, 0.4994077E+01,
 0.2980000E+00, 0.5004170E+01, 0.4993842E+01, 0.4993322E+01, 0.4994201E+01,
 0.3000000E+00, 0.5004313E+01, 0.4993966E+01, 0.4993445E+01, 0.4994325E+01,
 0.3020000E+00, 0.5004455E+01, 0.4994090E+01, 0.4993569E+01, 0.4994449E+01,
 0.3040000E+00, 0.5004597E+01, 0.4994215E+01, 0.4993693E+01, 0.4994573E+01,
 0.3060000E+00, 0.5004739E+01, 0.4994339E+01, 0.4993817E+01, 0.4994698E+01,
 0.3080000E+00, 0.5004881E+01, 0.4994464E+01, 0.4993942E+01, 0.4994823E+01,
 0.3100000E+00, 0.5005023E+01, 0.4994590E+01, 0.4994067E+01, 0.4994949E+01,
 0.3120000E+00, 0.5005165E+01, 0.4994715E+01, 0.4994193E+01, 0.4995075E+01,
 0.3140000E+00, 0.5005307E+01, 0.4994842E+01, 0.4994318E+01, 0.4995201E+01,
 0.3160000E+00, 0.5005448E+01, 0.4994967E+01, 0.4994444E+01, 0.4995327E+01,
 0.3180000E+00, 0.5005590E+01, 0.4995094E+01, 0.4994571E+01, 0.4995454E+01,
 0.3200000E+00, 0.5005732E+01, 0.4995221E+01, 0.4994698E+01, 0.4995581E+01,
 0.3220000E+00, 0.5005874E+01, 0.4995348E+01, 0.4994824E+01, 0.4995708E+01,
 0.3240000E+00, 0.5006015E+01, 0.4995476E+01, 0.4994951E+01, 0.4995836E+01,
 0.3260000E+00, 0.5006156E+01, 0.4995604E+01, 0.4995079E+01, 0.4995964E+01,
 0.3280000E+00, 0.5006298E+01, 0.4995731E+01, 0.4995207E+01, 0.4996092E+01,
 0.3300000E+00, 0.5006440E+01, 0.4995860E+01, 0.4995335E+01, 0.4996221E+01,
 0.3320000E+00, 0.5006581E+01, 0.4995988E+01, 0.4995463E+01, 0.4996349E+01,
 0.3340000E+00, 0.5006722E+01, 0.4996117E+01, 0.4995591E+01, 0.4996478E+01,
 0.3360000E+00, 0.5006864E+01, 0.4996246E+01, 0.4995720E+01, 0.4996607E+01,
 0.3380000E+00, 0.5007005E+01, 0.4996375E+01, 0.4995849E+01, 0.4996736E+01,
 0.3400000E+00, 0.5007147E+01, 0.4996504E+01, 0.4995978E+01, 0.4996866E+01,
 0.3420000E+00, 0.5007288E+01, 0.4996634E+01, 0.4996107E+01, 0.4996995E+01,
 0.3440000E+00, 0.5007430E+01, 0.4996763E+01, 0.4996237E+01, 0.4997125E+01,
 0.3460000E+00, 0.5007571E+01, 0.4996893E+01, 0.4996367E+01, 0.4997255E+01,
 0.3480000E+00, 0.5007712E+01, 0.4997024E+01, 0.4996497E+01, 0.4997386E+01,
 0.3500000E+00, 0.5007854E+01, 0.4997154E+01, 0.4996626E+01, 0.4997516E+01,
 0.3520000E+00, 0.5007995E+01, 0.4997284E+01, 0.4996757E+01, 0.4997647E+01,
 0.3540000E+00, 0.5008136E+01, 0.4997415E+01, 0.4996888E+01, 0.4997777E+01,
 0.3560000E+00, 0.5008278E+01, 0.4997546E+01, 0.4997018E+01, 0.4997909E+01,
 0.3580000E+00, 0.5008420E+01, 0.4997677E+01, 0.4997149E+01, 0.4998040E+01,
 0.3600000E+00, 0.5008561E+01, 0.4997808E+01, 0.4997280E+01, 0.4998171E+01,
 0.3620000E+00, 0.5008702E+01, 0.4997940E+01, 0.4997411E+01, 0.4998303E+01,
 0.3640000E+00, 0.5008844E+01, 0.4998072E+01, 0.4997543E+01, 0.4998435E+01,
 0.3660000E+00, 0.5008985E+01, 0.4998203E+01, 0.4997674E+01, 0.4998566E+01,
 0.3680000E+00, 0.5009127E+01, 0.4998335E+01, 0.4997806E+01, 0.4998698E+01,
 0.3700000E+00, 0.5009268E+01, 0.4998467E+01, 0.4997938E+01, 0.4998830E+01,
 0.3720000E+00, 0.5009410E+01, 0.4998600E+01, 0.4998070E+01, 0.4998963E+01,
 0.3740000E+00, 0.5009552E+01, 0.4998732E+01, 0.4998202E+01, 0.4999095E+01,
 0.3760000E+00, 0.5009693E+01, 0.4998864E+01, 0.4998334E+01, 0.4999228E+01,
 0.3780000E+00, 0.5009835E+01, 0.4998997E+01, 0.4998466E+01, 0.4999361E+01,
 0.3800000E+00, 0.5009977E+01, 0.4999130E+01, 0.4998599E+01, 0.4999494E+01,
 0.3820000E+00, 0.5010118E+01, 0.4999262E+01, 0.4998732E+01, 0.4999626E+01,
 0.3840000E+00, 0.5010260E+01, 0.4999395E+01, 0.4998865E+01, 0.4999760E+01,
 0.3860000E+00, 0.5010402E+01, 0.4999528E+01, 0.4998998E+01, 0.4999893E+01,
 0.3880000E+00, 0.5010544E+01, 0.4999662E+01, 0.4999131E+01, 0.5000026E+01,
 0.3900000E+00, 0.5010686E+01, 0.4999795E+01, 0.4999264E+01, 0.5000160E+01,
 0.3920000E+00, 0.5010828E+01, 0.4999928E+01, 0.4999397E+01, 0.5000293E+01,
 0.3940000E+00, 0.5010970E+01, 0.5000062E+01, 0.4999530E+01, 0.5000427E+01,
 0.3960000E+00, 0.5011112E+01, 0.5000196E+01, 0.4999664E+01, 0.5000561E+01,
 0.3980000E+00, 0.5011254E+01, 0.5000329E+01, 0.4999797E+01, 0.5000695E+01,
 0.4000000E+00, 0.5011396E+01, 0.5000463E+01, 0.4999931E+01, 0.5000829E+01,
 0.4020000E+00, 0.5011539E+01, 0.5000597E+01, 0.5000065E+01, 0.5000963E+01,
 0.4040000E+00, 0.5011681E+01, 0.5000732E+01, 0.5000199E+01, 0.5001097E+01,
 0.4060000E+00, 0.5011823E+01, 0.5000866E+01, 0.5000333E+01, 0.5001231E+01,
 0.4080000E+00, 0.5011965E+01, 0.5001000E+01, 0.5000467E+01, 0.5001366E+01,
 0.4100000E+00, 0.5012107E+01, 0.5001134E+01, 0.5000601E+01, 0.5001500E+01,
 0.4120000E+00, 0.5012250E+01, 0.5001269E+01, 0.5000735E+01, 0.5001635E+01,
 0.4140000E+00, 0.5012393E+01, 0.5001404E+01, 0.5000870E+01, 0.5001770E+01,
 0.4160000E+00, 0.5012535E+01, 0.5001538E+01, 0.5001004E+01, 0.5001904E+01,
 0.4180000E+00, 0.5012678E+01, 0.5001673E+01, 0.5001139E+01, 0.5002039E+01,
 0.4200000E+00, 0.5012820E+01, 0.5001808E+01, 0.5001273E+01, 0.5002174E+01,
 0.4220000E+00, 0.5012963E+01, 0.5001943E+01, 0.5001408E+01, 0.5002309E+01,
 0.4240000E+00, 0.5013105E+01, 0.5002078E+01, 0.5001543E+01, 0.5002444E+01,
 0.4260000E+00, 0.5013248E+01, 0.5002213E+01, 0.5001678E+01, 0.5002579E+01,
 0.4280000E+00, 0.5013391E+01, 0.5002348E+01, 0.5001812E+01, 0.5002714E+01,
 0.4300000E+00, 0.5013534E+01, 0.5002483E+01, 0.5001947E+01, 0.5002850E+01,
 0.4320000E+00, 0.5013677E+01, 0.5002618E+01, 0.5002082E+01, 0.5002985E+01,
 0.4340000E+00, 0.5013820E+01, 0.5002753E+01, 0.5002218E+01, 0.5003120E+01,
 0.4360000E+00, 0.5013963E+01, 0.5002889E+01, 0.5002353E+01, 0.5003256E+01,
 0.4380000E+00, 0.5014106E+01, 0.5003024E+01, 0.5002488E+01, 0.5003391E+01,
 0.4400000E+00, 0.5014249E+01, 0.5003160E+01, 0.5002624E+01, 0.5003527E+01,
 0.4420000E+00, 0.5014392E+01, 0.5003295E+01, 0.5002759E+01, 0.5003663E+01,
 0.4440000E+00, 0.5014535E+01, 0.5003431E+01, 0.5002894E+01, 0.5003798E+01,
 0.4460000E+00, 0.5014679E+01, 0.5003567E+01, 0.5003030E+01, 0.5003934E+01,
 0.4480000E+00, 0.5014822E+01, 0.5003702E+01, 0.5003165E+01, 0.5004070E+01,
 0.4500000E+00, 0.5014966E+01, 0.5003838E+01, 0.5003301E+01, 0.5004206E+01,
 0.4520000E+00, 0.5015109E+01, 0.5003974E+01, 0.5003437E+01, 0.5004342E+01,
 0.4540000E+00, 0.5015253E+01, 0.5004110E+01, 0.5003572E+01, 0.5004478E+01,
 0.4560000E+00, 0.5015396E+01, 0.5004246E+01, 0.5003708E+01, 0.5004614E+01,
 0.4580000E+00, 0.5015540E+01, 0.5004382E+01, 0.5003844E+01, 0.5004750E+01,
 0.4600000E+00, 0.5015684E+01, 0.5004518E+01, 0.5003979E+01, 0.5004886E+01,
 0.4620000E+00, 0.5015827E+01, 0.5004654E+01, 0.5004115E+01, 0.5005023E+01,
 0.4640000E+00, 0.5015971E+01, 0.5004790E+01, 0.5004251E+01, 0.5005158E+01,
 0.4660000E+00, 0.5016115E+01, 0.5004926E+01, 0.5004387E+01, 0.5005295E+01,
 0.4680000E+00, 0.5016259E+01, 0.5005063E+01, 0.5004523E+01, 0.5005431E+01,
 0.4700000E+00, 0.5016403E+01, 0.5005198E+01, 0.5004659E+01, 0.5005568E+01,
 0.4720000E+00, 0.5016547E+01, 0.5005335E+01, 0.5004795E+01, 0.5005704E+01,
 0.4740000E+00, 0.5016691E+01, 0.5005471E+01, 0.5004931E+01, 0.5005840E+01,
 0.4760000E+00, 0.5016835E+01, 0.5005608E+01, 0.5005067E+01, 0.5005977E+01,
 0.4780000E+00, 0.5016979E+01, 0.5005744E+01, 0.5005204E+01, 0.5006114E+01,
 0.4800000E+00, 0.5017123E+01, 0.5005880E+01, 0.5005340E+01, 0.5006250E+01,
 0.4820000E+00, 0.5017267E+01, 0.5006017E+01, 0.5005476E+01, 0.5006387E+01,
 0.4840000E+00, 0.5017411E+01, 0.5006154E+01, 0.5005612E+01, 0.5006523E+01,
 0.4860000E+00, 0.5017556E+01, 0.5006290E+01, 0.5005749E+01, 0.5006660E+01,
 0.4880000E+00, 0.5017700E+01, 0.5006426E+01, 0.5005885E+01, 0.5006797E+01,
 0.4900000E+00, 0.5017845E+01, 0.5006563E+01, 0.5006021E+01, 0.5006933E+01,
 0.4920000E+00, 0.5017989E+01, 0.5006700E+01, 0.5006158E+01, 0.5007070E+01,
 0.4940000E+00, 0.5018134E+01, 0.5006836E+01, 0.5006294E+01, 0.5007207E+01,
 0.4960000E+00, 0.5018278E+01, 0.5006973E+01, 0.5006431E+01, 0.5007344E+01,
 0.4980000E+00, 0.5018423E+01, 0.5007110E+01, 0.5006567E+01, 0.5007481E+01,
 0.5000000E+00, 0.5018568E+01, 0.5007246E+01, 0.5006704E+01, 0.5007617E+01,
 0.5020000E+00, 0.5018712E+01, 0.5007383E+01, 0.5006840E+01, 0.5007754E+01,
 0.5040000E+00, 0.5018857E+01, 0.5007520E+01, 0.5006977E+01, 0.5007891E+01,
 0.5060000E+00, 0.5019001E+01, 0.5007657E+01, 0.5007113E+01, 0.5008028E+01,
 0.5080000E+00, 0.5019146E+01, 0.5007793E+01, 0.5007250E+01, 0.5008165E+01,
 0.5100000E+00, 0.5019291E+01, 0.5007930E+01, 0.5007387E+01, 0.5008302E+01,
 0.5120000E+00, 0.5019436E+01, 0.5008067E+01, 0.5007523E+01, 0.5008439E+01,
 0.5140000E+00, 0.5019581E+01, 0.5008204E+01, 0.5007660E+01, 0.5008576E+01,
 0.5160000E+00, 0.5019726E+01, 0.5008341E+01, 0.5007797E+01, 0.5008713E+01,
 0.5180000E+00, 0.5019871E+01, 0.5008478E+01, 0.5007933E+01, 0.5008850E+01,
 0.5200000E+00, 0.5020016E+01, 0.5008615E+01, 0.5008070E+01, 0.5008987E+01,
 0.5220000E+00, 0.5020162E+01, 0.5008752E+01, 0.5008207E+01, 0.5009124E+01,
 0.5240000E+00, 0.5020307E+01, 0.5008889E+01, 0.5008343E+01, 0.5009262E+01,
 0.5260000E+00, 0.5020452E+01, 0.5009026E+01, 0.5008480E+01, 0.5009398E+01,
 0.5280000E+00, 0.5020597E+01, 0.5009163E+01, 0.5008617E+01, 0.5009536E+01,
 0.5300000E+00, 0.5020742E+01, 0.5009300E+01, 0.5008754E+01, 0.5009673E+01,
 0.5320000E+00, 0.5020888E+01, 0.5009437E+01, 0.5008891E+01, 0.5009810E+01,
 0.5340000E+00, 0.5021033E+01, 0.5009574E+01, 0.5009027E+01, 0.5009947E+01,
 0.5360000E+00, 0.5021178E+01, 0.5009711E+01, 0.5009164E+01, 0.5010084E+01,
 0.5380000E+00, 0.5021324E+01, 0.5009848E+01, 0.5009301E+01, 0.5010221E+01,
 0.5400000E+00, 0.5021470E+01, 0.5009985E+01, 0.5009438E+01, 0.5010359E+01,
 0.5420000E+00, 0.5021615E+01, 0.5010122E+01, 0.5009574E+01, 0.5010496E+01,
 0.5440000E+00, 0.5021760E+01, 0.5010259E+01, 0.5009711E+01, 0.5010633E+01,
 0.5460000E+00, 0.5021906E+01, 0.5010396E+01, 0.5009848E+01, 0.5010770E+01,
 0.5480000E+00, 0.5022052E+01, 0.5010533E+01, 0.5009985E+01, 0.5010908E+01,
 0.5500000E+00, 0.5022197E+01, 0.5010671E+01, 0.5010122E+01, 0.5011045E+01,
 0.5520000E+00, 0.5022343E+01, 0.5010808E+01, 0.5010259E+01, 0.5011182E+01,
 0.5540000E+00, 0.5022489E+01, 0.5010945E+01, 0.5010396E+01, 0.5011319E+01,
 0.5560000E+00, 0.5022635E+01, 0.5011082E+01, 0.5010532E+01, 0.5011456E+01,
 0.5580000E+00, 0.5022780E+01, 0.5011219E+01, 0.5010669E+01, 0.5011594E+01,
 0.5600000E+00, 0.5022926E+01, 0.5011356E+01, 0.5010806E+01, 0.5011731E+01,
 0.5620000E+00, 0.5023072E+01, 0.5011493E+01, 0.5010943E+01, 0.5011868E+01,
 0.5640000E+00, 0.5023218E+01, 0.5011630E+01, 0.5011080E+01, 0.5012006E+01,
 0.5660000E+00, 0.5023364E+01, 0.5011767E+01, 0.5011217E+01, 0.5012143E+01,
 0.5680000E+00, 0.5023510E+01, 0.5011905E+01, 0.5011353E+01, 0.5012280E+01,
 0.5700000E+00, 0.5023655E+01, 0.5012042E+01, 0.5011490E+01, 0.5012418E+01,
 0.5720000E+00, 0.5023802E+01, 0.5012179E+01, 0.5011628E+01, 0.5012555E+01,
 0.5740000E+00, 0.5023948E+01, 0.5012316E+01, 0.5011765E+01, 0.5012692E+01,
 0.5760000E+00, 0.5024094E+01, 0.5012453E+01, 0.5011901E+01, 0.5012829E+01,
 0.5780000E+00, 0.5024240E+01, 0.5012590E+01, 0.5012038E+01, 0.5012967E+01,
 0.5800000E+00, 0.5024386E+01, 0.5012727E+01, 0.5012175E+01, 0.5013104E+01,
 0.5820000E+00, 0.5024532E+01, 0.5012865E+01, 0.5012312E+01, 0.5013241E+01,
 0.5840000E+00, 0.5024678E+01, 0.5013001E+01, 0.5012449E+01, 0.5013379E+01,
 0.5860000E+00, 0.5024824E+01, 0.5013139E+01, 0.5012586E+01, 0.5013516E+01,
 0.5880000E+00, 0.5024971E+01, 0.5013276E+01, 0.5012722E+01, 0.5013653E+01,
 0.5900000E+00, 0.5025117E+01, 0.5013413E+01, 0.5012859E+01, 0.5013791E+01,
 0.5920000E+00, 0.5025263E+01, 0.5013550E+01, 0.5012996E+01, 0.5013928E+01,
 0.5940000E+00, 0.5025409E+01, 0.5013687E+01, 0.5013133E+01, 0.5014065E+01,
 0.5960000E+00, 0.5025556E+01, 0.5013824E+01, 0.5013270E+01, 0.5014202E+01,
 0.5980000E+00, 0.5025702E+01, 0.5013961E+01, 0.5013407E+01, 0.5014339E+01,
 0.6000000E+00, 0.5025848E+01, 0.5014099E+01, 0.5013544E+01, 0.5014477E+01,
 0.6020000E+00, 0.5025995E+01, 0.5014235E+01, 0.5013680E+01, 0.5014614E+01,
 0.6040000E+00, 0.5026141E+01, 0.5014373E+01, 0.5013817E+01, 0.5014751E+01,
 0.6060000E+00, 0.5026288E+01, 0.5014510E+01, 0.5013954E+01, 0.5014888E+01,
 0.6080000E+00, 0.5026434E+01, 0.5014647E+01, 0.5014091E+01, 0.5015026E+01,
 0.6100000E+00, 0.5026580E+01, 0.5014784E+01, 0.5014227E+01, 0.5015163E+01,
 0.6120000E+00, 0.5026727E+01, 0.5014921E+01, 0.5014364E+01, 0.5015300E+01,
 0.6140000E+00, 0.5026873E+01, 0.5015058E+01, 0.5014501E+01, 0.5015438E+01,
 0.6160000E+00, 0.5027020E+01, 0.5015195E+01, 0.5014638E+01, 0.5015574E+01,
 0.6180000E+00, 0.5027166E+01, 0.5015332E+01, 0.5014775E+01, 0.5015712E+01,
 0.6200000E+00, 0.5027313E+01, 0.5015469E+01, 0.5014912E+01, 0.5015849E+01,
 0.6220000E+00, 0.5027460E+01, 0.5015606E+01, 0.5015048E+01, 0.5015986E+01,
 0.6240000E+00, 0.5027606E+01, 0.5015743E+01, 0.5015185E+01, 0.5016123E+01,
 0.6260000E+00, 0.5027752E+01, 0.5015880E+01, 0.5015322E+01, 0.5016261E+01,
 0.6280000E+00, 0.5027899E+01, 0.5016017E+01, 0.5015459E+01, 0.5016398E+01,
 0.6300000E+00, 0.5028046E+01, 0.5016154E+01, 0.5015595E+01, 0.5016535E+01,
 0.6320000E+00, 0.5028193E+01, 0.5016291E+01, 0.5015732E+01, 0.5016672E+01,
 0.6340000E+00, 0.5028339E+01, 0.5016428E+01, 0.5015869E+01, 0.5016809E+01,
 0.6360000E+00, 0.5028486E+01, 0.5016565E+01, 0.5016005E+01, 0.5016946E+01,
 0.6380000E+00, 0.5028632E+01, 0.5016702E+01, 0.5016142E+01, 0.5017083E+01,
 0.6400000E+00, 0.5028779E+01, 0.5016839E+01, 0.5016278E+01, 0.5017220E+01,
 0.6420000E+00, 0.5028926E+01, 0.5016976E+01, 0.5016415E+01, 0.5017357E+01,
 0.6440000E+00, 0.5029072E+01, 0.5017113E+01, 0.5016551E+01, 0.5017495E+01,
 0.6460000E+00, 0.5029219E+01, 0.5017250E+01, 0.5016688E+01, 0.5017632E+01,
 0.6480000E+00, 0.5029366E+01, 0.5017386E+01, 0.5016825E+01, 0.5017769E+01,
 0.6500000E+00, 0.5029513E+01, 0.5017523E+01, 0.5016962E+01, 0.5017906E+01,
 0.6520000E+00, 0.5029659E+01, 0.5017660E+01, 0.5017098E+01, 0.5018043E+01,
 0.6540000E+00, 0.5029806E+01, 0.5017797E+01, 0.5017235E+01, 0.5018180E+01,
 0.6560000E+00, 0.5029953E+01, 0.5017934E+01, 0.5017371E+01, 0.5018317E+01,
 0.6580000E+00, 0.5030100E+01, 0.5018071E+01, 0.5017508E+01, 0.5018454E+01,
 0.6600000E+00, 0.5030247E+01, 0.5018208E+01, 0.5017644E+01, 0.5018591E+01,
 0.6620000E+00, 0.5030393E+01, 0.5018344E+01, 0.5017781E+01, 0.5018728E+01,
 0.6640000E+00, 0.5030540E+01, 0.5018481E+01, 0.5017917E+01, 0.5018865E+01,
 0.6660000E+00, 0.5030687E+01, 0.5018618E+01, 0.5018054E+01, 0.5019002E+01,
 0.6680000E+00, 0.5030834E+01, 0.5018755E+01, 0.5018190E+01, 0.5019139E+01,
 0.6700000E+00, 0.5030981E+01, 0.5018891E+01, 0.5018327E+01, 0.5019276E+01,
 0.6720000E+00, 0.5031127E+01, 0.5019028E+01, 0.5018463E+01, 0.5019413E+01,
 0.6740000E+00, 0.5031274E+01, 0.5019165E+01, 0.5018600E+01, 0.5019549E+01,
 0.6760000E+00, 0.5031421E+01, 0.5019302E+01, 0.5018736E+01, 0.5019686E+01,
 0.6780000E+00, 0.5031568E+01, 0.5019438E+01, 0.5018872E+01, 0.5019823E+01,
 0.6800000E+00, 0.5031715E+01, 0.5019575E+01, 0.5019009E+01, 0.5019960E+01,
 0.6820000E+00, 0.5031862E+01, 0.5019711E+01, 0.5019145E+01, 0.5020097E+01,
 0.6840000E+00, 0.5032009E+01, 0.5019848E+01, 0.5019281E+01, 0.5020234E+01,
 0.6860000E+00, 0.5032156E+01, 0.5019985E+01, 0.5019418E+01, 0.5020370E+01,
 0.6880000E+00, 0.5032302E+01, 0.5020122E+01, 0.5019554E+01, 0.5020507E+01,
 0.6900000E+00, 0.5032449E+01, 0.5020258E+01, 0.5019691E+01, 0.5020644E+01,
 0.6920000E+00, 0.5032596E+01, 0.5020395E+01, 0.5019827E+01, 0.5020781E+01,
 0.6940000E+00, 0.5032743E+01, 0.5020532E+01, 0.5019963E+01, 0.5020918E+01,
 0.6960000E+00, 0.5032890E+01, 0.5020668E+01, 0.5020100E+01, 0.5021054E+01,
 0.6980000E+00, 0.5033037E+01, 0.5020804E+01, 0.5020236E+01, 0.5021191E+01,
 0.7000000E+00, 0.5033184E+01, 0.5020941E+01, 0.5020372E+01, 0.5021328E+01,
 0.7020000E+00, 0.5033330E+01, 0.5021078E+01, 0.5020508E+01, 0.5021465E+01,
 0.7040000E+00, 0.5033477E+01, 0.5021214E+01, 0.5020645E+01, 0.5021601E+01,
 0.7060000E+00, 0.5033624E+01, 0.5021351E+01, 0.5020781E+01, 0.5021738E+01,
 0.7080000E+00, 0.5033771E+01, 0.5021487E+01, 0.5020917E+01, 0.5021875E+01,
 0.7100000E+00, 0.5033918E+01, 0.5021624E+01, 0.5021053E+01, 0.5022011E+01,
 0.7120000E+00, 0.5034065E+01, 0.5021760E+01, 0.5021189E+01, 0.5022148E+01,
 0.7140000E+00, 0.5034212E+01, 0.5021896E+01, 0.5021326E+01, 0.5022285E+01,
 0.7160000E+00, 0.5034359E+01, 0.5022033E+01, 0.5021461E+01, 0.5022421E+01,
 0.7180000E+00, 0.5034505E+01, 0.5022170E+01, 0.5021598E+01, 0.5022558E+01,
 0.7200000E+00, 0.5034652E+01, 0.5022306E+01, 0.5021734E+01, 0.5022695E+01,
 0.7220000E+00, 0.5034799E+01, 0.5022442E+01, 0.5021870E+01, 0.5022831E+01,
 0.7240000E+00, 0.5034946E+01, 0.5022579E+01, 0.5022006E+01, 0.5022968E+01,
 0.7260000E+00, 0.5035093E+01, 0.5022715E+01, 0.5022142E+01, 0.5023104E+01,
 0.7280000E+00, 0.5035240E+01, 0.5022851E+01, 0.5022278E+01, 0.5023241E+01,
 0.7300000E+00, 0.5035387E+01, 0.5022988E+01, 0.5022414E+01, 0.5023377E+01,
 0.7320000E+00, 0.5035533E+01, 0.5023124E+01, 0.5022550E+01, 0.5023514E+01,
 0.7340000E+00, 0.5035680E+01, 0.5023261E+01, 0.5022686E+01, 0.5023650E+01,
 0.7360000E+00, 0.5035827E+01, 0.5023396E+01, 0.5022822E+01, 0.5023787E+01,
 0.7380000E+00, 0.5035974E+01, 0.5023533E+01, 0.5022958E+01, 0.5023923E+01,
 0.7400000E+00, 0.5036121E+01, 0.5023669E+01, 0.5023094E+01, 0.5024060E+01,
 0.7420000E+00, 0.5036268E+01, 0.5023806E+01, 0.5023230E+01, 0.5024196E+01,
 0.7440000E+00, 0.5036415E+01, 0.5023942E+01, 0.5023366E+01, 0.5024333E+01,
 0.7460000E+00, 0.5036561E+01, 0.5024078E+01, 0.5023502E+01, 0.5024469E+01,
 0.7480000E+00, 0.5036708E+01, 0.5024214E+01, 0.5023638E+01, 0.5024605E+01,
 0.7500000E+00, 0.5036855E+01, 0.5024351E+01, 0.5023774E+01, 0.5024742E+01,
 0.7520000E+00, 0.5037002E+01, 0.5024487E+01, 0.5023910E+01, 0.5024878E+01,
 0.7540000E+00, 0.5037149E+01, 0.5024623E+01, 0.5024046E+01, 0.5025014E+01,
 0.7560000E+00, 0.5037296E+01, 0.5024759E+01, 0.5024182E+01, 0.5025151E+01,
 0.7580000E+00, 0.5037443E+01, 0.5024895E+01, 0.5024318E+01, 0.5025287E+01,
 0.7600000E+00, 0.5037590E+01, 0.5025032E+01, 0.5024454E+01, 0.5025424E+01,
 0.7620000E+00, 0.5037736E+01, 0.5025167E+01, 0.5024589E+01, 0.5025560E+01,
 0.7640000E+00, 0.5037883E+01, 0.5025304E+01, 0.5024725E+01, 0.5025696E+01,
 0.7660000E+00, 0.5038030E+01, 0.5025440E+01, 0.5024861E+01, 0.5025833E+01,
 0.7680000E+00, 0.5038177E+01, 0.5025576E+01, 0.5024997E+01, 0.5025969E+01,
 0.7700000E+00, 0.5038323E+01, 0.5025712E+01, 0.5025133E+01, 0.5026105E+01,
 0.7720000E+00, 0.5038470E+01, 0.5025848E+01, 0.5025269E+01, 0.5026242E+01,
 0.7740000E+00, 0.5038617E+01, 0.5025984E+01, 0.5025404E+01, 0.5026378E+01,
 0.7760000E+00, 0.5038764E+01, 0.5026121E+01, 0.5025540E+01, 0.5026514E+01,
 0.7780000E+00, 0.5038910E+01, 0.5026257E+01, 0.5025676E+01, 0.5026650E+01,
 0.7800000E+00, 0.5039057E+01, 0.5026393E+01, 0.5025812E+01, 0.5026787E+01,
 0.7820000E+00, 0.5039204E+01, 0.5026529E+01, 0.5025948E+01, 0.5026923E+01,
 0.7840000E+00, 0.5039351E+01, 0.5026665E+01, 0.5026083E+01, 0.5027059E+01,
 0.7860000E+00, 0.5039497E+01, 0.5026801E+01, 0.5026219E+01, 0.5027195E+01,
 0.7880000E+00, 0.5039644E+01, 0.5026937E+01, 0.5026355E+01, 0.5027332E+01,
 0.7900000E+00, 0.5039791E+01, 0.5027073E+01, 0.5026491E+01, 0.5027468E+01,
 0.7920000E+00, 0.5039938E+01, 0.5027209E+01, 0.5026626E+01, 0.5027604E+01,
 0.7940000E+00, 0.5040084E+01, 0.5027345E+01, 0.5026762E+01, 0.5027740E+01,
 0.7960000E+00, 0.5040231E+01, 0.5027481E+01, 0.5026898E+01, 0.5027877E+01,
 0.7980000E+00, 0.5040378E+01, 0.5027617E+01, 0.5027033E+01, 0.5028013E+01,
 0.8000000E+00, 0.5040524E+01, 0.5027753E+01, 0.5027169E+01, 0.5028149E+01,
 0.8020000E+00, 0.5040671E+01, 0.5027889E+01, 0.5027305E+01, 0.5028286E+01,
 0.8040000E+00, 0.5040818E+01, 0.5028025E+01, 0.5027441E+01, 0.5028421E+01,
 0.8060000E+00, 0.5040965E+01, 0.5028161E+01, 0.5027576E+01, 0.5028558E+01,
 0.8080000E+00, 0.5041111E+01, 0.5028297E+01, 0.5027712E+01, 0.5028694E+01,
 0.8100000E+00, 0.5041258E+01, 0.5028433E+01, 0.5027848E+01, 0.5028830E+01,
 0.8120000E+00, 0.5041405E+01, 0.5028569E+01, 0.5027984E+01, 0.5028966E+01,
 0.8140000E+00, 0.5041552E+01, 0.5028705E+01, 0.5028119E+01, 0.5029102E+01,
 0.8160000E+00, 0.5041698E+01, 0.5028841E+01, 0.5028255E+01, 0.5029239E+01,
 0.8180000E+00, 0.5041845E+01, 0.5028977E+01, 0.5028391E+01, 0.5029375E+01,
 0.8200000E+00, 0.5041992E+01, 0.5029113E+01, 0.5028526E+01, 0.5029511E+01,
 0.8220000E+00, 0.5042138E+01, 0.5029249E+01, 0.5028662E+01, 0.5029647E+01,
 0.8240000E+00, 0.5042285E+01, 0.5029386E+01, 0.5028798E+01, 0.5029783E+01,
 0.8260000E+00, 0.5042431E+01, 0.5029521E+01, 0.5028934E+01, 0.5029920E+01,
 0.8280000E+00, 0.5042578E+01, 0.5029657E+01, 0.5029069E+01, 0.5030056E+01,
 0.8300000E+00, 0.5042725E+01, 0.5029793E+01, 0.5029205E+01, 0.5030192E+01,
 0.8320000E+00, 0.5042871E+01, 0.5029930E+01, 0.5029341E+01, 0.5030328E+01,
 0.8340000E+00, 0.5043018E+01, 0.5030066E+01, 0.5029477E+01, 0.5030464E+01,
 0.8360000E+00, 0.5043165E+01, 0.5030201E+01, 0.5029612E+01, 0.5030601E+01,
 0.8380000E+00, 0.5043311E+01, 0.5030337E+01, 0.5029748E+01, 0.5030737E+01,
 0.8400000E+00, 0.5043458E+01, 0.5030474E+01, 0.5029884E+01, 0.5030873E+01,
 0.8420000E+00, 0.5043604E+01, 0.5030610E+01, 0.5030019E+01, 0.5031009E+01,
 0.8440000E+00, 0.5043751E+01, 0.5030746E+01, 0.5030155E+01, 0.5031146E+01,
 0.8460000E+00, 0.5043898E+01, 0.5030882E+01, 0.5030291E+01, 0.5031281E+01,
 0.8480000E+00, 0.5044044E+01, 0.5031018E+01, 0.5030427E+01, 0.5031418E+01,
 0.8500000E+00, 0.5044191E+01, 0.5031154E+01, 0.5030562E+01, 0.5031554E+01,
 0.8520000E+00, 0.5044337E+01, 0.5031290E+01, 0.5030698E+01, 0.5031691E+01,
 0.8540000E+00, 0.5044484E+01, 0.5031426E+01, 0.5030834E+01, 0.5031826E+01,
 0.8560000E+00, 0.5044631E+01, 0.5031562E+01, 0.5030970E+01, 0.5031963E+01,
 0.8580000E+00, 0.5044777E+01, 0.5031698E+01, 0.5031106E+01, 0.5032099E+01,
 0.8600000E+00, 0.5044924E+01, 0.5031834E+01, 0.5031242E+01, 0.5032236E+01,
 0.8620000E+00, 0.5045070E+01, 0.5031971E+01, 0.5031377E+01, 0.5032372E+01,
 0.8640000E+00, 0.5045217E+01, 0.5032107E+01, 0.5031513E+01, 0.5032508E+01,
 0.8660000E+00, 0.5045363E+01, 0.5032243E+01, 0.5031649E+01, 0.5032645E+01,
 0.8680000E+00, 0.5045510E+01, 0.5032379E+01, 0.5031785E+01, 0.5032781E+01,
 0.8700000E+00, 0.5045657E+01, 0.5032515E+01, 0.5031921E+01, 0.5032917E+01,
 0.8720000E+00, 0.5045803E+01, 0.5032651E+01, 0.5032057E+01, 0.5033054E+01,
 0.8740000E+00, 0.5045949E+01, 0.5032788E+01, 0.5032193E+01, 0.5033190E+01,
 0.8760000E+00, 0.5046096E+01, 0.5032924E+01, 0.5032329E+01, 0.5033327E+01,
 0.8780000E+00, 0.5046243E+01, 0.5033060E+01, 0.5032465E+01, 0.5033463E+01,
 0.8800000E+00, 0.5046389E+01, 0.5033196E+01, 0.5032601E+01, 0.5033599E+01,
 0.8820000E+00, 0.5046536E+01, 0.5033333E+01, 0.5032737E+01, 0.5033736E+01,
 0.8840000E+00, 0.5046682E+01, 0.5033469E+01, 0.5032873E+01, 0.5033872E+01,
 0.8860000E+00, 0.5046829E+01, 0.5033606E+01, 0.5033009E+01, 0.5034009E+01,
 0.8880000E+00, 0.5046976E+01, 0.5033742E+01, 0.5033145E+01, 0.5034145E+01,
 0.8900000E+00, 0.5047122E+01, 0.5033878E+01, 0.5033281E+01, 0.5034282E+01,
 0.8920000E+00, 0.5047269E+01, 0.5034015E+01, 0.5033417E+01, 0.5034419E+01,
 0.8940000E+00, 0.5047415E+01, 0.5034151E+01, 0.5033554E+01, 0.5034555E+01,
 0.8960000E+00, 0.5047562E+01, 0.5034287E+01, 0.5033690E+01, 0.5034692E+01,
 0.8980000E+00, 0.5047709E+01, 0.5034424E+01, 0.5033826E+01, 0.5034828E+01,
 0.9000000E+00, 0.5047855E+01, 0.5034560E+01, 0.5033962E+01, 0.5034965E+01,
 0.9020000E+00, 0.5048002E+01, 0.5034697E+01, 0.5034099E+01, 0.5035102E+01,
 0.9040000E+00, 0.5048148E+01, 0.5034833E+01, 0.5034235E+01, 0.5035238E+01,
 0.9060000E+00, 0.5048295E+01, 0.5034970E+01, 0.5034371E+01, 0.5035375E+01,
 0.9080000E+00, 0.5048441E+01, 0.5035107E+01, 0.5034508E+01, 0.5035512E+01,
 0.9100000E+00, 0.5048588E+01, 0.5035244E+01, 0.5034644E+01, 0.5035649E+01,
 0.9120000E+00, 0.5048735E+01, 0.5035380E+01, 0.5034781E+01, 0.5035786E+01,
 0.9140000E+00, 0.5048882E+01, 0.5035517E+01, 0.5034917E+01, 0.5035923E+01,
 0.9160000E+00, 0.5049028E+01, 0.5035654E+01, 0.5035053E+01, 0.5036059E+01,
 0.9180000E+00, 0.5049175E+01, 0.5035790E+01, 0.5035190E+01, 0.5036196E+01,
 0.9200000E+00, 0.5049321E+01, 0.5035927E+01, 0.5035326E+01, 0.5036334E+01,
 0.9220000E+00, 0.5049468E+01, 0.5036064E+01, 0.5035463E+01, 0.5036470E+01,
 0.9240000E+00, 0.5049614E+01, 0.5036201E+01, 0.5035600E+01, 0.5036608E+01,
 0.9260000E+00, 0.5049761E+01, 0.5036338E+01, 0.5035737E+01, 0.5036745E+01,
 0.9280000E+00, 0.5049908E+01, 0.5036475E+01, 0.5035873E+01, 0.5036882E+01,
 0.9300000E+00, 0.5050055E+01, 0.5036612E+01, 0.5036010E+01, 0.5037019E+01,
 0.9320000E+00, 0.5050201E+01, 0.5036749E+01, 0.5036147E+01, 0.5037156E+01,
 0.9340000E+00, 0.5050348E+01, 0.5036886E+01, 0.5036283E+01, 0.5037293E+01,
 0.9360000E+00, 0.5050495E+01, 0.5037023E+01, 0.5036421E+01, 0.5037431E+01,
 0.9380000E+00, 0.5050642E+01, 0.5037160E+01, 0.5036558E+01, 0.5037568E+01,
 0.9400000E+00, 0.5050788E+01, 0.5037298E+01, 0.5036695E+01, 0.5037705E+01,
 0.9420000E+00, 0.5050935E+01, 0.5037435E+01, 0.5036832E+01, 0.5037843E+01,
 0.9440000E+00, 0.5051082E+01, 0.5037572E+01, 0.5036969E+01, 0.5037981E+01,
 0.9460000E+00, 0.5051229E+01, 0.5037710E+01, 0.5037106E+01, 0.5038118E+01,
 0.9480000E+00, 0.5051375E+01, 0.5037847E+01, 0.5037243E+01, 0.5038256E+01,
 0.9500000E+00, 0.5051522E+01, 0.5037985E+01, 0.5037380E+01, 0.5038393E+01,
 0.9520000E+00, 0.5051669E+01, 0.5038122E+01, 0.5037518E+01, 0.5038531E+01,
 0.9540000E+00, 0.5051816E+01, 0.5038260E+01, 0.5037655E+01, 0.5038669E+01,
 0.9560000E+00, 0.5051963E+01, 0.5038398E+01, 0.5037793E+01, 0.5038806E+01,
 0.9580000E+00, 0.5052110E+01, 0.5038535E+01, 0.5037930E+01, 0.5038945E+01,
 0.9600000E+00, 0.5052257E+01, 0.5038673E+01, 0.5038068E+01, 0.5039083E+01,
 0.9620000E+00, 0.5052404E+01, 0.5038811E+01, 0.5038205E+01, 0.5039220E+01,
 0.9640000E+00, 0.5052551E+01, 0.5038949E+01, 0.5038343E+01, 0.5039359E+01,
 0.9660000E+00, 0.5052698E+01, 0.5039087E+01, 0.5038481E+01, 0.5039496E+01,
 0.9680000E+00, 0.5052845E+01, 0.5039225E+01, 0.5038619E+01, 0.5039635E+01,
 0.9700000E+00, 0.5052992E+01, 0.5039363E+01, 0.5038756E+01, 0.5039773E+01,
 0.9720000E+00, 0.5053139E+01, 0.5039501E+01, 0.5038895E+01, 0.5039911E+01,
 0.9740000E+00, 0.5053286E+01, 0.5039639E+01, 0.5039032E+01, 0.5040050E+01,
 0.9760000E+00, 0.5053433E+01, 0.5039778E+01, 0.5039171E+01, 0.5040188E+01,
 0.9780000E+00, 0.5053580E+01, 0.5039916E+01, 0.5039309E+01, 0.5040327E+01,
 0.9800000E+00, 0.5053728E+01, 0.5040055E+01, 0.5039447E+01, 0.5040465E+01,
 0.9820000E+00, 0.5053875E+01, 0.5040193E+01, 0.5039586E+01, 0.5040604E+01,
 0.9840000E+00, 0.5054022E+01, 0.5040332E+01, 0.5039724E+01, 0.5040743E+01,
 0.9860000E+00, 0.5054170E+01, 0.5040471E+01, 0.5039863E+01, 0.5040882E+01,
 0.9880000E+00, 0.5054317E+01, 0.5040609E+01, 0.5040001E+01, 0.5041020E+01,
 0.9900000E+00, 0.5054464E+01, 0.5040748E+01, 0.5040140E+01, 0.5041160E+01,
 0.9920000E+00, 0.5054612E+01, 0.5040887E+01, 0.5040278E+01, 0.5041299E+01,
 0.9940000E+00, 0.5054759E+01, 0.5041026E+01, 0.5040417E+01, 0.5041438E+01,
 0.9960000E+00, 0.5054906E+01, 0.5041165E+01, 0.5040556E+01, 0.5041577E+01,
 0.9980000E+00, 0.5055054E+01, 0.5041305E+01, 0.5040695E+01, 0.5041717E+01,
 0.1000000E+01, 0.5055202E+01, 0.5041444E+01, 0.5040834E+01, 0.5041856E+01,
 0.1002000E+01, 0.5055349E+01, 0.5041584E+01, 0.5040974E+01, 0.5041996E+01,
 0.1004000E+01, 0.5055497E+01, 0.5041723E+01, 0.5041113E+01, 0.5042135E+01,
 0.1006000E+01, 0.5055644E+01, 0.5041862E+01, 0.5041252E+01, 0.5042275E+01,
 0.1008000E+01, 0.5055792E+01, 0.5042002E+01, 0.5041392E+01, 0.5042415E+01,
 0.1010000E+01, 0.5055940E+01, 0.5042142E+01, 0.5041532E+01, 0.5042554E+01,
 0.1012000E+01, 0.5056087E+01, 0.5042282E+01, 0.5041671E+01, 0.5042695E+01,
 0.1014000E+01, 0.5056235E+01, 0.5042422E+01, 0.5041811E+01, 0.5042835E+01,
 0.1016000E+01, 0.5056383E+01, 0.5042562E+01, 0.5041951E+01, 0.5042975E+01,
 0.1018000E+01, 0.5056531E+01, 0.5042702E+01, 0.5042091E+01, 0.5043115E+01,
 0.1020000E+01, 0.5056679E+01, 0.5042842E+01, 0.5042231E+01, 0.5043255E+01,
 0.1022000E+01, 0.5056827E+01, 0.5042983E+01, 0.5042371E+01, 0.5043396E+01,
 0.1024000E+01, 0.5056975E+01, 0.5043123E+01, 0.5042512E+01, 0.5043537E+01,
 0.1026000E+01, 0.5057123E+01, 0.5043264E+01, 0.5042652E+01, 0.5043677E+01,
 0.1028000E+01, 0.5057271E+01, 0.5043405E+01, 0.5042793E+01, 0.5043818E+01,
 0.1030000E+01, 0.5057419E+01, 0.5043546E+01, 0.5042933E+01, 0.5043959E+01,
 0.1032000E+01, 0.5057568E+01, 0.5043687E+01, 0.5043075E+01, 0.5044100E+01,
 0.1034000E+01, 0.5057716E+01, 0.5043828E+01, 0.5043215E+01, 0.5044242E+01,
 0.1036000E+01, 0.5057864E+01, 0.5043969E+01, 0.5043356E+01, 0.5044383E+01,
 0.1038000E+01, 0.5058013E+01, 0.5044110E+01, 0.5043498E+01, 0.5044525E+01,
 0.1040000E+01, 0.5058161E+01, 0.5044252E+01, 0.5043639E+01, 0.5044666E+01,
 0.1042000E+01, 0.5058310E+01, 0.5044394E+01, 0.5043781E+01, 0.5044808E+01,
 0.1044000E+01, 0.5058458E+01, 0.5044535E+01, 0.5043922E+01, 0.5044950E+01,
 0.1046000E+01, 0.5058607E+01, 0.5044677E+01, 0.5044064E+01, 0.5045092E+01,
 0.1048000E+01, 0.5058756E+01, 0.5044819E+01, 0.5044206E+01, 0.5045234E+01,
 0.1050000E+01, 0.5058905E+01, 0.5044961E+01, 0.5044348E+01, 0.5045376E+01,
 0.1052000E+01, 0.5059054E+01, 0.5045104E+01, 0.5044490E+01, 0.5045518E+01,
 0.1054000E+01, 0.5059203E+01, 0.5045246E+01, 0.5044632E+01, 0.5045661E+01,
 0.1056000E+01, 0.5059351E+01, 0.5045389E+01, 0.5044775E+01, 0.5045804E+01,
 0.1058000E+01, 0.5059501E+01, 0.5045532E+01, 0.5044918E+01, 0.5045947E+01,
 0.1060000E+01, 0.5059650E+01, 0.5045675E+01, 0.5045061E+01, 0.5046090E+01,
 0.1062000E+01, 0.5059799E+01, 0.5045818E+01, 0.5045204E+01, 0.5046233E+01,
 0.1064000E+01, 0.5059948E+01, 0.5045961E+01, 0.5045347E+01, 0.5046376E+01,
 0.1066000E+01, 0.5060098E+01, 0.5046104E+01, 0.5045490E+01, 0.5046520E+01,
 0.1068000E+01, 0.5060247E+01, 0.5046248E+01, 0.5045633E+01, 0.5046663E+01,
 0.1070000E+01, 0.5060397E+01, 0.5046391E+01, 0.5045777E+01, 0.5046807E+01,
 0.1072000E+01, 0.5060546E+01, 0.5046535E+01, 0.5045921E+01, 0.5046951E+01,
 0.1074000E+01, 0.5060696E+01, 0.5046679E+01, 0.5046065E+01, 0.5047095E+01,
 0.1076000E+01, 0.5060846E+01, 0.5046824E+01, 0.5046209E+01, 0.5047239E+01,
 0.1078000E+01, 0.5060996E+01, 0.5046968E+01, 0.5046353E+01, 0.5047384E+01,
 0.1080000E+01, 0.5061146E+01, 0.5047113E+01, 0.5046498E+01, 0.5047529E+01,
 0.1082000E+01, 0.5061296E+01, 0.5047257E+01, 0.5046643E+01, 0.5047673E+01,
 0.1084000E+01, 0.5061446E+01, 0.5047402E+01, 0.5046787E+01, 0.5047818E+01,
 0.1086000E+01, 0.5061596E+01, 0.5047548E+01, 0.5046933E+01, 0.5047964E+01,
 0.1088000E+01, 0.5061747E+01, 0.5047693E+01, 0.5047078E+01, 0.5048109E+01,
 0.1090000E+01, 0.5061897E+01, 0.5047839E+01, 0.5047223E+01, 0.5048254E+01,
 0.1092000E+01, 0.5062048E+01, 0.5047984E+01, 0.5047369E+01, 0.5048400E+01,
 0.1094000E+01, 0.5062199E+01, 0.5048130E+01, 0.5047515E+01, 0.5048546E+01,
 0.1096000E+01, 0.5062349E+01, 0.5048276E+01, 0.5047661E+01, 0.5048692E+01,
 0.1098000E+01, 0.5062500E+01, 0.5048422E+01, 0.5047807E+01, 0.5048839E+01,
 0.1100000E+01, 0.5062651E+01, 0.5048569E+01, 0.5047954E+01, 0.5048985E+01,
 0.1102000E+01, 0.5062802E+01, 0.5048716E+01, 0.5048100E+01, 0.5049132E+01,
 0.1104000E+01, 0.5062953E+01, 0.5048863E+01, 0.5048247E+01, 0.5049279E+01,
 0.1106000E+01, 0.5063105E+01, 0.5049010E+01, 0.5048394E+01, 0.5049426E+01,
 0.1108000E+01, 0.5063256E+01, 0.5049157E+01, 0.5048542E+01, 0.5049573E+01,
 0.1110000E+01, 0.5063408E+01, 0.5049305E+01, 0.5048689E+01, 0.5049721E+01,
 0.1112000E+01, 0.5063560E+01, 0.5049453E+01, 0.5048837E+01, 0.5049869E+01,
 0.1114000E+01, 0.5063711E+01, 0.5049601E+01, 0.5048985E+01, 0.5050017E+01,
 0.1116000E+01, 0.5063863E+01, 0.5049749E+01, 0.5049133E+01, 0.5050165E+01,
 0.1118000E+01, 0.5064015E+01, 0.5049897E+01, 0.5049282E+01, 0.5050314E+01,
 0.1120000E+01, 0.5064167E+01, 0.5050046E+01, 0.5049430E+01, 0.5050463E+01,
 0.1122000E+01, 0.5064320E+01, 0.5050195E+01, 0.5049580E+01, 0.5050611E+01,
 0.1124000E+01, 0.5064472E+01, 0.5050344E+01, 0.5049729E+01, 0.5050761E+01,
 0.1126000E+01, 0.5064625E+01, 0.5050494E+01, 0.5049878E+01, 0.5050910E+01,
 0.1128000E+01, 0.5064777E+01, 0.5050643E+01, 0.5050028E+01, 0.5051060E+01,
 0.1130000E+01, 0.5064930E+01, 0.5050794E+01, 0.5050178E+01, 0.5051210E+01,
 0.1132000E+01, 0.5065084E+01, 0.5050944E+01, 0.5050328E+01, 0.5051360E+01,
 0.1134000E+01, 0.5065237E+01, 0.5051095E+01, 0.5050479E+01, 0.5051511E+01,
 0.1136000E+01, 0.5065390E+01, 0.5051245E+01, 0.5050630E+01, 0.5051661E+01,
 0.1138000E+01, 0.5065543E+01, 0.5051396E+01, 0.5050781E+01, 0.5051813E+01,
 0.1140000E+01, 0.5065697E+01, 0.5051548E+01, 0.5050932E+01, 0.5051964E+01,
 0.1142000E+01, 0.5065850E+01, 0.5051699E+01, 0.5051084E+01, 0.5052115E+01,
 0.1144000E+01, 0.5066004E+01, 0.5051851E+01, 0.5051236E+01, 0.5052268E+01,
 0.1146000E+01, 0.5066158E+01, 0.5052003E+01, 0.5051388E+01, 0.5052420E+01,
 0.1148000E+01, 0.5066312E+01, 0.5052155E+01, 0.5051540E+01, 0.5052572E+01,
 0.1150000E+01, 0.5066467E+01, 0.5052308E+01, 0.5051693E+01, 0.5052724E+01,
 0.1152000E+01, 0.5066621E+01, 0.5052461E+01, 0.5051846E+01, 0.5052877E+01,
 0.1154000E+01, 0.5066776E+01, 0.5052614E+01, 0.5052000E+01, 0.5053031E+01,
 0.1156000E+01, 0.5066931E+01, 0.5052768E+01, 0.5052153E+01, 0.5053185E+01,
 0.1158000E+01, 0.5067086E+01, 0.5052922E+01, 0.5052307E+01, 0.5053338E+01,
 0.1160000E+01, 0.5067241E+01, 0.5053076E+01, 0.5052462E+01, 0.5053493E+01,
 0.1162000E+01, 0.5067396E+01, 0.5053231E+01, 0.5052616E+01, 0.5053647E+01,
 0.1164000E+01, 0.5067552E+01, 0.5053386E+01, 0.5052771E+01, 0.5053802E+01,
 0.1166000E+01, 0.5067708E+01, 0.5053541E+01, 0.5052927E+01, 0.5053957E+01,
 0.1168000E+01, 0.5067863E+01, 0.5053696E+01, 0.5053082E+01, 0.5054112E+01,
 0.1170000E+01, 0.5068019E+01, 0.5053852E+01, 0.5053238E+01, 0.5054268E+01,
 0.1172000E+01, 0.5068176E+01, 0.5054008E+01, 0.5053394E+01, 0.5054424E+01,
 0.1174000E+01, 0.5068332E+01, 0.5054165E+01, 0.5053551E+01, 0.5054581E+01,
 0.1176000E+01, 0.5068489E+01, 0.5054321E+01, 0.5053708E+01, 0.5054738E+01,
 0.1178000E+01, 0.5068645E+01, 0.5054479E+01, 0.5053865E+01, 0.5054894E+01,
 0.1180000E+01, 0.5068803E+01, 0.5054636E+01, 0.5054023E+01, 0.5055052E+01,
 0.1182000E+01, 0.5068960E+01, 0.5054794E+01, 0.5054181E+01, 0.5055210E+01,
 0.1184000E+01, 0.5069118E+01, 0.5054952E+01, 0.5054339E+01, 0.5055368E+01,
 0.1186000E+01, 0.5069275E+01, 0.5055111E+01, 0.5054498E+01, 0.5055527E+01,
 0.1188000E+01, 0.5069433E+01, 0.5055270E+01, 0.5054657E+01, 0.5055686E+01,
 0.1190000E+01, 0.5069591E+01, 0.5055429E+01, 0.5054817E+01, 0.5055845E+01,
 0.1192000E+01, 0.5069749E+01, 0.5055589E+01, 0.5054976E+01, 0.5056005E+01,
 0.1194000E+01, 0.5069908E+01, 0.5055749E+01, 0.5055137E+01, 0.5056164E+01,
 0.1196000E+01, 0.5070067E+01, 0.5055910E+01, 0.5055298E+01, 0.5056325E+01,
 0.1198000E+01, 0.5070226E+01, 0.5056071E+01, 0.5055459E+01, 0.5056486E+01,
 0.1200000E+01, 0.5070385E+01, 0.5056232E+01, 0.5055620E+01, 0.5056647E+01,
 0.1202000E+01, 0.5070545E+01, 0.5056394E+01, 0.5055782E+01, 0.5056808E+01,
 0.1204000E+01, 0.5070704E+01, 0.5056556E+01, 0.5055944E+01, 0.5056971E+01,
 0.1206000E+01, 0.5070864E+01, 0.5056718E+01, 0.5056108E+01, 0.5057133E+01,
 0.1208000E+01, 0.5071024E+01, 0.5056881E+01, 0.5056271E+01, 0.5057296E+01,
 0.1210000E+01, 0.5071185E+01, 0.5057045E+01, 0.5056434E+01, 0.5057459E+01,
 0.1212000E+01, 0.5071345E+01, 0.5057209E+01, 0.5056598E+01, 0.5057623E+01,
 0.1214000E+01, 0.5071507E+01, 0.5057373E+01, 0.5056763E+01, 0.5057787E+01,
 0.1216000E+01, 0.5071668E+01, 0.5057538E+01, 0.5056928E+01, 0.5057951E+01,
 0.1218000E+01, 0.5071829E+01, 0.5057703E+01, 0.5057093E+01, 0.5058116E+01,
 0.1220000E+01, 0.5071991E+01, 0.5057868E+01, 0.5057259E+01, 0.5058282E+01,
 0.1222000E+01, 0.5072153E+01, 0.5058034E+01, 0.5057425E+01, 0.5058448E+01,
 0.1224000E+01, 0.5072315E+01, 0.5058201E+01, 0.5057592E+01, 0.5058614E+01,
 0.1226000E+01, 0.5072478E+01, 0.5058368E+01, 0.5057760E+01, 0.5058781E+01,
 0.1228000E+01, 0.5072640E+01, 0.5058535E+01, 0.5057927E+01, 0.5058949E+01,
 0.1230000E+01, 0.5072803E+01, 0.5058703E+01, 0.5058095E+01, 0.5059116E+01,
 0.1232000E+01, 0.5072967E+01, 0.5058872E+01, 0.5058264E+01, 0.5059284E+01,
 0.1234000E+01, 0.5073131E+01, 0.5059041E+01, 0.5058434E+01, 0.5059453E+01,
 0.1236000E+01, 0.5073295E+01, 0.5059210E+01, 0.5058603E+01, 0.5059622E+01,
 0.1238000E+01, 0.5073459E+01, 0.5059380E+01, 0.5058774E+01, 0.5059793E+01,
 0.1240000E+01, 0.5073624E+01, 0.5059550E+01, 0.5058945E+01, 0.5059963E+01,
 0.1242000E+01, 0.5073789E+01, 0.5059721E+01, 0.5059116E+01, 0.5060133E+01,
 0.1244000E+01, 0.5073954E+01, 0.5059893E+01, 0.5059288E+01, 0.5060305E+01,
 0.1246000E+01, 0.5074120E+01, 0.5060065E+01, 0.5059460E+01, 0.5060477E+01,
 0.1248000E+01, 0.5074285E+01, 0.5060238E+01, 0.5059633E+01, 0.5060649E+01,
 0.1250000E+01, 0.5074451E+01, 0.5060411E+01, 0.5059807E+01, 0.5060822E+01,
 0.1252000E+01, 0.5074618E+01, 0.5060585E+01, 0.5059981E+01, 0.5060996E+01,
 0.1254000E+01, 0.5074785E+01, 0.5060759E+01, 0.5060156E+01, 0.5061170E+01,
 0.1256000E+01, 0.5074952E+01, 0.5060934E+01, 0.5060331E+01, 0.5061344E+01,
 0.1258000E+01, 0.5075119E+01, 0.5061109E+01, 0.5060507E+01, 0.5061519E+01,
 0.1260000E+01, 0.5075287E+01, 0.5061285E+01, 0.5060683E+01, 0.5061695E+01,
 0.1262000E+01, 0.5075456E+01, 0.5061462E+01, 0.5060861E+01, 0.5061872E+01,
 0.1264000E+01, 0.5075624E+01, 0.5061639E+01, 0.5061038E+01, 0.5062048E+01,
 0.1266000E+01, 0.5075793E+01, 0.5061817E+01, 0.5061216E+01, 0.5062226E+01,
 0.1268000E+01, 0.5075963E+01, 0.5061995E+01, 0.5061395E+01, 0.5062404E+01,
 0.1270000E+01, 0.5076132E+01, 0.5062174E+01, 0.5061575E+01, 0.5062583E+01,
 0.1272000E+01, 0.5076302E+01, 0.5062354E+01, 0.5061755E+01, 0.5062762E+01,
 0.1274000E+01, 0.5076473E+01, 0.5062534E+01, 0.5061936E+01, 0.5062943E+01,
 0.1276000E+01, 0.5076643E+01, 0.5062715E+01, 0.5062117E+01, 0.5063123E+01,
 0.1278000E+01, 0.5076815E+01, 0.5062897E+01, 0.5062299E+01, 0.5063304E+01,
 0.1280000E+01, 0.5076986E+01, 0.5063079E+01, 0.5062482E+01, 0.5063486E+01,
 0.1282000E+01, 0.5077158E+01, 0.5063262E+01, 0.5062665E+01, 0.5063669E+01,
 0.1284000E+01, 0.5077331E+01, 0.5063446E+01, 0.5062850E+01, 0.5063852E+01,
 0.1286000E+01, 0.5077504E+01, 0.5063630E+01, 0.5063035E+01, 0.5064036E+01,
 0.1288000E+01, 0.5077677E+01, 0.5063815E+01, 0.5063220E+01, 0.5064221E+01,
 0.1290000E+01, 0.5077850E+01, 0.5064000E+01, 0.5063406E+01, 0.5064406E+01,
 0.1292000E+01, 0.5078024E+01, 0.5064187E+01, 0.5063593E+01, 0.5064592E+01,
 0.1294000E+01, 0.5078199E+01, 0.5064374E+01, 0.5063781E+01, 0.5064779E+01,
 0.1296000E+01, 0.5078374E+01, 0.5064561E+01, 0.5063970E+01, 0.5064966E+01,
 0.1298000E+01, 0.5078549E+01, 0.5064750E+01, 0.5064158E+01, 0.5065155E+01,
 0.1300000E+01, 0.5078725E+01, 0.5064939E+01, 0.5064349E+01, 0.5065343E+01,
 0.1302000E+01, 0.5078902E+01, 0.5065129E+01, 0.5064539E+01, 0.5065533E+01,
 0.1304000E+01, 0.5079078E+01, 0.5065320E+01, 0.5064731E+01, 0.5065723E+01,
 0.1306000E+01, 0.5079256E+01, 0.5065512E+01, 0.5064923E+01, 0.5065915E+01,
 0.1308000E+01, 0.5079433E+01, 0.5065704E+01, 0.5065116E+01, 0.5066107E+01,
 0.1310000E+01, 0.5079611E+01, 0.5065897E+01, 0.5065310E+01, 0.5066299E+01,
 0.1312000E+01, 0.5079790E+01, 0.5066091E+01, 0.5065504E+01, 0.5066493E+01,
 0.1314000E+01, 0.5079969E+01, 0.5066286E+01, 0.5065700E+01, 0.5066687E+01,
 0.1316000E+01, 0.5080149E+01, 0.5066481E+01, 0.5065896E+01, 0.5066882E+01,
 0.1318000E+01, 0.5080329E+01, 0.5066678E+01, 0.5066093E+01, 0.5067078E+01,
 0.1320000E+01, 0.5080510E+01, 0.5066875E+01, 0.5066291E+01, 0.5067275E+01,
 0.1322000E+01, 0.5080691E+01, 0.5067072E+01, 0.5066490E+01, 0.5067472E+01,
 0.1324000E+01, 0.5080873E+01, 0.5067272E+01, 0.5066689E+01, 0.5067671E+01,
 0.1326000E+01, 0.5081055E+01, 0.5067471E+01, 0.5066890E+01, 0.5067870E+01,
 0.1328000E+01, 0.5081238E+01, 0.5067672E+01, 0.5067091E+01, 0.5068070E+01,
 0.1330000E+01, 0.5081421E+01, 0.5067873E+01, 0.5067294E+01, 0.5068272E+01,
 0.1332000E+01, 0.5081605E+01, 0.5068076E+01, 0.5067497E+01, 0.5068473E+01,
 0.1334000E+01, 0.5081789E+01, 0.5068279E+01, 0.5067701E+01, 0.5068676E+01,
 0.1336000E+01, 0.5081974E+01, 0.5068483E+01, 0.5067906E+01, 0.5068880E+01,
 0.1338000E+01, 0.5082160E+01, 0.5068688E+01, 0.5068112E+01, 0.5069085E+01,
 0.1340000E+01, 0.5082346E+01, 0.5068894E+01, 0.5068319E+01, 0.5069290E+01,
 0.1342000E+01, 0.5082532E+01, 0.5069102E+01, 0.5068528E+01, 0.5069497E+01,
 0.1344000E+01, 0.5082720E+01, 0.5069310E+01, 0.5068737E+01, 0.5069705E+01,
 0.1346000E+01, 0.5082908E+01, 0.5069519E+01, 0.5068946E+01, 0.5069913E+01,
 0.1348000E+01, 0.5083096E+01, 0.5069729E+01, 0.5069158E+01, 0.5070123E+01,
 0.1350000E+01, 0.5083285E+01, 0.5069940E+01, 0.5069370E+01, 0.5070333E+01,
 0.1352000E+01, 0.5083475E+01, 0.5070152E+01, 0.5069583E+01, 0.5070545E+01,
 0.1354000E+01, 0.5083665E+01, 0.5070365E+01, 0.5069797E+01, 0.5070757E+01,
 0.1356000E+01, 0.5083857E+01, 0.5070580E+01, 0.5070012E+01, 0.5070971E+01,
 0.1358000E+01, 0.5084048E+01, 0.5070795E+01, 0.5070229E+01, 0.5071186E+01,
 0.1360000E+01, 0.5084240E+01, 0.5071011E+01, 0.5070446E+01, 0.5071402E+01,
 0.1362000E+01, 0.5084433E+01, 0.5071229E+01, 0.5070665E+01, 0.5071619E+01,
 0.1364000E+01, 0.5084627E+01, 0.5071447E+01, 0.5070884E+01, 0.5071836E+01,
 0.1366000E+01, 0.5084821E+01, 0.5071667E+01, 0.5071105E+01, 0.5072055E+01,
 0.1368000E+01, 0.5085016E+01, 0.5071888E+01, 0.5071327E+01, 0.5072276E+01,
 0.1370000E+01, 0.5085212E+01, 0.5072110E+01, 0.5071550E+01, 0.5072497E+01,
 0.1372000E+01, 0.5085408E+01, 0.5072333E+01, 0.5071775E+01, 0.5072720E+01,
 0.1374000E+01, 0.5085605E+01, 0.5072557E+01, 0.5072001E+01, 0.5072944E+01,
 0.1376000E+01, 0.5085803E+01, 0.5072783E+01, 0.5072227E+01, 0.5073168E+01,
 0.1378000E+01, 0.5086002E+01, 0.5073010E+01, 0.5072455E+01, 0.5073395E+01,
 0.1380000E+01, 0.5086201E+01, 0.5073238E+01, 0.5072685E+01, 0.5073622E+01,
 0.1382000E+01, 0.5086401E+01, 0.5073468E+01, 0.5072916E+01, 0.5073851E+01,
 0.1384000E+01, 0.5086602E+01, 0.5073698E+01, 0.5073147E+01, 0.5074080E+01,
 0.1386000E+01, 0.5086803E+01, 0.5073930E+01, 0.5073381E+01, 0.5074312E+01,
 0.1388000E+01, 0.5087006E+01, 0.5074163E+01, 0.5073616E+01, 0.5074544E+01,
 0.1390000E+01, 0.5087209E+01, 0.5074398E+01, 0.5073851E+01, 0.5074778E+01,
 0.1392000E+01, 0.5087413E+01, 0.5074634E+01, 0.5074089E+01, 0.5075013E+01,
 0.1394000E+01, 0.5087618E+01, 0.5074871E+01, 0.5074327E+01, 0.5075250E+01,
 0.1396000E+01, 0.5087823E+01, 0.5075109E+01, 0.5074567E+01, 0.5075488E+01,
 0.1398000E+01, 0.5088030E+01, 0.5075350E+01, 0.5074809E+01, 0.5075727E+01,
 0.1400000E+01, 0.5088237E+01, 0.5075591E+01, 0.5075052E+01, 0.5075967E+01,
 0.1402000E+01, 0.5088445E+01, 0.5075834E+01, 0.5075296E+01, 0.5076210E+01,
 0.1404000E+01, 0.5088654E+01, 0.5076078E+01, 0.5075542E+01, 0.5076453E+01,
 0.1406000E+01, 0.5088864E+01, 0.5076324E+01, 0.5075789E+01, 0.5076698E+01,
 0.1408000E+01, 0.5089075E+01, 0.5076571E+01, 0.5076038E+01, 0.5076944E+01,
 0.1410000E+01, 0.5089286E+01, 0.5076820E+01, 0.5076288E+01, 0.5077192E+01,
 0.1412000E+01, 0.5089499E+01, 0.5077070E+01, 0.5076540E+01, 0.5077441E+01,
 0.1414000E+01, 0.5089712E+01, 0.5077322E+01, 0.5076794E+01, 0.5077692E+01,
 0.1416000E+01, 0.5089927E+01, 0.5077575E+01, 0.5077049E+01, 0.5077945E+01,
 0.1418000E+01, 0.5090142E+01, 0.5077830E+01, 0.5077305E+01, 0.5078198E+01,
 0.1420000E+01, 0.5090358E+01, 0.5078087E+01, 0.5077563E+01, 0.5078454E+01,
 0.1422000E+01, 0.5090576E+01, 0.5078345E+01, 0.5077823E+01, 0.5078711E+01,
 0.1424000E+01, 0.5090794E+01, 0.5078604E+01, 0.5078084E+01, 0.5078970E+01,
 0.1426000E+01, 0.5091013E+01, 0.5078866E+01, 0.5078348E+01, 0.5079230E+01,
 0.1428000E+01, 0.5091234E+01, 0.5079129E+01, 0.5078613E+01, 0.5079493E+01,
 0.1430000E+01, 0.5091455E+01, 0.5079393E+01, 0.5078879E+01, 0.5079756E+01,
 0.1432000E+01, 0.5091677E+01, 0.5079660E+01, 0.5079148E+01, 0.5080021E+01,
 0.1434000E+01, 0.5091900E+01, 0.5079928E+01, 0.5079418E+01, 0.5080289E+01,
 0.1436000E+01, 0.5092125E+01, 0.5080198E+01, 0.5079690E+01, 0.5080558E+01,
 0.1438000E+01, 0.5092350E+01, 0.5080470E+01, 0.5079963E+01, 0.5080828E+01,
 0.1440000E+01, 0.5092577E+01, 0.5080743E+01, 0.5080239E+01, 0.5081101E+01,
 0.1442000E+01, 0.5092805E+01, 0.5081019E+01, 0.5080516E+01, 0.5081375E+01,
 0.1444000E+01, 0.5093033E+01, 0.5081296E+01, 0.5080796E+01, 0.5081651E+01,
 0.1446000E+01, 0.5093264E+01, 0.5081575E+01, 0.5081077E+01, 0.5081929E+01,
 0.1448000E+01, 0.5093494E+01, 0.5081856E+01, 0.5081360E+01, 0.5082209E+01,
 0.1450000E+01, 0.5093727E+01, 0.5082139E+01, 0.5081645E+01, 0.5082491E+01,
 0.1452000E+01, 0.5093960E+01, 0.5082424E+01, 0.5081932E+01, 0.5082775E+01,
 0.1454000E+01, 0.5094194E+01, 0.5082711E+01, 0.5082222E+01, 0.5083060E+01,
 0.1456000E+01, 0.5094430E+01, 0.5083000E+01, 0.5082512E+01, 0.5083348E+01,
 0.1458000E+01, 0.5094667E+01, 0.5083291E+01, 0.5082806E+01, 0.5083638E+01,
 0.1460000E+01, 0.5094906E+01, 0.5083584E+01, 0.5083101E+01, 0.5083930E+01,
 0.1462000E+01, 0.5095145E+01, 0.5083879E+01, 0.5083399E+01, 0.5084223E+01,
 0.1464000E+01, 0.5095386E+01, 0.5084177E+01, 0.5083699E+01, 0.5084519E+01,
 0.1466000E+01, 0.5095628E+01, 0.5084476E+01, 0.5084001E+01, 0.5084818E+01,
 0.1468000E+01, 0.5095871E+01, 0.5084778E+01, 0.5084305E+01, 0.5085118E+01,
 0.1470000E+01, 0.5096116E+01, 0.5085082E+01, 0.5084611E+01, 0.5085421E+01,
 0.1472000E+01, 0.5096362E+01, 0.5085388E+01, 0.5084920E+01, 0.5085726E+01,
 0.1474000E+01, 0.5096609E+01, 0.5085697E+01, 0.5085231E+01, 0.5086033E+01,
 0.1476000E+01, 0.5096858E+01, 0.5086008E+01, 0.5085545E+01, 0.5086342E+01,
 0.1478000E+01, 0.5097108E+01, 0.5086321E+01, 0.5085861E+01, 0.5086654E+01,
 0.1480000E+01, 0.5097360E+01, 0.5086637E+01, 0.5086179E+01, 0.5086968E+01,
 0.1482000E+01, 0.5097612E+01, 0.5086955E+01, 0.5086500E+01, 0.5087285E+01,
 0.1484000E+01, 0.5097867E+01, 0.5087276E+01, 0.5086823E+01, 0.5087604E+01,
 0.1486000E+01, 0.5098123E+01, 0.5087599E+01, 0.5087150E+01, 0.5087925E+01,
 0.1488000E+01, 0.5098380E+01, 0.5087924E+01, 0.5087478E+01, 0.5088250E+01,
 0.1490000E+01, 0.5098639E+01, 0.5088253E+01, 0.5087810E+01, 0.5088576E+01,
 0.1492000E+01, 0.5098899E+01, 0.5088583E+01, 0.5088143E+01, 0.5088906E+01,
 0.1494000E+01, 0.5099161E+01, 0.5088917E+01, 0.5088480E+01, 0.5089238E+01,
 0.1496000E+01, 0.5099424E+01, 0.5089253E+01, 0.5088820E+01, 0.5089572E+01,
 0.1498000E+01, 0.5099689E+01, 0.5089592E+01, 0.5089161E+01, 0.5089910E+01,
 0.1500000E+01, 0.5099956E+01, 0.5089934E+01, 0.5089507E+01, 0.5090250E+01,
 0.1500000E+01, 0.5099956E+01, 0.5089934E+01, 0.5089507E+01, 0.5090250E+01,
 0.1502000E+01, 0.5100224E+01, 0.5090279E+01, 0.5089854E+01, 0.5090592E+01,
 0.1504000E+01, 0.5100494E+01, 0.5090626E+01, 0.5090205E+01, 0.5090938E+01,
 0.1506000E+01, 0.5100766E+01, 0.5090977E+01, 0.5090559E+01, 0.5091287E+01,
 0.1508000E+01, 0.5101039E+01, 0.5091330E+01, 0.5090915E+01, 0.5091638E+01,
 0.1510000E+01, 0.5101315E+01, 0.5091686E+01, 0.5091275E+01, 0.5091992E+01,
 0.1512000E+01, 0.5101591E+01, 0.5092045E+01, 0.5091638E+01, 0.5092350E+01,
 0.1514000E+01, 0.5101870E+01, 0.5092408E+01, 0.5092003E+01, 0.5092710E+01,
 0.1516000E+01, 0.5102150E+01, 0.5092773E+01, 0.5092372E+01, 0.5093073E+01,
 0.1518000E+01, 0.5102432E+01, 0.5093141E+01, 0.5092744E+01, 0.5093440E+01,
 0.1520000E+01, 0.5102716E+01, 0.5093513E+01, 0.5093119E+01, 0.5093809E+01,
 0.1522000E+01, 0.5103002E+01, 0.5093887E+01, 0.5093498E+01, 0.5094182E+01,
 0.1524000E+01, 0.5103290E+01, 0.5094265E+01, 0.5093879E+01, 0.5094558E+01,
 0.1526000E+01, 0.5103580E+01, 0.5094646E+01, 0.5094265E+01, 0.5094937E+01,
 0.1528000E+01, 0.5103871E+01, 0.5095031E+01, 0.5094653E+01, 0.5095319E+01,
 0.1530000E+01, 0.5104165E+01, 0.5095419E+01, 0.5095045E+01, 0.5095705E+01,
 0.1532000E+01, 0.5104460E+01, 0.5095810E+01, 0.5095440E+01, 0.5096094E+01,
 0.1534000E+01, 0.5104758E+01, 0.5096205E+01, 0.5095839E+01, 0.5096487E+01,
 0.1536000E+01, 0.5105057E+01, 0.5096603E+01, 0.5096241E+01, 0.5096882E+01,
 0.1538000E+01, 0.5105359E+01, 0.5097005E+01, 0.5096647E+01, 0.5097282E+01,
 0.1540000E+01, 0.5105663E+01, 0.5097411E+01, 0.5097057E+01, 0.5097685E+01,
 0.1542000E+01, 0.5105969E+01, 0.5097820E+01, 0.5097470E+01, 0.5098092E+01,
 0.1544000E+01, 0.5106277E+01, 0.5098232E+01, 0.5097887E+01, 0.5098502E+01,
 0.1546000E+01, 0.5106587E+01, 0.5098649E+01, 0.5098308E+01, 0.5098916E+01,
 0.1548000E+01, 0.5106900E+01, 0.5099069E+01, 0.5098733E+01, 0.5099334E+01,
 0.1550000E+01, 0.5107214E+01, 0.5099494E+01, 0.5099162E+01, 0.5099756E+01,
 0.1552000E+01, 0.5107531E+01, 0.5099921E+01, 0.5099594E+01, 0.5100181E+01,
 0.1554000E+01, 0.5107851E+01, 0.5100353E+01, 0.5100031E+01, 0.5100611E+01,
 0.1556000E+01, 0.5108172E+01, 0.5100790E+01, 0.5100471E+01, 0.5101044E+01,
 0.1558000E+01, 0.5108496E+01, 0.5101229E+01, 0.5100916E+01, 0.5101481E+01,
 0.1560000E+01, 0.5108822E+01, 0.5101674E+01, 0.5101366E+01, 0.5101923E+01,
 0.1562000E+01, 0.5109151E+01, 0.5102122E+01, 0.5101819E+01, 0.5102368E+01,
 0.1564000E+01, 0.5109482E+01, 0.5102575E+01, 0.5102277E+01, 0.5102818E+01,
 0.1566000E+01, 0.5109816E+01, 0.5103032E+01, 0.5102738E+01, 0.5103272E+01,
 0.1568000E+01, 0.5110153E+01, 0.5103493E+01, 0.5103205E+01, 0.5103731E+01,
 0.1570000E+01, 0.5110491E+01, 0.5103959E+01, 0.5103676E+01, 0.5104194E+01,
 0.1572000E+01, 0.5110833E+01, 0.5104429E+01, 0.5104152E+01, 0.5104661E+01,
 0.1574000E+01, 0.5111177E+01, 0.5104904E+01, 0.5104632E+01, 0.5105133E+01,
 0.1576000E+01, 0.5111524E+01, 0.5105383E+01, 0.5105116E+01, 0.5105609E+01,
 0.1578000E+01, 0.5111873E+01, 0.5105867E+01, 0.5105606E+01, 0.5106090E+01,
 0.1580000E+01, 0.5112226E+01, 0.5106356E+01, 0.5106101E+01, 0.5106575E+01,
 0.1582000E+01, 0.5112580E+01, 0.5106849E+01, 0.5106600E+01, 0.5107066E+01,
 0.1584000E+01, 0.5112938E+01, 0.5107347E+01, 0.5107104E+01, 0.5107561E+01,
 0.1586000E+01, 0.5113299E+01, 0.5107851E+01, 0.5107613E+01, 0.5108061E+01,
 0.1588000E+01, 0.5113662E+01, 0.5108359E+01, 0.5108127E+01, 0.5108566E+01,
 0.1590000E+01, 0.5114029E+01, 0.5108872E+01, 0.5108646E+01, 0.5109076E+01,
 0.1592000E+01, 0.5114398E+01, 0.5109390E+01, 0.5109171E+01, 0.5109591E+01,
 0.1594000E+01, 0.5114770E+01, 0.5109914E+01, 0.5109701E+01, 0.5110111E+01,
 0.1596000E+01, 0.5115146E+01, 0.5110443E+01, 0.5110236E+01, 0.5110636E+01,
 0.1598000E+01, 0.5115525E+01, 0.5110977E+01, 0.5110776E+01, 0.5111166E+01,
 0.1600000E+01, 0.5115906E+01, 0.5111516E+01, 0.5111322E+01, 0.5111702E+01,
 0.1602000E+01, 0.5116291E+01, 0.5112061E+01, 0.5111873E+01, 0.5112243E+01,
 0.1604000E+01, 0.5116679E+01, 0.5112611E+01, 0.5112430E+01, 0.5112790E+01,
 0.1606000E+01, 0.5117071E+01, 0.5113167E+01, 0.5112993E+01, 0.5113342E+01,
 0.1608000E+01, 0.5117465E+01, 0.5113728E+01, 0.5113561E+01, 0.5113899E+01,
 0.1610000E+01, 0.5117863E+01, 0.5114295E+01, 0.5114135E+01, 0.5114462E+01,
 0.1612000E+01, 0.5118264E+01, 0.5114868E+01, 0.5114714E+01, 0.5115031E+01,
 0.1614000E+01, 0.5118669E+01, 0.5115447E+01, 0.5115300E+01, 0.5115606E+01,
 0.1616000E+01, 0.5119077E+01, 0.5116031E+01, 0.5115891E+01, 0.5116186E+01,
 0.1618000E+01, 0.5119489E+01, 0.5116621E+01, 0.5116489E+01, 0.5116773E+01,
 0.1620000E+01, 0.5119905E+01, 0.5117218E+01, 0.5117093E+01, 0.5117365E+01,
 0.1622000E+01, 0.5120323E+01, 0.5117820E+01, 0.5117702E+01, 0.5117963E+01,
 0.1624000E+01, 0.5120746E+01, 0.5118429E+01, 0.5118319E+01, 0.5118567E+01,
 0.1626000E+01, 0.5121172E+01, 0.5119043E+01, 0.5118941E+01, 0.5119178E+01,
 0.1628000E+01, 0.5121602E+01, 0.5119664E+01, 0.5119570E+01, 0.5119794E+01,
 0.1630000E+01, 0.5122036E+01, 0.5120292E+01, 0.5120205E+01, 0.5120418E+01,
 0.1632000E+01, 0.5122474E+01, 0.5120925E+01, 0.5120847E+01, 0.5121047E+01,
 0.1634000E+01, 0.5122915E+01, 0.5121566E+01, 0.5121495E+01, 0.5121683E+01,
 0.1636000E+01, 0.5123361E+01, 0.5122213E+01, 0.5122150E+01, 0.5122325E+01,
 0.1638000E+01, 0.5123810E+01, 0.5122866E+01, 0.5122812E+01, 0.5122974E+01,
 0.1640000E+01, 0.5124263E+01, 0.5123527E+01, 0.5123480E+01, 0.5123630E+01,
 0.1642000E+01, 0.5124721E+01, 0.5124193E+01, 0.5124156E+01, 0.5124292E+01,
 0.1644000E+01, 0.5125183E+01, 0.5124867E+01, 0.5124838E+01, 0.5124961E+01,
 0.1646000E+01, 0.5125648E+01, 0.5125548E+01, 0.5125527E+01, 0.5125637E+01,
 0.1648000E+01, 0.5126119E+01, 0.5126236E+01, 0.5126224E+01, 0.5126319E+01,
 0.1650000E+01, 0.5126593E+01, 0.5126931E+01, 0.5126927E+01, 0.5127009E+01,
 0.1652000E+01, 0.5127072E+01, 0.5127633E+01, 0.5127638E+01, 0.5127706E+01,
 0.1654000E+01, 0.5127555E+01, 0.5128342E+01, 0.5128356E+01, 0.5128410E+01,
 0.1656000E+01, 0.5128043E+01, 0.5129058E+01, 0.5129082E+01, 0.5129121E+01,
 0.1658000E+01, 0.5128535E+01, 0.5129782E+01, 0.5129814E+01, 0.5129840E+01,
 0.1660000E+01, 0.5129031E+01, 0.5130513E+01, 0.5130555E+01, 0.5130566E+01,
 0.1662000E+01, 0.5129533E+01, 0.5131251E+01, 0.5131302E+01, 0.5131299E+01,
 0.1664000E+01, 0.5130039E+01, 0.5131997E+01, 0.5132058E+01, 0.5132039E+01,
 0.1666000E+01, 0.5130549E+01, 0.5132751E+01, 0.5132821E+01, 0.5132787E+01,
 0.1668000E+01, 0.5131064E+01, 0.5133512E+01, 0.5133592E+01, 0.5133543E+01,
 0.1670000E+01, 0.5131585E+01, 0.5134281E+01, 0.5134371E+01, 0.5134306E+01,
 0.1672000E+01, 0.5132110E+01, 0.5135058E+01, 0.5135158E+01, 0.5135077E+01,
 0.1674000E+01, 0.5132640E+01, 0.5135842E+01, 0.5135952E+01, 0.5135857E+01,
 0.1676000E+01, 0.5133175E+01, 0.5136635E+01, 0.5136755E+01, 0.5136643E+01,
 0.1678000E+01, 0.5133715E+01, 0.5137435E+01, 0.5137565E+01, 0.5137438E+01,
 0.1680000E+01, 0.5134261E+01, 0.5138244E+01, 0.5138384E+01, 0.5138240E+01,
 0.1682000E+01, 0.5134811E+01, 0.5139060E+01, 0.5139211E+01, 0.5139051E+01,
 0.1684000E+01, 0.5135366E+01, 0.5139885E+01, 0.5140046E+01, 0.5139870E+01,
 0.1686000E+01, 0.5135928E+01, 0.5140718E+01, 0.5140890E+01, 0.5140697E+01,
 0.1688000E+01, 0.5136494E+01, 0.5141560E+01, 0.5141742E+01, 0.5141532E+01,
 0.1690000E+01, 0.5137065E+01, 0.5142409E+01, 0.5142602E+01, 0.5142375E+01,
 0.1692000E+01, 0.5137642E+01, 0.5143268E+01, 0.5143471E+01, 0.5143227E+01,
 0.1694000E+01, 0.5138225E+01, 0.5144134E+01, 0.5144348E+01, 0.5144087E+01,
 0.1696000E+01, 0.5138813E+01, 0.5145009E+01, 0.5145234E+01, 0.5144956E+01,
 0.1698000E+01, 0.5139408E+01, 0.5145893E+01, 0.5146129E+01, 0.5145833E+01,
 0.1700000E+01, 0.5140007E+01, 0.5146785E+01, 0.5147032E+01, 0.5146719E+01,
 0.1702000E+01, 0.5140613E+01, 0.5147686E+01, 0.5147944E+01, 0.5147613E+01,
 0.1704000E+01, 0.5141223E+01, 0.5148596E+01, 0.5148866E+01, 0.5148516E+01,
 0.1706000E+01, 0.5141841E+01, 0.5149515E+01, 0.5149796E+01, 0.5149428E+01,
 0.1708000E+01, 0.5142464E+01, 0.5150442E+01, 0.5150734E+01, 0.5150349E+01,
 0.1710000E+01, 0.5143093E+01, 0.5151378E+01, 0.5151682E+01, 0.5151278E+01,
 0.1712000E+01, 0.5143728E+01, 0.5152324E+01, 0.5152639E+01, 0.5152216E+01,
 0.1714000E+01, 0.5144369E+01, 0.5153278E+01, 0.5153605E+01, 0.5153164E+01,
 0.1716000E+01, 0.5145017E+01, 0.5154242E+01, 0.5154581E+01, 0.5154120E+01,
 0.1718000E+01, 0.5145670E+01, 0.5155214E+01, 0.5155565E+01, 0.5155086E+01,
 0.1720000E+01, 0.5146330E+01, 0.5156196E+01, 0.5156559E+01, 0.5156060E+01,
 0.1722000E+01, 0.5146997E+01, 0.5157187E+01, 0.5157562E+01, 0.5157044E+01,
 0.1724000E+01, 0.5147670E+01, 0.5158187E+01, 0.5158574E+01, 0.5158037E+01,
 0.1726000E+01, 0.5148349E+01, 0.5159197E+01, 0.5159596E+01, 0.5159039E+01,
 0.1728000E+01, 0.5149035E+01, 0.5160215E+01, 0.5160627E+01, 0.5160050E+01,
 0.1730000E+01, 0.5149727E+01, 0.5161244E+01, 0.5161667E+01, 0.5161071E+01,
 0.1732000E+01, 0.5150427E+01, 0.5162282E+01, 0.5162718E+01, 0.5162101E+01,
 0.1734000E+01, 0.5151133E+01, 0.5163329E+01, 0.5163777E+01, 0.5163141E+01,
 0.1736000E+01, 0.5151845E+01, 0.5164385E+01, 0.5164846E+01, 0.5164190E+01,
 0.1738000E+01, 0.5152565E+01, 0.5165452E+01, 0.5165925E+01, 0.5165248E+01,
 0.1740000E+01, 0.5153292E+01, 0.5166527E+01, 0.5167014E+01, 0.5166317E+01,
 0.1742000E+01, 0.5154026E+01, 0.5167613E+01, 0.5168112E+01, 0.5167394E+01,
 0.1744000E+01, 0.5154767E+01, 0.5168708E+01, 0.5169219E+01, 0.5168481E+01,
 0.1746000E+01, 0.5155514E+01, 0.5169813E+01, 0.5170337E+01, 0.5169578E+01,
 0.1748000E+01, 0.5156270E+01, 0.5170928E+01, 0.5171464E+01, 0.5170684E+01,
 0.1750000E+01, 0.5157032E+01, 0.5172051E+01, 0.5172602E+01, 0.5171801E+01,
 0.1752000E+01, 0.5157802E+01, 0.5173185E+01, 0.5173749E+01, 0.5172926E+01,
 0.1754000E+01, 0.5158578E+01, 0.5174329E+01, 0.5174906E+01, 0.5174062E+01,
 0.1756000E+01, 0.5159363E+01, 0.5175483E+01, 0.5176073E+01, 0.5175208E+01,
 0.1758000E+01, 0.5160155E+01, 0.5176647E+01, 0.5177249E+01, 0.5176363E+01,
 0.1760000E+01, 0.5160955E+01, 0.5177820E+01, 0.5178436E+01, 0.5177528E+01,
 0.1762000E+01, 0.5161762E+01, 0.5179003E+01, 0.5179632E+01, 0.5178703E+01,
 0.1764000E+01, 0.5162577E+01, 0.5180197E+01, 0.5180839E+01, 0.5179888E+01,
 0.1766000E+01, 0.5163400E+01, 0.5181400E+01, 0.5182055E+01, 0.5181083E+01,
 0.1768000E+01, 0.5164231E+01, 0.5182613E+01, 0.5183282E+01, 0.5182287E+01,
 0.1770000E+01, 0.5165070E+01, 0.5183836E+01, 0.5184519E+01, 0.5183502E+01,
 0.1772000E+01, 0.5165916E+01, 0.5185070E+01, 0.5185765E+01, 0.5184726E+01,
 0.1774000E+01, 0.5166770E+01, 0.5186313E+01, 0.5187022E+01, 0.5185961E+01,
 0.1776000E+01, 0.5167633E+01, 0.5187566E+01, 0.5188289E+01, 0.5187206E+01,
 0.1778000E+01, 0.5168504E+01, 0.5188830E+01, 0.5189566E+01, 0.5188460E+01,
 0.1780000E+01, 0.5169383E+01, 0.5190103E+01, 0.5190853E+01, 0.5189725E+01,
 0.1782000E+01, 0.5170270E+01, 0.5191387E+01, 0.5192150E+01, 0.5191000E+01,
 0.1784000E+01, 0.5171166E+01, 0.5192681E+01, 0.5193458E+01, 0.5192285E+01,
 0.1786000E+01, 0.5172070E+01, 0.5193985E+01, 0.5194775E+01, 0.5193580E+01,
 0.1788000E+01, 0.5172983E+01, 0.5195299E+01, 0.5196103E+01, 0.5194885E+01,
 0.1790000E+01, 0.5173904E+01, 0.5196623E+01, 0.5197441E+01, 0.5196200E+01,
 0.1792000E+01, 0.5174833E+01, 0.5197957E+01, 0.5198789E+01, 0.5197525E+01,
 0.1794000E+01, 0.5175772E+01, 0.5199302E+01, 0.5200147E+01, 0.5198861E+01,
 0.1796000E+01, 0.5176719E+01, 0.5200656E+01, 0.5201516E+01, 0.5200206E+01,
 0.1798000E+01, 0.5177675E+01, 0.5202022E+01, 0.5202894E+01, 0.5201562E+01,
 0.1800000E+01, 0.5178639E+01, 0.5203397E+01, 0.5204283E+01, 0.5202928E+01,
 0.1802000E+01, 0.5179613E+01, 0.5204782E+01, 0.5205682E+01, 0.5204304E+01,
 0.1804000E+01, 0.5180595E+01, 0.5206178E+01, 0.5207092E+01, 0.5205690E+01,
 0.1806000E+01, 0.5181587E+01, 0.5207583E+01, 0.5208511E+01, 0.5207087E+01,
 0.1808000E+01, 0.5182587E+01, 0.5209000E+01, 0.5209941E+01, 0.5208494E+01,
 0.1810000E+01, 0.5183597E+01, 0.5210426E+01, 0.5211381E+01, 0.5209910E+01,
 0.1812000E+01, 0.5184616E+01, 0.5211862E+01, 0.5212831E+01, 0.5211338E+01,
 0.1814000E+01, 0.5185644E+01, 0.5213309E+01, 0.5214292E+01, 0.5212775E+01,
 0.1816000E+01, 0.5186681E+01, 0.5214766E+01, 0.5215763E+01, 0.5214222E+01,
 0.1818000E+01, 0.5187727E+01, 0.5216233E+01, 0.5217244E+01, 0.5215681E+01,
 0.1820000E+01, 0.5188783E+01, 0.5217711E+01, 0.5218735E+01, 0.5217148E+01,
 0.1822000E+01, 0.5189849E+01, 0.5219199E+01, 0.5220237E+01, 0.5218626E+01,
 0.1824000E+01, 0.5190924E+01, 0.5220696E+01, 0.5221749E+01, 0.5220115E+01,
 0.1826000E+01, 0.5192008E+01, 0.5222205E+01, 0.5223270E+01, 0.5221614E+01,
 0.1828000E+01, 0.5193102E+01, 0.5223723E+01, 0.5224803E+01, 0.5223123E+01,
 0.1830000E+01, 0.5194206E+01, 0.5225252E+01, 0.5226346E+01, 0.5224642E+01,
 0.1832000E+01, 0.5195320E+01, 0.5226791E+01, 0.5227898E+01, 0.5226171E+01,
 0.1834000E+01, 0.5196443E+01, 0.5228340E+01, 0.5229461E+01, 0.5227711E+01,
 0.1836000E+01, 0.5197576E+01, 0.5229899E+01, 0.5231034E+01, 0.5229260E+01,
 0.1838000E+01, 0.5198719E+01, 0.5231469E+01, 0.5232617E+01, 0.5230820E+01,
 0.1840000E+01, 0.5199871E+01, 0.5233049E+01, 0.5234211E+01, 0.5232390E+01,
 0.1842000E+01, 0.5201034E+01, 0.5234639E+01, 0.5235815E+01, 0.5233971E+01,
 0.1844000E+01, 0.5202207E+01, 0.5236239E+01, 0.5237428E+01, 0.5235561E+01,
 0.1846000E+01, 0.5203390E+01, 0.5237849E+01, 0.5239052E+01, 0.5237162E+01,
 0.1848000E+01, 0.5204582E+01, 0.5239470E+01, 0.5240686E+01, 0.5238773E+01,
 0.1850000E+01, 0.5205785E+01, 0.5241101E+01, 0.5242331E+01, 0.5240394E+01,
 0.1852000E+01, 0.5206998E+01, 0.5242742E+01, 0.5243985E+01, 0.5242025E+01,
 0.1854000E+01, 0.5208222E+01, 0.5244392E+01, 0.5245650E+01, 0.5243666E+01,
 0.1856000E+01, 0.5209455E+01, 0.5246054E+01, 0.5247324E+01, 0.5245317E+01,
 0.1858000E+01, 0.5210700E+01, 0.5247725E+01, 0.5249009E+01, 0.5246979E+01,
 0.1860000E+01, 0.5211954E+01, 0.5249406E+01, 0.5250704E+01, 0.5248651E+01,
 0.1862000E+01, 0.5213219E+01, 0.5251098E+01, 0.5252409E+01, 0.5250332E+01,
 0.1864000E+01, 0.5214494E+01, 0.5252800E+01, 0.5254124E+01, 0.5252024E+01,
 0.1866000E+01, 0.5215779E+01, 0.5254511E+01, 0.5255848E+01, 0.5253726E+01,
 0.1868000E+01, 0.5217075E+01, 0.5256233E+01, 0.5257584E+01, 0.5255438E+01,
 0.1870000E+01, 0.5218382E+01, 0.5257964E+01, 0.5259328E+01, 0.5257160E+01,
 0.1872000E+01, 0.5219699E+01, 0.5259706E+01, 0.5261084E+01, 0.5258892E+01,
 0.1874000E+01, 0.5221027E+01, 0.5261458E+01, 0.5262848E+01, 0.5260634E+01,
 0.1876000E+01, 0.5222366E+01, 0.5263220E+01, 0.5264623E+01, 0.5262386E+01,
 0.1878000E+01, 0.5223715E+01, 0.5264991E+01, 0.5266408E+01, 0.5264148E+01,
 0.1880000E+01, 0.5225075E+01, 0.5266773E+01, 0.5268203E+01, 0.5265920E+01,
 0.1882000E+01, 0.5226445E+01, 0.5268565E+01, 0.5270008E+01, 0.5267702E+01,
 0.1884000E+01, 0.5227827E+01, 0.5270366E+01, 0.5271822E+01, 0.5269494E+01,
 0.1886000E+01, 0.5229219E+01, 0.5272178E+01, 0.5273646E+01, 0.5271296E+01,
 0.1888000E+01, 0.5230622E+01, 0.5273999E+01, 0.5275481E+01, 0.5273108E+01,
 0.1890000E+01, 0.5232036E+01, 0.5275830E+01, 0.5277325E+01, 0.5274930E+01,
 0.1892000E+01, 0.5233460E+01, 0.5277671E+01, 0.5279179E+01, 0.5276761E+01,
 0.1894000E+01, 0.5234896E+01, 0.5279522E+01, 0.5281042E+01, 0.5278602E+01,
 0.1896000E+01, 0.5236342E+01, 0.5281383E+01, 0.5282916E+01, 0.5280453E+01,
 0.1898000E+01, 0.5237800E+01, 0.5283254E+01, 0.5284799E+01, 0.5282314E+01,
 0.1900000E+01, 0.5239268E+01, 0.5285134E+01, 0.5286692E+01, 0.5284185E+01,
 0.1902000E+01, 0.5240747E+01, 0.5287024E+01, 0.5288594E+01, 0.5286066E+01,
 0.1904000E+01, 0.5242238E+01, 0.5288924E+01, 0.5290507E+01, 0.5287956E+01,
 0.1906000E+01, 0.5243739E+01, 0.5290833E+01, 0.5292428E+01, 0.5289855E+01,
 0.1908000E+01, 0.5245252E+01, 0.5292752E+01, 0.5294360E+01, 0.5291765E+01,
 0.1910000E+01, 0.5246775E+01, 0.5294681E+01, 0.5296301E+01, 0.5293685E+01,
 0.1912000E+01, 0.5248310E+01, 0.5296620E+01, 0.5298252E+01, 0.5295614E+01,
 0.1914000E+01, 0.5249855E+01, 0.5298568E+01, 0.5300212E+01, 0.5297553E+01,
 0.1916000E+01, 0.5251412E+01, 0.5300526E+01, 0.5302182E+01, 0.5299501E+01,
 0.1918000E+01, 0.5252980E+01, 0.5302493E+01, 0.5304162E+01, 0.5301459E+01,
 0.1920000E+01, 0.5254559E+01, 0.5304470E+01, 0.5306150E+01, 0.5303426E+01,
 0.1922000E+01, 0.5256148E+01, 0.5306456E+01, 0.5308149E+01, 0.5305403E+01,
 0.1924000E+01, 0.5257750E+01, 0.5308452E+01, 0.5310157E+01, 0.5307390E+01,
 0.1926000E+01, 0.5259362E+01, 0.5310457E+01, 0.5312174E+01, 0.5309386E+01,
 0.1928000E+01, 0.5260985E+01, 0.5312472E+01, 0.5314200E+01, 0.5311392E+01,
 0.1930000E+01, 0.5262619E+01, 0.5314497E+01, 0.5316236E+01, 0.5313407E+01,
 0.1932000E+01, 0.5264265E+01, 0.5316530E+01, 0.5318282E+01, 0.5315432E+01,
 0.1934000E+01, 0.5265922E+01, 0.5318573E+01, 0.5320337E+01, 0.5317465E+01,
 0.1936000E+01, 0.5267590E+01, 0.5320626E+01, 0.5322401E+01, 0.5319509E+01,
 0.1938000E+01, 0.5269269E+01, 0.5322688E+01, 0.5324474E+01, 0.5321561E+01,
 0.1940000E+01, 0.5270959E+01, 0.5324759E+01, 0.5326557E+01, 0.5323624E+01,
 0.1942000E+01, 0.5272661E+01, 0.5326839E+01, 0.5328649E+01, 0.5325695E+01,
 0.1944000E+01, 0.5274373E+01, 0.5328928E+01, 0.5330750E+01, 0.5327775E+01,
 0.1946000E+01, 0.5276097E+01, 0.5331028E+01, 0.5332860E+01, 0.5329865E+01,
 0.1948000E+01, 0.5277832E+01, 0.5333136E+01, 0.5334979E+01, 0.5331964E+01,
 0.1950000E+01, 0.5279578E+01, 0.5335253E+01, 0.5337107E+01, 0.5334073E+01,
 0.1952000E+01, 0.5281335E+01, 0.5337379E+01, 0.5339245E+01, 0.5336191E+01,
 0.1954000E+01, 0.5283103E+01, 0.5339515E+01, 0.5341392E+01, 0.5338317E+01,
 0.1956000E+01, 0.5284883E+01, 0.5341660E+01, 0.5343547E+01, 0.5340454E+01,
 0.1958000E+01, 0.5286673E+01, 0.5343813E+01, 0.5345712E+01, 0.5342598E+01,
 0.1960000E+01, 0.5288475E+01, 0.5345976E+01, 0.5347886E+01, 0.5344753E+01,
 0.1962000E+01, 0.5290287E+01, 0.5348148E+01, 0.5350068E+01, 0.5346916E+01,
 0.1964000E+01, 0.5292111E+01, 0.5350329E+01, 0.5352260E+01, 0.5349088E+01,
 0.1966000E+01, 0.5293946E+01, 0.5352519E+01, 0.5354460E+01, 0.5351270E+01,
 0.1968000E+01, 0.5295792E+01, 0.5354718E+01, 0.5356670E+01, 0.5353460E+01,
 0.1970000E+01, 0.5297649E+01, 0.5356926E+01, 0.5358888E+01, 0.5355659E+01,
 0.1972000E+01, 0.5299517E+01, 0.5359142E+01, 0.5361115E+01, 0.5357867E+01,
 0.1974000E+01, 0.5301396E+01, 0.5361368E+01, 0.5363351E+01, 0.5360085E+01,
 0.1976000E+01, 0.5303286E+01, 0.5363603E+01, 0.5365596E+01, 0.5362310E+01,
 0.1978000E+01, 0.5305187E+01, 0.5365846E+01, 0.5367849E+01, 0.5364545E+01,
 0.1980000E+01, 0.5307099E+01, 0.5368098E+01, 0.5370111E+01, 0.5366789E+01,
 0.1982000E+01, 0.5309022E+01, 0.5370358E+01, 0.5372383E+01, 0.5369042E+01,
 0.1984000E+01, 0.5310956E+01, 0.5372628E+01, 0.5374662E+01, 0.5371303E+01,
 0.1986000E+01, 0.5312901E+01, 0.5374907E+01, 0.5376951E+01, 0.5373573E+01,
 0.1988000E+01, 0.5314857E+01, 0.5377193E+01, 0.5379248E+01, 0.5375852E+01,
 0.1990000E+01, 0.5316824E+01, 0.5379489E+01, 0.5381553E+01, 0.5378140E+01,
 0.1992000E+01, 0.5318802E+01, 0.5381793E+01, 0.5383867E+01, 0.5380436E+01,
 0.1994000E+01, 0.5320791E+01, 0.5384107E+01, 0.5386190E+01, 0.5382741E+01,
 0.1996000E+01, 0.5322790E+01, 0.5386428E+01, 0.5388521E+01, 0.5385055E+01,
 0.1998000E+01, 0.5324800E+01, 0.5388758E+01, 0.5390861E+01, 0.5387377E+01,
 0.2000000E+01, 0.5326822E+01, 0.5391097E+01, 0.5393209E+01, 0.5389708E+01,
 0.2002000E+01, 0.5328854E+01, 0.5393444E+01, 0.5395566E+01, 0.5392047E+01,
 0.2004000E+01, 0.5330896E+01, 0.5395800E+01, 0.5397931E+01, 0.5394394E+01,
 0.2006000E+01, 0.5332950E+01, 0.5398164E+01, 0.5400304E+01, 0.5396751E+01,
 0.2008000E+01, 0.5335014E+01, 0.5400537E+01, 0.5402686E+01, 0.5399116E+01,
 0.2010000E+01, 0.5337089E+01, 0.5402918E+01, 0.5405077E+01, 0.5401489E+01,
 0.2012000E+01, 0.5339174E+01, 0.5405307E+01, 0.5407475E+01, 0.5403871E+01,
 0.2014000E+01, 0.5341270E+01, 0.5407705E+01, 0.5409882E+01, 0.5406261E+01,
 0.2016000E+01, 0.5343377E+01, 0.5410111E+01, 0.5412297E+01, 0.5408659E+01,
 0.2018000E+01, 0.5345494E+01, 0.5412525E+01, 0.5414720E+01, 0.5411067E+01,
 0.2020000E+01, 0.5347622E+01, 0.5414948E+01, 0.5417151E+01, 0.5413482E+01,
 0.2022000E+01, 0.5349761E+01, 0.5417379E+01, 0.5419591E+01, 0.5415905E+01,
 0.2024000E+01, 0.5351910E+01, 0.5419818E+01, 0.5422040E+01, 0.5418337E+01,
 0.2026000E+01, 0.5354069E+01, 0.5422266E+01, 0.5424496E+01, 0.5420777E+01,
 0.2028000E+01, 0.5356239E+01, 0.5424721E+01, 0.5426960E+01, 0.5423225E+01,
 0.2030000E+01, 0.5358420E+01, 0.5427185E+01, 0.5429432E+01, 0.5425682E+01,
 0.2032000E+01, 0.5360611E+01, 0.5429657E+01, 0.5431912E+01, 0.5428146E+01,
 0.2034000E+01, 0.5362812E+01, 0.5432137E+01, 0.5434401E+01, 0.5430619E+01,
 0.2036000E+01, 0.5365024E+01, 0.5434625E+01, 0.5436897E+01, 0.5433100E+01,
 0.2038000E+01, 0.5367246E+01, 0.5437121E+01, 0.5439402E+01, 0.5435589E+01,
 0.2040000E+01, 0.5369478E+01, 0.5439625E+01, 0.5441914E+01, 0.5438086E+01,
 0.2042000E+01, 0.5371721E+01, 0.5442137E+01, 0.5444434E+01, 0.5440591E+01,
 0.2044000E+01, 0.5373974E+01, 0.5444657E+01, 0.5446963E+01, 0.5443104E+01,
 0.2046000E+01, 0.5376237E+01, 0.5447186E+01, 0.5449499E+01, 0.5445625E+01,
 0.2048000E+01, 0.5378510E+01, 0.5449721E+01, 0.5452043E+01, 0.5448154E+01,
 0.2050000E+01, 0.5380794E+01, 0.5452265E+01, 0.5454595E+01, 0.5450692E+01,
 0.2052000E+01, 0.5383088E+01, 0.5454817E+01, 0.5457155E+01, 0.5453237E+01,
 0.2054000E+01, 0.5385391E+01, 0.5457377E+01, 0.5459722E+01, 0.5455790E+01,
 0.2056000E+01, 0.5387705E+01, 0.5459945E+01, 0.5462297E+01, 0.5458351E+01,
 0.2058000E+01, 0.5390029E+01, 0.5462520E+01, 0.5464880E+01, 0.5460919E+01,
 0.2060000E+01, 0.5392363E+01, 0.5465103E+01, 0.5467471E+01, 0.5463496E+01,
 0.2062000E+01, 0.5394707E+01, 0.5467694E+01, 0.5470070E+01, 0.5466080E+01,
 0.2064000E+01, 0.5397061E+01, 0.5470293E+01, 0.5472676E+01, 0.5468672E+01,
 0.2066000E+01, 0.5399425E+01, 0.5472899E+01, 0.5475290E+01, 0.5471272E+01,
 0.2068000E+01, 0.5401799E+01, 0.5475513E+01, 0.5477911E+01, 0.5473880E+01,
 0.2070000E+01, 0.5404183E+01, 0.5478135E+01, 0.5480541E+01, 0.5476495E+01,
 0.2072000E+01, 0.5406576E+01, 0.5480764E+01, 0.5483177E+01, 0.5479118E+01,
 0.2074000E+01, 0.5408980E+01, 0.5483401E+01, 0.5485822E+01, 0.5481749E+01,
 0.2076000E+01, 0.5411393E+01, 0.5486046E+01, 0.5488473E+01, 0.5484387E+01,
 0.2078000E+01, 0.5413816E+01, 0.5488698E+01, 0.5491133E+01, 0.5487033E+01,
 0.2080000E+01, 0.5416249E+01, 0.5491358E+01, 0.5493800E+01, 0.5489686E+01,
 0.2082000E+01, 0.5418691E+01, 0.5494026E+01, 0.5496474E+01, 0.5492348E+01,
 0.2084000E+01, 0.5421143E+01, 0.5496700E+01, 0.5499156E+01, 0.5495017E+01,
 0.2086000E+01, 0.5423605E+01, 0.5499383E+01, 0.5501845E+01, 0.5497693E+01,
 0.2088000E+01, 0.5426076E+01, 0.5502073E+01, 0.5504542E+01, 0.5500377E+01,
 0.2090000E+01, 0.5428557E+01, 0.5504770E+01, 0.5507246E+01, 0.5503067E+01,
 0.2092000E+01, 0.5431048E+01, 0.5507475E+01, 0.5509957E+01, 0.5505766E+01,
 0.2094000E+01, 0.5433548E+01, 0.5510187E+01, 0.5512676E+01, 0.5508472E+01,
 0.2096000E+01, 0.5436058E+01, 0.5512907E+01, 0.5515402E+01, 0.5511186E+01,
 0.2098000E+01, 0.5438577E+01, 0.5515633E+01, 0.5518136E+01, 0.5513907E+01,
 0.2100000E+01, 0.5441105E+01, 0.5518368E+01, 0.5520876E+01, 0.5516635E+01,
 0.2102000E+01, 0.5443643E+01, 0.5521109E+01, 0.5523624E+01, 0.5519372E+01,
 0.2104000E+01, 0.5446190E+01, 0.5523858E+01, 0.5526380E+01, 0.5522114E+01,
 0.2106000E+01, 0.5448747E+01, 0.5526614E+01, 0.5529142E+01, 0.5524865E+01,
 0.2108000E+01, 0.5451313E+01, 0.5529377E+01, 0.5531912E+01, 0.5527623E+01,
 0.2110000E+01, 0.5453888E+01, 0.5532148E+01, 0.5534688E+01, 0.5530387E+01,
 0.2112000E+01, 0.5456473E+01, 0.5534926E+01, 0.5537473E+01, 0.5533160E+01,
 0.2114000E+01, 0.5459067E+01, 0.5537711E+01, 0.5540264E+01, 0.5535939E+01,
 0.2116000E+01, 0.5461670E+01, 0.5540504E+01, 0.5543062E+01, 0.5538726E+01,
 0.2118000E+01, 0.5464282E+01, 0.5543303E+01, 0.5545867E+01, 0.5541520E+01,
 0.2120000E+01, 0.5466903E+01, 0.5546109E+01, 0.5548680E+01, 0.5544321E+01,
 0.2122000E+01, 0.5469534E+01, 0.5548923E+01, 0.5551499E+01, 0.5547129E+01,
 0.2124000E+01, 0.5472173E+01, 0.5551744E+01, 0.5554326E+01, 0.5549945E+01,
 0.2126000E+01, 0.5474822E+01, 0.5554572E+01, 0.5557160E+01, 0.5552767E+01,
 0.2128000E+01, 0.5477480E+01, 0.5557406E+01, 0.5560000E+01, 0.5555597E+01,
 0.2130000E+01, 0.5480146E+01, 0.5560248E+01, 0.5562848E+01, 0.5558434E+01,
 0.2132000E+01, 0.5482822E+01, 0.5563097E+01, 0.5565702E+01, 0.5561277E+01,
 0.2134000E+01, 0.5485507E+01, 0.5565953E+01, 0.5568564E+01, 0.5564128E+01,
 0.2136000E+01, 0.5488201E+01, 0.5568816E+01, 0.5571433E+01, 0.5566986E+01,
 0.2138000E+01, 0.5490903E+01, 0.5571686E+01, 0.5574308E+01, 0.5569850E+01,
 0.2140000E+01, 0.5493614E+01, 0.5574563E+01, 0.5577190E+01, 0.5572722E+01,
 0.2142000E+01, 0.5496335E+01, 0.5577447E+01, 0.5580080E+01, 0.5575601E+01,
 0.2144000E+01, 0.5499063E+01, 0.5580338E+01, 0.5582975E+01, 0.5578487E+01,
 0.2146000E+01, 0.5501801E+01, 0.5583235E+01, 0.5585878E+01, 0.5581379E+01,
 0.2148000E+01, 0.5504548E+01, 0.5586140E+01, 0.5588788E+01, 0.5584279E+01,
 0.2150000E+01, 0.5507304E+01, 0.5589051E+01, 0.5591705E+01, 0.5587185E+01,
 0.2152000E+01, 0.5510067E+01, 0.5591969E+01, 0.5594628E+01, 0.5590098E+01,
 0.2154000E+01, 0.5512840E+01, 0.5594894E+01, 0.5597558E+01, 0.5593019E+01,
 0.2156000E+01, 0.5515622E+01, 0.5597826E+01, 0.5600495E+01, 0.5595945E+01,
 0.2158000E+01, 0.5518412E+01, 0.5600764E+01, 0.5603438E+01, 0.5598879E+01,
 0.2160000E+01, 0.5521211E+01, 0.5603710E+01, 0.5606389E+01, 0.5601820E+01,
 0.2162000E+01, 0.5524018E+01, 0.5606662E+01, 0.5609345E+01, 0.5604767E+01,
 0.2164000E+01, 0.5526834E+01, 0.5609621E+01, 0.5612309E+01, 0.5607721E+01,
 0.2166000E+01, 0.5529658E+01, 0.5612586E+01, 0.5615280E+01, 0.5610682E+01,
 0.2168000E+01, 0.5532491E+01, 0.5615559E+01, 0.5618257E+01, 0.5613650E+01,
 0.2170000E+01, 0.5535333E+01, 0.5618537E+01, 0.5621240E+01, 0.5616624E+01,
 0.2172000E+01, 0.5538183E+01, 0.5621523E+01, 0.5624230E+01, 0.5619606E+01,
 0.2174000E+01, 0.5541041E+01, 0.5624515E+01, 0.5627227E+01, 0.5622593E+01,
 0.2176000E+01, 0.5543908E+01, 0.5627514E+01, 0.5630231E+01, 0.5625587E+01,
 0.2178000E+01, 0.5546782E+01, 0.5630519E+01, 0.5633241E+01, 0.5628589E+01,
 0.2180000E+01, 0.5549666E+01, 0.5633532E+01, 0.5636257E+01, 0.5631596E+01,
 0.2182000E+01, 0.5552558E+01, 0.5636550E+01, 0.5639280E+01, 0.5634611E+01,
 0.2184000E+01, 0.5555458E+01, 0.5639575E+01, 0.5642310E+01, 0.5637631E+01,
 0.2186000E+01, 0.5558367E+01, 0.5642607E+01, 0.5645346E+01, 0.5640659E+01,
 0.2188000E+01, 0.5561284E+01, 0.5645646E+01, 0.5648389E+01, 0.5643693E+01,
 0.2190000E+01, 0.5564209E+01, 0.5648691E+01, 0.5651438E+01, 0.5646734E+01,
 0.2192000E+01, 0.5567142E+01, 0.5651742E+01, 0.5654493E+01, 0.5649781E+01,
 0.2194000E+01, 0.5570083E+01, 0.5654800E+01, 0.5657556E+01, 0.5652834E+01,
 0.2196000E+01, 0.5573032E+01, 0.5657864E+01, 0.5660624E+01, 0.5655895E+01,
 0.2198000E+01, 0.5575990E+01, 0.5660935E+01, 0.5663699E+01, 0.5658961E+01,
 0.2200000E+01, 0.5578956E+01, 0.5664012E+01, 0.5666780E+01, 0.5662035E+01,
 0.2202000E+01, 0.5581930E+01, 0.5667096E+01, 0.5669868E+01, 0.5665114E+01,
 0.2204000E+01, 0.5584912E+01, 0.5670186E+01, 0.5672962E+01, 0.5668200E+01,
 0.2206000E+01, 0.5587903E+01, 0.5673283E+01, 0.5676063E+01, 0.5671293E+01,
 0.2208000E+01, 0.5590901E+01, 0.5676385E+01, 0.5679169E+01, 0.5674392E+01,
 0.2210000E+01, 0.5593907E+01, 0.5679495E+01, 0.5682282E+01, 0.5677497E+01,
 0.2212000E+01, 0.5596921E+01, 0.5682611E+01, 0.5685401E+01, 0.5680609E+01,
 0.2214000E+01, 0.5599944E+01, 0.5685732E+01, 0.5688528E+01, 0.5683727E+01,
 0.2216000E+01, 0.5602973E+01, 0.5688861E+01, 0.5691659E+01, 0.5686852E+01,
 0.2218000E+01, 0.5606012E+01, 0.5691996E+01, 0.5694798E+01, 0.5689982E+01,
 0.2220000E+01, 0.5609058E+01, 0.5695137E+01, 0.5697942E+01, 0.5693120E+01,
 0.2222000E+01, 0.5612112E+01, 0.5698284E+01, 0.5701093E+01, 0.5696263E+01,
 0.2224000E+01, 0.5615174E+01, 0.5701437E+01, 0.5704250E+01, 0.5699413E+01,
 0.2226000E+01, 0.5618244E+01, 0.5704597E+01, 0.5707413E+01, 0.5702569E+01,
 0.2228000E+01, 0.5621321E+01, 0.5707763E+01, 0.5710583E+01, 0.5705731E+01,
 0.2230000E+01, 0.5624407E+01, 0.5710936E+01, 0.5713758E+01, 0.5708900E+01,
 0.2232000E+01, 0.5627500E+01, 0.5714114E+01, 0.5716940E+01, 0.5712075E+01,
 0.2234000E+01, 0.5630601E+01, 0.5717299E+01, 0.5720129E+01, 0.5715256E+01,
 0.2236000E+01, 0.5633709E+01, 0.5720490E+01, 0.5723323E+01, 0.5718444E+01,
 0.2238000E+01, 0.5636826E+01, 0.5723687E+01, 0.5726523E+01, 0.5721637E+01,
 0.2240000E+01, 0.5639950E+01, 0.5726890E+01, 0.5729730E+01, 0.5724837E+01,
 0.2242000E+01, 0.5643083E+01, 0.5730100E+01, 0.5732943E+01, 0.5728043E+01,
 0.2244000E+01, 0.5646222E+01, 0.5733315E+01, 0.5736161E+01, 0.5731256E+01,
 0.2246000E+01, 0.5649370E+01, 0.5736537E+01, 0.5739386E+01, 0.5734474E+01,
 0.2248000E+01, 0.5652524E+01, 0.5739765E+01, 0.5742617E+01, 0.5737699E+01,
 0.2250000E+01, 0.5655687E+01, 0.5742999E+01, 0.5745854E+01, 0.5740929E+01,
 0.2252000E+01, 0.5658858E+01, 0.5746240E+01, 0.5749097E+01, 0.5744166E+01,
 0.2254000E+01, 0.5662035E+01, 0.5749486E+01, 0.5752347E+01, 0.5747409E+01,
 0.2256000E+01, 0.5665221E+01, 0.5752738E+01, 0.5755601E+01, 0.5750658E+01,
 0.2258000E+01, 0.5668414E+01, 0.5755997E+01, 0.5758863E+01, 0.5753913E+01,
 0.2260000E+01, 0.5671615E+01, 0.5759261E+01, 0.5762130E+01, 0.5757174E+01,
 0.2262000E+01, 0.5674823E+01, 0.5762532E+01, 0.5765403E+01, 0.5760442E+01,
 0.2264000E+01, 0.5678039E+01, 0.5765808E+01, 0.5768682E+01, 0.5763715E+01,
 0.2266000E+01, 0.5681262E+01, 0.5769091E+01, 0.5771968E+01, 0.5766995E+01,
 0.2268000E+01, 0.5684493E+01, 0.5772379E+01, 0.5775259E+01, 0.5770280E+01,
 0.2270000E+01, 0.5687731E+01, 0.5775674E+01, 0.5778556E+01, 0.5773572E+01,
 0.2272000E+01, 0.5690977E+01, 0.5778975E+01, 0.5781859E+01, 0.5776869E+01,
 0.2274000E+01, 0.5694230E+01, 0.5782281E+01, 0.5785169E+01, 0.5780173E+01,
 0.2276000E+01, 0.5697491E+01, 0.5785594E+01, 0.5788484E+01, 0.5783483E+01,
 0.2278000E+01, 0.5700758E+01, 0.5788913E+01, 0.5791805E+01, 0.5786798E+01,
 0.2280000E+01, 0.5704034E+01, 0.5792237E+01, 0.5795132E+01, 0.5790120E+01,
 0.2282000E+01, 0.5707317E+01, 0.5795568E+01, 0.5798465E+01, 0.5793447E+01,
 0.2284000E+01, 0.5710607E+01, 0.5798904E+01, 0.5801804E+01, 0.5796781E+01,
 0.2286000E+01, 0.5713904E+01, 0.5802247E+01, 0.5805148E+01, 0.5800120E+01,
 0.2288000E+01, 0.5717209E+01, 0.5805595E+01, 0.5808498E+01, 0.5803466E+01,
 0.2290000E+01, 0.5720521E+01, 0.5808949E+01, 0.5811855E+01, 0.5806817E+01,
 0.2292000E+01, 0.5723841E+01, 0.5812309E+01, 0.5815217E+01, 0.5810174E+01,
 0.2294000E+01, 0.5727168E+01, 0.5815675E+01, 0.5818585E+01, 0.5813538E+01,
 0.2296000E+01, 0.5730502E+01, 0.5819047E+01, 0.5821959E+01, 0.5816907E+01,
 0.2298000E+01, 0.5733843E+01, 0.5822424E+01, 0.5825339E+01, 0.5820282E+01,
 0.2300000E+01, 0.5737192E+01, 0.5825808E+01, 0.5828725E+01, 0.5823663E+01,
 0.2302000E+01, 0.5740548E+01, 0.5829197E+01, 0.5832116E+01, 0.5827049E+01,
 0.2304000E+01, 0.5743911E+01, 0.5832593E+01, 0.5835513E+01, 0.5830442E+01,
 0.2306000E+01, 0.5747282E+01, 0.5835994E+01, 0.5838916E+01, 0.5833841E+01,
 0.2308000E+01, 0.5750659E+01, 0.5839401E+01, 0.5842325E+01, 0.5837245E+01,
 0.2310000E+01, 0.5754044E+01, 0.5842813E+01, 0.5845740E+01, 0.5840655E+01,
 0.2312000E+01, 0.5757436E+01, 0.5846232E+01, 0.5849160E+01, 0.5844071E+01,
 0.2314000E+01, 0.5760835E+01, 0.5849657E+01, 0.5852586E+01, 0.5847493E+01,
 0.2316000E+01, 0.5764241E+01, 0.5853087E+01, 0.5856018E+01, 0.5850921E+01,
 0.2318000E+01, 0.5767655E+01, 0.5856523E+01, 0.5859456E+01, 0.5854354E+01,
 0.2320000E+01, 0.5771075E+01, 0.5859964E+01, 0.5862899E+01, 0.5857793E+01,
 0.2322000E+01, 0.5774503E+01, 0.5863412E+01, 0.5866348E+01, 0.5861238E+01,
 0.2324000E+01, 0.5777938E+01, 0.5866865E+01, 0.5869803E+01, 0.5864689E+01,
 0.2326000E+01, 0.5781380E+01, 0.5870324E+01, 0.5873264E+01, 0.5868146E+01,
 0.2328000E+01, 0.5784829E+01, 0.5873789E+01, 0.5876730E+01, 0.5871608E+01,
 0.2330000E+01, 0.5788285E+01, 0.5877260E+01, 0.5880202E+01, 0.5875077E+01,
 0.2332000E+01, 0.5791749E+01, 0.5880736E+01, 0.5883680E+01, 0.5878551E+01,
 0.2334000E+01, 0.5795218E+01, 0.5884218E+01, 0.5887163E+01, 0.5882030E+01,
 0.2336000E+01, 0.5798696E+01, 0.5887705E+01, 0.5890652E+01, 0.5885516E+01,
 0.2338000E+01, 0.5802180E+01, 0.5891199E+01, 0.5894147E+01, 0.5889007E+01,
 0.2340000E+01, 0.5805672E+01, 0.5894698E+01, 0.5897647E+01, 0.5892504E+01,
 0.2342000E+01, 0.5809170E+01, 0.5898202E+01, 0.5901154E+01, 0.5896006E+01,
 0.2344000E+01, 0.5812675E+01, 0.5901713E+01, 0.5904665E+01, 0.5899515E+01,
 0.2346000E+01, 0.5816188E+01, 0.5905229E+01, 0.5908182E+01, 0.5903028E+01,
 0.2348000E+01, 0.5819707E+01, 0.5908751E+01, 0.5911705E+01, 0.5906548E+01,
 0.2350000E+01, 0.5823234E+01, 0.5912279E+01, 0.5915234E+01, 0.5910074E+01,
 0.2352000E+01, 0.5826767E+01, 0.5915812E+01, 0.5918768E+01, 0.5913605E+01,
 0.2354000E+01, 0.5830307E+01, 0.5919350E+01, 0.5922308E+01, 0.5917141E+01,
 0.2356000E+01, 0.5833855E+01, 0.5922895E+01, 0.5925854E+01, 0.5920684E+01,
 0.2358000E+01, 0.5837409E+01, 0.5926445E+01, 0.5929405E+01, 0.5924232E+01,
 0.2360000E+01, 0.5840971E+01, 0.5930001E+01, 0.5932961E+01, 0.5927786E+01,
 0.2362000E+01, 0.5844539E+01, 0.5933562E+01, 0.5936523E+01, 0.5931345E+01,
 0.2364000E+01, 0.5848114E+01, 0.5937129E+01, 0.5940092E+01, 0.5934910E+01,
 0.2366000E+01, 0.5851696E+01, 0.5940701E+01, 0.5943665E+01, 0.5938481E+01,
 0.2368000E+01, 0.5855285E+01, 0.5944280E+01, 0.5947244E+01, 0.5942057E+01,
 0.2370000E+01, 0.5858880E+01, 0.5947864E+01, 0.5950829E+01, 0.5945639E+01,
 0.2372000E+01, 0.5862483E+01, 0.5951453E+01, 0.5954419E+01, 0.5949226E+01,
 0.2374000E+01, 0.5866093E+01, 0.5955048E+01, 0.5958014E+01, 0.5952820E+01,
 0.2376000E+01, 0.5869709E+01, 0.5958648E+01, 0.5961616E+01, 0.5956419E+01,
 0.2378000E+01, 0.5873332E+01, 0.5962255E+01, 0.5965222E+01, 0.5960023E+01,
 0.2380000E+01, 0.5876962E+01, 0.5965866E+01, 0.5968835E+01, 0.5963633E+01,
 0.2382000E+01, 0.5880599E+01, 0.5969483E+01, 0.5972453E+01, 0.5967248E+01,
 0.2384000E+01, 0.5884243E+01, 0.5973106E+01, 0.5976076E+01, 0.5970870E+01,
 0.2386000E+01, 0.5887894E+01, 0.5976735E+01, 0.5979705E+01, 0.5974496E+01,
 0.2388000E+01, 0.5891551E+01, 0.5980369E+01, 0.5983339E+01, 0.5978128E+01,
 0.2390000E+01, 0.5895216E+01, 0.5984008E+01, 0.5986979E+01, 0.5981767E+01,
 0.2392000E+01, 0.5898887E+01, 0.5987653E+01, 0.5990625E+01, 0.5985410E+01,
 0.2394000E+01, 0.5902565E+01, 0.5991304E+01, 0.5994276E+01, 0.5989059E+01,
 0.2396000E+01, 0.5906250E+01, 0.5994960E+01, 0.5997932E+01, 0.5992713E+01,
 0.2398000E+01, 0.5909941E+01, 0.5998622E+01, 0.6001595E+01, 0.5996374E+01,
 0.2400000E+01, 0.5913639E+01, 0.6002289E+01, 0.6005262E+01, 0.6000040E+01,
 0.2402000E+01, 0.5917345E+01, 0.6005962E+01, 0.6008935E+01, 0.6003711E+01,
 0.2404000E+01, 0.5921056E+01, 0.6009640E+01, 0.6012613E+01, 0.6007388E+01,
 0.2406000E+01, 0.5924775E+01, 0.6013324E+01, 0.6016297E+01, 0.6011070E+01,
 0.2408000E+01, 0.5928500E+01, 0.6017013E+01, 0.6019987E+01, 0.6014758E+01,
 0.2410000E+01, 0.5932232E+01, 0.6020708E+01, 0.6023682E+01, 0.6018451E+01,
 0.2412000E+01, 0.5935971E+01, 0.6024408E+01, 0.6027382E+01, 0.6022150E+01,
 0.2414000E+01, 0.5939717E+01, 0.6028114E+01, 0.6031088E+01, 0.6025854E+01,
 0.2416000E+01, 0.5943470E+01, 0.6031825E+01, 0.6034799E+01, 0.6029564E+01,
 0.2418000E+01, 0.5947229E+01, 0.6035542E+01, 0.6038516E+01, 0.6033279E+01,
 0.2420000E+01, 0.5950994E+01, 0.6039264E+01, 0.6042238E+01, 0.6037001E+01,
 0.2422000E+01, 0.5954767E+01, 0.6042992E+01, 0.6045966E+01, 0.6040727E+01,
 0.2424000E+01, 0.5958547E+01, 0.6046725E+01, 0.6049699E+01, 0.6044459E+01,
 0.2426000E+01, 0.5962333E+01, 0.6050464E+01, 0.6053438E+01, 0.6048196E+01,
 0.2428000E+01, 0.5966125E+01, 0.6054208E+01, 0.6057181E+01, 0.6051939E+01,
 0.2430000E+01, 0.5969925E+01, 0.6057958E+01, 0.6060931E+01, 0.6055687E+01,
 0.2432000E+01, 0.5973731E+01, 0.6061713E+01, 0.6064686E+01, 0.6059442E+01,
 0.2434000E+01, 0.5977544E+01, 0.6065473E+01, 0.6068446E+01, 0.6063201E+01,
 0.2436000E+01, 0.5981364E+01, 0.6069239E+01, 0.6072212E+01, 0.6066966E+01,
 0.2438000E+01, 0.5985190E+01, 0.6073010E+01, 0.6075983E+01, 0.6070736E+01,
 0.2440000E+01, 0.5989023E+01, 0.6076787E+01, 0.6079759E+01, 0.6074512E+01,
 0.2442000E+01, 0.5992863E+01, 0.6080570E+01, 0.6083541E+01, 0.6078293E+01,
 0.2444000E+01, 0.5996709E+01, 0.6084358E+01, 0.6087328E+01, 0.6082080E+01,
 0.2446000E+01, 0.6000562E+01, 0.6088151E+01, 0.6091121E+01, 0.6085872E+01,
 0.2448000E+01, 0.6004422E+01, 0.6091949E+01, 0.6094920E+01, 0.6089670E+01,
 0.2450000E+01, 0.6008288E+01, 0.6095754E+01, 0.6098723E+01, 0.6093472E+01,
 0.2452000E+01, 0.6012161E+01, 0.6099563E+01, 0.6102532E+01, 0.6097281E+01,
 0.2454000E+01, 0.6016041E+01, 0.6103378E+01, 0.6106347E+01, 0.6101095E+01,
 0.2456000E+01, 0.6019928E+01, 0.6107198E+01, 0.6110166E+01, 0.6104915E+01,
 0.2458000E+01, 0.6023820E+01, 0.6111024E+01, 0.6113991E+01, 0.6108740E+01,
 0.2460000E+01, 0.6027720E+01, 0.6114855E+01, 0.6117822E+01, 0.6112570E+01,
 0.2462000E+01, 0.6031627E+01, 0.6118692E+01, 0.6121658E+01, 0.6116406E+01,
 0.2464000E+01, 0.6035540E+01, 0.6122534E+01, 0.6125499E+01, 0.6120247E+01,
 0.2466000E+01, 0.6039459E+01, 0.6126382E+01, 0.6129346E+01, 0.6124094E+01,
 0.2468000E+01, 0.6043386E+01, 0.6130235E+01, 0.6133198E+01, 0.6127946E+01,
 0.2470000E+01, 0.6047318E+01, 0.6134093E+01, 0.6137055E+01, 0.6131804E+01,
 0.2472000E+01, 0.6051258E+01, 0.6137957E+01, 0.6140918E+01, 0.6135666E+01,
 0.2474000E+01, 0.6055204E+01, 0.6141826E+01, 0.6144786E+01, 0.6139534E+01,
 0.2476000E+01, 0.6059157E+01, 0.6145700E+01, 0.6148660E+01, 0.6143408E+01,
 0.2478000E+01, 0.6063117E+01, 0.6149580E+01, 0.6152539E+01, 0.6147288E+01,
 0.2480000E+01, 0.6067082E+01, 0.6153466E+01, 0.6156424E+01, 0.6151172E+01,
 0.2482000E+01, 0.6071055E+01, 0.6157356E+01, 0.6160313E+01, 0.6155063E+01,
 0.2484000E+01, 0.6075035E+01, 0.6161252E+01, 0.6164208E+01, 0.6158958E+01,
 0.2486000E+01, 0.6079021E+01, 0.6165154E+01, 0.6168108E+01, 0.6162859E+01,
 0.2488000E+01, 0.6083014E+01, 0.6169061E+01, 0.6172015E+01, 0.6166765E+01,
 0.2490000E+01, 0.6087013E+01, 0.6172973E+01, 0.6175926E+01, 0.6170677E+01,
 0.2492000E+01, 0.6091019E+01, 0.6176891E+01, 0.6179842E+01, 0.6174594E+01,
 0.2494000E+01, 0.6095031E+01, 0.6180814E+01, 0.6183764E+01, 0.6178517E+01,
 0.2496000E+01, 0.6099050E+01, 0.6184742E+01, 0.6187691E+01, 0.6182445E+01,
 0.2498000E+01, 0.6103076E+01, 0.6188676E+01, 0.6191624E+01, 0.6186378E+01,
 0.2500000E+01, 0.6107108E+01, 0.6192616E+01, 0.6195562E+01, 0.6190317E+01,
 0.2502000E+01, 0.6111147E+01, 0.6196560E+01, 0.6199505E+01, 0.6194262E+01,
 0.2504000E+01, 0.6115193E+01, 0.6200511E+01, 0.6203454E+01, 0.6198211E+01,
 0.2506000E+01, 0.6119245E+01, 0.6204466E+01, 0.6207408E+01, 0.6202166E+01,
 0.2508000E+01, 0.6123304E+01, 0.6208427E+01, 0.6211368E+01, 0.6206127E+01,
 0.2510000E+01, 0.6127369E+01, 0.6212393E+01, 0.6215332E+01, 0.6210093E+01,
 0.2512000E+01, 0.6131441E+01, 0.6216365E+01, 0.6219302E+01, 0.6214064E+01,
 0.2514000E+01, 0.6135520E+01, 0.6220342E+01, 0.6223278E+01, 0.6218040E+01,
 0.2516000E+01, 0.6139605E+01, 0.6224324E+01, 0.6227259E+01, 0.6222023E+01,
 0.2518000E+01, 0.6143697E+01, 0.6228312E+01, 0.6231245E+01, 0.6226010E+01,
 0.2520000E+01, 0.6147796E+01, 0.6232305E+01, 0.6235236E+01, 0.6230003E+01,
 0.2522000E+01, 0.6151901E+01, 0.6236304E+01, 0.6239233E+01, 0.6234001E+01,
 0.2524000E+01, 0.6156013E+01, 0.6240308E+01, 0.6243235E+01, 0.6238005E+01,
 0.2526000E+01, 0.6160131E+01, 0.6244317E+01, 0.6247243E+01, 0.6242014E+01,
 0.2528000E+01, 0.6164256E+01, 0.6248332E+01, 0.6251256E+01, 0.6246028E+01,
 0.2530000E+01, 0.6168387E+01, 0.6252352E+01, 0.6255274E+01, 0.6250048E+01,
 0.2532000E+01, 0.6172525E+01, 0.6256377E+01, 0.6259297E+01, 0.6254074E+01,
 0.2534000E+01, 0.6176670E+01, 0.6260408E+01, 0.6263327E+01, 0.6258104E+01,
 0.2536000E+01, 0.6180822E+01, 0.6264444E+01, 0.6267361E+01, 0.6262140E+01,
 0.2538000E+01, 0.6184980E+01, 0.6268486E+01, 0.6271400E+01, 0.6266182E+01,
 0.2540000E+01, 0.6189145E+01, 0.6272533E+01, 0.6275445E+01, 0.6270229E+01,
 0.2542000E+01, 0.6193316E+01, 0.6276585E+01, 0.6279496E+01, 0.6274281E+01,
 0.2544000E+01, 0.6197494E+01, 0.6280643E+01, 0.6283552E+01, 0.6278339E+01,
 0.2546000E+01, 0.6201678E+01, 0.6284706E+01, 0.6287612E+01, 0.6282402E+01,
 0.2548000E+01, 0.6205869E+01, 0.6288774E+01, 0.6291679E+01, 0.6286470E+01,
 0.2550000E+01, 0.6210067E+01, 0.6292849E+01, 0.6295751E+01, 0.6290545E+01,
 0.2552000E+01, 0.6214272E+01, 0.6296928E+01, 0.6299828E+01, 0.6294624E+01,
 0.2554000E+01, 0.6218482E+01, 0.6301013E+01, 0.6303910E+01, 0.6298708E+01,
 0.2556000E+01, 0.6222700E+01, 0.6305102E+01, 0.6307998E+01, 0.6302799E+01,
 0.2558000E+01, 0.6226924E+01, 0.6309198E+01, 0.6312091E+01, 0.6306894E+01,
 0.2560000E+01, 0.6231155E+01, 0.6313299E+01, 0.6316190E+01, 0.6310996E+01,
 0.2562000E+01, 0.6235393E+01, 0.6317405E+01, 0.6320294E+01, 0.6315102E+01,
 0.2564000E+01, 0.6239637E+01, 0.6321517E+01, 0.6324403E+01, 0.6319213E+01,
 0.2566000E+01, 0.6243888E+01, 0.6325634E+01, 0.6328518E+01, 0.6323331E+01,
 0.2568000E+01, 0.6248145E+01, 0.6329756E+01, 0.6332638E+01, 0.6327454E+01,
 0.2570000E+01, 0.6252409E+01, 0.6333884E+01, 0.6336763E+01, 0.6331582E+01,
 0.2572000E+01, 0.6256680E+01, 0.6338017E+01, 0.6340894E+01, 0.6335715E+01,
 0.2574000E+01, 0.6260957E+01, 0.6342155E+01, 0.6345030E+01, 0.6339854E+01,
 0.2576000E+01, 0.6265241E+01, 0.6346300E+01, 0.6349171E+01, 0.6343998E+01,
 0.2578000E+01, 0.6269532E+01, 0.6350449E+01, 0.6353318E+01, 0.6348148E+01,
 0.2580000E+01, 0.6273829E+01, 0.6354604E+01, 0.6357470E+01, 0.6352303E+01,
 0.2582000E+01, 0.6278133E+01, 0.6358764E+01, 0.6361628E+01, 0.6356463E+01,
 0.2584000E+01, 0.6282444E+01, 0.6362929E+01, 0.6365791E+01, 0.6360630E+01,
 0.2586000E+01, 0.6286761E+01, 0.6367101E+01, 0.6369959E+01, 0.6364801E+01,
 0.2588000E+01, 0.6291085E+01, 0.6371277E+01, 0.6374133E+01, 0.6368978E+01,
 0.2590000E+01, 0.6295416E+01, 0.6375459E+01, 0.6378312E+01, 0.6373160E+01,
 0.2592000E+01, 0.6299753E+01, 0.6379646E+01, 0.6382496E+01, 0.6377348E+01,
 0.2594000E+01, 0.6304097E+01, 0.6383839E+01, 0.6386686E+01, 0.6381541E+01,
 0.2596000E+01, 0.6308447E+01, 0.6388037E+01, 0.6390881E+01, 0.6385739E+01,
 0.2598000E+01, 0.6312805E+01, 0.6392240E+01, 0.6395082E+01, 0.6389944E+01,
 0.2600000E+01, 0.6317169E+01, 0.6396449E+01, 0.6399288E+01, 0.6394153E+01,
 0.2602000E+01, 0.6321539E+01, 0.6400663E+01, 0.6403499E+01, 0.6398368E+01,
 0.2604000E+01, 0.6325917E+01, 0.6404883E+01, 0.6407715E+01, 0.6402588E+01,
 0.2606000E+01, 0.6330301E+01, 0.6409108E+01, 0.6411938E+01, 0.6406814E+01,
 0.2608000E+01, 0.6334692E+01, 0.6413339E+01, 0.6416165E+01, 0.6411045E+01,
 0.2610000E+01, 0.6339089E+01, 0.6417575E+01, 0.6420398E+01, 0.6415282E+01,
 0.2612000E+01, 0.6343493E+01, 0.6421816E+01, 0.6424636E+01, 0.6419524E+01,
 0.2614000E+01, 0.6347904E+01, 0.6426064E+01, 0.6428880E+01, 0.6423772E+01,
 0.2616000E+01, 0.6352322E+01, 0.6430315E+01, 0.6433129E+01, 0.6428025E+01,
 0.2618000E+01, 0.6356746E+01, 0.6434574E+01, 0.6437384E+01, 0.6432283E+01,
 0.2620000E+01, 0.6361177E+01, 0.6438837E+01, 0.6441644E+01, 0.6436547E+01,
 0.2622000E+01, 0.6365615E+01, 0.6443105E+01, 0.6445909E+01, 0.6440817E+01,
 0.2624000E+01, 0.6370059E+01, 0.6447380E+01, 0.6450180E+01, 0.6445092E+01,
 0.2626000E+01, 0.6374510E+01, 0.6451659E+01, 0.6454456E+01, 0.6449372E+01,
 0.2628000E+01, 0.6378968E+01, 0.6455944E+01, 0.6458737E+01, 0.6453658E+01,
 0.2630000E+01, 0.6383433E+01, 0.6460235E+01, 0.6463025E+01, 0.6457949E+01,
 0.2632000E+01, 0.6387904E+01, 0.6464530E+01, 0.6467317E+01, 0.6462246E+01,
 0.2634000E+01, 0.6392382E+01, 0.6468832E+01, 0.6471615E+01, 0.6466548E+01,
 0.2636000E+01, 0.6396867E+01, 0.6473139E+01, 0.6475918E+01, 0.6470856E+01,
 0.2638000E+01, 0.6401359E+01, 0.6477451E+01, 0.6480227E+01, 0.6475169E+01,
 0.2640000E+01, 0.6405857E+01, 0.6481769E+01, 0.6484541E+01, 0.6479488E+01,
 0.2642000E+01, 0.6410362E+01, 0.6486092E+01, 0.6488861E+01, 0.6483812E+01,
 0.2644000E+01, 0.6414875E+01, 0.6490421E+01, 0.6493186E+01, 0.6488142E+01,
 0.2646000E+01, 0.6419393E+01, 0.6494755E+01, 0.6497517E+01, 0.6492477E+01,
 0.2648000E+01, 0.6423919E+01, 0.6499095E+01, 0.6501853E+01, 0.6496819E+01,
 0.2650000E+01, 0.6428451E+01, 0.6503440E+01, 0.6506194E+01, 0.6501164E+01,
 0.2652000E+01, 0.6432990E+01, 0.6507791E+01, 0.6510541E+01, 0.6505517E+01,
 0.2654000E+01, 0.6437536E+01, 0.6512147E+01, 0.6514893E+01, 0.6509874E+01,
 0.2656000E+01, 0.6442089E+01, 0.6516509E+01, 0.6519251E+01, 0.6514236E+01,
 0.2658000E+01, 0.6446648E+01, 0.6520876E+01, 0.6523614E+01, 0.6518605E+01,
 0.2660000E+01, 0.6451214E+01, 0.6525249E+01, 0.6527983E+01, 0.6522979E+01,
 0.2662000E+01, 0.6455788E+01, 0.6529627E+01, 0.6532357E+01, 0.6527359E+01,
 0.2664000E+01, 0.6460368E+01, 0.6534011E+01, 0.6536737E+01, 0.6531744E+01,
 0.2666000E+01, 0.6464954E+01, 0.6538400E+01, 0.6541122E+01, 0.6536134E+01,
 0.2668000E+01, 0.6469548E+01, 0.6542795E+01, 0.6545513E+01, 0.6540530E+01,
 0.2670000E+01, 0.6474148E+01, 0.6547195E+01, 0.6549909E+01, 0.6544931E+01,
 0.2672000E+01, 0.6478755E+01, 0.6551601E+01, 0.6554311E+01, 0.6549339E+01,
 0.2674000E+01, 0.6483370E+01, 0.6556012E+01, 0.6558718E+01, 0.6553751E+01,
 0.2676000E+01, 0.6487991E+01, 0.6560429E+01, 0.6563131E+01, 0.6558170E+01,
 0.2678000E+01, 0.6492619E+01, 0.6564852E+01, 0.6567549E+01, 0.6562593E+01,
 0.2680000E+01, 0.6497253E+01, 0.6569280E+01, 0.6571973E+01, 0.6567023E+01,
 0.2682000E+01, 0.6501895E+01, 0.6573713E+01, 0.6576402E+01, 0.6571458E+01,
 0.2684000E+01, 0.6506544E+01, 0.6578153E+01, 0.6580837E+01, 0.6575899E+01,
 0.2686000E+01, 0.6511199E+01, 0.6582597E+01, 0.6585277E+01, 0.6580345E+01,
 0.2688000E+01, 0.6515862E+01, 0.6587048E+01, 0.6589723E+01, 0.6584796E+01,
 0.2690000E+01, 0.6520531E+01, 0.6591503E+01, 0.6594174E+01, 0.6589254E+01,
 0.2692000E+01, 0.6525207E+01, 0.6595965E+01, 0.6598631E+01, 0.6593717E+01,
 0.2694000E+01, 0.6529890E+01, 0.6600431E+01, 0.6603094E+01, 0.6598185E+01,
 0.2696000E+01, 0.6534580E+01, 0.6604904E+01, 0.6607562E+01, 0.6602659E+01,
 0.2698000E+01, 0.6539277E+01, 0.6609383E+01, 0.6612035E+01, 0.6607139E+01,
 0.2700000E+01, 0.6543981E+01, 0.6613866E+01, 0.6616514E+01, 0.6611624E+01,
 0.2702000E+01, 0.6548691E+01, 0.6618356E+01, 0.6620999E+01, 0.6616116E+01,
 0.2704000E+01, 0.6553409E+01, 0.6622850E+01, 0.6625489E+01, 0.6620612E+01,
 0.2706000E+01, 0.6558134E+01, 0.6627351E+01, 0.6629985E+01, 0.6625114E+01,
 0.2708000E+01, 0.6562866E+01, 0.6631857E+01, 0.6634486E+01, 0.6629622E+01,
 0.2710000E+01, 0.6567604E+01, 0.6636369E+01, 0.6638993E+01, 0.6634136E+01,
 0.2712000E+01, 0.6572350E+01, 0.6640886E+01, 0.6643506E+01, 0.6638655E+01,
 0.2714000E+01, 0.6577103E+01, 0.6645410E+01, 0.6648024E+01, 0.6643179E+01,
 0.2716000E+01, 0.6581862E+01, 0.6649938E+01, 0.6652548E+01, 0.6647710E+01,
 0.2718000E+01, 0.6586629E+01, 0.6654472E+01, 0.6657077E+01, 0.6652246E+01,
 0.2720000E+01, 0.6591403E+01, 0.6659012E+01, 0.6661612E+01, 0.6656788E+01,
 0.2722000E+01, 0.6596183E+01, 0.6663558E+01, 0.6666152E+01, 0.6661335E+01,
 0.2724000E+01, 0.6600971E+01, 0.6668109E+01, 0.6670699E+01, 0.6665889E+01,
 0.2726000E+01, 0.6605765E+01, 0.6672666E+01, 0.6675251E+01, 0.6670447E+01,
 0.2728000E+01, 0.6610567E+01, 0.6677229E+01, 0.6679808E+01, 0.6675012E+01,
 0.2730000E+01, 0.6615376E+01, 0.6681797E+01, 0.6684371E+01, 0.6679582E+01,
 0.2732000E+01, 0.6620192E+01, 0.6686371E+01, 0.6688940E+01, 0.6684158E+01,
 0.2734000E+01, 0.6625015E+01, 0.6690950E+01, 0.6693514E+01, 0.6688739E+01,
 0.2736000E+01, 0.6629845E+01, 0.6695536E+01, 0.6698094E+01, 0.6693327E+01,
 0.2738000E+01, 0.6634682E+01, 0.6700127E+01, 0.6702680E+01, 0.6697920E+01,
 0.2740000E+01, 0.6639526E+01, 0.6704723E+01, 0.6707271E+01, 0.6702518E+01,
 0.2742000E+01, 0.6644377E+01, 0.6709326E+01, 0.6711868E+01, 0.6707123E+01,
 0.2744000E+01, 0.6649236E+01, 0.6713934E+01, 0.6716470E+01, 0.6711733E+01,
 0.2746000E+01, 0.6654101E+01, 0.6718548E+01, 0.6721079E+01, 0.6716349E+01,
 0.2748000E+01, 0.6658974E+01, 0.6723167E+01, 0.6725693E+01, 0.6720971E+01,
 0.2750000E+01, 0.6663854E+01, 0.6727792E+01, 0.6730312E+01, 0.6725598E+01,
 0.2752000E+01, 0.6668741E+01, 0.6732423E+01, 0.6734938E+01, 0.6730231E+01,
 0.2754000E+01, 0.6673635E+01, 0.6737060E+01, 0.6739569E+01, 0.6734870E+01,
 0.2756000E+01, 0.6678536E+01, 0.6741703E+01, 0.6744205E+01, 0.6739515E+01,
 0.2758000E+01, 0.6683444E+01, 0.6746351E+01, 0.6748848E+01, 0.6744165E+01,
 0.2760000E+01, 0.6688360E+01, 0.6751005E+01, 0.6753496E+01, 0.6748821E+01,
 0.2762000E+01, 0.6693283E+01, 0.6755664E+01, 0.6758150E+01, 0.6753483E+01,
 0.2764000E+01, 0.6698213E+01, 0.6760330E+01, 0.6762810E+01, 0.6758151E+01,
 0.2766000E+01, 0.6703149E+01, 0.6765001E+01, 0.6767475E+01, 0.6762825E+01,
 0.2768000E+01, 0.6708094E+01, 0.6769678E+01, 0.6772146E+01, 0.6767504E+01,
 0.2770000E+01, 0.6713046E+01, 0.6774361E+01, 0.6776823E+01, 0.6772189E+01,
 0.2772000E+01, 0.6718004E+01, 0.6779049E+01, 0.6781506E+01, 0.6776880E+01,
 0.2774000E+01, 0.6722970E+01, 0.6783743E+01, 0.6786194E+01, 0.6781577E+01,
 0.2776000E+01, 0.6727943E+01, 0.6788444E+01, 0.6790888E+01, 0.6786279E+01,
 0.2778000E+01, 0.6732924E+01, 0.6793149E+01, 0.6795588E+01, 0.6790987E+01,
 0.2780000E+01, 0.6737912E+01, 0.6797861E+01, 0.6800293E+01, 0.6795702E+01,
 0.2782000E+01, 0.6742907E+01, 0.6802578E+01, 0.6805005E+01, 0.6800422E+01,
 0.2784000E+01, 0.6747909E+01, 0.6807302E+01, 0.6809721E+01, 0.6805148E+01,
 0.2786000E+01, 0.6752919E+01, 0.6812031E+01, 0.6814445E+01, 0.6809880E+01,
 0.2788000E+01, 0.6757936E+01, 0.6816766E+01, 0.6819173E+01, 0.6814617E+01,
 0.2790000E+01, 0.6762960E+01, 0.6821507E+01, 0.6823908E+01, 0.6819361E+01,
 0.2792000E+01, 0.6767992E+01, 0.6826254E+01, 0.6828648E+01, 0.6824110E+01,
 0.2794000E+01, 0.6773030E+01, 0.6831006E+01, 0.6833395E+01, 0.6828866E+01,
 0.2796000E+01, 0.6778077E+01, 0.6835765E+01, 0.6838146E+01, 0.6833626E+01,
 0.2798000E+01, 0.6783130E+01, 0.6840529E+01, 0.6842904E+01, 0.6838393E+01,
 0.2800000E+01, 0.6788191E+01, 0.6845299E+01, 0.6847668E+01, 0.6843166E+01,
 0.2802000E+01, 0.6793260E+01, 0.6850075E+01, 0.6852437E+01, 0.6847945E+01,
 0.2804000E+01, 0.6798335E+01, 0.6854857E+01, 0.6857213E+01, 0.6852730E+01,
 0.2806000E+01, 0.6803419E+01, 0.6859645E+01, 0.6861993E+01, 0.6857520E+01,
 0.2808000E+01, 0.6808509E+01, 0.6864439E+01, 0.6866780E+01, 0.6862317E+01,
 0.2810000E+01, 0.6813607E+01, 0.6869238E+01, 0.6871573E+01, 0.6867119E+01,
 0.2812000E+01, 0.6818712E+01, 0.6874043E+01, 0.6876372E+01, 0.6871928E+01,
 0.2814000E+01, 0.6823825E+01, 0.6878855E+01, 0.6881176E+01, 0.6876742E+01,
 0.2816000E+01, 0.6828945E+01, 0.6883672E+01, 0.6885987E+01, 0.6881562E+01,
 0.2818000E+01, 0.6834073E+01, 0.6888495E+01, 0.6890803E+01, 0.6886388E+01,
 0.2820000E+01, 0.6839208E+01, 0.6893324E+01, 0.6895626E+01, 0.6891221E+01,
 0.2822000E+01, 0.6844350E+01, 0.6898160E+01, 0.6900454E+01, 0.6896059E+01,
 0.2824000E+01, 0.6849500E+01, 0.6903000E+01, 0.6905288E+01, 0.6900903E+01,
 0.2826000E+01, 0.6854658E+01, 0.6907847E+01, 0.6910128E+01, 0.6905753E+01,
 0.2828000E+01, 0.6859823E+01, 0.6912701E+01, 0.6914973E+01, 0.6910609E+01,
 0.2830000E+01, 0.6864995E+01, 0.6917559E+01, 0.6919825E+01, 0.6915471E+01,
 0.2832000E+01, 0.6870175E+01, 0.6922424E+01, 0.6924683E+01, 0.6920339E+01,
 0.2834000E+01, 0.6875363E+01, 0.6927295E+01, 0.6929546E+01, 0.6925213E+01,
 0.2836000E+01, 0.6880558E+01, 0.6932172E+01, 0.6934416E+01, 0.6930093E+01,
 0.2838000E+01, 0.6885761E+01, 0.6937055E+01, 0.6939291E+01, 0.6934978E+01,
 0.2840000E+01, 0.6890971E+01, 0.6941943E+01, 0.6944173E+01, 0.6939871E+01,
 0.2842000E+01, 0.6896189E+01, 0.6946838E+01, 0.6949060E+01, 0.6944769E+01,
 0.2844000E+01, 0.6901414E+01, 0.6951739E+01, 0.6953954E+01, 0.6949673E+01,
 0.2846000E+01, 0.6906648E+01, 0.6956645E+01, 0.6958853E+01, 0.6954583E+01,
 0.2848000E+01, 0.6911888E+01, 0.6961558E+01, 0.6963758E+01, 0.6959499E+01,
 0.2850000E+01, 0.6917136E+01, 0.6966477E+01, 0.6968669E+01, 0.6964421E+01,
 0.2852000E+01, 0.6922392E+01, 0.6971402E+01, 0.6973587E+01, 0.6969350E+01,
 0.2854000E+01, 0.6927656E+01, 0.6976333E+01, 0.6978510E+01, 0.6974284E+01,
 0.2856000E+01, 0.6932927E+01, 0.6981270E+01, 0.6983439E+01, 0.6979224E+01,
 0.2858000E+01, 0.6938206E+01, 0.6986213E+01, 0.6988375E+01, 0.6984171E+01,
 0.2860000E+01, 0.6943492E+01, 0.6991162E+01, 0.6993316E+01, 0.6989123E+01,
 0.2862000E+01, 0.6948786E+01, 0.6996117E+01, 0.6998263E+01, 0.6994082E+01,
 0.2864000E+01, 0.6954088E+01, 0.7001079E+01, 0.7003216E+01, 0.6999047E+01,
 0.2866000E+01, 0.6959398E+01, 0.7006046E+01, 0.7008176E+01, 0.7004018E+01,
 0.2868000E+01, 0.6964715E+01, 0.7011019E+01, 0.7013141E+01, 0.7008995E+01,
 0.2870000E+01, 0.6970040E+01, 0.7015998E+01, 0.7018113E+01, 0.7013978E+01,
 0.2872000E+01, 0.6975373E+01, 0.7020984E+01, 0.7023090E+01, 0.7018967E+01,
 0.2874000E+01, 0.6980713E+01, 0.7025976E+01, 0.7028074E+01, 0.7023962E+01,
 0.2876000E+01, 0.6986061E+01, 0.7030973E+01, 0.7033063E+01, 0.7028964E+01,
 0.2878000E+01, 0.6991417E+01, 0.7035977E+01, 0.7038059E+01, 0.7033972E+01,
 0.2880000E+01, 0.6996781E+01, 0.7040987E+01, 0.7043061E+01, 0.7038985E+01,
 0.2882000E+01, 0.7002152E+01, 0.7046004E+01, 0.7048069E+01, 0.7044005E+01,
 0.2884000E+01, 0.7007532E+01, 0.7051026E+01, 0.7053083E+01, 0.7049031E+01,
 0.2886000E+01, 0.7012919E+01, 0.7056054E+01, 0.7058103E+01, 0.7054064E+01,
 0.2888000E+01, 0.7018314E+01, 0.7061089E+01, 0.7063129E+01, 0.7059102E+01,
 0.2890000E+01, 0.7023717E+01, 0.7066130E+01, 0.7068161E+01, 0.7064147E+01,
 0.2892000E+01, 0.7029128E+01, 0.7071177E+01, 0.7073200E+01, 0.7069198E+01,
 0.2894000E+01, 0.7034546E+01, 0.7076230E+01, 0.7078244E+01, 0.7074255E+01,
 0.2896000E+01, 0.7039973E+01, 0.7081289E+01, 0.7083295E+01, 0.7079318E+01,
 0.2898000E+01, 0.7045407E+01, 0.7086354E+01, 0.7088352E+01, 0.7084388E+01,
 0.2900000E+01, 0.7050849E+01, 0.7091426E+01, 0.7093415E+01, 0.7089463E+01,
 0.2902000E+01, 0.7056300E+01, 0.7096504E+01, 0.7098484E+01, 0.7094545E+01,
 0.2904000E+01, 0.7061758E+01, 0.7101588E+01, 0.7103559E+01, 0.7099633E+01,
 0.2906000E+01, 0.7067224E+01, 0.7106678E+01, 0.7108641E+01, 0.7104728E+01,
 0.2908000E+01, 0.7072698E+01, 0.7111775E+01, 0.7113728E+01, 0.7109828E+01,
 0.2910000E+01, 0.7078179E+01, 0.7116878E+01, 0.7118822E+01, 0.7114935E+01,
 0.2912000E+01, 0.7083669E+01, 0.7121986E+01, 0.7123922E+01, 0.7120049E+01,
 0.2914000E+01, 0.7089167E+01, 0.7127101E+01, 0.7129028E+01, 0.7125168E+01,
 0.2916000E+01, 0.7094673E+01, 0.7132223E+01, 0.7134140E+01, 0.7130294E+01,
 0.2918000E+01, 0.7100187E+01, 0.7137351E+01, 0.7139259E+01, 0.7135426E+01,
 0.2920000E+01, 0.7105709E+01, 0.7142485E+01, 0.7144384E+01, 0.7140564E+01,
 0.2922000E+01, 0.7111238E+01, 0.7147625E+01, 0.7149515E+01, 0.7145709E+01,
 0.2924000E+01, 0.7116776E+01, 0.7152771E+01, 0.7154653E+01, 0.7150860E+01,
 0.2926000E+01, 0.7122322E+01, 0.7157925E+01, 0.7159796E+01, 0.7156017E+01,
 0.2928000E+01, 0.7127876E+01, 0.7163084E+01, 0.7164946E+01, 0.7161181E+01,
 0.2930000E+01, 0.7133439E+01, 0.7168249E+01, 0.7170102E+01, 0.7166351E+01,
 0.2932000E+01, 0.7139009E+01, 0.7173421E+01, 0.7175264E+01, 0.7171527E+01,
 0.2934000E+01, 0.7144587E+01, 0.7178599E+01, 0.7180433E+01, 0.7176710E+01,
 0.2936000E+01, 0.7150173E+01, 0.7183784E+01, 0.7185607E+01, 0.7181899E+01,
 0.2938000E+01, 0.7155768E+01, 0.7188974E+01, 0.7190789E+01, 0.7187094E+01,
 0.2940000E+01, 0.7161370E+01, 0.7194171E+01, 0.7195976E+01, 0.7192296E+01,
 0.2942000E+01, 0.7166981E+01, 0.7199375E+01, 0.7201170E+01, 0.7197504E+01,
 0.2944000E+01, 0.7172600E+01, 0.7204584E+01, 0.7206370E+01, 0.7202718E+01,
 0.2946000E+01, 0.7178227E+01, 0.7209801E+01, 0.7211576E+01, 0.7207939E+01,
 0.2948000E+01, 0.7183863E+01, 0.7215023E+01, 0.7216789E+01, 0.7213167E+01,
 0.2950000E+01, 0.7189506E+01, 0.7220252E+01, 0.7222008E+01, 0.7218400E+01,
 0.2952000E+01, 0.7195158E+01, 0.7225487E+01, 0.7227233E+01, 0.7223640E+01,
 0.2954000E+01, 0.7200818E+01, 0.7230729E+01, 0.7232465E+01, 0.7228887E+01,
 0.2956000E+01, 0.7206486E+01, 0.7235977E+01, 0.7237703E+01, 0.7234140E+01,
 0.2958000E+01, 0.7212162E+01, 0.7241231E+01, 0.7242948E+01, 0.7239399E+01,
 0.2960000E+01, 0.7217847E+01, 0.7246492E+01, 0.7248198E+01, 0.7244666E+01,
 0.2962000E+01, 0.7223540E+01, 0.7251760E+01, 0.7253455E+01, 0.7249938E+01,
 0.2964000E+01, 0.7229241E+01, 0.7257034E+01, 0.7258719E+01, 0.7255217E+01,
 0.2966000E+01, 0.7234951E+01, 0.7262314E+01, 0.7263989E+01, 0.7260502E+01,
 0.2968000E+01, 0.7240669E+01, 0.7267601E+01, 0.7269265E+01, 0.7265794E+01,
 0.2970000E+01, 0.7246395E+01, 0.7272893E+01, 0.7274548E+01, 0.7271092E+01,
 0.2972000E+01, 0.7252130E+01, 0.7278193E+01, 0.7279837E+01, 0.7276397E+01,
 0.2974000E+01, 0.7257873E+01, 0.7283499E+01, 0.7285132E+01, 0.7281708E+01,
 0.2976000E+01, 0.7263624E+01, 0.7288812E+01, 0.7290435E+01, 0.7287025E+01,
 0.2978000E+01, 0.7269383E+01, 0.7294131E+01, 0.7295743E+01, 0.7292350E+01,
 0.2980000E+01, 0.7275151E+01, 0.7299457E+01, 0.7301058E+01, 0.7297681E+01,
 0.2982000E+01, 0.7280928E+01, 0.7304789E+01, 0.7306379E+01, 0.7303018E+01,
 0.2984000E+01, 0.7286713E+01, 0.7310127E+01, 0.7311707E+01, 0.7308362E+01,
 0.2986000E+01, 0.7292506E+01, 0.7315472E+01, 0.7317041E+01, 0.7313713E+01,
 0.2988000E+01, 0.7298308E+01, 0.7320824E+01, 0.7322382E+01, 0.7319069E+01,
 0.2990000E+01, 0.7304118E+01, 0.7326182E+01, 0.7327729E+01, 0.7324433E+01,
 0.2992000E+01, 0.7309937E+01, 0.7331547E+01, 0.7333083E+01, 0.7329803E+01,
 0.2994000E+01, 0.7315763E+01, 0.7336918E+01, 0.7338443E+01, 0.7335180E+01,
 0.2996000E+01, 0.7321599E+01, 0.7342296E+01, 0.7343810E+01, 0.7340563E+01,
 0.2998000E+01, 0.7327444E+01, 0.7347680E+01, 0.7349183E+01, 0.7345953E+01,
 0.3000000E+01, 0.7333296E+01, 0.7353071E+01, 0.7354563E+01, 0.7351350E+01,
 0.3002000E+01, 0.7339157E+01, 0.7358469E+01, 0.7359949E+01, 0.7356753E+01,
 0.3004000E+01, 0.7345027E+01, 0.7363873E+01, 0.7365342E+01, 0.7362163E+01,
 0.3006000E+01, 0.7350905E+01, 0.7369283E+01, 0.7370741E+01, 0.7367579E+01,
 0.3008000E+01, 0.7356792E+01, 0.7374701E+01, 0.7376147E+01, 0.7373003E+01,
 0.3010000E+01, 0.7362688E+01, 0.7380125E+01, 0.7381559E+01, 0.7378432E+01,
 0.3012000E+01, 0.7368592E+01, 0.7385555E+01, 0.7386979E+01, 0.7383869E+01,
 0.3014000E+01, 0.7374505E+01, 0.7390992E+01, 0.7392404E+01, 0.7389312E+01,
 0.3016000E+01, 0.7380426E+01, 0.7396436E+01, 0.7397837E+01, 0.7394761E+01,
 0.3018000E+01, 0.7386356E+01, 0.7401886E+01, 0.7403275E+01, 0.7400218E+01,
 0.3020000E+01, 0.7392294E+01, 0.7407344E+01, 0.7408720E+01, 0.7405681E+01,
 0.3022000E+01, 0.7398242E+01, 0.7412807E+01, 0.7414173E+01, 0.7411150E+01,
 0.3024000E+01, 0.7404198E+01, 0.7418278E+01, 0.7419631E+01, 0.7416627E+01,
 0.3026000E+01, 0.7410162E+01, 0.7423755E+01, 0.7425097E+01, 0.7422111E+01,
 0.3028000E+01, 0.7416136E+01, 0.7429239E+01, 0.7430568E+01, 0.7427600E+01,
 0.3030000E+01, 0.7422118E+01, 0.7434730E+01, 0.7436047E+01, 0.7433097E+01,
 0.3032000E+01, 0.7428109E+01, 0.7440227E+01, 0.7441532E+01, 0.7438601E+01,
 0.3034000E+01, 0.7434109E+01, 0.7445731E+01, 0.7447024E+01, 0.7444110E+01,
 0.3036000E+01, 0.7440117E+01, 0.7451241E+01, 0.7452522E+01, 0.7449627E+01,
 0.3038000E+01, 0.7446134E+01, 0.7456759E+01, 0.7458027E+01, 0.7455151E+01,
 0.3040000E+01, 0.7452160E+01, 0.7462283E+01, 0.7463539E+01, 0.7460681E+01,
 0.3042000E+01, 0.7458195E+01, 0.7467814E+01, 0.7469058E+01, 0.7466219E+01,
 0.3044000E+01, 0.7464239E+01, 0.7473351E+01, 0.7474583E+01, 0.7471763E+01,
 0.3046000E+01, 0.7470291E+01, 0.7478896E+01, 0.7480114E+01, 0.7477314E+01,
 0.3048000E+01, 0.7476352E+01, 0.7484447E+01, 0.7485653E+01, 0.7482871E+01,
 0.3050000E+01, 0.7482422E+01, 0.7490005E+01, 0.7491199E+01, 0.7488436E+01,
 0.3052000E+01, 0.7488502E+01, 0.7495570E+01, 0.7496750E+01, 0.7494007E+01,
 0.3054000E+01, 0.7494590E+01, 0.7501141E+01, 0.7502309E+01, 0.7499585E+01,
 0.3056000E+01, 0.7500687E+01, 0.7506720E+01, 0.7507875E+01, 0.7505170E+01,
 0.3058000E+01, 0.7506792E+01, 0.7512305E+01, 0.7513447E+01, 0.7510762E+01,
 0.3060000E+01, 0.7512907E+01, 0.7517897E+01, 0.7519026E+01, 0.7516360E+01,
 0.3062000E+01, 0.7519031E+01, 0.7523495E+01, 0.7524612E+01, 0.7521966E+01,
 0.3064000E+01, 0.7525163E+01, 0.7529101E+01, 0.7530204E+01, 0.7527578E+01,
 0.3066000E+01, 0.7531305E+01, 0.7534713E+01, 0.7535803E+01, 0.7533197E+01,
 0.3068000E+01, 0.7537456E+01, 0.7540332E+01, 0.7541409E+01, 0.7538823E+01,
 0.3070000E+01, 0.7543615E+01, 0.7545959E+01, 0.7547022E+01, 0.7544456E+01,
 0.3072000E+01, 0.7549784E+01, 0.7551591E+01, 0.7552642E+01, 0.7550096E+01,
 0.3074000E+01, 0.7555961E+01, 0.7557231E+01, 0.7558269E+01, 0.7555743E+01,
 0.3076000E+01, 0.7562148E+01, 0.7562878E+01, 0.7563902E+01, 0.7561397E+01,
 0.3078000E+01, 0.7568344E+01, 0.7568532E+01, 0.7569542E+01, 0.7567057E+01,
 0.3080000E+01, 0.7574549E+01, 0.7574192E+01, 0.7575189E+01, 0.7572725E+01,
 0.3082000E+01, 0.7580762E+01, 0.7579860E+01, 0.7580842E+01, 0.7578399E+01,
 0.3084000E+01, 0.7586986E+01, 0.7585534E+01, 0.7586504E+01, 0.7584081E+01,
 0.3086000E+01, 0.7593218E+01, 0.7591215E+01, 0.7592171E+01, 0.7589769E+01,
 0.3088000E+01, 0.7599459E+01, 0.7596903E+01, 0.7597845E+01, 0.7595464E+01,
 0.3090000E+01, 0.7605710E+01, 0.7602598E+01, 0.7603526E+01, 0.7601167E+01,
 0.3092000E+01, 0.7611969E+01, 0.7608300E+01, 0.7609214E+01, 0.7606876E+01,
 0.3094000E+01, 0.7618238E+01, 0.7614009E+01, 0.7614909E+01, 0.7612592E+01,
 0.3096000E+01, 0.7624516E+01, 0.7619725E+01, 0.7620611E+01, 0.7618316E+01,
 0.3098000E+01, 0.7630803E+01, 0.7625448E+01, 0.7626320E+01, 0.7624046E+01,
 0.3100000E+01, 0.7637099E+01, 0.7631178E+01, 0.7632036E+01, 0.7629783E+01,
 0.3102000E+01, 0.7643405E+01, 0.7636915E+01, 0.7637758E+01, 0.7635528E+01,
 0.3104000E+01, 0.7649720E+01, 0.7642658E+01, 0.7643487E+01, 0.7641279E+01,
 0.3106000E+01, 0.7656044E+01, 0.7648409E+01, 0.7649224E+01, 0.7647038E+01,
 0.3108000E+01, 0.7662377E+01, 0.7654167E+01, 0.7654967E+01, 0.7652803E+01,
 0.3110000E+01, 0.7668720E+01, 0.7659932E+01, 0.7660717E+01, 0.7658575E+01,
 0.3112000E+01, 0.7675072E+01, 0.7665704E+01, 0.7666475E+01, 0.7664355E+01,
 0.3114000E+01, 0.7681434E+01, 0.7671483E+01, 0.7672239E+01, 0.7670141E+01,
 0.3116000E+01, 0.7687804E+01, 0.7677269E+01, 0.7678010E+01, 0.7675935E+01,
 0.3118000E+01, 0.7694184E+01, 0.7683061E+01, 0.7683788E+01, 0.7681736E+01,
 0.3120000E+01, 0.7700573E+01, 0.7688861E+01, 0.7689573E+01, 0.7687544E+01,
 0.3122000E+01, 0.7706973E+01, 0.7694668E+01, 0.7695365E+01, 0.7693359E+01,
 0.3124000E+01, 0.7713380E+01, 0.7700482E+01, 0.7701165E+01, 0.7699181E+01,
 0.3126000E+01, 0.7719798E+01, 0.7706304E+01, 0.7706971E+01, 0.7705010E+01,
 0.3128000E+01, 0.7726225E+01, 0.7712132E+01, 0.7712784E+01, 0.7710846E+01,
 0.3130000E+01, 0.7732662E+01, 0.7717967E+01, 0.7718604E+01, 0.7716690E+01,
 0.3132000E+01, 0.7739108E+01, 0.7723810E+01, 0.7724432E+01, 0.7722540E+01,
 0.3134000E+01, 0.7745563E+01, 0.7729659E+01, 0.7730266E+01, 0.7728398E+01,
 0.3136000E+01, 0.7752028E+01, 0.7735516E+01, 0.7736107E+01, 0.7734263E+01,
 0.3138000E+01, 0.7758502E+01, 0.7741380E+01, 0.7741955E+01, 0.7740135E+01,
 0.3140000E+01, 0.7764986E+01, 0.7747251E+01, 0.7747810E+01, 0.7746014E+01,
 0.3142000E+01, 0.7771479E+01, 0.7753129E+01, 0.7753673E+01, 0.7751901E+01,
 0.3144000E+01, 0.7777982E+01, 0.7759014E+01, 0.7759542E+01, 0.7757794E+01,
 0.3146000E+01, 0.7784494E+01, 0.7764906E+01, 0.7765419E+01, 0.7763695E+01,
 0.3148000E+01, 0.7791017E+01, 0.7770806E+01, 0.7771303E+01, 0.7769603E+01,
 0.3150000E+01, 0.7797548E+01, 0.7776712E+01, 0.7777194E+01, 0.7775518E+01,
 0.3152000E+01, 0.7804090E+01, 0.7782626E+01, 0.7783092E+01, 0.7781441E+01,
 0.3154000E+01, 0.7810640E+01, 0.7788548E+01, 0.7788997E+01, 0.7787371E+01,
 0.3156000E+01, 0.7817201E+01, 0.7794476E+01, 0.7794909E+01, 0.7793307E+01,
 0.3158000E+01, 0.7823771E+01, 0.7800411E+01, 0.7800828E+01, 0.7799252E+01,
 0.3160000E+01, 0.7830350E+01, 0.7806354E+01, 0.7806755E+01, 0.7805203E+01,
 0.3162000E+01, 0.7836940E+01, 0.7812304E+01, 0.7812688E+01, 0.7811162E+01,
 0.3164000E+01, 0.7843539E+01, 0.7818261E+01, 0.7818629E+01, 0.7817128E+01,
 0.3166000E+01, 0.7850148E+01, 0.7824225E+01, 0.7824577E+01, 0.7823101E+01,
 0.3168000E+01, 0.7856767E+01, 0.7830197E+01, 0.7830532E+01, 0.7829082E+01,
 0.3170000E+01, 0.7863395E+01, 0.7836176E+01, 0.7836494E+01, 0.7835070E+01,
 0.3172000E+01, 0.7870033E+01, 0.7842162E+01, 0.7842464E+01, 0.7841065E+01,
 0.3174000E+01, 0.7876680E+01, 0.7848155E+01, 0.7848441E+01, 0.7847067E+01,
 0.3176000E+01, 0.7883338E+01, 0.7854156E+01, 0.7854424E+01, 0.7853077E+01,
 0.3178000E+01, 0.7890006E+01, 0.7860164E+01, 0.7860415E+01, 0.7859094E+01,
 0.3180000E+01, 0.7896683E+01, 0.7866179E+01, 0.7866414E+01, 0.7865119E+01,
 0.3182000E+01, 0.7903370E+01, 0.7872202E+01, 0.7872419E+01, 0.7871151E+01,
 0.3184000E+01, 0.7910067E+01, 0.7878232E+01, 0.7878432E+01, 0.7877190E+01,
 0.3186000E+01, 0.7916773E+01, 0.7884269E+01, 0.7884452E+01, 0.7883236E+01,
 0.3188000E+01, 0.7923490E+01, 0.7890314E+01, 0.7890480E+01, 0.7889291E+01,
 0.3190000E+01, 0.7930216E+01, 0.7896366E+01, 0.7896514E+01, 0.7895352E+01,
 0.3192000E+01, 0.7936953E+01, 0.7902425E+01, 0.7902556E+01, 0.7901421E+01,
 0.3194000E+01, 0.7943699E+01, 0.7908492E+01, 0.7908605E+01, 0.7907497E+01,
 0.3196000E+01, 0.7950455E+01, 0.7914566E+01, 0.7914661E+01, 0.7913580E+01,
 0.3198000E+01, 0.7957221E+01, 0.7920647E+01, 0.7920725E+01, 0.7919672E+01,
 0.3200000E+01, 0.7963997E+01, 0.7926736E+01, 0.7926796E+01, 0.7925770E+01,
 0.3202000E+01, 0.7970783E+01, 0.7932832E+01, 0.7932875E+01, 0.7931876E+01,
 0.3204000E+01, 0.7977580E+01, 0.7938935E+01, 0.7938961E+01, 0.7937990E+01,
 0.3206000E+01, 0.7984385E+01, 0.7945046E+01, 0.7945054E+01, 0.7944110E+01,
 0.3208000E+01, 0.7991202E+01, 0.7951165E+01, 0.7951154E+01, 0.7950239E+01,
 0.3210000E+01, 0.7998028E+01, 0.7957291E+01, 0.7957262E+01, 0.7956375E+01,
 0.3212000E+01, 0.8004864E+01, 0.7963424E+01, 0.7963377E+01, 0.7962518E+01,
 0.3214000E+01, 0.8011710E+01, 0.7969565E+01, 0.7969500E+01, 0.7968668E+01,
 0.3216000E+01, 0.8018567E+01, 0.7975713E+01, 0.7975629E+01, 0.7974827E+01,
 0.3218000E+01, 0.8025434E+01, 0.7981869E+01, 0.7981767E+01, 0.7980993E+01,
 0.3220000E+01, 0.8032310E+01, 0.7988032E+01, 0.7987911E+01, 0.7987166E+01,
 0.3222000E+01, 0.8039196E+01, 0.7994203E+01, 0.7994063E+01, 0.7993347E+01,
 0.3224000E+01, 0.8046093E+01, 0.8000381E+01, 0.8000223E+01, 0.7999536E+01,
 0.3226000E+01, 0.8053000E+01, 0.8006566E+01, 0.8006390E+01, 0.8005732E+01,
 0.3228000E+01, 0.8059917E+01, 0.8012759E+01, 0.8012565E+01, 0.8011935E+01,
 0.3230000E+01, 0.8066845E+01, 0.8018960E+01, 0.8018746E+01, 0.8018147E+01,
 0.3232000E+01, 0.8073783E+01, 0.8025168E+01, 0.8024936E+01, 0.8024365E+01,
 0.3234000E+01, 0.8080730E+01, 0.8031384E+01, 0.8031132E+01, 0.8030592E+01,
 0.3236000E+01, 0.8087688E+01, 0.8037608E+01, 0.8037336E+01, 0.8036825E+01,
 0.3238000E+01, 0.8094657E+01, 0.8043839E+01, 0.8043549E+01, 0.8043067E+01,
 0.3240000E+01, 0.8101635E+01, 0.8050077E+01, 0.8049767E+01, 0.8049316E+01,
 0.3242000E+01, 0.8108624E+01, 0.8056323E+01, 0.8055994E+01, 0.8055573E+01,
 0.3244000E+01, 0.8115623E+01, 0.8062577E+01, 0.8062228E+01, 0.8061837E+01,
 0.3246000E+01, 0.8122633E+01, 0.8068838E+01, 0.8068470E+01, 0.8068110E+01,
 0.3248000E+01, 0.8129653E+01, 0.8075108E+01, 0.8074719E+01, 0.8074389E+01,
 0.3250000E+01, 0.8136683E+01, 0.8081384E+01, 0.8080976E+01, 0.8080677E+01,
 0.3252000E+01, 0.8143723E+01, 0.8087668E+01, 0.8087241E+01, 0.8086972E+01,
 0.3254000E+01, 0.8150775E+01, 0.8093960E+01, 0.8093513E+01, 0.8093275E+01,
 0.3256000E+01, 0.8157836E+01, 0.8100260E+01, 0.8099792E+01, 0.8099586E+01,
 0.3258000E+01, 0.8164908E+01, 0.8106566E+01, 0.8106079E+01, 0.8105905E+01,
 0.3260000E+01, 0.8171990E+01, 0.8112882E+01, 0.8112374E+01, 0.8112230E+01,
 0.3262000E+01, 0.8179083E+01, 0.8119204E+01, 0.8118676E+01, 0.8118564E+01,
 0.3264000E+01, 0.8186187E+01, 0.8125534E+01, 0.8124987E+01, 0.8124906E+01,
 0.3266000E+01, 0.8193300E+01, 0.8131872E+01, 0.8131304E+01, 0.8131255E+01,
 0.3268000E+01, 0.8200424E+01, 0.8138218E+01, 0.8137630E+01, 0.8137611E+01,
 0.3270000E+01, 0.8207559E+01, 0.8144571E+01, 0.8143962E+01, 0.8143976E+01,
 0.3272000E+01, 0.8214705E+01, 0.8150932E+01, 0.8150302E+01, 0.8150350E+01,
 0.3274000E+01, 0.8221860E+01, 0.8157301E+01, 0.8156651E+01, 0.8156730E+01,
 0.3276000E+01, 0.8229027E+01, 0.8163677E+01, 0.8163006E+01, 0.8163117E+01,
 0.3278000E+01, 0.8236203E+01, 0.8170062E+01, 0.8169370E+01, 0.8169514E+01,
 0.3280000E+01, 0.8243391E+01, 0.8176454E+01, 0.8175741E+01, 0.8175918E+01,
 0.3282000E+01, 0.8250589E+01, 0.8182854E+01, 0.8182119E+01, 0.8182329E+01,
 0.3284000E+01, 0.8257798E+01, 0.8189261E+01, 0.8188506E+01, 0.8188749E+01,
 0.3286000E+01, 0.8265018E+01, 0.8195677E+01, 0.8194901E+01, 0.8195176E+01,
 0.3288000E+01, 0.8272247E+01, 0.8202100E+01, 0.8201303E+01, 0.8201612E+01,
 0.3290000E+01, 0.8279489E+01, 0.8208531E+01, 0.8207712E+01, 0.8208055E+01,
 0.3292000E+01, 0.8286740E+01, 0.8214970E+01, 0.8214129E+01, 0.8214506E+01,
 0.3294000E+01, 0.8294003E+01, 0.8221416E+01, 0.8220554E+01, 0.8220964E+01,
 0.3296000E+01, 0.8301275E+01, 0.8227871E+01, 0.8226988E+01, 0.8227431E+01,
 0.3298000E+01, 0.8308559E+01, 0.8234334E+01, 0.8233428E+01, 0.8233906E+01,
 0.3300000E+01, 0.8315854E+01, 0.8240804E+01, 0.8239877E+01, 0.8240389E+01,
 0.3302000E+01, 0.8323159E+01, 0.8247282E+01, 0.8246333E+01, 0.8246880E+01,
 0.3304000E+01, 0.8330475E+01, 0.8253768E+01, 0.8252797E+01, 0.8253378E+01,
 0.3306000E+01, 0.8337802E+01, 0.8260262E+01, 0.8259269E+01, 0.8259885E+01,
 0.3308000E+01, 0.8345140E+01, 0.8266765E+01, 0.8265749E+01, 0.8266399E+01,
 0.3310000E+01, 0.8352489E+01, 0.8273274E+01, 0.8272237E+01, 0.8272922E+01,
 0.3312000E+01, 0.8359848E+01, 0.8279792E+01, 0.8278732E+01, 0.8279451E+01,
 0.3314000E+01, 0.8367218E+01, 0.8286318E+01, 0.8285235E+01, 0.8285991E+01,
 0.3316000E+01, 0.8374599E+01, 0.8292851E+01, 0.8291746E+01, 0.8292537E+01,
 0.3318000E+01, 0.8381992E+01, 0.8299393E+01, 0.8298265E+01, 0.8299091E+01,
 0.3320000E+01, 0.8389395E+01, 0.8305943E+01, 0.8304791E+01, 0.8305654E+01,
 0.3322000E+01, 0.8396810E+01, 0.8312500E+01, 0.8311327E+01, 0.8312224E+01,
 0.3324000E+01, 0.8404235E+01, 0.8319065E+01, 0.8317869E+01, 0.8318803E+01,
 0.3326000E+01, 0.8411671E+01, 0.8325639E+01, 0.8324420E+01, 0.8325389E+01,
 0.3328000E+01, 0.8419118E+01, 0.8332220E+01, 0.8330978E+01, 0.8331984E+01,
 0.3330000E+01, 0.8426576E+01, 0.8338810E+01, 0.8337544E+01, 0.8338587E+01,
 0.3332000E+01, 0.8434045E+01, 0.8345407E+01, 0.8344119E+01, 0.8345198E+01,
 0.3334000E+01, 0.8441525E+01, 0.8352013E+01, 0.8350700E+01, 0.8351816E+01,
 0.3336000E+01, 0.8449017E+01, 0.8358626E+01, 0.8357291E+01, 0.8358443E+01,
 0.3338000E+01, 0.8456519E+01, 0.8365248E+01, 0.8363889E+01, 0.8365078E+01,
 0.3340000E+01, 0.8464032E+01, 0.8371878E+01, 0.8370495E+01, 0.8371721E+01,
 0.3342000E+01, 0.8471558E+01, 0.8378515E+01, 0.8377110E+01, 0.8378373E+01,
 0.3344000E+01, 0.8479093E+01, 0.8385161E+01, 0.8383731E+01, 0.8385033E+01,
 0.3346000E+01, 0.8486640E+01, 0.8391815E+01, 0.8390361E+01, 0.8391700E+01,
 0.3348000E+01, 0.8494198E+01, 0.8398478E+01, 0.8396999E+01, 0.8398376E+01,
 0.3350000E+01, 0.8501767E+01, 0.8405148E+01, 0.8403646E+01, 0.8405060E+01,
 0.3352000E+01, 0.8509348E+01, 0.8411826E+01, 0.8410299E+01, 0.8411752E+01,
 0.3354000E+01, 0.8516940E+01, 0.8418512E+01, 0.8416962E+01, 0.8418452E+01,
 0.3356000E+01, 0.8524543E+01, 0.8425207E+01, 0.8423632E+01, 0.8425161E+01,
 0.3358000E+01, 0.8532157E+01, 0.8431910E+01, 0.8430309E+01, 0.8431878E+01,
 0.3360000E+01, 0.8539783E+01, 0.8438621E+01, 0.8436996E+01, 0.8438602E+01,
 0.3362000E+01, 0.8547420E+01, 0.8445339E+01, 0.8443690E+01, 0.8445335E+01,
 0.3364000E+01, 0.8555068E+01, 0.8452066E+01, 0.8450392E+01, 0.8452077E+01,
 0.3366000E+01, 0.8562728E+01, 0.8458802E+01, 0.8457103E+01, 0.8458827E+01,
 0.3368000E+01, 0.8570398E+01, 0.8465546E+01, 0.8463821E+01, 0.8465585E+01,
 0.3370000E+01, 0.8578081E+01, 0.8472297E+01, 0.8470548E+01, 0.8472351E+01,
 0.3372000E+01, 0.8585774E+01, 0.8479057E+01, 0.8477283E+01, 0.8479126E+01,
 0.3374000E+01, 0.8593479E+01, 0.8485826E+01, 0.8484025E+01, 0.8485909E+01,
 0.3376000E+01, 0.8601196E+01, 0.8492601E+01, 0.8490776E+01, 0.8492700E+01,
 0.3378000E+01, 0.8608924E+01, 0.8499387E+01, 0.8497536E+01, 0.8499498E+01,
 0.3380000E+01, 0.8616664E+01, 0.8506179E+01, 0.8504303E+01, 0.8506307E+01,
 0.3382000E+01, 0.8624414E+01, 0.8512980E+01, 0.8511078E+01, 0.8513123E+01,
 0.3384000E+01, 0.8632176E+01, 0.8519790E+01, 0.8517861E+01, 0.8519947E+01,
 0.3386000E+01, 0.8639951E+01, 0.8526608E+01, 0.8524653E+01, 0.8526779E+01,
 0.3388000E+01, 0.8647736E+01, 0.8533434E+01, 0.8531453E+01, 0.8533621E+01,
 0.3390000E+01, 0.8655533E+01, 0.8540268E+01, 0.8538261E+01, 0.8540470E+01,
 0.3392000E+01, 0.8663342E+01, 0.8547111E+01, 0.8545077E+01, 0.8547328E+01,
 0.3394000E+01, 0.8671162E+01, 0.8553961E+01, 0.8551903E+01, 0.8554193E+01,
 0.3396000E+01, 0.8678993E+01, 0.8560821E+01, 0.8558735E+01, 0.8561069E+01,
 0.3398000E+01, 0.8686836E+01, 0.8567688E+01, 0.8565576E+01, 0.8567951E+01,
 0.3400000E+01, 0.8694692E+01, 0.8574564E+01, 0.8572425E+01, 0.8574842E+01,
 0.3402000E+01, 0.8702559E+01, 0.8581449E+01, 0.8579283E+01, 0.8581742E+01,
 0.3404000E+01, 0.8710437E+01, 0.8588341E+01, 0.8586148E+01, 0.8588651E+01,
 0.3406000E+01, 0.8718327E+01, 0.8595242E+01, 0.8593022E+01, 0.8595568E+01,
 0.3408000E+01, 0.8726228E+01, 0.8602151E+01, 0.8599905E+01, 0.8602492E+01,
 0.3410000E+01, 0.8734141E+01, 0.8609069E+01, 0.8606795E+01, 0.8609426E+01,
 0.3412000E+01, 0.8742066E+01, 0.8615995E+01, 0.8613694E+01, 0.8616368E+01,
 0.3414000E+01, 0.8750004E+01, 0.8622930E+01, 0.8620602E+01, 0.8623319E+01,
 0.3416000E+01, 0.8757952E+01, 0.8629872E+01, 0.8627517E+01, 0.8630278E+01,
 0.3418000E+01, 0.8765912E+01, 0.8636825E+01, 0.8634440E+01, 0.8637245E+01,
 0.3420000E+01, 0.8773885E+01, 0.8643785E+01, 0.8641373E+01, 0.8644221E+01,
 0.3422000E+01, 0.8781869E+01, 0.8650752E+01, 0.8648314E+01, 0.8651206E+01,
 0.3424000E+01, 0.8789865E+01, 0.8657729E+01, 0.8655262E+01, 0.8658199E+01,
 0.3426000E+01, 0.8797873E+01, 0.8664715E+01, 0.8662219E+01, 0.8665201E+01,
 0.3428000E+01, 0.8805892E+01, 0.8671708E+01, 0.8669185E+01, 0.8672211E+01,
 0.3430000E+01, 0.8813924E+01, 0.8678711E+01, 0.8676159E+01, 0.8679230E+01,
 0.3432000E+01, 0.8821967E+01, 0.8685721E+01, 0.8683142E+01, 0.8686257E+01,
 0.3434000E+01, 0.8830023E+01, 0.8692740E+01, 0.8690132E+01, 0.8693293E+01,
 0.3436000E+01, 0.8838090E+01, 0.8699768E+01, 0.8697131E+01, 0.8700337E+01,
 0.3438000E+01, 0.8846169E+01, 0.8706805E+01, 0.8704139E+01, 0.8707391E+01,
 0.3440000E+01, 0.8854260E+01, 0.8713850E+01, 0.8711155E+01, 0.8714453E+01,
 0.3442000E+01, 0.8862364E+01, 0.8720903E+01, 0.8718180E+01, 0.8721523E+01,
 0.3444000E+01, 0.8870479E+01, 0.8727965E+01, 0.8725213E+01, 0.8728602E+01,
 0.3446000E+01, 0.8878607E+01, 0.8735036E+01, 0.8732254E+01, 0.8735690E+01,
 0.3448000E+01, 0.8886745E+01, 0.8742115E+01, 0.8739304E+01, 0.8742786E+01,
 0.3450000E+01, 0.8894897E+01, 0.8749203E+01, 0.8746363E+01, 0.8749891E+01,
 0.3452000E+01, 0.8903061E+01, 0.8756299E+01, 0.8753429E+01, 0.8757005E+01,
 0.3454000E+01, 0.8911237E+01, 0.8763404E+01, 0.8760505E+01, 0.8764127E+01,
 0.3456000E+01, 0.8919424E+01, 0.8770517E+01, 0.8767589E+01, 0.8771258E+01,
 0.3458000E+01, 0.8927625E+01, 0.8777640E+01, 0.8774681E+01, 0.8778399E+01,
 0.3460000E+01, 0.8935837E+01, 0.8784771E+01, 0.8781782E+01, 0.8785546E+01,
 0.3462000E+01, 0.8944061E+01, 0.8791910E+01, 0.8788892E+01, 0.8792704E+01,
 0.3464000E+01, 0.8952297E+01, 0.8799059E+01, 0.8796010E+01, 0.8799870E+01,
 0.3466000E+01, 0.8960546E+01, 0.8806216E+01, 0.8803136E+01, 0.8807045E+01,
 0.3468000E+01, 0.8968807E+01, 0.8813381E+01, 0.8810271E+01, 0.8814228E+01,
 0.3470000E+01, 0.8977080E+01, 0.8820556E+01, 0.8817415E+01, 0.8821421E+01,
 0.3472000E+01, 0.8985366E+01, 0.8827739E+01, 0.8824568E+01, 0.8828622E+01,
 0.3474000E+01, 0.8993664E+01, 0.8834930E+01, 0.8831729E+01, 0.8835832E+01,
 0.3476000E+01, 0.9001974E+01, 0.8842132E+01, 0.8838899E+01, 0.8843051E+01,
 0.3478000E+01, 0.9010296E+01, 0.8849340E+01, 0.8846077E+01, 0.8850278E+01,
 0.3480000E+01, 0.9018631E+01, 0.8856559E+01, 0.8853264E+01, 0.8857514E+01,
 0.3482000E+01, 0.9026978E+01, 0.8863786E+01, 0.8860459E+01, 0.8864760E+01,
 0.3484000E+01, 0.9035337E+01, 0.8871021E+01, 0.8867663E+01, 0.8872014E+01,
 0.3486000E+01, 0.9043710E+01, 0.8878266E+01, 0.8874877E+01, 0.8879277E+01,
 0.3488000E+01, 0.9052094E+01, 0.8885519E+01, 0.8882098E+01, 0.8886549E+01,
 0.3490000E+01, 0.9060491E+01, 0.8892781E+01, 0.8889329E+01, 0.8893830E+01,
 0.3492000E+01, 0.9068900E+01, 0.8900052E+01, 0.8896568E+01, 0.8901120E+01,
 0.3494000E+01, 0.9077322E+01, 0.8907332E+01, 0.8903816E+01, 0.8908419E+01,
 0.3496000E+01, 0.9085756E+01, 0.8914620E+01, 0.8911073E+01, 0.8915727E+01,
 0.3498000E+01, 0.9094203E+01, 0.8921918E+01, 0.8918338E+01, 0.8923043E+01,
 0.3500000E+01, 0.9102662E+01, 0.8929225E+01, 0.8925611E+01, 0.8930368E+01,
 0.3500000E+01, 0.9102662E+01, 0.8929225E+01, 0.8925611E+01, 0.8930368E+01,
 0.3502000E+01, 0.9111134E+01, 0.8936540E+01, 0.8932895E+01, 0.8937703E+01,
 0.3504000E+01, 0.9119618E+01, 0.8943864E+01, 0.8940187E+01, 0.8945046E+01,
 0.3506000E+01, 0.9128116E+01, 0.8951198E+01, 0.8947487E+01, 0.8952399E+01,
 0.3508000E+01, 0.9136624E+01, 0.8958540E+01, 0.8954796E+01, 0.8959761E+01,
 0.3510000E+01, 0.9145147E+01, 0.8965891E+01, 0.8962114E+01, 0.8967132E+01,
 0.3512000E+01, 0.9153682E+01, 0.8973250E+01, 0.8969441E+01, 0.8974511E+01,
 0.3514000E+01, 0.9162230E+01, 0.8980619E+01, 0.8976777E+01, 0.8981900E+01,
 0.3516000E+01, 0.9170790E+01, 0.8987997E+01, 0.8984121E+01, 0.8989298E+01,
 0.3518000E+01, 0.9179362E+01, 0.8995384E+01, 0.8991475E+01, 0.8996704E+01,
 0.3520000E+01, 0.9187948E+01, 0.9002780E+01, 0.8998837E+01, 0.9004120E+01,
 0.3522000E+01, 0.9196547E+01, 0.9010185E+01, 0.9006209E+01, 0.9011545E+01,
 0.3524000E+01, 0.9205158E+01, 0.9017599E+01, 0.9013589E+01, 0.9018979E+01,
 0.3526000E+01, 0.9213781E+01, 0.9025023E+01, 0.9020978E+01, 0.9026423E+01,
 0.3528000E+01, 0.9222419E+01, 0.9032454E+01, 0.9028377E+01, 0.9033875E+01,
 0.3530000E+01, 0.9231069E+01, 0.9039895E+01, 0.9035784E+01, 0.9041336E+01,
 0.3532000E+01, 0.9239731E+01, 0.9047346E+01, 0.9043200E+01, 0.9048807E+01,
 0.3534000E+01, 0.9248405E+01, 0.9054805E+01, 0.9050624E+01, 0.9056287E+01,
 0.3536000E+01, 0.9257094E+01, 0.9062274E+01, 0.9058058E+01, 0.9063776E+01,
 0.3538000E+01, 0.9265795E+01, 0.9069751E+01, 0.9065501E+01, 0.9071275E+01,
 0.3540000E+01, 0.9274509E+01, 0.9077238E+01, 0.9072953E+01, 0.9078782E+01,
 0.3542000E+01, 0.9283236E+01, 0.9084734E+01, 0.9080414E+01, 0.9086298E+01,
 0.3544000E+01, 0.9291976E+01, 0.9092238E+01, 0.9087884E+01, 0.9093824E+01,
 0.3546000E+01, 0.9300729E+01, 0.9099752E+01, 0.9095363E+01, 0.9101359E+01,
 0.3548000E+01, 0.9309494E+01, 0.9107276E+01, 0.9102851E+01, 0.9108904E+01,
 0.3550000E+01, 0.9318274E+01, 0.9114808E+01, 0.9110348E+01, 0.9116458E+01,
 0.3552000E+01, 0.9327065E+01, 0.9122350E+01, 0.9117854E+01, 0.9124021E+01,
 0.3554000E+01, 0.9335870E+01, 0.9129901E+01, 0.9125369E+01, 0.9131593E+01,
 0.3556000E+01, 0.9344688E+01, 0.9137462E+01, 0.9132894E+01, 0.9139174E+01,
 0.3558000E+01, 0.9353519E+01, 0.9145031E+01, 0.9140427E+01, 0.9146766E+01,
 0.3560000E+01, 0.9362364E+01, 0.9152609E+01, 0.9147969E+01, 0.9154366E+01,
 0.3562000E+01, 0.9371221E+01, 0.9160197E+01, 0.9155520E+01, 0.9161976E+01,
 0.3564000E+01, 0.9380092E+01, 0.9167794E+01, 0.9163081E+01, 0.9169595E+01,
 0.3566000E+01, 0.9388975E+01, 0.9175401E+01, 0.9170651E+01, 0.9177223E+01,
 0.3568000E+01, 0.9397872E+01, 0.9183017E+01, 0.9178230E+01, 0.9184860E+01,
 0.3570000E+01, 0.9406782E+01, 0.9190641E+01, 0.9185819E+01, 0.9192508E+01,
 0.3572000E+01, 0.9415705E+01, 0.9198276E+01, 0.9193417E+01, 0.9200164E+01,
 0.3574000E+01, 0.9424642E+01, 0.9205919E+01, 0.9201023E+01, 0.9207830E+01,
 0.3576000E+01, 0.9433592E+01, 0.9213573E+01, 0.9208639E+01, 0.9215506E+01,
 0.3578000E+01, 0.9442554E+01, 0.9221235E+01, 0.9216264E+01, 0.9223190E+01,
 0.3580000E+01, 0.9451531E+01, 0.9228907E+01, 0.9223898E+01, 0.9230885E+01,
 0.3582000E+01, 0.9460521E+01, 0.9236588E+01, 0.9231542E+01, 0.9238588E+01,
 0.3584000E+01, 0.9469524E+01, 0.9244278E+01, 0.9239195E+01, 0.9246302E+01,
 0.3586000E+01, 0.9478540E+01, 0.9251978E+01, 0.9246857E+01, 0.9254025E+01,
 0.3588000E+01, 0.9487571E+01, 0.9259687E+01, 0.9254528E+01, 0.9261757E+01,
 0.3590000E+01, 0.9496614E+01, 0.9267406E+01, 0.9262208E+01, 0.9269499E+01,
 0.3592000E+01, 0.9505671E+01, 0.9275134E+01, 0.9269898E+01, 0.9277249E+01,
 0.3594000E+01, 0.9514741E+01, 0.9282872E+01, 0.9277597E+01, 0.9285010E+01,
 0.3596000E+01, 0.9523824E+01, 0.9290619E+01, 0.9285306E+01, 0.9292781E+01,
 0.3598000E+01, 0.9532921E+01, 0.9298376E+01, 0.9293024E+01, 0.9300561E+01,
 0.3600000E+01, 0.9542032E+01, 0.9306142E+01, 0.9300751E+01, 0.9308351E+01,
 0.3602000E+01, 0.9551156E+01, 0.9313917E+01, 0.9308488E+01, 0.9316150E+01,
 0.3604000E+01, 0.9560294E+01, 0.9321702E+01, 0.9316234E+01, 0.9323958E+01,
 0.3606000E+01, 0.9569445E+01, 0.9329497E+01, 0.9323989E+01, 0.9331777E+01,
 0.3608000E+01, 0.9578609E+01, 0.9337301E+01, 0.9331754E+01, 0.9339604E+01,
 0.3610000E+01, 0.9587789E+01, 0.9345115E+01, 0.9339527E+01, 0.9347442E+01,
 0.3612000E+01, 0.9596980E+01, 0.9352938E+01, 0.9347311E+01, 0.9355289E+01,
 0.3614000E+01, 0.9606186E+01, 0.9360770E+01, 0.9355103E+01, 0.9363146E+01,
 0.3616000E+01, 0.9615406E+01, 0.9368612E+01, 0.9362906E+01, 0.9371013E+01,
 0.3618000E+01, 0.9624639E+01, 0.9376465E+01, 0.9370718E+01, 0.9378888E+01,
 0.3620000E+01, 0.9633885E+01, 0.9384326E+01, 0.9378539E+01, 0.9386774E+01,
 0.3622000E+01, 0.9643146E+01, 0.9392197E+01, 0.9386370E+01, 0.9394670E+01,
 0.3624000E+01, 0.9652420E+01, 0.9400078E+01, 0.9394210E+01, 0.9402575E+01,
 0.3626000E+01, 0.9661708E+01, 0.9407968E+01, 0.9402059E+01, 0.9410490E+01,
 0.3628000E+01, 0.9671010E+01, 0.9415868E+01, 0.9409918E+01, 0.9418415E+01,
 0.3630000E+01, 0.9680326E+01, 0.9423778E+01, 0.9417787E+01, 0.9426350E+01,
 0.3632000E+01, 0.9689655E+01, 0.9431697E+01, 0.9425665E+01, 0.9434294E+01,
 0.3634000E+01, 0.9698998E+01, 0.9439626E+01, 0.9433552E+01, 0.9442247E+01,
 0.3636000E+01, 0.9708356E+01, 0.9447564E+01, 0.9441449E+01, 0.9450212E+01,
 0.3638000E+01, 0.9717727E+01, 0.9455512E+01, 0.9449356E+01, 0.9458185E+01,
 0.3640000E+01, 0.9727112E+01, 0.9463470E+01, 0.9457272E+01, 0.9466168E+01,
 0.3642000E+01, 0.9736510E+01, 0.9471438E+01, 0.9465198E+01, 0.9474162E+01,
 0.3644000E+01, 0.9745923E+01, 0.9479416E+01, 0.9473133E+01, 0.9482164E+01,
 0.3646000E+01, 0.9755350E+01, 0.9487403E+01, 0.9481078E+01, 0.9490177E+01,
 0.3648000E+01, 0.9764791E+01, 0.9495399E+01, 0.9489033E+01, 0.9498200E+01,
 0.3650000E+01, 0.9774246E+01, 0.9503407E+01, 0.9496997E+01, 0.9506233E+01,
 0.3652000E+01, 0.9783714E+01, 0.9511423E+01, 0.9504971E+01, 0.9514276E+01,
 0.3654000E+01, 0.9793198E+01, 0.9519449E+01, 0.9512954E+01, 0.9522327E+01,
 0.3656000E+01, 0.9802694E+01, 0.9527485E+01, 0.9520947E+01, 0.9530390E+01,
 0.3658000E+01, 0.9812205E+01, 0.9535531E+01, 0.9528949E+01, 0.9538462E+01,
 0.3660000E+01, 0.9821731E+01, 0.9543587E+01, 0.9536962E+01, 0.9546544E+01,
 0.3662000E+01, 0.9831269E+01, 0.9551652E+01, 0.9544984E+01, 0.9554636E+01,
 0.3664000E+01, 0.9840823E+01, 0.9559728E+01, 0.9553015E+01, 0.9562738E+01,
 0.3666000E+01, 0.9850390E+01, 0.9567813E+01, 0.9561056E+01, 0.9570850E+01,
 0.3668000E+01, 0.9859972E+01, 0.9575908E+01, 0.9569108E+01, 0.9578972E+01,
 0.3670000E+01, 0.9869568E+01, 0.9584012E+01, 0.9577168E+01, 0.9587104E+01,
 0.3672000E+01, 0.9879178E+01, 0.9592127E+01, 0.9585239E+01, 0.9595246E+01,
 0.3674000E+01, 0.9888803E+01, 0.9600252E+01, 0.9593319E+01, 0.9603397E+01,
 0.3676000E+01, 0.9898441E+01, 0.9608387E+01, 0.9601409E+01, 0.9611560E+01,
 0.3678000E+01, 0.9908094E+01, 0.9616531E+01, 0.9609509E+01, 0.9619732E+01,
 0.3680000E+01, 0.9917762E+01, 0.9624685E+01, 0.9617619E+01, 0.9627913E+01,
 0.3682000E+01, 0.9927443E+01, 0.9632851E+01, 0.9625738E+01, 0.9636106E+01,
 0.3684000E+01, 0.9937139E+01, 0.9641025E+01, 0.9633867E+01, 0.9644308E+01,
 0.3686000E+01, 0.9946849E+01, 0.9649209E+01, 0.9642006E+01, 0.9652520E+01,
 0.3688000E+01, 0.9956573E+01, 0.9657403E+01, 0.9650155E+01, 0.9660743E+01,
 0.3690000E+01, 0.9966312E+01, 0.9665607E+01, 0.9658314E+01, 0.9668975E+01,
 0.3692000E+01, 0.9976066E+01, 0.9673822E+01, 0.9666482E+01, 0.9677217E+01,
 0.3694000E+01, 0.9985834E+01, 0.9682047E+01, 0.9674661E+01, 0.9685471E+01,
 0.3696000E+01, 0.9995616E+01, 0.9690281E+01, 0.9682849E+01, 0.9693733E+01,
 0.3698000E+01, 0.1000541E+02, 0.9698525E+01, 0.9691047E+01, 0.9702006E+01,
 0.3700000E+01, 0.1001522E+02, 0.9706780E+01, 0.9699255E+01, 0.9710289E+01,
 0.3702000E+01, 0.1002505E+02, 0.9715045E+01, 0.9707473E+01, 0.9718582E+01,
 0.3704000E+01, 0.1003489E+02, 0.9723320E+01, 0.9715701E+01, 0.9726886E+01,
 0.3706000E+01, 0.1004475E+02, 0.9731605E+01, 0.9723939E+01, 0.9735200E+01,
 0.3708000E+01, 0.1005462E+02, 0.9739900E+01, 0.9732186E+01, 0.9743524E+01,
 0.3710000E+01, 0.1006450E+02, 0.9748205E+01, 0.9740444E+01, 0.9751859E+01,
 0.3712000E+01, 0.1007440E+02, 0.9756520E+01, 0.9748713E+01, 0.9760203E+01,
 0.3714000E+01, 0.1008431E+02, 0.9764846E+01, 0.9756989E+01, 0.9768558E+01,
 0.3716000E+01, 0.1009424E+02, 0.9773181E+01, 0.9765278E+01, 0.9776923E+01,
 0.3718000E+01, 0.1010418E+02, 0.9781528E+01, 0.9773576E+01, 0.9785298E+01,
 0.3720000E+01, 0.1011414E+02, 0.9789883E+01, 0.9781883E+01, 0.9793684E+01,
 0.3722000E+01, 0.1012411E+02, 0.9798249E+01, 0.9790201E+01, 0.9802080E+01,
 0.3724000E+01, 0.1013410E+02, 0.9806626E+01, 0.9798529E+01, 0.9810487E+01,
 0.3726000E+01, 0.1014410E+02, 0.9815013E+01, 0.9806868E+01, 0.9818903E+01,
 0.3728000E+01, 0.1015412E+02, 0.9823410E+01, 0.9815215E+01, 0.9827331E+01,
 0.3730000E+01, 0.1016415E+02, 0.9831817E+01, 0.9823573E+01, 0.9835768E+01,
 0.3732000E+01, 0.1017419E+02, 0.9840235E+01, 0.9831942E+01, 0.9844216E+01,
 0.3734000E+01, 0.1018425E+02, 0.9848662E+01, 0.9840321E+01, 0.9852674E+01,
 0.3736000E+01, 0.1019433E+02, 0.9857100E+01, 0.9848709E+01, 0.9861143E+01,
 0.3738000E+01, 0.1020442E+02, 0.9865549E+01, 0.9857108E+01, 0.9869622E+01,
 0.3740000E+01, 0.1021453E+02, 0.9874008E+01, 0.9865517E+01, 0.9878113E+01,
 0.3742000E+01, 0.1022465E+02, 0.9882478E+01, 0.9873936E+01, 0.9886613E+01,
 0.3744000E+01, 0.1023478E+02, 0.9890957E+01, 0.9882365E+01, 0.9895123E+01,
 0.3746000E+01, 0.1024493E+02, 0.9899447E+01, 0.9890805E+01, 0.9903645E+01,
 0.3748000E+01, 0.1025510E+02, 0.9907948E+01, 0.9899255E+01, 0.9912176E+01,
 0.3750000E+01, 0.1026528E+02, 0.9916458E+01, 0.9907715E+01, 0.9920718E+01,
 0.3752000E+01, 0.1027547E+02, 0.9924979E+01, 0.9916185E+01, 0.9929272E+01,
 0.3754000E+01, 0.1028568E+02, 0.9933512E+01, 0.9924665E+01, 0.9937835E+01,
 0.3756000E+01, 0.1029591E+02, 0.9942054E+01, 0.9933156E+01, 0.9946409E+01,
 0.3758000E+01, 0.1030615E+02, 0.9950606E+01, 0.9941658E+01, 0.9954993E+01,
 0.3760000E+01, 0.1031641E+02, 0.9959169E+01, 0.9950170E+01, 0.9963589E+01,
 0.3762000E+01, 0.1032668E+02, 0.9967743E+01, 0.9958691E+01, 0.9972195E+01,
 0.3764000E+01, 0.1033696E+02, 0.9976328E+01, 0.9967223E+01, 0.9980811E+01,
 0.3766000E+01, 0.1034726E+02, 0.9984922E+01, 0.9975766E+01, 0.9989438E+01,
 0.3768000E+01, 0.1035758E+02, 0.9993527E+01, 0.9984319E+01, 0.9998076E+01,
 0.3770000E+01, 0.1036791E+02, 0.1000214E+02, 0.9992882E+01, 0.1000672E+02,
 0.3772000E+01, 0.1037826E+02, 0.1001077E+02, 0.1000146E+02, 0.1001538E+02,
 0.3774000E+01, 0.1038862E+02, 0.1001941E+02, 0.1001004E+02, 0.1002405E+02,
 0.3776000E+01, 0.1039900E+02, 0.1002806E+02, 0.1001863E+02, 0.1003273E+02,
 0.3778000E+01, 0.1040939E+02, 0.1003671E+02, 0.1002724E+02, 0.1004143E+02,
 0.3780000E+01, 0.1041980E+02, 0.1004538E+02, 0.1003586E+02, 0.1005013E+02,
 0.3782000E+01, 0.1043022E+02, 0.1005406E+02, 0.1004448E+02, 0.1005884E+02,
 0.3784000E+01, 0.1044066E+02, 0.1006275E+02, 0.1005312E+02, 0.1006756E+02,
 0.3786000E+01, 0.1045112E+02, 0.1007145E+02, 0.1006176E+02, 0.1007630E+02,
 0.3788000E+01, 0.1046159E+02, 0.1008016E+02, 0.1007042E+02, 0.1008504E+02,
 0.3790000E+01, 0.1047207E+02, 0.1008889E+02, 0.1007909E+02, 0.1009380E+02,
 0.3792000E+01, 0.1048257E+02, 0.1009762E+02, 0.1008777E+02, 0.1010257E+02,
 0.3794000E+01, 0.1049309E+02, 0.1010636E+02, 0.1009646E+02, 0.1011135E+02,
 0.3796000E+01, 0.1050362E+02, 0.1011512E+02, 0.1010516E+02, 0.1012014E+02,
 0.3798000E+01, 0.1051417E+02, 0.1012388E+02, 0.1011387E+02, 0.1012894E+02,
 0.3800000E+01, 0.1052473E+02, 0.1013266E+02, 0.1012259E+02, 0.1013775E+02,
 0.3802000E+01, 0.1053531E+02, 0.1014145E+02, 0.1013132E+02, 0.1014657E+02,
 0.3804000E+01, 0.1054590E+02, 0.1015025E+02, 0.1014006E+02, 0.1015540E+02,
 0.3806000E+01, 0.1055651E+02, 0.1015905E+02, 0.1014881E+02, 0.1016424E+02,
 0.3808000E+01, 0.1056713E+02, 0.1016787E+02, 0.1015758E+02, 0.1017310E+02,
 0.3810000E+01, 0.1057778E+02, 0.1017670E+02, 0.1016635E+02, 0.1018196E+02,
 0.3812000E+01, 0.1058843E+02, 0.1018554E+02, 0.1017514E+02, 0.1019084E+02,
 0.3814000E+01, 0.1059910E+02, 0.1019440E+02, 0.1018393E+02, 0.1019973E+02,
 0.3816000E+01, 0.1060979E+02, 0.1020326E+02, 0.1019274E+02, 0.1020863E+02,
 0.3818000E+01, 0.1062049E+02, 0.1021213E+02, 0.1020155E+02, 0.1021754E+02,
 0.3820000E+01, 0.1063121E+02, 0.1022102E+02, 0.1021038E+02, 0.1022646E+02,
 0.3822000E+01, 0.1064195E+02, 0.1022991E+02, 0.1021922E+02, 0.1023539E+02,
 0.3824000E+01, 0.1065270E+02, 0.1023882E+02, 0.1022807E+02, 0.1024433E+02,
 0.3826000E+01, 0.1066347E+02, 0.1024774E+02, 0.1023693E+02, 0.1025328E+02,
 0.3828000E+01, 0.1067425E+02, 0.1025667E+02, 0.1024580E+02, 0.1026225E+02,
 0.3830000E+01, 0.1068505E+02, 0.1026561E+02, 0.1025468E+02, 0.1027123E+02,
 0.3832000E+01, 0.1069586E+02, 0.1027456E+02, 0.1026357E+02, 0.1028021E+02,
 0.3834000E+01, 0.1070669E+02, 0.1028352E+02, 0.1027247E+02, 0.1028921E+02,
 0.3836000E+01, 0.1071754E+02, 0.1029249E+02, 0.1028139E+02, 0.1029822E+02,
 0.3838000E+01, 0.1072840E+02, 0.1030148E+02, 0.1029031E+02, 0.1030724E+02,
 0.3840000E+01, 0.1073928E+02, 0.1031047E+02, 0.1029925E+02, 0.1031627E+02,
 0.3842000E+01, 0.1075017E+02, 0.1031948E+02, 0.1030819E+02, 0.1032532E+02,
 0.3844000E+01, 0.1076108E+02, 0.1032849E+02, 0.1031715E+02, 0.1033437E+02,
 0.3846000E+01, 0.1077201E+02, 0.1033752E+02, 0.1032612E+02, 0.1034344E+02,
 0.3848000E+01, 0.1078295E+02, 0.1034656E+02, 0.1033510E+02, 0.1035251E+02,
 0.3850000E+01, 0.1079391E+02, 0.1035561E+02, 0.1034409E+02, 0.1036160E+02,
 0.3852000E+01, 0.1080488E+02, 0.1036467E+02, 0.1035309E+02, 0.1037070E+02,
 0.3854000E+01, 0.1081587E+02, 0.1037374E+02, 0.1036210E+02, 0.1037981E+02,
 0.3856000E+01, 0.1082688E+02, 0.1038283E+02, 0.1037112E+02, 0.1038893E+02,
 0.3858000E+01, 0.1083790E+02, 0.1039192E+02, 0.1038016E+02, 0.1039807E+02,
 0.3860000E+01, 0.1084894E+02, 0.1040103E+02, 0.1038920E+02, 0.1040721E+02,
 0.3862000E+01, 0.1085999E+02, 0.1041015E+02, 0.1039826E+02, 0.1041637E+02,
 0.3864000E+01, 0.1087107E+02, 0.1041927E+02, 0.1040732E+02, 0.1042554E+02,
 0.3866000E+01, 0.1088215E+02, 0.1042841E+02, 0.1041640E+02, 0.1043471E+02,
 0.3868000E+01, 0.1089326E+02, 0.1043756E+02, 0.1042549E+02, 0.1044390E+02,
 0.3870000E+01, 0.1090438E+02, 0.1044673E+02, 0.1043459E+02, 0.1045310E+02,
 0.3872000E+01, 0.1091551E+02, 0.1045590E+02, 0.1044370E+02, 0.1046232E+02,
 0.3874000E+01, 0.1092667E+02, 0.1046509E+02, 0.1045282E+02, 0.1047154E+02,
 0.3876000E+01, 0.1093784E+02, 0.1047428E+02, 0.1046195E+02, 0.1048078E+02,
 0.3878000E+01, 0.1094902E+02, 0.1048349E+02, 0.1047110E+02, 0.1049003E+02,
 0.3880000E+01, 0.1096022E+02, 0.1049271E+02, 0.1048025E+02, 0.1049928E+02,
 0.3882000E+01, 0.1097144E+02, 0.1050194E+02, 0.1048942E+02, 0.1050855E+02,
 0.3884000E+01, 0.1098268E+02, 0.1051118E+02, 0.1049860E+02, 0.1051784E+02,
 0.3886000E+01, 0.1099393E+02, 0.1052043E+02, 0.1050779E+02, 0.1052713E+02,
 0.3888000E+01, 0.1100519E+02, 0.1052970E+02, 0.1051698E+02, 0.1053643E+02,
 0.3890000E+01, 0.1101648E+02, 0.1053897E+02, 0.1052620E+02, 0.1054575E+02,
 0.3892000E+01, 0.1102778E+02, 0.1054826E+02, 0.1053542E+02, 0.1055508E+02,
 0.3894000E+01, 0.1103910E+02, 0.1055756E+02, 0.1054465E+02, 0.1056442E+02,
 0.3896000E+01, 0.1105043E+02, 0.1056687E+02, 0.1055390E+02, 0.1057377E+02,
 0.3898000E+01, 0.1106178E+02, 0.1057619E+02, 0.1056315E+02, 0.1058313E+02,
 0.3900000E+01, 0.1107315E+02, 0.1058552E+02, 0.1057242E+02, 0.1059251E+02,
 0.3902000E+01, 0.1108453E+02, 0.1059486E+02, 0.1058170E+02, 0.1060189E+02,
 0.3904000E+01, 0.1109593E+02, 0.1060422E+02, 0.1059099E+02, 0.1061129E+02,
 0.3906000E+01, 0.1110735E+02, 0.1061359E+02, 0.1060029E+02, 0.1062070E+02,
 0.3908000E+01, 0.1111878E+02, 0.1062297E+02, 0.1060960E+02, 0.1063012E+02,
 0.3910000E+01, 0.1113023E+02, 0.1063236E+02, 0.1061892E+02, 0.1063955E+02,
 0.3912000E+01, 0.1114170E+02, 0.1064176E+02, 0.1062826E+02, 0.1064900E+02,
 0.3914000E+01, 0.1115318E+02, 0.1065117E+02, 0.1063760E+02, 0.1065845E+02,
 0.3916000E+01, 0.1116468E+02, 0.1066060E+02, 0.1064696E+02, 0.1066792E+02,
 0.3918000E+01, 0.1117620E+02, 0.1067003E+02, 0.1065633E+02, 0.1067740E+02,
 0.3920000E+01, 0.1118773E+02, 0.1067948E+02, 0.1066571E+02, 0.1068689E+02,
 0.3922000E+01, 0.1119928E+02, 0.1068894E+02, 0.1067510E+02, 0.1069640E+02,
 0.3924000E+01, 0.1121085E+02, 0.1069842E+02, 0.1068451E+02, 0.1070591E+02,
 0.3926000E+01, 0.1122244E+02, 0.1070790E+02, 0.1069392E+02, 0.1071544E+02,
 0.3928000E+01, 0.1123404E+02, 0.1071739E+02, 0.1070335E+02, 0.1072498E+02,
 0.3930000E+01, 0.1124566E+02, 0.1072690E+02, 0.1071279E+02, 0.1073453E+02,
 0.3932000E+01, 0.1125729E+02, 0.1073642E+02, 0.1072224E+02, 0.1074409E+02,
 0.3934000E+01, 0.1126894E+02, 0.1074595E+02, 0.1073170E+02, 0.1075367E+02,
 0.3936000E+01, 0.1128061E+02, 0.1075549E+02, 0.1074117E+02, 0.1076325E+02,
 0.3938000E+01, 0.1129230E+02, 0.1076505E+02, 0.1075065E+02, 0.1077285E+02,
 0.3940000E+01, 0.1130400E+02, 0.1077461E+02, 0.1076015E+02, 0.1078246E+02,
 0.3942000E+01, 0.1131572E+02, 0.1078419E+02, 0.1076966E+02, 0.1079208E+02,
 0.3944000E+01, 0.1132746E+02, 0.1079378E+02, 0.1077917E+02, 0.1080172E+02,
 0.3946000E+01, 0.1133922E+02, 0.1080338E+02, 0.1078870E+02, 0.1081137E+02,
 0.3948000E+01, 0.1135099E+02, 0.1081300E+02, 0.1079825E+02, 0.1082102E+02,
 0.3950000E+01, 0.1136278E+02, 0.1082262E+02, 0.1080780E+02, 0.1083070E+02,
 0.3952000E+01, 0.1137458E+02, 0.1083226E+02, 0.1081737E+02, 0.1084038E+02,
 0.3954000E+01, 0.1138641E+02, 0.1084191E+02, 0.1082694E+02, 0.1085007E+02,
 0.3956000E+01, 0.1139825E+02, 0.1085157E+02, 0.1083653E+02, 0.1085978E+02,
 0.3958000E+01, 0.1141011E+02, 0.1086124E+02, 0.1084613E+02, 0.1086950E+02,
 0.3960000E+01, 0.1142198E+02, 0.1087093E+02, 0.1085575E+02, 0.1087923E+02,
 0.3962000E+01, 0.1143387E+02, 0.1088062E+02, 0.1086537E+02, 0.1088897E+02,
 0.3964000E+01, 0.1144578E+02, 0.1089033E+02, 0.1087501E+02, 0.1089873E+02,
 0.3966000E+01, 0.1145771E+02, 0.1090005E+02, 0.1088465E+02, 0.1090850E+02,
 0.3968000E+01, 0.1146965E+02, 0.1090979E+02, 0.1089431E+02, 0.1091828E+02,
 0.3970000E+01, 0.1148162E+02, 0.1091953E+02, 0.1090399E+02, 0.1092807E+02,
 0.3972000E+01, 0.1149359E+02, 0.1092929E+02, 0.1091367E+02, 0.1093788E+02,
 0.3974000E+01, 0.1150559E+02, 0.1093906E+02, 0.1092336E+02, 0.1094769E+02,
 0.3976000E+01, 0.1151760E+02, 0.1094884E+02, 0.1093307E+02, 0.1095752E+02,
 0.3978000E+01, 0.1152964E+02, 0.1095864E+02, 0.1094279E+02, 0.1096736E+02,
 0.3980000E+01, 0.1154169E+02, 0.1096844E+02, 0.1095252E+02, 0.1097722E+02,
 0.3982000E+01, 0.1155375E+02, 0.1097826E+02, 0.1096226E+02, 0.1098708E+02,
 0.3984000E+01, 0.1156583E+02, 0.1098809E+02, 0.1097202E+02, 0.1099696E+02,
 0.3986000E+01, 0.1157794E+02, 0.1099793E+02, 0.1098178E+02, 0.1100685E+02,
 0.3988000E+01, 0.1159006E+02, 0.1100779E+02, 0.1099156E+02, 0.1101676E+02,
 0.3990000E+01, 0.1160219E+02, 0.1101766E+02, 0.1100135E+02, 0.1102667E+02,
 0.3992000E+01, 0.1161435E+02, 0.1102754E+02, 0.1101116E+02, 0.1103660E+02,
 0.3994000E+01, 0.1162652E+02, 0.1103743E+02, 0.1102097E+02, 0.1104654E+02,
 0.3996000E+01, 0.1163871E+02, 0.1104733E+02, 0.1103080E+02, 0.1105650E+02,
 0.3998000E+01, 0.1165092E+02, 0.1105725E+02, 0.1104064E+02, 0.1106646E+02,
 0.4000000E+01, 0.1166314E+02, 0.1106718E+02, 0.1105049E+02, 0.1107644E+02,
 0.4002000E+01, 0.1167538E+02, 0.1107712E+02, 0.1106035E+02, 0.1108643E+02,
 0.4004000E+01, 0.1168764E+02, 0.1108707E+02, 0.1107023E+02, 0.1109644E+02,
 0.4006000E+01, 0.1169992E+02, 0.1109704E+02, 0.1108012E+02, 0.1110645E+02,
 0.4008000E+01, 0.1171222E+02, 0.1110702E+02, 0.1109001E+02, 0.1111648E+02,
 0.4010000E+01, 0.1172453E+02, 0.1111701E+02, 0.1109993E+02, 0.1112652E+02,
 0.4012000E+01, 0.1173686E+02, 0.1112701E+02, 0.1110985E+02, 0.1113658E+02,
 0.4014000E+01, 0.1174921E+02, 0.1113703E+02, 0.1111979E+02, 0.1114664E+02,
 0.4016000E+01, 0.1176158E+02, 0.1114705E+02, 0.1112973E+02, 0.1115672E+02,
 0.4018000E+01, 0.1177396E+02, 0.1115709E+02, 0.1113970E+02, 0.1116681E+02,
 0.4020000E+01, 0.1178637E+02, 0.1116715E+02, 0.1114967E+02, 0.1117692E+02,
 0.4022000E+01, 0.1179879E+02, 0.1117721E+02, 0.1115965E+02, 0.1118704E+02,
 0.4024000E+01, 0.1181123E+02, 0.1118729E+02, 0.1116965E+02, 0.1119717E+02,
 0.4026000E+01, 0.1182368E+02, 0.1119738E+02, 0.1117966E+02, 0.1120731E+02,
 0.4028000E+01, 0.1183616E+02, 0.1120749E+02, 0.1118968E+02, 0.1121746E+02,
 0.4030000E+01, 0.1184865E+02, 0.1121760E+02, 0.1119972E+02, 0.1122763E+02,
 0.4032000E+01, 0.1186117E+02, 0.1122773E+02, 0.1120976E+02, 0.1123781E+02,
 0.4034000E+01, 0.1187369E+02, 0.1123787E+02, 0.1121982E+02, 0.1124801E+02,
 0.4036000E+01, 0.1188624E+02, 0.1124803E+02, 0.1122989E+02, 0.1125821E+02,
 0.4038000E+01, 0.1189881E+02, 0.1125819E+02, 0.1123998E+02, 0.1126843E+02,
 0.4040000E+01, 0.1191139E+02, 0.1126837E+02, 0.1125007E+02, 0.1127867E+02,
 0.4042000E+01, 0.1192399E+02, 0.1127856E+02, 0.1126018E+02, 0.1128891E+02,
 0.4044000E+01, 0.1193661E+02, 0.1128877E+02, 0.1127030E+02, 0.1129917E+02,
 0.4046000E+01, 0.1194925E+02, 0.1129899E+02, 0.1128044E+02, 0.1130944E+02,
 0.4048000E+01, 0.1196191E+02, 0.1130922E+02, 0.1129058E+02, 0.1131973E+02,
 0.4050000E+01, 0.1197458E+02, 0.1131946E+02, 0.1130074E+02, 0.1133002E+02,
 0.4052000E+01, 0.1198728E+02, 0.1132971E+02, 0.1131091E+02, 0.1134033E+02,
 0.4054000E+01, 0.1199999E+02, 0.1133998E+02, 0.1132109E+02, 0.1135066E+02,
 0.4056000E+01, 0.1201272E+02, 0.1135026E+02, 0.1133129E+02, 0.1136099E+02,
 0.4058000E+01, 0.1202547E+02, 0.1136056E+02, 0.1134150E+02, 0.1137134E+02,
 0.4060000E+01, 0.1203823E+02, 0.1137086E+02, 0.1135172E+02, 0.1138170E+02,
 0.4062000E+01, 0.1205102E+02, 0.1138119E+02, 0.1136195E+02, 0.1139208E+02,
 0.4064000E+01, 0.1206382E+02, 0.1139152E+02, 0.1137220E+02, 0.1140247E+02,
 0.4066000E+01, 0.1207664E+02, 0.1140186E+02, 0.1138246E+02, 0.1141287E+02,
 0.4068000E+01, 0.1208948E+02, 0.1141222E+02, 0.1139273E+02, 0.1142328E+02,
 0.4070000E+01, 0.1210234E+02, 0.1142259E+02, 0.1140302E+02, 0.1143371E+02,
 0.4072000E+01, 0.1211522E+02, 0.1143298E+02, 0.1141331E+02, 0.1144415E+02,
 0.4074000E+01, 0.1212811E+02, 0.1144338E+02, 0.1142362E+02, 0.1145461E+02,
 0.4076000E+01, 0.1214103E+02, 0.1145379E+02, 0.1143394E+02, 0.1146507E+02,
 0.4078000E+01, 0.1215396E+02, 0.1146421E+02, 0.1144428E+02, 0.1147555E+02,
 0.4080000E+01, 0.1216691E+02, 0.1147465E+02, 0.1145463E+02, 0.1148605E+02,
 0.4082000E+01, 0.1217988E+02, 0.1148510E+02, 0.1146499E+02, 0.1149656E+02,
 0.4084000E+01, 0.1219287E+02, 0.1149556E+02, 0.1147536E+02, 0.1150708E+02,
 0.4086000E+01, 0.1220588E+02, 0.1150604E+02, 0.1148575E+02, 0.1151761E+02,
 0.4088000E+01, 0.1221891E+02, 0.1151653E+02, 0.1149615E+02, 0.1152816E+02,
 0.4090000E+01, 0.1223195E+02, 0.1152703E+02, 0.1150656E+02, 0.1153872E+02,
 0.4092000E+01, 0.1224501E+02, 0.1153754E+02, 0.1151698E+02, 0.1154929E+02,
 0.4094000E+01, 0.1225810E+02, 0.1154807E+02, 0.1152742E+02, 0.1155988E+02,
 0.4096000E+01, 0.1227120E+02, 0.1155861E+02, 0.1153787E+02, 0.1157048E+02,
 0.4098000E+01, 0.1228432E+02, 0.1156917E+02, 0.1154834E+02, 0.1158109E+02,
 0.4100000E+01, 0.1229746E+02, 0.1157974E+02, 0.1155881E+02, 0.1159172E+02,
 0.4102000E+01, 0.1231061E+02, 0.1159032E+02, 0.1156930E+02, 0.1160236E+02,
 0.4104000E+01, 0.1232379E+02, 0.1160091E+02, 0.1157981E+02, 0.1161302E+02,
 0.4106000E+01, 0.1233699E+02, 0.1161152E+02, 0.1159032E+02, 0.1162368E+02,
 0.4108000E+01, 0.1235020E+02, 0.1162214E+02, 0.1160085E+02, 0.1163437E+02,
 0.4110000E+01, 0.1236343E+02, 0.1163278E+02, 0.1161139E+02, 0.1164506E+02,
 0.4112000E+01, 0.1237669E+02, 0.1164343E+02, 0.1162195E+02, 0.1165577E+02,
 0.4114000E+01, 0.1238996E+02, 0.1165409E+02, 0.1163252E+02, 0.1166649E+02,
 0.4116000E+01, 0.1240325E+02, 0.1166477E+02, 0.1164310E+02, 0.1167723E+02,
 0.4118000E+01, 0.1241656E+02, 0.1167545E+02, 0.1165369E+02, 0.1168798E+02,
 0.4120000E+01, 0.1242989E+02, 0.1168616E+02, 0.1166430E+02, 0.1169874E+02,
 0.4122000E+01, 0.1244323E+02, 0.1169687E+02, 0.1167492E+02, 0.1170952E+02,
 0.4124000E+01, 0.1245660E+02, 0.1170760E+02, 0.1168556E+02, 0.1172031E+02,
 0.4126000E+01, 0.1246999E+02, 0.1171835E+02, 0.1169620E+02, 0.1173112E+02,
 0.4128000E+01, 0.1248339E+02, 0.1172910E+02, 0.1170686E+02, 0.1174193E+02,
 0.4130000E+01, 0.1249682E+02, 0.1173987E+02, 0.1171754E+02, 0.1175277E+02,
 0.4132000E+01, 0.1251026E+02, 0.1175066E+02, 0.1172823E+02, 0.1176361E+02,
 0.4134000E+01, 0.1252372E+02, 0.1176145E+02, 0.1173893E+02, 0.1177447E+02,
 0.4136000E+01, 0.1253720E+02, 0.1177227E+02, 0.1174964E+02, 0.1178535E+02,
 0.4138000E+01, 0.1255070E+02, 0.1178309E+02, 0.1176037E+02, 0.1179624E+02,
 0.4140000E+01, 0.1256423E+02, 0.1179393E+02, 0.1177111E+02, 0.1180714E+02,
 0.4142000E+01, 0.1257776E+02, 0.1180478E+02, 0.1178186E+02, 0.1181805E+02,
 0.4144000E+01, 0.1259132E+02, 0.1181565E+02, 0.1179263E+02, 0.1182898E+02,
 0.4146000E+01, 0.1260490E+02, 0.1182653E+02, 0.1180341E+02, 0.1183993E+02,
 0.4148000E+01, 0.1261850E+02, 0.1183742E+02, 0.1181421E+02, 0.1185089E+02,
 0.4150000E+01, 0.1263212E+02, 0.1184833E+02, 0.1182502E+02, 0.1186186E+02,
 0.4152000E+01, 0.1264575E+02, 0.1185925E+02, 0.1183584E+02, 0.1187284E+02,
 0.4154000E+01, 0.1265941E+02, 0.1187019E+02, 0.1184667E+02, 0.1188385E+02,
 0.4156000E+01, 0.1267309E+02, 0.1188113E+02, 0.1185752E+02, 0.1189486E+02,
 0.4158000E+01, 0.1268678E+02, 0.1189210E+02, 0.1186838E+02, 0.1190589E+02,
 0.4160000E+01, 0.1270050E+02, 0.1190308E+02, 0.1187926E+02, 0.1191693E+02,
 0.4162000E+01, 0.1271423E+02, 0.1191407E+02, 0.1189015E+02, 0.1192799E+02,
 0.4164000E+01, 0.1272799E+02, 0.1192507E+02, 0.1190105E+02, 0.1193906E+02,
 0.4166000E+01, 0.1274176E+02, 0.1193609E+02, 0.1191197E+02, 0.1195014E+02,
 0.4168000E+01, 0.1275555E+02, 0.1194712E+02, 0.1192290E+02, 0.1196124E+02,
 0.4170000E+01, 0.1276937E+02, 0.1195817E+02, 0.1193385E+02, 0.1197236E+02,
 0.4172000E+01, 0.1278320E+02, 0.1196923E+02, 0.1194480E+02, 0.1198349E+02,
 0.4174000E+01, 0.1279705E+02, 0.1198031E+02, 0.1195578E+02, 0.1199463E+02,
 0.4176000E+01, 0.1281092E+02, 0.1199140E+02, 0.1196676E+02, 0.1200578E+02,
 0.4178000E+01, 0.1282481E+02, 0.1200250E+02, 0.1197776E+02, 0.1201696E+02,
 0.4180000E+01, 0.1283873E+02, 0.1201362E+02, 0.1198878E+02, 0.1202814E+02,
 0.4182000E+01, 0.1285266E+02, 0.1202475E+02, 0.1199980E+02, 0.1203934E+02,
 0.4184000E+01, 0.1286661E+02, 0.1203590E+02, 0.1201084E+02, 0.1205056E+02,
 0.4186000E+01, 0.1288058E+02, 0.1204706E+02, 0.1202190E+02, 0.1206179E+02,
 0.4188000E+01, 0.1289457E+02, 0.1205823E+02, 0.1203297E+02, 0.1207303E+02,
 0.4190000E+01, 0.1290858E+02, 0.1206942E+02, 0.1204405E+02, 0.1208429E+02,
 0.4192000E+01, 0.1292262E+02, 0.1208063E+02, 0.1205515E+02, 0.1209556E+02,
 0.4194000E+01, 0.1293667E+02, 0.1209184E+02, 0.1206626E+02, 0.1210685E+02,
 0.4196000E+01, 0.1295074E+02, 0.1210308E+02, 0.1207738E+02, 0.1211815E+02,
 0.4198000E+01, 0.1296483E+02, 0.1211432E+02, 0.1208852E+02, 0.1212947E+02,
 0.4200000E+01, 0.1297894E+02, 0.1212558E+02, 0.1209968E+02, 0.1214080E+02,
 0.4202000E+01, 0.1299307E+02, 0.1213686E+02, 0.1211084E+02, 0.1215214E+02,
 0.4204000E+01, 0.1300722E+02, 0.1214815E+02, 0.1212203E+02, 0.1216350E+02,
 0.4206000E+01, 0.1302139E+02, 0.1215945E+02, 0.1213322E+02, 0.1217488E+02,
 0.4208000E+01, 0.1303558E+02, 0.1217077E+02, 0.1214443E+02, 0.1218627E+02,
 0.4210000E+01, 0.1304980E+02, 0.1218210E+02, 0.1215565E+02, 0.1219767E+02,
 0.4212000E+01, 0.1306403E+02, 0.1219345E+02, 0.1216689E+02, 0.1220909E+02,
 0.4214000E+01, 0.1307828E+02, 0.1220481E+02, 0.1217814E+02, 0.1222052E+02,
 0.4216000E+01, 0.1309255E+02, 0.1221619E+02, 0.1218941E+02, 0.1223197E+02,
 0.4218000E+01, 0.1310684E+02, 0.1222758E+02, 0.1220069E+02, 0.1224344E+02,
 0.4220000E+01, 0.1312116E+02, 0.1223899E+02, 0.1221199E+02, 0.1225492E+02,
 0.4222000E+01, 0.1313549E+02, 0.1225041E+02, 0.1222329E+02, 0.1226641E+02,
 0.4224000E+01, 0.1314984E+02, 0.1226184E+02, 0.1223462E+02, 0.1227792E+02,
 0.4226000E+01, 0.1316422E+02, 0.1227330E+02, 0.1224596E+02, 0.1228944E+02,
 0.4228000E+01, 0.1317861E+02, 0.1228476E+02, 0.1225731E+02, 0.1230098E+02,
 0.4230000E+01, 0.1319303E+02, 0.1229624E+02, 0.1226867E+02, 0.1231253E+02,
 0.4232000E+01, 0.1320746E+02, 0.1230773E+02, 0.1228006E+02, 0.1232410E+02,
 0.4234000E+01, 0.1322192E+02, 0.1231924E+02, 0.1229145E+02, 0.1233569E+02,
 0.4236000E+01, 0.1323639E+02, 0.1233077E+02, 0.1230286E+02, 0.1234728E+02,
 0.4238000E+01, 0.1325089E+02, 0.1234231E+02, 0.1231429E+02, 0.1235890E+02,
 0.4240000E+01, 0.1326541E+02, 0.1235386E+02, 0.1232573E+02, 0.1237053E+02,
 0.4242000E+01, 0.1327995E+02, 0.1236543E+02, 0.1233718E+02, 0.1238217E+02,
 0.4244000E+01, 0.1329450E+02, 0.1237701E+02, 0.1234865E+02, 0.1239383E+02,
 0.4246000E+01, 0.1330908E+02, 0.1238861E+02, 0.1236013E+02, 0.1240551E+02,
 0.4248000E+01, 0.1332368E+02, 0.1240023E+02, 0.1237163E+02, 0.1241720E+02,
 0.4250000E+01, 0.1333830E+02, 0.1241186E+02, 0.1238314E+02, 0.1242890E+02,
 0.4252000E+01, 0.1335294E+02, 0.1242350E+02, 0.1239467E+02, 0.1244062E+02,
 0.4254000E+01, 0.1336760E+02, 0.1243516E+02, 0.1240621E+02, 0.1245236E+02,
 0.4256000E+01, 0.1338229E+02, 0.1244683E+02, 0.1241777E+02, 0.1246411E+02,
 0.4258000E+01, 0.1339699E+02, 0.1245852E+02, 0.1242934E+02, 0.1247588E+02,
 0.4260000E+01, 0.1341171E+02, 0.1247023E+02, 0.1244092E+02, 0.1248766E+02,
 0.4262000E+01, 0.1342646E+02, 0.1248195E+02, 0.1245253E+02, 0.1249946E+02,
 0.4264000E+01, 0.1344123E+02, 0.1249368E+02, 0.1246414E+02, 0.1251127E+02,
 0.4266000E+01, 0.1345601E+02, 0.1250544E+02, 0.1247577E+02, 0.1252310E+02,
 0.4268000E+01, 0.1347082E+02, 0.1251720E+02, 0.1248742E+02, 0.1253494E+02,
 0.4270000E+01, 0.1348565E+02, 0.1252898E+02, 0.1249908E+02, 0.1254680E+02,
 0.4272000E+01, 0.1350050E+02, 0.1254078E+02, 0.1251076E+02, 0.1255868E+02,
 0.4274000E+01, 0.1351537E+02, 0.1255259E+02, 0.1252245E+02, 0.1257057E+02,
 0.4276000E+01, 0.1353026E+02, 0.1256442E+02, 0.1253415E+02, 0.1258248E+02,
 0.4278000E+01, 0.1354517E+02, 0.1257626E+02, 0.1254587E+02, 0.1259440E+02,
 0.4280000E+01, 0.1356010E+02, 0.1258812E+02, 0.1255761E+02, 0.1260634E+02,
 0.4282000E+01, 0.1357506E+02, 0.1260000E+02, 0.1256936E+02, 0.1261830E+02,
 0.4284000E+01, 0.1359003E+02, 0.1261189E+02, 0.1258113E+02, 0.1263027E+02,
 0.4286000E+01, 0.1360503E+02, 0.1262379E+02, 0.1259291E+02, 0.1264225E+02,
 0.4288000E+01, 0.1362005E+02, 0.1263571E+02, 0.1260471E+02, 0.1265425E+02,
 0.4290000E+01, 0.1363509E+02, 0.1264765E+02, 0.1261652E+02, 0.1266627E+02,
 0.4292000E+01, 0.1365015E+02, 0.1265960E+02, 0.1262835E+02, 0.1267831E+02,
 0.4294000E+01, 0.1366523E+02, 0.1267157E+02, 0.1264019E+02, 0.1269036E+02,
 0.4296000E+01, 0.1368033E+02, 0.1268355E+02, 0.1265205E+02, 0.1270242E+02,
 0.4298000E+01, 0.1369546E+02, 0.1269555E+02, 0.1266392E+02, 0.1271451E+02,
 0.4300000E+01, 0.1371060E+02, 0.1270757E+02, 0.1267581E+02, 0.1272660E+02,
 0.4302000E+01, 0.1372577E+02, 0.1271960E+02, 0.1268772E+02, 0.1273872E+02,
 0.4304000E+01, 0.1374096E+02, 0.1273165E+02, 0.1269964E+02, 0.1275085E+02,
 0.4306000E+01, 0.1375617E+02, 0.1274371E+02, 0.1271157E+02, 0.1276300E+02,
 0.4308000E+01, 0.1377140E+02, 0.1275579E+02, 0.1272352E+02, 0.1277516E+02,
 0.4310000E+01, 0.1378665E+02, 0.1276789E+02, 0.1273549E+02, 0.1278734E+02,
 0.4312000E+01, 0.1380193E+02, 0.1278000E+02, 0.1274747E+02, 0.1279953E+02,
 0.4314000E+01, 0.1381722E+02, 0.1279212E+02, 0.1275947E+02, 0.1281174E+02,
 0.4316000E+01, 0.1383254E+02, 0.1280427E+02, 0.1277148E+02, 0.1282397E+02,
 0.4318000E+01, 0.1384788E+02, 0.1281643E+02, 0.1278351E+02, 0.1283622E+02,
 0.4320000E+01, 0.1386324E+02, 0.1282860E+02, 0.1279556E+02, 0.1284848E+02,
 0.4322000E+01, 0.1387862E+02, 0.1284079E+02, 0.1280762E+02, 0.1286076E+02,
 0.4324000E+01, 0.1389403E+02, 0.1285300E+02, 0.1281970E+02, 0.1287305E+02,
 0.4326000E+01, 0.1390945E+02, 0.1286523E+02, 0.1283179E+02, 0.1288536E+02,
 0.4328000E+01, 0.1392490E+02, 0.1287747E+02, 0.1284390E+02, 0.1289769E+02,
 0.4330000E+01, 0.1394037E+02, 0.1288972E+02, 0.1285602E+02, 0.1291003E+02,
 0.4332000E+01, 0.1395586E+02, 0.1290199E+02, 0.1286816E+02, 0.1292239E+02,
 0.4334000E+01, 0.1397137E+02, 0.1291428E+02, 0.1288031E+02, 0.1293477E+02,
 0.4336000E+01, 0.1398691E+02, 0.1292659E+02, 0.1289249E+02, 0.1294716E+02,
 0.4338000E+01, 0.1400246E+02, 0.1293891E+02, 0.1290467E+02, 0.1295957E+02,
 0.4340000E+01, 0.1401804E+02, 0.1295125E+02, 0.1291688E+02, 0.1297200E+02,
 0.4342000E+01, 0.1403364E+02, 0.1296360E+02, 0.1292910E+02, 0.1298444E+02,
 0.4344000E+01, 0.1404926E+02, 0.1297597E+02, 0.1294133E+02, 0.1299690E+02,
 0.4346000E+01, 0.1406491E+02, 0.1298836E+02, 0.1295358E+02, 0.1300938E+02,
 0.4348000E+01, 0.1408057E+02, 0.1300077E+02, 0.1296585E+02, 0.1302187E+02,
 0.4350000E+01, 0.1409626E+02, 0.1301319E+02, 0.1297814E+02, 0.1303438E+02,
 0.4352000E+01, 0.1411197E+02, 0.1302562E+02, 0.1299044E+02, 0.1304691E+02,
 0.4354000E+01, 0.1412771E+02, 0.1303808E+02, 0.1300275E+02, 0.1305945E+02,
 0.4356000E+01, 0.1414346E+02, 0.1305055E+02, 0.1301508E+02, 0.1307201E+02,
 0.4358000E+01, 0.1415924E+02, 0.1306304E+02, 0.1302743E+02, 0.1308459E+02,
 0.4360000E+01, 0.1417504E+02, 0.1307554E+02, 0.1303980E+02, 0.1309719E+02,
 0.4362000E+01, 0.1419086E+02, 0.1308806E+02, 0.1305218E+02, 0.1310980E+02,
 0.4364000E+01, 0.1420670E+02, 0.1310060E+02, 0.1306458E+02, 0.1312243E+02,
 0.4366000E+01, 0.1422257E+02, 0.1311315E+02, 0.1307699E+02, 0.1313507E+02,
 0.4368000E+01, 0.1423846E+02, 0.1312572E+02, 0.1308942E+02, 0.1314774E+02,
 0.4370000E+01, 0.1425437E+02, 0.1313831E+02, 0.1310187E+02, 0.1316042E+02,
 0.4372000E+01, 0.1427030E+02, 0.1315092E+02, 0.1311433E+02, 0.1317312E+02,
 0.4374000E+01, 0.1428625E+02, 0.1316354E+02, 0.1312681E+02, 0.1318583E+02,
 0.4376000E+01, 0.1430223E+02, 0.1317618E+02, 0.1313931E+02, 0.1319857E+02,
 0.4378000E+01, 0.1431823E+02, 0.1318883E+02, 0.1315182E+02, 0.1321132E+02,
 0.4380000E+01, 0.1433425E+02, 0.1320151E+02, 0.1316435E+02, 0.1322408E+02,
 0.4382000E+01, 0.1435030E+02, 0.1321420E+02, 0.1317690E+02, 0.1323687E+02,
 0.4384000E+01, 0.1436637E+02, 0.1322690E+02, 0.1318946E+02, 0.1324967E+02,
 0.4386000E+01, 0.1438246E+02, 0.1323963E+02, 0.1320204E+02, 0.1326249E+02,
 0.4388000E+01, 0.1439857E+02, 0.1325237E+02, 0.1321464E+02, 0.1327533E+02,
 0.4390000E+01, 0.1441470E+02, 0.1326513E+02, 0.1322725E+02, 0.1328818E+02,
 0.4392000E+01, 0.1443086E+02, 0.1327791E+02, 0.1323988E+02, 0.1330106E+02,
 0.4394000E+01, 0.1444704E+02, 0.1329070E+02, 0.1325253E+02, 0.1331395E+02,
 0.4396000E+01, 0.1446325E+02, 0.1330351E+02, 0.1326519E+02, 0.1332685E+02,
 0.4398000E+01, 0.1447947E+02, 0.1331634E+02, 0.1327787E+02, 0.1333978E+02,
 0.4400000E+01, 0.1449572E+02, 0.1332919E+02, 0.1329057E+02, 0.1335272E+02,
 0.4402000E+01, 0.1451199E+02, 0.1334205E+02, 0.1330329E+02, 0.1336568E+02,
 0.4404000E+01, 0.1452829E+02, 0.1335493E+02, 0.1331602E+02, 0.1337866E+02,
 0.4406000E+01, 0.1454460E+02, 0.1336783E+02, 0.1332877E+02, 0.1339166E+02,
 0.4408000E+01, 0.1456094E+02, 0.1338074E+02, 0.1334153E+02, 0.1340467E+02,
 0.4410000E+01, 0.1457731E+02, 0.1339368E+02, 0.1335431E+02, 0.1341771E+02,
 0.4412000E+01, 0.1459369E+02, 0.1340663E+02, 0.1336712E+02, 0.1343076E+02,
 0.4414000E+01, 0.1461010E+02, 0.1341960E+02, 0.1337993E+02, 0.1344382E+02,
 0.4416000E+01, 0.1462654E+02, 0.1343258E+02, 0.1339277E+02, 0.1345691E+02,
 0.4418000E+01, 0.1464299E+02, 0.1344559E+02, 0.1340562E+02, 0.1347002E+02,
 0.4420000E+01, 0.1465947E+02, 0.1345861E+02, 0.1341849E+02, 0.1348314E+02,
 0.4422000E+01, 0.1467597E+02, 0.1347165E+02, 0.1343137E+02, 0.1349628E+02,
 0.4424000E+01, 0.1469249E+02, 0.1348471E+02, 0.1344428E+02, 0.1350944E+02,
 0.4426000E+01, 0.1470904E+02, 0.1349778E+02, 0.1345720E+02, 0.1352261E+02,
 0.4428000E+01, 0.1472561E+02, 0.1351087E+02, 0.1347014E+02, 0.1353581E+02,
 0.4430000E+01, 0.1474221E+02, 0.1352399E+02, 0.1348309E+02, 0.1354902E+02,
 0.4432000E+01, 0.1475882E+02, 0.1353712E+02, 0.1349606E+02, 0.1356225E+02,
 0.4434000E+01, 0.1477546E+02, 0.1355026E+02, 0.1350906E+02, 0.1357550E+02,
 0.4436000E+01, 0.1479213E+02, 0.1356343E+02, 0.1352206E+02, 0.1358877E+02,
 0.4438000E+01, 0.1480881E+02, 0.1357661E+02, 0.1353509E+02, 0.1360206E+02,
 0.4440000E+01, 0.1482553E+02, 0.1358981E+02, 0.1354813E+02, 0.1361537E+02,
 0.4442000E+01, 0.1484226E+02, 0.1360303E+02, 0.1356119E+02, 0.1362869E+02,
 0.4444000E+01, 0.1485902E+02, 0.1361627E+02, 0.1357427E+02, 0.1364203E+02,
 0.4446000E+01, 0.1487580E+02, 0.1362952E+02, 0.1358737E+02, 0.1365539E+02,
 0.4448000E+01, 0.1489260E+02, 0.1364280E+02, 0.1360048E+02, 0.1366877E+02,
 0.4450000E+01, 0.1490943E+02, 0.1365609E+02, 0.1361361E+02, 0.1368217E+02,
 0.4452000E+01, 0.1492628E+02, 0.1366940E+02, 0.1362676E+02, 0.1369558E+02,
 0.4454000E+01, 0.1494315E+02, 0.1368272E+02, 0.1363993E+02, 0.1370902E+02,
 0.4456000E+01, 0.1496005E+02, 0.1369607E+02, 0.1365311E+02, 0.1372247E+02,
 0.4458000E+01, 0.1497698E+02, 0.1370944E+02, 0.1366631E+02, 0.1373594E+02,
 0.4460000E+01, 0.1499392E+02, 0.1372282E+02, 0.1367953E+02, 0.1374943E+02,
 0.4462000E+01, 0.1501089E+02, 0.1373622E+02, 0.1369277E+02, 0.1376294E+02,
 0.4464000E+01, 0.1502788E+02, 0.1374964E+02, 0.1370603E+02, 0.1377647E+02,
 0.4466000E+01, 0.1504490E+02, 0.1376308E+02, 0.1371930E+02, 0.1379002E+02,
 0.4468000E+01, 0.1506194E+02, 0.1377654E+02, 0.1373259E+02, 0.1380359E+02,
 0.4470000E+01, 0.1507901E+02, 0.1379001E+02, 0.1374590E+02, 0.1381717E+02,
 0.4472000E+01, 0.1509609E+02, 0.1380351E+02, 0.1375923E+02, 0.1383077E+02,
 0.4474000E+01, 0.1511320E+02, 0.1381702E+02, 0.1377258E+02, 0.1384440E+02,
 0.4476000E+01, 0.1513034E+02, 0.1383055E+02, 0.1378594E+02, 0.1385804E+02,
 0.4478000E+01, 0.1514750E+02, 0.1384410E+02, 0.1379932E+02, 0.1387170E+02,
 0.4480000E+01, 0.1516469E+02, 0.1385767E+02, 0.1381272E+02, 0.1388538E+02,
 0.4482000E+01, 0.1518189E+02, 0.1387126E+02, 0.1382614E+02, 0.1389908E+02,
 0.4484000E+01, 0.1519912E+02, 0.1388486E+02, 0.1383958E+02, 0.1391280E+02,
 0.4486000E+01, 0.1521638E+02, 0.1389849E+02, 0.1385303E+02, 0.1392653E+02,
 0.4488000E+01, 0.1523366E+02, 0.1391213E+02, 0.1386651E+02, 0.1394029E+02,
 0.4490000E+01, 0.1525096E+02, 0.1392580E+02, 0.1388000E+02, 0.1395407E+02,
 0.4492000E+01, 0.1526829E+02, 0.1393948E+02, 0.1389351E+02, 0.1396786E+02,
 0.4494000E+01, 0.1528564E+02, 0.1395318E+02, 0.1390704E+02, 0.1398168E+02,
 0.4496000E+01, 0.1530302E+02, 0.1396690E+02, 0.1392059E+02, 0.1399551E+02,
 0.4498000E+01, 0.1532042E+02, 0.1398064E+02, 0.1393415E+02, 0.1400937E+02,
 0.4500000E+01, 0.1533785E+02, 0.1399440E+02, 0.1394774E+02, 0.1402324E+02,
 0.4502000E+01, 0.1535530E+02, 0.1400817E+02, 0.1396134E+02, 0.1403713E+02,
 0.4504000E+01, 0.1537277E+02, 0.1402197E+02, 0.1397496E+02, 0.1405104E+02,
 0.4506000E+01, 0.1539027E+02, 0.1403579E+02, 0.1398860E+02, 0.1406498E+02,
 0.4508000E+01, 0.1540779E+02, 0.1404962E+02, 0.1400226E+02, 0.1407893E+02,
 0.4510000E+01, 0.1542534E+02, 0.1406348E+02, 0.1401594E+02, 0.1409290E+02,
 0.4512000E+01, 0.1544291E+02, 0.1407735E+02, 0.1402964E+02, 0.1410689E+02,
 0.4514000E+01, 0.1546050E+02, 0.1409125E+02, 0.1404335E+02, 0.1412090E+02,
 0.4516000E+01, 0.1547812E+02, 0.1410516E+02, 0.1405709E+02, 0.1413493E+02,
 0.4518000E+01, 0.1549577E+02, 0.1411909E+02, 0.1407084E+02, 0.1414898E+02,
 0.4520000E+01, 0.1551344E+02, 0.1413304E+02, 0.1408461E+02, 0.1416305E+02,
 0.4522000E+01, 0.1553113E+02, 0.1414701E+02, 0.1409840E+02, 0.1417714E+02,
 0.4524000E+01, 0.1554885E+02, 0.1416101E+02, 0.1411221E+02, 0.1419125E+02,
 0.4526000E+01, 0.1556659E+02, 0.1417502E+02, 0.1412604E+02, 0.1420538E+02,
 0.4528000E+01, 0.1558436E+02, 0.1418905E+02, 0.1413989E+02, 0.1421953E+02,
 0.4530000E+01, 0.1560215E+02, 0.1420310E+02, 0.1415376E+02, 0.1423371E+02,
 0.4532000E+01, 0.1561997E+02, 0.1421717E+02, 0.1416765E+02, 0.1424790E+02,
 0.4534000E+01, 0.1563781E+02, 0.1423126E+02, 0.1418155E+02, 0.1426211E+02,
 0.4536000E+01, 0.1565568E+02, 0.1424537E+02, 0.1419548E+02, 0.1427634E+02,
 0.4538000E+01, 0.1567357E+02, 0.1425950E+02, 0.1420942E+02, 0.1429059E+02,
 0.4540000E+01, 0.1569149E+02, 0.1427365E+02, 0.1422339E+02, 0.1430486E+02,
 0.4542000E+01, 0.1570943E+02, 0.1428782E+02, 0.1423737E+02, 0.1431915E+02,
 0.4544000E+01, 0.1572739E+02, 0.1430200E+02, 0.1425137E+02, 0.1433347E+02,
 0.4546000E+01, 0.1574538E+02, 0.1431621E+02, 0.1426540E+02, 0.1434780E+02,
 0.4548000E+01, 0.1576340E+02, 0.1433044E+02, 0.1427944E+02, 0.1436215E+02,
 0.4550000E+01, 0.1578144E+02, 0.1434469E+02, 0.1429350E+02, 0.1437653E+02,
 0.4552000E+01, 0.1579951E+02, 0.1435896E+02, 0.1430758E+02, 0.1439092E+02,
 0.4554000E+01, 0.1581760E+02, 0.1437325E+02, 0.1432168E+02, 0.1440534E+02,
 0.4556000E+01, 0.1583572E+02, 0.1438756E+02, 0.1433580E+02, 0.1441978E+02,
 0.4558000E+01, 0.1585386E+02, 0.1440189E+02, 0.1434994E+02, 0.1443423E+02,
 0.4560000E+01, 0.1587202E+02, 0.1441625E+02, 0.1436410E+02, 0.1444871E+02,
 0.4562000E+01, 0.1589022E+02, 0.1443062E+02, 0.1437828E+02, 0.1446321E+02,
 0.4564000E+01, 0.1590843E+02, 0.1444501E+02, 0.1439248E+02, 0.1447773E+02,
 0.4566000E+01, 0.1592668E+02, 0.1445942E+02, 0.1440670E+02, 0.1449227E+02,
 0.4568000E+01, 0.1594494E+02, 0.1447385E+02, 0.1442094E+02, 0.1450683E+02,
 0.4570000E+01, 0.1596324E+02, 0.1448831E+02, 0.1443520E+02, 0.1452141E+02,
 0.4572000E+01, 0.1598156E+02, 0.1450278E+02, 0.1444947E+02, 0.1453601E+02,
 0.4574000E+01, 0.1599990E+02, 0.1451727E+02, 0.1446377E+02, 0.1455064E+02,
 0.4576000E+01, 0.1601827E+02, 0.1453179E+02, 0.1447809E+02, 0.1456528E+02,
 0.4578000E+01, 0.1603666E+02, 0.1454633E+02, 0.1449243E+02, 0.1457995E+02,
 0.4580000E+01, 0.1605508E+02, 0.1456088E+02, 0.1450679E+02, 0.1459463E+02,
 0.4582000E+01, 0.1607353E+02, 0.1457546E+02, 0.1452117E+02, 0.1460934E+02,
 0.4584000E+01, 0.1609200E+02, 0.1459006E+02, 0.1453557E+02, 0.1462407E+02,
 0.4586000E+01, 0.1611050E+02, 0.1460468E+02, 0.1454998E+02, 0.1463882E+02,
 0.4588000E+01, 0.1612902E+02, 0.1461932E+02, 0.1456442E+02, 0.1465359E+02,
 0.4590000E+01, 0.1614757E+02, 0.1463398E+02, 0.1457888E+02, 0.1466839E+02,
 0.4592000E+01, 0.1616614E+02, 0.1464866E+02, 0.1459336E+02, 0.1468320E+02,
 0.4594000E+01, 0.1618474E+02, 0.1466336E+02, 0.1460786E+02, 0.1469804E+02,
 0.4596000E+01, 0.1620336E+02, 0.1467808E+02, 0.1462239E+02, 0.1471290E+02,
 0.4598000E+01, 0.1622202E+02, 0.1469283E+02, 0.1463693E+02, 0.1472778E+02,
 0.4600000E+01, 0.1624069E+02, 0.1470759E+02, 0.1465149E+02, 0.1474268E+02,
 0.4602000E+01, 0.1625939E+02, 0.1472238E+02, 0.1466607E+02, 0.1475760E+02,
 0.4604000E+01, 0.1627812E+02, 0.1473719E+02, 0.1468067E+02, 0.1477254E+02,
 0.4606000E+01, 0.1629688E+02, 0.1475202E+02, 0.1469530E+02, 0.1478751E+02,
 0.4608000E+01, 0.1631565E+02, 0.1476687E+02, 0.1470994E+02, 0.1480250E+02,
 0.4610000E+01, 0.1633446E+02, 0.1478174E+02, 0.1472460E+02, 0.1481751E+02,
 0.4612000E+01, 0.1635329E+02, 0.1479664E+02, 0.1473929E+02, 0.1483254E+02,
 0.4614000E+01, 0.1637215E+02, 0.1481155E+02, 0.1475400E+02, 0.1484759E+02,
 0.4616000E+01, 0.1639103E+02, 0.1482649E+02, 0.1476872E+02, 0.1486267E+02,
 0.4618000E+01, 0.1640994E+02, 0.1484145E+02, 0.1478347E+02, 0.1487777E+02,
 0.4620000E+01, 0.1642888E+02, 0.1485643E+02, 0.1479824E+02, 0.1489288E+02,
 0.4622000E+01, 0.1644784E+02, 0.1487143E+02, 0.1481303E+02, 0.1490803E+02,
 0.4624000E+01, 0.1646683E+02, 0.1488645E+02, 0.1482784E+02, 0.1492319E+02,
 0.4626000E+01, 0.1648584E+02, 0.1490150E+02, 0.1484268E+02, 0.1493838E+02,
 0.4628000E+01, 0.1650488E+02, 0.1491656E+02, 0.1485753E+02, 0.1495358E+02,
 0.4630000E+01, 0.1652395E+02, 0.1493165E+02, 0.1487240E+02, 0.1496881E+02,
 0.4632000E+01, 0.1654304E+02, 0.1494676E+02, 0.1488730E+02, 0.1498407E+02,
 0.4634000E+01, 0.1656216E+02, 0.1496190E+02, 0.1490222E+02, 0.1499934E+02,
 0.4636000E+01, 0.1658131E+02, 0.1497705E+02, 0.1491715E+02, 0.1501464E+02,
 0.4638000E+01, 0.1660048E+02, 0.1499223E+02, 0.1493211E+02, 0.1502996E+02,
 0.4640000E+01, 0.1661968E+02, 0.1500743E+02, 0.1494709E+02, 0.1504530E+02,
 0.4642000E+01, 0.1663890E+02, 0.1502265E+02, 0.1496210E+02, 0.1506067E+02,
 0.4644000E+01, 0.1665815E+02, 0.1503789E+02, 0.1497712E+02, 0.1507606E+02,
 0.4646000E+01, 0.1667743E+02, 0.1505316E+02, 0.1499217E+02, 0.1509147E+02,
 0.4648000E+01, 0.1669674E+02, 0.1506845E+02, 0.1500723E+02, 0.1510690E+02,
 0.4650000E+01, 0.1671607E+02, 0.1508375E+02, 0.1502232E+02, 0.1512236E+02,
 0.4652000E+01, 0.1673542E+02, 0.1509909E+02, 0.1503743E+02, 0.1513784E+02,
 0.4654000E+01, 0.1675481E+02, 0.1511444E+02, 0.1505256E+02, 0.1515334E+02,
 0.4656000E+01, 0.1677422E+02, 0.1512982E+02, 0.1506772E+02, 0.1516886E+02,
 0.4658000E+01, 0.1679366E+02, 0.1514522E+02, 0.1508289E+02, 0.1518441E+02,
 0.4660000E+01, 0.1681312E+02, 0.1516064E+02, 0.1509809E+02, 0.1519998E+02,
 0.4662000E+01, 0.1683261E+02, 0.1517609E+02, 0.1511331E+02, 0.1521558E+02,
 0.4664000E+01, 0.1685213E+02, 0.1519155E+02, 0.1512855E+02, 0.1523119E+02,
 0.4666000E+01, 0.1687168E+02, 0.1520704E+02, 0.1514381E+02, 0.1524683E+02,
 0.4668000E+01, 0.1689125E+02, 0.1522256E+02, 0.1515909E+02, 0.1526250E+02,
 0.4670000E+01, 0.1691084E+02, 0.1523809E+02, 0.1517440E+02, 0.1527818E+02,
 0.4672000E+01, 0.1693047E+02, 0.1525365E+02, 0.1518973E+02, 0.1529389E+02,
 0.4674000E+01, 0.1695012E+02, 0.1526923E+02, 0.1520508E+02, 0.1530963E+02,
 0.4676000E+01, 0.1696980E+02, 0.1528483E+02, 0.1522045E+02, 0.1532538E+02,
 0.4678000E+01, 0.1698951E+02, 0.1530046E+02, 0.1523585E+02, 0.1534116E+02,
 0.4680000E+01, 0.1700924E+02, 0.1531611E+02, 0.1525126E+02, 0.1535697E+02,
 0.4682000E+01, 0.1702900E+02, 0.1533178E+02, 0.1526670E+02, 0.1537279E+02,
 0.4684000E+01, 0.1704879E+02, 0.1534748E+02, 0.1528217E+02, 0.1538865E+02,
 0.4686000E+01, 0.1706861E+02, 0.1536320E+02, 0.1529765E+02, 0.1540452E+02,
 0.4688000E+01, 0.1708845E+02, 0.1537894E+02, 0.1531316E+02, 0.1542042E+02,
 0.4690000E+01, 0.1710832E+02, 0.1539471E+02, 0.1532868E+02, 0.1543634E+02,
 0.4692000E+01, 0.1712822E+02, 0.1541049E+02, 0.1534423E+02, 0.1545228E+02,
 0.4694000E+01, 0.1714814E+02, 0.1542631E+02, 0.1535981E+02, 0.1546825E+02,
 0.4696000E+01, 0.1716809E+02, 0.1544214E+02, 0.1537540E+02, 0.1548425E+02,
 0.4698000E+01, 0.1718807E+02, 0.1545800E+02, 0.1539102E+02, 0.1550026E+02,
 0.4700000E+01, 0.1720808E+02, 0.1547388E+02, 0.1540666E+02, 0.1551630E+02,
 0.4702000E+01, 0.1722811E+02, 0.1548979E+02, 0.1542233E+02, 0.1553237E+02,
 0.4704000E+01, 0.1724817E+02, 0.1550572E+02, 0.1543801E+02, 0.1554846E+02,
 0.4706000E+01, 0.1726826E+02, 0.1552167E+02, 0.1545372E+02, 0.1556457E+02,
 0.4708000E+01, 0.1728838E+02, 0.1553764E+02, 0.1546946E+02, 0.1558071E+02,
 0.4710000E+01, 0.1730852E+02, 0.1555364E+02, 0.1548521E+02, 0.1559687E+02,
 0.4712000E+01, 0.1732869E+02, 0.1556967E+02, 0.1550099E+02, 0.1561305E+02,
 0.4714000E+01, 0.1734889E+02, 0.1558572E+02, 0.1551679E+02, 0.1562926E+02,
 0.4716000E+01, 0.1736912E+02, 0.1560179E+02, 0.1553261E+02, 0.1564550E+02,
 0.4718000E+01, 0.1738938E+02, 0.1561788E+02, 0.1554846E+02, 0.1566176E+02,
 0.4720000E+01, 0.1740966E+02, 0.1563400E+02, 0.1556433E+02, 0.1567804E+02,
 0.4722000E+01, 0.1742997E+02, 0.1565014E+02, 0.1558022E+02, 0.1569435E+02,
 0.4724000E+01, 0.1745031E+02, 0.1566631E+02, 0.1559614E+02, 0.1571068E+02,
 0.4726000E+01, 0.1747067E+02, 0.1568250E+02, 0.1561208E+02, 0.1572703E+02,
 0.4728000E+01, 0.1749107E+02, 0.1569871E+02, 0.1562804E+02, 0.1574341E+02,
 0.4730000E+01, 0.1751149E+02, 0.1571495E+02, 0.1564403E+02, 0.1575982E+02,
 0.4732000E+01, 0.1753194E+02, 0.1573122E+02, 0.1566004E+02, 0.1577625E+02,
 0.4734000E+01, 0.1755242E+02, 0.1574750E+02, 0.1567607E+02, 0.1579271E+02,
 0.4736000E+01, 0.1757293E+02, 0.1576381E+02, 0.1569212E+02, 0.1580919E+02,
 0.4738000E+01, 0.1759346E+02, 0.1578015E+02, 0.1570820E+02, 0.1582569E+02,
 0.4740000E+01, 0.1761403E+02, 0.1579651E+02, 0.1572430E+02, 0.1584222E+02,
 0.4742000E+01, 0.1763461E+02, 0.1581289E+02, 0.1574043E+02, 0.1585877E+02,
 0.4744000E+01, 0.1765524E+02, 0.1582930E+02, 0.1575658E+02, 0.1587535E+02,
 0.4746000E+01, 0.1767588E+02, 0.1584573E+02, 0.1577275E+02, 0.1589196E+02,
 0.4748000E+01, 0.1769656E+02, 0.1586219E+02, 0.1578894E+02, 0.1590858E+02,
 0.4750000E+01, 0.1771726E+02, 0.1587867E+02, 0.1580516E+02, 0.1592524E+02,
 0.4752000E+01, 0.1773800E+02, 0.1589518E+02, 0.1582140E+02, 0.1594192E+02,
 0.4754000E+01, 0.1775876E+02, 0.1591171E+02, 0.1583767E+02, 0.1595862E+02,
 0.4756000E+01, 0.1777955E+02, 0.1592826E+02, 0.1585396E+02, 0.1597535E+02,
 0.4758000E+01, 0.1780036E+02, 0.1594484E+02, 0.1587027E+02, 0.1599210E+02,
 0.4760000E+01, 0.1782121E+02, 0.1596144E+02, 0.1588661E+02, 0.1600888E+02,
 0.4762000E+01, 0.1784208E+02, 0.1597807E+02, 0.1590297E+02, 0.1602569E+02,
 0.4764000E+01, 0.1786299E+02, 0.1599472E+02, 0.1591935E+02, 0.1604251E+02,
 0.4766000E+01, 0.1788392E+02, 0.1601140E+02, 0.1593576E+02, 0.1605937E+02,
 0.4768000E+01, 0.1790488E+02, 0.1602810E+02, 0.1595219E+02, 0.1607625E+02,
 0.4770000E+01, 0.1792587E+02, 0.1604483E+02, 0.1596864E+02, 0.1609315E+02,
 0.4772000E+01, 0.1794689E+02, 0.1606158E+02, 0.1598512E+02, 0.1611008E+02,
 0.4774000E+01, 0.1796794E+02, 0.1607835E+02, 0.1600162E+02, 0.1612704E+02,
 0.4776000E+01, 0.1798901E+02, 0.1609515E+02, 0.1601815E+02, 0.1614402E+02,
 0.4778000E+01, 0.1801012E+02, 0.1611198E+02, 0.1603470E+02, 0.1616103E+02,
 0.4780000E+01, 0.1803125E+02, 0.1612883E+02, 0.1605127E+02, 0.1617806E+02,
 0.4782000E+01, 0.1805242E+02, 0.1614570E+02, 0.1606787E+02, 0.1619512E+02,
 0.4784000E+01, 0.1807361E+02, 0.1616260E+02, 0.1608449E+02, 0.1621220E+02,
 0.4786000E+01, 0.1809483E+02, 0.1617953E+02, 0.1610113E+02, 0.1622931E+02,
 0.4788000E+01, 0.1811608E+02, 0.1619647E+02, 0.1611780E+02, 0.1624644E+02,
 0.4790000E+01, 0.1813736E+02, 0.1621345E+02, 0.1613449E+02, 0.1626360E+02,
 0.4792000E+01, 0.1815866E+02, 0.1623045E+02, 0.1615120E+02, 0.1628078E+02,
 0.4794000E+01, 0.1818000E+02, 0.1624747E+02, 0.1616794E+02, 0.1629799E+02,
 0.4796000E+01, 0.1820137E+02, 0.1626452E+02, 0.1618470E+02, 0.1631523E+02,
 0.4798000E+01, 0.1822276E+02, 0.1628159E+02, 0.1620149E+02, 0.1633249E+02,
 0.4800000E+01, 0.1824419E+02, 0.1629869E+02, 0.1621830E+02, 0.1634977E+02,
 0.4802000E+01, 0.1826564E+02, 0.1631581E+02, 0.1623513E+02, 0.1636708E+02,
 0.4804000E+01, 0.1828712E+02, 0.1633295E+02, 0.1625198E+02, 0.1638442E+02,
 0.4806000E+01, 0.1830863E+02, 0.1635013E+02, 0.1626886E+02, 0.1640178E+02,
 0.4808000E+01, 0.1833018E+02, 0.1636732E+02, 0.1628577E+02, 0.1641917E+02,
 0.4810000E+01, 0.1835175E+02, 0.1638454E+02, 0.1630269E+02, 0.1643658E+02,
 0.4812000E+01, 0.1837335E+02, 0.1640179E+02, 0.1631964E+02, 0.1645402E+02,
 0.4814000E+01, 0.1839498E+02, 0.1641906E+02, 0.1633661E+02, 0.1647148E+02,
 0.4816000E+01, 0.1841664E+02, 0.1643635E+02, 0.1635361E+02, 0.1648897E+02,
 0.4818000E+01, 0.1843833E+02, 0.1645367E+02, 0.1637063E+02, 0.1650648E+02,
 0.4820000E+01, 0.1846004E+02, 0.1647101E+02, 0.1638767E+02, 0.1652402E+02,
 0.4822000E+01, 0.1848179E+02, 0.1648838E+02, 0.1640474E+02, 0.1654159E+02,
 0.4824000E+01, 0.1850357E+02, 0.1650577E+02, 0.1642183E+02, 0.1655918E+02,
 0.4826000E+01, 0.1852538E+02, 0.1652319E+02, 0.1643894E+02, 0.1657679E+02,
 0.4828000E+01, 0.1854721E+02, 0.1654062E+02, 0.1645607E+02, 0.1659443E+02,
 0.4830000E+01, 0.1856908E+02, 0.1655809E+02, 0.1647323E+02, 0.1661209E+02,
 0.4832000E+01, 0.1859098E+02, 0.1657558E+02, 0.1649041E+02, 0.1662978E+02,
 0.4834000E+01, 0.1861290E+02, 0.1659309E+02, 0.1650761E+02, 0.1664750E+02,
 0.4836000E+01, 0.1863486E+02, 0.1661062E+02, 0.1652483E+02, 0.1666524E+02,
 0.4838000E+01, 0.1865685E+02, 0.1662818E+02, 0.1654208E+02, 0.1668300E+02,
 0.4840000E+01, 0.1867886E+02, 0.1664577E+02, 0.1655935E+02, 0.1670079E+02,
 0.4842000E+01, 0.1870091E+02, 0.1666337E+02, 0.1657664E+02, 0.1671860E+02,
 0.4844000E+01, 0.1872298E+02, 0.1668101E+02, 0.1659396E+02, 0.1673643E+02,
 0.4846000E+01, 0.1874509E+02, 0.1669866E+02, 0.1661129E+02, 0.1675430E+02,
 0.4848000E+01, 0.1876722E+02, 0.1671634E+02, 0.1662865E+02, 0.1677218E+02,
 0.4850000E+01, 0.1878939E+02, 0.1673404E+02, 0.1664603E+02, 0.1679009E+02,
 0.4852000E+01, 0.1881158E+02, 0.1675176E+02, 0.1666343E+02, 0.1680803E+02,
 0.4854000E+01, 0.1883381E+02, 0.1676951E+02, 0.1668085E+02, 0.1682598E+02,
 0.4856000E+01, 0.1885606E+02, 0.1678728E+02, 0.1669829E+02, 0.1684396E+02,
 0.4858000E+01, 0.1887835E+02, 0.1680507E+02, 0.1671576E+02, 0.1686197E+02,
 0.4860000E+01, 0.1890066E+02, 0.1682288E+02, 0.1673324E+02, 0.1688000E+02,
 0.4862000E+01, 0.1892301E+02, 0.1684072E+02, 0.1675074E+02, 0.1689805E+02,
 0.4864000E+01, 0.1894538E+02, 0.1685858E+02, 0.1676827E+02, 0.1691612E+02,
 0.4866000E+01, 0.1896779E+02, 0.1687646E+02, 0.1678582E+02, 0.1693422E+02,
 0.4868000E+01, 0.1899023E+02, 0.1689436E+02, 0.1680338E+02, 0.1695234E+02,
 0.4870000E+01, 0.1901269E+02, 0.1691228E+02, 0.1682097E+02, 0.1697049E+02,
 0.4872000E+01, 0.1903519E+02, 0.1693023E+02, 0.1683857E+02, 0.1698865E+02,
 0.4874000E+01, 0.1905771E+02, 0.1694819E+02, 0.1685620E+02, 0.1700684E+02,
 0.4876000E+01, 0.1908027E+02, 0.1696618E+02, 0.1687384E+02, 0.1702505E+02,
 0.4878000E+01, 0.1910286E+02, 0.1698419E+02, 0.1689150E+02, 0.1704328E+02,
 0.4880000E+01, 0.1912548E+02, 0.1700222E+02, 0.1690919E+02, 0.1706154E+02,
 0.4882000E+01, 0.1914812E+02, 0.1702027E+02, 0.1692689E+02, 0.1707981E+02,
 0.4884000E+01, 0.1917080E+02, 0.1703834E+02, 0.1694461E+02, 0.1709811E+02,
 0.4886000E+01, 0.1919351E+02, 0.1705643E+02, 0.1696234E+02, 0.1711643E+02,
 0.4888000E+01, 0.1921625E+02, 0.1707454E+02, 0.1698010E+02, 0.1713477E+02,
 0.4890000E+01, 0.1923902E+02, 0.1709266E+02, 0.1699787E+02, 0.1715313E+02,
 0.4892000E+01, 0.1926182E+02, 0.1711081E+02, 0.1701566E+02, 0.1717151E+02,
 0.4894000E+01, 0.1928465E+02, 0.1712898E+02, 0.1703346E+02, 0.1718991E+02,
 0.4896000E+01, 0.1930751E+02, 0.1714716E+02, 0.1705129E+02, 0.1720833E+02,
 0.4898000E+01, 0.1933040E+02, 0.1716537E+02, 0.1706913E+02, 0.1722677E+02,
 0.4900000E+01, 0.1935332E+02, 0.1718359E+02, 0.1708698E+02, 0.1724523E+02,
 0.4902000E+01, 0.1937627E+02, 0.1720183E+02, 0.1710486E+02, 0.1726371E+02,
 0.4904000E+01, 0.1939925E+02, 0.1722009E+02, 0.1712274E+02, 0.1728221E+02,
 0.4906000E+01, 0.1942226E+02, 0.1723836E+02, 0.1714065E+02, 0.1730073E+02,
 0.4908000E+01, 0.1944530E+02, 0.1725665E+02, 0.1715857E+02, 0.1731926E+02,
 0.4910000E+01, 0.1946837E+02, 0.1727496E+02, 0.1717650E+02, 0.1733782E+02,
 0.4912000E+01, 0.1949148E+02, 0.1729329E+02, 0.1719445E+02, 0.1735639E+02,
 0.4914000E+01, 0.1951461E+02, 0.1731163E+02, 0.1721241E+02, 0.1737498E+02,
 0.4916000E+01, 0.1953777E+02, 0.1732999E+02, 0.1723039E+02, 0.1739359E+02,
 0.4918000E+01, 0.1956096E+02, 0.1734836E+02, 0.1724838E+02, 0.1741221E+02,
 0.4920000E+01, 0.1958419E+02, 0.1736675E+02, 0.1726638E+02, 0.1743085E+02,
 0.4922000E+01, 0.1960744E+02, 0.1738516E+02, 0.1728440E+02, 0.1744951E+02,
 0.4924000E+01, 0.1963072E+02, 0.1740358E+02, 0.1730243E+02, 0.1746819E+02,
 0.4926000E+01, 0.1965404E+02, 0.1742202E+02, 0.1732048E+02, 0.1748688E+02,
 0.4928000E+01, 0.1967738E+02, 0.1744047E+02, 0.1733854E+02, 0.1750559E+02,
 0.4930000E+01, 0.1970076E+02, 0.1745893E+02, 0.1735660E+02, 0.1752432E+02,
 0.4932000E+01, 0.1972416E+02, 0.1747742E+02, 0.1737469E+02, 0.1754306E+02,
 0.4934000E+01, 0.1974759E+02, 0.1749591E+02, 0.1739278E+02, 0.1756182E+02,
 0.4936000E+01, 0.1977106E+02, 0.1751442E+02, 0.1741089E+02, 0.1758059E+02,
 0.4938000E+01, 0.1979455E+02, 0.1753294E+02, 0.1742900E+02, 0.1759937E+02,
 0.4940000E+01, 0.1981808E+02, 0.1755147E+02, 0.1744713E+02, 0.1761817E+02,
 0.4942000E+01, 0.1984163E+02, 0.1757002E+02, 0.1746527E+02, 0.1763699E+02,
 0.4944000E+01, 0.1986522E+02, 0.1758858E+02, 0.1748342E+02, 0.1765582E+02,
 0.4946000E+01, 0.1988883E+02, 0.1760715E+02, 0.1750158E+02, 0.1767466E+02,
 0.4948000E+01, 0.1991248E+02, 0.1762573E+02, 0.1751975E+02, 0.1769352E+02,
 0.4950000E+01, 0.1993615E+02, 0.1764433E+02, 0.1753793E+02, 0.1771239E+02,
 0.4952000E+01, 0.1995986E+02, 0.1766294E+02, 0.1755612E+02, 0.1773127E+02,
 0.4954000E+01, 0.1998359E+02, 0.1768155E+02, 0.1757432E+02, 0.1775017E+02,
 0.4956000E+01, 0.2000736E+02, 0.1770018E+02, 0.1759253E+02, 0.1776908E+02,
 0.4958000E+01, 0.2003115E+02, 0.1771882E+02, 0.1761074E+02, 0.1778800E+02,
 0.4960000E+01, 0.2005498E+02, 0.1773747E+02, 0.1762896E+02, 0.1780693E+02,
 0.4962000E+01, 0.2007883E+02, 0.1775613E+02, 0.1764720E+02, 0.1782588E+02,
 0.4964000E+01, 0.2010271E+02, 0.1777480E+02, 0.1766544E+02, 0.1784483E+02,
 0.4966000E+01, 0.2012663E+02, 0.1779348E+02, 0.1768368E+02, 0.1786380E+02,
 0.4968000E+01, 0.2015057E+02, 0.1781217E+02, 0.1770194E+02, 0.1788278E+02,
 0.4970000E+01, 0.2017454E+02, 0.1783087E+02, 0.1772020E+02, 0.1790177E+02,
 0.4972000E+01, 0.2019854E+02, 0.1784957E+02, 0.1773847E+02, 0.1792077E+02,
 0.4974000E+01, 0.2022257E+02, 0.1786829E+02, 0.1775674E+02, 0.1793978E+02,
 0.4976000E+01, 0.2024664E+02, 0.1788701E+02, 0.1777502E+02, 0.1795879E+02,
 0.4978000E+01, 0.2027073E+02, 0.1790574E+02, 0.1779330E+02, 0.1797782E+02,
 0.4980000E+01, 0.2029484E+02, 0.1792448E+02, 0.1781160E+02, 0.1799686E+02,
 0.4982000E+01, 0.2031899E+02, 0.1794322E+02, 0.1782989E+02, 0.1801591E+02,
 0.4984000E+01, 0.2034317E+02, 0.1796197E+02, 0.1784819E+02, 0.1803496E+02,
 0.4986000E+01, 0.2036738E+02, 0.1798073E+02, 0.1786650E+02, 0.1805402E+02,
 0.4988000E+01, 0.2039161E+02, 0.1799949E+02, 0.1788481E+02, 0.1807309E+02,
 0.4990000E+01, 0.2041588E+02, 0.1801826E+02, 0.1790312E+02, 0.1809217E+02,
 0.4992000E+01, 0.2044017E+02, 0.1803704E+02, 0.1792144E+02, 0.1811126E+02,
 0.4994000E+01, 0.2046450E+02, 0.1805582E+02, 0.1793976E+02, 0.1813035E+02,
 0.4996000E+01, 0.2048885E+02, 0.1807461E+02, 0.1795808E+02, 0.1814945E+02,
 0.4998000E+01, 0.2051323E+02, 0.1809340E+02, 0.1797641E+02, 0.1816856E+02,
 0.5000000E+01, 0.2053764E+02, 0.1811219E+02, 0.1799474E+02, 0.1818767E+02,
 0.5002000E+01, 0.2056208E+02, 0.1813099E+02, 0.1801307E+02, 0.1820679E+02,
 0.5004000E+01, 0.2058654E+02, 0.1814979E+02, 0.1803140E+02, 0.1822591E+02,
 0.5006000E+01, 0.2061104E+02, 0.1816860E+02, 0.1804973E+02, 0.1824504E+02,
 0.5008000E+01, 0.2063556E+02, 0.1818741E+02, 0.1806807E+02, 0.1826418E+02,
 0.5010000E+01, 0.2066011E+02, 0.1820622E+02, 0.1808641E+02, 0.1828332E+02,
 0.5012000E+01, 0.2068469E+02, 0.1822504E+02, 0.1810474E+02, 0.1830246E+02,
 0.5014000E+01, 0.2070930E+02, 0.1824386E+02, 0.1812308E+02, 0.1832161E+02,
 0.5016000E+01, 0.2073394E+02, 0.1826268E+02, 0.1814142E+02, 0.1834076E+02,
 0.5018000E+01, 0.2075860E+02, 0.1828150E+02, 0.1815976E+02, 0.1835992E+02,
 0.5020000E+01, 0.2078329E+02, 0.1830032E+02, 0.1817810E+02, 0.1837908E+02,
 0.5022000E+01, 0.2080801E+02, 0.1831915E+02, 0.1819644E+02, 0.1839824E+02,
 0.5024000E+01, 0.2083276E+02, 0.1833797E+02, 0.1821477E+02, 0.1841740E+02,
 0.5026000E+01, 0.2085753E+02, 0.1835680E+02, 0.1823311E+02, 0.1843657E+02,
 0.5028000E+01, 0.2088234E+02, 0.1837562E+02, 0.1825144E+02, 0.1845574E+02,
 0.5030000E+01, 0.2090717E+02, 0.1839445E+02, 0.1826978E+02, 0.1847491E+02,
 0.5032000E+01, 0.2093202E+02, 0.1841328E+02, 0.1828811E+02, 0.1849409E+02,
 0.5034000E+01, 0.2095691E+02, 0.1843210E+02, 0.1830644E+02, 0.1851326E+02,
 0.5036000E+01, 0.2098182E+02, 0.1845093E+02, 0.1832477E+02, 0.1853244E+02,
 0.5038000E+01, 0.2100675E+02, 0.1846976E+02, 0.1834309E+02, 0.1855162E+02,
 0.5040000E+01, 0.2103172E+02, 0.1848858E+02, 0.1836141E+02, 0.1857080E+02,
 0.5042000E+01, 0.2105671E+02, 0.1850740E+02, 0.1837973E+02, 0.1858997E+02,
 0.5044000E+01, 0.2108172E+02, 0.1852623E+02, 0.1839805E+02, 0.1860915E+02,
 0.5046000E+01, 0.2110677E+02, 0.1854505E+02, 0.1841636E+02, 0.1862833E+02,
 0.5048000E+01, 0.2113184E+02, 0.1856386E+02, 0.1843467E+02, 0.1864751E+02,
 0.5050000E+01, 0.2115693E+02, 0.1858268E+02, 0.1845298E+02, 0.1866669E+02,
 0.5052000E+01, 0.2118205E+02, 0.1860149E+02, 0.1847128E+02, 0.1868587E+02,
 0.5054000E+01, 0.2120720E+02, 0.1862030E+02, 0.1848958E+02, 0.1870505E+02,
 0.5056000E+01, 0.2123237E+02, 0.1863911E+02, 0.1850787E+02, 0.1872422E+02,
 0.5058000E+01, 0.2125756E+02, 0.1865792E+02, 0.1852616E+02, 0.1874339E+02,
 0.5060000E+01, 0.2128279E+02, 0.1867672E+02, 0.1854444E+02, 0.1876257E+02,
 0.5062000E+01, 0.2130803E+02, 0.1869551E+02, 0.1856272E+02, 0.1878174E+02,
 0.5064000E+01, 0.2133330E+02, 0.1871431E+02, 0.1858099E+02, 0.1880091E+02,
 0.5066000E+01, 0.2135860E+02, 0.1873310E+02, 0.1859926E+02, 0.1882007E+02,
 0.5068000E+01, 0.2138392E+02, 0.1875188E+02, 0.1861753E+02, 0.1883924E+02,
 0.5070000E+01, 0.2140926E+02, 0.1877067E+02, 0.1863578E+02, 0.1885840E+02,
 0.5072000E+01, 0.2143463E+02, 0.1878944E+02, 0.1865404E+02, 0.1887756E+02,
 0.5074000E+01, 0.2146002E+02, 0.1880822E+02, 0.1867228E+02, 0.1889672E+02,
 0.5076000E+01, 0.2148543E+02, 0.1882698E+02, 0.1869052E+02, 0.1891587E+02,
 0.5078000E+01, 0.2151087E+02, 0.1884575E+02, 0.1870875E+02, 0.1893502E+02,
 0.5080000E+01, 0.2153633E+02, 0.1886450E+02, 0.1872698E+02, 0.1895416E+02,
 0.5082000E+01, 0.2156181E+02, 0.1888326E+02, 0.1874520E+02, 0.1897330E+02,
 0.5084000E+01, 0.2158731E+02, 0.1890200E+02, 0.1876342E+02, 0.1899244E+02,
 0.5086000E+01, 0.2161284E+02, 0.1892074E+02, 0.1878162E+02, 0.1901158E+02,
 0.5088000E+01, 0.2163839E+02, 0.1893948E+02, 0.1879982E+02, 0.1903071E+02,
 0.5090000E+01, 0.2166396E+02, 0.1895821E+02, 0.1881802E+02, 0.1904983E+02,
 0.5092000E+01, 0.2168954E+02, 0.1897693E+02, 0.1883620E+02, 0.1906895E+02,
 0.5094000E+01, 0.2171516E+02, 0.1899565E+02, 0.1885438E+02, 0.1908807E+02,
 0.5096000E+01, 0.2174079E+02, 0.1901436E+02, 0.1887255E+02, 0.1910718E+02,
 0.5098000E+01, 0.2176644E+02, 0.1903307E+02, 0.1889072E+02, 0.1912629E+02,
 0.5100000E+01, 0.2179211E+02, 0.1905177E+02, 0.1890887E+02, 0.1914539E+02,
 0.5102000E+01, 0.2181780E+02, 0.1907046E+02, 0.1892702E+02, 0.1916449E+02,
 0.5104000E+01, 0.2184351E+02, 0.1908914E+02, 0.1894516E+02, 0.1918358E+02,
 0.5106000E+01, 0.2186924E+02, 0.1910782E+02, 0.1896330E+02, 0.1920266E+02,
 0.5108000E+01, 0.2189498E+02, 0.1912649E+02, 0.1898142E+02, 0.1922174E+02,
 0.5110000E+01, 0.2192075E+02, 0.1914515E+02, 0.1899954E+02, 0.1924082E+02,
 0.5112000E+01, 0.2194653E+02, 0.1916381E+02, 0.1901765E+02, 0.1925988E+02,
 0.5114000E+01, 0.2197233E+02, 0.1918246E+02, 0.1903575E+02, 0.1927895E+02,
 0.5116000E+01, 0.2199814E+02, 0.1920110E+02, 0.1905385E+02, 0.1929800E+02,
 0.5118000E+01, 0.2202398E+02, 0.1921974E+02, 0.1907193E+02, 0.1931705E+02,
 0.5120000E+01, 0.2204983E+02, 0.1923837E+02, 0.1909001E+02, 0.1933610E+02,
 0.5122000E+01, 0.2207569E+02, 0.1925699E+02, 0.1910808E+02, 0.1935513E+02,
 0.5124000E+01, 0.2210157E+02, 0.1927560E+02, 0.1912614E+02, 0.1937417E+02,
 0.5126000E+01, 0.2212746E+02, 0.1929420E+02, 0.1914419E+02, 0.1939319E+02,
 0.5128000E+01, 0.2215337E+02, 0.1931280E+02, 0.1916223E+02, 0.1941221E+02,
 0.5130000E+01, 0.2217929E+02, 0.1933139E+02, 0.1918027E+02, 0.1943122E+02,
 0.5132000E+01, 0.2220522E+02, 0.1934997E+02, 0.1919829E+02, 0.1945023E+02,
 0.5134000E+01, 0.2223117E+02, 0.1936855E+02, 0.1921631E+02, 0.1946923E+02,
 0.5136000E+01, 0.2225713E+02, 0.1938712E+02, 0.1923432E+02, 0.1948822E+02,
 0.5138000E+01, 0.2228310E+02, 0.1940567E+02, 0.1925232E+02, 0.1950720E+02,
 0.5140000E+01, 0.2230908E+02, 0.1942422E+02, 0.1927031E+02, 0.1952618E+02,
 0.5142000E+01, 0.2233508E+02, 0.1944277E+02, 0.1928830E+02, 0.1954515E+02,
 0.5144000E+01, 0.2236108E+02, 0.1946130E+02, 0.1930627E+02, 0.1956412E+02,
 0.5146000E+01, 0.2238709E+02, 0.1947983E+02, 0.1932424E+02, 0.1958307E+02,
 0.5148000E+01, 0.2241311E+02, 0.1949835E+02, 0.1934219E+02, 0.1960203E+02,
 0.5150000E+01, 0.2243915E+02, 0.1951686E+02, 0.1936014E+02, 0.1962097E+02,
 0.5152000E+01, 0.2246518E+02, 0.1953536E+02, 0.1937808E+02, 0.1963990E+02,
 0.5154000E+01, 0.2249123E+02, 0.1955385E+02, 0.1939602E+02, 0.1965883E+02,
 0.5156000E+01, 0.2251728E+02, 0.1957234E+02, 0.1941394E+02, 0.1967776E+02,
 0.5158000E+01, 0.2254334E+02, 0.1959082E+02, 0.1943185E+02, 0.1969667E+02,
 0.5160000E+01, 0.2256941E+02, 0.1960929E+02, 0.1944976E+02, 0.1971558E+02,
 0.5162000E+01, 0.2259548E+02, 0.1962775E+02, 0.1946766E+02, 0.1973448E+02,
 0.5164000E+01, 0.2262155E+02, 0.1964620E+02, 0.1948554E+02, 0.1975337E+02,
 0.5166000E+01, 0.2264763E+02, 0.1966465E+02, 0.1950342E+02, 0.1977226E+02,
 0.5168000E+01, 0.2267372E+02, 0.1968309E+02, 0.1952129E+02, 0.1979114E+02,
 0.5170000E+01, 0.2269980E+02, 0.1970152E+02, 0.1953916E+02, 0.1981001E+02,
 0.5172000E+01, 0.2272589E+02, 0.1971994E+02, 0.1955701E+02, 0.1982887E+02,
 0.5174000E+01, 0.2275198E+02, 0.1973835E+02, 0.1957486E+02, 0.1984773E+02,
 0.5176000E+01, 0.2277807E+02, 0.1975676E+02, 0.1959269E+02, 0.1986658E+02,
 0.5178000E+01, 0.2280416E+02, 0.1977516E+02, 0.1961052E+02, 0.1988542E+02,
 0.5180000E+01, 0.2283025E+02, 0.1979355E+02, 0.1962834E+02, 0.1990425E+02,
 0.5182000E+01, 0.2285634E+02, 0.1981193E+02, 0.1964615E+02, 0.1992308E+02,
 0.5184000E+01, 0.2288243E+02, 0.1983030E+02, 0.1966396E+02, 0.1994190E+02,
 0.5186000E+01, 0.2290852E+02, 0.1984867E+02, 0.1968175E+02, 0.1996072E+02,
 0.5188000E+01, 0.2293460E+02, 0.1986703E+02, 0.1969954E+02, 0.1997952E+02,
 0.5190000E+01, 0.2296068E+02, 0.1988538E+02, 0.1971732E+02, 0.1999832E+02,
 0.5192000E+01, 0.2298676E+02, 0.1990372E+02, 0.1973509E+02, 0.2001712E+02,
 0.5194000E+01, 0.2301284E+02, 0.1992206E+02, 0.1975285E+02, 0.2003590E+02,
 0.5196000E+01, 0.2303890E+02, 0.1994039E+02, 0.1977061E+02, 0.2005468E+02,
 0.5198000E+01, 0.2306497E+02, 0.1995871E+02, 0.1978835E+02, 0.2007345E+02,
 0.5200000E+01, 0.2309102E+02, 0.1997702E+02, 0.1980609E+02, 0.2009221E+02,
 0.5202000E+01, 0.2311707E+02, 0.1999532E+02, 0.1982382E+02, 0.2011097E+02,
 0.5204000E+01, 0.2314312E+02, 0.2001362E+02, 0.1984154E+02, 0.2012972E+02,
 0.5206000E+01, 0.2316915E+02, 0.2003191E+02, 0.1985926E+02, 0.2014847E+02,
 0.5208000E+01, 0.2319518E+02, 0.2005019E+02, 0.1987696E+02, 0.2016720E+02,
 0.5210000E+01, 0.2322120E+02, 0.2006847E+02, 0.1989466E+02, 0.2018593E+02,
 0.5212000E+01, 0.2324721E+02, 0.2008674E+02, 0.1991235E+02, 0.2020465E+02,
 0.5214000E+01, 0.2327320E+02, 0.2010500E+02, 0.1993003E+02, 0.2022337E+02,
 0.5216000E+01, 0.2329919E+02, 0.2012325E+02, 0.1994771E+02, 0.2024208E+02,
 0.5218000E+01, 0.2332517E+02, 0.2014149E+02, 0.1996538E+02, 0.2026078E+02,
 0.5220000E+01, 0.2335113E+02, 0.2015973E+02, 0.1998304E+02, 0.2027948E+02,
 0.5222000E+01, 0.2337708E+02, 0.2017797E+02, 0.2000069E+02, 0.2029817E+02,
 0.5224000E+01, 0.2340302E+02, 0.2019619E+02, 0.2001834E+02, 0.2031685E+02,
 0.5226000E+01, 0.2342895E+02, 0.2021441E+02, 0.2003598E+02, 0.2033553E+02,
 0.5228000E+01, 0.2345486E+02, 0.2023262E+02, 0.2005361E+02, 0.2035420E+02,
 0.5230000E+01, 0.2348076E+02, 0.2025082E+02, 0.2007123E+02, 0.2037286E+02,
 0.5232000E+01, 0.2350665E+02, 0.2026902E+02, 0.2008885E+02, 0.2039152E+02,
 0.5234000E+01, 0.2353251E+02, 0.2028721E+02, 0.2010646E+02, 0.2041017E+02,
 0.5236000E+01, 0.2355836E+02, 0.2030540E+02, 0.2012406E+02, 0.2042882E+02,
 0.5238000E+01, 0.2358420E+02, 0.2032357E+02, 0.2014165E+02, 0.2044745E+02,
 0.5240000E+01, 0.2361002E+02, 0.2034174E+02, 0.2015924E+02, 0.2046609E+02,
 0.5242000E+01, 0.2363582E+02, 0.2035991E+02, 0.2017682E+02, 0.2048471E+02,
 0.5244000E+01, 0.2366161E+02, 0.2037807E+02, 0.2019440E+02, 0.2050333E+02,
 0.5246000E+01, 0.2368737E+02, 0.2039622E+02, 0.2021197E+02, 0.2052195E+02,
 0.5248000E+01, 0.2371312E+02, 0.2041436E+02, 0.2022953E+02, 0.2054056E+02,
 0.5250000E+01, 0.2373885E+02, 0.2043250E+02, 0.2024708E+02, 0.2055916E+02,
 0.5252000E+01, 0.2376456E+02, 0.2045063E+02, 0.2026463E+02, 0.2057776E+02,
 0.5254000E+01, 0.2379026E+02, 0.2046876E+02, 0.2028217E+02, 0.2059635E+02,
 0.5256000E+01, 0.2381593E+02, 0.2048688E+02, 0.2029971E+02, 0.2061493E+02,
 0.5258000E+01, 0.2384158E+02, 0.2050499E+02, 0.2031724E+02, 0.2063351E+02,
 0.5260000E+01, 0.2386721E+02, 0.2052310E+02, 0.2033476E+02, 0.2065209E+02,
 0.5262000E+01, 0.2389282E+02, 0.2054120E+02, 0.2035227E+02, 0.2067066E+02,
 0.5264000E+01, 0.2391841E+02, 0.2055930E+02, 0.2036978E+02, 0.2068922E+02,
 0.5266000E+01, 0.2394398E+02, 0.2057739E+02, 0.2038729E+02, 0.2070778E+02,
 0.5268000E+01, 0.2396952E+02, 0.2059548E+02, 0.2040478E+02, 0.2072633E+02,
 0.5270000E+01, 0.2399504E+02, 0.2061356E+02, 0.2042227E+02, 0.2074488E+02,
 0.5272000E+01, 0.2402055E+02, 0.2063163E+02, 0.2043976E+02, 0.2076342E+02,
 0.5274000E+01, 0.2404602E+02, 0.2064970E+02, 0.2045724E+02, 0.2078196E+02,
 0.5276000E+01, 0.2407148E+02, 0.2066776E+02, 0.2047471E+02, 0.2080049E+02,
 0.5278000E+01, 0.2409691E+02, 0.2068582E+02, 0.2049218E+02, 0.2081902E+02,
 0.5280000E+01, 0.2412232E+02, 0.2070387E+02, 0.2050964E+02, 0.2083754E+02,
 0.5282000E+01, 0.2414771E+02, 0.2072192E+02, 0.2052710E+02, 0.2085606E+02,
 0.5284000E+01, 0.2417307E+02, 0.2073996E+02, 0.2054455E+02, 0.2087457E+02,
 0.5286000E+01, 0.2419841E+02, 0.2075799E+02, 0.2056199E+02, 0.2089308E+02,
 0.5288000E+01, 0.2422372E+02, 0.2077602E+02, 0.2057943E+02, 0.2091158E+02,
 0.5290000E+01, 0.2424901E+02, 0.2079405E+02, 0.2059687E+02, 0.2093008E+02,
 0.5292000E+01, 0.2427427E+02, 0.2081207E+02, 0.2061430E+02, 0.2094857E+02,
 0.5294000E+01, 0.2429951E+02, 0.2083009E+02, 0.2063172E+02, 0.2096706E+02,
 0.5296000E+01, 0.2432473E+02, 0.2084810E+02, 0.2064914E+02, 0.2098555E+02,
 0.5298000E+01, 0.2434992E+02, 0.2086610E+02, 0.2066655E+02, 0.2100402E+02,
 0.5300000E+01, 0.2437509E+02, 0.2088411E+02, 0.2068396E+02, 0.2102250E+02,
 0.5302000E+01, 0.2440023E+02, 0.2090210E+02, 0.2070136E+02, 0.2104097E+02,
 0.5304000E+01, 0.2442534E+02, 0.2092009E+02, 0.2071876E+02, 0.2105944E+02,
 0.5306000E+01, 0.2445043E+02, 0.2093808E+02, 0.2073615E+02, 0.2107790E+02,
 0.5308000E+01, 0.2447549E+02, 0.2095606E+02, 0.2075354E+02, 0.2109636E+02,
 0.5310000E+01, 0.2450053E+02, 0.2097404E+02, 0.2077092E+02, 0.2111482E+02,
 0.5312000E+01, 0.2452555E+02, 0.2099202E+02, 0.2078830E+02, 0.2113327E+02,
 0.5314000E+01, 0.2455053E+02, 0.2100999E+02, 0.2080567E+02, 0.2115171E+02,
 0.5316000E+01, 0.2457549E+02, 0.2102795E+02, 0.2082304E+02, 0.2117016E+02,
 0.5318000E+01, 0.2460043E+02, 0.2104591E+02, 0.2084041E+02, 0.2118859E+02,
 0.5320000E+01, 0.2462534E+02, 0.2106387E+02, 0.2085777E+02, 0.2120703E+02,
 0.5322000E+01, 0.2465022E+02, 0.2108183E+02, 0.2087512E+02, 0.2122546E+02,
 0.5324000E+01, 0.2467508E+02, 0.2109977E+02, 0.2089247E+02, 0.2124389E+02,
 0.5326000E+01, 0.2469991E+02, 0.2111772E+02, 0.2090982E+02, 0.2126231E+02,
 0.5328000E+01, 0.2472471E+02, 0.2113566E+02, 0.2092716E+02, 0.2128074E+02,
 0.5330000E+01, 0.2474949E+02, 0.2115360E+02, 0.2094450E+02, 0.2129915E+02,
 0.5332000E+01, 0.2477425E+02, 0.2117153E+02, 0.2096183E+02, 0.2131757E+02,
 0.5334000E+01, 0.2479897E+02, 0.2118946E+02, 0.2097916E+02, 0.2133598E+02,
 0.5336000E+01, 0.2482367E+02, 0.2120739E+02, 0.2099648E+02, 0.2135439E+02,
 0.5338000E+01, 0.2484835E+02, 0.2122531E+02, 0.2101381E+02, 0.2137279E+02,
 0.5340000E+01, 0.2487300E+02, 0.2124323E+02, 0.2103112E+02, 0.2139119E+02,
 0.5342000E+01, 0.2489762E+02, 0.2126114E+02, 0.2104844E+02, 0.2140959E+02,
 0.5344000E+01, 0.2492222E+02, 0.2127906E+02, 0.2106575E+02, 0.2142798E+02,
 0.5346000E+01, 0.2494679E+02, 0.2129696E+02, 0.2108305E+02, 0.2144637E+02,
 0.5348000E+01, 0.2497133E+02, 0.2131487E+02, 0.2110035E+02, 0.2146476E+02,
 0.5350000E+01, 0.2499585E+02, 0.2133277E+02, 0.2111765E+02, 0.2148315E+02,
 0.5352000E+01, 0.2502034E+02, 0.2135067E+02, 0.2113494E+02, 0.2150153E+02,
 0.5354000E+01, 0.2504481E+02, 0.2136857E+02, 0.2115224E+02, 0.2151991E+02,
 0.5356000E+01, 0.2506925E+02, 0.2138646E+02, 0.2116952E+02, 0.2153829E+02,
 0.5358000E+01, 0.2509367E+02, 0.2140435E+02, 0.2118681E+02, 0.2155666E+02,
 0.5360000E+01, 0.2511806E+02, 0.2142224E+02, 0.2120409E+02, 0.2157504E+02,
 0.5362000E+01, 0.2514242E+02, 0.2144012E+02, 0.2122136E+02, 0.2159341E+02,
 0.5364000E+01, 0.2516676E+02, 0.2145800E+02, 0.2123864E+02, 0.2161177E+02,
 0.5366000E+01, 0.2519107E+02, 0.2147588E+02, 0.2125591E+02, 0.2163014E+02,
 0.5368000E+01, 0.2521536E+02, 0.2149375E+02, 0.2127318E+02, 0.2164850E+02,
 0.5370000E+01, 0.2523962E+02, 0.2151162E+02, 0.2129044E+02, 0.2166686E+02,
 0.5372000E+01, 0.2526386E+02, 0.2152949E+02, 0.2130770E+02, 0.2168522E+02,
 0.5374000E+01, 0.2528807E+02, 0.2154736E+02, 0.2132496E+02, 0.2170357E+02,
 0.5376000E+01, 0.2531226E+02, 0.2156522E+02, 0.2134221E+02, 0.2172193E+02,
 0.5378000E+01, 0.2533642E+02, 0.2158309E+02, 0.2135946E+02, 0.2174028E+02,
 0.5380000E+01, 0.2536056E+02, 0.2160094E+02, 0.2137671E+02, 0.2175863E+02,
 0.5382000E+01, 0.2538467E+02, 0.2161880E+02, 0.2139396E+02, 0.2177698E+02,
 0.5384000E+01, 0.2540876E+02, 0.2163666E+02, 0.2141120E+02, 0.2179532E+02,
 0.5386000E+01, 0.2543282E+02, 0.2165451E+02, 0.2142844E+02, 0.2181366E+02,
 0.5388000E+01, 0.2545686E+02, 0.2167236E+02, 0.2144568E+02, 0.2183200E+02,
 0.5390000E+01, 0.2548087E+02, 0.2169021E+02, 0.2146292E+02, 0.2185034E+02,
 0.5392000E+01, 0.2550486E+02, 0.2170805E+02, 0.2148015E+02, 0.2186868E+02,
 0.5394000E+01, 0.2552883E+02, 0.2172589E+02, 0.2149738E+02, 0.2188702E+02,
 0.5396000E+01, 0.2555277E+02, 0.2174374E+02, 0.2151461E+02, 0.2190535E+02,
 0.5398000E+01, 0.2557668E+02, 0.2176158E+02, 0.2153183E+02, 0.2192369E+02,
 0.5400000E+01, 0.2560058E+02, 0.2177941E+02, 0.2154906E+02, 0.2194202E+02,
 0.5402000E+01, 0.2562444E+02, 0.2179725E+02, 0.2156627E+02, 0.2196035E+02,
 0.5404000E+01, 0.2564829E+02, 0.2181508E+02, 0.2158349E+02, 0.2197868E+02,
 0.5406000E+01, 0.2567211E+02, 0.2183291E+02, 0.2160071E+02, 0.2199700E+02,
 0.5408000E+01, 0.2569591E+02, 0.2185074E+02, 0.2161792E+02, 0.2201533E+02,
 0.5410000E+01, 0.2571968E+02, 0.2186857E+02, 0.2163513E+02, 0.2203365E+02,
 0.5412000E+01, 0.2574343E+02, 0.2188640E+02, 0.2165234E+02, 0.2205198E+02,
 0.5414000E+01, 0.2576716E+02, 0.2190422E+02, 0.2166955E+02, 0.2207030E+02,
 0.5416000E+01, 0.2579087E+02, 0.2192205E+02, 0.2168675E+02, 0.2208862E+02,
 0.5418000E+01, 0.2581455E+02, 0.2193987E+02, 0.2170396E+02, 0.2210694E+02,
 0.5420000E+01, 0.2583821E+02, 0.2195769E+02, 0.2172116E+02, 0.2212526E+02,
 0.5422000E+01, 0.2586185E+02, 0.2197551E+02, 0.2173836E+02, 0.2214358E+02,
 0.5424000E+01, 0.2588546E+02, 0.2199333E+02, 0.2175555E+02, 0.2216189E+02,
 0.5426000E+01, 0.2590905E+02, 0.2201114E+02, 0.2177275E+02, 0.2218021E+02,
 0.5428000E+01, 0.2593262E+02, 0.2202896E+02, 0.2178994E+02, 0.2219852E+02,
 0.5430000E+01, 0.2595617E+02, 0.2204677E+02, 0.2180714E+02, 0.2221684E+02,
 0.5432000E+01, 0.2597969E+02, 0.2206459E+02, 0.2182433E+02, 0.2223515E+02,
 0.5434000E+01, 0.2600319E+02, 0.2208240E+02, 0.2184151E+02, 0.2225347E+02,
 0.5436000E+01, 0.2602667E+02, 0.2210021E+02, 0.2185870E+02, 0.2227178E+02,
 0.5438000E+01, 0.2605013E+02, 0.2211802E+02, 0.2187589E+02, 0.2229009E+02,
 0.5440000E+01, 0.2607357E+02, 0.2213583E+02, 0.2189307E+02, 0.2230840E+02,
 0.5442000E+01, 0.2609698E+02, 0.2215363E+02, 0.2191026E+02, 0.2232671E+02,
 0.5444000E+01, 0.2612038E+02, 0.2217144E+02, 0.2192744E+02, 0.2234502E+02,
 0.5446000E+01, 0.2614375E+02, 0.2218925E+02, 0.2194462E+02, 0.2236333E+02,
 0.5448000E+01, 0.2616710E+02, 0.2220705E+02, 0.2196180E+02, 0.2238164E+02,
 0.5450000E+01, 0.2619043E+02, 0.2222486E+02, 0.2197897E+02, 0.2239995E+02,
 0.5452000E+01, 0.2621374E+02, 0.2224266E+02, 0.2199615E+02, 0.2241826E+02,
 0.5454000E+01, 0.2623703E+02, 0.2226046E+02, 0.2201332E+02, 0.2243657E+02,
 0.5456000E+01, 0.2626029E+02, 0.2227826E+02, 0.2203050E+02, 0.2245488E+02,
 0.5458000E+01, 0.2628354E+02, 0.2229606E+02, 0.2204767E+02, 0.2247318E+02,
 0.5460000E+01, 0.2630677E+02, 0.2231387E+02, 0.2206484E+02, 0.2249149E+02,
 0.5462000E+01, 0.2632997E+02, 0.2233167E+02, 0.2208201E+02, 0.2250980E+02,
 0.5464000E+01, 0.2635316E+02, 0.2234947E+02, 0.2209918E+02, 0.2252811E+02,
 0.5466000E+01, 0.2637632E+02, 0.2236727E+02, 0.2211635E+02, 0.2254642E+02,
 0.5468000E+01, 0.2639947E+02, 0.2238507E+02, 0.2213352E+02, 0.2256472E+02,
 0.5470000E+01, 0.2642259E+02, 0.2240286E+02, 0.2215069E+02, 0.2258303E+02,
 0.5472000E+01, 0.2644570E+02, 0.2242066E+02, 0.2216785E+02, 0.2260134E+02,
 0.5474000E+01, 0.2646878E+02, 0.2243846E+02, 0.2218502E+02, 0.2261965E+02,
 0.5476000E+01, 0.2649185E+02, 0.2245626E+02, 0.2220218E+02, 0.2263796E+02,
 0.5478000E+01, 0.2651489E+02, 0.2247406E+02, 0.2221935E+02, 0.2265627E+02,
 0.5480000E+01, 0.2653792E+02, 0.2249186E+02, 0.2223651E+02, 0.2267458E+02,
 0.5482000E+01, 0.2656092E+02, 0.2250965E+02, 0.2225368E+02, 0.2269289E+02,
 0.5484000E+01, 0.2658391E+02, 0.2252745E+02, 0.2227084E+02, 0.2271120E+02,
 0.5486000E+01, 0.2660688E+02, 0.2254525E+02, 0.2228800E+02, 0.2272951E+02,
 0.5488000E+01, 0.2662983E+02, 0.2256305E+02, 0.2230516E+02, 0.2274782E+02,
 0.5490000E+01, 0.2665276E+02, 0.2258084E+02, 0.2232232E+02, 0.2276613E+02,
 0.5492000E+01, 0.2667567E+02, 0.2259864E+02, 0.2233948E+02, 0.2278444E+02,
 0.5494000E+01, 0.2669857E+02, 0.2261644E+02, 0.2235664E+02, 0.2280276E+02,
 0.5496000E+01, 0.2672144E+02, 0.2263424E+02, 0.2237380E+02, 0.2282107E+02,
 0.5498000E+01, 0.2674430E+02, 0.2265203E+02, 0.2239096E+02, 0.2283938E+02,
 0.5500000E+01, 0.2676714E+02, 0.2266983E+02, 0.2240812E+02, 0.2285770E+02,
 0.5502000E+01, 0.2678996E+02, 0.2268763E+02, 0.2242528E+02, 0.2287601E+02,
 0.5504000E+01, 0.2681276E+02, 0.2270543E+02, 0.2244244E+02, 0.2289433E+02,
 0.5506000E+01, 0.2683554E+02, 0.2272323E+02, 0.2245960E+02, 0.2291265E+02,
 0.5508000E+01, 0.2685830E+02, 0.2274103E+02, 0.2247676E+02, 0.2293097E+02,
 0.5510000E+01, 0.2688105E+02, 0.2275883E+02, 0.2249392E+02, 0.2294929E+02,
 0.5512000E+01, 0.2690378E+02, 0.2277663E+02, 0.2251108E+02, 0.2296761E+02,
 0.5514000E+01, 0.2692649E+02, 0.2279444E+02, 0.2252824E+02, 0.2298593E+02,
 0.5516000E+01, 0.2694919E+02, 0.2281224E+02, 0.2254539E+02, 0.2300425E+02,
 0.5518000E+01, 0.2697187E+02, 0.2283004E+02, 0.2256255E+02, 0.2302257E+02,
 0.5520000E+01, 0.2699453E+02, 0.2284785E+02, 0.2257971E+02, 0.2304090E+02,
 0.5522000E+01, 0.2701717E+02, 0.2286565E+02, 0.2259687E+02, 0.2305922E+02,
 0.5524000E+01, 0.2703979E+02, 0.2288345E+02, 0.2261403E+02, 0.2307755E+02,
 0.5526000E+01, 0.2706240E+02, 0.2290126E+02, 0.2263119E+02, 0.2309588E+02,
 0.5528000E+01, 0.2708499E+02, 0.2291907E+02, 0.2264835E+02, 0.2311421E+02,
 0.5530000E+01, 0.2710757E+02, 0.2293687E+02, 0.2266551E+02, 0.2313254E+02,
 0.5532000E+01, 0.2713013E+02, 0.2295468E+02, 0.2268267E+02, 0.2315087E+02,
 0.5534000E+01, 0.2715267E+02, 0.2297249E+02, 0.2269983E+02, 0.2316920E+02,
 0.5536000E+01, 0.2717519E+02, 0.2299030E+02, 0.2271699E+02, 0.2318754E+02,
 0.5538000E+01, 0.2719770E+02, 0.2300811E+02, 0.2273415E+02, 0.2320588E+02,
 0.5540000E+01, 0.2722019E+02, 0.2302592E+02, 0.2275132E+02, 0.2322421E+02,
 0.5542000E+01, 0.2724267E+02, 0.2304374E+02, 0.2276848E+02, 0.2324255E+02,
 0.5544000E+01, 0.2726513E+02, 0.2306155E+02, 0.2278564E+02, 0.2326089E+02,
 0.5546000E+01, 0.2728757E+02, 0.2307937E+02, 0.2280281E+02, 0.2327924E+02,
 0.5548000E+01, 0.2731000E+02, 0.2309718E+02, 0.2281997E+02, 0.2329758E+02,
 0.5550000E+01, 0.2733241E+02, 0.2311500E+02, 0.2283714E+02, 0.2331593E+02,
 0.5552000E+01, 0.2735480E+02, 0.2313282E+02, 0.2285430E+02, 0.2333427E+02,
 0.5554000E+01, 0.2737719E+02, 0.2315064E+02, 0.2287147E+02, 0.2335262E+02,
 0.5556000E+01, 0.2739955E+02, 0.2316846E+02, 0.2288864E+02, 0.2337098E+02,
 0.5558000E+01, 0.2742190E+02, 0.2318628E+02, 0.2290580E+02, 0.2338933E+02,
 0.5560000E+01, 0.2744423E+02, 0.2320411E+02, 0.2292297E+02, 0.2340768E+02,
 0.5562000E+01, 0.2746655E+02, 0.2322193E+02, 0.2294014E+02, 0.2342604E+02,
 0.5564000E+01, 0.2748885E+02, 0.2323976E+02, 0.2295731E+02, 0.2344440E+02,
 0.5566000E+01, 0.2751114E+02, 0.2325759E+02, 0.2297448E+02, 0.2346276E+02,
 0.5568000E+01, 0.2753341E+02, 0.2327542E+02, 0.2299166E+02, 0.2348112E+02,
 0.5570000E+01, 0.2755567E+02, 0.2329325E+02, 0.2300883E+02, 0.2349949E+02,
 0.5572000E+01, 0.2757791E+02, 0.2331108E+02, 0.2302600E+02, 0.2351785E+02,
 0.5574000E+01, 0.2760014E+02, 0.2332892E+02, 0.2304318E+02, 0.2353622E+02,
 0.5576000E+01, 0.2762235E+02, 0.2334676E+02, 0.2306036E+02, 0.2355460E+02,
 0.5578000E+01, 0.2764455E+02, 0.2336459E+02, 0.2307753E+02, 0.2357297E+02,
 0.5580000E+01, 0.2766673E+02, 0.2338243E+02, 0.2309471E+02, 0.2359134E+02,
 0.5582000E+01, 0.2768890E+02, 0.2340027E+02, 0.2311189E+02, 0.2360972E+02,
 0.5584000E+01, 0.2771106E+02, 0.2341812E+02, 0.2312907E+02, 0.2362810E+02,
 0.5586000E+01, 0.2773320E+02, 0.2343596E+02, 0.2314626E+02, 0.2364648E+02,
 0.5588000E+01, 0.2775533E+02, 0.2345381E+02, 0.2316344E+02, 0.2366487E+02,
 0.5590000E+01, 0.2777744E+02, 0.2347166E+02, 0.2318062E+02, 0.2368326E+02,
 0.5592000E+01, 0.2779954E+02, 0.2348951E+02, 0.2319781E+02, 0.2370165E+02,
 0.5594000E+01, 0.2782162E+02, 0.2350736E+02, 0.2321500E+02, 0.2372004E+02,
 0.5596000E+01, 0.2784369E+02, 0.2352522E+02, 0.2323219E+02, 0.2373843E+02,
 0.5598000E+01, 0.2786575E+02, 0.2354307E+02, 0.2324938E+02, 0.2375683E+02,
 0.5600000E+01, 0.2788779E+02, 0.2356093E+02, 0.2326657E+02, 0.2377523E+02,
 0.5602000E+01, 0.2790982E+02, 0.2357879E+02, 0.2328376E+02, 0.2379363E+02,
 0.5604000E+01, 0.2793183E+02, 0.2359665E+02, 0.2330095E+02, 0.2381204E+02,
 0.5606000E+01, 0.2795383E+02, 0.2361452E+02, 0.2331815E+02, 0.2383044E+02,
 0.5608000E+01, 0.2797582E+02, 0.2363239E+02, 0.2333535E+02, 0.2384885E+02,
 0.5610000E+01, 0.2799780E+02, 0.2365025E+02, 0.2335255E+02, 0.2386727E+02,
 0.5612000E+01, 0.2801976E+02, 0.2366813E+02, 0.2336975E+02, 0.2388568E+02,
 0.5614000E+01, 0.2804170E+02, 0.2368600E+02, 0.2338695E+02, 0.2390410E+02,
 0.5616000E+01, 0.2806364E+02, 0.2370387E+02, 0.2340416E+02, 0.2392252E+02,
 0.5618000E+01, 0.2808556E+02, 0.2372175E+02, 0.2342136E+02, 0.2394094E+02,
 0.5620000E+01, 0.2810747E+02, 0.2373963E+02, 0.2343857E+02, 0.2395937E+02,
 0.5622000E+01, 0.2812936E+02, 0.2375751E+02, 0.2345578E+02, 0.2397780E+02,
 0.5624000E+01, 0.2815125E+02, 0.2377540E+02, 0.2347299E+02, 0.2399623E+02,
 0.5626000E+01, 0.2817311E+02, 0.2379329E+02, 0.2349020E+02, 0.2401467E+02,
 0.5628000E+01, 0.2819497E+02, 0.2381118E+02, 0.2350742E+02, 0.2403311E+02,
 0.5630000E+01, 0.2821682E+02, 0.2382907E+02, 0.2352464E+02, 0.2405155E+02,
 0.5632000E+01, 0.2823865E+02, 0.2384696E+02, 0.2354185E+02, 0.2406999E+02,
 0.5634000E+01, 0.2826047E+02, 0.2386486E+02, 0.2355907E+02, 0.2408844E+02,
 0.5636000E+01, 0.2828227E+02, 0.2388276E+02, 0.2357630E+02, 0.2410689E+02,
 0.5638000E+01, 0.2830407E+02, 0.2390066E+02, 0.2359352E+02, 0.2412534E+02,
 0.5640000E+01, 0.2832585E+02, 0.2391857E+02, 0.2361075E+02, 0.2414380E+02,
 0.5642000E+01, 0.2834762E+02, 0.2393648E+02, 0.2362798E+02, 0.2416226E+02,
 0.5644000E+01, 0.2836938E+02, 0.2395439E+02, 0.2364521E+02, 0.2418072E+02,
 0.5646000E+01, 0.2839112E+02, 0.2397230E+02, 0.2366244E+02, 0.2419919E+02,
 0.5648000E+01, 0.2841286E+02, 0.2399022E+02, 0.2367967E+02, 0.2421766E+02,
 0.5650000E+01, 0.2843458E+02, 0.2400813E+02, 0.2369691E+02, 0.2423613E+02,
 0.5652000E+01, 0.2845629E+02, 0.2402605E+02, 0.2371415E+02, 0.2425460E+02,
 0.5654000E+01, 0.2847798E+02, 0.2404398E+02, 0.2373139E+02, 0.2427308E+02,
 0.5656000E+01, 0.2849967E+02, 0.2406190E+02, 0.2374863E+02, 0.2429157E+02,
 0.5658000E+01, 0.2852134E+02, 0.2407983E+02, 0.2376588E+02, 0.2431005E+02,
 0.5660000E+01, 0.2854300E+02, 0.2409777E+02, 0.2378313E+02, 0.2432854E+02,
 0.5662000E+01, 0.2856466E+02, 0.2411570E+02, 0.2380038E+02, 0.2434704E+02,
 0.5664000E+01, 0.2858629E+02, 0.2413364E+02, 0.2381763E+02, 0.2436553E+02,
 0.5666000E+01, 0.2860792E+02, 0.2415158E+02, 0.2383488E+02, 0.2438403E+02,
 0.5668000E+01, 0.2862954E+02, 0.2416953E+02, 0.2385214E+02, 0.2440254E+02,
 0.5670000E+01, 0.2865114E+02, 0.2418747E+02, 0.2386940E+02, 0.2442104E+02,
 0.5672000E+01, 0.2867274E+02, 0.2420542E+02, 0.2388666E+02, 0.2443955E+02,
 0.5674000E+01, 0.2869432E+02, 0.2422338E+02, 0.2390393E+02, 0.2445807E+02,
 0.5676000E+01, 0.2871589E+02, 0.2424133E+02, 0.2392120E+02, 0.2447659E+02,
 0.5678000E+01, 0.2873745E+02, 0.2425929E+02, 0.2393847E+02, 0.2449511E+02,
 0.5680000E+01, 0.2875900E+02, 0.2427726E+02, 0.2395574E+02, 0.2451363E+02,
 0.5682000E+01, 0.2878053E+02, 0.2429522E+02, 0.2397301E+02, 0.2453216E+02,
 0.5684000E+01, 0.2880206E+02, 0.2431319E+02, 0.2399029E+02, 0.2455069E+02,
 0.5686000E+01, 0.2882357E+02, 0.2433116E+02, 0.2400757E+02, 0.2456923E+02,
 0.5688000E+01, 0.2884508E+02, 0.2434914E+02, 0.2402485E+02, 0.2458777E+02,
 0.5690000E+01, 0.2886657E+02, 0.2436712E+02, 0.2404214E+02, 0.2460631E+02,
 0.5692000E+01, 0.2888806E+02, 0.2438510E+02, 0.2405942E+02, 0.2462486E+02,
 0.5694000E+01, 0.2890953E+02, 0.2440308E+02, 0.2407671E+02, 0.2464341E+02,
 0.5696000E+01, 0.2893099E+02, 0.2442107E+02, 0.2409401E+02, 0.2466197E+02,
 0.5698000E+01, 0.2895244E+02, 0.2443906E+02, 0.2411130E+02, 0.2468053E+02,
 0.5700000E+01, 0.2897388E+02, 0.2445706E+02, 0.2412860E+02, 0.2469909E+02,
 0.5702000E+01, 0.2899531E+02, 0.2447506E+02, 0.2414590E+02, 0.2471766E+02,
 0.5704000E+01, 0.2901673E+02, 0.2449306E+02, 0.2416320E+02, 0.2473623E+02,
 0.5706000E+01, 0.2903814E+02, 0.2451107E+02, 0.2418051E+02, 0.2475481E+02,
 0.5708000E+01, 0.2905954E+02, 0.2452908E+02, 0.2419782E+02, 0.2477339E+02,
 0.5710000E+01, 0.2908093E+02, 0.2454709E+02, 0.2421513E+02, 0.2479197E+02,
 0.5712000E+01, 0.2910231E+02, 0.2456510E+02, 0.2423245E+02, 0.2481056E+02,
 0.5714000E+01, 0.2912368E+02, 0.2458312E+02, 0.2424977E+02, 0.2482915E+02,
 0.5716000E+01, 0.2914503E+02, 0.2460115E+02, 0.2426709E+02, 0.2484775E+02,
 0.5718000E+01, 0.2916638E+02, 0.2461917E+02, 0.2428441E+02, 0.2486635E+02,
 0.5720000E+01, 0.2918772E+02, 0.2463721E+02, 0.2430174E+02, 0.2488495E+02,
 0.5722000E+01, 0.2920905E+02, 0.2465524E+02, 0.2431907E+02, 0.2490356E+02,
 0.5724000E+01, 0.2923037E+02, 0.2467328E+02, 0.2433640E+02, 0.2492217E+02,
 0.5726000E+01, 0.2925168E+02, 0.2469132E+02, 0.2435374E+02, 0.2494079E+02,
 0.5728000E+01, 0.2927298E+02, 0.2470936E+02, 0.2437108E+02, 0.2495941E+02,
 0.5730000E+01, 0.2929427E+02, 0.2472741E+02, 0.2438842E+02, 0.2497804E+02,
 0.5732000E+01, 0.2931554E+02, 0.2474546E+02, 0.2440577E+02, 0.2499667E+02,
 0.5734000E+01, 0.2933681E+02, 0.2476352E+02, 0.2442311E+02, 0.2501530E+02,
 0.5736000E+01, 0.2935807E+02, 0.2478158E+02, 0.2444047E+02, 0.2503394E+02,
 0.5738000E+01, 0.2937933E+02, 0.2479964E+02, 0.2445782E+02, 0.2505258E+02,
 0.5740000E+01, 0.2940057E+02, 0.2481771E+02, 0.2447518E+02, 0.2507123E+02,
 0.5742000E+01, 0.2942180E+02, 0.2483578E+02, 0.2449254E+02, 0.2508988E+02,
 0.5744000E+01, 0.2944302E+02, 0.2485386E+02, 0.2450990E+02, 0.2510854E+02,
 0.5746000E+01, 0.2946423E+02, 0.2487194E+02, 0.2452727E+02, 0.2512720E+02,
 0.5748000E+01, 0.2948544E+02, 0.2489002E+02, 0.2454465E+02, 0.2514587E+02,
 0.5750000E+01, 0.2950663E+02, 0.2490811E+02, 0.2456202E+02, 0.2516454E+02,
 0.5752000E+01, 0.2952782E+02, 0.2492620E+02, 0.2457940E+02, 0.2518321E+02,
 0.5754000E+01, 0.2954899E+02, 0.2494430E+02, 0.2459678E+02, 0.2520189E+02,
 0.5756000E+01, 0.2957016E+02, 0.2496240E+02, 0.2461416E+02, 0.2522057E+02,
 0.5758000E+01, 0.2959132E+02, 0.2498050E+02, 0.2463155E+02, 0.2523926E+02,
 0.5760000E+01, 0.2961246E+02, 0.2499861E+02, 0.2464894E+02, 0.2525796E+02,
 0.5762000E+01, 0.2963360E+02, 0.2501672E+02, 0.2466634E+02, 0.2527665E+02,
 0.5764000E+01, 0.2965474E+02, 0.2503484E+02, 0.2468373E+02, 0.2529535E+02,
 0.5766000E+01, 0.2967586E+02, 0.2505296E+02, 0.2470114E+02, 0.2531406E+02,
 0.5768000E+01, 0.2969697E+02, 0.2507108E+02, 0.2471854E+02, 0.2533278E+02,
 0.5770000E+01, 0.2971807E+02, 0.2508921E+02, 0.2473595E+02, 0.2535149E+02,
 0.5772000E+01, 0.2973917E+02, 0.2510734E+02, 0.2475336E+02, 0.2537021E+02,
 0.5774000E+01, 0.2976026E+02, 0.2512548E+02, 0.2477078E+02, 0.2538894E+02,
 0.5776000E+01, 0.2978133E+02, 0.2514362E+02, 0.2478819E+02, 0.2540767E+02,
 0.5778000E+01, 0.2980240E+02, 0.2516176E+02, 0.2480562E+02, 0.2542641E+02,
 0.5780000E+01, 0.2982346E+02, 0.2517991E+02, 0.2482304E+02, 0.2544515E+02,
 0.5782000E+01, 0.2984452E+02, 0.2519806E+02, 0.2484048E+02, 0.2546389E+02,
 0.5784000E+01, 0.2986556E+02, 0.2521622E+02, 0.2485791E+02, 0.2548264E+02,
 0.5786000E+01, 0.2988659E+02, 0.2523438E+02, 0.2487535E+02, 0.2550140E+02,
 0.5788000E+01, 0.2990762E+02, 0.2525255E+02, 0.2489279E+02, 0.2552016E+02,
 0.5790000E+01, 0.2992864E+02, 0.2527072E+02, 0.2491023E+02, 0.2553893E+02,
 0.5792000E+01, 0.2994965E+02, 0.2528890E+02, 0.2492768E+02, 0.2555770E+02,
 0.5794000E+01, 0.2997065E+02, 0.2530708E+02, 0.2494513E+02, 0.2557647E+02,
 0.5796000E+01, 0.2999164E+02, 0.2532526E+02, 0.2496259E+02, 0.2559525E+02,
 0.5798000E+01, 0.3001263E+02, 0.2534345E+02, 0.2498005E+02, 0.2561404E+02,
 0.5800000E+01, 0.3003361E+02, 0.2536164E+02, 0.2499751E+02, 0.2563283E+02,
 0.5802000E+01, 0.3005457E+02, 0.2537984E+02, 0.2501498E+02, 0.2565162E+02,
 0.5804000E+01, 0.3007553E+02, 0.2539804E+02, 0.2503245E+02, 0.2567042E+02,
 0.5806000E+01, 0.3009649E+02, 0.2541625E+02, 0.2504992E+02, 0.2568923E+02,
 0.5808000E+01, 0.3011743E+02, 0.2543446E+02, 0.2506740E+02, 0.2570804E+02,
 0.5810000E+01, 0.3013837E+02, 0.2545267E+02, 0.2508488E+02, 0.2572686E+02,
 0.5812000E+01, 0.3015930E+02, 0.2547090E+02, 0.2510237E+02, 0.2574568E+02,
 0.5814000E+01, 0.3018022E+02, 0.2548912E+02, 0.2511986E+02, 0.2576451E+02,
 0.5816000E+01, 0.3020113E+02, 0.2550735E+02, 0.2513735E+02, 0.2578334E+02,
 0.5818000E+01, 0.3022203E+02, 0.2552558E+02, 0.2515485E+02, 0.2580217E+02,
 0.5820000E+01, 0.3024293E+02, 0.2554382E+02, 0.2517235E+02, 0.2582102E+02,
 0.5822000E+01, 0.3026382E+02, 0.2556207E+02, 0.2518986E+02, 0.2583986E+02,
 0.5824000E+01, 0.3028470E+02, 0.2558031E+02, 0.2520737E+02, 0.2585872E+02,
 0.5826000E+01, 0.3030557E+02, 0.2559857E+02, 0.2522488E+02, 0.2587757E+02,
 0.5828000E+01, 0.3032644E+02, 0.2561682E+02, 0.2524240E+02, 0.2589644E+02,
 0.5830000E+01, 0.3034730E+02, 0.2563509E+02, 0.2525992E+02, 0.2591531E+02,
 0.5832000E+01, 0.3036815E+02, 0.2565335E+02, 0.2527745E+02, 0.2593418E+02,
 0.5834000E+01, 0.3038899E+02, 0.2567162E+02, 0.2529498E+02, 0.2595306E+02,
 0.5836000E+01, 0.3040983E+02, 0.2568990E+02, 0.2531251E+02, 0.2597195E+02,
 0.5838000E+01, 0.3043065E+02, 0.2570818E+02, 0.2533005E+02, 0.2599084E+02,
 0.5840000E+01, 0.3045148E+02, 0.2572647E+02, 0.2534760E+02, 0.2600973E+02,
 0.5842000E+01, 0.3047229E+02, 0.2574476E+02, 0.2536514E+02, 0.2602864E+02,
 0.5844000E+01, 0.3049309E+02, 0.2576305E+02, 0.2538269E+02, 0.2604754E+02,
 0.5846000E+01, 0.3051389E+02, 0.2578135E+02, 0.2540025E+02, 0.2606645E+02,
 0.5848000E+01, 0.3053468E+02, 0.2579966E+02, 0.2541781E+02, 0.2608537E+02,
 0.5850000E+01, 0.3055547E+02, 0.2581797E+02, 0.2543537E+02, 0.2610430E+02,
 0.5852000E+01, 0.3057624E+02, 0.2583628E+02, 0.2545294E+02, 0.2612322E+02,
 0.5854000E+01, 0.3059701E+02, 0.2585460E+02, 0.2547051E+02, 0.2614216E+02,
 0.5856000E+01, 0.3061777E+02, 0.2587293E+02, 0.2548808E+02, 0.2616110E+02,
 0.5858000E+01, 0.3063853E+02, 0.2589126E+02, 0.2550567E+02, 0.2618004E+02,
 0.5860000E+01, 0.3065928E+02, 0.2590960E+02, 0.2552325E+02, 0.2619900E+02,
 0.5862000E+01, 0.3068002E+02, 0.2592793E+02, 0.2554084E+02, 0.2621795E+02,
 0.5864000E+01, 0.3070075E+02, 0.2594628E+02, 0.2555843E+02, 0.2623692E+02,
 0.5866000E+01, 0.3072147E+02, 0.2596463E+02, 0.2557603E+02, 0.2625588E+02,
 0.5868000E+01, 0.3074219E+02, 0.2598299E+02, 0.2559363E+02, 0.2627486E+02,
 0.5870000E+01, 0.3076291E+02, 0.2600135E+02, 0.2561124E+02, 0.2629384E+02,
 0.5872000E+01, 0.3078361E+02, 0.2601971E+02, 0.2562885E+02, 0.2631282E+02,
 0.5874000E+01, 0.3080431E+02, 0.2603808E+02, 0.2564647E+02, 0.2633181E+02,
 0.5876000E+01, 0.3082500E+02, 0.2605646E+02, 0.2566408E+02, 0.2635081E+02,
 0.5878000E+01, 0.3084569E+02, 0.2607484E+02, 0.2568171E+02, 0.2636981E+02,
 0.5880000E+01, 0.3086636E+02, 0.2609322E+02, 0.2569934E+02, 0.2638882E+02,
 0.5882000E+01, 0.3088703E+02, 0.2611161E+02, 0.2571697E+02, 0.2640784E+02,
 0.5884000E+01, 0.3090770E+02, 0.2613001E+02, 0.2573461E+02, 0.2642686E+02,
 0.5886000E+01, 0.3092836E+02, 0.2614841E+02, 0.2575225E+02, 0.2644588E+02,
 0.5888000E+01, 0.3094901E+02, 0.2616682E+02, 0.2576989E+02, 0.2646491E+02,
 0.5890000E+01, 0.3096965E+02, 0.2618523E+02, 0.2578754E+02, 0.2648395E+02,
 0.5892000E+01, 0.3099029E+02, 0.2620365E+02, 0.2580520E+02, 0.2650300E+02,
 0.5894000E+01, 0.3101092E+02, 0.2622207E+02, 0.2582286E+02, 0.2652205E+02,
 0.5896000E+01, 0.3103154E+02, 0.2624050E+02, 0.2584052E+02, 0.2654110E+02,
 0.5898000E+01, 0.3105216E+02, 0.2625893E+02, 0.2585819E+02, 0.2656016E+02,
 0.5900000E+01, 0.3107277E+02, 0.2627737E+02, 0.2587587E+02, 0.2657923E+02,
 0.5902000E+01, 0.3109337E+02, 0.2629581E+02, 0.2589354E+02, 0.2659830E+02,
 0.5904000E+01, 0.3111397E+02, 0.2631426E+02, 0.2591123E+02, 0.2661738E+02,
 0.5906000E+01, 0.3113456E+02, 0.2633272E+02, 0.2592891E+02, 0.2663647E+02,
 0.5908000E+01, 0.3115515E+02, 0.2635118E+02, 0.2594661E+02, 0.2665556E+02,
 0.5910000E+01, 0.3117573E+02, 0.2636964E+02, 0.2596430E+02, 0.2667466E+02,
 0.5912000E+01, 0.3119630E+02, 0.2638811E+02, 0.2598200E+02, 0.2669376E+02,
 0.5914000E+01, 0.3121687E+02, 0.2640659E+02, 0.2599971E+02, 0.2671287E+02,
 0.5916000E+01, 0.3123742E+02, 0.2642507E+02, 0.2601742E+02, 0.2673198E+02,
 0.5918000E+01, 0.3125798E+02, 0.2644355E+02, 0.2603514E+02, 0.2675110E+02,
 0.5920000E+01, 0.3127853E+02, 0.2646204E+02, 0.2605285E+02, 0.2677023E+02,
 0.5922000E+01, 0.3129907E+02, 0.2648054E+02, 0.2607058E+02, 0.2678937E+02,
 0.5924000E+01, 0.3131960E+02, 0.2649904E+02, 0.2608831E+02, 0.2680851E+02,
 0.5926000E+01, 0.3134013E+02, 0.2651755E+02, 0.2610604E+02, 0.2682765E+02,
 0.5928000E+01, 0.3136065E+02, 0.2653607E+02, 0.2612378E+02, 0.2684680E+02,
 0.5930000E+01, 0.3138117E+02, 0.2655459E+02, 0.2614153E+02, 0.2686596E+02,
 0.5932000E+01, 0.3140168E+02, 0.2657311E+02, 0.2615928E+02, 0.2688513E+02,
 0.5934000E+01, 0.3142218E+02, 0.2659164E+02, 0.2617703E+02, 0.2690430E+02,
 0.5936000E+01, 0.3144268E+02, 0.2661018E+02, 0.2619479E+02, 0.2692348E+02,
 0.5938000E+01, 0.3146317E+02, 0.2662872E+02, 0.2621255E+02, 0.2694266E+02,
 0.5940000E+01, 0.3148366E+02, 0.2664727E+02, 0.2623032E+02, 0.2696185E+02,
 0.5942000E+01, 0.3150414E+02, 0.2666582E+02, 0.2624809E+02, 0.2698104E+02,
 0.5944000E+01, 0.3152461E+02, 0.2668438E+02, 0.2626587E+02, 0.2700024E+02,
 0.5946000E+01, 0.3154508E+02, 0.2670294E+02, 0.2628365E+02, 0.2701945E+02,
 0.5948000E+01, 0.3156554E+02, 0.2672151E+02, 0.2630144E+02, 0.2703867E+02,
 0.5950000E+01, 0.3158599E+02, 0.2674009E+02, 0.2631923E+02, 0.2705789E+02,
 0.5952000E+01, 0.3160644E+02, 0.2675867E+02, 0.2633702E+02, 0.2707712E+02,
 0.5954000E+01, 0.3162689E+02, 0.2677725E+02, 0.2635483E+02, 0.2709635E+02,
 0.5956000E+01, 0.3164733E+02, 0.2679585E+02, 0.2637263E+02, 0.2711559E+02,
 0.5958000E+01, 0.3166776E+02, 0.2681444E+02, 0.2639045E+02, 0.2713483E+02,
 0.5960000E+01, 0.3168818E+02, 0.2683305E+02, 0.2640826E+02, 0.2715409E+02,
 0.5962000E+01, 0.3170861E+02, 0.2685165E+02, 0.2642608E+02, 0.2717335E+02,
 0.5964000E+01, 0.3172902E+02, 0.2687027E+02, 0.2644391E+02, 0.2719261E+02,
 0.5966000E+01, 0.3174943E+02, 0.2688889E+02, 0.2646174E+02, 0.2721188E+02,
 0.5968000E+01, 0.3176983E+02, 0.2690752E+02, 0.2647958E+02, 0.2723116E+02,
 0.5970000E+01, 0.3179023E+02, 0.2692615E+02, 0.2649742E+02, 0.2725045E+02,
 0.5972000E+01, 0.3181063E+02, 0.2694479E+02, 0.2651527E+02, 0.2726974E+02,
 0.5974000E+01, 0.3183101E+02, 0.2696343E+02, 0.2653312E+02, 0.2728903E+02,
 0.5976000E+01, 0.3185139E+02, 0.2698208E+02, 0.2655098E+02, 0.2730834E+02,
 0.5978000E+01, 0.3187177E+02, 0.2700074E+02, 0.2656884E+02, 0.2732765E+02,
 0.5980000E+01, 0.3189214E+02, 0.2701940E+02, 0.2658671E+02, 0.2734697E+02,
 0.5982000E+01, 0.3191250E+02, 0.2703806E+02, 0.2660458E+02, 0.2736629E+02,
 0.5984000E+01, 0.3193286E+02, 0.2705674E+02, 0.2662246E+02, 0.2738562E+02,
 0.5986000E+01, 0.3195322E+02, 0.2707541E+02, 0.2664034E+02, 0.2740495E+02,
 0.5988000E+01, 0.3197356E+02, 0.2709410E+02, 0.2665823E+02, 0.2742430E+02,
 0.5990000E+01, 0.3199391E+02, 0.2711279E+02, 0.2667612E+02, 0.2744365E+02,
 0.5992000E+01, 0.3201424E+02, 0.2713149E+02, 0.2669402E+02, 0.2746301E+02,
 0.5994000E+01, 0.3203458E+02, 0.2715019E+02, 0.2671192E+02, 0.2748237E+02,
 0.5996000E+01, 0.3205490E+02, 0.2716890E+02, 0.2672983E+02, 0.2750174E+02,
 0.5998000E+01, 0.3207522E+02, 0.2718761E+02, 0.2674774E+02, 0.2752111E+02,
 0.6000000E+01, 0.3209554E+02, 0.2720633E+02, 0.2676566E+02, 0.2754049E+02,
 0.6002000E+01, 0.3211585E+02, 0.2722506E+02, 0.2678358E+02, 0.2755989E+02,
 0.6004000E+01, 0.3213615E+02, 0.2724379E+02, 0.2680151E+02, 0.2757928E+02,
 0.6006000E+01, 0.3215645E+02, 0.2726253E+02, 0.2681944E+02, 0.2759868E+02,
 0.6008000E+01, 0.3217675E+02, 0.2728127E+02, 0.2683738E+02, 0.2761809E+02,
 0.6010000E+01, 0.3219704E+02, 0.2730002E+02, 0.2685533E+02, 0.2763751E+02,
 0.6012000E+01, 0.3221732E+02, 0.2731878E+02, 0.2687328E+02, 0.2765693E+02,
 0.6014000E+01, 0.3223760E+02, 0.2733754E+02, 0.2689123E+02, 0.2767636E+02,
 0.6016000E+01, 0.3225787E+02, 0.2735631E+02, 0.2690919E+02, 0.2769580E+02,
 0.6018000E+01, 0.3227814E+02, 0.2737508E+02, 0.2692716E+02, 0.2771524E+02,
 0.6020000E+01, 0.3229840E+02, 0.2739386E+02, 0.2694513E+02, 0.2773469E+02,
 0.6022000E+01, 0.3231866E+02, 0.2741265E+02, 0.2696310E+02, 0.2775414E+02,
 0.6024000E+01, 0.3233892E+02, 0.2743144E+02, 0.2698108E+02, 0.2777361E+02,
 0.6026000E+01, 0.3235916E+02, 0.2745024E+02, 0.2699907E+02, 0.2779308E+02,
 0.6028000E+01, 0.3237941E+02, 0.2746904E+02, 0.2701706E+02, 0.2781256E+02,
 0.6030000E+01, 0.3239964E+02, 0.2748785E+02, 0.2703506E+02, 0.2783204E+02,
 0.6032000E+01, 0.3241988E+02, 0.2750667E+02, 0.2705306E+02, 0.2785153E+02,
 0.6034000E+01, 0.3244010E+02, 0.2752549E+02, 0.2707107E+02, 0.2787103E+02,
 0.6036000E+01, 0.3246033E+02, 0.2754432E+02, 0.2708908E+02, 0.2789053E+02,
 0.6038000E+01, 0.3248054E+02, 0.2756315E+02, 0.2710710E+02, 0.2791004E+02,
 0.6040000E+01, 0.3250076E+02, 0.2758200E+02, 0.2712513E+02, 0.2792956E+02,
 0.6042000E+01, 0.3252096E+02, 0.2760084E+02, 0.2714316E+02, 0.2794908E+02,
 0.6044000E+01, 0.3254116E+02, 0.2761970E+02, 0.2716119E+02, 0.2796861E+02,
 0.6046000E+01, 0.3256136E+02, 0.2763856E+02, 0.2717923E+02, 0.2798815E+02,
 0.6048000E+01, 0.3258155E+02, 0.2765742E+02, 0.2719728E+02, 0.2800770E+02,
 0.6050000E+01, 0.3260175E+02, 0.2767629E+02, 0.2721533E+02, 0.2802725E+02,
 0.6052000E+01, 0.3262193E+02, 0.2769517E+02, 0.2723339E+02, 0.2804681E+02,
 0.6054000E+01, 0.3264211E+02, 0.2771406E+02, 0.2725145E+02, 0.2806637E+02,
 0.6056000E+01, 0.3266228E+02, 0.2773295E+02, 0.2726951E+02, 0.2808595E+02,
 0.6058000E+01, 0.3268245E+02, 0.2775184E+02, 0.2728759E+02, 0.2810552E+02,
 0.6060000E+01, 0.3270261E+02, 0.2777074E+02, 0.2730566E+02, 0.2812511E+02,
 0.6062000E+01, 0.3272277E+02, 0.2778965E+02, 0.2732375E+02, 0.2814470E+02,
 0.6064000E+01, 0.3274292E+02, 0.2780857E+02, 0.2734184E+02, 0.2816430E+02,
 0.6066000E+01, 0.3276307E+02, 0.2782749E+02, 0.2735993E+02, 0.2818391E+02,
 0.6068000E+01, 0.3278322E+02, 0.2784642E+02, 0.2737803E+02, 0.2820353E+02,
 0.6070000E+01, 0.3280336E+02, 0.2786535E+02, 0.2739614E+02, 0.2822315E+02,
 0.6072000E+01, 0.3282349E+02, 0.2788429E+02, 0.2741425E+02, 0.2824278E+02,
 0.6074000E+01, 0.3284362E+02, 0.2790324E+02, 0.2743237E+02, 0.2826241E+02,
 0.6076000E+01, 0.3286375E+02, 0.2792219E+02, 0.2745049E+02, 0.2828205E+02,
 0.6078000E+01, 0.3288387E+02, 0.2794115E+02, 0.2746861E+02, 0.2830170E+02,
 0.6080000E+01, 0.3290398E+02, 0.2796012E+02, 0.2748675E+02, 0.2832136E+02,
 0.6082000E+01, 0.3292410E+02, 0.2797909E+02, 0.2750489E+02, 0.2834102E+02,
 0.6084000E+01, 0.3294420E+02, 0.2799807E+02, 0.2752303E+02, 0.2836069E+02,
 0.6086000E+01, 0.3296431E+02, 0.2801706E+02, 0.2754118E+02, 0.2838037E+02,
 0.6088000E+01, 0.3298441E+02, 0.2803605E+02, 0.2755934E+02, 0.2840006E+02,
 0.6090000E+01, 0.3300450E+02, 0.2805504E+02, 0.2757750E+02, 0.2841975E+02,
 0.6092000E+01, 0.3302459E+02, 0.2807405E+02, 0.2759566E+02, 0.2843945E+02,
 0.6094000E+01, 0.3304467E+02, 0.2809306E+02, 0.2761384E+02, 0.2845915E+02,
 0.6096000E+01, 0.3306475E+02, 0.2811207E+02, 0.2763201E+02, 0.2847887E+02,
 0.6098000E+01, 0.3308482E+02, 0.2813110E+02, 0.2765020E+02, 0.2849859E+02,
 0.6100000E+01, 0.3310490E+02, 0.2815013E+02, 0.2766839E+02, 0.2851831E+02,
 0.6102000E+01, 0.3312496E+02, 0.2816916E+02, 0.2768658E+02, 0.2853805E+02,
 0.6104000E+01, 0.3314502E+02, 0.2818821E+02, 0.2770478E+02, 0.2855779E+02,
 0.6106000E+01, 0.3316508E+02, 0.2820725E+02, 0.2772299E+02, 0.2857754E+02,
 0.6108000E+01, 0.3318513E+02, 0.2822631E+02, 0.2774120E+02, 0.2859730E+02,
 0.6110000E+01, 0.3320518E+02, 0.2824537E+02, 0.2775942E+02, 0.2861706E+02,
 0.6112000E+01, 0.3322523E+02, 0.2826444E+02, 0.2777764E+02, 0.2863683E+02,
 0.6114000E+01, 0.3324527E+02, 0.2828351E+02, 0.2779587E+02, 0.2865661E+02,
 0.6116000E+01, 0.3326530E+02, 0.2830260E+02, 0.2781410E+02, 0.2867639E+02,
 0.6118000E+01, 0.3328533E+02, 0.2832168E+02, 0.2783234E+02, 0.2869618E+02,
 0.6120000E+01, 0.3330536E+02, 0.2834078E+02, 0.2785059E+02, 0.2871598E+02,
 0.6122000E+01, 0.3332538E+02, 0.2835988E+02, 0.2786884E+02, 0.2873579E+02,
 0.6124000E+01, 0.3334540E+02, 0.2837898E+02, 0.2788709E+02, 0.2875560E+02,
 0.6126000E+01, 0.3336541E+02, 0.2839810E+02, 0.2790536E+02, 0.2877542E+02,
 0.6128000E+01, 0.3338542E+02, 0.2841722E+02, 0.2792363E+02, 0.2879525E+02,
 0.6130000E+01, 0.3340542E+02, 0.2843634E+02, 0.2794190E+02, 0.2881508E+02,
 0.6132000E+01, 0.3342542E+02, 0.2845548E+02, 0.2796018E+02, 0.2883493E+02,
 0.6134000E+01, 0.3344542E+02, 0.2847462E+02, 0.2797846E+02, 0.2885478E+02,
 0.6136000E+01, 0.3346541E+02, 0.2849376E+02, 0.2799676E+02, 0.2887463E+02,
 0.6138000E+01, 0.3348540E+02, 0.2851291E+02, 0.2801505E+02, 0.2889450E+02,
 0.6140000E+01, 0.3350538E+02, 0.2853207E+02, 0.2803336E+02, 0.2891437E+02,
 0.6142000E+01, 0.3352536E+02, 0.2855124E+02, 0.2805166E+02, 0.2893425E+02,
 0.6144000E+01, 0.3354533E+02, 0.2857041E+02, 0.2806998E+02, 0.2895413E+02,
 0.6146000E+01, 0.3356531E+02, 0.2858959E+02, 0.2808830E+02, 0.2897403E+02,
 0.6148000E+01, 0.3358527E+02, 0.2860878E+02, 0.2810662E+02, 0.2899393E+02,
 0.6150000E+01, 0.3360524E+02, 0.2862797E+02, 0.2812496E+02, 0.2901384E+02,
 0.6152000E+01, 0.3362519E+02, 0.2864717E+02, 0.2814329E+02, 0.2903375E+02,
 0.6154000E+01, 0.3364515E+02, 0.2866637E+02, 0.2816164E+02, 0.2905367E+02,
 0.6156000E+01, 0.3366510E+02, 0.2868558E+02, 0.2817999E+02, 0.2907360E+02,
 0.6158000E+01, 0.3368504E+02, 0.2870480E+02, 0.2819834E+02, 0.2909354E+02,
 0.6160000E+01, 0.3370498E+02, 0.2872403E+02, 0.2821670E+02, 0.2911349E+02,
 0.6162000E+01, 0.3372492E+02, 0.2874326E+02, 0.2823507E+02, 0.2913344E+02,
 0.6164000E+01, 0.3374485E+02, 0.2876250E+02, 0.2825344E+02, 0.2915340E+02,
 0.6166000E+01, 0.3376478E+02, 0.2878174E+02, 0.2827182E+02, 0.2917336E+02,
 0.6168000E+01, 0.3378471E+02, 0.2880099E+02, 0.2829020E+02, 0.2919334E+02,
 0.6170000E+01, 0.3380463E+02, 0.2882025E+02, 0.2830859E+02, 0.2921332E+02,
 0.6172000E+01, 0.3382454E+02, 0.2883952E+02, 0.2832699E+02, 0.2923331E+02,
 0.6174000E+01, 0.3384446E+02, 0.2885879E+02, 0.2834539E+02, 0.2925331E+02,
 0.6176000E+01, 0.3386436E+02, 0.2887807E+02, 0.2836379E+02, 0.2927331E+02,
 0.6178000E+01, 0.3388427E+02, 0.2889735E+02, 0.2838221E+02, 0.2929332E+02,
 0.6180000E+01, 0.3390417E+02, 0.2891664E+02, 0.2840063E+02, 0.2931334E+02,
 0.6182000E+01, 0.3392407E+02, 0.2893594E+02, 0.2841905E+02, 0.2933337E+02,
 0.6184000E+01, 0.3394396E+02, 0.2895524E+02, 0.2843748E+02, 0.2935340E+02,
 0.6186000E+01, 0.3396385E+02, 0.2897456E+02, 0.2845592E+02, 0.2937344E+02,
 0.6188000E+01, 0.3398373E+02, 0.2899387E+02, 0.2847436E+02, 0.2939349E+02,
 0.6190000E+01, 0.3400361E+02, 0.2901320E+02, 0.2849281E+02, 0.2941354E+02,
 0.6192000E+01, 0.3402349E+02, 0.2903253E+02, 0.2851126E+02, 0.2943361E+02,
 0.6194000E+01, 0.3404336E+02, 0.2905187E+02, 0.2852972E+02, 0.2945368E+02,
 0.6196000E+01, 0.3406323E+02, 0.2907121E+02, 0.2854819E+02, 0.2947375E+02,
 0.6198000E+01, 0.3408310E+02, 0.2909056E+02, 0.2856666E+02, 0.2949384E+02,
 0.6200000E+01, 0.3410296E+02, 0.2910992E+02, 0.2858514E+02, 0.2951393E+02,
 0.6202000E+01, 0.3412281E+02, 0.2912929E+02, 0.2860362E+02, 0.2953403E+02,
 0.6204000E+01, 0.3414267E+02, 0.2914866E+02, 0.2862211E+02, 0.2955414E+02,
 0.6206000E+01, 0.3416252E+02, 0.2916804E+02, 0.2864061E+02, 0.2957426E+02,
 0.6208000E+01, 0.3418236E+02, 0.2918742E+02, 0.2865911E+02, 0.2959438E+02,
 0.6210000E+01, 0.3420220E+02, 0.2920682E+02, 0.2867761E+02, 0.2961451E+02,
 0.6212000E+01, 0.3422204E+02, 0.2922622E+02, 0.2869613E+02, 0.2963465E+02,
 0.6214000E+01, 0.3424187E+02, 0.2924562E+02, 0.2871465E+02, 0.2965479E+02,
 0.6216000E+01, 0.3426170E+02, 0.2926503E+02, 0.2873317E+02, 0.2967495E+02,
 0.6218000E+01, 0.3428153E+02, 0.2928445E+02, 0.2875170E+02, 0.2969511E+02,
 0.6220000E+01, 0.3430135E+02, 0.2930388E+02, 0.2877024E+02, 0.2971528E+02,
 0.6222000E+01, 0.3432117E+02, 0.2932331E+02, 0.2878878E+02, 0.2973545E+02,
 0.6224000E+01, 0.3434098E+02, 0.2934275E+02, 0.2880733E+02, 0.2975563E+02,
 0.6226000E+01, 0.3436079E+02, 0.2936220E+02, 0.2882589E+02, 0.2977583E+02,
 0.6228000E+01, 0.3438060E+02, 0.2938165E+02, 0.2884445E+02, 0.2979602E+02,
 0.6230000E+01, 0.3440041E+02, 0.2940111E+02, 0.2886301E+02, 0.2981623E+02,
 0.6232000E+01, 0.3442020E+02, 0.2942058E+02, 0.2888159E+02, 0.2983644E+02,
 0.6234000E+01, 0.3444000E+02, 0.2944005E+02, 0.2890016E+02, 0.2985666E+02,
 0.6236000E+01, 0.3445979E+02, 0.2945953E+02, 0.2891875E+02, 0.2987689E+02,
 0.6238000E+01, 0.3447958E+02, 0.2947902E+02, 0.2893734E+02, 0.2989713E+02,
 0.6240000E+01, 0.3449936E+02, 0.2949851E+02, 0.2895594E+02, 0.2991737E+02,
 0.6242000E+01, 0.3451914E+02, 0.2951801E+02, 0.2897454E+02, 0.2993762E+02,
 0.6244000E+01, 0.3453892E+02, 0.2953752E+02, 0.2899315E+02, 0.2995788E+02,
 0.6246000E+01, 0.3455869E+02, 0.2955703E+02, 0.2901176E+02, 0.2997815E+02,
 0.6248000E+01, 0.3457846E+02, 0.2957655E+02, 0.2903038E+02, 0.2999842E+02,
 0.6250000E+01, 0.3459823E+02, 0.2959608E+02, 0.2904901E+02, 0.3001870E+02,
 0.6252000E+01, 0.3461799E+02, 0.2961562E+02, 0.2906764E+02, 0.3003899E+02,
 0.6254000E+01, 0.3463774E+02, 0.2963516E+02, 0.2908628E+02, 0.3005929E+02,
 0.6256000E+01, 0.3465750E+02, 0.2965471E+02, 0.2910493E+02, 0.3007959E+02,
 0.6258000E+01, 0.3467725E+02, 0.2967426E+02, 0.2912358E+02, 0.3009990E+02,
 0.6260000E+01, 0.3469700E+02, 0.2969382E+02, 0.2914223E+02, 0.3012022E+02,
 0.6262000E+01, 0.3471674E+02, 0.2971339E+02, 0.2916089E+02, 0.3014055E+02,
 0.6264000E+01, 0.3473648E+02, 0.2973297E+02, 0.2917956E+02, 0.3016088E+02,
 0.6266000E+01, 0.3475622E+02, 0.2975255E+02, 0.2919824E+02, 0.3018122E+02,
 0.6268000E+01, 0.3477595E+02, 0.2977214E+02, 0.2921692E+02, 0.3020157E+02,
 0.6270000E+01, 0.3479568E+02, 0.2979174E+02, 0.2923561E+02, 0.3022193E+02,
 0.6272000E+01, 0.3481540E+02, 0.2981134E+02, 0.2925430E+02, 0.3024230E+02,
 0.6274000E+01, 0.3483512E+02, 0.2983095E+02, 0.2927300E+02, 0.3026267E+02,
 0.6276000E+01, 0.3485484E+02, 0.2985057E+02, 0.2929170E+02, 0.3028305E+02,
 0.6278000E+01, 0.3487456E+02, 0.2987019E+02, 0.2931041E+02, 0.3030344E+02,
 0.6280000E+01, 0.3489426E+02, 0.2988982E+02, 0.2932913E+02, 0.3032383E+02,
 0.6282000E+01, 0.3491397E+02, 0.2990946E+02, 0.2934785E+02, 0.3034424E+02,
 0.6284000E+01, 0.3493368E+02, 0.2992910E+02, 0.2936658E+02, 0.3036465E+02,
 0.6286000E+01, 0.3495338E+02, 0.2994875E+02, 0.2938531E+02, 0.3038507E+02,
 0.6288000E+01, 0.3497307E+02, 0.2996841E+02, 0.2940406E+02, 0.3040549E+02,
 0.6290000E+01, 0.3499276E+02, 0.2998808E+02, 0.2942280E+02, 0.3042593E+02,
 0.6292000E+01, 0.3501245E+02, 0.3000775E+02, 0.2944156E+02, 0.3044637E+02,
 0.6294000E+01, 0.3503214E+02, 0.3002743E+02, 0.2946032E+02, 0.3046682E+02,
 0.6296000E+01, 0.3505182E+02, 0.3004711E+02, 0.2947908E+02, 0.3048727E+02,
 0.6298000E+01, 0.3507150E+02, 0.3006681E+02, 0.2949785E+02, 0.3050774E+02,
 0.6300000E+01, 0.3509117E+02, 0.3008651E+02, 0.2951663E+02, 0.3052821E+02,
 0.6302000E+01, 0.3511084E+02, 0.3010621E+02, 0.2953541E+02, 0.3054869E+02,
 0.6304000E+01, 0.3513051E+02, 0.3012593E+02, 0.2955420E+02, 0.3056918E+02,
 0.6306000E+01, 0.3515017E+02, 0.3014565E+02, 0.2957300E+02, 0.3058967E+02,
 0.6308000E+01, 0.3516983E+02, 0.3016537E+02, 0.2959180E+02, 0.3061018E+02,
 0.6310000E+01, 0.3518949E+02, 0.3018511E+02, 0.2961061E+02, 0.3063069E+02,
 0.6312000E+01, 0.3520914E+02, 0.3020485E+02, 0.2962942E+02, 0.3065121E+02,
 0.6314000E+01, 0.3522879E+02, 0.3022460E+02, 0.2964824E+02, 0.3067173E+02,
 0.6316000E+01, 0.3524844E+02, 0.3024435E+02, 0.2966707E+02, 0.3069226E+02,
 0.6318000E+01, 0.3526809E+02, 0.3026411E+02, 0.2968590E+02, 0.3071281E+02,
 0.6320000E+01, 0.3528772E+02, 0.3028388E+02, 0.2970474E+02, 0.3073335E+02,
 0.6322000E+01, 0.3530736E+02, 0.3030366E+02, 0.2972358E+02, 0.3075391E+02,
 0.6324000E+01, 0.3532699E+02, 0.3032344E+02, 0.2974243E+02, 0.3077448E+02,
 0.6326000E+01, 0.3534662E+02, 0.3034323E+02, 0.2976129E+02, 0.3079505E+02,
 0.6328000E+01, 0.3536625E+02, 0.3036303E+02, 0.2978015E+02, 0.3081563E+02,
 0.6330000E+01, 0.3538587E+02, 0.3038283E+02, 0.2979902E+02, 0.3083622E+02,
 0.6332000E+01, 0.3540549E+02, 0.3040264E+02, 0.2981789E+02, 0.3085681E+02,
 0.6334000E+01, 0.3542510E+02, 0.3042246E+02, 0.2983677E+02, 0.3087741E+02,
 0.6336000E+01, 0.3544471E+02, 0.3044228E+02, 0.2985566E+02, 0.3089803E+02,
 0.6338000E+01, 0.3546432E+02, 0.3046211E+02, 0.2987455E+02, 0.3091864E+02,
 0.6340000E+01, 0.3548392E+02, 0.3048195E+02, 0.2989345E+02, 0.3093927E+02,
 0.6342000E+01, 0.3550352E+02, 0.3050179E+02, 0.2991236E+02, 0.3095990E+02,
 0.6344000E+01, 0.3552312E+02, 0.3052165E+02, 0.2993127E+02, 0.3098055E+02,
 0.6346000E+01, 0.3554272E+02, 0.3054151E+02, 0.2995019E+02, 0.3100119E+02,
 0.6348000E+01, 0.3556231E+02, 0.3056137E+02, 0.2996911E+02, 0.3102185E+02,
 0.6350000E+01, 0.3558189E+02, 0.3058125E+02, 0.2998804E+02, 0.3104252E+02,
 0.6352000E+01, 0.3560148E+02, 0.3060112E+02, 0.3000698E+02, 0.3106319E+02,
 0.6354000E+01, 0.3562106E+02, 0.3062101E+02, 0.3002592E+02, 0.3108387E+02,
 0.6356000E+01, 0.3564064E+02, 0.3064091E+02, 0.3004486E+02, 0.3110456E+02,
 0.6358000E+01, 0.3566021E+02, 0.3066080E+02, 0.3006382E+02, 0.3112525E+02,
 0.6360000E+01, 0.3567978E+02, 0.3068071E+02, 0.3008278E+02, 0.3114596E+02,
 0.6362000E+01, 0.3569934E+02, 0.3070063E+02, 0.3010174E+02, 0.3116667E+02,
 0.6364000E+01, 0.3571891E+02, 0.3072055E+02, 0.3012072E+02, 0.3118739E+02,
 0.6366000E+01, 0.3573847E+02, 0.3074048E+02, 0.3013969E+02, 0.3120811E+02,
 0.6368000E+01, 0.3575803E+02, 0.3076041E+02, 0.3015868E+02, 0.3122885E+02,
 0.6370000E+01, 0.3577758E+02, 0.3078035E+02, 0.3017767E+02, 0.3124959E+02,
 0.6372000E+01, 0.3579713E+02, 0.3080030E+02, 0.3019666E+02, 0.3127034E+02,
 0.6374000E+01, 0.3581667E+02, 0.3082026E+02, 0.3021567E+02, 0.3129110E+02,
 0.6376000E+01, 0.3583622E+02, 0.3084022E+02, 0.3023468E+02, 0.3131186E+02,
 0.6378000E+01, 0.3585575E+02, 0.3086019E+02, 0.3025369E+02, 0.3133263E+02,
 0.6380000E+01, 0.3587529E+02, 0.3088017E+02, 0.3027271E+02, 0.3135341E+02,
 0.6382000E+01, 0.3589482E+02, 0.3090015E+02, 0.3029174E+02, 0.3137420E+02,
 0.6384000E+01, 0.3591435E+02, 0.3092015E+02, 0.3031077E+02, 0.3139500E+02,
 0.6386000E+01, 0.3593388E+02, 0.3094014E+02, 0.3032981E+02, 0.3141580E+02,
 0.6388000E+01, 0.3595340E+02, 0.3096015E+02, 0.3034886E+02, 0.3143661E+02,
 0.6390000E+01, 0.3597292E+02, 0.3098016E+02, 0.3036791E+02, 0.3145743E+02,
 0.6392000E+01, 0.3599244E+02, 0.3100018E+02, 0.3038697E+02, 0.3147826E+02,
 0.6394000E+01, 0.3601195E+02, 0.3102020E+02, 0.3040603E+02, 0.3149910E+02,
 0.6396000E+01, 0.3603146E+02, 0.3104024E+02, 0.3042510E+02, 0.3151994E+02,
 0.6398000E+01, 0.3605096E+02, 0.3106028E+02, 0.3044418E+02, 0.3154079E+02,
 0.6400000E+01, 0.3607047E+02, 0.3108032E+02, 0.3046326E+02, 0.3156165E+02,
 0.6402000E+01, 0.3608997E+02, 0.3110038E+02, 0.3048235E+02, 0.3158251E+02,
 0.6404000E+01, 0.3610946E+02, 0.3112044E+02, 0.3050144E+02, 0.3160339E+02,
 0.6406000E+01, 0.3612895E+02, 0.3114050E+02, 0.3052054E+02, 0.3162427E+02,
 0.6408000E+01, 0.3614844E+02, 0.3116058E+02, 0.3053965E+02, 0.3164516E+02,
 0.6410000E+01, 0.3616793E+02, 0.3118066E+02, 0.3055876E+02, 0.3166605E+02,
 0.6412000E+01, 0.3618741E+02, 0.3120075E+02, 0.3057788E+02, 0.3168696E+02,
 0.6414000E+01, 0.3620689E+02, 0.3122084E+02, 0.3059700E+02, 0.3170787E+02,
 0.6416000E+01, 0.3622636E+02, 0.3124095E+02, 0.3061613E+02, 0.3172879E+02,
 0.6418000E+01, 0.3624584E+02, 0.3126105E+02, 0.3063527E+02, 0.3174972E+02,
 0.6420000E+01, 0.3626530E+02, 0.3128117E+02, 0.3065441E+02, 0.3177065E+02,
 0.6422000E+01, 0.3628477E+02, 0.3130129E+02, 0.3067356E+02, 0.3179160E+02,
 0.6424000E+01, 0.3630423E+02, 0.3132142E+02, 0.3069272E+02, 0.3181255E+02,
 0.6426000E+01, 0.3632369E+02, 0.3134156E+02, 0.3071188E+02, 0.3183351E+02,
 0.6428000E+01, 0.3634315E+02, 0.3136170E+02, 0.3073104E+02, 0.3185448E+02,
 0.6430000E+01, 0.3636260E+02, 0.3138186E+02, 0.3075022E+02, 0.3187545E+02,
 0.6432000E+01, 0.3638205E+02, 0.3140201E+02, 0.3076940E+02, 0.3189643E+02,
 0.6434000E+01, 0.3640150E+02, 0.3142218E+02, 0.3078858E+02, 0.3191742E+02,
 0.6436000E+01, 0.3642094E+02, 0.3144235E+02, 0.3080778E+02, 0.3193842E+02,
 0.6438000E+01, 0.3644038E+02, 0.3146253E+02, 0.3082697E+02, 0.3195942E+02,
 0.6440000E+01, 0.3645981E+02, 0.3148271E+02, 0.3084618E+02, 0.3198044E+02,
 0.6442000E+01, 0.3647924E+02, 0.3150291E+02, 0.3086539E+02, 0.3200146E+02,
 0.6444000E+01, 0.3649867E+02, 0.3152311E+02, 0.3088460E+02, 0.3202249E+02,
 0.6446000E+01, 0.3651810E+02, 0.3154331E+02, 0.3090383E+02, 0.3204352E+02,
 0.6448000E+01, 0.3653752E+02, 0.3156353E+02, 0.3092305E+02, 0.3206457E+02,
 0.6450000E+01, 0.3655694E+02, 0.3158375E+02, 0.3094229E+02, 0.3208562E+02,
 0.6452000E+01, 0.3657636E+02, 0.3160397E+02, 0.3096153E+02, 0.3210668E+02,
 0.6454000E+01, 0.3659577E+02, 0.3162421E+02, 0.3098078E+02, 0.3212775E+02,
 0.6456000E+01, 0.3661518E+02, 0.3164445E+02, 0.3100003E+02, 0.3214882E+02,
 0.6458000E+01, 0.3663459E+02, 0.3166470E+02, 0.3101929E+02, 0.3216990E+02,
 0.6460000E+01, 0.3665399E+02, 0.3168495E+02, 0.3103855E+02, 0.3219099E+02,
 0.6462000E+01, 0.3667339E+02, 0.3170521E+02, 0.3105782E+02, 0.3221209E+02,
 0.6464000E+01, 0.3669278E+02, 0.3172548E+02, 0.3107710E+02, 0.3223320E+02,
 0.6466000E+01, 0.3671218E+02, 0.3174576E+02, 0.3109638E+02, 0.3225431E+02,
 0.6468000E+01, 0.3673157E+02, 0.3176604E+02, 0.3111567E+02, 0.3227543E+02,
 0.6470000E+01, 0.3675095E+02, 0.3178633E+02, 0.3113497E+02, 0.3229656E+02,
 0.6472000E+01, 0.3677034E+02, 0.3180663E+02, 0.3115427E+02, 0.3231770E+02,
 0.6474000E+01, 0.3678971E+02, 0.3182693E+02, 0.3117357E+02, 0.3233884E+02,
 0.6476000E+01, 0.3680909E+02, 0.3184724E+02, 0.3119289E+02, 0.3236000E+02,
 0.6478000E+01, 0.3682846E+02, 0.3186756E+02, 0.3121221E+02, 0.3238116E+02,
 0.6480000E+01, 0.3684783E+02, 0.3188788E+02, 0.3123153E+02, 0.3240232E+02,
 0.6482000E+01, 0.3686720E+02, 0.3190821E+02, 0.3125086E+02, 0.3242350E+02,
 0.6484000E+01, 0.3688656E+02, 0.3192855E+02, 0.3127020E+02, 0.3244468E+02,
 0.6486000E+01, 0.3690592E+02, 0.3194890E+02, 0.3128955E+02, 0.3246587E+02,
 0.6488000E+01, 0.3692528E+02, 0.3196925E+02, 0.3130890E+02, 0.3248707E+02,
 0.6490000E+01, 0.3694463E+02, 0.3198961E+02, 0.3132825E+02, 0.3250828E+02,
 0.6492000E+01, 0.3696398E+02, 0.3200998E+02, 0.3134761E+02, 0.3252949E+02,
 0.6494000E+01, 0.3698333E+02, 0.3203035E+02, 0.3136698E+02, 0.3255071E+02,
 0.6496000E+01, 0.3700267E+02, 0.3205073E+02, 0.3138635E+02, 0.3257194E+02,
 0.6498000E+01, 0.3702201E+02, 0.3207111E+02, 0.3140574E+02, 0.3259318E+02,
 0.6500000E+01, 0.3704135E+02, 0.3209151E+02, 0.3142512E+02, 0.3261442E+02,
 0.6502000E+01, 0.3706068E+02, 0.3211191E+02, 0.3144451E+02, 0.3263568E+02,
 0.6504000E+01, 0.3708001E+02, 0.3213231E+02, 0.3146391E+02, 0.3265694E+02,
 0.6506000E+01, 0.3709934E+02, 0.3215273E+02, 0.3148331E+02, 0.3267820E+02,
 0.6508000E+01, 0.3711866E+02, 0.3217315E+02, 0.3150272E+02, 0.3269948E+02,
 0.6510000E+01, 0.3713799E+02, 0.3219358E+02, 0.3152214E+02, 0.3272076E+02,
 0.6512000E+01, 0.3715730E+02, 0.3221401E+02, 0.3154156E+02, 0.3274205E+02,
 0.6514000E+01, 0.3717662E+02, 0.3223446E+02, 0.3156099E+02, 0.3276335E+02,
 0.6516000E+01, 0.3719593E+02, 0.3225490E+02, 0.3158043E+02, 0.3278466E+02,
 0.6518000E+01, 0.3721523E+02, 0.3227536E+02, 0.3159986E+02, 0.3280597E+02,
 0.6520000E+01, 0.3723454E+02, 0.3229582E+02, 0.3161931E+02, 0.3282729E+02,
 0.6522000E+01, 0.3725384E+02, 0.3231629E+02, 0.3163876E+02, 0.3284863E+02,
 0.6524000E+01, 0.3727314E+02, 0.3233677E+02, 0.3165822E+02, 0.3286996E+02,
 0.6526000E+01, 0.3729243E+02, 0.3235725E+02, 0.3167769E+02, 0.3289130E+02,
 0.6528000E+01, 0.3731172E+02, 0.3237774E+02, 0.3169716E+02, 0.3291266E+02,
 0.6530000E+01, 0.3733101E+02, 0.3239824E+02, 0.3171663E+02, 0.3293402E+02,
 0.6532000E+01, 0.3735029E+02, 0.3241874E+02, 0.3173611E+02, 0.3295538E+02,
 0.6534000E+01, 0.3736957E+02, 0.3243925E+02, 0.3175560E+02, 0.3297676E+02,
 0.6536000E+01, 0.3738885E+02, 0.3245977E+02, 0.3177510E+02, 0.3299814E+02,
 0.6538000E+01, 0.3740812E+02, 0.3248029E+02, 0.3179460E+02, 0.3301954E+02,
 0.6540000E+01, 0.3742739E+02, 0.3250082E+02, 0.3181410E+02, 0.3304093E+02,
 0.6542000E+01, 0.3744666E+02, 0.3252136E+02, 0.3183362E+02, 0.3306234E+02,
 0.6544000E+01, 0.3746593E+02, 0.3254190E+02, 0.3185313E+02, 0.3308375E+02,
 0.6546000E+01, 0.3748519E+02, 0.3256245E+02, 0.3187266E+02, 0.3310517E+02,
 0.6548000E+01, 0.3750445E+02, 0.3258301E+02, 0.3189219E+02, 0.3312660E+02,
 0.6550000E+01, 0.3752370E+02, 0.3260358E+02, 0.3191172E+02, 0.3314804E+02,
 0.6552000E+01, 0.3754295E+02, 0.3262415E+02, 0.3193127E+02, 0.3316948E+02,
 0.6554000E+01, 0.3756220E+02, 0.3264473E+02, 0.3195081E+02, 0.3319093E+02,
 0.6556000E+01, 0.3758144E+02, 0.3266531E+02, 0.3197037E+02, 0.3321239E+02,
 0.6558000E+01, 0.3760069E+02, 0.3268591E+02, 0.3198993E+02, 0.3323386E+02,
 0.6560000E+01, 0.3761992E+02, 0.3270650E+02, 0.3200949E+02, 0.3325533E+02,
 0.6562000E+01, 0.3763916E+02, 0.3272711E+02, 0.3202906E+02, 0.3327682E+02,
 0.6564000E+01, 0.3765839E+02, 0.3274772E+02, 0.3204864E+02, 0.3329831E+02,
 0.6566000E+01, 0.3767762E+02, 0.3276834E+02, 0.3206823E+02, 0.3331981E+02,
 0.6568000E+01, 0.3769684E+02, 0.3278897E+02, 0.3208782E+02, 0.3334131E+02,
 0.6570000E+01, 0.3771606E+02, 0.3280960E+02, 0.3210741E+02, 0.3336282E+02,
 0.6572000E+01, 0.3773528E+02, 0.3283024E+02, 0.3212701E+02, 0.3338434E+02,
 0.6574000E+01, 0.3775450E+02, 0.3285089E+02, 0.3214662E+02, 0.3340587E+02,
 0.6576000E+01, 0.3777371E+02, 0.3287154E+02, 0.3216623E+02, 0.3342741E+02,
 0.6578000E+01, 0.3779292E+02, 0.3289220E+02, 0.3218585E+02, 0.3344895E+02,
 0.6580000E+01, 0.3781212E+02, 0.3291287E+02, 0.3220548E+02, 0.3347050E+02,
 0.6582000E+01, 0.3783133E+02, 0.3293354E+02, 0.3222511E+02, 0.3349206E+02,
 0.6584000E+01, 0.3785052E+02, 0.3295423E+02, 0.3224475E+02, 0.3351362E+02,
 0.6586000E+01, 0.3786972E+02, 0.3297491E+02, 0.3226439E+02, 0.3353519E+02,
 0.6588000E+01, 0.3788891E+02, 0.3299561E+02, 0.3228404E+02, 0.3355678E+02,
 0.6590000E+01, 0.3790810E+02, 0.3301631E+02, 0.3230369E+02, 0.3357837E+02,
 0.6592000E+01, 0.3792728E+02, 0.3303702E+02, 0.3232335E+02, 0.3359996E+02,
 0.6594000E+01, 0.3794647E+02, 0.3305773E+02, 0.3234302E+02, 0.3362157E+02,
 0.6596000E+01, 0.3796564E+02, 0.3307845E+02, 0.3236269E+02, 0.3364318E+02,
 0.6598000E+01, 0.3798482E+02, 0.3309918E+02, 0.3238237E+02, 0.3366479E+02,
 0.6600000E+01, 0.3800399E+02, 0.3311992E+02, 0.3240205E+02, 0.3368642E+02,
 0.6602000E+01, 0.3802316E+02, 0.3314066E+02, 0.3242175E+02, 0.3370805E+02,
 0.6604000E+01, 0.3804233E+02, 0.3316140E+02, 0.3244144E+02, 0.3372969E+02,
 0.6606000E+01, 0.3806149E+02, 0.3318216E+02, 0.3246114E+02, 0.3375135E+02,
 0.6608000E+01, 0.3808065E+02, 0.3320292E+02, 0.3248085E+02, 0.3377300E+02,
 0.6610000E+01, 0.3809980E+02, 0.3322369E+02, 0.3250056E+02, 0.3379467E+02,
 0.6612000E+01, 0.3811895E+02, 0.3324446E+02, 0.3252028E+02, 0.3381634E+02,
 0.6614000E+01, 0.3813810E+02, 0.3326525E+02, 0.3254001E+02, 0.3383802E+02,
 0.6616000E+01, 0.3815725E+02, 0.3328604E+02, 0.3255974E+02, 0.3385970E+02,
 0.6618000E+01, 0.3817639E+02, 0.3330683E+02, 0.3257948E+02, 0.3388140E+02,
 0.6620000E+01, 0.3819553E+02, 0.3332763E+02, 0.3259922E+02, 0.3390310E+02,
 0.6622000E+01, 0.3821466E+02, 0.3334844E+02, 0.3261897E+02, 0.3392480E+02,
 0.6624000E+01, 0.3823380E+02, 0.3336926E+02, 0.3263872E+02, 0.3394652E+02,
 0.6626000E+01, 0.3825292E+02, 0.3339008E+02, 0.3265848E+02, 0.3396825E+02,
 0.6628000E+01, 0.3827205E+02, 0.3341091E+02, 0.3267825E+02, 0.3398998E+02,
 0.6630000E+01, 0.3829117E+02, 0.3343174E+02, 0.3269802E+02, 0.3401172E+02,
 0.6632000E+01, 0.3831029E+02, 0.3345258E+02, 0.3271780E+02, 0.3403346E+02,
 0.6634000E+01, 0.3832940E+02, 0.3347343E+02, 0.3273758E+02, 0.3405522E+02,
 0.6636000E+01, 0.3834851E+02, 0.3349429E+02, 0.3275737E+02, 0.3407698E+02,
 0.6638000E+01, 0.3836762E+02, 0.3351515E+02, 0.3277716E+02, 0.3409875E+02,
 0.6640000E+01, 0.3838673E+02, 0.3353602E+02, 0.3279697E+02, 0.3412052E+02,
 0.6642000E+01, 0.3840583E+02, 0.3355690E+02, 0.3281677E+02, 0.3414231E+02,
 0.6644000E+01, 0.3842493E+02, 0.3357778E+02, 0.3283659E+02, 0.3416410E+02,
 0.6646000E+01, 0.3844402E+02, 0.3359866E+02, 0.3285640E+02, 0.3418590E+02,
 0.6648000E+01, 0.3846312E+02, 0.3361956E+02, 0.3287622E+02, 0.3420770E+02,
 0.6650000E+01, 0.3848220E+02, 0.3364046E+02, 0.3289606E+02, 0.3422952E+02,
 0.6652000E+01, 0.3850129E+02, 0.3366137E+02, 0.3291589E+02, 0.3425134E+02,
 0.6654000E+01, 0.3852037E+02, 0.3368229E+02, 0.3293573E+02, 0.3427317E+02,
 0.6656000E+01, 0.3853945E+02, 0.3370321E+02, 0.3295558E+02, 0.3429500E+02,
 0.6658000E+01, 0.3855852E+02, 0.3372414E+02, 0.3297543E+02, 0.3431684E+02,
 0.6660000E+01, 0.3857759E+02, 0.3374507E+02, 0.3299529E+02, 0.3433870E+02,
 0.6662000E+01, 0.3859666E+02, 0.3376601E+02, 0.3301516E+02, 0.3436055E+02,
 0.6664000E+01, 0.3861573E+02, 0.3378696E+02, 0.3303502E+02, 0.3438242E+02,
 0.6666000E+01, 0.3863478E+02, 0.3380791E+02, 0.3305490E+02, 0.3440429E+02,
 0.6668000E+01, 0.3865384E+02, 0.3382888E+02, 0.3307478E+02, 0.3442617E+02,
 0.6670000E+01, 0.3867290E+02, 0.3384984E+02, 0.3309467E+02, 0.3444806E+02,
 0.6672000E+01, 0.3869195E+02, 0.3387082E+02, 0.3311456E+02, 0.3446995E+02,
 0.6674000E+01, 0.3871099E+02, 0.3389180E+02, 0.3313446E+02, 0.3449186E+02,
 0.6676000E+01, 0.3873004E+02, 0.3391278E+02, 0.3315436E+02, 0.3451376E+02,
 0.6678000E+01, 0.3874908E+02, 0.3393378E+02, 0.3317427E+02, 0.3453568E+02,
 0.6680000E+01, 0.3876812E+02, 0.3395478E+02, 0.3319419E+02, 0.3455761E+02,
 0.6682000E+01, 0.3878715E+02, 0.3397579E+02, 0.3321411E+02, 0.3457954E+02,
 0.6684000E+01, 0.3880618E+02, 0.3399680E+02, 0.3323404E+02, 0.3460147E+02,
 0.6686000E+01, 0.3882521E+02, 0.3401782E+02, 0.3325397E+02, 0.3462342E+02,
 0.6688000E+01, 0.3884423E+02, 0.3403885E+02, 0.3327391E+02, 0.3464537E+02,
 0.6690000E+01, 0.3886325E+02, 0.3405988E+02, 0.3329385E+02, 0.3466734E+02,
 0.6692000E+01, 0.3888227E+02, 0.3408092E+02, 0.3331380E+02, 0.3468930E+02,
 0.6694000E+01, 0.3890128E+02, 0.3410197E+02, 0.3333376E+02, 0.3471128E+02,
 0.6696000E+01, 0.3892029E+02, 0.3412302E+02, 0.3335372E+02, 0.3473326E+02,
 0.6698000E+01, 0.3893930E+02, 0.3414408E+02, 0.3337368E+02, 0.3475525E+02,
 0.6700000E+01, 0.3895830E+02, 0.3416515E+02, 0.3339365E+02, 0.3477725E+02,
 0.6702000E+01, 0.3897730E+02, 0.3418622E+02, 0.3341363E+02, 0.3479926E+02,
 0.6704000E+01, 0.3899630E+02, 0.3420729E+02, 0.3343362E+02, 0.3482127E+02,
 0.6706000E+01, 0.3901529E+02, 0.3422838E+02, 0.3345361E+02, 0.3484328E+02,
 0.6708000E+01, 0.3903428E+02, 0.3424947E+02, 0.3347360E+02, 0.3486531E+02,
 0.6710000E+01, 0.3905326E+02, 0.3427057E+02, 0.3349360E+02, 0.3488734E+02,
 0.6712000E+01, 0.3907224E+02, 0.3429168E+02, 0.3351361E+02, 0.3490939E+02,
 0.6714000E+01, 0.3909122E+02, 0.3431279E+02, 0.3353362E+02, 0.3493143E+02,
 0.6716000E+01, 0.3911020E+02, 0.3433390E+02, 0.3355363E+02, 0.3495349E+02,
 0.6718000E+01, 0.3912917E+02, 0.3435503E+02, 0.3357366E+02, 0.3497555E+02,
 0.6720000E+01, 0.3914814E+02, 0.3437616E+02, 0.3359369E+02, 0.3499762E+02,
 0.6722000E+01, 0.3916710E+02, 0.3439729E+02, 0.3361372E+02, 0.3501970E+02,
 0.6724000E+01, 0.3918606E+02, 0.3441844E+02, 0.3363376E+02, 0.3504179E+02,
 0.6726000E+01, 0.3920502E+02, 0.3443959E+02, 0.3365380E+02, 0.3506388E+02,
 0.6728000E+01, 0.3922397E+02, 0.3446074E+02, 0.3367385E+02, 0.3508598E+02,
 0.6730000E+01, 0.3924292E+02, 0.3448190E+02, 0.3369391E+02, 0.3510808E+02,
 0.6732000E+01, 0.3926187E+02, 0.3450307E+02, 0.3371397E+02, 0.3513020E+02,
 0.6734000E+01, 0.3928082E+02, 0.3452425E+02, 0.3373404E+02, 0.3515231E+02,
 0.6736000E+01, 0.3929976E+02, 0.3454543E+02, 0.3375411E+02, 0.3517444E+02,
 0.6738000E+01, 0.3931869E+02, 0.3456662E+02, 0.3377419E+02, 0.3519658E+02,
 0.6740000E+01, 0.3933762E+02, 0.3458781E+02, 0.3379427E+02, 0.3521872E+02,
 0.6742000E+01, 0.3935656E+02, 0.3460901E+02, 0.3381436E+02, 0.3524087E+02,
 0.6744000E+01, 0.3937548E+02, 0.3463022E+02, 0.3383445E+02, 0.3526302E+02,
 0.6746000E+01, 0.3939440E+02, 0.3465143E+02, 0.3385455E+02, 0.3528519E+02,
 0.6748000E+01, 0.3941332E+02, 0.3467265E+02, 0.3387466E+02, 0.3530736E+02,
 0.6750000E+01, 0.3943224E+02, 0.3469388E+02, 0.3389477E+02, 0.3532954E+02,
 0.6752000E+01, 0.3945115E+02, 0.3471511E+02, 0.3391489E+02, 0.3535172E+02,
 0.6754000E+01, 0.3947006E+02, 0.3473635E+02, 0.3393501E+02, 0.3537391E+02,
 0.6756000E+01, 0.3948896E+02, 0.3475759E+02, 0.3395514E+02, 0.3539611E+02,
 0.6758000E+01, 0.3950786E+02, 0.3477884E+02, 0.3397527E+02, 0.3541832E+02,
 0.6760000E+01, 0.3952676E+02, 0.3480010E+02, 0.3399540E+02, 0.3544053E+02,
 0.6762000E+01, 0.3954565E+02, 0.3482137E+02, 0.3401555E+02, 0.3546275E+02,
 0.6764000E+01, 0.3956454E+02, 0.3484263E+02, 0.3403570E+02, 0.3548498E+02,
 0.6766000E+01, 0.3958343E+02, 0.3486391E+02, 0.3405585E+02, 0.3550721E+02,
 0.6768000E+01, 0.3960232E+02, 0.3488519E+02, 0.3407601E+02, 0.3552945E+02,
 0.6770000E+01, 0.3962120E+02, 0.3490648E+02, 0.3409618E+02, 0.3555170E+02,
 0.6772000E+01, 0.3964007E+02, 0.3492778E+02, 0.3411635E+02, 0.3557396E+02,
 0.6774000E+01, 0.3965894E+02, 0.3494908E+02, 0.3413652E+02, 0.3559622E+02,
 0.6776000E+01, 0.3967781E+02, 0.3497038E+02, 0.3415670E+02, 0.3561849E+02,
 0.6778000E+01, 0.3969668E+02, 0.3499170E+02, 0.3417689E+02, 0.3564077E+02,
 0.6780000E+01, 0.3971554E+02, 0.3501302E+02, 0.3419708E+02, 0.3566305E+02,
 0.6782000E+01, 0.3973440E+02, 0.3503434E+02, 0.3421728E+02, 0.3568534E+02,
 0.6784000E+01, 0.3975325E+02, 0.3505568E+02, 0.3423748E+02, 0.3570764E+02,
 0.6786000E+01, 0.3977211E+02, 0.3507701E+02, 0.3425769E+02, 0.3572994E+02,
 0.6788000E+01, 0.3979095E+02, 0.3509836E+02, 0.3427790E+02, 0.3575225E+02,
 0.6790000E+01, 0.3980980E+02, 0.3511971E+02, 0.3429813E+02, 0.3577457E+02,
 0.6792000E+01, 0.3982864E+02, 0.3514107E+02, 0.3431835E+02, 0.3579690E+02,
 0.6794000E+01, 0.3984747E+02, 0.3516243E+02, 0.3433858E+02, 0.3581923E+02,
 0.6796000E+01, 0.3986631E+02, 0.3518380E+02, 0.3435881E+02, 0.3584157E+02,
 0.6798000E+01, 0.3988514E+02, 0.3520518E+02, 0.3437906E+02, 0.3586391E+02,
 0.6800000E+01, 0.3990396E+02, 0.3522656E+02, 0.3439930E+02, 0.3588627E+02,
 0.6802000E+01, 0.3992278E+02, 0.3524794E+02, 0.3441955E+02, 0.3590863E+02,
 0.6804000E+01, 0.3994160E+02, 0.3526934E+02, 0.3443981E+02, 0.3593100E+02,
 0.6806000E+01, 0.3996041E+02, 0.3529074E+02, 0.3446007E+02, 0.3595337E+02,
 0.6808000E+01, 0.3997923E+02, 0.3531215E+02, 0.3448034E+02, 0.3597575E+02,
 0.6810000E+01, 0.3999804E+02, 0.3533356E+02, 0.3450061E+02, 0.3599814E+02,
 0.6812000E+01, 0.4001684E+02, 0.3535498E+02, 0.3452089E+02, 0.3602053E+02,
 0.6814000E+01, 0.4003564E+02, 0.3537640E+02, 0.3454116E+02, 0.3604293E+02,
 0.6816000E+01, 0.4005444E+02, 0.3539783E+02, 0.3456145E+02, 0.3606535E+02,
 0.6818000E+01, 0.4007323E+02, 0.3541927E+02, 0.3458175E+02, 0.3608776E+02,
 0.6820000E+01, 0.4009201E+02, 0.3544071E+02, 0.3460204E+02, 0.3611018E+02,
 0.6822000E+01, 0.4011080E+02, 0.3546216E+02, 0.3462235E+02, 0.3613261E+02,
 0.6824000E+01, 0.4012958E+02, 0.3548361E+02, 0.3464266E+02, 0.3615505E+02,
 0.6826000E+01, 0.4014836E+02, 0.3550507E+02, 0.3466297E+02, 0.3617749E+02,
 0.6828000E+01, 0.4016713E+02, 0.3552654E+02, 0.3468329E+02, 0.3619994E+02,
 0.6830000E+01, 0.4018591E+02, 0.3554802E+02, 0.3470361E+02, 0.3622240E+02,
 0.6832000E+01, 0.4020467E+02, 0.3556949E+02, 0.3472394E+02, 0.3624486E+02,
 0.6834000E+01, 0.4022343E+02, 0.3559098E+02, 0.3474428E+02, 0.3626733E+02,
 0.6836000E+01, 0.4024220E+02, 0.3561247E+02, 0.3476462E+02, 0.3628981E+02,
 0.6838000E+01, 0.4026095E+02, 0.3563396E+02, 0.3478496E+02, 0.3631229E+02,
 0.6840000E+01, 0.4027970E+02, 0.3565547E+02, 0.3480531E+02, 0.3633478E+02,
 0.6842000E+01, 0.4029845E+02, 0.3567698E+02, 0.3482567E+02, 0.3635728E+02,
 0.6844000E+01, 0.4031720E+02, 0.3569849E+02, 0.3484603E+02, 0.3637978E+02,
 0.6846000E+01, 0.4033593E+02, 0.3572001E+02, 0.3486639E+02, 0.3640229E+02,
 0.6848000E+01, 0.4035467E+02, 0.3574154E+02, 0.3488676E+02, 0.3642481E+02,
 0.6850000E+01, 0.4037341E+02, 0.3576307E+02, 0.3490714E+02, 0.3644733E+02,
 0.6852000E+01, 0.4039214E+02, 0.3578461E+02, 0.3492752E+02, 0.3646986E+02,
 0.6854000E+01, 0.4041086E+02, 0.3580616E+02, 0.3494791E+02, 0.3649240E+02,
 0.6856000E+01, 0.4042958E+02, 0.3582771E+02, 0.3496830E+02, 0.3651495E+02,
 0.6858000E+01, 0.4044830E+02, 0.3584926E+02, 0.3498869E+02, 0.3653750E+02,
 0.6860000E+01, 0.4046701E+02, 0.3587083E+02, 0.3500909E+02, 0.3656005E+02,
 0.6862000E+01, 0.4048573E+02, 0.3589240E+02, 0.3502950E+02, 0.3658262E+02,
 0.6864000E+01, 0.4050443E+02, 0.3591397E+02, 0.3504991E+02, 0.3660519E+02,
 0.6866000E+01, 0.4052313E+02, 0.3593555E+02, 0.3507033E+02, 0.3662777E+02,
 0.6868000E+01, 0.4054183E+02, 0.3595713E+02, 0.3509075E+02, 0.3665036E+02,
 0.6870000E+01, 0.4056053E+02, 0.3597873E+02, 0.3511118E+02, 0.3667295E+02,
 0.6872000E+01, 0.4057922E+02, 0.3600032E+02, 0.3513161E+02, 0.3669555E+02,
 0.6874000E+01, 0.4059791E+02, 0.3602193E+02, 0.3515204E+02, 0.3671815E+02,
 0.6876000E+01, 0.4061659E+02, 0.3604354E+02, 0.3517249E+02, 0.3674076E+02,
 0.6878000E+01, 0.4063527E+02, 0.3606515E+02, 0.3519293E+02, 0.3676338E+02,
 0.6880000E+01, 0.4065395E+02, 0.3608677E+02, 0.3521338E+02, 0.3678600E+02,
 0.6882000E+01, 0.4067262E+02, 0.3610840E+02, 0.3523384E+02, 0.3680863E+02,
 0.6884000E+01, 0.4069129E+02, 0.3613003E+02, 0.3525430E+02, 0.3683127E+02,
 0.6886000E+01, 0.4070995E+02, 0.3615167E+02, 0.3527477E+02, 0.3685391E+02,
 0.6888000E+01, 0.4072861E+02, 0.3617331E+02, 0.3529524E+02, 0.3687656E+02,
 0.6890000E+01, 0.4074727E+02, 0.3619497E+02, 0.3531572E+02, 0.3689922E+02,
 0.6892000E+01, 0.4076592E+02, 0.3621662E+02, 0.3533620E+02, 0.3692188E+02,
 0.6894000E+01, 0.4078457E+02, 0.3623828E+02, 0.3535668E+02, 0.3694455E+02,
 0.6896000E+01, 0.4080322E+02, 0.3625995E+02, 0.3537717E+02, 0.3696723E+02,
 0.6898000E+01, 0.4082186E+02, 0.3628162E+02, 0.3539767E+02, 0.3698991E+02,
 0.6900000E+01, 0.4084050E+02, 0.3630330E+02, 0.3541817E+02, 0.3701260E+02,
 0.6902000E+01, 0.4085913E+02, 0.3632499E+02, 0.3543867E+02, 0.3703530E+02,
 0.6904000E+01, 0.4087776E+02, 0.3634668E+02, 0.3545919E+02, 0.3705800E+02,
 0.6906000E+01, 0.4089639E+02, 0.3636837E+02, 0.3547970E+02, 0.3708071E+02,
 0.6908000E+01, 0.4091501E+02, 0.3639007E+02, 0.3550022E+02, 0.3710343E+02,
 0.6910000E+01, 0.4093362E+02, 0.3641178E+02, 0.3552075E+02, 0.3712615E+02,
 0.6912000E+01, 0.4095224E+02, 0.3643349E+02, 0.3554128E+02, 0.3714888E+02,
 0.6914000E+01, 0.4097085E+02, 0.3645521E+02, 0.3556181E+02, 0.3717162E+02,
 0.6916000E+01, 0.4098946E+02, 0.3647694E+02, 0.3558235E+02, 0.3719436E+02,
 0.6918000E+01, 0.4100806E+02, 0.3649866E+02, 0.3560290E+02, 0.3721710E+02,
 0.6920000E+01, 0.4102666E+02, 0.3652040E+02, 0.3562345E+02, 0.3723986E+02,
 0.6922000E+01, 0.4104525E+02, 0.3654214E+02, 0.3564400E+02, 0.3726262E+02,
 0.6924000E+01, 0.4106384E+02, 0.3656389E+02, 0.3566456E+02, 0.3728539E+02,
 0.6926000E+01, 0.4108243E+02, 0.3658564E+02, 0.3568512E+02, 0.3730816E+02,
 0.6928000E+01, 0.4110101E+02, 0.3660740E+02, 0.3570569E+02, 0.3733094E+02,
 0.6930000E+01, 0.4111959E+02, 0.3662916E+02, 0.3572626E+02, 0.3735373E+02,
 0.6932000E+01, 0.4113816E+02, 0.3665093E+02, 0.3574684E+02, 0.3737652E+02,
 0.6934000E+01, 0.4115673E+02, 0.3667271E+02, 0.3576743E+02, 0.3739932E+02,
 0.6936000E+01, 0.4117530E+02, 0.3669448E+02, 0.3578801E+02, 0.3742212E+02,
 0.6938000E+01, 0.4119386E+02, 0.3671627E+02, 0.3580861E+02, 0.3744493E+02,
 0.6940000E+01, 0.4121242E+02, 0.3673806E+02, 0.3582920E+02, 0.3746775E+02,
 0.6942000E+01, 0.4123098E+02, 0.3675986E+02, 0.3584980E+02, 0.3749058E+02,
 0.6944000E+01, 0.4124953E+02, 0.3678166E+02, 0.3587041E+02, 0.3751341E+02,
 0.6946000E+01, 0.4126807E+02, 0.3680347E+02, 0.3589102E+02, 0.3753624E+02,
 0.6948000E+01, 0.4128662E+02, 0.3682528E+02, 0.3591164E+02, 0.3755909E+02,
 0.6950000E+01, 0.4130516E+02, 0.3684710E+02, 0.3593226E+02, 0.3758194E+02,
 0.6952000E+01, 0.4132369E+02, 0.3686893E+02, 0.3595288E+02, 0.3760479E+02,
 0.6954000E+01, 0.4134222E+02, 0.3689076E+02, 0.3597351E+02, 0.3762766E+02,
 0.6956000E+01, 0.4136075E+02, 0.3691259E+02, 0.3599415E+02, 0.3765052E+02,
 0.6958000E+01, 0.4137927E+02, 0.3693443E+02, 0.3601479E+02, 0.3767340E+02,
 0.6960000E+01, 0.4139779E+02, 0.3695628E+02, 0.3603543E+02, 0.3769628E+02,
 0.6962000E+01, 0.4141631E+02, 0.3697813E+02, 0.3605608E+02, 0.3771917E+02,
 0.6964000E+01, 0.4143481E+02, 0.3699999E+02, 0.3607673E+02, 0.3774206E+02,
 0.6966000E+01, 0.4145332E+02, 0.3702185E+02, 0.3609739E+02, 0.3776496E+02,
 0.6968000E+01, 0.4147182E+02, 0.3704372E+02, 0.3611805E+02, 0.3778786E+02,
 0.6970000E+01, 0.4149032E+02, 0.3706559E+02, 0.3613872E+02, 0.3781077E+02,
 0.6972000E+01, 0.4150882E+02, 0.3708747E+02, 0.3615939E+02, 0.3783369E+02,
 0.6974000E+01, 0.4152731E+02, 0.3710936E+02, 0.3618007E+02, 0.3785661E+02,
 0.6976000E+01, 0.4154579E+02, 0.3713124E+02, 0.3620075E+02, 0.3787954E+02,
 0.6978000E+01, 0.4156427E+02, 0.3715314E+02, 0.3622144E+02, 0.3790248E+02,
 0.6980000E+01, 0.4158275E+02, 0.3717504E+02, 0.3624213E+02, 0.3792542E+02,
 0.6982000E+01, 0.4160122E+02, 0.3719695E+02, 0.3626282E+02, 0.3794837E+02,
 0.6984000E+01, 0.4161969E+02, 0.3721886E+02, 0.3628352E+02, 0.3797132E+02,
 0.6986000E+01, 0.4163816E+02, 0.3724077E+02, 0.3630422E+02, 0.3799429E+02,
 0.6988000E+01, 0.4165662E+02, 0.3726269E+02, 0.3632493E+02, 0.3801725E+02,
 0.6990000E+01, 0.4167508E+02, 0.3728462E+02, 0.3634564E+02, 0.3804023E+02,
 0.6992000E+01, 0.4169353E+02, 0.3730655E+02, 0.3636636E+02, 0.3806320E+02,
 0.6994000E+01, 0.4171198E+02, 0.3732849E+02, 0.3638708E+02, 0.3808619E+02,
 0.6996000E+01, 0.4173042E+02, 0.3735043E+02, 0.3640781E+02, 0.3810918E+02,
 0.6998000E+01, 0.4174886E+02, 0.3737238E+02, 0.3642854E+02, 0.3813218E+02,
 0.7000000E+01, 0.4176730E+02, 0.3739433E+02, 0.3644927E+02, 0.3815518E+02,
 0.7002000E+01, 0.4178573E+02, 0.3741629E+02, 0.3647001E+02, 0.3817819E+02,
 0.7004000E+01, 0.4180416E+02, 0.3743826E+02, 0.3649075E+02, 0.3820120E+02,
 0.7006000E+01, 0.4182258E+02, 0.3746022E+02, 0.3651150E+02, 0.3822422E+02,
 0.7008000E+01, 0.4184100E+02, 0.3748220E+02, 0.3653225E+02, 0.3824725E+02,
 0.7010000E+01, 0.4185942E+02, 0.3750418E+02, 0.3655301E+02, 0.3827028E+02,
 0.7012000E+01, 0.4187783E+02, 0.3752616E+02, 0.3657377E+02, 0.3829332E+02,
 0.7014000E+01, 0.4189624E+02, 0.3754815E+02, 0.3659454E+02, 0.3831636E+02,
 0.7016000E+01, 0.4191464E+02, 0.3757014E+02, 0.3661531E+02, 0.3833941E+02,
 0.7018000E+01, 0.4193304E+02, 0.3759214E+02, 0.3663608E+02, 0.3836247E+02,
 0.7020000E+01, 0.4195143E+02, 0.3761415E+02, 0.3665686E+02, 0.3838553E+02,
 0.7022000E+01, 0.4196982E+02, 0.3763616E+02, 0.3667764E+02, 0.3840860E+02,
 0.7024000E+01, 0.4198821E+02, 0.3765817E+02, 0.3669843E+02, 0.3843167E+02,
 0.7026000E+01, 0.4200659E+02, 0.3768019E+02, 0.3671922E+02, 0.3845475E+02,
 0.7028000E+01, 0.4202497E+02, 0.3770222E+02, 0.3674002E+02, 0.3847784E+02,
 0.7030000E+01, 0.4204334E+02, 0.3772425E+02, 0.3676082E+02, 0.3850093E+02,
 0.7032000E+01, 0.4206171E+02, 0.3774628E+02, 0.3678162E+02, 0.3852403E+02,
 0.7034000E+01, 0.4208007E+02, 0.3776833E+02, 0.3680243E+02, 0.3854713E+02,
 0.7036000E+01, 0.4209843E+02, 0.3779037E+02, 0.3682325E+02, 0.3857024E+02,
 0.7038000E+01, 0.4211679E+02, 0.3781242E+02, 0.3684406E+02, 0.3859335E+02,
 0.7040000E+01, 0.4213514E+02, 0.3783448E+02, 0.3686488E+02, 0.3861647E+02,
 0.7042000E+01, 0.4215349E+02, 0.3785654E+02, 0.3688571E+02, 0.3863960E+02,
 0.7044000E+01, 0.4217183E+02, 0.3787860E+02, 0.3690654E+02, 0.3866273E+02,
 0.7046000E+01, 0.4219017E+02, 0.3790067E+02, 0.3692737E+02, 0.3868587E+02,
 0.7048000E+01, 0.4220850E+02, 0.3792275E+02, 0.3694821E+02, 0.3870901E+02,
 0.7050000E+01, 0.4222683E+02, 0.3794483E+02, 0.3696906E+02, 0.3873216E+02,
 0.7052000E+01, 0.4224516E+02, 0.3796692E+02, 0.3698990E+02, 0.3875532E+02,
 0.7054000E+01, 0.4226348E+02, 0.3798901E+02, 0.3701075E+02, 0.3877848E+02,
 0.7056000E+01, 0.4228180E+02, 0.3801110E+02, 0.3703161E+02, 0.3880165E+02,
 0.7058000E+01, 0.4230011E+02, 0.3803320E+02, 0.3705247E+02, 0.3882482E+02,
 0.7060000E+01, 0.4231842E+02, 0.3805531E+02, 0.3707333E+02, 0.3884800E+02,
 0.7062000E+01, 0.4233672E+02, 0.3807742E+02, 0.3709420E+02, 0.3887118E+02,
 0.7064000E+01, 0.4235502E+02, 0.3809953E+02, 0.3711507E+02, 0.3889437E+02,
 0.7066000E+01, 0.4237332E+02, 0.3812165E+02, 0.3713594E+02, 0.3891756E+02,
 0.7068000E+01, 0.4239161E+02, 0.3814378E+02, 0.3715683E+02, 0.3894076E+02,
 0.7070000E+01, 0.4240990E+02, 0.3816591E+02, 0.3717771E+02, 0.3896397E+02,
 0.7072000E+01, 0.4242818E+02, 0.3818805E+02, 0.3719860E+02, 0.3898718E+02,
 0.7074000E+01, 0.4244646E+02, 0.3821018E+02, 0.3721949E+02, 0.3901040E+02,
 0.7076000E+01, 0.4246473E+02, 0.3823233E+02, 0.3724039E+02, 0.3903362E+02,
 0.7078000E+01, 0.4248300E+02, 0.3825448E+02, 0.3726129E+02, 0.3905685E+02,
 0.7080000E+01, 0.4250126E+02, 0.3827663E+02, 0.3728219E+02, 0.3908008E+02,
 0.7082000E+01, 0.4251952E+02, 0.3829879E+02, 0.3730310E+02, 0.3910332E+02,
 0.7084000E+01, 0.4253778E+02, 0.3832095E+02, 0.3732401E+02, 0.3912656E+02,
 0.7086000E+01, 0.4255603E+02, 0.3834312E+02, 0.3734493E+02, 0.3914981E+02,
 0.7088000E+01, 0.4257428E+02, 0.3836530E+02, 0.3736585E+02, 0.3917307E+02,
 0.7090000E+01, 0.4259252E+02, 0.3838747E+02, 0.3738677E+02, 0.3919633E+02,
 0.7092000E+01, 0.4261076E+02, 0.3840966E+02, 0.3740770E+02, 0.3921960E+02,
 0.7094000E+01, 0.4262899E+02, 0.3843184E+02, 0.3742863E+02, 0.3924287E+02,
 0.7096000E+01, 0.4264722E+02, 0.3845404E+02, 0.3744957E+02, 0.3926615E+02,
 0.7098000E+01, 0.4266545E+02, 0.3847623E+02, 0.3747051E+02, 0.3928943E+02,
 0.7100000E+01, 0.4268367E+02, 0.3849843E+02, 0.3749146E+02, 0.3931272E+02,
 0.7102000E+01, 0.4270188E+02, 0.3852064E+02, 0.3751240E+02, 0.3933601E+02,
 0.7104000E+01, 0.4272009E+02, 0.3854285E+02, 0.3753336E+02, 0.3935931E+02,
 0.7106000E+01, 0.4273830E+02, 0.3856507E+02, 0.3755431E+02, 0.3938262E+02,
 0.7108000E+01, 0.4275650E+02, 0.3858729E+02, 0.3757527E+02, 0.3940593E+02,
 0.7110000E+01, 0.4277470E+02, 0.3860951E+02, 0.3759623E+02, 0.3942924E+02,
 0.7112000E+01, 0.4279289E+02, 0.3863174E+02, 0.3761720E+02, 0.3945256E+02,
 0.7114000E+01, 0.4281108E+02, 0.3865397E+02, 0.3763817E+02, 0.3947589E+02,
 0.7116000E+01, 0.4282927E+02, 0.3867621E+02, 0.3765915E+02, 0.3949922E+02,
 0.7118000E+01, 0.4284745E+02, 0.3869846E+02, 0.3768013E+02, 0.3952256E+02,
 0.7120000E+01, 0.4286562E+02, 0.3872070E+02, 0.3770111E+02, 0.3954590E+02,
 0.7122000E+01, 0.4288379E+02, 0.3874296E+02, 0.3772210E+02, 0.3956925E+02,
 0.7124000E+01, 0.4290196E+02, 0.3876521E+02, 0.3774309E+02, 0.3959260E+02,
 0.7126000E+01, 0.4292012E+02, 0.3878748E+02, 0.3776408E+02, 0.3961596E+02,
 0.7128000E+01, 0.4293827E+02, 0.3880974E+02, 0.3778508E+02, 0.3963932E+02,
 0.7130000E+01, 0.4295643E+02, 0.3883201E+02, 0.3780608E+02, 0.3966269E+02,
 0.7132000E+01, 0.4297458E+02, 0.3885429E+02, 0.3782709E+02, 0.3968606E+02,
 0.7134000E+01, 0.4299272E+02, 0.3887657E+02, 0.3784810E+02, 0.3970944E+02,
 0.7136000E+01, 0.4301086E+02, 0.3889885E+02, 0.3786911E+02, 0.3973283E+02,
 0.7138000E+01, 0.4302899E+02, 0.3892114E+02, 0.3789013E+02, 0.3975621E+02,
 0.7140000E+01, 0.4304712E+02, 0.3894343E+02, 0.3791115E+02, 0.3977961E+02,
 0.7142000E+01, 0.4306525E+02, 0.3896573E+02, 0.3793217E+02, 0.3980301E+02,
 0.7144000E+01, 0.4308337E+02, 0.3898803E+02, 0.3795320E+02, 0.3982641E+02,
 0.7146000E+01, 0.4310148E+02, 0.3901034E+02, 0.3797423E+02, 0.3984982E+02,
 0.7148000E+01, 0.4311959E+02, 0.3903265E+02, 0.3799527E+02, 0.3987324E+02,
 0.7150000E+01, 0.4313770E+02, 0.3905496E+02, 0.3801631E+02, 0.3989666E+02,
 0.7152000E+01, 0.4315580E+02, 0.3907728E+02, 0.3803735E+02, 0.3992009E+02,
 0.7154000E+01, 0.4317390E+02, 0.3909961E+02, 0.3805840E+02, 0.3994352E+02,
 0.7156000E+01, 0.4319199E+02, 0.3912194E+02, 0.3807944E+02, 0.3996695E+02,
 0.7158000E+01, 0.4321008E+02, 0.3914427E+02, 0.3810050E+02, 0.3999039E+02,
 0.7160000E+01, 0.4322816E+02, 0.3916660E+02, 0.3812156E+02, 0.4001384E+02,
 0.7162000E+01, 0.4324624E+02, 0.3918895E+02, 0.3814262E+02, 0.4003729E+02,
 0.7164000E+01, 0.4326431E+02, 0.3921129E+02, 0.3816368E+02, 0.4006074E+02,
 0.7166000E+01, 0.4328238E+02, 0.3923364E+02, 0.3818475E+02, 0.4008420E+02,
 0.7168000E+01, 0.4330045E+02, 0.3925600E+02, 0.3820582E+02, 0.4010767E+02,
 0.7170000E+01, 0.4331850E+02, 0.3927835E+02, 0.3822689E+02, 0.4013114E+02,
 0.7172000E+01, 0.4333656E+02, 0.3930072E+02, 0.3824797E+02, 0.4015462E+02,
 0.7174000E+01, 0.4335461E+02, 0.3932308E+02, 0.3826905E+02, 0.4017810E+02,
 0.7176000E+01, 0.4337266E+02, 0.3934546E+02, 0.3829014E+02, 0.4020158E+02,
 0.7178000E+01, 0.4339070E+02, 0.3936783E+02, 0.3831123E+02, 0.4022507E+02,
 0.7180000E+01, 0.4340873E+02, 0.3939021E+02, 0.3833232E+02, 0.4024857E+02,
 0.7182000E+01, 0.4342677E+02, 0.3941259E+02, 0.3835342E+02, 0.4027207E+02,
 0.7184000E+01, 0.4344479E+02, 0.3943498E+02, 0.3837452E+02, 0.4029557E+02,
 0.7186000E+01, 0.4346281E+02, 0.3945737E+02, 0.3839562E+02, 0.4031908E+02,
 0.7188000E+01, 0.4348083E+02, 0.3947977E+02, 0.3841673E+02, 0.4034260E+02,
 0.7190000E+01, 0.4349884E+02, 0.3950217E+02, 0.3843784E+02, 0.4036612E+02,
 0.7192000E+01, 0.4351685E+02, 0.3952458E+02, 0.3845895E+02, 0.4038964E+02,
 0.7194000E+01, 0.4353485E+02, 0.3954699E+02, 0.3848007E+02, 0.4041317E+02,
 0.7196000E+01, 0.4355285E+02, 0.3956940E+02, 0.3850119E+02, 0.4043671E+02,
 0.7198000E+01, 0.4357084E+02, 0.3959182E+02, 0.3852231E+02, 0.4046025E+02,
 0.7200000E+01, 0.4358883E+02, 0.3961423E+02, 0.3854344E+02, 0.4048379E+02,
 0.7202000E+01, 0.4360682E+02, 0.3963666E+02, 0.3856457E+02, 0.4050734E+02,
 0.7204000E+01, 0.4362479E+02, 0.3965909E+02, 0.3858570E+02, 0.4053089E+02,
 0.7206000E+01, 0.4364277E+02, 0.3968153E+02, 0.3860684E+02, 0.4055445E+02,
 0.7208000E+01, 0.4366074E+02, 0.3970396E+02, 0.3862798E+02, 0.4057801E+02,
 0.7210000E+01, 0.4367870E+02, 0.3972640E+02, 0.3864912E+02, 0.4060158E+02,
 0.7212000E+01, 0.4369666E+02, 0.3974885E+02, 0.3867027E+02, 0.4062515E+02,
 0.7214000E+01, 0.4371461E+02, 0.3977130E+02, 0.3869142E+02, 0.4064873E+02,
 0.7216000E+01, 0.4373256E+02, 0.3979375E+02, 0.3871257E+02, 0.4067231E+02,
 0.7218000E+01, 0.4375051E+02, 0.3981621E+02, 0.3873373E+02, 0.4069590E+02,
 0.7220000E+01, 0.4376845E+02, 0.3983867E+02, 0.3875489E+02, 0.4071949E+02,
 0.7222000E+01, 0.4378638E+02, 0.3986114E+02, 0.3877605E+02, 0.4074309E+02,
 0.7224000E+01, 0.4380431E+02, 0.3988361E+02, 0.3879722E+02, 0.4076669E+02,
 0.7226000E+01, 0.4382224E+02, 0.3990608E+02, 0.3881839E+02, 0.4079029E+02,
 0.7228000E+01, 0.4384016E+02, 0.3992856E+02, 0.3883956E+02, 0.4081390E+02,
 0.7230000E+01, 0.4385807E+02, 0.3995104E+02, 0.3886073E+02, 0.4083752E+02,
 0.7232000E+01, 0.4387599E+02, 0.3997352E+02, 0.3888191E+02, 0.4086114E+02,
 0.7234000E+01, 0.4389389E+02, 0.3999601E+02, 0.3890310E+02, 0.4088476E+02,
 0.7236000E+01, 0.4391179E+02, 0.4001851E+02, 0.3892428E+02, 0.4090839E+02,
 0.7238000E+01, 0.4392969E+02, 0.4004100E+02, 0.3894547E+02, 0.4093202E+02,
 0.7240000E+01, 0.4394758E+02, 0.4006350E+02, 0.3896666E+02, 0.4095566E+02,
 0.7242000E+01, 0.4396547E+02, 0.4008601E+02, 0.3898786E+02, 0.4097930E+02,
 0.7244000E+01, 0.4398335E+02, 0.4010852E+02, 0.3900906E+02, 0.4100294E+02,
 0.7246000E+01, 0.4400122E+02, 0.4013103E+02, 0.3903025E+02, 0.4102660E+02,
 0.7248000E+01, 0.4401910E+02, 0.4015354E+02, 0.3905146E+02, 0.4105025E+02,
 0.7250000E+01, 0.4403696E+02, 0.4017606E+02, 0.3907267E+02, 0.4107391E+02,
 0.7252000E+01, 0.4405482E+02, 0.4019859E+02, 0.3909388E+02, 0.4109758E+02,
 0.7254000E+01, 0.4407268E+02, 0.4022111E+02, 0.3911509E+02, 0.4112124E+02,
 0.7256000E+01, 0.4409053E+02, 0.4024364E+02, 0.3913631E+02, 0.4114492E+02,
 0.7258000E+01, 0.4410838E+02, 0.4026618E+02, 0.3915753E+02, 0.4116859E+02,
 0.7260000E+01, 0.4412622E+02, 0.4028872E+02, 0.3917875E+02, 0.4119228E+02,
 0.7262000E+01, 0.4414405E+02, 0.4031126E+02, 0.3919997E+02, 0.4121596E+02,
 0.7264000E+01, 0.4416188E+02, 0.4033381E+02, 0.3922120E+02, 0.4123965E+02,
 0.7266000E+01, 0.4417971E+02, 0.4035635E+02, 0.3924244E+02, 0.4126335E+02,
 0.7268000E+01, 0.4419753E+02, 0.4037891E+02, 0.3926367E+02, 0.4128704E+02,
 0.7270000E+01, 0.4421535E+02, 0.4040146E+02, 0.3928491E+02, 0.4131075E+02,
 0.7272000E+01, 0.4423316E+02, 0.4042402E+02, 0.3930615E+02, 0.4133446E+02,
 0.7274000E+01, 0.4425097E+02, 0.4044659E+02, 0.3932739E+02, 0.4135817E+02,
 0.7276000E+01, 0.4426877E+02, 0.4046915E+02, 0.3934864E+02, 0.4138189E+02,
 0.7278000E+01, 0.4428656E+02, 0.4049173E+02, 0.3936988E+02, 0.4140561E+02,
 0.7280000E+01, 0.4430436E+02, 0.4051430E+02, 0.3939114E+02, 0.4142933E+02,
 0.7282000E+01, 0.4432214E+02, 0.4053688E+02, 0.3941239E+02, 0.4145306E+02,
 0.7284000E+01, 0.4433992E+02, 0.4055946E+02, 0.3943365E+02, 0.4147679E+02,
 0.7286000E+01, 0.4435770E+02, 0.4058205E+02, 0.3945491E+02, 0.4150053E+02,
 0.7288000E+01, 0.4437547E+02, 0.4060463E+02, 0.3947617E+02, 0.4152427E+02,
 0.7290000E+01, 0.4439323E+02, 0.4062723E+02, 0.3949744E+02, 0.4154802E+02,
 0.7292000E+01, 0.4441100E+02, 0.4064982E+02, 0.3951871E+02, 0.4157177E+02,
 0.7294000E+01, 0.4442875E+02, 0.4067242E+02, 0.3953998E+02, 0.4159552E+02,
 0.7296000E+01, 0.4444650E+02, 0.4069503E+02, 0.3956126E+02, 0.4161928E+02,
 0.7298000E+01, 0.4446424E+02, 0.4071763E+02, 0.3958253E+02, 0.4164304E+02,
 0.7300000E+01, 0.4448199E+02, 0.4074024E+02, 0.3960381E+02, 0.4166681E+02,
 0.7302000E+01, 0.4449972E+02, 0.4076286E+02, 0.3962510E+02, 0.4169058E+02,
 0.7304000E+01, 0.4451745E+02, 0.4078547E+02, 0.3964639E+02, 0.4171436E+02,
 0.7306000E+01, 0.4453518E+02, 0.4080809E+02, 0.3966767E+02, 0.4173813E+02,
 0.7308000E+01, 0.4455289E+02, 0.4083072E+02, 0.3968896E+02, 0.4176192E+02,
 0.7310000E+01, 0.4457061E+02, 0.4085334E+02, 0.3971026E+02, 0.4178570E+02,
 0.7312000E+01, 0.4458832E+02, 0.4087597E+02, 0.3973155E+02, 0.4180949E+02,
 0.7314000E+01, 0.4460602E+02, 0.4089861E+02, 0.3975285E+02, 0.4183329E+02,
 0.7316000E+01, 0.4462372E+02, 0.4092124E+02, 0.3977415E+02, 0.4185709E+02,
 0.7318000E+01, 0.4464141E+02, 0.4094388E+02, 0.3979546E+02, 0.4188089E+02,
 0.7320000E+01, 0.4465910E+02, 0.4096653E+02, 0.3981677E+02, 0.4190470E+02,
 0.7322000E+01, 0.4467679E+02, 0.4098917E+02, 0.3983808E+02, 0.4192851E+02,
 0.7324000E+01, 0.4469447E+02, 0.4101182E+02, 0.3985939E+02, 0.4195232E+02,
 0.7326000E+01, 0.4471214E+02, 0.4103448E+02, 0.3988071E+02, 0.4197614E+02,
 0.7328000E+01, 0.4472980E+02, 0.4105713E+02, 0.3990202E+02, 0.4199997E+02,
 0.7330000E+01, 0.4474747E+02, 0.4107979E+02, 0.3992334E+02, 0.4202379E+02,
 0.7332000E+01, 0.4476513E+02, 0.4110246E+02, 0.3994467E+02, 0.4204762E+02,
 0.7334000E+01, 0.4478278E+02, 0.4112512E+02, 0.3996599E+02, 0.4207146E+02,
 0.7336000E+01, 0.4480042E+02, 0.4114779E+02, 0.3998732E+02, 0.4209529E+02,
 0.7338000E+01, 0.4481807E+02, 0.4117047E+02, 0.4000865E+02, 0.4211914E+02,
 0.7340000E+01, 0.4483570E+02, 0.4119314E+02, 0.4002998E+02, 0.4214298E+02,
 0.7342000E+01, 0.4485333E+02, 0.4121582E+02, 0.4005132E+02, 0.4216683E+02,
 0.7344000E+01, 0.4487096E+02, 0.4123850E+02, 0.4007266E+02, 0.4219069E+02,
 0.7346000E+01, 0.4488858E+02, 0.4126119E+02, 0.4009400E+02, 0.4221454E+02,
 0.7348000E+01, 0.4490619E+02, 0.4128388E+02, 0.4011534E+02, 0.4223840E+02,
 0.7350000E+01, 0.4492380E+02, 0.4130657E+02, 0.4013669E+02, 0.4226227E+02,
 0.7352000E+01, 0.4494141E+02, 0.4132927E+02, 0.4015804E+02, 0.4228614E+02,
 0.7354000E+01, 0.4495901E+02, 0.4135196E+02, 0.4017939E+02, 0.4231001E+02,
 0.7356000E+01, 0.4497660E+02, 0.4137466E+02, 0.4020074E+02, 0.4233389E+02,
 0.7358000E+01, 0.4499419E+02, 0.4139737E+02, 0.4022210E+02, 0.4235777E+02,
 0.7360000E+01, 0.4501177E+02, 0.4142007E+02, 0.4024345E+02, 0.4238165E+02,
 0.7362000E+01, 0.4502935E+02, 0.4144278E+02, 0.4026481E+02, 0.4240553E+02,
 0.7364000E+01, 0.4504692E+02, 0.4146550E+02, 0.4028617E+02, 0.4242942E+02,
 0.7366000E+01, 0.4506449E+02, 0.4148821E+02, 0.4030754E+02, 0.4245332E+02,
 0.7368000E+01, 0.4508205E+02, 0.4151093E+02, 0.4032891E+02, 0.4247722E+02,
 0.7370000E+01, 0.4509961E+02, 0.4153365E+02, 0.4035028E+02, 0.4250112E+02,
 0.7372000E+01, 0.4511716E+02, 0.4155638E+02, 0.4037165E+02, 0.4252502E+02,
 0.7374000E+01, 0.4513470E+02, 0.4157911E+02, 0.4039302E+02, 0.4254893E+02,
 0.7376000E+01, 0.4515224E+02, 0.4160184E+02, 0.4041440E+02, 0.4257285E+02,
 0.7378000E+01, 0.4516978E+02, 0.4162457E+02, 0.4043578E+02, 0.4259676E+02,
 0.7380000E+01, 0.4518731E+02, 0.4164731E+02, 0.4045716E+02, 0.4262068E+02,
 0.7382000E+01, 0.4520483E+02, 0.4167005E+02, 0.4047854E+02, 0.4264460E+02,
 0.7384000E+01, 0.4522235E+02, 0.4169279E+02, 0.4049993E+02, 0.4266853E+02,
 0.7386000E+01, 0.4523986E+02, 0.4171554E+02, 0.4052131E+02, 0.4269246E+02,
 0.7388000E+01, 0.4525737E+02, 0.4173829E+02, 0.4054271E+02, 0.4271639E+02,
 0.7390000E+01, 0.4527488E+02, 0.4176104E+02, 0.4056410E+02, 0.4274033E+02,
 0.7392000E+01, 0.4529237E+02, 0.4178379E+02, 0.4058549E+02, 0.4276427E+02,
 0.7394000E+01, 0.4530986E+02, 0.4180655E+02, 0.4060689E+02, 0.4278821E+02,
 0.7396000E+01, 0.4532735E+02, 0.4182931E+02, 0.4062828E+02, 0.4281216E+02,
 0.7398000E+01, 0.4534483E+02, 0.4185207E+02, 0.4064969E+02, 0.4283611E+02,
 0.7400000E+01, 0.4536231E+02, 0.4187484E+02, 0.4067109E+02, 0.4286007E+02,
 0.7402000E+01, 0.4537978E+02, 0.4189760E+02, 0.4069249E+02, 0.4288402E+02,
 0.7404000E+01, 0.4539724E+02, 0.4192038E+02, 0.4071390E+02, 0.4290798E+02,
 0.7406000E+01, 0.4541470E+02, 0.4194315E+02, 0.4073531E+02, 0.4293195E+02,
 0.7408000E+01, 0.4543215E+02, 0.4196592E+02, 0.4075672E+02, 0.4295591E+02,
 0.7410000E+01, 0.4544960E+02, 0.4198870E+02, 0.4077814E+02, 0.4297989E+02,
 0.7412000E+01, 0.4546704E+02, 0.4201149E+02, 0.4079955E+02, 0.4300386E+02,
 0.7414000E+01, 0.4548448E+02, 0.4203427E+02, 0.4082097E+02, 0.4302784E+02,
 0.7416000E+01, 0.4550191E+02, 0.4205706E+02, 0.4084239E+02, 0.4305182E+02,
 0.7418000E+01, 0.4551934E+02, 0.4207985E+02, 0.4086381E+02, 0.4307580E+02,
 0.7420000E+01, 0.4553676E+02, 0.4210264E+02, 0.4088523E+02, 0.4309978E+02,
 0.7422000E+01, 0.4555417E+02, 0.4212543E+02, 0.4090666E+02, 0.4312378E+02,
 0.7424000E+01, 0.4557158E+02, 0.4214823E+02, 0.4092809E+02, 0.4314777E+02,
 0.7426000E+01, 0.4558899E+02, 0.4217103E+02, 0.4094952E+02, 0.4317177E+02,
 0.7428000E+01, 0.4560638E+02, 0.4219383E+02, 0.4097095E+02, 0.4319577E+02,
 0.7430000E+01, 0.4562378E+02, 0.4221664E+02, 0.4099239E+02, 0.4321977E+02,
 0.7432000E+01, 0.4564116E+02, 0.4223944E+02, 0.4101382E+02, 0.4324377E+02,
 0.7434000E+01, 0.4565855E+02, 0.4226225E+02, 0.4103526E+02, 0.4326778E+02,
 0.7436000E+01, 0.4567592E+02, 0.4228507E+02, 0.4105670E+02, 0.4329180E+02,
 0.7438000E+01, 0.4569329E+02, 0.4230788E+02, 0.4107814E+02, 0.4331581E+02,
 0.7440000E+01, 0.4571066E+02, 0.4233070E+02, 0.4109958E+02, 0.4333983E+02,
 0.7442000E+01, 0.4572802E+02, 0.4235352E+02, 0.4112103E+02, 0.4336385E+02,
 0.7444000E+01, 0.4574537E+02, 0.4237634E+02, 0.4114247E+02, 0.4338788E+02,
 0.7446000E+01, 0.4576272E+02, 0.4239917E+02, 0.4116392E+02, 0.4341190E+02,
 0.7448000E+01, 0.4578006E+02, 0.4242200E+02, 0.4118537E+02, 0.4343594E+02,
 0.7450000E+01, 0.4579740E+02, 0.4244482E+02, 0.4120683E+02, 0.4345997E+02,
 0.7452000E+01, 0.4581473E+02, 0.4246766E+02, 0.4122828E+02, 0.4348400E+02,
 0.7454000E+01, 0.4583205E+02, 0.4249049E+02, 0.4124974E+02, 0.4350805E+02,
 0.7456000E+01, 0.4584937E+02, 0.4251333E+02, 0.4127119E+02, 0.4353209E+02,
 0.7458000E+01, 0.4586669E+02, 0.4253617E+02, 0.4129265E+02, 0.4355613E+02,
 0.7460000E+01, 0.4588400E+02, 0.4255901E+02, 0.4131411E+02, 0.4358018E+02,
 0.7462000E+01, 0.4590130E+02, 0.4258186E+02, 0.4133558E+02, 0.4360423E+02,
 0.7464000E+01, 0.4591860E+02, 0.4260470E+02, 0.4135704E+02, 0.4362829E+02,
 0.7466000E+01, 0.4593589E+02, 0.4262755E+02, 0.4137851E+02, 0.4365235E+02,
 0.7468000E+01, 0.4595317E+02, 0.4265040E+02, 0.4139998E+02, 0.4367641E+02,
 0.7470000E+01, 0.4597046E+02, 0.4267326E+02, 0.4142145E+02, 0.4370047E+02,
 0.7472000E+01, 0.4598773E+02, 0.4269611E+02, 0.4144292E+02, 0.4372454E+02,
 0.7474000E+01, 0.4600500E+02, 0.4271897E+02, 0.4146439E+02, 0.4374860E+02,
 0.7476000E+01, 0.4602226E+02, 0.4274183E+02, 0.4148587E+02, 0.4377268E+02,
 0.7478000E+01, 0.4603952E+02, 0.4276469E+02, 0.4150735E+02, 0.4379675E+02,
 0.7480000E+01, 0.4605677E+02, 0.4278756E+02, 0.4152882E+02, 0.4382083E+02,
 0.7482000E+01, 0.4607402E+02, 0.4281042E+02, 0.4155030E+02, 0.4384491E+02,
 0.7484000E+01, 0.4609126E+02, 0.4283329E+02, 0.4157178E+02, 0.4386899E+02,
 0.7486000E+01, 0.4610849E+02, 0.4285617E+02, 0.4159327E+02, 0.4389308E+02,
 0.7488000E+01, 0.4612572E+02, 0.4287904E+02, 0.4161475E+02, 0.4391716E+02,
 0.7490000E+01, 0.4614294E+02, 0.4290192E+02, 0.4163624E+02, 0.4394126E+02,
 0.7492000E+01, 0.4616016E+02, 0.4292479E+02, 0.4165773E+02, 0.4396535E+02,
 0.7494000E+01, 0.4617737E+02, 0.4294767E+02, 0.4167922E+02, 0.4398945E+02,
 0.7496000E+01, 0.4619458E+02, 0.4297055E+02, 0.4170071E+02, 0.4401355E+02,
 0.7498000E+01, 0.4621178E+02, 0.4299344E+02, 0.4172220E+02, 0.4403765E+02,
 0.7500000E+01, 0.4622897E+02, 0.4301633E+02, 0.4174370E+02, 0.4406175E+02,
 0.7502000E+01, 0.4624616E+02, 0.4303922E+02, 0.4176519E+02, 0.4408586E+02,
 0.7504000E+01, 0.4626334E+02, 0.4306211E+02, 0.4178669E+02, 0.4410997E+02,
 0.7506000E+01, 0.4628052E+02, 0.4308500E+02, 0.4180819E+02, 0.4413408E+02,
 0.7508000E+01, 0.4629770E+02, 0.4310789E+02, 0.4182969E+02, 0.4415820E+02,
 0.7510000E+01, 0.4631486E+02, 0.4313079E+02, 0.4185119E+02, 0.4418232E+02,
 0.7512000E+01, 0.4633202E+02, 0.4315369E+02, 0.4187270E+02, 0.4420644E+02,
 0.7514000E+01, 0.4634917E+02, 0.4317659E+02, 0.4189420E+02, 0.4423056E+02,
 0.7516000E+01, 0.4636632E+02, 0.4319949E+02, 0.4191571E+02, 0.4425468E+02,
 0.7518000E+01, 0.4638346E+02, 0.4322240E+02, 0.4193721E+02, 0.4427881E+02,
 0.7520000E+01, 0.4640060E+02, 0.4324530E+02, 0.4195872E+02, 0.4430294E+02,
 0.7522000E+01, 0.4641773E+02, 0.4326822E+02, 0.4198023E+02, 0.4432708E+02,
 0.7524000E+01, 0.4643486E+02, 0.4329112E+02, 0.4200174E+02, 0.4435121E+02,
 0.7526000E+01, 0.4645198E+02, 0.4331404E+02, 0.4202326E+02, 0.4437535E+02,
 0.7528000E+01, 0.4646909E+02, 0.4333695E+02, 0.4204477E+02, 0.4439949E+02,
 0.7530000E+01, 0.4648619E+02, 0.4335987E+02, 0.4206629E+02, 0.4442363E+02,
 0.7532000E+01, 0.4650330E+02, 0.4338279E+02, 0.4208781E+02, 0.4444778E+02,
 0.7534000E+01, 0.4652039E+02, 0.4340571E+02, 0.4210933E+02, 0.4447193E+02,
 0.7536000E+01, 0.4653748E+02, 0.4342863E+02, 0.4213085E+02, 0.4449608E+02,
 0.7538000E+01, 0.4655457E+02, 0.4345155E+02, 0.4215237E+02, 0.4452023E+02,
 0.7540000E+01, 0.4657164E+02, 0.4347448E+02, 0.4217389E+02, 0.4454439E+02,
 0.7542000E+01, 0.4658872E+02, 0.4349741E+02, 0.4219542E+02, 0.4456855E+02,
 0.7544000E+01, 0.4660579E+02, 0.4352034E+02, 0.4221694E+02, 0.4459270E+02,
 0.7546000E+01, 0.4662284E+02, 0.4354327E+02, 0.4223847E+02, 0.4461687E+02,
 0.7548000E+01, 0.4663990E+02, 0.4356620E+02, 0.4226000E+02, 0.4464103E+02,
 0.7550000E+01, 0.4665695E+02, 0.4358914E+02, 0.4228152E+02, 0.4466520E+02,
 0.7552000E+01, 0.4667399E+02, 0.4361208E+02, 0.4230306E+02, 0.4468937E+02,
 0.7554000E+01, 0.4669103E+02, 0.4363502E+02, 0.4232459E+02, 0.4471354E+02,
 0.7556000E+01, 0.4670806E+02, 0.4365796E+02, 0.4234612E+02, 0.4473772E+02,
 0.7558000E+01, 0.4672509E+02, 0.4368090E+02, 0.4236766E+02, 0.4476189E+02,
 0.7560000E+01, 0.4674211E+02, 0.4370385E+02, 0.4238919E+02, 0.4478607E+02,
 0.7562000E+01, 0.4675912E+02, 0.4372679E+02, 0.4241073E+02, 0.4481025E+02,
 0.7564000E+01, 0.4677613E+02, 0.4374974E+02, 0.4243227E+02, 0.4483444E+02,
 0.7566000E+01, 0.4679313E+02, 0.4377269E+02, 0.4245381E+02, 0.4485862E+02,
 0.7568000E+01, 0.4681012E+02, 0.4379564E+02, 0.4247535E+02, 0.4488281E+02,
 0.7570000E+01, 0.4682711E+02, 0.4381860E+02, 0.4249689E+02, 0.4490700E+02,
 0.7572000E+01, 0.4684410E+02, 0.4384155E+02, 0.4251844E+02, 0.4493119E+02,
 0.7574000E+01, 0.4686108E+02, 0.4386451E+02, 0.4253998E+02, 0.4495539E+02,
 0.7576000E+01, 0.4687805E+02, 0.4388747E+02, 0.4256153E+02, 0.4497959E+02,
 0.7578000E+01, 0.4689502E+02, 0.4391043E+02, 0.4258308E+02, 0.4500379E+02,
 0.7580000E+01, 0.4691198E+02, 0.4393339E+02, 0.4260462E+02, 0.4502799E+02,
 0.7582000E+01, 0.4692893E+02, 0.4395636E+02, 0.4262617E+02, 0.4505219E+02,
 0.7584000E+01, 0.4694588E+02, 0.4397932E+02, 0.4264772E+02, 0.4507640E+02,
 0.7586000E+01, 0.4696282E+02, 0.4400229E+02, 0.4266928E+02, 0.4510061E+02,
 0.7588000E+01, 0.4697976E+02, 0.4402526E+02, 0.4269083E+02, 0.4512482E+02,
 0.7590000E+01, 0.4699669E+02, 0.4404823E+02, 0.4271238E+02, 0.4514903E+02,
 0.7592000E+01, 0.4701362E+02, 0.4407120E+02, 0.4273394E+02, 0.4517324E+02,
 0.7594000E+01, 0.4703054E+02, 0.4409417E+02, 0.4275550E+02, 0.4519746E+02,
 0.7596000E+01, 0.4704745E+02, 0.4411715E+02, 0.4277705E+02, 0.4522168E+02,
 0.7598000E+01, 0.4706436E+02, 0.4414013E+02, 0.4279861E+02, 0.4524590E+02,
 0.7600000E+01, 0.4708126E+02, 0.4416311E+02, 0.4282017E+02, 0.4527013E+02,
 0.7602000E+01, 0.4709815E+02, 0.4418609E+02, 0.4284173E+02, 0.4529435E+02,
 0.7604000E+01, 0.4711504E+02, 0.4420907E+02, 0.4286330E+02, 0.4531858E+02,
 0.7606000E+01, 0.4713193E+02, 0.4423206E+02, 0.4288486E+02, 0.4534281E+02,
 0.7608000E+01, 0.4714880E+02, 0.4425504E+02, 0.4290643E+02, 0.4536704E+02,
 0.7610000E+01, 0.4716568E+02, 0.4427803E+02, 0.4292799E+02, 0.4539128E+02,
 0.7612000E+01, 0.4718254E+02, 0.4430102E+02, 0.4294955E+02, 0.4541551E+02,
 0.7614000E+01, 0.4719940E+02, 0.4432401E+02, 0.4297112E+02, 0.4543975E+02,
 0.7616000E+01, 0.4721626E+02, 0.4434700E+02, 0.4299269E+02, 0.4546399E+02,
 0.7618000E+01, 0.4723310E+02, 0.4436999E+02, 0.4301426E+02, 0.4548824E+02,
 0.7620000E+01, 0.4724995E+02, 0.4439299E+02, 0.4303584E+02, 0.4551248E+02,
 0.7622000E+01, 0.4726678E+02, 0.4441599E+02, 0.4305741E+02, 0.4553672E+02,
 0.7624000E+01, 0.4728362E+02, 0.4443898E+02, 0.4307898E+02, 0.4556097E+02,
 0.7626000E+01, 0.4730044E+02, 0.4446198E+02, 0.4310056E+02, 0.4558522E+02,
 0.7628000E+01, 0.4731726E+02, 0.4448499E+02, 0.4312213E+02, 0.4560948E+02,
 0.7630000E+01, 0.4733407E+02, 0.4450799E+02, 0.4314371E+02, 0.4563373E+02,
 0.7632000E+01, 0.4735088E+02, 0.4453099E+02, 0.4316528E+02, 0.4565799E+02,
 0.7634000E+01, 0.4736768E+02, 0.4455400E+02, 0.4318686E+02, 0.4568225E+02,
 0.7636000E+01, 0.4738447E+02, 0.4457701E+02, 0.4320844E+02, 0.4570651E+02,
 0.7638000E+01, 0.4740126E+02, 0.4460002E+02, 0.4323003E+02, 0.4573077E+02,
 0.7640000E+01, 0.4741805E+02, 0.4462303E+02, 0.4325161E+02, 0.4575504E+02,
 0.7642000E+01, 0.4743482E+02, 0.4464604E+02, 0.4327319E+02, 0.4577930E+02,
 0.7644000E+01, 0.4745159E+02, 0.4466906E+02, 0.4329477E+02, 0.4580357E+02,
 0.7646000E+01, 0.4746836E+02, 0.4469207E+02, 0.4331636E+02, 0.4582784E+02,
 0.7648000E+01, 0.4748512E+02, 0.4471509E+02, 0.4333794E+02, 0.4585212E+02,
 0.7650000E+01, 0.4750187E+02, 0.4473811E+02, 0.4335953E+02, 0.4587639E+02,
 0.7652000E+01, 0.4751862E+02, 0.4476112E+02, 0.4338112E+02, 0.4590067E+02,
 0.7654000E+01, 0.4753536E+02, 0.4478415E+02, 0.4340271E+02, 0.4592495E+02,
 0.7656000E+01, 0.4755209E+02, 0.4480717E+02, 0.4342430E+02, 0.4594923E+02,
 0.7658000E+01, 0.4756882E+02, 0.4483020E+02, 0.4344589E+02, 0.4597351E+02,
 0.7660000E+01, 0.4758555E+02, 0.4485322E+02, 0.4346748E+02, 0.4599780E+02,
 0.7662000E+01, 0.4760226E+02, 0.4487625E+02, 0.4348907E+02, 0.4602208E+02,
 0.7664000E+01, 0.4761898E+02, 0.4489928E+02, 0.4351067E+02, 0.4604637E+02,
 0.7666000E+01, 0.4763568E+02, 0.4492231E+02, 0.4353226E+02, 0.4607066E+02,
 0.7668000E+01, 0.4765238E+02, 0.4494534E+02, 0.4355386E+02, 0.4609496E+02,
 0.7670000E+01, 0.4766908E+02, 0.4496837E+02, 0.4357546E+02, 0.4611925E+02,
 0.7672000E+01, 0.4768576E+02, 0.4499141E+02, 0.4359706E+02, 0.4614355E+02,
 0.7674000E+01, 0.4770245E+02, 0.4501444E+02, 0.4361866E+02, 0.4616784E+02,
 0.7676000E+01, 0.4771912E+02, 0.4503748E+02, 0.4364026E+02, 0.4619214E+02,
 0.7678000E+01, 0.4773579E+02, 0.4506052E+02, 0.4366186E+02, 0.4621645E+02,
 0.7680000E+01, 0.4775246E+02, 0.4508356E+02, 0.4368346E+02, 0.4624075E+02,
 0.7682000E+01, 0.4776912E+02, 0.4510661E+02, 0.4370506E+02, 0.4626506E+02,
 0.7684000E+01, 0.4778577E+02, 0.4512965E+02, 0.4372667E+02, 0.4628936E+02,
 0.7686000E+01, 0.4780242E+02, 0.4515269E+02, 0.4374827E+02, 0.4631367E+02,
 0.7688000E+01, 0.4781906E+02, 0.4517574E+02, 0.4376988E+02, 0.4633799E+02,
 0.7690000E+01, 0.4783569E+02, 0.4519879E+02, 0.4379148E+02, 0.4636230E+02,
 0.7692000E+01, 0.4785232E+02, 0.4522184E+02, 0.4381310E+02, 0.4638661E+02,
 0.7694000E+01, 0.4786895E+02, 0.4524489E+02, 0.4383470E+02, 0.4641093E+02,
 0.7696000E+01, 0.4788556E+02, 0.4526794E+02, 0.4385631E+02, 0.4643525E+02,
 0.7698000E+01, 0.4790218E+02, 0.4529099E+02, 0.4387792E+02, 0.4645957E+02,
 0.7700000E+01, 0.4791878E+02, 0.4531405E+02, 0.4389954E+02, 0.4648389E+02,
 0.7702000E+01, 0.4793538E+02, 0.4533710E+02, 0.4392115E+02, 0.4650822E+02,
 0.7704000E+01, 0.4795197E+02, 0.4536016E+02, 0.4394276E+02, 0.4653254E+02,
 0.7706000E+01, 0.4796856E+02, 0.4538322E+02, 0.4396438E+02, 0.4655687E+02,
 0.7708000E+01, 0.4798515E+02, 0.4540628E+02, 0.4398599E+02, 0.4658120E+02,
 0.7710000E+01, 0.4800172E+02, 0.4542934E+02, 0.4400761E+02, 0.4660553E+02,
 0.7712000E+01, 0.4801829E+02, 0.4545241E+02, 0.4402922E+02, 0.4662987E+02,
 0.7714000E+01, 0.4803485E+02, 0.4547547E+02, 0.4405084E+02, 0.4665420E+02,
 0.7716000E+01, 0.4805141E+02, 0.4549854E+02, 0.4407246E+02, 0.4667854E+02,
 0.7718000E+01, 0.4806797E+02, 0.4552160E+02, 0.4409408E+02, 0.4670288E+02,
 0.7720000E+01, 0.4808451E+02, 0.4554467E+02, 0.4411570E+02, 0.4672722E+02,
 0.7722000E+01, 0.4810106E+02, 0.4556774E+02, 0.4413733E+02, 0.4675156E+02,
 0.7724000E+01, 0.4811759E+02, 0.4559081E+02, 0.4415895E+02, 0.4677591E+02,
 0.7726000E+01, 0.4813412E+02, 0.4561389E+02, 0.4418057E+02, 0.4680025E+02,
 0.7728000E+01, 0.4815064E+02, 0.4563696E+02, 0.4420220E+02, 0.4682460E+02,
 0.7730000E+01, 0.4816716E+02, 0.4566003E+02, 0.4422382E+02, 0.4684895E+02,
 0.7732000E+01, 0.4818367E+02, 0.4568311E+02, 0.4424545E+02, 0.4687330E+02,
 0.7734000E+01, 0.4820018E+02, 0.4570619E+02, 0.4426707E+02, 0.4689765E+02,
 0.7736000E+01, 0.4821668E+02, 0.4572927E+02, 0.4428870E+02, 0.4692201E+02,
 0.7738000E+01, 0.4823317E+02, 0.4575235E+02, 0.4431033E+02, 0.4694636E+02,
 0.7740000E+01, 0.4824966E+02, 0.4577543E+02, 0.4433196E+02, 0.4697072E+02,
 0.7742000E+01, 0.4826614E+02, 0.4579852E+02, 0.4435360E+02, 0.4699508E+02,
 0.7744000E+01, 0.4828262E+02, 0.4582160E+02, 0.4437523E+02, 0.4701944E+02,
 0.7746000E+01, 0.4829909E+02, 0.4584468E+02, 0.4439686E+02, 0.4704381E+02,
 0.7748000E+01, 0.4831556E+02, 0.4586777E+02, 0.4441849E+02, 0.4706817E+02,
 0.7750000E+01, 0.4833201E+02, 0.4589086E+02, 0.4444012E+02, 0.4709254E+02,
 0.7752000E+01, 0.4834846E+02, 0.4591395E+02, 0.4446176E+02, 0.4711691E+02,
 0.7754000E+01, 0.4836491E+02, 0.4593704E+02, 0.4448339E+02, 0.4714128E+02,
 0.7756000E+01, 0.4838136E+02, 0.4596014E+02, 0.4450503E+02, 0.4716565E+02,
 0.7758000E+01, 0.4839779E+02, 0.4598323E+02, 0.4452667E+02, 0.4719002E+02,
 0.7760000E+01, 0.4841422E+02, 0.4600632E+02, 0.4454831E+02, 0.4721440E+02,
 0.7762000E+01, 0.4843064E+02, 0.4602942E+02, 0.4456995E+02, 0.4723877E+02,
 0.7764000E+01, 0.4844706E+02, 0.4605252E+02, 0.4459159E+02, 0.4726315E+02,
 0.7766000E+01, 0.4846347E+02, 0.4607561E+02, 0.4461323E+02, 0.4728753E+02,
 0.7768000E+01, 0.4847988E+02, 0.4609871E+02, 0.4463487E+02, 0.4731192E+02,
 0.7770000E+01, 0.4849628E+02, 0.4612181E+02, 0.4465651E+02, 0.4733630E+02,
 0.7772000E+01, 0.4851268E+02, 0.4614492E+02, 0.4467815E+02, 0.4736068E+02,
 0.7774000E+01, 0.4852906E+02, 0.4616802E+02, 0.4469980E+02, 0.4738507E+02,
 0.7776000E+01, 0.4854545E+02, 0.4619112E+02, 0.4472144E+02, 0.4740946E+02,
 0.7778000E+01, 0.4856182E+02, 0.4621423E+02, 0.4474309E+02, 0.4743385E+02,
 0.7780000E+01, 0.4857820E+02, 0.4623734E+02, 0.4476474E+02, 0.4745824E+02,
 0.7782000E+01, 0.4859456E+02, 0.4626044E+02, 0.4478638E+02, 0.4748264E+02,
 0.7784000E+01, 0.4861092E+02, 0.4628355E+02, 0.4480803E+02, 0.4750703E+02,
 0.7786000E+01, 0.4862728E+02, 0.4630667E+02, 0.4482968E+02, 0.4753143E+02,
 0.7788000E+01, 0.4864362E+02, 0.4632978E+02, 0.4485133E+02, 0.4755582E+02,
 0.7790000E+01, 0.4865997E+02, 0.4635289E+02, 0.4487298E+02, 0.4758022E+02,
 0.7792000E+01, 0.4867630E+02, 0.4637600E+02, 0.4489463E+02, 0.4760463E+02,
 0.7794000E+01, 0.4869263E+02, 0.4639912E+02, 0.4491628E+02, 0.4762903E+02,
 0.7796000E+01, 0.4870896E+02, 0.4642224E+02, 0.4493793E+02, 0.4765343E+02,
 0.7798000E+01, 0.4872528E+02, 0.4644535E+02, 0.4495958E+02, 0.4767784E+02,
 0.7800000E+01, 0.4874159E+02, 0.4646847E+02, 0.4498124E+02, 0.4770224E+02,
 0.7802000E+01, 0.4875790E+02, 0.4649159E+02, 0.4500289E+02, 0.4772665E+02,
 0.7804000E+01, 0.4877420E+02, 0.4651471E+02, 0.4502455E+02, 0.4775106E+02,
 0.7806000E+01, 0.4879050E+02, 0.4653783E+02, 0.4504620E+02, 0.4777547E+02,
 0.7808000E+01, 0.4880679E+02, 0.4656096E+02, 0.4506786E+02, 0.4779989E+02,
 0.7810000E+01, 0.4882307E+02, 0.4658408E+02, 0.4508952E+02, 0.4782431E+02,
 0.7812000E+01, 0.4883935E+02, 0.4660721E+02, 0.4511118E+02, 0.4784872E+02,
 0.7814000E+01, 0.4885562E+02, 0.4663033E+02, 0.4513283E+02, 0.4787314E+02,
 0.7816000E+01, 0.4887189E+02, 0.4665346E+02, 0.4515449E+02, 0.4789756E+02,
 0.7818000E+01, 0.4888815E+02, 0.4667659E+02, 0.4517615E+02, 0.4792198E+02,
 0.7820000E+01, 0.4890441E+02, 0.4669972E+02, 0.4519781E+02, 0.4794640E+02,
 0.7822000E+01, 0.4892065E+02, 0.4672285E+02, 0.4521947E+02, 0.4797083E+02,
 0.7824000E+01, 0.4893690E+02, 0.4674598E+02, 0.4524113E+02, 0.4799525E+02,
 0.7826000E+01, 0.4895314E+02, 0.4676912E+02, 0.4526280E+02, 0.4801968E+02,
 0.7828000E+01, 0.4896937E+02, 0.4679225E+02, 0.4528446E+02, 0.4804411E+02,
 0.7830000E+01, 0.4898560E+02, 0.4681538E+02, 0.4530612E+02, 0.4806853E+02,
 0.7832000E+01, 0.4900182E+02, 0.4683852E+02, 0.4532779E+02, 0.4809297E+02,
 0.7834000E+01, 0.4901803E+02, 0.4686166E+02, 0.4534945E+02, 0.4811740E+02,
 0.7836000E+01, 0.4903424E+02, 0.4688479E+02, 0.4537112E+02, 0.4814183E+02,
 0.7838000E+01, 0.4905044E+02, 0.4690793E+02, 0.4539278E+02, 0.4816627E+02,
 0.7840000E+01, 0.4906664E+02, 0.4693107E+02, 0.4541445E+02, 0.4819070E+02,
 0.7842000E+01, 0.4908283E+02, 0.4695421E+02, 0.4543612E+02, 0.4821514E+02,
 0.7844000E+01, 0.4909902E+02, 0.4697736E+02, 0.4545779E+02, 0.4823958E+02,
 0.7846000E+01, 0.4911520E+02, 0.4700050E+02, 0.4547945E+02, 0.4826402E+02,
 0.7848000E+01, 0.4913137E+02, 0.4702364E+02, 0.4550112E+02, 0.4828846E+02,
 0.7850000E+01, 0.4914754E+02, 0.4704678E+02, 0.4552279E+02, 0.4831291E+02,
 0.7852000E+01, 0.4916370E+02, 0.4706993E+02, 0.4554446E+02, 0.4833735E+02,
 0.7854000E+01, 0.4917986E+02, 0.4709308E+02, 0.4556613E+02, 0.4836180E+02,
 0.7856000E+01, 0.4919601E+02, 0.4711623E+02, 0.4558780E+02, 0.4838625E+02,
 0.7858000E+01, 0.4921215E+02, 0.4713937E+02, 0.4560947E+02, 0.4841069E+02,
 0.7860000E+01, 0.4922829E+02, 0.4716252E+02, 0.4563115E+02, 0.4843515E+02,
 0.7862000E+01, 0.4924443E+02, 0.4718567E+02, 0.4565282E+02, 0.4845959E+02,
 0.7864000E+01, 0.4926056E+02, 0.4720882E+02, 0.4567449E+02, 0.4848405E+02,
 0.7866000E+01, 0.4927668E+02, 0.4723198E+02, 0.4569617E+02, 0.4850850E+02,
 0.7868000E+01, 0.4929279E+02, 0.4725513E+02, 0.4571784E+02, 0.4853296E+02,
 0.7870000E+01, 0.4930890E+02, 0.4727828E+02, 0.4573951E+02, 0.4855742E+02,
 0.7872000E+01, 0.4932501E+02, 0.4730144E+02, 0.4576119E+02, 0.4858187E+02,
 0.7874000E+01, 0.4934111E+02, 0.4732459E+02, 0.4578286E+02, 0.4860633E+02,
 0.7876000E+01, 0.4935720E+02, 0.4734775E+02, 0.4580454E+02, 0.4863079E+02,
 0.7878000E+01, 0.4937329E+02, 0.4737090E+02, 0.4582622E+02, 0.4865525E+02,
 0.7880000E+01, 0.4938937E+02, 0.4739406E+02, 0.4584789E+02, 0.4867971E+02,
 0.7882000E+01, 0.4940545E+02, 0.4741722E+02, 0.4586957E+02, 0.4870418E+02,
 0.7884000E+01, 0.4942151E+02, 0.4744038E+02, 0.4589125E+02, 0.4872864E+02,
 0.7886000E+01, 0.4943758E+02, 0.4746354E+02, 0.4591293E+02, 0.4875311E+02,
 0.7888000E+01, 0.4945364E+02, 0.4748670E+02, 0.4593460E+02, 0.4877757E+02,
 0.7890000E+01, 0.4946969E+02, 0.4750986E+02, 0.4595628E+02, 0.4880204E+02,
 0.7892000E+01, 0.4948574E+02, 0.4753302E+02, 0.4597796E+02, 0.4882651E+02,
 0.7894000E+01, 0.4950178E+02, 0.4755619E+02, 0.4599964E+02, 0.4885098E+02,
 0.7896000E+01, 0.4951781E+02, 0.4757935E+02, 0.4602132E+02, 0.4887545E+02,
 0.7898000E+01, 0.4953384E+02, 0.4760252E+02, 0.4604300E+02, 0.4889993E+02,
 0.7900000E+01, 0.4954987E+02, 0.4762568E+02, 0.4606468E+02, 0.4892440E+02,
 0.7902000E+01, 0.4956588E+02, 0.4764885E+02, 0.4608636E+02, 0.4894888E+02,
 0.7904000E+01, 0.4958189E+02, 0.4767202E+02, 0.4610804E+02, 0.4897335E+02,
 0.7906000E+01, 0.4959790E+02, 0.4769518E+02, 0.4612972E+02, 0.4899783E+02,
 0.7908000E+01, 0.4961390E+02, 0.4771835E+02, 0.4615141E+02, 0.4902230E+02,
 0.7910000E+01, 0.4962989E+02, 0.4774152E+02, 0.4617309E+02, 0.4904678E+02,
 0.7912000E+01, 0.4964588E+02, 0.4776469E+02, 0.4619477E+02, 0.4907127E+02,
 0.7914000E+01, 0.4966187E+02, 0.4778786E+02, 0.4621645E+02, 0.4909575E+02,
 0.7916000E+01, 0.4967784E+02, 0.4781103E+02, 0.4623813E+02, 0.4912023E+02,
 0.7918000E+01, 0.4969381E+02, 0.4783420E+02, 0.4625982E+02, 0.4914471E+02,
 0.7920000E+01, 0.4970978E+02, 0.4785737E+02, 0.4628150E+02, 0.4916919E+02,
 0.7922000E+01, 0.4972574E+02, 0.4788055E+02, 0.4630318E+02, 0.4919368E+02,
 0.7924000E+01, 0.4974169E+02, 0.4790372E+02, 0.4632487E+02, 0.4921817E+02,
 0.7926000E+01, 0.4975764E+02, 0.4792689E+02, 0.4634655E+02, 0.4924265E+02,
 0.7928000E+01, 0.4977358E+02, 0.4795007E+02, 0.4636823E+02, 0.4926714E+02,
 0.7930000E+01, 0.4978952E+02, 0.4797324E+02, 0.4638992E+02, 0.4929163E+02,
 0.7932000E+01, 0.4980545E+02, 0.4799641E+02, 0.4641160E+02, 0.4931612E+02,
 0.7934000E+01, 0.4982137E+02, 0.4801959E+02, 0.4643329E+02, 0.4934061E+02,
 0.7936000E+01, 0.4983729E+02, 0.4804277E+02, 0.4645497E+02, 0.4936510E+02,
 0.7938000E+01, 0.4985320E+02, 0.4806594E+02, 0.4647666E+02, 0.4938960E+02,
 0.7940000E+01, 0.4986911E+02, 0.4808912E+02, 0.4649834E+02, 0.4941409E+02,
 0.7942000E+01, 0.4988501E+02, 0.4811230E+02, 0.4652003E+02, 0.4943858E+02,
 0.7944000E+01, 0.4990091E+02, 0.4813548E+02, 0.4654171E+02, 0.4946307E+02,
 0.7946000E+01, 0.4991679E+02, 0.4815866E+02, 0.4656340E+02, 0.4948757E+02,
 0.7948000E+01, 0.4993268E+02, 0.4818184E+02, 0.4658508E+02, 0.4951207E+02,
 0.7950000E+01, 0.4994855E+02, 0.4820502E+02, 0.4660677E+02, 0.4953656E+02,
 0.7952000E+01, 0.4996443E+02, 0.4822820E+02, 0.4662845E+02, 0.4956106E+02,
 0.7954000E+01, 0.4998029E+02, 0.4825138E+02, 0.4665014E+02, 0.4958556E+02,
 0.7956000E+01, 0.4999615E+02, 0.4827456E+02, 0.4667183E+02, 0.4961006E+02,
 0.7958000E+01, 0.5001201E+02, 0.4829774E+02, 0.4669351E+02, 0.4963456E+02,
 0.7960000E+01, 0.5002785E+02, 0.4832092E+02, 0.4671519E+02, 0.4965906E+02,
 0.7962000E+01, 0.5004370E+02, 0.4834410E+02, 0.4673688E+02, 0.4968356E+02,
 0.7964000E+01, 0.5005954E+02, 0.4836728E+02, 0.4675857E+02, 0.4970807E+02,
 0.7966000E+01, 0.5007537E+02, 0.4839047E+02, 0.4678025E+02, 0.4973257E+02,
 0.7968000E+01, 0.5009119E+02, 0.4841365E+02, 0.4680194E+02, 0.4975707E+02,
 0.7970000E+01, 0.5010701E+02, 0.4843683E+02, 0.4682362E+02, 0.4978158E+02,
 0.7972000E+01, 0.5012282E+02, 0.4846002E+02, 0.4684531E+02, 0.4980608E+02,
 0.7974000E+01, 0.5013863E+02, 0.4848320E+02, 0.4686700E+02, 0.4983059E+02,
 0.7976000E+01, 0.5015443E+02, 0.4850639E+02, 0.4688868E+02, 0.4985509E+02,
 0.7978000E+01, 0.5017023E+02, 0.4852957E+02, 0.4691037E+02, 0.4987960E+02,
 0.7980000E+01, 0.5018602E+02, 0.4855275E+02, 0.4693205E+02, 0.4990411E+02,
 0.7982000E+01, 0.5020180E+02, 0.4857594E+02, 0.4695374E+02, 0.4992862E+02,
 0.7984000E+01, 0.5021758E+02, 0.4859912E+02, 0.4697542E+02, 0.4995313E+02,
 0.7986000E+01, 0.5023335E+02, 0.4862231E+02, 0.4699710E+02, 0.4997764E+02,
 0.7988000E+01, 0.5024911E+02, 0.4864550E+02, 0.4701879E+02, 0.5000215E+02,
 0.7990000E+01, 0.5026488E+02, 0.4866868E+02, 0.4704047E+02, 0.5002666E+02,
 0.7992000E+01, 0.5028063E+02, 0.4869187E+02, 0.4706216E+02, 0.5005117E+02,
 0.7994000E+01, 0.5029638E+02, 0.4871505E+02, 0.4708384E+02, 0.5007568E+02,
 0.7996000E+01, 0.5031212E+02, 0.4873824E+02, 0.4710553E+02, 0.5010019E+02,
 0.7998000E+01, 0.5032786E+02, 0.4876143E+02, 0.4712721E+02, 0.5012471E+02,
 0.8000000E+01, 0.5034359E+02, 0.4878461E+02, 0.4714890E+02, 0.5014922E+02,
 0.8002000E+01, 0.5035931E+02, 0.4880780E+02, 0.4717058E+02, 0.5017373E+02,
 0.8004000E+01, 0.5037503E+02, 0.4883099E+02, 0.4719226E+02, 0.5019825E+02,
 0.8006000E+01, 0.5039074E+02, 0.4885418E+02, 0.4721394E+02, 0.5022276E+02,
 0.8008000E+01, 0.5040645E+02, 0.4887736E+02, 0.4723563E+02, 0.5024727E+02,
 0.8010000E+01, 0.5042215E+02, 0.4890055E+02, 0.4725731E+02, 0.5027179E+02,
 0.8012000E+01, 0.5043785E+02, 0.4892374E+02, 0.4727899E+02, 0.5029630E+02,
 0.8014000E+01, 0.5045354E+02, 0.4894692E+02, 0.4730067E+02, 0.5032082E+02,
 0.8016000E+01, 0.5046922E+02, 0.4897011E+02, 0.4732236E+02, 0.5034534E+02,
 0.8018000E+01, 0.5048489E+02, 0.4899330E+02, 0.4734404E+02, 0.5036985E+02,
 0.8020000E+01, 0.5050057E+02, 0.4901648E+02, 0.4736572E+02, 0.5039437E+02,
 0.8022000E+01, 0.5051623E+02, 0.4903967E+02, 0.4738740E+02, 0.5041889E+02,
 0.8024000E+01, 0.5053189E+02, 0.4906286E+02, 0.4740908E+02, 0.5044341E+02,
 0.8026000E+01, 0.5054754E+02, 0.4908604E+02, 0.4743076E+02, 0.5046792E+02,
 0.8028000E+01, 0.5056319E+02, 0.4910923E+02, 0.4745244E+02, 0.5049244E+02,
 0.8030000E+01, 0.5057883E+02, 0.4913242E+02, 0.4747412E+02, 0.5051696E+02,
 0.8032000E+01, 0.5059447E+02, 0.4915561E+02, 0.4749580E+02, 0.5054148E+02,
 0.8034000E+01, 0.5061010E+02, 0.4917879E+02, 0.4751748E+02, 0.5056599E+02,
 0.8036000E+01, 0.5062572E+02, 0.4920198E+02, 0.4753915E+02, 0.5059052E+02,
 0.8038000E+01, 0.5064134E+02, 0.4922516E+02, 0.4756083E+02, 0.5061503E+02,
 0.8040000E+01, 0.5065695E+02, 0.4924835E+02, 0.4758250E+02, 0.5063955E+02,
 0.8042000E+01, 0.5067255E+02, 0.4927154E+02, 0.4760418E+02, 0.5066407E+02,
 0.8044000E+01, 0.5068815E+02, 0.4929472E+02, 0.4762586E+02, 0.5068859E+02,
 0.8046000E+01, 0.5070375E+02, 0.4931791E+02, 0.4764753E+02, 0.5071311E+02,
 0.8048000E+01, 0.5071933E+02, 0.4934109E+02, 0.4766921E+02, 0.5073763E+02,
 0.8050000E+01, 0.5073492E+02, 0.4936428E+02, 0.4769088E+02, 0.5076215E+02,
 0.8052000E+01, 0.5075049E+02, 0.4938746E+02, 0.4771255E+02, 0.5078667E+02,
 0.8054000E+01, 0.5076606E+02, 0.4941065E+02, 0.4773423E+02, 0.5081119E+02,
 0.8056000E+01, 0.5078162E+02, 0.4943383E+02, 0.4775590E+02, 0.5083571E+02,
 0.8058000E+01, 0.5079718E+02, 0.4945702E+02, 0.4777757E+02, 0.5086023E+02,
 0.8060000E+01, 0.5081273E+02, 0.4948020E+02, 0.4779924E+02, 0.5088475E+02,
 0.8062000E+01, 0.5082828E+02, 0.4950338E+02, 0.4782092E+02, 0.5090927E+02,
 0.8064000E+01, 0.5084381E+02, 0.4952657E+02, 0.4784259E+02, 0.5093379E+02,
 0.8066000E+01, 0.5085935E+02, 0.4954975E+02, 0.4786425E+02, 0.5095831E+02,
 0.8068000E+01, 0.5087487E+02, 0.4957293E+02, 0.4788592E+02, 0.5098283E+02,
 0.8070000E+01, 0.5089040E+02, 0.4959612E+02, 0.4790759E+02, 0.5100735E+02,
 0.8072000E+01, 0.5090591E+02, 0.4961930E+02, 0.4792926E+02, 0.5103187E+02,
 0.8074000E+01, 0.5092142E+02, 0.4964248E+02, 0.4795092E+02, 0.5105639E+02,
 0.8076000E+01, 0.5093692E+02, 0.4966566E+02, 0.4797259E+02, 0.5108091E+02,
 0.8078000E+01, 0.5095242E+02, 0.4968884E+02, 0.4799426E+02, 0.5110543E+02,
 0.8080000E+01, 0.5096791E+02, 0.4971202E+02, 0.4801592E+02, 0.5112995E+02,
 0.8082000E+01, 0.5098339E+02, 0.4973520E+02, 0.4803759E+02, 0.5115447E+02,
 0.8084000E+01, 0.5099887E+02, 0.4975838E+02, 0.4805925E+02, 0.5117899E+02,
 0.8086000E+01, 0.5101434E+02, 0.4978156E+02, 0.4808091E+02, 0.5120351E+02,
 0.8088000E+01, 0.5102981E+02, 0.4980474E+02, 0.4810257E+02, 0.5122803E+02,
 0.8090000E+01, 0.5104527E+02, 0.4982792E+02, 0.4812423E+02, 0.5125254E+02,
 0.8092000E+01, 0.5106072E+02, 0.4985109E+02, 0.4814589E+02, 0.5127706E+02,
 0.8094000E+01, 0.5107617E+02, 0.4987427E+02, 0.4816755E+02, 0.5130158E+02,
 0.8096000E+01, 0.5109161E+02, 0.4989744E+02, 0.4818921E+02, 0.5132610E+02,
 0.8098000E+01, 0.5110705E+02, 0.4992062E+02, 0.4821087E+02, 0.5135062E+02,
 0.8100000E+01, 0.5112248E+02, 0.4994379E+02, 0.4823252E+02, 0.5137513E+02,
 0.8102000E+01, 0.5113790E+02, 0.4996697E+02, 0.4825418E+02, 0.5139965E+02,
 0.8104000E+01, 0.5115332E+02, 0.4999014E+02, 0.4827583E+02, 0.5142417E+02,
 0.8106000E+01, 0.5116873E+02, 0.5001331E+02, 0.4829749E+02, 0.5144868E+02,
 0.8108000E+01, 0.5118414E+02, 0.5003649E+02, 0.4831914E+02, 0.5147320E+02,
 0.8110000E+01, 0.5119953E+02, 0.5005966E+02, 0.4834079E+02, 0.5149771E+02,
 0.8112000E+01, 0.5121492E+02, 0.5008283E+02, 0.4836245E+02, 0.5152223E+02,
 0.8114000E+01, 0.5123031E+02, 0.5010600E+02, 0.4838409E+02, 0.5154675E+02,
 0.8116000E+01, 0.5124569E+02, 0.5012917E+02, 0.4840574E+02, 0.5157126E+02,
 0.8118000E+01, 0.5126107E+02, 0.5015234E+02, 0.4842739E+02, 0.5159577E+02,
 0.8120000E+01, 0.5127643E+02, 0.5017551E+02, 0.4844904E+02, 0.5162029E+02,
 0.8122000E+01, 0.5129179E+02, 0.5019867E+02, 0.4847068E+02, 0.5164480E+02,
 0.8124000E+01, 0.5130715E+02, 0.5022184E+02, 0.4849233E+02, 0.5166931E+02,
 0.8126000E+01, 0.5132250E+02, 0.5024501E+02, 0.4851397E+02, 0.5169382E+02,
 0.8128000E+01, 0.5133784E+02, 0.5026817E+02, 0.4853561E+02, 0.5171833E+02,
 0.8130000E+01, 0.5135318E+02, 0.5029134E+02, 0.4855726E+02, 0.5174285E+02,
 0.8132000E+01, 0.5136851E+02, 0.5031450E+02, 0.4857890E+02, 0.5176736E+02,
 0.8134000E+01, 0.5138383E+02, 0.5033766E+02, 0.4860054E+02, 0.5179187E+02,
 0.8136000E+01, 0.5139915E+02, 0.5036082E+02, 0.4862218E+02, 0.5181638E+02,
 0.8138000E+01, 0.5141446E+02, 0.5038398E+02, 0.4864381E+02, 0.5184089E+02,
 0.8140000E+01, 0.5142977E+02, 0.5040714E+02, 0.4866545E+02, 0.5186539E+02,
 0.8142000E+01, 0.5144507E+02, 0.5043030E+02, 0.4868708E+02, 0.5188990E+02,
 0.8144000E+01, 0.5146036E+02, 0.5045346E+02, 0.4870872E+02, 0.5191441E+02,
 0.8146000E+01, 0.5147565E+02, 0.5047662E+02, 0.4873035E+02, 0.5193891E+02,
 0.8148000E+01, 0.5149093E+02, 0.5049977E+02, 0.4875198E+02, 0.5196342E+02,
 0.8150000E+01, 0.5150621E+02, 0.5052293E+02, 0.4877361E+02, 0.5198792E+02,
 0.8152000E+01, 0.5152147E+02, 0.5054609E+02, 0.4879524E+02, 0.5201242E+02,
 0.8154000E+01, 0.5153674E+02, 0.5056924E+02, 0.4881687E+02, 0.5203693E+02,
 0.8156000E+01, 0.5155199E+02, 0.5059239E+02, 0.4883849E+02, 0.5206143E+02,
 0.8158000E+01, 0.5156724E+02, 0.5061554E+02, 0.4886012E+02, 0.5208593E+02,
 0.8160000E+01, 0.5158249E+02, 0.5063869E+02, 0.4888174E+02, 0.5211043E+02,
 0.8162000E+01, 0.5159772E+02, 0.5066184E+02, 0.4890336E+02, 0.5213493E+02,
 0.8164000E+01, 0.5161295E+02, 0.5068499E+02, 0.4892498E+02, 0.5215943E+02,
 0.8166000E+01, 0.5162818E+02, 0.5070813E+02, 0.4894661E+02, 0.5218393E+02,
 0.8168000E+01, 0.5164339E+02, 0.5073128E+02, 0.4896822E+02, 0.5220843E+02,
 0.8170000E+01, 0.5165861E+02, 0.5075443E+02, 0.4898984E+02, 0.5223293E+02,
 0.8172000E+01, 0.5167381E+02, 0.5077757E+02, 0.4901146E+02, 0.5225742E+02,
 0.8174000E+01, 0.5168901E+02, 0.5080071E+02, 0.4903307E+02, 0.5228191E+02,
 0.8176000E+01, 0.5170420E+02, 0.5082385E+02, 0.4905468E+02, 0.5230641E+02,
 0.8178000E+01, 0.5171939E+02, 0.5084699E+02, 0.4907629E+02, 0.5233090E+02,
 0.8180000E+01, 0.5173457E+02, 0.5087013E+02, 0.4909790E+02, 0.5235539E+02,
 0.8182000E+01, 0.5174974E+02, 0.5089326E+02, 0.4911951E+02, 0.5237988E+02,
 0.8184000E+01, 0.5176491E+02, 0.5091640E+02, 0.4914112E+02, 0.5240437E+02,
 0.8186000E+01, 0.5178007E+02, 0.5093954E+02, 0.4916272E+02, 0.5242886E+02,
 0.8188000E+01, 0.5179523E+02, 0.5096267E+02, 0.4918433E+02, 0.5245335E+02,
 0.8190000E+01, 0.5181038E+02, 0.5098580E+02, 0.4920593E+02, 0.5247784E+02,
 0.8192000E+01, 0.5182552E+02, 0.5100893E+02, 0.4922753E+02, 0.5250232E+02,
 0.8194000E+01, 0.5184065E+02, 0.5103206E+02, 0.4924913E+02, 0.5252681E+02,
 0.8196000E+01, 0.5185578E+02, 0.5105519E+02, 0.4927073E+02, 0.5255129E+02,
 0.8198000E+01, 0.5187090E+02, 0.5107832E+02, 0.4929232E+02, 0.5257578E+02,
 0.8200000E+01, 0.5188602E+02, 0.5110144E+02, 0.4931392E+02, 0.5260025E+02,
 0.8202000E+01, 0.5190113E+02, 0.5112457E+02, 0.4933551E+02, 0.5262474E+02,
 0.8204000E+01, 0.5191623E+02, 0.5114769E+02, 0.4935710E+02, 0.5264922E+02,
 0.8206000E+01, 0.5193133E+02, 0.5117081E+02, 0.4937869E+02, 0.5267369E+02,
 0.8208000E+01, 0.5194642E+02, 0.5119393E+02, 0.4940028E+02, 0.5269817E+02,
 0.8210000E+01, 0.5196151E+02, 0.5121705E+02, 0.4942186E+02, 0.5272264E+02,
 0.8212000E+01, 0.5197659E+02, 0.5124017E+02, 0.4944345E+02, 0.5274712E+02,
 0.8214000E+01, 0.5199166E+02, 0.5126328E+02, 0.4946503E+02, 0.5277159E+02,
 0.8216000E+01, 0.5200672E+02, 0.5128640E+02, 0.4948661E+02, 0.5279606E+02,
 0.8218000E+01, 0.5202178E+02, 0.5130951E+02, 0.4950819E+02, 0.5282053E+02,
 0.8220000E+01, 0.5203683E+02, 0.5133262E+02, 0.4952977E+02, 0.5284500E+02,
 0.8222000E+01, 0.5205188E+02, 0.5135573E+02, 0.4955135E+02, 0.5286947E+02,
 0.8224000E+01, 0.5206692E+02, 0.5137884E+02, 0.4957292E+02, 0.5289394E+02,
 0.8226000E+01, 0.5208195E+02, 0.5140194E+02, 0.4959449E+02, 0.5291840E+02,
 0.8228000E+01, 0.5209698E+02, 0.5142505E+02, 0.4961606E+02, 0.5294287E+02,
 0.8230000E+01, 0.5211200E+02, 0.5144815E+02, 0.4963763E+02, 0.5296733E+02,
 0.8232000E+01, 0.5212701E+02, 0.5147125E+02, 0.4965920E+02, 0.5299179E+02,
 0.8234000E+01, 0.5214202E+02, 0.5149435E+02, 0.4968076E+02, 0.5301625E+02,
 0.8236000E+01, 0.5215702E+02, 0.5151745E+02, 0.4970233E+02, 0.5304071E+02,
 0.8238000E+01, 0.5217201E+02, 0.5154055E+02, 0.4972389E+02, 0.5306516E+02,
 0.8240000E+01, 0.5218700E+02, 0.5156364E+02, 0.4974545E+02, 0.5308962E+02,
 0.8242000E+01, 0.5220198E+02, 0.5158673E+02, 0.4976701E+02, 0.5311407E+02,
 0.8244000E+01, 0.5221696E+02, 0.5160983E+02, 0.4978856E+02, 0.5313852E+02,
 0.8246000E+01, 0.5223193E+02, 0.5163291E+02, 0.4981011E+02, 0.5316298E+02,
 0.8248000E+01, 0.5224689E+02, 0.5165600E+02, 0.4983167E+02, 0.5318742E+02,
 0.8250000E+01, 0.5226184E+02, 0.5167908E+02, 0.4985321E+02, 0.5321187E+02,
 0.8252000E+01, 0.5227679E+02, 0.5170217E+02, 0.4987476E+02, 0.5323632E+02,
 0.8254000E+01, 0.5229173E+02, 0.5172525E+02, 0.4989631E+02, 0.5326076E+02,
 0.8256000E+01, 0.5230667E+02, 0.5174833E+02, 0.4991785E+02, 0.5328520E+02,
 0.8258000E+01, 0.5232160E+02, 0.5177141E+02, 0.4993939E+02, 0.5330964E+02,
 0.8260000E+01, 0.5233652E+02, 0.5179449E+02, 0.4996093E+02, 0.5333408E+02,
 0.8262000E+01, 0.5235143E+02, 0.5181756E+02, 0.4998247E+02, 0.5335852E+02,
 0.8264000E+01, 0.5236634E+02, 0.5184064E+02, 0.5000401E+02, 0.5338296E+02,
 0.8266000E+01, 0.5238125E+02, 0.5186371E+02, 0.5002554E+02, 0.5340739E+02,
 0.8268000E+01, 0.5239614E+02, 0.5188678E+02, 0.5004707E+02, 0.5343182E+02,
 0.8270000E+01, 0.5241103E+02, 0.5190984E+02, 0.5006860E+02, 0.5345625E+02,
 0.8272000E+01, 0.5242591E+02, 0.5193291E+02, 0.5009013E+02, 0.5348068E+02,
 0.8274000E+01, 0.5244079E+02, 0.5195597E+02, 0.5011165E+02, 0.5350511E+02,
 0.8276000E+01, 0.5245566E+02, 0.5197903E+02, 0.5013317E+02, 0.5352954E+02,
 0.8278000E+01, 0.5247052E+02, 0.5200209E+02, 0.5015469E+02, 0.5355396E+02,
 0.8280000E+01, 0.5248538E+02, 0.5202515E+02, 0.5017621E+02, 0.5357838E+02,
 0.8282000E+01, 0.5250023E+02, 0.5204820E+02, 0.5019773E+02, 0.5360280E+02,
 0.8284000E+01, 0.5251508E+02, 0.5207126E+02, 0.5021924E+02, 0.5362722E+02,
 0.8286000E+01, 0.5252991E+02, 0.5209431E+02, 0.5024075E+02, 0.5365163E+02,
 0.8288000E+01, 0.5254474E+02, 0.5211736E+02, 0.5026226E+02, 0.5367605E+02,
 0.8290000E+01, 0.5255956E+02, 0.5214040E+02, 0.5028377E+02, 0.5370046E+02,
 0.8292000E+01, 0.5257438E+02, 0.5216345E+02, 0.5030527E+02, 0.5372487E+02,
 0.8294000E+01, 0.5258919E+02, 0.5218649E+02, 0.5032677E+02, 0.5374928E+02,
 0.8296000E+01, 0.5260400E+02, 0.5220953E+02, 0.5034827E+02, 0.5377369E+02,
 0.8298000E+01, 0.5261879E+02, 0.5223257E+02, 0.5036977E+02, 0.5379809E+02,
 0.8300000E+01, 0.5263358E+02, 0.5225560E+02, 0.5039127E+02, 0.5382249E+02,
 0.8302000E+01, 0.5264837E+02, 0.5227864E+02, 0.5041276E+02, 0.5384689E+02,
 0.8304000E+01, 0.5266314E+02, 0.5230167E+02, 0.5043425E+02, 0.5387129E+02,
 0.8306000E+01, 0.5267791E+02, 0.5232470E+02, 0.5045574E+02, 0.5389569E+02,
 0.8308000E+01, 0.5269268E+02, 0.5234773E+02, 0.5047723E+02, 0.5392009E+02,
 0.8310000E+01, 0.5270743E+02, 0.5237075E+02, 0.5049871E+02, 0.5394448E+02,
 0.8312000E+01, 0.5272218E+02, 0.5239378E+02, 0.5052019E+02, 0.5396887E+02,
 0.8314000E+01, 0.5273693E+02, 0.5241679E+02, 0.5054167E+02, 0.5399326E+02,
 0.8316000E+01, 0.5275166E+02, 0.5243981E+02, 0.5056314E+02, 0.5401764E+02,
 0.8318000E+01, 0.5276639E+02, 0.5246283E+02, 0.5058462E+02, 0.5404202E+02,
 0.8320000E+01, 0.5278112E+02, 0.5248584E+02, 0.5060609E+02, 0.5406641E+02,
 0.8322000E+01, 0.5279583E+02, 0.5250885E+02, 0.5062756E+02, 0.5409079E+02,
 0.8324000E+01, 0.5281054E+02, 0.5253186E+02, 0.5064902E+02, 0.5411516E+02,
 0.8326000E+01, 0.5282524E+02, 0.5255487E+02, 0.5067049E+02, 0.5413954E+02,
 0.8328000E+01, 0.5283994E+02, 0.5257787E+02, 0.5069195E+02, 0.5416391E+02,
 0.8330000E+01, 0.5285463E+02, 0.5260087E+02, 0.5071341E+02, 0.5418828E+02,
 0.8332000E+01, 0.5286932E+02, 0.5262387E+02, 0.5073486E+02, 0.5421265E+02,
 0.8334000E+01, 0.5288399E+02, 0.5264687E+02, 0.5075631E+02, 0.5423701E+02,
 0.8336000E+01, 0.5289866E+02, 0.5266986E+02, 0.5077777E+02, 0.5426138E+02,
 0.8338000E+01, 0.5291332E+02, 0.5269285E+02, 0.5079921E+02, 0.5428574E+02,
 0.8340000E+01, 0.5292798E+02, 0.5271584E+02, 0.5082066E+02, 0.5431010E+02,
 0.8342000E+01, 0.5294263E+02, 0.5273883E+02, 0.5084210E+02, 0.5433445E+02,
 0.8344000E+01, 0.5295727E+02, 0.5276181E+02, 0.5086354E+02, 0.5435881E+02,
 0.8346000E+01, 0.5297191E+02, 0.5278479E+02, 0.5088498E+02, 0.5438316E+02,
 0.8348000E+01, 0.5298653E+02, 0.5280777E+02, 0.5090641E+02, 0.5440751E+02,
 0.8350000E+01, 0.5300116E+02, 0.5283075E+02, 0.5092785E+02, 0.5443185E+02,
 0.8352000E+01, 0.5301577E+02, 0.5285372E+02, 0.5094927E+02, 0.5445620E+02,
 0.8354000E+01, 0.5303038E+02, 0.5287669E+02, 0.5097070E+02, 0.5448054E+02,
 0.8356000E+01, 0.5304498E+02, 0.5289966E+02, 0.5099212E+02, 0.5450488E+02,
 0.8358000E+01, 0.5305958E+02, 0.5292262E+02, 0.5101355E+02, 0.5452922E+02,
 0.8360000E+01, 0.5307417E+02, 0.5294559E+02, 0.5103496E+02, 0.5455355E+02,
 0.8362000E+01, 0.5308875E+02, 0.5296855E+02, 0.5105638E+02, 0.5457788E+02,
 0.8364000E+01, 0.5310332E+02, 0.5299150E+02, 0.5107779E+02, 0.5460221E+02,
 0.8366000E+01, 0.5311789E+02, 0.5301446E+02, 0.5109920E+02, 0.5462654E+02,
 0.8368000E+01, 0.5313245E+02, 0.5303741E+02, 0.5112061E+02, 0.5465086E+02,
 0.8370000E+01, 0.5314700E+02, 0.5306036E+02, 0.5114201E+02, 0.5467518E+02,
 0.8372000E+01, 0.5316155E+02, 0.5308331E+02, 0.5116341E+02, 0.5469950E+02,
 0.8374000E+01, 0.5317609E+02, 0.5310625E+02, 0.5118481E+02, 0.5472382E+02,
 0.8376000E+01, 0.5319062E+02, 0.5312919E+02, 0.5120620E+02, 0.5474813E+02,
 0.8378000E+01, 0.5320515E+02, 0.5315213E+02, 0.5122760E+02, 0.5477244E+02,
 0.8380000E+01, 0.5321967E+02, 0.5317506E+02, 0.5124899E+02, 0.5479675E+02,
 0.8382000E+01, 0.5323418E+02, 0.5319800E+02, 0.5127037E+02, 0.5482106E+02,
 0.8384000E+01, 0.5324869E+02, 0.5322092E+02, 0.5129176E+02, 0.5484536E+02,
 0.8386000E+01, 0.5326319E+02, 0.5324385E+02, 0.5131313E+02, 0.5486966E+02,
 0.8388000E+01, 0.5327768E+02, 0.5326678E+02, 0.5133451E+02, 0.5489396E+02,
 0.8390000E+01, 0.5329216E+02, 0.5328970E+02, 0.5135588E+02, 0.5491825E+02,
 0.8392000E+01, 0.5330664E+02, 0.5331261E+02, 0.5137726E+02, 0.5494254E+02,
 0.8394000E+01, 0.5332111E+02, 0.5333553E+02, 0.5139862E+02, 0.5496683E+02,
 0.8396000E+01, 0.5333558E+02, 0.5335844E+02, 0.5141999E+02, 0.5499112E+02,
 0.8398000E+01, 0.5335003E+02, 0.5338135E+02, 0.5144135E+02, 0.5501540E+02,
 0.8400000E+01, 0.5336449E+02, 0.5340425E+02, 0.5146271E+02, 0.5503968E+02,
 0.8402000E+01, 0.5337893E+02, 0.5342716E+02, 0.5148407E+02, 0.5506396E+02,
 0.8404000E+01, 0.5339336E+02, 0.5345006E+02, 0.5150542E+02, 0.5508823E+02,
 0.8406000E+01, 0.5340779E+02, 0.5347295E+02, 0.5152677E+02, 0.5511250E+02,
 0.8408000E+01, 0.5342222E+02, 0.5349585E+02, 0.5154811E+02, 0.5513677E+02,
 0.8410000E+01, 0.5343663E+02, 0.5351874E+02, 0.5156946E+02, 0.5516103E+02,
 0.8412000E+01, 0.5345104E+02, 0.5354163E+02, 0.5159080E+02, 0.5518530E+02,
 0.8414000E+01, 0.5346544E+02, 0.5356451E+02, 0.5161214E+02, 0.5520956E+02,
 0.8416000E+01, 0.5347984E+02, 0.5358739E+02, 0.5163347E+02, 0.5523381E+02,
 0.8418000E+01, 0.5349423E+02, 0.5361027E+02, 0.5165480E+02, 0.5525807E+02,
 0.8420000E+01, 0.5350861E+02, 0.5363314E+02, 0.5167613E+02, 0.5528232E+02,
 0.8422000E+01, 0.5352298E+02, 0.5365602E+02, 0.5169745E+02, 0.5530656E+02,
 0.8424000E+01, 0.5353735E+02, 0.5367889E+02, 0.5171877E+02, 0.5533081E+02,
 0.8426000E+01, 0.5355171E+02, 0.5370175E+02, 0.5174009E+02, 0.5535505E+02,
 0.8428000E+01, 0.5356606E+02, 0.5372461E+02, 0.5176141E+02, 0.5537929E+02,
 0.8430000E+01, 0.5358041E+02, 0.5374747E+02, 0.5178271E+02, 0.5540352E+02,
 0.8432000E+01, 0.5359475E+02, 0.5377033E+02, 0.5180402E+02, 0.5542775E+02,
 0.8434000E+01, 0.5360908E+02, 0.5379318E+02, 0.5182533E+02, 0.5545198E+02,
 0.8436000E+01, 0.5362341E+02, 0.5381603E+02, 0.5184663E+02, 0.5547621E+02,
 0.8438000E+01, 0.5363772E+02, 0.5383887E+02, 0.5186793E+02, 0.5550043E+02,
 0.8440000E+01, 0.5365203E+02, 0.5386172E+02, 0.5188922E+02, 0.5552465E+02,
 0.8442000E+01, 0.5366634E+02, 0.5388456E+02, 0.5191051E+02, 0.5554886E+02,
 0.8444000E+01, 0.5368063E+02, 0.5390739E+02, 0.5193180E+02, 0.5557308E+02,
 0.8446000E+01, 0.5369492E+02, 0.5393023E+02, 0.5195308E+02, 0.5559729E+02,
 0.8448000E+01, 0.5370921E+02, 0.5395306E+02, 0.5197436E+02, 0.5562149E+02,
 0.8450000E+01, 0.5372348E+02, 0.5397588E+02, 0.5199564E+02, 0.5564569E+02,
 0.8452000E+01, 0.5373775E+02, 0.5399870E+02, 0.5201691E+02, 0.5566990E+02,
 0.8454000E+01, 0.5375201E+02, 0.5402152E+02, 0.5203818E+02, 0.5569409E+02,
 0.8456000E+01, 0.5376627E+02, 0.5404434E+02, 0.5205945E+02, 0.5571828E+02,
 0.8458000E+01, 0.5378052E+02, 0.5406715E+02, 0.5208071E+02, 0.5574247E+02,
 0.8460000E+01, 0.5379476E+02, 0.5408996E+02, 0.5210197E+02, 0.5576665E+02,
 0.8462000E+01, 0.5380899E+02, 0.5411276E+02, 0.5212323E+02, 0.5579084E+02,
 0.8464000E+01, 0.5382322E+02, 0.5413557E+02, 0.5214448E+02, 0.5581502E+02,
 0.8466000E+01, 0.5383744E+02, 0.5415836E+02, 0.5216573E+02, 0.5583920E+02,
 0.8468000E+01, 0.5385165E+02, 0.5418116E+02, 0.5218697E+02, 0.5586337E+02,
 0.8470000E+01, 0.5386585E+02, 0.5420395E+02, 0.5220822E+02, 0.5588754E+02,
 0.8472000E+01, 0.5388005E+02, 0.5422673E+02, 0.5222945E+02, 0.5591170E+02,
 0.8474000E+01, 0.5389424E+02, 0.5424952E+02, 0.5225069E+02, 0.5593586E+02,
 0.8476000E+01, 0.5390843E+02, 0.5427230E+02, 0.5227192E+02, 0.5596002E+02,
 0.8478000E+01, 0.5392260E+02, 0.5429508E+02, 0.5229315E+02, 0.5598417E+02,
 0.8480000E+01, 0.5393677E+02, 0.5431785E+02, 0.5231437E+02, 0.5600832E+02,
 0.8482000E+01, 0.5395094E+02, 0.5434062E+02, 0.5233559E+02, 0.5603247E+02,
 0.8484000E+01, 0.5396509E+02, 0.5436338E+02, 0.5235681E+02, 0.5605661E+02,
 0.8486000E+01, 0.5397924E+02, 0.5438615E+02, 0.5237802E+02, 0.5608076E+02,
 0.8488000E+01, 0.5399338E+02, 0.5440891E+02, 0.5239923E+02, 0.5610489E+02,
 0.8490000E+01, 0.5400751E+02, 0.5443166E+02, 0.5242043E+02, 0.5612902E+02,
 0.8492000E+01, 0.5402164E+02, 0.5445441E+02, 0.5244163E+02, 0.5615315E+02,
 0.8494000E+01, 0.5403576E+02, 0.5447716E+02, 0.5246283E+02, 0.5617728E+02,
 0.8496000E+01, 0.5404987E+02, 0.5449990E+02, 0.5248402E+02, 0.5620140E+02,
 0.8498000E+01, 0.5406398E+02, 0.5452264E+02, 0.5250521E+02, 0.5622552E+02,
 0.8500000E+01, 0.5407808E+02, 0.5454538E+02, 0.5252640E+02, 0.5624963E+02,
 0.8502000E+01, 0.5409217E+02, 0.5456811E+02, 0.5254758E+02, 0.5627375E+02,
 0.8504000E+01, 0.5410625E+02, 0.5459084E+02, 0.5256876E+02, 0.5629785E+02,
 0.8506000E+01, 0.5412033E+02, 0.5461356E+02, 0.5258994E+02, 0.5632195E+02,
 0.8508000E+01, 0.5413440E+02, 0.5463628E+02, 0.5261111E+02, 0.5634605E+02,
 0.8510000E+01, 0.5414846E+02, 0.5465900E+02, 0.5263227E+02, 0.5637015E+02,
 0.8512000E+01, 0.5416252E+02, 0.5468171E+02, 0.5265343E+02, 0.5639424E+02,
 0.8514000E+01, 0.5417656E+02, 0.5470442E+02, 0.5267459E+02, 0.5641833E+02,
 0.8516000E+01, 0.5419061E+02, 0.5472712E+02, 0.5269575E+02, 0.5644241E+02,
 0.8518000E+01, 0.5420464E+02, 0.5474982E+02, 0.5271690E+02, 0.5646649E+02,
 0.8520000E+01, 0.5421867E+02, 0.5477252E+02, 0.5273805E+02, 0.5649057E+02,
 0.8522000E+01, 0.5423269E+02, 0.5479522E+02, 0.5275919E+02, 0.5651464E+02,
 0.8524000E+01, 0.5424670E+02, 0.5481791E+02, 0.5278033E+02, 0.5653871E+02,
 0.8526000E+01, 0.5426070E+02, 0.5484059E+02, 0.5280146E+02, 0.5656277E+02,
 0.8528000E+01, 0.5427470E+02, 0.5486327E+02, 0.5282260E+02, 0.5658683E+02,
 0.8530000E+01, 0.5428869E+02, 0.5488595E+02, 0.5284372E+02, 0.5661089E+02,
 0.8532000E+01, 0.5430267E+02, 0.5490862E+02, 0.5286485E+02, 0.5663494E+02,
 0.8534000E+01, 0.5431665E+02, 0.5493129E+02, 0.5288597E+02, 0.5665899E+02,
 0.8536000E+01, 0.5433062E+02, 0.5495396E+02, 0.5290708E+02, 0.5668304E+02,
 0.8538000E+01, 0.5434458E+02, 0.5497662E+02, 0.5292819E+02, 0.5670708E+02,
 0.8540000E+01, 0.5435853E+02, 0.5499927E+02, 0.5294930E+02, 0.5673111E+02,
 0.8542000E+01, 0.5437248E+02, 0.5502193E+02, 0.5297040E+02, 0.5675515E+02,
 0.8544000E+01, 0.5438642E+02, 0.5504457E+02, 0.5299150E+02, 0.5677917E+02,
 0.8546000E+01, 0.5440035E+02, 0.5506722E+02, 0.5301260E+02, 0.5680320E+02,
 0.8548000E+01, 0.5441428E+02, 0.5508986E+02, 0.5303369E+02, 0.5682722E+02,
 0.8550000E+01, 0.5442820E+02, 0.5511250E+02, 0.5305477E+02, 0.5685123E+02,
 0.8552000E+01, 0.5444210E+02, 0.5513513E+02, 0.5307586E+02, 0.5687525E+02,
 0.8554000E+01, 0.5445601E+02, 0.5515776E+02, 0.5309693E+02, 0.5689925E+02,
 0.8556000E+01, 0.5446991E+02, 0.5518038E+02, 0.5311801E+02, 0.5692326E+02,
 0.8558000E+01, 0.5448380E+02, 0.5520300E+02, 0.5313908E+02, 0.5694726E+02,
 0.8560000E+01, 0.5449768E+02, 0.5522561E+02, 0.5316014E+02, 0.5697125E+02,
 0.8562000E+01, 0.5451155E+02, 0.5524823E+02, 0.5318120E+02, 0.5699524E+02,
 0.8564000E+01, 0.5452542E+02, 0.5527083E+02, 0.5320226E+02, 0.5701923E+02,
 0.8566000E+01, 0.5453928E+02, 0.5529343E+02, 0.5322331E+02, 0.5704321E+02,
 0.8568000E+01, 0.5455313E+02, 0.5531603E+02, 0.5324436E+02, 0.5706719E+02,
 0.8570000E+01, 0.5456697E+02, 0.5533863E+02, 0.5326540E+02, 0.5709116E+02,
 0.8572000E+01, 0.5458081E+02, 0.5536121E+02, 0.5328645E+02, 0.5711513E+02,
 0.8574000E+01, 0.5459464E+02, 0.5538380E+02, 0.5330748E+02, 0.5713910E+02,
 0.8576000E+01, 0.5460846E+02, 0.5540638E+02, 0.5332851E+02, 0.5716306E+02,
 0.8578000E+01, 0.5462228E+02, 0.5542896E+02, 0.5334954E+02, 0.5718701E+02,
 0.8580000E+01, 0.5463609E+02, 0.5545153E+02, 0.5337056E+02, 0.5721096E+02,
 0.8582000E+01, 0.5464989E+02, 0.5547410E+02, 0.5339158E+02, 0.5723491E+02,
 0.8584000E+01, 0.5466368E+02, 0.5549666E+02, 0.5341259E+02, 0.5725885E+02,
 0.8586000E+01, 0.5467747E+02, 0.5551922E+02, 0.5343360E+02, 0.5728279E+02,
 0.8588000E+01, 0.5469125E+02, 0.5554177E+02, 0.5345461E+02, 0.5730673E+02,
 0.8590000E+01, 0.5470502E+02, 0.5556432E+02, 0.5347561E+02, 0.5733066E+02,
 0.8592000E+01, 0.5471878E+02, 0.5558687E+02, 0.5349660E+02, 0.5735458E+02,
 0.8594000E+01, 0.5473254E+02, 0.5560941E+02, 0.5351759E+02, 0.5737850E+02,
 0.8596000E+01, 0.5474629E+02, 0.5563195E+02, 0.5353858E+02, 0.5740242E+02,
 0.8598000E+01, 0.5476004E+02, 0.5565448E+02, 0.5355956E+02, 0.5742633E+02,
 0.8600000E+01, 0.5477377E+02, 0.5567700E+02, 0.5358054E+02, 0.5745024E+02,
 0.8602000E+01, 0.5478750E+02, 0.5569953E+02, 0.5360152E+02, 0.5747414E+02,
 0.8604000E+01, 0.5480122E+02, 0.5572205E+02, 0.5362249E+02, 0.5749804E+02,
 0.8606000E+01, 0.5481493E+02, 0.5574456E+02, 0.5364345E+02, 0.5752193E+02,
 0.8608000E+01, 0.5482864E+02, 0.5576707E+02, 0.5366441E+02, 0.5754582E+02,
 0.8610000E+01, 0.5484233E+02, 0.5578957E+02, 0.5368536E+02, 0.5756971E+02,
 0.8612000E+01, 0.5485603E+02, 0.5581207E+02, 0.5370631E+02, 0.5759359E+02,
 0.8614000E+01, 0.5486971E+02, 0.5583457E+02, 0.5372726E+02, 0.5761746E+02,
 0.8616000E+01, 0.5488338E+02, 0.5585706E+02, 0.5374820E+02, 0.5764133E+02,
 0.8618000E+01, 0.5489705E+02, 0.5587954E+02, 0.5376914E+02, 0.5766520E+02,
 0.8620000E+01, 0.5491071E+02, 0.5590202E+02, 0.5379007E+02, 0.5768906E+02,
 0.8622000E+01, 0.5492437E+02, 0.5592450E+02, 0.5381100E+02, 0.5771291E+02,
 0.8624000E+01, 0.5493801E+02, 0.5594697E+02, 0.5383192E+02, 0.5773676E+02,
 0.8626000E+01, 0.5495165E+02, 0.5596944E+02, 0.5385284E+02, 0.5776061E+02,
 0.8628000E+01, 0.5496529E+02, 0.5599190E+02, 0.5387376E+02, 0.5778445E+02,
 0.8630000E+01, 0.5497891E+02, 0.5601436E+02, 0.5389466E+02, 0.5780829E+02,
 0.8632000E+01, 0.5499253E+02, 0.5603681E+02, 0.5391557E+02, 0.5783212E+02,
 0.8634000E+01, 0.5500613E+02, 0.5605926E+02, 0.5393647E+02, 0.5785595E+02,
 0.8636000E+01, 0.5501974E+02, 0.5608170E+02, 0.5395737E+02, 0.5787977E+02,
 0.8638000E+01, 0.5503333E+02, 0.5610414E+02, 0.5397826E+02, 0.5790359E+02,
 0.8640000E+01, 0.5504692E+02, 0.5612658E+02, 0.5399914E+02, 0.5792740E+02,
 0.8642000E+01, 0.5506050E+02, 0.5614900E+02, 0.5402002E+02, 0.5795121E+02,
 0.8644000E+01, 0.5507407E+02, 0.5617142E+02, 0.5404090E+02, 0.5797501E+02,
 0.8646000E+01, 0.5508764E+02, 0.5619384E+02, 0.5406177E+02, 0.5799881E+02,
 0.8648000E+01, 0.5510119E+02, 0.5621626E+02, 0.5408263E+02, 0.5802261E+02,
 0.8650000E+01, 0.5511474E+02, 0.5623867E+02, 0.5410350E+02, 0.5804639E+02,
 0.8652000E+01, 0.5512828E+02, 0.5626107E+02, 0.5412436E+02, 0.5807018E+02,
 0.8654000E+01, 0.5514182E+02, 0.5628347E+02, 0.5414521E+02, 0.5809396E+02,
 0.8656000E+01, 0.5515535E+02, 0.5630587E+02, 0.5416605E+02, 0.5811773E+02,
 0.8658000E+01, 0.5516887E+02, 0.5632825E+02, 0.5418689E+02, 0.5814150E+02,
 0.8660000E+01, 0.5518238E+02, 0.5635064E+02, 0.5420773E+02, 0.5816526E+02,
 0.8662000E+01, 0.5519588E+02, 0.5637302E+02, 0.5422857E+02, 0.5818902E+02,
 0.8664000E+01, 0.5520938E+02, 0.5639539E+02, 0.5424939E+02, 0.5821277E+02,
 0.8666000E+01, 0.5522287E+02, 0.5641776E+02, 0.5427021E+02, 0.5823652E+02,
 0.8668000E+01, 0.5523635E+02, 0.5644013E+02, 0.5429103E+02, 0.5826027E+02,
 0.8670000E+01, 0.5524983E+02, 0.5646249E+02, 0.5431184E+02, 0.5828400E+02,
 0.8672000E+01, 0.5526330E+02, 0.5648484E+02, 0.5433265E+02, 0.5830774E+02,
 0.8674000E+01, 0.5527676E+02, 0.5650719E+02, 0.5435345E+02, 0.5833147E+02,
 0.8676000E+01, 0.5529021E+02, 0.5652954E+02, 0.5437425E+02, 0.5835519E+02,
 0.8678000E+01, 0.5530365E+02, 0.5655188E+02, 0.5439505E+02, 0.5837891E+02,
 0.8680000E+01, 0.5531709E+02, 0.5657421E+02, 0.5441584E+02, 0.5840262E+02,
 0.8682000E+01, 0.5533052E+02, 0.5659654E+02, 0.5443662E+02, 0.5842633E+02,
 0.8684000E+01, 0.5534394E+02, 0.5661886E+02, 0.5445739E+02, 0.5845003E+02,
 0.8686000E+01, 0.5535736E+02, 0.5664118E+02, 0.5447817E+02, 0.5847372E+02,
 0.8688000E+01, 0.5537077E+02, 0.5666349E+02, 0.5449894E+02, 0.5849742E+02,
 0.8690000E+01, 0.5538417E+02, 0.5668580E+02, 0.5451970E+02, 0.5852110E+02,
 0.8692000E+01, 0.5539756E+02, 0.5670810E+02, 0.5454045E+02, 0.5854478E+02,
 0.8694000E+01, 0.5541095E+02, 0.5673040E+02, 0.5456121E+02, 0.5856846E+02,
 0.8696000E+01, 0.5542432E+02, 0.5675270E+02, 0.5458195E+02, 0.5859213E+02,
 0.8698000E+01, 0.5543769E+02, 0.5677498E+02, 0.5460270E+02, 0.5861580E+02,
 0.8700000E+01, 0.5545105E+02, 0.5679726E+02, 0.5462344E+02, 0.5863946E+02,
 0.8702000E+01, 0.5546441E+02, 0.5681954E+02, 0.5464417E+02, 0.5866311E+02,
 0.8704000E+01, 0.5547776E+02, 0.5684181E+02, 0.5466489E+02, 0.5868676E+02,
 0.8706000E+01, 0.5549110E+02, 0.5686408E+02, 0.5468562E+02, 0.5871040E+02,
 0.8708000E+01, 0.5550443E+02, 0.5688634E+02, 0.5470633E+02, 0.5873404E+02,
 0.8710000E+01, 0.5551775E+02, 0.5690860E+02, 0.5472704E+02, 0.5875768E+02,
 0.8712000E+01, 0.5553107E+02, 0.5693085E+02, 0.5474775E+02, 0.5878130E+02,
 0.8714000E+01, 0.5554438E+02, 0.5695309E+02, 0.5476845E+02, 0.5880493E+02,
 0.8716000E+01, 0.5555768E+02, 0.5697533E+02, 0.5478915E+02, 0.5882854E+02,
 0.8718000E+01, 0.5557098E+02, 0.5699757E+02, 0.5480984E+02, 0.5885216E+02,
 0.8720000E+01, 0.5558427E+02, 0.5701979E+02, 0.5483052E+02, 0.5887576E+02,
 0.8722000E+01, 0.5559755E+02, 0.5704202E+02, 0.5485120E+02, 0.5889936E+02,
 0.8724000E+01, 0.5561082E+02, 0.5706424E+02, 0.5487188E+02, 0.5892296E+02,
 0.8726000E+01, 0.5562408E+02, 0.5708645E+02, 0.5489254E+02, 0.5894655E+02,
 0.8728000E+01, 0.5563734E+02, 0.5710866E+02, 0.5491321E+02, 0.5897013E+02,
 0.8730000E+01, 0.5565059E+02, 0.5713086E+02, 0.5493387E+02, 0.5899371E+02,
 0.8732000E+01, 0.5566383E+02, 0.5715306E+02, 0.5495452E+02, 0.5901728E+02,
 0.8734000E+01, 0.5567706E+02, 0.5717525E+02, 0.5497517E+02, 0.5904085E+02,
 0.8736000E+01, 0.5569029E+02, 0.5719743E+02, 0.5499581E+02, 0.5906441E+02,
 0.8738000E+01, 0.5570351E+02, 0.5721961E+02, 0.5501645E+02, 0.5908797E+02,
 0.8740000E+01, 0.5571672E+02, 0.5724179E+02, 0.5503708E+02, 0.5911152E+02,
 0.8742000E+01, 0.5572992E+02, 0.5726395E+02, 0.5505770E+02, 0.5913507E+02,
 0.8744000E+01, 0.5574312E+02, 0.5728612E+02, 0.5507833E+02, 0.5915860E+02,
 0.8746000E+01, 0.5575631E+02, 0.5730828E+02, 0.5509894E+02, 0.5918214E+02,
 0.8748000E+01, 0.5576949E+02, 0.5733043E+02, 0.5511955E+02, 0.5920567E+02,
 0.8750000E+01, 0.5578266E+02, 0.5735258E+02, 0.5514016E+02, 0.5922919E+02,
 0.8752000E+01, 0.5579583E+02, 0.5737472E+02, 0.5516076E+02, 0.5925270E+02,
 0.8754000E+01, 0.5580899E+02, 0.5739685E+02, 0.5518135E+02, 0.5927622E+02,
 0.8756000E+01, 0.5582214E+02, 0.5741898E+02, 0.5520194E+02, 0.5929972E+02,
 0.8758000E+01, 0.5583528E+02, 0.5744111E+02, 0.5522252E+02, 0.5932322E+02,
 0.8760000E+01, 0.5584842E+02, 0.5746323E+02, 0.5524310E+02, 0.5934671E+02,
 0.8762000E+01, 0.5586154E+02, 0.5748534E+02, 0.5526367E+02, 0.5937020E+02,
 0.8764000E+01, 0.5587466E+02, 0.5750745E+02, 0.5528424E+02, 0.5939368E+02,
 0.8766000E+01, 0.5588778E+02, 0.5752955E+02, 0.5530480E+02, 0.5941716E+02,
 0.8768000E+01, 0.5590088E+02, 0.5755164E+02, 0.5532536E+02, 0.5944063E+02,
 0.8770000E+01, 0.5591398E+02, 0.5757373E+02, 0.5534591E+02, 0.5946410E+02,
 0.8772000E+01, 0.5592707E+02, 0.5759582E+02, 0.5536645E+02, 0.5948756E+02,
 0.8774000E+01, 0.5594015E+02, 0.5761790E+02, 0.5538699E+02, 0.5951101E+02,
 0.8776000E+01, 0.5595322E+02, 0.5763997E+02, 0.5540752E+02, 0.5953446E+02,
 0.8778000E+01, 0.5596629E+02, 0.5766204E+02, 0.5542805E+02, 0.5955790E+02,
 0.8780000E+01, 0.5597935E+02, 0.5768410E+02, 0.5544857E+02, 0.5958133E+02,
 0.8782000E+01, 0.5599240E+02, 0.5770615E+02, 0.5546909E+02, 0.5960476E+02,
 0.8784000E+01, 0.5600544E+02, 0.5772820E+02, 0.5548960E+02, 0.5962819E+02,
 0.8786000E+01, 0.5601848E+02, 0.5775025E+02, 0.5551010E+02, 0.5965160E+02,
 0.8788000E+01, 0.5603151E+02, 0.5777229E+02, 0.5553060E+02, 0.5967502E+02,
 0.8790000E+01, 0.5604453E+02, 0.5779432E+02, 0.5555109E+02, 0.5969842E+02,
 0.8792000E+01, 0.5605754E+02, 0.5781635E+02, 0.5557158E+02, 0.5972182E+02,
 0.8794000E+01, 0.5607055E+02, 0.5783836E+02, 0.5559207E+02, 0.5974522E+02,
 0.8796000E+01, 0.5608355E+02, 0.5786038E+02, 0.5561254E+02, 0.5976860E+02,
 0.8798000E+01, 0.5609654E+02, 0.5788239E+02, 0.5563301E+02, 0.5979198E+02,
 0.8800000E+01, 0.5610952E+02, 0.5790439E+02, 0.5565348E+02, 0.5981536E+02,
 0.8802000E+01, 0.5612249E+02, 0.5792639E+02, 0.5567394E+02, 0.5983873E+02,
 0.8804000E+01, 0.5613546E+02, 0.5794838E+02, 0.5569439E+02, 0.5986209E+02,
 0.8806000E+01, 0.5614842E+02, 0.5797036E+02, 0.5571484E+02, 0.5988545E+02,
 0.8808000E+01, 0.5616137E+02, 0.5799234E+02, 0.5573528E+02, 0.5990881E+02,
 0.8810000E+01, 0.5617432E+02, 0.5801432E+02, 0.5575572E+02, 0.5993215E+02,
 0.8812000E+01, 0.5618726E+02, 0.5803629E+02, 0.5577615E+02, 0.5995549E+02,
 0.8814000E+01, 0.5620018E+02, 0.5805825E+02, 0.5579657E+02, 0.5997882E+02,
 0.8816000E+01, 0.5621310E+02, 0.5808020E+02, 0.5581699E+02, 0.6000215E+02,
 0.8818000E+01, 0.5622602E+02, 0.5810215E+02, 0.5583741E+02, 0.6002547E+02,
 0.8820000E+01, 0.5623893E+02, 0.5812409E+02, 0.5585781E+02, 0.6004879E+02,
 0.8822000E+01, 0.5625182E+02, 0.5814603E+02, 0.5587822E+02, 0.6007209E+02,
 0.8824000E+01, 0.5626471E+02, 0.5816796E+02, 0.5589861E+02, 0.6009539E+02,
 0.8826000E+01, 0.5627760E+02, 0.5818989E+02, 0.5591900E+02, 0.6011869E+02,
 0.8828000E+01, 0.5629047E+02, 0.5821181E+02, 0.5593938E+02, 0.6014198E+02,
 0.8830000E+01, 0.5630334E+02, 0.5823372E+02, 0.5595976E+02, 0.6016526E+02,
 0.8832000E+01, 0.5631620E+02, 0.5825563E+02, 0.5598013E+02, 0.6018854E+02,
 0.8834000E+01, 0.5632905E+02, 0.5827753E+02, 0.5600050E+02, 0.6021181E+02,
 0.8836000E+01, 0.5634190E+02, 0.5829942E+02, 0.5602086E+02, 0.6023508E+02,
 0.8838000E+01, 0.5635473E+02, 0.5832131E+02, 0.5604121E+02, 0.6025834E+02,
 0.8840000E+01, 0.5636756E+02, 0.5834319E+02, 0.5606156E+02, 0.6028159E+02,
 0.8842000E+01, 0.5638038E+02, 0.5836507E+02, 0.5608191E+02, 0.6030483E+02,
 0.8844000E+01, 0.5639320E+02, 0.5838694E+02, 0.5610224E+02, 0.6032807E+02,
 0.8846000E+01, 0.5640600E+02, 0.5840880E+02, 0.5612257E+02, 0.6035131E+02,
 0.8848000E+01, 0.5641880E+02, 0.5843066E+02, 0.5614289E+02, 0.6037453E+02,
 0.8850000E+01, 0.5643159E+02, 0.5845251E+02, 0.5616321E+02, 0.6039775E+02,
 0.8852000E+01, 0.5644437E+02, 0.5847435E+02, 0.5618353E+02, 0.6042097E+02,
 0.8854000E+01, 0.5645715E+02, 0.5849619E+02, 0.5620383E+02, 0.6044418E+02,
 0.8856000E+01, 0.5646992E+02, 0.5851802E+02, 0.5622413E+02, 0.6046738E+02,
 0.8858000E+01, 0.5648268E+02, 0.5853985E+02, 0.5624443E+02, 0.6049057E+02,
 0.8860000E+01, 0.5649543E+02, 0.5856167E+02, 0.5626471E+02, 0.6051376E+02,
 0.8862000E+01, 0.5650817E+02, 0.5858348E+02, 0.5628500E+02, 0.6053694E+02,
 0.8864000E+01, 0.5652091E+02, 0.5860529E+02, 0.5630527E+02, 0.6056012E+02,
 0.8866000E+01, 0.5653364E+02, 0.5862709E+02, 0.5632554E+02, 0.6058329E+02,
 0.8868000E+01, 0.5654636E+02, 0.5864889E+02, 0.5634581E+02, 0.6060645E+02,
 0.8870000E+01, 0.5655907E+02, 0.5867068E+02, 0.5636607E+02, 0.6062960E+02,
 0.8872000E+01, 0.5657178E+02, 0.5869246E+02, 0.5638631E+02, 0.6065275E+02,
 0.8874000E+01, 0.5658448E+02, 0.5871423E+02, 0.5640656E+02, 0.6067590E+02,
 0.8876000E+01, 0.5659717E+02, 0.5873600E+02, 0.5642680E+02, 0.6069903E+02,
 0.8878000E+01, 0.5660985E+02, 0.5875777E+02, 0.5644703E+02, 0.6072216E+02,
 0.8880000E+01, 0.5662252E+02, 0.5877952E+02, 0.5646726E+02, 0.6074529E+02,
 0.8882000E+01, 0.5663519E+02, 0.5880127E+02, 0.5648748E+02, 0.6076840E+02,
 0.8884000E+01, 0.5664785E+02, 0.5882302E+02, 0.5650769E+02, 0.6079151E+02,
 0.8886000E+01, 0.5666050E+02, 0.5884475E+02, 0.5652790E+02, 0.6081461E+02,
 0.8888000E+01, 0.5667315E+02, 0.5886649E+02, 0.5654811E+02, 0.6083771E+02,
 0.8890000E+01, 0.5668578E+02, 0.5888821E+02, 0.5656830E+02, 0.6086080E+02,
 0.8892000E+01, 0.5669841E+02, 0.5890993E+02, 0.5658849E+02, 0.6088388E+02,
 0.8894000E+01, 0.5671103E+02, 0.5893164E+02, 0.5660868E+02, 0.6090696E+02,
 0.8896000E+01, 0.5672364E+02, 0.5895334E+02, 0.5662885E+02, 0.6093003E+02,
 0.8898000E+01, 0.5673625E+02, 0.5897504E+02, 0.5664902E+02, 0.6095309E+02,
 0.8900000E+01, 0.5674885E+02, 0.5899673E+02, 0.5666919E+02, 0.6097615E+02,
 0.8902000E+01, 0.5676144E+02, 0.5901842E+02, 0.5668935E+02, 0.6099920E+02,
 0.8904000E+01, 0.5677402E+02, 0.5904010E+02, 0.5670950E+02, 0.6102224E+02,
 0.8906000E+01, 0.5678659E+02, 0.5906177E+02, 0.5672964E+02, 0.6104528E+02,
 0.8908000E+01, 0.5679916E+02, 0.5908344E+02, 0.5674978E+02, 0.6106831E+02,
 0.8910000E+01, 0.5681172E+02, 0.5910509E+02, 0.5676992E+02, 0.6109133E+02,
 0.8912000E+01, 0.5682427E+02, 0.5912675E+02, 0.5679004E+02, 0.6111435E+02,
 0.8914000E+01, 0.5683681E+02, 0.5914839E+02, 0.5681017E+02, 0.6113736E+02,
 0.8916000E+01, 0.5684935E+02, 0.5917003E+02, 0.5683028E+02, 0.6116036E+02,
 0.8918000E+01, 0.5686187E+02, 0.5919167E+02, 0.5685038E+02, 0.6118335E+02,
 0.8920000E+01, 0.5687439E+02, 0.5921329E+02, 0.5687049E+02, 0.6120634E+02,
 0.8922000E+01, 0.5688691E+02, 0.5923491E+02, 0.5689058E+02, 0.6122932E+02,
 0.8924000E+01, 0.5689941E+02, 0.5925652E+02, 0.5691067E+02, 0.6125230E+02,
 0.8926000E+01, 0.5691191E+02, 0.5927813E+02, 0.5693075E+02, 0.6127527E+02,
 0.8928000E+01, 0.5692440E+02, 0.5929973E+02, 0.5695083E+02, 0.6129823E+02,
 0.8930000E+01, 0.5693687E+02, 0.5932132E+02, 0.5697090E+02, 0.6132119E+02,
 0.8932000E+01, 0.5694935E+02, 0.5934291E+02, 0.5699096E+02, 0.6134413E+02,
 0.8934000E+01, 0.5696181E+02, 0.5936449E+02, 0.5701102E+02, 0.6136707E+02,
 0.8936000E+01, 0.5697427E+02, 0.5938606E+02, 0.5703107E+02, 0.6139001E+02,
 0.8938000E+01, 0.5698672E+02, 0.5940763E+02, 0.5705111E+02, 0.6141293E+02,
 0.8940000E+01, 0.5699916E+02, 0.5942918E+02, 0.5707115E+02, 0.6143585E+02,
 0.8942000E+01, 0.5701160E+02, 0.5945074E+02, 0.5709118E+02, 0.6145877E+02,
 0.8944000E+01, 0.5702402E+02, 0.5947228E+02, 0.5711120E+02, 0.6148167E+02,
 0.8946000E+01, 0.5703645E+02, 0.5949382E+02, 0.5713122E+02, 0.6150457E+02,
 0.8948000E+01, 0.5704885E+02, 0.5951535E+02, 0.5715123E+02, 0.6152746E+02,
 0.8950000E+01, 0.5706126E+02, 0.5953688E+02, 0.5717123E+02, 0.6155035E+02,
 0.8952000E+01, 0.5707365E+02, 0.5955840E+02, 0.5719123E+02, 0.6157322E+02,
 0.8954000E+01, 0.5708604E+02, 0.5957991E+02, 0.5721122E+02, 0.6159610E+02,
 0.8956000E+01, 0.5709842E+02, 0.5960141E+02, 0.5723121E+02, 0.6161896E+02,
 0.8958000E+01, 0.5711079E+02, 0.5962291E+02, 0.5725119E+02, 0.6164182E+02,
 0.8960000E+01, 0.5712316E+02, 0.5964440E+02, 0.5727116E+02, 0.6166467E+02,
 0.8962000E+01, 0.5713551E+02, 0.5966589E+02, 0.5729112E+02, 0.6168751E+02,
 0.8964000E+01, 0.5714786E+02, 0.5968736E+02, 0.5731108E+02, 0.6171034E+02,
 0.8966000E+01, 0.5716021E+02, 0.5970884E+02, 0.5733103E+02, 0.6173317E+02,
 0.8968000E+01, 0.5717254E+02, 0.5973030E+02, 0.5735098E+02, 0.6175599E+02,
 0.8970000E+01, 0.5718486E+02, 0.5975175E+02, 0.5737092E+02, 0.6177880E+02,
 0.8972000E+01, 0.5719718E+02, 0.5977320E+02, 0.5739085E+02, 0.6180161E+02,
 0.8974000E+01, 0.5720949E+02, 0.5979465E+02, 0.5741077E+02, 0.6182441E+02,
 0.8976000E+01, 0.5722179E+02, 0.5981608E+02, 0.5743069E+02, 0.6184720E+02,
 0.8978000E+01, 0.5723409E+02, 0.5983751E+02, 0.5745060E+02, 0.6186999E+02,
 0.8980000E+01, 0.5724637E+02, 0.5985893E+02, 0.5747051E+02, 0.6189277E+02,
 0.8982000E+01, 0.5725865E+02, 0.5988035E+02, 0.5749041E+02, 0.6191553E+02,
 0.8984000E+01, 0.5727092E+02, 0.5990176E+02, 0.5751030E+02, 0.6193830E+02,
 0.8986000E+01, 0.5728318E+02, 0.5992316E+02, 0.5753019E+02, 0.6196106E+02,
 0.8988000E+01, 0.5729544E+02, 0.5994455E+02, 0.5755006E+02, 0.6198381E+02,
 0.8990000E+01, 0.5730769E+02, 0.5996594E+02, 0.5756993E+02, 0.6200655E+02,
 0.8992000E+01, 0.5731993E+02, 0.5998732E+02, 0.5758980E+02, 0.6202928E+02,
 0.8994000E+01, 0.5733216E+02, 0.6000869E+02, 0.5760966E+02, 0.6205201E+02,
 0.8996000E+01, 0.5734438E+02, 0.6003006E+02, 0.5762951E+02, 0.6207473E+02,
 0.8998000E+01, 0.5735660E+02, 0.6005141E+02, 0.5764936E+02, 0.6209744E+02,
 0.9000000E+01, 0.5736881E+02, 0.6007277E+02, 0.5766919E+02, 0.6212015E+02,
 0.9002000E+01, 0.5738101E+02, 0.6009411E+02, 0.5768903E+02, 0.6214285E+02,
 0.9004000E+01, 0.5739320E+02, 0.6011545E+02, 0.5770885E+02, 0.6216553E+02,
 0.9006000E+01, 0.5740539E+02, 0.6013678E+02, 0.5772866E+02, 0.6218822E+02,
 0.9008000E+01, 0.5741756E+02, 0.6015810E+02, 0.5774848E+02, 0.6221089E+02,
 0.9010000E+01, 0.5742973E+02, 0.6017942E+02, 0.5776828E+02, 0.6223356E+02,
 0.9012000E+01, 0.5744189E+02, 0.6020073E+02, 0.5778808E+02, 0.6225622E+02,
 0.9014000E+01, 0.5745405E+02, 0.6022203E+02, 0.5780787E+02, 0.6227888E+02,
 0.9016000E+01, 0.5746619E+02, 0.6024332E+02, 0.5782765E+02, 0.6230152E+02,
 0.9018000E+01, 0.5747833E+02, 0.6026461E+02, 0.5784743E+02, 0.6232416E+02,
 0.9020000E+01, 0.5749046E+02, 0.6028589E+02, 0.5786720E+02, 0.6234679E+02,
 0.9022000E+01, 0.5750259E+02, 0.6030716E+02, 0.5788696E+02, 0.6236942E+02,
 0.9024000E+01, 0.5751470E+02, 0.6032843E+02, 0.5790672E+02, 0.6239203E+02,
 0.9026000E+01, 0.5752681E+02, 0.6034969E+02, 0.5792646E+02, 0.6241464E+02,
 0.9028000E+01, 0.5753891E+02, 0.6037094E+02, 0.5794621E+02, 0.6243724E+02,
 0.9030000E+01, 0.5755100E+02, 0.6039218E+02, 0.5796594E+02, 0.6245984E+02,
 0.9032000E+01, 0.5756308E+02, 0.6041342E+02, 0.5798567E+02, 0.6248242E+02,
 0.9034000E+01, 0.5757516E+02, 0.6043465E+02, 0.5800539E+02, 0.6250500E+02,
 0.9036000E+01, 0.5758723E+02, 0.6045587E+02, 0.5802511E+02, 0.6252757E+02,
 0.9038000E+01, 0.5759929E+02, 0.6047709E+02, 0.5804482E+02, 0.6255014E+02,
 0.9040000E+01, 0.5761134E+02, 0.6049829E+02, 0.5806451E+02, 0.6257269E+02,
 0.9042000E+01, 0.5762338E+02, 0.6051949E+02, 0.5808421E+02, 0.6259524E+02,
 0.9044000E+01, 0.5763542E+02, 0.6054069E+02, 0.5810389E+02, 0.6261778E+02,
 0.9046000E+01, 0.5764745E+02, 0.6056187E+02, 0.5812357E+02, 0.6264032E+02,
 0.9048000E+01, 0.5765947E+02, 0.6058305E+02, 0.5814325E+02, 0.6266284E+02,
 0.9050000E+01, 0.5767148E+02, 0.6060422E+02, 0.5816291E+02, 0.6268536E+02,
 0.9052000E+01, 0.5768349E+02, 0.6062539E+02, 0.5818257E+02, 0.6270787E+02,
 0.9054000E+01, 0.5769548E+02, 0.6064654E+02, 0.5820222E+02, 0.6273037E+02,
 0.9056000E+01, 0.5770747E+02, 0.6066769E+02, 0.5822187E+02, 0.6275287E+02,
 0.9058000E+01, 0.5771946E+02, 0.6068884E+02, 0.5824150E+02, 0.6277536E+02,
 0.9060000E+01, 0.5773143E+02, 0.6070997E+02, 0.5826114E+02, 0.6279784E+02,
 0.9062000E+01, 0.5774340E+02, 0.6073109E+02, 0.5828076E+02, 0.6282031E+02,
 0.9064000E+01, 0.5775536E+02, 0.6075222E+02, 0.5830037E+02, 0.6284278E+02,
 0.9066000E+01, 0.5776731E+02, 0.6077333E+02, 0.5831998E+02, 0.6286523E+02,
 0.9068000E+01, 0.5777925E+02, 0.6079443E+02, 0.5833958E+02, 0.6288768E+02,
 0.9070000E+01, 0.5779118E+02, 0.6081553E+02, 0.5835918E+02, 0.6291012E+02,
 0.9072000E+01, 0.5780311E+02, 0.6083662E+02, 0.5837877E+02, 0.6293256E+02,
 0.9074000E+01, 0.5781503E+02, 0.6085770E+02, 0.5839835E+02, 0.6295498E+02,
 0.9076000E+01, 0.5782694E+02, 0.6087878E+02, 0.5841792E+02, 0.6297740E+02,
 0.9078000E+01, 0.5783884E+02, 0.6089985E+02, 0.5843749E+02, 0.6299981E+02,
 0.9080000E+01, 0.5785074E+02, 0.6092090E+02, 0.5845705E+02, 0.6302222E+02,
 0.9082000E+01, 0.5786263E+02, 0.6094196E+02, 0.5847660E+02, 0.6304461E+02,
 0.9084000E+01, 0.5787451E+02, 0.6096300E+02, 0.5849614E+02, 0.6306700E+02,
 0.9086000E+01, 0.5788638E+02, 0.6098404E+02, 0.5851568E+02, 0.6308938E+02,
 0.9088000E+01, 0.5789825E+02, 0.6100507E+02, 0.5853521E+02, 0.6311175E+02,
 0.9090000E+01, 0.5791010E+02, 0.6102609E+02, 0.5855474E+02, 0.6313411E+02,
 0.9092000E+01, 0.5792195E+02, 0.6104711E+02, 0.5857425E+02, 0.6315647E+02,
 0.9094000E+01, 0.5793379E+02, 0.6106811E+02, 0.5859376E+02, 0.6317881E+02,
 0.9096000E+01, 0.5794563E+02, 0.6108911E+02, 0.5861326E+02, 0.6320116E+02,
 0.9098000E+01, 0.5795745E+02, 0.6111010E+02, 0.5863276E+02, 0.6322349E+02,
 0.9100000E+01, 0.5796927E+02, 0.6113109E+02, 0.5865224E+02, 0.6324581E+02,
 0.9102000E+01, 0.5798108E+02, 0.6115207E+02, 0.5867173E+02, 0.6326813E+02,
 0.9104000E+01, 0.5799288E+02, 0.6117303E+02, 0.5869120E+02, 0.6329044E+02,
 0.9106000E+01, 0.5800468E+02, 0.6119400E+02, 0.5871066E+02, 0.6331274E+02,
 0.9108000E+01, 0.5801646E+02, 0.6121495E+02, 0.5873012E+02, 0.6333503E+02,
 0.9110000E+01, 0.5802824E+02, 0.6123590E+02, 0.5874957E+02, 0.6335732E+02,
 0.9112000E+01, 0.5804001E+02, 0.6125684E+02, 0.5876902E+02, 0.6337959E+02,
 0.9114000E+01, 0.5805177E+02, 0.6127777E+02, 0.5878846E+02, 0.6340186E+02,
 0.9116000E+01, 0.5806353E+02, 0.6129869E+02, 0.5880788E+02, 0.6342412E+02,
 0.9118000E+01, 0.5807528E+02, 0.6131961E+02, 0.5882730E+02, 0.6344638E+02,
 0.9120000E+01, 0.5808702E+02, 0.6134052E+02, 0.5884672E+02, 0.6346862E+02,
 0.9122000E+01, 0.5809875E+02, 0.6136142E+02, 0.5886613E+02, 0.6349086E+02,
 0.9124000E+01, 0.5811047E+02, 0.6138231E+02, 0.5888553E+02, 0.6351309E+02,
 0.9126000E+01, 0.5812219E+02, 0.6140319E+02, 0.5890492E+02, 0.6353531E+02,
 0.9128000E+01, 0.5813390E+02, 0.6142407E+02, 0.5892430E+02, 0.6355752E+02,
 0.9130000E+01, 0.5814560E+02, 0.6144494E+02, 0.5894368E+02, 0.6357972E+02,
 0.9132000E+01, 0.5815729E+02, 0.6146580E+02, 0.5896305E+02, 0.6360192E+02,
 0.9134000E+01, 0.5816897E+02, 0.6148666E+02, 0.5898242E+02, 0.6362411E+02,
 0.9136000E+01, 0.5818065E+02, 0.6150750E+02, 0.5900177E+02, 0.6364629E+02,
 0.9138000E+01, 0.5819232E+02, 0.6152834E+02, 0.5902112E+02, 0.6366846E+02,
 0.9140000E+01, 0.5820398E+02, 0.6154917E+02, 0.5904046E+02, 0.6369063E+02,
 0.9142000E+01, 0.5821563E+02, 0.6157000E+02, 0.5905980E+02, 0.6371278E+02,
 0.9144000E+01, 0.5822728E+02, 0.6159081E+02, 0.5907912E+02, 0.6373493E+02,
 0.9146000E+01, 0.5823891E+02, 0.6161162E+02, 0.5909844E+02, 0.6375707E+02,
 0.9148000E+01, 0.5825055E+02, 0.6163242E+02, 0.5911775E+02, 0.6377921E+02,
 0.9150000E+01, 0.5826217E+02, 0.6165321E+02, 0.5913706E+02, 0.6380133E+02,
 0.9152000E+01, 0.5827378E+02, 0.6167400E+02, 0.5915635E+02, 0.6382344E+02,
 0.9154000E+01, 0.5828539E+02, 0.6169477E+02, 0.5917564E+02, 0.6384555E+02,
 0.9156000E+01, 0.5829699E+02, 0.6171554E+02, 0.5919492E+02, 0.6386765E+02,
 0.9158000E+01, 0.5830858E+02, 0.6173630E+02, 0.5921420E+02, 0.6388974E+02,
 0.9160000E+01, 0.5832016E+02, 0.6175705E+02, 0.5923347E+02, 0.6391183E+02,
 0.9162000E+01, 0.5833173E+02, 0.6177780E+02, 0.5925272E+02, 0.6393390E+02,
 0.9164000E+01, 0.5834330E+02, 0.6179853E+02, 0.5927198E+02, 0.6395597E+02,
 0.9166000E+01, 0.5835486E+02, 0.6181926E+02, 0.5929122E+02, 0.6397802E+02,
 0.9168000E+01, 0.5836641E+02, 0.6183998E+02, 0.5931046E+02, 0.6400008E+02,
 0.9170000E+01, 0.5837796E+02, 0.6186069E+02, 0.5932969E+02, 0.6402212E+02,
 0.9172000E+01, 0.5838949E+02, 0.6188140E+02, 0.5934891E+02, 0.6404415E+02,
 0.9174000E+01, 0.5840102E+02, 0.6190210E+02, 0.5936812E+02, 0.6406618E+02,
 0.9176000E+01, 0.5841254E+02, 0.6192279E+02, 0.5938733E+02, 0.6408820E+02,
 0.9178000E+01, 0.5842405E+02, 0.6194347E+02, 0.5940653E+02, 0.6411020E+02,
 0.9180000E+01, 0.5843556E+02, 0.6196414E+02, 0.5942572E+02, 0.6413220E+02,
 0.9182000E+01, 0.5844706E+02, 0.6198481E+02, 0.5944490E+02, 0.6415420E+02,
 0.9184000E+01, 0.5845855E+02, 0.6200547E+02, 0.5946408E+02, 0.6417618E+02,
 0.9186000E+01, 0.5847002E+02, 0.6202612E+02, 0.5948325E+02, 0.6419815E+02,
 0.9188000E+01, 0.5848150E+02, 0.6204676E+02, 0.5950241E+02, 0.6422012E+02,
 0.9190000E+01, 0.5849297E+02, 0.6206739E+02, 0.5952156E+02, 0.6424208E+02,
 0.9192000E+01, 0.5850442E+02, 0.6208802E+02, 0.5954071E+02, 0.6426403E+02,
 0.9194000E+01, 0.5851587E+02, 0.6210863E+02, 0.5955985E+02, 0.6428597E+02,
 0.9196000E+01, 0.5852731E+02, 0.6212924E+02, 0.5957898E+02, 0.6430791E+02,
 0.9198000E+01, 0.5853875E+02, 0.6214985E+02, 0.5959810E+02, 0.6432983E+02,
 0.9200000E+01, 0.5855017E+02, 0.6217044E+02, 0.5961722E+02, 0.6435175E+02,
 0.9202000E+01, 0.5856159E+02, 0.6219102E+02, 0.5963633E+02, 0.6437366E+02,
 0.9204000E+01, 0.5857301E+02, 0.6221160E+02, 0.5965543E+02, 0.6439555E+02,
 0.9206000E+01, 0.5858441E+02, 0.6223217E+02, 0.5967452E+02, 0.6441745E+02,
 0.9208000E+01, 0.5859580E+02, 0.6225273E+02, 0.5969360E+02, 0.6443933E+02,
 0.9210000E+01, 0.5860719E+02, 0.6227328E+02, 0.5971268E+02, 0.6446120E+02,
 0.9212000E+01, 0.5861857E+02, 0.6229383E+02, 0.5973175E+02, 0.6448307E+02,
 0.9214000E+01, 0.5862994E+02, 0.6231437E+02, 0.5975081E+02, 0.6450493E+02,
 0.9216000E+01, 0.5864130E+02, 0.6233490E+02, 0.5976987E+02, 0.6452678E+02,
 0.9218000E+01, 0.5865266E+02, 0.6235542E+02, 0.5978891E+02, 0.6454862E+02,
 0.9220000E+01, 0.5866401E+02, 0.6237593E+02, 0.5980795E+02, 0.6457046E+02,
 0.9222000E+01, 0.5867535E+02, 0.6239643E+02, 0.5982698E+02, 0.6459228E+02,
 0.9224000E+01, 0.5868668E+02, 0.6241693E+02, 0.5984600E+02, 0.6461409E+02,
 0.9226000E+01, 0.5869801E+02, 0.6243742E+02, 0.5986502E+02, 0.6463590E+02,
 0.9228000E+01, 0.5870932E+02, 0.6245790E+02, 0.5988403E+02, 0.6465770E+02,
 0.9230000E+01, 0.5872063E+02, 0.6247837E+02, 0.5990303E+02, 0.6467949E+02,
 0.9232000E+01, 0.5873194E+02, 0.6249883E+02, 0.5992202E+02, 0.6470127E+02,
 0.9234000E+01, 0.5874323E+02, 0.6251929E+02, 0.5994101E+02, 0.6472305E+02,
 0.9236000E+01, 0.5875452E+02, 0.6253973E+02, 0.5995998E+02, 0.6474480E+02,
 0.9238000E+01, 0.5876579E+02, 0.6256017E+02, 0.5997895E+02, 0.6476656E+02,
 0.9240000E+01, 0.5877707E+02, 0.6258060E+02, 0.5999791E+02, 0.6478831E+02,
 0.9242000E+01, 0.5878833E+02, 0.6260103E+02, 0.6001686E+02, 0.6481005E+02,
 0.9244000E+01, 0.5879958E+02, 0.6262144E+02, 0.6003581E+02, 0.6483178E+02,
 0.9246000E+01, 0.5881083E+02, 0.6264185E+02, 0.6005475E+02, 0.6485350E+02,
 0.9248000E+01, 0.5882207E+02, 0.6266225E+02, 0.6007368E+02, 0.6487521E+02,
 0.9250000E+01, 0.5883330E+02, 0.6268264E+02, 0.6009260E+02, 0.6489692E+02,
 0.9252000E+01, 0.5884452E+02, 0.6270302E+02, 0.6011152E+02, 0.6491861E+02,
 0.9254000E+01, 0.5885574E+02, 0.6272339E+02, 0.6013042E+02, 0.6494030E+02,
 0.9256000E+01, 0.5886694E+02, 0.6274376E+02, 0.6014932E+02, 0.6496198E+02,
 0.9258000E+01, 0.5887814E+02, 0.6276411E+02, 0.6016821E+02, 0.6498364E+02,
 0.9260000E+01, 0.5888934E+02, 0.6278446E+02, 0.6018710E+02, 0.6500531E+02,
 0.9262000E+01, 0.5890052E+02, 0.6280480E+02, 0.6020597E+02, 0.6502696E+02,
 0.9264000E+01, 0.5891170E+02, 0.6282513E+02, 0.6022484E+02, 0.6504860E+02,
 0.9266000E+01, 0.5892287E+02, 0.6284546E+02, 0.6024370E+02, 0.6507024E+02,
 0.9268000E+01, 0.5893403E+02, 0.6286577E+02, 0.6026255E+02, 0.6509187E+02,
 0.9270000E+01, 0.5894518E+02, 0.6288608E+02, 0.6028139E+02, 0.6511348E+02,
 0.9272000E+01, 0.5895633E+02, 0.6290638E+02, 0.6030023E+02, 0.6513509E+02,
 0.9274000E+01, 0.5896746E+02, 0.6292667E+02, 0.6031906E+02, 0.6515669E+02,
 0.9276000E+01, 0.5897860E+02, 0.6294695E+02, 0.6033788E+02, 0.6517828E+02,
 0.9278000E+01, 0.5898972E+02, 0.6296722E+02, 0.6035669E+02, 0.6519986E+02,
 0.9280000E+01, 0.5900083E+02, 0.6298748E+02, 0.6037549E+02, 0.6522144E+02,
 0.9282000E+01, 0.5901194E+02, 0.6300774E+02, 0.6039429E+02, 0.6524300E+02,
 0.9284000E+01, 0.5902304E+02, 0.6302799E+02, 0.6041308E+02, 0.6526456E+02,
 0.9286000E+01, 0.5903413E+02, 0.6304823E+02, 0.6043186E+02, 0.6528610E+02,
 0.9288000E+01, 0.5904521E+02, 0.6306846E+02, 0.6045063E+02, 0.6530764E+02,
 0.9290000E+01, 0.5905629E+02, 0.6308868E+02, 0.6046939E+02, 0.6532917E+02,
 0.9292000E+01, 0.5906735E+02, 0.6310890E+02, 0.6048815E+02, 0.6535069E+02,
 0.9294000E+01, 0.5907841E+02, 0.6312910E+02, 0.6050690E+02, 0.6537221E+02,
 0.9296000E+01, 0.5908947E+02, 0.6314930E+02, 0.6052564E+02, 0.6539371E+02,
 0.9298000E+01, 0.5910051E+02, 0.6316949E+02, 0.6054437E+02, 0.6541521E+02,
 0.9300000E+01, 0.5911155E+02, 0.6318967E+02, 0.6056310E+02, 0.6543669E+02,
 0.9302000E+01, 0.5912257E+02, 0.6320984E+02, 0.6058181E+02, 0.6545817E+02,
 0.9304000E+01, 0.5913359E+02, 0.6323001E+02, 0.6060052E+02, 0.6547964E+02,
 0.9306000E+01, 0.5914461E+02, 0.6325016E+02, 0.6061922E+02, 0.6550109E+02,
 0.9308000E+01, 0.5915561E+02, 0.6327031E+02, 0.6063792E+02, 0.6552254E+02,
 0.9310000E+01, 0.5916661E+02, 0.6329045E+02, 0.6065660E+02, 0.6554398E+02,
 0.9312000E+01, 0.5917760E+02, 0.6331058E+02, 0.6067528E+02, 0.6556541E+02,
 0.9314000E+01, 0.5918858E+02, 0.6333070E+02, 0.6069395E+02, 0.6558684E+02,
 0.9316000E+01, 0.5919956E+02, 0.6335081E+02, 0.6071260E+02, 0.6560825E+02,
 0.9318000E+01, 0.5921052E+02, 0.6337092E+02, 0.6073126E+02, 0.6562966E+02,
 0.9320000E+01, 0.5922148E+02, 0.6339101E+02, 0.6074990E+02, 0.6565105E+02,
 0.9322000E+01, 0.5923243E+02, 0.6341110E+02, 0.6076854E+02, 0.6567245E+02,
 0.9324000E+01, 0.5924337E+02, 0.6343118E+02, 0.6078717E+02, 0.6569382E+02,
 0.9326000E+01, 0.5925431E+02, 0.6345125E+02, 0.6080579E+02, 0.6571519E+02,
 0.9328000E+01, 0.5926524E+02, 0.6347131E+02, 0.6082440E+02, 0.6573656E+02,
 0.9330000E+01, 0.5927616E+02, 0.6349136E+02, 0.6084300E+02, 0.6575790E+02,
 0.9332000E+01, 0.5928707E+02, 0.6351141E+02, 0.6086160E+02, 0.6577925E+02,
 0.9334000E+01, 0.5929797E+02, 0.6353144E+02, 0.6088019E+02, 0.6580058E+02,
 0.9336000E+01, 0.5930887E+02, 0.6355147E+02, 0.6089877E+02, 0.6582191E+02,
 0.9338000E+01, 0.5931976E+02, 0.6357149E+02, 0.6091734E+02, 0.6584322E+02,
 0.9340000E+01, 0.5933064E+02, 0.6359150E+02, 0.6093590E+02, 0.6586453E+02,
 0.9342000E+01, 0.5934151E+02, 0.6361150E+02, 0.6095446E+02, 0.6588583E+02,
 0.9344000E+01, 0.5935238E+02, 0.6363150E+02, 0.6097300E+02, 0.6590712E+02,
 0.9346000E+01, 0.5936324E+02, 0.6365148E+02, 0.6099154E+02, 0.6592840E+02,
 0.9348000E+01, 0.5937409E+02, 0.6367146E+02, 0.6101007E+02, 0.6594967E+02,
 0.9350000E+01, 0.5938493E+02, 0.6369143E+02, 0.6102859E+02, 0.6597093E+02,
 0.9352000E+01, 0.5939576E+02, 0.6371138E+02, 0.6104711E+02, 0.6599218E+02,
 0.9354000E+01, 0.5940659E+02, 0.6373133E+02, 0.6106562E+02, 0.6601343E+02,
 0.9356000E+01, 0.5941741E+02, 0.6375127E+02, 0.6108411E+02, 0.6603466E+02,
 0.9358000E+01, 0.5942822E+02, 0.6377121E+02, 0.6110260E+02, 0.6605589E+02,
 0.9360000E+01, 0.5943903E+02, 0.6379113E+02, 0.6112109E+02, 0.6607710E+02,
 0.9362000E+01, 0.5944982E+02, 0.6381105E+02, 0.6113956E+02, 0.6609831E+02,
 0.9364000E+01, 0.5946061E+02, 0.6383095E+02, 0.6115802E+02, 0.6611951E+02,
 0.9366000E+01, 0.5947139E+02, 0.6385085E+02, 0.6117648E+02, 0.6614069E+02,
 0.9368000E+01, 0.5948216E+02, 0.6387074E+02, 0.6119493E+02, 0.6616187E+02,
 0.9370000E+01, 0.5949293E+02, 0.6389062E+02, 0.6121337E+02, 0.6618304E+02,
 0.9372000E+01, 0.5950368E+02, 0.6391049E+02, 0.6123180E+02, 0.6620421E+02,
 0.9374000E+01, 0.5951443E+02, 0.6393036E+02, 0.6125023E+02, 0.6622536E+02,
 0.9376000E+01, 0.5952517E+02, 0.6395021E+02, 0.6126865E+02, 0.6624651E+02,
 0.9378000E+01, 0.5953591E+02, 0.6397005E+02, 0.6128705E+02, 0.6626764E+02,
 0.9380000E+01, 0.5954663E+02, 0.6398989E+02, 0.6130545E+02, 0.6628876E+02,
 0.9382000E+01, 0.5955735E+02, 0.6400972E+02, 0.6132384E+02, 0.6630988E+02,
 0.9384000E+01, 0.5956806E+02, 0.6402954E+02, 0.6134223E+02, 0.6633099E+02,
 0.9386000E+01, 0.5957877E+02, 0.6404935E+02, 0.6136060E+02, 0.6635208E+02,
 0.9388000E+01, 0.5958946E+02, 0.6406915E+02, 0.6137897E+02, 0.6637317E+02,
 0.9390000E+01, 0.5960015E+02, 0.6408894E+02, 0.6139733E+02, 0.6639425E+02,
 0.9392000E+01, 0.5961083E+02, 0.6410873E+02, 0.6141568E+02, 0.6641532E+02,
 0.9394000E+01, 0.5962150E+02, 0.6412850E+02, 0.6143402E+02, 0.6643638E+02,
 0.9396000E+01, 0.5963216E+02, 0.6414827E+02, 0.6145235E+02, 0.6645744E+02,
 0.9398000E+01, 0.5964282E+02, 0.6416803E+02, 0.6147068E+02, 0.6647848E+02,
 0.9400000E+01, 0.5965347E+02, 0.6418777E+02, 0.6148899E+02, 0.6649951E+02,
 0.9402000E+01, 0.5966411E+02, 0.6420752E+02, 0.6150731E+02, 0.6652053E+02,
 0.9404000E+01, 0.5967474E+02, 0.6422725E+02, 0.6152560E+02, 0.6654155E+02,
 0.9406000E+01, 0.5968537E+02, 0.6424697E+02, 0.6154390E+02, 0.6656255E+02,
 0.9408000E+01, 0.5969599E+02, 0.6426669E+02, 0.6156218E+02, 0.6658355E+02,
 0.9410000E+01, 0.5970660E+02, 0.6428639E+02, 0.6158046E+02, 0.6660454E+02,
 0.9412000E+01, 0.5971720E+02, 0.6430608E+02, 0.6159872E+02, 0.6662551E+02,
 0.9414000E+01, 0.5972779E+02, 0.6432578E+02, 0.6161698E+02, 0.6664648E+02,
 0.9416000E+01, 0.5973838E+02, 0.6434545E+02, 0.6163523E+02, 0.6666744E+02,
 0.9418000E+01, 0.5974896E+02, 0.6436512E+02, 0.6165347E+02, 0.6668839E+02,
 0.9420000E+01, 0.5975953E+02, 0.6438478E+02, 0.6167171E+02, 0.6670933E+02,
 0.9422000E+01, 0.5977010E+02, 0.6440443E+02, 0.6168993E+02, 0.6673026E+02,
 0.9424000E+01, 0.5978065E+02, 0.6442408E+02, 0.6170815E+02, 0.6675118E+02,
 0.9426000E+01, 0.5979120E+02, 0.6444371E+02, 0.6172636E+02, 0.6677209E+02,
 0.9428000E+01, 0.5980174E+02, 0.6446334E+02, 0.6174456E+02, 0.6679300E+02,
 0.9430000E+01, 0.5981227E+02, 0.6448296E+02, 0.6176275E+02, 0.6681389E+02,
 0.9432000E+01, 0.5982280E+02, 0.6450256E+02, 0.6178093E+02, 0.6683477E+02,
 0.9434000E+01, 0.5983332E+02, 0.6452216E+02, 0.6179911E+02, 0.6685565E+02,
 0.9436000E+01, 0.5984383E+02, 0.6454175E+02, 0.6181727E+02, 0.6687651E+02,
 0.9438000E+01, 0.5985433E+02, 0.6456133E+02, 0.6183543E+02, 0.6689737E+02,
 0.9440000E+01, 0.5986483E+02, 0.6458090E+02, 0.6185358E+02, 0.6691821E+02,
 0.9442000E+01, 0.5987531E+02, 0.6460046E+02, 0.6187172E+02, 0.6693906E+02,
 0.9444000E+01, 0.5988579E+02, 0.6462002E+02, 0.6188985E+02, 0.6695988E+02,
 0.9446000E+01, 0.5989626E+02, 0.6463956E+02, 0.6190798E+02, 0.6698070E+02,
 0.9448000E+01, 0.5990673E+02, 0.6465910E+02, 0.6192609E+02, 0.6700151E+02,
 0.9450000E+01, 0.5991718E+02, 0.6467863E+02, 0.6194420E+02, 0.6702231E+02,
 0.9452000E+01, 0.5992763E+02, 0.6469814E+02, 0.6196230E+02, 0.6704310E+02,
 0.9454000E+01, 0.5993807E+02, 0.6471765E+02, 0.6198039E+02, 0.6706388E+02,
 0.9456000E+01, 0.5994851E+02, 0.6473715E+02, 0.6199847E+02, 0.6708465E+02,
 0.9458000E+01, 0.5995893E+02, 0.6475665E+02, 0.6201655E+02, 0.6710542E+02,
 0.9460000E+01, 0.5996935E+02, 0.6477612E+02, 0.6203461E+02, 0.6712617E+02,
 0.9462000E+01, 0.5997976E+02, 0.6479560E+02, 0.6205267E+02, 0.6714690E+02,
 0.9464000E+01, 0.5999016E+02, 0.6481506E+02, 0.6207072E+02, 0.6716764E+02,
 0.9466000E+01, 0.6000056E+02, 0.6483452E+02, 0.6208876E+02, 0.6718836E+02,
 0.9468000E+01, 0.6001094E+02, 0.6485397E+02, 0.6210679E+02, 0.6720908E+02,
 0.9470000E+01, 0.6002132E+02, 0.6487340E+02, 0.6212481E+02, 0.6722978E+02,
 0.9472000E+01, 0.6003170E+02, 0.6489283E+02, 0.6214283E+02, 0.6725048E+02,
 0.9474000E+01, 0.6004206E+02, 0.6491225E+02, 0.6216083E+02, 0.6727116E+02,
 0.9476000E+01, 0.6005242E+02, 0.6493166E+02, 0.6217883E+02, 0.6729184E+02,
 0.9478000E+01, 0.6006277E+02, 0.6495106E+02, 0.6219682E+02, 0.6731251E+02,
 0.9480000E+01, 0.6007311E+02, 0.6497045E+02, 0.6221480E+02, 0.6733317E+02,
 0.9482000E+01, 0.6008344E+02, 0.6498983E+02, 0.6223277E+02, 0.6735381E+02,
 0.9484000E+01, 0.6009377E+02, 0.6500921E+02, 0.6225073E+02, 0.6737445E+02,
 0.9486000E+01, 0.6010408E+02, 0.6502857E+02, 0.6226869E+02, 0.6739508E+02,
 0.9488000E+01, 0.6011440E+02, 0.6504793E+02, 0.6228663E+02, 0.6741570E+02,
 0.9490000E+01, 0.6012470E+02, 0.6506728E+02, 0.6230457E+02, 0.6743631E+02,
 0.9492000E+01, 0.6013499E+02, 0.6508661E+02, 0.6232250E+02, 0.6745691E+02,
 0.9494000E+01, 0.6014528E+02, 0.6510594E+02, 0.6234042E+02, 0.6747750E+02,
 0.9496000E+01, 0.6015556E+02, 0.6512526E+02, 0.6235833E+02, 0.6749809E+02,
 0.9498000E+01, 0.6016583E+02, 0.6514457E+02, 0.6237624E+02, 0.6751865E+02,
 0.9500000E+01, 0.6017610E+02, 0.6516387E+02, 0.6239413E+02, 0.6753922E+02,
 0.9502000E+01, 0.6018636E+02, 0.6518316E+02, 0.6241201E+02, 0.6755977E+02,
 0.9504000E+01, 0.6019661E+02, 0.6520245E+02, 0.6242989E+02, 0.6758031E+02,
 0.9506000E+01, 0.6020685E+02, 0.6522172E+02, 0.6244776E+02, 0.6760085E+02,
 0.9508000E+01, 0.6021708E+02, 0.6524098E+02, 0.6246562E+02, 0.6762137E+02,
 0.9510000E+01, 0.6022731E+02, 0.6526024E+02, 0.6248347E+02, 0.6764188E+02,
 0.9512000E+01, 0.6023753E+02, 0.6527948E+02, 0.6250132E+02, 0.6766238E+02,
 0.9514000E+01, 0.6024774E+02, 0.6529872E+02, 0.6251915E+02, 0.6768288E+02,
 0.9516000E+01, 0.6025794E+02, 0.6531795E+02, 0.6253698E+02, 0.6770336E+02,
 0.9518000E+01, 0.6026814E+02, 0.6533717E+02, 0.6255479E+02, 0.6772384E+02,
 0.9520000E+01, 0.6027833E+02, 0.6535638E+02, 0.6257261E+02, 0.6774431E+02,
 0.9522000E+01, 0.6028851E+02, 0.6537557E+02, 0.6259040E+02, 0.6776476E+02,
 0.9524000E+01, 0.6029868E+02, 0.6539477E+02, 0.6260820E+02, 0.6778521E+02,
 0.9526000E+01, 0.6030885E+02, 0.6541395E+02, 0.6262598E+02, 0.6780564E+02,
 0.9528000E+01, 0.6031900E+02, 0.6543312E+02, 0.6264375E+02, 0.6782607E+02,
 0.9530000E+01, 0.6032915E+02, 0.6545229E+02, 0.6266152E+02, 0.6784649E+02,
 0.9532000E+01, 0.6033930E+02, 0.6547144E+02, 0.6267928E+02, 0.6786690E+02,
 0.9534000E+01, 0.6034943E+02, 0.6549059E+02, 0.6269703E+02, 0.6788729E+02,
 0.9536000E+01, 0.6035956E+02, 0.6550972E+02, 0.6271476E+02, 0.6790768E+02,
 0.9538000E+01, 0.6036968E+02, 0.6552885E+02, 0.6273249E+02, 0.6792806E+02,
 0.9540000E+01, 0.6037979E+02, 0.6554797E+02, 0.6275022E+02, 0.6794843E+02,
 0.9542000E+01, 0.6038990E+02, 0.6556707E+02, 0.6276793E+02, 0.6796879E+02,
 0.9544000E+01, 0.6039999E+02, 0.6558617E+02, 0.6278564E+02, 0.6798914E+02,
 0.9546000E+01, 0.6041008E+02, 0.6560526E+02, 0.6280333E+02, 0.6800948E+02,
 0.9548000E+01, 0.6042017E+02, 0.6562434E+02, 0.6282102E+02, 0.6802981E+02,
 0.9550000E+01, 0.6043024E+02, 0.6564342E+02, 0.6283870E+02, 0.6805013E+02,
 0.9552000E+01, 0.6044031E+02, 0.6566248E+02, 0.6285637E+02, 0.6807043E+02,
 0.9554000E+01, 0.6045037E+02, 0.6568153E+02, 0.6287403E+02, 0.6809074E+02,
 0.9556000E+01, 0.6046042E+02, 0.6570058E+02, 0.6289168E+02, 0.6811103E+02,
 0.9558000E+01, 0.6047046E+02, 0.6571960E+02, 0.6290933E+02, 0.6813131E+02,
 0.9560000E+01, 0.6048050E+02, 0.6573863E+02, 0.6292696E+02, 0.6815158E+02,
 0.9562000E+01, 0.6049053E+02, 0.6575764E+02, 0.6294459E+02, 0.6817184E+02,
 0.9564000E+01, 0.6050055E+02, 0.6577666E+02, 0.6296221E+02, 0.6819209E+02,
 0.9566000E+01, 0.6051056E+02, 0.6579565E+02, 0.6297982E+02, 0.6821233E+02,
 0.9568000E+01, 0.6052057E+02, 0.6581464E+02, 0.6299742E+02, 0.6823257E+02,
 0.9570000E+01, 0.6053057E+02, 0.6583362E+02, 0.6301501E+02, 0.6825279E+02,
 0.9572000E+01, 0.6054056E+02, 0.6585258E+02, 0.6303259E+02, 0.6827300E+02,
 0.9574000E+01, 0.6055054E+02, 0.6587155E+02, 0.6305017E+02, 0.6829321E+02,
 0.9576000E+01, 0.6056052E+02, 0.6589050E+02, 0.6306773E+02, 0.6831340E+02,
 0.9578000E+01, 0.6057049E+02, 0.6590944E+02, 0.6308529E+02, 0.6833358E+02,
 0.9580000E+01, 0.6058045E+02, 0.6592838E+02, 0.6310284E+02, 0.6835376E+02,
 0.9582000E+01, 0.6059040E+02, 0.6594730E+02, 0.6312038E+02, 0.6837392E+02,
 0.9584000E+01, 0.6060035E+02, 0.6596621E+02, 0.6313791E+02, 0.6839407E+02,
 0.9586000E+01, 0.6061028E+02, 0.6598512E+02, 0.6315543E+02, 0.6841422E+02,
 0.9588000E+01, 0.6062022E+02, 0.6600401E+02, 0.6317294E+02, 0.6843435E+02,
 0.9590000E+01, 0.6063014E+02, 0.6602290E+02, 0.6319044E+02, 0.6845448E+02,
 0.9592000E+01, 0.6064005E+02, 0.6604177E+02, 0.6320794E+02, 0.6847459E+02,
 0.9594000E+01, 0.6064996E+02, 0.6606064E+02, 0.6322543E+02, 0.6849470E+02,
 0.9596000E+01, 0.6065986E+02, 0.6607949E+02, 0.6324290E+02, 0.6851479E+02,
 0.9598000E+01, 0.6066975E+02, 0.6609834E+02, 0.6326038E+02, 0.6853487E+02,
 0.9600000E+01, 0.6067964E+02, 0.6611718E+02, 0.6327784E+02, 0.6855495E+02,
 0.9602000E+01, 0.6068952E+02, 0.6613601E+02, 0.6329528E+02, 0.6857501E+02,
 0.9604000E+01, 0.6069939E+02, 0.6615483E+02, 0.6331273E+02, 0.6859507E+02,
 0.9606000E+01, 0.6070925E+02, 0.6617364E+02, 0.6333016E+02, 0.6861511E+02,
 0.9608000E+01, 0.6071910E+02, 0.6619244E+02, 0.6334759E+02, 0.6863515E+02,
 0.9610000E+01, 0.6072895E+02, 0.6621123E+02, 0.6336501E+02, 0.6865517E+02,
 0.9612000E+01, 0.6073879E+02, 0.6623001E+02, 0.6338241E+02, 0.6867519E+02,
 0.9614000E+01, 0.6074863E+02, 0.6624879E+02, 0.6339981E+02, 0.6869520E+02,
 0.9616000E+01, 0.6075845E+02, 0.6626755E+02, 0.6341720E+02, 0.6871519E+02,
 0.9618000E+01, 0.6076827E+02, 0.6628630E+02, 0.6343458E+02, 0.6873518E+02,
 0.9620000E+01, 0.6077808E+02, 0.6630505E+02, 0.6345195E+02, 0.6875515E+02,
 0.9622000E+01, 0.6078788E+02, 0.6632378E+02, 0.6346931E+02, 0.6877512E+02,
 0.9624000E+01, 0.6079768E+02, 0.6634251E+02, 0.6348667E+02, 0.6879507E+02,
 0.9626000E+01, 0.6080746E+02, 0.6636122E+02, 0.6350402E+02, 0.6881502E+02,
 0.9628000E+01, 0.6081725E+02, 0.6637993E+02, 0.6352135E+02, 0.6883495E+02,
 0.9630000E+01, 0.6082702E+02, 0.6639863E+02, 0.6353868E+02, 0.6885488E+02,
 0.9632000E+01, 0.6083678E+02, 0.6641732E+02, 0.6355600E+02, 0.6887479E+02,
 0.9634000E+01, 0.6084654E+02, 0.6643600E+02, 0.6357331E+02, 0.6889471E+02,
 0.9636000E+01, 0.6085629E+02, 0.6645467E+02, 0.6359061E+02, 0.6891460E+02,
 0.9638000E+01, 0.6086603E+02, 0.6647333E+02, 0.6360790E+02, 0.6893449E+02,
 0.9640000E+01, 0.6087577E+02, 0.6649197E+02, 0.6362519E+02, 0.6895436E+02,
 0.9642000E+01, 0.6088549E+02, 0.6651061E+02, 0.6364246E+02, 0.6897423E+02,
 0.9644000E+01, 0.6089521E+02, 0.6652924E+02, 0.6365973E+02, 0.6899409E+02,
 0.9646000E+01, 0.6090493E+02, 0.6654787E+02, 0.6367698E+02, 0.6901393E+02,
 0.9648000E+01, 0.6091463E+02, 0.6656648E+02, 0.6369423E+02, 0.6903377E+02,
 0.9650000E+01, 0.6092433E+02, 0.6658508E+02, 0.6371147E+02, 0.6905359E+02,
 0.9652000E+01, 0.6093402E+02, 0.6660368E+02, 0.6372870E+02, 0.6907341E+02,
 0.9654000E+01, 0.6094370E+02, 0.6662226E+02, 0.6374592E+02, 0.6909322E+02,
 0.9656000E+01, 0.6095338E+02, 0.6664084E+02, 0.6376313E+02, 0.6911301E+02,
 0.9658000E+01, 0.6096305E+02, 0.6665940E+02, 0.6378034E+02, 0.6913280E+02,
 0.9660000E+01, 0.6097271E+02, 0.6667796E+02, 0.6379753E+02, 0.6915257E+02,
 0.9662000E+01, 0.6098236E+02, 0.6669650E+02, 0.6381472E+02, 0.6917234E+02,
 0.9664000E+01, 0.6099200E+02, 0.6671503E+02, 0.6383190E+02, 0.6919209E+02,
 0.9666000E+01, 0.6100164E+02, 0.6673357E+02, 0.6384906E+02, 0.6921184E+02,
 0.9668000E+01, 0.6101127E+02, 0.6675208E+02, 0.6386622E+02, 0.6923158E+02,
 0.9670000E+01, 0.6102090E+02, 0.6677059E+02, 0.6388337E+02, 0.6925130E+02,
 0.9672000E+01, 0.6103051E+02, 0.6678909E+02, 0.6390051E+02, 0.6927102E+02,
 0.9674000E+01, 0.6104012E+02, 0.6680758E+02, 0.6391764E+02, 0.6929072E+02,
 0.9676000E+01, 0.6104972E+02, 0.6682606E+02, 0.6393477E+02, 0.6931042E+02,
 0.9678000E+01, 0.6105931E+02, 0.6684453E+02, 0.6395188E+02, 0.6933010E+02,
 0.9680000E+01, 0.6106890E+02, 0.6686298E+02, 0.6396899E+02, 0.6934978E+02,
 0.9682000E+01, 0.6107848E+02, 0.6688143E+02, 0.6398608E+02, 0.6936945E+02,
 0.9684000E+01, 0.6108805E+02, 0.6689988E+02, 0.6400317E+02, 0.6938910E+02,
 0.9686000E+01, 0.6109761E+02, 0.6691830E+02, 0.6402025E+02, 0.6940874E+02,
 0.9688000E+01, 0.6110717E+02, 0.6693673E+02, 0.6403732E+02, 0.6942838E+02,
 0.9690000E+01, 0.6111672E+02, 0.6695514E+02, 0.6405438E+02, 0.6944801E+02,
 0.9692000E+01, 0.6112626E+02, 0.6697354E+02, 0.6407143E+02, 0.6946762E+02,
 0.9694000E+01, 0.6113579E+02, 0.6699194E+02, 0.6408848E+02, 0.6948722E+02,
 0.9696000E+01, 0.6114532E+02, 0.6701032E+02, 0.6410551E+02, 0.6950682E+02,
 0.9698000E+01, 0.6115484E+02, 0.6702869E+02, 0.6412254E+02, 0.6952641E+02,
 0.9700000E+01, 0.6116435E+02, 0.6704706E+02, 0.6413955E+02, 0.6954597E+02,
 0.9702000E+01, 0.6117385E+02, 0.6706541E+02, 0.6415656E+02, 0.6956554E+02,
 0.9704000E+01, 0.6118335E+02, 0.6708376E+02, 0.6417355E+02, 0.6958509E+02,
 0.9706000E+01, 0.6119284E+02, 0.6710210E+02, 0.6419054E+02, 0.6960464E+02,
 0.9708000E+01, 0.6120232E+02, 0.6712042E+02, 0.6420752E+02, 0.6962417E+02,
 0.9710000E+01, 0.6121180E+02, 0.6713874E+02, 0.6422449E+02, 0.6964369E+02,
 0.9712000E+01, 0.6122126E+02, 0.6715704E+02, 0.6424146E+02, 0.6966321E+02,
 0.9714000E+01, 0.6123072E+02, 0.6717534E+02, 0.6425841E+02, 0.6968271E+02,
 0.9716000E+01, 0.6124017E+02, 0.6719363E+02, 0.6427535E+02, 0.6970220E+02,
 0.9718000E+01, 0.6124962E+02, 0.6721191E+02, 0.6429228E+02, 0.6972169E+02,
 0.9720000E+01, 0.6125906E+02, 0.6723017E+02, 0.6430921E+02, 0.6974116E+02,
 0.9722000E+01, 0.6126849E+02, 0.6724844E+02, 0.6432613E+02, 0.6976062E+02,
 0.9724000E+01, 0.6127791E+02, 0.6726669E+02, 0.6434303E+02, 0.6978008E+02,
 0.9726000E+01, 0.6128732E+02, 0.6728492E+02, 0.6435993E+02, 0.6979951E+02,
 0.9728000E+01, 0.6129673E+02, 0.6730315E+02, 0.6437682E+02, 0.6981895E+02,
 0.9730000E+01, 0.6130613E+02, 0.6732137E+02, 0.6439371E+02, 0.6983837E+02,
 0.9732000E+01, 0.6131553E+02, 0.6733958E+02, 0.6441058E+02, 0.6985778E+02,
 0.9734000E+01, 0.6132491E+02, 0.6735778E+02, 0.6442744E+02, 0.6987718E+02,
 0.9736000E+01, 0.6133429E+02, 0.6737598E+02, 0.6444429E+02, 0.6989658E+02,
 0.9738000E+01, 0.6134366E+02, 0.6739416E+02, 0.6446114E+02, 0.6991595E+02,
 0.9740000E+01, 0.6135302E+02, 0.6741233E+02, 0.6447797E+02, 0.6993533E+02,
 0.9742000E+01, 0.6136238E+02, 0.6743049E+02, 0.6449480E+02, 0.6995469E+02,
 0.9744000E+01, 0.6137173E+02, 0.6744864E+02, 0.6451161E+02, 0.6997404E+02,
 0.9746000E+01, 0.6138107E+02, 0.6746678E+02, 0.6452842E+02, 0.6999338E+02,
 0.9748000E+01, 0.6139041E+02, 0.6748492E+02, 0.6454522E+02, 0.7001271E+02,
 0.9750000E+01, 0.6139973E+02, 0.6750304E+02, 0.6456201E+02, 0.7003203E+02,
 0.9752000E+01, 0.6140905E+02, 0.6752116E+02, 0.6457880E+02, 0.7005134E+02,
 0.9754000E+01, 0.6141837E+02, 0.6753926E+02, 0.6459557E+02, 0.7007064E+02,
 0.9756000E+01, 0.6142767E+02, 0.6755736E+02, 0.6461233E+02, 0.7008993E+02,
 0.9758000E+01, 0.6143697E+02, 0.6757544E+02, 0.6462908E+02, 0.7010921E+02,
 0.9760000E+01, 0.6144626E+02, 0.6759351E+02, 0.6464583E+02, 0.7012848E+02,
 0.9762000E+01, 0.6145554E+02, 0.6761158E+02, 0.6466256E+02, 0.7014774E+02,
 0.9764000E+01, 0.6146482E+02, 0.6762964E+02, 0.6467929E+02, 0.7016698E+02,
 0.9766000E+01, 0.6147408E+02, 0.6764768E+02, 0.6469601E+02, 0.7018622E+02,
 0.9768000E+01, 0.6148335E+02, 0.6766572E+02, 0.6471272E+02, 0.7020544E+02,
 0.9770000E+01, 0.6149260E+02, 0.6768375E+02, 0.6472942E+02, 0.7022466E+02,
 0.9772000E+01, 0.6150184E+02, 0.6770176E+02, 0.6474611E+02, 0.7024387E+02,
 0.9774000E+01, 0.6151108E+02, 0.6771976E+02, 0.6476279E+02, 0.7026307E+02,
 0.9776000E+01, 0.6152031E+02, 0.6773776E+02, 0.6477946E+02, 0.7028226E+02,
 0.9778000E+01, 0.6152954E+02, 0.6775575E+02, 0.6479612E+02, 0.7030143E+02,
 0.9780000E+01, 0.6153876E+02, 0.6777373E+02, 0.6481277E+02, 0.7032059E+02,
 0.9782000E+01, 0.6154797E+02, 0.6779170E+02, 0.6482942E+02, 0.7033975E+02,
 0.9784000E+01, 0.6155717E+02, 0.6780965E+02, 0.6484605E+02, 0.7035889E+02,
 0.9786000E+01, 0.6156636E+02, 0.6782761E+02, 0.6486269E+02, 0.7037803E+02,
 0.9788000E+01, 0.6157555E+02, 0.6784554E+02, 0.6487930E+02, 0.7039716E+02,
 0.9790000E+01, 0.6158473E+02, 0.6786347E+02, 0.6489591E+02, 0.7041627E+02,
 0.9792000E+01, 0.6159390E+02, 0.6788139E+02, 0.6491251E+02, 0.7043538E+02,
 0.9794000E+01, 0.6160307E+02, 0.6789931E+02, 0.6492910E+02, 0.7045447E+02,
 0.9796000E+01, 0.6161223E+02, 0.6791721E+02, 0.6494568E+02, 0.7047355E+02,
 0.9798000E+01, 0.6162138E+02, 0.6793510E+02, 0.6496225E+02, 0.7049262E+02,
 0.9800000E+01, 0.6163052E+02, 0.6795297E+02, 0.6497881E+02, 0.7051169E+02,
 0.9802000E+01, 0.6163966E+02, 0.6797085E+02, 0.6499537E+02, 0.7053074E+02,
 0.9804000E+01, 0.6164879E+02, 0.6798871E+02, 0.6501191E+02, 0.7054978E+02,
 0.9806000E+01, 0.6165791E+02, 0.6800656E+02, 0.6502845E+02, 0.7056882E+02,
 0.9808000E+01, 0.6166703E+02, 0.6802440E+02, 0.6504498E+02, 0.7058784E+02,
 0.9810000E+01, 0.6167614E+02, 0.6804223E+02, 0.6506149E+02, 0.7060685E+02,
 0.9812000E+01, 0.6168523E+02, 0.6806005E+02, 0.6507800E+02, 0.7062585E+02,
 0.9814000E+01, 0.6169433E+02, 0.6807787E+02, 0.6509450E+02, 0.7064484E+02,
 0.9816000E+01, 0.6170341E+02, 0.6809566E+02, 0.6511098E+02, 0.7066382E+02,
 0.9818000E+01, 0.6171249E+02, 0.6811346E+02, 0.6512747E+02, 0.7068279E+02,
 0.9820000E+01, 0.6172157E+02, 0.6813124E+02, 0.6514394E+02, 0.7070174E+02,
 0.9822000E+01, 0.6173063E+02, 0.6814902E+02, 0.6516040E+02, 0.7072070E+02,
 0.9824000E+01, 0.6173969E+02, 0.6816678E+02, 0.6517686E+02, 0.7073963E+02,
 0.9826000E+01, 0.6174873E+02, 0.6818453E+02, 0.6519330E+02, 0.7075856E+02,
 0.9828000E+01, 0.6175778E+02, 0.6820228E+02, 0.6520973E+02, 0.7077748E+02,
 0.9830000E+01, 0.6176681E+02, 0.6822001E+02, 0.6522616E+02, 0.7079639E+02,
 0.9832000E+01, 0.6177584E+02, 0.6823773E+02, 0.6524258E+02, 0.7081528E+02,
 0.9834000E+01, 0.6178486E+02, 0.6825545E+02, 0.6525899E+02, 0.7083418E+02,
 0.9836000E+01, 0.6179387E+02, 0.6827316E+02, 0.6527538E+02, 0.7085305E+02,
 0.9838000E+01, 0.6180288E+02, 0.6829085E+02, 0.6529177E+02, 0.7087192E+02,
 0.9840000E+01, 0.6181188E+02, 0.6830853E+02, 0.6530815E+02, 0.7089077E+02,
 0.9842000E+01, 0.6182087E+02, 0.6832621E+02, 0.6532452E+02, 0.7090961E+02,
 0.9844000E+01, 0.6182986E+02, 0.6834387E+02, 0.6534088E+02, 0.7092845E+02,
 0.9846000E+01, 0.6183883E+02, 0.6836153E+02, 0.6535724E+02, 0.7094727E+02,
 0.9848000E+01, 0.6184780E+02, 0.6837917E+02, 0.6537358E+02, 0.7096609E+02,
 0.9850000E+01, 0.6185677E+02, 0.6839680E+02, 0.6538992E+02, 0.7098489E+02,
 0.9852000E+01, 0.6186572E+02, 0.6841444E+02, 0.6540623E+02, 0.7100368E+02,
 0.9854000E+01, 0.6187467E+02, 0.6843205E+02, 0.6542255E+02, 0.7102247E+02,
 0.9856000E+01, 0.6188361E+02, 0.6844965E+02, 0.6543886E+02, 0.7104124E+02,
 0.9858000E+01, 0.6189254E+02, 0.6846725E+02, 0.6545515E+02, 0.7106001E+02,
 0.9860000E+01, 0.6190147E+02, 0.6848484E+02, 0.6547144E+02, 0.7107876E+02,
 0.9862000E+01, 0.6191039E+02, 0.6850242E+02, 0.6548772E+02, 0.7109750E+02,
 0.9864000E+01, 0.6191930E+02, 0.6851998E+02, 0.6550399E+02, 0.7111623E+02,
 0.9866000E+01, 0.6192821E+02, 0.6853754E+02, 0.6552026E+02, 0.7113495E+02,
 0.9868000E+01, 0.6193711E+02, 0.6855508E+02, 0.6553651E+02, 0.7115366E+02,
 0.9870000E+01, 0.6194600E+02, 0.6857262E+02, 0.6555275E+02, 0.7117236E+02,
 0.9872000E+01, 0.6195488E+02, 0.6859015E+02, 0.6556898E+02, 0.7119105E+02,
 0.9874000E+01, 0.6196376E+02, 0.6860767E+02, 0.6558521E+02, 0.7120972E+02,
 0.9876000E+01, 0.6197263E+02, 0.6862518E+02, 0.6560142E+02, 0.7122839E+02,
 0.9878000E+01, 0.6198149E+02, 0.6864268E+02, 0.6561762E+02, 0.7124705E+02,
 0.9880000E+01, 0.6199035E+02, 0.6866016E+02, 0.6563382E+02, 0.7126569E+02,
 0.9882000E+01, 0.6199920E+02, 0.6867764E+02, 0.6565000E+02, 0.7128433E+02,
 0.9884000E+01, 0.6200803E+02, 0.6869511E+02, 0.6566618E+02, 0.7130296E+02,
 0.9886000E+01, 0.6201687E+02, 0.6871257E+02, 0.6568235E+02, 0.7132158E+02,
 0.9888000E+01, 0.6202570E+02, 0.6873002E+02, 0.6569851E+02, 0.7134018E+02,
 0.9890000E+01, 0.6203451E+02, 0.6874745E+02, 0.6571466E+02, 0.7135878E+02,
 0.9892000E+01, 0.6204332E+02, 0.6876488E+02, 0.6573080E+02, 0.7137736E+02,
 0.9894000E+01, 0.6205213E+02, 0.6878230E+02, 0.6574693E+02, 0.7139594E+02,
 0.9896000E+01, 0.6206093E+02, 0.6879971E+02, 0.6576305E+02, 0.7141450E+02,
 0.9898000E+01, 0.6206972E+02, 0.6881711E+02, 0.6577917E+02, 0.7143305E+02,
 0.9900000E+01, 0.6207850E+02, 0.6883450E+02, 0.6579527E+02, 0.7145159E+02,
 0.9902000E+01, 0.6208728E+02, 0.6885188E+02, 0.6581136E+02, 0.7147012E+02,
 0.9904000E+01, 0.6209605E+02, 0.6886925E+02, 0.6582745E+02, 0.7148865E+02,
 0.9906000E+01, 0.6210481E+02, 0.6888660E+02, 0.6584353E+02, 0.7150716E+02,
 0.9908000E+01, 0.6211357E+02, 0.6890395E+02, 0.6585960E+02, 0.7152566E+02,
 0.9910000E+01, 0.6212231E+02, 0.6892130E+02, 0.6587565E+02, 0.7154415E+02,
 0.9912000E+01, 0.6213105E+02, 0.6893863E+02, 0.6589170E+02, 0.7156263E+02,
 0.9914000E+01, 0.6213979E+02, 0.6895595E+02, 0.6590774E+02, 0.7158110E+02,
 0.9916000E+01, 0.6214851E+02, 0.6897326E+02, 0.6592377E+02, 0.7159956E+02,
 0.9918000E+01, 0.6215723E+02, 0.6899055E+02, 0.6593979E+02, 0.7161800E+02,
 0.9920000E+01, 0.6216595E+02, 0.6900785E+02, 0.6595580E+02, 0.7163644E+02,
 0.9922000E+01, 0.6217465E+02, 0.6902512E+02, 0.6597180E+02, 0.7165487E+02,
 0.9924000E+01, 0.6218335E+02, 0.6904240E+02, 0.6598779E+02, 0.7167329E+02,
 0.9926000E+01, 0.6219204E+02, 0.6905966E+02, 0.6600378E+02, 0.7169170E+02,
 0.9928000E+01, 0.6220073E+02, 0.6907691E+02, 0.6601975E+02, 0.7171009E+02,
 0.9930000E+01, 0.6220940E+02, 0.6909415E+02, 0.6603572E+02, 0.7172848E+02,
 0.9932000E+01, 0.6221807E+02, 0.6911138E+02, 0.6605167E+02, 0.7174685E+02,
 0.9934000E+01, 0.6222673E+02, 0.6912860E+02, 0.6606762E+02, 0.7176521E+02,
 0.9936000E+01, 0.6223539E+02, 0.6914581E+02, 0.6608356E+02, 0.7178357E+02,
 0.9938000E+01, 0.6224404E+02, 0.6916301E+02, 0.6609949E+02, 0.7180191E+02,
 0.9940000E+01, 0.6225268E+02, 0.6918021E+02, 0.6611540E+02, 0.7182024E+02,
 0.9942000E+01, 0.6226131E+02, 0.6919739E+02, 0.6613132E+02, 0.7183856E+02,
 0.9944000E+01, 0.6226994E+02, 0.6921455E+02, 0.6614722E+02, 0.7185687E+02,
 0.9946000E+01, 0.6227856E+02, 0.6923172E+02, 0.6616311E+02, 0.7187518E+02,
 0.9948000E+01, 0.6228717E+02, 0.6924887E+02, 0.6617899E+02, 0.7189347E+02,
 0.9950000E+01, 0.6229578E+02, 0.6926601E+02, 0.6619486E+02, 0.7191175E+02,
 0.9952000E+01, 0.6230438E+02, 0.6928314E+02, 0.6621072E+02, 0.7193002E+02,
 0.9954000E+01, 0.6231297E+02, 0.6930026E+02, 0.6622658E+02, 0.7194827E+02,
 0.9956000E+01, 0.6232156E+02, 0.6931738E+02, 0.6624242E+02, 0.7196652E+02,
 0.9958000E+01, 0.6233014E+02, 0.6933447E+02, 0.6625826E+02, 0.7198476E+02,
 0.9960000E+01, 0.6233871E+02, 0.6935157E+02, 0.6627408E+02, 0.7200299E+02,
 0.9962000E+01, 0.6234727E+02, 0.6936865E+02, 0.6628990E+02, 0.7202120E+02,
 0.9964000E+01, 0.6235583E+02, 0.6938572E+02, 0.6630571E+02, 0.7203941E+02,
 0.9966000E+01, 0.6236438E+02, 0.6940279E+02, 0.6632150E+02, 0.7205761E+02,
 0.9968000E+01, 0.6237292E+02, 0.6941984E+02, 0.6633730E+02, 0.7207579E+02,
 0.9970000E+01, 0.6238146E+02, 0.6943687E+02, 0.6635307E+02, 0.7209396E+02,
 0.9972000E+01, 0.6238998E+02, 0.6945391E+02, 0.6636884E+02, 0.7211213E+02,
 0.9974000E+01, 0.6239851E+02, 0.6947093E+02, 0.6638461E+02, 0.7213029E+02,
 0.9976000E+01, 0.6240702E+02, 0.6948795E+02, 0.6640035E+02, 0.7214843E+02,
 0.9978000E+01, 0.6241553E+02, 0.6950494E+02, 0.6641610E+02, 0.7216656E+02,
 0.9980000E+01, 0.6242403E+02, 0.6952193E+02, 0.6643183E+02, 0.7218468E+02,
 0.9982000E+01, 0.6243253E+02, 0.6953892E+02, 0.6644756E+02, 0.7220279E+02,
 0.9984000E+01, 0.6244101E+02, 0.6955589E+02, 0.6646327E+02, 0.7222089E+02,
 0.9986000E+01, 0.6244949E+02, 0.6957285E+02, 0.6647897E+02, 0.7223898E+02,
 0.9988000E+01, 0.6245796E+02, 0.6958981E+02, 0.6649467E+02, 0.7225706E+02,
 0.9990000E+01, 0.6246643E+02, 0.6960675E+02, 0.6651036E+02, 0.7227513E+02,
 0.9992000E+01, 0.6247489E+02, 0.6962368E+02, 0.6652604E+02, 0.7229319E+02,
 0.9994000E+01, 0.6248334E+02, 0.6964060E+02, 0.6654170E+02, 0.7231123E+02,
 0.9996000E+01, 0.6249178E+02, 0.6965752E+02, 0.6655737E+02, 0.7232928E+02,
 0.9998000E+01, 0.6250022E+02, 0.6967442E+02, 0.6657301E+02, 0.7234730E+02,
 0.1000000E+02, 0.6250865E+02, 0.6969131E+02, 0.6658865E+02, 0.7236532E+02,
