@TEAV,TDAV,TTAV,TAAV [keV]  vs t@
X,TEAV,TDAV,TTAV,TAAV
 0.0000000E+00, 0.6126459E+00, 0.6126459E+00, 0.6126459E+00, 0.6126459E+00,
 0.2000000E-01, 0.6181798E+00, 0.6098232E+00, 0.6097144E+00, 0.6098968E+00,
 0.4000000E-01, 0.6239200E+00, 0.6130761E+00, 0.6129358E+00, 0.6131685E+00,
 0.6000000E-01, 0.6291547E+00, 0.6173593E+00, 0.6172071E+00, 0.6174589E+00,
 0.8000000E-01, 0.6341487E+00, 0.6219447E+00, 0.6217870E+00, 0.6220476E+00,
 0.1000000E+00, 0.6390001E+00, 0.6266016E+00, 0.6264411E+00, 0.6267063E+00,
 0.1200000E+00, 0.6437469E+00, 0.6312457E+00, 0.6310834E+00, 0.6313514E+00,
 0.1400000E+00, 0.6484057E+00, 0.6358438E+00, 0.6356804E+00, 0.6359502E+00,
 0.1600000E+00, 0.6529847E+00, 0.6403830E+00, 0.6402188E+00, 0.6404899E+00,
 0.1800000E+00, 0.6574890E+00, 0.6448586E+00, 0.6446937E+00, 0.6449659E+00,
 0.2000000E+00, 0.6619222E+00, 0.6492696E+00, 0.6491042E+00, 0.6493773E+00,
 0.2200000E+00, 0.6662875E+00, 0.6536167E+00, 0.6534508E+00, 0.6537247E+00,
 0.2400000E+00, 0.6705874E+00, 0.6579014E+00, 0.6577351E+00, 0.6580096E+00,
 0.2600000E+00, 0.6748246E+00, 0.6621256E+00, 0.6619589E+00, 0.6622341E+00,
 0.2800000E+00, 0.6790013E+00, 0.6662912E+00, 0.6661243E+00, 0.6663999E+00,
 0.3000000E+00, 0.6831198E+00, 0.6704003E+00, 0.6702331E+00, 0.6705092E+00,
 0.3200000E+00, 0.6871823E+00, 0.6744548E+00, 0.6742873E+00, 0.6745638E+00,
 0.3400000E+00, 0.6911907E+00, 0.6784565E+00, 0.6782888E+00, 0.6785657E+00,
 0.3600000E+00, 0.6951470E+00, 0.6824074E+00, 0.6822395E+00, 0.6825167E+00,
 0.3800000E+00, 0.6990530E+00, 0.6863092E+00, 0.6861410E+00, 0.6864185E+00,
 0.4000000E+00, 0.7029105E+00, 0.6901633E+00, 0.6899950E+00, 0.6902727E+00,
 0.4200000E+00, 0.7067210E+00, 0.6939715E+00, 0.6938030E+00, 0.6940809E+00,
 0.4400000E+00, 0.7104862E+00, 0.6977350E+00, 0.6975664E+00, 0.6978446E+00,
 0.4600000E+00, 0.7142074E+00, 0.7014552E+00, 0.7012866E+00, 0.7015650E+00,
 0.4800000E+00, 0.7178860E+00, 0.7051336E+00, 0.7049648E+00, 0.7052433E+00,
 0.5000000E+00, 0.7215232E+00, 0.7087711E+00, 0.7086022E+00, 0.7088809E+00,
 0.5200000E+00, 0.7251204E+00, 0.7123691E+00, 0.7122001E+00, 0.7124789E+00,
 0.5400000E+00, 0.7286784E+00, 0.7159284E+00, 0.7157594E+00, 0.7160383E+00,
 0.5600000E+00, 0.7321986E+00, 0.7194504E+00, 0.7192812E+00, 0.7195603E+00,
 0.5800000E+00, 0.7356818E+00, 0.7229357E+00, 0.7227665E+00, 0.7230456E+00,
 0.6000000E+00, 0.7391290E+00, 0.7263855E+00, 0.7262163E+00, 0.7264954E+00,
 0.6200000E+00, 0.7425412E+00, 0.7298006E+00, 0.7296313E+00, 0.7299106E+00,
 0.6400000E+00, 0.7459192E+00, 0.7331818E+00, 0.7330125E+00, 0.7332918E+00,
 0.6600000E+00, 0.7492638E+00, 0.7365300E+00, 0.7363606E+00, 0.7366400E+00,
 0.6800000E+00, 0.7525759E+00, 0.7398459E+00, 0.7396765E+00, 0.7399559E+00,
 0.7000000E+00, 0.7558562E+00, 0.7431303E+00, 0.7429609E+00, 0.7432403E+00,
 0.7200000E+00, 0.7591054E+00, 0.7463839E+00, 0.7462145E+00, 0.7464939E+00,
 0.7400000E+00, 0.7623242E+00, 0.7496073E+00, 0.7494379E+00, 0.7497174E+00,
 0.7600000E+00, 0.7655133E+00, 0.7528013E+00, 0.7526319E+00, 0.7529113E+00,
 0.7800000E+00, 0.7686734E+00, 0.7559664E+00, 0.7557970E+00, 0.7560764E+00,
 0.8000000E+00, 0.7718049E+00, 0.7591032E+00, 0.7589338E+00, 0.7592132E+00,
 0.8200000E+00, 0.7749086E+00, 0.7622123E+00, 0.7620429E+00, 0.7623224E+00,
 0.8400000E+00, 0.7779850E+00, 0.7652944E+00, 0.7651250E+00, 0.7654043E+00,
 0.8600000E+00, 0.7810345E+00, 0.7683497E+00, 0.7681804E+00, 0.7684597E+00,
 0.8800000E+00, 0.7840579E+00, 0.7713790E+00, 0.7712097E+00, 0.7714889E+00,
 0.9000000E+00, 0.7870554E+00, 0.7743827E+00, 0.7742133E+00, 0.7744926E+00,
 0.9200000E+00, 0.7900276E+00, 0.7773611E+00, 0.7771918E+00, 0.7774710E+00,
 0.9400000E+00, 0.7929749E+00, 0.7803149E+00, 0.7801456E+00, 0.7804247E+00,
 0.9600000E+00, 0.7958979E+00, 0.7832444E+00, 0.7830751E+00, 0.7833542E+00,
 0.9800000E+00, 0.7987968E+00, 0.7861500E+00, 0.7859808E+00, 0.7862597E+00,
 0.1000000E+01, 0.8016722E+00, 0.7890321E+00, 0.7888629E+00, 0.7891418E+00,
 0.1020000E+01, 0.8045243E+00, 0.7918911E+00, 0.7917219E+00, 0.7920008E+00,
 0.1040000E+01, 0.8073536E+00, 0.7947274E+00, 0.7945583E+00, 0.7948371E+00,
 0.1060000E+01, 0.8101605E+00, 0.7975413E+00, 0.7973722E+00, 0.7976509E+00,
 0.1080000E+01, 0.8129451E+00, 0.8003331E+00, 0.8001640E+00, 0.8004427E+00,
 0.1100000E+01, 0.8157080E+00, 0.8031031E+00, 0.8029342E+00, 0.8032127E+00,
 0.1120000E+01, 0.8184493E+00, 0.8058518E+00, 0.8056829E+00, 0.8059613E+00,
 0.1140000E+01, 0.8211694E+00, 0.8085793E+00, 0.8084105E+00, 0.8086888E+00,
 0.1160000E+01, 0.8238686E+00, 0.8112860E+00, 0.8111172E+00, 0.8113954E+00,
 0.1180000E+01, 0.8265471E+00, 0.8139721E+00, 0.8138033E+00, 0.8140814E+00,
 0.1200000E+01, 0.8292053E+00, 0.8166378E+00, 0.8164691E+00, 0.8167471E+00,
 0.1220000E+01, 0.8318434E+00, 0.8192834E+00, 0.8191148E+00, 0.8193927E+00,
 0.1240000E+01, 0.8344615E+00, 0.8219092E+00, 0.8217407E+00, 0.8220185E+00,
 0.1260000E+01, 0.8370600E+00, 0.8245155E+00, 0.8243470E+00, 0.8246247E+00,
 0.1280000E+01, 0.8396390E+00, 0.8271023E+00, 0.8269339E+00, 0.8272114E+00,
 0.1300000E+01, 0.8421988E+00, 0.8296700E+00, 0.8295016E+00, 0.8297791E+00,
 0.1320000E+01, 0.8447396E+00, 0.8322186E+00, 0.8320503E+00, 0.8323277E+00,
 0.1340000E+01, 0.8472617E+00, 0.8347486E+00, 0.8345803E+00, 0.8348576E+00,
 0.1360000E+01, 0.8497651E+00, 0.8372599E+00, 0.8370917E+00, 0.8373689E+00,
 0.1380000E+01, 0.8522500E+00, 0.8397529E+00, 0.8395848E+00, 0.8398618E+00,
 0.1400000E+01, 0.8547168E+00, 0.8422276E+00, 0.8420596E+00, 0.8423365E+00,
 0.1420000E+01, 0.8571655E+00, 0.8446843E+00, 0.8445163E+00, 0.8447931E+00,
 0.1440000E+01, 0.8595963E+00, 0.8471231E+00, 0.8469552E+00, 0.8472319E+00,
 0.1460000E+01, 0.8620093E+00, 0.8495443E+00, 0.8493765E+00, 0.8496530E+00,
 0.1480000E+01, 0.8644047E+00, 0.8519479E+00, 0.8517801E+00, 0.8520565E+00,
 0.1500000E+01, 0.8667828E+00, 0.8543341E+00, 0.8541664E+00, 0.8544427E+00,
 0.1520000E+01, 0.8691436E+00, 0.8567030E+00, 0.8565354E+00, 0.8568115E+00,
 0.1540000E+01, 0.8714873E+00, 0.8590549E+00, 0.8588873E+00, 0.8591633E+00,
 0.1560000E+01, 0.8738140E+00, 0.8613898E+00, 0.8612223E+00, 0.8614982E+00,
 0.1580000E+01, 0.8761240E+00, 0.8637078E+00, 0.8635405E+00, 0.8638162E+00,
 0.1600000E+01, 0.8784172E+00, 0.8660092E+00, 0.8658420E+00, 0.8661175E+00,
 0.1620000E+01, 0.8806939E+00, 0.8682941E+00, 0.8681269E+00, 0.8684023E+00,
 0.1640000E+01, 0.8829541E+00, 0.8705626E+00, 0.8703954E+00, 0.8706707E+00,
 0.1660000E+01, 0.8851981E+00, 0.8728147E+00, 0.8726477E+00, 0.8729228E+00,
 0.1680000E+01, 0.8874259E+00, 0.8750507E+00, 0.8748838E+00, 0.8751588E+00,
 0.1700000E+01, 0.8896377E+00, 0.8772707E+00, 0.8771039E+00, 0.8773787E+00,
 0.1720000E+01, 0.8918335E+00, 0.8794748E+00, 0.8793080E+00, 0.8795827E+00,
 0.1740000E+01, 0.8940136E+00, 0.8816631E+00, 0.8814964E+00, 0.8817710E+00,
 0.1760000E+01, 0.8961781E+00, 0.8838357E+00, 0.8836691E+00, 0.8839435E+00,
 0.1780000E+01, 0.8983269E+00, 0.8859928E+00, 0.8858262E+00, 0.8861005E+00,
 0.1800000E+01, 0.9004604E+00, 0.8881344E+00, 0.8879680E+00, 0.8882421E+00,
 0.1820000E+01, 0.9025785E+00, 0.8902608E+00, 0.8900944E+00, 0.8903683E+00,
 0.1840000E+01, 0.9046815E+00, 0.8923718E+00, 0.8922056E+00, 0.8924794E+00,
 0.1860000E+01, 0.9067693E+00, 0.8944679E+00, 0.8943017E+00, 0.8945754E+00,
 0.1880000E+01, 0.9088423E+00, 0.8965489E+00, 0.8963828E+00, 0.8966563E+00,
 0.1900000E+01, 0.9109002E+00, 0.8986151E+00, 0.8984491E+00, 0.8987225E+00,
 0.1920000E+01, 0.9129435E+00, 0.9006665E+00, 0.9005006E+00, 0.9007738E+00,
 0.1940000E+01, 0.9149722E+00, 0.9027033E+00, 0.9025374E+00, 0.9028105E+00,
 0.1960000E+01, 0.9169863E+00, 0.9047255E+00, 0.9045597E+00, 0.9048327E+00,
 0.1980000E+01, 0.9189860E+00, 0.9067332E+00, 0.9065676E+00, 0.9068404E+00,
 0.2000000E+01, 0.9209713E+00, 0.9087267E+00, 0.9085611E+00, 0.9088337E+00,
 0.2020000E+01, 0.9229425E+00, 0.9107059E+00, 0.9105404E+00, 0.9108129E+00,
 0.2040000E+01, 0.9248995E+00, 0.9126710E+00, 0.9125056E+00, 0.9127779E+00,
 0.2060000E+01, 0.9268425E+00, 0.9146220E+00, 0.9144567E+00, 0.9147289E+00,
 0.2080000E+01, 0.9287717E+00, 0.9165592E+00, 0.9163939E+00, 0.9166660E+00,
 0.2100000E+01, 0.9306870E+00, 0.9184825E+00, 0.9183174E+00, 0.9185892E+00,
 0.2120000E+01, 0.9325886E+00, 0.9203921E+00, 0.9202271E+00, 0.9204988E+00,
 0.2140000E+01, 0.9344767E+00, 0.9222881E+00, 0.9221231E+00, 0.9223947E+00,
 0.2160000E+01, 0.9363512E+00, 0.9241706E+00, 0.9240057E+00, 0.9242771E+00,
 0.2180000E+01, 0.9382123E+00, 0.9260396E+00, 0.9258748E+00, 0.9261461E+00,
 0.2200000E+01, 0.9400602E+00, 0.9278954E+00, 0.9277307E+00, 0.9280018E+00,
 0.2220000E+01, 0.9418948E+00, 0.9297379E+00, 0.9295733E+00, 0.9298443E+00,
 0.2240000E+01, 0.9437164E+00, 0.9315673E+00, 0.9314027E+00, 0.9316736E+00,
 0.2260000E+01, 0.9455249E+00, 0.9333836E+00, 0.9332193E+00, 0.9334899E+00,
 0.2280000E+01, 0.9473206E+00, 0.9351871E+00, 0.9350228E+00, 0.9352933E+00,
 0.2300000E+01, 0.9491034E+00, 0.9369777E+00, 0.9368135E+00, 0.9370838E+00,
 0.2320000E+01, 0.9508736E+00, 0.9387556E+00, 0.9385915E+00, 0.9388617E+00,
 0.2340000E+01, 0.9526311E+00, 0.9405209E+00, 0.9403568E+00, 0.9406269E+00,
 0.2360000E+01, 0.9543761E+00, 0.9422736E+00, 0.9421096E+00, 0.9423795E+00,
 0.2380000E+01, 0.9561086E+00, 0.9440138E+00, 0.9438499E+00, 0.9441197E+00,
 0.2400000E+01, 0.9578289E+00, 0.9457417E+00, 0.9455779E+00, 0.9458476E+00,
 0.2420000E+01, 0.9595369E+00, 0.9474574E+00, 0.9472936E+00, 0.9475631E+00,
 0.2440000E+01, 0.9612327E+00, 0.9491608E+00, 0.9489972E+00, 0.9492665E+00,
 0.2460000E+01, 0.9629166E+00, 0.9508522E+00, 0.9506887E+00, 0.9509578E+00,
 0.2480000E+01, 0.9645884E+00, 0.9525316E+00, 0.9523682E+00, 0.9526372E+00,
 0.2500000E+01, 0.9662483E+00, 0.9541991E+00, 0.9540358E+00, 0.9543046E+00,
 0.2520000E+01, 0.9678965E+00, 0.9558548E+00, 0.9556916E+00, 0.9559603E+00,
 0.2540000E+01, 0.9695330E+00, 0.9574988E+00, 0.9573357E+00, 0.9576042E+00,
 0.2560000E+01, 0.9711580E+00, 0.9591311E+00, 0.9589681E+00, 0.9592365E+00,
 0.2580000E+01, 0.9727713E+00, 0.9607520E+00, 0.9605890E+00, 0.9608573E+00,
 0.2600000E+01, 0.9743733E+00, 0.9623613E+00, 0.9621984E+00, 0.9624665E+00,
 0.2620000E+01, 0.9759640E+00, 0.9639593E+00, 0.9637966E+00, 0.9640645E+00,
 0.2640000E+01, 0.9775434E+00, 0.9655461E+00, 0.9653834E+00, 0.9656512E+00,
 0.2660000E+01, 0.9791116E+00, 0.9671217E+00, 0.9669590E+00, 0.9672267E+00,
 0.2680000E+01, 0.9806688E+00, 0.9686861E+00, 0.9685236E+00, 0.9687911E+00,
 0.2700000E+01, 0.9822150E+00, 0.9702396E+00, 0.9700771E+00, 0.9703445E+00,
 0.2720000E+01, 0.9837502E+00, 0.9717821E+00, 0.9716197E+00, 0.9718869E+00,
 0.2740000E+01, 0.9852747E+00, 0.9733137E+00, 0.9731514E+00, 0.9734185E+00,
 0.2760000E+01, 0.9867885E+00, 0.9748347E+00, 0.9746725E+00, 0.9749394E+00,
 0.2780000E+01, 0.9882916E+00, 0.9763449E+00, 0.9761828E+00, 0.9764496E+00,
 0.2800000E+01, 0.9897841E+00, 0.9778445E+00, 0.9776825E+00, 0.9779492E+00,
 0.2820000E+01, 0.9912661E+00, 0.9793337E+00, 0.9791718E+00, 0.9794382E+00,
 0.2840000E+01, 0.9927378E+00, 0.9808124E+00, 0.9806506E+00, 0.9809169E+00,
 0.2860000E+01, 0.9941992E+00, 0.9822808E+00, 0.9821190E+00, 0.9823852E+00,
 0.2880000E+01, 0.9956502E+00, 0.9837389E+00, 0.9835773E+00, 0.9838433E+00,
 0.2900000E+01, 0.9970912E+00, 0.9851869E+00, 0.9850252E+00, 0.9852912E+00,
 0.2920000E+01, 0.9985221E+00, 0.9866247E+00, 0.9864632E+00, 0.9867290E+00,
 0.2940000E+01, 0.9999430E+00, 0.9880525E+00, 0.9878911E+00, 0.9881567E+00,
 0.2960000E+01, 0.1001354E+01, 0.9894704E+00, 0.9893090E+00, 0.9895745E+00,
 0.2980000E+01, 0.1002755E+01, 0.9908783E+00, 0.9907171E+00, 0.9909825E+00,
 0.3000000E+01, 0.1004146E+01, 0.9922766E+00, 0.9921154E+00, 0.9923806E+00,
 0.3020000E+01, 0.1005528E+01, 0.9936651E+00, 0.9935040E+00, 0.9937690E+00,
 0.3040000E+01, 0.1006900E+01, 0.9950440E+00, 0.9948830E+00, 0.9951479E+00,
 0.3060000E+01, 0.1008263E+01, 0.9964133E+00, 0.9962524E+00, 0.9965172E+00,
 0.3080000E+01, 0.1009616E+01, 0.9977732E+00, 0.9976123E+00, 0.9978769E+00,
 0.3100000E+01, 0.1010960E+01, 0.9991236E+00, 0.9989628E+00, 0.9992273E+00,
 0.3120000E+01, 0.1012294E+01, 0.1000465E+01, 0.1000304E+01, 0.1000568E+01,
 0.3140000E+01, 0.1013619E+01, 0.1001797E+01, 0.1001636E+01, 0.1001900E+01,
 0.3160000E+01, 0.1014936E+01, 0.1003119E+01, 0.1002959E+01, 0.1003223E+01,
 0.3180000E+01, 0.1016243E+01, 0.1004433E+01, 0.1004272E+01, 0.1004536E+01,
 0.3200000E+01, 0.1017541E+01, 0.1005737E+01, 0.1005577E+01, 0.1005841E+01,
 0.3220000E+01, 0.1018830E+01, 0.1007033E+01, 0.1006873E+01, 0.1007136E+01,
 0.3240000E+01, 0.1020110E+01, 0.1008320E+01, 0.1008160E+01, 0.1008423E+01,
 0.3260000E+01, 0.1021381E+01, 0.1009598E+01, 0.1009437E+01, 0.1009701E+01,
 0.3280000E+01, 0.1022644E+01, 0.1010867E+01, 0.1010707E+01, 0.1010970E+01,
 0.3300000E+01, 0.1023898E+01, 0.1012127E+01, 0.1011967E+01, 0.1012230E+01,
 0.3320000E+01, 0.1025144E+01, 0.1013379E+01, 0.1013219E+01, 0.1013482E+01,
 0.3340000E+01, 0.1026381E+01, 0.1014622E+01, 0.1014463E+01, 0.1014725E+01,
 0.3360000E+01, 0.1027609E+01, 0.1015857E+01, 0.1015698E+01, 0.1015960E+01,
 0.3380000E+01, 0.1028829E+01, 0.1017084E+01, 0.1016924E+01, 0.1017187E+01,
 0.3400000E+01, 0.1030041E+01, 0.1018302E+01, 0.1018142E+01, 0.1018405E+01,
 0.3420000E+01, 0.1031245E+01, 0.1019512E+01, 0.1019352E+01, 0.1019615E+01,
 0.3440000E+01, 0.1032440E+01, 0.1020713E+01, 0.1020554E+01, 0.1020816E+01,
 0.3460000E+01, 0.1033628E+01, 0.1021907E+01, 0.1021748E+01, 0.1022010E+01,
 0.3480000E+01, 0.1034807E+01, 0.1023092E+01, 0.1022933E+01, 0.1023195E+01,
 0.3500000E+01, 0.1035978E+01, 0.1024270E+01, 0.1024111E+01, 0.1024372E+01,
 0.3520000E+01, 0.1037142E+01, 0.1025439E+01, 0.1025280E+01, 0.1025542E+01,
 0.3540000E+01, 0.1038297E+01, 0.1026601E+01, 0.1026442E+01, 0.1026704E+01,
 0.3560000E+01, 0.1039445E+01, 0.1027755E+01, 0.1027596E+01, 0.1027857E+01,
 0.3580000E+01, 0.1040585E+01, 0.1028901E+01, 0.1028742E+01, 0.1029004E+01,
 0.3600000E+01, 0.1041718E+01, 0.1030039E+01, 0.1029881E+01, 0.1030142E+01,
 0.3620000E+01, 0.1042843E+01, 0.1031170E+01, 0.1031012E+01, 0.1031273E+01,
 0.3640000E+01, 0.1043960E+01, 0.1032294E+01, 0.1032135E+01, 0.1032396E+01,
 0.3660000E+01, 0.1045070E+01, 0.1033409E+01, 0.1033251E+01, 0.1033512E+01,
 0.3680000E+01, 0.1046172E+01, 0.1034518E+01, 0.1034359E+01, 0.1034620E+01,
 0.3700000E+01, 0.1047267E+01, 0.1035619E+01, 0.1035460E+01, 0.1035721E+01,
 0.3720000E+01, 0.1048355E+01, 0.1036712E+01, 0.1036554E+01, 0.1036814E+01,
 0.3740000E+01, 0.1049436E+01, 0.1037799E+01, 0.1037641E+01, 0.1037901E+01,
 0.3760000E+01, 0.1050509E+01, 0.1038878E+01, 0.1038720E+01, 0.1038980E+01,
 0.3780000E+01, 0.1051576E+01, 0.1039950E+01, 0.1039792E+01, 0.1040052E+01,
 0.3800000E+01, 0.1052635E+01, 0.1041015E+01, 0.1040857E+01, 0.1041117E+01,
 0.3820000E+01, 0.1053687E+01, 0.1042073E+01, 0.1041915E+01, 0.1042175E+01,
 0.3840000E+01, 0.1054733E+01, 0.1043124E+01, 0.1042966E+01, 0.1043226E+01,
 0.3860000E+01, 0.1055771E+01, 0.1044168E+01, 0.1044011E+01, 0.1044270E+01,
 0.3880000E+01, 0.1056803E+01, 0.1045205E+01, 0.1045048E+01, 0.1045307E+01,
 0.3900000E+01, 0.1057828E+01, 0.1046236E+01, 0.1046078E+01, 0.1046338E+01,
 0.3920000E+01, 0.1058846E+01, 0.1047260E+01, 0.1047102E+01, 0.1047361E+01,
 0.3940000E+01, 0.1059857E+01, 0.1048277E+01, 0.1048119E+01, 0.1048378E+01,
 0.3960000E+01, 0.1060862E+01, 0.1049287E+01, 0.1049130E+01, 0.1049389E+01,
 0.3980000E+01, 0.1061861E+01, 0.1050291E+01, 0.1050134E+01, 0.1050393E+01,
 0.4000000E+01, 0.1062853E+01, 0.1051289E+01, 0.1051131E+01, 0.1051390E+01,
 0.4020000E+01, 0.1063838E+01, 0.1052279E+01, 0.1052122E+01, 0.1052381E+01,
 0.4040000E+01, 0.1064817E+01, 0.1053264E+01, 0.1053107E+01, 0.1053365E+01,
 0.4060000E+01, 0.1065790E+01, 0.1054242E+01, 0.1054085E+01, 0.1054343E+01,
 0.4080000E+01, 0.1066756E+01, 0.1055214E+01, 0.1055057E+01, 0.1055315E+01,
 0.4100000E+01, 0.1067717E+01, 0.1056180E+01, 0.1056023E+01, 0.1056281E+01,
 0.4120000E+01, 0.1068671E+01, 0.1057139E+01, 0.1056982E+01, 0.1057240E+01,
 0.4140000E+01, 0.1069619E+01, 0.1058092E+01, 0.1057935E+01, 0.1058193E+01,
 0.4160000E+01, 0.1070561E+01, 0.1059039E+01, 0.1058883E+01, 0.1059140E+01,
 0.4180000E+01, 0.1071496E+01, 0.1059980E+01, 0.1059824E+01, 0.1060081E+01,
 0.4200000E+01, 0.1072426E+01, 0.1060915E+01, 0.1060759E+01, 0.1061016E+01,
 0.4220000E+01, 0.1073350E+01, 0.1061845E+01, 0.1061688E+01, 0.1061945E+01,
 0.4240000E+01, 0.1074268E+01, 0.1062768E+01, 0.1062612E+01, 0.1062869E+01,
 0.4260000E+01, 0.1075181E+01, 0.1063685E+01, 0.1063529E+01, 0.1063786E+01,
 0.4280000E+01, 0.1076087E+01, 0.1064597E+01, 0.1064441E+01, 0.1064698E+01,
 0.4300000E+01, 0.1076988E+01, 0.1065503E+01, 0.1065347E+01, 0.1065603E+01,
 0.4320000E+01, 0.1077883E+01, 0.1066403E+01, 0.1066247E+01, 0.1066503E+01,
 0.4340000E+01, 0.1078772E+01, 0.1067297E+01, 0.1067141E+01, 0.1067398E+01,
 0.4360000E+01, 0.1079656E+01, 0.1068186E+01, 0.1068030E+01, 0.1068287E+01,
 0.4380000E+01, 0.1080534E+01, 0.1069070E+01, 0.1068914E+01, 0.1069170E+01,
 0.4400000E+01, 0.1081407E+01, 0.1069947E+01, 0.1069792E+01, 0.1070048E+01,
 0.4420000E+01, 0.1082274E+01, 0.1070820E+01, 0.1070664E+01, 0.1070920E+01,
 0.4440000E+01, 0.1083136E+01, 0.1071687E+01, 0.1071531E+01, 0.1071787E+01,
 0.4460000E+01, 0.1083993E+01, 0.1072548E+01, 0.1072393E+01, 0.1072648E+01,
 0.4480000E+01, 0.1084844E+01, 0.1073404E+01, 0.1073249E+01, 0.1073504E+01,
 0.4500000E+01, 0.1085690E+01, 0.1074255E+01, 0.1074100E+01, 0.1074355E+01,
 0.4520000E+01, 0.1086531E+01, 0.1075101E+01, 0.1074946E+01, 0.1075201E+01,
 0.4540000E+01, 0.1087367E+01, 0.1075941E+01, 0.1075786E+01, 0.1076041E+01,
 0.4560000E+01, 0.1088197E+01, 0.1076777E+01, 0.1076622E+01, 0.1076877E+01,
 0.4580000E+01, 0.1089022E+01, 0.1077607E+01, 0.1077452E+01, 0.1077707E+01,
 0.4600000E+01, 0.1089843E+01, 0.1078432E+01, 0.1078277E+01, 0.1078532E+01,
 0.4620000E+01, 0.1090658E+01, 0.1079252E+01, 0.1079097E+01, 0.1079352E+01,
 0.4640000E+01, 0.1091468E+01, 0.1080068E+01, 0.1079913E+01, 0.1080167E+01,
 0.4660000E+01, 0.1092274E+01, 0.1080878E+01, 0.1080723E+01, 0.1080978E+01,
 0.4680000E+01, 0.1093075E+01, 0.1081683E+01, 0.1081529E+01, 0.1081783E+01,
 0.4700000E+01, 0.1093870E+01, 0.1082484E+01, 0.1082329E+01, 0.1082584E+01,
 0.4720000E+01, 0.1094661E+01, 0.1083280E+01, 0.1083125E+01, 0.1083379E+01,
 0.4740000E+01, 0.1095448E+01, 0.1084071E+01, 0.1083916E+01, 0.1084170E+01,
 0.4760000E+01, 0.1096229E+01, 0.1084857E+01, 0.1084703E+01, 0.1084957E+01,
 0.4780000E+01, 0.1097006E+01, 0.1085639E+01, 0.1085485E+01, 0.1085739E+01,
 0.4800000E+01, 0.1097779E+01, 0.1086416E+01, 0.1086262E+01, 0.1086516E+01,
 0.4820000E+01, 0.1098546E+01, 0.1087189E+01, 0.1087034E+01, 0.1087288E+01,
 0.4840000E+01, 0.1099310E+01, 0.1087957E+01, 0.1087802E+01, 0.1088056E+01,
 0.4860000E+01, 0.1100068E+01, 0.1088720E+01, 0.1088566E+01, 0.1088820E+01,
 0.4880000E+01, 0.1100823E+01, 0.1089479E+01, 0.1089325E+01, 0.1089579E+01,
 0.4900000E+01, 0.1101573E+01, 0.1090234E+01, 0.1090080E+01, 0.1090333E+01,
 0.4920000E+01, 0.1102318E+01, 0.1090984E+01, 0.1090830E+01, 0.1091083E+01,
 0.4940000E+01, 0.1103060E+01, 0.1091730E+01, 0.1091576E+01, 0.1091829E+01,
 0.4960000E+01, 0.1103796E+01, 0.1092471E+01, 0.1092317E+01, 0.1092571E+01,
 0.4980000E+01, 0.1104529E+01, 0.1093209E+01, 0.1093055E+01, 0.1093308E+01,
 0.5000000E+01, 0.1105258E+01, 0.1093942E+01, 0.1093788E+01, 0.1094041E+01,
 0.5020000E+01, 0.1105982E+01, 0.1094670E+01, 0.1094517E+01, 0.1094770E+01,
 0.5040000E+01, 0.1106702E+01, 0.1095395E+01, 0.1095241E+01, 0.1095494E+01,
 0.5060000E+01, 0.1107418E+01, 0.1096115E+01, 0.1095962E+01, 0.1096215E+01,
 0.5080000E+01, 0.1108130E+01, 0.1096832E+01, 0.1096678E+01, 0.1096931E+01,
 0.5100000E+01, 0.1108838E+01, 0.1097544E+01, 0.1097391E+01, 0.1097643E+01,
 0.5120000E+01, 0.1109542E+01, 0.1098252E+01, 0.1098099E+01, 0.1098351E+01,
 0.5140000E+01, 0.1110242E+01, 0.1098957E+01, 0.1098803E+01, 0.1099056E+01,
 0.5160000E+01, 0.1110937E+01, 0.1099657E+01, 0.1099504E+01, 0.1099756E+01,
 0.5180000E+01, 0.1111629E+01, 0.1100353E+01, 0.1100200E+01, 0.1100452E+01,
 0.5200000E+01, 0.1112317E+01, 0.1101046E+01, 0.1100892E+01, 0.1101145E+01,
 0.5220000E+01, 0.1113002E+01, 0.1101734E+01, 0.1101581E+01, 0.1101833E+01,
 0.5240000E+01, 0.1113682E+01, 0.1102419E+01, 0.1102266E+01, 0.1102518E+01,
 0.5260000E+01, 0.1114359E+01, 0.1103100E+01, 0.1102947E+01, 0.1103199E+01,
 0.5280000E+01, 0.1115032E+01, 0.1103777E+01, 0.1103624E+01, 0.1103876E+01,
 0.5300000E+01, 0.1115701E+01, 0.1104450E+01, 0.1104297E+01, 0.1104549E+01,
 0.5320000E+01, 0.1116366E+01, 0.1105120E+01, 0.1104967E+01, 0.1105219E+01,
 0.5340000E+01, 0.1117028E+01, 0.1105786E+01, 0.1105633E+01, 0.1105885E+01,
 0.5360000E+01, 0.1117686E+01, 0.1106448E+01, 0.1106295E+01, 0.1106547E+01,
 0.5380000E+01, 0.1118341E+01, 0.1107107E+01, 0.1106954E+01, 0.1107206E+01,
 0.5400000E+01, 0.1118992E+01, 0.1107762E+01, 0.1107609E+01, 0.1107861E+01,
 0.5420000E+01, 0.1119639E+01, 0.1108414E+01, 0.1108261E+01, 0.1108512E+01,
 0.5440000E+01, 0.1120283E+01, 0.1109061E+01, 0.1108909E+01, 0.1109160E+01,
 0.5460000E+01, 0.1120923E+01, 0.1109706E+01, 0.1109553E+01, 0.1109804E+01,
 0.5480000E+01, 0.1121560E+01, 0.1110347E+01, 0.1110194E+01, 0.1110445E+01,
 0.5500000E+01, 0.1122194E+01, 0.1110984E+01, 0.1110832E+01, 0.1111083E+01,
 0.5520000E+01, 0.1122824E+01, 0.1111619E+01, 0.1111466E+01, 0.1111717E+01,
 0.5540000E+01, 0.1123451E+01, 0.1112249E+01, 0.1112097E+01, 0.1112347E+01,
 0.5560000E+01, 0.1124074E+01, 0.1112876E+01, 0.1112724E+01, 0.1112975E+01,
 0.5580000E+01, 0.1124694E+01, 0.1113500E+01, 0.1113348E+01, 0.1113599E+01,
 0.5600000E+01, 0.1125311E+01, 0.1114121E+01, 0.1113969E+01, 0.1114219E+01,
 0.5620000E+01, 0.1125924E+01, 0.1114738E+01, 0.1114586E+01, 0.1114837E+01,
 0.5640000E+01, 0.1126535E+01, 0.1115353E+01, 0.1115200E+01, 0.1115451E+01,
 0.5660000E+01, 0.1127142E+01, 0.1115963E+01, 0.1115811E+01, 0.1116061E+01,
 0.5680000E+01, 0.1127745E+01, 0.1116571E+01, 0.1116419E+01, 0.1116669E+01,
 0.5700000E+01, 0.1128346E+01, 0.1117175E+01, 0.1117023E+01, 0.1117274E+01,
 0.5720000E+01, 0.1128944E+01, 0.1117777E+01, 0.1117625E+01, 0.1117875E+01,
 0.5740000E+01, 0.1129538E+01, 0.1118375E+01, 0.1118223E+01, 0.1118473E+01,
 0.5760000E+01, 0.1130129E+01, 0.1118970E+01, 0.1118818E+01, 0.1119068E+01,
 0.5780000E+01, 0.1130718E+01, 0.1119562E+01, 0.1119410E+01, 0.1119660E+01,
 0.5800000E+01, 0.1131303E+01, 0.1120151E+01, 0.1119999E+01, 0.1120249E+01,
 0.5820000E+01, 0.1131885E+01, 0.1120737E+01, 0.1120585E+01, 0.1120835E+01,
 0.5840000E+01, 0.1132464E+01, 0.1121320E+01, 0.1121168E+01, 0.1121418E+01,
 0.5860000E+01, 0.1133040E+01, 0.1121899E+01, 0.1121747E+01, 0.1121997E+01,
 0.5880000E+01, 0.1133614E+01, 0.1122476E+01, 0.1122324E+01, 0.1122574E+01,
 0.5900000E+01, 0.1134184E+01, 0.1123050E+01, 0.1122898E+01, 0.1123148E+01,
 0.5920000E+01, 0.1134751E+01, 0.1123621E+01, 0.1123470E+01, 0.1123719E+01,
 0.5940000E+01, 0.1135316E+01, 0.1124190E+01, 0.1124038E+01, 0.1124287E+01,
 0.5960000E+01, 0.1135878E+01, 0.1124755E+01, 0.1124603E+01, 0.1124853E+01,
 0.5980000E+01, 0.1136437E+01, 0.1125317E+01, 0.1125166E+01, 0.1125415E+01,
 0.6000000E+01, 0.1136993E+01, 0.1125877E+01, 0.1125725E+01, 0.1125975E+01,
 0.6020000E+01, 0.1137546E+01, 0.1126434E+01, 0.1126282E+01, 0.1126531E+01,
 0.6040000E+01, 0.1138097E+01, 0.1126988E+01, 0.1126836E+01, 0.1127085E+01,
 0.6060000E+01, 0.1138644E+01, 0.1127539E+01, 0.1127388E+01, 0.1127637E+01,
 0.6080000E+01, 0.1139189E+01, 0.1128088E+01, 0.1127936E+01, 0.1128185E+01,
 0.6100000E+01, 0.1139732E+01, 0.1128633E+01, 0.1128482E+01, 0.1128731E+01,
 0.6120000E+01, 0.1140272E+01, 0.1129177E+01, 0.1129025E+01, 0.1129274E+01,
 0.6140000E+01, 0.1140809E+01, 0.1129717E+01, 0.1129566E+01, 0.1129815E+01,
 0.6160000E+01, 0.1141343E+01, 0.1130255E+01, 0.1130104E+01, 0.1130352E+01,
 0.6180000E+01, 0.1141875E+01, 0.1130790E+01, 0.1130639E+01, 0.1130888E+01,
 0.6200000E+01, 0.1142404E+01, 0.1131323E+01, 0.1131171E+01, 0.1131420E+01,
 0.6220000E+01, 0.1142931E+01, 0.1131853E+01, 0.1131701E+01, 0.1131950E+01,
 0.6240000E+01, 0.1143455E+01, 0.1132380E+01, 0.1132229E+01, 0.1132478E+01,
 0.6260000E+01, 0.1143976E+01, 0.1132905E+01, 0.1132754E+01, 0.1133002E+01,
 0.6280000E+01, 0.1144495E+01, 0.1133427E+01, 0.1133276E+01, 0.1133525E+01,
 0.6300000E+01, 0.1145012E+01, 0.1133947E+01, 0.1133796E+01, 0.1134045E+01,
 0.6320000E+01, 0.1145526E+01, 0.1134465E+01, 0.1134313E+01, 0.1134562E+01,
 0.6340000E+01, 0.1146038E+01, 0.1134979E+01, 0.1134828E+01, 0.1135077E+01,
 0.6360000E+01, 0.1146547E+01, 0.1135492E+01, 0.1135341E+01, 0.1135589E+01,
 0.6380000E+01, 0.1147054E+01, 0.1136002E+01, 0.1135851E+01, 0.1136099E+01,
 0.6400000E+01, 0.1147558E+01, 0.1136510E+01, 0.1136358E+01, 0.1136607E+01,
 0.6420000E+01, 0.1148060E+01, 0.1137015E+01, 0.1136864E+01, 0.1137112E+01,
 0.6440000E+01, 0.1148560E+01, 0.1137517E+01, 0.1137367E+01, 0.1137615E+01,
 0.6460000E+01, 0.1149057E+01, 0.1138018E+01, 0.1137867E+01, 0.1138115E+01,
 0.6480000E+01, 0.1149552E+01, 0.1138516E+01, 0.1138365E+01, 0.1138613E+01,
 0.6500000E+01, 0.1150045E+01, 0.1139012E+01, 0.1138861E+01, 0.1139109E+01,
 0.6520000E+01, 0.1150535E+01, 0.1139505E+01, 0.1139355E+01, 0.1139602E+01,
 0.6540000E+01, 0.1151023E+01, 0.1139997E+01, 0.1139846E+01, 0.1140094E+01,
 0.6560000E+01, 0.1151509E+01, 0.1140485E+01, 0.1140335E+01, 0.1140582E+01,
 0.6580000E+01, 0.1151992E+01, 0.1140972E+01, 0.1140821E+01, 0.1141069E+01,
 0.6600000E+01, 0.1152474E+01, 0.1141456E+01, 0.1141306E+01, 0.1141553E+01,
 0.6620000E+01, 0.1152953E+01, 0.1141939E+01, 0.1141788E+01, 0.1142036E+01,
 0.6640000E+01, 0.1153430E+01, 0.1142419E+01, 0.1142268E+01, 0.1142516E+01,
 0.6660000E+01, 0.1153905E+01, 0.1142897E+01, 0.1142746E+01, 0.1142993E+01,
 0.6680000E+01, 0.1154377E+01, 0.1143372E+01, 0.1143222E+01, 0.1143469E+01,
 0.6700000E+01, 0.1154848E+01, 0.1143846E+01, 0.1143695E+01, 0.1143942E+01,
 0.6720000E+01, 0.1155316E+01, 0.1144317E+01, 0.1144166E+01, 0.1144414E+01,
 0.6740000E+01, 0.1155782E+01, 0.1144786E+01, 0.1144636E+01, 0.1144883E+01,
 0.6760000E+01, 0.1156246E+01, 0.1145253E+01, 0.1145103E+01, 0.1145350E+01,
 0.6780000E+01, 0.1156708E+01, 0.1145718E+01, 0.1145568E+01, 0.1145815E+01,
 0.6800000E+01, 0.1157168E+01, 0.1146181E+01, 0.1146031E+01, 0.1146278E+01,
 0.6820000E+01, 0.1157626E+01, 0.1146642E+01, 0.1146492E+01, 0.1146739E+01,
 0.6840000E+01, 0.1158082E+01, 0.1147101E+01, 0.1146951E+01, 0.1147197E+01,
 0.6860000E+01, 0.1158536E+01, 0.1147558E+01, 0.1147407E+01, 0.1147654E+01,
 0.6880000E+01, 0.1158988E+01, 0.1148012E+01, 0.1147862E+01, 0.1148109E+01,
 0.6900000E+01, 0.1159438E+01, 0.1148465E+01, 0.1148315E+01, 0.1148562E+01,
 0.6920000E+01, 0.1159886E+01, 0.1148916E+01, 0.1148766E+01, 0.1149013E+01,
 0.6940000E+01, 0.1160332E+01, 0.1149365E+01, 0.1149215E+01, 0.1149461E+01,
 0.6960000E+01, 0.1160776E+01, 0.1149812E+01, 0.1149662E+01, 0.1149908E+01,
 0.6980000E+01, 0.1161218E+01, 0.1150257E+01, 0.1150106E+01, 0.1150353E+01,
 0.7000000E+01, 0.1161658E+01, 0.1150699E+01, 0.1150549E+01, 0.1150796E+01,
 0.7020000E+01, 0.1162096E+01, 0.1151140E+01, 0.1150990E+01, 0.1151237E+01,
 0.7040000E+01, 0.1162532E+01, 0.1151580E+01, 0.1151430E+01, 0.1151676E+01,
 0.7060000E+01, 0.1162967E+01, 0.1152017E+01, 0.1151867E+01, 0.1152113E+01,
 0.7080000E+01, 0.1163399E+01, 0.1152452E+01, 0.1152302E+01, 0.1152549E+01,
 0.7100000E+01, 0.1163830E+01, 0.1152886E+01, 0.1152736E+01, 0.1152982E+01,
 0.7120000E+01, 0.1164259E+01, 0.1153317E+01, 0.1153168E+01, 0.1153414E+01,
 0.7140000E+01, 0.1164686E+01, 0.1153747E+01, 0.1153597E+01, 0.1153844E+01,
 0.7160000E+01, 0.1165111E+01, 0.1154175E+01, 0.1154025E+01, 0.1154272E+01,
 0.7180000E+01, 0.1165535E+01, 0.1154601E+01, 0.1154452E+01, 0.1154698E+01,
 0.7200000E+01, 0.1165956E+01, 0.1155026E+01, 0.1154876E+01, 0.1155122E+01,
 0.7220000E+01, 0.1166376E+01, 0.1155448E+01, 0.1155299E+01, 0.1155545E+01,
 0.7240000E+01, 0.1166795E+01, 0.1155869E+01, 0.1155720E+01, 0.1155965E+01,
 0.7260000E+01, 0.1167211E+01, 0.1156288E+01, 0.1156139E+01, 0.1156384E+01,
 0.7280000E+01, 0.1167626E+01, 0.1156705E+01, 0.1156556E+01, 0.1156802E+01,
 0.7300000E+01, 0.1168038E+01, 0.1157121E+01, 0.1156972E+01, 0.1157217E+01,
 0.7320000E+01, 0.1168450E+01, 0.1157535E+01, 0.1157385E+01, 0.1157631E+01,
 0.7340000E+01, 0.1168859E+01, 0.1157947E+01, 0.1157798E+01, 0.1158043E+01,
 0.7360000E+01, 0.1169267E+01, 0.1158358E+01, 0.1158208E+01, 0.1158454E+01,
 0.7380000E+01, 0.1169673E+01, 0.1158766E+01, 0.1158617E+01, 0.1158862E+01,
 0.7400000E+01, 0.1170077E+01, 0.1159173E+01, 0.1159024E+01, 0.1159269E+01,
 0.7420000E+01, 0.1170480E+01, 0.1159579E+01, 0.1159429E+01, 0.1159675E+01,
 0.7440000E+01, 0.1170881E+01, 0.1159982E+01, 0.1159833E+01, 0.1160079E+01,
 0.7460000E+01, 0.1171281E+01, 0.1160385E+01, 0.1160235E+01, 0.1160481E+01,
 0.7480000E+01, 0.1171679E+01, 0.1160785E+01, 0.1160636E+01, 0.1160881E+01,
 0.7500000E+01, 0.1172075E+01, 0.1161184E+01, 0.1161035E+01, 0.1161280E+01,
 0.7520000E+01, 0.1172470E+01, 0.1161581E+01, 0.1161432E+01, 0.1161677E+01,
 0.7540000E+01, 0.1172863E+01, 0.1161977E+01, 0.1161828E+01, 0.1162073E+01,
 0.7560000E+01, 0.1173254E+01, 0.1162371E+01, 0.1162222E+01, 0.1162467E+01,
 0.7580000E+01, 0.1173644E+01, 0.1162763E+01, 0.1162614E+01, 0.1162859E+01,
 0.7600000E+01, 0.1174033E+01, 0.1163154E+01, 0.1163005E+01, 0.1163250E+01,
 0.7620000E+01, 0.1174420E+01, 0.1163543E+01, 0.1163394E+01, 0.1163639E+01,
 0.7640000E+01, 0.1174805E+01, 0.1163931E+01, 0.1163782E+01, 0.1164027E+01,
 0.7660000E+01, 0.1175189E+01, 0.1164318E+01, 0.1164168E+01, 0.1164413E+01,
 0.7680000E+01, 0.1175571E+01, 0.1164702E+01, 0.1164553E+01, 0.1164798E+01,
 0.7700000E+01, 0.1175952E+01, 0.1165086E+01, 0.1164937E+01, 0.1165181E+01,
 0.7720000E+01, 0.1176331E+01, 0.1165467E+01, 0.1165318E+01, 0.1165563E+01,
 0.7740000E+01, 0.1176709E+01, 0.1165848E+01, 0.1165699E+01, 0.1165943E+01,
 0.7760000E+01, 0.1177085E+01, 0.1166226E+01, 0.1166077E+01, 0.1166322E+01,
 0.7780000E+01, 0.1177460E+01, 0.1166604E+01, 0.1166455E+01, 0.1166699E+01,
 0.7800000E+01, 0.1177833E+01, 0.1166979E+01, 0.1166831E+01, 0.1167075E+01,
 0.7820000E+01, 0.1178205E+01, 0.1167354E+01, 0.1167205E+01, 0.1167449E+01,
 0.7840000E+01, 0.1178576E+01, 0.1167727E+01, 0.1167578E+01, 0.1167822E+01,
 0.7860000E+01, 0.1178945E+01, 0.1168098E+01, 0.1167949E+01, 0.1168194E+01,
 0.7880000E+01, 0.1179312E+01, 0.1168468E+01, 0.1168319E+01, 0.1168564E+01,
 0.7900000E+01, 0.1179679E+01, 0.1168837E+01, 0.1168688E+01, 0.1168932E+01,
 0.7920000E+01, 0.1180044E+01, 0.1169204E+01, 0.1169055E+01, 0.1169300E+01,
 0.7940000E+01, 0.1180407E+01, 0.1169570E+01, 0.1169421E+01, 0.1169666E+01,
 0.7960000E+01, 0.1180769E+01, 0.1169934E+01, 0.1169786E+01, 0.1170030E+01,
 0.7980000E+01, 0.1181130E+01, 0.1170298E+01, 0.1170149E+01, 0.1170393E+01,
 0.8000000E+01, 0.1181489E+01, 0.1170659E+01, 0.1170511E+01, 0.1170755E+01,
 0.8020000E+01, 0.1181847E+01, 0.1171020E+01, 0.1170871E+01, 0.1171115E+01,
 0.8040000E+01, 0.1182204E+01, 0.1171379E+01, 0.1171230E+01, 0.1171474E+01,
 0.8060000E+01, 0.1182559E+01, 0.1171736E+01, 0.1171588E+01, 0.1171832E+01,
 0.8080000E+01, 0.1182913E+01, 0.1172093E+01, 0.1171944E+01, 0.1172188E+01,
 0.8100000E+01, 0.1183266E+01, 0.1172448E+01, 0.1172299E+01, 0.1172543E+01,
 0.8120000E+01, 0.1183618E+01, 0.1172801E+01, 0.1172653E+01, 0.1172897E+01,
 0.8140000E+01, 0.1183968E+01, 0.1173154E+01, 0.1173005E+01, 0.1173249E+01,
 0.8160000E+01, 0.1184317E+01, 0.1173505E+01, 0.1173356E+01, 0.1173600E+01,
 0.8180000E+01, 0.1184664E+01, 0.1173855E+01, 0.1173706E+01, 0.1173950E+01,
 0.8200000E+01, 0.1185010E+01, 0.1174203E+01, 0.1174055E+01, 0.1174299E+01,
 0.8220000E+01, 0.1185355E+01, 0.1174550E+01, 0.1174402E+01, 0.1174646E+01,
 0.8240000E+01, 0.1185699E+01, 0.1174896E+01, 0.1174748E+01, 0.1174992E+01,
 0.8260000E+01, 0.1186042E+01, 0.1175241E+01, 0.1175093E+01, 0.1175336E+01,
 0.8280000E+01, 0.1186383E+01, 0.1175585E+01, 0.1175436E+01, 0.1175680E+01,
 0.8300000E+01, 0.1186723E+01, 0.1175927E+01, 0.1175779E+01, 0.1176022E+01,
 0.8320000E+01, 0.1187062E+01, 0.1176268E+01, 0.1176120E+01, 0.1176363E+01,
 0.8340000E+01, 0.1187399E+01, 0.1176608E+01, 0.1176460E+01, 0.1176703E+01,
 0.8360000E+01, 0.1187736E+01, 0.1176946E+01, 0.1176798E+01, 0.1177042E+01,
 0.8380000E+01, 0.1188071E+01, 0.1177284E+01, 0.1177136E+01, 0.1177379E+01,
 0.8400000E+01, 0.1188405E+01, 0.1177620E+01, 0.1177472E+01, 0.1177715E+01,
 0.8420000E+01, 0.1188738E+01, 0.1177955E+01, 0.1177807E+01, 0.1178050E+01,
 0.8440000E+01, 0.1189069E+01, 0.1178289E+01, 0.1178141E+01, 0.1178384E+01,
 0.8460000E+01, 0.1189400E+01, 0.1178621E+01, 0.1178473E+01, 0.1178717E+01,
 0.8480000E+01, 0.1189729E+01, 0.1178953E+01, 0.1178805E+01, 0.1179048E+01,
 0.8500000E+01, 0.1190057E+01, 0.1179283E+01, 0.1179135E+01, 0.1179378E+01,
 0.8520000E+01, 0.1190384E+01, 0.1179612E+01, 0.1179464E+01, 0.1179708E+01,
 0.8540000E+01, 0.1190710E+01, 0.1179940E+01, 0.1179793E+01, 0.1180035E+01,
 0.8560000E+01, 0.1191035E+01, 0.1180267E+01, 0.1180119E+01, 0.1180362E+01,
 0.8580000E+01, 0.1191359E+01, 0.1180593E+01, 0.1180445E+01, 0.1180688E+01,
 0.8600000E+01, 0.1191681E+01, 0.1180918E+01, 0.1180770E+01, 0.1181013E+01,
 0.8620000E+01, 0.1192003E+01, 0.1181241E+01, 0.1181093E+01, 0.1181336E+01,
 0.8640000E+01, 0.1192323E+01, 0.1181563E+01, 0.1181416E+01, 0.1181659E+01,
 0.8660000E+01, 0.1192642E+01, 0.1181885E+01, 0.1181737E+01, 0.1181980E+01,
 0.8680000E+01, 0.1192960E+01, 0.1182205E+01, 0.1182057E+01, 0.1182300E+01,
 0.8700000E+01, 0.1193277E+01, 0.1182524E+01, 0.1182376E+01, 0.1182619E+01,
 0.8720000E+01, 0.1193593E+01, 0.1182842E+01, 0.1182694E+01, 0.1182937E+01,
 0.8740000E+01, 0.1193908E+01, 0.1183159E+01, 0.1183011E+01, 0.1183254E+01,
 0.8760000E+01, 0.1194222E+01, 0.1183475E+01, 0.1183327E+01, 0.1183570E+01,
 0.8780000E+01, 0.1194535E+01, 0.1183789E+01, 0.1183642E+01, 0.1183884E+01,
 0.8800000E+01, 0.1194846E+01, 0.1184103E+01, 0.1183955E+01, 0.1184198E+01,
 0.8820000E+01, 0.1195157E+01, 0.1184416E+01, 0.1184268E+01, 0.1184511E+01,
 0.8840000E+01, 0.1195466E+01, 0.1184727E+01, 0.1184580E+01, 0.1184822E+01,
 0.8860000E+01, 0.1195775E+01, 0.1185038E+01, 0.1184890E+01, 0.1185133E+01,
 0.8880000E+01, 0.1196082E+01, 0.1185347E+01, 0.1185200E+01, 0.1185442E+01,
 0.8900000E+01, 0.1196389E+01, 0.1185656E+01, 0.1185508E+01, 0.1185751E+01,
 0.8920000E+01, 0.1196694E+01, 0.1185963E+01, 0.1185816E+01, 0.1186058E+01,
 0.8940000E+01, 0.1196999E+01, 0.1186270E+01, 0.1186122E+01, 0.1186365E+01,
 0.8960000E+01, 0.1197302E+01, 0.1186575E+01, 0.1186428E+01, 0.1186670E+01,
 0.8980000E+01, 0.1197605E+01, 0.1186880E+01, 0.1186732E+01, 0.1186974E+01,
 0.9000000E+01, 0.1197906E+01, 0.1187183E+01, 0.1187035E+01, 0.1187278E+01,
 0.9020000E+01, 0.1198207E+01, 0.1187485E+01, 0.1187338E+01, 0.1187580E+01,
 0.9040000E+01, 0.1198506E+01, 0.1187787E+01, 0.1187639E+01, 0.1187881E+01,
 0.9060000E+01, 0.1198805E+01, 0.1188087E+01, 0.1187940E+01, 0.1188182E+01,
 0.9080000E+01, 0.1199102E+01, 0.1188386E+01, 0.1188239E+01, 0.1188481E+01,
 0.9100000E+01, 0.1199399E+01, 0.1188685E+01, 0.1188538E+01, 0.1188780E+01,
 0.9120000E+01, 0.1199694E+01, 0.1188982E+01, 0.1188835E+01, 0.1189077E+01,
 0.9140000E+01, 0.1199989E+01, 0.1189279E+01, 0.1189132E+01, 0.1189374E+01,
 0.9160000E+01, 0.1200283E+01, 0.1189574E+01, 0.1189427E+01, 0.1189669E+01,
 0.9180000E+01, 0.1200575E+01, 0.1189869E+01, 0.1189722E+01, 0.1189964E+01,
 0.9200000E+01, 0.1200867E+01, 0.1190163E+01, 0.1190016E+01, 0.1190257E+01,
 0.9220000E+01, 0.1201158E+01, 0.1190456E+01, 0.1190308E+01, 0.1190550E+01,
 0.9240000E+01, 0.1201448E+01, 0.1190747E+01, 0.1190600E+01, 0.1190842E+01,
 0.9260000E+01, 0.1201737E+01, 0.1191038E+01, 0.1190891E+01, 0.1191133E+01,
 0.9280000E+01, 0.1202025E+01, 0.1191328E+01, 0.1191181E+01, 0.1191423E+01,
 0.9300000E+01, 0.1202312E+01, 0.1191617E+01, 0.1191470E+01, 0.1191712E+01,
 0.9320000E+01, 0.1202599E+01, 0.1191905E+01, 0.1191758E+01, 0.1192000E+01,
 0.9340000E+01, 0.1202884E+01, 0.1192192E+01, 0.1192045E+01, 0.1192287E+01,
 0.9360000E+01, 0.1203169E+01, 0.1192479E+01, 0.1192332E+01, 0.1192573E+01,
 0.9380000E+01, 0.1203452E+01, 0.1192764E+01, 0.1192617E+01, 0.1192859E+01,
 0.9400000E+01, 0.1203735E+01, 0.1193049E+01, 0.1192901E+01, 0.1193143E+01,
 0.9420000E+01, 0.1204017E+01, 0.1193332E+01, 0.1193185E+01, 0.1193427E+01,
 0.9440000E+01, 0.1204298E+01, 0.1193615E+01, 0.1193468E+01, 0.1193709E+01,
 0.9460000E+01, 0.1204578E+01, 0.1193897E+01, 0.1193750E+01, 0.1193991E+01,
 0.9480000E+01, 0.1204857E+01, 0.1194178E+01, 0.1194031E+01, 0.1194272E+01,
 0.9500000E+01, 0.1205135E+01, 0.1194458E+01, 0.1194311E+01, 0.1194552E+01,
 0.9520000E+01, 0.1205413E+01, 0.1194737E+01, 0.1194590E+01, 0.1194831E+01,
 0.9540000E+01, 0.1205689E+01, 0.1195015E+01, 0.1194868E+01, 0.1195110E+01,
 0.9560000E+01, 0.1205965E+01, 0.1195293E+01, 0.1195146E+01, 0.1195387E+01,
 0.9580000E+01, 0.1206240E+01, 0.1195570E+01, 0.1195423E+01, 0.1195664E+01,
 0.9600000E+01, 0.1206514E+01, 0.1195845E+01, 0.1195698E+01, 0.1195940E+01,
 0.9620000E+01, 0.1206787E+01, 0.1196120E+01, 0.1195973E+01, 0.1196215E+01,
 0.9640000E+01, 0.1207060E+01, 0.1196394E+01, 0.1196248E+01, 0.1196489E+01,
 0.9660000E+01, 0.1207331E+01, 0.1196668E+01, 0.1196521E+01, 0.1196762E+01,
 0.9680000E+01, 0.1207602E+01, 0.1196940E+01, 0.1196793E+01, 0.1197034E+01,
 0.9700000E+01, 0.1207872E+01, 0.1197212E+01, 0.1197065E+01, 0.1197306E+01,
 0.9720000E+01, 0.1208141E+01, 0.1197483E+01, 0.1197336E+01, 0.1197577E+01,
 0.9740000E+01, 0.1208410E+01, 0.1197753E+01, 0.1197606E+01, 0.1197847E+01,
 0.9760000E+01, 0.1208677E+01, 0.1198022E+01, 0.1197875E+01, 0.1198116E+01,
 0.9780000E+01, 0.1208944E+01, 0.1198290E+01, 0.1198143E+01, 0.1198385E+01,
 0.9800000E+01, 0.1209210E+01, 0.1198558E+01, 0.1198411E+01, 0.1198652E+01,
 0.9820000E+01, 0.1209475E+01, 0.1198825E+01, 0.1198678E+01, 0.1198919E+01,
 0.9840000E+01, 0.1209739E+01, 0.1199091E+01, 0.1198944E+01, 0.1199185E+01,
 0.9860000E+01, 0.1210003E+01, 0.1199356E+01, 0.1199209E+01, 0.1199450E+01,
 0.9880000E+01, 0.1210266E+01, 0.1199620E+01, 0.1199474E+01, 0.1199714E+01,
 0.9900000E+01, 0.1210528E+01, 0.1199884E+01, 0.1199737E+01, 0.1199978E+01,
 0.9920000E+01, 0.1210789E+01, 0.1200147E+01, 0.1200000E+01, 0.1200241E+01,
 0.9940000E+01, 0.1211049E+01, 0.1200409E+01, 0.1200262E+01, 0.1200503E+01,
 0.9960000E+01, 0.1211309E+01, 0.1200670E+01, 0.1200524E+01, 0.1200764E+01,
 0.9980000E+01, 0.1211568E+01, 0.1200931E+01, 0.1200784E+01, 0.1201025E+01,
 0.1000000E+02, 0.1211826E+01, 0.1201190E+01, 0.1201044E+01, 0.1201285E+01,
 0.1002000E+02, 0.1212084E+01, 0.1201450E+01, 0.1201303E+01, 0.1201544E+01,
 0.1004000E+02, 0.1212340E+01, 0.1201708E+01, 0.1201561E+01, 0.1201802E+01,
 0.1006000E+02, 0.1212596E+01, 0.1201965E+01, 0.1201819E+01, 0.1202059E+01,
 0.1008000E+02, 0.1212851E+01, 0.1202222E+01, 0.1202076E+01, 0.1202316E+01,
 0.1010000E+02, 0.1213106E+01, 0.1202478E+01, 0.1202332E+01, 0.1202572E+01,
 0.1012000E+02, 0.1213359E+01, 0.1202733E+01, 0.1202587E+01, 0.1202827E+01,
 0.1014000E+02, 0.1213612E+01, 0.1202988E+01, 0.1202842E+01, 0.1203082E+01,
 0.1016000E+02, 0.1213865E+01, 0.1203242E+01, 0.1203095E+01, 0.1203336E+01,
 0.1018000E+02, 0.1214116E+01, 0.1203495E+01, 0.1203348E+01, 0.1203589E+01,
 0.1020000E+02, 0.1214367E+01, 0.1203747E+01, 0.1203601E+01, 0.1203841E+01,
 0.1022000E+02, 0.1214617E+01, 0.1203999E+01, 0.1203852E+01, 0.1204093E+01,
 0.1024000E+02, 0.1214867E+01, 0.1204250E+01, 0.1204103E+01, 0.1204344E+01,
 0.1026000E+02, 0.1215115E+01, 0.1204500E+01, 0.1204354E+01, 0.1204594E+01,
 0.1028000E+02, 0.1215363E+01, 0.1204749E+01, 0.1204603E+01, 0.1204843E+01,
 0.1030000E+02, 0.1215610E+01, 0.1204998E+01, 0.1204852E+01, 0.1205092E+01,
 0.1032000E+02, 0.1215857E+01, 0.1205246E+01, 0.1205100E+01, 0.1205340E+01,
 0.1034000E+02, 0.1216103E+01, 0.1205494E+01, 0.1205347E+01, 0.1205588E+01,
 0.1036000E+02, 0.1216348E+01, 0.1205740E+01, 0.1205594E+01, 0.1205834E+01,
 0.1038000E+02, 0.1216592E+01, 0.1205986E+01, 0.1205840E+01, 0.1206080E+01,
 0.1040000E+02, 0.1216836E+01, 0.1206231E+01, 0.1206085E+01, 0.1206325E+01,
 0.1042000E+02, 0.1217079E+01, 0.1206476E+01, 0.1206330E+01, 0.1206570E+01,
 0.1044000E+02, 0.1217322E+01, 0.1206720E+01, 0.1206574E+01, 0.1206814E+01,
 0.1046000E+02, 0.1217563E+01, 0.1206963E+01, 0.1206817E+01, 0.1207057E+01,
 0.1048000E+02, 0.1217804E+01, 0.1207206E+01, 0.1207059E+01, 0.1207299E+01,
 0.1050000E+02, 0.1218045E+01, 0.1207447E+01, 0.1207301E+01, 0.1207541E+01,
 0.1052000E+02, 0.1218284E+01, 0.1207689E+01, 0.1207542E+01, 0.1207782E+01,
 0.1054000E+02, 0.1218523E+01, 0.1207929E+01, 0.1207783E+01, 0.1208023E+01,
 0.1056000E+02, 0.1218762E+01, 0.1208169E+01, 0.1208023E+01, 0.1208263E+01,
 0.1058000E+02, 0.1219000E+01, 0.1208408E+01, 0.1208262E+01, 0.1208502E+01,
 0.1060000E+02, 0.1219236E+01, 0.1208646E+01, 0.1208500E+01, 0.1208740E+01,
 0.1062000E+02, 0.1219473E+01, 0.1208884E+01, 0.1208738E+01, 0.1208978E+01,
 0.1064000E+02, 0.1219709E+01, 0.1209121E+01, 0.1208975E+01, 0.1209215E+01,
 0.1066000E+02, 0.1219944E+01, 0.1209358E+01, 0.1209212E+01, 0.1209452E+01,
 0.1068000E+02, 0.1220178E+01, 0.1209594E+01, 0.1209448E+01, 0.1209687E+01,
 0.1070000E+02, 0.1220412E+01, 0.1209829E+01, 0.1209683E+01, 0.1209923E+01,
 0.1072000E+02, 0.1220645E+01, 0.1210063E+01, 0.1209917E+01, 0.1210157E+01,
 0.1074000E+02, 0.1220878E+01, 0.1210297E+01, 0.1210151E+01, 0.1210391E+01,
 0.1076000E+02, 0.1221109E+01, 0.1210531E+01, 0.1210385E+01, 0.1210624E+01,
 0.1078000E+02, 0.1221341E+01, 0.1210763E+01, 0.1210617E+01, 0.1210857E+01,
 0.1080000E+02, 0.1221571E+01, 0.1210995E+01, 0.1210849E+01, 0.1211089E+01,
 0.1082000E+02, 0.1221801E+01, 0.1211227E+01, 0.1211081E+01, 0.1211320E+01,
 0.1084000E+02, 0.1222031E+01, 0.1211457E+01, 0.1211311E+01, 0.1211551E+01,
 0.1086000E+02, 0.1222259E+01, 0.1211687E+01, 0.1211541E+01, 0.1211781E+01,
 0.1088000E+02, 0.1222487E+01, 0.1211917E+01, 0.1211771E+01, 0.1212011E+01,
 0.1090000E+02, 0.1222715E+01, 0.1212146E+01, 0.1212000E+01, 0.1212239E+01,
 0.1092000E+02, 0.1222942E+01, 0.1212374E+01, 0.1212228E+01, 0.1212468E+01,
 0.1094000E+02, 0.1223168E+01, 0.1212602E+01, 0.1212456E+01, 0.1212695E+01,
 0.1096000E+02, 0.1223394E+01, 0.1212829E+01, 0.1212683E+01, 0.1212922E+01,
 0.1098000E+02, 0.1223619E+01, 0.1213055E+01, 0.1212909E+01, 0.1213148E+01,
 0.1100000E+02, 0.1223843E+01, 0.1213281E+01, 0.1213135E+01, 0.1213374E+01,
 0.1102000E+02, 0.1224067E+01, 0.1213506E+01, 0.1213360E+01, 0.1213599E+01,
 0.1104000E+02, 0.1224290E+01, 0.1213730E+01, 0.1213585E+01, 0.1213824E+01,
 0.1106000E+02, 0.1224513E+01, 0.1213954E+01, 0.1213809E+01, 0.1214048E+01,
 0.1108000E+02, 0.1224735E+01, 0.1214178E+01, 0.1214032E+01, 0.1214271E+01,
 0.1110000E+02, 0.1224956E+01, 0.1214400E+01, 0.1214255E+01, 0.1214494E+01,
 0.1112000E+02, 0.1225177E+01, 0.1214623E+01, 0.1214477E+01, 0.1214716E+01,
 0.1114000E+02, 0.1225397E+01, 0.1214844E+01, 0.1214698E+01, 0.1214938E+01,
 0.1116000E+02, 0.1225617E+01, 0.1215065E+01, 0.1214919E+01, 0.1215159E+01,
 0.1118000E+02, 0.1225836E+01, 0.1215286E+01, 0.1215140E+01, 0.1215379E+01,
 0.1120000E+02, 0.1226055E+01, 0.1215505E+01, 0.1215360E+01, 0.1215599E+01,
 0.1122000E+02, 0.1226273E+01, 0.1215725E+01, 0.1215579E+01, 0.1215818E+01,
 0.1124000E+02, 0.1226490E+01, 0.1215943E+01, 0.1215798E+01, 0.1216037E+01,
 0.1126000E+02, 0.1226707E+01, 0.1216161E+01, 0.1216016E+01, 0.1216255E+01,
 0.1128000E+02, 0.1226923E+01, 0.1216379E+01, 0.1216233E+01, 0.1216472E+01,
 0.1130000E+02, 0.1227139E+01, 0.1216596E+01, 0.1216450E+01, 0.1216689E+01,
 0.1132000E+02, 0.1227354E+01, 0.1216812E+01, 0.1216667E+01, 0.1216906E+01,
 0.1134000E+02, 0.1227568E+01, 0.1217028E+01, 0.1216882E+01, 0.1217121E+01,
 0.1136000E+02, 0.1227782E+01, 0.1217243E+01, 0.1217098E+01, 0.1217337E+01,
 0.1138000E+02, 0.1227996E+01, 0.1217458E+01, 0.1217312E+01, 0.1217551E+01,
 0.1140000E+02, 0.1228209E+01, 0.1217672E+01, 0.1217526E+01, 0.1217765E+01,
 0.1142000E+02, 0.1228421E+01, 0.1217886E+01, 0.1217740E+01, 0.1217979E+01,
 0.1144000E+02, 0.1228633E+01, 0.1218099E+01, 0.1217953E+01, 0.1218192E+01,
 0.1146000E+02, 0.1228844E+01, 0.1218311E+01, 0.1218166E+01, 0.1218404E+01,
 0.1148000E+02, 0.1229054E+01, 0.1218523E+01, 0.1218377E+01, 0.1218616E+01,
 0.1150000E+02, 0.1229264E+01, 0.1218734E+01, 0.1218589E+01, 0.1218828E+01,
 0.1152000E+02, 0.1229474E+01, 0.1218945E+01, 0.1218800E+01, 0.1219038E+01,
 0.1154000E+02, 0.1229683E+01, 0.1219155E+01, 0.1219010E+01, 0.1219249E+01,
 0.1156000E+02, 0.1229892E+01, 0.1219365E+01, 0.1219220E+01, 0.1219458E+01,
 0.1158000E+02, 0.1230100E+01, 0.1219574E+01, 0.1219429E+01, 0.1219668E+01,
 0.1160000E+02, 0.1230307E+01, 0.1219783E+01, 0.1219637E+01, 0.1219876E+01,
 0.1162000E+02, 0.1230514E+01, 0.1219991E+01, 0.1219846E+01, 0.1220084E+01,
 0.1164000E+02, 0.1230720E+01, 0.1220199E+01, 0.1220053E+01, 0.1220292E+01,
 0.1166000E+02, 0.1230926E+01, 0.1220406E+01, 0.1220260E+01, 0.1220499E+01,
 0.1168000E+02, 0.1231131E+01, 0.1220612E+01, 0.1220467E+01, 0.1220705E+01,
 0.1170000E+02, 0.1231336E+01, 0.1220818E+01, 0.1220673E+01, 0.1220911E+01,
 0.1172000E+02, 0.1231540E+01, 0.1221023E+01, 0.1220878E+01, 0.1221117E+01,
 0.1174000E+02, 0.1231744E+01, 0.1221228E+01, 0.1221083E+01, 0.1221322E+01,
 0.1176000E+02, 0.1231947E+01, 0.1221433E+01, 0.1221287E+01, 0.1221526E+01,
 0.1178000E+02, 0.1232150E+01, 0.1221637E+01, 0.1221491E+01, 0.1221730E+01,
 0.1180000E+02, 0.1232352E+01, 0.1221840E+01, 0.1221695E+01, 0.1221933E+01,
 0.1182000E+02, 0.1232554E+01, 0.1222043E+01, 0.1221898E+01, 0.1222136E+01,
 0.1184000E+02, 0.1232755E+01, 0.1222245E+01, 0.1222100E+01, 0.1222339E+01,
 0.1186000E+02, 0.1232956E+01, 0.1222447E+01, 0.1222302E+01, 0.1222540E+01,
 0.1188000E+02, 0.1233156E+01, 0.1222649E+01, 0.1222503E+01, 0.1222742E+01,
 0.1190000E+02, 0.1233356E+01, 0.1222849E+01, 0.1222704E+01, 0.1222943E+01,
 0.1192000E+02, 0.1233555E+01, 0.1223050E+01, 0.1222904E+01, 0.1223143E+01,
 0.1194000E+02, 0.1233754E+01, 0.1223250E+01, 0.1223104E+01, 0.1223343E+01,
 0.1196000E+02, 0.1233952E+01, 0.1223449E+01, 0.1223304E+01, 0.1223542E+01,
 0.1198000E+02, 0.1234150E+01, 0.1223648E+01, 0.1223502E+01, 0.1223741E+01,
 0.1200000E+02, 0.1234347E+01, 0.1223846E+01, 0.1223701E+01, 0.1223939E+01,
 0.1202000E+02, 0.1234543E+01, 0.1224044E+01, 0.1223899E+01, 0.1224137E+01,
 0.1204000E+02, 0.1234740E+01, 0.1224241E+01, 0.1224096E+01, 0.1224334E+01,
 0.1206000E+02, 0.1234935E+01, 0.1224438E+01, 0.1224293E+01, 0.1224531E+01,
 0.1208000E+02, 0.1235131E+01, 0.1224634E+01, 0.1224489E+01, 0.1224728E+01,
 0.1210000E+02, 0.1235325E+01, 0.1224830E+01, 0.1224685E+01, 0.1224923E+01,
 0.1212000E+02, 0.1235520E+01, 0.1225026E+01, 0.1224881E+01, 0.1225119E+01,
 0.1214000E+02, 0.1235713E+01, 0.1225221E+01, 0.1225075E+01, 0.1225314E+01,
 0.1216000E+02, 0.1235907E+01, 0.1225415E+01, 0.1225270E+01, 0.1225508E+01,
 0.1218000E+02, 0.1236100E+01, 0.1225609E+01, 0.1225464E+01, 0.1225702E+01,
 0.1220000E+02, 0.1236292E+01, 0.1225803E+01, 0.1225657E+01, 0.1225896E+01,
 0.1222000E+02, 0.1236484E+01, 0.1225996E+01, 0.1225850E+01, 0.1226089E+01,
 0.1224000E+02, 0.1236676E+01, 0.1226188E+01, 0.1226043E+01, 0.1226281E+01,
 0.1226000E+02, 0.1236866E+01, 0.1226380E+01, 0.1226235E+01, 0.1226473E+01,
 0.1228000E+02, 0.1237057E+01, 0.1226572E+01, 0.1226427E+01, 0.1226665E+01,
 0.1230000E+02, 0.1237247E+01, 0.1226763E+01, 0.1226618E+01, 0.1226856E+01,
 0.1232000E+02, 0.1237437E+01, 0.1226954E+01, 0.1226809E+01, 0.1227047E+01,
 0.1234000E+02, 0.1237626E+01, 0.1227144E+01, 0.1226999E+01, 0.1227237E+01,
 0.1236000E+02, 0.1237815E+01, 0.1227334E+01, 0.1227189E+01, 0.1227427E+01,
 0.1238000E+02, 0.1238003E+01, 0.1227523E+01, 0.1227378E+01, 0.1227616E+01,
 0.1240000E+02, 0.1238191E+01, 0.1227712E+01, 0.1227567E+01, 0.1227805E+01,
 0.1242000E+02, 0.1238378E+01, 0.1227900E+01, 0.1227755E+01, 0.1227993E+01,
 0.1244000E+02, 0.1238565E+01, 0.1228088E+01, 0.1227943E+01, 0.1228181E+01,
 0.1246000E+02, 0.1238751E+01, 0.1228276E+01, 0.1228131E+01, 0.1228369E+01,
 0.1248000E+02, 0.1238937E+01, 0.1228463E+01, 0.1228318E+01, 0.1228556E+01,
 0.1250000E+02, 0.1239123E+01, 0.1228649E+01, 0.1228504E+01, 0.1228742E+01,
 0.1252000E+02, 0.1239308E+01, 0.1228835E+01, 0.1228690E+01, 0.1228928E+01,
 0.1254000E+02, 0.1239492E+01, 0.1229021E+01, 0.1228876E+01, 0.1229114E+01,
 0.1256000E+02, 0.1239677E+01, 0.1229206E+01, 0.1229061E+01, 0.1229299E+01,
 0.1258000E+02, 0.1239860E+01, 0.1229391E+01, 0.1229246E+01, 0.1229484E+01,
 0.1260000E+02, 0.1240044E+01, 0.1229576E+01, 0.1229431E+01, 0.1229668E+01,
 0.1262000E+02, 0.1240227E+01, 0.1229759E+01, 0.1229614E+01, 0.1229852E+01,
 0.1264000E+02, 0.1240409E+01, 0.1229943E+01, 0.1229798E+01, 0.1230036E+01,
 0.1266000E+02, 0.1240591E+01, 0.1230126E+01, 0.1229981E+01, 0.1230219E+01,
 0.1268000E+02, 0.1240773E+01, 0.1230309E+01, 0.1230164E+01, 0.1230402E+01,
 0.1270000E+02, 0.1240954E+01, 0.1230491E+01, 0.1230346E+01, 0.1230584E+01,
 0.1272000E+02, 0.1241135E+01, 0.1230673E+01, 0.1230528E+01, 0.1230766E+01,
 0.1274000E+02, 0.1241315E+01, 0.1230854E+01, 0.1230709E+01, 0.1230947E+01,
 0.1276000E+02, 0.1241495E+01, 0.1231035E+01, 0.1230890E+01, 0.1231128E+01,
 0.1278000E+02, 0.1241675E+01, 0.1231215E+01, 0.1231071E+01, 0.1231308E+01,
 0.1280000E+02, 0.1241854E+01, 0.1231395E+01, 0.1231251E+01, 0.1231488E+01,
 0.1282000E+02, 0.1242032E+01, 0.1231575E+01, 0.1231430E+01, 0.1231668E+01,
 0.1284000E+02, 0.1242211E+01, 0.1231754E+01, 0.1231610E+01, 0.1231847E+01,
 0.1286000E+02, 0.1242388E+01, 0.1231933E+01, 0.1231788E+01, 0.1232026E+01,
 0.1288000E+02, 0.1242566E+01, 0.1232112E+01, 0.1231967E+01, 0.1232205E+01,
 0.1290000E+02, 0.1242743E+01, 0.1232290E+01, 0.1232145E+01, 0.1232383E+01,
 0.1292000E+02, 0.1242919E+01, 0.1232467E+01, 0.1232322E+01, 0.1232560E+01,
 0.1294000E+02, 0.1243096E+01, 0.1232644E+01, 0.1232500E+01, 0.1232737E+01,
 0.1296000E+02, 0.1243271E+01, 0.1232821E+01, 0.1232676E+01, 0.1232914E+01,
 0.1298000E+02, 0.1243447E+01, 0.1232997E+01, 0.1232853E+01, 0.1233090E+01,
 0.1300000E+02, 0.1243622E+01, 0.1233173E+01, 0.1233029E+01, 0.1233266E+01,
 0.1302000E+02, 0.1243796E+01, 0.1233349E+01, 0.1233204E+01, 0.1233442E+01,
 0.1304000E+02, 0.1243971E+01, 0.1233524E+01, 0.1233379E+01, 0.1233617E+01,
 0.1306000E+02, 0.1244144E+01, 0.1233699E+01, 0.1233554E+01, 0.1233792E+01,
 0.1308000E+02, 0.1244318E+01, 0.1233873E+01, 0.1233728E+01, 0.1233966E+01,
 0.1310000E+02, 0.1244491E+01, 0.1234047E+01, 0.1233902E+01, 0.1234140E+01,
 0.1312000E+02, 0.1244663E+01, 0.1234221E+01, 0.1234076E+01, 0.1234313E+01,
 0.1314000E+02, 0.1244835E+01, 0.1234394E+01, 0.1234249E+01, 0.1234487E+01,
 0.1316000E+02, 0.1245007E+01, 0.1234566E+01, 0.1234422E+01, 0.1234659E+01,
 0.1318000E+02, 0.1245179E+01, 0.1234739E+01, 0.1234594E+01, 0.1234832E+01,
 0.1320000E+02, 0.1245350E+01, 0.1234911E+01, 0.1234766E+01, 0.1235004E+01,
 0.1322000E+02, 0.1245520E+01, 0.1235082E+01, 0.1234938E+01, 0.1235175E+01,
 0.1324000E+02, 0.1245691E+01, 0.1235253E+01, 0.1235109E+01, 0.1235346E+01,
 0.1326000E+02, 0.1245860E+01, 0.1235424E+01, 0.1235280E+01, 0.1235517E+01,
 0.1328000E+02, 0.1246030E+01, 0.1235595E+01, 0.1235450E+01, 0.1235687E+01,
 0.1330000E+02, 0.1246199E+01, 0.1235765E+01, 0.1235620E+01, 0.1235857E+01,
 0.1332000E+02, 0.1246368E+01, 0.1235934E+01, 0.1235790E+01, 0.1236027E+01,
 0.1334000E+02, 0.1246536E+01, 0.1236104E+01, 0.1235959E+01, 0.1236196E+01,
 0.1336000E+02, 0.1246704E+01, 0.1236272E+01, 0.1236128E+01, 0.1236365E+01,
 0.1338000E+02, 0.1246872E+01, 0.1236441E+01, 0.1236296E+01, 0.1236534E+01,
 0.1340000E+02, 0.1247039E+01, 0.1236609E+01, 0.1236465E+01, 0.1236702E+01,
 0.1342000E+02, 0.1247206E+01, 0.1236777E+01, 0.1236632E+01, 0.1236870E+01,
 0.1344000E+02, 0.1247372E+01, 0.1236944E+01, 0.1236800E+01, 0.1237037E+01,
 0.1346000E+02, 0.1247538E+01, 0.1237111E+01, 0.1236967E+01, 0.1237204E+01,
 0.1348000E+02, 0.1247704E+01, 0.1237278E+01, 0.1237133E+01, 0.1237370E+01,
 0.1350000E+02, 0.1247869E+01, 0.1237444E+01, 0.1237299E+01, 0.1237537E+01,
 0.1352000E+02, 0.1248034E+01, 0.1237610E+01, 0.1237465E+01, 0.1237703E+01,
 0.1354000E+02, 0.1248199E+01, 0.1237775E+01, 0.1237631E+01, 0.1237868E+01,
 0.1356000E+02, 0.1248363E+01, 0.1237941E+01, 0.1237796E+01, 0.1238033E+01,
 0.1358000E+02, 0.1248527E+01, 0.1238105E+01, 0.1237961E+01, 0.1238198E+01,
 0.1360000E+02, 0.1248691E+01, 0.1238270E+01, 0.1238125E+01, 0.1238362E+01,
 0.1362000E+02, 0.1248854E+01, 0.1238434E+01, 0.1238289E+01, 0.1238526E+01,
 0.1364000E+02, 0.1249017E+01, 0.1238598E+01, 0.1238453E+01, 0.1238690E+01,
 0.1366000E+02, 0.1249179E+01, 0.1238761E+01, 0.1238616E+01, 0.1238854E+01,
 0.1368000E+02, 0.1249341E+01, 0.1238924E+01, 0.1238779E+01, 0.1239017E+01,
 0.1370000E+02, 0.1249503E+01, 0.1239086E+01, 0.1238942E+01, 0.1239179E+01,
 0.1372000E+02, 0.1249665E+01, 0.1239249E+01, 0.1239104E+01, 0.1239341E+01,
 0.1374000E+02, 0.1249826E+01, 0.1239411E+01, 0.1239266E+01, 0.1239503E+01,
 0.1376000E+02, 0.1249986E+01, 0.1239572E+01, 0.1239428E+01, 0.1239665E+01,
 0.1378000E+02, 0.1250147E+01, 0.1239733E+01, 0.1239589E+01, 0.1239826E+01,
 0.1380000E+02, 0.1250307E+01, 0.1239894E+01, 0.1239750E+01, 0.1239987E+01,
 0.1382000E+02, 0.1250466E+01, 0.1240055E+01, 0.1239910E+01, 0.1240147E+01,
 0.1384000E+02, 0.1250626E+01, 0.1240215E+01, 0.1240070E+01, 0.1240307E+01,
 0.1386000E+02, 0.1250785E+01, 0.1240375E+01, 0.1240230E+01, 0.1240467E+01,
 0.1388000E+02, 0.1250943E+01, 0.1240534E+01, 0.1240390E+01, 0.1240627E+01,
 0.1390000E+02, 0.1251102E+01, 0.1240693E+01, 0.1240549E+01, 0.1240786E+01,
 0.1392000E+02, 0.1251259E+01, 0.1240852E+01, 0.1240708E+01, 0.1240945E+01,
 0.1394000E+02, 0.1251417E+01, 0.1241010E+01, 0.1240866E+01, 0.1241103E+01,
 0.1396000E+02, 0.1251574E+01, 0.1241168E+01, 0.1241024E+01, 0.1241261E+01,
 0.1398000E+02, 0.1251731E+01, 0.1241326E+01, 0.1241182E+01, 0.1241419E+01,
 0.1400000E+02, 0.1251888E+01, 0.1241484E+01, 0.1241339E+01, 0.1241576E+01,
 0.1402000E+02, 0.1252044E+01, 0.1241641E+01, 0.1241496E+01, 0.1241733E+01,
 0.1404000E+02, 0.1252200E+01, 0.1241797E+01, 0.1241653E+01, 0.1241890E+01,
 0.1406000E+02, 0.1252356E+01, 0.1241954E+01, 0.1241809E+01, 0.1242046E+01,
 0.1408000E+02, 0.1252511E+01, 0.1242110E+01, 0.1241965E+01, 0.1242202E+01,
 0.1410000E+02, 0.1252666E+01, 0.1242265E+01, 0.1242121E+01, 0.1242358E+01,
 0.1412000E+02, 0.1252820E+01, 0.1242421E+01, 0.1242277E+01, 0.1242514E+01,
 0.1414000E+02, 0.1252975E+01, 0.1242576E+01, 0.1242432E+01, 0.1242669E+01,
 0.1416000E+02, 0.1253129E+01, 0.1242731E+01, 0.1242586E+01, 0.1242823E+01,
 0.1418000E+02, 0.1253282E+01, 0.1242885E+01, 0.1242741E+01, 0.1242978E+01,
 0.1420000E+02, 0.1253436E+01, 0.1243039E+01, 0.1242895E+01, 0.1243132E+01,
 0.1422000E+02, 0.1253589E+01, 0.1243193E+01, 0.1243049E+01, 0.1243286E+01,
 0.1424000E+02, 0.1253741E+01, 0.1243346E+01, 0.1243202E+01, 0.1243439E+01,
 0.1426000E+02, 0.1253893E+01, 0.1243500E+01, 0.1243355E+01, 0.1243592E+01,
 0.1428000E+02, 0.1254046E+01, 0.1243652E+01, 0.1243508E+01, 0.1243745E+01,
 0.1430000E+02, 0.1254197E+01, 0.1243805E+01, 0.1243660E+01, 0.1243897E+01,
 0.1432000E+02, 0.1254349E+01, 0.1243957E+01, 0.1243813E+01, 0.1244049E+01,
 0.1434000E+02, 0.1254500E+01, 0.1244109E+01, 0.1243964E+01, 0.1244201E+01,
 0.1436000E+02, 0.1254650E+01, 0.1244260E+01, 0.1244116E+01, 0.1244353E+01,
 0.1438000E+02, 0.1254801E+01, 0.1244411E+01, 0.1244267E+01, 0.1244504E+01,
 0.1440000E+02, 0.1254951E+01, 0.1244562E+01, 0.1244418E+01, 0.1244655E+01,
 0.1442000E+02, 0.1255101E+01, 0.1244713E+01, 0.1244568E+01, 0.1244805E+01,
 0.1444000E+02, 0.1255250E+01, 0.1244863E+01, 0.1244719E+01, 0.1244956E+01,
 0.1446000E+02, 0.1255399E+01, 0.1245013E+01, 0.1244869E+01, 0.1245106E+01,
 0.1448000E+02, 0.1255548E+01, 0.1245162E+01, 0.1245018E+01, 0.1245255E+01,
 0.1450000E+02, 0.1255697E+01, 0.1245312E+01, 0.1245168E+01, 0.1245404E+01,
 0.1452000E+02, 0.1255845E+01, 0.1245461E+01, 0.1245317E+01, 0.1245553E+01,
 0.1454000E+02, 0.1255993E+01, 0.1245610E+01, 0.1245465E+01, 0.1245702E+01,
 0.1456000E+02, 0.1256141E+01, 0.1245758E+01, 0.1245614E+01, 0.1245850E+01,
 0.1458000E+02, 0.1256288E+01, 0.1245906E+01, 0.1245762E+01, 0.1245998E+01,
 0.1460000E+02, 0.1256435E+01, 0.1246054E+01, 0.1245909E+01, 0.1246146E+01,
 0.1462000E+02, 0.1256582E+01, 0.1246201E+01, 0.1246057E+01, 0.1246294E+01,
 0.1464000E+02, 0.1256728E+01, 0.1246348E+01, 0.1246204E+01, 0.1246441E+01,
 0.1466000E+02, 0.1256874E+01, 0.1246495E+01, 0.1246351E+01, 0.1246588E+01,
 0.1468000E+02, 0.1257020E+01, 0.1246642E+01, 0.1246497E+01, 0.1246734E+01,
 0.1470000E+02, 0.1257166E+01, 0.1246788E+01, 0.1246644E+01, 0.1246880E+01,
 0.1472000E+02, 0.1257311E+01, 0.1246934E+01, 0.1246790E+01, 0.1247026E+01,
 0.1474000E+02, 0.1257456E+01, 0.1247079E+01, 0.1246935E+01, 0.1247172E+01,
 0.1476000E+02, 0.1257600E+01, 0.1247225E+01, 0.1247081E+01, 0.1247317E+01,
 0.1478000E+02, 0.1257745E+01, 0.1247370E+01, 0.1247226E+01, 0.1247462E+01,
 0.1480000E+02, 0.1257889E+01, 0.1247514E+01, 0.1247370E+01, 0.1247607E+01,
 0.1482000E+02, 0.1258032E+01, 0.1247659E+01, 0.1247515E+01, 0.1247751E+01,
 0.1484000E+02, 0.1258176E+01, 0.1247803E+01, 0.1247659E+01, 0.1247895E+01,
 0.1486000E+02, 0.1258319E+01, 0.1247947E+01, 0.1247803E+01, 0.1248039E+01,
 0.1488000E+02, 0.1258462E+01, 0.1248090E+01, 0.1247946E+01, 0.1248183E+01,
 0.1490000E+02, 0.1258604E+01, 0.1248234E+01, 0.1248090E+01, 0.1248326E+01,
 0.1492000E+02, 0.1258747E+01, 0.1248377E+01, 0.1248232E+01, 0.1248469E+01,
 0.1494000E+02, 0.1258889E+01, 0.1248519E+01, 0.1248375E+01, 0.1248612E+01,
 0.1496000E+02, 0.1259030E+01, 0.1248662E+01, 0.1248518E+01, 0.1248754E+01,
 0.1498000E+02, 0.1259172E+01, 0.1248804E+01, 0.1248660E+01, 0.1248896E+01,
 0.1500000E+02, 0.1259313E+01, 0.1248946E+01, 0.1248801E+01, 0.1249038E+01,
 0.1500000E+02, 0.1259313E+01, 0.1248946E+01, 0.1248801E+01, 0.1249038E+01,
 0.1502000E+02, 0.1279018E+01, 0.1255151E+01, 0.1253592E+01, 0.1254539E+01,
 0.1504000E+02, 0.1300195E+01, 0.1264100E+01, 0.1262132E+01, 0.1263462E+01,
 0.1506000E+02, 0.1321966E+01, 0.1275248E+01, 0.1273036E+01, 0.1274638E+01,
 0.1508000E+02, 0.1344009E+01, 0.1288030E+01, 0.1285611E+01, 0.1287444E+01,
 0.1510000E+02, 0.1366164E+01, 0.1302046E+01, 0.1299437E+01, 0.1301475E+01,
 0.1512000E+02, 0.1388334E+01, 0.1317016E+01, 0.1314228E+01, 0.1316453E+01,
 0.1514000E+02, 0.1410463E+01, 0.1332737E+01, 0.1329779E+01, 0.1332174E+01,
 0.1516000E+02, 0.1432514E+01, 0.1349054E+01, 0.1345935E+01, 0.1348487E+01,
 0.1518000E+02, 0.1454466E+01, 0.1365849E+01, 0.1362576E+01, 0.1365272E+01,
 0.1520000E+02, 0.1476307E+01, 0.1383027E+01, 0.1379606E+01, 0.1382436E+01,
 0.1522000E+02, 0.1498030E+01, 0.1400513E+01, 0.1396949E+01, 0.1399906E+01,
 0.1524000E+02, 0.1519633E+01, 0.1418244E+01, 0.1414543E+01, 0.1417618E+01,
 0.1526000E+02, 0.1541116E+01, 0.1436171E+01, 0.1432337E+01, 0.1435524E+01,
 0.1528000E+02, 0.1562476E+01, 0.1454250E+01, 0.1450287E+01, 0.1453580E+01,
 0.1530000E+02, 0.1583714E+01, 0.1472447E+01, 0.1468359E+01, 0.1471754E+01,
 0.1532000E+02, 0.1604829E+01, 0.1490732E+01, 0.1486520E+01, 0.1490015E+01,
 0.1534000E+02, 0.1625822E+01, 0.1509076E+01, 0.1504743E+01, 0.1508334E+01,
 0.1536000E+02, 0.1646692E+01, 0.1527453E+01, 0.1523002E+01, 0.1526686E+01,
 0.1538000E+02, 0.1667440E+01, 0.1545841E+01, 0.1541273E+01, 0.1545048E+01,
 0.1540000E+02, 0.1688066E+01, 0.1564217E+01, 0.1559535E+01, 0.1563398E+01,
 0.1542000E+02, 0.1708568E+01, 0.1582564E+01, 0.1577769E+01, 0.1581718E+01,
 0.1544000E+02, 0.1728945E+01, 0.1600864E+01, 0.1595959E+01, 0.1599992E+01,
 0.1546000E+02, 0.1749192E+01, 0.1619103E+01, 0.1614089E+01, 0.1618204E+01,
 0.1548000E+02, 0.1769308E+01, 0.1637270E+01, 0.1632148E+01, 0.1636344E+01,
 0.1550000E+02, 0.1789287E+01, 0.1655353E+01, 0.1650125E+01, 0.1654401E+01,
 0.1552000E+02, 0.1809126E+01, 0.1673343E+01, 0.1668011E+01, 0.1672365E+01,
 0.1554000E+02, 0.1828820E+01, 0.1691233E+01, 0.1685797E+01, 0.1690228E+01,
 0.1556000E+02, 0.1848366E+01, 0.1709014E+01, 0.1703476E+01, 0.1707983E+01,
 0.1558000E+02, 0.1867760E+01, 0.1726681E+01, 0.1721041E+01, 0.1725623E+01,
 0.1560000E+02, 0.1887001E+01, 0.1744227E+01, 0.1738487E+01, 0.1743144E+01,
 0.1562000E+02, 0.1906084E+01, 0.1761648E+01, 0.1755808E+01, 0.1760540E+01,
 0.1564000E+02, 0.1925009E+01, 0.1778939E+01, 0.1773001E+01, 0.1777806E+01,
 0.1566000E+02, 0.1943773E+01, 0.1796097E+01, 0.1790060E+01, 0.1794939E+01,
 0.1568000E+02, 0.1962376E+01, 0.1813118E+01, 0.1806984E+01, 0.1811935E+01,
 0.1570000E+02, 0.1980816E+01, 0.1830000E+01, 0.1823769E+01, 0.1828793E+01,
 0.1572000E+02, 0.1999092E+01, 0.1846740E+01, 0.1840414E+01, 0.1845509E+01,
 0.1574000E+02, 0.2017206E+01, 0.1863337E+01, 0.1856915E+01, 0.1862083E+01,
 0.1576000E+02, 0.2035156E+01, 0.1879790E+01, 0.1873273E+01, 0.1878512E+01,
 0.1578000E+02, 0.2052944E+01, 0.1896097E+01, 0.1889487E+01, 0.1894796E+01,
 0.1580000E+02, 0.2070570E+01, 0.1912259E+01, 0.1905555E+01, 0.1910936E+01,
 0.1582000E+02, 0.2088035E+01, 0.1928275E+01, 0.1921478E+01, 0.1926930E+01,
 0.1584000E+02, 0.2105340E+01, 0.1944146E+01, 0.1937257E+01, 0.1942778E+01,
 0.1586000E+02, 0.2122487E+01, 0.1959872E+01, 0.1952891E+01, 0.1958483E+01,
 0.1588000E+02, 0.2139478E+01, 0.1975453E+01, 0.1968381E+01, 0.1974043E+01,
 0.1590000E+02, 0.2156313E+01, 0.1990892E+01, 0.1983729E+01, 0.1989461E+01,
 0.1592000E+02, 0.2172996E+01, 0.2006189E+01, 0.1998935E+01, 0.2004738E+01,
 0.1594000E+02, 0.2189528E+01, 0.2021346E+01, 0.2014002E+01, 0.2019875E+01,
 0.1596000E+02, 0.2205912E+01, 0.2036365E+01, 0.2028931E+01, 0.2034873E+01,
 0.1598000E+02, 0.2222150E+01, 0.2051246E+01, 0.2043724E+01, 0.2049736E+01,
 0.1600000E+02, 0.2238244E+01, 0.2065993E+01, 0.2058382E+01, 0.2064464E+01,
 0.1602000E+02, 0.2254197E+01, 0.2080608E+01, 0.2072908E+01, 0.2079059E+01,
 0.1604000E+02, 0.2270012E+01, 0.2095092E+01, 0.2087304E+01, 0.2093525E+01,
 0.1606000E+02, 0.2285691E+01, 0.2109448E+01, 0.2101572E+01, 0.2107863E+01,
 0.1608000E+02, 0.2301238E+01, 0.2123678E+01, 0.2115714E+01, 0.2122075E+01,
 0.1610000E+02, 0.2316654E+01, 0.2137785E+01, 0.2129734E+01, 0.2136164E+01,
 0.1612000E+02, 0.2331944E+01, 0.2151770E+01, 0.2143632E+01, 0.2150133E+01,
 0.1614000E+02, 0.2347109E+01, 0.2165637E+01, 0.2157413E+01, 0.2163983E+01,
 0.1616000E+02, 0.2362152E+01, 0.2179389E+01, 0.2171077E+01, 0.2177718E+01,
 0.1618000E+02, 0.2377077E+01, 0.2193027E+01, 0.2184629E+01, 0.2191339E+01,
 0.1620000E+02, 0.2391887E+01, 0.2206553E+01, 0.2198070E+01, 0.2204850E+01,
 0.1622000E+02, 0.2406584E+01, 0.2219972E+01, 0.2211402E+01, 0.2218253E+01,
 0.1624000E+02, 0.2421171E+01, 0.2233285E+01, 0.2224629E+01, 0.2231551E+01,
 0.1626000E+02, 0.2435652E+01, 0.2246495E+01, 0.2237753E+01, 0.2244745E+01,
 0.1628000E+02, 0.2450029E+01, 0.2259604E+01, 0.2250776E+01, 0.2257840E+01,
 0.1630000E+02, 0.2464305E+01, 0.2272614E+01, 0.2263702E+01, 0.2270836E+01,
 0.1632000E+02, 0.2478484E+01, 0.2285530E+01, 0.2276531E+01, 0.2283737E+01,
 0.1634000E+02, 0.2492567E+01, 0.2298352E+01, 0.2289268E+01, 0.2296545E+01,
 0.1636000E+02, 0.2506558E+01, 0.2311084E+01, 0.2301914E+01, 0.2309263E+01,
 0.1638000E+02, 0.2520460E+01, 0.2323727E+01, 0.2314472E+01, 0.2321893E+01,
 0.1640000E+02, 0.2534275E+01, 0.2336285E+01, 0.2326945E+01, 0.2334438E+01,
 0.1642000E+02, 0.2548006E+01, 0.2348759E+01, 0.2339334E+01, 0.2346899E+01,
 0.1644000E+02, 0.2561656E+01, 0.2361152E+01, 0.2351641E+01, 0.2359280E+01,
 0.1646000E+02, 0.2575227E+01, 0.2373467E+01, 0.2363870E+01, 0.2371582E+01,
 0.1648000E+02, 0.2588722E+01, 0.2385705E+01, 0.2376023E+01, 0.2383807E+01,
 0.1650000E+02, 0.2602144E+01, 0.2397868E+01, 0.2388100E+01, 0.2395959E+01,
 0.1652000E+02, 0.2615496E+01, 0.2409960E+01, 0.2400106E+01, 0.2408039E+01,
 0.1654000E+02, 0.2628779E+01, 0.2421981E+01, 0.2412042E+01, 0.2420049E+01,
 0.1656000E+02, 0.2641995E+01, 0.2433934E+01, 0.2423909E+01, 0.2431991E+01,
 0.1658000E+02, 0.2655149E+01, 0.2445822E+01, 0.2435711E+01, 0.2443867E+01,
 0.1660000E+02, 0.2668241E+01, 0.2457645E+01, 0.2447448E+01, 0.2455680E+01,
 0.1662000E+02, 0.2681273E+01, 0.2469407E+01, 0.2459123E+01, 0.2467431E+01,
 0.1664000E+02, 0.2694249E+01, 0.2481108E+01, 0.2470738E+01, 0.2479122E+01,
 0.1666000E+02, 0.2707170E+01, 0.2492751E+01, 0.2482294E+01, 0.2490755E+01,
 0.1668000E+02, 0.2720037E+01, 0.2504337E+01, 0.2493793E+01, 0.2502331E+01,
 0.1670000E+02, 0.2732854E+01, 0.2515868E+01, 0.2505238E+01, 0.2513853E+01,
 0.1672000E+02, 0.2745622E+01, 0.2527345E+01, 0.2516628E+01, 0.2525321E+01,
 0.1674000E+02, 0.2758342E+01, 0.2538771E+01, 0.2527967E+01, 0.2536738E+01,
 0.1676000E+02, 0.2771017E+01, 0.2550147E+01, 0.2539255E+01, 0.2548105E+01,
 0.1678000E+02, 0.2783648E+01, 0.2561474E+01, 0.2550494E+01, 0.2559423E+01,
 0.1680000E+02, 0.2796236E+01, 0.2572753E+01, 0.2561685E+01, 0.2570694E+01,
 0.1682000E+02, 0.2808784E+01, 0.2583986E+01, 0.2572830E+01, 0.2581919E+01,
 0.1684000E+02, 0.2821292E+01, 0.2595175E+01, 0.2583930E+01, 0.2593100E+01,
 0.1686000E+02, 0.2833763E+01, 0.2606319E+01, 0.2594986E+01, 0.2604237E+01,
 0.1688000E+02, 0.2846196E+01, 0.2617422E+01, 0.2606000E+01, 0.2615332E+01,
 0.1690000E+02, 0.2858595E+01, 0.2628483E+01, 0.2616972E+01, 0.2626386E+01,
 0.1692000E+02, 0.2870959E+01, 0.2639504E+01, 0.2627904E+01, 0.2637400E+01,
 0.1694000E+02, 0.2883291E+01, 0.2650485E+01, 0.2638796E+01, 0.2648375E+01,
 0.1696000E+02, 0.2895590E+01, 0.2661428E+01, 0.2649649E+01, 0.2659312E+01,
 0.1698000E+02, 0.2907858E+01, 0.2672334E+01, 0.2660465E+01, 0.2670211E+01,
 0.1700000E+02, 0.2920096E+01, 0.2683204E+01, 0.2671244E+01, 0.2681075E+01,
 0.1702000E+02, 0.2932305E+01, 0.2694037E+01, 0.2681988E+01, 0.2691903E+01,
 0.1704000E+02, 0.2944486E+01, 0.2704836E+01, 0.2692695E+01, 0.2702696E+01,
 0.1706000E+02, 0.2956639E+01, 0.2715600E+01, 0.2703369E+01, 0.2713455E+01,
 0.1708000E+02, 0.2968765E+01, 0.2726331E+01, 0.2714009E+01, 0.2724181E+01,
 0.1710000E+02, 0.2980865E+01, 0.2737029E+01, 0.2724615E+01, 0.2734874E+01,
 0.1712000E+02, 0.2992939E+01, 0.2747694E+01, 0.2735189E+01, 0.2745535E+01,
 0.1714000E+02, 0.3004988E+01, 0.2758328E+01, 0.2745730E+01, 0.2756164E+01,
 0.1716000E+02, 0.3017013E+01, 0.2768930E+01, 0.2756240E+01, 0.2766762E+01,
 0.1718000E+02, 0.3029013E+01, 0.2779501E+01, 0.2766719E+01, 0.2777330E+01,
 0.1720000E+02, 0.3040990E+01, 0.2790042E+01, 0.2777167E+01, 0.2787867E+01,
 0.1722000E+02, 0.3052943E+01, 0.2800553E+01, 0.2787585E+01, 0.2798374E+01,
 0.1724000E+02, 0.3064873E+01, 0.2811033E+01, 0.2797973E+01, 0.2808852E+01,
 0.1726000E+02, 0.3076781E+01, 0.2821485E+01, 0.2808331E+01, 0.2819300E+01,
 0.1728000E+02, 0.3088666E+01, 0.2831907E+01, 0.2818659E+01, 0.2829720E+01,
 0.1730000E+02, 0.3100528E+01, 0.2842300E+01, 0.2828959E+01, 0.2840110E+01,
 0.1732000E+02, 0.3112369E+01, 0.2852664E+01, 0.2839229E+01, 0.2850472E+01,
 0.1734000E+02, 0.3124187E+01, 0.2863000E+01, 0.2849471E+01, 0.2860806E+01,
 0.1736000E+02, 0.3135983E+01, 0.2873307E+01, 0.2859684E+01, 0.2871112E+01,
 0.1738000E+02, 0.3147758E+01, 0.2883586E+01, 0.2869869E+01, 0.2881390E+01,
 0.1740000E+02, 0.3159511E+01, 0.2893837E+01, 0.2880025E+01, 0.2891639E+01,
 0.1742000E+02, 0.3171242E+01, 0.2904060E+01, 0.2890153E+01, 0.2901861E+01,
 0.1744000E+02, 0.3182950E+01, 0.2914254E+01, 0.2900252E+01, 0.2912055E+01,
 0.1746000E+02, 0.3194638E+01, 0.2924421E+01, 0.2910324E+01, 0.2922222E+01,
 0.1748000E+02, 0.3206303E+01, 0.2934560E+01, 0.2920367E+01, 0.2932360E+01,
 0.1750000E+02, 0.3217946E+01, 0.2944671E+01, 0.2930382E+01, 0.2942471E+01,
 0.1752000E+02, 0.3229566E+01, 0.2954753E+01, 0.2940370E+01, 0.2952554E+01,
 0.1754000E+02, 0.3241165E+01, 0.2964808E+01, 0.2950328E+01, 0.2962609E+01,
 0.1756000E+02, 0.3252740E+01, 0.2974834E+01, 0.2960259E+01, 0.2972636E+01,
 0.1758000E+02, 0.3264293E+01, 0.2984833E+01, 0.2970161E+01, 0.2982636E+01,
 0.1760000E+02, 0.3275824E+01, 0.2994802E+01, 0.2980035E+01, 0.2992607E+01,
 0.1762000E+02, 0.3287331E+01, 0.3004744E+01, 0.2989880E+01, 0.3002550E+01,
 0.1764000E+02, 0.3298814E+01, 0.3014657E+01, 0.2999696E+01, 0.3012465E+01,
 0.1766000E+02, 0.3310274E+01, 0.3024541E+01, 0.3009484E+01, 0.3022351E+01,
 0.1768000E+02, 0.3321710E+01, 0.3034397E+01, 0.3019243E+01, 0.3032209E+01,
 0.1770000E+02, 0.3333122E+01, 0.3044223E+01, 0.3028973E+01, 0.3042038E+01,
 0.1772000E+02, 0.3344509E+01, 0.3054021E+01, 0.3038673E+01, 0.3051838E+01,
 0.1774000E+02, 0.3355872E+01, 0.3063789E+01, 0.3048345E+01, 0.3061609E+01,
 0.1776000E+02, 0.3367209E+01, 0.3073528E+01, 0.3057986E+01, 0.3071351E+01,
 0.1778000E+02, 0.3378521E+01, 0.3083236E+01, 0.3067598E+01, 0.3081064E+01,
 0.1780000E+02, 0.3389807E+01, 0.3092915E+01, 0.3077180E+01, 0.3090746E+01,
 0.1782000E+02, 0.3401067E+01, 0.3102564E+01, 0.3086731E+01, 0.3100399E+01,
 0.1784000E+02, 0.3412300E+01, 0.3112183E+01, 0.3096253E+01, 0.3110022E+01,
 0.1786000E+02, 0.3423507E+01, 0.3121771E+01, 0.3105743E+01, 0.3119614E+01,
 0.1788000E+02, 0.3434686E+01, 0.3131328E+01, 0.3115203E+01, 0.3129176E+01,
 0.1790000E+02, 0.3445838E+01, 0.3140855E+01, 0.3124632E+01, 0.3138707E+01,
 0.1792000E+02, 0.3456962E+01, 0.3150350E+01, 0.3134030E+01, 0.3148208E+01,
 0.1794000E+02, 0.3468057E+01, 0.3159813E+01, 0.3143396E+01, 0.3157676E+01,
 0.1796000E+02, 0.3479124E+01, 0.3169245E+01, 0.3152731E+01, 0.3167114E+01,
 0.1798000E+02, 0.3490161E+01, 0.3178645E+01, 0.3162033E+01, 0.3176520E+01,
 0.1800000E+02, 0.3501169E+01, 0.3188013E+01, 0.3171304E+01, 0.3185894E+01,
 0.1802000E+02, 0.3512147E+01, 0.3197349E+01, 0.3180542E+01, 0.3195235E+01,
 0.1804000E+02, 0.3523095E+01, 0.3206651E+01, 0.3189747E+01, 0.3204544E+01,
 0.1806000E+02, 0.3534012E+01, 0.3215921E+01, 0.3198919E+01, 0.3213821E+01,
 0.1808000E+02, 0.3544898E+01, 0.3225158E+01, 0.3208058E+01, 0.3223064E+01,
 0.1810000E+02, 0.3555752E+01, 0.3234361E+01, 0.3217164E+01, 0.3232275E+01,
 0.1812000E+02, 0.3566575E+01, 0.3243531E+01, 0.3226236E+01, 0.3241451E+01,
 0.1814000E+02, 0.3577365E+01, 0.3252666E+01, 0.3235274E+01, 0.3250594E+01,
 0.1816000E+02, 0.3588123E+01, 0.3261768E+01, 0.3244279E+01, 0.3259704E+01,
 0.1818000E+02, 0.3598847E+01, 0.3270835E+01, 0.3253248E+01, 0.3268779E+01,
 0.1820000E+02, 0.3609538E+01, 0.3279867E+01, 0.3262184E+01, 0.3277819E+01,
 0.1822000E+02, 0.3620195E+01, 0.3288865E+01, 0.3271084E+01, 0.3286825E+01,
 0.1824000E+02, 0.3630818E+01, 0.3297827E+01, 0.3279949E+01, 0.3295796E+01,
 0.1826000E+02, 0.3641406E+01, 0.3306754E+01, 0.3288779E+01, 0.3304731E+01,
 0.1828000E+02, 0.3651959E+01, 0.3315645E+01, 0.3297574E+01, 0.3313632E+01,
 0.1830000E+02, 0.3662477E+01, 0.3324501E+01, 0.3306333E+01, 0.3322496E+01,
 0.1832000E+02, 0.3672959E+01, 0.3333320E+01, 0.3315055E+01, 0.3331325E+01,
 0.1834000E+02, 0.3683405E+01, 0.3342104E+01, 0.3323742E+01, 0.3340118E+01,
 0.1836000E+02, 0.3693815E+01, 0.3350850E+01, 0.3332392E+01, 0.3348874E+01,
 0.1838000E+02, 0.3704187E+01, 0.3359560E+01, 0.3341006E+01, 0.3357594E+01,
 0.1840000E+02, 0.3714523E+01, 0.3368233E+01, 0.3349582E+01, 0.3366277E+01,
 0.1842000E+02, 0.3724820E+01, 0.3376869E+01, 0.3358122E+01, 0.3374923E+01,
 0.1844000E+02, 0.3735080E+01, 0.3385468E+01, 0.3366624E+01, 0.3383532E+01,
 0.1846000E+02, 0.3745302E+01, 0.3394029E+01, 0.3375089E+01, 0.3392103E+01,
 0.1848000E+02, 0.3755485E+01, 0.3402552E+01, 0.3383517E+01, 0.3400637E+01,
 0.1850000E+02, 0.3765629E+01, 0.3411037E+01, 0.3391906E+01, 0.3409133E+01,
 0.1852000E+02, 0.3775734E+01, 0.3419484E+01, 0.3400258E+01, 0.3417591E+01,
 0.1854000E+02, 0.3785800E+01, 0.3427893E+01, 0.3408571E+01, 0.3426011E+01,
 0.1856000E+02, 0.3795825E+01, 0.3436263E+01, 0.3416846E+01, 0.3434393E+01,
 0.1858000E+02, 0.3805811E+01, 0.3444595E+01, 0.3425083E+01, 0.3442736E+01,
 0.1860000E+02, 0.3815756E+01, 0.3452887E+01, 0.3433280E+01, 0.3451041E+01,
 0.1862000E+02, 0.3825660E+01, 0.3461141E+01, 0.3441439E+01, 0.3459306E+01,
 0.1864000E+02, 0.3835523E+01, 0.3469356E+01, 0.3449559E+01, 0.3467533E+01,
 0.1866000E+02, 0.3845345E+01, 0.3477531E+01, 0.3457640E+01, 0.3475720E+01,
 0.1868000E+02, 0.3855125E+01, 0.3485667E+01, 0.3465682E+01, 0.3483868E+01,
 0.1870000E+02, 0.3864864E+01, 0.3493763E+01, 0.3473684E+01, 0.3491977E+01,
 0.1872000E+02, 0.3874560E+01, 0.3501819E+01, 0.3481647E+01, 0.3500046E+01,
 0.1874000E+02, 0.3884215E+01, 0.3509836E+01, 0.3489569E+01, 0.3508075E+01,
 0.1876000E+02, 0.3893826E+01, 0.3517812E+01, 0.3497452E+01, 0.3516064E+01,
 0.1878000E+02, 0.3903395E+01, 0.3525749E+01, 0.3505296E+01, 0.3524014E+01,
 0.1880000E+02, 0.3912920E+01, 0.3533645E+01, 0.3513099E+01, 0.3531923E+01,
 0.1882000E+02, 0.3922403E+01, 0.3541501E+01, 0.3520862E+01, 0.3539792E+01,
 0.1884000E+02, 0.3931842E+01, 0.3549316E+01, 0.3528585E+01, 0.3547621E+01,
 0.1886000E+02, 0.3941237E+01, 0.3557091E+01, 0.3536267E+01, 0.3555409E+01,
 0.1888000E+02, 0.3950588E+01, 0.3564825E+01, 0.3543909E+01, 0.3563157E+01,
 0.1890000E+02, 0.3959896E+01, 0.3572518E+01, 0.3551511E+01, 0.3570864E+01,
 0.1892000E+02, 0.3969159E+01, 0.3580171E+01, 0.3559072E+01, 0.3578531E+01,
 0.1894000E+02, 0.3978377E+01, 0.3587783E+01, 0.3566592E+01, 0.3586156E+01,
 0.1896000E+02, 0.3987551E+01, 0.3595353E+01, 0.3574071E+01, 0.3593741E+01,
 0.1898000E+02, 0.3996680E+01, 0.3602883E+01, 0.3581510E+01, 0.3601285E+01,
 0.1900000E+02, 0.4005764E+01, 0.3610372E+01, 0.3588908E+01, 0.3608788E+01,
 0.1902000E+02, 0.4014803E+01, 0.3617819E+01, 0.3596265E+01, 0.3616250E+01,
 0.1904000E+02, 0.4023798E+01, 0.3625226E+01, 0.3603581E+01, 0.3623671E+01,
 0.1906000E+02, 0.4032746E+01, 0.3632591E+01, 0.3610856E+01, 0.3631050E+01,
 0.1908000E+02, 0.4041649E+01, 0.3639915E+01, 0.3618090E+01, 0.3638389E+01,
 0.1910000E+02, 0.4050506E+01, 0.3647197E+01, 0.3625283E+01, 0.3645686E+01,
 0.1912000E+02, 0.4059318E+01, 0.3654438E+01, 0.3632435E+01, 0.3652942E+01,
 0.1914000E+02, 0.4068084E+01, 0.3661638E+01, 0.3639546E+01, 0.3660157E+01,
 0.1916000E+02, 0.4076804E+01, 0.3668796E+01, 0.3646616E+01, 0.3667330E+01,
 0.1918000E+02, 0.4085477E+01, 0.3675913E+01, 0.3653645E+01, 0.3674462E+01,
 0.1920000E+02, 0.4094105E+01, 0.3682989E+01, 0.3660632E+01, 0.3681553E+01,
 0.1922000E+02, 0.4102686E+01, 0.3690023E+01, 0.3667578E+01, 0.3688603E+01,
 0.1924000E+02, 0.4111222E+01, 0.3697016E+01, 0.3674484E+01, 0.3695611E+01,
 0.1926000E+02, 0.4119710E+01, 0.3703968E+01, 0.3681348E+01, 0.3702578E+01,
 0.1928000E+02, 0.4128153E+01, 0.3710878E+01, 0.3688171E+01, 0.3709503E+01,
 0.1930000E+02, 0.4136549E+01, 0.3717746E+01, 0.3694953E+01, 0.3716388E+01,
 0.1932000E+02, 0.4144898E+01, 0.3724574E+01, 0.3701694E+01, 0.3723231E+01,
 0.1934000E+02, 0.4153201E+01, 0.3731359E+01, 0.3708394E+01, 0.3730032E+01,
 0.1936000E+02, 0.4161458E+01, 0.3738104E+01, 0.3715053E+01, 0.3736793E+01,
 0.1938000E+02, 0.4169667E+01, 0.3744808E+01, 0.3721671E+01, 0.3743512E+01,
 0.1940000E+02, 0.4177830E+01, 0.3751470E+01, 0.3728248E+01, 0.3750190E+01,
 0.1942000E+02, 0.4185946E+01, 0.3758091E+01, 0.3734784E+01, 0.3756827E+01,
 0.1944000E+02, 0.4194016E+01, 0.3764671E+01, 0.3741280E+01, 0.3763423E+01,
 0.1946000E+02, 0.4202039E+01, 0.3771210E+01, 0.3747734E+01, 0.3769978E+01,
 0.1948000E+02, 0.4210015E+01, 0.3777708E+01, 0.3754148E+01, 0.3776492E+01,
 0.1950000E+02, 0.4217944E+01, 0.3784165E+01, 0.3760522E+01, 0.3782965E+01,
 0.1952000E+02, 0.4225827E+01, 0.3790581E+01, 0.3766854E+01, 0.3789397E+01,
 0.1954000E+02, 0.4233663E+01, 0.3796956E+01, 0.3773147E+01, 0.3795789E+01,
 0.1956000E+02, 0.4241453E+01, 0.3803290E+01, 0.3779398E+01, 0.3802139E+01,
 0.1958000E+02, 0.4249195E+01, 0.3809584E+01, 0.3785610E+01, 0.3808450E+01,
 0.1960000E+02, 0.4256892E+01, 0.3815837E+01, 0.3791781E+01, 0.3814719E+01,
 0.1962000E+02, 0.4264541E+01, 0.3822050E+01, 0.3797912E+01, 0.3820948E+01,
 0.1964000E+02, 0.4272144E+01, 0.3828222E+01, 0.3804003E+01, 0.3827136E+01,
 0.1966000E+02, 0.4279701E+01, 0.3834354E+01, 0.3810054E+01, 0.3833285E+01,
 0.1968000E+02, 0.4287211E+01, 0.3840445E+01, 0.3816064E+01, 0.3839393E+01,
 0.1970000E+02, 0.4294675E+01, 0.3846497E+01, 0.3822036E+01, 0.3845461E+01,
 0.1972000E+02, 0.4302092E+01, 0.3852508E+01, 0.3827967E+01, 0.3851488E+01,
 0.1974000E+02, 0.4309464E+01, 0.3858479E+01, 0.3833858E+01, 0.3857476E+01,
 0.1976000E+02, 0.4316789E+01, 0.3864411E+01, 0.3839711E+01, 0.3863424E+01,
 0.1978000E+02, 0.4324068E+01, 0.3870303E+01, 0.3845524E+01, 0.3869333E+01,
 0.1980000E+02, 0.4331300E+01, 0.3876155E+01, 0.3851297E+01, 0.3875201E+01,
 0.1982000E+02, 0.4338487E+01, 0.3881968E+01, 0.3857032E+01, 0.3881031E+01,
 0.1984000E+02, 0.4345628E+01, 0.3887741E+01, 0.3862727E+01, 0.3886821E+01,
 0.1986000E+02, 0.4352724E+01, 0.3893475E+01, 0.3868383E+01, 0.3892571E+01,
 0.1988000E+02, 0.4359773E+01, 0.3899169E+01, 0.3874001E+01, 0.3898283E+01,
 0.1990000E+02, 0.4366777E+01, 0.3904825E+01, 0.3879580E+01, 0.3903955E+01,
 0.1992000E+02, 0.4373736E+01, 0.3910442E+01, 0.3885120E+01, 0.3909588E+01,
 0.1994000E+02, 0.4380649E+01, 0.3916020E+01, 0.3890622E+01, 0.3915183E+01,
 0.1996000E+02, 0.4387517E+01, 0.3921560E+01, 0.3896086E+01, 0.3920739E+01,
 0.1998000E+02, 0.4394340E+01, 0.3927061E+01, 0.3901511E+01, 0.3926257E+01,
 0.2000000E+02, 0.4401117E+01, 0.3932523E+01, 0.3906898E+01, 0.3931736E+01,
 0.2002000E+02, 0.4407850E+01, 0.3937948E+01, 0.3912248E+01, 0.3937177E+01,
 0.2004000E+02, 0.4414538E+01, 0.3943334E+01, 0.3917560E+01, 0.3942580E+01,
 0.2006000E+02, 0.4421181E+01, 0.3948682E+01, 0.3922834E+01, 0.3947945E+01,
 0.2008000E+02, 0.4427780E+01, 0.3953992E+01, 0.3928071E+01, 0.3953272E+01,
 0.2010000E+02, 0.4434334E+01, 0.3959265E+01, 0.3933270E+01, 0.3958561E+01,
 0.2012000E+02, 0.4440844E+01, 0.3964500E+01, 0.3938432E+01, 0.3963813E+01,
 0.2014000E+02, 0.4447310E+01, 0.3969698E+01, 0.3943558E+01, 0.3969028E+01,
 0.2016000E+02, 0.4453732E+01, 0.3974859E+01, 0.3948646E+01, 0.3974205E+01,
 0.2018000E+02, 0.4460110E+01, 0.3979983E+01, 0.3953698E+01, 0.3979345E+01,
 0.2020000E+02, 0.4466444E+01, 0.3985070E+01, 0.3958713E+01, 0.3984448E+01,
 0.2022000E+02, 0.4472734E+01, 0.3990120E+01, 0.3963692E+01, 0.3989515E+01,
 0.2024000E+02, 0.4478982E+01, 0.3995133E+01, 0.3968635E+01, 0.3994545E+01,
 0.2026000E+02, 0.4485186E+01, 0.4000110E+01, 0.3973541E+01, 0.3999539E+01,
 0.2028000E+02, 0.4491347E+01, 0.4005051E+01, 0.3978412E+01, 0.4004496E+01,
 0.2030000E+02, 0.4497465E+01, 0.4009956E+01, 0.3983247E+01, 0.4009417E+01,
 0.2032000E+02, 0.4503540E+01, 0.4014824E+01, 0.3988047E+01, 0.4014302E+01,
 0.2034000E+02, 0.4509573E+01, 0.4019658E+01, 0.3992811E+01, 0.4019152E+01,
 0.2036000E+02, 0.4515563E+01, 0.4024455E+01, 0.3997540E+01, 0.4023965E+01,
 0.2038000E+02, 0.4521510E+01, 0.4029217E+01, 0.4002234E+01, 0.4028744E+01,
 0.2040000E+02, 0.4527416E+01, 0.4033944E+01, 0.4006892E+01, 0.4033487E+01,
 0.2042000E+02, 0.4533279E+01, 0.4038636E+01, 0.4011517E+01, 0.4038195E+01,
 0.2044000E+02, 0.4539102E+01, 0.4043293E+01, 0.4016106E+01, 0.4042868E+01,
 0.2046000E+02, 0.4544882E+01, 0.4047915E+01, 0.4020661E+01, 0.4047506E+01,
 0.2048000E+02, 0.4550621E+01, 0.4052502E+01, 0.4025183E+01, 0.4052110E+01,
 0.2050000E+02, 0.4556318E+01, 0.4057055E+01, 0.4029670E+01, 0.4056679E+01,
 0.2052000E+02, 0.4561975E+01, 0.4061574E+01, 0.4034123E+01, 0.4061214E+01,
 0.2054000E+02, 0.4567591E+01, 0.4066059E+01, 0.4038542E+01, 0.4065715E+01,
 0.2056000E+02, 0.4573165E+01, 0.4070510E+01, 0.4042928E+01, 0.4070182E+01,
 0.2058000E+02, 0.4578700E+01, 0.4074927E+01, 0.4047281E+01, 0.4074616E+01,
 0.2060000E+02, 0.4584194E+01, 0.4079311E+01, 0.4051601E+01, 0.4079016E+01,
 0.2062000E+02, 0.4589648E+01, 0.4083662E+01, 0.4055887E+01, 0.4083382E+01,
 0.2064000E+02, 0.4595062E+01, 0.4087979E+01, 0.4060141E+01, 0.4087715E+01,
 0.2066000E+02, 0.4600436E+01, 0.4092263E+01, 0.4064363E+01, 0.4092015E+01,
 0.2068000E+02, 0.4605771E+01, 0.4096515E+01, 0.4068552E+01, 0.4096283E+01,
 0.2070000E+02, 0.4611066E+01, 0.4100734E+01, 0.4072708E+01, 0.4100518E+01,
 0.2072000E+02, 0.4616322E+01, 0.4104920E+01, 0.4076833E+01, 0.4104720E+01,
 0.2074000E+02, 0.4621539E+01, 0.4109075E+01, 0.4080925E+01, 0.4108890E+01,
 0.2076000E+02, 0.4626717E+01, 0.4113197E+01, 0.4084986E+01, 0.4113028E+01,
 0.2078000E+02, 0.4631857E+01, 0.4117288E+01, 0.4089016E+01, 0.4117134E+01,
 0.2080000E+02, 0.4636958E+01, 0.4121346E+01, 0.4093014E+01, 0.4121208E+01,
 0.2082000E+02, 0.4642021E+01, 0.4125374E+01, 0.4096981E+01, 0.4125251E+01,
 0.2084000E+02, 0.4647046E+01, 0.4129370E+01, 0.4100917E+01, 0.4129262E+01,
 0.2086000E+02, 0.4652033E+01, 0.4133334E+01, 0.4104822E+01, 0.4133243E+01,
 0.2088000E+02, 0.4656983E+01, 0.4137268E+01, 0.4108697E+01, 0.4137192E+01,
 0.2090000E+02, 0.4661895E+01, 0.4141171E+01, 0.4112541E+01, 0.4141110E+01,
 0.2092000E+02, 0.4666770E+01, 0.4145044E+01, 0.4116355E+01, 0.4144998E+01,
 0.2094000E+02, 0.4671607E+01, 0.4148886E+01, 0.4120139E+01, 0.4148855E+01,
 0.2096000E+02, 0.4676409E+01, 0.4152698E+01, 0.4123893E+01, 0.4152682E+01,
 0.2098000E+02, 0.4681173E+01, 0.4156479E+01, 0.4127618E+01, 0.4156479E+01,
 0.2100000E+02, 0.4685901E+01, 0.4160232E+01, 0.4131313E+01, 0.4160245E+01,
 0.2102000E+02, 0.4690593E+01, 0.4163954E+01, 0.4134978E+01, 0.4163983E+01,
 0.2104000E+02, 0.4695249E+01, 0.4167646E+01, 0.4138615E+01, 0.4167691E+01,
 0.2106000E+02, 0.4699869E+01, 0.4171310E+01, 0.4142222E+01, 0.4171369E+01,
 0.2108000E+02, 0.4704453E+01, 0.4174944E+01, 0.4145802E+01, 0.4175018E+01,
 0.2110000E+02, 0.4709002E+01, 0.4178550E+01, 0.4149352E+01, 0.4178638E+01,
 0.2112000E+02, 0.4713516E+01, 0.4182127E+01, 0.4152874E+01, 0.4182230E+01,
 0.2114000E+02, 0.4717995E+01, 0.4185675E+01, 0.4156367E+01, 0.4185792E+01,
 0.2116000E+02, 0.4722439E+01, 0.4189195E+01, 0.4159832E+01, 0.4189327E+01,
 0.2118000E+02, 0.4726848E+01, 0.4192686E+01, 0.4163270E+01, 0.4192833E+01,
 0.2120000E+02, 0.4731223E+01, 0.4196150E+01, 0.4166680E+01, 0.4196311E+01,
 0.2122000E+02, 0.4735564E+01, 0.4199585E+01, 0.4170063E+01, 0.4199761E+01,
 0.2124000E+02, 0.4739872E+01, 0.4202993E+01, 0.4173418E+01, 0.4203183E+01,
 0.2126000E+02, 0.4744144E+01, 0.4206374E+01, 0.4176746E+01, 0.4206578E+01,
 0.2128000E+02, 0.4748384E+01, 0.4209727E+01, 0.4180048E+01, 0.4209945E+01,
 0.2130000E+02, 0.4752591E+01, 0.4213054E+01, 0.4183322E+01, 0.4213286E+01,
 0.2132000E+02, 0.4756764E+01, 0.4216353E+01, 0.4186570E+01, 0.4216599E+01,
 0.2134000E+02, 0.4760904E+01, 0.4219625E+01, 0.4189791E+01, 0.4219885E+01,
 0.2136000E+02, 0.4765012E+01, 0.4222871E+01, 0.4192986E+01, 0.4223145E+01,
 0.2138000E+02, 0.4769087E+01, 0.4226091E+01, 0.4196156E+01, 0.4226379E+01,
 0.2140000E+02, 0.4773129E+01, 0.4229284E+01, 0.4199298E+01, 0.4229586E+01,
 0.2142000E+02, 0.4777140E+01, 0.4232451E+01, 0.4202416E+01, 0.4232767E+01,
 0.2144000E+02, 0.4781119E+01, 0.4235593E+01, 0.4205508E+01, 0.4235922E+01,
 0.2146000E+02, 0.4785066E+01, 0.4238708E+01, 0.4208575E+01, 0.4239051E+01,
 0.2148000E+02, 0.4788981E+01, 0.4241799E+01, 0.4211617E+01, 0.4242155E+01,
 0.2150000E+02, 0.4792866E+01, 0.4244864E+01, 0.4214633E+01, 0.4245234E+01,
 0.2152000E+02, 0.4796719E+01, 0.4247903E+01, 0.4217625E+01, 0.4248287E+01,
 0.2154000E+02, 0.4800541E+01, 0.4250918E+01, 0.4220592E+01, 0.4251315E+01,
 0.2156000E+02, 0.4804333E+01, 0.4253908E+01, 0.4223534E+01, 0.4254318E+01,
 0.2158000E+02, 0.4808094E+01, 0.4256874E+01, 0.4226452E+01, 0.4257297E+01,
 0.2160000E+02, 0.4811824E+01, 0.4259815E+01, 0.4229346E+01, 0.4260251E+01,
 0.2162000E+02, 0.4815525E+01, 0.4262731E+01, 0.4232216E+01, 0.4263180E+01,
 0.2164000E+02, 0.4819196E+01, 0.4265624E+01, 0.4235063E+01, 0.4266086E+01,
 0.2166000E+02, 0.4822837E+01, 0.4268492E+01, 0.4237885E+01, 0.4268967E+01,
 0.2168000E+02, 0.4826448E+01, 0.4271337E+01, 0.4240685E+01, 0.4271825E+01,
 0.2170000E+02, 0.4830031E+01, 0.4274158E+01, 0.4243461E+01, 0.4274659E+01,
 0.2172000E+02, 0.4833584E+01, 0.4276956E+01, 0.4246213E+01, 0.4277470E+01,
 0.2174000E+02, 0.4837109E+01, 0.4279730E+01, 0.4248943E+01, 0.4280257E+01,
 0.2176000E+02, 0.4840604E+01, 0.4282482E+01, 0.4251651E+01, 0.4283020E+01,
 0.2178000E+02, 0.4844071E+01, 0.4285210E+01, 0.4254335E+01, 0.4285762E+01,
 0.2180000E+02, 0.4847510E+01, 0.4287916E+01, 0.4256997E+01, 0.4288480E+01,
 0.2182000E+02, 0.4850921E+01, 0.4290599E+01, 0.4259637E+01, 0.4291175E+01,
 0.2184000E+02, 0.4854304E+01, 0.4293260E+01, 0.4262255E+01, 0.4293849E+01,
 0.2186000E+02, 0.4857659E+01, 0.4295898E+01, 0.4264851E+01, 0.4296499E+01,
 0.2188000E+02, 0.4860986E+01, 0.4298514E+01, 0.4267424E+01, 0.4299128E+01,
 0.2190000E+02, 0.4864286E+01, 0.4301109E+01, 0.4269977E+01, 0.4301734E+01,
 0.2192000E+02, 0.4867559E+01, 0.4303681E+01, 0.4272507E+01, 0.4304319E+01,
 0.2194000E+02, 0.4870806E+01, 0.4306232E+01, 0.4275017E+01, 0.4306881E+01,
 0.2196000E+02, 0.4874025E+01, 0.4308762E+01, 0.4277505E+01, 0.4309423E+01,
 0.2198000E+02, 0.4877218E+01, 0.4311270E+01, 0.4279973E+01, 0.4311943E+01,
 0.2200000E+02, 0.4880384E+01, 0.4313757E+01, 0.4282419E+01, 0.4314442E+01,
 0.2202000E+02, 0.4883524E+01, 0.4316224E+01, 0.4284845E+01, 0.4316920E+01,
 0.2204000E+02, 0.4886639E+01, 0.4318669E+01, 0.4287250E+01, 0.4319377E+01,
 0.2206000E+02, 0.4889727E+01, 0.4321094E+01, 0.4289635E+01, 0.4321813E+01,
 0.2208000E+02, 0.4892790E+01, 0.4323498E+01, 0.4291999E+01, 0.4324229E+01,
 0.2210000E+02, 0.4895827E+01, 0.4325881E+01, 0.4294344E+01, 0.4326624E+01,
 0.2212000E+02, 0.4898839E+01, 0.4328245E+01, 0.4296669E+01, 0.4328999E+01,
 0.2214000E+02, 0.4901826E+01, 0.4330588E+01, 0.4298974E+01, 0.4331354E+01,
 0.2216000E+02, 0.4904788E+01, 0.4332912E+01, 0.4301259E+01, 0.4333689E+01,
 0.2218000E+02, 0.4907725E+01, 0.4335216E+01, 0.4303525E+01, 0.4336004E+01,
 0.2220000E+02, 0.4910638E+01, 0.4337501E+01, 0.4305772E+01, 0.4338299E+01,
 0.2222000E+02, 0.4913527E+01, 0.4339765E+01, 0.4307999E+01, 0.4340575E+01,
 0.2224000E+02, 0.4916391E+01, 0.4342011E+01, 0.4310207E+01, 0.4342832E+01,
 0.2226000E+02, 0.4919231E+01, 0.4344237E+01, 0.4312397E+01, 0.4345069E+01,
 0.2228000E+02, 0.4922048E+01, 0.4346445E+01, 0.4314568E+01, 0.4347287E+01,
 0.2230000E+02, 0.4924840E+01, 0.4348633E+01, 0.4316720E+01, 0.4349486E+01,
 0.2232000E+02, 0.4927610E+01, 0.4350803E+01, 0.4318854E+01, 0.4351667E+01,
 0.2234000E+02, 0.4930356E+01, 0.4352954E+01, 0.4320969E+01, 0.4353829E+01,
 0.2236000E+02, 0.4933079E+01, 0.4355087E+01, 0.4323067E+01, 0.4355973E+01,
 0.2238000E+02, 0.4935779E+01, 0.4357202E+01, 0.4325146E+01, 0.4358098E+01,
 0.2240000E+02, 0.4938456E+01, 0.4359299E+01, 0.4327208E+01, 0.4360205E+01,
 0.2242000E+02, 0.4941111E+01, 0.4361377E+01, 0.4329251E+01, 0.4362294E+01,
 0.2244000E+02, 0.4943743E+01, 0.4363438E+01, 0.4331278E+01, 0.4364365E+01,
 0.2246000E+02, 0.4946352E+01, 0.4365481E+01, 0.4333286E+01, 0.4366418E+01,
 0.2248000E+02, 0.4948940E+01, 0.4367507E+01, 0.4335278E+01, 0.4368454E+01,
 0.2250000E+02, 0.4951506E+01, 0.4369514E+01, 0.4337252E+01, 0.4370471E+01,
 0.2252000E+02, 0.4954051E+01, 0.4371505E+01, 0.4339210E+01, 0.4372472E+01,
 0.2254000E+02, 0.4956573E+01, 0.4373479E+01, 0.4341150E+01, 0.4374456E+01,
 0.2256000E+02, 0.4959074E+01, 0.4375435E+01, 0.4343074E+01, 0.4376422E+01,
 0.2258000E+02, 0.4961554E+01, 0.4377375E+01, 0.4344981E+01, 0.4378372E+01,
 0.2260000E+02, 0.4964013E+01, 0.4379298E+01, 0.4346871E+01, 0.4380305E+01,
 0.2262000E+02, 0.4966450E+01, 0.4381204E+01, 0.4348745E+01, 0.4382221E+01,
 0.2264000E+02, 0.4968867E+01, 0.4383094E+01, 0.4350603E+01, 0.4384120E+01,
 0.2266000E+02, 0.4971264E+01, 0.4384968E+01, 0.4352445E+01, 0.4386003E+01,
 0.2268000E+02, 0.4973640E+01, 0.4386825E+01, 0.4354271E+01, 0.4387870E+01,
 0.2270000E+02, 0.4975996E+01, 0.4388666E+01, 0.4356081E+01, 0.4389721E+01,
 0.2272000E+02, 0.4978331E+01, 0.4390491E+01, 0.4357875E+01, 0.4391556E+01,
 0.2274000E+02, 0.4980647E+01, 0.4392301E+01, 0.4359654E+01, 0.4393374E+01,
 0.2276000E+02, 0.4982943E+01, 0.4394095E+01, 0.4361417E+01, 0.4395177E+01,
 0.2278000E+02, 0.4985219E+01, 0.4395873E+01, 0.4363165E+01, 0.4396965E+01,
 0.2280000E+02, 0.4987475E+01, 0.4397635E+01, 0.4364898E+01, 0.4398736E+01,
 0.2282000E+02, 0.4989712E+01, 0.4399383E+01, 0.4366616E+01, 0.4400493E+01,
 0.2284000E+02, 0.4991930E+01, 0.4401115E+01, 0.4368318E+01, 0.4402235E+01,
 0.2286000E+02, 0.4994129E+01, 0.4402833E+01, 0.4370006E+01, 0.4403961E+01,
 0.2288000E+02, 0.4996309E+01, 0.4404534E+01, 0.4371679E+01, 0.4405672E+01,
 0.2290000E+02, 0.4998471E+01, 0.4406222E+01, 0.4373338E+01, 0.4407368E+01,
 0.2292000E+02, 0.5000613E+01, 0.4407895E+01, 0.4374982E+01, 0.4409049E+01,
 0.2294000E+02, 0.5002738E+01, 0.4409553E+01, 0.4376611E+01, 0.4410716E+01,
 0.2296000E+02, 0.5004843E+01, 0.4411196E+01, 0.4378227E+01, 0.4412368E+01,
 0.2298000E+02, 0.5006931E+01, 0.4412826E+01, 0.4379828E+01, 0.4414006E+01,
 0.2300000E+02, 0.5009001E+01, 0.4414441E+01, 0.4381415E+01, 0.4415629E+01,
 0.2302000E+02, 0.5011053E+01, 0.4416041E+01, 0.4382989E+01, 0.4417239E+01,
 0.2304000E+02, 0.5013087E+01, 0.4417628E+01, 0.4384548E+01, 0.4418834E+01,
 0.2306000E+02, 0.5015103E+01, 0.4419201E+01, 0.4386094E+01, 0.4420415E+01,
 0.2308000E+02, 0.5017102E+01, 0.4420761E+01, 0.4387627E+01, 0.4421983E+01,
 0.2310000E+02, 0.5019084E+01, 0.4422306E+01, 0.4389146E+01, 0.4423537E+01,
 0.2312000E+02, 0.5021049E+01, 0.4423838E+01, 0.4390651E+01, 0.4425077E+01,
 0.2314000E+02, 0.5022996E+01, 0.4425357E+01, 0.4392144E+01, 0.4426604E+01,
 0.2316000E+02, 0.5024927E+01, 0.4426862E+01, 0.4393623E+01, 0.4428117E+01,
 0.2318000E+02, 0.5026841E+01, 0.4428354E+01, 0.4395089E+01, 0.4429617E+01,
 0.2320000E+02, 0.5028738E+01, 0.4429833E+01, 0.4396543E+01, 0.4431104E+01,
 0.2322000E+02, 0.5030619E+01, 0.4431299E+01, 0.4397983E+01, 0.4432578E+01,
 0.2324000E+02, 0.5032484E+01, 0.4432752E+01, 0.4399411E+01, 0.4434039E+01,
 0.2326000E+02, 0.5034332E+01, 0.4434192E+01, 0.4400826E+01, 0.4435487E+01,
 0.2328000E+02, 0.5036164E+01, 0.4435620E+01, 0.4402229E+01, 0.4436922E+01,
 0.2330000E+02, 0.5037980E+01, 0.4437035E+01, 0.4403620E+01, 0.4438345E+01,
 0.2332000E+02, 0.5039780E+01, 0.4438437E+01, 0.4404998E+01, 0.4439755E+01,
 0.2334000E+02, 0.5041565E+01, 0.4439828E+01, 0.4406364E+01, 0.4441153E+01,
 0.2336000E+02, 0.5043334E+01, 0.4441206E+01, 0.4407718E+01, 0.4442538E+01,
 0.2338000E+02, 0.5045087E+01, 0.4442572E+01, 0.4409060E+01, 0.4443912E+01,
 0.2340000E+02, 0.5046826E+01, 0.4443926E+01, 0.4410390E+01, 0.4445273E+01,
 0.2342000E+02, 0.5048549E+01, 0.4445268E+01, 0.4411709E+01, 0.4446622E+01,
 0.2344000E+02, 0.5050257E+01, 0.4446598E+01, 0.4413016E+01, 0.4447959E+01,
 0.2346000E+02, 0.5051950E+01, 0.4447916E+01, 0.4414311E+01, 0.4449285E+01,
 0.2348000E+02, 0.5053628E+01, 0.4449223E+01, 0.4415595E+01, 0.4450599E+01,
 0.2350000E+02, 0.5055292E+01, 0.4450518E+01, 0.4416867E+01, 0.4451901E+01,
 0.2352000E+02, 0.5056941E+01, 0.4451801E+01, 0.4418128E+01, 0.4453192E+01,
 0.2354000E+02, 0.5058576E+01, 0.4453074E+01, 0.4419378E+01, 0.4454471E+01,
 0.2356000E+02, 0.5060196E+01, 0.4454335E+01, 0.4420618E+01, 0.4455739E+01,
 0.2358000E+02, 0.5061802E+01, 0.4455585E+01, 0.4421845E+01, 0.4456995E+01,
 0.2360000E+02, 0.5063394E+01, 0.4456823E+01, 0.4423062E+01, 0.4458241E+01,
 0.2362000E+02, 0.5064972E+01, 0.4458051E+01, 0.4424269E+01, 0.4459476E+01,
 0.2364000E+02, 0.5066536E+01, 0.4459268E+01, 0.4425464E+01, 0.4460700E+01,
 0.2366000E+02, 0.5068086E+01, 0.4460474E+01, 0.4426649E+01, 0.4461913E+01,
 0.2368000E+02, 0.5069623E+01, 0.4461669E+01, 0.4427824E+01, 0.4463114E+01,
 0.2370000E+02, 0.5071146E+01, 0.4462854E+01, 0.4428988E+01, 0.4464306E+01,
 0.2372000E+02, 0.5072656E+01, 0.4464029E+01, 0.4430141E+01, 0.4465487E+01,
 0.2374000E+02, 0.5074152E+01, 0.4465193E+01, 0.4431285E+01, 0.4466657E+01,
 0.2376000E+02, 0.5075636E+01, 0.4466346E+01, 0.4432418E+01, 0.4467817E+01,
 0.2378000E+02, 0.5077106E+01, 0.4467490E+01, 0.4433541E+01, 0.4468967E+01,
 0.2380000E+02, 0.5078563E+01, 0.4468623E+01, 0.4434654E+01, 0.4470107E+01,
 0.2382000E+02, 0.5080008E+01, 0.4469746E+01, 0.4435758E+01, 0.4471236E+01,
 0.2384000E+02, 0.5081439E+01, 0.4470859E+01, 0.4436851E+01, 0.4472355E+01,
 0.2386000E+02, 0.5082859E+01, 0.4471962E+01, 0.4437935E+01, 0.4473464E+01,
 0.2388000E+02, 0.5084265E+01, 0.4473055E+01, 0.4439009E+01, 0.4474564E+01,
 0.2390000E+02, 0.5085659E+01, 0.4474139E+01, 0.4440073E+01, 0.4475654E+01,
 0.2392000E+02, 0.5087041E+01, 0.4475213E+01, 0.4441128E+01, 0.4476734E+01,
 0.2394000E+02, 0.5088410E+01, 0.4476277E+01, 0.4442173E+01, 0.4477804E+01,
 0.2396000E+02, 0.5089768E+01, 0.4477333E+01, 0.4443210E+01, 0.4478865E+01,
 0.2398000E+02, 0.5091114E+01, 0.4478378E+01, 0.4444237E+01, 0.4479917E+01,
 0.2400000E+02, 0.5092447E+01, 0.4479414E+01, 0.4445255E+01, 0.4480958E+01,
 0.2402000E+02, 0.5093769E+01, 0.4480441E+01, 0.4446263E+01, 0.4481991E+01,
 0.2404000E+02, 0.5095078E+01, 0.4481459E+01, 0.4447263E+01, 0.4483015E+01,
 0.2406000E+02, 0.5096377E+01, 0.4482468E+01, 0.4448254E+01, 0.4484029E+01,
 0.2408000E+02, 0.5097664E+01, 0.4483467E+01, 0.4449236E+01, 0.4485035E+01,
 0.2410000E+02, 0.5098939E+01, 0.4484458E+01, 0.4450209E+01, 0.4486031E+01,
 0.2412000E+02, 0.5100204E+01, 0.4485440E+01, 0.4451174E+01, 0.4487019E+01,
 0.2414000E+02, 0.5101457E+01, 0.4486413E+01, 0.4452129E+01, 0.4487998E+01,
 0.2416000E+02, 0.5102698E+01, 0.4487378E+01, 0.4453077E+01, 0.4488967E+01,
 0.2418000E+02, 0.5103929E+01, 0.4488334E+01, 0.4454015E+01, 0.4489929E+01,
 0.2420000E+02, 0.5105149E+01, 0.4489281E+01, 0.4454946E+01, 0.4490881E+01,
 0.2422000E+02, 0.5106358E+01, 0.4490220E+01, 0.4455868E+01, 0.4491826E+01,
 0.2424000E+02, 0.5107556E+01, 0.4491150E+01, 0.4456782E+01, 0.4492761E+01,
 0.2426000E+02, 0.5108744E+01, 0.4492072E+01, 0.4457687E+01, 0.4493689E+01,
 0.2428000E+02, 0.5109921E+01, 0.4492986E+01, 0.4458585E+01, 0.4494608E+01,
 0.2430000E+02, 0.5111087E+01, 0.4493892E+01, 0.4459475E+01, 0.4495519E+01,
 0.2432000E+02, 0.5112244E+01, 0.4494789E+01, 0.4460356E+01, 0.4496421E+01,
 0.2434000E+02, 0.5113389E+01, 0.4495679E+01, 0.4461229E+01, 0.4497316E+01,
 0.2436000E+02, 0.5114525E+01, 0.4496560E+01, 0.4462095E+01, 0.4498203E+01,
 0.2438000E+02, 0.5115651E+01, 0.4497434E+01, 0.4462953E+01, 0.4499081E+01,
 0.2440000E+02, 0.5116766E+01, 0.4498300E+01, 0.4463803E+01, 0.4499952E+01,
 0.2442000E+02, 0.5117872E+01, 0.4499158E+01, 0.4464646E+01, 0.4500815E+01,
 0.2444000E+02, 0.5118968E+01, 0.4500008E+01, 0.4465481E+01, 0.4501670E+01,
 0.2446000E+02, 0.5120054E+01, 0.4500851E+01, 0.4466309E+01, 0.4502518E+01,
 0.2448000E+02, 0.5121130E+01, 0.4501686E+01, 0.4467129E+01, 0.4503358E+01,
 0.2450000E+02, 0.5122197E+01, 0.4502513E+01, 0.4467942E+01, 0.4504190E+01,
 0.2452000E+02, 0.5123254E+01, 0.4503334E+01, 0.4468747E+01, 0.4505015E+01,
 0.2454000E+02, 0.5124301E+01, 0.4504147E+01, 0.4469545E+01, 0.4505833E+01,
 0.2456000E+02, 0.5125340E+01, 0.4504952E+01, 0.4470336E+01, 0.4506643E+01,
 0.2458000E+02, 0.5126369E+01, 0.4505750E+01, 0.4471120E+01, 0.4507446E+01,
 0.2460000E+02, 0.5127389E+01, 0.4506542E+01, 0.4471897E+01, 0.4508242E+01,
 0.2462000E+02, 0.5128400E+01, 0.4507326E+01, 0.4472667E+01, 0.4509030E+01,
 0.2464000E+02, 0.5129401E+01, 0.4508102E+01, 0.4473430E+01, 0.4509812E+01,
 0.2466000E+02, 0.5130394E+01, 0.4508873E+01, 0.4474186E+01, 0.4510586E+01,
 0.2468000E+02, 0.5131378E+01, 0.4509635E+01, 0.4474936E+01, 0.4511354E+01,
 0.2470000E+02, 0.5132353E+01, 0.4510392E+01, 0.4475678E+01, 0.4512115E+01,
 0.2472000E+02, 0.5133319E+01, 0.4511141E+01, 0.4476414E+01, 0.4512868E+01,
 0.2474000E+02, 0.5134277E+01, 0.4511884E+01, 0.4477143E+01, 0.4513615E+01,
 0.2476000E+02, 0.5135226E+01, 0.4512619E+01, 0.4477866E+01, 0.4514356E+01,
 0.2478000E+02, 0.5136167E+01, 0.4513349E+01, 0.4478582E+01, 0.4515089E+01,
 0.2480000E+02, 0.5137099E+01, 0.4514072E+01, 0.4479292E+01, 0.4515816E+01,
 0.2482000E+02, 0.5138023E+01, 0.4514788E+01, 0.4479995E+01, 0.4516537E+01,
 0.2484000E+02, 0.5138938E+01, 0.4515498E+01, 0.4480692E+01, 0.4517251E+01,
 0.2486000E+02, 0.5139846E+01, 0.4516201E+01, 0.4481383E+01, 0.4517958E+01,
 0.2488000E+02, 0.5140745E+01, 0.4516898E+01, 0.4482067E+01, 0.4518659E+01,
 0.2490000E+02, 0.5141636E+01, 0.4517589E+01, 0.4482745E+01, 0.4519354E+01,
 0.2492000E+02, 0.5142519E+01, 0.4518273E+01, 0.4483418E+01, 0.4520042E+01,
 0.2494000E+02, 0.5143394E+01, 0.4518952E+01, 0.4484084E+01, 0.4520725E+01,
 0.2496000E+02, 0.5144262E+01, 0.4519624E+01, 0.4484744E+01, 0.4521401E+01,
 0.2498000E+02, 0.5145121E+01, 0.4520290E+01, 0.4485398E+01, 0.4522071E+01,
 0.2500000E+02, 0.5145973E+01, 0.4520951E+01, 0.4486046E+01, 0.4522736E+01,
 0.2502000E+02, 0.5146817E+01, 0.4521605E+01, 0.4486688E+01, 0.4523394E+01,
 0.2504000E+02, 0.5147654E+01, 0.4522253E+01, 0.4487325E+01, 0.4524045E+01,
 0.2506000E+02, 0.5148483E+01, 0.4522895E+01, 0.4487956E+01, 0.4524692E+01,
 0.2508000E+02, 0.5149304E+01, 0.4523532E+01, 0.4488581E+01, 0.4525332E+01,
 0.2510000E+02, 0.5150119E+01, 0.4524163E+01, 0.4489200E+01, 0.4525967E+01,
 0.2512000E+02, 0.5150926E+01, 0.4524788E+01, 0.4489814E+01, 0.4526596E+01,
 0.2514000E+02, 0.5151725E+01, 0.4525408E+01, 0.4490422E+01, 0.4527219E+01,
 0.2516000E+02, 0.5152518E+01, 0.4526022E+01, 0.4491025E+01, 0.4527837E+01,
 0.2518000E+02, 0.5153303E+01, 0.4526630E+01, 0.4491622E+01, 0.4528449E+01,
 0.2520000E+02, 0.5154081E+01, 0.4527233E+01, 0.4492215E+01, 0.4529055E+01,
 0.2522000E+02, 0.5154852E+01, 0.4527831E+01, 0.4492801E+01, 0.4529656E+01,
 0.2524000E+02, 0.5155617E+01, 0.4528423E+01, 0.4493382E+01, 0.4530252E+01,
 0.2526000E+02, 0.5156374E+01, 0.4529009E+01, 0.4493958E+01, 0.4530842E+01,
 0.2528000E+02, 0.5157125E+01, 0.4529591E+01, 0.4494529E+01, 0.4531427E+01,
 0.2530000E+02, 0.5157869E+01, 0.4530167E+01, 0.4495095E+01, 0.4532006E+01,
 0.2532000E+02, 0.5158606E+01, 0.4530738E+01, 0.4495655E+01, 0.4532581E+01,
 0.2534000E+02, 0.5159336E+01, 0.4531303E+01, 0.4496211E+01, 0.4533150E+01,
 0.2536000E+02, 0.5160060E+01, 0.4531864E+01, 0.4496761E+01, 0.4533714E+01,
 0.2538000E+02, 0.5160778E+01, 0.4532420E+01, 0.4497306E+01, 0.4534273E+01,
 0.2540000E+02, 0.5161489E+01, 0.4532970E+01, 0.4497847E+01, 0.4534827E+01,
 0.2542000E+02, 0.5162193E+01, 0.4533516E+01, 0.4498383E+01, 0.4535376E+01,
 0.2544000E+02, 0.5162891E+01, 0.4534056E+01, 0.4498913E+01, 0.4535919E+01,
 0.2546000E+02, 0.5163583E+01, 0.4534592E+01, 0.4499439E+01, 0.4536458E+01,
 0.2548000E+02, 0.5164268E+01, 0.4535123E+01, 0.4499960E+01, 0.4536992E+01,
 0.2550000E+02, 0.5164948E+01, 0.4535649E+01, 0.4500477E+01, 0.4537521E+01,
 0.2552000E+02, 0.5165621E+01, 0.4536170E+01, 0.4500988E+01, 0.4538046E+01,
 0.2554000E+02, 0.5166288E+01, 0.4536687E+01, 0.4501496E+01, 0.4538566E+01,
 0.2556000E+02, 0.5166949E+01, 0.4537199E+01, 0.4501998E+01, 0.4539081E+01,
 0.2558000E+02, 0.5167604E+01, 0.4537706E+01, 0.4502496E+01, 0.4539591E+01,
 0.2560000E+02, 0.5168254E+01, 0.4538208E+01, 0.4502990E+01, 0.4540096E+01,
 0.2562000E+02, 0.5168897E+01, 0.4538707E+01, 0.4503479E+01, 0.4540597E+01,
 0.2564000E+02, 0.5169535E+01, 0.4539200E+01, 0.4503963E+01, 0.4541094E+01,
 0.2566000E+02, 0.5170166E+01, 0.4539689E+01, 0.4504443E+01, 0.4541586E+01,
 0.2568000E+02, 0.5170793E+01, 0.4540174E+01, 0.4504919E+01, 0.4542074E+01,
 0.2570000E+02, 0.5171413E+01, 0.4540654E+01, 0.4505391E+01, 0.4542557E+01,
 0.2572000E+02, 0.5172028E+01, 0.4541130E+01, 0.4505857E+01, 0.4543036E+01,
 0.2574000E+02, 0.5172637E+01, 0.4541602E+01, 0.4506320E+01, 0.4543510E+01,
 0.2576000E+02, 0.5173241E+01, 0.4542069E+01, 0.4506779E+01, 0.4543980E+01,
 0.2578000E+02, 0.5173839E+01, 0.4542532E+01, 0.4507234E+01, 0.4544446E+01,
 0.2580000E+02, 0.5174432E+01, 0.4542991E+01, 0.4507684E+01, 0.4544908E+01,
 0.2582000E+02, 0.5175019E+01, 0.4543446E+01, 0.4508131E+01, 0.4545365E+01,
 0.2584000E+02, 0.5175601E+01, 0.4543896E+01, 0.4508573E+01, 0.4545818E+01,
 0.2586000E+02, 0.5176178E+01, 0.4544343E+01, 0.4509011E+01, 0.4546268E+01,
 0.2588000E+02, 0.5176750E+01, 0.4544785E+01, 0.4509445E+01, 0.4546712E+01,
 0.2590000E+02, 0.5177317E+01, 0.4545223E+01, 0.4509876E+01, 0.4547153E+01,
 0.2592000E+02, 0.5177878E+01, 0.4545658E+01, 0.4510302E+01, 0.4547591E+01,
 0.2594000E+02, 0.5178434E+01, 0.4546088E+01, 0.4510725E+01, 0.4548024E+01,
 0.2596000E+02, 0.5178986E+01, 0.4546515E+01, 0.4511143E+01, 0.4548453E+01,
 0.2598000E+02, 0.5179532E+01, 0.4546937E+01, 0.4511559E+01, 0.4548878E+01,
 0.2600000E+02, 0.5180073E+01, 0.4547356E+01, 0.4511970E+01, 0.4549299E+01,
 0.2602000E+02, 0.5180610E+01, 0.4547771E+01, 0.4512377E+01, 0.4549717E+01,
 0.2604000E+02, 0.5181141E+01, 0.4548182E+01, 0.4512781E+01, 0.4550131E+01,
 0.2606000E+02, 0.5181668E+01, 0.4548590E+01, 0.4513181E+01, 0.4550541E+01,
 0.2608000E+02, 0.5182190E+01, 0.4548994E+01, 0.4513577E+01, 0.4550947E+01,
 0.2610000E+02, 0.5182707E+01, 0.4549394E+01, 0.4513970E+01, 0.4551350E+01,
 0.2612000E+02, 0.5183219E+01, 0.4549790E+01, 0.4514359E+01, 0.4551748E+01,
 0.2614000E+02, 0.5183728E+01, 0.4550183E+01, 0.4514745E+01, 0.4552144E+01,
 0.2616000E+02, 0.5184231E+01, 0.4550573E+01, 0.4515127E+01, 0.4552536E+01,
 0.2618000E+02, 0.5184730E+01, 0.4550959E+01, 0.4515505E+01, 0.4552924E+01,
 0.2620000E+02, 0.5185224E+01, 0.4551341E+01, 0.4515881E+01, 0.4553308E+01,
 0.2622000E+02, 0.5185713E+01, 0.4551720E+01, 0.4516253E+01, 0.4553689E+01,
 0.2624000E+02, 0.5186199E+01, 0.4552095E+01, 0.4516621E+01, 0.4554067E+01,
 0.2626000E+02, 0.5186679E+01, 0.4552467E+01, 0.4516986E+01, 0.4554441E+01,
 0.2628000E+02, 0.5187156E+01, 0.4552835E+01, 0.4517348E+01, 0.4554812E+01,
 0.2630000E+02, 0.5187628E+01, 0.4553200E+01, 0.4517706E+01, 0.4555179E+01,
 0.2632000E+02, 0.5188096E+01, 0.4553562E+01, 0.4518061E+01, 0.4555543E+01,
 0.2634000E+02, 0.5188560E+01, 0.4553921E+01, 0.4518413E+01, 0.4555904E+01,
 0.2636000E+02, 0.5189019E+01, 0.4554276E+01, 0.4518762E+01, 0.4556262E+01,
 0.2638000E+02, 0.5189474E+01, 0.4554628E+01, 0.4519107E+01, 0.4556616E+01,
 0.2640000E+02, 0.5189925E+01, 0.4554977E+01, 0.4519450E+01, 0.4556967E+01,
 0.2642000E+02, 0.5190372E+01, 0.4555323E+01, 0.4519789E+01, 0.4557314E+01,
 0.2644000E+02, 0.5190815E+01, 0.4555665E+01, 0.4520125E+01, 0.4557659E+01,
 0.2646000E+02, 0.5191254E+01, 0.4556005E+01, 0.4520459E+01, 0.4558001E+01,
 0.2648000E+02, 0.5191689E+01, 0.4556341E+01, 0.4520789E+01, 0.4558339E+01,
 0.2650000E+02, 0.5192120E+01, 0.4556674E+01, 0.4521116E+01, 0.4558674E+01,
 0.2652000E+02, 0.5192547E+01, 0.4557004E+01, 0.4521440E+01, 0.4559007E+01,
 0.2654000E+02, 0.5192970E+01, 0.4557332E+01, 0.4521761E+01, 0.4559336E+01,
 0.2656000E+02, 0.5193389E+01, 0.4557656E+01, 0.4522079E+01, 0.4559662E+01,
 0.2658000E+02, 0.5193805E+01, 0.4557977E+01, 0.4522395E+01, 0.4559985E+01,
 0.2660000E+02, 0.5194217E+01, 0.4558296E+01, 0.4522707E+01, 0.4560306E+01,
 0.2662000E+02, 0.5194624E+01, 0.4558611E+01, 0.4523017E+01, 0.4560623E+01,
 0.2664000E+02, 0.5195029E+01, 0.4558924E+01, 0.4523324E+01, 0.4560937E+01,
 0.2666000E+02, 0.5195429E+01, 0.4559233E+01, 0.4523627E+01, 0.4561249E+01,
 0.2668000E+02, 0.5195827E+01, 0.4559540E+01, 0.4523929E+01, 0.4561558E+01,
 0.2670000E+02, 0.5196220E+01, 0.4559844E+01, 0.4524227E+01, 0.4561864E+01,
 0.2672000E+02, 0.5196609E+01, 0.4560146E+01, 0.4524523E+01, 0.4562167E+01,
 0.2674000E+02, 0.5196996E+01, 0.4560444E+01, 0.4524816E+01, 0.4562468E+01,
 0.2676000E+02, 0.5197379E+01, 0.4560740E+01, 0.4525106E+01, 0.4562765E+01,
 0.2678000E+02, 0.5197758E+01, 0.4561033E+01, 0.4525394E+01, 0.4563060E+01,
 0.2680000E+02, 0.5198133E+01, 0.4561324E+01, 0.4525679E+01, 0.4563353E+01,
 0.2682000E+02, 0.5198506E+01, 0.4561612E+01, 0.4525962E+01, 0.4563642E+01,
 0.2684000E+02, 0.5198874E+01, 0.4561897E+01, 0.4526242E+01, 0.4563929E+01,
 0.2686000E+02, 0.5199240E+01, 0.4562180E+01, 0.4526519E+01, 0.4564213E+01,
 0.2688000E+02, 0.5199603E+01, 0.4562459E+01, 0.4526794E+01, 0.4564495E+01,
 0.2690000E+02, 0.5199962E+01, 0.4562737E+01, 0.4527066E+01, 0.4564775E+01,
 0.2692000E+02, 0.5200317E+01, 0.4563012E+01, 0.4527336E+01, 0.4565051E+01,
 0.2694000E+02, 0.5200670E+01, 0.4563284E+01, 0.4527603E+01, 0.4565325E+01,
 0.2696000E+02, 0.5201019E+01, 0.4563554E+01, 0.4527868E+01, 0.4565597E+01,
 0.2698000E+02, 0.5201365E+01, 0.4563822E+01, 0.4528131E+01, 0.4565866E+01,
 0.2700000E+02, 0.5201708E+01, 0.4564087E+01, 0.4528391E+01, 0.4566133E+01,
 0.2702000E+02, 0.5202047E+01, 0.4564349E+01, 0.4528649E+01, 0.4566397E+01,
 0.2704000E+02, 0.5202384E+01, 0.4564610E+01, 0.4528904E+01, 0.4566658E+01,
 0.2706000E+02, 0.5202718E+01, 0.4564867E+01, 0.4529157E+01, 0.4566918E+01,
 0.2708000E+02, 0.5203048E+01, 0.4565123E+01, 0.4529408E+01, 0.4567175E+01,
 0.2710000E+02, 0.5203376E+01, 0.4565376E+01, 0.4529656E+01, 0.4567430E+01,
 0.2712000E+02, 0.5203701E+01, 0.4565627E+01, 0.4529902E+01, 0.4567682E+01,
 0.2714000E+02, 0.5204022E+01, 0.4565876E+01, 0.4530147E+01, 0.4567932E+01,
 0.2716000E+02, 0.5204341E+01, 0.4566122E+01, 0.4530388E+01, 0.4568180E+01,
 0.2718000E+02, 0.5204657E+01, 0.4566366E+01, 0.4530628E+01, 0.4568426E+01,
 0.2720000E+02, 0.5204969E+01, 0.4566607E+01, 0.4530865E+01, 0.4568669E+01,
 0.2722000E+02, 0.5205279E+01, 0.4566847E+01, 0.4531100E+01, 0.4568910E+01,
 0.2724000E+02, 0.5205587E+01, 0.4567085E+01, 0.4531333E+01, 0.4569149E+01,
 0.2726000E+02, 0.5205891E+01, 0.4567320E+01, 0.4531564E+01, 0.4569386E+01,
 0.2728000E+02, 0.5206193E+01, 0.4567553E+01, 0.4531793E+01, 0.4569620E+01,
 0.2730000E+02, 0.5206491E+01, 0.4567784E+01, 0.4532020E+01, 0.4569853E+01,
 0.2732000E+02, 0.5206788E+01, 0.4568013E+01, 0.4532244E+01, 0.4570083E+01,
 0.2734000E+02, 0.5207081E+01, 0.4568240E+01, 0.4532466E+01, 0.4570311E+01,
 0.2736000E+02, 0.5207372E+01, 0.4568464E+01, 0.4532687E+01, 0.4570537E+01,
 0.2738000E+02, 0.5207660E+01, 0.4568687E+01, 0.4532906E+01, 0.4570761E+01,
 0.2740000E+02, 0.5207946E+01, 0.4568907E+01, 0.4533122E+01, 0.4570983E+01,
 0.2742000E+02, 0.5208229E+01, 0.4569126E+01, 0.4533337E+01, 0.4571203E+01,
 0.2744000E+02, 0.5208509E+01, 0.4569343E+01, 0.4533549E+01, 0.4571421E+01,
 0.2746000E+02, 0.5208786E+01, 0.4569557E+01, 0.4533760E+01, 0.4571637E+01,
 0.2748000E+02, 0.5209062E+01, 0.4569770E+01, 0.4533968E+01, 0.4571851E+01,
 0.2750000E+02, 0.5209334E+01, 0.4569981E+01, 0.4534175E+01, 0.4572063E+01,
 0.2752000E+02, 0.5209605E+01, 0.4570189E+01, 0.4534380E+01, 0.4572273E+01,
 0.2754000E+02, 0.5209872E+01, 0.4570396E+01, 0.4534583E+01, 0.4572481E+01,
 0.2756000E+02, 0.5210138E+01, 0.4570601E+01, 0.4534784E+01, 0.4572688E+01,
 0.2758000E+02, 0.5210401E+01, 0.4570804E+01, 0.4534984E+01, 0.4572892E+01,
 0.2760000E+02, 0.5210661E+01, 0.4571005E+01, 0.4535181E+01, 0.4573094E+01,
 0.2762000E+02, 0.5210919E+01, 0.4571205E+01, 0.4535377E+01, 0.4573295E+01,
 0.2764000E+02, 0.5211175E+01, 0.4571403E+01, 0.4535571E+01, 0.4573494E+01,
 0.2766000E+02, 0.5211428E+01, 0.4571599E+01, 0.4535763E+01, 0.4573691E+01,
 0.2768000E+02, 0.5211679E+01, 0.4571792E+01, 0.4535954E+01, 0.4573886E+01,
 0.2770000E+02, 0.5211928E+01, 0.4571984E+01, 0.4536142E+01, 0.4574080E+01,
 0.2772000E+02, 0.5212175E+01, 0.4572175E+01, 0.4536329E+01, 0.4574271E+01,
 0.2774000E+02, 0.5212419E+01, 0.4572364E+01, 0.4536514E+01, 0.4574461E+01,
 0.2776000E+02, 0.5212661E+01, 0.4572551E+01, 0.4536697E+01, 0.4574649E+01,
 0.2778000E+02, 0.5212901E+01, 0.4572736E+01, 0.4536880E+01, 0.4574836E+01,
 0.2780000E+02, 0.5213139E+01, 0.4572919E+01, 0.4537059E+01, 0.4575020E+01,
 0.2782000E+02, 0.5213374E+01, 0.4573102E+01, 0.4537238E+01, 0.4575203E+01,
 0.2784000E+02, 0.5213607E+01, 0.4573282E+01, 0.4537415E+01, 0.4575385E+01,
 0.2786000E+02, 0.5213839E+01, 0.4573460E+01, 0.4537590E+01, 0.4575564E+01,
 0.2788000E+02, 0.5214067E+01, 0.4573637E+01, 0.4537764E+01, 0.4575742E+01,
 0.2790000E+02, 0.5214294E+01, 0.4573812E+01, 0.4537936E+01, 0.4575919E+01,
 0.2792000E+02, 0.5214520E+01, 0.4573986E+01, 0.4538106E+01, 0.4576094E+01,
 0.2794000E+02, 0.5214742E+01, 0.4574158E+01, 0.4538275E+01, 0.4576267E+01,
 0.2796000E+02, 0.5214963E+01, 0.4574329E+01, 0.4538443E+01, 0.4576438E+01,
 0.2798000E+02, 0.5215182E+01, 0.4574498E+01, 0.4538609E+01, 0.4576609E+01,
 0.2800000E+02, 0.5215399E+01, 0.4574666E+01, 0.4538773E+01, 0.4576777E+01,
 0.2802000E+02, 0.5215613E+01, 0.4574831E+01, 0.4538936E+01, 0.4576944E+01,
 0.2804000E+02, 0.5215827E+01, 0.4574996E+01, 0.4539097E+01, 0.4577109E+01,
 0.2806000E+02, 0.5216037E+01, 0.4575159E+01, 0.4539257E+01, 0.4577273E+01,
 0.2808000E+02, 0.5216246E+01, 0.4575320E+01, 0.4539415E+01, 0.4577436E+01,
 0.2810000E+02, 0.5216453E+01, 0.4575480E+01, 0.4539572E+01, 0.4577597E+01,
 0.2812000E+02, 0.5216659E+01, 0.4575638E+01, 0.4539728E+01, 0.4577756E+01,
 0.2814000E+02, 0.5216862E+01, 0.4575796E+01, 0.4539882E+01, 0.4577914E+01,
 0.2816000E+02, 0.5217063E+01, 0.4575951E+01, 0.4540034E+01, 0.4578071E+01,
 0.2818000E+02, 0.5217263E+01, 0.4576105E+01, 0.4540186E+01, 0.4578226E+01,
 0.2820000E+02, 0.5217461E+01, 0.4576258E+01, 0.4540336E+01, 0.4578380E+01,
 0.2822000E+02, 0.5217657E+01, 0.4576409E+01, 0.4540484E+01, 0.4578532E+01,
 0.2824000E+02, 0.5217851E+01, 0.4576559E+01, 0.4540631E+01, 0.4578683E+01,
 0.2826000E+02, 0.5218043E+01, 0.4576708E+01, 0.4540777E+01, 0.4578832E+01,
 0.2828000E+02, 0.5218234E+01, 0.4576855E+01, 0.4540922E+01, 0.4578980E+01,
 0.2830000E+02, 0.5218422E+01, 0.4577001E+01, 0.4541065E+01, 0.4579127E+01,
 0.2832000E+02, 0.5218610E+01, 0.4577146E+01, 0.4541207E+01, 0.4579273E+01,
 0.2834000E+02, 0.5218795E+01, 0.4577289E+01, 0.4541347E+01, 0.4579417E+01,
 0.2836000E+02, 0.5218979E+01, 0.4577431E+01, 0.4541486E+01, 0.4579560E+01,
 0.2838000E+02, 0.5219161E+01, 0.4577571E+01, 0.4541625E+01, 0.4579701E+01,
 0.2840000E+02, 0.5219341E+01, 0.4577711E+01, 0.4541761E+01, 0.4579842E+01,
 0.2842000E+02, 0.5219520E+01, 0.4577848E+01, 0.4541897E+01, 0.4579980E+01,
 0.2844000E+02, 0.5219697E+01, 0.4577985E+01, 0.4542031E+01, 0.4580118E+01,
 0.2846000E+02, 0.5219872E+01, 0.4578121E+01, 0.4542164E+01, 0.4580254E+01,
 0.2848000E+02, 0.5220047E+01, 0.4578255E+01, 0.4542295E+01, 0.4580389E+01,
 0.2850000E+02, 0.5220219E+01, 0.4578388E+01, 0.4542426E+01, 0.4580523E+01,
 0.2852000E+02, 0.5220389E+01, 0.4578520E+01, 0.4542556E+01, 0.4580656E+01,
 0.2854000E+02, 0.5220559E+01, 0.4578651E+01, 0.4542684E+01, 0.4580788E+01,
 0.2856000E+02, 0.5220726E+01, 0.4578780E+01, 0.4542811E+01, 0.4580918E+01,
 0.2858000E+02, 0.5220892E+01, 0.4578908E+01, 0.4542937E+01, 0.4581047E+01,
 0.2860000E+02, 0.5221057E+01, 0.4579035E+01, 0.4543061E+01, 0.4581175E+01,
 0.2862000E+02, 0.5221220E+01, 0.4579162E+01, 0.4543185E+01, 0.4581301E+01,
 0.2864000E+02, 0.5221382E+01, 0.4579286E+01, 0.4543307E+01, 0.4581427E+01,
 0.2866000E+02, 0.5221541E+01, 0.4579410E+01, 0.4543428E+01, 0.4581551E+01,
 0.2868000E+02, 0.5221700E+01, 0.4579532E+01, 0.4543549E+01, 0.4581675E+01,
 0.2870000E+02, 0.5221858E+01, 0.4579654E+01, 0.4543668E+01, 0.4581797E+01,
 0.2872000E+02, 0.5222013E+01, 0.4579774E+01, 0.4543786E+01, 0.4581918E+01,
 0.2874000E+02, 0.5222167E+01, 0.4579893E+01, 0.4543903E+01, 0.4582037E+01,
 0.2876000E+02, 0.5222320E+01, 0.4580011E+01, 0.4544019E+01, 0.4582156E+01,
 0.2878000E+02, 0.5222472E+01, 0.4580128E+01, 0.4544133E+01, 0.4582274E+01,
 0.2880000E+02, 0.5222622E+01, 0.4580244E+01, 0.4544247E+01, 0.4582391E+01,
 0.2882000E+02, 0.5222771E+01, 0.4580359E+01, 0.4544360E+01, 0.4582506E+01,
 0.2884000E+02, 0.5222918E+01, 0.4580472E+01, 0.4544471E+01, 0.4582621E+01,
 0.2886000E+02, 0.5223064E+01, 0.4580585E+01, 0.4544582E+01, 0.4582734E+01,
 0.2888000E+02, 0.5223208E+01, 0.4580697E+01, 0.4544692E+01, 0.4582847E+01,
 0.2890000E+02, 0.5223352E+01, 0.4580808E+01, 0.4544800E+01, 0.4582958E+01,
 0.2892000E+02, 0.5223494E+01, 0.4580917E+01, 0.4544908E+01, 0.4583068E+01,
 0.2894000E+02, 0.5223635E+01, 0.4581026E+01, 0.4545014E+01, 0.4583178E+01,
 0.2896000E+02, 0.5223774E+01, 0.4581134E+01, 0.4545120E+01, 0.4583286E+01,
 0.2898000E+02, 0.5223912E+01, 0.4581240E+01, 0.4545225E+01, 0.4583394E+01,
 0.2900000E+02, 0.5224049E+01, 0.4581346E+01, 0.4545329E+01, 0.4583500E+01,
 0.2902000E+02, 0.5224185E+01, 0.4581451E+01, 0.4545432E+01, 0.4583605E+01,
 0.2904000E+02, 0.5224319E+01, 0.4581554E+01, 0.4545533E+01, 0.4583710E+01,
 0.2906000E+02, 0.5224452E+01, 0.4581657E+01, 0.4545634E+01, 0.4583813E+01,
 0.2908000E+02, 0.5224584E+01, 0.4581759E+01, 0.4545734E+01, 0.4583916E+01,
 0.2910000E+02, 0.5224715E+01, 0.4581860E+01, 0.4545833E+01, 0.4584017E+01,
 0.2912000E+02, 0.5224844E+01, 0.4581960E+01, 0.4545931E+01, 0.4584118E+01,
 0.2914000E+02, 0.5224973E+01, 0.4582059E+01, 0.4546029E+01, 0.4584218E+01,
 0.2916000E+02, 0.5225100E+01, 0.4582158E+01, 0.4546125E+01, 0.4584316E+01,
 0.2918000E+02, 0.5225226E+01, 0.4582255E+01, 0.4546220E+01, 0.4584414E+01,
 0.2920000E+02, 0.5225351E+01, 0.4582351E+01, 0.4546315E+01, 0.4584511E+01,
 0.2922000E+02, 0.5225475E+01, 0.4582447E+01, 0.4546409E+01, 0.4584607E+01,
 0.2924000E+02, 0.5225597E+01, 0.4582541E+01, 0.4546502E+01, 0.4584702E+01,
 0.2926000E+02, 0.5225719E+01, 0.4582635E+01, 0.4546594E+01, 0.4584797E+01,
 0.2928000E+02, 0.5225839E+01, 0.4582728E+01, 0.4546685E+01, 0.4584890E+01,
 0.2930000E+02, 0.5225958E+01, 0.4582820E+01, 0.4546775E+01, 0.4584983E+01,
 0.2932000E+02, 0.5226077E+01, 0.4582911E+01, 0.4546865E+01, 0.4585075E+01,
 0.2934000E+02, 0.5226193E+01, 0.4583002E+01, 0.4546953E+01, 0.4585166E+01,
 0.2936000E+02, 0.5226310E+01, 0.4583091E+01, 0.4547041E+01, 0.4585256E+01,
 0.2938000E+02, 0.5226425E+01, 0.4583180E+01, 0.4547128E+01, 0.4585345E+01,
 0.2940000E+02, 0.5226538E+01, 0.4583268E+01, 0.4547215E+01, 0.4585434E+01,
 0.2942000E+02, 0.5226651E+01, 0.4583355E+01, 0.4547300E+01, 0.4585521E+01,
 0.2944000E+02, 0.5226763E+01, 0.4583441E+01, 0.4547385E+01, 0.4585608E+01,
 0.2946000E+02, 0.5226874E+01, 0.4583527E+01, 0.4547469E+01, 0.4585694E+01,
 0.2948000E+02, 0.5226984E+01, 0.4583611E+01, 0.4547552E+01, 0.4585780E+01,
 0.2950000E+02, 0.5227092E+01, 0.4583695E+01, 0.4547634E+01, 0.4585864E+01,
 0.2952000E+02, 0.5227200E+01, 0.4583779E+01, 0.4547716E+01, 0.4585948E+01,
 0.2954000E+02, 0.5227307E+01, 0.4583861E+01, 0.4547797E+01, 0.4586031E+01,
 0.2956000E+02, 0.5227413E+01, 0.4583943E+01, 0.4547877E+01, 0.4586113E+01,
 0.2958000E+02, 0.5227518E+01, 0.4584024E+01, 0.4547956E+01, 0.4586195E+01,
 0.2960000E+02, 0.5227621E+01, 0.4584104E+01, 0.4548035E+01, 0.4586275E+01,
 0.2962000E+02, 0.5227724E+01, 0.4584183E+01, 0.4548113E+01, 0.4586355E+01,
 0.2964000E+02, 0.5227826E+01, 0.4584262E+01, 0.4548190E+01, 0.4586434E+01,
 0.2966000E+02, 0.5227927E+01, 0.4584340E+01, 0.4548266E+01, 0.4586513E+01,
 0.2968000E+02, 0.5228027E+01, 0.4584417E+01, 0.4548342E+01, 0.4586590E+01,
 0.2970000E+02, 0.5228127E+01, 0.4584494E+01, 0.4548418E+01, 0.4586668E+01,
 0.2972000E+02, 0.5228225E+01, 0.4584570E+01, 0.4548492E+01, 0.4586744E+01,
 0.2974000E+02, 0.5228322E+01, 0.4584645E+01, 0.4548566E+01, 0.4586820E+01,
 0.2976000E+02, 0.5228418E+01, 0.4584720E+01, 0.4548639E+01, 0.4586895E+01,
 0.2978000E+02, 0.5228514E+01, 0.4584793E+01, 0.4548711E+01, 0.4586969E+01,
 0.2980000E+02, 0.5228609E+01, 0.4584867E+01, 0.4548783E+01, 0.4587042E+01,
 0.2982000E+02, 0.5228703E+01, 0.4584939E+01, 0.4548854E+01, 0.4587115E+01,
 0.2984000E+02, 0.5228796E+01, 0.4585011E+01, 0.4548924E+01, 0.4587187E+01,
 0.2986000E+02, 0.5228888E+01, 0.4585082E+01, 0.4548995E+01, 0.4587259E+01,
 0.2988000E+02, 0.5228979E+01, 0.4585152E+01, 0.4549064E+01, 0.4587330E+01,
 0.2990000E+02, 0.5229070E+01, 0.4585222E+01, 0.4549132E+01, 0.4587400E+01,
 0.2992000E+02, 0.5229159E+01, 0.4585291E+01, 0.4549200E+01, 0.4587470E+01,
 0.2994000E+02, 0.5229248E+01, 0.4585360E+01, 0.4549267E+01, 0.4587539E+01,
 0.2996000E+02, 0.5229336E+01, 0.4585428E+01, 0.4549334E+01, 0.4587607E+01,
 0.2998000E+02, 0.5229423E+01, 0.4585495E+01, 0.4549400E+01, 0.4587675E+01,
 0.3000000E+02, 0.5229509E+01, 0.4585562E+01, 0.4549465E+01, 0.4587742E+01,
 0.3002000E+02, 0.5229595E+01, 0.4585628E+01, 0.4549530E+01, 0.4587809E+01,
 0.3004000E+02, 0.5229680E+01, 0.4585693E+01, 0.4549594E+01, 0.4587874E+01,
 0.3006000E+02, 0.5229764E+01, 0.4585758E+01, 0.4549658E+01, 0.4587940E+01,
 0.3008000E+02, 0.5229847E+01, 0.4585823E+01, 0.4549721E+01, 0.4588004E+01,
 0.3010000E+02, 0.5229930E+01, 0.4585886E+01, 0.4549784E+01, 0.4588068E+01,
 0.3012000E+02, 0.5230011E+01, 0.4585949E+01, 0.4549845E+01, 0.4588132E+01,
 0.3014000E+02, 0.5230093E+01, 0.4586011E+01, 0.4549907E+01, 0.4588195E+01,
 0.3016000E+02, 0.5230173E+01, 0.4586073E+01, 0.4549967E+01, 0.4588257E+01,
 0.3018000E+02, 0.5230252E+01, 0.4586135E+01, 0.4550028E+01, 0.4588319E+01,
 0.3020000E+02, 0.5230331E+01, 0.4586196E+01, 0.4550087E+01, 0.4588380E+01,
 0.3022000E+02, 0.5230409E+01, 0.4586256E+01, 0.4550147E+01, 0.4588441E+01,
 0.3024000E+02, 0.5230486E+01, 0.4586316E+01, 0.4550205E+01, 0.4588501E+01,
 0.3026000E+02, 0.5230563E+01, 0.4586375E+01, 0.4550263E+01, 0.4588560E+01,
 0.3028000E+02, 0.5230639E+01, 0.4586433E+01, 0.4550321E+01, 0.4588619E+01,
 0.3030000E+02, 0.5230714E+01, 0.4586492E+01, 0.4550378E+01, 0.4588678E+01,
 0.3032000E+02, 0.5230789E+01, 0.4586549E+01, 0.4550434E+01, 0.4588736E+01,
 0.3034000E+02, 0.5230863E+01, 0.4586606E+01, 0.4550490E+01, 0.4588793E+01,
 0.3036000E+02, 0.5230936E+01, 0.4586663E+01, 0.4550545E+01, 0.4588850E+01,
 0.3038000E+02, 0.5231008E+01, 0.4586719E+01, 0.4550601E+01, 0.4588906E+01,
 0.3040000E+02, 0.5231080E+01, 0.4586774E+01, 0.4550655E+01, 0.4588962E+01,
 0.3042000E+02, 0.5231151E+01, 0.4586829E+01, 0.4550709E+01, 0.4589017E+01,
 0.3044000E+02, 0.5231222E+01, 0.4586884E+01, 0.4550762E+01, 0.4589072E+01,
 0.3046000E+02, 0.5231292E+01, 0.4586937E+01, 0.4550815E+01, 0.4589126E+01,
 0.3048000E+02, 0.5231361E+01, 0.4586991E+01, 0.4550868E+01, 0.4589180E+01,
 0.3050000E+02, 0.5231430E+01, 0.4587044E+01, 0.4550920E+01, 0.4589233E+01,
 0.3052000E+02, 0.5231497E+01, 0.4587096E+01, 0.4550971E+01, 0.4589286E+01,
 0.3054000E+02, 0.5231565E+01, 0.4587148E+01, 0.4551022E+01, 0.4589338E+01,
 0.3056000E+02, 0.5231632E+01, 0.4587200E+01, 0.4551073E+01, 0.4589390E+01,
 0.3058000E+02, 0.5231698E+01, 0.4587251E+01, 0.4551123E+01, 0.4589442E+01,
 0.3060000E+02, 0.5231763E+01, 0.4587301E+01, 0.4551172E+01, 0.4589493E+01,
 0.3062000E+02, 0.5231828E+01, 0.4587351E+01, 0.4551221E+01, 0.4589543E+01,
 0.3064000E+02, 0.5231893E+01, 0.4587401E+01, 0.4551270E+01, 0.4589593E+01,
 0.3066000E+02, 0.5231956E+01, 0.4587450E+01, 0.4551318E+01, 0.4589643E+01,
 0.3068000E+02, 0.5232019E+01, 0.4587499E+01, 0.4551366E+01, 0.4589692E+01,
 0.3070000E+02, 0.5232082E+01, 0.4587547E+01, 0.4551414E+01, 0.4589740E+01,
 0.3072000E+02, 0.5232144E+01, 0.4587595E+01, 0.4551460E+01, 0.4589788E+01,
 0.3074000E+02, 0.5232205E+01, 0.4587643E+01, 0.4551507E+01, 0.4589836E+01,
 0.3076000E+02, 0.5232266E+01, 0.4587689E+01, 0.4551553E+01, 0.4589883E+01,
 0.3078000E+02, 0.5232327E+01, 0.4587736E+01, 0.4551599E+01, 0.4589930E+01,
 0.3080000E+02, 0.5232386E+01, 0.4587782E+01, 0.4551644E+01, 0.4589976E+01,
 0.3082000E+02, 0.5232445E+01, 0.4587828E+01, 0.4551689E+01, 0.4590023E+01,
 0.3084000E+02, 0.5232504E+01, 0.4587873E+01, 0.4551733E+01, 0.4590068E+01,
 0.3086000E+02, 0.5232562E+01, 0.4587918E+01, 0.4551777E+01, 0.4590113E+01,
 0.3088000E+02, 0.5232620E+01, 0.4587962E+01, 0.4551821E+01, 0.4590158E+01,
 0.3090000E+02, 0.5232677E+01, 0.4588006E+01, 0.4551864E+01, 0.4590202E+01,
 0.3092000E+02, 0.5232733E+01, 0.4588050E+01, 0.4551907E+01, 0.4590246E+01,
 0.3094000E+02, 0.5232790E+01, 0.4588093E+01, 0.4551949E+01, 0.4590290E+01,
 0.3096000E+02, 0.5232845E+01, 0.4588136E+01, 0.4551991E+01, 0.4590333E+01,
 0.3098000E+02, 0.5232900E+01, 0.4588179E+01, 0.4552033E+01, 0.4590375E+01,
 0.3100000E+02, 0.5232955E+01, 0.4588221E+01, 0.4552074E+01, 0.4590418E+01,
 0.3102000E+02, 0.5233008E+01, 0.4588262E+01, 0.4552115E+01, 0.4590460E+01,
 0.3104000E+02, 0.5233062E+01, 0.4588304E+01, 0.4552155E+01, 0.4590501E+01,
 0.3106000E+02, 0.5233115E+01, 0.4588345E+01, 0.4552196E+01, 0.4590542E+01,
 0.3108000E+02, 0.5233167E+01, 0.4588385E+01, 0.4552236E+01, 0.4590583E+01,
 0.3110000E+02, 0.5233219E+01, 0.4588425E+01, 0.4552275E+01, 0.4590623E+01,
 0.3112000E+02, 0.5233271E+01, 0.4588465E+01, 0.4552314E+01, 0.4590663E+01,
 0.3114000E+02, 0.5233322E+01, 0.4588504E+01, 0.4552352E+01, 0.4590703E+01,
 0.3116000E+02, 0.5233373E+01, 0.4588543E+01, 0.4552391E+01, 0.4590743E+01,
 0.3118000E+02, 0.5233423E+01, 0.4588582E+01, 0.4552429E+01, 0.4590782E+01,
 0.3120000E+02, 0.5233472E+01, 0.4588620E+01, 0.4552466E+01, 0.4590820E+01,
 0.3122000E+02, 0.5233521E+01, 0.4588658E+01, 0.4552504E+01, 0.4590858E+01,
 0.3124000E+02, 0.5233571E+01, 0.4588696E+01, 0.4552541E+01, 0.4590896E+01,
 0.3126000E+02, 0.5233619E+01, 0.4588733E+01, 0.4552577E+01, 0.4590934E+01,
 0.3128000E+02, 0.5233666E+01, 0.4588770E+01, 0.4552614E+01, 0.4590971E+01,
 0.3130000E+02, 0.5233714E+01, 0.4588807E+01, 0.4552649E+01, 0.4591008E+01,
 0.3132000E+02, 0.5233761E+01, 0.4588843E+01, 0.4552685E+01, 0.4591044E+01,
 0.3134000E+02, 0.5233808E+01, 0.4588879E+01, 0.4552721E+01, 0.4591081E+01,
 0.3136000E+02, 0.5233854E+01, 0.4588915E+01, 0.4552755E+01, 0.4591116E+01,
 0.3138000E+02, 0.5233900E+01, 0.4588950E+01, 0.4552790E+01, 0.4591152E+01,
 0.3140000E+02, 0.5233945E+01, 0.4588985E+01, 0.4552824E+01, 0.4591187E+01,
 0.3142000E+02, 0.5233990E+01, 0.4589020E+01, 0.4552858E+01, 0.4591222E+01,
 0.3144000E+02, 0.5234034E+01, 0.4589054E+01, 0.4552892E+01, 0.4591257E+01,
 0.3146000E+02, 0.5234078E+01, 0.4589088E+01, 0.4552925E+01, 0.4591290E+01,
 0.3148000E+02, 0.5234122E+01, 0.4589122E+01, 0.4552958E+01, 0.4591324E+01,
 0.3150000E+02, 0.5234165E+01, 0.4589155E+01, 0.4552991E+01, 0.4591358E+01,
 0.3152000E+02, 0.5234208E+01, 0.4589188E+01, 0.4553023E+01, 0.4591392E+01,
 0.3154000E+02, 0.5234251E+01, 0.4589221E+01, 0.4553056E+01, 0.4591424E+01,
 0.3156000E+02, 0.5234293E+01, 0.4589253E+01, 0.4553088E+01, 0.4591457E+01,
 0.3158000E+02, 0.5234334E+01, 0.4589285E+01, 0.4553119E+01, 0.4591489E+01,
 0.3160000E+02, 0.5234375E+01, 0.4589317E+01, 0.4553151E+01, 0.4591522E+01,
 0.3162000E+02, 0.5234416E+01, 0.4589349E+01, 0.4553182E+01, 0.4591553E+01,
 0.3164000E+02, 0.5234457E+01, 0.4589380E+01, 0.4553212E+01, 0.4591585E+01,
 0.3166000E+02, 0.5234497E+01, 0.4589411E+01, 0.4553243E+01, 0.4591616E+01,
 0.3168000E+02, 0.5234537E+01, 0.4589442E+01, 0.4553273E+01, 0.4591647E+01,
 0.3170000E+02, 0.5234577E+01, 0.4589473E+01, 0.4553303E+01, 0.4591678E+01,
 0.3172000E+02, 0.5234616E+01, 0.4589503E+01, 0.4553332E+01, 0.4591708E+01,
 0.3174000E+02, 0.5234654E+01, 0.4589532E+01, 0.4553361E+01, 0.4591738E+01,
 0.3176000E+02, 0.5234693E+01, 0.4589562E+01, 0.4553391E+01, 0.4591768E+01,
 0.3178000E+02, 0.5234731E+01, 0.4589592E+01, 0.4553420E+01, 0.4591797E+01,
 0.3180000E+02, 0.5234768E+01, 0.4589621E+01, 0.4553448E+01, 0.4591827E+01,
 0.3182000E+02, 0.5234806E+01, 0.4589649E+01, 0.4553476E+01, 0.4591856E+01,
 0.3184000E+02, 0.5234843E+01, 0.4589678E+01, 0.4553504E+01, 0.4591885E+01,
 0.3186000E+02, 0.5234879E+01, 0.4589706E+01, 0.4553532E+01, 0.4591913E+01,
 0.3188000E+02, 0.5234916E+01, 0.4589734E+01, 0.4553559E+01, 0.4591941E+01,
 0.3190000E+02, 0.5234951E+01, 0.4589762E+01, 0.4553586E+01, 0.4591969E+01,
 0.3192000E+02, 0.5234987E+01, 0.4589789E+01, 0.4553614E+01, 0.4591997E+01,
 0.3194000E+02, 0.5235023E+01, 0.4589817E+01, 0.4553640E+01, 0.4592024E+01,
 0.3196000E+02, 0.5235057E+01, 0.4589844E+01, 0.4553667E+01, 0.4592052E+01,
 0.3198000E+02, 0.5235092E+01, 0.4589870E+01, 0.4553693E+01, 0.4592078E+01,
 0.3200000E+02, 0.5235126E+01, 0.4589897E+01, 0.4553719E+01, 0.4592105E+01,
 0.3202000E+02, 0.5235161E+01, 0.4589923E+01, 0.4553745E+01, 0.4592131E+01,
 0.3204000E+02, 0.5235194E+01, 0.4589949E+01, 0.4553771E+01, 0.4592157E+01,
 0.3206000E+02, 0.5235228E+01, 0.4589975E+01, 0.4553796E+01, 0.4592184E+01,
 0.3208000E+02, 0.5235261E+01, 0.4590001E+01, 0.4553821E+01, 0.4592209E+01,
 0.3210000E+02, 0.5235294E+01, 0.4590026E+01, 0.4553846E+01, 0.4592235E+01,
 0.3212000E+02, 0.5235326E+01, 0.4590051E+01, 0.4553870E+01, 0.4592260E+01,
 0.3214000E+02, 0.5235358E+01, 0.4590076E+01, 0.4553895E+01, 0.4592285E+01,
 0.3216000E+02, 0.5235390E+01, 0.4590101E+01, 0.4553919E+01, 0.4592309E+01,
 0.3218000E+02, 0.5235422E+01, 0.4590125E+01, 0.4553943E+01, 0.4592334E+01,
 0.3220000E+02, 0.5235453E+01, 0.4590149E+01, 0.4553967E+01, 0.4592359E+01,
 0.3222000E+02, 0.5235484E+01, 0.4590173E+01, 0.4553990E+01, 0.4592382E+01,
 0.3224000E+02, 0.5235515E+01, 0.4590197E+01, 0.4554013E+01, 0.4592407E+01,
 0.3226000E+02, 0.5235546E+01, 0.4590220E+01, 0.4554036E+01, 0.4592430E+01,
 0.3228000E+02, 0.5235576E+01, 0.4590244E+01, 0.4554059E+01, 0.4592453E+01,
 0.3230000E+02, 0.5235606E+01, 0.4590267E+01, 0.4554082E+01, 0.4592477E+01,
 0.3232000E+02, 0.5235635E+01, 0.4590290E+01, 0.4554104E+01, 0.4592500E+01,
 0.3234000E+02, 0.5235664E+01, 0.4590312E+01, 0.4554127E+01, 0.4592523E+01,
 0.3236000E+02, 0.5235693E+01, 0.4590335E+01, 0.4554149E+01, 0.4592546E+01,
 0.3238000E+02, 0.5235723E+01, 0.4590357E+01, 0.4554171E+01, 0.4592568E+01,
 0.3240000E+02, 0.5235751E+01, 0.4590379E+01, 0.4554192E+01, 0.4592590E+01,
 0.3242000E+02, 0.5235779E+01, 0.4590401E+01, 0.4554214E+01, 0.4592612E+01,
 0.3244000E+02, 0.5235807E+01, 0.4590423E+01, 0.4554235E+01, 0.4592634E+01,
 0.3246000E+02, 0.5235835E+01, 0.4590444E+01, 0.4554255E+01, 0.4592655E+01,
 0.3248000E+02, 0.5235863E+01, 0.4590465E+01, 0.4554276E+01, 0.4592677E+01,
 0.3250000E+02, 0.5235890E+01, 0.4590486E+01, 0.4554297E+01, 0.4592698E+01,
 0.3252000E+02, 0.5235917E+01, 0.4590507E+01, 0.4554317E+01, 0.4592719E+01,
 0.3254000E+02, 0.5235944E+01, 0.4590528E+01, 0.4554338E+01, 0.4592740E+01,
 0.3256000E+02, 0.5235970E+01, 0.4590548E+01, 0.4554358E+01, 0.4592760E+01,
 0.3258000E+02, 0.5235997E+01, 0.4590569E+01, 0.4554378E+01, 0.4592781E+01,
 0.3260000E+02, 0.5236022E+01, 0.4590589E+01, 0.4554398E+01, 0.4592801E+01,
 0.3262000E+02, 0.5236048E+01, 0.4590609E+01, 0.4554417E+01, 0.4592821E+01,
 0.3264000E+02, 0.5236074E+01, 0.4590628E+01, 0.4554437E+01, 0.4592841E+01,
 0.3266000E+02, 0.5236099E+01, 0.4590648E+01, 0.4554456E+01, 0.4592860E+01,
 0.3268000E+02, 0.5236125E+01, 0.4590667E+01, 0.4554475E+01, 0.4592880E+01,
 0.3270000E+02, 0.5236149E+01, 0.4590686E+01, 0.4554493E+01, 0.4592899E+01,
 0.3272000E+02, 0.5236174E+01, 0.4590705E+01, 0.4554512E+01, 0.4592918E+01,
 0.3274000E+02, 0.5236198E+01, 0.4590724E+01, 0.4554531E+01, 0.4592937E+01,
 0.3276000E+02, 0.5236223E+01, 0.4590743E+01, 0.4554549E+01, 0.4592956E+01,
 0.3278000E+02, 0.5236247E+01, 0.4590761E+01, 0.4554567E+01, 0.4592975E+01,
 0.3280000E+02, 0.5236270E+01, 0.4590780E+01, 0.4554585E+01, 0.4592993E+01,
 0.3282000E+02, 0.5236294E+01, 0.4590798E+01, 0.4554603E+01, 0.4593011E+01,
 0.3284000E+02, 0.5236317E+01, 0.4590816E+01, 0.4554621E+01, 0.4593029E+01,
 0.3286000E+02, 0.5236340E+01, 0.4590834E+01, 0.4554638E+01, 0.4593048E+01,
 0.3288000E+02, 0.5236363E+01, 0.4590851E+01, 0.4554656E+01, 0.4593065E+01,
 0.3290000E+02, 0.5236386E+01, 0.4590869E+01, 0.4554673E+01, 0.4593083E+01,
 0.3292000E+02, 0.5236408E+01, 0.4590886E+01, 0.4554690E+01, 0.4593100E+01,
 0.3294000E+02, 0.5236431E+01, 0.4590903E+01, 0.4554707E+01, 0.4593118E+01,
 0.3296000E+02, 0.5236453E+01, 0.4590920E+01, 0.4554723E+01, 0.4593135E+01,
 0.3298000E+02, 0.5236475E+01, 0.4590937E+01, 0.4554740E+01, 0.4593152E+01,
 0.3300000E+02, 0.5236496E+01, 0.4590954E+01, 0.4554756E+01, 0.4593168E+01,
 0.3302000E+02, 0.5236517E+01, 0.4590971E+01, 0.4554772E+01, 0.4593185E+01,
 0.3304000E+02, 0.5236539E+01, 0.4590987E+01, 0.4554789E+01, 0.4593202E+01,
 0.3306000E+02, 0.5236560E+01, 0.4591003E+01, 0.4554804E+01, 0.4593218E+01,
 0.3308000E+02, 0.5236581E+01, 0.4591019E+01, 0.4554820E+01, 0.4593234E+01,
 0.3310000E+02, 0.5236601E+01, 0.4591035E+01, 0.4554836E+01, 0.4593250E+01,
 0.3312000E+02, 0.5236622E+01, 0.4591051E+01, 0.4554852E+01, 0.4593266E+01,
 0.3314000E+02, 0.5236642E+01, 0.4591067E+01, 0.4554867E+01, 0.4593282E+01,
 0.3316000E+02, 0.5236662E+01, 0.4591082E+01, 0.4554882E+01, 0.4593297E+01,
 0.3318000E+02, 0.5236682E+01, 0.4591098E+01, 0.4554897E+01, 0.4593313E+01,
 0.3320000E+02, 0.5236702E+01, 0.4591113E+01, 0.4554912E+01, 0.4593328E+01,
 0.3322000E+02, 0.5236722E+01, 0.4591128E+01, 0.4554927E+01, 0.4593344E+01,
 0.3324000E+02, 0.5236741E+01, 0.4591143E+01, 0.4554942E+01, 0.4593359E+01,
 0.3326000E+02, 0.5236760E+01, 0.4591158E+01, 0.4554956E+01, 0.4593374E+01,
 0.3328000E+02, 0.5236779E+01, 0.4591172E+01, 0.4554971E+01, 0.4593389E+01,
 0.3330000E+02, 0.5236798E+01, 0.4591187E+01, 0.4554985E+01, 0.4593403E+01,
 0.3332000E+02, 0.5236817E+01, 0.4591201E+01, 0.4554999E+01, 0.4593418E+01,
 0.3334000E+02, 0.5236835E+01, 0.4591216E+01, 0.4555013E+01, 0.4593432E+01,
 0.3336000E+02, 0.5236854E+01, 0.4591230E+01, 0.4555027E+01, 0.4593446E+01,
 0.3338000E+02, 0.5236872E+01, 0.4591244E+01, 0.4555040E+01, 0.4593460E+01,
 0.3340000E+02, 0.5236890E+01, 0.4591258E+01, 0.4555054E+01, 0.4593474E+01,
 0.3342000E+02, 0.5236907E+01, 0.4591271E+01, 0.4555068E+01, 0.4593488E+01,
 0.3344000E+02, 0.5236925E+01, 0.4591285E+01, 0.4555081E+01, 0.4593502E+01,
 0.3346000E+02, 0.5236943E+01, 0.4591299E+01, 0.4555094E+01, 0.4593515E+01,
 0.3348000E+02, 0.5236960E+01, 0.4591312E+01, 0.4555108E+01, 0.4593529E+01,
 0.3350000E+02, 0.5236977E+01, 0.4591325E+01, 0.4555120E+01, 0.4593542E+01,
 0.3352000E+02, 0.5236994E+01, 0.4591339E+01, 0.4555133E+01, 0.4593555E+01,
 0.3354000E+02, 0.5237011E+01, 0.4591352E+01, 0.4555146E+01, 0.4593568E+01,
 0.3356000E+02, 0.5237028E+01, 0.4591364E+01, 0.4555159E+01, 0.4593582E+01,
 0.3358000E+02, 0.5237044E+01, 0.4591377E+01, 0.4555171E+01, 0.4593595E+01,
 0.3360000E+02, 0.5237061E+01, 0.4591390E+01, 0.4555184E+01, 0.4593607E+01,
 0.3362000E+02, 0.5237077E+01, 0.4591403E+01, 0.4555196E+01, 0.4593620E+01,
 0.3364000E+02, 0.5237093E+01, 0.4591415E+01, 0.4555208E+01, 0.4593632E+01,
 0.3366000E+02, 0.5237109E+01, 0.4591427E+01, 0.4555221E+01, 0.4593645E+01,
 0.3368000E+02, 0.5237125E+01, 0.4591439E+01, 0.4555233E+01, 0.4593657E+01,
 0.3370000E+02, 0.5237141E+01, 0.4591452E+01, 0.4555244E+01, 0.4593669E+01,
 0.3372000E+02, 0.5237156E+01, 0.4591464E+01, 0.4555256E+01, 0.4593681E+01,
 0.3374000E+02, 0.5237172E+01, 0.4591475E+01, 0.4555268E+01, 0.4593693E+01,
 0.3376000E+02, 0.5237187E+01, 0.4591487E+01, 0.4555279E+01, 0.4593705E+01,
 0.3378000E+02, 0.5237202E+01, 0.4591499E+01, 0.4555291E+01, 0.4593717E+01,
 0.3380000E+02, 0.5237217E+01, 0.4591510E+01, 0.4555302E+01, 0.4593729E+01,
 0.3382000E+02, 0.5237232E+01, 0.4591522E+01, 0.4555313E+01, 0.4593740E+01,
 0.3384000E+02, 0.5237247E+01, 0.4591533E+01, 0.4555325E+01, 0.4593751E+01,
 0.3386000E+02, 0.5237261E+01, 0.4591544E+01, 0.4555336E+01, 0.4593762E+01,
 0.3388000E+02, 0.5237276E+01, 0.4591556E+01, 0.4555346E+01, 0.4593774E+01,
 0.3390000E+02, 0.5237290E+01, 0.4591567E+01, 0.4555357E+01, 0.4593785E+01,
 0.3392000E+02, 0.5237304E+01, 0.4591578E+01, 0.4555368E+01, 0.4593796E+01,
 0.3394000E+02, 0.5237318E+01, 0.4591588E+01, 0.4555378E+01, 0.4593807E+01,
 0.3396000E+02, 0.5237332E+01, 0.4591599E+01, 0.4555389E+01, 0.4593818E+01,
 0.3398000E+02, 0.5237346E+01, 0.4591609E+01, 0.4555399E+01, 0.4593828E+01,
 0.3400000E+02, 0.5237360E+01, 0.4591620E+01, 0.4555410E+01, 0.4593839E+01,
 0.3402000E+02, 0.5237373E+01, 0.4591630E+01, 0.4555420E+01, 0.4593850E+01,
 0.3404000E+02, 0.5237386E+01, 0.4591641E+01, 0.4555430E+01, 0.4593860E+01,
 0.3406000E+02, 0.5237400E+01, 0.4591651E+01, 0.4555440E+01, 0.4593870E+01,
 0.3408000E+02, 0.5237413E+01, 0.4591661E+01, 0.4555450E+01, 0.4593880E+01,
 0.3410000E+02, 0.5237426E+01, 0.4591671E+01, 0.4555460E+01, 0.4593891E+01,
 0.3412000E+02, 0.5237439E+01, 0.4591681E+01, 0.4555470E+01, 0.4593901E+01,
 0.3414000E+02, 0.5237452E+01, 0.4591691E+01, 0.4555480E+01, 0.4593910E+01,
 0.3416000E+02, 0.5237464E+01, 0.4591701E+01, 0.4555489E+01, 0.4593920E+01,
 0.3418000E+02, 0.5237477E+01, 0.4591711E+01, 0.4555499E+01, 0.4593930E+01,
 0.3420000E+02, 0.5237489E+01, 0.4591720E+01, 0.4555508E+01, 0.4593940E+01,
 0.3422000E+02, 0.5237502E+01, 0.4591730E+01, 0.4555517E+01, 0.4593949E+01,
 0.3424000E+02, 0.5237514E+01, 0.4591739E+01, 0.4555527E+01, 0.4593959E+01,
 0.3426000E+02, 0.5237526E+01, 0.4591749E+01, 0.4555536E+01, 0.4593968E+01,
 0.3428000E+02, 0.5237538E+01, 0.4591758E+01, 0.4555545E+01, 0.4593977E+01,
 0.3430000E+02, 0.5237550E+01, 0.4591767E+01, 0.4555554E+01, 0.4593987E+01,
 0.3432000E+02, 0.5237562E+01, 0.4591776E+01, 0.4555563E+01, 0.4593996E+01,
 0.3434000E+02, 0.5237573E+01, 0.4591785E+01, 0.4555572E+01, 0.4594005E+01,
 0.3436000E+02, 0.5237585E+01, 0.4591794E+01, 0.4555581E+01, 0.4594014E+01,
 0.3438000E+02, 0.5237596E+01, 0.4591803E+01, 0.4555589E+01, 0.4594023E+01,
 0.3440000E+02, 0.5237607E+01, 0.4591812E+01, 0.4555598E+01, 0.4594032E+01,
 0.3442000E+02, 0.5237619E+01, 0.4591820E+01, 0.4555606E+01, 0.4594040E+01,
 0.3444000E+02, 0.5237630E+01, 0.4591829E+01, 0.4555614E+01, 0.4594049E+01,
 0.3446000E+02, 0.5237641E+01, 0.4591837E+01, 0.4555623E+01, 0.4594058E+01,
 0.3448000E+02, 0.5237652E+01, 0.4591846E+01, 0.4555631E+01, 0.4594066E+01,
 0.3450000E+02, 0.5237663E+01, 0.4591854E+01, 0.4555639E+01, 0.4594075E+01,
 0.3452000E+02, 0.5237673E+01, 0.4591863E+01, 0.4555647E+01, 0.4594083E+01,
 0.3454000E+02, 0.5237684E+01, 0.4591871E+01, 0.4555655E+01, 0.4594091E+01,
 0.3456000E+02, 0.5237695E+01, 0.4591879E+01, 0.4555664E+01, 0.4594099E+01,
 0.3458000E+02, 0.5237705E+01, 0.4591887E+01, 0.4555672E+01, 0.4594107E+01,
 0.3460000E+02, 0.5237715E+01, 0.4591895E+01, 0.4555679E+01, 0.4594115E+01,
 0.3462000E+02, 0.5237726E+01, 0.4591903E+01, 0.4555687E+01, 0.4594123E+01,
 0.3464000E+02, 0.5237736E+01, 0.4591911E+01, 0.4555695E+01, 0.4594131E+01,
 0.3466000E+02, 0.5237746E+01, 0.4591918E+01, 0.4555703E+01, 0.4594139E+01,
 0.3468000E+02, 0.5237756E+01, 0.4591926E+01, 0.4555710E+01, 0.4594147E+01,
 0.3470000E+02, 0.5237766E+01, 0.4591934E+01, 0.4555717E+01, 0.4594154E+01,
 0.3472000E+02, 0.5237776E+01, 0.4591941E+01, 0.4555725E+01, 0.4594162E+01,
 0.3474000E+02, 0.5237785E+01, 0.4591949E+01, 0.4555732E+01, 0.4594170E+01,
 0.3476000E+02, 0.5237795E+01, 0.4591956E+01, 0.4555739E+01, 0.4594177E+01,
 0.3478000E+02, 0.5237804E+01, 0.4591963E+01, 0.4555747E+01, 0.4594184E+01,
 0.3480000E+02, 0.5237814E+01, 0.4591971E+01, 0.4555754E+01, 0.4594192E+01,
 0.3482000E+02, 0.5237823E+01, 0.4591978E+01, 0.4555761E+01, 0.4594199E+01,
 0.3484000E+02, 0.5237833E+01, 0.4591985E+01, 0.4555768E+01, 0.4594206E+01,
 0.3486000E+02, 0.5237842E+01, 0.4591992E+01, 0.4555775E+01, 0.4594213E+01,
 0.3488000E+02, 0.5237851E+01, 0.4591999E+01, 0.4555782E+01, 0.4594221E+01,
 0.3490000E+02, 0.5237860E+01, 0.4592006E+01, 0.4555789E+01, 0.4594227E+01,
 0.3492000E+02, 0.5237869E+01, 0.4592013E+01, 0.4555795E+01, 0.4594234E+01,
 0.3494000E+02, 0.5237877E+01, 0.4592020E+01, 0.4555802E+01, 0.4594241E+01,
 0.3496000E+02, 0.5237886E+01, 0.4592027E+01, 0.4555809E+01, 0.4594248E+01,
 0.3498000E+02, 0.5237895E+01, 0.4592033E+01, 0.4555815E+01, 0.4594255E+01,
 0.3500000E+02, 0.5237904E+01, 0.4592040E+01, 0.4555822E+01, 0.4594262E+01,
 0.3500000E+02, 0.5237904E+01, 0.4592040E+01, 0.4555822E+01, 0.4594262E+01,
 0.3502000E+02, 0.5237912E+01, 0.4592047E+01, 0.4555828E+01, 0.4594268E+01,
 0.3504000E+02, 0.5237920E+01, 0.4592053E+01, 0.4555835E+01, 0.4594275E+01,
 0.3506000E+02, 0.5237929E+01, 0.4592060E+01, 0.4555841E+01, 0.4594281E+01,
 0.3508000E+02, 0.5237937E+01, 0.4592066E+01, 0.4555847E+01, 0.4594287E+01,
 0.3510000E+02, 0.5237946E+01, 0.4592072E+01, 0.4555853E+01, 0.4594294E+01,
 0.3512000E+02, 0.5237954E+01, 0.4592079E+01, 0.4555860E+01, 0.4594300E+01,
 0.3514000E+02, 0.5237962E+01, 0.4592085E+01, 0.4555866E+01, 0.4594306E+01,
 0.3516000E+02, 0.5237969E+01, 0.4592091E+01, 0.4555872E+01, 0.4594313E+01,
 0.3518000E+02, 0.5237978E+01, 0.4592097E+01, 0.4555878E+01, 0.4594319E+01,
 0.3520000E+02, 0.5237985E+01, 0.4592103E+01, 0.4555884E+01, 0.4594325E+01,
 0.3522000E+02, 0.5237993E+01, 0.4592109E+01, 0.4555890E+01, 0.4594331E+01,
 0.3524000E+02, 0.5238001E+01, 0.4592115E+01, 0.4555895E+01, 0.4594337E+01,
 0.3526000E+02, 0.5238008E+01, 0.4592121E+01, 0.4555901E+01, 0.4594343E+01,
 0.3528000E+02, 0.5238016E+01, 0.4592127E+01, 0.4555907E+01, 0.4594349E+01,
 0.3530000E+02, 0.5238023E+01, 0.4592133E+01, 0.4555912E+01, 0.4594355E+01,
 0.3532000E+02, 0.5238031E+01, 0.4592138E+01, 0.4555918E+01, 0.4594360E+01,
 0.3534000E+02, 0.5238038E+01, 0.4592144E+01, 0.4555924E+01, 0.4594366E+01,
 0.3536000E+02, 0.5238046E+01, 0.4592150E+01, 0.4555929E+01, 0.4594372E+01,
 0.3538000E+02, 0.5238053E+01, 0.4592155E+01, 0.4555935E+01, 0.4594378E+01,
 0.3540000E+02, 0.5238060E+01, 0.4592161E+01, 0.4555940E+01, 0.4594383E+01,
 0.3542000E+02, 0.5238067E+01, 0.4592166E+01, 0.4555945E+01, 0.4594388E+01,
 0.3544000E+02, 0.5238074E+01, 0.4592172E+01, 0.4555951E+01, 0.4594394E+01,
 0.3546000E+02, 0.5238081E+01, 0.4592177E+01, 0.4555956E+01, 0.4594399E+01,
 0.3548000E+02, 0.5238088E+01, 0.4592182E+01, 0.4555962E+01, 0.4594405E+01,
 0.3550000E+02, 0.5238095E+01, 0.4592187E+01, 0.4555966E+01, 0.4594410E+01,
 0.3552000E+02, 0.5238101E+01, 0.4592193E+01, 0.4555972E+01, 0.4594415E+01,
 0.3554000E+02, 0.5238108E+01, 0.4592198E+01, 0.4555977E+01, 0.4594420E+01,
 0.3556000E+02, 0.5238115E+01, 0.4592203E+01, 0.4555982E+01, 0.4594426E+01,
 0.3558000E+02, 0.5238122E+01, 0.4592208E+01, 0.4555987E+01, 0.4594431E+01,
 0.3560000E+02, 0.5238128E+01, 0.4592213E+01, 0.4555992E+01, 0.4594436E+01,
 0.3562000E+02, 0.5238134E+01, 0.4592218E+01, 0.4555996E+01, 0.4594441E+01,
 0.3564000E+02, 0.5238141E+01, 0.4592223E+01, 0.4556002E+01, 0.4594446E+01,
 0.3566000E+02, 0.5238147E+01, 0.4592228E+01, 0.4556006E+01, 0.4594450E+01,
 0.3568000E+02, 0.5238153E+01, 0.4592233E+01, 0.4556011E+01, 0.4594456E+01,
 0.3570000E+02, 0.5238160E+01, 0.4592237E+01, 0.4556015E+01, 0.4594460E+01,
 0.3572000E+02, 0.5238166E+01, 0.4592242E+01, 0.4556020E+01, 0.4594465E+01,
 0.3574000E+02, 0.5238172E+01, 0.4592247E+01, 0.4556025E+01, 0.4594470E+01,
 0.3576000E+02, 0.5238178E+01, 0.4592252E+01, 0.4556030E+01, 0.4594475E+01,
 0.3578000E+02, 0.5238184E+01, 0.4592257E+01, 0.4556034E+01, 0.4594479E+01,
 0.3580000E+02, 0.5238190E+01, 0.4592261E+01, 0.4556039E+01, 0.4594484E+01,
 0.3582000E+02, 0.5238196E+01, 0.4592266E+01, 0.4556043E+01, 0.4594489E+01,
 0.3584000E+02, 0.5238202E+01, 0.4592270E+01, 0.4556047E+01, 0.4594493E+01,
 0.3586000E+02, 0.5238207E+01, 0.4592275E+01, 0.4556052E+01, 0.4594498E+01,
 0.3588000E+02, 0.5238213E+01, 0.4592279E+01, 0.4556056E+01, 0.4594502E+01,
 0.3590000E+02, 0.5238219E+01, 0.4592283E+01, 0.4556060E+01, 0.4594506E+01,
 0.3592000E+02, 0.5238225E+01, 0.4592288E+01, 0.4556065E+01, 0.4594511E+01,
 0.3594000E+02, 0.5238230E+01, 0.4592292E+01, 0.4556069E+01, 0.4594515E+01,
 0.3596000E+02, 0.5238235E+01, 0.4592296E+01, 0.4556073E+01, 0.4594519E+01,
 0.3598000E+02, 0.5238241E+01, 0.4592300E+01, 0.4556077E+01, 0.4594523E+01,
 0.3600000E+02, 0.5238246E+01, 0.4592305E+01, 0.4556081E+01, 0.4594528E+01,
 0.3602000E+02, 0.5238252E+01, 0.4592309E+01, 0.4556086E+01, 0.4594532E+01,
 0.3604000E+02, 0.5238257E+01, 0.4592313E+01, 0.4556089E+01, 0.4594536E+01,
 0.3606000E+02, 0.5238263E+01, 0.4592317E+01, 0.4556094E+01, 0.4594540E+01,
 0.3608000E+02, 0.5238268E+01, 0.4592321E+01, 0.4556098E+01, 0.4594544E+01,
 0.3610000E+02, 0.5238273E+01, 0.4592325E+01, 0.4556101E+01, 0.4594548E+01,
 0.3612000E+02, 0.5238278E+01, 0.4592329E+01, 0.4556105E+01, 0.4594553E+01,
 0.3614000E+02, 0.5238283E+01, 0.4592333E+01, 0.4556109E+01, 0.4594556E+01,
 0.3616000E+02, 0.5238288E+01, 0.4592337E+01, 0.4556113E+01, 0.4594560E+01,
 0.3618000E+02, 0.5238293E+01, 0.4592340E+01, 0.4556117E+01, 0.4594564E+01,
 0.3620000E+02, 0.5238298E+01, 0.4592344E+01, 0.4556120E+01, 0.4594568E+01,
 0.3622000E+02, 0.5238303E+01, 0.4592348E+01, 0.4556124E+01, 0.4594572E+01,
 0.3624000E+02, 0.5238308E+01, 0.4592352E+01, 0.4556128E+01, 0.4594575E+01,
 0.3626000E+02, 0.5238313E+01, 0.4592356E+01, 0.4556131E+01, 0.4594579E+01,
 0.3628000E+02, 0.5238317E+01, 0.4592360E+01, 0.4556135E+01, 0.4594583E+01,
 0.3630000E+02, 0.5238322E+01, 0.4592363E+01, 0.4556139E+01, 0.4594586E+01,
 0.3632000E+02, 0.5238327E+01, 0.4592367E+01, 0.4556142E+01, 0.4594590E+01,
 0.3634000E+02, 0.5238331E+01, 0.4592370E+01, 0.4556146E+01, 0.4594594E+01,
 0.3636000E+02, 0.5238336E+01, 0.4592374E+01, 0.4556149E+01, 0.4594597E+01,
 0.3638000E+02, 0.5238340E+01, 0.4592377E+01, 0.4556153E+01, 0.4594601E+01,
 0.3640000E+02, 0.5238345E+01, 0.4592381E+01, 0.4556156E+01, 0.4594604E+01,
 0.3642000E+02, 0.5238349E+01, 0.4592384E+01, 0.4556159E+01, 0.4594608E+01,
 0.3644000E+02, 0.5238354E+01, 0.4592388E+01, 0.4556163E+01, 0.4594611E+01,
 0.3646000E+02, 0.5238358E+01, 0.4592391E+01, 0.4556166E+01, 0.4594615E+01,
 0.3648000E+02, 0.5238363E+01, 0.4592394E+01, 0.4556170E+01, 0.4594618E+01,
 0.3650000E+02, 0.5238367E+01, 0.4592398E+01, 0.4556173E+01, 0.4594621E+01,
 0.3652000E+02, 0.5238371E+01, 0.4592401E+01, 0.4556176E+01, 0.4594625E+01,
 0.3654000E+02, 0.5238376E+01, 0.4592404E+01, 0.4556179E+01, 0.4594628E+01,
 0.3656000E+02, 0.5238379E+01, 0.4592407E+01, 0.4556182E+01, 0.4594631E+01,
 0.3658000E+02, 0.5238384E+01, 0.4592411E+01, 0.4556185E+01, 0.4594635E+01,
 0.3660000E+02, 0.5238388E+01, 0.4592414E+01, 0.4556189E+01, 0.4594638E+01,
 0.3662000E+02, 0.5238392E+01, 0.4592417E+01, 0.4556191E+01, 0.4594641E+01,
 0.3664000E+02, 0.5238396E+01, 0.4592420E+01, 0.4556195E+01, 0.4594644E+01,
 0.3666000E+02, 0.5238400E+01, 0.4592423E+01, 0.4556198E+01, 0.4594647E+01,
 0.3668000E+02, 0.5238404E+01, 0.4592426E+01, 0.4556201E+01, 0.4594650E+01,
 0.3670000E+02, 0.5238408E+01, 0.4592429E+01, 0.4556204E+01, 0.4594653E+01,
 0.3672000E+02, 0.5238412E+01, 0.4592432E+01, 0.4556207E+01, 0.4594656E+01,
 0.3674000E+02, 0.5238416E+01, 0.4592435E+01, 0.4556210E+01, 0.4594659E+01,
 0.3676000E+02, 0.5238420E+01, 0.4592438E+01, 0.4556212E+01, 0.4594662E+01,
 0.3678000E+02, 0.5238423E+01, 0.4592441E+01, 0.4556215E+01, 0.4594665E+01,
 0.3680000E+02, 0.5238427E+01, 0.4592444E+01, 0.4556218E+01, 0.4594668E+01,
 0.3682000E+02, 0.5238431E+01, 0.4592447E+01, 0.4556221E+01, 0.4594671E+01,
 0.3684000E+02, 0.5238434E+01, 0.4592450E+01, 0.4556224E+01, 0.4594674E+01,
 0.3686000E+02, 0.5238438E+01, 0.4592453E+01, 0.4556226E+01, 0.4594676E+01,
 0.3688000E+02, 0.5238441E+01, 0.4592455E+01, 0.4556229E+01, 0.4594679E+01,
 0.3690000E+02, 0.5238445E+01, 0.4592458E+01, 0.4556232E+01, 0.4594682E+01,
 0.3692000E+02, 0.5238449E+01, 0.4592461E+01, 0.4556235E+01, 0.4594685E+01,
 0.3694000E+02, 0.5238452E+01, 0.4592463E+01, 0.4556237E+01, 0.4594687E+01,
 0.3696000E+02, 0.5238456E+01, 0.4592466E+01, 0.4556240E+01, 0.4594690E+01,
 0.3698000E+02, 0.5238459E+01, 0.4592469E+01, 0.4556242E+01, 0.4594693E+01,
 0.3700000E+02, 0.5238462E+01, 0.4592472E+01, 0.4556245E+01, 0.4594696E+01,
 0.3702000E+02, 0.5238466E+01, 0.4592474E+01, 0.4556248E+01, 0.4594698E+01,
 0.3704000E+02, 0.5238470E+01, 0.4592477E+01, 0.4556250E+01, 0.4594701E+01,
 0.3706000E+02, 0.5238473E+01, 0.4592479E+01, 0.4556253E+01, 0.4594704E+01,
 0.3708000E+02, 0.5238476E+01, 0.4592482E+01, 0.4556255E+01, 0.4594706E+01,
 0.3710000E+02, 0.5238479E+01, 0.4592484E+01, 0.4556258E+01, 0.4594708E+01,
 0.3712000E+02, 0.5238482E+01, 0.4592487E+01, 0.4556260E+01, 0.4594711E+01,
 0.3714000E+02, 0.5238486E+01, 0.4592489E+01, 0.4556262E+01, 0.4594714E+01,
 0.3716000E+02, 0.5238489E+01, 0.4592492E+01, 0.4556265E+01, 0.4594716E+01,
 0.3718000E+02, 0.5238492E+01, 0.4592494E+01, 0.4556267E+01, 0.4594718E+01,
 0.3720000E+02, 0.5238495E+01, 0.4592496E+01, 0.4556270E+01, 0.4594721E+01,
 0.3722000E+02, 0.5238498E+01, 0.4592499E+01, 0.4556272E+01, 0.4594723E+01,
 0.3724000E+02, 0.5238501E+01, 0.4592501E+01, 0.4556274E+01, 0.4594726E+01,
 0.3726000E+02, 0.5238504E+01, 0.4592504E+01, 0.4556277E+01, 0.4594728E+01,
 0.3728000E+02, 0.5238507E+01, 0.4592506E+01, 0.4556279E+01, 0.4594730E+01,
 0.3730000E+02, 0.5238510E+01, 0.4592508E+01, 0.4556281E+01, 0.4594733E+01,
 0.3732000E+02, 0.5238513E+01, 0.4592511E+01, 0.4556283E+01, 0.4594735E+01,
 0.3734000E+02, 0.5238516E+01, 0.4592513E+01, 0.4556286E+01, 0.4594737E+01,
 0.3736000E+02, 0.5238519E+01, 0.4592515E+01, 0.4556288E+01, 0.4594739E+01,
 0.3738000E+02, 0.5238522E+01, 0.4592517E+01, 0.4556290E+01, 0.4594742E+01,
 0.3740000E+02, 0.5238525E+01, 0.4592519E+01, 0.4556292E+01, 0.4594744E+01,
 0.3742000E+02, 0.5238528E+01, 0.4592522E+01, 0.4556294E+01, 0.4594746E+01,
 0.3744000E+02, 0.5238530E+01, 0.4592524E+01, 0.4556296E+01, 0.4594748E+01,
 0.3746000E+02, 0.5238533E+01, 0.4592526E+01, 0.4556298E+01, 0.4594750E+01,
 0.3748000E+02, 0.5238536E+01, 0.4592528E+01, 0.4556301E+01, 0.4594752E+01,
 0.3750000E+02, 0.5238539E+01, 0.4592530E+01, 0.4556303E+01, 0.4594755E+01,
 0.3752000E+02, 0.5238541E+01, 0.4592532E+01, 0.4556304E+01, 0.4594757E+01,
 0.3754000E+02, 0.5238544E+01, 0.4592534E+01, 0.4556307E+01, 0.4594759E+01,
 0.3756000E+02, 0.5238546E+01, 0.4592536E+01, 0.4556309E+01, 0.4594761E+01,
 0.3758000E+02, 0.5238549E+01, 0.4592538E+01, 0.4556311E+01, 0.4594763E+01,
 0.3760000E+02, 0.5238552E+01, 0.4592540E+01, 0.4556313E+01, 0.4594765E+01,
 0.3762000E+02, 0.5238554E+01, 0.4592542E+01, 0.4556314E+01, 0.4594767E+01,
 0.3764000E+02, 0.5238557E+01, 0.4592544E+01, 0.4556316E+01, 0.4594769E+01,
 0.3766000E+02, 0.5238559E+01, 0.4592546E+01, 0.4556318E+01, 0.4594771E+01,
 0.3768000E+02, 0.5238562E+01, 0.4592548E+01, 0.4556320E+01, 0.4594773E+01,
 0.3770000E+02, 0.5238564E+01, 0.4592550E+01, 0.4556322E+01, 0.4594775E+01,
 0.3772000E+02, 0.5238567E+01, 0.4592552E+01, 0.4556324E+01, 0.4594777E+01,
 0.3774000E+02, 0.5238569E+01, 0.4592554E+01, 0.4556326E+01, 0.4594779E+01,
 0.3776000E+02, 0.5238572E+01, 0.4592556E+01, 0.4556328E+01, 0.4594780E+01,
 0.3778000E+02, 0.5238574E+01, 0.4592557E+01, 0.4556329E+01, 0.4594782E+01,
 0.3780000E+02, 0.5238576E+01, 0.4592559E+01, 0.4556331E+01, 0.4594784E+01,
 0.3782000E+02, 0.5238579E+01, 0.4592561E+01, 0.4556333E+01, 0.4594786E+01,
 0.3784000E+02, 0.5238581E+01, 0.4592563E+01, 0.4556335E+01, 0.4594788E+01,
 0.3786000E+02, 0.5238584E+01, 0.4592565E+01, 0.4556336E+01, 0.4594790E+01,
 0.3788000E+02, 0.5238585E+01, 0.4592566E+01, 0.4556338E+01, 0.4594791E+01,
 0.3790000E+02, 0.5238588E+01, 0.4592568E+01, 0.4556340E+01, 0.4594793E+01,
 0.3792000E+02, 0.5238590E+01, 0.4592570E+01, 0.4556342E+01, 0.4594795E+01,
 0.3794000E+02, 0.5238592E+01, 0.4592572E+01, 0.4556343E+01, 0.4594796E+01,
 0.3796000E+02, 0.5238595E+01, 0.4592573E+01, 0.4556345E+01, 0.4594798E+01,
 0.3798000E+02, 0.5238597E+01, 0.4592575E+01, 0.4556346E+01, 0.4594800E+01,
 0.3800000E+02, 0.5238599E+01, 0.4592577E+01, 0.4556348E+01, 0.4594801E+01,
 0.3802000E+02, 0.5238601E+01, 0.4592578E+01, 0.4556350E+01, 0.4594803E+01,
 0.3804000E+02, 0.5238603E+01, 0.4592580E+01, 0.4556352E+01, 0.4594805E+01,
 0.3806000E+02, 0.5238605E+01, 0.4592581E+01, 0.4556353E+01, 0.4594806E+01,
 0.3808000E+02, 0.5238607E+01, 0.4592583E+01, 0.4556355E+01, 0.4594808E+01,
 0.3810000E+02, 0.5238609E+01, 0.4592585E+01, 0.4556356E+01, 0.4594810E+01,
 0.3812000E+02, 0.5238611E+01, 0.4592586E+01, 0.4556358E+01, 0.4594811E+01,
 0.3814000E+02, 0.5238614E+01, 0.4592588E+01, 0.4556359E+01, 0.4594813E+01,
 0.3816000E+02, 0.5238616E+01, 0.4592589E+01, 0.4556361E+01, 0.4594814E+01,
 0.3818000E+02, 0.5238617E+01, 0.4592591E+01, 0.4556362E+01, 0.4594816E+01,
 0.3820000E+02, 0.5238619E+01, 0.4592592E+01, 0.4556364E+01, 0.4594817E+01,
 0.3822000E+02, 0.5238621E+01, 0.4592594E+01, 0.4556365E+01, 0.4594819E+01,
 0.3824000E+02, 0.5238623E+01, 0.4592596E+01, 0.4556366E+01, 0.4594820E+01,
 0.3826000E+02, 0.5238625E+01, 0.4592597E+01, 0.4556368E+01, 0.4594822E+01,
 0.3828000E+02, 0.5238627E+01, 0.4592598E+01, 0.4556370E+01, 0.4594823E+01,
 0.3830000E+02, 0.5238629E+01, 0.4592600E+01, 0.4556371E+01, 0.4594825E+01,
 0.3832000E+02, 0.5238631E+01, 0.4592601E+01, 0.4556372E+01, 0.4594826E+01,
 0.3834000E+02, 0.5238633E+01, 0.4592603E+01, 0.4556374E+01, 0.4594828E+01,
 0.3836000E+02, 0.5238635E+01, 0.4592604E+01, 0.4556375E+01, 0.4594829E+01,
 0.3838000E+02, 0.5238636E+01, 0.4592606E+01, 0.4556376E+01, 0.4594831E+01,
 0.3840000E+02, 0.5238638E+01, 0.4592607E+01, 0.4556378E+01, 0.4594832E+01,
 0.3842000E+02, 0.5238640E+01, 0.4592608E+01, 0.4556379E+01, 0.4594833E+01,
 0.3844000E+02, 0.5238642E+01, 0.4592609E+01, 0.4556381E+01, 0.4594835E+01,
 0.3846000E+02, 0.5238643E+01, 0.4592611E+01, 0.4556382E+01, 0.4594836E+01,
 0.3848000E+02, 0.5238645E+01, 0.4592612E+01, 0.4556383E+01, 0.4594837E+01,
 0.3850000E+02, 0.5238647E+01, 0.4592614E+01, 0.4556385E+01, 0.4594839E+01,
 0.3852000E+02, 0.5238648E+01, 0.4592615E+01, 0.4556386E+01, 0.4594840E+01,
 0.3854000E+02, 0.5238650E+01, 0.4592616E+01, 0.4556387E+01, 0.4594841E+01,
 0.3856000E+02, 0.5238652E+01, 0.4592618E+01, 0.4556388E+01, 0.4594842E+01,
 0.3858000E+02, 0.5238654E+01, 0.4592618E+01, 0.4556389E+01, 0.4594844E+01,
 0.3860000E+02, 0.5238655E+01, 0.4592620E+01, 0.4556391E+01, 0.4594845E+01,
 0.3862000E+02, 0.5238657E+01, 0.4592621E+01, 0.4556392E+01, 0.4594846E+01,
 0.3864000E+02, 0.5238658E+01, 0.4592622E+01, 0.4556393E+01, 0.4594848E+01,
 0.3866000E+02, 0.5238660E+01, 0.4592624E+01, 0.4556395E+01, 0.4594849E+01,
 0.3868000E+02, 0.5238661E+01, 0.4592625E+01, 0.4556396E+01, 0.4594850E+01,
 0.3870000E+02, 0.5238663E+01, 0.4592626E+01, 0.4556397E+01, 0.4594851E+01,
 0.3872000E+02, 0.5238665E+01, 0.4592627E+01, 0.4556398E+01, 0.4594852E+01,
 0.3874000E+02, 0.5238666E+01, 0.4592628E+01, 0.4556399E+01, 0.4594854E+01,
 0.3876000E+02, 0.5238667E+01, 0.4592629E+01, 0.4556400E+01, 0.4594855E+01,
 0.3878000E+02, 0.5238669E+01, 0.4592631E+01, 0.4556401E+01, 0.4594856E+01,
 0.3880000E+02, 0.5238671E+01, 0.4592632E+01, 0.4556403E+01, 0.4594857E+01,
 0.3882000E+02, 0.5238672E+01, 0.4592633E+01, 0.4556404E+01, 0.4594858E+01,
 0.3884000E+02, 0.5238674E+01, 0.4592634E+01, 0.4556405E+01, 0.4594860E+01,
 0.3886000E+02, 0.5238675E+01, 0.4592635E+01, 0.4556406E+01, 0.4594861E+01,
 0.3888000E+02, 0.5238677E+01, 0.4592637E+01, 0.4556407E+01, 0.4594862E+01,
 0.3890000E+02, 0.5238678E+01, 0.4592638E+01, 0.4556408E+01, 0.4594863E+01,
 0.3892000E+02, 0.5238679E+01, 0.4592638E+01, 0.4556409E+01, 0.4594864E+01,
 0.3894000E+02, 0.5238681E+01, 0.4592639E+01, 0.4556410E+01, 0.4594865E+01,
 0.3896000E+02, 0.5238682E+01, 0.4592641E+01, 0.4556411E+01, 0.4594866E+01,
 0.3898000E+02, 0.5238683E+01, 0.4592642E+01, 0.4556412E+01, 0.4594867E+01,
 0.3900000E+02, 0.5238685E+01, 0.4592643E+01, 0.4556413E+01, 0.4594868E+01,
 0.3902000E+02, 0.5238686E+01, 0.4592644E+01, 0.4556414E+01, 0.4594869E+01,
 0.3904000E+02, 0.5238688E+01, 0.4592645E+01, 0.4556415E+01, 0.4594870E+01,
 0.3906000E+02, 0.5238689E+01, 0.4592646E+01, 0.4556416E+01, 0.4594871E+01,
 0.3908000E+02, 0.5238690E+01, 0.4592647E+01, 0.4556417E+01, 0.4594872E+01,
 0.3910000E+02, 0.5238691E+01, 0.4592648E+01, 0.4556418E+01, 0.4594873E+01,
 0.3912000E+02, 0.5238693E+01, 0.4592649E+01, 0.4556419E+01, 0.4594874E+01,
 0.3914000E+02, 0.5238694E+01, 0.4592650E+01, 0.4556420E+01, 0.4594875E+01,
 0.3916000E+02, 0.5238695E+01, 0.4592651E+01, 0.4556421E+01, 0.4594876E+01,
 0.3918000E+02, 0.5238697E+01, 0.4592652E+01, 0.4556422E+01, 0.4594877E+01,
 0.3920000E+02, 0.5238698E+01, 0.4592653E+01, 0.4556423E+01, 0.4594878E+01,
 0.3922000E+02, 0.5238699E+01, 0.4592654E+01, 0.4556424E+01, 0.4594879E+01,
 0.3924000E+02, 0.5238700E+01, 0.4592655E+01, 0.4556425E+01, 0.4594880E+01,
 0.3926000E+02, 0.5238701E+01, 0.4592656E+01, 0.4556426E+01, 0.4594881E+01,
 0.3928000E+02, 0.5238702E+01, 0.4592657E+01, 0.4556427E+01, 0.4594882E+01,
 0.3930000E+02, 0.5238704E+01, 0.4592658E+01, 0.4556427E+01, 0.4594883E+01,
 0.3932000E+02, 0.5238705E+01, 0.4592659E+01, 0.4556428E+01, 0.4594884E+01,
 0.3934000E+02, 0.5238706E+01, 0.4592659E+01, 0.4556429E+01, 0.4594885E+01,
 0.3936000E+02, 0.5238707E+01, 0.4592660E+01, 0.4556430E+01, 0.4594885E+01,
 0.3938000E+02, 0.5238708E+01, 0.4592661E+01, 0.4556431E+01, 0.4594886E+01,
 0.3940000E+02, 0.5238709E+01, 0.4592662E+01, 0.4556432E+01, 0.4594887E+01,
 0.3942000E+02, 0.5238710E+01, 0.4592663E+01, 0.4556433E+01, 0.4594888E+01,
 0.3944000E+02, 0.5238712E+01, 0.4592664E+01, 0.4556434E+01, 0.4594889E+01,
 0.3946000E+02, 0.5238713E+01, 0.4592664E+01, 0.4556435E+01, 0.4594890E+01,
 0.3948000E+02, 0.5238714E+01, 0.4592665E+01, 0.4556435E+01, 0.4594891E+01,
 0.3950000E+02, 0.5238715E+01, 0.4592666E+01, 0.4556436E+01, 0.4594892E+01,
 0.3952000E+02, 0.5238716E+01, 0.4592667E+01, 0.4556437E+01, 0.4594893E+01,
 0.3954000E+02, 0.5238717E+01, 0.4592668E+01, 0.4556437E+01, 0.4594893E+01,
 0.3956000E+02, 0.5238718E+01, 0.4592669E+01, 0.4556438E+01, 0.4594894E+01,
 0.3958000E+02, 0.5238719E+01, 0.4592669E+01, 0.4556439E+01, 0.4594895E+01,
 0.3960000E+02, 0.5238720E+01, 0.4592670E+01, 0.4556440E+01, 0.4594896E+01,
 0.3962000E+02, 0.5238721E+01, 0.4592671E+01, 0.4556441E+01, 0.4594896E+01,
 0.3964000E+02, 0.5238722E+01, 0.4592672E+01, 0.4556442E+01, 0.4594897E+01,
 0.3966000E+02, 0.5238723E+01, 0.4592672E+01, 0.4556442E+01, 0.4594898E+01,
 0.3968000E+02, 0.5238724E+01, 0.4592673E+01, 0.4556443E+01, 0.4594899E+01,
 0.3970000E+02, 0.5238725E+01, 0.4592674E+01, 0.4556444E+01, 0.4594900E+01,
 0.3972000E+02, 0.5238726E+01, 0.4592675E+01, 0.4556445E+01, 0.4594900E+01,
 0.3974000E+02, 0.5238727E+01, 0.4592676E+01, 0.4556445E+01, 0.4594901E+01,
 0.3976000E+02, 0.5238728E+01, 0.4592676E+01, 0.4556446E+01, 0.4594902E+01,
 0.3978000E+02, 0.5238729E+01, 0.4592677E+01, 0.4556447E+01, 0.4594903E+01,
 0.3980000E+02, 0.5238730E+01, 0.4592678E+01, 0.4556448E+01, 0.4594903E+01,
 0.3982000E+02, 0.5238731E+01, 0.4592679E+01, 0.4556448E+01, 0.4594904E+01,
 0.3984000E+02, 0.5238732E+01, 0.4592679E+01, 0.4556449E+01, 0.4594904E+01,
 0.3986000E+02, 0.5238733E+01, 0.4592680E+01, 0.4556449E+01, 0.4594905E+01,
 0.3988000E+02, 0.5238734E+01, 0.4592680E+01, 0.4556450E+01, 0.4594906E+01,
 0.3990000E+02, 0.5238735E+01, 0.4592681E+01, 0.4556451E+01, 0.4594907E+01,
 0.3992000E+02, 0.5238735E+01, 0.4592682E+01, 0.4556452E+01, 0.4594907E+01,
 0.3994000E+02, 0.5238736E+01, 0.4592682E+01, 0.4556452E+01, 0.4594908E+01,
 0.3996000E+02, 0.5238737E+01, 0.4592683E+01, 0.4556453E+01, 0.4594909E+01,
 0.3998000E+02, 0.5238738E+01, 0.4592684E+01, 0.4556454E+01, 0.4594910E+01,
 0.4000000E+02, 0.5238739E+01, 0.4592685E+01, 0.4556454E+01, 0.4594910E+01,
 0.4002000E+02, 0.5238739E+01, 0.4592685E+01, 0.4556455E+01, 0.4594911E+01,
 0.4004000E+02, 0.5238740E+01, 0.4592686E+01, 0.4556456E+01, 0.4594912E+01,
 0.4006000E+02, 0.5238741E+01, 0.4592687E+01, 0.4556456E+01, 0.4594912E+01,
 0.4008000E+02, 0.5238742E+01, 0.4592687E+01, 0.4556457E+01, 0.4594913E+01,
 0.4010000E+02, 0.5238743E+01, 0.4592688E+01, 0.4556458E+01, 0.4594913E+01,
 0.4012000E+02, 0.5238744E+01, 0.4592689E+01, 0.4556458E+01, 0.4594914E+01,
 0.4014000E+02, 0.5238745E+01, 0.4592689E+01, 0.4556458E+01, 0.4594914E+01,
 0.4016000E+02, 0.5238745E+01, 0.4592690E+01, 0.4556459E+01, 0.4594915E+01,
 0.4018000E+02, 0.5238746E+01, 0.4592690E+01, 0.4556460E+01, 0.4594916E+01,
 0.4020000E+02, 0.5238747E+01, 0.4592691E+01, 0.4556460E+01, 0.4594916E+01,
 0.4022000E+02, 0.5238748E+01, 0.4592691E+01, 0.4556461E+01, 0.4594917E+01,
 0.4024000E+02, 0.5238749E+01, 0.4592692E+01, 0.4556461E+01, 0.4594918E+01,
 0.4026000E+02, 0.5238750E+01, 0.4592693E+01, 0.4556462E+01, 0.4594918E+01,
 0.4028000E+02, 0.5238750E+01, 0.4592693E+01, 0.4556463E+01, 0.4594919E+01,
 0.4030000E+02, 0.5238751E+01, 0.4592694E+01, 0.4556463E+01, 0.4594919E+01,
 0.4032000E+02, 0.5238751E+01, 0.4592694E+01, 0.4556464E+01, 0.4594920E+01,
 0.4034000E+02, 0.5238752E+01, 0.4592695E+01, 0.4556464E+01, 0.4594921E+01,
 0.4036000E+02, 0.5238753E+01, 0.4592695E+01, 0.4556465E+01, 0.4594921E+01,
 0.4038000E+02, 0.5238754E+01, 0.4592696E+01, 0.4556466E+01, 0.4594922E+01,
 0.4040000E+02, 0.5238754E+01, 0.4592697E+01, 0.4556466E+01, 0.4594922E+01,
 0.4042000E+02, 0.5238755E+01, 0.4592697E+01, 0.4556467E+01, 0.4594923E+01,
 0.4044000E+02, 0.5238756E+01, 0.4592698E+01, 0.4556467E+01, 0.4594923E+01,
 0.4046000E+02, 0.5238757E+01, 0.4592698E+01, 0.4556468E+01, 0.4594924E+01,
 0.4048000E+02, 0.5238757E+01, 0.4592699E+01, 0.4556468E+01, 0.4594924E+01,
 0.4050000E+02, 0.5238758E+01, 0.4592699E+01, 0.4556468E+01, 0.4594925E+01,
 0.4052000E+02, 0.5238759E+01, 0.4592700E+01, 0.4556469E+01, 0.4594925E+01,
 0.4054000E+02, 0.5238759E+01, 0.4592700E+01, 0.4556469E+01, 0.4594926E+01,
 0.4056000E+02, 0.5238760E+01, 0.4592701E+01, 0.4556470E+01, 0.4594926E+01,
 0.4058000E+02, 0.5238760E+01, 0.4592701E+01, 0.4556470E+01, 0.4594927E+01,
 0.4060000E+02, 0.5238761E+01, 0.4592702E+01, 0.4556471E+01, 0.4594927E+01,
 0.4062000E+02, 0.5238762E+01, 0.4592702E+01, 0.4556471E+01, 0.4594928E+01,
 0.4064000E+02, 0.5238762E+01, 0.4592703E+01, 0.4556472E+01, 0.4594928E+01,
 0.4066000E+02, 0.5238763E+01, 0.4592703E+01, 0.4556472E+01, 0.4594929E+01,
 0.4068000E+02, 0.5238764E+01, 0.4592704E+01, 0.4556473E+01, 0.4594929E+01,
 0.4070000E+02, 0.5238764E+01, 0.4592704E+01, 0.4556473E+01, 0.4594930E+01,
 0.4072000E+02, 0.5238765E+01, 0.4592705E+01, 0.4556474E+01, 0.4594930E+01,
 0.4074000E+02, 0.5238766E+01, 0.4592705E+01, 0.4556474E+01, 0.4594931E+01,
 0.4076000E+02, 0.5238766E+01, 0.4592706E+01, 0.4556475E+01, 0.4594931E+01,
 0.4078000E+02, 0.5238767E+01, 0.4592706E+01, 0.4556475E+01, 0.4594932E+01,
 0.4080000E+02, 0.5238767E+01, 0.4592707E+01, 0.4556476E+01, 0.4594932E+01,
 0.4082000E+02, 0.5238768E+01, 0.4592707E+01, 0.4556476E+01, 0.4594933E+01,
 0.4084000E+02, 0.5238769E+01, 0.4592708E+01, 0.4556477E+01, 0.4594933E+01,
 0.4086000E+02, 0.5238769E+01, 0.4592708E+01, 0.4556477E+01, 0.4594934E+01,
 0.4088000E+02, 0.5238770E+01, 0.4592708E+01, 0.4556478E+01, 0.4594934E+01,
 0.4090000E+02, 0.5238770E+01, 0.4592709E+01, 0.4556478E+01, 0.4594934E+01,
 0.4092000E+02, 0.5238771E+01, 0.4592709E+01, 0.4556479E+01, 0.4594935E+01,
 0.4094000E+02, 0.5238771E+01, 0.4592710E+01, 0.4556479E+01, 0.4594935E+01,
 0.4096000E+02, 0.5238772E+01, 0.4592710E+01, 0.4556479E+01, 0.4594936E+01,
 0.4098000E+02, 0.5238772E+01, 0.4592710E+01, 0.4556479E+01, 0.4594936E+01,
 0.4100000E+02, 0.5238773E+01, 0.4592711E+01, 0.4556480E+01, 0.4594937E+01,
 0.4102000E+02, 0.5238773E+01, 0.4592711E+01, 0.4556480E+01, 0.4594937E+01,
 0.4104000E+02, 0.5238774E+01, 0.4592712E+01, 0.4556481E+01, 0.4594937E+01,
 0.4106000E+02, 0.5238775E+01, 0.4592712E+01, 0.4556481E+01, 0.4594938E+01,
 0.4108000E+02, 0.5238775E+01, 0.4592712E+01, 0.4556482E+01, 0.4594938E+01,
 0.4110000E+02, 0.5238776E+01, 0.4592713E+01, 0.4556482E+01, 0.4594939E+01,
 0.4112000E+02, 0.5238776E+01, 0.4592713E+01, 0.4556482E+01, 0.4594939E+01,
 0.4114000E+02, 0.5238777E+01, 0.4592714E+01, 0.4556483E+01, 0.4594939E+01,
 0.4116000E+02, 0.5238777E+01, 0.4592714E+01, 0.4556483E+01, 0.4594940E+01,
 0.4118000E+02, 0.5238778E+01, 0.4592714E+01, 0.4556484E+01, 0.4594940E+01,
 0.4120000E+02, 0.5238778E+01, 0.4592715E+01, 0.4556484E+01, 0.4594941E+01,
 0.4122000E+02, 0.5238779E+01, 0.4592715E+01, 0.4556484E+01, 0.4594941E+01,
 0.4124000E+02, 0.5238779E+01, 0.4592716E+01, 0.4556485E+01, 0.4594941E+01,
 0.4126000E+02, 0.5238780E+01, 0.4592716E+01, 0.4556485E+01, 0.4594942E+01,
 0.4128000E+02, 0.5238780E+01, 0.4592716E+01, 0.4556485E+01, 0.4594942E+01,
 0.4130000E+02, 0.5238780E+01, 0.4592717E+01, 0.4556486E+01, 0.4594943E+01,
 0.4132000E+02, 0.5238781E+01, 0.4592717E+01, 0.4556486E+01, 0.4594943E+01,
 0.4134000E+02, 0.5238781E+01, 0.4592717E+01, 0.4556487E+01, 0.4594943E+01,
 0.4136000E+02, 0.5238782E+01, 0.4592718E+01, 0.4556487E+01, 0.4594944E+01,
 0.4138000E+02, 0.5238782E+01, 0.4592718E+01, 0.4556487E+01, 0.4594944E+01,
 0.4140000E+02, 0.5238783E+01, 0.4592719E+01, 0.4556488E+01, 0.4594944E+01,
 0.4142000E+02, 0.5238783E+01, 0.4592719E+01, 0.4556488E+01, 0.4594944E+01,
 0.4144000E+02, 0.5238784E+01, 0.4592719E+01, 0.4556488E+01, 0.4594945E+01,
 0.4146000E+02, 0.5238784E+01, 0.4592720E+01, 0.4556489E+01, 0.4594945E+01,
 0.4148000E+02, 0.5238784E+01, 0.4592720E+01, 0.4556489E+01, 0.4594945E+01,
 0.4150000E+02, 0.5238785E+01, 0.4592720E+01, 0.4556489E+01, 0.4594946E+01,
 0.4152000E+02, 0.5238785E+01, 0.4592721E+01, 0.4556489E+01, 0.4594946E+01,
 0.4154000E+02, 0.5238786E+01, 0.4592721E+01, 0.4556490E+01, 0.4594946E+01,
 0.4156000E+02, 0.5238786E+01, 0.4592721E+01, 0.4556490E+01, 0.4594947E+01,
 0.4158000E+02, 0.5238787E+01, 0.4592721E+01, 0.4556490E+01, 0.4594947E+01,
 0.4160000E+02, 0.5238787E+01, 0.4592722E+01, 0.4556491E+01, 0.4594947E+01,
 0.4162000E+02, 0.5238788E+01, 0.4592722E+01, 0.4556491E+01, 0.4594948E+01,
 0.4164000E+02, 0.5238788E+01, 0.4592722E+01, 0.4556491E+01, 0.4594948E+01,
 0.4166000E+02, 0.5238788E+01, 0.4592723E+01, 0.4556491E+01, 0.4594948E+01,
 0.4168000E+02, 0.5238789E+01, 0.4592723E+01, 0.4556492E+01, 0.4594949E+01,
 0.4170000E+02, 0.5238789E+01, 0.4592723E+01, 0.4556492E+01, 0.4594949E+01,
 0.4172000E+02, 0.5238790E+01, 0.4592723E+01, 0.4556492E+01, 0.4594949E+01,
 0.4174000E+02, 0.5238790E+01, 0.4592724E+01, 0.4556493E+01, 0.4594950E+01,
 0.4176000E+02, 0.5238790E+01, 0.4592724E+01, 0.4556493E+01, 0.4594950E+01,
 0.4178000E+02, 0.5238791E+01, 0.4592724E+01, 0.4556493E+01, 0.4594950E+01,
 0.4180000E+02, 0.5238791E+01, 0.4592725E+01, 0.4556494E+01, 0.4594951E+01,
 0.4182000E+02, 0.5238791E+01, 0.4592725E+01, 0.4556494E+01, 0.4594951E+01,
 0.4184000E+02, 0.5238791E+01, 0.4592725E+01, 0.4556494E+01, 0.4594951E+01,
 0.4186000E+02, 0.5238792E+01, 0.4592726E+01, 0.4556494E+01, 0.4594952E+01,
 0.4188000E+02, 0.5238792E+01, 0.4592726E+01, 0.4556495E+01, 0.4594952E+01,
 0.4190000E+02, 0.5238793E+01, 0.4592726E+01, 0.4556495E+01, 0.4594952E+01,
 0.4192000E+02, 0.5238793E+01, 0.4592726E+01, 0.4556495E+01, 0.4594952E+01,
 0.4194000E+02, 0.5238793E+01, 0.4592727E+01, 0.4556496E+01, 0.4594953E+01,
 0.4196000E+02, 0.5238794E+01, 0.4592727E+01, 0.4556496E+01, 0.4594953E+01,
 0.4198000E+02, 0.5238794E+01, 0.4592727E+01, 0.4556496E+01, 0.4594953E+01,
 0.4200000E+02, 0.5238794E+01, 0.4592728E+01, 0.4556496E+01, 0.4594954E+01,
 0.4202000E+02, 0.5238795E+01, 0.4592728E+01, 0.4556497E+01, 0.4594954E+01,
 0.4204000E+02, 0.5238795E+01, 0.4592728E+01, 0.4556497E+01, 0.4594954E+01,
 0.4206000E+02, 0.5238795E+01, 0.4592728E+01, 0.4556497E+01, 0.4594954E+01,
 0.4208000E+02, 0.5238796E+01, 0.4592729E+01, 0.4556497E+01, 0.4594954E+01,
 0.4210000E+02, 0.5238796E+01, 0.4592729E+01, 0.4556498E+01, 0.4594954E+01,
 0.4212000E+02, 0.5238796E+01, 0.4592729E+01, 0.4556498E+01, 0.4594955E+01,
 0.4214000E+02, 0.5238797E+01, 0.4592729E+01, 0.4556498E+01, 0.4594955E+01,
 0.4216000E+02, 0.5238797E+01, 0.4592730E+01, 0.4556498E+01, 0.4594955E+01,
 0.4218000E+02, 0.5238797E+01, 0.4592730E+01, 0.4556499E+01, 0.4594955E+01,
 0.4220000E+02, 0.5238798E+01, 0.4592730E+01, 0.4556499E+01, 0.4594956E+01,
 0.4222000E+02, 0.5238798E+01, 0.4592730E+01, 0.4556499E+01, 0.4594956E+01,
 0.4224000E+02, 0.5238798E+01, 0.4592731E+01, 0.4556499E+01, 0.4594956E+01,
 0.4226000E+02, 0.5238799E+01, 0.4592731E+01, 0.4556499E+01, 0.4594956E+01,
 0.4228000E+02, 0.5238799E+01, 0.4592731E+01, 0.4556499E+01, 0.4594957E+01,
 0.4230000E+02, 0.5238799E+01, 0.4592731E+01, 0.4556500E+01, 0.4594957E+01,
 0.4232000E+02, 0.5238800E+01, 0.4592731E+01, 0.4556500E+01, 0.4594957E+01,
 0.4234000E+02, 0.5238800E+01, 0.4592731E+01, 0.4556500E+01, 0.4594957E+01,
 0.4236000E+02, 0.5238800E+01, 0.4592732E+01, 0.4556500E+01, 0.4594958E+01,
 0.4238000E+02, 0.5238801E+01, 0.4592732E+01, 0.4556501E+01, 0.4594958E+01,
 0.4240000E+02, 0.5238801E+01, 0.4592732E+01, 0.4556501E+01, 0.4594958E+01,
 0.4242000E+02, 0.5238801E+01, 0.4592732E+01, 0.4556501E+01, 0.4594958E+01,
 0.4244000E+02, 0.5238801E+01, 0.4592732E+01, 0.4556501E+01, 0.4594958E+01,
 0.4246000E+02, 0.5238801E+01, 0.4592733E+01, 0.4556501E+01, 0.4594959E+01,
 0.4248000E+02, 0.5238802E+01, 0.4592733E+01, 0.4556502E+01, 0.4594959E+01,
 0.4250000E+02, 0.5238802E+01, 0.4592733E+01, 0.4556502E+01, 0.4594959E+01,
 0.4252000E+02, 0.5238802E+01, 0.4592733E+01, 0.4556502E+01, 0.4594959E+01,
 0.4254000E+02, 0.5238802E+01, 0.4592734E+01, 0.4556502E+01, 0.4594960E+01,
 0.4256000E+02, 0.5238803E+01, 0.4592734E+01, 0.4556503E+01, 0.4594960E+01,
 0.4258000E+02, 0.5238803E+01, 0.4592734E+01, 0.4556503E+01, 0.4594960E+01,
 0.4260000E+02, 0.5238803E+01, 0.4592734E+01, 0.4556503E+01, 0.4594960E+01,
 0.4262000E+02, 0.5238803E+01, 0.4592734E+01, 0.4556503E+01, 0.4594960E+01,
 0.4264000E+02, 0.5238804E+01, 0.4592735E+01, 0.4556503E+01, 0.4594961E+01,
 0.4266000E+02, 0.5238804E+01, 0.4592735E+01, 0.4556504E+01, 0.4594961E+01,
 0.4268000E+02, 0.5238804E+01, 0.4592735E+01, 0.4556504E+01, 0.4594961E+01,
 0.4270000E+02, 0.5238804E+01, 0.4592735E+01, 0.4556504E+01, 0.4594961E+01,
 0.4272000E+02, 0.5238805E+01, 0.4592735E+01, 0.4556504E+01, 0.4594961E+01,
 0.4274000E+02, 0.5238805E+01, 0.4592736E+01, 0.4556504E+01, 0.4594962E+01,
 0.4276000E+02, 0.5238805E+01, 0.4592736E+01, 0.4556505E+01, 0.4594962E+01,
 0.4278000E+02, 0.5238805E+01, 0.4592736E+01, 0.4556505E+01, 0.4594962E+01,
 0.4280000E+02, 0.5238806E+01, 0.4592736E+01, 0.4556505E+01, 0.4594962E+01,
 0.4282000E+02, 0.5238806E+01, 0.4592736E+01, 0.4556505E+01, 0.4594962E+01,
 0.4284000E+02, 0.5238806E+01, 0.4592737E+01, 0.4556505E+01, 0.4594963E+01,
 0.4286000E+02, 0.5238806E+01, 0.4592737E+01, 0.4556505E+01, 0.4594963E+01,
 0.4288000E+02, 0.5238807E+01, 0.4592737E+01, 0.4556506E+01, 0.4594963E+01,
 0.4290000E+02, 0.5238807E+01, 0.4592737E+01, 0.4556506E+01, 0.4594963E+01,
 0.4292000E+02, 0.5238807E+01, 0.4592737E+01, 0.4556506E+01, 0.4594963E+01,
 0.4294000E+02, 0.5238807E+01, 0.4592737E+01, 0.4556506E+01, 0.4594964E+01,
 0.4296000E+02, 0.5238808E+01, 0.4592738E+01, 0.4556506E+01, 0.4594964E+01,
 0.4298000E+02, 0.5238808E+01, 0.4592738E+01, 0.4556506E+01, 0.4594964E+01,
 0.4300000E+02, 0.5238808E+01, 0.4592738E+01, 0.4556507E+01, 0.4594964E+01,
 0.4302000E+02, 0.5238808E+01, 0.4592738E+01, 0.4556507E+01, 0.4594964E+01,
 0.4304000E+02, 0.5238809E+01, 0.4592738E+01, 0.4556507E+01, 0.4594964E+01,
 0.4306000E+02, 0.5238809E+01, 0.4592739E+01, 0.4556507E+01, 0.4594965E+01,
 0.4308000E+02, 0.5238809E+01, 0.4592739E+01, 0.4556507E+01, 0.4594965E+01,
 0.4310000E+02, 0.5238809E+01, 0.4592739E+01, 0.4556507E+01, 0.4594965E+01,
 0.4312000E+02, 0.5238809E+01, 0.4592739E+01, 0.4556508E+01, 0.4594965E+01,
 0.4314000E+02, 0.5238810E+01, 0.4592739E+01, 0.4556508E+01, 0.4594965E+01,
 0.4316000E+02, 0.5238810E+01, 0.4592739E+01, 0.4556508E+01, 0.4594965E+01,
 0.4318000E+02, 0.5238810E+01, 0.4592739E+01, 0.4556508E+01, 0.4594965E+01,
 0.4320000E+02, 0.5238810E+01, 0.4592740E+01, 0.4556508E+01, 0.4594965E+01,
 0.4322000E+02, 0.5238810E+01, 0.4592740E+01, 0.4556508E+01, 0.4594965E+01,
 0.4324000E+02, 0.5238811E+01, 0.4592740E+01, 0.4556509E+01, 0.4594966E+01,
 0.4326000E+02, 0.5238811E+01, 0.4592740E+01, 0.4556509E+01, 0.4594966E+01,
 0.4328000E+02, 0.5238811E+01, 0.4592740E+01, 0.4556509E+01, 0.4594966E+01,
 0.4330000E+02, 0.5238811E+01, 0.4592740E+01, 0.4556509E+01, 0.4594966E+01,
 0.4332000E+02, 0.5238811E+01, 0.4592741E+01, 0.4556509E+01, 0.4594966E+01,
 0.4334000E+02, 0.5238811E+01, 0.4592741E+01, 0.4556509E+01, 0.4594966E+01,
 0.4336000E+02, 0.5238811E+01, 0.4592741E+01, 0.4556509E+01, 0.4594966E+01,
 0.4338000E+02, 0.5238811E+01, 0.4592741E+01, 0.4556509E+01, 0.4594967E+01,
 0.4340000E+02, 0.5238812E+01, 0.4592741E+01, 0.4556509E+01, 0.4594967E+01,
 0.4342000E+02, 0.5238812E+01, 0.4592741E+01, 0.4556509E+01, 0.4594967E+01,
 0.4344000E+02, 0.5238812E+01, 0.4592741E+01, 0.4556510E+01, 0.4594967E+01,
 0.4346000E+02, 0.5238812E+01, 0.4592741E+01, 0.4556510E+01, 0.4594967E+01,
 0.4348000E+02, 0.5238812E+01, 0.4592741E+01, 0.4556510E+01, 0.4594967E+01,
 0.4350000E+02, 0.5238813E+01, 0.4592741E+01, 0.4556510E+01, 0.4594967E+01,
 0.4352000E+02, 0.5238813E+01, 0.4592741E+01, 0.4556510E+01, 0.4594968E+01,
 0.4354000E+02, 0.5238813E+01, 0.4592742E+01, 0.4556510E+01, 0.4594968E+01,
 0.4356000E+02, 0.5238813E+01, 0.4592742E+01, 0.4556510E+01, 0.4594968E+01,
 0.4358000E+02, 0.5238813E+01, 0.4592742E+01, 0.4556510E+01, 0.4594968E+01,
 0.4360000E+02, 0.5238813E+01, 0.4592742E+01, 0.4556511E+01, 0.4594968E+01,
 0.4362000E+02, 0.5238814E+01, 0.4592742E+01, 0.4556511E+01, 0.4594968E+01,
 0.4364000E+02, 0.5238814E+01, 0.4592742E+01, 0.4556511E+01, 0.4594968E+01,
 0.4366000E+02, 0.5238814E+01, 0.4592742E+01, 0.4556511E+01, 0.4594968E+01,
 0.4368000E+02, 0.5238814E+01, 0.4592743E+01, 0.4556511E+01, 0.4594969E+01,
 0.4370000E+02, 0.5238814E+01, 0.4592743E+01, 0.4556511E+01, 0.4594969E+01,
 0.4372000E+02, 0.5238814E+01, 0.4592743E+01, 0.4556511E+01, 0.4594969E+01,
 0.4374000E+02, 0.5238815E+01, 0.4592743E+01, 0.4556511E+01, 0.4594969E+01,
 0.4376000E+02, 0.5238815E+01, 0.4592743E+01, 0.4556512E+01, 0.4594969E+01,
 0.4378000E+02, 0.5238815E+01, 0.4592743E+01, 0.4556512E+01, 0.4594969E+01,
 0.4380000E+02, 0.5238815E+01, 0.4592743E+01, 0.4556512E+01, 0.4594969E+01,
 0.4382000E+02, 0.5238815E+01, 0.4592743E+01, 0.4556512E+01, 0.4594969E+01,
 0.4384000E+02, 0.5238815E+01, 0.4592744E+01, 0.4556512E+01, 0.4594970E+01,
 0.4386000E+02, 0.5238815E+01, 0.4592744E+01, 0.4556512E+01, 0.4594970E+01,
 0.4388000E+02, 0.5238816E+01, 0.4592744E+01, 0.4556512E+01, 0.4594970E+01,
 0.4390000E+02, 0.5238816E+01, 0.4592744E+01, 0.4556512E+01, 0.4594970E+01,
 0.4392000E+02, 0.5238816E+01, 0.4592744E+01, 0.4556512E+01, 0.4594970E+01,
 0.4394000E+02, 0.5238816E+01, 0.4592744E+01, 0.4556513E+01, 0.4594970E+01,
 0.4396000E+02, 0.5238816E+01, 0.4592744E+01, 0.4556513E+01, 0.4594970E+01,
 0.4398000E+02, 0.5238816E+01, 0.4592744E+01, 0.4556513E+01, 0.4594970E+01,
 0.4400000E+02, 0.5238817E+01, 0.4592744E+01, 0.4556513E+01, 0.4594970E+01,
 0.4402000E+02, 0.5238817E+01, 0.4592745E+01, 0.4556513E+01, 0.4594971E+01,
 0.4404000E+02, 0.5238817E+01, 0.4592745E+01, 0.4556513E+01, 0.4594971E+01,
 0.4406000E+02, 0.5238817E+01, 0.4592745E+01, 0.4556513E+01, 0.4594971E+01,
 0.4408000E+02, 0.5238817E+01, 0.4592745E+01, 0.4556513E+01, 0.4594971E+01,
 0.4410000E+02, 0.5238817E+01, 0.4592745E+01, 0.4556513E+01, 0.4594971E+01,
 0.4412000E+02, 0.5238817E+01, 0.4592745E+01, 0.4556514E+01, 0.4594971E+01,
 0.4414000E+02, 0.5238817E+01, 0.4592745E+01, 0.4556514E+01, 0.4594971E+01,
 0.4416000E+02, 0.5238818E+01, 0.4592745E+01, 0.4556514E+01, 0.4594971E+01,
 0.4418000E+02, 0.5238818E+01, 0.4592745E+01, 0.4556514E+01, 0.4594971E+01,
 0.4420000E+02, 0.5238818E+01, 0.4592745E+01, 0.4556514E+01, 0.4594972E+01,
 0.4422000E+02, 0.5238818E+01, 0.4592746E+01, 0.4556514E+01, 0.4594972E+01,
 0.4424000E+02, 0.5238818E+01, 0.4592746E+01, 0.4556514E+01, 0.4594972E+01,
 0.4426000E+02, 0.5238818E+01, 0.4592746E+01, 0.4556514E+01, 0.4594972E+01,
 0.4428000E+02, 0.5238818E+01, 0.4592746E+01, 0.4556514E+01, 0.4594972E+01,
 0.4430000E+02, 0.5238818E+01, 0.4592746E+01, 0.4556514E+01, 0.4594972E+01,
 0.4432000E+02, 0.5238819E+01, 0.4592746E+01, 0.4556515E+01, 0.4594972E+01,
 0.4434000E+02, 0.5238819E+01, 0.4592746E+01, 0.4556515E+01, 0.4594972E+01,
 0.4436000E+02, 0.5238819E+01, 0.4592746E+01, 0.4556515E+01, 0.4594972E+01,
 0.4438000E+02, 0.5238819E+01, 0.4592746E+01, 0.4556515E+01, 0.4594972E+01,
 0.4440000E+02, 0.5238819E+01, 0.4592746E+01, 0.4556515E+01, 0.4594972E+01,
 0.4442000E+02, 0.5238819E+01, 0.4592746E+01, 0.4556515E+01, 0.4594973E+01,
 0.4444000E+02, 0.5238819E+01, 0.4592747E+01, 0.4556515E+01, 0.4594973E+01,
 0.4446000E+02, 0.5238819E+01, 0.4592747E+01, 0.4556515E+01, 0.4594973E+01,
 0.4448000E+02, 0.5238820E+01, 0.4592747E+01, 0.4556515E+01, 0.4594973E+01,
 0.4450000E+02, 0.5238820E+01, 0.4592747E+01, 0.4556515E+01, 0.4594973E+01,
 0.4452000E+02, 0.5238820E+01, 0.4592747E+01, 0.4556515E+01, 0.4594973E+01,
 0.4454000E+02, 0.5238820E+01, 0.4592747E+01, 0.4556515E+01, 0.4594973E+01,
 0.4456000E+02, 0.5238820E+01, 0.4592747E+01, 0.4556516E+01, 0.4594973E+01,
 0.4458000E+02, 0.5238820E+01, 0.4592747E+01, 0.4556516E+01, 0.4594973E+01,
 0.4460000E+02, 0.5238820E+01, 0.4592747E+01, 0.4556516E+01, 0.4594973E+01,
 0.4462000E+02, 0.5238820E+01, 0.4592747E+01, 0.4556516E+01, 0.4594973E+01,
 0.4464000E+02, 0.5238820E+01, 0.4592747E+01, 0.4556516E+01, 0.4594974E+01,
 0.4466000E+02, 0.5238821E+01, 0.4592748E+01, 0.4556516E+01, 0.4594974E+01,
 0.4468000E+02, 0.5238821E+01, 0.4592748E+01, 0.4556516E+01, 0.4594974E+01,
 0.4470000E+02, 0.5238821E+01, 0.4592748E+01, 0.4556516E+01, 0.4594974E+01,
 0.4472000E+02, 0.5238821E+01, 0.4592748E+01, 0.4556516E+01, 0.4594974E+01,
 0.4474000E+02, 0.5238821E+01, 0.4592748E+01, 0.4556516E+01, 0.4594974E+01,
 0.4476000E+02, 0.5238821E+01, 0.4592748E+01, 0.4556516E+01, 0.4594974E+01,
 0.4478000E+02, 0.5238821E+01, 0.4592748E+01, 0.4556516E+01, 0.4594974E+01,
 0.4480000E+02, 0.5238821E+01, 0.4592748E+01, 0.4556516E+01, 0.4594974E+01,
 0.4482000E+02, 0.5238821E+01, 0.4592748E+01, 0.4556517E+01, 0.4594974E+01,
 0.4484000E+02, 0.5238821E+01, 0.4592748E+01, 0.4556517E+01, 0.4594974E+01,
 0.4486000E+02, 0.5238822E+01, 0.4592748E+01, 0.4556517E+01, 0.4594974E+01,
 0.4488000E+02, 0.5238822E+01, 0.4592748E+01, 0.4556517E+01, 0.4594974E+01,
 0.4490000E+02, 0.5238822E+01, 0.4592748E+01, 0.4556517E+01, 0.4594975E+01,
 0.4492000E+02, 0.5238822E+01, 0.4592748E+01, 0.4556517E+01, 0.4594975E+01,
 0.4494000E+02, 0.5238822E+01, 0.4592749E+01, 0.4556517E+01, 0.4594975E+01,
 0.4496000E+02, 0.5238822E+01, 0.4592749E+01, 0.4556517E+01, 0.4594975E+01,
 0.4498000E+02, 0.5238822E+01, 0.4592749E+01, 0.4556517E+01, 0.4594975E+01,
 0.4500000E+02, 0.5238822E+01, 0.4592749E+01, 0.4556517E+01, 0.4594975E+01,
 0.4502000E+02, 0.5238822E+01, 0.4592749E+01, 0.4556517E+01, 0.4594975E+01,
 0.4504000E+02, 0.5238822E+01, 0.4592749E+01, 0.4556517E+01, 0.4594975E+01,
 0.4506000E+02, 0.5238822E+01, 0.4592749E+01, 0.4556517E+01, 0.4594975E+01,
 0.4508000E+02, 0.5238822E+01, 0.4592749E+01, 0.4556517E+01, 0.4594975E+01,
 0.4510000E+02, 0.5238822E+01, 0.4592749E+01, 0.4556518E+01, 0.4594975E+01,
 0.4512000E+02, 0.5238822E+01, 0.4592749E+01, 0.4556518E+01, 0.4594975E+01,
 0.4514000E+02, 0.5238822E+01, 0.4592749E+01, 0.4556518E+01, 0.4594975E+01,
 0.4516000E+02, 0.5238822E+01, 0.4592749E+01, 0.4556518E+01, 0.4594975E+01,
 0.4518000E+02, 0.5238822E+01, 0.4592749E+01, 0.4556518E+01, 0.4594975E+01,
 0.4520000E+02, 0.5238823E+01, 0.4592749E+01, 0.4556518E+01, 0.4594975E+01,
 0.4522000E+02, 0.5238823E+01, 0.4592749E+01, 0.4556518E+01, 0.4594975E+01,
 0.4524000E+02, 0.5238823E+01, 0.4592750E+01, 0.4556518E+01, 0.4594975E+01,
 0.4526000E+02, 0.5238823E+01, 0.4592750E+01, 0.4556518E+01, 0.4594975E+01,
 0.4528000E+02, 0.5238823E+01, 0.4592750E+01, 0.4556518E+01, 0.4594975E+01,
 0.4530000E+02, 0.5238823E+01, 0.4592750E+01, 0.4556518E+01, 0.4594975E+01,
 0.4532000E+02, 0.5238823E+01, 0.4592750E+01, 0.4556518E+01, 0.4594975E+01,
 0.4534000E+02, 0.5238823E+01, 0.4592750E+01, 0.4556518E+01, 0.4594975E+01,
 0.4536000E+02, 0.5238823E+01, 0.4592750E+01, 0.4556518E+01, 0.4594976E+01,
 0.4538000E+02, 0.5238823E+01, 0.4592750E+01, 0.4556518E+01, 0.4594976E+01,
 0.4540000E+02, 0.5238823E+01, 0.4592750E+01, 0.4556518E+01, 0.4594976E+01,
 0.4542000E+02, 0.5238823E+01, 0.4592750E+01, 0.4556518E+01, 0.4594976E+01,
 0.4544000E+02, 0.5238823E+01, 0.4592750E+01, 0.4556519E+01, 0.4594976E+01,
 0.4546000E+02, 0.5238823E+01, 0.4592750E+01, 0.4556519E+01, 0.4594976E+01,
 0.4548000E+02, 0.5238824E+01, 0.4592750E+01, 0.4556519E+01, 0.4594976E+01,
 0.4550000E+02, 0.5238824E+01, 0.4592750E+01, 0.4556519E+01, 0.4594976E+01,
 0.4552000E+02, 0.5238824E+01, 0.4592750E+01, 0.4556519E+01, 0.4594976E+01,
 0.4554000E+02, 0.5238824E+01, 0.4592750E+01, 0.4556519E+01, 0.4594976E+01,
 0.4556000E+02, 0.5238824E+01, 0.4592750E+01, 0.4556519E+01, 0.4594976E+01,
 0.4558000E+02, 0.5238824E+01, 0.4592751E+01, 0.4556519E+01, 0.4594976E+01,
 0.4560000E+02, 0.5238824E+01, 0.4592751E+01, 0.4556519E+01, 0.4594976E+01,
 0.4562000E+02, 0.5238824E+01, 0.4592751E+01, 0.4556519E+01, 0.4594976E+01,
 0.4564000E+02, 0.5238824E+01, 0.4592751E+01, 0.4556519E+01, 0.4594976E+01,
 0.4566000E+02, 0.5238824E+01, 0.4592751E+01, 0.4556519E+01, 0.4594976E+01,
 0.4568000E+02, 0.5238824E+01, 0.4592751E+01, 0.4556519E+01, 0.4594976E+01,
 0.4570000E+02, 0.5238824E+01, 0.4592751E+01, 0.4556519E+01, 0.4594976E+01,
 0.4572000E+02, 0.5238824E+01, 0.4592751E+01, 0.4556519E+01, 0.4594976E+01,
 0.4574000E+02, 0.5238824E+01, 0.4592751E+01, 0.4556519E+01, 0.4594977E+01,
 0.4576000E+02, 0.5238825E+01, 0.4592751E+01, 0.4556519E+01, 0.4594977E+01,
 0.4578000E+02, 0.5238825E+01, 0.4592751E+01, 0.4556519E+01, 0.4594977E+01,
 0.4580000E+02, 0.5238825E+01, 0.4592751E+01, 0.4556519E+01, 0.4594977E+01,
 0.4582000E+02, 0.5238825E+01, 0.4592751E+01, 0.4556519E+01, 0.4594977E+01,
 0.4584000E+02, 0.5238825E+01, 0.4592751E+01, 0.4556520E+01, 0.4594977E+01,
 0.4586000E+02, 0.5238825E+01, 0.4592751E+01, 0.4556520E+01, 0.4594977E+01,
 0.4588000E+02, 0.5238825E+01, 0.4592751E+01, 0.4556520E+01, 0.4594977E+01,
 0.4590000E+02, 0.5238825E+01, 0.4592751E+01, 0.4556520E+01, 0.4594977E+01,
 0.4592000E+02, 0.5238825E+01, 0.4592751E+01, 0.4556520E+01, 0.4594977E+01,
 0.4594000E+02, 0.5238825E+01, 0.4592751E+01, 0.4556520E+01, 0.4594977E+01,
 0.4596000E+02, 0.5238825E+01, 0.4592751E+01, 0.4556520E+01, 0.4594977E+01,
 0.4598000E+02, 0.5238825E+01, 0.4592751E+01, 0.4556520E+01, 0.4594977E+01,
 0.4600000E+02, 0.5238825E+01, 0.4592752E+01, 0.4556520E+01, 0.4594977E+01,
 0.4602000E+02, 0.5238825E+01, 0.4592752E+01, 0.4556520E+01, 0.4594977E+01,
 0.4604000E+02, 0.5238825E+01, 0.4592752E+01, 0.4556520E+01, 0.4594977E+01,
 0.4606000E+02, 0.5238825E+01, 0.4592752E+01, 0.4556520E+01, 0.4594977E+01,
 0.4608000E+02, 0.5238825E+01, 0.4592752E+01, 0.4556520E+01, 0.4594977E+01,
 0.4610000E+02, 0.5238825E+01, 0.4592752E+01, 0.4556520E+01, 0.4594977E+01,
 0.4612000E+02, 0.5238826E+01, 0.4592752E+01, 0.4556520E+01, 0.4594977E+01,
 0.4614000E+02, 0.5238826E+01, 0.4592752E+01, 0.4556520E+01, 0.4594977E+01,
 0.4616000E+02, 0.5238826E+01, 0.4592752E+01, 0.4556520E+01, 0.4594977E+01,
 0.4618000E+02, 0.5238826E+01, 0.4592752E+01, 0.4556520E+01, 0.4594978E+01,
 0.4620000E+02, 0.5238826E+01, 0.4592752E+01, 0.4556520E+01, 0.4594978E+01,
 0.4622000E+02, 0.5238826E+01, 0.4592752E+01, 0.4556520E+01, 0.4594978E+01,
 0.4624000E+02, 0.5238826E+01, 0.4592752E+01, 0.4556520E+01, 0.4594978E+01,
 0.4626000E+02, 0.5238826E+01, 0.4592752E+01, 0.4556520E+01, 0.4594978E+01,
 0.4628000E+02, 0.5238826E+01, 0.4592752E+01, 0.4556520E+01, 0.4594978E+01,
 0.4630000E+02, 0.5238826E+01, 0.4592752E+01, 0.4556520E+01, 0.4594978E+01,
 0.4632000E+02, 0.5238826E+01, 0.4592752E+01, 0.4556520E+01, 0.4594978E+01,
 0.4634000E+02, 0.5238826E+01, 0.4592752E+01, 0.4556520E+01, 0.4594978E+01,
 0.4636000E+02, 0.5238826E+01, 0.4592752E+01, 0.4556520E+01, 0.4594978E+01,
 0.4638000E+02, 0.5238826E+01, 0.4592752E+01, 0.4556520E+01, 0.4594978E+01,
 0.4640000E+02, 0.5238826E+01, 0.4592752E+01, 0.4556520E+01, 0.4594978E+01,
 0.4642000E+02, 0.5238826E+01, 0.4592752E+01, 0.4556520E+01, 0.4594978E+01,
 0.4644000E+02, 0.5238826E+01, 0.4592752E+01, 0.4556520E+01, 0.4594978E+01,
 0.4646000E+02, 0.5238826E+01, 0.4592752E+01, 0.4556520E+01, 0.4594978E+01,
 0.4648000E+02, 0.5238826E+01, 0.4592752E+01, 0.4556520E+01, 0.4594978E+01,
 0.4650000E+02, 0.5238826E+01, 0.4592752E+01, 0.4556520E+01, 0.4594978E+01,
 0.4652000E+02, 0.5238827E+01, 0.4592752E+01, 0.4556520E+01, 0.4594978E+01,
 0.4654000E+02, 0.5238827E+01, 0.4592752E+01, 0.4556520E+01, 0.4594978E+01,
 0.4656000E+02, 0.5238827E+01, 0.4592752E+01, 0.4556520E+01, 0.4594978E+01,
 0.4658000E+02, 0.5238827E+01, 0.4592752E+01, 0.4556520E+01, 0.4594978E+01,
 0.4660000E+02, 0.5238827E+01, 0.4592752E+01, 0.4556520E+01, 0.4594978E+01,
 0.4662000E+02, 0.5238827E+01, 0.4592752E+01, 0.4556521E+01, 0.4594978E+01,
 0.4664000E+02, 0.5238827E+01, 0.4592752E+01, 0.4556521E+01, 0.4594978E+01,
 0.4666000E+02, 0.5238827E+01, 0.4592752E+01, 0.4556521E+01, 0.4594978E+01,
 0.4668000E+02, 0.5238827E+01, 0.4592752E+01, 0.4556521E+01, 0.4594978E+01,
 0.4670000E+02, 0.5238827E+01, 0.4592752E+01, 0.4556521E+01, 0.4594978E+01,
 0.4672000E+02, 0.5238827E+01, 0.4592752E+01, 0.4556521E+01, 0.4594978E+01,
 0.4674000E+02, 0.5238827E+01, 0.4592752E+01, 0.4556521E+01, 0.4594978E+01,
 0.4676000E+02, 0.5238827E+01, 0.4592752E+01, 0.4556521E+01, 0.4594979E+01,
 0.4678000E+02, 0.5238827E+01, 0.4592752E+01, 0.4556521E+01, 0.4594979E+01,
 0.4680000E+02, 0.5238827E+01, 0.4592752E+01, 0.4556521E+01, 0.4594979E+01,
 0.4682000E+02, 0.5238827E+01, 0.4592752E+01, 0.4556521E+01, 0.4594979E+01,
 0.4684000E+02, 0.5238827E+01, 0.4592753E+01, 0.4556521E+01, 0.4594979E+01,
 0.4686000E+02, 0.5238827E+01, 0.4592753E+01, 0.4556521E+01, 0.4594979E+01,
 0.4688000E+02, 0.5238827E+01, 0.4592753E+01, 0.4556521E+01, 0.4594979E+01,
 0.4690000E+02, 0.5238827E+01, 0.4592753E+01, 0.4556521E+01, 0.4594979E+01,
 0.4692000E+02, 0.5238827E+01, 0.4592753E+01, 0.4556521E+01, 0.4594979E+01,
 0.4694000E+02, 0.5238827E+01, 0.4592753E+01, 0.4556521E+01, 0.4594979E+01,
 0.4696000E+02, 0.5238827E+01, 0.4592753E+01, 0.4556521E+01, 0.4594979E+01,
 0.4698000E+02, 0.5238827E+01, 0.4592753E+01, 0.4556521E+01, 0.4594979E+01,
 0.4700000E+02, 0.5238827E+01, 0.4592753E+01, 0.4556521E+01, 0.4594979E+01,
 0.4702000E+02, 0.5238827E+01, 0.4592753E+01, 0.4556521E+01, 0.4594979E+01,
 0.4704000E+02, 0.5238828E+01, 0.4592753E+01, 0.4556521E+01, 0.4594979E+01,
 0.4706000E+02, 0.5238828E+01, 0.4592753E+01, 0.4556521E+01, 0.4594979E+01,
 0.4708000E+02, 0.5238828E+01, 0.4592753E+01, 0.4556521E+01, 0.4594979E+01,
 0.4710000E+02, 0.5238828E+01, 0.4592753E+01, 0.4556521E+01, 0.4594979E+01,
 0.4712000E+02, 0.5238828E+01, 0.4592753E+01, 0.4556521E+01, 0.4594979E+01,
 0.4714000E+02, 0.5238828E+01, 0.4592753E+01, 0.4556521E+01, 0.4594979E+01,
 0.4716000E+02, 0.5238828E+01, 0.4592753E+01, 0.4556521E+01, 0.4594979E+01,
 0.4718000E+02, 0.5238828E+01, 0.4592753E+01, 0.4556521E+01, 0.4594979E+01,
 0.4720000E+02, 0.5238828E+01, 0.4592753E+01, 0.4556521E+01, 0.4594979E+01,
 0.4722000E+02, 0.5238828E+01, 0.4592753E+01, 0.4556521E+01, 0.4594979E+01,
 0.4724000E+02, 0.5238828E+01, 0.4592753E+01, 0.4556521E+01, 0.4594979E+01,
 0.4726000E+02, 0.5238828E+01, 0.4592753E+01, 0.4556521E+01, 0.4594979E+01,
 0.4728000E+02, 0.5238828E+01, 0.4592753E+01, 0.4556521E+01, 0.4594979E+01,
 0.4730000E+02, 0.5238828E+01, 0.4592753E+01, 0.4556521E+01, 0.4594979E+01,
 0.4732000E+02, 0.5238828E+01, 0.4592753E+01, 0.4556521E+01, 0.4594979E+01,
 0.4734000E+02, 0.5238828E+01, 0.4592753E+01, 0.4556522E+01, 0.4594979E+01,
 0.4736000E+02, 0.5238828E+01, 0.4592753E+01, 0.4556522E+01, 0.4594979E+01,
 0.4738000E+02, 0.5238828E+01, 0.4592753E+01, 0.4556522E+01, 0.4594979E+01,
 0.4740000E+02, 0.5238828E+01, 0.4592753E+01, 0.4556522E+01, 0.4594979E+01,
 0.4742000E+02, 0.5238828E+01, 0.4592753E+01, 0.4556522E+01, 0.4594979E+01,
 0.4744000E+02, 0.5238828E+01, 0.4592753E+01, 0.4556522E+01, 0.4594979E+01,
 0.4746000E+02, 0.5238828E+01, 0.4592753E+01, 0.4556522E+01, 0.4594979E+01,
 0.4748000E+02, 0.5238828E+01, 0.4592753E+01, 0.4556522E+01, 0.4594979E+01,
 0.4750000E+02, 0.5238828E+01, 0.4592753E+01, 0.4556522E+01, 0.4594979E+01,
 0.4752000E+02, 0.5238828E+01, 0.4592753E+01, 0.4556522E+01, 0.4594980E+01,
 0.4754000E+02, 0.5238828E+01, 0.4592753E+01, 0.4556522E+01, 0.4594980E+01,
 0.4756000E+02, 0.5238828E+01, 0.4592753E+01, 0.4556522E+01, 0.4594980E+01,
 0.4758000E+02, 0.5238828E+01, 0.4592753E+01, 0.4556522E+01, 0.4594980E+01,
 0.4760000E+02, 0.5238828E+01, 0.4592753E+01, 0.4556522E+01, 0.4594980E+01,
 0.4762000E+02, 0.5238828E+01, 0.4592753E+01, 0.4556522E+01, 0.4594980E+01,
 0.4764000E+02, 0.5238828E+01, 0.4592753E+01, 0.4556522E+01, 0.4594980E+01,
 0.4766000E+02, 0.5238828E+01, 0.4592754E+01, 0.4556522E+01, 0.4594980E+01,
 0.4768000E+02, 0.5238828E+01, 0.4592754E+01, 0.4556522E+01, 0.4594980E+01,
 0.4770000E+02, 0.5238829E+01, 0.4592754E+01, 0.4556522E+01, 0.4594980E+01,
 0.4772000E+02, 0.5238829E+01, 0.4592754E+01, 0.4556522E+01, 0.4594980E+01,
 0.4774000E+02, 0.5238829E+01, 0.4592754E+01, 0.4556522E+01, 0.4594980E+01,
 0.4776000E+02, 0.5238829E+01, 0.4592754E+01, 0.4556522E+01, 0.4594980E+01,
 0.4778000E+02, 0.5238829E+01, 0.4592754E+01, 0.4556522E+01, 0.4594980E+01,
 0.4780000E+02, 0.5238829E+01, 0.4592754E+01, 0.4556522E+01, 0.4594980E+01,
 0.4782000E+02, 0.5238829E+01, 0.4592754E+01, 0.4556522E+01, 0.4594980E+01,
 0.4784000E+02, 0.5238829E+01, 0.4592754E+01, 0.4556522E+01, 0.4594980E+01,
 0.4786000E+02, 0.5238829E+01, 0.4592754E+01, 0.4556522E+01, 0.4594980E+01,
 0.4788000E+02, 0.5238829E+01, 0.4592754E+01, 0.4556522E+01, 0.4594980E+01,
 0.4790000E+02, 0.5238829E+01, 0.4592754E+01, 0.4556522E+01, 0.4594980E+01,
 0.4792000E+02, 0.5238829E+01, 0.4592754E+01, 0.4556522E+01, 0.4594980E+01,
 0.4794000E+02, 0.5238829E+01, 0.4592754E+01, 0.4556522E+01, 0.4594980E+01,
 0.4796000E+02, 0.5238829E+01, 0.4592754E+01, 0.4556522E+01, 0.4594980E+01,
 0.4798000E+02, 0.5238829E+01, 0.4592754E+01, 0.4556522E+01, 0.4594980E+01,
 0.4800000E+02, 0.5238829E+01, 0.4592754E+01, 0.4556522E+01, 0.4594980E+01,
 0.4802000E+02, 0.5238829E+01, 0.4592754E+01, 0.4556522E+01, 0.4594980E+01,
 0.4804000E+02, 0.5238829E+01, 0.4592754E+01, 0.4556522E+01, 0.4594980E+01,
 0.4806000E+02, 0.5238829E+01, 0.4592754E+01, 0.4556522E+01, 0.4594980E+01,
 0.4808000E+02, 0.5238829E+01, 0.4592754E+01, 0.4556522E+01, 0.4594980E+01,
 0.4810000E+02, 0.5238829E+01, 0.4592754E+01, 0.4556522E+01, 0.4594980E+01,
 0.4812000E+02, 0.5238829E+01, 0.4592754E+01, 0.4556522E+01, 0.4594980E+01,
 0.4814000E+02, 0.5238829E+01, 0.4592754E+01, 0.4556522E+01, 0.4594980E+01,
 0.4816000E+02, 0.5238829E+01, 0.4592754E+01, 0.4556522E+01, 0.4594980E+01,
 0.4818000E+02, 0.5238829E+01, 0.4592754E+01, 0.4556522E+01, 0.4594980E+01,
 0.4820000E+02, 0.5238829E+01, 0.4592754E+01, 0.4556522E+01, 0.4594980E+01,
 0.4822000E+02, 0.5238829E+01, 0.4592754E+01, 0.4556522E+01, 0.4594980E+01,
 0.4824000E+02, 0.5238829E+01, 0.4592754E+01, 0.4556522E+01, 0.4594980E+01,
 0.4826000E+02, 0.5238829E+01, 0.4592754E+01, 0.4556522E+01, 0.4594980E+01,
 0.4828000E+02, 0.5238829E+01, 0.4592754E+01, 0.4556522E+01, 0.4594980E+01,
 0.4830000E+02, 0.5238829E+01, 0.4592754E+01, 0.4556522E+01, 0.4594980E+01,
 0.4832000E+02, 0.5238829E+01, 0.4592754E+01, 0.4556522E+01, 0.4594980E+01,
 0.4834000E+02, 0.5238829E+01, 0.4592754E+01, 0.4556522E+01, 0.4594980E+01,
 0.4836000E+02, 0.5238829E+01, 0.4592754E+01, 0.4556522E+01, 0.4594980E+01,
 0.4838000E+02, 0.5238829E+01, 0.4592754E+01, 0.4556522E+01, 0.4594980E+01,
 0.4840000E+02, 0.5238829E+01, 0.4592754E+01, 0.4556522E+01, 0.4594980E+01,
 0.4842000E+02, 0.5238829E+01, 0.4592754E+01, 0.4556522E+01, 0.4594980E+01,
 0.4844000E+02, 0.5238829E+01, 0.4592754E+01, 0.4556522E+01, 0.4594980E+01,
 0.4846000E+02, 0.5238829E+01, 0.4592754E+01, 0.4556522E+01, 0.4594980E+01,
 0.4848000E+02, 0.5238829E+01, 0.4592754E+01, 0.4556523E+01, 0.4594980E+01,
 0.4850000E+02, 0.5238829E+01, 0.4592754E+01, 0.4556523E+01, 0.4594980E+01,
 0.4852000E+02, 0.5238829E+01, 0.4592754E+01, 0.4556523E+01, 0.4594980E+01,
 0.4854000E+02, 0.5238829E+01, 0.4592754E+01, 0.4556523E+01, 0.4594980E+01,
 0.4856000E+02, 0.5238829E+01, 0.4592754E+01, 0.4556523E+01, 0.4594980E+01,
 0.4858000E+02, 0.5238829E+01, 0.4592754E+01, 0.4556523E+01, 0.4594980E+01,
 0.4860000E+02, 0.5238829E+01, 0.4592754E+01, 0.4556523E+01, 0.4594980E+01,
 0.4862000E+02, 0.5238829E+01, 0.4592754E+01, 0.4556523E+01, 0.4594980E+01,
 0.4864000E+02, 0.5238829E+01, 0.4592754E+01, 0.4556523E+01, 0.4594980E+01,
 0.4866000E+02, 0.5238829E+01, 0.4592754E+01, 0.4556523E+01, 0.4594980E+01,
 0.4868000E+02, 0.5238830E+01, 0.4592754E+01, 0.4556523E+01, 0.4594980E+01,
 0.4870000E+02, 0.5238830E+01, 0.4592754E+01, 0.4556523E+01, 0.4594980E+01,
 0.4872000E+02, 0.5238830E+01, 0.4592754E+01, 0.4556523E+01, 0.4594980E+01,
 0.4874000E+02, 0.5238830E+01, 0.4592754E+01, 0.4556523E+01, 0.4594981E+01,
 0.4876000E+02, 0.5238830E+01, 0.4592754E+01, 0.4556523E+01, 0.4594981E+01,
 0.4878000E+02, 0.5238830E+01, 0.4592754E+01, 0.4556523E+01, 0.4594981E+01,
 0.4880000E+02, 0.5238830E+01, 0.4592754E+01, 0.4556523E+01, 0.4594981E+01,
 0.4882000E+02, 0.5238830E+01, 0.4592754E+01, 0.4556523E+01, 0.4594981E+01,
 0.4884000E+02, 0.5238830E+01, 0.4592754E+01, 0.4556523E+01, 0.4594981E+01,
 0.4886000E+02, 0.5238830E+01, 0.4592754E+01, 0.4556523E+01, 0.4594981E+01,
 0.4888000E+02, 0.5238830E+01, 0.4592754E+01, 0.4556523E+01, 0.4594981E+01,
 0.4890000E+02, 0.5238830E+01, 0.4592754E+01, 0.4556523E+01, 0.4594981E+01,
 0.4892000E+02, 0.5238830E+01, 0.4592754E+01, 0.4556523E+01, 0.4594981E+01,
 0.4894000E+02, 0.5238830E+01, 0.4592754E+01, 0.4556523E+01, 0.4594981E+01,
 0.4896000E+02, 0.5238830E+01, 0.4592754E+01, 0.4556523E+01, 0.4594981E+01,
 0.4898000E+02, 0.5238830E+01, 0.4592754E+01, 0.4556523E+01, 0.4594981E+01,
 0.4900000E+02, 0.5238830E+01, 0.4592755E+01, 0.4556523E+01, 0.4594981E+01,
 0.4902000E+02, 0.5238830E+01, 0.4592755E+01, 0.4556523E+01, 0.4594981E+01,
 0.4904000E+02, 0.5238830E+01, 0.4592755E+01, 0.4556523E+01, 0.4594981E+01,
 0.4906000E+02, 0.5238830E+01, 0.4592755E+01, 0.4556523E+01, 0.4594981E+01,
 0.4908000E+02, 0.5238830E+01, 0.4592755E+01, 0.4556523E+01, 0.4594981E+01,
 0.4910000E+02, 0.5238830E+01, 0.4592755E+01, 0.4556523E+01, 0.4594981E+01,
 0.4912000E+02, 0.5238830E+01, 0.4592755E+01, 0.4556523E+01, 0.4594981E+01,
 0.4914000E+02, 0.5238830E+01, 0.4592755E+01, 0.4556523E+01, 0.4594981E+01,
 0.4916000E+02, 0.5238830E+01, 0.4592755E+01, 0.4556523E+01, 0.4594981E+01,
 0.4918000E+02, 0.5238830E+01, 0.4592755E+01, 0.4556523E+01, 0.4594981E+01,
 0.4920000E+02, 0.5238830E+01, 0.4592755E+01, 0.4556523E+01, 0.4594981E+01,
 0.4922000E+02, 0.5238830E+01, 0.4592755E+01, 0.4556523E+01, 0.4594981E+01,
 0.4924000E+02, 0.5238830E+01, 0.4592755E+01, 0.4556523E+01, 0.4594981E+01,
 0.4926000E+02, 0.5238830E+01, 0.4592755E+01, 0.4556523E+01, 0.4594981E+01,
 0.4928000E+02, 0.5238830E+01, 0.4592755E+01, 0.4556523E+01, 0.4594981E+01,
 0.4930000E+02, 0.5238830E+01, 0.4592755E+01, 0.4556523E+01, 0.4594981E+01,
 0.4932000E+02, 0.5238830E+01, 0.4592755E+01, 0.4556523E+01, 0.4594981E+01,
 0.4934000E+02, 0.5238830E+01, 0.4592755E+01, 0.4556523E+01, 0.4594981E+01,
 0.4936000E+02, 0.5238830E+01, 0.4592755E+01, 0.4556523E+01, 0.4594981E+01,
 0.4938000E+02, 0.5238830E+01, 0.4592755E+01, 0.4556523E+01, 0.4594981E+01,
 0.4940000E+02, 0.5238830E+01, 0.4592755E+01, 0.4556523E+01, 0.4594981E+01,
 0.4942000E+02, 0.5238830E+01, 0.4592755E+01, 0.4556523E+01, 0.4594981E+01,
 0.4944000E+02, 0.5238830E+01, 0.4592755E+01, 0.4556523E+01, 0.4594981E+01,
 0.4946000E+02, 0.5238830E+01, 0.4592755E+01, 0.4556523E+01, 0.4594981E+01,
 0.4948000E+02, 0.5238830E+01, 0.4592755E+01, 0.4556523E+01, 0.4594981E+01,
 0.4950000E+02, 0.5238830E+01, 0.4592755E+01, 0.4556523E+01, 0.4594981E+01,
 0.4952000E+02, 0.5238830E+01, 0.4592755E+01, 0.4556523E+01, 0.4594981E+01,
 0.4954000E+02, 0.5238830E+01, 0.4592755E+01, 0.4556523E+01, 0.4594981E+01,
 0.4956000E+02, 0.5238830E+01, 0.4592755E+01, 0.4556523E+01, 0.4594981E+01,
 0.4958000E+02, 0.5238830E+01, 0.4592755E+01, 0.4556523E+01, 0.4594981E+01,
 0.4960000E+02, 0.5238830E+01, 0.4592755E+01, 0.4556523E+01, 0.4594981E+01,
 0.4962000E+02, 0.5238830E+01, 0.4592755E+01, 0.4556523E+01, 0.4594981E+01,
 0.4964000E+02, 0.5238830E+01, 0.4592755E+01, 0.4556523E+01, 0.4594981E+01,
 0.4966000E+02, 0.5238830E+01, 0.4592755E+01, 0.4556523E+01, 0.4594981E+01,
 0.4968000E+02, 0.5238830E+01, 0.4592755E+01, 0.4556523E+01, 0.4594981E+01,
 0.4970000E+02, 0.5238830E+01, 0.4592755E+01, 0.4556523E+01, 0.4594981E+01,
 0.4972000E+02, 0.5238830E+01, 0.4592755E+01, 0.4556523E+01, 0.4594981E+01,
 0.4974000E+02, 0.5238830E+01, 0.4592755E+01, 0.4556523E+01, 0.4594981E+01,
 0.4976000E+02, 0.5238830E+01, 0.4592755E+01, 0.4556523E+01, 0.4594981E+01,
 0.4978000E+02, 0.5238830E+01, 0.4592755E+01, 0.4556523E+01, 0.4594981E+01,
 0.4980000E+02, 0.5238830E+01, 0.4592755E+01, 0.4556523E+01, 0.4594981E+01,
 0.4982000E+02, 0.5238830E+01, 0.4592755E+01, 0.4556523E+01, 0.4594981E+01,
 0.4984000E+02, 0.5238830E+01, 0.4592755E+01, 0.4556523E+01, 0.4594981E+01,
 0.4986000E+02, 0.5238830E+01, 0.4592755E+01, 0.4556523E+01, 0.4594981E+01,
 0.4988000E+02, 0.5238830E+01, 0.4592755E+01, 0.4556523E+01, 0.4594981E+01,
 0.4990000E+02, 0.5238830E+01, 0.4592755E+01, 0.4556523E+01, 0.4594981E+01,
 0.4992000E+02, 0.5238830E+01, 0.4592755E+01, 0.4556523E+01, 0.4594981E+01,
 0.4994000E+02, 0.5238830E+01, 0.4592755E+01, 0.4556523E+01, 0.4594981E+01,
 0.4996000E+02, 0.5238830E+01, 0.4592755E+01, 0.4556523E+01, 0.4594981E+01,
 0.4998000E+02, 0.5238830E+01, 0.4592755E+01, 0.4556523E+01, 0.4594981E+01,
 0.5000000E+02, 0.5238830E+01, 0.4592755E+01, 0.4556523E+01, 0.4594981E+01,
 0.5002000E+02, 0.5238830E+01, 0.4592755E+01, 0.4556523E+01, 0.4594981E+01,
 0.5004000E+02, 0.5238830E+01, 0.4592755E+01, 0.4556523E+01, 0.4594981E+01,
 0.5006000E+02, 0.5238830E+01, 0.4592755E+01, 0.4556523E+01, 0.4594981E+01,
 0.5008000E+02, 0.5238830E+01, 0.4592755E+01, 0.4556523E+01, 0.4594981E+01,
 0.5010000E+02, 0.5238830E+01, 0.4592755E+01, 0.4556523E+01, 0.4594981E+01,
 0.5012000E+02, 0.5238830E+01, 0.4592755E+01, 0.4556523E+01, 0.4594981E+01,
 0.5014000E+02, 0.5238830E+01, 0.4592755E+01, 0.4556523E+01, 0.4594981E+01,
 0.5016000E+02, 0.5238830E+01, 0.4592755E+01, 0.4556523E+01, 0.4594981E+01,
 0.5018000E+02, 0.5238830E+01, 0.4592755E+01, 0.4556523E+01, 0.4594981E+01,
 0.5020000E+02, 0.5238830E+01, 0.4592755E+01, 0.4556523E+01, 0.4594981E+01,
 0.5022000E+02, 0.5238830E+01, 0.4592755E+01, 0.4556523E+01, 0.4594981E+01,
 0.5024000E+02, 0.5238830E+01, 0.4592755E+01, 0.4556523E+01, 0.4594981E+01,
 0.5026000E+02, 0.5238830E+01, 0.4592755E+01, 0.4556523E+01, 0.4594981E+01,
 0.5028000E+02, 0.5238830E+01, 0.4592755E+01, 0.4556523E+01, 0.4594981E+01,
 0.5030000E+02, 0.5238830E+01, 0.4592755E+01, 0.4556523E+01, 0.4594981E+01,
 0.5032000E+02, 0.5238830E+01, 0.4592755E+01, 0.4556523E+01, 0.4594981E+01,
 0.5034000E+02, 0.5238830E+01, 0.4592755E+01, 0.4556523E+01, 0.4594981E+01,
 0.5036000E+02, 0.5238830E+01, 0.4592755E+01, 0.4556523E+01, 0.4594981E+01,
 0.5038000E+02, 0.5238830E+01, 0.4592755E+01, 0.4556523E+01, 0.4594981E+01,
 0.5040000E+02, 0.5238830E+01, 0.4592755E+01, 0.4556523E+01, 0.4594981E+01,
 0.5042000E+02, 0.5238830E+01, 0.4592755E+01, 0.4556523E+01, 0.4594981E+01,
 0.5044000E+02, 0.5238830E+01, 0.4592755E+01, 0.4556523E+01, 0.4594981E+01,
 0.5046000E+02, 0.5238830E+01, 0.4592755E+01, 0.4556523E+01, 0.4594981E+01,
 0.5048000E+02, 0.5238831E+01, 0.4592755E+01, 0.4556523E+01, 0.4594981E+01,
 0.5050000E+02, 0.5238831E+01, 0.4592755E+01, 0.4556523E+01, 0.4594981E+01,
 0.5052000E+02, 0.5238831E+01, 0.4592755E+01, 0.4556523E+01, 0.4594981E+01,
 0.5054000E+02, 0.5238831E+01, 0.4592755E+01, 0.4556523E+01, 0.4594981E+01,
 0.5056000E+02, 0.5238831E+01, 0.4592755E+01, 0.4556523E+01, 0.4594981E+01,
 0.5058000E+02, 0.5238831E+01, 0.4592755E+01, 0.4556523E+01, 0.4594981E+01,
 0.5060000E+02, 0.5238831E+01, 0.4592755E+01, 0.4556523E+01, 0.4594981E+01,
 0.5062000E+02, 0.5238831E+01, 0.4592755E+01, 0.4556523E+01, 0.4594981E+01,
 0.5064000E+02, 0.5238831E+01, 0.4592755E+01, 0.4556523E+01, 0.4594981E+01,
 0.5066000E+02, 0.5238831E+01, 0.4592755E+01, 0.4556523E+01, 0.4594981E+01,
 0.5068000E+02, 0.5238831E+01, 0.4592755E+01, 0.4556523E+01, 0.4594981E+01,
 0.5070000E+02, 0.5238831E+01, 0.4592755E+01, 0.4556523E+01, 0.4594981E+01,
 0.5072000E+02, 0.5238831E+01, 0.4592755E+01, 0.4556523E+01, 0.4594981E+01,
 0.5074000E+02, 0.5238831E+01, 0.4592755E+01, 0.4556523E+01, 0.4594981E+01,
 0.5076000E+02, 0.5238831E+01, 0.4592755E+01, 0.4556523E+01, 0.4594981E+01,
 0.5078000E+02, 0.5238831E+01, 0.4592755E+01, 0.4556523E+01, 0.4594981E+01,
 0.5080000E+02, 0.5238831E+01, 0.4592755E+01, 0.4556523E+01, 0.4594981E+01,
 0.5082000E+02, 0.5238831E+01, 0.4592755E+01, 0.4556523E+01, 0.4594981E+01,
 0.5084000E+02, 0.5238831E+01, 0.4592755E+01, 0.4556523E+01, 0.4594981E+01,
 0.5086000E+02, 0.5238831E+01, 0.4592755E+01, 0.4556523E+01, 0.4594981E+01,
 0.5088000E+02, 0.5238831E+01, 0.4592755E+01, 0.4556523E+01, 0.4594981E+01,
 0.5090000E+02, 0.5238831E+01, 0.4592755E+01, 0.4556523E+01, 0.4594981E+01,
 0.5092000E+02, 0.5238831E+01, 0.4592755E+01, 0.4556523E+01, 0.4594981E+01,
 0.5094000E+02, 0.5238831E+01, 0.4592755E+01, 0.4556524E+01, 0.4594981E+01,
 0.5096000E+02, 0.5238831E+01, 0.4592755E+01, 0.4556524E+01, 0.4594981E+01,
 0.5098000E+02, 0.5238831E+01, 0.4592755E+01, 0.4556524E+01, 0.4594981E+01,
 0.5100000E+02, 0.5238831E+01, 0.4592755E+01, 0.4556524E+01, 0.4594981E+01,
 0.5102000E+02, 0.5238831E+01, 0.4592755E+01, 0.4556524E+01, 0.4594981E+01,
 0.5104000E+02, 0.5238831E+01, 0.4592755E+01, 0.4556524E+01, 0.4594981E+01,
 0.5106000E+02, 0.5238831E+01, 0.4592755E+01, 0.4556524E+01, 0.4594981E+01,
 0.5108000E+02, 0.5238831E+01, 0.4592755E+01, 0.4556524E+01, 0.4594981E+01,
 0.5110000E+02, 0.5238831E+01, 0.4592755E+01, 0.4556524E+01, 0.4594981E+01,
 0.5112000E+02, 0.5238831E+01, 0.4592755E+01, 0.4556524E+01, 0.4594981E+01,
 0.5114000E+02, 0.5238831E+01, 0.4592755E+01, 0.4556524E+01, 0.4594981E+01,
 0.5116000E+02, 0.5238831E+01, 0.4592755E+01, 0.4556524E+01, 0.4594981E+01,
 0.5118000E+02, 0.5238831E+01, 0.4592755E+01, 0.4556524E+01, 0.4594981E+01,
 0.5120000E+02, 0.5238831E+01, 0.4592755E+01, 0.4556524E+01, 0.4594981E+01,
 0.5122000E+02, 0.5238831E+01, 0.4592755E+01, 0.4556524E+01, 0.4594981E+01,
 0.5124000E+02, 0.5238831E+01, 0.4592755E+01, 0.4556524E+01, 0.4594981E+01,
 0.5126000E+02, 0.5238831E+01, 0.4592755E+01, 0.4556524E+01, 0.4594981E+01,
 0.5128000E+02, 0.5238831E+01, 0.4592755E+01, 0.4556524E+01, 0.4594981E+01,
 0.5130000E+02, 0.5238831E+01, 0.4592755E+01, 0.4556524E+01, 0.4594981E+01,
 0.5132000E+02, 0.5238831E+01, 0.4592755E+01, 0.4556524E+01, 0.4594981E+01,
 0.5134000E+02, 0.5238831E+01, 0.4592755E+01, 0.4556524E+01, 0.4594981E+01,
 0.5136000E+02, 0.5238831E+01, 0.4592755E+01, 0.4556524E+01, 0.4594981E+01,
 0.5138000E+02, 0.5238831E+01, 0.4592755E+01, 0.4556524E+01, 0.4594981E+01,
 0.5140000E+02, 0.5238831E+01, 0.4592755E+01, 0.4556524E+01, 0.4594981E+01,
 0.5142000E+02, 0.5238831E+01, 0.4592755E+01, 0.4556524E+01, 0.4594981E+01,
 0.5144000E+02, 0.5238831E+01, 0.4592755E+01, 0.4556524E+01, 0.4594981E+01,
 0.5146000E+02, 0.5238831E+01, 0.4592755E+01, 0.4556524E+01, 0.4594981E+01,
 0.5148000E+02, 0.5238831E+01, 0.4592755E+01, 0.4556524E+01, 0.4594981E+01,
 0.5150000E+02, 0.5238831E+01, 0.4592755E+01, 0.4556524E+01, 0.4594981E+01,
 0.5152000E+02, 0.5238831E+01, 0.4592755E+01, 0.4556524E+01, 0.4594981E+01,
 0.5154000E+02, 0.5238831E+01, 0.4592755E+01, 0.4556524E+01, 0.4594981E+01,
 0.5156000E+02, 0.5238831E+01, 0.4592755E+01, 0.4556524E+01, 0.4594981E+01,
 0.5158000E+02, 0.5238831E+01, 0.4592755E+01, 0.4556524E+01, 0.4594981E+01,
 0.5160000E+02, 0.5238831E+01, 0.4592755E+01, 0.4556524E+01, 0.4594981E+01,
 0.5162000E+02, 0.5238831E+01, 0.4592755E+01, 0.4556524E+01, 0.4594981E+01,
 0.5164000E+02, 0.5238831E+01, 0.4592755E+01, 0.4556524E+01, 0.4594981E+01,
 0.5166000E+02, 0.5238831E+01, 0.4592755E+01, 0.4556524E+01, 0.4594981E+01,
 0.5168000E+02, 0.5238831E+01, 0.4592755E+01, 0.4556524E+01, 0.4594981E+01,
 0.5170000E+02, 0.5238831E+01, 0.4592755E+01, 0.4556524E+01, 0.4594981E+01,
 0.5172000E+02, 0.5238831E+01, 0.4592755E+01, 0.4556524E+01, 0.4594982E+01,
 0.5174000E+02, 0.5238831E+01, 0.4592755E+01, 0.4556524E+01, 0.4594982E+01,
 0.5176000E+02, 0.5238831E+01, 0.4592755E+01, 0.4556524E+01, 0.4594982E+01,
 0.5178000E+02, 0.5238831E+01, 0.4592755E+01, 0.4556524E+01, 0.4594982E+01,
 0.5180000E+02, 0.5238831E+01, 0.4592755E+01, 0.4556524E+01, 0.4594982E+01,
 0.5182000E+02, 0.5238831E+01, 0.4592755E+01, 0.4556524E+01, 0.4594982E+01,
 0.5184000E+02, 0.5238831E+01, 0.4592755E+01, 0.4556524E+01, 0.4594982E+01,
 0.5186000E+02, 0.5238831E+01, 0.4592755E+01, 0.4556524E+01, 0.4594982E+01,
 0.5188000E+02, 0.5238831E+01, 0.4592755E+01, 0.4556524E+01, 0.4594982E+01,
 0.5190000E+02, 0.5238831E+01, 0.4592755E+01, 0.4556524E+01, 0.4594982E+01,
 0.5192000E+02, 0.5238831E+01, 0.4592755E+01, 0.4556524E+01, 0.4594982E+01,
 0.5194000E+02, 0.5238831E+01, 0.4592755E+01, 0.4556524E+01, 0.4594982E+01,
 0.5196000E+02, 0.5238831E+01, 0.4592755E+01, 0.4556524E+01, 0.4594982E+01,
 0.5198000E+02, 0.5238831E+01, 0.4592755E+01, 0.4556524E+01, 0.4594982E+01,
 0.5200000E+02, 0.5238831E+01, 0.4592755E+01, 0.4556524E+01, 0.4594982E+01,
 0.5202000E+02, 0.5238831E+01, 0.4592755E+01, 0.4556524E+01, 0.4594982E+01,
 0.5204000E+02, 0.5238831E+01, 0.4592755E+01, 0.4556524E+01, 0.4594982E+01,
 0.5206000E+02, 0.5238831E+01, 0.4592755E+01, 0.4556524E+01, 0.4594982E+01,
 0.5208000E+02, 0.5238831E+01, 0.4592755E+01, 0.4556524E+01, 0.4594982E+01,
 0.5210000E+02, 0.5238831E+01, 0.4592755E+01, 0.4556524E+01, 0.4594982E+01,
 0.5212000E+02, 0.5238831E+01, 0.4592755E+01, 0.4556524E+01, 0.4594982E+01,
 0.5214000E+02, 0.5238831E+01, 0.4592755E+01, 0.4556524E+01, 0.4594982E+01,
 0.5216000E+02, 0.5238831E+01, 0.4592755E+01, 0.4556524E+01, 0.4594982E+01,
 0.5218000E+02, 0.5238831E+01, 0.4592755E+01, 0.4556524E+01, 0.4594982E+01,
 0.5220000E+02, 0.5238831E+01, 0.4592755E+01, 0.4556524E+01, 0.4594982E+01,
 0.5222000E+02, 0.5238831E+01, 0.4592755E+01, 0.4556524E+01, 0.4594982E+01,
 0.5224000E+02, 0.5238831E+01, 0.4592755E+01, 0.4556524E+01, 0.4594982E+01,
 0.5226000E+02, 0.5238831E+01, 0.4592755E+01, 0.4556524E+01, 0.4594982E+01,
 0.5228000E+02, 0.5238831E+01, 0.4592755E+01, 0.4556524E+01, 0.4594982E+01,
 0.5230000E+02, 0.5238831E+01, 0.4592755E+01, 0.4556524E+01, 0.4594982E+01,
 0.5232000E+02, 0.5238831E+01, 0.4592755E+01, 0.4556524E+01, 0.4594982E+01,
 0.5234000E+02, 0.5238831E+01, 0.4592755E+01, 0.4556524E+01, 0.4594982E+01,
 0.5236000E+02, 0.5238831E+01, 0.4592755E+01, 0.4556524E+01, 0.4594982E+01,
 0.5238000E+02, 0.5238831E+01, 0.4592755E+01, 0.4556524E+01, 0.4594982E+01,
 0.5240000E+02, 0.5238831E+01, 0.4592755E+01, 0.4556524E+01, 0.4594982E+01,
 0.5242000E+02, 0.5238831E+01, 0.4592755E+01, 0.4556524E+01, 0.4594982E+01,
 0.5244000E+02, 0.5238831E+01, 0.4592755E+01, 0.4556524E+01, 0.4594982E+01,
 0.5246000E+02, 0.5238831E+01, 0.4592755E+01, 0.4556524E+01, 0.4594982E+01,
 0.5248000E+02, 0.5238831E+01, 0.4592755E+01, 0.4556524E+01, 0.4594982E+01,
 0.5250000E+02, 0.5238831E+01, 0.4592755E+01, 0.4556524E+01, 0.4594982E+01,
 0.5252000E+02, 0.5238831E+01, 0.4592755E+01, 0.4556524E+01, 0.4594982E+01,
 0.5254000E+02, 0.5238831E+01, 0.4592755E+01, 0.4556524E+01, 0.4594982E+01,
 0.5256000E+02, 0.5238831E+01, 0.4592755E+01, 0.4556524E+01, 0.4594982E+01,
 0.5258000E+02, 0.5238831E+01, 0.4592755E+01, 0.4556524E+01, 0.4594982E+01,
 0.5260000E+02, 0.5238831E+01, 0.4592755E+01, 0.4556524E+01, 0.4594982E+01,
 0.5262000E+02, 0.5238831E+01, 0.4592755E+01, 0.4556524E+01, 0.4594982E+01,
 0.5264000E+02, 0.5238831E+01, 0.4592755E+01, 0.4556524E+01, 0.4594982E+01,
 0.5266000E+02, 0.5238831E+01, 0.4592755E+01, 0.4556524E+01, 0.4594982E+01,
 0.5268000E+02, 0.5238831E+01, 0.4592755E+01, 0.4556524E+01, 0.4594982E+01,
 0.5270000E+02, 0.5238831E+01, 0.4592755E+01, 0.4556524E+01, 0.4594982E+01,
 0.5272000E+02, 0.5238831E+01, 0.4592755E+01, 0.4556524E+01, 0.4594982E+01,
 0.5274000E+02, 0.5238831E+01, 0.4592755E+01, 0.4556524E+01, 0.4594982E+01,
 0.5276000E+02, 0.5238831E+01, 0.4592755E+01, 0.4556524E+01, 0.4594982E+01,
 0.5278000E+02, 0.5238831E+01, 0.4592755E+01, 0.4556524E+01, 0.4594982E+01,
 0.5280000E+02, 0.5238831E+01, 0.4592755E+01, 0.4556524E+01, 0.4594982E+01,
 0.5282000E+02, 0.5238831E+01, 0.4592755E+01, 0.4556524E+01, 0.4594982E+01,
 0.5284000E+02, 0.5238831E+01, 0.4592755E+01, 0.4556524E+01, 0.4594982E+01,
 0.5286000E+02, 0.5238831E+01, 0.4592755E+01, 0.4556524E+01, 0.4594982E+01,
 0.5288000E+02, 0.5238831E+01, 0.4592755E+01, 0.4556524E+01, 0.4594982E+01,
 0.5290000E+02, 0.5238831E+01, 0.4592755E+01, 0.4556524E+01, 0.4594982E+01,
 0.5292000E+02, 0.5238831E+01, 0.4592755E+01, 0.4556524E+01, 0.4594982E+01,
 0.5294000E+02, 0.5238831E+01, 0.4592755E+01, 0.4556524E+01, 0.4594982E+01,
 0.5296000E+02, 0.5238831E+01, 0.4592755E+01, 0.4556524E+01, 0.4594982E+01,
 0.5298000E+02, 0.5238831E+01, 0.4592755E+01, 0.4556524E+01, 0.4594982E+01,
 0.5300000E+02, 0.5238831E+01, 0.4592755E+01, 0.4556524E+01, 0.4594982E+01,
 0.5302000E+02, 0.5238831E+01, 0.4592755E+01, 0.4556524E+01, 0.4594982E+01,
 0.5304000E+02, 0.5238831E+01, 0.4592755E+01, 0.4556524E+01, 0.4594982E+01,
 0.5306000E+02, 0.5238831E+01, 0.4592755E+01, 0.4556524E+01, 0.4594982E+01,
 0.5308000E+02, 0.5238831E+01, 0.4592755E+01, 0.4556524E+01, 0.4594982E+01,
 0.5310000E+02, 0.5238831E+01, 0.4592756E+01, 0.4556524E+01, 0.4594982E+01,
 0.5312000E+02, 0.5238831E+01, 0.4592756E+01, 0.4556524E+01, 0.4594982E+01,
 0.5314000E+02, 0.5238831E+01, 0.4592756E+01, 0.4556524E+01, 0.4594982E+01,
 0.5316000E+02, 0.5238831E+01, 0.4592756E+01, 0.4556524E+01, 0.4594982E+01,
 0.5318000E+02, 0.5238831E+01, 0.4592756E+01, 0.4556524E+01, 0.4594982E+01,
 0.5320000E+02, 0.5238831E+01, 0.4592756E+01, 0.4556524E+01, 0.4594982E+01,
 0.5322000E+02, 0.5238831E+01, 0.4592756E+01, 0.4556524E+01, 0.4594982E+01,
 0.5324000E+02, 0.5238831E+01, 0.4592756E+01, 0.4556524E+01, 0.4594982E+01,
 0.5326000E+02, 0.5238831E+01, 0.4592756E+01, 0.4556524E+01, 0.4594982E+01,
 0.5328000E+02, 0.5238831E+01, 0.4592756E+01, 0.4556524E+01, 0.4594982E+01,
 0.5330000E+02, 0.5238831E+01, 0.4592756E+01, 0.4556524E+01, 0.4594982E+01,
 0.5332000E+02, 0.5238831E+01, 0.4592756E+01, 0.4556524E+01, 0.4594982E+01,
 0.5334000E+02, 0.5238831E+01, 0.4592756E+01, 0.4556524E+01, 0.4594982E+01,
 0.5336000E+02, 0.5238831E+01, 0.4592756E+01, 0.4556524E+01, 0.4594982E+01,
 0.5338000E+02, 0.5238831E+01, 0.4592756E+01, 0.4556524E+01, 0.4594982E+01,
 0.5340000E+02, 0.5238831E+01, 0.4592756E+01, 0.4556524E+01, 0.4594982E+01,
 0.5342000E+02, 0.5238831E+01, 0.4592756E+01, 0.4556524E+01, 0.4594982E+01,
 0.5344000E+02, 0.5238831E+01, 0.4592756E+01, 0.4556524E+01, 0.4594982E+01,
 0.5346000E+02, 0.5238831E+01, 0.4592756E+01, 0.4556524E+01, 0.4594982E+01,
 0.5348000E+02, 0.5238831E+01, 0.4592756E+01, 0.4556524E+01, 0.4594982E+01,
 0.5350000E+02, 0.5238831E+01, 0.4592756E+01, 0.4556524E+01, 0.4594982E+01,
 0.5352000E+02, 0.5238831E+01, 0.4592756E+01, 0.4556524E+01, 0.4594982E+01,
 0.5354000E+02, 0.5238831E+01, 0.4592756E+01, 0.4556524E+01, 0.4594982E+01,
 0.5356000E+02, 0.5238831E+01, 0.4592756E+01, 0.4556524E+01, 0.4594982E+01,
 0.5358000E+02, 0.5238831E+01, 0.4592756E+01, 0.4556524E+01, 0.4594982E+01,
 0.5360000E+02, 0.5238831E+01, 0.4592756E+01, 0.4556524E+01, 0.4594982E+01,
 0.5362000E+02, 0.5238831E+01, 0.4592756E+01, 0.4556524E+01, 0.4594982E+01,
 0.5364000E+02, 0.5238831E+01, 0.4592756E+01, 0.4556524E+01, 0.4594982E+01,
 0.5366000E+02, 0.5238831E+01, 0.4592756E+01, 0.4556524E+01, 0.4594982E+01,
 0.5368000E+02, 0.5238831E+01, 0.4592756E+01, 0.4556524E+01, 0.4594982E+01,
 0.5370000E+02, 0.5238831E+01, 0.4592756E+01, 0.4556524E+01, 0.4594982E+01,
 0.5372000E+02, 0.5238831E+01, 0.4592756E+01, 0.4556524E+01, 0.4594982E+01,
 0.5374000E+02, 0.5238831E+01, 0.4592756E+01, 0.4556524E+01, 0.4594982E+01,
 0.5376000E+02, 0.5238831E+01, 0.4592756E+01, 0.4556524E+01, 0.4594982E+01,
 0.5378000E+02, 0.5238831E+01, 0.4592756E+01, 0.4556524E+01, 0.4594982E+01,
 0.5380000E+02, 0.5238831E+01, 0.4592756E+01, 0.4556524E+01, 0.4594982E+01,
 0.5382000E+02, 0.5238831E+01, 0.4592756E+01, 0.4556524E+01, 0.4594982E+01,
 0.5384000E+02, 0.5238831E+01, 0.4592756E+01, 0.4556524E+01, 0.4594982E+01,
 0.5386000E+02, 0.5238831E+01, 0.4592756E+01, 0.4556524E+01, 0.4594982E+01,
 0.5388000E+02, 0.5238831E+01, 0.4592756E+01, 0.4556524E+01, 0.4594982E+01,
 0.5390000E+02, 0.5238831E+01, 0.4592756E+01, 0.4556524E+01, 0.4594982E+01,
 0.5392000E+02, 0.5238831E+01, 0.4592756E+01, 0.4556524E+01, 0.4594982E+01,
 0.5394000E+02, 0.5238831E+01, 0.4592756E+01, 0.4556524E+01, 0.4594982E+01,
 0.5396000E+02, 0.5238831E+01, 0.4592756E+01, 0.4556524E+01, 0.4594982E+01,
 0.5398000E+02, 0.5238831E+01, 0.4592756E+01, 0.4556524E+01, 0.4594982E+01,
 0.5400000E+02, 0.5238831E+01, 0.4592756E+01, 0.4556524E+01, 0.4594982E+01,
 0.5402000E+02, 0.5238831E+01, 0.4592756E+01, 0.4556524E+01, 0.4594982E+01,
 0.5404000E+02, 0.5238831E+01, 0.4592756E+01, 0.4556524E+01, 0.4594982E+01,
 0.5406000E+02, 0.5238831E+01, 0.4592756E+01, 0.4556524E+01, 0.4594982E+01,
 0.5408000E+02, 0.5238831E+01, 0.4592756E+01, 0.4556524E+01, 0.4594982E+01,
 0.5410000E+02, 0.5238831E+01, 0.4592756E+01, 0.4556524E+01, 0.4594982E+01,
 0.5412000E+02, 0.5238831E+01, 0.4592756E+01, 0.4556524E+01, 0.4594982E+01,
 0.5414000E+02, 0.5238831E+01, 0.4592756E+01, 0.4556524E+01, 0.4594982E+01,
 0.5416000E+02, 0.5238831E+01, 0.4592756E+01, 0.4556524E+01, 0.4594982E+01,
 0.5418000E+02, 0.5238831E+01, 0.4592756E+01, 0.4556524E+01, 0.4594982E+01,
 0.5420000E+02, 0.5238831E+01, 0.4592756E+01, 0.4556524E+01, 0.4594982E+01,
 0.5422000E+02, 0.5238831E+01, 0.4592756E+01, 0.4556524E+01, 0.4594982E+01,
 0.5424000E+02, 0.5238831E+01, 0.4592756E+01, 0.4556524E+01, 0.4594982E+01,
 0.5426000E+02, 0.5238831E+01, 0.4592756E+01, 0.4556524E+01, 0.4594982E+01,
 0.5428000E+02, 0.5238831E+01, 0.4592756E+01, 0.4556524E+01, 0.4594982E+01,
 0.5430000E+02, 0.5238831E+01, 0.4592756E+01, 0.4556524E+01, 0.4594982E+01,
 0.5432000E+02, 0.5238831E+01, 0.4592756E+01, 0.4556524E+01, 0.4594982E+01,
 0.5434000E+02, 0.5238831E+01, 0.4592756E+01, 0.4556524E+01, 0.4594982E+01,
 0.5436000E+02, 0.5238831E+01, 0.4592756E+01, 0.4556524E+01, 0.4594982E+01,
 0.5438000E+02, 0.5238831E+01, 0.4592756E+01, 0.4556524E+01, 0.4594982E+01,
 0.5440000E+02, 0.5238831E+01, 0.4592756E+01, 0.4556524E+01, 0.4594982E+01,
 0.5442000E+02, 0.5238831E+01, 0.4592756E+01, 0.4556524E+01, 0.4594982E+01,
 0.5444000E+02, 0.5238831E+01, 0.4592756E+01, 0.4556524E+01, 0.4594982E+01,
 0.5446000E+02, 0.5238831E+01, 0.4592756E+01, 0.4556524E+01, 0.4594982E+01,
 0.5448000E+02, 0.5238831E+01, 0.4592756E+01, 0.4556524E+01, 0.4594982E+01,
 0.5450000E+02, 0.5238831E+01, 0.4592756E+01, 0.4556524E+01, 0.4594982E+01,
 0.5452000E+02, 0.5238831E+01, 0.4592756E+01, 0.4556524E+01, 0.4594982E+01,
 0.5454000E+02, 0.5238831E+01, 0.4592756E+01, 0.4556524E+01, 0.4594982E+01,
 0.5456000E+02, 0.5238831E+01, 0.4592756E+01, 0.4556524E+01, 0.4594982E+01,
 0.5458000E+02, 0.5238831E+01, 0.4592756E+01, 0.4556524E+01, 0.4594982E+01,
 0.5460000E+02, 0.5238831E+01, 0.4592756E+01, 0.4556524E+01, 0.4594982E+01,
 0.5462000E+02, 0.5238831E+01, 0.4592756E+01, 0.4556524E+01, 0.4594982E+01,
 0.5464000E+02, 0.5238831E+01, 0.4592756E+01, 0.4556524E+01, 0.4594982E+01,
 0.5466000E+02, 0.5238831E+01, 0.4592756E+01, 0.4556524E+01, 0.4594982E+01,
 0.5468000E+02, 0.5238831E+01, 0.4592756E+01, 0.4556524E+01, 0.4594982E+01,
 0.5470000E+02, 0.5238831E+01, 0.4592756E+01, 0.4556524E+01, 0.4594982E+01,
 0.5472000E+02, 0.5238831E+01, 0.4592756E+01, 0.4556524E+01, 0.4594982E+01,
 0.5474000E+02, 0.5238831E+01, 0.4592756E+01, 0.4556524E+01, 0.4594982E+01,
 0.5476000E+02, 0.5238831E+01, 0.4592756E+01, 0.4556524E+01, 0.4594982E+01,
 0.5478000E+02, 0.5238831E+01, 0.4592756E+01, 0.4556524E+01, 0.4594982E+01,
 0.5480000E+02, 0.5238831E+01, 0.4592756E+01, 0.4556524E+01, 0.4594982E+01,
 0.5482000E+02, 0.5238831E+01, 0.4592756E+01, 0.4556524E+01, 0.4594982E+01,
 0.5484000E+02, 0.5238831E+01, 0.4592756E+01, 0.4556524E+01, 0.4594982E+01,
 0.5486000E+02, 0.5238831E+01, 0.4592756E+01, 0.4556524E+01, 0.4594982E+01,
 0.5488000E+02, 0.5238831E+01, 0.4592756E+01, 0.4556524E+01, 0.4594982E+01,
 0.5490000E+02, 0.5238831E+01, 0.4592756E+01, 0.4556524E+01, 0.4594982E+01,
 0.5492000E+02, 0.5238831E+01, 0.4592756E+01, 0.4556524E+01, 0.4594982E+01,
 0.5494000E+02, 0.5238831E+01, 0.4592756E+01, 0.4556524E+01, 0.4594982E+01,
 0.5496000E+02, 0.5238831E+01, 0.4592756E+01, 0.4556524E+01, 0.4594982E+01,
 0.5498000E+02, 0.5238831E+01, 0.4592756E+01, 0.4556524E+01, 0.4594982E+01,
 0.5500000E+02, 0.5238831E+01, 0.4592756E+01, 0.4556524E+01, 0.4594982E+01,
 0.5502000E+02, 0.5238831E+01, 0.4592756E+01, 0.4556524E+01, 0.4594982E+01,
 0.5504000E+02, 0.5238831E+01, 0.4592756E+01, 0.4556524E+01, 0.4594982E+01,
 0.5506000E+02, 0.5238831E+01, 0.4592756E+01, 0.4556524E+01, 0.4594982E+01,
 0.5508000E+02, 0.5238831E+01, 0.4592756E+01, 0.4556524E+01, 0.4594982E+01,
 0.5510000E+02, 0.5238831E+01, 0.4592756E+01, 0.4556524E+01, 0.4594982E+01,
 0.5512000E+02, 0.5238831E+01, 0.4592756E+01, 0.4556524E+01, 0.4594982E+01,
 0.5514000E+02, 0.5238831E+01, 0.4592756E+01, 0.4556524E+01, 0.4594982E+01,
 0.5516000E+02, 0.5238831E+01, 0.4592756E+01, 0.4556524E+01, 0.4594982E+01,
 0.5518000E+02, 0.5238831E+01, 0.4592756E+01, 0.4556524E+01, 0.4594982E+01,
 0.5520000E+02, 0.5238831E+01, 0.4592756E+01, 0.4556524E+01, 0.4594982E+01,
 0.5522000E+02, 0.5238831E+01, 0.4592756E+01, 0.4556524E+01, 0.4594982E+01,
 0.5524000E+02, 0.5238831E+01, 0.4592756E+01, 0.4556524E+01, 0.4594982E+01,
 0.5526000E+02, 0.5238831E+01, 0.4592756E+01, 0.4556524E+01, 0.4594982E+01,
 0.5528000E+02, 0.5238831E+01, 0.4592756E+01, 0.4556524E+01, 0.4594982E+01,
 0.5530000E+02, 0.5238831E+01, 0.4592756E+01, 0.4556524E+01, 0.4594982E+01,
 0.5532000E+02, 0.5238831E+01, 0.4592756E+01, 0.4556524E+01, 0.4594982E+01,
 0.5534000E+02, 0.5238831E+01, 0.4592756E+01, 0.4556524E+01, 0.4594982E+01,
 0.5536000E+02, 0.5238831E+01, 0.4592756E+01, 0.4556524E+01, 0.4594982E+01,
 0.5538000E+02, 0.5238831E+01, 0.4592756E+01, 0.4556524E+01, 0.4594982E+01,
 0.5540000E+02, 0.5238831E+01, 0.4592756E+01, 0.4556524E+01, 0.4594982E+01,
 0.5542000E+02, 0.5238831E+01, 0.4592756E+01, 0.4556524E+01, 0.4594982E+01,
 0.5544000E+02, 0.5238831E+01, 0.4592756E+01, 0.4556524E+01, 0.4594982E+01,
 0.5546000E+02, 0.5238831E+01, 0.4592756E+01, 0.4556524E+01, 0.4594982E+01,
 0.5548000E+02, 0.5238831E+01, 0.4592756E+01, 0.4556524E+01, 0.4594982E+01,
 0.5550000E+02, 0.5238831E+01, 0.4592756E+01, 0.4556524E+01, 0.4594982E+01,
 0.5552000E+02, 0.5238831E+01, 0.4592756E+01, 0.4556524E+01, 0.4594982E+01,
 0.5554000E+02, 0.5238831E+01, 0.4592756E+01, 0.4556524E+01, 0.4594982E+01,
 0.5556000E+02, 0.5238831E+01, 0.4592756E+01, 0.4556524E+01, 0.4594982E+01,
 0.5558000E+02, 0.5238831E+01, 0.4592756E+01, 0.4556524E+01, 0.4594982E+01,
 0.5560000E+02, 0.5238831E+01, 0.4592756E+01, 0.4556524E+01, 0.4594982E+01,
 0.5562000E+02, 0.5238831E+01, 0.4592756E+01, 0.4556524E+01, 0.4594982E+01,
 0.5564000E+02, 0.5238831E+01, 0.4592756E+01, 0.4556524E+01, 0.4594982E+01,
 0.5566000E+02, 0.5238831E+01, 0.4592756E+01, 0.4556524E+01, 0.4594982E+01,
 0.5568000E+02, 0.5238831E+01, 0.4592756E+01, 0.4556524E+01, 0.4594982E+01,
 0.5570000E+02, 0.5238831E+01, 0.4592756E+01, 0.4556524E+01, 0.4594982E+01,
 0.5572000E+02, 0.5238831E+01, 0.4592756E+01, 0.4556524E+01, 0.4594982E+01,
 0.5574000E+02, 0.5238831E+01, 0.4592756E+01, 0.4556524E+01, 0.4594982E+01,
 0.5576000E+02, 0.5238831E+01, 0.4592756E+01, 0.4556524E+01, 0.4594982E+01,
 0.5578000E+02, 0.5238831E+01, 0.4592756E+01, 0.4556524E+01, 0.4594982E+01,
 0.5580000E+02, 0.5238831E+01, 0.4592756E+01, 0.4556524E+01, 0.4594982E+01,
 0.5582000E+02, 0.5238831E+01, 0.4592756E+01, 0.4556524E+01, 0.4594982E+01,
 0.5584000E+02, 0.5238831E+01, 0.4592756E+01, 0.4556524E+01, 0.4594982E+01,
 0.5586000E+02, 0.5238831E+01, 0.4592756E+01, 0.4556524E+01, 0.4594982E+01,
 0.5588000E+02, 0.5238831E+01, 0.4592756E+01, 0.4556524E+01, 0.4594982E+01,
 0.5590000E+02, 0.5238831E+01, 0.4592756E+01, 0.4556524E+01, 0.4594982E+01,
 0.5592000E+02, 0.5238831E+01, 0.4592756E+01, 0.4556524E+01, 0.4594982E+01,
 0.5594000E+02, 0.5238831E+01, 0.4592756E+01, 0.4556524E+01, 0.4594982E+01,
 0.5596000E+02, 0.5238831E+01, 0.4592756E+01, 0.4556524E+01, 0.4594982E+01,
 0.5598000E+02, 0.5238831E+01, 0.4592756E+01, 0.4556524E+01, 0.4594982E+01,
 0.5600000E+02, 0.5238831E+01, 0.4592756E+01, 0.4556524E+01, 0.4594982E+01,
 0.5602000E+02, 0.5238831E+01, 0.4592756E+01, 0.4556524E+01, 0.4594982E+01,
 0.5604000E+02, 0.5238831E+01, 0.4592756E+01, 0.4556524E+01, 0.4594982E+01,
 0.5606000E+02, 0.5238831E+01, 0.4592756E+01, 0.4556524E+01, 0.4594982E+01,
 0.5608000E+02, 0.5238831E+01, 0.4592756E+01, 0.4556524E+01, 0.4594982E+01,
 0.5610000E+02, 0.5238831E+01, 0.4592756E+01, 0.4556524E+01, 0.4594982E+01,
 0.5612000E+02, 0.5238831E+01, 0.4592756E+01, 0.4556524E+01, 0.4594982E+01,
 0.5614000E+02, 0.5238831E+01, 0.4592756E+01, 0.4556524E+01, 0.4594982E+01,
 0.5616000E+02, 0.5238831E+01, 0.4592756E+01, 0.4556524E+01, 0.4594982E+01,
 0.5618000E+02, 0.5238831E+01, 0.4592756E+01, 0.4556524E+01, 0.4594982E+01,
 0.5620000E+02, 0.5238831E+01, 0.4592756E+01, 0.4556524E+01, 0.4594982E+01,
 0.5622000E+02, 0.5238831E+01, 0.4592756E+01, 0.4556524E+01, 0.4594982E+01,
 0.5624000E+02, 0.5238831E+01, 0.4592756E+01, 0.4556524E+01, 0.4594982E+01,
 0.5626000E+02, 0.5238831E+01, 0.4592756E+01, 0.4556524E+01, 0.4594982E+01,
 0.5628000E+02, 0.5238831E+01, 0.4592756E+01, 0.4556524E+01, 0.4594982E+01,
 0.5630000E+02, 0.5238831E+01, 0.4592756E+01, 0.4556524E+01, 0.4594982E+01,
 0.5632000E+02, 0.5238831E+01, 0.4592756E+01, 0.4556524E+01, 0.4594982E+01,
 0.5634000E+02, 0.5238831E+01, 0.4592756E+01, 0.4556524E+01, 0.4594982E+01,
 0.5636000E+02, 0.5238831E+01, 0.4592756E+01, 0.4556524E+01, 0.4594982E+01,
 0.5638000E+02, 0.5238831E+01, 0.4592756E+01, 0.4556524E+01, 0.4594982E+01,
 0.5640000E+02, 0.5238831E+01, 0.4592756E+01, 0.4556524E+01, 0.4594982E+01,
 0.5642000E+02, 0.5238831E+01, 0.4592756E+01, 0.4556524E+01, 0.4594982E+01,
 0.5644000E+02, 0.5238831E+01, 0.4592756E+01, 0.4556524E+01, 0.4594982E+01,
 0.5646000E+02, 0.5238831E+01, 0.4592756E+01, 0.4556524E+01, 0.4594982E+01,
 0.5648000E+02, 0.5238831E+01, 0.4592756E+01, 0.4556524E+01, 0.4594982E+01,
 0.5650000E+02, 0.5238831E+01, 0.4592756E+01, 0.4556524E+01, 0.4594982E+01,
 0.5652000E+02, 0.5238831E+01, 0.4592756E+01, 0.4556524E+01, 0.4594982E+01,
 0.5654000E+02, 0.5238831E+01, 0.4592756E+01, 0.4556524E+01, 0.4594982E+01,
 0.5656000E+02, 0.5238831E+01, 0.4592756E+01, 0.4556524E+01, 0.4594982E+01,
 0.5658000E+02, 0.5238831E+01, 0.4592756E+01, 0.4556524E+01, 0.4594982E+01,
 0.5660000E+02, 0.5238831E+01, 0.4592756E+01, 0.4556524E+01, 0.4594982E+01,
 0.5662000E+02, 0.5238831E+01, 0.4592756E+01, 0.4556524E+01, 0.4594982E+01,
 0.5664000E+02, 0.5238831E+01, 0.4592756E+01, 0.4556524E+01, 0.4594982E+01,
 0.5666000E+02, 0.5238831E+01, 0.4592756E+01, 0.4556524E+01, 0.4594982E+01,
 0.5668000E+02, 0.5238831E+01, 0.4592756E+01, 0.4556524E+01, 0.4594982E+01,
 0.5670000E+02, 0.5238831E+01, 0.4592756E+01, 0.4556524E+01, 0.4594982E+01,
 0.5672000E+02, 0.5238831E+01, 0.4592756E+01, 0.4556524E+01, 0.4594982E+01,
 0.5674000E+02, 0.5238831E+01, 0.4592756E+01, 0.4556524E+01, 0.4594982E+01,
 0.5676000E+02, 0.5238831E+01, 0.4592756E+01, 0.4556524E+01, 0.4594982E+01,
 0.5678000E+02, 0.5238831E+01, 0.4592756E+01, 0.4556524E+01, 0.4594982E+01,
 0.5680000E+02, 0.5238831E+01, 0.4592756E+01, 0.4556524E+01, 0.4594982E+01,
 0.5682000E+02, 0.5238831E+01, 0.4592756E+01, 0.4556524E+01, 0.4594982E+01,
 0.5684000E+02, 0.5238831E+01, 0.4592756E+01, 0.4556524E+01, 0.4594982E+01,
 0.5686000E+02, 0.5238831E+01, 0.4592756E+01, 0.4556524E+01, 0.4594982E+01,
 0.5688000E+02, 0.5238831E+01, 0.4592756E+01, 0.4556524E+01, 0.4594982E+01,
 0.5690000E+02, 0.5238831E+01, 0.4592756E+01, 0.4556524E+01, 0.4594982E+01,
 0.5692000E+02, 0.5238831E+01, 0.4592756E+01, 0.4556524E+01, 0.4594982E+01,
 0.5694000E+02, 0.5238831E+01, 0.4592756E+01, 0.4556524E+01, 0.4594982E+01,
 0.5696000E+02, 0.5238831E+01, 0.4592756E+01, 0.4556524E+01, 0.4594982E+01,
 0.5698000E+02, 0.5238831E+01, 0.4592756E+01, 0.4556524E+01, 0.4594982E+01,
 0.5700000E+02, 0.5238831E+01, 0.4592756E+01, 0.4556524E+01, 0.4594982E+01,
 0.5702000E+02, 0.5238831E+01, 0.4592756E+01, 0.4556524E+01, 0.4594982E+01,
 0.5704000E+02, 0.5238831E+01, 0.4592756E+01, 0.4556524E+01, 0.4594982E+01,
 0.5706000E+02, 0.5238831E+01, 0.4592756E+01, 0.4556524E+01, 0.4594982E+01,
 0.5708000E+02, 0.5238831E+01, 0.4592756E+01, 0.4556524E+01, 0.4594982E+01,
 0.5710000E+02, 0.5238831E+01, 0.4592756E+01, 0.4556524E+01, 0.4594982E+01,
 0.5712000E+02, 0.5238831E+01, 0.4592756E+01, 0.4556524E+01, 0.4594982E+01,
 0.5714000E+02, 0.5238831E+01, 0.4592756E+01, 0.4556524E+01, 0.4594982E+01,
 0.5716000E+02, 0.5238831E+01, 0.4592756E+01, 0.4556524E+01, 0.4594982E+01,
 0.5718000E+02, 0.5238831E+01, 0.4592756E+01, 0.4556524E+01, 0.4594982E+01,
 0.5720000E+02, 0.5238831E+01, 0.4592756E+01, 0.4556524E+01, 0.4594982E+01,
 0.5722000E+02, 0.5238831E+01, 0.4592756E+01, 0.4556524E+01, 0.4594982E+01,
 0.5724000E+02, 0.5238831E+01, 0.4592756E+01, 0.4556524E+01, 0.4594982E+01,
 0.5726000E+02, 0.5238831E+01, 0.4592756E+01, 0.4556524E+01, 0.4594982E+01,
 0.5728000E+02, 0.5238831E+01, 0.4592756E+01, 0.4556524E+01, 0.4594982E+01,
 0.5730000E+02, 0.5238831E+01, 0.4592756E+01, 0.4556524E+01, 0.4594982E+01,
 0.5732000E+02, 0.5238831E+01, 0.4592756E+01, 0.4556524E+01, 0.4594982E+01,
 0.5734000E+02, 0.5238831E+01, 0.4592756E+01, 0.4556524E+01, 0.4594982E+01,
 0.5736000E+02, 0.5238831E+01, 0.4592756E+01, 0.4556524E+01, 0.4594982E+01,
 0.5738000E+02, 0.5238831E+01, 0.4592756E+01, 0.4556524E+01, 0.4594982E+01,
 0.5740000E+02, 0.5238831E+01, 0.4592756E+01, 0.4556524E+01, 0.4594982E+01,
 0.5742000E+02, 0.5238831E+01, 0.4592756E+01, 0.4556524E+01, 0.4594982E+01,
 0.5744000E+02, 0.5238831E+01, 0.4592756E+01, 0.4556524E+01, 0.4594982E+01,
 0.5746000E+02, 0.5238831E+01, 0.4592756E+01, 0.4556524E+01, 0.4594982E+01,
 0.5748000E+02, 0.5238831E+01, 0.4592756E+01, 0.4556524E+01, 0.4594982E+01,
 0.5750000E+02, 0.5238831E+01, 0.4592756E+01, 0.4556524E+01, 0.4594982E+01,
 0.5752000E+02, 0.5238831E+01, 0.4592756E+01, 0.4556524E+01, 0.4594982E+01,
 0.5754000E+02, 0.5238831E+01, 0.4592756E+01, 0.4556524E+01, 0.4594982E+01,
 0.5756000E+02, 0.5238831E+01, 0.4592756E+01, 0.4556524E+01, 0.4594982E+01,
 0.5758000E+02, 0.5238831E+01, 0.4592756E+01, 0.4556524E+01, 0.4594982E+01,
 0.5760000E+02, 0.5238831E+01, 0.4592756E+01, 0.4556524E+01, 0.4594982E+01,
 0.5762000E+02, 0.5238831E+01, 0.4592756E+01, 0.4556524E+01, 0.4594982E+01,
 0.5764000E+02, 0.5238831E+01, 0.4592756E+01, 0.4556524E+01, 0.4594982E+01,
 0.5766000E+02, 0.5238831E+01, 0.4592756E+01, 0.4556524E+01, 0.4594982E+01,
 0.5768000E+02, 0.5238831E+01, 0.4592756E+01, 0.4556524E+01, 0.4594982E+01,
 0.5770000E+02, 0.5238831E+01, 0.4592756E+01, 0.4556524E+01, 0.4594982E+01,
 0.5772000E+02, 0.5238831E+01, 0.4592756E+01, 0.4556524E+01, 0.4594982E+01,
 0.5774000E+02, 0.5238831E+01, 0.4592756E+01, 0.4556524E+01, 0.4594982E+01,
 0.5776000E+02, 0.5238831E+01, 0.4592756E+01, 0.4556524E+01, 0.4594982E+01,
 0.5778000E+02, 0.5238831E+01, 0.4592756E+01, 0.4556524E+01, 0.4594982E+01,
 0.5780000E+02, 0.5238831E+01, 0.4592756E+01, 0.4556524E+01, 0.4594982E+01,
 0.5782000E+02, 0.5238831E+01, 0.4592756E+01, 0.4556524E+01, 0.4594982E+01,
 0.5784000E+02, 0.5238831E+01, 0.4592756E+01, 0.4556524E+01, 0.4594982E+01,
 0.5786000E+02, 0.5238831E+01, 0.4592756E+01, 0.4556524E+01, 0.4594982E+01,
 0.5788000E+02, 0.5238831E+01, 0.4592756E+01, 0.4556524E+01, 0.4594982E+01,
 0.5790000E+02, 0.5238831E+01, 0.4592756E+01, 0.4556524E+01, 0.4594982E+01,
 0.5792000E+02, 0.5238831E+01, 0.4592756E+01, 0.4556524E+01, 0.4594982E+01,
 0.5794000E+02, 0.5238831E+01, 0.4592756E+01, 0.4556524E+01, 0.4594982E+01,
 0.5796000E+02, 0.5238831E+01, 0.4592756E+01, 0.4556524E+01, 0.4594982E+01,
 0.5798000E+02, 0.5238831E+01, 0.4592756E+01, 0.4556524E+01, 0.4594982E+01,
 0.5800000E+02, 0.5238831E+01, 0.4592756E+01, 0.4556524E+01, 0.4594982E+01,
 0.5802000E+02, 0.5238831E+01, 0.4592756E+01, 0.4556524E+01, 0.4594982E+01,
 0.5804000E+02, 0.5238831E+01, 0.4592756E+01, 0.4556524E+01, 0.4594982E+01,
 0.5806000E+02, 0.5238831E+01, 0.4592756E+01, 0.4556524E+01, 0.4594982E+01,
 0.5808000E+02, 0.5238831E+01, 0.4592756E+01, 0.4556524E+01, 0.4594982E+01,
 0.5810000E+02, 0.5238831E+01, 0.4592756E+01, 0.4556524E+01, 0.4594982E+01,
 0.5812000E+02, 0.5238831E+01, 0.4592756E+01, 0.4556524E+01, 0.4594982E+01,
 0.5814000E+02, 0.5238831E+01, 0.4592756E+01, 0.4556524E+01, 0.4594982E+01,
 0.5816000E+02, 0.5238831E+01, 0.4592756E+01, 0.4556524E+01, 0.4594982E+01,
 0.5818000E+02, 0.5238831E+01, 0.4592756E+01, 0.4556524E+01, 0.4594982E+01,
 0.5820000E+02, 0.5238831E+01, 0.4592756E+01, 0.4556524E+01, 0.4594982E+01,
 0.5822000E+02, 0.5238831E+01, 0.4592756E+01, 0.4556524E+01, 0.4594982E+01,
 0.5824000E+02, 0.5238831E+01, 0.4592756E+01, 0.4556524E+01, 0.4594982E+01,
 0.5826000E+02, 0.5238831E+01, 0.4592756E+01, 0.4556524E+01, 0.4594982E+01,
 0.5828000E+02, 0.5238831E+01, 0.4592756E+01, 0.4556524E+01, 0.4594982E+01,
 0.5830000E+02, 0.5238831E+01, 0.4592756E+01, 0.4556524E+01, 0.4594982E+01,
 0.5832000E+02, 0.5238831E+01, 0.4592756E+01, 0.4556524E+01, 0.4594982E+01,
 0.5834000E+02, 0.5238831E+01, 0.4592756E+01, 0.4556524E+01, 0.4594982E+01,
 0.5836000E+02, 0.5238831E+01, 0.4592756E+01, 0.4556524E+01, 0.4594982E+01,
 0.5838000E+02, 0.5238831E+01, 0.4592756E+01, 0.4556524E+01, 0.4594982E+01,
 0.5840000E+02, 0.5238831E+01, 0.4592756E+01, 0.4556524E+01, 0.4594982E+01,
 0.5842000E+02, 0.5238831E+01, 0.4592756E+01, 0.4556524E+01, 0.4594982E+01,
 0.5844000E+02, 0.5238831E+01, 0.4592756E+01, 0.4556524E+01, 0.4594982E+01,
 0.5846000E+02, 0.5238831E+01, 0.4592756E+01, 0.4556524E+01, 0.4594982E+01,
 0.5848000E+02, 0.5238831E+01, 0.4592756E+01, 0.4556524E+01, 0.4594982E+01,
 0.5850000E+02, 0.5238831E+01, 0.4592756E+01, 0.4556524E+01, 0.4594982E+01,
 0.5852000E+02, 0.5238831E+01, 0.4592756E+01, 0.4556524E+01, 0.4594982E+01,
 0.5854000E+02, 0.5238831E+01, 0.4592756E+01, 0.4556524E+01, 0.4594982E+01,
 0.5856000E+02, 0.5238831E+01, 0.4592756E+01, 0.4556524E+01, 0.4594982E+01,
 0.5858000E+02, 0.5238831E+01, 0.4592756E+01, 0.4556524E+01, 0.4594982E+01,
 0.5860000E+02, 0.5238831E+01, 0.4592756E+01, 0.4556524E+01, 0.4594982E+01,
 0.5862000E+02, 0.5238831E+01, 0.4592756E+01, 0.4556524E+01, 0.4594982E+01,
 0.5864000E+02, 0.5238831E+01, 0.4592756E+01, 0.4556524E+01, 0.4594982E+01,
 0.5866000E+02, 0.5238831E+01, 0.4592756E+01, 0.4556524E+01, 0.4594982E+01,
 0.5868000E+02, 0.5238831E+01, 0.4592756E+01, 0.4556524E+01, 0.4594982E+01,
 0.5870000E+02, 0.5238831E+01, 0.4592756E+01, 0.4556524E+01, 0.4594982E+01,
 0.5872000E+02, 0.5238831E+01, 0.4592756E+01, 0.4556524E+01, 0.4594982E+01,
 0.5874000E+02, 0.5238831E+01, 0.4592756E+01, 0.4556524E+01, 0.4594982E+01,
 0.5876000E+02, 0.5238831E+01, 0.4592756E+01, 0.4556524E+01, 0.4594982E+01,
 0.5878000E+02, 0.5238831E+01, 0.4592756E+01, 0.4556524E+01, 0.4594982E+01,
 0.5880000E+02, 0.5238831E+01, 0.4592756E+01, 0.4556524E+01, 0.4594982E+01,
 0.5882000E+02, 0.5238831E+01, 0.4592756E+01, 0.4556524E+01, 0.4594982E+01,
 0.5884000E+02, 0.5238831E+01, 0.4592756E+01, 0.4556524E+01, 0.4594982E+01,
 0.5886000E+02, 0.5238831E+01, 0.4592756E+01, 0.4556524E+01, 0.4594982E+01,
 0.5888000E+02, 0.5238831E+01, 0.4592756E+01, 0.4556524E+01, 0.4594982E+01,
 0.5890000E+02, 0.5238831E+01, 0.4592756E+01, 0.4556524E+01, 0.4594982E+01,
 0.5892000E+02, 0.5238831E+01, 0.4592756E+01, 0.4556524E+01, 0.4594982E+01,
 0.5894000E+02, 0.5238831E+01, 0.4592756E+01, 0.4556524E+01, 0.4594982E+01,
 0.5896000E+02, 0.5238831E+01, 0.4592756E+01, 0.4556524E+01, 0.4594982E+01,
 0.5898000E+02, 0.5238831E+01, 0.4592756E+01, 0.4556524E+01, 0.4594982E+01,
 0.5900000E+02, 0.5238831E+01, 0.4592756E+01, 0.4556524E+01, 0.4594982E+01,
 0.5902000E+02, 0.5238831E+01, 0.4592756E+01, 0.4556524E+01, 0.4594982E+01,
 0.5904000E+02, 0.5238831E+01, 0.4592756E+01, 0.4556524E+01, 0.4594982E+01,
 0.5906000E+02, 0.5238831E+01, 0.4592756E+01, 0.4556524E+01, 0.4594982E+01,
 0.5908000E+02, 0.5238831E+01, 0.4592756E+01, 0.4556524E+01, 0.4594982E+01,
 0.5910000E+02, 0.5238831E+01, 0.4592756E+01, 0.4556524E+01, 0.4594982E+01,
 0.5912000E+02, 0.5238831E+01, 0.4592756E+01, 0.4556524E+01, 0.4594982E+01,
 0.5914000E+02, 0.5238831E+01, 0.4592756E+01, 0.4556524E+01, 0.4594982E+01,
 0.5916000E+02, 0.5238831E+01, 0.4592756E+01, 0.4556524E+01, 0.4594982E+01,
 0.5918000E+02, 0.5238831E+01, 0.4592756E+01, 0.4556524E+01, 0.4594982E+01,
 0.5920000E+02, 0.5238831E+01, 0.4592756E+01, 0.4556524E+01, 0.4594982E+01,
 0.5922000E+02, 0.5238831E+01, 0.4592756E+01, 0.4556524E+01, 0.4594982E+01,
 0.5924000E+02, 0.5238831E+01, 0.4592756E+01, 0.4556524E+01, 0.4594982E+01,
 0.5926000E+02, 0.5238831E+01, 0.4592756E+01, 0.4556524E+01, 0.4594982E+01,
 0.5928000E+02, 0.5238831E+01, 0.4592756E+01, 0.4556524E+01, 0.4594982E+01,
 0.5930000E+02, 0.5238831E+01, 0.4592756E+01, 0.4556524E+01, 0.4594982E+01,
 0.5932000E+02, 0.5238831E+01, 0.4592756E+01, 0.4556524E+01, 0.4594982E+01,
 0.5934000E+02, 0.5238831E+01, 0.4592756E+01, 0.4556524E+01, 0.4594982E+01,
 0.5936000E+02, 0.5238831E+01, 0.4592756E+01, 0.4556524E+01, 0.4594982E+01,
 0.5938000E+02, 0.5238831E+01, 0.4592756E+01, 0.4556524E+01, 0.4594982E+01,
 0.5940000E+02, 0.5238831E+01, 0.4592756E+01, 0.4556524E+01, 0.4594982E+01,
 0.5942000E+02, 0.5238831E+01, 0.4592756E+01, 0.4556524E+01, 0.4594982E+01,
 0.5944000E+02, 0.5238831E+01, 0.4592756E+01, 0.4556524E+01, 0.4594982E+01,
 0.5946000E+02, 0.5238831E+01, 0.4592756E+01, 0.4556524E+01, 0.4594982E+01,
 0.5948000E+02, 0.5238831E+01, 0.4592756E+01, 0.4556524E+01, 0.4594982E+01,
 0.5950000E+02, 0.5238831E+01, 0.4592756E+01, 0.4556524E+01, 0.4594982E+01,
 0.5952000E+02, 0.5238831E+01, 0.4592756E+01, 0.4556524E+01, 0.4594982E+01,
 0.5954000E+02, 0.5238831E+01, 0.4592756E+01, 0.4556524E+01, 0.4594982E+01,
 0.5956000E+02, 0.5238831E+01, 0.4592756E+01, 0.4556524E+01, 0.4594982E+01,
 0.5958000E+02, 0.5238831E+01, 0.4592756E+01, 0.4556524E+01, 0.4594982E+01,
 0.5960000E+02, 0.5238831E+01, 0.4592756E+01, 0.4556524E+01, 0.4594982E+01,
 0.5962000E+02, 0.5238831E+01, 0.4592756E+01, 0.4556524E+01, 0.4594982E+01,
 0.5964000E+02, 0.5238831E+01, 0.4592756E+01, 0.4556524E+01, 0.4594982E+01,
 0.5966000E+02, 0.5238831E+01, 0.4592756E+01, 0.4556524E+01, 0.4594982E+01,
 0.5968000E+02, 0.5238831E+01, 0.4592756E+01, 0.4556524E+01, 0.4594982E+01,
 0.5970000E+02, 0.5238831E+01, 0.4592756E+01, 0.4556524E+01, 0.4594982E+01,
 0.5972000E+02, 0.5238831E+01, 0.4592756E+01, 0.4556524E+01, 0.4594982E+01,
 0.5974000E+02, 0.5238831E+01, 0.4592756E+01, 0.4556524E+01, 0.4594982E+01,
 0.5976000E+02, 0.5238831E+01, 0.4592756E+01, 0.4556524E+01, 0.4594982E+01,
 0.5978000E+02, 0.5238831E+01, 0.4592756E+01, 0.4556524E+01, 0.4594982E+01,
 0.5980000E+02, 0.5238831E+01, 0.4592756E+01, 0.4556524E+01, 0.4594982E+01,
 0.5982000E+02, 0.5238831E+01, 0.4592756E+01, 0.4556524E+01, 0.4594982E+01,
 0.5984000E+02, 0.5238831E+01, 0.4592756E+01, 0.4556524E+01, 0.4594982E+01,
 0.5986000E+02, 0.5238831E+01, 0.4592756E+01, 0.4556524E+01, 0.4594982E+01,
 0.5988000E+02, 0.5238831E+01, 0.4592756E+01, 0.4556524E+01, 0.4594982E+01,
 0.5990000E+02, 0.5238831E+01, 0.4592756E+01, 0.4556524E+01, 0.4594982E+01,
 0.5992000E+02, 0.5238831E+01, 0.4592756E+01, 0.4556524E+01, 0.4594982E+01,
 0.5994000E+02, 0.5238831E+01, 0.4592756E+01, 0.4556524E+01, 0.4594982E+01,
 0.5996000E+02, 0.5238831E+01, 0.4592756E+01, 0.4556524E+01, 0.4594982E+01,
 0.5998000E+02, 0.5238831E+01, 0.4592756E+01, 0.4556524E+01, 0.4594982E+01,
 0.6000000E+02, 0.5238831E+01, 0.4592756E+01, 0.4556524E+01, 0.4594982E+01,
 0.6002000E+02, 0.5238831E+01, 0.4592756E+01, 0.4556524E+01, 0.4594982E+01,
 0.6004000E+02, 0.5238831E+01, 0.4592756E+01, 0.4556524E+01, 0.4594982E+01,
 0.6006000E+02, 0.5238831E+01, 0.4592756E+01, 0.4556524E+01, 0.4594982E+01,
 0.6008000E+02, 0.5238831E+01, 0.4592756E+01, 0.4556524E+01, 0.4594982E+01,
 0.6010000E+02, 0.5238831E+01, 0.4592756E+01, 0.4556524E+01, 0.4594982E+01,
 0.6012000E+02, 0.5238831E+01, 0.4592756E+01, 0.4556524E+01, 0.4594982E+01,
 0.6014000E+02, 0.5238831E+01, 0.4592756E+01, 0.4556524E+01, 0.4594982E+01,
 0.6016000E+02, 0.5238831E+01, 0.4592756E+01, 0.4556524E+01, 0.4594982E+01,
 0.6018000E+02, 0.5238831E+01, 0.4592756E+01, 0.4556524E+01, 0.4594982E+01,
 0.6020000E+02, 0.5238831E+01, 0.4592756E+01, 0.4556524E+01, 0.4594982E+01,
 0.6022000E+02, 0.5238831E+01, 0.4592756E+01, 0.4556524E+01, 0.4594982E+01,
 0.6024000E+02, 0.5238831E+01, 0.4592756E+01, 0.4556524E+01, 0.4594982E+01,
 0.6026000E+02, 0.5238831E+01, 0.4592756E+01, 0.4556524E+01, 0.4594982E+01,
 0.6028000E+02, 0.5238831E+01, 0.4592756E+01, 0.4556524E+01, 0.4594982E+01,
 0.6030000E+02, 0.5238831E+01, 0.4592756E+01, 0.4556524E+01, 0.4594982E+01,
 0.6032000E+02, 0.5238831E+01, 0.4592756E+01, 0.4556524E+01, 0.4594982E+01,
 0.6034000E+02, 0.5238831E+01, 0.4592756E+01, 0.4556524E+01, 0.4594982E+01,
 0.6036000E+02, 0.5238831E+01, 0.4592756E+01, 0.4556524E+01, 0.4594982E+01,
 0.6038000E+02, 0.5238831E+01, 0.4592756E+01, 0.4556524E+01, 0.4594982E+01,
 0.6040000E+02, 0.5238831E+01, 0.4592756E+01, 0.4556524E+01, 0.4594982E+01,
 0.6042000E+02, 0.5238831E+01, 0.4592756E+01, 0.4556524E+01, 0.4594982E+01,
 0.6044000E+02, 0.5238831E+01, 0.4592756E+01, 0.4556524E+01, 0.4594982E+01,
 0.6046000E+02, 0.5238831E+01, 0.4592756E+01, 0.4556524E+01, 0.4594982E+01,
 0.6048000E+02, 0.5238831E+01, 0.4592756E+01, 0.4556524E+01, 0.4594982E+01,
 0.6050000E+02, 0.5238831E+01, 0.4592756E+01, 0.4556524E+01, 0.4594982E+01,
 0.6052000E+02, 0.5238831E+01, 0.4592756E+01, 0.4556524E+01, 0.4594982E+01,
 0.6054000E+02, 0.5238831E+01, 0.4592756E+01, 0.4556524E+01, 0.4594982E+01,
 0.6056000E+02, 0.5238831E+01, 0.4592756E+01, 0.4556524E+01, 0.4594982E+01,
 0.6058000E+02, 0.5238831E+01, 0.4592756E+01, 0.4556524E+01, 0.4594982E+01,
 0.6060000E+02, 0.5238831E+01, 0.4592756E+01, 0.4556524E+01, 0.4594982E+01,
 0.6062000E+02, 0.5238831E+01, 0.4592756E+01, 0.4556524E+01, 0.4594982E+01,
 0.6064000E+02, 0.5238831E+01, 0.4592756E+01, 0.4556524E+01, 0.4594982E+01,
 0.6066000E+02, 0.5238831E+01, 0.4592756E+01, 0.4556524E+01, 0.4594982E+01,
 0.6068000E+02, 0.5238831E+01, 0.4592756E+01, 0.4556524E+01, 0.4594982E+01,
 0.6070000E+02, 0.5238831E+01, 0.4592756E+01, 0.4556524E+01, 0.4594982E+01,
 0.6072000E+02, 0.5238831E+01, 0.4592756E+01, 0.4556524E+01, 0.4594982E+01,
 0.6074000E+02, 0.5238831E+01, 0.4592756E+01, 0.4556524E+01, 0.4594982E+01,
 0.6076000E+02, 0.5238831E+01, 0.4592756E+01, 0.4556524E+01, 0.4594982E+01,
 0.6078000E+02, 0.5238831E+01, 0.4592756E+01, 0.4556524E+01, 0.4594982E+01,
 0.6080000E+02, 0.5238831E+01, 0.4592756E+01, 0.4556524E+01, 0.4594982E+01,
 0.6082000E+02, 0.5238831E+01, 0.4592756E+01, 0.4556524E+01, 0.4594982E+01,
 0.6084000E+02, 0.5238831E+01, 0.4592756E+01, 0.4556524E+01, 0.4594982E+01,
 0.6086000E+02, 0.5238831E+01, 0.4592756E+01, 0.4556524E+01, 0.4594982E+01,
 0.6088000E+02, 0.5238831E+01, 0.4592756E+01, 0.4556524E+01, 0.4594982E+01,
 0.6090000E+02, 0.5238831E+01, 0.4592756E+01, 0.4556524E+01, 0.4594982E+01,
 0.6092000E+02, 0.5238831E+01, 0.4592756E+01, 0.4556524E+01, 0.4594982E+01,
 0.6094000E+02, 0.5238831E+01, 0.4592756E+01, 0.4556524E+01, 0.4594982E+01,
 0.6096000E+02, 0.5238831E+01, 0.4592756E+01, 0.4556524E+01, 0.4594982E+01,
 0.6098000E+02, 0.5238831E+01, 0.4592756E+01, 0.4556524E+01, 0.4594982E+01,
 0.6100000E+02, 0.5238831E+01, 0.4592756E+01, 0.4556524E+01, 0.4594982E+01,
 0.6102000E+02, 0.5238831E+01, 0.4592756E+01, 0.4556524E+01, 0.4594982E+01,
 0.6104000E+02, 0.5238831E+01, 0.4592756E+01, 0.4556524E+01, 0.4594982E+01,
 0.6106000E+02, 0.5238831E+01, 0.4592756E+01, 0.4556524E+01, 0.4594982E+01,
 0.6108000E+02, 0.5238831E+01, 0.4592756E+01, 0.4556524E+01, 0.4594982E+01,
 0.6110000E+02, 0.5238831E+01, 0.4592756E+01, 0.4556524E+01, 0.4594982E+01,
 0.6112000E+02, 0.5238831E+01, 0.4592756E+01, 0.4556524E+01, 0.4594982E+01,
 0.6114000E+02, 0.5238831E+01, 0.4592756E+01, 0.4556524E+01, 0.4594982E+01,
 0.6116000E+02, 0.5238831E+01, 0.4592756E+01, 0.4556524E+01, 0.4594982E+01,
 0.6118000E+02, 0.5238831E+01, 0.4592756E+01, 0.4556524E+01, 0.4594982E+01,
 0.6120000E+02, 0.5238831E+01, 0.4592756E+01, 0.4556524E+01, 0.4594982E+01,
 0.6122000E+02, 0.5238831E+01, 0.4592756E+01, 0.4556524E+01, 0.4594982E+01,
 0.6124000E+02, 0.5238831E+01, 0.4592756E+01, 0.4556524E+01, 0.4594982E+01,
 0.6126000E+02, 0.5238831E+01, 0.4592756E+01, 0.4556524E+01, 0.4594982E+01,
 0.6128000E+02, 0.5238831E+01, 0.4592756E+01, 0.4556524E+01, 0.4594982E+01,
 0.6130000E+02, 0.5238831E+01, 0.4592756E+01, 0.4556524E+01, 0.4594982E+01,
 0.6132000E+02, 0.5238831E+01, 0.4592756E+01, 0.4556524E+01, 0.4594982E+01,
 0.6134000E+02, 0.5238831E+01, 0.4592756E+01, 0.4556524E+01, 0.4594982E+01,
 0.6136000E+02, 0.5238831E+01, 0.4592756E+01, 0.4556524E+01, 0.4594982E+01,
 0.6138000E+02, 0.5238831E+01, 0.4592756E+01, 0.4556524E+01, 0.4594982E+01,
 0.6140000E+02, 0.5238831E+01, 0.4592756E+01, 0.4556524E+01, 0.4594982E+01,
 0.6142000E+02, 0.5238831E+01, 0.4592756E+01, 0.4556524E+01, 0.4594982E+01,
 0.6144000E+02, 0.5238831E+01, 0.4592756E+01, 0.4556524E+01, 0.4594982E+01,
 0.6146000E+02, 0.5238831E+01, 0.4592756E+01, 0.4556524E+01, 0.4594982E+01,
 0.6148000E+02, 0.5238831E+01, 0.4592756E+01, 0.4556524E+01, 0.4594982E+01,
 0.6150000E+02, 0.5238831E+01, 0.4592756E+01, 0.4556524E+01, 0.4594982E+01,
 0.6152000E+02, 0.5238831E+01, 0.4592756E+01, 0.4556524E+01, 0.4594982E+01,
 0.6154000E+02, 0.5238831E+01, 0.4592756E+01, 0.4556524E+01, 0.4594982E+01,
 0.6156000E+02, 0.5238831E+01, 0.4592756E+01, 0.4556524E+01, 0.4594982E+01,
 0.6158000E+02, 0.5238831E+01, 0.4592756E+01, 0.4556524E+01, 0.4594982E+01,
 0.6160000E+02, 0.5238831E+01, 0.4592756E+01, 0.4556524E+01, 0.4594982E+01,
 0.6162000E+02, 0.5238831E+01, 0.4592756E+01, 0.4556524E+01, 0.4594982E+01,
 0.6164000E+02, 0.5238831E+01, 0.4592756E+01, 0.4556524E+01, 0.4594982E+01,
 0.6166000E+02, 0.5238831E+01, 0.4592756E+01, 0.4556524E+01, 0.4594982E+01,
 0.6168000E+02, 0.5238831E+01, 0.4592756E+01, 0.4556524E+01, 0.4594982E+01,
 0.6170000E+02, 0.5238831E+01, 0.4592756E+01, 0.4556524E+01, 0.4594982E+01,
 0.6172000E+02, 0.5238831E+01, 0.4592756E+01, 0.4556524E+01, 0.4594982E+01,
 0.6174000E+02, 0.5238831E+01, 0.4592756E+01, 0.4556524E+01, 0.4594982E+01,
 0.6176000E+02, 0.5238831E+01, 0.4592756E+01, 0.4556524E+01, 0.4594982E+01,
 0.6178000E+02, 0.5238831E+01, 0.4592756E+01, 0.4556524E+01, 0.4594982E+01,
 0.6180000E+02, 0.5238831E+01, 0.4592756E+01, 0.4556524E+01, 0.4594982E+01,
 0.6182000E+02, 0.5238831E+01, 0.4592756E+01, 0.4556524E+01, 0.4594982E+01,
 0.6184000E+02, 0.5238831E+01, 0.4592756E+01, 0.4556524E+01, 0.4594982E+01,
 0.6186000E+02, 0.5238831E+01, 0.4592756E+01, 0.4556524E+01, 0.4594982E+01,
 0.6188000E+02, 0.5238831E+01, 0.4592756E+01, 0.4556524E+01, 0.4594982E+01,
 0.6190000E+02, 0.5238831E+01, 0.4592756E+01, 0.4556524E+01, 0.4594982E+01,
 0.6192000E+02, 0.5238831E+01, 0.4592756E+01, 0.4556524E+01, 0.4594982E+01,
 0.6194000E+02, 0.5238831E+01, 0.4592756E+01, 0.4556524E+01, 0.4594982E+01,
 0.6196000E+02, 0.5238831E+01, 0.4592756E+01, 0.4556524E+01, 0.4594982E+01,
 0.6198000E+02, 0.5238831E+01, 0.4592756E+01, 0.4556524E+01, 0.4594982E+01,
 0.6200000E+02, 0.5238831E+01, 0.4592756E+01, 0.4556524E+01, 0.4594982E+01,
 0.6202000E+02, 0.5238831E+01, 0.4592756E+01, 0.4556524E+01, 0.4594982E+01,
 0.6204000E+02, 0.5238831E+01, 0.4592756E+01, 0.4556524E+01, 0.4594982E+01,
 0.6206000E+02, 0.5238831E+01, 0.4592756E+01, 0.4556524E+01, 0.4594982E+01,
 0.6208000E+02, 0.5238831E+01, 0.4592756E+01, 0.4556524E+01, 0.4594982E+01,
 0.6210000E+02, 0.5238831E+01, 0.4592756E+01, 0.4556524E+01, 0.4594982E+01,
 0.6212000E+02, 0.5238831E+01, 0.4592756E+01, 0.4556524E+01, 0.4594982E+01,
 0.6214000E+02, 0.5238831E+01, 0.4592756E+01, 0.4556524E+01, 0.4594982E+01,
 0.6216000E+02, 0.5238831E+01, 0.4592756E+01, 0.4556524E+01, 0.4594982E+01,
 0.6218000E+02, 0.5238831E+01, 0.4592756E+01, 0.4556524E+01, 0.4594982E+01,
 0.6220000E+02, 0.5238831E+01, 0.4592756E+01, 0.4556524E+01, 0.4594982E+01,
 0.6222000E+02, 0.5238831E+01, 0.4592756E+01, 0.4556524E+01, 0.4594982E+01,
 0.6224000E+02, 0.5238831E+01, 0.4592756E+01, 0.4556524E+01, 0.4594982E+01,
 0.6226000E+02, 0.5238831E+01, 0.4592756E+01, 0.4556524E+01, 0.4594982E+01,
 0.6228000E+02, 0.5238831E+01, 0.4592756E+01, 0.4556524E+01, 0.4594982E+01,
 0.6230000E+02, 0.5238831E+01, 0.4592756E+01, 0.4556524E+01, 0.4594982E+01,
 0.6232000E+02, 0.5238831E+01, 0.4592756E+01, 0.4556524E+01, 0.4594982E+01,
 0.6234000E+02, 0.5238831E+01, 0.4592756E+01, 0.4556524E+01, 0.4594982E+01,
 0.6236000E+02, 0.5238831E+01, 0.4592756E+01, 0.4556524E+01, 0.4594982E+01,
 0.6238000E+02, 0.5238831E+01, 0.4592756E+01, 0.4556524E+01, 0.4594982E+01,
 0.6240000E+02, 0.5238831E+01, 0.4592756E+01, 0.4556524E+01, 0.4594982E+01,
 0.6242000E+02, 0.5238831E+01, 0.4592756E+01, 0.4556524E+01, 0.4594982E+01,
 0.6244000E+02, 0.5238831E+01, 0.4592756E+01, 0.4556524E+01, 0.4594982E+01,
 0.6246000E+02, 0.5238831E+01, 0.4592756E+01, 0.4556524E+01, 0.4594982E+01,
 0.6248000E+02, 0.5238831E+01, 0.4592756E+01, 0.4556524E+01, 0.4594982E+01,
 0.6250000E+02, 0.5238831E+01, 0.4592756E+01, 0.4556524E+01, 0.4594982E+01,
 0.6252000E+02, 0.5238831E+01, 0.4592756E+01, 0.4556524E+01, 0.4594982E+01,
 0.6254000E+02, 0.5238831E+01, 0.4592756E+01, 0.4556524E+01, 0.4594982E+01,
 0.6256000E+02, 0.5238831E+01, 0.4592756E+01, 0.4556524E+01, 0.4594982E+01,
 0.6258000E+02, 0.5238831E+01, 0.4592756E+01, 0.4556524E+01, 0.4594982E+01,
 0.6260000E+02, 0.5238831E+01, 0.4592756E+01, 0.4556524E+01, 0.4594982E+01,
 0.6262000E+02, 0.5238831E+01, 0.4592756E+01, 0.4556524E+01, 0.4594982E+01,
 0.6264000E+02, 0.5238831E+01, 0.4592756E+01, 0.4556524E+01, 0.4594982E+01,
 0.6266000E+02, 0.5238831E+01, 0.4592756E+01, 0.4556524E+01, 0.4594982E+01,
 0.6268000E+02, 0.5238831E+01, 0.4592756E+01, 0.4556524E+01, 0.4594982E+01,
 0.6270000E+02, 0.5238831E+01, 0.4592756E+01, 0.4556524E+01, 0.4594982E+01,
 0.6272000E+02, 0.5238831E+01, 0.4592756E+01, 0.4556524E+01, 0.4594982E+01,
 0.6274000E+02, 0.5238831E+01, 0.4592756E+01, 0.4556524E+01, 0.4594982E+01,
 0.6276000E+02, 0.5238831E+01, 0.4592756E+01, 0.4556524E+01, 0.4594982E+01,
 0.6278000E+02, 0.5238831E+01, 0.4592756E+01, 0.4556524E+01, 0.4594982E+01,
 0.6280000E+02, 0.5238831E+01, 0.4592756E+01, 0.4556524E+01, 0.4594982E+01,
 0.6282000E+02, 0.5238831E+01, 0.4592756E+01, 0.4556524E+01, 0.4594982E+01,
 0.6284000E+02, 0.5238831E+01, 0.4592756E+01, 0.4556524E+01, 0.4594982E+01,
 0.6286000E+02, 0.5238831E+01, 0.4592756E+01, 0.4556524E+01, 0.4594982E+01,
 0.6288000E+02, 0.5238831E+01, 0.4592756E+01, 0.4556524E+01, 0.4594982E+01,
 0.6290000E+02, 0.5238831E+01, 0.4592756E+01, 0.4556524E+01, 0.4594982E+01,
 0.6292000E+02, 0.5238831E+01, 0.4592756E+01, 0.4556524E+01, 0.4594982E+01,
 0.6294000E+02, 0.5238831E+01, 0.4592756E+01, 0.4556524E+01, 0.4594982E+01,
 0.6296000E+02, 0.5238831E+01, 0.4592756E+01, 0.4556524E+01, 0.4594982E+01,
 0.6298000E+02, 0.5238831E+01, 0.4592756E+01, 0.4556524E+01, 0.4594982E+01,
 0.6300000E+02, 0.5238831E+01, 0.4592756E+01, 0.4556524E+01, 0.4594982E+01,
 0.6302000E+02, 0.5238831E+01, 0.4592756E+01, 0.4556524E+01, 0.4594982E+01,
 0.6304000E+02, 0.5238831E+01, 0.4592756E+01, 0.4556524E+01, 0.4594982E+01,
 0.6306000E+02, 0.5238831E+01, 0.4592756E+01, 0.4556524E+01, 0.4594982E+01,
 0.6308000E+02, 0.5238831E+01, 0.4592756E+01, 0.4556524E+01, 0.4594982E+01,
 0.6310000E+02, 0.5238831E+01, 0.4592756E+01, 0.4556524E+01, 0.4594982E+01,
 0.6312000E+02, 0.5238831E+01, 0.4592756E+01, 0.4556524E+01, 0.4594982E+01,
 0.6314000E+02, 0.5238831E+01, 0.4592756E+01, 0.4556524E+01, 0.4594982E+01,
 0.6316000E+02, 0.5238831E+01, 0.4592756E+01, 0.4556524E+01, 0.4594982E+01,
 0.6318000E+02, 0.5238831E+01, 0.4592756E+01, 0.4556524E+01, 0.4594982E+01,
 0.6320000E+02, 0.5238831E+01, 0.4592756E+01, 0.4556524E+01, 0.4594982E+01,
 0.6322000E+02, 0.5238831E+01, 0.4592756E+01, 0.4556524E+01, 0.4594982E+01,
 0.6324000E+02, 0.5238831E+01, 0.4592756E+01, 0.4556524E+01, 0.4594982E+01,
 0.6326000E+02, 0.5238831E+01, 0.4592756E+01, 0.4556524E+01, 0.4594982E+01,
 0.6328000E+02, 0.5238831E+01, 0.4592756E+01, 0.4556524E+01, 0.4594982E+01,
 0.6330000E+02, 0.5238831E+01, 0.4592756E+01, 0.4556524E+01, 0.4594982E+01,
 0.6332000E+02, 0.5238831E+01, 0.4592756E+01, 0.4556524E+01, 0.4594982E+01,
 0.6334000E+02, 0.5238831E+01, 0.4592756E+01, 0.4556524E+01, 0.4594982E+01,
 0.6336000E+02, 0.5238831E+01, 0.4592756E+01, 0.4556524E+01, 0.4594982E+01,
 0.6338000E+02, 0.5238831E+01, 0.4592756E+01, 0.4556524E+01, 0.4594982E+01,
 0.6340000E+02, 0.5238831E+01, 0.4592756E+01, 0.4556524E+01, 0.4594982E+01,
 0.6342000E+02, 0.5238831E+01, 0.4592756E+01, 0.4556524E+01, 0.4594982E+01,
 0.6344000E+02, 0.5238831E+01, 0.4592756E+01, 0.4556524E+01, 0.4594982E+01,
 0.6346000E+02, 0.5238831E+01, 0.4592756E+01, 0.4556524E+01, 0.4594982E+01,
 0.6348000E+02, 0.5238831E+01, 0.4592756E+01, 0.4556524E+01, 0.4594982E+01,
 0.6350000E+02, 0.5238831E+01, 0.4592756E+01, 0.4556524E+01, 0.4594982E+01,
 0.6352000E+02, 0.5238831E+01, 0.4592756E+01, 0.4556524E+01, 0.4594982E+01,
 0.6354000E+02, 0.5238831E+01, 0.4592756E+01, 0.4556524E+01, 0.4594982E+01,
 0.6356000E+02, 0.5238831E+01, 0.4592756E+01, 0.4556524E+01, 0.4594982E+01,
 0.6358000E+02, 0.5238831E+01, 0.4592756E+01, 0.4556524E+01, 0.4594982E+01,
 0.6360000E+02, 0.5238831E+01, 0.4592756E+01, 0.4556524E+01, 0.4594982E+01,
 0.6362000E+02, 0.5238831E+01, 0.4592756E+01, 0.4556524E+01, 0.4594982E+01,
 0.6364000E+02, 0.5238831E+01, 0.4592756E+01, 0.4556524E+01, 0.4594982E+01,
 0.6366000E+02, 0.5238831E+01, 0.4592756E+01, 0.4556524E+01, 0.4594982E+01,
 0.6368000E+02, 0.5238831E+01, 0.4592756E+01, 0.4556524E+01, 0.4594982E+01,
 0.6370000E+02, 0.5238831E+01, 0.4592756E+01, 0.4556524E+01, 0.4594982E+01,
 0.6372000E+02, 0.5238831E+01, 0.4592756E+01, 0.4556524E+01, 0.4594982E+01,
 0.6374000E+02, 0.5238831E+01, 0.4592756E+01, 0.4556524E+01, 0.4594982E+01,
 0.6376000E+02, 0.5238831E+01, 0.4592756E+01, 0.4556524E+01, 0.4594982E+01,
 0.6378000E+02, 0.5238831E+01, 0.4592756E+01, 0.4556524E+01, 0.4594982E+01,
 0.6380000E+02, 0.5238831E+01, 0.4592756E+01, 0.4556524E+01, 0.4594982E+01,
 0.6382000E+02, 0.5238831E+01, 0.4592756E+01, 0.4556524E+01, 0.4594982E+01,
 0.6384000E+02, 0.5238831E+01, 0.4592756E+01, 0.4556524E+01, 0.4594982E+01,
 0.6386000E+02, 0.5238831E+01, 0.4592756E+01, 0.4556524E+01, 0.4594982E+01,
 0.6388000E+02, 0.5238831E+01, 0.4592756E+01, 0.4556524E+01, 0.4594982E+01,
 0.6390000E+02, 0.5238831E+01, 0.4592756E+01, 0.4556524E+01, 0.4594982E+01,
 0.6392000E+02, 0.5238831E+01, 0.4592756E+01, 0.4556524E+01, 0.4594982E+01,
 0.6394000E+02, 0.5238831E+01, 0.4592756E+01, 0.4556524E+01, 0.4594982E+01,
 0.6396000E+02, 0.5238831E+01, 0.4592756E+01, 0.4556524E+01, 0.4594982E+01,
 0.6398000E+02, 0.5238831E+01, 0.4592756E+01, 0.4556524E+01, 0.4594982E+01,
 0.6400000E+02, 0.5238831E+01, 0.4592756E+01, 0.4556524E+01, 0.4594982E+01,
 0.6402000E+02, 0.5238831E+01, 0.4592756E+01, 0.4556524E+01, 0.4594982E+01,
 0.6404000E+02, 0.5238831E+01, 0.4592756E+01, 0.4556524E+01, 0.4594982E+01,
 0.6406000E+02, 0.5238831E+01, 0.4592756E+01, 0.4556524E+01, 0.4594982E+01,
 0.6408000E+02, 0.5238831E+01, 0.4592756E+01, 0.4556524E+01, 0.4594982E+01,
 0.6410000E+02, 0.5238831E+01, 0.4592756E+01, 0.4556524E+01, 0.4594982E+01,
 0.6412000E+02, 0.5238831E+01, 0.4592756E+01, 0.4556524E+01, 0.4594982E+01,
 0.6414000E+02, 0.5238831E+01, 0.4592756E+01, 0.4556524E+01, 0.4594982E+01,
 0.6416000E+02, 0.5238831E+01, 0.4592756E+01, 0.4556524E+01, 0.4594982E+01,
 0.6418000E+02, 0.5238831E+01, 0.4592756E+01, 0.4556524E+01, 0.4594982E+01,
 0.6420000E+02, 0.5238831E+01, 0.4592756E+01, 0.4556524E+01, 0.4594982E+01,
 0.6422000E+02, 0.5238831E+01, 0.4592756E+01, 0.4556524E+01, 0.4594982E+01,
 0.6424000E+02, 0.5238831E+01, 0.4592756E+01, 0.4556524E+01, 0.4594982E+01,
 0.6426000E+02, 0.5238831E+01, 0.4592756E+01, 0.4556524E+01, 0.4594982E+01,
 0.6428000E+02, 0.5238831E+01, 0.4592756E+01, 0.4556524E+01, 0.4594982E+01,
 0.6430000E+02, 0.5238831E+01, 0.4592756E+01, 0.4556524E+01, 0.4594982E+01,
 0.6432000E+02, 0.5238831E+01, 0.4592756E+01, 0.4556524E+01, 0.4594982E+01,
 0.6434000E+02, 0.5238831E+01, 0.4592756E+01, 0.4556524E+01, 0.4594982E+01,
 0.6436000E+02, 0.5238831E+01, 0.4592756E+01, 0.4556524E+01, 0.4594982E+01,
 0.6438000E+02, 0.5238831E+01, 0.4592756E+01, 0.4556524E+01, 0.4594982E+01,
 0.6440000E+02, 0.5238831E+01, 0.4592756E+01, 0.4556524E+01, 0.4594982E+01,
 0.6442000E+02, 0.5238831E+01, 0.4592756E+01, 0.4556524E+01, 0.4594982E+01,
 0.6444000E+02, 0.5238831E+01, 0.4592756E+01, 0.4556524E+01, 0.4594982E+01,
 0.6446000E+02, 0.5238831E+01, 0.4592756E+01, 0.4556524E+01, 0.4594982E+01,
 0.6448000E+02, 0.5238831E+01, 0.4592756E+01, 0.4556524E+01, 0.4594982E+01,
 0.6450000E+02, 0.5238831E+01, 0.4592756E+01, 0.4556524E+01, 0.4594982E+01,
 0.6452000E+02, 0.5238831E+01, 0.4592756E+01, 0.4556524E+01, 0.4594982E+01,
 0.6454000E+02, 0.5238831E+01, 0.4592756E+01, 0.4556524E+01, 0.4594982E+01,
 0.6456000E+02, 0.5238831E+01, 0.4592756E+01, 0.4556524E+01, 0.4594982E+01,
 0.6458000E+02, 0.5238831E+01, 0.4592756E+01, 0.4556524E+01, 0.4594982E+01,
 0.6460000E+02, 0.5238831E+01, 0.4592756E+01, 0.4556524E+01, 0.4594982E+01,
 0.6462000E+02, 0.5238831E+01, 0.4592756E+01, 0.4556524E+01, 0.4594982E+01,
 0.6464000E+02, 0.5238831E+01, 0.4592756E+01, 0.4556524E+01, 0.4594982E+01,
 0.6466000E+02, 0.5238831E+01, 0.4592756E+01, 0.4556524E+01, 0.4594982E+01,
 0.6468000E+02, 0.5238831E+01, 0.4592756E+01, 0.4556524E+01, 0.4594982E+01,
 0.6470000E+02, 0.5238831E+01, 0.4592756E+01, 0.4556524E+01, 0.4594982E+01,
 0.6472000E+02, 0.5238831E+01, 0.4592756E+01, 0.4556524E+01, 0.4594982E+01,
 0.6474000E+02, 0.5238831E+01, 0.4592756E+01, 0.4556524E+01, 0.4594982E+01,
 0.6476000E+02, 0.5238831E+01, 0.4592756E+01, 0.4556524E+01, 0.4594982E+01,
 0.6478000E+02, 0.5238831E+01, 0.4592756E+01, 0.4556524E+01, 0.4594982E+01,
 0.6480000E+02, 0.5238831E+01, 0.4592756E+01, 0.4556524E+01, 0.4594982E+01,
 0.6482000E+02, 0.5238831E+01, 0.4592756E+01, 0.4556524E+01, 0.4594982E+01,
 0.6484000E+02, 0.5238831E+01, 0.4592756E+01, 0.4556524E+01, 0.4594982E+01,
 0.6486000E+02, 0.5238831E+01, 0.4592756E+01, 0.4556524E+01, 0.4594982E+01,
 0.6488000E+02, 0.5238831E+01, 0.4592756E+01, 0.4556524E+01, 0.4594982E+01,
 0.6490000E+02, 0.5238831E+01, 0.4592756E+01, 0.4556524E+01, 0.4594982E+01,
 0.6492000E+02, 0.5238831E+01, 0.4592756E+01, 0.4556524E+01, 0.4594982E+01,
 0.6494000E+02, 0.5238831E+01, 0.4592756E+01, 0.4556524E+01, 0.4594982E+01,
 0.6496000E+02, 0.5238831E+01, 0.4592756E+01, 0.4556524E+01, 0.4594982E+01,
 0.6498000E+02, 0.5238831E+01, 0.4592756E+01, 0.4556524E+01, 0.4594982E+01,
 0.6500000E+02, 0.5238831E+01, 0.4592756E+01, 0.4556524E+01, 0.4594982E+01,
 0.6502000E+02, 0.5238831E+01, 0.4592756E+01, 0.4556524E+01, 0.4594982E+01,
 0.6504000E+02, 0.5238831E+01, 0.4592756E+01, 0.4556524E+01, 0.4594982E+01,
 0.6506000E+02, 0.5238831E+01, 0.4592756E+01, 0.4556524E+01, 0.4594982E+01,
 0.6508000E+02, 0.5238831E+01, 0.4592756E+01, 0.4556524E+01, 0.4594982E+01,
 0.6510000E+02, 0.5238831E+01, 0.4592756E+01, 0.4556524E+01, 0.4594982E+01,
 0.6512000E+02, 0.5238831E+01, 0.4592756E+01, 0.4556524E+01, 0.4594982E+01,
 0.6514000E+02, 0.5238831E+01, 0.4592756E+01, 0.4556524E+01, 0.4594982E+01,
 0.6516000E+02, 0.5238831E+01, 0.4592756E+01, 0.4556524E+01, 0.4594982E+01,
 0.6518000E+02, 0.5238831E+01, 0.4592756E+01, 0.4556524E+01, 0.4594982E+01,
 0.6520000E+02, 0.5238831E+01, 0.4592756E+01, 0.4556524E+01, 0.4594982E+01,
 0.6522000E+02, 0.5238831E+01, 0.4592756E+01, 0.4556524E+01, 0.4594982E+01,
 0.6524000E+02, 0.5238831E+01, 0.4592756E+01, 0.4556524E+01, 0.4594982E+01,
 0.6526000E+02, 0.5238831E+01, 0.4592756E+01, 0.4556524E+01, 0.4594982E+01,
 0.6528000E+02, 0.5238831E+01, 0.4592756E+01, 0.4556524E+01, 0.4594982E+01,
 0.6530000E+02, 0.5238831E+01, 0.4592756E+01, 0.4556524E+01, 0.4594982E+01,
 0.6532000E+02, 0.5238831E+01, 0.4592756E+01, 0.4556524E+01, 0.4594982E+01,
 0.6534000E+02, 0.5238831E+01, 0.4592756E+01, 0.4556524E+01, 0.4594982E+01,
 0.6536000E+02, 0.5238831E+01, 0.4592756E+01, 0.4556524E+01, 0.4594982E+01,
 0.6538000E+02, 0.5238831E+01, 0.4592756E+01, 0.4556524E+01, 0.4594982E+01,
 0.6540000E+02, 0.5238831E+01, 0.4592756E+01, 0.4556524E+01, 0.4594982E+01,
 0.6542000E+02, 0.5238831E+01, 0.4592756E+01, 0.4556524E+01, 0.4594982E+01,
 0.6544000E+02, 0.5238831E+01, 0.4592756E+01, 0.4556524E+01, 0.4594982E+01,
 0.6546000E+02, 0.5238831E+01, 0.4592756E+01, 0.4556524E+01, 0.4594982E+01,
 0.6548000E+02, 0.5238831E+01, 0.4592756E+01, 0.4556524E+01, 0.4594982E+01,
 0.6550000E+02, 0.5238831E+01, 0.4592756E+01, 0.4556524E+01, 0.4594982E+01,
 0.6552000E+02, 0.5238831E+01, 0.4592756E+01, 0.4556524E+01, 0.4594982E+01,
 0.6554000E+02, 0.5238831E+01, 0.4592756E+01, 0.4556524E+01, 0.4594982E+01,
 0.6556000E+02, 0.5238831E+01, 0.4592756E+01, 0.4556524E+01, 0.4594982E+01,
 0.6558000E+02, 0.5238831E+01, 0.4592756E+01, 0.4556524E+01, 0.4594982E+01,
 0.6560000E+02, 0.5238831E+01, 0.4592756E+01, 0.4556524E+01, 0.4594982E+01,
 0.6562000E+02, 0.5238831E+01, 0.4592756E+01, 0.4556524E+01, 0.4594982E+01,
 0.6564000E+02, 0.5238831E+01, 0.4592756E+01, 0.4556524E+01, 0.4594982E+01,
 0.6566000E+02, 0.5238831E+01, 0.4592756E+01, 0.4556524E+01, 0.4594982E+01,
 0.6568000E+02, 0.5238831E+01, 0.4592756E+01, 0.4556524E+01, 0.4594982E+01,
 0.6570000E+02, 0.5238831E+01, 0.4592756E+01, 0.4556524E+01, 0.4594982E+01,
 0.6572000E+02, 0.5238831E+01, 0.4592756E+01, 0.4556524E+01, 0.4594982E+01,
 0.6574000E+02, 0.5238831E+01, 0.4592756E+01, 0.4556524E+01, 0.4594982E+01,
 0.6576000E+02, 0.5238831E+01, 0.4592756E+01, 0.4556524E+01, 0.4594982E+01,
 0.6578000E+02, 0.5238831E+01, 0.4592756E+01, 0.4556524E+01, 0.4594982E+01,
 0.6580000E+02, 0.5238831E+01, 0.4592756E+01, 0.4556524E+01, 0.4594982E+01,
 0.6582000E+02, 0.5238831E+01, 0.4592756E+01, 0.4556524E+01, 0.4594982E+01,
 0.6584000E+02, 0.5238831E+01, 0.4592756E+01, 0.4556524E+01, 0.4594982E+01,
 0.6586000E+02, 0.5238831E+01, 0.4592756E+01, 0.4556524E+01, 0.4594982E+01,
 0.6588000E+02, 0.5238831E+01, 0.4592756E+01, 0.4556524E+01, 0.4594982E+01,
 0.6590000E+02, 0.5238831E+01, 0.4592756E+01, 0.4556524E+01, 0.4594982E+01,
 0.6592000E+02, 0.5238831E+01, 0.4592756E+01, 0.4556524E+01, 0.4594982E+01,
 0.6594000E+02, 0.5238831E+01, 0.4592756E+01, 0.4556524E+01, 0.4594982E+01,
 0.6596000E+02, 0.5238831E+01, 0.4592756E+01, 0.4556524E+01, 0.4594982E+01,
 0.6598000E+02, 0.5238831E+01, 0.4592756E+01, 0.4556524E+01, 0.4594982E+01,
 0.6600000E+02, 0.5238831E+01, 0.4592756E+01, 0.4556524E+01, 0.4594982E+01,
 0.6602000E+02, 0.5238831E+01, 0.4592756E+01, 0.4556524E+01, 0.4594982E+01,
 0.6604000E+02, 0.5238831E+01, 0.4592756E+01, 0.4556524E+01, 0.4594982E+01,
 0.6606000E+02, 0.5238831E+01, 0.4592756E+01, 0.4556524E+01, 0.4594982E+01,
 0.6608000E+02, 0.5238831E+01, 0.4592756E+01, 0.4556524E+01, 0.4594982E+01,
 0.6610000E+02, 0.5238831E+01, 0.4592756E+01, 0.4556524E+01, 0.4594982E+01,
 0.6612000E+02, 0.5238831E+01, 0.4592756E+01, 0.4556524E+01, 0.4594982E+01,
 0.6614000E+02, 0.5238831E+01, 0.4592756E+01, 0.4556524E+01, 0.4594982E+01,
 0.6616000E+02, 0.5238831E+01, 0.4592756E+01, 0.4556524E+01, 0.4594982E+01,
 0.6618000E+02, 0.5238831E+01, 0.4592756E+01, 0.4556524E+01, 0.4594982E+01,
 0.6620000E+02, 0.5238831E+01, 0.4592756E+01, 0.4556524E+01, 0.4594982E+01,
 0.6622000E+02, 0.5238831E+01, 0.4592756E+01, 0.4556524E+01, 0.4594982E+01,
 0.6624000E+02, 0.5238831E+01, 0.4592756E+01, 0.4556524E+01, 0.4594982E+01,
 0.6626000E+02, 0.5238831E+01, 0.4592756E+01, 0.4556524E+01, 0.4594982E+01,
 0.6628000E+02, 0.5238831E+01, 0.4592756E+01, 0.4556524E+01, 0.4594982E+01,
 0.6630000E+02, 0.5238831E+01, 0.4592756E+01, 0.4556524E+01, 0.4594982E+01,
 0.6632000E+02, 0.5238831E+01, 0.4592756E+01, 0.4556524E+01, 0.4594982E+01,
 0.6634000E+02, 0.5238831E+01, 0.4592756E+01, 0.4556524E+01, 0.4594982E+01,
 0.6636000E+02, 0.5238831E+01, 0.4592756E+01, 0.4556524E+01, 0.4594982E+01,
 0.6638000E+02, 0.5238831E+01, 0.4592756E+01, 0.4556524E+01, 0.4594982E+01,
 0.6640000E+02, 0.5238831E+01, 0.4592756E+01, 0.4556524E+01, 0.4594982E+01,
 0.6642000E+02, 0.5238831E+01, 0.4592756E+01, 0.4556524E+01, 0.4594982E+01,
 0.6644000E+02, 0.5238831E+01, 0.4592756E+01, 0.4556524E+01, 0.4594982E+01,
 0.6646000E+02, 0.5238831E+01, 0.4592756E+01, 0.4556524E+01, 0.4594982E+01,
 0.6648000E+02, 0.5238831E+01, 0.4592756E+01, 0.4556524E+01, 0.4594982E+01,
 0.6650000E+02, 0.5238831E+01, 0.4592756E+01, 0.4556524E+01, 0.4594982E+01,
 0.6652000E+02, 0.5238831E+01, 0.4592756E+01, 0.4556524E+01, 0.4594982E+01,
 0.6654000E+02, 0.5238831E+01, 0.4592756E+01, 0.4556524E+01, 0.4594982E+01,
 0.6656000E+02, 0.5238831E+01, 0.4592756E+01, 0.4556524E+01, 0.4594982E+01,
 0.6658000E+02, 0.5238831E+01, 0.4592756E+01, 0.4556524E+01, 0.4594982E+01,
 0.6660000E+02, 0.5238831E+01, 0.4592756E+01, 0.4556524E+01, 0.4594982E+01,
 0.6662000E+02, 0.5238831E+01, 0.4592756E+01, 0.4556524E+01, 0.4594982E+01,
 0.6664000E+02, 0.5238831E+01, 0.4592756E+01, 0.4556524E+01, 0.4594982E+01,
 0.6666000E+02, 0.5238831E+01, 0.4592756E+01, 0.4556524E+01, 0.4594982E+01,
 0.6668000E+02, 0.5238831E+01, 0.4592756E+01, 0.4556524E+01, 0.4594982E+01,
 0.6670000E+02, 0.5238831E+01, 0.4592756E+01, 0.4556524E+01, 0.4594982E+01,
 0.6672000E+02, 0.5238831E+01, 0.4592756E+01, 0.4556524E+01, 0.4594982E+01,
 0.6674000E+02, 0.5238831E+01, 0.4592756E+01, 0.4556524E+01, 0.4594982E+01,
 0.6676000E+02, 0.5238831E+01, 0.4592756E+01, 0.4556524E+01, 0.4594982E+01,
 0.6678000E+02, 0.5238831E+01, 0.4592756E+01, 0.4556524E+01, 0.4594982E+01,
 0.6680000E+02, 0.5238831E+01, 0.4592756E+01, 0.4556524E+01, 0.4594982E+01,
 0.6682000E+02, 0.5238831E+01, 0.4592756E+01, 0.4556524E+01, 0.4594982E+01,
 0.6684000E+02, 0.5238831E+01, 0.4592756E+01, 0.4556524E+01, 0.4594982E+01,
 0.6686000E+02, 0.5238831E+01, 0.4592756E+01, 0.4556524E+01, 0.4594982E+01,
 0.6688000E+02, 0.5238831E+01, 0.4592756E+01, 0.4556524E+01, 0.4594982E+01,
 0.6690000E+02, 0.5238831E+01, 0.4592756E+01, 0.4556524E+01, 0.4594982E+01,
 0.6692000E+02, 0.5238831E+01, 0.4592756E+01, 0.4556524E+01, 0.4594982E+01,
 0.6694000E+02, 0.5238831E+01, 0.4592756E+01, 0.4556524E+01, 0.4594982E+01,
 0.6696000E+02, 0.5238831E+01, 0.4592756E+01, 0.4556524E+01, 0.4594982E+01,
 0.6698000E+02, 0.5238831E+01, 0.4592756E+01, 0.4556524E+01, 0.4594982E+01,
 0.6700000E+02, 0.5238831E+01, 0.4592756E+01, 0.4556524E+01, 0.4594982E+01,
 0.6702000E+02, 0.5238831E+01, 0.4592756E+01, 0.4556524E+01, 0.4594982E+01,
 0.6704000E+02, 0.5238831E+01, 0.4592756E+01, 0.4556524E+01, 0.4594982E+01,
 0.6706000E+02, 0.5238831E+01, 0.4592756E+01, 0.4556524E+01, 0.4594982E+01,
 0.6708000E+02, 0.5238831E+01, 0.4592756E+01, 0.4556524E+01, 0.4594982E+01,
 0.6710000E+02, 0.5238831E+01, 0.4592756E+01, 0.4556524E+01, 0.4594982E+01,
 0.6712000E+02, 0.5238831E+01, 0.4592756E+01, 0.4556524E+01, 0.4594982E+01,
 0.6714000E+02, 0.5238831E+01, 0.4592756E+01, 0.4556524E+01, 0.4594982E+01,
 0.6716000E+02, 0.5238831E+01, 0.4592756E+01, 0.4556524E+01, 0.4594982E+01,
 0.6718000E+02, 0.5238831E+01, 0.4592756E+01, 0.4556524E+01, 0.4594982E+01,
 0.6720000E+02, 0.5238831E+01, 0.4592756E+01, 0.4556524E+01, 0.4594982E+01,
 0.6722000E+02, 0.5238831E+01, 0.4592756E+01, 0.4556524E+01, 0.4594982E+01,
 0.6724000E+02, 0.5238831E+01, 0.4592756E+01, 0.4556524E+01, 0.4594982E+01,
 0.6726000E+02, 0.5238831E+01, 0.4592756E+01, 0.4556524E+01, 0.4594982E+01,
 0.6728000E+02, 0.5238831E+01, 0.4592756E+01, 0.4556524E+01, 0.4594982E+01,
 0.6730000E+02, 0.5238831E+01, 0.4592756E+01, 0.4556524E+01, 0.4594982E+01,
 0.6732000E+02, 0.5238831E+01, 0.4592756E+01, 0.4556524E+01, 0.4594982E+01,
 0.6734000E+02, 0.5238831E+01, 0.4592756E+01, 0.4556524E+01, 0.4594982E+01,
 0.6736000E+02, 0.5238831E+01, 0.4592756E+01, 0.4556524E+01, 0.4594982E+01,
 0.6738000E+02, 0.5238831E+01, 0.4592756E+01, 0.4556524E+01, 0.4594982E+01,
 0.6740000E+02, 0.5238831E+01, 0.4592756E+01, 0.4556524E+01, 0.4594982E+01,
 0.6742000E+02, 0.5238831E+01, 0.4592756E+01, 0.4556524E+01, 0.4594982E+01,
 0.6744000E+02, 0.5238831E+01, 0.4592756E+01, 0.4556524E+01, 0.4594982E+01,
 0.6746000E+02, 0.5238831E+01, 0.4592756E+01, 0.4556524E+01, 0.4594982E+01,
 0.6748000E+02, 0.5238831E+01, 0.4592756E+01, 0.4556524E+01, 0.4594982E+01,
 0.6750000E+02, 0.5238831E+01, 0.4592756E+01, 0.4556524E+01, 0.4594982E+01,
 0.6752000E+02, 0.5238831E+01, 0.4592756E+01, 0.4556524E+01, 0.4594982E+01,
 0.6754000E+02, 0.5238831E+01, 0.4592756E+01, 0.4556524E+01, 0.4594982E+01,
 0.6756000E+02, 0.5238831E+01, 0.4592756E+01, 0.4556524E+01, 0.4594982E+01,
 0.6758000E+02, 0.5238831E+01, 0.4592756E+01, 0.4556524E+01, 0.4594982E+01,
 0.6760000E+02, 0.5238831E+01, 0.4592756E+01, 0.4556524E+01, 0.4594982E+01,
 0.6762000E+02, 0.5238831E+01, 0.4592756E+01, 0.4556524E+01, 0.4594982E+01,
 0.6764000E+02, 0.5238831E+01, 0.4592756E+01, 0.4556524E+01, 0.4594982E+01,
 0.6766000E+02, 0.5238831E+01, 0.4592756E+01, 0.4556524E+01, 0.4594982E+01,
 0.6768000E+02, 0.5238831E+01, 0.4592756E+01, 0.4556524E+01, 0.4594982E+01,
 0.6770000E+02, 0.5238831E+01, 0.4592756E+01, 0.4556524E+01, 0.4594982E+01,
 0.6772000E+02, 0.5238831E+01, 0.4592756E+01, 0.4556524E+01, 0.4594982E+01,
 0.6774000E+02, 0.5238831E+01, 0.4592756E+01, 0.4556524E+01, 0.4594982E+01,
 0.6776000E+02, 0.5238831E+01, 0.4592756E+01, 0.4556524E+01, 0.4594982E+01,
 0.6778000E+02, 0.5238831E+01, 0.4592756E+01, 0.4556524E+01, 0.4594982E+01,
 0.6780000E+02, 0.5238831E+01, 0.4592756E+01, 0.4556524E+01, 0.4594982E+01,
 0.6782000E+02, 0.5238831E+01, 0.4592756E+01, 0.4556524E+01, 0.4594982E+01,
 0.6784000E+02, 0.5238831E+01, 0.4592756E+01, 0.4556524E+01, 0.4594982E+01,
 0.6786000E+02, 0.5238831E+01, 0.4592756E+01, 0.4556524E+01, 0.4594982E+01,
 0.6788000E+02, 0.5238831E+01, 0.4592756E+01, 0.4556524E+01, 0.4594982E+01,
 0.6790000E+02, 0.5238831E+01, 0.4592756E+01, 0.4556524E+01, 0.4594982E+01,
 0.6792000E+02, 0.5238831E+01, 0.4592756E+01, 0.4556524E+01, 0.4594982E+01,
 0.6794000E+02, 0.5238831E+01, 0.4592756E+01, 0.4556524E+01, 0.4594982E+01,
 0.6796000E+02, 0.5238831E+01, 0.4592756E+01, 0.4556524E+01, 0.4594982E+01,
 0.6798000E+02, 0.5238831E+01, 0.4592756E+01, 0.4556524E+01, 0.4594982E+01,
 0.6800000E+02, 0.5238831E+01, 0.4592756E+01, 0.4556524E+01, 0.4594982E+01,
 0.6802000E+02, 0.5238831E+01, 0.4592756E+01, 0.4556524E+01, 0.4594982E+01,
 0.6804000E+02, 0.5238831E+01, 0.4592756E+01, 0.4556524E+01, 0.4594982E+01,
 0.6806000E+02, 0.5238831E+01, 0.4592756E+01, 0.4556524E+01, 0.4594982E+01,
 0.6808000E+02, 0.5238831E+01, 0.4592756E+01, 0.4556524E+01, 0.4594982E+01,
 0.6810000E+02, 0.5238831E+01, 0.4592756E+01, 0.4556524E+01, 0.4594982E+01,
 0.6812000E+02, 0.5238831E+01, 0.4592756E+01, 0.4556524E+01, 0.4594982E+01,
 0.6814000E+02, 0.5238831E+01, 0.4592756E+01, 0.4556524E+01, 0.4594982E+01,
 0.6816000E+02, 0.5238831E+01, 0.4592756E+01, 0.4556524E+01, 0.4594982E+01,
 0.6818000E+02, 0.5238831E+01, 0.4592756E+01, 0.4556524E+01, 0.4594982E+01,
 0.6820000E+02, 0.5238831E+01, 0.4592756E+01, 0.4556524E+01, 0.4594982E+01,
 0.6822000E+02, 0.5238831E+01, 0.4592756E+01, 0.4556524E+01, 0.4594982E+01,
 0.6824000E+02, 0.5238831E+01, 0.4592756E+01, 0.4556524E+01, 0.4594982E+01,
 0.6826000E+02, 0.5238831E+01, 0.4592756E+01, 0.4556524E+01, 0.4594982E+01,
 0.6828000E+02, 0.5238831E+01, 0.4592756E+01, 0.4556524E+01, 0.4594982E+01,
 0.6830000E+02, 0.5238831E+01, 0.4592756E+01, 0.4556524E+01, 0.4594982E+01,
 0.6832000E+02, 0.5238831E+01, 0.4592756E+01, 0.4556524E+01, 0.4594982E+01,
 0.6834000E+02, 0.5238831E+01, 0.4592756E+01, 0.4556524E+01, 0.4594982E+01,
 0.6836000E+02, 0.5238831E+01, 0.4592756E+01, 0.4556524E+01, 0.4594982E+01,
 0.6838000E+02, 0.5238831E+01, 0.4592756E+01, 0.4556524E+01, 0.4594982E+01,
 0.6840000E+02, 0.5238831E+01, 0.4592756E+01, 0.4556524E+01, 0.4594982E+01,
 0.6842000E+02, 0.5238831E+01, 0.4592756E+01, 0.4556524E+01, 0.4594982E+01,
 0.6844000E+02, 0.5238831E+01, 0.4592756E+01, 0.4556524E+01, 0.4594982E+01,
 0.6846000E+02, 0.5238831E+01, 0.4592756E+01, 0.4556524E+01, 0.4594982E+01,
 0.6848000E+02, 0.5238831E+01, 0.4592756E+01, 0.4556524E+01, 0.4594982E+01,
 0.6850000E+02, 0.5238831E+01, 0.4592756E+01, 0.4556524E+01, 0.4594982E+01,
 0.6852000E+02, 0.5238831E+01, 0.4592756E+01, 0.4556524E+01, 0.4594982E+01,
 0.6854000E+02, 0.5238831E+01, 0.4592756E+01, 0.4556524E+01, 0.4594982E+01,
 0.6856000E+02, 0.5238831E+01, 0.4592756E+01, 0.4556524E+01, 0.4594982E+01,
 0.6858000E+02, 0.5238831E+01, 0.4592756E+01, 0.4556524E+01, 0.4594982E+01,
 0.6860000E+02, 0.5238831E+01, 0.4592756E+01, 0.4556524E+01, 0.4594982E+01,
 0.6862000E+02, 0.5238831E+01, 0.4592756E+01, 0.4556524E+01, 0.4594982E+01,
 0.6864000E+02, 0.5238831E+01, 0.4592756E+01, 0.4556524E+01, 0.4594982E+01,
 0.6866000E+02, 0.5238831E+01, 0.4592756E+01, 0.4556524E+01, 0.4594982E+01,
 0.6868000E+02, 0.5238831E+01, 0.4592756E+01, 0.4556524E+01, 0.4594982E+01,
 0.6870000E+02, 0.5238831E+01, 0.4592756E+01, 0.4556524E+01, 0.4594982E+01,
 0.6872000E+02, 0.5238831E+01, 0.4592756E+01, 0.4556524E+01, 0.4594982E+01,
 0.6874000E+02, 0.5238831E+01, 0.4592756E+01, 0.4556524E+01, 0.4594982E+01,
 0.6876000E+02, 0.5238831E+01, 0.4592756E+01, 0.4556524E+01, 0.4594982E+01,
 0.6878000E+02, 0.5238831E+01, 0.4592756E+01, 0.4556524E+01, 0.4594982E+01,
 0.6880000E+02, 0.5238831E+01, 0.4592756E+01, 0.4556524E+01, 0.4594982E+01,
 0.6882000E+02, 0.5238831E+01, 0.4592756E+01, 0.4556524E+01, 0.4594982E+01,
 0.6884000E+02, 0.5238831E+01, 0.4592756E+01, 0.4556524E+01, 0.4594982E+01,
 0.6886000E+02, 0.5238831E+01, 0.4592756E+01, 0.4556524E+01, 0.4594982E+01,
 0.6888000E+02, 0.5238831E+01, 0.4592756E+01, 0.4556524E+01, 0.4594982E+01,
 0.6890000E+02, 0.5238831E+01, 0.4592756E+01, 0.4556524E+01, 0.4594982E+01,
 0.6892000E+02, 0.5238831E+01, 0.4592756E+01, 0.4556524E+01, 0.4594982E+01,
 0.6894000E+02, 0.5238831E+01, 0.4592756E+01, 0.4556524E+01, 0.4594982E+01,
 0.6896000E+02, 0.5238831E+01, 0.4592756E+01, 0.4556524E+01, 0.4594982E+01,
 0.6898000E+02, 0.5238831E+01, 0.4592756E+01, 0.4556524E+01, 0.4594982E+01,
 0.6900000E+02, 0.5238831E+01, 0.4592756E+01, 0.4556524E+01, 0.4594982E+01,
 0.6902000E+02, 0.5238831E+01, 0.4592756E+01, 0.4556524E+01, 0.4594982E+01,
 0.6904000E+02, 0.5238831E+01, 0.4592756E+01, 0.4556524E+01, 0.4594982E+01,
 0.6906000E+02, 0.5238831E+01, 0.4592756E+01, 0.4556524E+01, 0.4594982E+01,
 0.6908000E+02, 0.5238831E+01, 0.4592756E+01, 0.4556524E+01, 0.4594982E+01,
 0.6910000E+02, 0.5238831E+01, 0.4592756E+01, 0.4556524E+01, 0.4594982E+01,
 0.6912000E+02, 0.5238831E+01, 0.4592756E+01, 0.4556524E+01, 0.4594982E+01,
 0.6914000E+02, 0.5238831E+01, 0.4592756E+01, 0.4556524E+01, 0.4594982E+01,
 0.6916000E+02, 0.5238831E+01, 0.4592756E+01, 0.4556524E+01, 0.4594982E+01,
 0.6918000E+02, 0.5238831E+01, 0.4592756E+01, 0.4556524E+01, 0.4594982E+01,
 0.6920000E+02, 0.5238831E+01, 0.4592756E+01, 0.4556524E+01, 0.4594982E+01,
 0.6922000E+02, 0.5238831E+01, 0.4592756E+01, 0.4556524E+01, 0.4594982E+01,
 0.6924000E+02, 0.5238831E+01, 0.4592756E+01, 0.4556524E+01, 0.4594982E+01,
 0.6926000E+02, 0.5238831E+01, 0.4592756E+01, 0.4556524E+01, 0.4594982E+01,
 0.6928000E+02, 0.5238831E+01, 0.4592756E+01, 0.4556524E+01, 0.4594982E+01,
 0.6930000E+02, 0.5238831E+01, 0.4592756E+01, 0.4556524E+01, 0.4594982E+01,
 0.6932000E+02, 0.5238831E+01, 0.4592756E+01, 0.4556524E+01, 0.4594982E+01,
 0.6934000E+02, 0.5238831E+01, 0.4592756E+01, 0.4556524E+01, 0.4594982E+01,
 0.6936000E+02, 0.5238831E+01, 0.4592756E+01, 0.4556524E+01, 0.4594982E+01,
 0.6938000E+02, 0.5238831E+01, 0.4592756E+01, 0.4556524E+01, 0.4594982E+01,
 0.6940000E+02, 0.5238831E+01, 0.4592756E+01, 0.4556524E+01, 0.4594982E+01,
 0.6942000E+02, 0.5238831E+01, 0.4592756E+01, 0.4556524E+01, 0.4594982E+01,
 0.6944000E+02, 0.5238831E+01, 0.4592756E+01, 0.4556524E+01, 0.4594982E+01,
 0.6946000E+02, 0.5238831E+01, 0.4592756E+01, 0.4556524E+01, 0.4594982E+01,
 0.6948000E+02, 0.5238831E+01, 0.4592756E+01, 0.4556524E+01, 0.4594982E+01,
 0.6950000E+02, 0.5238831E+01, 0.4592756E+01, 0.4556524E+01, 0.4594982E+01,
 0.6952000E+02, 0.5238831E+01, 0.4592756E+01, 0.4556524E+01, 0.4594982E+01,
 0.6954000E+02, 0.5238831E+01, 0.4592756E+01, 0.4556524E+01, 0.4594982E+01,
 0.6956000E+02, 0.5238831E+01, 0.4592756E+01, 0.4556524E+01, 0.4594982E+01,
 0.6958000E+02, 0.5238831E+01, 0.4592756E+01, 0.4556524E+01, 0.4594982E+01,
 0.6960000E+02, 0.5238831E+01, 0.4592756E+01, 0.4556524E+01, 0.4594982E+01,
 0.6962000E+02, 0.5238831E+01, 0.4592756E+01, 0.4556524E+01, 0.4594982E+01,
 0.6964000E+02, 0.5238831E+01, 0.4592756E+01, 0.4556524E+01, 0.4594982E+01,
 0.6966000E+02, 0.5238831E+01, 0.4592756E+01, 0.4556524E+01, 0.4594982E+01,
 0.6968000E+02, 0.5238831E+01, 0.4592756E+01, 0.4556524E+01, 0.4594982E+01,
 0.6970000E+02, 0.5238831E+01, 0.4592756E+01, 0.4556524E+01, 0.4594982E+01,
 0.6972000E+02, 0.5238831E+01, 0.4592756E+01, 0.4556524E+01, 0.4594982E+01,
 0.6974000E+02, 0.5238831E+01, 0.4592756E+01, 0.4556524E+01, 0.4594982E+01,
 0.6976000E+02, 0.5238831E+01, 0.4592756E+01, 0.4556524E+01, 0.4594982E+01,
 0.6978000E+02, 0.5238831E+01, 0.4592756E+01, 0.4556524E+01, 0.4594982E+01,
 0.6980000E+02, 0.5238831E+01, 0.4592756E+01, 0.4556524E+01, 0.4594982E+01,
 0.6982000E+02, 0.5238831E+01, 0.4592756E+01, 0.4556524E+01, 0.4594982E+01,
 0.6984000E+02, 0.5238831E+01, 0.4592756E+01, 0.4556524E+01, 0.4594982E+01,
 0.6986000E+02, 0.5238831E+01, 0.4592756E+01, 0.4556524E+01, 0.4594982E+01,
 0.6988000E+02, 0.5238831E+01, 0.4592756E+01, 0.4556524E+01, 0.4594982E+01,
 0.6990000E+02, 0.5238831E+01, 0.4592756E+01, 0.4556524E+01, 0.4594982E+01,
 0.6992000E+02, 0.5238831E+01, 0.4592756E+01, 0.4556524E+01, 0.4594982E+01,
 0.6994000E+02, 0.5238831E+01, 0.4592756E+01, 0.4556524E+01, 0.4594982E+01,
 0.6996000E+02, 0.5238831E+01, 0.4592756E+01, 0.4556524E+01, 0.4594982E+01,
 0.6998000E+02, 0.5238831E+01, 0.4592756E+01, 0.4556524E+01, 0.4594982E+01,
 0.7000000E+02, 0.5238831E+01, 0.4592756E+01, 0.4556524E+01, 0.4594982E+01,
 0.7002000E+02, 0.5238831E+01, 0.4592756E+01, 0.4556524E+01, 0.4594982E+01,
 0.7004000E+02, 0.5238831E+01, 0.4592756E+01, 0.4556524E+01, 0.4594982E+01,
 0.7006000E+02, 0.5238831E+01, 0.4592756E+01, 0.4556524E+01, 0.4594982E+01,
 0.7008000E+02, 0.5238831E+01, 0.4592756E+01, 0.4556524E+01, 0.4594982E+01,
 0.7010000E+02, 0.5238831E+01, 0.4592756E+01, 0.4556524E+01, 0.4594982E+01,
 0.7012000E+02, 0.5238831E+01, 0.4592756E+01, 0.4556524E+01, 0.4594982E+01,
 0.7014000E+02, 0.5238831E+01, 0.4592756E+01, 0.4556524E+01, 0.4594982E+01,
 0.7016000E+02, 0.5238831E+01, 0.4592756E+01, 0.4556524E+01, 0.4594982E+01,
 0.7018000E+02, 0.5238831E+01, 0.4592756E+01, 0.4556524E+01, 0.4594982E+01,
 0.7020000E+02, 0.5238831E+01, 0.4592756E+01, 0.4556524E+01, 0.4594982E+01,
 0.7022000E+02, 0.5238831E+01, 0.4592756E+01, 0.4556524E+01, 0.4594982E+01,
 0.7024000E+02, 0.5238831E+01, 0.4592756E+01, 0.4556524E+01, 0.4594982E+01,
 0.7026000E+02, 0.5238831E+01, 0.4592756E+01, 0.4556524E+01, 0.4594982E+01,
 0.7028000E+02, 0.5238831E+01, 0.4592756E+01, 0.4556524E+01, 0.4594982E+01,
 0.7030000E+02, 0.5238831E+01, 0.4592756E+01, 0.4556524E+01, 0.4594982E+01,
 0.7032000E+02, 0.5238831E+01, 0.4592756E+01, 0.4556524E+01, 0.4594982E+01,
 0.7034000E+02, 0.5238831E+01, 0.4592756E+01, 0.4556524E+01, 0.4594982E+01,
 0.7036000E+02, 0.5238831E+01, 0.4592756E+01, 0.4556524E+01, 0.4594982E+01,
 0.7038000E+02, 0.5238831E+01, 0.4592756E+01, 0.4556524E+01, 0.4594982E+01,
 0.7040000E+02, 0.5238831E+01, 0.4592756E+01, 0.4556524E+01, 0.4594982E+01,
 0.7042000E+02, 0.5238831E+01, 0.4592756E+01, 0.4556524E+01, 0.4594982E+01,
 0.7044000E+02, 0.5238831E+01, 0.4592756E+01, 0.4556524E+01, 0.4594982E+01,
 0.7046000E+02, 0.5238831E+01, 0.4592756E+01, 0.4556524E+01, 0.4594982E+01,
 0.7048000E+02, 0.5238831E+01, 0.4592756E+01, 0.4556524E+01, 0.4594982E+01,
 0.7050000E+02, 0.5238831E+01, 0.4592756E+01, 0.4556524E+01, 0.4594982E+01,
 0.7052000E+02, 0.5238831E+01, 0.4592756E+01, 0.4556524E+01, 0.4594982E+01,
 0.7054000E+02, 0.5238831E+01, 0.4592756E+01, 0.4556524E+01, 0.4594982E+01,
 0.7056000E+02, 0.5238831E+01, 0.4592756E+01, 0.4556524E+01, 0.4594982E+01,
 0.7058000E+02, 0.5238831E+01, 0.4592756E+01, 0.4556524E+01, 0.4594982E+01,
 0.7060000E+02, 0.5238831E+01, 0.4592756E+01, 0.4556524E+01, 0.4594982E+01,
 0.7062000E+02, 0.5238831E+01, 0.4592756E+01, 0.4556524E+01, 0.4594982E+01,
 0.7064000E+02, 0.5238831E+01, 0.4592756E+01, 0.4556524E+01, 0.4594982E+01,
 0.7066000E+02, 0.5238831E+01, 0.4592756E+01, 0.4556524E+01, 0.4594982E+01,
 0.7068000E+02, 0.5238831E+01, 0.4592756E+01, 0.4556524E+01, 0.4594982E+01,
 0.7070000E+02, 0.5238831E+01, 0.4592756E+01, 0.4556524E+01, 0.4594982E+01,
 0.7072000E+02, 0.5238831E+01, 0.4592756E+01, 0.4556524E+01, 0.4594982E+01,
 0.7074000E+02, 0.5238831E+01, 0.4592756E+01, 0.4556524E+01, 0.4594982E+01,
 0.7076000E+02, 0.5238831E+01, 0.4592756E+01, 0.4556524E+01, 0.4594982E+01,
 0.7078000E+02, 0.5238831E+01, 0.4592756E+01, 0.4556524E+01, 0.4594982E+01,
 0.7080000E+02, 0.5238831E+01, 0.4592756E+01, 0.4556524E+01, 0.4594982E+01,
 0.7082000E+02, 0.5238831E+01, 0.4592756E+01, 0.4556524E+01, 0.4594982E+01,
 0.7084000E+02, 0.5238831E+01, 0.4592756E+01, 0.4556524E+01, 0.4594982E+01,
 0.7086000E+02, 0.5238831E+01, 0.4592756E+01, 0.4556524E+01, 0.4594982E+01,
 0.7088000E+02, 0.5238831E+01, 0.4592756E+01, 0.4556524E+01, 0.4594982E+01,
 0.7090000E+02, 0.5238831E+01, 0.4592756E+01, 0.4556524E+01, 0.4594982E+01,
 0.7092000E+02, 0.5238831E+01, 0.4592756E+01, 0.4556524E+01, 0.4594982E+01,
 0.7094000E+02, 0.5238831E+01, 0.4592756E+01, 0.4556524E+01, 0.4594982E+01,
 0.7096000E+02, 0.5238831E+01, 0.4592756E+01, 0.4556524E+01, 0.4594982E+01,
 0.7098000E+02, 0.5238831E+01, 0.4592756E+01, 0.4556524E+01, 0.4594982E+01,
 0.7100000E+02, 0.5238831E+01, 0.4592756E+01, 0.4556524E+01, 0.4594982E+01,
 0.7102000E+02, 0.5238831E+01, 0.4592756E+01, 0.4556524E+01, 0.4594982E+01,
 0.7104000E+02, 0.5238831E+01, 0.4592756E+01, 0.4556524E+01, 0.4594982E+01,
 0.7106000E+02, 0.5238831E+01, 0.4592756E+01, 0.4556524E+01, 0.4594982E+01,
 0.7108000E+02, 0.5238831E+01, 0.4592756E+01, 0.4556524E+01, 0.4594982E+01,
 0.7110000E+02, 0.5238831E+01, 0.4592756E+01, 0.4556524E+01, 0.4594982E+01,
 0.7112000E+02, 0.5238831E+01, 0.4592756E+01, 0.4556524E+01, 0.4594982E+01,
 0.7114000E+02, 0.5238831E+01, 0.4592756E+01, 0.4556524E+01, 0.4594982E+01,
 0.7116000E+02, 0.5238831E+01, 0.4592756E+01, 0.4556524E+01, 0.4594982E+01,
 0.7118000E+02, 0.5238831E+01, 0.4592756E+01, 0.4556524E+01, 0.4594982E+01,
 0.7120000E+02, 0.5238831E+01, 0.4592756E+01, 0.4556524E+01, 0.4594982E+01,
 0.7122000E+02, 0.5238831E+01, 0.4592756E+01, 0.4556524E+01, 0.4594982E+01,
 0.7124000E+02, 0.5238831E+01, 0.4592756E+01, 0.4556524E+01, 0.4594982E+01,
 0.7126000E+02, 0.5238831E+01, 0.4592756E+01, 0.4556524E+01, 0.4594982E+01,
 0.7128000E+02, 0.5238831E+01, 0.4592756E+01, 0.4556524E+01, 0.4594982E+01,
 0.7130000E+02, 0.5238831E+01, 0.4592756E+01, 0.4556524E+01, 0.4594982E+01,
 0.7132000E+02, 0.5238831E+01, 0.4592756E+01, 0.4556524E+01, 0.4594982E+01,
 0.7134000E+02, 0.5238831E+01, 0.4592756E+01, 0.4556524E+01, 0.4594982E+01,
 0.7136000E+02, 0.5238831E+01, 0.4592756E+01, 0.4556524E+01, 0.4594982E+01,
 0.7138000E+02, 0.5238831E+01, 0.4592756E+01, 0.4556524E+01, 0.4594982E+01,
 0.7140000E+02, 0.5238831E+01, 0.4592756E+01, 0.4556524E+01, 0.4594982E+01,
 0.7142000E+02, 0.5238831E+01, 0.4592756E+01, 0.4556524E+01, 0.4594982E+01,
 0.7144000E+02, 0.5238831E+01, 0.4592756E+01, 0.4556524E+01, 0.4594982E+01,
 0.7146000E+02, 0.5238831E+01, 0.4592756E+01, 0.4556524E+01, 0.4594982E+01,
 0.7148000E+02, 0.5238831E+01, 0.4592756E+01, 0.4556524E+01, 0.4594982E+01,
 0.7150000E+02, 0.5238831E+01, 0.4592756E+01, 0.4556524E+01, 0.4594982E+01,
 0.7152000E+02, 0.5238831E+01, 0.4592756E+01, 0.4556524E+01, 0.4594982E+01,
 0.7154000E+02, 0.5238831E+01, 0.4592756E+01, 0.4556524E+01, 0.4594982E+01,
 0.7156000E+02, 0.5238831E+01, 0.4592756E+01, 0.4556524E+01, 0.4594982E+01,
 0.7158000E+02, 0.5238831E+01, 0.4592756E+01, 0.4556524E+01, 0.4594982E+01,
 0.7160000E+02, 0.5238831E+01, 0.4592756E+01, 0.4556524E+01, 0.4594982E+01,
 0.7162000E+02, 0.5238831E+01, 0.4592756E+01, 0.4556524E+01, 0.4594982E+01,
 0.7164000E+02, 0.5238831E+01, 0.4592756E+01, 0.4556524E+01, 0.4594982E+01,
 0.7166000E+02, 0.5238831E+01, 0.4592756E+01, 0.4556524E+01, 0.4594982E+01,
 0.7168000E+02, 0.5238831E+01, 0.4592756E+01, 0.4556524E+01, 0.4594982E+01,
 0.7170000E+02, 0.5238831E+01, 0.4592756E+01, 0.4556524E+01, 0.4594982E+01,
 0.7172000E+02, 0.5238831E+01, 0.4592756E+01, 0.4556524E+01, 0.4594982E+01,
 0.7174000E+02, 0.5238831E+01, 0.4592756E+01, 0.4556524E+01, 0.4594982E+01,
 0.7176000E+02, 0.5238831E+01, 0.4592756E+01, 0.4556524E+01, 0.4594982E+01,
 0.7178000E+02, 0.5238831E+01, 0.4592756E+01, 0.4556524E+01, 0.4594982E+01,
 0.7180000E+02, 0.5238831E+01, 0.4592756E+01, 0.4556524E+01, 0.4594982E+01,
 0.7182000E+02, 0.5238831E+01, 0.4592756E+01, 0.4556524E+01, 0.4594982E+01,
 0.7184000E+02, 0.5238831E+01, 0.4592756E+01, 0.4556524E+01, 0.4594982E+01,
 0.7186000E+02, 0.5238831E+01, 0.4592756E+01, 0.4556524E+01, 0.4594982E+01,
 0.7188000E+02, 0.5238831E+01, 0.4592756E+01, 0.4556524E+01, 0.4594982E+01,
 0.7190000E+02, 0.5238831E+01, 0.4592756E+01, 0.4556524E+01, 0.4594982E+01,
 0.7192000E+02, 0.5238831E+01, 0.4592756E+01, 0.4556524E+01, 0.4594982E+01,
 0.7194000E+02, 0.5238831E+01, 0.4592756E+01, 0.4556524E+01, 0.4594982E+01,
 0.7196000E+02, 0.5238831E+01, 0.4592756E+01, 0.4556524E+01, 0.4594982E+01,
 0.7198000E+02, 0.5238831E+01, 0.4592756E+01, 0.4556524E+01, 0.4594982E+01,
 0.7200000E+02, 0.5238831E+01, 0.4592756E+01, 0.4556524E+01, 0.4594982E+01,
 0.7202000E+02, 0.5238831E+01, 0.4592756E+01, 0.4556524E+01, 0.4594982E+01,
 0.7204000E+02, 0.5238831E+01, 0.4592756E+01, 0.4556524E+01, 0.4594982E+01,
 0.7206000E+02, 0.5238831E+01, 0.4592756E+01, 0.4556524E+01, 0.4594982E+01,
 0.7208000E+02, 0.5238831E+01, 0.4592756E+01, 0.4556524E+01, 0.4594982E+01,
 0.7210000E+02, 0.5238831E+01, 0.4592756E+01, 0.4556524E+01, 0.4594982E+01,
 0.7212000E+02, 0.5238831E+01, 0.4592756E+01, 0.4556524E+01, 0.4594982E+01,
 0.7214000E+02, 0.5238831E+01, 0.4592756E+01, 0.4556524E+01, 0.4594982E+01,
 0.7216000E+02, 0.5238831E+01, 0.4592756E+01, 0.4556524E+01, 0.4594982E+01,
 0.7218000E+02, 0.5238831E+01, 0.4592756E+01, 0.4556524E+01, 0.4594982E+01,
 0.7220000E+02, 0.5238831E+01, 0.4592756E+01, 0.4556524E+01, 0.4594982E+01,
 0.7222000E+02, 0.5238831E+01, 0.4592756E+01, 0.4556524E+01, 0.4594982E+01,
 0.7224000E+02, 0.5238831E+01, 0.4592756E+01, 0.4556524E+01, 0.4594982E+01,
 0.7226000E+02, 0.5238831E+01, 0.4592756E+01, 0.4556524E+01, 0.4594982E+01,
 0.7228000E+02, 0.5238831E+01, 0.4592756E+01, 0.4556524E+01, 0.4594982E+01,
 0.7230000E+02, 0.5238831E+01, 0.4592756E+01, 0.4556524E+01, 0.4594982E+01,
 0.7232000E+02, 0.5238831E+01, 0.4592756E+01, 0.4556524E+01, 0.4594982E+01,
 0.7234000E+02, 0.5238831E+01, 0.4592756E+01, 0.4556524E+01, 0.4594982E+01,
 0.7236000E+02, 0.5238831E+01, 0.4592756E+01, 0.4556524E+01, 0.4594982E+01,
 0.7238000E+02, 0.5238831E+01, 0.4592756E+01, 0.4556524E+01, 0.4594982E+01,
 0.7240000E+02, 0.5238831E+01, 0.4592756E+01, 0.4556524E+01, 0.4594982E+01,
 0.7242000E+02, 0.5238831E+01, 0.4592756E+01, 0.4556524E+01, 0.4594982E+01,
 0.7244000E+02, 0.5238831E+01, 0.4592756E+01, 0.4556524E+01, 0.4594982E+01,
 0.7246000E+02, 0.5238831E+01, 0.4592756E+01, 0.4556524E+01, 0.4594982E+01,
 0.7248000E+02, 0.5238831E+01, 0.4592756E+01, 0.4556524E+01, 0.4594982E+01,
 0.7250000E+02, 0.5238831E+01, 0.4592756E+01, 0.4556524E+01, 0.4594982E+01,
 0.7252000E+02, 0.5238831E+01, 0.4592756E+01, 0.4556524E+01, 0.4594982E+01,
 0.7254000E+02, 0.5238831E+01, 0.4592756E+01, 0.4556524E+01, 0.4594982E+01,
 0.7256000E+02, 0.5238831E+01, 0.4592756E+01, 0.4556524E+01, 0.4594982E+01,
 0.7258000E+02, 0.5238831E+01, 0.4592756E+01, 0.4556524E+01, 0.4594982E+01,
 0.7260000E+02, 0.5238831E+01, 0.4592756E+01, 0.4556524E+01, 0.4594982E+01,
 0.7262000E+02, 0.5238831E+01, 0.4592756E+01, 0.4556524E+01, 0.4594982E+01,
 0.7264000E+02, 0.5238831E+01, 0.4592756E+01, 0.4556524E+01, 0.4594982E+01,
 0.7266000E+02, 0.5238831E+01, 0.4592756E+01, 0.4556524E+01, 0.4594982E+01,
 0.7268000E+02, 0.5238831E+01, 0.4592756E+01, 0.4556524E+01, 0.4594982E+01,
 0.7270000E+02, 0.5238831E+01, 0.4592756E+01, 0.4556524E+01, 0.4594982E+01,
 0.7272000E+02, 0.5238831E+01, 0.4592756E+01, 0.4556524E+01, 0.4594982E+01,
 0.7274000E+02, 0.5238831E+01, 0.4592756E+01, 0.4556524E+01, 0.4594982E+01,
 0.7276000E+02, 0.5238831E+01, 0.4592756E+01, 0.4556524E+01, 0.4594982E+01,
 0.7278000E+02, 0.5238831E+01, 0.4592756E+01, 0.4556524E+01, 0.4594982E+01,
 0.7280000E+02, 0.5238831E+01, 0.4592756E+01, 0.4556524E+01, 0.4594982E+01,
 0.7282000E+02, 0.5238831E+01, 0.4592756E+01, 0.4556524E+01, 0.4594982E+01,
 0.7284000E+02, 0.5238831E+01, 0.4592756E+01, 0.4556524E+01, 0.4594982E+01,
 0.7286000E+02, 0.5238831E+01, 0.4592756E+01, 0.4556524E+01, 0.4594982E+01,
 0.7288000E+02, 0.5238831E+01, 0.4592756E+01, 0.4556524E+01, 0.4594982E+01,
 0.7290000E+02, 0.5238831E+01, 0.4592756E+01, 0.4556524E+01, 0.4594982E+01,
 0.7292000E+02, 0.5238831E+01, 0.4592756E+01, 0.4556524E+01, 0.4594982E+01,
 0.7294000E+02, 0.5238831E+01, 0.4592756E+01, 0.4556524E+01, 0.4594982E+01,
 0.7296000E+02, 0.5238831E+01, 0.4592756E+01, 0.4556524E+01, 0.4594982E+01,
 0.7298000E+02, 0.5238831E+01, 0.4592756E+01, 0.4556524E+01, 0.4594982E+01,
 0.7300000E+02, 0.5238831E+01, 0.4592756E+01, 0.4556524E+01, 0.4594982E+01,
 0.7302000E+02, 0.5238831E+01, 0.4592756E+01, 0.4556524E+01, 0.4594982E+01,
 0.7304000E+02, 0.5238831E+01, 0.4592756E+01, 0.4556524E+01, 0.4594982E+01,
 0.7306000E+02, 0.5238831E+01, 0.4592756E+01, 0.4556524E+01, 0.4594982E+01,
 0.7308000E+02, 0.5238831E+01, 0.4592756E+01, 0.4556524E+01, 0.4594982E+01,
 0.7310000E+02, 0.5238831E+01, 0.4592756E+01, 0.4556524E+01, 0.4594982E+01,
 0.7312000E+02, 0.5238831E+01, 0.4592756E+01, 0.4556524E+01, 0.4594982E+01,
 0.7314000E+02, 0.5238831E+01, 0.4592756E+01, 0.4556524E+01, 0.4594982E+01,
 0.7316000E+02, 0.5238831E+01, 0.4592756E+01, 0.4556524E+01, 0.4594982E+01,
 0.7318000E+02, 0.5238831E+01, 0.4592756E+01, 0.4556524E+01, 0.4594982E+01,
 0.7320000E+02, 0.5238831E+01, 0.4592756E+01, 0.4556524E+01, 0.4594982E+01,
 0.7322000E+02, 0.5238831E+01, 0.4592756E+01, 0.4556524E+01, 0.4594982E+01,
 0.7324000E+02, 0.5238831E+01, 0.4592756E+01, 0.4556524E+01, 0.4594982E+01,
 0.7326000E+02, 0.5238831E+01, 0.4592756E+01, 0.4556524E+01, 0.4594982E+01,
 0.7328000E+02, 0.5238831E+01, 0.4592756E+01, 0.4556524E+01, 0.4594982E+01,
 0.7330000E+02, 0.5238831E+01, 0.4592756E+01, 0.4556524E+01, 0.4594982E+01,
 0.7332000E+02, 0.5238831E+01, 0.4592756E+01, 0.4556524E+01, 0.4594982E+01,
 0.7334000E+02, 0.5238831E+01, 0.4592756E+01, 0.4556524E+01, 0.4594982E+01,
 0.7336000E+02, 0.5238831E+01, 0.4592756E+01, 0.4556524E+01, 0.4594982E+01,
 0.7338000E+02, 0.5238831E+01, 0.4592756E+01, 0.4556524E+01, 0.4594982E+01,
 0.7340000E+02, 0.5238831E+01, 0.4592756E+01, 0.4556524E+01, 0.4594982E+01,
 0.7342000E+02, 0.5238831E+01, 0.4592756E+01, 0.4556524E+01, 0.4594982E+01,
 0.7344000E+02, 0.5238831E+01, 0.4592756E+01, 0.4556524E+01, 0.4594982E+01,
 0.7346000E+02, 0.5238831E+01, 0.4592756E+01, 0.4556524E+01, 0.4594982E+01,
 0.7348000E+02, 0.5238831E+01, 0.4592756E+01, 0.4556524E+01, 0.4594982E+01,
 0.7350000E+02, 0.5238831E+01, 0.4592756E+01, 0.4556524E+01, 0.4594982E+01,
 0.7352000E+02, 0.5238831E+01, 0.4592756E+01, 0.4556524E+01, 0.4594982E+01,
 0.7354000E+02, 0.5238831E+01, 0.4592756E+01, 0.4556524E+01, 0.4594982E+01,
 0.7356000E+02, 0.5238831E+01, 0.4592756E+01, 0.4556524E+01, 0.4594982E+01,
 0.7358000E+02, 0.5238831E+01, 0.4592756E+01, 0.4556524E+01, 0.4594982E+01,
 0.7360000E+02, 0.5238831E+01, 0.4592756E+01, 0.4556524E+01, 0.4594982E+01,
 0.7362000E+02, 0.5238831E+01, 0.4592756E+01, 0.4556524E+01, 0.4594982E+01,
 0.7364000E+02, 0.5238831E+01, 0.4592756E+01, 0.4556524E+01, 0.4594982E+01,
 0.7366000E+02, 0.5238831E+01, 0.4592756E+01, 0.4556524E+01, 0.4594982E+01,
 0.7368000E+02, 0.5238831E+01, 0.4592756E+01, 0.4556524E+01, 0.4594982E+01,
 0.7370000E+02, 0.5238831E+01, 0.4592756E+01, 0.4556524E+01, 0.4594982E+01,
 0.7372000E+02, 0.5238831E+01, 0.4592756E+01, 0.4556524E+01, 0.4594982E+01,
 0.7374000E+02, 0.5238831E+01, 0.4592756E+01, 0.4556524E+01, 0.4594982E+01,
 0.7376000E+02, 0.5238831E+01, 0.4592756E+01, 0.4556524E+01, 0.4594982E+01,
 0.7378000E+02, 0.5238831E+01, 0.4592756E+01, 0.4556524E+01, 0.4594982E+01,
 0.7380000E+02, 0.5238831E+01, 0.4592756E+01, 0.4556524E+01, 0.4594982E+01,
 0.7382000E+02, 0.5238831E+01, 0.4592756E+01, 0.4556524E+01, 0.4594982E+01,
 0.7384000E+02, 0.5238831E+01, 0.4592756E+01, 0.4556524E+01, 0.4594982E+01,
 0.7386000E+02, 0.5238831E+01, 0.4592756E+01, 0.4556524E+01, 0.4594982E+01,
 0.7388000E+02, 0.5238831E+01, 0.4592756E+01, 0.4556524E+01, 0.4594982E+01,
 0.7390000E+02, 0.5238831E+01, 0.4592756E+01, 0.4556524E+01, 0.4594982E+01,
 0.7392000E+02, 0.5238831E+01, 0.4592756E+01, 0.4556524E+01, 0.4594982E+01,
 0.7394000E+02, 0.5238831E+01, 0.4592756E+01, 0.4556524E+01, 0.4594982E+01,
 0.7396000E+02, 0.5238831E+01, 0.4592756E+01, 0.4556524E+01, 0.4594982E+01,
 0.7398000E+02, 0.5238831E+01, 0.4592756E+01, 0.4556524E+01, 0.4594982E+01,
 0.7400000E+02, 0.5238831E+01, 0.4592756E+01, 0.4556524E+01, 0.4594982E+01,
 0.7402000E+02, 0.5238831E+01, 0.4592756E+01, 0.4556524E+01, 0.4594982E+01,
 0.7404000E+02, 0.5238831E+01, 0.4592756E+01, 0.4556524E+01, 0.4594982E+01,
 0.7406000E+02, 0.5238831E+01, 0.4592756E+01, 0.4556524E+01, 0.4594982E+01,
 0.7408000E+02, 0.5238831E+01, 0.4592756E+01, 0.4556524E+01, 0.4594982E+01,
 0.7410000E+02, 0.5238831E+01, 0.4592756E+01, 0.4556524E+01, 0.4594982E+01,
 0.7412000E+02, 0.5238831E+01, 0.4592756E+01, 0.4556524E+01, 0.4594982E+01,
 0.7414000E+02, 0.5238831E+01, 0.4592756E+01, 0.4556524E+01, 0.4594982E+01,
 0.7416000E+02, 0.5238831E+01, 0.4592756E+01, 0.4556524E+01, 0.4594982E+01,
 0.7418000E+02, 0.5238831E+01, 0.4592756E+01, 0.4556524E+01, 0.4594982E+01,
 0.7420000E+02, 0.5238831E+01, 0.4592756E+01, 0.4556524E+01, 0.4594982E+01,
 0.7422000E+02, 0.5238831E+01, 0.4592756E+01, 0.4556524E+01, 0.4594982E+01,
 0.7424000E+02, 0.5238831E+01, 0.4592756E+01, 0.4556524E+01, 0.4594982E+01,
 0.7426000E+02, 0.5238831E+01, 0.4592756E+01, 0.4556524E+01, 0.4594982E+01,
 0.7428000E+02, 0.5238831E+01, 0.4592756E+01, 0.4556524E+01, 0.4594982E+01,
 0.7430000E+02, 0.5238831E+01, 0.4592756E+01, 0.4556524E+01, 0.4594982E+01,
 0.7432000E+02, 0.5238831E+01, 0.4592756E+01, 0.4556524E+01, 0.4594982E+01,
 0.7434000E+02, 0.5238831E+01, 0.4592756E+01, 0.4556524E+01, 0.4594982E+01,
 0.7436000E+02, 0.5238831E+01, 0.4592756E+01, 0.4556524E+01, 0.4594982E+01,
 0.7438000E+02, 0.5238831E+01, 0.4592756E+01, 0.4556524E+01, 0.4594982E+01,
 0.7440000E+02, 0.5238831E+01, 0.4592756E+01, 0.4556524E+01, 0.4594982E+01,
 0.7442000E+02, 0.5238831E+01, 0.4592756E+01, 0.4556524E+01, 0.4594982E+01,
 0.7444000E+02, 0.5238831E+01, 0.4592756E+01, 0.4556524E+01, 0.4594982E+01,
 0.7446000E+02, 0.5238831E+01, 0.4592756E+01, 0.4556524E+01, 0.4594982E+01,
 0.7448000E+02, 0.5238831E+01, 0.4592756E+01, 0.4556524E+01, 0.4594982E+01,
 0.7450000E+02, 0.5238831E+01, 0.4592756E+01, 0.4556524E+01, 0.4594982E+01,
 0.7452000E+02, 0.5238831E+01, 0.4592756E+01, 0.4556524E+01, 0.4594982E+01,
 0.7454000E+02, 0.5238831E+01, 0.4592756E+01, 0.4556524E+01, 0.4594982E+01,
 0.7456000E+02, 0.5238831E+01, 0.4592756E+01, 0.4556524E+01, 0.4594982E+01,
 0.7458000E+02, 0.5238831E+01, 0.4592756E+01, 0.4556524E+01, 0.4594982E+01,
 0.7460000E+02, 0.5238831E+01, 0.4592756E+01, 0.4556524E+01, 0.4594982E+01,
 0.7462000E+02, 0.5238831E+01, 0.4592756E+01, 0.4556524E+01, 0.4594982E+01,
 0.7464000E+02, 0.5238831E+01, 0.4592756E+01, 0.4556524E+01, 0.4594982E+01,
 0.7466000E+02, 0.5238831E+01, 0.4592756E+01, 0.4556524E+01, 0.4594982E+01,
 0.7468000E+02, 0.5238831E+01, 0.4592756E+01, 0.4556524E+01, 0.4594982E+01,
 0.7470000E+02, 0.5238831E+01, 0.4592756E+01, 0.4556524E+01, 0.4594982E+01,
 0.7472000E+02, 0.5238831E+01, 0.4592756E+01, 0.4556524E+01, 0.4594982E+01,
 0.7474000E+02, 0.5238831E+01, 0.4592756E+01, 0.4556524E+01, 0.4594982E+01,
 0.7476000E+02, 0.5238831E+01, 0.4592756E+01, 0.4556524E+01, 0.4594982E+01,
 0.7478000E+02, 0.5238831E+01, 0.4592756E+01, 0.4556524E+01, 0.4594982E+01,
 0.7480000E+02, 0.5238831E+01, 0.4592756E+01, 0.4556524E+01, 0.4594982E+01,
 0.7482000E+02, 0.5238831E+01, 0.4592756E+01, 0.4556524E+01, 0.4594982E+01,
 0.7484000E+02, 0.5238831E+01, 0.4592756E+01, 0.4556524E+01, 0.4594982E+01,
 0.7486000E+02, 0.5238831E+01, 0.4592756E+01, 0.4556524E+01, 0.4594982E+01,
 0.7488000E+02, 0.5238831E+01, 0.4592756E+01, 0.4556524E+01, 0.4594982E+01,
 0.7490000E+02, 0.5238831E+01, 0.4592756E+01, 0.4556524E+01, 0.4594982E+01,
 0.7492000E+02, 0.5238831E+01, 0.4592756E+01, 0.4556524E+01, 0.4594982E+01,
 0.7494000E+02, 0.5238831E+01, 0.4592756E+01, 0.4556524E+01, 0.4594982E+01,
 0.7496000E+02, 0.5238831E+01, 0.4592756E+01, 0.4556524E+01, 0.4594982E+01,
 0.7498000E+02, 0.5238831E+01, 0.4592756E+01, 0.4556524E+01, 0.4594982E+01,
 0.7500000E+02, 0.5238831E+01, 0.4592756E+01, 0.4556524E+01, 0.4594982E+01,
 0.7502000E+02, 0.5238831E+01, 0.4592756E+01, 0.4556524E+01, 0.4594982E+01,
 0.7504000E+02, 0.5238831E+01, 0.4592756E+01, 0.4556524E+01, 0.4594982E+01,
 0.7506000E+02, 0.5238831E+01, 0.4592756E+01, 0.4556524E+01, 0.4594982E+01,
 0.7508000E+02, 0.5238831E+01, 0.4592756E+01, 0.4556524E+01, 0.4594982E+01,
 0.7510000E+02, 0.5238831E+01, 0.4592756E+01, 0.4556524E+01, 0.4594982E+01,
 0.7512000E+02, 0.5238831E+01, 0.4592756E+01, 0.4556524E+01, 0.4594982E+01,
 0.7514000E+02, 0.5238831E+01, 0.4592756E+01, 0.4556524E+01, 0.4594982E+01,
 0.7516000E+02, 0.5238831E+01, 0.4592756E+01, 0.4556524E+01, 0.4594982E+01,
 0.7518000E+02, 0.5238831E+01, 0.4592756E+01, 0.4556524E+01, 0.4594982E+01,
 0.7520000E+02, 0.5238831E+01, 0.4592756E+01, 0.4556524E+01, 0.4594982E+01,
 0.7522000E+02, 0.5238831E+01, 0.4592756E+01, 0.4556524E+01, 0.4594982E+01,
 0.7524000E+02, 0.5238831E+01, 0.4592756E+01, 0.4556524E+01, 0.4594982E+01,
 0.7526000E+02, 0.5238831E+01, 0.4592756E+01, 0.4556524E+01, 0.4594982E+01,
 0.7528000E+02, 0.5238831E+01, 0.4592756E+01, 0.4556524E+01, 0.4594982E+01,
 0.7530000E+02, 0.5238831E+01, 0.4592756E+01, 0.4556524E+01, 0.4594982E+01,
 0.7532000E+02, 0.5238831E+01, 0.4592756E+01, 0.4556524E+01, 0.4594982E+01,
 0.7534000E+02, 0.5238831E+01, 0.4592756E+01, 0.4556524E+01, 0.4594982E+01,
 0.7536000E+02, 0.5238831E+01, 0.4592756E+01, 0.4556524E+01, 0.4594982E+01,
 0.7538000E+02, 0.5238831E+01, 0.4592756E+01, 0.4556524E+01, 0.4594982E+01,
 0.7540000E+02, 0.5238831E+01, 0.4592756E+01, 0.4556524E+01, 0.4594982E+01,
 0.7542000E+02, 0.5238831E+01, 0.4592756E+01, 0.4556524E+01, 0.4594982E+01,
 0.7544000E+02, 0.5238831E+01, 0.4592756E+01, 0.4556524E+01, 0.4594982E+01,
 0.7546000E+02, 0.5238831E+01, 0.4592756E+01, 0.4556524E+01, 0.4594982E+01,
 0.7548000E+02, 0.5238831E+01, 0.4592756E+01, 0.4556524E+01, 0.4594982E+01,
 0.7550000E+02, 0.5238831E+01, 0.4592756E+01, 0.4556524E+01, 0.4594982E+01,
 0.7552000E+02, 0.5238831E+01, 0.4592756E+01, 0.4556524E+01, 0.4594982E+01,
 0.7554000E+02, 0.5238831E+01, 0.4592756E+01, 0.4556524E+01, 0.4594982E+01,
 0.7556000E+02, 0.5238831E+01, 0.4592756E+01, 0.4556524E+01, 0.4594982E+01,
 0.7558000E+02, 0.5238831E+01, 0.4592756E+01, 0.4556524E+01, 0.4594982E+01,
 0.7560000E+02, 0.5238831E+01, 0.4592756E+01, 0.4556524E+01, 0.4594982E+01,
 0.7562000E+02, 0.5238831E+01, 0.4592756E+01, 0.4556524E+01, 0.4594982E+01,
 0.7564000E+02, 0.5238831E+01, 0.4592756E+01, 0.4556524E+01, 0.4594982E+01,
 0.7566000E+02, 0.5238831E+01, 0.4592756E+01, 0.4556524E+01, 0.4594982E+01,
 0.7568000E+02, 0.5238831E+01, 0.4592756E+01, 0.4556524E+01, 0.4594982E+01,
 0.7570000E+02, 0.5238831E+01, 0.4592756E+01, 0.4556524E+01, 0.4594982E+01,
 0.7572000E+02, 0.5238831E+01, 0.4592756E+01, 0.4556524E+01, 0.4594982E+01,
 0.7574000E+02, 0.5238831E+01, 0.4592756E+01, 0.4556524E+01, 0.4594982E+01,
 0.7576000E+02, 0.5238831E+01, 0.4592756E+01, 0.4556524E+01, 0.4594982E+01,
 0.7578000E+02, 0.5238831E+01, 0.4592756E+01, 0.4556524E+01, 0.4594982E+01,
 0.7580000E+02, 0.5238831E+01, 0.4592756E+01, 0.4556524E+01, 0.4594982E+01,
 0.7582000E+02, 0.5238831E+01, 0.4592756E+01, 0.4556524E+01, 0.4594982E+01,
 0.7584000E+02, 0.5238831E+01, 0.4592756E+01, 0.4556524E+01, 0.4594982E+01,
 0.7586000E+02, 0.5238831E+01, 0.4592756E+01, 0.4556524E+01, 0.4594982E+01,
 0.7588000E+02, 0.5238831E+01, 0.4592756E+01, 0.4556524E+01, 0.4594982E+01,
 0.7590000E+02, 0.5238831E+01, 0.4592756E+01, 0.4556524E+01, 0.4594982E+01,
 0.7592000E+02, 0.5238831E+01, 0.4592756E+01, 0.4556524E+01, 0.4594982E+01,
 0.7594000E+02, 0.5238831E+01, 0.4592756E+01, 0.4556524E+01, 0.4594982E+01,
 0.7596000E+02, 0.5238831E+01, 0.4592756E+01, 0.4556524E+01, 0.4594982E+01,
 0.7598000E+02, 0.5238831E+01, 0.4592756E+01, 0.4556524E+01, 0.4594982E+01,
 0.7600000E+02, 0.5238831E+01, 0.4592756E+01, 0.4556524E+01, 0.4594982E+01,
 0.7602000E+02, 0.5238831E+01, 0.4592756E+01, 0.4556524E+01, 0.4594982E+01,
 0.7604000E+02, 0.5238831E+01, 0.4592756E+01, 0.4556524E+01, 0.4594982E+01,
 0.7606000E+02, 0.5238831E+01, 0.4592756E+01, 0.4556524E+01, 0.4594982E+01,
 0.7608000E+02, 0.5238831E+01, 0.4592756E+01, 0.4556524E+01, 0.4594982E+01,
 0.7610000E+02, 0.5238831E+01, 0.4592756E+01, 0.4556524E+01, 0.4594982E+01,
 0.7612000E+02, 0.5238831E+01, 0.4592756E+01, 0.4556524E+01, 0.4594982E+01,
 0.7614000E+02, 0.5238831E+01, 0.4592756E+01, 0.4556524E+01, 0.4594982E+01,
 0.7616000E+02, 0.5238831E+01, 0.4592756E+01, 0.4556524E+01, 0.4594982E+01,
 0.7618000E+02, 0.5238831E+01, 0.4592756E+01, 0.4556524E+01, 0.4594982E+01,
 0.7620000E+02, 0.5238831E+01, 0.4592756E+01, 0.4556524E+01, 0.4594982E+01,
 0.7622000E+02, 0.5238831E+01, 0.4592756E+01, 0.4556524E+01, 0.4594982E+01,
 0.7624000E+02, 0.5238831E+01, 0.4592756E+01, 0.4556524E+01, 0.4594982E+01,
 0.7626000E+02, 0.5238831E+01, 0.4592756E+01, 0.4556524E+01, 0.4594982E+01,
 0.7628000E+02, 0.5238831E+01, 0.4592756E+01, 0.4556524E+01, 0.4594982E+01,
 0.7630000E+02, 0.5238831E+01, 0.4592756E+01, 0.4556524E+01, 0.4594982E+01,
 0.7632000E+02, 0.5238831E+01, 0.4592756E+01, 0.4556524E+01, 0.4594982E+01,
 0.7634000E+02, 0.5238831E+01, 0.4592756E+01, 0.4556524E+01, 0.4594982E+01,
 0.7636000E+02, 0.5238831E+01, 0.4592756E+01, 0.4556524E+01, 0.4594982E+01,
 0.7638000E+02, 0.5238831E+01, 0.4592756E+01, 0.4556524E+01, 0.4594982E+01,
 0.7640000E+02, 0.5238831E+01, 0.4592756E+01, 0.4556524E+01, 0.4594982E+01,
 0.7642000E+02, 0.5238831E+01, 0.4592756E+01, 0.4556524E+01, 0.4594982E+01,
 0.7644000E+02, 0.5238831E+01, 0.4592756E+01, 0.4556524E+01, 0.4594982E+01,
 0.7646000E+02, 0.5238831E+01, 0.4592756E+01, 0.4556524E+01, 0.4594982E+01,
 0.7648000E+02, 0.5238831E+01, 0.4592756E+01, 0.4556524E+01, 0.4594982E+01,
 0.7650000E+02, 0.5238831E+01, 0.4592756E+01, 0.4556524E+01, 0.4594982E+01,
 0.7652000E+02, 0.5238831E+01, 0.4592756E+01, 0.4556524E+01, 0.4594982E+01,
 0.7654000E+02, 0.5238831E+01, 0.4592756E+01, 0.4556524E+01, 0.4594982E+01,
 0.7656000E+02, 0.5238831E+01, 0.4592756E+01, 0.4556524E+01, 0.4594982E+01,
 0.7658000E+02, 0.5238831E+01, 0.4592756E+01, 0.4556524E+01, 0.4594982E+01,
 0.7660000E+02, 0.5238831E+01, 0.4592756E+01, 0.4556524E+01, 0.4594982E+01,
 0.7662000E+02, 0.5238831E+01, 0.4592756E+01, 0.4556524E+01, 0.4594982E+01,
 0.7664000E+02, 0.5238831E+01, 0.4592756E+01, 0.4556524E+01, 0.4594982E+01,
 0.7666000E+02, 0.5238831E+01, 0.4592756E+01, 0.4556524E+01, 0.4594982E+01,
 0.7668000E+02, 0.5238831E+01, 0.4592756E+01, 0.4556524E+01, 0.4594982E+01,
 0.7670000E+02, 0.5238831E+01, 0.4592756E+01, 0.4556524E+01, 0.4594982E+01,
 0.7672000E+02, 0.5238831E+01, 0.4592756E+01, 0.4556524E+01, 0.4594982E+01,
 0.7674000E+02, 0.5238831E+01, 0.4592756E+01, 0.4556524E+01, 0.4594982E+01,
 0.7676000E+02, 0.5238831E+01, 0.4592756E+01, 0.4556524E+01, 0.4594982E+01,
 0.7678000E+02, 0.5238831E+01, 0.4592756E+01, 0.4556524E+01, 0.4594982E+01,
 0.7680000E+02, 0.5238831E+01, 0.4592756E+01, 0.4556524E+01, 0.4594982E+01,
 0.7682000E+02, 0.5238831E+01, 0.4592756E+01, 0.4556524E+01, 0.4594982E+01,
 0.7684000E+02, 0.5238831E+01, 0.4592756E+01, 0.4556524E+01, 0.4594982E+01,
 0.7686000E+02, 0.5238831E+01, 0.4592756E+01, 0.4556524E+01, 0.4594982E+01,
 0.7688000E+02, 0.5238831E+01, 0.4592756E+01, 0.4556524E+01, 0.4594982E+01,
 0.7690000E+02, 0.5238831E+01, 0.4592756E+01, 0.4556524E+01, 0.4594982E+01,
 0.7692000E+02, 0.5238831E+01, 0.4592756E+01, 0.4556524E+01, 0.4594982E+01,
 0.7694000E+02, 0.5238831E+01, 0.4592756E+01, 0.4556524E+01, 0.4594982E+01,
 0.7696000E+02, 0.5238831E+01, 0.4592756E+01, 0.4556524E+01, 0.4594982E+01,
 0.7698000E+02, 0.5238831E+01, 0.4592756E+01, 0.4556524E+01, 0.4594982E+01,
 0.7700000E+02, 0.5238831E+01, 0.4592756E+01, 0.4556524E+01, 0.4594982E+01,
 0.7702000E+02, 0.5238831E+01, 0.4592756E+01, 0.4556524E+01, 0.4594982E+01,
 0.7704000E+02, 0.5238831E+01, 0.4592756E+01, 0.4556524E+01, 0.4594982E+01,
 0.7706000E+02, 0.5238831E+01, 0.4592756E+01, 0.4556524E+01, 0.4594982E+01,
 0.7708000E+02, 0.5238831E+01, 0.4592756E+01, 0.4556524E+01, 0.4594982E+01,
 0.7710000E+02, 0.5238831E+01, 0.4592756E+01, 0.4556524E+01, 0.4594982E+01,
 0.7712000E+02, 0.5238831E+01, 0.4592756E+01, 0.4556524E+01, 0.4594982E+01,
 0.7714000E+02, 0.5238831E+01, 0.4592756E+01, 0.4556524E+01, 0.4594982E+01,
 0.7716000E+02, 0.5238831E+01, 0.4592756E+01, 0.4556524E+01, 0.4594982E+01,
 0.7718000E+02, 0.5238831E+01, 0.4592756E+01, 0.4556524E+01, 0.4594982E+01,
 0.7720000E+02, 0.5238831E+01, 0.4592756E+01, 0.4556524E+01, 0.4594982E+01,
 0.7722000E+02, 0.5238831E+01, 0.4592756E+01, 0.4556524E+01, 0.4594982E+01,
 0.7724000E+02, 0.5238831E+01, 0.4592756E+01, 0.4556524E+01, 0.4594982E+01,
 0.7726000E+02, 0.5238831E+01, 0.4592756E+01, 0.4556524E+01, 0.4594982E+01,
 0.7728000E+02, 0.5238831E+01, 0.4592756E+01, 0.4556524E+01, 0.4594982E+01,
 0.7730000E+02, 0.5238831E+01, 0.4592756E+01, 0.4556524E+01, 0.4594982E+01,
 0.7732000E+02, 0.5238831E+01, 0.4592756E+01, 0.4556524E+01, 0.4594982E+01,
 0.7734000E+02, 0.5238831E+01, 0.4592756E+01, 0.4556524E+01, 0.4594982E+01,
 0.7736000E+02, 0.5238831E+01, 0.4592756E+01, 0.4556524E+01, 0.4594982E+01,
 0.7738000E+02, 0.5238831E+01, 0.4592756E+01, 0.4556524E+01, 0.4594982E+01,
 0.7740000E+02, 0.5238831E+01, 0.4592756E+01, 0.4556524E+01, 0.4594982E+01,
 0.7742000E+02, 0.5238831E+01, 0.4592756E+01, 0.4556524E+01, 0.4594982E+01,
 0.7744000E+02, 0.5238831E+01, 0.4592756E+01, 0.4556524E+01, 0.4594982E+01,
 0.7746000E+02, 0.5238831E+01, 0.4592756E+01, 0.4556524E+01, 0.4594982E+01,
 0.7748000E+02, 0.5238831E+01, 0.4592756E+01, 0.4556524E+01, 0.4594982E+01,
 0.7750000E+02, 0.5238831E+01, 0.4592756E+01, 0.4556524E+01, 0.4594982E+01,
 0.7752000E+02, 0.5238831E+01, 0.4592756E+01, 0.4556524E+01, 0.4594982E+01,
 0.7754000E+02, 0.5238831E+01, 0.4592756E+01, 0.4556524E+01, 0.4594982E+01,
 0.7756000E+02, 0.5238831E+01, 0.4592756E+01, 0.4556524E+01, 0.4594982E+01,
 0.7758000E+02, 0.5238831E+01, 0.4592756E+01, 0.4556524E+01, 0.4594982E+01,
 0.7760000E+02, 0.5238831E+01, 0.4592756E+01, 0.4556524E+01, 0.4594982E+01,
 0.7762000E+02, 0.5238831E+01, 0.4592756E+01, 0.4556524E+01, 0.4594982E+01,
 0.7764000E+02, 0.5238831E+01, 0.4592756E+01, 0.4556524E+01, 0.4594982E+01,
 0.7766000E+02, 0.5238831E+01, 0.4592756E+01, 0.4556524E+01, 0.4594982E+01,
 0.7768000E+02, 0.5238831E+01, 0.4592756E+01, 0.4556524E+01, 0.4594982E+01,
 0.7770000E+02, 0.5238831E+01, 0.4592756E+01, 0.4556524E+01, 0.4594982E+01,
 0.7772000E+02, 0.5238831E+01, 0.4592756E+01, 0.4556524E+01, 0.4594982E+01,
 0.7774000E+02, 0.5238831E+01, 0.4592756E+01, 0.4556524E+01, 0.4594982E+01,
 0.7776000E+02, 0.5238831E+01, 0.4592756E+01, 0.4556524E+01, 0.4594982E+01,
 0.7778000E+02, 0.5238831E+01, 0.4592756E+01, 0.4556524E+01, 0.4594982E+01,
 0.7780000E+02, 0.5238831E+01, 0.4592756E+01, 0.4556524E+01, 0.4594982E+01,
 0.7782000E+02, 0.5238831E+01, 0.4592756E+01, 0.4556524E+01, 0.4594982E+01,
 0.7784000E+02, 0.5238831E+01, 0.4592756E+01, 0.4556524E+01, 0.4594982E+01,
 0.7786000E+02, 0.5238831E+01, 0.4592756E+01, 0.4556524E+01, 0.4594982E+01,
 0.7788000E+02, 0.5238831E+01, 0.4592756E+01, 0.4556524E+01, 0.4594982E+01,
 0.7790000E+02, 0.5238831E+01, 0.4592756E+01, 0.4556524E+01, 0.4594982E+01,
 0.7792000E+02, 0.5238831E+01, 0.4592756E+01, 0.4556524E+01, 0.4594982E+01,
 0.7794000E+02, 0.5238831E+01, 0.4592756E+01, 0.4556524E+01, 0.4594982E+01,
 0.7796000E+02, 0.5238831E+01, 0.4592756E+01, 0.4556524E+01, 0.4594982E+01,
 0.7798000E+02, 0.5238831E+01, 0.4592756E+01, 0.4556524E+01, 0.4594982E+01,
 0.7800000E+02, 0.5238831E+01, 0.4592756E+01, 0.4556524E+01, 0.4594982E+01,
 0.7802000E+02, 0.5238831E+01, 0.4592756E+01, 0.4556524E+01, 0.4594982E+01,
 0.7804000E+02, 0.5238831E+01, 0.4592756E+01, 0.4556524E+01, 0.4594982E+01,
 0.7806000E+02, 0.5238831E+01, 0.4592756E+01, 0.4556524E+01, 0.4594982E+01,
 0.7808000E+02, 0.5238831E+01, 0.4592756E+01, 0.4556524E+01, 0.4594982E+01,
 0.7810000E+02, 0.5238831E+01, 0.4592756E+01, 0.4556524E+01, 0.4594982E+01,
 0.7812000E+02, 0.5238831E+01, 0.4592756E+01, 0.4556524E+01, 0.4594982E+01,
 0.7814000E+02, 0.5238831E+01, 0.4592756E+01, 0.4556524E+01, 0.4594982E+01,
 0.7816000E+02, 0.5238831E+01, 0.4592756E+01, 0.4556524E+01, 0.4594982E+01,
 0.7818000E+02, 0.5238831E+01, 0.4592756E+01, 0.4556524E+01, 0.4594982E+01,
 0.7820000E+02, 0.5238831E+01, 0.4592756E+01, 0.4556524E+01, 0.4594982E+01,
 0.7822000E+02, 0.5238831E+01, 0.4592756E+01, 0.4556524E+01, 0.4594982E+01,
 0.7824000E+02, 0.5238831E+01, 0.4592756E+01, 0.4556524E+01, 0.4594982E+01,
 0.7826000E+02, 0.5238831E+01, 0.4592756E+01, 0.4556524E+01, 0.4594982E+01,
 0.7828000E+02, 0.5238831E+01, 0.4592756E+01, 0.4556524E+01, 0.4594982E+01,
 0.7830000E+02, 0.5238831E+01, 0.4592756E+01, 0.4556524E+01, 0.4594982E+01,
 0.7832000E+02, 0.5238831E+01, 0.4592756E+01, 0.4556524E+01, 0.4594982E+01,
 0.7834000E+02, 0.5238831E+01, 0.4592756E+01, 0.4556524E+01, 0.4594982E+01,
 0.7836000E+02, 0.5238831E+01, 0.4592756E+01, 0.4556524E+01, 0.4594982E+01,
 0.7838000E+02, 0.5238831E+01, 0.4592756E+01, 0.4556524E+01, 0.4594982E+01,
 0.7840000E+02, 0.5238831E+01, 0.4592756E+01, 0.4556524E+01, 0.4594982E+01,
 0.7842000E+02, 0.5238831E+01, 0.4592756E+01, 0.4556524E+01, 0.4594982E+01,
 0.7844000E+02, 0.5238831E+01, 0.4592756E+01, 0.4556524E+01, 0.4594982E+01,
 0.7846000E+02, 0.5238831E+01, 0.4592756E+01, 0.4556524E+01, 0.4594982E+01,
 0.7848000E+02, 0.5238831E+01, 0.4592756E+01, 0.4556524E+01, 0.4594982E+01,
 0.7850000E+02, 0.5238831E+01, 0.4592756E+01, 0.4556524E+01, 0.4594982E+01,
 0.7852000E+02, 0.5238831E+01, 0.4592756E+01, 0.4556524E+01, 0.4594982E+01,
 0.7854000E+02, 0.5238831E+01, 0.4592756E+01, 0.4556524E+01, 0.4594982E+01,
 0.7856000E+02, 0.5238831E+01, 0.4592756E+01, 0.4556524E+01, 0.4594982E+01,
 0.7858000E+02, 0.5238831E+01, 0.4592756E+01, 0.4556524E+01, 0.4594982E+01,
 0.7860000E+02, 0.5238831E+01, 0.4592756E+01, 0.4556524E+01, 0.4594982E+01,
 0.7862000E+02, 0.5238831E+01, 0.4592756E+01, 0.4556524E+01, 0.4594982E+01,
 0.7864000E+02, 0.5238831E+01, 0.4592756E+01, 0.4556524E+01, 0.4594982E+01,
 0.7866000E+02, 0.5238831E+01, 0.4592756E+01, 0.4556524E+01, 0.4594982E+01,
 0.7868000E+02, 0.5238831E+01, 0.4592756E+01, 0.4556524E+01, 0.4594982E+01,
 0.7870000E+02, 0.5238831E+01, 0.4592756E+01, 0.4556524E+01, 0.4594982E+01,
 0.7872000E+02, 0.5238831E+01, 0.4592756E+01, 0.4556524E+01, 0.4594982E+01,
 0.7874000E+02, 0.5238831E+01, 0.4592756E+01, 0.4556524E+01, 0.4594982E+01,
 0.7876000E+02, 0.5238831E+01, 0.4592756E+01, 0.4556524E+01, 0.4594982E+01,
 0.7878000E+02, 0.5238831E+01, 0.4592756E+01, 0.4556524E+01, 0.4594982E+01,
 0.7880000E+02, 0.5238831E+01, 0.4592756E+01, 0.4556524E+01, 0.4594982E+01,
 0.7882000E+02, 0.5238831E+01, 0.4592756E+01, 0.4556524E+01, 0.4594982E+01,
 0.7884000E+02, 0.5238831E+01, 0.4592756E+01, 0.4556524E+01, 0.4594982E+01,
 0.7886000E+02, 0.5238831E+01, 0.4592756E+01, 0.4556524E+01, 0.4594982E+01,
 0.7888000E+02, 0.5238831E+01, 0.4592756E+01, 0.4556524E+01, 0.4594982E+01,
 0.7890000E+02, 0.5238831E+01, 0.4592756E+01, 0.4556524E+01, 0.4594982E+01,
 0.7892000E+02, 0.5238831E+01, 0.4592756E+01, 0.4556524E+01, 0.4594982E+01,
 0.7894000E+02, 0.5238831E+01, 0.4592756E+01, 0.4556524E+01, 0.4594982E+01,
 0.7896000E+02, 0.5238831E+01, 0.4592756E+01, 0.4556524E+01, 0.4594982E+01,
 0.7898000E+02, 0.5238831E+01, 0.4592756E+01, 0.4556524E+01, 0.4594982E+01,
 0.7900000E+02, 0.5238831E+01, 0.4592756E+01, 0.4556524E+01, 0.4594982E+01,
 0.7902000E+02, 0.5238831E+01, 0.4592756E+01, 0.4556524E+01, 0.4594982E+01,
 0.7904000E+02, 0.5238831E+01, 0.4592756E+01, 0.4556524E+01, 0.4594982E+01,
 0.7906000E+02, 0.5238831E+01, 0.4592756E+01, 0.4556524E+01, 0.4594982E+01,
 0.7908000E+02, 0.5238831E+01, 0.4592756E+01, 0.4556524E+01, 0.4594982E+01,
 0.7910000E+02, 0.5238831E+01, 0.4592756E+01, 0.4556524E+01, 0.4594982E+01,
 0.7912000E+02, 0.5238831E+01, 0.4592756E+01, 0.4556524E+01, 0.4594982E+01,
 0.7914000E+02, 0.5238831E+01, 0.4592756E+01, 0.4556524E+01, 0.4594982E+01,
 0.7916000E+02, 0.5238831E+01, 0.4592756E+01, 0.4556524E+01, 0.4594982E+01,
 0.7918000E+02, 0.5238831E+01, 0.4592756E+01, 0.4556524E+01, 0.4594982E+01,
 0.7920000E+02, 0.5238831E+01, 0.4592756E+01, 0.4556524E+01, 0.4594982E+01,
 0.7922000E+02, 0.5238831E+01, 0.4592756E+01, 0.4556524E+01, 0.4594982E+01,
 0.7924000E+02, 0.5238831E+01, 0.4592756E+01, 0.4556524E+01, 0.4594982E+01,
 0.7926000E+02, 0.5238831E+01, 0.4592756E+01, 0.4556524E+01, 0.4594982E+01,
 0.7928000E+02, 0.5238831E+01, 0.4592756E+01, 0.4556524E+01, 0.4594982E+01,
 0.7930000E+02, 0.5238831E+01, 0.4592756E+01, 0.4556524E+01, 0.4594982E+01,
 0.7932000E+02, 0.5238831E+01, 0.4592756E+01, 0.4556524E+01, 0.4594982E+01,
 0.7934000E+02, 0.5238831E+01, 0.4592756E+01, 0.4556524E+01, 0.4594982E+01,
 0.7936000E+02, 0.5238831E+01, 0.4592756E+01, 0.4556524E+01, 0.4594982E+01,
 0.7938000E+02, 0.5238831E+01, 0.4592756E+01, 0.4556524E+01, 0.4594982E+01,
 0.7940000E+02, 0.5238831E+01, 0.4592756E+01, 0.4556524E+01, 0.4594982E+01,
 0.7942000E+02, 0.5238831E+01, 0.4592756E+01, 0.4556524E+01, 0.4594982E+01,
 0.7944000E+02, 0.5238831E+01, 0.4592756E+01, 0.4556524E+01, 0.4594982E+01,
 0.7946000E+02, 0.5238831E+01, 0.4592756E+01, 0.4556524E+01, 0.4594982E+01,
 0.7948000E+02, 0.5238831E+01, 0.4592756E+01, 0.4556524E+01, 0.4594982E+01,
 0.7950000E+02, 0.5238831E+01, 0.4592756E+01, 0.4556524E+01, 0.4594982E+01,
 0.7952000E+02, 0.5238831E+01, 0.4592756E+01, 0.4556524E+01, 0.4594982E+01,
 0.7954000E+02, 0.5238831E+01, 0.4592756E+01, 0.4556524E+01, 0.4594982E+01,
 0.7956000E+02, 0.5238831E+01, 0.4592756E+01, 0.4556524E+01, 0.4594982E+01,
 0.7958000E+02, 0.5238831E+01, 0.4592756E+01, 0.4556524E+01, 0.4594982E+01,
 0.7960000E+02, 0.5238831E+01, 0.4592756E+01, 0.4556524E+01, 0.4594982E+01,
 0.7962000E+02, 0.5238831E+01, 0.4592756E+01, 0.4556524E+01, 0.4594982E+01,
 0.7964000E+02, 0.5238831E+01, 0.4592756E+01, 0.4556524E+01, 0.4594982E+01,
 0.7966000E+02, 0.5238831E+01, 0.4592756E+01, 0.4556524E+01, 0.4594982E+01,
 0.7968000E+02, 0.5238831E+01, 0.4592756E+01, 0.4556524E+01, 0.4594982E+01,
 0.7970000E+02, 0.5238831E+01, 0.4592756E+01, 0.4556524E+01, 0.4594982E+01,
 0.7972000E+02, 0.5238831E+01, 0.4592756E+01, 0.4556524E+01, 0.4594982E+01,
 0.7974000E+02, 0.5238831E+01, 0.4592756E+01, 0.4556524E+01, 0.4594982E+01,
 0.7976000E+02, 0.5238831E+01, 0.4592756E+01, 0.4556524E+01, 0.4594982E+01,
 0.7978000E+02, 0.5238831E+01, 0.4592756E+01, 0.4556524E+01, 0.4594982E+01,
 0.7980000E+02, 0.5238831E+01, 0.4592756E+01, 0.4556524E+01, 0.4594982E+01,
 0.7982000E+02, 0.5238831E+01, 0.4592756E+01, 0.4556524E+01, 0.4594982E+01,
 0.7984000E+02, 0.5238831E+01, 0.4592756E+01, 0.4556524E+01, 0.4594982E+01,
 0.7986000E+02, 0.5238831E+01, 0.4592756E+01, 0.4556524E+01, 0.4594982E+01,
 0.7988000E+02, 0.5238831E+01, 0.4592756E+01, 0.4556524E+01, 0.4594982E+01,
 0.7990000E+02, 0.5238831E+01, 0.4592756E+01, 0.4556524E+01, 0.4594982E+01,
 0.7992000E+02, 0.5238831E+01, 0.4592756E+01, 0.4556524E+01, 0.4594982E+01,
 0.7994000E+02, 0.5238831E+01, 0.4592756E+01, 0.4556524E+01, 0.4594982E+01,
 0.7996000E+02, 0.5238831E+01, 0.4592756E+01, 0.4556524E+01, 0.4594982E+01,
 0.7998000E+02, 0.5238831E+01, 0.4592756E+01, 0.4556524E+01, 0.4594982E+01,
 0.8000000E+02, 0.5238831E+01, 0.4592756E+01, 0.4556524E+01, 0.4594982E+01,
 0.8002000E+02, 0.5238831E+01, 0.4592756E+01, 0.4556524E+01, 0.4594982E+01,
 0.8004000E+02, 0.5238831E+01, 0.4592756E+01, 0.4556524E+01, 0.4594982E+01,
 0.8006000E+02, 0.5238831E+01, 0.4592756E+01, 0.4556524E+01, 0.4594982E+01,
 0.8008000E+02, 0.5238831E+01, 0.4592756E+01, 0.4556524E+01, 0.4594982E+01,
 0.8010000E+02, 0.5238831E+01, 0.4592756E+01, 0.4556524E+01, 0.4594982E+01,
 0.8012000E+02, 0.5238831E+01, 0.4592756E+01, 0.4556524E+01, 0.4594982E+01,
 0.8014000E+02, 0.5238831E+01, 0.4592756E+01, 0.4556524E+01, 0.4594982E+01,
 0.8016000E+02, 0.5238831E+01, 0.4592756E+01, 0.4556524E+01, 0.4594982E+01,
 0.8018000E+02, 0.5238831E+01, 0.4592756E+01, 0.4556524E+01, 0.4594982E+01,
 0.8020000E+02, 0.5238831E+01, 0.4592756E+01, 0.4556524E+01, 0.4594982E+01,
 0.8022000E+02, 0.5238831E+01, 0.4592756E+01, 0.4556524E+01, 0.4594982E+01,
 0.8024000E+02, 0.5238831E+01, 0.4592756E+01, 0.4556524E+01, 0.4594982E+01,
 0.8026000E+02, 0.5238831E+01, 0.4592756E+01, 0.4556524E+01, 0.4594982E+01,
 0.8028000E+02, 0.5238831E+01, 0.4592756E+01, 0.4556524E+01, 0.4594982E+01,
 0.8030000E+02, 0.5238831E+01, 0.4592756E+01, 0.4556524E+01, 0.4594982E+01,
 0.8032000E+02, 0.5238831E+01, 0.4592756E+01, 0.4556524E+01, 0.4594982E+01,
 0.8034000E+02, 0.5238831E+01, 0.4592756E+01, 0.4556524E+01, 0.4594982E+01,
 0.8036000E+02, 0.5238831E+01, 0.4592756E+01, 0.4556524E+01, 0.4594982E+01,
 0.8038000E+02, 0.5238831E+01, 0.4592756E+01, 0.4556524E+01, 0.4594982E+01,
 0.8040000E+02, 0.5238831E+01, 0.4592756E+01, 0.4556524E+01, 0.4594982E+01,
 0.8042000E+02, 0.5238831E+01, 0.4592756E+01, 0.4556524E+01, 0.4594982E+01,
 0.8044000E+02, 0.5238831E+01, 0.4592756E+01, 0.4556524E+01, 0.4594982E+01,
 0.8046000E+02, 0.5238831E+01, 0.4592756E+01, 0.4556524E+01, 0.4594982E+01,
 0.8048000E+02, 0.5238831E+01, 0.4592756E+01, 0.4556524E+01, 0.4594982E+01,
 0.8050000E+02, 0.5238831E+01, 0.4592756E+01, 0.4556524E+01, 0.4594982E+01,
 0.8052000E+02, 0.5238831E+01, 0.4592756E+01, 0.4556524E+01, 0.4594982E+01,
 0.8054000E+02, 0.5238831E+01, 0.4592756E+01, 0.4556524E+01, 0.4594982E+01,
 0.8056000E+02, 0.5238831E+01, 0.4592756E+01, 0.4556524E+01, 0.4594982E+01,
 0.8058000E+02, 0.5238831E+01, 0.4592756E+01, 0.4556524E+01, 0.4594982E+01,
 0.8060000E+02, 0.5238831E+01, 0.4592756E+01, 0.4556524E+01, 0.4594982E+01,
 0.8062000E+02, 0.5238831E+01, 0.4592756E+01, 0.4556524E+01, 0.4594982E+01,
 0.8064000E+02, 0.5238831E+01, 0.4592756E+01, 0.4556524E+01, 0.4594982E+01,
 0.8066000E+02, 0.5238831E+01, 0.4592756E+01, 0.4556524E+01, 0.4594982E+01,
 0.8068000E+02, 0.5238831E+01, 0.4592756E+01, 0.4556524E+01, 0.4594982E+01,
 0.8070000E+02, 0.5238831E+01, 0.4592756E+01, 0.4556524E+01, 0.4594982E+01,
 0.8072000E+02, 0.5238831E+01, 0.4592756E+01, 0.4556524E+01, 0.4594982E+01,
 0.8074000E+02, 0.5238831E+01, 0.4592756E+01, 0.4556524E+01, 0.4594982E+01,
 0.8076000E+02, 0.5238831E+01, 0.4592756E+01, 0.4556524E+01, 0.4594982E+01,
 0.8078000E+02, 0.5238831E+01, 0.4592756E+01, 0.4556524E+01, 0.4594982E+01,
 0.8080000E+02, 0.5238831E+01, 0.4592756E+01, 0.4556524E+01, 0.4594982E+01,
 0.8082000E+02, 0.5238831E+01, 0.4592756E+01, 0.4556524E+01, 0.4594982E+01,
 0.8084000E+02, 0.5238831E+01, 0.4592756E+01, 0.4556524E+01, 0.4594982E+01,
 0.8086000E+02, 0.5238831E+01, 0.4592756E+01, 0.4556524E+01, 0.4594982E+01,
 0.8088000E+02, 0.5238831E+01, 0.4592756E+01, 0.4556524E+01, 0.4594982E+01,
 0.8090000E+02, 0.5238831E+01, 0.4592756E+01, 0.4556524E+01, 0.4594982E+01,
 0.8092000E+02, 0.5238831E+01, 0.4592756E+01, 0.4556524E+01, 0.4594982E+01,
 0.8094000E+02, 0.5238831E+01, 0.4592756E+01, 0.4556524E+01, 0.4594982E+01,
 0.8096000E+02, 0.5238831E+01, 0.4592756E+01, 0.4556524E+01, 0.4594982E+01,
 0.8098000E+02, 0.5238831E+01, 0.4592756E+01, 0.4556524E+01, 0.4594982E+01,
 0.8100000E+02, 0.5238831E+01, 0.4592756E+01, 0.4556524E+01, 0.4594982E+01,
 0.8102000E+02, 0.5238831E+01, 0.4592756E+01, 0.4556524E+01, 0.4594982E+01,
 0.8104000E+02, 0.5238831E+01, 0.4592756E+01, 0.4556524E+01, 0.4594982E+01,
 0.8106000E+02, 0.5238831E+01, 0.4592756E+01, 0.4556524E+01, 0.4594982E+01,
 0.8108000E+02, 0.5238831E+01, 0.4592756E+01, 0.4556524E+01, 0.4594982E+01,
 0.8110000E+02, 0.5238831E+01, 0.4592756E+01, 0.4556524E+01, 0.4594982E+01,
 0.8112000E+02, 0.5238831E+01, 0.4592756E+01, 0.4556524E+01, 0.4594982E+01,
 0.8114000E+02, 0.5238831E+01, 0.4592756E+01, 0.4556524E+01, 0.4594982E+01,
 0.8116000E+02, 0.5238831E+01, 0.4592756E+01, 0.4556524E+01, 0.4594982E+01,
 0.8118000E+02, 0.5238831E+01, 0.4592756E+01, 0.4556524E+01, 0.4594982E+01,
 0.8120000E+02, 0.5238831E+01, 0.4592756E+01, 0.4556524E+01, 0.4594982E+01,
 0.8122000E+02, 0.5238831E+01, 0.4592756E+01, 0.4556524E+01, 0.4594982E+01,
 0.8124000E+02, 0.5238831E+01, 0.4592756E+01, 0.4556524E+01, 0.4594982E+01,
 0.8126000E+02, 0.5238831E+01, 0.4592756E+01, 0.4556524E+01, 0.4594982E+01,
 0.8128000E+02, 0.5238831E+01, 0.4592756E+01, 0.4556524E+01, 0.4594982E+01,
 0.8130000E+02, 0.5238831E+01, 0.4592756E+01, 0.4556524E+01, 0.4594982E+01,
 0.8132000E+02, 0.5238831E+01, 0.4592756E+01, 0.4556524E+01, 0.4594982E+01,
 0.8134000E+02, 0.5238831E+01, 0.4592756E+01, 0.4556524E+01, 0.4594982E+01,
 0.8136000E+02, 0.5238831E+01, 0.4592756E+01, 0.4556524E+01, 0.4594982E+01,
 0.8138000E+02, 0.5238831E+01, 0.4592756E+01, 0.4556524E+01, 0.4594982E+01,
 0.8140000E+02, 0.5238831E+01, 0.4592756E+01, 0.4556524E+01, 0.4594982E+01,
 0.8142000E+02, 0.5238831E+01, 0.4592756E+01, 0.4556524E+01, 0.4594982E+01,
 0.8144000E+02, 0.5238831E+01, 0.4592756E+01, 0.4556524E+01, 0.4594982E+01,
 0.8146000E+02, 0.5238831E+01, 0.4592756E+01, 0.4556524E+01, 0.4594982E+01,
 0.8148000E+02, 0.5238831E+01, 0.4592756E+01, 0.4556524E+01, 0.4594982E+01,
 0.8150000E+02, 0.5238831E+01, 0.4592756E+01, 0.4556524E+01, 0.4594982E+01,
 0.8152000E+02, 0.5238831E+01, 0.4592756E+01, 0.4556524E+01, 0.4594982E+01,
 0.8154000E+02, 0.5238831E+01, 0.4592756E+01, 0.4556524E+01, 0.4594982E+01,
 0.8156000E+02, 0.5238831E+01, 0.4592756E+01, 0.4556524E+01, 0.4594982E+01,
 0.8158000E+02, 0.5238831E+01, 0.4592756E+01, 0.4556524E+01, 0.4594982E+01,
 0.8160000E+02, 0.5238831E+01, 0.4592756E+01, 0.4556524E+01, 0.4594982E+01,
 0.8162000E+02, 0.5238831E+01, 0.4592756E+01, 0.4556524E+01, 0.4594982E+01,
 0.8164000E+02, 0.5238831E+01, 0.4592756E+01, 0.4556524E+01, 0.4594982E+01,
 0.8166000E+02, 0.5238831E+01, 0.4592756E+01, 0.4556524E+01, 0.4594982E+01,
 0.8168000E+02, 0.5238831E+01, 0.4592756E+01, 0.4556524E+01, 0.4594982E+01,
 0.8170000E+02, 0.5238831E+01, 0.4592756E+01, 0.4556524E+01, 0.4594982E+01,
 0.8172000E+02, 0.5238831E+01, 0.4592756E+01, 0.4556524E+01, 0.4594982E+01,
 0.8174000E+02, 0.5238831E+01, 0.4592756E+01, 0.4556524E+01, 0.4594982E+01,
 0.8176000E+02, 0.5238831E+01, 0.4592756E+01, 0.4556524E+01, 0.4594982E+01,
 0.8178000E+02, 0.5238831E+01, 0.4592756E+01, 0.4556524E+01, 0.4594982E+01,
 0.8180000E+02, 0.5238831E+01, 0.4592756E+01, 0.4556524E+01, 0.4594982E+01,
 0.8182000E+02, 0.5238831E+01, 0.4592756E+01, 0.4556524E+01, 0.4594982E+01,
 0.8184000E+02, 0.5238831E+01, 0.4592756E+01, 0.4556524E+01, 0.4594982E+01,
 0.8186000E+02, 0.5238831E+01, 0.4592756E+01, 0.4556524E+01, 0.4594982E+01,
 0.8188000E+02, 0.5238831E+01, 0.4592756E+01, 0.4556524E+01, 0.4594982E+01,
 0.8190000E+02, 0.5238831E+01, 0.4592756E+01, 0.4556524E+01, 0.4594982E+01,
 0.8192000E+02, 0.5238831E+01, 0.4592756E+01, 0.4556524E+01, 0.4594982E+01,
 0.8194000E+02, 0.5238831E+01, 0.4592756E+01, 0.4556524E+01, 0.4594982E+01,
 0.8196000E+02, 0.5238831E+01, 0.4592756E+01, 0.4556524E+01, 0.4594982E+01,
 0.8198000E+02, 0.5238831E+01, 0.4592756E+01, 0.4556524E+01, 0.4594982E+01,
 0.8200000E+02, 0.5238831E+01, 0.4592756E+01, 0.4556524E+01, 0.4594982E+01,
 0.8202000E+02, 0.5238831E+01, 0.4592756E+01, 0.4556524E+01, 0.4594982E+01,
 0.8204000E+02, 0.5238831E+01, 0.4592756E+01, 0.4556524E+01, 0.4594982E+01,
 0.8206000E+02, 0.5238831E+01, 0.4592756E+01, 0.4556524E+01, 0.4594982E+01,
 0.8208000E+02, 0.5238831E+01, 0.4592756E+01, 0.4556524E+01, 0.4594982E+01,
 0.8210000E+02, 0.5238831E+01, 0.4592756E+01, 0.4556524E+01, 0.4594982E+01,
 0.8212000E+02, 0.5238831E+01, 0.4592756E+01, 0.4556524E+01, 0.4594982E+01,
 0.8214000E+02, 0.5238831E+01, 0.4592756E+01, 0.4556524E+01, 0.4594982E+01,
 0.8216000E+02, 0.5238831E+01, 0.4592756E+01, 0.4556524E+01, 0.4594982E+01,
 0.8218000E+02, 0.5238831E+01, 0.4592756E+01, 0.4556524E+01, 0.4594982E+01,
 0.8220000E+02, 0.5238831E+01, 0.4592756E+01, 0.4556524E+01, 0.4594982E+01,
 0.8222000E+02, 0.5238831E+01, 0.4592756E+01, 0.4556524E+01, 0.4594982E+01,
 0.8224000E+02, 0.5238831E+01, 0.4592756E+01, 0.4556524E+01, 0.4594982E+01,
 0.8226000E+02, 0.5238831E+01, 0.4592756E+01, 0.4556524E+01, 0.4594982E+01,
 0.8228000E+02, 0.5238831E+01, 0.4592756E+01, 0.4556524E+01, 0.4594982E+01,
 0.8230000E+02, 0.5238831E+01, 0.4592756E+01, 0.4556524E+01, 0.4594982E+01,
 0.8232000E+02, 0.5238831E+01, 0.4592756E+01, 0.4556524E+01, 0.4594982E+01,
 0.8234000E+02, 0.5238831E+01, 0.4592756E+01, 0.4556524E+01, 0.4594982E+01,
 0.8236000E+02, 0.5238831E+01, 0.4592756E+01, 0.4556524E+01, 0.4594982E+01,
 0.8238000E+02, 0.5238831E+01, 0.4592756E+01, 0.4556524E+01, 0.4594982E+01,
 0.8240000E+02, 0.5238831E+01, 0.4592756E+01, 0.4556524E+01, 0.4594982E+01,
 0.8242000E+02, 0.5238831E+01, 0.4592756E+01, 0.4556524E+01, 0.4594982E+01,
 0.8244000E+02, 0.5238831E+01, 0.4592756E+01, 0.4556524E+01, 0.4594982E+01,
 0.8246000E+02, 0.5238831E+01, 0.4592756E+01, 0.4556524E+01, 0.4594982E+01,
 0.8248000E+02, 0.5238831E+01, 0.4592756E+01, 0.4556524E+01, 0.4594982E+01,
 0.8250000E+02, 0.5238831E+01, 0.4592756E+01, 0.4556524E+01, 0.4594982E+01,
 0.8252000E+02, 0.5238831E+01, 0.4592756E+01, 0.4556524E+01, 0.4594982E+01,
 0.8254000E+02, 0.5238831E+01, 0.4592756E+01, 0.4556524E+01, 0.4594982E+01,
 0.8256000E+02, 0.5238831E+01, 0.4592756E+01, 0.4556524E+01, 0.4594982E+01,
 0.8258000E+02, 0.5238831E+01, 0.4592756E+01, 0.4556524E+01, 0.4594982E+01,
 0.8260000E+02, 0.5238831E+01, 0.4592756E+01, 0.4556524E+01, 0.4594982E+01,
 0.8262000E+02, 0.5238831E+01, 0.4592756E+01, 0.4556524E+01, 0.4594982E+01,
 0.8264000E+02, 0.5238831E+01, 0.4592756E+01, 0.4556524E+01, 0.4594982E+01,
 0.8266000E+02, 0.5238831E+01, 0.4592756E+01, 0.4556524E+01, 0.4594982E+01,
 0.8268000E+02, 0.5238831E+01, 0.4592756E+01, 0.4556524E+01, 0.4594982E+01,
 0.8270000E+02, 0.5238831E+01, 0.4592756E+01, 0.4556524E+01, 0.4594982E+01,
 0.8272000E+02, 0.5238831E+01, 0.4592756E+01, 0.4556524E+01, 0.4594982E+01,
 0.8274000E+02, 0.5238831E+01, 0.4592756E+01, 0.4556524E+01, 0.4594982E+01,
 0.8276000E+02, 0.5238831E+01, 0.4592756E+01, 0.4556524E+01, 0.4594982E+01,
 0.8278000E+02, 0.5238831E+01, 0.4592756E+01, 0.4556524E+01, 0.4594982E+01,
 0.8280000E+02, 0.5238831E+01, 0.4592756E+01, 0.4556524E+01, 0.4594982E+01,
 0.8282000E+02, 0.5238831E+01, 0.4592756E+01, 0.4556524E+01, 0.4594982E+01,
 0.8284000E+02, 0.5238831E+01, 0.4592756E+01, 0.4556524E+01, 0.4594982E+01,
 0.8286000E+02, 0.5238831E+01, 0.4592756E+01, 0.4556524E+01, 0.4594982E+01,
 0.8288000E+02, 0.5238831E+01, 0.4592756E+01, 0.4556524E+01, 0.4594982E+01,
 0.8290000E+02, 0.5238831E+01, 0.4592756E+01, 0.4556524E+01, 0.4594982E+01,
 0.8292000E+02, 0.5238831E+01, 0.4592756E+01, 0.4556524E+01, 0.4594982E+01,
 0.8294000E+02, 0.5238831E+01, 0.4592756E+01, 0.4556524E+01, 0.4594982E+01,
 0.8296000E+02, 0.5238831E+01, 0.4592756E+01, 0.4556524E+01, 0.4594982E+01,
 0.8298000E+02, 0.5238831E+01, 0.4592756E+01, 0.4556524E+01, 0.4594982E+01,
 0.8300000E+02, 0.5238831E+01, 0.4592756E+01, 0.4556524E+01, 0.4594982E+01,
 0.8302000E+02, 0.5238831E+01, 0.4592756E+01, 0.4556524E+01, 0.4594982E+01,
 0.8304000E+02, 0.5238831E+01, 0.4592756E+01, 0.4556524E+01, 0.4594982E+01,
 0.8306000E+02, 0.5238831E+01, 0.4592756E+01, 0.4556524E+01, 0.4594982E+01,
 0.8308000E+02, 0.5238831E+01, 0.4592756E+01, 0.4556524E+01, 0.4594982E+01,
 0.8310000E+02, 0.5238831E+01, 0.4592756E+01, 0.4556524E+01, 0.4594982E+01,
 0.8312000E+02, 0.5238831E+01, 0.4592756E+01, 0.4556524E+01, 0.4594982E+01,
 0.8314000E+02, 0.5238831E+01, 0.4592756E+01, 0.4556524E+01, 0.4594982E+01,
 0.8316000E+02, 0.5238831E+01, 0.4592756E+01, 0.4556524E+01, 0.4594982E+01,
 0.8318000E+02, 0.5238831E+01, 0.4592756E+01, 0.4556524E+01, 0.4594982E+01,
 0.8320000E+02, 0.5238831E+01, 0.4592756E+01, 0.4556524E+01, 0.4594982E+01,
 0.8322000E+02, 0.5238831E+01, 0.4592756E+01, 0.4556524E+01, 0.4594982E+01,
 0.8324000E+02, 0.5238831E+01, 0.4592756E+01, 0.4556524E+01, 0.4594982E+01,
 0.8326000E+02, 0.5238831E+01, 0.4592756E+01, 0.4556524E+01, 0.4594982E+01,
 0.8328000E+02, 0.5238831E+01, 0.4592756E+01, 0.4556524E+01, 0.4594982E+01,
 0.8330000E+02, 0.5238831E+01, 0.4592756E+01, 0.4556524E+01, 0.4594982E+01,
 0.8332000E+02, 0.5238831E+01, 0.4592756E+01, 0.4556524E+01, 0.4594982E+01,
 0.8334000E+02, 0.5238831E+01, 0.4592756E+01, 0.4556524E+01, 0.4594982E+01,
 0.8336000E+02, 0.5238831E+01, 0.4592756E+01, 0.4556524E+01, 0.4594982E+01,
 0.8338000E+02, 0.5238831E+01, 0.4592756E+01, 0.4556524E+01, 0.4594982E+01,
 0.8340000E+02, 0.5238831E+01, 0.4592756E+01, 0.4556524E+01, 0.4594982E+01,
 0.8342000E+02, 0.5238831E+01, 0.4592756E+01, 0.4556524E+01, 0.4594982E+01,
 0.8344000E+02, 0.5238831E+01, 0.4592756E+01, 0.4556524E+01, 0.4594982E+01,
 0.8346000E+02, 0.5238831E+01, 0.4592756E+01, 0.4556524E+01, 0.4594982E+01,
 0.8348000E+02, 0.5238831E+01, 0.4592756E+01, 0.4556524E+01, 0.4594982E+01,
 0.8350000E+02, 0.5238831E+01, 0.4592756E+01, 0.4556524E+01, 0.4594982E+01,
 0.8352000E+02, 0.5238831E+01, 0.4592756E+01, 0.4556524E+01, 0.4594982E+01,
 0.8354000E+02, 0.5238831E+01, 0.4592756E+01, 0.4556524E+01, 0.4594982E+01,
 0.8356000E+02, 0.5238831E+01, 0.4592756E+01, 0.4556524E+01, 0.4594982E+01,
 0.8358000E+02, 0.5238831E+01, 0.4592756E+01, 0.4556524E+01, 0.4594982E+01,
 0.8360000E+02, 0.5238831E+01, 0.4592756E+01, 0.4556524E+01, 0.4594982E+01,
 0.8362000E+02, 0.5238831E+01, 0.4592756E+01, 0.4556524E+01, 0.4594982E+01,
 0.8364000E+02, 0.5238831E+01, 0.4592756E+01, 0.4556524E+01, 0.4594982E+01,
 0.8366000E+02, 0.5238831E+01, 0.4592756E+01, 0.4556524E+01, 0.4594982E+01,
 0.8368000E+02, 0.5238831E+01, 0.4592756E+01, 0.4556524E+01, 0.4594982E+01,
 0.8370000E+02, 0.5238831E+01, 0.4592756E+01, 0.4556524E+01, 0.4594982E+01,
 0.8372000E+02, 0.5238831E+01, 0.4592756E+01, 0.4556524E+01, 0.4594982E+01,
 0.8374000E+02, 0.5238831E+01, 0.4592756E+01, 0.4556524E+01, 0.4594982E+01,
 0.8376000E+02, 0.5238831E+01, 0.4592756E+01, 0.4556524E+01, 0.4594982E+01,
 0.8378000E+02, 0.5238831E+01, 0.4592756E+01, 0.4556524E+01, 0.4594982E+01,
 0.8380000E+02, 0.5238831E+01, 0.4592756E+01, 0.4556524E+01, 0.4594982E+01,
 0.8382000E+02, 0.5238831E+01, 0.4592756E+01, 0.4556524E+01, 0.4594982E+01,
 0.8384000E+02, 0.5238831E+01, 0.4592756E+01, 0.4556524E+01, 0.4594982E+01,
 0.8386000E+02, 0.5238831E+01, 0.4592756E+01, 0.4556524E+01, 0.4594982E+01,
 0.8388000E+02, 0.5238831E+01, 0.4592756E+01, 0.4556524E+01, 0.4594982E+01,
 0.8390000E+02, 0.5238831E+01, 0.4592756E+01, 0.4556524E+01, 0.4594982E+01,
 0.8392000E+02, 0.5238831E+01, 0.4592756E+01, 0.4556524E+01, 0.4594982E+01,
 0.8394000E+02, 0.5238831E+01, 0.4592756E+01, 0.4556524E+01, 0.4594982E+01,
 0.8396000E+02, 0.5238831E+01, 0.4592756E+01, 0.4556524E+01, 0.4594982E+01,
 0.8398000E+02, 0.5238831E+01, 0.4592756E+01, 0.4556524E+01, 0.4594982E+01,
 0.8400000E+02, 0.5238831E+01, 0.4592756E+01, 0.4556524E+01, 0.4594982E+01,
 0.8402000E+02, 0.5238831E+01, 0.4592756E+01, 0.4556524E+01, 0.4594982E+01,
 0.8404000E+02, 0.5238831E+01, 0.4592756E+01, 0.4556524E+01, 0.4594982E+01,
 0.8406000E+02, 0.5238831E+01, 0.4592756E+01, 0.4556524E+01, 0.4594982E+01,
 0.8408000E+02, 0.5238831E+01, 0.4592756E+01, 0.4556524E+01, 0.4594982E+01,
 0.8410000E+02, 0.5238831E+01, 0.4592756E+01, 0.4556524E+01, 0.4594982E+01,
 0.8412000E+02, 0.5238831E+01, 0.4592756E+01, 0.4556524E+01, 0.4594982E+01,
 0.8414000E+02, 0.5238831E+01, 0.4592756E+01, 0.4556524E+01, 0.4594982E+01,
 0.8416000E+02, 0.5238831E+01, 0.4592756E+01, 0.4556524E+01, 0.4594982E+01,
 0.8418000E+02, 0.5238831E+01, 0.4592756E+01, 0.4556524E+01, 0.4594982E+01,
 0.8420000E+02, 0.5238831E+01, 0.4592756E+01, 0.4556524E+01, 0.4594982E+01,
 0.8422000E+02, 0.5238831E+01, 0.4592756E+01, 0.4556524E+01, 0.4594982E+01,
 0.8424000E+02, 0.5238831E+01, 0.4592756E+01, 0.4556524E+01, 0.4594982E+01,
 0.8426000E+02, 0.5238831E+01, 0.4592756E+01, 0.4556524E+01, 0.4594982E+01,
 0.8428000E+02, 0.5238831E+01, 0.4592756E+01, 0.4556524E+01, 0.4594982E+01,
 0.8430000E+02, 0.5238831E+01, 0.4592756E+01, 0.4556524E+01, 0.4594982E+01,
 0.8432000E+02, 0.5238831E+01, 0.4592756E+01, 0.4556524E+01, 0.4594982E+01,
 0.8434000E+02, 0.5238831E+01, 0.4592756E+01, 0.4556524E+01, 0.4594982E+01,
 0.8436000E+02, 0.5238831E+01, 0.4592756E+01, 0.4556524E+01, 0.4594982E+01,
 0.8438000E+02, 0.5238831E+01, 0.4592756E+01, 0.4556524E+01, 0.4594982E+01,
 0.8440000E+02, 0.5238831E+01, 0.4592756E+01, 0.4556524E+01, 0.4594982E+01,
 0.8442000E+02, 0.5238831E+01, 0.4592756E+01, 0.4556524E+01, 0.4594982E+01,
 0.8444000E+02, 0.5238831E+01, 0.4592756E+01, 0.4556524E+01, 0.4594982E+01,
 0.8446000E+02, 0.5238831E+01, 0.4592756E+01, 0.4556524E+01, 0.4594982E+01,
 0.8448000E+02, 0.5238831E+01, 0.4592756E+01, 0.4556524E+01, 0.4594982E+01,
 0.8450000E+02, 0.5238831E+01, 0.4592756E+01, 0.4556524E+01, 0.4594982E+01,
 0.8452000E+02, 0.5238831E+01, 0.4592756E+01, 0.4556524E+01, 0.4594982E+01,
 0.8454000E+02, 0.5238831E+01, 0.4592756E+01, 0.4556524E+01, 0.4594982E+01,
 0.8456000E+02, 0.5238831E+01, 0.4592756E+01, 0.4556524E+01, 0.4594982E+01,
 0.8458000E+02, 0.5238831E+01, 0.4592756E+01, 0.4556524E+01, 0.4594982E+01,
 0.8460000E+02, 0.5238831E+01, 0.4592756E+01, 0.4556524E+01, 0.4594982E+01,
 0.8462000E+02, 0.5238831E+01, 0.4592756E+01, 0.4556524E+01, 0.4594982E+01,
 0.8464000E+02, 0.5238831E+01, 0.4592756E+01, 0.4556524E+01, 0.4594982E+01,
 0.8466000E+02, 0.5238831E+01, 0.4592756E+01, 0.4556524E+01, 0.4594982E+01,
 0.8468000E+02, 0.5238831E+01, 0.4592756E+01, 0.4556524E+01, 0.4594982E+01,
 0.8470000E+02, 0.5238831E+01, 0.4592756E+01, 0.4556524E+01, 0.4594982E+01,
 0.8472000E+02, 0.5238831E+01, 0.4592756E+01, 0.4556524E+01, 0.4594982E+01,
 0.8474000E+02, 0.5238831E+01, 0.4592756E+01, 0.4556524E+01, 0.4594982E+01,
 0.8476000E+02, 0.5238831E+01, 0.4592756E+01, 0.4556524E+01, 0.4594982E+01,
 0.8478000E+02, 0.5238831E+01, 0.4592756E+01, 0.4556524E+01, 0.4594982E+01,
 0.8480000E+02, 0.5238831E+01, 0.4592756E+01, 0.4556524E+01, 0.4594982E+01,
 0.8482000E+02, 0.5238831E+01, 0.4592756E+01, 0.4556524E+01, 0.4594982E+01,
 0.8484000E+02, 0.5238831E+01, 0.4592756E+01, 0.4556524E+01, 0.4594982E+01,
 0.8486000E+02, 0.5238831E+01, 0.4592756E+01, 0.4556524E+01, 0.4594982E+01,
 0.8488000E+02, 0.5238831E+01, 0.4592756E+01, 0.4556524E+01, 0.4594982E+01,
 0.8490000E+02, 0.5238831E+01, 0.4592756E+01, 0.4556524E+01, 0.4594982E+01,
 0.8492000E+02, 0.5238831E+01, 0.4592756E+01, 0.4556524E+01, 0.4594982E+01,
 0.8494000E+02, 0.5238831E+01, 0.4592756E+01, 0.4556524E+01, 0.4594982E+01,
 0.8496000E+02, 0.5238831E+01, 0.4592756E+01, 0.4556524E+01, 0.4594982E+01,
 0.8498000E+02, 0.5238831E+01, 0.4592756E+01, 0.4556524E+01, 0.4594982E+01,
 0.8500000E+02, 0.5238831E+01, 0.4592756E+01, 0.4556524E+01, 0.4594982E+01,
 0.8502000E+02, 0.5238831E+01, 0.4592756E+01, 0.4556524E+01, 0.4594982E+01,
 0.8504000E+02, 0.5238831E+01, 0.4592756E+01, 0.4556524E+01, 0.4594982E+01,
 0.8506000E+02, 0.5238831E+01, 0.4592756E+01, 0.4556524E+01, 0.4594982E+01,
 0.8508000E+02, 0.5238831E+01, 0.4592756E+01, 0.4556524E+01, 0.4594982E+01,
 0.8510000E+02, 0.5238831E+01, 0.4592756E+01, 0.4556524E+01, 0.4594982E+01,
 0.8512000E+02, 0.5238831E+01, 0.4592756E+01, 0.4556524E+01, 0.4594982E+01,
 0.8514000E+02, 0.5238831E+01, 0.4592756E+01, 0.4556524E+01, 0.4594982E+01,
 0.8516000E+02, 0.5238831E+01, 0.4592756E+01, 0.4556524E+01, 0.4594982E+01,
 0.8518000E+02, 0.5238831E+01, 0.4592756E+01, 0.4556524E+01, 0.4594982E+01,
 0.8520000E+02, 0.5238831E+01, 0.4592756E+01, 0.4556524E+01, 0.4594982E+01,
 0.8522000E+02, 0.5238831E+01, 0.4592756E+01, 0.4556524E+01, 0.4594982E+01,
 0.8524000E+02, 0.5238831E+01, 0.4592756E+01, 0.4556524E+01, 0.4594982E+01,
 0.8526000E+02, 0.5238831E+01, 0.4592756E+01, 0.4556524E+01, 0.4594982E+01,
 0.8528000E+02, 0.5238831E+01, 0.4592756E+01, 0.4556524E+01, 0.4594982E+01,
 0.8530000E+02, 0.5238831E+01, 0.4592756E+01, 0.4556524E+01, 0.4594982E+01,
 0.8532000E+02, 0.5238831E+01, 0.4592756E+01, 0.4556524E+01, 0.4594982E+01,
 0.8534000E+02, 0.5238831E+01, 0.4592756E+01, 0.4556524E+01, 0.4594982E+01,
 0.8536000E+02, 0.5238831E+01, 0.4592756E+01, 0.4556524E+01, 0.4594982E+01,
 0.8538000E+02, 0.5238831E+01, 0.4592756E+01, 0.4556524E+01, 0.4594982E+01,
 0.8540000E+02, 0.5238831E+01, 0.4592756E+01, 0.4556524E+01, 0.4594982E+01,
 0.8542000E+02, 0.5238831E+01, 0.4592756E+01, 0.4556524E+01, 0.4594982E+01,
 0.8544000E+02, 0.5238831E+01, 0.4592756E+01, 0.4556524E+01, 0.4594982E+01,
 0.8546000E+02, 0.5238831E+01, 0.4592756E+01, 0.4556524E+01, 0.4594982E+01,
 0.8548000E+02, 0.5238831E+01, 0.4592756E+01, 0.4556524E+01, 0.4594982E+01,
 0.8550000E+02, 0.5238831E+01, 0.4592756E+01, 0.4556524E+01, 0.4594982E+01,
 0.8552000E+02, 0.5238831E+01, 0.4592756E+01, 0.4556524E+01, 0.4594982E+01,
 0.8554000E+02, 0.5238831E+01, 0.4592756E+01, 0.4556524E+01, 0.4594982E+01,
 0.8556000E+02, 0.5238831E+01, 0.4592756E+01, 0.4556524E+01, 0.4594982E+01,
 0.8558000E+02, 0.5238831E+01, 0.4592756E+01, 0.4556524E+01, 0.4594982E+01,
 0.8560000E+02, 0.5238831E+01, 0.4592756E+01, 0.4556524E+01, 0.4594982E+01,
 0.8562000E+02, 0.5238831E+01, 0.4592756E+01, 0.4556524E+01, 0.4594982E+01,
 0.8564000E+02, 0.5238831E+01, 0.4592756E+01, 0.4556524E+01, 0.4594982E+01,
 0.8566000E+02, 0.5238831E+01, 0.4592756E+01, 0.4556524E+01, 0.4594982E+01,
 0.8568000E+02, 0.5238831E+01, 0.4592756E+01, 0.4556524E+01, 0.4594982E+01,
 0.8570000E+02, 0.5238831E+01, 0.4592756E+01, 0.4556524E+01, 0.4594982E+01,
 0.8572000E+02, 0.5238831E+01, 0.4592756E+01, 0.4556524E+01, 0.4594982E+01,
 0.8574000E+02, 0.5238831E+01, 0.4592756E+01, 0.4556524E+01, 0.4594982E+01,
 0.8576000E+02, 0.5238831E+01, 0.4592756E+01, 0.4556524E+01, 0.4594982E+01,
 0.8578000E+02, 0.5238831E+01, 0.4592756E+01, 0.4556524E+01, 0.4594982E+01,
 0.8580000E+02, 0.5238831E+01, 0.4592756E+01, 0.4556524E+01, 0.4594982E+01,
 0.8582000E+02, 0.5238831E+01, 0.4592756E+01, 0.4556524E+01, 0.4594982E+01,
 0.8584000E+02, 0.5238831E+01, 0.4592756E+01, 0.4556524E+01, 0.4594982E+01,
 0.8586000E+02, 0.5238831E+01, 0.4592756E+01, 0.4556524E+01, 0.4594982E+01,
 0.8588000E+02, 0.5238831E+01, 0.4592756E+01, 0.4556524E+01, 0.4594982E+01,
 0.8590000E+02, 0.5238831E+01, 0.4592756E+01, 0.4556524E+01, 0.4594982E+01,
 0.8592000E+02, 0.5238831E+01, 0.4592756E+01, 0.4556524E+01, 0.4594982E+01,
 0.8594000E+02, 0.5238831E+01, 0.4592756E+01, 0.4556524E+01, 0.4594982E+01,
 0.8596000E+02, 0.5238831E+01, 0.4592756E+01, 0.4556524E+01, 0.4594982E+01,
 0.8598000E+02, 0.5238831E+01, 0.4592756E+01, 0.4556524E+01, 0.4594982E+01,
 0.8600000E+02, 0.5238831E+01, 0.4592756E+01, 0.4556524E+01, 0.4594982E+01,
 0.8602000E+02, 0.5238831E+01, 0.4592756E+01, 0.4556524E+01, 0.4594982E+01,
 0.8604000E+02, 0.5238831E+01, 0.4592756E+01, 0.4556524E+01, 0.4594982E+01,
 0.8606000E+02, 0.5238831E+01, 0.4592756E+01, 0.4556524E+01, 0.4594982E+01,
 0.8608000E+02, 0.5238831E+01, 0.4592756E+01, 0.4556524E+01, 0.4594982E+01,
 0.8610000E+02, 0.5238831E+01, 0.4592756E+01, 0.4556524E+01, 0.4594982E+01,
 0.8612000E+02, 0.5238831E+01, 0.4592756E+01, 0.4556524E+01, 0.4594982E+01,
 0.8614000E+02, 0.5238831E+01, 0.4592756E+01, 0.4556524E+01, 0.4594982E+01,
 0.8616000E+02, 0.5238831E+01, 0.4592756E+01, 0.4556524E+01, 0.4594982E+01,
 0.8618000E+02, 0.5238831E+01, 0.4592756E+01, 0.4556524E+01, 0.4594982E+01,
 0.8620000E+02, 0.5238831E+01, 0.4592756E+01, 0.4556524E+01, 0.4594982E+01,
 0.8622000E+02, 0.5238831E+01, 0.4592756E+01, 0.4556524E+01, 0.4594982E+01,
 0.8624000E+02, 0.5238831E+01, 0.4592756E+01, 0.4556524E+01, 0.4594982E+01,
 0.8626000E+02, 0.5238831E+01, 0.4592756E+01, 0.4556524E+01, 0.4594982E+01,
 0.8628000E+02, 0.5238831E+01, 0.4592756E+01, 0.4556524E+01, 0.4594982E+01,
 0.8630000E+02, 0.5238831E+01, 0.4592756E+01, 0.4556524E+01, 0.4594982E+01,
 0.8632000E+02, 0.5238831E+01, 0.4592756E+01, 0.4556524E+01, 0.4594982E+01,
 0.8634000E+02, 0.5238831E+01, 0.4592756E+01, 0.4556524E+01, 0.4594982E+01,
 0.8636000E+02, 0.5238831E+01, 0.4592756E+01, 0.4556524E+01, 0.4594982E+01,
 0.8638000E+02, 0.5238831E+01, 0.4592756E+01, 0.4556524E+01, 0.4594982E+01,
 0.8640000E+02, 0.5238831E+01, 0.4592756E+01, 0.4556524E+01, 0.4594982E+01,
 0.8642000E+02, 0.5238831E+01, 0.4592756E+01, 0.4556524E+01, 0.4594982E+01,
 0.8644000E+02, 0.5238831E+01, 0.4592756E+01, 0.4556524E+01, 0.4594982E+01,
 0.8646000E+02, 0.5238831E+01, 0.4592756E+01, 0.4556524E+01, 0.4594982E+01,
 0.8648000E+02, 0.5238831E+01, 0.4592756E+01, 0.4556524E+01, 0.4594982E+01,
 0.8650000E+02, 0.5238831E+01, 0.4592756E+01, 0.4556524E+01, 0.4594982E+01,
 0.8652000E+02, 0.5238831E+01, 0.4592756E+01, 0.4556524E+01, 0.4594982E+01,
 0.8654000E+02, 0.5238831E+01, 0.4592756E+01, 0.4556524E+01, 0.4594982E+01,
 0.8656000E+02, 0.5238831E+01, 0.4592756E+01, 0.4556524E+01, 0.4594982E+01,
 0.8658000E+02, 0.5238831E+01, 0.4592756E+01, 0.4556524E+01, 0.4594982E+01,
 0.8660000E+02, 0.5238831E+01, 0.4592756E+01, 0.4556524E+01, 0.4594982E+01,
 0.8662000E+02, 0.5238831E+01, 0.4592756E+01, 0.4556524E+01, 0.4594982E+01,
 0.8664000E+02, 0.5238831E+01, 0.4592756E+01, 0.4556524E+01, 0.4594982E+01,
 0.8666000E+02, 0.5238831E+01, 0.4592756E+01, 0.4556524E+01, 0.4594982E+01,
 0.8668000E+02, 0.5238831E+01, 0.4592756E+01, 0.4556524E+01, 0.4594982E+01,
 0.8670000E+02, 0.5238831E+01, 0.4592756E+01, 0.4556524E+01, 0.4594982E+01,
 0.8672000E+02, 0.5238831E+01, 0.4592756E+01, 0.4556524E+01, 0.4594982E+01,
 0.8674000E+02, 0.5238831E+01, 0.4592756E+01, 0.4556524E+01, 0.4594982E+01,
 0.8676000E+02, 0.5238831E+01, 0.4592756E+01, 0.4556524E+01, 0.4594982E+01,
 0.8678000E+02, 0.5238831E+01, 0.4592756E+01, 0.4556524E+01, 0.4594982E+01,
 0.8680000E+02, 0.5238831E+01, 0.4592756E+01, 0.4556524E+01, 0.4594982E+01,
 0.8682000E+02, 0.5238831E+01, 0.4592756E+01, 0.4556524E+01, 0.4594982E+01,
 0.8684000E+02, 0.5238831E+01, 0.4592756E+01, 0.4556524E+01, 0.4594982E+01,
 0.8686000E+02, 0.5238831E+01, 0.4592756E+01, 0.4556524E+01, 0.4594982E+01,
 0.8688000E+02, 0.5238831E+01, 0.4592756E+01, 0.4556524E+01, 0.4594982E+01,
 0.8690000E+02, 0.5238831E+01, 0.4592756E+01, 0.4556524E+01, 0.4594982E+01,
 0.8692000E+02, 0.5238831E+01, 0.4592756E+01, 0.4556524E+01, 0.4594982E+01,
 0.8694000E+02, 0.5238831E+01, 0.4592756E+01, 0.4556524E+01, 0.4594982E+01,
 0.8696000E+02, 0.5238831E+01, 0.4592756E+01, 0.4556524E+01, 0.4594982E+01,
 0.8698000E+02, 0.5238831E+01, 0.4592756E+01, 0.4556524E+01, 0.4594982E+01,
 0.8700000E+02, 0.5238831E+01, 0.4592756E+01, 0.4556524E+01, 0.4594982E+01,
 0.8702000E+02, 0.5238831E+01, 0.4592756E+01, 0.4556524E+01, 0.4594982E+01,
 0.8704000E+02, 0.5238831E+01, 0.4592756E+01, 0.4556524E+01, 0.4594982E+01,
 0.8706000E+02, 0.5238831E+01, 0.4592756E+01, 0.4556524E+01, 0.4594982E+01,
 0.8708000E+02, 0.5238831E+01, 0.4592756E+01, 0.4556524E+01, 0.4594982E+01,
 0.8710000E+02, 0.5238831E+01, 0.4592756E+01, 0.4556524E+01, 0.4594982E+01,
 0.8712000E+02, 0.5238831E+01, 0.4592756E+01, 0.4556524E+01, 0.4594982E+01,
 0.8714000E+02, 0.5238831E+01, 0.4592756E+01, 0.4556524E+01, 0.4594982E+01,
 0.8716000E+02, 0.5238831E+01, 0.4592756E+01, 0.4556524E+01, 0.4594982E+01,
 0.8718000E+02, 0.5238831E+01, 0.4592756E+01, 0.4556524E+01, 0.4594982E+01,
 0.8720000E+02, 0.5238831E+01, 0.4592756E+01, 0.4556524E+01, 0.4594982E+01,
 0.8722000E+02, 0.5238831E+01, 0.4592756E+01, 0.4556524E+01, 0.4594982E+01,
 0.8724000E+02, 0.5238831E+01, 0.4592756E+01, 0.4556524E+01, 0.4594982E+01,
 0.8726000E+02, 0.5238831E+01, 0.4592756E+01, 0.4556524E+01, 0.4594982E+01,
 0.8728000E+02, 0.5238831E+01, 0.4592756E+01, 0.4556524E+01, 0.4594982E+01,
 0.8730000E+02, 0.5238831E+01, 0.4592756E+01, 0.4556524E+01, 0.4594982E+01,
 0.8732000E+02, 0.5238831E+01, 0.4592756E+01, 0.4556524E+01, 0.4594982E+01,
 0.8734000E+02, 0.5238831E+01, 0.4592756E+01, 0.4556524E+01, 0.4594982E+01,
 0.8736000E+02, 0.5238831E+01, 0.4592756E+01, 0.4556524E+01, 0.4594982E+01,
 0.8738000E+02, 0.5238831E+01, 0.4592756E+01, 0.4556524E+01, 0.4594982E+01,
 0.8740000E+02, 0.5238831E+01, 0.4592756E+01, 0.4556524E+01, 0.4594982E+01,
 0.8742000E+02, 0.5238831E+01, 0.4592756E+01, 0.4556524E+01, 0.4594982E+01,
 0.8744000E+02, 0.5238831E+01, 0.4592756E+01, 0.4556524E+01, 0.4594982E+01,
 0.8746000E+02, 0.5238831E+01, 0.4592756E+01, 0.4556524E+01, 0.4594982E+01,
 0.8748000E+02, 0.5238831E+01, 0.4592756E+01, 0.4556524E+01, 0.4594982E+01,
 0.8750000E+02, 0.5238831E+01, 0.4592756E+01, 0.4556524E+01, 0.4594982E+01,
 0.8752000E+02, 0.5238831E+01, 0.4592756E+01, 0.4556524E+01, 0.4594982E+01,
 0.8754000E+02, 0.5238831E+01, 0.4592756E+01, 0.4556524E+01, 0.4594982E+01,
 0.8756000E+02, 0.5238831E+01, 0.4592756E+01, 0.4556524E+01, 0.4594982E+01,
 0.8758000E+02, 0.5238831E+01, 0.4592756E+01, 0.4556524E+01, 0.4594982E+01,
 0.8760000E+02, 0.5238831E+01, 0.4592756E+01, 0.4556524E+01, 0.4594982E+01,
 0.8762000E+02, 0.5238831E+01, 0.4592756E+01, 0.4556524E+01, 0.4594982E+01,
 0.8764000E+02, 0.5238831E+01, 0.4592756E+01, 0.4556524E+01, 0.4594982E+01,
 0.8766000E+02, 0.5238831E+01, 0.4592756E+01, 0.4556524E+01, 0.4594982E+01,
 0.8768000E+02, 0.5238831E+01, 0.4592756E+01, 0.4556524E+01, 0.4594982E+01,
 0.8770000E+02, 0.5238831E+01, 0.4592756E+01, 0.4556524E+01, 0.4594982E+01,
 0.8772000E+02, 0.5238831E+01, 0.4592756E+01, 0.4556524E+01, 0.4594982E+01,
 0.8774000E+02, 0.5238831E+01, 0.4592756E+01, 0.4556524E+01, 0.4594982E+01,
 0.8776000E+02, 0.5238831E+01, 0.4592756E+01, 0.4556524E+01, 0.4594982E+01,
 0.8778000E+02, 0.5238831E+01, 0.4592756E+01, 0.4556524E+01, 0.4594982E+01,
 0.8780000E+02, 0.5238831E+01, 0.4592756E+01, 0.4556524E+01, 0.4594982E+01,
 0.8782000E+02, 0.5238831E+01, 0.4592756E+01, 0.4556524E+01, 0.4594982E+01,
 0.8784000E+02, 0.5238831E+01, 0.4592756E+01, 0.4556524E+01, 0.4594982E+01,
 0.8786000E+02, 0.5238831E+01, 0.4592756E+01, 0.4556524E+01, 0.4594982E+01,
 0.8788000E+02, 0.5238831E+01, 0.4592756E+01, 0.4556524E+01, 0.4594982E+01,
 0.8790000E+02, 0.5238831E+01, 0.4592756E+01, 0.4556524E+01, 0.4594982E+01,
 0.8792000E+02, 0.5238831E+01, 0.4592756E+01, 0.4556524E+01, 0.4594982E+01,
 0.8794000E+02, 0.5238831E+01, 0.4592756E+01, 0.4556524E+01, 0.4594982E+01,
 0.8796000E+02, 0.5238831E+01, 0.4592756E+01, 0.4556524E+01, 0.4594982E+01,
 0.8798000E+02, 0.5238831E+01, 0.4592756E+01, 0.4556524E+01, 0.4594982E+01,
 0.8800000E+02, 0.5238831E+01, 0.4592756E+01, 0.4556524E+01, 0.4594982E+01,
 0.8802000E+02, 0.5238831E+01, 0.4592756E+01, 0.4556524E+01, 0.4594982E+01,
 0.8804000E+02, 0.5238831E+01, 0.4592756E+01, 0.4556524E+01, 0.4594982E+01,
 0.8806000E+02, 0.5238831E+01, 0.4592756E+01, 0.4556524E+01, 0.4594982E+01,
 0.8808000E+02, 0.5238831E+01, 0.4592756E+01, 0.4556524E+01, 0.4594982E+01,
 0.8810000E+02, 0.5238831E+01, 0.4592756E+01, 0.4556524E+01, 0.4594982E+01,
 0.8812000E+02, 0.5238831E+01, 0.4592756E+01, 0.4556524E+01, 0.4594982E+01,
 0.8814000E+02, 0.5238831E+01, 0.4592756E+01, 0.4556524E+01, 0.4594982E+01,
 0.8816000E+02, 0.5238831E+01, 0.4592756E+01, 0.4556524E+01, 0.4594982E+01,
 0.8818000E+02, 0.5238831E+01, 0.4592756E+01, 0.4556524E+01, 0.4594982E+01,
 0.8820000E+02, 0.5238831E+01, 0.4592756E+01, 0.4556524E+01, 0.4594982E+01,
 0.8822000E+02, 0.5238831E+01, 0.4592756E+01, 0.4556524E+01, 0.4594982E+01,
 0.8824000E+02, 0.5238831E+01, 0.4592756E+01, 0.4556524E+01, 0.4594982E+01,
 0.8826000E+02, 0.5238831E+01, 0.4592756E+01, 0.4556524E+01, 0.4594982E+01,
 0.8828000E+02, 0.5238831E+01, 0.4592756E+01, 0.4556524E+01, 0.4594982E+01,
 0.8830000E+02, 0.5238831E+01, 0.4592756E+01, 0.4556524E+01, 0.4594982E+01,
 0.8832000E+02, 0.5238831E+01, 0.4592756E+01, 0.4556524E+01, 0.4594982E+01,
 0.8834000E+02, 0.5238831E+01, 0.4592756E+01, 0.4556524E+01, 0.4594982E+01,
 0.8836000E+02, 0.5238831E+01, 0.4592756E+01, 0.4556524E+01, 0.4594982E+01,
 0.8838000E+02, 0.5238831E+01, 0.4592756E+01, 0.4556524E+01, 0.4594982E+01,
 0.8840000E+02, 0.5238831E+01, 0.4592756E+01, 0.4556524E+01, 0.4594982E+01,
 0.8842000E+02, 0.5238831E+01, 0.4592756E+01, 0.4556524E+01, 0.4594982E+01,
 0.8844000E+02, 0.5238831E+01, 0.4592756E+01, 0.4556524E+01, 0.4594982E+01,
 0.8846000E+02, 0.5238831E+01, 0.4592756E+01, 0.4556524E+01, 0.4594982E+01,
 0.8848000E+02, 0.5238831E+01, 0.4592756E+01, 0.4556524E+01, 0.4594982E+01,
 0.8850000E+02, 0.5238831E+01, 0.4592756E+01, 0.4556524E+01, 0.4594982E+01,
 0.8852000E+02, 0.5238831E+01, 0.4592756E+01, 0.4556524E+01, 0.4594982E+01,
 0.8854000E+02, 0.5238831E+01, 0.4592756E+01, 0.4556524E+01, 0.4594982E+01,
 0.8856000E+02, 0.5238831E+01, 0.4592756E+01, 0.4556524E+01, 0.4594982E+01,
 0.8858000E+02, 0.5238831E+01, 0.4592756E+01, 0.4556524E+01, 0.4594982E+01,
 0.8860000E+02, 0.5238831E+01, 0.4592756E+01, 0.4556524E+01, 0.4594982E+01,
 0.8862000E+02, 0.5238831E+01, 0.4592756E+01, 0.4556524E+01, 0.4594982E+01,
 0.8864000E+02, 0.5238831E+01, 0.4592756E+01, 0.4556524E+01, 0.4594982E+01,
 0.8866000E+02, 0.5238831E+01, 0.4592756E+01, 0.4556524E+01, 0.4594982E+01,
 0.8868000E+02, 0.5238831E+01, 0.4592756E+01, 0.4556524E+01, 0.4594982E+01,
 0.8870000E+02, 0.5238831E+01, 0.4592756E+01, 0.4556524E+01, 0.4594982E+01,
 0.8872000E+02, 0.5238831E+01, 0.4592756E+01, 0.4556524E+01, 0.4594982E+01,
 0.8874000E+02, 0.5238831E+01, 0.4592756E+01, 0.4556524E+01, 0.4594982E+01,
 0.8876000E+02, 0.5238831E+01, 0.4592756E+01, 0.4556524E+01, 0.4594982E+01,
 0.8878000E+02, 0.5238831E+01, 0.4592756E+01, 0.4556524E+01, 0.4594982E+01,
 0.8880000E+02, 0.5238831E+01, 0.4592756E+01, 0.4556524E+01, 0.4594982E+01,
 0.8882000E+02, 0.5238831E+01, 0.4592756E+01, 0.4556524E+01, 0.4594982E+01,
 0.8884000E+02, 0.5238831E+01, 0.4592756E+01, 0.4556524E+01, 0.4594982E+01,
 0.8886000E+02, 0.5238831E+01, 0.4592756E+01, 0.4556524E+01, 0.4594982E+01,
 0.8888000E+02, 0.5238831E+01, 0.4592756E+01, 0.4556524E+01, 0.4594982E+01,
 0.8890000E+02, 0.5238831E+01, 0.4592756E+01, 0.4556524E+01, 0.4594982E+01,
 0.8892000E+02, 0.5238831E+01, 0.4592756E+01, 0.4556524E+01, 0.4594982E+01,
 0.8894000E+02, 0.5238831E+01, 0.4592756E+01, 0.4556524E+01, 0.4594982E+01,
 0.8896000E+02, 0.5238831E+01, 0.4592756E+01, 0.4556524E+01, 0.4594982E+01,
 0.8898000E+02, 0.5238831E+01, 0.4592756E+01, 0.4556524E+01, 0.4594982E+01,
 0.8900000E+02, 0.5238831E+01, 0.4592756E+01, 0.4556524E+01, 0.4594982E+01,
 0.8902000E+02, 0.5238831E+01, 0.4592756E+01, 0.4556524E+01, 0.4594982E+01,
 0.8904000E+02, 0.5238831E+01, 0.4592756E+01, 0.4556524E+01, 0.4594982E+01,
 0.8906000E+02, 0.5238831E+01, 0.4592756E+01, 0.4556524E+01, 0.4594982E+01,
 0.8908000E+02, 0.5238831E+01, 0.4592756E+01, 0.4556524E+01, 0.4594982E+01,
 0.8910000E+02, 0.5238831E+01, 0.4592756E+01, 0.4556524E+01, 0.4594982E+01,
 0.8912000E+02, 0.5238831E+01, 0.4592756E+01, 0.4556524E+01, 0.4594982E+01,
 0.8914000E+02, 0.5238831E+01, 0.4592756E+01, 0.4556524E+01, 0.4594982E+01,
 0.8916000E+02, 0.5238831E+01, 0.4592756E+01, 0.4556524E+01, 0.4594982E+01,
 0.8918000E+02, 0.5238831E+01, 0.4592756E+01, 0.4556524E+01, 0.4594982E+01,
 0.8920000E+02, 0.5238831E+01, 0.4592756E+01, 0.4556524E+01, 0.4594982E+01,
 0.8922000E+02, 0.5238831E+01, 0.4592756E+01, 0.4556524E+01, 0.4594982E+01,
 0.8924000E+02, 0.5238831E+01, 0.4592756E+01, 0.4556524E+01, 0.4594982E+01,
 0.8926000E+02, 0.5238831E+01, 0.4592756E+01, 0.4556524E+01, 0.4594982E+01,
 0.8928000E+02, 0.5238831E+01, 0.4592756E+01, 0.4556524E+01, 0.4594982E+01,
 0.8930000E+02, 0.5238831E+01, 0.4592756E+01, 0.4556524E+01, 0.4594982E+01,
 0.8932000E+02, 0.5238831E+01, 0.4592756E+01, 0.4556524E+01, 0.4594982E+01,
 0.8934000E+02, 0.5238831E+01, 0.4592756E+01, 0.4556524E+01, 0.4594982E+01,
 0.8936000E+02, 0.5238831E+01, 0.4592756E+01, 0.4556524E+01, 0.4594982E+01,
 0.8938000E+02, 0.5238831E+01, 0.4592756E+01, 0.4556524E+01, 0.4594982E+01,
 0.8940000E+02, 0.5238831E+01, 0.4592756E+01, 0.4556524E+01, 0.4594982E+01,
 0.8942000E+02, 0.5238831E+01, 0.4592756E+01, 0.4556524E+01, 0.4594982E+01,
 0.8944000E+02, 0.5238831E+01, 0.4592756E+01, 0.4556524E+01, 0.4594982E+01,
 0.8946000E+02, 0.5238831E+01, 0.4592756E+01, 0.4556524E+01, 0.4594982E+01,
 0.8948000E+02, 0.5238831E+01, 0.4592756E+01, 0.4556524E+01, 0.4594982E+01,
 0.8950000E+02, 0.5238831E+01, 0.4592756E+01, 0.4556524E+01, 0.4594982E+01,
 0.8952000E+02, 0.5238831E+01, 0.4592756E+01, 0.4556524E+01, 0.4594982E+01,
 0.8954000E+02, 0.5238831E+01, 0.4592756E+01, 0.4556524E+01, 0.4594982E+01,
 0.8956000E+02, 0.5238831E+01, 0.4592756E+01, 0.4556524E+01, 0.4594982E+01,
 0.8958000E+02, 0.5238831E+01, 0.4592756E+01, 0.4556524E+01, 0.4594982E+01,
 0.8960000E+02, 0.5238831E+01, 0.4592756E+01, 0.4556524E+01, 0.4594982E+01,
 0.8962000E+02, 0.5238831E+01, 0.4592756E+01, 0.4556524E+01, 0.4594982E+01,
 0.8964000E+02, 0.5238831E+01, 0.4592756E+01, 0.4556524E+01, 0.4594982E+01,
 0.8966000E+02, 0.5238831E+01, 0.4592756E+01, 0.4556524E+01, 0.4594982E+01,
 0.8968000E+02, 0.5238831E+01, 0.4592756E+01, 0.4556524E+01, 0.4594982E+01,
 0.8970000E+02, 0.5238831E+01, 0.4592756E+01, 0.4556524E+01, 0.4594982E+01,
 0.8972000E+02, 0.5238831E+01, 0.4592756E+01, 0.4556524E+01, 0.4594982E+01,
 0.8974000E+02, 0.5238831E+01, 0.4592756E+01, 0.4556524E+01, 0.4594982E+01,
 0.8976000E+02, 0.5238831E+01, 0.4592756E+01, 0.4556524E+01, 0.4594982E+01,
 0.8978000E+02, 0.5238831E+01, 0.4592756E+01, 0.4556524E+01, 0.4594982E+01,
 0.8980000E+02, 0.5238831E+01, 0.4592756E+01, 0.4556524E+01, 0.4594982E+01,
 0.8982000E+02, 0.5238831E+01, 0.4592756E+01, 0.4556524E+01, 0.4594982E+01,
 0.8984000E+02, 0.5238831E+01, 0.4592756E+01, 0.4556524E+01, 0.4594982E+01,
 0.8986000E+02, 0.5238831E+01, 0.4592756E+01, 0.4556524E+01, 0.4594982E+01,
 0.8988000E+02, 0.5238831E+01, 0.4592756E+01, 0.4556524E+01, 0.4594982E+01,
 0.8990000E+02, 0.5238831E+01, 0.4592756E+01, 0.4556524E+01, 0.4594982E+01,
 0.8992000E+02, 0.5238831E+01, 0.4592756E+01, 0.4556524E+01, 0.4594982E+01,
 0.8994000E+02, 0.5238831E+01, 0.4592756E+01, 0.4556524E+01, 0.4594982E+01,
 0.8996000E+02, 0.5238831E+01, 0.4592756E+01, 0.4556524E+01, 0.4594982E+01,
 0.8998000E+02, 0.5238831E+01, 0.4592756E+01, 0.4556524E+01, 0.4594982E+01,
 0.9000000E+02, 0.5238831E+01, 0.4592756E+01, 0.4556524E+01, 0.4594982E+01,
 0.9002000E+02, 0.5238831E+01, 0.4592756E+01, 0.4556524E+01, 0.4594982E+01,
 0.9004000E+02, 0.5238831E+01, 0.4592756E+01, 0.4556524E+01, 0.4594982E+01,
 0.9006000E+02, 0.5238831E+01, 0.4592756E+01, 0.4556524E+01, 0.4594982E+01,
 0.9008000E+02, 0.5238831E+01, 0.4592756E+01, 0.4556524E+01, 0.4594982E+01,
 0.9010000E+02, 0.5238831E+01, 0.4592756E+01, 0.4556524E+01, 0.4594982E+01,
 0.9012000E+02, 0.5238831E+01, 0.4592756E+01, 0.4556524E+01, 0.4594982E+01,
 0.9014000E+02, 0.5238831E+01, 0.4592756E+01, 0.4556524E+01, 0.4594982E+01,
 0.9016000E+02, 0.5238831E+01, 0.4592756E+01, 0.4556524E+01, 0.4594982E+01,
 0.9018000E+02, 0.5238831E+01, 0.4592756E+01, 0.4556524E+01, 0.4594982E+01,
 0.9020000E+02, 0.5238831E+01, 0.4592756E+01, 0.4556524E+01, 0.4594982E+01,
 0.9022000E+02, 0.5238831E+01, 0.4592756E+01, 0.4556524E+01, 0.4594982E+01,
 0.9024000E+02, 0.5238831E+01, 0.4592756E+01, 0.4556524E+01, 0.4594982E+01,
 0.9026000E+02, 0.5238831E+01, 0.4592756E+01, 0.4556524E+01, 0.4594982E+01,
 0.9028000E+02, 0.5238831E+01, 0.4592756E+01, 0.4556524E+01, 0.4594982E+01,
 0.9030000E+02, 0.5238831E+01, 0.4592756E+01, 0.4556524E+01, 0.4594982E+01,
 0.9032000E+02, 0.5238831E+01, 0.4592756E+01, 0.4556524E+01, 0.4594982E+01,
 0.9034000E+02, 0.5238831E+01, 0.4592756E+01, 0.4556524E+01, 0.4594982E+01,
 0.9036000E+02, 0.5238831E+01, 0.4592756E+01, 0.4556524E+01, 0.4594982E+01,
 0.9038000E+02, 0.5238831E+01, 0.4592756E+01, 0.4556524E+01, 0.4594982E+01,
 0.9040000E+02, 0.5238831E+01, 0.4592756E+01, 0.4556524E+01, 0.4594982E+01,
 0.9042000E+02, 0.5238831E+01, 0.4592756E+01, 0.4556524E+01, 0.4594982E+01,
 0.9044000E+02, 0.5238831E+01, 0.4592756E+01, 0.4556524E+01, 0.4594982E+01,
 0.9046000E+02, 0.5238831E+01, 0.4592756E+01, 0.4556524E+01, 0.4594982E+01,
 0.9048000E+02, 0.5238831E+01, 0.4592756E+01, 0.4556524E+01, 0.4594982E+01,
 0.9050000E+02, 0.5238831E+01, 0.4592756E+01, 0.4556524E+01, 0.4594982E+01,
 0.9052000E+02, 0.5238831E+01, 0.4592756E+01, 0.4556524E+01, 0.4594982E+01,
 0.9054000E+02, 0.5238831E+01, 0.4592756E+01, 0.4556524E+01, 0.4594982E+01,
 0.9056000E+02, 0.5238831E+01, 0.4592756E+01, 0.4556524E+01, 0.4594982E+01,
 0.9058000E+02, 0.5238831E+01, 0.4592756E+01, 0.4556524E+01, 0.4594982E+01,
 0.9060000E+02, 0.5238831E+01, 0.4592756E+01, 0.4556524E+01, 0.4594982E+01,
 0.9062000E+02, 0.5238831E+01, 0.4592756E+01, 0.4556524E+01, 0.4594982E+01,
 0.9064000E+02, 0.5238831E+01, 0.4592756E+01, 0.4556524E+01, 0.4594982E+01,
 0.9066000E+02, 0.5238831E+01, 0.4592756E+01, 0.4556524E+01, 0.4594982E+01,
 0.9068000E+02, 0.5238831E+01, 0.4592756E+01, 0.4556524E+01, 0.4594982E+01,
 0.9070000E+02, 0.5238831E+01, 0.4592756E+01, 0.4556524E+01, 0.4594982E+01,
 0.9072000E+02, 0.5238831E+01, 0.4592756E+01, 0.4556524E+01, 0.4594982E+01,
 0.9074000E+02, 0.5238831E+01, 0.4592756E+01, 0.4556524E+01, 0.4594982E+01,
 0.9076000E+02, 0.5238831E+01, 0.4592756E+01, 0.4556524E+01, 0.4594982E+01,
 0.9078000E+02, 0.5238831E+01, 0.4592756E+01, 0.4556524E+01, 0.4594982E+01,
 0.9080000E+02, 0.5238831E+01, 0.4592756E+01, 0.4556524E+01, 0.4594982E+01,
 0.9082000E+02, 0.5238831E+01, 0.4592756E+01, 0.4556524E+01, 0.4594982E+01,
 0.9084000E+02, 0.5238831E+01, 0.4592756E+01, 0.4556524E+01, 0.4594982E+01,
 0.9086000E+02, 0.5238831E+01, 0.4592756E+01, 0.4556524E+01, 0.4594982E+01,
 0.9088000E+02, 0.5238831E+01, 0.4592756E+01, 0.4556524E+01, 0.4594982E+01,
 0.9090000E+02, 0.5238831E+01, 0.4592756E+01, 0.4556524E+01, 0.4594982E+01,
 0.9092000E+02, 0.5238831E+01, 0.4592756E+01, 0.4556524E+01, 0.4594982E+01,
 0.9094000E+02, 0.5238831E+01, 0.4592756E+01, 0.4556524E+01, 0.4594982E+01,
 0.9096000E+02, 0.5238831E+01, 0.4592756E+01, 0.4556524E+01, 0.4594982E+01,
 0.9098000E+02, 0.5238831E+01, 0.4592756E+01, 0.4556524E+01, 0.4594982E+01,
 0.9100000E+02, 0.5238831E+01, 0.4592756E+01, 0.4556524E+01, 0.4594982E+01,
 0.9102000E+02, 0.5238831E+01, 0.4592756E+01, 0.4556524E+01, 0.4594982E+01,
 0.9104000E+02, 0.5238831E+01, 0.4592756E+01, 0.4556524E+01, 0.4594982E+01,
 0.9106000E+02, 0.5238831E+01, 0.4592756E+01, 0.4556524E+01, 0.4594982E+01,
 0.9108000E+02, 0.5238831E+01, 0.4592756E+01, 0.4556524E+01, 0.4594982E+01,
 0.9110000E+02, 0.5238831E+01, 0.4592756E+01, 0.4556524E+01, 0.4594982E+01,
 0.9112000E+02, 0.5238831E+01, 0.4592756E+01, 0.4556524E+01, 0.4594982E+01,
 0.9114000E+02, 0.5238831E+01, 0.4592756E+01, 0.4556524E+01, 0.4594982E+01,
 0.9116000E+02, 0.5238831E+01, 0.4592756E+01, 0.4556524E+01, 0.4594982E+01,
 0.9118000E+02, 0.5238831E+01, 0.4592756E+01, 0.4556524E+01, 0.4594982E+01,
 0.9120000E+02, 0.5238831E+01, 0.4592756E+01, 0.4556524E+01, 0.4594982E+01,
 0.9122000E+02, 0.5238831E+01, 0.4592756E+01, 0.4556524E+01, 0.4594982E+01,
 0.9124000E+02, 0.5238831E+01, 0.4592756E+01, 0.4556524E+01, 0.4594982E+01,
 0.9126000E+02, 0.5238831E+01, 0.4592756E+01, 0.4556524E+01, 0.4594982E+01,
 0.9128000E+02, 0.5238831E+01, 0.4592756E+01, 0.4556524E+01, 0.4594982E+01,
 0.9130000E+02, 0.5238831E+01, 0.4592756E+01, 0.4556524E+01, 0.4594982E+01,
 0.9132000E+02, 0.5238831E+01, 0.4592756E+01, 0.4556524E+01, 0.4594982E+01,
 0.9134000E+02, 0.5238831E+01, 0.4592756E+01, 0.4556524E+01, 0.4594982E+01,
 0.9136000E+02, 0.5238831E+01, 0.4592756E+01, 0.4556524E+01, 0.4594982E+01,
 0.9138000E+02, 0.5238831E+01, 0.4592756E+01, 0.4556524E+01, 0.4594982E+01,
 0.9140000E+02, 0.5238831E+01, 0.4592756E+01, 0.4556524E+01, 0.4594982E+01,
 0.9142000E+02, 0.5238831E+01, 0.4592756E+01, 0.4556524E+01, 0.4594982E+01,
 0.9144000E+02, 0.5238831E+01, 0.4592756E+01, 0.4556524E+01, 0.4594982E+01,
 0.9146000E+02, 0.5238831E+01, 0.4592756E+01, 0.4556524E+01, 0.4594982E+01,
 0.9148000E+02, 0.5238831E+01, 0.4592756E+01, 0.4556524E+01, 0.4594982E+01,
 0.9150000E+02, 0.5238831E+01, 0.4592756E+01, 0.4556524E+01, 0.4594982E+01,
 0.9152000E+02, 0.5238831E+01, 0.4592756E+01, 0.4556524E+01, 0.4594982E+01,
 0.9154000E+02, 0.5238831E+01, 0.4592756E+01, 0.4556524E+01, 0.4594982E+01,
 0.9156000E+02, 0.5238831E+01, 0.4592756E+01, 0.4556524E+01, 0.4594982E+01,
 0.9158000E+02, 0.5238831E+01, 0.4592756E+01, 0.4556524E+01, 0.4594982E+01,
 0.9160000E+02, 0.5238831E+01, 0.4592756E+01, 0.4556524E+01, 0.4594982E+01,
 0.9162000E+02, 0.5238831E+01, 0.4592756E+01, 0.4556524E+01, 0.4594982E+01,
 0.9164000E+02, 0.5238831E+01, 0.4592756E+01, 0.4556524E+01, 0.4594982E+01,
 0.9166000E+02, 0.5238831E+01, 0.4592756E+01, 0.4556524E+01, 0.4594982E+01,
 0.9168000E+02, 0.5238831E+01, 0.4592756E+01, 0.4556524E+01, 0.4594982E+01,
 0.9170000E+02, 0.5238831E+01, 0.4592756E+01, 0.4556524E+01, 0.4594982E+01,
 0.9172000E+02, 0.5238831E+01, 0.4592756E+01, 0.4556524E+01, 0.4594982E+01,
 0.9174000E+02, 0.5238831E+01, 0.4592756E+01, 0.4556524E+01, 0.4594982E+01,
 0.9176000E+02, 0.5238831E+01, 0.4592756E+01, 0.4556524E+01, 0.4594982E+01,
 0.9178000E+02, 0.5238831E+01, 0.4592756E+01, 0.4556524E+01, 0.4594982E+01,
 0.9180000E+02, 0.5238831E+01, 0.4592756E+01, 0.4556524E+01, 0.4594982E+01,
 0.9182000E+02, 0.5238831E+01, 0.4592756E+01, 0.4556524E+01, 0.4594982E+01,
 0.9184000E+02, 0.5238831E+01, 0.4592756E+01, 0.4556524E+01, 0.4594982E+01,
 0.9186000E+02, 0.5238831E+01, 0.4592756E+01, 0.4556524E+01, 0.4594982E+01,
 0.9188000E+02, 0.5238831E+01, 0.4592756E+01, 0.4556524E+01, 0.4594982E+01,
 0.9190000E+02, 0.5238831E+01, 0.4592756E+01, 0.4556524E+01, 0.4594982E+01,
 0.9192000E+02, 0.5238831E+01, 0.4592756E+01, 0.4556524E+01, 0.4594982E+01,
 0.9194000E+02, 0.5238831E+01, 0.4592756E+01, 0.4556524E+01, 0.4594982E+01,
 0.9196000E+02, 0.5238831E+01, 0.4592756E+01, 0.4556524E+01, 0.4594982E+01,
 0.9198000E+02, 0.5238831E+01, 0.4592756E+01, 0.4556524E+01, 0.4594982E+01,
 0.9200000E+02, 0.5238831E+01, 0.4592756E+01, 0.4556524E+01, 0.4594982E+01,
 0.9202000E+02, 0.5238831E+01, 0.4592756E+01, 0.4556524E+01, 0.4594982E+01,
 0.9204000E+02, 0.5238831E+01, 0.4592756E+01, 0.4556524E+01, 0.4594982E+01,
 0.9206000E+02, 0.5238831E+01, 0.4592756E+01, 0.4556524E+01, 0.4594982E+01,
 0.9208000E+02, 0.5238831E+01, 0.4592756E+01, 0.4556524E+01, 0.4594982E+01,
 0.9210000E+02, 0.5238831E+01, 0.4592756E+01, 0.4556524E+01, 0.4594982E+01,
 0.9212000E+02, 0.5238831E+01, 0.4592756E+01, 0.4556524E+01, 0.4594982E+01,
 0.9214000E+02, 0.5238831E+01, 0.4592756E+01, 0.4556524E+01, 0.4594982E+01,
 0.9216000E+02, 0.5238831E+01, 0.4592756E+01, 0.4556524E+01, 0.4594982E+01,
 0.9218000E+02, 0.5238831E+01, 0.4592756E+01, 0.4556524E+01, 0.4594982E+01,
 0.9220000E+02, 0.5238831E+01, 0.4592756E+01, 0.4556524E+01, 0.4594982E+01,
 0.9222000E+02, 0.5238831E+01, 0.4592756E+01, 0.4556524E+01, 0.4594982E+01,
 0.9224000E+02, 0.5238831E+01, 0.4592756E+01, 0.4556524E+01, 0.4594982E+01,
 0.9226000E+02, 0.5238831E+01, 0.4592756E+01, 0.4556524E+01, 0.4594982E+01,
 0.9228000E+02, 0.5238831E+01, 0.4592756E+01, 0.4556524E+01, 0.4594982E+01,
 0.9230000E+02, 0.5238831E+01, 0.4592756E+01, 0.4556524E+01, 0.4594982E+01,
 0.9232000E+02, 0.5238831E+01, 0.4592756E+01, 0.4556524E+01, 0.4594982E+01,
 0.9234000E+02, 0.5238831E+01, 0.4592756E+01, 0.4556524E+01, 0.4594982E+01,
 0.9236000E+02, 0.5238831E+01, 0.4592756E+01, 0.4556524E+01, 0.4594982E+01,
 0.9238000E+02, 0.5238831E+01, 0.4592756E+01, 0.4556524E+01, 0.4594982E+01,
 0.9240000E+02, 0.5238831E+01, 0.4592756E+01, 0.4556524E+01, 0.4594982E+01,
 0.9242000E+02, 0.5238831E+01, 0.4592756E+01, 0.4556524E+01, 0.4594982E+01,
 0.9244000E+02, 0.5238831E+01, 0.4592756E+01, 0.4556524E+01, 0.4594982E+01,
 0.9246000E+02, 0.5238831E+01, 0.4592756E+01, 0.4556524E+01, 0.4594982E+01,
 0.9248000E+02, 0.5238831E+01, 0.4592756E+01, 0.4556524E+01, 0.4594982E+01,
 0.9250000E+02, 0.5238831E+01, 0.4592756E+01, 0.4556524E+01, 0.4594982E+01,
 0.9252000E+02, 0.5238831E+01, 0.4592756E+01, 0.4556524E+01, 0.4594982E+01,
 0.9254000E+02, 0.5238831E+01, 0.4592756E+01, 0.4556524E+01, 0.4594982E+01,
 0.9256000E+02, 0.5238831E+01, 0.4592756E+01, 0.4556524E+01, 0.4594982E+01,
 0.9258000E+02, 0.5238831E+01, 0.4592756E+01, 0.4556524E+01, 0.4594982E+01,
 0.9260000E+02, 0.5238831E+01, 0.4592756E+01, 0.4556524E+01, 0.4594982E+01,
 0.9262000E+02, 0.5238831E+01, 0.4592756E+01, 0.4556524E+01, 0.4594982E+01,
 0.9264000E+02, 0.5238831E+01, 0.4592756E+01, 0.4556524E+01, 0.4594982E+01,
 0.9266000E+02, 0.5238831E+01, 0.4592756E+01, 0.4556524E+01, 0.4594982E+01,
 0.9268000E+02, 0.5238831E+01, 0.4592756E+01, 0.4556524E+01, 0.4594982E+01,
 0.9270000E+02, 0.5238831E+01, 0.4592756E+01, 0.4556524E+01, 0.4594982E+01,
 0.9272000E+02, 0.5238831E+01, 0.4592756E+01, 0.4556524E+01, 0.4594982E+01,
 0.9274000E+02, 0.5238831E+01, 0.4592756E+01, 0.4556524E+01, 0.4594982E+01,
 0.9276000E+02, 0.5238831E+01, 0.4592756E+01, 0.4556524E+01, 0.4594982E+01,
 0.9278000E+02, 0.5238831E+01, 0.4592756E+01, 0.4556524E+01, 0.4594982E+01,
 0.9280000E+02, 0.5238831E+01, 0.4592756E+01, 0.4556524E+01, 0.4594982E+01,
 0.9282000E+02, 0.5238831E+01, 0.4592756E+01, 0.4556524E+01, 0.4594982E+01,
 0.9284000E+02, 0.5238831E+01, 0.4592756E+01, 0.4556524E+01, 0.4594982E+01,
 0.9286000E+02, 0.5238831E+01, 0.4592756E+01, 0.4556524E+01, 0.4594982E+01,
 0.9288000E+02, 0.5238831E+01, 0.4592756E+01, 0.4556524E+01, 0.4594982E+01,
 0.9290000E+02, 0.5238831E+01, 0.4592756E+01, 0.4556524E+01, 0.4594982E+01,
 0.9292000E+02, 0.5238831E+01, 0.4592756E+01, 0.4556524E+01, 0.4594982E+01,
 0.9294000E+02, 0.5238831E+01, 0.4592756E+01, 0.4556524E+01, 0.4594982E+01,
 0.9296000E+02, 0.5238831E+01, 0.4592756E+01, 0.4556524E+01, 0.4594982E+01,
 0.9298000E+02, 0.5238831E+01, 0.4592756E+01, 0.4556524E+01, 0.4594982E+01,
 0.9300000E+02, 0.5238831E+01, 0.4592756E+01, 0.4556524E+01, 0.4594982E+01,
 0.9302000E+02, 0.5238831E+01, 0.4592756E+01, 0.4556524E+01, 0.4594982E+01,
 0.9304000E+02, 0.5238831E+01, 0.4592756E+01, 0.4556524E+01, 0.4594982E+01,
 0.9306000E+02, 0.5238831E+01, 0.4592756E+01, 0.4556524E+01, 0.4594982E+01,
 0.9308000E+02, 0.5238831E+01, 0.4592756E+01, 0.4556524E+01, 0.4594982E+01,
 0.9310000E+02, 0.5238831E+01, 0.4592756E+01, 0.4556524E+01, 0.4594982E+01,
 0.9312000E+02, 0.5238831E+01, 0.4592756E+01, 0.4556524E+01, 0.4594982E+01,
 0.9314000E+02, 0.5238831E+01, 0.4592756E+01, 0.4556524E+01, 0.4594982E+01,
 0.9316000E+02, 0.5238831E+01, 0.4592756E+01, 0.4556524E+01, 0.4594982E+01,
 0.9318000E+02, 0.5238831E+01, 0.4592756E+01, 0.4556524E+01, 0.4594982E+01,
 0.9320000E+02, 0.5238831E+01, 0.4592756E+01, 0.4556524E+01, 0.4594982E+01,
 0.9322000E+02, 0.5238831E+01, 0.4592756E+01, 0.4556524E+01, 0.4594982E+01,
 0.9324000E+02, 0.5238831E+01, 0.4592756E+01, 0.4556524E+01, 0.4594982E+01,
 0.9326000E+02, 0.5238831E+01, 0.4592756E+01, 0.4556524E+01, 0.4594982E+01,
 0.9328000E+02, 0.5238831E+01, 0.4592756E+01, 0.4556524E+01, 0.4594982E+01,
 0.9330000E+02, 0.5238831E+01, 0.4592756E+01, 0.4556524E+01, 0.4594982E+01,
 0.9332000E+02, 0.5238831E+01, 0.4592756E+01, 0.4556524E+01, 0.4594982E+01,
 0.9334000E+02, 0.5238831E+01, 0.4592756E+01, 0.4556524E+01, 0.4594982E+01,
 0.9336000E+02, 0.5238831E+01, 0.4592756E+01, 0.4556524E+01, 0.4594982E+01,
 0.9338000E+02, 0.5238831E+01, 0.4592756E+01, 0.4556524E+01, 0.4594982E+01,
 0.9340000E+02, 0.5238831E+01, 0.4592756E+01, 0.4556524E+01, 0.4594982E+01,
 0.9342000E+02, 0.5238831E+01, 0.4592756E+01, 0.4556524E+01, 0.4594982E+01,
 0.9344000E+02, 0.5238831E+01, 0.4592756E+01, 0.4556524E+01, 0.4594982E+01,
 0.9346000E+02, 0.5238831E+01, 0.4592756E+01, 0.4556524E+01, 0.4594982E+01,
 0.9348000E+02, 0.5238831E+01, 0.4592756E+01, 0.4556524E+01, 0.4594982E+01,
 0.9350000E+02, 0.5238831E+01, 0.4592756E+01, 0.4556524E+01, 0.4594982E+01,
 0.9352000E+02, 0.5238831E+01, 0.4592756E+01, 0.4556524E+01, 0.4594982E+01,
 0.9354000E+02, 0.5238831E+01, 0.4592756E+01, 0.4556524E+01, 0.4594982E+01,
 0.9356000E+02, 0.5238831E+01, 0.4592756E+01, 0.4556524E+01, 0.4594982E+01,
 0.9358000E+02, 0.5238831E+01, 0.4592756E+01, 0.4556524E+01, 0.4594982E+01,
 0.9360000E+02, 0.5238831E+01, 0.4592756E+01, 0.4556524E+01, 0.4594982E+01,
 0.9362000E+02, 0.5238831E+01, 0.4592756E+01, 0.4556524E+01, 0.4594982E+01,
 0.9364000E+02, 0.5238831E+01, 0.4592756E+01, 0.4556524E+01, 0.4594982E+01,
 0.9366000E+02, 0.5238831E+01, 0.4592756E+01, 0.4556524E+01, 0.4594982E+01,
 0.9368000E+02, 0.5238831E+01, 0.4592756E+01, 0.4556524E+01, 0.4594982E+01,
 0.9370000E+02, 0.5238831E+01, 0.4592756E+01, 0.4556524E+01, 0.4594982E+01,
 0.9372000E+02, 0.5238831E+01, 0.4592756E+01, 0.4556524E+01, 0.4594982E+01,
 0.9374000E+02, 0.5238831E+01, 0.4592756E+01, 0.4556524E+01, 0.4594982E+01,
 0.9376000E+02, 0.5238831E+01, 0.4592756E+01, 0.4556524E+01, 0.4594982E+01,
 0.9378000E+02, 0.5238831E+01, 0.4592756E+01, 0.4556524E+01, 0.4594982E+01,
 0.9380000E+02, 0.5238831E+01, 0.4592756E+01, 0.4556524E+01, 0.4594982E+01,
 0.9382000E+02, 0.5238831E+01, 0.4592756E+01, 0.4556524E+01, 0.4594982E+01,
 0.9384000E+02, 0.5238831E+01, 0.4592756E+01, 0.4556524E+01, 0.4594982E+01,
 0.9386000E+02, 0.5238831E+01, 0.4592756E+01, 0.4556524E+01, 0.4594982E+01,
 0.9388000E+02, 0.5238831E+01, 0.4592756E+01, 0.4556524E+01, 0.4594982E+01,
 0.9390000E+02, 0.5238831E+01, 0.4592756E+01, 0.4556524E+01, 0.4594982E+01,
 0.9392000E+02, 0.5238831E+01, 0.4592756E+01, 0.4556524E+01, 0.4594982E+01,
 0.9394000E+02, 0.5238831E+01, 0.4592756E+01, 0.4556524E+01, 0.4594982E+01,
 0.9396000E+02, 0.5238831E+01, 0.4592756E+01, 0.4556524E+01, 0.4594982E+01,
 0.9398000E+02, 0.5238831E+01, 0.4592756E+01, 0.4556524E+01, 0.4594982E+01,
 0.9400000E+02, 0.5238831E+01, 0.4592756E+01, 0.4556524E+01, 0.4594982E+01,
 0.9402000E+02, 0.5238831E+01, 0.4592756E+01, 0.4556524E+01, 0.4594982E+01,
 0.9404000E+02, 0.5238831E+01, 0.4592756E+01, 0.4556524E+01, 0.4594982E+01,
 0.9406000E+02, 0.5238831E+01, 0.4592756E+01, 0.4556524E+01, 0.4594982E+01,
 0.9408000E+02, 0.5238831E+01, 0.4592756E+01, 0.4556524E+01, 0.4594982E+01,
 0.9410000E+02, 0.5238831E+01, 0.4592756E+01, 0.4556524E+01, 0.4594982E+01,
 0.9412000E+02, 0.5238831E+01, 0.4592756E+01, 0.4556524E+01, 0.4594982E+01,
 0.9414000E+02, 0.5238831E+01, 0.4592756E+01, 0.4556524E+01, 0.4594982E+01,
 0.9416000E+02, 0.5238831E+01, 0.4592756E+01, 0.4556524E+01, 0.4594982E+01,
 0.9418000E+02, 0.5238831E+01, 0.4592756E+01, 0.4556524E+01, 0.4594982E+01,
 0.9420000E+02, 0.5238831E+01, 0.4592756E+01, 0.4556524E+01, 0.4594982E+01,
 0.9422000E+02, 0.5238831E+01, 0.4592756E+01, 0.4556524E+01, 0.4594982E+01,
 0.9424000E+02, 0.5238831E+01, 0.4592756E+01, 0.4556524E+01, 0.4594982E+01,
 0.9426000E+02, 0.5238831E+01, 0.4592756E+01, 0.4556524E+01, 0.4594982E+01,
 0.9428000E+02, 0.5238831E+01, 0.4592756E+01, 0.4556524E+01, 0.4594982E+01,
 0.9430000E+02, 0.5238831E+01, 0.4592756E+01, 0.4556524E+01, 0.4594982E+01,
 0.9432000E+02, 0.5238831E+01, 0.4592756E+01, 0.4556524E+01, 0.4594982E+01,
 0.9434000E+02, 0.5238831E+01, 0.4592756E+01, 0.4556524E+01, 0.4594982E+01,
 0.9436000E+02, 0.5238831E+01, 0.4592756E+01, 0.4556524E+01, 0.4594982E+01,
 0.9438000E+02, 0.5238831E+01, 0.4592756E+01, 0.4556524E+01, 0.4594982E+01,
 0.9440000E+02, 0.5238831E+01, 0.4592756E+01, 0.4556524E+01, 0.4594982E+01,
 0.9442000E+02, 0.5238831E+01, 0.4592756E+01, 0.4556524E+01, 0.4594982E+01,
 0.9444000E+02, 0.5238831E+01, 0.4592756E+01, 0.4556524E+01, 0.4594982E+01,
 0.9446000E+02, 0.5238831E+01, 0.4592756E+01, 0.4556524E+01, 0.4594982E+01,
 0.9448000E+02, 0.5238831E+01, 0.4592756E+01, 0.4556524E+01, 0.4594982E+01,
 0.9450000E+02, 0.5238831E+01, 0.4592756E+01, 0.4556524E+01, 0.4594982E+01,
 0.9452000E+02, 0.5238831E+01, 0.4592756E+01, 0.4556524E+01, 0.4594982E+01,
 0.9454000E+02, 0.5238831E+01, 0.4592756E+01, 0.4556524E+01, 0.4594982E+01,
 0.9456000E+02, 0.5238831E+01, 0.4592756E+01, 0.4556524E+01, 0.4594982E+01,
 0.9458000E+02, 0.5238831E+01, 0.4592756E+01, 0.4556524E+01, 0.4594982E+01,
 0.9460000E+02, 0.5238831E+01, 0.4592756E+01, 0.4556524E+01, 0.4594982E+01,
 0.9462000E+02, 0.5238831E+01, 0.4592756E+01, 0.4556524E+01, 0.4594982E+01,
 0.9464000E+02, 0.5238831E+01, 0.4592756E+01, 0.4556524E+01, 0.4594982E+01,
 0.9466000E+02, 0.5238831E+01, 0.4592756E+01, 0.4556524E+01, 0.4594982E+01,
 0.9468000E+02, 0.5238831E+01, 0.4592756E+01, 0.4556524E+01, 0.4594982E+01,
 0.9470000E+02, 0.5238831E+01, 0.4592756E+01, 0.4556524E+01, 0.4594982E+01,
 0.9472000E+02, 0.5238831E+01, 0.4592756E+01, 0.4556524E+01, 0.4594982E+01,
 0.9474000E+02, 0.5238831E+01, 0.4592756E+01, 0.4556524E+01, 0.4594982E+01,
 0.9476000E+02, 0.5238831E+01, 0.4592756E+01, 0.4556524E+01, 0.4594982E+01,
 0.9478000E+02, 0.5238831E+01, 0.4592756E+01, 0.4556524E+01, 0.4594982E+01,
 0.9480000E+02, 0.5238831E+01, 0.4592756E+01, 0.4556524E+01, 0.4594982E+01,
 0.9482000E+02, 0.5238831E+01, 0.4592756E+01, 0.4556524E+01, 0.4594982E+01,
 0.9484000E+02, 0.5238831E+01, 0.4592756E+01, 0.4556524E+01, 0.4594982E+01,
 0.9486000E+02, 0.5238831E+01, 0.4592756E+01, 0.4556524E+01, 0.4594982E+01,
 0.9488000E+02, 0.5238831E+01, 0.4592756E+01, 0.4556524E+01, 0.4594982E+01,
 0.9490000E+02, 0.5238831E+01, 0.4592756E+01, 0.4556524E+01, 0.4594982E+01,
 0.9492000E+02, 0.5238831E+01, 0.4592756E+01, 0.4556524E+01, 0.4594982E+01,
 0.9494000E+02, 0.5238831E+01, 0.4592756E+01, 0.4556524E+01, 0.4594982E+01,
 0.9496000E+02, 0.5238831E+01, 0.4592756E+01, 0.4556524E+01, 0.4594982E+01,
 0.9498000E+02, 0.5238831E+01, 0.4592756E+01, 0.4556524E+01, 0.4594982E+01,
 0.9500000E+02, 0.5238831E+01, 0.4592756E+01, 0.4556524E+01, 0.4594982E+01,
 0.9502000E+02, 0.5238831E+01, 0.4592756E+01, 0.4556524E+01, 0.4594982E+01,
 0.9504000E+02, 0.5238831E+01, 0.4592756E+01, 0.4556524E+01, 0.4594982E+01,
 0.9506000E+02, 0.5238831E+01, 0.4592756E+01, 0.4556524E+01, 0.4594982E+01,
 0.9508000E+02, 0.5238831E+01, 0.4592756E+01, 0.4556524E+01, 0.4594982E+01,
 0.9510000E+02, 0.5238831E+01, 0.4592756E+01, 0.4556524E+01, 0.4594982E+01,
 0.9512000E+02, 0.5238831E+01, 0.4592756E+01, 0.4556524E+01, 0.4594982E+01,
 0.9514000E+02, 0.5238831E+01, 0.4592756E+01, 0.4556524E+01, 0.4594982E+01,
 0.9516000E+02, 0.5238831E+01, 0.4592756E+01, 0.4556524E+01, 0.4594982E+01,
 0.9518000E+02, 0.5238831E+01, 0.4592756E+01, 0.4556524E+01, 0.4594982E+01,
 0.9520000E+02, 0.5238831E+01, 0.4592756E+01, 0.4556524E+01, 0.4594982E+01,
 0.9522000E+02, 0.5238831E+01, 0.4592756E+01, 0.4556524E+01, 0.4594982E+01,
 0.9524000E+02, 0.5238831E+01, 0.4592756E+01, 0.4556524E+01, 0.4594982E+01,
 0.9526000E+02, 0.5238831E+01, 0.4592756E+01, 0.4556524E+01, 0.4594982E+01,
 0.9528000E+02, 0.5238831E+01, 0.4592756E+01, 0.4556524E+01, 0.4594982E+01,
 0.9530000E+02, 0.5238831E+01, 0.4592756E+01, 0.4556524E+01, 0.4594982E+01,
 0.9532000E+02, 0.5238831E+01, 0.4592756E+01, 0.4556524E+01, 0.4594982E+01,
 0.9534000E+02, 0.5238831E+01, 0.4592756E+01, 0.4556524E+01, 0.4594982E+01,
 0.9536000E+02, 0.5238831E+01, 0.4592756E+01, 0.4556524E+01, 0.4594982E+01,
 0.9538000E+02, 0.5238831E+01, 0.4592756E+01, 0.4556524E+01, 0.4594982E+01,
 0.9540000E+02, 0.5238831E+01, 0.4592756E+01, 0.4556524E+01, 0.4594982E+01,
 0.9542000E+02, 0.5238831E+01, 0.4592756E+01, 0.4556524E+01, 0.4594982E+01,
 0.9544000E+02, 0.5238831E+01, 0.4592756E+01, 0.4556524E+01, 0.4594982E+01,
 0.9546000E+02, 0.5238831E+01, 0.4592756E+01, 0.4556524E+01, 0.4594982E+01,
 0.9548000E+02, 0.5238831E+01, 0.4592756E+01, 0.4556524E+01, 0.4594982E+01,
 0.9550000E+02, 0.5238831E+01, 0.4592756E+01, 0.4556524E+01, 0.4594982E+01,
 0.9552000E+02, 0.5238831E+01, 0.4592756E+01, 0.4556524E+01, 0.4594982E+01,
 0.9554000E+02, 0.5238831E+01, 0.4592756E+01, 0.4556524E+01, 0.4594982E+01,
 0.9556000E+02, 0.5238831E+01, 0.4592756E+01, 0.4556524E+01, 0.4594982E+01,
 0.9558000E+02, 0.5238831E+01, 0.4592756E+01, 0.4556524E+01, 0.4594982E+01,
 0.9560000E+02, 0.5238831E+01, 0.4592756E+01, 0.4556524E+01, 0.4594982E+01,
 0.9562000E+02, 0.5238831E+01, 0.4592756E+01, 0.4556524E+01, 0.4594982E+01,
 0.9564000E+02, 0.5238831E+01, 0.4592756E+01, 0.4556524E+01, 0.4594982E+01,
 0.9566000E+02, 0.5238831E+01, 0.4592756E+01, 0.4556524E+01, 0.4594982E+01,
 0.9568000E+02, 0.5238831E+01, 0.4592756E+01, 0.4556524E+01, 0.4594982E+01,
 0.9570000E+02, 0.5238831E+01, 0.4592756E+01, 0.4556524E+01, 0.4594982E+01,
 0.9572000E+02, 0.5238831E+01, 0.4592756E+01, 0.4556524E+01, 0.4594982E+01,
 0.9574000E+02, 0.5238831E+01, 0.4592756E+01, 0.4556524E+01, 0.4594982E+01,
 0.9576000E+02, 0.5238831E+01, 0.4592756E+01, 0.4556524E+01, 0.4594982E+01,
 0.9578000E+02, 0.5238831E+01, 0.4592756E+01, 0.4556524E+01, 0.4594982E+01,
 0.9580000E+02, 0.5238831E+01, 0.4592756E+01, 0.4556524E+01, 0.4594982E+01,
 0.9582000E+02, 0.5238831E+01, 0.4592756E+01, 0.4556524E+01, 0.4594982E+01,
 0.9584000E+02, 0.5238831E+01, 0.4592756E+01, 0.4556524E+01, 0.4594982E+01,
 0.9586000E+02, 0.5238831E+01, 0.4592756E+01, 0.4556524E+01, 0.4594982E+01,
 0.9588000E+02, 0.5238831E+01, 0.4592756E+01, 0.4556524E+01, 0.4594982E+01,
 0.9590000E+02, 0.5238831E+01, 0.4592756E+01, 0.4556524E+01, 0.4594982E+01,
 0.9592000E+02, 0.5238831E+01, 0.4592756E+01, 0.4556524E+01, 0.4594982E+01,
 0.9594000E+02, 0.5238831E+01, 0.4592756E+01, 0.4556524E+01, 0.4594982E+01,
 0.9596000E+02, 0.5238831E+01, 0.4592756E+01, 0.4556524E+01, 0.4594982E+01,
 0.9598000E+02, 0.5238831E+01, 0.4592756E+01, 0.4556524E+01, 0.4594982E+01,
 0.9600000E+02, 0.5238831E+01, 0.4592756E+01, 0.4556524E+01, 0.4594982E+01,
 0.9602000E+02, 0.5238831E+01, 0.4592756E+01, 0.4556524E+01, 0.4594982E+01,
 0.9604000E+02, 0.5238831E+01, 0.4592756E+01, 0.4556524E+01, 0.4594982E+01,
 0.9606000E+02, 0.5238831E+01, 0.4592756E+01, 0.4556524E+01, 0.4594982E+01,
 0.9608000E+02, 0.5238831E+01, 0.4592756E+01, 0.4556524E+01, 0.4594982E+01,
 0.9610000E+02, 0.5238831E+01, 0.4592756E+01, 0.4556524E+01, 0.4594982E+01,
 0.9612000E+02, 0.5238831E+01, 0.4592756E+01, 0.4556524E+01, 0.4594982E+01,
 0.9614000E+02, 0.5238831E+01, 0.4592756E+01, 0.4556524E+01, 0.4594982E+01,
 0.9616000E+02, 0.5238831E+01, 0.4592756E+01, 0.4556524E+01, 0.4594982E+01,
 0.9618000E+02, 0.5238831E+01, 0.4592756E+01, 0.4556524E+01, 0.4594982E+01,
 0.9620000E+02, 0.5238831E+01, 0.4592756E+01, 0.4556524E+01, 0.4594982E+01,
 0.9622000E+02, 0.5238831E+01, 0.4592756E+01, 0.4556524E+01, 0.4594982E+01,
 0.9624000E+02, 0.5238831E+01, 0.4592756E+01, 0.4556524E+01, 0.4594982E+01,
 0.9626000E+02, 0.5238831E+01, 0.4592756E+01, 0.4556524E+01, 0.4594982E+01,
 0.9628000E+02, 0.5238831E+01, 0.4592756E+01, 0.4556524E+01, 0.4594982E+01,
 0.9630000E+02, 0.5238831E+01, 0.4592756E+01, 0.4556524E+01, 0.4594982E+01,
 0.9632000E+02, 0.5238831E+01, 0.4592756E+01, 0.4556524E+01, 0.4594982E+01,
 0.9634000E+02, 0.5238831E+01, 0.4592756E+01, 0.4556524E+01, 0.4594982E+01,
 0.9636000E+02, 0.5238831E+01, 0.4592756E+01, 0.4556524E+01, 0.4594982E+01,
 0.9638000E+02, 0.5238831E+01, 0.4592756E+01, 0.4556524E+01, 0.4594982E+01,
 0.9640000E+02, 0.5238831E+01, 0.4592756E+01, 0.4556524E+01, 0.4594982E+01,
 0.9642000E+02, 0.5238831E+01, 0.4592756E+01, 0.4556524E+01, 0.4594982E+01,
 0.9644000E+02, 0.5238831E+01, 0.4592756E+01, 0.4556524E+01, 0.4594982E+01,
 0.9646000E+02, 0.5238831E+01, 0.4592756E+01, 0.4556524E+01, 0.4594982E+01,
 0.9648000E+02, 0.5238831E+01, 0.4592756E+01, 0.4556524E+01, 0.4594982E+01,
 0.9650000E+02, 0.5238831E+01, 0.4592756E+01, 0.4556524E+01, 0.4594982E+01,
 0.9652000E+02, 0.5238831E+01, 0.4592756E+01, 0.4556524E+01, 0.4594982E+01,
 0.9654000E+02, 0.5238831E+01, 0.4592756E+01, 0.4556524E+01, 0.4594982E+01,
 0.9656000E+02, 0.5238831E+01, 0.4592756E+01, 0.4556524E+01, 0.4594982E+01,
 0.9658000E+02, 0.5238831E+01, 0.4592756E+01, 0.4556524E+01, 0.4594982E+01,
 0.9660000E+02, 0.5238831E+01, 0.4592756E+01, 0.4556524E+01, 0.4594982E+01,
 0.9662000E+02, 0.5238831E+01, 0.4592756E+01, 0.4556524E+01, 0.4594982E+01,
 0.9664000E+02, 0.5238831E+01, 0.4592756E+01, 0.4556524E+01, 0.4594982E+01,
 0.9666000E+02, 0.5238831E+01, 0.4592756E+01, 0.4556524E+01, 0.4594982E+01,
 0.9668000E+02, 0.5238831E+01, 0.4592756E+01, 0.4556524E+01, 0.4594982E+01,
 0.9670000E+02, 0.5238831E+01, 0.4592756E+01, 0.4556524E+01, 0.4594982E+01,
 0.9672000E+02, 0.5238831E+01, 0.4592756E+01, 0.4556524E+01, 0.4594982E+01,
 0.9674000E+02, 0.5238831E+01, 0.4592756E+01, 0.4556524E+01, 0.4594982E+01,
 0.9676000E+02, 0.5238831E+01, 0.4592756E+01, 0.4556524E+01, 0.4594982E+01,
 0.9678000E+02, 0.5238831E+01, 0.4592756E+01, 0.4556524E+01, 0.4594982E+01,
 0.9680000E+02, 0.5238831E+01, 0.4592756E+01, 0.4556524E+01, 0.4594982E+01,
 0.9682000E+02, 0.5238831E+01, 0.4592756E+01, 0.4556524E+01, 0.4594982E+01,
 0.9684000E+02, 0.5238831E+01, 0.4592756E+01, 0.4556524E+01, 0.4594982E+01,
 0.9686000E+02, 0.5238831E+01, 0.4592756E+01, 0.4556524E+01, 0.4594982E+01,
 0.9688000E+02, 0.5238831E+01, 0.4592756E+01, 0.4556524E+01, 0.4594982E+01,
 0.9690000E+02, 0.5238831E+01, 0.4592756E+01, 0.4556524E+01, 0.4594982E+01,
 0.9692000E+02, 0.5238831E+01, 0.4592756E+01, 0.4556524E+01, 0.4594982E+01,
 0.9694000E+02, 0.5238831E+01, 0.4592756E+01, 0.4556524E+01, 0.4594982E+01,
 0.9696000E+02, 0.5238831E+01, 0.4592756E+01, 0.4556524E+01, 0.4594982E+01,
 0.9698000E+02, 0.5238831E+01, 0.4592756E+01, 0.4556524E+01, 0.4594982E+01,
 0.9700000E+02, 0.5238831E+01, 0.4592756E+01, 0.4556524E+01, 0.4594982E+01,
 0.9702000E+02, 0.5238831E+01, 0.4592756E+01, 0.4556524E+01, 0.4594982E+01,
 0.9704000E+02, 0.5238831E+01, 0.4592756E+01, 0.4556524E+01, 0.4594982E+01,
 0.9706000E+02, 0.5238831E+01, 0.4592756E+01, 0.4556524E+01, 0.4594982E+01,
 0.9708000E+02, 0.5238831E+01, 0.4592756E+01, 0.4556524E+01, 0.4594982E+01,
 0.9710000E+02, 0.5238831E+01, 0.4592756E+01, 0.4556524E+01, 0.4594982E+01,
 0.9712000E+02, 0.5238831E+01, 0.4592756E+01, 0.4556524E+01, 0.4594982E+01,
 0.9714000E+02, 0.5238831E+01, 0.4592756E+01, 0.4556524E+01, 0.4594982E+01,
 0.9716000E+02, 0.5238831E+01, 0.4592756E+01, 0.4556524E+01, 0.4594982E+01,
 0.9718000E+02, 0.5238831E+01, 0.4592756E+01, 0.4556524E+01, 0.4594982E+01,
 0.9720000E+02, 0.5238831E+01, 0.4592756E+01, 0.4556524E+01, 0.4594982E+01,
 0.9722000E+02, 0.5238831E+01, 0.4592756E+01, 0.4556524E+01, 0.4594982E+01,
 0.9724000E+02, 0.5238831E+01, 0.4592756E+01, 0.4556524E+01, 0.4594982E+01,
 0.9726000E+02, 0.5238831E+01, 0.4592756E+01, 0.4556524E+01, 0.4594982E+01,
 0.9728000E+02, 0.5238831E+01, 0.4592756E+01, 0.4556524E+01, 0.4594982E+01,
 0.9730000E+02, 0.5238831E+01, 0.4592756E+01, 0.4556524E+01, 0.4594982E+01,
 0.9732000E+02, 0.5238831E+01, 0.4592756E+01, 0.4556524E+01, 0.4594982E+01,
 0.9734000E+02, 0.5238831E+01, 0.4592756E+01, 0.4556524E+01, 0.4594982E+01,
 0.9736000E+02, 0.5238831E+01, 0.4592756E+01, 0.4556524E+01, 0.4594982E+01,
 0.9738000E+02, 0.5238831E+01, 0.4592756E+01, 0.4556524E+01, 0.4594982E+01,
 0.9740000E+02, 0.5238831E+01, 0.4592756E+01, 0.4556524E+01, 0.4594982E+01,
 0.9742000E+02, 0.5238831E+01, 0.4592756E+01, 0.4556524E+01, 0.4594982E+01,
 0.9744000E+02, 0.5238831E+01, 0.4592756E+01, 0.4556524E+01, 0.4594982E+01,
 0.9746000E+02, 0.5238831E+01, 0.4592756E+01, 0.4556524E+01, 0.4594982E+01,
 0.9748000E+02, 0.5238831E+01, 0.4592756E+01, 0.4556524E+01, 0.4594982E+01,
 0.9750000E+02, 0.5238831E+01, 0.4592756E+01, 0.4556524E+01, 0.4594982E+01,
 0.9752000E+02, 0.5238831E+01, 0.4592756E+01, 0.4556524E+01, 0.4594982E+01,
 0.9754000E+02, 0.5238831E+01, 0.4592756E+01, 0.4556524E+01, 0.4594982E+01,
 0.9756000E+02, 0.5238831E+01, 0.4592756E+01, 0.4556524E+01, 0.4594982E+01,
 0.9758000E+02, 0.5238831E+01, 0.4592756E+01, 0.4556524E+01, 0.4594982E+01,
 0.9760000E+02, 0.5238831E+01, 0.4592756E+01, 0.4556524E+01, 0.4594982E+01,
 0.9762000E+02, 0.5238831E+01, 0.4592756E+01, 0.4556524E+01, 0.4594982E+01,
 0.9764000E+02, 0.5238831E+01, 0.4592756E+01, 0.4556524E+01, 0.4594982E+01,
 0.9766000E+02, 0.5238831E+01, 0.4592756E+01, 0.4556524E+01, 0.4594982E+01,
 0.9768000E+02, 0.5238831E+01, 0.4592756E+01, 0.4556524E+01, 0.4594982E+01,
 0.9770000E+02, 0.5238831E+01, 0.4592756E+01, 0.4556524E+01, 0.4594982E+01,
 0.9772000E+02, 0.5238831E+01, 0.4592756E+01, 0.4556524E+01, 0.4594982E+01,
 0.9774000E+02, 0.5238831E+01, 0.4592756E+01, 0.4556524E+01, 0.4594982E+01,
 0.9776000E+02, 0.5238831E+01, 0.4592756E+01, 0.4556524E+01, 0.4594982E+01,
 0.9778000E+02, 0.5238831E+01, 0.4592756E+01, 0.4556524E+01, 0.4594982E+01,
 0.9780000E+02, 0.5238831E+01, 0.4592756E+01, 0.4556524E+01, 0.4594982E+01,
 0.9782000E+02, 0.5238831E+01, 0.4592756E+01, 0.4556524E+01, 0.4594982E+01,
 0.9784000E+02, 0.5238831E+01, 0.4592756E+01, 0.4556524E+01, 0.4594982E+01,
 0.9786000E+02, 0.5238831E+01, 0.4592756E+01, 0.4556524E+01, 0.4594982E+01,
 0.9788000E+02, 0.5238831E+01, 0.4592756E+01, 0.4556524E+01, 0.4594982E+01,
 0.9790000E+02, 0.5238831E+01, 0.4592756E+01, 0.4556524E+01, 0.4594982E+01,
 0.9792000E+02, 0.5238831E+01, 0.4592756E+01, 0.4556524E+01, 0.4594982E+01,
 0.9794000E+02, 0.5238831E+01, 0.4592756E+01, 0.4556524E+01, 0.4594982E+01,
 0.9796000E+02, 0.5238831E+01, 0.4592756E+01, 0.4556524E+01, 0.4594982E+01,
 0.9798000E+02, 0.5238831E+01, 0.4592756E+01, 0.4556524E+01, 0.4594982E+01,
 0.9800000E+02, 0.5238831E+01, 0.4592756E+01, 0.4556524E+01, 0.4594982E+01,
 0.9802000E+02, 0.5238831E+01, 0.4592756E+01, 0.4556524E+01, 0.4594982E+01,
 0.9804000E+02, 0.5238831E+01, 0.4592756E+01, 0.4556524E+01, 0.4594982E+01,
 0.9806000E+02, 0.5238831E+01, 0.4592756E+01, 0.4556524E+01, 0.4594982E+01,
 0.9808000E+02, 0.5238831E+01, 0.4592756E+01, 0.4556524E+01, 0.4594982E+01,
 0.9810000E+02, 0.5238831E+01, 0.4592756E+01, 0.4556524E+01, 0.4594982E+01,
 0.9812000E+02, 0.5238831E+01, 0.4592756E+01, 0.4556524E+01, 0.4594982E+01,
 0.9814000E+02, 0.5238831E+01, 0.4592756E+01, 0.4556524E+01, 0.4594982E+01,
 0.9816000E+02, 0.5238831E+01, 0.4592756E+01, 0.4556524E+01, 0.4594982E+01,
 0.9818000E+02, 0.5238831E+01, 0.4592756E+01, 0.4556524E+01, 0.4594982E+01,
 0.9820000E+02, 0.5238831E+01, 0.4592756E+01, 0.4556524E+01, 0.4594982E+01,
 0.9822000E+02, 0.5238831E+01, 0.4592756E+01, 0.4556524E+01, 0.4594982E+01,
 0.9824000E+02, 0.5238831E+01, 0.4592756E+01, 0.4556524E+01, 0.4594982E+01,
 0.9826000E+02, 0.5238831E+01, 0.4592756E+01, 0.4556524E+01, 0.4594982E+01,
 0.9828000E+02, 0.5238831E+01, 0.4592756E+01, 0.4556524E+01, 0.4594982E+01,
 0.9830000E+02, 0.5238831E+01, 0.4592756E+01, 0.4556524E+01, 0.4594982E+01,
 0.9832000E+02, 0.5238831E+01, 0.4592756E+01, 0.4556524E+01, 0.4594982E+01,
 0.9834000E+02, 0.5238831E+01, 0.4592756E+01, 0.4556524E+01, 0.4594982E+01,
 0.9836000E+02, 0.5238831E+01, 0.4592756E+01, 0.4556524E+01, 0.4594982E+01,
 0.9838000E+02, 0.5238831E+01, 0.4592756E+01, 0.4556524E+01, 0.4594982E+01,
 0.9840000E+02, 0.5238831E+01, 0.4592756E+01, 0.4556524E+01, 0.4594982E+01,
 0.9842000E+02, 0.5238831E+01, 0.4592756E+01, 0.4556524E+01, 0.4594982E+01,
 0.9844000E+02, 0.5238831E+01, 0.4592756E+01, 0.4556524E+01, 0.4594982E+01,
 0.9846000E+02, 0.5238831E+01, 0.4592756E+01, 0.4556524E+01, 0.4594982E+01,
 0.9848000E+02, 0.5238831E+01, 0.4592756E+01, 0.4556524E+01, 0.4594982E+01,
 0.9850000E+02, 0.5238831E+01, 0.4592756E+01, 0.4556524E+01, 0.4594982E+01,
 0.9852000E+02, 0.5238831E+01, 0.4592756E+01, 0.4556524E+01, 0.4594982E+01,
 0.9854000E+02, 0.5238831E+01, 0.4592756E+01, 0.4556524E+01, 0.4594982E+01,
 0.9856000E+02, 0.5238831E+01, 0.4592756E+01, 0.4556524E+01, 0.4594982E+01,
 0.9858000E+02, 0.5238831E+01, 0.4592756E+01, 0.4556524E+01, 0.4594982E+01,
 0.9860000E+02, 0.5238831E+01, 0.4592756E+01, 0.4556524E+01, 0.4594982E+01,
 0.9862000E+02, 0.5238831E+01, 0.4592756E+01, 0.4556524E+01, 0.4594982E+01,
 0.9864000E+02, 0.5238831E+01, 0.4592756E+01, 0.4556524E+01, 0.4594982E+01,
 0.9866000E+02, 0.5238831E+01, 0.4592756E+01, 0.4556524E+01, 0.4594982E+01,
 0.9868000E+02, 0.5238831E+01, 0.4592756E+01, 0.4556524E+01, 0.4594982E+01,
 0.9870000E+02, 0.5238831E+01, 0.4592756E+01, 0.4556524E+01, 0.4594982E+01,
 0.9872000E+02, 0.5238831E+01, 0.4592756E+01, 0.4556524E+01, 0.4594982E+01,
 0.9874000E+02, 0.5238831E+01, 0.4592756E+01, 0.4556524E+01, 0.4594982E+01,
 0.9876000E+02, 0.5238831E+01, 0.4592756E+01, 0.4556524E+01, 0.4594982E+01,
 0.9878000E+02, 0.5238831E+01, 0.4592756E+01, 0.4556524E+01, 0.4594982E+01,
 0.9880000E+02, 0.5238831E+01, 0.4592756E+01, 0.4556524E+01, 0.4594982E+01,
 0.9882000E+02, 0.5238831E+01, 0.4592756E+01, 0.4556524E+01, 0.4594982E+01,
 0.9884000E+02, 0.5238831E+01, 0.4592756E+01, 0.4556524E+01, 0.4594982E+01,
 0.9886000E+02, 0.5238831E+01, 0.4592756E+01, 0.4556524E+01, 0.4594982E+01,
 0.9888000E+02, 0.5238831E+01, 0.4592756E+01, 0.4556524E+01, 0.4594982E+01,
 0.9890000E+02, 0.5238831E+01, 0.4592756E+01, 0.4556524E+01, 0.4594982E+01,
 0.9892000E+02, 0.5238831E+01, 0.4592756E+01, 0.4556524E+01, 0.4594982E+01,
 0.9894000E+02, 0.5238831E+01, 0.4592756E+01, 0.4556524E+01, 0.4594982E+01,
 0.9896000E+02, 0.5238831E+01, 0.4592756E+01, 0.4556524E+01, 0.4594982E+01,
 0.9898000E+02, 0.5238831E+01, 0.4592756E+01, 0.4556524E+01, 0.4594982E+01,
 0.9900000E+02, 0.5238831E+01, 0.4592756E+01, 0.4556524E+01, 0.4594982E+01,
 0.9902000E+02, 0.5238831E+01, 0.4592756E+01, 0.4556524E+01, 0.4594982E+01,
 0.9904000E+02, 0.5238831E+01, 0.4592756E+01, 0.4556524E+01, 0.4594982E+01,
 0.9906000E+02, 0.5238831E+01, 0.4592756E+01, 0.4556524E+01, 0.4594982E+01,
 0.9908000E+02, 0.5238831E+01, 0.4592756E+01, 0.4556524E+01, 0.4594982E+01,
 0.9910000E+02, 0.5238831E+01, 0.4592756E+01, 0.4556524E+01, 0.4594982E+01,
 0.9912000E+02, 0.5238831E+01, 0.4592756E+01, 0.4556524E+01, 0.4594982E+01,
 0.9914000E+02, 0.5238831E+01, 0.4592756E+01, 0.4556524E+01, 0.4594982E+01,
 0.9916000E+02, 0.5238831E+01, 0.4592756E+01, 0.4556524E+01, 0.4594982E+01,
 0.9918000E+02, 0.5238831E+01, 0.4592756E+01, 0.4556524E+01, 0.4594982E+01,
 0.9920000E+02, 0.5238831E+01, 0.4592756E+01, 0.4556524E+01, 0.4594982E+01,
 0.9922000E+02, 0.5238831E+01, 0.4592756E+01, 0.4556524E+01, 0.4594982E+01,
 0.9924000E+02, 0.5238831E+01, 0.4592756E+01, 0.4556524E+01, 0.4594982E+01,
 0.9926000E+02, 0.5238831E+01, 0.4592756E+01, 0.4556524E+01, 0.4594982E+01,
 0.9928000E+02, 0.5238831E+01, 0.4592756E+01, 0.4556524E+01, 0.4594982E+01,
 0.9930000E+02, 0.5238831E+01, 0.4592756E+01, 0.4556524E+01, 0.4594982E+01,
 0.9932000E+02, 0.5238831E+01, 0.4592756E+01, 0.4556524E+01, 0.4594982E+01,
 0.9934000E+02, 0.5238831E+01, 0.4592756E+01, 0.4556524E+01, 0.4594982E+01,
 0.9936000E+02, 0.5238831E+01, 0.4592756E+01, 0.4556524E+01, 0.4594982E+01,
 0.9938000E+02, 0.5238831E+01, 0.4592756E+01, 0.4556524E+01, 0.4594982E+01,
 0.9940000E+02, 0.5238831E+01, 0.4592756E+01, 0.4556524E+01, 0.4594982E+01,
 0.9942000E+02, 0.5238831E+01, 0.4592756E+01, 0.4556524E+01, 0.4594982E+01,
 0.9944000E+02, 0.5238831E+01, 0.4592756E+01, 0.4556524E+01, 0.4594982E+01,
 0.9946000E+02, 0.5238831E+01, 0.4592756E+01, 0.4556524E+01, 0.4594982E+01,
 0.9948000E+02, 0.5238831E+01, 0.4592756E+01, 0.4556524E+01, 0.4594982E+01,
 0.9950000E+02, 0.5238831E+01, 0.4592756E+01, 0.4556524E+01, 0.4594982E+01,
 0.9952000E+02, 0.5238831E+01, 0.4592756E+01, 0.4556524E+01, 0.4594982E+01,
 0.9954000E+02, 0.5238831E+01, 0.4592756E+01, 0.4556524E+01, 0.4594982E+01,
 0.9956000E+02, 0.5238831E+01, 0.4592756E+01, 0.4556524E+01, 0.4594982E+01,
 0.9958000E+02, 0.5238831E+01, 0.4592756E+01, 0.4556524E+01, 0.4594982E+01,
 0.9960000E+02, 0.5238831E+01, 0.4592756E+01, 0.4556524E+01, 0.4594982E+01,
 0.9962000E+02, 0.5238831E+01, 0.4592756E+01, 0.4556524E+01, 0.4594982E+01,
 0.9964000E+02, 0.5238831E+01, 0.4592756E+01, 0.4556524E+01, 0.4594982E+01,
 0.9966000E+02, 0.5238831E+01, 0.4592756E+01, 0.4556524E+01, 0.4594982E+01,
 0.9968000E+02, 0.5238831E+01, 0.4592756E+01, 0.4556524E+01, 0.4594982E+01,
 0.9970000E+02, 0.5238831E+01, 0.4592756E+01, 0.4556524E+01, 0.4594982E+01,
 0.9972000E+02, 0.5238831E+01, 0.4592756E+01, 0.4556524E+01, 0.4594982E+01,
 0.9974000E+02, 0.5238831E+01, 0.4592756E+01, 0.4556524E+01, 0.4594982E+01,
 0.9976000E+02, 0.5238831E+01, 0.4592756E+01, 0.4556524E+01, 0.4594982E+01,
 0.9978000E+02, 0.5238831E+01, 0.4592756E+01, 0.4556524E+01, 0.4594982E+01,
 0.9980000E+02, 0.5238831E+01, 0.4592756E+01, 0.4556524E+01, 0.4594982E+01,
 0.9982000E+02, 0.5238831E+01, 0.4592756E+01, 0.4556524E+01, 0.4594982E+01,
 0.9984000E+02, 0.5238831E+01, 0.4592756E+01, 0.4556524E+01, 0.4594982E+01,
 0.9986000E+02, 0.5238831E+01, 0.4592756E+01, 0.4556524E+01, 0.4594982E+01,
 0.9988000E+02, 0.5238831E+01, 0.4592756E+01, 0.4556524E+01, 0.4594982E+01,
 0.9990000E+02, 0.5238831E+01, 0.4592756E+01, 0.4556524E+01, 0.4594982E+01,
 0.9992000E+02, 0.5238831E+01, 0.4592756E+01, 0.4556524E+01, 0.4594982E+01,
 0.9994000E+02, 0.5238831E+01, 0.4592756E+01, 0.4556524E+01, 0.4594982E+01,
 0.9996000E+02, 0.5238831E+01, 0.4592756E+01, 0.4556524E+01, 0.4594982E+01,
 0.9998000E+02, 0.5238831E+01, 0.4592756E+01, 0.4556524E+01, 0.4594982E+01,
 0.1000000E+03, 0.5238831E+01, 0.4592756E+01, 0.4556524E+01, 0.4594982E+01,
