@PIN,POH,PNB,PRF,PNF,PEX [MW]  vs t@
X,PIN,POH,PNB,PRF,PNF,PEX
 0.0000000E+00, 0.1252186E+03, 0.7415165E+01, 0.0000000E+00, 0.1050000E+03, 0.1280343E+02, 0.1050000E+03,
 0.2000000E-02, 0.1352909E+03, 0.1750976E+02, 0.0000000E+00, 0.1050000E+03, 0.1278117E+02, 0.1050000E+03,
 0.4000000E-02, 0.1369352E+03, 0.1917434E+02, 0.0000000E+00, 0.1050000E+03, 0.1276089E+02, 0.1050000E+03,
 0.6000000E-02, 0.1370967E+03, 0.1935437E+02, 0.0000000E+00, 0.1050000E+03, 0.1274229E+02, 0.1050000E+03,
 0.8000000E-02, 0.1370576E+03, 0.1933245E+02, 0.0000000E+00, 0.1050000E+03, 0.1272517E+02, 0.1050000E+03,
 0.1000000E-01, 0.1370152E+03, 0.1930581E+02, 0.0000000E+00, 0.1050000E+03, 0.1270938E+02, 0.1050000E+03,
 0.1200000E-01, 0.1369917E+03, 0.1929687E+02, 0.0000000E+00, 0.1050000E+03, 0.1269481E+02, 0.1050000E+03,
 0.1400000E-01, 0.1369836E+03, 0.1930225E+02, 0.0000000E+00, 0.1050000E+03, 0.1268136E+02, 0.1050000E+03,
 0.1600000E-01, 0.1369873E+03, 0.1931830E+02, 0.0000000E+00, 0.1050000E+03, 0.1266898E+02, 0.1050000E+03,
 0.1800000E-01, 0.1369999E+03, 0.1934232E+02, 0.0000000E+00, 0.1050000E+03, 0.1265761E+02, 0.1050000E+03,
 0.2000000E-01, 0.1370196E+03, 0.1937242E+02, 0.0000000E+00, 0.1050000E+03, 0.1264720E+02, 0.1050000E+03,
 0.2200000E-01, 0.1370450E+03, 0.1940726E+02, 0.0000000E+00, 0.1050000E+03, 0.1263772E+02, 0.1050000E+03,
 0.2400000E-01, 0.1370750E+03, 0.1944586E+02, 0.0000000E+00, 0.1050000E+03, 0.1262913E+02, 0.1050000E+03,
 0.2600000E-01, 0.1371089E+03, 0.1948749E+02, 0.0000000E+00, 0.1050000E+03, 0.1262141E+02, 0.1050000E+03,
 0.2800000E-01, 0.1371461E+03, 0.1953160E+02, 0.0000000E+00, 0.1050000E+03, 0.1261454E+02, 0.1050000E+03,
 0.3000000E-01, 0.1371862E+03, 0.1957772E+02, 0.0000000E+00, 0.1050000E+03, 0.1260852E+02, 0.1050000E+03,
 0.3200000E-01, 0.1372288E+03, 0.1962550E+02, 0.0000000E+00, 0.1050000E+03, 0.1260332E+02, 0.1050000E+03,
 0.3400000E-01, 0.1372736E+03, 0.1967465E+02, 0.0000000E+00, 0.1050000E+03, 0.1259894E+02, 0.1050000E+03,
 0.3600000E-01, 0.1373203E+03, 0.1972492E+02, 0.0000000E+00, 0.1050000E+03, 0.1259537E+02, 0.1050000E+03,
 0.3800000E-01, 0.1373687E+03, 0.1977612E+02, 0.0000000E+00, 0.1050000E+03, 0.1259260E+02, 0.1050000E+03,
 0.4000000E-01, 0.1374187E+03, 0.1982806E+02, 0.0000000E+00, 0.1050000E+03, 0.1259061E+02, 0.1050000E+03,
 0.4200000E-01, 0.1374700E+03, 0.1988060E+02, 0.0000000E+00, 0.1050000E+03, 0.1258939E+02, 0.1050000E+03,
 0.4400000E-01, 0.1375225E+03, 0.1993361E+02, 0.0000000E+00, 0.1050000E+03, 0.1258892E+02, 0.1050000E+03,
 0.4600000E-01, 0.1375762E+03, 0.1998699E+02, 0.0000000E+00, 0.1050000E+03, 0.1258920E+02, 0.1050000E+03,
 0.4800000E-01, 0.1376308E+03, 0.2004063E+02, 0.0000000E+00, 0.1050000E+03, 0.1259020E+02, 0.1050000E+03,
 0.5000000E-01, 0.1376864E+03, 0.2009445E+02, 0.0000000E+00, 0.1050000E+03, 0.1259192E+02, 0.1050000E+03,
 0.5200000E-01, 0.1377427E+03, 0.2014837E+02, 0.0000000E+00, 0.1050000E+03, 0.1259434E+02, 0.1050000E+03,
 0.5400000E-01, 0.1377998E+03, 0.2020233E+02, 0.0000000E+00, 0.1050000E+03, 0.1259744E+02, 0.1050000E+03,
 0.5600000E-01, 0.1378575E+03, 0.2025626E+02, 0.0000000E+00, 0.1050000E+03, 0.1260123E+02, 0.1050000E+03,
 0.5800000E-01, 0.1379158E+03, 0.2031009E+02, 0.0000000E+00, 0.1050000E+03, 0.1260568E+02, 0.1050000E+03,
 0.6000000E-01, 0.1379746E+03, 0.2036378E+02, 0.0000000E+00, 0.1050000E+03, 0.1261078E+02, 0.1050000E+03,
 0.6200000E-01, 0.1380338E+03, 0.2041727E+02, 0.0000000E+00, 0.1050000E+03, 0.1261653E+02, 0.1050000E+03,
 0.6400000E-01, 0.1380934E+03, 0.2047049E+02, 0.0000000E+00, 0.1050000E+03, 0.1262292E+02, 0.1050000E+03,
 0.6600000E-01, 0.1381533E+03, 0.2052341E+02, 0.0000000E+00, 0.1050000E+03, 0.1262992E+02, 0.1050000E+03,
 0.6800000E-01, 0.1382135E+03, 0.2057595E+02, 0.0000000E+00, 0.1050000E+03, 0.1263754E+02, 0.1050000E+03,
 0.7000000E-01, 0.1382738E+03, 0.2062808E+02, 0.0000000E+00, 0.1050000E+03, 0.1264577E+02, 0.1050000E+03,
 0.7200000E-01, 0.1383343E+03, 0.2067971E+02, 0.0000000E+00, 0.1050000E+03, 0.1265459E+02, 0.1050000E+03,
 0.7400000E-01, 0.1383948E+03, 0.2073080E+02, 0.0000000E+00, 0.1050000E+03, 0.1266399E+02, 0.1050000E+03,
 0.7600000E-01, 0.1384552E+03, 0.2078126E+02, 0.0000000E+00, 0.1050000E+03, 0.1267396E+02, 0.1050000E+03,
 0.7800000E-01, 0.1385155E+03, 0.2083102E+02, 0.0000000E+00, 0.1050000E+03, 0.1268449E+02, 0.1050000E+03,
 0.8000000E-01, 0.1385756E+03, 0.2087999E+02, 0.0000000E+00, 0.1050000E+03, 0.1269558E+02, 0.1050000E+03,
 0.8200000E-01, 0.1386353E+03, 0.2092806E+02, 0.0000000E+00, 0.1050000E+03, 0.1270721E+02, 0.1050000E+03,
 0.8400000E-01, 0.1386945E+03, 0.2097513E+02, 0.0000000E+00, 0.1050000E+03, 0.1271937E+02, 0.1050000E+03,
 0.8600000E-01, 0.1387531E+03, 0.2102105E+02, 0.0000000E+00, 0.1050000E+03, 0.1273204E+02, 0.1050000E+03,
 0.8800000E-01, 0.1388109E+03, 0.2106566E+02, 0.0000000E+00, 0.1050000E+03, 0.1274523E+02, 0.1050000E+03,
 0.9000000E-01, 0.1388677E+03, 0.2110878E+02, 0.0000000E+00, 0.1050000E+03, 0.1275892E+02, 0.1050000E+03,
 0.9200000E-01, 0.1389232E+03, 0.2115015E+02, 0.0000000E+00, 0.1050000E+03, 0.1277310E+02, 0.1050000E+03,
 0.9400000E-01, 0.1389772E+03, 0.2118950E+02, 0.0000000E+00, 0.1050000E+03, 0.1278775E+02, 0.1050000E+03,
 0.9600000E-01, 0.1390293E+03, 0.2122646E+02, 0.0000000E+00, 0.1050000E+03, 0.1280288E+02, 0.1050000E+03,
 0.9800000E-01, 0.1390790E+03, 0.2126057E+02, 0.0000000E+00, 0.1050000E+03, 0.1281848E+02, 0.1050000E+03,
 0.1000000E+00, 0.1391257E+03, 0.2129123E+02, 0.0000000E+00, 0.1050000E+03, 0.1283452E+02, 0.1050000E+03,
 0.1020000E+00, 0.1391687E+03, 0.2131765E+02, 0.0000000E+00, 0.1050000E+03, 0.1285101E+02, 0.1050000E+03,
 0.1040000E+00, 0.1392067E+03, 0.2133875E+02, 0.0000000E+00, 0.1050000E+03, 0.1286794E+02, 0.1050000E+03,
 0.1060000E+00, 0.1392383E+03, 0.2135303E+02, 0.0000000E+00, 0.1050000E+03, 0.1288529E+02, 0.1050000E+03,
 0.1080000E+00, 0.1392614E+03, 0.2135832E+02, 0.0000000E+00, 0.1050000E+03, 0.1290306E+02, 0.1050000E+03,
 0.1100000E+00, 0.1392725E+03, 0.2135129E+02, 0.0000000E+00, 0.1050000E+03, 0.1292124E+02, 0.1050000E+03,
 0.1120000E+00, 0.1392665E+03, 0.2132664E+02, 0.0000000E+00, 0.1050000E+03, 0.1293982E+02, 0.1050000E+03,
 0.1140000E+00, 0.1392340E+03, 0.2127519E+02, 0.0000000E+00, 0.1050000E+03, 0.1295879E+02, 0.1050000E+03,
 0.1160000E+00, 0.1391575E+03, 0.2117940E+02, 0.0000000E+00, 0.1050000E+03, 0.1297814E+02, 0.1050000E+03,
 0.1180000E+00, 0.1389988E+03, 0.2100095E+02, 0.0000000E+00, 0.1050000E+03, 0.1299786E+02, 0.1050000E+03,
 0.1200000E+00, 0.1386615E+03, 0.2064353E+02, 0.0000000E+00, 0.1050000E+03, 0.1301794E+02, 0.1050000E+03,
 0.1220000E+00, 0.1375075E+03, 0.1946914E+02, 0.0000000E+00, 0.1050000E+03, 0.1303835E+02, 0.1050000E+03,
 0.1240000E+00, 0.1380658E+03, 0.2000672E+02, 0.0000000E+00, 0.1050000E+03, 0.1305908E+02, 0.1050000E+03,
 0.1260000E+00, 0.1387585E+03, 0.2067835E+02, 0.0000000E+00, 0.1050000E+03, 0.1308012E+02, 0.1050000E+03,
 0.1280000E+00, 0.1392829E+03, 0.2118142E+02, 0.0000000E+00, 0.1050000E+03, 0.1310146E+02, 0.1050000E+03,
 0.1300000E+00, 0.1397053E+03, 0.2158222E+02, 0.0000000E+00, 0.1050000E+03, 0.1312312E+02, 0.1050000E+03,
 0.1320000E+00, 0.1400617E+03, 0.2191665E+02, 0.0000000E+00, 0.1050000E+03, 0.1314508E+02, 0.1050000E+03,
 0.1340000E+00, 0.1403722E+03, 0.2220489E+02, 0.0000000E+00, 0.1050000E+03, 0.1316735E+02, 0.1050000E+03,
 0.1360000E+00, 0.1406492E+03, 0.2245924E+02, 0.0000000E+00, 0.1050000E+03, 0.1318991E+02, 0.1050000E+03,
 0.1380000E+00, 0.1409005E+03, 0.2268770E+02, 0.0000000E+00, 0.1050000E+03, 0.1321277E+02, 0.1050000E+03,
 0.1400000E+00, 0.1411317E+03, 0.2289574E+02, 0.0000000E+00, 0.1050000E+03, 0.1323592E+02, 0.1050000E+03,
 0.1420000E+00, 0.1413466E+03, 0.2308727E+02, 0.0000000E+00, 0.1050000E+03, 0.1325935E+02, 0.1050000E+03,
 0.1440000E+00, 0.1415491E+03, 0.2326599E+02, 0.0000000E+00, 0.1050000E+03, 0.1328307E+02, 0.1050000E+03,
 0.1460000E+00, 0.1417394E+03, 0.2343229E+02, 0.0000000E+00, 0.1050000E+03, 0.1330707E+02, 0.1050000E+03,
 0.1480000E+00, 0.1419203E+03, 0.2358895E+02, 0.0000000E+00, 0.1050000E+03, 0.1333134E+02, 0.1050000E+03,
 0.1500000E+00, 0.1420931E+03, 0.2373719E+02, 0.0000000E+00, 0.1050000E+03, 0.1335589E+02, 0.1050000E+03,
 0.1520000E+00, 0.1422588E+03, 0.2387808E+02, 0.0000000E+00, 0.1050000E+03, 0.1338069E+02, 0.1050000E+03,
 0.1540000E+00, 0.1424182E+03, 0.2401249E+02, 0.0000000E+00, 0.1050000E+03, 0.1340576E+02, 0.1050000E+03,
 0.1560000E+00, 0.1425722E+03, 0.2414115E+02, 0.0000000E+00, 0.1050000E+03, 0.1343108E+02, 0.1050000E+03,
 0.1580000E+00, 0.1427213E+03, 0.2426466E+02, 0.0000000E+00, 0.1050000E+03, 0.1345665E+02, 0.1050000E+03,
 0.1600000E+00, 0.1428660E+03, 0.2438353E+02, 0.0000000E+00, 0.1050000E+03, 0.1348247E+02, 0.1050000E+03,
 0.1620000E+00, 0.1430067E+03, 0.2449820E+02, 0.0000000E+00, 0.1050000E+03, 0.1350853E+02, 0.1050000E+03,
 0.1640000E+00, 0.1431439E+03, 0.2460903E+02, 0.0000000E+00, 0.1050000E+03, 0.1353483E+02, 0.1050000E+03,
 0.1660000E+00, 0.1432777E+03, 0.2471636E+02, 0.0000000E+00, 0.1050000E+03, 0.1356136E+02, 0.1050000E+03,
 0.1680000E+00, 0.1434086E+03, 0.2482046E+02, 0.0000000E+00, 0.1050000E+03, 0.1358813E+02, 0.1050000E+03,
 0.1700000E+00, 0.1435367E+03, 0.2492158E+02, 0.0000000E+00, 0.1050000E+03, 0.1361511E+02, 0.1050000E+03,
 0.1720000E+00, 0.1436623E+03, 0.2501994E+02, 0.0000000E+00, 0.1050000E+03, 0.1364232E+02, 0.1050000E+03,
 0.1740000E+00, 0.1437855E+03, 0.2511573E+02, 0.0000000E+00, 0.1050000E+03, 0.1366974E+02, 0.1050000E+03,
 0.1760000E+00, 0.1439065E+03, 0.2520912E+02, 0.0000000E+00, 0.1050000E+03, 0.1369737E+02, 0.1050000E+03,
 0.1780000E+00, 0.1440255E+03, 0.2530027E+02, 0.0000000E+00, 0.1050000E+03, 0.1372521E+02, 0.1050000E+03,
 0.1800000E+00, 0.1441425E+03, 0.2538930E+02, 0.0000000E+00, 0.1050000E+03, 0.1375325E+02, 0.1050000E+03,
 0.1820000E+00, 0.1442578E+03, 0.2547635E+02, 0.0000000E+00, 0.1050000E+03, 0.1378150E+02, 0.1050000E+03,
 0.1840000E+00, 0.1443715E+03, 0.2556152E+02, 0.0000000E+00, 0.1050000E+03, 0.1380993E+02, 0.1050000E+03,
 0.1860000E+00, 0.1444835E+03, 0.2564492E+02, 0.0000000E+00, 0.1050000E+03, 0.1383856E+02, 0.1050000E+03,
 0.1880000E+00, 0.1445940E+03, 0.2572664E+02, 0.0000000E+00, 0.1050000E+03, 0.1386737E+02, 0.1050000E+03,
 0.1900000E+00, 0.1447031E+03, 0.2580677E+02, 0.0000000E+00, 0.1050000E+03, 0.1389637E+02, 0.1050000E+03,
 0.1920000E+00, 0.1448109E+03, 0.2588537E+02, 0.0000000E+00, 0.1050000E+03, 0.1392554E+02, 0.1050000E+03,
 0.1940000E+00, 0.1449174E+03, 0.2596252E+02, 0.0000000E+00, 0.1050000E+03, 0.1395489E+02, 0.1050000E+03,
 0.1960000E+00, 0.1450227E+03, 0.2603829E+02, 0.0000000E+00, 0.1050000E+03, 0.1398441E+02, 0.1050000E+03,
 0.1980000E+00, 0.1451268E+03, 0.2611273E+02, 0.0000000E+00, 0.1050000E+03, 0.1401410E+02, 0.1050000E+03,
 0.2000000E+00, 0.1452298E+03, 0.2618590E+02, 0.0000000E+00, 0.1050000E+03, 0.1404395E+02, 0.1050000E+03,
 0.2020000E+00, 0.1453318E+03, 0.2625785E+02, 0.0000000E+00, 0.1050000E+03, 0.1407396E+02, 0.1050000E+03,
 0.2040000E+00, 0.1454327E+03, 0.2632862E+02, 0.0000000E+00, 0.1050000E+03, 0.1410412E+02, 0.1050000E+03,
 0.2060000E+00, 0.1455327E+03, 0.2639827E+02, 0.0000000E+00, 0.1050000E+03, 0.1413444E+02, 0.1050000E+03,
 0.2080000E+00, 0.1456317E+03, 0.2646682E+02, 0.0000000E+00, 0.1050000E+03, 0.1416491E+02, 0.1050000E+03,
 0.2100000E+00, 0.1457298E+03, 0.2653432E+02, 0.0000000E+00, 0.1050000E+03, 0.1419552E+02, 0.1050000E+03,
 0.2120000E+00, 0.1458271E+03, 0.2660081E+02, 0.0000000E+00, 0.1050000E+03, 0.1422628E+02, 0.1050000E+03,
 0.2140000E+00, 0.1459235E+03, 0.2666631E+02, 0.0000000E+00, 0.1050000E+03, 0.1425717E+02, 0.1050000E+03,
 0.2160000E+00, 0.1460191E+03, 0.2673086E+02, 0.0000000E+00, 0.1050000E+03, 0.1428821E+02, 0.1050000E+03,
 0.2180000E+00, 0.1461139E+03, 0.2679448E+02, 0.0000000E+00, 0.1050000E+03, 0.1431937E+02, 0.1050000E+03,
 0.2200000E+00, 0.1462079E+03, 0.2685721E+02, 0.0000000E+00, 0.1050000E+03, 0.1435067E+02, 0.1050000E+03,
 0.2220000E+00, 0.1463012E+03, 0.2691906E+02, 0.0000000E+00, 0.1050000E+03, 0.1438209E+02, 0.1050000E+03,
 0.2240000E+00, 0.1463937E+03, 0.2698007E+02, 0.0000000E+00, 0.1050000E+03, 0.1441364E+02, 0.1050000E+03,
 0.2260000E+00, 0.1464856E+03, 0.2704025E+02, 0.0000000E+00, 0.1050000E+03, 0.1444532E+02, 0.1050000E+03,
 0.2280000E+00, 0.1465767E+03, 0.2709962E+02, 0.0000000E+00, 0.1050000E+03, 0.1447711E+02, 0.1050000E+03,
 0.2300000E+00, 0.1466672E+03, 0.2715821E+02, 0.0000000E+00, 0.1050000E+03, 0.1450903E+02, 0.1050000E+03,
 0.2320000E+00, 0.1467571E+03, 0.2721604E+02, 0.0000000E+00, 0.1050000E+03, 0.1454106E+02, 0.1050000E+03,
 0.2340000E+00, 0.1468463E+03, 0.2727312E+02, 0.0000000E+00, 0.1050000E+03, 0.1457320E+02, 0.1050000E+03,
 0.2360000E+00, 0.1469349E+03, 0.2732946E+02, 0.0000000E+00, 0.1050000E+03, 0.1460546E+02, 0.1050000E+03,
 0.2380000E+00, 0.1470229E+03, 0.2738509E+02, 0.0000000E+00, 0.1050000E+03, 0.1463783E+02, 0.1050000E+03,
 0.2400000E+00, 0.1471103E+03, 0.2744003E+02, 0.0000000E+00, 0.1050000E+03, 0.1467031E+02, 0.1050000E+03,
 0.2420000E+00, 0.1471972E+03, 0.2749427E+02, 0.0000000E+00, 0.1050000E+03, 0.1470290E+02, 0.1050000E+03,
 0.2440000E+00, 0.1472834E+03, 0.2754785E+02, 0.0000000E+00, 0.1050000E+03, 0.1473559E+02, 0.1050000E+03,
 0.2460000E+00, 0.1473692E+03, 0.2760076E+02, 0.0000000E+00, 0.1050000E+03, 0.1476840E+02, 0.1050000E+03,
 0.2480000E+00, 0.1474543E+03, 0.2765303E+02, 0.0000000E+00, 0.1050000E+03, 0.1480131E+02, 0.1050000E+03,
 0.2500000E+00, 0.1475390E+03, 0.2770467E+02, 0.0000000E+00, 0.1050000E+03, 0.1483432E+02, 0.1050000E+03,
 0.2520000E+00, 0.1476231E+03, 0.2775568E+02, 0.0000000E+00, 0.1050000E+03, 0.1486744E+02, 0.1050000E+03,
 0.2540000E+00, 0.1477067E+03, 0.2780608E+02, 0.0000000E+00, 0.1050000E+03, 0.1490066E+02, 0.1050000E+03,
 0.2560000E+00, 0.1477899E+03, 0.2785588E+02, 0.0000000E+00, 0.1050000E+03, 0.1493398E+02, 0.1050000E+03,
 0.2580000E+00, 0.1478725E+03, 0.2790509E+02, 0.0000000E+00, 0.1050000E+03, 0.1496741E+02, 0.1050000E+03,
 0.2600000E+00, 0.1479547E+03, 0.2795372E+02, 0.0000000E+00, 0.1050000E+03, 0.1500093E+02, 0.1050000E+03,
 0.2620000E+00, 0.1480363E+03, 0.2800178E+02, 0.0000000E+00, 0.1050000E+03, 0.1503456E+02, 0.1050000E+03,
 0.2640000E+00, 0.1481176E+03, 0.2804927E+02, 0.0000000E+00, 0.1050000E+03, 0.1506830E+02, 0.1050000E+03,
 0.2660000E+00, 0.1481983E+03, 0.2809621E+02, 0.0000000E+00, 0.1050000E+03, 0.1510214E+02, 0.1050000E+03,
 0.2680000E+00, 0.1482787E+03, 0.2814260E+02, 0.0000000E+00, 0.1050000E+03, 0.1513608E+02, 0.1050000E+03,
 0.2700000E+00, 0.1483586E+03, 0.2818845E+02, 0.0000000E+00, 0.1050000E+03, 0.1517012E+02, 0.1050000E+03,
 0.2720000E+00, 0.1484380E+03, 0.2823377E+02, 0.0000000E+00, 0.1050000E+03, 0.1520427E+02, 0.1050000E+03,
 0.2740000E+00, 0.1485171E+03, 0.2827857E+02, 0.0000000E+00, 0.1050000E+03, 0.1523852E+02, 0.1050000E+03,
 0.2760000E+00, 0.1485957E+03, 0.2832285E+02, 0.0000000E+00, 0.1050000E+03, 0.1527289E+02, 0.1050000E+03,
 0.2780000E+00, 0.1486740E+03, 0.2836662E+02, 0.0000000E+00, 0.1050000E+03, 0.1530735E+02, 0.1050000E+03,
 0.2800000E+00, 0.1487518E+03, 0.2840989E+02, 0.0000000E+00, 0.1050000E+03, 0.1534193E+02, 0.1050000E+03,
 0.2820000E+00, 0.1488293E+03, 0.2845265E+02, 0.0000000E+00, 0.1050000E+03, 0.1537662E+02, 0.1050000E+03,
 0.2840000E+00, 0.1489063E+03, 0.2849493E+02, 0.0000000E+00, 0.1050000E+03, 0.1541142E+02, 0.1050000E+03,
 0.2860000E+00, 0.1489830E+03, 0.2853673E+02, 0.0000000E+00, 0.1050000E+03, 0.1544633E+02, 0.1050000E+03,
 0.2880000E+00, 0.1490594E+03, 0.2857804E+02, 0.0000000E+00, 0.1050000E+03, 0.1548135E+02, 0.1050000E+03,
 0.2900000E+00, 0.1491354E+03, 0.2861889E+02, 0.0000000E+00, 0.1050000E+03, 0.1551649E+02, 0.1050000E+03,
 0.2920000E+00, 0.1492110E+03, 0.2865927E+02, 0.0000000E+00, 0.1050000E+03, 0.1555174E+02, 0.1050000E+03,
 0.2940000E+00, 0.1492863E+03, 0.2869918E+02, 0.0000000E+00, 0.1050000E+03, 0.1558712E+02, 0.1050000E+03,
 0.2960000E+00, 0.1493613E+03, 0.2873864E+02, 0.0000000E+00, 0.1050000E+03, 0.1562260E+02, 0.1050000E+03,
 0.2980000E+00, 0.1494359E+03, 0.2877765E+02, 0.0000000E+00, 0.1050000E+03, 0.1565821E+02, 0.1050000E+03,
 0.3000000E+00, 0.1495101E+03, 0.2881622E+02, 0.0000000E+00, 0.1050000E+03, 0.1569392E+02, 0.1050000E+03,
 0.3020000E+00, 0.1495841E+03, 0.2885435E+02, 0.0000000E+00, 0.1050000E+03, 0.1572973E+02, 0.1050000E+03,
 0.3040000E+00, 0.1496577E+03, 0.2889205E+02, 0.0000000E+00, 0.1050000E+03, 0.1576564E+02, 0.1050000E+03,
 0.3060000E+00, 0.1497309E+03, 0.2892932E+02, 0.0000000E+00, 0.1050000E+03, 0.1580163E+02, 0.1050000E+03,
 0.3080000E+00, 0.1498039E+03, 0.2896616E+02, 0.0000000E+00, 0.1050000E+03, 0.1583770E+02, 0.1050000E+03,
 0.3100000E+00, 0.1498764E+03, 0.2900259E+02, 0.0000000E+00, 0.1050000E+03, 0.1587386E+02, 0.1050000E+03,
 0.3120000E+00, 0.1499487E+03, 0.2903861E+02, 0.0000000E+00, 0.1050000E+03, 0.1591010E+02, 0.1050000E+03,
 0.3140000E+00, 0.1500206E+03, 0.2907421E+02, 0.0000000E+00, 0.1050000E+03, 0.1594642E+02, 0.1050000E+03,
 0.3160000E+00, 0.1500922E+03, 0.2910942E+02, 0.0000000E+00, 0.1050000E+03, 0.1598282E+02, 0.1050000E+03,
 0.3180000E+00, 0.1501635E+03, 0.2914422E+02, 0.0000000E+00, 0.1050000E+03, 0.1601929E+02, 0.1050000E+03,
 0.3200000E+00, 0.1502345E+03, 0.2917862E+02, 0.0000000E+00, 0.1050000E+03, 0.1605584E+02, 0.1050000E+03,
 0.3220000E+00, 0.1503051E+03, 0.2921263E+02, 0.0000000E+00, 0.1050000E+03, 0.1609246E+02, 0.1050000E+03,
 0.3240000E+00, 0.1503746E+03, 0.2924550E+02, 0.0000000E+00, 0.1050000E+03, 0.1612916E+02, 0.1050000E+03,
 0.3260000E+00, 0.1504446E+03, 0.2927873E+02, 0.0000000E+00, 0.1050000E+03, 0.1616592E+02, 0.1050000E+03,
 0.3280000E+00, 0.1505143E+03, 0.2931158E+02, 0.0000000E+00, 0.1050000E+03, 0.1620275E+02, 0.1050000E+03,
 0.3300000E+00, 0.1505837E+03, 0.2934406E+02, 0.0000000E+00, 0.1050000E+03, 0.1623964E+02, 0.1050000E+03,
 0.3320000E+00, 0.1506528E+03, 0.2937622E+02, 0.0000000E+00, 0.1050000E+03, 0.1627660E+02, 0.1050000E+03,
 0.3340000E+00, 0.1507216E+03, 0.2940795E+02, 0.0000000E+00, 0.1050000E+03, 0.1631362E+02, 0.1050000E+03,
 0.3360000E+00, 0.1507900E+03, 0.2943931E+02, 0.0000000E+00, 0.1050000E+03, 0.1635070E+02, 0.1050000E+03,
 0.3380000E+00, 0.1508581E+03, 0.2947030E+02, 0.0000000E+00, 0.1050000E+03, 0.1638785E+02, 0.1050000E+03,
 0.3400000E+00, 0.1509260E+03, 0.2950093E+02, 0.0000000E+00, 0.1050000E+03, 0.1642505E+02, 0.1050000E+03,
 0.3420000E+00, 0.1509935E+03, 0.2953120E+02, 0.0000000E+00, 0.1050000E+03, 0.1646230E+02, 0.1050000E+03,
 0.3440000E+00, 0.1510607E+03, 0.2956112E+02, 0.0000000E+00, 0.1050000E+03, 0.1649961E+02, 0.1050000E+03,
 0.3460000E+00, 0.1511277E+03, 0.2959068E+02, 0.0000000E+00, 0.1050000E+03, 0.1653697E+02, 0.1050000E+03,
 0.3480000E+00, 0.1511943E+03, 0.2961989E+02, 0.0000000E+00, 0.1050000E+03, 0.1657439E+02, 0.1050000E+03,
 0.3500000E+00, 0.1512606E+03, 0.2964876E+02, 0.0000000E+00, 0.1050000E+03, 0.1661185E+02, 0.1050000E+03,
 0.3520000E+00, 0.1513266E+03, 0.2967729E+02, 0.0000000E+00, 0.1050000E+03, 0.1664936E+02, 0.1050000E+03,
 0.3540000E+00, 0.1513924E+03, 0.2970547E+02, 0.0000000E+00, 0.1050000E+03, 0.1668692E+02, 0.1050000E+03,
 0.3560000E+00, 0.1514578E+03, 0.2973332E+02, 0.0000000E+00, 0.1050000E+03, 0.1672452E+02, 0.1050000E+03,
 0.3580000E+00, 0.1515230E+03, 0.2976084E+02, 0.0000000E+00, 0.1050000E+03, 0.1676216E+02, 0.1050000E+03,
 0.3600000E+00, 0.1515879E+03, 0.2978802E+02, 0.0000000E+00, 0.1050000E+03, 0.1679985E+02, 0.1050000E+03,
 0.3620000E+00, 0.1516525E+03, 0.2981488E+02, 0.0000000E+00, 0.1050000E+03, 0.1683758E+02, 0.1050000E+03,
 0.3640000E+00, 0.1517168E+03, 0.2984141E+02, 0.0000000E+00, 0.1050000E+03, 0.1687534E+02, 0.1050000E+03,
 0.3660000E+00, 0.1517808E+03, 0.2986761E+02, 0.0000000E+00, 0.1050000E+03, 0.1691315E+02, 0.1050000E+03,
 0.3680000E+00, 0.1518445E+03, 0.2989350E+02, 0.0000000E+00, 0.1050000E+03, 0.1695098E+02, 0.1050000E+03,
 0.3700000E+00, 0.1519079E+03, 0.2991907E+02, 0.0000000E+00, 0.1050000E+03, 0.1698886E+02, 0.1050000E+03,
 0.3720000E+00, 0.1519711E+03, 0.2994433E+02, 0.0000000E+00, 0.1050000E+03, 0.1702677E+02, 0.1050000E+03,
 0.3740000E+00, 0.1520340E+03, 0.2996928E+02, 0.0000000E+00, 0.1050000E+03, 0.1706471E+02, 0.1050000E+03,
 0.3760000E+00, 0.1520966E+03, 0.2999391E+02, 0.0000000E+00, 0.1050000E+03, 0.1710268E+02, 0.1050000E+03,
 0.3780000E+00, 0.1521589E+03, 0.3001824E+02, 0.0000000E+00, 0.1050000E+03, 0.1714068E+02, 0.1050000E+03,
 0.3800000E+00, 0.1522210E+03, 0.3004227E+02, 0.0000000E+00, 0.1050000E+03, 0.1717871E+02, 0.1050000E+03,
 0.3820000E+00, 0.1522828E+03, 0.3006600E+02, 0.0000000E+00, 0.1050000E+03, 0.1721677E+02, 0.1050000E+03,
 0.3840000E+00, 0.1523443E+03, 0.3008943E+02, 0.0000000E+00, 0.1050000E+03, 0.1725485E+02, 0.1050000E+03,
 0.3860000E+00, 0.1524055E+03, 0.3011256E+02, 0.0000000E+00, 0.1050000E+03, 0.1729296E+02, 0.1050000E+03,
 0.3880000E+00, 0.1524665E+03, 0.3013541E+02, 0.0000000E+00, 0.1050000E+03, 0.1733109E+02, 0.1050000E+03,
 0.3900000E+00, 0.1525272E+03, 0.3015796E+02, 0.0000000E+00, 0.1050000E+03, 0.1736925E+02, 0.1050000E+03,
 0.3920000E+00, 0.1525876E+03, 0.3018022E+02, 0.0000000E+00, 0.1050000E+03, 0.1740742E+02, 0.1050000E+03,
 0.3940000E+00, 0.1526478E+03, 0.3020220E+02, 0.0000000E+00, 0.1050000E+03, 0.1744563E+02, 0.1050000E+03,
 0.3960000E+00, 0.1527077E+03, 0.3022390E+02, 0.0000000E+00, 0.1050000E+03, 0.1748385E+02, 0.1050000E+03,
 0.3980000E+00, 0.1527674E+03, 0.3024532E+02, 0.0000000E+00, 0.1050000E+03, 0.1752209E+02, 0.1050000E+03,
 0.4000000E+00, 0.1528268E+03, 0.3026646E+02, 0.0000000E+00, 0.1050000E+03, 0.1756035E+02, 0.1050000E+03,
 0.4020000E+00, 0.1528860E+03, 0.3028733E+02, 0.0000000E+00, 0.1050000E+03, 0.1759862E+02, 0.1050000E+03,
 0.4040000E+00, 0.1529448E+03, 0.3030792E+02, 0.0000000E+00, 0.1050000E+03, 0.1763692E+02, 0.1050000E+03,
 0.4060000E+00, 0.1530035E+03, 0.3032825E+02, 0.0000000E+00, 0.1050000E+03, 0.1767523E+02, 0.1050000E+03,
 0.4080000E+00, 0.1530619E+03, 0.3034831E+02, 0.0000000E+00, 0.1050000E+03, 0.1771355E+02, 0.1050000E+03,
 0.4100000E+00, 0.1531200E+03, 0.3036810E+02, 0.0000000E+00, 0.1050000E+03, 0.1775190E+02, 0.1050000E+03,
 0.4120000E+00, 0.1531779E+03, 0.3038764E+02, 0.0000000E+00, 0.1050000E+03, 0.1779025E+02, 0.1050000E+03,
 0.4140000E+00, 0.1532355E+03, 0.3040691E+02, 0.0000000E+00, 0.1050000E+03, 0.1782862E+02, 0.1050000E+03,
 0.4160000E+00, 0.1532929E+03, 0.3042593E+02, 0.0000000E+00, 0.1050000E+03, 0.1786701E+02, 0.1050000E+03,
 0.4180000E+00, 0.1533501E+03, 0.3044469E+02, 0.0000000E+00, 0.1050000E+03, 0.1790540E+02, 0.1050000E+03,
 0.4200000E+00, 0.1534070E+03, 0.3046320E+02, 0.0000000E+00, 0.1050000E+03, 0.1794381E+02, 0.1050000E+03,
 0.4220000E+00, 0.1534637E+03, 0.3048146E+02, 0.0000000E+00, 0.1050000E+03, 0.1798223E+02, 0.1050000E+03,
 0.4240000E+00, 0.1535201E+03, 0.3049947E+02, 0.0000000E+00, 0.1050000E+03, 0.1802066E+02, 0.1050000E+03,
 0.4260000E+00, 0.1535763E+03, 0.3051724E+02, 0.0000000E+00, 0.1050000E+03, 0.1805910E+02, 0.1050000E+03,
 0.4280000E+00, 0.1536323E+03, 0.3053477E+02, 0.0000000E+00, 0.1050000E+03, 0.1809755E+02, 0.1050000E+03,
 0.4300000E+00, 0.1536881E+03, 0.3055205E+02, 0.0000000E+00, 0.1050000E+03, 0.1813601E+02, 0.1050000E+03,
 0.4320000E+00, 0.1537436E+03, 0.3056910E+02, 0.0000000E+00, 0.1050000E+03, 0.1817448E+02, 0.1050000E+03,
 0.4340000E+00, 0.1537989E+03, 0.3058591E+02, 0.0000000E+00, 0.1050000E+03, 0.1821296E+02, 0.1050000E+03,
 0.4360000E+00, 0.1538539E+03, 0.3060249E+02, 0.0000000E+00, 0.1050000E+03, 0.1825145E+02, 0.1050000E+03,
 0.4380000E+00, 0.1539088E+03, 0.3061884E+02, 0.0000000E+00, 0.1050000E+03, 0.1828995E+02, 0.1050000E+03,
 0.4400000E+00, 0.1539634E+03, 0.3063497E+02, 0.0000000E+00, 0.1050000E+03, 0.1832845E+02, 0.1050000E+03,
 0.4420000E+00, 0.1540178E+03, 0.3065086E+02, 0.0000000E+00, 0.1050000E+03, 0.1836696E+02, 0.1050000E+03,
 0.4440000E+00, 0.1540720E+03, 0.3066653E+02, 0.0000000E+00, 0.1050000E+03, 0.1840547E+02, 0.1050000E+03,
 0.4460000E+00, 0.1541260E+03, 0.3068199E+02, 0.0000000E+00, 0.1050000E+03, 0.1844400E+02, 0.1050000E+03,
 0.4480000E+00, 0.1541797E+03, 0.3069722E+02, 0.0000000E+00, 0.1050000E+03, 0.1848253E+02, 0.1050000E+03,
 0.4500000E+00, 0.1542333E+03, 0.3071223E+02, 0.0000000E+00, 0.1050000E+03, 0.1852106E+02, 0.1050000E+03,
 0.4520000E+00, 0.1542866E+03, 0.3072704E+02, 0.0000000E+00, 0.1050000E+03, 0.1855960E+02, 0.1050000E+03,
 0.4540000E+00, 0.1543398E+03, 0.3074162E+02, 0.0000000E+00, 0.1050000E+03, 0.1859815E+02, 0.1050000E+03,
 0.4560000E+00, 0.1543927E+03, 0.3075600E+02, 0.0000000E+00, 0.1050000E+03, 0.1863670E+02, 0.1050000E+03,
 0.4580000E+00, 0.1544454E+03, 0.3077018E+02, 0.0000000E+00, 0.1050000E+03, 0.1867526E+02, 0.1050000E+03,
 0.4600000E+00, 0.1544980E+03, 0.3078414E+02, 0.0000000E+00, 0.1050000E+03, 0.1871382E+02, 0.1050000E+03,
 0.4620000E+00, 0.1545503E+03, 0.3079790E+02, 0.0000000E+00, 0.1050000E+03, 0.1875239E+02, 0.1050000E+03,
 0.4640000E+00, 0.1546024E+03, 0.3081147E+02, 0.0000000E+00, 0.1050000E+03, 0.1879096E+02, 0.1050000E+03,
 0.4660000E+00, 0.1546544E+03, 0.3082483E+02, 0.0000000E+00, 0.1050000E+03, 0.1882953E+02, 0.1050000E+03,
 0.4680000E+00, 0.1547061E+03, 0.3083800E+02, 0.0000000E+00, 0.1050000E+03, 0.1886811E+02, 0.1050000E+03,
 0.4700000E+00, 0.1547577E+03, 0.3085097E+02, 0.0000000E+00, 0.1050000E+03, 0.1890670E+02, 0.1050000E+03,
 0.4720000E+00, 0.1548090E+03, 0.3086375E+02, 0.0000000E+00, 0.1050000E+03, 0.1894528E+02, 0.1050000E+03,
 0.4740000E+00, 0.1548602E+03, 0.3087634E+02, 0.0000000E+00, 0.1050000E+03, 0.1898388E+02, 0.1050000E+03,
 0.4760000E+00, 0.1549112E+03, 0.3088873E+02, 0.0000000E+00, 0.1050000E+03, 0.1902247E+02, 0.1050000E+03,
 0.4780000E+00, 0.1549620E+03, 0.3090095E+02, 0.0000000E+00, 0.1050000E+03, 0.1906107E+02, 0.1050000E+03,
 0.4800000E+00, 0.1550126E+03, 0.3091298E+02, 0.0000000E+00, 0.1050000E+03, 0.1909967E+02, 0.1050000E+03,
 0.4820000E+00, 0.1550631E+03, 0.3092482E+02, 0.0000000E+00, 0.1050000E+03, 0.1913827E+02, 0.1050000E+03,
 0.4840000E+00, 0.1551134E+03, 0.3093649E+02, 0.0000000E+00, 0.1050000E+03, 0.1917688E+02, 0.1050000E+03,
 0.4860000E+00, 0.1551635E+03, 0.3094798E+02, 0.0000000E+00, 0.1050000E+03, 0.1921549E+02, 0.1050000E+03,
 0.4880000E+00, 0.1552134E+03, 0.3095929E+02, 0.0000000E+00, 0.1050000E+03, 0.1925411E+02, 0.1050000E+03,
 0.4900000E+00, 0.1552632E+03, 0.3097043E+02, 0.0000000E+00, 0.1050000E+03, 0.1929272E+02, 0.1050000E+03,
 0.4920000E+00, 0.1553127E+03, 0.3098139E+02, 0.0000000E+00, 0.1050000E+03, 0.1933134E+02, 0.1050000E+03,
 0.4940000E+00, 0.1553622E+03, 0.3099219E+02, 0.0000000E+00, 0.1050000E+03, 0.1936996E+02, 0.1050000E+03,
 0.4960000E+00, 0.1554114E+03, 0.3100281E+02, 0.0000000E+00, 0.1050000E+03, 0.1940859E+02, 0.1050000E+03,
 0.4980000E+00, 0.1554605E+03, 0.3101327E+02, 0.0000000E+00, 0.1050000E+03, 0.1944722E+02, 0.1050000E+03,
 0.5000000E+00, 0.1555094E+03, 0.3102356E+02, 0.0000000E+00, 0.1050000E+03, 0.1948585E+02, 0.1050000E+03,
 0.5020000E+00, 0.1555582E+03, 0.3103370E+02, 0.0000000E+00, 0.1050000E+03, 0.1952448E+02, 0.1050000E+03,
 0.5040000E+00, 0.1556068E+03, 0.3104366E+02, 0.0000000E+00, 0.1050000E+03, 0.1956312E+02, 0.1050000E+03,
 0.5060000E+00, 0.1556552E+03, 0.3105347E+02, 0.0000000E+00, 0.1050000E+03, 0.1960176E+02, 0.1050000E+03,
 0.5080000E+00, 0.1557035E+03, 0.3106312E+02, 0.0000000E+00, 0.1050000E+03, 0.1964040E+02, 0.1050000E+03,
 0.5100000E+00, 0.1557517E+03, 0.3107262E+02, 0.0000000E+00, 0.1050000E+03, 0.1967904E+02, 0.1050000E+03,
 0.5120000E+00, 0.1557997E+03, 0.3108196E+02, 0.0000000E+00, 0.1050000E+03, 0.1971769E+02, 0.1050000E+03,
 0.5140000E+00, 0.1558475E+03, 0.3109115E+02, 0.0000000E+00, 0.1050000E+03, 0.1975634E+02, 0.1050000E+03,
 0.5160000E+00, 0.1558952E+03, 0.3110018E+02, 0.0000000E+00, 0.1050000E+03, 0.1979499E+02, 0.1050000E+03,
 0.5180000E+00, 0.1559427E+03, 0.3110907E+02, 0.0000000E+00, 0.1050000E+03, 0.1983364E+02, 0.1050000E+03,
 0.5200000E+00, 0.1559901E+03, 0.3111781E+02, 0.0000000E+00, 0.1050000E+03, 0.1987230E+02, 0.1050000E+03,
 0.5220000E+00, 0.1560374E+03, 0.3112640E+02, 0.0000000E+00, 0.1050000E+03, 0.1991096E+02, 0.1050000E+03,
 0.5240000E+00, 0.1560845E+03, 0.3113485E+02, 0.0000000E+00, 0.1050000E+03, 0.1994962E+02, 0.1050000E+03,
 0.5260000E+00, 0.1561314E+03, 0.3114316E+02, 0.0000000E+00, 0.1050000E+03, 0.1998828E+02, 0.1050000E+03,
 0.5280000E+00, 0.1561783E+03, 0.3115132E+02, 0.0000000E+00, 0.1050000E+03, 0.2002694E+02, 0.1050000E+03,
 0.5300000E+00, 0.1562249E+03, 0.3115934E+02, 0.0000000E+00, 0.1050000E+03, 0.2006561E+02, 0.1050000E+03,
 0.5320000E+00, 0.1562715E+03, 0.3116723E+02, 0.0000000E+00, 0.1050000E+03, 0.2010428E+02, 0.1050000E+03,
 0.5340000E+00, 0.1563179E+03, 0.3117498E+02, 0.0000000E+00, 0.1050000E+03, 0.2014295E+02, 0.1050000E+03,
 0.5360000E+00, 0.1563642E+03, 0.3118259E+02, 0.0000000E+00, 0.1050000E+03, 0.2018162E+02, 0.1050000E+03,
 0.5380000E+00, 0.1564104E+03, 0.3119007E+02, 0.0000000E+00, 0.1050000E+03, 0.2022029E+02, 0.1050000E+03,
 0.5400000E+00, 0.1564564E+03, 0.3119741E+02, 0.0000000E+00, 0.1050000E+03, 0.2025897E+02, 0.1050000E+03,
 0.5420000E+00, 0.1565023E+03, 0.3120463E+02, 0.0000000E+00, 0.1050000E+03, 0.2029765E+02, 0.1050000E+03,
 0.5440000E+00, 0.1565480E+03, 0.3121171E+02, 0.0000000E+00, 0.1050000E+03, 0.2033633E+02, 0.1050000E+03,
 0.5460000E+00, 0.1565937E+03, 0.3121867E+02, 0.0000000E+00, 0.1050000E+03, 0.2037501E+02, 0.1050000E+03,
 0.5480000E+00, 0.1566392E+03, 0.3122549E+02, 0.0000000E+00, 0.1050000E+03, 0.2041370E+02, 0.1050000E+03,
 0.5500000E+00, 0.1566846E+03, 0.3123220E+02, 0.0000000E+00, 0.1050000E+03, 0.2045238E+02, 0.1050000E+03,
 0.5520000E+00, 0.1567298E+03, 0.3123878E+02, 0.0000000E+00, 0.1050000E+03, 0.2049107E+02, 0.1050000E+03,
 0.5540000E+00, 0.1567750E+03, 0.3124523E+02, 0.0000000E+00, 0.1050000E+03, 0.2052976E+02, 0.1050000E+03,
 0.5560000E+00, 0.1568200E+03, 0.3125156E+02, 0.0000000E+00, 0.1050000E+03, 0.2056845E+02, 0.1050000E+03,
 0.5580000E+00, 0.1568649E+03, 0.3125777E+02, 0.0000000E+00, 0.1050000E+03, 0.2060715E+02, 0.1050000E+03,
 0.5600000E+00, 0.1569097E+03, 0.3126386E+02, 0.0000000E+00, 0.1050000E+03, 0.2064584E+02, 0.1050000E+03,
 0.5620000E+00, 0.1569544E+03, 0.3126983E+02, 0.0000000E+00, 0.1050000E+03, 0.2068453E+02, 0.1050000E+03,
 0.5640000E+00, 0.1569989E+03, 0.3127569E+02, 0.0000000E+00, 0.1050000E+03, 0.2072323E+02, 0.1050000E+03,
 0.5660000E+00, 0.1570434E+03, 0.3128143E+02, 0.0000000E+00, 0.1050000E+03, 0.2076193E+02, 0.1050000E+03,
 0.5680000E+00, 0.1570877E+03, 0.3128705E+02, 0.0000000E+00, 0.1050000E+03, 0.2080063E+02, 0.1050000E+03,
 0.5700000E+00, 0.1571319E+03, 0.3129256E+02, 0.0000000E+00, 0.1050000E+03, 0.2083933E+02, 0.1050000E+03,
 0.5720000E+00, 0.1571760E+03, 0.3129796E+02, 0.0000000E+00, 0.1050000E+03, 0.2087803E+02, 0.1050000E+03,
 0.5740000E+00, 0.1572200E+03, 0.3130325E+02, 0.0000000E+00, 0.1050000E+03, 0.2091673E+02, 0.1050000E+03,
 0.5760000E+00, 0.1572639E+03, 0.3130842E+02, 0.0000000E+00, 0.1050000E+03, 0.2095544E+02, 0.1050000E+03,
 0.5780000E+00, 0.1573076E+03, 0.3131349E+02, 0.0000000E+00, 0.1050000E+03, 0.2099415E+02, 0.1050000E+03,
 0.5800000E+00, 0.1573513E+03, 0.3131844E+02, 0.0000000E+00, 0.1050000E+03, 0.2103285E+02, 0.1050000E+03,
 0.5820000E+00, 0.1573949E+03, 0.3132329E+02, 0.0000000E+00, 0.1050000E+03, 0.2107156E+02, 0.1050000E+03,
 0.5840000E+00, 0.1574383E+03, 0.3132803E+02, 0.0000000E+00, 0.1050000E+03, 0.2111027E+02, 0.1050000E+03,
 0.5860000E+00, 0.1574816E+03, 0.3133267E+02, 0.0000000E+00, 0.1050000E+03, 0.2114898E+02, 0.1050000E+03,
 0.5880000E+00, 0.1575249E+03, 0.3133720E+02, 0.0000000E+00, 0.1050000E+03, 0.2118769E+02, 0.1050000E+03,
 0.5900000E+00, 0.1575680E+03, 0.3134163E+02, 0.0000000E+00, 0.1050000E+03, 0.2122640E+02, 0.1050000E+03,
 0.5920000E+00, 0.1576111E+03, 0.3134596E+02, 0.0000000E+00, 0.1050000E+03, 0.2126512E+02, 0.1050000E+03,
 0.5940000E+00, 0.1576540E+03, 0.3135018E+02, 0.0000000E+00, 0.1050000E+03, 0.2130383E+02, 0.1050000E+03,
 0.5960000E+00, 0.1576969E+03, 0.3135431E+02, 0.0000000E+00, 0.1050000E+03, 0.2134254E+02, 0.1050000E+03,
 0.5980000E+00, 0.1577396E+03, 0.3135833E+02, 0.0000000E+00, 0.1050000E+03, 0.2138126E+02, 0.1050000E+03,
 0.6000000E+00, 0.1577822E+03, 0.3136225E+02, 0.0000000E+00, 0.1050000E+03, 0.2141998E+02, 0.1050000E+03,
 0.6020000E+00, 0.1578248E+03, 0.3136608E+02, 0.0000000E+00, 0.1050000E+03, 0.2145869E+02, 0.1050000E+03,
 0.6040000E+00, 0.1578672E+03, 0.3136981E+02, 0.0000000E+00, 0.1050000E+03, 0.2149741E+02, 0.1050000E+03,
 0.6060000E+00, 0.1579096E+03, 0.3137344E+02, 0.0000000E+00, 0.1050000E+03, 0.2153613E+02, 0.1050000E+03,
 0.6080000E+00, 0.1579518E+03, 0.3137698E+02, 0.0000000E+00, 0.1050000E+03, 0.2157485E+02, 0.1050000E+03,
 0.6100000E+00, 0.1579940E+03, 0.3138042E+02, 0.0000000E+00, 0.1050000E+03, 0.2161357E+02, 0.1050000E+03,
 0.6120000E+00, 0.1580361E+03, 0.3138377E+02, 0.0000000E+00, 0.1050000E+03, 0.2165229E+02, 0.1050000E+03,
 0.6140000E+00, 0.1580780E+03, 0.3138703E+02, 0.0000000E+00, 0.1050000E+03, 0.2169102E+02, 0.1050000E+03,
 0.6160000E+00, 0.1581199E+03, 0.3139019E+02, 0.0000000E+00, 0.1050000E+03, 0.2172974E+02, 0.1050000E+03,
 0.6180000E+00, 0.1581617E+03, 0.3139326E+02, 0.0000000E+00, 0.1050000E+03, 0.2176846E+02, 0.1050000E+03,
 0.6200000E+00, 0.1582034E+03, 0.3139624E+02, 0.0000000E+00, 0.1050000E+03, 0.2180719E+02, 0.1050000E+03,
 0.6220000E+00, 0.1582451E+03, 0.3139914E+02, 0.0000000E+00, 0.1050000E+03, 0.2184591E+02, 0.1050000E+03,
 0.6240000E+00, 0.1582866E+03, 0.3140194E+02, 0.0000000E+00, 0.1050000E+03, 0.2188464E+02, 0.1050000E+03,
 0.6260000E+00, 0.1583280E+03, 0.3140465E+02, 0.0000000E+00, 0.1050000E+03, 0.2192337E+02, 0.1050000E+03,
 0.6280000E+00, 0.1583694E+03, 0.3140728E+02, 0.0000000E+00, 0.1050000E+03, 0.2196210E+02, 0.1050000E+03,
 0.6300000E+00, 0.1584106E+03, 0.3140981E+02, 0.0000000E+00, 0.1050000E+03, 0.2200083E+02, 0.1050000E+03,
 0.6320000E+00, 0.1584518E+03, 0.3141227E+02, 0.0000000E+00, 0.1050000E+03, 0.2203956E+02, 0.1050000E+03,
 0.6340000E+00, 0.1584929E+03, 0.3141463E+02, 0.0000000E+00, 0.1050000E+03, 0.2207829E+02, 0.1050000E+03,
 0.6360000E+00, 0.1585339E+03, 0.3141692E+02, 0.0000000E+00, 0.1050000E+03, 0.2211703E+02, 0.1050000E+03,
 0.6380000E+00, 0.1585749E+03, 0.3141911E+02, 0.0000000E+00, 0.1050000E+03, 0.2215576E+02, 0.1050000E+03,
 0.6400000E+00, 0.1586157E+03, 0.3142123E+02, 0.0000000E+00, 0.1050000E+03, 0.2219450E+02, 0.1050000E+03,
 0.6420000E+00, 0.1586565E+03, 0.3142326E+02, 0.0000000E+00, 0.1050000E+03, 0.2223323E+02, 0.1050000E+03,
 0.6440000E+00, 0.1586972E+03, 0.3142521E+02, 0.0000000E+00, 0.1050000E+03, 0.2227197E+02, 0.1050000E+03,
 0.6460000E+00, 0.1587378E+03, 0.3142707E+02, 0.0000000E+00, 0.1050000E+03, 0.2231071E+02, 0.1050000E+03,
 0.6480000E+00, 0.1587783E+03, 0.3142886E+02, 0.0000000E+00, 0.1050000E+03, 0.2234945E+02, 0.1050000E+03,
 0.6500000E+00, 0.1588188E+03, 0.3143057E+02, 0.0000000E+00, 0.1050000E+03, 0.2238819E+02, 0.1050000E+03,
 0.6520000E+00, 0.1588591E+03, 0.3143219E+02, 0.0000000E+00, 0.1050000E+03, 0.2242694E+02, 0.1050000E+03,
 0.6540000E+00, 0.1588994E+03, 0.3143374E+02, 0.0000000E+00, 0.1050000E+03, 0.2246568E+02, 0.1050000E+03,
 0.6560000E+00, 0.1589396E+03, 0.3143521E+02, 0.0000000E+00, 0.1050000E+03, 0.2250443E+02, 0.1050000E+03,
 0.6580000E+00, 0.1589798E+03, 0.3143660E+02, 0.0000000E+00, 0.1050000E+03, 0.2254317E+02, 0.1050000E+03,
 0.6600000E+00, 0.1590198E+03, 0.3143792E+02, 0.0000000E+00, 0.1050000E+03, 0.2258192E+02, 0.1050000E+03,
 0.6620000E+00, 0.1590598E+03, 0.3143915E+02, 0.0000000E+00, 0.1050000E+03, 0.2262067E+02, 0.1050000E+03,
 0.6640000E+00, 0.1590997E+03, 0.3144032E+02, 0.0000000E+00, 0.1050000E+03, 0.2265942E+02, 0.1050000E+03,
 0.6660000E+00, 0.1591396E+03, 0.3144140E+02, 0.0000000E+00, 0.1050000E+03, 0.2269818E+02, 0.1050000E+03,
 0.6680000E+00, 0.1591794E+03, 0.3144241E+02, 0.0000000E+00, 0.1050000E+03, 0.2273693E+02, 0.1050000E+03,
 0.6700000E+00, 0.1592190E+03, 0.3144335E+02, 0.0000000E+00, 0.1050000E+03, 0.2277569E+02, 0.1050000E+03,
 0.6720000E+00, 0.1592587E+03, 0.3144421E+02, 0.0000000E+00, 0.1050000E+03, 0.2281445E+02, 0.1050000E+03,
 0.6740000E+00, 0.1592982E+03, 0.3144500E+02, 0.0000000E+00, 0.1050000E+03, 0.2285320E+02, 0.1050000E+03,
 0.6760000E+00, 0.1593377E+03, 0.3144572E+02, 0.0000000E+00, 0.1050000E+03, 0.2289197E+02, 0.1050000E+03,
 0.6780000E+00, 0.1593771E+03, 0.3144636E+02, 0.0000000E+00, 0.1050000E+03, 0.2293073E+02, 0.1050000E+03,
 0.6800000E+00, 0.1594164E+03, 0.3144694E+02, 0.0000000E+00, 0.1050000E+03, 0.2296949E+02, 0.1050000E+03,
 0.6820000E+00, 0.1594557E+03, 0.3144744E+02, 0.0000000E+00, 0.1050000E+03, 0.2300826E+02, 0.1050000E+03,
 0.6840000E+00, 0.1594949E+03, 0.3144787E+02, 0.0000000E+00, 0.1050000E+03, 0.2304703E+02, 0.1050000E+03,
 0.6860000E+00, 0.1595340E+03, 0.3144823E+02, 0.0000000E+00, 0.1050000E+03, 0.2308579E+02, 0.1050000E+03,
 0.6880000E+00, 0.1595731E+03, 0.3144853E+02, 0.0000000E+00, 0.1050000E+03, 0.2312457E+02, 0.1050000E+03,
 0.6900000E+00, 0.1596121E+03, 0.3144875E+02, 0.0000000E+00, 0.1050000E+03, 0.2316334E+02, 0.1050000E+03,
 0.6920000E+00, 0.1596510E+03, 0.3144891E+02, 0.0000000E+00, 0.1050000E+03, 0.2320211E+02, 0.1050000E+03,
 0.6940000E+00, 0.1596899E+03, 0.3144899E+02, 0.0000000E+00, 0.1050000E+03, 0.2324089E+02, 0.1050000E+03,
 0.6960000E+00, 0.1597287E+03, 0.3144901E+02, 0.0000000E+00, 0.1050000E+03, 0.2327966E+02, 0.1050000E+03,
 0.6980000E+00, 0.1597674E+03, 0.3144897E+02, 0.0000000E+00, 0.1050000E+03, 0.2331844E+02, 0.1050000E+03,
 0.7000000E+00, 0.1598061E+03, 0.3144885E+02, 0.0000000E+00, 0.1050000E+03, 0.2335722E+02, 0.1050000E+03,
 0.7020000E+00, 0.1598447E+03, 0.3144867E+02, 0.0000000E+00, 0.1050000E+03, 0.2339601E+02, 0.1050000E+03,
 0.7040000E+00, 0.1598832E+03, 0.3144843E+02, 0.0000000E+00, 0.1050000E+03, 0.2343479E+02, 0.1050000E+03,
 0.7060000E+00, 0.1599217E+03, 0.3144812E+02, 0.0000000E+00, 0.1050000E+03, 0.2347358E+02, 0.1050000E+03,
 0.7080000E+00, 0.1599601E+03, 0.3144774E+02, 0.0000000E+00, 0.1050000E+03, 0.2351236E+02, 0.1050000E+03,
 0.7100000E+00, 0.1599985E+03, 0.3144730E+02, 0.0000000E+00, 0.1050000E+03, 0.2355115E+02, 0.1050000E+03,
 0.7120000E+00, 0.1600367E+03, 0.3144680E+02, 0.0000000E+00, 0.1050000E+03, 0.2358994E+02, 0.1050000E+03,
 0.7140000E+00, 0.1600750E+03, 0.3144624E+02, 0.0000000E+00, 0.1050000E+03, 0.2362873E+02, 0.1050000E+03,
 0.7160000E+00, 0.1601131E+03, 0.3144561E+02, 0.0000000E+00, 0.1050000E+03, 0.2366753E+02, 0.1050000E+03,
 0.7180000E+00, 0.1601512E+03, 0.3144492E+02, 0.0000000E+00, 0.1050000E+03, 0.2370633E+02, 0.1050000E+03,
 0.7200000E+00, 0.1601893E+03, 0.3144416E+02, 0.0000000E+00, 0.1050000E+03, 0.2374512E+02, 0.1050000E+03,
 0.7220000E+00, 0.1602273E+03, 0.3144335E+02, 0.0000000E+00, 0.1050000E+03, 0.2378392E+02, 0.1050000E+03,
 0.7240000E+00, 0.1602652E+03, 0.3144248E+02, 0.0000000E+00, 0.1050000E+03, 0.2382272E+02, 0.1050000E+03,
 0.7260000E+00, 0.1603031E+03, 0.3144154E+02, 0.0000000E+00, 0.1050000E+03, 0.2386152E+02, 0.1050000E+03,
 0.7280000E+00, 0.1603409E+03, 0.3144055E+02, 0.0000000E+00, 0.1050000E+03, 0.2390033E+02, 0.1050000E+03,
 0.7300000E+00, 0.1603786E+03, 0.3143949E+02, 0.0000000E+00, 0.1050000E+03, 0.2393913E+02, 0.1050000E+03,
 0.7320000E+00, 0.1604163E+03, 0.3143838E+02, 0.0000000E+00, 0.1050000E+03, 0.2397794E+02, 0.1050000E+03,
 0.7340000E+00, 0.1604540E+03, 0.3143721E+02, 0.0000000E+00, 0.1050000E+03, 0.2401675E+02, 0.1050000E+03,
 0.7360000E+00, 0.1604915E+03, 0.3143598E+02, 0.0000000E+00, 0.1050000E+03, 0.2405556E+02, 0.1050000E+03,
 0.7380000E+00, 0.1605291E+03, 0.3143469E+02, 0.0000000E+00, 0.1050000E+03, 0.2409438E+02, 0.1050000E+03,
 0.7400000E+00, 0.1605665E+03, 0.3143335E+02, 0.0000000E+00, 0.1050000E+03, 0.2413319E+02, 0.1050000E+03,
 0.7420000E+00, 0.1606039E+03, 0.3143194E+02, 0.0000000E+00, 0.1050000E+03, 0.2417200E+02, 0.1050000E+03,
 0.7440000E+00, 0.1606413E+03, 0.3143048E+02, 0.0000000E+00, 0.1050000E+03, 0.2421082E+02, 0.1050000E+03,
 0.7460000E+00, 0.1606786E+03, 0.3142897E+02, 0.0000000E+00, 0.1050000E+03, 0.2424964E+02, 0.1050000E+03,
 0.7480000E+00, 0.1607159E+03, 0.3142740E+02, 0.0000000E+00, 0.1050000E+03, 0.2428846E+02, 0.1050000E+03,
 0.7500000E+00, 0.1607531E+03, 0.3142577E+02, 0.0000000E+00, 0.1050000E+03, 0.2432729E+02, 0.1050000E+03,
 0.7520000E+00, 0.1607902E+03, 0.3142409E+02, 0.0000000E+00, 0.1050000E+03, 0.2436611E+02, 0.1050000E+03,
 0.7540000E+00, 0.1608273E+03, 0.3142236E+02, 0.0000000E+00, 0.1050000E+03, 0.2440494E+02, 0.1050000E+03,
 0.7560000E+00, 0.1608643E+03, 0.3142057E+02, 0.0000000E+00, 0.1050000E+03, 0.2444377E+02, 0.1050000E+03,
 0.7580000E+00, 0.1609013E+03, 0.3141872E+02, 0.0000000E+00, 0.1050000E+03, 0.2448260E+02, 0.1050000E+03,
 0.7600000E+00, 0.1609382E+03, 0.3141683E+02, 0.0000000E+00, 0.1050000E+03, 0.2452143E+02, 0.1050000E+03,
 0.7620000E+00, 0.1609751E+03, 0.3141488E+02, 0.0000000E+00, 0.1050000E+03, 0.2456026E+02, 0.1050000E+03,
 0.7640000E+00, 0.1610120E+03, 0.3141287E+02, 0.0000000E+00, 0.1050000E+03, 0.2459910E+02, 0.1050000E+03,
 0.7660000E+00, 0.1610488E+03, 0.3141082E+02, 0.0000000E+00, 0.1050000E+03, 0.2463794E+02, 0.1050000E+03,
 0.7680000E+00, 0.1610855E+03, 0.3140872E+02, 0.0000000E+00, 0.1050000E+03, 0.2467677E+02, 0.1050000E+03,
 0.7700000E+00, 0.1611222E+03, 0.3140656E+02, 0.0000000E+00, 0.1050000E+03, 0.2471562E+02, 0.1050000E+03,
 0.7720000E+00, 0.1611588E+03, 0.3140435E+02, 0.0000000E+00, 0.1050000E+03, 0.2475446E+02, 0.1050000E+03,
 0.7740000E+00, 0.1611954E+03, 0.3140209E+02, 0.0000000E+00, 0.1050000E+03, 0.2479330E+02, 0.1050000E+03,
 0.7760000E+00, 0.1612319E+03, 0.3139978E+02, 0.0000000E+00, 0.1050000E+03, 0.2483215E+02, 0.1050000E+03,
 0.7780000E+00, 0.1612684E+03, 0.3139742E+02, 0.0000000E+00, 0.1050000E+03, 0.2487100E+02, 0.1050000E+03,
 0.7800000E+00, 0.1613049E+03, 0.3139502E+02, 0.0000000E+00, 0.1050000E+03, 0.2490985E+02, 0.1050000E+03,
 0.7820000E+00, 0.1613413E+03, 0.3139256E+02, 0.0000000E+00, 0.1050000E+03, 0.2494871E+02, 0.1050000E+03,
 0.7840000E+00, 0.1613776E+03, 0.3139005E+02, 0.0000000E+00, 0.1050000E+03, 0.2498756E+02, 0.1050000E+03,
 0.7860000E+00, 0.1614139E+03, 0.3138750E+02, 0.0000000E+00, 0.1050000E+03, 0.2502642E+02, 0.1050000E+03,
 0.7880000E+00, 0.1614502E+03, 0.3138490E+02, 0.0000000E+00, 0.1050000E+03, 0.2506528E+02, 0.1050000E+03,
 0.7900000E+00, 0.1614864E+03, 0.3138225E+02, 0.0000000E+00, 0.1050000E+03, 0.2510414E+02, 0.1050000E+03,
 0.7920000E+00, 0.1615226E+03, 0.3137955E+02, 0.0000000E+00, 0.1050000E+03, 0.2514301E+02, 0.1050000E+03,
 0.7940000E+00, 0.1615587E+03, 0.3137681E+02, 0.0000000E+00, 0.1050000E+03, 0.2518187E+02, 0.1050000E+03,
 0.7960000E+00, 0.1615948E+03, 0.3137402E+02, 0.0000000E+00, 0.1050000E+03, 0.2522074E+02, 0.1050000E+03,
 0.7980000E+00, 0.1616308E+03, 0.3137119E+02, 0.0000000E+00, 0.1050000E+03, 0.2525961E+02, 0.1050000E+03,
 0.8000000E+00, 0.1616668E+03, 0.3136831E+02, 0.0000000E+00, 0.1050000E+03, 0.2529849E+02, 0.1050000E+03,
 0.8020000E+00, 0.1617027E+03, 0.3136538E+02, 0.0000000E+00, 0.1050000E+03, 0.2533736E+02, 0.1050000E+03,
 0.8040000E+00, 0.1617386E+03, 0.3136241E+02, 0.0000000E+00, 0.1050000E+03, 0.2537624E+02, 0.1050000E+03,
 0.8060000E+00, 0.1617745E+03, 0.3135939E+02, 0.0000000E+00, 0.1050000E+03, 0.2541512E+02, 0.1050000E+03,
 0.8080000E+00, 0.1618103E+03, 0.3135633E+02, 0.0000000E+00, 0.1050000E+03, 0.2545401E+02, 0.1050000E+03,
 0.8100000E+00, 0.1618461E+03, 0.3135323E+02, 0.0000000E+00, 0.1050000E+03, 0.2549289E+02, 0.1050000E+03,
 0.8120000E+00, 0.1618819E+03, 0.3135008E+02, 0.0000000E+00, 0.1050000E+03, 0.2553178E+02, 0.1050000E+03,
 0.8140000E+00, 0.1619176E+03, 0.3134689E+02, 0.0000000E+00, 0.1050000E+03, 0.2557067E+02, 0.1050000E+03,
 0.8160000E+00, 0.1619532E+03, 0.3134365E+02, 0.0000000E+00, 0.1050000E+03, 0.2560956E+02, 0.1050000E+03,
 0.8180000E+00, 0.1619888E+03, 0.3134038E+02, 0.0000000E+00, 0.1050000E+03, 0.2564846E+02, 0.1050000E+03,
 0.8200000E+00, 0.1620244E+03, 0.3133706E+02, 0.0000000E+00, 0.1050000E+03, 0.2568736E+02, 0.1050000E+03,
 0.8220000E+00, 0.1620600E+03, 0.3133370E+02, 0.0000000E+00, 0.1050000E+03, 0.2572626E+02, 0.1050000E+03,
 0.8240000E+00, 0.1620955E+03, 0.3133030E+02, 0.0000000E+00, 0.1050000E+03, 0.2576516E+02, 0.1050000E+03,
 0.8260000E+00, 0.1621309E+03, 0.3132685E+02, 0.0000000E+00, 0.1050000E+03, 0.2580406E+02, 0.1050000E+03,
 0.8280000E+00, 0.1621663E+03, 0.3132337E+02, 0.0000000E+00, 0.1050000E+03, 0.2584297E+02, 0.1050000E+03,
 0.8300000E+00, 0.1622017E+03, 0.3131985E+02, 0.0000000E+00, 0.1050000E+03, 0.2588188E+02, 0.1050000E+03,
 0.8320000E+00, 0.1622371E+03, 0.3131628E+02, 0.0000000E+00, 0.1050000E+03, 0.2592079E+02, 0.1050000E+03,
 0.8340000E+00, 0.1622724E+03, 0.3131268E+02, 0.0000000E+00, 0.1050000E+03, 0.2595971E+02, 0.1050000E+03,
 0.8360000E+00, 0.1623077E+03, 0.3130903E+02, 0.0000000E+00, 0.1050000E+03, 0.2599863E+02, 0.1050000E+03,
 0.8380000E+00, 0.1623429E+03, 0.3130535E+02, 0.0000000E+00, 0.1050000E+03, 0.2603755E+02, 0.1050000E+03,
 0.8400000E+00, 0.1623781E+03, 0.3130163E+02, 0.0000000E+00, 0.1050000E+03, 0.2607647E+02, 0.1050000E+03,
 0.8420000E+00, 0.1624133E+03, 0.3129787E+02, 0.0000000E+00, 0.1050000E+03, 0.2611539E+02, 0.1050000E+03,
 0.8440000E+00, 0.1624484E+03, 0.3129407E+02, 0.0000000E+00, 0.1050000E+03, 0.2615432E+02, 0.1050000E+03,
 0.8460000E+00, 0.1624835E+03, 0.3129024E+02, 0.0000000E+00, 0.1050000E+03, 0.2619325E+02, 0.1050000E+03,
 0.8480000E+00, 0.1625185E+03, 0.3128636E+02, 0.0000000E+00, 0.1050000E+03, 0.2623218E+02, 0.1050000E+03,
 0.8500000E+00, 0.1625536E+03, 0.3128245E+02, 0.0000000E+00, 0.1050000E+03, 0.2627112E+02, 0.1050000E+03,
 0.8520000E+00, 0.1625886E+03, 0.3127850E+02, 0.0000000E+00, 0.1050000E+03, 0.2631005E+02, 0.1050000E+03,
 0.8540000E+00, 0.1626235E+03, 0.3127452E+02, 0.0000000E+00, 0.1050000E+03, 0.2634900E+02, 0.1050000E+03,
 0.8560000E+00, 0.1626584E+03, 0.3127050E+02, 0.0000000E+00, 0.1050000E+03, 0.2638794E+02, 0.1050000E+03,
 0.8580000E+00, 0.1626933E+03, 0.3126644E+02, 0.0000000E+00, 0.1050000E+03, 0.2642688E+02, 0.1050000E+03,
 0.8600000E+00, 0.1627282E+03, 0.3126235E+02, 0.0000000E+00, 0.1050000E+03, 0.2646583E+02, 0.1050000E+03,
 0.8620000E+00, 0.1627630E+03, 0.3125822E+02, 0.0000000E+00, 0.1050000E+03, 0.2650478E+02, 0.1050000E+03,
 0.8640000E+00, 0.1627978E+03, 0.3125406E+02, 0.0000000E+00, 0.1050000E+03, 0.2654373E+02, 0.1050000E+03,
 0.8660000E+00, 0.1628326E+03, 0.3124986E+02, 0.0000000E+00, 0.1050000E+03, 0.2658268E+02, 0.1050000E+03,
 0.8680000E+00, 0.1628673E+03, 0.3124563E+02, 0.0000000E+00, 0.1050000E+03, 0.2662164E+02, 0.1050000E+03,
 0.8700000E+00, 0.1629020E+03, 0.3124136E+02, 0.0000000E+00, 0.1050000E+03, 0.2666060E+02, 0.1050000E+03,
 0.8720000E+00, 0.1629366E+03, 0.3123706E+02, 0.0000000E+00, 0.1050000E+03, 0.2669956E+02, 0.1050000E+03,
 0.8740000E+00, 0.1629713E+03, 0.3123273E+02, 0.0000000E+00, 0.1050000E+03, 0.2673852E+02, 0.1050000E+03,
 0.8760000E+00, 0.1630059E+03, 0.3122836E+02, 0.0000000E+00, 0.1050000E+03, 0.2677749E+02, 0.1050000E+03,
 0.8780000E+00, 0.1630404E+03, 0.3122396E+02, 0.0000000E+00, 0.1050000E+03, 0.2681646E+02, 0.1050000E+03,
 0.8800000E+00, 0.1630750E+03, 0.3121953E+02, 0.0000000E+00, 0.1050000E+03, 0.2685543E+02, 0.1050000E+03,
 0.8820000E+00, 0.1631095E+03, 0.3121507E+02, 0.0000000E+00, 0.1050000E+03, 0.2689441E+02, 0.1050000E+03,
 0.8840000E+00, 0.1631440E+03, 0.3121057E+02, 0.0000000E+00, 0.1050000E+03, 0.2693338E+02, 0.1050000E+03,
 0.8860000E+00, 0.1631784E+03, 0.3120605E+02, 0.0000000E+00, 0.1050000E+03, 0.2697236E+02, 0.1050000E+03,
 0.8880000E+00, 0.1632128E+03, 0.3120149E+02, 0.0000000E+00, 0.1050000E+03, 0.2701134E+02, 0.1050000E+03,
 0.8900000E+00, 0.1632472E+03, 0.3119690E+02, 0.0000000E+00, 0.1050000E+03, 0.2705033E+02, 0.1050000E+03,
 0.8920000E+00, 0.1632816E+03, 0.3119227E+02, 0.0000000E+00, 0.1050000E+03, 0.2708931E+02, 0.1050000E+03,
 0.8940000E+00, 0.1633159E+03, 0.3118762E+02, 0.0000000E+00, 0.1050000E+03, 0.2712830E+02, 0.1050000E+03,
 0.8960000E+00, 0.1633502E+03, 0.3118294E+02, 0.0000000E+00, 0.1050000E+03, 0.2716729E+02, 0.1050000E+03,
 0.8980000E+00, 0.1633845E+03, 0.3117823E+02, 0.0000000E+00, 0.1050000E+03, 0.2720629E+02, 0.1050000E+03,
 0.9000000E+00, 0.1634188E+03, 0.3117349E+02, 0.0000000E+00, 0.1050000E+03, 0.2724528E+02, 0.1050000E+03,
 0.9020000E+00, 0.1634530E+03, 0.3116871E+02, 0.0000000E+00, 0.1050000E+03, 0.2728428E+02, 0.1050000E+03,
 0.9040000E+00, 0.1634872E+03, 0.3116391E+02, 0.0000000E+00, 0.1050000E+03, 0.2732328E+02, 0.1050000E+03,
 0.9060000E+00, 0.1635214E+03, 0.3115909E+02, 0.0000000E+00, 0.1050000E+03, 0.2736229E+02, 0.1050000E+03,
 0.9080000E+00, 0.1635555E+03, 0.3115423E+02, 0.0000000E+00, 0.1050000E+03, 0.2740130E+02, 0.1050000E+03,
 0.9100000E+00, 0.1635896E+03, 0.3114934E+02, 0.0000000E+00, 0.1050000E+03, 0.2744031E+02, 0.1050000E+03,
 0.9120000E+00, 0.1636237E+03, 0.3114443E+02, 0.0000000E+00, 0.1050000E+03, 0.2747932E+02, 0.1050000E+03,
 0.9140000E+00, 0.1636578E+03, 0.3113948E+02, 0.0000000E+00, 0.1050000E+03, 0.2751834E+02, 0.1050000E+03,
 0.9160000E+00, 0.1636919E+03, 0.3113452E+02, 0.0000000E+00, 0.1050000E+03, 0.2755736E+02, 0.1050000E+03,
 0.9180000E+00, 0.1637259E+03, 0.3112952E+02, 0.0000000E+00, 0.1050000E+03, 0.2759638E+02, 0.1050000E+03,
 0.9200000E+00, 0.1637599E+03, 0.3112449E+02, 0.0000000E+00, 0.1050000E+03, 0.2763540E+02, 0.1050000E+03,
 0.9220000E+00, 0.1637939E+03, 0.3111944E+02, 0.0000000E+00, 0.1050000E+03, 0.2767443E+02, 0.1050000E+03,
 0.9240000E+00, 0.1638278E+03, 0.3111437E+02, 0.0000000E+00, 0.1050000E+03, 0.2771346E+02, 0.1050000E+03,
 0.9260000E+00, 0.1638618E+03, 0.3110926E+02, 0.0000000E+00, 0.1050000E+03, 0.2775249E+02, 0.1050000E+03,
 0.9280000E+00, 0.1638957E+03, 0.3110413E+02, 0.0000000E+00, 0.1050000E+03, 0.2779153E+02, 0.1050000E+03,
 0.9300000E+00, 0.1639296E+03, 0.3109898E+02, 0.0000000E+00, 0.1050000E+03, 0.2783057E+02, 0.1050000E+03,
 0.9320000E+00, 0.1639634E+03, 0.3109380E+02, 0.0000000E+00, 0.1050000E+03, 0.2786961E+02, 0.1050000E+03,
 0.9340000E+00, 0.1639973E+03, 0.3108859E+02, 0.0000000E+00, 0.1050000E+03, 0.2790866E+02, 0.1050000E+03,
 0.9360000E+00, 0.1640311E+03, 0.3108336E+02, 0.0000000E+00, 0.1050000E+03, 0.2794771E+02, 0.1050000E+03,
 0.9380000E+00, 0.1640649E+03, 0.3107811E+02, 0.0000000E+00, 0.1050000E+03, 0.2798676E+02, 0.1050000E+03,
 0.9400000E+00, 0.1640986E+03, 0.3107283E+02, 0.0000000E+00, 0.1050000E+03, 0.2802582E+02, 0.1050000E+03,
 0.9420000E+00, 0.1641324E+03, 0.3106753E+02, 0.0000000E+00, 0.1050000E+03, 0.2806488E+02, 0.1050000E+03,
 0.9440000E+00, 0.1641661E+03, 0.3106220E+02, 0.0000000E+00, 0.1050000E+03, 0.2810394E+02, 0.1050000E+03,
 0.9460000E+00, 0.1641999E+03, 0.3105685E+02, 0.0000000E+00, 0.1050000E+03, 0.2814301E+02, 0.1050000E+03,
 0.9480000E+00, 0.1642336E+03, 0.3105147E+02, 0.0000000E+00, 0.1050000E+03, 0.2818208E+02, 0.1050000E+03,
 0.9500000E+00, 0.1642672E+03, 0.3104608E+02, 0.0000000E+00, 0.1050000E+03, 0.2822115E+02, 0.1050000E+03,
 0.9520000E+00, 0.1643009E+03, 0.3104066E+02, 0.0000000E+00, 0.1050000E+03, 0.2826023E+02, 0.1050000E+03,
 0.9540000E+00, 0.1643345E+03, 0.3103522E+02, 0.0000000E+00, 0.1050000E+03, 0.2829931E+02, 0.1050000E+03,
 0.9560000E+00, 0.1643681E+03, 0.3102975E+02, 0.0000000E+00, 0.1050000E+03, 0.2833839E+02, 0.1050000E+03,
 0.9580000E+00, 0.1644017E+03, 0.3102426E+02, 0.0000000E+00, 0.1050000E+03, 0.2837748E+02, 0.1050000E+03,
 0.9600000E+00, 0.1644353E+03, 0.3101875E+02, 0.0000000E+00, 0.1050000E+03, 0.2841657E+02, 0.1050000E+03,
 0.9620000E+00, 0.1644689E+03, 0.3101322E+02, 0.0000000E+00, 0.1050000E+03, 0.2845566E+02, 0.1050000E+03,
 0.9640000E+00, 0.1645024E+03, 0.3100767E+02, 0.0000000E+00, 0.1050000E+03, 0.2849476E+02, 0.1050000E+03,
 0.9660000E+00, 0.1645360E+03, 0.3100210E+02, 0.0000000E+00, 0.1050000E+03, 0.2853386E+02, 0.1050000E+03,
 0.9680000E+00, 0.1645695E+03, 0.3099650E+02, 0.0000000E+00, 0.1050000E+03, 0.2857297E+02, 0.1050000E+03,
 0.9700000E+00, 0.1646030E+03, 0.3099089E+02, 0.0000000E+00, 0.1050000E+03, 0.2861208E+02, 0.1050000E+03,
 0.9720000E+00, 0.1646364E+03, 0.3098525E+02, 0.0000000E+00, 0.1050000E+03, 0.2865119E+02, 0.1050000E+03,
 0.9740000E+00, 0.1646699E+03, 0.3097960E+02, 0.0000000E+00, 0.1050000E+03, 0.2869031E+02, 0.1050000E+03,
 0.9760000E+00, 0.1647034E+03, 0.3097392E+02, 0.0000000E+00, 0.1050000E+03, 0.2872943E+02, 0.1050000E+03,
 0.9780000E+00, 0.1647368E+03, 0.3096822E+02, 0.0000000E+00, 0.1050000E+03, 0.2876856E+02, 0.1050000E+03,
 0.9800000E+00, 0.1647702E+03, 0.3096251E+02, 0.0000000E+00, 0.1050000E+03, 0.2880769E+02, 0.1050000E+03,
 0.9820000E+00, 0.1648036E+03, 0.3095677E+02, 0.0000000E+00, 0.1050000E+03, 0.2884682E+02, 0.1050000E+03,
 0.9840000E+00, 0.1648370E+03, 0.3095102E+02, 0.0000000E+00, 0.1050000E+03, 0.2888596E+02, 0.1050000E+03,
 0.9860000E+00, 0.1648703E+03, 0.3094525E+02, 0.0000000E+00, 0.1050000E+03, 0.2892510E+02, 0.1050000E+03,
 0.9880000E+00, 0.1649037E+03, 0.3093946E+02, 0.0000000E+00, 0.1050000E+03, 0.2896425E+02, 0.1050000E+03,
 0.9900000E+00, 0.1649370E+03, 0.3093365E+02, 0.0000000E+00, 0.1050000E+03, 0.2900340E+02, 0.1050000E+03,
 0.9920000E+00, 0.1649704E+03, 0.3092782E+02, 0.0000000E+00, 0.1050000E+03, 0.2904255E+02, 0.1050000E+03,
 0.9940000E+00, 0.1650037E+03, 0.3092197E+02, 0.0000000E+00, 0.1050000E+03, 0.2908171E+02, 0.1050000E+03,
 0.9960000E+00, 0.1650370E+03, 0.3091611E+02, 0.0000000E+00, 0.1050000E+03, 0.2912088E+02, 0.1050000E+03,
 0.9980000E+00, 0.1650703E+03, 0.3091023E+02, 0.0000000E+00, 0.1050000E+03, 0.2916004E+02, 0.1050000E+03,
 0.1000000E+01, 0.1651035E+03, 0.3090433E+02, 0.0000000E+00, 0.1050000E+03, 0.2919921E+02, 0.1050000E+03,
 0.1002000E+01, 0.1651368E+03, 0.3089841E+02, 0.0000000E+00, 0.1050000E+03, 0.2923839E+02, 0.1050000E+03,
 0.1004000E+01, 0.1651700E+03, 0.3089248E+02, 0.0000000E+00, 0.1050000E+03, 0.2927757E+02, 0.1050000E+03,
 0.1006000E+01, 0.1652033E+03, 0.3088653E+02, 0.0000000E+00, 0.1050000E+03, 0.2931676E+02, 0.1050000E+03,
 0.1008000E+01, 0.1652365E+03, 0.3088056E+02, 0.0000000E+00, 0.1050000E+03, 0.2935595E+02, 0.1050000E+03,
 0.1010000E+01, 0.1652697E+03, 0.3087458E+02, 0.0000000E+00, 0.1050000E+03, 0.2939514E+02, 0.1050000E+03,
 0.1012000E+01, 0.1653029E+03, 0.3086858E+02, 0.0000000E+00, 0.1050000E+03, 0.2943434E+02, 0.1050000E+03,
 0.1014000E+01, 0.1653361E+03, 0.3086257E+02, 0.0000000E+00, 0.1050000E+03, 0.2947354E+02, 0.1050000E+03,
 0.1016000E+01, 0.1653693E+03, 0.3085653E+02, 0.0000000E+00, 0.1050000E+03, 0.2951275E+02, 0.1050000E+03,
 0.1018000E+01, 0.1654025E+03, 0.3085049E+02, 0.0000000E+00, 0.1050000E+03, 0.2955196E+02, 0.1050000E+03,
 0.1020000E+01, 0.1654356E+03, 0.3084443E+02, 0.0000000E+00, 0.1050000E+03, 0.2959118E+02, 0.1050000E+03,
 0.1022000E+01, 0.1654688E+03, 0.3083835E+02, 0.0000000E+00, 0.1050000E+03, 0.2963040E+02, 0.1050000E+03,
 0.1024000E+01, 0.1655019E+03, 0.3083226E+02, 0.0000000E+00, 0.1050000E+03, 0.2966963E+02, 0.1050000E+03,
 0.1026000E+01, 0.1655350E+03, 0.3082615E+02, 0.0000000E+00, 0.1050000E+03, 0.2970886E+02, 0.1050000E+03,
 0.1028000E+01, 0.1655681E+03, 0.3082003E+02, 0.0000000E+00, 0.1050000E+03, 0.2974809E+02, 0.1050000E+03,
 0.1030000E+01, 0.1656012E+03, 0.3081390E+02, 0.0000000E+00, 0.1050000E+03, 0.2978733E+02, 0.1050000E+03,
 0.1032000E+01, 0.1656343E+03, 0.3080775E+02, 0.0000000E+00, 0.1050000E+03, 0.2982658E+02, 0.1050000E+03,
 0.1034000E+01, 0.1656674E+03, 0.3080158E+02, 0.0000000E+00, 0.1050000E+03, 0.2986583E+02, 0.1050000E+03,
 0.1036000E+01, 0.1657005E+03, 0.3079541E+02, 0.0000000E+00, 0.1050000E+03, 0.2990508E+02, 0.1050000E+03,
 0.1038000E+01, 0.1657336E+03, 0.3078922E+02, 0.0000000E+00, 0.1050000E+03, 0.2994435E+02, 0.1050000E+03,
 0.1040000E+01, 0.1657666E+03, 0.3078301E+02, 0.0000000E+00, 0.1050000E+03, 0.2998361E+02, 0.1050000E+03,
 0.1042000E+01, 0.1657997E+03, 0.3077679E+02, 0.0000000E+00, 0.1050000E+03, 0.3002288E+02, 0.1050000E+03,
 0.1044000E+01, 0.1658327E+03, 0.3077056E+02, 0.0000000E+00, 0.1050000E+03, 0.3006216E+02, 0.1050000E+03,
 0.1046000E+01, 0.1658658E+03, 0.3076432E+02, 0.0000000E+00, 0.1050000E+03, 0.3010144E+02, 0.1050000E+03,
 0.1048000E+01, 0.1658988E+03, 0.3075806E+02, 0.0000000E+00, 0.1050000E+03, 0.3014072E+02, 0.1050000E+03,
 0.1050000E+01, 0.1659318E+03, 0.3075179E+02, 0.0000000E+00, 0.1050000E+03, 0.3018001E+02, 0.1050000E+03,
 0.1052000E+01, 0.1659648E+03, 0.3074551E+02, 0.0000000E+00, 0.1050000E+03, 0.3021931E+02, 0.1050000E+03,
 0.1054000E+01, 0.1659978E+03, 0.3073922E+02, 0.0000000E+00, 0.1050000E+03, 0.3025861E+02, 0.1050000E+03,
 0.1056000E+01, 0.1660308E+03, 0.3073291E+02, 0.0000000E+00, 0.1050000E+03, 0.3029792E+02, 0.1050000E+03,
 0.1058000E+01, 0.1660638E+03, 0.3072659E+02, 0.0000000E+00, 0.1050000E+03, 0.3033723E+02, 0.1050000E+03,
 0.1060000E+01, 0.1660968E+03, 0.3072026E+02, 0.0000000E+00, 0.1050000E+03, 0.3037654E+02, 0.1050000E+03,
 0.1062000E+01, 0.1661298E+03, 0.3071392E+02, 0.0000000E+00, 0.1050000E+03, 0.3041587E+02, 0.1050000E+03,
 0.1064000E+01, 0.1661628E+03, 0.3070757E+02, 0.0000000E+00, 0.1050000E+03, 0.3045520E+02, 0.1050000E+03,
 0.1066000E+01, 0.1661957E+03, 0.3070121E+02, 0.0000000E+00, 0.1050000E+03, 0.3049453E+02, 0.1050000E+03,
 0.1068000E+01, 0.1662287E+03, 0.3069483E+02, 0.0000000E+00, 0.1050000E+03, 0.3053387E+02, 0.1050000E+03,
 0.1070000E+01, 0.1662617E+03, 0.3068845E+02, 0.0000000E+00, 0.1050000E+03, 0.3057321E+02, 0.1050000E+03,
 0.1072000E+01, 0.1662946E+03, 0.3068205E+02, 0.0000000E+00, 0.1050000E+03, 0.3061256E+02, 0.1050000E+03,
 0.1074000E+01, 0.1663276E+03, 0.3067565E+02, 0.0000000E+00, 0.1050000E+03, 0.3065192E+02, 0.1050000E+03,
 0.1076000E+01, 0.1663605E+03, 0.3066923E+02, 0.0000000E+00, 0.1050000E+03, 0.3069128E+02, 0.1050000E+03,
 0.1078000E+01, 0.1663934E+03, 0.3066281E+02, 0.0000000E+00, 0.1050000E+03, 0.3073065E+02, 0.1050000E+03,
 0.1080000E+01, 0.1664264E+03, 0.3065637E+02, 0.0000000E+00, 0.1050000E+03, 0.3077002E+02, 0.1050000E+03,
 0.1082000E+01, 0.1664593E+03, 0.3064992E+02, 0.0000000E+00, 0.1050000E+03, 0.3080940E+02, 0.1050000E+03,
 0.1084000E+01, 0.1664922E+03, 0.3064347E+02, 0.0000000E+00, 0.1050000E+03, 0.3084878E+02, 0.1050000E+03,
 0.1086000E+01, 0.1665252E+03, 0.3063700E+02, 0.0000000E+00, 0.1050000E+03, 0.3088817E+02, 0.1050000E+03,
 0.1088000E+01, 0.1665581E+03, 0.3063053E+02, 0.0000000E+00, 0.1050000E+03, 0.3092757E+02, 0.1050000E+03,
 0.1090000E+01, 0.1665910E+03, 0.3062404E+02, 0.0000000E+00, 0.1050000E+03, 0.3096697E+02, 0.1050000E+03,
 0.1092000E+01, 0.1666239E+03, 0.3061755E+02, 0.0000000E+00, 0.1050000E+03, 0.3100638E+02, 0.1050000E+03,
 0.1094000E+01, 0.1666568E+03, 0.3061105E+02, 0.0000000E+00, 0.1050000E+03, 0.3104579E+02, 0.1050000E+03,
 0.1096000E+01, 0.1666897E+03, 0.3060454E+02, 0.0000000E+00, 0.1050000E+03, 0.3108521E+02, 0.1050000E+03,
 0.1098000E+01, 0.1667227E+03, 0.3059802E+02, 0.0000000E+00, 0.1050000E+03, 0.3112464E+02, 0.1050000E+03,
 0.1100000E+01, 0.1667556E+03, 0.3059149E+02, 0.0000000E+00, 0.1050000E+03, 0.3116407E+02, 0.1050000E+03,
 0.1102000E+01, 0.1667885E+03, 0.3058495E+02, 0.0000000E+00, 0.1050000E+03, 0.3120351E+02, 0.1050000E+03,
 0.1104000E+01, 0.1668214E+03, 0.3057841E+02, 0.0000000E+00, 0.1050000E+03, 0.3124296E+02, 0.1050000E+03,
 0.1106000E+01, 0.1668543E+03, 0.3057186E+02, 0.0000000E+00, 0.1050000E+03, 0.3128241E+02, 0.1050000E+03,
 0.1108000E+01, 0.1668872E+03, 0.3056530E+02, 0.0000000E+00, 0.1050000E+03, 0.3132187E+02, 0.1050000E+03,
 0.1110000E+01, 0.1669201E+03, 0.3055873E+02, 0.0000000E+00, 0.1050000E+03, 0.3136133E+02, 0.1050000E+03,
 0.1112000E+01, 0.1669530E+03, 0.3055215E+02, 0.0000000E+00, 0.1050000E+03, 0.3140080E+02, 0.1050000E+03,
 0.1114000E+01, 0.1669858E+03, 0.3054557E+02, 0.0000000E+00, 0.1050000E+03, 0.3144028E+02, 0.1050000E+03,
 0.1116000E+01, 0.1670187E+03, 0.3053898E+02, 0.0000000E+00, 0.1050000E+03, 0.3147976E+02, 0.1050000E+03,
 0.1118000E+01, 0.1670516E+03, 0.3053238E+02, 0.0000000E+00, 0.1050000E+03, 0.3151925E+02, 0.1050000E+03,
 0.1120000E+01, 0.1670845E+03, 0.3052578E+02, 0.0000000E+00, 0.1050000E+03, 0.3155875E+02, 0.1050000E+03,
 0.1122000E+01, 0.1671174E+03, 0.3051917E+02, 0.0000000E+00, 0.1050000E+03, 0.3159825E+02, 0.1050000E+03,
 0.1124000E+01, 0.1671503E+03, 0.3051255E+02, 0.0000000E+00, 0.1050000E+03, 0.3163776E+02, 0.1050000E+03,
 0.1126000E+01, 0.1671832E+03, 0.3050592E+02, 0.0000000E+00, 0.1050000E+03, 0.3167728E+02, 0.1050000E+03,
 0.1128000E+01, 0.1672161E+03, 0.3049929E+02, 0.0000000E+00, 0.1050000E+03, 0.3171680E+02, 0.1050000E+03,
 0.1130000E+01, 0.1672490E+03, 0.3049266E+02, 0.0000000E+00, 0.1050000E+03, 0.3175633E+02, 0.1050000E+03,
 0.1132000E+01, 0.1672819E+03, 0.3048601E+02, 0.0000000E+00, 0.1050000E+03, 0.3179587E+02, 0.1050000E+03,
 0.1134000E+01, 0.1673148E+03, 0.3047936E+02, 0.0000000E+00, 0.1050000E+03, 0.3183542E+02, 0.1050000E+03,
 0.1136000E+01, 0.1673477E+03, 0.3047271E+02, 0.0000000E+00, 0.1050000E+03, 0.3187497E+02, 0.1050000E+03,
 0.1138000E+01, 0.1673806E+03, 0.3046605E+02, 0.0000000E+00, 0.1050000E+03, 0.3191453E+02, 0.1050000E+03,
 0.1140000E+01, 0.1674135E+03, 0.3045938E+02, 0.0000000E+00, 0.1050000E+03, 0.3195409E+02, 0.1050000E+03,
 0.1142000E+01, 0.1674464E+03, 0.3045271E+02, 0.0000000E+00, 0.1050000E+03, 0.3199367E+02, 0.1050000E+03,
 0.1144000E+01, 0.1674793E+03, 0.3044603E+02, 0.0000000E+00, 0.1050000E+03, 0.3203325E+02, 0.1050000E+03,
 0.1146000E+01, 0.1675122E+03, 0.3043935E+02, 0.0000000E+00, 0.1050000E+03, 0.3207283E+02, 0.1050000E+03,
 0.1148000E+01, 0.1675451E+03, 0.3043266E+02, 0.0000000E+00, 0.1050000E+03, 0.3211243E+02, 0.1050000E+03,
 0.1150000E+01, 0.1675780E+03, 0.3042596E+02, 0.0000000E+00, 0.1050000E+03, 0.3215203E+02, 0.1050000E+03,
 0.1152000E+01, 0.1676109E+03, 0.3041927E+02, 0.0000000E+00, 0.1050000E+03, 0.3219164E+02, 0.1050000E+03,
 0.1154000E+01, 0.1676438E+03, 0.3041256E+02, 0.0000000E+00, 0.1050000E+03, 0.3223126E+02, 0.1050000E+03,
 0.1156000E+01, 0.1676767E+03, 0.3040586E+02, 0.0000000E+00, 0.1050000E+03, 0.3227088E+02, 0.1050000E+03,
 0.1158000E+01, 0.1677097E+03, 0.3039914E+02, 0.0000000E+00, 0.1050000E+03, 0.3231051E+02, 0.1050000E+03,
 0.1160000E+01, 0.1677426E+03, 0.3039243E+02, 0.0000000E+00, 0.1050000E+03, 0.3235015E+02, 0.1050000E+03,
 0.1162000E+01, 0.1677755E+03, 0.3038571E+02, 0.0000000E+00, 0.1050000E+03, 0.3238980E+02, 0.1050000E+03,
 0.1164000E+01, 0.1678084E+03, 0.3037898E+02, 0.0000000E+00, 0.1050000E+03, 0.3242945E+02, 0.1050000E+03,
 0.1166000E+01, 0.1678414E+03, 0.3037225E+02, 0.0000000E+00, 0.1050000E+03, 0.3246912E+02, 0.1050000E+03,
 0.1168000E+01, 0.1678743E+03, 0.3036552E+02, 0.0000000E+00, 0.1050000E+03, 0.3250879E+02, 0.1050000E+03,
 0.1170000E+01, 0.1679072E+03, 0.3035878E+02, 0.0000000E+00, 0.1050000E+03, 0.3254846E+02, 0.1050000E+03,
 0.1172000E+01, 0.1679402E+03, 0.3035204E+02, 0.0000000E+00, 0.1050000E+03, 0.3258815E+02, 0.1050000E+03,
 0.1174000E+01, 0.1679731E+03, 0.3034529E+02, 0.0000000E+00, 0.1050000E+03, 0.3262784E+02, 0.1050000E+03,
 0.1176000E+01, 0.1680061E+03, 0.3033855E+02, 0.0000000E+00, 0.1050000E+03, 0.3266754E+02, 0.1050000E+03,
 0.1178000E+01, 0.1680390E+03, 0.3033180E+02, 0.0000000E+00, 0.1050000E+03, 0.3270725E+02, 0.1050000E+03,
 0.1180000E+01, 0.1680720E+03, 0.3032504E+02, 0.0000000E+00, 0.1050000E+03, 0.3274697E+02, 0.1050000E+03,
 0.1182000E+01, 0.1681050E+03, 0.3031828E+02, 0.0000000E+00, 0.1050000E+03, 0.3278669E+02, 0.1050000E+03,
 0.1184000E+01, 0.1681379E+03, 0.3031152E+02, 0.0000000E+00, 0.1050000E+03, 0.3282642E+02, 0.1050000E+03,
 0.1186000E+01, 0.1681709E+03, 0.3030476E+02, 0.0000000E+00, 0.1050000E+03, 0.3286616E+02, 0.1050000E+03,
 0.1188000E+01, 0.1682039E+03, 0.3029799E+02, 0.0000000E+00, 0.1050000E+03, 0.3290591E+02, 0.1050000E+03,
 0.1190000E+01, 0.1682369E+03, 0.3029122E+02, 0.0000000E+00, 0.1050000E+03, 0.3294567E+02, 0.1050000E+03,
 0.1192000E+01, 0.1682699E+03, 0.3028445E+02, 0.0000000E+00, 0.1050000E+03, 0.3298543E+02, 0.1050000E+03,
 0.1194000E+01, 0.1683029E+03, 0.3027768E+02, 0.0000000E+00, 0.1050000E+03, 0.3302520E+02, 0.1050000E+03,
 0.1196000E+01, 0.1683359E+03, 0.3027090E+02, 0.0000000E+00, 0.1050000E+03, 0.3306499E+02, 0.1050000E+03,
 0.1198000E+01, 0.1683689E+03, 0.3026412E+02, 0.0000000E+00, 0.1050000E+03, 0.3310477E+02, 0.1050000E+03,
 0.1200000E+01, 0.1684019E+03, 0.3025734E+02, 0.0000000E+00, 0.1050000E+03, 0.3314457E+02, 0.1050000E+03,
 0.1202000E+01, 0.1684349E+03, 0.3025055E+02, 0.0000000E+00, 0.1050000E+03, 0.3318438E+02, 0.1050000E+03,
 0.1204000E+01, 0.1684680E+03, 0.3024376E+02, 0.0000000E+00, 0.1050000E+03, 0.3322419E+02, 0.1050000E+03,
 0.1206000E+01, 0.1685010E+03, 0.3023698E+02, 0.0000000E+00, 0.1050000E+03, 0.3326402E+02, 0.1050000E+03,
 0.1208000E+01, 0.1685340E+03, 0.3023019E+02, 0.0000000E+00, 0.1050000E+03, 0.3330385E+02, 0.1050000E+03,
 0.1210000E+01, 0.1685671E+03, 0.3022340E+02, 0.0000000E+00, 0.1050000E+03, 0.3334369E+02, 0.1050000E+03,
 0.1212000E+01, 0.1686001E+03, 0.3021660E+02, 0.0000000E+00, 0.1050000E+03, 0.3338354E+02, 0.1050000E+03,
 0.1214000E+01, 0.1686332E+03, 0.3020981E+02, 0.0000000E+00, 0.1050000E+03, 0.3342339E+02, 0.1050000E+03,
 0.1216000E+01, 0.1686663E+03, 0.3020301E+02, 0.0000000E+00, 0.1050000E+03, 0.3346326E+02, 0.1050000E+03,
 0.1218000E+01, 0.1686993E+03, 0.3019621E+02, 0.0000000E+00, 0.1050000E+03, 0.3350314E+02, 0.1050000E+03,
 0.1220000E+01, 0.1687324E+03, 0.3018941E+02, 0.0000000E+00, 0.1050000E+03, 0.3354302E+02, 0.1050000E+03,
 0.1222000E+01, 0.1687655E+03, 0.3018261E+02, 0.0000000E+00, 0.1050000E+03, 0.3358291E+02, 0.1050000E+03,
 0.1224000E+01, 0.1687986E+03, 0.3017581E+02, 0.0000000E+00, 0.1050000E+03, 0.3362281E+02, 0.1050000E+03,
 0.1226000E+01, 0.1688317E+03, 0.3016901E+02, 0.0000000E+00, 0.1050000E+03, 0.3366272E+02, 0.1050000E+03,
 0.1228000E+01, 0.1688649E+03, 0.3016221E+02, 0.0000000E+00, 0.1050000E+03, 0.3370264E+02, 0.1050000E+03,
 0.1230000E+01, 0.1688980E+03, 0.3015540E+02, 0.0000000E+00, 0.1050000E+03, 0.3374257E+02, 0.1050000E+03,
 0.1232000E+01, 0.1689311E+03, 0.3014860E+02, 0.0000000E+00, 0.1050000E+03, 0.3378251E+02, 0.1050000E+03,
 0.1234000E+01, 0.1689642E+03, 0.3014179E+02, 0.0000000E+00, 0.1050000E+03, 0.3382245E+02, 0.1050000E+03,
 0.1236000E+01, 0.1689974E+03, 0.3013498E+02, 0.0000000E+00, 0.1050000E+03, 0.3386240E+02, 0.1050000E+03,
 0.1238000E+01, 0.1690305E+03, 0.3012818E+02, 0.0000000E+00, 0.1050000E+03, 0.3390237E+02, 0.1050000E+03,
 0.1240000E+01, 0.1690637E+03, 0.3012137E+02, 0.0000000E+00, 0.1050000E+03, 0.3394234E+02, 0.1050000E+03,
 0.1242000E+01, 0.1690969E+03, 0.3011456E+02, 0.0000000E+00, 0.1050000E+03, 0.3398232E+02, 0.1050000E+03,
 0.1244000E+01, 0.1691301E+03, 0.3010776E+02, 0.0000000E+00, 0.1050000E+03, 0.3402232E+02, 0.1050000E+03,
 0.1246000E+01, 0.1691633E+03, 0.3010095E+02, 0.0000000E+00, 0.1050000E+03, 0.3406232E+02, 0.1050000E+03,
 0.1248000E+01, 0.1691965E+03, 0.3009414E+02, 0.0000000E+00, 0.1050000E+03, 0.3410233E+02, 0.1050000E+03,
 0.1250000E+01, 0.1692297E+03, 0.3008733E+02, 0.0000000E+00, 0.1050000E+03, 0.3414235E+02, 0.1050000E+03,
 0.1252000E+01, 0.1692629E+03, 0.3008052E+02, 0.0000000E+00, 0.1050000E+03, 0.3418238E+02, 0.1050000E+03,
 0.1254000E+01, 0.1692961E+03, 0.3007372E+02, 0.0000000E+00, 0.1050000E+03, 0.3422242E+02, 0.1050000E+03,
 0.1256000E+01, 0.1693294E+03, 0.3006691E+02, 0.0000000E+00, 0.1050000E+03, 0.3426247E+02, 0.1050000E+03,
 0.1258000E+01, 0.1693626E+03, 0.3006010E+02, 0.0000000E+00, 0.1050000E+03, 0.3430252E+02, 0.1050000E+03,
 0.1260000E+01, 0.1693959E+03, 0.3005330E+02, 0.0000000E+00, 0.1050000E+03, 0.3434259E+02, 0.1050000E+03,
 0.1262000E+01, 0.1694292E+03, 0.3004649E+02, 0.0000000E+00, 0.1050000E+03, 0.3438267E+02, 0.1050000E+03,
 0.1264000E+01, 0.1694624E+03, 0.3003968E+02, 0.0000000E+00, 0.1050000E+03, 0.3442276E+02, 0.1050000E+03,
 0.1266000E+01, 0.1694957E+03, 0.3003288E+02, 0.0000000E+00, 0.1050000E+03, 0.3446286E+02, 0.1050000E+03,
 0.1268000E+01, 0.1695290E+03, 0.3002607E+02, 0.0000000E+00, 0.1050000E+03, 0.3450296E+02, 0.1050000E+03,
 0.1270000E+01, 0.1695623E+03, 0.3001927E+02, 0.0000000E+00, 0.1050000E+03, 0.3454308E+02, 0.1050000E+03,
 0.1272000E+01, 0.1695957E+03, 0.3001247E+02, 0.0000000E+00, 0.1050000E+03, 0.3458321E+02, 0.1050000E+03,
 0.1274000E+01, 0.1696290E+03, 0.3000566E+02, 0.0000000E+00, 0.1050000E+03, 0.3462334E+02, 0.1050000E+03,
 0.1276000E+01, 0.1696624E+03, 0.2999886E+02, 0.0000000E+00, 0.1050000E+03, 0.3466349E+02, 0.1050000E+03,
 0.1278000E+01, 0.1696957E+03, 0.2999206E+02, 0.0000000E+00, 0.1050000E+03, 0.3470365E+02, 0.1050000E+03,
 0.1280000E+01, 0.1697291E+03, 0.2998527E+02, 0.0000000E+00, 0.1050000E+03, 0.3474382E+02, 0.1050000E+03,
 0.1282000E+01, 0.1697625E+03, 0.2997847E+02, 0.0000000E+00, 0.1050000E+03, 0.3478399E+02, 0.1050000E+03,
 0.1284000E+01, 0.1697959E+03, 0.2997167E+02, 0.0000000E+00, 0.1050000E+03, 0.3482418E+02, 0.1050000E+03,
 0.1286000E+01, 0.1698293E+03, 0.2996488E+02, 0.0000000E+00, 0.1050000E+03, 0.3486438E+02, 0.1050000E+03,
 0.1288000E+01, 0.1698627E+03, 0.2995808E+02, 0.0000000E+00, 0.1050000E+03, 0.3490459E+02, 0.1050000E+03,
 0.1290000E+01, 0.1698961E+03, 0.2995129E+02, 0.0000000E+00, 0.1050000E+03, 0.3494481E+02, 0.1050000E+03,
 0.1292000E+01, 0.1699295E+03, 0.2994450E+02, 0.0000000E+00, 0.1050000E+03, 0.3498503E+02, 0.1050000E+03,
 0.1294000E+01, 0.1699630E+03, 0.2993771E+02, 0.0000000E+00, 0.1050000E+03, 0.3502528E+02, 0.1050000E+03,
 0.1296000E+01, 0.1699964E+03, 0.2993092E+02, 0.0000000E+00, 0.1050000E+03, 0.3506553E+02, 0.1050000E+03,
 0.1298000E+01, 0.1700299E+03, 0.2992414E+02, 0.0000000E+00, 0.1050000E+03, 0.3510579E+02, 0.1050000E+03,
 0.1300000E+01, 0.1700634E+03, 0.2991735E+02, 0.0000000E+00, 0.1050000E+03, 0.3514606E+02, 0.1050000E+03,
 0.1302000E+01, 0.1700969E+03, 0.2991057E+02, 0.0000000E+00, 0.1050000E+03, 0.3518634E+02, 0.1050000E+03,
 0.1304000E+01, 0.1701304E+03, 0.2990379E+02, 0.0000000E+00, 0.1050000E+03, 0.3522663E+02, 0.1050000E+03,
 0.1306000E+01, 0.1701640E+03, 0.2989702E+02, 0.0000000E+00, 0.1050000E+03, 0.3526694E+02, 0.1050000E+03,
 0.1308000E+01, 0.1701975E+03, 0.2989024E+02, 0.0000000E+00, 0.1050000E+03, 0.3530725E+02, 0.1050000E+03,
 0.1310000E+01, 0.1702310E+03, 0.2988347E+02, 0.0000000E+00, 0.1050000E+03, 0.3534758E+02, 0.1050000E+03,
 0.1312000E+01, 0.1702646E+03, 0.2987670E+02, 0.0000000E+00, 0.1050000E+03, 0.3538792E+02, 0.1050000E+03,
 0.1314000E+01, 0.1702982E+03, 0.2986993E+02, 0.0000000E+00, 0.1050000E+03, 0.3542826E+02, 0.1050000E+03,
 0.1316000E+01, 0.1703318E+03, 0.2986316E+02, 0.0000000E+00, 0.1050000E+03, 0.3546862E+02, 0.1050000E+03,
 0.1318000E+01, 0.1703654E+03, 0.2985639E+02, 0.0000000E+00, 0.1050000E+03, 0.3550899E+02, 0.1050000E+03,
 0.1320000E+01, 0.1703990E+03, 0.2984963E+02, 0.0000000E+00, 0.1050000E+03, 0.3554937E+02, 0.1050000E+03,
 0.1322000E+01, 0.1704326E+03, 0.2984287E+02, 0.0000000E+00, 0.1050000E+03, 0.3558976E+02, 0.1050000E+03,
 0.1324000E+01, 0.1704663E+03, 0.2983611E+02, 0.0000000E+00, 0.1050000E+03, 0.3563017E+02, 0.1050000E+03,
 0.1326000E+01, 0.1704999E+03, 0.2982936E+02, 0.0000000E+00, 0.1050000E+03, 0.3567058E+02, 0.1050000E+03,
 0.1328000E+01, 0.1705336E+03, 0.2982261E+02, 0.0000000E+00, 0.1050000E+03, 0.3571101E+02, 0.1050000E+03,
 0.1330000E+01, 0.1705673E+03, 0.2981586E+02, 0.0000000E+00, 0.1050000E+03, 0.3575144E+02, 0.1050000E+03,
 0.1332000E+01, 0.1706010E+03, 0.2980911E+02, 0.0000000E+00, 0.1050000E+03, 0.3579189E+02, 0.1050000E+03,
 0.1334000E+01, 0.1706347E+03, 0.2980237E+02, 0.0000000E+00, 0.1050000E+03, 0.3583235E+02, 0.1050000E+03,
 0.1336000E+01, 0.1706684E+03, 0.2979563E+02, 0.0000000E+00, 0.1050000E+03, 0.3587282E+02, 0.1050000E+03,
 0.1338000E+01, 0.1707022E+03, 0.2978889E+02, 0.0000000E+00, 0.1050000E+03, 0.3591330E+02, 0.1050000E+03,
 0.1340000E+01, 0.1707359E+03, 0.2978215E+02, 0.0000000E+00, 0.1050000E+03, 0.3595380E+02, 0.1050000E+03,
 0.1342000E+01, 0.1707697E+03, 0.2977542E+02, 0.0000000E+00, 0.1050000E+03, 0.3599430E+02, 0.1050000E+03,
 0.1344000E+01, 0.1708035E+03, 0.2976869E+02, 0.0000000E+00, 0.1050000E+03, 0.3603482E+02, 0.1050000E+03,
 0.1346000E+01, 0.1708373E+03, 0.2976197E+02, 0.0000000E+00, 0.1050000E+03, 0.3607535E+02, 0.1050000E+03,
 0.1348000E+01, 0.1708711E+03, 0.2975525E+02, 0.0000000E+00, 0.1050000E+03, 0.3611589E+02, 0.1050000E+03,
 0.1350000E+01, 0.1709050E+03, 0.2974853E+02, 0.0000000E+00, 0.1050000E+03, 0.3615644E+02, 0.1050000E+03,
 0.1352000E+01, 0.1709388E+03, 0.2974181E+02, 0.0000000E+00, 0.1050000E+03, 0.3619700E+02, 0.1050000E+03,
 0.1354000E+01, 0.1709727E+03, 0.2973510E+02, 0.0000000E+00, 0.1050000E+03, 0.3623758E+02, 0.1050000E+03,
 0.1356000E+01, 0.1710065E+03, 0.2972839E+02, 0.0000000E+00, 0.1050000E+03, 0.3627817E+02, 0.1050000E+03,
 0.1358000E+01, 0.1710405E+03, 0.2972168E+02, 0.0000000E+00, 0.1050000E+03, 0.3631877E+02, 0.1050000E+03,
 0.1360000E+01, 0.1710744E+03, 0.2971498E+02, 0.0000000E+00, 0.1050000E+03, 0.3635938E+02, 0.1050000E+03,
 0.1362000E+01, 0.1711083E+03, 0.2970828E+02, 0.0000000E+00, 0.1050000E+03, 0.3640000E+02, 0.1050000E+03,
 0.1364000E+01, 0.1711422E+03, 0.2970158E+02, 0.0000000E+00, 0.1050000E+03, 0.3644064E+02, 0.1050000E+03,
 0.1366000E+01, 0.1711762E+03, 0.2969489E+02, 0.0000000E+00, 0.1050000E+03, 0.3648129E+02, 0.1050000E+03,
 0.1368000E+01, 0.1712101E+03, 0.2968820E+02, 0.0000000E+00, 0.1050000E+03, 0.3652195E+02, 0.1050000E+03,
 0.1370000E+01, 0.1712441E+03, 0.2968152E+02, 0.0000000E+00, 0.1050000E+03, 0.3656262E+02, 0.1050000E+03,
 0.1372000E+01, 0.1712781E+03, 0.2967484E+02, 0.0000000E+00, 0.1050000E+03, 0.3660330E+02, 0.1050000E+03,
 0.1374000E+01, 0.1713122E+03, 0.2966816E+02, 0.0000000E+00, 0.1050000E+03, 0.3664400E+02, 0.1050000E+03,
 0.1376000E+01, 0.1713462E+03, 0.2966149E+02, 0.0000000E+00, 0.1050000E+03, 0.3668471E+02, 0.1050000E+03,
 0.1378000E+01, 0.1713802E+03, 0.2965482E+02, 0.0000000E+00, 0.1050000E+03, 0.3672543E+02, 0.1050000E+03,
 0.1380000E+01, 0.1714143E+03, 0.2964815E+02, 0.0000000E+00, 0.1050000E+03, 0.3676616E+02, 0.1050000E+03,
 0.1382000E+01, 0.1714484E+03, 0.2964149E+02, 0.0000000E+00, 0.1050000E+03, 0.3680691E+02, 0.1050000E+03,
 0.1384000E+01, 0.1714825E+03, 0.2963483E+02, 0.0000000E+00, 0.1050000E+03, 0.3684767E+02, 0.1050000E+03,
 0.1386000E+01, 0.1715166E+03, 0.2962818E+02, 0.0000000E+00, 0.1050000E+03, 0.3688844E+02, 0.1050000E+03,
 0.1388000E+01, 0.1715508E+03, 0.2962153E+02, 0.0000000E+00, 0.1050000E+03, 0.3692922E+02, 0.1050000E+03,
 0.1390000E+01, 0.1715849E+03, 0.2961488E+02, 0.0000000E+00, 0.1050000E+03, 0.3697002E+02, 0.1050000E+03,
 0.1392000E+01, 0.1716191E+03, 0.2960824E+02, 0.0000000E+00, 0.1050000E+03, 0.3701083E+02, 0.1050000E+03,
 0.1394000E+01, 0.1716533E+03, 0.2960160E+02, 0.0000000E+00, 0.1050000E+03, 0.3705165E+02, 0.1050000E+03,
 0.1396000E+01, 0.1716875E+03, 0.2959497E+02, 0.0000000E+00, 0.1050000E+03, 0.3709248E+02, 0.1050000E+03,
 0.1398000E+01, 0.1717217E+03, 0.2958834E+02, 0.0000000E+00, 0.1050000E+03, 0.3713333E+02, 0.1050000E+03,
 0.1400000E+01, 0.1717559E+03, 0.2958172E+02, 0.0000000E+00, 0.1050000E+03, 0.3717419E+02, 0.1050000E+03,
 0.1402000E+01, 0.1717902E+03, 0.2957510E+02, 0.0000000E+00, 0.1050000E+03, 0.3721507E+02, 0.1050000E+03,
 0.1404000E+01, 0.1718244E+03, 0.2956848E+02, 0.0000000E+00, 0.1050000E+03, 0.3725595E+02, 0.1050000E+03,
 0.1406000E+01, 0.1718587E+03, 0.2956187E+02, 0.0000000E+00, 0.1050000E+03, 0.3729685E+02, 0.1050000E+03,
 0.1408000E+01, 0.1718930E+03, 0.2955526E+02, 0.0000000E+00, 0.1050000E+03, 0.3733776E+02, 0.1050000E+03,
 0.1410000E+01, 0.1719274E+03, 0.2954866E+02, 0.0000000E+00, 0.1050000E+03, 0.3737869E+02, 0.1050000E+03,
 0.1412000E+01, 0.1719617E+03, 0.2954206E+02, 0.0000000E+00, 0.1050000E+03, 0.3741963E+02, 0.1050000E+03,
 0.1414000E+01, 0.1719960E+03, 0.2953547E+02, 0.0000000E+00, 0.1050000E+03, 0.3746058E+02, 0.1050000E+03,
 0.1416000E+01, 0.1720304E+03, 0.2952888E+02, 0.0000000E+00, 0.1050000E+03, 0.3750155E+02, 0.1050000E+03,
 0.1418000E+01, 0.1720648E+03, 0.2952229E+02, 0.0000000E+00, 0.1050000E+03, 0.3754253E+02, 0.1050000E+03,
 0.1420000E+01, 0.1720992E+03, 0.2951571E+02, 0.0000000E+00, 0.1050000E+03, 0.3758352E+02, 0.1050000E+03,
 0.1422000E+01, 0.1721337E+03, 0.2950914E+02, 0.0000000E+00, 0.1050000E+03, 0.3762452E+02, 0.1050000E+03,
 0.1424000E+01, 0.1721681E+03, 0.2950257E+02, 0.0000000E+00, 0.1050000E+03, 0.3766554E+02, 0.1050000E+03,
 0.1426000E+01, 0.1722026E+03, 0.2949600E+02, 0.0000000E+00, 0.1050000E+03, 0.3770658E+02, 0.1050000E+03,
 0.1428000E+01, 0.1722371E+03, 0.2948944E+02, 0.0000000E+00, 0.1050000E+03, 0.3774762E+02, 0.1050000E+03,
 0.1430000E+01, 0.1722716E+03, 0.2948289E+02, 0.0000000E+00, 0.1050000E+03, 0.3778868E+02, 0.1050000E+03,
 0.1432000E+01, 0.1723061E+03, 0.2947634E+02, 0.0000000E+00, 0.1050000E+03, 0.3782976E+02, 0.1050000E+03,
 0.1434000E+01, 0.1723406E+03, 0.2946979E+02, 0.0000000E+00, 0.1050000E+03, 0.3787085E+02, 0.1050000E+03,
 0.1436000E+01, 0.1723752E+03, 0.2946325E+02, 0.0000000E+00, 0.1050000E+03, 0.3791195E+02, 0.1050000E+03,
 0.1438000E+01, 0.1724098E+03, 0.2945671E+02, 0.0000000E+00, 0.1050000E+03, 0.3795306E+02, 0.1050000E+03,
 0.1440000E+01, 0.1724444E+03, 0.2945018E+02, 0.0000000E+00, 0.1050000E+03, 0.3799419E+02, 0.1050000E+03,
 0.1442000E+01, 0.1724790E+03, 0.2944366E+02, 0.0000000E+00, 0.1050000E+03, 0.3803533E+02, 0.1050000E+03,
 0.1444000E+01, 0.1725136E+03, 0.2943713E+02, 0.0000000E+00, 0.1050000E+03, 0.3807648E+02, 0.1050000E+03,
 0.1446000E+01, 0.1725483E+03, 0.2943062E+02, 0.0000000E+00, 0.1050000E+03, 0.3811765E+02, 0.1050000E+03,
 0.1448000E+01, 0.1725829E+03, 0.2942410E+02, 0.0000000E+00, 0.1050000E+03, 0.3815883E+02, 0.1050000E+03,
 0.1450000E+01, 0.1726176E+03, 0.2941760E+02, 0.0000000E+00, 0.1050000E+03, 0.3820002E+02, 0.1050000E+03,
 0.1452000E+01, 0.1726523E+03, 0.2941110E+02, 0.0000000E+00, 0.1050000E+03, 0.3824123E+02, 0.1050000E+03,
 0.1454000E+01, 0.1726871E+03, 0.2940460E+02, 0.0000000E+00, 0.1050000E+03, 0.3828246E+02, 0.1050000E+03,
 0.1456000E+01, 0.1727218E+03, 0.2939811E+02, 0.0000000E+00, 0.1050000E+03, 0.3832370E+02, 0.1050000E+03,
 0.1458000E+01, 0.1727566E+03, 0.2939163E+02, 0.0000000E+00, 0.1050000E+03, 0.3836495E+02, 0.1050000E+03,
 0.1460000E+01, 0.1727914E+03, 0.2938515E+02, 0.0000000E+00, 0.1050000E+03, 0.3840621E+02, 0.1050000E+03,
 0.1462000E+01, 0.1728262E+03, 0.2937867E+02, 0.0000000E+00, 0.1050000E+03, 0.3844749E+02, 0.1050000E+03,
 0.1464000E+01, 0.1728610E+03, 0.2937220E+02, 0.0000000E+00, 0.1050000E+03, 0.3848879E+02, 0.1050000E+03,
 0.1466000E+01, 0.1728958E+03, 0.2936574E+02, 0.0000000E+00, 0.1050000E+03, 0.3853010E+02, 0.1050000E+03,
 0.1468000E+01, 0.1729307E+03, 0.2935928E+02, 0.0000000E+00, 0.1050000E+03, 0.3857142E+02, 0.1050000E+03,
 0.1470000E+01, 0.1729656E+03, 0.2935283E+02, 0.0000000E+00, 0.1050000E+03, 0.3861276E+02, 0.1050000E+03,
 0.1472000E+01, 0.1730005E+03, 0.2934638E+02, 0.0000000E+00, 0.1050000E+03, 0.3865411E+02, 0.1050000E+03,
 0.1474000E+01, 0.1730354E+03, 0.2933994E+02, 0.0000000E+00, 0.1050000E+03, 0.3869548E+02, 0.1050000E+03,
 0.1476000E+01, 0.1730704E+03, 0.2933350E+02, 0.0000000E+00, 0.1050000E+03, 0.3873687E+02, 0.1050000E+03,
 0.1478000E+01, 0.1731053E+03, 0.2932707E+02, 0.0000000E+00, 0.1050000E+03, 0.3877826E+02, 0.1050000E+03,
 0.1480000E+01, 0.1731403E+03, 0.2932064E+02, 0.0000000E+00, 0.1050000E+03, 0.3881968E+02, 0.1050000E+03,
 0.1482000E+01, 0.1731753E+03, 0.2931422E+02, 0.0000000E+00, 0.1050000E+03, 0.3886110E+02, 0.1050000E+03,
 0.1484000E+01, 0.1732104E+03, 0.2930781E+02, 0.0000000E+00, 0.1050000E+03, 0.3890255E+02, 0.1050000E+03,
 0.1486000E+01, 0.1732454E+03, 0.2930140E+02, 0.0000000E+00, 0.1050000E+03, 0.3894401E+02, 0.1050000E+03,
 0.1488000E+01, 0.1732805E+03, 0.2929499E+02, 0.0000000E+00, 0.1050000E+03, 0.3898548E+02, 0.1050000E+03,
 0.1490000E+01, 0.1733156E+03, 0.2928860E+02, 0.0000000E+00, 0.1050000E+03, 0.3902697E+02, 0.1050000E+03,
 0.1492000E+01, 0.1733507E+03, 0.2928220E+02, 0.0000000E+00, 0.1050000E+03, 0.3906847E+02, 0.1050000E+03,
 0.1494000E+01, 0.1733858E+03, 0.2927582E+02, 0.0000000E+00, 0.1050000E+03, 0.3911000E+02, 0.1050000E+03,
 0.1496000E+01, 0.1734210E+03, 0.2926944E+02, 0.0000000E+00, 0.1050000E+03, 0.3915153E+02, 0.1050000E+03,
 0.1498000E+01, 0.1734561E+03, 0.2926306E+02, 0.0000000E+00, 0.1050000E+03, 0.3919308E+02, 0.1050000E+03,
 0.1500000E+01, 0.1734913E+03, 0.2925669E+02, 0.0000000E+00, 0.1050000E+03, 0.3923465E+02, 0.1050000E+03,
 0.1500000E+01, 0.1734913E+03, 0.2925669E+02, 0.0000000E+00, 0.1050000E+03, 0.3923465E+02, 0.1050000E+03,
 0.1502000E+01, 0.1735266E+03, 0.2925033E+02, 0.0000000E+00, 0.1050000E+03, 0.3927623E+02, 0.1050000E+03,
 0.1504000E+01, 0.1735618E+03, 0.2924397E+02, 0.0000000E+00, 0.1050000E+03, 0.3931783E+02, 0.1050000E+03,
 0.1506000E+01, 0.1735971E+03, 0.2923762E+02, 0.0000000E+00, 0.1050000E+03, 0.3935944E+02, 0.1050000E+03,
 0.1508000E+01, 0.1736323E+03, 0.2923127E+02, 0.0000000E+00, 0.1050000E+03, 0.3940107E+02, 0.1050000E+03,
 0.1510000E+01, 0.1736676E+03, 0.2922493E+02, 0.0000000E+00, 0.1050000E+03, 0.3944272E+02, 0.1050000E+03,
 0.1512000E+01, 0.1737030E+03, 0.2921859E+02, 0.0000000E+00, 0.1050000E+03, 0.3948438E+02, 0.1050000E+03,
 0.1514000E+01, 0.1737383E+03, 0.2921226E+02, 0.0000000E+00, 0.1050000E+03, 0.3952606E+02, 0.1050000E+03,
 0.1516000E+01, 0.1737737E+03, 0.2920594E+02, 0.0000000E+00, 0.1050000E+03, 0.3956776E+02, 0.1050000E+03,
 0.1518000E+01, 0.1738091E+03, 0.2919962E+02, 0.0000000E+00, 0.1050000E+03, 0.3960947E+02, 0.1050000E+03,
 0.1520000E+01, 0.1738445E+03, 0.2919331E+02, 0.0000000E+00, 0.1050000E+03, 0.3965120E+02, 0.1050000E+03,
 0.1522000E+01, 0.1738799E+03, 0.2918701E+02, 0.0000000E+00, 0.1050000E+03, 0.3969294E+02, 0.1050000E+03,
 0.1524000E+01, 0.1739154E+03, 0.2918071E+02, 0.0000000E+00, 0.1050000E+03, 0.3973470E+02, 0.1050000E+03,
 0.1526000E+01, 0.1739509E+03, 0.2917441E+02, 0.0000000E+00, 0.1050000E+03, 0.3977647E+02, 0.1050000E+03,
 0.1528000E+01, 0.1739864E+03, 0.2916813E+02, 0.0000000E+00, 0.1050000E+03, 0.3981827E+02, 0.1050000E+03,
 0.1530000E+01, 0.1740219E+03, 0.2916184E+02, 0.0000000E+00, 0.1050000E+03, 0.3986008E+02, 0.1050000E+03,
 0.1532000E+01, 0.1740575E+03, 0.2915557E+02, 0.0000000E+00, 0.1050000E+03, 0.3990191E+02, 0.1050000E+03,
 0.1534000E+01, 0.1740930E+03, 0.2914930E+02, 0.0000000E+00, 0.1050000E+03, 0.3994375E+02, 0.1050000E+03,
 0.1536000E+01, 0.1741286E+03, 0.2914303E+02, 0.0000000E+00, 0.1050000E+03, 0.3998561E+02, 0.1050000E+03,
 0.1538000E+01, 0.1741643E+03, 0.2913678E+02, 0.0000000E+00, 0.1050000E+03, 0.4002748E+02, 0.1050000E+03,
 0.1540000E+01, 0.1741999E+03, 0.2913052E+02, 0.0000000E+00, 0.1050000E+03, 0.4006938E+02, 0.1050000E+03,
 0.1542000E+01, 0.1742356E+03, 0.2912428E+02, 0.0000000E+00, 0.1050000E+03, 0.4011129E+02, 0.1050000E+03,
 0.1544000E+01, 0.1742713E+03, 0.2911804E+02, 0.0000000E+00, 0.1050000E+03, 0.4015321E+02, 0.1050000E+03,
 0.1546000E+01, 0.1743070E+03, 0.2911180E+02, 0.0000000E+00, 0.1050000E+03, 0.4019516E+02, 0.1050000E+03,
 0.1548000E+01, 0.1743427E+03, 0.2910558E+02, 0.0000000E+00, 0.1050000E+03, 0.4023712E+02, 0.1050000E+03,
 0.1550000E+01, 0.1743785E+03, 0.2909936E+02, 0.0000000E+00, 0.1050000E+03, 0.4027910E+02, 0.1050000E+03,
 0.1552000E+01, 0.1744142E+03, 0.2909314E+02, 0.0000000E+00, 0.1050000E+03, 0.4032110E+02, 0.1050000E+03,
 0.1554000E+01, 0.1744500E+03, 0.2908693E+02, 0.0000000E+00, 0.1050000E+03, 0.4036311E+02, 0.1050000E+03,
 0.1556000E+01, 0.1744859E+03, 0.2908073E+02, 0.0000000E+00, 0.1050000E+03, 0.4040514E+02, 0.1050000E+03,
 0.1558000E+01, 0.1745217E+03, 0.2907453E+02, 0.0000000E+00, 0.1050000E+03, 0.4044719E+02, 0.1050000E+03,
 0.1560000E+01, 0.1745576E+03, 0.2906834E+02, 0.0000000E+00, 0.1050000E+03, 0.4048926E+02, 0.1050000E+03,
 0.1562000E+01, 0.1745935E+03, 0.2906216E+02, 0.0000000E+00, 0.1050000E+03, 0.4053134E+02, 0.1050000E+03,
 0.1564000E+01, 0.1746294E+03, 0.2905598E+02, 0.0000000E+00, 0.1050000E+03, 0.4057344E+02, 0.1050000E+03,
 0.1566000E+01, 0.1746653E+03, 0.2904975E+02, 0.0000000E+00, 0.1050000E+03, 0.4061556E+02, 0.1050000E+03,
 0.1568000E+01, 0.1747013E+03, 0.2904358E+02, 0.0000000E+00, 0.1050000E+03, 0.4065770E+02, 0.1050000E+03,
 0.1570000E+01, 0.1747373E+03, 0.2903742E+02, 0.0000000E+00, 0.1050000E+03, 0.4069986E+02, 0.1050000E+03,
 0.1572000E+01, 0.1747733E+03, 0.2903127E+02, 0.0000000E+00, 0.1050000E+03, 0.4074203E+02, 0.1050000E+03,
 0.1574000E+01, 0.1748093E+03, 0.2902512E+02, 0.0000000E+00, 0.1050000E+03, 0.4078422E+02, 0.1050000E+03,
 0.1576000E+01, 0.1748454E+03, 0.2901898E+02, 0.0000000E+00, 0.1050000E+03, 0.4082643E+02, 0.1050000E+03,
 0.1578000E+01, 0.1748815E+03, 0.2901285E+02, 0.0000000E+00, 0.1050000E+03, 0.4086866E+02, 0.1050000E+03,
 0.1580000E+01, 0.1749176E+03, 0.2900672E+02, 0.0000000E+00, 0.1050000E+03, 0.4091090E+02, 0.1050000E+03,
 0.1582000E+01, 0.1749538E+03, 0.2900060E+02, 0.0000000E+00, 0.1050000E+03, 0.4095316E+02, 0.1050000E+03,
 0.1584000E+01, 0.1749899E+03, 0.2899448E+02, 0.0000000E+00, 0.1050000E+03, 0.4099545E+02, 0.1050000E+03,
 0.1586000E+01, 0.1750261E+03, 0.2898837E+02, 0.0000000E+00, 0.1050000E+03, 0.4103775E+02, 0.1050000E+03,
 0.1588000E+01, 0.1750623E+03, 0.2898227E+02, 0.0000000E+00, 0.1050000E+03, 0.4108007E+02, 0.1050000E+03,
 0.1590000E+01, 0.1750986E+03, 0.2897618E+02, 0.0000000E+00, 0.1050000E+03, 0.4112240E+02, 0.1050000E+03,
 0.1592000E+01, 0.1751348E+03, 0.2897009E+02, 0.0000000E+00, 0.1050000E+03, 0.4116476E+02, 0.1050000E+03,
 0.1594000E+01, 0.1751711E+03, 0.2896401E+02, 0.0000000E+00, 0.1050000E+03, 0.4120713E+02, 0.1050000E+03,
 0.1596000E+01, 0.1752075E+03, 0.2895793E+02, 0.0000000E+00, 0.1050000E+03, 0.4124953E+02, 0.1050000E+03,
 0.1598000E+01, 0.1752438E+03, 0.2895186E+02, 0.0000000E+00, 0.1050000E+03, 0.4129194E+02, 0.1050000E+03,
 0.1600000E+01, 0.1752802E+03, 0.2894580E+02, 0.0000000E+00, 0.1050000E+03, 0.4133437E+02, 0.1050000E+03,
 0.1602000E+01, 0.1753173E+03, 0.2894049E+02, 0.0000000E+00, 0.1050000E+03, 0.4137682E+02, 0.1050000E+03,
 0.1604000E+01, 0.1753537E+03, 0.2893444E+02, 0.0000000E+00, 0.1050000E+03, 0.4141929E+02, 0.1050000E+03,
 0.1606000E+01, 0.1753902E+03, 0.2892840E+02, 0.0000000E+00, 0.1050000E+03, 0.4146178E+02, 0.1050000E+03,
 0.1608000E+01, 0.1754267E+03, 0.2892236E+02, 0.0000000E+00, 0.1050000E+03, 0.4150428E+02, 0.1050000E+03,
 0.1610000E+01, 0.1754631E+03, 0.2891633E+02, 0.0000000E+00, 0.1050000E+03, 0.4154681E+02, 0.1050000E+03,
 0.1612000E+01, 0.1754997E+03, 0.2891031E+02, 0.0000000E+00, 0.1050000E+03, 0.4158936E+02, 0.1050000E+03,
 0.1614000E+01, 0.1755362E+03, 0.2890429E+02, 0.0000000E+00, 0.1050000E+03, 0.4163192E+02, 0.1050000E+03,
 0.1616000E+01, 0.1755728E+03, 0.2889828E+02, 0.0000000E+00, 0.1050000E+03, 0.4167450E+02, 0.1050000E+03,
 0.1618000E+01, 0.1756094E+03, 0.2889228E+02, 0.0000000E+00, 0.1050000E+03, 0.4171711E+02, 0.1050000E+03,
 0.1620000E+01, 0.1756460E+03, 0.2888628E+02, 0.0000000E+00, 0.1050000E+03, 0.4175973E+02, 0.1050000E+03,
 0.1622000E+01, 0.1756827E+03, 0.2888029E+02, 0.0000000E+00, 0.1050000E+03, 0.4180238E+02, 0.1050000E+03,
 0.1624000E+01, 0.1757193E+03, 0.2887431E+02, 0.0000000E+00, 0.1050000E+03, 0.4184504E+02, 0.1050000E+03,
 0.1626000E+01, 0.1757560E+03, 0.2886833E+02, 0.0000000E+00, 0.1050000E+03, 0.4188772E+02, 0.1050000E+03,
 0.1628000E+01, 0.1757928E+03, 0.2886236E+02, 0.0000000E+00, 0.1050000E+03, 0.4193042E+02, 0.1050000E+03,
 0.1630000E+01, 0.1758295E+03, 0.2885639E+02, 0.0000000E+00, 0.1050000E+03, 0.4197314E+02, 0.1050000E+03,
 0.1632000E+01, 0.1758663E+03, 0.2885044E+02, 0.0000000E+00, 0.1050000E+03, 0.4201588E+02, 0.1050000E+03,
 0.1634000E+01, 0.1759031E+03, 0.2884448E+02, 0.0000000E+00, 0.1050000E+03, 0.4205865E+02, 0.1050000E+03,
 0.1636000E+01, 0.1759400E+03, 0.2883854E+02, 0.0000000E+00, 0.1050000E+03, 0.4210143E+02, 0.1050000E+03,
 0.1638000E+01, 0.1759768E+03, 0.2883260E+02, 0.0000000E+00, 0.1050000E+03, 0.4214423E+02, 0.1050000E+03,
 0.1640000E+01, 0.1760137E+03, 0.2882667E+02, 0.0000000E+00, 0.1050000E+03, 0.4218706E+02, 0.1050000E+03,
 0.1642000E+01, 0.1760506E+03, 0.2882075E+02, 0.0000000E+00, 0.1050000E+03, 0.4222990E+02, 0.1050000E+03,
 0.1644000E+01, 0.1760876E+03, 0.2881483E+02, 0.0000000E+00, 0.1050000E+03, 0.4227276E+02, 0.1050000E+03,
 0.1646000E+01, 0.1761246E+03, 0.2880892E+02, 0.0000000E+00, 0.1050000E+03, 0.4231565E+02, 0.1050000E+03,
 0.1648000E+01, 0.1761616E+03, 0.2880301E+02, 0.0000000E+00, 0.1050000E+03, 0.4235855E+02, 0.1050000E+03,
 0.1650000E+01, 0.1761986E+03, 0.2879712E+02, 0.0000000E+00, 0.1050000E+03, 0.4240147E+02, 0.1050000E+03,
 0.1652000E+01, 0.1762356E+03, 0.2879123E+02, 0.0000000E+00, 0.1050000E+03, 0.4244442E+02, 0.1050000E+03,
 0.1654000E+01, 0.1762727E+03, 0.2878534E+02, 0.0000000E+00, 0.1050000E+03, 0.4248739E+02, 0.1050000E+03,
 0.1656000E+01, 0.1763098E+03, 0.2877946E+02, 0.0000000E+00, 0.1050000E+03, 0.4253038E+02, 0.1050000E+03,
 0.1658000E+01, 0.1763470E+03, 0.2877359E+02, 0.0000000E+00, 0.1050000E+03, 0.4257338E+02, 0.1050000E+03,
 0.1660000E+01, 0.1763841E+03, 0.2876773E+02, 0.0000000E+00, 0.1050000E+03, 0.4261641E+02, 0.1050000E+03,
 0.1662000E+01, 0.1764213E+03, 0.2876187E+02, 0.0000000E+00, 0.1050000E+03, 0.4265946E+02, 0.1050000E+03,
 0.1664000E+01, 0.1764586E+03, 0.2875602E+02, 0.0000000E+00, 0.1050000E+03, 0.4270253E+02, 0.1050000E+03,
 0.1666000E+01, 0.1764958E+03, 0.2875018E+02, 0.0000000E+00, 0.1050000E+03, 0.4274563E+02, 0.1050000E+03,
 0.1668000E+01, 0.1765331E+03, 0.2874434E+02, 0.0000000E+00, 0.1050000E+03, 0.4278874E+02, 0.1050000E+03,
 0.1670000E+01, 0.1765704E+03, 0.2873851E+02, 0.0000000E+00, 0.1050000E+03, 0.4283188E+02, 0.1050000E+03,
 0.1672000E+01, 0.1766077E+03, 0.2873269E+02, 0.0000000E+00, 0.1050000E+03, 0.4287503E+02, 0.1050000E+03,
 0.1674000E+01, 0.1766451E+03, 0.2872687E+02, 0.0000000E+00, 0.1050000E+03, 0.4291821E+02, 0.1050000E+03,
 0.1676000E+01, 0.1766825E+03, 0.2872106E+02, 0.0000000E+00, 0.1050000E+03, 0.4296141E+02, 0.1050000E+03,
 0.1678000E+01, 0.1767199E+03, 0.2871526E+02, 0.0000000E+00, 0.1050000E+03, 0.4300463E+02, 0.1050000E+03,
 0.1680000E+01, 0.1767573E+03, 0.2870946E+02, 0.0000000E+00, 0.1050000E+03, 0.4304788E+02, 0.1050000E+03,
 0.1682000E+01, 0.1767948E+03, 0.2870367E+02, 0.0000000E+00, 0.1050000E+03, 0.4309114E+02, 0.1050000E+03,
 0.1684000E+01, 0.1768323E+03, 0.2869789E+02, 0.0000000E+00, 0.1050000E+03, 0.4313443E+02, 0.1050000E+03,
 0.1686000E+01, 0.1768698E+03, 0.2869211E+02, 0.0000000E+00, 0.1050000E+03, 0.4317774E+02, 0.1050000E+03,
 0.1688000E+01, 0.1769074E+03, 0.2868634E+02, 0.0000000E+00, 0.1050000E+03, 0.4322107E+02, 0.1050000E+03,
 0.1690000E+01, 0.1769450E+03, 0.2868058E+02, 0.0000000E+00, 0.1050000E+03, 0.4326442E+02, 0.1050000E+03,
 0.1692000E+01, 0.1769826E+03, 0.2867482E+02, 0.0000000E+00, 0.1050000E+03, 0.4330780E+02, 0.1050000E+03,
 0.1694000E+01, 0.1770203E+03, 0.2866907E+02, 0.0000000E+00, 0.1050000E+03, 0.4335120E+02, 0.1050000E+03,
 0.1696000E+01, 0.1770579E+03, 0.2866333E+02, 0.0000000E+00, 0.1050000E+03, 0.4339462E+02, 0.1050000E+03,
 0.1698000E+01, 0.1770957E+03, 0.2865759E+02, 0.0000000E+00, 0.1050000E+03, 0.4343806E+02, 0.1050000E+03,
 0.1700000E+01, 0.1771334E+03, 0.2865186E+02, 0.0000000E+00, 0.1050000E+03, 0.4348153E+02, 0.1050000E+03,
 0.1702000E+01, 0.1771712E+03, 0.2864614E+02, 0.0000000E+00, 0.1050000E+03, 0.4352502E+02, 0.1050000E+03,
 0.1704000E+01, 0.1772090E+03, 0.2864042E+02, 0.0000000E+00, 0.1050000E+03, 0.4356853E+02, 0.1050000E+03,
 0.1706000E+01, 0.1772468E+03, 0.2863471E+02, 0.0000000E+00, 0.1050000E+03, 0.4361206E+02, 0.1050000E+03,
 0.1708000E+01, 0.1772846E+03, 0.2862901E+02, 0.0000000E+00, 0.1050000E+03, 0.4365562E+02, 0.1050000E+03,
 0.1710000E+01, 0.1773225E+03, 0.2862332E+02, 0.0000000E+00, 0.1050000E+03, 0.4369920E+02, 0.1050000E+03,
 0.1712000E+01, 0.1773604E+03, 0.2861763E+02, 0.0000000E+00, 0.1050000E+03, 0.4374280E+02, 0.1050000E+03,
 0.1714000E+01, 0.1773984E+03, 0.2861194E+02, 0.0000000E+00, 0.1050000E+03, 0.4378642E+02, 0.1050000E+03,
 0.1716000E+01, 0.1774363E+03, 0.2860627E+02, 0.0000000E+00, 0.1050000E+03, 0.4383007E+02, 0.1050000E+03,
 0.1718000E+01, 0.1774743E+03, 0.2860060E+02, 0.0000000E+00, 0.1050000E+03, 0.4387374E+02, 0.1050000E+03,
 0.1720000E+01, 0.1775124E+03, 0.2859494E+02, 0.0000000E+00, 0.1050000E+03, 0.4391744E+02, 0.1050000E+03,
 0.1722000E+01, 0.1775504E+03, 0.2858928E+02, 0.0000000E+00, 0.1050000E+03, 0.4396116E+02, 0.1050000E+03,
 0.1724000E+01, 0.1775885E+03, 0.2858364E+02, 0.0000000E+00, 0.1050000E+03, 0.4400491E+02, 0.1050000E+03,
 0.1726000E+01, 0.1776267E+03, 0.2857799E+02, 0.0000000E+00, 0.1050000E+03, 0.4404867E+02, 0.1050000E+03,
 0.1728000E+01, 0.1776648E+03, 0.2857236E+02, 0.0000000E+00, 0.1050000E+03, 0.4409246E+02, 0.1050000E+03,
 0.1730000E+01, 0.1777030E+03, 0.2856673E+02, 0.0000000E+00, 0.1050000E+03, 0.4413628E+02, 0.1050000E+03,
 0.1732000E+01, 0.1777412E+03, 0.2856111E+02, 0.0000000E+00, 0.1050000E+03, 0.4418011E+02, 0.1050000E+03,
 0.1734000E+01, 0.1777795E+03, 0.2855549E+02, 0.0000000E+00, 0.1050000E+03, 0.4422398E+02, 0.1050000E+03,
 0.1736000E+01, 0.1778177E+03, 0.2854989E+02, 0.0000000E+00, 0.1050000E+03, 0.4426786E+02, 0.1050000E+03,
 0.1738000E+01, 0.1778561E+03, 0.2854428E+02, 0.0000000E+00, 0.1050000E+03, 0.4431177E+02, 0.1050000E+03,
 0.1740000E+01, 0.1778944E+03, 0.2853869E+02, 0.0000000E+00, 0.1050000E+03, 0.4435571E+02, 0.1050000E+03,
 0.1742000E+01, 0.1779328E+03, 0.2853310E+02, 0.0000000E+00, 0.1050000E+03, 0.4439967E+02, 0.1050000E+03,
 0.1744000E+01, 0.1779712E+03, 0.2852752E+02, 0.0000000E+00, 0.1050000E+03, 0.4444365E+02, 0.1050000E+03,
 0.1746000E+01, 0.1780096E+03, 0.2852195E+02, 0.0000000E+00, 0.1050000E+03, 0.4448766E+02, 0.1050000E+03,
 0.1748000E+01, 0.1780481E+03, 0.2851638E+02, 0.0000000E+00, 0.1050000E+03, 0.4453169E+02, 0.1050000E+03,
 0.1750000E+01, 0.1780866E+03, 0.2851082E+02, 0.0000000E+00, 0.1050000E+03, 0.4457575E+02, 0.1050000E+03,
 0.1752000E+01, 0.1781251E+03, 0.2850526E+02, 0.0000000E+00, 0.1050000E+03, 0.4461983E+02, 0.1050000E+03,
 0.1754000E+01, 0.1781637E+03, 0.2849972E+02, 0.0000000E+00, 0.1050000E+03, 0.4466394E+02, 0.1050000E+03,
 0.1756000E+01, 0.1782022E+03, 0.2849417E+02, 0.0000000E+00, 0.1050000E+03, 0.4470807E+02, 0.1050000E+03,
 0.1758000E+01, 0.1782409E+03, 0.2848864E+02, 0.0000000E+00, 0.1050000E+03, 0.4475223E+02, 0.1050000E+03,
 0.1760000E+01, 0.1782795E+03, 0.2848311E+02, 0.0000000E+00, 0.1050000E+03, 0.4479641E+02, 0.1050000E+03,
 0.1762000E+01, 0.1783182E+03, 0.2847759E+02, 0.0000000E+00, 0.1050000E+03, 0.4484062E+02, 0.1050000E+03,
 0.1764000E+01, 0.1783569E+03, 0.2847208E+02, 0.0000000E+00, 0.1050000E+03, 0.4488485E+02, 0.1050000E+03,
 0.1766000E+01, 0.1783957E+03, 0.2846657E+02, 0.0000000E+00, 0.1050000E+03, 0.4492911E+02, 0.1050000E+03,
 0.1768000E+01, 0.1784345E+03, 0.2846107E+02, 0.0000000E+00, 0.1050000E+03, 0.4497340E+02, 0.1050000E+03,
 0.1770000E+01, 0.1784733E+03, 0.2845557E+02, 0.0000000E+00, 0.1050000E+03, 0.4501771E+02, 0.1050000E+03,
 0.1772000E+01, 0.1785121E+03, 0.2845009E+02, 0.0000000E+00, 0.1050000E+03, 0.4506204E+02, 0.1050000E+03,
 0.1774000E+01, 0.1785510E+03, 0.2844460E+02, 0.0000000E+00, 0.1050000E+03, 0.4510641E+02, 0.1050000E+03,
 0.1776000E+01, 0.1785899E+03, 0.2843913E+02, 0.0000000E+00, 0.1050000E+03, 0.4515079E+02, 0.1050000E+03,
 0.1778000E+01, 0.1786289E+03, 0.2843366E+02, 0.0000000E+00, 0.1050000E+03, 0.4519521E+02, 0.1050000E+03,
 0.1780000E+01, 0.1786678E+03, 0.2842820E+02, 0.0000000E+00, 0.1050000E+03, 0.4523965E+02, 0.1050000E+03,
 0.1782000E+01, 0.1787069E+03, 0.2842275E+02, 0.0000000E+00, 0.1050000E+03, 0.4528411E+02, 0.1050000E+03,
 0.1784000E+01, 0.1787459E+03, 0.2841730E+02, 0.0000000E+00, 0.1050000E+03, 0.4532861E+02, 0.1050000E+03,
 0.1786000E+01, 0.1787850E+03, 0.2841186E+02, 0.0000000E+00, 0.1050000E+03, 0.4537313E+02, 0.1050000E+03,
 0.1788000E+01, 0.1788241E+03, 0.2840642E+02, 0.0000000E+00, 0.1050000E+03, 0.4541767E+02, 0.1050000E+03,
 0.1790000E+01, 0.1788632E+03, 0.2840100E+02, 0.0000000E+00, 0.1050000E+03, 0.4546225E+02, 0.1050000E+03,
 0.1792000E+01, 0.1789024E+03, 0.2839557E+02, 0.0000000E+00, 0.1050000E+03, 0.4550684E+02, 0.1050000E+03,
 0.1794000E+01, 0.1789416E+03, 0.2839016E+02, 0.0000000E+00, 0.1050000E+03, 0.4555147E+02, 0.1050000E+03,
 0.1796000E+01, 0.1789809E+03, 0.2838475E+02, 0.0000000E+00, 0.1050000E+03, 0.4559612E+02, 0.1050000E+03,
 0.1798000E+01, 0.1790202E+03, 0.2837935E+02, 0.0000000E+00, 0.1050000E+03, 0.4564080E+02, 0.1050000E+03,
 0.1800000E+01, 0.1790595E+03, 0.2837395E+02, 0.0000000E+00, 0.1050000E+03, 0.4568551E+02, 0.1050000E+03,
 0.1802000E+01, 0.1790988E+03, 0.2836857E+02, 0.0000000E+00, 0.1050000E+03, 0.4573025E+02, 0.1050000E+03,
 0.1804000E+01, 0.1791382E+03, 0.2836319E+02, 0.0000000E+00, 0.1050000E+03, 0.4577501E+02, 0.1050000E+03,
 0.1806000E+01, 0.1791776E+03, 0.2835781E+02, 0.0000000E+00, 0.1050000E+03, 0.4581980E+02, 0.1050000E+03,
 0.1808000E+01, 0.1792171E+03, 0.2835244E+02, 0.0000000E+00, 0.1050000E+03, 0.4586462E+02, 0.1050000E+03,
 0.1810000E+01, 0.1792565E+03, 0.2834708E+02, 0.0000000E+00, 0.1050000E+03, 0.4590946E+02, 0.1050000E+03,
 0.1812000E+01, 0.1792961E+03, 0.2834172E+02, 0.0000000E+00, 0.1050000E+03, 0.4595433E+02, 0.1050000E+03,
 0.1814000E+01, 0.1793356E+03, 0.2833637E+02, 0.0000000E+00, 0.1050000E+03, 0.4599924E+02, 0.1050000E+03,
 0.1816000E+01, 0.1793752E+03, 0.2833103E+02, 0.0000000E+00, 0.1050000E+03, 0.4604416E+02, 0.1050000E+03,
 0.1818000E+01, 0.1794148E+03, 0.2832570E+02, 0.0000000E+00, 0.1050000E+03, 0.4608912E+02, 0.1050000E+03,
 0.1820000E+01, 0.1794545E+03, 0.2832037E+02, 0.0000000E+00, 0.1050000E+03, 0.4613411E+02, 0.1050000E+03,
 0.1822000E+01, 0.1794942E+03, 0.2831504E+02, 0.0000000E+00, 0.1050000E+03, 0.4617912E+02, 0.1050000E+03,
 0.1824000E+01, 0.1795339E+03, 0.2830973E+02, 0.0000000E+00, 0.1050000E+03, 0.4622416E+02, 0.1050000E+03,
 0.1826000E+01, 0.1795737E+03, 0.2830442E+02, 0.0000000E+00, 0.1050000E+03, 0.4626923E+02, 0.1050000E+03,
 0.1828000E+01, 0.1796134E+03, 0.2829911E+02, 0.0000000E+00, 0.1050000E+03, 0.4631433E+02, 0.1050000E+03,
 0.1830000E+01, 0.1796533E+03, 0.2829382E+02, 0.0000000E+00, 0.1050000E+03, 0.4635946E+02, 0.1050000E+03,
 0.1832000E+01, 0.1796931E+03, 0.2828853E+02, 0.0000000E+00, 0.1050000E+03, 0.4640462E+02, 0.1050000E+03,
 0.1834000E+01, 0.1797330E+03, 0.2828324E+02, 0.0000000E+00, 0.1050000E+03, 0.4644980E+02, 0.1050000E+03,
 0.1836000E+01, 0.1797730E+03, 0.2827796E+02, 0.0000000E+00, 0.1050000E+03, 0.4649502E+02, 0.1050000E+03,
 0.1838000E+01, 0.1798130E+03, 0.2827269E+02, 0.0000000E+00, 0.1050000E+03, 0.4654026E+02, 0.1050000E+03,
 0.1840000E+01, 0.1798530E+03, 0.2826743E+02, 0.0000000E+00, 0.1050000E+03, 0.4658554E+02, 0.1050000E+03,
 0.1842000E+01, 0.1798930E+03, 0.2826217E+02, 0.0000000E+00, 0.1050000E+03, 0.4663084E+02, 0.1050000E+03,
 0.1844000E+01, 0.1799331E+03, 0.2825692E+02, 0.0000000E+00, 0.1050000E+03, 0.4667617E+02, 0.1050000E+03,
 0.1846000E+01, 0.1799732E+03, 0.2825167E+02, 0.0000000E+00, 0.1050000E+03, 0.4672153E+02, 0.1050000E+03,
 0.1848000E+01, 0.1800134E+03, 0.2824644E+02, 0.0000000E+00, 0.1050000E+03, 0.4676693E+02, 0.1050000E+03,
 0.1850000E+01, 0.1800536E+03, 0.2824120E+02, 0.0000000E+00, 0.1050000E+03, 0.4681235E+02, 0.1050000E+03,
 0.1852000E+01, 0.1800938E+03, 0.2823598E+02, 0.0000000E+00, 0.1050000E+03, 0.4685780E+02, 0.1050000E+03,
 0.1854000E+01, 0.1801340E+03, 0.2823076E+02, 0.0000000E+00, 0.1050000E+03, 0.4690329E+02, 0.1050000E+03,
 0.1856000E+01, 0.1801743E+03, 0.2822554E+02, 0.0000000E+00, 0.1050000E+03, 0.4694880E+02, 0.1050000E+03,
 0.1858000E+01, 0.1802147E+03, 0.2822034E+02, 0.0000000E+00, 0.1050000E+03, 0.4699434E+02, 0.1050000E+03,
 0.1860000E+01, 0.1802551E+03, 0.2821514E+02, 0.0000000E+00, 0.1050000E+03, 0.4703992E+02, 0.1050000E+03,
 0.1862000E+01, 0.1802955E+03, 0.2820994E+02, 0.0000000E+00, 0.1050000E+03, 0.4708552E+02, 0.1050000E+03,
 0.1864000E+01, 0.1803359E+03, 0.2820475E+02, 0.0000000E+00, 0.1050000E+03, 0.4713116E+02, 0.1050000E+03,
 0.1866000E+01, 0.1803764E+03, 0.2819957E+02, 0.0000000E+00, 0.1050000E+03, 0.4717682E+02, 0.1050000E+03,
 0.1868000E+01, 0.1804169E+03, 0.2819440E+02, 0.0000000E+00, 0.1050000E+03, 0.4722252E+02, 0.1050000E+03,
 0.1870000E+01, 0.1804575E+03, 0.2818923E+02, 0.0000000E+00, 0.1050000E+03, 0.4726825E+02, 0.1050000E+03,
 0.1872000E+01, 0.1804981E+03, 0.2818407E+02, 0.0000000E+00, 0.1050000E+03, 0.4731401E+02, 0.1050000E+03,
 0.1874000E+01, 0.1805387E+03, 0.2817891E+02, 0.0000000E+00, 0.1050000E+03, 0.4735980E+02, 0.1050000E+03,
 0.1876000E+01, 0.1805794E+03, 0.2817376E+02, 0.0000000E+00, 0.1050000E+03, 0.4740562E+02, 0.1050000E+03,
 0.1878000E+01, 0.1806201E+03, 0.2816862E+02, 0.0000000E+00, 0.1050000E+03, 0.4745147E+02, 0.1050000E+03,
 0.1880000E+01, 0.1806608E+03, 0.2816348E+02, 0.0000000E+00, 0.1050000E+03, 0.4749736E+02, 0.1050000E+03,
 0.1882000E+01, 0.1807016E+03, 0.2815835E+02, 0.0000000E+00, 0.1050000E+03, 0.4754328E+02, 0.1050000E+03,
 0.1884000E+01, 0.1807424E+03, 0.2815323E+02, 0.0000000E+00, 0.1050000E+03, 0.4758923E+02, 0.1050000E+03,
 0.1886000E+01, 0.1807833E+03, 0.2814811E+02, 0.0000000E+00, 0.1050000E+03, 0.4763521E+02, 0.1050000E+03,
 0.1888000E+01, 0.1808242E+03, 0.2814300E+02, 0.0000000E+00, 0.1050000E+03, 0.4768122E+02, 0.1050000E+03,
 0.1890000E+01, 0.1808652E+03, 0.2813789E+02, 0.0000000E+00, 0.1050000E+03, 0.4772727E+02, 0.1050000E+03,
 0.1892000E+01, 0.1809061E+03, 0.2813279E+02, 0.0000000E+00, 0.1050000E+03, 0.4777335E+02, 0.1050000E+03,
 0.1894000E+01, 0.1809472E+03, 0.2812770E+02, 0.0000000E+00, 0.1050000E+03, 0.4781946E+02, 0.1050000E+03,
 0.1896000E+01, 0.1809882E+03, 0.2812261E+02, 0.0000000E+00, 0.1050000E+03, 0.4786560E+02, 0.1050000E+03,
 0.1898000E+01, 0.1810293E+03, 0.2811753E+02, 0.0000000E+00, 0.1050000E+03, 0.4791178E+02, 0.1050000E+03,
 0.1900000E+01, 0.1810704E+03, 0.2811246E+02, 0.0000000E+00, 0.1050000E+03, 0.4795799E+02, 0.1050000E+03,
 0.1902000E+01, 0.1811116E+03, 0.2810739E+02, 0.0000000E+00, 0.1050000E+03, 0.4800423E+02, 0.1050000E+03,
 0.1904000E+01, 0.1811528E+03, 0.2810233E+02, 0.0000000E+00, 0.1050000E+03, 0.4805051E+02, 0.1050000E+03,
 0.1906000E+01, 0.1811941E+03, 0.2809727E+02, 0.0000000E+00, 0.1050000E+03, 0.4809682E+02, 0.1050000E+03,
 0.1908000E+01, 0.1812354E+03, 0.2809222E+02, 0.0000000E+00, 0.1050000E+03, 0.4814317E+02, 0.1050000E+03,
 0.1910000E+01, 0.1812767E+03, 0.2808718E+02, 0.0000000E+00, 0.1050000E+03, 0.4818954E+02, 0.1050000E+03,
 0.1912000E+01, 0.1813181E+03, 0.2808214E+02, 0.0000000E+00, 0.1050000E+03, 0.4823595E+02, 0.1050000E+03,
 0.1914000E+01, 0.1813595E+03, 0.2807711E+02, 0.0000000E+00, 0.1050000E+03, 0.4828240E+02, 0.1050000E+03,
 0.1916000E+01, 0.1814010E+03, 0.2807209E+02, 0.0000000E+00, 0.1050000E+03, 0.4832888E+02, 0.1050000E+03,
 0.1918000E+01, 0.1814425E+03, 0.2806707E+02, 0.0000000E+00, 0.1050000E+03, 0.4837539E+02, 0.1050000E+03,
 0.1920000E+01, 0.1814840E+03, 0.2806206E+02, 0.0000000E+00, 0.1050000E+03, 0.4842194E+02, 0.1050000E+03,
 0.1922000E+01, 0.1815256E+03, 0.2805705E+02, 0.0000000E+00, 0.1050000E+03, 0.4846852E+02, 0.1050000E+03,
 0.1924000E+01, 0.1815672E+03, 0.2805205E+02, 0.0000000E+00, 0.1050000E+03, 0.4851514E+02, 0.1050000E+03,
 0.1926000E+01, 0.1816088E+03, 0.2804705E+02, 0.0000000E+00, 0.1050000E+03, 0.4856179E+02, 0.1050000E+03,
 0.1928000E+01, 0.1816505E+03, 0.2804207E+02, 0.0000000E+00, 0.1050000E+03, 0.4860847E+02, 0.1050000E+03,
 0.1930000E+01, 0.1816923E+03, 0.2803708E+02, 0.0000000E+00, 0.1050000E+03, 0.4865519E+02, 0.1050000E+03,
 0.1932000E+01, 0.1817341E+03, 0.2803211E+02, 0.0000000E+00, 0.1050000E+03, 0.4870195E+02, 0.1050000E+03,
 0.1934000E+01, 0.1817759E+03, 0.2802714E+02, 0.0000000E+00, 0.1050000E+03, 0.4874874E+02, 0.1050000E+03,
 0.1936000E+01, 0.1818177E+03, 0.2802218E+02, 0.0000000E+00, 0.1050000E+03, 0.4879557E+02, 0.1050000E+03,
 0.1938000E+01, 0.1818596E+03, 0.2801722E+02, 0.0000000E+00, 0.1050000E+03, 0.4884243E+02, 0.1050000E+03,
 0.1940000E+01, 0.1819016E+03, 0.2801227E+02, 0.0000000E+00, 0.1050000E+03, 0.4888933E+02, 0.1050000E+03,
 0.1942000E+01, 0.1819436E+03, 0.2800732E+02, 0.0000000E+00, 0.1050000E+03, 0.4893627E+02, 0.1050000E+03,
 0.1944000E+01, 0.1819856E+03, 0.2800238E+02, 0.0000000E+00, 0.1050000E+03, 0.4898324E+02, 0.1050000E+03,
 0.1946000E+01, 0.1820277E+03, 0.2799745E+02, 0.0000000E+00, 0.1050000E+03, 0.4903025E+02, 0.1050000E+03,
 0.1948000E+01, 0.1820698E+03, 0.2799252E+02, 0.0000000E+00, 0.1050000E+03, 0.4907729E+02, 0.1050000E+03,
 0.1950000E+01, 0.1821120E+03, 0.2798760E+02, 0.0000000E+00, 0.1050000E+03, 0.4912437E+02, 0.1050000E+03,
 0.1952000E+01, 0.1821542E+03, 0.2798269E+02, 0.0000000E+00, 0.1050000E+03, 0.4917149E+02, 0.1050000E+03,
 0.1954000E+01, 0.1821964E+03, 0.2797778E+02, 0.0000000E+00, 0.1050000E+03, 0.4921864E+02, 0.1050000E+03,
 0.1956000E+01, 0.1822387E+03, 0.2797287E+02, 0.0000000E+00, 0.1050000E+03, 0.4926583E+02, 0.1050000E+03,
 0.1958000E+01, 0.1822810E+03, 0.2796798E+02, 0.0000000E+00, 0.1050000E+03, 0.4931306E+02, 0.1050000E+03,
 0.1960000E+01, 0.1823234E+03, 0.2796309E+02, 0.0000000E+00, 0.1050000E+03, 0.4936032E+02, 0.1050000E+03,
 0.1962000E+01, 0.1823658E+03, 0.2795820E+02, 0.0000000E+00, 0.1050000E+03, 0.4940762E+02, 0.1050000E+03,
 0.1964000E+01, 0.1824083E+03, 0.2795332E+02, 0.0000000E+00, 0.1050000E+03, 0.4945496E+02, 0.1050000E+03,
 0.1966000E+01, 0.1824508E+03, 0.2794845E+02, 0.0000000E+00, 0.1050000E+03, 0.4950234E+02, 0.1050000E+03,
 0.1968000E+01, 0.1824933E+03, 0.2794358E+02, 0.0000000E+00, 0.1050000E+03, 0.4954976E+02, 0.1050000E+03,
 0.1970000E+01, 0.1825359E+03, 0.2793872E+02, 0.0000000E+00, 0.1050000E+03, 0.4959721E+02, 0.1050000E+03,
 0.1972000E+01, 0.1825786E+03, 0.2793386E+02, 0.0000000E+00, 0.1050000E+03, 0.4964470E+02, 0.1050000E+03,
 0.1974000E+01, 0.1826212E+03, 0.2792902E+02, 0.0000000E+00, 0.1050000E+03, 0.4969223E+02, 0.1050000E+03,
 0.1976000E+01, 0.1826640E+03, 0.2792417E+02, 0.0000000E+00, 0.1050000E+03, 0.4973980E+02, 0.1050000E+03,
 0.1978000E+01, 0.1827067E+03, 0.2791933E+02, 0.0000000E+00, 0.1050000E+03, 0.4978740E+02, 0.1050000E+03,
 0.1980000E+01, 0.1827496E+03, 0.2791450E+02, 0.0000000E+00, 0.1050000E+03, 0.4983505E+02, 0.1050000E+03,
 0.1982000E+01, 0.1827924E+03, 0.2790968E+02, 0.0000000E+00, 0.1050000E+03, 0.4988274E+02, 0.1050000E+03,
 0.1984000E+01, 0.1828353E+03, 0.2790486E+02, 0.0000000E+00, 0.1050000E+03, 0.4993046E+02, 0.1050000E+03,
 0.1986000E+01, 0.1828783E+03, 0.2790004E+02, 0.0000000E+00, 0.1050000E+03, 0.4997822E+02, 0.1050000E+03,
 0.1988000E+01, 0.1829213E+03, 0.2789524E+02, 0.0000000E+00, 0.1050000E+03, 0.5002602E+02, 0.1050000E+03,
 0.1990000E+01, 0.1829643E+03, 0.2789043E+02, 0.0000000E+00, 0.1050000E+03, 0.5007386E+02, 0.1050000E+03,
 0.1992000E+01, 0.1830074E+03, 0.2788564E+02, 0.0000000E+00, 0.1050000E+03, 0.5012175E+02, 0.1050000E+03,
 0.1994000E+01, 0.1830505E+03, 0.2788085E+02, 0.0000000E+00, 0.1050000E+03, 0.5016967E+02, 0.1050000E+03,
 0.1996000E+01, 0.1830937E+03, 0.2787606E+02, 0.0000000E+00, 0.1050000E+03, 0.5021763E+02, 0.1050000E+03,
 0.1998000E+01, 0.1831369E+03, 0.2787128E+02, 0.0000000E+00, 0.1050000E+03, 0.5026563E+02, 0.1050000E+03,
 0.2000000E+01, 0.1831802E+03, 0.2786651E+02, 0.0000000E+00, 0.1050000E+03, 0.5031367E+02, 0.1050000E+03,
 0.2002000E+01, 0.1832235E+03, 0.2786174E+02, 0.0000000E+00, 0.1050000E+03, 0.5036176E+02, 0.1050000E+03,
 0.2004000E+01, 0.1832669E+03, 0.2785698E+02, 0.0000000E+00, 0.1050000E+03, 0.5040988E+02, 0.1050000E+03,
 0.2006000E+01, 0.1833103E+03, 0.2785222E+02, 0.0000000E+00, 0.1050000E+03, 0.5045805E+02, 0.1050000E+03,
 0.2008000E+01, 0.1833537E+03, 0.2784748E+02, 0.0000000E+00, 0.1050000E+03, 0.5050625E+02, 0.1050000E+03,
 0.2010000E+01, 0.1833972E+03, 0.2784273E+02, 0.0000000E+00, 0.1050000E+03, 0.5055450E+02, 0.1050000E+03,
 0.2012000E+01, 0.1834408E+03, 0.2783799E+02, 0.0000000E+00, 0.1050000E+03, 0.5060279E+02, 0.1050000E+03,
 0.2014000E+01, 0.1834844E+03, 0.2783326E+02, 0.0000000E+00, 0.1050000E+03, 0.5065112E+02, 0.1050000E+03,
 0.2016000E+01, 0.1835280E+03, 0.2782853E+02, 0.0000000E+00, 0.1050000E+03, 0.5069949E+02, 0.1050000E+03,
 0.2018000E+01, 0.1835717E+03, 0.2782381E+02, 0.0000000E+00, 0.1050000E+03, 0.5074791E+02, 0.1050000E+03,
 0.2020000E+01, 0.1836155E+03, 0.2781910E+02, 0.0000000E+00, 0.1050000E+03, 0.5079636E+02, 0.1050000E+03,
 0.2022000E+01, 0.1836592E+03, 0.2781439E+02, 0.0000000E+00, 0.1050000E+03, 0.5084486E+02, 0.1050000E+03,
 0.2024000E+01, 0.1837031E+03, 0.2780968E+02, 0.0000000E+00, 0.1050000E+03, 0.5089340E+02, 0.1050000E+03,
 0.2026000E+01, 0.1837470E+03, 0.2780499E+02, 0.0000000E+00, 0.1050000E+03, 0.5094199E+02, 0.1050000E+03,
 0.2028000E+01, 0.1837909E+03, 0.2780029E+02, 0.0000000E+00, 0.1050000E+03, 0.5099061E+02, 0.1050000E+03,
 0.2030000E+01, 0.1838349E+03, 0.2779560E+02, 0.0000000E+00, 0.1050000E+03, 0.5103928E+02, 0.1050000E+03,
 0.2032000E+01, 0.1838789E+03, 0.2779092E+02, 0.0000000E+00, 0.1050000E+03, 0.5108799E+02, 0.1050000E+03,
 0.2034000E+01, 0.1839230E+03, 0.2778625E+02, 0.0000000E+00, 0.1050000E+03, 0.5113675E+02, 0.1050000E+03,
 0.2036000E+01, 0.1839671E+03, 0.2778158E+02, 0.0000000E+00, 0.1050000E+03, 0.5118555E+02, 0.1050000E+03,
 0.2038000E+01, 0.1840113E+03, 0.2777691E+02, 0.0000000E+00, 0.1050000E+03, 0.5123439E+02, 0.1050000E+03,
 0.2040000E+01, 0.1840555E+03, 0.2777226E+02, 0.0000000E+00, 0.1050000E+03, 0.5128328E+02, 0.1050000E+03,
 0.2042000E+01, 0.1840998E+03, 0.2776760E+02, 0.0000000E+00, 0.1050000E+03, 0.5133221E+02, 0.1050000E+03,
 0.2044000E+01, 0.1841441E+03, 0.2776296E+02, 0.0000000E+00, 0.1050000E+03, 0.5138119E+02, 0.1050000E+03,
 0.2046000E+01, 0.1841885E+03, 0.2775831E+02, 0.0000000E+00, 0.1050000E+03, 0.5143021E+02, 0.1050000E+03,
 0.2048000E+01, 0.1842330E+03, 0.2775368E+02, 0.0000000E+00, 0.1050000E+03, 0.5147927E+02, 0.1050000E+03,
 0.2050000E+01, 0.1842774E+03, 0.2774905E+02, 0.0000000E+00, 0.1050000E+03, 0.5152839E+02, 0.1050000E+03,
 0.2052000E+01, 0.1843220E+03, 0.2774442E+02, 0.0000000E+00, 0.1050000E+03, 0.5157754E+02, 0.1050000E+03,
 0.2054000E+01, 0.1843665E+03, 0.2773981E+02, 0.0000000E+00, 0.1050000E+03, 0.5162674E+02, 0.1050000E+03,
 0.2056000E+01, 0.1844112E+03, 0.2773519E+02, 0.0000000E+00, 0.1050000E+03, 0.5167599E+02, 0.1050000E+03,
 0.2058000E+01, 0.1844559E+03, 0.2773058E+02, 0.0000000E+00, 0.1050000E+03, 0.5172528E+02, 0.1050000E+03,
 0.2060000E+01, 0.1845006E+03, 0.2772598E+02, 0.0000000E+00, 0.1050000E+03, 0.5177462E+02, 0.1050000E+03,
 0.2062000E+01, 0.1845454E+03, 0.2772138E+02, 0.0000000E+00, 0.1050000E+03, 0.5182400E+02, 0.1050000E+03,
 0.2064000E+01, 0.1845902E+03, 0.2771679E+02, 0.0000000E+00, 0.1050000E+03, 0.5187343E+02, 0.1050000E+03,
 0.2066000E+01, 0.1846351E+03, 0.2771221E+02, 0.0000000E+00, 0.1050000E+03, 0.5192291E+02, 0.1050000E+03,
 0.2068000E+01, 0.1846801E+03, 0.2770763E+02, 0.0000000E+00, 0.1050000E+03, 0.5197243E+02, 0.1050000E+03,
 0.2070000E+01, 0.1847251E+03, 0.2770305E+02, 0.0000000E+00, 0.1050000E+03, 0.5202200E+02, 0.1050000E+03,
 0.2072000E+01, 0.1847701E+03, 0.2769848E+02, 0.0000000E+00, 0.1050000E+03, 0.5207162E+02, 0.1050000E+03,
 0.2074000E+01, 0.1848152E+03, 0.2769392E+02, 0.0000000E+00, 0.1050000E+03, 0.5212128E+02, 0.1050000E+03,
 0.2076000E+01, 0.1848604E+03, 0.2768936E+02, 0.0000000E+00, 0.1050000E+03, 0.5217100E+02, 0.1050000E+03,
 0.2078000E+01, 0.1849056E+03, 0.2768481E+02, 0.0000000E+00, 0.1050000E+03, 0.5222076E+02, 0.1050000E+03,
 0.2080000E+01, 0.1849508E+03, 0.2768026E+02, 0.0000000E+00, 0.1050000E+03, 0.5227057E+02, 0.1050000E+03,
 0.2082000E+01, 0.1849961E+03, 0.2767572E+02, 0.0000000E+00, 0.1050000E+03, 0.5232042E+02, 0.1050000E+03,
 0.2084000E+01, 0.1850415E+03, 0.2767118E+02, 0.0000000E+00, 0.1050000E+03, 0.5237033E+02, 0.1050000E+03,
 0.2086000E+01, 0.1850869E+03, 0.2766665E+02, 0.0000000E+00, 0.1050000E+03, 0.5242028E+02, 0.1050000E+03,
 0.2088000E+01, 0.1851324E+03, 0.2766213E+02, 0.0000000E+00, 0.1050000E+03, 0.5247028E+02, 0.1050000E+03,
 0.2090000E+01, 0.1851779E+03, 0.2765761E+02, 0.0000000E+00, 0.1050000E+03, 0.5252033E+02, 0.1050000E+03,
 0.2092000E+01, 0.1852235E+03, 0.2765309E+02, 0.0000000E+00, 0.1050000E+03, 0.5257043E+02, 0.1050000E+03,
 0.2094000E+01, 0.1852692E+03, 0.2764858E+02, 0.0000000E+00, 0.1050000E+03, 0.5262058E+02, 0.1050000E+03,
 0.2096000E+01, 0.1853149E+03, 0.2764408E+02, 0.0000000E+00, 0.1050000E+03, 0.5267078E+02, 0.1050000E+03,
 0.2098000E+01, 0.1853606E+03, 0.2763958E+02, 0.0000000E+00, 0.1050000E+03, 0.5272103E+02, 0.1050000E+03,
 0.2100000E+01, 0.1854064E+03, 0.2763509E+02, 0.0000000E+00, 0.1050000E+03, 0.5277133E+02, 0.1050000E+03,
 0.2102000E+01, 0.1854523E+03, 0.2763060E+02, 0.0000000E+00, 0.1050000E+03, 0.5282168E+02, 0.1050000E+03,
 0.2104000E+01, 0.1854982E+03, 0.2762612E+02, 0.0000000E+00, 0.1050000E+03, 0.5287208E+02, 0.1050000E+03,
 0.2106000E+01, 0.1855442E+03, 0.2762164E+02, 0.0000000E+00, 0.1050000E+03, 0.5292253E+02, 0.1050000E+03,
 0.2108000E+01, 0.1855902E+03, 0.2761717E+02, 0.0000000E+00, 0.1050000E+03, 0.5297303E+02, 0.1050000E+03,
 0.2110000E+01, 0.1856363E+03, 0.2761270E+02, 0.0000000E+00, 0.1050000E+03, 0.5302358E+02, 0.1050000E+03,
 0.2112000E+01, 0.1856824E+03, 0.2760824E+02, 0.0000000E+00, 0.1050000E+03, 0.5307419E+02, 0.1050000E+03,
 0.2114000E+01, 0.1857286E+03, 0.2760379E+02, 0.0000000E+00, 0.1050000E+03, 0.5312484E+02, 0.1050000E+03,
 0.2116000E+01, 0.1857749E+03, 0.2759934E+02, 0.0000000E+00, 0.1050000E+03, 0.5317555E+02, 0.1050000E+03,
 0.2118000E+01, 0.1858212E+03, 0.2759489E+02, 0.0000000E+00, 0.1050000E+03, 0.5322631E+02, 0.1050000E+03,
 0.2120000E+01, 0.1858676E+03, 0.2759045E+02, 0.0000000E+00, 0.1050000E+03, 0.5327712E+02, 0.1050000E+03,
 0.2122000E+01, 0.1859140E+03, 0.2758602E+02, 0.0000000E+00, 0.1050000E+03, 0.5332799E+02, 0.1050000E+03,
 0.2124000E+01, 0.1859605E+03, 0.2758159E+02, 0.0000000E+00, 0.1050000E+03, 0.5337891E+02, 0.1050000E+03,
 0.2126000E+01, 0.1860070E+03, 0.2757717E+02, 0.0000000E+00, 0.1050000E+03, 0.5342988E+02, 0.1050000E+03,
 0.2128000E+01, 0.1860536E+03, 0.2757275E+02, 0.0000000E+00, 0.1050000E+03, 0.5348090E+02, 0.1050000E+03,
 0.2130000E+01, 0.1861003E+03, 0.2756834E+02, 0.0000000E+00, 0.1050000E+03, 0.5353198E+02, 0.1050000E+03,
 0.2132000E+01, 0.1861470E+03, 0.2756393E+02, 0.0000000E+00, 0.1050000E+03, 0.5358311E+02, 0.1050000E+03,
 0.2134000E+01, 0.1861938E+03, 0.2755953E+02, 0.0000000E+00, 0.1050000E+03, 0.5363430E+02, 0.1050000E+03,
 0.2136000E+01, 0.1862407E+03, 0.2755513E+02, 0.0000000E+00, 0.1050000E+03, 0.5368554E+02, 0.1050000E+03,
 0.2138000E+01, 0.1862876E+03, 0.2755074E+02, 0.0000000E+00, 0.1050000E+03, 0.5373684E+02, 0.1050000E+03,
 0.2140000E+01, 0.1863345E+03, 0.2754635E+02, 0.0000000E+00, 0.1050000E+03, 0.5378819E+02, 0.1050000E+03,
 0.2142000E+01, 0.1863816E+03, 0.2754197E+02, 0.0000000E+00, 0.1050000E+03, 0.5383959E+02, 0.1050000E+03,
 0.2144000E+01, 0.1864286E+03, 0.2753759E+02, 0.0000000E+00, 0.1050000E+03, 0.5389105E+02, 0.1050000E+03,
 0.2146000E+01, 0.1864758E+03, 0.2753322E+02, 0.0000000E+00, 0.1050000E+03, 0.5394257E+02, 0.1050000E+03,
 0.2148000E+01, 0.1865230E+03, 0.2752886E+02, 0.0000000E+00, 0.1050000E+03, 0.5399414E+02, 0.1050000E+03,
 0.2150000E+01, 0.1865703E+03, 0.2752449E+02, 0.0000000E+00, 0.1050000E+03, 0.5404577E+02, 0.1050000E+03,
 0.2152000E+01, 0.1866176E+03, 0.2752014E+02, 0.0000000E+00, 0.1050000E+03, 0.5409745E+02, 0.1050000E+03,
 0.2154000E+01, 0.1866650E+03, 0.2751579E+02, 0.0000000E+00, 0.1050000E+03, 0.5414919E+02, 0.1050000E+03,
 0.2156000E+01, 0.1867124E+03, 0.2751144E+02, 0.0000000E+00, 0.1050000E+03, 0.5420099E+02, 0.1050000E+03,
 0.2158000E+01, 0.1867599E+03, 0.2750710E+02, 0.0000000E+00, 0.1050000E+03, 0.5425285E+02, 0.1050000E+03,
 0.2160000E+01, 0.1868075E+03, 0.2750277E+02, 0.0000000E+00, 0.1050000E+03, 0.5430476E+02, 0.1050000E+03,
 0.2162000E+01, 0.1868552E+03, 0.2749844E+02, 0.0000000E+00, 0.1050000E+03, 0.5435673E+02, 0.1050000E+03,
 0.2164000E+01, 0.1869029E+03, 0.2749412E+02, 0.0000000E+00, 0.1050000E+03, 0.5440876E+02, 0.1050000E+03,
 0.2166000E+01, 0.1869506E+03, 0.2748980E+02, 0.0000000E+00, 0.1050000E+03, 0.5446085E+02, 0.1050000E+03,
 0.2168000E+01, 0.1869985E+03, 0.2748548E+02, 0.0000000E+00, 0.1050000E+03, 0.5451299E+02, 0.1050000E+03,
 0.2170000E+01, 0.1870464E+03, 0.2748117E+02, 0.0000000E+00, 0.1050000E+03, 0.5456519E+02, 0.1050000E+03,
 0.2172000E+01, 0.1870943E+03, 0.2747687E+02, 0.0000000E+00, 0.1050000E+03, 0.5461746E+02, 0.1050000E+03,
 0.2174000E+01, 0.1871423E+03, 0.2747257E+02, 0.0000000E+00, 0.1050000E+03, 0.5466978E+02, 0.1050000E+03,
 0.2176000E+01, 0.1871904E+03, 0.2746828E+02, 0.0000000E+00, 0.1050000E+03, 0.5472216E+02, 0.1050000E+03,
 0.2178000E+01, 0.1872386E+03, 0.2746399E+02, 0.0000000E+00, 0.1050000E+03, 0.5477460E+02, 0.1050000E+03,
 0.2180000E+01, 0.1872868E+03, 0.2745970E+02, 0.0000000E+00, 0.1050000E+03, 0.5482711E+02, 0.1050000E+03,
 0.2182000E+01, 0.1873351E+03, 0.2745543E+02, 0.0000000E+00, 0.1050000E+03, 0.5487967E+02, 0.1050000E+03,
 0.2184000E+01, 0.1873835E+03, 0.2745115E+02, 0.0000000E+00, 0.1050000E+03, 0.5493230E+02, 0.1050000E+03,
 0.2186000E+01, 0.1874319E+03, 0.2744688E+02, 0.0000000E+00, 0.1050000E+03, 0.5498498E+02, 0.1050000E+03,
 0.2188000E+01, 0.1874803E+03, 0.2744262E+02, 0.0000000E+00, 0.1050000E+03, 0.5503773E+02, 0.1050000E+03,
 0.2190000E+01, 0.1875289E+03, 0.2743836E+02, 0.0000000E+00, 0.1050000E+03, 0.5509054E+02, 0.1050000E+03,
 0.2192000E+01, 0.1875775E+03, 0.2743411E+02, 0.0000000E+00, 0.1050000E+03, 0.5514341E+02, 0.1050000E+03,
 0.2194000E+01, 0.1876262E+03, 0.2742986E+02, 0.0000000E+00, 0.1050000E+03, 0.5519634E+02, 0.1050000E+03,
 0.2196000E+01, 0.1876750E+03, 0.2742562E+02, 0.0000000E+00, 0.1050000E+03, 0.5524934E+02, 0.1050000E+03,
 0.2198000E+01, 0.1877238E+03, 0.2742138E+02, 0.0000000E+00, 0.1050000E+03, 0.5530239E+02, 0.1050000E+03,
 0.2200000E+01, 0.1877727E+03, 0.2741714E+02, 0.0000000E+00, 0.1050000E+03, 0.5535552E+02, 0.1050000E+03,
 0.2202000E+01, 0.1878216E+03, 0.2741292E+02, 0.0000000E+00, 0.1050000E+03, 0.5540870E+02, 0.1050000E+03,
 0.2204000E+01, 0.1878707E+03, 0.2740869E+02, 0.0000000E+00, 0.1050000E+03, 0.5546195E+02, 0.1050000E+03,
 0.2206000E+01, 0.1879197E+03, 0.2740448E+02, 0.0000000E+00, 0.1050000E+03, 0.5551527E+02, 0.1050000E+03,
 0.2208000E+01, 0.1879689E+03, 0.2740026E+02, 0.0000000E+00, 0.1050000E+03, 0.5556865E+02, 0.1050000E+03,
 0.2210000E+01, 0.1880181E+03, 0.2739605E+02, 0.0000000E+00, 0.1050000E+03, 0.5562209E+02, 0.1050000E+03,
 0.2212000E+01, 0.1880674E+03, 0.2739185E+02, 0.0000000E+00, 0.1050000E+03, 0.5567559E+02, 0.1050000E+03,
 0.2214000E+01, 0.1881168E+03, 0.2738765E+02, 0.0000000E+00, 0.1050000E+03, 0.5572917E+02, 0.1050000E+03,
 0.2216000E+01, 0.1881663E+03, 0.2738346E+02, 0.0000000E+00, 0.1050000E+03, 0.5578281E+02, 0.1050000E+03,
 0.2218000E+01, 0.1882158E+03, 0.2737927E+02, 0.0000000E+00, 0.1050000E+03, 0.5583651E+02, 0.1050000E+03,
 0.2220000E+01, 0.1882654E+03, 0.2737509E+02, 0.0000000E+00, 0.1050000E+03, 0.5589029E+02, 0.1050000E+03,
 0.2222000E+01, 0.1883150E+03, 0.2737091E+02, 0.0000000E+00, 0.1050000E+03, 0.5594413E+02, 0.1050000E+03,
 0.2224000E+01, 0.1883648E+03, 0.2736673E+02, 0.0000000E+00, 0.1050000E+03, 0.5599803E+02, 0.1050000E+03,
 0.2226000E+01, 0.1884146E+03, 0.2736257E+02, 0.0000000E+00, 0.1050000E+03, 0.5605201E+02, 0.1050000E+03,
 0.2228000E+01, 0.1884644E+03, 0.2735840E+02, 0.0000000E+00, 0.1050000E+03, 0.5610605E+02, 0.1050000E+03,
 0.2230000E+01, 0.1885144E+03, 0.2735424E+02, 0.0000000E+00, 0.1050000E+03, 0.5616016E+02, 0.1050000E+03,
 0.2232000E+01, 0.1885644E+03, 0.2735009E+02, 0.0000000E+00, 0.1050000E+03, 0.5621434E+02, 0.1050000E+03,
 0.2234000E+01, 0.1886145E+03, 0.2734594E+02, 0.0000000E+00, 0.1050000E+03, 0.5626859E+02, 0.1050000E+03,
 0.2236000E+01, 0.1886647E+03, 0.2734179E+02, 0.0000000E+00, 0.1050000E+03, 0.5632290E+02, 0.1050000E+03,
 0.2238000E+01, 0.1887149E+03, 0.2733765E+02, 0.0000000E+00, 0.1050000E+03, 0.5637729E+02, 0.1050000E+03,
 0.2240000E+01, 0.1887653E+03, 0.2733352E+02, 0.0000000E+00, 0.1050000E+03, 0.5643174E+02, 0.1050000E+03,
 0.2242000E+01, 0.1888157E+03, 0.2732939E+02, 0.0000000E+00, 0.1050000E+03, 0.5648627E+02, 0.1050000E+03,
 0.2244000E+01, 0.1888661E+03, 0.2732527E+02, 0.0000000E+00, 0.1050000E+03, 0.5654087E+02, 0.1050000E+03,
 0.2246000E+01, 0.1889167E+03, 0.2732114E+02, 0.0000000E+00, 0.1050000E+03, 0.5659554E+02, 0.1050000E+03,
 0.2248000E+01, 0.1889673E+03, 0.2731703E+02, 0.0000000E+00, 0.1050000E+03, 0.5665028E+02, 0.1050000E+03,
 0.2250000E+01, 0.1890180E+03, 0.2731292E+02, 0.0000000E+00, 0.1050000E+03, 0.5670509E+02, 0.1050000E+03,
 0.2252000E+01, 0.1890688E+03, 0.2730881E+02, 0.0000000E+00, 0.1050000E+03, 0.5675997E+02, 0.1050000E+03,
 0.2254000E+01, 0.1891196E+03, 0.2730471E+02, 0.0000000E+00, 0.1050000E+03, 0.5681493E+02, 0.1050000E+03,
 0.2256000E+01, 0.1891706E+03, 0.2730062E+02, 0.0000000E+00, 0.1050000E+03, 0.5686996E+02, 0.1050000E+03,
 0.2258000E+01, 0.1892216E+03, 0.2729652E+02, 0.0000000E+00, 0.1050000E+03, 0.5692506E+02, 0.1050000E+03,
 0.2260000E+01, 0.1892727E+03, 0.2729244E+02, 0.0000000E+00, 0.1050000E+03, 0.5698024E+02, 0.1050000E+03,
 0.2262000E+01, 0.1893238E+03, 0.2728836E+02, 0.0000000E+00, 0.1050000E+03, 0.5703549E+02, 0.1050000E+03,
 0.2264000E+01, 0.1893751E+03, 0.2728428E+02, 0.0000000E+00, 0.1050000E+03, 0.5709081E+02, 0.1050000E+03,
 0.2266000E+01, 0.1894264E+03, 0.2728021E+02, 0.0000000E+00, 0.1050000E+03, 0.5714621E+02, 0.1050000E+03,
 0.2268000E+01, 0.1894778E+03, 0.2727614E+02, 0.0000000E+00, 0.1050000E+03, 0.5720169E+02, 0.1050000E+03,
 0.2270000E+01, 0.1895293E+03, 0.2727208E+02, 0.0000000E+00, 0.1050000E+03, 0.5725724E+02, 0.1050000E+03,
 0.2272000E+01, 0.1895809E+03, 0.2726802E+02, 0.0000000E+00, 0.1050000E+03, 0.5731287E+02, 0.1050000E+03,
 0.2274000E+01, 0.1896325E+03, 0.2726397E+02, 0.0000000E+00, 0.1050000E+03, 0.5736857E+02, 0.1050000E+03,
 0.2276000E+01, 0.1896843E+03, 0.2725992E+02, 0.0000000E+00, 0.1050000E+03, 0.5742435E+02, 0.1050000E+03,
 0.2278000E+01, 0.1897361E+03, 0.2725587E+02, 0.0000000E+00, 0.1050000E+03, 0.5748021E+02, 0.1050000E+03,
 0.2280000E+01, 0.1897880E+03, 0.2725183E+02, 0.0000000E+00, 0.1050000E+03, 0.5753614E+02, 0.1050000E+03,
 0.2282000E+01, 0.1898400E+03, 0.2724780E+02, 0.0000000E+00, 0.1050000E+03, 0.5759216E+02, 0.1050000E+03,
 0.2284000E+01, 0.1898920E+03, 0.2724377E+02, 0.0000000E+00, 0.1050000E+03, 0.5764825E+02, 0.1050000E+03,
 0.2286000E+01, 0.1899442E+03, 0.2723975E+02, 0.0000000E+00, 0.1050000E+03, 0.5770442E+02, 0.1050000E+03,
 0.2288000E+01, 0.1899964E+03, 0.2723573E+02, 0.0000000E+00, 0.1050000E+03, 0.5776067E+02, 0.1050000E+03,
 0.2290000E+01, 0.1900487E+03, 0.2723171E+02, 0.0000000E+00, 0.1050000E+03, 0.5781700E+02, 0.1050000E+03,
 0.2292000E+01, 0.1901011E+03, 0.2722770E+02, 0.0000000E+00, 0.1050000E+03, 0.5787341E+02, 0.1050000E+03,
 0.2294000E+01, 0.1901536E+03, 0.2722369E+02, 0.0000000E+00, 0.1050000E+03, 0.5792990E+02, 0.1050000E+03,
 0.2296000E+01, 0.1902062E+03, 0.2721969E+02, 0.0000000E+00, 0.1050000E+03, 0.5798647E+02, 0.1050000E+03,
 0.2298000E+01, 0.1902588E+03, 0.2721569E+02, 0.0000000E+00, 0.1050000E+03, 0.5804313E+02, 0.1050000E+03,
 0.2300000E+01, 0.1903116E+03, 0.2721170E+02, 0.0000000E+00, 0.1050000E+03, 0.5809986E+02, 0.1050000E+03,
 0.2302000E+01, 0.1903644E+03, 0.2720772E+02, 0.0000000E+00, 0.1050000E+03, 0.5815668E+02, 0.1050000E+03,
 0.2304000E+01, 0.1904173E+03, 0.2720373E+02, 0.0000000E+00, 0.1050000E+03, 0.5821358E+02, 0.1050000E+03,
 0.2306000E+01, 0.1904703E+03, 0.2719975E+02, 0.0000000E+00, 0.1050000E+03, 0.5827057E+02, 0.1050000E+03,
 0.2308000E+01, 0.1905234E+03, 0.2719578E+02, 0.0000000E+00, 0.1050000E+03, 0.5832763E+02, 0.1050000E+03,
 0.2310000E+01, 0.1905766E+03, 0.2719181E+02, 0.0000000E+00, 0.1050000E+03, 0.5838478E+02, 0.1050000E+03,
 0.2312000E+01, 0.1906299E+03, 0.2718785E+02, 0.0000000E+00, 0.1050000E+03, 0.5844202E+02, 0.1050000E+03,
 0.2314000E+01, 0.1906832E+03, 0.2718389E+02, 0.0000000E+00, 0.1050000E+03, 0.5849934E+02, 0.1050000E+03,
 0.2316000E+01, 0.1907367E+03, 0.2717993E+02, 0.0000000E+00, 0.1050000E+03, 0.5855675E+02, 0.1050000E+03,
 0.2318000E+01, 0.1907902E+03, 0.2717598E+02, 0.0000000E+00, 0.1050000E+03, 0.5861425E+02, 0.1050000E+03,
 0.2320000E+01, 0.1908439E+03, 0.2717204E+02, 0.0000000E+00, 0.1050000E+03, 0.5867183E+02, 0.1050000E+03,
 0.2322000E+01, 0.1908976E+03, 0.2716809E+02, 0.0000000E+00, 0.1050000E+03, 0.5872949E+02, 0.1050000E+03,
 0.2324000E+01, 0.1909514E+03, 0.2716416E+02, 0.0000000E+00, 0.1050000E+03, 0.5878725E+02, 0.1050000E+03,
 0.2326000E+01, 0.1910053E+03, 0.2716023E+02, 0.0000000E+00, 0.1050000E+03, 0.5884509E+02, 0.1050000E+03,
 0.2328000E+01, 0.1910593E+03, 0.2715630E+02, 0.0000000E+00, 0.1050000E+03, 0.5890302E+02, 0.1050000E+03,
 0.2330000E+01, 0.1911134E+03, 0.2715238E+02, 0.0000000E+00, 0.1050000E+03, 0.5896104E+02, 0.1050000E+03,
 0.2332000E+01, 0.1911676E+03, 0.2714846E+02, 0.0000000E+00, 0.1050000E+03, 0.5901915E+02, 0.1050000E+03,
 0.2334000E+01, 0.1912219E+03, 0.2714454E+02, 0.0000000E+00, 0.1050000E+03, 0.5907735E+02, 0.1050000E+03,
 0.2336000E+01, 0.1912763E+03, 0.2714063E+02, 0.0000000E+00, 0.1050000E+03, 0.5913564E+02, 0.1050000E+03,
 0.2338000E+01, 0.1913307E+03, 0.2713673E+02, 0.0000000E+00, 0.1050000E+03, 0.5919402E+02, 0.1050000E+03,
 0.2340000E+01, 0.1913853E+03, 0.2713283E+02, 0.0000000E+00, 0.1050000E+03, 0.5925249E+02, 0.1050000E+03,
 0.2342000E+01, 0.1914400E+03, 0.2712893E+02, 0.0000000E+00, 0.1050000E+03, 0.5931105E+02, 0.1050000E+03,
 0.2344000E+01, 0.1914948E+03, 0.2712504E+02, 0.0000000E+00, 0.1050000E+03, 0.5936971E+02, 0.1050000E+03,
 0.2346000E+01, 0.1915496E+03, 0.2712116E+02, 0.0000000E+00, 0.1050000E+03, 0.5942846E+02, 0.1050000E+03,
 0.2348000E+01, 0.1916046E+03, 0.2711728E+02, 0.0000000E+00, 0.1050000E+03, 0.5948730E+02, 0.1050000E+03,
 0.2350000E+01, 0.1916596E+03, 0.2711340E+02, 0.0000000E+00, 0.1050000E+03, 0.5954623E+02, 0.1050000E+03,
 0.2352000E+01, 0.1917148E+03, 0.2710952E+02, 0.0000000E+00, 0.1050000E+03, 0.5960526E+02, 0.1050000E+03,
 0.2354000E+01, 0.1917700E+03, 0.2710566E+02, 0.0000000E+00, 0.1050000E+03, 0.5966438E+02, 0.1050000E+03,
 0.2356000E+01, 0.1918254E+03, 0.2710179E+02, 0.0000000E+00, 0.1050000E+03, 0.5972360E+02, 0.1050000E+03,
 0.2358000E+01, 0.1918808E+03, 0.2709793E+02, 0.0000000E+00, 0.1050000E+03, 0.5978292E+02, 0.1050000E+03,
 0.2360000E+01, 0.1919364E+03, 0.2709408E+02, 0.0000000E+00, 0.1050000E+03, 0.5984233E+02, 0.1050000E+03,
 0.2362000E+01, 0.1919921E+03, 0.2709023E+02, 0.0000000E+00, 0.1050000E+03, 0.5990184E+02, 0.1050000E+03,
 0.2364000E+01, 0.1920478E+03, 0.2708638E+02, 0.0000000E+00, 0.1050000E+03, 0.5996144E+02, 0.1050000E+03,
 0.2366000E+01, 0.1921037E+03, 0.2708254E+02, 0.0000000E+00, 0.1050000E+03, 0.6002114E+02, 0.1050000E+03,
 0.2368000E+01, 0.1921596E+03, 0.2707870E+02, 0.0000000E+00, 0.1050000E+03, 0.6008094E+02, 0.1050000E+03,
 0.2370000E+01, 0.1922157E+03, 0.2707487E+02, 0.0000000E+00, 0.1050000E+03, 0.6014084E+02, 0.1050000E+03,
 0.2372000E+01, 0.1922719E+03, 0.2707104E+02, 0.0000000E+00, 0.1050000E+03, 0.6020084E+02, 0.1050000E+03,
 0.2374000E+01, 0.1923282E+03, 0.2706722E+02, 0.0000000E+00, 0.1050000E+03, 0.6026093E+02, 0.1050000E+03,
 0.2376000E+01, 0.1923845E+03, 0.2706340E+02, 0.0000000E+00, 0.1050000E+03, 0.6032113E+02, 0.1050000E+03,
 0.2378000E+01, 0.1924410E+03, 0.2705958E+02, 0.0000000E+00, 0.1050000E+03, 0.6038143E+02, 0.1050000E+03,
 0.2380000E+01, 0.1924976E+03, 0.2705577E+02, 0.0000000E+00, 0.1050000E+03, 0.6044183E+02, 0.1050000E+03,
 0.2382000E+01, 0.1925543E+03, 0.2705197E+02, 0.0000000E+00, 0.1050000E+03, 0.6050232E+02, 0.1050000E+03,
 0.2384000E+01, 0.1926111E+03, 0.2704817E+02, 0.0000000E+00, 0.1050000E+03, 0.6056293E+02, 0.1050000E+03,
 0.2386000E+01, 0.1926680E+03, 0.2704437E+02, 0.0000000E+00, 0.1050000E+03, 0.6062363E+02, 0.1050000E+03,
 0.2388000E+01, 0.1927250E+03, 0.2704058E+02, 0.0000000E+00, 0.1050000E+03, 0.6068443E+02, 0.1050000E+03,
 0.2390000E+01, 0.1927821E+03, 0.2703679E+02, 0.0000000E+00, 0.1050000E+03, 0.6074534E+02, 0.1050000E+03,
 0.2392000E+01, 0.1928394E+03, 0.2703300E+02, 0.0000000E+00, 0.1050000E+03, 0.6080635E+02, 0.1050000E+03,
 0.2394000E+01, 0.1928967E+03, 0.2702923E+02, 0.0000000E+00, 0.1050000E+03, 0.6086747E+02, 0.1050000E+03,
 0.2396000E+01, 0.1929541E+03, 0.2702545E+02, 0.0000000E+00, 0.1050000E+03, 0.6092869E+02, 0.1050000E+03,
 0.2398000E+01, 0.1930117E+03, 0.2702168E+02, 0.0000000E+00, 0.1050000E+03, 0.6099002E+02, 0.1050000E+03,
 0.2400000E+01, 0.1930694E+03, 0.2701791E+02, 0.0000000E+00, 0.1050000E+03, 0.6105145E+02, 0.1050000E+03,
 0.2402000E+01, 0.1931271E+03, 0.2701415E+02, 0.0000000E+00, 0.1050000E+03, 0.6111298E+02, 0.1050000E+03,
 0.2404000E+01, 0.1931850E+03, 0.2701040E+02, 0.0000000E+00, 0.1050000E+03, 0.6117462E+02, 0.1050000E+03,
 0.2406000E+01, 0.1932430E+03, 0.2700664E+02, 0.0000000E+00, 0.1050000E+03, 0.6123637E+02, 0.1050000E+03,
 0.2408000E+01, 0.1933011E+03, 0.2700289E+02, 0.0000000E+00, 0.1050000E+03, 0.6129822E+02, 0.1050000E+03,
 0.2410000E+01, 0.1933593E+03, 0.2699915E+02, 0.0000000E+00, 0.1050000E+03, 0.6136018E+02, 0.1050000E+03,
 0.2412000E+01, 0.1934177E+03, 0.2699541E+02, 0.0000000E+00, 0.1050000E+03, 0.6142225E+02, 0.1050000E+03,
 0.2414000E+01, 0.1934761E+03, 0.2699168E+02, 0.0000000E+00, 0.1050000E+03, 0.6148442E+02, 0.1050000E+03,
 0.2416000E+01, 0.1935347E+03, 0.2698795E+02, 0.0000000E+00, 0.1050000E+03, 0.6154670E+02, 0.1050000E+03,
 0.2418000E+01, 0.1935933E+03, 0.2698422E+02, 0.0000000E+00, 0.1050000E+03, 0.6160909E+02, 0.1050000E+03,
 0.2420000E+01, 0.1936521E+03, 0.2698050E+02, 0.0000000E+00, 0.1050000E+03, 0.6167159E+02, 0.1050000E+03,
 0.2422000E+01, 0.1937110E+03, 0.2697678E+02, 0.0000000E+00, 0.1050000E+03, 0.6173419E+02, 0.1050000E+03,
 0.2424000E+01, 0.1937700E+03, 0.2697307E+02, 0.0000000E+00, 0.1050000E+03, 0.6179690E+02, 0.1050000E+03,
 0.2426000E+01, 0.1938291E+03, 0.2696936E+02, 0.0000000E+00, 0.1050000E+03, 0.6185972E+02, 0.1050000E+03,
 0.2428000E+01, 0.1938883E+03, 0.2696565E+02, 0.0000000E+00, 0.1050000E+03, 0.6192265E+02, 0.1050000E+03,
 0.2430000E+01, 0.1939476E+03, 0.2696195E+02, 0.0000000E+00, 0.1050000E+03, 0.6198568E+02, 0.1050000E+03,
 0.2432000E+01, 0.1940071E+03, 0.2695826E+02, 0.0000000E+00, 0.1050000E+03, 0.6204882E+02, 0.1050000E+03,
 0.2434000E+01, 0.1940666E+03, 0.2695457E+02, 0.0000000E+00, 0.1050000E+03, 0.6211207E+02, 0.1050000E+03,
 0.2436000E+01, 0.1941263E+03, 0.2695088E+02, 0.0000000E+00, 0.1050000E+03, 0.6217543E+02, 0.1050000E+03,
 0.2438000E+01, 0.1941861E+03, 0.2694720E+02, 0.0000000E+00, 0.1050000E+03, 0.6223889E+02, 0.1050000E+03,
 0.2440000E+01, 0.1942460E+03, 0.2694352E+02, 0.0000000E+00, 0.1050000E+03, 0.6230246E+02, 0.1050000E+03,
 0.2442000E+01, 0.1943060E+03, 0.2693984E+02, 0.0000000E+00, 0.1050000E+03, 0.6236613E+02, 0.1050000E+03,
 0.2444000E+01, 0.1943661E+03, 0.2693617E+02, 0.0000000E+00, 0.1050000E+03, 0.6242991E+02, 0.1050000E+03,
 0.2446000E+01, 0.1944263E+03, 0.2693251E+02, 0.0000000E+00, 0.1050000E+03, 0.6249379E+02, 0.1050000E+03,
 0.2448000E+01, 0.1944866E+03, 0.2692885E+02, 0.0000000E+00, 0.1050000E+03, 0.6255778E+02, 0.1050000E+03,
 0.2450000E+01, 0.1945471E+03, 0.2692519E+02, 0.0000000E+00, 0.1050000E+03, 0.6262187E+02, 0.1050000E+03,
 0.2452000E+01, 0.1946076E+03, 0.2692154E+02, 0.0000000E+00, 0.1050000E+03, 0.6268605E+02, 0.1050000E+03,
 0.2454000E+01, 0.1946682E+03, 0.2691789E+02, 0.0000000E+00, 0.1050000E+03, 0.6275034E+02, 0.1050000E+03,
 0.2456000E+01, 0.1947290E+03, 0.2691425E+02, 0.0000000E+00, 0.1050000E+03, 0.6281472E+02, 0.1050000E+03,
 0.2458000E+01, 0.1947898E+03, 0.2691061E+02, 0.0000000E+00, 0.1050000E+03, 0.6287920E+02, 0.1050000E+03,
 0.2460000E+01, 0.1948507E+03, 0.2690698E+02, 0.0000000E+00, 0.1050000E+03, 0.6294377E+02, 0.1050000E+03,
 0.2462000E+01, 0.1949118E+03, 0.2690335E+02, 0.0000000E+00, 0.1050000E+03, 0.6300842E+02, 0.1050000E+03,
 0.2464000E+01, 0.1949729E+03, 0.2689972E+02, 0.0000000E+00, 0.1050000E+03, 0.6307315E+02, 0.1050000E+03,
 0.2466000E+01, 0.1950340E+03, 0.2689610E+02, 0.0000000E+00, 0.1050000E+03, 0.6313792E+02, 0.1050000E+03,
 0.2468000E+01, 0.1950952E+03, 0.2689248E+02, 0.0000000E+00, 0.1050000E+03, 0.6320269E+02, 0.1050000E+03,
 0.2470000E+01, 0.1951563E+03, 0.2688887E+02, 0.0000000E+00, 0.1050000E+03, 0.6326746E+02, 0.1050000E+03,
 0.2472000E+01, 0.1952175E+03, 0.2688526E+02, 0.0000000E+00, 0.1050000E+03, 0.6333220E+02, 0.1050000E+03,
 0.2474000E+01, 0.1952785E+03, 0.2688165E+02, 0.0000000E+00, 0.1050000E+03, 0.6339690E+02, 0.1050000E+03,
 0.2476000E+01, 0.1953396E+03, 0.2687806E+02, 0.0000000E+00, 0.1050000E+03, 0.6346153E+02, 0.1050000E+03,
 0.2478000E+01, 0.1954005E+03, 0.2687446E+02, 0.0000000E+00, 0.1050000E+03, 0.6352608E+02, 0.1050000E+03,
 0.2480000E+01, 0.1954614E+03, 0.2687087E+02, 0.0000000E+00, 0.1050000E+03, 0.6359052E+02, 0.1050000E+03,
 0.2482000E+01, 0.1955221E+03, 0.2686728E+02, 0.0000000E+00, 0.1050000E+03, 0.6365485E+02, 0.1050000E+03,
 0.2484000E+01, 0.1955827E+03, 0.2686370E+02, 0.0000000E+00, 0.1050000E+03, 0.6371904E+02, 0.1050000E+03,
 0.2486000E+01, 0.1956432E+03, 0.2686012E+02, 0.0000000E+00, 0.1050000E+03, 0.6378306E+02, 0.1050000E+03,
 0.2488000E+01, 0.1957034E+03, 0.2685654E+02, 0.0000000E+00, 0.1050000E+03, 0.6384690E+02, 0.1050000E+03,
 0.2490000E+01, 0.1957635E+03, 0.2685298E+02, 0.0000000E+00, 0.1050000E+03, 0.6391055E+02, 0.1050000E+03,
 0.2492000E+01, 0.1958234E+03, 0.2684941E+02, 0.0000000E+00, 0.1050000E+03, 0.6397397E+02, 0.1050000E+03,
 0.2494000E+01, 0.1958830E+03, 0.2684585E+02, 0.0000000E+00, 0.1050000E+03, 0.6403714E+02, 0.1050000E+03,
 0.2496000E+01, 0.1959424E+03, 0.2684230E+02, 0.0000000E+00, 0.1050000E+03, 0.6410005E+02, 0.1050000E+03,
 0.2498000E+01, 0.1960014E+03, 0.2683875E+02, 0.0000000E+00, 0.1050000E+03, 0.6416268E+02, 0.1050000E+03,
 0.2500000E+01, 0.1960602E+03, 0.2683521E+02, 0.0000000E+00, 0.1050000E+03, 0.6422500E+02, 0.1050000E+03,
 0.2502000E+01, 0.1961187E+03, 0.2683167E+02, 0.0000000E+00, 0.1050000E+03, 0.6428699E+02, 0.1050000E+03,
 0.2504000E+01, 0.1961768E+03, 0.2682814E+02, 0.0000000E+00, 0.1050000E+03, 0.6434865E+02, 0.1050000E+03,
 0.2506000E+01, 0.1962346E+03, 0.2682461E+02, 0.0000000E+00, 0.1050000E+03, 0.6440995E+02, 0.1050000E+03,
 0.2508000E+01, 0.1962920E+03, 0.2682109E+02, 0.0000000E+00, 0.1050000E+03, 0.6447089E+02, 0.1050000E+03,
 0.2510000E+01, 0.1963490E+03, 0.2681758E+02, 0.0000000E+00, 0.1050000E+03, 0.6453143E+02, 0.1050000E+03,
 0.2512000E+01, 0.1964057E+03, 0.2681407E+02, 0.0000000E+00, 0.1050000E+03, 0.6459160E+02, 0.1050000E+03,
 0.2514000E+01, 0.1964619E+03, 0.2681057E+02, 0.0000000E+00, 0.1050000E+03, 0.6465137E+02, 0.1050000E+03,
 0.2516000E+01, 0.1965178E+03, 0.2680708E+02, 0.0000000E+00, 0.1050000E+03, 0.6471076E+02, 0.1050000E+03,
 0.2518000E+01, 0.1965734E+03, 0.2680359E+02, 0.0000000E+00, 0.1050000E+03, 0.6476977E+02, 0.1050000E+03,
 0.2520000E+01, 0.1966285E+03, 0.2680011E+02, 0.0000000E+00, 0.1050000E+03, 0.6482839E+02, 0.1050000E+03,
 0.2522000E+01, 0.1966833E+03, 0.2679664E+02, 0.0000000E+00, 0.1050000E+03, 0.6488665E+02, 0.1050000E+03,
 0.2524000E+01, 0.1967377E+03, 0.2679318E+02, 0.0000000E+00, 0.1050000E+03, 0.6494456E+02, 0.1050000E+03,
 0.2526000E+01, 0.1967919E+03, 0.2678973E+02, 0.0000000E+00, 0.1050000E+03, 0.6500213E+02, 0.1050000E+03,
 0.2528000E+01, 0.1968457E+03, 0.2678629E+02, 0.0000000E+00, 0.1050000E+03, 0.6505940E+02, 0.1050000E+03,
 0.2530000E+01, 0.1968992E+03, 0.2678285E+02, 0.0000000E+00, 0.1050000E+03, 0.6511639E+02, 0.1050000E+03,
 0.2532000E+01, 0.1969526E+03, 0.2677942E+02, 0.0000000E+00, 0.1050000E+03, 0.6517313E+02, 0.1050000E+03,
 0.2534000E+01, 0.1970057E+03, 0.2677600E+02, 0.0000000E+00, 0.1050000E+03, 0.6522965E+02, 0.1050000E+03,
 0.2536000E+01, 0.1970586E+03, 0.2677260E+02, 0.0000000E+00, 0.1050000E+03, 0.6528598E+02, 0.1050000E+03,
 0.2538000E+01, 0.1971114E+03, 0.2676920E+02, 0.0000000E+00, 0.1050000E+03, 0.6534216E+02, 0.1050000E+03,
 0.2540000E+01, 0.1971640E+03, 0.2676581E+02, 0.0000000E+00, 0.1050000E+03, 0.6539821E+02, 0.1050000E+03,
 0.2542000E+01, 0.1972166E+03, 0.2676243E+02, 0.0000000E+00, 0.1050000E+03, 0.6545416E+02, 0.1050000E+03,
 0.2544000E+01, 0.1972691E+03, 0.2675906E+02, 0.0000000E+00, 0.1050000E+03, 0.6551006E+02, 0.1050000E+03,
 0.2546000E+01, 0.1973216E+03, 0.2675570E+02, 0.0000000E+00, 0.1050000E+03, 0.6556593E+02, 0.1050000E+03,
 0.2548000E+01, 0.1973741E+03, 0.2675235E+02, 0.0000000E+00, 0.1050000E+03, 0.6562180E+02, 0.1050000E+03,
 0.2550000E+01, 0.1974267E+03, 0.2674901E+02, 0.0000000E+00, 0.1050000E+03, 0.6567768E+02, 0.1050000E+03,
 0.2552000E+01, 0.1974793E+03, 0.2674567E+02, 0.0000000E+00, 0.1050000E+03, 0.6573360E+02, 0.1050000E+03,
 0.2554000E+01, 0.1975320E+03, 0.2674235E+02, 0.0000000E+00, 0.1050000E+03, 0.6578960E+02, 0.1050000E+03,
 0.2556000E+01, 0.1975847E+03, 0.2673903E+02, 0.0000000E+00, 0.1050000E+03, 0.6584568E+02, 0.1050000E+03,
 0.2558000E+01, 0.1976376E+03, 0.2673573E+02, 0.0000000E+00, 0.1050000E+03, 0.6590186E+02, 0.1050000E+03,
 0.2560000E+01, 0.1976906E+03, 0.2673243E+02, 0.0000000E+00, 0.1050000E+03, 0.6595814E+02, 0.1050000E+03,
 0.2562000E+01, 0.1977437E+03, 0.2672914E+02, 0.0000000E+00, 0.1050000E+03, 0.6601454E+02, 0.1050000E+03,
 0.2564000E+01, 0.1977969E+03, 0.2672585E+02, 0.0000000E+00, 0.1050000E+03, 0.6607108E+02, 0.1050000E+03,
 0.2566000E+01, 0.1978503E+03, 0.2672258E+02, 0.0000000E+00, 0.1050000E+03, 0.6612774E+02, 0.1050000E+03,
 0.2568000E+01, 0.1979039E+03, 0.2671931E+02, 0.0000000E+00, 0.1050000E+03, 0.6618455E+02, 0.1050000E+03,
 0.2570000E+01, 0.1979575E+03, 0.2671605E+02, 0.0000000E+00, 0.1050000E+03, 0.6624149E+02, 0.1050000E+03,
 0.2572000E+01, 0.1980114E+03, 0.2671279E+02, 0.0000000E+00, 0.1050000E+03, 0.6629859E+02, 0.1050000E+03,
 0.2574000E+01, 0.1980654E+03, 0.2670954E+02, 0.0000000E+00, 0.1050000E+03, 0.6635583E+02, 0.1050000E+03,
 0.2576000E+01, 0.1981195E+03, 0.2670629E+02, 0.0000000E+00, 0.1050000E+03, 0.6641322E+02, 0.1050000E+03,
 0.2578000E+01, 0.1981738E+03, 0.2670305E+02, 0.0000000E+00, 0.1050000E+03, 0.6647074E+02, 0.1050000E+03,
 0.2580000E+01, 0.1982282E+03, 0.2669982E+02, 0.0000000E+00, 0.1050000E+03, 0.6652842E+02, 0.1050000E+03,
 0.2582000E+01, 0.1982828E+03, 0.2669659E+02, 0.0000000E+00, 0.1050000E+03, 0.6658624E+02, 0.1050000E+03,
 0.2584000E+01, 0.1983376E+03, 0.2669337E+02, 0.0000000E+00, 0.1050000E+03, 0.6664419E+02, 0.1050000E+03,
 0.2586000E+01, 0.1983924E+03, 0.2669015E+02, 0.0000000E+00, 0.1050000E+03, 0.6670229E+02, 0.1050000E+03,
 0.2588000E+01, 0.1984475E+03, 0.2668694E+02, 0.0000000E+00, 0.1050000E+03, 0.6676051E+02, 0.1050000E+03,
 0.2590000E+01, 0.1985026E+03, 0.2668373E+02, 0.0000000E+00, 0.1050000E+03, 0.6681888E+02, 0.1050000E+03,
 0.2592000E+01, 0.1985579E+03, 0.2668053E+02, 0.0000000E+00, 0.1050000E+03, 0.6687737E+02, 0.1050000E+03,
 0.2594000E+01, 0.1986133E+03, 0.2667733E+02, 0.0000000E+00, 0.1050000E+03, 0.6693600E+02, 0.1050000E+03,
 0.2596000E+01, 0.1986689E+03, 0.2667414E+02, 0.0000000E+00, 0.1050000E+03, 0.6699476E+02, 0.1050000E+03,
 0.2598000E+01, 0.1987246E+03, 0.2667095E+02, 0.0000000E+00, 0.1050000E+03, 0.6705363E+02, 0.1050000E+03,
 0.2600000E+01, 0.1987804E+03, 0.2666776E+02, 0.0000000E+00, 0.1050000E+03, 0.6711263E+02, 0.1050000E+03,
 0.2602000E+01, 0.1988363E+03, 0.2666459E+02, 0.0000000E+00, 0.1050000E+03, 0.6717176E+02, 0.1050000E+03,
 0.2604000E+01, 0.1988924E+03, 0.2666141E+02, 0.0000000E+00, 0.1050000E+03, 0.6723100E+02, 0.1050000E+03,
 0.2606000E+01, 0.1989486E+03, 0.2665824E+02, 0.0000000E+00, 0.1050000E+03, 0.6729037E+02, 0.1050000E+03,
 0.2608000E+01, 0.1990049E+03, 0.2665507E+02, 0.0000000E+00, 0.1050000E+03, 0.6734985E+02, 0.1050000E+03,
 0.2610000E+01, 0.1990614E+03, 0.2665191E+02, 0.0000000E+00, 0.1050000E+03, 0.6740944E+02, 0.1050000E+03,
 0.2612000E+01, 0.1991179E+03, 0.2664876E+02, 0.0000000E+00, 0.1050000E+03, 0.6746915E+02, 0.1050000E+03,
 0.2614000E+01, 0.1991746E+03, 0.2664561E+02, 0.0000000E+00, 0.1050000E+03, 0.6752897E+02, 0.1050000E+03,
 0.2616000E+01, 0.1992314E+03, 0.2664246E+02, 0.0000000E+00, 0.1050000E+03, 0.6758891E+02, 0.1050000E+03,
 0.2618000E+01, 0.1992883E+03, 0.2663932E+02, 0.0000000E+00, 0.1050000E+03, 0.6764895E+02, 0.1050000E+03,
 0.2620000E+01, 0.1993453E+03, 0.2663618E+02, 0.0000000E+00, 0.1050000E+03, 0.6770911E+02, 0.1050000E+03,
 0.2622000E+01, 0.1994024E+03, 0.2663305E+02, 0.0000000E+00, 0.1050000E+03, 0.6776938E+02, 0.1050000E+03,
 0.2624000E+01, 0.1994597E+03, 0.2662993E+02, 0.0000000E+00, 0.1050000E+03, 0.6782976E+02, 0.1050000E+03,
 0.2626000E+01, 0.1995170E+03, 0.2662681E+02, 0.0000000E+00, 0.1050000E+03, 0.6789024E+02, 0.1050000E+03,
 0.2628000E+01, 0.1995745E+03, 0.2662370E+02, 0.0000000E+00, 0.1050000E+03, 0.6795084E+02, 0.1050000E+03,
 0.2630000E+01, 0.1996321E+03, 0.2662059E+02, 0.0000000E+00, 0.1050000E+03, 0.6801154E+02, 0.1050000E+03,
 0.2632000E+01, 0.1996898E+03, 0.2661749E+02, 0.0000000E+00, 0.1050000E+03, 0.6807236E+02, 0.1050000E+03,
 0.2634000E+01, 0.1997477E+03, 0.2661439E+02, 0.0000000E+00, 0.1050000E+03, 0.6813328E+02, 0.1050000E+03,
 0.2636000E+01, 0.1998056E+03, 0.2661130E+02, 0.0000000E+00, 0.1050000E+03, 0.6819431E+02, 0.1050000E+03,
 0.2638000E+01, 0.1998637E+03, 0.2660822E+02, 0.0000000E+00, 0.1050000E+03, 0.6825544E+02, 0.1050000E+03,
 0.2640000E+01, 0.1999218E+03, 0.2660514E+02, 0.0000000E+00, 0.1050000E+03, 0.6831668E+02, 0.1050000E+03,
 0.2642000E+01, 0.1999801E+03, 0.2660207E+02, 0.0000000E+00, 0.1050000E+03, 0.6837804E+02, 0.1050000E+03,
 0.2644000E+01, 0.2000385E+03, 0.2659900E+02, 0.0000000E+00, 0.1050000E+03, 0.6843950E+02, 0.1050000E+03,
 0.2646000E+01, 0.2000970E+03, 0.2659594E+02, 0.0000000E+00, 0.1050000E+03, 0.6850106E+02, 0.1050000E+03,
 0.2648000E+01, 0.2001556E+03, 0.2659289E+02, 0.0000000E+00, 0.1050000E+03, 0.6856274E+02, 0.1050000E+03,
 0.2650000E+01, 0.2002144E+03, 0.2658984E+02, 0.0000000E+00, 0.1050000E+03, 0.6862452E+02, 0.1050000E+03,
 0.2652000E+01, 0.2002732E+03, 0.2658680E+02, 0.0000000E+00, 0.1050000E+03, 0.6868642E+02, 0.1050000E+03,
 0.2654000E+01, 0.2003322E+03, 0.2658377E+02, 0.0000000E+00, 0.1050000E+03, 0.6874841E+02, 0.1050000E+03,
 0.2656000E+01, 0.2003913E+03, 0.2658074E+02, 0.0000000E+00, 0.1050000E+03, 0.6881052E+02, 0.1050000E+03,
 0.2658000E+01, 0.2004505E+03, 0.2657772E+02, 0.0000000E+00, 0.1050000E+03, 0.6887274E+02, 0.1050000E+03,
 0.2660000E+01, 0.2005098E+03, 0.2657470E+02, 0.0000000E+00, 0.1050000E+03, 0.6893507E+02, 0.1050000E+03,
 0.2662000E+01, 0.2005692E+03, 0.2657169E+02, 0.0000000E+00, 0.1050000E+03, 0.6899751E+02, 0.1050000E+03,
 0.2664000E+01, 0.2006287E+03, 0.2656869E+02, 0.0000000E+00, 0.1050000E+03, 0.6906005E+02, 0.1050000E+03,
 0.2666000E+01, 0.2006884E+03, 0.2656569E+02, 0.0000000E+00, 0.1050000E+03, 0.6912271E+02, 0.1050000E+03,
 0.2668000E+01, 0.2007482E+03, 0.2656270E+02, 0.0000000E+00, 0.1050000E+03, 0.6918548E+02, 0.1050000E+03,
 0.2670000E+01, 0.2008081E+03, 0.2655972E+02, 0.0000000E+00, 0.1050000E+03, 0.6924836E+02, 0.1050000E+03,
 0.2672000E+01, 0.2008681E+03, 0.2655674E+02, 0.0000000E+00, 0.1050000E+03, 0.6931135E+02, 0.1050000E+03,
 0.2674000E+01, 0.2009282E+03, 0.2655377E+02, 0.0000000E+00, 0.1050000E+03, 0.6937445E+02, 0.1050000E+03,
 0.2676000E+01, 0.2009885E+03, 0.2655081E+02, 0.0000000E+00, 0.1050000E+03, 0.6943766E+02, 0.1050000E+03,
 0.2678000E+01, 0.2010488E+03, 0.2654785E+02, 0.0000000E+00, 0.1050000E+03, 0.6950098E+02, 0.1050000E+03,
 0.2680000E+01, 0.2011093E+03, 0.2654489E+02, 0.0000000E+00, 0.1050000E+03, 0.6956442E+02, 0.1050000E+03,
 0.2682000E+01, 0.2011699E+03, 0.2654194E+02, 0.0000000E+00, 0.1050000E+03, 0.6962798E+02, 0.1050000E+03,
 0.2684000E+01, 0.2012306E+03, 0.2653900E+02, 0.0000000E+00, 0.1050000E+03, 0.6969164E+02, 0.1050000E+03,
 0.2686000E+01, 0.2012915E+03, 0.2653606E+02, 0.0000000E+00, 0.1050000E+03, 0.6975542E+02, 0.1050000E+03,
 0.2688000E+01, 0.2013524E+03, 0.2653313E+02, 0.0000000E+00, 0.1050000E+03, 0.6981931E+02, 0.1050000E+03,
 0.2690000E+01, 0.2014135E+03, 0.2653020E+02, 0.0000000E+00, 0.1050000E+03, 0.6988332E+02, 0.1050000E+03,
 0.2692000E+01, 0.2014747E+03, 0.2652728E+02, 0.0000000E+00, 0.1050000E+03, 0.6994745E+02, 0.1050000E+03,
 0.2694000E+01, 0.2015361E+03, 0.2652437E+02, 0.0000000E+00, 0.1050000E+03, 0.7001169E+02, 0.1050000E+03,
 0.2696000E+01, 0.2015975E+03, 0.2652146E+02, 0.0000000E+00, 0.1050000E+03, 0.7007604E+02, 0.1050000E+03,
 0.2698000E+01, 0.2016591E+03, 0.2651855E+02, 0.0000000E+00, 0.1050000E+03, 0.7014052E+02, 0.1050000E+03,
 0.2700000E+01, 0.2017207E+03, 0.2651565E+02, 0.0000000E+00, 0.1050000E+03, 0.7020511E+02, 0.1050000E+03,
 0.2702000E+01, 0.2017826E+03, 0.2651275E+02, 0.0000000E+00, 0.1050000E+03, 0.7026981E+02, 0.1050000E+03,
 0.2704000E+01, 0.2018445E+03, 0.2650986E+02, 0.0000000E+00, 0.1050000E+03, 0.7033464E+02, 0.1050000E+03,
 0.2706000E+01, 0.2019066E+03, 0.2650697E+02, 0.0000000E+00, 0.1050000E+03, 0.7039958E+02, 0.1050000E+03,
 0.2708000E+01, 0.2019687E+03, 0.2650408E+02, 0.0000000E+00, 0.1050000E+03, 0.7046465E+02, 0.1050000E+03,
 0.2710000E+01, 0.2020310E+03, 0.2650120E+02, 0.0000000E+00, 0.1050000E+03, 0.7052983E+02, 0.1050000E+03,
 0.2712000E+01, 0.2020935E+03, 0.2649833E+02, 0.0000000E+00, 0.1050000E+03, 0.7059513E+02, 0.1050000E+03,
 0.2714000E+01, 0.2021560E+03, 0.2649545E+02, 0.0000000E+00, 0.1050000E+03, 0.7066055E+02, 0.1050000E+03,
 0.2716000E+01, 0.2022187E+03, 0.2649258E+02, 0.0000000E+00, 0.1050000E+03, 0.7072610E+02, 0.1050000E+03,
 0.2718000E+01, 0.2022815E+03, 0.2648972E+02, 0.0000000E+00, 0.1050000E+03, 0.7079176E+02, 0.1050000E+03,
 0.2720000E+01, 0.2023444E+03, 0.2648685E+02, 0.0000000E+00, 0.1050000E+03, 0.7085754E+02, 0.1050000E+03,
 0.2722000E+01, 0.2024074E+03, 0.2648399E+02, 0.0000000E+00, 0.1050000E+03, 0.7092345E+02, 0.1050000E+03,
 0.2724000E+01, 0.2024706E+03, 0.2648113E+02, 0.0000000E+00, 0.1050000E+03, 0.7098948E+02, 0.1050000E+03,
 0.2726000E+01, 0.2025339E+03, 0.2647828E+02, 0.0000000E+00, 0.1050000E+03, 0.7105563E+02, 0.1050000E+03,
 0.2728000E+01, 0.2025973E+03, 0.2647543E+02, 0.0000000E+00, 0.1050000E+03, 0.7112190E+02, 0.1050000E+03,
 0.2730000E+01, 0.2026609E+03, 0.2647258E+02, 0.0000000E+00, 0.1050000E+03, 0.7118829E+02, 0.1050000E+03,
 0.2732000E+01, 0.2027245E+03, 0.2646973E+02, 0.0000000E+00, 0.1050000E+03, 0.7125481E+02, 0.1050000E+03,
 0.2734000E+01, 0.2027883E+03, 0.2646689E+02, 0.0000000E+00, 0.1050000E+03, 0.7132146E+02, 0.1050000E+03,
 0.2736000E+01, 0.2028523E+03, 0.2646404E+02, 0.0000000E+00, 0.1050000E+03, 0.7138822E+02, 0.1050000E+03,
 0.2738000E+01, 0.2029163E+03, 0.2646120E+02, 0.0000000E+00, 0.1050000E+03, 0.7145512E+02, 0.1050000E+03,
 0.2740000E+01, 0.2029805E+03, 0.2645837E+02, 0.0000000E+00, 0.1050000E+03, 0.7152213E+02, 0.1050000E+03,
 0.2742000E+01, 0.2030448E+03, 0.2645553E+02, 0.0000000E+00, 0.1050000E+03, 0.7158926E+02, 0.1050000E+03,
 0.2744000E+01, 0.2031092E+03, 0.2645269E+02, 0.0000000E+00, 0.1050000E+03, 0.7165652E+02, 0.1050000E+03,
 0.2746000E+01, 0.2031738E+03, 0.2644986E+02, 0.0000000E+00, 0.1050000E+03, 0.7172392E+02, 0.1050000E+03,
 0.2748000E+01, 0.2032384E+03, 0.2644703E+02, 0.0000000E+00, 0.1050000E+03, 0.7179143E+02, 0.1050000E+03,
 0.2750000E+01, 0.2033033E+03, 0.2644420E+02, 0.0000000E+00, 0.1050000E+03, 0.7185905E+02, 0.1050000E+03,
 0.2752000E+01, 0.2033682E+03, 0.2644137E+02, 0.0000000E+00, 0.1050000E+03, 0.7192682E+02, 0.1050000E+03,
 0.2754000E+01, 0.2034332E+03, 0.2643854E+02, 0.0000000E+00, 0.1050000E+03, 0.7199470E+02, 0.1050000E+03,
 0.2756000E+01, 0.2034984E+03, 0.2643571E+02, 0.0000000E+00, 0.1050000E+03, 0.7206270E+02, 0.1050000E+03,
 0.2758000E+01, 0.2035637E+03, 0.2643288E+02, 0.0000000E+00, 0.1050000E+03, 0.7213083E+02, 0.1050000E+03,
 0.2760000E+01, 0.2036291E+03, 0.2643005E+02, 0.0000000E+00, 0.1050000E+03, 0.7219907E+02, 0.1050000E+03,
 0.2762000E+01, 0.2036947E+03, 0.2642723E+02, 0.0000000E+00, 0.1050000E+03, 0.7226744E+02, 0.1050000E+03,
 0.2764000E+01, 0.2037603E+03, 0.2642440E+02, 0.0000000E+00, 0.1050000E+03, 0.7233593E+02, 0.1050000E+03,
 0.2766000E+01, 0.2038261E+03, 0.2642157E+02, 0.0000000E+00, 0.1050000E+03, 0.7240453E+02, 0.1050000E+03,
 0.2768000E+01, 0.2038920E+03, 0.2641875E+02, 0.0000000E+00, 0.1050000E+03, 0.7247326E+02, 0.1050000E+03,
 0.2770000E+01, 0.2039580E+03, 0.2641592E+02, 0.0000000E+00, 0.1050000E+03, 0.7254206E+02, 0.1050000E+03,
 0.2772000E+01, 0.2040240E+03, 0.2641309E+02, 0.0000000E+00, 0.1050000E+03, 0.7261092E+02, 0.1050000E+03,
 0.2774000E+01, 0.2040901E+03, 0.2641026E+02, 0.0000000E+00, 0.1050000E+03, 0.7267981E+02, 0.1050000E+03,
 0.2776000E+01, 0.2041561E+03, 0.2640743E+02, 0.0000000E+00, 0.1050000E+03, 0.7274872E+02, 0.1050000E+03,
 0.2778000E+01, 0.2042222E+03, 0.2640460E+02, 0.0000000E+00, 0.1050000E+03, 0.7281762E+02, 0.1050000E+03,
 0.2780000E+01, 0.2042883E+03, 0.2640176E+02, 0.0000000E+00, 0.1050000E+03, 0.7288651E+02, 0.1050000E+03,
 0.2782000E+01, 0.2043543E+03, 0.2639893E+02, 0.0000000E+00, 0.1050000E+03, 0.7295537E+02, 0.1050000E+03,
 0.2784000E+01, 0.2044203E+03, 0.2639608E+02, 0.0000000E+00, 0.1050000E+03, 0.7302417E+02, 0.1050000E+03,
 0.2786000E+01, 0.2044862E+03, 0.2639324E+02, 0.0000000E+00, 0.1050000E+03, 0.7309292E+02, 0.1050000E+03,
 0.2788000E+01, 0.2045520E+03, 0.2639039E+02, 0.0000000E+00, 0.1050000E+03, 0.7316158E+02, 0.1050000E+03,
 0.2790000E+01, 0.2046177E+03, 0.2638754E+02, 0.0000000E+00, 0.1050000E+03, 0.7323016E+02, 0.1050000E+03,
 0.2792000E+01, 0.2046833E+03, 0.2638468E+02, 0.0000000E+00, 0.1050000E+03, 0.7329862E+02, 0.1050000E+03,
 0.2794000E+01, 0.2047488E+03, 0.2638182E+02, 0.0000000E+00, 0.1050000E+03, 0.7336697E+02, 0.1050000E+03,
 0.2796000E+01, 0.2048142E+03, 0.2637896E+02, 0.0000000E+00, 0.1050000E+03, 0.7343520E+02, 0.1050000E+03,
 0.2798000E+01, 0.2048794E+03, 0.2637609E+02, 0.0000000E+00, 0.1050000E+03, 0.7350330E+02, 0.1050000E+03,
 0.2800000E+01, 0.2049445E+03, 0.2637321E+02, 0.0000000E+00, 0.1050000E+03, 0.7357126E+02, 0.1050000E+03,
 0.2802000E+01, 0.2050094E+03, 0.2637033E+02, 0.0000000E+00, 0.1050000E+03, 0.7363908E+02, 0.1050000E+03,
 0.2804000E+01, 0.2050742E+03, 0.2636745E+02, 0.0000000E+00, 0.1050000E+03, 0.7370676E+02, 0.1050000E+03,
 0.2806000E+01, 0.2051389E+03, 0.2636457E+02, 0.0000000E+00, 0.1050000E+03, 0.7377432E+02, 0.1050000E+03,
 0.2808000E+01, 0.2052034E+03, 0.2636168E+02, 0.0000000E+00, 0.1050000E+03, 0.7384175E+02, 0.1050000E+03,
 0.2810000E+01, 0.2052679E+03, 0.2635878E+02, 0.0000000E+00, 0.1050000E+03, 0.7390907E+02, 0.1050000E+03,
 0.2812000E+01, 0.2053322E+03, 0.2635588E+02, 0.0000000E+00, 0.1050000E+03, 0.7397629E+02, 0.1050000E+03,
 0.2814000E+01, 0.2053964E+03, 0.2635299E+02, 0.0000000E+00, 0.1050000E+03, 0.7404343E+02, 0.1050000E+03,
 0.2816000E+01, 0.2054606E+03, 0.2635008E+02, 0.0000000E+00, 0.1050000E+03, 0.7411050E+02, 0.1050000E+03,
 0.2818000E+01, 0.2055247E+03, 0.2634718E+02, 0.0000000E+00, 0.1050000E+03, 0.7417754E+02, 0.1050000E+03,
 0.2820000E+01, 0.2055889E+03, 0.2634427E+02, 0.0000000E+00, 0.1050000E+03, 0.7424458E+02, 0.1050000E+03,
 0.2822000E+01, 0.2056530E+03, 0.2634136E+02, 0.0000000E+00, 0.1050000E+03, 0.7431161E+02, 0.1050000E+03,
 0.2824000E+01, 0.2057171E+03, 0.2633846E+02, 0.0000000E+00, 0.1050000E+03, 0.7437868E+02, 0.1050000E+03,
 0.2826000E+01, 0.2057814E+03, 0.2633555E+02, 0.0000000E+00, 0.1050000E+03, 0.7444580E+02, 0.1050000E+03,
 0.2828000E+01, 0.2058456E+03, 0.2633264E+02, 0.0000000E+00, 0.1050000E+03, 0.7451300E+02, 0.1050000E+03,
 0.2830000E+01, 0.2059100E+03, 0.2632973E+02, 0.0000000E+00, 0.1050000E+03, 0.7458030E+02, 0.1050000E+03,
 0.2832000E+01, 0.2059745E+03, 0.2632683E+02, 0.0000000E+00, 0.1050000E+03, 0.7464771E+02, 0.1050000E+03,
 0.2834000E+01, 0.2060392E+03, 0.2632393E+02, 0.0000000E+00, 0.1050000E+03, 0.7471524E+02, 0.1050000E+03,
 0.2836000E+01, 0.2061039E+03, 0.2632102E+02, 0.0000000E+00, 0.1050000E+03, 0.7478292E+02, 0.1050000E+03,
 0.2838000E+01, 0.2061689E+03, 0.2631812E+02, 0.0000000E+00, 0.1050000E+03, 0.7485075E+02, 0.1050000E+03,
 0.2840000E+01, 0.2062340E+03, 0.2631523E+02, 0.0000000E+00, 0.1050000E+03, 0.7491873E+02, 0.1050000E+03,
 0.2842000E+01, 0.2062992E+03, 0.2631233E+02, 0.0000000E+00, 0.1050000E+03, 0.7498688E+02, 0.1050000E+03,
 0.2844000E+01, 0.2063646E+03, 0.2630944E+02, 0.0000000E+00, 0.1050000E+03, 0.7505519E+02, 0.1050000E+03,
 0.2846000E+01, 0.2064302E+03, 0.2630655E+02, 0.0000000E+00, 0.1050000E+03, 0.7512367E+02, 0.1050000E+03,
 0.2848000E+01, 0.2064960E+03, 0.2630367E+02, 0.0000000E+00, 0.1050000E+03, 0.7519231E+02, 0.1050000E+03,
 0.2850000E+01, 0.2065619E+03, 0.2630079E+02, 0.0000000E+00, 0.1050000E+03, 0.7526113E+02, 0.1050000E+03,
 0.2852000E+01, 0.2066280E+03, 0.2629791E+02, 0.0000000E+00, 0.1050000E+03, 0.7533011E+02, 0.1050000E+03,
 0.2854000E+01, 0.2066943E+03, 0.2629503E+02, 0.0000000E+00, 0.1050000E+03, 0.7539925E+02, 0.1050000E+03,
 0.2856000E+01, 0.2067607E+03, 0.2629216E+02, 0.0000000E+00, 0.1050000E+03, 0.7546854E+02, 0.1050000E+03,
 0.2858000E+01, 0.2068273E+03, 0.2628929E+02, 0.0000000E+00, 0.1050000E+03, 0.7553799E+02, 0.1050000E+03,
 0.2860000E+01, 0.2068940E+03, 0.2628642E+02, 0.0000000E+00, 0.1050000E+03, 0.7560760E+02, 0.1050000E+03,
 0.2862000E+01, 0.2069609E+03, 0.2628356E+02, 0.0000000E+00, 0.1050000E+03, 0.7567735E+02, 0.1050000E+03,
 0.2864000E+01, 0.2070279E+03, 0.2628069E+02, 0.0000000E+00, 0.1050000E+03, 0.7574725E+02, 0.1050000E+03,
 0.2866000E+01, 0.2070951E+03, 0.2627783E+02, 0.0000000E+00, 0.1050000E+03, 0.7581728E+02, 0.1050000E+03,
 0.2868000E+01, 0.2071624E+03, 0.2627498E+02, 0.0000000E+00, 0.1050000E+03, 0.7588745E+02, 0.1050000E+03,
 0.2870000E+01, 0.2072299E+03, 0.2627212E+02, 0.0000000E+00, 0.1050000E+03, 0.7595776E+02, 0.1050000E+03,
 0.2872000E+01, 0.2072975E+03, 0.2626927E+02, 0.0000000E+00, 0.1050000E+03, 0.7602821E+02, 0.1050000E+03,
 0.2874000E+01, 0.2073652E+03, 0.2626642E+02, 0.0000000E+00, 0.1050000E+03, 0.7609877E+02, 0.1050000E+03,
 0.2876000E+01, 0.2074330E+03, 0.2626357E+02, 0.0000000E+00, 0.1050000E+03, 0.7616947E+02, 0.1050000E+03,
 0.2878000E+01, 0.2075010E+03, 0.2626072E+02, 0.0000000E+00, 0.1050000E+03, 0.7624029E+02, 0.1050000E+03,
 0.2880000E+01, 0.2075691E+03, 0.2625788E+02, 0.0000000E+00, 0.1050000E+03, 0.7631123E+02, 0.1050000E+03,
 0.2882000E+01, 0.2076373E+03, 0.2625503E+02, 0.0000000E+00, 0.1050000E+03, 0.7638230E+02, 0.1050000E+03,
 0.2884000E+01, 0.2077057E+03, 0.2625219E+02, 0.0000000E+00, 0.1050000E+03, 0.7645348E+02, 0.1050000E+03,
 0.2886000E+01, 0.2077741E+03, 0.2624935E+02, 0.0000000E+00, 0.1050000E+03, 0.7652478E+02, 0.1050000E+03,
 0.2888000E+01, 0.2078427E+03, 0.2624651E+02, 0.0000000E+00, 0.1050000E+03, 0.7659620E+02, 0.1050000E+03,
 0.2890000E+01, 0.2079114E+03, 0.2624368E+02, 0.0000000E+00, 0.1050000E+03, 0.7666772E+02, 0.1050000E+03,
 0.2892000E+01, 0.2079802E+03, 0.2624084E+02, 0.0000000E+00, 0.1050000E+03, 0.7673937E+02, 0.1050000E+03,
 0.2894000E+01, 0.2080491E+03, 0.2623800E+02, 0.0000000E+00, 0.1050000E+03, 0.7681113E+02, 0.1050000E+03,
 0.2896000E+01, 0.2081182E+03, 0.2623517E+02, 0.0000000E+00, 0.1050000E+03, 0.7688300E+02, 0.1050000E+03,
 0.2898000E+01, 0.2081873E+03, 0.2623234E+02, 0.0000000E+00, 0.1050000E+03, 0.7695498E+02, 0.1050000E+03,
 0.2900000E+01, 0.2082566E+03, 0.2622951E+02, 0.0000000E+00, 0.1050000E+03, 0.7702707E+02, 0.1050000E+03,
 0.2902000E+01, 0.2083259E+03, 0.2622668E+02, 0.0000000E+00, 0.1050000E+03, 0.7709927E+02, 0.1050000E+03,
 0.2904000E+01, 0.2083954E+03, 0.2622385E+02, 0.0000000E+00, 0.1050000E+03, 0.7717158E+02, 0.1050000E+03,
 0.2906000E+01, 0.2084650E+03, 0.2622102E+02, 0.0000000E+00, 0.1050000E+03, 0.7724400E+02, 0.1050000E+03,
 0.2908000E+01, 0.2085347E+03, 0.2621819E+02, 0.0000000E+00, 0.1050000E+03, 0.7731652E+02, 0.1050000E+03,
 0.2910000E+01, 0.2086045E+03, 0.2621536E+02, 0.0000000E+00, 0.1050000E+03, 0.7738916E+02, 0.1050000E+03,
 0.2912000E+01, 0.2086744E+03, 0.2621254E+02, 0.0000000E+00, 0.1050000E+03, 0.7746190E+02, 0.1050000E+03,
 0.2914000E+01, 0.2087445E+03, 0.2620971E+02, 0.0000000E+00, 0.1050000E+03, 0.7753474E+02, 0.1050000E+03,
 0.2916000E+01, 0.2088146E+03, 0.2620689E+02, 0.0000000E+00, 0.1050000E+03, 0.7760770E+02, 0.1050000E+03,
 0.2918000E+01, 0.2088848E+03, 0.2620407E+02, 0.0000000E+00, 0.1050000E+03, 0.7768076E+02, 0.1050000E+03,
 0.2920000E+01, 0.2089552E+03, 0.2620125E+02, 0.0000000E+00, 0.1050000E+03, 0.7775393E+02, 0.1050000E+03,
 0.2922000E+01, 0.2090256E+03, 0.2619843E+02, 0.0000000E+00, 0.1050000E+03, 0.7782720E+02, 0.1050000E+03,
 0.2924000E+01, 0.2090962E+03, 0.2619561E+02, 0.0000000E+00, 0.1050000E+03, 0.7790058E+02, 0.1050000E+03,
 0.2926000E+01, 0.2091669E+03, 0.2619279E+02, 0.0000000E+00, 0.1050000E+03, 0.7797406E+02, 0.1050000E+03,
 0.2928000E+01, 0.2092376E+03, 0.2618997E+02, 0.0000000E+00, 0.1050000E+03, 0.7804765E+02, 0.1050000E+03,
 0.2930000E+01, 0.2093085E+03, 0.2618715E+02, 0.0000000E+00, 0.1050000E+03, 0.7812135E+02, 0.1050000E+03,
 0.2932000E+01, 0.2093795E+03, 0.2618434E+02, 0.0000000E+00, 0.1050000E+03, 0.7819515E+02, 0.1050000E+03,
 0.2934000E+01, 0.2094506E+03, 0.2618152E+02, 0.0000000E+00, 0.1050000E+03, 0.7826906E+02, 0.1050000E+03,
 0.2936000E+01, 0.2095218E+03, 0.2617871E+02, 0.0000000E+00, 0.1050000E+03, 0.7834307E+02, 0.1050000E+03,
 0.2938000E+01, 0.2095931E+03, 0.2617589E+02, 0.0000000E+00, 0.1050000E+03, 0.7841718E+02, 0.1050000E+03,
 0.2940000E+01, 0.2096645E+03, 0.2617308E+02, 0.0000000E+00, 0.1050000E+03, 0.7849141E+02, 0.1050000E+03,
 0.2942000E+01, 0.2097360E+03, 0.2617027E+02, 0.0000000E+00, 0.1050000E+03, 0.7856573E+02, 0.1050000E+03,
 0.2944000E+01, 0.2098076E+03, 0.2616746E+02, 0.0000000E+00, 0.1050000E+03, 0.7864017E+02, 0.1050000E+03,
 0.2946000E+01, 0.2098794E+03, 0.2616465E+02, 0.0000000E+00, 0.1050000E+03, 0.7871471E+02, 0.1050000E+03,
 0.2948000E+01, 0.2099512E+03, 0.2616184E+02, 0.0000000E+00, 0.1050000E+03, 0.7878936E+02, 0.1050000E+03,
 0.2950000E+01, 0.2100231E+03, 0.2615903E+02, 0.0000000E+00, 0.1050000E+03, 0.7886411E+02, 0.1050000E+03,
 0.2952000E+01, 0.2100952E+03, 0.2615622E+02, 0.0000000E+00, 0.1050000E+03, 0.7893897E+02, 0.1050000E+03,
 0.2954000E+01, 0.2101673E+03, 0.2615341E+02, 0.0000000E+00, 0.1050000E+03, 0.7901394E+02, 0.1050000E+03,
 0.2956000E+01, 0.2102396E+03, 0.2615061E+02, 0.0000000E+00, 0.1050000E+03, 0.7908900E+02, 0.1050000E+03,
 0.2958000E+01, 0.2103120E+03, 0.2614780E+02, 0.0000000E+00, 0.1050000E+03, 0.7916418E+02, 0.1050000E+03,
 0.2960000E+01, 0.2103845E+03, 0.2614500E+02, 0.0000000E+00, 0.1050000E+03, 0.7923947E+02, 0.1050000E+03,
 0.2962000E+01, 0.2104571E+03, 0.2614219E+02, 0.0000000E+00, 0.1050000E+03, 0.7931487E+02, 0.1050000E+03,
 0.2964000E+01, 0.2105298E+03, 0.2613939E+02, 0.0000000E+00, 0.1050000E+03, 0.7939037E+02, 0.1050000E+03,
 0.2966000E+01, 0.2106026E+03, 0.2613659E+02, 0.0000000E+00, 0.1050000E+03, 0.7946597E+02, 0.1050000E+03,
 0.2968000E+01, 0.2106755E+03, 0.2613379E+02, 0.0000000E+00, 0.1050000E+03, 0.7954169E+02, 0.1050000E+03,
 0.2970000E+01, 0.2107485E+03, 0.2613099E+02, 0.0000000E+00, 0.1050000E+03, 0.7961751E+02, 0.1050000E+03,
 0.2972000E+01, 0.2108216E+03, 0.2612819E+02, 0.0000000E+00, 0.1050000E+03, 0.7969344E+02, 0.1050000E+03,
 0.2974000E+01, 0.2108949E+03, 0.2612539E+02, 0.0000000E+00, 0.1050000E+03, 0.7976948E+02, 0.1050000E+03,
 0.2976000E+01, 0.2109682E+03, 0.2612259E+02, 0.0000000E+00, 0.1050000E+03, 0.7984563E+02, 0.1050000E+03,
 0.2978000E+01, 0.2110417E+03, 0.2611979E+02, 0.0000000E+00, 0.1050000E+03, 0.7992189E+02, 0.1050000E+03,
 0.2980000E+01, 0.2111152E+03, 0.2611699E+02, 0.0000000E+00, 0.1050000E+03, 0.7999825E+02, 0.1050000E+03,
 0.2982000E+01, 0.2111889E+03, 0.2611419E+02, 0.0000000E+00, 0.1050000E+03, 0.8007473E+02, 0.1050000E+03,
 0.2984000E+01, 0.2112627E+03, 0.2611140E+02, 0.0000000E+00, 0.1050000E+03, 0.8015132E+02, 0.1050000E+03,
 0.2986000E+01, 0.2113366E+03, 0.2610860E+02, 0.0000000E+00, 0.1050000E+03, 0.8022802E+02, 0.1050000E+03,
 0.2988000E+01, 0.2114106E+03, 0.2610580E+02, 0.0000000E+00, 0.1050000E+03, 0.8030482E+02, 0.1050000E+03,
 0.2990000E+01, 0.2114848E+03, 0.2610301E+02, 0.0000000E+00, 0.1050000E+03, 0.8038174E+02, 0.1050000E+03,
 0.2992000E+01, 0.2115590E+03, 0.2610021E+02, 0.0000000E+00, 0.1050000E+03, 0.8045878E+02, 0.1050000E+03,
 0.2994000E+01, 0.2116333E+03, 0.2609742E+02, 0.0000000E+00, 0.1050000E+03, 0.8053592E+02, 0.1050000E+03,
 0.2996000E+01, 0.2117078E+03, 0.2609462E+02, 0.0000000E+00, 0.1050000E+03, 0.8061318E+02, 0.1050000E+03,
 0.2998000E+01, 0.2117824E+03, 0.2609182E+02, 0.0000000E+00, 0.1050000E+03, 0.8069054E+02, 0.1050000E+03,
 0.3000000E+01, 0.2118571E+03, 0.2608903E+02, 0.0000000E+00, 0.1050000E+03, 0.8076803E+02, 0.1050000E+03,
 0.3002000E+01, 0.2119319E+03, 0.2608623E+02, 0.0000000E+00, 0.1050000E+03, 0.8084562E+02, 0.1050000E+03,
 0.3004000E+01, 0.2120068E+03, 0.2608344E+02, 0.0000000E+00, 0.1050000E+03, 0.8092333E+02, 0.1050000E+03,
 0.3006000E+01, 0.2120818E+03, 0.2608064E+02, 0.0000000E+00, 0.1050000E+03, 0.8100115E+02, 0.1050000E+03,
 0.3008000E+01, 0.2121569E+03, 0.2607785E+02, 0.0000000E+00, 0.1050000E+03, 0.8107909E+02, 0.1050000E+03,
 0.3010000E+01, 0.2122322E+03, 0.2607505E+02, 0.0000000E+00, 0.1050000E+03, 0.8115714E+02, 0.1050000E+03,
 0.3012000E+01, 0.2123076E+03, 0.2607225E+02, 0.0000000E+00, 0.1050000E+03, 0.8123531E+02, 0.1050000E+03,
 0.3014000E+01, 0.2123830E+03, 0.2606946E+02, 0.0000000E+00, 0.1050000E+03, 0.8131359E+02, 0.1050000E+03,
 0.3016000E+01, 0.2124586E+03, 0.2606666E+02, 0.0000000E+00, 0.1050000E+03, 0.8139199E+02, 0.1050000E+03,
 0.3018000E+01, 0.2125344E+03, 0.2606386E+02, 0.0000000E+00, 0.1050000E+03, 0.8147050E+02, 0.1050000E+03,
 0.3020000E+01, 0.2126102E+03, 0.2606106E+02, 0.0000000E+00, 0.1050000E+03, 0.8154913E+02, 0.1050000E+03,
 0.3022000E+01, 0.2126862E+03, 0.2605827E+02, 0.0000000E+00, 0.1050000E+03, 0.8162788E+02, 0.1050000E+03,
 0.3024000E+01, 0.2127622E+03, 0.2605547E+02, 0.0000000E+00, 0.1050000E+03, 0.8170675E+02, 0.1050000E+03,
 0.3026000E+01, 0.2128384E+03, 0.2605267E+02, 0.0000000E+00, 0.1050000E+03, 0.8178574E+02, 0.1050000E+03,
 0.3028000E+01, 0.2129147E+03, 0.2604987E+02, 0.0000000E+00, 0.1050000E+03, 0.8186484E+02, 0.1050000E+03,
 0.3030000E+01, 0.2129911E+03, 0.2604706E+02, 0.0000000E+00, 0.1050000E+03, 0.8194406E+02, 0.1050000E+03,
 0.3032000E+01, 0.2130677E+03, 0.2604426E+02, 0.0000000E+00, 0.1050000E+03, 0.8202340E+02, 0.1050000E+03,
 0.3034000E+01, 0.2131443E+03, 0.2604146E+02, 0.0000000E+00, 0.1050000E+03, 0.8210286E+02, 0.1050000E+03,
 0.3036000E+01, 0.2132211E+03, 0.2603866E+02, 0.0000000E+00, 0.1050000E+03, 0.8218244E+02, 0.1050000E+03,
 0.3038000E+01, 0.2132980E+03, 0.2603585E+02, 0.0000000E+00, 0.1050000E+03, 0.8226214E+02, 0.1050000E+03,
 0.3040000E+01, 0.2133750E+03, 0.2603305E+02, 0.0000000E+00, 0.1050000E+03, 0.8234196E+02, 0.1050000E+03,
 0.3042000E+01, 0.2134521E+03, 0.2603024E+02, 0.0000000E+00, 0.1050000E+03, 0.8242190E+02, 0.1050000E+03,
 0.3044000E+01, 0.2135294E+03, 0.2602743E+02, 0.0000000E+00, 0.1050000E+03, 0.8250196E+02, 0.1050000E+03,
 0.3046000E+01, 0.2136068E+03, 0.2602462E+02, 0.0000000E+00, 0.1050000E+03, 0.8258214E+02, 0.1050000E+03,
 0.3048000E+01, 0.2136843E+03, 0.2602181E+02, 0.0000000E+00, 0.1050000E+03, 0.8266245E+02, 0.1050000E+03,
 0.3050000E+01, 0.2137619E+03, 0.2601900E+02, 0.0000000E+00, 0.1050000E+03, 0.8274287E+02, 0.1050000E+03,
 0.3052000E+01, 0.2138396E+03, 0.2601619E+02, 0.0000000E+00, 0.1050000E+03, 0.8282342E+02, 0.1050000E+03,
 0.3054000E+01, 0.2139175E+03, 0.2601338E+02, 0.0000000E+00, 0.1050000E+03, 0.8290409E+02, 0.1050000E+03,
 0.3056000E+01, 0.2139954E+03, 0.2601056E+02, 0.0000000E+00, 0.1050000E+03, 0.8298488E+02, 0.1050000E+03,
 0.3058000E+01, 0.2140735E+03, 0.2600774E+02, 0.0000000E+00, 0.1050000E+03, 0.8306580E+02, 0.1050000E+03,
 0.3060000E+01, 0.2141517E+03, 0.2600493E+02, 0.0000000E+00, 0.1050000E+03, 0.8314683E+02, 0.1050000E+03,
 0.3062000E+01, 0.2142301E+03, 0.2600211E+02, 0.0000000E+00, 0.1050000E+03, 0.8322798E+02, 0.1050000E+03,
 0.3064000E+01, 0.2143085E+03, 0.2599929E+02, 0.0000000E+00, 0.1050000E+03, 0.8330927E+02, 0.1050000E+03,
 0.3066000E+01, 0.2143871E+03, 0.2599647E+02, 0.0000000E+00, 0.1050000E+03, 0.8339066E+02, 0.1050000E+03,
 0.3068000E+01, 0.2144658E+03, 0.2599364E+02, 0.0000000E+00, 0.1050000E+03, 0.8347218E+02, 0.1050000E+03,
 0.3070000E+01, 0.2145446E+03, 0.2599082E+02, 0.0000000E+00, 0.1050000E+03, 0.8355379E+02, 0.1050000E+03,
 0.3072000E+01, 0.2146235E+03, 0.2598799E+02, 0.0000000E+00, 0.1050000E+03, 0.8363550E+02, 0.1050000E+03,
 0.3074000E+01, 0.2147024E+03, 0.2598516E+02, 0.0000000E+00, 0.1050000E+03, 0.8371728E+02, 0.1050000E+03,
 0.3076000E+01, 0.2147815E+03, 0.2598233E+02, 0.0000000E+00, 0.1050000E+03, 0.8379913E+02, 0.1050000E+03,
 0.3078000E+01, 0.2148605E+03, 0.2597949E+02, 0.0000000E+00, 0.1050000E+03, 0.8388105E+02, 0.1050000E+03,
 0.3080000E+01, 0.2149397E+03, 0.2597666E+02, 0.0000000E+00, 0.1050000E+03, 0.8396302E+02, 0.1050000E+03,
 0.3082000E+01, 0.2150189E+03, 0.2597382E+02, 0.0000000E+00, 0.1050000E+03, 0.8404504E+02, 0.1050000E+03,
 0.3084000E+01, 0.2150981E+03, 0.2597098E+02, 0.0000000E+00, 0.1050000E+03, 0.8412710E+02, 0.1050000E+03,
 0.3086000E+01, 0.2151773E+03, 0.2596814E+02, 0.0000000E+00, 0.1050000E+03, 0.8420920E+02, 0.1050000E+03,
 0.3088000E+01, 0.2152566E+03, 0.2596529E+02, 0.0000000E+00, 0.1050000E+03, 0.8429133E+02, 0.1050000E+03,
 0.3090000E+01, 0.2153359E+03, 0.2596244E+02, 0.0000000E+00, 0.1050000E+03, 0.8437349E+02, 0.1050000E+03,
 0.3092000E+01, 0.2154153E+03, 0.2595959E+02, 0.0000000E+00, 0.1050000E+03, 0.8445568E+02, 0.1050000E+03,
 0.3094000E+01, 0.2154946E+03, 0.2595674E+02, 0.0000000E+00, 0.1050000E+03, 0.8453789E+02, 0.1050000E+03,
 0.3096000E+01, 0.2155740E+03, 0.2595388E+02, 0.0000000E+00, 0.1050000E+03, 0.8462012E+02, 0.1050000E+03,
 0.3098000E+01, 0.2156534E+03, 0.2595102E+02, 0.0000000E+00, 0.1050000E+03, 0.8470238E+02, 0.1050000E+03,
 0.3100000E+01, 0.2157328E+03, 0.2594816E+02, 0.0000000E+00, 0.1050000E+03, 0.8478465E+02, 0.1050000E+03,
 0.3102000E+01, 0.2158123E+03, 0.2594530E+02, 0.0000000E+00, 0.1050000E+03, 0.8486696E+02, 0.1050000E+03,
 0.3104000E+01, 0.2158917E+03, 0.2594243E+02, 0.0000000E+00, 0.1050000E+03, 0.8494929E+02, 0.1050000E+03,
 0.3106000E+01, 0.2159712E+03, 0.2593956E+02, 0.0000000E+00, 0.1050000E+03, 0.8503165E+02, 0.1050000E+03,
 0.3108000E+01, 0.2160507E+03, 0.2593669E+02, 0.0000000E+00, 0.1050000E+03, 0.8511404E+02, 0.1050000E+03,
 0.3110000E+01, 0.2161303E+03, 0.2593382E+02, 0.0000000E+00, 0.1050000E+03, 0.8519649E+02, 0.1050000E+03,
 0.3112000E+01, 0.2162099E+03, 0.2593094E+02, 0.0000000E+00, 0.1050000E+03, 0.8527898E+02, 0.1050000E+03,
 0.3114000E+01, 0.2162896E+03, 0.2592806E+02, 0.0000000E+00, 0.1050000E+03, 0.8536153E+02, 0.1050000E+03,
 0.3116000E+01, 0.2163693E+03, 0.2592518E+02, 0.0000000E+00, 0.1050000E+03, 0.8544414E+02, 0.1050000E+03,
 0.3118000E+01, 0.2164491E+03, 0.2592229E+02, 0.0000000E+00, 0.1050000E+03, 0.8552682E+02, 0.1050000E+03,
 0.3120000E+01, 0.2165290E+03, 0.2591941E+02, 0.0000000E+00, 0.1050000E+03, 0.8560959E+02, 0.1050000E+03,
 0.3122000E+01, 0.2166090E+03, 0.2591652E+02, 0.0000000E+00, 0.1050000E+03, 0.8569244E+02, 0.1050000E+03,
 0.3124000E+01, 0.2166890E+03, 0.2591363E+02, 0.0000000E+00, 0.1050000E+03, 0.8577538E+02, 0.1050000E+03,
 0.3126000E+01, 0.2167692E+03, 0.2591074E+02, 0.0000000E+00, 0.1050000E+03, 0.8585843E+02, 0.1050000E+03,
 0.3128000E+01, 0.2168494E+03, 0.2590785E+02, 0.0000000E+00, 0.1050000E+03, 0.8594158E+02, 0.1050000E+03,
 0.3130000E+01, 0.2169298E+03, 0.2590495E+02, 0.0000000E+00, 0.1050000E+03, 0.8602485E+02, 0.1050000E+03,
 0.3132000E+01, 0.2170103E+03, 0.2590206E+02, 0.0000000E+00, 0.1050000E+03, 0.8610824E+02, 0.1050000E+03,
 0.3134000E+01, 0.2170909E+03, 0.2589916E+02, 0.0000000E+00, 0.1050000E+03, 0.8619174E+02, 0.1050000E+03,
 0.3136000E+01, 0.2171716E+03, 0.2589626E+02, 0.0000000E+00, 0.1050000E+03, 0.8627538E+02, 0.1050000E+03,
 0.3138000E+01, 0.2172525E+03, 0.2589336E+02, 0.0000000E+00, 0.1050000E+03, 0.8635914E+02, 0.1050000E+03,
 0.3140000E+01, 0.2173335E+03, 0.2589045E+02, 0.0000000E+00, 0.1050000E+03, 0.8644304E+02, 0.1050000E+03,
 0.3142000E+01, 0.2174146E+03, 0.2588755E+02, 0.0000000E+00, 0.1050000E+03, 0.8652706E+02, 0.1050000E+03,
 0.3144000E+01, 0.2174959E+03, 0.2588465E+02, 0.0000000E+00, 0.1050000E+03, 0.8661123E+02, 0.1050000E+03,
 0.3146000E+01, 0.2175773E+03, 0.2588174E+02, 0.0000000E+00, 0.1050000E+03, 0.8669553E+02, 0.1050000E+03,
 0.3148000E+01, 0.2176588E+03, 0.2587883E+02, 0.0000000E+00, 0.1050000E+03, 0.8677997E+02, 0.1050000E+03,
 0.3150000E+01, 0.2177405E+03, 0.2587592E+02, 0.0000000E+00, 0.1050000E+03, 0.8686454E+02, 0.1050000E+03,
 0.3152000E+01, 0.2178223E+03, 0.2587301E+02, 0.0000000E+00, 0.1050000E+03, 0.8694926E+02, 0.1050000E+03,
 0.3154000E+01, 0.2179042E+03, 0.2587010E+02, 0.0000000E+00, 0.1050000E+03, 0.8703410E+02, 0.1050000E+03,
 0.3156000E+01, 0.2179863E+03, 0.2586719E+02, 0.0000000E+00, 0.1050000E+03, 0.8711909E+02, 0.1050000E+03,
 0.3158000E+01, 0.2180685E+03, 0.2586428E+02, 0.0000000E+00, 0.1050000E+03, 0.8720421E+02, 0.1050000E+03,
 0.3160000E+01, 0.2181508E+03, 0.2586137E+02, 0.0000000E+00, 0.1050000E+03, 0.8728946E+02, 0.1050000E+03,
 0.3162000E+01, 0.2182333E+03, 0.2585845E+02, 0.0000000E+00, 0.1050000E+03, 0.8737485E+02, 0.1050000E+03,
 0.3164000E+01, 0.2183159E+03, 0.2585554E+02, 0.0000000E+00, 0.1050000E+03, 0.8746037E+02, 0.1050000E+03,
 0.3166000E+01, 0.2183987E+03, 0.2585262E+02, 0.0000000E+00, 0.1050000E+03, 0.8754602E+02, 0.1050000E+03,
 0.3168000E+01, 0.2184815E+03, 0.2584971E+02, 0.0000000E+00, 0.1050000E+03, 0.8763181E+02, 0.1050000E+03,
 0.3170000E+01, 0.2185645E+03, 0.2584679E+02, 0.0000000E+00, 0.1050000E+03, 0.8771772E+02, 0.1050000E+03,
 0.3172000E+01, 0.2186476E+03, 0.2584387E+02, 0.0000000E+00, 0.1050000E+03, 0.8780377E+02, 0.1050000E+03,
 0.3174000E+01, 0.2187309E+03, 0.2584095E+02, 0.0000000E+00, 0.1050000E+03, 0.8788995E+02, 0.1050000E+03,
 0.3176000E+01, 0.2188143E+03, 0.2583803E+02, 0.0000000E+00, 0.1050000E+03, 0.8797624E+02, 0.1050000E+03,
 0.3178000E+01, 0.2188978E+03, 0.2583511E+02, 0.0000000E+00, 0.1050000E+03, 0.8806268E+02, 0.1050000E+03,
 0.3180000E+01, 0.2189814E+03, 0.2583219E+02, 0.0000000E+00, 0.1050000E+03, 0.8814923E+02, 0.1050000E+03,
 0.3182000E+01, 0.2190652E+03, 0.2582927E+02, 0.0000000E+00, 0.1050000E+03, 0.8823592E+02, 0.1050000E+03,
 0.3184000E+01, 0.2191491E+03, 0.2582635E+02, 0.0000000E+00, 0.1050000E+03, 0.8832272E+02, 0.1050000E+03,
 0.3186000E+01, 0.2192331E+03, 0.2582343E+02, 0.0000000E+00, 0.1050000E+03, 0.8840965E+02, 0.1050000E+03,
 0.3188000E+01, 0.2193172E+03, 0.2582051E+02, 0.0000000E+00, 0.1050000E+03, 0.8849670E+02, 0.1050000E+03,
 0.3190000E+01, 0.2194015E+03, 0.2581758E+02, 0.0000000E+00, 0.1050000E+03, 0.8858389E+02, 0.1050000E+03,
 0.3192000E+01, 0.2194858E+03, 0.2581466E+02, 0.0000000E+00, 0.1050000E+03, 0.8867119E+02, 0.1050000E+03,
 0.3194000E+01, 0.2195703E+03, 0.2581173E+02, 0.0000000E+00, 0.1050000E+03, 0.8875861E+02, 0.1050000E+03,
 0.3196000E+01, 0.2196550E+03, 0.2580881E+02, 0.0000000E+00, 0.1050000E+03, 0.8884615E+02, 0.1050000E+03,
 0.3198000E+01, 0.2197397E+03, 0.2580588E+02, 0.0000000E+00, 0.1050000E+03, 0.8893382E+02, 0.1050000E+03,
 0.3200000E+01, 0.2198246E+03, 0.2580296E+02, 0.0000000E+00, 0.1050000E+03, 0.8902161E+02, 0.1050000E+03,
 0.3202000E+01, 0.2199095E+03, 0.2580003E+02, 0.0000000E+00, 0.1050000E+03, 0.8910952E+02, 0.1050000E+03,
 0.3204000E+01, 0.2199947E+03, 0.2579710E+02, 0.0000000E+00, 0.1050000E+03, 0.8919755E+02, 0.1050000E+03,
 0.3206000E+01, 0.2200799E+03, 0.2579418E+02, 0.0000000E+00, 0.1050000E+03, 0.8928570E+02, 0.1050000E+03,
 0.3208000E+01, 0.2201652E+03, 0.2579125E+02, 0.0000000E+00, 0.1050000E+03, 0.8937397E+02, 0.1050000E+03,
 0.3210000E+01, 0.2202507E+03, 0.2578832E+02, 0.0000000E+00, 0.1050000E+03, 0.8946236E+02, 0.1050000E+03,
 0.3212000E+01, 0.2203363E+03, 0.2578539E+02, 0.0000000E+00, 0.1050000E+03, 0.8955087E+02, 0.1050000E+03,
 0.3214000E+01, 0.2204220E+03, 0.2578246E+02, 0.0000000E+00, 0.1050000E+03, 0.8963949E+02, 0.1050000E+03,
 0.3216000E+01, 0.2205078E+03, 0.2577953E+02, 0.0000000E+00, 0.1050000E+03, 0.8972823E+02, 0.1050000E+03,
 0.3218000E+01, 0.2205937E+03, 0.2577660E+02, 0.0000000E+00, 0.1050000E+03, 0.8981710E+02, 0.1050000E+03,
 0.3220000E+01, 0.2206797E+03, 0.2577367E+02, 0.0000000E+00, 0.1050000E+03, 0.8990608E+02, 0.1050000E+03,
 0.3222000E+01, 0.2207659E+03, 0.2577074E+02, 0.0000000E+00, 0.1050000E+03, 0.8999519E+02, 0.1050000E+03,
 0.3224000E+01, 0.2208522E+03, 0.2576781E+02, 0.0000000E+00, 0.1050000E+03, 0.9008440E+02, 0.1050000E+03,
 0.3226000E+01, 0.2209386E+03, 0.2576488E+02, 0.0000000E+00, 0.1050000E+03, 0.9017374E+02, 0.1050000E+03,
 0.3228000E+01, 0.2210251E+03, 0.2576194E+02, 0.0000000E+00, 0.1050000E+03, 0.9026320E+02, 0.1050000E+03,
 0.3230000E+01, 0.2211118E+03, 0.2575901E+02, 0.0000000E+00, 0.1050000E+03, 0.9035278E+02, 0.1050000E+03,
 0.3232000E+01, 0.2211985E+03, 0.2575608E+02, 0.0000000E+00, 0.1050000E+03, 0.9044247E+02, 0.1050000E+03,
 0.3234000E+01, 0.2212854E+03, 0.2575314E+02, 0.0000000E+00, 0.1050000E+03, 0.9053227E+02, 0.1050000E+03,
 0.3236000E+01, 0.2213724E+03, 0.2575021E+02, 0.0000000E+00, 0.1050000E+03, 0.9062220E+02, 0.1050000E+03,
 0.3238000E+01, 0.2214595E+03, 0.2574727E+02, 0.0000000E+00, 0.1050000E+03, 0.9071225E+02, 0.1050000E+03,
 0.3240000E+01, 0.2215468E+03, 0.2574434E+02, 0.0000000E+00, 0.1050000E+03, 0.9080241E+02, 0.1050000E+03,
 0.3242000E+01, 0.2216341E+03, 0.2574141E+02, 0.0000000E+00, 0.1050000E+03, 0.9089269E+02, 0.1050000E+03,
 0.3244000E+01, 0.2217216E+03, 0.2573847E+02, 0.0000000E+00, 0.1050000E+03, 0.9098309E+02, 0.1050000E+03,
 0.3246000E+01, 0.2218091E+03, 0.2573553E+02, 0.0000000E+00, 0.1050000E+03, 0.9107362E+02, 0.1050000E+03,
 0.3248000E+01, 0.2218969E+03, 0.2573260E+02, 0.0000000E+00, 0.1050000E+03, 0.9116425E+02, 0.1050000E+03,
 0.3250000E+01, 0.2219847E+03, 0.2572966E+02, 0.0000000E+00, 0.1050000E+03, 0.9125500E+02, 0.1050000E+03,
 0.3252000E+01, 0.2220726E+03, 0.2572672E+02, 0.0000000E+00, 0.1050000E+03, 0.9134588E+02, 0.1050000E+03,
 0.3254000E+01, 0.2221607E+03, 0.2572379E+02, 0.0000000E+00, 0.1050000E+03, 0.9143687E+02, 0.1050000E+03,
 0.3256000E+01, 0.2222488E+03, 0.2572085E+02, 0.0000000E+00, 0.1050000E+03, 0.9152798E+02, 0.1050000E+03,
 0.3258000E+01, 0.2223371E+03, 0.2571791E+02, 0.0000000E+00, 0.1050000E+03, 0.9161922E+02, 0.1050000E+03,
 0.3260000E+01, 0.2224255E+03, 0.2571497E+02, 0.0000000E+00, 0.1050000E+03, 0.9171056E+02, 0.1050000E+03,
 0.3262000E+01, 0.2225141E+03, 0.2571203E+02, 0.0000000E+00, 0.1050000E+03, 0.9180203E+02, 0.1050000E+03,
 0.3264000E+01, 0.2226027E+03, 0.2570909E+02, 0.0000000E+00, 0.1050000E+03, 0.9189362E+02, 0.1050000E+03,
 0.3266000E+01, 0.2226915E+03, 0.2570615E+02, 0.0000000E+00, 0.1050000E+03, 0.9198533E+02, 0.1050000E+03,
 0.3268000E+01, 0.2227804E+03, 0.2570321E+02, 0.0000000E+00, 0.1050000E+03, 0.9207716E+02, 0.1050000E+03,
 0.3270000E+01, 0.2228694E+03, 0.2570027E+02, 0.0000000E+00, 0.1050000E+03, 0.9216911E+02, 0.1050000E+03,
 0.3272000E+01, 0.2229585E+03, 0.2569732E+02, 0.0000000E+00, 0.1050000E+03, 0.9226117E+02, 0.1050000E+03,
 0.3274000E+01, 0.2230477E+03, 0.2569438E+02, 0.0000000E+00, 0.1050000E+03, 0.9235336E+02, 0.1050000E+03,
 0.3276000E+01, 0.2231371E+03, 0.2569144E+02, 0.0000000E+00, 0.1050000E+03, 0.9244566E+02, 0.1050000E+03,
 0.3278000E+01, 0.2232266E+03, 0.2568849E+02, 0.0000000E+00, 0.1050000E+03, 0.9253809E+02, 0.1050000E+03,
 0.3280000E+01, 0.2233162E+03, 0.2568555E+02, 0.0000000E+00, 0.1050000E+03, 0.9263064E+02, 0.1050000E+03,
 0.3282000E+01, 0.2234059E+03, 0.2568260E+02, 0.0000000E+00, 0.1050000E+03, 0.9272331E+02, 0.1050000E+03,
 0.3284000E+01, 0.2234958E+03, 0.2567966E+02, 0.0000000E+00, 0.1050000E+03, 0.9281610E+02, 0.1050000E+03,
 0.3286000E+01, 0.2235857E+03, 0.2567671E+02, 0.0000000E+00, 0.1050000E+03, 0.9290902E+02, 0.1050000E+03,
 0.3288000E+01, 0.2236758E+03, 0.2567377E+02, 0.0000000E+00, 0.1050000E+03, 0.9300205E+02, 0.1050000E+03,
 0.3290000E+01, 0.2237660E+03, 0.2567082E+02, 0.0000000E+00, 0.1050000E+03, 0.9309521E+02, 0.1050000E+03,
 0.3292000E+01, 0.2238564E+03, 0.2566787E+02, 0.0000000E+00, 0.1050000E+03, 0.9318849E+02, 0.1050000E+03,
 0.3294000E+01, 0.2239468E+03, 0.2566492E+02, 0.0000000E+00, 0.1050000E+03, 0.9328190E+02, 0.1050000E+03,
 0.3296000E+01, 0.2240374E+03, 0.2566197E+02, 0.0000000E+00, 0.1050000E+03, 0.9337543E+02, 0.1050000E+03,
 0.3298000E+01, 0.2241281E+03, 0.2565902E+02, 0.0000000E+00, 0.1050000E+03, 0.9346908E+02, 0.1050000E+03,
 0.3300000E+01, 0.2242189E+03, 0.2565606E+02, 0.0000000E+00, 0.1050000E+03, 0.9356285E+02, 0.1050000E+03,
 0.3302000E+01, 0.2243099E+03, 0.2565311E+02, 0.0000000E+00, 0.1050000E+03, 0.9365675E+02, 0.1050000E+03,
 0.3304000E+01, 0.2244009E+03, 0.2565016E+02, 0.0000000E+00, 0.1050000E+03, 0.9375078E+02, 0.1050000E+03,
 0.3306000E+01, 0.2244921E+03, 0.2564720E+02, 0.0000000E+00, 0.1050000E+03, 0.9384492E+02, 0.1050000E+03,
 0.3308000E+01, 0.2245835E+03, 0.2564425E+02, 0.0000000E+00, 0.1050000E+03, 0.9393919E+02, 0.1050000E+03,
 0.3310000E+01, 0.2246749E+03, 0.2564129E+02, 0.0000000E+00, 0.1050000E+03, 0.9403360E+02, 0.1050000E+03,
 0.3312000E+01, 0.2247664E+03, 0.2563833E+02, 0.0000000E+00, 0.1050000E+03, 0.9412812E+02, 0.1050000E+03,
 0.3314000E+01, 0.2248582E+03, 0.2563537E+02, 0.0000000E+00, 0.1050000E+03, 0.9422277E+02, 0.1050000E+03,
 0.3316000E+01, 0.2249500E+03, 0.2563242E+02, 0.0000000E+00, 0.1050000E+03, 0.9431755E+02, 0.1050000E+03,
 0.3318000E+01, 0.2250419E+03, 0.2562945E+02, 0.0000000E+00, 0.1050000E+03, 0.9441245E+02, 0.1050000E+03,
 0.3320000E+01, 0.2251340E+03, 0.2562649E+02, 0.0000000E+00, 0.1050000E+03, 0.9450748E+02, 0.1050000E+03,
 0.3322000E+01, 0.2252262E+03, 0.2562353E+02, 0.0000000E+00, 0.1050000E+03, 0.9460265E+02, 0.1050000E+03,
 0.3324000E+01, 0.2253185E+03, 0.2562056E+02, 0.0000000E+00, 0.1050000E+03, 0.9469794E+02, 0.1050000E+03,
 0.3326000E+01, 0.2254109E+03, 0.2561760E+02, 0.0000000E+00, 0.1050000E+03, 0.9479335E+02, 0.1050000E+03,
 0.3328000E+01, 0.2255035E+03, 0.2561463E+02, 0.0000000E+00, 0.1050000E+03, 0.9488889E+02, 0.1050000E+03,
 0.3330000E+01, 0.2255962E+03, 0.2561166E+02, 0.0000000E+00, 0.1050000E+03, 0.9498457E+02, 0.1050000E+03,
 0.3332000E+01, 0.2256891E+03, 0.2560869E+02, 0.0000000E+00, 0.1050000E+03, 0.9508037E+02, 0.1050000E+03,
 0.3334000E+01, 0.2257820E+03, 0.2560572E+02, 0.0000000E+00, 0.1050000E+03, 0.9517631E+02, 0.1050000E+03,
 0.3336000E+01, 0.2258751E+03, 0.2560275E+02, 0.0000000E+00, 0.1050000E+03, 0.9527237E+02, 0.1050000E+03,
 0.3338000E+01, 0.2259683E+03, 0.2559977E+02, 0.0000000E+00, 0.1050000E+03, 0.9536856E+02, 0.1050000E+03,
 0.3340000E+01, 0.2260617E+03, 0.2559680E+02, 0.0000000E+00, 0.1050000E+03, 0.9546488E+02, 0.1050000E+03,
 0.3342000E+01, 0.2261552E+03, 0.2559382E+02, 0.0000000E+00, 0.1050000E+03, 0.9556134E+02, 0.1050000E+03,
 0.3344000E+01, 0.2262488E+03, 0.2559084E+02, 0.0000000E+00, 0.1050000E+03, 0.9565793E+02, 0.1050000E+03,
 0.3346000E+01, 0.2263425E+03, 0.2558786E+02, 0.0000000E+00, 0.1050000E+03, 0.9575465E+02, 0.1050000E+03,
 0.3348000E+01, 0.2264364E+03, 0.2558488E+02, 0.0000000E+00, 0.1050000E+03, 0.9585150E+02, 0.1050000E+03,
 0.3350000E+01, 0.2265304E+03, 0.2558190E+02, 0.0000000E+00, 0.1050000E+03, 0.9594848E+02, 0.1050000E+03,
 0.3352000E+01, 0.2266245E+03, 0.2557891E+02, 0.0000000E+00, 0.1050000E+03, 0.9604560E+02, 0.1050000E+03,
 0.3354000E+01, 0.2267188E+03, 0.2557593E+02, 0.0000000E+00, 0.1050000E+03, 0.9614285E+02, 0.1050000E+03,
 0.3356000E+01, 0.2268132E+03, 0.2557294E+02, 0.0000000E+00, 0.1050000E+03, 0.9624023E+02, 0.1050000E+03,
 0.3358000E+01, 0.2269077E+03, 0.2556995E+02, 0.0000000E+00, 0.1050000E+03, 0.9633775E+02, 0.1050000E+03,
 0.3360000E+01, 0.2270023E+03, 0.2556696E+02, 0.0000000E+00, 0.1050000E+03, 0.9643539E+02, 0.1050000E+03,
 0.3362000E+01, 0.2270971E+03, 0.2556396E+02, 0.0000000E+00, 0.1050000E+03, 0.9653317E+02, 0.1050000E+03,
 0.3364000E+01, 0.2271920E+03, 0.2556097E+02, 0.0000000E+00, 0.1050000E+03, 0.9663108E+02, 0.1050000E+03,
 0.3366000E+01, 0.2272871E+03, 0.2555797E+02, 0.0000000E+00, 0.1050000E+03, 0.9672912E+02, 0.1050000E+03,
 0.3368000E+01, 0.2273822E+03, 0.2555497E+02, 0.0000000E+00, 0.1050000E+03, 0.9682726E+02, 0.1050000E+03,
 0.3370000E+01, 0.2274775E+03, 0.2555197E+02, 0.0000000E+00, 0.1050000E+03, 0.9692551E+02, 0.1050000E+03,
 0.3372000E+01, 0.2275728E+03, 0.2554897E+02, 0.0000000E+00, 0.1050000E+03, 0.9702385E+02, 0.1050000E+03,
 0.3374000E+01, 0.2276682E+03, 0.2554596E+02, 0.0000000E+00, 0.1050000E+03, 0.9712229E+02, 0.1050000E+03,
 0.3376000E+01, 0.2277638E+03, 0.2554296E+02, 0.0000000E+00, 0.1050000E+03, 0.9722082E+02, 0.1050000E+03,
 0.3378000E+01, 0.2278594E+03, 0.2553995E+02, 0.0000000E+00, 0.1050000E+03, 0.9731943E+02, 0.1050000E+03,
 0.3380000E+01, 0.2279550E+03, 0.2553694E+02, 0.0000000E+00, 0.1050000E+03, 0.9741812E+02, 0.1050000E+03,
 0.3382000E+01, 0.2280508E+03, 0.2553392E+02, 0.0000000E+00, 0.1050000E+03, 0.9751688E+02, 0.1050000E+03,
 0.3384000E+01, 0.2281466E+03, 0.2553091E+02, 0.0000000E+00, 0.1050000E+03, 0.9761573E+02, 0.1050000E+03,
 0.3386000E+01, 0.2282425E+03, 0.2552789E+02, 0.0000000E+00, 0.1050000E+03, 0.9771465E+02, 0.1050000E+03,
 0.3388000E+01, 0.2283385E+03, 0.2552487E+02, 0.0000000E+00, 0.1050000E+03, 0.9781364E+02, 0.1050000E+03,
 0.3390000E+01, 0.2284346E+03, 0.2552185E+02, 0.0000000E+00, 0.1050000E+03, 0.9791270E+02, 0.1050000E+03,
 0.3392000E+01, 0.2285307E+03, 0.2551883E+02, 0.0000000E+00, 0.1050000E+03, 0.9801185E+02, 0.1050000E+03,
 0.3394000E+01, 0.2286269E+03, 0.2551580E+02, 0.0000000E+00, 0.1050000E+03, 0.9811106E+02, 0.1050000E+03,
 0.3396000E+01, 0.2287231E+03, 0.2551278E+02, 0.0000000E+00, 0.1050000E+03, 0.9821035E+02, 0.1050000E+03,
 0.3398000E+01, 0.2288195E+03, 0.2550975E+02, 0.0000000E+00, 0.1050000E+03, 0.9830972E+02, 0.1050000E+03,
 0.3400000E+01, 0.2289159E+03, 0.2550671E+02, 0.0000000E+00, 0.1050000E+03, 0.9840918E+02, 0.1050000E+03,
 0.3402000E+01, 0.2290124E+03, 0.2550368E+02, 0.0000000E+00, 0.1050000E+03, 0.9850873E+02, 0.1050000E+03,
 0.3404000E+01, 0.2291090E+03, 0.2550064E+02, 0.0000000E+00, 0.1050000E+03, 0.9860836E+02, 0.1050000E+03,
 0.3406000E+01, 0.2292057E+03, 0.2549761E+02, 0.0000000E+00, 0.1050000E+03, 0.9870810E+02, 0.1050000E+03,
 0.3408000E+01, 0.2293025E+03, 0.2549457E+02, 0.0000000E+00, 0.1050000E+03, 0.9880794E+02, 0.1050000E+03,
 0.3410000E+01, 0.2293994E+03, 0.2549152E+02, 0.0000000E+00, 0.1050000E+03, 0.9890788E+02, 0.1050000E+03,
 0.3412000E+01, 0.2294964E+03, 0.2548848E+02, 0.0000000E+00, 0.1050000E+03, 0.9900794E+02, 0.1050000E+03,
 0.3414000E+01, 0.2295936E+03, 0.2548543E+02, 0.0000000E+00, 0.1050000E+03, 0.9910812E+02, 0.1050000E+03,
 0.3416000E+01, 0.2296908E+03, 0.2548239E+02, 0.0000000E+00, 0.1050000E+03, 0.9920841E+02, 0.1050000E+03,
 0.3418000E+01, 0.2297882E+03, 0.2547933E+02, 0.0000000E+00, 0.1050000E+03, 0.9930884E+02, 0.1050000E+03,
 0.3420000E+01, 0.2298857E+03, 0.2547628E+02, 0.0000000E+00, 0.1050000E+03, 0.9940939E+02, 0.1050000E+03,
 0.3422000E+01, 0.2299833E+03, 0.2547323E+02, 0.0000000E+00, 0.1050000E+03, 0.9951007E+02, 0.1050000E+03,
 0.3424000E+01, 0.2300811E+03, 0.2547017E+02, 0.0000000E+00, 0.1050000E+03, 0.9961089E+02, 0.1050000E+03,
 0.3426000E+01, 0.2301790E+03, 0.2546711E+02, 0.0000000E+00, 0.1050000E+03, 0.9971184E+02, 0.1050000E+03,
 0.3428000E+01, 0.2302770E+03, 0.2546405E+02, 0.0000000E+00, 0.1050000E+03, 0.9981293E+02, 0.1050000E+03,
 0.3430000E+01, 0.2303752E+03, 0.2546099E+02, 0.0000000E+00, 0.1050000E+03, 0.9991416E+02, 0.1050000E+03,
 0.3432000E+01, 0.2304734E+03, 0.2545792E+02, 0.0000000E+00, 0.1050000E+03, 0.1000155E+03, 0.1050000E+03,
 0.3434000E+01, 0.2305719E+03, 0.2545485E+02, 0.0000000E+00, 0.1050000E+03, 0.1001171E+03, 0.1050000E+03,
 0.3436000E+01, 0.2306705E+03, 0.2545178E+02, 0.0000000E+00, 0.1050000E+03, 0.1002187E+03, 0.1050000E+03,
 0.3438000E+01, 0.2307692E+03, 0.2544871E+02, 0.0000000E+00, 0.1050000E+03, 0.1003205E+03, 0.1050000E+03,
 0.3440000E+01, 0.2308681E+03, 0.2544563E+02, 0.0000000E+00, 0.1050000E+03, 0.1004224E+03, 0.1050000E+03,
 0.3442000E+01, 0.2309671E+03, 0.2544256E+02, 0.0000000E+00, 0.1050000E+03, 0.1005245E+03, 0.1050000E+03,
 0.3444000E+01, 0.2310662E+03, 0.2543948E+02, 0.0000000E+00, 0.1050000E+03, 0.1006268E+03, 0.1050000E+03,
 0.3446000E+01, 0.2311655E+03, 0.2543640E+02, 0.0000000E+00, 0.1050000E+03, 0.1007291E+03, 0.1050000E+03,
 0.3448000E+01, 0.2312650E+03, 0.2543332E+02, 0.0000000E+00, 0.1050000E+03, 0.1008316E+03, 0.1050000E+03,
 0.3450000E+01, 0.2313645E+03, 0.2543023E+02, 0.0000000E+00, 0.1050000E+03, 0.1009343E+03, 0.1050000E+03,
 0.3452000E+01, 0.2314642E+03, 0.2542715E+02, 0.0000000E+00, 0.1050000E+03, 0.1010371E+03, 0.1050000E+03,
 0.3454000E+01, 0.2315641E+03, 0.2542406E+02, 0.0000000E+00, 0.1050000E+03, 0.1011400E+03, 0.1050000E+03,
 0.3456000E+01, 0.2316640E+03, 0.2542097E+02, 0.0000000E+00, 0.1050000E+03, 0.1012431E+03, 0.1050000E+03,
 0.3458000E+01, 0.2317642E+03, 0.2541788E+02, 0.0000000E+00, 0.1050000E+03, 0.1013463E+03, 0.1050000E+03,
 0.3460000E+01, 0.2318644E+03, 0.2541478E+02, 0.0000000E+00, 0.1050000E+03, 0.1014497E+03, 0.1050000E+03,
 0.3462000E+01, 0.2319648E+03, 0.2541169E+02, 0.0000000E+00, 0.1050000E+03, 0.1015531E+03, 0.1050000E+03,
 0.3464000E+01, 0.2320654E+03, 0.2540859E+02, 0.0000000E+00, 0.1050000E+03, 0.1016568E+03, 0.1050000E+03,
 0.3466000E+01, 0.2321660E+03, 0.2540549E+02, 0.0000000E+00, 0.1050000E+03, 0.1017606E+03, 0.1050000E+03,
 0.3468000E+01, 0.2322668E+03, 0.2540239E+02, 0.0000000E+00, 0.1050000E+03, 0.1018645E+03, 0.1050000E+03,
 0.3470000E+01, 0.2323678E+03, 0.2539928E+02, 0.0000000E+00, 0.1050000E+03, 0.1019685E+03, 0.1050000E+03,
 0.3472000E+01, 0.2324689E+03, 0.2539618E+02, 0.0000000E+00, 0.1050000E+03, 0.1020727E+03, 0.1050000E+03,
 0.3474000E+01, 0.2325701E+03, 0.2539307E+02, 0.0000000E+00, 0.1050000E+03, 0.1021770E+03, 0.1050000E+03,
 0.3476000E+01, 0.2326714E+03, 0.2538997E+02, 0.0000000E+00, 0.1050000E+03, 0.1022815E+03, 0.1050000E+03,
 0.3478000E+01, 0.2327729E+03, 0.2538685E+02, 0.0000000E+00, 0.1050000E+03, 0.1023861E+03, 0.1050000E+03,
 0.3480000E+01, 0.2328745E+03, 0.2538374E+02, 0.0000000E+00, 0.1050000E+03, 0.1024908E+03, 0.1050000E+03,
 0.3482000E+01, 0.2329763E+03, 0.2538063E+02, 0.0000000E+00, 0.1050000E+03, 0.1025957E+03, 0.1050000E+03,
 0.3484000E+01, 0.2330782E+03, 0.2537751E+02, 0.0000000E+00, 0.1050000E+03, 0.1027007E+03, 0.1050000E+03,
 0.3486000E+01, 0.2331802E+03, 0.2537440E+02, 0.0000000E+00, 0.1050000E+03, 0.1028058E+03, 0.1050000E+03,
 0.3488000E+01, 0.2332823E+03, 0.2537128E+02, 0.0000000E+00, 0.1050000E+03, 0.1029111E+03, 0.1050000E+03,
 0.3490000E+01, 0.2333846E+03, 0.2536816E+02, 0.0000000E+00, 0.1050000E+03, 0.1030165E+03, 0.1050000E+03,
 0.3492000E+01, 0.2334871E+03, 0.2536504E+02, 0.0000000E+00, 0.1050000E+03, 0.1031220E+03, 0.1050000E+03,
 0.3494000E+01, 0.2335896E+03, 0.2536192E+02, 0.0000000E+00, 0.1050000E+03, 0.1032277E+03, 0.1050000E+03,
 0.3496000E+01, 0.2336923E+03, 0.2535879E+02, 0.0000000E+00, 0.1050000E+03, 0.1033335E+03, 0.1050000E+03,
 0.3498000E+01, 0.2337951E+03, 0.2535567E+02, 0.0000000E+00, 0.1050000E+03, 0.1034395E+03, 0.1050000E+03,
 0.3500000E+01, 0.2338981E+03, 0.2535254E+02, 0.0000000E+00, 0.1050000E+03, 0.1035456E+03, 0.1050000E+03,
 0.3500000E+01, 0.2338981E+03, 0.2535254E+02, 0.0000000E+00, 0.1050000E+03, 0.1035456E+03, 0.1050000E+03,
 0.3502000E+01, 0.2340012E+03, 0.2534941E+02, 0.0000000E+00, 0.1050000E+03, 0.1036518E+03, 0.1050000E+03,
 0.3504000E+01, 0.2341044E+03, 0.2534628E+02, 0.0000000E+00, 0.1050000E+03, 0.1037581E+03, 0.1050000E+03,
 0.3506000E+01, 0.2342078E+03, 0.2534315E+02, 0.0000000E+00, 0.1050000E+03, 0.1038646E+03, 0.1050000E+03,
 0.3508000E+01, 0.2343112E+03, 0.2534002E+02, 0.0000000E+00, 0.1050000E+03, 0.1039712E+03, 0.1050000E+03,
 0.3510000E+01, 0.2344149E+03, 0.2533688E+02, 0.0000000E+00, 0.1050000E+03, 0.1040780E+03, 0.1050000E+03,
 0.3512000E+01, 0.2345186E+03, 0.2533374E+02, 0.0000000E+00, 0.1050000E+03, 0.1041849E+03, 0.1050000E+03,
 0.3514000E+01, 0.2346225E+03, 0.2533061E+02, 0.0000000E+00, 0.1050000E+03, 0.1042919E+03, 0.1050000E+03,
 0.3516000E+01, 0.2347265E+03, 0.2532747E+02, 0.0000000E+00, 0.1050000E+03, 0.1043991E+03, 0.1050000E+03,
 0.3518000E+01, 0.2348307E+03, 0.2532433E+02, 0.0000000E+00, 0.1050000E+03, 0.1045064E+03, 0.1050000E+03,
 0.3520000E+01, 0.2349350E+03, 0.2532119E+02, 0.0000000E+00, 0.1050000E+03, 0.1046138E+03, 0.1050000E+03,
 0.3522000E+01, 0.2350394E+03, 0.2531804E+02, 0.0000000E+00, 0.1050000E+03, 0.1047213E+03, 0.1050000E+03,
 0.3524000E+01, 0.2351439E+03, 0.2531490E+02, 0.0000000E+00, 0.1050000E+03, 0.1048290E+03, 0.1050000E+03,
 0.3526000E+01, 0.2352486E+03, 0.2531175E+02, 0.0000000E+00, 0.1050000E+03, 0.1049369E+03, 0.1050000E+03,
 0.3528000E+01, 0.2353535E+03, 0.2530861E+02, 0.0000000E+00, 0.1050000E+03, 0.1050448E+03, 0.1050000E+03,
 0.3530000E+01, 0.2354584E+03, 0.2530546E+02, 0.0000000E+00, 0.1050000E+03, 0.1051529E+03, 0.1050000E+03,
 0.3532000E+01, 0.2355635E+03, 0.2530231E+02, 0.0000000E+00, 0.1050000E+03, 0.1052612E+03, 0.1050000E+03,
 0.3534000E+01, 0.2356687E+03, 0.2529916E+02, 0.0000000E+00, 0.1050000E+03, 0.1053696E+03, 0.1050000E+03,
 0.3536000E+01, 0.2357741E+03, 0.2529601E+02, 0.0000000E+00, 0.1050000E+03, 0.1054781E+03, 0.1050000E+03,
 0.3538000E+01, 0.2358795E+03, 0.2529285E+02, 0.0000000E+00, 0.1050000E+03, 0.1055867E+03, 0.1050000E+03,
 0.3540000E+01, 0.2359852E+03, 0.2528970E+02, 0.0000000E+00, 0.1050000E+03, 0.1056955E+03, 0.1050000E+03,
 0.3542000E+01, 0.2360909E+03, 0.2528654E+02, 0.0000000E+00, 0.1050000E+03, 0.1058044E+03, 0.1050000E+03,
 0.3544000E+01, 0.2361968E+03, 0.2528338E+02, 0.0000000E+00, 0.1050000E+03, 0.1059134E+03, 0.1050000E+03,
 0.3546000E+01, 0.2363028E+03, 0.2528023E+02, 0.0000000E+00, 0.1050000E+03, 0.1060226E+03, 0.1050000E+03,
 0.3548000E+01, 0.2364090E+03, 0.2527707E+02, 0.0000000E+00, 0.1050000E+03, 0.1061319E+03, 0.1050000E+03,
 0.3550000E+01, 0.2365153E+03, 0.2527390E+02, 0.0000000E+00, 0.1050000E+03, 0.1062414E+03, 0.1050000E+03,
 0.3552000E+01, 0.2366217E+03, 0.2527074E+02, 0.0000000E+00, 0.1050000E+03, 0.1063510E+03, 0.1050000E+03,
 0.3554000E+01, 0.2367283E+03, 0.2526758E+02, 0.0000000E+00, 0.1050000E+03, 0.1064607E+03, 0.1050000E+03,
 0.3556000E+01, 0.2368350E+03, 0.2526441E+02, 0.0000000E+00, 0.1050000E+03, 0.1065706E+03, 0.1050000E+03,
 0.3558000E+01, 0.2369418E+03, 0.2526124E+02, 0.0000000E+00, 0.1050000E+03, 0.1066806E+03, 0.1050000E+03,
 0.3560000E+01, 0.2370488E+03, 0.2525807E+02, 0.0000000E+00, 0.1050000E+03, 0.1067907E+03, 0.1050000E+03,
 0.3562000E+01, 0.2371559E+03, 0.2525490E+02, 0.0000000E+00, 0.1050000E+03, 0.1069010E+03, 0.1050000E+03,
 0.3564000E+01, 0.2372631E+03, 0.2525173E+02, 0.0000000E+00, 0.1050000E+03, 0.1070114E+03, 0.1050000E+03,
 0.3566000E+01, 0.2373705E+03, 0.2524856E+02, 0.0000000E+00, 0.1050000E+03, 0.1071220E+03, 0.1050000E+03,
 0.3568000E+01, 0.2374780E+03, 0.2524539E+02, 0.0000000E+00, 0.1050000E+03, 0.1072327E+03, 0.1050000E+03,
 0.3570000E+01, 0.2375857E+03, 0.2524221E+02, 0.0000000E+00, 0.1050000E+03, 0.1073435E+03, 0.1050000E+03,
 0.3572000E+01, 0.2376935E+03, 0.2523903E+02, 0.0000000E+00, 0.1050000E+03, 0.1074545E+03, 0.1050000E+03,
 0.3574000E+01, 0.2378014E+03, 0.2523585E+02, 0.0000000E+00, 0.1050000E+03, 0.1075656E+03, 0.1050000E+03,
 0.3576000E+01, 0.2379095E+03, 0.2523267E+02, 0.0000000E+00, 0.1050000E+03, 0.1076768E+03, 0.1050000E+03,
 0.3578000E+01, 0.2380177E+03, 0.2522949E+02, 0.0000000E+00, 0.1050000E+03, 0.1077882E+03, 0.1050000E+03,
 0.3580000E+01, 0.2381260E+03, 0.2522631E+02, 0.0000000E+00, 0.1050000E+03, 0.1078997E+03, 0.1050000E+03,
 0.3582000E+01, 0.2382345E+03, 0.2522312E+02, 0.0000000E+00, 0.1050000E+03, 0.1080114E+03, 0.1050000E+03,
 0.3584000E+01, 0.2383431E+03, 0.2521994E+02, 0.0000000E+00, 0.1050000E+03, 0.1081232E+03, 0.1050000E+03,
 0.3586000E+01, 0.2384519E+03, 0.2521675E+02, 0.0000000E+00, 0.1050000E+03, 0.1082351E+03, 0.1050000E+03,
 0.3588000E+01, 0.2385608E+03, 0.2521356E+02, 0.0000000E+00, 0.1050000E+03, 0.1083472E+03, 0.1050000E+03,
 0.3590000E+01, 0.2386698E+03, 0.2521037E+02, 0.0000000E+00, 0.1050000E+03, 0.1084595E+03, 0.1050000E+03,
 0.3592000E+01, 0.2387790E+03, 0.2520717E+02, 0.0000000E+00, 0.1050000E+03, 0.1085718E+03, 0.1050000E+03,
 0.3594000E+01, 0.2388883E+03, 0.2520398E+02, 0.0000000E+00, 0.1050000E+03, 0.1086843E+03, 0.1050000E+03,
 0.3596000E+01, 0.2389978E+03, 0.2520078E+02, 0.0000000E+00, 0.1050000E+03, 0.1087970E+03, 0.1050000E+03,
 0.3598000E+01, 0.2391074E+03, 0.2519758E+02, 0.0000000E+00, 0.1050000E+03, 0.1089098E+03, 0.1050000E+03,
 0.3600000E+01, 0.2392171E+03, 0.2519438E+02, 0.0000000E+00, 0.1050000E+03, 0.1090227E+03, 0.1050000E+03,
 0.3602000E+01, 0.2393270E+03, 0.2519118E+02, 0.0000000E+00, 0.1050000E+03, 0.1091358E+03, 0.1050000E+03,
 0.3604000E+01, 0.2394370E+03, 0.2518798E+02, 0.0000000E+00, 0.1050000E+03, 0.1092490E+03, 0.1050000E+03,
 0.3606000E+01, 0.2395472E+03, 0.2518477E+02, 0.0000000E+00, 0.1050000E+03, 0.1093624E+03, 0.1050000E+03,
 0.3608000E+01, 0.2396575E+03, 0.2518156E+02, 0.0000000E+00, 0.1050000E+03, 0.1094759E+03, 0.1050000E+03,
 0.3610000E+01, 0.2397679E+03, 0.2517835E+02, 0.0000000E+00, 0.1050000E+03, 0.1095896E+03, 0.1050000E+03,
 0.3612000E+01, 0.2398785E+03, 0.2517514E+02, 0.0000000E+00, 0.1050000E+03, 0.1097034E+03, 0.1050000E+03,
 0.3614000E+01, 0.2399893E+03, 0.2517193E+02, 0.0000000E+00, 0.1050000E+03, 0.1098173E+03, 0.1050000E+03,
 0.3616000E+01, 0.2401001E+03, 0.2516871E+02, 0.0000000E+00, 0.1050000E+03, 0.1099314E+03, 0.1050000E+03,
 0.3618000E+01, 0.2402112E+03, 0.2516550E+02, 0.0000000E+00, 0.1050000E+03, 0.1100457E+03, 0.1050000E+03,
 0.3620000E+01, 0.2403223E+03, 0.2516228E+02, 0.0000000E+00, 0.1050000E+03, 0.1101600E+03, 0.1050000E+03,
 0.3622000E+01, 0.2404335E+03, 0.2515906E+02, 0.0000000E+00, 0.1050000E+03, 0.1102745E+03, 0.1050000E+03,
 0.3624000E+01, 0.2405449E+03, 0.2515583E+02, 0.0000000E+00, 0.1050000E+03, 0.1103891E+03, 0.1050000E+03,
 0.3626000E+01, 0.2406564E+03, 0.2515261E+02, 0.0000000E+00, 0.1050000E+03, 0.1105038E+03, 0.1050000E+03,
 0.3628000E+01, 0.2407681E+03, 0.2514938E+02, 0.0000000E+00, 0.1050000E+03, 0.1106187E+03, 0.1050000E+03,
 0.3630000E+01, 0.2408798E+03, 0.2514615E+02, 0.0000000E+00, 0.1050000E+03, 0.1107337E+03, 0.1050000E+03,
 0.3632000E+01, 0.2409916E+03, 0.2514292E+02, 0.0000000E+00, 0.1050000E+03, 0.1108487E+03, 0.1050000E+03,
 0.3634000E+01, 0.2411036E+03, 0.2513968E+02, 0.0000000E+00, 0.1050000E+03, 0.1109639E+03, 0.1050000E+03,
 0.3636000E+01, 0.2412157E+03, 0.2513645E+02, 0.0000000E+00, 0.1050000E+03, 0.1110792E+03, 0.1050000E+03,
 0.3638000E+01, 0.2413278E+03, 0.2513321E+02, 0.0000000E+00, 0.1050000E+03, 0.1111946E+03, 0.1050000E+03,
 0.3640000E+01, 0.2414401E+03, 0.2512997E+02, 0.0000000E+00, 0.1050000E+03, 0.1113102E+03, 0.1050000E+03,
 0.3642000E+01, 0.2415525E+03, 0.2512672E+02, 0.0000000E+00, 0.1050000E+03, 0.1114258E+03, 0.1050000E+03,
 0.3644000E+01, 0.2416650E+03, 0.2512348E+02, 0.0000000E+00, 0.1050000E+03, 0.1115415E+03, 0.1050000E+03,
 0.3646000E+01, 0.2417776E+03, 0.2512023E+02, 0.0000000E+00, 0.1050000E+03, 0.1116574E+03, 0.1050000E+03,
 0.3648000E+01, 0.2418903E+03, 0.2511698E+02, 0.0000000E+00, 0.1050000E+03, 0.1117734E+03, 0.1050000E+03,
 0.3650000E+01, 0.2420032E+03, 0.2511372E+02, 0.0000000E+00, 0.1050000E+03, 0.1118894E+03, 0.1050000E+03,
 0.3652000E+01, 0.2421161E+03, 0.2511047E+02, 0.0000000E+00, 0.1050000E+03, 0.1120056E+03, 0.1050000E+03,
 0.3654000E+01, 0.2422292E+03, 0.2510721E+02, 0.0000000E+00, 0.1050000E+03, 0.1121220E+03, 0.1050000E+03,
 0.3656000E+01, 0.2423424E+03, 0.2510395E+02, 0.0000000E+00, 0.1050000E+03, 0.1122384E+03, 0.1050000E+03,
 0.3658000E+01, 0.2424557E+03, 0.2510069E+02, 0.0000000E+00, 0.1050000E+03, 0.1123550E+03, 0.1050000E+03,
 0.3660000E+01, 0.2425691E+03, 0.2509742E+02, 0.0000000E+00, 0.1050000E+03, 0.1124717E+03, 0.1050000E+03,
 0.3662000E+01, 0.2426826E+03, 0.2509416E+02, 0.0000000E+00, 0.1050000E+03, 0.1125885E+03, 0.1050000E+03,
 0.3664000E+01, 0.2427963E+03, 0.2509089E+02, 0.0000000E+00, 0.1050000E+03, 0.1127055E+03, 0.1050000E+03,
 0.3666000E+01, 0.2429102E+03, 0.2508762E+02, 0.0000000E+00, 0.1050000E+03, 0.1128225E+03, 0.1050000E+03,
 0.3668000E+01, 0.2430241E+03, 0.2508434E+02, 0.0000000E+00, 0.1050000E+03, 0.1129398E+03, 0.1050000E+03,
 0.3670000E+01, 0.2431382E+03, 0.2508106E+02, 0.0000000E+00, 0.1050000E+03, 0.1130571E+03, 0.1050000E+03,
 0.3672000E+01, 0.2432524E+03, 0.2507779E+02, 0.0000000E+00, 0.1050000E+03, 0.1131746E+03, 0.1050000E+03,
 0.3674000E+01, 0.2433667E+03, 0.2507450E+02, 0.0000000E+00, 0.1050000E+03, 0.1132922E+03, 0.1050000E+03,
 0.3676000E+01, 0.2434812E+03, 0.2507122E+02, 0.0000000E+00, 0.1050000E+03, 0.1134100E+03, 0.1050000E+03,
 0.3678000E+01, 0.2435959E+03, 0.2506793E+02, 0.0000000E+00, 0.1050000E+03, 0.1135279E+03, 0.1050000E+03,
 0.3680000E+01, 0.2437106E+03, 0.2506464E+02, 0.0000000E+00, 0.1050000E+03, 0.1136460E+03, 0.1050000E+03,
 0.3682000E+01, 0.2438255E+03, 0.2506135E+02, 0.0000000E+00, 0.1050000E+03, 0.1137642E+03, 0.1050000E+03,
 0.3684000E+01, 0.2439406E+03, 0.2505806E+02, 0.0000000E+00, 0.1050000E+03, 0.1138825E+03, 0.1050000E+03,
 0.3686000E+01, 0.2440558E+03, 0.2505476E+02, 0.0000000E+00, 0.1050000E+03, 0.1140010E+03, 0.1050000E+03,
 0.3688000E+01, 0.2441711E+03, 0.2505146E+02, 0.0000000E+00, 0.1050000E+03, 0.1141197E+03, 0.1050000E+03,
 0.3690000E+01, 0.2442866E+03, 0.2504816E+02, 0.0000000E+00, 0.1050000E+03, 0.1142385E+03, 0.1050000E+03,
 0.3692000E+01, 0.2444023E+03, 0.2504485E+02, 0.0000000E+00, 0.1050000E+03, 0.1143574E+03, 0.1050000E+03,
 0.3694000E+01, 0.2445180E+03, 0.2504155E+02, 0.0000000E+00, 0.1050000E+03, 0.1144765E+03, 0.1050000E+03,
 0.3696000E+01, 0.2446339E+03, 0.2503823E+02, 0.0000000E+00, 0.1050000E+03, 0.1145957E+03, 0.1050000E+03,
 0.3698000E+01, 0.2447500E+03, 0.2503492E+02, 0.0000000E+00, 0.1050000E+03, 0.1147151E+03, 0.1050000E+03,
 0.3700000E+01, 0.2448662E+03, 0.2503161E+02, 0.0000000E+00, 0.1050000E+03, 0.1148346E+03, 0.1050000E+03,
 0.3702000E+01, 0.2449825E+03, 0.2502829E+02, 0.0000000E+00, 0.1050000E+03, 0.1149542E+03, 0.1050000E+03,
 0.3704000E+01, 0.2450990E+03, 0.2502497E+02, 0.0000000E+00, 0.1050000E+03, 0.1150741E+03, 0.1050000E+03,
 0.3706000E+01, 0.2452157E+03, 0.2502165E+02, 0.0000000E+00, 0.1050000E+03, 0.1151940E+03, 0.1050000E+03,
 0.3708000E+01, 0.2453324E+03, 0.2501832E+02, 0.0000000E+00, 0.1050000E+03, 0.1153141E+03, 0.1050000E+03,
 0.3710000E+01, 0.2454494E+03, 0.2501499E+02, 0.0000000E+00, 0.1050000E+03, 0.1154344E+03, 0.1050000E+03,
 0.3712000E+01, 0.2455664E+03, 0.2501166E+02, 0.0000000E+00, 0.1050000E+03, 0.1155548E+03, 0.1050000E+03,
 0.3714000E+01, 0.2456836E+03, 0.2500833E+02, 0.0000000E+00, 0.1050000E+03, 0.1156753E+03, 0.1050000E+03,
 0.3716000E+01, 0.2458010E+03, 0.2500499E+02, 0.0000000E+00, 0.1050000E+03, 0.1157960E+03, 0.1050000E+03,
 0.3718000E+01, 0.2459185E+03, 0.2500166E+02, 0.0000000E+00, 0.1050000E+03, 0.1159168E+03, 0.1050000E+03,
 0.3720000E+01, 0.2460361E+03, 0.2499831E+02, 0.0000000E+00, 0.1050000E+03, 0.1160378E+03, 0.1050000E+03,
 0.3722000E+01, 0.2461539E+03, 0.2499497E+02, 0.0000000E+00, 0.1050000E+03, 0.1161589E+03, 0.1050000E+03,
 0.3724000E+01, 0.2462718E+03, 0.2499162E+02, 0.0000000E+00, 0.1050000E+03, 0.1162802E+03, 0.1050000E+03,
 0.3726000E+01, 0.2463899E+03, 0.2498828E+02, 0.0000000E+00, 0.1050000E+03, 0.1164016E+03, 0.1050000E+03,
 0.3728000E+01, 0.2465081E+03, 0.2498492E+02, 0.0000000E+00, 0.1050000E+03, 0.1165232E+03, 0.1050000E+03,
 0.3730000E+01, 0.2466265E+03, 0.2498157E+02, 0.0000000E+00, 0.1050000E+03, 0.1166449E+03, 0.1050000E+03,
 0.3732000E+01, 0.2467450E+03, 0.2497821E+02, 0.0000000E+00, 0.1050000E+03, 0.1167668E+03, 0.1050000E+03,
 0.3734000E+01, 0.2468636E+03, 0.2497486E+02, 0.0000000E+00, 0.1050000E+03, 0.1168888E+03, 0.1050000E+03,
 0.3736000E+01, 0.2469824E+03, 0.2497149E+02, 0.0000000E+00, 0.1050000E+03, 0.1170109E+03, 0.1050000E+03,
 0.3738000E+01, 0.2471014E+03, 0.2496813E+02, 0.0000000E+00, 0.1050000E+03, 0.1171332E+03, 0.1050000E+03,
 0.3740000E+01, 0.2472204E+03, 0.2496477E+02, 0.0000000E+00, 0.1050000E+03, 0.1172557E+03, 0.1050000E+03,
 0.3742000E+01, 0.2473397E+03, 0.2496140E+02, 0.0000000E+00, 0.1050000E+03, 0.1173783E+03, 0.1050000E+03,
 0.3744000E+01, 0.2474590E+03, 0.2495802E+02, 0.0000000E+00, 0.1050000E+03, 0.1175010E+03, 0.1050000E+03,
 0.3746000E+01, 0.2475786E+03, 0.2495465E+02, 0.0000000E+00, 0.1050000E+03, 0.1176239E+03, 0.1050000E+03,
 0.3748000E+01, 0.2476982E+03, 0.2495127E+02, 0.0000000E+00, 0.1050000E+03, 0.1177469E+03, 0.1050000E+03,
 0.3750000E+01, 0.2478180E+03, 0.2494790E+02, 0.0000000E+00, 0.1050000E+03, 0.1178701E+03, 0.1050000E+03,
 0.3752000E+01, 0.2479379E+03, 0.2494452E+02, 0.0000000E+00, 0.1050000E+03, 0.1179934E+03, 0.1050000E+03,
 0.3754000E+01, 0.2480580E+03, 0.2494113E+02, 0.0000000E+00, 0.1050000E+03, 0.1181169E+03, 0.1050000E+03,
 0.3756000E+01, 0.2481783E+03, 0.2493775E+02, 0.0000000E+00, 0.1050000E+03, 0.1182405E+03, 0.1050000E+03,
 0.3758000E+01, 0.2482986E+03, 0.2493436E+02, 0.0000000E+00, 0.1050000E+03, 0.1183643E+03, 0.1050000E+03,
 0.3760000E+01, 0.2484192E+03, 0.2493097E+02, 0.0000000E+00, 0.1050000E+03, 0.1184882E+03, 0.1050000E+03,
 0.3762000E+01, 0.2485398E+03, 0.2492758E+02, 0.0000000E+00, 0.1050000E+03, 0.1186123E+03, 0.1050000E+03,
 0.3764000E+01, 0.2486606E+03, 0.2492418E+02, 0.0000000E+00, 0.1050000E+03, 0.1187365E+03, 0.1050000E+03,
 0.3766000E+01, 0.2487816E+03, 0.2492078E+02, 0.0000000E+00, 0.1050000E+03, 0.1188608E+03, 0.1050000E+03,
 0.3768000E+01, 0.2489027E+03, 0.2491738E+02, 0.0000000E+00, 0.1050000E+03, 0.1189853E+03, 0.1050000E+03,
 0.3770000E+01, 0.2490239E+03, 0.2491398E+02, 0.0000000E+00, 0.1050000E+03, 0.1191099E+03, 0.1050000E+03,
 0.3772000E+01, 0.2491453E+03, 0.2491058E+02, 0.0000000E+00, 0.1050000E+03, 0.1192347E+03, 0.1050000E+03,
 0.3774000E+01, 0.2492668E+03, 0.2490717E+02, 0.0000000E+00, 0.1050000E+03, 0.1193597E+03, 0.1050000E+03,
 0.3776000E+01, 0.2493885E+03, 0.2490376E+02, 0.0000000E+00, 0.1050000E+03, 0.1194848E+03, 0.1050000E+03,
 0.3778000E+01, 0.2495103E+03, 0.2490035E+02, 0.0000000E+00, 0.1050000E+03, 0.1196100E+03, 0.1050000E+03,
 0.3780000E+01, 0.2496323E+03, 0.2489693E+02, 0.0000000E+00, 0.1050000E+03, 0.1197354E+03, 0.1050000E+03,
 0.3782000E+01, 0.2497544E+03, 0.2489352E+02, 0.0000000E+00, 0.1050000E+03, 0.1198609E+03, 0.1050000E+03,
 0.3784000E+01, 0.2498767E+03, 0.2489010E+02, 0.0000000E+00, 0.1050000E+03, 0.1199866E+03, 0.1050000E+03,
 0.3786000E+01, 0.2499991E+03, 0.2488668E+02, 0.0000000E+00, 0.1050000E+03, 0.1201124E+03, 0.1050000E+03,
 0.3788000E+01, 0.2501216E+03, 0.2488325E+02, 0.0000000E+00, 0.1050000E+03, 0.1202384E+03, 0.1050000E+03,
 0.3790000E+01, 0.2502443E+03, 0.2487983E+02, 0.0000000E+00, 0.1050000E+03, 0.1203645E+03, 0.1050000E+03,
 0.3792000E+01, 0.2503672E+03, 0.2487640E+02, 0.0000000E+00, 0.1050000E+03, 0.1204908E+03, 0.1050000E+03,
 0.3794000E+01, 0.2504902E+03, 0.2487297E+02, 0.0000000E+00, 0.1050000E+03, 0.1206172E+03, 0.1050000E+03,
 0.3796000E+01, 0.2506133E+03, 0.2486954E+02, 0.0000000E+00, 0.1050000E+03, 0.1207438E+03, 0.1050000E+03,
 0.3798000E+01, 0.2507366E+03, 0.2486610E+02, 0.0000000E+00, 0.1050000E+03, 0.1208705E+03, 0.1050000E+03,
 0.3800000E+01, 0.2508600E+03, 0.2486267E+02, 0.0000000E+00, 0.1050000E+03, 0.1209973E+03, 0.1050000E+03,
 0.3802000E+01, 0.2509836E+03, 0.2485923E+02, 0.0000000E+00, 0.1050000E+03, 0.1211244E+03, 0.1050000E+03,
 0.3804000E+01, 0.2511073E+03, 0.2485578E+02, 0.0000000E+00, 0.1050000E+03, 0.1212515E+03, 0.1050000E+03,
 0.3806000E+01, 0.2512312E+03, 0.2485234E+02, 0.0000000E+00, 0.1050000E+03, 0.1213788E+03, 0.1050000E+03,
 0.3808000E+01, 0.2513552E+03, 0.2484889E+02, 0.0000000E+00, 0.1050000E+03, 0.1215063E+03, 0.1050000E+03,
 0.3810000E+01, 0.2514794E+03, 0.2484544E+02, 0.0000000E+00, 0.1050000E+03, 0.1216339E+03, 0.1050000E+03,
 0.3812000E+01, 0.2516037E+03, 0.2484199E+02, 0.0000000E+00, 0.1050000E+03, 0.1217617E+03, 0.1050000E+03,
 0.3814000E+01, 0.2517281E+03, 0.2483854E+02, 0.0000000E+00, 0.1050000E+03, 0.1218896E+03, 0.1050000E+03,
 0.3816000E+01, 0.2518528E+03, 0.2483508E+02, 0.0000000E+00, 0.1050000E+03, 0.1220177E+03, 0.1050000E+03,
 0.3818000E+01, 0.2519775E+03, 0.2483162E+02, 0.0000000E+00, 0.1050000E+03, 0.1221459E+03, 0.1050000E+03,
 0.3820000E+01, 0.2521024E+03, 0.2482817E+02, 0.0000000E+00, 0.1050000E+03, 0.1222743E+03, 0.1050000E+03,
 0.3822000E+01, 0.2522275E+03, 0.2482470E+02, 0.0000000E+00, 0.1050000E+03, 0.1224028E+03, 0.1050000E+03,
 0.3824000E+01, 0.2523527E+03, 0.2482124E+02, 0.0000000E+00, 0.1050000E+03, 0.1225315E+03, 0.1050000E+03,
 0.3826000E+01, 0.2524781E+03, 0.2481777E+02, 0.0000000E+00, 0.1050000E+03, 0.1226603E+03, 0.1050000E+03,
 0.3828000E+01, 0.2526036E+03, 0.2481430E+02, 0.0000000E+00, 0.1050000E+03, 0.1227893E+03, 0.1050000E+03,
 0.3830000E+01, 0.2527292E+03, 0.2481083E+02, 0.0000000E+00, 0.1050000E+03, 0.1229184E+03, 0.1050000E+03,
 0.3832000E+01, 0.2528550E+03, 0.2480735E+02, 0.0000000E+00, 0.1050000E+03, 0.1230477E+03, 0.1050000E+03,
 0.3834000E+01, 0.2529809E+03, 0.2480387E+02, 0.0000000E+00, 0.1050000E+03, 0.1231771E+03, 0.1050000E+03,
 0.3836000E+01, 0.2531070E+03, 0.2480039E+02, 0.0000000E+00, 0.1050000E+03, 0.1233066E+03, 0.1050000E+03,
 0.3838000E+01, 0.2532332E+03, 0.2479691E+02, 0.0000000E+00, 0.1050000E+03, 0.1234363E+03, 0.1050000E+03,
 0.3840000E+01, 0.2533596E+03, 0.2479343E+02, 0.0000000E+00, 0.1050000E+03, 0.1235661E+03, 0.1050000E+03,
 0.3842000E+01, 0.2534860E+03, 0.2478994E+02, 0.0000000E+00, 0.1050000E+03, 0.1236961E+03, 0.1050000E+03,
 0.3844000E+01, 0.2536126E+03, 0.2478645E+02, 0.0000000E+00, 0.1050000E+03, 0.1238262E+03, 0.1050000E+03,
 0.3846000E+01, 0.2537394E+03, 0.2478296E+02, 0.0000000E+00, 0.1050000E+03, 0.1239564E+03, 0.1050000E+03,
 0.3848000E+01, 0.2538662E+03, 0.2477946E+02, 0.0000000E+00, 0.1050000E+03, 0.1240868E+03, 0.1050000E+03,
 0.3850000E+01, 0.2539932E+03, 0.2477596E+02, 0.0000000E+00, 0.1050000E+03, 0.1242173E+03, 0.1050000E+03,
 0.3852000E+01, 0.2541204E+03, 0.2477246E+02, 0.0000000E+00, 0.1050000E+03, 0.1243479E+03, 0.1050000E+03,
 0.3854000E+01, 0.2542476E+03, 0.2476896E+02, 0.0000000E+00, 0.1050000E+03, 0.1244787E+03, 0.1050000E+03,
 0.3856000E+01, 0.2543750E+03, 0.2476545E+02, 0.0000000E+00, 0.1050000E+03, 0.1246096E+03, 0.1050000E+03,
 0.3858000E+01, 0.2545026E+03, 0.2476194E+02, 0.0000000E+00, 0.1050000E+03, 0.1247406E+03, 0.1050000E+03,
 0.3860000E+01, 0.2546302E+03, 0.2475843E+02, 0.0000000E+00, 0.1050000E+03, 0.1248718E+03, 0.1050000E+03,
 0.3862000E+01, 0.2547580E+03, 0.2475492E+02, 0.0000000E+00, 0.1050000E+03, 0.1250031E+03, 0.1050000E+03,
 0.3864000E+01, 0.2548860E+03, 0.2475140E+02, 0.0000000E+00, 0.1050000E+03, 0.1251346E+03, 0.1050000E+03,
 0.3866000E+01, 0.2550140E+03, 0.2474788E+02, 0.0000000E+00, 0.1050000E+03, 0.1252661E+03, 0.1050000E+03,
 0.3868000E+01, 0.2551422E+03, 0.2474436E+02, 0.0000000E+00, 0.1050000E+03, 0.1253979E+03, 0.1050000E+03,
 0.3870000E+01, 0.2552705E+03, 0.2474083E+02, 0.0000000E+00, 0.1050000E+03, 0.1255297E+03, 0.1050000E+03,
 0.3872000E+01, 0.2553990E+03, 0.2473731E+02, 0.0000000E+00, 0.1050000E+03, 0.1256617E+03, 0.1050000E+03,
 0.3874000E+01, 0.2555276E+03, 0.2473378E+02, 0.0000000E+00, 0.1050000E+03, 0.1257938E+03, 0.1050000E+03,
 0.3876000E+01, 0.2556564E+03, 0.2473024E+02, 0.0000000E+00, 0.1050000E+03, 0.1259261E+03, 0.1050000E+03,
 0.3878000E+01, 0.2557853E+03, 0.2472671E+02, 0.0000000E+00, 0.1050000E+03, 0.1260585E+03, 0.1050000E+03,
 0.3880000E+01, 0.2559143E+03, 0.2472317E+02, 0.0000000E+00, 0.1050000E+03, 0.1261911E+03, 0.1050000E+03,
 0.3882000E+01, 0.2560435E+03, 0.2471963E+02, 0.0000000E+00, 0.1050000E+03, 0.1263238E+03, 0.1050000E+03,
 0.3884000E+01, 0.2561728E+03, 0.2471609E+02, 0.0000000E+00, 0.1050000E+03, 0.1264567E+03, 0.1050000E+03,
 0.3886000E+01, 0.2563022E+03, 0.2471254E+02, 0.0000000E+00, 0.1050000E+03, 0.1265897E+03, 0.1050000E+03,
 0.3888000E+01, 0.2564318E+03, 0.2470899E+02, 0.0000000E+00, 0.1050000E+03, 0.1267228E+03, 0.1050000E+03,
 0.3890000E+01, 0.2565616E+03, 0.2470544E+02, 0.0000000E+00, 0.1050000E+03, 0.1268561E+03, 0.1050000E+03,
 0.3892000E+01, 0.2566914E+03, 0.2470188E+02, 0.0000000E+00, 0.1050000E+03, 0.1269895E+03, 0.1050000E+03,
 0.3894000E+01, 0.2568215E+03, 0.2469832E+02, 0.0000000E+00, 0.1050000E+03, 0.1271231E+03, 0.1050000E+03,
 0.3896000E+01, 0.2569516E+03, 0.2469476E+02, 0.0000000E+00, 0.1050000E+03, 0.1272569E+03, 0.1050000E+03,
 0.3898000E+01, 0.2570819E+03, 0.2469120E+02, 0.0000000E+00, 0.1050000E+03, 0.1273907E+03, 0.1050000E+03,
 0.3900000E+01, 0.2572124E+03, 0.2468763E+02, 0.0000000E+00, 0.1050000E+03, 0.1275248E+03, 0.1050000E+03,
 0.3902000E+01, 0.2573430E+03, 0.2468406E+02, 0.0000000E+00, 0.1050000E+03, 0.1276590E+03, 0.1050000E+03,
 0.3904000E+01, 0.2574738E+03, 0.2468049E+02, 0.0000000E+00, 0.1050000E+03, 0.1277933E+03, 0.1050000E+03,
 0.3906000E+01, 0.2576047E+03, 0.2467692E+02, 0.0000000E+00, 0.1050000E+03, 0.1279277E+03, 0.1050000E+03,
 0.3908000E+01, 0.2577357E+03, 0.2467334E+02, 0.0000000E+00, 0.1050000E+03, 0.1280624E+03, 0.1050000E+03,
 0.3910000E+01, 0.2578669E+03, 0.2466976E+02, 0.0000000E+00, 0.1050000E+03, 0.1281971E+03, 0.1050000E+03,
 0.3912000E+01, 0.2579982E+03, 0.2466617E+02, 0.0000000E+00, 0.1050000E+03, 0.1283321E+03, 0.1050000E+03,
 0.3914000E+01, 0.2581297E+03, 0.2466259E+02, 0.0000000E+00, 0.1050000E+03, 0.1284671E+03, 0.1050000E+03,
 0.3916000E+01, 0.2582614E+03, 0.2465900E+02, 0.0000000E+00, 0.1050000E+03, 0.1286024E+03, 0.1050000E+03,
 0.3918000E+01, 0.2583931E+03, 0.2465541E+02, 0.0000000E+00, 0.1050000E+03, 0.1287377E+03, 0.1050000E+03,
 0.3920000E+01, 0.2585251E+03, 0.2465181E+02, 0.0000000E+00, 0.1050000E+03, 0.1288732E+03, 0.1050000E+03,
 0.3922000E+01, 0.2586571E+03, 0.2464821E+02, 0.0000000E+00, 0.1050000E+03, 0.1290089E+03, 0.1050000E+03,
 0.3924000E+01, 0.2587894E+03, 0.2464461E+02, 0.0000000E+00, 0.1050000E+03, 0.1291447E+03, 0.1050000E+03,
 0.3926000E+01, 0.2589217E+03, 0.2464100E+02, 0.0000000E+00, 0.1050000E+03, 0.1292807E+03, 0.1050000E+03,
 0.3928000E+01, 0.2590542E+03, 0.2463739E+02, 0.0000000E+00, 0.1050000E+03, 0.1294168E+03, 0.1050000E+03,
 0.3930000E+01, 0.2591869E+03, 0.2463378E+02, 0.0000000E+00, 0.1050000E+03, 0.1295531E+03, 0.1050000E+03,
 0.3932000E+01, 0.2593197E+03, 0.2463017E+02, 0.0000000E+00, 0.1050000E+03, 0.1296895E+03, 0.1050000E+03,
 0.3934000E+01, 0.2594527E+03, 0.2462655E+02, 0.0000000E+00, 0.1050000E+03, 0.1298261E+03, 0.1050000E+03,
 0.3936000E+01, 0.2595858E+03, 0.2462293E+02, 0.0000000E+00, 0.1050000E+03, 0.1299628E+03, 0.1050000E+03,
 0.3938000E+01, 0.2597191E+03, 0.2461931E+02, 0.0000000E+00, 0.1050000E+03, 0.1300997E+03, 0.1050000E+03,
 0.3940000E+01, 0.2598524E+03, 0.2461568E+02, 0.0000000E+00, 0.1050000E+03, 0.1302368E+03, 0.1050000E+03,
 0.3942000E+01, 0.2599860E+03, 0.2461205E+02, 0.0000000E+00, 0.1050000E+03, 0.1303739E+03, 0.1050000E+03,
 0.3944000E+01, 0.2601197E+03, 0.2460842E+02, 0.0000000E+00, 0.1050000E+03, 0.1305113E+03, 0.1050000E+03,
 0.3946000E+01, 0.2602535E+03, 0.2460479E+02, 0.0000000E+00, 0.1050000E+03, 0.1306488E+03, 0.1050000E+03,
 0.3948000E+01, 0.2603875E+03, 0.2460115E+02, 0.0000000E+00, 0.1050000E+03, 0.1307864E+03, 0.1050000E+03,
 0.3950000E+01, 0.2605217E+03, 0.2459751E+02, 0.0000000E+00, 0.1050000E+03, 0.1309242E+03, 0.1050000E+03,
 0.3952000E+01, 0.2606560E+03, 0.2459386E+02, 0.0000000E+00, 0.1050000E+03, 0.1310621E+03, 0.1050000E+03,
 0.3954000E+01, 0.2607904E+03, 0.2459021E+02, 0.0000000E+00, 0.1050000E+03, 0.1312002E+03, 0.1050000E+03,
 0.3956000E+01, 0.2609250E+03, 0.2458656E+02, 0.0000000E+00, 0.1050000E+03, 0.1313385E+03, 0.1050000E+03,
 0.3958000E+01, 0.2610598E+03, 0.2458291E+02, 0.0000000E+00, 0.1050000E+03, 0.1314769E+03, 0.1050000E+03,
 0.3960000E+01, 0.2611947E+03, 0.2457925E+02, 0.0000000E+00, 0.1050000E+03, 0.1316154E+03, 0.1050000E+03,
 0.3962000E+01, 0.2613297E+03, 0.2457559E+02, 0.0000000E+00, 0.1050000E+03, 0.1317541E+03, 0.1050000E+03,
 0.3964000E+01, 0.2614649E+03, 0.2457193E+02, 0.0000000E+00, 0.1050000E+03, 0.1318930E+03, 0.1050000E+03,
 0.3966000E+01, 0.2616003E+03, 0.2456826E+02, 0.0000000E+00, 0.1050000E+03, 0.1320320E+03, 0.1050000E+03,
 0.3968000E+01, 0.2617357E+03, 0.2456459E+02, 0.0000000E+00, 0.1050000E+03, 0.1321712E+03, 0.1050000E+03,
 0.3970000E+01, 0.2618714E+03, 0.2456092E+02, 0.0000000E+00, 0.1050000E+03, 0.1323105E+03, 0.1050000E+03,
 0.3972000E+01, 0.2620072E+03, 0.2455724E+02, 0.0000000E+00, 0.1050000E+03, 0.1324500E+03, 0.1050000E+03,
 0.3974000E+01, 0.2621431E+03, 0.2455356E+02, 0.0000000E+00, 0.1050000E+03, 0.1325896E+03, 0.1050000E+03,
 0.3976000E+01, 0.2622792E+03, 0.2454988E+02, 0.0000000E+00, 0.1050000E+03, 0.1327294E+03, 0.1050000E+03,
 0.3978000E+01, 0.2624155E+03, 0.2454620E+02, 0.0000000E+00, 0.1050000E+03, 0.1328693E+03, 0.1050000E+03,
 0.3980000E+01, 0.2625519E+03, 0.2454251E+02, 0.0000000E+00, 0.1050000E+03, 0.1330094E+03, 0.1050000E+03,
 0.3982000E+01, 0.2626884E+03, 0.2453882E+02, 0.0000000E+00, 0.1050000E+03, 0.1331496E+03, 0.1050000E+03,
 0.3984000E+01, 0.2628251E+03, 0.2453512E+02, 0.0000000E+00, 0.1050000E+03, 0.1332900E+03, 0.1050000E+03,
 0.3986000E+01, 0.2629620E+03, 0.2453142E+02, 0.0000000E+00, 0.1050000E+03, 0.1334305E+03, 0.1050000E+03,
 0.3988000E+01, 0.2630990E+03, 0.2452772E+02, 0.0000000E+00, 0.1050000E+03, 0.1335712E+03, 0.1050000E+03,
 0.3990000E+01, 0.2632361E+03, 0.2452402E+02, 0.0000000E+00, 0.1050000E+03, 0.1337121E+03, 0.1050000E+03,
 0.3992000E+01, 0.2633734E+03, 0.2452031E+02, 0.0000000E+00, 0.1050000E+03, 0.1338531E+03, 0.1050000E+03,
 0.3994000E+01, 0.2635109E+03, 0.2451660E+02, 0.0000000E+00, 0.1050000E+03, 0.1339943E+03, 0.1050000E+03,
 0.3996000E+01, 0.2636485E+03, 0.2451289E+02, 0.0000000E+00, 0.1050000E+03, 0.1341356E+03, 0.1050000E+03,
 0.3998000E+01, 0.2637863E+03, 0.2450917E+02, 0.0000000E+00, 0.1050000E+03, 0.1342771E+03, 0.1050000E+03,
 0.4000000E+01, 0.2639242E+03, 0.2450546E+02, 0.0000000E+00, 0.1050000E+03, 0.1344187E+03, 0.1050000E+03,
 0.4002000E+01, 0.2640623E+03, 0.2450173E+02, 0.0000000E+00, 0.1050000E+03, 0.1345605E+03, 0.1050000E+03,
 0.4004000E+01, 0.2642005E+03, 0.2449801E+02, 0.0000000E+00, 0.1050000E+03, 0.1347025E+03, 0.1050000E+03,
 0.4006000E+01, 0.2643388E+03, 0.2449428E+02, 0.0000000E+00, 0.1050000E+03, 0.1348446E+03, 0.1050000E+03,
 0.4008000E+01, 0.2644774E+03, 0.2449055E+02, 0.0000000E+00, 0.1050000E+03, 0.1349868E+03, 0.1050000E+03,
 0.4010000E+01, 0.2646160E+03, 0.2448681E+02, 0.0000000E+00, 0.1050000E+03, 0.1351292E+03, 0.1050000E+03,
 0.4012000E+01, 0.2647549E+03, 0.2448308E+02, 0.0000000E+00, 0.1050000E+03, 0.1352718E+03, 0.1050000E+03,
 0.4014000E+01, 0.2648939E+03, 0.2447934E+02, 0.0000000E+00, 0.1050000E+03, 0.1354145E+03, 0.1050000E+03,
 0.4016000E+01, 0.2650330E+03, 0.2447559E+02, 0.0000000E+00, 0.1050000E+03, 0.1355574E+03, 0.1050000E+03,
 0.4018000E+01, 0.2651722E+03, 0.2447185E+02, 0.0000000E+00, 0.1050000E+03, 0.1357004E+03, 0.1050000E+03,
 0.4020000E+01, 0.2653117E+03, 0.2446810E+02, 0.0000000E+00, 0.1050000E+03, 0.1358436E+03, 0.1050000E+03,
 0.4022000E+01, 0.2654512E+03, 0.2446434E+02, 0.0000000E+00, 0.1050000E+03, 0.1359869E+03, 0.1050000E+03,
 0.4024000E+01, 0.2655909E+03, 0.2446059E+02, 0.0000000E+00, 0.1050000E+03, 0.1361304E+03, 0.1050000E+03,
 0.4026000E+01, 0.2657308E+03, 0.2445683E+02, 0.0000000E+00, 0.1050000E+03, 0.1362740E+03, 0.1050000E+03,
 0.4028000E+01, 0.2658708E+03, 0.2445307E+02, 0.0000000E+00, 0.1050000E+03, 0.1364177E+03, 0.1050000E+03,
 0.4030000E+01, 0.2660110E+03, 0.2444930E+02, 0.0000000E+00, 0.1050000E+03, 0.1365617E+03, 0.1050000E+03,
 0.4032000E+01, 0.2661512E+03, 0.2444553E+02, 0.0000000E+00, 0.1050000E+03, 0.1367057E+03, 0.1050000E+03,
 0.4034000E+01, 0.2662917E+03, 0.2444176E+02, 0.0000000E+00, 0.1050000E+03, 0.1368499E+03, 0.1050000E+03,
 0.4036000E+01, 0.2664323E+03, 0.2443799E+02, 0.0000000E+00, 0.1050000E+03, 0.1369943E+03, 0.1050000E+03,
 0.4038000E+01, 0.2665730E+03, 0.2443421E+02, 0.0000000E+00, 0.1050000E+03, 0.1371388E+03, 0.1050000E+03,
 0.4040000E+01, 0.2667139E+03, 0.2443043E+02, 0.0000000E+00, 0.1050000E+03, 0.1372835E+03, 0.1050000E+03,
 0.4042000E+01, 0.2668549E+03, 0.2442664E+02, 0.0000000E+00, 0.1050000E+03, 0.1374283E+03, 0.1050000E+03,
 0.4044000E+01, 0.2669961E+03, 0.2442286E+02, 0.0000000E+00, 0.1050000E+03, 0.1375732E+03, 0.1050000E+03,
 0.4046000E+01, 0.2671374E+03, 0.2441907E+02, 0.0000000E+00, 0.1050000E+03, 0.1377183E+03, 0.1050000E+03,
 0.4048000E+01, 0.2672788E+03, 0.2441527E+02, 0.0000000E+00, 0.1050000E+03, 0.1378636E+03, 0.1050000E+03,
 0.4050000E+01, 0.2674204E+03, 0.2441148E+02, 0.0000000E+00, 0.1050000E+03, 0.1380090E+03, 0.1050000E+03,
 0.4052000E+01, 0.2675622E+03, 0.2440768E+02, 0.0000000E+00, 0.1050000E+03, 0.1381545E+03, 0.1050000E+03,
 0.4054000E+01, 0.2677041E+03, 0.2440387E+02, 0.0000000E+00, 0.1050000E+03, 0.1383002E+03, 0.1050000E+03,
 0.4056000E+01, 0.2678461E+03, 0.2440007E+02, 0.0000000E+00, 0.1050000E+03, 0.1384460E+03, 0.1050000E+03,
 0.4058000E+01, 0.2679883E+03, 0.2439626E+02, 0.0000000E+00, 0.1050000E+03, 0.1385920E+03, 0.1050000E+03,
 0.4060000E+01, 0.2681306E+03, 0.2439245E+02, 0.0000000E+00, 0.1050000E+03, 0.1387382E+03, 0.1050000E+03,
 0.4062000E+01, 0.2682731E+03, 0.2438863E+02, 0.0000000E+00, 0.1050000E+03, 0.1388844E+03, 0.1050000E+03,
 0.4064000E+01, 0.2684157E+03, 0.2438482E+02, 0.0000000E+00, 0.1050000E+03, 0.1390309E+03, 0.1050000E+03,
 0.4066000E+01, 0.2685585E+03, 0.2438099E+02, 0.0000000E+00, 0.1050000E+03, 0.1391775E+03, 0.1050000E+03,
 0.4068000E+01, 0.2687014E+03, 0.2437717E+02, 0.0000000E+00, 0.1050000E+03, 0.1393242E+03, 0.1050000E+03,
 0.4070000E+01, 0.2688445E+03, 0.2437334E+02, 0.0000000E+00, 0.1050000E+03, 0.1394711E+03, 0.1050000E+03,
 0.4072000E+01, 0.2689876E+03, 0.2436951E+02, 0.0000000E+00, 0.1050000E+03, 0.1396181E+03, 0.1050000E+03,
 0.4074000E+01, 0.2691310E+03, 0.2436568E+02, 0.0000000E+00, 0.1050000E+03, 0.1397653E+03, 0.1050000E+03,
 0.4076000E+01, 0.2692745E+03, 0.2436184E+02, 0.0000000E+00, 0.1050000E+03, 0.1399127E+03, 0.1050000E+03,
 0.4078000E+01, 0.2694182E+03, 0.2435800E+02, 0.0000000E+00, 0.1050000E+03, 0.1400602E+03, 0.1050000E+03,
 0.4080000E+01, 0.2695620E+03, 0.2435416E+02, 0.0000000E+00, 0.1050000E+03, 0.1402078E+03, 0.1050000E+03,
 0.4082000E+01, 0.2697059E+03, 0.2435031E+02, 0.0000000E+00, 0.1050000E+03, 0.1403556E+03, 0.1050000E+03,
 0.4084000E+01, 0.2698500E+03, 0.2434646E+02, 0.0000000E+00, 0.1050000E+03, 0.1405035E+03, 0.1050000E+03,
 0.4086000E+01, 0.2699942E+03, 0.2434261E+02, 0.0000000E+00, 0.1050000E+03, 0.1406516E+03, 0.1050000E+03,
 0.4088000E+01, 0.2701386E+03, 0.2433875E+02, 0.0000000E+00, 0.1050000E+03, 0.1407999E+03, 0.1050000E+03,
 0.4090000E+01, 0.2702832E+03, 0.2433489E+02, 0.0000000E+00, 0.1050000E+03, 0.1409483E+03, 0.1050000E+03,
 0.4092000E+01, 0.2704279E+03, 0.2433103E+02, 0.0000000E+00, 0.1050000E+03, 0.1410968E+03, 0.1050000E+03,
 0.4094000E+01, 0.2705727E+03, 0.2432716E+02, 0.0000000E+00, 0.1050000E+03, 0.1412455E+03, 0.1050000E+03,
 0.4096000E+01, 0.2707177E+03, 0.2432329E+02, 0.0000000E+00, 0.1050000E+03, 0.1413944E+03, 0.1050000E+03,
 0.4098000E+01, 0.2708628E+03, 0.2431942E+02, 0.0000000E+00, 0.1050000E+03, 0.1415434E+03, 0.1050000E+03,
 0.4100000E+01, 0.2710081E+03, 0.2431555E+02, 0.0000000E+00, 0.1050000E+03, 0.1416926E+03, 0.1050000E+03,
 0.4102000E+01, 0.2711536E+03, 0.2431167E+02, 0.0000000E+00, 0.1050000E+03, 0.1418419E+03, 0.1050000E+03,
 0.4104000E+01, 0.2712991E+03, 0.2430779E+02, 0.0000000E+00, 0.1050000E+03, 0.1419914E+03, 0.1050000E+03,
 0.4106000E+01, 0.2714449E+03, 0.2430390E+02, 0.0000000E+00, 0.1050000E+03, 0.1421410E+03, 0.1050000E+03,
 0.4108000E+01, 0.2715908E+03, 0.2430001E+02, 0.0000000E+00, 0.1050000E+03, 0.1422908E+03, 0.1050000E+03,
 0.4110000E+01, 0.2717368E+03, 0.2429612E+02, 0.0000000E+00, 0.1050000E+03, 0.1424407E+03, 0.1050000E+03,
 0.4112000E+01, 0.2718830E+03, 0.2429222E+02, 0.0000000E+00, 0.1050000E+03, 0.1425908E+03, 0.1050000E+03,
 0.4114000E+01, 0.2720293E+03, 0.2428833E+02, 0.0000000E+00, 0.1050000E+03, 0.1427410E+03, 0.1050000E+03,
 0.4116000E+01, 0.2721758E+03, 0.2428442E+02, 0.0000000E+00, 0.1050000E+03, 0.1428914E+03, 0.1050000E+03,
 0.4118000E+01, 0.2723224E+03, 0.2428052E+02, 0.0000000E+00, 0.1050000E+03, 0.1430419E+03, 0.1050000E+03,
 0.4120000E+01, 0.2724692E+03, 0.2427661E+02, 0.0000000E+00, 0.1050000E+03, 0.1431926E+03, 0.1050000E+03,
 0.4122000E+01, 0.2726162E+03, 0.2427270E+02, 0.0000000E+00, 0.1050000E+03, 0.1433435E+03, 0.1050000E+03,
 0.4124000E+01, 0.2727633E+03, 0.2426878E+02, 0.0000000E+00, 0.1050000E+03, 0.1434945E+03, 0.1050000E+03,
 0.4126000E+01, 0.2729105E+03, 0.2426487E+02, 0.0000000E+00, 0.1050000E+03, 0.1436457E+03, 0.1050000E+03,
 0.4128000E+01, 0.2730579E+03, 0.2426094E+02, 0.0000000E+00, 0.1050000E+03, 0.1437970E+03, 0.1050000E+03,
 0.4130000E+01, 0.2732055E+03, 0.2425702E+02, 0.0000000E+00, 0.1050000E+03, 0.1439484E+03, 0.1050000E+03,
 0.4132000E+01, 0.2733531E+03, 0.2425309E+02, 0.0000000E+00, 0.1050000E+03, 0.1441001E+03, 0.1050000E+03,
 0.4134000E+01, 0.2735010E+03, 0.2424916E+02, 0.0000000E+00, 0.1050000E+03, 0.1442518E+03, 0.1050000E+03,
 0.4136000E+01, 0.2736490E+03, 0.2424522E+02, 0.0000000E+00, 0.1050000E+03, 0.1444038E+03, 0.1050000E+03,
 0.4138000E+01, 0.2737971E+03, 0.2424128E+02, 0.0000000E+00, 0.1050000E+03, 0.1445559E+03, 0.1050000E+03,
 0.4140000E+01, 0.2739455E+03, 0.2423734E+02, 0.0000000E+00, 0.1050000E+03, 0.1447081E+03, 0.1050000E+03,
 0.4142000E+01, 0.2740939E+03, 0.2423340E+02, 0.0000000E+00, 0.1050000E+03, 0.1448605E+03, 0.1050000E+03,
 0.4144000E+01, 0.2742425E+03, 0.2422945E+02, 0.0000000E+00, 0.1050000E+03, 0.1450131E+03, 0.1050000E+03,
 0.4146000E+01, 0.2743913E+03, 0.2422549E+02, 0.0000000E+00, 0.1050000E+03, 0.1451658E+03, 0.1050000E+03,
 0.4148000E+01, 0.2745402E+03, 0.2422154E+02, 0.0000000E+00, 0.1050000E+03, 0.1453186E+03, 0.1050000E+03,
 0.4150000E+01, 0.2746893E+03, 0.2421758E+02, 0.0000000E+00, 0.1050000E+03, 0.1454717E+03, 0.1050000E+03,
 0.4152000E+01, 0.2748385E+03, 0.2421362E+02, 0.0000000E+00, 0.1050000E+03, 0.1456249E+03, 0.1050000E+03,
 0.4154000E+01, 0.2749879E+03, 0.2420965E+02, 0.0000000E+00, 0.1050000E+03, 0.1457782E+03, 0.1050000E+03,
 0.4156000E+01, 0.2751374E+03, 0.2420568E+02, 0.0000000E+00, 0.1050000E+03, 0.1459317E+03, 0.1050000E+03,
 0.4158000E+01, 0.2752870E+03, 0.2420171E+02, 0.0000000E+00, 0.1050000E+03, 0.1460853E+03, 0.1050000E+03,
 0.4160000E+01, 0.2754369E+03, 0.2419773E+02, 0.0000000E+00, 0.1050000E+03, 0.1462392E+03, 0.1050000E+03,
 0.4162000E+01, 0.2755869E+03, 0.2419375E+02, 0.0000000E+00, 0.1050000E+03, 0.1463931E+03, 0.1050000E+03,
 0.4164000E+01, 0.2757370E+03, 0.2418977E+02, 0.0000000E+00, 0.1050000E+03, 0.1465472E+03, 0.1050000E+03,
 0.4166000E+01, 0.2758873E+03, 0.2418579E+02, 0.0000000E+00, 0.1050000E+03, 0.1467015E+03, 0.1050000E+03,
 0.4168000E+01, 0.2760378E+03, 0.2418180E+02, 0.0000000E+00, 0.1050000E+03, 0.1468559E+03, 0.1050000E+03,
 0.4170000E+01, 0.2761884E+03, 0.2417780E+02, 0.0000000E+00, 0.1050000E+03, 0.1470105E+03, 0.1050000E+03,
 0.4172000E+01, 0.2763391E+03, 0.2417381E+02, 0.0000000E+00, 0.1050000E+03, 0.1471653E+03, 0.1050000E+03,
 0.4174000E+01, 0.2764900E+03, 0.2416981E+02, 0.0000000E+00, 0.1050000E+03, 0.1473202E+03, 0.1050000E+03,
 0.4176000E+01, 0.2766411E+03, 0.2416580E+02, 0.0000000E+00, 0.1050000E+03, 0.1474753E+03, 0.1050000E+03,
 0.4178000E+01, 0.2767923E+03, 0.2416179E+02, 0.0000000E+00, 0.1050000E+03, 0.1476305E+03, 0.1050000E+03,
 0.4180000E+01, 0.2769436E+03, 0.2415778E+02, 0.0000000E+00, 0.1050000E+03, 0.1477858E+03, 0.1050000E+03,
 0.4182000E+01, 0.2770951E+03, 0.2415377E+02, 0.0000000E+00, 0.1050000E+03, 0.1479414E+03, 0.1050000E+03,
 0.4184000E+01, 0.2772468E+03, 0.2414975E+02, 0.0000000E+00, 0.1050000E+03, 0.1480970E+03, 0.1050000E+03,
 0.4186000E+01, 0.2773986E+03, 0.2414573E+02, 0.0000000E+00, 0.1050000E+03, 0.1482529E+03, 0.1050000E+03,
 0.4188000E+01, 0.2775506E+03, 0.2414171E+02, 0.0000000E+00, 0.1050000E+03, 0.1484089E+03, 0.1050000E+03,
 0.4190000E+01, 0.2777027E+03, 0.2413768E+02, 0.0000000E+00, 0.1050000E+03, 0.1485650E+03, 0.1050000E+03,
 0.4192000E+01, 0.2778549E+03, 0.2413365E+02, 0.0000000E+00, 0.1050000E+03, 0.1487213E+03, 0.1050000E+03,
 0.4194000E+01, 0.2780074E+03, 0.2412961E+02, 0.0000000E+00, 0.1050000E+03, 0.1488777E+03, 0.1050000E+03,
 0.4196000E+01, 0.2781599E+03, 0.2412558E+02, 0.0000000E+00, 0.1050000E+03, 0.1490344E+03, 0.1050000E+03,
 0.4198000E+01, 0.2783127E+03, 0.2412154E+02, 0.0000000E+00, 0.1050000E+03, 0.1491911E+03, 0.1050000E+03,
 0.4200000E+01, 0.2784655E+03, 0.2411749E+02, 0.0000000E+00, 0.1050000E+03, 0.1493480E+03, 0.1050000E+03,
 0.4202000E+01, 0.2786185E+03, 0.2411344E+02, 0.0000000E+00, 0.1050000E+03, 0.1495051E+03, 0.1050000E+03,
 0.4204000E+01, 0.2787717E+03, 0.2410939E+02, 0.0000000E+00, 0.1050000E+03, 0.1496623E+03, 0.1050000E+03,
 0.4206000E+01, 0.2789250E+03, 0.2410534E+02, 0.0000000E+00, 0.1050000E+03, 0.1498197E+03, 0.1050000E+03,
 0.4208000E+01, 0.2790785E+03, 0.2410128E+02, 0.0000000E+00, 0.1050000E+03, 0.1499772E+03, 0.1050000E+03,
 0.4210000E+01, 0.2792321E+03, 0.2409722E+02, 0.0000000E+00, 0.1050000E+03, 0.1501349E+03, 0.1050000E+03,
 0.4212000E+01, 0.2793859E+03, 0.2409315E+02, 0.0000000E+00, 0.1050000E+03, 0.1502927E+03, 0.1050000E+03,
 0.4214000E+01, 0.2795398E+03, 0.2408908E+02, 0.0000000E+00, 0.1050000E+03, 0.1504507E+03, 0.1050000E+03,
 0.4216000E+01, 0.2796938E+03, 0.2408501E+02, 0.0000000E+00, 0.1050000E+03, 0.1506088E+03, 0.1050000E+03,
 0.4218000E+01, 0.2798481E+03, 0.2408094E+02, 0.0000000E+00, 0.1050000E+03, 0.1507671E+03, 0.1050000E+03,
 0.4220000E+01, 0.2800024E+03, 0.2407686E+02, 0.0000000E+00, 0.1050000E+03, 0.1509256E+03, 0.1050000E+03,
 0.4222000E+01, 0.2801570E+03, 0.2407277E+02, 0.0000000E+00, 0.1050000E+03, 0.1510842E+03, 0.1050000E+03,
 0.4224000E+01, 0.2803116E+03, 0.2406869E+02, 0.0000000E+00, 0.1050000E+03, 0.1512429E+03, 0.1050000E+03,
 0.4226000E+01, 0.2804664E+03, 0.2406460E+02, 0.0000000E+00, 0.1050000E+03, 0.1514018E+03, 0.1050000E+03,
 0.4228000E+01, 0.2806214E+03, 0.2406051E+02, 0.0000000E+00, 0.1050000E+03, 0.1515609E+03, 0.1050000E+03,
 0.4230000E+01, 0.2807765E+03, 0.2405641E+02, 0.0000000E+00, 0.1050000E+03, 0.1517201E+03, 0.1050000E+03,
 0.4232000E+01, 0.2809318E+03, 0.2405231E+02, 0.0000000E+00, 0.1050000E+03, 0.1518795E+03, 0.1050000E+03,
 0.4234000E+01, 0.2810872E+03, 0.2404821E+02, 0.0000000E+00, 0.1050000E+03, 0.1520390E+03, 0.1050000E+03,
 0.4236000E+01, 0.2812428E+03, 0.2404411E+02, 0.0000000E+00, 0.1050000E+03, 0.1521987E+03, 0.1050000E+03,
 0.4238000E+01, 0.2813985E+03, 0.2404000E+02, 0.0000000E+00, 0.1050000E+03, 0.1523585E+03, 0.1050000E+03,
 0.4240000E+01, 0.2815544E+03, 0.2403589E+02, 0.0000000E+00, 0.1050000E+03, 0.1525184E+03, 0.1050000E+03,
 0.4242000E+01, 0.2817104E+03, 0.2403177E+02, 0.0000000E+00, 0.1050000E+03, 0.1526786E+03, 0.1050000E+03,
 0.4244000E+01, 0.2818665E+03, 0.2402765E+02, 0.0000000E+00, 0.1050000E+03, 0.1528389E+03, 0.1050000E+03,
 0.4246000E+01, 0.2820228E+03, 0.2402353E+02, 0.0000000E+00, 0.1050000E+03, 0.1529993E+03, 0.1050000E+03,
 0.4248000E+01, 0.2821793E+03, 0.2401941E+02, 0.0000000E+00, 0.1050000E+03, 0.1531599E+03, 0.1050000E+03,
 0.4250000E+01, 0.2823359E+03, 0.2401528E+02, 0.0000000E+00, 0.1050000E+03, 0.1533206E+03, 0.1050000E+03,
 0.4252000E+01, 0.2824927E+03, 0.2401114E+02, 0.0000000E+00, 0.1050000E+03, 0.1534815E+03, 0.1050000E+03,
 0.4254000E+01, 0.2826496E+03, 0.2400701E+02, 0.0000000E+00, 0.1050000E+03, 0.1536426E+03, 0.1050000E+03,
 0.4256000E+01, 0.2828067E+03, 0.2400287E+02, 0.0000000E+00, 0.1050000E+03, 0.1538038E+03, 0.1050000E+03,
 0.4258000E+01, 0.2829639E+03, 0.2399873E+02, 0.0000000E+00, 0.1050000E+03, 0.1539652E+03, 0.1050000E+03,
 0.4260000E+01, 0.2831212E+03, 0.2399458E+02, 0.0000000E+00, 0.1050000E+03, 0.1541267E+03, 0.1050000E+03,
 0.4262000E+01, 0.2832788E+03, 0.2399043E+02, 0.0000000E+00, 0.1050000E+03, 0.1542883E+03, 0.1050000E+03,
 0.4264000E+01, 0.2834365E+03, 0.2398628E+02, 0.0000000E+00, 0.1050000E+03, 0.1544502E+03, 0.1050000E+03,
 0.4266000E+01, 0.2835943E+03, 0.2398212E+02, 0.0000000E+00, 0.1050000E+03, 0.1546122E+03, 0.1050000E+03,
 0.4268000E+01, 0.2837523E+03, 0.2397796E+02, 0.0000000E+00, 0.1050000E+03, 0.1547743E+03, 0.1050000E+03,
 0.4270000E+01, 0.2839104E+03, 0.2397380E+02, 0.0000000E+00, 0.1050000E+03, 0.1549366E+03, 0.1050000E+03,
 0.4272000E+01, 0.2840686E+03, 0.2396963E+02, 0.0000000E+00, 0.1050000E+03, 0.1550990E+03, 0.1050000E+03,
 0.4274000E+01, 0.2842271E+03, 0.2396546E+02, 0.0000000E+00, 0.1050000E+03, 0.1552616E+03, 0.1050000E+03,
 0.4276000E+01, 0.2843857E+03, 0.2396129E+02, 0.0000000E+00, 0.1050000E+03, 0.1554244E+03, 0.1050000E+03,
 0.4278000E+01, 0.2845444E+03, 0.2395712E+02, 0.0000000E+00, 0.1050000E+03, 0.1555873E+03, 0.1050000E+03,
 0.4280000E+01, 0.2847033E+03, 0.2395293E+02, 0.0000000E+00, 0.1050000E+03, 0.1557503E+03, 0.1050000E+03,
 0.4282000E+01, 0.2848623E+03, 0.2394875E+02, 0.0000000E+00, 0.1050000E+03, 0.1559135E+03, 0.1050000E+03,
 0.4284000E+01, 0.2850215E+03, 0.2394456E+02, 0.0000000E+00, 0.1050000E+03, 0.1560769E+03, 0.1050000E+03,
 0.4286000E+01, 0.2851808E+03, 0.2394038E+02, 0.0000000E+00, 0.1050000E+03, 0.1562404E+03, 0.1050000E+03,
 0.4288000E+01, 0.2853403E+03, 0.2393618E+02, 0.0000000E+00, 0.1050000E+03, 0.1564041E+03, 0.1050000E+03,
 0.4290000E+01, 0.2855000E+03, 0.2393199E+02, 0.0000000E+00, 0.1050000E+03, 0.1565680E+03, 0.1050000E+03,
 0.4292000E+01, 0.2856598E+03, 0.2392779E+02, 0.0000000E+00, 0.1050000E+03, 0.1567320E+03, 0.1050000E+03,
 0.4294000E+01, 0.2858197E+03, 0.2392358E+02, 0.0000000E+00, 0.1050000E+03, 0.1568961E+03, 0.1050000E+03,
 0.4296000E+01, 0.2859798E+03, 0.2391937E+02, 0.0000000E+00, 0.1050000E+03, 0.1570604E+03, 0.1050000E+03,
 0.4298000E+01, 0.2861400E+03, 0.2391516E+02, 0.0000000E+00, 0.1050000E+03, 0.1572249E+03, 0.1050000E+03,
 0.4300000E+01, 0.2863004E+03, 0.2391095E+02, 0.0000000E+00, 0.1050000E+03, 0.1573895E+03, 0.1050000E+03,
 0.4302000E+01, 0.2864610E+03, 0.2390673E+02, 0.0000000E+00, 0.1050000E+03, 0.1575543E+03, 0.1050000E+03,
 0.4304000E+01, 0.2866217E+03, 0.2390251E+02, 0.0000000E+00, 0.1050000E+03, 0.1577192E+03, 0.1050000E+03,
 0.4306000E+01, 0.2867826E+03, 0.2389829E+02, 0.0000000E+00, 0.1050000E+03, 0.1578843E+03, 0.1050000E+03,
 0.4308000E+01, 0.2869436E+03, 0.2389406E+02, 0.0000000E+00, 0.1050000E+03, 0.1580495E+03, 0.1050000E+03,
 0.4310000E+01, 0.2871047E+03, 0.2388983E+02, 0.0000000E+00, 0.1050000E+03, 0.1582149E+03, 0.1050000E+03,
 0.4312000E+01, 0.2872661E+03, 0.2388560E+02, 0.0000000E+00, 0.1050000E+03, 0.1583804E+03, 0.1050000E+03,
 0.4314000E+01, 0.2874275E+03, 0.2388136E+02, 0.0000000E+00, 0.1050000E+03, 0.1585462E+03, 0.1050000E+03,
 0.4316000E+01, 0.2875891E+03, 0.2387712E+02, 0.0000000E+00, 0.1050000E+03, 0.1587120E+03, 0.1050000E+03,
 0.4318000E+01, 0.2877509E+03, 0.2387287E+02, 0.0000000E+00, 0.1050000E+03, 0.1588780E+03, 0.1050000E+03,
 0.4320000E+01, 0.2879128E+03, 0.2386862E+02, 0.0000000E+00, 0.1050000E+03, 0.1590442E+03, 0.1050000E+03,
 0.4322000E+01, 0.2880749E+03, 0.2386437E+02, 0.0000000E+00, 0.1050000E+03, 0.1592105E+03, 0.1050000E+03,
 0.4324000E+01, 0.2882371E+03, 0.2386012E+02, 0.0000000E+00, 0.1050000E+03, 0.1593770E+03, 0.1050000E+03,
 0.4326000E+01, 0.2883995E+03, 0.2385586E+02, 0.0000000E+00, 0.1050000E+03, 0.1595436E+03, 0.1050000E+03,
 0.4328000E+01, 0.2885620E+03, 0.2385160E+02, 0.0000000E+00, 0.1050000E+03, 0.1597104E+03, 0.1050000E+03,
 0.4330000E+01, 0.2887247E+03, 0.2384733E+02, 0.0000000E+00, 0.1050000E+03, 0.1598774E+03, 0.1050000E+03,
 0.4332000E+01, 0.2888875E+03, 0.2384306E+02, 0.0000000E+00, 0.1050000E+03, 0.1600444E+03, 0.1050000E+03,
 0.4334000E+01, 0.2890505E+03, 0.2383879E+02, 0.0000000E+00, 0.1050000E+03, 0.1602117E+03, 0.1050000E+03,
 0.4336000E+01, 0.2892136E+03, 0.2383451E+02, 0.0000000E+00, 0.1050000E+03, 0.1603791E+03, 0.1050000E+03,
 0.4338000E+01, 0.2893769E+03, 0.2383023E+02, 0.0000000E+00, 0.1050000E+03, 0.1605467E+03, 0.1050000E+03,
 0.4340000E+01, 0.2895403E+03, 0.2382595E+02, 0.0000000E+00, 0.1050000E+03, 0.1607144E+03, 0.1050000E+03,
 0.4342000E+01, 0.2897039E+03, 0.2382167E+02, 0.0000000E+00, 0.1050000E+03, 0.1608823E+03, 0.1050000E+03,
 0.4344000E+01, 0.2898676E+03, 0.2381738E+02, 0.0000000E+00, 0.1050000E+03, 0.1610503E+03, 0.1050000E+03,
 0.4346000E+01, 0.2900316E+03, 0.2381309E+02, 0.0000000E+00, 0.1050000E+03, 0.1612185E+03, 0.1050000E+03,
 0.4348000E+01, 0.2901956E+03, 0.2380879E+02, 0.0000000E+00, 0.1050000E+03, 0.1613868E+03, 0.1050000E+03,
 0.4350000E+01, 0.2903598E+03, 0.2380449E+02, 0.0000000E+00, 0.1050000E+03, 0.1615553E+03, 0.1050000E+03,
 0.4352000E+01, 0.2905241E+03, 0.2380019E+02, 0.0000000E+00, 0.1050000E+03, 0.1617239E+03, 0.1050000E+03,
 0.4354000E+01, 0.2906886E+03, 0.2379588E+02, 0.0000000E+00, 0.1050000E+03, 0.1618927E+03, 0.1050000E+03,
 0.4356000E+01, 0.2908532E+03, 0.2379157E+02, 0.0000000E+00, 0.1050000E+03, 0.1620617E+03, 0.1050000E+03,
 0.4358000E+01, 0.2910180E+03, 0.2378726E+02, 0.0000000E+00, 0.1050000E+03, 0.1622308E+03, 0.1050000E+03,
 0.4360000E+01, 0.2911830E+03, 0.2378294E+02, 0.0000000E+00, 0.1050000E+03, 0.1624000E+03, 0.1050000E+03,
 0.4362000E+01, 0.2913481E+03, 0.2377862E+02, 0.0000000E+00, 0.1050000E+03, 0.1625694E+03, 0.1050000E+03,
 0.4364000E+01, 0.2915133E+03, 0.2377430E+02, 0.0000000E+00, 0.1050000E+03, 0.1627390E+03, 0.1050000E+03,
 0.4366000E+01, 0.2916787E+03, 0.2376997E+02, 0.0000000E+00, 0.1050000E+03, 0.1629087E+03, 0.1050000E+03,
 0.4368000E+01, 0.2918442E+03, 0.2376564E+02, 0.0000000E+00, 0.1050000E+03, 0.1630786E+03, 0.1050000E+03,
 0.4370000E+01, 0.2920099E+03, 0.2376131E+02, 0.0000000E+00, 0.1050000E+03, 0.1632486E+03, 0.1050000E+03,
 0.4372000E+01, 0.2921758E+03, 0.2375697E+02, 0.0000000E+00, 0.1050000E+03, 0.1634188E+03, 0.1050000E+03,
 0.4374000E+01, 0.2923418E+03, 0.2375263E+02, 0.0000000E+00, 0.1050000E+03, 0.1635891E+03, 0.1050000E+03,
 0.4376000E+01, 0.2925079E+03, 0.2374829E+02, 0.0000000E+00, 0.1050000E+03, 0.1637596E+03, 0.1050000E+03,
 0.4378000E+01, 0.2926742E+03, 0.2374394E+02, 0.0000000E+00, 0.1050000E+03, 0.1639303E+03, 0.1050000E+03,
 0.4380000E+01, 0.2928407E+03, 0.2373959E+02, 0.0000000E+00, 0.1050000E+03, 0.1641011E+03, 0.1050000E+03,
 0.4382000E+01, 0.2930073E+03, 0.2373524E+02, 0.0000000E+00, 0.1050000E+03, 0.1642720E+03, 0.1050000E+03,
 0.4384000E+01, 0.2931740E+03, 0.2373088E+02, 0.0000000E+00, 0.1050000E+03, 0.1644431E+03, 0.1050000E+03,
 0.4386000E+01, 0.2933409E+03, 0.2372652E+02, 0.0000000E+00, 0.1050000E+03, 0.1646144E+03, 0.1050000E+03,
 0.4388000E+01, 0.2935079E+03, 0.2372215E+02, 0.0000000E+00, 0.1050000E+03, 0.1647858E+03, 0.1050000E+03,
 0.4390000E+01, 0.2936751E+03, 0.2371779E+02, 0.0000000E+00, 0.1050000E+03, 0.1649574E+03, 0.1050000E+03,
 0.4392000E+01, 0.2938425E+03, 0.2371342E+02, 0.0000000E+00, 0.1050000E+03, 0.1651291E+03, 0.1050000E+03,
 0.4394000E+01, 0.2940100E+03, 0.2370904E+02, 0.0000000E+00, 0.1050000E+03, 0.1653009E+03, 0.1050000E+03,
 0.4396000E+01, 0.2941776E+03, 0.2370466E+02, 0.0000000E+00, 0.1050000E+03, 0.1654730E+03, 0.1050000E+03,
 0.4398000E+01, 0.2943454E+03, 0.2370028E+02, 0.0000000E+00, 0.1050000E+03, 0.1656452E+03, 0.1050000E+03,
 0.4400000E+01, 0.2945134E+03, 0.2369590E+02, 0.0000000E+00, 0.1050000E+03, 0.1658175E+03, 0.1050000E+03,
 0.4402000E+01, 0.2946815E+03, 0.2369151E+02, 0.0000000E+00, 0.1050000E+03, 0.1659900E+03, 0.1050000E+03,
 0.4404000E+01, 0.2948497E+03, 0.2368712E+02, 0.0000000E+00, 0.1050000E+03, 0.1661626E+03, 0.1050000E+03,
 0.4406000E+01, 0.2950181E+03, 0.2368273E+02, 0.0000000E+00, 0.1050000E+03, 0.1663354E+03, 0.1050000E+03,
 0.4408000E+01, 0.2951867E+03, 0.2367833E+02, 0.0000000E+00, 0.1050000E+03, 0.1665084E+03, 0.1050000E+03,
 0.4410000E+01, 0.2953554E+03, 0.2367393E+02, 0.0000000E+00, 0.1050000E+03, 0.1666815E+03, 0.1050000E+03,
 0.4412000E+01, 0.2955243E+03, 0.2366952E+02, 0.0000000E+00, 0.1050000E+03, 0.1668547E+03, 0.1050000E+03,
 0.4414000E+01, 0.2956932E+03, 0.2366511E+02, 0.0000000E+00, 0.1050000E+03, 0.1670281E+03, 0.1050000E+03,
 0.4416000E+01, 0.2958624E+03, 0.2366070E+02, 0.0000000E+00, 0.1050000E+03, 0.1672017E+03, 0.1050000E+03,
 0.4418000E+01, 0.2960317E+03, 0.2365629E+02, 0.0000000E+00, 0.1050000E+03, 0.1673754E+03, 0.1050000E+03,
 0.4420000E+01, 0.2962012E+03, 0.2365187E+02, 0.0000000E+00, 0.1050000E+03, 0.1675493E+03, 0.1050000E+03,
 0.4422000E+01, 0.2963708E+03, 0.2364745E+02, 0.0000000E+00, 0.1050000E+03, 0.1677233E+03, 0.1050000E+03,
 0.4424000E+01, 0.2965405E+03, 0.2364302E+02, 0.0000000E+00, 0.1050000E+03, 0.1678975E+03, 0.1050000E+03,
 0.4426000E+01, 0.2967104E+03, 0.2363860E+02, 0.0000000E+00, 0.1050000E+03, 0.1680718E+03, 0.1050000E+03,
 0.4428000E+01, 0.2968805E+03, 0.2363416E+02, 0.0000000E+00, 0.1050000E+03, 0.1682463E+03, 0.1050000E+03,
 0.4430000E+01, 0.2970507E+03, 0.2362973E+02, 0.0000000E+00, 0.1050000E+03, 0.1684210E+03, 0.1050000E+03,
 0.4432000E+01, 0.2972210E+03, 0.2362529E+02, 0.0000000E+00, 0.1050000E+03, 0.1685957E+03, 0.1050000E+03,
 0.4434000E+01, 0.2973915E+03, 0.2362085E+02, 0.0000000E+00, 0.1050000E+03, 0.1687707E+03, 0.1050000E+03,
 0.4436000E+01, 0.2975622E+03, 0.2361641E+02, 0.0000000E+00, 0.1050000E+03, 0.1689458E+03, 0.1050000E+03,
 0.4438000E+01, 0.2977330E+03, 0.2361196E+02, 0.0000000E+00, 0.1050000E+03, 0.1691211E+03, 0.1050000E+03,
 0.4440000E+01, 0.2979040E+03, 0.2360751E+02, 0.0000000E+00, 0.1050000E+03, 0.1692965E+03, 0.1050000E+03,
 0.4442000E+01, 0.2980751E+03, 0.2360305E+02, 0.0000000E+00, 0.1050000E+03, 0.1694720E+03, 0.1050000E+03,
 0.4444000E+01, 0.2982463E+03, 0.2359859E+02, 0.0000000E+00, 0.1050000E+03, 0.1696478E+03, 0.1050000E+03,
 0.4446000E+01, 0.2984178E+03, 0.2359413E+02, 0.0000000E+00, 0.1050000E+03, 0.1698236E+03, 0.1050000E+03,
 0.4448000E+01, 0.2985893E+03, 0.2358967E+02, 0.0000000E+00, 0.1050000E+03, 0.1699996E+03, 0.1050000E+03,
 0.4450000E+01, 0.2987610E+03, 0.2358520E+02, 0.0000000E+00, 0.1050000E+03, 0.1701758E+03, 0.1050000E+03,
 0.4452000E+01, 0.2989329E+03, 0.2358073E+02, 0.0000000E+00, 0.1050000E+03, 0.1703522E+03, 0.1050000E+03,
 0.4454000E+01, 0.2991049E+03, 0.2357625E+02, 0.0000000E+00, 0.1050000E+03, 0.1705287E+03, 0.1050000E+03,
 0.4456000E+01, 0.2992771E+03, 0.2357177E+02, 0.0000000E+00, 0.1050000E+03, 0.1707053E+03, 0.1050000E+03,
 0.4458000E+01, 0.2994494E+03, 0.2356729E+02, 0.0000000E+00, 0.1050000E+03, 0.1708821E+03, 0.1050000E+03,
 0.4460000E+01, 0.2996219E+03, 0.2356281E+02, 0.0000000E+00, 0.1050000E+03, 0.1710591E+03, 0.1050000E+03,
 0.4462000E+01, 0.2997945E+03, 0.2355832E+02, 0.0000000E+00, 0.1050000E+03, 0.1712361E+03, 0.1050000E+03,
 0.4464000E+01, 0.2999672E+03, 0.2355383E+02, 0.0000000E+00, 0.1050000E+03, 0.1714134E+03, 0.1050000E+03,
 0.4466000E+01, 0.3001401E+03, 0.2354933E+02, 0.0000000E+00, 0.1050000E+03, 0.1715908E+03, 0.1050000E+03,
 0.4468000E+01, 0.3003132E+03, 0.2354483E+02, 0.0000000E+00, 0.1050000E+03, 0.1717684E+03, 0.1050000E+03,
 0.4470000E+01, 0.3004864E+03, 0.2354033E+02, 0.0000000E+00, 0.1050000E+03, 0.1719461E+03, 0.1050000E+03,
 0.4472000E+01, 0.3006598E+03, 0.2353583E+02, 0.0000000E+00, 0.1050000E+03, 0.1721240E+03, 0.1050000E+03,
 0.4474000E+01, 0.3008333E+03, 0.2353132E+02, 0.0000000E+00, 0.1050000E+03, 0.1723020E+03, 0.1050000E+03,
 0.4476000E+01, 0.3010070E+03, 0.2352681E+02, 0.0000000E+00, 0.1050000E+03, 0.1724802E+03, 0.1050000E+03,
 0.4478000E+01, 0.3011808E+03, 0.2352229E+02, 0.0000000E+00, 0.1050000E+03, 0.1726585E+03, 0.1050000E+03,
 0.4480000E+01, 0.3013547E+03, 0.2351777E+02, 0.0000000E+00, 0.1050000E+03, 0.1728370E+03, 0.1050000E+03,
 0.4482000E+01, 0.3015288E+03, 0.2351325E+02, 0.0000000E+00, 0.1050000E+03, 0.1730156E+03, 0.1050000E+03,
 0.4484000E+01, 0.3017031E+03, 0.2350873E+02, 0.0000000E+00, 0.1050000E+03, 0.1731944E+03, 0.1050000E+03,
 0.4486000E+01, 0.3018775E+03, 0.2350420E+02, 0.0000000E+00, 0.1050000E+03, 0.1733733E+03, 0.1050000E+03,
 0.4488000E+01, 0.3020521E+03, 0.2349967E+02, 0.0000000E+00, 0.1050000E+03, 0.1735524E+03, 0.1050000E+03,
 0.4490000E+01, 0.3022268E+03, 0.2349513E+02, 0.0000000E+00, 0.1050000E+03, 0.1737317E+03, 0.1050000E+03,
 0.4492000E+01, 0.3024016E+03, 0.2349059E+02, 0.0000000E+00, 0.1050000E+03, 0.1739111E+03, 0.1050000E+03,
 0.4494000E+01, 0.3025767E+03, 0.2348605E+02, 0.0000000E+00, 0.1050000E+03, 0.1740906E+03, 0.1050000E+03,
 0.4496000E+01, 0.3027518E+03, 0.2348151E+02, 0.0000000E+00, 0.1050000E+03, 0.1742703E+03, 0.1050000E+03,
 0.4498000E+01, 0.3029271E+03, 0.2347696E+02, 0.0000000E+00, 0.1050000E+03, 0.1744502E+03, 0.1050000E+03,
 0.4500000E+01, 0.3031026E+03, 0.2347241E+02, 0.0000000E+00, 0.1050000E+03, 0.1746302E+03, 0.1050000E+03,
 0.4502000E+01, 0.3032782E+03, 0.2346785E+02, 0.0000000E+00, 0.1050000E+03, 0.1748103E+03, 0.1050000E+03,
 0.4504000E+01, 0.3034539E+03, 0.2346329E+02, 0.0000000E+00, 0.1050000E+03, 0.1749906E+03, 0.1050000E+03,
 0.4506000E+01, 0.3036299E+03, 0.2345873E+02, 0.0000000E+00, 0.1050000E+03, 0.1751711E+03, 0.1050000E+03,
 0.4508000E+01, 0.3038059E+03, 0.2345417E+02, 0.0000000E+00, 0.1050000E+03, 0.1753517E+03, 0.1050000E+03,
 0.4510000E+01, 0.3039821E+03, 0.2344960E+02, 0.0000000E+00, 0.1050000E+03, 0.1755325E+03, 0.1050000E+03,
 0.4512000E+01, 0.3041584E+03, 0.2344503E+02, 0.0000000E+00, 0.1050000E+03, 0.1757134E+03, 0.1050000E+03,
 0.4514000E+01, 0.3043350E+03, 0.2344045E+02, 0.0000000E+00, 0.1050000E+03, 0.1758945E+03, 0.1050000E+03,
 0.4516000E+01, 0.3045116E+03, 0.2343588E+02, 0.0000000E+00, 0.1050000E+03, 0.1760757E+03, 0.1050000E+03,
 0.4518000E+01, 0.3046884E+03, 0.2343130E+02, 0.0000000E+00, 0.1050000E+03, 0.1762571E+03, 0.1050000E+03,
 0.4520000E+01, 0.3048653E+03, 0.2342671E+02, 0.0000000E+00, 0.1050000E+03, 0.1764386E+03, 0.1050000E+03,
 0.4522000E+01, 0.3050424E+03, 0.2342212E+02, 0.0000000E+00, 0.1050000E+03, 0.1766203E+03, 0.1050000E+03,
 0.4524000E+01, 0.3052197E+03, 0.2341753E+02, 0.0000000E+00, 0.1050000E+03, 0.1768021E+03, 0.1050000E+03,
 0.4526000E+01, 0.3053971E+03, 0.2341294E+02, 0.0000000E+00, 0.1050000E+03, 0.1769841E+03, 0.1050000E+03,
 0.4528000E+01, 0.3055746E+03, 0.2340834E+02, 0.0000000E+00, 0.1050000E+03, 0.1771663E+03, 0.1050000E+03,
 0.4530000E+01, 0.3057523E+03, 0.2340374E+02, 0.0000000E+00, 0.1050000E+03, 0.1773485E+03, 0.1050000E+03,
 0.4532000E+01, 0.3059301E+03, 0.2339914E+02, 0.0000000E+00, 0.1050000E+03, 0.1775310E+03, 0.1050000E+03,
 0.4534000E+01, 0.3061081E+03, 0.2339453E+02, 0.0000000E+00, 0.1050000E+03, 0.1777136E+03, 0.1050000E+03,
 0.4536000E+01, 0.3062862E+03, 0.2338992E+02, 0.0000000E+00, 0.1050000E+03, 0.1778963E+03, 0.1050000E+03,
 0.4538000E+01, 0.3064645E+03, 0.2338530E+02, 0.0000000E+00, 0.1050000E+03, 0.1780792E+03, 0.1050000E+03,
 0.4540000E+01, 0.3066429E+03, 0.2338069E+02, 0.0000000E+00, 0.1050000E+03, 0.1782623E+03, 0.1050000E+03,
 0.4542000E+01, 0.3068215E+03, 0.2337606E+02, 0.0000000E+00, 0.1050000E+03, 0.1784454E+03, 0.1050000E+03,
 0.4544000E+01, 0.3070002E+03, 0.2337144E+02, 0.0000000E+00, 0.1050000E+03, 0.1786288E+03, 0.1050000E+03,
 0.4546000E+01, 0.3071791E+03, 0.2336681E+02, 0.0000000E+00, 0.1050000E+03, 0.1788123E+03, 0.1050000E+03,
 0.4548000E+01, 0.3073581E+03, 0.2336218E+02, 0.0000000E+00, 0.1050000E+03, 0.1789959E+03, 0.1050000E+03,
 0.4550000E+01, 0.3075373E+03, 0.2335755E+02, 0.0000000E+00, 0.1050000E+03, 0.1791797E+03, 0.1050000E+03,
 0.4552000E+01, 0.3077166E+03, 0.2335291E+02, 0.0000000E+00, 0.1050000E+03, 0.1793637E+03, 0.1050000E+03,
 0.4554000E+01, 0.3078961E+03, 0.2334827E+02, 0.0000000E+00, 0.1050000E+03, 0.1795478E+03, 0.1050000E+03,
 0.4556000E+01, 0.3080757E+03, 0.2334363E+02, 0.0000000E+00, 0.1050000E+03, 0.1797321E+03, 0.1050000E+03,
 0.4558000E+01, 0.3082554E+03, 0.2333898E+02, 0.0000000E+00, 0.1050000E+03, 0.1799165E+03, 0.1050000E+03,
 0.4560000E+01, 0.3084354E+03, 0.2333433E+02, 0.0000000E+00, 0.1050000E+03, 0.1801010E+03, 0.1050000E+03,
 0.4562000E+01, 0.3086154E+03, 0.2332968E+02, 0.0000000E+00, 0.1050000E+03, 0.1802857E+03, 0.1050000E+03,
 0.4564000E+01, 0.3087956E+03, 0.2332502E+02, 0.0000000E+00, 0.1050000E+03, 0.1804706E+03, 0.1050000E+03,
 0.4566000E+01, 0.3089760E+03, 0.2332036E+02, 0.0000000E+00, 0.1050000E+03, 0.1806556E+03, 0.1050000E+03,
 0.4568000E+01, 0.3091565E+03, 0.2331570E+02, 0.0000000E+00, 0.1050000E+03, 0.1808408E+03, 0.1050000E+03,
 0.4570000E+01, 0.3093371E+03, 0.2331103E+02, 0.0000000E+00, 0.1050000E+03, 0.1810261E+03, 0.1050000E+03,
 0.4572000E+01, 0.3095179E+03, 0.2330636E+02, 0.0000000E+00, 0.1050000E+03, 0.1812115E+03, 0.1050000E+03,
 0.4574000E+01, 0.3096988E+03, 0.2330169E+02, 0.0000000E+00, 0.1050000E+03, 0.1813971E+03, 0.1050000E+03,
 0.4576000E+01, 0.3098799E+03, 0.2329701E+02, 0.0000000E+00, 0.1050000E+03, 0.1815829E+03, 0.1050000E+03,
 0.4578000E+01, 0.3100612E+03, 0.2329233E+02, 0.0000000E+00, 0.1050000E+03, 0.1817688E+03, 0.1050000E+03,
 0.4580000E+01, 0.3102426E+03, 0.2328765E+02, 0.0000000E+00, 0.1050000E+03, 0.1819549E+03, 0.1050000E+03,
 0.4582000E+01, 0.3104241E+03, 0.2328296E+02, 0.0000000E+00, 0.1050000E+03, 0.1821411E+03, 0.1050000E+03,
 0.4584000E+01, 0.3106057E+03, 0.2327827E+02, 0.0000000E+00, 0.1050000E+03, 0.1823275E+03, 0.1050000E+03,
 0.4586000E+01, 0.3107876E+03, 0.2327358E+02, 0.0000000E+00, 0.1050000E+03, 0.1825140E+03, 0.1050000E+03,
 0.4588000E+01, 0.3109695E+03, 0.2326888E+02, 0.0000000E+00, 0.1050000E+03, 0.1827007E+03, 0.1050000E+03,
 0.4590000E+01, 0.3111517E+03, 0.2326419E+02, 0.0000000E+00, 0.1050000E+03, 0.1828875E+03, 0.1050000E+03,
 0.4592000E+01, 0.3113339E+03, 0.2325948E+02, 0.0000000E+00, 0.1050000E+03, 0.1830744E+03, 0.1050000E+03,
 0.4594000E+01, 0.3115163E+03, 0.2325478E+02, 0.0000000E+00, 0.1050000E+03, 0.1832616E+03, 0.1050000E+03,
 0.4596000E+01, 0.3116989E+03, 0.2325007E+02, 0.0000000E+00, 0.1050000E+03, 0.1834488E+03, 0.1050000E+03,
 0.4598000E+01, 0.3118816E+03, 0.2324536E+02, 0.0000000E+00, 0.1050000E+03, 0.1836362E+03, 0.1050000E+03,
 0.4600000E+01, 0.3120645E+03, 0.2324064E+02, 0.0000000E+00, 0.1050000E+03, 0.1838238E+03, 0.1050000E+03,
 0.4602000E+01, 0.3122475E+03, 0.2323592E+02, 0.0000000E+00, 0.1050000E+03, 0.1840115E+03, 0.1050000E+03,
 0.4604000E+01, 0.3124306E+03, 0.2323120E+02, 0.0000000E+00, 0.1050000E+03, 0.1841994E+03, 0.1050000E+03,
 0.4606000E+01, 0.3126139E+03, 0.2322648E+02, 0.0000000E+00, 0.1050000E+03, 0.1843874E+03, 0.1050000E+03,
 0.4608000E+01, 0.3127973E+03, 0.2322175E+02, 0.0000000E+00, 0.1050000E+03, 0.1845756E+03, 0.1050000E+03,
 0.4610000E+01, 0.3129809E+03, 0.2321702E+02, 0.0000000E+00, 0.1050000E+03, 0.1847639E+03, 0.1050000E+03,
 0.4612000E+01, 0.3131646E+03, 0.2321228E+02, 0.0000000E+00, 0.1050000E+03, 0.1849524E+03, 0.1050000E+03,
 0.4614000E+01, 0.3133485E+03, 0.2320755E+02, 0.0000000E+00, 0.1050000E+03, 0.1851410E+03, 0.1050000E+03,
 0.4616000E+01, 0.3135326E+03, 0.2320281E+02, 0.0000000E+00, 0.1050000E+03, 0.1853297E+03, 0.1050000E+03,
 0.4618000E+01, 0.3137167E+03, 0.2319806E+02, 0.0000000E+00, 0.1050000E+03, 0.1855187E+03, 0.1050000E+03,
 0.4620000E+01, 0.3139010E+03, 0.2319331E+02, 0.0000000E+00, 0.1050000E+03, 0.1857077E+03, 0.1050000E+03,
 0.4622000E+01, 0.3140855E+03, 0.2318856E+02, 0.0000000E+00, 0.1050000E+03, 0.1858969E+03, 0.1050000E+03,
 0.4624000E+01, 0.3142701E+03, 0.2318381E+02, 0.0000000E+00, 0.1050000E+03, 0.1860863E+03, 0.1050000E+03,
 0.4626000E+01, 0.3144549E+03, 0.2317905E+02, 0.0000000E+00, 0.1050000E+03, 0.1862758E+03, 0.1050000E+03,
 0.4628000E+01, 0.3146398E+03, 0.2317429E+02, 0.0000000E+00, 0.1050000E+03, 0.1864655E+03, 0.1050000E+03,
 0.4630000E+01, 0.3148248E+03, 0.2316953E+02, 0.0000000E+00, 0.1050000E+03, 0.1866553E+03, 0.1050000E+03,
 0.4632000E+01, 0.3150100E+03, 0.2316476E+02, 0.0000000E+00, 0.1050000E+03, 0.1868452E+03, 0.1050000E+03,
 0.4634000E+01, 0.3151953E+03, 0.2315999E+02, 0.0000000E+00, 0.1050000E+03, 0.1870353E+03, 0.1050000E+03,
 0.4636000E+01, 0.3153808E+03, 0.2315522E+02, 0.0000000E+00, 0.1050000E+03, 0.1872256E+03, 0.1050000E+03,
 0.4638000E+01, 0.3155664E+03, 0.2315045E+02, 0.0000000E+00, 0.1050000E+03, 0.1874160E+03, 0.1050000E+03,
 0.4640000E+01, 0.3157522E+03, 0.2314567E+02, 0.0000000E+00, 0.1050000E+03, 0.1876066E+03, 0.1050000E+03,
 0.4642000E+01, 0.3159381E+03, 0.2314088E+02, 0.0000000E+00, 0.1050000E+03, 0.1877972E+03, 0.1050000E+03,
 0.4644000E+01, 0.3161242E+03, 0.2313610E+02, 0.0000000E+00, 0.1050000E+03, 0.1879881E+03, 0.1050000E+03,
 0.4646000E+01, 0.3163104E+03, 0.2313131E+02, 0.0000000E+00, 0.1050000E+03, 0.1881791E+03, 0.1050000E+03,
 0.4648000E+01, 0.3164968E+03, 0.2312652E+02, 0.0000000E+00, 0.1050000E+03, 0.1883702E+03, 0.1050000E+03,
 0.4650000E+01, 0.3166833E+03, 0.2312172E+02, 0.0000000E+00, 0.1050000E+03, 0.1885615E+03, 0.1050000E+03,
 0.4652000E+01, 0.3168699E+03, 0.2311693E+02, 0.0000000E+00, 0.1050000E+03, 0.1887530E+03, 0.1050000E+03,
 0.4654000E+01, 0.3170567E+03, 0.2311212E+02, 0.0000000E+00, 0.1050000E+03, 0.1889446E+03, 0.1050000E+03,
 0.4656000E+01, 0.3172436E+03, 0.2310732E+02, 0.0000000E+00, 0.1050000E+03, 0.1891363E+03, 0.1050000E+03,
 0.4658000E+01, 0.3174307E+03, 0.2310251E+02, 0.0000000E+00, 0.1050000E+03, 0.1893282E+03, 0.1050000E+03,
 0.4660000E+01, 0.3176179E+03, 0.2309770E+02, 0.0000000E+00, 0.1050000E+03, 0.1895202E+03, 0.1050000E+03,
 0.4662000E+01, 0.3178053E+03, 0.2309289E+02, 0.0000000E+00, 0.1050000E+03, 0.1897124E+03, 0.1050000E+03,
 0.4664000E+01, 0.3179928E+03, 0.2308807E+02, 0.0000000E+00, 0.1050000E+03, 0.1899047E+03, 0.1050000E+03,
 0.4666000E+01, 0.3181805E+03, 0.2308325E+02, 0.0000000E+00, 0.1050000E+03, 0.1900972E+03, 0.1050000E+03,
 0.4668000E+01, 0.3183683E+03, 0.2307843E+02, 0.0000000E+00, 0.1050000E+03, 0.1902898E+03, 0.1050000E+03,
 0.4670000E+01, 0.3185562E+03, 0.2307360E+02, 0.0000000E+00, 0.1050000E+03, 0.1904826E+03, 0.1050000E+03,
 0.4672000E+01, 0.3187443E+03, 0.2306877E+02, 0.0000000E+00, 0.1050000E+03, 0.1906755E+03, 0.1050000E+03,
 0.4674000E+01, 0.3189325E+03, 0.2306394E+02, 0.0000000E+00, 0.1050000E+03, 0.1908686E+03, 0.1050000E+03,
 0.4676000E+01, 0.3191209E+03, 0.2305910E+02, 0.0000000E+00, 0.1050000E+03, 0.1910618E+03, 0.1050000E+03,
 0.4678000E+01, 0.3193094E+03, 0.2305426E+02, 0.0000000E+00, 0.1050000E+03, 0.1912552E+03, 0.1050000E+03,
 0.4680000E+01, 0.3194981E+03, 0.2304942E+02, 0.0000000E+00, 0.1050000E+03, 0.1914487E+03, 0.1050000E+03,
 0.4682000E+01, 0.3196869E+03, 0.2304458E+02, 0.0000000E+00, 0.1050000E+03, 0.1916423E+03, 0.1050000E+03,
 0.4684000E+01, 0.3198759E+03, 0.2303973E+02, 0.0000000E+00, 0.1050000E+03, 0.1918361E+03, 0.1050000E+03,
 0.4686000E+01, 0.3200649E+03, 0.2303488E+02, 0.0000000E+00, 0.1050000E+03, 0.1920301E+03, 0.1050000E+03,
 0.4688000E+01, 0.3202542E+03, 0.2303002E+02, 0.0000000E+00, 0.1050000E+03, 0.1922242E+03, 0.1050000E+03,
 0.4690000E+01, 0.3204436E+03, 0.2302517E+02, 0.0000000E+00, 0.1050000E+03, 0.1924184E+03, 0.1050000E+03,
 0.4692000E+01, 0.3206331E+03, 0.2302031E+02, 0.0000000E+00, 0.1050000E+03, 0.1926128E+03, 0.1050000E+03,
 0.4694000E+01, 0.3208228E+03, 0.2301544E+02, 0.0000000E+00, 0.1050000E+03, 0.1928073E+03, 0.1050000E+03,
 0.4696000E+01, 0.3210126E+03, 0.2301058E+02, 0.0000000E+00, 0.1050000E+03, 0.1930020E+03, 0.1050000E+03,
 0.4698000E+01, 0.3212025E+03, 0.2300571E+02, 0.0000000E+00, 0.1050000E+03, 0.1931968E+03, 0.1050000E+03,
 0.4700000E+01, 0.3213926E+03, 0.2300083E+02, 0.0000000E+00, 0.1050000E+03, 0.1933918E+03, 0.1050000E+03,
 0.4702000E+01, 0.3215829E+03, 0.2299596E+02, 0.0000000E+00, 0.1050000E+03, 0.1935869E+03, 0.1050000E+03,
 0.4704000E+01, 0.3217733E+03, 0.2299108E+02, 0.0000000E+00, 0.1050000E+03, 0.1937822E+03, 0.1050000E+03,
 0.4706000E+01, 0.3219638E+03, 0.2298620E+02, 0.0000000E+00, 0.1050000E+03, 0.1939776E+03, 0.1050000E+03,
 0.4708000E+01, 0.3221544E+03, 0.2298131E+02, 0.0000000E+00, 0.1050000E+03, 0.1941731E+03, 0.1050000E+03,
 0.4710000E+01, 0.3223453E+03, 0.2297642E+02, 0.0000000E+00, 0.1050000E+03, 0.1943689E+03, 0.1050000E+03,
 0.4712000E+01, 0.3225362E+03, 0.2297153E+02, 0.0000000E+00, 0.1050000E+03, 0.1945647E+03, 0.1050000E+03,
 0.4714000E+01, 0.3227273E+03, 0.2296664E+02, 0.0000000E+00, 0.1050000E+03, 0.1947607E+03, 0.1050000E+03,
 0.4716000E+01, 0.3229186E+03, 0.2296174E+02, 0.0000000E+00, 0.1050000E+03, 0.1949568E+03, 0.1050000E+03,
 0.4718000E+01, 0.3231100E+03, 0.2295684E+02, 0.0000000E+00, 0.1050000E+03, 0.1951531E+03, 0.1050000E+03,
 0.4720000E+01, 0.3233015E+03, 0.2295194E+02, 0.0000000E+00, 0.1050000E+03, 0.1953495E+03, 0.1050000E+03,
 0.4722000E+01, 0.3234931E+03, 0.2294703E+02, 0.0000000E+00, 0.1050000E+03, 0.1955461E+03, 0.1050000E+03,
 0.4724000E+01, 0.3236850E+03, 0.2294212E+02, 0.0000000E+00, 0.1050000E+03, 0.1957428E+03, 0.1050000E+03,
 0.4726000E+01, 0.3238769E+03, 0.2293721E+02, 0.0000000E+00, 0.1050000E+03, 0.1959397E+03, 0.1050000E+03,
 0.4728000E+01, 0.3240690E+03, 0.2293229E+02, 0.0000000E+00, 0.1050000E+03, 0.1961367E+03, 0.1050000E+03,
 0.4730000E+01, 0.3242612E+03, 0.2292737E+02, 0.0000000E+00, 0.1050000E+03, 0.1963339E+03, 0.1050000E+03,
 0.4732000E+01, 0.3244536E+03, 0.2292245E+02, 0.0000000E+00, 0.1050000E+03, 0.1965312E+03, 0.1050000E+03,
 0.4734000E+01, 0.3246461E+03, 0.2291753E+02, 0.0000000E+00, 0.1050000E+03, 0.1967286E+03, 0.1050000E+03,
 0.4736000E+01, 0.3248388E+03, 0.2291260E+02, 0.0000000E+00, 0.1050000E+03, 0.1969262E+03, 0.1050000E+03,
 0.4738000E+01, 0.3250316E+03, 0.2290767E+02, 0.0000000E+00, 0.1050000E+03, 0.1971239E+03, 0.1050000E+03,
 0.4740000E+01, 0.3252245E+03, 0.2290274E+02, 0.0000000E+00, 0.1050000E+03, 0.1973218E+03, 0.1050000E+03,
 0.4742000E+01, 0.3254176E+03, 0.2289780E+02, 0.0000000E+00, 0.1050000E+03, 0.1975198E+03, 0.1050000E+03,
 0.4744000E+01, 0.3256108E+03, 0.2289286E+02, 0.0000000E+00, 0.1050000E+03, 0.1977180E+03, 0.1050000E+03,
 0.4746000E+01, 0.3258042E+03, 0.2288792E+02, 0.0000000E+00, 0.1050000E+03, 0.1979163E+03, 0.1050000E+03,
 0.4748000E+01, 0.3259977E+03, 0.2288297E+02, 0.0000000E+00, 0.1050000E+03, 0.1981148E+03, 0.1050000E+03,
 0.4750000E+01, 0.3261914E+03, 0.2287802E+02, 0.0000000E+00, 0.1050000E+03, 0.1983134E+03, 0.1050000E+03,
 0.4752000E+01, 0.3263852E+03, 0.2287307E+02, 0.0000000E+00, 0.1050000E+03, 0.1985121E+03, 0.1050000E+03,
 0.4754000E+01, 0.3265791E+03, 0.2286812E+02, 0.0000000E+00, 0.1050000E+03, 0.1987110E+03, 0.1050000E+03,
 0.4756000E+01, 0.3267732E+03, 0.2286316E+02, 0.0000000E+00, 0.1050000E+03, 0.1989100E+03, 0.1050000E+03,
 0.4758000E+01, 0.3269674E+03, 0.2285820E+02, 0.0000000E+00, 0.1050000E+03, 0.1991092E+03, 0.1050000E+03,
 0.4760000E+01, 0.3271617E+03, 0.2285324E+02, 0.0000000E+00, 0.1050000E+03, 0.1993085E+03, 0.1050000E+03,
 0.4762000E+01, 0.3273562E+03, 0.2284827E+02, 0.0000000E+00, 0.1050000E+03, 0.1995079E+03, 0.1050000E+03,
 0.4764000E+01, 0.3275508E+03, 0.2284330E+02, 0.0000000E+00, 0.1050000E+03, 0.1997076E+03, 0.1050000E+03,
 0.4766000E+01, 0.3277456E+03, 0.2283833E+02, 0.0000000E+00, 0.1050000E+03, 0.1999073E+03, 0.1050000E+03,
 0.4768000E+01, 0.3279406E+03, 0.2283335E+02, 0.0000000E+00, 0.1050000E+03, 0.2001072E+03, 0.1050000E+03,
 0.4770000E+01, 0.3281356E+03, 0.2282837E+02, 0.0000000E+00, 0.1050000E+03, 0.2003072E+03, 0.1050000E+03,
 0.4772000E+01, 0.3283308E+03, 0.2282339E+02, 0.0000000E+00, 0.1050000E+03, 0.2005074E+03, 0.1050000E+03,
 0.4774000E+01, 0.3285261E+03, 0.2281841E+02, 0.0000000E+00, 0.1050000E+03, 0.2007077E+03, 0.1050000E+03,
 0.4776000E+01, 0.3287216E+03, 0.2281342E+02, 0.0000000E+00, 0.1050000E+03, 0.2009082E+03, 0.1050000E+03,
 0.4778000E+01, 0.3289172E+03, 0.2280843E+02, 0.0000000E+00, 0.1050000E+03, 0.2011088E+03, 0.1050000E+03,
 0.4780000E+01, 0.3291129E+03, 0.2280344E+02, 0.0000000E+00, 0.1050000E+03, 0.2013095E+03, 0.1050000E+03,
 0.4782000E+01, 0.3293088E+03, 0.2279845E+02, 0.0000000E+00, 0.1050000E+03, 0.2015104E+03, 0.1050000E+03,
 0.4784000E+01, 0.3295049E+03, 0.2279345E+02, 0.0000000E+00, 0.1050000E+03, 0.2017114E+03, 0.1050000E+03,
 0.4786000E+01, 0.3297010E+03, 0.2278845E+02, 0.0000000E+00, 0.1050000E+03, 0.2019126E+03, 0.1050000E+03,
 0.4788000E+01, 0.3298973E+03, 0.2278344E+02, 0.0000000E+00, 0.1050000E+03, 0.2021139E+03, 0.1050000E+03,
 0.4790000E+01, 0.3300938E+03, 0.2277843E+02, 0.0000000E+00, 0.1050000E+03, 0.2023154E+03, 0.1050000E+03,
 0.4792000E+01, 0.3302904E+03, 0.2277342E+02, 0.0000000E+00, 0.1050000E+03, 0.2025169E+03, 0.1050000E+03,
 0.4794000E+01, 0.3304871E+03, 0.2276841E+02, 0.0000000E+00, 0.1050000E+03, 0.2027187E+03, 0.1050000E+03,
 0.4796000E+01, 0.3306840E+03, 0.2276340E+02, 0.0000000E+00, 0.1050000E+03, 0.2029206E+03, 0.1050000E+03,
 0.4798000E+01, 0.3308810E+03, 0.2275838E+02, 0.0000000E+00, 0.1050000E+03, 0.2031226E+03, 0.1050000E+03,
 0.4800000E+01, 0.3310781E+03, 0.2275336E+02, 0.0000000E+00, 0.1050000E+03, 0.2033247E+03, 0.1050000E+03,
 0.4802000E+01, 0.3312754E+03, 0.2274833E+02, 0.0000000E+00, 0.1050000E+03, 0.2035270E+03, 0.1050000E+03,
 0.4804000E+01, 0.3314728E+03, 0.2274330E+02, 0.0000000E+00, 0.1050000E+03, 0.2037295E+03, 0.1050000E+03,
 0.4806000E+01, 0.3316703E+03, 0.2273827E+02, 0.0000000E+00, 0.1050000E+03, 0.2039321E+03, 0.1050000E+03,
 0.4808000E+01, 0.3318680E+03, 0.2273324E+02, 0.0000000E+00, 0.1050000E+03, 0.2041348E+03, 0.1050000E+03,
 0.4810000E+01, 0.3320659E+03, 0.2272820E+02, 0.0000000E+00, 0.1050000E+03, 0.2043376E+03, 0.1050000E+03,
 0.4812000E+01, 0.3322638E+03, 0.2272316E+02, 0.0000000E+00, 0.1050000E+03, 0.2045406E+03, 0.1050000E+03,
 0.4814000E+01, 0.3324619E+03, 0.2271812E+02, 0.0000000E+00, 0.1050000E+03, 0.2047438E+03, 0.1050000E+03,
 0.4816000E+01, 0.3326602E+03, 0.2271308E+02, 0.0000000E+00, 0.1050000E+03, 0.2049471E+03, 0.1050000E+03,
 0.4818000E+01, 0.3328586E+03, 0.2270803E+02, 0.0000000E+00, 0.1050000E+03, 0.2051505E+03, 0.1050000E+03,
 0.4820000E+01, 0.3330571E+03, 0.2270298E+02, 0.0000000E+00, 0.1050000E+03, 0.2053541E+03, 0.1050000E+03,
 0.4822000E+01, 0.3332557E+03, 0.2269793E+02, 0.0000000E+00, 0.1050000E+03, 0.2055578E+03, 0.1050000E+03,
 0.4824000E+01, 0.3334545E+03, 0.2269287E+02, 0.0000000E+00, 0.1050000E+03, 0.2057616E+03, 0.1050000E+03,
 0.4826000E+01, 0.3336534E+03, 0.2268781E+02, 0.0000000E+00, 0.1050000E+03, 0.2059656E+03, 0.1050000E+03,
 0.4828000E+01, 0.3338525E+03, 0.2268275E+02, 0.0000000E+00, 0.1050000E+03, 0.2061697E+03, 0.1050000E+03,
 0.4830000E+01, 0.3340517E+03, 0.2267768E+02, 0.0000000E+00, 0.1050000E+03, 0.2063740E+03, 0.1050000E+03,
 0.4832000E+01, 0.3342510E+03, 0.2267262E+02, 0.0000000E+00, 0.1050000E+03, 0.2065784E+03, 0.1050000E+03,
 0.4834000E+01, 0.3344505E+03, 0.2266755E+02, 0.0000000E+00, 0.1050000E+03, 0.2067829E+03, 0.1050000E+03,
 0.4836000E+01, 0.3346501E+03, 0.2266247E+02, 0.0000000E+00, 0.1050000E+03, 0.2069876E+03, 0.1050000E+03,
 0.4838000E+01, 0.3348499E+03, 0.2265740E+02, 0.0000000E+00, 0.1050000E+03, 0.2071925E+03, 0.1050000E+03,
 0.4840000E+01, 0.3350497E+03, 0.2265232E+02, 0.0000000E+00, 0.1050000E+03, 0.2073974E+03, 0.1050000E+03,
 0.4842000E+01, 0.3352498E+03, 0.2264724E+02, 0.0000000E+00, 0.1050000E+03, 0.2076025E+03, 0.1050000E+03,
 0.4844000E+01, 0.3354499E+03, 0.2264215E+02, 0.0000000E+00, 0.1050000E+03, 0.2078078E+03, 0.1050000E+03,
 0.4846000E+01, 0.3356502E+03, 0.2263707E+02, 0.0000000E+00, 0.1050000E+03, 0.2080131E+03, 0.1050000E+03,
 0.4848000E+01, 0.3358506E+03, 0.2263198E+02, 0.0000000E+00, 0.1050000E+03, 0.2082186E+03, 0.1050000E+03,
 0.4850000E+01, 0.3360512E+03, 0.2262688E+02, 0.0000000E+00, 0.1050000E+03, 0.2084243E+03, 0.1050000E+03,
 0.4852000E+01, 0.3362519E+03, 0.2262179E+02, 0.0000000E+00, 0.1050000E+03, 0.2086301E+03, 0.1050000E+03,
 0.4854000E+01, 0.3364527E+03, 0.2261669E+02, 0.0000000E+00, 0.1050000E+03, 0.2088360E+03, 0.1050000E+03,
 0.4856000E+01, 0.3366537E+03, 0.2261159E+02, 0.0000000E+00, 0.1050000E+03, 0.2090421E+03, 0.1050000E+03,
 0.4858000E+01, 0.3368548E+03, 0.2260648E+02, 0.0000000E+00, 0.1050000E+03, 0.2092483E+03, 0.1050000E+03,
 0.4860000E+01, 0.3370560E+03, 0.2260138E+02, 0.0000000E+00, 0.1050000E+03, 0.2094546E+03, 0.1050000E+03,
 0.4862000E+01, 0.3372574E+03, 0.2259627E+02, 0.0000000E+00, 0.1050000E+03, 0.2096611E+03, 0.1050000E+03,
 0.4864000E+01, 0.3374589E+03, 0.2259115E+02, 0.0000000E+00, 0.1050000E+03, 0.2098677E+03, 0.1050000E+03,
 0.4866000E+01, 0.3376605E+03, 0.2258604E+02, 0.0000000E+00, 0.1050000E+03, 0.2100745E+03, 0.1050000E+03,
 0.4868000E+01, 0.3378623E+03, 0.2258092E+02, 0.0000000E+00, 0.1050000E+03, 0.2102814E+03, 0.1050000E+03,
 0.4870000E+01, 0.3380642E+03, 0.2257580E+02, 0.0000000E+00, 0.1050000E+03, 0.2104884E+03, 0.1050000E+03,
 0.4872000E+01, 0.3382663E+03, 0.2257068E+02, 0.0000000E+00, 0.1050000E+03, 0.2106956E+03, 0.1050000E+03,
 0.4874000E+01, 0.3384684E+03, 0.2256555E+02, 0.0000000E+00, 0.1050000E+03, 0.2109029E+03, 0.1050000E+03,
 0.4876000E+01, 0.3386707E+03, 0.2256042E+02, 0.0000000E+00, 0.1050000E+03, 0.2111103E+03, 0.1050000E+03,
 0.4878000E+01, 0.3388732E+03, 0.2255529E+02, 0.0000000E+00, 0.1050000E+03, 0.2113179E+03, 0.1050000E+03,
 0.4880000E+01, 0.3390758E+03, 0.2255016E+02, 0.0000000E+00, 0.1050000E+03, 0.2115256E+03, 0.1050000E+03,
 0.4882000E+01, 0.3392785E+03, 0.2254502E+02, 0.0000000E+00, 0.1050000E+03, 0.2117335E+03, 0.1050000E+03,
 0.4884000E+01, 0.3394813E+03, 0.2253988E+02, 0.0000000E+00, 0.1050000E+03, 0.2119415E+03, 0.1050000E+03,
 0.4886000E+01, 0.3396843E+03, 0.2253474E+02, 0.0000000E+00, 0.1050000E+03, 0.2121496E+03, 0.1050000E+03,
 0.4888000E+01, 0.3398874E+03, 0.2252959E+02, 0.0000000E+00, 0.1050000E+03, 0.2123578E+03, 0.1050000E+03,
 0.4890000E+01, 0.3400907E+03, 0.2252444E+02, 0.0000000E+00, 0.1050000E+03, 0.2125662E+03, 0.1050000E+03,
 0.4892000E+01, 0.3402941E+03, 0.2251929E+02, 0.0000000E+00, 0.1050000E+03, 0.2127748E+03, 0.1050000E+03,
 0.4894000E+01, 0.3404976E+03, 0.2251414E+02, 0.0000000E+00, 0.1050000E+03, 0.2129834E+03, 0.1050000E+03,
 0.4896000E+01, 0.3407012E+03, 0.2250898E+02, 0.0000000E+00, 0.1050000E+03, 0.2131922E+03, 0.1050000E+03,
 0.4898000E+01, 0.3409050E+03, 0.2250382E+02, 0.0000000E+00, 0.1050000E+03, 0.2134012E+03, 0.1050000E+03,
 0.4900000E+01, 0.3411089E+03, 0.2249866E+02, 0.0000000E+00, 0.1050000E+03, 0.2136102E+03, 0.1050000E+03,
 0.4902000E+01, 0.3413130E+03, 0.2249350E+02, 0.0000000E+00, 0.1050000E+03, 0.2138195E+03, 0.1050000E+03,
 0.4904000E+01, 0.3415171E+03, 0.2248833E+02, 0.0000000E+00, 0.1050000E+03, 0.2140288E+03, 0.1050000E+03,
 0.4906000E+01, 0.3417214E+03, 0.2248316E+02, 0.0000000E+00, 0.1050000E+03, 0.2142383E+03, 0.1050000E+03,
 0.4908000E+01, 0.3419259E+03, 0.2247799E+02, 0.0000000E+00, 0.1050000E+03, 0.2144479E+03, 0.1050000E+03,
 0.4910000E+01, 0.3421305E+03, 0.2247281E+02, 0.0000000E+00, 0.1050000E+03, 0.2146576E+03, 0.1050000E+03,
 0.4912000E+01, 0.3423351E+03, 0.2246763E+02, 0.0000000E+00, 0.1050000E+03, 0.2148675E+03, 0.1050000E+03,
 0.4914000E+01, 0.3425400E+03, 0.2246245E+02, 0.0000000E+00, 0.1050000E+03, 0.2150775E+03, 0.1050000E+03,
 0.4916000E+01, 0.3427450E+03, 0.2245727E+02, 0.0000000E+00, 0.1050000E+03, 0.2152877E+03, 0.1050000E+03,
 0.4918000E+01, 0.3429501E+03, 0.2245208E+02, 0.0000000E+00, 0.1050000E+03, 0.2154980E+03, 0.1050000E+03,
 0.4920000E+01, 0.3431553E+03, 0.2244689E+02, 0.0000000E+00, 0.1050000E+03, 0.2157084E+03, 0.1050000E+03,
 0.4922000E+01, 0.3433607E+03, 0.2244170E+02, 0.0000000E+00, 0.1050000E+03, 0.2159190E+03, 0.1050000E+03,
 0.4924000E+01, 0.3435662E+03, 0.2243651E+02, 0.0000000E+00, 0.1050000E+03, 0.2161296E+03, 0.1050000E+03,
 0.4926000E+01, 0.3437718E+03, 0.2243131E+02, 0.0000000E+00, 0.1050000E+03, 0.2163405E+03, 0.1050000E+03,
 0.4928000E+01, 0.3439775E+03, 0.2242611E+02, 0.0000000E+00, 0.1050000E+03, 0.2165514E+03, 0.1050000E+03,
 0.4930000E+01, 0.3441834E+03, 0.2242091E+02, 0.0000000E+00, 0.1050000E+03, 0.2167625E+03, 0.1050000E+03,
 0.4932000E+01, 0.3443894E+03, 0.2241570E+02, 0.0000000E+00, 0.1050000E+03, 0.2169737E+03, 0.1050000E+03,
 0.4934000E+01, 0.3445956E+03, 0.2241050E+02, 0.0000000E+00, 0.1050000E+03, 0.2171851E+03, 0.1050000E+03,
 0.4936000E+01, 0.3448019E+03, 0.2240528E+02, 0.0000000E+00, 0.1050000E+03, 0.2173966E+03, 0.1050000E+03,
 0.4938000E+01, 0.3450083E+03, 0.2240007E+02, 0.0000000E+00, 0.1050000E+03, 0.2176082E+03, 0.1050000E+03,
 0.4940000E+01, 0.3452148E+03, 0.2239486E+02, 0.0000000E+00, 0.1050000E+03, 0.2178200E+03, 0.1050000E+03,
 0.4942000E+01, 0.3454215E+03, 0.2238964E+02, 0.0000000E+00, 0.1050000E+03, 0.2180318E+03, 0.1050000E+03,
 0.4944000E+01, 0.3456283E+03, 0.2238442E+02, 0.0000000E+00, 0.1050000E+03, 0.2182439E+03, 0.1050000E+03,
 0.4946000E+01, 0.3458352E+03, 0.2237919E+02, 0.0000000E+00, 0.1050000E+03, 0.2184560E+03, 0.1050000E+03,
 0.4948000E+01, 0.3460423E+03, 0.2237397E+02, 0.0000000E+00, 0.1050000E+03, 0.2186683E+03, 0.1050000E+03,
 0.4950000E+01, 0.3462495E+03, 0.2236874E+02, 0.0000000E+00, 0.1050000E+03, 0.2188807E+03, 0.1050000E+03,
 0.4952000E+01, 0.3464568E+03, 0.2236350E+02, 0.0000000E+00, 0.1050000E+03, 0.2190933E+03, 0.1050000E+03,
 0.4954000E+01, 0.3466642E+03, 0.2235827E+02, 0.0000000E+00, 0.1050000E+03, 0.2193060E+03, 0.1050000E+03,
 0.4956000E+01, 0.3468718E+03, 0.2235303E+02, 0.0000000E+00, 0.1050000E+03, 0.2195188E+03, 0.1050000E+03,
 0.4958000E+01, 0.3470795E+03, 0.2234779E+02, 0.0000000E+00, 0.1050000E+03, 0.2197317E+03, 0.1050000E+03,
 0.4960000E+01, 0.3472874E+03, 0.2234255E+02, 0.0000000E+00, 0.1050000E+03, 0.2199448E+03, 0.1050000E+03,
 0.4962000E+01, 0.3474953E+03, 0.2233731E+02, 0.0000000E+00, 0.1050000E+03, 0.2201580E+03, 0.1050000E+03,
 0.4964000E+01, 0.3477034E+03, 0.2233206E+02, 0.0000000E+00, 0.1050000E+03, 0.2203714E+03, 0.1050000E+03,
 0.4966000E+01, 0.3479116E+03, 0.2232681E+02, 0.0000000E+00, 0.1050000E+03, 0.2205848E+03, 0.1050000E+03,
 0.4968000E+01, 0.3481200E+03, 0.2232155E+02, 0.0000000E+00, 0.1050000E+03, 0.2207984E+03, 0.1050000E+03,
 0.4970000E+01, 0.3483285E+03, 0.2231630E+02, 0.0000000E+00, 0.1050000E+03, 0.2210122E+03, 0.1050000E+03,
 0.4972000E+01, 0.3485370E+03, 0.2231104E+02, 0.0000000E+00, 0.1050000E+03, 0.2212260E+03, 0.1050000E+03,
 0.4974000E+01, 0.3487458E+03, 0.2230578E+02, 0.0000000E+00, 0.1050000E+03, 0.2214400E+03, 0.1050000E+03,
 0.4976000E+01, 0.3489547E+03, 0.2230051E+02, 0.0000000E+00, 0.1050000E+03, 0.2216541E+03, 0.1050000E+03,
 0.4978000E+01, 0.3491637E+03, 0.2229525E+02, 0.0000000E+00, 0.1050000E+03, 0.2218684E+03, 0.1050000E+03,
 0.4980000E+01, 0.3493728E+03, 0.2228998E+02, 0.0000000E+00, 0.1050000E+03, 0.2220828E+03, 0.1050000E+03,
 0.4982000E+01, 0.3495820E+03, 0.2228471E+02, 0.0000000E+00, 0.1050000E+03, 0.2222973E+03, 0.1050000E+03,
 0.4984000E+01, 0.3497914E+03, 0.2227943E+02, 0.0000000E+00, 0.1050000E+03, 0.2225120E+03, 0.1050000E+03,
 0.4986000E+01, 0.3500009E+03, 0.2227416E+02, 0.0000000E+00, 0.1050000E+03, 0.2227267E+03, 0.1050000E+03,
 0.4988000E+01, 0.3502105E+03, 0.2226888E+02, 0.0000000E+00, 0.1050000E+03, 0.2229417E+03, 0.1050000E+03,
 0.4990000E+01, 0.3504203E+03, 0.2226359E+02, 0.0000000E+00, 0.1050000E+03, 0.2231567E+03, 0.1050000E+03,
 0.4992000E+01, 0.3506302E+03, 0.2225831E+02, 0.0000000E+00, 0.1050000E+03, 0.2233719E+03, 0.1050000E+03,
 0.4994000E+01, 0.3508402E+03, 0.2225302E+02, 0.0000000E+00, 0.1050000E+03, 0.2235872E+03, 0.1050000E+03,
 0.4996000E+01, 0.3510503E+03, 0.2224773E+02, 0.0000000E+00, 0.1050000E+03, 0.2238026E+03, 0.1050000E+03,
 0.4998000E+01, 0.3512606E+03, 0.2224244E+02, 0.0000000E+00, 0.1050000E+03, 0.2240181E+03, 0.1050000E+03,
 0.5000000E+01, 0.3514710E+03, 0.2223714E+02, 0.0000000E+00, 0.1050000E+03, 0.2242338E+03, 0.1050000E+03,
 0.5002000E+01, 0.3516815E+03, 0.2223185E+02, 0.0000000E+00, 0.1050000E+03, 0.2244496E+03, 0.1050000E+03,
 0.5004000E+01, 0.3518922E+03, 0.2222655E+02, 0.0000000E+00, 0.1050000E+03, 0.2246656E+03, 0.1050000E+03,
 0.5006000E+01, 0.3521029E+03, 0.2222124E+02, 0.0000000E+00, 0.1050000E+03, 0.2248817E+03, 0.1050000E+03,
 0.5008000E+01, 0.3523138E+03, 0.2221594E+02, 0.0000000E+00, 0.1050000E+03, 0.2250979E+03, 0.1050000E+03,
 0.5010000E+01, 0.3525248E+03, 0.2221063E+02, 0.0000000E+00, 0.1050000E+03, 0.2253142E+03, 0.1050000E+03,
 0.5012000E+01, 0.3527360E+03, 0.2220532E+02, 0.0000000E+00, 0.1050000E+03, 0.2255307E+03, 0.1050000E+03,
 0.5014000E+01, 0.3529473E+03, 0.2220000E+02, 0.0000000E+00, 0.1050000E+03, 0.2257473E+03, 0.1050000E+03,
 0.5016000E+01, 0.3531587E+03, 0.2219469E+02, 0.0000000E+00, 0.1050000E+03, 0.2259640E+03, 0.1050000E+03,
 0.5018000E+01, 0.3533702E+03, 0.2218937E+02, 0.0000000E+00, 0.1050000E+03, 0.2261808E+03, 0.1050000E+03,
 0.5020000E+01, 0.3535818E+03, 0.2218405E+02, 0.0000000E+00, 0.1050000E+03, 0.2263978E+03, 0.1050000E+03,
 0.5022000E+01, 0.3537936E+03, 0.2217872E+02, 0.0000000E+00, 0.1050000E+03, 0.2266149E+03, 0.1050000E+03,
 0.5024000E+01, 0.3540055E+03, 0.2217340E+02, 0.0000000E+00, 0.1050000E+03, 0.2268321E+03, 0.1050000E+03,
 0.5026000E+01, 0.3542176E+03, 0.2216807E+02, 0.0000000E+00, 0.1050000E+03, 0.2270495E+03, 0.1050000E+03,
 0.5028000E+01, 0.3544297E+03, 0.2216273E+02, 0.0000000E+00, 0.1050000E+03, 0.2272670E+03, 0.1050000E+03,
 0.5030000E+01, 0.3546420E+03, 0.2215740E+02, 0.0000000E+00, 0.1050000E+03, 0.2274846E+03, 0.1050000E+03,
 0.5032000E+01, 0.3548544E+03, 0.2215206E+02, 0.0000000E+00, 0.1050000E+03, 0.2277023E+03, 0.1050000E+03,
 0.5034000E+01, 0.3550669E+03, 0.2214672E+02, 0.0000000E+00, 0.1050000E+03, 0.2279202E+03, 0.1050000E+03,
 0.5036000E+01, 0.3552796E+03, 0.2214138E+02, 0.0000000E+00, 0.1050000E+03, 0.2281382E+03, 0.1050000E+03,
 0.5038000E+01, 0.3554924E+03, 0.2213603E+02, 0.0000000E+00, 0.1050000E+03, 0.2283563E+03, 0.1050000E+03,
 0.5040000E+01, 0.3557053E+03, 0.2213069E+02, 0.0000000E+00, 0.1050000E+03, 0.2285746E+03, 0.1050000E+03,
 0.5042000E+01, 0.3559183E+03, 0.2212534E+02, 0.0000000E+00, 0.1050000E+03, 0.2287930E+03, 0.1050000E+03,
 0.5044000E+01, 0.3561308E+03, 0.2211931E+02, 0.0000000E+00, 0.1050000E+03, 0.2290115E+03, 0.1050000E+03,
 0.5046000E+01, 0.3563441E+03, 0.2211394E+02, 0.0000000E+00, 0.1050000E+03, 0.2292301E+03, 0.1050000E+03,
 0.5048000E+01, 0.3565575E+03, 0.2210858E+02, 0.0000000E+00, 0.1050000E+03, 0.2294489E+03, 0.1050000E+03,
 0.5050000E+01, 0.3567710E+03, 0.2210322E+02, 0.0000000E+00, 0.1050000E+03, 0.2296678E+03, 0.1050000E+03,
 0.5052000E+01, 0.3569846E+03, 0.2209786E+02, 0.0000000E+00, 0.1050000E+03, 0.2298868E+03, 0.1050000E+03,
 0.5054000E+01, 0.3571984E+03, 0.2209249E+02, 0.0000000E+00, 0.1050000E+03, 0.2301059E+03, 0.1050000E+03,
 0.5056000E+01, 0.3574123E+03, 0.2208712E+02, 0.0000000E+00, 0.1050000E+03, 0.2303252E+03, 0.1050000E+03,
 0.5058000E+01, 0.3576263E+03, 0.2208175E+02, 0.0000000E+00, 0.1050000E+03, 0.2305446E+03, 0.1050000E+03,
 0.5060000E+01, 0.3578405E+03, 0.2207638E+02, 0.0000000E+00, 0.1050000E+03, 0.2307641E+03, 0.1050000E+03,
 0.5062000E+01, 0.3580547E+03, 0.2207100E+02, 0.0000000E+00, 0.1050000E+03, 0.2309837E+03, 0.1050000E+03,
 0.5064000E+01, 0.3582691E+03, 0.2206562E+02, 0.0000000E+00, 0.1050000E+03, 0.2312035E+03, 0.1050000E+03,
 0.5066000E+01, 0.3584836E+03, 0.2206024E+02, 0.0000000E+00, 0.1050000E+03, 0.2314234E+03, 0.1050000E+03,
 0.5068000E+01, 0.3586983E+03, 0.2205486E+02, 0.0000000E+00, 0.1050000E+03, 0.2316434E+03, 0.1050000E+03,
 0.5070000E+01, 0.3589130E+03, 0.2204947E+02, 0.0000000E+00, 0.1050000E+03, 0.2318636E+03, 0.1050000E+03,
 0.5072000E+01, 0.3591279E+03, 0.2204408E+02, 0.0000000E+00, 0.1050000E+03, 0.2320838E+03, 0.1050000E+03,
 0.5074000E+01, 0.3593429E+03, 0.2203869E+02, 0.0000000E+00, 0.1050000E+03, 0.2323042E+03, 0.1050000E+03,
 0.5076000E+01, 0.3595580E+03, 0.2203329E+02, 0.0000000E+00, 0.1050000E+03, 0.2325248E+03, 0.1050000E+03,
 0.5078000E+01, 0.3597733E+03, 0.2202789E+02, 0.0000000E+00, 0.1050000E+03, 0.2327454E+03, 0.1050000E+03,
 0.5080000E+01, 0.3599887E+03, 0.2202250E+02, 0.0000000E+00, 0.1050000E+03, 0.2329662E+03, 0.1050000E+03,
 0.5082000E+01, 0.3602042E+03, 0.2201709E+02, 0.0000000E+00, 0.1050000E+03, 0.2331871E+03, 0.1050000E+03,
 0.5084000E+01, 0.3604198E+03, 0.2201169E+02, 0.0000000E+00, 0.1050000E+03, 0.2334081E+03, 0.1050000E+03,
 0.5086000E+01, 0.3606355E+03, 0.2200628E+02, 0.0000000E+00, 0.1050000E+03, 0.2336293E+03, 0.1050000E+03,
 0.5088000E+01, 0.3608514E+03, 0.2200087E+02, 0.0000000E+00, 0.1050000E+03, 0.2338505E+03, 0.1050000E+03,
 0.5090000E+01, 0.3610674E+03, 0.2199546E+02, 0.0000000E+00, 0.1050000E+03, 0.2340719E+03, 0.1050000E+03,
 0.5092000E+01, 0.3612835E+03, 0.2199004E+02, 0.0000000E+00, 0.1050000E+03, 0.2342935E+03, 0.1050000E+03,
 0.5094000E+01, 0.3614997E+03, 0.2198463E+02, 0.0000000E+00, 0.1050000E+03, 0.2345151E+03, 0.1050000E+03,
 0.5096000E+01, 0.3617161E+03, 0.2197921E+02, 0.0000000E+00, 0.1050000E+03, 0.2347369E+03, 0.1050000E+03,
 0.5098000E+01, 0.3619326E+03, 0.2197378E+02, 0.0000000E+00, 0.1050000E+03, 0.2349588E+03, 0.1050000E+03,
 0.5100000E+01, 0.3621491E+03, 0.2196836E+02, 0.0000000E+00, 0.1050000E+03, 0.2351808E+03, 0.1050000E+03,
 0.5102000E+01, 0.3623658E+03, 0.2196293E+02, 0.0000000E+00, 0.1050000E+03, 0.2354029E+03, 0.1050000E+03,
 0.5104000E+01, 0.3625827E+03, 0.2195750E+02, 0.0000000E+00, 0.1050000E+03, 0.2356252E+03, 0.1050000E+03,
 0.5106000E+01, 0.3627997E+03, 0.2195207E+02, 0.0000000E+00, 0.1050000E+03, 0.2358476E+03, 0.1050000E+03,
 0.5108000E+01, 0.3630167E+03, 0.2194663E+02, 0.0000000E+00, 0.1050000E+03, 0.2360701E+03, 0.1050000E+03,
 0.5110000E+01, 0.3632339E+03, 0.2194119E+02, 0.0000000E+00, 0.1050000E+03, 0.2362927E+03, 0.1050000E+03,
 0.5112000E+01, 0.3634512E+03, 0.2193575E+02, 0.0000000E+00, 0.1050000E+03, 0.2365155E+03, 0.1050000E+03,
 0.5114000E+01, 0.3636687E+03, 0.2193031E+02, 0.0000000E+00, 0.1050000E+03, 0.2367384E+03, 0.1050000E+03,
 0.5116000E+01, 0.3638863E+03, 0.2192486E+02, 0.0000000E+00, 0.1050000E+03, 0.2369614E+03, 0.1050000E+03,
 0.5118000E+01, 0.3641039E+03, 0.2191941E+02, 0.0000000E+00, 0.1050000E+03, 0.2371845E+03, 0.1050000E+03,
 0.5120000E+01, 0.3643217E+03, 0.2191397E+02, 0.0000000E+00, 0.1050000E+03, 0.2374078E+03, 0.1050000E+03,
 0.5122000E+01, 0.3645397E+03, 0.2190851E+02, 0.0000000E+00, 0.1050000E+03, 0.2376311E+03, 0.1050000E+03,
 0.5124000E+01, 0.3647577E+03, 0.2190306E+02, 0.0000000E+00, 0.1050000E+03, 0.2378546E+03, 0.1050000E+03,
 0.5126000E+01, 0.3649759E+03, 0.2189760E+02, 0.0000000E+00, 0.1050000E+03, 0.2380783E+03, 0.1050000E+03,
 0.5128000E+01, 0.3651942E+03, 0.2189214E+02, 0.0000000E+00, 0.1050000E+03, 0.2383020E+03, 0.1050000E+03,
 0.5130000E+01, 0.3654126E+03, 0.2188667E+02, 0.0000000E+00, 0.1050000E+03, 0.2385259E+03, 0.1050000E+03,
 0.5132000E+01, 0.3656311E+03, 0.2188121E+02, 0.0000000E+00, 0.1050000E+03, 0.2387499E+03, 0.1050000E+03,
 0.5134000E+01, 0.3658497E+03, 0.2187574E+02, 0.0000000E+00, 0.1050000E+03, 0.2389740E+03, 0.1050000E+03,
 0.5136000E+01, 0.3660685E+03, 0.2187027E+02, 0.0000000E+00, 0.1050000E+03, 0.2391982E+03, 0.1050000E+03,
 0.5138000E+01, 0.3662874E+03, 0.2186479E+02, 0.0000000E+00, 0.1050000E+03, 0.2394226E+03, 0.1050000E+03,
 0.5140000E+01, 0.3665064E+03, 0.2185932E+02, 0.0000000E+00, 0.1050000E+03, 0.2396470E+03, 0.1050000E+03,
 0.5142000E+01, 0.3667255E+03, 0.2185384E+02, 0.0000000E+00, 0.1050000E+03, 0.2398717E+03, 0.1050000E+03,
 0.5144000E+01, 0.3669447E+03, 0.2184836E+02, 0.0000000E+00, 0.1050000E+03, 0.2400964E+03, 0.1050000E+03,
 0.5146000E+01, 0.3671641E+03, 0.2184288E+02, 0.0000000E+00, 0.1050000E+03, 0.2403212E+03, 0.1050000E+03,
 0.5148000E+01, 0.3673836E+03, 0.2183739E+02, 0.0000000E+00, 0.1050000E+03, 0.2405462E+03, 0.1050000E+03,
 0.5150000E+01, 0.3676032E+03, 0.2183190E+02, 0.0000000E+00, 0.1050000E+03, 0.2407713E+03, 0.1050000E+03,
 0.5152000E+01, 0.3678229E+03, 0.2182641E+02, 0.0000000E+00, 0.1050000E+03, 0.2409965E+03, 0.1050000E+03,
 0.5154000E+01, 0.3680427E+03, 0.2182092E+02, 0.0000000E+00, 0.1050000E+03, 0.2412218E+03, 0.1050000E+03,
 0.5156000E+01, 0.3682627E+03, 0.2181542E+02, 0.0000000E+00, 0.1050000E+03, 0.2414473E+03, 0.1050000E+03,
 0.5158000E+01, 0.3684828E+03, 0.2180992E+02, 0.0000000E+00, 0.1050000E+03, 0.2416728E+03, 0.1050000E+03,
 0.5160000E+01, 0.3687029E+03, 0.2180442E+02, 0.0000000E+00, 0.1050000E+03, 0.2418985E+03, 0.1050000E+03,
 0.5162000E+01, 0.3689232E+03, 0.2179892E+02, 0.0000000E+00, 0.1050000E+03, 0.2421243E+03, 0.1050000E+03,
 0.5164000E+01, 0.3691437E+03, 0.2179342E+02, 0.0000000E+00, 0.1050000E+03, 0.2423503E+03, 0.1050000E+03,
 0.5166000E+01, 0.3693642E+03, 0.2178791E+02, 0.0000000E+00, 0.1050000E+03, 0.2425763E+03, 0.1050000E+03,
 0.5168000E+01, 0.3695849E+03, 0.2178240E+02, 0.0000000E+00, 0.1050000E+03, 0.2428025E+03, 0.1050000E+03,
 0.5170000E+01, 0.3698057E+03, 0.2177688E+02, 0.0000000E+00, 0.1050000E+03, 0.2430288E+03, 0.1050000E+03,
 0.5172000E+01, 0.3700266E+03, 0.2177137E+02, 0.0000000E+00, 0.1050000E+03, 0.2432552E+03, 0.1050000E+03,
 0.5174000E+01, 0.3702476E+03, 0.2176585E+02, 0.0000000E+00, 0.1050000E+03, 0.2434818E+03, 0.1050000E+03,
 0.5176000E+01, 0.3704687E+03, 0.2176033E+02, 0.0000000E+00, 0.1050000E+03, 0.2437084E+03, 0.1050000E+03,
 0.5178000E+01, 0.3706900E+03, 0.2175481E+02, 0.0000000E+00, 0.1050000E+03, 0.2439352E+03, 0.1050000E+03,
 0.5180000E+01, 0.3709113E+03, 0.2174928E+02, 0.0000000E+00, 0.1050000E+03, 0.2441621E+03, 0.1050000E+03,
 0.5182000E+01, 0.3711328E+03, 0.2174375E+02, 0.0000000E+00, 0.1050000E+03, 0.2443891E+03, 0.1050000E+03,
 0.5184000E+01, 0.3713545E+03, 0.2173822E+02, 0.0000000E+00, 0.1050000E+03, 0.2446162E+03, 0.1050000E+03,
 0.5186000E+01, 0.3715762E+03, 0.2173269E+02, 0.0000000E+00, 0.1050000E+03, 0.2448435E+03, 0.1050000E+03,
 0.5188000E+01, 0.3717980E+03, 0.2172716E+02, 0.0000000E+00, 0.1050000E+03, 0.2450708E+03, 0.1050000E+03,
 0.5190000E+01, 0.3720200E+03, 0.2172162E+02, 0.0000000E+00, 0.1050000E+03, 0.2452983E+03, 0.1050000E+03,
 0.5192000E+01, 0.3722420E+03, 0.2171608E+02, 0.0000000E+00, 0.1050000E+03, 0.2455260E+03, 0.1050000E+03,
 0.5194000E+01, 0.3724642E+03, 0.2171054E+02, 0.0000000E+00, 0.1050000E+03, 0.2457537E+03, 0.1050000E+03,
 0.5196000E+01, 0.3726865E+03, 0.2170499E+02, 0.0000000E+00, 0.1050000E+03, 0.2459815E+03, 0.1050000E+03,
 0.5198000E+01, 0.3729090E+03, 0.2169945E+02, 0.0000000E+00, 0.1050000E+03, 0.2462095E+03, 0.1050000E+03,
 0.5200000E+01, 0.3731315E+03, 0.2169390E+02, 0.0000000E+00, 0.1050000E+03, 0.2464376E+03, 0.1050000E+03,
 0.5202000E+01, 0.3733542E+03, 0.2168834E+02, 0.0000000E+00, 0.1050000E+03, 0.2466658E+03, 0.1050000E+03,
 0.5204000E+01, 0.3735769E+03, 0.2168279E+02, 0.0000000E+00, 0.1050000E+03, 0.2468941E+03, 0.1050000E+03,
 0.5206000E+01, 0.3737998E+03, 0.2167723E+02, 0.0000000E+00, 0.1050000E+03, 0.2471226E+03, 0.1050000E+03,
 0.5208000E+01, 0.3740228E+03, 0.2167168E+02, 0.0000000E+00, 0.1050000E+03, 0.2473511E+03, 0.1050000E+03,
 0.5210000E+01, 0.3742459E+03, 0.2166611E+02, 0.0000000E+00, 0.1050000E+03, 0.2475798E+03, 0.1050000E+03,
 0.5212000E+01, 0.3744692E+03, 0.2166055E+02, 0.0000000E+00, 0.1050000E+03, 0.2478086E+03, 0.1050000E+03,
 0.5214000E+01, 0.3746925E+03, 0.2165499E+02, 0.0000000E+00, 0.1050000E+03, 0.2480375E+03, 0.1050000E+03,
 0.5216000E+01, 0.3749160E+03, 0.2164942E+02, 0.0000000E+00, 0.1050000E+03, 0.2482666E+03, 0.1050000E+03,
 0.5218000E+01, 0.3751396E+03, 0.2164385E+02, 0.0000000E+00, 0.1050000E+03, 0.2484957E+03, 0.1050000E+03,
 0.5220000E+01, 0.3753633E+03, 0.2163827E+02, 0.0000000E+00, 0.1050000E+03, 0.2487250E+03, 0.1050000E+03,
 0.5222000E+01, 0.3755871E+03, 0.2163270E+02, 0.0000000E+00, 0.1050000E+03, 0.2489544E+03, 0.1050000E+03,
 0.5224000E+01, 0.3758110E+03, 0.2162712E+02, 0.0000000E+00, 0.1050000E+03, 0.2491839E+03, 0.1050000E+03,
 0.5226000E+01, 0.3760351E+03, 0.2162154E+02, 0.0000000E+00, 0.1050000E+03, 0.2494135E+03, 0.1050000E+03,
 0.5228000E+01, 0.3762592E+03, 0.2161596E+02, 0.0000000E+00, 0.1050000E+03, 0.2496432E+03, 0.1050000E+03,
 0.5230000E+01, 0.3764835E+03, 0.2161037E+02, 0.0000000E+00, 0.1050000E+03, 0.2498731E+03, 0.1050000E+03,
 0.5232000E+01, 0.3767079E+03, 0.2160479E+02, 0.0000000E+00, 0.1050000E+03, 0.2501031E+03, 0.1050000E+03,
 0.5234000E+01, 0.3769324E+03, 0.2159920E+02, 0.0000000E+00, 0.1050000E+03, 0.2503332E+03, 0.1050000E+03,
 0.5236000E+01, 0.3771570E+03, 0.2159361E+02, 0.0000000E+00, 0.1050000E+03, 0.2505634E+03, 0.1050000E+03,
 0.5238000E+01, 0.3773817E+03, 0.2158801E+02, 0.0000000E+00, 0.1050000E+03, 0.2507937E+03, 0.1050000E+03,
 0.5240000E+01, 0.3776066E+03, 0.2158242E+02, 0.0000000E+00, 0.1050000E+03, 0.2510242E+03, 0.1050000E+03,
 0.5242000E+01, 0.3778315E+03, 0.2157682E+02, 0.0000000E+00, 0.1050000E+03, 0.2512547E+03, 0.1050000E+03,
 0.5244000E+01, 0.3780566E+03, 0.2157122E+02, 0.0000000E+00, 0.1050000E+03, 0.2514854E+03, 0.1050000E+03,
 0.5246000E+01, 0.3782818E+03, 0.2156562E+02, 0.0000000E+00, 0.1050000E+03, 0.2517162E+03, 0.1050000E+03,
 0.5248000E+01, 0.3785071E+03, 0.2156001E+02, 0.0000000E+00, 0.1050000E+03, 0.2519471E+03, 0.1050000E+03,
 0.5250000E+01, 0.3787325E+03, 0.2155440E+02, 0.0000000E+00, 0.1050000E+03, 0.2521781E+03, 0.1050000E+03,
 0.5252000E+01, 0.3789580E+03, 0.2154879E+02, 0.0000000E+00, 0.1050000E+03, 0.2524093E+03, 0.1050000E+03,
 0.5254000E+01, 0.3791837E+03, 0.2154318E+02, 0.0000000E+00, 0.1050000E+03, 0.2526405E+03, 0.1050000E+03,
 0.5256000E+01, 0.3794095E+03, 0.2153757E+02, 0.0000000E+00, 0.1050000E+03, 0.2528719E+03, 0.1050000E+03,
 0.5258000E+01, 0.3796353E+03, 0.2153195E+02, 0.0000000E+00, 0.1050000E+03, 0.2531034E+03, 0.1050000E+03,
 0.5260000E+01, 0.3798613E+03, 0.2152633E+02, 0.0000000E+00, 0.1050000E+03, 0.2533350E+03, 0.1050000E+03,
 0.5262000E+01, 0.3800874E+03, 0.2152071E+02, 0.0000000E+00, 0.1050000E+03, 0.2535667E+03, 0.1050000E+03,
 0.5264000E+01, 0.3803136E+03, 0.2151509E+02, 0.0000000E+00, 0.1050000E+03, 0.2537985E+03, 0.1050000E+03,
 0.5266000E+01, 0.3805399E+03, 0.2150946E+02, 0.0000000E+00, 0.1050000E+03, 0.2540305E+03, 0.1050000E+03,
 0.5268000E+01, 0.3807664E+03, 0.2150384E+02, 0.0000000E+00, 0.1050000E+03, 0.2542625E+03, 0.1050000E+03,
 0.5270000E+01, 0.3809929E+03, 0.2149821E+02, 0.0000000E+00, 0.1050000E+03, 0.2544947E+03, 0.1050000E+03,
 0.5272000E+01, 0.3812196E+03, 0.2149257E+02, 0.0000000E+00, 0.1050000E+03, 0.2547270E+03, 0.1050000E+03,
 0.5274000E+01, 0.3814464E+03, 0.2148694E+02, 0.0000000E+00, 0.1050000E+03, 0.2549594E+03, 0.1050000E+03,
 0.5276000E+01, 0.3816732E+03, 0.2148130E+02, 0.0000000E+00, 0.1050000E+03, 0.2551919E+03, 0.1050000E+03,
 0.5278000E+01, 0.3819002E+03, 0.2147567E+02, 0.0000000E+00, 0.1050000E+03, 0.2554246E+03, 0.1050000E+03,
 0.5280000E+01, 0.3821273E+03, 0.2147003E+02, 0.0000000E+00, 0.1050000E+03, 0.2556573E+03, 0.1050000E+03,
 0.5282000E+01, 0.3823546E+03, 0.2146438E+02, 0.0000000E+00, 0.1050000E+03, 0.2558902E+03, 0.1050000E+03,
 0.5284000E+01, 0.3825819E+03, 0.2145874E+02, 0.0000000E+00, 0.1050000E+03, 0.2561231E+03, 0.1050000E+03,
 0.5286000E+01, 0.3828093E+03, 0.2145309E+02, 0.0000000E+00, 0.1050000E+03, 0.2563562E+03, 0.1050000E+03,
 0.5288000E+01, 0.3830369E+03, 0.2144744E+02, 0.0000000E+00, 0.1050000E+03, 0.2565894E+03, 0.1050000E+03,
 0.5290000E+01, 0.3832646E+03, 0.2144179E+02, 0.0000000E+00, 0.1050000E+03, 0.2568228E+03, 0.1050000E+03,
 0.5292000E+01, 0.3834923E+03, 0.2143614E+02, 0.0000000E+00, 0.1050000E+03, 0.2570562E+03, 0.1050000E+03,
 0.5294000E+01, 0.3837202E+03, 0.2143048E+02, 0.0000000E+00, 0.1050000E+03, 0.2572897E+03, 0.1050000E+03,
 0.5296000E+01, 0.3839482E+03, 0.2142482E+02, 0.0000000E+00, 0.1050000E+03, 0.2575234E+03, 0.1050000E+03,
 0.5298000E+01, 0.3841763E+03, 0.2141916E+02, 0.0000000E+00, 0.1050000E+03, 0.2577572E+03, 0.1050000E+03,
 0.5300000E+01, 0.3844046E+03, 0.2141350E+02, 0.0000000E+00, 0.1050000E+03, 0.2579911E+03, 0.1050000E+03,
 0.5302000E+01, 0.3846329E+03, 0.2140784E+02, 0.0000000E+00, 0.1050000E+03, 0.2582251E+03, 0.1050000E+03,
 0.5304000E+01, 0.3848614E+03, 0.2140217E+02, 0.0000000E+00, 0.1050000E+03, 0.2584592E+03, 0.1050000E+03,
 0.5306000E+01, 0.3850899E+03, 0.2139650E+02, 0.0000000E+00, 0.1050000E+03, 0.2586934E+03, 0.1050000E+03,
 0.5308000E+01, 0.3853186E+03, 0.2139083E+02, 0.0000000E+00, 0.1050000E+03, 0.2589277E+03, 0.1050000E+03,
 0.5310000E+01, 0.3855474E+03, 0.2138516E+02, 0.0000000E+00, 0.1050000E+03, 0.2591622E+03, 0.1050000E+03,
 0.5312000E+01, 0.3857762E+03, 0.2137949E+02, 0.0000000E+00, 0.1050000E+03, 0.2593968E+03, 0.1050000E+03,
 0.5314000E+01, 0.3860052E+03, 0.2137381E+02, 0.0000000E+00, 0.1050000E+03, 0.2596314E+03, 0.1050000E+03,
 0.5316000E+01, 0.3862343E+03, 0.2136813E+02, 0.0000000E+00, 0.1050000E+03, 0.2598662E+03, 0.1050000E+03,
 0.5318000E+01, 0.3864636E+03, 0.2136245E+02, 0.0000000E+00, 0.1050000E+03, 0.2601011E+03, 0.1050000E+03,
 0.5320000E+01, 0.3866929E+03, 0.2135677E+02, 0.0000000E+00, 0.1050000E+03, 0.2603361E+03, 0.1050000E+03,
 0.5322000E+01, 0.3869223E+03, 0.2135108E+02, 0.0000000E+00, 0.1050000E+03, 0.2605713E+03, 0.1050000E+03,
 0.5324000E+01, 0.3871519E+03, 0.2134539E+02, 0.0000000E+00, 0.1050000E+03, 0.2608065E+03, 0.1050000E+03,
 0.5326000E+01, 0.3873815E+03, 0.2133971E+02, 0.0000000E+00, 0.1050000E+03, 0.2610418E+03, 0.1050000E+03,
 0.5328000E+01, 0.3876113E+03, 0.2133401E+02, 0.0000000E+00, 0.1050000E+03, 0.2612773E+03, 0.1050000E+03,
 0.5330000E+01, 0.3878412E+03, 0.2132832E+02, 0.0000000E+00, 0.1050000E+03, 0.2615128E+03, 0.1050000E+03,
 0.5332000E+01, 0.3880712E+03, 0.2132263E+02, 0.0000000E+00, 0.1050000E+03, 0.2617485E+03, 0.1050000E+03,
 0.5334000E+01, 0.3883012E+03, 0.2131693E+02, 0.0000000E+00, 0.1050000E+03, 0.2619843E+03, 0.1050000E+03,
 0.5336000E+01, 0.3885315E+03, 0.2131123E+02, 0.0000000E+00, 0.1050000E+03, 0.2622202E+03, 0.1050000E+03,
 0.5338000E+01, 0.3887617E+03, 0.2130553E+02, 0.0000000E+00, 0.1050000E+03, 0.2624562E+03, 0.1050000E+03,
 0.5340000E+01, 0.3889922E+03, 0.2129983E+02, 0.0000000E+00, 0.1050000E+03, 0.2626924E+03, 0.1050000E+03,
 0.5342000E+01, 0.3892227E+03, 0.2129412E+02, 0.0000000E+00, 0.1050000E+03, 0.2629286E+03, 0.1050000E+03,
 0.5344000E+01, 0.3894533E+03, 0.2128841E+02, 0.0000000E+00, 0.1050000E+03, 0.2631649E+03, 0.1050000E+03,
 0.5346000E+01, 0.3896841E+03, 0.2128271E+02, 0.0000000E+00, 0.1050000E+03, 0.2634014E+03, 0.1050000E+03,
 0.5348000E+01, 0.3899149E+03, 0.2127699E+02, 0.0000000E+00, 0.1050000E+03, 0.2636379E+03, 0.1050000E+03,
 0.5350000E+01, 0.3901459E+03, 0.2127128E+02, 0.0000000E+00, 0.1050000E+03, 0.2638746E+03, 0.1050000E+03,
 0.5352000E+01, 0.3903770E+03, 0.2126557E+02, 0.0000000E+00, 0.1050000E+03, 0.2641114E+03, 0.1050000E+03,
 0.5354000E+01, 0.3906082E+03, 0.2125985E+02, 0.0000000E+00, 0.1050000E+03, 0.2643483E+03, 0.1050000E+03,
 0.5356000E+01, 0.3908394E+03, 0.2125413E+02, 0.0000000E+00, 0.1050000E+03, 0.2645853E+03, 0.1050000E+03,
 0.5358000E+01, 0.3910708E+03, 0.2124841E+02, 0.0000000E+00, 0.1050000E+03, 0.2648224E+03, 0.1050000E+03,
 0.5360000E+01, 0.3913023E+03, 0.2124269E+02, 0.0000000E+00, 0.1050000E+03, 0.2650596E+03, 0.1050000E+03,
 0.5362000E+01, 0.3915339E+03, 0.2123696E+02, 0.0000000E+00, 0.1050000E+03, 0.2652970E+03, 0.1050000E+03,
 0.5364000E+01, 0.3917657E+03, 0.2123124E+02, 0.0000000E+00, 0.1050000E+03, 0.2655344E+03, 0.1050000E+03,
 0.5366000E+01, 0.3919975E+03, 0.2122551E+02, 0.0000000E+00, 0.1050000E+03, 0.2657719E+03, 0.1050000E+03,
 0.5368000E+01, 0.3922294E+03, 0.2121978E+02, 0.0000000E+00, 0.1050000E+03, 0.2660096E+03, 0.1050000E+03,
 0.5370000E+01, 0.3924614E+03, 0.2121405E+02, 0.0000000E+00, 0.1050000E+03, 0.2662474E+03, 0.1050000E+03,
 0.5372000E+01, 0.3926936E+03, 0.2120831E+02, 0.0000000E+00, 0.1050000E+03, 0.2664853E+03, 0.1050000E+03,
 0.5374000E+01, 0.3929258E+03, 0.2120258E+02, 0.0000000E+00, 0.1050000E+03, 0.2667232E+03, 0.1050000E+03,
 0.5376000E+01, 0.3931582E+03, 0.2119684E+02, 0.0000000E+00, 0.1050000E+03, 0.2669613E+03, 0.1050000E+03,
 0.5378000E+01, 0.3933906E+03, 0.2119110E+02, 0.0000000E+00, 0.1050000E+03, 0.2671995E+03, 0.1050000E+03,
 0.5380000E+01, 0.3936232E+03, 0.2118536E+02, 0.0000000E+00, 0.1050000E+03, 0.2674378E+03, 0.1050000E+03,
 0.5382000E+01, 0.3938559E+03, 0.2117961E+02, 0.0000000E+00, 0.1050000E+03, 0.2676762E+03, 0.1050000E+03,
 0.5384000E+01, 0.3940887E+03, 0.2117387E+02, 0.0000000E+00, 0.1050000E+03, 0.2679148E+03, 0.1050000E+03,
 0.5386000E+01, 0.3943215E+03, 0.2116812E+02, 0.0000000E+00, 0.1050000E+03, 0.2681534E+03, 0.1050000E+03,
 0.5388000E+01, 0.3945545E+03, 0.2116237E+02, 0.0000000E+00, 0.1050000E+03, 0.2683922E+03, 0.1050000E+03,
 0.5390000E+01, 0.3947876E+03, 0.2115662E+02, 0.0000000E+00, 0.1050000E+03, 0.2686310E+03, 0.1050000E+03,
 0.5392000E+01, 0.3950208E+03, 0.2115087E+02, 0.0000000E+00, 0.1050000E+03, 0.2688699E+03, 0.1050000E+03,
 0.5394000E+01, 0.3952541E+03, 0.2114511E+02, 0.0000000E+00, 0.1050000E+03, 0.2691090E+03, 0.1050000E+03,
 0.5396000E+01, 0.3954875E+03, 0.2113936E+02, 0.0000000E+00, 0.1050000E+03, 0.2693482E+03, 0.1050000E+03,
 0.5398000E+01, 0.3957210E+03, 0.2113360E+02, 0.0000000E+00, 0.1050000E+03, 0.2695874E+03, 0.1050000E+03,
 0.5400000E+01, 0.3959547E+03, 0.2112784E+02, 0.0000000E+00, 0.1050000E+03, 0.2698268E+03, 0.1050000E+03,
 0.5402000E+01, 0.3961884E+03, 0.2112208E+02, 0.0000000E+00, 0.1050000E+03, 0.2700663E+03, 0.1050000E+03,
 0.5404000E+01, 0.3964222E+03, 0.2111632E+02, 0.0000000E+00, 0.1050000E+03, 0.2703059E+03, 0.1050000E+03,
 0.5406000E+01, 0.3966562E+03, 0.2111055E+02, 0.0000000E+00, 0.1050000E+03, 0.2705456E+03, 0.1050000E+03,
 0.5408000E+01, 0.3968902E+03, 0.2110478E+02, 0.0000000E+00, 0.1050000E+03, 0.2707854E+03, 0.1050000E+03,
 0.5410000E+01, 0.3971243E+03, 0.2109901E+02, 0.0000000E+00, 0.1050000E+03, 0.2710253E+03, 0.1050000E+03,
 0.5412000E+01, 0.3973586E+03, 0.2109324E+02, 0.0000000E+00, 0.1050000E+03, 0.2712653E+03, 0.1050000E+03,
 0.5414000E+01, 0.3975929E+03, 0.2108747E+02, 0.0000000E+00, 0.1050000E+03, 0.2715054E+03, 0.1050000E+03,
 0.5416000E+01, 0.3978274E+03, 0.2108170E+02, 0.0000000E+00, 0.1050000E+03, 0.2717457E+03, 0.1050000E+03,
 0.5418000E+01, 0.3980619E+03, 0.2107592E+02, 0.0000000E+00, 0.1050000E+03, 0.2719860E+03, 0.1050000E+03,
 0.5420000E+01, 0.3982966E+03, 0.2107015E+02, 0.0000000E+00, 0.1050000E+03, 0.2722264E+03, 0.1050000E+03,
 0.5422000E+01, 0.3985313E+03, 0.2106437E+02, 0.0000000E+00, 0.1050000E+03, 0.2724670E+03, 0.1050000E+03,
 0.5424000E+01, 0.3987662E+03, 0.2105859E+02, 0.0000000E+00, 0.1050000E+03, 0.2727076E+03, 0.1050000E+03,
 0.5426000E+01, 0.3990012E+03, 0.2105280E+02, 0.0000000E+00, 0.1050000E+03, 0.2729484E+03, 0.1050000E+03,
 0.5428000E+01, 0.3992363E+03, 0.2104702E+02, 0.0000000E+00, 0.1050000E+03, 0.2731892E+03, 0.1050000E+03,
 0.5430000E+01, 0.3994714E+03, 0.2104123E+02, 0.0000000E+00, 0.1050000E+03, 0.2734302E+03, 0.1050000E+03,
 0.5432000E+01, 0.3997067E+03, 0.2103545E+02, 0.0000000E+00, 0.1050000E+03, 0.2736713E+03, 0.1050000E+03,
 0.5434000E+01, 0.3999421E+03, 0.2102966E+02, 0.0000000E+00, 0.1050000E+03, 0.2739124E+03, 0.1050000E+03,
 0.5436000E+01, 0.4001776E+03, 0.2102387E+02, 0.0000000E+00, 0.1050000E+03, 0.2741537E+03, 0.1050000E+03,
 0.5438000E+01, 0.4004132E+03, 0.2101807E+02, 0.0000000E+00, 0.1050000E+03, 0.2743951E+03, 0.1050000E+03,
 0.5440000E+01, 0.4006489E+03, 0.2101228E+02, 0.0000000E+00, 0.1050000E+03, 0.2746366E+03, 0.1050000E+03,
 0.5442000E+01, 0.4008846E+03, 0.2100648E+02, 0.0000000E+00, 0.1050000E+03, 0.2748781E+03, 0.1050000E+03,
 0.5444000E+01, 0.4011205E+03, 0.2100069E+02, 0.0000000E+00, 0.1050000E+03, 0.2751198E+03, 0.1050000E+03,
 0.5446000E+01, 0.4013565E+03, 0.2099489E+02, 0.0000000E+00, 0.1050000E+03, 0.2753616E+03, 0.1050000E+03,
 0.5448000E+01, 0.4015926E+03, 0.2098909E+02, 0.0000000E+00, 0.1050000E+03, 0.2756035E+03, 0.1050000E+03,
 0.5450000E+01, 0.4018288E+03, 0.2098328E+02, 0.0000000E+00, 0.1050000E+03, 0.2758455E+03, 0.1050000E+03,
 0.5452000E+01, 0.4020651E+03, 0.2097748E+02, 0.0000000E+00, 0.1050000E+03, 0.2760876E+03, 0.1050000E+03,
 0.5454000E+01, 0.4023015E+03, 0.2097167E+02, 0.0000000E+00, 0.1050000E+03, 0.2763298E+03, 0.1050000E+03,
 0.5456000E+01, 0.4025380E+03, 0.2096587E+02, 0.0000000E+00, 0.1050000E+03, 0.2765721E+03, 0.1050000E+03,
 0.5458000E+01, 0.4027746E+03, 0.2096006E+02, 0.0000000E+00, 0.1050000E+03, 0.2768145E+03, 0.1050000E+03,
 0.5460000E+01, 0.4030113E+03, 0.2095425E+02, 0.0000000E+00, 0.1050000E+03, 0.2770571E+03, 0.1050000E+03,
 0.5462000E+01, 0.4032481E+03, 0.2094844E+02, 0.0000000E+00, 0.1050000E+03, 0.2772997E+03, 0.1050000E+03,
 0.5464000E+01, 0.4034850E+03, 0.2094262E+02, 0.0000000E+00, 0.1050000E+03, 0.2775424E+03, 0.1050000E+03,
 0.5466000E+01, 0.4037220E+03, 0.2093681E+02, 0.0000000E+00, 0.1050000E+03, 0.2777852E+03, 0.1050000E+03,
 0.5468000E+01, 0.4039591E+03, 0.2093099E+02, 0.0000000E+00, 0.1050000E+03, 0.2780281E+03, 0.1050000E+03,
 0.5470000E+01, 0.4041963E+03, 0.2092517E+02, 0.0000000E+00, 0.1050000E+03, 0.2782711E+03, 0.1050000E+03,
 0.5472000E+01, 0.4044336E+03, 0.2091935E+02, 0.0000000E+00, 0.1050000E+03, 0.2785143E+03, 0.1050000E+03,
 0.5474000E+01, 0.4046710E+03, 0.2091353E+02, 0.0000000E+00, 0.1050000E+03, 0.2787575E+03, 0.1050000E+03,
 0.5476000E+01, 0.4049085E+03, 0.2090771E+02, 0.0000000E+00, 0.1050000E+03, 0.2790008E+03, 0.1050000E+03,
 0.5478000E+01, 0.4051461E+03, 0.2090189E+02, 0.0000000E+00, 0.1050000E+03, 0.2792442E+03, 0.1050000E+03,
 0.5480000E+01, 0.4053838E+03, 0.2089606E+02, 0.0000000E+00, 0.1050000E+03, 0.2794878E+03, 0.1050000E+03,
 0.5482000E+01, 0.4056216E+03, 0.2089023E+02, 0.0000000E+00, 0.1050000E+03, 0.2797314E+03, 0.1050000E+03,
 0.5484000E+01, 0.4058595E+03, 0.2088440E+02, 0.0000000E+00, 0.1050000E+03, 0.2799751E+03, 0.1050000E+03,
 0.5486000E+01, 0.4060975E+03, 0.2087857E+02, 0.0000000E+00, 0.1050000E+03, 0.2802189E+03, 0.1050000E+03,
 0.5488000E+01, 0.4063356E+03, 0.2087274E+02, 0.0000000E+00, 0.1050000E+03, 0.2804629E+03, 0.1050000E+03,
 0.5490000E+01, 0.4065738E+03, 0.2086691E+02, 0.0000000E+00, 0.1050000E+03, 0.2807069E+03, 0.1050000E+03,
 0.5492000E+01, 0.4068121E+03, 0.2086107E+02, 0.0000000E+00, 0.1050000E+03, 0.2809510E+03, 0.1050000E+03,
 0.5494000E+01, 0.4070505E+03, 0.2085524E+02, 0.0000000E+00, 0.1050000E+03, 0.2811952E+03, 0.1050000E+03,
 0.5496000E+01, 0.4072889E+03, 0.2084940E+02, 0.0000000E+00, 0.1050000E+03, 0.2814395E+03, 0.1050000E+03,
 0.5498000E+01, 0.4075275E+03, 0.2084356E+02, 0.0000000E+00, 0.1050000E+03, 0.2816840E+03, 0.1050000E+03,
 0.5500000E+01, 0.4077662E+03, 0.2083772E+02, 0.0000000E+00, 0.1050000E+03, 0.2819285E+03, 0.1050000E+03,
 0.5502000E+01, 0.4080050E+03, 0.2083188E+02, 0.0000000E+00, 0.1050000E+03, 0.2821731E+03, 0.1050000E+03,
 0.5504000E+01, 0.4082439E+03, 0.2082603E+02, 0.0000000E+00, 0.1050000E+03, 0.2824178E+03, 0.1050000E+03,
 0.5506000E+01, 0.4084828E+03, 0.2082019E+02, 0.0000000E+00, 0.1050000E+03, 0.2826627E+03, 0.1050000E+03,
 0.5508000E+01, 0.4087219E+03, 0.2081434E+02, 0.0000000E+00, 0.1050000E+03, 0.2829076E+03, 0.1050000E+03,
 0.5510000E+01, 0.4089611E+03, 0.2080850E+02, 0.0000000E+00, 0.1050000E+03, 0.2831526E+03, 0.1050000E+03,
 0.5512000E+01, 0.4092003E+03, 0.2080265E+02, 0.0000000E+00, 0.1050000E+03, 0.2833977E+03, 0.1050000E+03,
 0.5514000E+01, 0.4094397E+03, 0.2079680E+02, 0.0000000E+00, 0.1050000E+03, 0.2836429E+03, 0.1050000E+03,
 0.5516000E+01, 0.4096792E+03, 0.2079095E+02, 0.0000000E+00, 0.1050000E+03, 0.2838882E+03, 0.1050000E+03,
 0.5518000E+01, 0.4099187E+03, 0.2078509E+02, 0.0000000E+00, 0.1050000E+03, 0.2841336E+03, 0.1050000E+03,
 0.5520000E+01, 0.4101584E+03, 0.2077924E+02, 0.0000000E+00, 0.1050000E+03, 0.2843791E+03, 0.1050000E+03,
 0.5522000E+01, 0.4103981E+03, 0.2077338E+02, 0.0000000E+00, 0.1050000E+03, 0.2846247E+03, 0.1050000E+03,
 0.5524000E+01, 0.4106380E+03, 0.2076752E+02, 0.0000000E+00, 0.1050000E+03, 0.2848704E+03, 0.1050000E+03,
 0.5526000E+01, 0.4108779E+03, 0.2076167E+02, 0.0000000E+00, 0.1050000E+03, 0.2851162E+03, 0.1050000E+03,
 0.5528000E+01, 0.4111179E+03, 0.2075581E+02, 0.0000000E+00, 0.1050000E+03, 0.2853621E+03, 0.1050000E+03,
 0.5530000E+01, 0.4113581E+03, 0.2074994E+02, 0.0000000E+00, 0.1050000E+03, 0.2856081E+03, 0.1050000E+03,
 0.5532000E+01, 0.4115983E+03, 0.2074408E+02, 0.0000000E+00, 0.1050000E+03, 0.2858542E+03, 0.1050000E+03,
 0.5534000E+01, 0.4118386E+03, 0.2073822E+02, 0.0000000E+00, 0.1050000E+03, 0.2861004E+03, 0.1050000E+03,
 0.5536000E+01, 0.4120790E+03, 0.2073235E+02, 0.0000000E+00, 0.1050000E+03, 0.2863466E+03, 0.1050000E+03,
 0.5538000E+01, 0.4123195E+03, 0.2072649E+02, 0.0000000E+00, 0.1050000E+03, 0.2865930E+03, 0.1050000E+03,
 0.5540000E+01, 0.4125601E+03, 0.2072062E+02, 0.0000000E+00, 0.1050000E+03, 0.2868395E+03, 0.1050000E+03,
 0.5542000E+01, 0.4128008E+03, 0.2071475E+02, 0.0000000E+00, 0.1050000E+03, 0.2870861E+03, 0.1050000E+03,
 0.5544000E+01, 0.4130416E+03, 0.2070888E+02, 0.0000000E+00, 0.1050000E+03, 0.2873327E+03, 0.1050000E+03,
 0.5546000E+01, 0.4132825E+03, 0.2070301E+02, 0.0000000E+00, 0.1050000E+03, 0.2875795E+03, 0.1050000E+03,
 0.5548000E+01, 0.4135235E+03, 0.2069714E+02, 0.0000000E+00, 0.1050000E+03, 0.2878264E+03, 0.1050000E+03,
 0.5550000E+01, 0.4137646E+03, 0.2069126E+02, 0.0000000E+00, 0.1050000E+03, 0.2880733E+03, 0.1050000E+03,
 0.5552000E+01, 0.4140057E+03, 0.2068539E+02, 0.0000000E+00, 0.1050000E+03, 0.2883203E+03, 0.1050000E+03,
 0.5554000E+01, 0.4142470E+03, 0.2067951E+02, 0.0000000E+00, 0.1050000E+03, 0.2885675E+03, 0.1050000E+03,
 0.5556000E+01, 0.4144883E+03, 0.2067363E+02, 0.0000000E+00, 0.1050000E+03, 0.2888147E+03, 0.1050000E+03,
 0.5558000E+01, 0.4147298E+03, 0.2066775E+02, 0.0000000E+00, 0.1050000E+03, 0.2890620E+03, 0.1050000E+03,
 0.5560000E+01, 0.4149713E+03, 0.2066187E+02, 0.0000000E+00, 0.1050000E+03, 0.2893094E+03, 0.1050000E+03,
 0.5562000E+01, 0.4152130E+03, 0.2065599E+02, 0.0000000E+00, 0.1050000E+03, 0.2895569E+03, 0.1050000E+03,
 0.5564000E+01, 0.4154547E+03, 0.2065011E+02, 0.0000000E+00, 0.1050000E+03, 0.2898046E+03, 0.1050000E+03,
 0.5566000E+01, 0.4156965E+03, 0.2064422E+02, 0.0000000E+00, 0.1050000E+03, 0.2900523E+03, 0.1050000E+03,
 0.5568000E+01, 0.4159384E+03, 0.2063834E+02, 0.0000000E+00, 0.1050000E+03, 0.2903000E+03, 0.1050000E+03,
 0.5570000E+01, 0.4161804E+03, 0.2063245E+02, 0.0000000E+00, 0.1050000E+03, 0.2905479E+03, 0.1050000E+03,
 0.5572000E+01, 0.4164225E+03, 0.2062657E+02, 0.0000000E+00, 0.1050000E+03, 0.2907959E+03, 0.1050000E+03,
 0.5574000E+01, 0.4166647E+03, 0.2062068E+02, 0.0000000E+00, 0.1050000E+03, 0.2910440E+03, 0.1050000E+03,
 0.5576000E+01, 0.4169070E+03, 0.2061479E+02, 0.0000000E+00, 0.1050000E+03, 0.2912922E+03, 0.1050000E+03,
 0.5578000E+01, 0.4171493E+03, 0.2060890E+02, 0.0000000E+00, 0.1050000E+03, 0.2915404E+03, 0.1050000E+03,
 0.5580000E+01, 0.4173918E+03, 0.2060300E+02, 0.0000000E+00, 0.1050000E+03, 0.2917888E+03, 0.1050000E+03,
 0.5582000E+01, 0.4176343E+03, 0.2059711E+02, 0.0000000E+00, 0.1050000E+03, 0.2920372E+03, 0.1050000E+03,
 0.5584000E+01, 0.4178770E+03, 0.2059122E+02, 0.0000000E+00, 0.1050000E+03, 0.2922857E+03, 0.1050000E+03,
 0.5586000E+01, 0.4181197E+03, 0.2058532E+02, 0.0000000E+00, 0.1050000E+03, 0.2925344E+03, 0.1050000E+03,
 0.5588000E+01, 0.4183625E+03, 0.2057942E+02, 0.0000000E+00, 0.1050000E+03, 0.2927831E+03, 0.1050000E+03,
 0.5590000E+01, 0.4186054E+03, 0.2057353E+02, 0.0000000E+00, 0.1050000E+03, 0.2930319E+03, 0.1050000E+03,
 0.5592000E+01, 0.4188484E+03, 0.2056763E+02, 0.0000000E+00, 0.1050000E+03, 0.2932808E+03, 0.1050000E+03,
 0.5594000E+01, 0.4190915E+03, 0.2056173E+02, 0.0000000E+00, 0.1050000E+03, 0.2935298E+03, 0.1050000E+03,
 0.5596000E+01, 0.4193347E+03, 0.2055583E+02, 0.0000000E+00, 0.1050000E+03, 0.2937789E+03, 0.1050000E+03,
 0.5598000E+01, 0.4195780E+03, 0.2054992E+02, 0.0000000E+00, 0.1050000E+03, 0.2940280E+03, 0.1050000E+03,
 0.5600000E+01, 0.4198214E+03, 0.2054402E+02, 0.0000000E+00, 0.1050000E+03, 0.2942773E+03, 0.1050000E+03,
 0.5602000E+01, 0.4200648E+03, 0.2053812E+02, 0.0000000E+00, 0.1050000E+03, 0.2945267E+03, 0.1050000E+03,
 0.5604000E+01, 0.4203083E+03, 0.2053221E+02, 0.0000000E+00, 0.1050000E+03, 0.2947761E+03, 0.1050000E+03,
 0.5606000E+01, 0.4205520E+03, 0.2052631E+02, 0.0000000E+00, 0.1050000E+03, 0.2950257E+03, 0.1050000E+03,
 0.5608000E+01, 0.4207957E+03, 0.2052040E+02, 0.0000000E+00, 0.1050000E+03, 0.2952753E+03, 0.1050000E+03,
 0.5610000E+01, 0.4210395E+03, 0.2051449E+02, 0.0000000E+00, 0.1050000E+03, 0.2955250E+03, 0.1050000E+03,
 0.5612000E+01, 0.4212834E+03, 0.2050858E+02, 0.0000000E+00, 0.1050000E+03, 0.2957748E+03, 0.1050000E+03,
 0.5614000E+01, 0.4215274E+03, 0.2050267E+02, 0.0000000E+00, 0.1050000E+03, 0.2960247E+03, 0.1050000E+03,
 0.5616000E+01, 0.4217715E+03, 0.2049676E+02, 0.0000000E+00, 0.1050000E+03, 0.2962747E+03, 0.1050000E+03,
 0.5618000E+01, 0.4220156E+03, 0.2049085E+02, 0.0000000E+00, 0.1050000E+03, 0.2965247E+03, 0.1050000E+03,
 0.5620000E+01, 0.4222599E+03, 0.2048493E+02, 0.0000000E+00, 0.1050000E+03, 0.2967749E+03, 0.1050000E+03,
 0.5622000E+01, 0.4225042E+03, 0.2047902E+02, 0.0000000E+00, 0.1050000E+03, 0.2970252E+03, 0.1050000E+03,
 0.5624000E+01, 0.4227486E+03, 0.2047310E+02, 0.0000000E+00, 0.1050000E+03, 0.2972755E+03, 0.1050000E+03,
 0.5626000E+01, 0.4229931E+03, 0.2046719E+02, 0.0000000E+00, 0.1050000E+03, 0.2975259E+03, 0.1050000E+03,
 0.5628000E+01, 0.4232377E+03, 0.2046127E+02, 0.0000000E+00, 0.1050000E+03, 0.2977765E+03, 0.1050000E+03,
 0.5630000E+01, 0.4234824E+03, 0.2045535E+02, 0.0000000E+00, 0.1050000E+03, 0.2980270E+03, 0.1050000E+03,
 0.5632000E+01, 0.4237272E+03, 0.2044943E+02, 0.0000000E+00, 0.1050000E+03, 0.2982777E+03, 0.1050000E+03,
 0.5634000E+01, 0.4239720E+03, 0.2044351E+02, 0.0000000E+00, 0.1050000E+03, 0.2985285E+03, 0.1050000E+03,
 0.5636000E+01, 0.4242170E+03, 0.2043759E+02, 0.0000000E+00, 0.1050000E+03, 0.2987794E+03, 0.1050000E+03,
 0.5638000E+01, 0.4244620E+03, 0.2043167E+02, 0.0000000E+00, 0.1050000E+03, 0.2990303E+03, 0.1050000E+03,
 0.5640000E+01, 0.4247071E+03, 0.2042575E+02, 0.0000000E+00, 0.1050000E+03, 0.2992814E+03, 0.1050000E+03,
 0.5642000E+01, 0.4249523E+03, 0.2041982E+02, 0.0000000E+00, 0.1050000E+03, 0.2995325E+03, 0.1050000E+03,
 0.5644000E+01, 0.4251976E+03, 0.2041390E+02, 0.0000000E+00, 0.1050000E+03, 0.2997837E+03, 0.1050000E+03,
 0.5646000E+01, 0.4254430E+03, 0.2040797E+02, 0.0000000E+00, 0.1050000E+03, 0.3000350E+03, 0.1050000E+03,
 0.5648000E+01, 0.4256884E+03, 0.2040205E+02, 0.0000000E+00, 0.1050000E+03, 0.3002864E+03, 0.1050000E+03,
 0.5650000E+01, 0.4259340E+03, 0.2039612E+02, 0.0000000E+00, 0.1050000E+03, 0.3005379E+03, 0.1050000E+03,
 0.5652000E+01, 0.4261796E+03, 0.2039019E+02, 0.0000000E+00, 0.1050000E+03, 0.3007894E+03, 0.1050000E+03,
 0.5654000E+01, 0.4264253E+03, 0.2038426E+02, 0.0000000E+00, 0.1050000E+03, 0.3010411E+03, 0.1050000E+03,
 0.5656000E+01, 0.4266711E+03, 0.2037833E+02, 0.0000000E+00, 0.1050000E+03, 0.3012928E+03, 0.1050000E+03,
 0.5658000E+01, 0.4269170E+03, 0.2037240E+02, 0.0000000E+00, 0.1050000E+03, 0.3015446E+03, 0.1050000E+03,
 0.5660000E+01, 0.4271630E+03, 0.2036647E+02, 0.0000000E+00, 0.1050000E+03, 0.3017965E+03, 0.1050000E+03,
 0.5662000E+01, 0.4274090E+03, 0.2036054E+02, 0.0000000E+00, 0.1050000E+03, 0.3020485E+03, 0.1050000E+03,
 0.5664000E+01, 0.4276552E+03, 0.2035461E+02, 0.0000000E+00, 0.1050000E+03, 0.3023005E+03, 0.1050000E+03,
 0.5666000E+01, 0.4279014E+03, 0.2034867E+02, 0.0000000E+00, 0.1050000E+03, 0.3025527E+03, 0.1050000E+03,
 0.5668000E+01, 0.4281477E+03, 0.2034274E+02, 0.0000000E+00, 0.1050000E+03, 0.3028049E+03, 0.1050000E+03,
 0.5670000E+01, 0.4283941E+03, 0.2033680E+02, 0.0000000E+00, 0.1050000E+03, 0.3030573E+03, 0.1050000E+03,
 0.5672000E+01, 0.4286405E+03, 0.2033087E+02, 0.0000000E+00, 0.1050000E+03, 0.3033097E+03, 0.1050000E+03,
 0.5674000E+01, 0.4288871E+03, 0.2032493E+02, 0.0000000E+00, 0.1050000E+03, 0.3035622E+03, 0.1050000E+03,
 0.5676000E+01, 0.4291337E+03, 0.2031899E+02, 0.0000000E+00, 0.1050000E+03, 0.3038147E+03, 0.1050000E+03,
 0.5678000E+01, 0.4293804E+03, 0.2031305E+02, 0.0000000E+00, 0.1050000E+03, 0.3040674E+03, 0.1050000E+03,
 0.5680000E+01, 0.4296272E+03, 0.2030711E+02, 0.0000000E+00, 0.1050000E+03, 0.3043201E+03, 0.1050000E+03,
 0.5682000E+01, 0.4298741E+03, 0.2030117E+02, 0.0000000E+00, 0.1050000E+03, 0.3045729E+03, 0.1050000E+03,
 0.5684000E+01, 0.4301211E+03, 0.2029523E+02, 0.0000000E+00, 0.1050000E+03, 0.3048258E+03, 0.1050000E+03,
 0.5686000E+01, 0.4303681E+03, 0.2028929E+02, 0.0000000E+00, 0.1050000E+03, 0.3050788E+03, 0.1050000E+03,
 0.5688000E+01, 0.4306152E+03, 0.2028335E+02, 0.0000000E+00, 0.1050000E+03, 0.3053319E+03, 0.1050000E+03,
 0.5690000E+01, 0.4308625E+03, 0.2027741E+02, 0.0000000E+00, 0.1050000E+03, 0.3055851E+03, 0.1050000E+03,
 0.5692000E+01, 0.4311097E+03, 0.2027146E+02, 0.0000000E+00, 0.1050000E+03, 0.3058383E+03, 0.1050000E+03,
 0.5694000E+01, 0.4313571E+03, 0.2026552E+02, 0.0000000E+00, 0.1050000E+03, 0.3060916E+03, 0.1050000E+03,
 0.5696000E+01, 0.4316046E+03, 0.2025957E+02, 0.0000000E+00, 0.1050000E+03, 0.3063450E+03, 0.1050000E+03,
 0.5698000E+01, 0.4318521E+03, 0.2025363E+02, 0.0000000E+00, 0.1050000E+03, 0.3065985E+03, 0.1050000E+03,
 0.5700000E+01, 0.4320997E+03, 0.2024768E+02, 0.0000000E+00, 0.1050000E+03, 0.3068520E+03, 0.1050000E+03,
 0.5702000E+01, 0.4323474E+03, 0.2024173E+02, 0.0000000E+00, 0.1050000E+03, 0.3071057E+03, 0.1050000E+03,
 0.5704000E+01, 0.4325952E+03, 0.2023579E+02, 0.0000000E+00, 0.1050000E+03, 0.3073594E+03, 0.1050000E+03,
 0.5706000E+01, 0.4328430E+03, 0.2022984E+02, 0.0000000E+00, 0.1050000E+03, 0.3076132E+03, 0.1050000E+03,
 0.5708000E+01, 0.4330909E+03, 0.2022389E+02, 0.0000000E+00, 0.1050000E+03, 0.3078671E+03, 0.1050000E+03,
 0.5710000E+01, 0.4333390E+03, 0.2021794E+02, 0.0000000E+00, 0.1050000E+03, 0.3081210E+03, 0.1050000E+03,
 0.5712000E+01, 0.4335871E+03, 0.2021199E+02, 0.0000000E+00, 0.1050000E+03, 0.3083751E+03, 0.1050000E+03,
 0.5714000E+01, 0.4338352E+03, 0.2020604E+02, 0.0000000E+00, 0.1050000E+03, 0.3086292E+03, 0.1050000E+03,
 0.5716000E+01, 0.4340835E+03, 0.2020009E+02, 0.0000000E+00, 0.1050000E+03, 0.3088834E+03, 0.1050000E+03,
 0.5718000E+01, 0.4343318E+03, 0.2019413E+02, 0.0000000E+00, 0.1050000E+03, 0.3091377E+03, 0.1050000E+03,
 0.5720000E+01, 0.4345802E+03, 0.2018818E+02, 0.0000000E+00, 0.1050000E+03, 0.3093920E+03, 0.1050000E+03,
 0.5722000E+01, 0.4348287E+03, 0.2018223E+02, 0.0000000E+00, 0.1050000E+03, 0.3096465E+03, 0.1050000E+03,
 0.5724000E+01, 0.4350772E+03, 0.2017627E+02, 0.0000000E+00, 0.1050000E+03, 0.3099010E+03, 0.1050000E+03,
 0.5726000E+01, 0.4353259E+03, 0.2017032E+02, 0.0000000E+00, 0.1050000E+03, 0.3101556E+03, 0.1050000E+03,
 0.5728000E+01, 0.4355746E+03, 0.2016436E+02, 0.0000000E+00, 0.1050000E+03, 0.3104102E+03, 0.1050000E+03,
 0.5730000E+01, 0.4358234E+03, 0.2015841E+02, 0.0000000E+00, 0.1050000E+03, 0.3106650E+03, 0.1050000E+03,
 0.5732000E+01, 0.4360723E+03, 0.2015245E+02, 0.0000000E+00, 0.1050000E+03, 0.3109198E+03, 0.1050000E+03,
 0.5734000E+01, 0.4363212E+03, 0.2014650E+02, 0.0000000E+00, 0.1050000E+03, 0.3111747E+03, 0.1050000E+03,
 0.5736000E+01, 0.4365703E+03, 0.2014054E+02, 0.0000000E+00, 0.1050000E+03, 0.3114297E+03, 0.1050000E+03,
 0.5738000E+01, 0.4368194E+03, 0.2013458E+02, 0.0000000E+00, 0.1050000E+03, 0.3116848E+03, 0.1050000E+03,
 0.5740000E+01, 0.4370685E+03, 0.2012862E+02, 0.0000000E+00, 0.1050000E+03, 0.3119399E+03, 0.1050000E+03,
 0.5742000E+01, 0.4373178E+03, 0.2012267E+02, 0.0000000E+00, 0.1050000E+03, 0.3121951E+03, 0.1050000E+03,
 0.5744000E+01, 0.4375671E+03, 0.2011670E+02, 0.0000000E+00, 0.1050000E+03, 0.3124504E+03, 0.1050000E+03,
 0.5746000E+01, 0.4378166E+03, 0.2011075E+02, 0.0000000E+00, 0.1050000E+03, 0.3127058E+03, 0.1050000E+03,
 0.5748000E+01, 0.4380660E+03, 0.2010479E+02, 0.0000000E+00, 0.1050000E+03, 0.3129612E+03, 0.1050000E+03,
 0.5750000E+01, 0.4383156E+03, 0.2009883E+02, 0.0000000E+00, 0.1050000E+03, 0.3132168E+03, 0.1050000E+03,
 0.5752000E+01, 0.4385652E+03, 0.2009286E+02, 0.0000000E+00, 0.1050000E+03, 0.3134724E+03, 0.1050000E+03,
 0.5754000E+01, 0.4388149E+03, 0.2008690E+02, 0.0000000E+00, 0.1050000E+03, 0.3137280E+03, 0.1050000E+03,
 0.5756000E+01, 0.4390647E+03, 0.2008094E+02, 0.0000000E+00, 0.1050000E+03, 0.3139838E+03, 0.1050000E+03,
 0.5758000E+01, 0.4393146E+03, 0.2007498E+02, 0.0000000E+00, 0.1050000E+03, 0.3142396E+03, 0.1050000E+03,
 0.5760000E+01, 0.4395645E+03, 0.2006902E+02, 0.0000000E+00, 0.1050000E+03, 0.3144955E+03, 0.1050000E+03,
 0.5762000E+01, 0.4398145E+03, 0.2006305E+02, 0.0000000E+00, 0.1050000E+03, 0.3147515E+03, 0.1050000E+03,
 0.5764000E+01, 0.4400646E+03, 0.2005709E+02, 0.0000000E+00, 0.1050000E+03, 0.3150075E+03, 0.1050000E+03,
 0.5766000E+01, 0.4403148E+03, 0.2005112E+02, 0.0000000E+00, 0.1050000E+03, 0.3152636E+03, 0.1050000E+03,
 0.5768000E+01, 0.4405650E+03, 0.2004516E+02, 0.0000000E+00, 0.1050000E+03, 0.3155199E+03, 0.1050000E+03,
 0.5770000E+01, 0.4408153E+03, 0.2003920E+02, 0.0000000E+00, 0.1050000E+03, 0.3157761E+03, 0.1050000E+03,
 0.5772000E+01, 0.4410657E+03, 0.2003323E+02, 0.0000000E+00, 0.1050000E+03, 0.3160325E+03, 0.1050000E+03,
 0.5774000E+01, 0.4413162E+03, 0.2002726E+02, 0.0000000E+00, 0.1050000E+03, 0.3162889E+03, 0.1050000E+03,
 0.5776000E+01, 0.4415667E+03, 0.2002130E+02, 0.0000000E+00, 0.1050000E+03, 0.3165454E+03, 0.1050000E+03,
 0.5778000E+01, 0.4418173E+03, 0.2001533E+02, 0.0000000E+00, 0.1050000E+03, 0.3168019E+03, 0.1050000E+03,
 0.5780000E+01, 0.4420679E+03, 0.2000937E+02, 0.0000000E+00, 0.1050000E+03, 0.3170586E+03, 0.1050000E+03,
 0.5782000E+01, 0.4423187E+03, 0.2000340E+02, 0.0000000E+00, 0.1050000E+03, 0.3173153E+03, 0.1050000E+03,
 0.5784000E+01, 0.4425695E+03, 0.1999743E+02, 0.0000000E+00, 0.1050000E+03, 0.3175721E+03, 0.1050000E+03,
 0.5786000E+01, 0.4428204E+03, 0.1999146E+02, 0.0000000E+00, 0.1050000E+03, 0.3178289E+03, 0.1050000E+03,
 0.5788000E+01, 0.4430714E+03, 0.1998549E+02, 0.0000000E+00, 0.1050000E+03, 0.3180858E+03, 0.1050000E+03,
 0.5790000E+01, 0.4433224E+03, 0.1997953E+02, 0.0000000E+00, 0.1050000E+03, 0.3183429E+03, 0.1050000E+03,
 0.5792000E+01, 0.4435735E+03, 0.1997356E+02, 0.0000000E+00, 0.1050000E+03, 0.3185999E+03, 0.1050000E+03,
 0.5794000E+01, 0.4438246E+03, 0.1996759E+02, 0.0000000E+00, 0.1050000E+03, 0.3188571E+03, 0.1050000E+03,
 0.5796000E+01, 0.4440759E+03, 0.1996162E+02, 0.0000000E+00, 0.1050000E+03, 0.3191143E+03, 0.1050000E+03,
 0.5798000E+01, 0.4443272E+03, 0.1995565E+02, 0.0000000E+00, 0.1050000E+03, 0.3193716E+03, 0.1050000E+03,
 0.5800000E+01, 0.4445786E+03, 0.1994968E+02, 0.0000000E+00, 0.1050000E+03, 0.3196289E+03, 0.1050000E+03,
 0.5802000E+01, 0.4448301E+03, 0.1994371E+02, 0.0000000E+00, 0.1050000E+03, 0.3198864E+03, 0.1050000E+03,
 0.5804000E+01, 0.4450816E+03, 0.1993774E+02, 0.0000000E+00, 0.1050000E+03, 0.3201439E+03, 0.1050000E+03,
 0.5806000E+01, 0.4453332E+03, 0.1993177E+02, 0.0000000E+00, 0.1050000E+03, 0.3204014E+03, 0.1050000E+03,
 0.5808000E+01, 0.4455848E+03, 0.1992580E+02, 0.0000000E+00, 0.1050000E+03, 0.3206591E+03, 0.1050000E+03,
 0.5810000E+01, 0.4458366E+03, 0.1991983E+02, 0.0000000E+00, 0.1050000E+03, 0.3209167E+03, 0.1050000E+03,
 0.5812000E+01, 0.4460884E+03, 0.1991386E+02, 0.0000000E+00, 0.1050000E+03, 0.3211745E+03, 0.1050000E+03,
 0.5814000E+01, 0.4463403E+03, 0.1990789E+02, 0.0000000E+00, 0.1050000E+03, 0.3214324E+03, 0.1050000E+03,
 0.5816000E+01, 0.4465922E+03, 0.1990192E+02, 0.0000000E+00, 0.1050000E+03, 0.3216903E+03, 0.1050000E+03,
 0.5818000E+01, 0.4468442E+03, 0.1989594E+02, 0.0000000E+00, 0.1050000E+03, 0.3219483E+03, 0.1050000E+03,
 0.5820000E+01, 0.4470963E+03, 0.1988997E+02, 0.0000000E+00, 0.1050000E+03, 0.3222063E+03, 0.1050000E+03,
 0.5822000E+01, 0.4473484E+03, 0.1988400E+02, 0.0000000E+00, 0.1050000E+03, 0.3224644E+03, 0.1050000E+03,
 0.5824000E+01, 0.4476007E+03, 0.1987803E+02, 0.0000000E+00, 0.1050000E+03, 0.3227226E+03, 0.1050000E+03,
 0.5826000E+01, 0.4478529E+03, 0.1987206E+02, 0.0000000E+00, 0.1050000E+03, 0.3229809E+03, 0.1050000E+03,
 0.5828000E+01, 0.4481053E+03, 0.1986608E+02, 0.0000000E+00, 0.1050000E+03, 0.3232392E+03, 0.1050000E+03,
 0.5830000E+01, 0.4483577E+03, 0.1986011E+02, 0.0000000E+00, 0.1050000E+03, 0.3234976E+03, 0.1050000E+03,
 0.5832000E+01, 0.4486102E+03, 0.1985414E+02, 0.0000000E+00, 0.1050000E+03, 0.3237561E+03, 0.1050000E+03,
 0.5834000E+01, 0.4488628E+03, 0.1984817E+02, 0.0000000E+00, 0.1050000E+03, 0.3240146E+03, 0.1050000E+03,
 0.5836000E+01, 0.4491154E+03, 0.1984219E+02, 0.0000000E+00, 0.1050000E+03, 0.3242732E+03, 0.1050000E+03,
 0.5838000E+01, 0.4493681E+03, 0.1983622E+02, 0.0000000E+00, 0.1050000E+03, 0.3245319E+03, 0.1050000E+03,
 0.5840000E+01, 0.4496208E+03, 0.1983025E+02, 0.0000000E+00, 0.1050000E+03, 0.3247906E+03, 0.1050000E+03,
 0.5842000E+01, 0.4498736E+03, 0.1982427E+02, 0.0000000E+00, 0.1050000E+03, 0.3250494E+03, 0.1050000E+03,
 0.5844000E+01, 0.4501265E+03, 0.1981830E+02, 0.0000000E+00, 0.1050000E+03, 0.3253082E+03, 0.1050000E+03,
 0.5846000E+01, 0.4503795E+03, 0.1981233E+02, 0.0000000E+00, 0.1050000E+03, 0.3255671E+03, 0.1050000E+03,
 0.5848000E+01, 0.4506325E+03, 0.1980635E+02, 0.0000000E+00, 0.1050000E+03, 0.3258261E+03, 0.1050000E+03,
 0.5850000E+01, 0.4508856E+03, 0.1980038E+02, 0.0000000E+00, 0.1050000E+03, 0.3260852E+03, 0.1050000E+03,
 0.5852000E+01, 0.4511387E+03, 0.1979440E+02, 0.0000000E+00, 0.1050000E+03, 0.3263443E+03, 0.1050000E+03,
 0.5854000E+01, 0.4513919E+03, 0.1978843E+02, 0.0000000E+00, 0.1050000E+03, 0.3266035E+03, 0.1050000E+03,
 0.5856000E+01, 0.4516452E+03, 0.1978246E+02, 0.0000000E+00, 0.1050000E+03, 0.3268627E+03, 0.1050000E+03,
 0.5858000E+01, 0.4518985E+03, 0.1977648E+02, 0.0000000E+00, 0.1050000E+03, 0.3271221E+03, 0.1050000E+03,
 0.5860000E+01, 0.4521519E+03, 0.1977051E+02, 0.0000000E+00, 0.1050000E+03, 0.3273814E+03, 0.1050000E+03,
 0.5862000E+01, 0.4524054E+03, 0.1976454E+02, 0.0000000E+00, 0.1050000E+03, 0.3276409E+03, 0.1050000E+03,
 0.5864000E+01, 0.4526589E+03, 0.1975856E+02, 0.0000000E+00, 0.1050000E+03, 0.3279004E+03, 0.1050000E+03,
 0.5866000E+01, 0.4529125E+03, 0.1975259E+02, 0.0000000E+00, 0.1050000E+03, 0.3281599E+03, 0.1050000E+03,
 0.5868000E+01, 0.4531662E+03, 0.1974662E+02, 0.0000000E+00, 0.1050000E+03, 0.3284196E+03, 0.1050000E+03,
 0.5870000E+01, 0.4534199E+03, 0.1974064E+02, 0.0000000E+00, 0.1050000E+03, 0.3286793E+03, 0.1050000E+03,
 0.5872000E+01, 0.4536737E+03, 0.1973467E+02, 0.0000000E+00, 0.1050000E+03, 0.3289391E+03, 0.1050000E+03,
 0.5874000E+01, 0.4539276E+03, 0.1972869E+02, 0.0000000E+00, 0.1050000E+03, 0.3291989E+03, 0.1050000E+03,
 0.5876000E+01, 0.4541815E+03, 0.1972272E+02, 0.0000000E+00, 0.1050000E+03, 0.3294587E+03, 0.1050000E+03,
 0.5878000E+01, 0.4544355E+03, 0.1971675E+02, 0.0000000E+00, 0.1050000E+03, 0.3297187E+03, 0.1050000E+03,
 0.5880000E+01, 0.4546895E+03, 0.1971078E+02, 0.0000000E+00, 0.1050000E+03, 0.3299787E+03, 0.1050000E+03,
 0.5882000E+01, 0.4549436E+03, 0.1970480E+02, 0.0000000E+00, 0.1050000E+03, 0.3302388E+03, 0.1050000E+03,
 0.5884000E+01, 0.4551977E+03, 0.1969883E+02, 0.0000000E+00, 0.1050000E+03, 0.3304989E+03, 0.1050000E+03,
 0.5886000E+01, 0.4554519E+03, 0.1969285E+02, 0.0000000E+00, 0.1050000E+03, 0.3307591E+03, 0.1050000E+03,
 0.5888000E+01, 0.4557062E+03, 0.1968688E+02, 0.0000000E+00, 0.1050000E+03, 0.3310193E+03, 0.1050000E+03,
 0.5890000E+01, 0.4559606E+03, 0.1968091E+02, 0.0000000E+00, 0.1050000E+03, 0.3312797E+03, 0.1050000E+03,
 0.5892000E+01, 0.4562150E+03, 0.1967494E+02, 0.0000000E+00, 0.1050000E+03, 0.3315400E+03, 0.1050000E+03,
 0.5894000E+01, 0.4564694E+03, 0.1966896E+02, 0.0000000E+00, 0.1050000E+03, 0.3318005E+03, 0.1050000E+03,
 0.5896000E+01, 0.4567240E+03, 0.1966299E+02, 0.0000000E+00, 0.1050000E+03, 0.3320610E+03, 0.1050000E+03,
 0.5898000E+01, 0.4569785E+03, 0.1965702E+02, 0.0000000E+00, 0.1050000E+03, 0.3323215E+03, 0.1050000E+03,
 0.5900000E+01, 0.4572332E+03, 0.1965105E+02, 0.0000000E+00, 0.1050000E+03, 0.3325821E+03, 0.1050000E+03,
 0.5902000E+01, 0.4574879E+03, 0.1964507E+02, 0.0000000E+00, 0.1050000E+03, 0.3328428E+03, 0.1050000E+03,
 0.5904000E+01, 0.4577426E+03, 0.1963910E+02, 0.0000000E+00, 0.1050000E+03, 0.3331035E+03, 0.1050000E+03,
 0.5906000E+01, 0.4579975E+03, 0.1963313E+02, 0.0000000E+00, 0.1050000E+03, 0.3333643E+03, 0.1050000E+03,
 0.5908000E+01, 0.4582523E+03, 0.1962716E+02, 0.0000000E+00, 0.1050000E+03, 0.3336252E+03, 0.1050000E+03,
 0.5910000E+01, 0.4585073E+03, 0.1962119E+02, 0.0000000E+00, 0.1050000E+03, 0.3338861E+03, 0.1050000E+03,
 0.5912000E+01, 0.4587623E+03, 0.1961522E+02, 0.0000000E+00, 0.1050000E+03, 0.3341471E+03, 0.1050000E+03,
 0.5914000E+01, 0.4590173E+03, 0.1960925E+02, 0.0000000E+00, 0.1050000E+03, 0.3344081E+03, 0.1050000E+03,
 0.5916000E+01, 0.4592725E+03, 0.1960327E+02, 0.0000000E+00, 0.1050000E+03, 0.3346692E+03, 0.1050000E+03,
 0.5918000E+01, 0.4595276E+03, 0.1959730E+02, 0.0000000E+00, 0.1050000E+03, 0.3349303E+03, 0.1050000E+03,
 0.5920000E+01, 0.4597828E+03, 0.1959133E+02, 0.0000000E+00, 0.1050000E+03, 0.3351915E+03, 0.1050000E+03,
 0.5922000E+01, 0.4600381E+03, 0.1958536E+02, 0.0000000E+00, 0.1050000E+03, 0.3354528E+03, 0.1050000E+03,
 0.5924000E+01, 0.4602935E+03, 0.1957939E+02, 0.0000000E+00, 0.1050000E+03, 0.3357141E+03, 0.1050000E+03,
 0.5926000E+01, 0.4605489E+03, 0.1957342E+02, 0.0000000E+00, 0.1050000E+03, 0.3359755E+03, 0.1050000E+03,
 0.5928000E+01, 0.4608043E+03, 0.1956746E+02, 0.0000000E+00, 0.1050000E+03, 0.3362369E+03, 0.1050000E+03,
 0.5930000E+01, 0.4610598E+03, 0.1956149E+02, 0.0000000E+00, 0.1050000E+03, 0.3364984E+03, 0.1050000E+03,
 0.5932000E+01, 0.4613154E+03, 0.1955552E+02, 0.0000000E+00, 0.1050000E+03, 0.3367599E+03, 0.1050000E+03,
 0.5934000E+01, 0.4615710E+03, 0.1954955E+02, 0.0000000E+00, 0.1050000E+03, 0.3370215E+03, 0.1050000E+03,
 0.5936000E+01, 0.4618267E+03, 0.1954358E+02, 0.0000000E+00, 0.1050000E+03, 0.3372831E+03, 0.1050000E+03,
 0.5938000E+01, 0.4620825E+03, 0.1953761E+02, 0.0000000E+00, 0.1050000E+03, 0.3375448E+03, 0.1050000E+03,
 0.5940000E+01, 0.4623383E+03, 0.1953164E+02, 0.0000000E+00, 0.1050000E+03, 0.3378066E+03, 0.1050000E+03,
 0.5942000E+01, 0.4625941E+03, 0.1952568E+02, 0.0000000E+00, 0.1050000E+03, 0.3380684E+03, 0.1050000E+03,
 0.5944000E+01, 0.4628500E+03, 0.1951971E+02, 0.0000000E+00, 0.1050000E+03, 0.3383303E+03, 0.1050000E+03,
 0.5946000E+01, 0.4631060E+03, 0.1951374E+02, 0.0000000E+00, 0.1050000E+03, 0.3385922E+03, 0.1050000E+03,
 0.5948000E+01, 0.4633620E+03, 0.1950778E+02, 0.0000000E+00, 0.1050000E+03, 0.3388542E+03, 0.1050000E+03,
 0.5950000E+01, 0.4636180E+03, 0.1950181E+02, 0.0000000E+00, 0.1050000E+03, 0.3391162E+03, 0.1050000E+03,
 0.5952000E+01, 0.4638741E+03, 0.1949585E+02, 0.0000000E+00, 0.1050000E+03, 0.3393783E+03, 0.1050000E+03,
 0.5954000E+01, 0.4641303E+03, 0.1948988E+02, 0.0000000E+00, 0.1050000E+03, 0.3396404E+03, 0.1050000E+03,
 0.5956000E+01, 0.4643865E+03, 0.1948392E+02, 0.0000000E+00, 0.1050000E+03, 0.3399026E+03, 0.1050000E+03,
 0.5958000E+01, 0.4646428E+03, 0.1947795E+02, 0.0000000E+00, 0.1050000E+03, 0.3401649E+03, 0.1050000E+03,
 0.5960000E+01, 0.4648991E+03, 0.1947199E+02, 0.0000000E+00, 0.1050000E+03, 0.3404272E+03, 0.1050000E+03,
 0.5962000E+01, 0.4651555E+03, 0.1946602E+02, 0.0000000E+00, 0.1050000E+03, 0.3406895E+03, 0.1050000E+03,
 0.5964000E+01, 0.4654120E+03, 0.1946006E+02, 0.0000000E+00, 0.1050000E+03, 0.3409519E+03, 0.1050000E+03,
 0.5966000E+01, 0.4656685E+03, 0.1945410E+02, 0.0000000E+00, 0.1050000E+03, 0.3412144E+03, 0.1050000E+03,
 0.5968000E+01, 0.4659250E+03, 0.1944814E+02, 0.0000000E+00, 0.1050000E+03, 0.3414769E+03, 0.1050000E+03,
 0.5970000E+01, 0.4661816E+03, 0.1944217E+02, 0.0000000E+00, 0.1050000E+03, 0.3417394E+03, 0.1050000E+03,
 0.5972000E+01, 0.4664382E+03, 0.1943621E+02, 0.0000000E+00, 0.1050000E+03, 0.3420020E+03, 0.1050000E+03,
 0.5974000E+01, 0.4666949E+03, 0.1943025E+02, 0.0000000E+00, 0.1050000E+03, 0.3422647E+03, 0.1050000E+03,
 0.5976000E+01, 0.4669517E+03, 0.1942429E+02, 0.0000000E+00, 0.1050000E+03, 0.3425274E+03, 0.1050000E+03,
 0.5978000E+01, 0.4672085E+03, 0.1941833E+02, 0.0000000E+00, 0.1050000E+03, 0.3427902E+03, 0.1050000E+03,
 0.5980000E+01, 0.4674653E+03, 0.1941237E+02, 0.0000000E+00, 0.1050000E+03, 0.3430529E+03, 0.1050000E+03,
 0.5982000E+01, 0.4677222E+03, 0.1940641E+02, 0.0000000E+00, 0.1050000E+03, 0.3433158E+03, 0.1050000E+03,
 0.5984000E+01, 0.4679792E+03, 0.1940045E+02, 0.0000000E+00, 0.1050000E+03, 0.3435787E+03, 0.1050000E+03,
 0.5986000E+01, 0.4682362E+03, 0.1939450E+02, 0.0000000E+00, 0.1050000E+03, 0.3438417E+03, 0.1050000E+03,
 0.5988000E+01, 0.4684932E+03, 0.1938854E+02, 0.0000000E+00, 0.1050000E+03, 0.3441047E+03, 0.1050000E+03,
 0.5990000E+01, 0.4687503E+03, 0.1938258E+02, 0.0000000E+00, 0.1050000E+03, 0.3443677E+03, 0.1050000E+03,
 0.5992000E+01, 0.4690075E+03, 0.1937662E+02, 0.0000000E+00, 0.1050000E+03, 0.3446309E+03, 0.1050000E+03,
 0.5994000E+01, 0.4692647E+03, 0.1937067E+02, 0.0000000E+00, 0.1050000E+03, 0.3448940E+03, 0.1050000E+03,
 0.5996000E+01, 0.4695219E+03, 0.1936471E+02, 0.0000000E+00, 0.1050000E+03, 0.3451572E+03, 0.1050000E+03,
 0.5998000E+01, 0.4697792E+03, 0.1935876E+02, 0.0000000E+00, 0.1050000E+03, 0.3454204E+03, 0.1050000E+03,
 0.6000000E+01, 0.4700366E+03, 0.1935280E+02, 0.0000000E+00, 0.1050000E+03, 0.3456837E+03, 0.1050000E+03,
 0.6002000E+01, 0.4702939E+03, 0.1934685E+02, 0.0000000E+00, 0.1050000E+03, 0.3459471E+03, 0.1050000E+03,
 0.6004000E+01, 0.4705514E+03, 0.1934089E+02, 0.0000000E+00, 0.1050000E+03, 0.3462105E+03, 0.1050000E+03,
 0.6006000E+01, 0.4708089E+03, 0.1933494E+02, 0.0000000E+00, 0.1050000E+03, 0.3464739E+03, 0.1050000E+03,
 0.6008000E+01, 0.4710664E+03, 0.1932899E+02, 0.0000000E+00, 0.1050000E+03, 0.3467374E+03, 0.1050000E+03,
 0.6010000E+01, 0.4713240E+03, 0.1932304E+02, 0.0000000E+00, 0.1050000E+03, 0.3470009E+03, 0.1050000E+03,
 0.6012000E+01, 0.4715816E+03, 0.1931709E+02, 0.0000000E+00, 0.1050000E+03, 0.3472645E+03, 0.1050000E+03,
 0.6014000E+01, 0.4718393E+03, 0.1931114E+02, 0.0000000E+00, 0.1050000E+03, 0.3475281E+03, 0.1050000E+03,
 0.6016000E+01, 0.4720970E+03, 0.1930519E+02, 0.0000000E+00, 0.1050000E+03, 0.3477918E+03, 0.1050000E+03,
 0.6018000E+01, 0.4723548E+03, 0.1929924E+02, 0.0000000E+00, 0.1050000E+03, 0.3480555E+03, 0.1050000E+03,
 0.6020000E+01, 0.4726126E+03, 0.1929329E+02, 0.0000000E+00, 0.1050000E+03, 0.3483193E+03, 0.1050000E+03,
 0.6022000E+01, 0.4728705E+03, 0.1928734E+02, 0.0000000E+00, 0.1050000E+03, 0.3485831E+03, 0.1050000E+03,
 0.6024000E+01, 0.4731284E+03, 0.1928139E+02, 0.0000000E+00, 0.1050000E+03, 0.3488470E+03, 0.1050000E+03,
 0.6026000E+01, 0.4733863E+03, 0.1927545E+02, 0.0000000E+00, 0.1050000E+03, 0.3491109E+03, 0.1050000E+03,
 0.6028000E+01, 0.4736443E+03, 0.1926950E+02, 0.0000000E+00, 0.1050000E+03, 0.3493748E+03, 0.1050000E+03,
 0.6030000E+01, 0.4739023E+03, 0.1926356E+02, 0.0000000E+00, 0.1050000E+03, 0.3496388E+03, 0.1050000E+03,
 0.6032000E+01, 0.4741604E+03, 0.1925761E+02, 0.0000000E+00, 0.1050000E+03, 0.3499028E+03, 0.1050000E+03,
 0.6034000E+01, 0.4744185E+03, 0.1925167E+02, 0.0000000E+00, 0.1050000E+03, 0.3501669E+03, 0.1050000E+03,
 0.6036000E+01, 0.4746767E+03, 0.1924573E+02, 0.0000000E+00, 0.1050000E+03, 0.3504310E+03, 0.1050000E+03,
 0.6038000E+01, 0.4749349E+03, 0.1923978E+02, 0.0000000E+00, 0.1050000E+03, 0.3506952E+03, 0.1050000E+03,
 0.6040000E+01, 0.4751932E+03, 0.1923384E+02, 0.0000000E+00, 0.1050000E+03, 0.3509594E+03, 0.1050000E+03,
 0.6042000E+01, 0.4754515E+03, 0.1922790E+02, 0.0000000E+00, 0.1050000E+03, 0.3512236E+03, 0.1050000E+03,
 0.6044000E+01, 0.4757098E+03, 0.1922196E+02, 0.0000000E+00, 0.1050000E+03, 0.3514879E+03, 0.1050000E+03,
 0.6046000E+01, 0.4759682E+03, 0.1921602E+02, 0.0000000E+00, 0.1050000E+03, 0.3517522E+03, 0.1050000E+03,
 0.6048000E+01, 0.4762267E+03, 0.1921008E+02, 0.0000000E+00, 0.1050000E+03, 0.3520166E+03, 0.1050000E+03,
 0.6050000E+01, 0.4764851E+03, 0.1920414E+02, 0.0000000E+00, 0.1050000E+03, 0.3522810E+03, 0.1050000E+03,
 0.6052000E+01, 0.4767437E+03, 0.1919821E+02, 0.0000000E+00, 0.1050000E+03, 0.3525455E+03, 0.1050000E+03,
 0.6054000E+01, 0.4770022E+03, 0.1919227E+02, 0.0000000E+00, 0.1050000E+03, 0.3528099E+03, 0.1050000E+03,
 0.6056000E+01, 0.4772608E+03, 0.1918633E+02, 0.0000000E+00, 0.1050000E+03, 0.3530745E+03, 0.1050000E+03,
 0.6058000E+01, 0.4775195E+03, 0.1918040E+02, 0.0000000E+00, 0.1050000E+03, 0.3533391E+03, 0.1050000E+03,
 0.6060000E+01, 0.4777781E+03, 0.1917446E+02, 0.0000000E+00, 0.1050000E+03, 0.3536037E+03, 0.1050000E+03,
 0.6062000E+01, 0.4780369E+03, 0.1916853E+02, 0.0000000E+00, 0.1050000E+03, 0.3538683E+03, 0.1050000E+03,
 0.6064000E+01, 0.4782956E+03, 0.1916260E+02, 0.0000000E+00, 0.1050000E+03, 0.3541330E+03, 0.1050000E+03,
 0.6066000E+01, 0.4785544E+03, 0.1915666E+02, 0.0000000E+00, 0.1050000E+03, 0.3543978E+03, 0.1050000E+03,
 0.6068000E+01, 0.4788133E+03, 0.1915073E+02, 0.0000000E+00, 0.1050000E+03, 0.3546625E+03, 0.1050000E+03,
 0.6070000E+01, 0.4790722E+03, 0.1914480E+02, 0.0000000E+00, 0.1050000E+03, 0.3549274E+03, 0.1050000E+03,
 0.6072000E+01, 0.4793311E+03, 0.1913887E+02, 0.0000000E+00, 0.1050000E+03, 0.3551922E+03, 0.1050000E+03,
 0.6074000E+01, 0.4795901E+03, 0.1913294E+02, 0.0000000E+00, 0.1050000E+03, 0.3554571E+03, 0.1050000E+03,
 0.6076000E+01, 0.4798491E+03, 0.1912702E+02, 0.0000000E+00, 0.1050000E+03, 0.3557220E+03, 0.1050000E+03,
 0.6078000E+01, 0.4801081E+03, 0.1912109E+02, 0.0000000E+00, 0.1050000E+03, 0.3559870E+03, 0.1050000E+03,
 0.6080000E+01, 0.4803672E+03, 0.1911516E+02, 0.0000000E+00, 0.1050000E+03, 0.3562520E+03, 0.1050000E+03,
 0.6082000E+01, 0.4806263E+03, 0.1910924E+02, 0.0000000E+00, 0.1050000E+03, 0.3565171E+03, 0.1050000E+03,
 0.6084000E+01, 0.4808854E+03, 0.1910331E+02, 0.0000000E+00, 0.1050000E+03, 0.3567821E+03, 0.1050000E+03,
 0.6086000E+01, 0.4811447E+03, 0.1909739E+02, 0.0000000E+00, 0.1050000E+03, 0.3570472E+03, 0.1050000E+03,
 0.6088000E+01, 0.4814039E+03, 0.1909147E+02, 0.0000000E+00, 0.1050000E+03, 0.3573124E+03, 0.1050000E+03,
 0.6090000E+01, 0.4816631E+03, 0.1908555E+02, 0.0000000E+00, 0.1050000E+03, 0.3575776E+03, 0.1050000E+03,
 0.6092000E+01, 0.4819225E+03, 0.1907963E+02, 0.0000000E+00, 0.1050000E+03, 0.3578428E+03, 0.1050000E+03,
 0.6094000E+01, 0.4821818E+03, 0.1907371E+02, 0.0000000E+00, 0.1050000E+03, 0.3581081E+03, 0.1050000E+03,
 0.6096000E+01, 0.4824412E+03, 0.1906779E+02, 0.0000000E+00, 0.1050000E+03, 0.3583734E+03, 0.1050000E+03,
 0.6098000E+01, 0.4827006E+03, 0.1906187E+02, 0.0000000E+00, 0.1050000E+03, 0.3586387E+03, 0.1050000E+03,
 0.6100000E+01, 0.4829601E+03, 0.1905595E+02, 0.0000000E+00, 0.1050000E+03, 0.3589041E+03, 0.1050000E+03,
 0.6102000E+01, 0.4832195E+03, 0.1905004E+02, 0.0000000E+00, 0.1050000E+03, 0.3591695E+03, 0.1050000E+03,
 0.6104000E+01, 0.4834791E+03, 0.1904412E+02, 0.0000000E+00, 0.1050000E+03, 0.3594350E+03, 0.1050000E+03,
 0.6106000E+01, 0.4837386E+03, 0.1903821E+02, 0.0000000E+00, 0.1050000E+03, 0.3597004E+03, 0.1050000E+03,
 0.6108000E+01, 0.4839982E+03, 0.1903229E+02, 0.0000000E+00, 0.1050000E+03, 0.3599659E+03, 0.1050000E+03,
 0.6110000E+01, 0.4842579E+03, 0.1902638E+02, 0.0000000E+00, 0.1050000E+03, 0.3602315E+03, 0.1050000E+03,
 0.6112000E+01, 0.4845175E+03, 0.1902047E+02, 0.0000000E+00, 0.1050000E+03, 0.3604971E+03, 0.1050000E+03,
 0.6114000E+01, 0.4847772E+03, 0.1901456E+02, 0.0000000E+00, 0.1050000E+03, 0.3607627E+03, 0.1050000E+03,
 0.6116000E+01, 0.4850370E+03, 0.1900865E+02, 0.0000000E+00, 0.1050000E+03, 0.3610283E+03, 0.1050000E+03,
 0.6118000E+01, 0.4852967E+03, 0.1900274E+02, 0.0000000E+00, 0.1050000E+03, 0.3612940E+03, 0.1050000E+03,
 0.6120000E+01, 0.4855565E+03, 0.1899683E+02, 0.0000000E+00, 0.1050000E+03, 0.3615597E+03, 0.1050000E+03,
 0.6122000E+01, 0.4858164E+03, 0.1899092E+02, 0.0000000E+00, 0.1050000E+03, 0.3618254E+03, 0.1050000E+03,
 0.6124000E+01, 0.4860762E+03, 0.1898502E+02, 0.0000000E+00, 0.1050000E+03, 0.3620912E+03, 0.1050000E+03,
 0.6126000E+01, 0.4863362E+03, 0.1897911E+02, 0.0000000E+00, 0.1050000E+03, 0.3623570E+03, 0.1050000E+03,
 0.6128000E+01, 0.4865961E+03, 0.1897321E+02, 0.0000000E+00, 0.1050000E+03, 0.3626229E+03, 0.1050000E+03,
 0.6130000E+01, 0.4868560E+03, 0.1896731E+02, 0.0000000E+00, 0.1050000E+03, 0.3628887E+03, 0.1050000E+03,
 0.6132000E+01, 0.4871161E+03, 0.1896141E+02, 0.0000000E+00, 0.1050000E+03, 0.3631546E+03, 0.1050000E+03,
 0.6134000E+01, 0.4873761E+03, 0.1895551E+02, 0.0000000E+00, 0.1050000E+03, 0.3634206E+03, 0.1050000E+03,
 0.6136000E+01, 0.4876361E+03, 0.1894961E+02, 0.0000000E+00, 0.1050000E+03, 0.3636865E+03, 0.1050000E+03,
 0.6138000E+01, 0.4878962E+03, 0.1894371E+02, 0.0000000E+00, 0.1050000E+03, 0.3639525E+03, 0.1050000E+03,
 0.6140000E+01, 0.4881564E+03, 0.1893781E+02, 0.0000000E+00, 0.1050000E+03, 0.3642186E+03, 0.1050000E+03,
 0.6142000E+01, 0.4884165E+03, 0.1893192E+02, 0.0000000E+00, 0.1050000E+03, 0.3644846E+03, 0.1050000E+03,
 0.6144000E+01, 0.4886767E+03, 0.1892602E+02, 0.0000000E+00, 0.1050000E+03, 0.3647507E+03, 0.1050000E+03,
 0.6146000E+01, 0.4889369E+03, 0.1892013E+02, 0.0000000E+00, 0.1050000E+03, 0.3650168E+03, 0.1050000E+03,
 0.6148000E+01, 0.4891972E+03, 0.1891423E+02, 0.0000000E+00, 0.1050000E+03, 0.3652830E+03, 0.1050000E+03,
 0.6150000E+01, 0.4894575E+03, 0.1890834E+02, 0.0000000E+00, 0.1050000E+03, 0.3655491E+03, 0.1050000E+03,
 0.6152000E+01, 0.4897178E+03, 0.1890245E+02, 0.0000000E+00, 0.1050000E+03, 0.3658153E+03, 0.1050000E+03,
 0.6154000E+01, 0.4899781E+03, 0.1889656E+02, 0.0000000E+00, 0.1050000E+03, 0.3660815E+03, 0.1050000E+03,
 0.6156000E+01, 0.4902385E+03, 0.1889067E+02, 0.0000000E+00, 0.1050000E+03, 0.3663478E+03, 0.1050000E+03,
 0.6158000E+01, 0.4904989E+03, 0.1888479E+02, 0.0000000E+00, 0.1050000E+03, 0.3666141E+03, 0.1050000E+03,
 0.6160000E+01, 0.4907593E+03, 0.1887890E+02, 0.0000000E+00, 0.1050000E+03, 0.3668804E+03, 0.1050000E+03,
 0.6162000E+01, 0.4910197E+03, 0.1887302E+02, 0.0000000E+00, 0.1050000E+03, 0.3671467E+03, 0.1050000E+03,
 0.6164000E+01, 0.4912802E+03, 0.1886713E+02, 0.0000000E+00, 0.1050000E+03, 0.3674131E+03, 0.1050000E+03,
 0.6166000E+01, 0.4915407E+03, 0.1886125E+02, 0.0000000E+00, 0.1050000E+03, 0.3676795E+03, 0.1050000E+03,
 0.6168000E+01, 0.4918013E+03, 0.1885537E+02, 0.0000000E+00, 0.1050000E+03, 0.3679459E+03, 0.1050000E+03,
 0.6170000E+01, 0.4920619E+03, 0.1884949E+02, 0.0000000E+00, 0.1050000E+03, 0.3682124E+03, 0.1050000E+03,
 0.6172000E+01, 0.4923224E+03, 0.1884361E+02, 0.0000000E+00, 0.1050000E+03, 0.3684788E+03, 0.1050000E+03,
 0.6174000E+01, 0.4925831E+03, 0.1883773E+02, 0.0000000E+00, 0.1050000E+03, 0.3687453E+03, 0.1050000E+03,
 0.6176000E+01, 0.4928437E+03, 0.1883185E+02, 0.0000000E+00, 0.1050000E+03, 0.3690118E+03, 0.1050000E+03,
 0.6178000E+01, 0.4931044E+03, 0.1882598E+02, 0.0000000E+00, 0.1050000E+03, 0.3692784E+03, 0.1050000E+03,
 0.6180000E+01, 0.4933651E+03, 0.1882010E+02, 0.0000000E+00, 0.1050000E+03, 0.3695450E+03, 0.1050000E+03,
 0.6182000E+01, 0.4936258E+03, 0.1881423E+02, 0.0000000E+00, 0.1050000E+03, 0.3698116E+03, 0.1050000E+03,
 0.6184000E+01, 0.4938866E+03, 0.1880836E+02, 0.0000000E+00, 0.1050000E+03, 0.3700782E+03, 0.1050000E+03,
 0.6186000E+01, 0.4941473E+03, 0.1880249E+02, 0.0000000E+00, 0.1050000E+03, 0.3703448E+03, 0.1050000E+03,
 0.6188000E+01, 0.4944081E+03, 0.1879662E+02, 0.0000000E+00, 0.1050000E+03, 0.3706115E+03, 0.1050000E+03,
 0.6190000E+01, 0.4946689E+03, 0.1879075E+02, 0.0000000E+00, 0.1050000E+03, 0.3708782E+03, 0.1050000E+03,
 0.6192000E+01, 0.4949298E+03, 0.1878488E+02, 0.0000000E+00, 0.1050000E+03, 0.3711449E+03, 0.1050000E+03,
 0.6194000E+01, 0.4951907E+03, 0.1877902E+02, 0.0000000E+00, 0.1050000E+03, 0.3714117E+03, 0.1050000E+03,
 0.6196000E+01, 0.4954516E+03, 0.1877315E+02, 0.0000000E+00, 0.1050000E+03, 0.3716784E+03, 0.1050000E+03,
 0.6198000E+01, 0.4957125E+03, 0.1876729E+02, 0.0000000E+00, 0.1050000E+03, 0.3719452E+03, 0.1050000E+03,
 0.6200000E+01, 0.4959734E+03, 0.1876143E+02, 0.0000000E+00, 0.1050000E+03, 0.3722120E+03, 0.1050000E+03,
 0.6202000E+01, 0.4962344E+03, 0.1875557E+02, 0.0000000E+00, 0.1050000E+03, 0.3724789E+03, 0.1050000E+03,
 0.6204000E+01, 0.4964954E+03, 0.1874971E+02, 0.0000000E+00, 0.1050000E+03, 0.3727457E+03, 0.1050000E+03,
 0.6206000E+01, 0.4967564E+03, 0.1874385E+02, 0.0000000E+00, 0.1050000E+03, 0.3730126E+03, 0.1050000E+03,
 0.6208000E+01, 0.4970175E+03, 0.1873799E+02, 0.0000000E+00, 0.1050000E+03, 0.3732795E+03, 0.1050000E+03,
 0.6210000E+01, 0.4972785E+03, 0.1873214E+02, 0.0000000E+00, 0.1050000E+03, 0.3735464E+03, 0.1050000E+03,
 0.6212000E+01, 0.4975396E+03, 0.1872628E+02, 0.0000000E+00, 0.1050000E+03, 0.3738133E+03, 0.1050000E+03,
 0.6214000E+01, 0.4978007E+03, 0.1872043E+02, 0.0000000E+00, 0.1050000E+03, 0.3740803E+03, 0.1050000E+03,
 0.6216000E+01, 0.4980619E+03, 0.1871458E+02, 0.0000000E+00, 0.1050000E+03, 0.3743473E+03, 0.1050000E+03,
 0.6218000E+01, 0.4983230E+03, 0.1870873E+02, 0.0000000E+00, 0.1050000E+03, 0.3746143E+03, 0.1050000E+03,
 0.6220000E+01, 0.4985842E+03, 0.1870288E+02, 0.0000000E+00, 0.1050000E+03, 0.3748813E+03, 0.1050000E+03,
 0.6222000E+01, 0.4988454E+03, 0.1869703E+02, 0.0000000E+00, 0.1050000E+03, 0.3751483E+03, 0.1050000E+03,
 0.6224000E+01, 0.4991066E+03, 0.1869118E+02, 0.0000000E+00, 0.1050000E+03, 0.3754154E+03, 0.1050000E+03,
 0.6226000E+01, 0.4993678E+03, 0.1868534E+02, 0.0000000E+00, 0.1050000E+03, 0.3756825E+03, 0.1050000E+03,
 0.6228000E+01, 0.4996291E+03, 0.1867949E+02, 0.0000000E+00, 0.1050000E+03, 0.3759496E+03, 0.1050000E+03,
 0.6230000E+01, 0.4998903E+03, 0.1867365E+02, 0.0000000E+00, 0.1050000E+03, 0.3762167E+03, 0.1050000E+03,
 0.6232000E+01, 0.5001516E+03, 0.1866781E+02, 0.0000000E+00, 0.1050000E+03, 0.3764838E+03, 0.1050000E+03,
 0.6234000E+01, 0.5004129E+03, 0.1866197E+02, 0.0000000E+00, 0.1050000E+03, 0.3767509E+03, 0.1050000E+03,
 0.6236000E+01, 0.5006743E+03, 0.1865613E+02, 0.0000000E+00, 0.1050000E+03, 0.3770181E+03, 0.1050000E+03,
 0.6238000E+01, 0.5009356E+03, 0.1865030E+02, 0.0000000E+00, 0.1050000E+03, 0.3772853E+03, 0.1050000E+03,
 0.6240000E+01, 0.5011970E+03, 0.1864446E+02, 0.0000000E+00, 0.1050000E+03, 0.3775525E+03, 0.1050000E+03,
 0.6242000E+01, 0.5014583E+03, 0.1863863E+02, 0.0000000E+00, 0.1050000E+03, 0.3778197E+03, 0.1050000E+03,
 0.6244000E+01, 0.5017198E+03, 0.1863279E+02, 0.0000000E+00, 0.1050000E+03, 0.3780869E+03, 0.1050000E+03,
 0.6246000E+01, 0.5019812E+03, 0.1862696E+02, 0.0000000E+00, 0.1050000E+03, 0.3783542E+03, 0.1050000E+03,
 0.6248000E+01, 0.5022426E+03, 0.1862113E+02, 0.0000000E+00, 0.1050000E+03, 0.3786215E+03, 0.1050000E+03,
 0.6250000E+01, 0.5025041E+03, 0.1861530E+02, 0.0000000E+00, 0.1050000E+03, 0.3788888E+03, 0.1050000E+03,
 0.6252000E+01, 0.5027655E+03, 0.1860948E+02, 0.0000000E+00, 0.1050000E+03, 0.3791561E+03, 0.1050000E+03,
 0.6254000E+01, 0.5030270E+03, 0.1860365E+02, 0.0000000E+00, 0.1050000E+03, 0.3794234E+03, 0.1050000E+03,
 0.6256000E+01, 0.5032885E+03, 0.1859783E+02, 0.0000000E+00, 0.1050000E+03, 0.3796907E+03, 0.1050000E+03,
 0.6258000E+01, 0.5035500E+03, 0.1859200E+02, 0.0000000E+00, 0.1050000E+03, 0.3799580E+03, 0.1050000E+03,
 0.6260000E+01, 0.5038116E+03, 0.1858618E+02, 0.0000000E+00, 0.1050000E+03, 0.3802254E+03, 0.1050000E+03,
 0.6262000E+01, 0.5040731E+03, 0.1858036E+02, 0.0000000E+00, 0.1050000E+03, 0.3804928E+03, 0.1050000E+03,
 0.6264000E+01, 0.5043347E+03, 0.1857454E+02, 0.0000000E+00, 0.1050000E+03, 0.3807602E+03, 0.1050000E+03,
 0.6266000E+01, 0.5045963E+03, 0.1856873E+02, 0.0000000E+00, 0.1050000E+03, 0.3810276E+03, 0.1050000E+03,
 0.6268000E+01, 0.5048579E+03, 0.1856291E+02, 0.0000000E+00, 0.1050000E+03, 0.3812950E+03, 0.1050000E+03,
 0.6270000E+01, 0.5051195E+03, 0.1855710E+02, 0.0000000E+00, 0.1050000E+03, 0.3815624E+03, 0.1050000E+03,
 0.6272000E+01, 0.5053811E+03, 0.1855129E+02, 0.0000000E+00, 0.1050000E+03, 0.3818298E+03, 0.1050000E+03,
 0.6274000E+01, 0.5056428E+03, 0.1854548E+02, 0.0000000E+00, 0.1050000E+03, 0.3820973E+03, 0.1050000E+03,
 0.6276000E+01, 0.5059044E+03, 0.1853967E+02, 0.0000000E+00, 0.1050000E+03, 0.3823647E+03, 0.1050000E+03,
 0.6278000E+01, 0.5061661E+03, 0.1853386E+02, 0.0000000E+00, 0.1050000E+03, 0.3826322E+03, 0.1050000E+03,
 0.6280000E+01, 0.5064278E+03, 0.1852805E+02, 0.0000000E+00, 0.1050000E+03, 0.3828997E+03, 0.1050000E+03,
 0.6282000E+01, 0.5066895E+03, 0.1852225E+02, 0.0000000E+00, 0.1050000E+03, 0.3831672E+03, 0.1050000E+03,
 0.6284000E+01, 0.5069512E+03, 0.1851644E+02, 0.0000000E+00, 0.1050000E+03, 0.3834347E+03, 0.1050000E+03,
 0.6286000E+01, 0.5072129E+03, 0.1851064E+02, 0.0000000E+00, 0.1050000E+03, 0.3837022E+03, 0.1050000E+03,
 0.6288000E+01, 0.5074746E+03, 0.1850484E+02, 0.0000000E+00, 0.1050000E+03, 0.3839698E+03, 0.1050000E+03,
 0.6290000E+01, 0.5077364E+03, 0.1849904E+02, 0.0000000E+00, 0.1050000E+03, 0.3842373E+03, 0.1050000E+03,
 0.6292000E+01, 0.5079981E+03, 0.1849324E+02, 0.0000000E+00, 0.1050000E+03, 0.3845049E+03, 0.1050000E+03,
 0.6294000E+01, 0.5082599E+03, 0.1848745E+02, 0.0000000E+00, 0.1050000E+03, 0.3847724E+03, 0.1050000E+03,
 0.6296000E+01, 0.5085217E+03, 0.1848166E+02, 0.0000000E+00, 0.1050000E+03, 0.3850400E+03, 0.1050000E+03,
 0.6298000E+01, 0.5087834E+03, 0.1847586E+02, 0.0000000E+00, 0.1050000E+03, 0.3853076E+03, 0.1050000E+03,
 0.6300000E+01, 0.5090452E+03, 0.1847007E+02, 0.0000000E+00, 0.1050000E+03, 0.3855752E+03, 0.1050000E+03,
 0.6302000E+01, 0.5093070E+03, 0.1846428E+02, 0.0000000E+00, 0.1050000E+03, 0.3858428E+03, 0.1050000E+03,
 0.6304000E+01, 0.5095689E+03, 0.1845849E+02, 0.0000000E+00, 0.1050000E+03, 0.3861104E+03, 0.1050000E+03,
 0.6306000E+01, 0.5098307E+03, 0.1845271E+02, 0.0000000E+00, 0.1050000E+03, 0.3863780E+03, 0.1050000E+03,
 0.6308000E+01, 0.5100925E+03, 0.1844692E+02, 0.0000000E+00, 0.1050000E+03, 0.3866456E+03, 0.1050000E+03,
 0.6310000E+01, 0.5103544E+03, 0.1844114E+02, 0.0000000E+00, 0.1050000E+03, 0.3869132E+03, 0.1050000E+03,
 0.6312000E+01, 0.5106162E+03, 0.1843536E+02, 0.0000000E+00, 0.1050000E+03, 0.3871809E+03, 0.1050000E+03,
 0.6314000E+01, 0.5108781E+03, 0.1842958E+02, 0.0000000E+00, 0.1050000E+03, 0.3874485E+03, 0.1050000E+03,
 0.6316000E+01, 0.5111400E+03, 0.1842380E+02, 0.0000000E+00, 0.1050000E+03, 0.3877162E+03, 0.1050000E+03,
 0.6318000E+01, 0.5114019E+03, 0.1841802E+02, 0.0000000E+00, 0.1050000E+03, 0.3879839E+03, 0.1050000E+03,
 0.6320000E+01, 0.5116638E+03, 0.1841224E+02, 0.0000000E+00, 0.1050000E+03, 0.3882515E+03, 0.1050000E+03,
 0.6322000E+01, 0.5119257E+03, 0.1840647E+02, 0.0000000E+00, 0.1050000E+03, 0.3885192E+03, 0.1050000E+03,
 0.6324000E+01, 0.5121876E+03, 0.1840070E+02, 0.0000000E+00, 0.1050000E+03, 0.3887869E+03, 0.1050000E+03,
 0.6326000E+01, 0.5124495E+03, 0.1839493E+02, 0.0000000E+00, 0.1050000E+03, 0.3890545E+03, 0.1050000E+03,
 0.6328000E+01, 0.5127114E+03, 0.1838916E+02, 0.0000000E+00, 0.1050000E+03, 0.3893222E+03, 0.1050000E+03,
 0.6330000E+01, 0.5129733E+03, 0.1838339E+02, 0.0000000E+00, 0.1050000E+03, 0.3895899E+03, 0.1050000E+03,
 0.6332000E+01, 0.5132352E+03, 0.1837763E+02, 0.0000000E+00, 0.1050000E+03, 0.3898576E+03, 0.1050000E+03,
 0.6334000E+01, 0.5134972E+03, 0.1837186E+02, 0.0000000E+00, 0.1050000E+03, 0.3901253E+03, 0.1050000E+03,
 0.6336000E+01, 0.5137592E+03, 0.1836610E+02, 0.0000000E+00, 0.1050000E+03, 0.3903930E+03, 0.1050000E+03,
 0.6338000E+01, 0.5140211E+03, 0.1836034E+02, 0.0000000E+00, 0.1050000E+03, 0.3906608E+03, 0.1050000E+03,
 0.6340000E+01, 0.5142831E+03, 0.1835458E+02, 0.0000000E+00, 0.1050000E+03, 0.3909285E+03, 0.1050000E+03,
 0.6342000E+01, 0.5145450E+03, 0.1834883E+02, 0.0000000E+00, 0.1050000E+03, 0.3911962E+03, 0.1050000E+03,
 0.6344000E+01, 0.5148070E+03, 0.1834307E+02, 0.0000000E+00, 0.1050000E+03, 0.3914639E+03, 0.1050000E+03,
 0.6346000E+01, 0.5150690E+03, 0.1833732E+02, 0.0000000E+00, 0.1050000E+03, 0.3917316E+03, 0.1050000E+03,
 0.6348000E+01, 0.5153309E+03, 0.1833156E+02, 0.0000000E+00, 0.1050000E+03, 0.3919994E+03, 0.1050000E+03,
 0.6350000E+01, 0.5155929E+03, 0.1832581E+02, 0.0000000E+00, 0.1050000E+03, 0.3922671E+03, 0.1050000E+03,
 0.6352000E+01, 0.5158549E+03, 0.1832006E+02, 0.0000000E+00, 0.1050000E+03, 0.3925348E+03, 0.1050000E+03,
 0.6354000E+01, 0.5161169E+03, 0.1831432E+02, 0.0000000E+00, 0.1050000E+03, 0.3928026E+03, 0.1050000E+03,
 0.6356000E+01, 0.5163788E+03, 0.1830857E+02, 0.0000000E+00, 0.1050000E+03, 0.3930703E+03, 0.1050000E+03,
 0.6358000E+01, 0.5166409E+03, 0.1830283E+02, 0.0000000E+00, 0.1050000E+03, 0.3933380E+03, 0.1050000E+03,
 0.6360000E+01, 0.5169028E+03, 0.1829708E+02, 0.0000000E+00, 0.1050000E+03, 0.3936058E+03, 0.1050000E+03,
 0.6362000E+01, 0.5171649E+03, 0.1829135E+02, 0.0000000E+00, 0.1050000E+03, 0.3938735E+03, 0.1050000E+03,
 0.6364000E+01, 0.5174269E+03, 0.1828561E+02, 0.0000000E+00, 0.1050000E+03, 0.3941412E+03, 0.1050000E+03,
 0.6366000E+01, 0.5176888E+03, 0.1827987E+02, 0.0000000E+00, 0.1050000E+03, 0.3944090E+03, 0.1050000E+03,
 0.6368000E+01, 0.5179509E+03, 0.1827414E+02, 0.0000000E+00, 0.1050000E+03, 0.3946767E+03, 0.1050000E+03,
 0.6370000E+01, 0.5182129E+03, 0.1826840E+02, 0.0000000E+00, 0.1050000E+03, 0.3949445E+03, 0.1050000E+03,
 0.6372000E+01, 0.5184749E+03, 0.1826267E+02, 0.0000000E+00, 0.1050000E+03, 0.3952122E+03, 0.1050000E+03,
 0.6374000E+01, 0.5187369E+03, 0.1825694E+02, 0.0000000E+00, 0.1050000E+03, 0.3954799E+03, 0.1050000E+03,
 0.6376000E+01, 0.5189989E+03, 0.1825121E+02, 0.0000000E+00, 0.1050000E+03, 0.3957477E+03, 0.1050000E+03,
 0.6378000E+01, 0.5192609E+03, 0.1824549E+02, 0.0000000E+00, 0.1050000E+03, 0.3960154E+03, 0.1050000E+03,
 0.6380000E+01, 0.5195229E+03, 0.1823976E+02, 0.0000000E+00, 0.1050000E+03, 0.3962831E+03, 0.1050000E+03,
 0.6382000E+01, 0.5197849E+03, 0.1823404E+02, 0.0000000E+00, 0.1050000E+03, 0.3965509E+03, 0.1050000E+03,
 0.6384000E+01, 0.5200469E+03, 0.1822832E+02, 0.0000000E+00, 0.1050000E+03, 0.3968186E+03, 0.1050000E+03,
 0.6386000E+01, 0.5203089E+03, 0.1822260E+02, 0.0000000E+00, 0.1050000E+03, 0.3970863E+03, 0.1050000E+03,
 0.6388000E+01, 0.5205709E+03, 0.1821688E+02, 0.0000000E+00, 0.1050000E+03, 0.3973541E+03, 0.1050000E+03,
 0.6390000E+01, 0.5208329E+03, 0.1821116E+02, 0.0000000E+00, 0.1050000E+03, 0.3976218E+03, 0.1050000E+03,
 0.6392000E+01, 0.5210949E+03, 0.1820545E+02, 0.0000000E+00, 0.1050000E+03, 0.3978895E+03, 0.1050000E+03,
 0.6394000E+01, 0.5213569E+03, 0.1819974E+02, 0.0000000E+00, 0.1050000E+03, 0.3981572E+03, 0.1050000E+03,
 0.6396000E+01, 0.5216190E+03, 0.1819403E+02, 0.0000000E+00, 0.1050000E+03, 0.3984249E+03, 0.1050000E+03,
 0.6398000E+01, 0.5218809E+03, 0.1818832E+02, 0.0000000E+00, 0.1050000E+03, 0.3986926E+03, 0.1050000E+03,
 0.6400000E+01, 0.5221429E+03, 0.1818261E+02, 0.0000000E+00, 0.1050000E+03, 0.3989603E+03, 0.1050000E+03,
 0.6402000E+01, 0.5224049E+03, 0.1817691E+02, 0.0000000E+00, 0.1050000E+03, 0.3992280E+03, 0.1050000E+03,
 0.6404000E+01, 0.5226669E+03, 0.1817120E+02, 0.0000000E+00, 0.1050000E+03, 0.3994957E+03, 0.1050000E+03,
 0.6406000E+01, 0.5229289E+03, 0.1816550E+02, 0.0000000E+00, 0.1050000E+03, 0.3997634E+03, 0.1050000E+03,
 0.6408000E+01, 0.5231909E+03, 0.1815980E+02, 0.0000000E+00, 0.1050000E+03, 0.4000311E+03, 0.1050000E+03,
 0.6410000E+01, 0.5234529E+03, 0.1815410E+02, 0.0000000E+00, 0.1050000E+03, 0.4002987E+03, 0.1050000E+03,
 0.6412000E+01, 0.5237148E+03, 0.1814841E+02, 0.0000000E+00, 0.1050000E+03, 0.4005664E+03, 0.1050000E+03,
 0.6414000E+01, 0.5239768E+03, 0.1814271E+02, 0.0000000E+00, 0.1050000E+03, 0.4008341E+03, 0.1050000E+03,
 0.6416000E+01, 0.5242388E+03, 0.1813702E+02, 0.0000000E+00, 0.1050000E+03, 0.4011017E+03, 0.1050000E+03,
 0.6418000E+01, 0.5245007E+03, 0.1813133E+02, 0.0000000E+00, 0.1050000E+03, 0.4013694E+03, 0.1050000E+03,
 0.6420000E+01, 0.5247627E+03, 0.1812564E+02, 0.0000000E+00, 0.1050000E+03, 0.4016370E+03, 0.1050000E+03,
 0.6422000E+01, 0.5250246E+03, 0.1811996E+02, 0.0000000E+00, 0.1050000E+03, 0.4019047E+03, 0.1050000E+03,
 0.6424000E+01, 0.5252866E+03, 0.1811427E+02, 0.0000000E+00, 0.1050000E+03, 0.4021723E+03, 0.1050000E+03,
 0.6426000E+01, 0.5255485E+03, 0.1810859E+02, 0.0000000E+00, 0.1050000E+03, 0.4024399E+03, 0.1050000E+03,
 0.6428000E+01, 0.5258104E+03, 0.1810291E+02, 0.0000000E+00, 0.1050000E+03, 0.4027075E+03, 0.1050000E+03,
 0.6430000E+01, 0.5260723E+03, 0.1809723E+02, 0.0000000E+00, 0.1050000E+03, 0.4029751E+03, 0.1050000E+03,
 0.6432000E+01, 0.5263343E+03, 0.1809155E+02, 0.0000000E+00, 0.1050000E+03, 0.4032427E+03, 0.1050000E+03,
 0.6434000E+01, 0.5265962E+03, 0.1808587E+02, 0.0000000E+00, 0.1050000E+03, 0.4035103E+03, 0.1050000E+03,
 0.6436000E+01, 0.5268581E+03, 0.1808020E+02, 0.0000000E+00, 0.1050000E+03, 0.4037779E+03, 0.1050000E+03,
 0.6438000E+01, 0.5271200E+03, 0.1807453E+02, 0.0000000E+00, 0.1050000E+03, 0.4040454E+03, 0.1050000E+03,
 0.6440000E+01, 0.5273818E+03, 0.1806886E+02, 0.0000000E+00, 0.1050000E+03, 0.4043130E+03, 0.1050000E+03,
 0.6442000E+01, 0.5276437E+03, 0.1806319E+02, 0.0000000E+00, 0.1050000E+03, 0.4045805E+03, 0.1050000E+03,
 0.6444000E+01, 0.5279056E+03, 0.1805752E+02, 0.0000000E+00, 0.1050000E+03, 0.4048481E+03, 0.1050000E+03,
 0.6446000E+01, 0.5281675E+03, 0.1805186E+02, 0.0000000E+00, 0.1050000E+03, 0.4051156E+03, 0.1050000E+03,
 0.6448000E+01, 0.5284293E+03, 0.1804620E+02, 0.0000000E+00, 0.1050000E+03, 0.4053831E+03, 0.1050000E+03,
 0.6450000E+01, 0.5286912E+03, 0.1804054E+02, 0.0000000E+00, 0.1050000E+03, 0.4056506E+03, 0.1050000E+03,
 0.6452000E+01, 0.5289530E+03, 0.1803488E+02, 0.0000000E+00, 0.1050000E+03, 0.4059181E+03, 0.1050000E+03,
 0.6454000E+01, 0.5292148E+03, 0.1802922E+02, 0.0000000E+00, 0.1050000E+03, 0.4061856E+03, 0.1050000E+03,
 0.6456000E+01, 0.5294766E+03, 0.1802357E+02, 0.0000000E+00, 0.1050000E+03, 0.4064531E+03, 0.1050000E+03,
 0.6458000E+01, 0.5297384E+03, 0.1801791E+02, 0.0000000E+00, 0.1050000E+03, 0.4067205E+03, 0.1050000E+03,
 0.6460000E+01, 0.5300002E+03, 0.1801226E+02, 0.0000000E+00, 0.1050000E+03, 0.4069879E+03, 0.1050000E+03,
 0.6462000E+01, 0.5302620E+03, 0.1800661E+02, 0.0000000E+00, 0.1050000E+03, 0.4072554E+03, 0.1050000E+03,
 0.6464000E+01, 0.5305238E+03, 0.1800097E+02, 0.0000000E+00, 0.1050000E+03, 0.4075228E+03, 0.1050000E+03,
 0.6466000E+01, 0.5307855E+03, 0.1799532E+02, 0.0000000E+00, 0.1050000E+03, 0.4077902E+03, 0.1050000E+03,
 0.6468000E+01, 0.5310473E+03, 0.1798968E+02, 0.0000000E+00, 0.1050000E+03, 0.4080576E+03, 0.1050000E+03,
 0.6470000E+01, 0.5313090E+03, 0.1798404E+02, 0.0000000E+00, 0.1050000E+03, 0.4083250E+03, 0.1050000E+03,
 0.6472000E+01, 0.5315707E+03, 0.1797840E+02, 0.0000000E+00, 0.1050000E+03, 0.4085923E+03, 0.1050000E+03,
 0.6474000E+01, 0.5318325E+03, 0.1797276E+02, 0.0000000E+00, 0.1050000E+03, 0.4088597E+03, 0.1050000E+03,
 0.6476000E+01, 0.5320942E+03, 0.1796713E+02, 0.0000000E+00, 0.1050000E+03, 0.4091270E+03, 0.1050000E+03,
 0.6478000E+01, 0.5323558E+03, 0.1796149E+02, 0.0000000E+00, 0.1050000E+03, 0.4093943E+03, 0.1050000E+03,
 0.6480000E+01, 0.5326175E+03, 0.1795586E+02, 0.0000000E+00, 0.1050000E+03, 0.4096617E+03, 0.1050000E+03,
 0.6482000E+01, 0.5328792E+03, 0.1795023E+02, 0.0000000E+00, 0.1050000E+03, 0.4099289E+03, 0.1050000E+03,
 0.6484000E+01, 0.5331408E+03, 0.1794460E+02, 0.0000000E+00, 0.1050000E+03, 0.4101962E+03, 0.1050000E+03,
 0.6486000E+01, 0.5334025E+03, 0.1793898E+02, 0.0000000E+00, 0.1050000E+03, 0.4104635E+03, 0.1050000E+03,
 0.6488000E+01, 0.5336641E+03, 0.1793336E+02, 0.0000000E+00, 0.1050000E+03, 0.4107307E+03, 0.1050000E+03,
 0.6490000E+01, 0.5339257E+03, 0.1792773E+02, 0.0000000E+00, 0.1050000E+03, 0.4109979E+03, 0.1050000E+03,
 0.6492000E+01, 0.5341873E+03, 0.1792211E+02, 0.0000000E+00, 0.1050000E+03, 0.4112651E+03, 0.1050000E+03,
 0.6494000E+01, 0.5344488E+03, 0.1791650E+02, 0.0000000E+00, 0.1050000E+03, 0.4115323E+03, 0.1050000E+03,
 0.6496000E+01, 0.5347104E+03, 0.1791088E+02, 0.0000000E+00, 0.1050000E+03, 0.4117995E+03, 0.1050000E+03,
 0.6498000E+01, 0.5349719E+03, 0.1790527E+02, 0.0000000E+00, 0.1050000E+03, 0.4120667E+03, 0.1050000E+03,
 0.6500000E+01, 0.5352334E+03, 0.1789966E+02, 0.0000000E+00, 0.1050000E+03, 0.4123338E+03, 0.1050000E+03,
 0.6502000E+01, 0.5354949E+03, 0.1789405E+02, 0.0000000E+00, 0.1050000E+03, 0.4126009E+03, 0.1050000E+03,
 0.6504000E+01, 0.5357564E+03, 0.1788844E+02, 0.0000000E+00, 0.1050000E+03, 0.4128680E+03, 0.1050000E+03,
 0.6506000E+01, 0.5360179E+03, 0.1788283E+02, 0.0000000E+00, 0.1050000E+03, 0.4131351E+03, 0.1050000E+03,
 0.6508000E+01, 0.5362794E+03, 0.1787723E+02, 0.0000000E+00, 0.1050000E+03, 0.4134021E+03, 0.1050000E+03,
 0.6510000E+01, 0.5365408E+03, 0.1787163E+02, 0.0000000E+00, 0.1050000E+03, 0.4136692E+03, 0.1050000E+03,
 0.6512000E+01, 0.5368022E+03, 0.1786603E+02, 0.0000000E+00, 0.1050000E+03, 0.4139362E+03, 0.1050000E+03,
 0.6514000E+01, 0.5370636E+03, 0.1786043E+02, 0.0000000E+00, 0.1050000E+03, 0.4142032E+03, 0.1050000E+03,
 0.6516000E+01, 0.5373250E+03, 0.1785484E+02, 0.0000000E+00, 0.1050000E+03, 0.4144702E+03, 0.1050000E+03,
 0.6518000E+01, 0.5375864E+03, 0.1784924E+02, 0.0000000E+00, 0.1050000E+03, 0.4147372E+03, 0.1050000E+03,
 0.6520000E+01, 0.5378477E+03, 0.1784365E+02, 0.0000000E+00, 0.1050000E+03, 0.4150041E+03, 0.1050000E+03,
 0.6522000E+01, 0.5381091E+03, 0.1783806E+02, 0.0000000E+00, 0.1050000E+03, 0.4152710E+03, 0.1050000E+03,
 0.6524000E+01, 0.5383704E+03, 0.1783247E+02, 0.0000000E+00, 0.1050000E+03, 0.4155379E+03, 0.1050000E+03,
 0.6526000E+01, 0.5386317E+03, 0.1782689E+02, 0.0000000E+00, 0.1050000E+03, 0.4158048E+03, 0.1050000E+03,
 0.6528000E+01, 0.5388929E+03, 0.1782130E+02, 0.0000000E+00, 0.1050000E+03, 0.4160716E+03, 0.1050000E+03,
 0.6530000E+01, 0.5391542E+03, 0.1781572E+02, 0.0000000E+00, 0.1050000E+03, 0.4163385E+03, 0.1050000E+03,
 0.6532000E+01, 0.5394154E+03, 0.1781014E+02, 0.0000000E+00, 0.1050000E+03, 0.4166053E+03, 0.1050000E+03,
 0.6534000E+01, 0.5396766E+03, 0.1780457E+02, 0.0000000E+00, 0.1050000E+03, 0.4168721E+03, 0.1050000E+03,
 0.6536000E+01, 0.5399378E+03, 0.1779899E+02, 0.0000000E+00, 0.1050000E+03, 0.4171388E+03, 0.1050000E+03,
 0.6538000E+01, 0.5401990E+03, 0.1779342E+02, 0.0000000E+00, 0.1050000E+03, 0.4174056E+03, 0.1050000E+03,
 0.6540000E+01, 0.5404601E+03, 0.1778785E+02, 0.0000000E+00, 0.1050000E+03, 0.4176723E+03, 0.1050000E+03,
 0.6542000E+01, 0.5407213E+03, 0.1778228E+02, 0.0000000E+00, 0.1050000E+03, 0.4179390E+03, 0.1050000E+03,
 0.6544000E+01, 0.5409824E+03, 0.1777671E+02, 0.0000000E+00, 0.1050000E+03, 0.4182057E+03, 0.1050000E+03,
 0.6546000E+01, 0.5412435E+03, 0.1777114E+02, 0.0000000E+00, 0.1050000E+03, 0.4184723E+03, 0.1050000E+03,
 0.6548000E+01, 0.5415045E+03, 0.1776558E+02, 0.0000000E+00, 0.1050000E+03, 0.4187390E+03, 0.1050000E+03,
 0.6550000E+01, 0.5417656E+03, 0.1776002E+02, 0.0000000E+00, 0.1050000E+03, 0.4190056E+03, 0.1050000E+03,
 0.6552000E+01, 0.5420266E+03, 0.1775446E+02, 0.0000000E+00, 0.1050000E+03, 0.4192721E+03, 0.1050000E+03,
 0.6554000E+01, 0.5422876E+03, 0.1774891E+02, 0.0000000E+00, 0.1050000E+03, 0.4195387E+03, 0.1050000E+03,
 0.6556000E+01, 0.5425485E+03, 0.1774335E+02, 0.0000000E+00, 0.1050000E+03, 0.4198052E+03, 0.1050000E+03,
 0.6558000E+01, 0.5428095E+03, 0.1773780E+02, 0.0000000E+00, 0.1050000E+03, 0.4200717E+03, 0.1050000E+03,
 0.6560000E+01, 0.5430704E+03, 0.1773225E+02, 0.0000000E+00, 0.1050000E+03, 0.4203382E+03, 0.1050000E+03,
 0.6562000E+01, 0.5433313E+03, 0.1772670E+02, 0.0000000E+00, 0.1050000E+03, 0.4206046E+03, 0.1050000E+03,
 0.6564000E+01, 0.5435922E+03, 0.1772116E+02, 0.0000000E+00, 0.1050000E+03, 0.4208710E+03, 0.1050000E+03,
 0.6566000E+01, 0.5438530E+03, 0.1771561E+02, 0.0000000E+00, 0.1050000E+03, 0.4211374E+03, 0.1050000E+03,
 0.6568000E+01, 0.5441138E+03, 0.1771007E+02, 0.0000000E+00, 0.1050000E+03, 0.4214038E+03, 0.1050000E+03,
 0.6570000E+01, 0.5443746E+03, 0.1770453E+02, 0.0000000E+00, 0.1050000E+03, 0.4216701E+03, 0.1050000E+03,
 0.6572000E+01, 0.5446354E+03, 0.1769899E+02, 0.0000000E+00, 0.1050000E+03, 0.4219364E+03, 0.1050000E+03,
 0.6574000E+01, 0.5448962E+03, 0.1769346E+02, 0.0000000E+00, 0.1050000E+03, 0.4222027E+03, 0.1050000E+03,
 0.6576000E+01, 0.5451569E+03, 0.1768792E+02, 0.0000000E+00, 0.1050000E+03, 0.4224690E+03, 0.1050000E+03,
 0.6578000E+01, 0.5454176E+03, 0.1768239E+02, 0.0000000E+00, 0.1050000E+03, 0.4227352E+03, 0.1050000E+03,
 0.6580000E+01, 0.5456783E+03, 0.1767686E+02, 0.0000000E+00, 0.1050000E+03, 0.4230014E+03, 0.1050000E+03,
 0.6582000E+01, 0.5459389E+03, 0.1767133E+02, 0.0000000E+00, 0.1050000E+03, 0.4232675E+03, 0.1050000E+03,
 0.6584000E+01, 0.5461995E+03, 0.1766581E+02, 0.0000000E+00, 0.1050000E+03, 0.4235337E+03, 0.1050000E+03,
 0.6586000E+01, 0.5464601E+03, 0.1766029E+02, 0.0000000E+00, 0.1050000E+03, 0.4237998E+03, 0.1050000E+03,
 0.6588000E+01, 0.5467206E+03, 0.1765477E+02, 0.0000000E+00, 0.1050000E+03, 0.4240659E+03, 0.1050000E+03,
 0.6590000E+01, 0.5469812E+03, 0.1764925E+02, 0.0000000E+00, 0.1050000E+03, 0.4243319E+03, 0.1050000E+03,
 0.6592000E+01, 0.5472417E+03, 0.1764373E+02, 0.0000000E+00, 0.1050000E+03, 0.4245980E+03, 0.1050000E+03,
 0.6594000E+01, 0.5475021E+03, 0.1763822E+02, 0.0000000E+00, 0.1050000E+03, 0.4248640E+03, 0.1050000E+03,
 0.6596000E+01, 0.5477626E+03, 0.1763270E+02, 0.0000000E+00, 0.1050000E+03, 0.4251299E+03, 0.1050000E+03,
 0.6598000E+01, 0.5480230E+03, 0.1762719E+02, 0.0000000E+00, 0.1050000E+03, 0.4253958E+03, 0.1050000E+03,
 0.6600000E+01, 0.5482834E+03, 0.1762169E+02, 0.0000000E+00, 0.1050000E+03, 0.4256617E+03, 0.1050000E+03,
 0.6602000E+01, 0.5485438E+03, 0.1761618E+02, 0.0000000E+00, 0.1050000E+03, 0.4259276E+03, 0.1050000E+03,
 0.6604000E+01, 0.5488041E+03, 0.1761068E+02, 0.0000000E+00, 0.1050000E+03, 0.4261934E+03, 0.1050000E+03,
 0.6606000E+01, 0.5490644E+03, 0.1760517E+02, 0.0000000E+00, 0.1050000E+03, 0.4264592E+03, 0.1050000E+03,
 0.6608000E+01, 0.5493246E+03, 0.1759967E+02, 0.0000000E+00, 0.1050000E+03, 0.4267250E+03, 0.1050000E+03,
 0.6610000E+01, 0.5495849E+03, 0.1759418E+02, 0.0000000E+00, 0.1050000E+03, 0.4269907E+03, 0.1050000E+03,
 0.6612000E+01, 0.5498451E+03, 0.1758868E+02, 0.0000000E+00, 0.1050000E+03, 0.4272564E+03, 0.1050000E+03,
 0.6614000E+01, 0.5501053E+03, 0.1758319E+02, 0.0000000E+00, 0.1050000E+03, 0.4275221E+03, 0.1050000E+03,
 0.6616000E+01, 0.5503654E+03, 0.1757770E+02, 0.0000000E+00, 0.1050000E+03, 0.4277877E+03, 0.1050000E+03,
 0.6618000E+01, 0.5506255E+03, 0.1757221E+02, 0.0000000E+00, 0.1050000E+03, 0.4280533E+03, 0.1050000E+03,
 0.6620000E+01, 0.5508856E+03, 0.1756672E+02, 0.0000000E+00, 0.1050000E+03, 0.4283189E+03, 0.1050000E+03,
 0.6622000E+01, 0.5511457E+03, 0.1756124E+02, 0.0000000E+00, 0.1050000E+03, 0.4285844E+03, 0.1050000E+03,
 0.6624000E+01, 0.5514057E+03, 0.1755576E+02, 0.0000000E+00, 0.1050000E+03, 0.4288499E+03, 0.1050000E+03,
 0.6626000E+01, 0.5516656E+03, 0.1755028E+02, 0.0000000E+00, 0.1050000E+03, 0.4291154E+03, 0.1050000E+03,
 0.6628000E+01, 0.5519256E+03, 0.1754480E+02, 0.0000000E+00, 0.1050000E+03, 0.4293808E+03, 0.1050000E+03,
 0.6630000E+01, 0.5521855E+03, 0.1753932E+02, 0.0000000E+00, 0.1050000E+03, 0.4296462E+03, 0.1050000E+03,
 0.6632000E+01, 0.5524454E+03, 0.1753385E+02, 0.0000000E+00, 0.1050000E+03, 0.4299116E+03, 0.1050000E+03,
 0.6634000E+01, 0.5527053E+03, 0.1752838E+02, 0.0000000E+00, 0.1050000E+03, 0.4301769E+03, 0.1050000E+03,
 0.6636000E+01, 0.5529651E+03, 0.1752291E+02, 0.0000000E+00, 0.1050000E+03, 0.4304422E+03, 0.1050000E+03,
 0.6638000E+01, 0.5532249E+03, 0.1751744E+02, 0.0000000E+00, 0.1050000E+03, 0.4307074E+03, 0.1050000E+03,
 0.6640000E+01, 0.5534846E+03, 0.1751197E+02, 0.0000000E+00, 0.1050000E+03, 0.4309727E+03, 0.1050000E+03,
 0.6642000E+01, 0.5537443E+03, 0.1750651E+02, 0.0000000E+00, 0.1050000E+03, 0.4312378E+03, 0.1050000E+03,
 0.6644000E+01, 0.5540040E+03, 0.1750105E+02, 0.0000000E+00, 0.1050000E+03, 0.4315030E+03, 0.1050000E+03,
 0.6646000E+01, 0.5542637E+03, 0.1749559E+02, 0.0000000E+00, 0.1050000E+03, 0.4317681E+03, 0.1050000E+03,
 0.6648000E+01, 0.5545233E+03, 0.1749014E+02, 0.0000000E+00, 0.1050000E+03, 0.4320331E+03, 0.1050000E+03,
 0.6650000E+01, 0.5547828E+03, 0.1748468E+02, 0.0000000E+00, 0.1050000E+03, 0.4322982E+03, 0.1050000E+03,
 0.6652000E+01, 0.5550424E+03, 0.1747923E+02, 0.0000000E+00, 0.1050000E+03, 0.4325631E+03, 0.1050000E+03,
 0.6654000E+01, 0.5553019E+03, 0.1747378E+02, 0.0000000E+00, 0.1050000E+03, 0.4328281E+03, 0.1050000E+03,
 0.6656000E+01, 0.5555613E+03, 0.1746833E+02, 0.0000000E+00, 0.1050000E+03, 0.4330930E+03, 0.1050000E+03,
 0.6658000E+01, 0.5558207E+03, 0.1746289E+02, 0.0000000E+00, 0.1050000E+03, 0.4333579E+03, 0.1050000E+03,
 0.6660000E+01, 0.5560801E+03, 0.1745745E+02, 0.0000000E+00, 0.1050000E+03, 0.4336227E+03, 0.1050000E+03,
 0.6662000E+01, 0.5563395E+03, 0.1745201E+02, 0.0000000E+00, 0.1050000E+03, 0.4338875E+03, 0.1050000E+03,
 0.6664000E+01, 0.5565988E+03, 0.1744657E+02, 0.0000000E+00, 0.1050000E+03, 0.4341523E+03, 0.1050000E+03,
 0.6666000E+01, 0.5568581E+03, 0.1744113E+02, 0.0000000E+00, 0.1050000E+03, 0.4344170E+03, 0.1050000E+03,
 0.6668000E+01, 0.5571173E+03, 0.1743570E+02, 0.0000000E+00, 0.1050000E+03, 0.4346816E+03, 0.1050000E+03,
 0.6670000E+01, 0.5573765E+03, 0.1743026E+02, 0.0000000E+00, 0.1050000E+03, 0.4349463E+03, 0.1050000E+03,
 0.6672000E+01, 0.5576357E+03, 0.1742484E+02, 0.0000000E+00, 0.1050000E+03, 0.4352108E+03, 0.1050000E+03,
 0.6674000E+01, 0.5578948E+03, 0.1741941E+02, 0.0000000E+00, 0.1050000E+03, 0.4354754E+03, 0.1050000E+03,
 0.6676000E+01, 0.5581539E+03, 0.1741398E+02, 0.0000000E+00, 0.1050000E+03, 0.4357399E+03, 0.1050000E+03,
 0.6678000E+01, 0.5584129E+03, 0.1740856E+02, 0.0000000E+00, 0.1050000E+03, 0.4360044E+03, 0.1050000E+03,
 0.6680000E+01, 0.5586719E+03, 0.1740314E+02, 0.0000000E+00, 0.1050000E+03, 0.4362688E+03, 0.1050000E+03,
 0.6682000E+01, 0.5589309E+03, 0.1739772E+02, 0.0000000E+00, 0.1050000E+03, 0.4365332E+03, 0.1050000E+03,
 0.6684000E+01, 0.5591898E+03, 0.1739230E+02, 0.0000000E+00, 0.1050000E+03, 0.4367975E+03, 0.1050000E+03,
 0.6686000E+01, 0.5594487E+03, 0.1738689E+02, 0.0000000E+00, 0.1050000E+03, 0.4370618E+03, 0.1050000E+03,
 0.6688000E+01, 0.5597075E+03, 0.1738148E+02, 0.0000000E+00, 0.1050000E+03, 0.4373261E+03, 0.1050000E+03,
 0.6690000E+01, 0.5599664E+03, 0.1737607E+02, 0.0000000E+00, 0.1050000E+03, 0.4375903E+03, 0.1050000E+03,
 0.6692000E+01, 0.5602251E+03, 0.1737066E+02, 0.0000000E+00, 0.1050000E+03, 0.4378545E+03, 0.1050000E+03,
 0.6694000E+01, 0.5604838E+03, 0.1736525E+02, 0.0000000E+00, 0.1050000E+03, 0.4381186E+03, 0.1050000E+03,
 0.6696000E+01, 0.5607425E+03, 0.1735985E+02, 0.0000000E+00, 0.1050000E+03, 0.4383827E+03, 0.1050000E+03,
 0.6698000E+01, 0.5610012E+03, 0.1735445E+02, 0.0000000E+00, 0.1050000E+03, 0.4386467E+03, 0.1050000E+03,
 0.6700000E+01, 0.5612597E+03, 0.1734905E+02, 0.0000000E+00, 0.1050000E+03, 0.4389107E+03, 0.1050000E+03,
 0.6702000E+01, 0.5615182E+03, 0.1734365E+02, 0.0000000E+00, 0.1050000E+03, 0.4391746E+03, 0.1050000E+03,
 0.6704000E+01, 0.5617768E+03, 0.1733826E+02, 0.0000000E+00, 0.1050000E+03, 0.4394385E+03, 0.1050000E+03,
 0.6706000E+01, 0.5620352E+03, 0.1733287E+02, 0.0000000E+00, 0.1050000E+03, 0.4397024E+03, 0.1050000E+03,
 0.6708000E+01, 0.5622936E+03, 0.1732748E+02, 0.0000000E+00, 0.1050000E+03, 0.4399662E+03, 0.1050000E+03,
 0.6710000E+01, 0.5625521E+03, 0.1732209E+02, 0.0000000E+00, 0.1050000E+03, 0.4402299E+03, 0.1050000E+03,
 0.6712000E+01, 0.5628104E+03, 0.1731670E+02, 0.0000000E+00, 0.1050000E+03, 0.4404937E+03, 0.1050000E+03,
 0.6714000E+01, 0.5630687E+03, 0.1731132E+02, 0.0000000E+00, 0.1050000E+03, 0.4407574E+03, 0.1050000E+03,
 0.6716000E+01, 0.5633269E+03, 0.1730594E+02, 0.0000000E+00, 0.1050000E+03, 0.4410210E+03, 0.1050000E+03,
 0.6718000E+01, 0.5635851E+03, 0.1730056E+02, 0.0000000E+00, 0.1050000E+03, 0.4412845E+03, 0.1050000E+03,
 0.6720000E+01, 0.5638433E+03, 0.1729519E+02, 0.0000000E+00, 0.1050000E+03, 0.4415481E+03, 0.1050000E+03,
 0.6722000E+01, 0.5641014E+03, 0.1728981E+02, 0.0000000E+00, 0.1050000E+03, 0.4418116E+03, 0.1050000E+03,
 0.6724000E+01, 0.5643594E+03, 0.1728444E+02, 0.0000000E+00, 0.1050000E+03, 0.4420750E+03, 0.1050000E+03,
 0.6726000E+01, 0.5646174E+03, 0.1727907E+02, 0.0000000E+00, 0.1050000E+03, 0.4423384E+03, 0.1050000E+03,
 0.6728000E+01, 0.5648754E+03, 0.1727370E+02, 0.0000000E+00, 0.1050000E+03, 0.4426017E+03, 0.1050000E+03,
 0.6730000E+01, 0.5651334E+03, 0.1726834E+02, 0.0000000E+00, 0.1050000E+03, 0.4428650E+03, 0.1050000E+03,
 0.6732000E+01, 0.5653912E+03, 0.1726297E+02, 0.0000000E+00, 0.1050000E+03, 0.4431283E+03, 0.1050000E+03,
 0.6734000E+01, 0.5656490E+03, 0.1725761E+02, 0.0000000E+00, 0.1050000E+03, 0.4433914E+03, 0.1050000E+03,
 0.6736000E+01, 0.5659069E+03, 0.1725225E+02, 0.0000000E+00, 0.1050000E+03, 0.4436546E+03, 0.1050000E+03,
 0.6738000E+01, 0.5661646E+03, 0.1724690E+02, 0.0000000E+00, 0.1050000E+03, 0.4439177E+03, 0.1050000E+03,
 0.6740000E+01, 0.5664223E+03, 0.1724154E+02, 0.0000000E+00, 0.1050000E+03, 0.4441808E+03, 0.1050000E+03,
 0.6742000E+01, 0.5666799E+03, 0.1723619E+02, 0.0000000E+00, 0.1050000E+03, 0.4444438E+03, 0.1050000E+03,
 0.6744000E+01, 0.5669376E+03, 0.1723084E+02, 0.0000000E+00, 0.1050000E+03, 0.4447067E+03, 0.1050000E+03,
 0.6746000E+01, 0.5671951E+03, 0.1722549E+02, 0.0000000E+00, 0.1050000E+03, 0.4449696E+03, 0.1050000E+03,
 0.6748000E+01, 0.5674526E+03, 0.1722015E+02, 0.0000000E+00, 0.1050000E+03, 0.4452324E+03, 0.1050000E+03,
 0.6750000E+01, 0.5677100E+03, 0.1721481E+02, 0.0000000E+00, 0.1050000E+03, 0.4454952E+03, 0.1050000E+03,
 0.6752000E+01, 0.5679675E+03, 0.1720947E+02, 0.0000000E+00, 0.1050000E+03, 0.4457580E+03, 0.1050000E+03,
 0.6754000E+01, 0.5682248E+03, 0.1720413E+02, 0.0000000E+00, 0.1050000E+03, 0.4460207E+03, 0.1050000E+03,
 0.6756000E+01, 0.5684821E+03, 0.1719879E+02, 0.0000000E+00, 0.1050000E+03, 0.4462833E+03, 0.1050000E+03,
 0.6758000E+01, 0.5687394E+03, 0.1719346E+02, 0.0000000E+00, 0.1050000E+03, 0.4465459E+03, 0.1050000E+03,
 0.6760000E+01, 0.5689966E+03, 0.1718813E+02, 0.0000000E+00, 0.1050000E+03, 0.4468084E+03, 0.1050000E+03,
 0.6762000E+01, 0.5692537E+03, 0.1718280E+02, 0.0000000E+00, 0.1050000E+03, 0.4470709E+03, 0.1050000E+03,
 0.6764000E+01, 0.5695108E+03, 0.1717747E+02, 0.0000000E+00, 0.1050000E+03, 0.4473333E+03, 0.1050000E+03,
 0.6766000E+01, 0.5697679E+03, 0.1717214E+02, 0.0000000E+00, 0.1050000E+03, 0.4475957E+03, 0.1050000E+03,
 0.6768000E+01, 0.5700248E+03, 0.1716682E+02, 0.0000000E+00, 0.1050000E+03, 0.4478581E+03, 0.1050000E+03,
 0.6770000E+01, 0.5702818E+03, 0.1716150E+02, 0.0000000E+00, 0.1050000E+03, 0.4481203E+03, 0.1050000E+03,
 0.6772000E+01, 0.5705387E+03, 0.1715618E+02, 0.0000000E+00, 0.1050000E+03, 0.4483825E+03, 0.1050000E+03,
 0.6774000E+01, 0.5707956E+03, 0.1715087E+02, 0.0000000E+00, 0.1050000E+03, 0.4486447E+03, 0.1050000E+03,
 0.6776000E+01, 0.5710524E+03, 0.1714555E+02, 0.0000000E+00, 0.1050000E+03, 0.4489068E+03, 0.1050000E+03,
 0.6778000E+01, 0.5713091E+03, 0.1714024E+02, 0.0000000E+00, 0.1050000E+03, 0.4491689E+03, 0.1050000E+03,
 0.6780000E+01, 0.5715658E+03, 0.1713493E+02, 0.0000000E+00, 0.1050000E+03, 0.4494309E+03, 0.1050000E+03,
 0.6782000E+01, 0.5718224E+03, 0.1712963E+02, 0.0000000E+00, 0.1050000E+03, 0.4496928E+03, 0.1050000E+03,
 0.6784000E+01, 0.5720790E+03, 0.1712432E+02, 0.0000000E+00, 0.1050000E+03, 0.4499547E+03, 0.1050000E+03,
 0.6786000E+01, 0.5723356E+03, 0.1711902E+02, 0.0000000E+00, 0.1050000E+03, 0.4502165E+03, 0.1050000E+03,
 0.6788000E+01, 0.5725920E+03, 0.1711372E+02, 0.0000000E+00, 0.1050000E+03, 0.4504783E+03, 0.1050000E+03,
 0.6790000E+01, 0.5728484E+03, 0.1710842E+02, 0.0000000E+00, 0.1050000E+03, 0.4507401E+03, 0.1050000E+03,
 0.6792000E+01, 0.5731049E+03, 0.1710312E+02, 0.0000000E+00, 0.1050000E+03, 0.4510017E+03, 0.1050000E+03,
 0.6794000E+01, 0.5733611E+03, 0.1709783E+02, 0.0000000E+00, 0.1050000E+03, 0.4512633E+03, 0.1050000E+03,
 0.6796000E+01, 0.5736174E+03, 0.1709254E+02, 0.0000000E+00, 0.1050000E+03, 0.4515249E+03, 0.1050000E+03,
 0.6798000E+01, 0.5738736E+03, 0.1708725E+02, 0.0000000E+00, 0.1050000E+03, 0.4517864E+03, 0.1050000E+03,
 0.6800000E+01, 0.5741298E+03, 0.1708196E+02, 0.0000000E+00, 0.1050000E+03, 0.4520478E+03, 0.1050000E+03,
 0.6802000E+01, 0.5743859E+03, 0.1707668E+02, 0.0000000E+00, 0.1050000E+03, 0.4523092E+03, 0.1050000E+03,
 0.6804000E+01, 0.5746419E+03, 0.1707140E+02, 0.0000000E+00, 0.1050000E+03, 0.4525705E+03, 0.1050000E+03,
 0.6806000E+01, 0.5748979E+03, 0.1706612E+02, 0.0000000E+00, 0.1050000E+03, 0.4528318E+03, 0.1050000E+03,
 0.6808000E+01, 0.5751538E+03, 0.1706084E+02, 0.0000000E+00, 0.1050000E+03, 0.4530930E+03, 0.1050000E+03,
 0.6810000E+01, 0.5754097E+03, 0.1705556E+02, 0.0000000E+00, 0.1050000E+03, 0.4533541E+03, 0.1050000E+03,
 0.6812000E+01, 0.5756655E+03, 0.1705029E+02, 0.0000000E+00, 0.1050000E+03, 0.4536152E+03, 0.1050000E+03,
 0.6814000E+01, 0.5759213E+03, 0.1704502E+02, 0.0000000E+00, 0.1050000E+03, 0.4538763E+03, 0.1050000E+03,
 0.6816000E+01, 0.5761770E+03, 0.1703975E+02, 0.0000000E+00, 0.1050000E+03, 0.4541372E+03, 0.1050000E+03,
 0.6818000E+01, 0.5764326E+03, 0.1703448E+02, 0.0000000E+00, 0.1050000E+03, 0.4543981E+03, 0.1050000E+03,
 0.6820000E+01, 0.5766882E+03, 0.1702922E+02, 0.0000000E+00, 0.1050000E+03, 0.4546590E+03, 0.1050000E+03,
 0.6822000E+01, 0.5769437E+03, 0.1702396E+02, 0.0000000E+00, 0.1050000E+03, 0.4549198E+03, 0.1050000E+03,
 0.6824000E+01, 0.5771992E+03, 0.1701870E+02, 0.0000000E+00, 0.1050000E+03, 0.4551805E+03, 0.1050000E+03,
 0.6826000E+01, 0.5774547E+03, 0.1701344E+02, 0.0000000E+00, 0.1050000E+03, 0.4554412E+03, 0.1050000E+03,
 0.6828000E+01, 0.5777100E+03, 0.1700819E+02, 0.0000000E+00, 0.1050000E+03, 0.4557018E+03, 0.1050000E+03,
 0.6830000E+01, 0.5779653E+03, 0.1700293E+02, 0.0000000E+00, 0.1050000E+03, 0.4559624E+03, 0.1050000E+03,
 0.6832000E+01, 0.5782205E+03, 0.1699768E+02, 0.0000000E+00, 0.1050000E+03, 0.4562229E+03, 0.1050000E+03,
 0.6834000E+01, 0.5784757E+03, 0.1699243E+02, 0.0000000E+00, 0.1050000E+03, 0.4564833E+03, 0.1050000E+03,
 0.6836000E+01, 0.5787308E+03, 0.1698719E+02, 0.0000000E+00, 0.1050000E+03, 0.4567437E+03, 0.1050000E+03,
 0.6838000E+01, 0.5789859E+03, 0.1698194E+02, 0.0000000E+00, 0.1050000E+03, 0.4570040E+03, 0.1050000E+03,
 0.6840000E+01, 0.5792409E+03, 0.1697670E+02, 0.0000000E+00, 0.1050000E+03, 0.4572642E+03, 0.1050000E+03,
 0.6842000E+01, 0.5794958E+03, 0.1697146E+02, 0.0000000E+00, 0.1050000E+03, 0.4575244E+03, 0.1050000E+03,
 0.6844000E+01, 0.5797507E+03, 0.1696622E+02, 0.0000000E+00, 0.1050000E+03, 0.4577845E+03, 0.1050000E+03,
 0.6846000E+01, 0.5800056E+03, 0.1696099E+02, 0.0000000E+00, 0.1050000E+03, 0.4580446E+03, 0.1050000E+03,
 0.6848000E+01, 0.5802603E+03, 0.1695576E+02, 0.0000000E+00, 0.1050000E+03, 0.4583045E+03, 0.1050000E+03,
 0.6850000E+01, 0.5805150E+03, 0.1695053E+02, 0.0000000E+00, 0.1050000E+03, 0.4585645E+03, 0.1050000E+03,
 0.6852000E+01, 0.5807697E+03, 0.1694530E+02, 0.0000000E+00, 0.1050000E+03, 0.4588243E+03, 0.1050000E+03,
 0.6854000E+01, 0.5810242E+03, 0.1694007E+02, 0.0000000E+00, 0.1050000E+03, 0.4590841E+03, 0.1050000E+03,
 0.6856000E+01, 0.5812787E+03, 0.1693485E+02, 0.0000000E+00, 0.1050000E+03, 0.4593439E+03, 0.1050000E+03,
 0.6858000E+01, 0.5815332E+03, 0.1692963E+02, 0.0000000E+00, 0.1050000E+03, 0.4596035E+03, 0.1050000E+03,
 0.6860000E+01, 0.5817876E+03, 0.1692441E+02, 0.0000000E+00, 0.1050000E+03, 0.4598632E+03, 0.1050000E+03,
 0.6862000E+01, 0.5820419E+03, 0.1691919E+02, 0.0000000E+00, 0.1050000E+03, 0.4601227E+03, 0.1050000E+03,
 0.6864000E+01, 0.5822961E+03, 0.1691397E+02, 0.0000000E+00, 0.1050000E+03, 0.4603822E+03, 0.1050000E+03,
 0.6866000E+01, 0.5825504E+03, 0.1690876E+02, 0.0000000E+00, 0.1050000E+03, 0.4606416E+03, 0.1050000E+03,
 0.6868000E+01, 0.5828045E+03, 0.1690355E+02, 0.0000000E+00, 0.1050000E+03, 0.4609009E+03, 0.1050000E+03,
 0.6870000E+01, 0.5830586E+03, 0.1689834E+02, 0.0000000E+00, 0.1050000E+03, 0.4611602E+03, 0.1050000E+03,
 0.6872000E+01, 0.5833126E+03, 0.1689314E+02, 0.0000000E+00, 0.1050000E+03, 0.4614195E+03, 0.1050000E+03,
 0.6874000E+01, 0.5835665E+03, 0.1688793E+02, 0.0000000E+00, 0.1050000E+03, 0.4616786E+03, 0.1050000E+03,
 0.6876000E+01, 0.5838204E+03, 0.1688273E+02, 0.0000000E+00, 0.1050000E+03, 0.4619377E+03, 0.1050000E+03,
 0.6878000E+01, 0.5840742E+03, 0.1687753E+02, 0.0000000E+00, 0.1050000E+03, 0.4621967E+03, 0.1050000E+03,
 0.6880000E+01, 0.5843280E+03, 0.1687233E+02, 0.0000000E+00, 0.1050000E+03, 0.4624557E+03, 0.1050000E+03,
 0.6882000E+01, 0.5845817E+03, 0.1686714E+02, 0.0000000E+00, 0.1050000E+03, 0.4627145E+03, 0.1050000E+03,
 0.6884000E+01, 0.5848353E+03, 0.1686194E+02, 0.0000000E+00, 0.1050000E+03, 0.4629734E+03, 0.1050000E+03,
 0.6886000E+01, 0.5850889E+03, 0.1685675E+02, 0.0000000E+00, 0.1050000E+03, 0.4632321E+03, 0.1050000E+03,
 0.6888000E+01, 0.5853423E+03, 0.1685156E+02, 0.0000000E+00, 0.1050000E+03, 0.4634908E+03, 0.1050000E+03,
 0.6890000E+01, 0.5855958E+03, 0.1684638E+02, 0.0000000E+00, 0.1050000E+03, 0.4637494E+03, 0.1050000E+03,
 0.6892000E+01, 0.5858491E+03, 0.1684119E+02, 0.0000000E+00, 0.1050000E+03, 0.4640079E+03, 0.1050000E+03,
 0.6894000E+01, 0.5861024E+03, 0.1683601E+02, 0.0000000E+00, 0.1050000E+03, 0.4642664E+03, 0.1050000E+03,
 0.6896000E+01, 0.5863557E+03, 0.1683083E+02, 0.0000000E+00, 0.1050000E+03, 0.4645248E+03, 0.1050000E+03,
 0.6898000E+01, 0.5866088E+03, 0.1682565E+02, 0.0000000E+00, 0.1050000E+03, 0.4647831E+03, 0.1050000E+03,
 0.6900000E+01, 0.5868619E+03, 0.1682048E+02, 0.0000000E+00, 0.1050000E+03, 0.4650414E+03, 0.1050000E+03,
 0.6902000E+01, 0.5871149E+03, 0.1681531E+02, 0.0000000E+00, 0.1050000E+03, 0.4652996E+03, 0.1050000E+03,
 0.6904000E+01, 0.5873679E+03, 0.1681013E+02, 0.0000000E+00, 0.1050000E+03, 0.4655577E+03, 0.1050000E+03,
 0.6906000E+01, 0.5876208E+03, 0.1680497E+02, 0.0000000E+00, 0.1050000E+03, 0.4658158E+03, 0.1050000E+03,
 0.6908000E+01, 0.5878736E+03, 0.1679980E+02, 0.0000000E+00, 0.1050000E+03, 0.4660738E+03, 0.1050000E+03,
 0.6910000E+01, 0.5881263E+03, 0.1679463E+02, 0.0000000E+00, 0.1050000E+03, 0.4663317E+03, 0.1050000E+03,
 0.6912000E+01, 0.5883790E+03, 0.1678947E+02, 0.0000000E+00, 0.1050000E+03, 0.4665896E+03, 0.1050000E+03,
 0.6914000E+01, 0.5886317E+03, 0.1678431E+02, 0.0000000E+00, 0.1050000E+03, 0.4668474E+03, 0.1050000E+03,
 0.6916000E+01, 0.5888842E+03, 0.1677915E+02, 0.0000000E+00, 0.1050000E+03, 0.4671050E+03, 0.1050000E+03,
 0.6918000E+01, 0.5891367E+03, 0.1677400E+02, 0.0000000E+00, 0.1050000E+03, 0.4673627E+03, 0.1050000E+03,
 0.6920000E+01, 0.5893891E+03, 0.1676884E+02, 0.0000000E+00, 0.1050000E+03, 0.4676202E+03, 0.1050000E+03,
 0.6922000E+01, 0.5896414E+03, 0.1676369E+02, 0.0000000E+00, 0.1050000E+03, 0.4678777E+03, 0.1050000E+03,
 0.6924000E+01, 0.5898937E+03, 0.1675854E+02, 0.0000000E+00, 0.1050000E+03, 0.4681352E+03, 0.1050000E+03,
 0.6926000E+01, 0.5901459E+03, 0.1675340E+02, 0.0000000E+00, 0.1050000E+03, 0.4683925E+03, 0.1050000E+03,
 0.6928000E+01, 0.5903980E+03, 0.1674825E+02, 0.0000000E+00, 0.1050000E+03, 0.4686498E+03, 0.1050000E+03,
 0.6930000E+01, 0.5906501E+03, 0.1674311E+02, 0.0000000E+00, 0.1050000E+03, 0.4689070E+03, 0.1050000E+03,
 0.6932000E+01, 0.5909020E+03, 0.1673797E+02, 0.0000000E+00, 0.1050000E+03, 0.4691641E+03, 0.1050000E+03,
 0.6934000E+01, 0.5911540E+03, 0.1673283E+02, 0.0000000E+00, 0.1050000E+03, 0.4694211E+03, 0.1050000E+03,
 0.6936000E+01, 0.5914058E+03, 0.1672769E+02, 0.0000000E+00, 0.1050000E+03, 0.4696781E+03, 0.1050000E+03,
 0.6938000E+01, 0.5916576E+03, 0.1672256E+02, 0.0000000E+00, 0.1050000E+03, 0.4699351E+03, 0.1050000E+03,
 0.6940000E+01, 0.5919093E+03, 0.1671742E+02, 0.0000000E+00, 0.1050000E+03, 0.4701919E+03, 0.1050000E+03,
 0.6942000E+01, 0.5921609E+03, 0.1671229E+02, 0.0000000E+00, 0.1050000E+03, 0.4704486E+03, 0.1050000E+03,
 0.6944000E+01, 0.5924125E+03, 0.1670716E+02, 0.0000000E+00, 0.1050000E+03, 0.4707053E+03, 0.1050000E+03,
 0.6946000E+01, 0.5926640E+03, 0.1670204E+02, 0.0000000E+00, 0.1050000E+03, 0.4709619E+03, 0.1050000E+03,
 0.6948000E+01, 0.5929154E+03, 0.1669691E+02, 0.0000000E+00, 0.1050000E+03, 0.4712185E+03, 0.1050000E+03,
 0.6950000E+01, 0.5931667E+03, 0.1669179E+02, 0.0000000E+00, 0.1050000E+03, 0.4714749E+03, 0.1050000E+03,
 0.6952000E+01, 0.5934180E+03, 0.1668667E+02, 0.0000000E+00, 0.1050000E+03, 0.4717313E+03, 0.1050000E+03,
 0.6954000E+01, 0.5936692E+03, 0.1668156E+02, 0.0000000E+00, 0.1050000E+03, 0.4719876E+03, 0.1050000E+03,
 0.6956000E+01, 0.5939203E+03, 0.1667644E+02, 0.0000000E+00, 0.1050000E+03, 0.4722439E+03, 0.1050000E+03,
 0.6958000E+01, 0.5941713E+03, 0.1667133E+02, 0.0000000E+00, 0.1050000E+03, 0.4725000E+03, 0.1050000E+03,
 0.6960000E+01, 0.5944223E+03, 0.1666622E+02, 0.0000000E+00, 0.1050000E+03, 0.4727561E+03, 0.1050000E+03,
 0.6962000E+01, 0.5946732E+03, 0.1666111E+02, 0.0000000E+00, 0.1050000E+03, 0.4730121E+03, 0.1050000E+03,
 0.6964000E+01, 0.5949240E+03, 0.1665600E+02, 0.0000000E+00, 0.1050000E+03, 0.4732680E+03, 0.1050000E+03,
 0.6966000E+01, 0.5951748E+03, 0.1665089E+02, 0.0000000E+00, 0.1050000E+03, 0.4735239E+03, 0.1050000E+03,
 0.6968000E+01, 0.5954255E+03, 0.1664579E+02, 0.0000000E+00, 0.1050000E+03, 0.4737797E+03, 0.1050000E+03,
 0.6970000E+01, 0.5956760E+03, 0.1664069E+02, 0.0000000E+00, 0.1050000E+03, 0.4740354E+03, 0.1050000E+03,
 0.6972000E+01, 0.5959266E+03, 0.1663559E+02, 0.0000000E+00, 0.1050000E+03, 0.4742910E+03, 0.1050000E+03,
 0.6974000E+01, 0.5961770E+03, 0.1663049E+02, 0.0000000E+00, 0.1050000E+03, 0.4745465E+03, 0.1050000E+03,
 0.6976000E+01, 0.5964274E+03, 0.1662540E+02, 0.0000000E+00, 0.1050000E+03, 0.4748020E+03, 0.1050000E+03,
 0.6978000E+01, 0.5966777E+03, 0.1662030E+02, 0.0000000E+00, 0.1050000E+03, 0.4750574E+03, 0.1050000E+03,
 0.6980000E+01, 0.5969279E+03, 0.1661521E+02, 0.0000000E+00, 0.1050000E+03, 0.4753127E+03, 0.1050000E+03,
 0.6982000E+01, 0.5971780E+03, 0.1661012E+02, 0.0000000E+00, 0.1050000E+03, 0.4755679E+03, 0.1050000E+03,
 0.6984000E+01, 0.5974281E+03, 0.1660504E+02, 0.0000000E+00, 0.1050000E+03, 0.4758231E+03, 0.1050000E+03,
 0.6986000E+01, 0.5976781E+03, 0.1659995E+02, 0.0000000E+00, 0.1050000E+03, 0.4760781E+03, 0.1050000E+03,
 0.6988000E+01, 0.5979280E+03, 0.1659487E+02, 0.0000000E+00, 0.1050000E+03, 0.4763331E+03, 0.1050000E+03,
 0.6990000E+01, 0.5981779E+03, 0.1658979E+02, 0.0000000E+00, 0.1050000E+03, 0.4765880E+03, 0.1050000E+03,
 0.6992000E+01, 0.5984276E+03, 0.1658471E+02, 0.0000000E+00, 0.1050000E+03, 0.4768429E+03, 0.1050000E+03,
 0.6994000E+01, 0.5986772E+03, 0.1657963E+02, 0.0000000E+00, 0.1050000E+03, 0.4770976E+03, 0.1050000E+03,
 0.6996000E+01, 0.5989269E+03, 0.1657456E+02, 0.0000000E+00, 0.1050000E+03, 0.4773523E+03, 0.1050000E+03,
 0.6998000E+01, 0.5991764E+03, 0.1656948E+02, 0.0000000E+00, 0.1050000E+03, 0.4776069E+03, 0.1050000E+03,
 0.7000000E+01, 0.5994258E+03, 0.1656441E+02, 0.0000000E+00, 0.1050000E+03, 0.4778614E+03, 0.1050000E+03,
 0.7002000E+01, 0.5996752E+03, 0.1655935E+02, 0.0000000E+00, 0.1050000E+03, 0.4781158E+03, 0.1050000E+03,
 0.7004000E+01, 0.5999245E+03, 0.1655428E+02, 0.0000000E+00, 0.1050000E+03, 0.4783702E+03, 0.1050000E+03,
 0.7006000E+01, 0.6001737E+03, 0.1654921E+02, 0.0000000E+00, 0.1050000E+03, 0.4786245E+03, 0.1050000E+03,
 0.7008000E+01, 0.6004228E+03, 0.1654415E+02, 0.0000000E+00, 0.1050000E+03, 0.4788787E+03, 0.1050000E+03,
 0.7010000E+01, 0.6006719E+03, 0.1653909E+02, 0.0000000E+00, 0.1050000E+03, 0.4791328E+03, 0.1050000E+03,
 0.7012000E+01, 0.6009208E+03, 0.1653403E+02, 0.0000000E+00, 0.1050000E+03, 0.4793868E+03, 0.1050000E+03,
 0.7014000E+01, 0.6011697E+03, 0.1652897E+02, 0.0000000E+00, 0.1050000E+03, 0.4796407E+03, 0.1050000E+03,
 0.7016000E+01, 0.6014185E+03, 0.1652392E+02, 0.0000000E+00, 0.1050000E+03, 0.4798946E+03, 0.1050000E+03,
 0.7018000E+01, 0.6016672E+03, 0.1651886E+02, 0.0000000E+00, 0.1050000E+03, 0.4801484E+03, 0.1050000E+03,
 0.7020000E+01, 0.6019159E+03, 0.1651381E+02, 0.0000000E+00, 0.1050000E+03, 0.4804021E+03, 0.1050000E+03,
 0.7022000E+01, 0.6021644E+03, 0.1650876E+02, 0.0000000E+00, 0.1050000E+03, 0.4806557E+03, 0.1050000E+03,
 0.7024000E+01, 0.6024129E+03, 0.1650371E+02, 0.0000000E+00, 0.1050000E+03, 0.4809092E+03, 0.1050000E+03,
 0.7026000E+01, 0.6026613E+03, 0.1649867E+02, 0.0000000E+00, 0.1050000E+03, 0.4811627E+03, 0.1050000E+03,
 0.7028000E+01, 0.6029097E+03, 0.1649362E+02, 0.0000000E+00, 0.1050000E+03, 0.4814160E+03, 0.1050000E+03,
 0.7030000E+01, 0.6031579E+03, 0.1648858E+02, 0.0000000E+00, 0.1050000E+03, 0.4816693E+03, 0.1050000E+03,
 0.7032000E+01, 0.6034060E+03, 0.1648354E+02, 0.0000000E+00, 0.1050000E+03, 0.4819225E+03, 0.1050000E+03,
 0.7034000E+01, 0.6036541E+03, 0.1647850E+02, 0.0000000E+00, 0.1050000E+03, 0.4821756E+03, 0.1050000E+03,
 0.7036000E+01, 0.6039021E+03, 0.1647346E+02, 0.0000000E+00, 0.1050000E+03, 0.4824286E+03, 0.1050000E+03,
 0.7038000E+01, 0.6041500E+03, 0.1646843E+02, 0.0000000E+00, 0.1050000E+03, 0.4826816E+03, 0.1050000E+03,
 0.7040000E+01, 0.6043978E+03, 0.1646339E+02, 0.0000000E+00, 0.1050000E+03, 0.4829344E+03, 0.1050000E+03,
 0.7042000E+01, 0.6046456E+03, 0.1645836E+02, 0.0000000E+00, 0.1050000E+03, 0.4831872E+03, 0.1050000E+03,
 0.7044000E+01, 0.6048932E+03, 0.1645333E+02, 0.0000000E+00, 0.1050000E+03, 0.4834399E+03, 0.1050000E+03,
 0.7046000E+01, 0.6051408E+03, 0.1644831E+02, 0.0000000E+00, 0.1050000E+03, 0.4836925E+03, 0.1050000E+03,
 0.7048000E+01, 0.6053883E+03, 0.1644328E+02, 0.0000000E+00, 0.1050000E+03, 0.4839450E+03, 0.1050000E+03,
 0.7050000E+01, 0.6056357E+03, 0.1643826E+02, 0.0000000E+00, 0.1050000E+03, 0.4841974E+03, 0.1050000E+03,
 0.7052000E+01, 0.6058830E+03, 0.1643323E+02, 0.0000000E+00, 0.1050000E+03, 0.4844498E+03, 0.1050000E+03,
 0.7054000E+01, 0.6061302E+03, 0.1642821E+02, 0.0000000E+00, 0.1050000E+03, 0.4847021E+03, 0.1050000E+03,
 0.7056000E+01, 0.6063774E+03, 0.1642319E+02, 0.0000000E+00, 0.1050000E+03, 0.4849542E+03, 0.1050000E+03,
 0.7058000E+01, 0.6066245E+03, 0.1641817E+02, 0.0000000E+00, 0.1050000E+03, 0.4852063E+03, 0.1050000E+03,
 0.7060000E+01, 0.6068715E+03, 0.1641316E+02, 0.0000000E+00, 0.1050000E+03, 0.4854583E+03, 0.1050000E+03,
 0.7062000E+01, 0.6071183E+03, 0.1640814E+02, 0.0000000E+00, 0.1050000E+03, 0.4857102E+03, 0.1050000E+03,
 0.7064000E+01, 0.6073652E+03, 0.1640313E+02, 0.0000000E+00, 0.1050000E+03, 0.4859620E+03, 0.1050000E+03,
 0.7066000E+01, 0.6076119E+03, 0.1639812E+02, 0.0000000E+00, 0.1050000E+03, 0.4862138E+03, 0.1050000E+03,
 0.7068000E+01, 0.6078585E+03, 0.1639311E+02, 0.0000000E+00, 0.1050000E+03, 0.4864654E+03, 0.1050000E+03,
 0.7070000E+01, 0.6081051E+03, 0.1638811E+02, 0.0000000E+00, 0.1050000E+03, 0.4867170E+03, 0.1050000E+03,
 0.7072000E+01, 0.6083516E+03, 0.1638310E+02, 0.0000000E+00, 0.1050000E+03, 0.4869685E+03, 0.1050000E+03,
 0.7074000E+01, 0.6085980E+03, 0.1637810E+02, 0.0000000E+00, 0.1050000E+03, 0.4872198E+03, 0.1050000E+03,
 0.7076000E+01, 0.6088442E+03, 0.1637309E+02, 0.0000000E+00, 0.1050000E+03, 0.4874712E+03, 0.1050000E+03,
 0.7078000E+01, 0.6090905E+03, 0.1636809E+02, 0.0000000E+00, 0.1050000E+03, 0.4877224E+03, 0.1050000E+03,
 0.7080000E+01, 0.6093365E+03, 0.1636309E+02, 0.0000000E+00, 0.1050000E+03, 0.4879735E+03, 0.1050000E+03,
 0.7082000E+01, 0.6095826E+03, 0.1635810E+02, 0.0000000E+00, 0.1050000E+03, 0.4882245E+03, 0.1050000E+03,
 0.7084000E+01, 0.6098286E+03, 0.1635310E+02, 0.0000000E+00, 0.1050000E+03, 0.4884755E+03, 0.1050000E+03,
 0.7086000E+01, 0.6100744E+03, 0.1634810E+02, 0.0000000E+00, 0.1050000E+03, 0.4887263E+03, 0.1050000E+03,
 0.7088000E+01, 0.6103202E+03, 0.1634311E+02, 0.0000000E+00, 0.1050000E+03, 0.4889771E+03, 0.1050000E+03,
 0.7090000E+01, 0.6105659E+03, 0.1633812E+02, 0.0000000E+00, 0.1050000E+03, 0.4892278E+03, 0.1050000E+03,
 0.7092000E+01, 0.6108115E+03, 0.1633313E+02, 0.0000000E+00, 0.1050000E+03, 0.4894783E+03, 0.1050000E+03,
 0.7094000E+01, 0.6110569E+03, 0.1632814E+02, 0.0000000E+00, 0.1050000E+03, 0.4897288E+03, 0.1050000E+03,
 0.7096000E+01, 0.6113024E+03, 0.1632315E+02, 0.0000000E+00, 0.1050000E+03, 0.4899792E+03, 0.1050000E+03,
 0.7098000E+01, 0.6115477E+03, 0.1631817E+02, 0.0000000E+00, 0.1050000E+03, 0.4902296E+03, 0.1050000E+03,
 0.7100000E+01, 0.6117930E+03, 0.1631318E+02, 0.0000000E+00, 0.1050000E+03, 0.4904798E+03, 0.1050000E+03,
 0.7102000E+01, 0.6120381E+03, 0.1630820E+02, 0.0000000E+00, 0.1050000E+03, 0.4907299E+03, 0.1050000E+03,
 0.7104000E+01, 0.6122831E+03, 0.1630322E+02, 0.0000000E+00, 0.1050000E+03, 0.4909799E+03, 0.1050000E+03,
 0.7106000E+01, 0.6125281E+03, 0.1629824E+02, 0.0000000E+00, 0.1050000E+03, 0.4912299E+03, 0.1050000E+03,
 0.7108000E+01, 0.6127730E+03, 0.1629326E+02, 0.0000000E+00, 0.1050000E+03, 0.4914798E+03, 0.1050000E+03,
 0.7110000E+01, 0.6130178E+03, 0.1628829E+02, 0.0000000E+00, 0.1050000E+03, 0.4917295E+03, 0.1050000E+03,
 0.7112000E+01, 0.6132625E+03, 0.1628331E+02, 0.0000000E+00, 0.1050000E+03, 0.4919792E+03, 0.1050000E+03,
 0.7114000E+01, 0.6135071E+03, 0.1627834E+02, 0.0000000E+00, 0.1050000E+03, 0.4922288E+03, 0.1050000E+03,
 0.7116000E+01, 0.6137516E+03, 0.1627337E+02, 0.0000000E+00, 0.1050000E+03, 0.4924783E+03, 0.1050000E+03,
 0.7118000E+01, 0.6139961E+03, 0.1626839E+02, 0.0000000E+00, 0.1050000E+03, 0.4927277E+03, 0.1050000E+03,
 0.7120000E+01, 0.6142404E+03, 0.1626342E+02, 0.0000000E+00, 0.1050000E+03, 0.4929770E+03, 0.1050000E+03,
 0.7122000E+01, 0.6144847E+03, 0.1625846E+02, 0.0000000E+00, 0.1050000E+03, 0.4932262E+03, 0.1050000E+03,
 0.7124000E+01, 0.6147288E+03, 0.1625349E+02, 0.0000000E+00, 0.1050000E+03, 0.4934753E+03, 0.1050000E+03,
 0.7126000E+01, 0.6149729E+03, 0.1624852E+02, 0.0000000E+00, 0.1050000E+03, 0.4937244E+03, 0.1050000E+03,
 0.7128000E+01, 0.6152169E+03, 0.1624356E+02, 0.0000000E+00, 0.1050000E+03, 0.4939733E+03, 0.1050000E+03,
 0.7130000E+01, 0.6154608E+03, 0.1623860E+02, 0.0000000E+00, 0.1050000E+03, 0.4942221E+03, 0.1050000E+03,
 0.7132000E+01, 0.6157045E+03, 0.1623363E+02, 0.0000000E+00, 0.1050000E+03, 0.4944709E+03, 0.1050000E+03,
 0.7134000E+01, 0.6159482E+03, 0.1622867E+02, 0.0000000E+00, 0.1050000E+03, 0.4947195E+03, 0.1050000E+03,
 0.7136000E+01, 0.6161918E+03, 0.1622372E+02, 0.0000000E+00, 0.1050000E+03, 0.4949681E+03, 0.1050000E+03,
 0.7138000E+01, 0.6164354E+03, 0.1621876E+02, 0.0000000E+00, 0.1050000E+03, 0.4952166E+03, 0.1050000E+03,
 0.7140000E+01, 0.6166788E+03, 0.1621380E+02, 0.0000000E+00, 0.1050000E+03, 0.4954650E+03, 0.1050000E+03,
 0.7142000E+01, 0.6169221E+03, 0.1620885E+02, 0.0000000E+00, 0.1050000E+03, 0.4957132E+03, 0.1050000E+03,
 0.7144000E+01, 0.6171653E+03, 0.1620390E+02, 0.0000000E+00, 0.1050000E+03, 0.4959614E+03, 0.1050000E+03,
 0.7146000E+01, 0.6174084E+03, 0.1619894E+02, 0.0000000E+00, 0.1050000E+03, 0.4962095E+03, 0.1050000E+03,
 0.7148000E+01, 0.6176515E+03, 0.1619399E+02, 0.0000000E+00, 0.1050000E+03, 0.4964575E+03, 0.1050000E+03,
 0.7150000E+01, 0.6178945E+03, 0.1618905E+02, 0.0000000E+00, 0.1050000E+03, 0.4967054E+03, 0.1050000E+03,
 0.7152000E+01, 0.6181373E+03, 0.1618410E+02, 0.0000000E+00, 0.1050000E+03, 0.4969532E+03, 0.1050000E+03,
 0.7154000E+01, 0.6183801E+03, 0.1617916E+02, 0.0000000E+00, 0.1050000E+03, 0.4972010E+03, 0.1050000E+03,
 0.7156000E+01, 0.6186228E+03, 0.1617421E+02, 0.0000000E+00, 0.1050000E+03, 0.4974486E+03, 0.1050000E+03,
 0.7158000E+01, 0.6188654E+03, 0.1616927E+02, 0.0000000E+00, 0.1050000E+03, 0.4976961E+03, 0.1050000E+03,
 0.7160000E+01, 0.6191078E+03, 0.1616433E+02, 0.0000000E+00, 0.1050000E+03, 0.4979435E+03, 0.1050000E+03,
 0.7162000E+01, 0.6193502E+03, 0.1615939E+02, 0.0000000E+00, 0.1050000E+03, 0.4981909E+03, 0.1050000E+03,
 0.7164000E+01, 0.6195925E+03, 0.1615446E+02, 0.0000000E+00, 0.1050000E+03, 0.4984381E+03, 0.1050000E+03,
 0.7166000E+01, 0.6198348E+03, 0.1614952E+02, 0.0000000E+00, 0.1050000E+03, 0.4986852E+03, 0.1050000E+03,
 0.7168000E+01, 0.6200768E+03, 0.1614459E+02, 0.0000000E+00, 0.1050000E+03, 0.4989323E+03, 0.1050000E+03,
 0.7170000E+01, 0.6203189E+03, 0.1613967E+02, 0.0000000E+00, 0.1050000E+03, 0.4991792E+03, 0.1050000E+03,
 0.7172000E+01, 0.6205608E+03, 0.1613474E+02, 0.0000000E+00, 0.1050000E+03, 0.4994261E+03, 0.1050000E+03,
 0.7174000E+01, 0.6208027E+03, 0.1612982E+02, 0.0000000E+00, 0.1050000E+03, 0.4996728E+03, 0.1050000E+03,
 0.7176000E+01, 0.6210444E+03, 0.1612490E+02, 0.0000000E+00, 0.1050000E+03, 0.4999195E+03, 0.1050000E+03,
 0.7178000E+01, 0.6212860E+03, 0.1611999E+02, 0.0000000E+00, 0.1050000E+03, 0.5001660E+03, 0.1050000E+03,
 0.7180000E+01, 0.6215276E+03, 0.1611507E+02, 0.0000000E+00, 0.1050000E+03, 0.5004125E+03, 0.1050000E+03,
 0.7182000E+01, 0.6217690E+03, 0.1611017E+02, 0.0000000E+00, 0.1050000E+03, 0.5006589E+03, 0.1050000E+03,
 0.7184000E+01, 0.6220104E+03, 0.1610527E+02, 0.0000000E+00, 0.1050000E+03, 0.5009052E+03, 0.1050000E+03,
 0.7186000E+01, 0.6222517E+03, 0.1610037E+02, 0.0000000E+00, 0.1050000E+03, 0.5011513E+03, 0.1050000E+03,
 0.7188000E+01, 0.6224929E+03, 0.1609548E+02, 0.0000000E+00, 0.1050000E+03, 0.5013974E+03, 0.1050000E+03,
 0.7190000E+01, 0.6227340E+03, 0.1609060E+02, 0.0000000E+00, 0.1050000E+03, 0.5016434E+03, 0.1050000E+03,
 0.7192000E+01, 0.6229750E+03, 0.1608573E+02, 0.0000000E+00, 0.1050000E+03, 0.5018893E+03, 0.1050000E+03,
 0.7194000E+01, 0.6232159E+03, 0.1608086E+02, 0.0000000E+00, 0.1050000E+03, 0.5021351E+03, 0.1050000E+03,
 0.7196000E+01, 0.6234568E+03, 0.1607601E+02, 0.0000000E+00, 0.1050000E+03, 0.5023808E+03, 0.1050000E+03,
 0.7198000E+01, 0.6236976E+03, 0.1607117E+02, 0.0000000E+00, 0.1050000E+03, 0.5026264E+03, 0.1050000E+03,
 0.7200000E+01, 0.6239382E+03, 0.1606635E+02, 0.0000000E+00, 0.1050000E+03, 0.5028719E+03, 0.1050000E+03,
 0.7202000E+01, 0.6241788E+03, 0.1606154E+02, 0.0000000E+00, 0.1050000E+03, 0.5031173E+03, 0.1050000E+03,
 0.7204000E+01, 0.6244193E+03, 0.1605676E+02, 0.0000000E+00, 0.1050000E+03, 0.5033626E+03, 0.1050000E+03,
 0.7206000E+01, 0.6246598E+03, 0.1605200E+02, 0.0000000E+00, 0.1050000E+03, 0.5036078E+03, 0.1050000E+03,
 0.7208000E+01, 0.6249001E+03, 0.1604727E+02, 0.0000000E+00, 0.1050000E+03, 0.5038529E+03, 0.1050000E+03,
 0.7210000E+01, 0.6251405E+03, 0.1604258E+02, 0.0000000E+00, 0.1050000E+03, 0.5040979E+03, 0.1050000E+03,
 0.7212000E+01, 0.6253807E+03, 0.1603794E+02, 0.0000000E+00, 0.1050000E+03, 0.5043428E+03, 0.1050000E+03,
 0.7214000E+01, 0.6256210E+03, 0.1603335E+02, 0.0000000E+00, 0.1050000E+03, 0.5045876E+03, 0.1050000E+03,
 0.7216000E+01, 0.6258612E+03, 0.1602884E+02, 0.0000000E+00, 0.1050000E+03, 0.5048324E+03, 0.1050000E+03,
 0.7218000E+01, 0.6261014E+03, 0.1602442E+02, 0.0000000E+00, 0.1050000E+03, 0.5050770E+03, 0.1050000E+03,
 0.7220000E+01, 0.6263417E+03, 0.1602013E+02, 0.0000000E+00, 0.1050000E+03, 0.5053215E+03, 0.1050000E+03,
 0.7222000E+01, 0.6265820E+03, 0.1601601E+02, 0.0000000E+00, 0.1050000E+03, 0.5055659E+03, 0.1050000E+03,
 0.7224000E+01, 0.6268224E+03, 0.1601212E+02, 0.0000000E+00, 0.1050000E+03, 0.5058103E+03, 0.1050000E+03,
 0.7226000E+01, 0.6270631E+03, 0.1600855E+02, 0.0000000E+00, 0.1050000E+03, 0.5060545E+03, 0.1050000E+03,
 0.7228000E+01, 0.6273042E+03, 0.1600549E+02, 0.0000000E+00, 0.1050000E+03, 0.5062987E+03, 0.1050000E+03,
 0.7230000E+01, 0.6275460E+03, 0.1600319E+02, 0.0000000E+00, 0.1050000E+03, 0.5065428E+03, 0.1050000E+03,
 0.7232000E+01, 0.6277889E+03, 0.1600220E+02, 0.0000000E+00, 0.1050000E+03, 0.5067867E+03, 0.1050000E+03,
 0.7234000E+01, 0.6280343E+03, 0.1600369E+02, 0.0000000E+00, 0.1050000E+03, 0.5070306E+03, 0.1050000E+03,
 0.7236000E+01, 0.6282850E+03, 0.1601067E+02, 0.0000000E+00, 0.1050000E+03, 0.5072744E+03, 0.1050000E+03,
 0.7238000E+01, 0.6285521E+03, 0.1603395E+02, 0.0000000E+00, 0.1050000E+03, 0.5075181E+03, 0.1050000E+03,
 0.7240000E+01, 0.6289176E+03, 0.1615585E+02, 0.0000000E+00, 0.1050000E+03, 0.5077617E+03, 0.1050000E+03,
 0.7242000E+01, 0.6303621E+03, 0.1735674E+02, 0.0000000E+00, 0.1050000E+03, 0.5080054E+03, 0.1050000E+03,
 0.7244000E+01, 0.6319514E+03, 0.1870212E+02, 0.0000000E+00, 0.1050000E+03, 0.5082492E+03, 0.1050000E+03,
 0.7246000E+01, 0.6327255E+03, 0.1923201E+02, 0.0000000E+00, 0.1050000E+03, 0.5084935E+03, 0.1050000E+03,
 0.7248000E+01, 0.6330245E+03, 0.1928614E+02, 0.0000000E+00, 0.1050000E+03, 0.5087383E+03, 0.1050000E+03,
 0.7250000E+01, 0.6331583E+03, 0.1917442E+02, 0.0000000E+00, 0.1050000E+03, 0.5089839E+03, 0.1050000E+03,
 0.7252000E+01, 0.6332464E+03, 0.1901619E+02, 0.0000000E+00, 0.1050000E+03, 0.5092302E+03, 0.1050000E+03,
 0.7254000E+01, 0.6333273E+03, 0.1885000E+02, 0.0000000E+00, 0.1050000E+03, 0.5094774E+03, 0.1050000E+03,
 0.7256000E+01, 0.6334132E+03, 0.1868782E+02, 0.0000000E+00, 0.1050000E+03, 0.5097254E+03, 0.1050000E+03,
 0.7258000E+01, 0.6335076E+03, 0.1853323E+02, 0.0000000E+00, 0.1050000E+03, 0.5099744E+03, 0.1050000E+03,
 0.7260000E+01, 0.6336113E+03, 0.1838707E+02, 0.0000000E+00, 0.1050000E+03, 0.5102243E+03, 0.1050000E+03,
 0.7262000E+01, 0.6337243E+03, 0.1824917E+02, 0.0000000E+00, 0.1050000E+03, 0.5104751E+03, 0.1050000E+03,
 0.7264000E+01, 0.6338460E+03, 0.1811906E+02, 0.0000000E+00, 0.1050000E+03, 0.5107270E+03, 0.1050000E+03,
 0.7266000E+01, 0.6339759E+03, 0.1799614E+02, 0.0000000E+00, 0.1050000E+03, 0.5109797E+03, 0.1050000E+03,
 0.7268000E+01, 0.6341133E+03, 0.1787983E+02, 0.0000000E+00, 0.1050000E+03, 0.5112335E+03, 0.1050000E+03,
 0.7270000E+01, 0.6342578E+03, 0.1776956E+02, 0.0000000E+00, 0.1050000E+03, 0.5114882E+03, 0.1050000E+03,
 0.7272000E+01, 0.6344086E+03, 0.1766481E+02, 0.0000000E+00, 0.1050000E+03, 0.5117438E+03, 0.1050000E+03,
 0.7274000E+01, 0.6345656E+03, 0.1756513E+02, 0.0000000E+00, 0.1050000E+03, 0.5120004E+03, 0.1050000E+03,
 0.7276000E+01, 0.6347280E+03, 0.1747009E+02, 0.0000000E+00, 0.1050000E+03, 0.5122579E+03, 0.1050000E+03,
 0.7278000E+01, 0.6348956E+03, 0.1737932E+02, 0.0000000E+00, 0.1050000E+03, 0.5125163E+03, 0.1050000E+03,
 0.7280000E+01, 0.6350681E+03, 0.1729249E+02, 0.0000000E+00, 0.1050000E+03, 0.5127756E+03, 0.1050000E+03,
 0.7282000E+01, 0.6352450E+03, 0.1720928E+02, 0.0000000E+00, 0.1050000E+03, 0.5130358E+03, 0.1050000E+03,
 0.7284000E+01, 0.6354262E+03, 0.1712944E+02, 0.0000000E+00, 0.1050000E+03, 0.5132968E+03, 0.1050000E+03,
 0.7286000E+01, 0.6356113E+03, 0.1705272E+02, 0.0000000E+00, 0.1050000E+03, 0.5135585E+03, 0.1050000E+03,
 0.7288000E+01, 0.6358001E+03, 0.1697890E+02, 0.0000000E+00, 0.1050000E+03, 0.5138212E+03, 0.1050000E+03,
 0.7290000E+01, 0.6359924E+03, 0.1690779E+02, 0.0000000E+00, 0.1050000E+03, 0.5140846E+03, 0.1050000E+03,
 0.7292000E+01, 0.6361880E+03, 0.1683920E+02, 0.0000000E+00, 0.1050000E+03, 0.5143488E+03, 0.1050000E+03,
 0.7294000E+01, 0.6363867E+03, 0.1677298E+02, 0.0000000E+00, 0.1050000E+03, 0.5146137E+03, 0.1050000E+03,
 0.7296000E+01, 0.6365883E+03, 0.1670897E+02, 0.0000000E+00, 0.1050000E+03, 0.5148793E+03, 0.1050000E+03,
 0.7298000E+01, 0.6367927E+03, 0.1664704E+02, 0.0000000E+00, 0.1050000E+03, 0.5151457E+03, 0.1050000E+03,
 0.7300000E+01, 0.6369998E+03, 0.1658706E+02, 0.0000000E+00, 0.1050000E+03, 0.5154127E+03, 0.1050000E+03,
 0.7302000E+01, 0.6372093E+03, 0.1652893E+02, 0.0000000E+00, 0.1050000E+03, 0.5156804E+03, 0.1050000E+03,
 0.7304000E+01, 0.6374212E+03, 0.1647254E+02, 0.0000000E+00, 0.1050000E+03, 0.5159487E+03, 0.1050000E+03,
 0.7306000E+01, 0.6376354E+03, 0.1641779E+02, 0.0000000E+00, 0.1050000E+03, 0.5162175E+03, 0.1050000E+03,
 0.7308000E+01, 0.6378516E+03, 0.1636460E+02, 0.0000000E+00, 0.1050000E+03, 0.5164871E+03, 0.1050000E+03,
 0.7310000E+01, 0.6380700E+03, 0.1631288E+02, 0.0000000E+00, 0.1050000E+03, 0.5167571E+03, 0.1050000E+03,
 0.7312000E+01, 0.6382903E+03, 0.1626255E+02, 0.0000000E+00, 0.1050000E+03, 0.5170277E+03, 0.1050000E+03,
 0.7314000E+01, 0.6385124E+03, 0.1621356E+02, 0.0000000E+00, 0.1050000E+03, 0.5172988E+03, 0.1050000E+03,
 0.7316000E+01, 0.6387363E+03, 0.1616582E+02, 0.0000000E+00, 0.1050000E+03, 0.5175705E+03, 0.1050000E+03,
 0.7318000E+01, 0.6389619E+03, 0.1611929E+02, 0.0000000E+00, 0.1050000E+03, 0.5178427E+03, 0.1050000E+03,
 0.7320000E+01, 0.6391891E+03, 0.1607390E+02, 0.0000000E+00, 0.1050000E+03, 0.5181152E+03, 0.1050000E+03,
 0.7322000E+01, 0.6394179E+03, 0.1602960E+02, 0.0000000E+00, 0.1050000E+03, 0.5183883E+03, 0.1050000E+03,
 0.7324000E+01, 0.6396481E+03, 0.1598635E+02, 0.0000000E+00, 0.1050000E+03, 0.5186617E+03, 0.1050000E+03,
 0.7326000E+01, 0.6398798E+03, 0.1594409E+02, 0.0000000E+00, 0.1050000E+03, 0.5189357E+03, 0.1050000E+03,
 0.7328000E+01, 0.6401127E+03, 0.1590277E+02, 0.0000000E+00, 0.1050000E+03, 0.5192100E+03, 0.1050000E+03,
 0.7330000E+01, 0.6403470E+03, 0.1586237E+02, 0.0000000E+00, 0.1050000E+03, 0.5194846E+03, 0.1050000E+03,
 0.7332000E+01, 0.6405825E+03, 0.1582284E+02, 0.0000000E+00, 0.1050000E+03, 0.5197597E+03, 0.1050000E+03,
 0.7334000E+01, 0.6408192E+03, 0.1578415E+02, 0.0000000E+00, 0.1050000E+03, 0.5200351E+03, 0.1050000E+03,
 0.7336000E+01, 0.6410571E+03, 0.1574626E+02, 0.0000000E+00, 0.1050000E+03, 0.5203108E+03, 0.1050000E+03,
 0.7338000E+01, 0.6412960E+03, 0.1570914E+02, 0.0000000E+00, 0.1050000E+03, 0.5205869E+03, 0.1050000E+03,
 0.7340000E+01, 0.6415359E+03, 0.1567275E+02, 0.0000000E+00, 0.1050000E+03, 0.5208632E+03, 0.1050000E+03,
 0.7342000E+01, 0.6417769E+03, 0.1563708E+02, 0.0000000E+00, 0.1050000E+03, 0.5211398E+03, 0.1050000E+03,
 0.7344000E+01, 0.6420188E+03, 0.1560209E+02, 0.0000000E+00, 0.1050000E+03, 0.5214167E+03, 0.1050000E+03,
 0.7346000E+01, 0.6422617E+03, 0.1556775E+02, 0.0000000E+00, 0.1050000E+03, 0.5216939E+03, 0.1050000E+03,
 0.7348000E+01, 0.6425054E+03, 0.1553405E+02, 0.0000000E+00, 0.1050000E+03, 0.5219713E+03, 0.1050000E+03,
 0.7350000E+01, 0.6427499E+03, 0.1550095E+02, 0.0000000E+00, 0.1050000E+03, 0.5222490E+03, 0.1050000E+03,
 0.7352000E+01, 0.6429953E+03, 0.1546845E+02, 0.0000000E+00, 0.1050000E+03, 0.5225269E+03, 0.1050000E+03,
 0.7354000E+01, 0.6432414E+03, 0.1543651E+02, 0.0000000E+00, 0.1050000E+03, 0.5228049E+03, 0.1050000E+03,
 0.7356000E+01, 0.6434883E+03, 0.1540511E+02, 0.0000000E+00, 0.1050000E+03, 0.5230832E+03, 0.1050000E+03,
 0.7358000E+01, 0.6437359E+03, 0.1537424E+02, 0.0000000E+00, 0.1050000E+03, 0.5233616E+03, 0.1050000E+03,
 0.7360000E+01, 0.6439842E+03, 0.1534388E+02, 0.0000000E+00, 0.1050000E+03, 0.5236403E+03, 0.1050000E+03,
 0.7362000E+01, 0.6442332E+03, 0.1531402E+02, 0.0000000E+00, 0.1050000E+03, 0.5239191E+03, 0.1050000E+03,
 0.7364000E+01, 0.6444827E+03, 0.1528462E+02, 0.0000000E+00, 0.1050000E+03, 0.5241981E+03, 0.1050000E+03,
 0.7366000E+01, 0.6447328E+03, 0.1525569E+02, 0.0000000E+00, 0.1050000E+03, 0.5244772E+03, 0.1050000E+03,
 0.7368000E+01, 0.6449836E+03, 0.1522720E+02, 0.0000000E+00, 0.1050000E+03, 0.5247564E+03, 0.1050000E+03,
 0.7370000E+01, 0.6452349E+03, 0.1519915E+02, 0.0000000E+00, 0.1050000E+03, 0.5250358E+03, 0.1050000E+03,
 0.7372000E+01, 0.6454868E+03, 0.1517150E+02, 0.0000000E+00, 0.1050000E+03, 0.5253152E+03, 0.1050000E+03,
 0.7374000E+01, 0.6457391E+03, 0.1514427E+02, 0.0000000E+00, 0.1050000E+03, 0.5255948E+03, 0.1050000E+03,
 0.7376000E+01, 0.6459919E+03, 0.1511742E+02, 0.0000000E+00, 0.1050000E+03, 0.5258745E+03, 0.1050000E+03,
 0.7378000E+01, 0.6462452E+03, 0.1509095E+02, 0.0000000E+00, 0.1050000E+03, 0.5261543E+03, 0.1050000E+03,
 0.7380000E+01, 0.6464990E+03, 0.1506486E+02, 0.0000000E+00, 0.1050000E+03, 0.5264341E+03, 0.1050000E+03,
 0.7382000E+01, 0.6467532E+03, 0.1503911E+02, 0.0000000E+00, 0.1050000E+03, 0.5267141E+03, 0.1050000E+03,
 0.7384000E+01, 0.6470078E+03, 0.1501372E+02, 0.0000000E+00, 0.1050000E+03, 0.5269940E+03, 0.1050000E+03,
 0.7386000E+01, 0.6472628E+03, 0.1498866E+02, 0.0000000E+00, 0.1050000E+03, 0.5272740E+03, 0.1050000E+03,
 0.7388000E+01, 0.6475181E+03, 0.1496393E+02, 0.0000000E+00, 0.1050000E+03, 0.5275541E+03, 0.1050000E+03,
 0.7390000E+01, 0.6477738E+03, 0.1493951E+02, 0.0000000E+00, 0.1050000E+03, 0.5278343E+03, 0.1050000E+03,
 0.7392000E+01, 0.6480298E+03, 0.1491541E+02, 0.0000000E+00, 0.1050000E+03, 0.5281144E+03, 0.1050000E+03,
 0.7394000E+01, 0.6482863E+03, 0.1489160E+02, 0.0000000E+00, 0.1050000E+03, 0.5283947E+03, 0.1050000E+03,
 0.7396000E+01, 0.6485429E+03, 0.1486809E+02, 0.0000000E+00, 0.1050000E+03, 0.5286749E+03, 0.1050000E+03,
 0.7398000E+01, 0.6487999E+03, 0.1484486E+02, 0.0000000E+00, 0.1050000E+03, 0.5289551E+03, 0.1050000E+03,
 0.7400000E+01, 0.6490572E+03, 0.1482190E+02, 0.0000000E+00, 0.1050000E+03, 0.5292353E+03, 0.1050000E+03,
 0.7402000E+01, 0.6493148E+03, 0.1479922E+02, 0.0000000E+00, 0.1050000E+03, 0.5295156E+03, 0.1050000E+03,
 0.7404000E+01, 0.6495726E+03, 0.1477680E+02, 0.0000000E+00, 0.1050000E+03, 0.5297958E+03, 0.1050000E+03,
 0.7406000E+01, 0.6498306E+03, 0.1475463E+02, 0.0000000E+00, 0.1050000E+03, 0.5300760E+03, 0.1050000E+03,
 0.7408000E+01, 0.6500889E+03, 0.1473271E+02, 0.0000000E+00, 0.1050000E+03, 0.5303562E+03, 0.1050000E+03,
 0.7410000E+01, 0.6503474E+03, 0.1471103E+02, 0.0000000E+00, 0.1050000E+03, 0.5306364E+03, 0.1050000E+03,
 0.7412000E+01, 0.6506061E+03, 0.1468959E+02, 0.0000000E+00, 0.1050000E+03, 0.5309166E+03, 0.1050000E+03,
 0.7414000E+01, 0.6508651E+03, 0.1466839E+02, 0.0000000E+00, 0.1050000E+03, 0.5311967E+03, 0.1050000E+03,
 0.7416000E+01, 0.6511242E+03, 0.1464740E+02, 0.0000000E+00, 0.1050000E+03, 0.5314768E+03, 0.1050000E+03,
 0.7418000E+01, 0.6513835E+03, 0.1462664E+02, 0.0000000E+00, 0.1050000E+03, 0.5317568E+03, 0.1050000E+03,
 0.7420000E+01, 0.6516429E+03, 0.1460609E+02, 0.0000000E+00, 0.1050000E+03, 0.5320369E+03, 0.1050000E+03,
 0.7422000E+01, 0.6519026E+03, 0.1458575E+02, 0.0000000E+00, 0.1050000E+03, 0.5323168E+03, 0.1050000E+03,
 0.7424000E+01, 0.6521624E+03, 0.1456562E+02, 0.0000000E+00, 0.1050000E+03, 0.5325967E+03, 0.1050000E+03,
 0.7426000E+01, 0.6524222E+03, 0.1454568E+02, 0.0000000E+00, 0.1050000E+03, 0.5328766E+03, 0.1050000E+03,
 0.7428000E+01, 0.6526823E+03, 0.1452595E+02, 0.0000000E+00, 0.1050000E+03, 0.5331564E+03, 0.1050000E+03,
 0.7430000E+01, 0.6529424E+03, 0.1450640E+02, 0.0000000E+00, 0.1050000E+03, 0.5334361E+03, 0.1050000E+03,
 0.7432000E+01, 0.6532028E+03, 0.1448704E+02, 0.0000000E+00, 0.1050000E+03, 0.5337157E+03, 0.1050000E+03,
 0.7434000E+01, 0.6534631E+03, 0.1446786E+02, 0.0000000E+00, 0.1050000E+03, 0.5339953E+03, 0.1050000E+03,
 0.7436000E+01, 0.6537236E+03, 0.1444886E+02, 0.0000000E+00, 0.1050000E+03, 0.5342748E+03, 0.1050000E+03,
 0.7438000E+01, 0.6539843E+03, 0.1443004E+02, 0.0000000E+00, 0.1050000E+03, 0.5345542E+03, 0.1050000E+03,
 0.7440000E+01, 0.6542449E+03, 0.1441139E+02, 0.0000000E+00, 0.1050000E+03, 0.5348336E+03, 0.1050000E+03,
 0.7442000E+01, 0.6545057E+03, 0.1439291E+02, 0.0000000E+00, 0.1050000E+03, 0.5351128E+03, 0.1050000E+03,
 0.7444000E+01, 0.6547665E+03, 0.1437459E+02, 0.0000000E+00, 0.1050000E+03, 0.5353920E+03, 0.1050000E+03,
 0.7446000E+01, 0.6550274E+03, 0.1435643E+02, 0.0000000E+00, 0.1050000E+03, 0.5356710E+03, 0.1050000E+03,
 0.7448000E+01, 0.6552884E+03, 0.1433843E+02, 0.0000000E+00, 0.1050000E+03, 0.5359500E+03, 0.1050000E+03,
 0.7450000E+01, 0.6555494E+03, 0.1432059E+02, 0.0000000E+00, 0.1050000E+03, 0.5362288E+03, 0.1050000E+03,
 0.7452000E+01, 0.6558105E+03, 0.1430290E+02, 0.0000000E+00, 0.1050000E+03, 0.5365076E+03, 0.1050000E+03,
 0.7454000E+01, 0.6560716E+03, 0.1428536E+02, 0.0000000E+00, 0.1050000E+03, 0.5367863E+03, 0.1050000E+03,
 0.7456000E+01, 0.6563327E+03, 0.1426796E+02, 0.0000000E+00, 0.1050000E+03, 0.5370648E+03, 0.1050000E+03,
 0.7458000E+01, 0.6565939E+03, 0.1425071E+02, 0.0000000E+00, 0.1050000E+03, 0.5373432E+03, 0.1050000E+03,
 0.7460000E+01, 0.6568551E+03, 0.1423359E+02, 0.0000000E+00, 0.1050000E+03, 0.5376215E+03, 0.1050000E+03,
 0.7462000E+01, 0.6571163E+03, 0.1421662E+02, 0.0000000E+00, 0.1050000E+03, 0.5378997E+03, 0.1050000E+03,
 0.7464000E+01, 0.6573776E+03, 0.1419978E+02, 0.0000000E+00, 0.1050000E+03, 0.5381778E+03, 0.1050000E+03,
 0.7466000E+01, 0.6576389E+03, 0.1418308E+02, 0.0000000E+00, 0.1050000E+03, 0.5384557E+03, 0.1050000E+03,
 0.7468000E+01, 0.6579001E+03, 0.1416650E+02, 0.0000000E+00, 0.1050000E+03, 0.5387336E+03, 0.1050000E+03,
 0.7470000E+01, 0.6581614E+03, 0.1415006E+02, 0.0000000E+00, 0.1050000E+03, 0.5390113E+03, 0.1050000E+03,
 0.7472000E+01, 0.6584226E+03, 0.1413374E+02, 0.0000000E+00, 0.1050000E+03, 0.5392889E+03, 0.1050000E+03,
 0.7474000E+01, 0.6586838E+03, 0.1411754E+02, 0.0000000E+00, 0.1050000E+03, 0.5395663E+03, 0.1050000E+03,
 0.7476000E+01, 0.6589451E+03, 0.1410147E+02, 0.0000000E+00, 0.1050000E+03, 0.5398436E+03, 0.1050000E+03,
 0.7478000E+01, 0.6592064E+03, 0.1408551E+02, 0.0000000E+00, 0.1050000E+03, 0.5401208E+03, 0.1050000E+03,
 0.7480000E+01, 0.6594675E+03, 0.1406968E+02, 0.0000000E+00, 0.1050000E+03, 0.5403979E+03, 0.1050000E+03,
 0.7482000E+01, 0.6597288E+03, 0.1405396E+02, 0.0000000E+00, 0.1050000E+03, 0.5406748E+03, 0.1050000E+03,
 0.7484000E+01, 0.6599899E+03, 0.1403835E+02, 0.0000000E+00, 0.1050000E+03, 0.5409515E+03, 0.1050000E+03,
 0.7486000E+01, 0.6602510E+03, 0.1402286E+02, 0.0000000E+00, 0.1050000E+03, 0.5412281E+03, 0.1050000E+03,
 0.7488000E+01, 0.6605121E+03, 0.1400748E+02, 0.0000000E+00, 0.1050000E+03, 0.5415046E+03, 0.1050000E+03,
 0.7490000E+01, 0.6607732E+03, 0.1399220E+02, 0.0000000E+00, 0.1050000E+03, 0.5417810E+03, 0.1050000E+03,
 0.7492000E+01, 0.6610342E+03, 0.1397704E+02, 0.0000000E+00, 0.1050000E+03, 0.5420572E+03, 0.1050000E+03,
 0.7494000E+01, 0.6612952E+03, 0.1396198E+02, 0.0000000E+00, 0.1050000E+03, 0.5423332E+03, 0.1050000E+03,
 0.7496000E+01, 0.6615562E+03, 0.1394702E+02, 0.0000000E+00, 0.1050000E+03, 0.5426091E+03, 0.1050000E+03,
 0.7498000E+01, 0.6618170E+03, 0.1393217E+02, 0.0000000E+00, 0.1050000E+03, 0.5428848E+03, 0.1050000E+03,
 0.7500000E+01, 0.6620779E+03, 0.1391741E+02, 0.0000000E+00, 0.1050000E+03, 0.5431605E+03, 0.1050000E+03,
 0.7502000E+01, 0.6623386E+03, 0.1390276E+02, 0.0000000E+00, 0.1050000E+03, 0.5434359E+03, 0.1050000E+03,
 0.7504000E+01, 0.6625994E+03, 0.1388820E+02, 0.0000000E+00, 0.1050000E+03, 0.5437111E+03, 0.1050000E+03,
 0.7506000E+01, 0.6628600E+03, 0.1387374E+02, 0.0000000E+00, 0.1050000E+03, 0.5439863E+03, 0.1050000E+03,
 0.7508000E+01, 0.6631206E+03, 0.1385938E+02, 0.0000000E+00, 0.1050000E+03, 0.5442612E+03, 0.1050000E+03,
 0.7510000E+01, 0.6633812E+03, 0.1384510E+02, 0.0000000E+00, 0.1050000E+03, 0.5445360E+03, 0.1050000E+03,
 0.7512000E+01, 0.6636416E+03, 0.1383092E+02, 0.0000000E+00, 0.1050000E+03, 0.5448107E+03, 0.1050000E+03,
 0.7514000E+01, 0.6639020E+03, 0.1381684E+02, 0.0000000E+00, 0.1050000E+03, 0.5450851E+03, 0.1050000E+03,
 0.7516000E+01, 0.6641623E+03, 0.1380284E+02, 0.0000000E+00, 0.1050000E+03, 0.5453595E+03, 0.1050000E+03,
 0.7518000E+01, 0.6644225E+03, 0.1378893E+02, 0.0000000E+00, 0.1050000E+03, 0.5456336E+03, 0.1050000E+03,
 0.7520000E+01, 0.6646827E+03, 0.1377511E+02, 0.0000000E+00, 0.1050000E+03, 0.5459076E+03, 0.1050000E+03,
 0.7522000E+01, 0.6649428E+03, 0.1376137E+02, 0.0000000E+00, 0.1050000E+03, 0.5461815E+03, 0.1050000E+03,
 0.7524000E+01, 0.6652028E+03, 0.1374772E+02, 0.0000000E+00, 0.1050000E+03, 0.5464551E+03, 0.1050000E+03,
 0.7526000E+01, 0.6654627E+03, 0.1373415E+02, 0.0000000E+00, 0.1050000E+03, 0.5467286E+03, 0.1050000E+03,
 0.7528000E+01, 0.6657226E+03, 0.1372067E+02, 0.0000000E+00, 0.1050000E+03, 0.5470019E+03, 0.1050000E+03,
 0.7530000E+01, 0.6659823E+03, 0.1370727E+02, 0.0000000E+00, 0.1050000E+03, 0.5472750E+03, 0.1050000E+03,
 0.7532000E+01, 0.6662419E+03, 0.1369394E+02, 0.0000000E+00, 0.1050000E+03, 0.5475480E+03, 0.1050000E+03,
 0.7534000E+01, 0.6665015E+03, 0.1368070E+02, 0.0000000E+00, 0.1050000E+03, 0.5478208E+03, 0.1050000E+03,
 0.7536000E+01, 0.6667610E+03, 0.1366754E+02, 0.0000000E+00, 0.1050000E+03, 0.5480934E+03, 0.1050000E+03,
 0.7538000E+01, 0.6670204E+03, 0.1365446E+02, 0.0000000E+00, 0.1050000E+03, 0.5483659E+03, 0.1050000E+03,
 0.7540000E+01, 0.6672797E+03, 0.1364145E+02, 0.0000000E+00, 0.1050000E+03, 0.5486382E+03, 0.1050000E+03,
 0.7542000E+01, 0.6675388E+03, 0.1362852E+02, 0.0000000E+00, 0.1050000E+03, 0.5489103E+03, 0.1050000E+03,
 0.7544000E+01, 0.6677979E+03, 0.1361566E+02, 0.0000000E+00, 0.1050000E+03, 0.5491823E+03, 0.1050000E+03,
 0.7546000E+01, 0.6680569E+03, 0.1360288E+02, 0.0000000E+00, 0.1050000E+03, 0.5494540E+03, 0.1050000E+03,
 0.7548000E+01, 0.6683157E+03, 0.1359017E+02, 0.0000000E+00, 0.1050000E+03, 0.5497256E+03, 0.1050000E+03,
 0.7550000E+01, 0.6685745E+03, 0.1357753E+02, 0.0000000E+00, 0.1050000E+03, 0.5499970E+03, 0.1050000E+03,
 0.7552000E+01, 0.6688332E+03, 0.1356496E+02, 0.0000000E+00, 0.1050000E+03, 0.5502682E+03, 0.1050000E+03,
 0.7554000E+01, 0.6690917E+03, 0.1355247E+02, 0.0000000E+00, 0.1050000E+03, 0.5505392E+03, 0.1050000E+03,
 0.7556000E+01, 0.6693502E+03, 0.1354004E+02, 0.0000000E+00, 0.1050000E+03, 0.5508101E+03, 0.1050000E+03,
 0.7558000E+01, 0.6696085E+03, 0.1352769E+02, 0.0000000E+00, 0.1050000E+03, 0.5510808E+03, 0.1050000E+03,
 0.7560000E+01, 0.6698667E+03, 0.1351540E+02, 0.0000000E+00, 0.1050000E+03, 0.5513513E+03, 0.1050000E+03,
 0.7562000E+01, 0.6701248E+03, 0.1350318E+02, 0.0000000E+00, 0.1050000E+03, 0.5516216E+03, 0.1050000E+03,
 0.7564000E+01, 0.6703828E+03, 0.1349103E+02, 0.0000000E+00, 0.1050000E+03, 0.5518918E+03, 0.1050000E+03,
 0.7566000E+01, 0.6706407E+03, 0.1347894E+02, 0.0000000E+00, 0.1050000E+03, 0.5521617E+03, 0.1050000E+03,
 0.7568000E+01, 0.6708984E+03, 0.1346692E+02, 0.0000000E+00, 0.1050000E+03, 0.5524315E+03, 0.1050000E+03,
 0.7570000E+01, 0.6711561E+03, 0.1345496E+02, 0.0000000E+00, 0.1050000E+03, 0.5527011E+03, 0.1050000E+03,
 0.7572000E+01, 0.6714136E+03, 0.1344307E+02, 0.0000000E+00, 0.1050000E+03, 0.5529705E+03, 0.1050000E+03,
 0.7574000E+01, 0.6716710E+03, 0.1343124E+02, 0.0000000E+00, 0.1050000E+03, 0.5532397E+03, 0.1050000E+03,
 0.7576000E+01, 0.6719282E+03, 0.1341947E+02, 0.0000000E+00, 0.1050000E+03, 0.5535088E+03, 0.1050000E+03,
 0.7578000E+01, 0.6721854E+03, 0.1340776E+02, 0.0000000E+00, 0.1050000E+03, 0.5537776E+03, 0.1050000E+03,
 0.7580000E+01, 0.6724424E+03, 0.1339612E+02, 0.0000000E+00, 0.1050000E+03, 0.5540463E+03, 0.1050000E+03,
 0.7582000E+01, 0.6726993E+03, 0.1338453E+02, 0.0000000E+00, 0.1050000E+03, 0.5543148E+03, 0.1050000E+03,
 0.7584000E+01, 0.6729561E+03, 0.1337301E+02, 0.0000000E+00, 0.1050000E+03, 0.5545831E+03, 0.1050000E+03,
 0.7586000E+01, 0.6732127E+03, 0.1336154E+02, 0.0000000E+00, 0.1050000E+03, 0.5548511E+03, 0.1050000E+03,
 0.7588000E+01, 0.6734692E+03, 0.1335014E+02, 0.0000000E+00, 0.1050000E+03, 0.5551191E+03, 0.1050000E+03,
 0.7590000E+01, 0.6737256E+03, 0.1333879E+02, 0.0000000E+00, 0.1050000E+03, 0.5553868E+03, 0.1050000E+03,
 0.7592000E+01, 0.6739819E+03, 0.1332750E+02, 0.0000000E+00, 0.1050000E+03, 0.5556544E+03, 0.1050000E+03,
 0.7594000E+01, 0.6742380E+03, 0.1331626E+02, 0.0000000E+00, 0.1050000E+03, 0.5559217E+03, 0.1050000E+03,
 0.7596000E+01, 0.6744940E+03, 0.1330509E+02, 0.0000000E+00, 0.1050000E+03, 0.5561889E+03, 0.1050000E+03,
 0.7598000E+01, 0.6747498E+03, 0.1329397E+02, 0.0000000E+00, 0.1050000E+03, 0.5564559E+03, 0.1050000E+03,
 0.7600000E+01, 0.6750056E+03, 0.1328290E+02, 0.0000000E+00, 0.1050000E+03, 0.5567227E+03, 0.1050000E+03,
 0.7602000E+01, 0.6752611E+03, 0.1327189E+02, 0.0000000E+00, 0.1050000E+03, 0.5569893E+03, 0.1050000E+03,
 0.7604000E+01, 0.6755166E+03, 0.1326093E+02, 0.0000000E+00, 0.1050000E+03, 0.5572557E+03, 0.1050000E+03,
 0.7606000E+01, 0.6757719E+03, 0.1325003E+02, 0.0000000E+00, 0.1050000E+03, 0.5575219E+03, 0.1050000E+03,
 0.7608000E+01, 0.6760271E+03, 0.1323918E+02, 0.0000000E+00, 0.1050000E+03, 0.5577879E+03, 0.1050000E+03,
 0.7610000E+01, 0.6762821E+03, 0.1322838E+02, 0.0000000E+00, 0.1050000E+03, 0.5580537E+03, 0.1050000E+03,
 0.7612000E+01, 0.6765370E+03, 0.1321763E+02, 0.0000000E+00, 0.1050000E+03, 0.5583194E+03, 0.1050000E+03,
 0.7614000E+01, 0.6767917E+03, 0.1320694E+02, 0.0000000E+00, 0.1050000E+03, 0.5585848E+03, 0.1050000E+03,
 0.7616000E+01, 0.6770464E+03, 0.1319630E+02, 0.0000000E+00, 0.1050000E+03, 0.5588501E+03, 0.1050000E+03,
 0.7618000E+01, 0.6773009E+03, 0.1318571E+02, 0.0000000E+00, 0.1050000E+03, 0.5591152E+03, 0.1050000E+03,
 0.7620000E+01, 0.6775552E+03, 0.1317517E+02, 0.0000000E+00, 0.1050000E+03, 0.5593801E+03, 0.1050000E+03,
 0.7622000E+01, 0.6778094E+03, 0.1316467E+02, 0.0000000E+00, 0.1050000E+03, 0.5596447E+03, 0.1050000E+03,
 0.7624000E+01, 0.6780635E+03, 0.1315423E+02, 0.0000000E+00, 0.1050000E+03, 0.5599092E+03, 0.1050000E+03,
 0.7626000E+01, 0.6783174E+03, 0.1314384E+02, 0.0000000E+00, 0.1050000E+03, 0.5601735E+03, 0.1050000E+03,
 0.7628000E+01, 0.6785712E+03, 0.1313349E+02, 0.0000000E+00, 0.1050000E+03, 0.5604377E+03, 0.1050000E+03,
 0.7630000E+01, 0.6788248E+03, 0.1312319E+02, 0.0000000E+00, 0.1050000E+03, 0.5607016E+03, 0.1050000E+03,
 0.7632000E+01, 0.6790782E+03, 0.1311294E+02, 0.0000000E+00, 0.1050000E+03, 0.5609653E+03, 0.1050000E+03,
 0.7634000E+01, 0.6793316E+03, 0.1310274E+02, 0.0000000E+00, 0.1050000E+03, 0.5612288E+03, 0.1050000E+03,
 0.7636000E+01, 0.6795848E+03, 0.1309259E+02, 0.0000000E+00, 0.1050000E+03, 0.5614922E+03, 0.1050000E+03,
 0.7638000E+01, 0.6798378E+03, 0.1308248E+02, 0.0000000E+00, 0.1050000E+03, 0.5617553E+03, 0.1050000E+03,
 0.7640000E+01, 0.6800907E+03, 0.1307241E+02, 0.0000000E+00, 0.1050000E+03, 0.5620183E+03, 0.1050000E+03,
 0.7642000E+01, 0.6803434E+03, 0.1306239E+02, 0.0000000E+00, 0.1050000E+03, 0.5622811E+03, 0.1050000E+03,
 0.7644000E+01, 0.6805960E+03, 0.1305242E+02, 0.0000000E+00, 0.1050000E+03, 0.5625436E+03, 0.1050000E+03,
 0.7646000E+01, 0.6808485E+03, 0.1304249E+02, 0.0000000E+00, 0.1050000E+03, 0.5628060E+03, 0.1050000E+03,
 0.7648000E+01, 0.6811008E+03, 0.1303261E+02, 0.0000000E+00, 0.1050000E+03, 0.5630682E+03, 0.1050000E+03,
 0.7650000E+01, 0.6813529E+03, 0.1302277E+02, 0.0000000E+00, 0.1050000E+03, 0.5633301E+03, 0.1050000E+03,
 0.7652000E+01, 0.6816049E+03, 0.1301297E+02, 0.0000000E+00, 0.1050000E+03, 0.5635920E+03, 0.1050000E+03,
 0.7654000E+01, 0.6818568E+03, 0.1300322E+02, 0.0000000E+00, 0.1050000E+03, 0.5638536E+03, 0.1050000E+03,
 0.7656000E+01, 0.6821085E+03, 0.1299351E+02, 0.0000000E+00, 0.1050000E+03, 0.5641149E+03, 0.1050000E+03,
 0.7658000E+01, 0.6823600E+03, 0.1298384E+02, 0.0000000E+00, 0.1050000E+03, 0.5643762E+03, 0.1050000E+03,
 0.7660000E+01, 0.6826114E+03, 0.1297421E+02, 0.0000000E+00, 0.1050000E+03, 0.5646372E+03, 0.1050000E+03,
 0.7662000E+01, 0.6828626E+03, 0.1296463E+02, 0.0000000E+00, 0.1050000E+03, 0.5648980E+03, 0.1050000E+03,
 0.7664000E+01, 0.6831137E+03, 0.1295508E+02, 0.0000000E+00, 0.1050000E+03, 0.5651586E+03, 0.1050000E+03,
 0.7666000E+01, 0.6833646E+03, 0.1294558E+02, 0.0000000E+00, 0.1050000E+03, 0.5654191E+03, 0.1050000E+03,
 0.7668000E+01, 0.6836154E+03, 0.1293612E+02, 0.0000000E+00, 0.1050000E+03, 0.5656793E+03, 0.1050000E+03,
 0.7670000E+01, 0.6838660E+03, 0.1292670E+02, 0.0000000E+00, 0.1050000E+03, 0.5659393E+03, 0.1050000E+03,
 0.7672000E+01, 0.6841165E+03, 0.1291732E+02, 0.0000000E+00, 0.1050000E+03, 0.5661992E+03, 0.1050000E+03,
 0.7674000E+01, 0.6843668E+03, 0.1290798E+02, 0.0000000E+00, 0.1050000E+03, 0.5664589E+03, 0.1050000E+03,
 0.7676000E+01, 0.6846170E+03, 0.1289868E+02, 0.0000000E+00, 0.1050000E+03, 0.5667183E+03, 0.1050000E+03,
 0.7678000E+01, 0.6848670E+03, 0.1288941E+02, 0.0000000E+00, 0.1050000E+03, 0.5669776E+03, 0.1050000E+03,
 0.7680000E+01, 0.6851168E+03, 0.1288019E+02, 0.0000000E+00, 0.1050000E+03, 0.5672366E+03, 0.1050000E+03,
 0.7682000E+01, 0.6853665E+03, 0.1287100E+02, 0.0000000E+00, 0.1050000E+03, 0.5674955E+03, 0.1050000E+03,
 0.7684000E+01, 0.6856161E+03, 0.1286186E+02, 0.0000000E+00, 0.1050000E+03, 0.5677542E+03, 0.1050000E+03,
 0.7686000E+01, 0.6858655E+03, 0.1285275E+02, 0.0000000E+00, 0.1050000E+03, 0.5680127E+03, 0.1050000E+03,
 0.7688000E+01, 0.6861147E+03, 0.1284367E+02, 0.0000000E+00, 0.1050000E+03, 0.5682710E+03, 0.1050000E+03,
 0.7690000E+01, 0.6863638E+03, 0.1283464E+02, 0.0000000E+00, 0.1050000E+03, 0.5685291E+03, 0.1050000E+03,
 0.7692000E+01, 0.6866127E+03, 0.1282564E+02, 0.0000000E+00, 0.1050000E+03, 0.5687870E+03, 0.1050000E+03,
 0.7694000E+01, 0.6868614E+03, 0.1281668E+02, 0.0000000E+00, 0.1050000E+03, 0.5690447E+03, 0.1050000E+03,
 0.7696000E+01, 0.6871100E+03, 0.1280776E+02, 0.0000000E+00, 0.1050000E+03, 0.5693022E+03, 0.1050000E+03,
 0.7698000E+01, 0.6873584E+03, 0.1279887E+02, 0.0000000E+00, 0.1050000E+03, 0.5695596E+03, 0.1050000E+03,
 0.7700000E+01, 0.6876067E+03, 0.1279001E+02, 0.0000000E+00, 0.1050000E+03, 0.5698167E+03, 0.1050000E+03,
 0.7702000E+01, 0.6878548E+03, 0.1278120E+02, 0.0000000E+00, 0.1050000E+03, 0.5700736E+03, 0.1050000E+03,
 0.7704000E+01, 0.6881028E+03, 0.1277241E+02, 0.0000000E+00, 0.1050000E+03, 0.5703303E+03, 0.1050000E+03,
 0.7706000E+01, 0.6883505E+03, 0.1276367E+02, 0.0000000E+00, 0.1050000E+03, 0.5705869E+03, 0.1050000E+03,
 0.7708000E+01, 0.6885982E+03, 0.1275495E+02, 0.0000000E+00, 0.1050000E+03, 0.5708433E+03, 0.1050000E+03,
 0.7710000E+01, 0.6888456E+03, 0.1274627E+02, 0.0000000E+00, 0.1050000E+03, 0.5710994E+03, 0.1050000E+03,
 0.7712000E+01, 0.6890930E+03, 0.1273763E+02, 0.0000000E+00, 0.1050000E+03, 0.5713553E+03, 0.1050000E+03,
 0.7714000E+01, 0.6893401E+03, 0.1272902E+02, 0.0000000E+00, 0.1050000E+03, 0.5716111E+03, 0.1050000E+03,
 0.7716000E+01, 0.6895871E+03, 0.1272044E+02, 0.0000000E+00, 0.1050000E+03, 0.5718667E+03, 0.1050000E+03,
 0.7718000E+01, 0.6898339E+03, 0.1271190E+02, 0.0000000E+00, 0.1050000E+03, 0.5721221E+03, 0.1050000E+03,
 0.7720000E+01, 0.6900806E+03, 0.1270339E+02, 0.0000000E+00, 0.1050000E+03, 0.5723773E+03, 0.1050000E+03,
 0.7722000E+01, 0.6903271E+03, 0.1269491E+02, 0.0000000E+00, 0.1050000E+03, 0.5726322E+03, 0.1050000E+03,
 0.7724000E+01, 0.6905735E+03, 0.1268647E+02, 0.0000000E+00, 0.1050000E+03, 0.5728870E+03, 0.1050000E+03,
 0.7726000E+01, 0.6908196E+03, 0.1267806E+02, 0.0000000E+00, 0.1050000E+03, 0.5731416E+03, 0.1050000E+03,
 0.7728000E+01, 0.6910657E+03, 0.1266968E+02, 0.0000000E+00, 0.1050000E+03, 0.5733960E+03, 0.1050000E+03,
 0.7730000E+01, 0.6913115E+03, 0.1266133E+02, 0.0000000E+00, 0.1050000E+03, 0.5736502E+03, 0.1050000E+03,
 0.7732000E+01, 0.6915573E+03, 0.1265301E+02, 0.0000000E+00, 0.1050000E+03, 0.5739042E+03, 0.1050000E+03,
 0.7734000E+01, 0.6918028E+03, 0.1264473E+02, 0.0000000E+00, 0.1050000E+03, 0.5741581E+03, 0.1050000E+03,
 0.7736000E+01, 0.6920482E+03, 0.1263647E+02, 0.0000000E+00, 0.1050000E+03, 0.5744117E+03, 0.1050000E+03,
 0.7738000E+01, 0.6922933E+03, 0.1262825E+02, 0.0000000E+00, 0.1050000E+03, 0.5746651E+03, 0.1050000E+03,
 0.7740000E+01, 0.6925384E+03, 0.1262006E+02, 0.0000000E+00, 0.1050000E+03, 0.5749183E+03, 0.1050000E+03,
 0.7742000E+01, 0.6927833E+03, 0.1261190E+02, 0.0000000E+00, 0.1050000E+03, 0.5751714E+03, 0.1050000E+03,
 0.7744000E+01, 0.6930280E+03, 0.1260377E+02, 0.0000000E+00, 0.1050000E+03, 0.5754243E+03, 0.1050000E+03,
 0.7746000E+01, 0.6932726E+03, 0.1259567E+02, 0.0000000E+00, 0.1050000E+03, 0.5756769E+03, 0.1050000E+03,
 0.7748000E+01, 0.6935170E+03, 0.1258760E+02, 0.0000000E+00, 0.1050000E+03, 0.5759294E+03, 0.1050000E+03,
 0.7750000E+01, 0.6937612E+03, 0.1257956E+02, 0.0000000E+00, 0.1050000E+03, 0.5761816E+03, 0.1050000E+03,
 0.7752000E+01, 0.6940052E+03, 0.1257155E+02, 0.0000000E+00, 0.1050000E+03, 0.5764337E+03, 0.1050000E+03,
 0.7754000E+01, 0.6942491E+03, 0.1256356E+02, 0.0000000E+00, 0.1050000E+03, 0.5766856E+03, 0.1050000E+03,
 0.7756000E+01, 0.6944929E+03, 0.1255561E+02, 0.0000000E+00, 0.1050000E+03, 0.5769373E+03, 0.1050000E+03,
 0.7758000E+01, 0.6947365E+03, 0.1254769E+02, 0.0000000E+00, 0.1050000E+03, 0.5771888E+03, 0.1050000E+03,
 0.7760000E+01, 0.6949799E+03, 0.1253979E+02, 0.0000000E+00, 0.1050000E+03, 0.5774401E+03, 0.1050000E+03,
 0.7762000E+01, 0.6952231E+03, 0.1253192E+02, 0.0000000E+00, 0.1050000E+03, 0.5776912E+03, 0.1050000E+03,
 0.7764000E+01, 0.6954662E+03, 0.1252409E+02, 0.0000000E+00, 0.1050000E+03, 0.5779421E+03, 0.1050000E+03,
 0.7766000E+01, 0.6957091E+03, 0.1251627E+02, 0.0000000E+00, 0.1050000E+03, 0.5781928E+03, 0.1050000E+03,
 0.7768000E+01, 0.6959518E+03, 0.1250849E+02, 0.0000000E+00, 0.1050000E+03, 0.5784434E+03, 0.1050000E+03,
 0.7770000E+01, 0.6961945E+03, 0.1250074E+02, 0.0000000E+00, 0.1050000E+03, 0.5786937E+03, 0.1050000E+03,
 0.7772000E+01, 0.6964368E+03, 0.1249301E+02, 0.0000000E+00, 0.1050000E+03, 0.5789438E+03, 0.1050000E+03,
 0.7774000E+01, 0.6966791E+03, 0.1248531E+02, 0.0000000E+00, 0.1050000E+03, 0.5791938E+03, 0.1050000E+03,
 0.7776000E+01, 0.6969212E+03, 0.1247764E+02, 0.0000000E+00, 0.1050000E+03, 0.5794435E+03, 0.1050000E+03,
 0.7778000E+01, 0.6971631E+03, 0.1246999E+02, 0.0000000E+00, 0.1050000E+03, 0.5796931E+03, 0.1050000E+03,
 0.7780000E+01, 0.6974048E+03, 0.1246237E+02, 0.0000000E+00, 0.1050000E+03, 0.5799425E+03, 0.1050000E+03,
 0.7782000E+01, 0.6976464E+03, 0.1245478E+02, 0.0000000E+00, 0.1050000E+03, 0.5801917E+03, 0.1050000E+03,
 0.7784000E+01, 0.6978879E+03, 0.1244721E+02, 0.0000000E+00, 0.1050000E+03, 0.5804407E+03, 0.1050000E+03,
 0.7786000E+01, 0.6981292E+03, 0.1243967E+02, 0.0000000E+00, 0.1050000E+03, 0.5806895E+03, 0.1050000E+03,
 0.7788000E+01, 0.6983702E+03, 0.1243216E+02, 0.0000000E+00, 0.1050000E+03, 0.5809380E+03, 0.1050000E+03,
 0.7790000E+01, 0.6986111E+03, 0.1242467E+02, 0.0000000E+00, 0.1050000E+03, 0.5811865E+03, 0.1050000E+03,
 0.7792000E+01, 0.6988519E+03, 0.1241720E+02, 0.0000000E+00, 0.1050000E+03, 0.5814347E+03, 0.1050000E+03,
 0.7794000E+01, 0.6990925E+03, 0.1240977E+02, 0.0000000E+00, 0.1050000E+03, 0.5816827E+03, 0.1050000E+03,
 0.7796000E+01, 0.6993329E+03, 0.1240236E+02, 0.0000000E+00, 0.1050000E+03, 0.5819305E+03, 0.1050000E+03,
 0.7798000E+01, 0.6995732E+03, 0.1239497E+02, 0.0000000E+00, 0.1050000E+03, 0.5821782E+03, 0.1050000E+03,
 0.7800000E+01, 0.6998132E+03, 0.1238761E+02, 0.0000000E+00, 0.1050000E+03, 0.5824257E+03, 0.1050000E+03,
 0.7802000E+01, 0.7000532E+03, 0.1238027E+02, 0.0000000E+00, 0.1050000E+03, 0.5826729E+03, 0.1050000E+03,
 0.7804000E+01, 0.7002930E+03, 0.1237296E+02, 0.0000000E+00, 0.1050000E+03, 0.5829200E+03, 0.1050000E+03,
 0.7806000E+01, 0.7005325E+03, 0.1236567E+02, 0.0000000E+00, 0.1050000E+03, 0.5831669E+03, 0.1050000E+03,
 0.7808000E+01, 0.7007720E+03, 0.1235841E+02, 0.0000000E+00, 0.1050000E+03, 0.5834136E+03, 0.1050000E+03,
 0.7810000E+01, 0.7010112E+03, 0.1235117E+02, 0.0000000E+00, 0.1050000E+03, 0.5836600E+03, 0.1050000E+03,
 0.7812000E+01, 0.7012503E+03, 0.1234395E+02, 0.0000000E+00, 0.1050000E+03, 0.5839064E+03, 0.1050000E+03,
 0.7814000E+01, 0.7014893E+03, 0.1233676E+02, 0.0000000E+00, 0.1050000E+03, 0.5841525E+03, 0.1050000E+03,
 0.7816000E+01, 0.7017280E+03, 0.1232959E+02, 0.0000000E+00, 0.1050000E+03, 0.5843984E+03, 0.1050000E+03,
 0.7818000E+01, 0.7019666E+03, 0.1232245E+02, 0.0000000E+00, 0.1050000E+03, 0.5846441E+03, 0.1050000E+03,
 0.7820000E+01, 0.7022050E+03, 0.1231533E+02, 0.0000000E+00, 0.1050000E+03, 0.5848896E+03, 0.1050000E+03,
 0.7822000E+01, 0.7024432E+03, 0.1230823E+02, 0.0000000E+00, 0.1050000E+03, 0.5851350E+03, 0.1050000E+03,
 0.7824000E+01, 0.7026813E+03, 0.1230116E+02, 0.0000000E+00, 0.1050000E+03, 0.5853802E+03, 0.1050000E+03,
 0.7826000E+01, 0.7029193E+03, 0.1229411E+02, 0.0000000E+00, 0.1050000E+03, 0.5856252E+03, 0.1050000E+03,
 0.7828000E+01, 0.7031570E+03, 0.1228708E+02, 0.0000000E+00, 0.1050000E+03, 0.5858699E+03, 0.1050000E+03,
 0.7830000E+01, 0.7033946E+03, 0.1228008E+02, 0.0000000E+00, 0.1050000E+03, 0.5861146E+03, 0.1050000E+03,
 0.7832000E+01, 0.7036320E+03, 0.1227309E+02, 0.0000000E+00, 0.1050000E+03, 0.5863589E+03, 0.1050000E+03,
 0.7834000E+01, 0.7038693E+03, 0.1226613E+02, 0.0000000E+00, 0.1050000E+03, 0.5866031E+03, 0.1050000E+03,
 0.7836000E+01, 0.7041064E+03, 0.1225919E+02, 0.0000000E+00, 0.1050000E+03, 0.5868472E+03, 0.1050000E+03,
 0.7838000E+01, 0.7043433E+03, 0.1225228E+02, 0.0000000E+00, 0.1050000E+03, 0.5870910E+03, 0.1050000E+03,
 0.7840000E+01, 0.7045800E+03, 0.1224538E+02, 0.0000000E+00, 0.1050000E+03, 0.5873347E+03, 0.1050000E+03,
 0.7842000E+01, 0.7048166E+03, 0.1223851E+02, 0.0000000E+00, 0.1050000E+03, 0.5875781E+03, 0.1050000E+03,
 0.7844000E+01, 0.7050530E+03, 0.1223166E+02, 0.0000000E+00, 0.1050000E+03, 0.5878214E+03, 0.1050000E+03,
 0.7846000E+01, 0.7052892E+03, 0.1222483E+02, 0.0000000E+00, 0.1050000E+03, 0.5880645E+03, 0.1050000E+03,
 0.7848000E+01, 0.7055253E+03, 0.1221803E+02, 0.0000000E+00, 0.1050000E+03, 0.5883073E+03, 0.1050000E+03,
 0.7850000E+01, 0.7057612E+03, 0.1221124E+02, 0.0000000E+00, 0.1050000E+03, 0.5885500E+03, 0.1050000E+03,
 0.7852000E+01, 0.7059970E+03, 0.1220447E+02, 0.0000000E+00, 0.1050000E+03, 0.5887925E+03, 0.1050000E+03,
 0.7854000E+01, 0.7062325E+03, 0.1219773E+02, 0.0000000E+00, 0.1050000E+03, 0.5890349E+03, 0.1050000E+03,
 0.7856000E+01, 0.7064680E+03, 0.1219101E+02, 0.0000000E+00, 0.1050000E+03, 0.5892770E+03, 0.1050000E+03,
 0.7858000E+01, 0.7067032E+03, 0.1218431E+02, 0.0000000E+00, 0.1050000E+03, 0.5895189E+03, 0.1050000E+03,
 0.7860000E+01, 0.7069383E+03, 0.1217762E+02, 0.0000000E+00, 0.1050000E+03, 0.5897607E+03, 0.1050000E+03,
 0.7862000E+01, 0.7071732E+03, 0.1217096E+02, 0.0000000E+00, 0.1050000E+03, 0.5900023E+03, 0.1050000E+03,
 0.7864000E+01, 0.7074079E+03, 0.1216432E+02, 0.0000000E+00, 0.1050000E+03, 0.5902436E+03, 0.1050000E+03,
 0.7866000E+01, 0.7076425E+03, 0.1215770E+02, 0.0000000E+00, 0.1050000E+03, 0.5904848E+03, 0.1050000E+03,
 0.7868000E+01, 0.7078769E+03, 0.1215110E+02, 0.0000000E+00, 0.1050000E+03, 0.5907258E+03, 0.1050000E+03,
 0.7870000E+01, 0.7081111E+03, 0.1214452E+02, 0.0000000E+00, 0.1050000E+03, 0.5909666E+03, 0.1050000E+03,
 0.7872000E+01, 0.7083452E+03, 0.1213796E+02, 0.0000000E+00, 0.1050000E+03, 0.5912072E+03, 0.1050000E+03,
 0.7874000E+01, 0.7085791E+03, 0.1213142E+02, 0.0000000E+00, 0.1050000E+03, 0.5914477E+03, 0.1050000E+03,
 0.7876000E+01, 0.7088128E+03, 0.1212490E+02, 0.0000000E+00, 0.1050000E+03, 0.5916879E+03, 0.1050000E+03,
 0.7878000E+01, 0.7090464E+03, 0.1211840E+02, 0.0000000E+00, 0.1050000E+03, 0.5919280E+03, 0.1050000E+03,
 0.7880000E+01, 0.7092798E+03, 0.1211192E+02, 0.0000000E+00, 0.1050000E+03, 0.5921678E+03, 0.1050000E+03,
 0.7882000E+01, 0.7095130E+03, 0.1210546E+02, 0.0000000E+00, 0.1050000E+03, 0.5924075E+03, 0.1050000E+03,
 0.7884000E+01, 0.7097460E+03, 0.1209901E+02, 0.0000000E+00, 0.1050000E+03, 0.5926470E+03, 0.1050000E+03,
 0.7886000E+01, 0.7099789E+03, 0.1209259E+02, 0.0000000E+00, 0.1050000E+03, 0.5928864E+03, 0.1050000E+03,
 0.7888000E+01, 0.7102117E+03, 0.1208619E+02, 0.0000000E+00, 0.1050000E+03, 0.5931255E+03, 0.1050000E+03,
 0.7890000E+01, 0.7104442E+03, 0.1207980E+02, 0.0000000E+00, 0.1050000E+03, 0.5933644E+03, 0.1050000E+03,
 0.7892000E+01, 0.7106766E+03, 0.1207343E+02, 0.0000000E+00, 0.1050000E+03, 0.5936031E+03, 0.1050000E+03,
 0.7894000E+01, 0.7109088E+03, 0.1206708E+02, 0.0000000E+00, 0.1050000E+03, 0.5938417E+03, 0.1050000E+03,
 0.7896000E+01, 0.7111409E+03, 0.1206075E+02, 0.0000000E+00, 0.1050000E+03, 0.5940801E+03, 0.1050000E+03,
 0.7898000E+01, 0.7113727E+03, 0.1205444E+02, 0.0000000E+00, 0.1050000E+03, 0.5943183E+03, 0.1050000E+03,
 0.7900000E+01, 0.7116044E+03, 0.1204815E+02, 0.0000000E+00, 0.1050000E+03, 0.5945563E+03, 0.1050000E+03,
 0.7902000E+01, 0.7118360E+03, 0.1204188E+02, 0.0000000E+00, 0.1050000E+03, 0.5947941E+03, 0.1050000E+03,
 0.7904000E+01, 0.7120674E+03, 0.1203562E+02, 0.0000000E+00, 0.1050000E+03, 0.5950317E+03, 0.1050000E+03,
 0.7906000E+01, 0.7122986E+03, 0.1202938E+02, 0.0000000E+00, 0.1050000E+03, 0.5952692E+03, 0.1050000E+03,
 0.7908000E+01, 0.7125296E+03, 0.1202316E+02, 0.0000000E+00, 0.1050000E+03, 0.5955065E+03, 0.1050000E+03,
 0.7910000E+01, 0.7127605E+03, 0.1201696E+02, 0.0000000E+00, 0.1050000E+03, 0.5957435E+03, 0.1050000E+03,
 0.7912000E+01, 0.7129912E+03, 0.1201077E+02, 0.0000000E+00, 0.1050000E+03, 0.5959804E+03, 0.1050000E+03,
 0.7914000E+01, 0.7132217E+03, 0.1200461E+02, 0.0000000E+00, 0.1050000E+03, 0.5962172E+03, 0.1050000E+03,
 0.7916000E+01, 0.7134521E+03, 0.1199846E+02, 0.0000000E+00, 0.1050000E+03, 0.5964537E+03, 0.1050000E+03,
 0.7918000E+01, 0.7136823E+03, 0.1199232E+02, 0.0000000E+00, 0.1050000E+03, 0.5966900E+03, 0.1050000E+03,
 0.7920000E+01, 0.7139124E+03, 0.1198621E+02, 0.0000000E+00, 0.1050000E+03, 0.5969261E+03, 0.1050000E+03,
 0.7922000E+01, 0.7141422E+03, 0.1198011E+02, 0.0000000E+00, 0.1050000E+03, 0.5971621E+03, 0.1050000E+03,
 0.7924000E+01, 0.7143719E+03, 0.1197403E+02, 0.0000000E+00, 0.1050000E+03, 0.5973979E+03, 0.1050000E+03,
 0.7926000E+01, 0.7146014E+03, 0.1196797E+02, 0.0000000E+00, 0.1050000E+03, 0.5976335E+03, 0.1050000E+03,
 0.7928000E+01, 0.7148308E+03, 0.1196192E+02, 0.0000000E+00, 0.1050000E+03, 0.5978689E+03, 0.1050000E+03,
 0.7930000E+01, 0.7150600E+03, 0.1195589E+02, 0.0000000E+00, 0.1050000E+03, 0.5981041E+03, 0.1050000E+03,
 0.7932000E+01, 0.7152891E+03, 0.1194988E+02, 0.0000000E+00, 0.1050000E+03, 0.5983392E+03, 0.1050000E+03,
 0.7934000E+01, 0.7155179E+03, 0.1194388E+02, 0.0000000E+00, 0.1050000E+03, 0.5985740E+03, 0.1050000E+03,
 0.7936000E+01, 0.7157466E+03, 0.1193790E+02, 0.0000000E+00, 0.1050000E+03, 0.5988087E+03, 0.1050000E+03,
 0.7938000E+01, 0.7159751E+03, 0.1193194E+02, 0.0000000E+00, 0.1050000E+03, 0.5990432E+03, 0.1050000E+03,
 0.7940000E+01, 0.7162035E+03, 0.1192599E+02, 0.0000000E+00, 0.1050000E+03, 0.5992775E+03, 0.1050000E+03,
 0.7942000E+01, 0.7164316E+03, 0.1192006E+02, 0.0000000E+00, 0.1050000E+03, 0.5995116E+03, 0.1050000E+03,
 0.7944000E+01, 0.7166597E+03, 0.1191415E+02, 0.0000000E+00, 0.1050000E+03, 0.5997455E+03, 0.1050000E+03,
 0.7946000E+01, 0.7168876E+03, 0.1190825E+02, 0.0000000E+00, 0.1050000E+03, 0.5999793E+03, 0.1050000E+03,
 0.7948000E+01, 0.7171152E+03, 0.1190237E+02, 0.0000000E+00, 0.1050000E+03, 0.6002129E+03, 0.1050000E+03,
 0.7950000E+01, 0.7173428E+03, 0.1189650E+02, 0.0000000E+00, 0.1050000E+03, 0.6004462E+03, 0.1050000E+03,
 0.7952000E+01, 0.7175701E+03, 0.1189065E+02, 0.0000000E+00, 0.1050000E+03, 0.6006794E+03, 0.1050000E+03,
 0.7954000E+01, 0.7177973E+03, 0.1188482E+02, 0.0000000E+00, 0.1050000E+03, 0.6009125E+03, 0.1050000E+03,
 0.7956000E+01, 0.7180243E+03, 0.1187900E+02, 0.0000000E+00, 0.1050000E+03, 0.6011453E+03, 0.1050000E+03,
 0.7958000E+01, 0.7182512E+03, 0.1187320E+02, 0.0000000E+00, 0.1050000E+03, 0.6013780E+03, 0.1050000E+03,
 0.7960000E+01, 0.7184778E+03, 0.1186741E+02, 0.0000000E+00, 0.1050000E+03, 0.6016104E+03, 0.1050000E+03,
 0.7962000E+01, 0.7187043E+03, 0.1186164E+02, 0.0000000E+00, 0.1050000E+03, 0.6018427E+03, 0.1050000E+03,
 0.7964000E+01, 0.7189307E+03, 0.1185588E+02, 0.0000000E+00, 0.1050000E+03, 0.6020748E+03, 0.1050000E+03,
 0.7966000E+01, 0.7191569E+03, 0.1185014E+02, 0.0000000E+00, 0.1050000E+03, 0.6023068E+03, 0.1050000E+03,
 0.7968000E+01, 0.7193829E+03, 0.1184441E+02, 0.0000000E+00, 0.1050000E+03, 0.6025385E+03, 0.1050000E+03,
 0.7970000E+01, 0.7196088E+03, 0.1183870E+02, 0.0000000E+00, 0.1050000E+03, 0.6027701E+03, 0.1050000E+03,
 0.7972000E+01, 0.7198344E+03, 0.1183301E+02, 0.0000000E+00, 0.1050000E+03, 0.6030014E+03, 0.1050000E+03,
 0.7974000E+01, 0.7200599E+03, 0.1182733E+02, 0.0000000E+00, 0.1050000E+03, 0.6032326E+03, 0.1050000E+03,
 0.7976000E+01, 0.7202853E+03, 0.1182166E+02, 0.0000000E+00, 0.1050000E+03, 0.6034636E+03, 0.1050000E+03,
 0.7978000E+01, 0.7205105E+03, 0.1181601E+02, 0.0000000E+00, 0.1050000E+03, 0.6036945E+03, 0.1050000E+03,
 0.7980000E+01, 0.7207355E+03, 0.1181037E+02, 0.0000000E+00, 0.1050000E+03, 0.6039251E+03, 0.1050000E+03,
 0.7982000E+01, 0.7209603E+03, 0.1180475E+02, 0.0000000E+00, 0.1050000E+03, 0.6041556E+03, 0.1050000E+03,
 0.7984000E+01, 0.7211850E+03, 0.1179915E+02, 0.0000000E+00, 0.1050000E+03, 0.6043859E+03, 0.1050000E+03,
 0.7986000E+01, 0.7214095E+03, 0.1179355E+02, 0.0000000E+00, 0.1050000E+03, 0.6046160E+03, 0.1050000E+03,
 0.7988000E+01, 0.7216339E+03, 0.1178798E+02, 0.0000000E+00, 0.1050000E+03, 0.6048459E+03, 0.1050000E+03,
 0.7990000E+01, 0.7218580E+03, 0.1178241E+02, 0.0000000E+00, 0.1050000E+03, 0.6050756E+03, 0.1050000E+03,
 0.7992000E+01, 0.7220821E+03, 0.1177686E+02, 0.0000000E+00, 0.1050000E+03, 0.6053052E+03, 0.1050000E+03,
 0.7994000E+01, 0.7223059E+03, 0.1177133E+02, 0.0000000E+00, 0.1050000E+03, 0.6055346E+03, 0.1050000E+03,
 0.7996000E+01, 0.7225296E+03, 0.1176581E+02, 0.0000000E+00, 0.1050000E+03, 0.6057638E+03, 0.1050000E+03,
 0.7998000E+01, 0.7227531E+03, 0.1176030E+02, 0.0000000E+00, 0.1050000E+03, 0.6059928E+03, 0.1050000E+03,
 0.8000000E+01, 0.7229764E+03, 0.1175481E+02, 0.0000000E+00, 0.1050000E+03, 0.6062216E+03, 0.1050000E+03,
 0.8002000E+01, 0.7231996E+03, 0.1174933E+02, 0.0000000E+00, 0.1050000E+03, 0.6064503E+03, 0.1050000E+03,
 0.8004000E+01, 0.7234227E+03, 0.1174386E+02, 0.0000000E+00, 0.1050000E+03, 0.6066788E+03, 0.1050000E+03,
 0.8006000E+01, 0.7236455E+03, 0.1173841E+02, 0.0000000E+00, 0.1050000E+03, 0.6069071E+03, 0.1050000E+03,
 0.8008000E+01, 0.7238682E+03, 0.1173298E+02, 0.0000000E+00, 0.1050000E+03, 0.6071352E+03, 0.1050000E+03,
 0.8010000E+01, 0.7240907E+03, 0.1172755E+02, 0.0000000E+00, 0.1050000E+03, 0.6073631E+03, 0.1050000E+03,
 0.8012000E+01, 0.7243130E+03, 0.1172214E+02, 0.0000000E+00, 0.1050000E+03, 0.6075909E+03, 0.1050000E+03,
 0.8014000E+01, 0.7245352E+03, 0.1171675E+02, 0.0000000E+00, 0.1050000E+03, 0.6078185E+03, 0.1050000E+03,
 0.8016000E+01, 0.7247572E+03, 0.1171136E+02, 0.0000000E+00, 0.1050000E+03, 0.6080458E+03, 0.1050000E+03,
 0.8018000E+01, 0.7249791E+03, 0.1170599E+02, 0.0000000E+00, 0.1050000E+03, 0.6082731E+03, 0.1050000E+03,
 0.8020000E+01, 0.7252007E+03, 0.1170064E+02, 0.0000000E+00, 0.1050000E+03, 0.6085001E+03, 0.1050000E+03,
 0.8022000E+01, 0.7254222E+03, 0.1169529E+02, 0.0000000E+00, 0.1050000E+03, 0.6087270E+03, 0.1050000E+03,
 0.8024000E+01, 0.7256436E+03, 0.1168996E+02, 0.0000000E+00, 0.1050000E+03, 0.6089537E+03, 0.1050000E+03,
 0.8026000E+01, 0.7258648E+03, 0.1168465E+02, 0.0000000E+00, 0.1050000E+03, 0.6091802E+03, 0.1050000E+03,
 0.8028000E+01, 0.7260858E+03, 0.1167934E+02, 0.0000000E+00, 0.1050000E+03, 0.6094065E+03, 0.1050000E+03,
 0.8030000E+01, 0.7263067E+03, 0.1167405E+02, 0.0000000E+00, 0.1050000E+03, 0.6096326E+03, 0.1050000E+03,
 0.8032000E+01, 0.7265273E+03, 0.1166878E+02, 0.0000000E+00, 0.1050000E+03, 0.6098586E+03, 0.1050000E+03,
 0.8034000E+01, 0.7267479E+03, 0.1166351E+02, 0.0000000E+00, 0.1050000E+03, 0.6100844E+03, 0.1050000E+03,
 0.8036000E+01, 0.7269683E+03, 0.1165826E+02, 0.0000000E+00, 0.1050000E+03, 0.6103100E+03, 0.1050000E+03,
 0.8038000E+01, 0.7271884E+03, 0.1165302E+02, 0.0000000E+00, 0.1050000E+03, 0.6105354E+03, 0.1050000E+03,
 0.8040000E+01, 0.7274084E+03, 0.1164779E+02, 0.0000000E+00, 0.1050000E+03, 0.6107607E+03, 0.1050000E+03,
 0.8042000E+01, 0.7276283E+03, 0.1164258E+02, 0.0000000E+00, 0.1050000E+03, 0.6109857E+03, 0.1050000E+03,
 0.8044000E+01, 0.7278480E+03, 0.1163738E+02, 0.0000000E+00, 0.1050000E+03, 0.6112106E+03, 0.1050000E+03,
 0.8046000E+01, 0.7280675E+03, 0.1163219E+02, 0.0000000E+00, 0.1050000E+03, 0.6114353E+03, 0.1050000E+03,
 0.8048000E+01, 0.7282869E+03, 0.1162702E+02, 0.0000000E+00, 0.1050000E+03, 0.6116599E+03, 0.1050000E+03,
 0.8050000E+01, 0.7285061E+03, 0.1162185E+02, 0.0000000E+00, 0.1050000E+03, 0.6118842E+03, 0.1050000E+03,
 0.8052000E+01, 0.7287251E+03, 0.1161670E+02, 0.0000000E+00, 0.1050000E+03, 0.6121084E+03, 0.1050000E+03,
 0.8054000E+01, 0.7289440E+03, 0.1161156E+02, 0.0000000E+00, 0.1050000E+03, 0.6123324E+03, 0.1050000E+03,
 0.8056000E+01, 0.7291627E+03, 0.1160644E+02, 0.0000000E+00, 0.1050000E+03, 0.6125562E+03, 0.1050000E+03,
 0.8058000E+01, 0.7293812E+03, 0.1160132E+02, 0.0000000E+00, 0.1050000E+03, 0.6127799E+03, 0.1050000E+03,
 0.8060000E+01, 0.7295996E+03, 0.1159622E+02, 0.0000000E+00, 0.1050000E+03, 0.6130034E+03, 0.1050000E+03,
 0.8062000E+01, 0.7298178E+03, 0.1159113E+02, 0.0000000E+00, 0.1050000E+03, 0.6132267E+03, 0.1050000E+03,
 0.8064000E+01, 0.7300358E+03, 0.1158605E+02, 0.0000000E+00, 0.1050000E+03, 0.6134498E+03, 0.1050000E+03,
 0.8066000E+01, 0.7302537E+03, 0.1158099E+02, 0.0000000E+00, 0.1050000E+03, 0.6136727E+03, 0.1050000E+03,
 0.8068000E+01, 0.7304714E+03, 0.1157593E+02, 0.0000000E+00, 0.1050000E+03, 0.6138955E+03, 0.1050000E+03,
 0.8070000E+01, 0.7306890E+03, 0.1157089E+02, 0.0000000E+00, 0.1050000E+03, 0.6141180E+03, 0.1050000E+03,
 0.8072000E+01, 0.7309063E+03, 0.1156586E+02, 0.0000000E+00, 0.1050000E+03, 0.6143405E+03, 0.1050000E+03,
 0.8074000E+01, 0.7311235E+03, 0.1156084E+02, 0.0000000E+00, 0.1050000E+03, 0.6145627E+03, 0.1050000E+03,
 0.8076000E+01, 0.7313406E+03, 0.1155583E+02, 0.0000000E+00, 0.1050000E+03, 0.6147848E+03, 0.1050000E+03,
 0.8078000E+01, 0.7315575E+03, 0.1155084E+02, 0.0000000E+00, 0.1050000E+03, 0.6150067E+03, 0.1050000E+03,
 0.8080000E+01, 0.7317742E+03, 0.1154585E+02, 0.0000000E+00, 0.1050000E+03, 0.6152283E+03, 0.1050000E+03,
 0.8082000E+01, 0.7319908E+03, 0.1154088E+02, 0.0000000E+00, 0.1050000E+03, 0.6154499E+03, 0.1050000E+03,
 0.8084000E+01, 0.7322072E+03, 0.1153592E+02, 0.0000000E+00, 0.1050000E+03, 0.6156713E+03, 0.1050000E+03,
 0.8086000E+01, 0.7324234E+03, 0.1153097E+02, 0.0000000E+00, 0.1050000E+03, 0.6158924E+03, 0.1050000E+03,
 0.8088000E+01, 0.7326395E+03, 0.1152603E+02, 0.0000000E+00, 0.1050000E+03, 0.6161134E+03, 0.1050000E+03,
 0.8090000E+01, 0.7328553E+03, 0.1152110E+02, 0.0000000E+00, 0.1050000E+03, 0.6163342E+03, 0.1050000E+03,
 0.8092000E+01, 0.7330711E+03, 0.1151619E+02, 0.0000000E+00, 0.1050000E+03, 0.6165549E+03, 0.1050000E+03,
 0.8094000E+01, 0.7332866E+03, 0.1151129E+02, 0.0000000E+00, 0.1050000E+03, 0.6167754E+03, 0.1050000E+03,
 0.8096000E+01, 0.7335021E+03, 0.1150639E+02, 0.0000000E+00, 0.1050000E+03, 0.6169957E+03, 0.1050000E+03,
 0.8098000E+01, 0.7337173E+03, 0.1150151E+02, 0.0000000E+00, 0.1050000E+03, 0.6172158E+03, 0.1050000E+03,
 0.8100000E+01, 0.7339324E+03, 0.1149664E+02, 0.0000000E+00, 0.1050000E+03, 0.6174357E+03, 0.1050000E+03,
 0.8102000E+01, 0.7341473E+03, 0.1149178E+02, 0.0000000E+00, 0.1050000E+03, 0.6176555E+03, 0.1050000E+03,
 0.8104000E+01, 0.7343621E+03, 0.1148693E+02, 0.0000000E+00, 0.1050000E+03, 0.6178751E+03, 0.1050000E+03,
 0.8106000E+01, 0.7345766E+03, 0.1148209E+02, 0.0000000E+00, 0.1050000E+03, 0.6180945E+03, 0.1050000E+03,
 0.8108000E+01, 0.7347910E+03, 0.1147727E+02, 0.0000000E+00, 0.1050000E+03, 0.6183138E+03, 0.1050000E+03,
 0.8110000E+01, 0.7350053E+03, 0.1147245E+02, 0.0000000E+00, 0.1050000E+03, 0.6185328E+03, 0.1050000E+03,
 0.8112000E+01, 0.7352194E+03, 0.1146765E+02, 0.0000000E+00, 0.1050000E+03, 0.6187518E+03, 0.1050000E+03,
 0.8114000E+01, 0.7354333E+03, 0.1146285E+02, 0.0000000E+00, 0.1050000E+03, 0.6189705E+03, 0.1050000E+03,
 0.8116000E+01, 0.7356471E+03, 0.1145807E+02, 0.0000000E+00, 0.1050000E+03, 0.6191890E+03, 0.1050000E+03,
 0.8118000E+01, 0.7358607E+03, 0.1145329E+02, 0.0000000E+00, 0.1050000E+03, 0.6194074E+03, 0.1050000E+03,
 0.8120000E+01, 0.7360742E+03, 0.1144853E+02, 0.0000000E+00, 0.1050000E+03, 0.6196256E+03, 0.1050000E+03,
 0.8122000E+01, 0.7362874E+03, 0.1144378E+02, 0.0000000E+00, 0.1050000E+03, 0.6198436E+03, 0.1050000E+03,
 0.8124000E+01, 0.7365005E+03, 0.1143904E+02, 0.0000000E+00, 0.1050000E+03, 0.6200615E+03, 0.1050000E+03,
 0.8126000E+01, 0.7367135E+03, 0.1143431E+02, 0.0000000E+00, 0.1050000E+03, 0.6202792E+03, 0.1050000E+03,
 0.8128000E+01, 0.7369263E+03, 0.1142959E+02, 0.0000000E+00, 0.1050000E+03, 0.6204967E+03, 0.1050000E+03,
 0.8130000E+01, 0.7371389E+03, 0.1142488E+02, 0.0000000E+00, 0.1050000E+03, 0.6207140E+03, 0.1050000E+03,
 0.8132000E+01, 0.7373514E+03, 0.1142018E+02, 0.0000000E+00, 0.1050000E+03, 0.6209312E+03, 0.1050000E+03,
 0.8134000E+01, 0.7375637E+03, 0.1141549E+02, 0.0000000E+00, 0.1050000E+03, 0.6211481E+03, 0.1050000E+03,
 0.8136000E+01, 0.7377758E+03, 0.1141081E+02, 0.0000000E+00, 0.1050000E+03, 0.6213650E+03, 0.1050000E+03,
 0.8138000E+01, 0.7379877E+03, 0.1140614E+02, 0.0000000E+00, 0.1050000E+03, 0.6215816E+03, 0.1050000E+03,
 0.8140000E+01, 0.7381996E+03, 0.1140148E+02, 0.0000000E+00, 0.1050000E+03, 0.6217981E+03, 0.1050000E+03,
 0.8142000E+01, 0.7384112E+03, 0.1139684E+02, 0.0000000E+00, 0.1050000E+03, 0.6220144E+03, 0.1050000E+03,
 0.8144000E+01, 0.7386227E+03, 0.1139220E+02, 0.0000000E+00, 0.1050000E+03, 0.6222305E+03, 0.1050000E+03,
 0.8146000E+01, 0.7388340E+03, 0.1138757E+02, 0.0000000E+00, 0.1050000E+03, 0.6224465E+03, 0.1050000E+03,
 0.8148000E+01, 0.7390452E+03, 0.1138295E+02, 0.0000000E+00, 0.1050000E+03, 0.6226622E+03, 0.1050000E+03,
 0.8150000E+01, 0.7392562E+03, 0.1137834E+02, 0.0000000E+00, 0.1050000E+03, 0.6228778E+03, 0.1050000E+03,
 0.8152000E+01, 0.7394670E+03, 0.1137374E+02, 0.0000000E+00, 0.1050000E+03, 0.6230933E+03, 0.1050000E+03,
 0.8154000E+01, 0.7396777E+03, 0.1136916E+02, 0.0000000E+00, 0.1050000E+03, 0.6233085E+03, 0.1050000E+03,
 0.8156000E+01, 0.7398882E+03, 0.1136458E+02, 0.0000000E+00, 0.1050000E+03, 0.6235236E+03, 0.1050000E+03,
 0.8158000E+01, 0.7400985E+03, 0.1136001E+02, 0.0000000E+00, 0.1050000E+03, 0.6237385E+03, 0.1050000E+03,
 0.8160000E+01, 0.7403087E+03, 0.1135545E+02, 0.0000000E+00, 0.1050000E+03, 0.6239532E+03, 0.1050000E+03,
 0.8162000E+01, 0.7405187E+03, 0.1135090E+02, 0.0000000E+00, 0.1050000E+03, 0.6241678E+03, 0.1050000E+03,
 0.8164000E+01, 0.7407286E+03, 0.1134636E+02, 0.0000000E+00, 0.1050000E+03, 0.6243822E+03, 0.1050000E+03,
 0.8166000E+01, 0.7409383E+03, 0.1134183E+02, 0.0000000E+00, 0.1050000E+03, 0.6245964E+03, 0.1050000E+03,
 0.8168000E+01, 0.7411478E+03, 0.1133731E+02, 0.0000000E+00, 0.1050000E+03, 0.6248105E+03, 0.1050000E+03,
 0.8170000E+01, 0.7413572E+03, 0.1133280E+02, 0.0000000E+00, 0.1050000E+03, 0.6250244E+03, 0.1050000E+03,
 0.8172000E+01, 0.7415664E+03, 0.1132830E+02, 0.0000000E+00, 0.1050000E+03, 0.6252381E+03, 0.1050000E+03,
 0.8174000E+01, 0.7417755E+03, 0.1132381E+02, 0.0000000E+00, 0.1050000E+03, 0.6254517E+03, 0.1050000E+03,
 0.8176000E+01, 0.7419843E+03, 0.1131933E+02, 0.0000000E+00, 0.1050000E+03, 0.6256650E+03, 0.1050000E+03,
 0.8178000E+01, 0.7421931E+03, 0.1131485E+02, 0.0000000E+00, 0.1050000E+03, 0.6258782E+03, 0.1050000E+03,
 0.8180000E+01, 0.7424016E+03, 0.1131039E+02, 0.0000000E+00, 0.1050000E+03, 0.6260912E+03, 0.1050000E+03,
 0.8182000E+01, 0.7426100E+03, 0.1130594E+02, 0.0000000E+00, 0.1050000E+03, 0.6263041E+03, 0.1050000E+03,
 0.8184000E+01, 0.7428182E+03, 0.1130149E+02, 0.0000000E+00, 0.1050000E+03, 0.6265168E+03, 0.1050000E+03,
 0.8186000E+01, 0.7430264E+03, 0.1129706E+02, 0.0000000E+00, 0.1050000E+03, 0.6267293E+03, 0.1050000E+03,
 0.8188000E+01, 0.7432343E+03, 0.1129263E+02, 0.0000000E+00, 0.1050000E+03, 0.6269417E+03, 0.1050000E+03,
 0.8190000E+01, 0.7434420E+03, 0.1128822E+02, 0.0000000E+00, 0.1050000E+03, 0.6271538E+03, 0.1050000E+03,
 0.8192000E+01, 0.7436496E+03, 0.1128381E+02, 0.0000000E+00, 0.1050000E+03, 0.6273658E+03, 0.1050000E+03,
 0.8194000E+01, 0.7438571E+03, 0.1127941E+02, 0.0000000E+00, 0.1050000E+03, 0.6275776E+03, 0.1050000E+03,
 0.8196000E+01, 0.7440643E+03, 0.1127502E+02, 0.0000000E+00, 0.1050000E+03, 0.6277893E+03, 0.1050000E+03,
 0.8198000E+01, 0.7442714E+03, 0.1127064E+02, 0.0000000E+00, 0.1050000E+03, 0.6280008E+03, 0.1050000E+03,
 0.8200000E+01, 0.7444784E+03, 0.1126627E+02, 0.0000000E+00, 0.1050000E+03, 0.6282121E+03, 0.1050000E+03,
 0.8202000E+01, 0.7446852E+03, 0.1126191E+02, 0.0000000E+00, 0.1050000E+03, 0.6284233E+03, 0.1050000E+03,
 0.8204000E+01, 0.7448918E+03, 0.1125756E+02, 0.0000000E+00, 0.1050000E+03, 0.6286342E+03, 0.1050000E+03,
 0.8206000E+01, 0.7450983E+03, 0.1125321E+02, 0.0000000E+00, 0.1050000E+03, 0.6288450E+03, 0.1050000E+03,
 0.8208000E+01, 0.7453046E+03, 0.1124888E+02, 0.0000000E+00, 0.1050000E+03, 0.6290557E+03, 0.1050000E+03,
 0.8210000E+01, 0.7455107E+03, 0.1124455E+02, 0.0000000E+00, 0.1050000E+03, 0.6292662E+03, 0.1050000E+03,
 0.8212000E+01, 0.7457167E+03, 0.1124023E+02, 0.0000000E+00, 0.1050000E+03, 0.6294764E+03, 0.1050000E+03,
 0.8214000E+01, 0.7459225E+03, 0.1123592E+02, 0.0000000E+00, 0.1050000E+03, 0.6296866E+03, 0.1050000E+03,
 0.8216000E+01, 0.7461282E+03, 0.1123162E+02, 0.0000000E+00, 0.1050000E+03, 0.6298965E+03, 0.1050000E+03,
 0.8218000E+01, 0.7463337E+03, 0.1122733E+02, 0.0000000E+00, 0.1050000E+03, 0.6301064E+03, 0.1050000E+03,
 0.8220000E+01, 0.7465391E+03, 0.1122305E+02, 0.0000000E+00, 0.1050000E+03, 0.6303160E+03, 0.1050000E+03,
 0.8222000E+01, 0.7467442E+03, 0.1121878E+02, 0.0000000E+00, 0.1050000E+03, 0.6305255E+03, 0.1050000E+03,
 0.8224000E+01, 0.7469492E+03, 0.1121451E+02, 0.0000000E+00, 0.1050000E+03, 0.6307347E+03, 0.1050000E+03,
 0.8226000E+01, 0.7471541E+03, 0.1121026E+02, 0.0000000E+00, 0.1050000E+03, 0.6309438E+03, 0.1050000E+03,
 0.8228000E+01, 0.7473588E+03, 0.1120601E+02, 0.0000000E+00, 0.1050000E+03, 0.6311528E+03, 0.1050000E+03,
 0.8230000E+01, 0.7475634E+03, 0.1120177E+02, 0.0000000E+00, 0.1050000E+03, 0.6313616E+03, 0.1050000E+03,
 0.8232000E+01, 0.7477678E+03, 0.1119754E+02, 0.0000000E+00, 0.1050000E+03, 0.6315702E+03, 0.1050000E+03,
 0.8234000E+01, 0.7479720E+03, 0.1119332E+02, 0.0000000E+00, 0.1050000E+03, 0.6317786E+03, 0.1050000E+03,
 0.8236000E+01, 0.7481760E+03, 0.1118911E+02, 0.0000000E+00, 0.1050000E+03, 0.6319869E+03, 0.1050000E+03,
 0.8238000E+01, 0.7483799E+03, 0.1118490E+02, 0.0000000E+00, 0.1050000E+03, 0.6321950E+03, 0.1050000E+03,
 0.8240000E+01, 0.7485837E+03, 0.1118070E+02, 0.0000000E+00, 0.1050000E+03, 0.6324030E+03, 0.1050000E+03,
 0.8242000E+01, 0.7487872E+03, 0.1117651E+02, 0.0000000E+00, 0.1050000E+03, 0.6326107E+03, 0.1050000E+03,
 0.8244000E+01, 0.7489907E+03, 0.1117233E+02, 0.0000000E+00, 0.1050000E+03, 0.6328184E+03, 0.1050000E+03,
 0.8246000E+01, 0.7491940E+03, 0.1116816E+02, 0.0000000E+00, 0.1050000E+03, 0.6330258E+03, 0.1050000E+03,
 0.8248000E+01, 0.7493970E+03, 0.1116400E+02, 0.0000000E+00, 0.1050000E+03, 0.6332330E+03, 0.1050000E+03,
 0.8250000E+01, 0.7496000E+03, 0.1115985E+02, 0.0000000E+00, 0.1050000E+03, 0.6334401E+03, 0.1050000E+03,
 0.8252000E+01, 0.7498028E+03, 0.1115570E+02, 0.0000000E+00, 0.1050000E+03, 0.6336471E+03, 0.1050000E+03,
 0.8254000E+01, 0.7500054E+03, 0.1115156E+02, 0.0000000E+00, 0.1050000E+03, 0.6338538E+03, 0.1050000E+03,
 0.8256000E+01, 0.7502079E+03, 0.1114743E+02, 0.0000000E+00, 0.1050000E+03, 0.6340604E+03, 0.1050000E+03,
 0.8258000E+01, 0.7504102E+03, 0.1114331E+02, 0.0000000E+00, 0.1050000E+03, 0.6342668E+03, 0.1050000E+03,
 0.8260000E+01, 0.7506123E+03, 0.1113919E+02, 0.0000000E+00, 0.1050000E+03, 0.6344731E+03, 0.1050000E+03,
 0.8262000E+01, 0.7508143E+03, 0.1113509E+02, 0.0000000E+00, 0.1050000E+03, 0.6346793E+03, 0.1050000E+03,
 0.8264000E+01, 0.7510162E+03, 0.1113099E+02, 0.0000000E+00, 0.1050000E+03, 0.6348851E+03, 0.1050000E+03,
 0.8266000E+01, 0.7512178E+03, 0.1112690E+02, 0.0000000E+00, 0.1050000E+03, 0.6350909E+03, 0.1050000E+03,
 0.8268000E+01, 0.7514193E+03, 0.1112282E+02, 0.0000000E+00, 0.1050000E+03, 0.6352965E+03, 0.1050000E+03,
 0.8270000E+01, 0.7516207E+03, 0.1111874E+02, 0.0000000E+00, 0.1050000E+03, 0.6355020E+03, 0.1050000E+03,
 0.8272000E+01, 0.7518219E+03, 0.1111468E+02, 0.0000000E+00, 0.1050000E+03, 0.6357072E+03, 0.1050000E+03,
 0.8274000E+01, 0.7520229E+03, 0.1111062E+02, 0.0000000E+00, 0.1050000E+03, 0.6359123E+03, 0.1050000E+03,
 0.8276000E+01, 0.7522238E+03, 0.1110657E+02, 0.0000000E+00, 0.1050000E+03, 0.6361172E+03, 0.1050000E+03,
 0.8278000E+01, 0.7524245E+03, 0.1110253E+02, 0.0000000E+00, 0.1050000E+03, 0.6363220E+03, 0.1050000E+03,
 0.8280000E+01, 0.7526251E+03, 0.1109849E+02, 0.0000000E+00, 0.1050000E+03, 0.6365266E+03, 0.1050000E+03,
 0.8282000E+01, 0.7528255E+03, 0.1109447E+02, 0.0000000E+00, 0.1050000E+03, 0.6367310E+03, 0.1050000E+03,
 0.8284000E+01, 0.7530258E+03, 0.1109045E+02, 0.0000000E+00, 0.1050000E+03, 0.6369353E+03, 0.1050000E+03,
 0.8286000E+01, 0.7532258E+03, 0.1108644E+02, 0.0000000E+00, 0.1050000E+03, 0.6371394E+03, 0.1050000E+03,
 0.8288000E+01, 0.7534258E+03, 0.1108243E+02, 0.0000000E+00, 0.1050000E+03, 0.6373433E+03, 0.1050000E+03,
 0.8290000E+01, 0.7536255E+03, 0.1107844E+02, 0.0000000E+00, 0.1050000E+03, 0.6375471E+03, 0.1050000E+03,
 0.8292000E+01, 0.7538251E+03, 0.1107445E+02, 0.0000000E+00, 0.1050000E+03, 0.6377507E+03, 0.1050000E+03,
 0.8294000E+01, 0.7540246E+03, 0.1107047E+02, 0.0000000E+00, 0.1050000E+03, 0.6379541E+03, 0.1050000E+03,
 0.8296000E+01, 0.7542239E+03, 0.1106650E+02, 0.0000000E+00, 0.1050000E+03, 0.6381574E+03, 0.1050000E+03,
 0.8298000E+01, 0.7544230E+03, 0.1106253E+02, 0.0000000E+00, 0.1050000E+03, 0.6383605E+03, 0.1050000E+03,
 0.8300000E+01, 0.7546220E+03, 0.1105858E+02, 0.0000000E+00, 0.1050000E+03, 0.6385634E+03, 0.1050000E+03,
 0.8302000E+01, 0.7548209E+03, 0.1105463E+02, 0.0000000E+00, 0.1050000E+03, 0.6387662E+03, 0.1050000E+03,
 0.8304000E+01, 0.7550195E+03, 0.1105069E+02, 0.0000000E+00, 0.1050000E+03, 0.6389688E+03, 0.1050000E+03,
 0.8306000E+01, 0.7552180E+03, 0.1104675E+02, 0.0000000E+00, 0.1050000E+03, 0.6391713E+03, 0.1050000E+03,
 0.8308000E+01, 0.7554164E+03, 0.1104282E+02, 0.0000000E+00, 0.1050000E+03, 0.6393735E+03, 0.1050000E+03,
 0.8310000E+01, 0.7556146E+03, 0.1103891E+02, 0.0000000E+00, 0.1050000E+03, 0.6395757E+03, 0.1050000E+03,
 0.8312000E+01, 0.7558126E+03, 0.1103499E+02, 0.0000000E+00, 0.1050000E+03, 0.6397776E+03, 0.1050000E+03,
 0.8314000E+01, 0.7560105E+03, 0.1103109E+02, 0.0000000E+00, 0.1050000E+03, 0.6399794E+03, 0.1050000E+03,
 0.8316000E+01, 0.7562082E+03, 0.1102719E+02, 0.0000000E+00, 0.1050000E+03, 0.6401810E+03, 0.1050000E+03,
 0.8318000E+01, 0.7564058E+03, 0.1102330E+02, 0.0000000E+00, 0.1050000E+03, 0.6403824E+03, 0.1050000E+03,
 0.8320000E+01, 0.7566031E+03, 0.1101942E+02, 0.0000000E+00, 0.1050000E+03, 0.6405837E+03, 0.1050000E+03,
 0.8322000E+01, 0.7568004E+03, 0.1101554E+02, 0.0000000E+00, 0.1050000E+03, 0.6407849E+03, 0.1050000E+03,
 0.8324000E+01, 0.7569975E+03, 0.1101168E+02, 0.0000000E+00, 0.1050000E+03, 0.6409858E+03, 0.1050000E+03,
 0.8326000E+01, 0.7571945E+03, 0.1100782E+02, 0.0000000E+00, 0.1050000E+03, 0.6411866E+03, 0.1050000E+03,
 0.8328000E+01, 0.7573912E+03, 0.1100396E+02, 0.0000000E+00, 0.1050000E+03, 0.6413873E+03, 0.1050000E+03,
 0.8330000E+01, 0.7575878E+03, 0.1100012E+02, 0.0000000E+00, 0.1050000E+03, 0.6415878E+03, 0.1050000E+03,
 0.8332000E+01, 0.7577843E+03, 0.1099628E+02, 0.0000000E+00, 0.1050000E+03, 0.6417880E+03, 0.1050000E+03,
 0.8334000E+01, 0.7579807E+03, 0.1099245E+02, 0.0000000E+00, 0.1050000E+03, 0.6419882E+03, 0.1050000E+03,
 0.8336000E+01, 0.7581768E+03, 0.1098862E+02, 0.0000000E+00, 0.1050000E+03, 0.6421882E+03, 0.1050000E+03,
 0.8338000E+01, 0.7583728E+03, 0.1098481E+02, 0.0000000E+00, 0.1050000E+03, 0.6423880E+03, 0.1050000E+03,
 0.8340000E+01, 0.7585686E+03, 0.1098100E+02, 0.0000000E+00, 0.1050000E+03, 0.6425876E+03, 0.1050000E+03,
 0.8342000E+01, 0.7587643E+03, 0.1097719E+02, 0.0000000E+00, 0.1050000E+03, 0.6427871E+03, 0.1050000E+03,
 0.8344000E+01, 0.7589598E+03, 0.1097340E+02, 0.0000000E+00, 0.1050000E+03, 0.6429865E+03, 0.1050000E+03,
 0.8346000E+01, 0.7591552E+03, 0.1096961E+02, 0.0000000E+00, 0.1050000E+03, 0.6431856E+03, 0.1050000E+03,
 0.8348000E+01, 0.7593505E+03, 0.1096583E+02, 0.0000000E+00, 0.1050000E+03, 0.6433846E+03, 0.1050000E+03,
 0.8350000E+01, 0.7595455E+03, 0.1096205E+02, 0.0000000E+00, 0.1050000E+03, 0.6435834E+03, 0.1050000E+03,
 0.8352000E+01, 0.7597404E+03, 0.1095828E+02, 0.0000000E+00, 0.1050000E+03, 0.6437821E+03, 0.1050000E+03,
 0.8354000E+01, 0.7599351E+03, 0.1095452E+02, 0.0000000E+00, 0.1050000E+03, 0.6439807E+03, 0.1050000E+03,
 0.8356000E+01, 0.7601298E+03, 0.1095077E+02, 0.0000000E+00, 0.1050000E+03, 0.6441790E+03, 0.1050000E+03,
 0.8358000E+01, 0.7603242E+03, 0.1094702E+02, 0.0000000E+00, 0.1050000E+03, 0.6443771E+03, 0.1050000E+03,
 0.8360000E+01, 0.7605184E+03, 0.1094328E+02, 0.0000000E+00, 0.1050000E+03, 0.6445752E+03, 0.1050000E+03,
 0.8362000E+01, 0.7607126E+03, 0.1093955E+02, 0.0000000E+00, 0.1050000E+03, 0.6447730E+03, 0.1050000E+03,
 0.8364000E+01, 0.7609066E+03, 0.1093582E+02, 0.0000000E+00, 0.1050000E+03, 0.6449708E+03, 0.1050000E+03,
 0.8366000E+01, 0.7611004E+03, 0.1093211E+02, 0.0000000E+00, 0.1050000E+03, 0.6451683E+03, 0.1050000E+03,
 0.8368000E+01, 0.7612940E+03, 0.1092839E+02, 0.0000000E+00, 0.1050000E+03, 0.6453657E+03, 0.1050000E+03,
 0.8370000E+01, 0.7614875E+03, 0.1092469E+02, 0.0000000E+00, 0.1050000E+03, 0.6455629E+03, 0.1050000E+03,
 0.8372000E+01, 0.7616809E+03, 0.1092099E+02, 0.0000000E+00, 0.1050000E+03, 0.6457599E+03, 0.1050000E+03,
 0.8374000E+01, 0.7618741E+03, 0.1091730E+02, 0.0000000E+00, 0.1050000E+03, 0.6459568E+03, 0.1050000E+03,
 0.8376000E+01, 0.7620671E+03, 0.1091361E+02, 0.0000000E+00, 0.1050000E+03, 0.6461535E+03, 0.1050000E+03,
 0.8378000E+01, 0.7622600E+03, 0.1090993E+02, 0.0000000E+00, 0.1050000E+03, 0.6463501E+03, 0.1050000E+03,
 0.8380000E+01, 0.7624528E+03, 0.1090626E+02, 0.0000000E+00, 0.1050000E+03, 0.6465464E+03, 0.1050000E+03,
 0.8382000E+01, 0.7626453E+03, 0.1090260E+02, 0.0000000E+00, 0.1050000E+03, 0.6467427E+03, 0.1050000E+03,
 0.8384000E+01, 0.7628377E+03, 0.1089894E+02, 0.0000000E+00, 0.1050000E+03, 0.6469388E+03, 0.1050000E+03,
 0.8386000E+01, 0.7630300E+03, 0.1089529E+02, 0.0000000E+00, 0.1050000E+03, 0.6471347E+03, 0.1050000E+03,
 0.8388000E+01, 0.7632221E+03, 0.1089164E+02, 0.0000000E+00, 0.1050000E+03, 0.6473304E+03, 0.1050000E+03,
 0.8390000E+01, 0.7634141E+03, 0.1088800E+02, 0.0000000E+00, 0.1050000E+03, 0.6475261E+03, 0.1050000E+03,
 0.8392000E+01, 0.7636058E+03, 0.1088437E+02, 0.0000000E+00, 0.1050000E+03, 0.6477215E+03, 0.1050000E+03,
 0.8394000E+01, 0.7637975E+03, 0.1088075E+02, 0.0000000E+00, 0.1050000E+03, 0.6479167E+03, 0.1050000E+03,
 0.8396000E+01, 0.7639890E+03, 0.1087713E+02, 0.0000000E+00, 0.1050000E+03, 0.6481119E+03, 0.1050000E+03,
 0.8398000E+01, 0.7641804E+03, 0.1087352E+02, 0.0000000E+00, 0.1050000E+03, 0.6483068E+03, 0.1050000E+03,
 0.8400000E+01, 0.7643715E+03, 0.1086991E+02, 0.0000000E+00, 0.1050000E+03, 0.6485016E+03, 0.1050000E+03,
 0.8402000E+01, 0.7645626E+03, 0.1086631E+02, 0.0000000E+00, 0.1050000E+03, 0.6486962E+03, 0.1050000E+03,
 0.8404000E+01, 0.7647534E+03, 0.1086272E+02, 0.0000000E+00, 0.1050000E+03, 0.6488907E+03, 0.1050000E+03,
 0.8406000E+01, 0.7649442E+03, 0.1085913E+02, 0.0000000E+00, 0.1050000E+03, 0.6490850E+03, 0.1050000E+03,
 0.8408000E+01, 0.7651347E+03, 0.1085556E+02, 0.0000000E+00, 0.1050000E+03, 0.6492792E+03, 0.1050000E+03,
 0.8410000E+01, 0.7653251E+03, 0.1085198E+02, 0.0000000E+00, 0.1050000E+03, 0.6494731E+03, 0.1050000E+03,
 0.8412000E+01, 0.7655154E+03, 0.1084842E+02, 0.0000000E+00, 0.1050000E+03, 0.6496669E+03, 0.1050000E+03,
 0.8414000E+01, 0.7657055E+03, 0.1084486E+02, 0.0000000E+00, 0.1050000E+03, 0.6498606E+03, 0.1050000E+03,
 0.8416000E+01, 0.7658954E+03, 0.1084130E+02, 0.0000000E+00, 0.1050000E+03, 0.6500541E+03, 0.1050000E+03,
 0.8418000E+01, 0.7660852E+03, 0.1083776E+02, 0.0000000E+00, 0.1050000E+03, 0.6502475E+03, 0.1050000E+03,
 0.8420000E+01, 0.7662749E+03, 0.1083421E+02, 0.0000000E+00, 0.1050000E+03, 0.6504407E+03, 0.1050000E+03,
 0.8422000E+01, 0.7664644E+03, 0.1083068E+02, 0.0000000E+00, 0.1050000E+03, 0.6506337E+03, 0.1050000E+03,
 0.8424000E+01, 0.7666537E+03, 0.1082715E+02, 0.0000000E+00, 0.1050000E+03, 0.6508265E+03, 0.1050000E+03,
 0.8426000E+01, 0.7668429E+03, 0.1082363E+02, 0.0000000E+00, 0.1050000E+03, 0.6510193E+03, 0.1050000E+03,
 0.8428000E+01, 0.7670319E+03, 0.1082011E+02, 0.0000000E+00, 0.1050000E+03, 0.6512118E+03, 0.1050000E+03,
 0.8430000E+01, 0.7672208E+03, 0.1081660E+02, 0.0000000E+00, 0.1050000E+03, 0.6514042E+03, 0.1050000E+03,
 0.8432000E+01, 0.7674095E+03, 0.1081310E+02, 0.0000000E+00, 0.1050000E+03, 0.6515964E+03, 0.1050000E+03,
 0.8434000E+01, 0.7675981E+03, 0.1080960E+02, 0.0000000E+00, 0.1050000E+03, 0.6517885E+03, 0.1050000E+03,
 0.8436000E+01, 0.7677865E+03, 0.1080611E+02, 0.0000000E+00, 0.1050000E+03, 0.6519804E+03, 0.1050000E+03,
 0.8438000E+01, 0.7679748E+03, 0.1080263E+02, 0.0000000E+00, 0.1050000E+03, 0.6521721E+03, 0.1050000E+03,
 0.8440000E+01, 0.7681629E+03, 0.1079915E+02, 0.0000000E+00, 0.1050000E+03, 0.6523637E+03, 0.1050000E+03,
 0.8442000E+01, 0.7683508E+03, 0.1079568E+02, 0.0000000E+00, 0.1050000E+03, 0.6525552E+03, 0.1050000E+03,
 0.8444000E+01, 0.7685386E+03, 0.1079221E+02, 0.0000000E+00, 0.1050000E+03, 0.6527465E+03, 0.1050000E+03,
 0.8446000E+01, 0.7687263E+03, 0.1078875E+02, 0.0000000E+00, 0.1050000E+03, 0.6529376E+03, 0.1050000E+03,
 0.8448000E+01, 0.7689138E+03, 0.1078530E+02, 0.0000000E+00, 0.1050000E+03, 0.6531285E+03, 0.1050000E+03,
 0.8450000E+01, 0.7691011E+03, 0.1078185E+02, 0.0000000E+00, 0.1050000E+03, 0.6533193E+03, 0.1050000E+03,
 0.8452000E+01, 0.7692883E+03, 0.1077841E+02, 0.0000000E+00, 0.1050000E+03, 0.6535099E+03, 0.1050000E+03,
 0.8454000E+01, 0.7694754E+03, 0.1077498E+02, 0.0000000E+00, 0.1050000E+03, 0.6537004E+03, 0.1050000E+03,
 0.8456000E+01, 0.7696623E+03, 0.1077155E+02, 0.0000000E+00, 0.1050000E+03, 0.6538907E+03, 0.1050000E+03,
 0.8458000E+01, 0.7698491E+03, 0.1076812E+02, 0.0000000E+00, 0.1050000E+03, 0.6540809E+03, 0.1050000E+03,
 0.8460000E+01, 0.7700356E+03, 0.1076471E+02, 0.0000000E+00, 0.1050000E+03, 0.6542709E+03, 0.1050000E+03,
 0.8462000E+01, 0.7702220E+03, 0.1076130E+02, 0.0000000E+00, 0.1050000E+03, 0.6544608E+03, 0.1050000E+03,
 0.8464000E+01, 0.7704083E+03, 0.1075789E+02, 0.0000000E+00, 0.1050000E+03, 0.6546505E+03, 0.1050000E+03,
 0.8466000E+01, 0.7705945E+03, 0.1075449E+02, 0.0000000E+00, 0.1050000E+03, 0.6548400E+03, 0.1050000E+03,
 0.8468000E+01, 0.7707805E+03, 0.1075110E+02, 0.0000000E+00, 0.1050000E+03, 0.6550294E+03, 0.1050000E+03,
 0.8470000E+01, 0.7709663E+03, 0.1074771E+02, 0.0000000E+00, 0.1050000E+03, 0.6552186E+03, 0.1050000E+03,
 0.8472000E+01, 0.7711520E+03, 0.1074433E+02, 0.0000000E+00, 0.1050000E+03, 0.6554077E+03, 0.1050000E+03,
 0.8474000E+01, 0.7713375E+03, 0.1074095E+02, 0.0000000E+00, 0.1050000E+03, 0.6555966E+03, 0.1050000E+03,
 0.8476000E+01, 0.7715229E+03, 0.1073759E+02, 0.0000000E+00, 0.1050000E+03, 0.6557853E+03, 0.1050000E+03,
 0.8478000E+01, 0.7717081E+03, 0.1073422E+02, 0.0000000E+00, 0.1050000E+03, 0.6559739E+03, 0.1050000E+03,
 0.8480000E+01, 0.7718931E+03, 0.1073086E+02, 0.0000000E+00, 0.1050000E+03, 0.6561623E+03, 0.1050000E+03,
 0.8482000E+01, 0.7720781E+03, 0.1072751E+02, 0.0000000E+00, 0.1050000E+03, 0.6563506E+03, 0.1050000E+03,
 0.8484000E+01, 0.7722628E+03, 0.1072417E+02, 0.0000000E+00, 0.1050000E+03, 0.6565387E+03, 0.1050000E+03,
 0.8486000E+01, 0.7724474E+03, 0.1072083E+02, 0.0000000E+00, 0.1050000E+03, 0.6567266E+03, 0.1050000E+03,
 0.8488000E+01, 0.7726319E+03, 0.1071749E+02, 0.0000000E+00, 0.1050000E+03, 0.6569144E+03, 0.1050000E+03,
 0.8490000E+01, 0.7728162E+03, 0.1071416E+02, 0.0000000E+00, 0.1050000E+03, 0.6571021E+03, 0.1050000E+03,
 0.8492000E+01, 0.7730004E+03, 0.1071084E+02, 0.0000000E+00, 0.1050000E+03, 0.6572896E+03, 0.1050000E+03,
 0.8494000E+01, 0.7731844E+03, 0.1070752E+02, 0.0000000E+00, 0.1050000E+03, 0.6574769E+03, 0.1050000E+03,
 0.8496000E+01, 0.7733683E+03, 0.1070421E+02, 0.0000000E+00, 0.1050000E+03, 0.6576641E+03, 0.1050000E+03,
 0.8498000E+01, 0.7735520E+03, 0.1070091E+02, 0.0000000E+00, 0.1050000E+03, 0.6578511E+03, 0.1050000E+03,
 0.8500000E+01, 0.7737355E+03, 0.1069761E+02, 0.0000000E+00, 0.1050000E+03, 0.6580380E+03, 0.1050000E+03,
 0.8502000E+01, 0.7739189E+03, 0.1069431E+02, 0.0000000E+00, 0.1050000E+03, 0.6582247E+03, 0.1050000E+03,
 0.8504000E+01, 0.7741022E+03, 0.1069103E+02, 0.0000000E+00, 0.1050000E+03, 0.6584112E+03, 0.1050000E+03,
 0.8506000E+01, 0.7742853E+03, 0.1068774E+02, 0.0000000E+00, 0.1050000E+03, 0.6585976E+03, 0.1050000E+03,
 0.8508000E+01, 0.7744683E+03, 0.1068447E+02, 0.0000000E+00, 0.1050000E+03, 0.6587838E+03, 0.1050000E+03,
 0.8510000E+01, 0.7746511E+03, 0.1068120E+02, 0.0000000E+00, 0.1050000E+03, 0.6589699E+03, 0.1050000E+03,
 0.8512000E+01, 0.7748337E+03, 0.1067793E+02, 0.0000000E+00, 0.1050000E+03, 0.6591558E+03, 0.1050000E+03,
 0.8514000E+01, 0.7750163E+03, 0.1067467E+02, 0.0000000E+00, 0.1050000E+03, 0.6593416E+03, 0.1050000E+03,
 0.8516000E+01, 0.7751986E+03, 0.1067142E+02, 0.0000000E+00, 0.1050000E+03, 0.6595272E+03, 0.1050000E+03,
 0.8518000E+01, 0.7753809E+03, 0.1066817E+02, 0.0000000E+00, 0.1050000E+03, 0.6597126E+03, 0.1050000E+03,
 0.8520000E+01, 0.7755629E+03, 0.1066493E+02, 0.0000000E+00, 0.1050000E+03, 0.6598979E+03, 0.1050000E+03,
 0.8522000E+01, 0.7757448E+03, 0.1066169E+02, 0.0000000E+00, 0.1050000E+03, 0.6600831E+03, 0.1050000E+03,
 0.8524000E+01, 0.7759266E+03, 0.1065846E+02, 0.0000000E+00, 0.1050000E+03, 0.6602681E+03, 0.1050000E+03,
 0.8526000E+01, 0.7761082E+03, 0.1065523E+02, 0.0000000E+00, 0.1050000E+03, 0.6604529E+03, 0.1050000E+03,
 0.8528000E+01, 0.7762896E+03, 0.1065201E+02, 0.0000000E+00, 0.1050000E+03, 0.6606376E+03, 0.1050000E+03,
 0.8530000E+01, 0.7764709E+03, 0.1064880E+02, 0.0000000E+00, 0.1050000E+03, 0.6608221E+03, 0.1050000E+03,
 0.8532000E+01, 0.7766521E+03, 0.1064559E+02, 0.0000000E+00, 0.1050000E+03, 0.6610065E+03, 0.1050000E+03,
 0.8534000E+01, 0.7768331E+03, 0.1064238E+02, 0.0000000E+00, 0.1050000E+03, 0.6611907E+03, 0.1050000E+03,
 0.8536000E+01, 0.7770140E+03, 0.1063918E+02, 0.0000000E+00, 0.1050000E+03, 0.6613748E+03, 0.1050000E+03,
 0.8538000E+01, 0.7771947E+03, 0.1063599E+02, 0.0000000E+00, 0.1050000E+03, 0.6615587E+03, 0.1050000E+03,
 0.8540000E+01, 0.7773752E+03, 0.1063280E+02, 0.0000000E+00, 0.1050000E+03, 0.6617424E+03, 0.1050000E+03,
 0.8542000E+01, 0.7775557E+03, 0.1062962E+02, 0.0000000E+00, 0.1050000E+03, 0.6619260E+03, 0.1050000E+03,
 0.8544000E+01, 0.7777359E+03, 0.1062644E+02, 0.0000000E+00, 0.1050000E+03, 0.6621095E+03, 0.1050000E+03,
 0.8546000E+01, 0.7779160E+03, 0.1062327E+02, 0.0000000E+00, 0.1050000E+03, 0.6622928E+03, 0.1050000E+03,
 0.8548000E+01, 0.7780960E+03, 0.1062011E+02, 0.0000000E+00, 0.1050000E+03, 0.6624759E+03, 0.1050000E+03,
 0.8550000E+01, 0.7782758E+03, 0.1061695E+02, 0.0000000E+00, 0.1050000E+03, 0.6626589E+03, 0.1050000E+03,
 0.8552000E+01, 0.7784555E+03, 0.1061379E+02, 0.0000000E+00, 0.1050000E+03, 0.6628417E+03, 0.1050000E+03,
 0.8554000E+01, 0.7786350E+03, 0.1061064E+02, 0.0000000E+00, 0.1050000E+03, 0.6630244E+03, 0.1050000E+03,
 0.8556000E+01, 0.7788144E+03, 0.1060750E+02, 0.0000000E+00, 0.1050000E+03, 0.6632069E+03, 0.1050000E+03,
 0.8558000E+01, 0.7789936E+03, 0.1060436E+02, 0.0000000E+00, 0.1050000E+03, 0.6633893E+03, 0.1050000E+03,
 0.8560000E+01, 0.7791727E+03, 0.1060123E+02, 0.0000000E+00, 0.1050000E+03, 0.6635715E+03, 0.1050000E+03,
 0.8562000E+01, 0.7793516E+03, 0.1059810E+02, 0.0000000E+00, 0.1050000E+03, 0.6637535E+03, 0.1050000E+03,
 0.8564000E+01, 0.7795304E+03, 0.1059498E+02, 0.0000000E+00, 0.1050000E+03, 0.6639354E+03, 0.1050000E+03,
 0.8566000E+01, 0.7797090E+03, 0.1059186E+02, 0.0000000E+00, 0.1050000E+03, 0.6641172E+03, 0.1050000E+03,
 0.8568000E+01, 0.7798875E+03, 0.1058875E+02, 0.0000000E+00, 0.1050000E+03, 0.6642988E+03, 0.1050000E+03,
 0.8570000E+01, 0.7800659E+03, 0.1058564E+02, 0.0000000E+00, 0.1050000E+03, 0.6644802E+03, 0.1050000E+03,
 0.8572000E+01, 0.7802440E+03, 0.1058254E+02, 0.0000000E+00, 0.1050000E+03, 0.6646615E+03, 0.1050000E+03,
 0.8574000E+01, 0.7804221E+03, 0.1057944E+02, 0.0000000E+00, 0.1050000E+03, 0.6648426E+03, 0.1050000E+03,
 0.8576000E+01, 0.7806000E+03, 0.1057635E+02, 0.0000000E+00, 0.1050000E+03, 0.6650236E+03, 0.1050000E+03,
 0.8578000E+01, 0.7807777E+03, 0.1057327E+02, 0.0000000E+00, 0.1050000E+03, 0.6652044E+03, 0.1050000E+03,
 0.8580000E+01, 0.7809553E+03, 0.1057019E+02, 0.0000000E+00, 0.1050000E+03, 0.6653851E+03, 0.1050000E+03,
 0.8582000E+01, 0.7811328E+03, 0.1056711E+02, 0.0000000E+00, 0.1050000E+03, 0.6655656E+03, 0.1050000E+03,
 0.8584000E+01, 0.7813101E+03, 0.1056404E+02, 0.0000000E+00, 0.1050000E+03, 0.6657460E+03, 0.1050000E+03,
 0.8586000E+01, 0.7814872E+03, 0.1056098E+02, 0.0000000E+00, 0.1050000E+03, 0.6659262E+03, 0.1050000E+03,
 0.8588000E+01, 0.7816642E+03, 0.1055792E+02, 0.0000000E+00, 0.1050000E+03, 0.6661063E+03, 0.1050000E+03,
 0.8590000E+01, 0.7818411E+03, 0.1055486E+02, 0.0000000E+00, 0.1050000E+03, 0.6662862E+03, 0.1050000E+03,
 0.8592000E+01, 0.7820178E+03, 0.1055181E+02, 0.0000000E+00, 0.1050000E+03, 0.6664659E+03, 0.1050000E+03,
 0.8594000E+01, 0.7821943E+03, 0.1054877E+02, 0.0000000E+00, 0.1050000E+03, 0.6666456E+03, 0.1050000E+03,
 0.8596000E+01, 0.7823707E+03, 0.1054573E+02, 0.0000000E+00, 0.1050000E+03, 0.6668250E+03, 0.1050000E+03,
 0.8598000E+01, 0.7825470E+03, 0.1054270E+02, 0.0000000E+00, 0.1050000E+03, 0.6670043E+03, 0.1050000E+03,
 0.8600000E+01, 0.7827231E+03, 0.1053967E+02, 0.0000000E+00, 0.1050000E+03, 0.6671835E+03, 0.1050000E+03,
 0.8602000E+01, 0.7828991E+03, 0.1053664E+02, 0.0000000E+00, 0.1050000E+03, 0.6673625E+03, 0.1050000E+03,
 0.8604000E+01, 0.7830750E+03, 0.1053362E+02, 0.0000000E+00, 0.1050000E+03, 0.6675413E+03, 0.1050000E+03,
 0.8606000E+01, 0.7832506E+03, 0.1053061E+02, 0.0000000E+00, 0.1050000E+03, 0.6677200E+03, 0.1050000E+03,
 0.8608000E+01, 0.7834261E+03, 0.1052760E+02, 0.0000000E+00, 0.1050000E+03, 0.6678986E+03, 0.1050000E+03,
 0.8610000E+01, 0.7836016E+03, 0.1052460E+02, 0.0000000E+00, 0.1050000E+03, 0.6680770E+03, 0.1050000E+03,
 0.8612000E+01, 0.7837768E+03, 0.1052160E+02, 0.0000000E+00, 0.1050000E+03, 0.6682552E+03, 0.1050000E+03,
 0.8614000E+01, 0.7839519E+03, 0.1051861E+02, 0.0000000E+00, 0.1050000E+03, 0.6684333E+03, 0.1050000E+03,
 0.8616000E+01, 0.7841268E+03, 0.1051562E+02, 0.0000000E+00, 0.1050000E+03, 0.6686112E+03, 0.1050000E+03,
 0.8618000E+01, 0.7843016E+03, 0.1051264E+02, 0.0000000E+00, 0.1050000E+03, 0.6687890E+03, 0.1050000E+03,
 0.8620000E+01, 0.7844763E+03, 0.1050966E+02, 0.0000000E+00, 0.1050000E+03, 0.6689666E+03, 0.1050000E+03,
 0.8622000E+01, 0.7846508E+03, 0.1050669E+02, 0.0000000E+00, 0.1050000E+03, 0.6691441E+03, 0.1050000E+03,
 0.8624000E+01, 0.7848251E+03, 0.1050372E+02, 0.0000000E+00, 0.1050000E+03, 0.6693214E+03, 0.1050000E+03,
 0.8626000E+01, 0.7849994E+03, 0.1050075E+02, 0.0000000E+00, 0.1050000E+03, 0.6694986E+03, 0.1050000E+03,
 0.8628000E+01, 0.7851735E+03, 0.1049780E+02, 0.0000000E+00, 0.1050000E+03, 0.6696757E+03, 0.1050000E+03,
 0.8630000E+01, 0.7853474E+03, 0.1049484E+02, 0.0000000E+00, 0.1050000E+03, 0.6698525E+03, 0.1050000E+03,
 0.8632000E+01, 0.7855212E+03, 0.1049190E+02, 0.0000000E+00, 0.1050000E+03, 0.6700292E+03, 0.1050000E+03,
 0.8634000E+01, 0.7856948E+03, 0.1048895E+02, 0.0000000E+00, 0.1050000E+03, 0.6702058E+03, 0.1050000E+03,
 0.8636000E+01, 0.7858683E+03, 0.1048601E+02, 0.0000000E+00, 0.1050000E+03, 0.6703823E+03, 0.1050000E+03,
 0.8638000E+01, 0.7860416E+03, 0.1048308E+02, 0.0000000E+00, 0.1050000E+03, 0.6705585E+03, 0.1050000E+03,
 0.8640000E+01, 0.7862148E+03, 0.1048015E+02, 0.0000000E+00, 0.1050000E+03, 0.6707347E+03, 0.1050000E+03,
 0.8642000E+01, 0.7863879E+03, 0.1047723E+02, 0.0000000E+00, 0.1050000E+03, 0.6709106E+03, 0.1050000E+03,
 0.8644000E+01, 0.7865608E+03, 0.1047431E+02, 0.0000000E+00, 0.1050000E+03, 0.6710865E+03, 0.1050000E+03,
 0.8646000E+01, 0.7867335E+03, 0.1047140E+02, 0.0000000E+00, 0.1050000E+03, 0.6712621E+03, 0.1050000E+03,
 0.8648000E+01, 0.7869062E+03, 0.1046849E+02, 0.0000000E+00, 0.1050000E+03, 0.6714377E+03, 0.1050000E+03,
 0.8650000E+01, 0.7870786E+03, 0.1046558E+02, 0.0000000E+00, 0.1050000E+03, 0.6716130E+03, 0.1050000E+03,
 0.8652000E+01, 0.7872510E+03, 0.1046268E+02, 0.0000000E+00, 0.1050000E+03, 0.6717883E+03, 0.1050000E+03,
 0.8654000E+01, 0.7874232E+03, 0.1045979E+02, 0.0000000E+00, 0.1050000E+03, 0.6719634E+03, 0.1050000E+03,
 0.8656000E+01, 0.7875952E+03, 0.1045690E+02, 0.0000000E+00, 0.1050000E+03, 0.6721383E+03, 0.1050000E+03,
 0.8658000E+01, 0.7877671E+03, 0.1045402E+02, 0.0000000E+00, 0.1050000E+03, 0.6723130E+03, 0.1050000E+03,
 0.8660000E+01, 0.7879388E+03, 0.1045114E+02, 0.0000000E+00, 0.1050000E+03, 0.6724877E+03, 0.1050000E+03,
 0.8662000E+01, 0.7881104E+03, 0.1044826E+02, 0.0000000E+00, 0.1050000E+03, 0.6726622E+03, 0.1050000E+03,
 0.8664000E+01, 0.7882819E+03, 0.1044539E+02, 0.0000000E+00, 0.1050000E+03, 0.6728365E+03, 0.1050000E+03,
 0.8666000E+01, 0.7884532E+03, 0.1044253E+02, 0.0000000E+00, 0.1050000E+03, 0.6730107E+03, 0.1050000E+03,
 0.8668000E+01, 0.7886244E+03, 0.1043967E+02, 0.0000000E+00, 0.1050000E+03, 0.6731847E+03, 0.1050000E+03,
 0.8670000E+01, 0.7887954E+03, 0.1043681E+02, 0.0000000E+00, 0.1050000E+03, 0.6733586E+03, 0.1050000E+03,
 0.8672000E+01, 0.7889663E+03, 0.1043396E+02, 0.0000000E+00, 0.1050000E+03, 0.6735323E+03, 0.1050000E+03,
 0.8674000E+01, 0.7891370E+03, 0.1043111E+02, 0.0000000E+00, 0.1050000E+03, 0.6737059E+03, 0.1050000E+03,
 0.8676000E+01, 0.7893076E+03, 0.1042827E+02, 0.0000000E+00, 0.1050000E+03, 0.6738793E+03, 0.1050000E+03,
 0.8678000E+01, 0.7894781E+03, 0.1042544E+02, 0.0000000E+00, 0.1050000E+03, 0.6740526E+03, 0.1050000E+03,
 0.8680000E+01, 0.7896484E+03, 0.1042260E+02, 0.0000000E+00, 0.1050000E+03, 0.6742258E+03, 0.1050000E+03,
 0.8682000E+01, 0.7898185E+03, 0.1041978E+02, 0.0000000E+00, 0.1050000E+03, 0.6743987E+03, 0.1050000E+03,
 0.8684000E+01, 0.7899885E+03, 0.1041695E+02, 0.0000000E+00, 0.1050000E+03, 0.6745716E+03, 0.1050000E+03,
 0.8686000E+01, 0.7901584E+03, 0.1041413E+02, 0.0000000E+00, 0.1050000E+03, 0.6747443E+03, 0.1050000E+03,
 0.8688000E+01, 0.7903282E+03, 0.1041132E+02, 0.0000000E+00, 0.1050000E+03, 0.6749168E+03, 0.1050000E+03,
 0.8690000E+01, 0.7904977E+03, 0.1040851E+02, 0.0000000E+00, 0.1050000E+03, 0.6750892E+03, 0.1050000E+03,
 0.8692000E+01, 0.7906672E+03, 0.1040571E+02, 0.0000000E+00, 0.1050000E+03, 0.6752615E+03, 0.1050000E+03,
 0.8694000E+01, 0.7908365E+03, 0.1040291E+02, 0.0000000E+00, 0.1050000E+03, 0.6754336E+03, 0.1050000E+03,
 0.8696000E+01, 0.7910057E+03, 0.1040012E+02, 0.0000000E+00, 0.1050000E+03, 0.6756055E+03, 0.1050000E+03,
 0.8698000E+01, 0.7911747E+03, 0.1039733E+02, 0.0000000E+00, 0.1050000E+03, 0.6757773E+03, 0.1050000E+03,
 0.8700000E+01, 0.7913435E+03, 0.1039454E+02, 0.0000000E+00, 0.1050000E+03, 0.6759490E+03, 0.1050000E+03,
 0.8702000E+01, 0.7915123E+03, 0.1039176E+02, 0.0000000E+00, 0.1050000E+03, 0.6761205E+03, 0.1050000E+03,
 0.8704000E+01, 0.7916808E+03, 0.1038898E+02, 0.0000000E+00, 0.1050000E+03, 0.6762919E+03, 0.1050000E+03,
 0.8706000E+01, 0.7918493E+03, 0.1038621E+02, 0.0000000E+00, 0.1050000E+03, 0.6764631E+03, 0.1050000E+03,
 0.8708000E+01, 0.7920176E+03, 0.1038344E+02, 0.0000000E+00, 0.1050000E+03, 0.6766342E+03, 0.1050000E+03,
 0.8710000E+01, 0.7921857E+03, 0.1038068E+02, 0.0000000E+00, 0.1050000E+03, 0.6768051E+03, 0.1050000E+03,
 0.8712000E+01, 0.7923538E+03, 0.1037792E+02, 0.0000000E+00, 0.1050000E+03, 0.6769758E+03, 0.1050000E+03,
 0.8714000E+01, 0.7925216E+03, 0.1037517E+02, 0.0000000E+00, 0.1050000E+03, 0.6771465E+03, 0.1050000E+03,
 0.8716000E+01, 0.7926893E+03, 0.1037242E+02, 0.0000000E+00, 0.1050000E+03, 0.6773170E+03, 0.1050000E+03,
 0.8718000E+01, 0.7928569E+03, 0.1036968E+02, 0.0000000E+00, 0.1050000E+03, 0.6774872E+03, 0.1050000E+03,
 0.8720000E+01, 0.7930244E+03, 0.1036694E+02, 0.0000000E+00, 0.1050000E+03, 0.6776575E+03, 0.1050000E+03,
 0.8722000E+01, 0.7931917E+03, 0.1036421E+02, 0.0000000E+00, 0.1050000E+03, 0.6778275E+03, 0.1050000E+03,
 0.8724000E+01, 0.7933588E+03, 0.1036147E+02, 0.0000000E+00, 0.1050000E+03, 0.6779974E+03, 0.1050000E+03,
 0.8726000E+01, 0.7935259E+03, 0.1035875E+02, 0.0000000E+00, 0.1050000E+03, 0.6781671E+03, 0.1050000E+03,
 0.8728000E+01, 0.7936927E+03, 0.1035603E+02, 0.0000000E+00, 0.1050000E+03, 0.6783367E+03, 0.1050000E+03,
 0.8730000E+01, 0.7938595E+03, 0.1035331E+02, 0.0000000E+00, 0.1050000E+03, 0.6785062E+03, 0.1050000E+03,
 0.8732000E+01, 0.7940261E+03, 0.1035060E+02, 0.0000000E+00, 0.1050000E+03, 0.6786755E+03, 0.1050000E+03,
 0.8734000E+01, 0.7941925E+03, 0.1034789E+02, 0.0000000E+00, 0.1050000E+03, 0.6788446E+03, 0.1050000E+03,
 0.8736000E+01, 0.7943588E+03, 0.1034519E+02, 0.0000000E+00, 0.1050000E+03, 0.6790136E+03, 0.1050000E+03,
 0.8738000E+01, 0.7945250E+03, 0.1034249E+02, 0.0000000E+00, 0.1050000E+03, 0.6791825E+03, 0.1050000E+03,
 0.8740000E+01, 0.7946910E+03, 0.1033980E+02, 0.0000000E+00, 0.1050000E+03, 0.6793512E+03, 0.1050000E+03,
 0.8742000E+01, 0.7948569E+03, 0.1033710E+02, 0.0000000E+00, 0.1050000E+03, 0.6795198E+03, 0.1050000E+03,
 0.8744000E+01, 0.7950226E+03, 0.1033442E+02, 0.0000000E+00, 0.1050000E+03, 0.6796882E+03, 0.1050000E+03,
 0.8746000E+01, 0.7951882E+03, 0.1033174E+02, 0.0000000E+00, 0.1050000E+03, 0.6798565E+03, 0.1050000E+03,
 0.8748000E+01, 0.7953537E+03, 0.1032906E+02, 0.0000000E+00, 0.1050000E+03, 0.6800247E+03, 0.1050000E+03,
 0.8750000E+01, 0.7955190E+03, 0.1032639E+02, 0.0000000E+00, 0.1050000E+03, 0.6801926E+03, 0.1050000E+03,
 0.8752000E+01, 0.7956842E+03, 0.1032372E+02, 0.0000000E+00, 0.1050000E+03, 0.6803605E+03, 0.1050000E+03,
 0.8754000E+01, 0.7958492E+03, 0.1032106E+02, 0.0000000E+00, 0.1050000E+03, 0.6805282E+03, 0.1050000E+03,
 0.8756000E+01, 0.7960142E+03, 0.1031840E+02, 0.0000000E+00, 0.1050000E+03, 0.6806957E+03, 0.1050000E+03,
 0.8758000E+01, 0.7961789E+03, 0.1031575E+02, 0.0000000E+00, 0.1050000E+03, 0.6808632E+03, 0.1050000E+03,
 0.8760000E+01, 0.7963435E+03, 0.1031310E+02, 0.0000000E+00, 0.1050000E+03, 0.6810304E+03, 0.1050000E+03,
 0.8762000E+01, 0.7965080E+03, 0.1031045E+02, 0.0000000E+00, 0.1050000E+03, 0.6811975E+03, 0.1050000E+03,
 0.8764000E+01, 0.7966723E+03, 0.1030781E+02, 0.0000000E+00, 0.1050000E+03, 0.6813645E+03, 0.1050000E+03,
 0.8766000E+01, 0.7968365E+03, 0.1030517E+02, 0.0000000E+00, 0.1050000E+03, 0.6815313E+03, 0.1050000E+03,
 0.8768000E+01, 0.7970005E+03, 0.1030254E+02, 0.0000000E+00, 0.1050000E+03, 0.6816980E+03, 0.1050000E+03,
 0.8770000E+01, 0.7971645E+03, 0.1029991E+02, 0.0000000E+00, 0.1050000E+03, 0.6818646E+03, 0.1050000E+03,
 0.8772000E+01, 0.7973282E+03, 0.1029729E+02, 0.0000000E+00, 0.1050000E+03, 0.6820309E+03, 0.1050000E+03,
 0.8774000E+01, 0.7974919E+03, 0.1029467E+02, 0.0000000E+00, 0.1050000E+03, 0.6821972E+03, 0.1050000E+03,
 0.8776000E+01, 0.7976553E+03, 0.1029205E+02, 0.0000000E+00, 0.1050000E+03, 0.6823633E+03, 0.1050000E+03,
 0.8778000E+01, 0.7978187E+03, 0.1028944E+02, 0.0000000E+00, 0.1050000E+03, 0.6825292E+03, 0.1050000E+03,
 0.8780000E+01, 0.7979819E+03, 0.1028683E+02, 0.0000000E+00, 0.1050000E+03, 0.6826951E+03, 0.1050000E+03,
 0.8782000E+01, 0.7981450E+03, 0.1028423E+02, 0.0000000E+00, 0.1050000E+03, 0.6828608E+03, 0.1050000E+03,
 0.8784000E+01, 0.7983079E+03, 0.1028163E+02, 0.0000000E+00, 0.1050000E+03, 0.6830263E+03, 0.1050000E+03,
 0.8786000E+01, 0.7984707E+03, 0.1027904E+02, 0.0000000E+00, 0.1050000E+03, 0.6831917E+03, 0.1050000E+03,
 0.8788000E+01, 0.7986334E+03, 0.1027645E+02, 0.0000000E+00, 0.1050000E+03, 0.6833569E+03, 0.1050000E+03,
 0.8790000E+01, 0.7987958E+03, 0.1027387E+02, 0.0000000E+00, 0.1050000E+03, 0.6835220E+03, 0.1050000E+03,
 0.8792000E+01, 0.7989583E+03, 0.1027128E+02, 0.0000000E+00, 0.1050000E+03, 0.6836870E+03, 0.1050000E+03,
 0.8794000E+01, 0.7991205E+03, 0.1026871E+02, 0.0000000E+00, 0.1050000E+03, 0.6838517E+03, 0.1050000E+03,
 0.8796000E+01, 0.7992826E+03, 0.1026614E+02, 0.0000000E+00, 0.1050000E+03, 0.6840164E+03, 0.1050000E+03,
 0.8798000E+01, 0.7994445E+03, 0.1026357E+02, 0.0000000E+00, 0.1050000E+03, 0.6841810E+03, 0.1050000E+03,
 0.8800000E+01, 0.7996063E+03, 0.1026100E+02, 0.0000000E+00, 0.1050000E+03, 0.6843453E+03, 0.1050000E+03,
 0.8802000E+01, 0.7997680E+03, 0.1025844E+02, 0.0000000E+00, 0.1050000E+03, 0.6845096E+03, 0.1050000E+03,
 0.8804000E+01, 0.7999296E+03, 0.1025589E+02, 0.0000000E+00, 0.1050000E+03, 0.6846736E+03, 0.1050000E+03,
 0.8806000E+01, 0.8000909E+03, 0.1025334E+02, 0.0000000E+00, 0.1050000E+03, 0.6848376E+03, 0.1050000E+03,
 0.8808000E+01, 0.8002522E+03, 0.1025079E+02, 0.0000000E+00, 0.1050000E+03, 0.6850014E+03, 0.1050000E+03,
 0.8810000E+01, 0.8004133E+03, 0.1024825E+02, 0.0000000E+00, 0.1050000E+03, 0.6851651E+03, 0.1050000E+03,
 0.8812000E+01, 0.8005743E+03, 0.1024571E+02, 0.0000000E+00, 0.1050000E+03, 0.6853286E+03, 0.1050000E+03,
 0.8814000E+01, 0.8007352E+03, 0.1024317E+02, 0.0000000E+00, 0.1050000E+03, 0.6854919E+03, 0.1050000E+03,
 0.8816000E+01, 0.8008959E+03, 0.1024064E+02, 0.0000000E+00, 0.1050000E+03, 0.6856552E+03, 0.1050000E+03,
 0.8818000E+01, 0.8010564E+03, 0.1023812E+02, 0.0000000E+00, 0.1050000E+03, 0.6858183E+03, 0.1050000E+03,
 0.8820000E+01, 0.8012169E+03, 0.1023559E+02, 0.0000000E+00, 0.1050000E+03, 0.6859813E+03, 0.1050000E+03,
 0.8822000E+01, 0.8013771E+03, 0.1023308E+02, 0.0000000E+00, 0.1050000E+03, 0.6861440E+03, 0.1050000E+03,
 0.8824000E+01, 0.8015373E+03, 0.1023056E+02, 0.0000000E+00, 0.1050000E+03, 0.6863067E+03, 0.1050000E+03,
 0.8826000E+01, 0.8016973E+03, 0.1022805E+02, 0.0000000E+00, 0.1050000E+03, 0.6864692E+03, 0.1050000E+03,
 0.8828000E+01, 0.8018572E+03, 0.1022555E+02, 0.0000000E+00, 0.1050000E+03, 0.6866317E+03, 0.1050000E+03,
 0.8830000E+01, 0.8020169E+03, 0.1022305E+02, 0.0000000E+00, 0.1050000E+03, 0.6867939E+03, 0.1050000E+03,
 0.8832000E+01, 0.8021765E+03, 0.1022055E+02, 0.0000000E+00, 0.1050000E+03, 0.6869559E+03, 0.1050000E+03,
 0.8834000E+01, 0.8023359E+03, 0.1021806E+02, 0.0000000E+00, 0.1050000E+03, 0.6871179E+03, 0.1050000E+03,
 0.8836000E+01, 0.8024953E+03, 0.1021557E+02, 0.0000000E+00, 0.1050000E+03, 0.6872797E+03, 0.1050000E+03,
 0.8838000E+01, 0.8026545E+03, 0.1021308E+02, 0.0000000E+00, 0.1050000E+03, 0.6874414E+03, 0.1050000E+03,
 0.8840000E+01, 0.8028135E+03, 0.1021060E+02, 0.0000000E+00, 0.1050000E+03, 0.6876029E+03, 0.1050000E+03,
 0.8842000E+01, 0.8029724E+03, 0.1020813E+02, 0.0000000E+00, 0.1050000E+03, 0.6877643E+03, 0.1050000E+03,
 0.8844000E+01, 0.8031312E+03, 0.1020565E+02, 0.0000000E+00, 0.1050000E+03, 0.6879255E+03, 0.1050000E+03,
 0.8846000E+01, 0.8032899E+03, 0.1020319E+02, 0.0000000E+00, 0.1050000E+03, 0.6880867E+03, 0.1050000E+03,
 0.8848000E+01, 0.8034484E+03, 0.1020072E+02, 0.0000000E+00, 0.1050000E+03, 0.6882476E+03, 0.1050000E+03,
 0.8850000E+01, 0.8036067E+03, 0.1019826E+02, 0.0000000E+00, 0.1050000E+03, 0.6884084E+03, 0.1050000E+03,
 0.8852000E+01, 0.8037650E+03, 0.1019580E+02, 0.0000000E+00, 0.1050000E+03, 0.6885691E+03, 0.1050000E+03,
 0.8854000E+01, 0.8039230E+03, 0.1019335E+02, 0.0000000E+00, 0.1050000E+03, 0.6887297E+03, 0.1050000E+03,
 0.8856000E+01, 0.8040809E+03, 0.1019090E+02, 0.0000000E+00, 0.1050000E+03, 0.6888901E+03, 0.1050000E+03,
 0.8858000E+01, 0.8042388E+03, 0.1018846E+02, 0.0000000E+00, 0.1050000E+03, 0.6890503E+03, 0.1050000E+03,
 0.8860000E+01, 0.8043964E+03, 0.1018602E+02, 0.0000000E+00, 0.1050000E+03, 0.6892104E+03, 0.1050000E+03,
 0.8862000E+01, 0.8045540E+03, 0.1018358E+02, 0.0000000E+00, 0.1050000E+03, 0.6893704E+03, 0.1050000E+03,
 0.8864000E+01, 0.8047114E+03, 0.1018115E+02, 0.0000000E+00, 0.1050000E+03, 0.6895302E+03, 0.1050000E+03,
 0.8866000E+01, 0.8048687E+03, 0.1017872E+02, 0.0000000E+00, 0.1050000E+03, 0.6896899E+03, 0.1050000E+03,
 0.8868000E+01, 0.8050258E+03, 0.1017630E+02, 0.0000000E+00, 0.1050000E+03, 0.6898495E+03, 0.1050000E+03,
 0.8870000E+01, 0.8051828E+03, 0.1017388E+02, 0.0000000E+00, 0.1050000E+03, 0.6900089E+03, 0.1050000E+03,
 0.8872000E+01, 0.8053397E+03, 0.1017146E+02, 0.0000000E+00, 0.1050000E+03, 0.6901682E+03, 0.1050000E+03,
 0.8874000E+01, 0.8054963E+03, 0.1016905E+02, 0.0000000E+00, 0.1050000E+03, 0.6903273E+03, 0.1050000E+03,
 0.8876000E+01, 0.8056530E+03, 0.1016664E+02, 0.0000000E+00, 0.1050000E+03, 0.6904863E+03, 0.1050000E+03,
 0.8878000E+01, 0.8058094E+03, 0.1016424E+02, 0.0000000E+00, 0.1050000E+03, 0.6906451E+03, 0.1050000E+03,
 0.8880000E+01, 0.8059657E+03, 0.1016184E+02, 0.0000000E+00, 0.1050000E+03, 0.6908039E+03, 0.1050000E+03,
 0.8882000E+01, 0.8061219E+03, 0.1015944E+02, 0.0000000E+00, 0.1050000E+03, 0.6909625E+03, 0.1050000E+03,
 0.8884000E+01, 0.8062780E+03, 0.1015705E+02, 0.0000000E+00, 0.1050000E+03, 0.6911208E+03, 0.1050000E+03,
 0.8886000E+01, 0.8064338E+03, 0.1015466E+02, 0.0000000E+00, 0.1050000E+03, 0.6912792E+03, 0.1050000E+03,
 0.8888000E+01, 0.8065896E+03, 0.1015228E+02, 0.0000000E+00, 0.1050000E+03, 0.6914373E+03, 0.1050000E+03,
 0.8890000E+01, 0.8067452E+03, 0.1014989E+02, 0.0000000E+00, 0.1050000E+03, 0.6915953E+03, 0.1050000E+03,
 0.8892000E+01, 0.8069008E+03, 0.1014752E+02, 0.0000000E+00, 0.1050000E+03, 0.6917532E+03, 0.1050000E+03,
 0.8894000E+01, 0.8070561E+03, 0.1014515E+02, 0.0000000E+00, 0.1050000E+03, 0.6919109E+03, 0.1050000E+03,
 0.8896000E+01, 0.8072113E+03, 0.1014278E+02, 0.0000000E+00, 0.1050000E+03, 0.6920685E+03, 0.1050000E+03,
 0.8898000E+01, 0.8073664E+03, 0.1014041E+02, 0.0000000E+00, 0.1050000E+03, 0.6922260E+03, 0.1050000E+03,
 0.8900000E+01, 0.8075214E+03, 0.1013805E+02, 0.0000000E+00, 0.1050000E+03, 0.6923833E+03, 0.1050000E+03,
 0.8902000E+01, 0.8076762E+03, 0.1013569E+02, 0.0000000E+00, 0.1050000E+03, 0.6925405E+03, 0.1050000E+03,
 0.8904000E+01, 0.8078309E+03, 0.1013334E+02, 0.0000000E+00, 0.1050000E+03, 0.6926976E+03, 0.1050000E+03,
 0.8906000E+01, 0.8079854E+03, 0.1013099E+02, 0.0000000E+00, 0.1050000E+03, 0.6928544E+03, 0.1050000E+03,
 0.8908000E+01, 0.8081398E+03, 0.1012865E+02, 0.0000000E+00, 0.1050000E+03, 0.6930112E+03, 0.1050000E+03,
 0.8910000E+01, 0.8082941E+03, 0.1012630E+02, 0.0000000E+00, 0.1050000E+03, 0.6931678E+03, 0.1050000E+03,
 0.8912000E+01, 0.8084483E+03, 0.1012397E+02, 0.0000000E+00, 0.1050000E+03, 0.6933243E+03, 0.1050000E+03,
 0.8914000E+01, 0.8086023E+03, 0.1012163E+02, 0.0000000E+00, 0.1050000E+03, 0.6934807E+03, 0.1050000E+03,
 0.8916000E+01, 0.8087562E+03, 0.1011930E+02, 0.0000000E+00, 0.1050000E+03, 0.6936369E+03, 0.1050000E+03,
 0.8918000E+01, 0.8089099E+03, 0.1011698E+02, 0.0000000E+00, 0.1050000E+03, 0.6937930E+03, 0.1050000E+03,
 0.8920000E+01, 0.8090635E+03, 0.1011465E+02, 0.0000000E+00, 0.1050000E+03, 0.6939489E+03, 0.1050000E+03,
 0.8922000E+01, 0.8092170E+03, 0.1011234E+02, 0.0000000E+00, 0.1050000E+03, 0.6941047E+03, 0.1050000E+03,
 0.8924000E+01, 0.8093704E+03, 0.1011002E+02, 0.0000000E+00, 0.1050000E+03, 0.6942603E+03, 0.1050000E+03,
 0.8926000E+01, 0.8095236E+03, 0.1010771E+02, 0.0000000E+00, 0.1050000E+03, 0.6944158E+03, 0.1050000E+03,
 0.8928000E+01, 0.8096766E+03, 0.1010540E+02, 0.0000000E+00, 0.1050000E+03, 0.6945712E+03, 0.1050000E+03,
 0.8930000E+01, 0.8098296E+03, 0.1010310E+02, 0.0000000E+00, 0.1050000E+03, 0.6947265E+03, 0.1050000E+03,
 0.8932000E+01, 0.8099824E+03, 0.1010080E+02, 0.0000000E+00, 0.1050000E+03, 0.6948816E+03, 0.1050000E+03,
 0.8934000E+01, 0.8101351E+03, 0.1009851E+02, 0.0000000E+00, 0.1050000E+03, 0.6950366E+03, 0.1050000E+03,
 0.8936000E+01, 0.8102876E+03, 0.1009621E+02, 0.0000000E+00, 0.1050000E+03, 0.6951914E+03, 0.1050000E+03,
 0.8938000E+01, 0.8104400E+03, 0.1009392E+02, 0.0000000E+00, 0.1050000E+03, 0.6953461E+03, 0.1050000E+03,
 0.8940000E+01, 0.8105923E+03, 0.1009164E+02, 0.0000000E+00, 0.1050000E+03, 0.6955006E+03, 0.1050000E+03,
 0.8942000E+01, 0.8107444E+03, 0.1008936E+02, 0.0000000E+00, 0.1050000E+03, 0.6956550E+03, 0.1050000E+03,
 0.8944000E+01, 0.8108964E+03, 0.1008708E+02, 0.0000000E+00, 0.1050000E+03, 0.6958093E+03, 0.1050000E+03,
 0.8946000E+01, 0.8110483E+03, 0.1008481E+02, 0.0000000E+00, 0.1050000E+03, 0.6959635E+03, 0.1050000E+03,
 0.8948000E+01, 0.8112000E+03, 0.1008254E+02, 0.0000000E+00, 0.1050000E+03, 0.6961175E+03, 0.1050000E+03,
 0.8950000E+01, 0.8113516E+03, 0.1008028E+02, 0.0000000E+00, 0.1050000E+03, 0.6962714E+03, 0.1050000E+03,
 0.8952000E+01, 0.8115031E+03, 0.1007801E+02, 0.0000000E+00, 0.1050000E+03, 0.6964251E+03, 0.1050000E+03,
 0.8954000E+01, 0.8116544E+03, 0.1007576E+02, 0.0000000E+00, 0.1050000E+03, 0.6965787E+03, 0.1050000E+03,
 0.8956000E+01, 0.8118057E+03, 0.1007350E+02, 0.0000000E+00, 0.1050000E+03, 0.6967321E+03, 0.1050000E+03,
 0.8958000E+01, 0.8119567E+03, 0.1007125E+02, 0.0000000E+00, 0.1050000E+03, 0.6968855E+03, 0.1050000E+03,
 0.8960000E+01, 0.8121077E+03, 0.1006900E+02, 0.0000000E+00, 0.1050000E+03, 0.6970386E+03, 0.1050000E+03,
 0.8962000E+01, 0.8122585E+03, 0.1006676E+02, 0.0000000E+00, 0.1050000E+03, 0.6971917E+03, 0.1050000E+03,
 0.8964000E+01, 0.8124091E+03, 0.1006452E+02, 0.0000000E+00, 0.1050000E+03, 0.6973446E+03, 0.1050000E+03,
 0.8966000E+01, 0.8125597E+03, 0.1006229E+02, 0.0000000E+00, 0.1050000E+03, 0.6974974E+03, 0.1050000E+03,
 0.8968000E+01, 0.8127101E+03, 0.1006005E+02, 0.0000000E+00, 0.1050000E+03, 0.6976500E+03, 0.1050000E+03,
 0.8970000E+01, 0.8128604E+03, 0.1005783E+02, 0.0000000E+00, 0.1050000E+03, 0.6978026E+03, 0.1050000E+03,
 0.8972000E+01, 0.8130105E+03, 0.1005560E+02, 0.0000000E+00, 0.1050000E+03, 0.6979549E+03, 0.1050000E+03,
 0.8974000E+01, 0.8131605E+03, 0.1005338E+02, 0.0000000E+00, 0.1050000E+03, 0.6981072E+03, 0.1050000E+03,
 0.8976000E+01, 0.8133104E+03, 0.1005116E+02, 0.0000000E+00, 0.1050000E+03, 0.6982593E+03, 0.1050000E+03,
 0.8978000E+01, 0.8134601E+03, 0.1004895E+02, 0.0000000E+00, 0.1050000E+03, 0.6984112E+03, 0.1050000E+03,
 0.8980000E+01, 0.8136098E+03, 0.1004674E+02, 0.0000000E+00, 0.1050000E+03, 0.6985630E+03, 0.1050000E+03,
 0.8982000E+01, 0.8137593E+03, 0.1004453E+02, 0.0000000E+00, 0.1050000E+03, 0.6987147E+03, 0.1050000E+03,
 0.8984000E+01, 0.8139086E+03, 0.1004233E+02, 0.0000000E+00, 0.1050000E+03, 0.6988663E+03, 0.1050000E+03,
 0.8986000E+01, 0.8140579E+03, 0.1004013E+02, 0.0000000E+00, 0.1050000E+03, 0.6990177E+03, 0.1050000E+03,
 0.8988000E+01, 0.8142070E+03, 0.1003794E+02, 0.0000000E+00, 0.1050000E+03, 0.6991690E+03, 0.1050000E+03,
 0.8990000E+01, 0.8143559E+03, 0.1003574E+02, 0.0000000E+00, 0.1050000E+03, 0.6993202E+03, 0.1050000E+03,
 0.8992000E+01, 0.8145048E+03, 0.1003356E+02, 0.0000000E+00, 0.1050000E+03, 0.6994712E+03, 0.1050000E+03,
 0.8994000E+01, 0.8146534E+03, 0.1003137E+02, 0.0000000E+00, 0.1050000E+03, 0.6996221E+03, 0.1050000E+03,
 0.8996000E+01, 0.8148020E+03, 0.1002919E+02, 0.0000000E+00, 0.1050000E+03, 0.6997728E+03, 0.1050000E+03,
 0.8998000E+01, 0.8149504E+03, 0.1002701E+02, 0.0000000E+00, 0.1050000E+03, 0.6999234E+03, 0.1050000E+03,
 0.9000000E+01, 0.8150988E+03, 0.1002484E+02, 0.0000000E+00, 0.1050000E+03, 0.7000739E+03, 0.1050000E+03,
 0.9002000E+01, 0.8152469E+03, 0.1002267E+02, 0.0000000E+00, 0.1050000E+03, 0.7002242E+03, 0.1050000E+03,
 0.9004000E+01, 0.8153950E+03, 0.1002050E+02, 0.0000000E+00, 0.1050000E+03, 0.7003745E+03, 0.1050000E+03,
 0.9006000E+01, 0.8155428E+03, 0.1001834E+02, 0.0000000E+00, 0.1050000E+03, 0.7005245E+03, 0.1050000E+03,
 0.9008000E+01, 0.8156907E+03, 0.1001618E+02, 0.0000000E+00, 0.1050000E+03, 0.7006744E+03, 0.1050000E+03,
 0.9010000E+01, 0.8158383E+03, 0.1001402E+02, 0.0000000E+00, 0.1050000E+03, 0.7008243E+03, 0.1050000E+03,
 0.9012000E+01, 0.8159858E+03, 0.1001187E+02, 0.0000000E+00, 0.1050000E+03, 0.7009739E+03, 0.1050000E+03,
 0.9014000E+01, 0.8161332E+03, 0.1000972E+02, 0.0000000E+00, 0.1050000E+03, 0.7011235E+03, 0.1050000E+03,
 0.9016000E+01, 0.8162805E+03, 0.1000758E+02, 0.0000000E+00, 0.1050000E+03, 0.7012729E+03, 0.1050000E+03,
 0.9018000E+01, 0.8164276E+03, 0.1000544E+02, 0.0000000E+00, 0.1050000E+03, 0.7014222E+03, 0.1050000E+03,
 0.9020000E+01, 0.8165746E+03, 0.1000330E+02, 0.0000000E+00, 0.1050000E+03, 0.7015713E+03, 0.1050000E+03,
 0.9022000E+01, 0.8167214E+03, 0.1000116E+02, 0.0000000E+00, 0.1050000E+03, 0.7017203E+03, 0.1050000E+03,
 0.9024000E+01, 0.8168682E+03, 0.9999034E+01, 0.0000000E+00, 0.1050000E+03, 0.7018691E+03, 0.1050000E+03,
 0.9026000E+01, 0.8170148E+03, 0.9996906E+01, 0.0000000E+00, 0.1050000E+03, 0.7020179E+03, 0.1050000E+03,
 0.9028000E+01, 0.8171613E+03, 0.9994782E+01, 0.0000000E+00, 0.1050000E+03, 0.7021665E+03, 0.1050000E+03,
 0.9030000E+01, 0.8173076E+03, 0.9992662E+01, 0.0000000E+00, 0.1050000E+03, 0.7023149E+03, 0.1050000E+03,
 0.9032000E+01, 0.8174539E+03, 0.9990545E+01, 0.0000000E+00, 0.1050000E+03, 0.7024633E+03, 0.1050000E+03,
 0.9034000E+01, 0.8175999E+03, 0.9988432E+01, 0.0000000E+00, 0.1050000E+03, 0.7026115E+03, 0.1050000E+03,
 0.9036000E+01, 0.8177459E+03, 0.9986322E+01, 0.0000000E+00, 0.1050000E+03, 0.7027596E+03, 0.1050000E+03,
 0.9038000E+01, 0.8178917E+03, 0.9984217E+01, 0.0000000E+00, 0.1050000E+03, 0.7029075E+03, 0.1050000E+03,
 0.9040000E+01, 0.8180374E+03, 0.9982114E+01, 0.0000000E+00, 0.1050000E+03, 0.7030553E+03, 0.1050000E+03,
 0.9042000E+01, 0.8181830E+03, 0.9980015E+01, 0.0000000E+00, 0.1050000E+03, 0.7032030E+03, 0.1050000E+03,
 0.9044000E+01, 0.8183284E+03, 0.9977919E+01, 0.0000000E+00, 0.1050000E+03, 0.7033505E+03, 0.1050000E+03,
 0.9046000E+01, 0.8184738E+03, 0.9975826E+01, 0.0000000E+00, 0.1050000E+03, 0.7034979E+03, 0.1050000E+03,
 0.9048000E+01, 0.8186190E+03, 0.9973738E+01, 0.0000000E+00, 0.1050000E+03, 0.7036452E+03, 0.1050000E+03,
 0.9050000E+01, 0.8187640E+03, 0.9971653E+01, 0.0000000E+00, 0.1050000E+03, 0.7037924E+03, 0.1050000E+03,
 0.9052000E+01, 0.8189089E+03, 0.9969571E+01, 0.0000000E+00, 0.1050000E+03, 0.7039393E+03, 0.1050000E+03,
 0.9054000E+01, 0.8190537E+03, 0.9967492E+01, 0.0000000E+00, 0.1050000E+03, 0.7040862E+03, 0.1050000E+03,
 0.9056000E+01, 0.8191984E+03, 0.9965418E+01, 0.0000000E+00, 0.1050000E+03, 0.7042330E+03, 0.1050000E+03,
 0.9058000E+01, 0.8193430E+03, 0.9963346E+01, 0.0000000E+00, 0.1050000E+03, 0.7043796E+03, 0.1050000E+03,
 0.9060000E+01, 0.8194874E+03, 0.9961278E+01, 0.0000000E+00, 0.1050000E+03, 0.7045261E+03, 0.1050000E+03,
 0.9062000E+01, 0.8196317E+03, 0.9959213E+01, 0.0000000E+00, 0.1050000E+03, 0.7046724E+03, 0.1050000E+03,
 0.9064000E+01, 0.8197758E+03, 0.9957152E+01, 0.0000000E+00, 0.1050000E+03, 0.7048186E+03, 0.1050000E+03,
 0.9066000E+01, 0.8199198E+03, 0.9955094E+01, 0.0000000E+00, 0.1050000E+03, 0.7049647E+03, 0.1050000E+03,
 0.9068000E+01, 0.8200637E+03, 0.9953040E+01, 0.0000000E+00, 0.1050000E+03, 0.7051107E+03, 0.1050000E+03,
 0.9070000E+01, 0.8202075E+03, 0.9950990E+01, 0.0000000E+00, 0.1050000E+03, 0.7052565E+03, 0.1050000E+03,
 0.9072000E+01, 0.8203511E+03, 0.9948942E+01, 0.0000000E+00, 0.1050000E+03, 0.7054022E+03, 0.1050000E+03,
 0.9074000E+01, 0.8204946E+03, 0.9946898E+01, 0.0000000E+00, 0.1050000E+03, 0.7055477E+03, 0.1050000E+03,
 0.9076000E+01, 0.8206380E+03, 0.9944858E+01, 0.0000000E+00, 0.1050000E+03, 0.7056932E+03, 0.1050000E+03,
 0.9078000E+01, 0.8207812E+03, 0.9942821E+01, 0.0000000E+00, 0.1050000E+03, 0.7058384E+03, 0.1050000E+03,
 0.9080000E+01, 0.8209244E+03, 0.9940786E+01, 0.0000000E+00, 0.1050000E+03, 0.7059836E+03, 0.1050000E+03,
 0.9082000E+01, 0.8210674E+03, 0.9938756E+01, 0.0000000E+00, 0.1050000E+03, 0.7061287E+03, 0.1050000E+03,
 0.9084000E+01, 0.8212103E+03, 0.9936729E+01, 0.0000000E+00, 0.1050000E+03, 0.7062736E+03, 0.1050000E+03,
 0.9086000E+01, 0.8213530E+03, 0.9934706E+01, 0.0000000E+00, 0.1050000E+03, 0.7064183E+03, 0.1050000E+03,
 0.9088000E+01, 0.8214957E+03, 0.9932685E+01, 0.0000000E+00, 0.1050000E+03, 0.7065630E+03, 0.1050000E+03,
 0.9090000E+01, 0.8216381E+03, 0.9930669E+01, 0.0000000E+00, 0.1050000E+03, 0.7067075E+03, 0.1050000E+03,
 0.9092000E+01, 0.8217805E+03, 0.9928655E+01, 0.0000000E+00, 0.1050000E+03, 0.7068519E+03, 0.1050000E+03,
 0.9094000E+01, 0.8219227E+03, 0.9926644E+01, 0.0000000E+00, 0.1050000E+03, 0.7069961E+03, 0.1050000E+03,
 0.9096000E+01, 0.8220649E+03, 0.9924638E+01, 0.0000000E+00, 0.1050000E+03, 0.7071402E+03, 0.1050000E+03,
 0.9098000E+01, 0.8222068E+03, 0.9922634E+01, 0.0000000E+00, 0.1050000E+03, 0.7072842E+03, 0.1050000E+03,
 0.9100000E+01, 0.8223487E+03, 0.9920634E+01, 0.0000000E+00, 0.1050000E+03, 0.7074281E+03, 0.1050000E+03,
 0.9102000E+01, 0.8224904E+03, 0.9918637E+01, 0.0000000E+00, 0.1050000E+03, 0.7075718E+03, 0.1050000E+03,
 0.9104000E+01, 0.8226320E+03, 0.9916644E+01, 0.0000000E+00, 0.1050000E+03, 0.7077154E+03, 0.1050000E+03,
 0.9106000E+01, 0.8227735E+03, 0.9914654E+01, 0.0000000E+00, 0.1050000E+03, 0.7078589E+03, 0.1050000E+03,
 0.9108000E+01, 0.8229149E+03, 0.9912667E+01, 0.0000000E+00, 0.1050000E+03, 0.7080022E+03, 0.1050000E+03,
 0.9110000E+01, 0.8230561E+03, 0.9910684E+01, 0.0000000E+00, 0.1050000E+03, 0.7081454E+03, 0.1050000E+03,
 0.9112000E+01, 0.8231972E+03, 0.9908704E+01, 0.0000000E+00, 0.1050000E+03, 0.7082885E+03, 0.1050000E+03,
 0.9114000E+01, 0.8233382E+03, 0.9906727E+01, 0.0000000E+00, 0.1050000E+03, 0.7084315E+03, 0.1050000E+03,
 0.9116000E+01, 0.8234790E+03, 0.9904754E+01, 0.0000000E+00, 0.1050000E+03, 0.7085743E+03, 0.1050000E+03,
 0.9118000E+01, 0.8236198E+03, 0.9902783E+01, 0.0000000E+00, 0.1050000E+03, 0.7087170E+03, 0.1050000E+03,
 0.9120000E+01, 0.8237603E+03, 0.9900817E+01, 0.0000000E+00, 0.1050000E+03, 0.7088595E+03, 0.1050000E+03,
 0.9122000E+01, 0.8239008E+03, 0.9898853E+01, 0.0000000E+00, 0.1050000E+03, 0.7090020E+03, 0.1050000E+03,
 0.9124000E+01, 0.8240411E+03, 0.9896893E+01, 0.0000000E+00, 0.1050000E+03, 0.7091442E+03, 0.1050000E+03,
 0.9126000E+01, 0.8241813E+03, 0.9894936E+01, 0.0000000E+00, 0.1050000E+03, 0.7092864E+03, 0.1050000E+03,
 0.9128000E+01, 0.8243215E+03, 0.9892982E+01, 0.0000000E+00, 0.1050000E+03, 0.7094285E+03, 0.1050000E+03,
 0.9130000E+01, 0.8244614E+03, 0.9891031E+01, 0.0000000E+00, 0.1050000E+03, 0.7095704E+03, 0.1050000E+03,
 0.9132000E+01, 0.8246013E+03, 0.9889084E+01, 0.0000000E+00, 0.1050000E+03, 0.7097122E+03, 0.1050000E+03,
 0.9134000E+01, 0.8247410E+03, 0.9887140E+01, 0.0000000E+00, 0.1050000E+03, 0.7098538E+03, 0.1050000E+03,
 0.9136000E+01, 0.8248806E+03, 0.9885200E+01, 0.0000000E+00, 0.1050000E+03, 0.7099954E+03, 0.1050000E+03,
 0.9138000E+01, 0.8250200E+03, 0.9883262E+01, 0.0000000E+00, 0.1050000E+03, 0.7101368E+03, 0.1050000E+03,
 0.9140000E+01, 0.8251594E+03, 0.9881328E+01, 0.0000000E+00, 0.1050000E+03, 0.7102780E+03, 0.1050000E+03,
 0.9142000E+01, 0.8252986E+03, 0.9879397E+01, 0.0000000E+00, 0.1050000E+03, 0.7104192E+03, 0.1050000E+03,
 0.9144000E+01, 0.8254377E+03, 0.9877469E+01, 0.0000000E+00, 0.1050000E+03, 0.7105602E+03, 0.1050000E+03,
 0.9146000E+01, 0.8255766E+03, 0.9875545E+01, 0.0000000E+00, 0.1050000E+03, 0.7107011E+03, 0.1050000E+03,
 0.9148000E+01, 0.8257155E+03, 0.9873624E+01, 0.0000000E+00, 0.1050000E+03, 0.7108419E+03, 0.1050000E+03,
 0.9150000E+01, 0.8258542E+03, 0.9871706E+01, 0.0000000E+00, 0.1050000E+03, 0.7109825E+03, 0.1050000E+03,
 0.9152000E+01, 0.8259928E+03, 0.9869791E+01, 0.0000000E+00, 0.1050000E+03, 0.7111230E+03, 0.1050000E+03,
 0.9154000E+01, 0.8261312E+03, 0.9867880E+01, 0.0000000E+00, 0.1050000E+03, 0.7112634E+03, 0.1050000E+03,
 0.9156000E+01, 0.8262696E+03, 0.9865972E+01, 0.0000000E+00, 0.1050000E+03, 0.7114036E+03, 0.1050000E+03,
 0.9158000E+01, 0.8264078E+03, 0.9864066E+01, 0.0000000E+00, 0.1050000E+03, 0.7115437E+03, 0.1050000E+03,
 0.9160000E+01, 0.8265459E+03, 0.9862164E+01, 0.0000000E+00, 0.1050000E+03, 0.7116837E+03, 0.1050000E+03,
 0.9162000E+01, 0.8266838E+03, 0.9860266E+01, 0.0000000E+00, 0.1050000E+03, 0.7118236E+03, 0.1050000E+03,
 0.9164000E+01, 0.8268217E+03, 0.9858370E+01, 0.0000000E+00, 0.1050000E+03, 0.7119633E+03, 0.1050000E+03,
 0.9166000E+01, 0.8269594E+03, 0.9856478E+01, 0.0000000E+00, 0.1050000E+03, 0.7121029E+03, 0.1050000E+03,
 0.9168000E+01, 0.8270970E+03, 0.9854589E+01, 0.0000000E+00, 0.1050000E+03, 0.7122424E+03, 0.1050000E+03,
 0.9170000E+01, 0.8272345E+03, 0.9852702E+01, 0.0000000E+00, 0.1050000E+03, 0.7123818E+03, 0.1050000E+03,
 0.9172000E+01, 0.8273718E+03, 0.9850820E+01, 0.0000000E+00, 0.1050000E+03, 0.7125210E+03, 0.1050000E+03,
 0.9174000E+01, 0.8275090E+03, 0.9848940E+01, 0.0000000E+00, 0.1050000E+03, 0.7126601E+03, 0.1050000E+03,
 0.9176000E+01, 0.8276462E+03, 0.9847064E+01, 0.0000000E+00, 0.1050000E+03, 0.7127991E+03, 0.1050000E+03,
 0.9178000E+01, 0.8277831E+03, 0.9845190E+01, 0.0000000E+00, 0.1050000E+03, 0.7129379E+03, 0.1050000E+03,
 0.9180000E+01, 0.8279200E+03, 0.9843321E+01, 0.0000000E+00, 0.1050000E+03, 0.7130767E+03, 0.1050000E+03,
 0.9182000E+01, 0.8280567E+03, 0.9841454E+01, 0.0000000E+00, 0.1050000E+03, 0.7132153E+03, 0.1050000E+03,
 0.9184000E+01, 0.8281933E+03, 0.9839590E+01, 0.0000000E+00, 0.1050000E+03, 0.7133537E+03, 0.1050000E+03,
 0.9186000E+01, 0.8283298E+03, 0.9837729E+01, 0.0000000E+00, 0.1050000E+03, 0.7134921E+03, 0.1050000E+03,
 0.9188000E+01, 0.8284662E+03, 0.9835872E+01, 0.0000000E+00, 0.1050000E+03, 0.7136303E+03, 0.1050000E+03,
 0.9190000E+01, 0.8286024E+03, 0.9834017E+01, 0.0000000E+00, 0.1050000E+03, 0.7137684E+03, 0.1050000E+03,
 0.9192000E+01, 0.8287385E+03, 0.9832166E+01, 0.0000000E+00, 0.1050000E+03, 0.7139064E+03, 0.1050000E+03,
 0.9194000E+01, 0.8288745E+03, 0.9830317E+01, 0.0000000E+00, 0.1050000E+03, 0.7140442E+03, 0.1050000E+03,
 0.9196000E+01, 0.8290104E+03, 0.9828473E+01, 0.0000000E+00, 0.1050000E+03, 0.7141819E+03, 0.1050000E+03,
 0.9198000E+01, 0.8291461E+03, 0.9826631E+01, 0.0000000E+00, 0.1050000E+03, 0.7143195E+03, 0.1050000E+03,
 0.9200000E+01, 0.8292817E+03, 0.9824792E+01, 0.0000000E+00, 0.1050000E+03, 0.7144570E+03, 0.1050000E+03,
 0.9202000E+01, 0.8294172E+03, 0.9822956E+01, 0.0000000E+00, 0.1050000E+03, 0.7145943E+03, 0.1050000E+03,
 0.9204000E+01, 0.8295526E+03, 0.9821124E+01, 0.0000000E+00, 0.1050000E+03, 0.7147315E+03, 0.1050000E+03,
 0.9206000E+01, 0.8296879E+03, 0.9819295E+01, 0.0000000E+00, 0.1050000E+03, 0.7148686E+03, 0.1050000E+03,
 0.9208000E+01, 0.8298230E+03, 0.9817469E+01, 0.0000000E+00, 0.1050000E+03, 0.7150056E+03, 0.1050000E+03,
 0.9210000E+01, 0.8299580E+03, 0.9815645E+01, 0.0000000E+00, 0.1050000E+03, 0.7151424E+03, 0.1050000E+03,
 0.9212000E+01, 0.8300929E+03, 0.9813825E+01, 0.0000000E+00, 0.1050000E+03, 0.7152791E+03, 0.1050000E+03,
 0.9214000E+01, 0.8302277E+03, 0.9812008E+01, 0.0000000E+00, 0.1050000E+03, 0.7154156E+03, 0.1050000E+03,
 0.9216000E+01, 0.8303623E+03, 0.9810194E+01, 0.0000000E+00, 0.1050000E+03, 0.7155521E+03, 0.1050000E+03,
 0.9218000E+01, 0.8304968E+03, 0.9808383E+01, 0.0000000E+00, 0.1050000E+03, 0.7156885E+03, 0.1050000E+03,
 0.9220000E+01, 0.8306312E+03, 0.9806575E+01, 0.0000000E+00, 0.1050000E+03, 0.7158246E+03, 0.1050000E+03,
 0.9222000E+01, 0.8307655E+03, 0.9804770E+01, 0.0000000E+00, 0.1050000E+03, 0.7159608E+03, 0.1050000E+03,
 0.9224000E+01, 0.8308997E+03, 0.9802968E+01, 0.0000000E+00, 0.1050000E+03, 0.7160967E+03, 0.1050000E+03,
 0.9226000E+01, 0.8310337E+03, 0.9801169E+01, 0.0000000E+00, 0.1050000E+03, 0.7162325E+03, 0.1050000E+03,
 0.9228000E+01, 0.8311676E+03, 0.9799374E+01, 0.0000000E+00, 0.1050000E+03, 0.7163682E+03, 0.1050000E+03,
 0.9230000E+01, 0.8313014E+03, 0.9797582E+01, 0.0000000E+00, 0.1050000E+03, 0.7165038E+03, 0.1050000E+03,
 0.9232000E+01, 0.8314351E+03, 0.9795792E+01, 0.0000000E+00, 0.1050000E+03, 0.7166393E+03, 0.1050000E+03,
 0.9234000E+01, 0.8315687E+03, 0.9794005E+01, 0.0000000E+00, 0.1050000E+03, 0.7167747E+03, 0.1050000E+03,
 0.9236000E+01, 0.8317021E+03, 0.9792222E+01, 0.0000000E+00, 0.1050000E+03, 0.7169099E+03, 0.1050000E+03,
 0.9238000E+01, 0.8318354E+03, 0.9790442E+01, 0.0000000E+00, 0.1050000E+03, 0.7170449E+03, 0.1050000E+03,
 0.9240000E+01, 0.8319686E+03, 0.9788664E+01, 0.0000000E+00, 0.1050000E+03, 0.7171799E+03, 0.1050000E+03,
 0.9242000E+01, 0.8321016E+03, 0.9786890E+01, 0.0000000E+00, 0.1050000E+03, 0.7173148E+03, 0.1050000E+03,
 0.9244000E+01, 0.8322346E+03, 0.9785118E+01, 0.0000000E+00, 0.1050000E+03, 0.7174495E+03, 0.1050000E+03,
 0.9246000E+01, 0.8323674E+03, 0.9783350E+01, 0.0000000E+00, 0.1050000E+03, 0.7175840E+03, 0.1050000E+03,
 0.9248000E+01, 0.8325001E+03, 0.9781585E+01, 0.0000000E+00, 0.1050000E+03, 0.7177185E+03, 0.1050000E+03,
 0.9250000E+01, 0.8326327E+03, 0.9779822E+01, 0.0000000E+00, 0.1050000E+03, 0.7178529E+03, 0.1050000E+03,
 0.9252000E+01, 0.8327651E+03, 0.9778063E+01, 0.0000000E+00, 0.1050000E+03, 0.7179871E+03, 0.1050000E+03,
 0.9254000E+01, 0.8328975E+03, 0.9776307E+01, 0.0000000E+00, 0.1050000E+03, 0.7181212E+03, 0.1050000E+03,
 0.9256000E+01, 0.8330297E+03, 0.9774553E+01, 0.0000000E+00, 0.1050000E+03, 0.7182552E+03, 0.1050000E+03,
 0.9258000E+01, 0.8331618E+03, 0.9772803E+01, 0.0000000E+00, 0.1050000E+03, 0.7183890E+03, 0.1050000E+03,
 0.9260000E+01, 0.8332938E+03, 0.9771056E+01, 0.0000000E+00, 0.1050000E+03, 0.7185228E+03, 0.1050000E+03,
 0.9262000E+01, 0.8334257E+03, 0.9769312E+01, 0.0000000E+00, 0.1050000E+03, 0.7186564E+03, 0.1050000E+03,
 0.9264000E+01, 0.8335574E+03, 0.9767570E+01, 0.0000000E+00, 0.1050000E+03, 0.7187899E+03, 0.1050000E+03,
 0.9266000E+01, 0.8336890E+03, 0.9765832E+01, 0.0000000E+00, 0.1050000E+03, 0.7189232E+03, 0.1050000E+03,
 0.9268000E+01, 0.8338206E+03, 0.9764096E+01, 0.0000000E+00, 0.1050000E+03, 0.7190565E+03, 0.1050000E+03,
 0.9270000E+01, 0.8339519E+03, 0.9762363E+01, 0.0000000E+00, 0.1050000E+03, 0.7191896E+03, 0.1050000E+03,
 0.9272000E+01, 0.8340832E+03, 0.9760634E+01, 0.0000000E+00, 0.1050000E+03, 0.7193226E+03, 0.1050000E+03,
 0.9274000E+01, 0.8342144E+03, 0.9758907E+01, 0.0000000E+00, 0.1050000E+03, 0.7194554E+03, 0.1050000E+03,
 0.9276000E+01, 0.8343454E+03, 0.9757184E+01, 0.0000000E+00, 0.1050000E+03, 0.7195882E+03, 0.1050000E+03,
 0.9278000E+01, 0.8344763E+03, 0.9755464E+01, 0.0000000E+00, 0.1050000E+03, 0.7197208E+03, 0.1050000E+03,
 0.9280000E+01, 0.8346071E+03, 0.9753746E+01, 0.0000000E+00, 0.1050000E+03, 0.7198533E+03, 0.1050000E+03,
 0.9282000E+01, 0.8347377E+03, 0.9752030E+01, 0.0000000E+00, 0.1050000E+03, 0.7199857E+03, 0.1050000E+03,
 0.9284000E+01, 0.8348683E+03, 0.9750319E+01, 0.0000000E+00, 0.1050000E+03, 0.7201180E+03, 0.1050000E+03,
 0.9286000E+01, 0.8349987E+03, 0.9748610E+01, 0.0000000E+00, 0.1050000E+03, 0.7202501E+03, 0.1050000E+03,
 0.9288000E+01, 0.8351290E+03, 0.9746904E+01, 0.0000000E+00, 0.1050000E+03, 0.7203821E+03, 0.1050000E+03,
 0.9290000E+01, 0.8352592E+03, 0.9745201E+01, 0.0000000E+00, 0.1050000E+03, 0.7205140E+03, 0.1050000E+03,
 0.9292000E+01, 0.8353893E+03, 0.9743501E+01, 0.0000000E+00, 0.1050000E+03, 0.7206458E+03, 0.1050000E+03,
 0.9294000E+01, 0.8355192E+03, 0.9741803E+01, 0.0000000E+00, 0.1050000E+03, 0.7207775E+03, 0.1050000E+03,
 0.9296000E+01, 0.8356490E+03, 0.9740109E+01, 0.0000000E+00, 0.1050000E+03, 0.7209090E+03, 0.1050000E+03,
 0.9298000E+01, 0.8357788E+03, 0.9738418E+01, 0.0000000E+00, 0.1050000E+03, 0.7210404E+03, 0.1050000E+03,
 0.9300000E+01, 0.8359084E+03, 0.9736729E+01, 0.0000000E+00, 0.1050000E+03, 0.7211717E+03, 0.1050000E+03,
 0.9302000E+01, 0.8360379E+03, 0.9735044E+01, 0.0000000E+00, 0.1050000E+03, 0.7213029E+03, 0.1050000E+03,
 0.9304000E+01, 0.8361672E+03, 0.9733360E+01, 0.0000000E+00, 0.1050000E+03, 0.7214339E+03, 0.1050000E+03,
 0.9306000E+01, 0.8362965E+03, 0.9731681E+01, 0.0000000E+00, 0.1050000E+03, 0.7215648E+03, 0.1050000E+03,
 0.9308000E+01, 0.8364256E+03, 0.9730004E+01, 0.0000000E+00, 0.1050000E+03, 0.7216956E+03, 0.1050000E+03,
 0.9310000E+01, 0.8365546E+03, 0.9728330E+01, 0.0000000E+00, 0.1050000E+03, 0.7218263E+03, 0.1050000E+03,
 0.9312000E+01, 0.8366835E+03, 0.9726659E+01, 0.0000000E+00, 0.1050000E+03, 0.7219568E+03, 0.1050000E+03,
 0.9314000E+01, 0.8368123E+03, 0.9724990E+01, 0.0000000E+00, 0.1050000E+03, 0.7220873E+03, 0.1050000E+03,
 0.9316000E+01, 0.8369409E+03, 0.9723325E+01, 0.0000000E+00, 0.1050000E+03, 0.7222176E+03, 0.1050000E+03,
 0.9318000E+01, 0.8370695E+03, 0.9721663E+01, 0.0000000E+00, 0.1050000E+03, 0.7223478E+03, 0.1050000E+03,
 0.9320000E+01, 0.8371979E+03, 0.9720002E+01, 0.0000000E+00, 0.1050000E+03, 0.7224779E+03, 0.1050000E+03,
 0.9322000E+01, 0.8373262E+03, 0.9718346E+01, 0.0000000E+00, 0.1050000E+03, 0.7226078E+03, 0.1050000E+03,
 0.9324000E+01, 0.8374544E+03, 0.9716691E+01, 0.0000000E+00, 0.1050000E+03, 0.7227377E+03, 0.1050000E+03,
 0.9326000E+01, 0.8375825E+03, 0.9715040E+01, 0.0000000E+00, 0.1050000E+03, 0.7228674E+03, 0.1050000E+03,
 0.9328000E+01, 0.8377104E+03, 0.9713392E+01, 0.0000000E+00, 0.1050000E+03, 0.7229970E+03, 0.1050000E+03,
 0.9330000E+01, 0.8378383E+03, 0.9711746E+01, 0.0000000E+00, 0.1050000E+03, 0.7231265E+03, 0.1050000E+03,
 0.9332000E+01, 0.8379659E+03, 0.9710104E+01, 0.0000000E+00, 0.1050000E+03, 0.7232559E+03, 0.1050000E+03,
 0.9334000E+01, 0.8380936E+03, 0.9708464E+01, 0.0000000E+00, 0.1050000E+03, 0.7233851E+03, 0.1050000E+03,
 0.9336000E+01, 0.8382211E+03, 0.9706827E+01, 0.0000000E+00, 0.1050000E+03, 0.7235142E+03, 0.1050000E+03,
 0.9338000E+01, 0.8383484E+03, 0.9705193E+01, 0.0000000E+00, 0.1050000E+03, 0.7236432E+03, 0.1050000E+03,
 0.9340000E+01, 0.8384756E+03, 0.9703561E+01, 0.0000000E+00, 0.1050000E+03, 0.7237721E+03, 0.1050000E+03,
 0.9342000E+01, 0.8386028E+03, 0.9701933E+01, 0.0000000E+00, 0.1050000E+03, 0.7239009E+03, 0.1050000E+03,
 0.9344000E+01, 0.8387298E+03, 0.9700307E+01, 0.0000000E+00, 0.1050000E+03, 0.7240295E+03, 0.1050000E+03,
 0.9346000E+01, 0.8388567E+03, 0.9698684E+01, 0.0000000E+00, 0.1050000E+03, 0.7241580E+03, 0.1050000E+03,
 0.9348000E+01, 0.8389835E+03, 0.9697063E+01, 0.0000000E+00, 0.1050000E+03, 0.7242864E+03, 0.1050000E+03,
 0.9350000E+01, 0.8391102E+03, 0.9695447E+01, 0.0000000E+00, 0.1050000E+03, 0.7244147E+03, 0.1050000E+03,
 0.9352000E+01, 0.8392367E+03, 0.9693832E+01, 0.0000000E+00, 0.1050000E+03, 0.7245429E+03, 0.1050000E+03,
 0.9354000E+01, 0.8393632E+03, 0.9692221E+01, 0.0000000E+00, 0.1050000E+03, 0.7246709E+03, 0.1050000E+03,
 0.9356000E+01, 0.8394894E+03, 0.9690611E+01, 0.0000000E+00, 0.1050000E+03, 0.7247988E+03, 0.1050000E+03,
 0.9358000E+01, 0.8396157E+03, 0.9689005E+01, 0.0000000E+00, 0.1050000E+03, 0.7249267E+03, 0.1050000E+03,
 0.9360000E+01, 0.8397418E+03, 0.9687402E+01, 0.0000000E+00, 0.1050000E+03, 0.7250544E+03, 0.1050000E+03,
 0.9362000E+01, 0.8398677E+03, 0.9685802E+01, 0.0000000E+00, 0.1050000E+03, 0.7251819E+03, 0.1050000E+03,
 0.9364000E+01, 0.8399936E+03, 0.9684203E+01, 0.0000000E+00, 0.1050000E+03, 0.7253094E+03, 0.1050000E+03,
 0.9366000E+01, 0.8401193E+03, 0.9682609E+01, 0.0000000E+00, 0.1050000E+03, 0.7254367E+03, 0.1050000E+03,
 0.9368000E+01, 0.8402449E+03, 0.9681016E+01, 0.0000000E+00, 0.1050000E+03, 0.7255640E+03, 0.1050000E+03,
 0.9370000E+01, 0.8403705E+03, 0.9679426E+01, 0.0000000E+00, 0.1050000E+03, 0.7256910E+03, 0.1050000E+03,
 0.9372000E+01, 0.8404958E+03, 0.9677839E+01, 0.0000000E+00, 0.1050000E+03, 0.7258180E+03, 0.1050000E+03,
 0.9374000E+01, 0.8406212E+03, 0.9676255E+01, 0.0000000E+00, 0.1050000E+03, 0.7259449E+03, 0.1050000E+03,
 0.9376000E+01, 0.8407463E+03, 0.9674674E+01, 0.0000000E+00, 0.1050000E+03, 0.7260717E+03, 0.1050000E+03,
 0.9378000E+01, 0.8408713E+03, 0.9673096E+01, 0.0000000E+00, 0.1050000E+03, 0.7261982E+03, 0.1050000E+03,
 0.9380000E+01, 0.8409963E+03, 0.9671520E+01, 0.0000000E+00, 0.1050000E+03, 0.7263248E+03, 0.1050000E+03,
 0.9382000E+01, 0.8411211E+03, 0.9669947E+01, 0.0000000E+00, 0.1050000E+03, 0.7264512E+03, 0.1050000E+03,
 0.9384000E+01, 0.8412458E+03, 0.9668377E+01, 0.0000000E+00, 0.1050000E+03, 0.7265775E+03, 0.1050000E+03,
 0.9386000E+01, 0.8413704E+03, 0.9666809E+01, 0.0000000E+00, 0.1050000E+03, 0.7267036E+03, 0.1050000E+03,
 0.9388000E+01, 0.8414949E+03, 0.9665244E+01, 0.0000000E+00, 0.1050000E+03, 0.7268297E+03, 0.1050000E+03,
 0.9390000E+01, 0.8416193E+03, 0.9663682E+01, 0.0000000E+00, 0.1050000E+03, 0.7269556E+03, 0.1050000E+03,
 0.9392000E+01, 0.8417435E+03, 0.9662123E+01, 0.0000000E+00, 0.1050000E+03, 0.7270814E+03, 0.1050000E+03,
 0.9394000E+01, 0.8418676E+03, 0.9660566E+01, 0.0000000E+00, 0.1050000E+03, 0.7272070E+03, 0.1050000E+03,
 0.9396000E+01, 0.8419916E+03, 0.9659012E+01, 0.0000000E+00, 0.1050000E+03, 0.7273326E+03, 0.1050000E+03,
 0.9398000E+01, 0.8421155E+03, 0.9657461E+01, 0.0000000E+00, 0.1050000E+03, 0.7274581E+03, 0.1050000E+03,
 0.9400000E+01, 0.8422393E+03, 0.9655912E+01, 0.0000000E+00, 0.1050000E+03, 0.7275834E+03, 0.1050000E+03,
 0.9402000E+01, 0.8423630E+03, 0.9654366E+01, 0.0000000E+00, 0.1050000E+03, 0.7277086E+03, 0.1050000E+03,
 0.9404000E+01, 0.8424866E+03, 0.9652823E+01, 0.0000000E+00, 0.1050000E+03, 0.7278337E+03, 0.1050000E+03,
 0.9406000E+01, 0.8426100E+03, 0.9651282E+01, 0.0000000E+00, 0.1050000E+03, 0.7279587E+03, 0.1050000E+03,
 0.9408000E+01, 0.8427333E+03, 0.9649745E+01, 0.0000000E+00, 0.1050000E+03, 0.7280836E+03, 0.1050000E+03,
 0.9410000E+01, 0.8428566E+03, 0.9648210E+01, 0.0000000E+00, 0.1050000E+03, 0.7282084E+03, 0.1050000E+03,
 0.9412000E+01, 0.8429797E+03, 0.9646677E+01, 0.0000000E+00, 0.1050000E+03, 0.7283330E+03, 0.1050000E+03,
 0.9414000E+01, 0.8431027E+03, 0.9645147E+01, 0.0000000E+00, 0.1050000E+03, 0.7284575E+03, 0.1050000E+03,
 0.9416000E+01, 0.8432255E+03, 0.9643620E+01, 0.0000000E+00, 0.1050000E+03, 0.7285819E+03, 0.1050000E+03,
 0.9418000E+01, 0.8433483E+03, 0.9642097E+01, 0.0000000E+00, 0.1050000E+03, 0.7287062E+03, 0.1050000E+03,
 0.9420000E+01, 0.8434709E+03, 0.9640574E+01, 0.0000000E+00, 0.1050000E+03, 0.7288304E+03, 0.1050000E+03,
 0.9422000E+01, 0.8435935E+03, 0.9639055E+01, 0.0000000E+00, 0.1050000E+03, 0.7289545E+03, 0.1050000E+03,
 0.9424000E+01, 0.8437159E+03, 0.9637539E+01, 0.0000000E+00, 0.1050000E+03, 0.7290784E+03, 0.1050000E+03,
 0.9426000E+01, 0.8438383E+03, 0.9636025E+01, 0.0000000E+00, 0.1050000E+03, 0.7292022E+03, 0.1050000E+03,
 0.9428000E+01, 0.8439604E+03, 0.9634514E+01, 0.0000000E+00, 0.1050000E+03, 0.7293259E+03, 0.1050000E+03,
 0.9430000E+01, 0.8440825E+03, 0.9633005E+01, 0.0000000E+00, 0.1050000E+03, 0.7294495E+03, 0.1050000E+03,
 0.9432000E+01, 0.8442045E+03, 0.9631499E+01, 0.0000000E+00, 0.1050000E+03, 0.7295730E+03, 0.1050000E+03,
 0.9434000E+01, 0.8443264E+03, 0.9629996E+01, 0.0000000E+00, 0.1050000E+03, 0.7296964E+03, 0.1050000E+03,
 0.9436000E+01, 0.8444481E+03, 0.9628496E+01, 0.0000000E+00, 0.1050000E+03, 0.7298196E+03, 0.1050000E+03,
 0.9438000E+01, 0.8445698E+03, 0.9626998E+01, 0.0000000E+00, 0.1050000E+03, 0.7299427E+03, 0.1050000E+03,
 0.9440000E+01, 0.8446913E+03, 0.9625503E+01, 0.0000000E+00, 0.1050000E+03, 0.7300658E+03, 0.1050000E+03,
 0.9442000E+01, 0.8448127E+03, 0.9624010E+01, 0.0000000E+00, 0.1050000E+03, 0.7301887E+03, 0.1050000E+03,
 0.9444000E+01, 0.8449340E+03, 0.9622520E+01, 0.0000000E+00, 0.1050000E+03, 0.7303115E+03, 0.1050000E+03,
 0.9446000E+01, 0.8450552E+03, 0.9621033E+01, 0.0000000E+00, 0.1050000E+03, 0.7304341E+03, 0.1050000E+03,
 0.9448000E+01, 0.8451763E+03, 0.9619548E+01, 0.0000000E+00, 0.1050000E+03, 0.7305567E+03, 0.1050000E+03,
 0.9450000E+01, 0.8452972E+03, 0.9618066E+01, 0.0000000E+00, 0.1050000E+03, 0.7306792E+03, 0.1050000E+03,
 0.9452000E+01, 0.8454181E+03, 0.9616586E+01, 0.0000000E+00, 0.1050000E+03, 0.7308015E+03, 0.1050000E+03,
 0.9454000E+01, 0.8455388E+03, 0.9615109E+01, 0.0000000E+00, 0.1050000E+03, 0.7309237E+03, 0.1050000E+03,
 0.9456000E+01, 0.8456595E+03, 0.9613635E+01, 0.0000000E+00, 0.1050000E+03, 0.7310458E+03, 0.1050000E+03,
 0.9458000E+01, 0.8457800E+03, 0.9612163E+01, 0.0000000E+00, 0.1050000E+03, 0.7311678E+03, 0.1050000E+03,
 0.9460000E+01, 0.8459004E+03, 0.9610694E+01, 0.0000000E+00, 0.1050000E+03, 0.7312897E+03, 0.1050000E+03,
 0.9462000E+01, 0.8460207E+03, 0.9609227E+01, 0.0000000E+00, 0.1050000E+03, 0.7314114E+03, 0.1050000E+03,
 0.9464000E+01, 0.8461409E+03, 0.9607763E+01, 0.0000000E+00, 0.1050000E+03, 0.7315331E+03, 0.1050000E+03,
 0.9466000E+01, 0.8462609E+03, 0.9606301E+01, 0.0000000E+00, 0.1050000E+03, 0.7316547E+03, 0.1050000E+03,
 0.9468000E+01, 0.8463809E+03, 0.9604843E+01, 0.0000000E+00, 0.1050000E+03, 0.7317761E+03, 0.1050000E+03,
 0.9470000E+01, 0.8465007E+03, 0.9603387E+01, 0.0000000E+00, 0.1050000E+03, 0.7318973E+03, 0.1050000E+03,
 0.9472000E+01, 0.8466205E+03, 0.9601933E+01, 0.0000000E+00, 0.1050000E+03, 0.7320186E+03, 0.1050000E+03,
 0.9474000E+01, 0.8467401E+03, 0.9600482E+01, 0.0000000E+00, 0.1050000E+03, 0.7321396E+03, 0.1050000E+03,
 0.9476000E+01, 0.8468596E+03, 0.9599033E+01, 0.0000000E+00, 0.1050000E+03, 0.7322606E+03, 0.1050000E+03,
 0.9478000E+01, 0.8469791E+03, 0.9597587E+01, 0.0000000E+00, 0.1050000E+03, 0.7323815E+03, 0.1050000E+03,
 0.9480000E+01, 0.8470983E+03, 0.9596144E+01, 0.0000000E+00, 0.1050000E+03, 0.7325022E+03, 0.1050000E+03,
 0.9482000E+01, 0.8472175E+03, 0.9594703E+01, 0.0000000E+00, 0.1050000E+03, 0.7326228E+03, 0.1050000E+03,
 0.9484000E+01, 0.8473366E+03, 0.9593265E+01, 0.0000000E+00, 0.1050000E+03, 0.7327433E+03, 0.1050000E+03,
 0.9486000E+01, 0.8474556E+03, 0.9591828E+01, 0.0000000E+00, 0.1050000E+03, 0.7328637E+03, 0.1050000E+03,
 0.9488000E+01, 0.8475744E+03, 0.9590395E+01, 0.0000000E+00, 0.1050000E+03, 0.7329840E+03, 0.1050000E+03,
 0.9490000E+01, 0.8476932E+03, 0.9588964E+01, 0.0000000E+00, 0.1050000E+03, 0.7331042E+03, 0.1050000E+03,
 0.9492000E+01, 0.8478118E+03, 0.9587536E+01, 0.0000000E+00, 0.1050000E+03, 0.7332242E+03, 0.1050000E+03,
 0.9494000E+01, 0.8479303E+03, 0.9586110E+01, 0.0000000E+00, 0.1050000E+03, 0.7333442E+03, 0.1050000E+03,
 0.9496000E+01, 0.8480487E+03, 0.9584687E+01, 0.0000000E+00, 0.1050000E+03, 0.7334641E+03, 0.1050000E+03,
 0.9498000E+01, 0.8481671E+03, 0.9583267E+01, 0.0000000E+00, 0.1050000E+03, 0.7335837E+03, 0.1050000E+03,
 0.9500000E+01, 0.8482852E+03, 0.9581849E+01, 0.0000000E+00, 0.1050000E+03, 0.7337034E+03, 0.1050000E+03,
 0.9502000E+01, 0.8484033E+03, 0.9580433E+01, 0.0000000E+00, 0.1050000E+03, 0.7338229E+03, 0.1050000E+03,
 0.9504000E+01, 0.8485213E+03, 0.9579021E+01, 0.0000000E+00, 0.1050000E+03, 0.7339423E+03, 0.1050000E+03,
 0.9506000E+01, 0.8486392E+03, 0.9577609E+01, 0.0000000E+00, 0.1050000E+03, 0.7340615E+03, 0.1050000E+03,
 0.9508000E+01, 0.8487569E+03, 0.9576201E+01, 0.0000000E+00, 0.1050000E+03, 0.7341807E+03, 0.1050000E+03,
 0.9510000E+01, 0.8488746E+03, 0.9574796E+01, 0.0000000E+00, 0.1050000E+03, 0.7342997E+03, 0.1050000E+03,
 0.9512000E+01, 0.8489921E+03, 0.9573393E+01, 0.0000000E+00, 0.1050000E+03, 0.7344187E+03, 0.1050000E+03,
 0.9514000E+01, 0.8491095E+03, 0.9571992E+01, 0.0000000E+00, 0.1050000E+03, 0.7345375E+03, 0.1050000E+03,
 0.9516000E+01, 0.8492268E+03, 0.9570594E+01, 0.0000000E+00, 0.1050000E+03, 0.7346562E+03, 0.1050000E+03,
 0.9518000E+01, 0.8493441E+03, 0.9569199E+01, 0.0000000E+00, 0.1050000E+03, 0.7347748E+03, 0.1050000E+03,
 0.9520000E+01, 0.8494611E+03, 0.9567805E+01, 0.0000000E+00, 0.1050000E+03, 0.7348933E+03, 0.1050000E+03,
 0.9522000E+01, 0.8495781E+03, 0.9566415E+01, 0.0000000E+00, 0.1050000E+03, 0.7350117E+03, 0.1050000E+03,
 0.9524000E+01, 0.8496950E+03, 0.9565026E+01, 0.0000000E+00, 0.1050000E+03, 0.7351300E+03, 0.1050000E+03,
 0.9526000E+01, 0.8498118E+03, 0.9563642E+01, 0.0000000E+00, 0.1050000E+03, 0.7352482E+03, 0.1050000E+03,
 0.9528000E+01, 0.8499285E+03, 0.9562258E+01, 0.0000000E+00, 0.1050000E+03, 0.7353662E+03, 0.1050000E+03,
 0.9530000E+01, 0.8500450E+03, 0.9560877E+01, 0.0000000E+00, 0.1050000E+03, 0.7354841E+03, 0.1050000E+03,
 0.9532000E+01, 0.8501614E+03, 0.9559499E+01, 0.0000000E+00, 0.1050000E+03, 0.7356020E+03, 0.1050000E+03,
 0.9534000E+01, 0.8502778E+03, 0.9558124E+01, 0.0000000E+00, 0.1050000E+03, 0.7357197E+03, 0.1050000E+03,
 0.9536000E+01, 0.8503940E+03, 0.9556749E+01, 0.0000000E+00, 0.1050000E+03, 0.7358373E+03, 0.1050000E+03,
 0.9538000E+01, 0.8505101E+03, 0.9555379E+01, 0.0000000E+00, 0.1050000E+03, 0.7359548E+03, 0.1050000E+03,
 0.9540000E+01, 0.8506262E+03, 0.9554010E+01, 0.0000000E+00, 0.1050000E+03, 0.7360721E+03, 0.1050000E+03,
 0.9542000E+01, 0.8507421E+03, 0.9552645E+01, 0.0000000E+00, 0.1050000E+03, 0.7361895E+03, 0.1050000E+03,
 0.9544000E+01, 0.8508578E+03, 0.9551281E+01, 0.0000000E+00, 0.1050000E+03, 0.7363066E+03, 0.1050000E+03,
 0.9546000E+01, 0.8509736E+03, 0.9549920E+01, 0.0000000E+00, 0.1050000E+03, 0.7364236E+03, 0.1050000E+03,
 0.9548000E+01, 0.8510892E+03, 0.9548561E+01, 0.0000000E+00, 0.1050000E+03, 0.7365406E+03, 0.1050000E+03,
 0.9550000E+01, 0.8512047E+03, 0.9547205E+01, 0.0000000E+00, 0.1050000E+03, 0.7366574E+03, 0.1050000E+03,
 0.9552000E+01, 0.8513200E+03, 0.9545851E+01, 0.0000000E+00, 0.1050000E+03, 0.7367742E+03, 0.1050000E+03,
 0.9554000E+01, 0.8514352E+03, 0.9544499E+01, 0.0000000E+00, 0.1050000E+03, 0.7368907E+03, 0.1050000E+03,
 0.9556000E+01, 0.8515504E+03, 0.9543151E+01, 0.0000000E+00, 0.1050000E+03, 0.7370073E+03, 0.1050000E+03,
 0.9558000E+01, 0.8516655E+03, 0.9541804E+01, 0.0000000E+00, 0.1050000E+03, 0.7371237E+03, 0.1050000E+03,
 0.9560000E+01, 0.8517804E+03, 0.9540461E+01, 0.0000000E+00, 0.1050000E+03, 0.7372399E+03, 0.1050000E+03,
 0.9562000E+01, 0.8518952E+03, 0.9539119E+01, 0.0000000E+00, 0.1050000E+03, 0.7373561E+03, 0.1050000E+03,
 0.9564000E+01, 0.8520099E+03, 0.9537779E+01, 0.0000000E+00, 0.1050000E+03, 0.7374722E+03, 0.1050000E+03,
 0.9566000E+01, 0.8521246E+03, 0.9536443E+01, 0.0000000E+00, 0.1050000E+03, 0.7375881E+03, 0.1050000E+03,
 0.9568000E+01, 0.8522391E+03, 0.9535108E+01, 0.0000000E+00, 0.1050000E+03, 0.7377040E+03, 0.1050000E+03,
 0.9570000E+01, 0.8523535E+03, 0.9533775E+01, 0.0000000E+00, 0.1050000E+03, 0.7378197E+03, 0.1050000E+03,
 0.9572000E+01, 0.8524678E+03, 0.9532446E+01, 0.0000000E+00, 0.1050000E+03, 0.7379353E+03, 0.1050000E+03,
 0.9574000E+01, 0.8525820E+03, 0.9531118E+01, 0.0000000E+00, 0.1050000E+03, 0.7380508E+03, 0.1050000E+03,
 0.9576000E+01, 0.8526960E+03, 0.9529794E+01, 0.0000000E+00, 0.1050000E+03, 0.7381663E+03, 0.1050000E+03,
 0.9578000E+01, 0.8528101E+03, 0.9528471E+01, 0.0000000E+00, 0.1050000E+03, 0.7382816E+03, 0.1050000E+03,
 0.9580000E+01, 0.8529239E+03, 0.9527151E+01, 0.0000000E+00, 0.1050000E+03, 0.7383967E+03, 0.1050000E+03,
 0.9582000E+01, 0.8530377E+03, 0.9525833E+01, 0.0000000E+00, 0.1050000E+03, 0.7385118E+03, 0.1050000E+03,
 0.9584000E+01, 0.8531513E+03, 0.9524518E+01, 0.0000000E+00, 0.1050000E+03, 0.7386268E+03, 0.1050000E+03,
 0.9586000E+01, 0.8532649E+03, 0.9523205E+01, 0.0000000E+00, 0.1050000E+03, 0.7387417E+03, 0.1050000E+03,
 0.9588000E+01, 0.8533783E+03, 0.9521894E+01, 0.0000000E+00, 0.1050000E+03, 0.7388564E+03, 0.1050000E+03,
 0.9590000E+01, 0.8534916E+03, 0.9520586E+01, 0.0000000E+00, 0.1050000E+03, 0.7389711E+03, 0.1050000E+03,
 0.9592000E+01, 0.8536049E+03, 0.9519280E+01, 0.0000000E+00, 0.1050000E+03, 0.7390856E+03, 0.1050000E+03,
 0.9594000E+01, 0.8537180E+03, 0.9517977E+01, 0.0000000E+00, 0.1050000E+03, 0.7392001E+03, 0.1050000E+03,
 0.9596000E+01, 0.8538311E+03, 0.9516676E+01, 0.0000000E+00, 0.1050000E+03, 0.7393144E+03, 0.1050000E+03,
 0.9598000E+01, 0.8539440E+03, 0.9515377E+01, 0.0000000E+00, 0.1050000E+03, 0.7394286E+03, 0.1050000E+03,
 0.9600000E+01, 0.8540568E+03, 0.9514080E+01, 0.0000000E+00, 0.1050000E+03, 0.7395427E+03, 0.1050000E+03,
 0.9602000E+01, 0.8541695E+03, 0.9512786E+01, 0.0000000E+00, 0.1050000E+03, 0.7396567E+03, 0.1050000E+03,
 0.9604000E+01, 0.8542821E+03, 0.9511495E+01, 0.0000000E+00, 0.1050000E+03, 0.7397706E+03, 0.1050000E+03,
 0.9606000E+01, 0.8543946E+03, 0.9510204E+01, 0.0000000E+00, 0.1050000E+03, 0.7398844E+03, 0.1050000E+03,
 0.9608000E+01, 0.8545070E+03, 0.9508918E+01, 0.0000000E+00, 0.1050000E+03, 0.7399980E+03, 0.1050000E+03,
 0.9610000E+01, 0.8546193E+03, 0.9507633E+01, 0.0000000E+00, 0.1050000E+03, 0.7401116E+03, 0.1050000E+03,
 0.9612000E+01, 0.8547314E+03, 0.9506351E+01, 0.0000000E+00, 0.1050000E+03, 0.7402251E+03, 0.1050000E+03,
 0.9614000E+01, 0.8548435E+03, 0.9505071E+01, 0.0000000E+00, 0.1050000E+03, 0.7403384E+03, 0.1050000E+03,
 0.9616000E+01, 0.8549554E+03, 0.9503793E+01, 0.0000000E+00, 0.1050000E+03, 0.7404517E+03, 0.1050000E+03,
 0.9618000E+01, 0.8550673E+03, 0.9502517E+01, 0.0000000E+00, 0.1050000E+03, 0.7405648E+03, 0.1050000E+03,
 0.9620000E+01, 0.8551791E+03, 0.9501244E+01, 0.0000000E+00, 0.1050000E+03, 0.7406779E+03, 0.1050000E+03,
 0.9622000E+01, 0.8552908E+03, 0.9499973E+01, 0.0000000E+00, 0.1050000E+03, 0.7407908E+03, 0.1050000E+03,
 0.9624000E+01, 0.8554023E+03, 0.9498704E+01, 0.0000000E+00, 0.1050000E+03, 0.7409036E+03, 0.1050000E+03,
 0.9626000E+01, 0.8555137E+03, 0.9497438E+01, 0.0000000E+00, 0.1050000E+03, 0.7410163E+03, 0.1050000E+03,
 0.9628000E+01, 0.8556251E+03, 0.9496174E+01, 0.0000000E+00, 0.1050000E+03, 0.7411289E+03, 0.1050000E+03,
 0.9630000E+01, 0.8557363E+03, 0.9494912E+01, 0.0000000E+00, 0.1050000E+03, 0.7412414E+03, 0.1050000E+03,
 0.9632000E+01, 0.8558475E+03, 0.9493653E+01, 0.0000000E+00, 0.1050000E+03, 0.7413538E+03, 0.1050000E+03,
 0.9634000E+01, 0.8559585E+03, 0.9492396E+01, 0.0000000E+00, 0.1050000E+03, 0.7414661E+03, 0.1050000E+03,
 0.9636000E+01, 0.8560694E+03, 0.9491141E+01, 0.0000000E+00, 0.1050000E+03, 0.7415783E+03, 0.1050000E+03,
 0.9638000E+01, 0.8561802E+03, 0.9489889E+01, 0.0000000E+00, 0.1050000E+03, 0.7416904E+03, 0.1050000E+03,
 0.9640000E+01, 0.8562910E+03, 0.9488639E+01, 0.0000000E+00, 0.1050000E+03, 0.7418023E+03, 0.1050000E+03,
 0.9642000E+01, 0.8564016E+03, 0.9487391E+01, 0.0000000E+00, 0.1050000E+03, 0.7419142E+03, 0.1050000E+03,
 0.9644000E+01, 0.8565121E+03, 0.9486145E+01, 0.0000000E+00, 0.1050000E+03, 0.7420259E+03, 0.1050000E+03,
 0.9646000E+01, 0.8566225E+03, 0.9484901E+01, 0.0000000E+00, 0.1050000E+03, 0.7421376E+03, 0.1050000E+03,
 0.9648000E+01, 0.8567328E+03, 0.9483661E+01, 0.0000000E+00, 0.1050000E+03, 0.7422491E+03, 0.1050000E+03,
 0.9650000E+01, 0.8568430E+03, 0.9482422E+01, 0.0000000E+00, 0.1050000E+03, 0.7423606E+03, 0.1050000E+03,
 0.9652000E+01, 0.8569531E+03, 0.9481185E+01, 0.0000000E+00, 0.1050000E+03, 0.7424719E+03, 0.1050000E+03,
 0.9654000E+01, 0.8570631E+03, 0.9479951E+01, 0.0000000E+00, 0.1050000E+03, 0.7425831E+03, 0.1050000E+03,
 0.9656000E+01, 0.8571730E+03, 0.9478719E+01, 0.0000000E+00, 0.1050000E+03, 0.7426943E+03, 0.1050000E+03,
 0.9658000E+01, 0.8572828E+03, 0.9477489E+01, 0.0000000E+00, 0.1050000E+03, 0.7428053E+03, 0.1050000E+03,
 0.9660000E+01, 0.8573925E+03, 0.9476262E+01, 0.0000000E+00, 0.1050000E+03, 0.7429162E+03, 0.1050000E+03,
 0.9662000E+01, 0.8575020E+03, 0.9475037E+01, 0.0000000E+00, 0.1050000E+03, 0.7430270E+03, 0.1050000E+03,
 0.9664000E+01, 0.8576115E+03, 0.9473813E+01, 0.0000000E+00, 0.1050000E+03, 0.7431377E+03, 0.1050000E+03,
 0.9666000E+01, 0.8577209E+03, 0.9472592E+01, 0.0000000E+00, 0.1050000E+03, 0.7432483E+03, 0.1050000E+03,
 0.9668000E+01, 0.8578301E+03, 0.9471375E+01, 0.0000000E+00, 0.1050000E+03, 0.7433588E+03, 0.1050000E+03,
 0.9670000E+01, 0.8579393E+03, 0.9470158E+01, 0.0000000E+00, 0.1050000E+03, 0.7434692E+03, 0.1050000E+03,
 0.9672000E+01, 0.8580484E+03, 0.9468944E+01, 0.0000000E+00, 0.1050000E+03, 0.7435795E+03, 0.1050000E+03,
 0.9674000E+01, 0.8581573E+03, 0.9467732E+01, 0.0000000E+00, 0.1050000E+03, 0.7436896E+03, 0.1050000E+03,
 0.9676000E+01, 0.8582662E+03, 0.9466522E+01, 0.0000000E+00, 0.1050000E+03, 0.7437997E+03, 0.1050000E+03,
 0.9678000E+01, 0.8583750E+03, 0.9465315E+01, 0.0000000E+00, 0.1050000E+03, 0.7439097E+03, 0.1050000E+03,
 0.9680000E+01, 0.8584836E+03, 0.9464109E+01, 0.0000000E+00, 0.1050000E+03, 0.7440195E+03, 0.1050000E+03,
 0.9682000E+01, 0.8585922E+03, 0.9462907E+01, 0.0000000E+00, 0.1050000E+03, 0.7441293E+03, 0.1050000E+03,
 0.9684000E+01, 0.8587007E+03, 0.9461706E+01, 0.0000000E+00, 0.1050000E+03, 0.7442390E+03, 0.1050000E+03,
 0.9686000E+01, 0.8588090E+03, 0.9460507E+01, 0.0000000E+00, 0.1050000E+03, 0.7443485E+03, 0.1050000E+03,
 0.9688000E+01, 0.8589172E+03, 0.9459311E+01, 0.0000000E+00, 0.1050000E+03, 0.7444579E+03, 0.1050000E+03,
 0.9690000E+01, 0.8590254E+03, 0.9458117E+01, 0.0000000E+00, 0.1050000E+03, 0.7445673E+03, 0.1050000E+03,
 0.9692000E+01, 0.8591335E+03, 0.9456925E+01, 0.0000000E+00, 0.1050000E+03, 0.7446765E+03, 0.1050000E+03,
 0.9694000E+01, 0.8592414E+03, 0.9455736E+01, 0.0000000E+00, 0.1050000E+03, 0.7447856E+03, 0.1050000E+03,
 0.9696000E+01, 0.8593492E+03, 0.9454548E+01, 0.0000000E+00, 0.1050000E+03, 0.7448947E+03, 0.1050000E+03,
 0.9698000E+01, 0.8594570E+03, 0.9453363E+01, 0.0000000E+00, 0.1050000E+03, 0.7450037E+03, 0.1050000E+03,
 0.9700000E+01, 0.8595646E+03, 0.9452180E+01, 0.0000000E+00, 0.1050000E+03, 0.7451125E+03, 0.1050000E+03,
 0.9702000E+01, 0.8596722E+03, 0.9450999E+01, 0.0000000E+00, 0.1050000E+03, 0.7452212E+03, 0.1050000E+03,
 0.9704000E+01, 0.8597796E+03, 0.9449821E+01, 0.0000000E+00, 0.1050000E+03, 0.7453298E+03, 0.1050000E+03,
 0.9706000E+01, 0.8598870E+03, 0.9448644E+01, 0.0000000E+00, 0.1050000E+03, 0.7454383E+03, 0.1050000E+03,
 0.9708000E+01, 0.8599942E+03, 0.9447470E+01, 0.0000000E+00, 0.1050000E+03, 0.7455468E+03, 0.1050000E+03,
 0.9710000E+01, 0.8601013E+03, 0.9446297E+01, 0.0000000E+00, 0.1050000E+03, 0.7456550E+03, 0.1050000E+03,
 0.9712000E+01, 0.8602084E+03, 0.9445127E+01, 0.0000000E+00, 0.1050000E+03, 0.7457632E+03, 0.1050000E+03,
 0.9714000E+01, 0.8603153E+03, 0.9443959E+01, 0.0000000E+00, 0.1050000E+03, 0.7458713E+03, 0.1050000E+03,
 0.9716000E+01, 0.8604221E+03, 0.9442794E+01, 0.0000000E+00, 0.1050000E+03, 0.7459794E+03, 0.1050000E+03,
 0.9718000E+01, 0.8605289E+03, 0.9441630E+01, 0.0000000E+00, 0.1050000E+03, 0.7460872E+03, 0.1050000E+03,
 0.9720000E+01, 0.8606355E+03, 0.9440469E+01, 0.0000000E+00, 0.1050000E+03, 0.7461951E+03, 0.1050000E+03,
 0.9722000E+01, 0.8607421E+03, 0.9439309E+01, 0.0000000E+00, 0.1050000E+03, 0.7463027E+03, 0.1050000E+03,
 0.9724000E+01, 0.8608485E+03, 0.9438152E+01, 0.0000000E+00, 0.1050000E+03, 0.7464103E+03, 0.1050000E+03,
 0.9726000E+01, 0.8609548E+03, 0.9436997E+01, 0.0000000E+00, 0.1050000E+03, 0.7465178E+03, 0.1050000E+03,
 0.9728000E+01, 0.8610610E+03, 0.9435844E+01, 0.0000000E+00, 0.1050000E+03, 0.7466252E+03, 0.1050000E+03,
 0.9730000E+01, 0.8611672E+03, 0.9434694E+01, 0.0000000E+00, 0.1050000E+03, 0.7467325E+03, 0.1050000E+03,
 0.9732000E+01, 0.8612732E+03, 0.9433546E+01, 0.0000000E+00, 0.1050000E+03, 0.7468397E+03, 0.1050000E+03,
 0.9734000E+01, 0.8613792E+03, 0.9432400E+01, 0.0000000E+00, 0.1050000E+03, 0.7469468E+03, 0.1050000E+03,
 0.9736000E+01, 0.8614850E+03, 0.9431255E+01, 0.0000000E+00, 0.1050000E+03, 0.7470537E+03, 0.1050000E+03,
 0.9738000E+01, 0.8615907E+03, 0.9430113E+01, 0.0000000E+00, 0.1050000E+03, 0.7471606E+03, 0.1050000E+03,
 0.9740000E+01, 0.8616964E+03, 0.9428973E+01, 0.0000000E+00, 0.1050000E+03, 0.7472674E+03, 0.1050000E+03,
 0.9742000E+01, 0.8618019E+03, 0.9427835E+01, 0.0000000E+00, 0.1050000E+03, 0.7473740E+03, 0.1050000E+03,
 0.9744000E+01, 0.8619073E+03, 0.9426700E+01, 0.0000000E+00, 0.1050000E+03, 0.7474807E+03, 0.1050000E+03,
 0.9746000E+01, 0.8620126E+03, 0.9425567E+01, 0.0000000E+00, 0.1050000E+03, 0.7475871E+03, 0.1050000E+03,
 0.9748000E+01, 0.8621179E+03, 0.9424435E+01, 0.0000000E+00, 0.1050000E+03, 0.7476935E+03, 0.1050000E+03,
 0.9750000E+01, 0.8622230E+03, 0.9423306E+01, 0.0000000E+00, 0.1050000E+03, 0.7477997E+03, 0.1050000E+03,
 0.9752000E+01, 0.8623281E+03, 0.9422178E+01, 0.0000000E+00, 0.1050000E+03, 0.7479059E+03, 0.1050000E+03,
 0.9754000E+01, 0.8624330E+03, 0.9421054E+01, 0.0000000E+00, 0.1050000E+03, 0.7480120E+03, 0.1050000E+03,
 0.9756000E+01, 0.8625378E+03, 0.9419930E+01, 0.0000000E+00, 0.1050000E+03, 0.7481179E+03, 0.1050000E+03,
 0.9758000E+01, 0.8626426E+03, 0.9418810E+01, 0.0000000E+00, 0.1050000E+03, 0.7482238E+03, 0.1050000E+03,
 0.9760000E+01, 0.8627473E+03, 0.9417691E+01, 0.0000000E+00, 0.1050000E+03, 0.7483295E+03, 0.1050000E+03,
 0.9762000E+01, 0.8628518E+03, 0.9416574E+01, 0.0000000E+00, 0.1050000E+03, 0.7484352E+03, 0.1050000E+03,
 0.9764000E+01, 0.8629562E+03, 0.9415460E+01, 0.0000000E+00, 0.1050000E+03, 0.7485408E+03, 0.1050000E+03,
 0.9766000E+01, 0.8630606E+03, 0.9414348E+01, 0.0000000E+00, 0.1050000E+03, 0.7486462E+03, 0.1050000E+03,
 0.9768000E+01, 0.8631649E+03, 0.9413237E+01, 0.0000000E+00, 0.1050000E+03, 0.7487516E+03, 0.1050000E+03,
 0.9770000E+01, 0.8632690E+03, 0.9412128E+01, 0.0000000E+00, 0.1050000E+03, 0.7488569E+03, 0.1050000E+03,
 0.9772000E+01, 0.8633730E+03, 0.9411022E+01, 0.0000000E+00, 0.1050000E+03, 0.7489620E+03, 0.1050000E+03,
 0.9774000E+01, 0.8634770E+03, 0.9409919E+01, 0.0000000E+00, 0.1050000E+03, 0.7490671E+03, 0.1050000E+03,
 0.9776000E+01, 0.8635809E+03, 0.9408816E+01, 0.0000000E+00, 0.1050000E+03, 0.7491721E+03, 0.1050000E+03,
 0.9778000E+01, 0.8636846E+03, 0.9407717E+01, 0.0000000E+00, 0.1050000E+03, 0.7492769E+03, 0.1050000E+03,
 0.9780000E+01, 0.8637883E+03, 0.9406619E+01, 0.0000000E+00, 0.1050000E+03, 0.7493817E+03, 0.1050000E+03,
 0.9782000E+01, 0.8638918E+03, 0.9405523E+01, 0.0000000E+00, 0.1050000E+03, 0.7494863E+03, 0.1050000E+03,
 0.9784000E+01, 0.8639953E+03, 0.9404429E+01, 0.0000000E+00, 0.1050000E+03, 0.7495909E+03, 0.1050000E+03,
 0.9786000E+01, 0.8640987E+03, 0.9403337E+01, 0.0000000E+00, 0.1050000E+03, 0.7496953E+03, 0.1050000E+03,
 0.9788000E+01, 0.8642020E+03, 0.9402248E+01, 0.0000000E+00, 0.1050000E+03, 0.7497997E+03, 0.1050000E+03,
 0.9790000E+01, 0.8643051E+03, 0.9401160E+01, 0.0000000E+00, 0.1050000E+03, 0.7499039E+03, 0.1050000E+03,
 0.9792000E+01, 0.8644082E+03, 0.9400075E+01, 0.0000000E+00, 0.1050000E+03, 0.7500081E+03, 0.1050000E+03,
 0.9794000E+01, 0.8645112E+03, 0.9398992E+01, 0.0000000E+00, 0.1050000E+03, 0.7501122E+03, 0.1050000E+03,
 0.9796000E+01, 0.8646141E+03, 0.9397910E+01, 0.0000000E+00, 0.1050000E+03, 0.7502161E+03, 0.1050000E+03,
 0.9798000E+01, 0.8647169E+03, 0.9396832E+01, 0.0000000E+00, 0.1050000E+03, 0.7503200E+03, 0.1050000E+03,
 0.9800000E+01, 0.8648195E+03, 0.9395754E+01, 0.0000000E+00, 0.1050000E+03, 0.7504238E+03, 0.1050000E+03,
 0.9802000E+01, 0.8649221E+03, 0.9394679E+01, 0.0000000E+00, 0.1050000E+03, 0.7505275E+03, 0.1050000E+03,
 0.9804000E+01, 0.8650246E+03, 0.9393605E+01, 0.0000000E+00, 0.1050000E+03, 0.7506310E+03, 0.1050000E+03,
 0.9806000E+01, 0.8651270E+03, 0.9392534E+01, 0.0000000E+00, 0.1050000E+03, 0.7507345E+03, 0.1050000E+03,
 0.9808000E+01, 0.8652293E+03, 0.9391465E+01, 0.0000000E+00, 0.1050000E+03, 0.7508378E+03, 0.1050000E+03,
 0.9810000E+01, 0.8653315E+03, 0.9390398E+01, 0.0000000E+00, 0.1050000E+03, 0.7509411E+03, 0.1050000E+03,
 0.9812000E+01, 0.8654336E+03, 0.9389334E+01, 0.0000000E+00, 0.1050000E+03, 0.7510443E+03, 0.1050000E+03,
 0.9814000E+01, 0.8655356E+03, 0.9388270E+01, 0.0000000E+00, 0.1050000E+03, 0.7511473E+03, 0.1050000E+03,
 0.9816000E+01, 0.8656376E+03, 0.9387210E+01, 0.0000000E+00, 0.1050000E+03, 0.7512504E+03, 0.1050000E+03,
 0.9818000E+01, 0.8657394E+03, 0.9386150E+01, 0.0000000E+00, 0.1050000E+03, 0.7513532E+03, 0.1050000E+03,
 0.9820000E+01, 0.8658411E+03, 0.9385094E+01, 0.0000000E+00, 0.1050000E+03, 0.7514560E+03, 0.1050000E+03,
 0.9822000E+01, 0.8659427E+03, 0.9384039E+01, 0.0000000E+00, 0.1050000E+03, 0.7515587E+03, 0.1050000E+03,
 0.9824000E+01, 0.8660443E+03, 0.9382986E+01, 0.0000000E+00, 0.1050000E+03, 0.7516613E+03, 0.1050000E+03,
 0.9826000E+01, 0.8661457E+03, 0.9381935E+01, 0.0000000E+00, 0.1050000E+03, 0.7517637E+03, 0.1050000E+03,
 0.9828000E+01, 0.8662470E+03, 0.9380886E+01, 0.0000000E+00, 0.1050000E+03, 0.7518661E+03, 0.1050000E+03,
 0.9830000E+01, 0.8663483E+03, 0.9379840E+01, 0.0000000E+00, 0.1050000E+03, 0.7519684E+03, 0.1050000E+03,
 0.9832000E+01, 0.8664494E+03, 0.9378795E+01, 0.0000000E+00, 0.1050000E+03, 0.7520706E+03, 0.1050000E+03,
 0.9834000E+01, 0.8665505E+03, 0.9377752E+01, 0.0000000E+00, 0.1050000E+03, 0.7521727E+03, 0.1050000E+03,
 0.9836000E+01, 0.8666514E+03, 0.9376712E+01, 0.0000000E+00, 0.1050000E+03, 0.7522747E+03, 0.1050000E+03,
 0.9838000E+01, 0.8667523E+03, 0.9375672E+01, 0.0000000E+00, 0.1050000E+03, 0.7523766E+03, 0.1050000E+03,
 0.9840000E+01, 0.8668530E+03, 0.9374636E+01, 0.0000000E+00, 0.1050000E+03, 0.7524784E+03, 0.1050000E+03,
 0.9842000E+01, 0.8669537E+03, 0.9373601E+01, 0.0000000E+00, 0.1050000E+03, 0.7525801E+03, 0.1050000E+03,
 0.9844000E+01, 0.8670543E+03, 0.9372568E+01, 0.0000000E+00, 0.1050000E+03, 0.7526818E+03, 0.1050000E+03,
 0.9846000E+01, 0.8671548E+03, 0.9371537E+01, 0.0000000E+00, 0.1050000E+03, 0.7527833E+03, 0.1050000E+03,
 0.9848000E+01, 0.8672552E+03, 0.9370509E+01, 0.0000000E+00, 0.1050000E+03, 0.7528846E+03, 0.1050000E+03,
 0.9850000E+01, 0.8673555E+03, 0.9369482E+01, 0.0000000E+00, 0.1050000E+03, 0.7529860E+03, 0.1050000E+03,
 0.9852000E+01, 0.8674557E+03, 0.9368457E+01, 0.0000000E+00, 0.1050000E+03, 0.7530872E+03, 0.1050000E+03,
 0.9854000E+01, 0.8675558E+03, 0.9367435E+01, 0.0000000E+00, 0.1050000E+03, 0.7531884E+03, 0.1050000E+03,
 0.9856000E+01, 0.8676558E+03, 0.9366413E+01, 0.0000000E+00, 0.1050000E+03, 0.7532894E+03, 0.1050000E+03,
 0.9858000E+01, 0.8677557E+03, 0.9365395E+01, 0.0000000E+00, 0.1050000E+03, 0.7533903E+03, 0.1050000E+03,
 0.9860000E+01, 0.8678555E+03, 0.9364378E+01, 0.0000000E+00, 0.1050000E+03, 0.7534911E+03, 0.1050000E+03,
 0.9862000E+01, 0.8679553E+03, 0.9363363E+01, 0.0000000E+00, 0.1050000E+03, 0.7535919E+03, 0.1050000E+03,
 0.9864000E+01, 0.8680549E+03, 0.9362350E+01, 0.0000000E+00, 0.1050000E+03, 0.7536925E+03, 0.1050000E+03,
 0.9866000E+01, 0.8681544E+03, 0.9361339E+01, 0.0000000E+00, 0.1050000E+03, 0.7537931E+03, 0.1050000E+03,
 0.9868000E+01, 0.8682538E+03, 0.9360330E+01, 0.0000000E+00, 0.1050000E+03, 0.7538935E+03, 0.1050000E+03,
 0.9870000E+01, 0.8683532E+03, 0.9359324E+01, 0.0000000E+00, 0.1050000E+03, 0.7539939E+03, 0.1050000E+03,
 0.9872000E+01, 0.8684525E+03, 0.9358318E+01, 0.0000000E+00, 0.1050000E+03, 0.7540941E+03, 0.1050000E+03,
 0.9874000E+01, 0.8685516E+03, 0.9357315E+01, 0.0000000E+00, 0.1050000E+03, 0.7541943E+03, 0.1050000E+03,
 0.9876000E+01, 0.8686507E+03, 0.9356314E+01, 0.0000000E+00, 0.1050000E+03, 0.7542944E+03, 0.1050000E+03,
 0.9878000E+01, 0.8687496E+03, 0.9355314E+01, 0.0000000E+00, 0.1050000E+03, 0.7543943E+03, 0.1050000E+03,
 0.9880000E+01, 0.8688485E+03, 0.9354318E+01, 0.0000000E+00, 0.1050000E+03, 0.7544942E+03, 0.1050000E+03,
 0.9882000E+01, 0.8689473E+03, 0.9353322E+01, 0.0000000E+00, 0.1050000E+03, 0.7545940E+03, 0.1050000E+03,
 0.9884000E+01, 0.8690460E+03, 0.9352329E+01, 0.0000000E+00, 0.1050000E+03, 0.7546937E+03, 0.1050000E+03,
 0.9886000E+01, 0.8691446E+03, 0.9351337E+01, 0.0000000E+00, 0.1050000E+03, 0.7547933E+03, 0.1050000E+03,
 0.9888000E+01, 0.8692431E+03, 0.9350348E+01, 0.0000000E+00, 0.1050000E+03, 0.7548928E+03, 0.1050000E+03,
 0.9890000E+01, 0.8693416E+03, 0.9349360E+01, 0.0000000E+00, 0.1050000E+03, 0.7549922E+03, 0.1050000E+03,
 0.9892000E+01, 0.8694399E+03, 0.9348375E+01, 0.0000000E+00, 0.1050000E+03, 0.7550915E+03, 0.1050000E+03,
 0.9894000E+01, 0.8695381E+03, 0.9347392E+01, 0.0000000E+00, 0.1050000E+03, 0.7551907E+03, 0.1050000E+03,
 0.9896000E+01, 0.8696362E+03, 0.9346410E+01, 0.0000000E+00, 0.1050000E+03, 0.7552898E+03, 0.1050000E+03,
 0.9898000E+01, 0.8697343E+03, 0.9345430E+01, 0.0000000E+00, 0.1050000E+03, 0.7553889E+03, 0.1050000E+03,
 0.9900000E+01, 0.8698322E+03, 0.9344453E+01, 0.0000000E+00, 0.1050000E+03, 0.7554878E+03, 0.1050000E+03,
 0.9902000E+01, 0.8699301E+03, 0.9343477E+01, 0.0000000E+00, 0.1050000E+03, 0.7555866E+03, 0.1050000E+03,
 0.9904000E+01, 0.8700278E+03, 0.9342504E+01, 0.0000000E+00, 0.1050000E+03, 0.7556854E+03, 0.1050000E+03,
 0.9906000E+01, 0.8701255E+03, 0.9341531E+01, 0.0000000E+00, 0.1050000E+03, 0.7557840E+03, 0.1050000E+03,
 0.9908000E+01, 0.8702231E+03, 0.9340561E+01, 0.0000000E+00, 0.1050000E+03, 0.7558826E+03, 0.1050000E+03,
 0.9910000E+01, 0.8703206E+03, 0.9339593E+01, 0.0000000E+00, 0.1050000E+03, 0.7559810E+03, 0.1050000E+03,
 0.9912000E+01, 0.8704180E+03, 0.9338627E+01, 0.0000000E+00, 0.1050000E+03, 0.7560794E+03, 0.1050000E+03,
 0.9914000E+01, 0.8705153E+03, 0.9337663E+01, 0.0000000E+00, 0.1050000E+03, 0.7561777E+03, 0.1050000E+03,
 0.9916000E+01, 0.8706125E+03, 0.9336700E+01, 0.0000000E+00, 0.1050000E+03, 0.7562758E+03, 0.1050000E+03,
 0.9918000E+01, 0.8707097E+03, 0.9335740E+01, 0.0000000E+00, 0.1050000E+03, 0.7563739E+03, 0.1050000E+03,
 0.9920000E+01, 0.8708067E+03, 0.9334783E+01, 0.0000000E+00, 0.1050000E+03, 0.7564719E+03, 0.1050000E+03,
 0.9922000E+01, 0.8709036E+03, 0.9333826E+01, 0.0000000E+00, 0.1050000E+03, 0.7565698E+03, 0.1050000E+03,
 0.9924000E+01, 0.8710005E+03, 0.9332871E+01, 0.0000000E+00, 0.1050000E+03, 0.7566676E+03, 0.1050000E+03,
 0.9926000E+01, 0.8710972E+03, 0.9331919E+01, 0.0000000E+00, 0.1050000E+03, 0.7567653E+03, 0.1050000E+03,
 0.9928000E+01, 0.8711939E+03, 0.9330968E+01, 0.0000000E+00, 0.1050000E+03, 0.7568629E+03, 0.1050000E+03,
 0.9930000E+01, 0.8712905E+03, 0.9330019E+01, 0.0000000E+00, 0.1050000E+03, 0.7569604E+03, 0.1050000E+03,
 0.9932000E+01, 0.8713870E+03, 0.9329072E+01, 0.0000000E+00, 0.1050000E+03, 0.7570579E+03, 0.1050000E+03,
 0.9934000E+01, 0.8714833E+03, 0.9328128E+01, 0.0000000E+00, 0.1050000E+03, 0.7571552E+03, 0.1050000E+03,
 0.9936000E+01, 0.8715797E+03, 0.9327185E+01, 0.0000000E+00, 0.1050000E+03, 0.7572525E+03, 0.1050000E+03,
 0.9938000E+01, 0.8716759E+03, 0.9326243E+01, 0.0000000E+00, 0.1050000E+03, 0.7573497E+03, 0.1050000E+03,
 0.9940000E+01, 0.8717720E+03, 0.9325304E+01, 0.0000000E+00, 0.1050000E+03, 0.7574467E+03, 0.1050000E+03,
 0.9942000E+01, 0.8718680E+03, 0.9324368E+01, 0.0000000E+00, 0.1050000E+03, 0.7575437E+03, 0.1050000E+03,
 0.9944000E+01, 0.8719640E+03, 0.9323432E+01, 0.0000000E+00, 0.1050000E+03, 0.7576406E+03, 0.1050000E+03,
 0.9946000E+01, 0.8720598E+03, 0.9322498E+01, 0.0000000E+00, 0.1050000E+03, 0.7577374E+03, 0.1050000E+03,
 0.9948000E+01, 0.8721556E+03, 0.9321568E+01, 0.0000000E+00, 0.1050000E+03, 0.7578340E+03, 0.1050000E+03,
 0.9950000E+01, 0.8722513E+03, 0.9320638E+01, 0.0000000E+00, 0.1050000E+03, 0.7579306E+03, 0.1050000E+03,
 0.9952000E+01, 0.8723469E+03, 0.9319710E+01, 0.0000000E+00, 0.1050000E+03, 0.7580272E+03, 0.1050000E+03,
 0.9954000E+01, 0.8724423E+03, 0.9318785E+01, 0.0000000E+00, 0.1050000E+03, 0.7581235E+03, 0.1050000E+03,
 0.9956000E+01, 0.8725377E+03, 0.9317861E+01, 0.0000000E+00, 0.1050000E+03, 0.7582199E+03, 0.1050000E+03,
 0.9958000E+01, 0.8726331E+03, 0.9316939E+01, 0.0000000E+00, 0.1050000E+03, 0.7583161E+03, 0.1050000E+03,
 0.9960000E+01, 0.8727283E+03, 0.9316019E+01, 0.0000000E+00, 0.1050000E+03, 0.7584122E+03, 0.1050000E+03,
 0.9962000E+01, 0.8728234E+03, 0.9315102E+01, 0.0000000E+00, 0.1050000E+03, 0.7585083E+03, 0.1050000E+03,
 0.9964000E+01, 0.8729185E+03, 0.9314185E+01, 0.0000000E+00, 0.1050000E+03, 0.7586042E+03, 0.1050000E+03,
 0.9966000E+01, 0.8730134E+03, 0.9313272E+01, 0.0000000E+00, 0.1050000E+03, 0.7587001E+03, 0.1050000E+03,
 0.9968000E+01, 0.8731083E+03, 0.9312359E+01, 0.0000000E+00, 0.1050000E+03, 0.7587959E+03, 0.1050000E+03,
 0.9970000E+01, 0.8732031E+03, 0.9311449E+01, 0.0000000E+00, 0.1050000E+03, 0.7588916E+03, 0.1050000E+03,
 0.9972000E+01, 0.8732977E+03, 0.9310540E+01, 0.0000000E+00, 0.1050000E+03, 0.7589872E+03, 0.1050000E+03,
 0.9974000E+01, 0.8733923E+03, 0.9309634E+01, 0.0000000E+00, 0.1050000E+03, 0.7590827E+03, 0.1050000E+03,
 0.9976000E+01, 0.8734869E+03, 0.9308730E+01, 0.0000000E+00, 0.1050000E+03, 0.7591781E+03, 0.1050000E+03,
 0.9978000E+01, 0.8735813E+03, 0.9307827E+01, 0.0000000E+00, 0.1050000E+03, 0.7592734E+03, 0.1050000E+03,
 0.9980000E+01, 0.8736756E+03, 0.9306927E+01, 0.0000000E+00, 0.1050000E+03, 0.7593687E+03, 0.1050000E+03,
 0.9982000E+01, 0.8737698E+03, 0.9306028E+01, 0.0000000E+00, 0.1050000E+03, 0.7594638E+03, 0.1050000E+03,
 0.9984000E+01, 0.8738640E+03, 0.9305132E+01, 0.0000000E+00, 0.1050000E+03, 0.7595589E+03, 0.1050000E+03,
 0.9986000E+01, 0.8739581E+03, 0.9304237E+01, 0.0000000E+00, 0.1050000E+03, 0.7596539E+03, 0.1050000E+03,
 0.9988000E+01, 0.8740521E+03, 0.9303345E+01, 0.0000000E+00, 0.1050000E+03, 0.7597487E+03, 0.1050000E+03,
 0.9990000E+01, 0.8741459E+03, 0.9302454E+01, 0.0000000E+00, 0.1050000E+03, 0.7598435E+03, 0.1050000E+03,
 0.9992000E+01, 0.8742397E+03, 0.9301565E+01, 0.0000000E+00, 0.1050000E+03, 0.7599382E+03, 0.1050000E+03,
 0.9994000E+01, 0.8743335E+03, 0.9300678E+01, 0.0000000E+00, 0.1050000E+03, 0.7600328E+03, 0.1050000E+03,
 0.9996000E+01, 0.8744271E+03, 0.9299793E+01, 0.0000000E+00, 0.1050000E+03, 0.7601273E+03, 0.1050000E+03,
 0.9998000E+01, 0.8745206E+03, 0.9298910E+01, 0.0000000E+00, 0.1050000E+03, 0.7602217E+03, 0.1050000E+03,
 0.1000000E+02, 0.8746141E+03, 0.9298030E+01, 0.0000000E+00, 0.1050000E+03, 0.7603161E+03, 0.1050000E+03,
